audio_time_seconds,wall_time_seconds,event,transition_backend,bridge_preparation_status,bridge_failure_reason,bridge_position_residual,bridge_velocity_residual,bridge_acceleration_residual,bridge_output_modified,boundary_effect_weight,bridge_generation,current_motion_id,pending_motion_id,preferred_motion_id,audio_history_seconds,shortlist,terminal_time_seconds,entry_frame_index,preparation_delay_seconds,transition_motion_id,fallback_reason,current_phase,transition_phase,transition_blend,transition_reason,entry_phase,entry_total_score,entry_pose_score,entry_velocity_score,entry_contact_score,entry_root_score,entry_music_score,entry_remaining_seconds,transition_duration_seconds,motion_timing,speed_multiplier,target_speed_multiplier,transition_speed_multiplier,phase_correction_remaining,raw_max_wrist_abs_rad,raw_max_wrist_angle_joint,raw_max_wrist_speed_rad_s,raw_max_wrist_speed_joint,output_max_wrist_abs_rad,output_max_wrist_angle_joint,output_max_wrist_speed_rad_s,output_max_wrist_speed_joint,root_x,root_y,root_z,root_yaw,switch_anchor_xy_delta_m,switch_anchor_z_delta_m,switch_anchor_yaw_delta_rad,post_switch_xy_delta_m,post_switch_z_delta_m,post_switch_yaw_delta_rad,accepted_beat_time_seconds,accepted_beat_pose_error_rad,accepted_beat_delay_seconds,accepted_beat_limiter_joints,target_max_joint_speed_rad_s,output_max_joint_speed_rad_s,output_max_joint_acceleration_rad_s2,limiter_activated_joints,limiter_activation_rate,collision_override,limiter_enabled,terminal_safe_idle_active,ready_pool_size,ready_motion_ids,failed_motion_ids,motion_load_ms,motion_grounding_ms,entry_feature_ms,motion_fully_ready_ms,match_state,match_confidence,match_rejection_reason,beat_quality,signal_rms,dynamic_range_db,negative_style_score,top_genre,top_genre_score,track_margin,motion_margin,ranked_tracks,ranked_motions,query_tags,current_motion_cluster_id,pending_motion_cluster_id,top_track_id,top_track_score,top_motion_id,top_motion_score,query_bpm
0.000058,0.003516100,,ruckig,preparing,,0.0,0.0,0.0,0,1.5768235408991692e-11,0,gJS_sBM_cAll_d03_mJS5_ch02,,,0.000000,,,,,,,0.000007900,,0.000000,,,,,,,,,,0.000000,beat-sync,1.000000,1.000000,,0.000000000,0.147479513,left_wrist_yaw,0.000000000,,0.147479513,left_wrist_yaw,0.000000000,,0.000000,0.000000,0.812850,0.000000,0.000000000,0.000000000,0.000000000,0.000000000,0.000000000,0.000000000,,0.000000000,,,0.000000,0.000000,0.000000,,0.000000000,0,1,0,0,,,,,,,warming_up,,,,,,,,,,,,,,JS:v0:k0:r0,,,,,,
0.108323,0.113193100,,ruckig,preparing,,0.0,0.0,0.0,0,0.07150261562097403,0,gJS_sBM_cAll_d03_mJS5_ch02,,,0.000000,,,,,,,0.014704425,,0.000000,,,,,,,,,,0.000000,beat-sync,1.000000,1.000000,,0.000000000,0.158052157,left_wrist_yaw,18.842018860,left_wrist_pitch,0.158052157,left_wrist_yaw,1.462360125,left_wrist_pitch,-0.001041,-0.000214,0.811931,0.003755,0.000000000,0.000000000,0.000000000,0.000000000,0.000000000,0.000000000,,0.000000000,,,4.669854,4.558797,41.448169,,0.000000000,0,1,0,0,,,,,,,warming_up,,,,,,,,,,,,,,JS:v0:k0:r0,,,,,,
0.155325,0.158668700,,ruckig,ready,,0.0,0.0,0.0,0,0.17745145705730417,0,gJS_sBM_cAll_d03_mJS5_ch02,gJS_sBM_cAll_d03_mJS5_ch02,gJS_sBM_cAll_d03_mJS5_ch02,0.000000,,,,,,,0.021084787,,0.000000,,,,,,,,,,0.000000,beat-sync,1.000000,1.000000,,0.000000000,0.157578925,left_wrist_yaw,0.016717287,right_wrist_yaw,0.157578925,left_wrist_yaw,0.021422862,right_wrist_yaw,-0.000464,0.000010,0.811800,0.004319,0.000000000,0.000000000,0.000000000,0.000000000,0.000000000,0.000000000,,0.000000000,,,0.646308,0.512159,319.261582,,0.000000000,0,1,0,0,,,,,,,warming_up,,,,,,,,,,,,,,JS:v0:k0:r0,,,,,,
0.206035,0.208994900,,ruckig,ready,,0.0,0.0,0.0,0,0.33849894708445727,0,gJS_sBM_cAll_d03_mJS5_ch02,gJS_sBM_cAll_d03_mJS5_ch02,gJS_sBM_cAll_d03_mJS5_ch02,0.000000,,,,,,,0.027968552,,0.000000,,,,,,,,,,0.000000,beat-sync,1.000000,1.000000,,0.000000000,0.156884537,left_wrist_yaw,0.015164802,left_wrist_yaw,0.156884537,left_wrist_yaw,0.017412313,left_wrist_yaw,-0.002977,0.000290,0.812190,0.003284,0.000000000,0.000000000,0.000000000,0.000000000,0.000000000,0.000000000,,0.000000000,,,0.660028,0.553010,312.151142,,0.000000000,0,1,0,0,,,,,,,warming_up,,,,,,,,,,,,,,JS:v0:k0:r0,,,,,,
0.255313,0.258504700,,ruckig,ready,,0.0,0.0,0.0,0,0.5199170024819885,0,gJS_sBM_cAll_d03_mJS5_ch02,gJS_sBM_cAll_d03_mJS5_ch02,gJS_sBM_cAll_d03_mJS5_ch02,0.000000,,,,,,,0.034657846,,0.000000,,,,,,,,,,0.000000,beat-sync,1.000000,1.000000,,0.000000000,0.156616147,left_wrist_yaw,0.020510431,right_wrist_yaw,0.156616147,left_wrist_yaw,0.026253822,right_wrist_yaw,-0.001892,0.000545,0.812048,0.003397,0.000000000,0.000000000,0.000000000,0.000000000,0.000000000,0.000000000,,0.000000000,,,0.607378,0.490548,317.988510,,0.000000000,0,1,0,0,,,,,,,warming_up,,,,,,,,,,,,,,JS:v0:k0:r0,,,,,,
0.305315,0.308378100,,ruckig,ready,,0.0,0.0,0.0,0,0.7007613568532076,0,gJS_sBM_cAll_d03_mJS5_ch02,gJS_sBM_cAll_d03_mJS5_ch02,gJS_sBM_cAll_d03_mJS5_ch02,0.000000,,,,,,,0.041445502,,0.000000,,,,,,,,,,0.000000,beat-sync,1.000000,1.000000,,0.000000000,0.156934920,left_wrist_yaw,0.015496212,right_wrist_yaw,0.156934920,left_wrist_yaw,0.019358554,right_wrist_yaw,-0.004884,0.000728,0.812313,0.003074,0.000000000,0.000000000,0.000000000,0.000000000,0.000000000,0.000000000,,0.000000000,,,0.502552,0.412905,317.705943,,0.000000000,0,1,0,0,,,,,,,warming_up,,,,,,,,,,,,,,JS:v0:k0:r0,,,,,,
0.355441,0.358832100,,ruckig,ready,,0.0,0.0,0.0,0,0.8510162212679202,0,gJS_sBM_cAll_d03_mJS5_ch02,gJS_sBM_cAll_d03_mJS5_ch02,gJS_sBM_cAll_d03_mJS5_ch02,0.000000,,,,,,,0.048249964,,0.000000,,,,,,,,,,0.000000,beat-sync,1.000000,1.000000,,0.000000000,0.157444617,left_wrist_yaw,0.033725451,right_wrist_yaw,0.157444617,left_wrist_yaw,0.043058237,right_wrist_yaw,-0.003826,0.000959,0.811974,0.004600,0.000000000,0.000000000,0.000000000,0.000000000,0.000000000,0.000000000,,0.000000000,,,0.643660,0.520883,314.097507,,0.000000000,0,1,0,0,,,,,,,warming_up,,,,,,,,,,,,,,JS:v0:k0:r0,,,,,,
0.405582,0.408668800,,ruckig,ready,,0.0,0.0,0.0,0,0.9502954193527269,0,gJS_sBM_cAll_d03_mJS5_ch02,gJS_sBM_cAll_d03_mJS5_ch02,gJS_sBM_cAll_d03_mJS5_ch02,0.000000,,,,,,,0.055056353,,0.000000,,,,,,,,,,0.000000,beat-sync,1.000000,1.000000,,0.000000000,0.157815848,left_wrist_yaw,0.011884643,left_wrist_yaw,0.157815848,left_wrist_yaw,0.014496083,left_wrist_yaw,-0.006824,0.001177,0.812274,0.005561,0.000000000,0.000000000,0.000000000,0.000000000,0.000000000,0.000000000,,0.000000000,,,0.546198,0.447320,310.373623,,0.000000000,0,1,0,0,,,,,,,warming_up,,,,,,,,,,,,,,JS:v0:k0:r0,,,,,,
0.455253,0.458893600,,ruckig,ready,,0.0,0.0,0.0,0,0.9937599074159729,0,gJS_sBM_cAll_d03_mJS5_ch02,gJS_sBM_cAll_d03_mJS5_ch02,gJS_sBM_cAll_d03_mJS5_ch02,0.000000,,,,,,,0.061799009,,0.000000,,,,,,,,,,0.000000,beat-sync,1.000000,1.000000,,0.000000000,0.158477047,left_wrist_yaw,0.020003473,right_wrist_yaw,0.158477047,left_wrist_yaw,0.024308156,right_wrist_yaw,-0.005820,0.001537,0.812121,0.007579,0.000000000,0.000000000,0.000000000,0.000000000,0.000000000,0.000000000,,0.000000000,,,0.528428,0.418056,283.425230,,0.000000000,0,1,0,0,,,,,,,warming_up,,,,,,,,,,,,,,JS:v0:k0:r0,,,,,,
0.505315,0.508377700,,ruckig,ready,,0.0,0.0,0.0,0,1.0,0,gJS_sBM_cAll_d03_mJS5_ch02,gJS_sBM_cAll_d03_mJS5_ch02,gJS_sBM_cAll_d03_mJS5_ch02,0.000000,,,,,,,0.068594756,,0.000000,,,,,,,,,,0.000000,beat-sync,1.000000,1.000000,,0.000000000,0.158979412,left_wrist_yaw,0.010582102,left_wrist_yaw,0.158979412,left_wrist_yaw,0.013681511,left_wrist_yaw,-0.008922,0.001929,0.812520,0.008315,0.000000000,0.000000000,0.000000000,0.000000000,0.000000000,0.000000000,,0.000000000,,,0.513303,0.422719,326.525629,,0.000000000,0,1,0,0,,,,,,,warming_up,,,,,,,,,,,,,,JS:v0:k0:r0,,,,,,
0.555630,0.558876200,,ruckig,ready,,0.0,0.0,0.0,0,1.0,0,gJS_sBM_cAll_d03_mJS5_ch02,gJS_sBM_cAll_d03_mJS5_ch02,gJS_sBM_cAll_d03_mJS5_ch02,0.000000,,,,,,,0.075424887,,0.000000,,,,,,,,,,0.000000,beat-sync,1.000000,1.000000,,0.000000000,0.159516787,left_wrist_yaw,0.016224390,right_wrist_yaw,0.159516787,left_wrist_yaw,0.019803036,right_wrist_yaw,-0.007868,0.002494,0.812370,0.009180,0.000000000,0.000000000,0.000000000,0.000000000,0.000000000,0.000000000,,0.000000000,,,0.653341,0.529847,308.218773,,0.000000000,0,1,0,0,,,,,,,warming_up,,,,,,,,,,,,,,JS:v0:k0:r0,,,,,,
0.606079,0.609565300,,ruckig,ready,,0.0,0.0,0.0,0,1.0,0,gJS_sBM_cAll_d03_mJS5_ch02,gJS_sBM_cAll_d03_mJS5_ch02,gJS_sBM_cAll_d03_mJS5_ch02,0.000000,,,,,,,0.082273127,,0.000000,,,,,,,,,,0.000000,beat-sync,1.000000,1.000000,,0.000000000,0.159571424,left_wrist_yaw,0.007339263,left_wrist_roll,0.159571424,left_wrist_yaw,0.008502547,left_wrist_roll,-0.010462,0.003148,0.812649,0.008266,0.000000000,0.000000000,0.000000000,0.000000000,0.000000000,0.000000000,,0.000000000,,,0.651078,0.515542,295.353764,,0.000000000,0,1,0,0,,,,,,,warming_up,,,,,,,,,,,,,,JS:v0:k0:r0,,,,,,
0.655619,0.658870100,,ruckig,ready,,0.0,0.0,0.0,0,1.0,0,gJS_sBM_cAll_d03_mJS5_ch02,gJS_sBM_cAll_d03_mJS5_ch02,gJS_sBM_cAll_d03_mJS5_ch02,0.000000,,,,,,,0.088998109,,0.000000,,,,,,,,,,0.000000,beat-sync,1.000000,1.000000,,0.000000000,0.159823556,left_wrist_yaw,0.021739332,right_wrist_yaw,0.159823556,left_wrist_yaw,0.026030763,right_wrist_yaw,-0.009521,0.003892,0.812407,0.007672,0.000000000,0.000000000,0.000000000,0.000000000,0.000000000,0.000000000,,0.000000000,,,0.598822,0.487495,298.992565,,0.000000000,0,1,0,0,,,,,,,warming_up,,,,,,,,,,,,,,JS:v0:k0:r0,,,,,,
0.705278,0.708261900,,ruckig,ready,,0.0,0.0,0.0,0,1.0,0,gJS_sBM_cAll_d03_mJS5_ch02,gJS_sBM_cAll_d03_mJS5_ch02,gJS_sBM_cAll_d03_mJS5_ch02,0.000000,,,,,,,0.095739109,,0.000000,,,,,,,,,,0.000000,beat-sync,1.000000,1.000000,,0.000000000,0.159970282,left_wrist_yaw,0.006937726,left_wrist_roll,0.159970282,left_wrist_yaw,0.008676408,left_wrist_roll,-0.012143,0.004650,0.812647,0.005473,0.000000000,0.000000000,0.000000000,0.000000000,0.000000000,0.000000000,,0.000000000,,,0.517290,0.426065,313.597171,,0.000000000,0,1,0,0,,,,,,,warming_up,,,,,,,,,,,,,,JS:v0:k0:r0,,,,,,
0.755196,0.758188600,,ruckig,ready,,0.0,0.0,0.0,0,1.0,0,gJS_sBM_cAll_d03_mJS5_ch02,gJS_sBM_cAll_d03_mJS5_ch02,gJS_sBM_cAll_d03_mJS5_ch02,0.000000,,,,,,,0.102515267,,0.000000,,,,,,,,,,0.000000,beat-sync,1.000000,1.000000,,0.000000000,0.160299954,left_wrist_yaw,0.026739426,right_wrist_yaw,0.160299954,left_wrist_yaw,0.035164208,right_wrist_yaw,-0.010562,0.005533,0.812429,0.004773,0.000000000,0.000000000,0.000000000,0.000000000,0.000000000,0.000000000,,0.000000000,,,0.526237,0.423201,314.053427,,0.000000000,0,1,0,0,,,,,,,warming_up,,,,,,,,,,,,,,JS:v0:k0:r0,,,,,,
0.805675,0.809128800,,ruckig,ready,,0.0,0.0,0.0,0,1.0,0,gJS_sBM_cAll_d03_mJS5_ch02,gJS_sBM_cAll_d03_mJS5_ch02,gJS_sBM_cAll_d03_mJS5_ch02,0.000000,,,,,,,0.109367715,,0.000000,,,,,,,,,,0.000000,beat-sync,1.000000,1.000000,,0.000000000,0.161118894,left_wrist_yaw,0.024253734,left_wrist_yaw,0.161118894,left_wrist_yaw,0.027843291,left_wrist_yaw,-0.013078,0.006408,0.812704,0.002790,0.000000000,0.000000000,0.000000000,0.000000000,0.000000000,0.000000000,,0.000000000,,,0.556168,0.457030,281.132138,,0.000000000,0,1,0,0,,,,,,,warming_up,,,,,,,,,,,,,,JS:v0:k0:r0,,,,,,
0.855641,0.858795900,,ruckig,ready,,0.0,0.0,0.0,0,1.0,0,gJS_sBM_cAll_d03_mJS5_ch02,gJS_sBM_cAll_d03_mJS5_ch02,gJS_sBM_cAll_d03_mJS5_ch02,0.000000,,,,,,,0.116150416,,0.000000,,,,,,,,,,0.000000,beat-sync,1.000000,1.000000,,0.000000000,0.162090641,left_wrist_yaw,0.013391000,left_wrist_yaw,0.162090641,left_wrist_yaw,0.015255183,left_wrist_yaw,-0.011807,0.007231,0.812579,0.001709,0.000000000,0.000000000,0.000000000,0.000000000,0.000000000,0.000000000,,0.000000000,,,0.500794,0.417234,309.030725,,0.000000000,0,1,0,0,,,,,,,warming_up,,,,,,,,,,,,,,JS:v0:k0:r0,,,,,,
0.905347,0.908484600,,ruckig,ready,,0.0,0.0,0.0,0,1.0,0,gJS_sBM_cAll_d03_mJS5_ch02,gJS_sBM_cAll_d03_mJS5_ch02,gJS_sBM_cAll_d03_mJS5_ch02,0.000000,,,,,,,0.122897783,,0.000000,,,,,,,,,,0.000000,beat-sync,1.000000,1.000000,,0.000000000,0.162588803,left_wrist_yaw,0.012790594,left_wrist_yaw,0.162588803,left_wrist_yaw,0.017071333,left_wrist_yaw,-0.014269,0.008014,0.812947,0.000459,0.000000000,0.000000000,0.000000000,0.000000000,0.000000000,0.000000000,,0.000000000,,,0.497867,0.394074,290.246810,,0.000000000,0,1,0,0,,,,,,,warming_up,,,,,,,,,,,,,,JS:v0:k0:r0,,,,,,
0.955549,0.958971200,,ruckig,ready,,0.0,0.0,0.0,0,1.0,0,gJS_sBM_cAll_d03_mJS5_ch02,gJS_sBM_cAll_d03_mJS5_ch02,gJS_sBM_cAll_d03_mJS5_ch02,0.000000,,,,,,,0.129712561,,0.000000,,,,,,,,,,0.000000,beat-sync,1.000000,1.000000,,0.000000000,0.163197016,left_wrist_yaw,0.013904558,left_wrist_pitch,0.163197016,left_wrist_yaw,0.016031783,left_wrist_pitch,-0.012849,0.008778,0.812954,0.000706,0.000000000,0.000000000,0.000000000,0.000000000,0.000000000,0.000000000,,0.000000000,,,0.474737,0.398380,249.050915,,0.000000000,0,1,0,0,,,,,,,warming_up,,,,,,,,,,,,,,JS:v0:k0:r0,,,,,,
1.005262,1.009268200,,ruckig,ready,,0.0,0.0,0.0,0,1.0,0,gJS_sBM_cAll_d03_mJS5_ch02,gJS_sBM_cAll_d03_mJS5_ch02,gJS_sBM_cAll_d03_mJS5_ch02,0.000000,,,,,,,0.136460878,,0.000000,,,,,,,,,,0.000000,beat-sync,1.000000,1.000000,,0.000000000,0.163635903,left_wrist_yaw,0.017499009,left_wrist_yaw,0.163635903,left_wrist_yaw,0.025981270,left_wrist_yaw,-0.015215,0.009440,0.813440,0.001552,0.000000000,0.000000000,0.000000000,0.000000000,0.000000000,0.000000000,,0.000000000,,,0.542710,0.394548,263.473192,,0.000000000,0,1,0,0,,,,,,,warming_up,,,,,,,,,,,,,,JS:v0:k0:r0,,,,,,
1.055338,1.059982100,,ruckig,ready,,0.0,0.0,0.0,0,1.0,0,gJS_sBM_cAll_d03_mJS5_ch02,gJS_sBM_cAll_d03_mJS5_ch02,gJS_sBM_cAll_d03_mJS5_ch02,0.000000,,,,,,,0.143258511,,0.000000,,,,,,,,,,0.000000,beat-sync,1.000000,1.000000,,0.000000000,0.164446667,left_wrist_yaw,0.030225345,right_wrist_yaw,0.164446667,left_wrist_yaw,0.042830545,right_wrist_yaw,-0.013645,0.009963,0.813430,0.003395,0.000000000,0.000000000,0.000000000,0.000000000,0.000000000,0.000000000,,0.000000000,,,0.621584,0.442335,245.373539,,0.000000000,0,1,0,0,,,,,,,warming_up,,,,,,,,,,,,,,JS:v0:k0:r0,,,,,,
1.106035,1.109268400,,ruckig,ready,,0.0,0.0,0.0,0,1.0,0,gJS_sBM_cAll_d03_mJS5_ch02,gJS_sBM_cAll_d03_mJS5_ch02,gJS_sBM_cAll_d03_mJS5_ch02,0.000000,,,,,,,0.150140511,,0.000000,,,,,,,,,,0.000000,beat-sync,1.000000,1.000000,,0.000000000,0.164449822,left_wrist_yaw,0.008679072,right_wrist_roll,0.164449822,left_wrist_yaw,0.011128899,right_wrist_roll,-0.015595,0.010113,0.813886,0.004352,0.000000000,0.000000000,0.000000000,0.000000000,0.000000000,0.000000000,,0.000000000,,,0.273009,0.219556,216.199182,,0.000000000,0,1,0,0,,,,,,,warming_up,,,,,,,,,,,,,,JS:v0:k0:r0,,,,,,
1.155201,1.158642800,,ruckig,ready,,0.0,0.0,0.0,0,1.0,0,gJS_sBM_cAll_d03_mJS5_ch02,gJS_sBM_cAll_d03_mJS5_ch02,gJS_sBM_cAll_d03_mJS5_ch02,0.000000,,,,,,,0.156814615,,0.000000,,,,,,,,,,0.000000,beat-sync,1.000000,1.000000,,0.000000000,0.164640991,left_wrist_yaw,0.004742565,right_wrist_yaw,0.164640991,left_wrist_yaw,0.008992145,right_wrist_yaw,-0.014288,0.009735,0.814086,0.005143,0.000000000,0.000000000,0.000000000,0.000000000,0.000000000,0.000000000,,0.000000000,,,0.122365,0.088113,44.734141,,0.000000000,0,1,0,0,,,,,,,warming_up,,,,,,,,,,,,,,JS:v0:k0:r0,,,,,,
1.205251,1.208701300,,ruckig,ready,,0.0,0.0,0.0,0,1.0,0,gJS_sBM_cAll_d03_mJS5_ch02,gJS_sBM_cAll_d03_mJS5_ch02,gJS_sBM_cAll_d03_mJS5_ch02,0.000000,,,,,,,0.163608719,,0.000000,,,,,,,,,,0.000000,beat-sync,1.000000,1.000000,,0.000000000,0.164630249,left_wrist_yaw,0.000000003,left_wrist_pitch,0.164630249,left_wrist_yaw,0.000000000,right_wrist_pitch,-0.016281,0.008491,0.814668,0.003884,0.000000000,0.000000000,0.000000000,0.000000000,0.000000000,0.000000000,,0.000000000,,,0.000000,0.000000,0.000129,,0.000000000,0,1,0,0,,,,,,,warming_up,,,,,,,,,,,,,,JS:v0:k0:r0,,,,,,
1.255960,1.258937300,,ruckig,ready,,0.0,0.0,0.0,0,1.0,0,gJS_sBM_cAll_d03_mJS5_ch02,gJS_sBM_cAll_d03_mJS5_ch02,gJS_sBM_cAll_d03_mJS5_ch02,0.000000,,,,,,,0.170492294,,0.000000,,,,,,,,,,0.000000,beat-sync,1.000000,1.000000,,0.000000000,0.164630249,left_wrist_yaw,0.000000000,right_wrist_pitch,0.164630249,left_wrist_yaw,0.000000000,right_wrist_pitch,-0.015089,0.006195,0.814718,0.004585,0.000000000,0.000000000,0.000000000,0.000000000,0.000000000,0.000000000,,0.000000000,,,0.000000,0.000000,0.000000,,0.000000000,0,1,0,0,,,,,,,warming_up,,,,,,,,,,,,,,JS:v0:k0:r0,,,,,,
1.305831,1.308573600,,ruckig,ready,,0.0,0.0,0.0,0,1.0,0,gJS_sBM_cAll_d03_mJS5_ch02,gJS_sBM_cAll_d03_mJS5_ch02,gJS_sBM_cAll_d03_mJS5_ch02,0.000000,,,,,,,0.177262100,,0.000000,,,,,,,,,,0.000000,beat-sync,1.000000,1.000000,,0.000000000,0.164630249,left_wrist_yaw,0.000000000,right_wrist_pitch,0.164630249,left_wrist_yaw,0.000000000,right_wrist_pitch,-0.016046,0.002820,0.814864,0.008567,0.000000000,0.000000000,0.000000000,0.000000000,0.000000000,0.000000000,,0.000000000,,,0.000000,0.000000,0.000000,,0.000000000,0,1,0,0,,,,,,,warming_up,,,,,,,,,,,,,,JS:v0:k0:r0,,,,,,
1.355282,1.358091400,,ruckig,ready,,0.0,0.0,0.0,0,1.0,0,gJS_sBM_cAll_d03_mJS5_ch02,gJS_sBM_cAll_d03_mJS5_ch02,gJS_sBM_cAll_d03_mJS5_ch02,0.000000,,,,,,,0.183974864,,0.000000,,,,,,,,,,0.000000,beat-sync,1.000000,1.000000,,0.000000000,0.164630249,left_wrist_yaw,0.000000000,right_wrist_pitch,0.164630249,left_wrist_yaw,0.000000000,right_wrist_pitch,-0.014569,-0.002026,0.814731,0.014174,0.000000000,0.000000000,0.000000000,0.000000000,0.000000000,0.000000000,,0.000000000,,,0.000000,0.000000,0.000000,,0.000000000,0,1,0,0,,,,,,,warming_up,,,,,,,,,,,,,,JS:v0:k0:r0,,,,,,
1.405482,1.408610400,,ruckig,ready,,0.0,0.0,0.0,0,1.0,0,gJS_sBM_cAll_d03_mJS5_ch02,gJS_sBM_cAll_d03_mJS5_ch02,gJS_sBM_cAll_d03_mJS5_ch02,0.000000,,,,,,,0.190789412,,0.000000,,,,,,,,,,0.000000,beat-sync,1.000000,1.000000,,0.000000000,0.164665668,left_wrist_yaw,0.004979991,right_wrist_yaw,0.164665668,left_wrist_yaw,0.006393949,right_wrist_yaw,-0.015893,-0.008541,0.814755,0.022766,0.000000000,0.000000000,0.000000000,0.000000000,0.000000000,0.000000000,,0.000000000,,,0.048434,0.039724,5.019746,,0.000000000,0,1,0,0,,,,,,,warming_up,,,,,,,,,,,,,,JS:v0:k0:r0,,,,,,
1.455296,1.458375600,,ruckig,ready,,0.0,0.0,0.0,0,1.0,0,gJS_sBM_cAll_d03_mJS5_ch02,gJS_sBM_cAll_d03_mJS5_ch02,gJS_sBM_cAll_d03_mJS5_ch02,0.000000,,,,,,,0.197551466,,0.000000,,,,,,,,,,0.000000,beat-sync,1.000000,1.000000,,0.000000000,0.184112071,left_wrist_yaw,0.515167798,right_wrist_yaw,0.184112071,left_wrist_yaw,0.747764402,right_wrist_yaw,-0.015130,-0.016603,0.814505,0.029760,0.000000000,0.000000000,0.000000000,0.000000000,0.000000000,0.000000000,,0.000000000,,,9.073284,7.274644,531.503377,,0.000000000,0,1,0,0,,,,,,,warming_up,,,,,,,,,,,,,,JS:v0:k0:r0,,,,,,
1.506415,1.509489300,,ruckig,ready,,0.0,0.0,0.0,0,1.0,0,gJS_sBM_cAll_d03_mJS5_ch02,gJS_sBM_cAll_d03_mJS5_ch02,gJS_sBM_cAll_d03_mJS5_ch02,0.000000,,,,,,,0.204490778,,0.000000,,,,,,,,,,0.000000,beat-sync,1.000000,1.000000,,0.000000000,0.183789582,left_wrist_yaw,0.043481376,right_wrist_yaw,0.183789582,left_wrist_yaw,0.044576532,right_wrist_yaw,-0.013949,-0.026459,0.813943,0.037257,0.000000000,0.000000000,0.000000000,0.000000000,0.000000000,0.000000000,,0.000000000,,,0.597022,0.509213,8.992265,,0.000000000,0,1,0,0,,,,,,,warming_up,,,,,,,,,,,,,,JS:v0:k0:r0,,,,,,
1.555536,1.559054200,,ruckig,ready,,0.0,0.0,0.0,0,1.0,0,gJS_sBM_cAll_d03_mJS5_ch02,gJS_sBM_cAll_d03_mJS5_ch02,gJS_sBM_cAll_d03_mJS5_ch02,0.000000,,,,,,,0.211158733,,0.000000,,,,,,,,,,0.000000,beat-sync,1.000000,1.000000,,0.000000000,0.186273405,left_wrist_yaw,0.056065410,left_wrist_yaw,0.186273405,left_wrist_yaw,0.072415722,left_wrist_yaw,-0.009608,-0.037215,0.812881,0.039783,0.000000000,0.000000000,0.000000000,0.000000000,0.000000000,0.000000000,,0.000000000,,,0.815010,0.657236,204.790552,,0.000000000,0,1,0,0,,,,,,,warming_up,,,,,,,,,,,,,,JS:v0:k0:r0,,,,,,
1.605183,1.608123900,,ruckig,ready,,0.0,0.0,0.0,0,1.0,0,gJS_sBM_cAll_d03_mJS5_ch02,gJS_sBM_cAll_d03_mJS5_ch02,gJS_sBM_cAll_d03_mJS5_ch02,0.000000,,,,,,,0.217898104,,0.000000,,,,,,,,,,0.000000,beat-sync,1.000000,1.000000,,0.000000000,0.184724253,left_wrist_yaw,0.018958842,right_wrist_yaw,0.184724253,left_wrist_yaw,0.030509491,right_wrist_yaw,-0.008814,-0.048726,0.811720,0.041299,0.000000000,0.000000000,0.000000000,0.000000000,0.000000000,0.000000000,,0.000000000,,,0.482723,0.383030,3.690744,,0.000000000,0,1,0,0,,,,,,,warming_up,,,,,,,,,,,,,,JS:v0:k0:r0,,,,,,
1.655737,1.659445900,,ruckig,ready,,0.0,0.0,0.0,0,1.0,0,gJS_sBM_cAll_d03_mJS5_ch02,gJS_sBM_cAll_d03_mJS5_ch02,gJS_sBM_cAll_d03_mJS5_ch02,0.000000,,,,,,,0.224760692,,0.000000,,,,,,,,,,0.000000,beat-sync,1.000000,1.000000,,0.000000000,0.184544551,left_wrist_yaw,0.019365323,right_wrist_yaw,0.184544551,left_wrist_yaw,0.021067859,right_wrist_yaw,-0.006619,-0.060451,0.810205,0.040432,0.000000000,0.000000000,0.000000000,0.000000000,0.000000000,0.000000000,,0.000000000,,,0.414335,0.343277,8.342721,,0.000000000,0,1,0,0,,,,,,,warming_up,,,,,,,,,,,,,,JS:v0:k0:r0,,,,,,
1.705497,1.709547700,,ruckig,ready,,0.0,0.0,0.0,0,1.0,0,gJS_sBM_cAll_d03_mJS5_ch02,gJS_sBM_cAll_d03_mJS5_ch02,gJS_sBM_cAll_d03_mJS5_ch02,0.000000,,,,,,,0.231515484,,0.000000,,,,,,,,,,0.000000,beat-sync,1.000000,1.000000,,0.000000000,0.185481160,left_wrist_yaw,0.087537908,right_wrist_pitch,0.185481160,left_wrist_yaw,0.092309185,right_wrist_pitch,-0.002969,-0.071486,0.808547,0.044245,0.000000000,0.000000000,0.000000000,0.000000000,0.000000000,0.000000000,,0.000000000,,,0.525463,0.432730,158.304192,,0.000000000,0,1,0,0,,,,,,,warming_up,,,,,,,,,,,,,,JS:v0:k0:r0,,,,,,
1.755400,1.758231700,,ruckig,ready,,0.0,0.0,0.0,0,1.0,0,gJS_sBM_cAll_d03_mJS5_ch02,gJS_sBM_cAll_d03_mJS5_ch02,gJS_sBM_cAll_d03_mJS5_ch02,0.000000,,,,,,,0.238289566,,0.000000,,,,,,,,,,0.000000,beat-sync,1.000000,1.000000,,0.000000000,0.182969340,left_wrist_yaw,0.042911642,left_wrist_yaw,0.182969340,left_wrist_yaw,0.050007974,left_wrist_yaw,-0.001389,-0.081939,0.807035,0.037342,0.000000000,0.000000000,0.000000000,0.000000000,0.000000000,0.000000000,,0.000000000,,,0.302734,0.256349,2.380783,,0.000000000,0,1,0,0,,,,,,,warming_up,,,,,,,,,,,,,,JS:v0:k0:r0,,,,,,
1.805820,1.808912100,,ruckig,ready,,0.0,0.0,0.0,0,1.0,0,gJS_sBM_cAll_d03_mJS5_ch02,gJS_sBM_cAll_d03_mJS5_ch02,gJS_sBM_cAll_d03_mJS5_ch02,0.000000,,,,,,,0.245133896,,0.000000,,,,,,,,,,0.000000,beat-sync,1.000000,1.000000,,0.000000000,0.181286128,left_wrist_yaw,0.069074223,right_wrist_yaw,0.181286128,left_wrist_yaw,0.085831225,right_wrist_yaw,0.002409,-0.091631,0.805568,0.035218,0.000000000,0.000000000,0.000000000,0.000000000,0.000000000,0.000000000,,0.000000000,,,0.692847,0.577407,229.698852,,0.000000000,0,1,0,0,,,,,,,warming_up,,,,,,,,,,,,,,JS:v0:k0:r0,,,,,,
1.855491,1.859198600,,ruckig,ready,,0.0,0.0,0.0,0,1.0,0,gJS_sBM_cAll_d03_mJS5_ch02,gJS_sBM_cAll_d03_mJS5_ch02,gJS_sBM_cAll_d03_mJS5_ch02,0.000000,,,,,,,0.251876633,,0.000000,,,,,,,,,,0.000000,beat-sync,1.000000,1.000000,,0.000000000,0.178041922,left_wrist_yaw,0.055779186,left_wrist_yaw,0.178041922,left_wrist_yaw,0.062402877,left_wrist_yaw,0.002895,-0.099948,0.804688,0.034708,0.000000000,0.000000000,0.000000000,0.000000000,0.000000000,0.000000000,,0.000000000,,,0.203372,0.165676,3.672804,,0.000000000,0,1,0,0,,,,,,,warming_up,,,,,,,,,,,,,,JS:v0:k0:r0,,,,,,
1.906494,1.910467900,,ruckig,ready,,0.0,0.0,0.0,0,1.0,0,gJS_sBM_cAll_d03_mJS5_ch02,gJS_sBM_cAll_d03_mJS5_ch02,gJS_sBM_cAll_d03_mJS5_ch02,0.000000,,,,,,,0.258800050,,0.000000,,,,,,,,,,0.000000,beat-sync,1.000000,1.000000,,0.000000000,0.174970614,left_wrist_yaw,0.063572930,left_wrist_yaw,0.174970614,left_wrist_yaw,0.062048280,left_wrist_yaw,0.004303,-0.107064,0.803915,0.031377,0.000000000,0.000000000,0.000000000,0.000000000,0.000000000,0.000000000,,0.000000000,,,0.153919,0.125754,8.366964,,0.000000000,0,1,0,0,,,,,,,warming_up,,,,,,,,,,,,,,JS:v0:k0:r0,,,,,,
1.955284,1.958503900,,ruckig,ready,,0.0,0.0,0.0,0,1.0,0,gJS_sBM_cAll_d03_mJS5_ch02,gJS_sBM_cAll_d03_mJS5_ch02,gJS_sBM_cAll_d03_mJS5_ch02,0.000000,,,,,,,0.265423195,,0.000000,,,,,,,,,,0.000000,beat-sync,1.000000,1.000000,,0.000000000,0.172060529,left_wrist_yaw,0.050008310,left_wrist_pitch,0.172060529,left_wrist_yaw,0.057479230,left_wrist_pitch,0.007184,-0.112455,0.803222,0.027978,0.000000000,0.000000000,0.000000000,0.000000000,0.000000000,0.000000000,,0.000000000,,,0.787281,0.668417,115.712088,,0.000000000,0,1,0,0,,,,,,,warming_up,,,,,,,,,,,,,,JS:v0:k0:r0,,,,,,
2.005498,2.008297200,,ruckig,ready,,0.0,0.0,0.0,0,1.0,0,gJS_sBM_cAll_d03_mJS5_ch02,gJS_sBM_cAll_d03_mJS5_ch02,gJS_sBM_cAll_d03_mJS5_ch02,0.000000,,,,,,,0.272239548,,0.000000,,,,,,,,,,0.000000,beat-sync,1.000000,1.000000,,0.000000000,0.170685995,left_wrist_yaw,0.023173900,left_wrist_yaw,0.170685995,left_wrist_yaw,0.028193739,left_wrist_yaw,0.008010,-0.116625,0.802854,0.025625,0.000000000,0.000000000,0.000000000,0.000000000,0.000000000,0.000000000,,0.000000000,,,0.134297,0.112690,1.219526,,0.000000000,0,1,0,0,,,,,,,warming_up,,,,,,,,,,,,,,JS:v0:k0:r0,,,,,,
2.055294,2.058324000,,ruckig,ready,,0.0,0.0,0.0,0,1.0,0,gJS_sBM_cAll_d03_mJS5_ch02,gJS_sBM_cAll_d03_mJS5_ch02,gJS_sBM_cAll_d03_mJS5_ch02,0.000000,,,,,,,0.278999186,,0.000000,,,,,,,,,,0.000000,beat-sync,1.000000,1.000000,,0.000000000,0.169610689,left_wrist_yaw,0.017577773,left_wrist_yaw,0.169610689,left_wrist_yaw,0.023052696,left_wrist_yaw,0.008482,-0.119512,0.802618,0.023519,0.000000000,0.000000000,0.000000000,0.000000000,0.000000000,0.000000000,,0.000000000,,,0.123309,0.101722,2.357237,,0.000000000,0,1,0,0,,,,,,,warming_up,,,,,,,,,,,,,,JS:v0:k0:r0,,,,,,
2.105302,2.108301600,,ruckig,ready,,0.0,0.0,0.0,0,1.0,0,gJS_sBM_cAll_d03_mJS5_ch02,gJS_sBM_cAll_d03_mJS5_ch02,gJS_sBM_cAll_d03_mJS5_ch02,0.000000,,,,,,,0.285787602,,0.000000,,,,,,,,,,0.000000,beat-sync,1.000000,1.000000,,0.000000000,0.168880060,left_wrist_yaw,0.012695414,right_wrist_yaw,0.168880060,left_wrist_yaw,0.016486180,right_wrist_yaw,0.008702,-0.121411,0.802441,0.022324,0.000000000,0.000000000,0.000000000,0.000000000,0.000000000,0.000000000,,0.000000000,,,0.128390,0.105021,1.033455,,0.000000000,0,1,0,0,,,,,,,warming_up,,,,,,,,,,,,,,JS:v0:k0:r0,,,,,,
2.156094,2.159165100,,ruckig,ready,,0.0,0.0,0.0,0,1.0,0,gJS_sBM_cAll_d03_mJS5_ch02,gJS_sBM_cAll_d03_mJS5_ch02,gJS_sBM_cAll_d03_mJS5_ch02,0.000000,,,,,,,0.292682430,,0.000000,,,,,,,,,,0.000000,beat-sync,1.000000,1.000000,,0.000000000,0.169260081,left_wrist_yaw,0.028163951,right_wrist_yaw,0.169260081,left_wrist_yaw,0.030847430,right_wrist_yaw,0.008875,-0.122621,0.802358,0.021410,0.000000000,0.000000000,0.000000000,0.000000000,0.000000000,0.000000000,,0.000000000,,,0.116885,0.098683,0.757863,,0.000000000,0,1,0,0,,,,,,,warming_up,,,,,,,,,,,,,,JS:v0:k0:r0,,,,,,
2.206542,2.210526600,,ruckig,ready,,0.0,0.0,0.0,0,1.0,0,gJS_sBM_cAll_d03_mJS5_ch02,gJS_sBM_cAll_d03_mJS5_ch02,gJS_sBM_cAll_d03_mJS5_ch02,0.000000,,,,,,,0.299530561,,0.000000,,,,,,,,,,0.000000,beat-sync,1.000000,1.000000,,0.000000000,0.170140478,left_wrist_yaw,0.035760640,right_wrist_yaw,0.170140478,left_wrist_yaw,0.036099106,right_wrist_yaw,0.008953,-0.123308,0.802373,0.020613,0.000000000,0.000000000,0.000000000,0.000000000,0.000000000,0.000000000,,0.000000000,,,0.120335,0.093723,2.135055,,0.000000000,0,1,0,0,,,,,,,warming_up,,,,,,,,,,,,,,JS:v0:k0:r0,,,,,,
2.257898,2.264010700,,ruckig,ready,,0.0,0.0,0.0,0,1.0,0,gJS_sBM_cAll_d03_mJS5_ch02,gJS_sBM_cAll_d03_mJS5_ch02,gJS_sBM_cAll_d03_mJS5_ch02,0.000000,,,,,,,0.306501964,,0.000000,,,,,,,,,,0.000000,beat-sync,1.000000,1.000000,,0.000000000,0.170256169,left_wrist_yaw,0.041507123,right_wrist_yaw,0.170256169,left_wrist_yaw,0.029273000,right_wrist_yaw,0.008903,-0.123615,0.802413,0.019739,0.000000000,0.000000000,0.000000000,0.000000000,0.000000000,0.000000000,,0.000000000,,,0.106228,0.080993,1.341454,,0.000000000,0,1,0,0,,,,,,,warming_up,,,,,,,,,,,,,,JS:v0:k0:r0,,,,,,
2.302229,2.309545000,,ruckig,ready,,0.0,0.0,0.0,0,1.0,0,gJS_sBM_cAll_d03_mJS5_ch02,gJS_sBM_cAll_d03_mJS5_ch02,gJS_sBM_cAll_d03_mJS5_ch02,0.000000,,,,,,,0.312519787,,0.000000,,,,,,,,,,0.000000,beat-sync,1.000000,1.000000,,0.000000000,0.170075214,left_wrist_yaw,0.007969686,left_wrist_yaw,0.170075214,left_wrist_yaw,0.016403391,left_wrist_yaw,0.008732,-0.123723,0.802428,0.018696,0.000000000,0.000000000,0.000000000,0.000000000,0.000000000,0.000000000,,0.000000000,,,0.159283,0.070369,5.177351,,0.000000000,0,1,0,0,,,,,,,warming_up,,,,,,,,,,,,,,JS:v0:k0:r0,,,,,,
2.353756,2.359459100,,ruckig,ready,,0.0,0.0,0.0,0,1.0,0,gJS_sBM_cAll_d03_mJS5_ch02,gJS_sBM_cAll_d03_mJS5_ch02,gJS_sBM_cAll_d03_mJS5_ch02,0.000000,,,,,,,0.319514335,,0.000000,,,,,,,,,,0.000000,beat-sync,1.000000,1.000000,,0.000000000,0.169407193,left_wrist_yaw,0.011743842,left_wrist_yaw,0.169407193,left_wrist_yaw,0.016137149,left_wrist_yaw,0.008488,-0.123824,0.802377,0.017056,0.000000000,0.000000000,0.000000000,0.000000000,0.000000000,0.000000000,,0.000000000,,,0.067328,0.044606,2.970284,,0.000000000,0,1,0,0,,,,,,,warming_up,,,,,,,,,,,,,,JS:v0:k0:r0,,,,,,
2.403653,2.407134900,,ruckig,ready,,0.0,0.0,0.0,0,1.0,0,gJS_sBM_cAll_d03_mJS5_ch02,gJS_sBM_cAll_d03_mJS5_ch02,gJS_sBM_cAll_d03_mJS5_ch02,0.000000,,,,,,,0.326287724,,0.000000,,,,,,,,,,0.000000,beat-sync,1.000000,1.000000,,0.000000000,0.168862665,left_wrist_yaw,0.014776210,right_wrist_yaw,0.168862665,left_wrist_yaw,0.016590777,right_wrist_yaw,0.008236,-0.124086,0.802102,0.015588,0.000000000,0.000000000,0.000000000,0.000000000,0.000000000,0.000000000,,0.000000000,,,0.055907,0.047470,0.744128,,0.000000000,0,1,0,0,,,,,,,warming_up,,,,,,,,,,,,,,JS:v0:k0:r0,,,,,,
2.453862,2.456823800,,ruckig,ready,,0.0,0.0,0.0,0,1.0,0,gJS_sBM_cAll_d03_mJS5_ch02,gJS_sBM_cAll_d03_mJS5_ch02,gJS_sBM_cAll_d03_mJS5_ch02,0.000000,,,,,,,0.333103398,,0.000000,,,,,,,,,,0.000000,beat-sync,1.000000,1.000000,,0.000000000,0.168469694,left_wrist_yaw,0.021144222,right_wrist_yaw,0.168469694,left_wrist_yaw,0.026144259,right_wrist_yaw,0.008107,-0.124514,0.801638,0.014192,0.000000000,0.000000000,0.000000000,0.000000000,0.000000000,0.000000000,,0.000000000,,,0.098415,0.081550,1.847425,,0.000000000,0,1,0,0,,,,,,,warming_up,,,,,,,,,,,,,,JS:v0:k0:r0,,,,,,
2.504229,2.508466400,,ruckig,ready,,0.0,0.0,0.0,0,1.0,0,gJS_sBM_cAll_d03_mJS5_ch02,gJS_sBM_cAll_d03_mJS5_ch02,gJS_sBM_cAll_d03_mJS5_ch02,0.000000,,,,,,,0.339940548,,0.000000,,,,,,,,,,0.000000,beat-sync,1.000000,1.000000,,0.000000000,0.168348844,left_wrist_yaw,0.020371098,right_wrist_yaw,0.168348844,left_wrist_yaw,0.034712733,right_wrist_yaw,0.008085,-0.125269,0.801037,0.012743,0.000000000,0.000000000,0.000000000,0.000000000,0.000000000,0.000000000,,0.000000000,,,0.166516,0.125028,5.641090,,0.000000000,0,1,0,0,,,,,,,warming_up,,,,,,,,,,,,,,JS:v0:k0:r0,,,,,,
2.553713,2.557865200,,ruckig,ready,,0.0,0.0,0.0,0,1.0,0,gJS_sBM_cAll_d03_mJS5_ch02,gJS_sBM_cAll_d03_mJS5_ch02,gJS_sBM_cAll_d03_mJS5_ch02,0.000000,,,,,,,0.346657873,,0.000000,,,,,,,,,,0.000000,beat-sync,1.000000,1.000000,,0.000000000,0.168199895,left_wrist_yaw,0.015960621,right_wrist_yaw,0.168199895,left_wrist_yaw,0.044094011,right_wrist_yaw,0.008184,-0.126289,0.800336,0.011382,0.000000000,0.000000000,0.000000000,0.000000000,0.000000000,0.000000000,,0.000000000,,,0.198812,0.127842,1.822549,,0.000000000,0,1,0,0,,,,,,,warming_up,,,,,,,,,,,,,,JS:v0:k0:r0,,,,,,
2.747489,2.790269000,,ruckig,ready,,0.0,0.0,0.0,0,1.0,0,gJS_sBM_cAll_d03_mJS5_ch02,gJS_sBM_cAll_d03_mJS5_ch02,gJS_sBM_cAll_d03_mJS5_ch02,0.000000,,,,,,,0.372962294,,0.000000,,,,,,,,,,0.000000,beat-sync,1.000000,1.000000,,0.000000000,0.166658314,right_wrist_yaw,0.538220750,right_wrist_yaw,0.166658314,right_wrist_yaw,0.026521736,right_wrist_yaw,0.008993,-0.130210,0.798994,0.009839,0.000000000,0.000000000,0.000000000,0.000000000,0.000000000,0.000000000,,0.000000000,,,0.091980,0.083276,0.165285,,0.000000000,0,1,0,0,,,,,,,warming_up,,,,,,,,,,,,,,JS:v0:k0:r0,,,,,,
2.812040,2.821614100,,ruckig,ready,,0.0,0.0,0.0,0,1.0,0,gJS_sBM_cAll_d03_mJS5_ch02,gJS_sBM_cAll_d03_mJS5_ch02,gJS_sBM_cAll_d03_mJS5_ch02,0.000000,,,,,,,0.381724941,,0.000000,,,,,,,,,,0.000000,beat-sync,1.000000,1.000000,,0.000000000,0.166328666,right_wrist_yaw,0.076391537,right_wrist_roll,0.166328666,right_wrist_yaw,0.021814087,right_wrist_roll,0.008915,-0.129871,0.799056,0.011124,0.000000000,0.000000000,0.000000000,0.000000000,0.000000000,0.000000000,,0.000000000,,,0.127809,0.112040,3.408445,,0.000000000,0,1,0,0,,,,,,,warming_up,,,,,,,,,,,,,,JS:v0:k0:r0,,,,,,
2.858128,2.861350100,,ruckig,ready,,0.0,0.0,0.0,0,1.0,0,gJS_sBM_cAll_d03_mJS5_ch02,gJS_sBM_cAll_d03_mJS5_ch02,gJS_sBM_cAll_d03_mJS5_ch02,0.000000,,,,,,,0.387981136,,0.000000,,,,,,,,,,0.000000,beat-sync,1.000000,1.000000,,0.000000000,0.165323170,right_wrist_yaw,0.030355403,right_wrist_yaw,0.165323170,right_wrist_yaw,0.041488174,right_wrist_yaw,0.008596,-0.128517,0.799343,0.012118,0.000000000,0.000000000,0.000000000,0.000000000,0.000000000,0.000000000,,0.000000000,,,0.145381,0.114777,4.296034,,0.000000000,0,1,0,0,,,,,,,warming_up,,,,,,,,,,,,,,JS:v0:k0:r0,,,,,,
2.908420,2.911203900,,ruckig,ready,,0.0,0.0,0.0,0,1.0,0,gJS_sBM_cAll_d03_mJS5_ch02,gJS_sBM_cAll_d03_mJS5_ch02,gJS_sBM_cAll_d03_mJS5_ch02,0.000000,,,,,,,0.394808158,,0.000000,,,,,,,,,,0.000000,beat-sync,1.000000,1.000000,,0.000000000,0.163784099,left_wrist_yaw,0.051194419,right_wrist_yaw,0.163784099,left_wrist_yaw,0.065419495,right_wrist_yaw,0.007973,-0.125716,0.799925,0.013217,0.000000000,0.000000000,0.000000000,0.000000000,0.000000000,0.000000000,,0.000000000,,,0.205430,0.169221,2.598494,,0.000000000,0,1,0,0,,,,,,,warming_up,,,,,,,,,,,,,,JS:v0:k0:r0,,,,,,
2.950023,2.953082300,,ruckig,ready,,0.0,0.0,0.0,0,1.0,0,gJS_sBM_cAll_d03_mJS5_ch02,gJS_sBM_cAll_d03_mJS5_ch02,gJS_sBM_cAll_d03_mJS5_ch02,0.000000,,,,,,,0.400455638,,0.000000,,,,,,,,,,0.000000,beat-sync,1.000000,1.000000,,0.000000000,0.164117370,left_wrist_yaw,0.067714409,right_wrist_yaw,0.164117370,left_wrist_yaw,0.079263775,right_wrist_yaw,0.007176,-0.122075,0.800670,0.014312,0.000000000,0.000000000,0.000000000,0.000000000,0.000000000,0.000000000,,0.000000000,,,0.210764,0.173806,6.976123,,0.000000000,0,1,0,0,,,,,,,warming_up,,,,,,,,,,,,,,JS:v0:k0:r0,,,,,,
3.000171,3.003321400,,ruckig,ready,,0.0,0.0,0.0,0,1.0,0,gJS_sBM_cAll_d03_mJS5_ch02,gJS_sBM_cAll_d03_mJS5_ch02,gJS_sBM_cAll_d03_mJS5_ch02,0.000000,,,,,,,0.407263086,,0.000000,,,,,,,,,,0.000000,beat-sync,1.000000,1.000000,,0.000000000,0.164403281,left_wrist_yaw,0.083695799,right_wrist_yaw,0.164403281,left_wrist_yaw,0.096992726,right_wrist_yaw,0.005777,-0.115758,0.801923,0.016250,0.000000000,0.000000000,0.000000000,0.000000000,0.000000000,0.000000000,,0.000000000,,,0.238735,0.198195,1.194992,,0.000000000,0,1,0,0,,,,,,,warming_up,,,,,,,,,,,,,,JS:v0:k0:r0,,,,,,
3.050121,3.055004900,,ruckig,ready,,0.0,0.0,0.0,0,1.0,0,gJS_sBM_cAll_d03_mJS5_ch02,gJS_sBM_cAll_d03_mJS5_ch02,gJS_sBM_cAll_d03_mJS5_ch02,0.000000,,,,,,,0.414043520,,0.000000,,,,,,,,,,0.000000,beat-sync,1.000000,1.000000,,0.000000000,0.164647916,left_wrist_yaw,0.097461718,right_wrist_yaw,0.164647916,left_wrist_yaw,0.111759823,right_wrist_yaw,0.003862,-0.107080,0.803630,0.019032,0.000000000,0.000000000,0.000000000,0.000000000,0.000000000,0.000000000,,0.000000000,,,0.264027,0.197746,3.243575,,0.000000000,0,1,0,0,,,,,,,warming_up,,,,,,,,,,,,,,JS:v0:k0:r0,,,,,,
3.108188,3.111188200,,ruckig,ready,,0.0,0.0,0.0,0,1.0,0,gJS_sBM_cAll_d03_mJS5_ch02,gJS_sBM_cAll_d03_mJS5_ch02,gJS_sBM_cAll_d03_mJS5_ch02,0.000000,,,,,,,0.421925986,,0.000000,,,,,,,,,,0.000000,beat-sync,1.000000,1.000000,,0.000000000,0.165150431,left_wrist_yaw,0.103185805,right_wrist_yaw,0.165150431,left_wrist_yaw,0.123000144,right_wrist_yaw,0.000899,-0.093934,0.806167,0.022996,0.000000000,0.000000000,0.000000000,0.000000000,0.000000000,0.000000000,,0.000000000,,,0.402259,0.331966,2.238973,,0.000000000,0,1,0,0,,,,,,,warming_up,,,,,,,,,,,,,,JS:v0:k0:r0,,,,,,
3.158800,3.161834800,,ruckig,ready,,0.0,0.0,0.0,0,1.0,0,gJS_sBM_cAll_d03_mJS5_ch02,gJS_sBM_cAll_d03_mJS5_ch02,gJS_sBM_cAll_d03_mJS5_ch02,0.000000,,,,,,,0.428796367,,0.000000,,,,,,,,,,0.000000,beat-sync,1.000000,1.000000,,0.000000000,0.166037866,left_wrist_yaw,0.111849892,right_wrist_yaw,0.166037866,left_wrist_yaw,0.120991528,right_wrist_yaw,-0.002048,-0.080658,0.808632,0.025480,0.000000000,0.000000000,0.000000000,0.000000000,0.000000000,0.000000000,,0.000000000,,,0.524737,0.441505,2.833341,,0.000000000,0,1,0,0,,,,,,,warming_up,,,,,,,,,,,,,,JS:v0:k0:r0,,,,,,
3.208083,3.211106500,,ruckig,ready,,0.0,0.0,0.0,0,1.0,0,gJS_sBM_cAll_d03_mJS5_ch02,gJS_sBM_cAll_d03_mJS5_ch02,gJS_sBM_cAll_d03_mJS5_ch02,0.000000,,,,,,,0.435486326,,0.000000,,,,,,,,,,0.000000,beat-sync,1.000000,1.000000,,0.000000000,0.166720585,left_wrist_yaw,0.076740336,right_wrist_yaw,0.166720585,left_wrist_yaw,0.095630877,right_wrist_yaw,-0.004757,-0.067428,0.810749,0.025225,0.000000000,0.000000000,0.000000000,0.000000000,0.000000000,0.000000000,,0.000000000,,,0.703975,0.580456,3.062693,,0.000000000,0,1,0,0,,,,,,,warming_up,,,,,,,,,,,,,,JS:v0:k0:r0,,,,,,
3.250216,3.253126600,,ruckig,ready,,0.0,0.0,0.0,0,1.0,0,gJS_sBM_cAll_d03_mJS5_ch02,gJS_sBM_cAll_d03_mJS5_ch02,gJS_sBM_cAll_d03_mJS5_ch02,0.000000,,,,,,,0.441205765,,0.000000,,,,,,,,,,0.000000,beat-sync,1.000000,1.000000,,0.000000000,0.166778333,left_wrist_yaw,0.043241231,right_wrist_yaw,0.166778333,left_wrist_yaw,0.050385725,right_wrist_yaw,-0.006572,-0.056565,0.812211,0.022946,0.000000000,0.000000000,0.000000000,0.000000000,0.000000000,0.000000000,,0.000000000,,,0.834790,0.696197,2.493200,,0.000000000,0,1,0,0,,,,,,,warming_up,,,,,,,,,,,,,,JS:v0:k0:r0,,,,,,
3.308295,3.311409200,,ruckig,ready,,0.0,0.0,0.0,0,1.0,0,gJS_sBM_cAll_d03_mJS5_ch02,gJS_sBM_cAll_d03_mJS5_ch02,gJS_sBM_cAll_d03_mJS5_ch02,0.000000,,,,,,,0.449089765,,0.000000,,,,,,,,,,0.000000,beat-sync,1.000000,1.000000,,0.000000000,0.166467401,left_wrist_yaw,0.021099809,right_wrist_yaw,0.166467401,left_wrist_yaw,0.024693041,right_wrist_yaw,-0.008223,-0.042568,0.813760,0.019831,0.000000000,0.000000000,0.000000000,0.000000000,0.000000000,0.000000000,,0.000000000,,,0.945422,0.772460,10.543138,,0.000000000,0,1,0,0,,,,,,,warming_up,,,,,,,,,,,,,,JS:v0:k0:r0,,,,,,
3.350155,3.353007400,,ruckig,ready,,0.0,0.0,0.0,0,1.0,0,gJS_sBM_cAll_d03_mJS5_ch02,gJS_sBM_cAll_d03_mJS5_ch02,gJS_sBM_cAll_d03_mJS5_ch02,0.000000,,,,,,,0.454772213,,0.000000,,,,,,,,,,0.000000,beat-sync,1.000000,1.000000,,0.000000000,0.166468975,left_wrist_yaw,0.071165430,right_wrist_yaw,0.166468975,left_wrist_yaw,0.092373211,right_wrist_yaw,-0.008772,-0.033247,0.814684,0.018661,0.000000000,0.000000000,0.000000000,0.000000000,0.000000000,0.000000000,,0.000000000,,,0.952526,0.771055,2.335778,,0.000000000,0,1,0,0,,,,,,,warming_up,,,,,,,,,,,,,,JS:v0:k0:r0,,,,,,
3.408225,3.412146400,,ruckig,ready,,0.0,0.0,0.0,0,1.0,0,gJS_sBM_cAll_d03_mJS5_ch02,gJS_sBM_cAll_d03_mJS5_ch02,gJS_sBM_cAll_d03_mJS5_ch02,0.000000,,,,,,,0.462654937,,0.000000,,,,,,,,,,0.000000,beat-sync,1.000000,1.000000,,0.000000000,0.167119577,left_wrist_yaw,0.090965487,right_wrist_yaw,0.167119577,left_wrist_yaw,0.108492182,right_wrist_yaw,-0.008605,-0.021511,0.815645,0.018998,0.000000000,0.000000000,0.000000000,0.000000000,0.000000000,0.000000000,,0.000000000,,,0.754015,0.573223,7.384488,,0.000000000,0,1,0,0,,,,,,,warming_up,,,,,,,,,,,,,,JS:v0:k0:r0,,,,,,
3.450158,3.453400300,,ruckig,ready,,0.0,0.0,0.0,0,1.0,0,gJS_sBM_cAll_d03_mJS5_ch02,gJS_sBM_cAll_d03_mJS5_ch02,gJS_sBM_cAll_d03_mJS5_ch02,0.000000,,,,,,,0.468347281,,0.000000,,,,,,,,,,0.000000,beat-sync,1.000000,1.000000,,0.000000000,0.168381289,left_wrist_yaw,0.070576414,left_wrist_pitch,0.168381289,left_wrist_yaw,0.083366897,left_wrist_pitch,-0.007515,-0.013920,0.816090,0.025325,0.000000000,0.000000000,0.000000000,0.000000000,0.000000000,0.000000000,,0.000000000,,,2.316123,1.891726,111.744997,,0.000000000,0,1,0,0,,,,,,,warming_up,,,,,,,,,,,,,,JS:v0:k0:r0,,,,,,
3.500222,3.504220300,,ruckig,ready,,0.0,0.0,0.0,0,1.0,0,gJS_sBM_cAll_d03_mJS5_ch02,gJS_sBM_cAll_d03_mJS5_ch02,gJS_sBM_cAll_d03_mJS5_ch02,0.000000,,,,,,,0.475143217,,0.000000,,,,,,,,,,0.000000,beat-sync,1.000000,1.000000,,0.000000000,0.169751638,left_wrist_yaw,0.154329268,left_wrist_pitch,0.169751638,left_wrist_yaw,0.182785280,left_wrist_pitch,-0.006247,-0.005876,0.815905,0.027216,0.000000000,0.000000000,0.000000000,0.000000000,0.000000000,0.000000000,,0.000000000,,,0.862603,0.646417,50.666532,,0.000000000,0,1,0,0,,,,,,,warming_up,,,,,,,,,,,,,,JS:v0:k0:r0,,,,,,
3.558554,3.561950500,,ruckig,ready,,0.0,0.0,0.0,0,1.0,0,gJS_sBM_cAll_d03_mJS5_ch02,gJS_sBM_cAll_d03_mJS5_ch02,gJS_sBM_cAll_d03_mJS5_ch02,0.000000,,,,,,,0.483061643,,0.000000,,,,,,,,,,0.000000,beat-sync,1.000000,1.000000,,0.000000000,0.170061901,left_wrist_yaw,0.000000015,right_wrist_yaw,0.170061901,left_wrist_yaw,0.000000017,right_wrist_yaw,-0.003660,0.002060,0.815105,0.036482,0.000000000,0.000000000,0.000000000,0.000000000,0.000000000,0.000000000,,0.000000000,,,0.000000,0.000000,0.164276,,0.000000000,0,1,0,0,,,,,,,warming_up,,,,,,,,,,,,,,JS:v0:k0:r0,,,,,,
3.608466,3.611265300,,ruckig,ready,,0.0,0.0,0.0,0,1.0,0,gJS_sBM_cAll_d03_mJS5_ch02,gJS_sBM_cAll_d03_mJS5_ch02,gJS_sBM_cAll_d03_mJS5_ch02,0.000000,,,,,,,0.489837014,,0.000000,,,,,,,,,,0.000000,beat-sync,1.000000,1.000000,,0.000000000,0.170061901,left_wrist_yaw,0.000000000,right_wrist_pitch,0.170061901,left_wrist_yaw,0.000000000,right_wrist_pitch,-0.000591,0.007572,0.814386,0.047709,0.000000000,0.000000000,0.000000000,0.000000000,0.000000000,0.000000000,,0.000000000,,,0.000000,0.000000,0.000000,,0.000000000,0,1,0,0,,,,,,,warming_up,,,,,,,,,,,,,,JS:v0:k0:r0,,,,,,
3.650005,3.652622800,,ruckig,ready,,0.0,0.0,0.0,0,1.0,0,gJS_sBM_cAll_d03_mJS5_ch02,gJS_sBM_cAll_d03_mJS5_ch02,gJS_sBM_cAll_d03_mJS5_ch02,0.000000,,,,,,,0.495475846,,0.000000,,,,,,,,,,0.000000,beat-sync,1.000000,1.000000,,0.000000000,0.170061901,left_wrist_yaw,0.000000000,right_wrist_pitch,0.170061901,left_wrist_yaw,0.000000000,right_wrist_pitch,0.001316,0.011305,0.813843,0.052568,0.000000000,0.000000000,0.000000000,0.000000000,0.000000000,0.000000000,,0.000000000,,,0.000000,0.000000,0.000000,,0.000000000,0,1,0,0,,,,,,,warming_up,,,,,,,,,,,,,,JS:v0:k0:r0,,,,,,
3.700433,3.703281100,,ruckig,ready,,0.0,0.0,0.0,0,1.0,0,gJS_sBM_cAll_d03_mJS5_ch02,gJS_sBM_cAll_d03_mJS5_ch02,gJS_sBM_cAll_d03_mJS5_ch02,0.000000,,,,,,,0.502321276,,0.000000,,,,,,,,,,0.000000,beat-sync,1.000000,1.000000,,0.000000000,0.170061901,left_wrist_yaw,0.000000000,right_wrist_pitch,0.170061901,left_wrist_yaw,0.000000000,right_wrist_pitch,0.003947,0.014988,0.813323,0.062369,0.000000000,0.000000000,0.000000000,0.000000000,0.000000000,0.000000000,,0.000000000,,,0.000000,0.000000,0.000000,,0.000000000,0,1,0,0,,,,,,,warming_up,,,,,,,,,,,,,,JS:v0:k0:r0,,,,,,
3.758457,3.761120500,,ruckig,ready,,0.0,0.0,0.0,0,1.0,0,gJS_sBM_cAll_d03_mJS5_ch02,gJS_sBM_cAll_d03_mJS5_ch02,gJS_sBM_cAll_d03_mJS5_ch02,0.000000,,,,,,,0.510197769,,0.000000,,,,,,,,,,0.000000,beat-sync,1.000000,1.000000,,0.000000000,0.170061901,left_wrist_yaw,0.000000000,right_wrist_pitch,0.170061901,left_wrist_yaw,0.000000000,right_wrist_pitch,0.005928,0.018235,0.812812,0.065890,0.000000000,0.000000000,0.000000000,0.000000000,0.000000000,0.000000000,,0.000000000,,,0.000000,0.000000,0.000000,,0.000000000,0,1,0,0,,,,,,,warming_up,,,,,,,,,,,,,,JS:v0:k0:r0,,,,,,
3.808152,3.811193100,,ruckig,ready,,0.0,0.0,0.0,0,1.0,0,gJS_sBM_cAll_d03_mJS5_ch02,gJS_sBM_cAll_d03_mJS5_ch02,gJS_sBM_cAll_d03_mJS5_ch02,0.000000,,,,,,,0.516943738,,0.000000,,,,,,,,,,0.000000,beat-sync,1.000000,1.000000,,0.000000000,0.170061901,left_wrist_yaw,0.000000000,right_wrist_pitch,0.170061901,left_wrist_yaw,0.000000000,right_wrist_pitch,0.007924,0.020216,0.812615,0.074591,0.000000000,0.000000000,0.000000000,0.000000000,0.000000000,0.000000000,,0.000000000,,,0.000000,0.000000,0.000000,,0.000000000,0,1,0,0,,,,,,,warming_up,,,,,,,,,,,,,,JS:v0:k0:r0,,,,,,
3.859120,3.862028000,,ruckig,ready,,0.0,0.0,0.0,0,1.0,0,gJS_sBM_cAll_d03_mJS5_ch02,gJS_sBM_cAll_d03_mJS5_ch02,gJS_sBM_cAll_d03_mJS5_ch02,0.000000,,,,,,,0.523862511,,0.000000,,,,,,,,,,0.000000,beat-sync,1.000000,1.000000,,0.000000000,0.170061901,left_wrist_yaw,0.000000000,right_wrist_pitch,0.170061901,left_wrist_yaw,0.000000000,right_wrist_pitch,0.008884,0.021759,0.812552,0.075565,0.000000000,0.000000000,0.000000000,0.000000000,0.000000000,0.000000000,,0.000000000,,,0.000000,0.000000,0.000000,,0.000000000,0,1,0,0,,,,,,,warming_up,,,,,,,,,,,,,,JS:v0:k0:r0,,,,,,
3.908208,3.910887400,,ruckig,ready,,0.0,0.0,0.0,0,1.0,0,gJS_sBM_cAll_d03_mJS5_ch02,gJS_sBM_cAll_d03_mJS5_ch02,gJS_sBM_cAll_d03_mJS5_ch02,0.000000,,,,,,,0.530526027,,0.000000,,,,,,,,,,0.000000,beat-sync,1.000000,1.000000,,0.000000000,0.170061901,left_wrist_yaw,0.000000000,right_wrist_pitch,0.170061901,left_wrist_yaw,0.000000000,right_wrist_pitch,0.009631,0.022883,0.812533,0.076765,0.000000000,0.000000000,0.000000000,0.000000000,0.000000000,0.000000000,,0.000000000,,,0.000000,0.000000,0.000000,,0.000000000,0,1,0,0,,,,,,,warming_up,,,,,,,,,,,,,,JS:v0:k0:r0,,,,,,
3.950035,3.953238500,,ruckig,ready,,0.0,0.0,0.0,0,1.0,0,gJS_sBM_cAll_d03_mJS5_ch02,gJS_sBM_cAll_d03_mJS5_ch02,gJS_sBM_cAll_d03_mJS5_ch02,0.000000,,,,,,,0.536203900,,0.000000,,,,,,,,,,0.000000,beat-sync,1.000000,1.000000,,0.000000000,0.170061901,left_wrist_yaw,0.000000000,right_wrist_pitch,0.170061901,left_wrist_yaw,0.000000000,right_wrist_pitch,0.010089,0.023624,0.812559,0.076831,0.000000000,0.000000000,0.000000000,0.000000000,0.000000000,0.000000000,,0.000000000,,,0.000000,0.000000,0.000000,,0.000000000,0,1,0,0,,,,,,,warming_up,,,,,,,,,,,,,,JS:v0:k0:r0,,,,,,
4.000151,4.002922900,,ruckig,ready,,0.0,0.0,0.0,0,1.0,0,gJS_sBM_cAll_d03_mJS5_ch02,gJS_sBM_cAll_d03_mJS5_ch02,gJS_sBM_cAll_d03_mJS5_ch02,0.000000,,,,,,,0.543006964,,0.000000,,,,,,,,,,0.000000,beat-sync,1.000000,1.000000,,0.000000000,0.170061901,left_wrist_yaw,0.000000000,right_wrist_pitch,0.170061901,left_wrist_yaw,0.000000000,right_wrist_pitch,0.011108,0.024297,0.812513,0.080829,0.000000000,0.000000000,0.000000000,0.000000000,0.000000000,0.000000000,,0.000000000,,,0.000000,0.000000,0.000000,,0.000000000,0,1,0,0,,,,,,,warming_up,,,,,,,,,,,,,,JS:v0:k0:r0,,,,,,
4.058536,4.061140900,,ruckig,ready,,0.0,0.0,0.0,0,1.0,0,gJS_sBM_cAll_d03_mJS5_ch02,gJS_sBM_cAll_d03_mJS5_ch02,gJS_sBM_cAll_d03_mJS5_ch02,0.000000,,,,,,,0.550932462,,0.000000,,,,,,,,,,0.000000,beat-sync,1.000000,1.000000,,0.000000000,0.170061901,left_wrist_yaw,0.000000000,right_wrist_pitch,0.170061901,left_wrist_yaw,0.000000000,right_wrist_pitch,0.010799,0.024989,0.812460,0.079170,0.000000000,0.000000000,0.000000000,0.000000000,0.000000000,0.000000000,,0.000000000,,,0.000000,0.000000,0.000000,,0.000000000,0,1,0,0,,,,,,,warming_up,,,,,,,,,,,,,,JS:v0:k0:r0,,,,,,
4.100135,4.102403700,,ruckig,ready,,0.0,0.0,0.0,0,1.0,0,gJS_sBM_cAll_d03_mJS5_ch02,gJS_sBM_cAll_d03_mJS5_ch02,gJS_sBM_cAll_d03_mJS5_ch02,0.000000,,,,,,,0.556579466,,0.000000,,,,,,,,,,0.000000,beat-sync,1.000000,1.000000,,0.000000000,0.170061901,left_wrist_yaw,0.000000000,right_wrist_pitch,0.170061901,left_wrist_yaw,0.000000000,right_wrist_pitch,0.010949,0.025438,0.812391,0.079739,0.000000000,0.000000000,0.000000000,0.000000000,0.000000000,0.000000000,,0.000000000,,,0.000000,0.000000,0.000000,,0.000000000,0,1,0,0,,,,,,,warming_up,,,,,,,,,,,,,,JS:v0:k0:r0,,,,,,
4.150192,4.152723200,,ruckig,ready,,0.0,0.0,0.0,0,1.0,0,gJS_sBM_cAll_d03_mJS5_ch02,gJS_sBM_cAll_d03_mJS5_ch02,gJS_sBM_cAll_d03_mJS5_ch02,0.000000,,,,,,,0.563374439,,0.000000,,,,,,,,,,0.000000,beat-sync,1.000000,1.000000,,0.000000000,0.170061901,left_wrist_yaw,0.000000000,right_wrist_pitch,0.170061901,left_wrist_yaw,0.000000000,right_wrist_pitch,0.010962,0.025920,0.812340,0.082064,0.000000000,0.000000000,0.000000000,0.000000000,0.000000000,0.000000000,,0.000000000,,,0.000000,0.000000,0.000000,,0.000000000,0,1,0,0,,,,,,,warming_up,,,,,,,,,,,,,,JS:v0:k0:r0,,,,,,
4.200180,4.202703800,,ruckig,ready,,0.0,0.0,0.0,0,1.0,0,gJS_sBM_cAll_d03_mJS5_ch02,gJS_sBM_cAll_d03_mJS5_ch02,gJS_sBM_cAll_d03_mJS5_ch02,0.000000,,,,,,,0.570160140,,0.000000,,,,,,,,,,0.000000,beat-sync,1.000000,1.000000,,0.000000000,0.170061901,left_wrist_yaw,0.000000000,right_wrist_pitch,0.170061901,left_wrist_yaw,0.000000000,right_wrist_pitch,0.010921,0.026405,0.812243,0.085002,0.000000000,0.000000000,0.000000000,0.000000000,0.000000000,0.000000000,,0.000000000,,,0.000000,0.000000,0.000000,,0.000000000,0,1,0,0,,,,,,,warming_up,,,,,,,,,,,,,,JS:v0:k0:r0,,,,,,
4.258379,4.261001800,,ruckig,ready,,0.0,0.0,0.0,0,1.0,0,gJS_sBM_cAll_d03_mJS5_ch02,gJS_sBM_cAll_d03_mJS5_ch02,gJS_sBM_cAll_d03_mJS5_ch02,0.000000,,,,,,,0.578060471,,0.000000,,,,,,,,,,0.000000,beat-sync,1.000000,1.000000,,0.000000000,0.170061901,left_wrist_yaw,0.000000000,right_wrist_pitch,0.170061901,left_wrist_yaw,0.000000000,right_wrist_pitch,0.010901,0.026960,0.812049,0.087993,0.000000000,0.000000000,0.000000000,0.000000000,0.000000000,0.000000000,,0.000000000,,,0.000000,0.000000,0.000000,,0.000000000,0,1,0,0,,,,,,,warming_up,,,,,,,,,,,,,,JS:v0:k0:r0,,,,,,
4.300203,4.302937400,,ruckig,ready,,0.0,0.0,0.0,0,1.0,0,gJS_sBM_cAll_d03_mJS5_ch02,gJS_sBM_cAll_d03_mJS5_ch02,gJS_sBM_cAll_d03_mJS5_ch02,0.000000,,,,,,,0.583737923,,0.000000,,,,,,,,,,0.000000,beat-sync,1.000000,1.000000,,0.000000000,0.170061901,left_wrist_yaw,0.000000000,right_wrist_pitch,0.170061901,left_wrist_yaw,0.000000000,right_wrist_pitch,0.010891,0.027389,0.811941,0.089686,0.000000000,0.000000000,0.000000000,0.000000000,0.000000000,0.000000000,,0.000000000,,,0.000000,0.000000,0.000000,,0.000000000,0,1,0,0,,,,,,,warming_up,,,,,,,,,,,,,,JS:v0:k0:r0,,,,,,
4.350353,4.352729200,,ruckig,ready,,0.0,0.0,0.0,0,1.0,0,gJS_sBM_cAll_d03_mJS5_ch02,gJS_sBM_cAll_d03_mJS5_ch02,gJS_sBM_cAll_d03_mJS5_ch02,0.000000,,,,,,,0.590545683,,0.000000,,,,,,,,,,0.000000,beat-sync,1.000000,1.000000,,0.000000000,0.170061901,left_wrist_yaw,0.000000000,right_wrist_pitch,0.170061901,left_wrist_yaw,0.000000000,right_wrist_pitch,0.010820,0.027997,0.811897,0.091314,0.000000000,0.000000000,0.000000000,0.000000000,0.000000000,0.000000000,,0.000000000,,,0.000000,0.000000,0.000000,,0.000000000,0,1,0,0,,,,,,,warming_up,,,,,,,,,,,,,,JS:v0:k0:r0,,,,,,
4.400116,4.402505200,,ruckig,ready,,0.0,0.0,0.0,0,1.0,0,gJS_sBM_cAll_d03_mJS5_ch02,gJS_sBM_cAll_d03_mJS5_ch02,gJS_sBM_cAll_d03_mJS5_ch02,0.000000,,,,,,,0.597300828,,0.000000,,,,,,,,,,0.000000,beat-sync,1.000000,1.000000,,0.000000000,0.170061901,left_wrist_yaw,0.000000000,right_wrist_pitch,0.170061901,left_wrist_yaw,0.000000000,right_wrist_pitch,0.010720,0.028748,0.811874,0.092789,0.000000000,0.000000000,0.000000000,0.000000000,0.000000000,0.000000000,,0.000000000,,,0.000000,0.000000,0.000000,,0.000000000,0,1,0,0,,,,,,,warming_up,,,,,,,,,,,,,,JS:v0:k0:r0,,,,,,
4.458818,4.461349800,,ruckig,ready,,0.0,0.0,0.0,0,1.0,0,gJS_sBM_cAll_d03_mJS5_ch02,gJS_sBM_cAll_d03_mJS5_ch02,gJS_sBM_cAll_d03_mJS5_ch02,0.000000,,,,,,,0.605269357,,0.000000,,,,,,,,,,0.000000,beat-sync,1.000000,1.000000,,0.000000000,0.170061901,left_wrist_yaw,0.000000000,right_wrist_pitch,0.170061901,left_wrist_yaw,0.000000000,right_wrist_pitch,0.010669,0.029719,0.811843,0.095709,0.000000000,0.000000000,0.000000000,0.000000000,0.000000000,0.000000000,,0.000000000,,,0.000000,0.000000,0.000000,,0.000000000,0,1,0,0,,,,,,,warming_up,,,,,,,,,,,,,,JS:v0:k0:r0,,,,,,
4.508434,4.510983100,,ruckig,ready,,0.0,0.0,0.0,0,1.0,0,gJS_sBM_cAll_d03_mJS5_ch02,gJS_sBM_cAll_d03_mJS5_ch02,gJS_sBM_cAll_d03_mJS5_ch02,0.000000,,,,,,,0.612004561,,0.000000,,,,,,,,,,0.000000,beat-sync,1.000000,1.000000,,0.000000000,0.170061901,left_wrist_yaw,0.000000000,right_wrist_pitch,0.170061901,left_wrist_yaw,0.000000000,right_wrist_pitch,0.010567,0.030647,0.811865,0.097524,0.000000000,0.000000000,0.000000000,0.000000000,0.000000000,0.000000000,,0.000000000,,,0.000000,0.000000,0.000000,,0.000000000,0,1,0,0,,,,,,,warming_up,,,,,,,,,,,,,,JS:v0:k0:r0,,,,,,
4.558237,4.560948200,,ruckig,ready,,0.0,0.0,0.0,0,1.0,0,gJS_sBM_cAll_d03_mJS5_ch02,gJS_sBM_cAll_d03_mJS5_ch02,gJS_sBM_cAll_d03_mJS5_ch02,0.000000,,,,,,,0.618765231,,0.000000,,,,,,,,,,0.000000,beat-sync,1.000000,1.000000,,0.000000000,0.170061901,left_wrist_yaw,0.000000000,right_wrist_pitch,0.170061901,left_wrist_yaw,0.000000000,right_wrist_pitch,0.010451,0.031706,0.811882,0.099448,0.000000000,0.000000000,0.000000000,0.000000000,0.000000000,0.000000000,,0.000000000,,,0.000000,0.000000,0.000000,,0.000000000,0,1,0,0,,,,,,,warming_up,,,,,,,,,,,,,,JS:v0:k0:r0,,,,,,
4.608361,4.610786600,,ruckig,ready,,0.0,0.0,0.0,0,1.0,0,gJS_sBM_cAll_d03_mJS5_ch02,gJS_sBM_cAll_d03_mJS5_ch02,gJS_sBM_cAll_d03_mJS5_ch02,0.000000,,,,,,,0.625569407,,0.000000,,,,,,,,,,0.000000,beat-sync,1.000000,1.000000,,0.000000000,0.170061901,left_wrist_yaw,0.000000000,right_wrist_pitch,0.170061901,left_wrist_yaw,0.000000000,right_wrist_pitch,0.010383,0.032894,0.811814,0.102902,0.000000000,0.000000000,0.000000000,0.000000000,0.000000000,0.000000000,,0.000000000,,,0.000000,0.000000,0.000000,,0.000000000,0,1,0,0,,,,,,,warming_up,,,,,,,,,,,,,,JS:v0:k0:r0,,,,,,
4.650091,4.653919800,,ruckig,ready,,0.0,0.0,0.0,0,1.0,0,gJS_sBM_cAll_d03_mJS5_ch02,gJS_sBM_cAll_d03_mJS5_ch02,gJS_sBM_cAll_d03_mJS5_ch02,0.000000,,,,,,,0.631234059,,0.000000,,,,,,,,,,0.000000,beat-sync,1.000000,1.000000,,0.000000000,0.170061901,left_wrist_yaw,0.000000000,right_wrist_pitch,0.170061901,left_wrist_yaw,0.000000000,right_wrist_pitch,0.010453,0.033910,0.811701,0.107334,0.000000000,0.000000000,0.000000000,0.000000000,0.000000000,0.000000000,,0.000000000,,,0.000000,0.000000,0.000000,,0.000000000,0,1,0,0,,,,,,,warming_up,,,,,,,,,,,,,,JS:v0:k0:r0,,,,,,
4.700178,4.702783000,,ruckig,ready,,0.0,0.0,0.0,0,1.0,0,gJS_sBM_cAll_d03_mJS5_ch02,gJS_sBM_cAll_d03_mJS5_ch02,gJS_sBM_cAll_d03_mJS5_ch02,0.000000,,,,,,,0.638033253,,0.000000,,,,,,,,,,0.000000,beat-sync,1.000000,1.000000,,0.000000000,0.170061901,left_wrist_yaw,0.000000000,right_wrist_pitch,0.170061901,left_wrist_yaw,0.000000000,right_wrist_pitch,0.005301,0.034792,0.811890,0.108930,0.000000000,0.000000000,0.000000000,0.000000000,0.000000000,0.000000000,,0.000000000,,,0.000000,0.000000,0.000000,,0.000000000,0,1,0,0,,,,,,,warming_up,,,,,,,,,,,,,,JS:v0:k0:r0,,,,,,
4.772783,4.780122000,,ruckig,ready,,0.0,0.0,0.0,0,1.0,0,gJS_sBM_cAll_d03_mJS5_ch02,gJS_sBM_cAll_d03_mJS5_ch02,gJS_sBM_cAll_d03_mJS5_ch02,0.000000,,,,,,,0.647889136,,0.000000,,,,,,,,,,0.000000,beat-sync,1.000000,1.000000,,0.000000000,0.170061901,left_wrist_yaw,0.000000000,right_wrist_pitch,0.170061901,left_wrist_yaw,0.000000000,right_wrist_pitch,0.007295,0.037090,0.811370,0.126199,0.000000000,0.000000000,0.000000000,0.000000000,0.000000000,0.000000000,,0.000000000,,,0.000000,0.000000,0.000000,,0.000000000,0,1,0,0,,,,,,,warming_up,,,,,,,,,,,,,,JS:v0:k0:r0,,,,,,
4.816043,4.825441400,,ruckig,ready,,0.0,0.0,0.0,0,1.0,0,gJS_sBM_cAll_d03_mJS5_ch02,gJS_sBM_cAll_d03_mJS5_ch02,gJS_sBM_cAll_d03_mJS5_ch02,0.000000,,,,,,,0.653761548,,0.000000,,,,,,,,,,0.000000,beat-sync,1.000000,1.000000,,0.000000000,0.170061901,left_wrist_yaw,0.000000000,right_wrist_pitch,0.170061901,left_wrist_yaw,0.000000000,right_wrist_pitch,0.010507,0.038818,0.810893,0.140589,0.000000000,0.000000000,0.000000000,0.000000000,0.000000000,0.000000000,,0.000000000,,,0.000000,0.000000,0.000000,,0.000000000,0,1,0,0,,,,,,,warming_up,,,,,,,,,,,,,,JS:v0:k0:r0,,,,,,
4.863026,4.872447000,,ruckig,ready,,0.0,0.0,0.0,0,1.0,0,gJS_sBM_cAll_d03_mJS5_ch02,gJS_sBM_cAll_d03_mJS5_ch02,gJS_sBM_cAll_d03_mJS5_ch02,0.000000,,,,,,,0.660139235,,0.000000,,,,,,,,,,0.000000,beat-sync,1.000000,1.000000,,0.000000000,0.170061901,left_wrist_yaw,0.000000000,right_wrist_pitch,0.170061901,left_wrist_yaw,0.000000000,right_wrist_pitch,0.006896,0.039734,0.810777,0.147367,0.000000000,0.000000000,0.000000000,0.000000000,0.000000000,0.000000000,,0.000000000,,,0.000000,0.000000,0.000000,,0.000000000,0,1,0,0,,,,,,,warming_up,,,,,,,,,,,,,,JS:v0:k0:r0,,,,,,
4.908165,4.925400600,,ruckig,ready,,0.0,0.0,0.0,0,1.0,0,gJS_sBM_cAll_d03_mJS5_ch02,gJS_sBM_cAll_d03_mJS5_ch02,gJS_sBM_cAll_d03_mJS5_ch02,0.000000,,,,,,,0.666266742,,0.000000,,,,,,,,,,0.000000,beat-sync,1.000000,1.000000,,0.000000000,0.170061901,left_wrist_yaw,0.000000000,right_wrist_pitch,0.170061901,left_wrist_yaw,0.000000000,right_wrist_pitch,0.008729,0.041300,0.810526,0.165617,0.000000000,0.000000000,0.000000000,0.000000000,0.000000000,0.000000000,,0.000000000,,,0.000000,0.000000,0.000000,,0.000000000,0,1,0,0,,,,,,,warming_up,,,,,,,,,,,,,,JS:v0:k0:r0,,,,,,
4.951784,4.958116300,,ruckig,ready,,0.0,0.0,0.0,0,1.0,0,gJS_sBM_cAll_d03_mJS5_ch02,gJS_sBM_cAll_d03_mJS5_ch02,gJS_sBM_cAll_d03_mJS5_ch02,0.000000,,,,,,,0.672187833,,0.000000,,,,,,,,,,0.000000,beat-sync,1.000000,1.000000,,0.000000000,0.170061901,left_wrist_yaw,0.000000000,right_wrist_pitch,0.170061901,left_wrist_yaw,0.000000000,right_wrist_pitch,0.011286,0.043012,0.810367,0.186013,0.000000000,0.000000000,0.000000000,0.000000000,0.000000000,0.000000000,,0.000000000,,,0.000000,0.000000,0.000000,,0.000000000,0,1,0,0,,,,,,,warming_up,,,,,,,,,,,,,,JS:v0:k0:r0,,,,,,
5.014133,5.192924500,,ruckig,ready,,0.0,0.0,0.0,0,1.0,0,gJS_sBM_cAll_d03_mJS5_ch02,gJS_sBM_cAll_d03_mJS5_ch02,gJS_sBM_cAll_d03_mJS5_ch02,0.000000,,,,,,,0.680651484,,0.000000,,,,,,,,,,0.000000,beat-sync,1.000000,1.000000,,0.000000000,0.170061901,left_wrist_yaw,0.000000000,right_wrist_pitch,0.170061901,left_wrist_yaw,0.000000000,right_wrist_pitch,0.012129,0.045054,0.810369,0.208996,0.000000000,0.000000000,0.000000000,0.000000000,0.000000000,0.000000000,,0.000000000,,,0.000000,0.000000,0.000000,,0.000000000,0,1,0,0,,,,,,,warming_up,,,,,,,,,,,,,,JS:v0:k0:r0,,,,,,
5.214258,5.232090700,,ruckig,ready,,0.0,0.0,0.0,0,1.0,0,gJS_sBM_cAll_d03_mJS5_ch02,gJS_sBM_cAll_d03_mJS5_ch02,gJS_sBM_cAll_d03_mJS5_ch02,0.000000,,,,,,,0.707817814,,0.000000,,,,,,,,,,0.000000,beat-sync,1.000000,1.000000,,0.000000000,0.170061901,left_wrist_yaw,0.000000000,right_wrist_pitch,0.170061901,left_wrist_yaw,0.000000000,right_wrist_pitch,0.024811,0.049264,0.806223,0.251545,0.000000000,0.000000000,0.000000000,0.000000000,0.000000000,0.000000000,,0.000000000,,,0.000000,0.000000,0.000000,,0.000000000,0,1,0,0,,,,,,,warming_up,,,,,,,,,,,,,,JS:v0:k0:r0,,,,,,
5.252948,5.255967100,,ruckig,ready,,0.0,0.0,0.0,0,1.0,0,gJS_sBM_cAll_d03_mJS5_ch02,gJS_sBM_cAll_d03_mJS5_ch02,gJS_sBM_cAll_d03_mJS5_ch02,0.000000,,,,,,,0.713069837,,0.000000,,,,,,,,,,0.000000,beat-sync,1.000000,1.000000,,0.000000000,0.170061901,left_wrist_yaw,0.000000000,right_wrist_pitch,0.170061901,left_wrist_yaw,0.000000000,right_wrist_pitch,0.030055,0.049757,0.804874,0.260726,0.000000000,0.000000000,0.000000000,0.000000000,0.000000000,0.000000000,,0.000000000,,,0.000000,0.000000,0.000000,,0.000000000,0,1,0,0,,,,,,,warming_up,,,,,,,,,,,,,,JS:v0:k0:r0,,,,,,
5.302750,5.305973000,,ruckig,ready,,0.0,0.0,0.0,0,1.0,0,gJS_sBM_cAll_d03_mJS5_ch02,gJS_sBM_cAll_d03_mJS5_ch02,gJS_sBM_cAll_d03_mJS5_ch02,0.000000,,,,,,,0.719830357,,0.000000,,,,,,,,,,0.000000,beat-sync,1.000000,1.000000,,0.000000000,0.170061901,left_wrist_yaw,0.000000000,right_wrist_pitch,0.170061901,left_wrist_yaw,0.000000000,right_wrist_pitch,0.032587,0.049107,0.802694,0.260706,0.000000000,0.000000000,0.000000000,0.000000000,0.000000000,0.000000000,,0.000000000,,,0.000000,0.000000,0.000000,,0.000000000,0,1,0,0,,,,,,,warming_up,,,,,,,,,,,,,,JS:v0:k0:r0,,,,,,
5.352774,5.355556900,,ruckig,ready,,0.0,0.0,0.0,0,1.0,0,gJS_sBM_cAll_d03_mJS5_ch02,gJS_sBM_cAll_d03_mJS5_ch02,gJS_sBM_cAll_d03_mJS5_ch02,0.000000,,,,,,,0.726620973,,0.000000,,,,,,,,,,0.000000,beat-sync,1.000000,1.000000,,0.000000000,0.171152746,left_wrist_yaw,0.784983923,right_wrist_yaw,0.171152746,left_wrist_yaw,1.020472160,right_wrist_yaw,0.043076,0.050138,0.801111,0.271734,0.000000000,0.000000000,0.000000000,0.000000000,0.000000000,0.000000000,,0.000000000,,,4.778302,3.948533,730.576161,,0.000000000,0,1,0,0,,,,,,,warming_up,,,,,,,,,,,,,,JS:v0:k0:r0,,,,,,
5.402947,5.405908300,,ruckig,ready,,0.0,0.0,0.0,0,1.0,0,gJS_sBM_cAll_d03_mJS5_ch02,gJS_sBM_cAll_d03_mJS5_ch02,gJS_sBM_cAll_d03_mJS5_ch02,0.000000,,,,,,,0.733431774,,0.000000,,,,,,,,,,0.000000,beat-sync,1.000000,1.000000,,0.000000000,0.183777364,right_wrist_yaw,0.073802026,left_wrist_yaw,0.183777364,right_wrist_yaw,0.101309055,left_wrist_yaw,0.045944,0.049186,0.799575,0.270690,0.000000000,0.000000000,0.000000000,0.000000000,0.000000000,0.000000000,,0.000000000,,,1.094504,0.883353,168.913113,,0.000000000,0,1,0,0,,,,,,,warming_up,,,,,,,,,,,,,,JS:v0:k0:r0,,,,,,
5.452830,5.455964500,,ruckig,ready,,0.0,0.0,0.0,0,1.0,0,gJS_sBM_cAll_d03_mJS5_ch02,gJS_sBM_cAll_d03_mJS5_ch02,gJS_sBM_cAll_d03_mJS5_ch02,0.000000,,,,,,,0.740203195,,0.000000,,,,,,,,,,0.000000,beat-sync,1.000000,1.000000,,0.000000000,0.182106383,right_wrist_yaw,0.104873746,left_wrist_yaw,0.182106383,right_wrist_yaw,0.128745158,left_wrist_yaw,0.054883,0.049625,0.798914,0.276258,0.000000000,0.000000000,0.000000000,0.000000000,0.000000000,0.000000000,,0.000000000,,,0.621270,0.517442,171.496505,,0.000000000,0,1,0,0,,,,,,,warming_up,,,,,,,,,,,,,,JS:v0:k0:r0,,,,,,
5.502810,5.505841500,,ruckig,ready,,0.0,0.0,0.0,0,1.0,0,gJS_sBM_cAll_d03_mJS5_ch02,gJS_sBM_cAll_d03_mJS5_ch02,gJS_sBM_cAll_d03_mJS5_ch02,0.000000,,,,,,,0.746987851,,0.000000,,,,,,,,,,0.000000,beat-sync,1.000000,1.000000,,0.000000000,0.177759520,right_wrist_yaw,0.091864496,right_wrist_yaw,0.177759520,right_wrist_yaw,0.115892193,right_wrist_yaw,0.056805,0.048316,0.798547,0.272402,0.000000000,0.000000000,0.000000000,0.000000000,0.000000000,0.000000000,,0.000000000,,,0.441078,0.362612,164.575662,,0.000000000,0,1,0,0,,,,,,,warming_up,,,,,,,,,,,,,,JS:v0:k0:r0,,,,,,
5.553690,5.556717300,,ruckig,ready,,0.0,0.0,0.0,0,1.0,0,gJS_sBM_cAll_d03_mJS5_ch02,gJS_sBM_cAll_d03_mJS5_ch02,gJS_sBM_cAll_d03_mJS5_ch02,0.000000,,,,,,,0.753894638,,0.000000,,,,,,,,,,0.000000,beat-sync,1.000000,1.000000,,0.000000000,0.175098484,right_wrist_yaw,0.101766112,left_wrist_yaw,0.175098484,right_wrist_yaw,0.107386280,left_wrist_yaw,0.064572,0.048357,0.798624,0.279566,0.000000000,0.000000000,0.000000000,0.000000000,0.000000000,0.000000000,,0.000000000,,,0.364297,0.310408,167.291585,,0.000000000,0,1,0,0,,,,,,,warming_up,,,,,,,,,,,,,,JS:v0:k0:r0,,,,,,
5.603180,5.606229000,,ruckig,ready,,0.0,0.0,0.0,0,1.0,0,gJS_sBM_cAll_d03_mJS5_ch02,gJS_sBM_cAll_d03_mJS5_ch02,gJS_sBM_cAll_d03_mJS5_ch02,0.000000,,,,,,,0.760612670,,0.000000,,,,,,,,,,0.000000,beat-sync,1.000000,1.000000,,0.000000000,0.170926675,right_wrist_yaw,0.082266180,right_wrist_yaw,0.170926675,right_wrist_yaw,0.094634535,right_wrist_yaw,0.065408,0.046962,0.798621,0.275221,0.000000000,0.000000000,0.000000000,0.000000000,0.000000000,0.000000000,,0.000000000,,,0.400548,0.334851,161.478418,,0.000000000,0,1,0,0,,,,,,,warming_up,,,,,,,,,,,,,,JS:v0:k0:r0,,,,,,
5.653071,5.656426600,,ruckig,ready,,0.0,0.0,0.0,0,1.0,0,gJS_sBM_cAll_d03_mJS5_ch02,gJS_sBM_cAll_d03_mJS5_ch02,gJS_sBM_cAll_d03_mJS5_ch02,0.000000,,,,,,,0.767385217,,0.000000,,,,,,,,,,0.000000,beat-sync,1.000000,1.000000,,0.000000000,0.168961478,right_wrist_yaw,0.056403021,left_wrist_yaw,0.168961478,right_wrist_yaw,0.069522124,left_wrist_yaw,0.071899,0.046918,0.798780,0.282787,0.000000000,0.000000000,0.000000000,0.000000000,0.000000000,0.000000000,,0.000000000,,,0.493198,0.405582,161.946580,,0.000000000,0,1,0,0,,,,,,,warming_up,,,,,,,,,,,,,,JS:v0:k0:r0,,,,,,
5.702745,5.705662700,,ruckig,ready,,0.0,0.0,0.0,0,1.0,0,gJS_sBM_cAll_d03_mJS5_ch02,gJS_sBM_cAll_d03_mJS5_ch02,gJS_sBM_cAll_d03_mJS5_ch02,0.000000,,,,,,,0.774128321,,0.000000,,,,,,,,,,0.000000,beat-sync,1.000000,1.000000,,0.000000000,0.165791114,right_wrist_yaw,0.051711364,right_wrist_yaw,0.165791114,right_wrist_yaw,0.065693253,right_wrist_yaw,0.071247,0.045277,0.798703,0.277002,0.000000000,0.000000000,0.000000000,0.000000000,0.000000000,0.000000000,,0.000000000,,,0.499111,0.402223,190.734923,,0.000000000,0,1,0,0,,,,,,,warming_up,,,,,,,,,,,,,,JS:v0:k0:r0,,,,,,
5.752831,5.756003300,,ruckig,ready,,0.0,0.0,0.0,0,1.0,0,gJS_sBM_cAll_d03_mJS5_ch02,gJS_sBM_cAll_d03_mJS5_ch02,gJS_sBM_cAll_d03_mJS5_ch02,0.000000,,,,,,,0.780927231,,0.000000,,,,,,,,,,0.000000,beat-sync,1.000000,1.000000,,0.000000000,0.166542633,right_wrist_yaw,0.035319801,left_wrist_yaw,0.166542633,right_wrist_yaw,0.045160904,left_wrist_yaw,0.076919,0.045318,0.798850,0.285625,0.000000000,0.000000000,0.000000000,0.000000000,0.000000000,0.000000000,,0.000000000,,,0.512165,0.404850,173.507267,,0.000000000,0,1,0,0,,,,,,,warming_up,,,,,,,,,,,,,,JS:v0:k0:r0,,,,,,
5.802983,5.806160300,,ruckig,ready,,0.0,0.0,0.0,0,1.0,0,gJS_sBM_cAll_d03_mJS5_ch02,gJS_sBM_cAll_d03_mJS5_ch02,gJS_sBM_cAll_d03_mJS5_ch02,0.000000,,,,,,,0.787735235,,0.000000,,,,,,,,,,0.000000,beat-sync,1.000000,1.000000,,0.000000000,0.165804021,right_wrist_yaw,0.036684816,left_wrist_yaw,0.165804021,right_wrist_yaw,0.041686911,left_wrist_yaw,0.075340,0.043736,0.798824,0.279079,0.000000000,0.000000000,0.000000000,0.000000000,0.000000000,0.000000000,,0.000000000,,,0.424114,0.355204,161.646218,,0.000000000,0,1,0,0,,,,,,,warming_up,,,,,,,,,,,,,,JS:v0:k0:r0,,,,,,
5.852856,5.855866600,,ruckig,ready,,0.0,0.0,0.0,0,1.0,0,gJS_sBM_cAll_d03_mJS5_ch02,gJS_sBM_cAll_d03_mJS5_ch02,gJS_sBM_cAll_d03_mJS5_ch02,0.000000,,,,,,,0.794505285,,0.000000,,,,,,,,,,0.000000,beat-sync,1.000000,1.000000,,0.000000000,0.167833396,right_wrist_yaw,0.045320524,right_wrist_yaw,0.167833396,right_wrist_yaw,0.058462104,right_wrist_yaw,0.080117,0.043847,0.798979,0.286406,0.000000000,0.000000000,0.000000000,0.000000000,0.000000000,0.000000000,,0.000000000,,,0.477229,0.386382,163.154286,,0.000000000,0,1,0,0,,,,,,,warming_up,,,,,,,,,,,,,,JS:v0:k0:r0,,,,,,
5.903136,5.906520200,,ruckig,ready,,0.0,0.0,0.0,0,1.0,0,gJS_sBM_cAll_d03_mJS5_ch02,gJS_sBM_cAll_d03_mJS5_ch02,gJS_sBM_cAll_d03_mJS5_ch02,0.000000,,,,,,,0.801330747,,0.000000,,,,,,,,,,0.000000,beat-sync,1.000000,1.000000,,0.000000000,0.167953324,right_wrist_yaw,0.053289153,left_wrist_yaw,0.167953324,right_wrist_yaw,0.059906685,left_wrist_yaw,0.077689,0.042401,0.798931,0.278409,0.000000000,0.000000000,0.000000000,0.000000000,0.000000000,0.000000000,,0.000000000,,,0.388863,0.326256,165.046018,,0.000000000,0,1,0,0,,,,,,,warming_up,,,,,,,,,,,,,,JS:v0:k0:r0,,,,,,
5.952829,5.956001900,,ruckig,ready,,0.0,0.0,0.0,0,1.0,0,gJS_sBM_cAll_d03_mJS5_ch02,gJS_sBM_cAll_d03_mJS5_ch02,gJS_sBM_cAll_d03_mJS5_ch02,0.000000,,,,,,,0.808076281,,0.000000,,,,,,,,,,0.000000,beat-sync,1.000000,1.000000,,0.000000000,0.170167887,right_wrist_yaw,0.038751353,right_wrist_yaw,0.170167887,right_wrist_yaw,0.052334161,right_wrist_yaw,0.081700,0.042674,0.799036,0.284524,0.000000000,0.000000000,0.000000000,0.000000000,0.000000000,0.000000000,,0.000000000,,,0.463097,0.362867,174.172907,,0.000000000,0,1,0,0,,,,,,,warming_up,,,,,,,,,,,,,,JS:v0:k0:r0,,,,,,
6.009302,6.025063700,,ruckig,ready,,0.0,0.0,0.0,0,1.0,0,gJS_sBM_cAll_d03_mJS5_ch02,gJS_sBM_cAll_d03_mJS5_ch02,gJS_sBM_cAll_d03_mJS5_ch02,0.000000,,,,,,,0.815742339,,0.000000,,,,,,,,,,0.000000,beat-sync,1.000000,1.000000,,0.000000000,0.170611515,right_wrist_yaw,0.140169601,left_wrist_yaw,0.170611515,right_wrist_yaw,0.055472817,left_wrist_yaw,0.080525,0.041893,0.798981,0.279439,0.000000000,0.000000000,0.000000000,0.000000000,0.000000000,0.000000000,,0.000000000,,,0.175756,0.133460,0.832813,,0.000000000,0,1,0,0,,,,,,,warming_up,,,,,,,,,,,,,,JS:v0:k0:r0,,,,,,
6.053566,6.062697500,,ruckig,ready,,0.0,0.0,0.0,0,1.0,0,gJS_sBM_cAll_d03_mJS5_ch02,gJS_sBM_cAll_d03_mJS5_ch02,gJS_sBM_cAll_d03_mJS5_ch02,0.000000,,,,,,,0.821751081,,0.000000,,,,,,,,,,0.000000,beat-sync,1.000000,1.000000,,0.000000000,0.171529877,right_wrist_yaw,0.061108440,right_wrist_yaw,0.171529877,right_wrist_yaw,0.055244361,right_wrist_yaw,0.081659,0.041966,0.799012,0.279962,0.000000000,0.000000000,0.000000000,0.000000000,0.000000000,0.000000000,,0.000000000,,,0.648839,0.401604,81.431990,,0.000000000,0,1,0,0,,,,,,,warming_up,,,,,,,,,,,,,,JS:v0:k0:r0,,,,,,
6.105416,6.119435600,,ruckig,ready,,0.0,0.0,0.0,0,1.0,0,gJS_sBM_cAll_d03_mJS5_ch02,gJS_sBM_cAll_d03_mJS5_ch02,gJS_sBM_cAll_d03_mJS5_ch02,0.000000,,,,,,,0.828789570,,0.000000,,,,,,,,,,0.000000,beat-sync,1.000000,1.000000,,0.000000000,0.171125125,right_wrist_yaw,0.031805009,right_wrist_yaw,0.171125125,right_wrist_yaw,0.020629188,right_wrist_yaw,0.078450,0.041330,0.799050,0.271786,0.000000000,0.000000000,0.000000000,0.000000000,0.000000000,0.000000000,,0.000000000,,,0.267637,0.193897,100.808076,,0.000000000,0,1,0,0,,,,,,,warming_up,,,,,,,,,,,,,,JS:v0:k0:r0,,,,,,
6.155210,6.163433200,,ruckig,ready,,0.0,0.0,0.0,0,1.0,0,gJS_sBM_cAll_d03_mJS5_ch02,gJS_sBM_cAll_d03_mJS5_ch02,gJS_sBM_cAll_d03_mJS5_ch02,0.000000,,,,,,,0.835548842,,0.000000,,,,,,,,,,0.000000,beat-sync,1.000000,1.000000,,0.000000000,0.171647282,right_wrist_yaw,0.036988983,right_wrist_yaw,0.171647282,right_wrist_yaw,0.058792180,right_wrist_yaw,0.079036,0.041855,0.799314,0.272129,0.000000000,0.000000000,0.000000000,0.000000000,0.000000000,0.000000000,,0.000000000,,,0.705791,0.464348,194.051119,,0.000000000,0,1,0,0,,,,,,,warming_up,,,,,,,,,,,,,,JS:v0:k0:r0,,,,,,
6.206064,6.213347500,,ruckig,ready,,0.0,0.0,0.0,0,1.0,0,gJS_sBM_cAll_d03_mJS5_ch02,gJS_sBM_cAll_d03_mJS5_ch02,gJS_sBM_cAll_d03_mJS5_ch02,0.000000,,,,,,,0.842452181,,0.000000,,,,,,,,,,0.000000,beat-sync,1.000000,1.000000,,0.000000000,0.169907850,right_wrist_yaw,0.188964865,right_wrist_yaw,0.169907850,right_wrist_yaw,0.087524579,right_wrist_yaw,0.074839,0.041616,0.799635,0.264422,0.000000000,0.000000000,0.000000000,0.000000000,0.000000000,0.000000000,,0.000000000,,,0.843363,0.779585,62.111249,,0.000000000,0,1,0,0,,,,,,,warming_up,,,,,,,,,,,,,,JS:v0:k0:r0,,,,,,
6.251587,6.257081300,,ruckig,ready,,0.0,0.0,0.0,0,1.0,0,gJS_sBM_cAll_d03_mJS5_ch02,gJS_sBM_cAll_d03_mJS5_ch02,gJS_sBM_cAll_d03_mJS5_ch02,0.000000,,,,,,,0.848631665,,0.000000,,,,,,,,,,0.000000,beat-sync,1.000000,1.000000,,0.000000000,0.169088081,right_wrist_yaw,0.302386504,left_wrist_yaw,0.169088081,right_wrist_yaw,0.202043580,left_wrist_yaw,0.074601,0.042598,0.800197,0.265504,0.000000000,0.000000000,0.000000000,0.000000000,0.000000000,0.000000000,,0.000000000,,,1.712531,1.309690,155.650079,,0.000000000,0,1,0,0,,,,,,,warming_up,,,,,,,,,,,,,,JS:v0:k0:r0,,,,,,
6.306313,6.314521900,,ruckig,ready,,0.0,0.0,0.0,0,1.0,0,gJS_sBM_cAll_d03_mJS5_ch02,gJS_sBM_cAll_d03_mJS5_ch02,gJS_sBM_cAll_d03_mJS5_ch02,0.000000,,,,,,,0.856060643,,0.000000,,,,,,,,,,0.000000,beat-sync,1.000000,1.000000,,0.000000000,0.163881015,right_wrist_yaw,0.221692893,right_wrist_yaw,0.163881015,right_wrist_yaw,0.126457354,right_wrist_yaw,0.065970,0.042576,0.801238,0.254542,0.000000000,0.000000000,0.000000000,0.000000000,0.000000000,0.000000000,,0.000000000,,,0.606494,0.423476,54.119169,,0.000000000,0,1,0,0,,,,,,,warming_up,,,,,,,,,,,,,,JS:v0:k0:r0,,,,,,
6.354304,6.360615800,,ruckig,ready,,0.0,0.0,0.0,0,1.0,0,gJS_sBM_cAll_d03_mJS5_ch02,gJS_sBM_cAll_d03_mJS5_ch02,gJS_sBM_cAll_d03_mJS5_ch02,0.000000,,,,,,,0.862575136,,0.000000,,,,,,,,,,0.000000,beat-sync,1.000000,1.000000,,0.000000000,0.160530331,right_wrist_yaw,0.091376363,right_wrist_yaw,0.160530331,right_wrist_yaw,0.100537323,right_wrist_yaw,0.061553,0.043685,0.802500,0.252927,0.000000000,0.000000000,0.000000000,0.000000000,0.000000000,0.000000000,,0.000000000,,,0.398343,0.298549,163.566218,,0.000000000,0,1,0,0,,,,,,,warming_up,,,,,,,,,,,,,,JS:v0:k0:r0,,,,,,
6.414746,6.419849100,,ruckig,ready,,0.0,0.0,0.0,0,1.0,0,gJS_sBM_cAll_d03_mJS5_ch02,gJS_sBM_cAll_d03_mJS5_ch02,gJS_sBM_cAll_d03_mJS5_ch02,0.000000,,,,,,,0.870780000,,0.000000,,,,,,,,,,0.000000,beat-sync,1.000000,1.000000,,0.000000000,0.155879900,right_wrist_yaw,0.164004633,right_wrist_yaw,0.155879900,right_wrist_yaw,0.100961466,right_wrist_yaw,0.052888,0.044906,0.804299,0.246196,0.000000000,0.000000000,0.000000000,0.000000000,0.000000000,0.000000000,,0.000000000,,,0.573983,0.477715,19.204135,,0.000000000,0,1,0,0,,,,,,,warming_up,,,,,,,,,,,,,,JS:v0:k0:r0,,,,,,
6.458888,6.466161100,,ruckig,ready,,0.0,0.0,0.0,0,1.0,0,gJS_sBM_cAll_d03_mJS5_ch02,gJS_sBM_cAll_d03_mJS5_ch02,gJS_sBM_cAll_d03_mJS5_ch02,0.000000,,,,,,,0.876772100,,0.000000,,,,,,,,,,0.000000,beat-sync,1.000000,1.000000,,0.000000000,0.154532538,left_wrist_yaw,0.100582121,right_wrist_yaw,0.154532538,left_wrist_yaw,0.073331964,right_wrist_yaw,0.043315,0.045297,0.805945,0.236390,0.000000000,0.000000000,0.000000000,0.000000000,0.000000000,0.000000000,,0.000000000,,,1.021015,0.734118,65.837805,,0.000000000,0,1,0,0,,,,,,,warming_up,,,,,,,,,,,,,,JS:v0:k0:r0,,,,,,
6.505246,6.510485000,,ruckig,ready,,0.0,0.0,0.0,0,1.0,0,gJS_sBM_cAll_d03_mJS5_ch02,gJS_sBM_cAll_d03_mJS5_ch02,gJS_sBM_cAll_d03_mJS5_ch02,0.000000,,,,,,,0.883065027,,0.000000,,,,,,,,,,0.000000,beat-sync,1.000000,1.000000,,0.000000000,0.155257443,left_wrist_yaw,0.008393639,left_wrist_yaw,0.155257443,left_wrist_yaw,0.026822222,left_wrist_yaw,0.035426,0.046015,0.807854,0.227107,0.000000000,0.000000000,0.000000000,0.000000000,0.000000000,0.000000000,,0.000000000,,,1.641657,0.719575,282.826576,,0.000000000,0,1,0,0,,,,,,,warming_up,,,,,,,,,,,,,,JS:v0:k0:r0,,,,,,
6.557770,6.567105500,,ruckig,ready,,0.0,0.0,0.0,0,1.0,0,gJS_sBM_cAll_d03_mJS5_ch02,gJS_sBM_cAll_d03_mJS5_ch02,gJS_sBM_cAll_d03_mJS5_ch02,0.000000,,,,,,,0.890195009,,0.000000,,,,,,,,,,0.000000,beat-sync,1.000000,1.000000,,0.000000000,0.156528838,left_wrist_yaw,0.131211934,left_wrist_yaw,0.156528838,left_wrist_yaw,0.129438625,left_wrist_yaw,0.029848,0.046970,0.809919,0.217954,0.000000000,0.000000000,0.000000000,0.000000000,0.000000000,0.000000000,,0.000000000,,,1.155507,0.723369,176.468388,,0.000000000,0,1,0,0,,,,,,,warming_up,,,,,,,,,,,,,,JS:v0:k0:r0,,,,,,
6.612487,6.617169400,,ruckig,ready,,0.0,0.0,0.0,0,1.0,0,gJS_sBM_cAll_d03_mJS5_ch02,gJS_sBM_cAll_d03_mJS5_ch02,gJS_sBM_cAll_d03_mJS5_ch02,0.000000,,,,,,,0.897622629,,0.000000,,,,,,,,,,0.000000,beat-sync,1.000000,1.000000,,0.000000000,0.158722651,left_wrist_yaw,0.138927202,right_wrist_yaw,0.158722651,left_wrist_yaw,0.099697451,right_wrist_yaw,0.025348,0.047476,0.811523,0.206960,0.000000000,0.000000000,0.000000000,0.000000000,0.000000000,0.000000000,,0.000000000,,,1.611798,1.314717,122.078622,,0.000000000,0,1,0,0,,,,,,,warming_up,,,,,,,,,,,,,,JS:v0:k0:r0,,,,,,
6.661621,6.666583300,,ruckig,ready,,0.0,0.0,0.0,0,1.0,0,gJS_sBM_cAll_d03_mJS5_ch02,gJS_sBM_cAll_d03_mJS5_ch02,gJS_sBM_cAll_d03_mJS5_ch02,0.000000,,,,,,,0.904292511,,0.000000,,,,,,,,,,0.000000,beat-sync,1.000000,1.000000,,0.000000000,0.162248137,left_wrist_yaw,0.186408903,left_wrist_yaw,0.162248137,left_wrist_yaw,0.112255028,left_wrist_yaw,0.018650,0.046977,0.812552,0.193366,0.000000000,0.000000000,0.000000000,0.000000000,0.000000000,0.000000000,,0.000000000,,,0.670742,0.582332,5.836106,,0.000000000,0,1,0,0,,,,,,,warming_up,,,,,,,,,,,,,,JS:v0:k0:r0,,,,,,
6.702080,6.705236900,,ruckig,ready,,0.0,0.0,0.0,0,1.0,0,gJS_sBM_cAll_d03_mJS5_ch02,gJS_sBM_cAll_d03_mJS5_ch02,gJS_sBM_cAll_d03_mJS5_ch02,0.000000,,,,,,,0.909784683,,0.000000,,,,,,,,,,0.000000,beat-sync,1.000000,1.000000,,0.000000000,0.162454095,left_wrist_yaw,0.003171743,right_wrist_yaw,0.162454095,left_wrist_yaw,0.003839622,right_wrist_yaw,0.020167,0.047405,0.812666,0.187970,0.000000000,0.000000000,0.000000000,0.000000000,0.000000000,0.000000000,,0.000000000,,,0.072869,0.061008,3.796761,,0.000000000,0,1,0,0,,,,,,,warming_up,,,,,,,,,,,,,,JS:v0:k0:r0,,,,,,
6.752055,6.758129000,,ruckig,ready,,0.0,0.0,0.0,0,1.0,0,gJS_sBM_cAll_d03_mJS5_ch02,gJS_sBM_cAll_d03_mJS5_ch02,gJS_sBM_cAll_d03_mJS5_ch02,0.000000,,,,,,,0.916568620,,0.000000,,,,,,,,,,0.000000,beat-sync,1.000000,1.000000,,0.000000000,0.162453696,left_wrist_yaw,0.000000000,right_wrist_pitch,0.162453696,left_wrist_yaw,0.000000000,right_wrist_pitch,0.018793,0.047038,0.812417,0.181346,0.000000000,0.000000000,0.000000000,0.000000000,0.000000000,0.000000000,,0.000000000,,,0.000000,0.000000,0.000000,,0.000000000,0,1,0,0,,,,,,,warming_up,,,,,,,,,,,,,,JS:v0:k0:r0,,,,,,
6.802111,6.804613100,,ruckig,ready,,0.0,0.0,0.0,0,1.0,0,gJS_sBM_cAll_d03_mJS5_ch02,gJS_sBM_cAll_d03_mJS5_ch02,gJS_sBM_cAll_d03_mJS5_ch02,0.000000,,,,,,,0.923363511,,0.000000,,,,,,,,,,0.000000,beat-sync,1.000000,1.000000,,0.000000000,0.162453696,left_wrist_yaw,0.000000000,right_wrist_pitch,0.162453696,left_wrist_yaw,0.000000000,right_wrist_pitch,0.018066,0.046534,0.811831,0.172710,0.000000000,0.000000000,0.000000000,0.000000000,0.000000000,0.000000000,,0.000000000,,,0.000000,0.000000,0.000000,,0.000000000,0,1,0,0,,,,,,,warming_up,,,,,,,,,,,,,,JS:v0:k0:r0,,,,,,
6.851881,6.857531000,,ruckig,ready,,0.0,0.0,0.0,0,1.0,0,gJS_sBM_cAll_d03_mJS5_ch02,gJS_sBM_cAll_d03_mJS5_ch02,gJS_sBM_cAll_d03_mJS5_ch02,0.000000,,,,,,,0.930119647,,0.000000,,,,,,,,,,0.000000,beat-sync,1.000000,1.000000,,0.000000000,0.162453696,left_wrist_yaw,0.000000000,right_wrist_pitch,0.162453696,left_wrist_yaw,0.000000000,right_wrist_pitch,0.017243,0.045881,0.811357,0.159656,0.000000000,0.000000000,0.000000000,0.000000000,0.000000000,0.000000000,,0.000000000,,,0.000000,0.000000,0.000000,,0.000000000,0,1,0,0,,,,,,,warming_up,,,,,,,,,,,,,,JS:v0:k0:r0,,,,,,
6.903039,6.906033500,,ruckig,ready,,0.0,0.0,0.0,0,0.9965584666785484,0,gJS_sBM_cAll_d03_mJS5_ch02,gJS_sBM_cAll_d03_mJS5_ch02,gJS_sBM_cAll_d03_mJS5_ch02,0.000000,,,,,,,0.937064050,,0.000000,,,,,,,,,,0.000000,beat-sync,1.000000,1.000000,,0.000000000,0.162453696,left_wrist_yaw,0.000000000,right_wrist_pitch,0.162453696,left_wrist_yaw,0.000000000,right_wrist_pitch,0.017295,0.045216,0.811156,0.154016,0.000000000,0.000000000,0.000000000,0.000000000,0.000000000,0.000000000,,0.000000000,,,0.000000,0.000000,0.000000,,0.000000000,0,1,0,0,,,,,,,warming_up,,,,,,,,,,,,,,JS:v0:k0:r0,,,,,,
6.959712,6.967992600,,ruckig,ready,,0.0,0.0,0.0,0,0.9522061791698555,0,gJS_sBM_cAll_d03_mJS5_ch02,gJS_sBM_cAll_d03_mJS5_ch02,gJS_sBM_cAll_d03_mJS5_ch02,0.000000,,,,,,,0.944757326,,0.000000,,,,,,,,,,0.000000,beat-sync,1.000000,1.000000,,0.000000000,0.162453696,left_wrist_yaw,0.000000000,right_wrist_pitch,0.162453696,left_wrist_yaw,0.000000000,right_wrist_pitch,0.017550,0.044536,0.811074,0.149093,0.000000000,0.000000000,0.000000000,0.000000000,0.000000000,0.000000000,,0.000000000,,,0.000000,0.000000,0.000000,,0.000000000,0,1,0,0,,,,,,,warming_up,,,,,,,,,,,,,,JS:v0:k0:r0,,,,,,
7.002835,7.007429500,,ruckig,ready,,0.0,0.0,0.0,0,0.8715379977637625,0,gJS_sBM_cAll_d03_mJS5_ch02,gJS_sBM_cAll_d03_mJS5_ch02,gJS_sBM_cAll_d03_mJS5_ch02,0.000000,,,,,,,0.950611127,,0.000000,,,,,,,,,,0.000000,beat-sync,1.000000,1.000000,,0.000000000,0.162453696,left_wrist_yaw,0.000000000,right_wrist_pitch,0.162453696,left_wrist_yaw,0.000000000,right_wrist_pitch,0.018168,0.044091,0.811147,0.147992,0.000000000,0.000000000,0.000000000,0.000000000,0.000000000,0.000000000,,0.000000000,,,0.000000,0.000000,0.000000,,0.000000000,0,1,0,0,,,,,,,warming_up,,,,,,,,,,,,,,JS:v0:k0:r0,,,,,,
7.064411,7.072804700,,ruckig,ready,,0.0,0.0,0.0,0,0.6903245024135021,0,gJS_sBM_cAll_d03_mJS5_ch02,gJS_sBM_cAll_d03_mJS5_ch02,gJS_sBM_cAll_d03_mJS5_ch02,0.000000,,,,,,,0.958969873,,0.000000,,,,,,,,,,0.000000,beat-sync,1.000000,1.000000,,0.000000000,0.162453696,left_wrist_yaw,0.000000000,right_wrist_pitch,0.162453696,left_wrist_yaw,0.000000000,right_wrist_pitch,0.018051,0.043728,0.811313,0.142272,0.000000000,0.000000000,0.000000000,0.000000000,0.000000000,0.000000000,,0.000000000,,,0.000000,0.000000,0.000000,,0.000000000,0,1,0,0,,,,,,,warming_up,,,,,,,,,,,,,,JS:v0:k0:r0,,,,,,
7.106559,7.111664400,,ruckig,ready,,0.0,0.0,0.0,0,0.5378639593943105,0,gJS_sBM_cAll_d03_mJS5_ch02,gJS_sBM_cAll_d03_mJS5_ch02,gJS_sBM_cAll_d03_mJS5_ch02,0.000000,,,,,,,0.964691213,,0.000000,,,,,,,,,,0.000000,beat-sync,1.000000,1.000000,,0.000000000,0.162453696,left_wrist_yaw,0.000000000,right_wrist_pitch,0.162453696,left_wrist_yaw,0.000000000,right_wrist_pitch,0.018519,0.043653,0.811381,0.141900,0.000000000,0.000000000,0.000000000,0.000000000,0.000000000,0.000000000,,0.000000000,,,0.000000,0.000000,0.000000,,0.000000000,0,1,0,0,,,,,,,warming_up,,,,,,,,,,,,,,JS:v0:k0:r0,,,,,,
7.391608,7.436082000,switch_start,ruckig,executing,,4.440892098500626e-16,2.220446049250313e-14,5.684341886080802e-14,0,0.0,0,gJS_sBM_cAll_d03_mJS5_ch02,,,0.000000,,7.366667,0,,gJS_sBM_cAll_d03_mJS5_ch02,replay_no_feasible_candidate,1.000000000,0.000000000,0.071260,replay_no_feasible_candidate,0.000000000,0.093573,0.056516,0.282744,0.000000,0.069130,0.000000,7.366667,0.350000,beat-sync,1.000000,1.000000,,0.000000000,0.170798842,right_wrist_yaw,2.713936549,right_wrist_roll,0.170798842,right_wrist_yaw,0.174931879,right_wrist_roll,0.020335,0.044077,0.811614,0.146381,0.000000000,0.000000000,0.000000000,0.000000000,0.000000000,0.000000000,,0.000000000,,,0.191200,0.182751,1.351078,,0.000000000,0,1,0,0,,,,,,,warming_up,,,,,,,,,,,,,,JS:v0:k0:r0,,,,,,
7.444863,7.453098100,,ruckig,executing,,4.440892098500626e-16,2.220446049250313e-14,5.684341886080802e-14,0,0.0,0,gJS_sBM_cAll_d03_mJS5_ch02,,,0.000000,,7.366667,0,,gJS_sBM_cAll_d03_mJS5_ch02,replay_no_feasible_candidate,1.000000000,0.000000000,0.223418,replay_no_feasible_candidate,0.000000000,0.093573,0.056516,0.282744,0.000000,0.069130,0.000000,7.366667,0.350000,beat-sync,1.000000,1.000000,,0.000000000,0.218424326,right_wrist_yaw,14.416288502,right_wrist_roll,0.218424326,right_wrist_yaw,9.757534257,right_wrist_roll,0.020335,0.044077,0.811706,0.146386,0.000000000,0.000000000,0.000000000,0.000000000,0.000000000,0.000000000,,0.000000000,,,13.759981,12.216641,867.776444,,0.000000000,0,1,0,0,,,,,,,warming_up,,,,,,,,,,,,,,JS:v0:k0:r0,,,,,,
7.465081,7.468229100,,ruckig,executing,,4.440892098500626e-16,2.220446049250313e-14,5.684341886080802e-14,0,0.0,0,gJS_sBM_cAll_d03_mJS5_ch02,,,0.000000,,7.366667,0,,gJS_sBM_cAll_d03_mJS5_ch02,replay_no_feasible_candidate,1.000000000,0.000000000,0.281184,replay_no_feasible_candidate,0.000000000,0.093573,0.056516,0.282744,0.000000,0.069130,0.000000,7.366667,0.350000,beat-sync,1.000000,1.000000,,0.000000000,0.236505252,right_wrist_yaw,5.483344307,right_wrist_roll,0.236505252,right_wrist_yaw,2.818597311,right_wrist_roll,0.020335,0.044077,0.811782,0.146390,0.000000000,0.000000000,0.000000000,0.000000000,0.000000000,0.000000000,,0.000000000,,,4.018744,3.557447,472.818268,,0.000000000,0,1,0,0,,,,,,,warming_up,,,,,,,,,,,,,,JS:v0:k0:r0,,,,,,
7.503716,7.506574400,,ruckig,executing,,4.440892098500626e-16,2.220446049250313e-14,5.684341886080802e-14,0,0.0,0,gJS_sBM_cAll_d03_mJS5_ch02,,,0.000000,,7.366667,0,,gJS_sBM_cAll_d03_mJS5_ch02,replay_no_feasible_candidate,1.000000000,0.000000000,0.391570,replay_no_feasible_candidate,0.000000000,0.093573,0.056516,0.282744,0.000000,0.069130,0.000000,7.366667,0.350000,beat-sync,1.000000,1.000000,,0.000000000,0.271056311,right_wrist_yaw,2.309230467,right_wrist_roll,0.271056311,right_wrist_yaw,2.784043523,right_wrist_roll,0.020335,0.044077,0.811986,0.146397,0.000000000,0.000000000,0.000000000,0.000000000,0.000000000,0.000000000,,0.000000000,,,3.969478,3.155795,52.899342,,0.000000000,0,1,0,0,,,,,,,warming_up,,,,,,,,,,,,,,JS:v0:k0:r0,,,,,,
7.554809,7.559233800,,ruckig,executing,,4.440892098500626e-16,2.220446049250313e-14,5.684341886080802e-14,0,0.0,0,gJS_sBM_cAll_d03_mJS5_ch02,,,0.000000,,7.366667,0,,gJS_sBM_cAll_d03_mJS5_ch02,replay_no_feasible_candidate,1.000000000,0.000000000,0.537549,replay_no_feasible_candidate,0.000000000,0.093573,0.056516,0.282744,0.000000,0.069130,0.000000,7.366667,0.350000,beat-sync,1.000000,1.000000,,0.000000000,0.340868309,right_wrist_roll,2.304538564,right_wrist_roll,0.340868309,right_wrist_roll,2.834234277,right_wrist_roll,0.020335,0.044077,0.812317,0.146399,0.000000000,0.000000000,0.000000000,0.000000000,0.000000000,0.000000000,,0.000000000,,,4.041040,2.789040,34.365223,,0.000000000,0,1,0,0,,,,,,,warming_up,,,,,,,,,,,,,,JS:v0:k0:r0,,,,,,
7.604530,7.607618300,,ruckig,executing,,4.440892098500626e-16,2.220446049250313e-14,5.684341886080802e-14,0,0.0,0,gJS_sBM_cAll_d03_mJS5_ch02,,,0.000000,,7.366667,0,,gJS_sBM_cAll_d03_mJS5_ch02,replay_no_feasible_candidate,1.000000000,0.000000000,0.679610,replay_no_feasible_candidate,0.000000000,0.093573,0.056516,0.282744,0.000000,0.069130,0.000000,7.366667,0.350000,beat-sync,1.000000,1.000000,,0.000000000,0.453242351,right_wrist_roll,2.168419101,right_wrist_roll,0.453242351,right_wrist_roll,2.922177171,right_wrist_roll,0.020335,0.044077,0.812613,0.146392,0.000000000,0.000000000,0.000000000,0.000000000,0.000000000,0.000000000,,0.000000000,,,4.149885,3.232323,10.643877,,0.000000000,0,1,0,0,,,,,,,warming_up,,,,,,,,,,,,,,JS:v0:k0:r0,,,,,,
7.654478,7.658172000,,ruckig,executing,,4.440892098500626e-16,2.220446049250313e-14,5.684341886080802e-14,0,0.0,0,gJS_sBM_cAll_d03_mJS5_ch02,,,0.000000,,7.366667,0,,gJS_sBM_cAll_d03_mJS5_ch02,replay_no_feasible_candidate,1.000000000,0.000000000,0.822317,replay_no_feasible_candidate,0.000000000,0.093573,0.056516,0.282744,0.000000,0.069130,0.000000,7.366667,0.350000,beat-sync,1.000000,1.000000,,0.000000000,0.508418684,right_wrist_roll,1.575524594,right_wrist_roll,0.508418684,right_wrist_roll,2.735741710,right_wrist_roll,0.020335,0.044077,0.812798,0.146383,0.000000000,0.000000000,0.000000000,0.000000000,0.000000000,0.000000000,,0.000000000,,,10.625229,7.162485,256.276009,,0.000000000,0,1,0,0,,,,,,,warming_up,,,,,,,,,,,,,,JS:v0:k0:r0,,,,,,
7.704767,7.707693300,,ruckig,executing,,4.440892098500626e-16,2.220446049250313e-14,5.684341886080802e-14,0,0.0,0,gJS_sBM_cAll_d03_mJS5_ch02,,,0.000000,,7.366667,0,,gJS_sBM_cAll_d03_mJS5_ch02,replay_no_feasible_candidate,1.000000000,0.000000000,0.966002,replay_no_feasible_candidate,0.000000000,0.093573,0.056516,0.282744,0.000000,0.069130,0.000000,7.366667,0.350000,beat-sync,1.000000,1.000000,,0.000000000,0.234773102,left_wrist_pitch,8.874620229,right_wrist_roll,0.234773102,left_wrist_pitch,10.680680597,right_wrist_roll,0.020335,0.044077,0.812850,0.146380,0.000000000,0.000000000,0.000000000,0.000000000,0.000000000,0.000000000,,0.000000000,,,11.101179,9.012192,327.542325,,0.000000000,0,1,0,0,,,,,,,warming_up,,,,,,,,,,,,,,JS:v0:k0:r0,,,,,,
7.722102,7.726213400,switch_complete,ruckig,awaiting_preparation,,4.440892098500626e-16,2.220446049250313e-14,5.684341886080802e-14,0,1.2635380984375697e-05,1,gJS_sBM_cAll_d03_mJS5_ch02,,,0.000000,,7.366667,0,,,replay_no_feasible_candidate,0.000737787,0.000000000,1.000000,replay_no_feasible_candidate,0.000000000,0.093573,0.056516,0.282744,0.000000,0.069130,0.000000,7.366667,0.350000,beat-sync,1.000000,1.000000,,0.000000000,0.149222494,left_wrist_yaw,7.885506872,left_wrist_pitch,0.149222494,left_wrist_yaw,7.228309016,left_wrist_pitch,0.019620,0.043891,0.812802,0.147048,0.000000000,0.000000000,0.000000000,0.000000000,0.000000000,0.000000000,,0.000000000,,,9.593324,8.184395,315.631675,,0.000000000,0,1,0,0,,,,,,,warming_up,,,,,,,,,,,,,,JS:v0:k0:r0,,,,,,
7.729642,7.733478000,post_switch_continuity,ruckig,preparing,,4.440892098500626e-16,2.220446049250313e-14,5.684341886080802e-14,0,0.00016803310246369112,1,gJS_sBM_cAll_d03_mJS5_ch02,,,0.000000,,7.366667,0,,,replay_no_feasible_candidate,0.001761371,0.000000000,0.000000,replay_no_feasible_candidate,0.000000000,0.093573,0.056516,0.282744,0.000000,0.069130,0.000000,7.366667,0.350000,beat-sync,1.000000,1.000000,,0.000000000,0.151681629,left_wrist_yaw,5.323503570,left_wrist_pitch,0.151681629,left_wrist_yaw,7.761114372,left_wrist_pitch,0.018627,0.043633,0.812734,0.147978,0.000000000,0.000000000,0.000000000,0.001025803,0.000067998,0.000930108,,0.000000000,,,12.432925,10.022649,259.252358,,0.000000000,0,1,0,0,,,,,,,warming_up,,,,,,,,,,,,,,JS:v0:k0:r0,,,,,,
7.754546,7.758765200,,ruckig,ready,,4.440892098500626e-16,2.220446049250313e-14,5.684341886080802e-14,0,0.0038689410710190195,1,gJS_sBM_cAll_d03_mJS5_ch02,gJS_sBM_cAll_d03_mJS5_ch02,gJS_sBM_cAll_d03_mJS5_ch02,0.000000,,7.366667,0,,,replay_no_feasible_candidate,0.005141991,0.000000000,0.000000,replay_no_feasible_candidate,0.000000000,0.093573,0.056516,0.282744,0.000000,0.069130,0.000000,7.366667,0.350000,beat-sync,1.000000,1.000000,,0.000000000,0.159253761,left_wrist_yaw,1.579167111,left_wrist_pitch,0.159253761,left_wrist_yaw,1.840237995,left_wrist_pitch,0.018221,0.043489,0.812245,0.149180,0.000000000,0.000000000,0.000000000,0.001025803,0.000067998,0.000930108,,0.000000000,,,11.432961,9.551978,650.945503,,0.000000000,0,1,0,0,,,,,,,warming_up,,,,,,,,,,,,,,JS:v0:k0:r0,,,,,,
7.804818,7.808114100,,ruckig,ready,,4.440892098500626e-16,2.220446049250313e-14,5.684341886080802e-14,0,0.041329039013061286,1,gJS_sBM_cAll_d03_mJS5_ch02,gJS_sBM_cAll_d03_mJS5_ch02,gJS_sBM_cAll_d03_mJS5_ch02,0.000000,,7.366667,0,,,replay_no_feasible_candidate,0.011966190,0.000000000,0.000000,replay_no_feasible_candidate,0.000000000,0.093573,0.056516,0.282744,0.000000,0.069130,0.000000,7.366667,0.350000,beat-sync,1.000000,1.000000,,0.000000000,0.158233908,left_wrist_yaw,0.019581367,right_wrist_yaw,0.158233908,left_wrist_yaw,0.022958896,right_wrist_yaw,0.020691,0.043862,0.811767,0.150161,0.000000000,0.000000000,0.000000000,0.001025803,0.000067998,0.000930108,,0.000000000,,,0.379452,0.321211,288.581121,,0.000000000,0,1,0,0,,,,,,,warming_up,,,,,,,,,,,,,,JS:v0:k0:r0,,,,,,
7.854641,7.858046100,,ruckig,ready,,4.440892098500626e-16,2.220446049250313e-14,5.684341886080802e-14,0,0.13275217894129537,1,gJS_sBM_cAll_d03_mJS5_ch02,gJS_sBM_cAll_d03_mJS5_ch02,gJS_sBM_cAll_d03_mJS5_ch02,0.000000,,7.366667,0,,,replay_no_feasible_candidate,0.018729561,0.000000000,0.000000,replay_no_feasible_candidate,0.000000000,0.093573,0.056516,0.282744,0.000000,0.069130,0.000000,7.366667,0.350000,beat-sync,1.000000,1.000000,,0.000000000,0.157744311,left_wrist_yaw,0.008863584,left_wrist_yaw,0.157744311,left_wrist_yaw,0.011879314,left_wrist_yaw,0.017775,0.043596,0.812107,0.150141,0.000000000,0.000000000,0.000000000,0.001025803,0.000067998,0.000930108,,0.000000000,,,0.277067,0.222488,309.004004,,0.000000000,0,1,0,0,,,,,,,warming_up,,,,,,,,,,,,,,JS:v0:k0:r0,,,,,,
7.904743,7.908506900,,ruckig,ready,,4.440892098500626e-16,2.220446049250313e-14,5.684341886080802e-14,0,0.2771083937580807,1,gJS_sBM_cAll_d03_mJS5_ch02,gJS_sBM_cAll_d03_mJS5_ch02,gJS_sBM_cAll_d03_mJS5_ch02,0.000000,,7.366667,0,,,replay_no_feasible_candidate,0.025530683,0.000000000,0.000000,replay_no_feasible_candidate,0.000000000,0.093573,0.056516,0.282744,0.000000,0.069130,0.000000,7.366667,0.350000,beat-sync,1.000000,1.000000,,0.000000000,0.157205544,left_wrist_yaw,0.013971667,left_wrist_yaw,0.157205544,left_wrist_yaw,0.015699278,left_wrist_yaw,0.019631,0.044173,0.811845,0.150438,0.000000000,0.000000000,0.000000000,0.001025803,0.000067998,0.000930108,,0.000000000,,,0.254838,0.213186,264.628554,,0.000000000,0,1,0,0,,,,,,,warming_up,,,,,,,,,,,,,,JS:v0:k0:r0,,,,,,
7.954523,7.958978600,,ruckig,ready,,4.440892098500626e-16,2.220446049250313e-14,5.684341886080802e-14,0,0.4545320852378828,1,gJS_sBM_cAll_d03_mJS5_ch02,gJS_sBM_cAll_d03_mJS5_ch02,gJS_sBM_cAll_d03_mJS5_ch02,0.000000,,7.366667,0,,,replay_no_feasible_candidate,0.032288163,0.000000000,0.000000,replay_no_feasible_candidate,0.000000000,0.093573,0.056516,0.282744,0.000000,0.069130,0.000000,7.366667,0.350000,beat-sync,1.000000,1.000000,,0.000000000,0.156547610,left_wrist_yaw,0.005977823,right_wrist_yaw,0.156547610,left_wrist_yaw,0.007530073,right_wrist_yaw,0.016315,0.043938,0.812348,0.149219,0.000000000,0.000000000,0.000000000,0.001025803,0.000067998,0.000930108,,0.000000000,,,0.165005,0.118628,258.314905,,0.000000000,0,1,0,0,,,,,,,warming_up,,,,,,,,,,,,,,JS:v0:k0:r0,,,,,,
8.004707,8.008177900,,ruckig,ready,,4.440892098500626e-16,2.220446049250313e-14,5.684341886080802e-14,0,0.6404639520129639,1,gJS_sBM_cAll_d03_mJS5_ch02,gJS_sBM_cAll_d03_mJS5_ch02,gJS_sBM_cAll_d03_mJS5_ch02,0.000000,,7.366667,0,,,replay_no_feasible_candidate,0.039100471,0.000000000,0.000000,replay_no_feasible_candidate,0.000000000,0.093573,0.056516,0.282744,0.000000,0.069130,0.000000,7.366667,0.350000,beat-sync,1.000000,1.000000,,0.000000000,0.156809629,left_wrist_yaw,0.021508112,right_wrist_yaw,0.156809629,left_wrist_yaw,0.025681941,right_wrist_yaw,0.018003,0.044420,0.812018,0.149884,0.000000000,0.000000000,0.000000000,0.001025803,0.000067998,0.000930108,,0.000000000,,,0.245074,0.198293,298.935418,,0.000000000,0,1,0,0,,,,,,,warming_up,,,,,,,,,,,,,,JS:v0:k0:r0,,,,,,
8.054527,8.057928500,,ruckig,ready,,4.440892098500626e-16,2.220446049250313e-14,5.684341886080802e-14,0,0.8033507431751608,1,gJS_sBM_cAll_d03_mJS5_ch02,gJS_sBM_cAll_d03_mJS5_ch02,gJS_sBM_cAll_d03_mJS5_ch02,0.000000,,7.366667,0,,,replay_no_feasible_candidate,0.045863326,0.000000000,0.000000,replay_no_feasible_candidate,0.000000000,0.093573,0.056516,0.282744,0.000000,0.069130,0.000000,7.366667,0.350000,beat-sync,1.000000,1.000000,,0.000000000,0.157303041,left_wrist_yaw,0.023016365,right_wrist_yaw,0.157303041,left_wrist_yaw,0.026902734,right_wrist_yaw,0.014468,0.044082,0.812307,0.149986,0.000000000,0.000000000,0.000000000,0.001025803,0.000067998,0.000930108,,0.000000000,,,0.091197,0.074536,295.119595,,0.000000000,0,1,0,0,,,,,,,warming_up,,,,,,,,,,,,,,JS:v0:k0:r0,,,,,,
8.104900,8.108286900,,ruckig,ready,,4.440892098500626e-16,2.220446049250313e-14,5.684341886080802e-14,0,0.922409450907741,1,gJS_sBM_cAll_d03_mJS5_ch02,gJS_sBM_cAll_d03_mJS5_ch02,gJS_sBM_cAll_d03_mJS5_ch02,0.000000,,7.366667,0,,,replay_no_feasible_candidate,0.052701398,0.000000000,0.000000,replay_no_feasible_candidate,0.000000000,0.093573,0.056516,0.282744,0.000000,0.069130,0.000000,7.366667,0.350000,beat-sync,1.000000,1.000000,,0.000000000,0.157644791,left_wrist_yaw,0.025382905,right_wrist_yaw,0.157644791,left_wrist_yaw,0.030269635,right_wrist_yaw,0.015894,0.044539,0.811962,0.151931,0.000000000,0.000000000,0.000000000,0.001025803,0.000067998,0.000930108,,0.000000000,,,0.320487,0.262592,283.646013,,0.000000000,0,1,0,0,,,,,,,warming_up,,,,,,,,,,,,,,JS:v0:k0:r0,,,,,,
8.154385,8.158022800,,ruckig,ready,,4.440892098500626e-16,2.220446049250313e-14,5.684341886080802e-14,0,0.984104141511274,1,gJS_sBM_cAll_d03_mJS5_ch02,gJS_sBM_cAll_d03_mJS5_ch02,gJS_sBM_cAll_d03_mJS5_ch02,0.000000,,7.366667,0,,,replay_no_feasible_candidate,0.059418805,0.000000000,0.000000,replay_no_feasible_candidate,0.000000000,0.093573,0.056516,0.282744,0.000000,0.069130,0.000000,7.366667,0.350000,beat-sync,1.000000,1.000000,,0.000000000,0.158251292,left_wrist_yaw,0.013115946,left_wrist_yaw,0.158251292,left_wrist_yaw,0.016485355,left_wrist_yaw,0.012306,0.044291,0.812406,0.152880,0.000000000,0.000000000,0.000000000,0.001025803,0.000067998,0.000930108,,0.000000000,,,0.122679,0.099079,282.928012,,0.000000000,0,1,0,0,,,,,,,warming_up,,,,,,,,,,,,,,JS:v0:k0:r0,,,,,,
8.204539,8.208081800,,ruckig,ready,,4.440892098500626e-16,2.220446049250313e-14,5.684341886080802e-14,0,0.9998624388279207,1,gJS_sBM_cAll_d03_mJS5_ch02,gJS_sBM_cAll_d03_mJS5_ch02,gJS_sBM_cAll_d03_mJS5_ch02,0.000000,,7.366667,0,,,replay_no_feasible_candidate,0.066227000,0.000000000,0.000000,replay_no_feasible_candidate,0.000000000,0.093573,0.056516,0.282744,0.000000,0.069130,0.000000,7.366667,0.350000,beat-sync,1.000000,1.000000,,0.000000000,0.158787458,left_wrist_yaw,0.014543975,right_wrist_yaw,0.158787458,left_wrist_yaw,0.018506328,right_wrist_yaw,0.013908,0.044952,0.812167,0.154914,0.000000000,0.000000000,0.000000000,0.001025803,0.000067998,0.000930108,,0.000000000,,,0.270785,0.217547,302.289982,,0.000000000,0,1,0,0,,,,,,,warming_up,,,,,,,,,,,,,,JS:v0:k0:r0,,,,,,
8.271793,8.287508200,,ruckig,ready,,4.440892098500626e-16,2.220446049250313e-14,5.684341886080802e-14,0,1.0,1,gJS_sBM_cAll_d03_mJS5_ch02,gJS_sBM_cAll_d03_mJS5_ch02,gJS_sBM_cAll_d03_mJS5_ch02,0.000000,,7.366667,0,,,replay_no_feasible_candidate,0.075356557,0.000000000,0.000000,replay_no_feasible_candidate,0.000000000,0.093573,0.056516,0.282744,0.000000,0.069130,0.000000,7.366667,0.350000,beat-sync,1.000000,1.000000,,0.000000000,0.159514997,left_wrist_yaw,0.033821936,left_wrist_yaw,0.159514997,left_wrist_yaw,0.014234462,left_wrist_yaw,0.012362,0.045417,0.812347,0.155616,0.000000000,0.000000000,0.000000000,0.001025803,0.000067998,0.000930108,,0.000000000,,,0.915271,0.673781,82.046998,,0.000000000,0,1,0,0,,,,,,,warming_up,,,,,,,,,,,,,,JS:v0:k0:r0,,,,,,
8.318163,8.327600500,,ruckig,ready,,4.440892098500626e-16,2.220446049250313e-14,5.684341886080802e-14,0,1.0,1,gJS_sBM_cAll_d03_mJS5_ch02,gJS_sBM_cAll_d03_mJS5_ch02,gJS_sBM_cAll_d03_mJS5_ch02,0.000000,,7.366667,0,,,replay_no_feasible_candidate,0.081651045,0.000000000,0.000000,replay_no_feasible_candidate,0.000000000,0.093573,0.056516,0.282744,0.000000,0.069130,0.000000,7.366667,0.350000,beat-sync,1.000000,1.000000,,0.000000000,0.159555661,left_wrist_yaw,0.090538504,right_wrist_yaw,0.159555661,left_wrist_yaw,0.054199744,right_wrist_yaw,0.008043,0.045362,0.812852,0.154273,0.000000000,0.000000000,0.000000000,0.001025803,0.000067998,0.000930108,,0.000000000,,,1.657447,1.154964,62.906079,,0.000000000,0,1,0,0,,,,,,,warming_up,,,,,,,,,,,,,,JS:v0:k0:r0,,,,,,
8.355437,8.363557500,,ruckig,ready,,4.440892098500626e-16,2.220446049250313e-14,5.684341886080802e-14,0,1.0,1,gJS_sBM_cAll_d03_mJS5_ch02,gJS_sBM_cAll_d03_mJS5_ch02,gJS_sBM_cAll_d03_mJS5_ch02,0.000000,,7.366667,0,,,replay_no_feasible_candidate,0.086710946,0.000000000,0.000000,replay_no_feasible_candidate,0.000000000,0.093573,0.056516,0.282744,0.000000,0.069130,0.000000,7.366667,0.350000,beat-sync,1.000000,1.000000,,0.000000000,0.159584695,left_wrist_yaw,0.057063559,right_wrist_yaw,0.159584695,left_wrist_yaw,0.037230451,right_wrist_yaw,0.008706,0.046012,0.812660,0.153899,0.000000000,0.000000000,0.000000000,0.001025803,0.000067998,0.000930108,,0.000000000,,,1.351343,0.991838,120.320244,,0.000000000,0,1,0,0,,,,,,,warming_up,,,,,,,,,,,,,,JS:v0:k0:r0,,,,,,
8.413228,8.421978300,,ruckig,ready,,4.440892098500626e-16,2.220446049250313e-14,5.684341886080802e-14,0,1.0,1,gJS_sBM_cAll_d03_mJS5_ch02,gJS_sBM_cAll_d03_mJS5_ch02,gJS_sBM_cAll_d03_mJS5_ch02,0.000000,,7.366667,0,,,replay_no_feasible_candidate,0.094555824,0.000000000,0.000000,replay_no_feasible_candidate,0.000000000,0.093573,0.056516,0.282744,0.000000,0.069130,0.000000,7.366667,0.350000,beat-sync,1.000000,1.000000,,0.000000000,0.159932186,left_wrist_yaw,0.087827180,right_wrist_yaw,0.159932186,left_wrist_yaw,0.044714061,right_wrist_yaw,0.007133,0.046683,0.812726,0.151971,0.000000000,0.000000000,0.000000000,0.001025803,0.000067998,0.000930108,,0.000000000,,,1.076064,0.891738,57.784702,,0.000000000,0,1,0,0,,,,,,,warming_up,,,,,,,,,,,,,,JS:v0:k0:r0,,,,,,
8.456905,8.462790900,,ruckig,ready,,4.440892098500626e-16,2.220446049250313e-14,5.684341886080802e-14,0,1.0,1,gJS_sBM_cAll_d03_mJS5_ch02,gJS_sBM_cAll_d03_mJS5_ch02,gJS_sBM_cAll_d03_mJS5_ch02,0.000000,,7.366667,0,,,replay_no_feasible_candidate,0.100484855,0.000000000,0.000000,replay_no_feasible_candidate,0.000000000,0.093573,0.056516,0.282744,0.000000,0.069130,0.000000,7.366667,0.350000,beat-sync,1.000000,1.000000,,0.000000000,0.160114491,left_wrist_yaw,0.081352539,right_wrist_yaw,0.160114491,left_wrist_yaw,0.037433413,right_wrist_yaw,0.007720,0.047522,0.812609,0.151077,0.000000000,0.000000000,0.000000000,0.001025803,0.000067998,0.000930108,,0.000000000,,,0.817884,0.740148,87.709333,,0.000000000,0,1,0,0,,,,,,,warming_up,,,,,,,,,,,,,,JS:v0:k0:r0,,,,,,
8.509127,8.513604900,,ruckig,ready,,4.440892098500626e-16,2.220446049250313e-14,5.684341886080802e-14,0,1.0,1,gJS_sBM_cAll_d03_mJS5_ch02,gJS_sBM_cAll_d03_mJS5_ch02,gJS_sBM_cAll_d03_mJS5_ch02,0.000000,,7.366667,0,,,replay_no_feasible_candidate,0.107573855,0.000000000,0.000000,replay_no_feasible_candidate,0.000000000,0.093573,0.056516,0.282744,0.000000,0.069130,0.000000,7.366667,0.350000,beat-sync,1.000000,1.000000,,0.000000000,0.160880188,left_wrist_yaw,0.038828563,left_wrist_yaw,0.160880188,left_wrist_yaw,0.028637421,left_wrist_yaw,0.007258,0.048403,0.812616,0.149815,0.000000000,0.000000000,0.000000000,0.001025803,0.000067998,0.000930108,,0.000000000,,,0.268603,0.228995,2.631521,,0.000000000,0,1,0,0,,,,,,,warming_up,,,,,,,,,,,,,,JS:v0:k0:r0,,,,,,
8.563931,8.568363400,,ruckig,ready,,4.440892098500626e-16,2.220446049250313e-14,5.684341886080802e-14,0,1.0,1,gJS_sBM_cAll_d03_mJS5_ch02,gJS_sBM_cAll_d03_mJS5_ch02,gJS_sBM_cAll_d03_mJS5_ch02,0.000000,,7.366667,0,,,replay_no_feasible_candidate,0.115013271,0.000000000,0.000000,replay_no_feasible_candidate,0.000000000,0.093573,0.056516,0.282744,0.000000,0.069130,0.000000,7.366667,0.350000,beat-sync,1.000000,1.000000,,0.000000000,0.161988211,left_wrist_yaw,0.076805699,right_wrist_yaw,0.161988211,left_wrist_yaw,0.049406585,right_wrist_yaw,0.008675,0.049538,0.812438,0.148440,0.000000000,0.000000000,0.000000000,0.001025803,0.000067998,0.000930108,,0.000000000,,,1.510380,1.320581,122.750831,,0.000000000,0,1,0,0,,,,,,,warming_up,,,,,,,,,,,,,,JS:v0:k0:r0,,,,,,
8.608470,8.618468900,,ruckig,ready,,4.440892098500626e-16,2.220446049250313e-14,5.684341886080802e-14,0,1.0,1,gJS_sBM_cAll_d03_mJS5_ch02,gJS_sBM_cAll_d03_mJS5_ch02,gJS_sBM_cAll_d03_mJS5_ch02,0.000000,,7.366667,0,,,replay_no_feasible_candidate,0.121059317,0.000000000,0.000000,replay_no_feasible_candidate,0.000000000,0.093573,0.056516,0.282744,0.000000,0.069130,0.000000,7.366667,0.350000,beat-sync,1.000000,1.000000,,0.000000000,0.162530293,left_wrist_yaw,0.032378324,left_wrist_yaw,0.162530293,left_wrist_yaw,0.015004636,left_wrist_yaw,0.006169,0.049877,0.812779,0.147199,0.000000000,0.000000000,0.000000000,0.001025803,0.000067998,0.000930108,,0.000000000,,,0.270788,0.225395,42.571061,,0.000000000,0,1,0,0,,,,,,,warming_up,,,,,,,,,,,,,,JS:v0:k0:r0,,,,,,
8.663110,8.673218100,,ruckig,ready,,4.440892098500626e-16,2.220446049250313e-14,5.684341886080802e-14,0,1.0,1,gJS_sBM_cAll_d03_mJS5_ch02,gJS_sBM_cAll_d03_mJS5_ch02,gJS_sBM_cAll_d03_mJS5_ch02,0.000000,,7.366667,0,,,replay_no_feasible_candidate,0.128476525,0.000000000,0.000000,replay_no_feasible_candidate,0.000000000,0.093573,0.056516,0.282744,0.000000,0.069130,0.000000,7.366667,0.350000,beat-sync,1.000000,1.000000,,0.000000000,0.163126169,left_wrist_yaw,0.030786023,left_wrist_yaw,0.163126169,left_wrist_yaw,0.013479939,left_wrist_yaw,0.007084,0.050864,0.812830,0.147032,0.000000000,0.000000000,0.000000000,0.001025803,0.000067998,0.000930108,,0.000000000,,,0.172322,0.156820,9.100383,,0.000000000,0,1,0,0,,,,,,,warming_up,,,,,,,,,,,,,,JS:v0:k0:r0,,,,,,
8.709480,8.720601000,,ruckig,ready,,4.440892098500626e-16,2.220446049250313e-14,5.684341886080802e-14,0,1.0,1,gJS_sBM_cAll_d03_mJS5_ch02,gJS_sBM_cAll_d03_mJS5_ch02,gJS_sBM_cAll_d03_mJS5_ch02,0.000000,,7.366667,0,,,replay_no_feasible_candidate,0.134771109,0.000000000,0.000000,replay_no_feasible_candidate,0.000000000,0.093573,0.056516,0.282744,0.000000,0.069130,0.000000,7.366667,0.350000,beat-sync,1.000000,1.000000,,0.000000000,0.163513339,left_wrist_yaw,0.022285810,left_wrist_yaw,0.163513339,left_wrist_yaw,0.010190016,left_wrist_yaw,0.004656,0.051152,0.813303,0.147632,0.000000000,0.000000000,0.000000000,0.001025803,0.000067998,0.000930108,,0.000000000,,,0.184197,0.162064,17.414040,,0.000000000,0,1,0,0,,,,,,,warming_up,,,,,,,,,,,,,,JS:v0:k0:r0,,,,,,
8.767872,8.778553200,,ruckig,ready,,4.440892098500626e-16,2.220446049250313e-14,5.684341886080802e-14,0,1.0,1,gJS_sBM_cAll_d03_mJS5_ch02,gJS_sBM_cAll_d03_mJS5_ch02,gJS_sBM_cAll_d03_mJS5_ch02,0.000000,,7.366667,0,,,replay_no_feasible_candidate,0.142697597,0.000000000,0.000000,replay_no_feasible_candidate,0.000000000,0.093573,0.056516,0.282744,0.000000,0.069130,0.000000,7.366667,0.350000,beat-sync,1.000000,1.000000,,0.000000000,0.164477564,left_wrist_yaw,0.087556952,right_wrist_yaw,0.164477564,left_wrist_yaw,0.044162870,right_wrist_yaw,0.006675,0.052107,0.813261,0.149896,0.000000000,0.000000000,0.000000000,0.001025803,0.000067998,0.000930108,,0.000000000,,,1.160467,0.873527,86.730185,,0.000000000,0,1,0,0,,,,,,,warming_up,,,,,,,,,,,,,,JS:v0:k0:r0,,,,,,
8.811536,8.818985600,,ruckig,ready,,4.440892098500626e-16,2.220446049250313e-14,5.684341886080802e-14,0,1.0,1,gJS_sBM_cAll_d03_mJS5_ch02,gJS_sBM_cAll_d03_mJS5_ch02,gJS_sBM_cAll_d03_mJS5_ch02,0.000000,,7.366667,0,,,replay_no_feasible_candidate,0.148624837,0.000000000,0.000000,replay_no_feasible_candidate,0.000000000,0.093573,0.056516,0.282744,0.000000,0.069130,0.000000,7.366667,0.350000,beat-sync,1.000000,1.000000,,0.000000000,0.164449415,left_wrist_yaw,0.055340885,right_wrist_yaw,0.164449415,left_wrist_yaw,0.028015822,right_wrist_yaw,0.003251,0.051784,0.813839,0.150389,0.000000000,0.000000000,0.000000000,0.001025803,0.000067998,0.000930108,,0.000000000,,,0.406187,0.372815,32.220020,,0.000000000,0,1,0,0,,,,,,,warming_up,,,,,,,,,,,,,,JS:v0:k0:r0,,,,,,
8.864370,8.871776700,,ruckig,ready,,4.440892098500626e-16,2.220446049250313e-14,5.684341886080802e-14,0,1.0,1,gJS_sBM_cAll_d03_mJS5_ch02,gJS_sBM_cAll_d03_mJS5_ch02,gJS_sBM_cAll_d03_mJS5_ch02,0.000000,,7.366667,0,,,replay_no_feasible_candidate,0.155796900,0.000000000,0.000000,replay_no_feasible_candidate,0.000000000,0.093573,0.056516,0.282744,0.000000,0.069130,0.000000,7.366667,0.350000,beat-sync,1.000000,1.000000,,0.000000000,0.164620818,left_wrist_yaw,0.028350579,right_wrist_yaw,0.164620818,left_wrist_yaw,0.020334191,right_wrist_yaw,0.005575,0.051856,0.813934,0.151848,0.000000000,0.000000000,0.000000000,0.001025803,0.000067998,0.000930108,,0.000000000,,,0.282211,0.253469,81.971827,,0.000000000,0,1,0,0,,,,,,,warming_up,,,,,,,,,,,,,,JS:v0:k0:r0,,,,,,
8.905697,8.916968500,,ruckig,ready,,4.440892098500626e-16,2.220446049250313e-14,5.684341886080802e-14,0,1.0,1,gJS_sBM_cAll_d03_mJS5_ch02,gJS_sBM_cAll_d03_mJS5_ch02,gJS_sBM_cAll_d03_mJS5_ch02,0.000000,,7.366667,0,,,replay_no_feasible_candidate,0.161406792,0.000000000,0.000000,replay_no_feasible_candidate,0.000000000,0.093573,0.056516,0.282744,0.000000,0.069130,0.000000,7.366667,0.350000,beat-sync,1.000000,1.000000,,0.000000000,0.164630249,left_wrist_yaw,0.000082053,right_wrist_yaw,0.164630249,left_wrist_yaw,0.000039230,right_wrist_yaw,0.004505,0.050831,0.814383,0.150835,0.000000000,0.000000000,0.000000000,0.001025803,0.000067998,0.000930108,,0.000000000,,,0.000522,0.000372,0.577612,,0.000000000,0,1,0,0,,,,,,,warming_up,,,,,,,,,,,,,,JS:v0:k0:r0,,,,,,
8.953975,8.958188500,,ruckig,ready,,4.440892098500626e-16,2.220446049250313e-14,5.684341886080802e-14,0,1.0,1,gJS_sBM_cAll_d03_mJS5_ch02,gJS_sBM_cAll_d03_mJS5_ch02,gJS_sBM_cAll_d03_mJS5_ch02,0.000000,,7.366667,0,,,replay_no_feasible_candidate,0.167960448,0.000000000,0.000000,replay_no_feasible_candidate,0.000000000,0.093573,0.056516,0.282744,0.000000,0.069130,0.000000,7.366667,0.350000,beat-sync,1.000000,1.000000,,0.000000000,0.164630249,left_wrist_yaw,0.000000000,right_wrist_pitch,0.164630249,left_wrist_yaw,0.000000000,right_wrist_pitch,0.002810,0.048743,0.814847,0.150532,0.000000000,0.000000000,0.000000000,0.001025803,0.000067998,0.000930108,,0.000000000,,,0.000000,0.000000,0.000000,,0.000000000,0,1,0,0,,,,,,,warming_up,,,,,,,,,,,,,,JS:v0:k0:r0,,,,,,
9.003187,9.006311000,,ruckig,ready,,4.440892098500626e-16,2.220446049250313e-14,5.684341886080802e-14,0,1.0,1,gJS_sBM_cAll_d03_mJS5_ch02,gJS_sBM_cAll_d03_mJS5_ch02,gJS_sBM_cAll_d03_mJS5_ch02,0.000000,,7.366667,0,,,replay_no_feasible_candidate,0.174640837,0.000000000,0.000000,replay_no_feasible_candidate,0.000000000,0.093573,0.056516,0.282744,0.000000,0.069130,0.000000,7.366667,0.350000,beat-sync,1.000000,1.000000,,0.000000000,0.164630249,left_wrist_yaw,0.000000000,right_wrist_pitch,0.164630249,left_wrist_yaw,0.000000000,right_wrist_pitch,0.005262,0.046187,0.814697,0.152367,0.000000000,0.000000000,0.000000000,0.001025803,0.000067998,0.000930108,,0.000000000,,,0.000000,0.000000,0.000000,,0.000000000,0,1,0,0,,,,,,,warming_up,,,,,,,,,,,,,,JS:v0:k0:r0,,,,,,
9.052896,9.057887600,,ruckig,ready,,4.440892098500626e-16,2.220446049250313e-14,5.684341886080802e-14,0,1.0,1,gJS_sBM_cAll_d03_mJS5_ch02,gJS_sBM_cAll_d03_mJS5_ch02,gJS_sBM_cAll_d03_mJS5_ch02,0.000000,,7.366667,0,,,replay_no_feasible_candidate,0.181388543,0.000000000,0.000000,replay_no_feasible_candidate,0.000000000,0.093573,0.056516,0.282744,0.000000,0.069130,0.000000,7.366667,0.350000,beat-sync,1.000000,1.000000,,0.000000000,0.164630249,left_wrist_yaw,0.000000000,right_wrist_pitch,0.164630249,left_wrist_yaw,0.000000000,right_wrist_pitch,0.004334,0.041761,0.814902,0.159673,0.000000000,0.000000000,0.000000000,0.001025803,0.000067998,0.000930108,,0.000000000,,,0.000000,0.000000,0.000000,,0.000000000,0,1,0,0,,,,,,,warming_up,,,,,,,,,,,,,,JS:v0:k0:r0,,,,,,
9.103730,9.107718300,,ruckig,ready,,4.440892098500626e-16,2.220446049250313e-14,5.684341886080802e-14,0,1.0,1,gJS_sBM_cAll_d03_mJS5_ch02,gJS_sBM_cAll_d03_mJS5_ch02,gJS_sBM_cAll_d03_mJS5_ch02,0.000000,,7.366667,0,,,replay_no_feasible_candidate,0.188289127,0.000000000,0.000000,replay_no_feasible_candidate,0.000000000,0.093573,0.056516,0.282744,0.000000,0.069130,0.000000,7.366667,0.350000,beat-sync,1.000000,1.000000,,0.000000000,0.164630250,left_wrist_yaw,0.000000121,right_wrist_yaw,0.164630250,left_wrist_yaw,0.000000132,right_wrist_yaw,0.005342,0.035862,0.814801,0.167006,0.000000000,0.000000000,0.000000000,0.001025803,0.000067998,0.000930108,,0.000000000,,,0.000001,0.000001,0.000091,,0.000000000,0,1,0,0,,,,,,,warming_up,,,,,,,,,,,,,,JS:v0:k0:r0,,,,,,
9.152890,9.157304100,,ruckig,ready,,4.440892098500626e-16,2.220446049250313e-14,5.684341886080802e-14,0,1.0,1,gJS_sBM_cAll_d03_mJS5_ch02,gJS_sBM_cAll_d03_mJS5_ch02,gJS_sBM_cAll_d03_mJS5_ch02,0.000000,,7.366667,0,,,replay_no_feasible_candidate,0.194962430,0.000000000,0.000000,replay_no_feasible_candidate,0.000000000,0.093573,0.056516,0.282744,0.000000,0.069130,0.000000,7.366667,0.350000,beat-sync,1.000000,1.000000,,0.000000000,0.166542062,left_wrist_yaw,0.498817392,right_wrist_yaw,0.166542062,left_wrist_yaw,0.651139836,right_wrist_yaw,0.006960,0.028628,0.814634,0.173294,0.000000000,0.000000000,0.000000000,0.001025803,0.000067998,0.000930108,,0.000000000,,,4.847936,3.519301,602.986490,,0.000000000,0,1,0,0,,,,,,,warming_up,,,,,,,,,,,,,,JS:v0:k0:r0,,,,,,
9.202925,9.206299000,,ruckig,ready,,4.440892098500626e-16,2.220446049250313e-14,5.684341886080802e-14,0,1.0,1,gJS_sBM_cAll_d03_mJS5_ch02,gJS_sBM_cAll_d03_mJS5_ch02,gJS_sBM_cAll_d03_mJS5_ch02,0.000000,,7.366667,0,,,replay_no_feasible_candidate,0.201754484,0.000000000,0.000000,replay_no_feasible_candidate,0.000000000,0.093573,0.056516,0.282744,0.000000,0.069130,0.000000,7.366667,0.350000,beat-sync,1.000000,1.000000,,0.000000000,0.183430231,left_wrist_yaw,0.050699197,right_wrist_yaw,0.183430231,left_wrist_yaw,0.063774500,right_wrist_yaw,0.009274,0.019825,0.814208,0.180797,0.000000000,0.000000000,0.000000000,0.001025803,0.000067998,0.000930108,,0.000000000,,,0.503434,0.412996,10.521696,,0.000000000,0,1,0,0,,,,,,,warming_up,,,,,,,,,,,,,,JS:v0:k0:r0,,,,,,
9.254594,9.265660200,,ruckig,ready,,4.440892098500626e-16,2.220446049250313e-14,5.684341886080802e-14,0,1.0,1,gJS_sBM_cAll_d03_mJS5_ch02,gJS_sBM_cAll_d03_mJS5_ch02,gJS_sBM_cAll_d03_mJS5_ch02,0.000000,,7.366667,0,,,replay_no_feasible_candidate,0.208768403,0.000000000,0.000000,replay_no_feasible_candidate,0.000000000,0.093573,0.056516,0.282744,0.000000,0.069130,0.000000,7.366667,0.350000,beat-sync,1.000000,1.000000,,0.000000000,0.184474087,left_wrist_yaw,0.144210062,left_wrist_pitch,0.184474087,left_wrist_yaw,0.108697665,left_wrist_pitch,0.013149,0.009420,0.813370,0.186286,0.000000000,0.000000000,0.000000000,0.001025803,0.000067998,0.000930108,,0.000000000,,,0.539048,0.369958,42.270181,,0.000000000,0,1,0,0,,,,,,,warming_up,,,,,,,,,,,,,,JS:v0:k0:r0,,,,,,
9.308185,9.311664500,,ruckig,ready,,4.440892098500626e-16,2.220446049250313e-14,5.684341886080802e-14,0,1.0,1,gJS_sBM_cAll_d03_mJS5_ch02,gJS_sBM_cAll_d03_mJS5_ch02,gJS_sBM_cAll_d03_mJS5_ch02,0.000000,,7.366667,0,,,replay_no_feasible_candidate,0.216043158,0.000000000,0.000000,replay_no_feasible_candidate,0.000000000,0.093573,0.056516,0.282744,0.000000,0.069130,0.000000,7.366667,0.350000,beat-sync,1.000000,1.000000,,0.000000000,0.184858132,left_wrist_yaw,0.029889646,right_wrist_roll,0.184858132,left_wrist_yaw,0.038082191,right_wrist_roll,0.017740,-0.002315,0.812089,0.187722,0.000000000,0.000000000,0.000000000,0.001025803,0.000067998,0.000930108,,0.000000000,,,0.460481,0.375591,49.473475,,0.000000000,0,1,0,0,,,,,,,warming_up,,,,,,,,,,,,,,JS:v0:k0:r0,,,,,,
9.350766,9.354867100,,ruckig,ready,,4.440892098500626e-16,2.220446049250313e-14,5.684341886080802e-14,0,1.0,1,gJS_sBM_cAll_d03_mJS5_ch02,gJS_sBM_cAll_d03_mJS5_ch02,gJS_sBM_cAll_d03_mJS5_ch02,0.000000,,7.366667,0,,,replay_no_feasible_candidate,0.221823439,0.000000000,0.000000,replay_no_feasible_candidate,0.000000000,0.093573,0.056516,0.282744,0.000000,0.069130,0.000000,7.366667,0.350000,beat-sync,1.000000,1.000000,,0.000000000,0.184645135,left_wrist_yaw,0.016335626,right_wrist_roll,0.184645135,left_wrist_yaw,0.017939724,right_wrist_roll,0.020920,-0.011913,0.810864,0.187489,0.000000000,0.000000000,0.000000000,0.001025803,0.000067998,0.000930108,,0.000000000,,,0.437871,0.344295,7.832212,,0.000000000,0,1,0,0,,,,,,,warming_up,,,,,,,,,,,,,,JS:v0:k0:r0,,,,,,
9.400114,9.403673000,,ruckig,ready,,4.440892098500626e-16,2.220446049250313e-14,5.684341886080802e-14,0,1.0,1,gJS_sBM_cAll_d03_mJS5_ch02,gJS_sBM_cAll_d03_mJS5_ch02,gJS_sBM_cAll_d03_mJS5_ch02,0.000000,,7.366667,0,,,replay_no_feasible_candidate,0.228522303,0.000000000,0.000000,replay_no_feasible_candidate,0.000000000,0.093573,0.056516,0.282744,0.000000,0.069130,0.000000,7.366667,0.350000,beat-sync,1.000000,1.000000,,0.000000000,0.185937822,left_wrist_yaw,0.235425599,left_wrist_pitch,0.185937822,left_wrist_yaw,0.323140017,left_wrist_pitch,0.027219,-0.022292,0.809129,0.182230,0.000000000,0.000000000,0.000000000,0.001025803,0.000067998,0.000930108,,0.000000000,,,1.459806,1.164335,23.521004,,0.000000000,0,1,0,0,,,,,,,warming_up,,,,,,,,,,,,,,JS:v0:k0:r0,,,,,,
9.458949,9.470188100,,ruckig,ready,,4.440892098500626e-16,2.220446049250313e-14,5.684341886080802e-14,0,1.0,1,gJS_sBM_cAll_d03_mJS5_ch02,gJS_sBM_cAll_d03_mJS5_ch02,gJS_sBM_cAll_d03_mJS5_ch02,0.000000,,7.366667,0,,,replay_no_feasible_candidate,0.236508968,0.000000000,0.000000,replay_no_feasible_candidate,0.000000000,0.093573,0.056516,0.282744,0.000000,0.069130,0.000000,7.366667,0.350000,beat-sync,1.000000,1.000000,,0.000000000,0.183510859,left_wrist_yaw,0.208004440,left_wrist_yaw,0.183510859,left_wrist_yaw,0.114423702,left_wrist_yaw,0.030018,-0.034595,0.807416,0.184843,0.000000000,0.000000000,0.000000000,0.001025803,0.000067998,0.000930108,,0.000000000,,,0.635029,0.396734,11.804607,,0.000000000,0,1,0,0,,,,,,,warming_up,,,,,,,,,,,,,,JS:v0:k0:r0,,,,,,
9.509862,9.513655600,,ruckig,ready,,4.440892098500626e-16,2.220446049250313e-14,5.684341886080802e-14,0,1.0,1,gJS_sBM_cAll_d03_mJS5_ch02,gJS_sBM_cAll_d03_mJS5_ch02,gJS_sBM_cAll_d03_mJS5_ch02,0.000000,,7.366667,0,,,replay_no_feasible_candidate,0.243420127,0.000000000,0.000000,replay_no_feasible_candidate,0.000000000,0.093573,0.056516,0.282744,0.000000,0.069130,0.000000,7.366667,0.350000,beat-sync,1.000000,1.000000,,0.000000000,0.181606853,left_wrist_yaw,0.365384381,left_wrist_pitch,0.181606853,left_wrist_yaw,0.185986003,left_wrist_pitch,0.034705,-0.044083,0.805893,0.179323,0.000000000,0.000000000,0.000000000,0.001025803,0.000067998,0.000930108,,0.000000000,,,0.837700,0.756185,41.718068,,0.000000000,0,1,0,0,,,,,,,warming_up,,,,,,,,,,,,,,JS:v0:k0:r0,,,,,,
9.558543,9.585988200,,ruckig,ready,,4.440892098500626e-16,2.220446049250313e-14,5.684341886080802e-14,0,1.0,1,gJS_sBM_cAll_d03_mJS5_ch02,gJS_sBM_cAll_d03_mJS5_ch02,gJS_sBM_cAll_d03_mJS5_ch02,0.000000,,7.366667,0,,,replay_no_feasible_candidate,0.250028475,0.000000000,0.000000,replay_no_feasible_candidate,0.000000000,0.093573,0.056516,0.282744,0.000000,0.069130,0.000000,7.366667,0.350000,beat-sync,1.000000,1.000000,,0.000000000,0.178765647,left_wrist_yaw,0.063450192,left_wrist_yaw,0.178765647,left_wrist_yaw,0.039983334,left_wrist_yaw,0.037079,-0.052303,0.804942,0.182364,0.000000000,0.000000000,0.000000000,0.001025803,0.000067998,0.000930108,,0.000000000,,,0.155364,0.069889,21.212750,,0.000000000,0,1,0,0,,,,,,,warming_up,,,,,,,,,,,,,,JS:v0:k0:r0,,,,,,
9.601479,9.618697400,,ruckig,ready,,4.440892098500626e-16,2.220446049250313e-14,5.684341886080802e-14,0,1.0,1,gJS_sBM_cAll_d03_mJS5_ch02,gJS_sBM_cAll_d03_mJS5_ch02,gJS_sBM_cAll_d03_mJS5_ch02,0.000000,,7.366667,0,,,replay_no_feasible_candidate,0.255856810,0.000000000,0.000000,replay_no_feasible_candidate,0.000000000,0.093573,0.056516,0.282744,0.000000,0.069130,0.000000,7.366667,0.350000,beat-sync,1.000000,1.000000,,0.000000000,0.176249863,left_wrist_yaw,0.301894077,left_wrist_yaw,0.176249863,left_wrist_yaw,0.095300262,left_wrist_yaw,0.039230,-0.058499,0.804201,0.179157,0.000000000,0.000000000,0.000000000,0.001025803,0.000067998,0.000930108,,0.000000000,,,0.261396,0.213227,4.953680,,0.000000000,0,1,0,0,,,,,,,warming_up,,,,,,,,,,,,,,JS:v0:k0:r0,,,,,,
9.655366,9.659141200,,ruckig,ready,,4.440892098500626e-16,2.220446049250313e-14,5.684341886080802e-14,0,1.0,1,gJS_sBM_cAll_d03_mJS5_ch02,gJS_sBM_cAll_d03_mJS5_ch02,gJS_sBM_cAll_d03_mJS5_ch02,0.000000,,7.366667,0,,,replay_no_feasible_candidate,0.263171869,0.000000000,0.000000,replay_no_feasible_candidate,0.000000000,0.093573,0.056516,0.282744,0.000000,0.069130,0.000000,7.366667,0.350000,beat-sync,1.000000,1.000000,,0.000000000,0.172896812,left_wrist_yaw,0.063063105,left_wrist_yaw,0.172896812,left_wrist_yaw,0.082907516,left_wrist_yaw,0.043358,-0.064486,0.803349,0.173531,0.000000000,0.000000000,0.000000000,0.001025803,0.000067998,0.000930108,,0.000000000,,,0.755226,0.609308,225.185657,,0.000000000,0,1,0,0,,,,,,,warming_up,,,,,,,,,,,,,,JS:v0:k0:r0,,,,,,
9.705357,9.708674300,,ruckig,ready,,4.440892098500626e-16,2.220446049250313e-14,5.684341886080802e-14,0,1.0,1,gJS_sBM_cAll_d03_mJS5_ch02,gJS_sBM_cAll_d03_mJS5_ch02,gJS_sBM_cAll_d03_mJS5_ch02,0.000000,,7.366667,0,,,replay_no_feasible_candidate,0.269957977,0.000000000,0.000000,replay_no_feasible_candidate,0.000000000,0.093573,0.056516,0.282744,0.000000,0.069130,0.000000,7.366667,0.350000,beat-sync,1.000000,1.000000,,0.000000000,0.171080138,left_wrist_yaw,0.025623149,left_wrist_yaw,0.171080138,left_wrist_yaw,0.032246438,left_wrist_yaw,0.044843,-0.068936,0.802956,0.172884,0.000000000,0.000000000,0.000000000,0.001025803,0.000067998,0.000930108,,0.000000000,,,0.131421,0.108254,2.575556,,0.000000000,0,1,0,0,,,,,,,warming_up,,,,,,,,,,,,,,JS:v0:k0:r0,,,,,,
9.755223,9.758359200,,ruckig,ready,,4.440892098500626e-16,2.220446049250313e-14,5.684341886080802e-14,0,1.0,1,gJS_sBM_cAll_d03_mJS5_ch02,gJS_sBM_cAll_d03_mJS5_ch02,gJS_sBM_cAll_d03_mJS5_ch02,0.000000,,7.366667,0,,,replay_no_feasible_candidate,0.276727104,0.000000000,0.000000,replay_no_feasible_candidate,0.000000000,0.093573,0.056516,0.282744,0.000000,0.069130,0.000000,7.366667,0.350000,beat-sync,1.000000,1.000000,,0.000000000,0.169979615,left_wrist_yaw,0.022689985,left_wrist_yaw,0.169979615,left_wrist_yaw,0.028433138,left_wrist_yaw,0.045909,-0.072105,0.802692,0.170463,0.000000000,0.000000000,0.000000000,0.001025803,0.000067998,0.000930108,,0.000000000,,,0.120904,0.099924,1.001264,,0.000000000,0,1,0,0,,,,,,,warming_up,,,,,,,,,,,,,,JS:v0:k0:r0,,,,,,
9.805847,9.809099500,,ruckig,ready,,4.440892098500626e-16,2.220446049250313e-14,5.684341886080802e-14,0,1.0,1,gJS_sBM_cAll_d03_mJS5_ch02,gJS_sBM_cAll_d03_mJS5_ch02,gJS_sBM_cAll_d03_mJS5_ch02,0.000000,,7.366667,0,,,replay_no_feasible_candidate,0.283599086,0.000000000,0.000000,replay_no_feasible_candidate,0.000000000,0.093573,0.056516,0.282744,0.000000,0.069130,0.000000,7.366667,0.350000,beat-sync,1.000000,1.000000,,0.000000000,0.169052287,left_wrist_yaw,0.016930052,left_wrist_yaw,0.169052287,left_wrist_yaw,0.019453390,left_wrist_yaw,0.046510,-0.074256,0.802493,0.169076,0.000000000,0.000000000,0.000000000,0.001025803,0.000067998,0.000930108,,0.000000000,,,0.117671,0.098604,0.782485,,0.000000000,0,1,0,0,,,,,,,warming_up,,,,,,,,,,,,,,JS:v0:k0:r0,,,,,,
9.855191,9.858679500,,ruckig,ready,,4.440892098500626e-16,2.220446049250313e-14,5.684341886080802e-14,0,1.0,1,gJS_sBM_cAll_d03_mJS5_ch02,gJS_sBM_cAll_d03_mJS5_ch02,gJS_sBM_cAll_d03_mJS5_ch02,0.000000,,7.366667,0,,,replay_no_feasible_candidate,0.290297462,0.000000000,0.000000,replay_no_feasible_candidate,0.000000000,0.093573,0.056516,0.282744,0.000000,0.069130,0.000000,7.366667,0.350000,beat-sync,1.000000,1.000000,,0.000000000,0.169006654,left_wrist_yaw,0.022591075,right_wrist_yaw,0.169006654,left_wrist_yaw,0.028008057,right_wrist_yaw,0.046891,-0.075600,0.802375,0.168111,0.000000000,0.000000000,0.000000000,0.001025803,0.000067998,0.000930108,,0.000000000,,,0.123653,0.098791,2.083323,,0.000000000,0,1,0,0,,,,,,,warming_up,,,,,,,,,,,,,,JS:v0:k0:r0,,,,,,
9.905171,9.908457000,,ruckig,ready,,4.440892098500626e-16,2.220446049250313e-14,5.684341886080802e-14,0,1.0,1,gJS_sBM_cAll_d03_mJS5_ch02,gJS_sBM_cAll_d03_mJS5_ch02,gJS_sBM_cAll_d03_mJS5_ch02,0.000000,,7.366667,0,,,replay_no_feasible_candidate,0.297082009,0.000000000,0.000000,replay_no_feasible_candidate,0.000000000,0.093573,0.056516,0.282744,0.000000,0.069130,0.000000,7.366667,0.350000,beat-sync,1.000000,1.000000,,0.000000000,0.169892059,left_wrist_yaw,0.028349178,right_wrist_yaw,0.169892059,left_wrist_yaw,0.034613874,right_wrist_yaw,0.047128,-0.076420,0.802358,0.167287,0.000000000,0.000000000,0.000000000,0.001025803,0.000067998,0.000930108,,0.000000000,,,0.135388,0.111400,0.743811,,0.000000000,0,1,0,0,,,,,,,warming_up,,,,,,,,,,,,,,JS:v0:k0:r0,,,,,,
9.955472,9.958920100,,ruckig,ready,,4.440892098500626e-16,2.220446049250313e-14,5.684341886080802e-14,0,1.0,1,gJS_sBM_cAll_d03_mJS5_ch02,gJS_sBM_cAll_d03_mJS5_ch02,gJS_sBM_cAll_d03_mJS5_ch02,0.000000,,7.366667,0,,,replay_no_feasible_candidate,0.303910253,0.000000000,0.000000,replay_no_feasible_candidate,0.000000000,0.093573,0.056516,0.282744,0.000000,0.069130,0.000000,7.366667,0.350000,beat-sync,1.000000,1.000000,,0.000000000,0.170266292,left_wrist_yaw,0.026384950,right_wrist_yaw,0.170266292,left_wrist_yaw,0.032137420,right_wrist_yaw,0.047192,-0.076830,0.802397,0.166463,0.000000000,0.000000000,0.000000000,0.001025803,0.000067998,0.000930108,,0.000000000,,,0.098974,0.081781,2.202686,,0.000000000,0,1,0,0,,,,,,,warming_up,,,,,,,,,,,,,,JS:v0:k0:r0,,,,,,
10.005880,10.009119200,,ruckig,ready,,4.440892098500626e-16,2.220446049250313e-14,5.684341886080802e-14,0,1.0,1,gJS_sBM_cAll_d03_mJS5_ch02,gJS_sBM_cAll_d03_mJS5_ch02,gJS_sBM_cAll_d03_mJS5_ch02,0.000000,,7.366667,0,,,replay_no_feasible_candidate,0.310752887,0.000000000,0.000000,replay_no_feasible_candidate,0.000000000,0.093573,0.056516,0.282744,0.000000,0.069130,0.000000,7.366667,0.350000,beat-sync,1.000000,1.000000,,0.000000000,0.170169177,left_wrist_yaw,0.010885690,right_wrist_yaw,0.170169177,left_wrist_yaw,0.011931982,right_wrist_yaw,0.047061,-0.077022,0.802425,0.165385,0.000000000,0.000000000,0.000000000,0.001025803,0.000067998,0.000930108,,0.000000000,,,0.097179,0.081467,1.491312,,0.000000000,0,1,0,0,,,,,,,warming_up,,,,,,,,,,,,,,JS:v0:k0:r0,,,,,,
10.055119,10.058469300,,ruckig,ready,,4.440892098500626e-16,2.220446049250313e-14,5.684341886080802e-14,0,1.0,1,gJS_sBM_cAll_d03_mJS5_ch02,gJS_sBM_cAll_d03_mJS5_ch02,gJS_sBM_cAll_d03_mJS5_ch02,0.000000,,7.366667,0,,,replay_no_feasible_candidate,0.317436900,0.000000000,0.000000,replay_no_feasible_candidate,0.000000000,0.093573,0.056516,0.282744,0.000000,0.069130,0.000000,7.366667,0.350000,beat-sync,1.000000,1.000000,,0.000000000,0.169611656,left_wrist_yaw,0.012757479,left_wrist_yaw,0.169611656,left_wrist_yaw,0.015587403,left_wrist_yaw,0.046857,-0.077126,0.802406,0.163980,0.000000000,0.000000000,0.000000000,0.001025803,0.000067998,0.000930108,,0.000000000,,,0.069897,0.057709,1.282595,,0.000000000,0,1,0,0,,,,,,,warming_up,,,,,,,,,,,,,,JS:v0:k0:r0,,,,,,
10.105301,10.108477500,,ruckig,ready,,4.440892098500626e-16,2.220446049250313e-14,5.684341886080802e-14,0,1.0,1,gJS_sBM_cAll_d03_mJS5_ch02,gJS_sBM_cAll_d03_mJS5_ch02,gJS_sBM_cAll_d03_mJS5_ch02,0.000000,,7.366667,0,,,replay_no_feasible_candidate,0.324249018,0.000000000,0.000000,replay_no_feasible_candidate,0.000000000,0.093573,0.056516,0.282744,0.000000,0.069130,0.000000,7.366667,0.350000,beat-sync,1.000000,1.000000,,0.000000000,0.169009122,left_wrist_yaw,0.013571590,right_wrist_yaw,0.169009122,left_wrist_yaw,0.016406027,right_wrist_yaw,0.046634,-0.077381,0.802213,0.162406,0.000000000,0.000000000,0.000000000,0.001025803,0.000067998,0.000930108,,0.000000000,,,0.062322,0.051767,1.047904,,0.000000000,0,1,0,0,,,,,,,warming_up,,,,,,,,,,,,,,JS:v0:k0:r0,,,,,,
10.155137,10.158120200,,ruckig,ready,,4.440892098500626e-16,2.220446049250313e-14,5.684341886080802e-14,0,1.0,1,gJS_sBM_cAll_d03_mJS5_ch02,gJS_sBM_cAll_d03_mJS5_ch02,gJS_sBM_cAll_d03_mJS5_ch02,0.000000,,7.366667,0,,,replay_no_feasible_candidate,0.331014072,0.000000000,0.000000,replay_no_feasible_candidate,0.000000000,0.093573,0.056516,0.282744,0.000000,0.069130,0.000000,7.366667,0.350000,beat-sync,1.000000,1.000000,,0.000000000,0.168549484,left_wrist_yaw,0.017783025,right_wrist_yaw,0.168549484,left_wrist_yaw,0.023202110,right_wrist_yaw,0.046507,-0.077765,0.801792,0.160979,0.000000000,0.000000000,0.000000000,0.001025803,0.000067998,0.000930108,,0.000000000,,,0.083270,0.069750,1.718042,,0.000000000,0,1,0,0,,,,,,,warming_up,,,,,,,,,,,,,,JS:v0:k0:r0,,,,,,
10.205280,10.208880700,,ruckig,ready,,4.440892098500626e-16,2.220446049250313e-14,5.684341886080802e-14,0,1.0,1,gJS_sBM_cAll_d03_mJS5_ch02,gJS_sBM_cAll_d03_mJS5_ch02,gJS_sBM_cAll_d03_mJS5_ch02,0.000000,,7.366667,0,,,replay_no_feasible_candidate,0.337820801,0.000000000,0.000000,replay_no_feasible_candidate,0.000000000,0.093573,0.056516,0.282744,0.000000,0.069130,0.000000,7.366667,0.350000,beat-sync,1.000000,1.000000,,0.000000000,0.168342012,left_wrist_yaw,0.019840524,right_wrist_yaw,0.168342012,left_wrist_yaw,0.028618011,right_wrist_yaw,0.046560,-0.078408,0.801235,0.159623,0.000000000,0.000000000,0.000000000,0.001025803,0.000067998,0.000930108,,0.000000000,,,0.138453,0.110829,3.553844,,0.000000000,0,1,0,0,,,,,,,warming_up,,,,,,,,,,,,,,JS:v0:k0:r0,,,,,,
10.255183,10.259986300,,ruckig,ready,,4.440892098500626e-16,2.220446049250313e-14,5.684341886080802e-14,0,1.0,1,gJS_sBM_cAll_d03_mJS5_ch02,gJS_sBM_cAll_d03_mJS5_ch02,gJS_sBM_cAll_d03_mJS5_ch02,0.000000,,7.366667,0,,,replay_no_feasible_candidate,0.344594991,0.000000000,0.000000,replay_no_feasible_candidate,0.000000000,0.093573,0.056516,0.282744,0.000000,0.069130,0.000000,7.366667,0.350000,beat-sync,1.000000,1.000000,,0.000000000,0.168259068,left_wrist_yaw,0.024887165,right_wrist_yaw,0.168259068,left_wrist_yaw,0.027053266,right_wrist_yaw,0.046750,-0.079346,0.800563,0.158111,0.000000000,0.000000000,0.000000000,0.001025803,0.000067998,0.000930108,,0.000000000,,,0.132247,0.106337,1.496636,,0.000000000,0,1,0,0,,,,,,,warming_up,,,,,,,,,,,,,,JS:v0:k0:r0,,,,,,
10.305063,10.308888700,,ruckig,ready,,4.440892098500626e-16,2.220446049250313e-14,5.684341886080802e-14,0,1.0,1,gJS_sBM_cAll_d03_mJS5_ch02,gJS_sBM_cAll_d03_mJS5_ch02,gJS_sBM_cAll_d03_mJS5_ch02,0.000000,,7.366667,0,,,replay_no_feasible_candidate,0.351365977,0.000000000,0.000000,replay_no_feasible_candidate,0.000000000,0.093573,0.056516,0.282744,0.000000,0.069130,0.000000,7.366667,0.350000,beat-sync,1.000000,1.000000,,0.000000000,0.168049034,left_wrist_yaw,0.029241936,right_wrist_yaw,0.168049034,left_wrist_yaw,0.033770726,right_wrist_yaw,0.047120,-0.080467,0.799876,0.157034,0.000000000,0.000000000,0.000000000,0.001025803,0.000067998,0.000930108,,0.000000000,,,0.138005,0.116780,6.570363,,0.000000000,0,1,0,0,,,,,,,warming_up,,,,,,,,,,,,,,JS:v0:k0:r0,,,,,,
10.355616,10.359704800,,ruckig,ready,,4.440892098500626e-16,2.220446049250313e-14,5.684341886080802e-14,0,1.0,1,gJS_sBM_cAll_d03_mJS5_ch02,gJS_sBM_cAll_d03_mJS5_ch02,gJS_sBM_cAll_d03_mJS5_ch02,0.000000,,7.366667,0,,,replay_no_feasible_candidate,0.358228376,0.000000000,0.000000,replay_no_feasible_candidate,0.000000000,0.093573,0.056516,0.282744,0.000000,0.069130,0.000000,7.366667,0.350000,beat-sync,1.000000,1.000000,,0.000000000,0.167335802,left_wrist_yaw,0.036219846,right_wrist_yaw,0.167335802,left_wrist_yaw,0.052048982,right_wrist_yaw,0.047516,-0.081633,0.799390,0.156217,0.000000000,0.000000000,0.000000000,0.001025803,0.000067998,0.000930108,,0.000000000,,,0.167387,0.123009,3.828094,,0.000000000,0,1,0,0,,,,,,,warming_up,,,,,,,,,,,,,,JS:v0:k0:r0,,,,,,
10.405087,10.408481900,,ruckig,ready,,4.440892098500626e-16,2.220446049250313e-14,5.684341886080802e-14,0,1.0,1,gJS_sBM_cAll_d03_mJS5_ch02,gJS_sBM_cAll_d03_mJS5_ch02,gJS_sBM_cAll_d03_mJS5_ch02,0.000000,,7.366667,0,,,replay_no_feasible_candidate,0.364944005,0.000000000,0.000000,replay_no_feasible_candidate,0.000000000,0.093573,0.056516,0.282744,0.000000,0.069130,0.000000,7.366667,0.350000,beat-sync,1.000000,1.000000,,0.000000000,0.165945800,left_wrist_yaw,0.029982816,left_wrist_yaw,0.165945800,left_wrist_yaw,0.039731705,left_wrist_yaw,0.047897,-0.082667,0.799149,0.155622,0.000000000,0.000000000,0.000000000,0.001025803,0.000067998,0.000930108,,0.000000000,,,0.120541,0.097140,1.249068,,0.000000000,0,1,0,0,,,,,,,warming_up,,,,,,,,,,,,,,JS:v0:k0:r0,,,,,,
10.455505,10.460095700,,ruckig,ready,,4.440892098500626e-16,2.220446049250313e-14,5.684341886080802e-14,0,1.0,1,gJS_sBM_cAll_d03_mJS5_ch02,gJS_sBM_cAll_d03_mJS5_ch02,gJS_sBM_cAll_d03_mJS5_ch02,0.000000,,7.366667,0,,,replay_no_feasible_candidate,0.371787982,0.000000000,0.000000,replay_no_feasible_candidate,0.000000000,0.093573,0.056516,0.282744,0.000000,0.069130,0.000000,7.366667,0.350000,beat-sync,1.000000,1.000000,,0.000000000,0.166559154,right_wrist_yaw,0.018628671,left_wrist_yaw,0.166559154,right_wrist_yaw,0.027305319,left_wrist_yaw,0.048189,-0.083361,0.799012,0.156059,0.000000000,0.000000000,0.000000000,0.001025803,0.000067998,0.000930108,,0.000000000,,,0.101013,0.067050,1.186234,,0.000000000,0,1,0,0,,,,,,,warming_up,,,,,,,,,,,,,,JS:v0:k0:r0,,,,,,
10.507789,10.511109700,,ruckig,ready,,4.440892098500626e-16,2.220446049250313e-14,5.684341886080802e-14,0,1.0,1,gJS_sBM_cAll_d03_mJS5_ch02,gJS_sBM_cAll_d03_mJS5_ch02,gJS_sBM_cAll_d03_mJS5_ch02,0.000000,,7.366667,0,,,replay_no_feasible_candidate,0.378885412,0.000000000,0.000000,replay_no_feasible_candidate,0.000000000,0.093573,0.056516,0.282744,0.000000,0.069130,0.000000,7.366667,0.350000,beat-sync,1.000000,1.000000,,0.000000000,0.166521321,right_wrist_yaw,0.011427226,right_wrist_roll,0.166521321,right_wrist_yaw,0.013866714,right_wrist_roll,0.048203,-0.083382,0.799000,0.157064,0.000000000,0.000000000,0.000000000,0.001025803,0.000067998,0.000930108,,0.000000000,,,0.080275,0.067382,1.435849,,0.000000000,0,1,0,0,,,,,,,warming_up,,,,,,,,,,,,,,JS:v0:k0:r0,,,,,,
10.560297,10.565809800,,ruckig,ready,,4.440892098500626e-16,2.220446049250313e-14,5.684341886080802e-14,0,1.0,1,gJS_sBM_cAll_d03_mJS5_ch02,gJS_sBM_cAll_d03_mJS5_ch02,gJS_sBM_cAll_d03_mJS5_ch02,0.000000,,7.366667,0,,,replay_no_feasible_candidate,0.386013195,0.000000000,0.000000,replay_no_feasible_candidate,0.000000000,0.093573,0.056516,0.282744,0.000000,0.069130,0.000000,7.366667,0.350000,beat-sync,1.000000,1.000000,,0.000000000,0.165741104,right_wrist_yaw,0.028912506,right_wrist_yaw,0.165741104,right_wrist_yaw,0.027902761,right_wrist_yaw,0.047776,-0.082328,0.799233,0.158221,0.000000000,0.000000000,0.000000000,0.001025803,0.000067998,0.000930108,,0.000000000,,,0.119546,0.087928,0.979144,,0.000000000,0,1,0,0,,,,,,,warming_up,,,,,,,,,,,,,,JS:v0:k0:r0,,,,,,
10.600122,10.604183500,,ruckig,ready,,4.440892098500626e-16,2.220446049250313e-14,5.684341886080802e-14,0,1.0,1,gJS_sBM_cAll_d03_mJS5_ch02,gJS_sBM_cAll_d03_mJS5_ch02,gJS_sBM_cAll_d03_mJS5_ch02,0.000000,,7.366667,0,,,replay_no_feasible_candidate,0.391419222,0.000000000,0.000000,replay_no_feasible_candidate,0.000000000,0.093573,0.056516,0.282744,0.000000,0.069130,0.000000,7.366667,0.350000,beat-sync,1.000000,1.000000,,0.000000000,0.164375431,right_wrist_yaw,0.040849111,right_wrist_yaw,0.164375431,right_wrist_yaw,0.047177501,right_wrist_yaw,0.047139,-0.080674,0.799586,0.159017,0.000000000,0.000000000,0.000000000,0.001025803,0.000067998,0.000930108,,0.000000000,,,0.169962,0.134504,1.003264,,0.000000000,0,1,0,0,,,,,,,warming_up,,,,,,,,,,,,,,JS:v0:k0:r0,,,,,,
10.655468,10.664045600,,ruckig,ready,,4.440892098500626e-16,2.220446049250313e-14,5.684341886080802e-14,0,1.0,1,gJS_sBM_cAll_d03_mJS5_ch02,gJS_sBM_cAll_d03_mJS5_ch02,gJS_sBM_cAll_d03_mJS5_ch02,0.000000,,7.366667,0,,,replay_no_feasible_candidate,0.398932267,0.000000000,0.000000,replay_no_feasible_candidate,0.000000000,0.093573,0.056516,0.282744,0.000000,0.069130,0.000000,7.366667,0.350000,beat-sync,1.000000,1.000000,,0.000000000,0.164021708,left_wrist_yaw,0.092703863,right_wrist_yaw,0.164021708,left_wrist_yaw,0.070264693,right_wrist_yaw,0.045630,-0.076701,0.800448,0.160374,0.000000000,0.000000000,0.000000000,0.001025803,0.000067998,0.000930108,,0.000000000,,,0.200829,0.147381,1.169462,,0.000000000,0,1,0,0,,,,,,,warming_up,,,,,,,,,,,,,,JS:v0:k0:r0,,,,,,
10.708548,10.714402700,,ruckig,ready,,4.440892098500626e-16,2.220446049250313e-14,5.684341886080802e-14,0,1.0,1,gJS_sBM_cAll_d03_mJS5_ch02,gJS_sBM_cAll_d03_mJS5_ch02,gJS_sBM_cAll_d03_mJS5_ch02,0.000000,,7.366667,0,,,replay_no_feasible_candidate,0.406137778,0.000000000,0.000000,replay_no_feasible_candidate,0.000000000,0.093573,0.056516,0.282744,0.000000,0.069130,0.000000,7.366667,0.350000,beat-sync,1.000000,1.000000,,0.000000000,0.164364389,left_wrist_yaw,0.118197068,right_wrist_yaw,0.164364389,left_wrist_yaw,0.099287889,right_wrist_yaw,0.043356,-0.070724,0.801693,0.162279,0.000000000,0.000000000,0.000000000,0.001025803,0.000067998,0.000930108,,0.000000000,,,0.249061,0.183363,2.848028,,0.000000000,0,1,0,0,,,,,,,warming_up,,,,,,,,,,,,,,JS:v0:k0:r0,,,,,,
10.756262,10.762366200,,ruckig,ready,,4.440892098500626e-16,2.220446049250313e-14,5.684341886080802e-14,0,1.0,1,gJS_sBM_cAll_d03_mJS5_ch02,gJS_sBM_cAll_d03_mJS5_ch02,gJS_sBM_cAll_d03_mJS5_ch02,0.000000,,7.366667,0,,,replay_no_feasible_candidate,0.412614819,0.000000000,0.000000,replay_no_feasible_candidate,0.000000000,0.093573,0.056516,0.282744,0.000000,0.069130,0.000000,7.366667,0.350000,beat-sync,1.000000,1.000000,,0.000000000,0.164638776,left_wrist_yaw,0.224253117,right_wrist_yaw,0.164638776,left_wrist_yaw,0.129263544,right_wrist_yaw,0.040498,-0.063213,0.803234,0.164743,0.000000000,0.000000000,0.000000000,0.001025803,0.000067998,0.000930108,,0.000000000,,,0.327012,0.294634,9.343408,,0.000000000,0,1,0,0,,,,,,,warming_up,,,,,,,,,,,,,,JS:v0:k0:r0,,,,,,
10.800104,10.808707800,,ruckig,ready,,4.440892098500626e-16,2.220446049250313e-14,5.684341886080802e-14,0,1.0,1,gJS_sBM_cAll_d03_mJS5_ch02,gJS_sBM_cAll_d03_mJS5_ch02,gJS_sBM_cAll_d03_mJS5_ch02,0.000000,,7.366667,0,,,replay_no_feasible_candidate,0.418566181,0.000000000,0.000000,replay_no_feasible_candidate,0.000000000,0.093573,0.056516,0.282744,0.000000,0.069130,0.000000,7.366667,0.350000,beat-sync,1.000000,1.000000,,0.000000000,0.164813356,left_wrist_yaw,0.100595466,right_wrist_yaw,0.164813356,left_wrist_yaw,0.236079741,right_wrist_yaw,0.037130,-0.054449,0.805011,0.167732,0.000000000,0.000000000,0.000000000,0.001025803,0.000067998,0.000930108,,0.000000000,,,0.671635,0.237045,6.570985,,0.000000000,0,1,0,0,,,,,,,warming_up,,,,,,,,,,,,,,JS:v0:k0:r0,,,,,,
10.865470,10.875109300,,ruckig,ready,,4.440892098500626e-16,2.220446049250313e-14,5.684341886080802e-14,0,1.0,1,gJS_sBM_cAll_d03_mJS5_ch02,gJS_sBM_cAll_d03_mJS5_ch02,gJS_sBM_cAll_d03_mJS5_ch02,0.000000,,7.366667,0,,,replay_no_feasible_candidate,0.427439326,0.000000000,0.000000,replay_no_feasible_candidate,0.000000000,0.093573,0.056516,0.282744,0.000000,0.069130,0.000000,7.366667,0.350000,beat-sync,1.000000,1.000000,,0.000000000,0.165842719,left_wrist_yaw,0.224017318,right_wrist_yaw,0.165842719,left_wrist_yaw,0.104280630,right_wrist_yaw,0.031039,-0.038595,0.808153,0.171524,0.000000000,0.000000000,0.000000000,0.001025803,0.000067998,0.000930108,,0.000000000,,,0.417395,0.382039,4.426528,,0.000000000,0,1,0,0,,,,,,,warming_up,,,,,,,,,,,,,,JS:v0:k0:r0,,,,,,
10.906973,10.912530000,,ruckig,ready,,4.440892098500626e-16,2.220446049250313e-14,5.684341886080802e-14,0,1.0,1,gJS_sBM_cAll_d03_mJS5_ch02,gJS_sBM_cAll_d03_mJS5_ch02,gJS_sBM_cAll_d03_mJS5_ch02,0.000000,,7.366667,0,,,replay_no_feasible_candidate,0.433073244,0.000000000,0.000000,replay_no_feasible_candidate,0.000000000,0.093573,0.056516,0.282744,0.000000,0.069130,0.000000,7.366667,0.350000,beat-sync,1.000000,1.000000,,0.000000000,0.166532474,left_wrist_yaw,0.219563526,right_wrist_yaw,0.166532474,left_wrist_yaw,0.151877287,right_wrist_yaw,0.027049,-0.027872,0.810036,0.172089,0.000000000,0.000000000,0.000000000,0.001025803,0.000067998,0.000930108,,0.000000000,,,0.860586,0.658979,12.647326,,0.000000000,0,1,0,0,,,,,,,warming_up,,,,,,,,,,,,,,JS:v0:k0:r0,,,,,,
10.962278,10.971012300,,ruckig,ready,,4.440892098500626e-16,2.220446049250313e-14,5.684341886080802e-14,0,1.0,1,gJS_sBM_cAll_d03_mJS5_ch02,gJS_sBM_cAll_d03_mJS5_ch02,gJS_sBM_cAll_d03_mJS5_ch02,0.000000,,7.366667,0,,,replay_no_feasible_candidate,0.440580792,0.000000000,0.000000,replay_no_feasible_candidate,0.000000000,0.093573,0.056516,0.282744,0.000000,0.069130,0.000000,7.366667,0.350000,beat-sync,1.000000,1.000000,,0.000000000,0.166796423,left_wrist_yaw,0.107147552,right_wrist_yaw,0.166796423,left_wrist_yaw,0.070338916,right_wrist_yaw,0.022426,-0.013971,0.812064,0.169619,0.000000000,0.000000000,0.000000000,0.001025803,0.000067998,0.000930108,,0.000000000,,,0.956255,0.639525,4.753122,,0.000000000,0,1,0,0,,,,,,,warming_up,,,,,,,,,,,,,,JS:v0:k0:r0,,,,,,
11.004488,11.013887200,,ruckig,ready,,4.440892098500626e-16,2.220446049250313e-14,5.684341886080802e-14,0,1.0,1,gJS_sBM_cAll_d03_mJS5_ch02,gJS_sBM_cAll_d03_mJS5_ch02,gJS_sBM_cAll_d03_mJS5_ch02,0.000000,,7.366667,0,,,replay_no_feasible_candidate,0.446310534,0.000000000,0.000000,replay_no_feasible_candidate,0.000000000,0.093573,0.056516,0.282744,0.000000,0.069130,0.000000,7.366667,0.350000,beat-sync,1.000000,1.000000,,0.000000000,0.166588668,left_wrist_yaw,0.029567142,left_wrist_pitch,0.166588668,left_wrist_yaw,0.017253072,left_wrist_pitch,0.019561,-0.003917,0.813257,0.167218,0.000000000,0.000000000,0.000000000,0.001025803,0.000067998,0.000930108,,0.000000000,,,0.996387,0.739456,2.716364,,0.000000000,0,1,0,0,,,,,,,warming_up,,,,,,,,,,,,,,JS:v0:k0:r0,,,,,,
11.061260,11.069681500,,ruckig,ready,,4.440892098500626e-16,2.220446049250313e-14,5.684341886080802e-14,0,1.0,1,gJS_sBM_cAll_d03_mJS5_ch02,gJS_sBM_cAll_d03_mJS5_ch02,gJS_sBM_cAll_d03_mJS5_ch02,0.000000,,7.366667,0,,,replay_no_feasible_candidate,0.454017154,0.000000000,0.000000,replay_no_feasible_candidate,0.000000000,0.093573,0.056516,0.282744,0.000000,0.069130,0.000000,7.366667,0.350000,beat-sync,1.000000,1.000000,,0.000000000,0.166431597,left_wrist_yaw,0.136195637,right_wrist_yaw,0.166431597,left_wrist_yaw,0.072198705,right_wrist_yaw,0.016723,0.008719,0.814565,0.165166,0.000000000,0.000000000,0.000000000,0.001025803,0.000067998,0.000930108,,0.000000000,,,0.854368,0.700638,4.515912,,0.000000000,0,1,0,0,,,,,,,warming_up,,,,,,,,,,,,,,JS:v0:k0:r0,,,,,,
11.108610,11.119057300,,ruckig,ready,,4.440892098500626e-16,2.220446049250313e-14,5.684341886080802e-14,0,1.0,1,gJS_sBM_cAll_d03_mJS5_ch02,gJS_sBM_cAll_d03_mJS5_ch02,gJS_sBM_cAll_d03_mJS5_ch02,0.000000,,7.366667,0,,,replay_no_feasible_candidate,0.460444783,0.000000000,0.000000,replay_no_feasible_candidate,0.000000000,0.093573,0.056516,0.282744,0.000000,0.069130,0.000000,7.366667,0.350000,beat-sync,1.000000,1.000000,,0.000000000,0.166831576,left_wrist_yaw,0.126489921,right_wrist_yaw,0.166831576,left_wrist_yaw,0.082059155,right_wrist_yaw,0.015261,0.018403,0.815416,0.164928,0.000000000,0.000000000,0.000000000,0.001025803,0.000067998,0.000930108,,0.000000000,,,0.581959,0.455379,21.503134,,0.000000000,0,1,0,0,,,,,,,warming_up,,,,,,,,,,,,,,JS:v0:k0:r0,,,,,,
11.153108,11.167073800,,ruckig,ready,,4.440892098500626e-16,2.220446049250313e-14,5.684341886080802e-14,0,1.0,1,gJS_sBM_cAll_d03_mJS5_ch02,gJS_sBM_cAll_d03_mJS5_ch02,gJS_sBM_cAll_d03_mJS5_ch02,0.000000,,7.366667,0,,,replay_no_feasible_candidate,0.466485262,0.000000000,0.000000,replay_no_feasible_candidate,0.000000000,0.093573,0.056516,0.282744,0.000000,0.069130,0.000000,7.366667,0.350000,beat-sync,1.000000,1.000000,,0.000000000,0.167934215,left_wrist_yaw,0.225232184,right_wrist_yaw,0.167934215,left_wrist_yaw,0.121682142,right_wrist_yaw,0.014722,0.026746,0.815948,0.167617,0.000000000,0.000000000,0.000000000,0.001025803,0.000067998,0.000930108,,0.000000000,,,0.824790,0.558429,9.536939,,0.000000000,0,1,0,0,,,,,,,warming_up,,,,,,,,,,,,,,JS:v0:k0:r0,,,,,,
11.213852,11.218042100,,ruckig,ready,,4.440892098500626e-16,2.220446049250313e-14,5.684341886080802e-14,0,1.0,1,gJS_sBM_cAll_d03_mJS5_ch02,gJS_sBM_cAll_d03_mJS5_ch02,gJS_sBM_cAll_d03_mJS5_ch02,0.000000,,7.366667,0,,,replay_no_feasible_candidate,0.474731027,0.000000000,0.000000,replay_no_feasible_candidate,0.000000000,0.093573,0.056516,0.282744,0.000000,0.069130,0.000000,7.366667,0.350000,beat-sync,1.000000,1.000000,,0.000000000,0.169757468,left_wrist_yaw,0.193288010,left_wrist_pitch,0.169757468,left_wrist_yaw,0.128440471,left_wrist_pitch,0.015032,0.036883,0.815919,0.173236,0.000000000,0.000000000,0.000000000,0.001025803,0.000067998,0.000930108,,0.000000000,,,1.590900,1.410892,81.062720,,0.000000000,0,1,0,0,,,,,,,warming_up,,,,,,,,,,,,,,JS:v0:k0:r0,,,,,,
11.254758,11.258305700,,ruckig,ready,,4.440892098500626e-16,2.220446049250313e-14,5.684341886080802e-14,0,1.0,1,gJS_sBM_cAll_d03_mJS5_ch02,gJS_sBM_cAll_d03_mJS5_ch02,gJS_sBM_cAll_d03_mJS5_ch02,0.000000,,7.366667,0,,,replay_no_feasible_candidate,0.480283959,0.000000000,0.000000,replay_no_feasible_candidate,0.000000000,0.093573,0.056516,0.282744,0.000000,0.069130,0.000000,7.366667,0.350000,beat-sync,1.000000,1.000000,,0.000000000,0.170060746,left_wrist_yaw,0.001379593,right_wrist_yaw,0.170060746,left_wrist_yaw,0.001642748,right_wrist_yaw,0.015818,0.042858,0.815420,0.179464,0.000000000,0.000000000,0.000000000,0.001025803,0.000067998,0.000930108,,0.000000000,,,0.005691,0.004595,1.876496,,0.000000000,0,1,0,0,,,,,,,warming_up,,,,,,,,,,,,,,JS:v0:k0:r0,,,,,,
11.304103,11.308423100,,ruckig,ready,,4.440892098500626e-16,2.220446049250313e-14,5.684341886080802e-14,0,1.0,1,gJS_sBM_cAll_d03_mJS5_ch02,gJS_sBM_cAll_d03_mJS5_ch02,gJS_sBM_cAll_d03_mJS5_ch02,0.000000,,7.366667,0,,,replay_no_feasible_candidate,0.486982321,0.000000000,0.000000,replay_no_feasible_candidate,0.000000000,0.093573,0.056516,0.282744,0.000000,0.069130,0.000000,7.366667,0.350000,beat-sync,1.000000,1.000000,,0.000000000,0.170061901,left_wrist_yaw,0.000000000,right_wrist_pitch,0.170061901,left_wrist_yaw,0.000000000,right_wrist_pitch,0.018077,0.049189,0.814675,0.193077,0.000000000,0.000000000,0.000000000,0.001025803,0.000067998,0.000930108,,0.000000000,,,0.000000,0.000000,0.000000,,0.000000000,0,1,0,0,,,,,,,warming_up,,,,,,,,,,,,,,JS:v0:k0:r0,,,,,,
11.354397,11.357716000,,ruckig,ready,,4.440892098500626e-16,2.220446049250313e-14,5.684341886080802e-14,0,1.0,1,gJS_sBM_cAll_d03_mJS5_ch02,gJS_sBM_cAll_d03_mJS5_ch02,gJS_sBM_cAll_d03_mJS5_ch02,0.000000,,7.366667,0,,,replay_no_feasible_candidate,0.493809493,0.000000000,0.000000,replay_no_feasible_candidate,0.000000000,0.093573,0.056516,0.282744,0.000000,0.069130,0.000000,7.366667,0.350000,beat-sync,1.000000,1.000000,,0.000000000,0.170061901,left_wrist_yaw,0.000000000,right_wrist_pitch,0.170061901,left_wrist_yaw,0.000000000,right_wrist_pitch,0.019593,0.054340,0.813997,0.197589,0.000000000,0.000000000,0.000000000,0.001025803,0.000067998,0.000930108,,0.000000000,,,0.000000,0.000000,0.000000,,0.000000000,0,1,0,0,,,,,,,warming_up,,,,,,,,,,,,,,JS:v0:k0:r0,,,,,,
11.404054,11.407346800,,ruckig,ready,,4.440892098500626e-16,2.220446049250313e-14,5.684341886080802e-14,0,1.0,1,gJS_sBM_cAll_d03_mJS5_ch02,gJS_sBM_cAll_d03_mJS5_ch02,gJS_sBM_cAll_d03_mJS5_ch02,0.000000,,7.366667,0,,,replay_no_feasible_candidate,0.500550276,0.000000000,0.000000,replay_no_feasible_candidate,0.000000000,0.093573,0.056516,0.282744,0.000000,0.069130,0.000000,7.366667,0.350000,beat-sync,1.000000,1.000000,,0.000000000,0.170061901,left_wrist_yaw,0.000000000,right_wrist_pitch,0.170061901,left_wrist_yaw,0.000000000,right_wrist_pitch,0.021807,0.058537,0.813424,0.209056,0.000000000,0.000000000,0.000000000,0.001025803,0.000067998,0.000930108,,0.000000000,,,0.000000,0.000000,0.000000,,0.000000000,0,1,0,0,,,,,,,warming_up,,,,,,,,,,,,,,JS:v0:k0:r0,,,,,,
11.454267,11.457152300,,ruckig,ready,,4.440892098500626e-16,2.220446049250313e-14,5.684341886080802e-14,0,1.0,1,gJS_sBM_cAll_d03_mJS5_ch02,gJS_sBM_cAll_d03_mJS5_ch02,gJS_sBM_cAll_d03_mJS5_ch02,0.000000,,7.366667,0,,,replay_no_feasible_candidate,0.507366534,0.000000000,0.000000,replay_no_feasible_candidate,0.000000000,0.093573,0.056516,0.282744,0.000000,0.069130,0.000000,7.366667,0.350000,beat-sync,1.000000,1.000000,,0.000000000,0.170061901,left_wrist_yaw,0.000000000,right_wrist_pitch,0.170061901,left_wrist_yaw,0.000000000,right_wrist_pitch,0.023026,0.061850,0.812975,0.211056,0.000000000,0.000000000,0.000000000,0.001025803,0.000067998,0.000930108,,0.000000000,,,0.000000,0.000000,0.000000,,0.000000000,0,1,0,0,,,,,,,warming_up,,,,,,,,,,,,,,JS:v0:k0:r0,,,,,,
11.504253,11.507744300,,ruckig,ready,,4.440892098500626e-16,2.220446049250313e-14,5.684341886080802e-14,0,1.0,1,gJS_sBM_cAll_d03_mJS5_ch02,gJS_sBM_cAll_d03_mJS5_ch02,gJS_sBM_cAll_d03_mJS5_ch02,0.000000,,7.366667,0,,,replay_no_feasible_candidate,0.514151964,0.000000000,0.000000,replay_no_feasible_candidate,0.000000000,0.093573,0.056516,0.282744,0.000000,0.069130,0.000000,7.366667,0.350000,beat-sync,1.000000,1.000000,,0.000000000,0.170061901,left_wrist_yaw,0.000000000,right_wrist_pitch,0.170061901,left_wrist_yaw,0.000000000,right_wrist_pitch,0.024362,0.064365,0.812663,0.215711,0.000000000,0.000000000,0.000000000,0.001025803,0.000067998,0.000930108,,0.000000000,,,0.000000,0.000000,0.000000,,0.000000000,0,1,0,0,,,,,,,warming_up,,,,,,,,,,,,,,JS:v0:k0:r0,,,,,,
11.554101,11.557084000,,ruckig,ready,,4.440892098500626e-16,2.220446049250313e-14,5.684341886080802e-14,0,1.0,1,gJS_sBM_cAll_d03_mJS5_ch02,gJS_sBM_cAll_d03_mJS5_ch02,gJS_sBM_cAll_d03_mJS5_ch02,0.000000,,7.366667,0,,,replay_no_feasible_candidate,0.520918661,0.000000000,0.000000,replay_no_feasible_candidate,0.000000000,0.093573,0.056516,0.282744,0.000000,0.069130,0.000000,7.366667,0.350000,beat-sync,1.000000,1.000000,,0.000000000,0.170061901,left_wrist_yaw,0.000000000,right_wrist_pitch,0.170061901,left_wrist_yaw,0.000000000,right_wrist_pitch,0.025622,0.066237,0.812573,0.221075,0.000000000,0.000000000,0.000000000,0.001025803,0.000067998,0.000930108,,0.000000000,,,0.000000,0.000000,0.000000,,0.000000000,0,1,0,0,,,,,,,warming_up,,,,,,,,,,,,,,JS:v0:k0:r0,,,,,,
11.604022,11.607625800,,ruckig,ready,,4.440892098500626e-16,2.220446049250313e-14,5.684341886080802e-14,0,1.0,1,gJS_sBM_cAll_d03_mJS5_ch02,gJS_sBM_cAll_d03_mJS5_ch02,gJS_sBM_cAll_d03_mJS5_ch02,0.000000,,7.366667,0,,,replay_no_feasible_candidate,0.527695362,0.000000000,0.000000,replay_no_feasible_candidate,0.000000000,0.093573,0.056516,0.282744,0.000000,0.069130,0.000000,7.366667,0.350000,beat-sync,1.000000,1.000000,,0.000000000,0.170061901,left_wrist_yaw,0.000000000,right_wrist_pitch,0.170061901,left_wrist_yaw,0.000000000,right_wrist_pitch,0.026298,0.067649,0.812533,0.222846,0.000000000,0.000000000,0.000000000,0.001025803,0.000067998,0.000930108,,0.000000000,,,0.000000,0.000000,0.000000,,0.000000000,0,1,0,0,,,,,,,warming_up,,,,,,,,,,,,,,JS:v0:k0:r0,,,,,,
11.654336,11.657333700,,ruckig,ready,,4.440892098500626e-16,2.220446049250313e-14,5.684341886080802e-14,0,1.0,1,gJS_sBM_cAll_d03_mJS5_ch02,gJS_sBM_cAll_d03_mJS5_ch02,gJS_sBM_cAll_d03_mJS5_ch02,0.000000,,7.366667,0,,,replay_no_feasible_candidate,0.534525249,0.000000000,0.000000,replay_no_feasible_candidate,0.000000000,0.093573,0.056516,0.282744,0.000000,0.069130,0.000000,7.366667,0.350000,beat-sync,1.000000,1.000000,,0.000000000,0.170061901,left_wrist_yaw,0.000000000,right_wrist_pitch,0.170061901,left_wrist_yaw,0.000000000,right_wrist_pitch,0.026774,0.068694,0.812556,0.223244,0.000000000,0.000000000,0.000000000,0.001025803,0.000067998,0.000930108,,0.000000000,,,0.000000,0.000000,0.000000,,0.000000000,0,1,0,0,,,,,,,warming_up,,,,,,,,,,,,,,JS:v0:k0:r0,,,,,,
11.704398,11.707604100,,ruckig,ready,,4.440892098500626e-16,2.220446049250313e-14,5.684341886080802e-14,0,1.0,1,gJS_sBM_cAll_d03_mJS5_ch02,gJS_sBM_cAll_d03_mJS5_ch02,gJS_sBM_cAll_d03_mJS5_ch02,0.000000,,7.366667,0,,,replay_no_feasible_candidate,0.541320995,0.000000000,0.000000,replay_no_feasible_candidate,0.000000000,0.093573,0.056516,0.282744,0.000000,0.069130,0.000000,7.366667,0.350000,beat-sync,1.000000,1.000000,,0.000000000,0.170061901,left_wrist_yaw,0.000000000,right_wrist_pitch,0.170061901,left_wrist_yaw,0.000000000,right_wrist_pitch,0.024595,0.068909,0.812813,0.222541,0.000000000,0.000000000,0.000000000,0.001025803,0.000067998,0.000930108,,0.000000000,,,0.000000,0.000000,0.000000,,0.000000000,0,1,0,0,,,,,,,warming_up,,,,,,,,,,,,,,JS:v0:k0:r0,,,,,,
11.754308,11.757180300,,ruckig,ready,,4.440892098500626e-16,2.220446049250313e-14,5.684341886080802e-14,0,1.0,1,gJS_sBM_cAll_d03_mJS5_ch02,gJS_sBM_cAll_d03_mJS5_ch02,gJS_sBM_cAll_d03_mJS5_ch02,0.000000,,7.366667,0,,,replay_no_feasible_candidate,0.548096163,0.000000000,0.000000,replay_no_feasible_candidate,0.000000000,0.093573,0.056516,0.282744,0.000000,0.069130,0.000000,7.366667,0.350000,beat-sync,1.000000,1.000000,,0.000000000,0.170061901,left_wrist_yaw,0.000000000,right_wrist_pitch,0.170061901,left_wrist_yaw,0.000000000,right_wrist_pitch,0.027328,0.070128,0.812483,0.225717,0.000000000,0.000000000,0.000000000,0.001025803,0.000067998,0.000930108,,0.000000000,,,0.000000,0.000000,0.000000,,0.000000000,0,1,0,0,,,,,,,warming_up,,,,,,,,,,,,,,JS:v0:k0:r0,,,,,,
11.804262,11.807441500,,ruckig,ready,,4.440892098500626e-16,2.220446049250313e-14,5.684341886080802e-14,0,1.0,1,gJS_sBM_cAll_d03_mJS5_ch02,gJS_sBM_cAll_d03_mJS5_ch02,gJS_sBM_cAll_d03_mJS5_ch02,0.000000,,7.366667,0,,,replay_no_feasible_candidate,0.554877208,0.000000000,0.000000,replay_no_feasible_candidate,0.000000000,0.093573,0.056516,0.282744,0.000000,0.069130,0.000000,7.366667,0.350000,beat-sync,1.000000,1.000000,,0.000000000,0.170061901,left_wrist_yaw,0.000000000,right_wrist_pitch,0.170061901,left_wrist_yaw,0.000000000,right_wrist_pitch,0.027429,0.070703,0.812413,0.225882,0.000000000,0.000000000,0.000000000,0.001025803,0.000067998,0.000930108,,0.000000000,,,0.000000,0.000000,0.000000,,0.000000000,0,1,0,0,,,,,,,warming_up,,,,,,,,,,,,,,JS:v0:k0:r0,,,,,,
11.854324,11.857407600,,ruckig,ready,,4.440892098500626e-16,2.220446049250313e-14,5.684341886080802e-14,0,1.0,1,gJS_sBM_cAll_d03_mJS5_ch02,gJS_sBM_cAll_d03_mJS5_ch02,gJS_sBM_cAll_d03_mJS5_ch02,0.000000,,7.366667,0,,,replay_no_feasible_candidate,0.561672900,0.000000000,0.000000,replay_no_feasible_candidate,0.000000000,0.093573,0.056516,0.282744,0.000000,0.069130,0.000000,7.366667,0.350000,beat-sync,1.000000,1.000000,,0.000000000,0.170061901,left_wrist_yaw,0.000000000,right_wrist_pitch,0.170061901,left_wrist_yaw,0.000000000,right_wrist_pitch,0.027410,0.071205,0.812355,0.227789,0.000000000,0.000000000,0.000000000,0.001025803,0.000067998,0.000930108,,0.000000000,,,0.000000,0.000000,0.000000,,0.000000000,0,1,0,0,,,,,,,warming_up,,,,,,,,,,,,,,JS:v0:k0:r0,,,,,,
11.903929,11.906622500,,ruckig,ready,,4.440892098500626e-16,2.220446049250313e-14,5.684341886080802e-14,0,1.0,1,gJS_sBM_cAll_d03_mJS5_ch02,gJS_sBM_cAll_d03_mJS5_ch02,gJS_sBM_cAll_d03_mJS5_ch02,0.000000,,7.366667,0,,,replay_no_feasible_candidate,0.568406611,0.000000000,0.000000,replay_no_feasible_candidate,0.000000000,0.093573,0.056516,0.282744,0.000000,0.069130,0.000000,7.366667,0.350000,beat-sync,1.000000,1.000000,,0.000000000,0.170061901,left_wrist_yaw,0.000000000,right_wrist_pitch,0.170061901,left_wrist_yaw,0.000000000,right_wrist_pitch,0.027311,0.071676,0.812279,0.230628,0.000000000,0.000000000,0.000000000,0.001025803,0.000067998,0.000930108,,0.000000000,,,0.000000,0.000000,0.000000,,0.000000000,0,1,0,0,,,,,,,warming_up,,,,,,,,,,,,,,JS:v0:k0:r0,,,,,,
11.954250,11.956994900,,ruckig,ready,,4.440892098500626e-16,2.220446049250313e-14,5.684341886080802e-14,0,1.0,1,gJS_sBM_cAll_d03_mJS5_ch02,gJS_sBM_cAll_d03_mJS5_ch02,gJS_sBM_cAll_d03_mJS5_ch02,0.000000,,7.366667,0,,,replay_no_feasible_candidate,0.575237557,0.000000000,0.000000,replay_no_feasible_candidate,0.000000000,0.093573,0.056516,0.282744,0.000000,0.069130,0.000000,7.366667,0.350000,beat-sync,1.000000,1.000000,,0.000000000,0.170061901,left_wrist_yaw,0.000000000,right_wrist_pitch,0.170061901,left_wrist_yaw,0.000000000,right_wrist_pitch,0.027215,0.072126,0.812121,0.233417,0.000000000,0.000000000,0.000000000,0.001025803,0.000067998,0.000930108,,0.000000000,,,0.000000,0.000000,0.000000,,0.000000000,0,1,0,0,,,,,,,warming_up,,,,,,,,,,,,,,JS:v0:k0:r0,,,,,,
12.004614,12.007756000,,ruckig,ready,,4.440892098500626e-16,2.220446049250313e-14,5.684341886080802e-14,0,1.0,1,gJS_sBM_cAll_d03_mJS5_ch02,gJS_sBM_cAll_d03_mJS5_ch02,gJS_sBM_cAll_d03_mJS5_ch02,0.000000,,7.366667,0,,,replay_no_feasible_candidate,0.582074258,0.000000000,0.000000,replay_no_feasible_candidate,0.000000000,0.093573,0.056516,0.282744,0.000000,0.069130,0.000000,7.366667,0.350000,beat-sync,1.000000,1.000000,,0.000000000,0.170061901,left_wrist_yaw,0.000000000,right_wrist_pitch,0.170061901,left_wrist_yaw,0.000000000,right_wrist_pitch,0.027131,0.072635,0.811967,0.235572,0.000000000,0.000000000,0.000000000,0.001025803,0.000067998,0.000930108,,0.000000000,,,0.000000,0.000000,0.000000,,0.000000000,0,1,0,0,,,,,,,warming_up,,,,,,,,,,,,,,JS:v0:k0:r0,,,,,,
12.054336,12.057201000,,ruckig,ready,,4.440892098500626e-16,2.220446049250313e-14,5.684341886080802e-14,0,1.0,1,gJS_sBM_cAll_d03_mJS5_ch02,gJS_sBM_cAll_d03_mJS5_ch02,gJS_sBM_cAll_d03_mJS5_ch02,0.000000,,7.366667,0,,,replay_no_feasible_candidate,0.588823919,0.000000000,0.000000,replay_no_feasible_candidate,0.000000000,0.093573,0.056516,0.282744,0.000000,0.069130,0.000000,7.366667,0.350000,beat-sync,1.000000,1.000000,,0.000000000,0.170061901,left_wrist_yaw,0.000000000,right_wrist_pitch,0.170061901,left_wrist_yaw,0.000000000,right_wrist_pitch,0.026993,0.073194,0.811904,0.237349,0.000000000,0.000000000,0.000000000,0.001025803,0.000067998,0.000930108,,0.000000000,,,0.000000,0.000000,0.000000,,0.000000000,0,1,0,0,,,,,,,warming_up,,,,,,,,,,,,,,JS:v0:k0:r0,,,,,,
12.104043,12.107118500,,ruckig,ready,,4.440892098500626e-16,2.220446049250313e-14,5.684341886080802e-14,0,1.0,1,gJS_sBM_cAll_d03_mJS5_ch02,gJS_sBM_cAll_d03_mJS5_ch02,gJS_sBM_cAll_d03_mJS5_ch02,0.000000,,7.366667,0,,,replay_no_feasible_candidate,0.595571475,0.000000000,0.000000,replay_no_feasible_candidate,0.000000000,0.093573,0.056516,0.282744,0.000000,0.069130,0.000000,7.366667,0.350000,beat-sync,1.000000,1.000000,,0.000000000,0.170061901,left_wrist_yaw,0.000000000,right_wrist_pitch,0.170061901,left_wrist_yaw,0.000000000,right_wrist_pitch,0.026793,0.073891,0.811883,0.238813,0.000000000,0.000000000,0.000000000,0.001025803,0.000067998,0.000930108,,0.000000000,,,0.000000,0.000000,0.000000,,0.000000000,0,1,0,0,,,,,,,warming_up,,,,,,,,,,,,,,JS:v0:k0:r0,,,,,,
12.154151,12.157125400,,ruckig,ready,,4.440892098500626e-16,2.220446049250313e-14,5.684341886080802e-14,0,1.0,1,gJS_sBM_cAll_d03_mJS5_ch02,gJS_sBM_cAll_d03_mJS5_ch02,gJS_sBM_cAll_d03_mJS5_ch02,0.000000,,7.366667,0,,,replay_no_feasible_candidate,0.602373480,0.000000000,0.000000,replay_no_feasible_candidate,0.000000000,0.093573,0.056516,0.282744,0.000000,0.069130,0.000000,7.366667,0.350000,beat-sync,1.000000,1.000000,,0.000000000,0.170061901,left_wrist_yaw,0.000000000,right_wrist_pitch,0.170061901,left_wrist_yaw,0.000000000,right_wrist_pitch,0.026599,0.074661,0.811846,0.240930,0.000000000,0.000000000,0.000000000,0.001025803,0.000067998,0.000930108,,0.000000000,,,0.000000,0.000000,0.000000,,0.000000000,0,1,0,0,,,,,,,warming_up,,,,,,,,,,,,,,JS:v0:k0:r0,,,,,,
12.204324,12.207395000,,ruckig,ready,,4.440892098500626e-16,2.220446049250313e-14,5.684341886080802e-14,0,1.0,1,gJS_sBM_cAll_d03_mJS5_ch02,gJS_sBM_cAll_d03_mJS5_ch02,gJS_sBM_cAll_d03_mJS5_ch02,0.000000,,7.366667,0,,,replay_no_feasible_candidate,0.609184281,0.000000000,0.000000,replay_no_feasible_candidate,0.000000000,0.093573,0.056516,0.282744,0.000000,0.069130,0.000000,7.366667,0.350000,beat-sync,1.000000,1.000000,,0.000000000,0.170061901,left_wrist_yaw,0.000000000,right_wrist_pitch,0.170061901,left_wrist_yaw,0.000000000,right_wrist_pitch,0.026417,0.075550,0.811860,0.243291,0.000000000,0.000000000,0.000000000,0.001025803,0.000067998,0.000930108,,0.000000000,,,0.000000,0.000000,0.000000,,0.000000000,0,1,0,0,,,,,,,warming_up,,,,,,,,,,,,,,JS:v0:k0:r0,,,,,,
12.253946,12.257063000,,ruckig,ready,,4.440892098500626e-16,2.220446049250313e-14,5.684341886080802e-14,0,1.0,1,gJS_sBM_cAll_d03_mJS5_ch02,gJS_sBM_cAll_d03_mJS5_ch02,gJS_sBM_cAll_d03_mJS5_ch02,0.000000,,7.366667,0,,,replay_no_feasible_candidate,0.615920204,0.000000000,0.000000,replay_no_feasible_candidate,0.000000000,0.093573,0.056516,0.282744,0.000000,0.069130,0.000000,7.366667,0.350000,beat-sync,1.000000,1.000000,,0.000000000,0.170061901,left_wrist_yaw,0.000000000,right_wrist_pitch,0.170061901,left_wrist_yaw,0.000000000,right_wrist_pitch,0.026155,0.076516,0.811877,0.244889,0.000000000,0.000000000,0.000000000,0.001025803,0.000067998,0.000930108,,0.000000000,,,0.000000,0.000000,0.000000,,0.000000000,0,1,0,0,,,,,,,warming_up,,,,,,,,,,,,,,JS:v0:k0:r0,,,,,,
12.304062,12.306857500,,ruckig,ready,,4.440892098500626e-16,2.220446049250313e-14,5.684341886080802e-14,0,1.0,1,gJS_sBM_cAll_d03_mJS5_ch02,gJS_sBM_cAll_d03_mJS5_ch02,gJS_sBM_cAll_d03_mJS5_ch02,0.000000,,7.366667,0,,,replay_no_feasible_candidate,0.622723294,0.000000000,0.000000,replay_no_feasible_candidate,0.000000000,0.093573,0.056516,0.282744,0.000000,0.069130,0.000000,7.366667,0.350000,beat-sync,1.000000,1.000000,,0.000000000,0.170061901,left_wrist_yaw,0.000000000,right_wrist_pitch,0.170061901,left_wrist_yaw,0.000000000,right_wrist_pitch,0.025902,0.077634,0.811856,0.247533,0.000000000,0.000000000,0.000000000,0.001025803,0.000067998,0.000930108,,0.000000000,,,0.000000,0.000000,0.000000,,0.000000000,0,1,0,0,,,,,,,warming_up,,,,,,,,,,,,,,JS:v0:k0:r0,,,,,,
12.353900,12.357181300,,ruckig,ready,,4.440892098500626e-16,2.220446049250313e-14,5.684341886080802e-14,0,1.0,1,gJS_sBM_cAll_d03_mJS5_ch02,gJS_sBM_cAll_d03_mJS5_ch02,gJS_sBM_cAll_d03_mJS5_ch02,0.000000,,7.366667,0,,,replay_no_feasible_candidate,0.629488715,0.000000000,0.000000,replay_no_feasible_candidate,0.000000000,0.093573,0.056516,0.282744,0.000000,0.069130,0.000000,7.366667,0.350000,beat-sync,1.000000,1.000000,,0.000000000,0.170061901,left_wrist_yaw,0.000000000,right_wrist_pitch,0.170061901,left_wrist_yaw,0.000000000,right_wrist_pitch,0.022001,0.077943,0.812029,0.246400,0.000000000,0.000000000,0.000000000,0.001025803,0.000067998,0.000930108,,0.000000000,,,0.000000,0.000000,0.000000,,0.000000000,0,1,0,0,,,,,,,warming_up,,,,,,,,,,,,,,JS:v0:k0:r0,,,,,,
12.404975,12.407969600,,ruckig,ready,,4.440892098500626e-16,2.220446049250313e-14,5.684341886080802e-14,0,1.0,1,gJS_sBM_cAll_d03_mJS5_ch02,gJS_sBM_cAll_d03_mJS5_ch02,gJS_sBM_cAll_d03_mJS5_ch02,0.000000,,7.366667,0,,,replay_no_feasible_candidate,0.636422000,0.000000000,0.000000,replay_no_feasible_candidate,0.000000000,0.093573,0.056516,0.282744,0.000000,0.069130,0.000000,7.366667,0.350000,beat-sync,1.000000,1.000000,,0.000000000,0.170061901,left_wrist_yaw,0.000000000,right_wrist_pitch,0.170061901,left_wrist_yaw,0.000000000,right_wrist_pitch,0.024065,0.079807,0.811675,0.257845,0.000000000,0.000000000,0.000000000,0.001025803,0.000067998,0.000930108,,0.000000000,,,0.000000,0.000000,0.000000,,0.000000000,0,1,0,0,,,,,,,warming_up,,,,,,,,,,,,,,JS:v0:k0:r0,,,,,,
12.454120,12.457781400,,ruckig,ready,,4.440892098500626e-16,2.220446049250313e-14,5.684341886080802e-14,0,1.0,1,gJS_sBM_cAll_d03_mJS5_ch02,gJS_sBM_cAll_d03_mJS5_ch02,gJS_sBM_cAll_d03_mJS5_ch02,0.000000,,7.366667,0,,,replay_no_feasible_candidate,0.643093186,0.000000000,0.000000,replay_no_feasible_candidate,0.000000000,0.093573,0.056516,0.282744,0.000000,0.069130,0.000000,7.366667,0.350000,beat-sync,1.000000,1.000000,,0.000000000,0.170061901,left_wrist_yaw,0.000000000,right_wrist_pitch,0.170061901,left_wrist_yaw,0.000000000,right_wrist_pitch,0.021616,0.080642,0.811623,0.264115,0.000000000,0.000000000,0.000000000,0.001025803,0.000067998,0.000930108,,0.000000000,,,0.000000,0.000000,0.000000,,0.000000000,0,1,0,0,,,,,,,warming_up,,,,,,,,,,,,,,JS:v0:k0:r0,,,,,,
12.504241,12.507597700,,ruckig,ready,,4.440892098500626e-16,2.220446049250313e-14,5.684341886080802e-14,0,1.0,1,gJS_sBM_cAll_d03_mJS5_ch02,gJS_sBM_cAll_d03_mJS5_ch02,gJS_sBM_cAll_d03_mJS5_ch02,0.000000,,7.366667,0,,,replay_no_feasible_candidate,0.649896995,0.000000000,0.000000,replay_no_feasible_candidate,0.000000000,0.093573,0.056516,0.282744,0.000000,0.069130,0.000000,7.366667,0.350000,beat-sync,1.000000,1.000000,,0.000000000,0.170061901,left_wrist_yaw,0.000000000,right_wrist_pitch,0.170061901,left_wrist_yaw,0.000000000,right_wrist_pitch,0.023991,0.082781,0.811144,0.278463,0.000000000,0.000000000,0.000000000,0.001025803,0.000067998,0.000930108,,0.000000000,,,0.000000,0.000000,0.000000,,0.000000000,0,1,0,0,,,,,,,warming_up,,,,,,,,,,,,,,JS:v0:k0:r0,,,,,,
12.554787,12.558467600,,ruckig,ready,,4.440892098500626e-16,2.220446049250313e-14,5.684341886080802e-14,0,1.0,1,gJS_sBM_cAll_d03_mJS5_ch02,gJS_sBM_cAll_d03_mJS5_ch02,gJS_sBM_cAll_d03_mJS5_ch02,0.000000,,7.366667,0,,,replay_no_feasible_candidate,0.656758376,0.000000000,0.000000,replay_no_feasible_candidate,0.000000000,0.093573,0.056516,0.282744,0.000000,0.069130,0.000000,7.366667,0.350000,beat-sync,1.000000,1.000000,,0.000000000,0.170061901,left_wrist_yaw,0.000000000,right_wrist_pitch,0.170061901,left_wrist_yaw,0.000000000,right_wrist_pitch,0.021595,0.083735,0.810921,0.286679,0.000000000,0.000000000,0.000000000,0.001025803,0.000067998,0.000930108,,0.000000000,,,0.000000,0.000000,0.000000,,0.000000000,0,1,0,0,,,,,,,warming_up,,,,,,,,,,,,,,JS:v0:k0:r0,,,,,,
12.604068,12.608893100,,ruckig,ready,,4.440892098500626e-16,2.220446049250313e-14,5.684341886080802e-14,0,1.0,1,gJS_sBM_cAll_d03_mJS5_ch02,gJS_sBM_cAll_d03_mJS5_ch02,gJS_sBM_cAll_d03_mJS5_ch02,0.000000,,7.366667,0,,,replay_no_feasible_candidate,0.663448145,0.000000000,0.000000,replay_no_feasible_candidate,0.000000000,0.093573,0.056516,0.282744,0.000000,0.069130,0.000000,7.366667,0.350000,beat-sync,1.000000,1.000000,,0.000000000,0.170061901,left_wrist_yaw,0.000000000,right_wrist_pitch,0.170061901,left_wrist_yaw,0.000000000,right_wrist_pitch,0.024158,0.085943,0.810548,0.306785,0.000000000,0.000000000,0.000000000,0.001025803,0.000067998,0.000930108,,0.000000000,,,0.000000,0.000000,0.000000,,0.000000000,0,1,0,0,,,,,,,warming_up,,,,,,,,,,,,,,JS:v0:k0:r0,,,,,,
12.655769,12.659023500,,ruckig,ready,,4.440892098500626e-16,2.220446049250313e-14,5.684341886080802e-14,0,1.0,1,gJS_sBM_cAll_d03_mJS5_ch02,gJS_sBM_cAll_d03_mJS5_ch02,gJS_sBM_cAll_d03_mJS5_ch02,0.000000,,7.366667,0,,,replay_no_feasible_candidate,0.670466326,0.000000000,0.000000,replay_no_feasible_candidate,0.000000000,0.093573,0.056516,0.282744,0.000000,0.069130,0.000000,7.366667,0.350000,beat-sync,1.000000,1.000000,,0.000000000,0.170061901,left_wrist_yaw,0.000000000,right_wrist_pitch,0.170061901,left_wrist_yaw,0.000000000,right_wrist_pitch,0.022495,0.086999,0.810470,0.322659,0.000000000,0.000000000,0.000000000,0.001025803,0.000067998,0.000930108,,0.000000000,,,0.000000,0.000000,0.000000,,0.000000000,0,1,0,0,,,,,,,warming_up,,,,,,,,,,,,,,JS:v0:k0:r0,,,,,,
12.700633,12.703933900,,ruckig,ready,,4.440892098500626e-16,2.220446049250313e-14,5.684341886080802e-14,0,1.0,1,gJS_sBM_cAll_d03_mJS5_ch02,gJS_sBM_cAll_d03_mJS5_ch02,gJS_sBM_cAll_d03_mJS5_ch02,0.000000,,7.366667,0,,,replay_no_feasible_candidate,0.676556489,0.000000000,0.000000,replay_no_feasible_candidate,0.000000000,0.093573,0.056516,0.282744,0.000000,0.069130,0.000000,7.366667,0.350000,beat-sync,1.000000,1.000000,,0.000000000,0.170061901,left_wrist_yaw,0.000000000,right_wrist_pitch,0.170061901,left_wrist_yaw,0.000000000,right_wrist_pitch,0.025841,0.089495,0.810370,0.345484,0.000000000,0.000000000,0.000000000,0.001025803,0.000067998,0.000930108,,0.000000000,,,0.000000,0.000000,0.000000,,0.000000000,0,1,0,0,,,,,,,warming_up,,,,,,,,,,,,,,JS:v0:k0:r0,,,,,,
12.758220,12.763847300,,ruckig,ready,,4.440892098500626e-16,2.220446049250313e-14,5.684341886080802e-14,0,1.0,1,gJS_sBM_cAll_d03_mJS5_ch02,gJS_sBM_cAll_d03_mJS5_ch02,gJS_sBM_cAll_d03_mJS5_ch02,0.000000,,7.366667,0,,,replay_no_feasible_candidate,0.684373701,0.000000000,0.000000,replay_no_feasible_candidate,0.000000000,0.093573,0.056516,0.282744,0.000000,0.069130,0.000000,7.366667,0.350000,beat-sync,1.000000,1.000000,,0.000000000,0.170061901,left_wrist_yaw,0.000000000,right_wrist_pitch,0.170061901,left_wrist_yaw,0.000000000,right_wrist_pitch,0.024681,0.090766,0.810295,0.360297,0.000000000,0.000000000,0.000000000,0.001025803,0.000067998,0.000930108,,0.000000000,,,0.000000,0.000000,0.000000,,0.000000000,0,1,0,0,,,,,,,warming_up,,,,,,,,,,,,,,JS:v0:k0:r0,,,,,,
12.803876,12.813666100,,ruckig,ready,,4.440892098500626e-16,2.220446049250313e-14,5.684341886080802e-14,0,1.0,1,gJS_sBM_cAll_d03_mJS5_ch02,gJS_sBM_cAll_d03_mJS5_ch02,gJS_sBM_cAll_d03_mJS5_ch02,0.000000,,7.366667,0,,,replay_no_feasible_candidate,0.690571471,0.000000000,0.000000,replay_no_feasible_candidate,0.000000000,0.093573,0.056516,0.282744,0.000000,0.069130,0.000000,7.366667,0.350000,beat-sync,1.000000,1.000000,,0.000000000,0.170061901,left_wrist_yaw,0.000000000,right_wrist_pitch,0.170061901,left_wrist_yaw,0.000000000,right_wrist_pitch,0.027664,0.092724,0.809830,0.375763,0.000000000,0.000000000,0.000000000,0.001025803,0.000067998,0.000930108,,0.000000000,,,0.000000,0.000000,0.000000,,0.000000000,0,1,0,0,,,,,,,warming_up,,,,,,,,,,,,,,JS:v0:k0:r0,,,,,,
12.857012,12.867924800,,ruckig,ready,,4.440892098500626e-16,2.220446049250313e-14,5.684341886080802e-14,0,1.0,1,gJS_sBM_cAll_d03_mJS5_ch02,gJS_sBM_cAll_d03_mJS5_ch02,gJS_sBM_cAll_d03_mJS5_ch02,0.000000,,7.366667,0,,,replay_no_feasible_candidate,0.697784475,0.000000000,0.000000,replay_no_feasible_candidate,0.000000000,0.093573,0.056516,0.282744,0.000000,0.069130,0.000000,7.366667,0.350000,beat-sync,1.000000,1.000000,,0.000000000,0.170061901,left_wrist_yaw,0.000000000,right_wrist_pitch,0.170061901,left_wrist_yaw,0.000000000,right_wrist_pitch,0.029169,0.093644,0.808620,0.384242,0.000000000,0.000000000,0.000000000,0.001025803,0.000067998,0.000930108,,0.000000000,,,0.000000,0.000000,0.000000,,0.000000000,0,1,0,0,,,,,,,warming_up,,,,,,,,,,,,,,JS:v0:k0:r0,,,,,,
12.914196,12.922367300,,ruckig,ready,,4.440892098500626e-16,2.220446049250313e-14,5.684341886080802e-14,0,1.0,1,gJS_sBM_cAll_d03_mJS5_ch02,gJS_sBM_cAll_d03_mJS5_ch02,gJS_sBM_cAll_d03_mJS5_ch02,0.000000,,7.366667,0,,,replay_no_feasible_candidate,0.705546995,0.000000000,0.000000,replay_no_feasible_candidate,0.000000000,0.093573,0.056516,0.282744,0.000000,0.069130,0.000000,7.366667,0.350000,beat-sync,1.000000,1.000000,,0.000000000,0.170061901,left_wrist_yaw,0.000000000,right_wrist_pitch,0.170061901,left_wrist_yaw,0.000000000,right_wrist_pitch,0.032590,0.094617,0.806683,0.391834,0.000000000,0.000000000,0.000000000,0.001025803,0.000067998,0.000930108,,0.000000000,,,0.000000,0.000000,0.000000,,0.000000000,0,1,0,0,,,,,,,warming_up,,,,,,,,,,,,,,JS:v0:k0:r0,,,,,,
12.957570,12.963445200,,ruckig,ready,,4.440892098500626e-16,2.220446049250313e-14,5.684341886080802e-14,0,1.0,1,gJS_sBM_cAll_d03_mJS5_ch02,gJS_sBM_cAll_d03_mJS5_ch02,gJS_sBM_cAll_d03_mJS5_ch02,0.000000,,7.366667,0,,,replay_no_feasible_candidate,0.711434882,0.000000000,0.000000,replay_no_feasible_candidate,0.000000000,0.093573,0.056516,0.282744,0.000000,0.069130,0.000000,7.366667,0.350000,beat-sync,1.000000,1.000000,,0.000000000,0.170061901,left_wrist_yaw,0.000000000,right_wrist_pitch,0.170061901,left_wrist_yaw,0.000000000,right_wrist_pitch,0.041210,0.097311,0.805236,0.401414,0.000000000,0.000000000,0.000000000,0.001025803,0.000067998,0.000930108,,0.000000000,,,0.000000,0.000000,0.000000,,0.000000000,0,1,0,0,,,,,,,warming_up,,,,,,,,,,,,,,JS:v0:k0:r0,,,,,,
13.003687,13.014679300,,ruckig,ready,,4.440892098500626e-16,2.220446049250313e-14,5.684341886080802e-14,0,1.0,1,gJS_sBM_cAll_d03_mJS5_ch02,gJS_sBM_cAll_d03_mJS5_ch02,gJS_sBM_cAll_d03_mJS5_ch02,0.000000,,7.366667,0,,,replay_no_feasible_candidate,0.717695041,0.000000000,0.000000,replay_no_feasible_candidate,0.000000000,0.093573,0.056516,0.282744,0.000000,0.069130,0.000000,7.366667,0.350000,beat-sync,1.000000,1.000000,,0.000000000,0.170061901,left_wrist_yaw,0.000000000,right_wrist_pitch,0.170061901,left_wrist_yaw,0.000000000,right_wrist_pitch,0.046396,0.098248,0.803467,0.410591,0.000000000,0.000000000,0.000000000,0.001025803,0.000067998,0.000930108,,0.000000000,,,0.000000,0.000000,0.000000,,0.000000000,0,1,0,0,,,,,,,warming_up,,,,,,,,,,,,,,JS:v0:k0:r0,,,,,,
13.054979,13.067335400,,ruckig,ready,,4.440892098500626e-16,2.220446049250313e-14,5.684341886080802e-14,0,1.0,1,gJS_sBM_cAll_d03_mJS5_ch02,gJS_sBM_cAll_d03_mJS5_ch02,gJS_sBM_cAll_d03_mJS5_ch02,0.000000,,7.366667,0,,,replay_no_feasible_candidate,0.724657837,0.000000000,0.000000,replay_no_feasible_candidate,0.000000000,0.093573,0.056516,0.282744,0.000000,0.069130,0.000000,7.366667,0.350000,beat-sync,1.000000,1.000000,,0.000000000,0.169810991,left_wrist_yaw,0.095414814,right_wrist_yaw,0.169810991,left_wrist_yaw,0.156538853,right_wrist_yaw,0.053422,0.099538,0.801448,0.412009,0.000000000,0.000000000,0.000000000,0.001025803,0.000067998,0.000930108,,0.000000000,,,0.732556,0.441283,47.158814,,0.000000000,0,1,0,0,,,,,,,warming_up,,,,,,,,,,,,,,JS:v0:k0:r0,,,,,,
13.107241,13.116762900,,ruckig,ready,,4.440892098500626e-16,2.220446049250313e-14,5.684341886080802e-14,0,1.0,1,gJS_sBM_cAll_d03_mJS5_ch02,gJS_sBM_cAll_d03_mJS5_ch02,gJS_sBM_cAll_d03_mJS5_ch02,0.000000,,7.366667,0,,,replay_no_feasible_candidate,0.731752213,0.000000000,0.000000,replay_no_feasible_candidate,0.000000000,0.093573,0.056516,0.282744,0.000000,0.069130,0.000000,7.366667,0.350000,beat-sync,1.000000,1.000000,,0.000000000,0.184236243,right_wrist_yaw,0.361210757,right_wrist_yaw,0.184236243,right_wrist_yaw,0.187677830,right_wrist_yaw,0.058907,0.099973,0.799949,0.419453,0.000000000,0.000000000,0.000000000,0.001025803,0.000067998,0.000930108,,0.000000000,,,0.779725,0.602226,252.515340,,0.000000000,0,1,0,0,,,,,,,warming_up,,,,,,,,,,,,,,JS:v0:k0:r0,,,,,,
13.166967,13.181940000,,ruckig,ready,,4.440892098500626e-16,2.220446049250313e-14,5.684341886080802e-14,0,1.0,1,gJS_sBM_cAll_d03_mJS5_ch02,gJS_sBM_cAll_d03_mJS5_ch02,gJS_sBM_cAll_d03_mJS5_ch02,0.000000,,7.366667,0,,,replay_no_feasible_candidate,0.739859733,0.000000000,0.000000,replay_no_feasible_candidate,0.000000000,0.093573,0.056516,0.282744,0.000000,0.069130,0.000000,7.366667,0.350000,beat-sync,1.000000,1.000000,,0.000000000,0.182297888,right_wrist_yaw,0.359256567,left_wrist_yaw,0.182297888,right_wrist_yaw,0.142248506,left_wrist_yaw,0.067832,0.101445,0.798961,0.423723,0.000000000,0.000000000,0.000000000,0.001025803,0.000067998,0.000930108,,0.000000000,,,0.928698,0.852031,74.459217,,0.000000000,0,1,0,0,,,,,,,warming_up,,,,,,,,,,,,,,JS:v0:k0:r0,,,,,,
13.211222,13.222142500,,ruckig,ready,,4.440892098500626e-16,2.220446049250313e-14,5.684341886080802e-14,0,1.0,1,gJS_sBM_cAll_d03_mJS5_ch02,gJS_sBM_cAll_d03_mJS5_ch02,gJS_sBM_cAll_d03_mJS5_ch02,0.000000,,7.366667,0,,,replay_no_feasible_candidate,0.745867253,0.000000000,0.000000,replay_no_feasible_candidate,0.000000000,0.093573,0.056516,0.282744,0.000000,0.069130,0.000000,7.366667,0.350000,beat-sync,1.000000,1.000000,,0.000000000,0.178545592,right_wrist_yaw,0.214115113,right_wrist_yaw,0.178545592,right_wrist_yaw,0.095334128,right_wrist_yaw,0.069403,0.100435,0.798593,0.419760,0.000000000,0.000000000,0.000000000,0.001025803,0.000067998,0.000930108,,0.000000000,,,0.419953,0.390192,10.182609,,0.000000000,0,1,0,0,,,,,,,warming_up,,,,,,,,,,,,,,JS:v0:k0:r0,,,,,,
13.263761,13.273167200,,ruckig,ready,,4.440892098500626e-16,2.220446049250313e-14,5.684341886080802e-14,0,1.0,1,gJS_sBM_cAll_d03_mJS5_ch02,gJS_sBM_cAll_d03_mJS5_ch02,gJS_sBM_cAll_d03_mJS5_ch02,0.000000,,7.366667,0,,,replay_no_feasible_candidate,0.752999176,0.000000000,0.000000,replay_no_feasible_candidate,0.000000000,0.093573,0.056516,0.282744,0.000000,0.069130,0.000000,7.366667,0.350000,beat-sync,1.000000,1.000000,,0.000000000,0.175601843,right_wrist_yaw,0.268825371,left_wrist_yaw,0.175601843,right_wrist_yaw,0.123386158,left_wrist_yaw,0.076818,0.101434,0.798623,0.426251,0.000000000,0.000000000,0.000000000,0.001025803,0.000067998,0.000930108,,0.000000000,,,0.432325,0.344479,34.891549,,0.000000000,0,1,0,0,,,,,,,warming_up,,,,,,,,,,,,,,JS:v0:k0:r0,,,,,,
13.307676,13.312802900,,ruckig,ready,,4.440892098500626e-16,2.220446049250313e-14,5.684341886080802e-14,0,1.0,1,gJS_sBM_cAll_d03_mJS5_ch02,gJS_sBM_cAll_d03_mJS5_ch02,gJS_sBM_cAll_d03_mJS5_ch02,0.000000,,7.366667,0,,,replay_no_feasible_candidate,0.758960543,0.000000000,0.000000,replay_no_feasible_candidate,0.000000000,0.093573,0.056516,0.282744,0.000000,0.069130,0.000000,7.366667,0.350000,beat-sync,1.000000,1.000000,,0.000000000,0.172246884,right_wrist_yaw,0.124048295,right_wrist_yaw,0.172246884,right_wrist_yaw,0.190564427,right_wrist_yaw,0.078982,0.100792,0.798651,0.424702,0.000000000,0.000000000,0.000000000,0.001025803,0.000067998,0.000930108,,0.000000000,,,1.469816,1.159514,326.499403,,0.000000000,0,1,0,0,,,,,,,warming_up,,,,,,,,,,,,,,JS:v0:k0:r0,,,,,,
13.358182,13.362413100,,ruckig,ready,,4.440892098500626e-16,2.220446049250313e-14,5.684341886080802e-14,0,1.0,1,gJS_sBM_cAll_d03_mJS5_ch02,gJS_sBM_cAll_d03_mJS5_ch02,gJS_sBM_cAll_d03_mJS5_ch02,0.000000,,7.366667,0,,,replay_no_feasible_candidate,0.765816534,0.000000000,0.000000,replay_no_feasible_candidate,0.000000000,0.093573,0.056516,0.282744,0.000000,0.069130,0.000000,7.366667,0.350000,beat-sync,1.000000,1.000000,,0.000000000,0.169087816,right_wrist_yaw,0.126031172,left_wrist_yaw,0.169087816,right_wrist_yaw,0.169544404,left_wrist_yaw,0.082290,0.100431,0.798720,0.425537,0.000000000,0.000000000,0.000000000,0.001025803,0.000067998,0.000930108,,0.000000000,,,1.469589,1.143643,325.480410,,0.000000000,0,1,0,0,,,,,,,warming_up,,,,,,,,,,,,,,JS:v0:k0:r0,,,,,,
13.408301,13.413254200,,ruckig,ready,,4.440892098500626e-16,2.220446049250313e-14,5.684341886080802e-14,0,1.0,1,gJS_sBM_cAll_d03_mJS5_ch02,gJS_sBM_cAll_d03_mJS5_ch02,gJS_sBM_cAll_d03_mJS5_ch02,0.000000,,7.366667,0,,,replay_no_feasible_candidate,0.772620032,0.000000000,0.000000,replay_no_feasible_candidate,0.000000000,0.093573,0.056516,0.282744,0.000000,0.069130,0.000000,7.366667,0.350000,beat-sync,1.000000,1.000000,,0.000000000,0.166673110,right_wrist_yaw,0.107075834,right_wrist_yaw,0.166673110,right_wrist_yaw,0.126427303,right_wrist_yaw,0.085292,0.100023,0.798747,0.426725,0.000000000,0.000000000,0.000000000,0.001025803,0.000067998,0.000930108,,0.000000000,,,1.325750,0.941592,219.987356,,0.000000000,0,1,0,0,,,,,,,warming_up,,,,,,,,,,,,,,JS:v0:k0:r0,,,,,,
13.462741,13.473631200,,ruckig,ready,,4.440892098500626e-16,2.220446049250313e-14,5.684341886080802e-14,0,1.0,1,gJS_sBM_cAll_d03_mJS5_ch02,gJS_sBM_cAll_d03_mJS5_ch02,gJS_sBM_cAll_d03_mJS5_ch02,0.000000,,7.366667,0,,,replay_no_feasible_candidate,0.780010104,0.000000000,0.000000,replay_no_feasible_candidate,0.000000000,0.093573,0.056516,0.282744,0.000000,0.069130,0.000000,7.366667,0.350000,beat-sync,1.000000,1.000000,,0.000000000,0.166456184,right_wrist_yaw,0.188722297,left_wrist_yaw,0.166456184,right_wrist_yaw,0.137879908,left_wrist_yaw,0.089201,0.100062,0.798831,0.431161,0.000000000,0.000000000,0.000000000,0.001025803,0.000067998,0.000930108,,0.000000000,,,1.505734,0.873657,78.334214,,0.000000000,0,1,0,0,,,,,,,warming_up,,,,,,,,,,,,,,JS:v0:k0:r0,,,,,,
13.508714,13.514589300,,ruckig,ready,,4.440892098500626e-16,2.220446049250313e-14,5.684341886080802e-14,0,1.0,1,gJS_sBM_cAll_d03_mJS5_ch02,gJS_sBM_cAll_d03_mJS5_ch02,gJS_sBM_cAll_d03_mJS5_ch02,0.000000,,7.366667,0,,,replay_no_feasible_candidate,0.786250729,0.000000000,0.000000,replay_no_feasible_candidate,0.000000000,0.093573,0.056516,0.282744,0.000000,0.069130,0.000000,7.366667,0.350000,beat-sync,1.000000,1.000000,,0.000000000,0.166152708,right_wrist_yaw,0.082162667,left_wrist_yaw,0.166152708,right_wrist_yaw,0.055195480,left_wrist_yaw,0.089585,0.099040,0.798852,0.428679,0.000000000,0.000000000,0.000000000,0.001025803,0.000067998,0.000930108,,0.000000000,,,0.658734,0.539499,76.098071,,0.000000000,0,1,0,0,,,,,,,warming_up,,,,,,,,,,,,,,JS:v0:k0:r0,,,,,,
13.554581,13.562172000,,ruckig,ready,,4.440892098500626e-16,2.220446049250313e-14,5.684341886080802e-14,0,1.0,1,gJS_sBM_cAll_d03_mJS5_ch02,gJS_sBM_cAll_d03_mJS5_ch02,gJS_sBM_cAll_d03_mJS5_ch02,0.000000,,7.366667,0,,,replay_no_feasible_candidate,0.792477045,0.000000000,0.000000,replay_no_feasible_candidate,0.000000000,0.093573,0.056516,0.282744,0.000000,0.069130,0.000000,7.366667,0.350000,beat-sync,1.000000,1.000000,,0.000000000,0.166501753,right_wrist_yaw,0.175392288,left_wrist_yaw,0.166501753,right_wrist_yaw,0.091720471,left_wrist_yaw,0.090014,0.098177,0.798894,0.426614,0.000000000,0.000000000,0.000000000,0.001025803,0.000067998,0.000930108,,0.000000000,,,0.940185,0.839308,100.222913,,0.000000000,0,1,0,0,,,,,,,warming_up,,,,,,,,,,,,,,JS:v0:k0:r0,,,,,,
13.602034,13.606773200,,ruckig,ready,,4.440892098500626e-16,2.220446049250313e-14,5.684341886080802e-14,0,1.0,1,gJS_sBM_cAll_d03_mJS5_ch02,gJS_sBM_cAll_d03_mJS5_ch02,gJS_sBM_cAll_d03_mJS5_ch02,0.000000,,7.366667,0,,,replay_no_feasible_candidate,0.798918602,0.000000000,0.000000,replay_no_feasible_candidate,0.000000000,0.093573,0.056516,0.282744,0.000000,0.069130,0.000000,7.366667,0.350000,beat-sync,1.000000,1.000000,,0.000000000,0.168689025,right_wrist_yaw,0.148829901,right_wrist_yaw,0.168689025,right_wrist_yaw,0.117095222,right_wrist_yaw,0.094172,0.098929,0.798999,0.433085,0.000000000,0.000000000,0.000000000,0.001025803,0.000067998,0.000930108,,0.000000000,,,1.363167,1.191139,167.812180,,0.000000000,0,1,0,0,,,,,,,warming_up,,,,,,,,,,,,,,JS:v0:k0:r0,,,,,,
13.657759,13.661473000,,ruckig,ready,,4.440892098500626e-16,2.220446049250313e-14,5.684341886080802e-14,0,1.0,1,gJS_sBM_cAll_d03_mJS5_ch02,gJS_sBM_cAll_d03_mJS5_ch02,gJS_sBM_cAll_d03_mJS5_ch02,0.000000,,7.366667,0,,,replay_no_feasible_candidate,0.806483068,0.000000000,0.000000,replay_no_feasible_candidate,0.000000000,0.093573,0.056516,0.282744,0.000000,0.069130,0.000000,7.366667,0.350000,beat-sync,1.000000,1.000000,,0.000000000,0.169297280,right_wrist_yaw,0.086207911,right_wrist_yaw,0.169297280,right_wrist_yaw,0.102773816,right_wrist_yaw,0.092938,0.097567,0.798995,0.427035,0.000000000,0.000000000,0.000000000,0.001025803,0.000067998,0.000930108,,0.000000000,,,1.203594,0.979469,270.122138,,0.000000000,0,1,0,0,,,,,,,warming_up,,,,,,,,,,,,,,JS:v0:k0:r0,,,,,,
13.708161,13.711130600,,ruckig,ready,,4.440892098500626e-16,2.220446049250313e-14,5.684341886080802e-14,0,1.0,1,gJS_sBM_cAll_d03_mJS5_ch02,gJS_sBM_cAll_d03_mJS5_ch02,gJS_sBM_cAll_d03_mJS5_ch02,0.000000,,7.366667,0,,,replay_no_feasible_candidate,0.813325009,0.000000000,0.000000,replay_no_feasible_candidate,0.000000000,0.093573,0.056516,0.282744,0.000000,0.069130,0.000000,7.366667,0.350000,beat-sync,1.000000,1.000000,,0.000000000,0.170225033,right_wrist_yaw,0.143227497,left_wrist_yaw,0.170225033,right_wrist_yaw,0.176265244,left_wrist_yaw,0.093568,0.097269,0.798979,0.425985,0.000000000,0.000000000,0.000000000,0.001025803,0.000067998,0.000930108,,0.000000000,,,1.381136,1.166506,283.013964,,0.000000000,0,1,0,0,,,,,,,warming_up,,,,,,,,,,,,,,JS:v0:k0:r0,,,,,,
13.757932,13.761258100,,ruckig,ready,,4.440892098500626e-16,2.220446049250313e-14,5.684341886080802e-14,0,1.0,1,gJS_sBM_cAll_d03_mJS5_ch02,gJS_sBM_cAll_d03_mJS5_ch02,gJS_sBM_cAll_d03_mJS5_ch02,0.000000,,7.366667,0,,,replay_no_feasible_candidate,0.820081199,0.000000000,0.000000,replay_no_feasible_candidate,0.000000000,0.093573,0.056516,0.282744,0.000000,0.069130,0.000000,7.366667,0.350000,beat-sync,1.000000,1.000000,,0.000000000,0.170796621,right_wrist_yaw,0.078959188,right_wrist_yaw,0.170796621,right_wrist_yaw,0.098846761,right_wrist_yaw,0.093443,0.096934,0.798972,0.423448,0.000000000,0.000000000,0.000000000,0.001025803,0.000067998,0.000930108,,0.000000000,,,1.305662,1.075708,279.472549,,0.000000000,0,1,0,0,,,,,,,warming_up,,,,,,,,,,,,,,JS:v0:k0:r0,,,,,,
13.800155,13.803292100,,ruckig,ready,,4.440892098500626e-16,2.220446049250313e-14,5.684341886080802e-14,0,1.0,1,gJS_sBM_cAll_d03_mJS5_ch02,gJS_sBM_cAll_d03_mJS5_ch02,gJS_sBM_cAll_d03_mJS5_ch02,0.000000,,7.366667,0,,,replay_no_feasible_candidate,0.825812896,0.000000000,0.000000,replay_no_feasible_candidate,0.000000000,0.093573,0.056516,0.282744,0.000000,0.069130,0.000000,7.366667,0.350000,beat-sync,1.000000,1.000000,,0.000000000,0.171954930,right_wrist_yaw,0.087708858,right_wrist_yaw,0.171954930,right_wrist_yaw,0.101899837,right_wrist_yaw,0.095770,0.097810,0.799060,0.427019,0.000000000,0.000000000,0.000000000,0.001025803,0.000067998,0.000930108,,0.000000000,,,1.373825,1.153425,2.627689,,0.000000000,0,1,0,0,,,,,,,warming_up,,,,,,,,,,,,,,JS:v0:k0:r0,,,,,,
13.857821,13.861209900,,ruckig,ready,,4.440892098500626e-16,2.220446049250313e-14,5.684341886080802e-14,0,1.0,1,gJS_sBM_cAll_d03_mJS5_ch02,gJS_sBM_cAll_d03_mJS5_ch02,gJS_sBM_cAll_d03_mJS5_ch02,0.000000,,7.366667,0,,,replay_no_feasible_candidate,0.833640900,0.000000000,0.000000,replay_no_feasible_candidate,0.000000000,0.093573,0.056516,0.282744,0.000000,0.069130,0.000000,7.366667,0.350000,beat-sync,1.000000,1.000000,,0.000000000,0.171283665,right_wrist_yaw,0.086305539,left_wrist_yaw,0.171283665,right_wrist_yaw,0.108452384,left_wrist_yaw,0.091745,0.096610,0.799215,0.417173,0.000000000,0.000000000,0.000000000,0.001025803,0.000067998,0.000930108,,0.000000000,,,1.326521,1.094271,280.852307,,0.000000000,0,1,0,0,,,,,,,warming_up,,,,,,,,,,,,,,JS:v0:k0:r0,,,,,,
13.908080,13.911503500,,ruckig,ready,,4.440892098500626e-16,2.220446049250313e-14,5.684341886080802e-14,0,1.0,1,gJS_sBM_cAll_d03_mJS5_ch02,gJS_sBM_cAll_d03_mJS5_ch02,gJS_sBM_cAll_d03_mJS5_ch02,0.000000,,7.366667,0,,,replay_no_feasible_candidate,0.840463308,0.000000000,0.000000,replay_no_feasible_candidate,0.000000000,0.093573,0.056516,0.282744,0.000000,0.069130,0.000000,7.366667,0.350000,beat-sync,1.000000,1.000000,,0.000000000,0.170680394,right_wrist_yaw,0.104615522,right_wrist_yaw,0.170680394,right_wrist_yaw,0.123338853,right_wrist_yaw,0.089911,0.096518,0.799534,0.413731,0.000000000,0.000000000,0.000000000,0.001025803,0.000067998,0.000930108,,0.000000000,,,1.341912,1.109063,279.823697,,0.000000000,0,1,0,0,,,,,,,warming_up,,,,,,,,,,,,,,JS:v0:k0:r0,,,,,,
13.958106,13.961457700,,ruckig,ready,,4.440892098500626e-16,2.220446049250313e-14,5.684341886080802e-14,0,1.0,1,gJS_sBM_cAll_d03_mJS5_ch02,gJS_sBM_cAll_d03_mJS5_ch02,gJS_sBM_cAll_d03_mJS5_ch02,0.000000,,7.366667,0,,,replay_no_feasible_candidate,0.847254154,0.000000000,0.000000,replay_no_feasible_candidate,0.000000000,0.093573,0.056516,0.282744,0.000000,0.069130,0.000000,7.366667,0.350000,beat-sync,1.000000,1.000000,,0.000000000,0.168834556,right_wrist_yaw,0.138266804,left_wrist_yaw,0.168834556,right_wrist_yaw,0.170563308,left_wrist_yaw,0.086499,0.096296,0.800023,0.408714,0.000000000,0.000000000,0.000000000,0.001025803,0.000067998,0.000930108,,0.000000000,,,1.511133,1.231326,290.905303,,0.000000000,0,1,0,0,,,,,,,warming_up,,,,,,,,,,,,,,JS:v0:k0:r0,,,,,,
14.008032,14.011320900,,ruckig,ready,,4.440892098500626e-16,2.220446049250313e-14,5.684341886080802e-14,0,1.0,1,gJS_sBM_cAll_d03_mJS5_ch02,gJS_sBM_cAll_d03_mJS5_ch02,gJS_sBM_cAll_d03_mJS5_ch02,0.000000,,7.366667,0,,,replay_no_feasible_candidate,0.854031534,0.000000000,0.000000,replay_no_feasible_candidate,0.000000000,0.093573,0.056516,0.282744,0.000000,0.069130,0.000000,7.366667,0.350000,beat-sync,1.000000,1.000000,,0.000000000,0.165535685,right_wrist_yaw,0.168747647,right_wrist_yaw,0.165535685,right_wrist_yaw,0.202495557,right_wrist_yaw,0.081880,0.096164,0.800907,0.403841,0.000000000,0.000000000,0.000000000,0.001025803,0.000067998,0.000930108,,0.000000000,,,1.444636,1.220367,309.212677,,0.000000000,0,1,0,0,,,,,,,warming_up,,,,,,,,,,,,,,JS:v0:k0:r0,,,,,,
14.057867,14.061546800,,ruckig,ready,,4.440892098500626e-16,2.220446049250313e-14,5.684341886080802e-14,0,1.0,1,gJS_sBM_cAll_d03_mJS5_ch02,gJS_sBM_cAll_d03_mJS5_ch02,gJS_sBM_cAll_d03_mJS5_ch02,0.000000,,7.366667,0,,,replay_no_feasible_candidate,0.860796371,0.000000000,0.000000,replay_no_feasible_candidate,0.000000000,0.093573,0.056516,0.282744,0.000000,0.069130,0.000000,7.366667,0.350000,beat-sync,1.000000,1.000000,,0.000000000,0.161045028,right_wrist_yaw,0.143110639,left_wrist_yaw,0.161045028,right_wrist_yaw,0.175064025,left_wrist_yaw,0.075271,0.095811,0.802132,0.398332,0.000000000,0.000000000,0.000000000,0.001025803,0.000067998,0.000930108,,0.000000000,,,1.484488,1.168553,295.663135,,0.000000000,0,1,0,0,,,,,,,warming_up,,,,,,,,,,,,,,JS:v0:k0:r0,,,,,,
14.107942,14.111169500,,ruckig,ready,,4.440892098500626e-16,2.220446049250313e-14,5.684341886080802e-14,0,1.0,1,gJS_sBM_cAll_d03_mJS5_ch02,gJS_sBM_cAll_d03_mJS5_ch02,gJS_sBM_cAll_d03_mJS5_ch02,0.000000,,7.366667,0,,,replay_no_feasible_candidate,0.867593964,0.000000000,0.000000,replay_no_feasible_candidate,0.000000000,0.093573,0.056516,0.282744,0.000000,0.069130,0.000000,7.366667,0.350000,beat-sync,1.000000,1.000000,,0.000000000,0.156876307,right_wrist_yaw,0.159074318,right_wrist_yaw,0.156876307,right_wrist_yaw,0.182972755,right_wrist_yaw,0.067908,0.095614,0.803514,0.393109,0.000000000,0.000000000,0.000000000,0.001025803,0.000067998,0.000930108,,0.000000000,,,1.537789,1.289318,296.910567,,0.000000000,0,1,0,0,,,,,,,warming_up,,,,,,,,,,,,,,JS:v0:k0:r0,,,,,,
14.157889,14.161147600,,ruckig,ready,,4.440892098500626e-16,2.220446049250313e-14,5.684341886080802e-14,0,1.0,1,gJS_sBM_cAll_d03_mJS5_ch02,gJS_sBM_cAll_d03_mJS5_ch02,gJS_sBM_cAll_d03_mJS5_ch02,0.000000,,7.366667,0,,,replay_no_feasible_candidate,0.874374140,0.000000000,0.000000,replay_no_feasible_candidate,0.000000000,0.093573,0.056516,0.282744,0.000000,0.069130,0.000000,7.366667,0.350000,beat-sync,1.000000,1.000000,,0.000000000,0.154796654,left_wrist_yaw,0.096055702,left_wrist_yaw,0.154796654,left_wrist_yaw,0.114471403,left_wrist_yaw,0.059474,0.095281,0.805241,0.385626,0.000000000,0.000000000,0.000000000,0.001025803,0.000067998,0.000930108,,0.000000000,,,1.532260,1.297706,321.092859,,0.000000000,0,1,0,0,,,,,,,warming_up,,,,,,,,,,,,,,JS:v0:k0:r0,,,,,,
14.200116,14.203510100,,ruckig,ready,,4.440892098500626e-16,2.220446049250313e-14,5.684341886080802e-14,0,1.0,1,gJS_sBM_cAll_d03_mJS5_ch02,gJS_sBM_cAll_d03_mJS5_ch02,gJS_sBM_cAll_d03_mJS5_ch02,0.000000,,7.366667,0,,,replay_no_feasible_candidate,0.880106217,0.000000000,0.000000,replay_no_feasible_candidate,0.000000000,0.093573,0.056516,0.282744,0.000000,0.069130,0.000000,7.366667,0.350000,beat-sync,1.000000,1.000000,,0.000000000,0.153733594,left_wrist_yaw,0.158737488,left_wrist_yaw,0.153733594,left_wrist_yaw,0.119767891,left_wrist_yaw,0.055693,0.096175,0.806969,0.382126,0.000000000,0.000000000,0.000000000,0.001025803,0.000067998,0.000930108,,0.000000000,,,2.151144,1.897846,237.657829,,0.000000000,0,1,0,0,,,,,,,warming_up,,,,,,,,,,,,,,JS:v0:k0:r0,,,,,,
14.257997,14.261502100,,ruckig,ready,,4.440892098500626e-16,2.220446049250313e-14,5.684341886080802e-14,0,1.0,1,gJS_sBM_cAll_d03_mJS5_ch02,gJS_sBM_cAll_d03_mJS5_ch02,gJS_sBM_cAll_d03_mJS5_ch02,0.000000,,7.366667,0,,,replay_no_feasible_candidate,0.887963339,0.000000000,0.000000,replay_no_feasible_candidate,0.000000000,0.093573,0.056516,0.282744,0.000000,0.069130,0.000000,7.366667,0.350000,beat-sync,1.000000,1.000000,,0.000000000,0.155955509,left_wrist_yaw,0.061133400,right_wrist_yaw,0.155955509,left_wrist_yaw,0.072391082,right_wrist_yaw,0.044714,0.094904,0.809304,0.367385,0.000000000,0.000000000,0.000000000,0.001025803,0.000067998,0.000930108,,0.000000000,,,1.560339,1.280955,283.355403,,0.000000000,0,1,0,0,,,,,,,warming_up,,,,,,,,,,,,,,JS:v0:k0:r0,,,,,,
14.308149,14.311494800,,ruckig,ready,,4.440892098500626e-16,2.220446049250313e-14,5.684341886080802e-14,0,1.0,1,gJS_sBM_cAll_d03_mJS5_ch02,gJS_sBM_cAll_d03_mJS5_ch02,gJS_sBM_cAll_d03_mJS5_ch02,0.000000,,7.366667,0,,,replay_no_feasible_candidate,0.894771290,0.000000000,0.000000,replay_no_feasible_candidate,0.000000000,0.093573,0.056516,0.282744,0.000000,0.069130,0.000000,7.366667,0.350000,beat-sync,1.000000,1.000000,,0.000000000,0.158246612,left_wrist_yaw,0.142542279,left_wrist_yaw,0.158246612,left_wrist_yaw,0.173594097,left_wrist_yaw,0.039171,0.094544,0.810973,0.356914,0.000000000,0.000000000,0.000000000,0.001025803,0.000067998,0.000930108,,0.000000000,,,1.461705,1.197458,277.533618,,0.000000000,0,1,0,0,,,,,,,warming_up,,,,,,,,,,,,,,JS:v0:k0:r0,,,,,,
14.358515,14.361809000,,ruckig,ready,,4.440892098500626e-16,2.220446049250313e-14,5.684341886080802e-14,0,1.0,1,gJS_sBM_cAll_d03_mJS5_ch02,gJS_sBM_cAll_d03_mJS5_ch02,gJS_sBM_cAll_d03_mJS5_ch02,0.000000,,7.366667,0,,,replay_no_feasible_candidate,0.901608385,0.000000000,0.000000,replay_no_feasible_candidate,0.000000000,0.093573,0.056516,0.282744,0.000000,0.069130,0.000000,7.366667,0.350000,beat-sync,1.000000,1.000000,,0.000000000,0.160823821,left_wrist_yaw,0.061962640,right_wrist_yaw,0.160823821,left_wrist_yaw,0.070054177,right_wrist_yaw,0.034598,0.093912,0.812218,0.345035,0.000000000,0.000000000,0.000000000,0.001025803,0.000067998,0.000930108,,0.000000000,,,1.241368,1.049250,249.364943,,0.000000000,0,1,0,0,,,,,,,warming_up,,,,,,,,,,,,,,JS:v0:k0:r0,,,,,,
14.408267,14.411826100,,ruckig,ready,,4.440892098500626e-16,2.220446049250313e-14,5.684341886080802e-14,0,1.0,1,gJS_sBM_cAll_d03_mJS5_ch02,gJS_sBM_cAll_d03_mJS5_ch02,gJS_sBM_cAll_d03_mJS5_ch02,0.000000,,7.366667,0,,,replay_no_feasible_candidate,0.908362023,0.000000000,0.000000,replay_no_feasible_candidate,0.000000000,0.093573,0.056516,0.282744,0.000000,0.069130,0.000000,7.366667,0.350000,beat-sync,1.000000,1.000000,,0.000000000,0.162423496,left_wrist_yaw,0.005985808,right_wrist_yaw,0.162423496,left_wrist_yaw,0.007303114,right_wrist_yaw,0.034002,0.094102,0.812628,0.336519,0.000000000,0.000000000,0.000000000,0.001025803,0.000067998,0.000930108,,0.000000000,,,0.136045,0.111616,78.569454,,0.000000000,0,1,0,0,,,,,,,warming_up,,,,,,,,,,,,,,JS:v0:k0:r0,,,,,,
14.455618,14.464187100,,ruckig,ready,,4.440892098500626e-16,2.220446049250313e-14,5.684341886080802e-14,0,1.0,1,gJS_sBM_cAll_d03_mJS5_ch02,gJS_sBM_cAll_d03_mJS5_ch02,gJS_sBM_cAll_d03_mJS5_ch02,0.000000,,7.366667,0,,,replay_no_feasible_candidate,0.914789787,0.000000000,0.000000,replay_no_feasible_candidate,0.000000000,0.093573,0.056516,0.282744,0.000000,0.069130,0.000000,7.366667,0.350000,beat-sync,1.000000,1.000000,,0.000000000,0.162453696,left_wrist_yaw,0.000000001,right_wrist_yaw,0.162453696,left_wrist_yaw,0.000000000,left_wrist_yaw,0.032765,0.093676,0.812525,0.331600,0.000000000,0.000000000,0.000000000,0.001025803,0.000067998,0.000930108,,0.000000000,,,0.000000,0.000000,0.154739,,0.000000000,0,1,0,0,,,,,,,warming_up,,,,,,,,,,,,,,JS:v0:k0:r0,,,,,,
14.506068,14.513482800,,ruckig,ready,,4.440892098500626e-16,2.220446049250313e-14,5.684341886080802e-14,0,1.0,1,gJS_sBM_cAll_d03_mJS5_ch02,gJS_sBM_cAll_d03_mJS5_ch02,gJS_sBM_cAll_d03_mJS5_ch02,0.000000,,7.366667,0,,,replay_no_feasible_candidate,0.921638176,0.000000000,0.000000,replay_no_feasible_candidate,0.000000000,0.093573,0.056516,0.282744,0.000000,0.069130,0.000000,7.366667,0.350000,beat-sync,1.000000,1.000000,,0.000000000,0.162453696,left_wrist_yaw,0.000000000,right_wrist_pitch,0.162453696,left_wrist_yaw,0.000000000,right_wrist_pitch,0.031215,0.092803,0.811977,0.319321,0.000000000,0.000000000,0.000000000,0.001025803,0.000067998,0.000930108,,0.000000000,,,0.000000,0.000000,0.000000,,0.000000000,0,1,0,0,,,,,,,warming_up,,,,,,,,,,,,,,JS:v0:k0:r0,,,,,,
14.555836,14.558996200,,ruckig,ready,,4.440892098500626e-16,2.220446049250313e-14,5.684341886080802e-14,0,1.0,1,gJS_sBM_cAll_d03_mJS5_ch02,gJS_sBM_cAll_d03_mJS5_ch02,gJS_sBM_cAll_d03_mJS5_ch02,0.000000,,7.366667,0,,,replay_no_feasible_candidate,0.928394095,0.000000000,0.000000,replay_no_feasible_candidate,0.000000000,0.093573,0.056516,0.282744,0.000000,0.069130,0.000000,7.366667,0.350000,beat-sync,1.000000,1.000000,,0.000000000,0.162453696,left_wrist_yaw,0.000000000,right_wrist_pitch,0.162453696,left_wrist_yaw,0.000000000,right_wrist_pitch,0.030756,0.092129,0.811455,0.308440,0.000000000,0.000000000,0.000000000,0.001025803,0.000067998,0.000930108,,0.000000000,,,0.000000,0.000000,0.000000,,0.000000000,0,1,0,0,,,,,,,warming_up,,,,,,,,,,,,,,JS:v0:k0:r0,,,,,,
14.606143,14.609167000,,ruckig,ready,,4.440892098500626e-16,2.220446049250313e-14,5.684341886080802e-14,0,0.9991144086915685,1,gJS_sBM_cAll_d03_mJS5_ch02,gJS_sBM_cAll_d03_mJS5_ch02,gJS_sBM_cAll_d03_mJS5_ch02,0.000000,,7.366667,0,,,replay_no_feasible_candidate,0.935223005,0.000000000,0.000000,replay_no_feasible_candidate,0.000000000,0.093573,0.056516,0.282744,0.000000,0.069130,0.000000,7.366667,0.350000,beat-sync,1.000000,1.000000,,0.000000000,0.162453696,left_wrist_yaw,0.000000000,right_wrist_pitch,0.162453696,left_wrist_yaw,0.000000000,right_wrist_pitch,0.030881,0.091519,0.811208,0.302787,0.000000000,0.000000000,0.000000000,0.001025803,0.000067998,0.000930108,,0.000000000,,,0.000000,0.000000,0.000000,,0.000000000,0,1,0,0,,,,,,,warming_up,,,,,,,,,,,,,,JS:v0:k0:r0,,,,,,
14.655803,14.658618800,,ruckig,ready,,4.440892098500626e-16,2.220446049250313e-14,5.684341886080802e-14,0,0.9757877043380262,1,gJS_sBM_cAll_d03_mJS5_ch02,gJS_sBM_cAll_d03_mJS5_ch02,gJS_sBM_cAll_d03_mJS5_ch02,0.000000,,7.366667,0,,,replay_no_feasible_candidate,0.941964235,0.000000000,0.000000,replay_no_feasible_candidate,0.000000000,0.093573,0.056516,0.282744,0.000000,0.069130,0.000000,7.366667,0.350000,beat-sync,1.000000,1.000000,,0.000000000,0.162453696,left_wrist_yaw,0.000000000,right_wrist_pitch,0.162453696,left_wrist_yaw,0.000000000,right_wrist_pitch,0.030807,0.090833,0.811082,0.294773,0.000000000,0.000000000,0.000000000,0.001025803,0.000067998,0.000930108,,0.000000000,,,0.000000,0.000000,0.000000,,0.000000000,0,1,0,0,,,,,,,warming_up,,,,,,,,,,,,,,JS:v0:k0:r0,,,,,,
14.706111,14.709187500,,ruckig,ready,,4.440892098500626e-16,2.220446049250313e-14,5.684341886080802e-14,0,0.9011156177475741,1,gJS_sBM_cAll_d03_mJS5_ch02,gJS_sBM_cAll_d03_mJS5_ch02,gJS_sBM_cAll_d03_mJS5_ch02,0.000000,,7.366667,0,,,replay_no_feasible_candidate,0.948793403,0.000000000,0.000000,replay_no_feasible_candidate,0.000000000,0.093573,0.056516,0.282744,0.000000,0.069130,0.000000,7.366667,0.350000,beat-sync,1.000000,1.000000,,0.000000000,0.162453696,left_wrist_yaw,0.000000000,right_wrist_pitch,0.162453696,left_wrist_yaw,0.000000000,right_wrist_pitch,0.029334,0.089793,0.811252,0.290994,0.000000000,0.000000000,0.000000000,0.001025803,0.000067998,0.000930108,,0.000000000,,,0.000000,0.000000,0.000000,,0.000000000,0,1,0,0,,,,,,,warming_up,,,,,,,,,,,,,,JS:v0:k0:r0,,,,,,
14.756827,14.761140600,,ruckig,ready,,4.440892098500626e-16,2.220446049250313e-14,5.684341886080802e-14,0,0.7694884397915127,1,gJS_sBM_cAll_d03_mJS5_ch02,gJS_sBM_cAll_d03_mJS5_ch02,gJS_sBM_cAll_d03_mJS5_ch02,0.000000,,7.366667,0,,,replay_no_feasible_candidate,0.955677928,0.000000000,0.000000,replay_no_feasible_candidate,0.000000000,0.093573,0.056516,0.282744,0.000000,0.069130,0.000000,7.366667,0.350000,beat-sync,1.000000,1.000000,,0.000000000,0.162453696,left_wrist_yaw,0.000000000,right_wrist_pitch,0.162453696,left_wrist_yaw,0.000000000,right_wrist_pitch,0.031884,0.090062,0.811275,0.291370,0.000000000,0.000000000,0.000000000,0.001025803,0.000067998,0.000930108,,0.000000000,,,0.000000,0.000000,0.000000,,0.000000000,0,1,0,0,,,,,,,warming_up,,,,,,,,,,,,,,JS:v0:k0:r0,,,,,,
14.806151,14.809935600,,ruckig,ready,,4.440892098500626e-16,2.220446049250313e-14,5.684341886080802e-14,0,0.6011332207871164,1,gJS_sBM_cAll_d03_mJS5_ch02,gJS_sBM_cAll_d03_mJS5_ch02,gJS_sBM_cAll_d03_mJS5_ch02,0.000000,,7.366667,0,,,replay_no_feasible_candidate,0.962373439,0.000000000,0.000000,replay_no_feasible_candidate,0.000000000,0.093573,0.056516,0.282744,0.000000,0.069130,0.000000,7.366667,0.350000,beat-sync,1.000000,1.000000,,0.000000000,0.162453696,left_wrist_yaw,0.000000000,right_wrist_pitch,0.162453696,left_wrist_yaw,0.000000000,right_wrist_pitch,0.032072,0.089953,0.811361,0.288245,0.000000000,0.000000000,0.000000000,0.001025803,0.000067998,0.000930108,,0.000000000,,,0.000000,0.000000,0.000000,,0.000000000,0,1,0,0,,,,,,,warming_up,,,,,,,,,,,,,,JS:v0:k0:r0,,,,,,
14.855932,14.859589900,,ruckig,ready,,4.440892098500626e-16,2.220446049250313e-14,5.684341886080802e-14,0,0.41571514475953725,1,gJS_sBM_cAll_d03_mJS5_ch02,gJS_sBM_cAll_d03_mJS5_ch02,gJS_sBM_cAll_d03_mJS5_ch02,0.000000,,7.366667,0,,,replay_no_feasible_candidate,0.969131054,0.000000000,0.000000,replay_no_feasible_candidate,0.000000000,0.093573,0.056516,0.282744,0.000000,0.069130,0.000000,7.366667,0.350000,beat-sync,1.000000,1.000000,,0.000000000,0.162453696,left_wrist_yaw,0.000000000,right_wrist_pitch,0.162453696,left_wrist_yaw,0.000000000,right_wrist_pitch,0.032673,0.089993,0.811402,0.288689,0.000000000,0.000000000,0.000000000,0.001025803,0.000067998,0.000930108,,0.000000000,,,0.000000,0.000000,0.000000,,0.000000000,0,1,0,0,,,,,,,warming_up,,,,,,,,,,,,,,JS:v0:k0:r0,,,,,,
14.907634,14.910915100,,ruckig,ready,,4.440892098500626e-16,2.220446049250313e-14,5.684341886080802e-14,0,0.23734350430628712,1,gJS_sBM_cAll_d03_mJS5_ch02,gJS_sBM_cAll_d03_mJS5_ch02,gJS_sBM_cAll_d03_mJS5_ch02,0.000000,,7.366667,0,,,replay_no_feasible_candidate,0.976149480,0.000000000,0.000000,replay_no_feasible_candidate,0.000000000,0.093573,0.056516,0.282744,0.000000,0.069130,0.000000,7.366667,0.350000,beat-sync,1.000000,1.000000,,0.000000000,0.162453696,left_wrist_yaw,0.000000000,right_wrist_pitch,0.162453696,left_wrist_yaw,0.000000000,right_wrist_pitch,0.033201,0.090113,0.811449,0.289552,0.000000000,0.000000000,0.000000000,0.001025803,0.000067998,0.000930108,,0.000000000,,,0.000000,0.000000,0.000000,,0.000000000,0,1,0,0,,,,,,,warming_up,,,,,,,,,,,,,,JS:v0:k0:r0,,,,,,
14.957472,14.961162500,,ruckig,ready,,4.440892098500626e-16,2.220446049250313e-14,5.684341886080802e-14,0,0.10534126560358525,1,gJS_sBM_cAll_d03_mJS5_ch02,gJS_sBM_cAll_d03_mJS5_ch02,gJS_sBM_cAll_d03_mJS5_ch02,0.000000,,7.366667,0,,,replay_no_feasible_candidate,0.982914724,0.000000000,0.000000,replay_no_feasible_candidate,0.000000000,0.093573,0.056516,0.282744,0.000000,0.069130,0.000000,7.366667,0.350000,beat-sync,1.000000,1.000000,,0.000000000,0.162453696,left_wrist_yaw,0.000000000,right_wrist_pitch,0.162453696,left_wrist_yaw,0.000000000,right_wrist_pitch,0.033565,0.090277,0.811529,0.290877,0.000000000,0.000000000,0.000000000,0.001025803,0.000067998,0.000930108,,0.000000000,,,0.000000,0.000000,0.000000,,0.000000000,0,1,0,0,,,,,,,warming_up,,,,,,,,,,,,,,JS:v0:k0:r0,,,,,,
15.001280,15.004312700,,ruckig,ready,,4.440892098500626e-16,2.220446049250313e-14,5.684341886080802e-14,0,0.0340306346313468,1,gJS_sBM_cAll_d03_mJS5_ch02,gJS_sBM_cAll_d03_mJS5_ch02,gJS_sBM_cAll_d03_mJS5_ch02,0.000000,,7.366667,0,,,replay_no_feasible_candidate,0.988861525,0.000000000,0.000000,replay_no_feasible_candidate,0.000000000,0.093573,0.056516,0.282744,0.000000,0.069130,0.000000,7.366667,0.350000,beat-sync,1.000000,1.000000,,0.000000000,0.162453696,left_wrist_yaw,0.000000000,right_wrist_pitch,0.162453696,left_wrist_yaw,0.000000000,right_wrist_pitch,0.033786,0.090464,0.811597,0.291945,0.000000000,0.000000000,0.000000000,0.001025803,0.000067998,0.000930108,,0.000000000,,,0.000000,0.000000,0.000000,,0.000000000,0,1,0,0,,,,,,,warming_up,,,,,,,,,,,,,,JS:v0:k0:r0,,,,,,
15.058598,15.063096800,,ruckig,ready,,4.440892098500626e-16,2.220446049250313e-14,5.684341886080802e-14,0,0.00112262750282258,1,gJS_sBM_cAll_d03_mJS5_ch02,gJS_sBM_cAll_d03_mJS5_ch02,gJS_sBM_cAll_d03_mJS5_ch02,0.000000,,7.366667,0,,,replay_no_feasible_candidate,0.996642290,0.000000000,0.000000,replay_no_feasible_candidate,0.000000000,0.093573,0.056516,0.282744,0.000000,0.069130,0.000000,7.366667,0.350000,beat-sync,1.000000,1.000000,,0.000000000,0.162453696,left_wrist_yaw,0.000000000,right_wrist_pitch,0.162453696,left_wrist_yaw,0.000000000,right_wrist_pitch,0.033983,0.090618,0.811619,0.292612,0.000000000,0.000000000,0.000000000,0.001025803,0.000067998,0.000930108,,0.000000000,,,0.000000,0.000000,0.000000,,0.000000000,0,1,0,0,,,,,,,warming_up,,,,,,,,,,,,,,JS:v0:k0:r0,,,,,,
15.099812,15.112063500,switch_start,ruckig,executing,,4.440892098500626e-16,2.220446049250313e-14,5.684341886080802e-14,0,0.0,1,gJS_sBM_cAll_d03_mJS5_ch02,,,0.000000,,15.083333,0,,gJS_sBM_cAll_d03_mJS5_ch02,replay_no_feasible_candidate,1.000000000,0.000000000,0.047082,replay_no_feasible_candidate,0.000000000,0.093573,0.056516,0.282744,0.000000,0.069130,0.000000,7.366667,0.350000,beat-sync,1.000000,1.000000,,0.000000000,0.163255003,right_wrist_yaw,0.893721434,right_wrist_roll,0.163255003,right_wrist_yaw,0.476855907,right_wrist_roll,0.034016,0.090647,0.811611,0.292767,0.000000000,0.000000000,0.000000000,0.001025803,0.000067998,0.000930108,,0.000000000,,,0.477500,0.342602,15.738886,,0.000000000,0,1,0,0,,,,,,,warming_up,,,,,,,,,,,,,,JS:v0:k0:r0,,,,,,
15.127171,15.132340900,,ruckig,executing,,4.440892098500626e-16,2.220446049250313e-14,5.684341886080802e-14,0,0.0,1,gJS_sBM_cAll_d03_mJS5_ch02,,,0.000000,,15.083333,0,,gJS_sBM_cAll_d03_mJS5_ch02,replay_no_feasible_candidate,1.000000000,0.000000000,0.125251,replay_no_feasible_candidate,0.000000000,0.093573,0.056516,0.282744,0.000000,0.069130,0.000000,7.366667,0.350000,beat-sync,1.000000,1.000000,,0.000000000,0.187698084,right_wrist_yaw,6.918255407,right_wrist_roll,0.187698084,right_wrist_yaw,3.525865282,right_wrist_roll,0.034016,0.090647,0.811630,0.292769,0.000000000,0.000000000,0.000000000,0.001025803,0.000067998,0.000930108,,0.000000000,,,4.645526,3.921726,184.786203,,0.000000000,0,1,0,0,,,,,,,warming_up,,,,,,,,,,,,,,JS:v0:k0:r0,,,,,,
15.150725,15.153943900,,ruckig,executing,,4.440892098500626e-16,2.220446049250313e-14,5.684341886080802e-14,0,0.0,1,gJS_sBM_cAll_d03_mJS5_ch02,,,0.000000,,15.083333,0,,gJS_sBM_cAll_d03_mJS5_ch02,replay_no_feasible_candidate,1.000000000,0.000000000,0.192546,replay_no_feasible_candidate,0.000000000,0.093573,0.056516,0.282744,0.000000,0.069130,0.000000,7.366667,0.350000,beat-sync,1.000000,1.000000,,0.000000000,0.208761645,right_wrist_yaw,2.166656247,right_wrist_roll,0.208761645,right_wrist_yaw,2.909591288,right_wrist_roll,0.034016,0.090647,0.811674,0.292771,0.000000000,0.000000000,0.000000000,0.001025803,0.000067998,0.000930108,,0.000000000,,,4.148483,3.348301,10.487392,,0.000000000,0,1,0,0,,,,,,,warming_up,,,,,,,,,,,,,,JS:v0:k0:r0,,,,,,
15.210236,15.219218200,,ruckig,executing,,4.440892098500626e-16,2.220446049250313e-14,5.684341886080802e-14,0,0.0,1,gJS_sBM_cAll_d03_mJS5_ch02,,,0.000000,,15.083333,0,,gJS_sBM_cAll_d03_mJS5_ch02,replay_no_feasible_candidate,1.000000000,0.000000000,0.362578,replay_no_feasible_candidate,0.000000000,0.093573,0.056516,0.282744,0.000000,0.069130,0.000000,7.366667,0.350000,beat-sync,1.000000,1.000000,,0.000000000,0.261981716,right_wrist_yaw,4.439680403,right_wrist_roll,0.261981716,right_wrist_yaw,2.846058439,right_wrist_roll,0.034016,0.090647,0.811926,0.292782,0.000000000,0.000000000,0.000000000,0.001025803,0.000067998,0.000930108,,0.000000000,,,4.057898,2.840332,16.988440,,0.000000000,0,1,0,0,,,,,,,warming_up,,,,,,,,,,,,,,JS:v0:k0:r0,,,,,,
15.265005,15.268491700,,ruckig,executing,,4.440892098500626e-16,2.220446049250313e-14,5.684341886080802e-14,0,0.0,1,gJS_sBM_cAll_d03_mJS5_ch02,,,0.000000,,15.083333,0,,gJS_sBM_cAll_d03_mJS5_ch02,replay_no_feasible_candidate,1.000000000,0.000000000,0.519063,replay_no_feasible_candidate,0.000000000,0.093573,0.056516,0.282744,0.000000,0.069130,0.000000,7.366667,0.350000,beat-sync,1.000000,1.000000,,0.000000000,0.326245961,right_wrist_roll,4.515401769,right_wrist_roll,0.326245961,right_wrist_roll,3.361324586,right_wrist_roll,0.034016,0.090647,0.812274,0.292786,0.000000000,0.000000000,0.000000000,0.001025803,0.000067998,0.000930108,,0.000000000,,,4.792563,4.163783,44.747178,,0.000000000,0,1,0,0,,,,,,,warming_up,,,,,,,,,,,,,,JS:v0:k0:r0,,,,,,
15.323607,15.337463800,,ruckig,executing,,4.440892098500626e-16,2.220446049250313e-14,5.684341886080802e-14,0,0.0,1,gJS_sBM_cAll_d03_mJS5_ch02,,,0.000000,,15.083333,0,,gJS_sBM_cAll_d03_mJS5_ch02,replay_no_feasible_candidate,1.000000000,0.000000000,0.686496,replay_no_feasible_candidate,0.000000000,0.093573,0.056516,0.282744,0.000000,0.069130,0.000000,7.366667,0.350000,beat-sync,1.000000,1.000000,,0.000000000,0.458689194,right_wrist_roll,7.014125498,right_wrist_roll,0.458689194,right_wrist_roll,2.593030034,right_wrist_roll,0.034016,0.090647,0.812625,0.292778,0.000000000,0.000000000,0.000000000,0.001025803,0.000067998,0.000930108,,0.000000000,,,3.678158,2.401953,51.830726,,0.000000000,0,1,0,0,,,,,,,warming_up,,,,,,,,,,,,,,JS:v0:k0:r0,,,,,,
15.350841,15.363536800,,ruckig,executing,,4.440892098500626e-16,2.220446049250313e-14,5.684341886080802e-14,0,0.0,1,gJS_sBM_cAll_d03_mJS5_ch02,,,0.000000,,15.083333,0,,gJS_sBM_cAll_d03_mJS5_ch02,replay_no_feasible_candidate,1.000000000,0.000000000,0.764308,replay_no_feasible_candidate,0.000000000,0.093573,0.056516,0.282744,0.000000,0.069130,0.000000,7.366667,0.350000,beat-sync,1.000000,1.000000,,0.000000000,0.517146267,right_wrist_roll,7.014848700,right_wrist_roll,0.517146267,right_wrist_roll,3.702884829,right_wrist_roll,0.034016,0.090647,0.812740,0.292773,0.000000000,0.000000000,0.000000000,0.001025803,0.000067998,0.000930108,,0.000000000,,,5.044819,3.069294,55.395600,,0.000000000,0,1,0,0,,,,,,,warming_up,,,,,,,,,,,,,,JS:v0:k0:r0,,,,,,
15.402542,15.415213400,,ruckig,executing,,4.440892098500626e-16,2.220446049250313e-14,5.684341886080802e-14,0,0.0,1,gJS_sBM_cAll_d03_mJS5_ch02,,,0.000000,,15.083333,0,,gJS_sBM_cAll_d03_mJS5_ch02,replay_no_feasible_candidate,1.000000000,0.000000000,0.912025,replay_no_feasible_candidate,0.000000000,0.093573,0.056516,0.282744,0.000000,0.069130,0.000000,7.366667,0.350000,beat-sync,1.000000,1.000000,,0.000000000,0.376170156,left_wrist_pitch,18.098206043,right_wrist_roll,0.376170156,left_wrist_pitch,10.144233943,right_wrist_roll,0.034016,0.090647,0.812843,0.292767,0.000000000,0.000000000,0.000000000,0.001025803,0.000067998,0.000930108,,0.000000000,,,14.086536,8.053674,171.505322,,0.000000000,0,1,0,0,,,,,,,warming_up,,,,,,,,,,,,,,JS:v0:k0:r0,,,,,,
15.462531,15.479781600,switch_complete,ruckig,awaiting_preparation,,4.440892098500626e-16,2.220446049250313e-14,5.684341886080802e-14,0,0.0018209770473756371,2,gJS_sBM_cAll_d03_mJS5_ch02,,,0.000000,,15.083333,0,,,replay_no_feasible_candidate,0.003963511,0.000000000,1.000000,replay_no_feasible_candidate,0.000000000,0.093573,0.056516,0.282744,0.000000,0.069130,0.000000,7.366667,0.350000,beat-sync,1.000000,1.000000,,0.000000000,0.157788735,left_wrist_yaw,21.432047205,left_wrist_pitch,0.157788735,left_wrist_yaw,6.826840715,left_wrist_pitch,0.030798,0.089395,0.812544,0.295094,0.000000000,0.000000000,0.000000000,0.001025803,0.000067998,0.000930108,,0.000000000,,,12.268659,9.885383,224.705457,,0.000000000,0,1,0,0,,,,,,,warming_up,,,,,,,,,,,,,,JS:v0:k0:r0,,,,,,
15.498783,15.510921100,post_switch_continuity,ruckig,preparing,,4.440892098500626e-16,2.220446049250313e-14,5.684341886080802e-14,0,0.018256087140953434,2,gJS_sBM_cAll_d03_mJS5_ch02,,,0.000000,,15.083333,0,,,replay_no_feasible_candidate,0.008884624,0.000000000,0.000000,replay_no_feasible_candidate,0.000000000,0.093573,0.056516,0.282744,0.000000,0.069130,0.000000,7.366667,0.350000,beat-sync,1.000000,1.000000,,0.000000000,0.158454824,left_wrist_yaw,1.774654629,right_wrist_pitch,0.158454824,left_wrist_yaw,0.499627987,right_wrist_pitch,0.031036,0.089427,0.812296,0.295675,0.000000000,0.000000000,0.000000000,0.000240499,0.000248764,0.000581486,,0.000000000,,,7.826284,7.436109,274.865359,,0.000000000,0,1,0,0,,,,,,,warming_up,,,,,,,,,,,,,,JS:v0:k0:r0,,,,,,
15.530827,15.543351800,,ruckig,ready,,4.440892098500626e-16,2.220446049250313e-14,5.684341886080802e-14,0,0.05414287684931336,2,gJS_sBM_cAll_d03_mJS5_ch02,gJS_sBM_cAll_d03_mJS5_ch02,gJS_sBM_cAll_d03_mJS5_ch02,0.000000,,15.083333,0,,,replay_no_feasible_candidate,0.013234462,0.000000000,0.000000,replay_no_feasible_candidate,0.000000000,0.093573,0.056516,0.282744,0.000000,0.069130,0.000000,7.366667,0.350000,beat-sync,1.000000,1.000000,,0.000000000,0.158145688,left_wrist_yaw,0.120593701,right_wrist_pitch,0.158145688,left_wrist_yaw,0.037912533,right_wrist_pitch,0.031244,0.089531,0.812213,0.295947,0.000000000,0.000000000,0.000000000,0.000240499,0.000248764,0.000581486,,0.000000000,,,0.156907,0.130699,229.569594,,0.000000000,0,1,0,0,,,,,,,warming_up,,,,,,,,,,,,,,JS:v0:k0:r0,,,,,,
15.554833,15.566920800,,ruckig,ready,,4.440892098500626e-16,2.220446049250313e-14,5.684341886080802e-14,0,0.09626995283614294,2,gJS_sBM_cAll_d03_mJS5_ch02,gJS_sBM_cAll_d03_mJS5_ch02,gJS_sBM_cAll_d03_mJS5_ch02,0.000000,,15.083333,0,,,replay_no_feasible_candidate,0.016493140,0.000000000,0.000000,replay_no_feasible_candidate,0.000000000,0.093573,0.056516,0.282744,0.000000,0.069130,0.000000,7.366667,0.350000,beat-sync,1.000000,1.000000,,0.000000000,0.157922960,left_wrist_yaw,0.026727397,left_wrist_yaw,0.157922960,left_wrist_yaw,0.011622224,left_wrist_yaw,0.034108,0.090515,0.811759,0.296937,0.000000000,0.000000000,0.000000000,0.000240499,0.000248764,0.000581486,,0.000000000,,,0.918943,0.852980,46.409764,,0.000000000,0,1,0,0,,,,,,,warming_up,,,,,,,,,,,,,,JS:v0:k0:r0,,,,,,
15.620231,15.627559600,,ruckig,ready,,4.440892098500626e-16,2.220446049250313e-14,5.684341886080802e-14,0,0.2732232044253171,2,gJS_sBM_cAll_d03_mJS5_ch02,gJS_sBM_cAll_d03_mJS5_ch02,gJS_sBM_cAll_d03_mJS5_ch02,0.000000,,15.083333,0,,,replay_no_feasible_candidate,0.025370656,0.000000000,0.000000,replay_no_feasible_candidate,0.000000000,0.093573,0.056516,0.282744,0.000000,0.069130,0.000000,7.366667,0.350000,beat-sync,1.000000,1.000000,,0.000000000,0.157227354,left_wrist_yaw,0.027537786,right_wrist_yaw,0.157227354,left_wrist_yaw,0.014882555,right_wrist_yaw,0.033715,0.090759,0.811784,0.296951,0.000000000,0.000000000,0.000000000,0.000240499,0.000248764,0.000581486,,0.000000000,,,1.360263,1.016535,116.416486,,0.000000000,0,1,0,0,,,,,,,warming_up,,,,,,,,,,,,,,JS:v0:k0:r0,,,,,,
15.653822,15.829445100,,ruckig,ready,,4.440892098500626e-16,2.220446049250313e-14,5.684341886080802e-14,0,0.39035773969890464,2,gJS_sBM_cAll_d03_mJS5_ch02,gJS_sBM_cAll_d03_mJS5_ch02,gJS_sBM_cAll_d03_mJS5_ch02,0.000000,,15.083333,0,,,replay_no_feasible_candidate,0.029930643,0.000000000,0.000000,replay_no_feasible_candidate,0.000000000,0.093573,0.056516,0.282744,0.000000,0.069130,0.000000,7.366667,0.350000,beat-sync,1.000000,1.000000,,0.000000000,0.156720277,left_wrist_yaw,0.060849247,left_wrist_yaw,0.156720277,left_wrist_yaw,0.002533054,left_wrist_yaw,0.033107,0.090778,0.811906,0.296555,0.000000000,0.000000000,0.000000000,0.000240499,0.000248764,0.000581486,,0.000000000,,,0.010571,0.010480,5.074917,,0.000000000,0,1,0,0,,,,,,,warming_up,,,,,,,,,,,,,,JS:v0:k0:r0,,,,,,
15.851322,15.950976200,,ruckig,ready,,4.440892098500626e-16,2.220446049250313e-14,5.684341886080802e-14,0,0.9660172164455437,2,gJS_sBM_cAll_d03_mJS5_ch02,gJS_sBM_cAll_d03_mJS5_ch02,gJS_sBM_cAll_d03_mJS5_ch02,0.000000,,15.083333,0,,,replay_no_feasible_candidate,0.056740584,0.000000000,0.000000,replay_no_feasible_candidate,0.000000000,0.093573,0.056516,0.282744,0.000000,0.069130,0.000000,7.366667,0.350000,beat-sync,1.000000,1.000000,,0.000000000,0.157994470,left_wrist_yaw,0.448654904,right_wrist_yaw,0.157994470,left_wrist_yaw,0.100291069,right_wrist_yaw,0.030105,0.090815,0.811847,0.299536,0.000000000,0.000000000,0.000000000,0.000240499,0.000248764,0.000581486,,0.000000000,,,0.252350,0.077467,0.551611,,0.000000000,0,1,0,0,,,,,,,warming_up,,,,,,,,,,,,,,JS:v0:k0:r0,,,,,,
