audio_time_seconds,wall_time_seconds,event,transition_backend,bridge_preparation_status,bridge_failure_reason,bridge_position_residual,bridge_velocity_residual,bridge_acceleration_residual,bridge_output_modified,boundary_effect_weight,bridge_generation,current_motion_id,pending_motion_id,preferred_motion_id,audio_history_seconds,shortlist,terminal_time_seconds,entry_frame_index,preparation_delay_seconds,transition_motion_id,fallback_reason,current_phase,transition_phase,transition_blend,transition_reason,entry_phase,entry_total_score,entry_pose_score,entry_velocity_score,entry_contact_score,entry_root_score,entry_music_score,entry_remaining_seconds,transition_duration_seconds,motion_timing,speed_multiplier,target_speed_multiplier,transition_speed_multiplier,phase_correction_remaining,raw_max_wrist_abs_rad,raw_max_wrist_angle_joint,raw_max_wrist_speed_rad_s,raw_max_wrist_speed_joint,output_max_wrist_abs_rad,output_max_wrist_angle_joint,output_max_wrist_speed_rad_s,output_max_wrist_speed_joint,root_x,root_y,root_z,root_yaw,switch_anchor_xy_delta_m,switch_anchor_z_delta_m,switch_anchor_yaw_delta_rad,post_switch_xy_delta_m,post_switch_z_delta_m,post_switch_yaw_delta_rad,accepted_beat_time_seconds,accepted_beat_pose_error_rad,accepted_beat_delay_seconds,accepted_beat_limiter_joints,target_max_joint_speed_rad_s,output_max_joint_speed_rad_s,output_max_joint_acceleration_rad_s2,limiter_activated_joints,limiter_activation_rate,collision_override,limiter_enabled,terminal_safe_idle_active,ready_pool_size,ready_motion_ids,failed_motion_ids,motion_load_ms,motion_grounding_ms,entry_feature_ms,motion_fully_ready_ms,match_state,match_confidence,match_rejection_reason,beat_quality,signal_rms,dynamic_range_db,negative_style_score,top_genre,top_genre_score,track_margin,motion_margin,ranked_tracks,ranked_motions,query_tags,current_motion_cluster_id,pending_motion_cluster_id,top_track_id,top_track_score,top_motion_id,top_motion_score,query_bpm
0.000056,0.003675600,,hermite,preparing,,0.0,0.0,0.0,0,1.3748074130919954e-11,0,gJS_sBM_cAll_d03_mJS5_ch02,,,0.000000,,,,,,,0.000007548,,0.000000,,,,,,,,,,0.000000,beat-sync,1.000000,1.000000,,0.000000000,0.147478684,left_wrist_yaw,0.000000000,,0.147478684,left_wrist_yaw,0.000000000,,0.000000,0.000000,0.812850,0.000000,0.000000000,0.000000000,0.000000000,0.000000000,0.000000000,0.000000000,,0.000000000,,,0.000000,0.000000,0.000000,,0.000000000,0,1,0,0,,,,,,,warming_up,,,,,,,,,,,,,,JS:v0:k0:r0,,,,,,
0.053124,0.056497900,,hermite,ready,,0.0,0.0,0.0,0,0.010163688746772832,0,gJS_sBM_cAll_d03_mJS5_ch02,gJS_sBM_cAll_d03_mJS5_ch02,gJS_sBM_cAll_d03_mJS5_ch02,0.000000,,,,,,,0.007211403,,0.000000,,,,,,,,,,0.000000,beat-sync,1.000000,1.000000,,0.000000000,0.158686788,left_wrist_yaw,0.277049306,left_wrist_pitch,0.158686788,left_wrist_yaw,0.333956897,left_wrist_pitch,0.001148,-0.000269,0.811727,0.003630,0.000000000,0.000000000,0.000000000,0.000000000,0.000000000,0.000000000,,0.000000000,,,7.891751,6.389277,515.063132,,0.000000000,0,1,0,0,,,,,,,warming_up,,,,,,,,,,,,,,JS:v0:k0:r0,,,,,,
0.102979,0.106064600,,hermite,ready,,0.0,0.0,0.0,0,0.06259837180003684,0,gJS_sBM_cAll_d03_mJS5_ch02,gJS_sBM_cAll_d03_mJS5_ch02,gJS_sBM_cAll_d03_mJS5_ch02,0.000000,,,,,,,0.013979077,,0.000000,,,,,,,,,,0.000000,beat-sync,1.000000,1.000000,,0.000000000,0.158096188,left_wrist_yaw,0.019456595,right_wrist_yaw,0.158096188,left_wrist_yaw,0.023663605,right_wrist_yaw,-0.002846,-0.000250,0.812189,0.003278,0.000000000,0.000000000,0.000000000,0.000000000,0.000000000,0.000000000,,0.000000000,,,0.564356,0.458359,228.983975,,0.000000000,0,1,0,0,,,,,,,warming_up,,,,,,,,,,,,,,JS:v0:k0:r0,,,,,,
0.152902,0.155890100,,hermite,ready,,0.0,0.0,0.0,0,0.17084279625336332,0,gJS_sBM_cAll_d03_mJS5_ch02,gJS_sBM_cAll_d03_mJS5_ch02,gJS_sBM_cAll_d03_mJS5_ch02,0.000000,,,,,,,0.020755914,,0.000000,,,,,,,,,,0.000000,beat-sync,1.000000,1.000000,,0.000000000,0.157616408,left_wrist_yaw,0.010365261,left_wrist_yaw,0.157616408,left_wrist_yaw,0.012384002,left_wrist_yaw,0.000406,0.000003,0.811678,0.004554,0.000000000,0.000000000,0.000000000,0.000000000,0.000000000,0.000000000,,0.000000000,,,0.388689,0.325943,219.642094,,0.000000000,0,1,0,0,,,,,,,warming_up,,,,,,,,,,,,,,JS:v0:k0:r0,,,,,,
0.203315,0.206205200,,hermite,ready,,0.0,0.0,0.0,0,0.32896004710887194,0,gJS_sBM_cAll_d03_mJS5_ch02,gJS_sBM_cAll_d03_mJS5_ch02,gJS_sBM_cAll_d03_mJS5_ch02,0.000000,,,,,,,0.027599376,,0.000000,,,,,,,,,,0.000000,beat-sync,1.000000,1.000000,,0.000000000,0.156916576,left_wrist_yaw,0.016234347,left_wrist_yaw,0.156916576,left_wrist_yaw,0.020250307,left_wrist_yaw,-0.003883,0.000267,0.812312,0.003055,0.000000000,0.000000000,0.000000000,0.000000000,0.000000000,0.000000000,,0.000000000,,,0.414778,0.345823,228.771759,,0.000000000,0,1,0,0,,,,,,,warming_up,,,,,,,,,,,,,,JS:v0:k0:r0,,,,,,
0.252963,0.256016900,,hermite,ready,,0.0,0.0,0.0,0,0.5111109593042895,0,gJS_sBM_cAll_d03_mJS5_ch02,gJS_sBM_cAll_d03_mJS5_ch02,gJS_sBM_cAll_d03_mJS5_ch02,0.000000,,,,,,,0.034338896,,0.000000,,,,,,,,,,0.000000,beat-sync,1.000000,1.000000,,0.000000000,0.156621586,left_wrist_yaw,0.006270885,left_wrist_roll,0.156621586,left_wrist_yaw,0.007822024,left_wrist_roll,-0.001036,0.000541,0.811932,0.003616,0.000000000,0.000000000,0.000000000,0.000000000,0.000000000,0.000000000,,0.000000000,,,0.415131,0.344797,225.936073,,0.000000000,0,1,0,0,,,,,,,warming_up,,,,,,,,,,,,,,JS:v0:k0:r0,,,,,,
0.303539,0.306554500,,hermite,ready,,0.0,0.0,0.0,0,0.6947177729578791,0,gJS_sBM_cAll_d03_mJS5_ch02,gJS_sBM_cAll_d03_mJS5_ch02,gJS_sBM_cAll_d03_mJS5_ch02,0.000000,,,,,,,0.041204416,,0.000000,,,,,,,,,,0.000000,beat-sync,1.000000,1.000000,,0.000000000,0.156910433,left_wrist_yaw,0.031903433,right_wrist_yaw,0.156910433,left_wrist_yaw,0.034318494,right_wrist_yaw,-0.005470,0.000716,0.812400,0.002899,0.000000000,0.000000000,0.000000000,0.000000000,0.000000000,0.000000000,,0.000000000,,,0.444075,0.375753,208.360639,,0.000000000,0,1,0,0,,,,,,,warming_up,,,,,,,,,,,,,,JS:v0:k0:r0,,,,,,
0.353527,0.356587800,,hermite,ready,,0.0,0.0,0.0,0,0.8461258944762475,0,gJS_sBM_cAll_d03_mJS5_ch02,gJS_sBM_cAll_d03_mJS5_ch02,gJS_sBM_cAll_d03_mJS5_ch02,0.000000,,,,,,,0.047990077,,0.000000,,,,,,,,,,0.000000,beat-sync,1.000000,1.000000,,0.000000000,0.157435306,left_wrist_yaw,0.021236434,right_wrist_yaw,0.157435306,left_wrist_yaw,0.022655386,right_wrist_yaw,-0.003121,0.000958,0.811885,0.004697,0.000000000,0.000000000,0.000000000,0.000000000,0.000000000,0.000000000,,0.000000000,,,0.331609,0.285138,213.358226,,0.000000000,0,1,0,0,,,,,,,warming_up,,,,,,,,,,,,,,JS:v0:k0:r0,,,,,,
0.403574,0.406291200,,hermite,ready,,0.0,0.0,0.0,0,0.9474221017286987,0,gJS_sBM_cAll_d03_mJS5_ch02,gJS_sBM_cAll_d03_mJS5_ch02,gJS_sBM_cAll_d03_mJS5_ch02,0.000000,,,,,,,0.054783747,,0.000000,,,,,,,,,,0.000000,beat-sync,1.000000,1.000000,,0.000000000,0.157788516,left_wrist_yaw,0.025000560,right_wrist_yaw,0.157788516,left_wrist_yaw,0.028461476,right_wrist_yaw,-0.007481,0.001157,0.812363,0.005332,0.000000000,0.000000000,0.000000000,0.000000000,0.000000000,0.000000000,,0.000000000,,,0.392701,0.330989,218.178695,,0.000000000,0,1,0,0,,,,,,,warming_up,,,,,,,,,,,,,,JS:v0:k0:r0,,,,,,
0.453188,0.456162300,,hermite,ready,,0.0,0.0,0.0,0,0.9929025961260511,0,gJS_sBM_cAll_d03_mJS5_ch02,gJS_sBM_cAll_d03_mJS5_ch02,gJS_sBM_cAll_d03_mJS5_ch02,0.000000,,,,,,,0.061518679,,0.000000,,,,,,,,,,0.000000,beat-sync,1.000000,1.000000,,0.000000000,0.158457506,left_wrist_yaw,0.011202095,left_wrist_yaw,0.158457506,left_wrist_yaw,0.014161439,left_wrist_yaw,-0.005061,0.001530,0.812022,0.007699,0.000000000,0.000000000,0.000000000,0.000000000,0.000000000,0.000000000,,0.000000000,,,0.267460,0.216758,238.415390,,0.000000000,0,1,0,0,,,,,,,warming_up,,,,,,,,,,,,,,JS:v0:k0:r0,,,,,,
0.503357,0.506534600,,hermite,ready,,0.0,0.0,0.0,0,1.0,0,gJS_sBM_cAll_d03_mJS5_ch02,gJS_sBM_cAll_d03_mJS5_ch02,gJS_sBM_cAll_d03_mJS5_ch02,0.000000,,,,,,,0.068329018,,0.000000,,,,,,,,,,0.000000,beat-sync,1.000000,1.000000,,0.000000000,0.158957382,left_wrist_yaw,0.016171040,right_wrist_yaw,0.158957382,left_wrist_yaw,0.019649849,right_wrist_yaw,-0.009564,0.001902,0.812604,0.008102,0.000000000,0.000000000,0.000000000,0.000000000,0.000000000,0.000000000,,0.000000000,,,0.387182,0.308468,218.709328,,0.000000000,0,1,0,0,,,,,,,warming_up,,,,,,,,,,,,,,JS:v0:k0:r0,,,,,,
0.553524,0.556816300,,hermite,ready,,0.0,0.0,0.0,0,1.0,0,gJS_sBM_cAll_d03_mJS5_ch02,gJS_sBM_cAll_d03_mJS5_ch02,gJS_sBM_cAll_d03_mJS5_ch02,0.000000,,,,,,,0.075139018,,0.000000,,,,,,,,,,0.000000,beat-sync,1.000000,1.000000,,0.000000000,0.159507342,left_wrist_yaw,0.010395702,left_wrist_yaw,0.159507342,left_wrist_yaw,0.011679409,left_wrist_yaw,-0.007102,0.002476,0.812272,0.009386,0.000000000,0.000000000,0.000000000,0.000000000,0.000000000,0.000000000,,0.000000000,,,0.307793,0.256160,204.713534,,0.000000000,0,1,0,0,,,,,,,warming_up,,,,,,,,,,,,,,JS:v0:k0:r0,,,,,,
0.603509,0.606681600,,hermite,ready,,0.0,0.0,0.0,0,1.0,0,gJS_sBM_cAll_d03_mJS5_ch02,gJS_sBM_cAll_d03_mJS5_ch02,gJS_sBM_cAll_d03_mJS5_ch02,0.000000,,,,,,,0.081924299,,0.000000,,,,,,,,,,0.000000,beat-sync,1.000000,1.000000,,0.000000000,0.159558588,left_wrist_yaw,0.021053924,right_wrist_yaw,0.159558588,left_wrist_yaw,0.024362892,right_wrist_yaw,-0.011306,0.003102,0.812763,0.008053,0.000000000,0.000000000,0.000000000,0.000000000,0.000000000,0.000000000,,0.000000000,,,0.455450,0.383788,201.261752,,0.000000000,0,1,0,0,,,,,,,warming_up,,,,,,,,,,,,,,JS:v0:k0:r0,,,,,,
0.653247,0.656314900,,hermite,ready,,0.0,0.0,0.0,0,1.0,0,gJS_sBM_cAll_d03_mJS5_ch02,gJS_sBM_cAll_d03_mJS5_ch02,gJS_sBM_cAll_d03_mJS5_ch02,0.000000,,,,,,,0.088676050,,0.000000,,,,,,,,,,0.000000,beat-sync,1.000000,1.000000,,0.000000000,0.159817893,left_wrist_yaw,0.011781188,left_wrist_yaw,0.159817893,left_wrist_yaw,0.014358547,left_wrist_yaw,-0.008670,0.003866,0.812304,0.007988,0.000000000,0.000000000,0.000000000,0.000000000,0.000000000,0.000000000,,0.000000000,,,0.400920,0.327807,213.158489,,0.000000000,0,1,0,0,,,,,,,warming_up,,,,,,,,,,,,,,JS:v0:k0:r0,,,,,,
0.703272,0.706094100,,hermite,ready,,0.0,0.0,0.0,0,1.0,0,gJS_sBM_cAll_d03_mJS5_ch02,gJS_sBM_cAll_d03_mJS5_ch02,gJS_sBM_cAll_d03_mJS5_ch02,0.000000,,,,,,,0.095466814,,0.000000,,,,,,,,,,0.000000,beat-sync,1.000000,1.000000,,0.000000000,0.159946388,left_wrist_yaw,0.021676415,right_wrist_yaw,0.159946388,left_wrist_yaw,0.026820210,right_wrist_yaw,-0.012812,0.004610,0.812733,0.005334,0.000000000,0.000000000,0.000000000,0.000000000,0.000000000,0.000000000,,0.000000000,,,0.354962,0.291966,228.859425,,0.000000000,0,1,0,0,,,,,,,warming_up,,,,,,,,,,,,,,JS:v0:k0:r0,,,,,,
0.753242,0.756891600,,hermite,ready,,0.0,0.0,0.0,0,1.0,0,gJS_sBM_cAll_d03_mJS5_ch02,gJS_sBM_cAll_d03_mJS5_ch02,gJS_sBM_cAll_d03_mJS5_ch02,0.000000,,,,,,,0.102250086,,0.000000,,,,,,,,,,0.000000,beat-sync,1.000000,1.000000,,0.000000000,0.160301111,left_wrist_yaw,0.010176037,left_wrist_yaw,0.160301111,left_wrist_yaw,0.012372021,left_wrist_yaw,-0.009872,0.005503,0.812345,0.004999,0.000000000,0.000000000,0.000000000,0.000000000,0.000000000,0.000000000,,0.000000000,,,0.385785,0.301078,200.462027,,0.000000000,0,1,0,0,,,,,,,warming_up,,,,,,,,,,,,,,JS:v0:k0:r0,,,,,,
0.803055,0.806037100,,hermite,ready,,0.0,0.0,0.0,0,1.0,0,gJS_sBM_cAll_d03_mJS5_ch02,gJS_sBM_cAll_d03_mJS5_ch02,gJS_sBM_cAll_d03_mJS5_ch02,0.000000,,,,,,,0.109011950,,0.000000,,,,,,,,,,0.000000,beat-sync,1.000000,1.000000,,0.000000000,0.161037393,left_wrist_yaw,0.017308414,left_wrist_yaw,0.161037393,left_wrist_yaw,0.021370945,left_wrist_yaw,-0.013944,0.006358,0.812812,0.002677,0.000000000,0.000000000,0.000000000,0.000000000,0.000000000,0.000000000,,0.000000000,,,0.381672,0.320344,227.028654,,0.000000000,0,1,0,0,,,,,,,warming_up,,,,,,,,,,,,,,JS:v0:k0:r0,,,,,,
0.852924,0.855928100,,hermite,ready,,0.0,0.0,0.0,0,1.0,0,gJS_sBM_cAll_d03_mJS5_ch02,gJS_sBM_cAll_d03_mJS5_ch02,gJS_sBM_cAll_d03_mJS5_ch02,0.000000,,,,,,,0.115781552,,0.000000,,,,,,,,,,0.000000,beat-sync,1.000000,1.000000,,0.000000000,0.162080110,left_wrist_yaw,0.019232251,left_wrist_yaw,0.162080110,left_wrist_yaw,0.024641189,left_wrist_yaw,-0.010857,0.007194,0.812460,0.001924,0.000000000,0.000000000,0.000000000,0.000000000,0.000000000,0.000000000,,0.000000000,,,0.461187,0.382038,203.496022,,0.000000000,0,1,0,0,,,,,,,warming_up,,,,,,,,,,,,,,JS:v0:k0:r0,,,,,,
0.903169,0.906026100,,hermite,ready,,0.0,0.0,0.0,0,1.0,0,gJS_sBM_cAll_d03_mJS5_ch02,gJS_sBM_cAll_d03_mJS5_ch02,gJS_sBM_cAll_d03_mJS5_ch02,0.000000,,,,,,,0.122602195,,0.000000,,,,,,,,,,0.000000,beat-sync,1.000000,1.000000,,0.000000000,0.162539255,left_wrist_yaw,0.013557404,right_wrist_yaw,0.162539255,left_wrist_yaw,0.016748206,right_wrist_yaw,-0.014974,0.007977,0.813026,0.000419,0.000000000,0.000000000,0.000000000,0.000000000,0.000000000,0.000000000,,0.000000000,,,0.374444,0.316603,204.692136,,0.000000000,0,1,0,0,,,,,,,warming_up,,,,,,,,,,,,,,JS:v0:k0:r0,,,,,,
0.953183,0.956295900,,hermite,ready,,0.0,0.0,0.0,0,1.0,0,gJS_sBM_cAll_d03_mJS5_ch02,gJS_sBM_cAll_d03_mJS5_ch02,gJS_sBM_cAll_d03_mJS5_ch02,0.000000,,,,,,,0.129391317,,0.000000,,,,,,,,,,0.000000,beat-sync,1.000000,1.000000,,0.000000000,0.163204373,left_wrist_yaw,0.016145532,right_wrist_yaw,0.163204373,left_wrist_yaw,0.018675805,right_wrist_yaw,-0.012048,0.008746,0.812848,0.000720,0.000000000,0.000000000,0.000000000,0.000000000,0.000000000,0.000000000,,0.000000000,,,0.365582,0.305272,180.222673,,0.000000000,0,1,0,0,,,,,,,warming_up,,,,,,,,,,,,,,JS:v0:k0:r0,,,,,,
1.003168,1.006100400,,hermite,ready,,0.0,0.0,0.0,0,1.0,0,gJS_sBM_cAll_d03_mJS5_ch02,gJS_sBM_cAll_d03_mJS5_ch02,gJS_sBM_cAll_d03_mJS5_ch02,0.000000,,,,,,,0.136176611,,0.000000,,,,,,,,,,0.000000,beat-sync,1.000000,1.000000,,0.000000000,0.163574043,left_wrist_yaw,0.013239342,left_wrist_pitch,0.163574043,left_wrist_yaw,0.016223968,left_wrist_pitch,-0.015869,0.009413,0.813510,0.001411,0.000000000,0.000000000,0.000000000,0.000000000,0.000000000,0.000000000,,0.000000000,,,0.399294,0.330580,182.021860,,0.000000000,0,1,0,0,,,,,,,warming_up,,,,,,,,,,,,,,JS:v0:k0:r0,,,,,,
1.053240,1.056876700,,hermite,ready,,0.0,0.0,0.0,0,1.0,0,gJS_sBM_cAll_d03_mJS5_ch02,gJS_sBM_cAll_d03_mJS5_ch02,gJS_sBM_cAll_d03_mJS5_ch02,0.000000,,,,,,,0.142973796,,0.000000,,,,,,,,,,0.000000,beat-sync,1.000000,1.000000,,0.000000000,0.164475660,left_wrist_yaw,0.011960802,right_wrist_roll,0.164475660,left_wrist_yaw,0.013406686,right_wrist_roll,-0.012980,0.009950,0.813344,0.003453,0.000000000,0.000000000,0.000000000,0.000000000,0.000000000,0.000000000,,0.000000000,,,0.396453,0.316994,159.215594,,0.000000000,0,1,0,0,,,,,,,warming_up,,,,,,,,,,,,,,JS:v0:k0:r0,,,,,,
1.103290,1.106354800,,hermite,ready,,0.0,0.0,0.0,0,1.0,0,gJS_sBM_cAll_d03_mJS5_ch02,gJS_sBM_cAll_d03_mJS5_ch02,gJS_sBM_cAll_d03_mJS5_ch02,0.000000,,,,,,,0.149767873,,0.000000,,,,,,,,,,0.000000,beat-sync,1.000000,1.000000,,0.000000000,0.164406123,left_wrist_yaw,0.036804639,right_wrist_yaw,0.164406123,left_wrist_yaw,0.044890495,right_wrist_yaw,-0.016391,0.010116,0.813960,0.004054,0.000000000,0.000000000,0.000000000,0.000000000,0.000000000,0.000000000,,0.000000000,,,0.692901,0.577323,131.888060,,0.000000000,0,1,0,0,,,,,,,warming_up,,,,,,,,,,,,,,JS:v0:k0:r0,,,,,,
1.153009,1.156199700,,hermite,ready,,0.0,0.0,0.0,0,1.0,0,gJS_sBM_cAll_d03_mJS5_ch02,gJS_sBM_cAll_d03_mJS5_ch02,gJS_sBM_cAll_d03_mJS5_ch02,0.000000,,,,,,,0.156517127,,0.000000,,,,,,,,,,0.000000,beat-sync,1.000000,1.000000,,0.000000000,0.164638680,left_wrist_yaw,0.013481288,right_wrist_yaw,0.164638680,left_wrist_yaw,0.015787087,right_wrist_yaw,-0.013672,0.009773,0.813999,0.005376,0.000000000,0.000000000,0.000000000,0.000000000,0.000000000,0.000000000,,0.000000000,,,0.212235,0.176683,23.244600,,0.000000000,0,1,0,0,,,,,,,warming_up,,,,,,,,,,,,,,JS:v0:k0:r0,,,,,,
1.203145,1.206399500,,hermite,ready,,0.0,0.0,0.0,0,1.0,0,gJS_sBM_cAll_d03_mJS5_ch02,gJS_sBM_cAll_d03_mJS5_ch02,gJS_sBM_cAll_d03_mJS5_ch02,0.000000,,,,,,,0.163322851,,0.000000,,,,,,,,,,0.000000,beat-sync,1.000000,1.000000,,0.000000000,0.164630249,left_wrist_yaw,0.000000025,left_wrist_pitch,0.164630249,left_wrist_yaw,0.000000031,left_wrist_yaw,-0.016796,0.008566,0.814714,0.003849,0.000000000,0.000000000,0.000000000,0.000000000,0.000000000,0.000000000,,0.000000000,,,0.000001,0.000000,0.000034,,0.000000000,0,1,0,0,,,,,,,warming_up,,,,,,,,,,,,,,JS:v0:k0:r0,,,,,,
1.253041,1.255409200,,hermite,ready,,0.0,0.0,0.0,0,1.0,0,gJS_sBM_cAll_d03_mJS5_ch02,gJS_sBM_cAll_d03_mJS5_ch02,gJS_sBM_cAll_d03_mJS5_ch02,0.000000,,,,,,,0.170096023,,0.000000,,,,,,,,,,0.000000,beat-sync,1.000000,1.000000,,0.000000000,0.164630249,left_wrist_yaw,0.000000000,right_wrist_roll,0.164630249,left_wrist_yaw,0.000000000,right_wrist_roll,-0.014454,0.006359,0.814644,0.004247,0.000000000,0.000000000,0.000000000,0.000000000,0.000000000,0.000000000,,0.000000000,,,0.000000,0.000000,0.000000,,0.000000000,0,1,0,0,,,,,,,warming_up,,,,,,,,,,,,,,JS:v0:k0:r0,,,,,,
1.303011,1.305436200,,hermite,ready,,0.0,0.0,0.0,0,1.0,0,gJS_sBM_cAll_d03_mJS5_ch02,gJS_sBM_cAll_d03_mJS5_ch02,gJS_sBM_cAll_d03_mJS5_ch02,0.000000,,,,,,,0.176879267,,0.000000,,,,,,,,,,0.000000,beat-sync,1.000000,1.000000,,0.000000000,0.164630249,left_wrist_yaw,0.000000000,right_wrist_roll,0.164630249,left_wrist_yaw,0.000000000,right_wrist_roll,-0.016563,0.003054,0.814922,0.008732,0.000000000,0.000000000,0.000000000,0.000000000,0.000000000,0.000000000,,0.000000000,,,0.000000,0.000000,0.000000,,0.000000000,0,1,0,0,,,,,,,warming_up,,,,,,,,,,,,,,JS:v0:k0:r0,,,,,,
1.353257,1.355902400,,hermite,ready,,0.0,0.0,0.0,0,1.0,0,gJS_sBM_cAll_d03_mJS5_ch02,gJS_sBM_cAll_d03_mJS5_ch02,gJS_sBM_cAll_d03_mJS5_ch02,0.000000,,,,,,,0.183700086,,0.000000,,,,,,,,,,0.000000,beat-sync,1.000000,1.000000,,0.000000000,0.164630249,left_wrist_yaw,0.000000000,right_wrist_roll,0.164630249,left_wrist_yaw,0.000000000,right_wrist_roll,-0.014332,-0.001785,0.814702,0.013309,0.000000000,0.000000000,0.000000000,0.000000000,0.000000000,0.000000000,,0.000000000,,,0.000000,0.000000,0.000000,,0.000000000,0,1,0,0,,,,,,,warming_up,,,,,,,,,,,,,,JS:v0:k0:r0,,,,,,
1.403366,1.406525500,,hermite,ready,,0.0,0.0,0.0,0,1.0,0,gJS_sBM_cAll_d03_mJS5_ch02,gJS_sBM_cAll_d03_mJS5_ch02,gJS_sBM_cAll_d03_mJS5_ch02,0.000000,,,,,,,0.190502240,,0.000000,,,,,,,,,,0.000000,beat-sync,1.000000,1.000000,,0.000000000,0.164641850,left_wrist_yaw,0.001630668,right_wrist_yaw,0.164641850,left_wrist_yaw,0.001907830,right_wrist_yaw,-0.015917,-0.008227,0.814762,0.022493,0.000000000,0.000000000,0.000000000,0.000000000,0.000000000,0.000000000,,0.000000000,,,0.014452,0.011994,1.397159,,0.000000000,0,1,0,0,,,,,,,warming_up,,,,,,,,,,,,,,JS:v0:k0:r0,,,,,,
1.453389,1.456197000,,hermite,ready,,0.0,0.0,0.0,0,1.0,0,gJS_sBM_cAll_d03_mJS5_ch02,gJS_sBM_cAll_d03_mJS5_ch02,gJS_sBM_cAll_d03_mJS5_ch02,0.000000,,,,,,,0.197292597,,0.000000,,,,,,,,,,0.000000,beat-sync,1.000000,1.000000,,0.000000000,0.183812749,left_wrist_yaw,0.839891257,right_wrist_yaw,0.183812749,left_wrist_yaw,1.018198110,right_wrist_yaw,-0.015167,-0.016262,0.814520,0.029471,0.000000000,0.000000000,0.000000000,0.000000000,0.000000000,0.000000000,,0.000000000,,,9.846850,8.354387,401.605300,,0.000000000,0,1,0,0,,,,,,,warming_up,,,,,,,,,,,,,,JS:v0:k0:r0,,,,,,
1.503160,1.506759900,,hermite,ready,,0.0,0.0,0.0,0,1.0,0,gJS_sBM_cAll_d03_mJS5_ch02,gJS_sBM_cAll_d03_mJS5_ch02,gJS_sBM_cAll_d03_mJS5_ch02,0.000000,,,,,,,0.204048855,,0.000000,,,,,,,,,,0.000000,beat-sync,1.000000,1.000000,,0.000000000,0.183743240,left_wrist_yaw,0.039885976,right_wrist_yaw,0.183743240,left_wrist_yaw,0.047314999,right_wrist_yaw,-0.014039,-0.025780,0.813988,0.036819,0.000000000,0.000000000,0.000000000,0.000000000,0.000000000,0.000000000,,0.000000000,,,0.620131,0.497091,7.603963,,0.000000000,0,1,0,0,,,,,,,warming_up,,,,,,,,,,,,,,JS:v0:k0:r0,,,,,,
1.553075,1.556328600,,hermite,ready,,0.0,0.0,0.0,0,1.0,0,gJS_sBM_cAll_d03_mJS5_ch02,gJS_sBM_cAll_d03_mJS5_ch02,gJS_sBM_cAll_d03_mJS5_ch02,0.000000,,,,,,,0.210824661,,0.000000,,,,,,,,,,0.000000,beat-sync,1.000000,1.000000,,0.000000000,0.186198723,left_wrist_yaw,0.104788973,left_wrist_pitch,0.186198723,left_wrist_yaw,0.122059971,left_wrist_pitch,-0.009556,-0.036649,0.812920,0.039021,0.000000000,0.000000000,0.000000000,0.000000000,0.000000000,0.000000000,,0.000000000,,,0.846875,0.708489,150.455516,,0.000000000,0,1,0,0,,,,,,,warming_up,,,,,,,,,,,,,,JS:v0:k0:r0,,,,,,
1.602981,1.605885900,,hermite,ready,,0.0,0.0,0.0,0,1.0,0,gJS_sBM_cAll_d03_mJS5_ch02,gJS_sBM_cAll_d03_mJS5_ch02,gJS_sBM_cAll_d03_mJS5_ch02,0.000000,,,,,,,0.217599217,,0.000000,,,,,,,,,,0.000000,beat-sync,1.000000,1.000000,,0.000000000,0.184743342,left_wrist_yaw,0.024000602,right_wrist_roll,0.184743342,left_wrist_yaw,0.031396976,right_wrist_roll,-0.008904,-0.048210,0.811783,0.041302,0.000000000,0.000000000,0.000000000,0.000000000,0.000000000,0.000000000,,0.000000000,,,0.478682,0.392324,6.102773,,0.000000000,0,1,0,0,,,,,,,warming_up,,,,,,,,,,,,,,JS:v0:k0:r0,,,,,,
1.653356,1.656769600,,hermite,ready,,0.0,0.0,0.0,0,1.0,0,gJS_sBM_cAll_d03_mJS5_ch02,gJS_sBM_cAll_d03_mJS5_ch02,gJS_sBM_cAll_d03_mJS5_ch02,0.000000,,,,,,,0.224437425,,0.000000,,,,,,,,,,0.000000,beat-sync,1.000000,1.000000,,0.000000000,0.184588510,left_wrist_yaw,0.013914061,right_wrist_yaw,0.184588510,left_wrist_yaw,0.015648475,right_wrist_yaw,-0.006726,-0.059913,0.810279,0.040525,0.000000000,0.000000000,0.000000000,0.000000000,0.000000000,0.000000000,,0.000000000,,,0.409355,0.334602,3.691576,,0.000000000,0,1,0,0,,,,,,,warming_up,,,,,,,,,,,,,,JS:v0:k0:r0,,,,,,
1.703073,1.706097700,,hermite,ready,,0.0,0.0,0.0,0,1.0,0,gJS_sBM_cAll_d03_mJS5_ch02,gJS_sBM_cAll_d03_mJS5_ch02,gJS_sBM_cAll_d03_mJS5_ch02,0.000000,,,,,,,0.231186434,,0.000000,,,,,,,,,,0.000000,beat-sync,1.000000,1.000000,,0.000000000,0.185658668,left_wrist_yaw,0.112099730,right_wrist_pitch,0.185658668,left_wrist_yaw,0.143812741,right_wrist_pitch,-0.003007,-0.070972,0.808624,0.044915,0.000000000,0.000000000,0.000000000,0.000000000,0.000000000,0.000000000,,0.000000000,,,0.940538,0.760564,131.348352,,0.000000000,0,1,0,0,,,,,,,warming_up,,,,,,,,,,,,,,JS:v0:k0:r0,,,,,,
1.753857,1.756677500,,hermite,ready,,0.0,0.0,0.0,0,1.0,0,gJS_sBM_cAll_d03_mJS5_ch02,gJS_sBM_cAll_d03_mJS5_ch02,gJS_sBM_cAll_d03_mJS5_ch02,0.000000,,,,,,,0.238080109,,0.000000,,,,,,,,,,0.000000,beat-sync,1.000000,1.000000,,0.000000000,0.183035636,left_wrist_yaw,0.045779836,left_wrist_yaw,0.183035636,left_wrist_yaw,0.049828718,left_wrist_yaw,-0.001448,-0.081626,0.807079,0.037478,0.000000000,0.000000000,0.000000000,0.000000000,0.000000000,0.000000000,,0.000000000,,,0.307562,0.259489,1.560629,,0.000000000,0,1,0,0,,,,,,,warming_up,,,,,,,,,,,,,,JS:v0:k0:r0,,,,,,
1.803407,1.806411600,,hermite,ready,,0.0,0.0,0.0,0,1.0,0,gJS_sBM_cAll_d03_mJS5_ch02,gJS_sBM_cAll_d03_mJS5_ch02,gJS_sBM_cAll_d03_mJS5_ch02,0.000000,,,,,,,0.244806434,,0.000000,,,,,,,,,,0.000000,beat-sync,1.000000,1.000000,,0.000000000,0.181380533,left_wrist_yaw,0.086487686,left_wrist_pitch,0.181380533,left_wrist_yaw,0.097386831,left_wrist_pitch,0.002461,-0.091195,0.805599,0.033654,0.000000000,0.000000000,0.000000000,0.000000000,0.000000000,0.000000000,,0.000000000,,,0.582273,0.490538,164.196812,,0.000000000,0,1,0,0,,,,,,,warming_up,,,,,,,,,,,,,,JS:v0:k0:r0,,,,,,
1.853039,1.856172300,,hermite,ready,,0.0,0.0,0.0,0,1.0,0,gJS_sBM_cAll_d03_mJS5_ch02,gJS_sBM_cAll_d03_mJS5_ch02,gJS_sBM_cAll_d03_mJS5_ch02,0.000000,,,,,,,0.251543715,,0.000000,,,,,,,,,,0.000000,beat-sync,1.000000,1.000000,,0.000000000,0.178177576,left_wrist_yaw,0.053455803,left_wrist_yaw,0.178177576,left_wrist_yaw,0.064799625,left_wrist_yaw,0.002822,-0.099574,0.804733,0.034885,0.000000000,0.000000000,0.000000000,0.000000000,0.000000000,0.000000000,,0.000000000,,,0.218596,0.183154,5.103486,,0.000000000,0,1,0,0,,,,,,,warming_up,,,,,,,,,,,,,,JS:v0:k0:r0,,,,,,
1.903296,1.906473400,,hermite,ready,,0.0,0.0,0.0,0,1.0,0,gJS_sBM_cAll_d03_mJS5_ch02,gJS_sBM_cAll_d03_mJS5_ch02,gJS_sBM_cAll_d03_mJS5_ch02,0.000000,,,,,,,0.258366014,,0.000000,,,,,,,,,,0.000000,beat-sync,1.000000,1.000000,,0.000000000,0.175142281,left_wrist_yaw,0.057560260,left_wrist_yaw,0.175142281,left_wrist_yaw,0.073750954,left_wrist_yaw,0.004223,-0.106668,0.803956,0.031577,0.000000000,0.000000000,0.000000000,0.000000000,0.000000000,0.000000000,,0.000000000,,,0.198295,0.163161,4.323327,,0.000000000,0,1,0,0,,,,,,,warming_up,,,,,,,,,,,,,,JS:v0:k0:r0,,,,,,
1.953378,1.956845600,,hermite,ready,,0.0,0.0,0.0,0,1.0,0,gJS_sBM_cAll_d03_mJS5_ch02,gJS_sBM_cAll_d03_mJS5_ch02,gJS_sBM_cAll_d03_mJS5_ch02,0.000000,,,,,,,0.265164462,,0.000000,,,,,,,,,,0.000000,beat-sync,1.000000,1.000000,,0.000000000,0.172134276,left_wrist_yaw,0.077458126,left_wrist_pitch,0.172134276,left_wrist_yaw,0.085804881,left_wrist_pitch,0.007147,-0.112273,0.803239,0.028044,0.000000000,0.000000000,0.000000000,0.000000000,0.000000000,0.000000000,,0.000000000,,,1.087883,0.914536,76.527042,,0.000000000,0,1,0,0,,,,,,,warming_up,,,,,,,,,,,,,,JS:v0:k0:r0,,,,,,
2.003582,2.006483700,,hermite,ready,,0.0,0.0,0.0,0,1.0,0,gJS_sBM_cAll_d03_mJS5_ch02,gJS_sBM_cAll_d03_mJS5_ch02,gJS_sBM_cAll_d03_mJS5_ch02,0.000000,,,,,,,0.271979430,,0.000000,,,,,,,,,,0.000000,beat-sync,1.000000,1.000000,,0.000000000,0.170727690,left_wrist_yaw,0.024312437,left_wrist_yaw,0.170727690,left_wrist_yaw,0.027531409,left_wrist_yaw,0.007986,-0.116494,0.802864,0.025720,0.000000000,0.000000000,0.000000000,0.000000000,0.000000000,0.000000000,,0.000000000,,,0.125464,0.106848,0.962539,,0.000000000,0,1,0,0,,,,,,,warming_up,,,,,,,,,,,,,,JS:v0:k0:r0,,,,,,
2.053321,2.056438700,,hermite,ready,,0.0,0.0,0.0,0,1.0,0,gJS_sBM_cAll_d03_mJS5_ch02,gJS_sBM_cAll_d03_mJS5_ch02,gJS_sBM_cAll_d03_mJS5_ch02,0.000000,,,,,,,0.278731330,,0.000000,,,,,,,,,,0.000000,beat-sync,1.000000,1.000000,,0.000000000,0.169640831,left_wrist_yaw,0.020902174,left_wrist_yaw,0.169640831,left_wrist_yaw,0.026088845,left_wrist_yaw,0.008470,-0.119421,0.802626,0.023570,0.000000000,0.000000000,0.000000000,0.000000000,0.000000000,0.000000000,,0.000000000,,,0.125539,0.101840,1.106448,,0.000000000,0,1,0,0,,,,,,,warming_up,,,,,,,,,,,,,,JS:v0:k0:r0,,,,,,
2.103162,2.106164600,,hermite,ready,,0.0,0.0,0.0,0,1.0,0,gJS_sBM_cAll_d03_mJS5_ch02,gJS_sBM_cAll_d03_mJS5_ch02,gJS_sBM_cAll_d03_mJS5_ch02,0.000000,,,,,,,0.285497158,,0.000000,,,,,,,,,,0.000000,beat-sync,1.000000,1.000000,,0.000000000,0.168889127,left_wrist_yaw,0.012220770,right_wrist_yaw,0.168889127,left_wrist_yaw,0.015733978,right_wrist_yaw,0.008693,-0.121347,0.802447,0.022365,0.000000000,0.000000000,0.000000000,0.000000000,0.000000000,0.000000000,,0.000000000,,,0.130623,0.106774,1.755563,,0.000000000,0,1,0,0,,,,,,,warming_up,,,,,,,,,,,,,,JS:v0:k0:r0,,,,,,
2.153453,2.156489000,,hermite,ready,,0.0,0.0,0.0,0,1.0,0,gJS_sBM_cAll_d03_mJS5_ch02,gJS_sBM_cAll_d03_mJS5_ch02,gJS_sBM_cAll_d03_mJS5_ch02,0.000000,,,,,,,0.292323882,,0.000000,,,,,,,,,,0.000000,beat-sync,1.000000,1.000000,,0.000000000,0.169227848,left_wrist_yaw,0.026928310,right_wrist_yaw,0.169227848,left_wrist_yaw,0.033224154,right_wrist_yaw,0.008867,-0.122575,0.802358,0.021455,0.000000000,0.000000000,0.000000000,0.000000000,0.000000000,0.000000000,,0.000000000,,,0.127935,0.106659,1.631575,,0.000000000,0,1,0,0,,,,,,,warming_up,,,,,,,,,,,,,,JS:v0:k0:r0,,,,,,
2.203085,2.207682700,,hermite,ready,,0.0,0.0,0.0,0,1.0,0,gJS_sBM_cAll_d03_mJS5_ch02,gJS_sBM_cAll_d03_mJS5_ch02,gJS_sBM_cAll_d03_mJS5_ch02,0.000000,,,,,,,0.299061299,,0.000000,,,,,,,,,,0.000000,beat-sync,1.000000,1.000000,,0.000000000,0.170103738,left_wrist_yaw,0.027046696,right_wrist_yaw,0.170103738,left_wrist_yaw,0.035614375,right_wrist_yaw,0.008951,-0.123278,0.802370,0.020670,0.000000000,0.000000000,0.000000000,0.000000000,0.000000000,0.000000000,,0.000000000,,,0.123694,0.101535,1.773990,,0.000000000,0,1,0,0,,,,,,,warming_up,,,,,,,,,,,,,,JS:v0:k0:r0,,,,,,
2.269473,2.279310500,,hermite,ready,,0.0,0.0,0.0,0,1.0,0,gJS_sBM_cAll_d03_mJS5_ch02,gJS_sBM_cAll_d03_mJS5_ch02,gJS_sBM_cAll_d03_mJS5_ch02,0.000000,,,,,,,0.308073204,,0.000000,,,,,,,,,,0.000000,beat-sync,1.000000,1.000000,,0.000000000,0.170274142,left_wrist_yaw,0.048155629,right_wrist_yaw,0.170274142,left_wrist_yaw,0.021244556,right_wrist_yaw,0.008866,-0.123658,0.802418,0.019496,0.000000000,0.000000000,0.000000000,0.000000000,0.000000000,0.000000000,,0.000000000,,,0.090134,0.075751,0.656526,,0.000000000,0,1,0,0,,,,,,,warming_up,,,,,,,,,,,,,,JS:v0:k0:r0,,,,,,
2.313984,2.323854700,,hermite,ready,,0.0,0.0,0.0,0,1.0,0,gJS_sBM_cAll_d03_mJS5_ch02,gJS_sBM_cAll_d03_mJS5_ch02,gJS_sBM_cAll_d03_mJS5_ch02,0.000000,,,,,,,0.314115475,,0.000000,,,,,,,,,,0.000000,beat-sync,1.000000,1.000000,,0.000000000,0.169940888,left_wrist_yaw,0.027697713,left_wrist_yaw,0.169940888,left_wrist_yaw,0.017984734,left_wrist_yaw,0.008684,-0.123734,0.802422,0.018379,0.000000000,0.000000000,0.000000000,0.000000000,0.000000000,0.000000000,,0.000000000,,,0.151203,0.101873,1.972976,,0.000000000,0,1,0,0,,,,,,,warming_up,,,,,,,,,,,,,,JS:v0:k0:r0,,,,,,
2.351146,2.354175400,,hermite,ready,,0.0,0.0,0.0,0,1.0,0,gJS_sBM_cAll_d03_mJS5_ch02,gJS_sBM_cAll_d03_mJS5_ch02,gJS_sBM_cAll_d03_mJS5_ch02,0.000000,,,,,,,0.319160063,,0.000000,,,,,,,,,,0.000000,beat-sync,1.000000,1.000000,,0.000000000,0.169445159,left_wrist_yaw,0.025433939,left_wrist_yaw,0.169445159,left_wrist_yaw,0.020314518,left_wrist_yaw,0.008501,-0.123813,0.802385,0.017138,0.000000000,0.000000000,0.000000000,0.000000000,0.000000000,0.000000000,,0.000000000,,,0.086928,0.076578,2.176975,,0.000000000,0,1,0,0,,,,,,,warming_up,,,,,,,,,,,,,,JS:v0:k0:r0,,,,,,
2.401224,2.404630800,,hermite,ready,,0.0,0.0,0.0,0,1.0,0,gJS_sBM_cAll_d03_mJS5_ch02,gJS_sBM_cAll_d03_mJS5_ch02,gJS_sBM_cAll_d03_mJS5_ch02,0.000000,,,,,,,0.325958009,,0.000000,,,,,,,,,,0.000000,beat-sync,1.000000,1.000000,,0.000000000,0.168886580,left_wrist_yaw,0.014006242,right_wrist_yaw,0.168886580,left_wrist_yaw,0.018417730,right_wrist_yaw,0.008245,-0.124068,0.802122,0.015655,0.000000000,0.000000000,0.000000000,0.000000000,0.000000000,0.000000000,,0.000000000,,,0.062016,0.049713,0.767656,,0.000000000,0,1,0,0,,,,,,,warming_up,,,,,,,,,,,,,,JS:v0:k0:r0,,,,,,
2.453988,2.458753900,,hermite,ready,,0.0,0.0,0.0,0,1.0,0,gJS_sBM_cAll_d03_mJS5_ch02,gJS_sBM_cAll_d03_mJS5_ch02,gJS_sBM_cAll_d03_mJS5_ch02,0.000000,,,,,,,0.333120516,,0.000000,,,,,,,,,,0.000000,beat-sync,1.000000,1.000000,,0.000000000,0.168469118,left_wrist_yaw,0.027823615,right_wrist_yaw,0.168469118,left_wrist_yaw,0.022278069,right_wrist_yaw,0.008106,-0.124516,0.801637,0.014189,0.000000000,0.000000000,0.000000000,0.000000000,0.000000000,0.000000000,,0.000000000,,,0.084475,0.068141,0.927169,,0.000000000,0,1,0,0,,,,,,,warming_up,,,,,,,,,,,,,,JS:v0:k0:r0,,,,,,
2.500990,2.504138100,,hermite,ready,,0.0,0.0,0.0,0,1.0,0,gJS_sBM_cAll_d03_mJS5_ch02,gJS_sBM_cAll_d03_mJS5_ch02,gJS_sBM_cAll_d03_mJS5_ch02,0.000000,,,,,,,0.339500851,,0.000000,,,,,,,,,,0.000000,beat-sync,1.000000,1.000000,,0.000000000,0.168353953,left_wrist_yaw,0.021585753,right_wrist_yaw,0.168353953,left_wrist_yaw,0.026913830,right_wrist_yaw,0.008082,-0.125207,0.801079,0.012846,0.000000000,0.000000000,0.000000000,0.000000000,0.000000000,0.000000000,,0.000000000,,,0.127751,0.105991,0.877226,,0.000000000,0,1,0,0,,,,,,,warming_up,,,,,,,,,,,,,,JS:v0:k0:r0,,,,,,
2.551100,2.555936200,,hermite,ready,,0.0,0.0,0.0,0,1.0,0,gJS_sBM_cAll_d03_mJS5_ch02,gJS_sBM_cAll_d03_mJS5_ch02,gJS_sBM_cAll_d03_mJS5_ch02,0.000000,,,,,,,0.346303181,,0.000000,,,,,,,,,,0.000000,beat-sync,1.000000,1.000000,,0.000000000,0.168210863,left_wrist_yaw,0.016973938,right_wrist_yaw,0.168210863,left_wrist_yaw,0.049232358,right_wrist_yaw,0.008173,-0.126229,0.800373,0.011446,0.000000000,0.000000000,0.000000000,0.000000000,0.000000000,0.000000000,,0.000000000,,,0.233154,0.127512,2.547265,,0.000000000,0,1,0,0,,,,,,,warming_up,,,,,,,,,,,,,,JS:v0:k0:r0,,,,,,
2.600873,2.605058200,,hermite,ready,,0.0,0.0,0.0,0,1.0,0,gJS_sBM_cAll_d03_mJS5_ch02,gJS_sBM_cAll_d03_mJS5_ch02,gJS_sBM_cAll_d03_mJS5_ch02,0.000000,,,,,,,0.353059710,,0.000000,,,,,,,,,,0.000000,beat-sync,1.000000,1.000000,,0.000000000,0.167962484,left_wrist_yaw,0.030577446,right_wrist_yaw,0.167962484,left_wrist_yaw,0.039264678,right_wrist_yaw,0.008400,-0.127418,0.799724,0.010435,0.000000000,0.000000000,0.000000000,0.000000000,0.000000000,0.000000000,,0.000000000,,,0.148023,0.107219,2.801583,,0.000000000,0,1,0,0,,,,,,,warming_up,,,,,,,,,,,,,,JS:v0:k0:r0,,,,,,
2.666886,2.673844500,,hermite,ready,,0.0,0.0,0.0,0,1.0,0,gJS_sBM_cAll_d03_mJS5_ch02,gJS_sBM_cAll_d03_mJS5_ch02,gJS_sBM_cAll_d03_mJS5_ch02,0.000000,,,,,,,0.362020697,,0.000000,,,,,,,,,,0.000000,beat-sync,1.000000,1.000000,,0.000000000,0.166573654,left_wrist_yaw,0.066514124,right_wrist_yaw,0.166573654,left_wrist_yaw,0.044294557,right_wrist_yaw,0.008696,-0.128965,0.799231,0.009405,0.000000000,0.000000000,0.000000000,0.000000000,0.000000000,0.000000000,,0.000000000,,,0.159483,0.115664,1.391808,,0.000000000,0,1,0,0,,,,,,,warming_up,,,,,,,,,,,,,,JS:v0:k0:r0,,,,,,
2.706486,2.714512700,,hermite,ready,,0.0,0.0,0.0,0,1.0,0,gJS_sBM_cAll_d03_mJS5_ch02,gJS_sBM_cAll_d03_mJS5_ch02,gJS_sBM_cAll_d03_mJS5_ch02,0.000000,,,,,,,0.367396317,,0.000000,,,,,,,,,,0.000000,beat-sync,1.000000,1.000000,,0.000000000,0.165838348,right_wrist_yaw,0.072223579,left_wrist_yaw,0.165838348,right_wrist_yaw,0.041871363,left_wrist_yaw,0.008865,-0.129726,0.799093,0.009273,0.000000000,0.000000000,0.000000000,0.000000000,0.000000000,0.000000000,,0.000000000,,,0.116930,0.093152,0.810632,,0.000000000,0,1,0,0,,,,,,,warming_up,,,,,,,,,,,,,,JS:v0:k0:r0,,,,,,
2.756395,2.768879500,,hermite,ready,,0.0,0.0,0.0,0,1.0,0,gJS_sBM_cAll_d03_mJS5_ch02,gJS_sBM_cAll_d03_mJS5_ch02,gJS_sBM_cAll_d03_mJS5_ch02,0.000000,,,,,,,0.374171321,,0.000000,,,,,,,,,,0.000000,beat-sync,1.000000,1.000000,,0.000000000,0.166700472,right_wrist_yaw,0.013513115,left_wrist_yaw,0.166700472,right_wrist_yaw,0.016418939,left_wrist_yaw,0.009002,-0.130251,0.798984,0.009988,0.000000000,0.000000000,0.000000000,0.000000000,0.000000000,0.000000000,,0.000000000,,,0.059777,0.028945,4.473037,,0.000000000,0,1,0,0,,,,,,,warming_up,,,,,,,,,,,,,,JS:v0:k0:r0,,,,,,
2.801971,2.807625900,,hermite,ready,,0.0,0.0,0.0,0,1.0,0,gJS_sBM_cAll_d03_mJS5_ch02,gJS_sBM_cAll_d03_mJS5_ch02,gJS_sBM_cAll_d03_mJS5_ch02,0.000000,,,,,,,0.380358095,,0.000000,,,,,,,,,,0.000000,beat-sync,1.000000,1.000000,,0.000000000,0.166417741,right_wrist_yaw,0.025785163,right_wrist_roll,0.166417741,right_wrist_yaw,0.014256848,right_wrist_roll,0.008956,-0.130040,0.799023,0.010917,0.000000000,0.000000000,0.000000000,0.000000000,0.000000000,0.000000000,,0.000000000,,,0.088453,0.073890,1.559650,,0.000000000,0,1,0,0,,,,,,,warming_up,,,,,,,,,,,,,,JS:v0:k0:r0,,,,,,
2.852814,2.857962500,,hermite,ready,,0.0,0.0,0.0,0,1.0,0,gJS_sBM_cAll_d03_mJS5_ch02,gJS_sBM_cAll_d03_mJS5_ch02,gJS_sBM_cAll_d03_mJS5_ch02,0.000000,,,,,,,0.387259887,,0.000000,,,,,,,,,,0.000000,beat-sync,1.000000,1.000000,,0.000000000,0.165492543,right_wrist_yaw,0.027776178,right_wrist_yaw,0.165492543,right_wrist_yaw,0.035029533,right_wrist_yaw,0.008644,-0.128735,0.799299,0.012019,0.000000000,0.000000000,0.000000000,0.000000000,0.000000000,0.000000000,,0.000000000,,,0.133241,0.088170,1.543805,,0.000000000,0,1,0,0,,,,,,,warming_up,,,,,,,,,,,,,,JS:v0:k0:r0,,,,,,
2.900823,2.904275500,,hermite,ready,,0.0,0.0,0.0,0,1.0,0,gJS_sBM_cAll_d03_mJS5_ch02,gJS_sBM_cAll_d03_mJS5_ch02,gJS_sBM_cAll_d03_mJS5_ch02,0.000000,,,,,,,0.393776905,,0.000000,,,,,,,,,,0.000000,beat-sync,1.000000,1.000000,,0.000000000,0.163765406,left_wrist_yaw,0.046697744,right_wrist_yaw,0.163765406,left_wrist_yaw,0.059367476,right_wrist_yaw,0.008093,-0.126262,0.799809,0.013044,0.000000000,0.000000000,0.000000000,0.000000000,0.000000000,0.000000000,,0.000000000,,,0.204142,0.164896,3.027398,,0.000000000,0,1,0,0,,,,,,,warming_up,,,,,,,,,,,,,,JS:v0:k0:r0,,,,,,
2.950703,2.954012800,,hermite,ready,,0.0,0.0,0.0,0,1.0,0,gJS_sBM_cAll_d03_mJS5_ch02,gJS_sBM_cAll_d03_mJS5_ch02,gJS_sBM_cAll_d03_mJS5_ch02,0.000000,,,,,,,0.400547919,,0.000000,,,,,,,,,,0.000000,beat-sync,1.000000,1.000000,,0.000000000,0.164122708,left_wrist_yaw,0.068257649,right_wrist_yaw,0.164122708,left_wrist_yaw,0.081552695,right_wrist_yaw,0.007159,-0.122000,0.800686,0.014334,0.000000000,0.000000000,0.000000000,0.000000000,0.000000000,0.000000000,,0.000000000,,,0.217111,0.175615,0.628086,,0.000000000,0,1,0,0,,,,,,,warming_up,,,,,,,,,,,,,,JS:v0:k0:r0,,,,,,
3.000643,3.003738300,,hermite,ready,,0.0,0.0,0.0,0,1.0,0,gJS_sBM_cAll_d03_mJS5_ch02,gJS_sBM_cAll_d03_mJS5_ch02,gJS_sBM_cAll_d03_mJS5_ch02,0.000000,,,,,,,0.407327172,,0.000000,,,,,,,,,,0.000000,beat-sync,1.000000,1.000000,,0.000000000,0.164406021,left_wrist_yaw,0.083774402,right_wrist_yaw,0.164406021,left_wrist_yaw,0.104332494,right_wrist_yaw,0.005760,-0.115684,0.801937,0.016273,0.000000000,0.000000000,0.000000000,0.000000000,0.000000000,0.000000000,,0.000000000,,,0.257225,0.212919,3.955338,,0.000000000,0,1,0,0,,,,,,,warming_up,,,,,,,,,,,,,,JS:v0:k0:r0,,,,,,
3.050775,3.053801200,,hermite,ready,,0.0,0.0,0.0,0,1.0,0,gJS_sBM_cAll_d03_mJS5_ch02,gJS_sBM_cAll_d03_mJS5_ch02,gJS_sBM_cAll_d03_mJS5_ch02,0.000000,,,,,,,0.414132421,,0.000000,,,,,,,,,,0.000000,beat-sync,1.000000,1.000000,,0.000000000,0.164649849,left_wrist_yaw,0.091243142,right_wrist_yaw,0.164649849,left_wrist_yaw,0.114427533,right_wrist_yaw,0.003831,-0.106945,0.803656,0.019075,0.000000000,0.000000000,0.000000000,0.000000000,0.000000000,0.000000000,,0.000000000,,,0.271554,0.224974,1.390716,,0.000000000,0,1,0,0,,,,,,,warming_up,,,,,,,,,,,,,,JS:v0:k0:r0,,,,,,
3.100835,3.103903800,,hermite,ready,,0.0,0.0,0.0,0,1.0,0,gJS_sBM_cAll_d03_mJS5_ch02,gJS_sBM_cAll_d03_mJS5_ch02,gJS_sBM_cAll_d03_mJS5_ch02,0.000000,,,,,,,0.420927828,,0.000000,,,,,,,,,,0.000000,beat-sync,1.000000,1.000000,,0.000000000,0.165053187,left_wrist_yaw,0.105790866,right_wrist_yaw,0.165053187,left_wrist_yaw,0.121109248,right_wrist_yaw,0.001307,-0.095777,0.805818,0.022555,0.000000000,0.000000000,0.000000000,0.000000000,0.000000000,0.000000000,,0.000000000,,,0.374919,0.309255,1.789528,,0.000000000,0,1,0,0,,,,,,,warming_up,,,,,,,,,,,,,,JS:v0:k0:r0,,,,,,
3.150661,3.153849100,,hermite,ready,,0.0,0.0,0.0,0,1.0,0,gJS_sBM_cAll_d03_mJS5_ch02,gJS_sBM_cAll_d03_mJS5_ch02,gJS_sBM_cAll_d03_mJS5_ch02,0.000000,,,,,,,0.427691552,,0.000000,,,,,,,,,,0.000000,beat-sync,1.000000,1.000000,,0.000000000,0.165879177,left_wrist_yaw,0.106610142,right_wrist_yaw,0.165879177,left_wrist_yaw,0.125624696,right_wrist_yaw,-0.001571,-0.082851,0.808243,0.025212,0.000000000,0.000000000,0.000000000,0.000000000,0.000000000,0.000000000,,0.000000000,,,0.525515,0.427206,2.023865,,0.000000000,0,1,0,0,,,,,,,warming_up,,,,,,,,,,,,,,JS:v0:k0:r0,,,,,,
3.200398,3.203615900,,hermite,ready,,0.0,0.0,0.0,0,1.0,0,gJS_sBM_cAll_d03_mJS5_ch02,gJS_sBM_cAll_d03_mJS5_ch02,gJS_sBM_cAll_d03_mJS5_ch02,0.000000,,,,,,,0.434443195,,0.000000,,,,,,,,,,0.000000,beat-sync,1.000000,1.000000,,0.000000000,0.166662142,left_wrist_yaw,0.078731147,right_wrist_yaw,0.166662142,left_wrist_yaw,0.101198928,right_wrist_yaw,-0.004386,-0.069455,0.810453,0.025490,0.000000000,0.000000000,0.000000000,0.000000000,0.000000000,0.000000000,,0.000000000,,,0.691129,0.557415,4.693692,,0.000000000,0,1,0,0,,,,,,,warming_up,,,,,,,,,,,,,,JS:v0:k0:r0,,,,,,
3.250671,3.253557800,,hermite,ready,,0.0,0.0,0.0,0,1.0,0,gJS_sBM_cAll_d03_mJS5_ch02,gJS_sBM_cAll_d03_mJS5_ch02,gJS_sBM_cAll_d03_mJS5_ch02,0.000000,,,,,,,0.441267557,,0.000000,,,,,,,,,,0.000000,beat-sync,1.000000,1.000000,,0.000000000,0.166776531,left_wrist_yaw,0.042351346,right_wrist_yaw,0.166776531,left_wrist_yaw,0.050657808,right_wrist_yaw,-0.006589,-0.056452,0.812224,0.022920,0.000000000,0.000000000,0.000000000,0.000000000,0.000000000,0.000000000,,0.000000000,,,0.852123,0.699706,2.407117,,0.000000000,0,1,0,0,,,,,,,warming_up,,,,,,,,,,,,,,JS:v0:k0:r0,,,,,,
3.300587,3.303488900,,hermite,ready,,0.0,0.0,0.0,0,1.0,0,gJS_sBM_cAll_d03_mJS5_ch02,gJS_sBM_cAll_d03_mJS5_ch02,gJS_sBM_cAll_d03_mJS5_ch02,0.000000,,,,,,,0.448043430,,0.000000,,,,,,,,,,0.000000,beat-sync,1.000000,1.000000,,0.000000000,0.166546852,left_wrist_yaw,0.014201878,right_wrist_yaw,0.166546852,left_wrist_yaw,0.018571830,right_wrist_yaw,-0.008073,-0.044348,0.813580,0.020151,0.000000000,0.000000000,0.000000000,0.000000000,0.000000000,0.000000000,,0.000000000,,,0.978759,0.818576,7.320960,,0.000000000,0,1,0,0,,,,,,,warming_up,,,,,,,,,,,,,,JS:v0:k0:r0,,,,,,
3.350504,3.354273700,,hermite,ready,,0.0,0.0,0.0,0,1.0,0,gJS_sBM_cAll_d03_mJS5_ch02,gJS_sBM_cAll_d03_mJS5_ch02,gJS_sBM_cAll_d03_mJS5_ch02,0.000000,,,,,,,0.454819602,,0.000000,,,,,,,,,,0.000000,beat-sync,1.000000,1.000000,,0.000000000,0.166471431,left_wrist_yaw,0.072386044,right_wrist_yaw,0.166471431,left_wrist_yaw,0.088853428,right_wrist_yaw,-0.008774,-0.033173,0.814691,0.018656,0.000000000,0.000000000,0.000000000,0.000000000,0.000000000,0.000000000,,0.000000000,,,0.914003,0.723565,3.456948,,0.000000000,0,1,0,0,,,,,,,warming_up,,,,,,,,,,,,,,JS:v0:k0:r0,,,,,,
3.401349,3.404571400,,hermite,ready,,0.0,0.0,0.0,0,1.0,0,gJS_sBM_cAll_d03_mJS5_ch02,gJS_sBM_cAll_d03_mJS5_ch02,gJS_sBM_cAll_d03_mJS5_ch02,0.000000,,,,,,,0.461721624,,0.000000,,,,,,,,,,0.000000,beat-sync,1.000000,1.000000,,0.000000000,0.166980310,left_wrist_yaw,0.104969782,right_wrist_yaw,0.166980310,left_wrist_yaw,0.109488595,right_wrist_yaw,-0.008690,-0.022815,0.815559,0.018726,0.000000000,0.000000000,0.000000000,0.000000000,0.000000000,0.000000000,,0.000000000,,,0.748756,0.644339,3.944453,,0.000000000,0,1,0,0,,,,,,,warming_up,,,,,,,,,,,,,,JS:v0:k0:r0,,,,,,
3.450744,3.454066700,,hermite,ready,,0.0,0.0,0.0,0,1.0,0,gJS_sBM_cAll_d03_mJS5_ch02,gJS_sBM_cAll_d03_mJS5_ch02,gJS_sBM_cAll_d03_mJS5_ch02,0.000000,,,,,,,0.468426842,,0.000000,,,,,,,,,,0.000000,beat-sync,1.000000,1.000000,,0.000000000,0.168401695,left_wrist_yaw,0.059420401,left_wrist_pitch,0.168401695,left_wrist_yaw,0.068143287,left_wrist_pitch,-0.007610,-0.013823,0.816095,0.025012,0.000000000,0.000000000,0.000000000,0.000000000,0.000000000,0.000000000,,0.000000000,,,2.059478,1.698182,115.357487,,0.000000000,0,1,0,0,,,,,,,warming_up,,,,,,,,,,,,,,JS:v0:k0:r0,,,,,,
3.500492,3.503438500,,hermite,ready,,0.0,0.0,0.0,0,1.0,0,gJS_sBM_cAll_d03_mJS5_ch02,gJS_sBM_cAll_d03_mJS5_ch02,gJS_sBM_cAll_d03_mJS5_ch02,0.000000,,,,,,,0.475179923,,0.000000,,,,,,,,,,0.000000,beat-sync,1.000000,1.000000,,0.000000000,0.169752305,left_wrist_yaw,0.140931398,left_wrist_pitch,0.169752305,left_wrist_yaw,0.187830394,left_wrist_pitch,-0.006237,-0.005837,0.815902,0.027256,0.000000000,0.000000000,0.000000000,0.000000000,0.000000000,0.000000000,,0.000000000,,,0.886392,0.729292,42.975183,,0.000000000,0,1,0,0,,,,,,,warming_up,,,,,,,,,,,,,,JS:v0:k0:r0,,,,,,
3.550743,3.554198900,,hermite,ready,,0.0,0.0,0.0,0,1.0,0,gJS_sBM_cAll_d03_mJS5_ch02,gJS_sBM_cAll_d03_mJS5_ch02,gJS_sBM_cAll_d03_mJS5_ch02,0.000000,,,,,,,0.482001258,,0.000000,,,,,,,,,,0.000000,beat-sync,1.000000,1.000000,,0.000000000,0.170061901,left_wrist_yaw,0.000299706,right_wrist_yaw,0.170061901,left_wrist_yaw,0.000378113,right_wrist_yaw,-0.004042,0.001098,0.815227,0.035193,0.000000000,0.000000000,0.000000000,0.000000000,0.000000000,0.000000000,,0.000000000,,,0.001379,0.001089,0.247081,,0.000000000,0,1,0,0,,,,,,,warming_up,,,,,,,,,,,,,,JS:v0:k0:r0,,,,,,
3.600587,3.603289000,,hermite,ready,,0.0,0.0,0.0,0,1.0,0,gJS_sBM_cAll_d03_mJS5_ch02,gJS_sBM_cAll_d03_mJS5_ch02,gJS_sBM_cAll_d03_mJS5_ch02,0.000000,,,,,,,0.488767520,,0.000000,,,,,,,,,,0.000000,beat-sync,1.000000,1.000000,,0.000000000,0.170061901,left_wrist_yaw,0.000000000,right_wrist_roll,0.170061901,left_wrist_yaw,0.000000000,right_wrist_roll,-0.000967,0.006799,0.814490,0.046786,0.000000000,0.000000000,0.000000000,0.000000000,0.000000000,0.000000000,,0.000000000,,,0.000000,0.000000,0.000000,,0.000000000,0,1,0,0,,,,,,,warming_up,,,,,,,,,,,,,,JS:v0:k0:r0,,,,,,
3.650826,3.653492800,,hermite,ready,,0.0,0.0,0.0,0,1.0,0,gJS_sBM_cAll_d03_mJS5_ch02,gJS_sBM_cAll_d03_mJS5_ch02,gJS_sBM_cAll_d03_mJS5_ch02,0.000000,,,,,,,0.495587240,,0.000000,,,,,,,,,,0.000000,beat-sync,1.000000,1.000000,,0.000000000,0.170061901,left_wrist_yaw,0.000000000,right_wrist_roll,0.170061901,left_wrist_yaw,0.000000000,right_wrist_roll,0.001351,0.011369,0.813832,0.052650,0.000000000,0.000000000,0.000000000,0.000000000,0.000000000,0.000000000,,0.000000000,,,0.000000,0.000000,0.000000,,0.000000000,0,1,0,0,,,,,,,warming_up,,,,,,,,,,,,,,JS:v0:k0:r0,,,,,,
3.700597,3.703195100,,hermite,ready,,0.0,0.0,0.0,0,1.0,0,gJS_sBM_cAll_d03_mJS5_ch02,gJS_sBM_cAll_d03_mJS5_ch02,gJS_sBM_cAll_d03_mJS5_ch02,0.000000,,,,,,,0.502343443,,0.000000,,,,,,,,,,0.000000,beat-sync,1.000000,1.000000,,0.000000000,0.170061901,left_wrist_yaw,0.000000000,right_wrist_roll,0.170061901,left_wrist_yaw,0.000000000,right_wrist_roll,0.003953,0.014998,0.813321,0.062379,0.000000000,0.000000000,0.000000000,0.000000000,0.000000000,0.000000000,,0.000000000,,,0.000000,0.000000,0.000000,,0.000000000,0,1,0,0,,,,,,,warming_up,,,,,,,,,,,,,,JS:v0:k0:r0,,,,,,
3.750666,3.753237600,,hermite,ready,,0.0,0.0,0.0,0,1.0,0,gJS_sBM_cAll_d03_mJS5_ch02,gJS_sBM_cAll_d03_mJS5_ch02,gJS_sBM_cAll_d03_mJS5_ch02,0.000000,,,,,,,0.509140167,,0.000000,,,,,,,,,,0.000000,beat-sync,1.000000,1.000000,,0.000000000,0.170061901,left_wrist_yaw,0.000000000,right_wrist_roll,0.170061901,left_wrist_yaw,0.000000000,right_wrist_roll,0.005688,0.017869,0.812863,0.065441,0.000000000,0.000000000,0.000000000,0.000000000,0.000000000,0.000000000,,0.000000000,,,0.000000,0.000000,0.000000,,0.000000000,0,1,0,0,,,,,,,warming_up,,,,,,,,,,,,,,JS:v0:k0:r0,,,,,,
3.801093,3.804289100,,hermite,ready,,0.0,0.0,0.0,0,1.0,0,gJS_sBM_cAll_d03_mJS5_ch02,gJS_sBM_cAll_d03_mJS5_ch02,gJS_sBM_cAll_d03_mJS5_ch02,0.000000,,,,,,,0.515985462,,0.000000,,,,,,,,,,0.000000,beat-sync,1.000000,1.000000,,0.000000000,0.170061901,left_wrist_yaw,0.000000000,right_wrist_roll,0.170061901,left_wrist_yaw,0.000000000,right_wrist_roll,0.007842,0.019970,0.812614,0.075092,0.000000000,0.000000000,0.000000000,0.000000000,0.000000000,0.000000000,,0.000000000,,,0.000000,0.000000,0.000000,,0.000000000,0,1,0,0,,,,,,,warming_up,,,,,,,,,,,,,,JS:v0:k0:r0,,,,,,
3.856203,3.859592700,,hermite,ready,,0.0,0.0,0.0,0,1.0,0,gJS_sBM_cAll_d03_mJS5_ch02,gJS_sBM_cAll_d03_mJS5_ch02,gJS_sBM_cAll_d03_mJS5_ch02,0.000000,,,,,,,0.523466498,,0.000000,,,,,,,,,,0.000000,beat-sync,1.000000,1.000000,,0.000000000,0.170061901,left_wrist_yaw,0.000000000,right_wrist_roll,0.170061901,left_wrist_yaw,0.000000000,right_wrist_roll,0.008831,0.021682,0.812553,0.075454,0.000000000,0.000000000,0.000000000,0.000000000,0.000000000,0.000000000,,0.000000000,,,0.000000,0.000000,0.000000,,0.000000000,0,1,0,0,,,,,,,warming_up,,,,,,,,,,,,,,JS:v0:k0:r0,,,,,,
3.911378,3.918376500,,hermite,ready,,0.0,0.0,0.0,0,1.0,0,gJS_sBM_cAll_d03_mJS5_ch02,gJS_sBM_cAll_d03_mJS5_ch02,gJS_sBM_cAll_d03_mJS5_ch02,0.000000,,,,,,,0.530956303,,0.000000,,,,,,,,,,0.000000,beat-sync,1.000000,1.000000,,0.000000000,0.170061901,left_wrist_yaw,0.000000000,right_wrist_roll,0.170061901,left_wrist_yaw,0.000000000,right_wrist_roll,0.009671,0.022945,0.812535,0.076790,0.000000000,0.000000000,0.000000000,0.000000000,0.000000000,0.000000000,,0.000000000,,,0.000000,0.000000,0.000000,,0.000000000,0,1,0,0,,,,,,,warming_up,,,,,,,,,,,,,,JS:v0:k0:r0,,,,,,
3.958035,3.962225600,,hermite,ready,,0.0,0.0,0.0,0,1.0,0,gJS_sBM_cAll_d03_mJS5_ch02,gJS_sBM_cAll_d03_mJS5_ch02,gJS_sBM_cAll_d03_mJS5_ch02,0.000000,,,,,,,0.537289873,,0.000000,,,,,,,,,,0.000000,beat-sync,1.000000,1.000000,,0.000000000,0.170061901,left_wrist_yaw,0.000000000,right_wrist_roll,0.170061901,left_wrist_yaw,0.000000000,right_wrist_roll,0.010492,0.023737,0.812542,0.080012,0.000000000,0.000000000,0.000000000,0.000000000,0.000000000,0.000000000,,0.000000000,,,0.000000,0.000000,0.000000,,0.000000000,0,1,0,0,,,,,,,warming_up,,,,,,,,,,,,,,JS:v0:k0:r0,,,,,,
4.000993,4.011596100,,hermite,ready,,0.0,0.0,0.0,0,1.0,0,gJS_sBM_cAll_d03_mJS5_ch02,gJS_sBM_cAll_d03_mJS5_ch02,gJS_sBM_cAll_d03_mJS5_ch02,0.000000,,,,,,,0.543121276,,0.000000,,,,,,,,,,0.000000,beat-sync,1.000000,1.000000,,0.000000000,0.170061901,left_wrist_yaw,0.000000000,right_wrist_roll,0.170061901,left_wrist_yaw,0.000000000,right_wrist_roll,0.011091,0.024308,0.812512,0.080781,0.000000000,0.000000000,0.000000000,0.000000000,0.000000000,0.000000000,,0.000000000,,,0.000000,0.000000,0.000000,,0.000000000,0,1,0,0,,,,,,,warming_up,,,,,,,,,,,,,,JS:v0:k0:r0,,,,,,
4.056763,4.063366900,,hermite,ready,,0.0,0.0,0.0,0,1.0,0,gJS_sBM_cAll_d03_mJS5_ch02,gJS_sBM_cAll_d03_mJS5_ch02,gJS_sBM_cAll_d03_mJS5_ch02,0.000000,,,,,,,0.550691756,,0.000000,,,,,,,,,,0.000000,beat-sync,1.000000,1.000000,,0.000000000,0.170061901,left_wrist_yaw,0.000000000,right_wrist_roll,0.170061901,left_wrist_yaw,0.000000000,right_wrist_roll,0.010791,0.024969,0.812462,0.079173,0.000000000,0.000000000,0.000000000,0.000000000,0.000000000,0.000000000,,0.000000000,,,0.000000,0.000000,0.000000,,0.000000000,0,1,0,0,,,,,,,warming_up,,,,,,,,,,,,,,JS:v0:k0:r0,,,,,,
4.102270,4.106818100,,hermite,ready,,0.0,0.0,0.0,0,1.0,0,gJS_sBM_cAll_d03_mJS5_ch02,gJS_sBM_cAll_d03_mJS5_ch02,gJS_sBM_cAll_d03_mJS5_ch02,0.000000,,,,,,,0.556869258,,0.000000,,,,,,,,,,0.000000,beat-sync,1.000000,1.000000,,0.000000000,0.170061901,left_wrist_yaw,0.000000000,right_wrist_roll,0.170061901,left_wrist_yaw,0.000000000,right_wrist_roll,0.010951,0.025460,0.812389,0.079826,0.000000000,0.000000000,0.000000000,0.000000000,0.000000000,0.000000000,,0.000000000,,,0.000000,0.000000,0.000000,,0.000000000,0,1,0,0,,,,,,,warming_up,,,,,,,,,,,,,,JS:v0:k0:r0,,,,,,
4.163985,4.169593100,,hermite,ready,,0.0,0.0,0.0,0,1.0,0,gJS_sBM_cAll_d03_mJS5_ch02,gJS_sBM_cAll_d03_mJS5_ch02,gJS_sBM_cAll_d03_mJS5_ch02,0.000000,,,,,,,0.565246860,,0.000000,,,,,,,,,,0.000000,beat-sync,1.000000,1.000000,,0.000000000,0.170061901,left_wrist_yaw,0.000000000,right_wrist_roll,0.170061901,left_wrist_yaw,0.000000000,right_wrist_roll,0.010948,0.026051,0.812323,0.082882,0.000000000,0.000000000,0.000000000,0.000000000,0.000000000,0.000000000,,0.000000000,,,0.000000,0.000000,0.000000,,0.000000000,0,1,0,0,,,,,,,warming_up,,,,,,,,,,,,,,JS:v0:k0:r0,,,,,,
4.210446,4.214841200,,hermite,ready,,0.0,0.0,0.0,0,1.0,0,gJS_sBM_cAll_d03_mJS5_ch02,gJS_sBM_cAll_d03_mJS5_ch02,gJS_sBM_cAll_d03_mJS5_ch02,0.000000,,,,,,,0.571553742,,0.000000,,,,,,,,,,0.000000,beat-sync,1.000000,1.000000,,0.000000000,0.170061901,left_wrist_yaw,0.000000000,right_wrist_roll,0.170061901,left_wrist_yaw,0.000000000,right_wrist_roll,0.010917,0.026496,0.812212,0.085534,0.000000000,0.000000000,0.000000000,0.000000000,0.000000000,0.000000000,,0.000000000,,,0.000000,0.000000,0.000000,,0.000000000,0,1,0,0,,,,,,,warming_up,,,,,,,,,,,,,,JS:v0:k0:r0,,,,,,
4.253998,4.262310800,,hermite,ready,,0.0,0.0,0.0,0,1.0,0,gJS_sBM_cAll_d03_mJS5_ch02,gJS_sBM_cAll_d03_mJS5_ch02,gJS_sBM_cAll_d03_mJS5_ch02,0.000000,,,,,,,0.577465819,,0.000000,,,,,,,,,,0.000000,beat-sync,1.000000,1.000000,,0.000000000,0.170061901,left_wrist_yaw,0.000000000,right_wrist_roll,0.170061901,left_wrist_yaw,0.000000000,right_wrist_roll,0.010903,0.026914,0.812063,0.087813,0.000000000,0.000000000,0.000000000,0.000000000,0.000000000,0.000000000,,0.000000000,,,0.000000,0.000000,0.000000,,0.000000000,0,1,0,0,,,,,,,warming_up,,,,,,,,,,,,,,JS:v0:k0:r0,,,,,,
4.303856,4.317182400,,hermite,ready,,0.0,0.0,0.0,0,1.0,0,gJS_sBM_cAll_d03_mJS5_ch02,gJS_sBM_cAll_d03_mJS5_ch02,gJS_sBM_cAll_d03_mJS5_ch02,0.000000,,,,,,,0.584233860,,0.000000,,,,,,,,,,0.000000,beat-sync,1.000000,1.000000,,0.000000000,0.170061901,left_wrist_yaw,0.000000000,right_wrist_roll,0.170061901,left_wrist_yaw,0.000000000,right_wrist_roll,0.010886,0.027431,0.811937,0.089827,0.000000000,0.000000000,0.000000000,0.000000000,0.000000000,0.000000000,,0.000000000,,,0.000000,0.000000,0.000000,,0.000000000,0,1,0,0,,,,,,,warming_up,,,,,,,,,,,,,,JS:v0:k0:r0,,,,,,
4.356353,4.363945900,,hermite,ready,,0.0,0.0,0.0,0,1.0,0,gJS_sBM_cAll_d03_mJS5_ch02,gJS_sBM_cAll_d03_mJS5_ch02,gJS_sBM_cAll_d03_mJS5_ch02,0.000000,,,,,,,0.591360204,,0.000000,,,,,,,,,,0.000000,beat-sync,1.000000,1.000000,,0.000000000,0.170061901,left_wrist_yaw,0.000000000,right_wrist_roll,0.170061901,left_wrist_yaw,0.000000000,right_wrist_roll,0.010808,0.028080,0.811896,0.091469,0.000000000,0.000000000,0.000000000,0.000000000,0.000000000,0.000000000,,0.000000000,,,0.000000,0.000000,0.000000,,0.000000000,0,1,0,0,,,,,,,warming_up,,,,,,,,,,,,,,JS:v0:k0:r0,,,,,,
4.400497,4.409508300,,hermite,ready,,0.0,0.0,0.0,0,1.0,0,gJS_sBM_cAll_d03_mJS5_ch02,gJS_sBM_cAll_d03_mJS5_ch02,gJS_sBM_cAll_d03_mJS5_ch02,0.000000,,,,,,,0.597352534,,0.000000,,,,,,,,,,0.000000,beat-sync,1.000000,1.000000,,0.000000000,0.170061901,left_wrist_yaw,0.000000000,right_wrist_roll,0.170061901,left_wrist_yaw,0.000000000,right_wrist_roll,0.010719,0.028754,0.811874,0.092806,0.000000000,0.000000000,0.000000000,0.000000000,0.000000000,0.000000000,,0.000000000,,,0.000000,0.000000,0.000000,,0.000000000,0,1,0,0,,,,,,,warming_up,,,,,,,,,,,,,,JS:v0:k0:r0,,,,,,
4.450464,4.460576900,,hermite,ready,,0.0,0.0,0.0,0,1.0,0,gJS_sBM_cAll_d03_mJS5_ch02,gJS_sBM_cAll_d03_mJS5_ch02,gJS_sBM_cAll_d03_mJS5_ch02,0.000000,,,,,,,0.604135385,,0.000000,,,,,,,,,,0.000000,beat-sync,1.000000,1.000000,,0.000000000,0.170061901,left_wrist_yaw,0.000000000,right_wrist_roll,0.170061901,left_wrist_yaw,0.000000000,right_wrist_roll,0.010664,0.029566,0.811840,0.095218,0.000000000,0.000000000,0.000000000,0.000000000,0.000000000,0.000000000,,0.000000000,,,0.000000,0.000000,0.000000,,0.000000000,0,1,0,0,,,,,,,warming_up,,,,,,,,,,,,,,JS:v0:k0:r0,,,,,,
4.515792,4.521452200,,hermite,ready,,0.0,0.0,0.0,0,1.0,0,gJS_sBM_cAll_d03_mJS5_ch02,gJS_sBM_cAll_d03_mJS5_ch02,gJS_sBM_cAll_d03_mJS5_ch02,0.000000,,,,,,,0.613003439,,0.000000,,,,,,,,,,0.000000,beat-sync,1.000000,1.000000,,0.000000000,0.170061901,left_wrist_yaw,0.000000000,right_wrist_roll,0.170061901,left_wrist_yaw,0.000000000,right_wrist_roll,0.010549,0.030792,0.811865,0.097740,0.000000000,0.000000000,0.000000000,0.000000000,0.000000000,0.000000000,,0.000000000,,,0.000000,0.000000,0.000000,,0.000000000,0,1,0,0,,,,,,,warming_up,,,,,,,,,,,,,,JS:v0:k0:r0,,,,,,
4.550469,4.554980300,,hermite,ready,,0.0,0.0,0.0,0,1.0,0,gJS_sBM_cAll_d03_mJS5_ch02,gJS_sBM_cAll_d03_mJS5_ch02,gJS_sBM_cAll_d03_mJS5_ch02,0.000000,,,,,,,0.617710778,,0.000000,,,,,,,,,,0.000000,beat-sync,1.000000,1.000000,,0.000000000,0.170061901,left_wrist_yaw,0.000000000,right_wrist_roll,0.170061901,left_wrist_yaw,0.000000000,right_wrist_roll,0.010467,0.031529,0.811879,0.099057,0.000000000,0.000000000,0.000000000,0.000000000,0.000000000,0.000000000,,0.000000000,,,0.000000,0.000000,0.000000,,0.000000000,0,1,0,0,,,,,,,warming_up,,,,,,,,,,,,,,JS:v0:k0:r0,,,,,,
4.606393,4.609040500,,hermite,ready,,0.0,0.0,0.0,0,1.0,0,gJS_sBM_cAll_d03_mJS5_ch02,gJS_sBM_cAll_d03_mJS5_ch02,gJS_sBM_cAll_d03_mJS5_ch02,0.000000,,,,,,,0.625302244,,0.000000,,,,,,,,,,0.000000,beat-sync,1.000000,1.000000,,0.000000000,0.170061901,left_wrist_yaw,0.000000000,right_wrist_roll,0.170061901,left_wrist_yaw,0.000000000,right_wrist_roll,0.010386,0.032846,0.811818,0.102708,0.000000000,0.000000000,0.000000000,0.000000000,0.000000000,0.000000000,,0.000000000,,,0.000000,0.000000,0.000000,,0.000000000,0,1,0,0,,,,,,,warming_up,,,,,,,,,,,,,,JS:v0:k0:r0,,,,,,
4.656737,4.659924200,,hermite,ready,,0.0,0.0,0.0,0,1.0,0,gJS_sBM_cAll_d03_mJS5_ch02,gJS_sBM_cAll_d03_mJS5_ch02,gJS_sBM_cAll_d03_mJS5_ch02,0.000000,,,,,,,0.632136258,,0.000000,,,,,,,,,,0.000000,beat-sync,1.000000,1.000000,,0.000000000,0.170061901,left_wrist_yaw,0.000000000,right_wrist_roll,0.170061901,left_wrist_yaw,0.000000000,right_wrist_roll,0.008366,0.033903,0.811833,0.105567,0.000000000,0.000000000,0.000000000,0.000000000,0.000000000,0.000000000,,0.000000000,,,0.000000,0.000000,0.000000,,0.000000000,0,1,0,0,,,,,,,warming_up,,,,,,,,,,,,,,JS:v0:k0:r0,,,,,,
4.700213,4.703874400,,hermite,ready,,0.0,0.0,0.0,0,1.0,0,gJS_sBM_cAll_d03_mJS5_ch02,gJS_sBM_cAll_d03_mJS5_ch02,gJS_sBM_cAll_d03_mJS5_ch02,0.000000,,,,,,,0.638037977,,0.000000,,,,,,,,,,0.000000,beat-sync,1.000000,1.000000,,0.000000000,0.170061901,left_wrist_yaw,0.000000000,right_wrist_roll,0.170061901,left_wrist_yaw,0.000000000,right_wrist_roll,0.005312,0.034794,0.811889,0.108951,0.000000000,0.000000000,0.000000000,0.000000000,0.000000000,0.000000000,,0.000000000,,,0.000000,0.000000,0.000000,,0.000000000,0,1,0,0,,,,,,,warming_up,,,,,,,,,,,,,,JS:v0:k0:r0,,,,,,
4.759165,4.762821100,,hermite,ready,,0.0,0.0,0.0,0,1.0,0,gJS_sBM_cAll_d03_mJS5_ch02,gJS_sBM_cAll_d03_mJS5_ch02,gJS_sBM_cAll_d03_mJS5_ch02,0.000000,,,,,,,0.646040552,,0.000000,,,,,,,,,,0.000000,beat-sync,1.000000,1.000000,,0.000000000,0.170061901,left_wrist_yaw,0.000000000,right_wrist_roll,0.170061901,left_wrist_yaw,0.000000000,right_wrist_roll,0.007704,0.036720,0.811422,0.123719,0.000000000,0.000000000,0.000000000,0.000000000,0.000000000,0.000000000,,0.000000000,,,0.000000,0.000000,0.000000,,0.000000000,0,1,0,0,,,,,,,warming_up,,,,,,,,,,,,,,JS:v0:k0:r0,,,,,,
4.802266,4.807338000,,hermite,ready,,0.0,0.0,0.0,0,1.0,0,gJS_sBM_cAll_d03_mJS5_ch02,gJS_sBM_cAll_d03_mJS5_ch02,gJS_sBM_cAll_d03_mJS5_ch02,0.000000,,,,,,,0.651891285,,0.000000,,,,,,,,,,0.000000,beat-sync,1.000000,1.000000,,0.000000000,0.170061901,left_wrist_yaw,0.000000000,right_wrist_roll,0.170061901,left_wrist_yaw,0.000000000,right_wrist_roll,0.006118,0.037844,0.811228,0.130324,0.000000000,0.000000000,0.000000000,0.000000000,0.000000000,0.000000000,,0.000000000,,,0.000000,0.000000,0.000000,,0.000000000,0,1,0,0,,,,,,,warming_up,,,,,,,,,,,,,,JS:v0:k0:r0,,,,,,
4.850590,4.854787300,,hermite,ready,,0.0,0.0,0.0,0,1.0,0,gJS_sBM_cAll_d03_mJS5_ch02,gJS_sBM_cAll_d03_mJS5_ch02,gJS_sBM_cAll_d03_mJS5_ch02,0.000000,,,,,,,0.658451104,,0.000000,,,,,,,,,,0.000000,beat-sync,1.000000,1.000000,,0.000000000,0.170061901,left_wrist_yaw,0.000000000,right_wrist_roll,0.170061901,left_wrist_yaw,0.000000000,right_wrist_roll,0.010691,0.039897,0.810665,0.149973,0.000000000,0.000000000,0.000000000,0.000000000,0.000000000,0.000000000,,0.000000000,,,0.000000,0.000000,0.000000,,0.000000000,0,1,0,0,,,,,,,warming_up,,,,,,,,,,,,,,JS:v0:k0:r0,,,,,,
4.900260,4.904312200,,hermite,ready,,0.0,0.0,0.0,0,1.0,0,gJS_sBM_cAll_d03_mJS5_ch02,gJS_sBM_cAll_d03_mJS5_ch02,gJS_sBM_cAll_d03_mJS5_ch02,0.000000,,,,,,,0.665193665,,0.000000,,,,,,,,,,0.000000,beat-sync,1.000000,1.000000,,0.000000000,0.170061901,left_wrist_yaw,0.000000000,right_wrist_roll,0.170061901,left_wrist_yaw,0.000000000,right_wrist_roll,0.006246,0.040682,0.810648,0.158489,0.000000000,0.000000000,0.000000000,0.000000000,0.000000000,0.000000000,,0.000000000,,,0.000000,0.000000,0.000000,,0.000000000,0,1,0,0,,,,,,,warming_up,,,,,,,,,,,,,,JS:v0:k0:r0,,,,,,
4.982673,5.060329100,,hermite,ready,,0.0,0.0,0.0,0,1.0,0,gJS_sBM_cAll_d03_mJS5_ch02,gJS_sBM_cAll_d03_mJS5_ch02,gJS_sBM_cAll_d03_mJS5_ch02,0.000000,,,,,,,0.676380937,,0.000000,,,,,,,,,,0.000000,beat-sync,1.000000,1.000000,,0.000000000,0.170061901,left_wrist_yaw,0.000000000,right_wrist_roll,0.170061901,left_wrist_yaw,0.000000000,right_wrist_roll,0.012049,0.044087,0.810371,0.198612,0.000000000,0.000000000,0.000000000,0.000000000,0.000000000,0.000000000,,0.000000000,,,0.000000,0.000000,0.000000,,0.000000000,0,1,0,0,,,,,,,warming_up,,,,,,,,,,,,,,JS:v0:k0:r0,,,,,,
5.088388,5.097442900,,hermite,ready,,0.0,0.0,0.0,0,1.0,0,gJS_sBM_cAll_d03_mJS5_ch02,gJS_sBM_cAll_d03_mJS5_ch02,gJS_sBM_cAll_d03_mJS5_ch02,0.000000,,,,,,,0.690731443,,0.000000,,,,,,,,,,0.000000,beat-sync,1.000000,1.000000,,0.000000000,0.170061901,left_wrist_yaw,0.000000000,right_wrist_roll,0.170061901,left_wrist_yaw,0.000000000,right_wrist_roll,0.014052,0.047005,0.809802,0.228958,0.000000000,0.000000000,0.000000000,0.000000000,0.000000000,0.000000000,,0.000000000,,,0.000000,0.000000,0.000000,,0.000000000,0,1,0,0,,,,,,,warming_up,,,,,,,,,,,,,,JS:v0:k0:r0,,,,,,
5.108361,5.113911300,,hermite,ready,,0.0,0.0,0.0,0,1.0,0,gJS_sBM_cAll_d03_mJS5_ch02,gJS_sBM_cAll_d03_mJS5_ch02,gJS_sBM_cAll_d03_mJS5_ch02,0.000000,,,,,,,0.693442615,,0.000000,,,,,,,,,,0.000000,beat-sync,1.000000,1.000000,,0.000000000,0.170061901,left_wrist_yaw,0.000000000,right_wrist_roll,0.170061901,left_wrist_yaw,0.000000000,right_wrist_roll,0.014213,0.047243,0.809439,0.231916,0.000000000,0.000000000,0.000000000,0.000000000,0.000000000,0.000000000,,0.000000000,,,0.000000,0.000000,0.000000,,0.000000000,0,1,0,0,,,,,,,warming_up,,,,,,,,,,,,,,JS:v0:k0:r0,,,,,,
5.152726,5.156571800,,hermite,ready,,0.0,0.0,0.0,0,1.0,0,gJS_sBM_cAll_d03_mJS5_ch02,gJS_sBM_cAll_d03_mJS5_ch02,gJS_sBM_cAll_d03_mJS5_ch02,0.000000,,,,,,,0.699465027,,0.000000,,,,,,,,,,0.000000,beat-sync,1.000000,1.000000,,0.000000000,0.170061901,left_wrist_yaw,0.000000000,right_wrist_roll,0.170061901,left_wrist_yaw,0.000000000,right_wrist_roll,0.019119,0.048462,0.808355,0.244216,0.000000000,0.000000000,0.000000000,0.000000000,0.000000000,0.000000000,,0.000000000,,,0.000000,0.000000,0.000000,,0.000000000,0,1,0,0,,,,,,,warming_up,,,,,,,,,,,,,,JS:v0:k0:r0,,,,,,
5.200548,5.202971700,,hermite,ready,,0.0,0.0,0.0,0,1.0,0,gJS_sBM_cAll_d03_mJS5_ch02,gJS_sBM_cAll_d03_mJS5_ch02,gJS_sBM_cAll_d03_mJS5_ch02,0.000000,,,,,,,0.705956701,,0.000000,,,,,,,,,,0.000000,beat-sync,1.000000,1.000000,,0.000000000,0.170061901,left_wrist_yaw,0.000000000,right_wrist_roll,0.170061901,left_wrist_yaw,0.000000000,right_wrist_roll,0.019210,0.048110,0.806555,0.245171,0.000000000,0.000000000,0.000000000,0.000000000,0.000000000,0.000000000,,0.000000000,,,0.000000,0.000000,0.000000,,0.000000000,0,1,0,0,,,,,,,warming_up,,,,,,,,,,,,,,JS:v0:k0:r0,,,,,,
5.250299,5.252828100,,hermite,ready,,0.0,0.0,0.0,0,1.0,0,gJS_sBM_cAll_d03_mJS5_ch02,gJS_sBM_cAll_d03_mJS5_ch02,gJS_sBM_cAll_d03_mJS5_ch02,0.000000,,,,,,,0.712710326,,0.000000,,,,,,,,,,0.000000,beat-sync,1.000000,1.000000,,0.000000000,0.170061901,left_wrist_yaw,0.000000000,right_wrist_roll,0.170061901,left_wrist_yaw,0.000000000,right_wrist_roll,0.030525,0.049930,0.805025,0.261638,0.000000000,0.000000000,0.000000000,0.000000000,0.000000000,0.000000000,,0.000000000,,,0.000000,0.000000,0.000000,,0.000000000,0,1,0,0,,,,,,,warming_up,,,,,,,,,,,,,,JS:v0:k0:r0,,,,,,
5.300533,5.303279500,,hermite,ready,,0.0,0.0,0.0,0,1.0,0,gJS_sBM_cAll_d03_mJS5_ch02,gJS_sBM_cAll_d03_mJS5_ch02,gJS_sBM_cAll_d03_mJS5_ch02,0.000000,,,,,,,0.719529353,,0.000000,,,,,,,,,,0.000000,beat-sync,1.000000,1.000000,,0.000000000,0.170061901,left_wrist_yaw,0.000000000,right_wrist_roll,0.170061901,left_wrist_yaw,0.000000000,right_wrist_roll,0.031650,0.048944,0.802751,0.259653,0.000000000,0.000000000,0.000000000,0.000000000,0.000000000,0.000000000,,0.000000000,,,0.000000,0.000000,0.000000,,0.000000000,0,1,0,0,,,,,,,warming_up,,,,,,,,,,,,,,JS:v0:k0:r0,,,,,,
5.350607,5.354031900,,hermite,ready,,0.0,0.0,0.0,0,1.0,0,gJS_sBM_cAll_d03_mJS5_ch02,gJS_sBM_cAll_d03_mJS5_ch02,gJS_sBM_cAll_d03_mJS5_ch02,0.000000,,,,,,,0.726326729,,0.000000,,,,,,,,,,0.000000,beat-sync,1.000000,1.000000,,0.000000000,0.170258948,left_wrist_yaw,0.384804676,right_wrist_yaw,0.170258948,left_wrist_yaw,0.463162509,right_wrist_yaw,0.043410,0.050292,0.801209,0.272478,0.000000000,0.000000000,0.000000000,0.000000000,0.000000000,0.000000000,,0.000000000,,,2.168682,1.733438,400.870784,,0.000000000,0,1,0,0,,,,,,,warming_up,,,,,,,,,,,,,,JS:v0:k0:r0,,,,,,
5.400298,5.403544600,,hermite,ready,,0.0,0.0,0.0,0,1.0,0,gJS_sBM_cAll_d03_mJS5_ch02,gJS_sBM_cAll_d03_mJS5_ch02,gJS_sBM_cAll_d03_mJS5_ch02,0.000000,,,,,,,0.733072181,,0.000000,,,,,,,,,,0.000000,beat-sync,1.000000,1.000000,,0.000000000,0.183819146,right_wrist_yaw,0.040794865,left_wrist_yaw,0.183819146,right_wrist_yaw,0.053618474,left_wrist_yaw,0.044858,0.049015,0.799601,0.269516,0.000000000,0.000000000,0.000000000,0.000000000,0.000000000,0.000000000,,0.000000000,,,1.867218,1.462889,52.112211,,0.000123373,0,1,0,0,,,,,,,warming_up,,,,,,,,,,,,,,JS:v0:k0:r0,,,,,,
5.450391,5.453242500,,hermite,ready,,0.0,0.0,0.0,0,1.0,0,gJS_sBM_cAll_d03_mJS5_ch02,gJS_sBM_cAll_d03_mJS5_ch02,gJS_sBM_cAll_d03_mJS5_ch02,0.000000,,,,,,,0.739872027,,0.000000,,,,,,,,,,0.000000,beat-sync,1.000000,1.000000,,0.000000000,0.182292347,right_wrist_yaw,0.146495094,left_wrist_yaw,0.182292347,right_wrist_yaw,0.199440044,left_wrist_yaw,0.055346,0.049819,0.798960,0.277298,0.000000000,0.000000000,0.000000000,0.000000000,0.000000000,0.000000000,,0.000000000,,,1.278553,1.047046,37.846052,,0.000122063,0,1,0,0,,,,,,,warming_up,,,,,,,,,,,,,,JS:v0:k0:r0,,,,,,
5.500633,5.503560700,,hermite,ready,,0.0,0.0,0.0,0,1.0,0,gJS_sBM_cAll_d03_mJS5_ch02,gJS_sBM_cAll_d03_mJS5_ch02,gJS_sBM_cAll_d03_mJS5_ch02,0.000000,,,,,,,0.746692290,,0.000000,,,,,,,,,,0.000000,beat-sync,1.000000,1.000000,,0.000000000,0.177880372,right_wrist_yaw,0.134225615,right_wrist_yaw,0.177880372,right_wrist_yaw,0.159065243,right_wrist_yaw,0.055931,0.048187,0.798530,0.271212,0.000000000,0.000000000,0.000000000,0.000000000,0.000000000,0.000000000,,0.000000000,,,1.205636,1.001989,22.088433,,0.000120780,0,1,0,0,,,,,,,warming_up,,,,,,,,,,,,,,JS:v0:k0:r0,,,,,,
5.550365,5.553254300,,hermite,ready,,0.0,0.0,0.0,0,1.0,0,gJS_sBM_cAll_d03_mJS5_ch02,gJS_sBM_cAll_d03_mJS5_ch02,gJS_sBM_cAll_d03_mJS5_ch02,0.000000,,,,,,,0.753443199,,0.000000,,,,,,,,,,0.000000,beat-sync,1.000000,1.000000,,0.000000000,0.175420106,right_wrist_yaw,0.140974263,left_wrist_yaw,0.175420106,right_wrist_yaw,0.192357593,left_wrist_yaw,0.065315,0.048642,0.798651,0.281349,0.000000000,0.000000000,0.000000000,0.000000000,0.000000000,0.000000000,,0.000000000,,,1.260468,1.023501,32.515465,,0.000119524,0,1,0,0,,,,,,,warming_up,,,,,,,,,,,,,,JS:v0:k0:r0,,,,,,
5.600235,5.603581500,,hermite,ready,,0.0,0.0,0.0,0,1.0,0,gJS_sBM_cAll_d03_mJS5_ch02,gJS_sBM_cAll_d03_mJS5_ch02,gJS_sBM_cAll_d03_mJS5_ch02,0.000000,,,,,,,0.760212964,,0.000000,,,,,,,,,,0.000000,beat-sync,1.000000,1.000000,,0.000000000,0.171038466,right_wrist_yaw,0.118155343,right_wrist_yaw,0.171038466,right_wrist_yaw,0.145851347,right_wrist_yaw,0.064292,0.046794,0.798587,0.273369,0.000000000,0.000000000,0.000000000,0.000000000,0.000000000,0.000000000,,0.000000000,,,1.231670,1.000985,28.413604,,0.000118294,0,1,0,0,,,,,,,warming_up,,,,,,,,,,,,,,JS:v0:k0:r0,,,,,,
5.650358,5.653420400,,hermite,ready,,0.0,0.0,0.0,0,1.0,0,gJS_sBM_cAll_d03_mJS5_ch02,gJS_sBM_cAll_d03_mJS5_ch02,gJS_sBM_cAll_d03_mJS5_ch02,0.000000,,,,,,,0.767016910,,0.000000,,,,,,,,,,0.000000,beat-sync,1.000000,1.000000,,0.000000000,0.169179116,right_wrist_yaw,0.108198212,left_wrist_yaw,0.169179116,right_wrist_yaw,0.140949158,left_wrist_yaw,0.072576,0.047163,0.798805,0.284465,0.000000000,0.000000000,0.000000000,0.000000000,0.000000000,0.000000000,,0.000000000,,,1.252836,1.019824,39.307628,,0.000117089,0,1,0,0,,,,,,,warming_up,,,,,,,,,,,,,,JS:v0:k0:r0,,,,,,
5.700309,5.703322000,,hermite,ready,,0.0,0.0,0.0,0,1.0,0,gJS_sBM_cAll_d03_mJS5_ch02,gJS_sBM_cAll_d03_mJS5_ch02,gJS_sBM_cAll_d03_mJS5_ch02,0.000000,,,,,,,0.773797615,,0.000000,,,,,,,,,,0.000000,beat-sync,1.000000,1.000000,,0.000000000,0.165809796,right_wrist_yaw,0.090736670,right_wrist_yaw,0.165809796,right_wrist_yaw,0.121075212,right_wrist_yaw,0.070372,0.045137,0.798679,0.275328,0.000000000,0.000000000,0.000000000,0.000000000,0.000000000,0.000000000,,0.000000000,,,1.305438,1.067669,24.084167,,0.000115908,0,1,0,0,,,,,,,warming_up,,,,,,,,,,,,,,JS:v0:k0:r0,,,,,,
5.750465,5.753811800,,hermite,ready,,0.0,0.0,0.0,0,1.0,0,gJS_sBM_cAll_d03_mJS5_ch02,gJS_sBM_cAll_d03_mJS5_ch02,gJS_sBM_cAll_d03_mJS5_ch02,0.000000,,,,,,,0.780606136,,0.000000,,,,,,,,,,0.000000,beat-sync,1.000000,1.000000,,0.000000000,0.166579072,right_wrist_yaw,0.090899628,left_wrist_yaw,0.166579072,right_wrist_yaw,0.110404585,left_wrist_yaw,0.077565,0.045532,0.798866,0.287175,0.000000000,0.000000000,0.000000000,0.000000000,0.000000000,0.000000000,,0.000000000,,,1.195061,0.950219,49.972725,,0.000114751,0,1,0,0,,,,,,,warming_up,,,,,,,,,,,,,,JS:v0:k0:r0,,,,,,
5.800685,5.803921700,,hermite,ready,,0.0,0.0,0.0,0,1.0,0,gJS_sBM_cAll_d03_mJS5_ch02,gJS_sBM_cAll_d03_mJS5_ch02,gJS_sBM_cAll_d03_mJS5_ch02,0.000000,,,,,,,0.787423276,,0.000000,,,,,,,,,,0.000000,beat-sync,1.000000,1.000000,,0.000000000,0.165718713,right_wrist_yaw,0.094811328,left_wrist_yaw,0.165718713,right_wrist_yaw,0.111868605,left_wrist_yaw,0.074545,0.043597,0.798801,0.277494,0.000000000,0.000000000,0.000000000,0.000000000,0.000000000,0.000000000,,0.000000000,,,1.187533,0.970740,29.389820,,0.000113617,0,1,0,0,,,,,,,warming_up,,,,,,,,,,,,,,JS:v0:k0:r0,,,,,,
5.850345,5.853405600,,hermite,ready,,0.0,0.0,0.0,0,1.0,0,gJS_sBM_cAll_d03_mJS5_ch02,gJS_sBM_cAll_d03_mJS5_ch02,gJS_sBM_cAll_d03_mJS5_ch02,0.000000,,,,,,,0.794164452,,0.000000,,,,,,,,,,0.000000,beat-sync,1.000000,1.000000,,0.000000000,0.167821608,right_wrist_yaw,0.083597970,right_wrist_yaw,0.167821608,right_wrist_yaw,0.112673625,right_wrist_yaw,0.080856,0.044070,0.798998,0.288142,0.000000000,0.000000000,0.000000000,0.000000000,0.000000000,0.000000000,,0.000000000,,,1.329781,1.059510,17.305964,,0.000112505,0,1,0,0,,,,,,,warming_up,,,,,,,,,,,,,,JS:v0:k0:r0,,,,,,
5.900661,5.903959700,,hermite,ready,,0.0,0.0,0.0,0,1.0,0,gJS_sBM_cAll_d03_mJS5_ch02,gJS_sBM_cAll_d03_mJS5_ch02,gJS_sBM_cAll_d03_mJS5_ch02,0.000000,,,,,,,0.800994706,,0.000000,,,,,,,,,,0.000000,beat-sync,1.000000,1.000000,,0.000000000,0.167839019,right_wrist_yaw,0.116571475,left_wrist_yaw,0.167839019,right_wrist_yaw,0.131864007,left_wrist_yaw,0.076862,0.042243,0.798910,0.276768,0.000000000,0.000000000,0.000000000,0.000000000,0.000000000,0.000000000,,0.000000000,,,1.165804,0.975861,34.760382,,0.000111414,0,1,0,0,,,,,,,warming_up,,,,,,,,,,,,,,JS:v0:k0:r0,,,,,,
5.954662,5.962803800,,hermite,ready,,0.0,0.0,0.0,0,1.0,0,gJS_sBM_cAll_d03_mJS5_ch02,gJS_sBM_cAll_d03_mJS5_ch02,gJS_sBM_cAll_d03_mJS5_ch02,0.000000,,,,,,,0.808325172,,0.000000,,,,,,,,,,0.000000,beat-sync,1.000000,1.000000,,0.000000000,0.170072577,right_wrist_yaw,0.052405415,right_wrist_yaw,0.170072577,right_wrist_yaw,0.036530246,right_wrist_yaw,0.081124,0.042518,0.799022,0.283208,0.000000000,0.000000000,0.000000000,0.000000000,0.000000000,0.000000000,,0.000000000,,,0.314179,0.238870,106.243556,,0.000110345,0,1,0,0,,,,,,,warming_up,,,,,,,,,,,,,,JS:v0:k0:r0,,,,,,
6.013574,6.021064900,,hermite,ready,,0.0,0.0,0.0,0,1.0,0,gJS_sBM_cAll_d03_mJS5_ch02,gJS_sBM_cAll_d03_mJS5_ch02,gJS_sBM_cAll_d03_mJS5_ch02,0.000000,,,,,,,0.816322290,,0.000000,,,,,,,,,,0.000000,beat-sync,1.000000,1.000000,,0.000000000,0.171106224,right_wrist_yaw,0.168265147,right_wrist_yaw,0.171106224,right_wrist_yaw,0.132287664,right_wrist_yaw,0.081916,0.042192,0.799008,0.282189,0.000000000,0.000000000,0.000000000,0.000000000,0.000000000,0.000000000,,0.000000000,,,1.719397,1.153275,88.605832,,0.000109818,0,1,0,0,,,,,,,warming_up,,,,,,,,,,,,,,JS:v0:k0:r0,,,,,,
6.056065,6.068305200,,hermite,ready,,0.0,0.0,0.0,0,1.0,0,gJS_sBM_cAll_d03_mJS5_ch02,gJS_sBM_cAll_d03_mJS5_ch02,gJS_sBM_cAll_d03_mJS5_ch02,0.000000,,,,,,,0.822090312,,0.000000,,,,,,,,,,0.000000,beat-sync,1.000000,1.000000,,0.000000000,0.171323974,right_wrist_yaw,0.082965971,left_wrist_yaw,0.171323974,right_wrist_yaw,0.087179165,left_wrist_yaw,0.080822,0.041770,0.798999,0.278141,0.000000000,0.000000000,0.000000000,0.000000000,0.000000000,0.000000000,,0.000000000,,,0.635725,0.319154,106.984574,,0.000109123,0,1,0,0,,,,,,,warming_up,,,,,,,,,,,,,,JS:v0:k0:r0,,,,,,
6.116369,6.122458900,,hermite,ready,,0.0,0.0,0.0,0,1.0,0,gJS_sBM_cAll_d03_mJS5_ch02,gJS_sBM_cAll_d03_mJS5_ch02,gJS_sBM_cAll_d03_mJS5_ch02,0.000000,,,,,,,0.830276294,,0.000000,,,,,,,,,,0.000000,beat-sync,1.000000,1.000000,,0.000000000,0.172165983,right_wrist_yaw,0.167676644,left_wrist_yaw,0.172165983,right_wrist_yaw,0.102567320,left_wrist_yaw,0.081818,0.042155,0.799144,0.278399,0.000000000,0.000000000,0.000000000,0.000000000,0.000000000,0.000000000,,0.000000000,,,1.425332,1.184463,132.535577,,0.000108607,0,1,0,0,,,,,,,warming_up,,,,,,,,,,,,,,JS:v0:k0:r0,,,,,,
6.156478,6.162541700,,hermite,ready,,0.0,0.0,0.0,0,1.0,0,gJS_sBM_cAll_d03_mJS5_ch02,gJS_sBM_cAll_d03_mJS5_ch02,gJS_sBM_cAll_d03_mJS5_ch02,0.000000,,,,,,,0.835721023,,0.000000,,,,,,,,,,0.000000,beat-sync,1.000000,1.000000,,0.000000000,0.171472683,right_wrist_yaw,0.148669293,left_wrist_yaw,0.171472683,right_wrist_yaw,0.098499799,left_wrist_yaw,0.078567,0.041764,0.799315,0.271199,0.000000000,0.000000000,0.000000000,0.000000000,0.000000000,0.000000000,,0.000000000,,,1.067880,0.860855,103.502611,,0.000108266,0,1,0,0,,,,,,,warming_up,,,,,,,,,,,,,,JS:v0:k0:r0,,,,,,
6.206164,6.210708900,,hermite,ready,,0.0,0.0,0.0,0,1.0,0,gJS_sBM_cAll_d03_mJS5_ch02,gJS_sBM_cAll_d03_mJS5_ch02,gJS_sBM_cAll_d03_mJS5_ch02,0.000000,,,,,,,0.842465715,,0.000000,,,,,,,,,,0.000000,beat-sync,1.000000,1.000000,,0.000000000,0.169919205,right_wrist_yaw,0.149588838,right_wrist_yaw,0.169919205,right_wrist_yaw,0.087481922,right_wrist_yaw,0.074866,0.041624,0.799636,0.264476,0.000000000,0.000000000,0.000000000,0.000000000,0.000000000,0.000000000,,0.000000000,,,0.813578,0.727651,104.156838,,0.000107759,0,1,0,0,,,,,,,warming_up,,,,,,,,,,,,,,JS:v0:k0:r0,,,,,,
6.250401,6.255890500,,hermite,ready,,0.0,0.0,0.0,0,1.0,0,gJS_sBM_cAll_d03_mJS5_ch02,gJS_sBM_cAll_d03_mJS5_ch02,gJS_sBM_cAll_d03_mJS5_ch02,0.000000,,,,,,,0.848470778,,0.000000,,,,,,,,,,0.000000,beat-sync,1.000000,1.000000,,0.000000000,0.169167467,right_wrist_yaw,0.291517859,left_wrist_yaw,0.169167467,right_wrist_yaw,0.189603632,left_wrist_yaw,0.075107,0.042671,0.800183,0.266327,0.000000000,0.000000000,0.000000000,0.000000000,0.000000000,0.000000000,,0.000000000,,,1.674000,1.373992,155.283225,,0.000107256,0,1,0,0,,,,,,,warming_up,,,,,,,,,,,,,,JS:v0:k0:r0,,,,,,
6.300195,6.308611300,,hermite,ready,,0.0,0.0,0.0,0,1.0,0,gJS_sBM_cAll_d03_mJS5_ch02,gJS_sBM_cAll_d03_mJS5_ch02,gJS_sBM_cAll_d03_mJS5_ch02,0.000000,,,,,,,0.855230118,,0.000000,,,,,,,,,,0.000000,beat-sync,1.000000,1.000000,,0.000000000,0.163966459,right_wrist_yaw,0.348937283,right_wrist_yaw,0.163966459,right_wrist_yaw,0.187337209,right_wrist_yaw,0.064641,0.042063,0.801060,0.251802,0.000000000,0.000000000,0.000000000,0.000000000,0.000000000,0.000000000,,0.000000000,,,1.364473,1.126894,112.510664,,0.000106758,0,1,0,0,,,,,,,warming_up,,,,,,,,,,,,,,JS:v0:k0:r0,,,,,,
6.357879,6.363627000,,hermite,ready,,0.0,0.0,0.0,0,1.0,0,gJS_sBM_cAll_d03_mJS5_ch02,gJS_sBM_cAll_d03_mJS5_ch02,gJS_sBM_cAll_d03_mJS5_ch02,0.000000,,,,,,,0.863060566,,0.000000,,,,,,,,,,0.000000,beat-sync,1.000000,1.000000,,0.000000000,0.159704448,right_wrist_yaw,0.244046629,left_wrist_yaw,0.159704448,right_wrist_yaw,0.142867714,left_wrist_yaw,0.059793,0.043490,0.802577,0.250732,0.000000000,0.000000000,0.000000000,0.000000000,0.000000000,0.000000000,,0.000000000,,,0.697882,0.560073,78.428895,,0.000106264,0,1,0,0,,,,,,,warming_up,,,,,,,,,,,,,,JS:v0:k0:r0,,,,,,
6.410864,6.419206000,,hermite,ready,,0.0,0.0,0.0,0,1.0,0,gJS_sBM_cAll_d03_mJS5_ch02,gJS_sBM_cAll_d03_mJS5_ch02,gJS_sBM_cAll_d03_mJS5_ch02,0.000000,,,,,,,0.870253072,,0.000000,,,,,,,,,,0.000000,beat-sync,1.000000,1.000000,,0.000000000,0.155796405,right_wrist_yaw,0.213072971,right_wrist_yaw,0.155796405,right_wrist_yaw,0.105703541,right_wrist_yaw,0.052174,0.044560,0.804152,0.244956,0.000000000,0.000000000,0.000000000,0.000000000,0.000000000,0.000000000,,0.000000000,,,0.438012,0.319067,41.245717,,0.000105775,0,1,0,0,,,,,,,warming_up,,,,,,,,,,,,,,JS:v0:k0:r0,,,,,,
6.456371,6.461174800,,hermite,ready,,0.0,0.0,0.0,0,1.0,0,gJS_sBM_cAll_d03_mJS5_ch02,gJS_sBM_cAll_d03_mJS5_ch02,gJS_sBM_cAll_d03_mJS5_ch02,0.000000,,,,,,,0.876430493,,0.000000,,,,,,,,,,0.000000,beat-sync,1.000000,1.000000,,0.000000000,0.154190215,left_wrist_yaw,0.065656561,right_wrist_yaw,0.154190215,left_wrist_yaw,0.119697661,right_wrist_yaw,0.044593,0.045421,0.805852,0.237866,0.000000000,0.000000000,0.000000000,0.000000000,0.000000000,0.000000000,,0.000000000,,,1.673012,1.078898,296.744377,,0.000105291,0,1,0,0,,,,,,,warming_up,,,,,,,,,,,,,,JS:v0:k0:r0,,,,,,
6.507243,6.518312100,,hermite,ready,,0.0,0.0,0.0,0,1.0,0,gJS_sBM_cAll_d03_mJS5_ch02,gJS_sBM_cAll_d03_mJS5_ch02,gJS_sBM_cAll_d03_mJS5_ch02,0.000000,,,,,,,0.883336208,,0.000000,,,,,,,,,,0.000000,beat-sync,1.000000,1.000000,,0.000000000,0.155013006,left_wrist_yaw,0.162581052,right_wrist_yaw,0.155013006,left_wrist_yaw,0.076570708,right_wrist_yaw,0.035846,0.046184,0.807939,0.227567,0.000000000,0.000000000,0.000000000,0.000000000,0.000000000,0.000000000,,0.000000000,,,1.070779,0.842323,63.256609,,0.000104811,0,1,0,0,,,,,,,warming_up,,,,,,,,,,,,,,JS:v0:k0:r0,,,,,,
6.558629,6.568399100,,hermite,ready,,0.0,0.0,0.0,0,1.0,0,gJS_sBM_cAll_d03_mJS5_ch02,gJS_sBM_cAll_d03_mJS5_ch02,gJS_sBM_cAll_d03_mJS5_ch02,0.000000,,,,,,,0.890311656,,0.000000,,,,,,,,,,0.000000,beat-sync,1.000000,1.000000,,0.000000000,0.156718790,left_wrist_yaw,0.153471571,left_wrist_yaw,0.156718790,left_wrist_yaw,0.131974961,left_wrist_yaw,0.029442,0.046922,0.809951,0.217431,0.000000000,0.000000000,0.000000000,0.000000000,0.000000000,0.000000000,,0.000000000,,,1.162012,0.727516,109.965450,,0.000104335,0,1,0,0,,,,,,,warming_up,,,,,,,,,,,,,,JS:v0:k0:r0,,,,,,
6.616090,6.623233000,,hermite,ready,,0.0,0.0,0.0,0,1.0,0,gJS_sBM_cAll_d03_mJS5_ch02,gJS_sBM_cAll_d03_mJS5_ch02,gJS_sBM_cAll_d03_mJS5_ch02,0.000000,,,,,,,0.898111833,,0.000000,,,,,,,,,,0.000000,beat-sync,1.000000,1.000000,,0.000000000,0.158733599,left_wrist_yaw,0.162822841,right_wrist_yaw,0.158733599,left_wrist_yaw,0.092038353,right_wrist_yaw,0.026283,0.047710,0.811601,0.207389,0.000000000,0.000000000,0.000000000,0.000000000,0.000000000,0.000000000,,0.000000000,,,1.566914,1.324962,115.383201,,0.000103864,0,1,0,0,,,,,,,warming_up,,,,,,,,,,,,,,JS:v0:k0:r0,,,,,,
6.650508,6.656463400,,hermite,ready,,0.0,0.0,0.0,0,1.0,0,gJS_sBM_cAll_d03_mJS5_ch02,gJS_sBM_cAll_d03_mJS5_ch02,gJS_sBM_cAll_d03_mJS5_ch02,0.000000,,,,,,,0.902783837,,0.000000,,,,,,,,,,0.000000,beat-sync,1.000000,1.000000,,0.000000000,0.160590264,left_wrist_yaw,0.070844898,right_wrist_yaw,0.160590264,left_wrist_yaw,0.076138012,right_wrist_yaw,0.023414,0.047683,0.812309,0.198988,0.000000000,0.000000000,0.000000000,0.000000000,0.000000000,0.000000000,,0.000000000,,,1.229984,0.839529,20.878189,,0.000103397,0,1,0,0,,,,,,,warming_up,,,,,,,,,,,,,,JS:v0:k0:r0,,,,,,
6.700100,6.703323100,,hermite,ready,,0.0,0.0,0.0,0,1.0,0,gJS_sBM_cAll_d03_mJS5_ch02,gJS_sBM_cAll_d03_mJS5_ch02,gJS_sBM_cAll_d03_mJS5_ch02,0.000000,,,,,,,0.909515837,,0.000000,,,,,,,,,,0.000000,beat-sync,1.000000,1.000000,,0.000000000,0.162453698,left_wrist_yaw,0.005233272,right_wrist_yaw,0.162453698,left_wrist_yaw,0.006545484,right_wrist_yaw,0.020271,0.047421,0.812668,0.188305,0.000000000,0.000000000,0.000000000,0.000000000,0.000000000,0.000000000,,0.000000000,,,0.123088,0.098531,22.255704,,0.000102627,0,1,0,0,,,,,,,warming_up,,,,,,,,,,,,,,JS:v0:k0:r0,,,,,,
6.750309,6.752891300,,hermite,ready,,0.0,0.0,0.0,0,1.0,0,gJS_sBM_cAll_d03_mJS5_ch02,gJS_sBM_cAll_d03_mJS5_ch02,gJS_sBM_cAll_d03_mJS5_ch02,0.000000,,,,,,,0.916331511,,0.000000,,,,,,,,,,0.000000,beat-sync,1.000000,1.000000,,0.000000000,0.162453696,left_wrist_yaw,0.000000000,right_wrist_roll,0.162453696,left_wrist_yaw,0.000000000,right_wrist_roll,0.018860,0.047059,0.812438,0.181827,0.000000000,0.000000000,0.000000000,0.000000000,0.000000000,0.000000000,,0.000000000,,,0.000000,0.000000,0.000000,,0.000101719,0,1,0,0,,,,,,,warming_up,,,,,,,,,,,,,,JS:v0:k0:r0,,,,,,
6.802989,6.808188800,,hermite,ready,,0.0,0.0,0.0,0,1.0,0,gJS_sBM_cAll_d03_mJS5_ch02,gJS_sBM_cAll_d03_mJS5_ch02,gJS_sBM_cAll_d03_mJS5_ch02,0.000000,,,,,,,0.923482656,,0.000000,,,,,,,,,,0.000000,beat-sync,1.000000,1.000000,,0.000000000,0.162453696,left_wrist_yaw,0.000000000,right_wrist_roll,0.162453696,left_wrist_yaw,0.000000000,right_wrist_roll,0.018041,0.046520,0.811823,0.172429,0.000000000,0.000000000,0.000000000,0.000000000,0.000000000,0.000000000,,0.000000000,,,0.000000,0.000000,0.000000,,0.000100827,0,1,0,0,,,,,,,warming_up,,,,,,,,,,,,,,JS:v0:k0:r0,,,,,,
6.850432,6.853527000,,hermite,ready,,0.0,0.0,0.0,0,1.0,0,gJS_sBM_cAll_d03_mJS5_ch02,gJS_sBM_cAll_d03_mJS5_ch02,gJS_sBM_cAll_d03_mJS5_ch02,0.000000,,,,,,,0.929922882,,0.000000,,,,,,,,,,0.000000,beat-sync,1.000000,1.000000,,0.000000000,0.162453696,left_wrist_yaw,0.000000000,right_wrist_roll,0.162453696,left_wrist_yaw,0.000000000,right_wrist_roll,0.017203,0.045890,0.811364,0.159466,0.000000000,0.000000000,0.000000000,0.000000000,0.000000000,0.000000000,,0.000000000,,,0.000000,0.000000,0.000000,,0.000100095,0,1,0,0,,,,,,,warming_up,,,,,,,,,,,,,,JS:v0:k0:r0,,,,,,
6.901808,6.907788100,,hermite,ready,,0.0,0.0,0.0,0,0.9968839931388139,0,gJS_sBM_cAll_d03_mJS5_ch02,gJS_sBM_cAll_d03_mJS5_ch02,gJS_sBM_cAll_d03_mJS5_ch02,0.000000,,,,,,,0.936897014,,0.000000,,,,,,,,,,0.000000,beat-sync,1.000000,1.000000,,0.000000000,0.162453696,left_wrist_yaw,0.000000000,right_wrist_roll,0.162453696,left_wrist_yaw,0.000000000,right_wrist_roll,0.017297,0.045235,0.811159,0.154197,0.000000000,0.000000000,0.000000000,0.000000000,0.000000000,0.000000000,,0.000000000,,,0.000000,0.000000,0.000000,,0.000099231,0,1,0,0,,,,,,,warming_up,,,,,,,,,,,,,,JS:v0:k0:r0,,,,,,
6.950725,6.953228300,,hermite,ready,,0.0,0.0,0.0,0,0.963661324510733,0,gJS_sBM_cAll_d03_mJS5_ch02,gJS_sBM_cAll_d03_mJS5_ch02,gJS_sBM_cAll_d03_mJS5_ch02,0.000000,,,,,,,0.943537317,,0.000000,,,,,,,,,,0.000000,beat-sync,1.000000,1.000000,,0.000000000,0.162453696,left_wrist_yaw,0.000000000,right_wrist_roll,0.162453696,left_wrist_yaw,0.000000000,right_wrist_roll,0.017031,0.044620,0.811051,0.145566,0.000000000,0.000000000,0.000000000,0.000000000,0.000000000,0.000000000,,0.000000000,,,0.000000,0.000000,0.000000,,0.000098382,0,1,0,0,,,,,,,warming_up,,,,,,,,,,,,,,JS:v0:k0:r0,,,,,,
7.000264,7.003156200,,hermite,ready,,0.0,0.0,0.0,0,0.877525762262701,0,gJS_sBM_cAll_d03_mJS5_ch02,gJS_sBM_cAll_d03_mJS5_ch02,gJS_sBM_cAll_d03_mJS5_ch02,0.000000,,,,,,,0.950262027,,0.000000,,,,,,,,,,0.000000,beat-sync,1.000000,1.000000,,0.000000000,0.162453696,left_wrist_yaw,0.000000000,right_wrist_roll,0.162453696,left_wrist_yaw,0.000000000,right_wrist_roll,0.018177,0.044121,0.811133,0.148127,0.000000000,0.000000000,0.000000000,0.000000000,0.000000000,0.000000000,,0.000000000,,,0.000000,0.000000,0.000000,,0.000097547,0,1,0,0,,,,,,,warming_up,,,,,,,,,,,,,,JS:v0:k0:r0,,,,,,
7.053041,7.080656100,,hermite,ready,,0.0,0.0,0.0,0,0.7284949197187819,0,gJS_sBM_cAll_d03_mJS5_ch02,gJS_sBM_cAll_d03_mJS5_ch02,gJS_sBM_cAll_d03_mJS5_ch02,0.000000,,,,,,,0.957426326,,0.000000,,,,,,,,,,0.000000,beat-sync,1.000000,1.000000,,0.000000000,0.162453696,left_wrist_yaw,0.000000000,right_wrist_roll,0.162453696,left_wrist_yaw,0.000000000,right_wrist_roll,0.018020,0.043776,0.811287,0.142781,0.000000000,0.000000000,0.000000000,0.000000000,0.000000000,0.000000000,,0.000000000,,,0.000000,0.000000,0.000000,,0.000096726,0,1,0,0,,,,,,,warming_up,,,,,,,,,,,,,,JS:v0:k0:r0,,,,,,
7.102813,7.112787600,,hermite,ready,,0.0,0.0,0.0,0,0.5518446211935916,0,gJS_sBM_cAll_d03_mJS5_ch02,gJS_sBM_cAll_d03_mJS5_ch02,gJS_sBM_cAll_d03_mJS5_ch02,0.000000,,,,,,,0.964182774,,0.000000,,,,,,,,,,0.000000,beat-sync,1.000000,1.000000,,0.000000000,0.162453696,left_wrist_yaw,0.000000000,right_wrist_roll,0.162453696,left_wrist_yaw,0.000000000,right_wrist_roll,0.018472,0.043658,0.811378,0.141866,0.000000000,0.000000000,0.000000000,0.000000000,0.000000000,0.000000000,,0.000000000,,,0.000000,0.000000,0.000000,,0.000096590,0,1,0,0,,,,,,,warming_up,,,,,,,,,,,,,,JS:v0:k0:r0,,,,,,
7.164047,7.176941200,,hermite,ready,,0.0,0.0,0.0,0,0.3265321132844183,0,gJS_sBM_cAll_d03_mJS5_ch02,gJS_sBM_cAll_d03_mJS5_ch02,gJS_sBM_cAll_d03_mJS5_ch02,0.000000,,,,,,,0.972495081,,0.000000,,,,,,,,,,0.000000,beat-sync,1.000000,1.000000,,0.000000000,0.162453696,left_wrist_yaw,0.000000000,right_wrist_roll,0.162453696,left_wrist_yaw,0.000000000,right_wrist_roll,0.019189,0.043641,0.811427,0.142663,0.000000000,0.000000000,0.000000000,0.000000000,0.000000000,0.000000000,,0.000000000,,,0.000000,0.000000,0.000000,,0.000096186,0,1,0,0,,,,,,,warming_up,,,,,,,,,,,,,,JS:v0:k0:r0,,,,,,
7.207515,7.210472300,,hermite,ready,,0.0,0.0,0.0,0,0.18812321892612746,0,gJS_sBM_cAll_d03_mJS5_ch02,gJS_sBM_cAll_d03_mJS5_ch02,gJS_sBM_cAll_d03_mJS5_ch02,0.000000,,,,,,,0.978395688,,0.000000,,,,,,,,,,0.000000,beat-sync,1.000000,1.000000,,0.000000000,0.162453696,left_wrist_yaw,0.000000000,right_wrist_roll,0.162453696,left_wrist_yaw,0.000000000,right_wrist_roll,0.019589,0.043697,0.811471,0.143555,0.000000000,0.000000000,0.000000000,0.000000000,0.000000000,0.000000000,,0.000000000,,,0.000000,0.000000,0.000000,,0.000095785,0,1,0,0,,,,,,,warming_up,,,,,,,,,,,,,,JS:v0:k0:r0,,,,,,
7.256703,7.260646500,,hermite,ready,,0.0,0.0,0.0,0,0.07436942432718012,0,gJS_sBM_cAll_d03_mJS5_ch02,gJS_sBM_cAll_d03_mJS5_ch02,gJS_sBM_cAll_d03_mJS5_ch02,0.000000,,,,,,,0.985072819,,0.000000,,,,,,,,,,0.000000,beat-sync,1.000000,1.000000,,0.000000000,0.162453696,left_wrist_yaw,0.000000000,right_wrist_roll,0.162453696,left_wrist_yaw,0.000000000,right_wrist_roll,0.019935,0.043834,0.811558,0.144932,0.000000000,0.000000000,0.000000000,0.000000000,0.000000000,0.000000000,,0.000000000,,,0.000000,0.000000,0.000000,,0.000095125,0,1,0,0,,,,,,,warming_up,,,,,,,,,,,,,,JS:v0:k0:r0,,,,,,
7.306392,7.309127600,,hermite,ready,,0.0,0.0,0.0,0,0.014503063591759437,0,gJS_sBM_cAll_d03_mJS5_ch02,gJS_sBM_cAll_d03_mJS5_ch02,gJS_sBM_cAll_d03_mJS5_ch02,0.000000,,,,,,,0.991817986,,0.000000,,,,,,,,,,0.000000,beat-sync,1.000000,1.000000,,0.000000000,0.162453696,left_wrist_yaw,0.000000000,right_wrist_roll,0.162453696,left_wrist_yaw,0.000000000,right_wrist_roll,0.020178,0.043988,0.811613,0.145903,0.000000000,0.000000000,0.000000000,0.000000000,0.000000000,0.000000000,,0.000000000,,,0.000000,0.000000,0.000000,,0.000094344,0,1,0,0,,,,,,,warming_up,,,,,,,,,,,,,,JS:v0:k0:r0,,,,,,
7.356223,7.359057700,,hermite,ready,,0.0,0.0,0.0,0,8.829614442921682e-05,0,gJS_sBM_cAll_d03_mJS5_ch02,gJS_sBM_cAll_d03_mJS5_ch02,gJS_sBM_cAll_d03_mJS5_ch02,0.000000,,,,,,,0.998582308,,0.000000,,,,,,,,,,0.000000,beat-sync,1.000000,1.000000,,0.000000000,0.162453696,left_wrist_yaw,0.000000000,right_wrist_roll,0.162453696,left_wrist_yaw,0.000000000,right_wrist_roll,0.020322,0.044070,0.811616,0.146309,0.000000000,0.000000000,0.000000000,0.000000000,0.000000000,0.000000000,,0.000000000,,,0.000000,0.000000,0.000000,,0.000093576,0,1,0,0,,,,,,,warming_up,,,,,,,,,,,,,,JS:v0:k0:r0,,,,,,
7.373589,7.377673500,switch_start,hermite,executing,,1.7763568394002505e-15,4.085620730620576e-14,2.8421709430404007e-13,0,0.0,0,gJS_sBM_cAll_d03_mJS5_ch02,,,0.000000,,7.366667,0,,gJS_sBM_cAll_d03_mJS5_ch02,replay_no_feasible_candidate,1.000000000,0.000000000,0.019777,replay_no_feasible_candidate,0.000000000,0.093573,0.056516,0.282744,0.000000,0.069130,0.000000,7.366667,0.350000,beat-sync,1.000000,1.000000,,0.000000000,0.162452307,left_wrist_yaw,0.022569444,right_wrist_roll,0.162452307,left_wrist_yaw,0.022610776,right_wrist_roll,0.020335,0.044077,0.811610,0.146381,0.000000000,0.000000000,0.000000000,0.000000000,0.000000000,0.000000000,,0.000000000,,,0.026549,0.021660,2.124422,,0.000093323,0,1,0,0,,,,,,,warming_up,,,,,,,,,,,,,,JS:v0:k0:r0,,,,,,
7.406458,7.409197800,,hermite,executing,,1.7763568394002505e-15,4.085620730620576e-14,2.8421709430404007e-13,0,0.0,0,gJS_sBM_cAll_d03_mJS5_ch02,,,0.000000,,7.366667,0,,gJS_sBM_cAll_d03_mJS5_ch02,replay_no_feasible_candidate,1.000000000,0.000000000,0.113689,replay_no_feasible_candidate,0.000000000,0.093573,0.056516,0.282744,0.000000,0.069130,0.000000,7.366667,0.350000,beat-sync,1.000000,1.000000,,0.000000000,0.179467885,right_wrist_yaw,1.655324234,right_wrist_roll,0.179467885,right_wrist_yaw,2.078153698,right_wrist_roll,0.020335,0.044077,0.811625,0.146381,0.000000000,0.000000000,0.000000000,0.000000000,0.000000000,0.000000000,,0.000000000,,,2.424675,2.011864,92.393808,,0.000092820,0,1,0,0,,,,,,,warming_up,,,,,,,,,,,,,,JS:v0:k0:r0,,,,,,
7.456164,7.458769100,,hermite,executing,,1.7763568394002505e-15,4.085620730620576e-14,2.8421709430404007e-13,0,0.0,0,gJS_sBM_cAll_d03_mJS5_ch02,,,0.000000,,7.366667,0,,gJS_sBM_cAll_d03_mJS5_ch02,replay_no_feasible_candidate,1.000000000,0.000000000,0.255706,replay_no_feasible_candidate,0.000000000,0.093573,0.056516,0.282744,0.000000,0.069130,0.000000,7.366667,0.350000,beat-sync,1.000000,1.000000,,0.000000000,0.339338571,right_wrist_yaw,5.478427507,right_wrist_roll,0.339338571,right_wrist_yaw,7.552909683,right_wrist_roll,0.020335,0.044077,0.811746,0.146388,0.000000000,0.000000000,0.000000000,0.000000000,0.000000000,0.000000000,,0.000000000,,,8.676607,7.007623,109.881561,,0.000092077,0,1,0,0,,,,,,,warming_up,,,,,,,,,,,,,,JS:v0:k0:r0,,,,,,
7.506516,7.509197000,,hermite,executing,,1.7763568394002505e-15,4.085620730620576e-14,2.8421709430404007e-13,0,0.0,0,gJS_sBM_cAll_d03_mJS5_ch02,,,0.000000,,7.366667,0,,gJS_sBM_cAll_d03_mJS5_ch02,replay_no_feasible_candidate,1.000000000,0.000000000,0.399568,replay_no_feasible_candidate,0.000000000,0.093573,0.056516,0.282744,0.000000,0.069130,0.000000,7.366667,0.350000,beat-sync,1.000000,1.000000,,0.000000000,0.616029243,right_wrist_yaw,8.079340263,right_wrist_roll,0.616029243,right_wrist_yaw,10.192693291,right_wrist_roll,0.020335,0.044077,0.812003,0.146397,0.000000000,0.000000000,0.000000000,0.000000000,0.000000000,0.000000000,,0.000000000,,,11.349296,9.473523,157.126372,,0.000091345,0,1,0,0,,,,,,,warming_up,,,,,,,,,,,,,,JS:v0:k0:r0,,,,,,
7.556178,7.558849400,,hermite,executing,,1.7763568394002505e-15,4.085620730620576e-14,2.8421709430404007e-13,0,0.0,0,gJS_sBM_cAll_d03_mJS5_ch02,,,0.000000,,7.366667,0,,gJS_sBM_cAll_d03_mJS5_ch02,replay_no_feasible_candidate,1.000000000,0.000000000,0.541462,replay_no_feasible_candidate,0.000000000,0.093573,0.056516,0.282744,0.000000,0.069130,0.000000,7.366667,0.350000,beat-sync,1.000000,1.000000,,0.000000000,0.891636604,right_wrist_roll,4.277016134,right_wrist_roll,0.891636604,right_wrist_roll,5.980167974,right_wrist_roll,0.020335,0.044077,0.812326,0.146399,0.000000000,0.000000000,0.000000000,0.000000000,0.000000000,0.000000000,,0.000000000,,,8.111087,6.539341,162.559224,,0.000090625,0,1,0,0,,,,,,,warming_up,,,,,,,,,,,,,,JS:v0:k0:r0,,,,,,
7.606307,7.609342000,,hermite,executing,,1.7763568394002505e-15,4.085620730620576e-14,2.8421709430404007e-13,0,0.0,0,gJS_sBM_cAll_d03_mJS5_ch02,,,0.000000,,7.366667,0,,gJS_sBM_cAll_d03_mJS5_ch02,replay_no_feasible_candidate,1.000000000,0.000000000,0.684688,replay_no_feasible_candidate,0.000000000,0.093573,0.056516,0.282744,0.000000,0.069130,0.000000,7.366667,0.350000,beat-sync,1.000000,1.000000,,0.000000000,0.935924558,right_wrist_roll,2.502605706,right_wrist_yaw,0.935924558,right_wrist_roll,3.197695082,right_wrist_yaw,0.020335,0.044077,0.812622,0.146392,0.000000000,0.000000000,0.000000000,0.000000000,0.000000000,0.000000000,,0.000000000,,,4.493297,3.593745,153.970591,,0.000089916,0,1,0,0,,,,,,,warming_up,,,,,,,,,,,,,,JS:v0:k0:r0,,,,,,
7.656651,7.659325700,,hermite,executing,,1.7763568394002505e-15,4.085620730620576e-14,2.8421709430404007e-13,0,0.0,0,gJS_sBM_cAll_d03_mJS5_ch02,,,0.000000,,7.366667,0,,gJS_sBM_cAll_d03_mJS5_ch02,replay_no_feasible_candidate,1.000000000,0.000000000,0.828528,replay_no_feasible_candidate,0.000000000,0.093573,0.056516,0.282744,0.000000,0.069130,0.000000,7.366667,0.350000,beat-sync,1.000000,1.000000,,0.000000000,0.639180527,left_wrist_pitch,9.094847472,right_wrist_roll,0.639180527,left_wrist_pitch,11.326368613,right_wrist_roll,0.020335,0.044077,0.812803,0.146383,0.000000000,0.000000000,0.000000000,0.000000000,0.000000000,0.000000000,,0.000000000,,,13.767202,11.481963,147.330677,,0.000089218,0,1,0,0,,,,,,,warming_up,,,,,,,,,,,,,,JS:v0:k0:r0,,,,,,
7.706454,7.709362100,,hermite,executing,,1.7763568394002505e-15,4.085620730620576e-14,2.8421709430404007e-13,0,0.0,0,gJS_sBM_cAll_d03_mJS5_ch02,,,0.000000,,7.366667,0,,gJS_sBM_cAll_d03_mJS5_ch02,replay_no_feasible_candidate,1.000000000,0.000000000,0.970820,replay_no_feasible_candidate,0.000000000,0.093573,0.056516,0.282744,0.000000,0.069130,0.000000,7.366667,0.350000,beat-sync,1.000000,1.000000,,0.000000000,0.222088860,left_wrist_pitch,8.811427375,right_wrist_roll,0.222088860,left_wrist_pitch,10.674307523,right_wrist_roll,0.020335,0.044077,0.812850,0.146380,0.000000000,0.000000000,0.000000000,0.000000000,0.000000000,0.000000000,,0.000000000,,,11.250564,9.328459,171.971387,,0.000088531,0,1,0,0,,,,,,,warming_up,,,,,,,,,,,,,,JS:v0:k0:r0,,,,,,
7.723081,7.727579300,switch_complete,hermite,awaiting_preparation,,1.7763568394002505e-15,4.085620730620576e-14,2.8421709430404007e-13,0,2.070566386693158e-05,1,gJS_sBM_cAll_d03_mJS5_ch02,,,0.000000,,7.366667,0,,,replay_no_feasible_candidate,0.000870683,0.000000000,1.000000,replay_no_feasible_candidate,0.000000000,0.093573,0.056516,0.282744,0.000000,0.069130,0.000000,7.366667,0.350000,beat-sync,1.000000,1.000000,,0.000000000,0.149538252,left_wrist_yaw,7.144608704,left_wrist_pitch,0.149538252,left_wrist_yaw,6.804622542,left_wrist_pitch,0.019490,0.043857,0.812793,0.147169,0.000000000,0.000000000,0.000000000,0.000000000,0.000000000,0.000000000,,0.000000000,,,9.264555,7.855233,319.370180,,0.000088304,0,1,0,0,,,,,,,warming_up,,,,,,,,,,,,,,JS:v0:k0:r0,,,,,,
7.732138,7.736250400,post_switch_continuity,hermite,preparing,,1.7763568394002505e-15,4.085620730620576e-14,2.8421709430404007e-13,0,0.0002826581315217096,1,gJS_sBM_cAll_d03_mJS5_ch02,,,0.000000,,7.366667,0,,,replay_no_feasible_candidate,0.002100127,0.000000000,0.000000,replay_no_feasible_candidate,0.000000000,0.093573,0.056516,0.282744,0.000000,0.069130,0.000000,7.366667,0.350000,beat-sync,1.000000,1.000000,,0.000000000,0.152528837,left_wrist_yaw,6.127803201,left_wrist_pitch,0.152528837,left_wrist_yaw,7.139265826,left_wrist_pitch,0.018298,0.043547,0.812711,0.148287,0.000000000,0.000000000,0.000000000,0.001232109,0.000081673,0.001118074,,0.000000000,,,11.933853,9.780608,220.612633,,0.000088191,0,1,0,0,,,,,,,warming_up,,,,,,,,,,,,,,JS:v0:k0:r0,,,,,,
7.763470,7.767541600,,hermite,ready,,1.7763568394002505e-15,4.085620730620576e-14,2.8421709430404007e-13,0,0.007093487165522344,1,gJS_sBM_cAll_d03_mJS5_ch02,gJS_sBM_cAll_d03_mJS5_ch02,gJS_sBM_cAll_d03_mJS5_ch02,0.000000,,7.366667,0,,,replay_no_feasible_candidate,0.006353394,0.000000000,0.000000,replay_no_feasible_candidate,0.000000000,0.093573,0.056516,0.282744,0.000000,0.069130,0.000000,7.366667,0.350000,beat-sync,1.000000,1.000000,,0.000000000,0.158795529,left_wrist_yaw,1.569361948,right_wrist_pitch,0.158795529,left_wrist_yaw,0.947929622,right_wrist_pitch,0.021438,0.043974,0.811757,0.149932,0.000000000,0.000000000,0.000000000,0.001232109,0.000081673,0.001118074,,0.000000000,,,13.557093,12.263330,324.072876,,0.000087966,0,1,0,0,,,,,,,warming_up,,,,,,,,,,,,,,JS:v0:k0:r0,,,,,,
7.804493,7.807897700,,hermite,ready,,1.7763568394002505e-15,4.085620730620576e-14,2.8421709430404007e-13,0,0.04091988107739666,1,gJS_sBM_cAll_d03_mJS5_ch02,gJS_sBM_cAll_d03_mJS5_ch02,gJS_sBM_cAll_d03_mJS5_ch02,0.000000,,7.366667,0,,,replay_no_feasible_candidate,0.011922167,0.000000000,0.000000,replay_no_feasible_candidate,0.000000000,0.093573,0.056516,0.282744,0.000000,0.069130,0.000000,7.366667,0.350000,beat-sync,1.000000,1.000000,,0.000000000,0.158236964,left_wrist_yaw,0.017421925,right_wrist_pitch,0.158236964,left_wrist_yaw,0.020686307,right_wrist_pitch,0.020804,0.043879,0.811752,0.150182,0.000000000,0.000000000,0.000000000,0.001232109,0.000081673,0.001118074,,0.000000000,,,0.233795,0.196451,273.322446,,0.000087409,0,1,0,0,,,,,,,warming_up,,,,,,,,,,,,,,JS:v0:k0:r0,,,,,,
7.854566,7.858237800,,hermite,ready,,1.7763568394002505e-15,4.085620730620576e-14,2.8421709430404007e-13,0,0.13257187916160298,1,gJS_sBM_cAll_d03_mJS5_ch02,gJS_sBM_cAll_d03_mJS5_ch02,gJS_sBM_cAll_d03_mJS5_ch02,0.000000,,7.366667,0,,,replay_no_feasible_candidate,0.018719339,0.000000000,0.000000,replay_no_feasible_candidate,0.000000000,0.093573,0.056516,0.282744,0.000000,0.069130,0.000000,7.366667,0.350000,beat-sync,1.000000,1.000000,,0.000000000,0.157744826,left_wrist_yaw,0.009442655,left_wrist_yaw,0.157744826,left_wrist_yaw,0.014644679,left_wrist_yaw,0.017750,0.043592,0.812110,0.150134,0.000000000,0.000000000,0.000000000,0.001232109,0.000081673,0.001118074,,0.000000000,,,0.220752,0.168393,294.030704,,0.000086749,0,1,0,0,,,,,,,warming_up,,,,,,,,,,,,,,JS:v0:k0:r0,,,,,,
7.904883,7.908473100,,hermite,ready,,1.7763568394002505e-15,4.085620730620576e-14,2.8421709430404007e-13,0,0.27757141627172754,1,gJS_sBM_cAll_d03_mJS5_ch02,gJS_sBM_cAll_d03_mJS5_ch02,gJS_sBM_cAll_d03_mJS5_ch02,0.000000,,7.366667,0,,,replay_no_feasible_candidate,0.025549701,0.000000000,0.000000,replay_no_feasible_candidate,0.000000000,0.093573,0.056516,0.282744,0.000000,0.069130,0.000000,7.366667,0.350000,beat-sync,1.000000,1.000000,,0.000000000,0.157202796,left_wrist_yaw,0.014357162,left_wrist_yaw,0.157202796,left_wrist_yaw,0.015817009,left_wrist_yaw,0.019581,0.044166,0.811852,0.150424,0.000000000,0.000000000,0.000000000,0.001232109,0.000081673,0.001118074,,0.000000000,,,0.274380,0.229831,276.597631,,0.000086099,0,1,0,0,,,,,,,warming_up,,,,,,,,,,,,,,JS:v0:k0:r0,,,,,,
7.954702,7.959583000,,hermite,ready,,1.7763568394002505e-15,4.085620730620576e-14,2.8421709430404007e-13,0,0.4551998443206494,1,gJS_sBM_cAll_d03_mJS5_ch02,gJS_sBM_cAll_d03_mJS5_ch02,gJS_sBM_cAll_d03_mJS5_ch02,0.000000,,7.366667,0,,,replay_no_feasible_candidate,0.032312448,0.000000000,0.000000,replay_no_feasible_candidate,0.000000000,0.093573,0.056516,0.282744,0.000000,0.069130,0.000000,7.366667,0.350000,beat-sync,1.000000,1.000000,,0.000000000,0.156548297,left_wrist_yaw,0.005800679,right_wrist_yaw,0.156548297,left_wrist_yaw,0.005624999,right_wrist_yaw,0.016374,0.043948,0.812340,0.149235,0.000000000,0.000000000,0.000000000,0.001232109,0.000081673,0.001118074,,0.000000000,,,0.150443,0.129260,245.429550,,0.000085459,0,1,0,0,,,,,,,warming_up,,,,,,,,,,,,,,JS:v0:k0:r0,,,,,,
8.005676,8.009747800,,hermite,ready,,1.7763568394002505e-15,4.085620730620576e-14,2.8421709430404007e-13,0,0.6439293077139384,1,gJS_sBM_cAll_d03_mJS5_ch02,gJS_sBM_cAll_d03_mJS5_ch02,gJS_sBM_cAll_d03_mJS5_ch02,0.000000,,7.366667,0,,,replay_no_feasible_candidate,0.039232090,0.000000000,0.000000,replay_no_feasible_candidate,0.000000000,0.093573,0.056516,0.282744,0.000000,0.069130,0.000000,7.366667,0.350000,beat-sync,1.000000,1.000000,,0.000000000,0.156813644,left_wrist_yaw,0.028148577,right_wrist_yaw,0.156813644,left_wrist_yaw,0.042285703,right_wrist_yaw,0.017651,0.044369,0.812063,0.149808,0.000000000,0.000000000,0.000000000,0.001232109,0.000081673,0.001118074,,0.000000000,,,0.709608,0.554377,314.058727,,0.000084828,0,1,0,0,,,,,,,warming_up,,,,,,,,,,,,,,JS:v0:k0:r0,,,,,,
8.054310,8.058307300,,hermite,ready,,1.7763568394002505e-15,4.085620730620576e-14,2.8421709430404007e-13,0,0.8027277531065875,1,gJS_sBM_cAll_d03_mJS5_ch02,gJS_sBM_cAll_d03_mJS5_ch02,gJS_sBM_cAll_d03_mJS5_ch02,0.000000,,7.366667,0,,,replay_no_feasible_candidate,0.045833991,0.000000000,0.000000,replay_no_feasible_candidate,0.000000000,0.093573,0.056516,0.282744,0.000000,0.069130,0.000000,7.366667,0.350000,beat-sync,1.000000,1.000000,,0.000000000,0.157300908,left_wrist_yaw,0.023591724,right_wrist_yaw,0.157300908,left_wrist_yaw,0.032511071,right_wrist_yaw,0.014398,0.044070,0.812317,0.149964,0.000000000,0.000000000,0.000000000,0.001232109,0.000081673,0.001118074,,0.000000000,,,0.061421,0.047991,310.385568,,0.000084207,0,1,0,0,,,,,,,warming_up,,,,,,,,,,,,,,JS:v0:k0:r0,,,,,,
8.108238,8.118053000,,hermite,ready,,1.7763568394002505e-15,4.085620730620576e-14,2.8421709430404007e-13,0,0.9283134426081076,1,gJS_sBM_cAll_d03_mJS5_ch02,gJS_sBM_cAll_d03_mJS5_ch02,gJS_sBM_cAll_d03_mJS5_ch02,0.000000,,7.366667,0,,,replay_no_feasible_candidate,0.053154439,0.000000000,0.000000,replay_no_feasible_candidate,0.000000000,0.093573,0.056516,0.282744,0.000000,0.069130,0.000000,7.366667,0.350000,beat-sync,1.000000,1.000000,,0.000000000,0.157668791,left_wrist_yaw,0.035516920,right_wrist_yaw,0.157668791,left_wrist_yaw,0.023995454,right_wrist_yaw,0.014678,0.044364,0.812120,0.151755,0.000000000,0.000000000,0.000000000,0.001232109,0.000081673,0.001118074,,0.000000000,,,0.306211,0.199789,6.257149,,0.000083696,0,1,0,0,,,,,,,warming_up,,,,,,,,,,,,,,JS:v0:k0:r0,,,,,,
8.157203,8.161996100,,hermite,ready,,1.7763568394002505e-15,4.085620730620576e-14,2.8421709430404007e-13,0,0.9860371857936374,1,gJS_sBM_cAll_d03_mJS5_ch02,gJS_sBM_cAll_d03_mJS5_ch02,gJS_sBM_cAll_d03_mJS5_ch02,0.000000,,7.366667,0,,,replay_no_feasible_candidate,0.059801312,0.000000000,0.000000,replay_no_feasible_candidate,0.000000000,0.093573,0.056516,0.282744,0.000000,0.069130,0.000000,7.366667,0.350000,beat-sync,1.000000,1.000000,,0.000000000,0.158293610,left_wrist_yaw,0.013890002,left_wrist_yaw,0.158293610,left_wrist_yaw,0.015643796,left_wrist_yaw,0.013212,0.044456,0.812283,0.153200,0.000000000,0.000000000,0.000000000,0.001232109,0.000081673,0.001118074,,0.000000000,,,1.127404,0.920634,298.185166,,0.000083392,0,1,0,0,,,,,,,warming_up,,,,,,,,,,,,,,JS:v0:k0:r0,,,,,,
8.200504,8.212597400,,hermite,ready,,1.7763568394002505e-15,4.085620730620576e-14,2.8421709430404007e-13,0,0.9996784018701678,1,gJS_sBM_cAll_d03_mJS5_ch02,gJS_sBM_cAll_d03_mJS5_ch02,gJS_sBM_cAll_d03_mJS5_ch02,0.000000,,7.366667,0,,,replay_no_feasible_candidate,0.065679303,0.000000000,0.000000,replay_no_feasible_candidate,0.000000000,0.093573,0.056516,0.282744,0.000000,0.069130,0.000000,7.366667,0.350000,beat-sync,1.000000,1.000000,,0.000000000,0.158744651,left_wrist_yaw,0.022485563,left_wrist_yaw,0.158744651,left_wrist_yaw,0.010625082,left_wrist_yaw,0.015371,0.045151,0.811974,0.155178,0.000000000,0.000000000,0.000000000,0.001232109,0.000081673,0.001118074,,0.000000000,,,1.262824,0.988283,105.203819,,0.000082991,0,1,0,0,,,,,,,warming_up,,,,,,,,,,,,,,JS:v0:k0:r0,,,,,,
8.251851,8.263596600,,hermite,ready,,1.7763568394002505e-15,4.085620730620576e-14,2.8421709430404007e-13,0,1.0,1,gJS_sBM_cAll_d03_mJS5_ch02,gJS_sBM_cAll_d03_mJS5_ch02,gJS_sBM_cAll_d03_mJS5_ch02,0.000000,,7.366667,0,,,replay_no_feasible_candidate,0.072649511,0.000000000,0.000000,replay_no_feasible_candidate,0.000000000,0.093573,0.056516,0.282744,0.000000,0.069130,0.000000,7.366667,0.350000,beat-sync,1.000000,1.000000,,0.000000000,0.159270767,left_wrist_yaw,0.056898133,right_wrist_yaw,0.159270767,left_wrist_yaw,0.030573234,right_wrist_yaw,0.009437,0.044705,0.812738,0.154679,0.000000000,0.000000000,0.000000000,0.001232109,0.000081673,0.001118074,,0.000000000,,,0.671471,0.499669,1.257311,,0.000082792,0,1,0,0,,,,,,,warming_up,,,,,,,,,,,,,,JS:v0:k0:r0,,,,,,
8.305454,8.315660800,,hermite,ready,,1.7763568394002505e-15,4.085620730620576e-14,2.8421709430404007e-13,0,1.0,1,gJS_sBM_cAll_d03_mJS5_ch02,gJS_sBM_cAll_d03_mJS5_ch02,gJS_sBM_cAll_d03_mJS5_ch02,0.000000,,7.366667,0,,,replay_no_feasible_candidate,0.079925869,0.000000000,0.000000,replay_no_feasible_candidate,0.000000000,0.093573,0.056516,0.282744,0.000000,0.069130,0.000000,7.366667,0.350000,beat-sync,1.000000,1.000000,,0.000000000,0.159629913,left_wrist_yaw,0.022723095,left_wrist_roll,0.159629913,left_wrist_yaw,0.009770298,left_wrist_roll,0.011599,0.045758,0.812418,0.155456,0.000000000,0.000000000,0.000000000,0.001232109,0.000081673,0.001118074,,0.000000000,,,0.665265,0.564048,19.813155,,0.000082593,0,1,0,0,,,,,,,warming_up,,,,,,,,,,,,,,JS:v0:k0:r0,,,,,,
8.359575,8.363942200,,hermite,ready,,1.7763568394002505e-15,4.085620730620576e-14,2.8421709430404007e-13,0,1.0,1,gJS_sBM_cAll_d03_mJS5_ch02,gJS_sBM_cAll_d03_mJS5_ch02,gJS_sBM_cAll_d03_mJS5_ch02,0.000000,,7.366667,0,,,replay_no_feasible_candidate,0.087272570,0.000000000,0.000000,replay_no_feasible_candidate,0.000000000,0.093573,0.056516,0.282744,0.000000,0.069130,0.000000,7.366667,0.350000,beat-sync,1.000000,1.000000,,0.000000000,0.159678230,left_wrist_yaw,0.017563501,left_wrist_yaw,0.159678230,left_wrist_yaw,0.012564168,left_wrist_yaw,0.010046,0.046291,0.812477,0.154234,0.000000000,0.000000000,0.000000000,0.001232109,0.000081673,0.001118074,,0.000000000,,,0.697046,0.614642,88.940367,,0.000082298,0,1,0,0,,,,,,,warming_up,,,,,,,,,,,,,,JS:v0:k0:r0,,,,,,
8.404908,8.415394900,,hermite,ready,,1.7763568394002505e-15,4.085620730620576e-14,2.8421709430404007e-13,0,1.0,1,gJS_sBM_cAll_d03_mJS5_ch02,gJS_sBM_cAll_d03_mJS5_ch02,gJS_sBM_cAll_d03_mJS5_ch02,0.000000,,7.366667,0,,,replay_no_feasible_candidate,0.093426412,0.000000000,0.000000,replay_no_feasible_candidate,0.000000000,0.093573,0.056516,0.282744,0.000000,0.069130,0.000000,7.366667,0.350000,beat-sync,1.000000,1.000000,,0.000000000,0.160030664,left_wrist_yaw,0.008102830,left_wrist_roll,0.160030664,left_wrist_yaw,0.005060031,left_wrist_roll,0.010090,0.047018,0.812369,0.153125,0.000000000,0.000000000,0.000000000,0.001232109,0.000081673,0.001118074,,0.000000000,,,0.340680,0.262512,90.648396,,0.000081810,0,1,0,0,,,,,,,warming_up,,,,,,,,,,,,,,JS:v0:k0:r0,,,,,,
8.451936,8.458802300,,hermite,ready,,1.7763568394002505e-15,4.085620730620576e-14,2.8421709430404007e-13,0,1.0,1,gJS_sBM_cAll_d03_mJS5_ch02,gJS_sBM_cAll_d03_mJS5_ch02,gJS_sBM_cAll_d03_mJS5_ch02,0.000000,,7.366667,0,,,replay_no_feasible_candidate,0.099810385,0.000000000,0.000000,replay_no_feasible_candidate,0.000000000,0.093573,0.056516,0.282744,0.000000,0.069130,0.000000,7.366667,0.350000,beat-sync,1.000000,1.000000,,0.000000000,0.160038664,left_wrist_yaw,0.071978502,right_wrist_yaw,0.160038664,left_wrist_yaw,0.038650243,right_wrist_yaw,0.006101,0.047179,0.812815,0.150729,0.000000000,0.000000000,0.000000000,0.001232109,0.000081673,0.001118074,,0.000000000,,,0.760771,0.614109,16.896954,,0.000081616,0,1,0,0,,,,,,,warming_up,,,,,,,,,,,,,,JS:v0:k0:r0,,,,,,
8.507290,8.516387500,,hermite,ready,,1.7763568394002505e-15,4.085620730620576e-14,2.8421709430404007e-13,0,1.0,1,gJS_sBM_cAll_d03_mJS5_ch02,gJS_sBM_cAll_d03_mJS5_ch02,gJS_sBM_cAll_d03_mJS5_ch02,0.000000,,7.366667,0,,,replay_no_feasible_candidate,0.107324462,0.000000000,0.000000,replay_no_feasible_candidate,0.000000000,0.093573,0.056516,0.282744,0.000000,0.069130,0.000000,7.366667,0.350000,beat-sync,1.000000,1.000000,,0.000000000,0.160874868,left_wrist_yaw,0.058307266,left_wrist_yaw,0.160874868,left_wrist_yaw,0.030024772,left_wrist_yaw,0.007901,0.048471,0.812537,0.150030,0.000000000,0.000000000,0.000000000,0.001232109,0.000081673,0.001118074,,0.000000000,,,0.741653,0.609424,83.831922,,0.000081327,0,1,0,0,,,,,,,warming_up,,,,,,,,,,,,,,JS:v0:k0:r0,,,,,,
8.557292,8.565927800,,hermite,ready,,1.7763568394002505e-15,4.085620730620576e-14,2.8421709430404007e-13,0,1.0,1,gJS_sBM_cAll_d03_mJS5_ch02,gJS_sBM_cAll_d03_mJS5_ch02,gJS_sBM_cAll_d03_mJS5_ch02,0.000000,,7.366667,0,,,replay_no_feasible_candidate,0.114112050,0.000000000,0.000000,replay_no_feasible_candidate,0.000000000,0.093573,0.056516,0.282744,0.000000,0.069130,0.000000,7.366667,0.350000,beat-sync,1.000000,1.000000,,0.000000000,0.161766519,left_wrist_yaw,0.032207465,right_wrist_yaw,0.161766519,left_wrist_yaw,0.039394619,right_wrist_yaw,0.006540,0.049101,0.812697,0.148194,0.000000000,0.000000000,0.000000000,0.001232109,0.000081673,0.001118074,,0.000000000,,,1.178835,0.697612,187.418003,,0.000081041,0,1,0,0,,,,,,,warming_up,,,,,,,,,,,,,,JS:v0:k0:r0,,,,,,
8.610265,8.619566800,,hermite,ready,,1.7763568394002505e-15,4.085620730620576e-14,2.8421709430404007e-13,0,1.0,1,gJS_sBM_cAll_d03_mJS5_ch02,gJS_sBM_cAll_d03_mJS5_ch02,gJS_sBM_cAll_d03_mJS5_ch02,0.000000,,7.366667,0,,,replay_no_feasible_candidate,0.121302995,0.000000000,0.000000,replay_no_feasible_candidate,0.000000000,0.093573,0.056516,0.282744,0.000000,0.069130,0.000000,7.366667,0.350000,beat-sync,1.000000,1.000000,,0.000000000,0.162504467,left_wrist_yaw,0.036031986,left_wrist_yaw,0.162504467,left_wrist_yaw,0.017417459,left_wrist_yaw,0.005550,0.049812,0.812858,0.147101,0.000000000,0.000000000,0.000000000,0.001232109,0.000081673,0.001118074,,0.000000000,,,0.219669,0.170896,19.524679,,0.000080756,0,1,0,0,,,,,,,warming_up,,,,,,,,,,,,,,JS:v0:k0:r0,,,,,,
8.667572,8.676622400,,hermite,ready,,1.7763568394002505e-15,4.085620730620576e-14,2.8421709430404007e-13,0,1.0,1,gJS_sBM_cAll_d03_mJS5_ch02,gJS_sBM_cAll_d03_mJS5_ch02,gJS_sBM_cAll_d03_mJS5_ch02,0.000000,,7.366667,0,,,replay_no_feasible_candidate,0.129082199,0.000000000,0.000000,replay_no_feasible_candidate,0.000000000,0.093573,0.056516,0.282744,0.000000,0.069130,0.000000,7.366667,0.350000,beat-sync,1.000000,1.000000,,0.000000000,0.163189768,left_wrist_yaw,0.095450393,right_wrist_yaw,0.163189768,left_wrist_yaw,0.045425313,right_wrist_yaw,0.007899,0.051053,0.812746,0.147120,0.000000000,0.000000000,0.000000000,0.001232109,0.000081673,0.001118074,,0.000000000,,,1.120975,0.975874,104.141117,,0.000080473,0,1,0,0,,,,,,,warming_up,,,,,,,,,,,,,,JS:v0:k0:r0,,,,,,
8.702952,8.714083500,,hermite,ready,,1.7763568394002505e-15,4.085620730620576e-14,2.8421709430404007e-13,0,1.0,1,gJS_sBM_cAll_d03_mJS5_ch02,gJS_sBM_cAll_d03_mJS5_ch02,gJS_sBM_cAll_d03_mJS5_ch02,0.000000,,7.366667,0,,,replay_no_feasible_candidate,0.133884955,0.000000000,0.000000,replay_no_feasible_candidate,0.000000000,0.093573,0.056516,0.282744,0.000000,0.069130,0.000000,7.366667,0.350000,beat-sync,1.000000,1.000000,,0.000000000,0.163574910,left_wrist_yaw,0.012821374,left_wrist_yaw,0.163574910,left_wrist_yaw,0.018654046,left_wrist_yaw,0.006812,0.051393,0.813018,0.147676,0.000000000,0.000000000,0.000000000,0.001232109,0.000081673,0.001118074,,0.000000000,,,0.383771,0.172322,127.173238,,0.000080192,0,1,0,0,,,,,,,warming_up,,,,,,,,,,,,,,JS:v0:k0:r0,,,,,,
8.768281,8.780172200,,hermite,ready,,1.7763568394002505e-15,4.085620730620576e-14,2.8421709430404007e-13,0,1.0,1,gJS_sBM_cAll_d03_mJS5_ch02,gJS_sBM_cAll_d03_mJS5_ch02,gJS_sBM_cAll_d03_mJS5_ch02,0.000000,,7.366667,0,,,replay_no_feasible_candidate,0.142753036,0.000000000,0.000000,replay_no_feasible_candidate,0.000000000,0.093573,0.056516,0.282744,0.000000,0.069130,0.000000,7.366667,0.350000,beat-sync,1.000000,1.000000,,0.000000000,0.164478999,left_wrist_yaw,0.068820470,right_wrist_yaw,0.164478999,left_wrist_yaw,0.026449351,right_wrist_yaw,0.006546,0.052091,0.813278,0.149885,0.000000000,0.000000000,0.000000000,0.001232109,0.000081673,0.001118074,,0.000000000,,,0.780578,0.618696,44.959754,,0.000079914,0,1,0,0,,,,,,,warming_up,,,,,,,,,,,,,,JS:v0:k0:r0,,,,,,
8.811162,8.822247600,,hermite,ready,,1.7763568394002505e-15,4.085620730620576e-14,2.8421709430404007e-13,0,1.0,1,gJS_sBM_cAll_d03_mJS5_ch02,gJS_sBM_cAll_d03_mJS5_ch02,gJS_sBM_cAll_d03_mJS5_ch02,0.000000,,7.366667,0,,,replay_no_feasible_candidate,0.148573986,0.000000000,0.000000,replay_no_feasible_candidate,0.000000000,0.093573,0.056516,0.282744,0.000000,0.069130,0.000000,7.366667,0.350000,beat-sync,1.000000,1.000000,,0.000000000,0.164458675,left_wrist_yaw,0.055376518,right_wrist_yaw,0.164458675,left_wrist_yaw,0.025349003,right_wrist_yaw,0.003364,0.051801,0.813824,0.150412,0.000000000,0.000000000,0.000000000,0.001232109,0.000081673,0.001118074,,0.000000000,,,0.355203,0.272672,32.979901,,0.000079729,0,1,0,0,,,,,,,warming_up,,,,,,,,,,,,,,JS:v0:k0:r0,,,,,,
8.853780,8.860016300,,hermite,ready,,1.7763568394002505e-15,4.085620730620576e-14,2.8421709430404007e-13,0,1.0,1,gJS_sBM_cAll_d03_mJS5_ch02,gJS_sBM_cAll_d03_mJS5_ch02,gJS_sBM_cAll_d03_mJS5_ch02,0.000000,,7.366667,0,,,replay_no_feasible_candidate,0.154359222,0.000000000,0.000000,replay_no_feasible_candidate,0.000000000,0.093573,0.056516,0.282744,0.000000,0.069130,0.000000,7.366667,0.350000,beat-sync,1.000000,1.000000,,0.000000000,0.164525072,left_wrist_yaw,0.121575389,right_wrist_yaw,0.164525072,left_wrist_yaw,0.075629161,right_wrist_yaw,0.002663,0.051540,0.814188,0.150775,0.000000000,0.000000000,0.000000000,0.001232109,0.000081673,0.001118074,,0.000000000,,,1.157649,1.026073,82.148259,,0.000079545,0,1,0,0,,,,,,,warming_up,,,,,,,,,,,,,,JS:v0:k0:r0,,,,,,
8.904266,8.911625000,,hermite,ready,,1.7763568394002505e-15,4.085620730620576e-14,2.8421709430404007e-13,0,1.0,1,gJS_sBM_cAll_d03_mJS5_ch02,gJS_sBM_cAll_d03_mJS5_ch02,gJS_sBM_cAll_d03_mJS5_ch02,0.000000,,7.366667,0,,,replay_no_feasible_candidate,0.161212525,0.000000000,0.000000,replay_no_feasible_candidate,0.000000000,0.093573,0.056516,0.282744,0.000000,0.069130,0.000000,7.366667,0.350000,beat-sync,1.000000,1.000000,,0.000000000,0.164630249,left_wrist_yaw,0.000054972,right_wrist_yaw,0.164630249,left_wrist_yaw,0.000042411,right_wrist_yaw,0.004872,0.050926,0.814331,0.150920,0.000000000,0.000000000,0.000000000,0.001232109,0.000081673,0.001118074,,0.000000000,,,0.000583,0.000480,0.007894,,0.000078998,0,1,0,0,,,,,,,warming_up,,,,,,,,,,,,,,JS:v0:k0:r0,,,,,,
8.953631,8.956401100,,hermite,ready,,1.7763568394002505e-15,4.085620730620576e-14,2.8421709430404007e-13,0,1.0,1,gJS_sBM_cAll_d03_mJS5_ch02,gJS_sBM_cAll_d03_mJS5_ch02,gJS_sBM_cAll_d03_mJS5_ch02,0.000000,,7.366667,0,,,replay_no_feasible_candidate,0.167913656,0.000000000,0.000000,replay_no_feasible_candidate,0.000000000,0.093573,0.056516,0.282744,0.000000,0.069130,0.000000,7.366667,0.350000,beat-sync,1.000000,1.000000,,0.000000000,0.164630249,left_wrist_yaw,0.000000000,right_wrist_roll,0.164630249,left_wrist_yaw,0.000000000,right_wrist_roll,0.002730,0.048749,0.814854,0.150540,0.000000000,0.000000000,0.000000000,0.001232109,0.000081673,0.001118074,,0.000000000,,,0.000000,0.000000,0.000000,,0.000078548,0,1,0,0,,,,,,,warming_up,,,,,,,,,,,,,,JS:v0:k0:r0,,,,,,
9.004069,9.007160500,,hermite,ready,,1.7763568394002505e-15,4.085620730620576e-14,2.8421709430404007e-13,0,1.0,1,gJS_sBM_cAll_d03_mJS5_ch02,gJS_sBM_cAll_d03_mJS5_ch02,gJS_sBM_cAll_d03_mJS5_ch02,0.000000,,7.366667,0,,,replay_no_feasible_candidate,0.174760457,0.000000000,0.000000,replay_no_feasible_candidate,0.000000000,0.093573,0.056516,0.282744,0.000000,0.069130,0.000000,7.366667,0.350000,beat-sync,1.000000,1.000000,,0.000000000,0.164630249,left_wrist_yaw,0.000000000,right_wrist_roll,0.164630249,left_wrist_yaw,0.000000000,right_wrist_roll,0.005109,0.046099,0.814716,0.152559,0.000000000,0.000000000,0.000000000,0.001232109,0.000081673,0.001118074,,0.000000000,,,0.000000,0.000000,0.000000,,0.000078015,0,1,0,0,,,,,,,warming_up,,,,,,,,,,,,,,JS:v0:k0:r0,,,,,,
9.054997,9.063303900,,hermite,ready,,1.7763568394002505e-15,4.085620730620576e-14,2.8421709430404007e-13,0,1.0,1,gJS_sBM_cAll_d03_mJS5_ch02,gJS_sBM_cAll_d03_mJS5_ch02,gJS_sBM_cAll_d03_mJS5_ch02,0.000000,,7.366667,0,,,replay_no_feasible_candidate,0.181673774,0.000000000,0.000000,replay_no_feasible_candidate,0.000000000,0.093573,0.056516,0.282744,0.000000,0.069130,0.000000,7.366667,0.350000,beat-sync,1.000000,1.000000,,0.000000000,0.164630249,left_wrist_yaw,0.000000000,right_wrist_roll,0.164630249,left_wrist_yaw,0.000000000,right_wrist_roll,0.004699,0.041593,0.814864,0.159461,0.000000000,0.000000000,0.000000000,0.001232109,0.000081673,0.001118074,,0.000000000,,,0.000000,0.000000,0.000000,,0.000077489,0,1,0,0,,,,,,,warming_up,,,,,,,,,,,,,,JS:v0:k0:r0,,,,,,
9.106939,9.113238100,,hermite,ready,,1.7763568394002505e-15,4.085620730620576e-14,2.8421709430404007e-13,0,1.0,1,gJS_sBM_cAll_d03_mJS5_ch02,gJS_sBM_cAll_d03_mJS5_ch02,gJS_sBM_cAll_d03_mJS5_ch02,0.000000,,7.366667,0,,,replay_no_feasible_candidate,0.188724778,0.000000000,0.000000,replay_no_feasible_candidate,0.000000000,0.093573,0.056516,0.282744,0.000000,0.069130,0.000000,7.366667,0.350000,beat-sync,1.000000,1.000000,,0.000000000,0.164630252,left_wrist_yaw,0.000000440,right_wrist_yaw,0.164630252,left_wrist_yaw,0.000000513,right_wrist_yaw,0.005423,0.035426,0.814794,0.167363,0.000000000,0.000000000,0.000000000,0.001232109,0.000081673,0.001118074,,0.000000000,,,0.000004,0.000003,0.000247,,0.000077143,0,1,0,0,,,,,,,warming_up,,,,,,,,,,,,,,JS:v0:k0:r0,,,,,,
9.157172,9.160837700,,hermite,ready,,1.7763568394002505e-15,4.085620730620576e-14,2.8421709430404007e-13,0,1.0,1,gJS_sBM_cAll_d03_mJS5_ch02,gJS_sBM_cAll_d03_mJS5_ch02,gJS_sBM_cAll_d03_mJS5_ch02,0.000000,,7.366667,0,,,replay_no_feasible_candidate,0.195543656,0.000000000,0.000000,replay_no_feasible_candidate,0.000000000,0.093573,0.056516,0.282744,0.000000,0.069130,0.000000,7.366667,0.350000,beat-sync,1.000000,1.000000,,0.000000000,0.171708256,left_wrist_yaw,1.161711121,right_wrist_yaw,0.171708256,left_wrist_yaw,0.815174093,right_wrist_yaw,0.007141,0.027925,0.814607,0.173931,0.000000000,0.000000000,0.000000000,0.001232109,0.000081673,0.001118074,,0.000000000,,,5.881131,5.272618,466.427268,,0.000076714,0,1,0,0,,,,,,,warming_up,,,,,,,,,,,,,,JS:v0:k0:r0,,,,,,
9.209068,9.217181600,,hermite,ready,,1.7763568394002505e-15,4.085620730620576e-14,2.8421709430404007e-13,0,1.0,1,gJS_sBM_cAll_d03_mJS5_ch02,gJS_sBM_cAll_d03_mJS5_ch02,gJS_sBM_cAll_d03_mJS5_ch02,0.000000,,7.366667,0,,,replay_no_feasible_candidate,0.202588362,0.000000000,0.000000,replay_no_feasible_candidate,0.000000000,0.093573,0.056516,0.282744,0.000000,0.069130,0.000000,7.366667,0.350000,beat-sync,1.000000,1.000000,,0.000000000,0.183558583,left_wrist_yaw,0.054167945,right_wrist_yaw,0.183558583,left_wrist_yaw,0.047913677,right_wrist_yaw,0.009606,0.018634,0.814129,0.181684,0.000000000,0.000000000,0.000000000,0.001232109,0.000081673,0.001118074,,0.000000000,,,0.559436,0.375120,17.995207,,0.000076205,0,1,0,0,,,,,,,warming_up,,,,,,,,,,,,,,JS:v0:k0:r0,,,,,,
9.251149,9.254687600,,hermite,ready,,1.7763568394002505e-15,4.085620730620576e-14,2.8421709430404007e-13,0,1.0,1,gJS_sBM_cAll_d03_mJS5_ch02,gJS_sBM_cAll_d03_mJS5_ch02,gJS_sBM_cAll_d03_mJS5_ch02,0.000000,,7.366667,0,,,replay_no_feasible_candidate,0.208300715,0.000000000,0.000000,replay_no_feasible_candidate,0.000000000,0.093573,0.056516,0.282744,0.000000,0.069130,0.000000,7.366667,0.350000,beat-sync,1.000000,1.000000,,0.000000000,0.184132757,left_wrist_yaw,0.059793496,left_wrist_pitch,0.184132757,left_wrist_yaw,0.091555037,left_wrist_pitch,0.012283,0.010073,0.813485,0.186812,0.000000000,0.000000000,0.000000000,0.001232109,0.000081673,0.001118074,,0.000000000,,,0.503519,0.399882,81.219286,,0.000075870,0,1,0,0,,,,,,,warming_up,,,,,,,,,,,,,,JS:v0:k0:r0,,,,,,
9.301032,9.304750500,,hermite,ready,,1.7763568394002505e-15,4.085620730620576e-14,2.8421709430404007e-13,0,1.0,1,gJS_sBM_cAll_d03_mJS5_ch02,gJS_sBM_cAll_d03_mJS5_ch02,gJS_sBM_cAll_d03_mJS5_ch02,0.000000,,7.366667,0,,,replay_no_feasible_candidate,0.215072271,0.000000000,0.000000,replay_no_feasible_candidate,0.000000000,0.093573,0.056516,0.282744,0.000000,0.069130,0.000000,7.366667,0.350000,beat-sync,1.000000,1.000000,,0.000000000,0.185029565,left_wrist_yaw,0.057460954,left_wrist_yaw,0.185029565,left_wrist_yaw,0.071375102,left_wrist_yaw,0.017245,-0.000689,0.812276,0.187746,0.000000000,0.000000000,0.000000000,0.001232109,0.000081673,0.001118074,,0.000000000,,,0.577496,0.452870,21.010768,,0.000075372,0,1,0,0,,,,,,,warming_up,,,,,,,,,,,,,,JS:v0:k0:r0,,,,,,
9.351877,9.355356600,,hermite,ready,,1.7763568394002505e-15,4.085620730620576e-14,2.8421709430404007e-13,0,1.0,1,gJS_sBM_cAll_d03_mJS5_ch02,gJS_sBM_cAll_d03_mJS5_ch02,gJS_sBM_cAll_d03_mJS5_ch02,0.000000,,7.366667,0,,,replay_no_feasible_candidate,0.221974199,0.000000000,0.000000,replay_no_feasible_candidate,0.000000000,0.093573,0.056516,0.282744,0.000000,0.069130,0.000000,7.366667,0.350000,beat-sync,1.000000,1.000000,,0.000000000,0.184643614,left_wrist_yaw,0.015198087,right_wrist_roll,0.184643614,left_wrist_yaw,0.017528299,right_wrist_roll,0.021006,-0.012160,0.810831,0.187458,0.000000000,0.000000000,0.000000000,0.001232109,0.000081673,0.001118074,,0.000000000,,,0.433194,0.363481,2.228455,,0.000074881,0,1,0,0,,,,,,,warming_up,,,,,,,,,,,,,,JS:v0:k0:r0,,,,,,
9.411819,9.415525900,,hermite,ready,,1.7763568394002505e-15,4.085620730620576e-14,2.8421709430404007e-13,0,1.0,1,gJS_sBM_cAll_d03_mJS5_ch02,gJS_sBM_cAll_d03_mJS5_ch02,gJS_sBM_cAll_d03_mJS5_ch02,0.000000,,7.366667,0,,,replay_no_feasible_candidate,0.230111231,0.000000000,0.000000,replay_no_feasible_candidate,0.000000000,0.093573,0.056516,0.282744,0.000000,0.069130,0.000000,7.366667,0.350000,beat-sync,1.000000,1.000000,,0.000000000,0.185981439,left_wrist_yaw,0.123083709,right_wrist_yaw,0.185981439,left_wrist_yaw,0.092881309,right_wrist_yaw,0.027462,-0.024870,0.808841,0.189234,0.000000000,0.000000000,0.000000000,0.001232109,0.000081673,0.001118074,,0.000000000,,,0.866483,0.759032,121.999512,,0.000074396,0,1,0,0,,,,,,,warming_up,,,,,,,,,,,,,,JS:v0:k0:r0,,,,,,
9.452959,9.456101200,,hermite,ready,,1.7763568394002505e-15,4.085620730620576e-14,2.8421709430404007e-13,0,1.0,1,gJS_sBM_cAll_d03_mJS5_ch02,gJS_sBM_cAll_d03_mJS5_ch02,gJS_sBM_cAll_d03_mJS5_ch02,0.000000,,7.366667,0,,,replay_no_feasible_candidate,0.235695846,0.000000000,0.000000,replay_no_feasible_candidate,0.000000000,0.093573,0.056516,0.282744,0.000000,0.069130,0.000000,7.366667,0.350000,beat-sync,1.000000,1.000000,,0.000000000,0.183744296,left_wrist_yaw,0.038087447,left_wrist_yaw,0.183744296,left_wrist_yaw,0.049092896,left_wrist_yaw,0.029610,-0.033398,0.807594,0.185340,0.000000000,0.000000000,0.000000000,0.001232109,0.000081673,0.001118074,,0.000000000,,,0.344020,0.285437,6.202366,,0.000073997,0,1,0,0,,,,,,,warming_up,,,,,,,,,,,,,,JS:v0:k0:r0,,,,,,
9.503149,9.506713900,,hermite,ready,,1.7763568394002505e-15,4.085620730620576e-14,2.8421709430404007e-13,0,1.0,1,gJS_sBM_cAll_d03_mJS5_ch02,gJS_sBM_cAll_d03_mJS5_ch02,gJS_sBM_cAll_d03_mJS5_ch02,0.000000,,7.366667,0,,,replay_no_feasible_candidate,0.242508900,0.000000000,0.000000,replay_no_feasible_candidate,0.000000000,0.093573,0.056516,0.282744,0.000000,0.069130,0.000000,7.366667,0.350000,beat-sync,1.000000,1.000000,,0.000000000,0.181638698,left_wrist_yaw,0.116502461,left_wrist_pitch,0.181638698,left_wrist_yaw,0.142243395,left_wrist_pitch,0.033380,-0.043017,0.806140,0.180795,0.000000000,0.000000000,0.000000000,0.001232109,0.000081673,0.001118074,,0.000000000,,,0.654351,0.526717,89.205838,,0.000073524,0,1,0,0,,,,,,,warming_up,,,,,,,,,,,,,,JS:v0:k0:r0,,,,,,
9.553991,9.557944000,,hermite,ready,,1.7763568394002505e-15,4.085620730620576e-14,2.8421709430404007e-13,0,1.0,1,gJS_sBM_cAll_d03_mJS5_ch02,gJS_sBM_cAll_d03_mJS5_ch02,gJS_sBM_cAll_d03_mJS5_ch02,0.000000,,7.366667,0,,,replay_no_feasible_candidate,0.249410570,0.000000000,0.000000,replay_no_feasible_candidate,0.000000000,0.093573,0.056516,0.282744,0.000000,0.069130,0.000000,7.366667,0.350000,beat-sync,1.000000,1.000000,,0.000000000,0.179008163,left_wrist_yaw,0.077967703,left_wrist_yaw,0.179008163,left_wrist_yaw,0.085655451,left_wrist_yaw,0.036850,-0.051590,0.805028,0.182853,0.000000000,0.000000000,0.000000000,0.001232109,0.000081673,0.001118074,,0.000000000,,,0.605306,0.479184,55.170331,,0.000073057,0,1,0,0,,,,,,,warming_up,,,,,,,,,,,,,,JS:v0:k0:r0,,,,,,
9.603644,9.606775700,,hermite,ready,,1.7763568394002505e-15,4.085620730620576e-14,2.8421709430404007e-13,0,1.0,1,gJS_sBM_cAll_d03_mJS5_ch02,gJS_sBM_cAll_d03_mJS5_ch02,gJS_sBM_cAll_d03_mJS5_ch02,0.000000,,7.366667,0,,,replay_no_feasible_candidate,0.256150729,0.000000000,0.000000,replay_no_feasible_candidate,0.000000000,0.093573,0.056516,0.282744,0.000000,0.069130,0.000000,7.366667,0.350000,beat-sync,1.000000,1.000000,,0.000000000,0.176115696,left_wrist_yaw,0.067098640,left_wrist_yaw,0.176115696,left_wrist_yaw,0.073965280,left_wrist_yaw,0.039329,-0.058776,0.804172,0.179016,0.000000000,0.000000000,0.000000000,0.001232109,0.000081673,0.001118074,,0.000000000,,,0.201355,0.170033,2.441901,,0.000072595,0,1,0,0,,,,,,,warming_up,,,,,,,,,,,,,,JS:v0:k0:r0,,,,,,
9.653374,9.656611900,,hermite,ready,,1.7763568394002505e-15,4.085620730620576e-14,2.8421709430404007e-13,0,1.0,1,gJS_sBM_cAll_d03_mJS5_ch02,gJS_sBM_cAll_d03_mJS5_ch02,gJS_sBM_cAll_d03_mJS5_ch02,0.000000,,7.366667,0,,,replay_no_feasible_candidate,0.262901462,0.000000000,0.000000,replay_no_feasible_candidate,0.000000000,0.093573,0.056516,0.282744,0.000000,0.069130,0.000000,7.366667,0.350000,beat-sync,1.000000,1.000000,,0.000000000,0.173019932,left_wrist_yaw,0.121793424,left_wrist_pitch,0.173019932,left_wrist_yaw,0.146583651,left_wrist_pitch,0.043304,-0.064282,0.803362,0.173354,0.000000000,0.000000000,0.000000000,0.001232109,0.000081673,0.001118074,,0.000000000,,,0.927623,0.774978,165.820574,,0.000072140,0,1,0,0,,,,,,,warming_up,,,,,,,,,,,,,,JS:v0:k0:r0,,,,,,
9.703537,9.706962500,,hermite,ready,,1.7763568394002505e-15,4.085620730620576e-14,2.8421709430404007e-13,0,1.0,1,gJS_sBM_cAll_d03_mJS5_ch02,gJS_sBM_cAll_d03_mJS5_ch02,gJS_sBM_cAll_d03_mJS5_ch02,0.000000,,7.366667,0,,,replay_no_feasible_candidate,0.269710864,0.000000000,0.000000,replay_no_feasible_candidate,0.000000000,0.093573,0.056516,0.282744,0.000000,0.069130,0.000000,7.366667,0.350000,beat-sync,1.000000,1.000000,,0.000000000,0.171126298,left_wrist_yaw,0.027031092,left_wrist_yaw,0.171126298,left_wrist_yaw,0.032391806,left_wrist_yaw,0.044794,-0.068802,0.802968,0.172981,0.000000000,0.000000000,0.000000000,0.001232109,0.000081673,0.001118074,,0.000000000,,,0.133297,0.109486,1.490301,,0.000071690,0,1,0,0,,,,,,,warming_up,,,,,,,,,,,,,,JS:v0:k0:r0,,,,,,
9.753395,9.757083600,,hermite,ready,,1.7763568394002505e-15,4.085620730620576e-14,2.8421709430404007e-13,0,1.0,1,gJS_sBM_cAll_d03_mJS5_ch02,gJS_sBM_cAll_d03_mJS5_ch02,gJS_sBM_cAll_d03_mJS5_ch02,0.000000,,7.366667,0,,,replay_no_feasible_candidate,0.276478946,0.000000000,0.000000,replay_no_feasible_candidate,0.000000000,0.093573,0.056516,0.282744,0.000000,0.069130,0.000000,7.366667,0.350000,beat-sync,1.000000,1.000000,,0.000000000,0.170025942,left_wrist_yaw,0.022956414,left_wrist_yaw,0.170025942,left_wrist_yaw,0.025339884,left_wrist_yaw,0.045881,-0.072012,0.802700,0.170531,0.000000000,0.000000000,0.000000000,0.001232109,0.000081673,0.001118074,,0.000000000,,,0.112017,0.093668,1.542414,,0.000071245,0,1,0,0,,,,,,,warming_up,,,,,,,,,,,,,,JS:v0:k0:r0,,,,,,
9.803207,9.806540800,,hermite,ready,,1.7763568394002505e-15,4.085620730620576e-14,2.8421709430404007e-13,0,1.0,1,gJS_sBM_cAll_d03_mJS5_ch02,gJS_sBM_cAll_d03_mJS5_ch02,gJS_sBM_cAll_d03_mJS5_ch02,0.000000,,7.366667,0,,,replay_no_feasible_candidate,0.283240756,0.000000000,0.000000,replay_no_feasible_candidate,0.000000000,0.093573,0.056516,0.282744,0.000000,0.069130,0.000000,7.366667,0.350000,beat-sync,1.000000,1.000000,,0.000000000,0.169096074,left_wrist_yaw,0.016954221,left_wrist_yaw,0.169096074,left_wrist_yaw,0.021451698,left_wrist_yaw,0.046487,-0.074168,0.802502,0.169141,0.000000000,0.000000000,0.000000000,0.001232109,0.000081673,0.001118074,,0.000000000,,,0.126743,0.105458,1.089582,,0.000070806,0,1,0,0,,,,,,,warming_up,,,,,,,,,,,,,,JS:v0:k0:r0,,,,,,
9.853381,9.857199100,,hermite,ready,,1.7763568394002505e-15,4.085620730620576e-14,2.8421709430404007e-13,0,1.0,1,gJS_sBM_cAll_d03_mJS5_ch02,gJS_sBM_cAll_d03_mJS5_ch02,gJS_sBM_cAll_d03_mJS5_ch02,0.000000,,7.366667,0,,,replay_no_feasible_candidate,0.290051747,0.000000000,0.000000,replay_no_feasible_candidate,0.000000000,0.093573,0.056516,0.282744,0.000000,0.069130,0.000000,7.366667,0.350000,beat-sync,1.000000,1.000000,,0.000000000,0.168982897,left_wrist_yaw,0.021338459,right_wrist_yaw,0.168982897,left_wrist_yaw,0.029075590,right_wrist_yaw,0.046879,-0.075563,0.802378,0.168144,0.000000000,0.000000000,0.000000000,0.001232109,0.000081673,0.001118074,,0.000000000,,,0.131241,0.106302,1.858032,,0.000070373,0,1,0,0,,,,,,,warming_up,,,,,,,,,,,,,,JS:v0:k0:r0,,,,,,
9.903496,9.906900200,,hermite,ready,,1.7763568394002505e-15,4.085620730620576e-14,2.8421709430404007e-13,0,1.0,1,gJS_sBM_cAll_d03_mJS5_ch02,gJS_sBM_cAll_d03_mJS5_ch02,gJS_sBM_cAll_d03_mJS5_ch02,0.000000,,7.366667,0,,,replay_no_feasible_candidate,0.296854688,0.000000000,0.000000,replay_no_feasible_candidate,0.000000000,0.093573,0.056516,0.282744,0.000000,0.069130,0.000000,7.366667,0.350000,beat-sync,1.000000,1.000000,,0.000000000,0.169861635,left_wrist_yaw,0.030901251,right_wrist_yaw,0.169861635,left_wrist_yaw,0.034669866,right_wrist_yaw,0.047122,-0.076401,0.802357,0.167313,0.000000000,0.000000000,0.000000000,0.001232109,0.000081673,0.001118074,,0.000000000,,,0.136033,0.111488,0.827277,,0.000069945,0,1,0,0,,,,,,,warming_up,,,,,,,,,,,,,,JS:v0:k0:r0,,,,,,
9.953376,9.956681800,,hermite,ready,,1.7763568394002505e-15,4.085620730620576e-14,2.8421709430404007e-13,0,1.0,1,gJS_sBM_cAll_d03_mJS5_ch02,gJS_sBM_cAll_d03_mJS5_ch02,gJS_sBM_cAll_d03_mJS5_ch02,0.000000,,7.366667,0,,,replay_no_feasible_candidate,0.303625742,0.000000000,0.000000,replay_no_feasible_candidate,0.000000000,0.093573,0.056516,0.282744,0.000000,0.069130,0.000000,7.366667,0.350000,beat-sync,1.000000,1.000000,,0.000000000,0.170272198,left_wrist_yaw,0.026663936,right_wrist_yaw,0.170272198,left_wrist_yaw,0.032392954,right_wrist_yaw,0.047193,-0.076819,0.802395,0.166497,0.000000000,0.000000000,0.000000000,0.001232109,0.000081673,0.001118074,,0.000000000,,,0.098605,0.082176,1.371289,,0.000069522,0,1,0,0,,,,,,,warming_up,,,,,,,,,,,,,,JS:v0:k0:r0,,,,,,
10.003087,10.008880600,,hermite,ready,,1.7763568394002505e-15,4.085620730620576e-14,2.8421709430404007e-13,0,1.0,1,gJS_sBM_cAll_d03_mJS5_ch02,gJS_sBM_cAll_d03_mJS5_ch02,gJS_sBM_cAll_d03_mJS5_ch02,0.000000,,7.366667,0,,,replay_no_feasible_candidate,0.310373747,0.000000000,0.000000,replay_no_feasible_candidate,0.000000000,0.093573,0.056516,0.282744,0.000000,0.069130,0.000000,7.366667,0.350000,beat-sync,1.000000,1.000000,,0.000000000,0.170184623,left_wrist_yaw,0.011290233,right_wrist_yaw,0.170184623,left_wrist_yaw,0.014103412,right_wrist_yaw,0.047071,-0.077015,0.802424,0.165447,0.000000000,0.000000000,0.000000000,0.001232109,0.000081673,0.001118074,,0.000000000,,,0.103244,0.065912,2.237535,,0.000069104,0,1,0,0,,,,,,,warming_up,,,,,,,,,,,,,,JS:v0:k0:r0,,,,,,
10.077099,10.089921400,,hermite,ready,,1.7763568394002505e-15,4.085620730620576e-14,2.8421709430404007e-13,0,1.0,1,gJS_sBM_cAll_d03_mJS5_ch02,gJS_sBM_cAll_d03_mJS5_ch02,gJS_sBM_cAll_d03_mJS5_ch02,0.000000,,7.366667,0,,,replay_no_feasible_candidate,0.320420679,0.000000000,0.000000,replay_no_feasible_candidate,0.000000000,0.093573,0.056516,0.282744,0.000000,0.069130,0.000000,7.366667,0.350000,beat-sync,1.000000,1.000000,,0.000000000,0.169300827,left_wrist_yaw,0.062682440,left_wrist_yaw,0.169300827,left_wrist_yaw,0.017580917,left_wrist_yaw,0.046754,-0.077218,0.802356,0.163235,0.000000000,0.000000000,0.000000000,0.001232109,0.000081673,0.001118074,,0.000000000,,,0.075509,0.067566,0.917909,,0.000068828,0,1,0,0,,,,,,,warming_up,,,,,,,,,,,,,,JS:v0:k0:r0,,,,,,
10.109849,10.121938000,,hermite,ready,,1.7763568394002505e-15,4.085620730620576e-14,2.8421709430404007e-13,0,1.0,1,gJS_sBM_cAll_d03_mJS5_ch02,gJS_sBM_cAll_d03_mJS5_ch02,gJS_sBM_cAll_d03_mJS5_ch02,0.000000,,7.366667,0,,,replay_no_feasible_candidate,0.324866367,0.000000000,0.000000,replay_no_feasible_candidate,0.000000000,0.093573,0.056516,0.282744,0.000000,0.069130,0.000000,7.366667,0.350000,beat-sync,1.000000,1.000000,,0.000000000,0.168965183,left_wrist_yaw,0.051747895,right_wrist_yaw,0.168965183,left_wrist_yaw,0.018625016,right_wrist_yaw,0.046614,-0.077410,0.802181,0.162274,0.000000000,0.000000000,0.000000000,0.001232109,0.000081673,0.001118074,,0.000000000,,,0.079075,0.056962,0.875261,,0.000068759,0,1,0,0,,,,,,,warming_up,,,,,,,,,,,,,,JS:v0:k0:r0,,,,,,
10.157321,10.160863800,,hermite,ready,,1.7763568394002505e-15,4.085620730620576e-14,2.8421709430404007e-13,0,1.0,1,gJS_sBM_cAll_d03_mJS5_ch02,gJS_sBM_cAll_d03_mJS5_ch02,gJS_sBM_cAll_d03_mJS5_ch02,0.000000,,7.366667,0,,,replay_no_feasible_candidate,0.331310516,0.000000000,0.000000,replay_no_feasible_candidate,0.000000000,0.093573,0.056516,0.282744,0.000000,0.069130,0.000000,7.366667,0.350000,beat-sync,1.000000,1.000000,,0.000000000,0.168536871,left_wrist_yaw,0.018741612,right_wrist_yaw,0.168536871,left_wrist_yaw,0.021518042,right_wrist_yaw,0.046507,-0.077786,0.801771,0.160922,0.000000000,0.000000000,0.000000000,0.001232109,0.000081673,0.001118074,,0.000000000,,,0.079170,0.066595,2.675103,,0.000068486,0,1,0,0,,,,,,,warming_up,,,,,,,,,,,,,,JS:v0:k0:r0,,,,,,
10.217058,10.220456500,,hermite,ready,,1.7763568394002505e-15,4.085620730620576e-14,2.8421709430404007e-13,0,1.0,1,gJS_sBM_cAll_d03_mJS5_ch02,gJS_sBM_cAll_d03_mJS5_ch02,gJS_sBM_cAll_d03_mJS5_ch02,0.000000,,7.366667,0,,,replay_no_feasible_candidate,0.339419611,0.000000000,0.000000,replay_no_feasible_candidate,0.000000000,0.093573,0.056516,0.282744,0.000000,0.069130,0.000000,7.366667,0.350000,beat-sync,1.000000,1.000000,,0.000000000,0.168354565,left_wrist_yaw,0.047656679,right_wrist_yaw,0.168354565,left_wrist_yaw,0.033054699,right_wrist_yaw,0.046584,-0.078602,0.801087,0.159251,0.000000000,0.000000000,0.000000000,0.001232109,0.000081673,0.001118074,,0.000000000,,,0.157319,0.141308,5.840701,,0.000068080,0,1,0,0,,,,,,,warming_up,,,,,,,,,,,,,,JS:v0:k0:r0,,,,,,
10.258100,10.261711100,,hermite,ready,,1.7763568394002505e-15,4.085620730620576e-14,2.8421709430404007e-13,0,1.0,1,gJS_sBM_cAll_d03_mJS5_ch02,gJS_sBM_cAll_d03_mJS5_ch02,gJS_sBM_cAll_d03_mJS5_ch02,0.000000,,7.366667,0,,,replay_no_feasible_candidate,0.344991018,0.000000000,0.000000,replay_no_feasible_candidate,0.000000000,0.093573,0.056516,0.282744,0.000000,0.069130,0.000000,7.366667,0.350000,beat-sync,1.000000,1.000000,,0.000000000,0.168248629,left_wrist_yaw,0.027038732,right_wrist_yaw,0.168248629,left_wrist_yaw,0.029616558,right_wrist_yaw,0.046767,-0.079407,0.800519,0.158047,0.000000000,0.000000000,0.000000000,0.001232109,0.000081673,0.001118074,,0.000000000,,,0.150862,0.126102,0.678452,,0.000067746,0,1,0,0,,,,,,,warming_up,,,,,,,,,,,,,,JS:v0:k0:r0,,,,,,
10.309356,10.316496400,,hermite,ready,,1.7763568394002505e-15,4.085620730620576e-14,2.8421709430404007e-13,0,1.0,1,gJS_sBM_cAll_d03_mJS5_ch02,gJS_sBM_cAll_d03_mJS5_ch02,gJS_sBM_cAll_d03_mJS5_ch02,0.000000,,7.366667,0,,,replay_no_feasible_candidate,0.351948738,0.000000000,0.000000,replay_no_feasible_candidate,0.000000000,0.093573,0.056516,0.282744,0.000000,0.069130,0.000000,7.366667,0.350000,beat-sync,1.000000,1.000000,,0.000000000,0.168024375,left_wrist_yaw,0.067637347,right_wrist_yaw,0.168024375,left_wrist_yaw,0.034154274,right_wrist_yaw,0.047155,-0.080566,0.799823,0.156961,0.000000000,0.000000000,0.000000000,0.001232109,0.000081673,0.001118074,,0.000000000,,,0.141663,0.130749,2.724291,,0.000067415,0,1,0,0,,,,,,,warming_up,,,,,,,,,,,,,,JS:v0:k0:r0,,,,,,
10.351131,10.355135500,,hermite,ready,,1.7763568394002505e-15,4.085620730620576e-14,2.8421709430404007e-13,0,1.0,1,gJS_sBM_cAll_d03_mJS5_ch02,gJS_sBM_cAll_d03_mJS5_ch02,gJS_sBM_cAll_d03_mJS5_ch02,0.000000,,7.366667,0,,,replay_no_feasible_candidate,0.357619552,0.000000000,0.000000,replay_no_feasible_candidate,0.000000000,0.093573,0.056516,0.282744,0.000000,0.069130,0.000000,7.366667,0.350000,beat-sync,1.000000,1.000000,,0.000000000,0.167439405,left_wrist_yaw,0.032719724,right_wrist_yaw,0.167439405,left_wrist_yaw,0.050732030,right_wrist_yaw,0.047480,-0.081532,0.799422,0.156289,0.000000000,0.000000000,0.000000000,0.001232109,0.000081673,0.001118074,,0.000000000,,,0.161082,0.121374,1.211243,,0.000067152,0,1,0,0,,,,,,,warming_up,,,,,,,,,,,,,,JS:v0:k0:r0,,,,,,
10.403124,10.410653100,,hermite,ready,,1.7763568394002505e-15,4.085620730620576e-14,2.8421709430404007e-13,0,1.0,1,gJS_sBM_cAll_d03_mJS5_ch02,gJS_sBM_cAll_d03_mJS5_ch02,gJS_sBM_cAll_d03_mJS5_ch02,0.000000,,7.366667,0,,,replay_no_feasible_candidate,0.364677480,0.000000000,0.000000,replay_no_feasible_candidate,0.000000000,0.093573,0.056516,0.282744,0.000000,0.069130,0.000000,7.366667,0.350000,beat-sync,1.000000,1.000000,,0.000000000,0.166010450,left_wrist_yaw,0.063922536,right_wrist_yaw,0.166010450,left_wrist_yaw,0.039317396,right_wrist_yaw,0.047883,-0.082632,0.799155,0.155623,0.000000000,0.000000000,0.000000000,0.001232109,0.000081673,0.001118074,,0.000000000,,,0.130532,0.106992,1.820454,,0.000066827,0,1,0,0,,,,,,,warming_up,,,,,,,,,,,,,,JS:v0:k0:r0,,,,,,
10.453342,10.457126500,,hermite,ready,,1.7763568394002505e-15,4.085620730620576e-14,2.8421709430404007e-13,0,1.0,1,gJS_sBM_cAll_d03_mJS5_ch02,gJS_sBM_cAll_d03_mJS5_ch02,gJS_sBM_cAll_d03_mJS5_ch02,0.000000,,7.366667,0,,,replay_no_feasible_candidate,0.371494416,0.000000000,0.000000,replay_no_feasible_candidate,0.000000000,0.093573,0.056516,0.282744,0.000000,0.069130,0.000000,7.366667,0.350000,beat-sync,1.000000,1.000000,,0.000000000,0.166526313,right_wrist_yaw,0.018639500,right_wrist_yaw,0.166526313,right_wrist_yaw,0.021938528,right_wrist_yaw,0.048182,-0.083344,0.799017,0.156018,0.000000000,0.000000000,0.000000000,0.001232109,0.000081673,0.001118074,,0.000000000,,,0.079919,0.066497,1.632791,,0.000066569,0,1,0,0,,,,,,,warming_up,,,,,,,,,,,,,,JS:v0:k0:r0,,,,,,
10.518686,10.529890000,,hermite,ready,,1.7763568394002505e-15,4.085620730620576e-14,2.8421709430404007e-13,0,1.0,1,gJS_sBM_cAll_d03_mJS5_ch02,gJS_sBM_cAll_d03_mJS5_ch02,gJS_sBM_cAll_d03_mJS5_ch02,0.000000,,7.366667,0,,,replay_no_feasible_candidate,0.380364602,0.000000000,0.000000,replay_no_feasible_candidate,0.000000000,0.093573,0.056516,0.282744,0.000000,0.069130,0.000000,7.366667,0.350000,beat-sync,1.000000,1.000000,,0.000000000,0.166417291,right_wrist_yaw,0.029099998,right_wrist_roll,0.166417291,right_wrist_yaw,0.011806058,right_wrist_roll,0.048155,-0.083267,0.799024,0.157304,0.000000000,0.000000000,0.000000000,0.001232109,0.000081673,0.001118074,,0.000000000,,,0.072399,0.059351,0.650059,,0.000066249,0,1,0,0,,,,,,,warming_up,,,,,,,,,,,,,,JS:v0:k0:r0,,,,,,
10.555402,10.559197600,,hermite,ready,,1.7763568394002505e-15,4.085620730620576e-14,2.8421709430404007e-13,0,1.0,1,gJS_sBM_cAll_d03_mJS5_ch02,gJS_sBM_cAll_d03_mJS5_ch02,gJS_sBM_cAll_d03_mJS5_ch02,0.000000,,7.366667,0,,,replay_no_feasible_candidate,0.385348633,0.000000000,0.000000,replay_no_feasible_candidate,0.000000000,0.093573,0.056516,0.282744,0.000000,0.069130,0.000000,7.366667,0.350000,beat-sync,1.000000,1.000000,,0.000000000,0.165852455,right_wrist_yaw,0.020285169,right_wrist_yaw,0.165852455,right_wrist_yaw,0.038170770,right_wrist_yaw,0.047835,-0.082479,0.799200,0.158120,0.000000000,0.000000000,0.000000000,0.001232109,0.000081673,0.001118074,,0.000000000,,,0.165289,0.120325,7.655360,,0.000066059,0,1,0,0,,,,,,,warming_up,,,,,,,,,,,,,,JS:v0:k0:r0,,,,,,
10.615282,10.625495800,,hermite,ready,,1.7763568394002505e-15,4.085620730620576e-14,2.8421709430404007e-13,0,1.0,1,gJS_sBM_cAll_d03_mJS5_ch02,gJS_sBM_cAll_d03_mJS5_ch02,gJS_sBM_cAll_d03_mJS5_ch02,0.000000,,7.366667,0,,,replay_no_feasible_candidate,0.393477222,0.000000000,0.000000,replay_no_feasible_candidate,0.000000000,0.093573,0.056516,0.282744,0.000000,0.069130,0.000000,7.366667,0.350000,beat-sync,1.000000,1.000000,,0.000000000,0.163762255,left_wrist_yaw,0.109080819,right_wrist_yaw,0.163762255,left_wrist_yaw,0.069860190,right_wrist_yaw,0.046803,-0.079793,0.799779,0.159379,0.000000000,0.000000000,0.000000000,0.001232109,0.000081673,0.001118074,,0.000000000,,,0.249811,0.152665,2.276692,,0.000065807,0,1,0,0,,,,,,,warming_up,,,,,,,,,,,,,,JS:v0:k0:r0,,,,,,
10.656392,10.661894800,,hermite,ready,,1.7763568394002505e-15,4.085620730620576e-14,2.8421709430404007e-13,0,1.0,1,gJS_sBM_cAll_d03_mJS5_ch02,gJS_sBM_cAll_d03_mJS5_ch02,gJS_sBM_cAll_d03_mJS5_ch02,0.000000,,7.366667,0,,,replay_no_feasible_candidate,0.399057697,0.000000000,0.000000,replay_no_feasible_candidate,0.000000000,0.093573,0.056516,0.282744,0.000000,0.069130,0.000000,7.366667,0.350000,beat-sync,1.000000,1.000000,,0.000000000,0.164030002,left_wrist_yaw,0.137725544,right_wrist_yaw,0.164030002,left_wrist_yaw,0.066257144,right_wrist_yaw,0.045597,-0.076614,0.800466,0.160401,0.000000000,0.000000000,0.000000000,0.001232109,0.000081673,0.001118074,,0.000000000,,,0.192393,0.164245,1.946115,,0.000065681,0,1,0,0,,,,,,,warming_up,,,,,,,,,,,,,,JS:v0:k0:r0,,,,,,
10.720527,10.733930800,,hermite,ready,,1.7763568394002505e-15,4.085620730620576e-14,2.8421709430404007e-13,0,1.0,1,gJS_sBM_cAll_d03_mJS5_ch02,gJS_sBM_cAll_d03_mJS5_ch02,gJS_sBM_cAll_d03_mJS5_ch02,0.000000,,7.366667,0,,,replay_no_feasible_candidate,0.407763792,0.000000000,0.000000,replay_no_feasible_candidate,0.000000000,0.093573,0.056516,0.282744,0.000000,0.069130,0.000000,7.366667,0.350000,beat-sync,1.000000,1.000000,,0.000000000,0.164426099,left_wrist_yaw,0.247527290,right_wrist_yaw,0.164426099,left_wrist_yaw,0.095315276,right_wrist_yaw,0.042715,-0.069047,0.802035,0.162809,0.000000000,0.000000000,0.000000000,0.001232109,0.000081673,0.001118074,,0.000000000,,,0.238146,0.186238,1.446959,,0.000065494,0,1,0,0,,,,,,,warming_up,,,,,,,,,,,,,,JS:v0:k0:r0,,,,,,
10.768196,10.784512100,,hermite,ready,,1.7763568394002505e-15,4.085620730620576e-14,2.8421709430404007e-13,0,1.0,1,gJS_sBM_cAll_d03_mJS5_ch02,gJS_sBM_cAll_d03_mJS5_ch02,gJS_sBM_cAll_d03_mJS5_ch02,0.000000,,7.366667,0,,,replay_no_feasible_candidate,0.414234683,0.000000000,0.000000,replay_no_feasible_candidate,0.000000000,0.093573,0.056516,0.282744,0.000000,0.069130,0.000000,7.366667,0.350000,beat-sync,1.000000,1.000000,,0.000000000,0.164652158,left_wrist_yaw,0.246127370,right_wrist_yaw,0.164652158,left_wrist_yaw,0.096940231,right_wrist_yaw,0.039660,-0.061018,0.803686,0.165511,0.000000000,0.000000000,0.000000000,0.001232109,0.000081673,0.001118074,,0.000000000,,,0.229713,0.178704,1.969787,,0.000065370,0,1,0,0,,,,,,,warming_up,,,,,,,,,,,,,,JS:v0:k0:r0,,,,,,
10.828254,10.838120500,,hermite,ready,,1.7763568394002505e-15,4.085620730620576e-14,2.8421709430404007e-13,0,1.0,1,gJS_sBM_cAll_d03_mJS5_ch02,gJS_sBM_cAll_d03_mJS5_ch02,gJS_sBM_cAll_d03_mJS5_ch02,0.000000,,7.366667,0,,,replay_no_feasible_candidate,0.422387475,0.000000000,0.000000,replay_no_feasible_candidate,0.000000000,0.093573,0.056516,0.282744,0.000000,0.069130,0.000000,7.366667,0.350000,beat-sync,1.000000,1.000000,,0.000000000,0.165194540,left_wrist_yaw,0.381472000,right_wrist_yaw,0.165194540,left_wrist_yaw,0.119439623,right_wrist_yaw,0.034607,-0.047908,0.806328,0.169587,0.000000000,0.000000000,0.000000000,0.001232109,0.000081673,0.001118074,,0.000000000,,,0.371223,0.347287,2.313141,,0.000065246,0,1,0,0,,,,,,,warming_up,,,,,,,,,,,,,,JS:v0:k0:r0,,,,,,
10.872501,10.886037400,,hermite,ready,,1.7763568394002505e-15,4.085620730620576e-14,2.8421709430404007e-13,0,1.0,1,gJS_sBM_cAll_d03_mJS5_ch02,gJS_sBM_cAll_d03_mJS5_ch02,gJS_sBM_cAll_d03_mJS5_ch02,0.000000,,7.366667,0,,,replay_no_feasible_candidate,0.428393787,0.000000000,0.000000,replay_no_feasible_candidate,0.000000000,0.093573,0.056516,0.282744,0.000000,0.069130,0.000000,7.366667,0.350000,beat-sync,1.000000,1.000000,,0.000000000,0.165980468,left_wrist_yaw,0.555562762,right_wrist_yaw,0.165980468,left_wrist_yaw,0.117802310,right_wrist_yaw,0.030355,-0.036784,0.808490,0.171770,0.000000000,0.000000000,0.000000000,0.001232109,0.000081673,0.001118074,,0.000000000,,,0.451746,0.370487,1.330829,,0.000065185,0,1,0,0,,,,,,,warming_up,,,,,,,,,,,,,,JS:v0:k0:r0,,,,,,
10.953944,10.963265300,,hermite,ready,,1.7763568394002505e-15,4.085620730620576e-14,2.8421709430404007e-13,0,1.0,1,gJS_sBM_cAll_d03_mJS5_ch02,gJS_sBM_cAll_d03_mJS5_ch02,gJS_sBM_cAll_d03_mJS5_ch02,0.000000,,7.366667,0,,,replay_no_feasible_candidate,0.439449344,0.000000000,0.000000,replay_no_feasible_candidate,0.000000000,0.093573,0.056516,0.282744,0.000000,0.069130,0.000000,7.366667,0.350000,beat-sync,1.000000,1.000000,,0.000000000,0.166825962,left_wrist_yaw,0.472741215,right_wrist_yaw,0.166825962,left_wrist_yaw,0.083890046,right_wrist_yaw,0.023061,-0.016014,0.811797,0.170139,0.000000000,0.000000000,0.000000000,0.001232109,0.000081673,0.001118074,,0.000000000,,,0.703371,0.679572,4.785956,,0.000065062,0,1,0,0,,,,,,,warming_up,,,,,,,,,,,,,,JS:v0:k0:r0,,,,,,
11.013265,11.023761100,,hermite,ready,,1.7763568394002505e-15,4.085620730620576e-14,2.8421709430404007e-13,0,1.0,1,gJS_sBM_cAll_d03_mJS5_ch02,gJS_sBM_cAll_d03_mJS5_ch02,gJS_sBM_cAll_d03_mJS5_ch02,0.000000,,7.366667,0,,,replay_no_feasible_candidate,0.447502077,0.000000000,0.000000,replay_no_feasible_candidate,0.000000000,0.093573,0.056516,0.282744,0.000000,0.069130,0.000000,7.366667,0.350000,beat-sync,1.000000,1.000000,,0.000000000,0.166570193,left_wrist_yaw,0.051472997,left_wrist_pitch,0.166570193,left_wrist_yaw,0.021023562,left_wrist_pitch,0.019042,-0.001893,0.813480,0.166746,0.000000000,0.000000000,0.000000000,0.001232109,0.000081673,0.001118074,,0.000000000,,,1.185225,0.848879,7.904137,,0.000064939,0,1,0,0,,,,,,,warming_up,,,,,,,,,,,,,,JS:v0:k0:r0,,,,,,
11.061756,11.071476000,,hermite,ready,,1.7763568394002505e-15,4.085620730620576e-14,2.8421709430404007e-13,0,1.0,1,gJS_sBM_cAll_d03_mJS5_ch02,gJS_sBM_cAll_d03_mJS5_ch02,gJS_sBM_cAll_d03_mJS5_ch02,0.000000,,7.366667,0,,,replay_no_feasible_candidate,0.454084484,0.000000000,0.000000,replay_no_feasible_candidate,0.000000000,0.093573,0.056516,0.282744,0.000000,0.069130,0.000000,7.366667,0.350000,beat-sync,1.000000,1.000000,,0.000000000,0.166434826,left_wrist_yaw,0.168731240,right_wrist_yaw,0.166434826,left_wrist_yaw,0.096752449,right_wrist_yaw,0.016702,0.008825,0.814576,0.165156,0.000000000,0.000000000,0.000000000,0.001232109,0.000081673,0.001118074,,0.000000000,,,1.178974,0.809069,2.959335,,0.000064817,0,1,0,0,,,,,,,warming_up,,,,,,,,,,,,,,JS:v0:k0:r0,,,,,,
11.124458,11.143090800,,hermite,ready,,1.7763568394002505e-15,4.085620730620576e-14,2.8421709430404007e-13,0,1.0,1,gJS_sBM_cAll_d03_mJS5_ch02,gJS_sBM_cAll_d03_mJS5_ch02,gJS_sBM_cAll_d03_mJS5_ch02,0.000000,,7.366667,0,,,replay_no_feasible_candidate,0.462596122,0.000000000,0.000000,replay_no_feasible_candidate,0.000000000,0.093573,0.056516,0.282744,0.000000,0.069130,0.000000,7.366667,0.350000,beat-sync,1.000000,1.000000,,0.000000000,0.167110046,left_wrist_yaw,0.370182422,right_wrist_yaw,0.167110046,left_wrist_yaw,0.110100595,right_wrist_yaw,0.014959,0.021457,0.815640,0.165368,0.000000000,0.000000000,0.000000000,0.001232109,0.000081673,0.001118074,,0.000000000,,,0.777282,0.576740,2.504168,,0.000064696,0,1,0,0,,,,,,,warming_up,,,,,,,,,,,,,,JS:v0:k0:r0,,,,,,
11.155896,11.171384300,,hermite,ready,,1.7763568394002505e-15,4.085620730620576e-14,2.8421709430404007e-13,0,1.0,1,gJS_sBM_cAll_d03_mJS5_ch02,gJS_sBM_cAll_d03_mJS5_ch02,gJS_sBM_cAll_d03_mJS5_ch02,0.000000,,7.366667,0,,,replay_no_feasible_candidate,0.466863710,0.000000000,0.000000,replay_no_feasible_candidate,0.000000000,0.093573,0.056516,0.282744,0.000000,0.069130,0.000000,7.366667,0.350000,beat-sync,1.000000,1.000000,,0.000000000,0.168022979,left_wrist_yaw,0.303728013,right_wrist_yaw,0.168022979,left_wrist_yaw,0.127746491,right_wrist_yaw,0.014769,0.027248,0.815977,0.168475,0.000000000,0.000000000,0.000000000,0.001232109,0.000081673,0.001118074,,0.000000000,,,0.954484,0.699489,17.946228,,0.000064635,0,1,0,0,,,,,,,warming_up,,,,,,,,,,,,,,JS:v0:k0:r0,,,,,,
11.203451,11.216893400,,hermite,ready,,1.7763568394002505e-15,4.085620730620576e-14,2.8421709430404007e-13,0,1.0,1,gJS_sBM_cAll_d03_mJS5_ch02,gJS_sBM_cAll_d03_mJS5_ch02,gJS_sBM_cAll_d03_mJS5_ch02,0.000000,,7.366667,0,,,replay_no_feasible_candidate,0.473319127,0.000000000,0.000000,replay_no_feasible_candidate,0.000000000,0.093573,0.056516,0.282744,0.000000,0.069130,0.000000,7.366667,0.350000,beat-sync,1.000000,1.000000,,0.000000000,0.170025044,left_wrist_yaw,0.242572524,left_wrist_pitch,0.170025044,left_wrist_yaw,0.111246489,left_wrist_pitch,0.015150,0.035275,0.815961,0.172000,0.000000000,0.000000000,0.000000000,0.001232109,0.000081673,0.001118074,,0.000000000,,,1.452781,1.141450,72.462409,,0.000064514,0,1,0,0,,,,,,,warming_up,,,,,,,,,,,,,,JS:v0:k0:r0,,,,,,
11.256485,11.264853600,,hermite,ready,,1.7763568394002505e-15,4.085620730620576e-14,2.8421709430404007e-13,0,1.0,1,gJS_sBM_cAll_d03_mJS5_ch02,gJS_sBM_cAll_d03_mJS5_ch02,gJS_sBM_cAll_d03_mJS5_ch02,0.000000,,7.366667,0,,,replay_no_feasible_candidate,0.480518394,0.000000000,0.000000,replay_no_feasible_candidate,0.000000000,0.093573,0.056516,0.282744,0.000000,0.069130,0.000000,7.366667,0.350000,beat-sync,1.000000,1.000000,,0.000000000,0.170060560,left_wrist_yaw,0.000570933,right_wrist_yaw,0.170060560,left_wrist_yaw,0.000548175,right_wrist_yaw,0.015865,0.043093,0.815394,0.179753,0.000000000,0.000000000,0.000000000,0.001232109,0.000081673,0.001118074,,0.000000000,,,0.001937,0.001609,2.437423,,0.000064334,0,1,0,0,,,,,,,warming_up,,,,,,,,,,,,,,JS:v0:k0:r0,,,,,,
11.472907,11.649385400,,hermite,ready,,1.7763568394002505e-15,4.085620730620576e-14,2.8421709430404007e-13,0,1.0,1,gJS_sBM_cAll_d03_mJS5_ch02,gJS_sBM_cAll_d03_mJS5_ch02,gJS_sBM_cAll_d03_mJS5_ch02,0.000000,,7.366667,0,,,replay_no_feasible_candidate,0.509896864,0.000000000,0.000000,replay_no_feasible_candidate,0.000000000,0.093573,0.056516,0.282744,0.000000,0.069130,0.000000,7.366667,0.350000,beat-sync,1.000000,1.000000,,0.000000000,0.170061901,left_wrist_yaw,0.000000000,right_wrist_roll,0.170061901,left_wrist_yaw,0.000000000,right_wrist_roll,0.023480,0.062867,0.812827,0.212150,0.000000000,0.000000000,0.000000000,0.001232109,0.000081673,0.001118074,,0.000000000,,,0.000000,0.000000,0.001537,,0.000064214,0,1,0,0,,,,,,,warming_up,,,,,,,,,,,,,,JS:v0:k0:r0,,,,,,
11.702586,11.774463600,,hermite,ready,,1.7763568394002505e-15,4.085620730620576e-14,2.8421709430404007e-13,0,1.0,1,gJS_sBM_cAll_d03_mJS5_ch02,gJS_sBM_cAll_d03_mJS5_ch02,gJS_sBM_cAll_d03_mJS5_ch02,0.000000,,7.366667,0,,,replay_no_feasible_candidate,0.541074982,0.000000000,0.000000,replay_no_feasible_candidate,0.000000000,0.093573,0.056516,0.282744,0.000000,0.069130,0.000000,7.366667,0.350000,beat-sync,1.000000,1.000000,,0.000000000,0.170061901,left_wrist_yaw,0.000000000,right_wrist_roll,0.170061901,left_wrist_yaw,0.000000000,right_wrist_roll,0.024125,0.068788,0.812857,0.221850,0.000000000,0.000000000,0.000000000,0.001232109,0.000081673,0.001118074,,0.000000000,,,0.000000,0.000000,0.000000,,0.000064154,0,1,0,0,,,,,,,warming_up,,,,,,,,,,,,,,JS:v0:k0:r0,,,,,,
11.798323,11.812745600,,hermite,ready,,1.7763568394002505e-15,4.085620730620576e-14,2.8421709430404007e-13,0,1.0,1,gJS_sBM_cAll_d03_mJS5_ch02,gJS_sBM_cAll_d03_mJS5_ch02,gJS_sBM_cAll_d03_mJS5_ch02,0.000000,,7.366667,0,,,replay_no_feasible_candidate,0.554070968,0.000000000,0.000000,replay_no_feasible_candidate,0.000000000,0.093573,0.056516,0.282744,0.000000,0.069130,0.000000,7.366667,0.350000,beat-sync,1.000000,1.000000,,0.000000000,0.170061901,left_wrist_yaw,0.000000000,right_wrist_roll,0.170061901,left_wrist_yaw,0.000000000,right_wrist_roll,0.027418,0.070639,0.812424,0.225775,0.000000000,0.000000000,0.000000000,0.001232109,0.000081673,0.001118074,,0.000000000,,,0.000000,0.000000,0.000000,,0.000064094,0,1,0,0,,,,,,,warming_up,,,,,,,,,,,,,,JS:v0:k0:r0,,,,,,
11.826114,11.842073200,,hermite,ready,,1.7763568394002505e-15,4.085620730620576e-14,2.8421709430404007e-13,0,1.0,1,gJS_sBM_cAll_d03_mJS5_ch02,gJS_sBM_cAll_d03_mJS5_ch02,gJS_sBM_cAll_d03_mJS5_ch02,0.000000,,7.366667,0,,,replay_no_feasible_candidate,0.557843557,0.000000000,0.000000,replay_no_feasible_candidate,0.000000000,0.093573,0.056516,0.282744,0.000000,0.069130,0.000000,7.366667,0.350000,beat-sync,1.000000,1.000000,,0.000000000,0.170061901,left_wrist_yaw,0.000000000,right_wrist_roll,0.170061901,left_wrist_yaw,0.000000000,right_wrist_roll,0.027443,0.070934,0.812381,0.226506,0.000000000,0.000000000,0.000000000,0.001232109,0.000081673,0.001118074,,0.000000000,,,0.000000,0.000000,0.000000,,0.000064035,0,1,0,0,,,,,,,warming_up,,,,,,,,,,,,,,JS:v0:k0:r0,,,,,,
11.854679,11.868790900,,hermite,ready,,1.7763568394002505e-15,4.085620730620576e-14,2.8421709430404007e-13,0,1.0,1,gJS_sBM_cAll_d03_mJS5_ch02,gJS_sBM_cAll_d03_mJS5_ch02,gJS_sBM_cAll_d03_mJS5_ch02,0.000000,,7.366667,0,,,replay_no_feasible_candidate,0.561721186,0.000000000,0.000000,replay_no_feasible_candidate,0.000000000,0.093573,0.056516,0.282744,0.000000,0.069130,0.000000,7.366667,0.350000,beat-sync,1.000000,1.000000,,0.000000000,0.170061901,left_wrist_yaw,0.000000000,right_wrist_roll,0.170061901,left_wrist_yaw,0.000000000,right_wrist_roll,0.027409,0.071208,0.812355,0.227808,0.000000000,0.000000000,0.000000000,0.001232109,0.000081673,0.001118074,,0.000000000,,,0.000000,0.000000,0.000000,,0.000063975,0,1,0,0,,,,,,,warming_up,,,,,,,,,,,,,,JS:v0:k0:r0,,,,,,
11.900238,11.906754100,,hermite,ready,,1.7763568394002505e-15,4.085620730620576e-14,2.8421709430404007e-13,0,1.0,1,gJS_sBM_cAll_d03_mJS5_ch02,gJS_sBM_cAll_d03_mJS5_ch02,gJS_sBM_cAll_d03_mJS5_ch02,0.000000,,7.366667,0,,,replay_no_feasible_candidate,0.567905611,0.000000000,0.000000,replay_no_feasible_candidate,0.000000000,0.093573,0.056516,0.282744,0.000000,0.069130,0.000000,7.366667,0.350000,beat-sync,1.000000,1.000000,,0.000000000,0.170061901,left_wrist_yaw,0.000000000,right_wrist_roll,0.170061901,left_wrist_yaw,0.000000000,right_wrist_roll,0.027320,0.071643,0.812289,0.230411,0.000000000,0.000000000,0.000000000,0.001232109,0.000081673,0.001118074,,0.000000000,,,0.000000,0.000000,0.000000,,0.000063857,0,1,0,0,,,,,,,warming_up,,,,,,,,,,,,,,JS:v0:k0:r0,,,,,,
11.951486,11.955474100,,hermite,ready,,1.7763568394002505e-15,4.085620730620576e-14,2.8421709430404007e-13,0,1.0,1,gJS_sBM_cAll_d03_mJS5_ch02,gJS_sBM_cAll_d03_mJS5_ch02,gJS_sBM_cAll_d03_mJS5_ch02,0.000000,,7.366667,0,,,replay_no_feasible_candidate,0.574862421,0.000000000,0.000000,replay_no_feasible_candidate,0.000000000,0.093573,0.056516,0.282744,0.000000,0.069130,0.000000,7.366667,0.350000,beat-sync,1.000000,1.000000,,0.000000000,0.170061901,left_wrist_yaw,0.000000000,right_wrist_roll,0.170061901,left_wrist_yaw,0.000000000,right_wrist_roll,0.027219,0.072098,0.812132,0.233279,0.000000000,0.000000000,0.000000000,0.001232109,0.000081673,0.001118074,,0.000000000,,,0.000000,0.000000,0.000000,,0.000063621,0,1,0,0,,,,,,,warming_up,,,,,,,,,,,,,,JS:v0:k0:r0,,,,,,
12.001793,12.005101700,,hermite,ready,,1.7763568394002505e-15,4.085620730620576e-14,2.8421709430404007e-13,0,1.0,1,gJS_sBM_cAll_d03_mJS5_ch02,gJS_sBM_cAll_d03_mJS5_ch02,gJS_sBM_cAll_d03_mJS5_ch02,0.000000,,7.366667,0,,,replay_no_feasible_candidate,0.581691425,0.000000000,0.000000,replay_no_feasible_candidate,0.000000000,0.093573,0.056516,0.282744,0.000000,0.069130,0.000000,7.366667,0.350000,beat-sync,1.000000,1.000000,,0.000000000,0.170061901,left_wrist_yaw,0.000000000,right_wrist_roll,0.170061901,left_wrist_yaw,0.000000000,right_wrist_roll,0.027136,0.072606,0.811973,0.235456,0.000000000,0.000000000,0.000000000,0.001232109,0.000081673,0.001118074,,0.000000000,,,0.000000,0.000000,0.000000,,0.000063271,0,1,0,0,,,,,,,warming_up,,,,,,,,,,,,,,JS:v0:k0:r0,,,,,,
12.051092,12.054334700,,hermite,ready,,1.7763568394002505e-15,4.085620730620576e-14,2.8421709430404007e-13,0,1.0,1,gJS_sBM_cAll_d03_mJS5_ch02,gJS_sBM_cAll_d03_mJS5_ch02,gJS_sBM_cAll_d03_mJS5_ch02,0.000000,,7.366667,0,,,replay_no_feasible_candidate,0.588383597,0.000000000,0.000000,replay_no_feasible_candidate,0.000000000,0.093573,0.056516,0.282744,0.000000,0.069130,0.000000,7.366667,0.350000,beat-sync,1.000000,1.000000,,0.000000000,0.170061901,left_wrist_yaw,0.000000000,right_wrist_roll,0.170061901,left_wrist_yaw,0.000000000,right_wrist_roll,0.027004,0.073154,0.811905,0.237259,0.000000000,0.000000000,0.000000000,0.001232109,0.000081673,0.001118074,,0.000000000,,,0.000000,0.000000,0.000000,,0.000062925,0,1,0,0,,,,,,,warming_up,,,,,,,,,,,,,,JS:v0:k0:r0,,,,,,
12.101351,12.104296300,,hermite,ready,,1.7763568394002505e-15,4.085620730620576e-14,2.8421709430404007e-13,0,1.0,1,gJS_sBM_cAll_d03_mJS5_ch02,gJS_sBM_cAll_d03_mJS5_ch02,gJS_sBM_cAll_d03_mJS5_ch02,0.000000,,7.366667,0,,,replay_no_feasible_candidate,0.595205991,0.000000000,0.000000,replay_no_feasible_candidate,0.000000000,0.093573,0.056516,0.282744,0.000000,0.069130,0.000000,7.366667,0.350000,beat-sync,1.000000,1.000000,,0.000000000,0.170061901,left_wrist_yaw,0.000000000,right_wrist_roll,0.170061901,left_wrist_yaw,0.000000000,right_wrist_roll,0.026803,0.073851,0.811885,0.238737,0.000000000,0.000000000,0.000000000,0.001232109,0.000081673,0.001118074,,0.000000000,,,0.000000,0.000000,0.000000,,0.000062582,0,1,0,0,,,,,,,warming_up,,,,,,,,,,,,,,JS:v0:k0:r0,,,,,,
12.151503,12.154558800,,hermite,ready,,1.7763568394002505e-15,4.085620730620576e-14,2.8421709430404007e-13,0,1.0,1,gJS_sBM_cAll_d03_mJS5_ch02,gJS_sBM_cAll_d03_mJS5_ch02,gJS_sBM_cAll_d03_mJS5_ch02,0.000000,,7.366667,0,,,replay_no_feasible_candidate,0.602014023,0.000000000,0.000000,replay_no_feasible_candidate,0.000000000,0.093573,0.056516,0.282744,0.000000,0.069130,0.000000,7.366667,0.350000,beat-sync,1.000000,1.000000,,0.000000000,0.170061901,left_wrist_yaw,0.000000000,right_wrist_roll,0.170061901,left_wrist_yaw,0.000000000,right_wrist_roll,0.026605,0.074616,0.811847,0.240793,0.000000000,0.000000000,0.000000000,0.001232109,0.000081673,0.001118074,,0.000000000,,,0.000000,0.000000,0.000000,,0.000062243,0,1,0,0,,,,,,,warming_up,,,,,,,,,,,,,,JS:v0:k0:r0,,,,,,
12.201391,12.204649800,,hermite,ready,,1.7763568394002505e-15,4.085620730620576e-14,2.8421709430404007e-13,0,1.0,1,gJS_sBM_cAll_d03_mJS5_ch02,gJS_sBM_cAll_d03_mJS5_ch02,gJS_sBM_cAll_d03_mJS5_ch02,0.000000,,7.366667,0,,,replay_no_feasible_candidate,0.608786095,0.000000000,0.000000,replay_no_feasible_candidate,0.000000000,0.093573,0.056516,0.282744,0.000000,0.069130,0.000000,7.366667,0.350000,beat-sync,1.000000,1.000000,,0.000000000,0.170061901,left_wrist_yaw,0.000000000,right_wrist_roll,0.170061901,left_wrist_yaw,0.000000000,right_wrist_roll,0.026432,0.075496,0.811859,0.243203,0.000000000,0.000000000,0.000000000,0.001232109,0.000081673,0.001118074,,0.000000000,,,0.000000,0.000000,0.000000,,0.000061908,0,1,0,0,,,,,,,warming_up,,,,,,,,,,,,,,JS:v0:k0:r0,,,,,,
12.251270,12.254446500,,hermite,ready,,1.7763568394002505e-15,4.085620730620576e-14,2.8421709430404007e-13,0,1.0,1,gJS_sBM_cAll_d03_mJS5_ch02,gJS_sBM_cAll_d03_mJS5_ch02,gJS_sBM_cAll_d03_mJS5_ch02,0.000000,,7.366667,0,,,replay_no_feasible_candidate,0.615556959,0.000000000,0.000000,replay_no_feasible_candidate,0.000000000,0.093573,0.056516,0.282744,0.000000,0.069130,0.000000,7.366667,0.350000,beat-sync,1.000000,1.000000,,0.000000000,0.170061901,left_wrist_yaw,0.000000000,right_wrist_roll,0.170061901,left_wrist_yaw,0.000000000,right_wrist_roll,0.026169,0.076459,0.811876,0.244777,0.000000000,0.000000000,0.000000000,0.001232109,0.000081673,0.001118074,,0.000000000,,,0.000000,0.000000,0.000000,,0.000061576,0,1,0,0,,,,,,,warming_up,,,,,,,,,,,,,,JS:v0:k0:r0,,,,,,
12.301084,12.303745000,,hermite,ready,,1.7763568394002505e-15,4.085620730620576e-14,2.8421709430404007e-13,0,1.0,1,gJS_sBM_cAll_d03_mJS5_ch02,gJS_sBM_cAll_d03_mJS5_ch02,gJS_sBM_cAll_d03_mJS5_ch02,0.000000,,7.366667,0,,,replay_no_feasible_candidate,0.622319136,0.000000000,0.000000,replay_no_feasible_candidate,0.000000000,0.093573,0.056516,0.282744,0.000000,0.069130,0.000000,7.366667,0.350000,beat-sync,1.000000,1.000000,,0.000000000,0.170061901,left_wrist_yaw,0.000000000,right_wrist_roll,0.170061901,left_wrist_yaw,0.000000000,right_wrist_roll,0.025916,0.077563,0.811861,0.247313,0.000000000,0.000000000,0.000000000,0.001232109,0.000081673,0.001118074,,0.000000000,,,0.000000,0.000000,0.000000,,0.000061248,0,1,0,0,,,,,,,warming_up,,,,,,,,,,,,,,JS:v0:k0:r0,,,,,,
12.351701,12.354593200,,hermite,ready,,1.7763568394002505e-15,4.085620730620576e-14,2.8421709430404007e-13,0,1.0,1,gJS_sBM_cAll_d03_mJS5_ch02,gJS_sBM_cAll_d03_mJS5_ch02,gJS_sBM_cAll_d03_mJS5_ch02,0.000000,,7.366667,0,,,replay_no_feasible_candidate,0.629190222,0.000000000,0.000000,replay_no_feasible_candidate,0.000000000,0.093573,0.056516,0.282744,0.000000,0.069130,0.000000,7.366667,0.350000,beat-sync,1.000000,1.000000,,0.000000000,0.170061901,left_wrist_yaw,0.000000000,right_wrist_roll,0.170061901,left_wrist_yaw,0.000000000,right_wrist_roll,0.021354,0.077734,0.812086,0.245136,0.000000000,0.000000000,0.000000000,0.001232109,0.000081673,0.001118074,,0.000000000,,,0.000000,0.000000,0.000000,,0.000060924,0,1,0,0,,,,,,,warming_up,,,,,,,,,,,,,,JS:v0:k0:r0,,,,,,
12.401126,12.404061100,,hermite,ready,,1.7763568394002505e-15,4.085620730620576e-14,2.8421709430404007e-13,0,1.0,1,gJS_sBM_cAll_d03_mJS5_ch02,gJS_sBM_cAll_d03_mJS5_ch02,gJS_sBM_cAll_d03_mJS5_ch02,0.000000,,7.366667,0,,,replay_no_feasible_candidate,0.635899511,0.000000000,0.000000,replay_no_feasible_candidate,0.000000000,0.093573,0.056516,0.282744,0.000000,0.069130,0.000000,7.366667,0.350000,beat-sync,1.000000,1.000000,,0.000000000,0.170061901,left_wrist_yaw,0.000000000,right_wrist_roll,0.170061901,left_wrist_yaw,0.000000000,right_wrist_roll,0.025257,0.079990,0.811603,0.258714,0.000000000,0.000000000,0.000000000,0.001232109,0.000081673,0.001118074,,0.000000000,,,0.000000,0.000000,0.000000,,0.000060602,0,1,0,0,,,,,,,warming_up,,,,,,,,,,,,,,JS:v0:k0:r0,,,,,,
12.451142,12.454143000,,hermite,ready,,1.7763568394002505e-15,4.085620730620576e-14,2.8421709430404007e-13,0,1.0,1,gJS_sBM_cAll_d03_mJS5_ch02,gJS_sBM_cAll_d03_mJS5_ch02,gJS_sBM_cAll_d03_mJS5_ch02,0.000000,,7.366667,0,,,replay_no_feasible_candidate,0.642688986,0.000000000,0.000000,replay_no_feasible_candidate,0.000000000,0.093573,0.056516,0.282744,0.000000,0.069130,0.000000,7.366667,0.350000,beat-sync,1.000000,1.000000,,0.000000000,0.170061901,left_wrist_yaw,0.000000000,right_wrist_roll,0.170061901,left_wrist_yaw,0.000000000,right_wrist_roll,0.020718,0.080325,0.811701,0.262230,0.000000000,0.000000000,0.000000000,0.001232109,0.000081673,0.001118074,,0.000000000,,,0.000000,0.000000,0.000000,,0.000060285,0,1,0,0,,,,,,,warming_up,,,,,,,,,,,,,,JS:v0:k0:r0,,,,,,
12.501353,12.504356800,,hermite,ready,,1.7763568394002505e-15,4.085620730620576e-14,2.8421709430404007e-13,0,1.0,1,gJS_sBM_cAll_d03_mJS5_ch02,gJS_sBM_cAll_d03_mJS5_ch02,gJS_sBM_cAll_d03_mJS5_ch02,0.000000,,7.366667,0,,,replay_no_feasible_candidate,0.649504919,0.000000000,0.000000,replay_no_feasible_candidate,0.000000000,0.093573,0.056516,0.282744,0.000000,0.069130,0.000000,7.366667,0.350000,beat-sync,1.000000,1.000000,,0.000000000,0.170061901,left_wrist_yaw,0.000000000,right_wrist_roll,0.170061901,left_wrist_yaw,0.000000000,right_wrist_roll,0.024879,0.082929,0.811111,0.279264,0.000000000,0.000000000,0.000000000,0.001232109,0.000081673,0.001118074,,0.000000000,,,0.000000,0.000000,0.000000,,0.000059970,0,1,0,0,,,,,,,warming_up,,,,,,,,,,,,,,JS:v0:k0:r0,,,,,,
12.550997,12.554386100,,hermite,ready,,1.7763568394002505e-15,4.085620730620576e-14,2.8421709430404007e-13,0,1.0,1,gJS_sBM_cAll_d03_mJS5_ch02,gJS_sBM_cAll_d03_mJS5_ch02,gJS_sBM_cAll_d03_mJS5_ch02,0.000000,,7.366667,0,,,replay_no_feasible_candidate,0.656243991,0.000000000,0.000000,replay_no_feasible_candidate,0.000000000,0.093573,0.056516,0.282744,0.000000,0.069130,0.000000,7.366667,0.350000,beat-sync,1.000000,1.000000,,0.000000000,0.170061901,left_wrist_yaw,0.000000000,right_wrist_roll,0.170061901,left_wrist_yaw,0.000000000,right_wrist_roll,0.020425,0.083288,0.811004,0.283554,0.000000000,0.000000000,0.000000000,0.001232109,0.000081673,0.001118074,,0.000000000,,,0.000000,0.000000,0.000000,,0.000059659,0,1,0,0,,,,,,,warming_up,,,,,,,,,,,,,,JS:v0:k0:r0,,,,,,
12.601462,12.605433900,,hermite,ready,,1.7763568394002505e-15,4.085620730620576e-14,2.8421709430404007e-13,0,1.0,1,gJS_sBM_cAll_d03_mJS5_ch02,gJS_sBM_cAll_d03_mJS5_ch02,gJS_sBM_cAll_d03_mJS5_ch02,0.000000,,7.366667,0,,,replay_no_feasible_candidate,0.663094443,0.000000000,0.000000,replay_no_feasible_candidate,0.000000000,0.093573,0.056516,0.282744,0.000000,0.069130,0.000000,7.366667,0.350000,beat-sync,1.000000,1.000000,,0.000000000,0.170061901,left_wrist_yaw,0.000000000,right_wrist_roll,0.170061901,left_wrist_yaw,0.000000000,right_wrist_roll,0.024915,0.086097,0.810526,0.307228,0.000000000,0.000000000,0.000000000,0.001232109,0.000081673,0.001118074,,0.000000000,,,0.000000,0.000000,0.000000,,0.000059351,0,1,0,0,,,,,,,warming_up,,,,,,,,,,,,,,JS:v0:k0:r0,,,,,,
12.651070,12.654321500,,hermite,ready,,1.7763568394002505e-15,4.085620730620576e-14,2.8421709430404007e-13,0,1.0,1,gJS_sBM_cAll_d03_mJS5_ch02,gJS_sBM_cAll_d03_mJS5_ch02,gJS_sBM_cAll_d03_mJS5_ch02,0.000000,,7.366667,0,,,replay_no_feasible_candidate,0.669828466,0.000000000,0.000000,replay_no_feasible_candidate,0.000000000,0.093573,0.056516,0.282744,0.000000,0.069130,0.000000,7.366667,0.350000,beat-sync,1.000000,1.000000,,0.000000000,0.170061901,left_wrist_yaw,0.000000000,right_wrist_roll,0.170061901,left_wrist_yaw,0.000000000,right_wrist_roll,0.021110,0.086404,0.810521,0.318353,0.000000000,0.000000000,0.000000000,0.001232109,0.000081673,0.001118074,,0.000000000,,,0.000000,0.000000,0.000000,,0.000059046,0,1,0,0,,,,,,,warming_up,,,,,,,,,,,,,,JS:v0:k0:r0,,,,,,
12.701554,12.704719300,,hermite,ready,,1.7763568394002505e-15,4.085620730620576e-14,2.8421709430404007e-13,0,1.0,1,gJS_sBM_cAll_d03_mJS5_ch02,gJS_sBM_cAll_d03_mJS5_ch02,gJS_sBM_cAll_d03_mJS5_ch02,0.000000,,7.366667,0,,,replay_no_feasible_candidate,0.676681498,0.000000000,0.000000,replay_no_feasible_candidate,0.000000000,0.093573,0.056516,0.282744,0.000000,0.069130,0.000000,7.366667,0.350000,beat-sync,1.000000,1.000000,,0.000000000,0.170061901,left_wrist_yaw,0.000000000,right_wrist_roll,0.170061901,left_wrist_yaw,0.000000000,right_wrist_roll,0.025596,0.089439,0.810375,0.345299,0.000000000,0.000000000,0.000000000,0.001232109,0.000081673,0.001118074,,0.000000000,,,0.000000,0.000000,0.000000,,0.000058744,0,1,0,0,,,,,,,warming_up,,,,,,,,,,,,,,JS:v0:k0:r0,,,,,,
12.751460,12.754832600,,hermite,ready,,1.7763568394002505e-15,4.085620730620576e-14,2.8421709430404007e-13,0,1.0,1,gJS_sBM_cAll_d03_mJS5_ch02,gJS_sBM_cAll_d03_mJS5_ch02,gJS_sBM_cAll_d03_mJS5_ch02,0.000000,,7.366667,0,,,replay_no_feasible_candidate,0.683456122,0.000000000,0.000000,replay_no_feasible_candidate,0.000000000,0.093573,0.056516,0.282744,0.000000,0.069130,0.000000,7.366667,0.350000,beat-sync,1.000000,1.000000,,0.000000000,0.170061901,left_wrist_yaw,0.000000000,right_wrist_roll,0.170061901,left_wrist_yaw,0.000000000,right_wrist_roll,0.022575,0.089832,0.810331,0.354013,0.000000000,0.000000000,0.000000000,0.001232109,0.000081673,0.001118074,,0.000000000,,,0.000000,0.000000,0.000000,,0.000058445,0,1,0,0,,,,,,,warming_up,,,,,,,,,,,,,,JS:v0:k0:r0,,,,,,
12.803233,12.806532200,,hermite,ready,,1.7763568394002505e-15,4.085620730620576e-14,2.8421709430404007e-13,0,1.0,1,gJS_sBM_cAll_d03_mJS5_ch02,gJS_sBM_cAll_d03_mJS5_ch02,gJS_sBM_cAll_d03_mJS5_ch02,0.000000,,7.366667,0,,,replay_no_feasible_candidate,0.690484090,0.000000000,0.000000,replay_no_feasible_candidate,0.000000000,0.093573,0.056516,0.282744,0.000000,0.069130,0.000000,7.366667,0.350000,beat-sync,1.000000,1.000000,,0.000000000,0.170061901,left_wrist_yaw,0.000000000,right_wrist_roll,0.170061901,left_wrist_yaw,0.000000000,right_wrist_roll,0.027823,0.092776,0.809845,0.375991,0.000000000,0.000000000,0.000000000,0.001232109,0.000081673,0.001118074,,0.000000000,,,0.000000,0.000000,0.000000,,0.000058199,0,1,0,0,,,,,,,warming_up,,,,,,,,,,,,,,JS:v0:k0:r0,,,,,,
12.852892,12.856962500,,hermite,ready,,1.7763568394002505e-15,4.085620730620576e-14,2.8421709430404007e-13,0,1.0,1,gJS_sBM_cAll_d03_mJS5_ch02,gJS_sBM_cAll_d03_mJS5_ch02,gJS_sBM_cAll_d03_mJS5_ch02,0.000000,,7.366667,0,,,replay_no_feasible_candidate,0.697225158,0.000000000,0.000000,replay_no_feasible_candidate,0.000000000,0.093573,0.056516,0.282744,0.000000,0.069130,0.000000,7.366667,0.350000,beat-sync,1.000000,1.000000,,0.000000000,0.170061901,left_wrist_yaw,0.000000000,right_wrist_roll,0.170061901,left_wrist_yaw,0.000000000,right_wrist_roll,0.027621,0.093038,0.808674,0.381051,0.000000000,0.000000000,0.000000000,0.001232109,0.000081673,0.001118074,,0.000000000,,,0.000000,0.000000,0.000000,,0.000057906,0,1,0,0,,,,,,,warming_up,,,,,,,,,,,,,,JS:v0:k0:r0,,,,,,
12.904771,12.908852900,,hermite,ready,,1.7763568394002505e-15,4.085620730620576e-14,2.8421709430404007e-13,0,1.0,1,gJS_sBM_cAll_d03_mJS5_ch02,gJS_sBM_cAll_d03_mJS5_ch02,gJS_sBM_cAll_d03_mJS5_ch02,0.000000,,7.366667,0,,,replay_no_feasible_candidate,0.704267516,0.000000000,0.000000,replay_no_feasible_candidate,0.000000000,0.093573,0.056516,0.282744,0.000000,0.069130,0.000000,7.366667,0.350000,beat-sync,1.000000,1.000000,,0.000000000,0.170061901,left_wrist_yaw,0.000000000,right_wrist_roll,0.170061901,left_wrist_yaw,0.000000000,right_wrist_roll,0.034458,0.095469,0.807122,0.393836,0.000000000,0.000000000,0.000000000,0.001232109,0.000081673,0.001118074,,0.000000000,,,0.000000,0.000000,0.000000,,0.000057663,0,1,0,0,,,,,,,warming_up,,,,,,,,,,,,,,JS:v0:k0:r0,,,,,,
12.954714,12.957654700,,hermite,ready,,1.7763568394002505e-15,4.085620730620576e-14,2.8421709430404007e-13,0,1.0,1,gJS_sBM_cAll_d03_mJS5_ch02,gJS_sBM_cAll_d03_mJS5_ch02,gJS_sBM_cAll_d03_mJS5_ch02,0.000000,,7.366667,0,,,replay_no_feasible_candidate,0.711047136,0.000000000,0.000000,replay_no_feasible_candidate,0.000000000,0.093573,0.056516,0.282744,0.000000,0.069130,0.000000,7.366667,0.350000,beat-sync,1.000000,1.000000,,0.000000000,0.170061901,left_wrist_yaw,0.000000000,right_wrist_roll,0.170061901,left_wrist_yaw,0.000000000,right_wrist_roll,0.040556,0.097110,0.805297,0.399307,0.000000000,0.000000000,0.000000000,0.001232109,0.000081673,0.001118074,,0.000000000,,,0.000000,0.000000,0.000000,,0.000057376,0,1,0,0,,,,,,,warming_up,,,,,,,,,,,,,,JS:v0:k0:r0,,,,,,
13.005011,13.010548800,,hermite,ready,,1.7763568394002505e-15,4.085620730620576e-14,2.8421709430404007e-13,0,1.0,1,gJS_sBM_cAll_d03_mJS5_ch02,gJS_sBM_cAll_d03_mJS5_ch02,gJS_sBM_cAll_d03_mJS5_ch02,0.000000,,7.366667,0,,,replay_no_feasible_candidate,0.717874824,0.000000000,0.000000,replay_no_feasible_candidate,0.000000000,0.093573,0.056516,0.282744,0.000000,0.069130,0.000000,7.366667,0.350000,beat-sync,1.000000,1.000000,,0.000000000,0.170061901,left_wrist_yaw,0.000000000,right_wrist_roll,0.170061901,left_wrist_yaw,0.000000000,right_wrist_roll,0.046180,0.098125,0.803396,0.410104,0.000000000,0.000000000,0.000000000,0.001232109,0.000081673,0.001118074,,0.000000000,,,0.000000,0.000000,0.000000,,0.000057091,0,1,0,0,,,,,,,warming_up,,,,,,,,,,,,,,JS:v0:k0:r0,,,,,,
13.056837,13.069602200,,hermite,ready,,1.7763568394002505e-15,4.085620730620576e-14,2.8421709430404007e-13,0,1.0,1,gJS_sBM_cAll_d03_mJS5_ch02,gJS_sBM_cAll_d03_mJS5_ch02,gJS_sBM_cAll_d03_mJS5_ch02,0.000000,,7.366667,0,,,replay_no_feasible_candidate,0.724910054,0.000000000,0.000000,replay_no_feasible_candidate,0.000000000,0.093573,0.056516,0.282744,0.000000,0.069130,0.000000,7.366667,0.350000,beat-sync,1.000000,1.000000,,0.000000000,0.169539105,left_wrist_yaw,0.207479207,right_wrist_yaw,0.169539105,left_wrist_yaw,0.159040546,right_wrist_yaw,0.053835,0.099646,0.801415,0.413132,0.000000000,0.000000000,0.000000000,0.001232109,0.000081673,0.001118074,,0.000000000,,,0.744434,0.546650,38.603329,,0.000056855,0,1,0,0,,,,,,,warming_up,,,,,,,,,,,,,,JS:v0:k0:r0,,,,,,
13.105183,13.112490900,,hermite,ready,,1.7763568394002505e-15,4.085620730620576e-14,2.8421709430404007e-13,0,1.0,1,gJS_sBM_cAll_d03_mJS5_ch02,gJS_sBM_cAll_d03_mJS5_ch02,gJS_sBM_cAll_d03_mJS5_ch02,0.000000,,7.366667,0,,,replay_no_feasible_candidate,0.731472860,0.000000000,0.000000,replay_no_feasible_candidate,0.000000000,0.093573,0.056516,0.282744,0.000000,0.069130,0.000000,7.366667,0.350000,beat-sync,1.000000,1.000000,,0.000000000,0.184402496,right_wrist_yaw,0.136570391,right_wrist_yaw,0.184402496,right_wrist_yaw,0.144399745,right_wrist_yaw,0.059227,0.100170,0.800025,0.420255,0.000000000,0.000000000,0.000000000,0.001232109,0.000081673,0.001118074,,0.000000000,,,1.252216,0.775319,95.294921,,0.000056668,0,1,0,0,,,,,,,warming_up,,,,,,,,,,,,,,JS:v0:k0:r0,,,,,,
13.168818,13.183975900,,hermite,ready,,1.7763568394002505e-15,4.085620730620576e-14,2.8421709430404007e-13,0,1.0,1,gJS_sBM_cAll_d03_mJS5_ch02,gJS_sBM_cAll_d03_mJS5_ch02,gJS_sBM_cAll_d03_mJS5_ch02,0.000000,,7.366667,0,,,replay_no_feasible_candidate,0.740111027,0.000000000,0.000000,replay_no_feasible_candidate,0.000000000,0.093573,0.056516,0.282744,0.000000,0.069130,0.000000,7.366667,0.350000,beat-sync,1.000000,1.000000,,0.000000000,0.182167816,right_wrist_yaw,0.366083008,left_wrist_yaw,0.182167816,right_wrist_yaw,0.139618481,left_wrist_yaw,0.067504,0.101247,0.798927,0.422935,0.000000000,0.000000000,0.000000000,0.001232109,0.000081673,0.001118074,,0.000000000,,,0.709648,0.590907,20.679537,,0.000056529,0,1,0,0,,,,,,,warming_up,,,,,,,,,,,,,,JS:v0:k0:r0,,,,,,
13.213333,13.221548400,,hermite,ready,,1.7763568394002505e-15,4.085620730620576e-14,2.8421709430404007e-13,0,1.0,1,gJS_sBM_cAll_d03_mJS5_ch02,gJS_sBM_cAll_d03_mJS5_ch02,gJS_sBM_cAll_d03_mJS5_ch02,0.000000,,7.366667,0,,,replay_no_feasible_candidate,0.746153855,0.000000000,0.000000,replay_no_feasible_candidate,0.000000000,0.093573,0.056516,0.282744,0.000000,0.069130,0.000000,7.366667,0.350000,beat-sync,1.000000,1.000000,,0.000000000,0.178234641,right_wrist_yaw,0.261727681,right_wrist_yaw,0.178234641,right_wrist_yaw,0.184655971,right_wrist_yaw,0.069008,0.100201,0.798567,0.418789,0.000000000,0.000000000,0.000000000,0.001232109,0.000081673,0.001118074,,0.000000000,,,1.358702,0.935789,52.125718,,0.000056437,0,1,0,0,,,,,,,warming_up,,,,,,,,,,,,,,JS:v0:k0:r0,,,,,,
13.258168,13.267692200,,hermite,ready,,1.7763568394002505e-15,4.085620730620576e-14,2.8421709430404007e-13,0,1.0,1,gJS_sBM_cAll_d03_mJS5_ch02,gJS_sBM_cAll_d03_mJS5_ch02,gJS_sBM_cAll_d03_mJS5_ch02,0.000000,,7.366667,0,,,replay_no_feasible_candidate,0.752239986,0.000000000,0.000000,replay_no_feasible_candidate,0.000000000,0.093573,0.056516,0.282744,0.000000,0.069130,0.000000,7.366667,0.350000,beat-sync,1.000000,1.000000,,0.000000000,0.175431454,right_wrist_yaw,0.175553744,left_wrist_yaw,0.175431454,right_wrist_yaw,0.243881550,left_wrist_yaw,0.074688,0.100794,0.798563,0.423013,0.000000000,0.000000000,0.000000000,0.001232109,0.000081673,0.001118074,,0.000000000,,,1.507197,0.700907,151.670108,,0.000056252,0,1,0,0,,,,,,,warming_up,,,,,,,,,,,,,,JS:v0:k0:r0,,,,,,
13.305942,13.315766800,,hermite,ready,,1.7763568394002505e-15,4.085620730620576e-14,2.8421709430404007e-13,0,1.0,1,gJS_sBM_cAll_d03_mJS5_ch02,gJS_sBM_cAll_d03_mJS5_ch02,gJS_sBM_cAll_d03_mJS5_ch02,0.000000,,7.366667,0,,,replay_no_feasible_candidate,0.758725145,0.000000000,0.000000,replay_no_feasible_candidate,0.000000000,0.093573,0.056516,0.282744,0.000000,0.069130,0.000000,7.366667,0.350000,beat-sync,1.000000,1.000000,,0.000000000,0.172560273,right_wrist_yaw,0.084689326,right_wrist_yaw,0.172560273,right_wrist_yaw,0.108728278,right_wrist_yaw,0.079359,0.100998,0.798664,0.425684,0.000000000,0.000000000,0.000000000,0.001232109,0.000081673,0.001118074,,0.000000000,,,0.708906,0.379838,162.872930,,0.000056070,0,1,0,0,,,,,,,warming_up,,,,,,,,,,,,,,JS:v0:k0:r0,,,,,,
13.371855,13.380750100,,hermite,ready,,1.7763568394002505e-15,4.085620730620576e-14,2.8421709430404007e-13,0,1.0,1,gJS_sBM_cAll_d03_mJS5_ch02,gJS_sBM_cAll_d03_mJS5_ch02,gJS_sBM_cAll_d03_mJS5_ch02,0.000000,,7.366667,0,,,replay_no_feasible_candidate,0.767672638,0.000000000,0.000000,replay_no_feasible_candidate,0.000000000,0.093573,0.056516,0.282744,0.000000,0.069130,0.000000,7.366667,0.350000,beat-sync,1.000000,1.000000,,0.000000000,0.168673646,right_wrist_yaw,0.239197970,left_wrist_yaw,0.168673646,right_wrist_yaw,0.111080448,left_wrist_yaw,0.084118,0.100712,0.798761,0.427865,0.000000000,0.000000000,0.000000000,0.001232109,0.000081673,0.001118074,,0.000000000,,,0.889508,0.722199,71.043673,,0.000055933,0,1,0,0,,,,,,,warming_up,,,,,,,,,,,,,,JS:v0:k0:r0,,,,,,
13.416703,13.424874800,,hermite,ready,,1.7763568394002505e-15,4.085620730620576e-14,2.8421709430404007e-13,0,1.0,1,gJS_sBM_cAll_d03_mJS5_ch02,gJS_sBM_cAll_d03_mJS5_ch02,gJS_sBM_cAll_d03_mJS5_ch02,0.000000,,7.366667,0,,,replay_no_feasible_candidate,0.773760643,0.000000000,0.000000,replay_no_feasible_candidate,0.000000000,0.093573,0.056516,0.282744,0.000000,0.069130,0.000000,7.366667,0.350000,beat-sync,1.000000,1.000000,,0.000000000,0.165816729,right_wrist_yaw,0.200892832,right_wrist_yaw,0.165816729,right_wrist_yaw,0.110486064,right_wrist_yaw,0.083269,0.098964,0.798676,0.421528,0.000000000,0.000000000,0.000000000,0.001232109,0.000081673,0.001118074,,0.000000000,,,0.954789,0.687462,30.250296,,0.000055843,0,1,0,0,,,,,,,warming_up,,,,,,,,,,,,,,JS:v0:k0:r0,,,,,,
13.460604,13.472951400,,hermite,ready,,1.7763568394002505e-15,4.085620730620576e-14,2.8421709430404007e-13,0,1.0,1,gJS_sBM_cAll_d03_mJS5_ch02,gJS_sBM_cAll_d03_mJS5_ch02,gJS_sBM_cAll_d03_mJS5_ch02,0.000000,,7.366667,0,,,replay_no_feasible_candidate,0.779719946,0.000000000,0.000000,replay_no_feasible_candidate,0.000000000,0.093573,0.056516,0.282744,0.000000,0.069130,0.000000,7.366667,0.350000,beat-sync,1.000000,1.000000,,0.000000000,0.166242604,right_wrist_yaw,0.087641566,right_wrist_roll,0.166242604,right_wrist_yaw,0.031496875,right_wrist_roll,0.088470,0.099827,0.798810,0.429687,0.000000000,0.000000000,0.000000000,0.001232109,0.000081673,0.001118074,,0.000000000,,,0.192670,0.151059,38.604803,,0.000055752,0,1,0,0,,,,,,,warming_up,,,,,,,,,,,,,,JS:v0:k0:r0,,,,,,
13.501969,13.508202600,,hermite,ready,,1.7763568394002505e-15,4.085620730620576e-14,2.8421709430404007e-13,0,1.0,1,gJS_sBM_cAll_d03_mJS5_ch02,gJS_sBM_cAll_d03_mJS5_ch02,gJS_sBM_cAll_d03_mJS5_ch02,0.000000,,7.366667,0,,,replay_no_feasible_candidate,0.785335090,0.000000000,0.000000,replay_no_feasible_candidate,0.000000000,0.093573,0.056516,0.282744,0.000000,0.069130,0.000000,7.366667,0.350000,beat-sync,1.000000,1.000000,,0.000000000,0.166717419,right_wrist_yaw,0.203403833,left_wrist_yaw,0.166717419,right_wrist_yaw,0.137225105,left_wrist_yaw,0.091363,0.099919,0.798901,0.433146,0.000000000,0.000000000,0.000000000,0.001232109,0.000081673,0.001118074,,0.000000000,,,1.503926,1.180236,120.344919,,0.000055662,0,1,0,0,,,,,,,warming_up,,,,,,,,,,,,,,JS:v0:k0:r0,,,,,,
13.553007,13.558391100,,hermite,ready,,1.7763568394002505e-15,4.085620730620576e-14,2.8421709430404007e-13,0,1.0,1,gJS_sBM_cAll_d03_mJS5_ch02,gJS_sBM_cAll_d03_mJS5_ch02,gJS_sBM_cAll_d03_mJS5_ch02,0.000000,,7.366667,0,,,replay_no_feasible_candidate,0.792263421,0.000000000,0.000000,replay_no_feasible_candidate,0.000000000,0.093573,0.056516,0.282744,0.000000,0.069130,0.000000,7.366667,0.350000,beat-sync,1.000000,1.000000,,0.000000000,0.166364736,right_wrist_yaw,0.012118413,right_wrist_yaw,0.166364736,right_wrist_yaw,0.026624513,right_wrist_yaw,0.089496,0.098002,0.798880,0.425552,0.000000000,0.000000000,0.000000000,0.001232109,0.000081673,0.001118074,,0.000000000,,,0.166457,0.101202,233.629736,,0.000055439,0,1,0,0,,,,,,,warming_up,,,,,,,,,,,,,,JS:v0:k0:r0,,,,,,
13.603023,13.606656700,,hermite,ready,,1.7763568394002505e-15,4.085620730620576e-14,2.8421709430404007e-13,0,1.0,1,gJS_sBM_cAll_d03_mJS5_ch02,gJS_sBM_cAll_d03_mJS5_ch02,gJS_sBM_cAll_d03_mJS5_ch02,0.000000,,7.366667,0,,,replay_no_feasible_candidate,0.799052869,0.000000000,0.000000,replay_no_feasible_candidate,0.000000000,0.093573,0.056516,0.282744,0.000000,0.069130,0.000000,7.366667,0.350000,beat-sync,1.000000,1.000000,,0.000000000,0.168676636,right_wrist_yaw,0.047454699,right_wrist_yaw,0.168676636,right_wrist_yaw,0.060916206,right_wrist_yaw,0.093889,0.098799,0.798993,0.432385,0.000000000,0.000000000,0.000000000,0.001232109,0.000081673,0.001118074,,0.000000000,,,0.466060,0.383110,167.354787,,0.000055172,0,1,0,0,,,,,,,warming_up,,,,,,,,,,,,,,JS:v0:k0:r0,,,,,,
13.653539,13.657198800,,hermite,ready,,1.7763568394002505e-15,4.085620730620576e-14,2.8421709430404007e-13,0,1.0,1,gJS_sBM_cAll_d03_mJS5_ch02,gJS_sBM_cAll_d03_mJS5_ch02,gJS_sBM_cAll_d03_mJS5_ch02,0.000000,,7.366667,0,,,replay_no_feasible_candidate,0.805910299,0.000000000,0.000000,replay_no_feasible_candidate,0.000000000,0.093573,0.056516,0.282744,0.000000,0.069130,0.000000,7.366667,0.350000,beat-sync,1.000000,1.000000,,0.000000000,0.168751964,right_wrist_yaw,0.054476328,left_wrist_yaw,0.168751964,right_wrist_yaw,0.064090100,left_wrist_yaw,0.091595,0.097088,0.798966,0.424234,0.000000000,0.000000000,0.000000000,0.001232109,0.000081673,0.001118074,,0.000000000,,,0.318489,0.259287,188.576471,,0.000054909,0,1,0,0,,,,,,,warming_up,,,,,,,,,,,,,,JS:v0:k0:r0,,,,,,
13.703134,13.706913800,,hermite,ready,,1.7763568394002505e-15,4.085620730620576e-14,2.8421709430404007e-13,0,1.0,1,gJS_sBM_cAll_d03_mJS5_ch02,gJS_sBM_cAll_d03_mJS5_ch02,gJS_sBM_cAll_d03_mJS5_ch02,0.000000,,7.366667,0,,,replay_no_feasible_candidate,0.812642584,0.000000000,0.000000,replay_no_feasible_candidate,0.000000000,0.093573,0.056516,0.282744,0.000000,0.069130,0.000000,7.366667,0.350000,beat-sync,1.000000,1.000000,,0.000000000,0.170686950,right_wrist_yaw,0.038564090,right_wrist_yaw,0.170686950,right_wrist_yaw,0.047652345,right_wrist_yaw,0.095099,0.097914,0.799013,0.429618,0.000000000,0.000000000,0.000000000,0.001232109,0.000081673,0.001118074,,0.000000000,,,0.435532,0.352990,159.034965,,0.000054648,0,1,0,0,,,,,,,warming_up,,,,,,,,,,,,,,JS:v0:k0:r0,,,,,,
13.754297,13.758019300,,hermite,ready,,1.7763568394002505e-15,4.085620730620576e-14,2.8421709430404007e-13,0,1.0,1,gJS_sBM_cAll_d03_mJS5_ch02,gJS_sBM_cAll_d03_mJS5_ch02,gJS_sBM_cAll_d03_mJS5_ch02,0.000000,,7.366667,0,,,replay_no_feasible_candidate,0.819587774,0.000000000,0.000000,replay_no_feasible_candidate,0.000000000,0.093573,0.056516,0.282744,0.000000,0.069130,0.000000,7.366667,0.350000,beat-sync,1.000000,1.000000,,0.000000000,0.170328097,right_wrist_yaw,0.027360153,left_wrist_yaw,0.170328097,right_wrist_yaw,0.035265928,left_wrist_yaw,0.092324,0.096509,0.798948,0.421159,0.000000000,0.000000000,0.000000000,0.001232109,0.000081673,0.001118074,,0.000000000,,,0.123308,0.097810,238.385847,,0.000054432,0,1,0,0,,,,,,,warming_up,,,,,,,,,,,,,,JS:v0:k0:r0,,,,,,
13.805152,13.810179200,,hermite,ready,,1.7763568394002505e-15,4.085620730620576e-14,2.8421709430404007e-13,0,1.0,1,gJS_sBM_cAll_d03_mJS5_ch02,gJS_sBM_cAll_d03_mJS5_ch02,gJS_sBM_cAll_d03_mJS5_ch02,0.000000,,7.366667,0,,,replay_no_feasible_candidate,0.826491276,0.000000000,0.000000,replay_no_feasible_candidate,0.000000000,0.093573,0.056516,0.282744,0.000000,0.069130,0.000000,7.366667,0.350000,beat-sync,1.000000,1.000000,,0.000000000,0.171782191,right_wrist_yaw,0.045139318,left_wrist_yaw,0.171782191,right_wrist_yaw,0.042669924,left_wrist_yaw,0.094120,0.097189,0.799043,0.423353,0.000000000,0.000000000,0.000000000,0.001232109,0.000081673,0.001118074,,0.000000000,,,0.248909,0.207213,194.833306,,0.000054176,0,1,0,0,,,,,,,warming_up,,,,,,,,,,,,,,JS:v0:k0:r0,,,,,,
13.854938,13.858691700,,hermite,ready,,1.7763568394002505e-15,4.085620730620576e-14,2.8421709430404007e-13,0,1.0,1,gJS_sBM_cAll_d03_mJS5_ch02,gJS_sBM_cAll_d03_mJS5_ch02,gJS_sBM_cAll_d03_mJS5_ch02,0.000000,,7.366667,0,,,replay_no_feasible_candidate,0.833249557,0.000000000,0.000000,replay_no_feasible_candidate,0.000000000,0.093573,0.056516,0.282744,0.000000,0.069130,0.000000,7.366667,0.350000,beat-sync,1.000000,1.000000,,0.000000000,0.170925123,right_wrist_yaw,0.012135841,left_wrist_yaw,0.170925123,right_wrist_yaw,0.014090340,left_wrist_yaw,0.090925,0.096268,0.799184,0.415490,0.000000000,0.000000000,0.000000000,0.001232109,0.000081673,0.001118074,,0.000000000,,,0.235225,0.190981,261.754426,,0.000053964,0,1,0,0,,,,,,,warming_up,,,,,,,,,,,,,,JS:v0:k0:r0,,,,,,
13.904822,13.908144500,,hermite,ready,,1.7763568394002505e-15,4.085620730620576e-14,2.8421709430404007e-13,0,1.0,1,gJS_sBM_cAll_d03_mJS5_ch02,gJS_sBM_cAll_d03_mJS5_ch02,gJS_sBM_cAll_d03_mJS5_ch02,0.000000,,7.366667,0,,,replay_no_feasible_candidate,0.840021113,0.000000000,0.000000,replay_no_feasible_candidate,0.000000000,0.093573,0.056516,0.282744,0.000000,0.069130,0.000000,7.366667,0.350000,beat-sync,1.000000,1.000000,,0.000000000,0.171223537,right_wrist_yaw,0.035304264,right_wrist_yaw,0.171223537,right_wrist_yaw,0.044302223,right_wrist_yaw,0.091121,0.096923,0.799526,0.416083,0.000000000,0.000000000,0.000000000,0.001232109,0.000081673,0.001118074,,0.000000000,,,0.342188,0.281964,244.746285,,0.000053711,0,1,0,0,,,,,,,warming_up,,,,,,,,,,,,,,JS:v0:k0:r0,,,,,,
13.954624,13.958263700,,hermite,ready,,1.7763568394002505e-15,4.085620730620576e-14,2.8421709430404007e-13,0,1.0,1,gJS_sBM_cAll_d03_mJS5_ch02,gJS_sBM_cAll_d03_mJS5_ch02,gJS_sBM_cAll_d03_mJS5_ch02,0.000000,,7.366667,0,,,replay_no_feasible_candidate,0.846781484,0.000000000,0.000000,replay_no_feasible_candidate,0.000000000,0.093573,0.056516,0.282744,0.000000,0.069130,0.000000,7.366667,0.350000,beat-sync,1.000000,1.000000,,0.000000000,0.168478046,right_wrist_yaw,0.066040118,left_wrist_yaw,0.168478046,right_wrist_yaw,0.081249346,left_wrist_yaw,0.085655,0.095889,0.799959,0.406974,0.000000000,0.000000000,0.000000000,0.001232109,0.000081673,0.001118074,,0.000000000,,,0.285945,0.232869,265.448006,,0.000053462,0,1,0,0,,,,,,,warming_up,,,,,,,,,,,,,,JS:v0:k0:r0,,,,,,
14.004896,14.008341400,,hermite,ready,,1.7763568394002505e-15,4.085620730620576e-14,2.8421709430404007e-13,0,1.0,1,gJS_sBM_cAll_d03_mJS5_ch02,gJS_sBM_cAll_d03_mJS5_ch02,gJS_sBM_cAll_d03_mJS5_ch02,0.000000,,7.366667,0,,,replay_no_feasible_candidate,0.853605833,0.000000000,0.000000,replay_no_feasible_candidate,0.000000000,0.093573,0.056516,0.282744,0.000000,0.069130,0.000000,7.366667,0.350000,beat-sync,1.000000,1.000000,,0.000000000,0.166277029,right_wrist_yaw,0.095917619,right_wrist_yaw,0.166277029,right_wrist_yaw,0.109753596,right_wrist_yaw,0.083252,0.096552,0.800854,0.405927,0.000000000,0.000000000,0.000000000,0.001232109,0.000081673,0.001118074,,0.000000000,,,0.416063,0.347556,270.841808,,0.000053214,0,1,0,0,,,,,,,warming_up,,,,,,,,,,,,,,JS:v0:k0:r0,,,,,,
14.054893,14.058454300,,hermite,ready,,1.7763568394002505e-15,4.085620730620576e-14,2.8421709430404007e-13,0,1.0,1,gJS_sBM_cAll_d03_mJS5_ch02,gJS_sBM_cAll_d03_mJS5_ch02,gJS_sBM_cAll_d03_mJS5_ch02,0.000000,,7.366667,0,,,replay_no_feasible_candidate,0.860392742,0.000000000,0.000000,replay_no_feasible_candidate,0.000000000,0.093573,0.056516,0.282744,0.000000,0.069130,0.000000,7.366667,0.350000,beat-sync,1.000000,1.000000,,0.000000000,0.160873172,right_wrist_yaw,0.091284835,left_wrist_yaw,0.160873172,right_wrist_yaw,0.106113570,left_wrist_yaw,0.074717,0.095472,0.802040,0.397107,0.000000000,0.000000000,0.000000000,0.001232109,0.000081673,0.001118074,,0.000000000,,,0.386706,0.312229,254.874434,,0.000052969,0,1,0,0,,,,,,,warming_up,,,,,,,,,,,,,,JS:v0:k0:r0,,,,,,
14.104851,14.108255100,,hermite,ready,,1.7763568394002505e-15,4.085620730620576e-14,2.8421709430404007e-13,0,1.0,1,gJS_sBM_cAll_d03_mJS5_ch02,gJS_sBM_cAll_d03_mJS5_ch02,gJS_sBM_cAll_d03_mJS5_ch02,0.000000,,7.366667,0,,,replay_no_feasible_candidate,0.867174290,0.000000000,0.000000,replay_no_feasible_candidate,0.000000000,0.093573,0.056516,0.282744,0.000000,0.069130,0.000000,7.366667,0.350000,beat-sync,1.000000,1.000000,,0.000000000,0.157557910,right_wrist_yaw,0.094660166,right_wrist_yaw,0.157557910,right_wrist_yaw,0.111407891,right_wrist_yaw,0.069431,0.096002,0.803434,0.394969,0.000000000,0.000000000,0.000000000,0.001232109,0.000081673,0.001118074,,0.000000000,,,0.523550,0.426730,284.906089,,0.000052726,0,1,0,0,,,,,,,warming_up,,,,,,,,,,,,,,JS:v0:k0:r0,,,,,,
14.154625,14.157893900,,hermite,ready,,1.7763568394002505e-15,4.085620730620576e-14,2.8421709430404007e-13,0,1.0,1,gJS_sBM_cAll_d03_mJS5_ch02,gJS_sBM_cAll_d03_mJS5_ch02,gJS_sBM_cAll_d03_mJS5_ch02,0.000000,,7.366667,0,,,replay_no_feasible_candidate,0.873931009,0.000000000,0.000000,replay_no_feasible_candidate,0.000000000,0.093573,0.056516,0.282744,0.000000,0.069130,0.000000,7.366667,0.350000,beat-sync,1.000000,1.000000,,0.000000000,0.155295252,left_wrist_yaw,0.036000392,left_wrist_yaw,0.155295252,left_wrist_yaw,0.046685123,left_wrist_yaw,0.058916,0.094903,0.805102,0.384746,0.000000000,0.000000000,0.000000000,0.001232109,0.000081673,0.001118074,,0.000000000,,,0.332683,0.272584,293.904628,,0.000052485,0,1,0,0,,,,,,,warming_up,,,,,,,,,,,,,,JS:v0:k0:r0,,,,,,
14.204718,14.208316600,,hermite,ready,,1.7763568394002505e-15,4.085620730620576e-14,2.8421709430404007e-13,0,1.0,1,gJS_sBM_cAll_d03_mJS5_ch02,gJS_sBM_cAll_d03_mJS5_ch02,gJS_sBM_cAll_d03_mJS5_ch02,0.000000,,7.366667,0,,,replay_no_feasible_candidate,0.880730977,0.000000000,0.000000,replay_no_feasible_candidate,0.000000000,0.093573,0.056516,0.282744,0.000000,0.069130,0.000000,7.366667,0.350000,beat-sync,1.000000,1.000000,,0.000000000,0.153994592,left_wrist_yaw,0.034430938,right_wrist_yaw,0.153994592,left_wrist_yaw,0.042014362,right_wrist_yaw,0.053452,0.095616,0.807153,0.379387,0.000000000,0.000000000,0.000000000,0.001232109,0.000081673,0.001118074,,0.000000000,,,0.520346,0.409678,249.315359,,0.000052247,0,1,0,0,,,,,,,warming_up,,,,,,,,,,,,,,JS:v0:k0:r0,,,,,,
14.254974,14.258580800,,hermite,ready,,1.7763568394002505e-15,4.085620730620576e-14,2.8421709430404007e-13,0,1.0,1,gJS_sBM_cAll_d03_mJS5_ch02,gJS_sBM_cAll_d03_mJS5_ch02,gJS_sBM_cAll_d03_mJS5_ch02,0.000000,,7.366667,0,,,replay_no_feasible_candidate,0.887553045,0.000000000,0.000000,replay_no_feasible_candidate,0.000000000,0.093573,0.056516,0.282744,0.000000,0.069130,0.000000,7.366667,0.350000,beat-sync,1.000000,1.000000,,0.000000000,0.156297875,left_wrist_yaw,0.023013387,left_wrist_yaw,0.156297875,left_wrist_yaw,0.025394699,left_wrist_yaw,0.044067,0.094571,0.809192,0.366793,0.000000000,0.000000000,0.000000000,0.001232109,0.000081673,0.001118074,,0.000000000,,,0.417567,0.345187,276.226624,,0.000052010,0,1,0,0,,,,,,,warming_up,,,,,,,,,,,,,,JS:v0:k0:r0,,,,,,
14.304820,14.308387300,,hermite,ready,,1.7763568394002505e-15,4.085620730620576e-14,2.8421709430404007e-13,0,1.0,1,gJS_sBM_cAll_d03_mJS5_ch02,gJS_sBM_cAll_d03_mJS5_ch02,gJS_sBM_cAll_d03_mJS5_ch02,0.000000,,7.366667,0,,,replay_no_feasible_candidate,0.894319403,0.000000000,0.000000,replay_no_feasible_candidate,0.000000000,0.093573,0.056516,0.282744,0.000000,0.069130,0.000000,7.366667,0.350000,beat-sync,1.000000,1.000000,,0.000000000,0.157557051,left_wrist_yaw,0.064847491,left_wrist_yaw,0.157557051,left_wrist_yaw,0.074075523,left_wrist_yaw,0.040646,0.094966,0.810863,0.358892,0.000000000,0.000000000,0.000000000,0.001232109,0.000081673,0.001118074,,0.000000000,,,0.408255,0.333222,227.926092,,0.000051776,0,1,0,0,,,,,,,warming_up,,,,,,,,,,,,,,JS:v0:k0:r0,,,,,,
14.354922,14.358635700,,hermite,ready,,1.7763568394002505e-15,4.085620730620576e-14,2.8421709430404007e-13,0,1.0,1,gJS_sBM_cAll_d03_mJS5_ch02,gJS_sBM_cAll_d03_mJS5_ch02,gJS_sBM_cAll_d03_mJS5_ch02,0.000000,,7.366667,0,,,replay_no_feasible_candidate,0.901120688,0.000000000,0.000000,replay_no_feasible_candidate,0.000000000,0.093573,0.056516,0.282744,0.000000,0.069130,0.000000,7.366667,0.350000,beat-sync,1.000000,1.000000,,0.000000000,0.161143114,left_wrist_yaw,0.036801089,left_wrist_yaw,0.161143114,left_wrist_yaw,0.045743823,left_wrist_yaw,0.033651,0.093553,0.812183,0.344771,0.000000000,0.000000000,0.000000000,0.001232109,0.000081673,0.001118074,,0.000000000,,,0.358852,0.287963,208.430500,,0.000051544,0,1,0,0,,,,,,,warming_up,,,,,,,,,,,,,,JS:v0:k0:r0,,,,,,
14.404511,14.409144700,,hermite,ready,,1.7763568394002505e-15,4.085620730620576e-14,2.8421709430404007e-13,0,1.0,1,gJS_sBM_cAll_d03_mJS5_ch02,gJS_sBM_cAll_d03_mJS5_ch02,gJS_sBM_cAll_d03_mJS5_ch02,0.000000,,7.366667,0,,,replay_no_feasible_candidate,0.907852145,0.000000000,0.000000,replay_no_feasible_candidate,0.000000000,0.093573,0.056516,0.282744,0.000000,0.069130,0.000000,7.366667,0.350000,beat-sync,1.000000,1.000000,,0.000000000,0.162418546,left_wrist_yaw,0.018947819,right_wrist_yaw,0.162418546,left_wrist_yaw,0.044834599,right_wrist_yaw,0.034239,0.094171,0.812610,0.337329,0.000000000,0.000000000,0.000000000,0.001232109,0.000081673,0.001118074,,0.000000000,,,0.845440,0.578599,37.052361,,0.000051314,0,1,0,0,,,,,,,warming_up,,,,,,,,,,,,,,JS:v0:k0:r0,,,,,,
14.455056,14.458064500,,hermite,ready,,1.7763568394002505e-15,4.085620730620576e-14,2.8421709430404007e-13,0,1.0,1,gJS_sBM_cAll_d03_mJS5_ch02,gJS_sBM_cAll_d03_mJS5_ch02,gJS_sBM_cAll_d03_mJS5_ch02,0.000000,,7.366667,0,,,replay_no_feasible_candidate,0.914713525,0.000000000,0.000000,replay_no_feasible_candidate,0.000000000,0.093573,0.056516,0.282744,0.000000,0.069130,0.000000,7.366667,0.350000,beat-sync,1.000000,1.000000,,0.000000000,0.162453696,left_wrist_yaw,0.000000009,right_wrist_yaw,0.162453696,left_wrist_yaw,0.000000007,right_wrist_pitch,0.032796,0.093691,0.812529,0.331769,0.000000000,0.000000000,0.000000000,0.001232109,0.000081673,0.001118074,,0.000000000,,,0.000000,0.000000,0.000033,,0.000051086,0,1,0,0,,,,,,,warming_up,,,,,,,,,,,,,,JS:v0:k0:r0,,,,,,
14.504789,14.507891200,,hermite,ready,,1.7763568394002505e-15,4.085620730620576e-14,2.8421709430404007e-13,0,1.0,1,gJS_sBM_cAll_d03_mJS5_ch02,gJS_sBM_cAll_d03_mJS5_ch02,gJS_sBM_cAll_d03_mJS5_ch02,0.000000,,7.366667,0,,,replay_no_feasible_candidate,0.921464516,0.000000000,0.000000,replay_no_feasible_candidate,0.000000000,0.093573,0.056516,0.282744,0.000000,0.069130,0.000000,7.366667,0.350000,beat-sync,1.000000,1.000000,,0.000000000,0.162453696,left_wrist_yaw,0.000000000,right_wrist_roll,0.162453696,left_wrist_yaw,0.000000000,right_wrist_roll,0.031184,0.092805,0.811992,0.319268,0.000000000,0.000000000,0.000000000,0.001232109,0.000081673,0.001118074,,0.000000000,,,0.000000,0.000000,0.000000,,0.000050860,0,1,0,0,,,,,,,warming_up,,,,,,,,,,,,,,JS:v0:k0:r0,,,,,,
14.554832,14.557944500,,hermite,ready,,1.7763568394002505e-15,4.085620730620576e-14,2.8421709430404007e-13,0,1.0,1,gJS_sBM_cAll_d03_mJS5_ch02,gJS_sBM_cAll_d03_mJS5_ch02,gJS_sBM_cAll_d03_mJS5_ch02,0.000000,,7.366667,0,,,replay_no_feasible_candidate,0.928257697,0.000000000,0.000000,replay_no_feasible_candidate,0.000000000,0.093573,0.056516,0.282744,0.000000,0.069130,0.000000,7.366667,0.350000,beat-sync,1.000000,1.000000,,0.000000000,0.162453696,left_wrist_yaw,0.000000000,right_wrist_roll,0.162453696,left_wrist_yaw,0.000000000,right_wrist_roll,0.030767,0.092143,0.811463,0.308686,0.000000000,0.000000000,0.000000000,0.001232109,0.000081673,0.001118074,,0.000000000,,,0.000000,0.000000,0.000000,,0.000050635,0,1,0,0,,,,,,,warming_up,,,,,,,,,,,,,,JS:v0:k0:r0,,,,,,
14.604573,14.607330800,,hermite,ready,,1.7763568394002505e-15,4.085620730620576e-14,2.8421709430404007e-13,0,0.9992815257516607,1,gJS_sBM_cAll_d03_mJS5_ch02,gJS_sBM_cAll_d03_mJS5_ch02,gJS_sBM_cAll_d03_mJS5_ch02,0.000000,,7.366667,0,,,replay_no_feasible_candidate,0.935009842,0.000000000,0.000000,replay_no_feasible_candidate,0.000000000,0.093573,0.056516,0.282744,0.000000,0.069130,0.000000,7.366667,0.350000,beat-sync,1.000000,1.000000,,0.000000000,0.162453696,left_wrist_yaw,0.000000000,right_wrist_roll,0.162453696,left_wrist_yaw,0.000000000,right_wrist_roll,0.030886,0.091540,0.811215,0.303077,0.000000000,0.000000000,0.000000000,0.001232109,0.000081673,0.001118074,,0.000000000,,,0.000000,0.000000,0.000000,,0.000050413,0,1,0,0,,,,,,,warming_up,,,,,,,,,,,,,,JS:v0:k0:r0,,,,,,
14.655619,14.659244100,,hermite,ready,,1.7763568394002505e-15,4.085620730620576e-14,2.8421709430404007e-13,0,0.9759567288631636,1,gJS_sBM_cAll_d03_mJS5_ch02,gJS_sBM_cAll_d03_mJS5_ch02,gJS_sBM_cAll_d03_mJS5_ch02,0.000000,,7.366667,0,,,replay_no_feasible_candidate,0.941939285,0.000000000,0.000000,replay_no_feasible_candidate,0.000000000,0.093573,0.056516,0.282744,0.000000,0.069130,0.000000,7.366667,0.350000,beat-sync,1.000000,1.000000,,0.000000000,0.162453696,left_wrist_yaw,0.000000000,right_wrist_roll,0.162453696,left_wrist_yaw,0.000000000,right_wrist_roll,0.030810,0.090836,0.811082,0.294826,0.000000000,0.000000000,0.000000000,0.001232109,0.000081673,0.001118074,,0.000000000,,,0.000000,0.000000,0.000000,,0.000050193,0,1,0,0,,,,,,,warming_up,,,,,,,,,,,,,,JS:v0:k0:r0,,,,,,
14.704884,14.707797100,,hermite,ready,,1.7763568394002505e-15,4.085620730620576e-14,2.8421709430404007e-13,0,0.9036252552270317,1,gJS_sBM_cAll_d03_mJS5_ch02,gJS_sBM_cAll_d03_mJS5_ch02,gJS_sBM_cAll_d03_mJS5_ch02,0.000000,,7.366667,0,,,replay_no_feasible_candidate,0.948626842,0.000000000,0.000000,replay_no_feasible_candidate,0.000000000,0.093573,0.056516,0.282744,0.000000,0.069130,0.000000,7.366667,0.350000,beat-sync,1.000000,1.000000,,0.000000000,0.162453696,left_wrist_yaw,0.000000000,right_wrist_roll,0.162453696,left_wrist_yaw,0.000000000,right_wrist_roll,0.029038,0.089724,0.811266,0.290585,0.000000000,0.000000000,0.000000000,0.001232109,0.000081673,0.001118074,,0.000000000,,,0.000000,0.000000,0.000000,,0.000049975,0,1,0,0,,,,,,,warming_up,,,,,,,,,,,,,,JS:v0:k0:r0,,,,,,
14.754726,14.757631500,,hermite,ready,,1.7763568394002505e-15,4.085620730620576e-14,2.8421709430404007e-13,0,0.7759257276256238,1,gJS_sBM_cAll_d03_mJS5_ch02,gJS_sBM_cAll_d03_mJS5_ch02,gJS_sBM_cAll_d03_mJS5_ch02,0.000000,,7.366667,0,,,replay_no_feasible_candidate,0.955392629,0.000000000,0.000000,replay_no_feasible_candidate,0.000000000,0.093573,0.056516,0.282744,0.000000,0.069130,0.000000,7.366667,0.350000,beat-sync,1.000000,1.000000,,0.000000000,0.162453696,left_wrist_yaw,0.000000000,right_wrist_roll,0.162453696,left_wrist_yaw,0.000000000,right_wrist_roll,0.031910,0.090070,0.811274,0.291812,0.000000000,0.000000000,0.000000000,0.001232109,0.000081673,0.001118074,,0.000000000,,,0.000000,0.000000,0.000000,,0.000049759,0,1,0,0,,,,,,,warming_up,,,,,,,,,,,,,,JS:v0:k0:r0,,,,,,
14.804951,14.810325000,,hermite,ready,,1.7763568394002505e-15,4.085620730620576e-14,2.8421709430404007e-13,0,0.6055231083171234,1,gJS_sBM_cAll_d03_mJS5_ch02,gJS_sBM_cAll_d03_mJS5_ch02,gJS_sBM_cAll_d03_mJS5_ch02,0.000000,,7.366667,0,,,replay_no_feasible_candidate,0.962210529,0.000000000,0.000000,replay_no_feasible_candidate,0.000000000,0.093573,0.056516,0.282744,0.000000,0.069130,0.000000,7.366667,0.350000,beat-sync,1.000000,1.000000,,0.000000000,0.162453696,left_wrist_yaw,0.000000000,right_wrist_roll,0.162453696,left_wrist_yaw,0.000000000,right_wrist_roll,0.032057,0.089952,0.811359,0.288247,0.000000000,0.000000000,0.000000000,0.001232109,0.000081673,0.001118074,,0.000000000,,,0.000000,0.000000,0.000000,,0.000049544,0,1,0,0,,,,,,,warming_up,,,,,,,,,,,,,,JS:v0:k0:r0,,,,,,
14.854514,14.857648400,,hermite,ready,,1.7763568394002505e-15,4.085620730620576e-14,2.8421709430404007e-13,0,0.4209506559971783,1,gJS_sBM_cAll_d03_mJS5_ch02,gJS_sBM_cAll_d03_mJS5_ch02,gJS_sBM_cAll_d03_mJS5_ch02,0.000000,,7.366667,0,,,replay_no_feasible_candidate,0.968938593,0.000000000,0.000000,replay_no_feasible_candidate,0.000000000,0.093573,0.056516,0.282744,0.000000,0.069130,0.000000,7.366667,0.350000,beat-sync,1.000000,1.000000,,0.000000000,0.162453696,left_wrist_yaw,0.000000000,right_wrist_roll,0.162453696,left_wrist_yaw,0.000000000,right_wrist_roll,0.032656,0.089991,0.811401,0.288671,0.000000000,0.000000000,0.000000000,0.001232109,0.000081673,0.001118074,,0.000000000,,,0.000000,0.000000,0.000000,,0.000049332,0,1,0,0,,,,,,,warming_up,,,,,,,,,,,,,,JS:v0:k0:r0,,,,,,
14.904827,14.911524500,,hermite,ready,,1.7763568394002505e-15,4.085620730620576e-14,2.8421709430404007e-13,0,0.24615569539059612,1,gJS_sBM_cAll_d03_mJS5_ch02,gJS_sBM_cAll_d03_mJS5_ch02,gJS_sBM_cAll_d03_mJS5_ch02,0.000000,,7.366667,0,,,replay_no_feasible_candidate,0.975768439,0.000000000,0.000000,replay_no_feasible_candidate,0.000000000,0.093573,0.056516,0.282744,0.000000,0.069130,0.000000,7.366667,0.350000,beat-sync,1.000000,1.000000,,0.000000000,0.162453696,left_wrist_yaw,0.000000000,right_wrist_roll,0.162453696,left_wrist_yaw,0.000000000,right_wrist_roll,0.033176,0.090105,0.811446,0.289492,0.000000000,0.000000000,0.000000000,0.001232109,0.000081673,0.001118074,,0.000000000,,,0.000000,0.000000,0.000000,,0.000049121,0,1,0,0,,,,,,,warming_up,,,,,,,,,,,,,,JS:v0:k0:r0,,,,,,
14.955062,14.958060800,,hermite,ready,,1.7763568394002505e-15,4.085620730620576e-14,2.8421709430404007e-13,0,0.11053568670621536,1,gJS_sBM_cAll_d03_mJS5_ch02,gJS_sBM_cAll_d03_mJS5_ch02,gJS_sBM_cAll_d03_mJS5_ch02,0.000000,,7.366667,0,,,replay_no_feasible_candidate,0.982587629,0.000000000,0.000000,replay_no_feasible_candidate,0.000000000,0.093573,0.056516,0.282744,0.000000,0.069130,0.000000,7.366667,0.350000,beat-sync,1.000000,1.000000,,0.000000000,0.162453696,left_wrist_yaw,0.000000000,right_wrist_roll,0.162453696,left_wrist_yaw,0.000000000,right_wrist_roll,0.033550,0.090267,0.811524,0.290806,0.000000000,0.000000000,0.000000000,0.001232109,0.000081673,0.001118074,,0.000000000,,,0.000000,0.000000,0.000000,,0.000048946,0,1,0,0,,,,,,,warming_up,,,,,,,,,,,,,,JS:v0:k0:r0,,,,,,
15.005167,15.008290500,,hermite,ready,,1.7763568394002505e-15,4.085620730620576e-14,2.8421709430404007e-13,0,0.02980767036848615,1,gJS_sBM_cAll_d03_mJS5_ch02,gJS_sBM_cAll_d03_mJS5_ch02,gJS_sBM_cAll_d03_mJS5_ch02,0.000000,,7.366667,0,,,replay_no_feasible_candidate,0.989389253,0.000000000,0.000000,replay_no_feasible_candidate,0.000000000,0.093573,0.056516,0.282744,0.000000,0.069130,0.000000,7.366667,0.350000,beat-sync,1.000000,1.000000,,0.000000000,0.162453696,left_wrist_yaw,0.000000000,right_wrist_roll,0.162453696,left_wrist_yaw,0.000000000,right_wrist_roll,0.033801,0.090478,0.811600,0.292009,0.000000000,0.000000000,0.000000000,0.001232109,0.000081673,0.001118074,,0.000000000,,,0.000000,0.000000,0.000000,,0.000048739,0,1,0,0,,,,,,,warming_up,,,,,,,,,,,,,,JS:v0:k0:r0,,,,,,
15.054991,15.059819400,,hermite,ready,,1.7763568394002505e-15,4.085620730620576e-14,2.8421709430404007e-13,0,0.0016700275944029818,1,gJS_sBM_cAll_d03_mJS5_ch02,gJS_sBM_cAll_d03_mJS5_ch02,gJS_sBM_cAll_d03_mJS5_ch02,0.000000,,7.366667,0,,,replay_no_feasible_candidate,0.996152611,0.000000000,0.000000,replay_no_feasible_candidate,0.000000000,0.093573,0.056516,0.282744,0.000000,0.069130,0.000000,7.366667,0.350000,beat-sync,1.000000,1.000000,,0.000000000,0.162453696,left_wrist_yaw,0.000000000,right_wrist_roll,0.162453696,left_wrist_yaw,0.000000000,right_wrist_roll,0.033976,0.090611,0.811618,0.292594,0.000000000,0.000000000,0.000000000,0.001232109,0.000081673,0.001118074,,0.000000000,,,0.000000,0.000000,0.000000,,0.000048533,0,1,0,0,,,,,,,warming_up,,,,,,,,,,,,,,JS:v0:k0:r0,,,,,,
15.089617,15.104419300,switch_start,hermite,executing,,1.7763568394002505e-15,4.085620730620576e-14,2.8421709430404007e-13,0,0.0,1,gJS_sBM_cAll_d03_mJS5_ch02,,,0.000000,,15.083333,0,,gJS_sBM_cAll_d03_mJS5_ch02,replay_no_feasible_candidate,1.000000000,0.000000000,0.017954,replay_no_feasible_candidate,0.000000000,0.093573,0.056516,0.282744,0.000000,0.069130,0.000000,7.366667,0.350000,beat-sync,1.000000,1.000000,,0.000000000,0.162452655,left_wrist_yaw,0.016944803,right_wrist_roll,0.162452655,left_wrist_yaw,0.009061760,right_wrist_roll,0.034016,0.090647,0.811610,0.292768,0.000000000,0.000000000,0.000000000,0.001232109,0.000081673,0.001118074,,0.000000000,,,0.010641,0.008338,0.419308,,0.000048397,0,1,0,0,,,,,,,warming_up,,,,,,,,,,,,,,JS:v0:k0:r0,,,,,,
15.113806,15.118355700,,hermite,executing,,1.7763568394002505e-15,4.085620730620576e-14,2.8421709430404007e-13,0,0.0,1,gJS_sBM_cAll_d03_mJS5_ch02,,,0.000000,,15.083333,0,,gJS_sBM_cAll_d03_mJS5_ch02,replay_no_feasible_candidate,1.000000000,0.000000000,0.087064,replay_no_feasible_candidate,0.000000000,0.093573,0.056516,0.282744,0.000000,0.069130,0.000000,7.366667,0.350000,beat-sync,1.000000,1.000000,,0.000000000,0.167664800,right_wrist_yaw,1.665236159,right_wrist_roll,0.167664800,right_wrist_yaw,1.280943009,right_wrist_roll,0.034016,0.090647,0.811617,0.292768,0.000000000,0.000000000,0.000000000,0.001232109,0.000081673,0.001118074,,0.000000000,,,1.498905,1.202699,88.461319,,0.000048363,0,1,0,0,,,,,,,warming_up,,,,,,,,,,,,,,JS:v0:k0:r0,,,,,,
15.155905,15.160263700,,hermite,executing,,1.7763568394002505e-15,4.085620730620576e-14,2.8421709430404007e-13,0,0.0,1,gJS_sBM_cAll_d03_mJS5_ch02,,,0.000000,,15.083333,0,,gJS_sBM_cAll_d03_mJS5_ch02,replay_no_feasible_candidate,1.000000000,0.000000000,0.207349,replay_no_feasible_candidate,0.000000000,0.093573,0.056516,0.282744,0.000000,0.069130,0.000000,7.366667,0.350000,beat-sync,1.000000,1.000000,,0.000000000,0.266853526,right_wrist_yaw,4.524941428,right_wrist_roll,0.266853526,right_wrist_yaw,5.337727936,right_wrist_roll,0.034016,0.090647,0.811689,0.292772,0.000000000,0.000000000,0.000000000,0.001232109,0.000081673,0.001118074,,0.000000000,,,6.171079,4.496969,26.378279,,0.000048194,0,1,0,0,,,,,,,warming_up,,,,,,,,,,,,,,JS:v0:k0:r0,,,,,,
15.206045,15.210991900,,hermite,executing,,1.7763568394002505e-15,4.085620730620576e-14,2.8421709430404007e-13,1,0.0,1,gJS_sBM_cAll_d03_mJS5_ch02,,,0.000000,,15.083333,0,,gJS_sBM_cAll_d03_mJS5_ch02,replay_no_feasible_candidate,1.000000000,0.000000000,0.350604,replay_no_feasible_candidate,0.000000000,0.093573,0.056516,0.282744,0.000000,0.069130,0.000000,7.366667,0.350000,beat-sync,1.000000,1.000000,,0.000000000,0.517851513,right_wrist_yaw,7.427419411,right_wrist_roll,0.517851513,right_wrist_yaw,12.971675320,right_wrist_roll,0.034016,0.090647,0.811903,0.292782,0.000000000,0.000000000,0.000000000,0.001232109,0.000081673,0.001118074,,0.000000000,,,16.766545,7.712860,212.528554,right_shoulder_yaw,0.000072039,0,1,0,0,,,,,,,warming_up,,,,,,,,,,,,,,JS:v0:k0:r0,,,,,,
15.260916,15.272509100,,hermite,executing,,1.7763568394002505e-15,4.085620730620576e-14,2.8421709430404007e-13,0,0.0,1,gJS_sBM_cAll_d03_mJS5_ch02,,,0.000000,,15.083333,0,,gJS_sBM_cAll_d03_mJS5_ch02,replay_no_feasible_candidate,1.000000000,0.000000000,0.507379,replay_no_feasible_candidate,0.000000000,0.093573,0.056516,0.282744,0.000000,0.069130,0.000000,7.366667,0.350000,beat-sync,1.000000,1.000000,,0.000000000,0.831755834,right_wrist_roll,14.201050104,right_wrist_roll,0.831755834,right_wrist_roll,9.229899871,right_wrist_roll,0.034016,0.090647,0.812247,0.292787,0.000000000,0.000000000,0.000000000,0.001232109,0.000081673,0.001118074,,0.000000000,,,10.395940,5.833604,247.014470,,0.000071889,0,1,0,0,,,,,,,warming_up,,,,,,,,,,,,,,JS:v0:k0:r0,,,,,,
15.304745,15.312526000,,hermite,executing,,1.7763568394002505e-15,4.085620730620576e-14,2.8421709430404007e-13,0,0.0,1,gJS_sBM_cAll_d03_mJS5_ch02,,,0.000000,,15.083333,0,,gJS_sBM_cAll_d03_mJS5_ch02,replay_no_feasible_candidate,1.000000000,0.000000000,0.632606,replay_no_feasible_candidate,0.000000000,0.093573,0.056516,0.282744,0.000000,0.069130,0.000000,7.366667,0.350000,beat-sync,1.000000,1.000000,,0.000000000,0.963375930,right_wrist_roll,4.955613420,left_wrist_pitch,0.963375930,right_wrist_roll,2.275417431,left_wrist_pitch,0.034016,0.090647,0.812524,0.292782,0.000000000,0.000000000,0.000000000,0.001232109,0.000081673,0.001118074,,0.000000000,,,4.857773,3.635188,237.137222,,0.000071789,0,1,0,0,,,,,,,warming_up,,,,,,,,,,,,,,JS:v0:k0:r0,,,,,,
15.361998,15.367659200,,hermite,executing,,1.7763568394002505e-15,4.085620730620576e-14,2.8421709430404007e-13,0,0.0,1,gJS_sBM_cAll_d03_mJS5_ch02,,,0.000000,,15.083333,0,,gJS_sBM_cAll_d03_mJS5_ch02,replay_no_feasible_candidate,1.000000000,0.000000000,0.796183,replay_no_feasible_candidate,0.000000000,0.093573,0.056516,0.282744,0.000000,0.069130,0.000000,7.366667,0.350000,beat-sync,1.000000,1.000000,,0.000000000,0.714099970,left_wrist_pitch,15.560863470,right_wrist_roll,0.714099970,left_wrist_pitch,10.795000352,right_wrist_roll,0.034016,0.090647,0.812775,0.292771,0.000000000,0.000000000,0.000000000,0.001232109,0.000081673,0.001118074,,0.000000000,,,13.675012,10.502977,276.489062,,0.000071640,0,1,0,0,,,,,,,warming_up,,,,,,,,,,,,,,JS:v0:k0:r0,,,,,,
15.420623,15.427795900,,hermite,executing,,1.7763568394002505e-15,4.085620730620576e-14,2.8421709430404007e-13,0,0.0,1,gJS_sBM_cAll_d03_mJS5_ch02,,,0.000000,,15.083333,0,,gJS_sBM_cAll_d03_mJS5_ch02,replay_no_feasible_candidate,1.000000000,0.000000000,0.963684,replay_no_feasible_candidate,0.000000000,0.093573,0.056516,0.282744,0.000000,0.069130,0.000000,7.366667,0.350000,beat-sync,1.000000,1.000000,,0.000000000,0.242872624,left_wrist_pitch,24.771935311,right_wrist_roll,0.242872624,left_wrist_pitch,14.299167695,right_wrist_roll,0.034016,0.090647,0.812850,0.292767,0.000000000,0.000000000,0.000000000,0.001232109,0.000081673,0.001118074,,0.000000000,,,15.097990,13.557323,361.642511,,0.000190512,0,1,0,0,,,,,,,warming_up,,,,,,,,,,,,,,JS:v0:k0:r0,,,,,,
15.438308,15.446964500,switch_complete,hermite,awaiting_preparation,,1.7763568394002505e-15,4.085620730620576e-14,2.8421709430404007e-13,0,9.705281948388396e-06,2,gJS_sBM_cAll_d03_mJS5_ch02,,,0.000000,,15.083333,0,,,replay_no_feasible_candidate,0.000675362,0.000000000,1.000000,replay_no_feasible_candidate,0.000000000,0.093573,0.056516,0.282744,0.000000,0.069130,0.000000,7.366667,0.350000,beat-sync,1.000000,1.000000,,0.000000000,0.149073837,left_wrist_yaw,16.134337729,left_wrist_pitch,0.149073837,left_wrist_yaw,7.578563705,left_wrist_pitch,0.033392,0.090383,0.812806,0.293379,0.000000000,0.000000000,0.000000000,0.001232109,0.000081673,0.001118074,,0.000000000,,,9.330683,7.781981,428.994875,,0.000190381,0,1,0,0,,,,,,,warming_up,,,,,,,,,,,,,,JS:v0:k0:r0,,,,,,
15.456574,15.480452900,post_switch_continuity,hermite,preparing,,1.7763568394002505e-15,4.085620730620576e-14,2.8421709430404007e-13,0,0.0009354967705944017,2,gJS_sBM_cAll_d03_mJS5_ch02,,,0.000000,,15.083333,0,,,replay_no_feasible_candidate,0.003154814,0.000000000,0.000000,replay_no_feasible_candidate,0.000000000,0.093573,0.056516,0.282744,0.000000,0.069130,0.000000,7.366667,0.350000,beat-sync,1.000000,1.000000,,0.000000000,0.155445843,left_wrist_yaw,11.480984934,left_wrist_pitch,0.155445843,left_wrist_yaw,4.270990016,left_wrist_pitch,0.031335,0.089570,0.812618,0.294965,0.000000000,0.000000000,0.000000000,0.002212512,0.000187223,0.001586033,,0.000000000,,,7.941929,6.181072,159.054488,,0.000190250,0,1,0,0,,,,,,,warming_up,,,,,,,,,,,,,,JS:v0:k0:r0,,,,,,
15.517521,15.524433400,,hermite,ready,,1.7763568394002505e-15,4.085620730620576e-14,2.8421709430404007e-13,0,0.036490404037392114,2,gJS_sBM_cAll_d03_mJS5_ch02,gJS_sBM_cAll_d03_mJS5_ch02,gJS_sBM_cAll_d03_mJS5_ch02,0.000000,,15.083333,0,,,replay_no_feasible_candidate,0.011428149,0.000000000,0.000000,replay_no_feasible_candidate,0.000000000,0.093573,0.056516,0.282744,0.000000,0.069130,0.000000,7.366667,0.350000,beat-sync,1.000000,1.000000,,0.000000000,0.158271011,left_wrist_yaw,0.287695895,right_wrist_pitch,0.158271011,left_wrist_yaw,0.155440380,right_wrist_pitch,0.035738,0.090892,0.811578,0.296803,0.000000000,0.000000000,0.000000000,0.002212512,0.000187223,0.001586033,,0.000000000,,,0.875104,0.680162,535.521226,,0.000189988,0,1,0,0,,,,,,,warming_up,,,,,,,,,,,,,,JS:v0:k0:r0,,,,,,
15.568690,15.578377800,,hermite,ready,,1.7763568394002505e-15,4.085620730620576e-14,2.8421709430404007e-13,0,0.12655569970334812,2,gJS_sBM_cAll_d03_mJS5_ch02,gJS_sBM_cAll_d03_mJS5_ch02,gJS_sBM_cAll_d03_mJS5_ch02,0.000000,,15.083333,0,,,replay_no_feasible_candidate,0.018374195,0.000000000,0.000000,replay_no_feasible_candidate,0.000000000,0.093573,0.056516,0.282744,0.000000,0.069130,0.000000,7.366667,0.350000,beat-sync,1.000000,1.000000,,0.000000000,0.157764903,left_wrist_yaw,0.070571800,right_wrist_yaw,0.157764903,left_wrist_yaw,0.034324471,right_wrist_yaw,0.030716,0.089524,0.812232,0.296293,0.000000000,0.000000000,0.000000000,0.002212512,0.000187223,0.001586033,,0.000000000,,,1.453343,1.332138,126.326156,,0.000189596,0,1,0,0,,,,,,,warming_up,,,,,,,,,,,,,,JS:v0:k0:r0,,,,,,
15.600178,15.611237100,,hermite,ready,,1.7763568394002505e-15,4.085620730620576e-14,2.8421709430404007e-13,0,0.21040482534189497,2,gJS_sBM_cAll_d03_mJS5_ch02,gJS_sBM_cAll_d03_mJS5_ch02,gJS_sBM_cAll_d03_mJS5_ch02,0.000000,,15.083333,0,,,replay_no_feasible_candidate,0.022648624,0.000000000,0.000000,replay_no_feasible_candidate,0.000000000,0.093573,0.056516,0.282744,0.000000,0.069130,0.000000,7.366667,0.350000,beat-sync,1.000000,1.000000,,0.000000000,0.157397768,left_wrist_yaw,0.050479597,right_wrist_yaw,0.157397768,left_wrist_yaw,0.033179265,right_wrist_yaw,0.029708,0.089396,0.812361,0.296009,0.000000000,0.000000000,0.000000000,0.002212512,0.000187223,0.001586033,,0.000000000,,,1.518780,1.155120,129.921887,,0.000189336,0,1,0,0,,,,,,,warming_up,,,,,,,,,,,,,,JS:v0:k0:r0,,,,,,
15.657524,15.662891000,,hermite,ready,,1.7763568394002505e-15,4.085620730620576e-14,2.8421709430404007e-13,0,0.403901955681441,2,gJS_sBM_cAll_d03_mJS5_ch02,gJS_sBM_cAll_d03_mJS5_ch02,gJS_sBM_cAll_d03_mJS5_ch02,0.000000,,15.083333,0,,,replay_no_feasible_candidate,0.030433176,0.000000000,0.000000,replay_no_feasible_candidate,0.000000000,0.093573,0.056516,0.282744,0.000000,0.069130,0.000000,7.366667,0.350000,beat-sync,1.000000,1.000000,,0.000000000,0.156658614,left_wrist_yaw,0.027194892,right_wrist_yaw,0.156658614,left_wrist_yaw,0.033467836,right_wrist_yaw,0.031817,0.090397,0.812094,0.296168,0.000000000,0.000000000,0.000000000,0.002212512,0.000187223,0.001586033,,0.000000000,,,1.478174,1.030867,285.673124,,0.000188817,0,1,0,0,,,,,,,warming_up,,,,,,,,,,,,,,JS:v0:k0:r0,,,,,,
15.705728,15.709834900,,hermite,ready,,1.7763568394002505e-15,4.085620730620576e-14,2.8421709430404007e-13,0,0.5835329326229957,2,gJS_sBM_cAll_d03_mJS5_ch02,gJS_sBM_cAll_d03_mJS5_ch02,gJS_sBM_cAll_d03_mJS5_ch02,0.000000,,15.083333,0,,,replay_no_feasible_candidate,0.036976692,0.000000000,0.000000,replay_no_feasible_candidate,0.000000000,0.093573,0.056516,0.282744,0.000000,0.069130,0.000000,7.366667,0.350000,beat-sync,1.000000,1.000000,,0.000000000,0.156643763,left_wrist_yaw,0.006684088,left_wrist_roll,0.156643763,left_wrist_yaw,0.008496534,left_wrist_roll,0.029871,0.090028,0.812327,0.295640,0.000000000,0.000000000,0.000000000,0.002212512,0.000187223,0.001586033,,0.000000000,,,0.700168,0.553804,313.652683,,0.000188045,0,1,0,0,,,,,,,warming_up,,,,,,,,,,,,,,JS:v0:k0:r0,,,,,,
15.756146,15.761076000,,hermite,ready,,1.7763568394002505e-15,4.085620730620576e-14,2.8421709430404007e-13,0,0.757998943450781,2,gJS_sBM_cAll_d03_mJS5_ch02,gJS_sBM_cAll_d03_mJS5_ch02,gJS_sBM_cAll_d03_mJS5_ch02,0.000000,,15.083333,0,,,replay_no_feasible_candidate,0.043820710,0.000000000,0.000000,replay_no_feasible_candidate,0.000000000,0.093573,0.056516,0.282744,0.000000,0.069130,0.000000,7.366667,0.350000,beat-sync,1.000000,1.000000,,0.000000000,0.157168125,left_wrist_yaw,0.036279717,right_wrist_yaw,0.157168125,left_wrist_yaw,0.047111131,right_wrist_yaw,0.030514,0.090441,0.812040,0.296574,0.000000000,0.000000000,0.000000000,0.002212512,0.000187223,0.001586033,,0.000000000,,,0.932395,0.637565,272.015441,,0.000187279,0,1,0,0,,,,,,,warming_up,,,,,,,,,,,,,,JS:v0:k0:r0,,,,,,
15.805932,15.809488300,,hermite,ready,,1.7763568394002505e-15,4.085620730620576e-14,2.8421709430404007e-13,0,0.8913545492615699,2,gJS_sBM_cAll_d03_mJS5_ch02,gJS_sBM_cAll_d03_mJS5_ch02,gJS_sBM_cAll_d03_mJS5_ch02,0.000000,,15.083333,0,,,replay_no_feasible_candidate,0.050579018,0.000000000,0.000000,replay_no_feasible_candidate,0.000000000,0.093573,0.056516,0.282744,0.000000,0.069130,0.000000,7.366667,0.350000,beat-sync,1.000000,1.000000,,0.000000000,0.157530157,left_wrist_yaw,0.011208731,right_wrist_yaw,0.157530157,left_wrist_yaw,0.014400298,right_wrist_yaw,0.027947,0.089877,0.812224,0.297439,0.000000000,0.000000000,0.000000000,0.002212512,0.000187223,0.001586033,,0.000000000,,,0.745019,0.595200,336.376487,,0.000186646,0,1,0,0,,,,,,,warming_up,,,,,,,,,,,,,,JS:v0:k0:r0,,,,,,
15.856244,15.860620600,,hermite,ready,,1.7763568394002505e-15,4.085620730620576e-14,2.8421709430404007e-13,0,0.9713037288662135,2,gJS_sBM_cAll_d03_mJS5_ch02,gJS_sBM_cAll_d03_mJS5_ch02,gJS_sBM_cAll_d03_mJS5_ch02,0.000000,,15.083333,0,,,replay_no_feasible_candidate,0.057408742,0.000000000,0.000000,replay_no_feasible_candidate,0.000000000,0.093573,0.056516,0.282744,0.000000,0.069130,0.000000,7.366667,0.350000,beat-sync,1.000000,1.000000,,0.000000000,0.158057856,left_wrist_yaw,0.027462188,right_wrist_yaw,0.158057856,left_wrist_yaw,0.036032241,right_wrist_yaw,0.028365,0.090306,0.812088,0.299291,0.000000000,0.000000000,0.000000000,0.002212512,0.000187223,0.001586033,,0.000000000,,,0.971051,0.714171,292.833372,,0.000185891,0,1,0,0,,,,,,,warming_up,,,,,,,,,,,,,,JS:v0:k0:r0,,,,,,
15.905928,15.909760400,,hermite,ready,,1.7763568394002505e-15,4.085620730620576e-14,2.8421709430404007e-13,0,0.9984857839258562,2,gJS_sBM_cAll_d03_mJS5_ch02,gJS_sBM_cAll_d03_mJS5_ch02,gJS_sBM_cAll_d03_mJS5_ch02,0.000000,,15.083333,0,,,replay_no_feasible_candidate,0.064153122,0.000000000,0.000000,replay_no_feasible_candidate,0.000000000,0.093573,0.056516,0.282744,0.000000,0.069130,0.000000,7.366667,0.350000,beat-sync,1.000000,1.000000,,0.000000000,0.158629904,left_wrist_yaw,0.009048071,left_wrist_yaw,0.158629904,left_wrist_yaw,0.018471483,left_wrist_yaw,0.025799,0.089894,0.812412,0.300368,0.000000000,0.000000000,0.000000000,0.002212512,0.000187223,0.001586033,,0.000000000,,,1.233019,0.829942,405.668281,,0.000185142,0,1,0,0,,,,,,,warming_up,,,,,,,,,,,,,,JS:v0:k0:r0,,,,,,
15.960351,15.964308000,,hermite,ready,,1.7763568394002505e-15,4.085620730620576e-14,2.8421709430404007e-13,0,1.0,2,gJS_sBM_cAll_d03_mJS5_ch02,gJS_sBM_cAll_d03_mJS5_ch02,gJS_sBM_cAll_d03_mJS5_ch02,0.000000,,15.083333,0,,,replay_no_feasible_candidate,0.071540887,0.000000000,0.000000,replay_no_feasible_candidate,0.000000000,0.093573,0.056516,0.282744,0.000000,0.069130,0.000000,7.366667,0.350000,beat-sync,1.000000,1.000000,,0.000000000,0.159186707,left_wrist_yaw,0.037975252,right_wrist_yaw,0.159186707,left_wrist_yaw,0.022183154,right_wrist_yaw,0.024789,0.090107,0.812519,0.301433,0.000000000,0.000000000,0.000000000,0.002212512,0.000187223,0.001586033,,0.000000000,,,0.390627,0.351533,80.930068,,0.000184523,0,1,0,0,,,,,,,warming_up,,,,,,,,,,,,,,JS:v0:k0:r0,,,,,,
