capture_index,motion_id,authored_seconds,duration,status,event,weight
0,gLO_sBM_cAll_d13_mLO2_ch02,6.199999916134402e-05,9.583333333333334,awaiting_retrieval,,1.9062693081738922e-11
1,gLO_sBM_cAll_d13_mLO2_ch02,0.01689489999989746,9.583333333333334,awaiting_retrieval,,0.0003665056120606184
2,gLO_sBM_cAll_d13_mLO2_ch02,0.03352610000001732,9.583333333333334,awaiting_retrieval,,0.002719587702711997
3,gLO_sBM_cAll_d13_mLO2_ch02,0.05014169999776641,9.583333333333334,awaiting_retrieval,,0.008629039785143781
4,gLO_sBM_cAll_d13_mLO2_ch02,0.06726399999752175,9.583333333333334,awaiting_retrieval,,0.01969801062273707
5,gLO_sBM_cAll_d13_mLO2_ch02,0.0834684000001289,9.583333333333334,awaiting_retrieval,,0.03565035705398699
6,gLO_sBM_cAll_d13_mLO2_ch02,0.1001457999991544,9.583333333333334,awaiting_retrieval,,0.05814419369656403
7,gLO_sBM_cAll_d13_mLO2_ch02,0.11717099999805214,9.583333333333334,awaiting_retrieval,,0.08769521925976446
8,gLO_sBM_cAll_d13_mLO2_ch02,0.133768699997745,9.583333333333334,awaiting_retrieval,,0.12286967341968734
9,gLO_sBM_cAll_d13_mLO2_ch02,0.15043789999981533,9.583333333333334,awaiting_retrieval,,0.1642406145540169
10,gLO_sBM_cAll_d13_mLO2_ch02,0.16719279999961156,9.583333333333334,awaiting_retrieval,,0.2114379134882476
11,gLO_sBM_cAll_d13_mLO2_ch02,0.1837596999976087,9.583333333333334,awaiting_retrieval,,0.26297992540742904
12,gLO_sBM_cAll_d13_mLO2_ch02,0.2003676999993333,9.583333333333334,awaiting_retrieval,,0.3187115482178257
13,gLO_sBM_cAll_d13_mLO2_ch02,0.2169343999994455,9.583333333333334,awaiting_retrieval,,0.37744248068105485
14,gLO_sBM_cAll_d13_mLO2_ch02,0.23360619999948565,9.583333333333334,awaiting_retrieval,,0.4386992603751676
15,gLO_sBM_cAll_d13_mLO2_ch02,0.2502813999999492,9.583333333333334,awaiting_retrieval,,0.5010552491084925
16,gLO_sBM_cAll_d13_mLO2_ch02,0.26692179999736276,9.583333333333334,awaiting_retrieval,,0.5632631959101153
17,gLO_sBM_cAll_d13_mLO2_ch02,0.2836452999981704,9.583333333333334,awaiting_retrieval,,0.6246546854077555
18,gLO_sBM_cAll_d13_mLO2_ch02,0.3003080999988016,9.583333333333334,awaiting_retrieval,,0.6836242457953025
19,gLO_sBM_cAll_d13_mLO2_ch02,0.3168433999999252,9.583333333333334,awaiting_retrieval,,0.7389725989820041
20,gLO_sBM_cAll_d13_mLO2_ch02,0.33394209999823943,9.583333333333334,awaiting_retrieval,,0.7919239096719006
21,gLO_sBM_cAll_d13_mLO2_ch02,0.35059550000005396,9.583333333333334,awaiting_retrieval,,0.8384921140476408
22,gLO_sBM_cAll_d13_mLO2_ch02,0.3672625999970477,9.583333333333334,awaiting_retrieval,,0.8794948460268374
23,gLO_sBM_cAll_d13_mLO2_ch02,0.38392679999742524,9.583333333333334,awaiting_retrieval,,0.9144115157985387
24,gLO_sBM_cAll_d13_mLO2_ch02,0.4006986999993385,9.583333333333334,awaiting_retrieval,,0.9431475804717714
25,gLO_sBM_cAll_d13_mLO2_ch02,0.41718659999969504,9.583333333333334,awaiting_retrieval,,0.9651049457421436
26,gLO_sBM_cAll_d13_mLO2_ch02,0.4338539999989731,9.583333333333334,awaiting_retrieval,,0.98119859470311
27,gLO_sBM_cAll_d13_mLO2_ch02,0.4504815999971466,9.583333333333334,awaiting_retrieval,,0.9916720577704319
28,gLO_sBM_cAll_d13_mLO2_ch02,0.46715359999870953,9.583333333333334,awaiting_retrieval,,0.9974370163813481
29,gLO_sBM_cAll_d13_mLO2_ch02,0.4838303999968043,9.583333333333334,awaiting_retrieval,,0.9996779829187294
30,gLO_sBM_cAll_d13_mLO2_ch02,0.5004657999998011,9.583333333333334,awaiting_retrieval,,1.0
31,gLO_sBM_cAll_d13_mLO2_ch02,0.5170008999994019,9.583333333333334,awaiting_retrieval,,1.0
32,gLO_sBM_cAll_d13_mLO2_ch02,0.5336658999985952,9.583333333333334,awaiting_retrieval,,1.0
33,gLO_sBM_cAll_d13_mLO2_ch02,0.5503270999979571,9.583333333333334,awaiting_retrieval,,1.0
34,gLO_sBM_cAll_d13_mLO2_ch02,0.5670518999977496,9.583333333333334,awaiting_retrieval,,1.0
35,gLO_sBM_cAll_d13_mLO2_ch02,0.5837064999977877,9.583333333333334,awaiting_retrieval,,1.0
36,gLO_sBM_cAll_d13_mLO2_ch02,0.6002386999971343,9.583333333333334,awaiting_retrieval,,1.0
37,gLO_sBM_cAll_d13_mLO2_ch02,0.6168705999989463,9.583333333333334,awaiting_retrieval,,1.0
38,gLO_sBM_cAll_d13_mLO2_ch02,0.6335307999979698,9.583333333333334,awaiting_retrieval,,1.0
39,gLO_sBM_cAll_d13_mLO2_ch02,0.6502120999975879,9.583333333333334,awaiting_retrieval,,1.0
40,gLO_sBM_cAll_d13_mLO2_ch02,0.6672485999988558,9.583333333333334,awaiting_retrieval,,1.0
41,gLO_sBM_cAll_d13_mLO2_ch02,0.6838860999996532,9.583333333333334,awaiting_retrieval,,1.0
42,gLO_sBM_cAll_d13_mLO2_ch02,0.700545699997746,9.583333333333334,awaiting_retrieval,,1.0
43,gLO_sBM_cAll_d13_mLO2_ch02,0.7172838999977093,9.583333333333334,awaiting_retrieval,,1.0
44,gLO_sBM_cAll_d13_mLO2_ch02,0.7339340999969853,9.583333333333334,awaiting_retrieval,,1.0
45,gLO_sBM_cAll_d13_mLO2_ch02,0.7505787999980374,9.583333333333334,awaiting_retrieval,,1.0
46,gLO_sBM_cAll_d13_mLO2_ch02,0.7671258999980627,9.583333333333334,awaiting_retrieval,,1.0
47,gLO_sBM_cAll_d13_mLO2_ch02,0.783739799997419,9.583333333333334,awaiting_retrieval,,1.0
48,gLO_sBM_cAll_d13_mLO2_ch02,0.8003814999974556,9.583333333333334,awaiting_retrieval,,1.0
49,gLO_sBM_cAll_d13_mLO2_ch02,0.8171116999983485,9.583333333333334,awaiting_retrieval,,1.0
50,gLO_sBM_cAll_d13_mLO2_ch02,0.8338368999975488,9.583333333333334,awaiting_retrieval,,1.0
51,gLO_sBM_cAll_d13_mLO2_ch02,0.8503596999980788,9.583333333333334,awaiting_retrieval,,1.0
52,gLO_sBM_cAll_d13_mLO2_ch02,0.8669121999992045,9.583333333333334,awaiting_retrieval,,1.0
53,gLO_sBM_cAll_d13_mLO2_ch02,0.8835647999985655,9.583333333333334,awaiting_retrieval,,1.0
54,gLO_sBM_cAll_d13_mLO2_ch02,0.9002253999969968,9.583333333333334,awaiting_retrieval,,1.0
55,gLO_sBM_cAll_d13_mLO2_ch02,0.9168810999981348,9.583333333333334,awaiting_retrieval,,1.0
56,gLO_sBM_cAll_d13_mLO2_ch02,0.933554699997329,9.583333333333334,awaiting_retrieval,,1.0
57,gLO_sBM_cAll_d13_mLO2_ch02,0.9501974999984655,9.583333333333334,awaiting_retrieval,,1.0
58,gLO_sBM_cAll_d13_mLO2_ch02,0.9672390999985495,9.583333333333334,awaiting_retrieval,,1.0
59,gLO_sBM_cAll_d13_mLO2_ch02,0.9839178000001978,9.583333333333334,awaiting_retrieval,,1.0
60,gLO_sBM_cAll_d13_mLO2_ch02,1.0005559999990494,9.583333333333334,awaiting_retrieval,,1.0
61,gLO_sBM_cAll_d13_mLO2_ch02,1.0170898999967888,9.583333333333334,awaiting_retrieval,,1.0
62,gLO_sBM_cAll_d13_mLO2_ch02,1.0337089999993607,9.583333333333334,awaiting_retrieval,,1.0
63,gLO_sBM_cAll_d13_mLO2_ch02,1.0504446999984778,9.583333333333334,awaiting_retrieval,,1.0
64,gLO_sBM_cAll_d13_mLO2_ch02,1.0668966999983225,9.583333333333334,awaiting_retrieval,,1.0
65,gLO_sBM_cAll_d13_mLO2_ch02,1.0836278999995541,9.583333333333334,awaiting_retrieval,,1.0
66,gLO_sBM_cAll_d13_mLO2_ch02,1.100330299999767,9.583333333333334,awaiting_retrieval,,1.0
67,gLO_sBM_cAll_d13_mLO2_ch02,1.1168504999986892,9.583333333333334,awaiting_retrieval,,1.0
68,gLO_sBM_cAll_d13_mLO2_ch02,1.1334788999993164,9.583333333333334,awaiting_retrieval,,1.0
69,gLO_sBM_cAll_d13_mLO2_ch02,1.1501379999972399,9.583333333333334,awaiting_retrieval,,1.0
70,gLO_sBM_cAll_d13_mLO2_ch02,1.1671701999985074,9.583333333333334,awaiting_retrieval,,1.0
71,gLO_sBM_cAll_d13_mLO2_ch02,1.1838336000000693,9.583333333333334,awaiting_retrieval,,1.0
72,gLO_sBM_cAll_d13_mLO2_ch02,1.2005374000000286,9.583333333333334,awaiting_retrieval,,1.0
73,gLO_sBM_cAll_d13_mLO2_ch02,1.217095099997094,9.583333333333334,awaiting_retrieval,,1.0
74,gLO_sBM_cAll_d13_mLO2_ch02,1.2337220999979748,9.583333333333334,awaiting_retrieval,,1.0
75,gLO_sBM_cAll_d13_mLO2_ch02,1.2502644999985917,9.583333333333334,awaiting_retrieval,,1.0
76,gLO_sBM_cAll_d13_mLO2_ch02,1.2670411999970368,9.583333333333334,awaiting_retrieval,,1.0
77,gLO_sBM_cAll_d13_mLO2_ch02,1.283591600000362,9.583333333333334,awaiting_retrieval,,1.0
78,gLO_sBM_cAll_d13_mLO2_ch02,1.300204099999972,9.583333333333334,awaiting_retrieval,,1.0
79,gLO_sBM_cAll_d13_mLO2_ch02,1.3172581999970119,9.583333333333334,awaiting_retrieval,,1.0
80,gLO_sBM_cAll_d13_mLO2_ch02,1.3339543999973087,9.583333333333334,awaiting_retrieval,,1.0
81,gLO_sBM_cAll_d13_mLO2_ch02,1.3501712999968716,9.583333333333334,awaiting_retrieval,,1.0
82,gLO_sBM_cAll_d13_mLO2_ch02,1.3668297000003788,9.583333333333334,awaiting_retrieval,,1.0
83,gLO_sBM_cAll_d13_mLO2_ch02,1.383476599999993,9.583333333333334,awaiting_retrieval,,1.0
84,gLO_sBM_cAll_d13_mLO2_ch02,1.4001349999998622,9.583333333333334,awaiting_retrieval,,1.0
85,gLO_sBM_cAll_d13_mLO2_ch02,1.4171787999985084,9.583333333333334,awaiting_retrieval,,1.0
86,gLO_sBM_cAll_d13_mLO2_ch02,1.4338521999998177,9.583333333333334,awaiting_retrieval,,1.0
87,gLO_sBM_cAll_d13_mLO2_ch02,1.4501263999991336,9.583333333333334,awaiting_retrieval,,1.0
88,gLO_sBM_cAll_d13_mLO2_ch02,1.467321000000082,9.583333333333334,awaiting_retrieval,,1.0
89,gLO_sBM_cAll_d13_mLO2_ch02,1.483929299996815,9.583333333333334,awaiting_retrieval,,1.0
90,gLO_sBM_cAll_d13_mLO2_ch02,1.5005744999980364,9.583333333333334,awaiting_retrieval,,1.0
91,gLO_sBM_cAll_d13_mLO2_ch02,1.5171257999973007,9.583333333333334,awaiting_retrieval,,1.0
92,gLO_sBM_cAll_d13_mLO2_ch02,1.5337749999998762,9.583333333333334,awaiting_retrieval,,1.0
93,gLO_sBM_cAll_d13_mLO2_ch02,1.5504533999992403,9.583333333333334,awaiting_retrieval,,1.0
94,gLO_sBM_cAll_d13_mLO2_ch02,1.5671716999968324,9.583333333333334,awaiting_retrieval,,1.0
95,gLO_sBM_cAll_d13_mLO2_ch02,1.583877099998061,9.583333333333334,awaiting_retrieval,,1.0
96,gLO_sBM_cAll_d13_mLO2_ch02,1.6005364999982687,9.583333333333334,awaiting_retrieval,,1.0
97,gLO_sBM_cAll_d13_mLO2_ch02,1.6171217999981293,9.583333333333334,awaiting_retrieval,,1.0
98,gLO_sBM_cAll_d13_mLO2_ch02,1.633759799999096,9.583333333333334,awaiting_retrieval,,1.0
99,gLO_sBM_cAll_d13_mLO2_ch02,1.6504613999968554,9.583333333333334,awaiting_retrieval,,1.0
100,gLO_sBM_cAll_d13_mLO2_ch02,1.6672488999975015,9.583333333333334,awaiting_retrieval,,1.0
101,gLO_sBM_cAll_d13_mLO2_ch02,1.6839321999977968,9.583333333333334,awaiting_retrieval,,1.0
102,gLO_sBM_cAll_d13_mLO2_ch02,1.7001647999968539,9.583333333333334,awaiting_retrieval,,1.0
103,gLO_sBM_cAll_d13_mLO2_ch02,1.7172078000003224,9.583333333333334,awaiting_retrieval,,1.0
104,gLO_sBM_cAll_d13_mLO2_ch02,1.7339236999978296,9.583333333333334,awaiting_retrieval,,1.0
105,gLO_sBM_cAll_d13_mLO2_ch02,1.7506106000000712,9.583333333333334,awaiting_retrieval,,1.0
106,gLO_sBM_cAll_d13_mLO2_ch02,1.7672289000001895,9.583333333333334,awaiting_retrieval,,1.0
107,gLO_sBM_cAll_d13_mLO2_ch02,1.7839303999971874,9.583333333333334,awaiting_retrieval,,1.0
108,gLO_sBM_cAll_d13_mLO2_ch02,1.8005821999977327,9.583333333333334,awaiting_retrieval,,1.0
109,gLO_sBM_cAll_d13_mLO2_ch02,1.8171612999976772,9.583333333333334,awaiting_retrieval,,1.0
110,gLO_sBM_cAll_d13_mLO2_ch02,1.8339758000001878,9.583333333333334,awaiting_retrieval,,1.0
111,gLO_sBM_cAll_d13_mLO2_ch02,1.8502798999979844,9.583333333333334,awaiting_retrieval,,1.0
112,gLO_sBM_cAll_d13_mLO2_ch02,1.866843599997081,9.583333333333334,awaiting_retrieval,,1.0
113,gLO_sBM_cAll_d13_mLO2_ch02,1.883905899998352,9.583333333333334,awaiting_retrieval,,1.0
114,gLO_sBM_cAll_d13_mLO2_ch02,1.900554299998474,9.583333333333334,awaiting_retrieval,,1.0
115,gLO_sBM_cAll_d13_mLO2_ch02,1.91711589999977,9.583333333333334,awaiting_retrieval,,1.0
116,gLO_sBM_cAll_d13_mLO2_ch02,1.933769399998708,9.583333333333334,awaiting_retrieval,,1.0
117,gLO_sBM_cAll_d13_mLO2_ch02,1.9504899999992615,9.583333333333334,awaiting_retrieval,,1.0
118,gLO_sBM_cAll_d13_mLO2_ch02,1.967011799999453,9.583333333333334,awaiting_retrieval,,1.0
119,gLO_sBM_cAll_d13_mLO2_ch02,1.9836717999969535,9.583333333333334,awaiting_retrieval,,1.0
120,gLO_sBM_cAll_d13_mLO2_ch02,2.000405799997678,9.583333333333334,awaiting_retrieval,,1.0
121,gLO_sBM_cAll_d13_mLO2_ch02,2.016995899997709,9.583333333333334,awaiting_retrieval,,1.0
122,gLO_sBM_cAll_d13_mLO2_ch02,2.0337722999975085,9.583333333333334,awaiting_retrieval,,1.0
123,gLO_sBM_cAll_d13_mLO2_ch02,2.0504364999978866,9.583333333333334,awaiting_retrieval,,1.0
124,gLO_sBM_cAll_d13_mLO2_ch02,2.0674555999976305,9.583333333333334,awaiting_retrieval,,1.0
125,gLO_sBM_cAll_d13_mLO2_ch02,2.0835723999989586,9.583333333333334,awaiting_retrieval,,1.0
126,gLO_sBM_cAll_d13_mLO2_ch02,2.1002907000001896,9.583333333333334,awaiting_retrieval,,1.0
127,gLO_sBM_cAll_d13_mLO2_ch02,2.1168746999974277,9.583333333333334,awaiting_retrieval,,1.0
128,gLO_sBM_cAll_d13_mLO2_ch02,2.1335292000003427,9.583333333333334,awaiting_retrieval,,1.0
129,gLO_sBM_cAll_d13_mLO2_ch02,2.1501991999975916,9.583333333333334,awaiting_retrieval,,1.0
130,gLO_sBM_cAll_d13_mLO2_ch02,2.1672457999993693,9.583333333333334,awaiting_retrieval,,1.0
131,gLO_sBM_cAll_d13_mLO2_ch02,2.183953199997638,9.583333333333334,awaiting_retrieval,,1.0
132,gLO_sBM_cAll_d13_mLO2_ch02,2.20060379999996,9.583333333333334,awaiting_retrieval,,1.0
133,gLO_sBM_cAll_d13_mLO2_ch02,2.21714789999897,9.583333333333334,awaiting_retrieval,,1.0
134,gLO_sBM_cAll_d13_mLO2_ch02,2.2338072999991785,9.583333333333334,awaiting_retrieval,,1.0
135,gLO_sBM_cAll_d13_mLO2_ch02,2.250414999998619,9.583333333333334,awaiting_retrieval,,1.0
136,gLO_sBM_cAll_d13_mLO2_ch02,2.2669747,9.583333333333334,awaiting_retrieval,,1.0
137,gLO_sBM_cAll_d13_mLO2_ch02,2.2836023999989354,9.583333333333334,awaiting_retrieval,,1.0
138,gLO_sBM_cAll_d13_mLO2_ch02,2.300376100000004,9.583333333333334,awaiting_retrieval,,1.0
139,gLO_sBM_cAll_d13_mLO2_ch02,2.3168453999969745,9.583333333333334,awaiting_retrieval,,1.0
140,gLO_sBM_cAll_d13_mLO2_ch02,2.3334648999989547,9.583333333333334,awaiting_retrieval,,1.0
141,gLO_sBM_cAll_d13_mLO2_ch02,2.3501888999999325,9.583333333333334,awaiting_retrieval,,1.0
142,gLO_sBM_cAll_d13_mLO2_ch02,2.3672203999995087,9.583333333333334,awaiting_retrieval,,1.0
143,gLO_sBM_cAll_d13_mLO2_ch02,2.3838763999992936,9.583333333333334,awaiting_retrieval,,1.0
144,gLO_sBM_cAll_d13_mLO2_ch02,2.400547399996881,9.583333333333334,awaiting_retrieval,,1.0
145,gLO_sBM_cAll_d13_mLO2_ch02,2.417098599999022,9.583333333333334,awaiting_retrieval,,1.0
146,gLO_sBM_cAll_d13_mLO2_ch02,2.433761399999654,9.583333333333334,awaiting_retrieval,,1.0
147,gLO_sBM_cAll_d13_mLO2_ch02,2.4504156000002846,9.583333333333334,awaiting_retrieval,,1.0
148,gLO_sBM_cAll_d13_mLO2_ch02,2.4669505999991244,9.583333333333334,awaiting_retrieval,,1.0
149,gLO_sBM_cAll_d13_mLO2_ch02,2.4836134999968795,9.583333333333334,awaiting_retrieval,,1.0
150,gLO_sBM_cAll_d13_mLO2_ch02,2.500295499998191,9.583333333333334,awaiting_retrieval,,1.0
151,gLO_sBM_cAll_d13_mLO2_ch02,2.5169582999988225,9.583333333333334,awaiting_retrieval,,1.0
152,gLO_sBM_cAll_d13_mLO2_ch02,2.533854099998298,9.583333333333334,awaiting_retrieval,,1.0
153,gLO_sBM_cAll_d13_mLO2_ch02,2.550497399999604,9.583333333333334,awaiting_retrieval,,1.0
154,gLO_sBM_cAll_d13_mLO2_ch02,2.567153399999389,9.583333333333334,awaiting_retrieval,,1.0
155,gLO_sBM_cAll_d13_mLO2_ch02,2.583741099999335,9.583333333333334,awaiting_retrieval,,1.0
156,gLO_sBM_cAll_d13_mLO2_ch02,2.6003582999983537,9.583333333333334,awaiting_retrieval,,1.0
157,gLO_sBM_cAll_d13_mLO2_ch02,2.616900899996856,9.583333333333334,awaiting_retrieval,,1.0
158,gLO_sBM_cAll_d13_mLO2_ch02,2.6335448999998543,9.583333333333334,awaiting_retrieval,,1.0
159,gLO_sBM_cAll_d13_mLO2_ch02,2.6502059999984553,9.583333333333334,awaiting_retrieval,,1.0
160,gLO_sBM_cAll_d13_mLO2_ch02,2.666875499999173,9.583333333333334,awaiting_retrieval,,1.0
161,gLO_sBM_cAll_d13_mLO2_ch02,2.6835122999982786,9.583333333333334,awaiting_retrieval,,1.0
162,gLO_sBM_cAll_d13_mLO2_ch02,2.7001314999979744,9.583333333333334,awaiting_retrieval,,1.0
163,gLO_sBM_cAll_d13_mLO2_ch02,2.7171770999994136,9.583333333333334,awaiting_retrieval,,1.0
164,gLO_sBM_cAll_d13_mLO2_ch02,2.7338973999976837,9.583333333333334,awaiting_retrieval,,1.0
165,gLO_sBM_cAll_d13_mLO2_ch02,2.7504941999978,9.583333333333334,awaiting_retrieval,,1.0
166,gLO_sBM_cAll_d13_mLO2_ch02,2.7671644000002096,9.583333333333334,awaiting_retrieval,,1.0
167,gLO_sBM_cAll_d13_mLO2_ch02,2.7838051999970315,9.583333333333334,awaiting_retrieval,,1.0
168,gLO_sBM_cAll_d13_mLO2_ch02,2.8005335999987713,9.583333333333334,awaiting_retrieval,,1.0
169,gLO_sBM_cAll_d13_mLO2_ch02,2.81707499999905,9.583333333333334,awaiting_retrieval,,1.0
170,gLO_sBM_cAll_d13_mLO2_ch02,2.8337044999971397,9.583333333333334,awaiting_retrieval,,1.0
171,gLO_sBM_cAll_d13_mLO2_ch02,2.8503318999974288,9.583333333333334,awaiting_retrieval,,1.0
172,gLO_sBM_cAll_d13_mLO2_ch02,2.867092599997734,9.583333333333334,awaiting_retrieval,,1.0
173,gLO_sBM_cAll_d13_mLO2_ch02,2.8836990999989514,9.583333333333334,awaiting_retrieval,,1.0
174,gLO_sBM_cAll_d13_mLO2_ch02,2.9003011999994066,9.583333333333334,awaiting_retrieval,,1.0
175,gLO_sBM_cAll_d13_mLO2_ch02,2.916844699997486,9.583333333333334,awaiting_retrieval,,1.0
176,gLO_sBM_cAll_d13_mLO2_ch02,2.933468100000059,9.583333333333334,awaiting_retrieval,,1.0
177,gLO_sBM_cAll_d13_mLO2_ch02,2.950263799997661,9.583333333333334,awaiting_retrieval,,1.0
178,gLO_sBM_cAll_d13_mLO2_ch02,2.9668346999970128,9.583333333333334,awaiting_retrieval,,1.0
179,gLO_sBM_cAll_d13_mLO2_ch02,2.983466099998656,9.583333333333334,awaiting_retrieval,,1.0
180,gLO_sBM_cAll_d13_mLO2_ch02,3.0004888999974697,9.583333333333334,awaiting_retrieval,,1.0
181,gLO_sBM_cAll_d13_mLO2_ch02,3.017006399997661,9.583333333333334,loading,,1.0
182,gLO_sBM_cAll_d13_mLO2_ch02,3.033650099998375,9.583333333333334,loading,,1.0
183,gLO_sBM_cAll_d13_mLO2_ch02,3.050266399997817,9.583333333333334,loading,,1.0
184,gLO_sBM_cAll_d13_mLO2_ch02,3.066934299997265,9.583333333333334,loading,,1.0
185,gLO_sBM_cAll_d13_mLO2_ch02,3.083598299999758,9.583333333333334,loading,,1.0
186,gLO_sBM_cAll_d13_mLO2_ch02,3.1002459999981884,9.583333333333334,loading,,1.0
187,gLO_sBM_cAll_d13_mLO2_ch02,3.1168120999973703,9.583333333333334,loading,,1.0
188,gLO_sBM_cAll_d13_mLO2_ch02,3.1336245999992047,9.583333333333334,loading,,1.0
189,gLO_sBM_cAll_d13_mLO2_ch02,3.1503482999978982,9.583333333333334,loading,,1.0
190,gLO_sBM_cAll_d13_mLO2_ch02,3.1668860999998687,9.583333333333334,loading,,1.0
191,gLO_sBM_cAll_d13_mLO2_ch02,3.1835745999997425,9.583333333333334,loading,,1.0
192,gLO_sBM_cAll_d13_mLO2_ch02,3.2002114999996096,9.583333333333334,loading,,1.0
193,gLO_sBM_cAll_d13_mLO2_ch02,3.2169436000004192,9.583333333333334,loading,,1.0
194,gLO_sBM_cAll_d13_mLO2_ch02,3.2338287999992166,9.583333333333334,loading,,1.0
195,gLO_sBM_cAll_d13_mLO2_ch02,3.250572799999689,9.583333333333334,loading,,1.0
196,gLO_sBM_cAll_d13_mLO2_ch02,3.2671166999971764,9.583333333333334,loading,,1.0
197,gLO_sBM_cAll_d13_mLO2_ch02,3.283728399997971,9.583333333333334,loading,,1.0
198,gLO_sBM_cAll_d13_mLO2_ch02,3.3003873999987716,9.583333333333334,loading,,1.0
199,gLO_sBM_cAll_d13_mLO2_ch02,3.317167499997641,9.583333333333334,loading,,1.0
200,gLO_sBM_cAll_d13_mLO2_ch02,3.333814499998017,9.583333333333334,loading,,1.0
201,gLO_sBM_cAll_d13_mLO2_ch02,3.3505831000002693,9.583333333333334,loading,,1.0
202,gLO_sBM_cAll_d13_mLO2_ch02,3.3670130999999426,9.583333333333334,loading,,1.0
203,gLO_sBM_cAll_d13_mLO2_ch02,3.3837059999969403,9.583333333333334,loading,,1.0
204,gLO_sBM_cAll_d13_mLO2_ch02,3.4003802999978276,9.583333333333334,loading,,1.0
205,gLO_sBM_cAll_d13_mLO2_ch02,3.417101799997959,9.583333333333334,loading,,1.0
206,gLO_sBM_cAll_d13_mLO2_ch02,3.4337439999981654,9.583333333333334,loading,,1.0
207,gLO_sBM_cAll_d13_mLO2_ch02,3.4504299000000693,9.583333333333334,loading,,1.0
208,gLO_sBM_cAll_d13_mLO2_ch02,3.4669629999989935,9.583333333333334,loading,,1.0
209,gLO_sBM_cAll_d13_mLO2_ch02,3.4836112999983544,9.583333333333334,loading,,1.0
210,gLO_sBM_cAll_d13_mLO2_ch02,3.5002157999988945,9.583333333333334,loading,,1.0
211,gLO_sBM_cAll_d13_mLO2_ch02,3.516962399997337,9.583333333333334,loading,,1.0
212,gLO_sBM_cAll_d13_mLO2_ch02,3.5335748999969474,9.583333333333334,loading,,1.0
213,gLO_sBM_cAll_d13_mLO2_ch02,3.5502715999974144,9.583333333333334,loading,,1.0
214,gLO_sBM_cAll_d13_mLO2_ch02,3.5672691999971557,9.583333333333334,loading,,1.0
215,gLO_sBM_cAll_d13_mLO2_ch02,3.5839497999987207,9.583333333333334,loading,,1.0
216,gLO_sBM_cAll_d13_mLO2_ch02,3.6001617999973528,9.583333333333334,loading,,1.0
217,gLO_sBM_cAll_d13_mLO2_ch02,3.6168126999983214,9.583333333333334,loading,,1.0
218,gLO_sBM_cAll_d13_mLO2_ch02,3.6335838999985435,9.583333333333334,loading,,1.0
219,gLO_sBM_cAll_d13_mLO2_ch02,3.650191599997984,9.583333333333334,loading,,1.0
220,gLO_sBM_cAll_d13_mLO2_ch02,3.6672486999996785,9.583333333333334,loading,,1.0
221,gLO_sBM_cAll_d13_mLO2_ch02,3.683857899999627,9.583333333333334,loading,,1.0
222,gLO_sBM_cAll_d13_mLO2_ch02,3.7006320999972266,9.583333333333334,loading,,1.0
223,gLO_sBM_cAll_d13_mLO2_ch02,3.7168287999994103,9.583333333333334,loading,,1.0
224,gLO_sBM_cAll_d13_mLO2_ch02,3.733596599999209,9.583333333333334,loading,,1.0
225,gLO_sBM_cAll_d13_mLO2_ch02,3.7501973999970413,9.583333333333334,loading,,1.0
226,gLO_sBM_cAll_d13_mLO2_ch02,3.767060899997951,9.583333333333334,loading,,1.0
227,gLO_sBM_cAll_d13_mLO2_ch02,3.7837239000001057,9.583333333333334,loading,,1.0
228,gLO_sBM_cAll_d13_mLO2_ch02,3.800378699998029,9.583333333333334,loading,,1.0
229,gLO_sBM_cAll_d13_mLO2_ch02,3.8169404999972105,9.583333333333334,loading,,1.0
230,gLO_sBM_cAll_d13_mLO2_ch02,3.833626499999876,9.583333333333334,loading,,1.0
231,gLO_sBM_cAll_d13_mLO2_ch02,3.8502182999982995,9.583333333333334,loading,,1.0
232,gLO_sBM_cAll_d13_mLO2_ch02,3.866816699999685,9.583333333333334,loading,,1.0
233,gLO_sBM_cAll_d13_mLO2_ch02,3.883463299997015,9.583333333333334,loading,,1.0
234,gLO_sBM_cAll_d13_mLO2_ch02,3.9001433999984108,9.583333333333334,loading,,1.0
235,gLO_sBM_cAll_d13_mLO2_ch02,3.917176699997141,9.583333333333334,loading,,1.0
236,gLO_sBM_cAll_d13_mLO2_ch02,3.933776499998273,9.583333333333334,loading,,1.0
237,gLO_sBM_cAll_d13_mLO2_ch02,3.950502299998405,9.583333333333334,loading,,1.0
238,gLO_sBM_cAll_d13_mLO2_ch02,3.967180499999885,9.583333333333334,loading,,1.0
239,gLO_sBM_cAll_d13_mLO2_ch02,3.9838787999979832,9.583333333333334,loading,,1.0
240,gLO_sBM_cAll_d13_mLO2_ch02,4.0005413999970925,9.583333333333334,loading,,1.0
241,gLO_sBM_cAll_d13_mLO2_ch02,4.017095399998725,9.583333333333334,loading,,1.0
242,gLO_sBM_cAll_d13_mLO2_ch02,4.033916099997513,9.583333333333334,loading,,1.0
243,gLO_sBM_cAll_d13_mLO2_ch02,4.05021080000013,9.583333333333334,loading,,1.0
244,gLO_sBM_cAll_d13_mLO2_ch02,4.066896599997633,9.583333333333334,loading,,1.0
245,gLO_sBM_cAll_d13_mLO2_ch02,4.083588699999451,9.583333333333334,loading,,1.0
246,gLO_sBM_cAll_d13_mLO2_ch02,4.100264099997799,9.583333333333334,loading,,1.0
247,gLO_sBM_cAll_d13_mLO2_ch02,4.116822399999432,9.583333333333334,loading,,1.0
248,gLO_sBM_cAll_d13_mLO2_ch02,4.133476799997946,9.583333333333334,loading,,1.0
249,gLO_sBM_cAll_d13_mLO2_ch02,4.150298199998426,9.583333333333334,loading,,1.0
250,gLO_sBM_cAll_d13_mLO2_ch02,4.166827299999633,9.583333333333334,loading,,1.0
251,gLO_sBM_cAll_d13_mLO2_ch02,4.183540799997054,9.583333333333334,loading,,1.0
252,gLO_sBM_cAll_d13_mLO2_ch02,4.200348999998886,9.583333333333334,loading,,1.0
253,gLO_sBM_cAll_d13_mLO2_ch02,4.21689549999798,9.583333333333334,loading,,1.0
254,gLO_sBM_cAll_d13_mLO2_ch02,4.233554299997256,9.583333333333334,loading,,1.0
255,gLO_sBM_cAll_d13_mLO2_ch02,4.250215799998902,9.583333333333334,loading,,1.0
256,gLO_sBM_cAll_d13_mLO2_ch02,4.266867499998685,9.583333333333334,loading,,1.0
257,gLO_sBM_cAll_d13_mLO2_ch02,4.283533699999738,9.583333333333334,loading,,1.0
258,gLO_sBM_cAll_d13_mLO2_ch02,4.300129600000276,9.583333333333334,loading,,1.0
259,gLO_sBM_cAll_d13_mLO2_ch02,4.317180099999007,9.583333333333334,loading,,1.0
260,gLO_sBM_cAll_d13_mLO2_ch02,4.333835099998452,9.583333333333334,loading,,1.0
261,gLO_sBM_cAll_d13_mLO2_ch02,4.350543999997226,9.583333333333334,loading,,1.0
262,gLO_sBM_cAll_d13_mLO2_ch02,4.367224499998028,9.583333333333334,loading,,1.0
263,gLO_sBM_cAll_d13_mLO2_ch02,4.383915099999339,9.583333333333334,loading,,1.0
264,gLO_sBM_cAll_d13_mLO2_ch02,4.400594200000394,9.583333333333334,loading,,1.0
265,gLO_sBM_cAll_d13_mLO2_ch02,4.417136399999487,9.583333333333334,loading,,1.0
266,gLO_sBM_cAll_d13_mLO2_ch02,4.433771699998084,9.583333333333334,loading,,1.0
267,gLO_sBM_cAll_d13_mLO2_ch02,4.450492899999567,9.583333333333334,loading,,1.0
268,gLO_sBM_cAll_d13_mLO2_ch02,4.467041599997223,9.583333333333334,loading,,1.0
269,gLO_sBM_cAll_d13_mLO2_ch02,4.483647299999623,9.583333333333334,loading,,1.0
270,gLO_sBM_cAll_d13_mLO2_ch02,4.500337899997295,9.583333333333334,loading,,1.0
271,gLO_sBM_cAll_d13_mLO2_ch02,4.516854399997147,9.583333333333334,loading,,1.0
272,gLO_sBM_cAll_d13_mLO2_ch02,4.533456799999885,9.583333333333334,loading,,1.0
273,gLO_sBM_cAll_d13_mLO2_ch02,4.550574599998116,9.583333333333334,loading,,1.0
274,gLO_sBM_cAll_d13_mLO2_ch02,4.567191899997895,9.583333333333334,loading,,1.0
275,gLO_sBM_cAll_d13_mLO2_ch02,4.583731099999611,9.583333333333334,loading,,1.0
276,gLO_sBM_cAll_d13_mLO2_ch02,4.600385399997363,9.583333333333334,loading,,1.0
277,gLO_sBM_cAll_d13_mLO2_ch02,4.617060199998418,9.583333333333334,loading,,1.0
278,gLO_sBM_cAll_d13_mLO2_ch02,4.633706299999216,9.583333333333334,loading,,1.0
279,gLO_sBM_cAll_d13_mLO2_ch02,4.650360599996969,9.583333333333334,loading,,1.0
280,gLO_sBM_cAll_d13_mLO2_ch02,4.666898399998938,9.583333333333334,loading,,1.0
281,gLO_sBM_cAll_d13_mLO2_ch02,4.683538699999227,9.583333333333334,loading,,1.0
282,gLO_sBM_cAll_d13_mLO2_ch02,4.700197700000026,9.583333333333334,loading,,1.0
283,gLO_sBM_cAll_d13_mLO2_ch02,4.717281799999945,9.583333333333334,loading,,1.0
284,gLO_sBM_cAll_d13_mLO2_ch02,4.733912199997611,9.583333333333334,loading,,1.0
285,gLO_sBM_cAll_d13_mLO2_ch02,4.750589699997397,9.583333333333334,loading,,1.0
286,gLO_sBM_cAll_d13_mLO2_ch02,4.767160100000216,9.583333333333334,loading,,1.0
287,gLO_sBM_cAll_d13_mLO2_ch02,4.783856499998397,9.583333333333334,loading,,1.0
288,gLO_sBM_cAll_d13_mLO2_ch02,4.800492799997332,9.583333333333334,loading,,1.0
289,gLO_sBM_cAll_d13_mLO2_ch02,4.817153699998046,9.583333333333334,loading,,1.0
290,gLO_sBM_cAll_d13_mLO2_ch02,4.833844400000118,9.583333333333334,loading,,1.0
291,gLO_sBM_cAll_d13_mLO2_ch02,4.850479099997784,9.583333333333334,loading,,1.0
292,gLO_sBM_cAll_d13_mLO2_ch02,4.867014799998315,9.583333333333334,loading,,1.0
293,gLO_sBM_cAll_d13_mLO2_ch02,4.8837018999984405,9.583333333333334,loading,,1.0
294,gLO_sBM_cAll_d13_mLO2_ch02,4.9003892999972125,9.583333333333334,loading,,1.0
295,gLO_sBM_cAll_d13_mLO2_ch02,4.917212799999131,9.583333333333334,loading,,1.0
296,gLO_sBM_cAll_d13_mLO2_ch02,4.933870199998661,9.583333333333334,loading,,1.0
297,gLO_sBM_cAll_d13_mLO2_ch02,4.950527199998783,9.583333333333334,loading,,1.0
298,gLO_sBM_cAll_d13_mLO2_ch02,4.967175499998143,9.583333333333334,loading,,1.0
299,gLO_sBM_cAll_d13_mLO2_ch02,4.983808499997416,9.583333333333334,loading,,1.0
300,gLO_sBM_cAll_d13_mLO2_ch02,5.000485799999317,9.583333333333334,loading,,1.0
301,gLO_sBM_cAll_d13_mLO2_ch02,5.017156099998848,9.583333333333334,loading,,1.0
302,gLO_sBM_cAll_d13_mLO2_ch02,5.033683899997432,9.583333333333334,loading,,1.0
303,gLO_sBM_cAll_d13_mLO2_ch02,5.050372599998827,9.583333333333334,loading,,1.0
304,gLO_sBM_cAll_d13_mLO2_ch02,5.066953499997925,9.583333333333334,loading,,1.0
305,gLO_sBM_cAll_d13_mLO2_ch02,5.083673999997716,9.583333333333334,loading,,1.0
306,gLO_sBM_cAll_d13_mLO2_ch02,5.100315399999105,9.583333333333334,loading,,1.0
307,gLO_sBM_cAll_d13_mLO2_ch02,5.116862399998368,9.583333333333334,loading,,1.0
308,gLO_sBM_cAll_d13_mLO2_ch02,5.133478099996878,9.583333333333334,loading,,1.0
309,gLO_sBM_cAll_d13_mLO2_ch02,5.150144899998862,9.583333333333334,loading,,1.0
310,gLO_sBM_cAll_d13_mLO2_ch02,5.166868399999669,9.583333333333334,loading,,1.0
311,gLO_sBM_cAll_d13_mLO2_ch02,5.183650299997691,9.583333333333334,loading,,1.0
312,gLO_sBM_cAll_d13_mLO2_ch02,5.2002603000000915,9.583333333333334,loading,,1.0
313,gLO_sBM_cAll_d13_mLO2_ch02,5.216799399997408,9.583333333333334,loading,,1.0
314,gLO_sBM_cAll_d13_mLO2_ch02,5.233445599998967,9.583333333333334,loading,,1.0
315,gLO_sBM_cAll_d13_mLO2_ch02,5.250177300000367,9.583333333333334,loading,,1.0
316,gLO_sBM_cAll_d13_mLO2_ch02,5.266884399999987,9.583333333333334,loading,,1.0
317,gLO_sBM_cAll_d13_mLO2_ch02,5.283528399999346,9.583333333333334,loading,,1.0
318,gLO_sBM_cAll_d13_mLO2_ch02,5.300194899999046,9.583333333333334,loading,,1.0
319,gLO_sBM_cAll_d13_mLO2_ch02,5.3172516999984545,9.583333333333334,loading,,1.0
320,gLO_sBM_cAll_d13_mLO2_ch02,5.333897699998491,9.583333333333334,loading,,1.0
321,gLO_sBM_cAll_d13_mLO2_ch02,5.350536999998441,9.583333333333334,loading,,1.0
322,gLO_sBM_cAll_d13_mLO2_ch02,5.366805199999363,9.583333333333334,loading,,1.0
323,gLO_sBM_cAll_d13_mLO2_ch02,5.383589299999585,9.583333333333334,loading,,1.0
324,gLO_sBM_cAll_d13_mLO2_ch02,5.40024970000013,9.583333333333334,loading,,1.0
325,gLO_sBM_cAll_d13_mLO2_ch02,5.416839399997114,9.583333333333334,loading,,1.0
326,gLO_sBM_cAll_d13_mLO2_ch02,5.433751099997605,9.583333333333334,loading,,1.0
327,gLO_sBM_cAll_d13_mLO2_ch02,5.450515900000024,9.583333333333334,loading,,1.0
328,gLO_sBM_cAll_d13_mLO2_ch02,5.467226999997361,9.583333333333334,loading,,1.0
329,gLO_sBM_cAll_d13_mLO2_ch02,5.483774099997385,9.583333333333334,loading,,1.0
330,gLO_sBM_cAll_d13_mLO2_ch02,5.5001120999986535,9.583333333333334,loading,,1.0
331,gLO_sBM_cAll_d13_mLO2_ch02,5.517164099997892,9.583333333333334,loading,,1.0
332,gLO_sBM_cAll_d13_mLO2_ch02,5.533493499999159,9.583333333333334,loading,,1.0
333,gLO_sBM_cAll_d13_mLO2_ch02,5.550164599997506,9.583333333333334,loading,,1.0
334,gLO_sBM_cAll_d13_mLO2_ch02,5.566834799999914,9.583333333333334,loading,,1.0
335,gLO_sBM_cAll_d13_mLO2_ch02,5.5834699999977495,9.583333333333334,loading,,1.0
336,gLO_sBM_cAll_d13_mLO2_ch02,5.600145799999143,9.583333333333334,loading,,1.0
337,gLO_sBM_cAll_d13_mLO2_ch02,5.617187399999226,9.583333333333334,loading,,1.0
338,gLO_sBM_cAll_d13_mLO2_ch02,5.633670699997297,9.583333333333334,loading,,1.0
339,gLO_sBM_cAll_d13_mLO2_ch02,5.6505408999982905,9.583333333333334,loading,,1.0
340,gLO_sBM_cAll_d13_mLO2_ch02,5.667225699999093,9.583333333333334,loading,,1.0
341,gLO_sBM_cAll_d13_mLO2_ch02,5.68387439999786,9.583333333333334,loading,,1.0
342,gLO_sBM_cAll_d13_mLO2_ch02,5.700565600000101,9.583333333333334,loading,,1.0
343,gLO_sBM_cAll_d13_mLO2_ch02,5.717134200000128,9.583333333333334,loading,,1.0
344,gLO_sBM_cAll_d13_mLO2_ch02,5.733875300000345,9.583333333333334,loading,,1.0
345,gLO_sBM_cAll_d13_mLO2_ch02,5.750582099997681,9.583333333333334,loading,,1.0
346,gLO_sBM_cAll_d13_mLO2_ch02,5.7671479999989765,9.583333333333334,loading,,1.0
347,gLO_sBM_cAll_d13_mLO2_ch02,5.783773099999941,9.583333333333334,loading,,1.0
348,gLO_sBM_cAll_d13_mLO2_ch02,5.800432199997863,9.583333333333334,loading,,1.0
349,gLO_sBM_cAll_d13_mLO2_ch02,5.817172899998672,9.583333333333334,loading,,1.0
350,gLO_sBM_cAll_d13_mLO2_ch02,5.833844799999473,9.583333333333334,loading,,1.0
351,gLO_sBM_cAll_d13_mLO2_ch02,5.850634700000203,9.583333333333334,loading,,1.0
352,gLO_sBM_cAll_d13_mLO2_ch02,5.867002699997076,9.583333333333334,preparing,,1.0
353,gLO_sBM_cAll_d13_mLO2_ch02,5.883672500000076,9.583333333333334,preparing,,1.0
354,gLO_sBM_cAll_d13_mLO2_ch02,5.900335199999945,9.583333333333334,preparing,,1.0
355,gLO_sBM_cAll_d13_mLO2_ch02,5.917013700000069,9.583333333333334,preparing,,1.0
356,gLO_sBM_cAll_d13_mLO2_ch02,5.9336552999993435,9.583333333333334,preparing,,1.0
357,gLO_sBM_cAll_d13_mLO2_ch02,5.950353399999555,9.583333333333334,preparing,,1.0
358,gLO_sBM_cAll_d13_mLO2_ch02,5.966893099997802,9.583333333333334,preparing,,1.0
359,gLO_sBM_cAll_d13_mLO2_ch02,5.983537099997161,9.583333333333334,preparing,,1.0
360,gLO_sBM_cAll_d13_mLO2_ch02,6.000207299999569,9.583333333333334,preparing,,1.0
361,gLO_sBM_cAll_d13_mLO2_ch02,6.016925399999275,9.583333333333334,preparing,,1.0
362,gLO_sBM_cAll_d13_mLO2_ch02,6.033526399998629,9.583333333333334,preparing,,1.0
363,gLO_sBM_cAll_d13_mLO2_ch02,6.050144199998577,9.583333333333334,preparing,,1.0
364,gLO_sBM_cAll_d13_mLO2_ch02,6.0672322999998505,9.583333333333334,preparing,,1.0
365,gLO_sBM_cAll_d13_mLO2_ch02,6.084033099999905,9.583333333333334,preparing,,1.0
366,gLO_sBM_cAll_d13_mLO2_ch02,6.137711699997413,9.583333333333334,preparing,,1.0
367,gLO_sBM_cAll_d13_mLO2_ch02,6.157695199999539,9.583333333333334,preparing,,1.0
368,gLO_sBM_cAll_d13_mLO2_ch02,6.174338699998729,9.583333333333334,preparing,,1.0
369,gLO_sBM_cAll_d13_mLO2_ch02,6.19105919999852,9.583333333333334,preparing,,1.0
370,gLO_sBM_cAll_d13_mLO2_ch02,6.207592099999558,9.583333333333334,preparing,,1.0
371,gLO_sBM_cAll_d13_mLO2_ch02,6.2242201999979,9.583333333333334,preparing,,1.0
372,gLO_sBM_cAll_d13_mLO2_ch02,6.240945899997269,9.583333333333334,preparing,,1.0
373,gLO_sBM_cAll_d13_mLO2_ch02,6.257574699997303,9.583333333333334,preparing,,1.0
374,gLO_sBM_cAll_d13_mLO2_ch02,6.274229399998101,9.583333333333334,preparing,,1.0
375,gLO_sBM_cAll_d13_mLO2_ch02,6.290992899997898,9.583333333333334,preparing,,1.0
376,gLO_sBM_cAll_d13_mLO2_ch02,6.307515299999019,9.583333333333334,preparing,,1.0
377,gLO_sBM_cAll_d13_mLO2_ch02,6.324144799997107,9.583333333333334,preparing,,1.0
378,gLO_sBM_cAll_d13_mLO2_ch02,6.340761199997309,9.583333333333334,preparing,,1.0
379,gLO_sBM_cAll_d13_mLO2_ch02,6.35742139999997,9.583333333333334,preparing,,1.0
380,gLO_sBM_cAll_d13_mLO2_ch02,6.374962999998336,9.583333333333334,ready,,1.0
381,gLO_sBM_cAll_d13_mLO2_ch02,6.390646199997665,9.583333333333334,ready,,1.0
382,gLO_sBM_cAll_d13_mLO2_ch02,6.407372800000249,9.583333333333334,ready,,1.0
383,gLO_sBM_cAll_d13_mLO2_ch02,6.424411399999316,9.583333333333334,ready,,1.0
384,gLO_sBM_cAll_d13_mLO2_ch02,6.441041399997574,9.583333333333334,ready,,1.0
385,gLO_sBM_cAll_d13_mLO2_ch02,6.457549699996832,9.583333333333334,ready,,1.0
386,gLO_sBM_cAll_d13_mLO2_ch02,6.474187199997629,9.583333333333334,ready,,1.0
387,gLO_sBM_cAll_d13_mLO2_ch02,6.49079720000003,9.583333333333334,ready,,1.0
388,gLO_sBM_cAll_d13_mLO2_ch02,6.507432999998795,9.583333333333334,ready,,1.0
389,gLO_sBM_cAll_d13_mLO2_ch02,6.524134699997315,9.583333333333334,ready,,1.0
390,gLO_sBM_cAll_d13_mLO2_ch02,6.540745700000055,9.583333333333334,ready,,1.0
391,gLO_sBM_cAll_d13_mLO2_ch02,6.557278899999739,9.583333333333334,ready,,1.0
392,gLO_sBM_cAll_d13_mLO2_ch02,6.574363699997712,9.583333333333334,ready,,1.0
393,gLO_sBM_cAll_d13_mLO2_ch02,6.590969099997828,9.583333333333334,ready,,1.0
394,gLO_sBM_cAll_d13_mLO2_ch02,6.607652699996769,9.583333333333334,ready,,1.0
395,gLO_sBM_cAll_d13_mLO2_ch02,6.624452899999531,9.583333333333334,ready,,1.0
396,gLO_sBM_cAll_d13_mLO2_ch02,6.640980299998707,9.583333333333334,ready,,1.0
397,gLO_sBM_cAll_d13_mLO2_ch02,6.6574538999993145,9.583333333333334,ready,,1.0
398,gLO_sBM_cAll_d13_mLO2_ch02,6.674093999998081,9.583333333333334,ready,,1.0
399,gLO_sBM_cAll_d13_mLO2_ch02,6.690697699999804,9.583333333333334,ready,,1.0
400,gLO_sBM_cAll_d13_mLO2_ch02,6.707308499997382,9.583333333333334,ready,,1.0
401,gLO_sBM_cAll_d13_mLO2_ch02,6.724041800000052,9.583333333333334,ready,,1.0
402,gLO_sBM_cAll_d13_mLO2_ch02,6.7407024999992435,9.583333333333334,ready,,1.0
403,gLO_sBM_cAll_d13_mLO2_ch02,6.757725999999748,9.583333333333334,ready,,1.0
404,gLO_sBM_cAll_d13_mLO2_ch02,6.774292899997744,9.583333333333334,ready,,1.0
405,gLO_sBM_cAll_d13_mLO2_ch02,6.790862499998109,9.583333333333334,ready,,1.0
406,gLO_sBM_cAll_d13_mLO2_ch02,6.807463199998817,9.583333333333334,ready,,1.0
407,gLO_sBM_cAll_d13_mLO2_ch02,6.824128999996825,9.583333333333334,ready,,1.0
408,gLO_sBM_cAll_d13_mLO2_ch02,6.840761399998805,9.583333333333334,ready,,1.0
409,gLO_sBM_cAll_d13_mLO2_ch02,6.857354599996974,9.583333333333334,ready,,1.0
410,gLO_sBM_cAll_d13_mLO2_ch02,6.874367599997561,9.583333333333334,ready,,1.0
411,gLO_sBM_cAll_d13_mLO2_ch02,6.891027599998699,9.583333333333334,ready,,1.0
412,gLO_sBM_cAll_d13_mLO2_ch02,6.907665899998311,9.583333333333334,ready,,1.0
413,gLO_sBM_cAll_d13_mLO2_ch02,6.924304999996739,9.583333333333334,ready,,1.0
414,gLO_sBM_cAll_d13_mLO2_ch02,6.94063299999826,9.583333333333334,ready,,1.0
415,gLO_sBM_cAll_d13_mLO2_ch02,6.957665099998765,9.583333333333334,ready,,1.0
416,gLO_sBM_cAll_d13_mLO2_ch02,6.974183399997771,9.583333333333334,ready,,1.0
417,gLO_sBM_cAll_d13_mLO2_ch02,6.99081199999992,9.583333333333334,ready,,1.0
418,gLO_sBM_cAll_d13_mLO2_ch02,7.007333800000111,9.583333333333334,ready,,1.0
419,gLO_sBM_cAll_d13_mLO2_ch02,7.023933399999718,9.583333333333334,ready,,1.0
420,gLO_sBM_cAll_d13_mLO2_ch02,7.041080399998376,9.583333333333334,ready,,1.0
421,gLO_sBM_cAll_d13_mLO2_ch02,7.057256599997256,9.583333333333334,ready,,1.0
422,gLO_sBM_cAll_d13_mLO2_ch02,7.074445399997695,9.583333333333334,ready,,1.0
423,gLO_sBM_cAll_d13_mLO2_ch02,7.091194599997744,9.583333333333334,ready,,1.0
424,gLO_sBM_cAll_d13_mLO2_ch02,7.1076335999968245,9.583333333333334,ready,,1.0
425,gLO_sBM_cAll_d13_mLO2_ch02,7.124203999999644,9.583333333333334,ready,,1.0
426,gLO_sBM_cAll_d13_mLO2_ch02,7.140882399999007,9.583333333333334,ready,,1.0
427,gLO_sBM_cAll_d13_mLO2_ch02,7.157516600000141,9.583333333333334,ready,,0.9999667869170817
428,gLO_sBM_cAll_d13_mLO2_ch02,7.174113699998903,9.583333333333334,ready,,0.998957868062373
429,gLO_sBM_cAll_d13_mLO2_ch02,7.190812999997338,9.583333333333334,ready,,0.9952055723251161
430,gLO_sBM_cAll_d13_mLO2_ch02,7.207342800000236,9.583333333333334,ready,,0.9873915437510217
431,gLO_sBM_cAll_d13_mLO2_ch02,7.223941000000098,9.583333333333334,ready,,0.9744090586027392
432,gLO_sBM_cAll_d13_mLO2_ch02,7.240578699998779,9.583333333333334,ready,,0.9555324160387175
433,gLO_sBM_cAll_d13_mLO2_ch02,7.257704399998957,9.583333333333334,ready,,0.9295612787220485
434,gLO_sBM_cAll_d13_mLO2_ch02,7.274351099997047,9.583333333333334,ready,,0.8978484086815405
435,gLO_sBM_cAll_d13_mLO2_ch02,7.290961899998264,9.583333333333334,ready,,0.8599967006879297
436,gLO_sBM_cAll_d13_mLO2_ch02,7.30750059999981,9.583333333333334,ready,,0.8165153980722106
437,gLO_sBM_cAll_d13_mLO2_ch02,7.324081399998146,9.583333333333334,ready,,0.7676762889634651
438,gLO_sBM_cAll_d13_mLO2_ch02,7.340823499998701,9.583333333333334,ready,,0.7137620975985294
439,gLO_sBM_cAll_d13_mLO2_ch02,7.357549000000185,9.583333333333334,ready,,0.65615770271134
440,gLO_sBM_cAll_d13_mLO2_ch02,7.374183199997682,9.583333333333334,ready,,0.5961269187038104
441,gLO_sBM_cAll_d13_mLO2_ch02,7.390795999999575,9.583333333333334,ready,,0.5344838245186214
442,gLO_sBM_cAll_d13_mLO2_ch02,7.407346199997739,9.583333333333334,ready,,0.47246760389408643
443,gLO_sBM_cAll_d13_mLO2_ch02,7.423983099997605,9.583333333333334,ready,,0.4106136442545335
444,gLO_sBM_cAll_d13_mLO2_ch02,7.441079799998879,9.583333333333334,ready,,0.34870125690026055
445,gLO_sBM_cAll_d13_mLO2_ch02,7.457265599998099,9.583333333333334,ready,,0.29264751379828907
446,gLO_sBM_cAll_d13_mLO2_ch02,7.473933399996784,9.583333333333334,ready,,0.23849084969602133
447,gLO_sBM_cAll_d13_mLO2_ch02,7.491073699998994,9.583333333333334,ready,,0.18748676009743107
448,gLO_sBM_cAll_d13_mLO2_ch02,7.507593999998677,9.583333333333334,ready,,0.1435763628469909
449,gLO_sBM_cAll_d13_mLO2_ch02,7.524358099999404,9.583333333333334,ready,,0.1048742655491711
450,gLO_sBM_cAll_d13_mLO2_ch02,7.541132799997171,9.583333333333334,ready,,0.0724471562951671
451,gLO_sBM_cAll_d13_mLO2_ch02,7.557563899997943,9.583333333333334,ready,,0.046959077654601014
452,gLO_sBM_cAll_d13_mLO2_ch02,7.574195199998823,9.583333333333334,ready,,0.02740380343021485
453,gLO_sBM_cAll_d13_mLO2_ch02,7.590699599997489,9.583333333333334,ready,,0.013855513294907564
454,gLO_sBM_cAll_d13_mLO2_ch02,7.607481199996864,9.583333333333334,ready,,0.005391688899361661
455,gLO_sBM_cAll_d13_mLO2_ch02,7.624131799999185,9.583333333333334,ready,,0.0012795617320123564
456,gLO_sBM_cAll_d13_mLO2_ch02,7.640882199997457,9.583333333333334,ready,,5.899352193947624e-05
457,gLO_sBM_cAll_d13_mLO2_ch02,7.65,9.583333333333334,executing,switch_start,0.0
458,gLO_sBM_cAll_d13_mLO2_ch02,7.65,9.583333333333334,executing,,0.0
459,gLO_sBM_cAll_d13_mLO2_ch02,7.65,9.583333333333334,executing,,0.0
460,gLO_sBM_cAll_d13_mLO2_ch02,7.65,9.583333333333334,executing,,0.0
461,gLO_sBM_cAll_d13_mLO2_ch02,7.65,9.583333333333334,executing,,0.0
462,gLO_sBM_cAll_d13_mLO2_ch02,7.65,9.583333333333334,executing,,0.0
463,gLO_sBM_cAll_d13_mLO2_ch02,7.65,9.583333333333334,executing,,0.0
464,gLO_sBM_cAll_d13_mLO2_ch02,7.65,9.583333333333334,executing,,0.0
465,gLO_sBM_cAll_d13_mLO2_ch02,7.65,9.583333333333334,executing,,0.0
466,gLO_sBM_cAll_d13_mLO2_ch02,7.65,9.583333333333334,executing,,0.0
467,gLO_sBM_cAll_d13_mLO2_ch02,7.65,9.583333333333334,executing,,0.0
468,gLO_sBM_cAll_d13_mLO2_ch02,7.65,9.583333333333334,executing,,0.0
469,gLO_sBM_cAll_d13_mLO2_ch02,7.65,9.583333333333334,executing,,0.0
470,gLO_sBM_cAll_d13_mLO2_ch02,7.65,9.583333333333334,executing,,0.0
471,gLO_sBM_cAll_d13_mLO2_ch02,7.65,9.583333333333334,executing,,0.0
472,gLO_sBM_cAll_d13_mLO2_ch02,7.65,9.583333333333334,executing,,0.0
473,gLO_sBM_cAll_d13_mLO2_ch02,7.65,9.583333333333334,executing,,0.0
474,gLO_sBM_cAll_d13_mLO2_ch02,7.65,9.583333333333334,executing,,0.0
475,gLO_sBM_cAll_d13_mLO2_ch02,7.65,9.583333333333334,executing,,0.0
476,gLO_sBM_cAll_d13_mLO2_ch02,7.65,9.583333333333334,executing,,0.0
477,gLO_sBM_cAll_d13_mLO2_ch02,7.65,9.583333333333334,executing,,0.0
478,gPO_sBM_cAll_d10_mPO3_ch02,0.6073052999978245,8.716666666666667,awaiting_preparation,switch_complete,3.050964958691485e-05
479,gPO_sBM_cAll_d10_mPO3_ch02,0.6244047999985922,8.716666666666667,loading,,0.0010793550810492237
480,gPO_sBM_cAll_d10_mPO3_ch02,0.6410206999986257,8.716666666666667,loading,,0.004864782749746893
481,gPO_sBM_cAll_d10_mPO3_ch02,0.6575303999976312,8.716666666666667,loading,,0.012724824013201278
482,gPO_sBM_cAll_d10_mPO3_ch02,0.6741753999973297,8.716666666666667,loading,,0.025814852580411374
483,gPO_sBM_cAll_d10_mPO3_ch02,0.690929699999833,8.716666666666667,loading,,0.04493239920917529
484,gPO_sBM_cAll_d10_mPO3_ch02,0.7080892999998465,8.716666666666667,loading,,0.07110008036913551
485,gPO_sBM_cAll_d10_mPO3_ch02,0.7242001999999044,8.716666666666667,loading,,0.10183574834224532
486,gPO_sBM_cAll_d10_mPO3_ch02,0.7407532999983228,8.716666666666667,loading,,0.13949081634711163
487,gPO_sBM_cAll_d10_mPO3_ch02,0.7576012999976224,8.716666666666667,loading,,0.18376600878038707
488,gPO_sBM_cAll_d10_mPO3_ch02,0.7741947999980762,8.716666666666667,loading,,0.23267425221981033
489,gPO_sBM_cAll_d10_mPO3_ch02,0.7909873999975383,8.716666666666667,loading,,0.28678576228824615
490,gPO_sBM_cAll_d10_mPO3_ch02,0.8076955999982595,8.716666666666667,loading,,0.3443609082118675
491,gPO_sBM_cAll_d10_mPO3_ch02,0.8243001999995606,8.716666666666667,loading,,0.40430256533311393
492,gPO_sBM_cAll_d10_mPO3_ch02,0.8406324999974452,8.716666666666667,loading,,0.4649047410874811
493,gPO_sBM_cAll_d10_mPO3_ch02,0.8573083999996007,8.716666666666667,loading,,0.5273908895436018
494,gPO_sBM_cAll_d10_mPO3_ch02,0.8739188999985337,8.716666666666667,loading,,0.5891500048726128
495,gPO_sBM_cAll_d10_mPO3_ch02,0.8906113999997606,8.716666666666667,loading,,0.6496347677873323
496,gPO_sBM_cAll_d10_mPO3_ch02,0.9074180000003242,8.716666666666667,loading,,0.7078654354985503
497,gPO_sBM_cAll_d10_mPO3_ch02,0.9242615999988618,8.716666666666667,loading,,0.7625331624027222
498,gPO_sBM_cAll_d10_mPO3_ch02,0.9406031999984396,8.716666666666667,loading,,0.8111839976465581
499,gPO_sBM_cAll_d10_mPO3_ch02,0.9578065999972738,8.716666666666667,loading,,0.8569524244738244
500,gPO_sBM_cAll_d10_mPO3_ch02,0.9744076999973901,8.716666666666667,loading,,0.8952310475576053
501,gPO_sBM_cAll_d10_mPO3_ch02,0.9908403999994322,8.716666666666667,loading,,0.9270428884105023
502,gPO_sBM_cAll_d10_mPO3_ch02,1.0075693999984638,8.716666666666667,loading,,0.9530484159129999
503,gPO_sBM_cAll_d10_mPO3_ch02,1.0243653999983495,8.716666666666667,loading,,0.9727648341452022
504,gPO_sBM_cAll_d10_mPO3_ch02,1.040790900000137,8.716666666666667,loading,,0.9862042677753298
505,gPO_sBM_cAll_d10_mPO3_ch02,1.057333099999231,8.716666666666667,loading,,0.9945543468857778
506,gPO_sBM_cAll_d10_mPO3_ch02,1.074398700000164,8.716666666666667,loading,,0.9987586067935924
507,gPO_sBM_cAll_d10_mPO3_ch02,1.0906701999971107,8.716666666666667,loading,,0.9999368357533519
508,gPO_sBM_cAll_d10_mPO3_ch02,1.1077672999977937,8.716666666666667,loading,,1.0
509,gPO_sBM_cAll_d10_mPO3_ch02,1.1242585999985737,8.716666666666667,loading,,1.0
510,gPO_sBM_cAll_d10_mPO3_ch02,1.1406182999977306,8.716666666666667,loading,,1.0
511,gPO_sBM_cAll_d10_mPO3_ch02,1.15774569999994,8.716666666666667,loading,,1.0
512,gPO_sBM_cAll_d10_mPO3_ch02,1.1739846999967982,8.716666666666667,loading,,1.0
513,gPO_sBM_cAll_d10_mPO3_ch02,1.1906727000001398,8.716666666666667,loading,,1.0
514,gPO_sBM_cAll_d10_mPO3_ch02,1.207570599997415,8.716666666666667,loading,,1.0
515,gPO_sBM_cAll_d10_mPO3_ch02,1.2243058999971241,8.716666666666667,loading,,1.0
516,gPO_sBM_cAll_d10_mPO3_ch02,1.2411527999989618,8.716666666666667,loading,,1.0
517,gPO_sBM_cAll_d10_mPO3_ch02,1.2574192999978537,8.716666666666667,loading,,1.0
518,gPO_sBM_cAll_d10_mPO3_ch02,1.2740775999969616,8.716666666666667,loading,,1.0
519,gPO_sBM_cAll_d10_mPO3_ch02,1.2907656000003032,8.716666666666667,loading,,1.0
520,gPO_sBM_cAll_d10_mPO3_ch02,1.3075509999995107,8.716666666666667,loading,,1.0
521,gPO_sBM_cAll_d10_mPO3_ch02,1.3242865999978664,8.716666666666667,loading,,1.0
522,gPO_sBM_cAll_d10_mPO3_ch02,1.3410394999969855,8.716666666666667,loading,,1.0
523,gPO_sBM_cAll_d10_mPO3_ch02,1.3572848999989207,8.716666666666667,loading,,1.0
524,gPO_sBM_cAll_d10_mPO3_ch02,1.3744112999971536,8.716666666666667,loading,,1.0
525,gPO_sBM_cAll_d10_mPO3_ch02,1.390617299997392,8.716666666666667,loading,,1.0
526,gPO_sBM_cAll_d10_mPO3_ch02,1.4073342999996372,8.716666666666667,loading,,1.0
527,gPO_sBM_cAll_d10_mPO3_ch02,1.4239748999985737,8.716666666666667,loading,,1.0
528,gPO_sBM_cAll_d10_mPO3_ch02,1.4407794999984604,8.716666666666667,loading,,1.0
529,gPO_sBM_cAll_d10_mPO3_ch02,1.4575651999999524,8.716666666666667,loading,,1.0
530,gPO_sBM_cAll_d10_mPO3_ch02,1.4744194999999296,8.716666666666667,loading,,1.0
531,gPO_sBM_cAll_d10_mPO3_ch02,1.4908655999985045,8.716666666666667,loading,,1.0
532,gPO_sBM_cAll_d10_mPO3_ch02,1.5074427999985334,8.716666666666667,loading,,1.0
533,gPO_sBM_cAll_d10_mPO3_ch02,1.524288599999271,8.716666666666667,loading,,1.0
534,gPO_sBM_cAll_d10_mPO3_ch02,1.5410760999999171,8.716666666666667,loading,,1.0
535,gPO_sBM_cAll_d10_mPO3_ch02,1.5576095999982487,8.716666666666667,loading,,1.0
536,gPO_sBM_cAll_d10_mPO3_ch02,1.5741213999986927,8.716666666666667,loading,,1.0
537,gPO_sBM_cAll_d10_mPO3_ch02,1.5908715999990806,8.716666666666667,loading,,1.0
538,gPO_sBM_cAll_d10_mPO3_ch02,1.607414799998513,8.716666666666667,preparing,,1.0
539,gPO_sBM_cAll_d10_mPO3_ch02,1.6243651999990094,8.716666666666667,preparing,,1.0
540,gPO_sBM_cAll_d10_mPO3_ch02,1.6409684999976877,8.716666666666667,preparing,,1.0
541,gPO_sBM_cAll_d10_mPO3_ch02,1.6575690999976347,8.716666666666667,preparing,,1.0
542,gPO_sBM_cAll_d10_mPO3_ch02,1.6742319999990274,8.716666666666667,preparing,,1.0
543,gPO_sBM_cAll_d10_mPO3_ch02,1.6909971000000938,8.716666666666667,preparing,,1.0
544,gPO_sBM_cAll_d10_mPO3_ch02,1.7074597999977401,8.716666666666667,preparing,,1.0
545,gPO_sBM_cAll_d10_mPO3_ch02,1.7241831999977864,8.716666666666667,preparing,,1.0
546,gPO_sBM_cAll_d10_mPO3_ch02,1.740643099999578,8.716666666666667,preparing,,1.0
547,gPO_sBM_cAll_d10_mPO3_ch02,1.7577146999989042,8.716666666666667,preparing,,1.0
548,gPO_sBM_cAll_d10_mPO3_ch02,1.7744308999986957,8.716666666666667,preparing,,1.0
549,gPO_sBM_cAll_d10_mPO3_ch02,1.7905944999998598,8.716666666666667,preparing,,1.0
550,gPO_sBM_cAll_d10_mPO3_ch02,1.8076887000002886,8.716666666666667,preparing,,1.0
551,gPO_sBM_cAll_d10_mPO3_ch02,1.8243084000001533,8.716666666666667,preparing,,1.0
552,gPO_sBM_cAll_d10_mPO3_ch02,1.8410405999980854,8.716666666666667,preparing,,1.0
553,gPO_sBM_cAll_d10_mPO3_ch02,1.8572588999973947,8.716666666666667,preparing,,1.0
554,gPO_sBM_cAll_d10_mPO3_ch02,1.8743660999985865,8.716666666666667,preparing,,1.0
555,gPO_sBM_cAll_d10_mPO3_ch02,1.891053400000236,8.716666666666667,preparing,,1.0
556,gPO_sBM_cAll_d10_mPO3_ch02,1.9077045999998505,8.716666666666667,preparing,,1.0
557,gPO_sBM_cAll_d10_mPO3_ch02,1.9243082999979366,8.716666666666667,preparing,,1.0
558,gPO_sBM_cAll_d10_mPO3_ch02,1.940890899999066,8.716666666666667,preparing,,1.0
559,gPO_sBM_cAll_d10_mPO3_ch02,1.9573752999982377,8.716666666666667,preparing,,1.0
560,gPO_sBM_cAll_d10_mPO3_ch02,1.9745012999970628,8.716666666666667,preparing,,1.0
561,gPO_sBM_cAll_d10_mPO3_ch02,1.9906301999995764,8.716666666666667,preparing,,1.0
562,gPO_sBM_cAll_d10_mPO3_ch02,2.007322699997166,8.716666666666667,preparing,,1.0
563,gPO_sBM_cAll_d10_mPO3_ch02,2.0242248999980803,8.716666666666667,preparing,,1.0
564,gPO_sBM_cAll_d10_mPO3_ch02,2.041079999996874,8.716666666666667,preparing,,1.0
565,gPO_sBM_cAll_d10_mPO3_ch02,2.057747799999199,8.716666666666667,preparing,,1.0
566,gPO_sBM_cAll_d10_mPO3_ch02,2.074366399997964,8.716666666666667,preparing,,1.0
567,gPO_sBM_cAll_d10_mPO3_ch02,2.0906952999990636,8.716666666666667,preparing,,1.0
568,gPO_sBM_cAll_d10_mPO3_ch02,2.107370299998005,8.716666666666667,preparing,,1.0
569,gPO_sBM_cAll_d10_mPO3_ch02,2.1244449999991093,8.716666666666667,preparing,,1.0
570,gPO_sBM_cAll_d10_mPO3_ch02,2.1406896999993528,8.716666666666667,preparing,,1.0
571,gPO_sBM_cAll_d10_mPO3_ch02,2.1577541999991867,8.716666666666667,preparing,,1.0
572,gPO_sBM_cAll_d10_mPO3_ch02,2.174194299999369,8.716666666666667,preparing,,1.0
573,gPO_sBM_cAll_d10_mPO3_ch02,2.1974166999985827,8.716666666666667,ready,,1.0
574,gPO_sBM_cAll_d10_mPO3_ch02,2.2076471999986174,8.716666666666667,ready,,1.0
575,gPO_sBM_cAll_d10_mPO3_ch02,2.2240169999982835,8.716666666666667,ready,,1.0
576,gPO_sBM_cAll_d10_mPO3_ch02,2.2408965999980954,8.716666666666667,ready,,1.0
577,gPO_sBM_cAll_d10_mPO3_ch02,2.257536499998978,8.716666666666667,ready,,1.0
578,gPO_sBM_cAll_d10_mPO3_ch02,2.2741839999995235,8.716666666666667,ready,,1.0
579,gPO_sBM_cAll_d10_mPO3_ch02,2.2908033999971043,8.716666666666667,ready,,1.0
580,gPO_sBM_cAll_d10_mPO3_ch02,2.307493399997486,8.716666666666667,ready,,1.0
581,gPO_sBM_cAll_d10_mPO3_ch02,2.32411469999862,8.716666666666667,ready,,1.0
582,gPO_sBM_cAll_d10_mPO3_ch02,2.340793499997393,8.716666666666667,ready,,1.0
583,gPO_sBM_cAll_d10_mPO3_ch02,2.3575304999991338,8.716666666666667,ready,,1.0
584,gPO_sBM_cAll_d10_mPO3_ch02,2.374203199998752,8.716666666666667,ready,,1.0
585,gPO_sBM_cAll_d10_mPO3_ch02,2.390920399998883,8.716666666666667,ready,,1.0
586,gPO_sBM_cAll_d10_mPO3_ch02,2.4074627999995,8.716666666666667,ready,,1.0
587,gPO_sBM_cAll_d10_mPO3_ch02,2.4240577999968242,8.716666666666667,ready,,1.0
588,gPO_sBM_cAll_d10_mPO3_ch02,2.4407004000000763,8.716666666666667,ready,,1.0
589,gPO_sBM_cAll_d10_mPO3_ch02,2.457409599997499,8.716666666666667,ready,,1.0
590,gPO_sBM_cAll_d10_mPO3_ch02,2.4740207999981245,8.716666666666667,ready,,1.0
591,gPO_sBM_cAll_d10_mPO3_ch02,2.490687899998757,8.716666666666667,ready,,1.0
592,gPO_sBM_cAll_d10_mPO3_ch02,2.5077082000003625,8.716666666666667,ready,,1.0
593,gPO_sBM_cAll_d10_mPO3_ch02,2.5242174999999607,8.716666666666667,ready,,1.0
594,gPO_sBM_cAll_d10_mPO3_ch02,2.541032399998242,8.716666666666667,ready,,1.0
595,gPO_sBM_cAll_d10_mPO3_ch02,2.557570700000382,8.716666666666667,ready,,1.0
596,gPO_sBM_cAll_d10_mPO3_ch02,2.5742448999968697,8.716666666666667,ready,,1.0
597,gPO_sBM_cAll_d10_mPO3_ch02,2.590733299997396,8.716666666666667,ready,,1.0
598,gPO_sBM_cAll_d10_mPO3_ch02,2.607717599997728,8.716666666666667,ready,,1.0
599,gPO_sBM_cAll_d10_mPO3_ch02,2.6239444999970387,8.716666666666667,ready,,1.0
600,gPO_sBM_cAll_d10_mPO3_ch02,2.6406422999986057,8.716666666666667,ready,,1.0
601,gPO_sBM_cAll_d10_mPO3_ch02,2.657628899998261,8.716666666666667,ready,,1.0
602,gPO_sBM_cAll_d10_mPO3_ch02,2.6741990999995586,8.716666666666667,ready,,1.0
603,gPO_sBM_cAll_d10_mPO3_ch02,2.6908146000001847,8.716666666666667,ready,,1.0
604,gPO_sBM_cAll_d10_mPO3_ch02,2.707408299998524,8.716666666666667,ready,,1.0
605,gPO_sBM_cAll_d10_mPO3_ch02,2.724132099997979,8.716666666666667,ready,,1.0
606,gPO_sBM_cAll_d10_mPO3_ch02,2.7408758999969285,8.716666666666667,ready,,1.0
607,gPO_sBM_cAll_d10_mPO3_ch02,2.7576045999973147,8.716666666666667,ready,,1.0
608,gPO_sBM_cAll_d10_mPO3_ch02,2.774201699999715,8.716666666666667,ready,,1.0
609,gPO_sBM_cAll_d10_mPO3_ch02,2.790898099997898,8.716666666666667,ready,,1.0
610,gPO_sBM_cAll_d10_mPO3_ch02,2.807496199996999,8.716666666666667,ready,,1.0
611,gPO_sBM_cAll_d10_mPO3_ch02,2.8241369000003353,8.716666666666667,ready,,1.0
612,gPO_sBM_cAll_d10_mPO3_ch02,2.840757799998424,8.716666666666667,ready,,1.0
613,gPO_sBM_cAll_d10_mPO3_ch02,2.8573154999991277,8.716666666666667,ready,,1.0
614,gPO_sBM_cAll_d10_mPO3_ch02,2.8744198999971897,8.716666666666667,ready,,1.0
615,gPO_sBM_cAll_d10_mPO3_ch02,2.8909480999988206,8.716666666666667,ready,,1.0
616,gPO_sBM_cAll_d10_mPO3_ch02,2.907634999997425,8.716666666666667,ready,,1.0
617,gPO_sBM_cAll_d10_mPO3_ch02,2.9241910999968597,8.716666666666667,ready,,1.0
618,gPO_sBM_cAll_d10_mPO3_ch02,2.94096809999759,8.716666666666667,ready,,1.0
619,gPO_sBM_cAll_d10_mPO3_ch02,2.9576979999998376,8.716666666666667,ready,,1.0
620,gPO_sBM_cAll_d10_mPO3_ch02,2.974121599998072,8.716666666666667,ready,,1.0
621,gPO_sBM_cAll_d10_mPO3_ch02,2.9907274999983584,8.716666666666667,ready,,1.0
622,gPO_sBM_cAll_d10_mPO3_ch02,3.0072925000000783,8.716666666666667,ready,,1.0
623,gPO_sBM_cAll_d10_mPO3_ch02,3.0241027999997128,8.716666666666667,ready,,1.0
624,gPO_sBM_cAll_d10_mPO3_ch02,3.040841899999254,8.716666666666667,ready,,1.0
625,gPO_sBM_cAll_d10_mPO3_ch02,3.0574611999997114,8.716666666666667,ready,,1.0
626,gPO_sBM_cAll_d10_mPO3_ch02,3.0740853000003385,8.716666666666667,ready,,1.0
627,gPO_sBM_cAll_d10_mPO3_ch02,3.0907113999980047,8.716666666666667,ready,,1.0
628,gPO_sBM_cAll_d10_mPO3_ch02,3.107467899999071,8.716666666666667,ready,,1.0
629,gPO_sBM_cAll_d10_mPO3_ch02,3.1241970999996265,8.716666666666667,ready,,1.0
630,gPO_sBM_cAll_d10_mPO3_ch02,3.1411039999999493,8.716666666666667,ready,,1.0
631,gPO_sBM_cAll_d10_mPO3_ch02,3.157568699998273,8.716666666666667,ready,,1.0
632,gPO_sBM_cAll_d10_mPO3_ch02,3.174071299997786,8.716666666666667,ready,,1.0
633,gPO_sBM_cAll_d10_mPO3_ch02,3.1907311999981633,8.716666666666667,ready,,1.0
634,gPO_sBM_cAll_d10_mPO3_ch02,3.2075297999996577,8.716666666666667,ready,,1.0
635,gPO_sBM_cAll_d10_mPO3_ch02,3.2241740999976645,8.716666666666667,ready,,1.0
636,gPO_sBM_cAll_d10_mPO3_ch02,3.240804699996854,8.716666666666667,ready,,1.0
637,gPO_sBM_cAll_d10_mPO3_ch02,3.257591100000039,8.716666666666667,ready,,1.0
638,gPO_sBM_cAll_d10_mPO3_ch02,3.274269499999404,8.716666666666667,ready,,1.0
639,gPO_sBM_cAll_d10_mPO3_ch02,3.290928000000035,8.716666666666667,ready,,1.0
640,gPO_sBM_cAll_d10_mPO3_ch02,3.3073248999986893,8.716666666666667,ready,,1.0
641,gPO_sBM_cAll_d10_mPO3_ch02,3.324127999998069,8.716666666666667,ready,,1.0
642,gPO_sBM_cAll_d10_mPO3_ch02,3.3408218999990433,8.716666666666667,ready,,1.0
643,gPO_sBM_cAll_d10_mPO3_ch02,3.357656499998173,8.716666666666667,ready,,1.0
644,gPO_sBM_cAll_d10_mPO3_ch02,3.3743393999990614,8.716666666666667,ready,,1.0
645,gPO_sBM_cAll_d10_mPO3_ch02,3.390965999996897,8.716666666666667,ready,,1.0
646,gPO_sBM_cAll_d10_mPO3_ch02,3.407685699997874,8.716666666666667,ready,,1.0
647,gPO_sBM_cAll_d10_mPO3_ch02,3.4243432999989283,8.716666666666667,ready,,1.0
648,gPO_sBM_cAll_d10_mPO3_ch02,3.4409958999982897,8.716666666666667,ready,,1.0
649,gPO_sBM_cAll_d10_mPO3_ch02,3.457248499996842,8.716666666666667,ready,,1.0
650,gPO_sBM_cAll_d10_mPO3_ch02,3.4744005999979555,8.716666666666667,ready,,1.0
651,gPO_sBM_cAll_d10_mPO3_ch02,3.4906742999971025,8.716666666666667,ready,,1.0
652,gPO_sBM_cAll_d10_mPO3_ch02,3.507496299998515,8.716666666666667,ready,,1.0
653,gPO_sBM_cAll_d10_mPO3_ch02,3.524216999999831,8.716666666666667,ready,,1.0
654,gPO_sBM_cAll_d10_mPO3_ch02,3.540844199998597,8.716666666666667,ready,,1.0
655,gPO_sBM_cAll_d10_mPO3_ch02,3.557360899999973,8.716666666666667,ready,,1.0
656,gPO_sBM_cAll_d10_mPO3_ch02,3.5740440999995076,8.716666666666667,ready,,1.0
657,gPO_sBM_cAll_d10_mPO3_ch02,3.5906209999972525,8.716666666666667,ready,,1.0
658,gPO_sBM_cAll_d10_mPO3_ch02,3.6076479999989433,8.716666666666667,ready,,1.0
659,gPO_sBM_cAll_d10_mPO3_ch02,3.624176199996936,8.716666666666667,ready,,1.0
660,gPO_sBM_cAll_d10_mPO3_ch02,3.6409342999992718,8.716666666666667,ready,,1.0
661,gPO_sBM_cAll_d10_mPO3_ch02,3.6576185999999065,8.716666666666667,ready,,1.0
662,gPO_sBM_cAll_d10_mPO3_ch02,3.674097099997809,8.716666666666667,ready,,1.0
663,gPO_sBM_cAll_d10_mPO3_ch02,3.690757099998948,8.716666666666667,ready,,1.0
664,gPO_sBM_cAll_d10_mPO3_ch02,3.707327699999653,8.716666666666667,ready,,1.0
665,gPO_sBM_cAll_d10_mPO3_ch02,3.724191599999971,8.716666666666667,ready,,1.0
666,gPO_sBM_cAll_d10_mPO3_ch02,3.740933099999597,8.716666666666667,ready,,1.0
667,gPO_sBM_cAll_d10_mPO3_ch02,3.757676099999731,8.716666666666667,ready,,1.0
668,gPO_sBM_cAll_d10_mPO3_ch02,3.774417899998004,8.716666666666667,ready,,1.0
669,gPO_sBM_cAll_d10_mPO3_ch02,3.7909023999979374,8.716666666666667,ready,,1.0
670,gPO_sBM_cAll_d10_mPO3_ch02,3.8076006999996737,8.716666666666667,ready,,1.0
671,gPO_sBM_cAll_d10_mPO3_ch02,3.824140899998091,8.716666666666667,ready,,1.0
672,gPO_sBM_cAll_d10_mPO3_ch02,3.8407698999996494,8.716666666666667,ready,,1.0
673,gPO_sBM_cAll_d10_mPO3_ch02,3.857459699998508,8.716666666666667,ready,,1.0
674,gPO_sBM_cAll_d10_mPO3_ch02,3.874146299998466,8.716666666666667,ready,,1.0
675,gPO_sBM_cAll_d10_mPO3_ch02,3.8908148999996066,8.716666666666667,ready,,1.0
676,gPO_sBM_cAll_d10_mPO3_ch02,3.907403399998368,8.716666666666667,ready,,1.0
677,gPO_sBM_cAll_d10_mPO3_ch02,3.924376599997853,8.716666666666667,ready,,1.0
678,gPO_sBM_cAll_d10_mPO3_ch02,3.940646999997338,8.716666666666667,ready,,1.0
679,gPO_sBM_cAll_d10_mPO3_ch02,3.957367299999246,8.716666666666667,ready,,1.0
680,gPO_sBM_cAll_d10_mPO3_ch02,3.9740134999971684,8.716666666666667,ready,,1.0
681,gPO_sBM_cAll_d10_mPO3_ch02,3.990865099998415,8.716666666666667,ready,,1.0
682,gPO_sBM_cAll_d10_mPO3_ch02,4.0073720999986895,8.716666666666667,ready,,1.0
683,gPO_sBM_cAll_d10_mPO3_ch02,4.024137699999924,8.716666666666667,ready,,1.0
684,gPO_sBM_cAll_d10_mPO3_ch02,4.040864999996924,8.716666666666667,ready,,1.0
685,gPO_sBM_cAll_d10_mPO3_ch02,4.057523899996962,8.716666666666667,ready,,1.0
686,gPO_sBM_cAll_d10_mPO3_ch02,4.074184399998269,8.716666666666667,ready,,1.0
687,gPO_sBM_cAll_d10_mPO3_ch02,4.090820399998558,8.716666666666667,ready,,1.0
688,gPO_sBM_cAll_d10_mPO3_ch02,4.107587899999708,8.716666666666667,ready,,1.0
689,gPO_sBM_cAll_d10_mPO3_ch02,4.124220299998051,8.716666666666667,ready,,1.0
690,gPO_sBM_cAll_d10_mPO3_ch02,4.140829300000113,8.716666666666667,ready,,1.0
691,gPO_sBM_cAll_d10_mPO3_ch02,4.157657099998394,8.716666666666667,ready,,1.0
692,gPO_sBM_cAll_d10_mPO3_ch02,4.1742016000004485,8.716666666666667,ready,,1.0
693,gPO_sBM_cAll_d10_mPO3_ch02,4.191128899999672,8.716666666666667,ready,,1.0
694,gPO_sBM_cAll_d10_mPO3_ch02,4.207502699997053,8.716666666666667,ready,,1.0
695,gPO_sBM_cAll_d10_mPO3_ch02,4.224196199998618,8.716666666666667,ready,,1.0
696,gPO_sBM_cAll_d10_mPO3_ch02,4.241044799998847,8.716666666666667,ready,,1.0
697,gPO_sBM_cAll_d10_mPO3_ch02,4.2575605999970065,8.716666666666667,ready,,1.0
698,gPO_sBM_cAll_d10_mPO3_ch02,4.274116099999147,8.716666666666667,ready,,1.0
699,gPO_sBM_cAll_d10_mPO3_ch02,4.290808799998258,8.716666666666667,ready,,1.0
700,gPO_sBM_cAll_d10_mPO3_ch02,4.307322499998617,8.716666666666667,ready,,1.0
701,gPO_sBM_cAll_d10_mPO3_ch02,4.324326899999203,8.716666666666667,ready,,1.0
702,gPO_sBM_cAll_d10_mPO3_ch02,4.341069299998405,8.716666666666667,ready,,1.0
703,gPO_sBM_cAll_d10_mPO3_ch02,4.357652899999872,8.716666666666667,ready,,1.0
704,gPO_sBM_cAll_d10_mPO3_ch02,4.3741680999971,8.716666666666667,ready,,1.0
705,gPO_sBM_cAll_d10_mPO3_ch02,4.390616599999397,8.716666666666667,ready,,1.0
706,gPO_sBM_cAll_d10_mPO3_ch02,4.407322799999441,8.716666666666667,ready,,1.0
707,gPO_sBM_cAll_d10_mPO3_ch02,4.42425569999765,8.716666666666667,ready,,1.0
708,gPO_sBM_cAll_d10_mPO3_ch02,4.44082510000013,8.716666666666667,ready,,1.0
709,gPO_sBM_cAll_d10_mPO3_ch02,4.457348699999475,8.716666666666667,ready,,1.0
710,gPO_sBM_cAll_d10_mPO3_ch02,4.4739623999973075,8.716666666666667,ready,,1.0
711,gPO_sBM_cAll_d10_mPO3_ch02,4.490660400000396,8.716666666666667,ready,,1.0
712,gPO_sBM_cAll_d10_mPO3_ch02,4.507338799999759,8.716666666666667,ready,,1.0
713,gPO_sBM_cAll_d10_mPO3_ch02,4.524363700000009,8.716666666666667,ready,,1.0
714,gPO_sBM_cAll_d10_mPO3_ch02,4.540681000000091,8.716666666666667,ready,,1.0
715,gPO_sBM_cAll_d10_mPO3_ch02,4.557624699996863,8.716666666666667,ready,,1.0
716,gPO_sBM_cAll_d10_mPO3_ch02,4.5741914999977356,8.716666666666667,ready,,1.0
717,gPO_sBM_cAll_d10_mPO3_ch02,4.590907299998118,8.716666666666667,ready,,1.0
718,gPO_sBM_cAll_d10_mPO3_ch02,4.6075889999971436,8.716666666666667,ready,,1.0
719,gPO_sBM_cAll_d10_mPO3_ch02,4.624203099998022,8.716666666666667,ready,,1.0
720,gPO_sBM_cAll_d10_mPO3_ch02,4.640867199997637,8.716666666666667,ready,,1.0
721,gPO_sBM_cAll_d10_mPO3_ch02,4.657691499998371,8.716666666666667,ready,,1.0
722,gPO_sBM_cAll_d10_mPO3_ch02,4.67431839999849,8.716666666666667,ready,,1.0
723,gPO_sBM_cAll_d10_mPO3_ch02,4.6910735999969315,8.716666666666667,ready,,1.0
724,gPO_sBM_cAll_d10_mPO3_ch02,4.707267100000213,8.716666666666667,ready,,1.0
725,gPO_sBM_cAll_d10_mPO3_ch02,4.72427519999987,8.716666666666667,ready,,1.0
726,gPO_sBM_cAll_d10_mPO3_ch02,4.740847399998205,8.716666666666667,ready,,1.0
727,gPO_sBM_cAll_d10_mPO3_ch02,4.757612099999863,8.716666666666667,ready,,1.0
728,gPO_sBM_cAll_d10_mPO3_ch02,4.774202499998538,8.716666666666667,ready,,1.0
729,gPO_sBM_cAll_d10_mPO3_ch02,4.791024699997834,8.716666666666667,ready,,1.0
730,gPO_sBM_cAll_d10_mPO3_ch02,4.807566899996927,8.716666666666667,ready,,1.0
731,gPO_sBM_cAll_d10_mPO3_ch02,4.824211499997217,8.716666666666667,ready,,1.0
732,gPO_sBM_cAll_d10_mPO3_ch02,4.841120799997623,8.716666666666667,ready,,1.0
733,gPO_sBM_cAll_d10_mPO3_ch02,4.857541999999409,8.716666666666667,ready,,1.0
734,gPO_sBM_cAll_d10_mPO3_ch02,4.8741869999991065,8.716666666666667,ready,,1.0
735,gPO_sBM_cAll_d10_mPO3_ch02,4.891014799997388,8.716666666666667,ready,,1.0
736,gPO_sBM_cAll_d10_mPO3_ch02,4.907621899999534,8.716666666666667,ready,,1.0
737,gPO_sBM_cAll_d10_mPO3_ch02,4.9242449999998215,8.716666666666667,ready,,1.0
738,gPO_sBM_cAll_d10_mPO3_ch02,4.940857100000023,8.716666666666667,ready,,1.0
739,gPO_sBM_cAll_d10_mPO3_ch02,4.957574800000321,8.716666666666667,ready,,1.0
740,gPO_sBM_cAll_d10_mPO3_ch02,4.974189399997731,8.716666666666667,ready,,1.0
741,gPO_sBM_cAll_d10_mPO3_ch02,4.990967699997444,8.716666666666667,ready,,1.0
742,gPO_sBM_cAll_d10_mPO3_ch02,5.007563799999505,8.716666666666667,ready,,1.0
743,gPO_sBM_cAll_d10_mPO3_ch02,5.024163099996828,8.716666666666667,ready,,1.0
744,gPO_sBM_cAll_d10_mPO3_ch02,5.0410662999980795,8.716666666666667,ready,,1.0
745,gPO_sBM_cAll_d10_mPO3_ch02,5.05753839999818,8.716666666666667,ready,,1.0
746,gPO_sBM_cAll_d10_mPO3_ch02,5.074128699999732,8.716666666666667,ready,,1.0
747,gPO_sBM_cAll_d10_mPO3_ch02,5.090806499998164,8.716666666666667,ready,,1.0
748,gPO_sBM_cAll_d10_mPO3_ch02,5.107324999998693,8.716666666666667,ready,,1.0
749,gPO_sBM_cAll_d10_mPO3_ch02,5.12395549999712,8.716666666666667,ready,,1.0
750,gPO_sBM_cAll_d10_mPO3_ch02,5.140796499997687,8.716666666666667,ready,,1.0
751,gPO_sBM_cAll_d10_mPO3_ch02,5.157546599997312,8.716666666666667,ready,,1.0
752,gPO_sBM_cAll_d10_mPO3_ch02,5.1742042999991265,8.716666666666667,ready,,1.0
753,gPO_sBM_cAll_d10_mPO3_ch02,5.190639299996853,8.716666666666667,ready,,1.0
754,gPO_sBM_cAll_d10_mPO3_ch02,5.207577599999801,8.716666666666667,ready,,1.0
755,gPO_sBM_cAll_d10_mPO3_ch02,5.224279899999251,8.716666666666667,ready,,1.0
756,gPO_sBM_cAll_d10_mPO3_ch02,5.240974300000393,8.716666666666667,ready,,1.0
757,gPO_sBM_cAll_d10_mPO3_ch02,5.257669399999589,8.716666666666667,ready,,1.0
758,gPO_sBM_cAll_d10_mPO3_ch02,5.274186199998087,8.716666666666667,ready,,1.0
759,gPO_sBM_cAll_d10_mPO3_ch02,5.290687999998783,8.716666666666667,ready,,1.0
760,gPO_sBM_cAll_d10_mPO3_ch02,5.307428199999422,8.716666666666667,ready,,1.0
761,gPO_sBM_cAll_d10_mPO3_ch02,5.324031300000215,8.716666666666667,ready,,1.0
762,gPO_sBM_cAll_d10_mPO3_ch02,5.340819499998914,8.716666666666667,ready,,1.0
763,gPO_sBM_cAll_d10_mPO3_ch02,5.357728499997036,8.716666666666667,ready,,1.0
764,gPO_sBM_cAll_d10_mPO3_ch02,5.3742905999985,8.716666666666667,ready,,1.0
765,gPO_sBM_cAll_d10_mPO3_ch02,5.391011799999983,8.716666666666667,ready,,1.0
766,gPO_sBM_cAll_d10_mPO3_ch02,5.407717499999857,8.716666666666667,ready,,1.0
767,gPO_sBM_cAll_d10_mPO3_ch02,5.424344299999214,8.716666666666667,ready,,1.0
768,gPO_sBM_cAll_d10_mPO3_ch02,5.440682899997776,8.716666666666667,ready,,1.0
769,gPO_sBM_cAll_d10_mPO3_ch02,5.457407799998329,8.716666666666667,ready,,1.0
770,gPO_sBM_cAll_d10_mPO3_ch02,5.474042399998871,8.716666666666667,ready,,1.0
771,gPO_sBM_cAll_d10_mPO3_ch02,5.490867499998421,8.716666666666667,ready,,1.0
772,gPO_sBM_cAll_d10_mPO3_ch02,5.507595900000159,8.716666666666667,ready,,1.0
773,gPO_sBM_cAll_d10_mPO3_ch02,5.524338499997246,8.716666666666667,ready,,1.0
774,gPO_sBM_cAll_d10_mPO3_ch02,5.541063199999914,8.716666666666667,ready,,1.0
775,gPO_sBM_cAll_d10_mPO3_ch02,5.557597399999937,8.716666666666667,ready,,1.0
776,gPO_sBM_cAll_d10_mPO3_ch02,5.5741238999995355,8.716666666666667,ready,,1.0
777,gPO_sBM_cAll_d10_mPO3_ch02,5.590863799997891,8.716666666666667,ready,,1.0
778,gPO_sBM_cAll_d10_mPO3_ch02,5.607556599997763,8.716666666666667,ready,,1.0
779,gPO_sBM_cAll_d10_mPO3_ch02,5.624241600000088,8.716666666666667,ready,,1.0
780,gPO_sBM_cAll_d10_mPO3_ch02,5.640797300000114,8.716666666666667,ready,,1.0
781,gPO_sBM_cAll_d10_mPO3_ch02,5.657560699999149,8.716666666666667,ready,,1.0
782,gPO_sBM_cAll_d10_mPO3_ch02,5.674236299999019,8.716666666666667,ready,,1.0
783,gPO_sBM_cAll_d10_mPO3_ch02,5.691048299997044,8.716666666666667,ready,,1.0
784,gPO_sBM_cAll_d10_mPO3_ch02,5.707812899997941,8.716666666666667,ready,,1.0
785,gPO_sBM_cAll_d10_mPO3_ch02,5.724407399998732,8.716666666666667,ready,,1.0
786,gPO_sBM_cAll_d10_mPO3_ch02,5.740847899998321,8.716666666666667,ready,,1.0
787,gPO_sBM_cAll_d10_mPO3_ch02,5.757446399996828,8.716666666666667,ready,,1.0
788,gPO_sBM_cAll_d10_mPO3_ch02,5.774034299998296,8.716666666666667,ready,,1.0
789,gPO_sBM_cAll_d10_mPO3_ch02,5.790818600000041,8.716666666666667,ready,,1.0
790,gPO_sBM_cAll_d10_mPO3_ch02,5.807648599996884,8.716666666666667,ready,,1.0
791,gPO_sBM_cAll_d10_mPO3_ch02,5.823977099998574,8.716666666666667,ready,,1.0
792,gPO_sBM_cAll_d10_mPO3_ch02,5.840680599999886,8.716666666666667,ready,,1.0
793,gPO_sBM_cAll_d10_mPO3_ch02,5.857754299997012,8.716666666666667,ready,,1.0
794,gPO_sBM_cAll_d10_mPO3_ch02,5.874286199997711,8.716666666666667,ready,,1.0
795,gPO_sBM_cAll_d10_mPO3_ch02,5.890639199996782,8.716666666666667,ready,,1.0
796,gPO_sBM_cAll_d10_mPO3_ch02,5.908098499997846,8.716666666666667,ready,,1.0
797,gPO_sBM_cAll_d10_mPO3_ch02,5.92434869999995,8.716666666666667,ready,,1.0
798,gPO_sBM_cAll_d10_mPO3_ch02,5.940828199998189,8.716666666666667,ready,,1.0
799,gPO_sBM_cAll_d10_mPO3_ch02,5.957621499999343,8.716666666666667,ready,,1.0
800,gPO_sBM_cAll_d10_mPO3_ch02,5.974126899998347,8.716666666666667,ready,,1.0
801,gPO_sBM_cAll_d10_mPO3_ch02,5.990822199999066,8.716666666666667,ready,,1.0
802,gPO_sBM_cAll_d10_mPO3_ch02,6.007664499998618,8.716666666666667,ready,,1.0
803,gPO_sBM_cAll_d10_mPO3_ch02,6.024253799999832,8.716666666666667,ready,,1.0
804,gPO_sBM_cAll_d10_mPO3_ch02,6.040898699998768,8.716666666666667,ready,,1.0
805,gPO_sBM_cAll_d10_mPO3_ch02,6.057526399997702,8.716666666666667,ready,,1.0
806,gPO_sBM_cAll_d10_mPO3_ch02,6.074192999998163,8.716666666666667,ready,,1.0
807,gPO_sBM_cAll_d10_mPO3_ch02,6.090746299998104,8.716666666666667,ready,,1.0
808,gPO_sBM_cAll_d10_mPO3_ch02,6.107298799999229,8.716666666666667,ready,,1.0
809,gPO_sBM_cAll_d10_mPO3_ch02,6.123999999997579,8.716666666666667,ready,,1.0
810,gPO_sBM_cAll_d10_mPO3_ch02,6.141027499999438,8.716666666666667,ready,,1.0
811,gPO_sBM_cAll_d10_mPO3_ch02,6.157573799997008,8.716666666666667,ready,,1.0
812,gPO_sBM_cAll_d10_mPO3_ch02,6.174190600000256,8.716666666666667,ready,,1.0
813,gPO_sBM_cAll_d10_mPO3_ch02,6.190913799998778,8.716666666666667,ready,,1.0
814,gPO_sBM_cAll_d10_mPO3_ch02,6.20736509999693,8.716666666666667,ready,,1.0
815,gPO_sBM_cAll_d10_mPO3_ch02,6.2239238999987325,8.716666666666667,ready,,1.0
816,gPO_sBM_cAll_d10_mPO3_ch02,6.240634399998776,8.716666666666667,ready,,1.0
817,gPO_sBM_cAll_d10_mPO3_ch02,6.257248499999655,8.716666666666667,ready,,1.0
818,gPO_sBM_cAll_d10_mPO3_ch02,6.274041599999285,8.716666666666667,ready,,1.0
819,gPO_sBM_cAll_d10_mPO3_ch02,6.290678499999151,8.716666666666667,ready,,1.0
820,gPO_sBM_cAll_d10_mPO3_ch02,6.307462199999965,8.716666666666667,ready,,1.0
821,gPO_sBM_cAll_d10_mPO3_ch02,6.324085199999491,8.716666666666667,ready,,1.0
822,gPO_sBM_cAll_d10_mPO3_ch02,6.340648999999348,8.716666666666667,ready,,1.0
823,gPO_sBM_cAll_d10_mPO3_ch02,6.357413899998891,8.716666666666667,ready,,1.0
824,gPO_sBM_cAll_d10_mPO3_ch02,6.374029000000108,8.716666666666667,ready,,1.0
825,gPO_sBM_cAll_d10_mPO3_ch02,6.390639399998278,8.716666666666667,ready,,1.0
826,gPO_sBM_cAll_d10_mPO3_ch02,6.407672499999122,8.716666666666667,ready,,1.0
827,gPO_sBM_cAll_d10_mPO3_ch02,6.424449899999258,8.716666666666667,ready,,1.0
828,gPO_sBM_cAll_d10_mPO3_ch02,6.441045999997681,8.716666666666667,ready,,1.0
829,gPO_sBM_cAll_d10_mPO3_ch02,6.457933799998084,8.716666666666667,ready,,1.0
830,gPO_sBM_cAll_d10_mPO3_ch02,6.474208999997738,8.716666666666667,ready,,1.0
831,gPO_sBM_cAll_d10_mPO3_ch02,6.490816199997008,8.716666666666667,ready,,1.0
832,gPO_sBM_cAll_d10_mPO3_ch02,6.507630899997403,8.716666666666667,ready,,1.0
833,gPO_sBM_cAll_d10_mPO3_ch02,6.52417339999878,8.716666666666667,ready,,1.0
834,gPO_sBM_cAll_d10_mPO3_ch02,6.540848299996958,8.716666666666667,ready,,1.0
835,gPO_sBM_cAll_d10_mPO3_ch02,6.557535999998015,8.716666666666667,ready,,1.0
836,gPO_sBM_cAll_d10_mPO3_ch02,6.5741404999985535,8.716666666666667,ready,,1.0
837,gPO_sBM_cAll_d10_mPO3_ch02,6.591034799997519,8.716666666666667,ready,,1.0
838,gPO_sBM_cAll_d10_mPO3_ch02,6.607691299997472,8.716666666666667,ready,,1.0
839,gPO_sBM_cAll_d10_mPO3_ch02,6.6242427999982585,8.716666666666667,ready,,1.0
840,gPO_sBM_cAll_d10_mPO3_ch02,6.640946599998217,8.716666666666667,ready,,1.0
841,gPO_sBM_cAll_d10_mPO3_ch02,6.657546799998755,8.716666666666667,ready,,1.0
842,gPO_sBM_cAll_d10_mPO3_ch02,6.67406189999886,8.716666666666667,ready,,1.0
843,gPO_sBM_cAll_d10_mPO3_ch02,6.690699000000249,8.716666666666667,ready,,1.0
844,gPO_sBM_cAll_d10_mPO3_ch02,6.707310299997997,8.716666666666667,ready,,1.0
845,gPO_sBM_cAll_d10_mPO3_ch02,6.724467399997163,8.716666666666667,ready,,1.0
846,gPO_sBM_cAll_d10_mPO3_ch02,6.74069000000011,8.716666666666667,ready,,1.0
847,gPO_sBM_cAll_d10_mPO3_ch02,6.7578446999991915,8.716666666666667,ready,,1.0
848,gPO_sBM_cAll_d10_mPO3_ch02,6.774508599997284,8.716666666666667,ready,,1.0
849,gPO_sBM_cAll_d10_mPO3_ch02,6.790955099998904,8.716666666666667,ready,,1.0
850,gPO_sBM_cAll_d10_mPO3_ch02,6.807579999998345,8.716666666666667,ready,,1.0
851,gPO_sBM_cAll_d10_mPO3_ch02,6.824415399999927,8.716666666666667,ready,,1.0
852,gPO_sBM_cAll_d10_mPO3_ch02,6.84092819999707,8.716666666666667,ready,,1.0
853,gPO_sBM_cAll_d10_mPO3_ch02,6.857451099998361,8.716666666666667,ready,,1.0
854,gPO_sBM_cAll_d10_mPO3_ch02,6.873970899997874,8.716666666666667,ready,,1.0
855,gPO_sBM_cAll_d10_mPO3_ch02,6.89067299999944,8.716666666666667,ready,,1.0
856,gPO_sBM_cAll_d10_mPO3_ch02,6.90740989999678,8.716666666666667,ready,,1.0
857,gPO_sBM_cAll_d10_mPO3_ch02,6.924274499998788,8.716666666666667,ready,,1.0
858,gPO_sBM_cAll_d10_mPO3_ch02,6.940838599997291,8.716666666666667,ready,,1.0
859,gPO_sBM_cAll_d10_mPO3_ch02,6.9574755999979185,8.716666666666667,ready,,1.0
860,gPO_sBM_cAll_d10_mPO3_ch02,6.974092799996936,8.716666666666667,ready,,1.0
861,gPO_sBM_cAll_d10_mPO3_ch02,6.991111599998032,8.716666666666667,ready,,1.0
862,gPO_sBM_cAll_d10_mPO3_ch02,7.007453899999301,8.716666666666667,ready,,1.0
863,gPO_sBM_cAll_d10_mPO3_ch02,7.024120599996886,8.716666666666667,ready,,1.0
864,gPO_sBM_cAll_d10_mPO3_ch02,7.040702299998437,8.716666666666667,ready,,1.0
865,gPO_sBM_cAll_d10_mPO3_ch02,7.057572799998077,8.716666666666667,ready,,1.0
866,gPO_sBM_cAll_d10_mPO3_ch02,7.07396819999986,8.716666666666667,ready,,1.0
867,gPO_sBM_cAll_d10_mPO3_ch02,7.090639699997615,8.716666666666667,ready,,1.0
868,gPO_sBM_cAll_d10_mPO3_ch02,7.107271599999426,8.716666666666667,ready,,1.0
869,gPO_sBM_cAll_d10_mPO3_ch02,7.124414699997491,8.716666666666667,ready,,1.0
870,gPO_sBM_cAll_d10_mPO3_ch02,7.140972899998363,8.716666666666667,ready,,1.0
871,gPO_sBM_cAll_d10_mPO3_ch02,7.157489799997622,8.716666666666667,ready,,1.0
872,gPO_sBM_cAll_d10_mPO3_ch02,7.174081499998921,8.716666666666667,ready,,1.0
873,gPO_sBM_cAll_d10_mPO3_ch02,7.190837299998293,8.716666666666667,ready,,1.0
874,gPO_sBM_cAll_d10_mPO3_ch02,7.207527599997319,8.716666666666667,ready,,1.0
875,gPO_sBM_cAll_d10_mPO3_ch02,7.224189199999726,8.716666666666667,ready,,1.0
876,gPO_sBM_cAll_d10_mPO3_ch02,7.2408378999984935,8.716666666666667,ready,,1.0
877,gPO_sBM_cAll_d10_mPO3_ch02,7.25776539999924,8.716666666666667,ready,,1.0
878,gPO_sBM_cAll_d10_mPO3_ch02,7.274144999997129,8.716666666666667,ready,,1.0
879,gPO_sBM_cAll_d10_mPO3_ch02,7.290820799998523,8.716666666666667,ready,,1.0
880,gPO_sBM_cAll_d10_mPO3_ch02,7.307357299997869,8.716666666666667,ready,,1.0
881,gPO_sBM_cAll_d10_mPO3_ch02,7.323990099999257,8.716666666666667,ready,,1.0
882,gPO_sBM_cAll_d10_mPO3_ch02,7.3407603999999,8.716666666666667,ready,,1.0
883,gPO_sBM_cAll_d10_mPO3_ch02,7.35770349999938,8.716666666666667,ready,,1.0
884,gPO_sBM_cAll_d10_mPO3_ch02,7.374298000000171,8.716666666666667,ready,,1.0
885,gPO_sBM_cAll_d10_mPO3_ch02,7.39070589999891,8.716666666666667,ready,,1.0
886,gPO_sBM_cAll_d10_mPO3_ch02,7.40729979999877,8.716666666666667,ready,,1.0
887,gPO_sBM_cAll_d10_mPO3_ch02,7.424371499998857,8.716666666666667,ready,,1.0
888,gPO_sBM_cAll_d10_mPO3_ch02,7.441135699996708,8.716666666666667,ready,,1.0
889,gPO_sBM_cAll_d10_mPO3_ch02,7.457534200000268,8.716666666666667,ready,,1.0
890,gPO_sBM_cAll_d10_mPO3_ch02,7.4741302999986905,8.716666666666667,ready,,1.0
891,gPO_sBM_cAll_d10_mPO3_ch02,7.491023899999602,8.716666666666667,ready,,1.0
892,gPO_sBM_cAll_d10_mPO3_ch02,7.507662599998622,8.716666666666667,ready,,1.0
893,gPO_sBM_cAll_d10_mPO3_ch02,7.524188599998052,8.716666666666667,ready,,1.0
894,gPO_sBM_cAll_d10_mPO3_ch02,7.540824399996818,8.716666666666667,ready,,1.0
895,gPO_sBM_cAll_d10_mPO3_ch02,7.5577208999979835,8.716666666666667,ready,,1.0
896,gPO_sBM_cAll_d10_mPO3_ch02,7.574405299999378,8.716666666666667,ready,,1.0
897,gPO_sBM_cAll_d10_mPO3_ch02,7.590632299999449,8.716666666666667,ready,,1.0
898,gPO_sBM_cAll_d10_mPO3_ch02,7.607348899998647,8.716666666666667,ready,,1.0
899,gPO_sBM_cAll_d10_mPO3_ch02,7.624425599996789,8.716666666666667,ready,,1.0
900,gPO_sBM_cAll_d10_mPO3_ch02,7.641114099996661,8.716666666666667,ready,,1.0
901,gPO_sBM_cAll_d10_mPO3_ch02,7.6576795999985485,8.716666666666667,ready,,1.0
902,gPO_sBM_cAll_d10_mPO3_ch02,7.674177099999244,8.716666666666667,ready,,1.0
903,gPO_sBM_cAll_d10_mPO3_ch02,7.690813899998348,8.716666666666667,ready,,1.0
904,gPO_sBM_cAll_d10_mPO3_ch02,7.707330099999553,8.716666666666667,ready,,1.0
905,gPO_sBM_cAll_d10_mPO3_ch02,7.723952899997556,8.716666666666667,ready,,1.0
906,gPO_sBM_cAll_d10_mPO3_ch02,7.741074099999849,8.716666666666667,ready,,1.0
907,gPO_sBM_cAll_d10_mPO3_ch02,7.757692999997259,8.716666666666667,ready,,1.0
908,gPO_sBM_cAll_d10_mPO3_ch02,7.77407439999794,8.716666666666667,ready,,1.0
909,gPO_sBM_cAll_d10_mPO3_ch02,7.790916199997323,8.716666666666667,ready,,1.0
910,gPO_sBM_cAll_d10_mPO3_ch02,7.8072722999981705,8.716666666666667,ready,,1.0
911,gPO_sBM_cAll_d10_mPO3_ch02,7.8242754999968955,8.716666666666667,ready,,1.0
912,gPO_sBM_cAll_d10_mPO3_ch02,7.840867599997602,8.716666666666667,ready,,1.0
913,gPO_sBM_cAll_d10_mPO3_ch02,7.857592499998155,8.716666666666667,ready,,1.0
914,gPO_sBM_cAll_d10_mPO3_ch02,7.874312199999131,8.716666666666667,ready,,1.0
915,gPO_sBM_cAll_d10_mPO3_ch02,7.8908172999994886,8.716666666666667,ready,,1.0
916,gPO_sBM_cAll_d10_mPO3_ch02,7.907436099999775,8.716666666666667,ready,,1.0
917,gPO_sBM_cAll_d10_mPO3_ch02,7.923953699997089,8.716666666666667,ready,,1.0
918,gPO_sBM_cAll_d10_mPO3_ch02,7.940658099997978,8.716666666666667,ready,,1.0
919,gPO_sBM_cAll_d10_mPO3_ch02,7.9576470999977165,8.716666666666667,ready,,1.0
920,gPO_sBM_cAll_d10_mPO3_ch02,7.9741558000000206,8.716666666666667,ready,,1.0
921,gPO_sBM_cAll_d10_mPO3_ch02,7.990846299996932,8.716666666666667,ready,,1.0
922,gPO_sBM_cAll_d10_mPO3_ch02,8.00767359999868,8.716666666666667,ready,,1.0
923,gPO_sBM_cAll_d10_mPO3_ch02,8.02436199999779,8.716666666666667,ready,,0.9999643801728715
924,gPO_sBM_cAll_d10_mPO3_ch02,8.040835199998991,8.716666666666667,ready,,0.9989509212254705
925,gPO_sBM_cAll_d10_mPO3_ch02,8.057283499999766,8.716666666666667,ready,,0.995271424294962
926,gPO_sBM_cAll_d10_mPO3_ch02,8.074225399997383,8.716666666666667,ready,,0.9872575433761543
927,gPO_sBM_cAll_d10_mPO3_ch02,8.090975799999292,8.716666666666667,ready,,0.9740568734650495
928,gPO_sBM_cAll_d10_mPO3_ch02,8.107531199997034,8.716666666666667,ready,,0.9551541099432393
929,gPO_sBM_cAll_d10_mPO3_ch02,8.124202699998426,8.716666666666667,ready,,0.9298495015111244
930,gPO_sBM_cAll_d10_mPO3_ch02,8.14097469999746,8.716666666666667,ready,,0.897938602206088
931,gPO_sBM_cAll_d10_mPO3_ch02,8.157518499997824,8.716666666666667,ready,,0.8602672245358126
932,gPO_sBM_cAll_d10_mPO3_ch02,8.174000399999787,8.716666666666667,ready,,0.8169812803332576
933,gPO_sBM_cAll_d10_mPO3_ch02,8.190635299998977,8.716666666666667,ready,,0.7680246614686682
934,gPO_sBM_cAll_d10_mPO3_ch02,8.207263799996728,8.716666666666667,ready,,0.7145181691540156
935,gPO_sBM_cAll_d10_mPO3_ch02,8.223999699997366,8.716666666666667,ready,,0.6569213170107054
936,gPO_sBM_cAll_d10_mPO3_ch02,8.240846899997848,8.716666666666667,ready,,0.5961378076648481
937,gPO_sBM_cAll_d10_mPO3_ch02,8.257709399998417,8.716666666666667,ready,,0.533561014475611
938,gPO_sBM_cAll_d10_mPO3_ch02,8.274427799996769,8.716666666666667,ready,,0.4709144443392935
939,gPO_sBM_cAll_d10_mPO3_ch02,8.290587799999624,8.716666666666667,ready,,0.4108417727622914
940,gPO_sBM_cAll_d10_mPO3_ch02,8.307852699997449,8.716666666666667,ready,,0.34832415853452436
941,gPO_sBM_cAll_d10_mPO3_ch02,8.324063599998619,8.716666666666667,ready,,0.2922054528415015
942,gPO_sBM_cAll_d10_mPO3_ch02,8.34091179999944,8.716666666666667,ready,,0.2375181733492805
943,gPO_sBM_cAll_d10_mPO3_ch02,8.357655099998217,8.716666666666667,ready,,0.18772734198216276
944,gPO_sBM_cAll_d10_mPO3_ch02,8.37425169999681,8.716666666666667,ready,,0.14359868601490494
945,gPO_sBM_cAll_d10_mPO3_ch02,8.390920799998117,8.716666666666667,ready,,0.10509519188472724
946,gPO_sBM_cAll_d10_mPO3_ch02,8.407610899999257,8.716666666666667,ready,,0.07277579691084679
947,gPO_sBM_cAll_d10_mPO3_ch02,8.424251599998955,8.716666666666667,ready,,0.046930424160387
948,gPO_sBM_cAll_d10_mPO3_ch02,8.44088469999899,8.716666666666667,ready,,0.027381143528678903
949,gPO_sBM_cAll_d10_mPO3_ch02,8.457397099996728,8.716666666666667,ready,,0.013835306529169854
950,gPO_sBM_cAll_d10_mPO3_ch02,8.474189599999065,8.716666666666667,ready,,0.005376543661633897
951,gPO_sBM_cAll_d10_mPO3_ch02,8.490901899998262,8.716666666666667,ready,,0.0012646811718818075
952,gPO_sBM_cAll_d10_mPO3_ch02,8.507576299999908,8.716666666666667,ready,,5.8467502923293005e-05
953,gPO_sBM_cAll_d10_mPO3_ch02,8.516666666666667,8.716666666666667,executing,switch_start,0.0
954,gPO_sBM_cAll_d10_mPO3_ch02,8.516666666666667,8.716666666666667,executing,,0.0
955,gPO_sBM_cAll_d10_mPO3_ch02,8.516666666666667,8.716666666666667,executing,,0.0
956,gPO_sBM_cAll_d10_mPO3_ch02,8.516666666666667,8.716666666666667,executing,,0.0
957,gPO_sBM_cAll_d10_mPO3_ch02,8.516666666666667,8.716666666666667,executing,,0.0
958,gPO_sBM_cAll_d10_mPO3_ch02,8.516666666666667,8.716666666666667,executing,,0.0
959,gPO_sBM_cAll_d10_mPO3_ch02,8.516666666666667,8.716666666666667,executing,,0.0
960,gPO_sBM_cAll_d10_mPO3_ch02,8.516666666666667,8.716666666666667,executing,,0.0
961,gPO_sBM_cAll_d10_mPO3_ch02,8.516666666666667,8.716666666666667,executing,,0.0
962,gPO_sBM_cAll_d10_mPO3_ch02,8.516666666666667,8.716666666666667,executing,,0.0
963,gPO_sBM_cAll_d10_mPO3_ch02,8.516666666666667,8.716666666666667,executing,,0.0
964,gPO_sBM_cAll_d10_mPO3_ch02,8.516666666666667,8.716666666666667,executing,,0.0
965,gPO_sBM_cAll_d10_mPO3_ch02,8.516666666666667,8.716666666666667,executing,,0.0
966,gPO_sBM_cAll_d10_mPO3_ch02,8.516666666666667,8.716666666666667,executing,,0.0
967,gPO_sBM_cAll_d10_mPO3_ch02,8.516666666666667,8.716666666666667,executing,,0.0
968,gPO_sBM_cAll_d10_mPO3_ch02,8.516666666666667,8.716666666666667,executing,,0.0
969,gPO_sBM_cAll_d10_mPO3_ch02,8.516666666666667,8.716666666666667,executing,,0.0
970,gPO_sBM_cAll_d10_mPO3_ch02,8.516666666666667,8.716666666666667,executing,,0.0
971,gPO_sBM_cAll_d10_mPO3_ch02,8.516666666666667,8.716666666666667,executing,,0.0
972,gPO_sBM_cAll_d10_mPO3_ch02,8.516666666666667,8.716666666666667,executing,,0.0
973,gPO_sBM_cAll_d10_mPO3_ch02,8.516666666666667,8.716666666666667,executing,,0.0
974,gPO_sBM_cAll_d11_mPO0_ch02,2.3742041999993186,11.983333333333333,awaiting_preparation,switch_complete,3.348922088729302e-05
975,gPO_sBM_cAll_d11_mPO0_ch02,2.39091659999928,11.983333333333333,loading,,0.001059446656831571
976,gPO_sBM_cAll_d11_mPO0_ch02,2.407649899998313,11.983333333333333,loading,,0.0048520433977179995
977,gPO_sBM_cAll_d11_mPO0_ch02,2.424174599998759,11.983333333333333,loading,,0.012710853127059041
978,gPO_sBM_cAll_d11_mPO0_ch02,2.4409513999979664,11.983333333333333,loading,,0.025919694154052552
979,gPO_sBM_cAll_d11_mPO0_ch02,2.4577835999970112,11.983333333333333,loading,,0.04518148951705968
980,gPO_sBM_cAll_d11_mPO0_ch02,2.4744253999978096,11.983333333333333,loading,,0.0705318728623865
981,gPO_sBM_cAll_d11_mPO0_ch02,2.490645199997627,11.983333333333333,loading,,0.10137271745631864
982,gPO_sBM_cAll_d11_mPO0_ch02,2.5076895000000814,11.983333333333333,loading,,0.1401531727765387
983,gPO_sBM_cAll_d11_mPO0_ch02,2.5242037999977343,11.983333333333333,loading,,0.18358667212818255
984,gPO_sBM_cAll_d11_mPO0_ch02,2.54093729999829,11.983333333333333,loading,,0.2329087861728172
985,gPO_sBM_cAll_d11_mPO0_ch02,2.5575884999979053,11.983333333333333,loading,,0.2865665528863735
986,gPO_sBM_cAll_d11_mPO0_ch02,2.574253299999214,11.983333333333333,loading,,0.3439754083895571
987,gPO_sBM_cAll_d11_mPO0_ch02,2.5910697999987646,11.983333333333333,loading,,0.40468048247954747
988,gPO_sBM_cAll_d11_mPO0_ch02,2.6075924999985336,11.983333333333333,loading,,0.46600175003926997
989,gPO_sBM_cAll_d11_mPO0_ch02,2.6242172000000914,11.983333333333333,loading,,0.5282972863087517
990,gPO_sBM_cAll_d11_mPO0_ch02,2.640839399997165,11.983333333333333,loading,,0.5900843491632993
991,gPO_sBM_cAll_d11_mPO0_ch02,2.6575251999983074,11.983333333333333,loading,,0.6505129615689524
992,gPO_sBM_cAll_d11_mPO0_ch02,2.674181099997331,11.983333333333333,loading,,0.7081898550997356
993,gPO_sBM_cAll_d11_mPO0_ch02,2.690902099997293,11.983333333333333,loading,,0.7624515842898486
994,gPO_sBM_cAll_d11_mPO0_ch02,2.7073540000000147,11.983333333333333,loading,,0.8114219960171034
995,gPO_sBM_cAll_d11_mPO0_ch02,2.724361499998742,11.983333333333333,loading,,0.8566745525196201
996,gPO_sBM_cAll_d11_mPO0_ch02,2.7406802999993327,11.983333333333333,loading,,0.894392822180025
997,gPO_sBM_cAll_d11_mPO0_ch02,2.757302699997929,11.983333333333333,loading,,0.9266852948891567
998,gPO_sBM_cAll_d11_mPO0_ch02,2.7741493999982447,11.983333333333333,loading,,0.9529302552882184
999,gPO_sBM_cAll_d11_mPO0_ch02,2.790641099998433,11.983333333333333,loading,,0.9723765281787913
1000,gPO_sBM_cAll_d11_mPO0_ch02,2.8072511999979586,11.983333333333333,loading,,0.9860689165552854
1001,gPO_sBM_cAll_d11_mPO0_ch02,2.8242733999994796,11.983333333333333,loading,,0.9946537863408609
1002,gPO_sBM_cAll_d11_mPO0_ch02,2.8409062999979926,11.983333333333333,loading,,0.9987359493407679
1003,gPO_sBM_cAll_d11_mPO0_ch02,2.8574255000002147,11.983333333333333,loading,,0.9999386023533318
1004,gPO_sBM_cAll_d11_mPO0_ch02,2.8741333999986525,11.983333333333333,loading,,1.0
1005,gPO_sBM_cAll_d11_mPO0_ch02,2.890935999997863,11.983333333333333,loading,,1.0
1006,gPO_sBM_cAll_d11_mPO0_ch02,2.9075987999984947,11.983333333333333,loading,,1.0
1007,gPO_sBM_cAll_d11_mPO0_ch02,2.9243406000004053,11.983333333333333,loading,,1.0
1008,gPO_sBM_cAll_d11_mPO0_ch02,2.9409120999970497,11.983333333333333,loading,,1.0
1009,gPO_sBM_cAll_d11_mPO0_ch02,2.957525199997591,11.983333333333333,loading,,1.0
1010,gPO_sBM_cAll_d11_mPO0_ch02,2.974222200000342,11.983333333333333,loading,,1.0
1011,gPO_sBM_cAll_d11_mPO0_ch02,2.990910899998101,11.983333333333333,loading,,1.0
1012,gPO_sBM_cAll_d11_mPO0_ch02,3.007598999998567,11.983333333333333,loading,,1.0
1013,gPO_sBM_cAll_d11_mPO0_ch02,3.0239466000001762,11.983333333333333,loading,,1.0
1014,gPO_sBM_cAll_d11_mPO0_ch02,3.0408522999986376,11.983333333333333,loading,,1.0
1015,gPO_sBM_cAll_d11_mPO0_ch02,3.057677399998189,11.983333333333333,loading,,1.0
1016,gPO_sBM_cAll_d11_mPO0_ch02,3.0743509999973844,11.983333333333333,loading,,1.0
1017,gPO_sBM_cAll_d11_mPO0_ch02,3.0910739999980237,11.983333333333333,loading,,1.0
1018,gPO_sBM_cAll_d11_mPO0_ch02,3.1078225000000197,11.983333333333333,loading,,1.0
1019,gPO_sBM_cAll_d11_mPO0_ch02,3.1240229999983966,11.983333333333333,loading,,1.0
1020,gPO_sBM_cAll_d11_mPO0_ch02,3.140849999997864,11.983333333333333,loading,,1.0
1021,gPO_sBM_cAll_d11_mPO0_ch02,3.157419199998823,11.983333333333333,loading,,1.0
1022,gPO_sBM_cAll_d11_mPO0_ch02,3.1742094999989625,11.983333333333333,loading,,1.0
1023,gPO_sBM_cAll_d11_mPO0_ch02,3.1908958999973978,11.983333333333333,loading,,1.0
1024,gPO_sBM_cAll_d11_mPO0_ch02,3.2076465999979558,11.983333333333333,loading,,1.0
1025,gPO_sBM_cAll_d11_mPO0_ch02,3.2242624999979896,11.983333333333333,loading,,1.0
1026,gPO_sBM_cAll_d11_mPO0_ch02,3.240917099998028,11.983333333333333,loading,,1.0
1027,gPO_sBM_cAll_d11_mPO0_ch02,3.257510299999836,11.983333333333333,loading,,1.0
1028,gPO_sBM_cAll_d11_mPO0_ch02,3.2741236999990235,11.983333333333333,loading,,1.0
1029,gPO_sBM_cAll_d11_mPO0_ch02,3.2906415999986227,11.983333333333333,loading,,1.0
1030,gPO_sBM_cAll_d11_mPO0_ch02,3.3073112000001017,11.983333333333333,loading,,1.0
1031,gPO_sBM_cAll_d11_mPO0_ch02,3.3239396999978528,11.983333333333333,loading,,1.0
1032,gPO_sBM_cAll_d11_mPO0_ch02,3.341067499999471,11.983333333333333,loading,,1.0
1033,gPO_sBM_cAll_d11_mPO0_ch02,3.3575418999988957,11.983333333333333,loading,,1.0
1034,gPO_sBM_cAll_d11_mPO0_ch02,3.3740730999979043,11.983333333333333,loading,,1.0
1035,gPO_sBM_cAll_d11_mPO0_ch02,3.391025999999248,11.983333333333333,loading,,1.0
1036,gPO_sBM_cAll_d11_mPO0_ch02,3.407272399997884,11.983333333333333,loading,,1.0
1037,gPO_sBM_cAll_d11_mPO0_ch02,3.4243396999972107,11.983333333333333,loading,,1.0
1038,gPO_sBM_cAll_d11_mPO0_ch02,3.4406276999997436,11.983333333333333,loading,,1.0
1039,gPO_sBM_cAll_d11_mPO0_ch02,3.4578807999986694,11.983333333333333,loading,,1.0
1040,gPO_sBM_cAll_d11_mPO0_ch02,3.4742730999986766,11.983333333333333,loading,,1.0
1041,gPO_sBM_cAll_d11_mPO0_ch02,3.490869899998793,11.983333333333333,loading,,1.0
1042,gPO_sBM_cAll_d11_mPO0_ch02,3.5075698999989218,11.983333333333333,loading,,1.0
1043,gPO_sBM_cAll_d11_mPO0_ch02,3.5240984999999605,11.983333333333333,loading,,1.0
1044,gPO_sBM_cAll_d11_mPO0_ch02,3.5409082999994257,11.983333333333333,loading,,1.0
1045,gPO_sBM_cAll_d11_mPO0_ch02,3.5575905999993833,11.983333333333333,loading,,1.0
1046,gPO_sBM_cAll_d11_mPO0_ch02,3.57434809999715,11.983333333333333,loading,,1.0
1047,gPO_sBM_cAll_d11_mPO0_ch02,3.591017900000152,11.983333333333333,loading,,1.0
1048,gPO_sBM_cAll_d11_mPO0_ch02,3.6073302999993038,11.983333333333333,loading,,1.0
1049,gPO_sBM_cAll_d11_mPO0_ch02,3.624214400000639,11.983333333333333,loading,,1.0
1050,gPO_sBM_cAll_d11_mPO0_ch02,3.64069499999998,11.983333333333333,loading,,1.0
1051,gPO_sBM_cAll_d11_mPO0_ch02,3.657308100000521,11.983333333333333,loading,,1.0
1052,gPO_sBM_cAll_d11_mPO0_ch02,3.674419099997907,11.983333333333333,loading,,1.0
1053,gPO_sBM_cAll_d11_mPO0_ch02,3.6906354000001778,11.983333333333333,loading,,1.0
1054,gPO_sBM_cAll_d11_mPO0_ch02,3.7076332999985655,11.983333333333333,loading,,1.0
1055,gPO_sBM_cAll_d11_mPO0_ch02,3.7242209999985114,11.983333333333333,loading,,1.0
1056,gPO_sBM_cAll_d11_mPO0_ch02,3.7406169999975885,11.983333333333333,loading,,1.0
1057,gPO_sBM_cAll_d11_mPO0_ch02,3.757698399998778,11.983333333333333,loading,,1.0
1058,gPO_sBM_cAll_d11_mPO0_ch02,3.774133999997437,11.983333333333333,loading,,1.0
1059,gPO_sBM_cAll_d11_mPO0_ch02,3.790746900000093,11.983333333333333,loading,,1.0
1060,gPO_sBM_cAll_d11_mPO0_ch02,3.8077412000001725,11.983333333333333,loading,,1.0
1061,gPO_sBM_cAll_d11_mPO0_ch02,3.8239570999993973,11.983333333333333,loading,,1.0
1062,gPO_sBM_cAll_d11_mPO0_ch02,3.840750099998268,11.983333333333333,loading,,1.0
1063,gPO_sBM_cAll_d11_mPO0_ch02,3.857433499999326,11.983333333333333,loading,,1.0
1064,gPO_sBM_cAll_d11_mPO0_ch02,3.873957999998249,11.983333333333333,loading,,1.0
1065,gPO_sBM_cAll_d11_mPO0_ch02,3.890752999997797,11.983333333333333,loading,,1.0
1066,gPO_sBM_cAll_d11_mPO0_ch02,3.9073445999983356,11.983333333333333,loading,,1.0
1067,gPO_sBM_cAll_d11_mPO0_ch02,3.9239971000005736,11.983333333333333,loading,,1.0
1068,gPO_sBM_cAll_d11_mPO0_ch02,3.940648800000358,11.983333333333333,loading,,1.0
1069,gPO_sBM_cAll_d11_mPO0_ch02,3.9573598000005727,11.983333333333333,loading,,1.0
1070,gPO_sBM_cAll_d11_mPO0_ch02,3.974035400000445,11.983333333333333,loading,,1.0
1071,gPO_sBM_cAll_d11_mPO0_ch02,3.9907198999989646,11.983333333333333,loading,,1.0
1072,gPO_sBM_cAll_d11_mPO0_ch02,4.007400799999175,11.983333333333333,loading,,1.0
1073,gPO_sBM_cAll_d11_mPO0_ch02,4.0243897999989136,11.983333333333333,loading,,1.0
1074,gPO_sBM_cAll_d11_mPO0_ch02,4.040859099999521,11.983333333333333,loading,,1.0
1075,gPO_sBM_cAll_d11_mPO0_ch02,4.057475399998961,11.983333333333333,loading,,1.0
1076,gPO_sBM_cAll_d11_mPO0_ch02,4.074103299999418,11.983333333333333,loading,,1.0
1077,gPO_sBM_cAll_d11_mPO0_ch02,4.091042099998897,11.983333333333333,loading,,1.0
1078,gPO_sBM_cAll_d11_mPO0_ch02,4.107620499997148,11.983333333333333,loading,,1.0
1079,gPO_sBM_cAll_d11_mPO0_ch02,4.124210799998701,11.983333333333333,loading,,1.0
1080,gPO_sBM_cAll_d11_mPO0_ch02,4.141082000000033,11.983333333333333,loading,,1.0
1081,gPO_sBM_cAll_d11_mPO0_ch02,4.157607600000055,11.983333333333333,loading,,1.0
1082,gPO_sBM_cAll_d11_mPO0_ch02,4.174130400000584,11.983333333333333,loading,,1.0
1083,gPO_sBM_cAll_d11_mPO0_ch02,4.190740500000108,11.983333333333333,loading,,1.0
1084,gPO_sBM_cAll_d11_mPO0_ch02,4.207640799997467,11.983333333333333,loading,,1.0
1085,gPO_sBM_cAll_d11_mPO0_ch02,4.22408750000061,11.983333333333333,loading,,1.0
1086,gPO_sBM_cAll_d11_mPO0_ch02,4.240628699999364,11.983333333333333,loading,,1.0
1087,gPO_sBM_cAll_d11_mPO0_ch02,4.257676199997079,11.983333333333333,loading,,1.0
1088,gPO_sBM_cAll_d11_mPO0_ch02,4.2741815999997215,11.983333333333333,loading,,1.0
1089,gPO_sBM_cAll_d11_mPO0_ch02,4.291132399999625,11.983333333333333,loading,,1.0
1090,gPO_sBM_cAll_d11_mPO0_ch02,4.30770569999906,11.983333333333333,loading,,1.0
1091,gPO_sBM_cAll_d11_mPO0_ch02,4.324169399997044,11.983333333333333,loading,,1.0
1092,gPO_sBM_cAll_d11_mPO0_ch02,4.340878299999456,11.983333333333333,loading,,1.0
1093,gPO_sBM_cAll_d11_mPO0_ch02,4.357299599998366,11.983333333333333,loading,,1.0
1094,gPO_sBM_cAll_d11_mPO0_ch02,4.374371599997099,11.983333333333333,loading,,1.0
1095,gPO_sBM_cAll_d11_mPO0_ch02,4.390663199997939,11.983333333333333,loading,,1.0
1096,gPO_sBM_cAll_d11_mPO0_ch02,4.407448299998499,11.983333333333333,loading,,1.0
1097,gPO_sBM_cAll_d11_mPO0_ch02,4.424102099999721,11.983333333333333,loading,,1.0
1098,gPO_sBM_cAll_d11_mPO0_ch02,4.440825299998243,11.983333333333333,loading,,1.0
1099,gPO_sBM_cAll_d11_mPO0_ch02,4.457464400000309,11.983333333333333,loading,,1.0
1100,gPO_sBM_cAll_d11_mPO0_ch02,4.474029899998559,11.983333333333333,loading,,1.0
1101,gPO_sBM_cAll_d11_mPO0_ch02,4.490824399997936,11.983333333333333,loading,,1.0
1102,gPO_sBM_cAll_d11_mPO0_ch02,4.5077626999972455,11.983333333333333,loading,,1.0
1103,gPO_sBM_cAll_d11_mPO0_ch02,4.524023299998505,11.983333333333333,loading,,1.0
1104,gPO_sBM_cAll_d11_mPO0_ch02,4.540757499997113,11.983333333333333,loading,,1.0
1105,gPO_sBM_cAll_d11_mPO0_ch02,4.557274299999249,11.983333333333333,loading,,1.0
1106,gPO_sBM_cAll_d11_mPO0_ch02,4.574148800000243,11.983333333333333,loading,,1.0
1107,gPO_sBM_cAll_d11_mPO0_ch02,4.5909378999985195,11.983333333333333,loading,,1.0
1108,gPO_sBM_cAll_d11_mPO0_ch02,4.607572099999654,11.983333333333333,loading,,1.0
1109,gPO_sBM_cAll_d11_mPO0_ch02,4.624091899999168,11.983333333333333,loading,,1.0
1110,gPO_sBM_cAll_d11_mPO0_ch02,4.640708699998777,11.983333333333333,loading,,1.0
1111,gPO_sBM_cAll_d11_mPO0_ch02,4.657341899999573,11.983333333333333,loading,,1.0
1112,gPO_sBM_cAll_d11_mPO0_ch02,4.674048099999617,11.983333333333333,loading,,1.0
1113,gPO_sBM_cAll_d11_mPO0_ch02,4.6907029999983,11.983333333333333,loading,,1.0
1114,gPO_sBM_cAll_d11_mPO0_ch02,4.707721900000157,11.983333333333333,loading,,1.0
1115,gPO_sBM_cAll_d11_mPO0_ch02,4.724318399997988,11.983333333333333,loading,,1.0
1116,gPO_sBM_cAll_d11_mPO0_ch02,4.740701499997062,11.983333333333333,loading,,1.0
1117,gPO_sBM_cAll_d11_mPO0_ch02,4.758410299998917,11.983333333333333,loading,,1.0
1118,gPO_sBM_cAll_d11_mPO0_ch02,4.774362599999124,11.983333333333333,loading,,1.0
1119,gPO_sBM_cAll_d11_mPO0_ch02,4.790920799999996,11.983333333333333,loading,,1.0
1120,gPO_sBM_cAll_d11_mPO0_ch02,4.807420999999422,11.983333333333333,loading,,1.0
1121,gPO_sBM_cAll_d11_mPO0_ch02,4.824059199998273,11.983333333333333,loading,,1.0
1122,gPO_sBM_cAll_d11_mPO0_ch02,4.840681100000337,11.983333333333333,loading,,1.0
1123,gPO_sBM_cAll_d11_mPO0_ch02,4.857296399999439,11.983333333333333,loading,,1.0
1124,gPO_sBM_cAll_d11_mPO0_ch02,4.874374499997327,11.983333333333333,loading,,1.0
1125,gPO_sBM_cAll_d11_mPO0_ch02,4.890594499998666,11.983333333333333,loading,,1.0
1126,gPO_sBM_cAll_d11_mPO0_ch02,4.907702799997319,11.983333333333333,loading,,1.0
1127,gPO_sBM_cAll_d11_mPO0_ch02,4.92432079999879,11.983333333333333,loading,,1.0
1128,gPO_sBM_cAll_d11_mPO0_ch02,4.940924999997044,11.983333333333333,loading,,1.0
1129,gPO_sBM_cAll_d11_mPO0_ch02,4.957569399999449,11.983333333333333,loading,,1.0
1130,gPO_sBM_cAll_d11_mPO0_ch02,4.974223600000078,11.983333333333333,loading,,1.0
1131,gPO_sBM_cAll_d11_mPO0_ch02,4.9909052999991035,11.983333333333333,preparing,,1.0
1132,gPO_sBM_cAll_d11_mPO0_ch02,5.007346299998861,11.983333333333333,preparing,,1.0
1133,gPO_sBM_cAll_d11_mPO0_ch02,5.0242238999979945,11.983333333333333,preparing,,1.0
1134,gPO_sBM_cAll_d11_mPO0_ch02,5.040881599999809,11.983333333333333,preparing,,1.0
1135,gPO_sBM_cAll_d11_mPO0_ch02,5.057250499999896,11.983333333333333,preparing,,1.0
1136,gPO_sBM_cAll_d11_mPO0_ch02,5.074398200000246,11.983333333333333,preparing,,1.0
1137,gPO_sBM_cAll_d11_mPO0_ch02,5.090923800000268,11.983333333333333,preparing,,1.0
1138,gPO_sBM_cAll_d11_mPO0_ch02,5.107539599999539,11.983333333333333,preparing,,1.0
1139,gPO_sBM_cAll_d11_mPO0_ch02,5.12407739999787,11.983333333333333,preparing,,1.0
1140,gPO_sBM_cAll_d11_mPO0_ch02,5.140816099998002,11.983333333333333,preparing,,1.0
1141,gPO_sBM_cAll_d11_mPO0_ch02,5.157652100000514,11.983333333333333,preparing,,1.0
1142,gPO_sBM_cAll_d11_mPO0_ch02,5.174040799998574,11.983333333333333,preparing,,1.0
1143,gPO_sBM_cAll_d11_mPO0_ch02,5.190651499999029,11.983333333333333,preparing,,1.0
1144,gPO_sBM_cAll_d11_mPO0_ch02,5.20766679999894,11.983333333333333,preparing,,1.0
1145,gPO_sBM_cAll_d11_mPO0_ch02,5.224267699997532,11.983333333333333,preparing,,1.0
1146,gPO_sBM_cAll_d11_mPO0_ch02,5.24080649999984,11.983333333333333,preparing,,1.0
1147,gPO_sBM_cAll_d11_mPO0_ch02,5.257480899997849,11.983333333333333,preparing,,1.0
1148,gPO_sBM_cAll_d11_mPO0_ch02,5.2740877999984725,11.983333333333333,preparing,,1.0
1149,gPO_sBM_cAll_d11_mPO0_ch02,5.290929099997686,11.983333333333333,preparing,,1.0
1150,gPO_sBM_cAll_d11_mPO0_ch02,5.307659199997817,11.983333333333333,preparing,,1.0
1151,gPO_sBM_cAll_d11_mPO0_ch02,5.324242499996999,11.983333333333333,preparing,,1.0
1152,gPO_sBM_cAll_d11_mPO0_ch02,5.340627399998866,11.983333333333333,preparing,,1.0
1153,gPO_sBM_cAll_d11_mPO0_ch02,5.3575819999986,11.983333333333333,preparing,,1.0
1154,gPO_sBM_cAll_d11_mPO0_ch02,5.374111399998453,11.983333333333333,preparing,,1.0
1155,gPO_sBM_cAll_d11_mPO0_ch02,5.390797699999763,11.983333333333333,preparing,,1.0
1156,gPO_sBM_cAll_d11_mPO0_ch02,5.407309199997922,11.983333333333333,preparing,,1.0
1157,gPO_sBM_cAll_d11_mPO0_ch02,5.423976699997961,11.983333333333333,preparing,,1.0
1158,gPO_sBM_cAll_d11_mPO0_ch02,5.440832699999968,11.983333333333333,preparing,,1.0
1159,gPO_sBM_cAll_d11_mPO0_ch02,5.45735299999965,11.983333333333333,preparing,,1.0
1160,gPO_sBM_cAll_d11_mPO0_ch02,5.474017200000027,11.983333333333333,ready,,1.0
1161,gPO_sBM_cAll_d11_mPO0_ch02,5.4910445000003625,11.983333333333333,ready,,1.0
1162,gPO_sBM_cAll_d11_mPO0_ch02,5.507751999999391,11.983333333333333,ready,,1.0
1163,gPO_sBM_cAll_d11_mPO0_ch02,5.524076600000488,11.983333333333333,ready,,1.0
1164,gPO_sBM_cAll_d11_mPO0_ch02,5.540820299998675,11.983333333333333,ready,,1.0
1165,gPO_sBM_cAll_d11_mPO0_ch02,5.55727129999818,11.983333333333333,ready,,1.0
1166,gPO_sBM_cAll_d11_mPO0_ch02,5.574292699997246,11.983333333333333,ready,,1.0
1167,gPO_sBM_cAll_d11_mPO0_ch02,5.590873099999812,11.983333333333333,ready,,1.0
1168,gPO_sBM_cAll_d11_mPO0_ch02,5.607415099997382,11.983333333333333,ready,,1.0
1169,gPO_sBM_cAll_d11_mPO0_ch02,5.6242904999979535,11.983333333333333,ready,,1.0
1170,gPO_sBM_cAll_d11_mPO0_ch02,5.640703299997623,11.983333333333333,ready,,1.0
1171,gPO_sBM_cAll_d11_mPO0_ch02,5.6577267999981276,11.983333333333333,ready,,1.0
1172,gPO_sBM_cAll_d11_mPO0_ch02,5.674275600000183,11.983333333333333,ready,,1.0
1173,gPO_sBM_cAll_d11_mPO0_ch02,5.690629899998238,11.983333333333333,ready,,1.0
1174,gPO_sBM_cAll_d11_mPO0_ch02,5.707305999998278,11.983333333333333,ready,,1.0
1175,gPO_sBM_cAll_d11_mPO0_ch02,5.72399449999815,11.983333333333333,ready,,1.0
1176,gPO_sBM_cAll_d11_mPO0_ch02,5.740799999997613,11.983333333333333,ready,,1.0
1177,gPO_sBM_cAll_d11_mPO0_ch02,5.757511699999518,11.983333333333333,ready,,1.0
1178,gPO_sBM_cAll_d11_mPO0_ch02,5.774211699999645,11.983333333333333,ready,,1.0
1179,gPO_sBM_cAll_d11_mPO0_ch02,5.790963699999186,11.983333333333333,ready,,1.0
1180,gPO_sBM_cAll_d11_mPO0_ch02,5.807566799999979,11.983333333333333,ready,,1.0
1181,gPO_sBM_cAll_d11_mPO0_ch02,5.824260899998836,11.983333333333333,ready,,1.0
1182,gPO_sBM_cAll_d11_mPO0_ch02,5.840971600000403,11.983333333333333,ready,,1.0
1183,gPO_sBM_cAll_d11_mPO0_ch02,5.857548899997554,11.983333333333333,ready,,1.0
1184,gPO_sBM_cAll_d11_mPO0_ch02,5.874068799997829,11.983333333333333,ready,,1.0
1185,gPO_sBM_cAll_d11_mPO0_ch02,5.890751400000069,11.983333333333333,ready,,1.0
1186,gPO_sBM_cAll_d11_mPO0_ch02,5.90739699999706,11.983333333333333,ready,,1.0
1187,gPO_sBM_cAll_d11_mPO0_ch02,5.924389599998745,11.983333333333333,ready,,1.0
1188,gPO_sBM_cAll_d11_mPO0_ch02,5.940586999998981,11.983333333333333,ready,,1.0
1189,gPO_sBM_cAll_d11_mPO0_ch02,5.957896800000365,11.983333333333333,ready,,1.0
1190,gPO_sBM_cAll_d11_mPO0_ch02,5.974024099997971,11.983333333333333,ready,,1.0
1191,gPO_sBM_cAll_d11_mPO0_ch02,5.990651300000374,11.983333333333333,ready,,1.0
1192,gPO_sBM_cAll_d11_mPO0_ch02,6.007268199997107,11.983333333333333,ready,,1.0
1193,gPO_sBM_cAll_d11_mPO0_ch02,6.024400199997962,11.983333333333333,ready,,1.0
1194,gPO_sBM_cAll_d11_mPO0_ch02,6.040636600000488,11.983333333333333,ready,,1.0
1195,gPO_sBM_cAll_d11_mPO0_ch02,6.057516999999113,11.983333333333333,ready,,1.0
1196,gPO_sBM_cAll_d11_mPO0_ch02,6.074194299997377,11.983333333333333,ready,,1.0
1197,gPO_sBM_cAll_d11_mPO0_ch02,6.090854199997753,11.983333333333333,ready,,1.0
1198,gPO_sBM_cAll_d11_mPO0_ch02,6.107330699998615,11.983333333333333,ready,,1.0
1199,gPO_sBM_cAll_d11_mPO0_ch02,6.124152799997149,11.983333333333333,ready,,1.0
1200,gPO_sBM_cAll_d11_mPO0_ch02,6.140958800000419,11.983333333333333,ready,,1.0
1201,gPO_sBM_cAll_d11_mPO0_ch02,6.157657999998093,11.983333333333333,ready,,1.0
1202,gPO_sBM_cAll_d11_mPO0_ch02,6.1742009999996394,11.983333333333333,ready,,1.0
1203,gPO_sBM_cAll_d11_mPO0_ch02,6.191079099998942,11.983333333333333,ready,,1.0
1204,gPO_sBM_cAll_d11_mPO0_ch02,6.207638099998629,11.983333333333333,ready,,1.0
1205,gPO_sBM_cAll_d11_mPO0_ch02,6.224301299998667,11.983333333333333,ready,,1.0
1206,gPO_sBM_cAll_d11_mPO0_ch02,6.240978499999807,11.983333333333333,ready,,1.0
1207,gPO_sBM_cAll_d11_mPO0_ch02,6.257580699997384,11.983333333333333,ready,,1.0
1208,gPO_sBM_cAll_d11_mPO0_ch02,6.274092499997828,11.983333333333333,ready,,1.0
1209,gPO_sBM_cAll_d11_mPO0_ch02,6.290698799997521,11.983333333333333,ready,,1.0
1210,gPO_sBM_cAll_d11_mPO0_ch02,6.307774200000315,11.983333333333333,ready,,1.0
1211,gPO_sBM_cAll_d11_mPO0_ch02,6.324299499998053,11.983333333333333,ready,,1.0
1212,gPO_sBM_cAll_d11_mPO0_ch02,6.341014600000381,11.983333333333333,ready,,1.0
1213,gPO_sBM_cAll_d11_mPO0_ch02,6.357645499998216,11.983333333333333,ready,,1.0
1214,gPO_sBM_cAll_d11_mPO0_ch02,6.374261799997656,11.983333333333333,ready,,1.0
1215,gPO_sBM_cAll_d11_mPO0_ch02,6.391001399997365,11.983333333333333,ready,,1.0
1216,gPO_sBM_cAll_d11_mPO0_ch02,6.407701999998423,11.983333333333333,ready,,1.0
1217,gPO_sBM_cAll_d11_mPO0_ch02,6.424137699997842,11.983333333333333,ready,,1.0
1218,gPO_sBM_cAll_d11_mPO0_ch02,6.440884599998567,11.983333333333333,ready,,1.0
1219,gPO_sBM_cAll_d11_mPO0_ch02,6.457536199997588,11.983333333333333,ready,,1.0
1220,gPO_sBM_cAll_d11_mPO0_ch02,6.474208499997797,11.983333333333333,ready,,1.0
1221,gPO_sBM_cAll_d11_mPO0_ch02,6.490857799997495,11.983333333333333,ready,,1.0
1222,gPO_sBM_cAll_d11_mPO0_ch02,6.507548199997283,11.983333333333333,ready,,1.0
1223,gPO_sBM_cAll_d11_mPO0_ch02,6.524226499999522,11.983333333333333,ready,,1.0
1224,gPO_sBM_cAll_d11_mPO0_ch02,6.541032899998562,11.983333333333333,ready,,1.0
1225,gPO_sBM_cAll_d11_mPO0_ch02,6.5575630000001075,11.983333333333333,ready,,1.0
1226,gPO_sBM_cAll_d11_mPO0_ch02,6.574234999998032,11.983333333333333,ready,,1.0
1227,gPO_sBM_cAll_d11_mPO0_ch02,6.591038399999694,11.983333333333333,ready,,1.0
1228,gPO_sBM_cAll_d11_mPO0_ch02,6.607636399998032,11.983333333333333,ready,,1.0
1229,gPO_sBM_cAll_d11_mPO0_ch02,6.624020799999729,11.983333333333333,ready,,1.0
1230,gPO_sBM_cAll_d11_mPO0_ch02,6.641169500000418,11.983333333333333,ready,,1.0
1231,gPO_sBM_cAll_d11_mPO0_ch02,6.657576799998226,11.983333333333333,ready,,1.0
1232,gPO_sBM_cAll_d11_mPO0_ch02,6.674344199998615,11.983333333333333,ready,,1.0
1233,gPO_sBM_cAll_d11_mPO0_ch02,6.690838599997533,11.983333333333333,ready,,1.0
1234,gPO_sBM_cAll_d11_mPO0_ch02,6.707525999999943,11.983333333333333,ready,,1.0
1235,gPO_sBM_cAll_d11_mPO0_ch02,6.724126399998366,11.983333333333333,ready,,1.0
1236,gPO_sBM_cAll_d11_mPO0_ch02,6.740798199998405,11.983333333333333,ready,,1.0
1237,gPO_sBM_cAll_d11_mPO0_ch02,6.757319599999188,11.983333333333333,ready,,1.0
1238,gPO_sBM_cAll_d11_mPO0_ch02,6.774033399998894,11.983333333333333,ready,,1.0
1239,gPO_sBM_cAll_d11_mPO0_ch02,6.79079579999759,11.983333333333333,ready,,1.0
1240,gPO_sBM_cAll_d11_mPO0_ch02,6.807674499997823,11.983333333333333,ready,,1.0
1241,gPO_sBM_cAll_d11_mPO0_ch02,6.824310699999635,11.983333333333333,ready,,1.0
1242,gPO_sBM_cAll_d11_mPO0_ch02,6.8410310999986645,11.983333333333333,ready,,1.0
1243,gPO_sBM_cAll_d11_mPO0_ch02,6.857604799997508,11.983333333333333,ready,,1.0
1244,gPO_sBM_cAll_d11_mPO0_ch02,6.8742068999979615,11.983333333333333,ready,,1.0
1245,gPO_sBM_cAll_d11_mPO0_ch02,6.890903599998427,11.983333333333333,ready,,1.0
1246,gPO_sBM_cAll_d11_mPO0_ch02,6.90773799999967,11.983333333333333,ready,,1.0
1247,gPO_sBM_cAll_d11_mPO0_ch02,6.92405839999789,11.983333333333333,ready,,1.0
1248,gPO_sBM_cAll_d11_mPO0_ch02,6.940753799999371,11.983333333333333,ready,,1.0
1249,gPO_sBM_cAll_d11_mPO0_ch02,6.957349799997032,11.983333333333333,ready,,1.0
1250,gPO_sBM_cAll_d11_mPO0_ch02,6.9740207999982555,11.983333333333333,ready,,1.0
1251,gPO_sBM_cAll_d11_mPO0_ch02,6.990579699997181,11.983333333333333,ready,,1.0
1252,gPO_sBM_cAll_d11_mPO0_ch02,7.007829899999489,11.983333333333333,ready,,1.0
1253,gPO_sBM_cAll_d11_mPO0_ch02,7.024057699998376,11.983333333333333,ready,,1.0
1254,gPO_sBM_cAll_d11_mPO0_ch02,7.040690699997649,11.983333333333333,ready,,1.0
1255,gPO_sBM_cAll_d11_mPO0_ch02,7.057283899999455,11.983333333333333,ready,,1.0
1256,gPO_sBM_cAll_d11_mPO0_ch02,7.073954699999156,11.983333333333333,ready,,1.0
1257,gPO_sBM_cAll_d11_mPO0_ch02,7.090585399999106,11.983333333333333,ready,,1.0
1258,gPO_sBM_cAll_d11_mPO0_ch02,7.107809299997603,11.983333333333333,ready,,1.0
1259,gPO_sBM_cAll_d11_mPO0_ch02,7.124177399998875,11.983333333333333,ready,,1.0
1260,gPO_sBM_cAll_d11_mPO0_ch02,7.140862499998324,11.983333333333333,ready,,1.0
1261,gPO_sBM_cAll_d11_mPO0_ch02,7.1573829999995295,11.983333333333333,ready,,1.0
1262,gPO_sBM_cAll_d11_mPO0_ch02,7.174066399996947,11.983333333333333,ready,,1.0
1263,gPO_sBM_cAll_d11_mPO0_ch02,7.1906940999995195,11.983333333333333,ready,,1.0
1264,gPO_sBM_cAll_d11_mPO0_ch02,7.207739299997911,11.983333333333333,ready,,1.0
1265,gPO_sBM_cAll_d11_mPO0_ch02,7.2242927999993745,11.983333333333333,ready,,1.0
1266,gPO_sBM_cAll_d11_mPO0_ch02,7.241027300000267,11.983333333333333,ready,,1.0
1267,gPO_sBM_cAll_d11_mPO0_ch02,7.257592299998348,11.983333333333333,ready,,1.0
1268,gPO_sBM_cAll_d11_mPO0_ch02,7.274243099998554,11.983333333333333,ready,,1.0
1269,gPO_sBM_cAll_d11_mPO0_ch02,7.291074700000304,11.983333333333333,ready,,1.0
1270,gPO_sBM_cAll_d11_mPO0_ch02,7.307597900000241,11.983333333333333,ready,,1.0
1271,gPO_sBM_cAll_d11_mPO0_ch02,7.324115799999839,11.983333333333333,ready,,1.0
1272,gPO_sBM_cAll_d11_mPO0_ch02,7.340949099999982,11.983333333333333,ready,,1.0
1273,gPO_sBM_cAll_d11_mPO0_ch02,7.357639599996893,11.983333333333333,ready,,1.0
1274,gPO_sBM_cAll_d11_mPO0_ch02,7.374349499999644,11.983333333333333,ready,,1.0
1275,gPO_sBM_cAll_d11_mPO0_ch02,7.390620599997182,11.983333333333333,ready,,1.0
1276,gPO_sBM_cAll_d11_mPO0_ch02,7.407491399999106,11.983333333333333,ready,,1.0
1277,gPO_sBM_cAll_d11_mPO0_ch02,7.424094299998376,11.983333333333333,ready,,1.0
1278,gPO_sBM_cAll_d11_mPO0_ch02,7.440880799998682,11.983333333333333,ready,,1.0
1279,gPO_sBM_cAll_d11_mPO0_ch02,7.4575397999994815,11.983333333333333,ready,,1.0
1280,gPO_sBM_cAll_d11_mPO0_ch02,7.474208399996982,11.983333333333333,ready,,1.0
1281,gPO_sBM_cAll_d11_mPO0_ch02,7.490697199996915,11.983333333333333,ready,,1.0
1282,gPO_sBM_cAll_d11_mPO0_ch02,7.507320899998133,11.983333333333333,ready,,1.0
1283,gPO_sBM_cAll_d11_mPO0_ch02,7.523951299999436,11.983333333333333,ready,,1.0
1284,gPO_sBM_cAll_d11_mPO0_ch02,7.540711499999571,11.983333333333333,ready,,1.0
1285,gPO_sBM_cAll_d11_mPO0_ch02,7.55739929999775,11.983333333333333,ready,,1.0
1286,gPO_sBM_cAll_d11_mPO0_ch02,7.5740419999981246,11.983333333333333,ready,,1.0
1287,gPO_sBM_cAll_d11_mPO0_ch02,7.590758199997915,11.983333333333333,ready,,1.0
1288,gPO_sBM_cAll_d11_mPO0_ch02,7.607463999998551,11.983333333333333,ready,,1.0
1289,gPO_sBM_cAll_d11_mPO0_ch02,7.624108499998079,11.983333333333333,ready,,1.0
1290,gPO_sBM_cAll_d11_mPO0_ch02,7.640674399999375,11.983333333333333,ready,,1.0
1291,gPO_sBM_cAll_d11_mPO0_ch02,7.657304999998563,11.983333333333333,ready,,1.0
1292,gPO_sBM_cAll_d11_mPO0_ch02,7.674413799997385,11.983333333333333,ready,,1.0
1293,gPO_sBM_cAll_d11_mPO0_ch02,7.690635999997286,11.983333333333333,ready,,1.0
1294,gPO_sBM_cAll_d11_mPO0_ch02,7.707686100000247,11.983333333333333,ready,,1.0
1295,gPO_sBM_cAll_d11_mPO0_ch02,7.724249399999935,11.983333333333333,ready,,1.0
1296,gPO_sBM_cAll_d11_mPO0_ch02,7.740865599998614,11.983333333333333,ready,,1.0
1297,gPO_sBM_cAll_d11_mPO0_ch02,7.757507299998649,11.983333333333333,ready,,1.0
1298,gPO_sBM_cAll_d11_mPO0_ch02,7.774069599997999,11.983333333333333,ready,,1.0
1299,gPO_sBM_cAll_d11_mPO0_ch02,7.790693099997694,11.983333333333333,ready,,1.0
1300,gPO_sBM_cAll_d11_mPO0_ch02,7.80749829999851,11.983333333333333,ready,,1.0
1301,gPO_sBM_cAll_d11_mPO0_ch02,7.824097399997949,11.983333333333333,ready,,1.0
1302,gPO_sBM_cAll_d11_mPO0_ch02,7.840698699999587,11.983333333333333,ready,,1.0
1303,gPO_sBM_cAll_d11_mPO0_ch02,7.8576238000002485,11.983333333333333,ready,,1.0
1304,gPO_sBM_cAll_d11_mPO0_ch02,7.874151499998071,11.983333333333333,ready,,1.0
1305,gPO_sBM_cAll_d11_mPO0_ch02,7.890894499998203,11.983333333333333,ready,,1.0
1306,gPO_sBM_cAll_d11_mPO0_ch02,7.907816599997849,11.983333333333333,ready,,1.0
1307,gPO_sBM_cAll_d11_mPO0_ch02,7.924321500000322,11.983333333333333,ready,,1.0
1308,gPO_sBM_cAll_d11_mPO0_ch02,7.940850400000006,11.983333333333333,ready,,1.0
1309,gPO_sBM_cAll_d11_mPO0_ch02,7.95765120000006,11.983333333333333,ready,,1.0
1310,gPO_sBM_cAll_d11_mPO0_ch02,7.9742235999999185,11.983333333333333,ready,,1.0
1311,gPO_sBM_cAll_d11_mPO0_ch02,7.990997099999462,11.983333333333333,ready,,1.0
1312,gPO_sBM_cAll_d11_mPO0_ch02,8.007295199998866,11.983333333333333,ready,,1.0
1313,gPO_sBM_cAll_d11_mPO0_ch02,8.023928000000256,11.983333333333333,ready,,1.0
1314,gPO_sBM_cAll_d11_mPO0_ch02,8.040701699997683,11.983333333333333,ready,,1.0
1315,gPO_sBM_cAll_d11_mPO0_ch02,8.057762099999037,11.983333333333333,ready,,1.0
1316,gPO_sBM_cAll_d11_mPO0_ch02,8.074173499998961,11.983333333333333,ready,,1.0
1317,gPO_sBM_cAll_d11_mPO0_ch02,8.090650899999401,11.983333333333333,ready,,1.0
1318,gPO_sBM_cAll_d11_mPO0_ch02,8.1077007999972,11.983333333333333,ready,,1.0
1319,gPO_sBM_cAll_d11_mPO0_ch02,8.123968099998546,11.983333333333333,ready,,1.0
1320,gPO_sBM_cAll_d11_mPO0_ch02,8.14068769999876,11.983333333333333,ready,,1.0
1321,gPO_sBM_cAll_d11_mPO0_ch02,8.157356800000066,11.983333333333333,ready,,1.0
1322,gPO_sBM_cAll_d11_mPO0_ch02,8.174047700000022,11.983333333333333,ready,,1.0
1323,gPO_sBM_cAll_d11_mPO0_ch02,8.190654599997009,11.983333333333333,ready,,1.0
1324,gPO_sBM_cAll_d11_mPO0_ch02,8.207260599998056,11.983333333333333,ready,,1.0
1325,gPO_sBM_cAll_d11_mPO0_ch02,8.224364899998992,11.983333333333333,ready,,1.0
1326,gPO_sBM_cAll_d11_mPO0_ch02,8.240667599997042,11.983333333333333,ready,,1.0
1327,gPO_sBM_cAll_d11_mPO0_ch02,8.257680299998983,11.983333333333333,ready,,1.0
1328,gPO_sBM_cAll_d11_mPO0_ch02,8.274222099998669,11.983333333333333,ready,,1.0
1329,gPO_sBM_cAll_d11_mPO0_ch02,8.291090299998984,11.983333333333333,ready,,1.0
1330,gPO_sBM_cAll_d11_mPO0_ch02,8.307425900000169,11.983333333333333,ready,,1.0
1331,gPO_sBM_cAll_d11_mPO0_ch02,8.324081999997077,11.983333333333333,ready,,1.0
1332,gPO_sBM_cAll_d11_mPO0_ch02,8.340702999999564,11.983333333333333,ready,,1.0
1333,gPO_sBM_cAll_d11_mPO0_ch02,8.35731199999799,11.983333333333333,ready,,1.0
1334,gPO_sBM_cAll_d11_mPO0_ch02,8.373915799996837,11.983333333333333,ready,,1.0
1335,gPO_sBM_cAll_d11_mPO0_ch02,8.39065409999756,11.983333333333333,ready,,1.0
1336,gPO_sBM_cAll_d11_mPO0_ch02,8.407459799998545,11.983333333333333,ready,,1.0
1337,gPO_sBM_cAll_d11_mPO0_ch02,8.42408379999841,11.983333333333333,ready,,1.0
1338,gPO_sBM_cAll_d11_mPO0_ch02,8.440714699999884,11.983333333333333,ready,,1.0
1339,gPO_sBM_cAll_d11_mPO0_ch02,8.457255499999231,11.983333333333333,ready,,1.0
1340,gPO_sBM_cAll_d11_mPO0_ch02,8.474363999999406,11.983333333333333,ready,,1.0
1341,gPO_sBM_cAll_d11_mPO0_ch02,8.490841699998493,11.983333333333333,ready,,1.0
1342,gPO_sBM_cAll_d11_mPO0_ch02,8.507378099997078,11.983333333333333,ready,,1.0
1343,gPO_sBM_cAll_d11_mPO0_ch02,8.524165399999838,11.983333333333333,ready,,1.0
1344,gPO_sBM_cAll_d11_mPO0_ch02,8.540746799999106,11.983333333333333,ready,,1.0
1345,gPO_sBM_cAll_d11_mPO0_ch02,8.557709700000194,11.983333333333333,ready,,1.0
1346,gPO_sBM_cAll_d11_mPO0_ch02,8.573963999997138,11.983333333333333,ready,,1.0
1347,gPO_sBM_cAll_d11_mPO0_ch02,8.590705099997354,11.983333333333333,ready,,1.0
1348,gPO_sBM_cAll_d11_mPO0_ch02,8.607747799998537,11.983333333333333,ready,,1.0
1349,gPO_sBM_cAll_d11_mPO0_ch02,8.624273600000082,11.983333333333333,ready,,1.0
1350,gPO_sBM_cAll_d11_mPO0_ch02,8.641051999996918,11.983333333333333,ready,,1.0
1351,gPO_sBM_cAll_d11_mPO0_ch02,8.65741320000022,11.983333333333333,ready,,1.0
1352,gPO_sBM_cAll_d11_mPO0_ch02,8.674018100000168,11.983333333333333,ready,,1.0
1353,gPO_sBM_cAll_d11_mPO0_ch02,8.690699199998262,11.983333333333333,ready,,1.0
1354,gPO_sBM_cAll_d11_mPO0_ch02,8.707633399999093,11.983333333333333,ready,,1.0
1355,gPO_sBM_cAll_d11_mPO0_ch02,8.724141999996998,11.983333333333333,ready,,1.0
1356,gPO_sBM_cAll_d11_mPO0_ch02,8.740884399999837,11.983333333333333,ready,,1.0
1357,gPO_sBM_cAll_d11_mPO0_ch02,8.757365099999939,11.983333333333333,ready,,1.0
1358,gPO_sBM_cAll_d11_mPO0_ch02,8.77441889999833,11.983333333333333,ready,,1.0
1359,gPO_sBM_cAll_d11_mPO0_ch02,8.790853899999696,11.983333333333333,ready,,1.0
1360,gPO_sBM_cAll_d11_mPO0_ch02,8.80763710000034,11.983333333333333,ready,,1.0
1361,gPO_sBM_cAll_d11_mPO0_ch02,8.823941199998137,11.983333333333333,ready,,1.0
1362,gPO_sBM_cAll_d11_mPO0_ch02,8.840599999997414,11.983333333333333,ready,,1.0
1363,gPO_sBM_cAll_d11_mPO0_ch02,8.857708499997589,11.983333333333333,ready,,1.0
1364,gPO_sBM_cAll_d11_mPO0_ch02,8.87399479999809,11.983333333333333,ready,,1.0
1365,gPO_sBM_cAll_d11_mPO0_ch02,8.890710899997119,11.983333333333333,ready,,1.0
1366,gPO_sBM_cAll_d11_mPO0_ch02,8.907721699999144,11.983333333333333,ready,,1.0
1367,gPO_sBM_cAll_d11_mPO0_ch02,8.92434899999867,11.983333333333333,ready,,1.0
1368,gPO_sBM_cAll_d11_mPO0_ch02,8.940647499997482,11.983333333333333,ready,,1.0
1369,gPO_sBM_cAll_d11_mPO0_ch02,8.957324499997098,11.983333333333333,ready,,1.0
1370,gPO_sBM_cAll_d11_mPO0_ch02,8.97441579999727,11.983333333333333,ready,,1.0
1371,gPO_sBM_cAll_d11_mPO0_ch02,8.990878599999316,11.983333333333333,ready,,1.0
1372,gPO_sBM_cAll_d11_mPO0_ch02,9.007386699997053,11.983333333333333,ready,,1.0
1373,gPO_sBM_cAll_d11_mPO0_ch02,9.024490899997227,11.983333333333333,ready,,1.0
1374,gPO_sBM_cAll_d11_mPO0_ch02,9.04087819999918,11.983333333333333,ready,,1.0
1375,gPO_sBM_cAll_d11_mPO0_ch02,9.057488099997181,11.983333333333333,ready,,1.0
1376,gPO_sBM_cAll_d11_mPO0_ch02,9.074135099997557,11.983333333333333,ready,,1.0
1377,gPO_sBM_cAll_d11_mPO0_ch02,9.090759999997,11.983333333333333,ready,,1.0
1378,gPO_sBM_cAll_d11_mPO0_ch02,9.107328899999311,11.983333333333333,ready,,1.0
1379,gPO_sBM_cAll_d11_mPO0_ch02,9.124419699999315,11.983333333333333,ready,,1.0
1380,gPO_sBM_cAll_d11_mPO0_ch02,9.140988900000274,11.983333333333333,ready,,1.0
1381,gPO_sBM_cAll_d11_mPO0_ch02,9.157396899999775,11.983333333333333,ready,,1.0
1382,gPO_sBM_cAll_d11_mPO0_ch02,9.173964600000225,11.983333333333333,ready,,1.0
1383,gPO_sBM_cAll_d11_mPO0_ch02,9.19077659999825,11.983333333333333,ready,,1.0
1384,gPO_sBM_cAll_d11_mPO0_ch02,9.207408299998539,11.983333333333333,ready,,1.0
1385,gPO_sBM_cAll_d11_mPO0_ch02,9.223975399998059,11.983333333333333,ready,,1.0
1386,gPO_sBM_cAll_d11_mPO0_ch02,9.240622099999788,11.983333333333333,ready,,1.0
1387,gPO_sBM_cAll_d11_mPO0_ch02,9.257256499998809,11.983333333333333,ready,,1.0
1388,gPO_sBM_cAll_d11_mPO0_ch02,9.274448300000262,11.983333333333333,ready,,1.0
1389,gPO_sBM_cAll_d11_mPO0_ch02,9.290984099997917,11.983333333333333,ready,,1.0
1390,gPO_sBM_cAll_d11_mPO0_ch02,9.307582999999472,11.983333333333333,ready,,1.0
1391,gPO_sBM_cAll_d11_mPO0_ch02,9.323971799998294,11.983333333333333,ready,,1.0
1392,gPO_sBM_cAll_d11_mPO0_ch02,9.340753799997076,11.983333333333333,ready,,1.0
1393,gPO_sBM_cAll_d11_mPO0_ch02,9.357628499999592,11.983333333333333,ready,,1.0
1394,gPO_sBM_cAll_d11_mPO0_ch02,9.374273399998529,11.983333333333333,ready,,1.0
1395,gPO_sBM_cAll_d11_mPO0_ch02,9.390822499999231,11.983333333333333,ready,,1.0
1396,gPO_sBM_cAll_d11_mPO0_ch02,9.407462499997237,11.983333333333333,ready,,1.0
1397,gPO_sBM_cAll_d11_mPO0_ch02,9.423970899997258,11.983333333333333,ready,,1.0
1398,gPO_sBM_cAll_d11_mPO0_ch02,9.44063489999975,11.983333333333333,ready,,1.0
1399,gPO_sBM_cAll_d11_mPO0_ch02,9.45726869999784,11.983333333333333,ready,,1.0
1400,gPO_sBM_cAll_d11_mPO0_ch02,9.474389599997847,11.983333333333333,ready,,1.0
1401,gPO_sBM_cAll_d11_mPO0_ch02,9.491094299997382,11.983333333333333,ready,,1.0
1402,gPO_sBM_cAll_d11_mPO0_ch02,9.50775049999869,11.983333333333333,ready,,1.0
1403,gPO_sBM_cAll_d11_mPO0_ch02,9.524056799998686,11.983333333333333,ready,,1.0
1404,gPO_sBM_cAll_d11_mPO0_ch02,9.540768199998306,11.983333333333333,ready,,1.0
1405,gPO_sBM_cAll_d11_mPO0_ch02,9.55762349999862,11.983333333333333,ready,,1.0
1406,gPO_sBM_cAll_d11_mPO0_ch02,9.57434929999875,11.983333333333333,ready,,1.0
1407,gPO_sBM_cAll_d11_mPO0_ch02,9.591057699997354,11.983333333333333,ready,,1.0
1408,gPO_sBM_cAll_d11_mPO0_ch02,9.60732399999836,11.983333333333333,ready,,1.0
1409,gPO_sBM_cAll_d11_mPO0_ch02,9.624047599999928,11.983333333333333,ready,,1.0
1410,gPO_sBM_cAll_d11_mPO0_ch02,9.64088459999914,11.983333333333333,ready,,1.0
1411,gPO_sBM_cAll_d11_mPO0_ch02,9.657501699997397,11.983333333333333,ready,,1.0
1412,gPO_sBM_cAll_d11_mPO0_ch02,9.67399159999843,11.983333333333333,ready,,0.9999692455306243
1413,gPO_sBM_cAll_d11_mPO0_ch02,9.69062699999779,11.983333333333333,ready,,0.9989771393564776
1414,gPO_sBM_cAll_d11_mPO0_ch02,9.707247699997993,11.983333333333333,ready,,0.9952833797894839
1415,gPO_sBM_cAll_d11_mPO0_ch02,9.724353100000029,11.983333333333333,ready,,0.9871778846104045
1416,gPO_sBM_cAll_d11_mPO0_ch02,9.740976599999724,11.983333333333333,ready,,0.9740561049747817
1417,gPO_sBM_cAll_d11_mPO0_ch02,9.757751699996899,11.983333333333333,ready,,0.9548610057125397
1418,gPO_sBM_cAll_d11_mPO0_ch02,9.774319699999634,11.983333333333333,ready,,0.9296492814411641
1419,gPO_sBM_cAll_d11_mPO0_ch02,9.791021599999675,11.983333333333333,ready,,0.8978403785884845
1420,gPO_sBM_cAll_d11_mPO0_ch02,9.807652499997511,11.983333333333333,ready,,0.8599378429244033
1421,gPO_sBM_cAll_d11_mPO0_ch02,9.824017399999883,11.983333333333333,ready,,0.816933841725234
1422,gPO_sBM_cAll_d11_mPO0_ch02,9.840645799996873,11.983333333333333,ready,,0.7679922324846711
1423,gPO_sBM_cAll_d11_mPO0_ch02,9.85725599999716,11.983333333333333,ready,,0.7145442091181566
1424,gPO_sBM_cAll_d11_mPO0_ch02,9.874358299997418,11.983333333333333,ready,,0.6556531270308898
1425,gPO_sBM_cAll_d11_mPO0_ch02,9.89074979999861,11.983333333333333,ready,,0.5964941772276223
1426,gPO_sBM_cAll_d11_mPO0_ch02,9.907514799998912,11.983333333333333,ready,,0.5342888511381795
1427,gPO_sBM_cAll_d11_mPO0_ch02,9.924099099998434,11.983333333333333,ready,,0.472144793672568
1428,gPO_sBM_cAll_d11_mPO0_ch02,9.94071289999703,11.983333333333333,ready,,0.4103812432127488
1429,gPO_sBM_cAll_d11_mPO0_ch02,9.957697399998882,11.983333333333333,ready,,0.3488754662933287
1430,gPO_sBM_cAll_d11_mPO0_ch02,9.974203799998225,11.983333333333333,ready,,0.29173379555884377
1431,gPO_sBM_cAll_d11_mPO0_ch02,9.990627299999336,11.983333333333333,ready,,0.23840581291304783
1432,gPO_sBM_cAll_d11_mPO0_ch02,10.007389799998792,11.983333333333333,ready,,0.18847677267011131
1433,gPO_sBM_cAll_d11_mPO0_ch02,10.023933899997802,11.983333333333333,ready,,0.14439096385322614
1434,gPO_sBM_cAll_d11_mPO0_ch02,10.04064149999759,11.983333333333333,ready,,0.10568989841146206
1435,gPO_sBM_cAll_d11_mPO0_ch02,10.057301099999322,11.983333333333333,ready,,0.07331750853313769
1436,gPO_sBM_cAll_d11_mPO0_ch02,10.073969899998344,11.983333333333333,ready,,0.047315018185468655
1437,gPO_sBM_cAll_d11_mPO0_ch02,10.090889499997143,11.983333333333333,ready,,0.027376381415586983
1438,gPO_sBM_cAll_d11_mPO0_ch02,10.107453099999116,11.983333333333333,ready,,0.013798653183237475
1439,gPO_sBM_cAll_d11_mPO0_ch02,10.124154099999581,11.983333333333333,ready,,0.0053894250760763976
1440,gPO_sBM_cAll_d11_mPO0_ch02,10.140700599998675,11.983333333333333,ready,,0.0012937454106579434
1441,gPO_sBM_cAll_d11_mPO0_ch02,10.157318099999978,11.983333333333333,ready,,6.354254896343886e-05
1442,gPO_sBM_cAll_d11_mPO0_ch02,10.166666666666666,11.983333333333333,executing,switch_start,0.0
1443,gPO_sBM_cAll_d11_mPO0_ch02,10.166666666666666,11.983333333333333,executing,,0.0
1444,gPO_sBM_cAll_d11_mPO0_ch02,10.166666666666666,11.983333333333333,executing,,0.0
1445,gPO_sBM_cAll_d11_mPO0_ch02,10.166666666666666,11.983333333333333,executing,,0.0
1446,gPO_sBM_cAll_d11_mPO0_ch02,10.166666666666666,11.983333333333333,executing,,0.0
1447,gPO_sBM_cAll_d11_mPO0_ch02,10.166666666666666,11.983333333333333,executing,,0.0
1448,gPO_sBM_cAll_d11_mPO0_ch02,10.166666666666666,11.983333333333333,executing,,0.0
1449,gPO_sBM_cAll_d11_mPO0_ch02,10.166666666666666,11.983333333333333,executing,,0.0
1450,gPO_sBM_cAll_d11_mPO0_ch02,10.166666666666666,11.983333333333333,executing,,0.0
1451,gPO_sBM_cAll_d11_mPO0_ch02,10.166666666666666,11.983333333333333,executing,,0.0
1452,gPO_sBM_cAll_d11_mPO0_ch02,10.166666666666666,11.983333333333333,executing,,0.0
1453,gPO_sBM_cAll_d11_mPO0_ch02,10.166666666666666,11.983333333333333,executing,,0.0
1454,gPO_sBM_cAll_d11_mPO0_ch02,10.166666666666666,11.983333333333333,executing,,0.0
1455,gPO_sBM_cAll_d11_mPO0_ch02,10.166666666666666,11.983333333333333,executing,,0.0
1456,gPO_sBM_cAll_d11_mPO0_ch02,10.166666666666666,11.983333333333333,executing,,0.0
1457,gPO_sBM_cAll_d11_mPO0_ch02,10.166666666666666,11.983333333333333,executing,,0.0
1458,gPO_sBM_cAll_d11_mPO0_ch02,10.166666666666666,11.983333333333333,executing,,0.0
1459,gPO_sBM_cAll_d11_mPO0_ch02,10.166666666666666,11.983333333333333,executing,,0.0
1460,gPO_sBM_cAll_d11_mPO0_ch02,10.166666666666666,11.983333333333333,executing,,0.0
1461,gPO_sBM_cAll_d11_mPO0_ch02,10.166666666666666,11.983333333333333,executing,,0.0
1462,gPO_sBM_cAll_d11_mPO0_ch02,10.166666666666666,11.983333333333333,executing,,0.0
1463,gHO_sBM_cAll_d20_mHO5_ch04,1.341006566666086,7.083333333333333,awaiting_preparation,switch_complete,3.531618788828317e-05
1464,gHO_sBM_cAll_d20_mHO5_ch04,1.3575506666687336,7.083333333333333,loading,,0.0010552864647044098
1465,gHO_sBM_cAll_d20_mHO5_ch04,1.374469366667957,7.083333333333333,loading,,0.004904131384445381
1466,gHO_sBM_cAll_d20_mHO5_ch04,1.390766066667614,7.083333333333333,loading,,0.012664159102737122
1467,gHO_sBM_cAll_d20_mHO5_ch04,1.4073879666660407,7.083333333333333,loading,,0.025699343689833034
1468,gHO_sBM_cAll_d20_mHO5_ch04,1.4239426666693664,7.083333333333333,loading,,0.04450803903041444
1469,gHO_sBM_cAll_d20_mHO5_ch04,1.4406113666676295,7.083333333333333,loading,,0.06971010447930627
1470,gHO_sBM_cAll_d20_mHO5_ch04,1.457372066667934,7.083333333333333,loading,,0.10149835728550476
1471,gHO_sBM_cAll_d20_mHO5_ch04,1.4745279666688778,7.083333333333333,loading,,0.14057616067529385
1472,gHO_sBM_cAll_d20_mHO5_ch04,1.4909860666678771,7.083333333333333,loading,,0.1839098145194677
1473,gHO_sBM_cAll_d20_mHO5_ch04,1.5075089666691686,7.083333333333333,loading,,0.23261498945892006
1474,gHO_sBM_cAll_d20_mHO5_ch04,1.5240288666694444,7.083333333333333,loading,,0.28581040530199314
1475,gHO_sBM_cAll_d20_mHO5_ch04,1.5409754666664714,7.083333333333333,loading,,0.34417174039463133
1476,gHO_sBM_cAll_d20_mHO5_ch04,1.5575816666690419,7.083333333333333,loading,,0.40411216266237937
1477,gHO_sBM_cAll_d20_mHO5_ch04,1.5741770666694113,7.083333333333333,loading,,0.4656946930912737
1478,gHO_sBM_cAll_d20_mHO5_ch04,1.5908087666660624,7.083333333333333,loading,,0.5280161697622785
1479,gHO_sBM_cAll_d20_mHO5_ch04,1.60753446666907,7.083333333333333,loading,,0.5901888648066332
1480,gHO_sBM_cAll_d20_mHO5_ch04,1.6242114666686878,7.083333333333333,loading,,0.6505825857128724
1481,gHO_sBM_cAll_d20_mHO5_ch04,1.6408223666670285,7.083333333333333,preparing,,0.7081044165869519
1482,gHO_sBM_cAll_d20_mHO5_ch04,1.6574699666683348,7.083333333333333,preparing,,0.7621434617320407
1483,gHO_sBM_cAll_d20_mHO5_ch04,1.674237666667371,7.083333333333333,preparing,,0.812035232998008
1484,gHO_sBM_cAll_d20_mHO5_ch04,1.6910201666663245,7.083333333333333,preparing,,0.8566546530023041
1485,gHO_sBM_cAll_d20_mHO5_ch04,1.7072729666663993,7.083333333333333,preparing,,0.8942350268893907
1486,gHO_sBM_cAll_d20_mHO5_ch04,1.7240509666674673,7.083333333333333,preparing,,0.9268281912372629
1487,gHO_sBM_cAll_d20_mHO5_ch04,1.740734566666409,7.083333333333333,preparing,,0.9528189826276732
1488,gHO_sBM_cAll_d20_mHO5_ch04,1.757423766667974,7.083333333333333,preparing,,0.9724920818753711
1489,gHO_sBM_cAll_d20_mHO5_ch04,1.7741072666661541,7.083333333333333,preparing,,0.9861931704667684
1490,gHO_sBM_cAll_d20_mHO5_ch04,1.7906925666660147,7.083333333333333,preparing,,0.9945638940034077
1491,gHO_sBM_cAll_d20_mHO5_ch04,1.8073265666692653,7.083333333333333,preparing,,0.99870032615466
1492,gHO_sBM_cAll_d20_mHO5_ch04,1.8240159666687152,7.083333333333333,preparing,,0.9999370855664037
1493,gHO_sBM_cAll_d20_mHO5_ch04,1.8410526666678682,7.083333333333333,preparing,,1.0
1494,gHO_sBM_cAll_d20_mHO5_ch04,1.8573675666678657,7.083333333333333,preparing,,1.0
1495,gHO_sBM_cAll_d20_mHO5_ch04,1.874042466666045,7.083333333333333,preparing,,1.0
1496,gHO_sBM_cAll_d20_mHO5_ch04,1.8907154666679464,7.083333333333333,preparing,,1.0
1497,gHO_sBM_cAll_d20_mHO5_ch04,1.907369066667646,7.083333333333333,preparing,,1.0
1498,gHO_sBM_cAll_d20_mHO5_ch04,1.9244546666680737,7.083333333333333,preparing,,1.0
1499,gHO_sBM_cAll_d20_mHO5_ch04,1.9409914666660673,7.083333333333333,preparing,,1.0
1500,gHO_sBM_cAll_d20_mHO5_ch04,1.957722466669414,7.083333333333333,preparing,,1.0
1501,gHO_sBM_cAll_d20_mHO5_ch04,1.9745725666665142,7.083333333333333,preparing,,1.0
1502,gHO_sBM_cAll_d20_mHO5_ch04,1.99087936666668,7.083333333333333,preparing,,1.0
1503,gHO_sBM_cAll_d20_mHO5_ch04,2.0074056666683946,7.083333333333333,preparing,,1.0
1504,gHO_sBM_cAll_d20_mHO5_ch04,2.0557301666679773,7.083333333333333,preparing,,1.0
1505,gHO_sBM_cAll_d20_mHO5_ch04,2.077231466665886,7.083333333333333,preparing,,1.0
1506,gHO_sBM_cAll_d20_mHO5_ch04,2.093948666666017,7.083333333333333,preparing,,1.0
1507,gHO_sBM_cAll_d20_mHO5_ch04,2.1105446666673178,7.083333333333333,preparing,,1.0
1508,gHO_sBM_cAll_d20_mHO5_ch04,2.1272999666665227,7.083333333333333,preparing,,1.0
1509,gHO_sBM_cAll_d20_mHO5_ch04,2.143859366669257,7.083333333333333,preparing,,1.0
1510,gHO_sBM_cAll_d20_mHO5_ch04,2.1604826666674306,7.083333333333333,preparing,,1.0
1511,gHO_sBM_cAll_d20_mHO5_ch04,2.177439266667844,7.083333333333333,preparing,,1.0
1512,gHO_sBM_cAll_d20_mHO5_ch04,2.196232166666361,7.083333333333333,ready,,1.0
1513,gHO_sBM_cAll_d20_mHO5_ch04,2.2103037666687144,7.083333333333333,ready,,1.0
1514,gHO_sBM_cAll_d20_mHO5_ch04,2.2271941666670894,7.083333333333333,ready,,1.0
1515,gHO_sBM_cAll_d20_mHO5_ch04,2.243891466668487,7.083333333333333,ready,,1.0
1516,gHO_sBM_cAll_d20_mHO5_ch04,2.2605984666673478,7.083333333333333,ready,,1.0
1517,gHO_sBM_cAll_d20_mHO5_ch04,2.276987666669216,7.083333333333333,ready,,1.0
1518,gHO_sBM_cAll_d20_mHO5_ch04,2.293938466669121,7.083333333333333,ready,,1.0
1519,gHO_sBM_cAll_d20_mHO5_ch04,2.3105282666668674,7.083333333333333,ready,,1.0
1520,gHO_sBM_cAll_d20_mHO5_ch04,2.327199766668262,7.083333333333333,ready,,1.0
1521,gHO_sBM_cAll_d20_mHO5_ch04,2.3437886666664314,7.083333333333333,ready,,1.0
1522,gHO_sBM_cAll_d20_mHO5_ch04,2.360309966666454,7.083333333333333,ready,,1.0
1523,gHO_sBM_cAll_d20_mHO5_ch04,2.377020366669376,7.083333333333333,ready,,1.0
1524,gHO_sBM_cAll_d20_mHO5_ch04,2.3939406666662317,7.083333333333333,ready,,1.0
1525,gHO_sBM_cAll_d20_mHO5_ch04,2.410351266667341,7.083333333333333,ready,,1.0
1526,gHO_sBM_cAll_d20_mHO5_ch04,2.4269862666672926,7.083333333333333,ready,,1.0
1527,gHO_sBM_cAll_d20_mHO5_ch04,2.443872166667782,7.083333333333333,ready,,1.0
1528,gHO_sBM_cAll_d20_mHO5_ch04,2.4604273666676395,7.083333333333333,ready,,1.0
1529,gHO_sBM_cAll_d20_mHO5_ch04,2.477178866667013,7.083333333333333,ready,,1.0
1530,gHO_sBM_cAll_d20_mHO5_ch04,2.493813066668149,7.083333333333333,ready,,1.0
1531,gHO_sBM_cAll_d20_mHO5_ch04,2.5103338666680024,7.083333333333333,ready,,1.0
1532,gHO_sBM_cAll_d20_mHO5_ch04,2.5270823666663604,7.083333333333333,ready,,1.0
1533,gHO_sBM_cAll_d20_mHO5_ch04,2.5438357666692877,7.083333333333333,ready,,1.0
1534,gHO_sBM_cAll_d20_mHO5_ch04,2.5604985666662814,7.083333333333333,ready,,1.0
1535,gHO_sBM_cAll_d20_mHO5_ch04,2.577089766667412,7.083333333333333,ready,,1.0
1536,gHO_sBM_cAll_d20_mHO5_ch04,2.5938268666662765,7.083333333333333,ready,,1.0
1537,gHO_sBM_cAll_d20_mHO5_ch04,2.6103850666671495,7.083333333333333,ready,,1.0
1538,gHO_sBM_cAll_d20_mHO5_ch04,2.6271441666661857,7.083333333333333,ready,,1.0
1539,gHO_sBM_cAll_d20_mHO5_ch04,2.643709666668075,7.083333333333333,ready,,1.0
1540,gHO_sBM_cAll_d20_mHO5_ch04,2.6603776666682846,7.083333333333333,ready,,1.0
1541,gHO_sBM_cAll_d20_mHO5_ch04,2.677163466666901,7.083333333333333,ready,,1.0
1542,gHO_sBM_cAll_d20_mHO5_ch04,2.6938101666686305,7.083333333333333,ready,,1.0
1543,gHO_sBM_cAll_d20_mHO5_ch04,2.7103158666662823,7.083333333333333,ready,,1.0
1544,gHO_sBM_cAll_d20_mHO5_ch04,2.7269326666658933,7.083333333333333,ready,,1.0
1545,gHO_sBM_cAll_d20_mHO5_ch04,2.7440544666691182,7.083333333333333,ready,,1.0
1546,gHO_sBM_cAll_d20_mHO5_ch04,2.7602490666662254,7.083333333333333,ready,,1.0
1547,gHO_sBM_cAll_d20_mHO5_ch04,2.7769123666670263,7.083333333333333,ready,,1.0
1548,gHO_sBM_cAll_d20_mHO5_ch04,2.7939671666693973,7.083333333333333,ready,,1.0
1549,gHO_sBM_cAll_d20_mHO5_ch04,2.8104876666669663,7.083333333333333,ready,,1.0
1550,gHO_sBM_cAll_d20_mHO5_ch04,2.8271703666663317,7.083333333333333,ready,,1.0
1551,gHO_sBM_cAll_d20_mHO5_ch04,2.8439176666664663,7.083333333333333,ready,,1.0
1552,gHO_sBM_cAll_d20_mHO5_ch04,2.860642566667021,7.083333333333333,ready,,1.0
1553,gHO_sBM_cAll_d20_mHO5_ch04,2.877163866667044,7.083333333333333,ready,,1.0
1554,gHO_sBM_cAll_d20_mHO5_ch04,2.8937078666689304,7.083333333333333,ready,,1.0
1555,gHO_sBM_cAll_d20_mHO5_ch04,2.9104612666682197,7.083333333333333,ready,,1.0
1556,gHO_sBM_cAll_d20_mHO5_ch04,2.9272317666667496,7.083333333333333,ready,,1.0
1557,gHO_sBM_cAll_d20_mHO5_ch04,2.9437987666691465,7.083333333333333,ready,,1.0
1558,gHO_sBM_cAll_d20_mHO5_ch04,2.960411666668165,7.083333333333333,ready,,1.0
1559,gHO_sBM_cAll_d20_mHO5_ch04,2.9773548666684073,7.083333333333333,ready,,1.0
1560,gHO_sBM_cAll_d20_mHO5_ch04,2.994028366666841,7.083333333333333,ready,,1.0
1561,gHO_sBM_cAll_d20_mHO5_ch04,3.0105093666692277,7.083333333333333,ready,,1.0
1562,gHO_sBM_cAll_d20_mHO5_ch04,3.027312566669369,7.083333333333333,ready,,1.0
1563,gHO_sBM_cAll_d20_mHO5_ch04,3.044032666666116,7.083333333333333,ready,,1.0
1564,gHO_sBM_cAll_d20_mHO5_ch04,3.0607016666666644,7.083333333333333,ready,,1.0
1565,gHO_sBM_cAll_d20_mHO5_ch04,3.077114966666505,7.083333333333333,ready,,1.0
1566,gHO_sBM_cAll_d20_mHO5_ch04,3.09370316666662,7.083333333333333,ready,,1.0
1567,gHO_sBM_cAll_d20_mHO5_ch04,3.1104876666662515,7.083333333333333,ready,,1.0
1568,gHO_sBM_cAll_d20_mHO5_ch04,3.1271209666678104,7.083333333333333,ready,,1.0
1569,gHO_sBM_cAll_d20_mHO5_ch04,3.1436231666679153,7.083333333333333,ready,,1.0
1570,gHO_sBM_cAll_d20_mHO5_ch04,3.1603024666668573,7.083333333333333,ready,,1.0
1571,gHO_sBM_cAll_d20_mHO5_ch04,3.1769890666668155,7.083333333333333,ready,,1.0
1572,gHO_sBM_cAll_d20_mHO5_ch04,3.1937351666687266,7.083333333333333,ready,,1.0
1573,gHO_sBM_cAll_d20_mHO5_ch04,3.2104230666676696,7.083333333333333,ready,,1.0
1574,gHO_sBM_cAll_d20_mHO5_ch04,3.2270717666664384,7.083333333333333,ready,,1.0
1575,gHO_sBM_cAll_d20_mHO5_ch04,3.2438074666691943,7.083333333333333,ready,,1.0
1576,gHO_sBM_cAll_d20_mHO5_ch04,3.2603246666671013,7.083333333333333,ready,,1.0
1577,gHO_sBM_cAll_d20_mHO5_ch04,3.2771716666660633,7.083333333333333,ready,,1.0
1578,gHO_sBM_cAll_d20_mHO5_ch04,3.2937942666661826,7.083333333333333,ready,,1.0
1579,gHO_sBM_cAll_d20_mHO5_ch04,3.3104174666672326,7.083333333333333,ready,,1.0
1580,gHO_sBM_cAll_d20_mHO5_ch04,3.3271291666691396,7.083333333333333,ready,,1.0
1581,gHO_sBM_cAll_d20_mHO5_ch04,3.343861466667834,7.083333333333333,ready,,1.0
1582,gHO_sBM_cAll_d20_mHO5_ch04,3.360438766668625,7.083333333333333,ready,,1.0
1583,gHO_sBM_cAll_d20_mHO5_ch04,3.3774159666694636,7.083333333333333,ready,,1.0
1584,gHO_sBM_cAll_d20_mHO5_ch04,3.3936109666659786,7.083333333333333,ready,,1.0
1585,gHO_sBM_cAll_d20_mHO5_ch04,3.4102451666671145,7.083333333333333,ready,,1.0
1586,gHO_sBM_cAll_d20_mHO5_ch04,3.4269488666663133,7.083333333333333,ready,,1.0
1587,gHO_sBM_cAll_d20_mHO5_ch04,3.444019066669532,7.083333333333333,ready,,1.0
1588,gHO_sBM_cAll_d20_mHO5_ch04,3.4604395666659893,7.083333333333333,ready,,1.0
1589,gHO_sBM_cAll_d20_mHO5_ch04,3.476972966667198,7.083333333333333,ready,,1.0
1590,gHO_sBM_cAll_d20_mHO5_ch04,3.4937244666665714,7.083333333333333,ready,,1.0
1591,gHO_sBM_cAll_d20_mHO5_ch04,3.510496466669247,7.083333333333333,ready,,1.0
1592,gHO_sBM_cAll_d20_mHO5_ch04,3.5270333666680025,7.083333333333333,ready,,1.0
1593,gHO_sBM_cAll_d20_mHO5_ch04,3.5437644666684736,7.083333333333333,ready,,1.0
1594,gHO_sBM_cAll_d20_mHO5_ch04,3.5603543666669815,7.083333333333333,ready,,1.0
1595,gHO_sBM_cAll_d20_mHO5_ch04,3.576977666668793,7.083333333333333,ready,,1.0
1596,gHO_sBM_cAll_d20_mHO5_ch04,3.5935886666678956,7.083333333333333,ready,,1.0
1597,gHO_sBM_cAll_d20_mHO5_ch04,3.610652866669083,7.083333333333333,ready,,1.0
1598,gHO_sBM_cAll_d20_mHO5_ch04,3.627082966669518,7.083333333333333,ready,,1.0
1599,gHO_sBM_cAll_d20_mHO5_ch04,3.643690966667605,7.083333333333333,ready,,1.0
1600,gHO_sBM_cAll_d20_mHO5_ch04,3.660300266668315,7.083333333333333,ready,,1.0
1601,gHO_sBM_cAll_d20_mHO5_ch04,3.676932566669535,7.083333333333333,ready,,1.0
1602,gHO_sBM_cAll_d20_mHO5_ch04,3.693762166666972,7.083333333333333,ready,,1.0
1603,gHO_sBM_cAll_d20_mHO5_ch04,3.7103655666664124,7.083333333333333,ready,,1.0
1604,gHO_sBM_cAll_d20_mHO5_ch04,3.727362366667338,7.083333333333333,ready,,1.0
1605,gHO_sBM_cAll_d20_mHO5_ch04,3.744154266668747,7.083333333333333,ready,,1.0
1606,gHO_sBM_cAll_d20_mHO5_ch04,3.76033056666839,7.083333333333333,ready,,1.0
1607,gHO_sBM_cAll_d20_mHO5_ch04,3.777381566667292,7.083333333333333,ready,,1.0
1608,gHO_sBM_cAll_d20_mHO5_ch04,3.7939165666661316,7.083333333333333,ready,,1.0
1609,gHO_sBM_cAll_d20_mHO5_ch04,3.81052906666938,7.083333333333333,ready,,1.0
1610,gHO_sBM_cAll_d20_mHO5_ch04,3.8269680666684622,7.083333333333333,ready,,1.0
1611,gHO_sBM_cAll_d20_mHO5_ch04,3.843814766668778,7.083333333333333,ready,,1.0
1612,gHO_sBM_cAll_d20_mHO5_ch04,3.8604691666672935,7.083333333333333,ready,,1.0
1613,gHO_sBM_cAll_d20_mHO5_ch04,3.8773752666688006,7.083333333333333,ready,,1.0
1614,gHO_sBM_cAll_d20_mHO5_ch04,3.8936065666688733,7.083333333333333,ready,,1.0
1615,gHO_sBM_cAll_d20_mHO5_ch04,3.9103085666660413,7.083333333333333,ready,,1.0
1616,gHO_sBM_cAll_d20_mHO5_ch04,3.927015166669132,7.083333333333333,ready,,1.0
1617,gHO_sBM_cAll_d20_mHO5_ch04,3.943699966666298,7.083333333333333,ready,,1.0
1618,gHO_sBM_cAll_d20_mHO5_ch04,3.960494266667792,7.083333333333333,ready,,1.0
1619,gHO_sBM_cAll_d20_mHO5_ch04,3.9770335666666323,7.083333333333333,ready,,1.0
1620,gHO_sBM_cAll_d20_mHO5_ch04,3.994057466666546,7.083333333333333,ready,,1.0
1621,gHO_sBM_cAll_d20_mHO5_ch04,4.010717766666331,7.083333333333333,ready,,1.0
1622,gHO_sBM_cAll_d20_mHO5_ch04,4.027303966669406,7.083333333333333,ready,,1.0
1623,gHO_sBM_cAll_d20_mHO5_ch04,4.044028066667505,7.083333333333333,ready,,1.0
1624,gHO_sBM_cAll_d20_mHO5_ch04,4.0604521666695454,7.083333333333333,ready,,1.0
1625,gHO_sBM_cAll_d20_mHO5_ch04,4.077073066667633,7.083333333333333,ready,,1.0
1626,gHO_sBM_cAll_d20_mHO5_ch04,4.093734166666232,7.083333333333333,ready,,1.0
1627,gHO_sBM_cAll_d20_mHO5_ch04,4.110354066667619,7.083333333333333,ready,,1.0
1628,gHO_sBM_cAll_d20_mHO5_ch04,4.127089066668681,7.083333333333333,ready,,1.0
1629,gHO_sBM_cAll_d20_mHO5_ch04,4.143761866669059,7.083333333333333,ready,,1.0
1630,gHO_sBM_cAll_d20_mHO5_ch04,4.1603687666660445,7.083333333333333,ready,,1.0
1631,gHO_sBM_cAll_d20_mHO5_ch04,4.177017566669211,7.083333333333333,ready,,1.0
1632,gHO_sBM_cAll_d20_mHO5_ch04,4.193767866666722,7.083333333333333,ready,,1.0
1633,gHO_sBM_cAll_d20_mHO5_ch04,4.210505066666346,7.083333333333333,ready,,1.0
1634,gHO_sBM_cAll_d20_mHO5_ch04,4.2273129666695315,7.083333333333333,ready,,1.0
1635,gHO_sBM_cAll_d20_mHO5_ch04,4.2439950666679644,7.083333333333333,ready,,1.0
1636,gHO_sBM_cAll_d20_mHO5_ch04,4.260629466666984,7.083333333333333,ready,,1.0
1637,gHO_sBM_cAll_d20_mHO5_ch04,4.277314366668548,7.083333333333333,ready,,1.0
1638,gHO_sBM_cAll_d20_mHO5_ch04,4.29387686666942,7.083333333333333,ready,,1.0
1639,gHO_sBM_cAll_d20_mHO5_ch04,4.310414466666228,7.083333333333333,ready,,1.0
1640,gHO_sBM_cAll_d20_mHO5_ch04,4.326992266667187,7.083333333333333,ready,,1.0
1641,gHO_sBM_cAll_d20_mHO5_ch04,4.343604766666796,7.083333333333333,ready,,1.0
1642,gHO_sBM_cAll_d20_mHO5_ch04,4.3605113666684705,7.083333333333333,ready,,1.0
1643,gHO_sBM_cAll_d20_mHO5_ch04,4.377151066667829,7.083333333333333,ready,,1.0
1644,gHO_sBM_cAll_d20_mHO5_ch04,4.393691866667176,7.083333333333333,ready,,1.0
1645,gHO_sBM_cAll_d20_mHO5_ch04,4.41031046666594,7.083333333333333,ready,,1.0
1646,gHO_sBM_cAll_d20_mHO5_ch04,4.4269828666669095,7.083333333333333,ready,,1.0
1647,gHO_sBM_cAll_d20_mHO5_ch04,4.443720466665941,7.083333333333333,ready,,1.0
1648,gHO_sBM_cAll_d20_mHO5_ch04,4.460618266666092,7.083333333333333,ready,,1.0
1649,gHO_sBM_cAll_d20_mHO5_ch04,4.477309366667572,7.083333333333333,ready,,1.0
1650,gHO_sBM_cAll_d20_mHO5_ch04,4.493815966668437,7.083333333333333,ready,,1.0
1651,gHO_sBM_cAll_d20_mHO5_ch04,4.510612066669084,7.083333333333333,ready,,1.0
1652,gHO_sBM_cAll_d20_mHO5_ch04,4.527383666668712,7.083333333333333,ready,,1.0
1653,gHO_sBM_cAll_d20_mHO5_ch04,4.543958466668655,7.083333333333333,ready,,1.0
1654,gHO_sBM_cAll_d20_mHO5_ch04,4.560570566668856,7.083333333333333,ready,,1.0
1655,gHO_sBM_cAll_d20_mHO5_ch04,4.577274966666107,7.083333333333333,ready,,1.0
1656,gHO_sBM_cAll_d20_mHO5_ch04,4.59382896666774,7.083333333333333,ready,,1.0
1657,gHO_sBM_cAll_d20_mHO5_ch04,4.610506666669049,7.083333333333333,ready,,1.0
1658,gHO_sBM_cAll_d20_mHO5_ch04,4.627141566668238,7.083333333333333,ready,,1.0
1659,gHO_sBM_cAll_d20_mHO5_ch04,4.643690466667416,7.083333333333333,ready,,1.0
1660,gHO_sBM_cAll_d20_mHO5_ch04,4.660783966666152,7.083333333333333,ready,,1.0
1661,gHO_sBM_cAll_d20_mHO5_ch04,4.677157966668694,7.083333333333333,ready,,1.0
1662,gHO_sBM_cAll_d20_mHO5_ch04,4.693713366666435,7.083333333333333,ready,,1.0
1663,gHO_sBM_cAll_d20_mHO5_ch04,4.710363566669348,7.083333333333333,ready,,1.0
1664,gHO_sBM_cAll_d20_mHO5_ch04,4.727000866668622,7.083333333333333,ready,,1.0
1665,gHO_sBM_cAll_d20_mHO5_ch04,4.743679366668746,7.083333333333333,ready,,1.0
1666,gHO_sBM_cAll_d20_mHO5_ch04,4.760368166667265,7.083333333333333,ready,,1.0
1667,gHO_sBM_cAll_d20_mHO5_ch04,4.777270266667416,7.083333333333333,ready,,1.0
1668,gHO_sBM_cAll_d20_mHO5_ch04,4.793890866666857,7.083333333333333,ready,,1.0
1669,gHO_sBM_cAll_d20_mHO5_ch04,4.810556866666388,7.083333333333333,ready,,1.0
1670,gHO_sBM_cAll_d20_mHO5_ch04,4.827297666667958,7.083333333333333,ready,,1.0
1671,gHO_sBM_cAll_d20_mHO5_ch04,4.84390446666782,7.083333333333333,ready,,1.0
1672,gHO_sBM_cAll_d20_mHO5_ch04,4.860591566667946,7.083333333333333,ready,,1.0
1673,gHO_sBM_cAll_d20_mHO5_ch04,4.87730746666909,7.083333333333333,ready,,1.0
1674,gHO_sBM_cAll_d20_mHO5_ch04,4.89393116666667,7.083333333333333,ready,,1.0
1675,gHO_sBM_cAll_d20_mHO5_ch04,4.910755166668758,7.083333333333333,ready,,1.0
1676,gHO_sBM_cAll_d20_mHO5_ch04,4.926980966666967,7.083333333333333,ready,,1.0
1677,gHO_sBM_cAll_d20_mHO5_ch04,4.943903266668136,7.083333333333333,ready,,1.0
1678,gHO_sBM_cAll_d20_mHO5_ch04,4.960321966669076,7.083333333333333,ready,,1.0
1679,gHO_sBM_cAll_d20_mHO5_ch04,4.976936266667839,7.083333333333333,ready,,1.0
1680,gHO_sBM_cAll_d20_mHO5_ch04,4.993944766666903,7.083333333333333,ready,,1.0
1681,gHO_sBM_cAll_d20_mHO5_ch04,5.010527166666509,7.083333333333333,ready,,1.0
1682,gHO_sBM_cAll_d20_mHO5_ch04,5.026936766667278,7.083333333333333,ready,,1.0
1683,gHO_sBM_cAll_d20_mHO5_ch04,5.043646666666391,7.083333333333333,ready,,1.0
1684,gHO_sBM_cAll_d20_mHO5_ch04,5.060257666669131,7.083333333333333,ready,,1.0
1685,gHO_sBM_cAll_d20_mHO5_ch04,5.077027766668251,7.083333333333333,ready,,1.0
1686,gHO_sBM_cAll_d20_mHO5_ch04,5.093664466666594,7.083333333333333,ready,,1.0
1687,gHO_sBM_cAll_d20_mHO5_ch04,5.110244066666707,7.083333333333333,ready,,1.0
1688,gHO_sBM_cAll_d20_mHO5_ch04,5.1269673666659905,7.083333333333333,ready,,1.0
1689,gHO_sBM_cAll_d20_mHO5_ch04,5.143607366667633,7.083333333333333,ready,,1.0
1690,gHO_sBM_cAll_d20_mHO5_ch04,5.1607055666694155,7.083333333333333,ready,,1.0
1691,gHO_sBM_cAll_d20_mHO5_ch04,5.177378766669201,7.083333333333333,ready,,1.0
1692,gHO_sBM_cAll_d20_mHO5_ch04,5.193877866667528,7.083333333333333,ready,,1.0
1693,gHO_sBM_cAll_d20_mHO5_ch04,5.210575066668162,7.083333333333333,ready,,1.0
1694,gHO_sBM_cAll_d20_mHO5_ch04,5.227366566666523,7.083333333333333,ready,,1.0
1695,gHO_sBM_cAll_d20_mHO5_ch04,5.243626166667444,7.083333333333333,ready,,1.0
1696,gHO_sBM_cAll_d20_mHO5_ch04,5.260752166666268,7.083333333333333,ready,,1.0
1697,gHO_sBM_cAll_d20_mHO5_ch04,5.277384766666134,7.083333333333333,ready,,1.0
1698,gHO_sBM_cAll_d20_mHO5_ch04,5.293595566666541,7.083333333333333,ready,,1.0
1699,gHO_sBM_cAll_d20_mHO5_ch04,5.3103156666669245,7.083333333333333,ready,,1.0
1700,gHO_sBM_cAll_d20_mHO5_ch04,5.326951366668567,7.083333333333333,ready,,1.0
1701,gHO_sBM_cAll_d20_mHO5_ch04,5.343986966666619,7.083333333333333,ready,,1.0
1702,gHO_sBM_cAll_d20_mHO5_ch04,5.360606166666313,7.083333333333333,ready,,1.0
1703,gHO_sBM_cAll_d20_mHO5_ch04,5.377243966669394,7.083333333333333,ready,,1.0
1704,gHO_sBM_cAll_d20_mHO5_ch04,5.393844166666295,7.083333333333333,ready,,1.0
1705,gHO_sBM_cAll_d20_mHO5_ch04,5.410544166666422,7.083333333333333,ready,,1.0
1706,gHO_sBM_cAll_d20_mHO5_ch04,5.427372566669272,7.083333333333333,ready,,1.0
1707,gHO_sBM_cAll_d20_mHO5_ch04,5.443977566666342,7.083333333333333,ready,,1.0
1708,gHO_sBM_cAll_d20_mHO5_ch04,5.460596066667982,7.083333333333333,ready,,1.0
1709,gHO_sBM_cAll_d20_mHO5_ch04,5.477008566669006,7.083333333333333,ready,,1.0
1710,gHO_sBM_cAll_d20_mHO5_ch04,5.493860166666613,7.083333333333333,ready,,1.0
1711,gHO_sBM_cAll_d20_mHO5_ch04,5.510471166669352,7.083333333333333,ready,,1.0
1712,gHO_sBM_cAll_d20_mHO5_ch04,5.527376966668573,7.083333333333333,ready,,1.0
1713,gHO_sBM_cAll_d20_mHO5_ch04,5.543992266667675,7.083333333333333,ready,,1.0
1714,gHO_sBM_cAll_d20_mHO5_ch04,5.560593666666437,7.083333333333333,ready,,1.0
1715,gHO_sBM_cAll_d20_mHO5_ch04,5.577316066666143,7.083333333333333,ready,,1.0
1716,gHO_sBM_cAll_d20_mHO5_ch04,5.593770666667595,7.083333333333333,ready,,1.0
1717,gHO_sBM_cAll_d20_mHO5_ch04,5.610411866667461,7.083333333333333,ready,,1.0
1718,gHO_sBM_cAll_d20_mHO5_ch04,5.627031766668848,7.083333333333333,ready,,1.0
1719,gHO_sBM_cAll_d20_mHO5_ch04,5.644159766668349,7.083333333333333,ready,,1.0
1720,gHO_sBM_cAll_d20_mHO5_ch04,5.6607008666663425,7.083333333333333,ready,,1.0
1721,gHO_sBM_cAll_d20_mHO5_ch04,5.677029866668202,7.083333333333333,ready,,1.0
1722,gHO_sBM_cAll_d20_mHO5_ch04,5.6937155666685815,7.083333333333333,ready,,1.0
1723,gHO_sBM_cAll_d20_mHO5_ch04,5.710380766669297,7.083333333333333,ready,,1.0
1724,gHO_sBM_cAll_d20_mHO5_ch04,5.7271280666694295,7.083333333333333,ready,,1.0
1725,gHO_sBM_cAll_d20_mHO5_ch04,5.743779666668451,7.083333333333333,ready,,1.0
1726,gHO_sBM_cAll_d20_mHO5_ch04,5.760289366667456,7.083333333333333,ready,,1.0
1727,gHO_sBM_cAll_d20_mHO5_ch04,5.777082766669371,7.083333333333333,ready,,1.0
1728,gHO_sBM_cAll_d20_mHO5_ch04,5.793830566666035,7.083333333333333,ready,,1.0
1729,gHO_sBM_cAll_d20_mHO5_ch04,5.810373166668174,7.083333333333333,ready,,1.0
1730,gHO_sBM_cAll_d20_mHO5_ch04,5.827086566668472,7.083333333333333,ready,,1.0
1731,gHO_sBM_cAll_d20_mHO5_ch04,5.843719666668506,7.083333333333333,ready,,1.0
1732,gHO_sBM_cAll_d20_mHO5_ch04,5.860381966668967,7.083333333333333,ready,,1.0
1733,gHO_sBM_cAll_d20_mHO5_ch04,5.8773091666674295,7.083333333333333,ready,,1.0
1734,gHO_sBM_cAll_d20_mHO5_ch04,5.893923766668477,7.083333333333333,ready,,1.0
1735,gHO_sBM_cAll_d20_mHO5_ch04,5.910529066667832,7.083333333333333,ready,,1.0
1736,gHO_sBM_cAll_d20_mHO5_ch04,5.927141166668033,7.083333333333333,ready,,1.0
1737,gHO_sBM_cAll_d20_mHO5_ch04,5.9437828666680685,7.083333333333333,ready,,1.0
1738,gHO_sBM_cAll_d20_mHO5_ch04,5.960697866668221,7.083333333333333,ready,,1.0
1739,gHO_sBM_cAll_d20_mHO5_ch04,5.977399166667333,7.083333333333333,ready,,1.0
1740,gHO_sBM_cAll_d20_mHO5_ch04,5.993987266666686,7.083333333333333,ready,,1.0
1741,gHO_sBM_cAll_d20_mHO5_ch04,6.010659266668248,7.083333333333333,ready,,1.0
1742,gHO_sBM_cAll_d20_mHO5_ch04,6.026995066667316,7.083333333333333,ready,,1.0
1743,gHO_sBM_cAll_d20_mHO5_ch04,6.043692266667951,7.083333333333333,ready,,1.0
1744,gHO_sBM_cAll_d20_mHO5_ch04,6.060324766667055,7.083333333333333,ready,,1.0
1745,gHO_sBM_cAll_d20_mHO5_ch04,6.0771965666693175,7.083333333333333,ready,,1.0
1746,gHO_sBM_cAll_d20_mHO5_ch04,6.09388346666792,7.083333333333333,ready,,1.0
1747,gHO_sBM_cAll_d20_mHO5_ch04,6.110530566669056,7.083333333333333,ready,,1.0
1748,gHO_sBM_cAll_d20_mHO5_ch04,6.127367766666154,7.083333333333333,ready,,1.0
1749,gHO_sBM_cAll_d20_mHO5_ch04,6.144014466667882,7.083333333333333,ready,,1.0
1750,gHO_sBM_cAll_d20_mHO5_ch04,6.160662766667242,7.083333333333333,ready,,1.0
1751,gHO_sBM_cAll_d20_mHO5_ch04,6.176913366668754,7.083333333333333,ready,,1.0
1752,gHO_sBM_cAll_d20_mHO5_ch04,6.194030466668931,7.083333333333333,ready,,1.0
1753,gHO_sBM_cAll_d20_mHO5_ch04,6.210364166666561,7.083333333333333,ready,,0.9999136840594338
1754,gHO_sBM_cAll_d20_mHO5_ch04,6.227371066667994,7.083333333333333,ready,,0.9984912955442526
1755,gHO_sBM_cAll_d20_mHO5_ch04,6.243967166666416,7.083333333333333,ready,,0.9940658393919442
1756,gHO_sBM_cAll_d20_mHO5_ch04,6.260594766668227,7.083333333333333,ready,,0.985279740379585
1757,gHO_sBM_cAll_d20_mHO5_ch04,6.277289266666492,7.083333333333333,ready,,0.9710988822296837
1758,gHO_sBM_cAll_d20_mHO5_ch04,6.2935716666664,7.083333333333333,ready,,0.9514789716899039
1759,gHO_sBM_cAll_d20_mHO5_ch04,6.310407666668913,7.083333333333333,ready,,0.924844041654902
1760,gHO_sBM_cAll_d20_mHO5_ch04,6.327000866667081,7.083333333333333,ready,,0.8922188398868752
1761,gHO_sBM_cAll_d20_mHO5_ch04,6.343615066668721,7.083333333333333,ready,,0.85339834587879
1762,gHO_sBM_cAll_d20_mHO5_ch04,6.360664766668636,7.083333333333333,ready,,0.8075810013261713
1763,gHO_sBM_cAll_d20_mHO5_ch04,6.377250066668496,7.083333333333333,ready,,0.7578021943574603
1764,gHO_sBM_cAll_d20_mHO5_ch04,6.393630766667485,7.083333333333333,ready,,0.704329389685311
1765,gHO_sBM_cAll_d20_mHO5_ch04,6.410721166668082,7.083333333333333,ready,,0.6448895588335795
1766,gHO_sBM_cAll_d20_mHO5_ch04,6.427298166666587,7.083333333333333,ready,,0.5846650360335977
1767,gHO_sBM_cAll_d20_mHO5_ch04,6.443944266667384,7.083333333333333,ready,,0.5227001185495542
1768,gHO_sBM_cAll_d20_mHO5_ch04,6.460598266666491,7.083333333333333,ready,,0.46030409160066915
1769,gHO_sBM_cAll_d20_mHO5_ch04,6.477366366668572,7.083333333333333,ready,,0.3981929845573869
1770,gHO_sBM_cAll_d20_mHO5_ch04,6.49397136666928,7.083333333333333,ready,,0.33847652620141044
1771,gHO_sBM_cAll_d20_mHO5_ch04,6.510310366667249,7.083333333333333,ready,,0.2824576973376755
1772,gHO_sBM_cAll_d20_mHO5_ch04,6.526992766667966,7.083333333333333,ready,,0.22901384060615465
1773,gHO_sBM_cAll_d20_mHO5_ch04,6.54402846666678,7.083333333333333,ready,,0.17923557227092946
1774,gHO_sBM_cAll_d20_mHO5_ch04,6.560719266665975,7.083333333333333,ready,,0.13589936355711937
1775,gHO_sBM_cAll_d20_mHO5_ch04,6.577027866668932,7.083333333333333,ready,,0.09928443783648486
1776,gHO_sBM_cAll_d20_mHO5_ch04,6.594001966667992,7.083333333333333,ready,,0.06754793300199144
1777,gHO_sBM_cAll_d20_mHO5_ch04,6.61074146666694,7.083333333333333,ready,,0.042744364180329265
1778,gHO_sBM_cAll_d20_mHO5_ch04,6.6269230666669205,7.083333333333333,ready,,0.02477563540981703
1779,gHO_sBM_cAll_d20_mHO5_ch04,6.6436342666686565,7.083333333333333,ready,,0.012013040826796263
1780,gHO_sBM_cAll_d20_mHO5_ch04,6.66031046666582,7.083333333333333,ready,,0.004425067433188004
1781,gHO_sBM_cAll_d20_mHO5_ch04,6.677104866668073,7.083333333333333,ready,,0.0008953692851207973
1782,gHO_sBM_cAll_d20_mHO5_ch04,6.6940633666684,7.083333333333333,ready,,1.6441582532445364e-05
1783,gHO_sBM_cAll_d20_mHO5_ch04,6.7,7.083333333333333,executing,switch_start,0.0
1784,gHO_sBM_cAll_d20_mHO5_ch04,6.7,7.083333333333333,executing,,0.0
1785,gHO_sBM_cAll_d20_mHO5_ch04,6.7,7.083333333333333,executing,,0.0
1786,gHO_sBM_cAll_d20_mHO5_ch04,6.7,7.083333333333333,executing,,0.0
1787,gHO_sBM_cAll_d20_mHO5_ch04,6.7,7.083333333333333,executing,,0.0
1788,gHO_sBM_cAll_d20_mHO5_ch04,6.7,7.083333333333333,executing,,0.0
1789,gHO_sBM_cAll_d20_mHO5_ch04,6.7,7.083333333333333,executing,,0.0
1790,gHO_sBM_cAll_d20_mHO5_ch04,6.7,7.083333333333333,executing,,0.0
1791,gHO_sBM_cAll_d20_mHO5_ch04,6.7,7.083333333333333,executing,,0.0
1792,gHO_sBM_cAll_d20_mHO5_ch04,6.7,7.083333333333333,executing,,0.0
1793,gHO_sBM_cAll_d20_mHO5_ch04,6.7,7.083333333333333,executing,,0.0
1794,gHO_sBM_cAll_d20_mHO5_ch04,6.7,7.083333333333333,executing,,0.0
1795,gHO_sBM_cAll_d20_mHO5_ch04,6.7,7.083333333333333,executing,,0.0
1796,gHO_sBM_cAll_d20_mHO5_ch04,6.7,7.083333333333333,executing,,0.0
1797,gHO_sBM_cAll_d20_mHO5_ch04,6.7,7.083333333333333,executing,,0.0
1798,gHO_sBM_cAll_d20_mHO5_ch04,6.7,7.083333333333333,executing,,0.0
1799,gHO_sBM_cAll_d20_mHO5_ch04,6.7,7.083333333333333,executing,,0.0
1800,gHO_sBM_cAll_d20_mHO5_ch04,6.7,7.083333333333333,executing,,0.0
1801,gHO_sBM_cAll_d20_mHO5_ch04,6.7,7.083333333333333,executing,,0.0
1802,gHO_sBM_cAll_d20_mHO5_ch04,6.7,7.083333333333333,executing,,0.0
1803,gHO_sBM_cAll_d20_mHO5_ch04,6.7,7.083333333333333,executing,,0.0
1804,gHO_sBM_cAll_d20_mHO5_ch05,1.027071433338521,7.083333333333333,awaiting_preparation,switch_complete,8.732351374577295e-05
1805,gHO_sBM_cAll_d20_mHO5_ch05,1.0437427333383917,7.083333333333333,loading,,0.0014617909146898728
1806,gHO_sBM_cAll_d20_mHO5_ch05,1.0607488333373718,7.083333333333333,loading,,0.005978648732332386
1807,gHO_sBM_cAll_d20_mHO5_ch05,1.077302533336721,7.083333333333333,loading,,0.01474824734979526
1808,gHO_sBM_cAll_d20_mHO5_ch05,1.0938177333375885,7.083333333333333,loading,,0.028759711296382974
1809,gHO_sBM_cAll_d20_mHO5_ch05,1.110515833337801,7.083333333333333,loading,,0.048907200844830606
1810,gHO_sBM_cAll_d20_mHO5_ch05,1.1270388333362158,7.083333333333333,loading,,0.07509291797336719
1811,gHO_sBM_cAll_d20_mHO5_ch05,1.143861833337966,7.083333333333333,loading,,0.10820015715390885
1812,gHO_sBM_cAll_d20_mHO5_ch05,1.160508033335888,7.083333333333333,loading,,0.14717129700567147
1813,gHO_sBM_cAll_d20_mHO5_ch05,1.1771384333371921,7.083333333333333,loading,,0.19186863111711194
1814,gHO_sBM_cAll_d20_mHO5_ch05,1.1940573333379385,7.083333333333333,loading,,0.24263969840935326
1815,gHO_sBM_cAll_d20_mHO5_ch05,1.2104988333378666,7.083333333333333,loading,,0.2963512789723075
1816,gHO_sBM_cAll_d20_mHO5_ch05,1.2270163333380575,7.083333333333333,loading,,0.35378588283468576
1817,gHO_sBM_cAll_d20_mHO5_ch05,1.243894733336007,7.083333333333333,loading,,0.41507641971165854
1818,gHO_sBM_cAll_d20_mHO5_ch05,1.2605445333358754,7.083333333333333,loading,,0.4770511767870516
1819,gHO_sBM_cAll_d20_mHO5_ch05,1.2771464333384452,7.083333333333333,loading,,0.5392531114600195
1820,gHO_sBM_cAll_d20_mHO5_ch05,1.293667433336183,7.083333333333333,loading,,0.6004682433218412
1821,gHO_sBM_cAll_d20_mHO5_ch05,1.3102965333385024,7.083333333333333,preparing,,0.6603202623999199
1822,gHO_sBM_cAll_d20_mHO5_ch05,1.3269329333381998,7.083333333333333,preparing,,0.7173956031128533
1823,gHO_sBM_cAll_d20_mHO5_ch05,1.3439104333376841,7.083333333333333,preparing,,0.7717568014483944
1824,gHO_sBM_cAll_d20_mHO5_ch05,1.3605616333372987,7.083333333333333,preparing,,0.820395250408762
1825,gHO_sBM_cAll_d20_mHO5_ch05,1.3773231333364189,7.083333333333333,preparing,,0.8639484164141497
1826,gHO_sBM_cAll_d20_mHO5_ch05,1.3936752333359133,7.083333333333333,preparing,,0.9006757299191878
1827,gHO_sBM_cAll_d20_mHO5_ch05,1.410697333336672,7.083333333333333,preparing,,0.9325001132584928
1828,gHO_sBM_cAll_d20_mHO5_ch05,1.4270830333373548,7.083333333333333,preparing,,0.9568349465596655
1829,gHO_sBM_cAll_d20_mHO5_ch05,1.443741433337224,7.083333333333333,preparing,,0.9753658686938484
1830,gHO_sBM_cAll_d20_mHO5_ch05,1.46044293333786,7.083333333333333,preparing,,0.9880720111480632
1831,gHO_sBM_cAll_d20_mHO5_ch05,1.4770717333378949,7.083333333333333,preparing,,0.9956051786893123
1832,gHO_sBM_cAll_d20_mHO5_ch05,1.4941185333375566,7.083333333333333,preparing,,0.9991438076229698
1833,gHO_sBM_cAll_d20_mHO5_ch05,1.5105108333375634,7.083333333333333,preparing,,0.9999816812655093
1834,gHO_sBM_cAll_d20_mHO5_ch05,1.52713603333929,7.083333333333333,preparing,,1.0
1835,gHO_sBM_cAll_d20_mHO5_ch05,1.5440320333366495,7.083333333333333,preparing,,1.0
1836,gHO_sBM_cAll_d20_mHO5_ch05,1.560615133337948,7.083333333333333,preparing,,1.0
1837,gHO_sBM_cAll_d20_mHO5_ch05,1.5771925333358618,7.083333333333333,preparing,,1.0
1838,gHO_sBM_cAll_d20_mHO5_ch05,1.5937483333366496,7.083333333333333,preparing,,1.0
1839,gHO_sBM_cAll_d20_mHO5_ch05,1.6104476333387234,7.083333333333333,preparing,,1.0
1840,gHO_sBM_cAll_d20_mHO5_ch05,1.6271664333364848,7.083333333333333,preparing,,1.0
1841,gHO_sBM_cAll_d20_mHO5_ch05,1.6439864333372194,7.083333333333333,preparing,,1.0
1842,gHO_sBM_cAll_d20_mHO5_ch05,1.660579433337504,7.083333333333333,preparing,,1.0
1843,gHO_sBM_cAll_d20_mHO5_ch05,1.6771652333375338,7.083333333333333,preparing,,1.0
1844,gHO_sBM_cAll_d20_mHO5_ch05,1.6936944333358648,7.083333333333333,preparing,,1.0
1845,gHO_sBM_cAll_d20_mHO5_ch05,1.7104611333382005,7.083333333333333,preparing,,1.0
1846,gHO_sBM_cAll_d20_mHO5_ch05,1.7270366333361986,7.083333333333333,preparing,,1.0
1847,gHO_sBM_cAll_d20_mHO5_ch05,1.7436707333365726,7.083333333333333,preparing,,1.0
1848,gHO_sBM_cAll_d20_mHO5_ch05,1.7605164333365488,7.083333333333333,preparing,,1.0
1849,gHO_sBM_cAll_d20_mHO5_ch05,1.7773160333383808,7.083333333333333,preparing,,1.0
1850,gHO_sBM_cAll_d20_mHO5_ch05,1.7936705333379601,7.083333333333333,preparing,,1.0
1851,gHO_sBM_cAll_d20_mHO5_ch05,1.810285433337655,7.083333333333333,ready,,1.0
1852,gHO_sBM_cAll_d20_mHO5_ch05,1.8269647333365961,7.083333333333333,ready,,1.0
1853,gHO_sBM_cAll_d20_mHO5_ch05,1.8435802333372218,7.083333333333333,ready,,1.0
1854,gHO_sBM_cAll_d20_mHO5_ch05,1.860282933336081,7.083333333333333,ready,,1.0
1855,gHO_sBM_cAll_d20_mHO5_ch05,1.876938633337219,7.083333333333333,ready,,1.0
1856,gHO_sBM_cAll_d20_mHO5_ch05,1.8936279333359076,7.083333333333333,ready,,1.0
1857,gHO_sBM_cAll_d20_mHO5_ch05,1.9102551333383113,7.083333333333333,ready,,1.0
1858,gHO_sBM_cAll_d20_mHO5_ch05,1.9269597333370863,7.083333333333333,ready,,1.0
1859,gHO_sBM_cAll_d20_mHO5_ch05,1.9439804333380986,7.083333333333333,ready,,1.0
1860,gHO_sBM_cAll_d20_mHO5_ch05,1.9606738333389027,7.083333333333333,ready,,1.0
1861,gHO_sBM_cAll_d20_mHO5_ch05,1.9771884333388394,7.083333333333333,ready,,1.0
1862,gHO_sBM_cAll_d20_mHO5_ch05,1.9938066333381963,7.083333333333333,ready,,1.0
1863,gHO_sBM_cAll_d20_mHO5_ch05,2.010543033339006,7.083333333333333,ready,,1.0
1864,gHO_sBM_cAll_d20_mHO5_ch05,2.0271368333381066,7.083333333333333,ready,,1.0
1865,gHO_sBM_cAll_d20_mHO5_ch05,2.043856333337561,7.083333333333333,ready,,1.0
1866,gHO_sBM_cAll_d20_mHO5_ch05,2.0604554333370007,7.083333333333333,ready,,1.0
1867,gHO_sBM_cAll_d20_mHO5_ch05,2.0771558333365374,7.083333333333333,ready,,1.0
1868,gHO_sBM_cAll_d20_mHO5_ch05,2.093808033336491,7.083333333333333,ready,,1.0
1869,gHO_sBM_cAll_d20_mHO5_ch05,2.110357833338886,7.083333333333333,ready,,1.0
1870,gHO_sBM_cAll_d20_mHO5_ch05,2.1271348333359783,7.083333333333333,ready,,1.0
1871,gHO_sBM_cAll_d20_mHO5_ch05,2.143842233337885,7.083333333333333,ready,,1.0
1872,gHO_sBM_cAll_d20_mHO5_ch05,2.160474033338936,7.083333333333333,ready,,1.0
1873,gHO_sBM_cAll_d20_mHO5_ch05,2.177258733336452,7.083333333333333,ready,,1.0
1874,gHO_sBM_cAll_d20_mHO5_ch05,2.1939304333357317,7.083333333333333,ready,,1.0
1875,gHO_sBM_cAll_d20_mHO5_ch05,2.210531933338894,7.083333333333333,ready,,1.0
1876,gHO_sBM_cAll_d20_mHO5_ch05,2.227147133337236,7.083333333333333,ready,,1.0
1877,gHO_sBM_cAll_d20_mHO5_ch05,2.2436977333384465,7.083333333333333,ready,,1.0
1878,gHO_sBM_cAll_d20_mHO5_ch05,2.2607847333386215,7.083333333333333,ready,,1.0
1879,gHO_sBM_cAll_d20_mHO5_ch05,2.2769711333387734,7.083333333333333,ready,,1.0
1880,gHO_sBM_cAll_d20_mHO5_ch05,2.2938653333369796,7.083333333333333,ready,,1.0
1881,gHO_sBM_cAll_d20_mHO5_ch05,2.3104197333380214,7.083333333333333,ready,,1.0
1882,gHO_sBM_cAll_d20_mHO5_ch05,2.3268829333358374,7.083333333333333,ready,,1.0
1883,gHO_sBM_cAll_d20_mHO5_ch05,2.343670833335892,7.083333333333333,ready,,1.0
1884,gHO_sBM_cAll_d20_mHO5_ch05,2.3603157333384677,7.083333333333333,ready,,1.0
1885,gHO_sBM_cAll_d20_mHO5_ch05,2.377336633337366,7.083333333333333,ready,,1.0
1886,gHO_sBM_cAll_d20_mHO5_ch05,2.393588533337864,7.083333333333333,ready,,1.0
1887,gHO_sBM_cAll_d20_mHO5_ch05,2.410800933336108,7.083333333333333,ready,,1.0
1888,gHO_sBM_cAll_d20_mHO5_ch05,2.426981433338628,7.083333333333333,ready,,1.0
1889,gHO_sBM_cAll_d20_mHO5_ch05,2.4437476333371575,7.083333333333333,ready,,1.0
1890,gHO_sBM_cAll_d20_mHO5_ch05,2.4603770333381236,7.083333333333333,ready,,1.0
1891,gHO_sBM_cAll_d20_mHO5_ch05,2.4769316333370504,7.083333333333333,ready,,1.0
1892,gHO_sBM_cAll_d20_mHO5_ch05,2.493896433338057,7.083333333333333,ready,,1.0
1893,gHO_sBM_cAll_d20_mHO5_ch05,2.510395833338669,7.083333333333333,ready,,1.0
1894,gHO_sBM_cAll_d20_mHO5_ch05,2.5273207333378096,7.083333333333333,ready,,1.0
1895,gHO_sBM_cAll_d20_mHO5_ch05,2.544023233338785,7.083333333333333,ready,,1.0
1896,gHO_sBM_cAll_d20_mHO5_ch05,2.5606798333358625,7.083333333333333,ready,,1.0
1897,gHO_sBM_cAll_d20_mHO5_ch05,2.5773688333359055,7.083333333333333,ready,,1.0
1898,gHO_sBM_cAll_d20_mHO5_ch05,2.593601833338009,7.083333333333333,ready,,1.0
1899,gHO_sBM_cAll_d20_mHO5_ch05,2.610251333339231,7.083333333333333,ready,,1.0
1900,gHO_sBM_cAll_d20_mHO5_ch05,2.627189933337189,7.083333333333333,ready,,1.0
1901,gHO_sBM_cAll_d20_mHO5_ch05,2.6439663333369885,7.083333333333333,ready,,1.0
1902,gHO_sBM_cAll_d20_mHO5_ch05,2.660596233338124,7.083333333333333,ready,,1.0
1903,gHO_sBM_cAll_d20_mHO5_ch05,2.6773030333390997,7.083333333333333,ready,,1.0
1904,gHO_sBM_cAll_d20_mHO5_ch05,2.6939759333366027,7.083333333333333,ready,,1.0
1905,gHO_sBM_cAll_d20_mHO5_ch05,2.710655733335714,7.083333333333333,ready,,1.0
1906,gHO_sBM_cAll_d20_mHO5_ch05,2.727182233338952,7.083333333333333,ready,,1.0
1907,gHO_sBM_cAll_d20_mHO5_ch05,2.7439819333379085,7.083333333333333,ready,,1.0
1908,gHO_sBM_cAll_d20_mHO5_ch05,2.760597533339296,7.083333333333333,ready,,1.0
1909,gHO_sBM_cAll_d20_mHO5_ch05,2.7772654333387443,7.083333333333333,ready,,1.0
1910,gHO_sBM_cAll_d20_mHO5_ch05,2.793909533338866,7.083333333333333,ready,,1.0
1911,gHO_sBM_cAll_d20_mHO5_ch05,2.8104439333367752,7.083333333333333,ready,,1.0
1912,gHO_sBM_cAll_d20_mHO5_ch05,2.827185133337755,7.083333333333333,ready,,1.0
1913,gHO_sBM_cAll_d20_mHO5_ch05,2.843906933336533,7.083333333333333,ready,,1.0
1914,gHO_sBM_cAll_d20_mHO5_ch05,2.8605013333365643,7.083333333333333,ready,,1.0
1915,gHO_sBM_cAll_d20_mHO5_ch05,2.877237433338728,7.083333333333333,ready,,1.0
1916,gHO_sBM_cAll_d20_mHO5_ch05,2.8939622333385215,7.083333333333333,ready,,1.0
1917,gHO_sBM_cAll_d20_mHO5_ch05,2.910648933339241,7.083333333333333,ready,,1.0
1918,gHO_sBM_cAll_d20_mHO5_ch05,2.9272444333367345,7.083333333333333,ready,,1.0
1919,gHO_sBM_cAll_d20_mHO5_ch05,2.943860933337699,7.083333333333333,ready,,1.0
1920,gHO_sBM_cAll_d20_mHO5_ch05,2.960403233337555,7.083333333333333,ready,,1.0
1921,gHO_sBM_cAll_d20_mHO5_ch05,2.976997533336825,7.083333333333333,ready,,1.0
1922,gHO_sBM_cAll_d20_mHO5_ch05,2.993642133337116,7.083333333333333,ready,,1.0
1923,gHO_sBM_cAll_d20_mHO5_ch05,3.0102678333390123,7.083333333333333,ready,,1.0
1924,gHO_sBM_cAll_d20_mHO5_ch05,3.0273628333382576,7.083333333333333,ready,,1.0
1925,gHO_sBM_cAll_d20_mHO5_ch05,3.0436429333388437,7.083333333333333,ready,,1.0
1926,gHO_sBM_cAll_d20_mHO5_ch05,3.0606618333370648,7.083333333333333,ready,,1.0
1927,gHO_sBM_cAll_d20_mHO5_ch05,3.077359033337701,7.083333333333333,ready,,1.0
1928,gHO_sBM_cAll_d20_mHO5_ch05,3.0939720333374807,7.083333333333333,ready,,1.0
1929,gHO_sBM_cAll_d20_mHO5_ch05,3.1106533333371,7.083333333333333,ready,,1.0
1930,gHO_sBM_cAll_d20_mHO5_ch05,3.1272740333373035,7.083333333333333,ready,,1.0
1931,gHO_sBM_cAll_d20_mHO5_ch05,3.1438696333391962,7.083333333333333,ready,,1.0
1932,gHO_sBM_cAll_d20_mHO5_ch05,3.1604598333363505,7.083333333333333,ready,,1.0
1933,gHO_sBM_cAll_d20_mHO5_ch05,3.1769689333380637,7.083333333333333,ready,,1.0
1934,gHO_sBM_cAll_d20_mHO5_ch05,3.1940129333382337,7.083333333333333,ready,,1.0
1935,gHO_sBM_cAll_d20_mHO5_ch05,3.2104499333366388,7.083333333333333,ready,,1.0
1936,gHO_sBM_cAll_d20_mHO5_ch05,3.2272135333371983,7.083333333333333,ready,,1.0
1937,gHO_sBM_cAll_d20_mHO5_ch05,3.243847733338334,7.083333333333333,ready,,1.0
1938,gHO_sBM_cAll_d20_mHO5_ch05,3.260331133337168,7.083333333333333,ready,,1.0
1939,gHO_sBM_cAll_d20_mHO5_ch05,3.2769337333377924,7.083333333333333,ready,,1.0
1940,gHO_sBM_cAll_d20_mHO5_ch05,3.293944633336943,7.083333333333333,ready,,1.0
1941,gHO_sBM_cAll_d20_mHO5_ch05,3.3106647333373282,7.083333333333333,ready,,1.0
1942,gHO_sBM_cAll_d20_mHO5_ch05,3.3273732333366968,7.083333333333333,ready,,1.0
1943,gHO_sBM_cAll_d20_mHO5_ch05,3.3439648333372354,7.083333333333333,ready,,1.0
1944,gHO_sBM_cAll_d20_mHO5_ch05,3.3602672333366397,7.083333333333333,ready,,1.0
1945,gHO_sBM_cAll_d20_mHO5_ch05,3.3769399333362577,7.083333333333333,ready,,1.0
1946,gHO_sBM_cAll_d20_mHO5_ch05,3.3935793333369713,7.083333333333333,ready,,1.0
1947,gHO_sBM_cAll_d20_mHO5_ch05,3.4106915333362187,7.083333333333333,ready,,1.0
1948,gHO_sBM_cAll_d20_mHO5_ch05,3.4270273333389265,7.083333333333333,ready,,1.0
1949,gHO_sBM_cAll_d20_mHO5_ch05,3.4438560333367865,7.083333333333333,ready,,1.0
1950,gHO_sBM_cAll_d20_mHO5_ch05,3.460551333337507,7.083333333333333,ready,,1.0
1951,gHO_sBM_cAll_d20_mHO5_ch05,3.477106233338718,7.083333333333333,ready,,1.0
1952,gHO_sBM_cAll_d20_mHO5_ch05,3.4940467333365914,7.083333333333333,ready,,1.0
1953,gHO_sBM_cAll_d20_mHO5_ch05,3.5105514333375427,7.083333333333333,ready,,1.0
1954,gHO_sBM_cAll_d20_mHO5_ch05,3.5270890333379903,7.083333333333333,ready,,1.0
1955,gHO_sBM_cAll_d20_mHO5_ch05,3.543802633336175,7.083333333333333,ready,,1.0
1956,gHO_sBM_cAll_d20_mHO5_ch05,3.56025683333822,7.083333333333333,ready,,1.0
1957,gHO_sBM_cAll_d20_mHO5_ch05,3.5775198333361318,7.083333333333333,ready,,1.0
1958,gHO_sBM_cAll_d20_mHO5_ch05,3.5935990333385552,7.083333333333333,ready,,1.0
1959,gHO_sBM_cAll_d20_mHO5_ch05,3.6103630333385226,7.083333333333333,ready,,1.0
1960,gHO_sBM_cAll_d20_mHO5_ch05,3.6269362333371977,7.083333333333333,ready,,1.0
1961,gHO_sBM_cAll_d20_mHO5_ch05,3.6440026333369473,7.083333333333333,ready,,1.0
1962,gHO_sBM_cAll_d20_mHO5_ch05,3.6605044333376444,7.083333333333333,ready,,1.0
1963,gHO_sBM_cAll_d20_mHO5_ch05,3.6770930333371674,7.083333333333333,ready,,1.0
1964,gHO_sBM_cAll_d20_mHO5_ch05,3.693989333336812,7.083333333333333,ready,,1.0
1965,gHO_sBM_cAll_d20_mHO5_ch05,3.710538233335992,7.083333333333333,ready,,1.0
1966,gHO_sBM_cAll_d20_mHO5_ch05,3.7273011333384973,7.083333333333333,ready,,1.0
1967,gHO_sBM_cAll_d20_mHO5_ch05,3.7436195333360422,7.083333333333333,ready,,1.0
1968,gHO_sBM_cAll_d20_mHO5_ch05,3.760701433337401,7.083333333333333,ready,,1.0
1969,gHO_sBM_cAll_d20_mHO5_ch05,3.7773053333370106,7.083333333333333,ready,,1.0
1970,gHO_sBM_cAll_d20_mHO5_ch05,3.7939998333389156,7.083333333333333,ready,,1.0
1971,gHO_sBM_cAll_d20_mHO5_ch05,3.8105339333381782,7.083333333333333,ready,,1.0
1972,gHO_sBM_cAll_d20_mHO5_ch05,3.827250833336025,7.083333333333333,ready,,1.0
1973,gHO_sBM_cAll_d20_mHO5_ch05,3.8437479333373137,7.083333333333333,ready,,1.0
1974,gHO_sBM_cAll_d20_mHO5_ch05,3.8603851333358272,7.083333333333333,ready,,1.0
1975,gHO_sBM_cAll_d20_mHO5_ch05,3.8770757333371395,7.083333333333333,ready,,1.0
1976,gHO_sBM_cAll_d20_mHO5_ch05,3.8938041333388793,7.083333333333333,ready,,1.0
1977,gHO_sBM_cAll_d20_mHO5_ch05,3.910334733336957,7.083333333333333,ready,,1.0
1978,gHO_sBM_cAll_d20_mHO5_ch05,3.9269333333362275,7.083333333333333,ready,,1.0
1979,gHO_sBM_cAll_d20_mHO5_ch05,3.943802933336292,7.083333333333333,ready,,1.0
1980,gHO_sBM_cAll_d20_mHO5_ch05,3.9604863333373497,7.083333333333333,ready,,1.0
1981,gHO_sBM_cAll_d20_mHO5_ch05,3.9770478333378847,7.083333333333333,ready,,1.0
1982,gHO_sBM_cAll_d20_mHO5_ch05,3.9937097333389393,7.083333333333333,ready,,1.0
1983,gHO_sBM_cAll_d20_mHO5_ch05,4.010806033337168,7.083333333333333,ready,,1.0
1984,gHO_sBM_cAll_d20_mHO5_ch05,4.027356733339139,7.083333333333333,ready,,1.0
1985,gHO_sBM_cAll_d20_mHO5_ch05,4.043710133337617,7.083333333333333,ready,,1.0
1986,gHO_sBM_cAll_d20_mHO5_ch05,4.060367433336386,7.083333333333333,ready,,1.0
1987,gHO_sBM_cAll_d20_mHO5_ch05,4.076989733337857,7.083333333333333,ready,,1.0
1988,gHO_sBM_cAll_d20_mHO5_ch05,4.093644633336541,7.083333333333333,ready,,1.0
1989,gHO_sBM_cAll_d20_mHO5_ch05,4.110256433338096,7.083333333333333,ready,,1.0
1990,gHO_sBM_cAll_d20_mHO5_ch05,4.127391833335737,7.083333333333333,ready,,1.0
1991,gHO_sBM_cAll_d20_mHO5_ch05,4.144045533336197,7.083333333333333,ready,,1.0
1992,gHO_sBM_cAll_d20_mHO5_ch05,4.16072983333683,7.083333333333333,ready,,1.0
1993,gHO_sBM_cAll_d20_mHO5_ch05,4.1773872333363595,7.083333333333333,ready,,1.0
1994,gHO_sBM_cAll_d20_mHO5_ch05,4.193928933338921,7.083333333333333,ready,,1.0
1995,gHO_sBM_cAll_d20_mHO5_ch05,4.210519333337597,7.083333333333333,ready,,1.0
1996,gHO_sBM_cAll_d20_mHO5_ch05,4.227322333336214,7.083333333333333,ready,,1.0
1997,gHO_sBM_cAll_d20_mHO5_ch05,4.24391383333599,7.083333333333333,ready,,1.0
1998,gHO_sBM_cAll_d20_mHO5_ch05,4.260544733337462,7.083333333333333,ready,,1.0
1999,gHO_sBM_cAll_d20_mHO5_ch05,4.27708023333647,7.083333333333333,ready,,1.0
2000,gHO_sBM_cAll_d20_mHO5_ch05,4.293743833335916,7.083333333333333,ready,,1.0
2001,gHO_sBM_cAll_d20_mHO5_ch05,4.31071933333836,7.083333333333333,ready,,1.0
2002,gHO_sBM_cAll_d20_mHO5_ch05,4.327369833336282,7.083333333333333,ready,,1.0
2003,gHO_sBM_cAll_d20_mHO5_ch05,4.34386273333833,7.083333333333333,ready,,1.0
2004,gHO_sBM_cAll_d20_mHO5_ch05,4.360483733337179,7.083333333333333,ready,,1.0
2005,gHO_sBM_cAll_d20_mHO5_ch05,4.377207733338155,7.083333333333333,ready,,1.0
2006,gHO_sBM_cAll_d20_mHO5_ch05,4.394078633337203,7.083333333333333,ready,,1.0
2007,gHO_sBM_cAll_d20_mHO5_ch05,4.410593133336377,7.083333333333333,ready,,1.0
2008,gHO_sBM_cAll_d20_mHO5_ch05,4.427265133337939,7.083333333333333,ready,,1.0
2009,gHO_sBM_cAll_d20_mHO5_ch05,4.4439669333372205,7.083333333333333,ready,,1.0
2010,gHO_sBM_cAll_d20_mHO5_ch05,4.4603352333363775,7.083333333333333,ready,,1.0
2011,gHO_sBM_cAll_d20_mHO5_ch05,4.4770052333372625,7.083333333333333,ready,,1.0
2012,gHO_sBM_cAll_d20_mHO5_ch05,4.49367263333654,7.083333333333333,ready,,1.0
2013,gHO_sBM_cAll_d20_mHO5_ch05,4.510355933336834,7.083333333333333,ready,,1.0
2014,gHO_sBM_cAll_d20_mHO5_ch05,4.526901433339227,7.083333333333333,ready,,1.0
2015,gHO_sBM_cAll_d20_mHO5_ch05,4.543660233335977,7.083333333333333,ready,,1.0
2016,gHO_sBM_cAll_d20_mHO5_ch05,4.560307433337875,7.083333333333333,ready,,1.0
2017,gHO_sBM_cAll_d20_mHO5_ch05,4.576974533338506,7.083333333333333,ready,,1.0
2018,gHO_sBM_cAll_d20_mHO5_ch05,4.593725233339062,7.083333333333333,ready,,1.0
2019,gHO_sBM_cAll_d20_mHO5_ch05,4.610550333338612,7.083333333333333,ready,,1.0
2020,gHO_sBM_cAll_d20_mHO5_ch05,4.627046933336092,7.083333333333333,ready,,1.0
2021,gHO_sBM_cAll_d20_mHO5_ch05,4.643673333336041,7.083333333333333,ready,,1.0
2022,gHO_sBM_cAll_d20_mHO5_ch05,4.660592033338902,7.083333333333333,ready,,1.0
2023,gHO_sBM_cAll_d20_mHO5_ch05,4.67730493333903,7.083333333333333,ready,,1.0
2024,gHO_sBM_cAll_d20_mHO5_ch05,4.694003333337888,7.083333333333333,ready,,1.0
2025,gHO_sBM_cAll_d20_mHO5_ch05,4.710699633338946,7.083333333333333,ready,,1.0
2026,gHO_sBM_cAll_d20_mHO5_ch05,4.727055033338101,7.083333333333333,ready,,1.0
2027,gHO_sBM_cAll_d20_mHO5_ch05,4.743775733335777,7.083333333333333,ready,,1.0
2028,gHO_sBM_cAll_d20_mHO5_ch05,4.760522433338617,7.083333333333333,ready,,1.0
2029,gHO_sBM_cAll_d20_mHO5_ch05,4.777112033338478,7.083333333333333,ready,,1.0
2030,gHO_sBM_cAll_d20_mHO5_ch05,4.79407503333669,7.083333333333333,ready,,1.0
2031,gHO_sBM_cAll_d20_mHO5_ch05,4.810258433335825,7.083333333333333,ready,,1.0
2032,gHO_sBM_cAll_d20_mHO5_ch05,4.826959733338575,7.083333333333333,ready,,1.0
2033,gHO_sBM_cAll_d20_mHO5_ch05,4.843775533336432,7.083333333333333,ready,,1.0
2034,gHO_sBM_cAll_d20_mHO5_ch05,4.860465333338927,7.083333333333333,ready,,1.0
2035,gHO_sBM_cAll_d20_mHO5_ch05,4.877026033337007,7.083333333333333,ready,,1.0
2036,gHO_sBM_cAll_d20_mHO5_ch05,4.8939033333374935,7.083333333333333,ready,,1.0
2037,gHO_sBM_cAll_d20_mHO5_ch05,4.910484333337353,7.083333333333333,ready,,1.0
2038,gHO_sBM_cAll_d20_mHO5_ch05,4.926959833337876,7.083333333333333,ready,,1.0
2039,gHO_sBM_cAll_d20_mHO5_ch05,4.9437361333369125,7.083333333333333,ready,,1.0
2040,gHO_sBM_cAll_d20_mHO5_ch05,4.960619833338838,7.083333333333333,ready,,1.0
2041,gHO_sBM_cAll_d20_mHO5_ch05,4.977198533335736,7.083333333333333,ready,,1.0
2042,gHO_sBM_cAll_d20_mHO5_ch05,4.994023133338755,7.083333333333333,ready,,1.0
2043,gHO_sBM_cAll_d20_mHO5_ch05,5.010458833338173,7.083333333333333,ready,,1.0
2044,gHO_sBM_cAll_d20_mHO5_ch05,5.027058033338373,7.083333333333333,ready,,1.0
2045,gHO_sBM_cAll_d20_mHO5_ch05,5.0438713333390215,7.083333333333333,ready,,1.0
2046,gHO_sBM_cAll_d20_mHO5_ch05,5.060499033337956,7.083333333333333,ready,,1.0
2047,gHO_sBM_cAll_d20_mHO5_ch05,5.077097733337986,7.083333333333333,ready,,1.0
2048,gHO_sBM_cAll_d20_mHO5_ch05,5.093824133339047,7.083333333333333,ready,,1.0
2049,gHO_sBM_cAll_d20_mHO5_ch05,5.110357733338139,7.083333333333333,ready,,1.0
2050,gHO_sBM_cAll_d20_mHO5_ch05,5.1271320333364985,7.083333333333333,ready,,1.0
2051,gHO_sBM_cAll_d20_mHO5_ch05,5.143875733338323,7.083333333333333,ready,,1.0
2052,gHO_sBM_cAll_d20_mHO5_ch05,5.160483433337762,7.083333333333333,ready,,1.0
2053,gHO_sBM_cAll_d20_mHO5_ch05,5.17709323333864,7.083333333333333,ready,,0.9999121322881254
2054,gHO_sBM_cAll_d20_mHO5_ch05,5.193985133337521,7.083333333333333,ready,,0.9984997307259605
2055,gHO_sBM_cAll_d20_mHO5_ch05,5.210521733337629,7.083333333333333,ready,,0.9941090037127807
2056,gHO_sBM_cAll_d20_mHO5_ch05,5.2272886333378485,7.083333333333333,ready,,0.9852612217470289
2057,gHO_sBM_cAll_d20_mHO5_ch05,5.244005833337978,7.083333333333333,ready,,0.9710477227843559
2058,gHO_sBM_cAll_d20_mHO5_ch05,5.260663233337508,7.083333333333333,ready,,0.9508869597704053
2059,gHO_sBM_cAll_d20_mHO5_ch05,5.2772536333361835,7.083333333333333,ready,,0.9245251993866008
2060,gHO_sBM_cAll_d20_mHO5_ch05,5.29391573333876,7.083333333333333,ready,,0.8916834609273597
2061,gHO_sBM_cAll_d20_mHO5_ch05,5.310626433336688,7.083333333333333,ready,,0.8525302399938208
2062,gHO_sBM_cAll_d20_mHO5_ch05,5.3273233333386765,7.083333333333333,ready,,0.8076041136571088
2063,gHO_sBM_cAll_d20_mHO5_ch05,5.344001533336517,7.083333333333333,ready,,0.7575357135981803
2064,gHO_sBM_cAll_d20_mHO5_ch05,5.360811733339026,7.083333333333333,ready,,0.7025901881600656
2065,gHO_sBM_cAll_d20_mHO5_ch05,5.377073533338509,7.083333333333333,ready,,0.6460102575015826
2066,gHO_sBM_cAll_d20_mHO5_ch05,5.394040533338075,7.083333333333333,ready,,0.5843858078984505
2067,gHO_sBM_cAll_d20_mHO5_ch05,5.410684433336673,7.083333333333333,ready,,0.5224248129834625
2068,gHO_sBM_cAll_d20_mHO5_ch05,5.427019433336926,7.083333333333333,ready,,0.4612214864416811
2069,gHO_sBM_cAll_d20_mHO5_ch05,5.444020733335735,7.083333333333333,ready,,0.3982380112662201
2070,gHO_sBM_cAll_d20_mHO5_ch05,5.460239033338682,7.083333333333333,ready,,0.3398824447956906
2071,gHO_sBM_cAll_d20_mHO5_ch05,5.4768911333378725,7.083333333333333,ready,,0.2827434699127532
2072,gHO_sBM_cAll_d20_mHO5_ch05,5.4939181333359235,7.083333333333333,ready,,0.22821957403457063
2073,gHO_sBM_cAll_d20_mHO5_ch05,5.510606533338672,7.083333333333333,ready,,0.1794805458109535
2074,gHO_sBM_cAll_d20_mHO5_ch05,5.52716073333819,7.083333333333333,ready,,0.13644561309302108
2075,gHO_sBM_cAll_d20_mHO5_ch05,5.543894933336798,7.083333333333333,ready,,0.09887134085004722
2076,gHO_sBM_cAll_d20_mHO5_ch05,5.560524533339286,7.083333333333333,ready,,0.0677894562542249
2077,gHO_sBM_cAll_d20_mHO5_ch05,5.577187933337209,7.083333333333333,ready,,0.043029048176529944
2078,gHO_sBM_cAll_d20_mHO5_ch05,5.593971733338784,7.083333333333333,ready,,0.024420241374299233
2079,gHO_sBM_cAll_d20_mHO5_ch05,5.610715233339086,7.083333333333333,ready,,0.011765939479653733
2080,gHO_sBM_cAll_d20_mHO5_ch05,5.627335533336242,7.083333333333333,ready,,0.004311173030323613
2081,gHO_sBM_cAll_d20_mHO5_ch05,5.644058133337472,7.083333333333333,ready,,0.0008629298400211905
2082,gHO_sBM_cAll_d20_mHO5_ch05,5.660250933339062,7.083333333333333,ready,,2.072202525266596e-05
2083,gHO_sBM_cAll_d20_mHO5_ch05,5.666666666666667,7.083333333333333,executing,switch_start,0.0
2084,gHO_sBM_cAll_d20_mHO5_ch05,5.666666666666667,7.083333333333333,executing,,0.0
2085,gHO_sBM_cAll_d20_mHO5_ch05,5.666666666666667,7.083333333333333,executing,,0.0
2086,gHO_sBM_cAll_d20_mHO5_ch05,5.666666666666667,7.083333333333333,executing,,0.0
2087,gHO_sBM_cAll_d20_mHO5_ch05,5.666666666666667,7.083333333333333,executing,,0.0
2088,gHO_sBM_cAll_d20_mHO5_ch05,5.666666666666667,7.083333333333333,executing,,0.0
2089,gHO_sBM_cAll_d20_mHO5_ch05,5.666666666666667,7.083333333333333,executing,,0.0
2090,gHO_sBM_cAll_d20_mHO5_ch05,5.666666666666667,7.083333333333333,executing,,0.0
2091,gHO_sBM_cAll_d20_mHO5_ch05,5.666666666666667,7.083333333333333,executing,,0.0
2092,gHO_sBM_cAll_d20_mHO5_ch05,5.666666666666667,7.083333333333333,executing,,0.0
2093,gHO_sBM_cAll_d20_mHO5_ch05,5.666666666666667,7.083333333333333,executing,,0.0
2094,gHO_sBM_cAll_d20_mHO5_ch05,5.666666666666667,7.083333333333333,executing,,0.0
2095,gHO_sBM_cAll_d20_mHO5_ch05,5.666666666666667,7.083333333333333,executing,,0.0
2096,gHO_sBM_cAll_d20_mHO5_ch05,5.666666666666667,7.083333333333333,executing,,0.0
2097,gHO_sBM_cAll_d20_mHO5_ch05,5.666666666666667,7.083333333333333,executing,,0.0
2098,gHO_sBM_cAll_d20_mHO5_ch05,5.666666666666667,7.083333333333333,executing,,0.0
2099,gHO_sBM_cAll_d20_mHO5_ch05,5.666666666666667,7.083333333333333,executing,,0.0
2100,gHO_sBM_cAll_d20_mHO5_ch05,5.666666666666667,7.083333333333333,executing,,0.0
2101,gHO_sBM_cAll_d20_mHO5_ch05,5.666666666666667,7.083333333333333,executing,,0.0
2102,gHO_sBM_cAll_d20_mHO5_ch05,5.666666666666667,7.083333333333333,executing,,0.0
2103,gHO_sBM_cAll_d20_mHO5_ch05,5.666666666666667,7.083333333333333,executing,,0.0
2104,gHO_sBM_cAll_d19_mHO2_ch02,1.3269050333374859,7.983333333333333,awaiting_preparation,switch_complete,8.324270375812442e-05
2105,gHO_sBM_cAll_d19_mHO2_ch02,1.3440348333361423,7.983333333333333,loading,,0.0015082386018716656
2106,gHO_sBM_cAll_d19_mHO2_ch02,1.3604853333391171,7.983333333333333,loading,,0.005877023212231731
2107,gHO_sBM_cAll_d19_mHO2_ch02,1.3771054333383896,7.983333333333333,loading,,0.014614326445504226
2108,gHO_sBM_cAll_d19_mHO2_ch02,1.3940427333373615,7.983333333333333,loading,,0.0289901432522042
2109,gHO_sBM_cAll_d19_mHO2_ch02,1.4103433333376112,7.983333333333333,loading,,0.04866694072100765
2110,gHO_sBM_cAll_d19_mHO2_ch02,1.426991733337733,7.983333333333333,loading,,0.07500932334775792
2111,gHO_sBM_cAll_d19_mHO2_ch02,1.4435813333375942,7.983333333333333,loading,,0.10759554513071708
2112,gHO_sBM_cAll_d19_mHO2_ch02,1.4602543333358577,7.983333333333333,loading,,0.14653275542652303
2113,gHO_sBM_cAll_d19_mHO2_ch02,1.4770258333383632,7.983333333333333,loading,,0.19154785805595212
2114,gHO_sBM_cAll_d19_mHO2_ch02,1.4938539333389296,7.983333333333333,loading,,0.24200053311970704
2115,gHO_sBM_cAll_d19_mHO2_ch02,1.5104428333370985,7.983333333333333,loading,,0.29616196440398446
2116,gHO_sBM_cAll_d19_mHO2_ch02,1.526952533336104,7.983333333333333,loading,,0.3535585367059454
2117,gHO_sBM_cAll_d19_mHO2_ch02,1.5436486333392774,7.983333333333333,loading,,0.4141689600456373
2118,gHO_sBM_cAll_d19_mHO2_ch02,1.5602844333380441,7.983333333333333,loading,,0.47607702165999327
2119,gHO_sBM_cAll_d19_mHO2_ch02,1.5770461333386872,7.983333333333333,loading,,0.5388782945704569
2120,gHO_sBM_cAll_d19_mHO2_ch02,1.5939199333379899,7.983333333333333,loading,,0.6013929524221712
2121,gHO_sBM_cAll_d19_mHO2_ch02,1.6104677333360693,7.983333333333333,loading,,0.6609236021253028
2122,gHO_sBM_cAll_d19_mHO2_ch02,1.6271631333375505,7.983333333333333,preparing,,0.718161075978212
2123,gHO_sBM_cAll_d19_mHO2_ch02,1.6437450333369876,7.983333333333333,preparing,,0.7712490945103928
2124,gHO_sBM_cAll_d19_mHO2_ch02,1.6603214333382008,7.983333333333333,preparing,,0.8197301392491056
2125,gHO_sBM_cAll_d19_mHO2_ch02,1.67702783333613,7.983333333333333,preparing,,0.8632315142133782
2126,gHO_sBM_cAll_d19_mHO2_ch02,1.6940424333379875,7.983333333333333,preparing,,0.9014321295582975
2127,gHO_sBM_cAll_d19_mHO2_ch02,1.7108092333374467,7.983333333333333,preparing,,0.9326872617703409
2128,gHO_sBM_cAll_d19_mHO2_ch02,1.7269099333362343,7.983333333333333,preparing,,0.9566099734585499
2129,gHO_sBM_cAll_d19_mHO2_ch02,1.743640933335943,7.983333333333333,preparing,,0.9752721779032255
2130,gHO_sBM_cAll_d19_mHO2_ch02,1.7603383333381013,7.983333333333333,preparing,,0.9880093965337293
2131,gHO_sBM_cAll_d19_mHO2_ch02,1.7769729333386446,7.983333333333333,preparing,,0.9955735866582195
2132,gHO_sBM_cAll_d19_mHO2_ch02,1.793596533339102,7.983333333333333,preparing,,0.999084438733946
2133,gHO_sBM_cAll_d19_mHO2_ch02,1.810710833336149,7.983333333333333,preparing,,0.9999833993413004
2134,gHO_sBM_cAll_d19_mHO2_ch02,1.827197033338113,7.983333333333333,preparing,,1.0
2135,gHO_sBM_cAll_d19_mHO2_ch02,1.8440563333361448,7.983333333333333,preparing,,1.0
2136,gHO_sBM_cAll_d19_mHO2_ch02,1.8606454333358367,7.983333333333333,preparing,,1.0
2137,gHO_sBM_cAll_d19_mHO2_ch02,1.8773945333387625,7.983333333333333,preparing,,1.0
2138,gHO_sBM_cAll_d19_mHO2_ch02,1.8940528333378703,7.983333333333333,preparing,,1.0
2139,gHO_sBM_cAll_d19_mHO2_ch02,1.9105852333387399,7.983333333333333,preparing,,1.0
2140,gHO_sBM_cAll_d19_mHO2_ch02,1.9273691333374396,7.983333333333333,preparing,,1.0
2141,gHO_sBM_cAll_d19_mHO2_ch02,1.9440551333364662,7.983333333333333,preparing,,1.0
2142,gHO_sBM_cAll_d19_mHO2_ch02,1.9602948333386545,7.983333333333333,preparing,,1.0
2143,gHO_sBM_cAll_d19_mHO2_ch02,1.9771717333360963,7.983333333333333,preparing,,1.0
2144,gHO_sBM_cAll_d19_mHO2_ch02,1.993917033339191,7.983333333333333,preparing,,1.0
2145,gHO_sBM_cAll_d19_mHO2_ch02,2.0106503333382237,7.983333333333333,preparing,,1.0
2146,gHO_sBM_cAll_d19_mHO2_ch02,2.027432633339293,7.983333333333333,preparing,,1.0
2147,gHO_sBM_cAll_d19_mHO2_ch02,2.043629833338008,7.983333333333333,preparing,,1.0
2148,gHO_sBM_cAll_d19_mHO2_ch02,2.0603586333391557,7.983333333333333,preparing,,1.0
2149,gHO_sBM_cAll_d19_mHO2_ch02,2.0770135333378406,7.983333333333333,preparing,,1.0
2150,gHO_sBM_cAll_d19_mHO2_ch02,2.0939453333385893,7.983333333333333,preparing,,1.0
2151,gHO_sBM_cAll_d19_mHO2_ch02,2.1105410333376056,7.983333333333333,preparing,,1.0
2152,gHO_sBM_cAll_d19_mHO2_ch02,2.1311819333360043,7.983333333333333,ready,,1.0
2153,gHO_sBM_cAll_d19_mHO2_ch02,2.1438571333392913,7.983333333333333,ready,,1.0
2154,gHO_sBM_cAll_d19_mHO2_ch02,2.160390333338977,7.983333333333333,ready,,1.0
2155,gHO_sBM_cAll_d19_mHO2_ch02,2.1770357333380836,7.983333333333333,ready,,1.0
2156,gHO_sBM_cAll_d19_mHO2_ch02,2.193747733338637,7.983333333333333,ready,,1.0
2157,gHO_sBM_cAll_d19_mHO2_ch02,2.210923333336792,7.983333333333333,ready,,1.0
2158,gHO_sBM_cAll_d19_mHO2_ch02,2.2270287333386265,7.983333333333333,ready,,1.0
2159,gHO_sBM_cAll_d19_mHO2_ch02,2.2436433333360375,7.983333333333333,ready,,1.0
2160,gHO_sBM_cAll_d19_mHO2_ch02,2.260258933337425,7.983333333333333,ready,,1.0
2161,gHO_sBM_cAll_d19_mHO2_ch02,2.2769363333364514,7.983333333333333,ready,,1.0
2162,gHO_sBM_cAll_d19_mHO2_ch02,2.293656533337598,7.983333333333333,ready,,1.0
2163,gHO_sBM_cAll_d19_mHO2_ch02,2.3102613333367845,7.983333333333333,ready,,1.0
2164,gHO_sBM_cAll_d19_mHO2_ch02,2.3272211333360984,7.983333333333333,ready,,1.0
2165,gHO_sBM_cAll_d19_mHO2_ch02,2.3438179333362146,7.983333333333333,ready,,1.0
2166,gHO_sBM_cAll_d19_mHO2_ch02,2.3603677333386095,7.983333333333333,ready,,1.0
2167,gHO_sBM_cAll_d19_mHO2_ch02,2.376977633336612,7.983333333333333,ready,,1.0
2168,gHO_sBM_cAll_d19_mHO2_ch02,2.3937299333384394,7.983333333333333,ready,,1.0
2169,gHO_sBM_cAll_d19_mHO2_ch02,2.410371533337715,7.983333333333333,ready,,1.0
2170,gHO_sBM_cAll_d19_mHO2_ch02,2.427179333336503,7.983333333333333,ready,,1.0
2171,gHO_sBM_cAll_d19_mHO2_ch02,2.4436510333371966,7.983333333333333,ready,,1.0
2172,gHO_sBM_cAll_d19_mHO2_ch02,2.4607558333383044,7.983333333333333,ready,,1.0
2173,gHO_sBM_cAll_d19_mHO2_ch02,2.4769105333371835,7.983333333333333,ready,,1.0
2174,gHO_sBM_cAll_d19_mHO2_ch02,2.493658733336895,7.983333333333333,ready,,1.0
2175,gHO_sBM_cAll_d19_mHO2_ch02,2.5102692333358285,7.983333333333333,ready,,1.0
2176,gHO_sBM_cAll_d19_mHO2_ch02,2.526917033338658,7.983333333333333,ready,,1.0
2177,gHO_sBM_cAll_d19_mHO2_ch02,2.54364173333769,7.983333333333333,ready,,1.0
2178,gHO_sBM_cAll_d19_mHO2_ch02,2.560509433337839,7.983333333333333,ready,,1.0
2179,gHO_sBM_cAll_d19_mHO2_ch02,2.577020233337945,7.983333333333333,ready,,1.0
2180,gHO_sBM_cAll_d19_mHO2_ch02,2.5940312333378572,7.983333333333333,ready,,1.0
2181,gHO_sBM_cAll_d19_mHO2_ch02,2.6106595333377234,7.983333333333333,ready,,1.0
2182,gHO_sBM_cAll_d19_mHO2_ch02,2.6272565333357245,7.983333333333333,ready,,1.0
2183,gHO_sBM_cAll_d19_mHO2_ch02,2.6439029333388078,7.983333333333333,ready,,1.0
2184,gHO_sBM_cAll_d19_mHO2_ch02,2.660550633337238,7.983333333333333,ready,,1.0
2185,gHO_sBM_cAll_d19_mHO2_ch02,2.6771422333377766,7.983333333333333,ready,,1.0
2186,gHO_sBM_cAll_d19_mHO2_ch02,2.693757333338995,7.983333333333333,ready,,1.0
2187,gHO_sBM_cAll_d19_mHO2_ch02,2.710659033336102,7.983333333333333,ready,,1.0
2188,gHO_sBM_cAll_d19_mHO2_ch02,2.727299233339269,7.983333333333333,ready,,1.0
2189,gHO_sBM_cAll_d19_mHO2_ch02,2.7439223333359197,7.983333333333333,ready,,1.0
2190,gHO_sBM_cAll_d19_mHO2_ch02,2.760573133336127,7.983333333333333,ready,,1.0
2191,gHO_sBM_cAll_d19_mHO2_ch02,2.7772090333392936,7.983333333333333,ready,,1.0
2192,gHO_sBM_cAll_d19_mHO2_ch02,2.7940287333377447,7.983333333333333,ready,,1.0
2193,gHO_sBM_cAll_d19_mHO2_ch02,2.810554333337768,7.983333333333333,ready,,1.0
2194,gHO_sBM_cAll_d19_mHO2_ch02,2.8271625333373778,7.983333333333333,ready,,1.0
2195,gHO_sBM_cAll_d19_mHO2_ch02,2.8437292333374904,7.983333333333333,ready,,1.0
2196,gHO_sBM_cAll_d19_mHO2_ch02,2.8602554333384442,7.983333333333333,ready,,1.0
2197,gHO_sBM_cAll_d19_mHO2_ch02,2.877045333339176,7.983333333333333,ready,,1.0
2198,gHO_sBM_cAll_d19_mHO2_ch02,2.894069733339259,7.983333333333333,ready,,1.0
2199,gHO_sBM_cAll_d19_mHO2_ch02,2.910601633336322,7.983333333333333,ready,,1.0
2200,gHO_sBM_cAll_d19_mHO2_ch02,2.927241633337966,7.983333333333333,ready,,1.0
2201,gHO_sBM_cAll_d19_mHO2_ch02,2.943884633336988,7.983333333333333,ready,,1.0
2202,gHO_sBM_cAll_d19_mHO2_ch02,2.960442433338453,7.983333333333333,ready,,1.0
2203,gHO_sBM_cAll_d19_mHO2_ch02,2.977120133336126,7.983333333333333,ready,,1.0
2204,gHO_sBM_cAll_d19_mHO2_ch02,2.993888433336094,7.983333333333333,ready,,1.0
2205,gHO_sBM_cAll_d19_mHO2_ch02,3.0105306333363,7.983333333333333,ready,,1.0
2206,gHO_sBM_cAll_d19_mHO2_ch02,3.027108233335737,7.983333333333333,ready,,1.0
2207,gHO_sBM_cAll_d19_mHO2_ch02,3.043569833335922,7.983333333333333,ready,,1.0
2208,gHO_sBM_cAll_d19_mHO2_ch02,3.060336433337497,7.983333333333333,ready,,1.0
2209,gHO_sBM_cAll_d19_mHO2_ch02,3.0770321333376254,7.983333333333333,ready,,1.0
2210,gHO_sBM_cAll_d19_mHO2_ch02,3.0936302333367265,7.983333333333333,ready,,1.0
2211,gHO_sBM_cAll_d19_mHO2_ch02,3.1107535333368213,7.983333333333333,ready,,1.0
2212,gHO_sBM_cAll_d19_mHO2_ch02,3.1273734333382093,7.983333333333333,ready,,1.0
2213,gHO_sBM_cAll_d19_mHO2_ch02,3.14368743333863,7.983333333333333,ready,,1.0
2214,gHO_sBM_cAll_d19_mHO2_ch02,3.160315233338327,7.983333333333333,ready,,1.0
2215,gHO_sBM_cAll_d19_mHO2_ch02,3.1770984333389736,7.983333333333333,ready,,1.0
2216,gHO_sBM_cAll_d19_mHO2_ch02,3.194018033337775,7.983333333333333,ready,,1.0
2217,gHO_sBM_cAll_d19_mHO2_ch02,3.2103484333357444,7.983333333333333,ready,,1.0
2218,gHO_sBM_cAll_d19_mHO2_ch02,3.2270282333384936,7.983333333333333,ready,,1.0
2219,gHO_sBM_cAll_d19_mHO2_ch02,3.2440367333375595,7.983333333333333,ready,,1.0
2220,gHO_sBM_cAll_d19_mHO2_ch02,3.2602637333376316,7.983333333333333,ready,,1.0
2221,gHO_sBM_cAll_d19_mHO2_ch02,3.277387633338657,7.983333333333333,ready,,1.0
2222,gHO_sBM_cAll_d19_mHO2_ch02,3.2939289333381745,7.983333333333333,ready,,1.0
2223,gHO_sBM_cAll_d19_mHO2_ch02,3.3105468333388854,7.983333333333333,ready,,1.0
2224,gHO_sBM_cAll_d19_mHO2_ch02,3.3271583333381574,7.983333333333333,ready,,1.0
2225,gHO_sBM_cAll_d19_mHO2_ch02,3.3437547333388657,7.983333333333333,ready,,1.0
2226,gHO_sBM_cAll_d19_mHO2_ch02,3.360361633335853,7.983333333333333,ready,,1.0
2227,gHO_sBM_cAll_d19_mHO2_ch02,3.3770156333385986,7.983333333333333,ready,,1.0
2228,gHO_sBM_cAll_d19_mHO2_ch02,3.3936674333391443,7.983333333333333,ready,,1.0
2229,gHO_sBM_cAll_d19_mHO2_ch02,3.4103039333359657,7.983333333333333,ready,,1.0
2230,gHO_sBM_cAll_d19_mHO2_ch02,3.426962933336766,7.983333333333333,ready,,1.0
2231,gHO_sBM_cAll_d19_mHO2_ch02,3.4435818333378156,7.983333333333333,ready,,1.0
2232,gHO_sBM_cAll_d19_mHO2_ch02,3.4602714333387894,7.983333333333333,ready,,1.0
2233,gHO_sBM_cAll_d19_mHO2_ch02,3.476966933337395,7.983333333333333,ready,,1.0
2234,gHO_sBM_cAll_d19_mHO2_ch02,3.4937173333393066,7.983333333333333,ready,,1.0
2235,gHO_sBM_cAll_d19_mHO2_ch02,3.5103281333368863,7.983333333333333,ready,,1.0
2236,gHO_sBM_cAll_d19_mHO2_ch02,3.5270486333366793,7.983333333333333,ready,,1.0
2237,gHO_sBM_cAll_d19_mHO2_ch02,3.543588433339327,7.983333333333333,ready,,1.0
2238,gHO_sBM_cAll_d19_mHO2_ch02,3.560355733338956,7.983333333333333,ready,,1.0
2239,gHO_sBM_cAll_d19_mHO2_ch02,3.576970733335775,7.983333333333333,ready,,1.0
2240,gHO_sBM_cAll_d19_mHO2_ch02,3.5938802333377056,7.983333333333333,ready,,1.0
2241,gHO_sBM_cAll_d19_mHO2_ch02,3.610492533335793,7.983333333333333,ready,,1.0
2242,gHO_sBM_cAll_d19_mHO2_ch02,3.627220333336602,7.983333333333333,ready,,1.0
2243,gHO_sBM_cAll_d19_mHO2_ch02,3.6439655333389362,7.983333333333333,ready,,1.0
2244,gHO_sBM_cAll_d19_mHO2_ch02,3.6606578333386413,7.983333333333333,ready,,1.0
2245,gHO_sBM_cAll_d19_mHO2_ch02,3.676918933336433,7.983333333333333,ready,,1.0
2246,gHO_sBM_cAll_d19_mHO2_ch02,3.6937098333375036,7.983333333333333,ready,,1.0
2247,gHO_sBM_cAll_d19_mHO2_ch02,3.7104221333367033,7.983333333333333,ready,,1.0
2248,gHO_sBM_cAll_d19_mHO2_ch02,3.7273139333384626,7.983333333333333,ready,,1.0
2249,gHO_sBM_cAll_d19_mHO2_ch02,3.743916733336972,7.983333333333333,ready,,1.0
2250,gHO_sBM_cAll_d19_mHO2_ch02,3.7606086333372692,7.983333333333333,ready,,1.0
2251,gHO_sBM_cAll_d19_mHO2_ch02,3.7771241333367835,7.983333333333333,ready,,1.0
2252,gHO_sBM_cAll_d19_mHO2_ch02,3.7938085333381797,7.983333333333333,ready,,1.0
2253,gHO_sBM_cAll_d19_mHO2_ch02,3.810423433337875,7.983333333333333,ready,,1.0
2254,gHO_sBM_cAll_d19_mHO2_ch02,3.827097633338001,7.983333333333333,ready,,1.0
2255,gHO_sBM_cAll_d19_mHO2_ch02,3.843692833336848,7.983333333333333,ready,,1.0
2256,gHO_sBM_cAll_d19_mHO2_ch02,3.8607068333377756,7.983333333333333,ready,,1.0
2257,gHO_sBM_cAll_d19_mHO2_ch02,3.8773220333361174,7.983333333333333,ready,,1.0
2258,gHO_sBM_cAll_d19_mHO2_ch02,3.8939064333364013,7.983333333333333,ready,,1.0
2259,gHO_sBM_cAll_d19_mHO2_ch02,3.910523633339058,7.983333333333333,ready,,1.0
2260,gHO_sBM_cAll_d19_mHO2_ch02,3.9272081333375777,7.983333333333333,ready,,1.0
2261,gHO_sBM_cAll_d19_mHO2_ch02,3.9438416333370214,7.983333333333333,ready,,1.0
2262,gHO_sBM_cAll_d19_mHO2_ch02,3.9605835333360555,7.983333333333333,ready,,1.0
2263,gHO_sBM_cAll_d19_mHO2_ch02,3.9772241333386305,7.983333333333333,ready,,1.0
2264,gHO_sBM_cAll_d19_mHO2_ch02,3.993830933338494,7.983333333333333,ready,,1.0
2265,gHO_sBM_cAll_d19_mHO2_ch02,4.0103570333386855,7.983333333333333,ready,,1.0
2266,gHO_sBM_cAll_d19_mHO2_ch02,4.0269959333392285,7.983333333333333,ready,,1.0
2267,gHO_sBM_cAll_d19_mHO2_ch02,4.043736933338684,7.983333333333333,ready,,1.0
2268,gHO_sBM_cAll_d19_mHO2_ch02,4.060387533337367,7.983333333333333,ready,,1.0
2269,gHO_sBM_cAll_d19_mHO2_ch02,4.077321333338791,7.983333333333333,ready,,1.0
2270,gHO_sBM_cAll_d19_mHO2_ch02,4.093756933337448,7.983333333333333,ready,,1.0
2271,gHO_sBM_cAll_d19_mHO2_ch02,4.110288333337978,7.983333333333333,ready,,1.0
2272,gHO_sBM_cAll_d19_mHO2_ch02,4.127455033337484,7.983333333333333,ready,,1.0
2273,gHO_sBM_cAll_d19_mHO2_ch02,4.144044533336583,7.983333333333333,ready,,1.0
2274,gHO_sBM_cAll_d19_mHO2_ch02,4.160605933336355,7.983333333333333,ready,,1.0
2275,gHO_sBM_cAll_d19_mHO2_ch02,4.177204633336386,7.983333333333333,ready,,1.0
2276,gHO_sBM_cAll_d19_mHO2_ch02,4.193647133336651,7.983333333333333,ready,,1.0
2277,gHO_sBM_cAll_d19_mHO2_ch02,4.210542833339002,7.983333333333333,ready,,1.0
2278,gHO_sBM_cAll_d19_mHO2_ch02,4.227262533336339,7.983333333333333,ready,,1.0
2279,gHO_sBM_cAll_d19_mHO2_ch02,4.243985633337738,7.983333333333333,ready,,1.0
2280,gHO_sBM_cAll_d19_mHO2_ch02,4.260554733337934,7.983333333333333,ready,,1.0
2281,gHO_sBM_cAll_d19_mHO2_ch02,4.2771919333364465,7.983333333333333,ready,,1.0
2282,gHO_sBM_cAll_d19_mHO2_ch02,4.293972733337006,7.983333333333333,ready,,1.0
2283,gHO_sBM_cAll_d19_mHO2_ch02,4.310556433339235,7.983333333333333,ready,,1.0
2284,gHO_sBM_cAll_d19_mHO2_ch02,4.327221833337835,7.983333333333333,ready,,1.0
2285,gHO_sBM_cAll_d19_mHO2_ch02,4.3439481333381345,7.983333333333333,ready,,1.0
2286,gHO_sBM_cAll_d19_mHO2_ch02,4.36038473333713,7.983333333333333,ready,,1.0
2287,gHO_sBM_cAll_d19_mHO2_ch02,4.3773097333370306,7.983333333333333,ready,,1.0
2288,gHO_sBM_cAll_d19_mHO2_ch02,4.393956433338759,7.983333333333333,ready,,1.0
2289,gHO_sBM_cAll_d19_mHO2_ch02,4.410481033338442,7.983333333333333,ready,,1.0
2290,gHO_sBM_cAll_d19_mHO2_ch02,4.427011533335757,7.983333333333333,ready,,1.0
2291,gHO_sBM_cAll_d19_mHO2_ch02,4.443882833337851,7.983333333333333,ready,,1.0
2292,gHO_sBM_cAll_d19_mHO2_ch02,4.460486633336697,7.983333333333333,ready,,1.0
2293,gHO_sBM_cAll_d19_mHO2_ch02,4.477146733338596,7.983333333333333,ready,,1.0
2294,gHO_sBM_cAll_d19_mHO2_ch02,4.493755533339136,7.983333333333333,ready,,1.0
2295,gHO_sBM_cAll_d19_mHO2_ch02,4.510526533337833,7.983333333333333,ready,,1.0
2296,gHO_sBM_cAll_d19_mHO2_ch02,4.527366333336539,7.983333333333333,ready,,1.0
2297,gHO_sBM_cAll_d19_mHO2_ch02,4.543984833338179,7.983333333333333,ready,,1.0
2298,gHO_sBM_cAll_d19_mHO2_ch02,4.560702633339239,7.983333333333333,ready,,1.0
2299,gHO_sBM_cAll_d19_mHO2_ch02,4.577227333336046,7.983333333333333,ready,,1.0
2300,gHO_sBM_cAll_d19_mHO2_ch02,4.593999633337366,7.983333333333333,ready,,1.0
2301,gHO_sBM_cAll_d19_mHO2_ch02,4.610557133336545,7.983333333333333,ready,,1.0
2302,gHO_sBM_cAll_d19_mHO2_ch02,4.627262933337181,7.983333333333333,ready,,1.0
2303,gHO_sBM_cAll_d19_mHO2_ch02,4.643974433337563,7.983333333333333,ready,,1.0
2304,gHO_sBM_cAll_d19_mHO2_ch02,4.660517833338518,7.983333333333333,ready,,1.0
2305,gHO_sBM_cAll_d19_mHO2_ch02,4.6771300333358425,7.983333333333333,ready,,1.0
2306,gHO_sBM_cAll_d19_mHO2_ch02,4.6939029333380935,7.983333333333333,ready,,1.0
2307,gHO_sBM_cAll_d19_mHO2_ch02,4.710483133339137,7.983333333333333,ready,,1.0
2308,gHO_sBM_cAll_d19_mHO2_ch02,4.727159033337654,7.983333333333333,ready,,1.0
2309,gHO_sBM_cAll_d19_mHO2_ch02,4.743810033335745,7.983333333333333,ready,,1.0
2310,gHO_sBM_cAll_d19_mHO2_ch02,4.760545633337737,7.983333333333333,ready,,1.0
2311,gHO_sBM_cAll_d19_mHO2_ch02,4.777239433337948,7.983333333333333,ready,,1.0
2312,gHO_sBM_cAll_d19_mHO2_ch02,4.793654233338295,7.983333333333333,ready,,1.0
2313,gHO_sBM_cAll_d19_mHO2_ch02,4.810326033338335,7.983333333333333,ready,,1.0
2314,gHO_sBM_cAll_d19_mHO2_ch02,4.827060933338635,7.983333333333333,ready,,1.0
2315,gHO_sBM_cAll_d19_mHO2_ch02,4.843613733338406,7.983333333333333,ready,,1.0
2316,gHO_sBM_cAll_d19_mHO2_ch02,4.860322133337012,7.983333333333333,ready,,1.0
2317,gHO_sBM_cAll_d19_mHO2_ch02,4.8772695333364915,7.983333333333333,ready,,1.0
2318,gHO_sBM_cAll_d19_mHO2_ch02,4.894030133336034,7.983333333333333,ready,,1.0
2319,gHO_sBM_cAll_d19_mHO2_ch02,4.910719333337598,7.983333333333333,ready,,1.0
2320,gHO_sBM_cAll_d19_mHO2_ch02,4.927190133338713,7.983333333333333,ready,,1.0
2321,gHO_sBM_cAll_d19_mHO2_ch02,4.94404873333869,7.983333333333333,ready,,1.0
2322,gHO_sBM_cAll_d19_mHO2_ch02,4.960611233335924,7.983333333333333,ready,,1.0
2323,gHO_sBM_cAll_d19_mHO2_ch02,4.977212533337562,7.983333333333333,ready,,1.0
2324,gHO_sBM_cAll_d19_mHO2_ch02,4.994017533336856,7.983333333333333,ready,,1.0
2325,gHO_sBM_cAll_d19_mHO2_ch02,5.010758533336311,7.983333333333333,ready,,1.0
2326,gHO_sBM_cAll_d19_mHO2_ch02,5.027298733338365,7.983333333333333,ready,,1.0
2327,gHO_sBM_cAll_d19_mHO2_ch02,5.0440104333366325,7.983333333333333,ready,,1.0
2328,gHO_sBM_cAll_d19_mHO2_ch02,5.060543533339193,7.983333333333333,ready,,1.0
2329,gHO_sBM_cAll_d19_mHO2_ch02,5.077159833338634,7.983333333333333,ready,,1.0
2330,gHO_sBM_cAll_d19_mHO2_ch02,5.093825133336472,7.983333333333333,ready,,1.0
2331,gHO_sBM_cAll_d19_mHO2_ch02,5.110657833335685,7.983333333333333,ready,,1.0
2332,gHO_sBM_cAll_d19_mHO2_ch02,5.127382733336238,7.983333333333333,ready,,1.0
2333,gHO_sBM_cAll_d19_mHO2_ch02,5.143685433337925,7.983333333333333,ready,,1.0
2334,gHO_sBM_cAll_d19_mHO2_ch02,5.16024273333922,7.983333333333333,ready,,1.0
2335,gHO_sBM_cAll_d19_mHO2_ch02,5.176951733338756,7.983333333333333,ready,,1.0
2336,gHO_sBM_cAll_d19_mHO2_ch02,5.193580133335744,7.983333333333333,ready,,1.0
2337,gHO_sBM_cAll_d19_mHO2_ch02,5.210470033337586,7.983333333333333,ready,,1.0
2338,gHO_sBM_cAll_d19_mHO2_ch02,5.227369833338414,7.983333333333333,ready,,1.0
2339,gHO_sBM_cAll_d19_mHO2_ch02,5.243974333338953,7.983333333333333,ready,,1.0
2340,gHO_sBM_cAll_d19_mHO2_ch02,5.260627033339074,7.983333333333333,ready,,1.0
2341,gHO_sBM_cAll_d19_mHO2_ch02,5.277240333337499,7.983333333333333,ready,,1.0
2342,gHO_sBM_cAll_d19_mHO2_ch02,5.293805233338456,7.983333333333333,ready,,1.0
2343,gHO_sBM_cAll_d19_mHO2_ch02,5.310462633337986,7.983333333333333,ready,,1.0
2344,gHO_sBM_cAll_d19_mHO2_ch02,5.327232233336937,7.983333333333333,ready,,1.0
2345,gHO_sBM_cAll_d19_mHO2_ch02,5.343945833338758,7.983333333333333,ready,,1.0
2346,gHO_sBM_cAll_d19_mHO2_ch02,5.3605804333393,7.983333333333333,ready,,1.0
2347,gHO_sBM_cAll_d19_mHO2_ch02,5.3769739333375295,7.983333333333333,ready,,1.0
2348,gHO_sBM_cAll_d19_mHO2_ch02,5.393857933338102,7.983333333333333,ready,,1.0
2349,gHO_sBM_cAll_d19_mHO2_ch02,5.410549133336705,7.983333333333333,ready,,1.0
2350,gHO_sBM_cAll_d19_mHO2_ch02,5.427360933336845,7.983333333333333,ready,,1.0
2351,gHO_sBM_cAll_d19_mHO2_ch02,5.44398233333874,7.983333333333333,ready,,1.0
2352,gHO_sBM_cAll_d19_mHO2_ch02,5.460310833336792,7.983333333333333,ready,,1.0
2353,gHO_sBM_cAll_d19_mHO2_ch02,5.47701623333802,7.983333333333333,ready,,1.0
2354,gHO_sBM_cAll_d19_mHO2_ch02,5.493597233337879,7.983333333333333,ready,,1.0
2355,gHO_sBM_cAll_d19_mHO2_ch02,5.510648733336948,7.983333333333333,ready,,1.0
2356,gHO_sBM_cAll_d19_mHO2_ch02,5.5269278333371945,7.983333333333333,ready,,0.9999162057480057
2357,gHO_sBM_cAll_d19_mHO2_ch02,5.543887633336507,7.983333333333333,ready,,0.9985152855216374
2358,gHO_sBM_cAll_d19_mHO2_ch02,5.560482733338229,7.983333333333333,ready,,0.994123974062402
2359,gHO_sBM_cAll_d19_mHO2_ch02,5.577257333338872,7.983333333333333,ready,,0.9852825305454407
2360,gHO_sBM_cAll_d19_mHO2_ch02,5.593913133337133,7.983333333333333,ready,,0.9711427194826122
2361,gHO_sBM_cAll_d19_mHO2_ch02,5.610636733338701,7.983333333333333,ready,,0.950924002789937
2362,gHO_sBM_cAll_d19_mHO2_ch02,5.627394733336636,7.983333333333333,ready,,0.9242737655782143
2363,gHO_sBM_cAll_d19_mHO2_ch02,5.643705633338916,7.983333333333333,ready,,0.8921367459284474
2364,gHO_sBM_cAll_d19_mHO2_ch02,5.660363233336331,7.983333333333333,ready,,0.8531933171964482
2365,gHO_sBM_cAll_d19_mHO2_ch02,5.677035833338824,7.983333333333333,ready,,0.8084236637185109
2366,gHO_sBM_cAll_d19_mHO2_ch02,5.693757533336838,7.983333333333333,ready,,0.7583021637757643
2367,gHO_sBM_cAll_d19_mHO2_ch02,5.7104511333391645,7.983333333333333,ready,,0.7038099790010813
2368,gHO_sBM_cAll_d19_mHO2_ch02,5.726982833338341,7.983333333333333,ready,,0.6463334964071463
2369,gHO_sBM_cAll_d19_mHO2_ch02,5.743585633336849,7.983333333333333,ready,,0.5860632905476721
2370,gHO_sBM_cAll_d19_mHO2_ch02,5.760681133336262,7.983333333333333,ready,,0.522437173809546
2371,gHO_sBM_cAll_d19_mHO2_ch02,5.777296133336717,7.983333333333333,ready,,0.4601875129847448
2372,gHO_sBM_cAll_d19_mHO2_ch02,5.793569833335863,7.983333333333333,ready,,0.39988929841442417
2373,gHO_sBM_cAll_d19_mHO2_ch02,5.810715133336128,7.983333333333333,ready,,0.3382050434824965
2374,gHO_sBM_cAll_d19_mHO2_ch02,5.827243333337758,7.983333333333333,ready,,0.28157240887528223
2375,gHO_sBM_cAll_d19_mHO2_ch02,5.843968933336365,7.983333333333333,ready,,0.2280637384697693
2376,gHO_sBM_cAll_d19_mHO2_ch02,5.860494433339263,7.983333333333333,ready,,0.1797907132176315
2377,gHO_sBM_cAll_d19_mHO2_ch02,5.877003633338099,7.983333333333333,ready,,0.13682731879435342
2378,gHO_sBM_cAll_d19_mHO2_ch02,5.893820633337817,7.983333333333333,ready,,0.09902439408563814
2379,gHO_sBM_cAll_d19_mHO2_ch02,5.910592633336853,7.983333333333333,ready,,0.06767525538597186
2380,gHO_sBM_cAll_d19_mHO2_ch02,5.927235833337396,7.983333333333333,ready,,0.04296702758855544
2381,gHO_sBM_cAll_d19_mHO2_ch02,5.943923733336337,7.983333333333333,ready,,0.02446472854599411
2382,gHO_sBM_cAll_d19_mHO2_ch02,5.960470633338477,7.983333333333333,ready,,0.011911441380647297
2383,gHO_sBM_cAll_d19_mHO2_ch02,5.976998533337822,7.983333333333333,ready,,0.0044182137377650026
2384,gHO_sBM_cAll_d19_mHO2_ch02,5.99376643333838,7.983333333333333,ready,,0.0008959536003977096
2385,gHO_sBM_cAll_d19_mHO2_ch02,6.010434433338588,7.983333333333333,ready,,1.9004901065147216e-05
2386,gHO_sBM_cAll_d19_mHO2_ch02,6.016666666666667,7.983333333333333,executing,switch_start,0.0
2387,gHO_sBM_cAll_d19_mHO2_ch02,6.016666666666667,7.983333333333333,executing,,0.0
2388,gHO_sBM_cAll_d19_mHO2_ch02,6.016666666666667,7.983333333333333,executing,,0.0
2389,gHO_sBM_cAll_d19_mHO2_ch02,6.016666666666667,7.983333333333333,executing,,0.0
2390,gHO_sBM_cAll_d19_mHO2_ch02,6.016666666666667,7.983333333333333,executing,,0.0
2391,gHO_sBM_cAll_d19_mHO2_ch02,6.016666666666667,7.983333333333333,executing,,0.0
2392,gHO_sBM_cAll_d19_mHO2_ch02,6.016666666666667,7.983333333333333,executing,,0.0
2393,gHO_sBM_cAll_d19_mHO2_ch02,6.016666666666667,7.983333333333333,executing,,0.0
2394,gHO_sBM_cAll_d19_mHO2_ch02,6.016666666666667,7.983333333333333,executing,,0.0
2395,gHO_sBM_cAll_d19_mHO2_ch02,6.016666666666667,7.983333333333333,executing,,0.0
2396,gHO_sBM_cAll_d19_mHO2_ch02,6.016666666666667,7.983333333333333,executing,,0.0
2397,gHO_sBM_cAll_d19_mHO2_ch02,6.016666666666667,7.983333333333333,executing,,0.0
2398,gHO_sBM_cAll_d19_mHO2_ch02,6.016666666666667,7.983333333333333,executing,,0.0
2399,gHO_sBM_cAll_d19_mHO2_ch02,6.016666666666667,7.983333333333333,executing,,0.0
2400,gHO_sBM_cAll_d19_mHO2_ch02,6.016666666666667,7.983333333333333,executing,,0.0
2401,gHO_sBM_cAll_d19_mHO2_ch02,6.016666666666667,7.983333333333333,executing,,0.0
2402,gHO_sBM_cAll_d19_mHO2_ch02,6.016666666666667,7.983333333333333,executing,,0.0
2403,gHO_sBM_cAll_d19_mHO2_ch02,6.016666666666667,7.983333333333333,executing,,0.0
2404,gHO_sBM_cAll_d19_mHO2_ch02,6.016666666666667,7.983333333333333,executing,,0.0
2405,gHO_sBM_cAll_d19_mHO2_ch02,6.016666666666667,7.983333333333333,executing,,0.0
2406,gHO_sBM_cAll_d19_mHO2_ch02,6.016666666666667,7.983333333333333,executing,,0.0
2407,gHO_sBM_cAll_d20_mHO5_ch05,0.4603503666723554,7.083333333333333,awaiting_preparation,switch_complete,8.597521937993936e-05
2408,gHO_sBM_cAll_d20_mHO5_ch05,0.47698906667137625,7.083333333333333,loading,,0.0014481379232079055
2409,gHO_sBM_cAll_d20_mHO5_ch05,0.4936320666703976,7.083333333333333,loading,,0.005805721023829501
2410,gHO_sBM_cAll_d20_mHO5_ch05,0.510532266670634,7.083333333333333,loading,,0.014677761899273684
2411,gHO_sBM_cAll_d20_mHO5_ch05,0.5269917666730177,7.083333333333333,loading,,0.028597228341178466
2412,gHO_sBM_cAll_d20_mHO5_ch05,0.5440671666721751,7.083333333333333,loading,,0.049211806794560664
2413,gHO_sBM_cAll_d20_mHO5_ch05,0.5603544666730155,7.083333333333333,loading,,0.07506149743824915
2414,gHO_sBM_cAll_d20_mHO5_ch05,0.5769832666730504,7.083333333333333,loading,,0.10774324842939174
2415,gHO_sBM_cAll_d20_mHO5_ch05,0.5936365666704656,7.083333333333333,loading,,0.1466557279622845
2416,gHO_sBM_cAll_d20_mHO5_ch05,0.610346366672456,7.083333333333333,loading,,0.19151140866680844
2417,gHO_sBM_cAll_d20_mHO5_ch05,0.6269283666726546,7.083333333333333,loading,,0.24118792159546026
2418,gHO_sBM_cAll_d20_mHO5_ch05,0.6439586666703684,7.083333333333333,loading,,0.2967790747458161
2419,gHO_sBM_cAll_d20_mHO5_ch05,0.6606459666720177,7.083333333333333,loading,,0.35484221782195097
2420,gHO_sBM_cAll_d20_mHO5_ch05,0.6771968666718742,7.083333333333333,loading,,0.4149613557981015
2421,gHO_sBM_cAll_d20_mHO5_ch05,0.6938364666704722,7.083333333333333,loading,,0.4768961142004069
2422,gHO_sBM_cAll_d20_mHO5_ch05,0.7103529666703245,7.083333333333333,loading,,0.5387792609884052
2423,gHO_sBM_cAll_d20_mHO5_ch05,0.7269988666732381,7.083333333333333,loading,,0.6004612835758946
2424,gHO_sBM_cAll_d20_mHO5_ch05,0.7437631666718508,7.083333333333333,loading,,0.6607900613866442
2425,gHO_sBM_cAll_d20_mHO5_ch05,0.7603094666730604,7.083333333333333,preparing,,0.7175393090779579
2426,gHO_sBM_cAll_d20_mHO5_ch05,0.776968366673099,7.083333333333333,preparing,,0.7709111881662243
2427,gHO_sBM_cAll_d20_mHO5_ch05,0.7938384666733318,7.083333333333333,preparing,,0.8202389029141841
2428,gHO_sBM_cAll_d20_mHO5_ch05,0.8103761666709024,7.083333333333333,preparing,,0.8632679746906742
2429,gHO_sBM_cAll_d20_mHO5_ch05,0.8273155666713127,7.083333333333333,preparing,,0.9013083319514696
2430,gHO_sBM_cAll_d20_mHO5_ch05,0.8440323666720349,7.083333333333333,preparing,,0.9325029586106883
2431,gHO_sBM_cAll_d20_mHO5_ch05,0.8607033666732592,7.083333333333333,preparing,,0.957206457033785
2432,gHO_sBM_cAll_d20_mHO5_ch05,0.8773290666715171,7.083333333333333,preparing,,0.97560198393608
2433,gHO_sBM_cAll_d20_mHO5_ch05,0.8938550666709476,7.083333333333333,preparing,,0.9881190474540474
2434,gHO_sBM_cAll_d20_mHO5_ch05,0.9104260666710603,7.083333333333333,preparing,,0.9956118750585545
2435,gHO_sBM_cAll_d20_mHO5_ch05,0.9270249666726146,7.083333333333333,preparing,,0.999095447939784
2436,gHO_sBM_cAll_d20_mHO5_ch05,0.9438348666728402,7.083333333333333,preparing,,0.9999815986321468
2437,gHO_sBM_cAll_d20_mHO5_ch05,0.9605260666714442,7.083333333333333,preparing,,1.0
2438,gHO_sBM_cAll_d20_mHO5_ch05,0.9770551666726518,7.083333333333333,preparing,,1.0
2439,gHO_sBM_cAll_d20_mHO5_ch05,0.9937161666704909,7.083333333333333,preparing,,1.0
2440,gHO_sBM_cAll_d20_mHO5_ch05,1.0106061666730952,7.083333333333333,preparing,,1.0
2441,gHO_sBM_cAll_d20_mHO5_ch05,1.027158666670583,7.083333333333333,preparing,,1.0
2442,gHO_sBM_cAll_d20_mHO5_ch05,1.0439318666714812,7.083333333333333,preparing,,1.0
2443,gHO_sBM_cAll_d20_mHO5_ch05,1.0606370666711868,7.083333333333333,preparing,,1.0
2444,gHO_sBM_cAll_d20_mHO5_ch05,1.0774449666707355,7.083333333333333,preparing,,1.0
2445,gHO_sBM_cAll_d20_mHO5_ch05,1.0940451666712747,7.083333333333333,preparing,,1.0
2446,gHO_sBM_cAll_d20_mHO5_ch05,1.110644066672829,7.083333333333333,preparing,,1.0
2447,gHO_sBM_cAll_d20_mHO5_ch05,1.1274122666720345,7.083333333333333,preparing,,1.0
2448,gHO_sBM_cAll_d20_mHO5_ch05,1.1436239666720198,7.083333333333333,preparing,,1.0
2449,gHO_sBM_cAll_d20_mHO5_ch05,1.1605071666701392,7.083333333333333,preparing,,1.0
2450,gHO_sBM_cAll_d20_mHO5_ch05,1.1772120666711985,7.083333333333333,preparing,,1.0
2451,gHO_sBM_cAll_d20_mHO5_ch05,1.1938389666713178,7.083333333333333,preparing,,1.0
2452,gHO_sBM_cAll_d20_mHO5_ch05,1.2104917666722017,7.083333333333333,preparing,,1.0
2453,gHO_sBM_cAll_d20_mHO5_ch05,1.2269009666699262,7.083333333333333,preparing,,1.0
2454,gHO_sBM_cAll_d20_mHO5_ch05,1.2436827666708254,7.083333333333333,preparing,,1.0
2455,gHO_sBM_cAll_d20_mHO5_ch05,1.2616801666728847,7.083333333333333,ready,,1.0
2456,gHO_sBM_cAll_d20_mHO5_ch05,1.2773423666723815,7.083333333333333,ready,,1.0
2457,gHO_sBM_cAll_d20_mHO5_ch05,1.294052366672257,7.083333333333333,ready,,1.0
2458,gHO_sBM_cAll_d20_mHO5_ch05,1.3107141666725497,7.083333333333333,ready,,1.0
2459,gHO_sBM_cAll_d20_mHO5_ch05,1.3273766666708966,7.083333333333333,ready,,1.0
2460,gHO_sBM_cAll_d20_mHO5_ch05,1.3440745666732241,7.083333333333333,ready,,1.0
2461,gHO_sBM_cAll_d20_mHO5_ch05,1.3603014666725344,7.083333333333333,ready,,1.0
2462,gHO_sBM_cAll_d20_mHO5_ch05,1.3773144666731227,7.083333333333333,ready,,1.0
2463,gHO_sBM_cAll_d20_mHO5_ch05,1.3936173666726959,7.083333333333333,ready,,1.0
2464,gHO_sBM_cAll_d20_mHO5_ch05,1.4104412666703852,7.083333333333333,ready,,1.0
2465,gHO_sBM_cAll_d20_mHO5_ch05,1.427300966671463,7.083333333333333,ready,,1.0
2466,gHO_sBM_cAll_d20_mHO5_ch05,1.4436616666709583,7.083333333333333,ready,,1.0
2467,gHO_sBM_cAll_d20_mHO5_ch05,1.4603354666716755,7.083333333333333,ready,,1.0
2468,gHO_sBM_cAll_d20_mHO5_ch05,1.47692626666976,7.083333333333333,ready,,1.0
2469,gHO_sBM_cAll_d20_mHO5_ch05,1.4939435666703489,7.083333333333333,ready,,1.0
2470,gHO_sBM_cAll_d20_mHO5_ch05,1.5103717666708676,7.083333333333333,ready,,1.0
2471,gHO_sBM_cAll_d20_mHO5_ch05,1.5271248666715096,7.083333333333333,ready,,1.0
2472,gHO_sBM_cAll_d20_mHO5_ch05,1.5437677666697696,7.083333333333333,ready,,1.0
2473,gHO_sBM_cAll_d20_mHO5_ch05,1.560491866671508,7.083333333333333,ready,,1.0
2474,gHO_sBM_cAll_d20_mHO5_ch05,1.5770103666720374,7.083333333333333,ready,,1.0
2475,gHO_sBM_cAll_d20_mHO5_ch05,1.5936616666724135,7.083333333333333,ready,,1.0
2476,gHO_sBM_cAll_d20_mHO5_ch05,1.6104035666714467,7.083333333333333,ready,,1.0
2477,gHO_sBM_cAll_d20_mHO5_ch05,1.6271979666700631,7.083333333333333,ready,,1.0
2478,gHO_sBM_cAll_d20_mHO5_ch05,1.6437343666722868,7.083333333333333,ready,,1.0
2479,gHO_sBM_cAll_d20_mHO5_ch05,1.6604678666728419,7.083333333333333,ready,,1.0
2480,gHO_sBM_cAll_d20_mHO5_ch05,1.6771109666726247,7.083333333333333,ready,,1.0
2481,gHO_sBM_cAll_d20_mHO5_ch05,1.6939386666701453,7.083333333333333,ready,,1.0
2482,gHO_sBM_cAll_d20_mHO5_ch05,1.7103753666699035,7.083333333333333,ready,,1.0
2483,gHO_sBM_cAll_d20_mHO5_ch05,1.7271223666713909,7.083333333333333,ready,,1.0
2484,gHO_sBM_cAll_d20_mHO5_ch05,1.743646966671075,7.083333333333333,ready,,1.0
2485,gHO_sBM_cAll_d20_mHO5_ch05,1.7603360666718786,7.083333333333333,ready,,1.0
2486,gHO_sBM_cAll_d20_mHO5_ch05,1.7770532666720087,7.083333333333333,ready,,1.0
2487,gHO_sBM_cAll_d20_mHO5_ch05,1.7937761666718857,7.083333333333333,ready,,1.0
2488,gHO_sBM_cAll_d20_mHO5_ch05,1.8104529666699805,7.083333333333333,ready,,1.0
2489,gHO_sBM_cAll_d20_mHO5_ch05,1.827066266672044,7.083333333333333,ready,,1.0
2490,gHO_sBM_cAll_d20_mHO5_ch05,1.8437466666720852,7.083333333333333,ready,,1.0
2491,gHO_sBM_cAll_d20_mHO5_ch05,1.8603830666717827,7.083333333333333,ready,,1.0
2492,gHO_sBM_cAll_d20_mHO5_ch05,1.8772060666698949,7.083333333333333,ready,,1.0
2493,gHO_sBM_cAll_d20_mHO5_ch05,1.893731766670679,7.083333333333333,ready,,1.0
2494,gHO_sBM_cAll_d20_mHO5_ch05,1.910693366672784,7.083333333333333,ready,,1.0
2495,gHO_sBM_cAll_d20_mHO5_ch05,1.9271758666720402,7.083333333333333,ready,,1.0
2496,gHO_sBM_cAll_d20_mHO5_ch05,1.9437761666733409,7.083333333333333,ready,,1.0
2497,gHO_sBM_cAll_d20_mHO5_ch05,1.960373466669988,7.083333333333333,ready,,1.0
2498,gHO_sBM_cAll_d20_mHO5_ch05,1.9770283666723103,7.083333333333333,ready,,1.0
2499,gHO_sBM_cAll_d20_mHO5_ch05,1.993640366671751,7.083333333333333,ready,,1.0
2500,gHO_sBM_cAll_d20_mHO5_ch05,2.010301066670944,7.083333333333333,ready,,1.0
2501,gHO_sBM_cAll_d20_mHO5_ch05,2.0270340666713307,7.083333333333333,ready,,1.0
2502,gHO_sBM_cAll_d20_mHO5_ch05,2.0438962666732556,7.083333333333333,ready,,1.0
2503,gHO_sBM_cAll_d20_mHO5_ch05,2.06048866667261,7.083333333333333,ready,,1.0
2504,gHO_sBM_cAll_d20_mHO5_ch05,2.0771643666732436,7.083333333333333,ready,,1.0
2505,gHO_sBM_cAll_d20_mHO5_ch05,2.093784566673278,7.083333333333333,ready,,1.0
2506,gHO_sBM_cAll_d20_mHO5_ch05,2.1104396666698477,7.083333333333333,ready,,1.0
2507,gHO_sBM_cAll_d20_mHO5_ch05,2.127284766672532,7.083333333333333,ready,,1.0
2508,gHO_sBM_cAll_d20_mHO5_ch05,2.1436545666721982,7.083333333333333,ready,,1.0
2509,gHO_sBM_cAll_d20_mHO5_ch05,2.160264666671724,7.083333333333333,ready,,1.0
2510,gHO_sBM_cAll_d20_mHO5_ch05,2.1770031666703344,7.083333333333333,ready,,1.0
2511,gHO_sBM_cAll_d20_mHO5_ch05,2.1937514666708076,7.083333333333333,ready,,1.0
2512,gHO_sBM_cAll_d20_mHO5_ch05,2.2103861666721127,7.083333333333333,ready,,1.0
2513,gHO_sBM_cAll_d20_mHO5_ch05,2.2271431666733483,7.083333333333333,ready,,1.0
2514,gHO_sBM_cAll_d20_mHO5_ch05,2.2438335666731377,7.083333333333333,ready,,1.0
2515,gHO_sBM_cAll_d20_mHO5_ch05,2.2604974666712314,7.083333333333333,ready,,1.0
2516,gHO_sBM_cAll_d20_mHO5_ch05,2.2769780666705723,7.083333333333333,ready,,1.0
2517,gHO_sBM_cAll_d20_mHO5_ch05,2.294032566670659,7.083333333333333,ready,,1.0
2518,gHO_sBM_cAll_d20_mHO5_ch05,2.3105445666726263,7.083333333333333,ready,,1.0
2519,gHO_sBM_cAll_d20_mHO5_ch05,2.3275295666710125,7.083333333333333,ready,,1.0
2520,gHO_sBM_cAll_d20_mHO5_ch05,2.3440478666700195,7.083333333333333,ready,,1.0
2521,gHO_sBM_cAll_d20_mHO5_ch05,2.360445466670366,7.083333333333333,ready,,1.0
2522,gHO_sBM_cAll_d20_mHO5_ch05,2.377033666670481,7.083333333333333,ready,,1.0
2523,gHO_sBM_cAll_d20_mHO5_ch05,2.393584566670338,7.083333333333333,ready,,1.0
2524,gHO_sBM_cAll_d20_mHO5_ch05,2.4102686666730877,7.083333333333333,ready,,1.0
2525,gHO_sBM_cAll_d20_mHO5_ch05,2.42697356667051,7.083333333333333,ready,,1.0
2526,gHO_sBM_cAll_d20_mHO5_ch05,2.4438790666710863,7.083333333333333,ready,,1.0
2527,gHO_sBM_cAll_d20_mHO5_ch05,2.4606795666724963,7.083333333333333,ready,,1.0
2528,gHO_sBM_cAll_d20_mHO5_ch05,2.4769891666721553,7.083333333333333,ready,,1.0
2529,gHO_sBM_cAll_d20_mHO5_ch05,2.493833266670863,7.083333333333333,ready,,1.0
2530,gHO_sBM_cAll_d20_mHO5_ch05,2.5104324666710642,7.083333333333333,ready,,1.0
2531,gHO_sBM_cAll_d20_mHO5_ch05,2.527196966671201,7.083333333333333,ready,,1.0
2532,gHO_sBM_cAll_d20_mHO5_ch05,2.5436951666699517,7.083333333333333,ready,,1.0
2533,gHO_sBM_cAll_d20_mHO5_ch05,2.5603656666710077,7.083333333333333,ready,,1.0
2534,gHO_sBM_cAll_d20_mHO5_ch05,2.577195566670729,7.083333333333333,ready,,1.0
2535,gHO_sBM_cAll_d20_mHO5_ch05,2.5937709666716042,7.083333333333333,ready,,1.0
2536,gHO_sBM_cAll_d20_mHO5_ch05,2.610374966671975,7.083333333333333,ready,,1.0
2537,gHO_sBM_cAll_d20_mHO5_ch05,2.627371566671378,7.083333333333333,ready,,1.0
2538,gHO_sBM_cAll_d20_mHO5_ch05,2.6439959666706514,7.083333333333333,ready,,1.0
2539,gHO_sBM_cAll_d20_mHO5_ch05,2.660704066670612,7.083333333333333,ready,,1.0
2540,gHO_sBM_cAll_d20_mHO5_ch05,2.677272566669879,7.083333333333333,ready,,1.0
2541,gHO_sBM_cAll_d20_mHO5_ch05,2.6938846666700815,7.083333333333333,ready,,1.0
2542,gHO_sBM_cAll_d20_mHO5_ch05,2.7105318666719804,7.083333333333333,ready,,1.0
2543,gHO_sBM_cAll_d20_mHO5_ch05,2.7273010666715254,7.083333333333333,ready,,1.0
2544,gHO_sBM_cAll_d20_mHO5_ch05,2.743853866671298,7.083333333333333,ready,,1.0
2545,gHO_sBM_cAll_d20_mHO5_ch05,2.7604839666703183,7.083333333333333,ready,,1.0
2546,gHO_sBM_cAll_d20_mHO5_ch05,2.7771851666723086,7.083333333333333,ready,,1.0
2547,gHO_sBM_cAll_d20_mHO5_ch05,2.794003166672367,7.083333333333333,ready,,1.0
2548,gHO_sBM_cAll_d20_mHO5_ch05,2.8106077666700306,7.083333333333333,ready,,1.0
2549,gHO_sBM_cAll_d20_mHO5_ch05,2.8271101666716585,7.083333333333333,ready,,1.0
2550,gHO_sBM_cAll_d20_mHO5_ch05,2.8437628666717814,7.083333333333333,ready,,1.0
2551,gHO_sBM_cAll_d20_mHO5_ch05,2.860507066670139,7.083333333333333,ready,,1.0
2552,gHO_sBM_cAll_d20_mHO5_ch05,2.877150566672968,7.083333333333333,ready,,1.0
2553,gHO_sBM_cAll_d20_mHO5_ch05,2.8938786666724234,7.083333333333333,ready,,1.0
2554,gHO_sBM_cAll_d20_mHO5_ch05,2.9103670666729498,7.083333333333333,ready,,1.0
2555,gHO_sBM_cAll_d20_mHO5_ch05,2.926978166672814,7.083333333333333,ready,,1.0
2556,gHO_sBM_cAll_d20_mHO5_ch05,2.944029066670954,7.083333333333333,ready,,1.0
2557,gHO_sBM_cAll_d20_mHO5_ch05,2.960271866671282,7.083333333333333,ready,,1.0
2558,gHO_sBM_cAll_d20_mHO5_ch05,2.9771487666723626,7.083333333333333,ready,,1.0
2559,gHO_sBM_cAll_d20_mHO5_ch05,2.9938676666708863,7.083333333333333,ready,,1.0
2560,gHO_sBM_cAll_d20_mHO5_ch05,3.010651166670179,7.083333333333333,ready,,1.0
2561,gHO_sBM_cAll_d20_mHO5_ch05,3.0270262666701844,7.083333333333333,ready,,1.0
2562,gHO_sBM_cAll_d20_mHO5_ch05,3.0438248666716787,7.083333333333333,ready,,1.0
2563,gHO_sBM_cAll_d20_mHO5_ch05,3.0603274666711915,7.083333333333333,ready,,1.0
2564,gHO_sBM_cAll_d20_mHO5_ch05,3.0769396666721556,7.083333333333333,ready,,1.0
2565,gHO_sBM_cAll_d20_mHO5_ch05,3.0936156666714356,7.083333333333333,ready,,1.0
2566,gHO_sBM_cAll_d20_mHO5_ch05,3.110702766672372,7.083333333333333,ready,,1.0
2567,gHO_sBM_cAll_d20_mHO5_ch05,3.127104266673311,7.083333333333333,ready,,1.0
2568,gHO_sBM_cAll_d20_mHO5_ch05,3.1436120666724015,7.083333333333333,ready,,1.0
2569,gHO_sBM_cAll_d20_mHO5_ch05,3.1603986666698334,7.083333333333333,ready,,1.0
2570,gHO_sBM_cAll_d20_mHO5_ch05,3.177226866671162,7.083333333333333,ready,,1.0
2571,gHO_sBM_cAll_d20_mHO5_ch05,3.1938690666713683,7.083333333333333,ready,,1.0
2572,gHO_sBM_cAll_d20_mHO5_ch05,3.2103193666728207,7.083333333333333,ready,,1.0
2573,gHO_sBM_cAll_d20_mHO5_ch05,3.227237566671876,7.083333333333333,ready,,1.0
2574,gHO_sBM_cAll_d20_mHO5_ch05,3.243754766669783,7.083333333333333,ready,,1.0
2575,gHO_sBM_cAll_d20_mHO5_ch05,3.2603922666705807,7.083333333333333,ready,,1.0
2576,gHO_sBM_cAll_d20_mHO5_ch05,3.2773703666709966,7.083333333333333,ready,,1.0
2577,gHO_sBM_cAll_d20_mHO5_ch05,3.293730966673369,7.083333333333333,ready,,1.0
2578,gHO_sBM_cAll_d20_mHO5_ch05,3.3104965666709676,7.083333333333333,ready,,1.0
2579,gHO_sBM_cAll_d20_mHO5_ch05,3.327102866670662,7.083333333333333,ready,,1.0
2580,gHO_sBM_cAll_d20_mHO5_ch05,3.3437684666707863,7.083333333333333,ready,,1.0
2581,gHO_sBM_cAll_d20_mHO5_ch05,3.360390466669975,7.083333333333333,ready,,1.0
2582,gHO_sBM_cAll_d20_mHO5_ch05,3.377354266670643,7.083333333333333,ready,,1.0
2583,gHO_sBM_cAll_d20_mHO5_ch05,3.3940082666733886,7.083333333333333,ready,,1.0
2584,gHO_sBM_cAll_d20_mHO5_ch05,3.4102569666713483,7.083333333333333,ready,,1.0
2585,gHO_sBM_cAll_d20_mHO5_ch05,3.4269865666713115,7.083333333333333,ready,,1.0
2586,gHO_sBM_cAll_d20_mHO5_ch05,3.4441795666709916,7.083333333333333,ready,,1.0
2587,gHO_sBM_cAll_d20_mHO5_ch05,3.4607297666727943,7.083333333333333,ready,,1.0
2588,gHO_sBM_cAll_d20_mHO5_ch05,3.4770145666727887,7.083333333333333,ready,,1.0
2589,gHO_sBM_cAll_d20_mHO5_ch05,3.4936590666723184,7.083333333333333,ready,,1.0
2590,gHO_sBM_cAll_d20_mHO5_ch05,3.5102983666722705,7.083333333333333,ready,,1.0
2591,gHO_sBM_cAll_d20_mHO5_ch05,3.527279666671587,7.083333333333333,ready,,1.0
2592,gHO_sBM_cAll_d20_mHO5_ch05,3.544043366672908,7.083333333333333,ready,,1.0
2593,gHO_sBM_cAll_d20_mHO5_ch05,3.560612166670821,7.083333333333333,ready,,1.0
2594,gHO_sBM_cAll_d20_mHO5_ch05,3.577116566673126,7.083333333333333,ready,,1.0
2595,gHO_sBM_cAll_d20_mHO5_ch05,3.593891766671064,7.083333333333333,ready,,1.0
2596,gHO_sBM_cAll_d20_mHO5_ch05,3.610365766671081,7.083333333333333,ready,,1.0
2597,gHO_sBM_cAll_d20_mHO5_ch05,3.627230566670976,7.083333333333333,ready,,1.0
2598,gHO_sBM_cAll_d20_mHO5_ch05,3.6438759666700826,7.083333333333333,ready,,1.0
2599,gHO_sBM_cAll_d20_mHO5_ch05,3.6606235666725015,7.083333333333333,ready,,1.0
2600,gHO_sBM_cAll_d20_mHO5_ch05,3.6770860666722633,7.083333333333333,ready,,1.0
2601,gHO_sBM_cAll_d20_mHO5_ch05,3.693903066671983,7.083333333333333,ready,,1.0
2602,gHO_sBM_cAll_d20_mHO5_ch05,3.7103973666701413,7.083333333333333,ready,,1.0
2603,gHO_sBM_cAll_d20_mHO5_ch05,3.727353566671147,7.083333333333333,ready,,1.0
2604,gHO_sBM_cAll_d20_mHO5_ch05,3.7440170666698327,7.083333333333333,ready,,1.0
2605,gHO_sBM_cAll_d20_mHO5_ch05,3.7603484666717786,7.083333333333333,ready,,1.0
2606,gHO_sBM_cAll_d20_mHO5_ch05,3.7771196666720006,7.083333333333333,ready,,1.0
2607,gHO_sBM_cAll_d20_mHO5_ch05,3.7938011666731426,7.083333333333333,ready,,1.0
2608,gHO_sBM_cAll_d20_mHO5_ch05,3.8104185666700463,7.083333333333333,ready,,1.0
2609,gHO_sBM_cAll_d20_mHO5_ch05,3.827249866673152,7.083333333333333,ready,,1.0
2610,gHO_sBM_cAll_d20_mHO5_ch05,3.84401336667295,7.083333333333333,ready,,1.0
2611,gHO_sBM_cAll_d20_mHO5_ch05,3.8604003666726183,7.083333333333333,ready,,1.0
2612,gHO_sBM_cAll_d20_mHO5_ch05,3.8770010666733272,7.083333333333333,ready,,1.0
2613,gHO_sBM_cAll_d20_mHO5_ch05,3.893758366673209,7.083333333333333,ready,,1.0
2614,gHO_sBM_cAll_d20_mHO5_ch05,3.9102447666730584,7.083333333333333,ready,,1.0
2615,gHO_sBM_cAll_d20_mHO5_ch05,3.927368066673153,7.083333333333333,ready,,1.0
2616,gHO_sBM_cAll_d20_mHO5_ch05,3.943944766673013,7.083333333333333,ready,,1.0
2617,gHO_sBM_cAll_d20_mHO5_ch05,3.960523166671266,7.083333333333333,ready,,1.0
2618,gHO_sBM_cAll_d20_mHO5_ch05,3.9770305666709485,7.083333333333333,ready,,1.0
2619,gHO_sBM_cAll_d20_mHO5_ch05,3.9936440666708974,7.083333333333333,ready,,1.0
2620,gHO_sBM_cAll_d20_mHO5_ch05,4.010481166670872,7.083333333333333,ready,,1.0
2621,gHO_sBM_cAll_d20_mHO5_ch05,4.027204066670748,7.083333333333333,ready,,1.0
2622,gHO_sBM_cAll_d20_mHO5_ch05,4.043729966673054,7.083333333333333,ready,,1.0
2623,gHO_sBM_cAll_d20_mHO5_ch05,4.060334366672832,7.083333333333333,ready,,1.0
2624,gHO_sBM_cAll_d20_mHO5_ch05,4.077049666673045,7.083333333333333,ready,,1.0
2625,gHO_sBM_cAll_d20_mHO5_ch05,4.093753366672242,7.083333333333333,ready,,1.0
2626,gHO_sBM_cAll_d20_mHO5_ch05,4.110528566670179,7.083333333333333,ready,,1.0
2627,gHO_sBM_cAll_d20_mHO5_ch05,4.127102366673421,7.083333333333333,ready,,1.0
2628,gHO_sBM_cAll_d20_mHO5_ch05,4.143721366671593,7.083333333333333,ready,,1.0
2629,gHO_sBM_cAll_d20_mHO5_ch05,4.160413666671296,7.083333333333333,ready,,1.0
2630,gHO_sBM_cAll_d20_mHO5_ch05,4.177041066671584,7.083333333333333,ready,,1.0
2631,gHO_sBM_cAll_d20_mHO5_ch05,4.1935679666705905,7.083333333333333,ready,,1.0
2632,gHO_sBM_cAll_d20_mHO5_ch05,4.210341666671657,7.083333333333333,ready,,1.0
2633,gHO_sBM_cAll_d20_mHO5_ch05,4.227052866673393,7.083333333333333,ready,,1.0
2634,gHO_sBM_cAll_d20_mHO5_ch05,4.243599466673248,7.083333333333333,ready,,1.0
2635,gHO_sBM_cAll_d20_mHO5_ch05,4.260228166672521,7.083333333333333,ready,,1.0
2636,gHO_sBM_cAll_d20_mHO5_ch05,4.277382266670672,7.083333333333333,ready,,1.0
2637,gHO_sBM_cAll_d20_mHO5_ch05,4.293907266673401,7.083333333333333,ready,,1.0
2638,gHO_sBM_cAll_d20_mHO5_ch05,4.310547766671575,7.083333333333333,ready,,1.0
2639,gHO_sBM_cAll_d20_mHO5_ch05,4.327103866671008,7.083333333333333,ready,,1.0
2640,gHO_sBM_cAll_d20_mHO5_ch05,4.343874766672582,7.083333333333333,ready,,1.0
2641,gHO_sBM_cAll_d20_mHO5_ch05,4.360662466671112,7.083333333333333,ready,,1.0
2642,gHO_sBM_cAll_d20_mHO5_ch05,4.3773045666705555,7.083333333333333,ready,,1.0
2643,gHO_sBM_cAll_d20_mHO5_ch05,4.3938467666732866,7.083333333333333,ready,,1.0
2644,gHO_sBM_cAll_d20_mHO5_ch05,4.410394266672719,7.083333333333333,ready,,1.0
2645,gHO_sBM_cAll_d20_mHO5_ch05,4.426916366671556,7.083333333333333,ready,,1.0
2646,gHO_sBM_cAll_d20_mHO5_ch05,4.443745166670175,7.083333333333333,ready,,1.0
2647,gHO_sBM_cAll_d20_mHO5_ch05,4.460387966671311,7.083333333333333,ready,,1.0
2648,gHO_sBM_cAll_d20_mHO5_ch05,4.47727286667146,7.083333333333333,ready,,1.0
2649,gHO_sBM_cAll_d20_mHO5_ch05,4.493905666672848,7.083333333333333,ready,,1.0
2650,gHO_sBM_cAll_d20_mHO5_ch05,4.510638866671118,7.083333333333333,ready,,1.0
2651,gHO_sBM_cAll_d20_mHO5_ch05,4.527283466671408,7.083333333333333,ready,,1.0
2652,gHO_sBM_cAll_d20_mHO5_ch05,4.543947266672377,7.083333333333333,ready,,1.0
2653,gHO_sBM_cAll_d20_mHO5_ch05,4.560610166670131,7.083333333333333,ready,,1.0
2654,gHO_sBM_cAll_d20_mHO5_ch05,4.577385866671874,7.083333333333333,ready,,1.0
2655,gHO_sBM_cAll_d20_mHO5_ch05,4.594014366673262,7.083333333333333,ready,,1.0
2656,gHO_sBM_cAll_d20_mHO5_ch05,4.610492866671163,7.083333333333333,ready,,1.0
2657,gHO_sBM_cAll_d20_mHO5_ch05,4.627310466671812,7.083333333333333,ready,,1.0
2658,gHO_sBM_cAll_d20_mHO5_ch05,4.643928566670406,7.083333333333333,ready,,1.0
2659,gHO_sBM_cAll_d20_mHO5_ch05,4.660549166669847,7.083333333333333,ready,,1.0
2660,gHO_sBM_cAll_d20_mHO5_ch05,4.677220466673355,7.083333333333333,ready,,1.0
2661,gHO_sBM_cAll_d20_mHO5_ch05,4.6938186666732165,7.083333333333333,ready,,1.0
2662,gHO_sBM_cAll_d20_mHO5_ch05,4.710409966671469,7.083333333333333,ready,,1.0
2663,gHO_sBM_cAll_d20_mHO5_ch05,4.726988166671836,7.083333333333333,ready,,1.0
2664,gHO_sBM_cAll_d20_mHO5_ch05,4.743861766673253,7.083333333333333,ready,,1.0
2665,gHO_sBM_cAll_d20_mHO5_ch05,4.7604968666703265,7.083333333333333,ready,,1.0
2666,gHO_sBM_cAll_d20_mHO5_ch05,4.777368566671828,7.083333333333333,ready,,1.0
2667,gHO_sBM_cAll_d20_mHO5_ch05,4.793599066673083,7.083333333333333,ready,,1.0
2668,gHO_sBM_cAll_d20_mHO5_ch05,4.810713066671483,7.083333333333333,ready,,1.0
2669,gHO_sBM_cAll_d20_mHO5_ch05,4.82714436667014,7.083333333333333,ready,,1.0
2670,gHO_sBM_cAll_d20_mHO5_ch05,4.843651866670583,7.083333333333333,ready,,1.0
2671,gHO_sBM_cAll_d20_mHO5_ch05,4.8603841666729135,7.083333333333333,ready,,1.0
2672,gHO_sBM_cAll_d20_mHO5_ch05,4.877198966670432,7.083333333333333,ready,,1.0
2673,gHO_sBM_cAll_d20_mHO5_ch05,4.893719366670876,7.083333333333333,ready,,1.0
2674,gHO_sBM_cAll_d20_mHO5_ch05,4.910325666670569,7.083333333333333,ready,,1.0
2675,gHO_sBM_cAll_d20_mHO5_ch05,4.9269286666706,7.083333333333333,ready,,1.0
2676,gHO_sBM_cAll_d20_mHO5_ch05,4.9435549666697876,7.083333333333333,ready,,1.0
2677,gHO_sBM_cAll_d20_mHO5_ch05,4.960297066670343,7.083333333333333,ready,,1.0
2678,gHO_sBM_cAll_d20_mHO5_ch05,4.977374866673222,7.083333333333333,ready,,1.0
2679,gHO_sBM_cAll_d20_mHO5_ch05,4.993823066673235,7.083333333333333,ready,,1.0
2680,gHO_sBM_cAll_d20_mHO5_ch05,5.010520566672516,7.083333333333333,ready,,1.0
2681,gHO_sBM_cAll_d20_mHO5_ch05,5.0271530666716195,7.083333333333333,ready,,1.0
2682,gHO_sBM_cAll_d20_mHO5_ch05,5.044003266673118,7.083333333333333,ready,,1.0
2683,gHO_sBM_cAll_d20_mHO5_ch05,5.060680666672143,7.083333333333333,ready,,1.0
2684,gHO_sBM_cAll_d20_mHO5_ch05,5.077061866671301,7.083333333333333,ready,,1.0
2685,gHO_sBM_cAll_d20_mHO5_ch05,5.093918766672886,7.083333333333333,ready,,1.0
2686,gHO_sBM_cAll_d20_mHO5_ch05,5.110449266670201,7.083333333333333,ready,,1.0
2687,gHO_sBM_cAll_d20_mHO5_ch05,5.127331066672211,7.083333333333333,ready,,1.0
2688,gHO_sBM_cAll_d20_mHO5_ch05,5.143844966670454,7.083333333333333,ready,,1.0
2689,gHO_sBM_cAll_d20_mHO5_ch05,5.160661666671526,7.083333333333333,ready,,1.0
2690,gHO_sBM_cAll_d20_mHO5_ch05,5.1772402666713,7.083333333333333,ready,,0.9999084033578624
2691,gHO_sBM_cAll_d20_mHO5_ch05,5.193884166669898,7.083333333333333,ready,,0.998515836652446
2692,gHO_sBM_cAll_d20_mHO5_ch05,5.210418366669921,7.083333333333333,ready,,0.994148628898225
2693,gHO_sBM_cAll_d20_mHO5_ch05,5.2271940666716645,7.083333333333333,ready,,0.9853255440828076
2694,gHO_sBM_cAll_d20_mHO5_ch05,5.243710566671516,7.083333333333333,ready,,0.9713496571183604
2695,gHO_sBM_cAll_d20_mHO5_ch05,5.260465766669958,7.083333333333333,ready,,0.951162602667719
2696,gHO_sBM_cAll_d20_mHO5_ch05,5.2772172666729675,7.083333333333333,ready,,0.9245899287404826
2697,gHO_sBM_cAll_d20_mHO5_ch05,5.293884666672245,7.083333333333333,ready,,0.8917505486018986
2698,gHO_sBM_cAll_d20_mHO5_ch05,5.310625966670346,7.083333333333333,ready,,0.8525314169418754
2699,gHO_sBM_cAll_d20_mHO5_ch05,5.3270304666723,7.083333333333333,ready,,0.8084389472648522
2700,gHO_sBM_cAll_d20_mHO5_ch05,5.3436316666731765,7.083333333333333,ready,,0.7586971622890236
2701,gHO_sBM_cAll_d20_mHO5_ch05,5.3602388666724465,7.083333333333333,ready,,0.7045272288989448
2702,gHO_sBM_cAll_d20_mHO5_ch05,5.377012666670637,7.083333333333333,ready,,0.6462271840603269
2703,gHO_sBM_cAll_d20_mHO5_ch05,5.39364676667101,7.083333333333333,ready,,0.5858379217718844
2704,gHO_sBM_cAll_d20_mHO5_ch05,5.410369466673001,7.083333333333333,ready,,0.5236045133274393
2705,gHO_sBM_cAll_d20_mHO5_ch05,5.427245066671457,7.083333333333333,ready,,0.4603783245448346
2706,gHO_sBM_cAll_d20_mHO5_ch05,5.443785666672919,7.083333333333333,ready,,0.3990987098066595
2707,gHO_sBM_cAll_d20_mHO5_ch05,5.46049436667017,7.083333333333333,ready,,0.3389825640095215
2708,gHO_sBM_cAll_d20_mHO5_ch05,5.477248066671742,7.083333333333333,ready,,0.2815566821338171
2709,gHO_sBM_cAll_d20_mHO5_ch05,5.494054666672305,7.083333333333333,ready,,0.2278008385979084
2710,gHO_sBM_cAll_d20_mHO5_ch05,5.510668366670138,7.083333333333333,ready,,0.17930956442115706
2711,gHO_sBM_cAll_d20_mHO5_ch05,5.527366066670941,7.083333333333333,ready,,0.13594750897081645
2712,gHO_sBM_cAll_d20_mHO5_ch05,5.544007266670808,7.083333333333333,ready,,0.09864017857311759
2713,gHO_sBM_cAll_d20_mHO5_ch05,5.560613266671854,7.083333333333333,ready,,0.06764067528064233
2714,gHO_sBM_cAll_d20_mHO5_ch05,5.576940066671514,7.083333333333333,ready,,0.043350814313186464
2715,gHO_sBM_cAll_d20_mHO5_ch05,5.593594966670198,7.083333333333333,ready,,0.0247707456897938
2716,gHO_sBM_cAll_d20_mHO5_ch05,5.610706766670035,7.083333333333333,ready,,0.011770957410024324
2717,gHO_sBM_cAll_d20_mHO5_ch05,5.627076666670462,7.083333333333333,ready,,0.004393247611979776
2718,gHO_sBM_cAll_d20_mHO5_ch05,5.643821366672625,7.083333333333333,ready,,0.0008896728263085895
2719,gHO_sBM_cAll_d20_mHO5_ch05,5.660495466671987,7.083333333333333,ready,,1.8455404925532065e-05
2720,gHO_sBM_cAll_d20_mHO5_ch05,5.666666666666667,7.083333333333333,executing,switch_start,0.0
2721,gHO_sBM_cAll_d20_mHO5_ch05,5.666666666666667,7.083333333333333,executing,,0.0
2722,gHO_sBM_cAll_d20_mHO5_ch05,5.666666666666667,7.083333333333333,executing,,0.0
2723,gHO_sBM_cAll_d20_mHO5_ch05,5.666666666666667,7.083333333333333,executing,,0.0
2724,gHO_sBM_cAll_d20_mHO5_ch05,5.666666666666667,7.083333333333333,executing,,0.0
2725,gHO_sBM_cAll_d20_mHO5_ch05,5.666666666666667,7.083333333333333,executing,,0.0
2726,gHO_sBM_cAll_d20_mHO5_ch05,5.666666666666667,7.083333333333333,executing,,0.0
2727,gHO_sBM_cAll_d20_mHO5_ch05,5.666666666666667,7.083333333333333,executing,,0.0
2728,gHO_sBM_cAll_d20_mHO5_ch05,5.666666666666667,7.083333333333333,executing,,0.0
2729,gHO_sBM_cAll_d20_mHO5_ch05,5.666666666666667,7.083333333333333,executing,,0.0
2730,gHO_sBM_cAll_d20_mHO5_ch05,5.666666666666667,7.083333333333333,executing,,0.0
2731,gHO_sBM_cAll_d20_mHO5_ch05,5.666666666666667,7.083333333333333,executing,,0.0
2732,gHO_sBM_cAll_d20_mHO5_ch05,5.666666666666667,7.083333333333333,executing,,0.0
2733,gHO_sBM_cAll_d20_mHO5_ch05,5.666666666666667,7.083333333333333,executing,,0.0
2734,gHO_sBM_cAll_d20_mHO5_ch05,5.666666666666667,7.083333333333333,executing,,0.0
2735,gHO_sBM_cAll_d20_mHO5_ch05,5.666666666666667,7.083333333333333,executing,,0.0
2736,gHO_sBM_cAll_d20_mHO5_ch05,5.666666666666667,7.083333333333333,executing,,0.0
2737,gHO_sBM_cAll_d20_mHO5_ch05,5.666666666666667,7.083333333333333,executing,,0.0
2738,gHO_sBM_cAll_d20_mHO5_ch05,5.666666666666667,7.083333333333333,executing,,0.0
2739,gHO_sBM_cAll_d20_mHO5_ch05,5.666666666666667,7.083333333333333,executing,,0.0
2740,gHO_sBM_cAll_d20_mHO5_ch05,5.666666666666667,7.083333333333333,executing,,0.0
2741,gHO_sBM_cAll_d19_mHO2_ch02,1.3271881666742653,7.983333333333333,awaiting_preparation,switch_complete,9.026363050751882e-05
2742,gHO_sBM_cAll_d19_mHO2_ch02,1.3438308666710024,7.983333333333333,preparing,,0.0014757063568339827
2743,gHO_sBM_cAll_d19_mHO2_ch02,1.3607150666730983,7.983333333333333,preparing,,0.005965564210241149
2744,gHO_sBM_cAll_d19_mHO2_ch02,1.4050078666742287,7.983333333333333,preparing,,0.041570196204491656
2745,gHO_sBM_cAll_d19_mHO2_ch02,1.4292179666709366,7.983333333333333,preparing,,0.07901641490335072
2746,gHO_sBM_cAll_d19_mHO2_ch02,1.4459383666736052,7.983333333333333,preparing,,0.11273070652961835
2747,gHO_sBM_cAll_d19_mHO2_ch02,1.4627744666732418,7.983333333333333,preparing,,0.1529351472065294
2748,gHO_sBM_cAll_d19_mHO2_ch02,1.4793310666728452,7.983333333333333,preparing,,0.1981620476255958
2749,gHO_sBM_cAll_d19_mHO2_ch02,1.4961353666740855,7.983333333333333,preparing,,0.24920727860505018
2750,gHO_sBM_cAll_d19_mHO2_ch02,1.513034666671107,7.983333333333333,preparing,,0.30496546861945967
2751,gHO_sBM_cAll_d19_mHO2_ch02,1.5292149666721038,7.983333333333333,preparing,,0.36164321306536235
2752,gHO_sBM_cAll_d19_mHO2_ch02,1.5458957666715527,7.983333333333333,preparing,,0.42246683053467576
2753,gHO_sBM_cAll_d19_mHO2_ch02,1.562623166672953,7.983333333333333,preparing,,0.4848395192476006
2754,gHO_sBM_cAll_d19_mHO2_ch02,1.579380666670719,7.983333333333333,preparing,,0.5475953572131795
2755,gHO_sBM_cAll_d19_mHO2_ch02,1.5961833666743281,7.983333333333333,preparing,,0.6096632867606224
2756,gHO_sBM_cAll_d19_mHO2_ch02,1.6127005666722347,7.983333333333333,preparing,,0.6687647616069392
2757,gHO_sBM_cAll_d19_mHO2_ch02,1.6294128666714336,7.983333333333333,preparing,,0.7256035039996901
2758,gHO_sBM_cAll_d19_mHO2_ch02,1.6459125666706917,7.983333333333333,preparing,,0.7778658787230693
2759,gHO_sBM_cAll_d19_mHO2_ch02,1.662663966672941,7.983333333333333,preparing,,0.8261687163582685
2760,gHO_sBM_cAll_d19_mHO2_ch02,1.6793517666711217,7.983333333333333,preparing,,0.8688228762198327
2761,gHO_sBM_cAll_d19_mHO2_ch02,1.6960094666729368,7.983333333333333,preparing,,0.9054320186862973
2762,gHO_sBM_cAll_d19_mHO2_ch02,1.7125873666710199,7.983333333333333,preparing,,0.9356223169106541
2763,gHO_sBM_cAll_d19_mHO2_ch02,1.7294889666710027,7.983333333333333,preparing,,0.9598917387873311
2764,gHO_sBM_cAll_d19_mHO2_ch02,1.7461933666718927,7.983333333333333,preparing,,0.9775857109994448
2765,gHO_sBM_cAll_d19_mHO2_ch02,1.7626526666727536,7.983333333333333,preparing,,0.9893476562573726
2766,gHO_sBM_cAll_d19_mHO2_ch02,1.7794899666742516,7.983333333333333,preparing,,0.9963342434984755
2767,gHO_sBM_cAll_d19_mHO2_ch02,1.7962332666730312,7.983333333333333,preparing,,0.99935863983545
2768,gHO_sBM_cAll_d19_mHO2_ch02,1.8128923666709547,7.983333333333333,preparing,,0.9999957472610034
2769,gHO_sBM_cAll_d19_mHO2_ch02,1.8295359666709068,7.983333333333333,preparing,,1.0
2770,gHO_sBM_cAll_d19_mHO2_ch02,1.846346866671471,7.983333333333333,preparing,,1.0
2771,gHO_sBM_cAll_d19_mHO2_ch02,1.8628281666725037,7.983333333333333,preparing,,1.0
2772,gHO_sBM_cAll_d19_mHO2_ch02,1.8795031666714443,7.983333333333333,preparing,,1.0
2773,gHO_sBM_cAll_d19_mHO2_ch02,1.9009445666716296,7.983333333333333,ready,,1.0
2774,gHO_sBM_cAll_d19_mHO2_ch02,1.912741766672358,7.983333333333333,ready,,1.0
2775,gHO_sBM_cAll_d19_mHO2_ch02,1.929426966672569,7.983333333333333,ready,,1.0
2776,gHO_sBM_cAll_d19_mHO2_ch02,1.9462996666707717,7.983333333333333,ready,,1.0
2777,gHO_sBM_cAll_d19_mHO2_ch02,1.9625618666733011,7.983333333333333,ready,,1.0
2778,gHO_sBM_cAll_d19_mHO2_ch02,1.9792233666713095,7.983333333333333,ready,,1.0
2779,gHO_sBM_cAll_d19_mHO2_ch02,1.9963153666731763,7.983333333333333,ready,,1.0
2780,gHO_sBM_cAll_d19_mHO2_ch02,2.0127527666709892,7.983333333333333,ready,,1.0
2781,gHO_sBM_cAll_d19_mHO2_ch02,2.0294272666733995,7.983333333333333,ready,,1.0
2782,gHO_sBM_cAll_d19_mHO2_ch02,2.046485466672556,7.983333333333333,ready,,1.0
2783,gHO_sBM_cAll_d19_mHO2_ch02,2.062573166674219,7.983333333333333,ready,,1.0
2784,gHO_sBM_cAll_d19_mHO2_ch02,2.079379166673853,7.983333333333333,ready,,1.0
2785,gHO_sBM_cAll_d19_mHO2_ch02,2.0960192666726205,7.983333333333333,ready,,1.0
2786,gHO_sBM_cAll_d19_mHO2_ch02,2.1125957666709576,7.983333333333333,ready,,1.0
2787,gHO_sBM_cAll_d19_mHO2_ch02,2.129352766672193,7.983333333333333,ready,,1.0
2788,gHO_sBM_cAll_d19_mHO2_ch02,2.1459674666740036,7.983333333333333,ready,,1.0
2789,gHO_sBM_cAll_d19_mHO2_ch02,2.1626354666742134,7.983333333333333,ready,,1.0
2790,gHO_sBM_cAll_d19_mHO2_ch02,2.1792719666710347,7.983333333333333,ready,,1.0
2791,gHO_sBM_cAll_d19_mHO2_ch02,2.195920966672088,7.983333333333333,ready,,1.0
2792,gHO_sBM_cAll_d19_mHO2_ch02,2.212590566673567,7.983333333333333,ready,,1.0
2793,gHO_sBM_cAll_d19_mHO2_ch02,2.2293048666734436,7.983333333333333,ready,,1.0
2794,gHO_sBM_cAll_d19_mHO2_ch02,2.2463212666708183,7.983333333333333,ready,,1.0
2795,gHO_sBM_cAll_d19_mHO2_ch02,2.2629290666710205,7.983333333333333,ready,,1.0
2796,gHO_sBM_cAll_d19_mHO2_ch02,2.279637766671912,7.983333333333333,ready,,1.0
2797,gHO_sBM_cAll_d19_mHO2_ch02,2.2962963666733045,7.983333333333333,ready,,1.0
2798,gHO_sBM_cAll_d19_mHO2_ch02,2.3125909666715234,7.983333333333333,ready,,1.0
2799,gHO_sBM_cAll_d19_mHO2_ch02,2.3292307666716447,7.983333333333333,ready,,1.0
2800,gHO_sBM_cAll_d19_mHO2_ch02,2.3463119666713115,7.983333333333333,ready,,1.0
2801,gHO_sBM_cAll_d19_mHO2_ch02,2.3627451666735233,7.983333333333333,ready,,1.0
2802,gHO_sBM_cAll_d19_mHO2_ch02,2.3794235666728882,7.983333333333333,ready,,1.0
2803,gHO_sBM_cAll_d19_mHO2_ch02,2.396186966671925,7.983333333333333,ready,,1.0
2804,gHO_sBM_cAll_d19_mHO2_ch02,2.4128573666722195,7.983333333333333,ready,,1.0
2805,gHO_sBM_cAll_d19_mHO2_ch02,2.429633966673542,7.983333333333333,ready,,1.0
2806,gHO_sBM_cAll_d19_mHO2_ch02,2.4462695666707863,7.983333333333333,ready,,1.0
2807,gHO_sBM_cAll_d19_mHO2_ch02,2.4628744666707343,7.983333333333333,ready,,1.0
2808,gHO_sBM_cAll_d19_mHO2_ch02,2.479200066672172,7.983333333333333,ready,,1.0
2809,gHO_sBM_cAll_d19_mHO2_ch02,2.496133666672075,7.983333333333333,ready,,1.0
2810,gHO_sBM_cAll_d19_mHO2_ch02,2.5127219666729514,7.983333333333333,ready,,1.0
2811,gHO_sBM_cAll_d19_mHO2_ch02,2.529482266673849,7.983333333333333,ready,,1.0
2812,gHO_sBM_cAll_d19_mHO2_ch02,2.5458640666739396,7.983333333333333,ready,,1.0
2813,gHO_sBM_cAll_d19_mHO2_ch02,2.563000066672513,7.983333333333333,ready,,1.0
2814,gHO_sBM_cAll_d19_mHO2_ch02,2.579365466671417,7.983333333333333,ready,,1.0
2815,gHO_sBM_cAll_d19_mHO2_ch02,2.595972066673396,7.983333333333333,ready,,1.0
2816,gHO_sBM_cAll_d19_mHO2_ch02,2.612597466673008,7.983333333333333,ready,,1.0
2817,gHO_sBM_cAll_d19_mHO2_ch02,2.6292340666742287,7.983333333333333,ready,,1.0
2818,gHO_sBM_cAll_d19_mHO2_ch02,2.645929566672834,7.983333333333333,ready,,1.0
2819,gHO_sBM_cAll_d19_mHO2_ch02,2.6629932666738525,7.983333333333333,ready,,1.0
2820,gHO_sBM_cAll_d19_mHO2_ch02,2.6792416666731658,7.983333333333333,ready,,1.0
2821,gHO_sBM_cAll_d19_mHO2_ch02,2.695879866672018,7.983333333333333,ready,,1.0
2822,gHO_sBM_cAll_d19_mHO2_ch02,2.712902366672185,7.983333333333333,ready,,1.0
2823,gHO_sBM_cAll_d19_mHO2_ch02,2.7297082666710577,7.983333333333333,ready,,1.0
2824,gHO_sBM_cAll_d19_mHO2_ch02,2.746243166672774,7.983333333333333,ready,,1.0
2825,gHO_sBM_cAll_d19_mHO2_ch02,2.7627972666715315,7.983333333333333,ready,,1.0
2826,gHO_sBM_cAll_d19_mHO2_ch02,2.7793777666712227,7.983333333333333,ready,,1.0
2827,gHO_sBM_cAll_d19_mHO2_ch02,2.7963088666739173,7.983333333333333,ready,,1.0
2828,gHO_sBM_cAll_d19_mHO2_ch02,2.8126590666734965,7.983333333333333,ready,,1.0
2829,gHO_sBM_cAll_d19_mHO2_ch02,2.8293217666733668,7.983333333333333,ready,,1.0
2830,gHO_sBM_cAll_d19_mHO2_ch02,2.845926966671961,7.983333333333333,ready,,1.0
2831,gHO_sBM_cAll_d19_mHO2_ch02,2.86281226667152,7.983333333333333,ready,,1.0
2832,gHO_sBM_cAll_d19_mHO2_ch02,2.879538266673175,7.983333333333333,ready,,1.0
2833,gHO_sBM_cAll_d19_mHO2_ch02,2.8959916666727663,7.983333333333333,ready,,1.0
2834,gHO_sBM_cAll_d19_mHO2_ch02,2.912590366672798,7.983333333333333,ready,,1.0
2835,gHO_sBM_cAll_d19_mHO2_ch02,2.929428566673874,7.983333333333333,ready,,1.0
2836,gHO_sBM_cAll_d19_mHO2_ch02,2.946223066673253,7.983333333333333,ready,,1.0
2837,gHO_sBM_cAll_d19_mHO2_ch02,2.962661566672166,7.983333333333333,ready,,1.0
2838,gHO_sBM_cAll_d19_mHO2_ch02,2.9793302666740678,7.983333333333333,ready,,1.0
2839,gHO_sBM_cAll_d19_mHO2_ch02,2.995902366671643,7.983333333333333,ready,,1.0
2840,gHO_sBM_cAll_d19_mHO2_ch02,3.01265726667144,7.983333333333333,ready,,1.0
2841,gHO_sBM_cAll_d19_mHO2_ch02,3.0295233666739576,7.983333333333333,ready,,1.0
2842,gHO_sBM_cAll_d19_mHO2_ch02,3.046254566671552,7.983333333333333,ready,,1.0
2843,gHO_sBM_cAll_d19_mHO2_ch02,3.062824666672088,7.983333333333333,ready,,1.0
2844,gHO_sBM_cAll_d19_mHO2_ch02,3.079536966671288,7.983333333333333,ready,,1.0
2845,gHO_sBM_cAll_d19_mHO2_ch02,3.096196966672427,7.983333333333333,ready,,1.0
2846,gHO_sBM_cAll_d19_mHO2_ch02,3.1128041666716983,7.983333333333333,ready,,1.0
2847,gHO_sBM_cAll_d19_mHO2_ch02,3.129425966673002,7.983333333333333,ready,,1.0
2848,gHO_sBM_cAll_d19_mHO2_ch02,3.1460325666713427,7.983333333333333,ready,,1.0
2849,gHO_sBM_cAll_d19_mHO2_ch02,3.1625582666721272,7.983333333333333,ready,,1.0
2850,gHO_sBM_cAll_d19_mHO2_ch02,3.1796721666734054,7.983333333333333,ready,,1.0
2851,gHO_sBM_cAll_d19_mHO2_ch02,3.1962482666723346,7.983333333333333,ready,,1.0
2852,gHO_sBM_cAll_d19_mHO2_ch02,3.2130053666743317,7.983333333333333,ready,,1.0
2853,gHO_sBM_cAll_d19_mHO2_ch02,3.229586366674192,7.983333333333333,ready,,1.0
2854,gHO_sBM_cAll_d19_mHO2_ch02,3.2462525666716093,7.983333333333333,ready,,1.0
2855,gHO_sBM_cAll_d19_mHO2_ch02,3.26279726667155,7.983333333333333,ready,,1.0
2856,gHO_sBM_cAll_d19_mHO2_ch02,3.27929816667267,7.983333333333333,ready,,1.0
2857,gHO_sBM_cAll_d19_mHO2_ch02,3.2961654666734113,7.983333333333333,ready,,1.0
2858,gHO_sBM_cAll_d19_mHO2_ch02,3.3128569666743006,7.983333333333333,ready,,1.0
2859,gHO_sBM_cAll_d19_mHO2_ch02,3.3294915666712064,7.983333333333333,ready,,1.0
2860,gHO_sBM_cAll_d19_mHO2_ch02,3.346088666673607,7.983333333333333,ready,,1.0
2861,gHO_sBM_cAll_d19_mHO2_ch02,3.3628251666715405,7.983333333333333,ready,,1.0
2862,gHO_sBM_cAll_d19_mHO2_ch02,3.3794280666708114,7.983333333333333,ready,,1.0
2863,gHO_sBM_cAll_d19_mHO2_ch02,3.396199366671795,7.983333333333333,ready,,1.0
2864,gHO_sBM_cAll_d19_mHO2_ch02,3.412866566673189,7.983333333333333,ready,,1.0
2865,gHO_sBM_cAll_d19_mHO2_ch02,3.429437066673133,7.983333333333333,ready,,1.0
2866,gHO_sBM_cAll_d19_mHO2_ch02,3.4462368666728507,7.983333333333333,ready,,1.0
2867,gHO_sBM_cAll_d19_mHO2_ch02,3.462774866672706,7.983333333333333,ready,,1.0
2868,gHO_sBM_cAll_d19_mHO2_ch02,3.4792483666725538,7.983333333333333,ready,,1.0
2869,gHO_sBM_cAll_d19_mHO2_ch02,3.4958941666710683,7.983333333333333,ready,,1.0
2870,gHO_sBM_cAll_d19_mHO2_ch02,3.512658666671205,7.983333333333333,ready,,1.0
2871,gHO_sBM_cAll_d19_mHO2_ch02,3.529197866672922,7.983333333333333,ready,,1.0
2872,gHO_sBM_cAll_d19_mHO2_ch02,3.5463524666712436,7.983333333333333,ready,,1.0
2873,gHO_sBM_cAll_d19_mHO2_ch02,3.562837366674223,7.983333333333333,ready,,1.0
2874,gHO_sBM_cAll_d19_mHO2_ch02,3.579517066672573,7.983333333333333,ready,,1.0
2875,gHO_sBM_cAll_d19_mHO2_ch02,3.5961622666737947,7.983333333333333,ready,,1.0
2876,gHO_sBM_cAll_d19_mHO2_ch02,3.6129080666734215,7.983333333333333,ready,,1.0
2877,gHO_sBM_cAll_d19_mHO2_ch02,3.629561766673883,7.983333333333333,ready,,1.0
2878,gHO_sBM_cAll_d19_mHO2_ch02,3.6462619666718967,7.983333333333333,ready,,1.0
2879,gHO_sBM_cAll_d19_mHO2_ch02,3.6625388666735823,7.983333333333333,ready,,1.0
2880,gHO_sBM_cAll_d19_mHO2_ch02,3.679308666674058,7.983333333333333,ready,,1.0
2881,gHO_sBM_cAll_d19_mHO2_ch02,3.6959856666736766,7.983333333333333,ready,,1.0
2882,gHO_sBM_cAll_d19_mHO2_ch02,3.7127594666718684,7.983333333333333,ready,,1.0
2883,gHO_sBM_cAll_d19_mHO2_ch02,3.729486266672339,7.983333333333333,ready,,1.0
2884,gHO_sBM_cAll_d19_mHO2_ch02,3.7463190666723145,7.983333333333333,ready,,1.0
2885,gHO_sBM_cAll_d19_mHO2_ch02,3.7629261666708245,7.983333333333333,ready,,1.0
2886,gHO_sBM_cAll_d19_mHO2_ch02,3.77955236667289,7.983333333333333,ready,,1.0
2887,gHO_sBM_cAll_d19_mHO2_ch02,3.796151766670976,7.983333333333333,ready,,1.0
2888,gHO_sBM_cAll_d19_mHO2_ch02,3.8125824666723416,7.983333333333333,ready,,1.0
2889,gHO_sBM_cAll_d19_mHO2_ch02,3.8291899666738973,7.983333333333333,ready,,1.0
2890,gHO_sBM_cAll_d19_mHO2_ch02,3.8463040666730604,7.983333333333333,ready,,1.0
2891,gHO_sBM_cAll_d19_mHO2_ch02,3.8629712666708165,7.983333333333333,ready,,1.0
2892,gHO_sBM_cAll_d19_mHO2_ch02,3.879513466673549,7.983333333333333,ready,,1.0
2893,gHO_sBM_cAll_d19_mHO2_ch02,3.895925966670936,7.983333333333333,ready,,1.0
2894,gHO_sBM_cAll_d19_mHO2_ch02,3.9129485666718646,7.983333333333333,ready,,1.0
2895,gHO_sBM_cAll_d19_mHO2_ch02,3.929600966673341,7.983333333333333,ready,,1.0
2896,gHO_sBM_cAll_d19_mHO2_ch02,3.945870666671134,7.983333333333333,ready,,1.0
2897,gHO_sBM_cAll_d19_mHO2_ch02,3.962534366671343,7.983333333333333,ready,,1.0
2898,gHO_sBM_cAll_d19_mHO2_ch02,3.979256466672405,7.983333333333333,ready,,1.0
2899,gHO_sBM_cAll_d19_mHO2_ch02,3.9962586666707933,7.983333333333333,ready,,1.0
2900,gHO_sBM_cAll_d19_mHO2_ch02,4.012909366673876,7.983333333333333,ready,,1.0
2901,gHO_sBM_cAll_d19_mHO2_ch02,4.029639166671722,7.983333333333333,ready,,1.0
2902,gHO_sBM_cAll_d19_mHO2_ch02,4.046140666673772,7.983333333333333,ready,,1.0
2903,gHO_sBM_cAll_d19_mHO2_ch02,4.062805266673556,7.983333333333333,ready,,1.0
2904,gHO_sBM_cAll_d19_mHO2_ch02,4.0795231666717395,7.983333333333333,ready,,1.0
2905,gHO_sBM_cAll_d19_mHO2_ch02,4.096221866672882,7.983333333333333,ready,,1.0
2906,gHO_sBM_cAll_d19_mHO2_ch02,4.1127703666726525,7.983333333333333,ready,,1.0
2907,gHO_sBM_cAll_d19_mHO2_ch02,4.129583566672539,7.983333333333333,ready,,1.0
2908,gHO_sBM_cAll_d19_mHO2_ch02,4.146245866673,7.983333333333333,ready,,1.0
2909,gHO_sBM_cAll_d19_mHO2_ch02,4.162851266673116,7.983333333333333,ready,,1.0
2910,gHO_sBM_cAll_d19_mHO2_ch02,4.1793674666743215,7.983333333333333,ready,,1.0
2911,gHO_sBM_cAll_d19_mHO2_ch02,4.19599806667351,7.983333333333333,ready,,1.0
2912,gHO_sBM_cAll_d19_mHO2_ch02,4.212769866671023,7.983333333333333,ready,,1.0
2913,gHO_sBM_cAll_d19_mHO2_ch02,4.229375866672069,7.983333333333333,ready,,1.0
2914,gHO_sBM_cAll_d19_mHO2_ch02,4.24629776667383,7.983333333333333,ready,,1.0
2915,gHO_sBM_cAll_d19_mHO2_ch02,4.262733666671134,7.983333333333333,ready,,1.0
2916,gHO_sBM_cAll_d19_mHO2_ch02,4.279321266673955,7.983333333333333,ready,,1.0
2917,gHO_sBM_cAll_d19_mHO2_ch02,4.29612686667418,7.983333333333333,ready,,1.0
2918,gHO_sBM_cAll_d19_mHO2_ch02,4.313007566671452,7.983333333333333,ready,,1.0
2919,gHO_sBM_cAll_d19_mHO2_ch02,4.329600466670974,7.983333333333333,ready,,1.0
2920,gHO_sBM_cAll_d19_mHO2_ch02,4.3462476666728715,7.983333333333333,ready,,1.0
2921,gHO_sBM_cAll_d19_mHO2_ch02,4.362968066671901,7.983333333333333,ready,,1.0
2922,gHO_sBM_cAll_d19_mHO2_ch02,4.3791843666741705,7.983333333333333,ready,,1.0
2923,gHO_sBM_cAll_d19_mHO2_ch02,4.396309266671895,7.983333333333333,ready,,1.0
2924,gHO_sBM_cAll_d19_mHO2_ch02,4.412848166671326,7.983333333333333,ready,,1.0
2925,gHO_sBM_cAll_d19_mHO2_ch02,4.429596166673151,7.983333333333333,ready,,1.0
2926,gHO_sBM_cAll_d19_mHO2_ch02,4.4460855666740144,7.983333333333333,ready,,1.0
2927,gHO_sBM_cAll_d19_mHO2_ch02,4.4628571666736425,7.983333333333333,ready,,1.0
2928,gHO_sBM_cAll_d19_mHO2_ch02,4.4796009666725904,7.983333333333333,ready,,1.0
2929,gHO_sBM_cAll_d19_mHO2_ch02,4.496210066671776,7.983333333333333,ready,,1.0
2930,gHO_sBM_cAll_d19_mHO2_ch02,4.5125861666721185,7.983333333333333,ready,,1.0
2931,gHO_sBM_cAll_d19_mHO2_ch02,4.529328266672674,7.983333333333333,ready,,1.0
2932,gHO_sBM_cAll_d19_mHO2_ch02,4.546144766672223,7.983333333333333,ready,,1.0
2933,gHO_sBM_cAll_d19_mHO2_ch02,4.562751466671323,7.983333333333333,ready,,1.0
2934,gHO_sBM_cAll_d19_mHO2_ch02,4.5795704666717185,7.983333333333333,ready,,1.0
2935,gHO_sBM_cAll_d19_mHO2_ch02,4.5962622666712525,7.983333333333333,ready,,1.0
2936,gHO_sBM_cAll_d19_mHO2_ch02,4.612948166673155,7.983333333333333,ready,,1.0
2937,gHO_sBM_cAll_d19_mHO2_ch02,4.629664666671592,7.983333333333333,ready,,1.0
2938,gHO_sBM_cAll_d19_mHO2_ch02,4.646044566671765,7.983333333333333,ready,,1.0
2939,gHO_sBM_cAll_d19_mHO2_ch02,4.662567666670941,7.983333333333333,ready,,1.0
2940,gHO_sBM_cAll_d19_mHO2_ch02,4.679534066673215,7.983333333333333,ready,,1.0
2941,gHO_sBM_cAll_d19_mHO2_ch02,4.696080966671716,7.983333333333333,ready,,1.0
2942,gHO_sBM_cAll_d19_mHO2_ch02,4.71272846667226,7.983333333333333,ready,,1.0
2943,gHO_sBM_cAll_d19_mHO2_ch02,4.729493966672734,7.983333333333333,ready,,1.0
2944,gHO_sBM_cAll_d19_mHO2_ch02,4.746210466671171,7.983333333333333,ready,,1.0
2945,gHO_sBM_cAll_d19_mHO2_ch02,4.7626807666721165,7.983333333333333,ready,,1.0
2946,gHO_sBM_cAll_d19_mHO2_ch02,4.779385466671652,7.983333333333333,ready,,1.0
2947,gHO_sBM_cAll_d19_mHO2_ch02,4.796007566671601,7.983333333333333,ready,,1.0
2948,gHO_sBM_cAll_d19_mHO2_ch02,4.812634566672481,7.983333333333333,ready,,1.0
2949,gHO_sBM_cAll_d19_mHO2_ch02,4.829347666674132,7.983333333333333,ready,,1.0
2950,gHO_sBM_cAll_d19_mHO2_ch02,4.846081966673502,7.983333333333333,ready,,1.0
2951,gHO_sBM_cAll_d19_mHO2_ch02,4.862756666673795,7.983333333333333,ready,,1.0
2952,gHO_sBM_cAll_d19_mHO2_ch02,4.879376866673828,7.983333333333333,ready,,1.0
2953,gHO_sBM_cAll_d19_mHO2_ch02,4.896044566671752,7.983333333333333,ready,,1.0
2954,gHO_sBM_cAll_d19_mHO2_ch02,4.912920666674015,7.983333333333333,ready,,1.0
2955,gHO_sBM_cAll_d19_mHO2_ch02,4.929563666673036,7.983333333333333,ready,,1.0
2956,gHO_sBM_cAll_d19_mHO2_ch02,4.946307066672576,7.983333333333333,ready,,1.0
2957,gHO_sBM_cAll_d19_mHO2_ch02,4.962546066673071,7.983333333333333,ready,,1.0
2958,gHO_sBM_cAll_d19_mHO2_ch02,4.979732266671903,7.983333333333333,ready,,1.0
2959,gHO_sBM_cAll_d19_mHO2_ch02,4.996328466671087,7.983333333333333,ready,,1.0
2960,gHO_sBM_cAll_d19_mHO2_ch02,5.012964666672898,7.983333333333333,ready,,1.0
2961,gHO_sBM_cAll_d19_mHO2_ch02,5.02966386667421,7.983333333333333,ready,,1.0
2962,gHO_sBM_cAll_d19_mHO2_ch02,5.045917366672338,7.983333333333333,ready,,1.0
2963,gHO_sBM_cAll_d19_mHO2_ch02,5.062983566674201,7.983333333333333,ready,,1.0
2964,gHO_sBM_cAll_d19_mHO2_ch02,5.079329666671663,7.983333333333333,ready,,1.0
2965,gHO_sBM_cAll_d19_mHO2_ch02,5.096310466670809,7.983333333333333,ready,,1.0
2966,gHO_sBM_cAll_d19_mHO2_ch02,5.112834366672438,7.983333333333333,ready,,1.0
2967,gHO_sBM_cAll_d19_mHO2_ch02,5.129551166673159,7.983333333333333,ready,,1.0
2968,gHO_sBM_cAll_d19_mHO2_ch02,5.1463651666718615,7.983333333333333,ready,,1.0
2969,gHO_sBM_cAll_d19_mHO2_ch02,5.1628599666738255,7.983333333333333,ready,,1.0
2970,gHO_sBM_cAll_d19_mHO2_ch02,5.179479966672336,7.983333333333333,ready,,1.0
2971,gHO_sBM_cAll_d19_mHO2_ch02,5.196093866671691,7.983333333333333,ready,,1.0
2972,gHO_sBM_cAll_d19_mHO2_ch02,5.2129265666709035,7.983333333333333,ready,,1.0
2973,gHO_sBM_cAll_d19_mHO2_ch02,5.2294678666740575,7.983333333333333,ready,,1.0
2974,gHO_sBM_cAll_d19_mHO2_ch02,5.245905766672038,7.983333333333333,ready,,1.0
2975,gHO_sBM_cAll_d19_mHO2_ch02,5.263005766672975,7.983333333333333,ready,,1.0
2976,gHO_sBM_cAll_d19_mHO2_ch02,5.279590966672073,7.983333333333333,ready,,1.0
2977,gHO_sBM_cAll_d19_mHO2_ch02,5.296247066672618,7.983333333333333,ready,,1.0
2978,gHO_sBM_cAll_d19_mHO2_ch02,5.312964266672747,7.983333333333333,ready,,1.0
2979,gHO_sBM_cAll_d19_mHO2_ch02,5.329665566671859,7.983333333333333,ready,,1.0
2980,gHO_sBM_cAll_d19_mHO2_ch02,5.346188366672388,7.983333333333333,ready,,1.0
2981,gHO_sBM_cAll_d19_mHO2_ch02,5.362696366673,7.983333333333333,ready,,1.0
2982,gHO_sBM_cAll_d19_mHO2_ch02,5.379360566673377,7.983333333333333,ready,,1.0
2983,gHO_sBM_cAll_d19_mHO2_ch02,5.396300866673363,7.983333333333333,ready,,1.0
2984,gHO_sBM_cAll_d19_mHO2_ch02,5.412998466673406,7.983333333333333,ready,,1.0
2985,gHO_sBM_cAll_d19_mHO2_ch02,5.429200666673812,7.983333333333333,ready,,1.0
2986,gHO_sBM_cAll_d19_mHO2_ch02,5.446262666672798,7.983333333333333,ready,,1.0
2987,gHO_sBM_cAll_d19_mHO2_ch02,5.462806266671637,7.983333333333333,ready,,1.0
2988,gHO_sBM_cAll_d19_mHO2_ch02,5.479439866671841,7.983333333333333,ready,,1.0
2989,gHO_sBM_cAll_d19_mHO2_ch02,5.4963752666708965,7.983333333333333,ready,,1.0
2990,gHO_sBM_cAll_d19_mHO2_ch02,5.512595566670882,7.983333333333333,ready,,1.0
2991,gHO_sBM_cAll_d19_mHO2_ch02,5.52939606667229,7.983333333333333,ready,,0.9998412259756506
2992,gHO_sBM_cAll_d19_mHO2_ch02,5.546143566673946,7.983333333333333,ready,,0.9981279498830308
2993,gHO_sBM_cAll_d19_mHO2_ch02,5.562810366672292,7.983333333333333,ready,,0.9931878289305128
2994,gHO_sBM_cAll_d19_mHO2_ch02,5.579683566674301,7.983333333333333,ready,,0.9835741029173659
2995,gHO_sBM_cAll_d19_mHO2_ch02,5.596361566674257,7.983333333333333,ready,,0.9685709018232722
2996,gHO_sBM_cAll_d19_mHO2_ch02,5.612579466674157,7.983333333333333,ready,,0.9481657541331757
2997,gHO_sBM_cAll_d19_mHO2_ch02,5.629660166673653,7.983333333333333,ready,,0.9201740639751682
2998,gHO_sBM_cAll_d19_mHO2_ch02,5.645886166673385,7.983333333333333,ready,,0.8873843591741204
2999,gHO_sBM_cAll_d19_mHO2_ch02,5.662526066674267,7.983333333333333,ready,,0.8477017622159841
3000,gHO_sBM_cAll_d19_mHO2_ch02,5.67922746667414,7.983333333333333,ready,,0.8021373146554319
3001,gHO_sBM_cAll_d19_mHO2_ch02,5.696034666671996,7.983333333333333,ready,,0.7511125459015673
3002,gHO_sBM_cAll_d19_mHO2_ch02,5.713006566672494,7.983333333333333,ready,,0.6951304255246136
3003,gHO_sBM_cAll_d19_mHO2_ch02,5.729594766672608,7.983333333333333,ready,,0.6369951141843286
3004,gHO_sBM_cAll_d19_mHO2_ch02,5.745989266671176,7.983333333333333,ready,,0.5771873467996251
3005,gHO_sBM_cAll_d19_mHO2_ch02,5.76259196667256,7.983333333333333,ready,,0.515277419074459
3006,gHO_sBM_cAll_d19_mHO2_ch02,5.779333366671423,7.983333333333333,ready,,0.45258110486949665
3007,gHO_sBM_cAll_d19_mHO2_ch02,5.796220566670896,7.983333333333333,ready,,0.3902010801754854
3008,gHO_sBM_cAll_d19_mHO2_ch02,5.81254656667174,7.983333333333333,ready,,0.3317743673942479
3009,gHO_sBM_cAll_d19_mHO2_ch02,5.829638766671491,7.983333333333333,ready,,0.2736530963935527
3010,gHO_sBM_cAll_d19_mHO2_ch02,5.84624276667186,7.983333333333333,ready,,0.2211331388891482
3011,gHO_sBM_cAll_d19_mHO2_ch02,5.862937766673933,7.983333333333333,ready,,0.17308573182194603
3012,gHO_sBM_cAll_d19_mHO2_ch02,5.8796052666739715,7.983333333333333,ready,,0.13057422378295455
3013,gHO_sBM_cAll_d19_mHO2_ch02,5.896174866670699,7.983333333333333,ready,,0.09423565043925503
3014,gHO_sBM_cAll_d19_mHO2_ch02,5.912721066671146,7.983333333333333,ready,,0.06415994402228141
3015,gHO_sBM_cAll_d19_mHO2_ch02,5.92931406667143,7.983333333333333,ready,,0.04032607483175648
3016,gHO_sBM_cAll_d19_mHO2_ch02,5.94609596667309,7.983333333333333,ready,,0.022500064112759253
3017,gHO_sBM_cAll_d19_mHO2_ch02,5.962674166673456,7.983333333333333,ready,,0.010640370469420905
3018,gHO_sBM_cAll_d19_mHO2_ch02,5.979298866671375,7.983333333333333,ready,,0.0037203266189910007
3019,gHO_sBM_cAll_d19_mHO2_ch02,5.996243366674238,7.983333333333333,ready,,0.0006404295576896114
3020,gHO_sBM_cAll_d19_mHO2_ch02,6.01288476667199,7.983333333333333,ready,,4.278382871972132e-06
3021,gHO_sBM_cAll_d19_mHO2_ch02,6.016666666666667,7.983333333333333,executing,switch_start,0.0
3022,gHO_sBM_cAll_d19_mHO2_ch02,6.016666666666667,7.983333333333333,executing,,0.0
3023,gHO_sBM_cAll_d19_mHO2_ch02,6.016666666666667,7.983333333333333,executing,,0.0
3024,gHO_sBM_cAll_d19_mHO2_ch02,6.016666666666667,7.983333333333333,executing,,0.0
3025,gHO_sBM_cAll_d19_mHO2_ch02,6.016666666666667,7.983333333333333,executing,,0.0
3026,gHO_sBM_cAll_d19_mHO2_ch02,6.016666666666667,7.983333333333333,executing,,0.0
3027,gHO_sBM_cAll_d19_mHO2_ch02,6.016666666666667,7.983333333333333,executing,,0.0
3028,gHO_sBM_cAll_d19_mHO2_ch02,6.016666666666667,7.983333333333333,executing,,0.0
3029,gHO_sBM_cAll_d19_mHO2_ch02,6.016666666666667,7.983333333333333,executing,,0.0
3030,gHO_sBM_cAll_d19_mHO2_ch02,6.016666666666667,7.983333333333333,executing,,0.0
3031,gHO_sBM_cAll_d19_mHO2_ch02,6.016666666666667,7.983333333333333,executing,,0.0
3032,gHO_sBM_cAll_d19_mHO2_ch02,6.016666666666667,7.983333333333333,executing,,0.0
3033,gHO_sBM_cAll_d19_mHO2_ch02,6.016666666666667,7.983333333333333,executing,,0.0
3034,gHO_sBM_cAll_d19_mHO2_ch02,6.016666666666667,7.983333333333333,executing,,0.0
3035,gHO_sBM_cAll_d19_mHO2_ch02,6.016666666666667,7.983333333333333,executing,,0.0
3036,gHO_sBM_cAll_d19_mHO2_ch02,6.016666666666667,7.983333333333333,executing,,0.0
3037,gHO_sBM_cAll_d19_mHO2_ch02,6.016666666666667,7.983333333333333,executing,,0.0
3038,gHO_sBM_cAll_d19_mHO2_ch02,6.016666666666667,7.983333333333333,executing,,0.0
3039,gHO_sBM_cAll_d19_mHO2_ch02,6.016666666666667,7.983333333333333,executing,,0.0
3040,gHO_sBM_cAll_d19_mHO2_ch02,6.016666666666667,7.983333333333333,executing,,0.0
3041,gHO_sBM_cAll_d19_mHO2_ch02,6.016666666666667,7.983333333333333,executing,,0.0
3042,gHO_sBM_cAll_d20_mHO5_ch05,0.46275280000481867,7.083333333333333,awaiting_preparation,switch_complete,0.00015963983035611166
3043,gHO_sBM_cAll_d20_mHO5_ch05,0.4794250000079045,7.083333333333333,preparing,,0.0018624815458469582
3044,gHO_sBM_cAll_d20_mHO5_ch05,0.49596570000649065,7.083333333333333,preparing,,0.00673748381013829
3045,gHO_sBM_cAll_d20_mHO5_ch05,0.5127057000056081,7.083333333333333,preparing,,0.01620030884649425
3046,gHO_sBM_cAll_d20_mHO5_ch05,0.5295045000049864,7.083333333333333,preparing,,0.031224412648912174
3047,gHO_sBM_cAll_d20_mHO5_ch05,0.5460374000060252,7.083333333333333,preparing,,0.052014100937426457
3048,gHO_sBM_cAll_d20_mHO5_ch05,0.5627253000049672,7.083333333333333,preparing,,0.07933441408833837
3049,gHO_sBM_cAll_d20_mHO5_ch05,0.5794579000059451,7.083333333333333,preparing,,0.11314164467376746
3050,gHO_sBM_cAll_d20_mHO5_ch05,0.5959973000055464,7.083333333333333,preparing,,0.15265166267351113
3051,gHO_sBM_cAll_d20_mHO5_ch05,0.6126639000060089,7.083333333333333,preparing,,0.19816060235197286
3052,gHO_sBM_cAll_d20_mHO5_ch05,0.6294239000082591,7.083333333333333,preparing,,0.24906497370941372
3053,gHO_sBM_cAll_d20_mHO5_ch05,0.6462289000075535,7.083333333333333,preparing,,0.3044908704162402
3054,gHO_sBM_cAll_d20_mHO5_ch05,0.6627287000075731,7.083333333333333,preparing,,0.36228983241813784
3055,gHO_sBM_cAll_d20_mHO5_ch05,0.6794856000080463,7.083333333333333,preparing,,0.42341563414989764
3056,gHO_sBM_cAll_d20_mHO5_ch05,0.6961292000079984,7.083333333333333,preparing,,0.48548681972533736
3057,gHO_sBM_cAll_d20_mHO5_ch05,0.7127952000075302,7.083333333333333,preparing,,0.5478982741316406
3058,gHO_sBM_cAll_d20_mHO5_ch05,0.7293741000059517,7.083333333333333,preparing,,0.6091432705158875
3059,gHO_sBM_cAll_d20_mHO5_ch05,0.7459120000050452,7.083333333333333,preparing,,0.6683380303384253
3060,gHO_sBM_cAll_d20_mHO5_ch05,0.7627818000066316,7.083333333333333,preparing,,0.725720705583078
3061,gHO_sBM_cAll_d20_mHO5_ch05,0.7793410000078428,7.083333333333333,preparing,,0.7781543604527692
3062,gHO_sBM_cAll_d20_mHO5_ch05,0.7959078000050784,7.083333333333333,preparing,,0.825924690209102
3063,gHO_sBM_cAll_d20_mHO5_ch05,0.8125662000049477,7.083333333333333,preparing,,0.8685396187201087
3064,gHO_sBM_cAll_d20_mHO5_ch05,0.8294808000056935,7.083333333333333,preparing,,0.9057093389483882
3065,gHO_sBM_cAll_d20_mHO5_ch05,0.8460321000049578,7.083333333333333,preparing,,0.9358037676708332
3066,gHO_sBM_cAll_d20_mHO5_ch05,0.8626524000057532,7.083333333333333,preparing,,0.9596801615346682
3067,gHO_sBM_cAll_d20_mHO5_ch05,0.8792525000055309,7.083333333333333,preparing,,0.9773437311117641
3068,gHO_sBM_cAll_d20_mHO5_ch05,0.8959515000053203,7.083333333333333,preparing,,0.9893284258169363
3069,gHO_sBM_cAll_d20_mHO5_ch05,0.9126739000050279,7.083333333333333,preparing,,0.9962916250473878
3070,gHO_sBM_cAll_d20_mHO5_ch05,0.9295184000067805,7.083333333333333,preparing,,0.9993541865784422
3071,gHO_sBM_cAll_d20_mHO5_ch05,0.9461726000074108,7.083333333333333,preparing,,0.9999955659408544
3072,gHO_sBM_cAll_d20_mHO5_ch05,0.9627820000052437,7.083333333333333,preparing,,1.0
3073,gHO_sBM_cAll_d20_mHO5_ch05,0.982727100006012,7.083333333333333,ready,,1.0
3074,gHO_sBM_cAll_d20_mHO5_ch05,0.9959827000049684,7.083333333333333,ready,,1.0
3075,gHO_sBM_cAll_d20_mHO5_ch05,1.0126823000056886,7.083333333333333,ready,,1.0
3076,gHO_sBM_cAll_d20_mHO5_ch05,1.0293191000047939,7.083333333333333,ready,,1.0
3077,gHO_sBM_cAll_d20_mHO5_ch05,1.0458572000054103,7.083333333333333,ready,,1.0
3078,gHO_sBM_cAll_d20_mHO5_ch05,1.0625890000075726,7.083333333333333,ready,,1.0
3079,gHO_sBM_cAll_d20_mHO5_ch05,1.0793569000081318,7.083333333333333,ready,,1.0
3080,gHO_sBM_cAll_d20_mHO5_ch05,1.0960948000058108,7.083333333333333,ready,,1.0
3081,gHO_sBM_cAll_d20_mHO5_ch05,1.1126301000069345,7.083333333333333,ready,,1.0
3082,gHO_sBM_cAll_d20_mHO5_ch05,1.1293165000053689,7.083333333333333,ready,,1.0
3083,gHO_sBM_cAll_d20_mHO5_ch05,1.14633340000655,7.083333333333333,ready,,1.0
3084,gHO_sBM_cAll_d20_mHO5_ch05,1.1625893000047638,7.083333333333333,ready,,1.0
3085,gHO_sBM_cAll_d20_mHO5_ch05,1.1793817000063411,7.083333333333333,ready,,1.0
3086,gHO_sBM_cAll_d20_mHO5_ch05,1.1959824000070496,7.083333333333333,ready,,1.0
3087,gHO_sBM_cAll_d20_mHO5_ch05,1.2127097000076885,7.083333333333333,ready,,1.0
3088,gHO_sBM_cAll_d20_mHO5_ch05,1.2295933000052157,7.083333333333333,ready,,1.0
3089,gHO_sBM_cAll_d20_mHO5_ch05,1.2462604000058475,7.083333333333333,ready,,1.0
3090,gHO_sBM_cAll_d20_mHO5_ch05,1.2626029000050023,7.083333333333333,ready,,1.0
3091,gHO_sBM_cAll_d20_mHO5_ch05,1.2792463000070695,7.083333333333333,ready,,1.0
3092,gHO_sBM_cAll_d20_mHO5_ch05,1.2959253000073643,7.083333333333333,ready,,1.0
3093,gHO_sBM_cAll_d20_mHO5_ch05,1.3128307000071784,7.083333333333333,ready,,1.0
3094,gHO_sBM_cAll_d20_mHO5_ch05,1.3295966000070605,7.083333333333333,ready,,1.0
3095,gHO_sBM_cAll_d20_mHO5_ch05,1.3459285000055372,7.083333333333333,ready,,1.0
3096,gHO_sBM_cAll_d20_mHO5_ch05,1.3625495000080248,7.083333333333333,ready,,1.0
3097,gHO_sBM_cAll_d20_mHO5_ch05,1.3792342000080664,7.083333333333333,ready,,1.0
3098,gHO_sBM_cAll_d20_mHO5_ch05,1.3959459000063346,7.083333333333333,ready,,1.0
3099,gHO_sBM_cAll_d20_mHO5_ch05,1.4129249000063266,7.083333333333333,ready,,1.0
3100,gHO_sBM_cAll_d20_mHO5_ch05,1.4294616000071967,7.083333333333333,ready,,1.0
3101,gHO_sBM_cAll_d20_mHO5_ch05,1.4460851000068926,7.083333333333333,ready,,1.0
3102,gHO_sBM_cAll_d20_mHO5_ch05,1.4627659000063415,7.083333333333333,ready,,1.0
3103,gHO_sBM_cAll_d20_mHO5_ch05,1.479423900006803,7.083333333333333,ready,,1.0
3104,gHO_sBM_cAll_d20_mHO5_ch05,1.4961569000071888,7.083333333333333,ready,,1.0
3105,gHO_sBM_cAll_d20_mHO5_ch05,1.5128802000064736,7.083333333333333,ready,,1.0
3106,gHO_sBM_cAll_d20_mHO5_ch05,1.5295986000048272,7.083333333333333,ready,,1.0
3107,gHO_sBM_cAll_d20_mHO5_ch05,1.5463193000061422,7.083333333333333,ready,,1.0
3108,gHO_sBM_cAll_d20_mHO5_ch05,1.562929100007021,7.083333333333333,ready,,1.0
3109,gHO_sBM_cAll_d20_mHO5_ch05,1.5796533000058828,7.083333333333333,ready,,1.0
3110,gHO_sBM_cAll_d20_mHO5_ch05,1.596203900007093,7.083333333333333,ready,,1.0
3111,gHO_sBM_cAll_d20_mHO5_ch05,1.6128933000065429,7.083333333333333,ready,,1.0
3112,gHO_sBM_cAll_d20_mHO5_ch05,1.6292412000067982,7.083333333333333,ready,,1.0
3113,gHO_sBM_cAll_d20_mHO5_ch05,1.6459737000070147,7.083333333333333,ready,,1.0
3114,gHO_sBM_cAll_d20_mHO5_ch05,1.6626932000064683,7.083333333333333,ready,,1.0
3115,gHO_sBM_cAll_d20_mHO5_ch05,1.6794752000052524,7.083333333333333,ready,,1.0
3116,gHO_sBM_cAll_d20_mHO5_ch05,1.695863500007543,7.083333333333333,ready,,1.0
3117,gHO_sBM_cAll_d20_mHO5_ch05,1.7126800000070928,7.083333333333333,ready,,1.0
3118,gHO_sBM_cAll_d20_mHO5_ch05,1.7294788000064711,7.083333333333333,ready,,1.0
3119,gHO_sBM_cAll_d20_mHO5_ch05,1.7459158000048758,7.083333333333333,ready,,1.0
3120,gHO_sBM_cAll_d20_mHO5_ch05,1.7626493000054309,7.083333333333333,ready,,1.0
3121,gHO_sBM_cAll_d20_mHO5_ch05,1.77938460000514,7.083333333333333,ready,,1.0
3122,gHO_sBM_cAll_d20_mHO5_ch05,1.7962436000081636,7.083333333333333,ready,,1.0
3123,gHO_sBM_cAll_d20_mHO5_ch05,1.812653000007411,7.083333333333333,ready,,1.0
3124,gHO_sBM_cAll_d20_mHO5_ch05,1.829483200005778,7.083333333333333,ready,,1.0
3125,gHO_sBM_cAll_d20_mHO5_ch05,1.8458675000067144,7.083333333333333,ready,,1.0
3126,gHO_sBM_cAll_d20_mHO5_ch05,1.8629884000067234,7.083333333333333,ready,,1.0
3127,gHO_sBM_cAll_d20_mHO5_ch05,1.8796708000074416,7.083333333333333,ready,,1.0
3128,gHO_sBM_cAll_d20_mHO5_ch05,1.8962769000056126,7.083333333333333,ready,,1.0
3129,gHO_sBM_cAll_d20_mHO5_ch05,1.9130053000073515,7.083333333333333,ready,,1.0
3130,gHO_sBM_cAll_d20_mHO5_ch05,1.9295921000077199,7.083333333333333,ready,,1.0
3131,gHO_sBM_cAll_d20_mHO5_ch05,1.9462234000049632,7.083333333333333,ready,,1.0
3132,gHO_sBM_cAll_d20_mHO5_ch05,1.9628307000049956,7.083333333333333,ready,,1.0
3133,gHO_sBM_cAll_d20_mHO5_ch05,1.979436900007566,7.083333333333333,ready,,1.0
3134,gHO_sBM_cAll_d20_mHO5_ch05,1.996280800008388,7.083333333333333,ready,,1.0
3135,gHO_sBM_cAll_d20_mHO5_ch05,2.012955200006399,7.083333333333333,ready,,1.0
3136,gHO_sBM_cAll_d20_mHO5_ch05,2.029609300006268,7.083333333333333,ready,,1.0
3137,gHO_sBM_cAll_d20_mHO5_ch05,2.046273000006477,7.083333333333333,ready,,1.0
3138,gHO_sBM_cAll_d20_mHO5_ch05,2.0629102000049904,7.083333333333333,ready,,1.0
3139,gHO_sBM_cAll_d20_mHO5_ch05,2.0793411000078788,7.083333333333333,ready,,1.0
3140,gHO_sBM_cAll_d20_mHO5_ch05,2.0959691000054606,7.083333333333333,ready,,1.0
3141,gHO_sBM_cAll_d20_mHO5_ch05,2.1128026000071283,7.083333333333333,ready,,1.0
3142,gHO_sBM_cAll_d20_mHO5_ch05,2.1299238000057845,7.083333333333333,ready,,1.0
3143,gHO_sBM_cAll_d20_mHO5_ch05,2.1459494000075248,7.083333333333333,ready,,1.0
3144,gHO_sBM_cAll_d20_mHO5_ch05,2.162750400005466,7.083333333333333,ready,,1.0
3145,gHO_sBM_cAll_d20_mHO5_ch05,2.1796504000078185,7.083333333333333,ready,,1.0
3146,gHO_sBM_cAll_d20_mHO5_ch05,2.1959649000047707,7.083333333333333,ready,,1.0
3147,gHO_sBM_cAll_d20_mHO5_ch05,2.212720300008375,7.083333333333333,ready,,1.0
3148,gHO_sBM_cAll_d20_mHO5_ch05,2.2294275000051207,7.083333333333333,ready,,1.0
3149,gHO_sBM_cAll_d20_mHO5_ch05,2.2459585000062443,7.083333333333333,ready,,1.0
3150,gHO_sBM_cAll_d20_mHO5_ch05,2.2625134000074554,7.083333333333333,ready,,1.0
3151,gHO_sBM_cAll_d20_mHO5_ch05,2.279692400006034,7.083333333333333,ready,,1.0
3152,gHO_sBM_cAll_d20_mHO5_ch05,2.2961289000079077,7.083333333333333,ready,,1.0
3153,gHO_sBM_cAll_d20_mHO5_ch05,2.312716500007092,7.083333333333333,ready,,1.0
3154,gHO_sBM_cAll_d20_mHO5_ch05,2.3296052000070744,7.083333333333333,ready,,1.0
3155,gHO_sBM_cAll_d20_mHO5_ch05,2.3460475000058185,7.083333333333333,ready,,1.0
3156,gHO_sBM_cAll_d20_mHO5_ch05,2.3626416000072035,7.083333333333333,ready,,1.0
3157,gHO_sBM_cAll_d20_mHO5_ch05,2.3793793000069985,7.083333333333333,ready,,1.0
3158,gHO_sBM_cAll_d20_mHO5_ch05,2.396048100006024,7.083333333333333,ready,,1.0
3159,gHO_sBM_cAll_d20_mHO5_ch05,2.4126587000057187,7.083333333333333,ready,,1.0
3160,gHO_sBM_cAll_d20_mHO5_ch05,2.4292662000072744,7.083333333333333,ready,,1.0
3161,gHO_sBM_cAll_d20_mHO5_ch05,2.4462478000052372,7.083333333333333,ready,,1.0
3162,gHO_sBM_cAll_d20_mHO5_ch05,2.462970200004946,7.083333333333333,ready,,1.0
3163,gHO_sBM_cAll_d20_mHO5_ch05,2.4794457000054706,7.083333333333333,ready,,1.0
3164,gHO_sBM_cAll_d20_mHO5_ch05,2.496178200005688,7.083333333333333,ready,,1.0
3165,gHO_sBM_cAll_d20_mHO5_ch05,2.512714300005628,7.083333333333333,ready,,1.0
3166,gHO_sBM_cAll_d20_mHO5_ch05,2.529538700007125,7.083333333333333,ready,,1.0
3167,gHO_sBM_cAll_d20_mHO5_ch05,2.546003600006972,7.083333333333333,ready,,1.0
3168,gHO_sBM_cAll_d20_mHO5_ch05,2.5629215000073806,7.083333333333333,ready,,1.0
3169,gHO_sBM_cAll_d20_mHO5_ch05,2.579555100007586,7.083333333333333,ready,,1.0
3170,gHO_sBM_cAll_d20_mHO5_ch05,2.595863000005214,7.083333333333333,ready,,1.0
3171,gHO_sBM_cAll_d20_mHO5_ch05,2.612825500006897,7.083333333333333,ready,,1.0
3172,gHO_sBM_cAll_d20_mHO5_ch05,2.629582800006779,7.083333333333333,ready,,1.0
3173,gHO_sBM_cAll_d20_mHO5_ch05,2.646300900006487,7.083333333333333,ready,,1.0
3174,gHO_sBM_cAll_d20_mHO5_ch05,2.662671300007084,7.083333333333333,ready,,1.0
3175,gHO_sBM_cAll_d20_mHO5_ch05,2.679399500007301,7.083333333333333,ready,,1.0
3176,gHO_sBM_cAll_d20_mHO5_ch05,2.6959679000058063,7.083333333333333,ready,,1.0
3177,gHO_sBM_cAll_d20_mHO5_ch05,2.7126507000059332,7.083333333333333,ready,,1.0
3178,gHO_sBM_cAll_d20_mHO5_ch05,2.7295509000061706,7.083333333333333,ready,,1.0
3179,gHO_sBM_cAll_d20_mHO5_ch05,2.746228300005197,7.083333333333333,ready,,1.0
3180,gHO_sBM_cAll_d20_mHO5_ch05,2.7628855000068433,7.083333333333333,ready,,1.0
3181,gHO_sBM_cAll_d20_mHO5_ch05,2.779361000007368,7.083333333333333,ready,,1.0
3182,gHO_sBM_cAll_d20_mHO5_ch05,2.7960737000059757,7.083333333333333,ready,,1.0
3183,gHO_sBM_cAll_d20_mHO5_ch05,2.812843600007213,7.083333333333333,ready,,1.0
3184,gHO_sBM_cAll_d20_mHO5_ch05,2.8295167000062387,7.083333333333333,ready,,1.0
3185,gHO_sBM_cAll_d20_mHO5_ch05,2.846214600004929,7.083333333333333,ready,,1.0
3186,gHO_sBM_cAll_d20_mHO5_ch05,2.8628192000062307,7.083333333333333,ready,,1.0
3187,gHO_sBM_cAll_d20_mHO5_ch05,2.879217900007677,7.083333333333333,ready,,1.0
3188,gHO_sBM_cAll_d20_mHO5_ch05,2.896277600007341,7.083333333333333,ready,,1.0
3189,gHO_sBM_cAll_d20_mHO5_ch05,2.9129324000052645,7.083333333333333,ready,,1.0
3190,gHO_sBM_cAll_d20_mHO5_ch05,2.929347200005613,7.083333333333333,ready,,1.0
3191,gHO_sBM_cAll_d20_mHO5_ch05,2.945927500007419,7.083333333333333,ready,,1.0
3192,gHO_sBM_cAll_d20_mHO5_ch05,2.9629780000061516,7.083333333333333,ready,,1.0
3193,gHO_sBM_cAll_d20_mHO5_ch05,2.979437300007013,7.083333333333333,ready,,1.0
3194,gHO_sBM_cAll_d20_mHO5_ch05,2.996152100007059,7.083333333333333,ready,,1.0
3195,gHO_sBM_cAll_d20_mHO5_ch05,3.012603600006735,7.083333333333333,ready,,1.0
3196,gHO_sBM_cAll_d20_mHO5_ch05,3.029388000005605,7.083333333333333,ready,,1.0
3197,gHO_sBM_cAll_d20_mHO5_ch05,3.046007300006062,7.083333333333333,ready,,1.0
3198,gHO_sBM_cAll_d20_mHO5_ch05,3.0628791000083266,7.083333333333333,ready,,1.0
3199,gHO_sBM_cAll_d20_mHO5_ch05,3.0794906000075986,7.083333333333333,ready,,1.0
3200,gHO_sBM_cAll_d20_mHO5_ch05,3.09626120000689,7.083333333333333,ready,,1.0
3201,gHO_sBM_cAll_d20_mHO5_ch05,3.112827800006241,7.083333333333333,ready,,1.0
3202,gHO_sBM_cAll_d20_mHO5_ch05,3.12960210000824,7.083333333333333,ready,,1.0
3203,gHO_sBM_cAll_d20_mHO5_ch05,3.1462262000052292,7.083333333333333,ready,,1.0
3204,gHO_sBM_cAll_d20_mHO5_ch05,3.1629223000084035,7.083333333333333,ready,,1.0
3205,gHO_sBM_cAll_d20_mHO5_ch05,3.17955750000624,7.083333333333333,ready,,1.0
3206,gHO_sBM_cAll_d20_mHO5_ch05,3.196259700004931,7.083333333333333,ready,,1.0
3207,gHO_sBM_cAll_d20_mHO5_ch05,3.2126127000076408,7.083333333333333,ready,,1.0
3208,gHO_sBM_cAll_d20_mHO5_ch05,3.2293748000076925,7.083333333333333,ready,,1.0
3209,gHO_sBM_cAll_d20_mHO5_ch05,3.246086200007315,7.083333333333333,ready,,1.0
3210,gHO_sBM_cAll_d20_mHO5_ch05,3.2626581000070054,7.083333333333333,ready,,1.0
3211,gHO_sBM_cAll_d20_mHO5_ch05,3.2793007000066194,7.083333333333333,ready,,1.0
3212,gHO_sBM_cAll_d20_mHO5_ch05,3.296090300005067,7.083333333333333,ready,,1.0
3213,gHO_sBM_cAll_d20_mHO5_ch05,3.312704900006116,7.083333333333333,ready,,1.0
3214,gHO_sBM_cAll_d20_mHO5_ch05,3.329461600005067,7.083333333333333,ready,,1.0
3215,gHO_sBM_cAll_d20_mHO5_ch05,3.346140400007478,7.083333333333333,ready,,1.0
3216,gHO_sBM_cAll_d20_mHO5_ch05,3.3627073000054755,7.083333333333333,ready,,1.0
3217,gHO_sBM_cAll_d20_mHO5_ch05,3.3794891000063756,7.083333333333333,ready,,1.0
3218,gHO_sBM_cAll_d20_mHO5_ch05,3.3961010000050553,7.083333333333333,ready,,1.0
3219,gHO_sBM_cAll_d20_mHO5_ch05,3.4128921000076486,7.083333333333333,ready,,1.0
3220,gHO_sBM_cAll_d20_mHO5_ch05,3.4294498000083524,7.083333333333333,ready,,1.0
3221,gHO_sBM_cAll_d20_mHO5_ch05,3.4459873000080385,7.083333333333333,ready,,1.0
3222,gHO_sBM_cAll_d20_mHO5_ch05,3.462615400006382,7.083333333333333,ready,,1.0
3223,gHO_sBM_cAll_d20_mHO5_ch05,3.479492000005178,7.083333333333333,ready,,1.0
3224,gHO_sBM_cAll_d20_mHO5_ch05,3.495989800008159,7.083333333333333,ready,,1.0
3225,gHO_sBM_cAll_d20_mHO5_ch05,3.5127139000062604,7.083333333333333,ready,,1.0
3226,gHO_sBM_cAll_d20_mHO5_ch05,3.5294693000062267,7.083333333333333,ready,,1.0
3227,gHO_sBM_cAll_d20_mHO5_ch05,3.5460005000052353,7.083333333333333,ready,,1.0
3228,gHO_sBM_cAll_d20_mHO5_ch05,3.562559100005516,7.083333333333333,ready,,1.0
3229,gHO_sBM_cAll_d20_mHO5_ch05,3.5793604000057417,7.083333333333333,ready,,1.0
3230,gHO_sBM_cAll_d20_mHO5_ch05,3.5959360000081397,7.083333333333333,ready,,1.0
3231,gHO_sBM_cAll_d20_mHO5_ch05,3.6126424000060697,7.083333333333333,ready,,1.0
3232,gHO_sBM_cAll_d20_mHO5_ch05,3.629480000006215,7.083333333333333,ready,,1.0
3233,gHO_sBM_cAll_d20_mHO5_ch05,3.6458973000074097,7.083333333333333,ready,,1.0
3234,gHO_sBM_cAll_d20_mHO5_ch05,3.662629100005935,7.083333333333333,ready,,1.0
3235,gHO_sBM_cAll_d20_mHO5_ch05,3.6793079000083457,7.083333333333333,ready,,1.0
3236,gHO_sBM_cAll_d20_mHO5_ch05,3.6959515000082983,7.083333333333333,ready,,1.0
3237,gHO_sBM_cAll_d20_mHO5_ch05,3.7127223000054745,7.083333333333333,ready,,1.0
3238,gHO_sBM_cAll_d20_mHO5_ch05,3.7293137000081282,7.083333333333333,ready,,1.0
3239,gHO_sBM_cAll_d20_mHO5_ch05,3.7460021000072405,7.083333333333333,ready,,1.0
3240,gHO_sBM_cAll_d20_mHO5_ch05,3.7627720000048397,7.083333333333333,ready,,1.0
3241,gHO_sBM_cAll_d20_mHO5_ch05,3.7796276000074407,7.083333333333333,ready,,1.0
3242,gHO_sBM_cAll_d20_mHO5_ch05,3.795915500005574,7.083333333333333,ready,,1.0
3243,gHO_sBM_cAll_d20_mHO5_ch05,3.8128754000056495,7.083333333333333,ready,,1.0
3244,gHO_sBM_cAll_d20_mHO5_ch05,3.82919640000844,7.083333333333333,ready,,1.0
3245,gHO_sBM_cAll_d20_mHO5_ch05,3.846372200008118,7.083333333333333,ready,,1.0
3246,gHO_sBM_cAll_d20_mHO5_ch05,3.8627158000083734,7.083333333333333,ready,,1.0
3247,gHO_sBM_cAll_d20_mHO5_ch05,3.879659200006501,7.083333333333333,ready,,1.0
3248,gHO_sBM_cAll_d20_mHO5_ch05,3.896255800005094,7.083333333333333,ready,,1.0
3249,gHO_sBM_cAll_d20_mHO5_ch05,3.9128647000063963,7.083333333333333,ready,,1.0
3250,gHO_sBM_cAll_d20_mHO5_ch05,3.9296306000062793,7.083333333333333,ready,,1.0
3251,gHO_sBM_cAll_d20_mHO5_ch05,3.946121100008244,7.083333333333333,ready,,1.0
3252,gHO_sBM_cAll_d20_mHO5_ch05,3.9626344000055584,7.083333333333333,ready,,1.0
3253,gHO_sBM_cAll_d20_mHO5_ch05,3.979657400005895,7.083333333333333,ready,,1.0
3254,gHO_sBM_cAll_d20_mHO5_ch05,3.9959407000053817,7.083333333333333,ready,,1.0
3255,gHO_sBM_cAll_d20_mHO5_ch05,4.012523900007441,7.083333333333333,ready,,1.0
3256,gHO_sBM_cAll_d20_mHO5_ch05,4.029658100006858,7.083333333333333,ready,,1.0
3257,gHO_sBM_cAll_d20_mHO5_ch05,4.046207300008321,7.083333333333333,ready,,1.0
3258,gHO_sBM_cAll_d20_mHO5_ch05,4.062638600006978,7.083333333333333,ready,,1.0
3259,gHO_sBM_cAll_d20_mHO5_ch05,4.079249900008364,7.083333333333333,ready,,1.0
3260,gHO_sBM_cAll_d20_mHO5_ch05,4.096406900006769,7.083333333333333,ready,,1.0
3261,gHO_sBM_cAll_d20_mHO5_ch05,4.112650300008026,7.083333333333333,ready,,1.0
3262,gHO_sBM_cAll_d20_mHO5_ch05,4.129284400008399,7.083333333333333,ready,,1.0
3263,gHO_sBM_cAll_d20_mHO5_ch05,4.145867800008343,7.083333333333333,ready,,1.0
3264,gHO_sBM_cAll_d20_mHO5_ch05,4.162968400006572,7.083333333333333,ready,,1.0
3265,gHO_sBM_cAll_d20_mHO5_ch05,4.179642500005935,7.083333333333333,ready,,1.0
3266,gHO_sBM_cAll_d20_mHO5_ch05,4.196191500005875,7.083333333333333,ready,,1.0
3267,gHO_sBM_cAll_d20_mHO5_ch05,4.212949100008039,7.083333333333333,ready,,1.0
3268,gHO_sBM_cAll_d20_mHO5_ch05,4.2295753000064655,7.083333333333333,ready,,1.0
3269,gHO_sBM_cAll_d20_mHO5_ch05,4.246280400005409,7.083333333333333,ready,,1.0
3270,gHO_sBM_cAll_d20_mHO5_ch05,4.262535900007852,7.083333333333333,ready,,1.0
3271,gHO_sBM_cAll_d20_mHO5_ch05,4.2796040000059925,7.083333333333333,ready,,1.0
3272,gHO_sBM_cAll_d20_mHO5_ch05,4.296139700006523,7.083333333333333,ready,,1.0
3273,gHO_sBM_cAll_d20_mHO5_ch05,4.312861500005299,7.083333333333333,ready,,1.0
3274,gHO_sBM_cAll_d20_mHO5_ch05,4.329545300005763,7.083333333333333,ready,,1.0
3275,gHO_sBM_cAll_d20_mHO5_ch05,4.34614280000757,7.083333333333333,ready,,1.0
3276,gHO_sBM_cAll_d20_mHO5_ch05,4.362758600006841,7.083333333333333,ready,,1.0
3277,gHO_sBM_cAll_d20_mHO5_ch05,4.379429200005019,7.083333333333333,ready,,1.0
3278,gHO_sBM_cAll_d20_mHO5_ch05,4.396084000006579,7.083333333333333,ready,,1.0
3279,gHO_sBM_cAll_d20_mHO5_ch05,4.412510500005066,7.083333333333333,ready,,1.0
3280,gHO_sBM_cAll_d20_mHO5_ch05,4.429658700005585,7.083333333333333,ready,,1.0
3281,gHO_sBM_cAll_d20_mHO5_ch05,4.446088000007203,7.083333333333333,ready,,1.0
3282,gHO_sBM_cAll_d20_mHO5_ch05,4.462757600005042,7.083333333333333,ready,,1.0
3283,gHO_sBM_cAll_d20_mHO5_ch05,4.479642200006545,7.083333333333333,ready,,1.0
3284,gHO_sBM_cAll_d20_mHO5_ch05,4.4961528000051265,7.083333333333333,ready,,1.0
3285,gHO_sBM_cAll_d20_mHO5_ch05,4.512830200007789,7.083333333333333,ready,,1.0
3286,gHO_sBM_cAll_d20_mHO5_ch05,4.529552300005212,7.083333333333333,ready,,1.0
3287,gHO_sBM_cAll_d20_mHO5_ch05,4.546122200007861,7.083333333333333,ready,,1.0
3288,gHO_sBM_cAll_d20_mHO5_ch05,4.562690900005012,7.083333333333333,ready,,1.0
3289,gHO_sBM_cAll_d20_mHO5_ch05,4.579292500005296,7.083333333333333,ready,,1.0
3290,gHO_sBM_cAll_d20_mHO5_ch05,4.595935800006601,7.083333333333333,ready,,1.0
3291,gHO_sBM_cAll_d20_mHO5_ch05,4.612627300007489,7.083333333333333,ready,,1.0
3292,gHO_sBM_cAll_d20_mHO5_ch05,4.629283500005157,7.083333333333333,ready,,1.0
3293,gHO_sBM_cAll_d20_mHO5_ch05,4.645933200007901,7.083333333333333,ready,,1.0
3294,gHO_sBM_cAll_d20_mHO5_ch05,4.6629325000060335,7.083333333333333,ready,,1.0
3295,gHO_sBM_cAll_d20_mHO5_ch05,4.679616000007851,7.083333333333333,ready,,1.0
3296,gHO_sBM_cAll_d20_mHO5_ch05,4.695948000007088,7.083333333333333,ready,,1.0
3297,gHO_sBM_cAll_d20_mHO5_ch05,4.712558300008135,7.083333333333333,ready,,1.0
3298,gHO_sBM_cAll_d20_mHO5_ch05,4.7292224000077505,7.083333333333333,ready,,1.0
3299,gHO_sBM_cAll_d20_mHO5_ch05,4.746267100005973,7.083333333333333,ready,,1.0
3300,gHO_sBM_cAll_d20_mHO5_ch05,4.76299170000788,7.083333333333333,ready,,1.0
3301,gHO_sBM_cAll_d20_mHO5_ch05,4.779522200005195,7.083333333333333,ready,,1.0
3302,gHO_sBM_cAll_d20_mHO5_ch05,4.796349300005422,7.083333333333333,ready,,1.0
3303,gHO_sBM_cAll_d20_mHO5_ch05,4.812656500004994,7.083333333333333,ready,,1.0
3304,gHO_sBM_cAll_d20_mHO5_ch05,4.829325600006302,7.083333333333333,ready,,1.0
3305,gHO_sBM_cAll_d20_mHO5_ch05,4.846008300005666,7.083333333333333,ready,,1.0
3306,gHO_sBM_cAll_d20_mHO5_ch05,4.8627366000066425,7.083333333333333,ready,,1.0
3307,gHO_sBM_cAll_d20_mHO5_ch05,4.879636700006117,7.083333333333333,ready,,1.0
3308,gHO_sBM_cAll_d20_mHO5_ch05,4.896228000008008,7.083333333333333,ready,,1.0
3309,gHO_sBM_cAll_d20_mHO5_ch05,4.912824500005838,7.083333333333333,ready,,1.0
3310,gHO_sBM_cAll_d20_mHO5_ch05,4.929535800008336,7.083333333333333,ready,,1.0
3311,gHO_sBM_cAll_d20_mHO5_ch05,4.946249700005165,7.083333333333333,ready,,1.0
3312,gHO_sBM_cAll_d20_mHO5_ch05,4.962997500005467,7.083333333333333,ready,,1.0
3313,gHO_sBM_cAll_d20_mHO5_ch05,4.979463700007935,7.083333333333333,ready,,1.0
3314,gHO_sBM_cAll_d20_mHO5_ch05,4.996048000007456,7.083333333333333,ready,,1.0
3315,gHO_sBM_cAll_d20_mHO5_ch05,5.0127630000053855,7.083333333333333,ready,,1.0
3316,gHO_sBM_cAll_d20_mHO5_ch05,5.029209800005652,7.083333333333333,ready,,1.0
3317,gHO_sBM_cAll_d20_mHO5_ch05,5.046314300008111,7.083333333333333,ready,,1.0
3318,gHO_sBM_cAll_d20_mHO5_ch05,5.062608500006921,7.083333333333333,ready,,1.0
3319,gHO_sBM_cAll_d20_mHO5_ch05,5.079218500005684,7.083333333333333,ready,,1.0
3320,gHO_sBM_cAll_d20_mHO5_ch05,5.095974200007933,7.083333333333333,ready,,1.0
3321,gHO_sBM_cAll_d20_mHO5_ch05,5.112653200008227,7.083333333333333,ready,,1.0
3322,gHO_sBM_cAll_d20_mHO5_ch05,5.129321000006912,7.083333333333333,ready,,1.0
3323,gHO_sBM_cAll_d20_mHO5_ch05,5.146075700005184,7.083333333333333,ready,,1.0
3324,gHO_sBM_cAll_d20_mHO5_ch05,5.162657800006143,7.083333333333333,ready,,1.0
3325,gHO_sBM_cAll_d20_mHO5_ch05,5.179201500005744,7.083333333333333,ready,,0.9998483056526244
3326,gHO_sBM_cAll_d20_mHO5_ch05,5.196059200006144,7.083333333333333,ready,,0.9981434881235483
3327,gHO_sBM_cAll_d20_mHO5_ch05,5.212705100005419,7.083333333333333,ready,,0.9932320605862882
3328,gHO_sBM_cAll_d20_mHO5_ch05,5.229679900006171,7.083333333333333,ready,,0.9835767720156356
3329,gHO_sBM_cAll_d20_mHO5_ch05,5.246091600008379,7.083333333333333,ready,,0.9688608887093078
3330,gHO_sBM_cAll_d20_mHO5_ch05,5.26281580000724,7.083333333333333,ready,,0.9478243136694439
3331,gHO_sBM_cAll_d20_mHO5_ch05,5.27918210000572,7.083333333333333,ready,,0.9210490477303648
3332,gHO_sBM_cAll_d20_mHO5_ch05,5.295867100008045,7.083333333333333,ready,,0.8874263731817146
3333,gHO_sBM_cAll_d20_mHO5_ch05,5.3129980000078,7.083333333333333,ready,,0.8464906145756638
3334,gHO_sBM_cAll_d20_mHO5_ch05,5.329349400005602,7.083333333333333,ready,,0.801784955851045
3335,gHO_sBM_cAll_d20_mHO5_ch05,5.345925400007406,7.083333333333333,ready,,0.7514593992990255
3336,gHO_sBM_cAll_d20_mHO5_ch05,5.362686800005764,7.083333333333333,ready,,0.696220977870052
3337,gHO_sBM_cAll_d20_mHO5_ch05,5.379313800006644,7.083333333333333,ready,,0.638002567577725
3338,gHO_sBM_cAll_d20_mHO5_ch05,5.395854100005821,7.083333333333333,ready,,0.5776872654554834
3339,gHO_sBM_cAll_d20_mHO5_ch05,5.4126299000083264,7.083333333333333,ready,,0.5151352439317585
3340,gHO_sBM_cAll_d20_mHO5_ch05,5.429508300006275,7.083333333333333,ready,,0.45192851521593896
3341,gHO_sBM_cAll_d20_mHO5_ch05,5.4460847000074875,7.083333333333333,ready,,0.39069650367242265
3342,gHO_sBM_cAll_d20_mHO5_ch05,5.462723300005746,7.083333333333333,ready,,0.3311556741057818
3343,gHO_sBM_cAll_d20_mHO5_ch05,5.479328200005693,7.083333333333333,ready,,0.27467530565503845
3344,gHO_sBM_cAll_d20_mHO5_ch05,5.496051000004807,7.083333333333333,ready,,0.22171424112521262
3345,gHO_sBM_cAll_d20_mHO5_ch05,5.512652800006615,7.083333333333333,ready,,0.17386172151714324
3346,gHO_sBM_cAll_d20_mHO5_ch05,5.529236400008082,7.083333333333333,ready,,0.13145195936138437
3347,gHO_sBM_cAll_d20_mHO5_ch05,5.546312500005293,7.083333333333333,ready,,0.09395958411193615
3348,gHO_sBM_cAll_d20_mHO5_ch05,5.562718000007584,7.083333333333333,ready,,0.0641649336566422
3349,gHO_sBM_cAll_d20_mHO5_ch05,5.579474100005603,7.083333333333333,ready,,0.040126748803916416
3350,gHO_sBM_cAll_d20_mHO5_ch05,5.5960926000072435,7.083333333333333,ready,,0.022503032501369133
3351,gHO_sBM_cAll_d20_mHO5_ch05,5.612774100004746,7.083333333333333,ready,,0.010584827899798074
3352,gHO_sBM_cAll_d20_mHO5_ch05,5.629572600005477,7.083333333333333,ready,,0.0036423190490272412
3353,gHO_sBM_cAll_d20_mHO5_ch05,5.646217100005005,7.083333333333333,ready,,0.0006428515839995885
3354,gHO_sBM_cAll_d20_mHO5_ch05,5.662820200005798,7.083333333333333,ready,,4.500397437181128e-06
3355,gHO_sBM_cAll_d20_mHO5_ch05,5.666666666666667,7.083333333333333,executing,switch_start,0.0
3356,gHO_sBM_cAll_d20_mHO5_ch05,5.666666666666667,7.083333333333333,executing,,0.0
3357,gHO_sBM_cAll_d20_mHO5_ch05,5.666666666666667,7.083333333333333,executing,,0.0
3358,gHO_sBM_cAll_d20_mHO5_ch05,5.666666666666667,7.083333333333333,executing,,0.0
3359,gHO_sBM_cAll_d20_mHO5_ch05,5.666666666666667,7.083333333333333,executing,,0.0
3360,gHO_sBM_cAll_d20_mHO5_ch05,5.666666666666667,7.083333333333333,executing,,0.0
3361,gHO_sBM_cAll_d20_mHO5_ch05,5.666666666666667,7.083333333333333,executing,,0.0
3362,gHO_sBM_cAll_d20_mHO5_ch05,5.666666666666667,7.083333333333333,executing,,0.0
3363,gHO_sBM_cAll_d20_mHO5_ch05,5.666666666666667,7.083333333333333,executing,,0.0
3364,gHO_sBM_cAll_d20_mHO5_ch05,5.666666666666667,7.083333333333333,executing,,0.0
3365,gHO_sBM_cAll_d20_mHO5_ch05,5.666666666666667,7.083333333333333,executing,,0.0
3366,gHO_sBM_cAll_d20_mHO5_ch05,5.666666666666667,7.083333333333333,executing,,0.0
3367,gHO_sBM_cAll_d20_mHO5_ch05,5.666666666666667,7.083333333333333,executing,,0.0
3368,gHO_sBM_cAll_d20_mHO5_ch05,5.666666666666667,7.083333333333333,executing,,0.0
3369,gHO_sBM_cAll_d20_mHO5_ch05,5.666666666666667,7.083333333333333,executing,,0.0
3370,gHO_sBM_cAll_d20_mHO5_ch05,5.666666666666667,7.083333333333333,executing,,0.0
3371,gHO_sBM_cAll_d20_mHO5_ch05,5.666666666666667,7.083333333333333,executing,,0.0
3372,gHO_sBM_cAll_d20_mHO5_ch05,5.666666666666667,7.083333333333333,executing,,0.0
3373,gHO_sBM_cAll_d20_mHO5_ch05,5.666666666666667,7.083333333333333,executing,,0.0
3374,gHO_sBM_cAll_d20_mHO5_ch05,5.666666666666667,7.083333333333333,executing,,0.0
3375,gHO_sBM_cAll_d20_mHO5_ch05,5.666666666666667,7.083333333333333,executing,,0.0
3376,gHO_sBM_cAll_d19_mHO2_ch02,1.329429800008317,7.983333333333333,awaiting_preparation,switch_complete,0.000160023152811097
3377,gHO_sBM_cAll_d19_mHO2_ch02,1.3459558000077474,7.983333333333333,preparing,,0.0018375819016293467
3378,gHO_sBM_cAll_d19_mHO2_ch02,1.3625502000077783,7.983333333333333,preparing,,0.006703182243028601
3379,gHO_sBM_cAll_d19_mHO2_ch02,1.379240200008159,7.983333333333333,preparing,,0.016105079610628247
3380,gHO_sBM_cAll_d19_mHO2_ch02,1.39599860000914,7.983333333333333,preparing,,0.031039583970292665
3381,gHO_sBM_cAll_d19_mHO2_ch02,1.4128829000083594,7.983333333333333,preparing,,0.052272861972334585
3382,gHO_sBM_cAll_d19_mHO2_ch02,1.429384700009056,7.983333333333333,preparing,,0.07932111972843318
3383,gHO_sBM_cAll_d19_mHO2_ch02,1.4460726000079982,7.983333333333333,preparing,,0.11302687824651271
3384,gHO_sBM_cAll_d19_mHO2_ch02,1.4627081000081186,7.983333333333333,preparing,,0.15276485524126818
3385,gHO_sBM_cAll_d19_mHO2_ch02,1.4795613000069958,7.983333333333333,preparing,,0.19882803621395326
3386,gHO_sBM_cAll_d19_mHO2_ch02,1.4962154000068646,7.983333333333333,preparing,,0.24946157819343082
3387,gHO_sBM_cAll_d19_mHO2_ch02,1.5129528000080124,7.983333333333333,preparing,,0.3046861172278134
3388,gHO_sBM_cAll_d19_mHO2_ch02,1.529212200007411,7.983333333333333,preparing,,0.36163329855383414
3389,gHO_sBM_cAll_d19_mHO2_ch02,1.5460602000067107,7.983333333333333,preparing,,0.4230750386949302
3390,gHO_sBM_cAll_d19_mHO2_ch02,1.5628492000078646,7.983333333333333,preparing,,0.4856867251593902
3391,gHO_sBM_cAll_d19_mHO2_ch02,1.5796033000088452,7.983333333333333,preparing,,0.5484258434229363
3392,gHO_sBM_cAll_d19_mHO2_ch02,1.5959818000092734,7.983333333333333,preparing,,0.6089281967446748
3393,gHO_sBM_cAll_d19_mHO2_ch02,1.612692300009318,7.983333333333333,preparing,,0.6687358277844203
3394,gHO_sBM_cAll_d19_mHO2_ch02,1.6296915000066898,7.983333333333333,preparing,,0.726520336402209
3395,gHO_sBM_cAll_d19_mHO2_ch02,1.6463140000060472,7.983333333333333,preparing,,0.7790825556935433
3396,gHO_sBM_cAll_d19_mHO2_ch02,1.6626071000073959,7.983333333333333,preparing,,0.8260136848210647
3397,gHO_sBM_cAll_d19_mHO2_ch02,1.679366400007954,7.983333333333333,preparing,,0.8688577164166444
3398,gHO_sBM_cAll_d19_mHO2_ch02,1.6959063000077246,7.983333333333333,preparing,,0.9052244155369077
3399,gHO_sBM_cAll_d19_mHO2_ch02,1.7126582000065051,7.983333333333333,preparing,,0.9357377249719643
3400,gHO_sBM_cAll_d19_mHO2_ch02,1.7292753000084,7.983333333333333,preparing,,0.9596255534552922
3401,gHO_sBM_cAll_d19_mHO2_ch02,1.7460708000081164,7.983333333333333,preparing,,0.9774777407155125
3402,gHO_sBM_cAll_d19_mHO2_ch02,1.7628252000077433,7.983333333333333,preparing,,0.9894435034122812
3403,gHO_sBM_cAll_d19_mHO2_ch02,1.7793481000090348,7.983333333333333,preparing,,0.9962937815664299
3404,gHO_sBM_cAll_d19_mHO2_ch02,1.7960075000092426,7.983333333333333,preparing,,0.9993376071560768
3405,gHO_sBM_cAll_d19_mHO2_ch02,1.8129761000064415,7.983333333333333,preparing,,0.9999960230666771
3406,gHO_sBM_cAll_d19_mHO2_ch02,1.8335112000068572,7.983333333333333,ready,,1.0
3407,gHO_sBM_cAll_d19_mHO2_ch02,1.8462333000071036,7.983333333333333,ready,,1.0
3408,gHO_sBM_cAll_d19_mHO2_ch02,1.862716100008644,7.983333333333333,ready,,1.0
3409,gHO_sBM_cAll_d19_mHO2_ch02,1.8792685000090084,7.983333333333333,ready,,1.0
3410,gHO_sBM_cAll_d19_mHO2_ch02,1.8959495000063422,7.983333333333333,ready,,1.0
3411,gHO_sBM_cAll_d19_mHO2_ch02,1.9125405000059497,7.983333333333333,ready,,1.0
3412,gHO_sBM_cAll_d19_mHO2_ch02,1.929641200008579,7.983333333333333,ready,,1.0
3413,gHO_sBM_cAll_d19_mHO2_ch02,1.9459299000091657,7.983333333333333,ready,,1.0
3414,gHO_sBM_cAll_d19_mHO2_ch02,1.9628145000070314,7.983333333333333,ready,,1.0
3415,gHO_sBM_cAll_d19_mHO2_ch02,1.979199700007545,7.983333333333333,ready,,1.0
3416,gHO_sBM_cAll_d19_mHO2_ch02,1.99600790000574,7.983333333333333,ready,,1.0
3417,gHO_sBM_cAll_d19_mHO2_ch02,2.012657600008485,7.983333333333333,ready,,1.0
3418,gHO_sBM_cAll_d19_mHO2_ch02,2.029562100008723,7.983333333333333,ready,,1.0
3419,gHO_sBM_cAll_d19_mHO2_ch02,2.0463629000087793,7.983333333333333,ready,,1.0
3420,gHO_sBM_cAll_d19_mHO2_ch02,2.0629906000077147,7.983333333333333,ready,,1.0
3421,gHO_sBM_cAll_d19_mHO2_ch02,2.0792180000071947,7.983333333333333,ready,,1.0
3422,gHO_sBM_cAll_d19_mHO2_ch02,2.096120600007517,7.983333333333333,ready,,1.0
3423,gHO_sBM_cAll_d19_mHO2_ch02,2.112768300005947,7.983333333333333,ready,,1.0
3424,gHO_sBM_cAll_d19_mHO2_ch02,2.129631100008803,7.983333333333333,ready,,1.0
3425,gHO_sBM_cAll_d19_mHO2_ch02,2.145861200007014,7.983333333333333,ready,,1.0
3426,gHO_sBM_cAll_d19_mHO2_ch02,2.162687500008427,7.983333333333333,ready,,1.0
3427,gHO_sBM_cAll_d19_mHO2_ch02,2.1792165000088737,7.983333333333333,ready,,1.0
3428,gHO_sBM_cAll_d19_mHO2_ch02,2.1960923000088544,7.983333333333333,ready,,1.0
3429,gHO_sBM_cAll_d19_mHO2_ch02,2.2127657000065266,7.983333333333333,ready,,1.0
3430,gHO_sBM_cAll_d19_mHO2_ch02,2.2293443000063022,7.983333333333333,ready,,1.0
3431,gHO_sBM_cAll_d19_mHO2_ch02,2.246091000009144,7.983333333333333,ready,,1.0
3432,gHO_sBM_cAll_d19_mHO2_ch02,2.2626603000072265,7.983333333333333,ready,,1.0
3433,gHO_sBM_cAll_d19_mHO2_ch02,2.279645600007897,7.983333333333333,ready,,1.0
3434,gHO_sBM_cAll_d19_mHO2_ch02,2.296348200005996,7.983333333333333,ready,,1.0
3435,gHO_sBM_cAll_d19_mHO2_ch02,2.312631400008359,7.983333333333333,ready,,1.0
3436,gHO_sBM_cAll_d19_mHO2_ch02,2.3295477000074984,7.983333333333333,ready,,1.0
3437,gHO_sBM_cAll_d19_mHO2_ch02,2.3461416000073605,7.983333333333333,ready,,1.0
3438,gHO_sBM_cAll_d19_mHO2_ch02,2.3627652000078183,7.983333333333333,ready,,1.0
3439,gHO_sBM_cAll_d19_mHO2_ch02,2.3792220000078332,7.983333333333333,ready,,1.0
3440,gHO_sBM_cAll_d19_mHO2_ch02,2.395976800006869,7.983333333333333,ready,,1.0
3441,gHO_sBM_cAll_d19_mHO2_ch02,2.4127812000088715,7.983333333333333,ready,,1.0
3442,gHO_sBM_cAll_d19_mHO2_ch02,2.4295643000087566,7.983333333333333,ready,,1.0
3443,gHO_sBM_cAll_d19_mHO2_ch02,2.446229200007189,7.983333333333333,ready,,1.0
3444,gHO_sBM_cAll_d19_mHO2_ch02,2.462874300007649,7.983333333333333,ready,,1.0
3445,gHO_sBM_cAll_d19_mHO2_ch02,2.4793094000061386,7.983333333333333,ready,,1.0
3446,gHO_sBM_cAll_d19_mHO2_ch02,2.496156500005862,7.983333333333333,ready,,1.0
3447,gHO_sBM_cAll_d19_mHO2_ch02,2.5130481000060985,7.983333333333333,ready,,1.0
3448,gHO_sBM_cAll_d19_mHO2_ch02,2.5294199000064417,7.983333333333333,ready,,1.0
3449,gHO_sBM_cAll_d19_mHO2_ch02,2.5463532000076983,7.983333333333333,ready,,1.0
3450,gHO_sBM_cAll_d19_mHO2_ch02,2.562551500007513,7.983333333333333,ready,,1.0
3451,gHO_sBM_cAll_d19_mHO2_ch02,2.5792269000058625,7.983333333333333,ready,,1.0
3452,gHO_sBM_cAll_d19_mHO2_ch02,2.596000200007523,7.983333333333333,ready,,1.0
3453,gHO_sBM_cAll_d19_mHO2_ch02,2.6126526000089996,7.983333333333333,ready,,1.0
3454,gHO_sBM_cAll_d19_mHO2_ch02,2.6292612000080173,7.983333333333333,ready,,1.0
3455,gHO_sBM_cAll_d19_mHO2_ch02,2.6462017000058906,7.983333333333333,ready,,1.0
3456,gHO_sBM_cAll_d19_mHO2_ch02,2.6628683000063536,7.983333333333333,ready,,1.0
3457,gHO_sBM_cAll_d19_mHO2_ch02,2.679495800007404,7.983333333333333,ready,,1.0
3458,gHO_sBM_cAll_d19_mHO2_ch02,2.6961109000086223,7.983333333333333,ready,,1.0
3459,gHO_sBM_cAll_d19_mHO2_ch02,2.7127233000074713,7.983333333333333,ready,,1.0
3460,gHO_sBM_cAll_d19_mHO2_ch02,2.729587000006266,7.983333333333333,ready,,1.0
3461,gHO_sBM_cAll_d19_mHO2_ch02,2.7462013000086687,7.983333333333333,ready,,1.0
3462,gHO_sBM_cAll_d19_mHO2_ch02,2.762931100006517,7.983333333333333,ready,,1.0
3463,gHO_sBM_cAll_d19_mHO2_ch02,2.779570200008584,7.983333333333333,ready,,1.0
3464,gHO_sBM_cAll_d19_mHO2_ch02,2.7960324000060615,7.983333333333333,ready,,1.0
3465,gHO_sBM_cAll_d19_mHO2_ch02,2.81274200000653,7.983333333333333,ready,,1.0
3466,gHO_sBM_cAll_d19_mHO2_ch02,2.8293655000062263,7.983333333333333,ready,,1.0
3467,gHO_sBM_cAll_d19_mHO2_ch02,2.8460763000085563,7.983333333333333,ready,,1.0
3468,gHO_sBM_cAll_d19_mHO2_ch02,2.862825800007253,7.983333333333333,ready,,1.0
3469,gHO_sBM_cAll_d19_mHO2_ch02,2.879664200006214,7.983333333333333,ready,,1.0
3470,gHO_sBM_cAll_d19_mHO2_ch02,2.8960121000064696,7.983333333333333,ready,,1.0
3471,gHO_sBM_cAll_d19_mHO2_ch02,2.9126578000078607,7.983333333333333,ready,,1.0
3472,gHO_sBM_cAll_d19_mHO2_ch02,2.92962170000929,7.983333333333333,ready,,1.0
3473,gHO_sBM_cAll_d19_mHO2_ch02,2.9461408000071128,7.983333333333333,ready,,1.0
3474,gHO_sBM_cAll_d19_mHO2_ch02,2.9628837000064854,7.983333333333333,ready,,1.0
3475,gHO_sBM_cAll_d19_mHO2_ch02,2.979627700006958,7.983333333333333,ready,,1.0
3476,gHO_sBM_cAll_d19_mHO2_ch02,2.9960265000091657,7.983333333333333,ready,,1.0
3477,gHO_sBM_cAll_d19_mHO2_ch02,3.012652200007424,7.983333333333333,ready,,1.0
3478,gHO_sBM_cAll_d19_mHO2_ch02,3.029587600006481,7.983333333333333,ready,,1.0
3479,gHO_sBM_cAll_d19_mHO2_ch02,3.0462045000068536,7.983333333333333,ready,,1.0
3480,gHO_sBM_cAll_d19_mHO2_ch02,3.0625134000084584,7.983333333333333,ready,,1.0
3481,gHO_sBM_cAll_d19_mHO2_ch02,3.0795868000069397,7.983333333333333,ready,,1.0
3482,gHO_sBM_cAll_d19_mHO2_ch02,3.0963674000059784,7.983333333333333,ready,,1.0
3483,gHO_sBM_cAll_d19_mHO2_ch02,3.1129959000073675,7.983333333333333,ready,,1.0
3484,gHO_sBM_cAll_d19_mHO2_ch02,3.1296531000090138,7.983333333333333,ready,,1.0
3485,gHO_sBM_cAll_d19_mHO2_ch02,3.146146100008187,7.983333333333333,ready,,1.0
3486,gHO_sBM_cAll_d19_mHO2_ch02,3.162858900007556,7.983333333333333,ready,,1.0
3487,gHO_sBM_cAll_d19_mHO2_ch02,3.1796837000084612,7.983333333333333,ready,,1.0
3488,gHO_sBM_cAll_d19_mHO2_ch02,3.195857300009373,7.983333333333333,ready,,1.0
3489,gHO_sBM_cAll_d19_mHO2_ch02,3.212673200007993,7.983333333333333,ready,,1.0
3490,gHO_sBM_cAll_d19_mHO2_ch02,3.229466000008979,7.983333333333333,ready,,1.0
3491,gHO_sBM_cAll_d19_mHO2_ch02,3.2460895000086754,7.983333333333333,ready,,1.0
3492,gHO_sBM_cAll_d19_mHO2_ch02,3.262761200007955,7.983333333333333,ready,,1.0
3493,gHO_sBM_cAll_d19_mHO2_ch02,3.2793640000064643,7.983333333333333,ready,,1.0
3494,gHO_sBM_cAll_d19_mHO2_ch02,3.2962097000064414,7.983333333333333,ready,,1.0
3495,gHO_sBM_cAll_d19_mHO2_ch02,3.3129390000077583,7.983333333333333,ready,,1.0
3496,gHO_sBM_cAll_d19_mHO2_ch02,3.3296058000061066,7.983333333333333,ready,,1.0
3497,gHO_sBM_cAll_d19_mHO2_ch02,3.34625220000919,7.983333333333333,ready,,1.0
3498,gHO_sBM_cAll_d19_mHO2_ch02,3.362869300007447,7.983333333333333,ready,,1.0
3499,gHO_sBM_cAll_d19_mHO2_ch02,3.3796264000058063,7.983333333333333,ready,,1.0
3500,gHO_sBM_cAll_d19_mHO2_ch02,3.396149900008029,7.983333333333333,ready,,1.0
3501,gHO_sBM_cAll_d19_mHO2_ch02,3.4128194000087464,7.983333333333333,ready,,1.0
3502,gHO_sBM_cAll_d19_mHO2_ch02,3.4295597000065112,7.983333333333333,ready,,1.0
3503,gHO_sBM_cAll_d19_mHO2_ch02,3.446224300006297,7.983333333333333,ready,,1.0
3504,gHO_sBM_cAll_d19_mHO2_ch02,3.462812000006243,7.983333333333333,ready,,1.0
3505,gHO_sBM_cAll_d19_mHO2_ch02,3.479473100008482,7.983333333333333,ready,,1.0
3506,gHO_sBM_cAll_d19_mHO2_ch02,3.49600480000766,7.983333333333333,ready,,1.0
3507,gHO_sBM_cAll_d19_mHO2_ch02,3.5126687000093915,7.983333333333333,ready,,1.0
3508,gHO_sBM_cAll_d19_mHO2_ch02,3.5293075000091743,7.983333333333333,ready,,1.0
3509,gHO_sBM_cAll_d19_mHO2_ch02,3.5459285000080243,7.983333333333333,ready,,1.0
3510,gHO_sBM_cAll_d19_mHO2_ch02,3.5626493000064636,7.983333333333333,ready,,1.0
3511,gHO_sBM_cAll_d19_mHO2_ch02,3.5793040000072636,7.983333333333333,ready,,1.0
3512,gHO_sBM_cAll_d19_mHO2_ch02,3.5962845000077643,7.983333333333333,ready,,1.0
3513,gHO_sBM_cAll_d19_mHO2_ch02,3.612570000005813,7.983333333333333,ready,,1.0
3514,gHO_sBM_cAll_d19_mHO2_ch02,3.6294244000065525,7.983333333333333,ready,,1.0
3515,gHO_sBM_cAll_d19_mHO2_ch02,3.646032100005993,7.983333333333333,ready,,1.0
3516,gHO_sBM_cAll_d19_mHO2_ch02,3.6626915000062015,7.983333333333333,ready,,1.0
3517,gHO_sBM_cAll_d19_mHO2_ch02,3.6793691000067508,7.983333333333333,ready,,1.0
3518,gHO_sBM_cAll_d19_mHO2_ch02,3.6958993000090588,7.983333333333333,ready,,1.0
3519,gHO_sBM_cAll_d19_mHO2_ch02,3.712536400006811,7.983333333333333,ready,,1.0
3520,gHO_sBM_cAll_d19_mHO2_ch02,3.729664000006906,7.983333333333333,ready,,1.0
3521,gHO_sBM_cAll_d19_mHO2_ch02,3.746108400007089,7.983333333333333,ready,,1.0
3522,gHO_sBM_cAll_d19_mHO2_ch02,3.76270760000729,7.983333333333333,ready,,1.0
3523,gHO_sBM_cAll_d19_mHO2_ch02,3.779467100009372,7.983333333333333,ready,,1.0
3524,gHO_sBM_cAll_d19_mHO2_ch02,3.796144000008229,7.983333333333333,ready,,1.0
3525,gHO_sBM_cAll_d19_mHO2_ch02,3.8127116000079186,7.983333333333333,ready,,1.0
3526,gHO_sBM_cAll_d19_mHO2_ch02,3.8294230000075413,7.983333333333333,ready,,1.0
3527,gHO_sBM_cAll_d19_mHO2_ch02,3.8462143000080196,7.983333333333333,ready,,1.0
3528,gHO_sBM_cAll_d19_mHO2_ch02,3.862759100008722,7.983333333333333,ready,,1.0
3529,gHO_sBM_cAll_d19_mHO2_ch02,3.879559200007086,7.983333333333333,ready,,1.0
3530,gHO_sBM_cAll_d19_mHO2_ch02,3.896273100007555,7.983333333333333,ready,,1.0
3531,gHO_sBM_cAll_d19_mHO2_ch02,3.9125167000066985,7.983333333333333,ready,,1.0
3532,gHO_sBM_cAll_d19_mHO2_ch02,3.929639900006032,7.983333333333333,ready,,1.0
3533,gHO_sBM_cAll_d19_mHO2_ch02,3.946155600007069,7.983333333333333,ready,,1.0
3534,gHO_sBM_cAll_d19_mHO2_ch02,3.9628040000071914,7.983333333333333,ready,,1.0
3535,gHO_sBM_cAll_d19_mHO2_ch02,3.9793904000081524,7.983333333333333,ready,,1.0
3536,gHO_sBM_cAll_d19_mHO2_ch02,3.9961052000081985,7.983333333333333,ready,,1.0
3537,gHO_sBM_cAll_d19_mHO2_ch02,4.01270400000899,7.983333333333333,ready,,1.0
3538,gHO_sBM_cAll_d19_mHO2_ch02,4.02933840000801,7.983333333333333,ready,,1.0
3539,gHO_sBM_cAll_d19_mHO2_ch02,4.045862000007355,7.983333333333333,ready,,1.0
3540,gHO_sBM_cAll_d19_mHO2_ch02,4.06265210000597,7.983333333333333,ready,,1.0
3541,gHO_sBM_cAll_d19_mHO2_ch02,4.0794393000079685,7.983333333333333,ready,,1.0
3542,gHO_sBM_cAll_d19_mHO2_ch02,4.096005400007149,7.983333333333333,ready,,1.0
3543,gHO_sBM_cAll_d19_mHO2_ch02,4.112658700008201,7.983333333333333,ready,,1.0
3544,gHO_sBM_cAll_d19_mHO2_ch02,4.129330800006887,7.983333333333333,ready,,1.0
3545,gHO_sBM_cAll_d19_mHO2_ch02,4.1459326000086945,7.983333333333333,ready,,1.0
3546,gHO_sBM_cAll_d19_mHO2_ch02,4.162828800007576,7.983333333333333,ready,,1.0
3547,gHO_sBM_cAll_d19_mHO2_ch02,4.17939830000718,7.983333333333333,ready,,1.0
3548,gHO_sBM_cAll_d19_mHO2_ch02,4.196223200008845,7.983333333333333,ready,,1.0
3549,gHO_sBM_cAll_d19_mHO2_ch02,4.21270830000607,7.983333333333333,ready,,1.0
3550,gHO_sBM_cAll_d19_mHO2_ch02,4.229426500006538,7.983333333333333,ready,,1.0
3551,gHO_sBM_cAll_d19_mHO2_ch02,4.245952300008082,7.983333333333333,ready,,1.0
3552,gHO_sBM_cAll_d19_mHO2_ch02,4.262529700005995,7.983333333333333,ready,,1.0
3553,gHO_sBM_cAll_d19_mHO2_ch02,4.279261200005872,7.983333333333333,ready,,1.0
3554,gHO_sBM_cAll_d19_mHO2_ch02,4.29606760000855,7.983333333333333,ready,,1.0
3555,gHO_sBM_cAll_d19_mHO2_ch02,4.312807300009021,7.983333333333333,ready,,1.0
3556,gHO_sBM_cAll_d19_mHO2_ch02,4.3295566000061925,7.983333333333333,ready,,1.0
3557,gHO_sBM_cAll_d19_mHO2_ch02,4.3461887000058885,7.983333333333333,ready,,1.0
3558,gHO_sBM_cAll_d19_mHO2_ch02,4.362951300006108,7.983333333333333,ready,,1.0
3559,gHO_sBM_cAll_d19_mHO2_ch02,4.37959720000902,7.983333333333333,ready,,1.0
3560,gHO_sBM_cAll_d19_mHO2_ch02,4.396234500008294,7.983333333333333,ready,,1.0
3561,gHO_sBM_cAll_d19_mHO2_ch02,4.4129537000091,7.983333333333333,ready,,1.0
3562,gHO_sBM_cAll_d19_mHO2_ch02,4.429548900007946,7.983333333333333,ready,,1.0
3563,gHO_sBM_cAll_d19_mHO2_ch02,4.446219200007477,7.983333333333333,ready,,1.0
3564,gHO_sBM_cAll_d19_mHO2_ch02,4.462709000007749,7.983333333333333,ready,,1.0
3565,gHO_sBM_cAll_d19_mHO2_ch02,4.479353400006516,7.983333333333333,ready,,1.0
3566,gHO_sBM_cAll_d19_mHO2_ch02,4.495880900006453,7.983333333333333,ready,,1.0
3567,gHO_sBM_cAll_d19_mHO2_ch02,4.513012000007731,7.983333333333333,ready,,1.0
3568,gHO_sBM_cAll_d19_mHO2_ch02,4.529423600009178,7.983333333333333,ready,,1.0
3569,gHO_sBM_cAll_d19_mHO2_ch02,4.545986600006581,7.983333333333333,ready,,1.0
3570,gHO_sBM_cAll_d19_mHO2_ch02,4.5625288000093125,7.983333333333333,ready,,1.0
3571,gHO_sBM_cAll_d19_mHO2_ch02,4.579562100008041,7.983333333333333,ready,,1.0
3572,gHO_sBM_cAll_d19_mHO2_ch02,4.59615700000824,7.983333333333333,ready,,1.0
3573,gHO_sBM_cAll_d19_mHO2_ch02,4.612781500008274,7.983333333333333,ready,,1.0
3574,gHO_sBM_cAll_d19_mHO2_ch02,4.629425200008987,7.983333333333333,ready,,1.0
3575,gHO_sBM_cAll_d19_mHO2_ch02,4.64597910000622,7.983333333333333,ready,,1.0
3576,gHO_sBM_cAll_d19_mHO2_ch02,4.6626369000087955,7.983333333333333,ready,,1.0
3577,gHO_sBM_cAll_d19_mHO2_ch02,4.67920700000933,7.983333333333333,ready,,1.0
3578,gHO_sBM_cAll_d19_mHO2_ch02,4.696170300006189,7.983333333333333,ready,,1.0
3579,gHO_sBM_cAll_d19_mHO2_ch02,4.712688500008071,7.983333333333333,ready,,1.0
3580,gHO_sBM_cAll_d19_mHO2_ch02,4.729378300006928,7.983333333333333,ready,,1.0
3581,gHO_sBM_cAll_d19_mHO2_ch02,4.746217300006818,7.983333333333333,ready,,1.0
3582,gHO_sBM_cAll_d19_mHO2_ch02,4.762755400007434,7.983333333333333,ready,,1.0
3583,gHO_sBM_cAll_d19_mHO2_ch02,4.779502600006805,7.983333333333333,ready,,1.0
3584,gHO_sBM_cAll_d19_mHO2_ch02,4.796218700005834,7.983333333333333,ready,,1.0
3585,gHO_sBM_cAll_d19_mHO2_ch02,4.812538200008116,7.983333333333333,ready,,1.0
3586,gHO_sBM_cAll_d19_mHO2_ch02,4.829567500009128,7.983333333333333,ready,,1.0
3587,gHO_sBM_cAll_d19_mHO2_ch02,4.846156700005943,7.983333333333333,ready,,1.0
3588,gHO_sBM_cAll_d19_mHO2_ch02,4.862876200009033,7.983333333333333,ready,,1.0
3589,gHO_sBM_cAll_d19_mHO2_ch02,4.879532400006702,7.983333333333333,ready,,1.0
3590,gHO_sBM_cAll_d19_mHO2_ch02,4.896144800009187,7.983333333333333,ready,,1.0
3591,gHO_sBM_cAll_d19_mHO2_ch02,4.912738200008879,7.983333333333333,ready,,1.0
3592,gHO_sBM_cAll_d19_mHO2_ch02,4.929530700007579,7.983333333333333,ready,,1.0
3593,gHO_sBM_cAll_d19_mHO2_ch02,4.946147900006596,7.983333333333333,ready,,1.0
3594,gHO_sBM_cAll_d19_mHO2_ch02,4.9628281000087515,7.983333333333333,ready,,1.0
3595,gHO_sBM_cAll_d19_mHO2_ch02,4.979596900008887,7.983333333333333,ready,,1.0
3596,gHO_sBM_cAll_d19_mHO2_ch02,4.996124400008824,7.983333333333333,ready,,1.0
3597,gHO_sBM_cAll_d19_mHO2_ch02,5.012734300006826,7.983333333333333,ready,,1.0
3598,gHO_sBM_cAll_d19_mHO2_ch02,5.029397400006102,7.983333333333333,ready,,1.0
3599,gHO_sBM_cAll_d19_mHO2_ch02,5.046050200006985,7.983333333333333,ready,,1.0
3600,gHO_sBM_cAll_d19_mHO2_ch02,5.0627837000075395,7.983333333333333,ready,,1.0
3601,gHO_sBM_cAll_d19_mHO2_ch02,5.07931940000807,7.983333333333333,ready,,1.0
3602,gHO_sBM_cAll_d19_mHO2_ch02,5.095949200008443,7.983333333333333,ready,,1.0
3603,gHO_sBM_cAll_d19_mHO2_ch02,5.112596500007464,7.983333333333333,ready,,1.0
3604,gHO_sBM_cAll_d19_mHO2_ch02,5.1292889000079285,7.983333333333333,ready,,1.0
3605,gHO_sBM_cAll_d19_mHO2_ch02,5.14587270000728,7.983333333333333,ready,,1.0
3606,gHO_sBM_cAll_d19_mHO2_ch02,5.162575300009015,7.983333333333333,ready,,1.0
3607,gHO_sBM_cAll_d19_mHO2_ch02,5.179250300007955,7.983333333333333,ready,,1.0
3608,gHO_sBM_cAll_d19_mHO2_ch02,5.195893300006976,7.983333333333333,ready,,1.0
3609,gHO_sBM_cAll_d19_mHO2_ch02,5.21266150000618,7.983333333333333,ready,,1.0
3610,gHO_sBM_cAll_d19_mHO2_ch02,5.229333700009265,7.983333333333333,ready,,1.0
3611,gHO_sBM_cAll_d19_mHO2_ch02,5.245945100007774,7.983333333333333,ready,,1.0
3612,gHO_sBM_cAll_d19_mHO2_ch02,5.262967400006417,7.983333333333333,ready,,1.0
3613,gHO_sBM_cAll_d19_mHO2_ch02,5.279607200006537,7.983333333333333,ready,,1.0
3614,gHO_sBM_cAll_d19_mHO2_ch02,5.296298300008017,7.983333333333333,ready,,1.0
3615,gHO_sBM_cAll_d19_mHO2_ch02,5.312870700007875,7.983333333333333,ready,,1.0
3616,gHO_sBM_cAll_d19_mHO2_ch02,5.329300300008139,7.983333333333333,ready,,1.0
3617,gHO_sBM_cAll_d19_mHO2_ch02,5.346265700006437,7.983333333333333,ready,,1.0
3618,gHO_sBM_cAll_d19_mHO2_ch02,5.362639800006102,7.983333333333333,ready,,1.0
3619,gHO_sBM_cAll_d19_mHO2_ch02,5.379574100007695,7.983333333333333,ready,,1.0
3620,gHO_sBM_cAll_d19_mHO2_ch02,5.396147000007723,7.983333333333333,ready,,1.0
3621,gHO_sBM_cAll_d19_mHO2_ch02,5.412760200009024,7.983333333333333,ready,,1.0
3622,gHO_sBM_cAll_d19_mHO2_ch02,5.429198500006413,7.983333333333333,ready,,1.0
3623,gHO_sBM_cAll_d19_mHO2_ch02,5.446233000007003,7.983333333333333,ready,,1.0
3624,gHO_sBM_cAll_d19_mHO2_ch02,5.462634400007179,7.983333333333333,ready,,1.0
3625,gHO_sBM_cAll_d19_mHO2_ch02,5.479519900008259,7.983333333333333,ready,,1.0
3626,gHO_sBM_cAll_d19_mHO2_ch02,5.496319000006283,7.983333333333333,ready,,1.0
3627,gHO_sBM_cAll_d19_mHO2_ch02,5.512975700007758,7.983333333333333,ready,,1.0
3628,gHO_sBM_cAll_d19_mHO2_ch02,5.52959690000813,7.983333333333333,ready,,0.9998336938548547
3629,gHO_sBM_cAll_d19_mHO2_ch02,5.546119700008659,7.983333333333333,ready,,0.9981323539998496
3630,gHO_sBM_cAll_d19_mHO2_ch02,5.562516400005789,7.983333333333333,ready,,0.9933108960020818
3631,gHO_sBM_cAll_d19_mHO2_ch02,5.579752800008518,7.983333333333333,ready,,0.9835236556033649
3632,gHO_sBM_cAll_d19_mHO2_ch02,5.596093600009279,7.983333333333333,ready,,0.9688587462575197
3633,gHO_sBM_cAll_d19_mHO2_ch02,5.61272160000686,7.983333333333333,ready,,0.9479605618238494
3634,gHO_sBM_cAll_d19_mHO2_ch02,5.629678400008794,7.983333333333333,ready,,0.9201405882183054
3635,gHO_sBM_cAll_d19_mHO2_ch02,5.64603810000795,7.983333333333333,ready,,0.8870492805842485
3636,gHO_sBM_cAll_d19_mHO2_ch02,5.662603400008315,7.983333333333333,ready,,0.8475036124187655
3637,gHO_sBM_cAll_d19_mHO2_ch02,5.679292600006241,7.983333333333333,ready,,0.8019491286144561
