capture_index,motion_id,authored_seconds,duration,status,event,weight
0,gLO_sBM_cAll_d13_mLO2_ch02,6.819999907747842e-05,9.583333333333334,awaiting_retrieval,,2.5371972525707966e-11
1,gLO_sBM_cAll_d13_mLO2_ch02,0.017027800000505522,9.583333333333334,awaiting_retrieval,,0.0003750697316734947
2,gLO_sBM_cAll_d13_mLO2_ch02,0.03368580000096699,9.583333333333334,awaiting_retrieval,,0.0027572507186586627
3,gLO_sBM_cAll_d13_mLO2_ch02,0.05035919999863836,9.583333333333334,awaiting_retrieval,,0.008735687674544173
4,gLO_sBM_cAll_d13_mLO2_ch02,0.06695019999824581,9.583333333333334,awaiting_retrieval,,0.019443783220641567
5,gLO_sBM_cAll_d13_mLO2_ch02,0.08361270000023069,9.583333333333334,awaiting_retrieval,,0.03581803567470957
6,gLO_sBM_cAll_d13_mLO2_ch02,0.10014089999822318,9.583333333333334,awaiting_retrieval,,0.05813665111053072
7,gLO_sBM_cAll_d13_mLO2_ch02,0.11680970000088564,9.583333333333334,awaiting_retrieval,,0.08699881942431585
8,gLO_sBM_cAll_d13_mLO2_ch02,0.13349580000067365,9.583333333333334,awaiting_retrieval,,0.12224171375177481
9,gLO_sBM_cAll_d13_mLO2_ch02,0.15012420000130083,9.583333333333334,awaiting_retrieval,,0.16340878865402364
10,gLO_sBM_cAll_d13_mLO2_ch02,0.1672720999995364,9.583333333333334,awaiting_retrieval,,0.2116736720410389
11,gLO_sBM_cAll_d13_mLO2_ch02,0.18345039999985616,9.583333333333334,awaiting_retrieval,,0.2619778985104647
12,gLO_sBM_cAll_d13_mLO2_ch02,0.2004936000012096,9.583333333333334,awaiting_retrieval,,0.3191472807400797
13,gLO_sBM_cAll_d13_mLO2_ch02,0.21705479999945987,9.583333333333334,awaiting_retrieval,,0.3778783788061129
14,gLO_sBM_cAll_d13_mLO2_ch02,0.23379120000026915,9.583333333333334,awaiting_retrieval,,0.43938712359769144
15,gLO_sBM_cAll_d13_mLO2_ch02,0.25034589999995693,9.583333333333334,awaiting_retrieval,,0.5012971233444061
16,gLO_sBM_cAll_d13_mLO2_ch02,0.2670021000012642,9.583333333333334,awaiting_retrieval,,0.5635615549486641
17,gLO_sBM_cAll_d13_mLO2_ch02,0.2836739000013042,9.583333333333334,awaiting_retrieval,,0.6247580823133975
18,gLO_sBM_cAll_d13_mLO2_ch02,0.30020839999997423,9.583333333333334,awaiting_retrieval,,0.6832799799213832
19,gLO_sBM_cAll_d13_mLO2_ch02,0.3168657999995049,9.583333333333334,awaiting_retrieval,,0.739045014444019
20,gLO_sBM_cAll_d13_mLO2_ch02,0.3335416999980226,9.583333333333334,awaiting_retrieval,,0.7907404533332939
21,gLO_sBM_cAll_d13_mLO2_ch02,0.35024459999840474,9.583333333333334,awaiting_retrieval,,0.8375666082138061
22,gLO_sBM_cAll_d13_mLO2_ch02,0.36691509999945987,9.583333333333334,awaiting_retrieval,,0.8787007168022606
23,gLO_sBM_cAll_d13_mLO2_ch02,0.3835594000011041,9.583333333333334,awaiting_retrieval,,0.9137095289545707
24,gLO_sBM_cAll_d13_mLO2_ch02,0.40067920000001306,9.583333333333334,awaiting_retrieval,,0.9431179379117145
25,gLO_sBM_cAll_d13_mLO2_ch02,0.41724189999877104,9.583333333333334,awaiting_retrieval,,0.9651682781212984
26,gLO_sBM_cAll_d13_mLO2_ch02,0.43348409999816767,9.583333333333334,awaiting_retrieval,,0.9809047584885006
27,gLO_sBM_cAll_d13_mLO2_ch02,0.4501371000005744,9.583333333333334,awaiting_retrieval,,0.9915064682941972
28,gLO_sBM_cAll_d13_mLO2_ch02,0.4672671000007536,9.583333333333334,awaiting_retrieval,,0.9974625884515781
29,gLO_sBM_cAll_d13_mLO2_ch02,0.4834609999998061,9.583333333333334,awaiting_retrieval,,0.9996557957089123
30,gLO_sBM_cAll_d13_mLO2_ch02,0.5004869000003959,9.583333333333334,awaiting_retrieval,,1.0
31,gLO_sBM_cAll_d13_mLO2_ch02,0.517114199999923,9.583333333333334,awaiting_retrieval,,1.0
32,gLO_sBM_cAll_d13_mLO2_ch02,0.5338440000014082,9.583333333333334,awaiting_retrieval,,1.0
33,gLO_sBM_cAll_d13_mLO2_ch02,0.5503781000006704,9.583333333333334,awaiting_retrieval,,1.0
34,gLO_sBM_cAll_d13_mLO2_ch02,0.5670394999979174,9.583333333333334,awaiting_retrieval,,1.0
35,gLO_sBM_cAll_d13_mLO2_ch02,0.5837089999986339,9.583333333333334,awaiting_retrieval,,1.0
36,gLO_sBM_cAll_d13_mLO2_ch02,0.6002965000006945,9.583333333333334,awaiting_retrieval,,1.0
37,gLO_sBM_cAll_d13_mLO2_ch02,0.616889500000979,9.583333333333334,awaiting_retrieval,,1.0
38,gLO_sBM_cAll_d13_mLO2_ch02,0.6335841000000064,9.583333333333334,awaiting_retrieval,,1.0
39,gLO_sBM_cAll_d13_mLO2_ch02,0.6505365000011797,9.583333333333334,awaiting_retrieval,,1.0
40,gLO_sBM_cAll_d13_mLO2_ch02,0.6670869999979904,9.583333333333334,awaiting_retrieval,,1.0
41,gLO_sBM_cAll_d13_mLO2_ch02,0.6836771999987822,9.583333333333334,awaiting_retrieval,,1.0
42,gLO_sBM_cAll_d13_mLO2_ch02,0.7002949999987312,9.583333333333334,awaiting_retrieval,,1.0
43,gLO_sBM_cAll_d13_mLO2_ch02,0.7169503000004614,9.583333333333334,awaiting_retrieval,,1.0
44,gLO_sBM_cAll_d13_mLO2_ch02,0.7336170999988088,9.583333333333334,awaiting_retrieval,,1.0
45,gLO_sBM_cAll_d13_mLO2_ch02,0.75014259999807,9.583333333333334,awaiting_retrieval,,1.0
46,gLO_sBM_cAll_d13_mLO2_ch02,0.7668045999998856,9.583333333333334,awaiting_retrieval,,1.0
47,gLO_sBM_cAll_d13_mLO2_ch02,0.783922099999471,9.583333333333334,awaiting_retrieval,,1.0
48,gLO_sBM_cAll_d13_mLO2_ch02,0.8001309999999636,9.583333333333334,awaiting_retrieval,,1.0
49,gLO_sBM_cAll_d13_mLO2_ch02,0.817272500000398,9.583333333333334,awaiting_retrieval,,1.0
50,gLO_sBM_cAll_d13_mLO2_ch02,0.8335039999983551,9.583333333333334,awaiting_retrieval,,1.0
51,gLO_sBM_cAll_d13_mLO2_ch02,0.8505298999989449,9.583333333333334,awaiting_retrieval,,1.0
52,gLO_sBM_cAll_d13_mLO2_ch02,0.8670557000004905,9.583333333333334,awaiting_retrieval,,1.0
53,gLO_sBM_cAll_d13_mLO2_ch02,0.8836951000012035,9.583333333333334,awaiting_retrieval,,1.0
54,gLO_sBM_cAll_d13_mLO2_ch02,0.9003478999984494,9.583333333333334,awaiting_retrieval,,1.0
55,gLO_sBM_cAll_d13_mLO2_ch02,0.9169610999997516,9.583333333333334,awaiting_retrieval,,1.0
56,gLO_sBM_cAll_d13_mLO2_ch02,0.9336694999983577,9.583333333333334,awaiting_retrieval,,1.0
57,gLO_sBM_cAll_d13_mLO2_ch02,0.9502080999991434,9.583333333333334,awaiting_retrieval,,1.0
58,gLO_sBM_cAll_d13_mLO2_ch02,0.9668516999990955,9.583333333333334,awaiting_retrieval,,1.0
59,gLO_sBM_cAll_d13_mLO2_ch02,0.983470700000906,9.583333333333334,awaiting_retrieval,,1.0
60,gLO_sBM_cAll_d13_mLO2_ch02,1.000129899999591,9.583333333333334,awaiting_retrieval,,1.0
61,gLO_sBM_cAll_d13_mLO2_ch02,1.0168192999990409,9.583333333333334,awaiting_retrieval,,1.0
62,gLO_sBM_cAll_d13_mLO2_ch02,1.0339511999991358,9.583333333333334,awaiting_retrieval,,1.0
63,gLO_sBM_cAll_d13_mLO2_ch02,1.0505511000010286,9.583333333333334,awaiting_retrieval,,1.0
64,gLO_sBM_cAll_d13_mLO2_ch02,1.0670012999980811,9.583333333333334,awaiting_retrieval,,1.0
65,gLO_sBM_cAll_d13_mLO2_ch02,1.083643300000402,9.583333333333334,awaiting_retrieval,,1.0
66,gLO_sBM_cAll_d13_mLO2_ch02,1.1003123000009494,9.583333333333334,awaiting_retrieval,,1.0
67,gLO_sBM_cAll_d13_mLO2_ch02,1.116855500000382,9.583333333333334,awaiting_retrieval,,1.0
68,gLO_sBM_cAll_d13_mLO2_ch02,1.1335925999992453,9.583333333333334,awaiting_retrieval,,1.0
69,gLO_sBM_cAll_d13_mLO2_ch02,1.1506176000002581,9.583333333333334,awaiting_retrieval,,1.0
70,gLO_sBM_cAll_d13_mLO2_ch02,1.1672700999988577,9.583333333333334,awaiting_retrieval,,1.0
71,gLO_sBM_cAll_d13_mLO2_ch02,1.1839484000010982,9.583333333333334,awaiting_retrieval,,1.0
72,gLO_sBM_cAll_d13_mLO2_ch02,1.200480399998922,9.583333333333334,awaiting_retrieval,,1.0
73,gLO_sBM_cAll_d13_mLO2_ch02,1.2170048999978447,9.583333333333334,awaiting_retrieval,,1.0
74,gLO_sBM_cAll_d13_mLO2_ch02,1.2336897999994092,9.583333333333334,awaiting_retrieval,,1.0
75,gLO_sBM_cAll_d13_mLO2_ch02,1.2504387999979356,9.583333333333334,awaiting_retrieval,,1.0
76,gLO_sBM_cAll_d13_mLO2_ch02,1.266964800001004,9.583333333333334,awaiting_retrieval,,1.0
77,gLO_sBM_cAll_d13_mLO2_ch02,1.2836193000002807,9.583333333333334,awaiting_retrieval,,1.0
78,gLO_sBM_cAll_d13_mLO2_ch02,1.300145699999119,9.583333333333334,awaiting_retrieval,,1.0
79,gLO_sBM_cAll_d13_mLO2_ch02,1.3168612000008564,9.583333333333334,awaiting_retrieval,,1.0
80,gLO_sBM_cAll_d13_mLO2_ch02,1.3335435999979366,9.583333333333334,awaiting_retrieval,,1.0
81,gLO_sBM_cAll_d13_mLO2_ch02,1.3501687999996632,9.583333333333334,awaiting_retrieval,,1.0
82,gLO_sBM_cAll_d13_mLO2_ch02,1.366853100000297,9.583333333333334,awaiting_retrieval,,1.0
83,gLO_sBM_cAll_d13_mLO2_ch02,1.383504800000081,9.583333333333334,awaiting_retrieval,,1.0
84,gLO_sBM_cAll_d13_mLO2_ch02,1.4005628000013515,9.583333333333334,awaiting_retrieval,,1.0
85,gLO_sBM_cAll_d13_mLO2_ch02,1.4170905999999361,9.583333333333334,awaiting_retrieval,,1.0
86,gLO_sBM_cAll_d13_mLO2_ch02,1.4338022000010808,9.583333333333334,awaiting_retrieval,,1.0
87,gLO_sBM_cAll_d13_mLO2_ch02,1.4504482000011178,9.583333333333334,awaiting_retrieval,,1.0
88,gLO_sBM_cAll_d13_mLO2_ch02,1.4671118000005647,9.583333333333334,awaiting_retrieval,,1.0
89,gLO_sBM_cAll_d13_mLO2_ch02,1.4837669999978955,9.583333333333334,awaiting_retrieval,,1.0
90,gLO_sBM_cAll_d13_mLO2_ch02,1.5002925999979182,9.583333333333334,awaiting_retrieval,,1.0
91,gLO_sBM_cAll_d13_mLO2_ch02,1.5168092999992935,9.583333333333334,awaiting_retrieval,,1.0
92,gLO_sBM_cAll_d13_mLO2_ch02,1.5337184999989388,9.583333333333334,awaiting_retrieval,,1.0
93,gLO_sBM_cAll_d13_mLO2_ch02,1.5504307000010142,9.583333333333334,awaiting_retrieval,,1.0
94,gLO_sBM_cAll_d13_mLO2_ch02,1.5671404999993668,9.583333333333334,awaiting_retrieval,,1.0
95,gLO_sBM_cAll_d13_mLO2_ch02,1.583837899997887,9.583333333333334,awaiting_retrieval,,1.0
96,gLO_sBM_cAll_d13_mLO2_ch02,1.6003787999979961,9.583333333333334,awaiting_retrieval,,1.0
97,gLO_sBM_cAll_d13_mLO2_ch02,1.6169111999988657,9.583333333333334,awaiting_retrieval,,1.0
98,gLO_sBM_cAll_d13_mLO2_ch02,1.633590299999922,9.583333333333334,awaiting_retrieval,,1.0
99,gLO_sBM_cAll_d13_mLO2_ch02,1.65027529999861,9.583333333333334,awaiting_retrieval,,1.0
100,gLO_sBM_cAll_d13_mLO2_ch02,1.6670448000004383,9.583333333333334,awaiting_retrieval,,1.0
101,gLO_sBM_cAll_d13_mLO2_ch02,1.6838639999987193,9.583333333333334,awaiting_retrieval,,1.0
102,gLO_sBM_cAll_d13_mLO2_ch02,1.7003513999989066,9.583333333333334,awaiting_retrieval,,1.0
103,gLO_sBM_cAll_d13_mLO2_ch02,1.7169036999985094,9.583333333333334,awaiting_retrieval,,1.0
104,gLO_sBM_cAll_d13_mLO2_ch02,1.7337798000007736,9.583333333333334,awaiting_retrieval,,1.0
105,gLO_sBM_cAll_d13_mLO2_ch02,1.7504368000008965,9.583333333333334,awaiting_retrieval,,1.0
106,gLO_sBM_cAll_d13_mLO2_ch02,1.7672496000013764,9.583333333333334,awaiting_retrieval,,1.0
107,gLO_sBM_cAll_d13_mLO2_ch02,1.7835510000004418,9.583333333333334,awaiting_retrieval,,1.0
108,gLO_sBM_cAll_d13_mLO2_ch02,1.800581799998325,9.583333333333334,awaiting_retrieval,,1.0
109,gLO_sBM_cAll_d13_mLO2_ch02,1.8171192000008871,9.583333333333334,awaiting_retrieval,,1.0
110,gLO_sBM_cAll_d13_mLO2_ch02,1.833792499997797,9.583333333333334,awaiting_retrieval,,1.0
111,gLO_sBM_cAll_d13_mLO2_ch02,1.8504734999987689,9.583333333333334,awaiting_retrieval,,1.0
112,gLO_sBM_cAll_d13_mLO2_ch02,1.8668795000012308,9.583333333333334,awaiting_retrieval,,1.0
113,gLO_sBM_cAll_d13_mLO2_ch02,1.8836329000005192,9.583333333333334,awaiting_retrieval,,1.0
114,gLO_sBM_cAll_d13_mLO2_ch02,1.9002981000012353,9.583333333333334,awaiting_retrieval,,1.0
115,gLO_sBM_cAll_d13_mLO2_ch02,1.9168423999981299,9.583333333333334,awaiting_retrieval,,1.0
116,gLO_sBM_cAll_d13_mLO2_ch02,1.9336273999979297,9.583333333333334,awaiting_retrieval,,1.0
117,gLO_sBM_cAll_d13_mLO2_ch02,1.9501873999979564,9.583333333333334,awaiting_retrieval,,1.0
118,gLO_sBM_cAll_d13_mLO2_ch02,1.9668252000010382,9.583333333333334,awaiting_retrieval,,1.0
119,gLO_sBM_cAll_d13_mLO2_ch02,1.9834755000010758,9.583333333333334,awaiting_retrieval,,1.0
120,gLO_sBM_cAll_d13_mLO2_ch02,2.000183000000105,9.583333333333334,awaiting_retrieval,,1.0
121,gLO_sBM_cAll_d13_mLO2_ch02,2.017220599998836,9.583333333333334,awaiting_retrieval,,1.0
122,gLO_sBM_cAll_d13_mLO2_ch02,2.0338172000010672,9.583333333333334,awaiting_retrieval,,1.0
123,gLO_sBM_cAll_d13_mLO2_ch02,2.0504636000005125,9.583333333333334,awaiting_retrieval,,1.0
124,gLO_sBM_cAll_d13_mLO2_ch02,2.0668641999982365,9.583333333333334,awaiting_retrieval,,1.0
125,gLO_sBM_cAll_d13_mLO2_ch02,2.0835167000004744,9.583333333333334,awaiting_retrieval,,1.0
126,gLO_sBM_cAll_d13_mLO2_ch02,2.100175499999752,9.583333333333334,awaiting_retrieval,,1.0
127,gLO_sBM_cAll_d13_mLO2_ch02,2.117194599999496,9.583333333333334,awaiting_retrieval,,1.0
128,gLO_sBM_cAll_d13_mLO2_ch02,2.1334748000008434,9.583333333333334,awaiting_retrieval,,1.0
129,gLO_sBM_cAll_d13_mLO2_ch02,2.150494000001349,9.583333333333334,awaiting_retrieval,,1.0
130,gLO_sBM_cAll_d13_mLO2_ch02,2.1670229999981574,9.583333333333334,awaiting_retrieval,,1.0
131,gLO_sBM_cAll_d13_mLO2_ch02,2.18362229999912,9.583333333333334,awaiting_retrieval,,1.0
132,gLO_sBM_cAll_d13_mLO2_ch02,2.200174099998554,9.583333333333334,awaiting_retrieval,,1.0
133,gLO_sBM_cAll_d13_mLO2_ch02,2.217212799998385,9.583333333333334,awaiting_retrieval,,1.0
134,gLO_sBM_cAll_d13_mLO2_ch02,2.233900100000035,9.583333333333334,awaiting_retrieval,,1.0
135,gLO_sBM_cAll_d13_mLO2_ch02,2.250446400001245,9.583333333333334,awaiting_retrieval,,1.0
136,gLO_sBM_cAll_d13_mLO2_ch02,2.267111000001031,9.583333333333334,awaiting_retrieval,,1.0
137,gLO_sBM_cAll_d13_mLO2_ch02,2.283637699998516,9.583333333333334,awaiting_retrieval,,1.0
138,gLO_sBM_cAll_d13_mLO2_ch02,2.3002912000010927,9.583333333333334,awaiting_retrieval,,1.0
139,gLO_sBM_cAll_d13_mLO2_ch02,2.3169643000001185,9.583333333333334,awaiting_retrieval,,1.0
140,gLO_sBM_cAll_d13_mLO2_ch02,2.3338868999999356,9.583333333333334,awaiting_retrieval,,1.0
141,gLO_sBM_cAll_d13_mLO2_ch02,2.3504116000003816,9.583333333333334,awaiting_retrieval,,1.0
142,gLO_sBM_cAll_d13_mLO2_ch02,2.367026699997962,9.583333333333334,awaiting_retrieval,,1.0
143,gLO_sBM_cAll_d13_mLO2_ch02,2.3836943999995253,9.583333333333334,awaiting_retrieval,,1.0
144,gLO_sBM_cAll_d13_mLO2_ch02,2.4003975999985547,9.583333333333334,awaiting_retrieval,,1.0
145,gLO_sBM_cAll_d13_mLO2_ch02,2.417054999998086,9.583333333333334,awaiting_retrieval,,1.0
146,gLO_sBM_cAll_d13_mLO2_ch02,2.43359509999938,9.583333333333334,awaiting_retrieval,,1.0
147,gLO_sBM_cAll_d13_mLO2_ch02,2.4502342999985705,9.583333333333334,awaiting_retrieval,,1.0
148,gLO_sBM_cAll_d13_mLO2_ch02,2.4669243999997135,9.583333333333334,awaiting_retrieval,,1.0
149,gLO_sBM_cAll_d13_mLO2_ch02,2.483508299999828,9.583333333333334,awaiting_retrieval,,1.0
150,gLO_sBM_cAll_d13_mLO2_ch02,2.500535499999404,9.583333333333334,awaiting_retrieval,,1.0
151,gLO_sBM_cAll_d13_mLO2_ch02,2.5170858999990915,9.583333333333334,awaiting_retrieval,,1.0
152,gLO_sBM_cAll_d13_mLO2_ch02,2.5337953999987985,9.583333333333334,awaiting_retrieval,,1.0
153,gLO_sBM_cAll_d13_mLO2_ch02,2.550399100000523,9.583333333333334,awaiting_retrieval,,1.0
154,gLO_sBM_cAll_d13_mLO2_ch02,2.567013500000049,9.583333333333334,awaiting_retrieval,,1.0
155,gLO_sBM_cAll_d13_mLO2_ch02,2.583666200000172,9.583333333333334,awaiting_retrieval,,1.0
156,gLO_sBM_cAll_d13_mLO2_ch02,2.6001982999987576,9.583333333333334,awaiting_retrieval,,1.0
157,gLO_sBM_cAll_d13_mLO2_ch02,2.616854399999304,9.583333333333334,awaiting_retrieval,,1.0
158,gLO_sBM_cAll_d13_mLO2_ch02,2.633524699998837,9.583333333333334,awaiting_retrieval,,1.0
159,gLO_sBM_cAll_d13_mLO2_ch02,2.6501653999985355,9.583333333333334,awaiting_retrieval,,1.0
160,gLO_sBM_cAll_d13_mLO2_ch02,2.6669220000003633,9.583333333333334,awaiting_retrieval,,1.0
161,gLO_sBM_cAll_d13_mLO2_ch02,2.6835037999990394,9.583333333333334,awaiting_retrieval,,1.0
162,gLO_sBM_cAll_d13_mLO2_ch02,2.700553499998956,9.583333333333334,awaiting_retrieval,,1.0
163,gLO_sBM_cAll_d13_mLO2_ch02,2.717071099999909,9.583333333333334,awaiting_retrieval,,1.0
164,gLO_sBM_cAll_d13_mLO2_ch02,2.7337894999982635,9.583333333333334,awaiting_retrieval,,1.0
165,gLO_sBM_cAll_d13_mLO2_ch02,2.7504530000005873,9.583333333333334,awaiting_retrieval,,1.0
166,gLO_sBM_cAll_d13_mLO2_ch02,2.767169499999026,9.583333333333334,awaiting_retrieval,,1.0
167,gLO_sBM_cAll_d13_mLO2_ch02,2.7838305000005037,9.583333333333334,awaiting_retrieval,,1.0
168,gLO_sBM_cAll_d13_mLO2_ch02,2.8003826999993455,9.583333333333334,awaiting_retrieval,,1.0
169,gLO_sBM_cAll_d13_mLO2_ch02,2.817030199999891,9.583333333333334,awaiting_retrieval,,1.0
170,gLO_sBM_cAll_d13_mLO2_ch02,2.8337600999985004,9.583333333333334,awaiting_retrieval,,1.0
171,gLO_sBM_cAll_d13_mLO2_ch02,2.8504571000012517,9.583333333333334,awaiting_retrieval,,1.0
172,gLO_sBM_cAll_d13_mLO2_ch02,2.867053499998322,9.583333333333334,awaiting_retrieval,,1.0
173,gLO_sBM_cAll_d13_mLO2_ch02,2.8838137999992197,9.583333333333334,awaiting_retrieval,,1.0
174,gLO_sBM_cAll_d13_mLO2_ch02,2.9002593000005024,9.583333333333334,awaiting_retrieval,,1.0
175,gLO_sBM_cAll_d13_mLO2_ch02,2.917292899997879,9.583333333333334,awaiting_retrieval,,1.0
176,gLO_sBM_cAll_d13_mLO2_ch02,2.9335000999999794,9.583333333333334,awaiting_retrieval,,1.0
177,gLO_sBM_cAll_d13_mLO2_ch02,2.9504945999979437,9.583333333333334,awaiting_retrieval,,1.0
178,gLO_sBM_cAll_d13_mLO2_ch02,2.967112999998824,9.583333333333334,awaiting_retrieval,,1.0
179,gLO_sBM_cAll_d13_mLO2_ch02,2.983831999998109,9.583333333333334,awaiting_retrieval,,1.0
180,gLO_sBM_cAll_d13_mLO2_ch02,3.000357799999655,9.583333333333334,awaiting_retrieval,,1.0
181,gLO_sBM_cAll_d13_mLO2_ch02,3.0170347999992737,9.583333333333334,loading,,1.0
182,gLO_sBM_cAll_d13_mLO2_ch02,3.0336739999984643,9.583333333333334,loading,,1.0
183,gLO_sBM_cAll_d13_mLO2_ch02,3.050464500000127,9.583333333333334,loading,,1.0
184,gLO_sBM_cAll_d13_mLO2_ch02,3.0671269999984743,9.583333333333334,loading,,1.0
185,gLO_sBM_cAll_d13_mLO2_ch02,3.083798100000461,9.583333333333334,loading,,1.0
186,gLO_sBM_cAll_d13_mLO2_ch02,3.1004804000004187,9.583333333333334,loading,,1.0
187,gLO_sBM_cAll_d13_mLO2_ch02,3.11713299999978,9.583333333333334,loading,,1.0
188,gLO_sBM_cAll_d13_mLO2_ch02,3.133703299998201,9.583333333333334,loading,,1.0
189,gLO_sBM_cAll_d13_mLO2_ch02,3.150297600001109,9.583333333333334,loading,,1.0
190,gLO_sBM_cAll_d13_mLO2_ch02,3.1672484999981374,9.583333333333334,loading,,1.0
191,gLO_sBM_cAll_d13_mLO2_ch02,3.1839135999980925,9.583333333333334,loading,,1.0
192,gLO_sBM_cAll_d13_mLO2_ch02,3.200565299997877,9.583333333333334,loading,,1.0
193,gLO_sBM_cAll_d13_mLO2_ch02,3.217227299999693,9.583333333333334,loading,,1.0
194,gLO_sBM_cAll_d13_mLO2_ch02,3.2339432999979625,9.583333333333334,loading,,1.0
195,gLO_sBM_cAll_d13_mLO2_ch02,3.2505055000001897,9.583333333333334,loading,,1.0
196,gLO_sBM_cAll_d13_mLO2_ch02,3.2671222999998006,9.583333333333334,loading,,1.0
197,gLO_sBM_cAll_d13_mLO2_ch02,3.2836782000013502,9.583333333333334,loading,,1.0
198,gLO_sBM_cAll_d13_mLO2_ch02,3.300402000000805,9.583333333333334,loading,,1.0
199,gLO_sBM_cAll_d13_mLO2_ch02,3.3170924000005946,9.583333333333334,loading,,1.0
200,gLO_sBM_cAll_d13_mLO2_ch02,3.333787399999031,9.583333333333334,loading,,1.0
201,gLO_sBM_cAll_d13_mLO2_ch02,3.3503311999993945,9.583333333333334,loading,,1.0
202,gLO_sBM_cAll_d13_mLO2_ch02,3.3668627000006874,9.583333333333334,loading,,1.0
203,gLO_sBM_cAll_d13_mLO2_ch02,3.383913699999589,9.583333333333334,loading,,1.0
204,gLO_sBM_cAll_d13_mLO2_ch02,3.4001323999983066,9.583333333333334,loading,,1.0
205,gLO_sBM_cAll_d13_mLO2_ch02,3.416799700000462,9.583333333333334,loading,,1.0
206,gLO_sBM_cAll_d13_mLO2_ch02,3.4335314999989874,9.583333333333334,loading,,1.0
207,gLO_sBM_cAll_d13_mLO2_ch02,3.450548299999408,9.583333333333334,loading,,1.0
208,gLO_sBM_cAll_d13_mLO2_ch02,3.4670790999990087,9.583333333333334,loading,,1.0
209,gLO_sBM_cAll_d13_mLO2_ch02,3.4837549000004038,9.583333333333334,loading,,1.0
210,gLO_sBM_cAll_d13_mLO2_ch02,3.5004458000003624,9.583333333333334,loading,,1.0
211,gLO_sBM_cAll_d13_mLO2_ch02,3.517077500000652,9.583333333333334,loading,,1.0
212,gLO_sBM_cAll_d13_mLO2_ch02,3.5337274999984056,9.583333333333334,loading,,1.0
213,gLO_sBM_cAll_d13_mLO2_ch02,3.5502589999996985,9.583333333333334,loading,,1.0
214,gLO_sBM_cAll_d13_mLO2_ch02,3.566792199999384,9.583333333333334,loading,,1.0
215,gLO_sBM_cAll_d13_mLO2_ch02,3.5835487000004504,9.583333333333334,loading,,1.0
216,gLO_sBM_cAll_d13_mLO2_ch02,3.6003113000006715,9.583333333333334,loading,,1.0
217,gLO_sBM_cAll_d13_mLO2_ch02,3.6169216999988434,9.583333333333334,loading,,1.0
218,gLO_sBM_cAll_d13_mLO2_ch02,3.6339157000002764,9.583333333333334,loading,,1.0
219,gLO_sBM_cAll_d13_mLO2_ch02,3.650359899998936,9.583333333333334,loading,,1.0
220,gLO_sBM_cAll_d13_mLO2_ch02,3.6669325000003186,9.583333333333334,loading,,1.0
221,gLO_sBM_cAll_d13_mLO2_ch02,3.6839092999981116,9.583333333333334,loading,,1.0
222,gLO_sBM_cAll_d13_mLO2_ch02,3.700588899999338,9.583333333333334,loading,,1.0
223,gLO_sBM_cAll_d13_mLO2_ch02,3.717142900000972,9.583333333333334,loading,,1.0
224,gLO_sBM_cAll_d13_mLO2_ch02,3.733858100000426,9.583333333333334,loading,,1.0
225,gLO_sBM_cAll_d13_mLO2_ch02,3.7505412999999606,9.583333333333334,loading,,1.0
226,gLO_sBM_cAll_d13_mLO2_ch02,3.767159499999318,9.583333333333334,loading,,1.0
227,gLO_sBM_cAll_d13_mLO2_ch02,3.7838482000007145,9.583333333333334,loading,,1.0
228,gLO_sBM_cAll_d13_mLO2_ch02,3.8003930999985402,9.583333333333334,loading,,1.0
229,gLO_sBM_cAll_d13_mLO2_ch02,3.8170963000012077,9.583333333333334,loading,,1.0
230,gLO_sBM_cAll_d13_mLO2_ch02,3.833882099999824,9.583333333333334,loading,,1.0
231,gLO_sBM_cAll_d13_mLO2_ch02,3.8504298000007804,9.583333333333334,loading,,1.0
232,gLO_sBM_cAll_d13_mLO2_ch02,3.867063300000224,9.583333333333334,loading,,1.0
233,gLO_sBM_cAll_d13_mLO2_ch02,3.8837229999990788,9.583333333333334,loading,,1.0
234,gLO_sBM_cAll_d13_mLO2_ch02,3.90027310000012,9.583333333333334,loading,,1.0
235,gLO_sBM_cAll_d13_mLO2_ch02,3.916808599999129,9.583333333333334,loading,,1.0
236,gLO_sBM_cAll_d13_mLO2_ch02,3.933536799999346,9.583333333333334,loading,,1.0
237,gLO_sBM_cAll_d13_mLO2_ch02,3.9501873999980304,9.583333333333334,loading,,1.0
238,gLO_sBM_cAll_d13_mLO2_ch02,3.966839199998576,9.583333333333334,loading,,1.0
239,gLO_sBM_cAll_d13_mLO2_ch02,3.9835047999987006,9.583333333333334,loading,,1.0
240,gLO_sBM_cAll_d13_mLO2_ch02,4.000549799999209,9.583333333333334,loading,,1.0
241,gLO_sBM_cAll_d13_mLO2_ch02,4.017166499998057,9.583333333333334,loading,,1.0
242,gLO_sBM_cAll_d13_mLO2_ch02,4.033916899999967,9.583333333333334,loading,,1.0
243,gLO_sBM_cAll_d13_mLO2_ch02,4.050640499997897,9.583333333333334,loading,,1.0
244,gLO_sBM_cAll_d13_mLO2_ch02,4.067085499999009,9.583333333333334,loading,,1.0
245,gLO_sBM_cAll_d13_mLO2_ch02,4.083839099999819,9.583333333333334,loading,,1.0
246,gLO_sBM_cAll_d13_mLO2_ch02,4.100415199998747,9.583333333333334,loading,,1.0
247,gLO_sBM_cAll_d13_mLO2_ch02,4.116939100000376,9.583333333333334,loading,,1.0
248,gLO_sBM_cAll_d13_mLO2_ch02,4.133592300000667,9.583333333333334,loading,,1.0
249,gLO_sBM_cAll_d13_mLO2_ch02,4.1501349999999295,9.583333333333334,loading,,1.0
250,gLO_sBM_cAll_d13_mLO2_ch02,4.167148199998402,9.583333333333334,loading,,1.0
251,gLO_sBM_cAll_d13_mLO2_ch02,4.183893800000142,9.583333333333334,loading,,1.0
252,gLO_sBM_cAll_d13_mLO2_ch02,4.200422099998895,9.583333333333334,loading,,1.0
253,gLO_sBM_cAll_d13_mLO2_ch02,4.216956799999087,9.583333333333334,loading,,1.0
254,gLO_sBM_cAll_d13_mLO2_ch02,4.233637099998366,9.583333333333334,loading,,1.0
255,gLO_sBM_cAll_d13_mLO2_ch02,4.25036259999985,9.583333333333334,loading,,1.0
256,gLO_sBM_cAll_d13_mLO2_ch02,4.267089000000911,9.583333333333334,loading,,1.0
257,gLO_sBM_cAll_d13_mLO2_ch02,4.283662099998823,9.583333333333334,loading,,1.0
258,gLO_sBM_cAll_d13_mLO2_ch02,4.300198500001046,9.583333333333334,loading,,1.0
259,gLO_sBM_cAll_d13_mLO2_ch02,4.317241900000283,9.583333333333334,loading,,1.0
260,gLO_sBM_cAll_d13_mLO2_ch02,4.333485399998664,9.583333333333334,loading,,1.0
261,gLO_sBM_cAll_d13_mLO2_ch02,4.350116699999544,9.583333333333334,loading,,1.0
262,gLO_sBM_cAll_d13_mLO2_ch02,4.367133499999963,9.583333333333334,loading,,1.0
263,gLO_sBM_cAll_d13_mLO2_ch02,4.383723200000585,9.583333333333334,loading,,1.0
264,gLO_sBM_cAll_d13_mLO2_ch02,4.400400200000202,9.583333333333334,loading,,1.0
265,gLO_sBM_cAll_d13_mLO2_ch02,4.419655099998687,9.583333333333334,loading,,1.0
266,gLO_sBM_cAll_d13_mLO2_ch02,4.433733400001125,9.583333333333334,loading,,1.0
267,gLO_sBM_cAll_d13_mLO2_ch02,4.4502538999986925,9.583333333333334,loading,,1.0
268,gLO_sBM_cAll_d13_mLO2_ch02,4.466960300000259,9.583333333333334,loading,,1.0
269,gLO_sBM_cAll_d13_mLO2_ch02,4.4836275999987745,9.583333333333334,loading,,1.0
270,gLO_sBM_cAll_d13_mLO2_ch02,4.500286399998051,9.583333333333334,loading,,1.0
271,gLO_sBM_cAll_d13_mLO2_ch02,4.516913299998169,9.583333333333334,loading,,1.0
272,gLO_sBM_cAll_d13_mLO2_ch02,4.533561799999052,9.583333333333334,loading,,1.0
273,gLO_sBM_cAll_d13_mLO2_ch02,4.550383199999532,9.583333333333334,loading,,1.0
274,gLO_sBM_cAll_d13_mLO2_ch02,4.567057500000417,9.583333333333334,loading,,1.0
275,gLO_sBM_cAll_d13_mLO2_ch02,4.583495899998567,9.583333333333334,loading,,1.0
276,gLO_sBM_cAll_d13_mLO2_ch02,4.6004413999981315,9.583333333333334,loading,,1.0
277,gLO_sBM_cAll_d13_mLO2_ch02,4.61711849999851,9.583333333333334,loading,,1.0
278,gLO_sBM_cAll_d13_mLO2_ch02,4.633657200000056,9.583333333333334,loading,,1.0
279,gLO_sBM_cAll_d13_mLO2_ch02,4.6501963999981335,9.583333333333334,loading,,1.0
280,gLO_sBM_cAll_d13_mLO2_ch02,4.667236799999993,9.583333333333334,loading,,1.0
281,gLO_sBM_cAll_d13_mLO2_ch02,4.683920799998342,9.583333333333334,loading,,1.0
282,gLO_sBM_cAll_d13_mLO2_ch02,4.700136200001034,9.583333333333334,loading,,1.0
283,gLO_sBM_cAll_d13_mLO2_ch02,4.7173622999980935,9.583333333333334,loading,,1.0
284,gLO_sBM_cAll_d13_mLO2_ch02,4.733575499998586,9.583333333333334,loading,,1.0
285,gLO_sBM_cAll_d13_mLO2_ch02,4.750568100000271,9.583333333333334,loading,,1.0
286,gLO_sBM_cAll_d13_mLO2_ch02,4.767103400001393,9.583333333333334,loading,,1.0
287,gLO_sBM_cAll_d13_mLO2_ch02,4.7839053999996715,9.583333333333334,loading,,1.0
288,gLO_sBM_cAll_d13_mLO2_ch02,4.800529699998182,9.583333333333334,loading,,1.0
289,gLO_sBM_cAll_d13_mLO2_ch02,4.8172292999989015,9.583333333333334,loading,,1.0
290,gLO_sBM_cAll_d13_mLO2_ch02,4.833509399999486,9.583333333333334,loading,,1.0
291,gLO_sBM_cAll_d13_mLO2_ch02,4.850536800000583,9.583333333333334,loading,,1.0
292,gLO_sBM_cAll_d13_mLO2_ch02,4.8672794000013075,9.583333333333334,loading,,1.0
293,gLO_sBM_cAll_d13_mLO2_ch02,4.883490299998838,9.583333333333334,loading,,1.0
294,gLO_sBM_cAll_d13_mLO2_ch02,4.900273700001006,9.583333333333334,loading,,1.0
295,gLO_sBM_cAll_d13_mLO2_ch02,4.916919899998927,9.583333333333334,loading,,1.0
296,gLO_sBM_cAll_d13_mLO2_ch02,4.933623000000831,9.583333333333334,loading,,1.0
297,gLO_sBM_cAll_d13_mLO2_ch02,4.950192500000435,9.583333333333334,loading,,1.0
298,gLO_sBM_cAll_d13_mLO2_ch02,4.9668955999987014,9.583333333333334,loading,,1.0
299,gLO_sBM_cAll_d13_mLO2_ch02,4.9836175999990004,9.583333333333334,loading,,1.0
300,gLO_sBM_cAll_d13_mLO2_ch02,5.0001578000010545,9.583333333333334,loading,,1.0
301,gLO_sBM_cAll_d13_mLO2_ch02,5.016861899999659,9.583333333333334,loading,,1.0
302,gLO_sBM_cAll_d13_mLO2_ch02,5.033528799998767,9.583333333333334,loading,,1.0
303,gLO_sBM_cAll_d13_mLO2_ch02,5.050165299999225,9.583333333333334,loading,,1.0
304,gLO_sBM_cAll_d13_mLO2_ch02,5.066917600001051,9.583333333333334,loading,,1.0
305,gLO_sBM_cAll_d13_mLO2_ch02,5.083742999999247,9.583333333333334,loading,,1.0
306,gLO_sBM_cAll_d13_mLO2_ch02,5.100279300000708,9.583333333333334,loading,,1.0
307,gLO_sBM_cAll_d13_mLO2_ch02,5.1168072000000535,9.583333333333334,loading,,1.0
308,gLO_sBM_cAll_d13_mLO2_ch02,5.133493900000771,9.583333333333334,loading,,1.0
309,gLO_sBM_cAll_d13_mLO2_ch02,5.150127199998691,9.583333333333334,loading,,1.0
310,gLO_sBM_cAll_d13_mLO2_ch02,5.167333800000063,9.583333333333334,loading,,1.0
311,gLO_sBM_cAll_d13_mLO2_ch02,5.183598799998446,9.583333333333334,loading,,1.0
312,gLO_sBM_cAll_d13_mLO2_ch02,5.20051070000046,9.583333333333334,loading,,1.0
313,gLO_sBM_cAll_d13_mLO2_ch02,5.217052100000737,9.583333333333334,loading,,1.0
314,gLO_sBM_cAll_d13_mLO2_ch02,5.23368879999908,9.583333333333334,loading,,1.0
315,gLO_sBM_cAll_d13_mLO2_ch02,5.250270299999109,9.583333333333334,loading,,1.0
316,gLO_sBM_cAll_d13_mLO2_ch02,5.266907299999736,9.583333333333334,loading,,1.0
317,gLO_sBM_cAll_d13_mLO2_ch02,5.283623799998173,9.583333333333334,loading,,1.0
318,gLO_sBM_cAll_d13_mLO2_ch02,5.300190199999638,9.583333333333334,loading,,1.0
319,gLO_sBM_cAll_d13_mLO2_ch02,5.31689629999892,9.583333333333334,loading,,1.0
320,gLO_sBM_cAll_d13_mLO2_ch02,5.333920799999762,9.583333333333334,loading,,1.0
321,gLO_sBM_cAll_d13_mLO2_ch02,5.350829300001353,9.583333333333334,loading,,1.0
322,gLO_sBM_cAll_d13_mLO2_ch02,5.367032199999813,9.583333333333334,loading,,1.0
323,gLO_sBM_cAll_d13_mLO2_ch02,5.383730900000955,9.583333333333334,loading,,1.0
324,gLO_sBM_cAll_d13_mLO2_ch02,5.400422300001082,9.583333333333334,loading,,1.0
325,gLO_sBM_cAll_d13_mLO2_ch02,5.416793399999731,9.583333333333334,loading,,1.0
326,gLO_sBM_cAll_d13_mLO2_ch02,5.433545299998511,9.583333333333334,loading,,1.0
327,gLO_sBM_cAll_d13_mLO2_ch02,5.450172500000914,9.583333333333334,loading,,1.0
328,gLO_sBM_cAll_d13_mLO2_ch02,5.466842499998161,9.583333333333334,loading,,1.0
329,gLO_sBM_cAll_d13_mLO2_ch02,5.4835609000001515,9.583333333333334,loading,,1.0
330,gLO_sBM_cAll_d13_mLO2_ch02,5.500609300001082,9.583333333333334,loading,,1.0
331,gLO_sBM_cAll_d13_mLO2_ch02,5.516837099999968,9.583333333333334,loading,,1.0
332,gLO_sBM_cAll_d13_mLO2_ch02,5.533545399997812,9.583333333333334,loading,,1.0
333,gLO_sBM_cAll_d13_mLO2_ch02,5.550171599999876,9.583333333333334,loading,,1.0
334,gLO_sBM_cAll_d13_mLO2_ch02,5.566874600001019,9.583333333333334,loading,,1.0
335,gLO_sBM_cAll_d13_mLO2_ch02,5.583504999998684,9.583333333333334,loading,,1.0
336,gLO_sBM_cAll_d13_mLO2_ch02,5.600651900000218,9.583333333333334,loading,,1.0
337,gLO_sBM_cAll_d13_mLO2_ch02,5.617201099998043,9.583333333333334,loading,,1.0
338,gLO_sBM_cAll_d13_mLO2_ch02,5.633832600000447,9.583333333333334,loading,,1.0
339,gLO_sBM_cAll_d13_mLO2_ch02,5.650333800000212,9.583333333333334,loading,,1.0
340,gLO_sBM_cAll_d13_mLO2_ch02,5.667244600001125,9.583333333333334,loading,,1.0
341,gLO_sBM_cAll_d13_mLO2_ch02,5.683923699998543,9.583333333333334,loading,,1.0
342,gLO_sBM_cAll_d13_mLO2_ch02,5.700565600000101,9.583333333333334,loading,,1.0
343,gLO_sBM_cAll_d13_mLO2_ch02,5.717175400000979,9.583333333333334,loading,,1.0
344,gLO_sBM_cAll_d13_mLO2_ch02,5.733914699998404,9.583333333333334,loading,,1.0
345,gLO_sBM_cAll_d13_mLO2_ch02,5.750458999998935,9.583333333333334,loading,,1.0
346,gLO_sBM_cAll_d13_mLO2_ch02,5.767006999998537,9.583333333333334,loading,,1.0
347,gLO_sBM_cAll_d13_mLO2_ch02,5.7836289000006005,9.583333333333334,loading,,1.0
348,gLO_sBM_cAll_d13_mLO2_ch02,5.800305099997764,9.583333333333334,loading,,1.0
349,gLO_sBM_cAll_d13_mLO2_ch02,5.816964599998732,9.583333333333334,loading,,1.0
350,gLO_sBM_cAll_d13_mLO2_ch02,5.833771900000987,9.583333333333334,loading,,1.0
351,gLO_sBM_cAll_d13_mLO2_ch02,5.8502215999978695,9.583333333333334,loading,,1.0
352,gLO_sBM_cAll_d13_mLO2_ch02,5.867243199998458,9.583333333333334,loading,,1.0
353,gLO_sBM_cAll_d13_mLO2_ch02,5.883905399998158,9.583333333333334,loading,,1.0
354,gLO_sBM_cAll_d13_mLO2_ch02,5.900573200000481,9.583333333333334,loading,,1.0
355,gLO_sBM_cAll_d13_mLO2_ch02,5.917247500001366,9.583333333333334,loading,,1.0
356,gLO_sBM_cAll_d13_mLO2_ch02,5.933558900000178,9.583333333333334,loading,,1.0
357,gLO_sBM_cAll_d13_mLO2_ch02,5.9505806999986515,9.583333333333334,loading,,1.0
358,gLO_sBM_cAll_d13_mLO2_ch02,5.967123999998845,9.583333333333334,loading,,1.0
359,gLO_sBM_cAll_d13_mLO2_ch02,5.983826299998295,9.583333333333334,loading,,1.0
360,gLO_sBM_cAll_d13_mLO2_ch02,6.000546799998086,9.583333333333334,loading,,1.0
361,gLO_sBM_cAll_d13_mLO2_ch02,6.017171100000235,9.583333333333334,loading,,1.0
362,gLO_sBM_cAll_d13_mLO2_ch02,6.033983199999022,9.583333333333334,loading,,1.0
363,gLO_sBM_cAll_d13_mLO2_ch02,6.05044129999802,9.583333333333334,loading,,1.0
364,gLO_sBM_cAll_d13_mLO2_ch02,6.06723599999892,9.583333333333334,loading,,1.0
365,gLO_sBM_cAll_d13_mLO2_ch02,6.0835972999993455,9.583333333333334,loading,,1.0
366,gLO_sBM_cAll_d13_mLO2_ch02,6.100131299997845,9.583333333333334,loading,,1.0
367,gLO_sBM_cAll_d13_mLO2_ch02,6.117183999998776,9.583333333333334,loading,,1.0
368,gLO_sBM_cAll_d13_mLO2_ch02,6.133462800000376,9.583333333333334,loading,,1.0
369,gLO_sBM_cAll_d13_mLO2_ch02,6.150482199998764,9.583333333333334,loading,,1.0
370,gLO_sBM_cAll_d13_mLO2_ch02,6.167016100000141,9.583333333333334,loading,,1.0
371,gLO_sBM_cAll_d13_mLO2_ch02,6.183712599999083,9.583333333333334,loading,,1.0
372,gLO_sBM_cAll_d13_mLO2_ch02,6.200304300000382,9.583333333333334,loading,,1.0
373,gLO_sBM_cAll_d13_mLO2_ch02,6.217039399998567,9.583333333333334,preparing,,1.0
374,gLO_sBM_cAll_d13_mLO2_ch02,6.233743599997934,9.583333333333334,preparing,,1.0
375,gLO_sBM_cAll_d13_mLO2_ch02,6.250287399998296,9.583333333333334,preparing,,1.0
376,gLO_sBM_cAll_d13_mLO2_ch02,6.266851199998153,9.583333333333334,preparing,,1.0
377,gLO_sBM_cAll_d13_mLO2_ch02,6.283572299998875,9.583333333333334,preparing,,1.0
378,gLO_sBM_cAll_d13_mLO2_ch02,6.300591899998786,9.583333333333334,preparing,,1.0
379,gLO_sBM_cAll_d13_mLO2_ch02,6.316858499998439,9.583333333333334,preparing,,1.0
380,gLO_sBM_cAll_d13_mLO2_ch02,6.333523999997801,9.583333333333334,preparing,,1.0
381,gLO_sBM_cAll_d13_mLO2_ch02,6.350189000000631,9.583333333333334,preparing,,1.0
382,gLO_sBM_cAll_d13_mLO2_ch02,6.366902300000167,9.583333333333334,preparing,,1.0
383,gLO_sBM_cAll_d13_mLO2_ch02,6.383510700001299,9.583333333333334,preparing,,1.0
384,gLO_sBM_cAll_d13_mLO2_ch02,6.400547999997744,9.583333333333334,preparing,,1.0
385,gLO_sBM_cAll_d13_mLO2_ch02,6.417116299999124,9.583333333333334,preparing,,1.0
386,gLO_sBM_cAll_d13_mLO2_ch02,6.464812699999981,9.583333333333334,preparing,,1.0
387,gLO_sBM_cAll_d13_mLO2_ch02,6.485754599998414,9.583333333333334,preparing,,1.0
388,gLO_sBM_cAll_d13_mLO2_ch02,6.502433099998538,9.583333333333334,preparing,,1.0
389,gLO_sBM_cAll_d13_mLO2_ch02,6.51950829999981,9.583333333333334,preparing,,1.0
390,gLO_sBM_cAll_d13_mLO2_ch02,6.536102499998317,9.583333333333334,preparing,,1.0
391,gLO_sBM_cAll_d13_mLO2_ch02,6.552767599998271,9.583333333333334,preparing,,1.0
392,gLO_sBM_cAll_d13_mLO2_ch02,6.56940419999949,9.583333333333334,preparing,,1.0
393,gLO_sBM_cAll_d13_mLO2_ch02,6.586087700001308,9.583333333333334,preparing,,1.0
394,gLO_sBM_cAll_d13_mLO2_ch02,6.6028177999978,9.583333333333334,preparing,,1.0
395,gLO_sBM_cAll_d13_mLO2_ch02,6.619380199997911,9.583333333333334,preparing,,1.0
396,gLO_sBM_cAll_d13_mLO2_ch02,6.636087999999224,9.583333333333334,preparing,,1.0
397,gLO_sBM_cAll_d13_mLO2_ch02,6.652589900000681,9.583333333333334,preparing,,1.0
398,gLO_sBM_cAll_d13_mLO2_ch02,6.669384599997943,9.583333333333334,preparing,,1.0
399,gLO_sBM_cAll_d13_mLO2_ch02,6.685980399997719,9.583333333333334,preparing,,1.0
400,gLO_sBM_cAll_d13_mLO2_ch02,6.7027039999992875,9.583333333333334,preparing,,1.0
401,gLO_sBM_cAll_d13_mLO2_ch02,6.7192205999999,9.583333333333334,preparing,,1.0
402,gLO_sBM_cAll_d13_mLO2_ch02,6.7358396999988335,9.583333333333334,preparing,,1.0
403,gLO_sBM_cAll_d13_mLO2_ch02,6.752534099999975,9.583333333333334,preparing,,1.0
404,gLO_sBM_cAll_d13_mLO2_ch02,6.769821499998142,9.583333333333334,ready,,1.0
405,gLO_sBM_cAll_d13_mLO2_ch02,6.785839399999457,9.583333333333334,ready,,1.0
406,gLO_sBM_cAll_d13_mLO2_ch02,6.802524200000259,9.583333333333334,ready,,1.0
407,gLO_sBM_cAll_d13_mLO2_ch02,6.8195405000005085,9.583333333333334,ready,,1.0
408,gLO_sBM_cAll_d13_mLO2_ch02,6.836183700001052,9.583333333333334,ready,,1.0
409,gLO_sBM_cAll_d13_mLO2_ch02,6.852472700000284,9.583333333333334,ready,,1.0
410,gLO_sBM_cAll_d13_mLO2_ch02,6.869199399999991,9.583333333333334,ready,,1.0
411,gLO_sBM_cAll_d13_mLO2_ch02,6.885929299998599,9.583333333333334,ready,,1.0
412,gLO_sBM_cAll_d13_mLO2_ch02,6.902936999998848,9.583333333333334,ready,,1.0
413,gLO_sBM_cAll_d13_mLO2_ch02,6.919465399998362,9.583333333333334,ready,,1.0
414,gLO_sBM_cAll_d13_mLO2_ch02,6.936075800000171,9.583333333333334,ready,,1.0
415,gLO_sBM_cAll_d13_mLO2_ch02,6.952879100001072,9.583333333333334,ready,,1.0
416,gLO_sBM_cAll_d13_mLO2_ch02,6.969397099997793,9.583333333333334,ready,,1.0
417,gLO_sBM_cAll_d13_mLO2_ch02,6.986087900000626,9.583333333333334,ready,,1.0
418,gLO_sBM_cAll_d13_mLO2_ch02,7.0027535000007495,9.583333333333334,ready,,1.0
419,gLO_sBM_cAll_d13_mLO2_ch02,7.019322100000776,9.583333333333334,ready,,1.0
420,gLO_sBM_cAll_d13_mLO2_ch02,7.036095999999728,9.583333333333334,ready,,1.0
421,gLO_sBM_cAll_d13_mLO2_ch02,7.05272949999917,9.583333333333334,ready,,1.0
422,gLO_sBM_cAll_d13_mLO2_ch02,7.069263099998262,9.583333333333334,ready,,1.0
423,gLO_sBM_cAll_d13_mLO2_ch02,7.085983900000338,9.583333333333334,ready,,1.0
424,gLO_sBM_cAll_d13_mLO2_ch02,7.102760199999374,9.583333333333334,ready,,1.0
425,gLO_sBM_cAll_d13_mLO2_ch02,7.119429599999329,9.583333333333334,ready,,1.0
426,gLO_sBM_cAll_d13_mLO2_ch02,7.1360902999985205,9.583333333333334,ready,,1.0
427,gLO_sBM_cAll_d13_mLO2_ch02,7.15279309999814,9.583333333333334,ready,,1.0
428,gLO_sBM_cAll_d13_mLO2_ch02,7.169287299999174,9.583333333333334,ready,,1.0
429,gLO_sBM_cAll_d13_mLO2_ch02,7.185968099998622,9.583333333333334,ready,,1.0
430,gLO_sBM_cAll_d13_mLO2_ch02,7.202627200000182,9.583333333333334,ready,,1.0
431,gLO_sBM_cAll_d13_mLO2_ch02,7.219296299997852,9.583333333333334,ready,,1.0
432,gLO_sBM_cAll_d13_mLO2_ch02,7.235953499999497,9.583333333333334,ready,,1.0
433,gLO_sBM_cAll_d13_mLO2_ch02,7.252579399999277,9.583333333333334,ready,,1.0
434,gLO_sBM_cAll_d13_mLO2_ch02,7.269079300000057,9.583333333333334,ready,,1.0
435,gLO_sBM_cAll_d13_mLO2_ch02,7.285755400000097,9.583333333333334,ready,,1.0
436,gLO_sBM_cAll_d13_mLO2_ch02,7.3025467000005735,9.583333333333334,ready,,1.0
437,gLO_sBM_cAll_d13_mLO2_ch02,7.319198299999595,9.583333333333334,ready,,1.0
438,gLO_sBM_cAll_d13_mLO2_ch02,7.335890899997945,9.583333333333334,ready,,1.0
439,gLO_sBM_cAll_d13_mLO2_ch02,7.352522500001109,9.583333333333334,ready,,1.0
440,gLO_sBM_cAll_d13_mLO2_ch02,7.369547999998653,9.583333333333334,ready,,1.0
441,gLO_sBM_cAll_d13_mLO2_ch02,7.3857749999987234,9.583333333333334,ready,,1.0
442,gLO_sBM_cAll_d13_mLO2_ch02,7.402438000000877,9.583333333333334,ready,,1.0
443,gLO_sBM_cAll_d13_mLO2_ch02,7.41908920000049,9.583333333333334,ready,,1.0
444,gLO_sBM_cAll_d13_mLO2_ch02,7.435786199999602,9.583333333333334,ready,,1.0
445,gLO_sBM_cAll_d13_mLO2_ch02,7.452457799998118,9.583333333333334,ready,,1.0
446,gLO_sBM_cAll_d13_mLO2_ch02,7.469471299998875,9.583333333333334,ready,,1.0
447,gLO_sBM_cAll_d13_mLO2_ch02,7.486143800000606,9.583333333333334,ready,,1.0
448,gLO_sBM_cAll_d13_mLO2_ch02,7.502457700000265,9.583333333333334,ready,,1.0
449,gLO_sBM_cAll_d13_mLO2_ch02,7.519141399999967,9.583333333333334,ready,,1.0
450,gLO_sBM_cAll_d13_mLO2_ch02,7.535943700000529,9.583333333333334,ready,,1.0
451,gLO_sBM_cAll_d13_mLO2_ch02,7.55287300000043,9.583333333333334,ready,,1.0
452,gLO_sBM_cAll_d13_mLO2_ch02,7.569534300000552,9.583333333333334,ready,,1.0
453,gLO_sBM_cAll_d13_mLO2_ch02,7.586161499999317,9.583333333333334,ready,,1.0
454,gLO_sBM_cAll_d13_mLO2_ch02,7.602511599998134,9.583333333333334,ready,,1.0
455,gLO_sBM_cAll_d13_mLO2_ch02,7.61949470000024,9.583333333333334,ready,,1.0
456,gLO_sBM_cAll_d13_mLO2_ch02,7.636145500000446,9.583333333333334,ready,,1.0
457,gLO_sBM_cAll_d13_mLO2_ch02,7.652801799998876,9.583333333333334,ready,,1.0
458,gLO_sBM_cAll_d13_mLO2_ch02,7.669473800000438,9.583333333333334,ready,,1.0
459,gLO_sBM_cAll_d13_mLO2_ch02,7.686123100000136,9.583333333333334,ready,,1.0
460,gLO_sBM_cAll_d13_mLO2_ch02,7.7027768000005965,9.583333333333334,ready,,1.0
461,gLO_sBM_cAll_d13_mLO2_ch02,7.719308600000534,9.583333333333334,ready,,1.0
462,gLO_sBM_cAll_d13_mLO2_ch02,7.736002199999223,9.583333333333334,ready,,1.0
463,gLO_sBM_cAll_d13_mLO2_ch02,7.752688199998248,9.583333333333334,ready,,1.0
464,gLO_sBM_cAll_d13_mLO2_ch02,7.769355600001163,9.583333333333334,ready,,1.0
465,gLO_sBM_cAll_d13_mLO2_ch02,7.786021699997818,9.583333333333334,ready,,1.0
466,gLO_sBM_cAll_d13_mLO2_ch02,7.8026729000010695,9.583333333333334,ready,,1.0
467,gLO_sBM_cAll_d13_mLO2_ch02,7.819226899999064,9.583333333333334,ready,,1.0
468,gLO_sBM_cAll_d13_mLO2_ch02,7.835878300000201,9.583333333333334,ready,,1.0
469,gLO_sBM_cAll_d13_mLO2_ch02,7.8524342999988725,9.583333333333334,ready,,1.0
470,gLO_sBM_cAll_d13_mLO2_ch02,7.8691152999998435,9.583333333333334,ready,,1.0
471,gLO_sBM_cAll_d13_mLO2_ch02,7.885735299998354,9.583333333333334,ready,,1.0
472,gLO_sBM_cAll_d13_mLO2_ch02,7.902404399999662,9.583333333333334,ready,,1.0
473,gLO_sBM_cAll_d13_mLO2_ch02,7.919450799999915,9.583333333333334,ready,,1.0
474,gLO_sBM_cAll_d13_mLO2_ch02,7.936096499997666,9.583333333333334,ready,,1.0
475,gLO_sBM_cAll_d13_mLO2_ch02,7.952828900000759,9.583333333333334,ready,,1.0
476,gLO_sBM_cAll_d13_mLO2_ch02,7.969457700000793,9.583333333333334,ready,,1.0
477,gLO_sBM_cAll_d13_mLO2_ch02,7.986125700001001,9.583333333333334,ready,,1.0
478,gLO_sBM_cAll_d13_mLO2_ch02,8.002388599997946,9.583333333333334,ready,,1.0
479,gLO_sBM_cAll_d13_mLO2_ch02,8.019456300000316,9.583333333333334,ready,,1.0
480,gLO_sBM_cAll_d13_mLO2_ch02,8.036151699998157,9.583333333333334,ready,,1.0
481,gLO_sBM_cAll_d13_mLO2_ch02,8.05290070000032,9.583333333333334,ready,,1.0
482,gLO_sBM_cAll_d13_mLO2_ch02,8.069529899999763,9.583333333333334,ready,,1.0
483,gLO_sBM_cAll_d13_mLO2_ch02,8.086066200001225,9.583333333333334,ready,,1.0
484,gLO_sBM_cAll_d13_mLO2_ch02,8.102463600000048,9.583333333333334,ready,,1.0
485,gLO_sBM_cAll_d13_mLO2_ch02,8.119454799998348,9.583333333333334,ready,,1.0
486,gLO_sBM_cAll_d13_mLO2_ch02,8.13623419999916,9.583333333333334,ready,,1.0
487,gLO_sBM_cAll_d13_mLO2_ch02,8.152459799999486,9.583333333333334,ready,,1.0
488,gLO_sBM_cAll_d13_mLO2_ch02,8.169510299998215,9.583333333333334,ready,,1.0
489,gLO_sBM_cAll_d13_mLO2_ch02,8.18606060000078,9.583333333333334,ready,,1.0
490,gLO_sBM_cAll_d13_mLO2_ch02,8.202588299998602,9.583333333333334,ready,,1.0
491,gLO_sBM_cAll_d13_mLO2_ch02,8.219237599998301,9.583333333333334,ready,,1.0
492,gLO_sBM_cAll_d13_mLO2_ch02,8.235761799998578,9.583333333333334,ready,,1.0
493,gLO_sBM_cAll_d13_mLO2_ch02,8.25251499999998,9.583333333333334,ready,,1.0
494,gLO_sBM_cAll_d13_mLO2_ch02,8.269043899999664,9.583333333333334,ready,,1.0
495,gLO_sBM_cAll_d13_mLO2_ch02,8.285767599998355,9.583333333333334,ready,,1.0
496,gLO_sBM_cAll_d13_mLO2_ch02,8.3024345000011,9.583333333333334,ready,,1.0
497,gLO_sBM_cAll_d13_mLO2_ch02,8.319101400000207,9.583333333333334,ready,,1.0
498,gLO_sBM_cAll_d13_mLO2_ch02,8.335727299999988,9.583333333333334,ready,,1.0
499,gLO_sBM_cAll_d13_mLO2_ch02,8.35247140000122,9.583333333333334,ready,,1.0
500,gLO_sBM_cAll_d13_mLO2_ch02,8.369553000000291,9.583333333333334,ready,,1.0
501,gLO_sBM_cAll_d13_mLO2_ch02,8.385800500000027,9.583333333333334,ready,,1.0
502,gLO_sBM_cAll_d13_mLO2_ch02,8.402399800000989,9.583333333333334,ready,,1.0
503,gLO_sBM_cAll_d13_mLO2_ch02,8.419738100001107,9.583333333333334,ready,,1.0
504,gLO_sBM_cAll_d13_mLO2_ch02,8.435858000000573,9.583333333333334,ready,,1.0
505,gLO_sBM_cAll_d13_mLO2_ch02,8.452542700000613,9.583333333333334,ready,,1.0
506,gLO_sBM_cAll_d13_mLO2_ch02,8.469048300001141,9.583333333333334,ready,,1.0
507,gLO_sBM_cAll_d13_mLO2_ch02,8.48574630000059,9.583333333333334,ready,,1.0
508,gLO_sBM_cAll_d13_mLO2_ch02,8.502807199998475,9.583333333333334,ready,,1.0
509,gLO_sBM_cAll_d13_mLO2_ch02,8.519404399997999,9.583333333333334,ready,,1.0
510,gLO_sBM_cAll_d13_mLO2_ch02,8.535996099999299,9.583333333333334,ready,,1.0
511,gLO_sBM_cAll_d13_mLO2_ch02,8.552607499997809,9.583333333333334,ready,,1.0
512,gLO_sBM_cAll_d13_mLO2_ch02,8.569135599998678,9.583333333333334,ready,,1.0
513,gLO_sBM_cAll_d13_mLO2_ch02,8.585931599998561,9.583333333333334,ready,,1.0
514,gLO_sBM_cAll_d13_mLO2_ch02,8.602497499999858,9.583333333333334,ready,,1.0
515,gLO_sBM_cAll_d13_mLO2_ch02,8.619108899998368,9.583333333333334,ready,,1.0
516,gLO_sBM_cAll_d13_mLO2_ch02,8.635711099999584,9.583333333333334,ready,,1.0
517,gLO_sBM_cAll_d13_mLO2_ch02,8.652436899999714,9.583333333333334,ready,,1.0
518,gLO_sBM_cAll_d13_mLO2_ch02,8.669461699999202,9.583333333333334,ready,,1.0
519,gLO_sBM_cAll_d13_mLO2_ch02,8.686127199998564,9.583333333333334,ready,,1.0
520,gLO_sBM_cAll_d13_mLO2_ch02,8.702802200001141,9.583333333333334,ready,,1.0
521,gLO_sBM_cAll_d13_mLO2_ch02,8.719397099997703,9.583333333333334,ready,,1.0
522,gLO_sBM_cAll_d13_mLO2_ch02,8.73598969999858,9.583333333333334,ready,,1.0
523,gLO_sBM_cAll_d13_mLO2_ch02,8.75272139999998,9.583333333333334,ready,,1.0
524,gLO_sBM_cAll_d13_mLO2_ch02,8.769251499997887,9.583333333333334,ready,,1.0
525,gLO_sBM_cAll_d13_mLO2_ch02,8.785915100000972,9.583333333333334,ready,,1.0
526,gLO_sBM_cAll_d13_mLO2_ch02,8.802516299998212,9.583333333333334,ready,,1.0
527,gLO_sBM_cAll_d13_mLO2_ch02,8.819108100000273,9.583333333333334,ready,,1.0
528,gLO_sBM_cAll_d13_mLO2_ch02,8.836154599997649,9.583333333333334,ready,,1.0
529,gLO_sBM_cAll_d13_mLO2_ch02,8.852861399998622,9.583333333333334,ready,,1.0
530,gLO_sBM_cAll_d13_mLO2_ch02,8.869444899999328,9.583333333333334,ready,,1.0
531,gLO_sBM_cAll_d13_mLO2_ch02,8.886050099997922,9.583333333333334,ready,,1.0
532,gLO_sBM_cAll_d13_mLO2_ch02,8.902715299998638,9.583333333333334,ready,,1.0
533,gLO_sBM_cAll_d13_mLO2_ch02,8.91922699999832,9.583333333333334,ready,,1.0
534,gLO_sBM_cAll_d13_mLO2_ch02,8.935838699999115,9.583333333333334,ready,,1.0
535,gLO_sBM_cAll_d13_mLO2_ch02,8.952451099997964,9.583333333333334,ready,,1.0
536,gLO_sBM_cAll_d13_mLO2_ch02,8.969057199999773,9.583333333333334,ready,,1.0
537,gLO_sBM_cAll_d13_mLO2_ch02,8.985719600000996,9.583333333333334,ready,,1.0
538,gLO_sBM_cAll_d13_mLO2_ch02,9.002829900000325,9.583333333333334,ready,,1.0
539,gLO_sBM_cAll_d13_mLO2_ch02,9.019357500001025,9.583333333333334,ready,,1.0
540,gLO_sBM_cAll_d13_mLO2_ch02,9.035961000001226,9.583333333333334,ready,,1.0
541,gLO_sBM_cAll_d13_mLO2_ch02,9.052669100001184,9.583333333333334,ready,,1.0
542,gLO_sBM_cAll_d13_mLO2_ch02,9.069292899999526,9.583333333333334,ready,,0.9999985623209836
543,gLO_sBM_cAll_d13_mLO2_ch02,9.085951099997873,9.583333333333334,ready,,0.9994589462719163
544,gLO_sBM_cAll_d13_mLO2_ch02,9.102777399999283,9.583333333333334,ready,,0.9966292727854951
545,gLO_sBM_cAll_d13_mLO2_ch02,9.119283199997696,9.583333333333334,ready,,0.9901085629912534
546,gLO_sBM_cAll_d13_mLO2_ch02,9.135922999997817,9.583333333333334,ready,,0.9786407804146721
547,gLO_sBM_cAll_d13_mLO2_ch02,9.15258429999794,9.583333333333334,ready,,0.9614406551277715
548,gLO_sBM_cAll_d13_mLO2_ch02,9.16924070000077,9.583333333333334,ready,,0.9380499090633546
549,gLO_sBM_cAll_d13_mLO2_ch02,9.185901799999371,9.583333333333334,ready,,0.9082689795218667
550,gLO_sBM_cAll_d13_mLO2_ch02,9.20257839999958,9.583333333333334,ready,,0.8721426095107407
551,gLO_sBM_cAll_d13_mLO2_ch02,9.21912259999935,9.583333333333334,ready,,0.8303611133781961
552,gLO_sBM_cAll_d13_mLO2_ch02,9.235799400001081,9.583333333333334,ready,,0.7827629378171322
553,gLO_sBM_cAll_d13_mLO2_ch02,9.252459099999935,9.583333333333334,ready,,0.7303997838706526
554,gLO_sBM_cAll_d13_mLO2_ch02,9.269065000000221,9.583333333333334,ready,,0.6742387156278422
555,gLO_sBM_cAll_d13_mLO2_ch02,9.285742899999414,9.583333333333334,ready,,0.6147866841706171
556,gLO_sBM_cAll_d13_mLO2_ch02,9.302783299997635,9.583333333333334,ready,,0.5519556844665935
557,gLO_sBM_cAll_d13_mLO2_ch02,9.31931869999952,9.583333333333334,ready,,0.4900556210764136
558,gLO_sBM_cAll_d13_mLO2_ch02,9.336037400000157,9.583333333333334,ready,,0.42764996193765087
559,gLO_sBM_cAll_d13_mLO2_ch02,9.352680199997655,9.583333333333334,ready,,0.3668059641599671
560,gLO_sBM_cAll_d13_mLO2_ch02,9.36931859999803,9.583333333333334,ready,,0.30831608114339304
561,gLO_sBM_cAll_d13_mLO2_ch02,9.385963599997728,9.583333333333334,ready,,0.25314042377972984
562,gLO_sBM_cAll_d13_mLO2_ch02,9.402607299998442,9.583333333333334,ready,,0.2022121055979813
563,gLO_sBM_cAll_d13_mLO2_ch02,9.419143700000665,9.583333333333334,ready,,0.1565879300881885
564,gLO_sBM_cAll_d13_mLO2_ch02,9.435758899999007,9.583333333333334,ready,,0.1163677578131416
565,gLO_sBM_cAll_d13_mLO2_ch02,9.452413200000398,9.583333333333334,ready,,0.08215717894712815
566,gLO_sBM_cAll_d13_mLO2_ch02,9.469065199998829,9.583333333333334,ready,,0.05430207798881803
567,gLO_sBM_cAll_d13_mLO2_ch02,9.486088999997978,9.583333333333334,ready,,0.032388484315069646
568,gLO_sBM_cAll_d13_mLO2_ch02,9.502854099999043,9.583333333333334,ready,,0.017011392355984388
569,gLO_sBM_cAll_d13_mLO2_ch02,9.51939760000076,9.583333333333334,ready,,0.007296443267742863
570,gLO_sBM_cAll_d13_mLO2_ch02,9.536126799997675,9.583333333333334,ready,,0.0020750474323384216
571,gLO_sBM_cAll_d13_mLO2_ch02,9.552386899998766,9.583333333333334,ready,,0.00022307976241633915
572,gLO_sBM_cAll_d13_mLO2_ch02,9.566666666666666,9.583333333333334,executing,switch_start,0.0
573,gLO_sBM_cAll_d13_mLO2_ch02,9.566666666666666,9.583333333333334,executing,,0.0
574,gLO_sBM_cAll_d13_mLO2_ch02,9.566666666666666,9.583333333333334,executing,,0.0
575,gLO_sBM_cAll_d13_mLO2_ch02,9.566666666666666,9.583333333333334,executing,,0.0
576,gLO_sBM_cAll_d13_mLO2_ch02,9.566666666666666,9.583333333333334,executing,,0.0
577,gLO_sBM_cAll_d13_mLO2_ch02,9.566666666666666,9.583333333333334,executing,,0.0
578,gLO_sBM_cAll_d13_mLO2_ch02,9.566666666666666,9.583333333333334,executing,,0.0
579,gLO_sBM_cAll_d13_mLO2_ch02,9.566666666666666,9.583333333333334,executing,,0.0
580,gLO_sBM_cAll_d13_mLO2_ch02,9.566666666666666,9.583333333333334,executing,,0.0
581,gLO_sBM_cAll_d13_mLO2_ch02,9.566666666666666,9.583333333333334,executing,,0.0
582,gLO_sBM_cAll_d13_mLO2_ch02,9.566666666666666,9.583333333333334,executing,,0.0
583,gLO_sBM_cAll_d13_mLO2_ch02,9.566666666666666,9.583333333333334,executing,,0.0
584,gLO_sBM_cAll_d13_mLO2_ch02,9.566666666666666,9.583333333333334,executing,,0.0
585,gLO_sBM_cAll_d13_mLO2_ch02,9.566666666666666,9.583333333333334,executing,,0.0
586,gLO_sBM_cAll_d13_mLO2_ch02,9.566666666666666,9.583333333333334,executing,,0.0
587,gLO_sBM_cAll_d13_mLO2_ch02,9.566666666666666,9.583333333333334,executing,,0.0
588,gLO_sBM_cAll_d13_mLO2_ch02,9.566666666666666,9.583333333333334,executing,,0.0
589,gLO_sBM_cAll_d13_mLO2_ch02,9.566666666666666,9.583333333333334,executing,,0.0
590,gLO_sBM_cAll_d13_mLO2_ch02,9.566666666666666,9.583333333333334,executing,,0.0
591,gLO_sBM_cAll_d13_mLO2_ch02,9.566666666666666,9.583333333333334,executing,,0.0
592,gLO_sBM_cAll_d13_mLO2_ch02,9.566666666666666,9.583333333333334,executing,,0.0
593,gPO_sBM_cAll_d10_mPO0_ch02,0.13605946666769644,11.983333333333333,awaiting_preparation,switch_complete,1.6075801643761969e-06
594,gPO_sBM_cAll_d10_mPO0_ch02,0.1526664666690825,11.983333333333333,loading,,0.0005450812936599249
595,gPO_sBM_cAll_d10_mPO0_ch02,0.16934896666692423,11.983333333333333,loading,,0.003345170929880892
596,gPO_sBM_cAll_d10_mPO0_ch02,0.18597556666839724,11.983333333333333,loading,,0.009905114168018318
597,gPO_sBM_cAll_d10_mPO0_ch02,0.20264656666962175,11.983333333333333,loading,,0.021407864752997892
598,gPO_sBM_cAll_d10_mPO0_ch02,0.21930156666906764,11.983333333333333,loading,,0.03862085725327427
599,gPO_sBM_cAll_d10_mPO0_ch02,0.2359023666668996,11.983333333333333,loading,,0.06194211442649803
600,gPO_sBM_cAll_d10_mPO0_ch02,0.2525481666690517,11.983333333333333,loading,,0.09169085632273581
601,gPO_sBM_cAll_d10_mPO0_ch02,0.26917886666900226,11.983333333333333,loading,,0.12770182119921702
602,gPO_sBM_cAll_d10_mPO0_ch02,0.28570686666910977,11.983333333333333,loading,,0.1694168753409031
603,gPO_sBM_cAll_d10_mPO0_ch02,0.30288196666709466,11.983333333333333,loading,,0.21848888863626764
604,gPO_sBM_cAll_d10_mPO0_ch02,0.3195100666690754,11.983333333333333,loading,,0.27085855408315496
605,gPO_sBM_cAll_d10_mPO0_ch02,0.3360410666701985,11.983333333333333,loading,,0.32683945633009254
606,gPO_sBM_cAll_d10_mPO0_ch02,0.35276586666999105,11.983333333333333,loading,,0.3865093291135111
607,gPO_sBM_cAll_d10_mPO0_ch02,0.36953316666961944,11.983333333333333,loading,,0.4483544055999625
608,gPO_sBM_cAll_d10_mPO0_ch02,0.3862672666674672,11.983333333333333,loading,,0.511001239836946
609,gPO_sBM_cAll_d10_mPO0_ch02,0.4027165666685806,11.983333333333333,loading,,0.572396351559325
610,gPO_sBM_cAll_d10_mPO0_ch02,0.42018886667040806,11.983333333333333,loading,,0.6362188265904279
611,gPO_sBM_cAll_d10_mPO0_ch02,0.43593576666729217,11.983333333333333,loading,,0.6915143808955883
612,gPO_sBM_cAll_d10_mPO0_ch02,0.45263666666699726,11.983333333333333,loading,,0.7468800296078262
613,gPO_sBM_cAll_d10_mPO0_ch02,0.46922526667015774,11.983333333333333,loading,,0.7976458601039469
614,gPO_sBM_cAll_d10_mPO0_ch02,0.48584266666706094,11.983333333333333,loading,,0.8434958998947536
615,gPO_sBM_cAll_d10_mPO0_ch02,0.5026978666702532,11.983333333333333,loading,,0.8842416892364715
616,gPO_sBM_cAll_d10_mPO0_ch02,0.5193945666670812,11.983333333333333,loading,,0.9184285112752282
617,gPO_sBM_cAll_d10_mPO0_ch02,0.5359096666671872,11.983333333333333,loading,,0.9459608451634578
618,gPO_sBM_cAll_d10_mPO0_ch02,0.552581866670273,11.983333333333333,loading,,0.9674206139967975
619,gPO_sBM_cAll_d10_mPO0_ch02,0.5692418666677735,11.983333333333333,loading,,0.9827803997956479
620,gPO_sBM_cAll_d10_mPO0_ch02,0.5858433666672976,11.983333333333333,loading,,0.9926060314815882
621,gPO_sBM_cAll_d10_mPO0_ch02,0.6026249666703118,11.983333333333333,loading,,0.997891529937618
622,gPO_sBM_cAll_d10_mPO0_ch02,0.6192133666683115,11.983333333333333,loading,,0.9997842204560928
623,gPO_sBM_cAll_d10_mPO0_ch02,0.6357553666695206,11.983333333333333,loading,,1.0
624,gPO_sBM_cAll_d10_mPO0_ch02,0.652482566669398,11.983333333333333,loading,,1.0
625,gPO_sBM_cAll_d10_mPO0_ch02,0.6690742666670596,11.983333333333333,loading,,1.0
626,gPO_sBM_cAll_d10_mPO0_ch02,0.6857378666701445,11.983333333333333,loading,,1.0
627,gPO_sBM_cAll_d10_mPO0_ch02,0.7024562666684979,11.983333333333333,loading,,1.0
628,gPO_sBM_cAll_d10_mPO0_ch02,0.7191372666694696,11.983333333333333,loading,,1.0
629,gPO_sBM_cAll_d10_mPO0_ch02,0.7362005666674412,11.983333333333333,loading,,1.0
630,gPO_sBM_cAll_d10_mPO0_ch02,0.7528524666687479,11.983333333333333,loading,,1.0
631,gPO_sBM_cAll_d10_mPO0_ch02,0.7692763666692661,11.983333333333333,loading,,1.0
632,gPO_sBM_cAll_d10_mPO0_ch02,0.7860074666697362,11.983333333333333,loading,,1.0
633,gPO_sBM_cAll_d10_mPO0_ch02,0.8027448666672459,11.983333333333333,loading,,1.0
634,gPO_sBM_cAll_d10_mPO0_ch02,0.8193285666694752,11.983333333333333,loading,,1.0
635,gPO_sBM_cAll_d10_mPO0_ch02,0.8358954666674723,11.983333333333333,loading,,1.0
636,gPO_sBM_cAll_d10_mPO0_ch02,0.8525810666670909,11.983333333333333,loading,,1.0
637,gPO_sBM_cAll_d10_mPO0_ch02,0.8692352666677211,11.983333333333333,loading,,1.0
638,gPO_sBM_cAll_d10_mPO0_ch02,0.8859035666702142,11.983333333333333,loading,,1.0
639,gPO_sBM_cAll_d10_mPO0_ch02,0.9026234666690754,11.983333333333333,loading,,1.0
640,gPO_sBM_cAll_d10_mPO0_ch02,0.9192930666669155,11.983333333333333,loading,,1.0
641,gPO_sBM_cAll_d10_mPO0_ch02,0.9358424666699021,11.983333333333333,loading,,1.0
642,gPO_sBM_cAll_d10_mPO0_ch02,0.9525320666672369,11.983333333333333,loading,,1.0
643,gPO_sBM_cAll_d10_mPO0_ch02,0.969308366669912,11.983333333333333,loading,,1.0
644,gPO_sBM_cAll_d10_mPO0_ch02,0.9857968666675614,11.983333333333333,loading,,1.0
645,gPO_sBM_cAll_d10_mPO0_ch02,1.0024543666678536,11.983333333333333,preparing,,1.0
646,gPO_sBM_cAll_d10_mPO0_ch02,1.0191348666686562,11.983333333333333,preparing,,1.0
647,gPO_sBM_cAll_d10_mPO0_ch02,1.0357926666675947,11.983333333333333,preparing,,1.0
648,gPO_sBM_cAll_d10_mPO0_ch02,1.0523932666675417,11.983333333333333,preparing,,1.0
649,gPO_sBM_cAll_d10_mPO0_ch02,1.0691440666688603,11.983333333333333,preparing,,1.0
650,gPO_sBM_cAll_d10_mPO0_ch02,1.0861967666697918,11.983333333333333,preparing,,1.0
651,gPO_sBM_cAll_d10_mPO0_ch02,1.102795866669231,11.983333333333333,preparing,,1.0
652,gPO_sBM_cAll_d10_mPO0_ch02,1.1194858666696117,11.983333333333333,preparing,,1.0
653,gPO_sBM_cAll_d10_mPO0_ch02,1.1361264666685482,11.983333333333333,preparing,,1.0
654,gPO_sBM_cAll_d10_mPO0_ch02,1.1527841666703633,11.983333333333333,preparing,,1.0
655,gPO_sBM_cAll_d10_mPO0_ch02,1.1693570666703916,11.983333333333333,preparing,,1.0
656,gPO_sBM_cAll_d10_mPO0_ch02,1.1858504666689722,11.983333333333333,preparing,,1.0
657,gPO_sBM_cAll_d10_mPO0_ch02,1.2026026666700371,11.983333333333333,preparing,,1.0
658,gPO_sBM_cAll_d10_mPO0_ch02,1.219340066667547,11.983333333333333,preparing,,1.0
659,gPO_sBM_cAll_d10_mPO0_ch02,1.2359050666692664,11.983333333333333,preparing,,1.0
660,gPO_sBM_cAll_d10_mPO0_ch02,1.2524683666689551,11.983333333333333,preparing,,1.0
661,gPO_sBM_cAll_d10_mPO0_ch02,1.2691921666684092,11.983333333333333,preparing,,1.0
662,gPO_sBM_cAll_d10_mPO0_ch02,1.2857084666703766,11.983333333333333,preparing,,1.0
663,gPO_sBM_cAll_d10_mPO0_ch02,1.3028412666700486,11.983333333333333,preparing,,1.0
664,gPO_sBM_cAll_d10_mPO0_ch02,1.3195377666689918,11.983333333333333,preparing,,1.0
665,gPO_sBM_cAll_d10_mPO0_ch02,1.3361481666671633,11.983333333333333,preparing,,1.0
666,gPO_sBM_cAll_d10_mPO0_ch02,1.3527877666693993,11.983333333333333,preparing,,1.0
667,gPO_sBM_cAll_d10_mPO0_ch02,1.3694012666693478,11.983333333333333,preparing,,1.0
668,gPO_sBM_cAll_d10_mPO0_ch02,1.3859435666692033,11.983333333333333,preparing,,1.0
669,gPO_sBM_cAll_d10_mPO0_ch02,1.4026644666684032,11.983333333333333,preparing,,1.0
670,gPO_sBM_cAll_d10_mPO0_ch02,1.4194520666698107,11.983333333333333,preparing,,1.0
671,gPO_sBM_cAll_d10_mPO0_ch02,1.4361493666675695,11.983333333333333,preparing,,1.0
672,gPO_sBM_cAll_d10_mPO0_ch02,1.452749866670393,11.983333333333333,preparing,,1.0
673,gPO_sBM_cAll_d10_mPO0_ch02,1.4693413666701698,11.983333333333333,preparing,,1.0
674,gPO_sBM_cAll_d10_mPO0_ch02,1.4858442666683285,11.983333333333333,preparing,,1.0
675,gPO_sBM_cAll_d10_mPO0_ch02,1.5025363666701477,11.983333333333333,preparing,,1.0
676,gPO_sBM_cAll_d10_mPO0_ch02,1.5194939666672607,11.983333333333333,preparing,,1.0
677,gPO_sBM_cAll_d10_mPO0_ch02,1.5358790666670128,11.983333333333333,preparing,,1.0
678,gPO_sBM_cAll_d10_mPO0_ch02,1.552591666668496,11.983333333333333,preparing,,1.0
679,gPO_sBM_cAll_d10_mPO0_ch02,1.569152166668692,11.983333333333333,preparing,,1.0
680,gPO_sBM_cAll_d10_mPO0_ch02,1.5903775666685132,11.983333333333333,ready,,1.0
681,gPO_sBM_cAll_d10_mPO0_ch02,1.6027878666701607,11.983333333333333,ready,,1.0
682,gPO_sBM_cAll_d10_mPO0_ch02,1.6191693666679665,11.983333333333333,ready,,1.0
683,gPO_sBM_cAll_d10_mPO0_ch02,1.635924766667932,11.983333333333333,ready,,1.0
684,gPO_sBM_cAll_d10_mPO0_ch02,1.6524985666675374,11.983333333333333,ready,,1.0
685,gPO_sBM_cAll_d10_mPO0_ch02,1.6692549666678413,11.983333333333333,ready,,1.0
686,gPO_sBM_cAll_d10_mPO0_ch02,1.6860669666695056,11.983333333333333,ready,,1.0
687,gPO_sBM_cAll_d10_mPO0_ch02,1.7026566666701282,11.983333333333333,ready,,1.0
688,gPO_sBM_cAll_d10_mPO0_ch02,1.7194331666670504,11.983333333333333,ready,,1.0
689,gPO_sBM_cAll_d10_mPO0_ch02,1.7359603666683423,11.983333333333333,ready,,1.0
690,gPO_sBM_cAll_d10_mPO0_ch02,1.7526297666682975,11.983333333333333,ready,,1.0
691,gPO_sBM_cAll_d10_mPO0_ch02,1.7692883666696897,11.983333333333333,ready,,1.0
692,gPO_sBM_cAll_d10_mPO0_ch02,1.7858955666689607,11.983333333333333,ready,,1.0
693,gPO_sBM_cAll_d10_mPO0_ch02,1.8024940666674691,11.983333333333333,ready,,1.0
694,gPO_sBM_cAll_d10_mPO0_ch02,1.819046366667072,11.983333333333333,ready,,1.0
695,gPO_sBM_cAll_d10_mPO0_ch02,1.8360682666699457,11.983333333333333,ready,,1.0
696,gPO_sBM_cAll_d10_mPO0_ch02,1.852605466667347,11.983333333333333,ready,,1.0
697,gPO_sBM_cAll_d10_mPO0_ch02,1.8692894666693345,11.983333333333333,ready,,1.0
698,gPO_sBM_cAll_d10_mPO0_ch02,1.8859113666677612,11.983333333333333,ready,,1.0
699,gPO_sBM_cAll_d10_mPO0_ch02,1.9025618666693216,11.983333333333333,ready,,1.0
700,gPO_sBM_cAll_d10_mPO0_ch02,1.9194652666684586,11.983333333333333,ready,,1.0
701,gPO_sBM_cAll_d10_mPO0_ch02,1.9361561666684164,11.983333333333333,ready,,1.0
702,gPO_sBM_cAll_d10_mPO0_ch02,1.9526820666670854,11.983333333333333,ready,,1.0
703,gPO_sBM_cAll_d10_mPO0_ch02,1.96930506667025,11.983333333333333,ready,,1.0
704,gPO_sBM_cAll_d10_mPO0_ch02,1.9858292666668884,11.983333333333333,ready,,1.0
705,gPO_sBM_cAll_d10_mPO0_ch02,2.0025735666696445,11.983333333333333,ready,,1.0
706,gPO_sBM_cAll_d10_mPO0_ch02,2.0194924666703917,11.983333333333333,ready,,1.0
707,gPO_sBM_cAll_d10_mPO0_ch02,2.036038566670079,11.983333333333333,ready,,1.0
708,gPO_sBM_cAll_d10_mPO0_ch02,2.052546566667054,11.983333333333333,ready,,1.0
709,gPO_sBM_cAll_d10_mPO0_ch02,2.0691854666675984,11.983333333333333,ready,,1.0
710,gPO_sBM_cAll_d10_mPO0_ch02,2.08632036666871,11.983333333333333,ready,,1.0
711,gPO_sBM_cAll_d10_mPO0_ch02,2.102442666668262,11.983333333333333,ready,,1.0
712,gPO_sBM_cAll_d10_mPO0_ch02,2.1191041666699086,11.983333333333333,ready,,1.0
713,gPO_sBM_cAll_d10_mPO0_ch02,2.136093566669057,11.983333333333333,ready,,1.0
714,gPO_sBM_cAll_d10_mPO0_ch02,2.1528477666671617,11.983333333333333,ready,,1.0
715,gPO_sBM_cAll_d10_mPO0_ch02,2.169231266669283,11.983333333333333,ready,,1.0
716,gPO_sBM_cAll_d10_mPO0_ch02,2.185834866670246,11.983333333333333,ready,,1.0
717,gPO_sBM_cAll_d10_mPO0_ch02,2.2025940666700436,11.983333333333333,ready,,1.0
718,gPO_sBM_cAll_d10_mPO0_ch02,2.219281766667464,11.983333333333333,ready,,1.0
719,gPO_sBM_cAll_d10_mPO0_ch02,2.2358008666689244,11.983333333333333,ready,,1.0
720,gPO_sBM_cAll_d10_mPO0_ch02,2.2524680666703185,11.983333333333333,ready,,1.0
721,gPO_sBM_cAll_d10_mPO0_ch02,2.2691174666671414,11.983333333333333,ready,,1.0
722,gPO_sBM_cAll_d10_mPO0_ch02,2.2860647666694995,11.983333333333333,ready,,1.0
723,gPO_sBM_cAll_d10_mPO0_ch02,2.3026720666695324,11.983333333333333,ready,,1.0
724,gPO_sBM_cAll_d10_mPO0_ch02,2.319503566670523,11.983333333333333,ready,,1.0
725,gPO_sBM_cAll_d10_mPO0_ch02,2.336471066670261,11.983333333333333,ready,,1.0
726,gPO_sBM_cAll_d10_mPO0_ch02,2.352689266668809,11.983333333333333,ready,,1.0
727,gPO_sBM_cAll_d10_mPO0_ch02,2.3693337666683387,11.983333333333333,ready,,1.0
728,gPO_sBM_cAll_d10_mPO0_ch02,2.3857473666704636,11.983333333333333,ready,,1.0
729,gPO_sBM_cAll_d10_mPO0_ch02,2.402453666667632,11.983333333333333,ready,,1.0
730,gPO_sBM_cAll_d10_mPO0_ch02,2.4191150666685175,11.983333333333333,ready,,1.0
731,gPO_sBM_cAll_d10_mPO0_ch02,2.435792266669659,11.983333333333333,ready,,1.0
732,gPO_sBM_cAll_d10_mPO0_ch02,2.452672966666933,11.983333333333333,ready,,1.0
733,gPO_sBM_cAll_d10_mPO0_ch02,2.4690891666670276,11.983333333333333,ready,,1.0
734,gPO_sBM_cAll_d10_mPO0_ch02,2.48611516666838,11.983333333333333,ready,,1.0
735,gPO_sBM_cAll_d10_mPO0_ch02,2.5028039666669,11.983333333333333,ready,,1.0
736,gPO_sBM_cAll_d10_mPO0_ch02,2.5193250666690377,11.983333333333333,ready,,1.0
737,gPO_sBM_cAll_d10_mPO0_ch02,2.5359037666695747,11.983333333333333,ready,,1.0
738,gPO_sBM_cAll_d10_mPO0_ch02,2.552641766668016,11.983333333333333,ready,,1.0
739,gPO_sBM_cAll_d10_mPO0_ch02,2.5692311666699927,11.983333333333333,ready,,1.0
740,gPO_sBM_cAll_d10_mPO0_ch02,2.585766266669594,11.983333333333333,ready,,1.0
741,gPO_sBM_cAll_d10_mPO0_ch02,2.602608666669909,11.983333333333333,ready,,1.0
742,gPO_sBM_cAll_d10_mPO0_ch02,2.619246366668592,11.983333333333333,ready,,1.0
743,gPO_sBM_cAll_d10_mPO0_ch02,2.635925666667534,11.983333333333333,ready,,1.0
744,gPO_sBM_cAll_d10_mPO0_ch02,2.652495966669593,11.983333333333333,ready,,1.0
745,gPO_sBM_cAll_d10_mPO0_ch02,2.669434866669835,11.983333333333333,ready,,1.0
746,gPO_sBM_cAll_d10_mPO0_ch02,2.685992866669185,11.983333333333333,ready,,1.0
747,gPO_sBM_cAll_d10_mPO0_ch02,2.702631466667445,11.983333333333333,ready,,1.0
748,gPO_sBM_cAll_d10_mPO0_ch02,2.7192387666674778,11.983333333333333,ready,,1.0
749,gPO_sBM_cAll_d10_mPO0_ch02,2.736205966668569,11.983333333333333,ready,,1.0
750,gPO_sBM_cAll_d10_mPO0_ch02,2.7528424666690285,11.983333333333333,ready,,1.0
751,gPO_sBM_cAll_d10_mPO0_ch02,2.769189166667423,11.983333333333333,ready,,1.0
752,gPO_sBM_cAll_d10_mPO0_ch02,2.7862238666695376,11.983333333333333,ready,,1.0
753,gPO_sBM_cAll_d10_mPO0_ch02,2.802930366668229,11.983333333333333,ready,,1.0
754,gPO_sBM_cAll_d10_mPO0_ch02,2.819225166667971,11.983333333333333,ready,,1.0
755,gPO_sBM_cAll_d10_mPO0_ch02,2.8358824666703786,11.983333333333333,ready,,1.0
756,gPO_sBM_cAll_d10_mPO0_ch02,2.8524516666676996,11.983333333333333,ready,,1.0
757,gPO_sBM_cAll_d10_mPO0_ch02,2.8692896666672527,11.983333333333333,ready,,1.0
758,gPO_sBM_cAll_d10_mPO0_ch02,2.8857924666682884,11.983333333333333,ready,,1.0
759,gPO_sBM_cAll_d10_mPO0_ch02,2.9025962666693603,11.983333333333333,ready,,1.0
760,gPO_sBM_cAll_d10_mPO0_ch02,2.919213666669902,11.983333333333333,ready,,1.0
761,gPO_sBM_cAll_d10_mPO0_ch02,2.9359638666702907,11.983333333333333,ready,,1.0
762,gPO_sBM_cAll_d10_mPO0_ch02,2.952568566668716,11.983333333333333,ready,,1.0
763,gPO_sBM_cAll_d10_mPO0_ch02,2.969211666668499,11.983333333333333,ready,,1.0
764,gPO_sBM_cAll_d10_mPO0_ch02,2.9858098666683617,11.983333333333333,ready,,1.0
765,gPO_sBM_cAll_d10_mPO0_ch02,3.0024818666699256,11.983333333333333,ready,,1.0
766,gPO_sBM_cAll_d10_mPO0_ch02,3.019495366667046,11.983333333333333,ready,,1.0
767,gPO_sBM_cAll_d10_mPO0_ch02,3.03601896667003,11.983333333333333,ready,,1.0
768,gPO_sBM_cAll_d10_mPO0_ch02,3.052963766667904,11.983333333333333,ready,,1.0
769,gPO_sBM_cAll_d10_mPO0_ch02,3.0693096666674826,11.983333333333333,ready,,1.0
770,gPO_sBM_cAll_d10_mPO0_ch02,3.085837766668352,11.983333333333333,ready,,1.0
771,gPO_sBM_cAll_d10_mPO0_ch02,3.1026352666687464,11.983333333333333,ready,,1.0
772,gPO_sBM_cAll_d10_mPO0_ch02,3.119329466668367,11.983333333333333,ready,,1.0
773,gPO_sBM_cAll_d10_mPO0_ch02,3.136012266668494,11.983333333333333,ready,,1.0
774,gPO_sBM_cAll_d10_mPO0_ch02,3.152394366667231,11.983333333333333,ready,,1.0
775,gPO_sBM_cAll_d10_mPO0_ch02,3.169443266668332,11.983333333333333,ready,,1.0
776,gPO_sBM_cAll_d10_mPO0_ch02,3.186058066667266,11.983333333333333,ready,,1.0
777,gPO_sBM_cAll_d10_mPO0_ch02,3.2024909666671935,11.983333333333333,ready,,1.0
778,gPO_sBM_cAll_d10_mPO0_ch02,3.2191707666699427,11.983333333333333,ready,,1.0
779,gPO_sBM_cAll_d10_mPO0_ch02,3.2361887666685867,11.983333333333333,ready,,1.0
780,gPO_sBM_cAll_d10_mPO0_ch02,3.2527581666674306,11.983333333333333,ready,,1.0
781,gPO_sBM_cAll_d10_mPO0_ch02,3.2692978666693167,11.983333333333333,ready,,1.0
782,gPO_sBM_cAll_d10_mPO0_ch02,3.2860440666683512,11.983333333333333,ready,,1.0
783,gPO_sBM_cAll_d10_mPO0_ch02,3.3025441666670177,11.983333333333333,ready,,1.0
784,gPO_sBM_cAll_d10_mPO0_ch02,3.319330466669441,11.983333333333333,ready,,1.0
785,gPO_sBM_cAll_d10_mPO0_ch02,3.336355066667409,11.983333333333333,ready,,1.0
786,gPO_sBM_cAll_d10_mPO0_ch02,3.3525602666688323,11.983333333333333,ready,,1.0
787,gPO_sBM_cAll_d10_mPO0_ch02,3.3691045666693653,11.983333333333333,ready,,1.0
788,gPO_sBM_cAll_d10_mPO0_ch02,3.385719766667707,11.983333333333333,ready,,1.0
789,gPO_sBM_cAll_d10_mPO0_ch02,3.4024267666702057,11.983333333333333,ready,,1.0
790,gPO_sBM_cAll_d10_mPO0_ch02,3.4191756666679716,11.983333333333333,ready,,1.0
791,gPO_sBM_cAll_d10_mPO0_ch02,3.4357159666671504,11.983333333333333,ready,,1.0
792,gPO_sBM_cAll_d10_mPO0_ch02,3.452648166667307,11.983333333333333,ready,,1.0
793,gPO_sBM_cAll_d10_mPO0_ch02,3.4695159666682174,11.983333333333333,ready,,1.0
794,gPO_sBM_cAll_d10_mPO0_ch02,3.48623216666801,11.983333333333333,ready,,1.0
795,gPO_sBM_cAll_d10_mPO0_ch02,3.50274476666727,11.983333333333333,ready,,1.0
796,gPO_sBM_cAll_d10_mPO0_ch02,3.5191983666683844,11.983333333333333,ready,,1.0
797,gPO_sBM_cAll_d10_mPO0_ch02,3.536037166670391,11.983333333333333,ready,,1.0
798,gPO_sBM_cAll_d10_mPO0_ch02,3.5526579666677183,11.983333333333333,ready,,1.0
799,gPO_sBM_cAll_d10_mPO0_ch02,3.5694950666676943,11.983333333333333,ready,,1.0
800,gPO_sBM_cAll_d10_mPO0_ch02,3.586019266667971,11.983333333333333,ready,,1.0
801,gPO_sBM_cAll_d10_mPO0_ch02,3.6026389666678362,11.983333333333333,ready,,1.0
802,gPO_sBM_cAll_d10_mPO0_ch02,3.619242466668038,11.983333333333333,ready,,1.0
803,gPO_sBM_cAll_d10_mPO0_ch02,3.6359972666670735,11.983333333333333,ready,,1.0
804,gPO_sBM_cAll_d10_mPO0_ch02,3.6526028666687136,11.983333333333333,ready,,1.0
805,gPO_sBM_cAll_d10_mPO0_ch02,3.669308966667997,11.983333333333333,ready,,1.0
806,gPO_sBM_cAll_d10_mPO0_ch02,3.6858266666697115,11.983333333333333,ready,,1.0
807,gPO_sBM_cAll_d10_mPO0_ch02,3.7024438666687303,11.983333333333333,ready,,1.0
808,gPO_sBM_cAll_d10_mPO0_ch02,3.7190552666672407,11.983333333333333,ready,,1.0
809,gPO_sBM_cAll_d10_mPO0_ch02,3.73578196666695,11.983333333333333,ready,,1.0
810,gPO_sBM_cAll_d10_mPO0_ch02,3.752440266669696,11.983333333333333,ready,,1.0
811,gPO_sBM_cAll_d10_mPO0_ch02,3.7690646666689696,11.983333333333333,ready,,1.0
812,gPO_sBM_cAll_d10_mPO0_ch02,3.7860894666684604,11.983333333333333,ready,,1.0
813,gPO_sBM_cAll_d10_mPO0_ch02,3.8028238666685934,11.983333333333333,ready,,1.0
814,gPO_sBM_cAll_d10_mPO0_ch02,3.819450066667021,11.983333333333333,ready,,1.0
815,gPO_sBM_cAll_d10_mPO0_ch02,3.8360138666705175,11.983333333333333,ready,,1.0
816,gPO_sBM_cAll_d10_mPO0_ch02,3.852444966667653,11.983333333333333,ready,,1.0
817,gPO_sBM_cAll_d10_mPO0_ch02,3.869061566669379,11.983333333333333,ready,,1.0
818,gPO_sBM_cAll_d10_mPO0_ch02,3.886076566667007,11.983333333333333,ready,,1.0
819,gPO_sBM_cAll_d10_mPO0_ch02,3.9026920666676332,11.983333333333333,ready,,1.0
820,gPO_sBM_cAll_d10_mPO0_ch02,3.9193296666691926,11.983333333333333,ready,,1.0
821,gPO_sBM_cAll_d10_mPO0_ch02,3.9359387666683796,11.983333333333333,ready,,1.0
822,gPO_sBM_cAll_d10_mPO0_ch02,3.9526933666695303,11.983333333333333,ready,,1.0
823,gPO_sBM_cAll_d10_mPO0_ch02,3.969369266668049,11.983333333333333,ready,,1.0
824,gPO_sBM_cAll_d10_mPO0_ch02,3.985888866669679,11.983333333333333,ready,,1.0
825,gPO_sBM_cAll_d10_mPO0_ch02,4.002564266668028,11.983333333333333,ready,,1.0
826,gPO_sBM_cAll_d10_mPO0_ch02,4.019508166669961,11.983333333333333,ready,,1.0
827,gPO_sBM_cAll_d10_mPO0_ch02,4.036342266668919,11.983333333333333,ready,,1.0
828,gPO_sBM_cAll_d10_mPO0_ch02,4.0527998666677485,11.983333333333333,ready,,1.0
829,gPO_sBM_cAll_d10_mPO0_ch02,4.069436766667614,11.983333333333333,ready,,1.0
830,gPO_sBM_cAll_d10_mPO0_ch02,4.085968366669667,11.983333333333333,ready,,1.0
831,gPO_sBM_cAll_d10_mPO0_ch02,4.102600066669956,11.983333333333333,ready,,1.0
832,gPO_sBM_cAll_d10_mPO0_ch02,4.1194440666679,11.983333333333333,ready,,1.0
833,gPO_sBM_cAll_d10_mPO0_ch02,4.135740066669502,11.983333333333333,ready,,1.0
834,gPO_sBM_cAll_d10_mPO0_ch02,4.152648166668047,11.983333333333333,ready,,1.0
835,gPO_sBM_cAll_d10_mPO0_ch02,4.1693509666676665,11.983333333333333,ready,,1.0
836,gPO_sBM_cAll_d10_mPO0_ch02,4.185828566669628,11.983333333333333,ready,,1.0
837,gPO_sBM_cAll_d10_mPO0_ch02,4.202785966668856,11.983333333333333,ready,,1.0
838,gPO_sBM_cAll_d10_mPO0_ch02,4.219378166670324,11.983333333333333,ready,,1.0
839,gPO_sBM_cAll_d10_mPO0_ch02,4.235923066668148,11.983333333333333,ready,,1.0
840,gPO_sBM_cAll_d10_mPO0_ch02,4.252451166669016,11.983333333333333,ready,,1.0
841,gPO_sBM_cAll_d10_mPO0_ch02,4.269069066669726,11.983333333333333,ready,,1.0
842,gPO_sBM_cAll_d10_mPO0_ch02,4.2861016666704,11.983333333333333,ready,,1.0
843,gPO_sBM_cAll_d10_mPO0_ch02,4.302436866668538,11.983333333333333,ready,,1.0
844,gPO_sBM_cAll_d10_mPO0_ch02,4.31905326666874,11.983333333333333,ready,,1.0
845,gPO_sBM_cAll_d10_mPO0_ch02,4.336094266667892,11.983333333333333,ready,,1.0
846,gPO_sBM_cAll_d10_mPO0_ch02,4.35260846666842,11.983333333333333,ready,,1.0
847,gPO_sBM_cAll_d10_mPO0_ch02,4.3692350666698925,11.983333333333333,ready,,1.0
848,gPO_sBM_cAll_d10_mPO0_ch02,4.385837666670516,11.983333333333333,ready,,1.0
849,gPO_sBM_cAll_d10_mPO0_ch02,4.402546666670052,11.983333333333333,ready,,1.0
850,gPO_sBM_cAll_d10_mPO0_ch02,4.419204666670512,11.983333333333333,ready,,1.0
851,gPO_sBM_cAll_d10_mPO0_ch02,4.435989166670142,11.983333333333333,ready,,1.0
852,gPO_sBM_cAll_d10_mPO0_ch02,4.452634766667132,11.983333333333333,ready,,1.0
853,gPO_sBM_cAll_d10_mPO0_ch02,4.469334466668613,11.983333333333333,ready,,1.0
854,gPO_sBM_cAll_d10_mPO0_ch02,4.485948566669491,11.983333333333333,ready,,1.0
855,gPO_sBM_cAll_d10_mPO0_ch02,4.5027479666698,11.983333333333333,ready,,1.0
856,gPO_sBM_cAll_d10_mPO0_ch02,4.5193965666678055,11.983333333333333,ready,,1.0
857,gPO_sBM_cAll_d10_mPO0_ch02,4.5359250666680815,11.983333333333333,ready,,1.0
858,gPO_sBM_cAll_d10_mPO0_ch02,4.552547666668199,11.983333333333333,ready,,1.0
859,gPO_sBM_cAll_d10_mPO0_ch02,4.569191866669081,11.983333333333333,ready,,1.0
860,gPO_sBM_cAll_d10_mPO0_ch02,4.585768166669532,11.983333333333333,ready,,1.0
861,gPO_sBM_cAll_d10_mPO0_ch02,4.602388766668973,11.983333333333333,ready,,1.0
862,gPO_sBM_cAll_d10_mPO0_ch02,4.61912396666792,11.983333333333333,ready,,1.0
863,gPO_sBM_cAll_d10_mPO0_ch02,4.6361510666703705,11.983333333333333,ready,,1.0
864,gPO_sBM_cAll_d10_mPO0_ch02,4.652377766668157,11.983333333333333,ready,,1.0
865,gPO_sBM_cAll_d10_mPO0_ch02,4.669250166667712,11.983333333333333,ready,,1.0
866,gPO_sBM_cAll_d10_mPO0_ch02,4.685799766668583,11.983333333333333,ready,,1.0
867,gPO_sBM_cAll_d10_mPO0_ch02,4.702377166670134,11.983333333333333,ready,,1.0
868,gPO_sBM_cAll_d10_mPO0_ch02,4.719143766668069,11.983333333333333,ready,,1.0
869,gPO_sBM_cAll_d10_mPO0_ch02,4.735838566668619,11.983333333333333,ready,,1.0
870,gPO_sBM_cAll_d10_mPO0_ch02,4.7524370666671265,11.983333333333333,ready,,1.0
871,gPO_sBM_cAll_d10_mPO0_ch02,4.769068766667415,11.983333333333333,ready,,1.0
872,gPO_sBM_cAll_d10_mPO0_ch02,4.785936066668154,11.983333333333333,ready,,1.0
873,gPO_sBM_cAll_d10_mPO0_ch02,4.80256926666895,11.983333333333333,ready,,1.0
874,gPO_sBM_cAll_d10_mPO0_ch02,4.819339666670355,11.983333333333333,ready,,1.0
875,gPO_sBM_cAll_d10_mPO0_ch02,4.836170566670413,11.983333333333333,ready,,1.0
876,gPO_sBM_cAll_d10_mPO0_ch02,4.852823166669773,11.983333333333333,ready,,1.0
877,gPO_sBM_cAll_d10_mPO0_ch02,4.869376366668952,11.983333333333333,ready,,1.0
878,gPO_sBM_cAll_d10_mPO0_ch02,4.885942166669486,11.983333333333333,ready,,1.0
879,gPO_sBM_cAll_d10_mPO0_ch02,4.902732066670216,11.983333333333333,ready,,1.0
880,gPO_sBM_cAll_d10_mPO0_ch02,4.919336066666948,11.983333333333333,ready,,1.0
881,gPO_sBM_cAll_d10_mPO0_ch02,4.936052866667669,11.983333333333333,ready,,1.0
882,gPO_sBM_cAll_d10_mPO0_ch02,4.95266436666694,11.983333333333333,ready,,1.0
883,gPO_sBM_cAll_d10_mPO0_ch02,4.969390066669947,11.983333333333333,ready,,1.0
884,gPO_sBM_cAll_d10_mPO0_ch02,4.985916866668192,11.983333333333333,ready,,1.0
885,gPO_sBM_cAll_d10_mPO0_ch02,5.002456366668554,11.983333333333333,ready,,1.0
886,gPO_sBM_cAll_d10_mPO0_ch02,5.019101966669182,11.983333333333333,ready,,1.0
887,gPO_sBM_cAll_d10_mPO0_ch02,5.035818266669734,11.983333333333333,ready,,1.0
888,gPO_sBM_cAll_d10_mPO0_ch02,5.052547366669526,11.983333333333333,ready,,1.0
889,gPO_sBM_cAll_d10_mPO0_ch02,5.069231766667283,11.983333333333333,ready,,1.0
890,gPO_sBM_cAll_d10_mPO0_ch02,5.086085466669966,11.983333333333333,ready,,1.0
891,gPO_sBM_cAll_d10_mPO0_ch02,5.102464666668448,11.983333333333333,ready,,1.0
892,gPO_sBM_cAll_d10_mPO0_ch02,5.119314466666901,11.983333333333333,ready,,1.0
893,gPO_sBM_cAll_d10_mPO0_ch02,5.136177166668993,11.983333333333333,ready,,1.0
894,gPO_sBM_cAll_d10_mPO0_ch02,5.152778966667163,11.983333333333333,ready,,1.0
895,gPO_sBM_cAll_d10_mPO0_ch02,5.16951526666721,11.983333333333333,ready,,1.0
896,gPO_sBM_cAll_d10_mPO0_ch02,5.186318566668111,11.983333333333333,ready,,1.0
897,gPO_sBM_cAll_d10_mPO0_ch02,5.202437666668761,11.983333333333333,ready,,1.0
898,gPO_sBM_cAll_d10_mPO0_ch02,5.219060566667525,11.983333333333333,ready,,1.0
899,gPO_sBM_cAll_d10_mPO0_ch02,5.236068966669466,11.983333333333333,ready,,1.0
900,gPO_sBM_cAll_d10_mPO0_ch02,5.252833166667316,11.983333333333333,ready,,1.0
901,gPO_sBM_cAll_d10_mPO0_ch02,5.269072666667981,11.983333333333333,ready,,1.0
902,gPO_sBM_cAll_d10_mPO0_ch02,5.286445866668273,11.983333333333333,ready,,1.0
903,gPO_sBM_cAll_d10_mPO0_ch02,5.3026730666698665,11.983333333333333,ready,,1.0
904,gPO_sBM_cAll_d10_mPO0_ch02,5.319111266670132,11.983333333333333,ready,,1.0
905,gPO_sBM_cAll_d10_mPO0_ch02,5.335835766667639,11.983333333333333,ready,,1.0
906,gPO_sBM_cAll_d10_mPO0_ch02,5.352701266669224,11.983333333333333,ready,,1.0
907,gPO_sBM_cAll_d10_mPO0_ch02,5.369042866668801,11.983333333333333,ready,,1.0
908,gPO_sBM_cAll_d10_mPO0_ch02,5.386117266667619,11.983333333333333,ready,,1.0
909,gPO_sBM_cAll_d10_mPO0_ch02,5.402405066668628,11.983333333333333,ready,,1.0
910,gPO_sBM_cAll_d10_mPO0_ch02,5.419109166667233,11.983333333333333,ready,,1.0
911,gPO_sBM_cAll_d10_mPO0_ch02,5.436164266668248,11.983333333333333,ready,,1.0
912,gPO_sBM_cAll_d10_mPO0_ch02,5.452804666669299,11.983333333333333,ready,,1.0
913,gPO_sBM_cAll_d10_mPO0_ch02,5.469468566667391,11.983333333333333,ready,,1.0
914,gPO_sBM_cAll_d10_mPO0_ch02,5.485755066669415,11.983333333333333,ready,,1.0
915,gPO_sBM_cAll_d10_mPO0_ch02,5.502408566668352,11.983333333333333,ready,,1.0
916,gPO_sBM_cAll_d10_mPO0_ch02,5.519506266669965,11.983333333333333,ready,,1.0
917,gPO_sBM_cAll_d10_mPO0_ch02,5.536203666668484,11.983333333333333,ready,,1.0
918,gPO_sBM_cAll_d10_mPO0_ch02,5.552856366668606,11.983333333333333,ready,,1.0
919,gPO_sBM_cAll_d10_mPO0_ch02,5.569450166667705,11.983333333333333,ready,,1.0
920,gPO_sBM_cAll_d10_mPO0_ch02,5.586072166666892,11.983333333333333,ready,,1.0
921,gPO_sBM_cAll_d10_mPO0_ch02,5.6023851666669735,11.983333333333333,ready,,1.0
922,gPO_sBM_cAll_d10_mPO0_ch02,5.619059866667267,11.983333333333333,ready,,1.0
923,gPO_sBM_cAll_d10_mPO0_ch02,5.636090166668618,11.983333333333333,ready,,1.0
924,gPO_sBM_cAll_d10_mPO0_ch02,5.652692766669241,11.983333333333333,ready,,1.0
925,gPO_sBM_cAll_d10_mPO0_ch02,5.669495066669803,11.983333333333333,ready,,1.0
926,gPO_sBM_cAll_d10_mPO0_ch02,5.686119866668483,11.983333333333333,ready,,1.0
927,gPO_sBM_cAll_d10_mPO0_ch02,5.702556866666887,11.983333333333333,ready,,1.0
928,gPO_sBM_cAll_d10_mPO0_ch02,5.719106266669873,11.983333333333333,ready,,1.0
929,gPO_sBM_cAll_d10_mPO0_ch02,5.735820366668225,11.983333333333333,ready,,1.0
930,gPO_sBM_cAll_d10_mPO0_ch02,5.7527500666675335,11.983333333333333,ready,,1.0
931,gPO_sBM_cAll_d10_mPO0_ch02,5.76930746666959,11.983333333333333,ready,,1.0
932,gPO_sBM_cAll_d10_mPO0_ch02,5.78596546667005,11.983333333333333,ready,,1.0
933,gPO_sBM_cAll_d10_mPO0_ch02,5.80262766666975,11.983333333333333,ready,,1.0
934,gPO_sBM_cAll_d10_mPO0_ch02,5.819119666668583,11.983333333333333,ready,,1.0
935,gPO_sBM_cAll_d10_mPO0_ch02,5.836217866670365,11.983333333333333,ready,,1.0
936,gPO_sBM_cAll_d10_mPO0_ch02,5.8524200666671335,11.983333333333333,ready,,1.0
937,gPO_sBM_cAll_d10_mPO0_ch02,5.869281166667957,11.983333333333333,ready,,1.0
938,gPO_sBM_cAll_d10_mPO0_ch02,5.885962266669689,11.983333333333333,ready,,1.0
939,gPO_sBM_cAll_d10_mPO0_ch02,5.902727166669232,11.983333333333333,ready,,1.0
940,gPO_sBM_cAll_d10_mPO0_ch02,5.919502966668099,11.983333333333333,ready,,1.0
941,gPO_sBM_cAll_d10_mPO0_ch02,5.935929666668109,11.983333333333333,ready,,1.0
942,gPO_sBM_cAll_d10_mPO0_ch02,5.952461266670162,11.983333333333333,ready,,1.0
943,gPO_sBM_cAll_d10_mPO0_ch02,5.9691280666685085,11.983333333333333,ready,,1.0
944,gPO_sBM_cAll_d10_mPO0_ch02,5.985737566667102,11.983333333333333,ready,,1.0
945,gPO_sBM_cAll_d10_mPO0_ch02,6.002589166668347,11.983333333333333,ready,,1.0
946,gPO_sBM_cAll_d10_mPO0_ch02,6.019167066670067,11.983333333333333,ready,,1.0
947,gPO_sBM_cAll_d10_mPO0_ch02,6.036049666667255,11.983333333333333,ready,,1.0
948,gPO_sBM_cAll_d10_mPO0_ch02,6.052705166666869,11.983333333333333,ready,,1.0
949,gPO_sBM_cAll_d10_mPO0_ch02,6.069381766667078,11.983333333333333,ready,,1.0
950,gPO_sBM_cAll_d10_mPO0_ch02,6.085923166667356,11.983333333333333,ready,,1.0
951,gPO_sBM_cAll_d10_mPO0_ch02,6.1024800666692425,11.983333333333333,ready,,1.0
952,gPO_sBM_cAll_d10_mPO0_ch02,6.119128366668602,11.983333333333333,ready,,1.0
953,gPO_sBM_cAll_d10_mPO0_ch02,6.13574076666745,11.983333333333333,ready,,1.0
954,gPO_sBM_cAll_d10_mPO0_ch02,6.152823966667792,11.983333333333333,ready,,1.0
955,gPO_sBM_cAll_d10_mPO0_ch02,6.169311566669501,11.983333333333333,ready,,1.0
956,gPO_sBM_cAll_d10_mPO0_ch02,6.185903766667331,11.983333333333333,ready,,1.0
957,gPO_sBM_cAll_d10_mPO0_ch02,6.202428566668537,11.983333333333333,ready,,1.0
958,gPO_sBM_cAll_d10_mPO0_ch02,6.219118866667563,11.983333333333333,ready,,1.0
959,gPO_sBM_cAll_d10_mPO0_ch02,6.235901566668039,11.983333333333333,ready,,1.0
960,gPO_sBM_cAll_d10_mPO0_ch02,6.252670166670289,11.983333333333333,ready,,1.0
961,gPO_sBM_cAll_d10_mPO0_ch02,6.269049066670124,11.983333333333333,ready,,1.0
962,gPO_sBM_cAll_d10_mPO0_ch02,6.285895766670438,11.983333333333333,ready,,1.0
963,gPO_sBM_cAll_d10_mPO0_ch02,6.302473366669874,11.983333333333333,ready,,1.0
964,gPO_sBM_cAll_d10_mPO0_ch02,6.319246766668656,11.983333333333333,ready,,1.0
965,gPO_sBM_cAll_d10_mPO0_ch02,6.33590166666734,11.983333333333333,ready,,1.0
966,gPO_sBM_cAll_d10_mPO0_ch02,6.352510066668471,11.983333333333333,ready,,1.0
967,gPO_sBM_cAll_d10_mPO0_ch02,6.369274466667845,11.983333333333333,ready,,1.0
968,gPO_sBM_cAll_d10_mPO0_ch02,6.385794066669473,11.983333333333333,ready,,1.0
969,gPO_sBM_cAll_d10_mPO0_ch02,6.402442566670356,11.983333333333333,ready,,1.0
970,gPO_sBM_cAll_d10_mPO0_ch02,6.419133566667436,11.983333333333333,ready,,1.0
971,gPO_sBM_cAll_d10_mPO0_ch02,6.435731666670174,11.983333333333333,ready,,1.0
972,gPO_sBM_cAll_d10_mPO0_ch02,6.452494866667686,11.983333333333333,ready,,1.0
973,gPO_sBM_cAll_d10_mPO0_ch02,6.46918406666925,11.983333333333333,ready,,1.0
974,gPO_sBM_cAll_d10_mPO0_ch02,6.486191266669329,11.983333333333333,ready,,1.0
975,gPO_sBM_cAll_d10_mPO0_ch02,6.502786966668344,11.983333333333333,ready,,1.0
976,gPO_sBM_cAll_d10_mPO0_ch02,6.519453066668636,11.983333333333333,ready,,1.0
977,gPO_sBM_cAll_d10_mPO0_ch02,6.536100966668588,11.983333333333333,ready,,1.0
978,gPO_sBM_cAll_d10_mPO0_ch02,6.552423166669601,11.983333333333333,ready,,1.0
979,gPO_sBM_cAll_d10_mPO0_ch02,6.569190366668467,11.983333333333333,ready,,1.0
980,gPO_sBM_cAll_d10_mPO0_ch02,6.586393866668062,11.983333333333333,ready,,1.0
981,gPO_sBM_cAll_d10_mPO0_ch02,6.602845566669259,11.983333333333333,ready,,1.0
982,gPO_sBM_cAll_d10_mPO0_ch02,6.619419966669795,11.983333333333333,ready,,1.0
983,gPO_sBM_cAll_d10_mPO0_ch02,6.635976866668043,11.983333333333333,ready,,1.0
984,gPO_sBM_cAll_d10_mPO0_ch02,6.652675666669947,11.983333333333333,ready,,1.0
985,gPO_sBM_cAll_d10_mPO0_ch02,6.669152066670048,11.983333333333333,ready,,1.0
986,gPO_sBM_cAll_d10_mPO0_ch02,6.686519466669831,11.983333333333333,ready,,1.0
987,gPO_sBM_cAll_d10_mPO0_ch02,6.702722466669053,11.983333333333333,ready,,1.0
988,gPO_sBM_cAll_d10_mPO0_ch02,6.719460566668254,11.983333333333333,ready,,1.0
989,gPO_sBM_cAll_d10_mPO0_ch02,6.7359756666683595,11.983333333333333,ready,,1.0
990,gPO_sBM_cAll_d10_mPO0_ch02,6.7526392666678055,11.983333333333333,ready,,1.0
991,gPO_sBM_cAll_d10_mPO0_ch02,6.769444066669214,11.983333333333333,ready,,1.0
992,gPO_sBM_cAll_d10_mPO0_ch02,6.786070666667048,11.983333333333333,ready,,1.0
993,gPO_sBM_cAll_d10_mPO0_ch02,6.802719966670384,11.983333333333333,ready,,1.0
994,gPO_sBM_cAll_d10_mPO0_ch02,6.819184466667184,11.983333333333333,ready,,1.0
995,gPO_sBM_cAll_d10_mPO0_ch02,6.835834866667982,11.983333333333333,ready,,1.0
996,gPO_sBM_cAll_d10_mPO0_ch02,6.852497666668612,11.983333333333333,ready,,1.0
997,gPO_sBM_cAll_d10_mPO0_ch02,6.86927036666934,11.983333333333333,ready,,1.0
998,gPO_sBM_cAll_d10_mPO0_ch02,6.885908166668783,11.983333333333333,ready,,1.0
999,gPO_sBM_cAll_d10_mPO0_ch02,6.902619266669758,11.983333333333333,ready,,1.0
1000,gPO_sBM_cAll_d10_mPO0_ch02,6.9194676666684645,11.983333333333333,ready,,1.0
1001,gPO_sBM_cAll_d10_mPO0_ch02,6.936073166669342,11.983333333333333,ready,,1.0
1002,gPO_sBM_cAll_d10_mPO0_ch02,6.952395966667647,11.983333333333333,ready,,1.0
1003,gPO_sBM_cAll_d10_mPO0_ch02,6.969478366669174,11.983333333333333,ready,,1.0
1004,gPO_sBM_cAll_d10_mPO0_ch02,6.986068066669795,11.983333333333333,ready,,1.0
1005,gPO_sBM_cAll_d10_mPO0_ch02,7.002700366667376,11.983333333333333,ready,,1.0
1006,gPO_sBM_cAll_d10_mPO0_ch02,7.019464166669457,11.983333333333333,ready,,1.0
1007,gPO_sBM_cAll_d10_mPO0_ch02,7.035950166669897,11.983333333333333,ready,,1.0
1008,gPO_sBM_cAll_d10_mPO0_ch02,7.052762266668684,11.983333333333333,ready,,1.0
1009,gPO_sBM_cAll_d10_mPO0_ch02,7.069341466669389,11.983333333333333,ready,,1.0
1010,gPO_sBM_cAll_d10_mPO0_ch02,7.086127966669696,11.983333333333333,ready,,1.0
1011,gPO_sBM_cAll_d10_mPO0_ch02,7.102834566669147,11.983333333333333,ready,,1.0
1012,gPO_sBM_cAll_d10_mPO0_ch02,7.119217966666867,11.983333333333333,ready,,1.0
1013,gPO_sBM_cAll_d10_mPO0_ch02,7.135892366668514,11.983333333333333,ready,,1.0
1014,gPO_sBM_cAll_d10_mPO0_ch02,7.152692366669753,11.983333333333333,ready,,1.0
1015,gPO_sBM_cAll_d10_mPO0_ch02,7.169403366669966,11.983333333333333,ready,,1.0
1016,gPO_sBM_cAll_d10_mPO0_ch02,7.185941766669228,11.983333333333333,ready,,1.0
1017,gPO_sBM_cAll_d10_mPO0_ch02,7.202612166669521,11.983333333333333,ready,,1.0
1018,gPO_sBM_cAll_d10_mPO0_ch02,7.219324866668127,11.983333333333333,ready,,1.0
1019,gPO_sBM_cAll_d10_mPO0_ch02,7.2359092666684095,11.983333333333333,ready,,1.0
1020,gPO_sBM_cAll_d10_mPO0_ch02,7.252783366669996,11.983333333333333,ready,,1.0
1021,gPO_sBM_cAll_d10_mPO0_ch02,7.269461066667667,11.983333333333333,ready,,1.0
1022,gPO_sBM_cAll_d10_mPO0_ch02,7.286067266670236,11.983333333333333,ready,,1.0
1023,gPO_sBM_cAll_d10_mPO0_ch02,7.302592666668735,11.983333333333333,ready,,1.0
1024,gPO_sBM_cAll_d10_mPO0_ch02,7.319212666667245,11.983333333333333,ready,,1.0
1025,gPO_sBM_cAll_d10_mPO0_ch02,7.336032966670263,11.983333333333333,ready,,1.0
1026,gPO_sBM_cAll_d10_mPO0_ch02,7.3527684666678566,11.983333333333333,ready,,1.0
1027,gPO_sBM_cAll_d10_mPO0_ch02,7.369398366668991,11.983333333333333,ready,,1.0
1028,gPO_sBM_cAll_d10_mPO0_ch02,7.385919466667489,11.983333333333333,ready,,1.0
1029,gPO_sBM_cAll_d10_mPO0_ch02,7.40245946666802,11.983333333333333,ready,,1.0
1030,gPO_sBM_cAll_d10_mPO0_ch02,7.419249966669681,11.983333333333333,ready,,1.0
1031,gPO_sBM_cAll_d10_mPO0_ch02,7.436081866670078,11.983333333333333,ready,,1.0
1032,gPO_sBM_cAll_d10_mPO0_ch02,7.452820166667164,11.983333333333333,ready,,1.0
1033,gPO_sBM_cAll_d10_mPO0_ch02,7.469502666668642,11.983333333333333,ready,,1.0
1034,gPO_sBM_cAll_d10_mPO0_ch02,7.486027966670018,11.983333333333333,ready,,1.0
1035,gPO_sBM_cAll_d10_mPO0_ch02,7.5027646666694725,11.983333333333333,ready,,1.0
1036,gPO_sBM_cAll_d10_mPO0_ch02,7.519533466669608,11.983333333333333,ready,,1.0
1037,gPO_sBM_cAll_d10_mPO0_ch02,7.536076966667686,11.983333333333333,ready,,1.0
1038,gPO_sBM_cAll_d10_mPO0_ch02,7.552507266669642,11.983333333333333,ready,,1.0
1039,gPO_sBM_cAll_d10_mPO0_ch02,7.569454066668191,11.983333333333333,ready,,1.0
1040,gPO_sBM_cAll_d10_mPO0_ch02,7.586277466669348,11.983333333333333,ready,,1.0
1041,gPO_sBM_cAll_d10_mPO0_ch02,7.6027429666701245,11.983333333333333,ready,,1.0
1042,gPO_sBM_cAll_d10_mPO0_ch02,7.619047666668851,11.983333333333333,ready,,1.0
1043,gPO_sBM_cAll_d10_mPO0_ch02,7.636160766667674,11.983333333333333,ready,,1.0
1044,gPO_sBM_cAll_d10_mPO0_ch02,7.652379166667743,11.983333333333333,ready,,1.0
1045,gPO_sBM_cAll_d10_mPO0_ch02,7.669445866669776,11.983333333333333,ready,,1.0
1046,gPO_sBM_cAll_d10_mPO0_ch02,7.6860122666676025,11.983333333333333,ready,,1.0
1047,gPO_sBM_cAll_d10_mPO0_ch02,7.7026583666684,11.983333333333333,ready,,1.0
1048,gPO_sBM_cAll_d10_mPO0_ch02,7.719346466668864,11.983333333333333,ready,,1.0
1049,gPO_sBM_cAll_d10_mPO0_ch02,7.735997066667547,11.983333333333333,ready,,1.0
1050,gPO_sBM_cAll_d10_mPO0_ch02,7.75277326666946,11.983333333333333,ready,,1.0
1051,gPO_sBM_cAll_d10_mPO0_ch02,7.7692751666672795,11.983333333333333,ready,,1.0
1052,gPO_sBM_cAll_d10_mPO0_ch02,7.786021266669189,11.983333333333333,ready,,1.0
1053,gPO_sBM_cAll_d10_mPO0_ch02,7.802615966667865,11.983333333333333,ready,,1.0
1054,gPO_sBM_cAll_d10_mPO0_ch02,7.819236766668829,11.983333333333333,ready,,1.0
1055,gPO_sBM_cAll_d10_mPO0_ch02,7.83586326666954,11.983333333333333,ready,,1.0
1056,gPO_sBM_cAll_d10_mPO0_ch02,7.852495366669236,11.983333333333333,ready,,1.0
1057,gPO_sBM_cAll_d10_mPO0_ch02,7.86916366666809,11.983333333333333,ready,,1.0
1058,gPO_sBM_cAll_d10_mPO0_ch02,7.886193766667918,11.983333333333333,ready,,1.0
1059,gPO_sBM_cAll_d10_mPO0_ch02,7.90280756667015,11.983333333333333,ready,,1.0
1060,gPO_sBM_cAll_d10_mPO0_ch02,7.919452166666802,11.983333333333333,ready,,1.0
1061,gPO_sBM_cAll_d10_mPO0_ch02,7.936207866669051,11.983333333333333,ready,,1.0
1062,gPO_sBM_cAll_d10_mPO0_ch02,7.952551266667782,11.983333333333333,ready,,1.0
1063,gPO_sBM_cAll_d10_mPO0_ch02,7.969167266668576,11.983333333333333,ready,,1.0
1064,gPO_sBM_cAll_d10_mPO0_ch02,7.986419566668684,11.983333333333333,ready,,1.0
1065,gPO_sBM_cAll_d10_mPO0_ch02,8.002603766670273,11.983333333333333,ready,,1.0
1066,gPO_sBM_cAll_d10_mPO0_ch02,8.019112266667417,11.983333333333333,ready,,1.0
1067,gPO_sBM_cAll_d10_mPO0_ch02,8.035701766670154,11.983333333333333,ready,,1.0
1068,gPO_sBM_cAll_d10_mPO0_ch02,8.052792066669989,11.983333333333333,ready,,1.0
1069,gPO_sBM_cAll_d10_mPO0_ch02,8.069508766669948,11.983333333333333,ready,,1.0
1070,gPO_sBM_cAll_d10_mPO0_ch02,8.085735466667735,11.983333333333333,ready,,1.0
1071,gPO_sBM_cAll_d10_mPO0_ch02,8.102377966670225,11.983333333333333,ready,,1.0
1072,gPO_sBM_cAll_d10_mPO0_ch02,8.119424466667601,11.983333333333333,ready,,1.0
1073,gPO_sBM_cAll_d10_mPO0_ch02,8.13571706666878,11.983333333333333,ready,,1.0
1074,gPO_sBM_cAll_d10_mPO0_ch02,8.152522566668242,11.983333333333333,ready,,1.0
1075,gPO_sBM_cAll_d10_mPO0_ch02,8.169109566670134,11.983333333333333,ready,,1.0
1076,gPO_sBM_cAll_d10_mPO0_ch02,8.185785366667888,11.983333333333333,ready,,1.0
1077,gPO_sBM_cAll_d10_mPO0_ch02,8.202491966667338,11.983333333333333,ready,,1.0
1078,gPO_sBM_cAll_d10_mPO0_ch02,8.219396866666981,11.983333333333333,ready,,1.0
1079,gPO_sBM_cAll_d10_mPO0_ch02,8.235918466669288,11.983333333333333,ready,,1.0
1080,gPO_sBM_cAll_d10_mPO0_ch02,8.252470066667199,11.983333333333333,ready,,1.0
1081,gPO_sBM_cAll_d10_mPO0_ch02,8.269091566669855,11.983333333333333,ready,,1.0
1082,gPO_sBM_cAll_d10_mPO0_ch02,8.286339066669793,11.983333333333333,ready,,1.0
1083,gPO_sBM_cAll_d10_mPO0_ch02,8.302541866667493,11.983333333333333,ready,,1.0
1084,gPO_sBM_cAll_d10_mPO0_ch02,8.319428566666796,11.983333333333333,ready,,1.0
1085,gPO_sBM_cAll_d10_mPO0_ch02,8.335948066667664,11.983333333333333,ready,,1.0
1086,gPO_sBM_cAll_d10_mPO0_ch02,8.35274636666687,11.983333333333333,ready,,1.0
1087,gPO_sBM_cAll_d10_mPO0_ch02,8.369399066666993,11.983333333333333,ready,,1.0
1088,gPO_sBM_cAll_d10_mPO0_ch02,8.386068766669231,11.983333333333333,ready,,1.0
1089,gPO_sBM_cAll_d10_mPO0_ch02,8.40267806666994,11.983333333333333,ready,,1.0
1090,gPO_sBM_cAll_d10_mPO0_ch02,8.419172566669621,11.983333333333333,ready,,1.0
1091,gPO_sBM_cAll_d10_mPO0_ch02,8.435787266667793,11.983333333333333,ready,,1.0
1092,gPO_sBM_cAll_d10_mPO0_ch02,8.452411266667658,11.983333333333333,ready,,1.0
1093,gPO_sBM_cAll_d10_mPO0_ch02,8.469462766666727,11.983333333333333,ready,,1.0
1094,gPO_sBM_cAll_d10_mPO0_ch02,8.486070466669805,11.983333333333333,ready,,1.0
1095,gPO_sBM_cAll_d10_mPO0_ch02,8.502780366668917,11.983333333333333,ready,,1.0
1096,gPO_sBM_cAll_d10_mPO0_ch02,8.519039866669077,11.983333333333333,ready,,1.0
1097,gPO_sBM_cAll_d10_mPO0_ch02,8.536046866667633,11.983333333333333,ready,,1.0
1098,gPO_sBM_cAll_d10_mPO0_ch02,8.552690866666993,11.983333333333333,ready,,1.0
1099,gPO_sBM_cAll_d10_mPO0_ch02,8.569363966669654,11.983333333333333,ready,,1.0
1100,gPO_sBM_cAll_d10_mPO0_ch02,8.585957066667062,11.983333333333333,ready,,1.0
1101,gPO_sBM_cAll_d10_mPO0_ch02,8.60263366666727,11.983333333333333,ready,,1.0
1102,gPO_sBM_cAll_d10_mPO0_ch02,8.619199966667974,11.983333333333333,ready,,1.0
1103,gPO_sBM_cAll_d10_mPO0_ch02,8.635758666669016,11.983333333333333,ready,,1.0
1104,gPO_sBM_cAll_d10_mPO0_ch02,8.652435366669986,11.983333333333333,ready,,1.0
1105,gPO_sBM_cAll_d10_mPO0_ch02,8.669186166667664,11.983333333333333,ready,,1.0
1106,gPO_sBM_cAll_d10_mPO0_ch02,8.68585516666821,11.983333333333333,ready,,1.0
1107,gPO_sBM_cAll_d10_mPO0_ch02,8.702499566666978,11.983333333333333,ready,,1.0
1108,gPO_sBM_cAll_d10_mPO0_ch02,8.719111066669887,11.983333333333333,ready,,1.0
1109,gPO_sBM_cAll_d10_mPO0_ch02,8.735886466669346,11.983333333333333,ready,,1.0
1110,gPO_sBM_cAll_d10_mPO0_ch02,8.752447066670303,11.983333333333333,ready,,1.0
1111,gPO_sBM_cAll_d10_mPO0_ch02,8.769110866667635,11.983333333333333,ready,,1.0
1112,gPO_sBM_cAll_d10_mPO0_ch02,8.78629576666748,11.983333333333333,ready,,1.0
1113,gPO_sBM_cAll_d10_mPO0_ch02,8.802407066666946,11.983333333333333,ready,,1.0
1114,gPO_sBM_cAll_d10_mPO0_ch02,8.819187966668267,11.983333333333333,ready,,1.0
1115,gPO_sBM_cAll_d10_mPO0_ch02,8.836208066668346,11.983333333333333,ready,,1.0
1116,gPO_sBM_cAll_d10_mPO0_ch02,8.852829466670242,11.983333333333333,ready,,1.0
1117,gPO_sBM_cAll_d10_mPO0_ch02,8.869430966669766,11.983333333333333,ready,,1.0
1118,gPO_sBM_cAll_d10_mPO0_ch02,8.886073466668618,11.983333333333333,ready,,1.0
1119,gPO_sBM_cAll_d10_mPO0_ch02,8.902402366669717,11.983333333333333,ready,,1.0
1120,gPO_sBM_cAll_d10_mPO0_ch02,8.919219966666727,11.983333333333333,ready,,1.0
1121,gPO_sBM_cAll_d10_mPO0_ch02,8.935890866667188,11.983333333333333,ready,,1.0
1122,gPO_sBM_cAll_d10_mPO0_ch02,8.95246936666984,11.983333333333333,ready,,1.0
1123,gPO_sBM_cAll_d10_mPO0_ch02,8.969282866668372,11.983333333333333,ready,,1.0
1124,gPO_sBM_cAll_d10_mPO0_ch02,8.985801066670255,11.983333333333333,ready,,1.0
1125,gPO_sBM_cAll_d10_mPO0_ch02,9.002444666670208,11.983333333333333,ready,,1.0
1126,gPO_sBM_cAll_d10_mPO0_ch02,9.019177366668307,11.983333333333333,ready,,1.0
1127,gPO_sBM_cAll_d10_mPO0_ch02,9.035788066668763,11.983333333333333,ready,,1.0
1128,gPO_sBM_cAll_d10_mPO0_ch02,9.052381266666933,11.983333333333333,ready,,1.0
1129,gPO_sBM_cAll_d10_mPO0_ch02,9.069453466667188,11.983333333333333,ready,,1.0
1130,gPO_sBM_cAll_d10_mPO0_ch02,9.08599086666975,11.983333333333333,ready,,1.0
1131,gPO_sBM_cAll_d10_mPO0_ch02,9.102693266669961,11.983333333333333,ready,,1.0
1132,gPO_sBM_cAll_d10_mPO0_ch02,9.119342166670252,11.983333333333333,ready,,1.0
1133,gPO_sBM_cAll_d10_mPO0_ch02,9.136218766669046,11.983333333333333,ready,,1.0
1134,gPO_sBM_cAll_d10_mPO0_ch02,9.152409166666914,11.983333333333333,ready,,1.0
1135,gPO_sBM_cAll_d10_mPO0_ch02,9.16945476666835,11.983333333333333,ready,,1.0
1136,gPO_sBM_cAll_d10_mPO0_ch02,9.186341266669768,11.983333333333333,ready,,1.0
1137,gPO_sBM_cAll_d10_mPO0_ch02,9.202487766668053,11.983333333333333,ready,,1.0
1138,gPO_sBM_cAll_d10_mPO0_ch02,9.219188266668349,11.983333333333333,ready,,1.0
1139,gPO_sBM_cAll_d10_mPO0_ch02,9.235894666669914,11.983333333333333,ready,,1.0
1140,gPO_sBM_cAll_d10_mPO0_ch02,9.252444766667317,11.983333333333333,ready,,1.0
1141,gPO_sBM_cAll_d10_mPO0_ch02,9.269230766667453,11.983333333333333,ready,,1.0
1142,gPO_sBM_cAll_d10_mPO0_ch02,9.285923266668679,11.983333333333333,ready,,1.0
1143,gPO_sBM_cAll_d10_mPO0_ch02,9.302506366669977,11.983333333333333,ready,,1.0
1144,gPO_sBM_cAll_d10_mPO0_ch02,9.319139166667728,11.983333333333333,ready,,1.0
1145,gPO_sBM_cAll_d10_mPO0_ch02,9.336120566667804,11.983333333333333,ready,,1.0
1146,gPO_sBM_cAll_d10_mPO0_ch02,9.35273136666902,11.983333333333333,ready,,1.0
1147,gPO_sBM_cAll_d10_mPO0_ch02,9.369448866667796,11.983333333333333,ready,,1.0
1148,gPO_sBM_cAll_d10_mPO0_ch02,9.386118666667157,11.983333333333333,ready,,1.0
1149,gPO_sBM_cAll_d10_mPO0_ch02,9.402416366667152,11.983333333333333,ready,,1.0
1150,gPO_sBM_cAll_d10_mPO0_ch02,9.419458666668927,11.983333333333333,ready,,1.0
1151,gPO_sBM_cAll_d10_mPO0_ch02,9.436048266668788,11.983333333333333,ready,,1.0
1152,gPO_sBM_cAll_d10_mPO0_ch02,9.452605766667968,11.983333333333333,ready,,1.0
1153,gPO_sBM_cAll_d10_mPO0_ch02,9.469216966668593,11.983333333333333,ready,,1.0
1154,gPO_sBM_cAll_d10_mPO0_ch02,9.486328666667669,11.983333333333333,ready,,1.0
1155,gPO_sBM_cAll_d10_mPO0_ch02,9.50246166666866,11.983333333333333,ready,,1.0
1156,gPO_sBM_cAll_d10_mPO0_ch02,9.51908326666844,11.983333333333333,ready,,1.0
1157,gPO_sBM_cAll_d10_mPO0_ch02,9.536177166670221,11.983333333333333,ready,,1.0
1158,gPO_sBM_cAll_d10_mPO0_ch02,9.552811266666957,11.983333333333333,ready,,1.0
1159,gPO_sBM_cAll_d10_mPO0_ch02,9.56953246666844,11.983333333333333,ready,,1.0
1160,gPO_sBM_cAll_d10_mPO0_ch02,9.586066166668294,11.983333333333333,ready,,1.0
1161,gPO_sBM_cAll_d10_mPO0_ch02,9.602672766670272,11.983333333333333,ready,,1.0
1162,gPO_sBM_cAll_d10_mPO0_ch02,9.619080166668843,11.983333333333333,ready,,1.0
1163,gPO_sBM_cAll_d10_mPO0_ch02,9.636404166669212,11.983333333333333,ready,,1.0
1164,gPO_sBM_cAll_d10_mPO0_ch02,9.652618166668521,11.983333333333333,ready,,1.0
1165,gPO_sBM_cAll_d10_mPO0_ch02,9.669315266668393,11.983333333333333,ready,,1.0
1166,gPO_sBM_cAll_d10_mPO0_ch02,9.685807266667227,11.983333333333333,ready,,1.0
1167,gPO_sBM_cAll_d10_mPO0_ch02,9.702450166669125,11.983333333333333,ready,,1.0
1168,gPO_sBM_cAll_d10_mPO0_ch02,9.719070866669329,11.983333333333333,ready,,1.0
1169,gPO_sBM_cAll_d10_mPO0_ch02,9.7360894666689,11.983333333333333,ready,,1.0
1170,gPO_sBM_cAll_d10_mPO0_ch02,9.75280196666962,11.983333333333333,ready,,1.0
1171,gPO_sBM_cAll_d10_mPO0_ch02,9.769423966668809,11.983333333333333,ready,,1.0
1172,gPO_sBM_cAll_d10_mPO0_ch02,9.786032766669349,11.983333333333333,ready,,1.0
1173,gPO_sBM_cAll_d10_mPO0_ch02,9.802386666667998,11.983333333333333,ready,,1.0
1174,gPO_sBM_cAll_d10_mPO0_ch02,9.819115666667027,11.983333333333333,ready,,1.0
1175,gPO_sBM_cAll_d10_mPO0_ch02,9.8361353666677,11.983333333333333,ready,,1.0
1176,gPO_sBM_cAll_d10_mPO0_ch02,9.852659766669499,11.983333333333333,ready,,1.0
1177,gPO_sBM_cAll_d10_mPO0_ch02,9.869413266669547,11.983333333333333,ready,,1.0
1178,gPO_sBM_cAll_d10_mPO0_ch02,9.885950766669232,11.983333333333333,ready,,1.0
1179,gPO_sBM_cAll_d10_mPO0_ch02,9.902634566669695,11.983333333333333,ready,,1.0
1180,gPO_sBM_cAll_d10_mPO0_ch02,9.919492266670094,11.983333333333333,ready,,1.0
1181,gPO_sBM_cAll_d10_mPO0_ch02,9.936240366669042,11.983333333333333,ready,,1.0
1182,gPO_sBM_cAll_d10_mPO0_ch02,9.952742966668554,11.983333333333333,ready,,1.0
1183,gPO_sBM_cAll_d10_mPO0_ch02,9.969331666668838,11.983333333333333,ready,,1.0
1184,gPO_sBM_cAll_d10_mPO0_ch02,9.985847166668352,11.983333333333333,ready,,1.0
1185,gPO_sBM_cAll_d10_mPO0_ch02,10.002464666669654,11.983333333333333,ready,,1.0
1186,gPO_sBM_cAll_d10_mPO0_ch02,10.019439166668121,11.983333333333333,ready,,1.0
1187,gPO_sBM_cAll_d10_mPO0_ch02,10.036201366668932,11.983333333333333,ready,,1.0
1188,gPO_sBM_cAll_d10_mPO0_ch02,10.052844766667361,11.983333333333333,ready,,1.0
1189,gPO_sBM_cAll_d10_mPO0_ch02,10.069539266669263,11.983333333333333,ready,,1.0
1190,gPO_sBM_cAll_d10_mPO0_ch02,10.085821866667057,11.983333333333333,ready,,1.0
1191,gPO_sBM_cAll_d10_mPO0_ch02,10.102467366666925,11.983333333333333,ready,,1.0
1192,gPO_sBM_cAll_d10_mPO0_ch02,10.119530366669887,11.983333333333333,ready,,1.0
1193,gPO_sBM_cAll_d10_mPO0_ch02,10.13606826666898,11.983333333333333,ready,,1.0
1194,gPO_sBM_cAll_d10_mPO0_ch02,10.152831266668606,11.983333333333333,ready,,1.0
1195,gPO_sBM_cAll_d10_mPO0_ch02,10.16908936666902,11.983333333333333,ready,,1.0
1196,gPO_sBM_cAll_d10_mPO0_ch02,10.18573396666931,11.983333333333333,ready,,1.0
1197,gPO_sBM_cAll_d10_mPO0_ch02,10.202845166668217,11.983333333333333,ready,,1.0
1198,gPO_sBM_cAll_d10_mPO0_ch02,10.219075666669474,11.983333333333333,ready,,1.0
1199,gPO_sBM_cAll_d10_mPO0_ch02,10.236175666666771,11.983333333333333,ready,,1.0
1200,gPO_sBM_cAll_d10_mPO0_ch02,10.252870166668673,11.983333333333333,ready,,1.0
1201,gPO_sBM_cAll_d10_mPO0_ch02,10.269150966667313,11.983333333333333,ready,,1.0
1202,gPO_sBM_cAll_d10_mPO0_ch02,10.285774666668532,11.983333333333333,ready,,1.0
1203,gPO_sBM_cAll_d10_mPO0_ch02,10.302438666667387,11.983333333333333,ready,,1.0
1204,gPO_sBM_cAll_d10_mPO0_ch02,10.31912306666878,11.983333333333333,ready,,1.0
1205,gPO_sBM_cAll_d10_mPO0_ch02,10.336172766668694,11.983333333333333,ready,,1.0
1206,gPO_sBM_cAll_d10_mPO0_ch02,10.352502366667848,11.983333333333333,ready,,1.0
1207,gPO_sBM_cAll_d10_mPO0_ch02,10.369407366668252,11.983333333333333,ready,,1.0
1208,gPO_sBM_cAll_d10_mPO0_ch02,10.385953366667177,11.983333333333333,ready,,1.0
1209,gPO_sBM_cAll_d10_mPO0_ch02,10.40276056666867,11.983333333333333,ready,,1.0
1210,gPO_sBM_cAll_d10_mPO0_ch02,10.41929246666937,11.983333333333333,ready,,1.0
1211,gPO_sBM_cAll_d10_mPO0_ch02,10.435953666668732,11.983333333333333,ready,,1.0
1212,gPO_sBM_cAll_d10_mPO0_ch02,10.452570166669696,11.983333333333333,ready,,1.0
1213,gPO_sBM_cAll_d10_mPO0_ch02,10.469445466669505,11.983333333333333,ready,,1.0
1214,gPO_sBM_cAll_d10_mPO0_ch02,10.486453366667638,11.983333333333333,ready,,1.0
1215,gPO_sBM_cAll_d10_mPO0_ch02,10.502719566667883,11.983333333333333,ready,,1.0
1216,gPO_sBM_cAll_d10_mPO0_ch02,10.519330966670031,11.983333333333333,ready,,1.0
1217,gPO_sBM_cAll_d10_mPO0_ch02,10.535952366668289,11.983333333333333,ready,,1.0
1218,gPO_sBM_cAll_d10_mPO0_ch02,10.552624166668327,11.983333333333333,ready,,1.0
1219,gPO_sBM_cAll_d10_mPO0_ch02,10.569524166667039,11.983333333333333,ready,,1.0
1220,gPO_sBM_cAll_d10_mPO0_ch02,10.586185666668685,11.983333333333333,ready,,1.0
1221,gPO_sBM_cAll_d10_mPO0_ch02,10.602554766666659,11.983333333333333,ready,,1.0
1222,gPO_sBM_cAll_d10_mPO0_ch02,10.61917276666813,11.983333333333333,ready,,1.0
1223,gPO_sBM_cAll_d10_mPO0_ch02,10.636270766668389,11.983333333333333,ready,,1.0
1224,gPO_sBM_cAll_d10_mPO0_ch02,10.652836166669516,11.983333333333333,ready,,1.0
1225,gPO_sBM_cAll_d10_mPO0_ch02,10.669479166668538,11.983333333333333,ready,,1.0
1226,gPO_sBM_cAll_d10_mPO0_ch02,10.686157466667138,11.983333333333333,ready,,1.0
1227,gPO_sBM_cAll_d10_mPO0_ch02,10.702792566667851,11.983333333333333,ready,,1.0
1228,gPO_sBM_cAll_d10_mPO0_ch02,10.71913106666929,11.983333333333333,ready,,1.0
1229,gPO_sBM_cAll_d10_mPO0_ch02,10.736166966669625,11.983333333333333,ready,,1.0
1230,gPO_sBM_cAll_d10_mPO0_ch02,10.752686966667024,11.983333333333333,ready,,1.0
1231,gPO_sBM_cAll_d10_mPO0_ch02,10.769515266669112,11.983333333333333,ready,,1.0
1232,gPO_sBM_cAll_d10_mPO0_ch02,10.785918566669205,11.983333333333333,ready,,0.9999986284398371
1233,gPO_sBM_cAll_d10_mPO0_ch02,10.802673066669591,11.983333333333333,ready,,0.9994543713749506
1234,gPO_sBM_cAll_d10_mPO0_ch02,10.81939396666879,11.983333333333333,ready,,0.9966427516839279
1235,gPO_sBM_cAll_d10_mPO0_ch02,10.835945666667461,11.983333333333333,ready,,0.9901107970466392
1236,gPO_sBM_cAll_d10_mPO0_ch02,10.852881166667277,11.983333333333333,ready,,0.9783908616283511
1237,gPO_sBM_cAll_d10_mPO0_ch02,10.869355166667294,11.983333333333333,ready,,0.961313920785764
1238,gPO_sBM_cAll_d10_mPO0_ch02,10.886479466667724,11.983333333333333,ready,,0.9371334268513314
1239,gPO_sBM_cAll_d10_mPO0_ch02,10.902616866669478,11.983333333333333,ready,,0.9081731807566782
1240,gPO_sBM_cAll_d10_mPO0_ch02,10.919223966667987,11.983333333333333,ready,,0.8721922045985687
1241,gPO_sBM_cAll_d10_mPO0_ch02,10.935955266669978,11.983333333333333,ready,,0.8299134485084361
1242,gPO_sBM_cAll_d10_mPO0_ch02,10.95269176666791,11.983333333333333,ready,,0.7820839707112742
1243,gPO_sBM_cAll_d10_mPO0_ch02,10.969068966669353,11.983333333333333,ready,,0.7305855876706651
1244,gPO_sBM_cAll_d10_mPO0_ch02,10.986265066667169,11.983333333333333,ready,,0.6723793125396768
1245,gPO_sBM_cAll_d10_mPO0_ch02,11.002431566668587,11.983333333333333,ready,,0.6147066876571993
1246,gPO_sBM_cAll_d10_mPO0_ch02,11.019080866668286,11.983333333333333,ready,,0.553331057166998
1247,gPO_sBM_cAll_d10_mPO0_ch02,11.036177166670152,11.983333333333333,ready,,0.48933654491856715
1248,gPO_sBM_cAll_d10_mPO0_ch02,11.052391266670222,11.983333333333333,ready,,0.4288091446156219
1249,gPO_sBM_cAll_d10_mPO0_ch02,11.06945016666743,11.983333333333333,ready,,0.36643454483090665
1250,gPO_sBM_cAll_d10_mPO0_ch02,11.086009066669995,11.983333333333333,ready,,0.30823457643126173
1251,gPO_sBM_cAll_d10_mPO0_ch02,11.102512066668915,11.983333333333333,ready,,0.25351828512296304
1252,gPO_sBM_cAll_d10_mPO0_ch02,11.119320066669223,11.983333333333333,ready,,0.20207769395771172
1253,gPO_sBM_cAll_d10_mPO0_ch02,11.135736066667794,11.983333333333333,ready,,0.15678084602976466
1254,gPO_sBM_cAll_d10_mPO0_ch02,11.15241036666868,11.983333333333333,ready,,0.11640182591332372
1255,gPO_sBM_cAll_d10_mPO0_ch02,11.169448266669692,11.983333333333333,ready,,0.08147177460675305
1256,gPO_sBM_cAll_d10_mPO0_ch02,11.185780466666815,11.983333333333333,ready,,0.0542301382013147
1257,gPO_sBM_cAll_d10_mPO0_ch02,11.202597866669578,11.983333333333333,ready,,0.03256178385560079
1258,gPO_sBM_cAll_d10_mPO0_ch02,11.219423266667773,11.983333333333333,ready,,0.01708400309039688
1259,gPO_sBM_cAll_d10_mPO0_ch02,11.23603886666916,11.983333333333333,ready,,0.007307615714389318
1260,gPO_sBM_cAll_d10_mPO0_ch02,11.252380866668146,11.983333333333333,ready,,0.0021574997565308993
1261,gPO_sBM_cAll_d10_mPO0_ch02,11.269470166667642,11.983333333333333,ready,,0.0002043797407663333
1262,gPO_sBM_cAll_d10_mPO0_ch02,11.283333333333333,11.983333333333333,executing,switch_start,0.0
1263,gPO_sBM_cAll_d10_mPO0_ch02,11.283333333333333,11.983333333333333,executing,,0.0
1264,gPO_sBM_cAll_d10_mPO0_ch02,11.283333333333333,11.983333333333333,executing,,0.0
1265,gPO_sBM_cAll_d10_mPO0_ch02,11.283333333333333,11.983333333333333,executing,,0.0
1266,gPO_sBM_cAll_d10_mPO0_ch02,11.283333333333333,11.983333333333333,executing,,0.0
1267,gPO_sBM_cAll_d10_mPO0_ch02,11.283333333333333,11.983333333333333,executing,,0.0
1268,gPO_sBM_cAll_d10_mPO0_ch02,11.283333333333333,11.983333333333333,executing,,0.0
1269,gPO_sBM_cAll_d10_mPO0_ch02,11.283333333333333,11.983333333333333,executing,,0.0
1270,gPO_sBM_cAll_d10_mPO0_ch02,11.283333333333333,11.983333333333333,executing,,0.0
1271,gPO_sBM_cAll_d10_mPO0_ch02,11.283333333333333,11.983333333333333,executing,,0.0
1272,gPO_sBM_cAll_d10_mPO0_ch02,11.283333333333333,11.983333333333333,executing,,0.0
1273,gPO_sBM_cAll_d10_mPO0_ch02,11.283333333333333,11.983333333333333,executing,,0.0
1274,gPO_sBM_cAll_d10_mPO0_ch02,11.283333333333333,11.983333333333333,executing,,0.0
1275,gPO_sBM_cAll_d10_mPO0_ch02,11.283333333333333,11.983333333333333,executing,,0.0
1276,gPO_sBM_cAll_d10_mPO0_ch02,11.283333333333333,11.983333333333333,executing,,0.0
1277,gPO_sBM_cAll_d10_mPO0_ch02,11.283333333333333,11.983333333333333,executing,,0.0
1278,gPO_sBM_cAll_d10_mPO0_ch02,11.283333333333333,11.983333333333333,executing,,0.0
1279,gPO_sBM_cAll_d10_mPO0_ch02,11.283333333333333,11.983333333333333,executing,,0.0
1280,gPO_sBM_cAll_d10_mPO0_ch02,11.283333333333333,11.983333333333333,executing,,0.0
1281,gPO_sBM_cAll_d10_mPO0_ch02,11.283333333333333,11.983333333333333,executing,,0.0
1282,gPO_sBM_cAll_d10_mPO0_ch02,11.283333333333333,11.983333333333333,executing,,0.0
1283,gPO_sBM_cAll_d11_mPO0_ch02,2.3361143666673647,11.983333333333333,awaiting_preparation,switch_complete,1.7063893718583459e-06
1284,gPO_sBM_cAll_d11_mPO0_ch02,2.352644666670434,11.983333333333333,loading,,0.0005432759892104348
1285,gPO_sBM_cAll_d11_mPO0_ch02,2.36910786666825,11.983333333333333,loading,,0.0032809359120659323
1286,gPO_sBM_cAll_d11_mPO0_ch02,2.3860984666692597,11.983333333333333,loading,,0.009970682752152139
1287,gPO_sBM_cAll_d11_mPO0_ch02,2.4025560666680903,11.983333333333333,loading,,0.02133052563059179
1288,gPO_sBM_cAll_d11_mPO0_ch02,2.4193625666678935,11.983333333333333,loading,,0.03869508880046544
1289,gPO_sBM_cAll_d11_mPO0_ch02,2.4359152666669046,11.983333333333333,loading,,0.06196269499641389
1290,gPO_sBM_cAll_d11_mPO0_ch02,2.4524908666693026,11.983333333333333,loading,,0.091577537234552
1291,gPO_sBM_cAll_d11_mPO0_ch02,2.4692814666680887,11.983333333333333,loading,,0.12794297058976453
1292,gPO_sBM_cAll_d11_mPO0_ch02,2.485794566667518,11.983333333333333,loading,,0.16965317109141978
1293,gPO_sBM_cAll_d11_mPO0_ch02,2.502512866668749,11.983333333333333,loading,,0.21737777665554722
1294,gPO_sBM_cAll_d11_mPO0_ch02,2.519301466670496,11.983333333333333,loading,,0.2701752587265878
1295,gPO_sBM_cAll_d11_mPO0_ch02,2.5358919666699347,11.983333333333333,loading,,0.3263197536046825
1296,gPO_sBM_cAll_d11_mPO0_ch02,2.5528477666678944,11.983333333333333,loading,,0.38680736397515175
1297,gPO_sBM_cAll_d11_mPO0_ch02,2.5692127666673907,11.983333333333333,loading,,0.44716038743594455
1298,gPO_sBM_cAll_d11_mPO0_ch02,2.585839566670387,11.983333333333333,loading,,0.509397745346267
1299,gPO_sBM_cAll_d11_mPO0_ch02,2.602509366669751,11.983333333333333,loading,,0.5716285662232994
1300,gPO_sBM_cAll_d11_mPO0_ch02,2.6191805666688612,11.983333333333333,loading,,0.6325959078655868
1301,gPO_sBM_cAll_d11_mPO0_ch02,2.6361508666680917,11.983333333333333,loading,,0.6922508852205834
1302,gPO_sBM_cAll_d11_mPO0_ch02,2.652747666668208,11.983333333333333,loading,,0.7472346678198782
1303,gPO_sBM_cAll_d11_mPO0_ch02,2.6694310666692656,11.983333333333333,loading,,0.7982457849089504
1304,gPO_sBM_cAll_d11_mPO0_ch02,2.686067566669725,11.983333333333333,loading,,0.8440790032237532
1305,gPO_sBM_cAll_d11_mPO0_ch02,2.7026542666693323,11.983333333333333,loading,,0.8841442163145091
1306,gPO_sBM_cAll_d11_mPO0_ch02,2.7193294666697967,11.983333333333333,loading,,0.9183075399371341
1307,gPO_sBM_cAll_d11_mPO0_ch02,2.7358393666703256,11.983333333333333,loading,,0.9458569753274162
1308,gPO_sBM_cAll_d11_mPO0_ch02,2.7526969666699657,11.983333333333333,loading,,0.967547113987202
1309,gPO_sBM_cAll_d11_mPO0_ch02,2.769350166670258,11.983333333333333,loading,,0.9828614333016567
1310,gPO_sBM_cAll_d11_mPO0_ch02,2.7861693666685396,11.983333333333333,loading,,0.9927496718266041
1311,gPO_sBM_cAll_d11_mPO0_ch02,2.8025009666683705,11.983333333333333,loading,,0.9978667140641174
1312,gPO_sBM_cAll_d11_mPO0_ch02,2.819295466667749,11.983333333333333,loading,,0.9997879092588897
1313,gPO_sBM_cAll_d11_mPO0_ch02,2.835918666668799,11.983333333333333,loading,,1.0
1314,gPO_sBM_cAll_d11_mPO0_ch02,2.8526445666696927,11.983333333333333,loading,,1.0
1315,gPO_sBM_cAll_d11_mPO0_ch02,2.8693141666675337,11.983333333333333,loading,,1.0
1316,gPO_sBM_cAll_d11_mPO0_ch02,2.8859547666701086,11.983333333333333,loading,,1.0
1317,gPO_sBM_cAll_d11_mPO0_ch02,2.9027274666672005,11.983333333333333,loading,,1.0
1318,gPO_sBM_cAll_d11_mPO0_ch02,2.919395666668933,11.983333333333333,loading,,1.0
1319,gPO_sBM_cAll_d11_mPO0_ch02,2.935915966668617,11.983333333333333,loading,,1.0
1320,gPO_sBM_cAll_d11_mPO0_ch02,2.952691266667317,11.983333333333333,loading,,1.0
1321,gPO_sBM_cAll_d11_mPO0_ch02,2.969326666670314,11.983333333333333,loading,,1.0
1322,gPO_sBM_cAll_d11_mPO0_ch02,2.98600236666731,11.983333333333333,loading,,1.0
1323,gPO_sBM_cAll_d11_mPO0_ch02,3.0028278666699073,11.983333333333333,loading,,1.0
1324,gPO_sBM_cAll_d11_mPO0_ch02,3.0208301666692607,11.983333333333333,loading,,1.0
1325,gPO_sBM_cAll_d11_mPO0_ch02,3.036160666667788,11.983333333333333,loading,,1.0
1326,gPO_sBM_cAll_d11_mPO0_ch02,3.052768266670105,11.983333333333333,loading,,1.0
1327,gPO_sBM_cAll_d11_mPO0_ch02,3.0693990666671795,11.983333333333333,loading,,1.0
1328,gPO_sBM_cAll_d11_mPO0_ch02,3.0859413666670354,11.983333333333333,loading,,1.0
1329,gPO_sBM_cAll_d11_mPO0_ch02,3.1025592666677464,11.983333333333333,loading,,1.0
1330,gPO_sBM_cAll_d11_mPO0_ch02,3.1191231666683663,11.983333333333333,loading,,1.0
1331,gPO_sBM_cAll_d11_mPO0_ch02,3.136398066669579,11.983333333333333,loading,,1.0
1332,gPO_sBM_cAll_d11_mPO0_ch02,3.152511566667607,11.983333333333333,loading,,1.0
1333,gPO_sBM_cAll_d11_mPO0_ch02,3.1691125666669624,11.983333333333333,loading,,1.0
1334,gPO_sBM_cAll_d11_mPO0_ch02,3.1860171666679618,11.983333333333333,loading,,1.0
1335,gPO_sBM_cAll_d11_mPO0_ch02,3.202865766668193,11.983333333333333,loading,,1.0
1336,gPO_sBM_cAll_d11_mPO0_ch02,3.2190893666678417,11.983333333333333,loading,,1.0
1337,gPO_sBM_cAll_d11_mPO0_ch02,3.2361050666671622,11.983333333333333,loading,,1.0
1338,gPO_sBM_cAll_d11_mPO0_ch02,3.25250496667047,11.983333333333333,loading,,1.0
1339,gPO_sBM_cAll_d11_mPO0_ch02,3.269311166667989,11.983333333333333,loading,,1.0
1340,gPO_sBM_cAll_d11_mPO0_ch02,3.285801566669192,11.983333333333333,loading,,1.0
1341,gPO_sBM_cAll_d11_mPO0_ch02,3.3024793666676264,11.983333333333333,loading,,1.0
1342,gPO_sBM_cAll_d11_mPO0_ch02,3.3193803666703174,11.983333333333333,loading,,1.0
1343,gPO_sBM_cAll_d11_mPO0_ch02,3.3359830666680654,11.983333333333333,loading,,1.0
1344,gPO_sBM_cAll_d11_mPO0_ch02,3.352819366669226,11.983333333333333,loading,,1.0
1345,gPO_sBM_cAll_d11_mPO0_ch02,3.369453166667316,11.983333333333333,loading,,1.0
1346,gPO_sBM_cAll_d11_mPO0_ch02,3.38599436666971,11.983333333333333,loading,,1.0
1347,gPO_sBM_cAll_d11_mPO0_ch02,3.4026593666689036,11.983333333333333,loading,,1.0
1348,gPO_sBM_cAll_d11_mPO0_ch02,3.419397566668868,11.983333333333333,loading,,1.0
1349,gPO_sBM_cAll_d11_mPO0_ch02,3.4362155666689262,11.983333333333333,loading,,1.0
1350,gPO_sBM_cAll_d11_mPO0_ch02,3.452640366669022,11.983333333333333,loading,,1.0
1351,gPO_sBM_cAll_d11_mPO0_ch02,3.4693726666677165,11.983333333333333,loading,,1.0
1352,gPO_sBM_cAll_d11_mPO0_ch02,3.485906766666979,11.983333333333333,loading,,1.0
1353,gPO_sBM_cAll_d11_mPO0_ch02,3.5025826666691358,11.983333333333333,loading,,1.0
1354,gPO_sBM_cAll_d11_mPO0_ch02,3.519254766667823,11.983333333333333,loading,,1.0
1355,gPO_sBM_cAll_d11_mPO0_ch02,3.5363988666698662,11.983333333333333,loading,,1.0
1356,gPO_sBM_cAll_d11_mPO0_ch02,3.552707766667833,11.983333333333333,loading,,1.0
1357,gPO_sBM_cAll_d11_mPO0_ch02,3.5694188666688094,11.983333333333333,loading,,1.0
1358,gPO_sBM_cAll_d11_mPO0_ch02,3.5859459666693403,11.983333333333333,loading,,1.0
1359,gPO_sBM_cAll_d11_mPO0_ch02,3.6026140666703115,11.983333333333333,loading,,1.0
1360,gPO_sBM_cAll_d11_mPO0_ch02,3.6193621666692617,11.983333333333333,loading,,1.0
1361,gPO_sBM_cAll_d11_mPO0_ch02,3.63597246667031,11.983333333333333,loading,,1.0
1362,gPO_sBM_cAll_d11_mPO0_ch02,3.6525227666692364,11.983333333333333,loading,,1.0
1363,gPO_sBM_cAll_d11_mPO0_ch02,3.669223366670296,11.983333333333333,loading,,1.0
1364,gPO_sBM_cAll_d11_mPO0_ch02,3.685758866669305,11.983333333333333,loading,,1.0
1365,gPO_sBM_cAll_d11_mPO0_ch02,3.7024767666674903,11.983333333333333,loading,,1.0
1366,gPO_sBM_cAll_d11_mPO0_ch02,3.71923296666991,11.983333333333333,loading,,1.0
1367,gPO_sBM_cAll_d11_mPO0_ch02,3.736008066667087,11.983333333333333,loading,,1.0
1368,gPO_sBM_cAll_d11_mPO0_ch02,3.7528122666675667,11.983333333333333,loading,,1.0
1369,gPO_sBM_cAll_d11_mPO0_ch02,3.7695384666671066,11.983333333333333,loading,,1.0
1370,gPO_sBM_cAll_d11_mPO0_ch02,3.7859516666698236,11.983333333333333,loading,,1.0
1371,gPO_sBM_cAll_d11_mPO0_ch02,3.80271986666903,11.983333333333333,loading,,1.0
1372,gPO_sBM_cAll_d11_mPO0_ch02,3.8193321666671176,11.983333333333333,loading,,1.0
1373,gPO_sBM_cAll_d11_mPO0_ch02,3.8360834666686063,11.983333333333333,loading,,1.0
1374,gPO_sBM_cAll_d11_mPO0_ch02,3.8525096666684484,11.983333333333333,loading,,1.0
1375,gPO_sBM_cAll_d11_mPO0_ch02,3.869184466669505,11.983333333333333,loading,,1.0
1376,gPO_sBM_cAll_d11_mPO0_ch02,3.8859169666697224,11.983333333333333,loading,,1.0
1377,gPO_sBM_cAll_d11_mPO0_ch02,3.9026555666690945,11.983333333333333,loading,,1.0
1378,gPO_sBM_cAll_d11_mPO0_ch02,3.91958286666832,11.983333333333333,loading,,1.0
1379,gPO_sBM_cAll_d11_mPO0_ch02,3.9361572666688565,11.983333333333333,loading,,1.0
1380,gPO_sBM_cAll_d11_mPO0_ch02,3.952814066667457,11.983333333333333,loading,,1.0
1381,gPO_sBM_cAll_d11_mPO0_ch02,3.969542066669789,11.983333333333333,loading,,1.0
1382,gPO_sBM_cAll_d11_mPO0_ch02,3.9858108666680048,11.983333333333333,loading,,1.0
1383,gPO_sBM_cAll_d11_mPO0_ch02,4.002673166667053,11.983333333333333,loading,,1.0
1384,gPO_sBM_cAll_d11_mPO0_ch02,4.019285966668947,11.983333333333333,loading,,1.0
1385,gPO_sBM_cAll_d11_mPO0_ch02,4.0359411666699145,11.983333333333333,loading,,1.0
1386,gPO_sBM_cAll_d11_mPO0_ch02,4.0523949666689125,11.983333333333333,loading,,1.0
1387,gPO_sBM_cAll_d11_mPO0_ch02,4.069453266668829,11.983333333333333,loading,,1.0
1388,gPO_sBM_cAll_d11_mPO0_ch02,4.0861192666683595,11.983333333333333,loading,,1.0
1389,gPO_sBM_cAll_d11_mPO0_ch02,4.102461866668275,11.983333333333333,loading,,1.0
1390,gPO_sBM_cAll_d11_mPO0_ch02,4.119162066669925,11.983333333333333,loading,,1.0
1391,gPO_sBM_cAll_d11_mPO0_ch02,4.136029666669311,11.983333333333333,loading,,1.0
1392,gPO_sBM_cAll_d11_mPO0_ch02,4.152708266670197,11.983333333333333,loading,,1.0
1393,gPO_sBM_cAll_d11_mPO0_ch02,4.169337166667354,11.983333333333333,loading,,1.0
1394,gPO_sBM_cAll_d11_mPO0_ch02,4.186165166667158,11.983333333333333,loading,,1.0
1395,gPO_sBM_cAll_d11_mPO0_ch02,4.202468366669015,11.983333333333333,loading,,1.0
1396,gPO_sBM_cAll_d11_mPO0_ch02,4.219134466669307,11.983333333333333,loading,,1.0
1397,gPO_sBM_cAll_d11_mPO0_ch02,4.236117666668537,11.983333333333333,loading,,1.0
1398,gPO_sBM_cAll_d11_mPO0_ch02,4.252756266670434,11.983333333333333,loading,,1.0
1399,gPO_sBM_cAll_d11_mPO0_ch02,4.269412666669625,11.983333333333333,loading,,1.0
1400,gPO_sBM_cAll_d11_mPO0_ch02,4.286078866667041,11.983333333333333,loading,,1.0
1401,gPO_sBM_cAll_d11_mPO0_ch02,4.30292536666947,11.983333333333333,loading,,1.0
1402,gPO_sBM_cAll_d11_mPO0_ch02,4.319484666667804,11.983333333333333,loading,,1.0
1403,gPO_sBM_cAll_d11_mPO0_ch02,4.336048366670537,11.983333333333333,loading,,1.0
1404,gPO_sBM_cAll_d11_mPO0_ch02,4.352839066670083,11.983333333333333,loading,,1.0
1405,gPO_sBM_cAll_d11_mPO0_ch02,4.3691243666702455,11.983333333333333,loading,,1.0
1406,gPO_sBM_cAll_d11_mPO0_ch02,4.385844266669106,11.983333333333333,loading,,1.0
1407,gPO_sBM_cAll_d11_mPO0_ch02,4.402708666669591,11.983333333333333,loading,,1.0
1408,gPO_sBM_cAll_d11_mPO0_ch02,4.419418666669466,11.983333333333333,loading,,1.0
1409,gPO_sBM_cAll_d11_mPO0_ch02,4.435946266670165,11.983333333333333,loading,,1.0
1410,gPO_sBM_cAll_d11_mPO0_ch02,4.452502466670359,11.983333333333333,loading,,1.0
1411,gPO_sBM_cAll_d11_mPO0_ch02,4.469221966669812,11.983333333333333,loading,,1.0
1412,gPO_sBM_cAll_d11_mPO0_ch02,4.485749866669157,11.983333333333333,loading,,1.0
1413,gPO_sBM_cAll_d11_mPO0_ch02,4.502866066669757,11.983333333333333,loading,,1.0
1414,gPO_sBM_cAll_d11_mPO0_ch02,4.51947776667055,11.983333333333333,loading,,1.0
1415,gPO_sBM_cAll_d11_mPO0_ch02,4.536131966667542,11.983333333333333,loading,,1.0
1416,gPO_sBM_cAll_d11_mPO0_ch02,4.55239196666787,11.983333333333333,loading,,1.0
1417,gPO_sBM_cAll_d11_mPO0_ch02,4.569141766668849,11.983333333333333,loading,,1.0
1418,gPO_sBM_cAll_d11_mPO0_ch02,4.58613626667045,11.983333333333333,loading,,1.0
1419,gPO_sBM_cAll_d11_mPO0_ch02,4.60274716666879,11.983333333333333,loading,,1.0
1420,gPO_sBM_cAll_d11_mPO0_ch02,4.619353466668483,11.983333333333333,loading,,1.0
1421,gPO_sBM_cAll_d11_mPO0_ch02,4.636129766667519,11.983333333333333,loading,,1.0
1422,gPO_sBM_cAll_d11_mPO0_ch02,4.652796066669334,11.983333333333333,loading,,1.0
1423,gPO_sBM_cAll_d11_mPO0_ch02,4.669499266668362,11.983333333333333,loading,,1.0
1424,gPO_sBM_cAll_d11_mPO0_ch02,4.686379066669695,11.983333333333333,loading,,1.0
1425,gPO_sBM_cAll_d11_mPO0_ch02,4.702658766667234,11.983333333333333,loading,,1.0
1426,gPO_sBM_cAll_d11_mPO0_ch02,4.719449466670418,11.983333333333333,loading,,1.0
1427,gPO_sBM_cAll_d11_mPO0_ch02,4.7360715666703666,11.983333333333333,loading,,1.0
1428,gPO_sBM_cAll_d11_mPO0_ch02,4.7525200666690255,11.983333333333333,loading,,1.0
1429,gPO_sBM_cAll_d11_mPO0_ch02,4.76944686666808,11.983333333333333,loading,,1.0
1430,gPO_sBM_cAll_d11_mPO0_ch02,4.7859693666699625,11.983333333333333,loading,,1.0
1431,gPO_sBM_cAll_d11_mPO0_ch02,4.802381866667348,11.983333333333333,loading,,1.0
1432,gPO_sBM_cAll_d11_mPO0_ch02,4.819162766668669,11.983333333333333,loading,,1.0
1433,gPO_sBM_cAll_d11_mPO0_ch02,4.83585116666778,11.983333333333333,loading,,1.0
1434,gPO_sBM_cAll_d11_mPO0_ch02,4.852561566667062,11.983333333333333,loading,,1.0
1435,gPO_sBM_cAll_d11_mPO0_ch02,4.869287066668546,11.983333333333333,loading,,1.0
1436,gPO_sBM_cAll_d11_mPO0_ch02,4.885846966667811,11.983333333333333,loading,,1.0
1437,gPO_sBM_cAll_d11_mPO0_ch02,4.902517766667511,11.983333333333333,loading,,1.0
1438,gPO_sBM_cAll_d11_mPO0_ch02,4.919256166668997,11.983333333333333,loading,,1.0
1439,gPO_sBM_cAll_d11_mPO0_ch02,4.936051866670235,11.983333333333333,loading,,1.0
1440,gPO_sBM_cAll_d11_mPO0_ch02,4.95267316666773,11.983333333333333,loading,,1.0
1441,gPO_sBM_cAll_d11_mPO0_ch02,4.96936056667014,11.983333333333333,loading,,1.0
1442,gPO_sBM_cAll_d11_mPO0_ch02,4.985840766670072,11.983333333333333,loading,,1.0
1443,gPO_sBM_cAll_d11_mPO0_ch02,5.0025939666678365,11.983333333333333,loading,,1.0
1444,gPO_sBM_cAll_d11_mPO0_ch02,5.01926386666796,11.983333333333333,loading,,1.0
1445,gPO_sBM_cAll_d11_mPO0_ch02,5.03590046666918,11.983333333333333,loading,,1.0
1446,gPO_sBM_cAll_d11_mPO0_ch02,5.052467466667937,11.983333333333333,loading,,1.0
1447,gPO_sBM_cAll_d11_mPO0_ch02,5.069173766668742,11.983333333333333,loading,,1.0
1448,gPO_sBM_cAll_d11_mPO0_ch02,5.086384466668592,11.983333333333333,loading,,1.0
1449,gPO_sBM_cAll_d11_mPO0_ch02,5.102599266670353,11.983333333333333,loading,,1.0
1450,gPO_sBM_cAll_d11_mPO0_ch02,5.119169866667419,11.983333333333333,loading,,1.0
1451,gPO_sBM_cAll_d11_mPO0_ch02,5.135701666667357,11.983333333333333,loading,,1.0
1452,gPO_sBM_cAll_d11_mPO0_ch02,5.152616066670217,11.983333333333333,loading,,1.0
1453,gPO_sBM_cAll_d11_mPO0_ch02,5.1692288666684725,11.983333333333333,loading,,1.0
1454,gPO_sBM_cAll_d11_mPO0_ch02,5.185856066667237,11.983333333333333,loading,,1.0
1455,gPO_sBM_cAll_d11_mPO0_ch02,5.202495666669472,11.983333333333333,loading,,1.0
1456,gPO_sBM_cAll_d11_mPO0_ch02,5.219169566667312,11.983333333333333,loading,,1.0
1457,gPO_sBM_cAll_d11_mPO0_ch02,5.236184066668407,11.983333333333333,loading,,1.0
1458,gPO_sBM_cAll_d11_mPO0_ch02,5.252861466667432,11.983333333333333,loading,,1.0
1459,gPO_sBM_cAll_d11_mPO0_ch02,5.26911286666776,11.983333333333333,loading,,1.0
1460,gPO_sBM_cAll_d11_mPO0_ch02,5.285775866669913,11.983333333333333,loading,,1.0
1461,gPO_sBM_cAll_d11_mPO0_ch02,5.302494966669958,11.983333333333333,loading,,1.0
1462,gPO_sBM_cAll_d11_mPO0_ch02,5.319224466669158,11.983333333333333,loading,,1.0
1463,gPO_sBM_cAll_d11_mPO0_ch02,5.335756766669265,11.983333333333333,preparing,,1.0
1464,gPO_sBM_cAll_d11_mPO0_ch02,5.352414066668033,11.983333333333333,preparing,,1.0
1465,gPO_sBM_cAll_d11_mPO0_ch02,5.369263466667078,11.983333333333333,preparing,,1.0
1466,gPO_sBM_cAll_d11_mPO0_ch02,5.385896266668467,11.983333333333333,preparing,,1.0
1467,gPO_sBM_cAll_d11_mPO0_ch02,5.402507466669091,11.983333333333333,preparing,,1.0
1468,gPO_sBM_cAll_d11_mPO0_ch02,5.419243166668207,11.983333333333333,preparing,,1.0
1469,gPO_sBM_cAll_d11_mPO0_ch02,5.435714466669491,11.983333333333333,preparing,,1.0
1470,gPO_sBM_cAll_d11_mPO0_ch02,5.452879466666967,11.983333333333333,preparing,,1.0
1471,gPO_sBM_cAll_d11_mPO0_ch02,5.469303966668415,11.983333333333333,preparing,,1.0
1472,gPO_sBM_cAll_d11_mPO0_ch02,5.486141966667966,11.983333333333333,preparing,,1.0
1473,gPO_sBM_cAll_d11_mPO0_ch02,5.502832166669869,11.983333333333333,preparing,,1.0
1474,gPO_sBM_cAll_d11_mPO0_ch02,5.5195968666678885,11.983333333333333,preparing,,1.0
1475,gPO_sBM_cAll_d11_mPO0_ch02,5.536228866670461,11.983333333333333,preparing,,1.0
1476,gPO_sBM_cAll_d11_mPO0_ch02,5.552421966667059,11.983333333333333,preparing,,1.0
1477,gPO_sBM_cAll_d11_mPO0_ch02,5.569234566669653,11.983333333333333,preparing,,1.0
1478,gPO_sBM_cAll_d11_mPO0_ch02,5.586008566669366,11.983333333333333,preparing,,1.0
1479,gPO_sBM_cAll_d11_mPO0_ch02,5.602690366669153,11.983333333333333,preparing,,1.0
1480,gPO_sBM_cAll_d11_mPO0_ch02,5.619454666667765,11.983333333333333,preparing,,1.0
1481,gPO_sBM_cAll_d11_mPO0_ch02,5.635974166668632,11.983333333333333,preparing,,1.0
1482,gPO_sBM_cAll_d11_mPO0_ch02,5.652659666667488,11.983333333333333,preparing,,1.0
1483,gPO_sBM_cAll_d11_mPO0_ch02,5.66948226666983,11.983333333333333,preparing,,1.0
1484,gPO_sBM_cAll_d11_mPO0_ch02,5.68625826667022,11.983333333333333,preparing,,1.0
1485,gPO_sBM_cAll_d11_mPO0_ch02,5.702526066668096,11.983333333333333,preparing,,1.0
1486,gPO_sBM_cAll_d11_mPO0_ch02,5.719214566667968,11.983333333333333,preparing,,1.0
1487,gPO_sBM_cAll_d11_mPO0_ch02,5.736252466668981,11.983333333333333,preparing,,1.0
1488,gPO_sBM_cAll_d11_mPO0_ch02,5.752845966669434,11.983333333333333,preparing,,1.0
1489,gPO_sBM_cAll_d11_mPO0_ch02,5.769511266667273,11.983333333333333,preparing,,1.0
1490,gPO_sBM_cAll_d11_mPO0_ch02,5.786432466667342,11.983333333333333,preparing,,1.0
1491,gPO_sBM_cAll_d11_mPO0_ch02,5.8026032666687595,11.983333333333333,preparing,,1.0
1492,gPO_sBM_cAll_d11_mPO0_ch02,5.8191628666693775,11.983333333333333,preparing,,1.0
1493,gPO_sBM_cAll_d11_mPO0_ch02,5.837575066668524,11.983333333333333,preparing,,1.0
1494,gPO_sBM_cAll_d11_mPO0_ch02,5.852436966667756,11.983333333333333,ready,,1.0
1495,gPO_sBM_cAll_d11_mPO0_ch02,5.86923776666781,11.983333333333333,ready,,1.0
1496,gPO_sBM_cAll_d11_mPO0_ch02,5.8865171666669065,11.983333333333333,ready,,1.0
1497,gPO_sBM_cAll_d11_mPO0_ch02,5.9026759666679,11.983333333333333,ready,,1.0
1498,gPO_sBM_cAll_d11_mPO0_ch02,5.919482466667701,11.983333333333333,ready,,1.0
1499,gPO_sBM_cAll_d11_mPO0_ch02,5.935727166667943,11.983333333333333,ready,,1.0
1500,gPO_sBM_cAll_d11_mPO0_ch02,5.952544766668592,11.983333333333333,ready,,1.0
1501,gPO_sBM_cAll_d11_mPO0_ch02,5.969328366668645,11.983333333333333,ready,,1.0
1502,gPO_sBM_cAll_d11_mPO0_ch02,5.985847466670104,11.983333333333333,ready,,1.0
1503,gPO_sBM_cAll_d11_mPO0_ch02,6.002456466668528,11.983333333333333,ready,,1.0
1504,gPO_sBM_cAll_d11_mPO0_ch02,6.019501266667512,11.983333333333333,ready,,1.0
1505,gPO_sBM_cAll_d11_mPO0_ch02,6.036151566667549,11.983333333333333,ready,,1.0
1506,gPO_sBM_cAll_d11_mPO0_ch02,6.052954666666927,11.983333333333333,ready,,1.0
1507,gPO_sBM_cAll_d11_mPO0_ch02,6.069539966670424,11.983333333333333,ready,,1.0
1508,gPO_sBM_cAll_d11_mPO0_ch02,6.086127266667323,11.983333333333333,ready,,1.0
1509,gPO_sBM_cAll_d11_mPO0_ch02,6.102570466669281,11.983333333333333,ready,,1.0
1510,gPO_sBM_cAll_d11_mPO0_ch02,6.119245566668982,11.983333333333333,ready,,1.0
1511,gPO_sBM_cAll_d11_mPO0_ch02,6.1358382666669815,11.983333333333333,ready,,1.0
1512,gPO_sBM_cAll_d11_mPO0_ch02,6.152614566669656,11.983333333333333,ready,,1.0
1513,gPO_sBM_cAll_d11_mPO0_ch02,6.169471066668194,11.983333333333333,ready,,1.0
1514,gPO_sBM_cAll_d11_mPO0_ch02,6.185905866668036,11.983333333333333,ready,,1.0
1515,gPO_sBM_cAll_d11_mPO0_ch02,6.202458766668569,11.983333333333333,ready,,1.0
1516,gPO_sBM_cAll_d11_mPO0_ch02,6.219066766670292,11.983333333333333,ready,,1.0
1517,gPO_sBM_cAll_d11_mPO0_ch02,6.23579346667,11.983333333333333,ready,,1.0
1518,gPO_sBM_cAll_d11_mPO0_ch02,6.252630166666928,11.983333333333333,ready,,1.0
1519,gPO_sBM_cAll_d11_mPO0_ch02,6.269528366670125,11.983333333333333,ready,,1.0
1520,gPO_sBM_cAll_d11_mPO0_ch02,6.2859285666684395,11.983333333333333,ready,,1.0
1521,gPO_sBM_cAll_d11_mPO0_ch02,6.302625066667382,11.983333333333333,ready,,1.0
1522,gPO_sBM_cAll_d11_mPO0_ch02,6.319195466670201,11.983333333333333,ready,,1.0
1523,gPO_sBM_cAll_d11_mPO0_ch02,6.33583246666719,11.983333333333333,ready,,1.0
1524,gPO_sBM_cAll_d11_mPO0_ch02,6.352497866669428,11.983333333333333,ready,,1.0
1525,gPO_sBM_cAll_d11_mPO0_ch02,6.369288166669566,11.983333333333333,ready,,1.0
1526,gPO_sBM_cAll_d11_mPO0_ch02,6.385825466667728,11.983333333333333,ready,,1.0
1527,gPO_sBM_cAll_d11_mPO0_ch02,6.402502566668106,11.983333333333333,ready,,1.0
1528,gPO_sBM_cAll_d11_mPO0_ch02,6.419313366667908,11.983333333333333,ready,,1.0
1529,gPO_sBM_cAll_d11_mPO0_ch02,6.435705266668506,11.983333333333333,ready,,1.0
1530,gPO_sBM_cAll_d11_mPO0_ch02,6.452400266666941,11.983333333333333,ready,,1.0
1531,gPO_sBM_cAll_d11_mPO0_ch02,6.469071766668334,11.983333333333333,ready,,1.0
1532,gPO_sBM_cAll_d11_mPO0_ch02,6.4862051666689355,11.983333333333333,ready,,1.0
1533,gPO_sBM_cAll_d11_mPO0_ch02,6.502863266670158,11.983333333333333,ready,,1.0
1534,gPO_sBM_cAll_d11_mPO0_ch02,6.51921846666779,11.983333333333333,ready,,1.0
1535,gPO_sBM_cAll_d11_mPO0_ch02,6.536105966669547,11.983333333333333,ready,,1.0
1536,gPO_sBM_cAll_d11_mPO0_ch02,6.552477166668958,11.983333333333333,ready,,1.0
1537,gPO_sBM_cAll_d11_mPO0_ch02,6.569259866669434,11.983333333333333,ready,,1.0
1538,gPO_sBM_cAll_d11_mPO0_ch02,6.585892066669891,11.983333333333333,ready,,1.0
1539,gPO_sBM_cAll_d11_mPO0_ch02,6.602457266669495,11.983333333333333,ready,,1.0
1540,gPO_sBM_cAll_d11_mPO0_ch02,6.6194998666699165,11.983333333333333,ready,,1.0
1541,gPO_sBM_cAll_d11_mPO0_ch02,6.636014166667568,11.983333333333333,ready,,1.0
1542,gPO_sBM_cAll_d11_mPO0_ch02,6.652661066667181,11.983333333333333,ready,,1.0
1543,gPO_sBM_cAll_d11_mPO0_ch02,6.669428666669093,11.983333333333333,ready,,1.0
1544,gPO_sBM_cAll_d11_mPO0_ch02,6.686067966669044,11.983333333333333,ready,,1.0
1545,gPO_sBM_cAll_d11_mPO0_ch02,6.702819066669008,11.983333333333333,ready,,1.0
1546,gPO_sBM_cAll_d11_mPO0_ch02,6.719096166668577,11.983333333333333,ready,,1.0
1547,gPO_sBM_cAll_d11_mPO0_ch02,6.7357135666691175,11.983333333333333,ready,,1.0
1548,gPO_sBM_cAll_d11_mPO0_ch02,6.752834266667603,11.983333333333333,ready,,1.0
1549,gPO_sBM_cAll_d11_mPO0_ch02,6.76935806666847,11.983333333333333,ready,,1.0
1550,gPO_sBM_cAll_d11_mPO0_ch02,6.786040866668595,11.983333333333333,ready,,1.0
1551,gPO_sBM_cAll_d11_mPO0_ch02,6.80266596666956,11.983333333333333,ready,,1.0
1552,gPO_sBM_cAll_d11_mPO0_ch02,6.819117066669826,11.983333333333333,ready,,1.0
1553,gPO_sBM_cAll_d11_mPO0_ch02,6.836053566669982,11.983333333333333,ready,,1.0
1554,gPO_sBM_cAll_d11_mPO0_ch02,6.852826566669356,11.983333333333333,ready,,1.0
1555,gPO_sBM_cAll_d11_mPO0_ch02,6.869450366667698,11.983333333333333,ready,,1.0
1556,gPO_sBM_cAll_d11_mPO0_ch02,6.886118266667144,11.983333333333333,ready,,1.0
1557,gPO_sBM_cAll_d11_mPO0_ch02,6.902827866667611,11.983333333333333,ready,,1.0
1558,gPO_sBM_cAll_d11_mPO0_ch02,6.919372066667381,11.983333333333333,ready,,1.0
1559,gPO_sBM_cAll_d11_mPO0_ch02,6.936358566669911,11.983333333333333,ready,,1.0
1560,gPO_sBM_cAll_d11_mPO0_ch02,6.952453366667428,11.983333333333333,ready,,1.0
1561,gPO_sBM_cAll_d11_mPO0_ch02,6.969085066667716,11.983333333333333,ready,,1.0
1562,gPO_sBM_cAll_d11_mPO0_ch02,6.985909366668451,11.983333333333333,ready,,1.0
1563,gPO_sBM_cAll_d11_mPO0_ch02,7.002638766666889,11.983333333333333,ready,,1.0
1564,gPO_sBM_cAll_d11_mPO0_ch02,7.01939406666973,11.983333333333333,ready,,1.0
1565,gPO_sBM_cAll_d11_mPO0_ch02,7.0359177666698365,11.983333333333333,ready,,1.0
1566,gPO_sBM_cAll_d11_mPO0_ch02,7.052475866669947,11.983333333333333,ready,,1.0
1567,gPO_sBM_cAll_d11_mPO0_ch02,7.069107266667951,11.983333333333333,ready,,1.0
1568,gPO_sBM_cAll_d11_mPO0_ch02,7.086127366668031,11.983333333333333,ready,,1.0
1569,gPO_sBM_cAll_d11_mPO0_ch02,7.102795666666886,11.983333333333333,ready,,1.0
1570,gPO_sBM_cAll_d11_mPO0_ch02,7.119398066669624,11.983333333333333,ready,,1.0
1571,gPO_sBM_cAll_d11_mPO0_ch02,7.136169566668491,11.983333333333333,ready,,1.0
1572,gPO_sBM_cAll_d11_mPO0_ch02,7.152770066667675,11.983333333333333,ready,,1.0
1573,gPO_sBM_cAll_d11_mPO0_ch02,7.169386166669231,11.983333333333333,ready,,1.0
1574,gPO_sBM_cAll_d11_mPO0_ch02,7.185911366669845,11.983333333333333,ready,,1.0
1575,gPO_sBM_cAll_d11_mPO0_ch02,7.202464766666909,11.983333333333333,ready,,1.0
1576,gPO_sBM_cAll_d11_mPO0_ch02,7.219164966668559,11.983333333333333,ready,,1.0
1577,gPO_sBM_cAll_d11_mPO0_ch02,7.236057666669893,11.983333333333333,ready,,1.0
1578,gPO_sBM_cAll_d11_mPO0_ch02,7.252764166668583,11.983333333333333,ready,,1.0
1579,gPO_sBM_cAll_d11_mPO0_ch02,7.2692641666701245,11.983333333333333,ready,,1.0
1580,gPO_sBM_cAll_d11_mPO0_ch02,7.286363966669538,11.983333333333333,ready,,1.0
1581,gPO_sBM_cAll_d11_mPO0_ch02,7.3027374666682725,11.983333333333333,ready,,1.0
1582,gPO_sBM_cAll_d11_mPO0_ch02,7.319372366667461,11.983333333333333,ready,,1.0
1583,gPO_sBM_cAll_d11_mPO0_ch02,7.335920466667824,11.983333333333333,ready,,1.0
1584,gPO_sBM_cAll_d11_mPO0_ch02,7.352435966667337,11.983333333333333,ready,,1.0
1585,gPO_sBM_cAll_d11_mPO0_ch02,7.369414366670036,11.983333333333333,ready,,1.0
1586,gPO_sBM_cAll_d11_mPO0_ch02,7.385938766668196,11.983333333333333,ready,,1.0
1587,gPO_sBM_cAll_d11_mPO0_ch02,7.402649166667478,11.983333333333333,ready,,1.0
1588,gPO_sBM_cAll_d11_mPO0_ch02,7.419092966670367,11.983333333333333,ready,,1.0
1589,gPO_sBM_cAll_d11_mPO0_ch02,7.435803266668888,11.983333333333333,ready,,1.0
1590,gPO_sBM_cAll_d11_mPO0_ch02,7.452443066669008,11.983333333333333,ready,,1.0
1591,gPO_sBM_cAll_d11_mPO0_ch02,7.469075766669635,11.983333333333333,ready,,1.0
1592,gPO_sBM_cAll_d11_mPO0_ch02,7.486465966668406,11.983333333333333,ready,,1.0
1593,gPO_sBM_cAll_d11_mPO0_ch02,7.502438166667346,11.983333333333333,ready,,1.0
1594,gPO_sBM_cAll_d11_mPO0_ch02,7.519266566670196,11.983333333333333,ready,,1.0
1595,gPO_sBM_cAll_d11_mPO0_ch02,7.535902966669893,11.983333333333333,ready,,1.0
1596,gPO_sBM_cAll_d11_mPO0_ch02,7.5525680666698465,11.983333333333333,ready,,1.0
1597,gPO_sBM_cAll_d11_mPO0_ch02,7.569054966669864,11.983333333333333,ready,,1.0
1598,gPO_sBM_cAll_d11_mPO0_ch02,7.586228066667171,11.983333333333333,ready,,1.0
1599,gPO_sBM_cAll_d11_mPO0_ch02,7.60244916666961,11.983333333333333,ready,,1.0
1600,gPO_sBM_cAll_d11_mPO0_ch02,7.619066066669981,11.983333333333333,ready,,1.0
1601,gPO_sBM_cAll_d11_mPO0_ch02,7.635823566667746,11.983333333333333,ready,,1.0
1602,gPO_sBM_cAll_d11_mPO0_ch02,7.652568566668555,11.983333333333333,ready,,1.0
1603,gPO_sBM_cAll_d11_mPO0_ch02,7.669421166670139,11.983333333333333,ready,,1.0
1604,gPO_sBM_cAll_d11_mPO0_ch02,7.685995766668559,11.983333333333333,ready,,1.0
1605,gPO_sBM_cAll_d11_mPO0_ch02,7.702620966670285,11.983333333333333,ready,,1.0
1606,gPO_sBM_cAll_d11_mPO0_ch02,7.71918036666938,11.983333333333333,ready,,1.0
1607,gPO_sBM_cAll_d11_mPO0_ch02,7.735823066669754,11.983333333333333,ready,,1.0
1608,gPO_sBM_cAll_d11_mPO0_ch02,7.752458066669704,11.983333333333333,ready,,1.0
1609,gPO_sBM_cAll_d11_mPO0_ch02,7.769517666668605,11.983333333333333,ready,,1.0
1610,gPO_sBM_cAll_d11_mPO0_ch02,7.786172866669573,11.983333333333333,ready,,1.0
1611,gPO_sBM_cAll_d11_mPO0_ch02,7.802384366668035,11.983333333333333,ready,,1.0
1612,gPO_sBM_cAll_d11_mPO0_ch02,7.819418366668455,11.983333333333333,ready,,1.0
1613,gPO_sBM_cAll_d11_mPO0_ch02,7.836132166668161,11.983333333333333,ready,,1.0
1614,gPO_sBM_cAll_d11_mPO0_ch02,7.8528328666699805,11.983333333333333,ready,,1.0
1615,gPO_sBM_cAll_d11_mPO0_ch02,7.869281866668809,11.983333333333333,ready,,1.0
1616,gPO_sBM_cAll_d11_mPO0_ch02,7.885841066670019,11.983333333333333,ready,,1.0
1617,gPO_sBM_cAll_d11_mPO0_ch02,7.902842366668828,11.983333333333333,ready,,1.0
1618,gPO_sBM_cAll_d11_mPO0_ch02,7.9190632666697445,11.983333333333333,ready,,1.0
1619,gPO_sBM_cAll_d11_mPO0_ch02,7.936157766668819,11.983333333333333,ready,,1.0
1620,gPO_sBM_cAll_d11_mPO0_ch02,7.9524845666684785,11.983333333333333,ready,,1.0
1621,gPO_sBM_cAll_d11_mPO0_ch02,7.969123466669021,11.983333333333333,ready,,1.0
1622,gPO_sBM_cAll_d11_mPO0_ch02,7.985793666667791,11.983333333333333,ready,,1.0
1623,gPO_sBM_cAll_d11_mPO0_ch02,8.002433466667911,11.983333333333333,ready,,1.0
1624,gPO_sBM_cAll_d11_mPO0_ch02,8.019492966669688,11.983333333333333,ready,,1.0
1625,gPO_sBM_cAll_d11_mPO0_ch02,8.036121966667608,11.983333333333333,ready,,1.0
1626,gPO_sBM_cAll_d11_mPO0_ch02,8.052436966668367,11.983333333333333,ready,,1.0
1627,gPO_sBM_cAll_d11_mPO0_ch02,8.069286766666819,11.983333333333333,ready,,1.0
1628,gPO_sBM_cAll_d11_mPO0_ch02,8.086222466668158,11.983333333333333,ready,,1.0
1629,gPO_sBM_cAll_d11_mPO0_ch02,8.102708966668768,11.983333333333333,ready,,1.0
1630,gPO_sBM_cAll_d11_mPO0_ch02,8.119438866667375,11.983333333333333,ready,,1.0
1631,gPO_sBM_cAll_d11_mPO0_ch02,8.135780466666953,11.983333333333333,ready,,1.0
1632,gPO_sBM_cAll_d11_mPO0_ch02,8.152389566669777,11.983333333333333,ready,,1.0
1633,gPO_sBM_cAll_d11_mPO0_ch02,8.169460266669525,11.983333333333333,ready,,1.0
1634,gPO_sBM_cAll_d11_mPO0_ch02,8.185979166669462,11.983333333333333,ready,,1.0
1635,gPO_sBM_cAll_d11_mPO0_ch02,8.20273206666858,11.983333333333333,ready,,1.0
1636,gPO_sBM_cAll_d11_mPO0_ch02,8.219444266667015,11.983333333333333,ready,,1.0
1637,gPO_sBM_cAll_d11_mPO0_ch02,8.235966566667376,11.983333333333333,ready,,1.0
1638,gPO_sBM_cAll_d11_mPO0_ch02,8.252569066667238,11.983333333333333,ready,,1.0
1639,gPO_sBM_cAll_d11_mPO0_ch02,8.269236566667276,11.983333333333333,ready,,1.0
1640,gPO_sBM_cAll_d11_mPO0_ch02,8.285901866668754,11.983333333333333,ready,,1.0
1641,gPO_sBM_cAll_d11_mPO0_ch02,8.302459766667342,11.983333333333333,ready,,1.0
1642,gPO_sBM_cAll_d11_mPO0_ch02,8.319191166670095,11.983333333333333,ready,,1.0
1643,gPO_sBM_cAll_d11_mPO0_ch02,8.336243666669501,11.983333333333333,ready,,1.0
1644,gPO_sBM_cAll_d11_mPO0_ch02,8.352528866668903,11.983333333333333,ready,,1.0
1645,gPO_sBM_cAll_d11_mPO0_ch02,8.369287766670052,11.983333333333333,ready,,1.0
1646,gPO_sBM_cAll_d11_mPO0_ch02,8.385738766669558,11.983333333333333,ready,,1.0
1647,gPO_sBM_cAll_d11_mPO0_ch02,8.402759866669976,11.983333333333333,ready,,1.0
1648,gPO_sBM_cAll_d11_mPO0_ch02,8.419460666668918,11.983333333333333,ready,,1.0
1649,gPO_sBM_cAll_d11_mPO0_ch02,8.435985866669533,11.983333333333333,ready,,1.0
1650,gPO_sBM_cAll_d11_mPO0_ch02,8.452674166667881,11.983333333333333,ready,,1.0
1651,gPO_sBM_cAll_d11_mPO0_ch02,8.4694475666703,11.983333333333333,ready,,1.0
1652,gPO_sBM_cAll_d11_mPO0_ch02,8.485982366667617,11.983333333333333,ready,,1.0
1653,gPO_sBM_cAll_d11_mPO0_ch02,8.502612366669513,11.983333333333333,ready,,1.0
1654,gPO_sBM_cAll_d11_mPO0_ch02,8.519290766668876,11.983333333333333,ready,,1.0
1655,gPO_sBM_cAll_d11_mPO0_ch02,8.535948466667053,11.983333333333333,ready,,1.0
1656,gPO_sBM_cAll_d11_mPO0_ch02,8.552863466667205,11.983333333333333,ready,,1.0
1657,gPO_sBM_cAll_d11_mPO0_ch02,8.569487066667662,11.983333333333333,ready,,1.0
1658,gPO_sBM_cAll_d11_mPO0_ch02,8.586126366667614,11.983333333333333,ready,,1.0
1659,gPO_sBM_cAll_d11_mPO0_ch02,8.60242096666947,11.983333333333333,ready,,1.0
1660,gPO_sBM_cAll_d11_mPO0_ch02,8.619464366668707,11.983333333333333,ready,,1.0
1661,gPO_sBM_cAll_d11_mPO0_ch02,8.636126966667815,11.983333333333333,ready,,1.0
1662,gPO_sBM_cAll_d11_mPO0_ch02,8.65242626666908,11.983333333333333,ready,,1.0
1663,gPO_sBM_cAll_d11_mPO0_ch02,8.66906116666827,11.983333333333333,ready,,1.0
1664,gPO_sBM_cAll_d11_mPO0_ch02,8.686085766669873,11.983333333333333,ready,,1.0
1665,gPO_sBM_cAll_d11_mPO0_ch02,8.702693666667198,11.983333333333333,ready,,1.0
1666,gPO_sBM_cAll_d11_mPO0_ch02,8.719405966670033,11.983333333333333,ready,,1.0
1667,gPO_sBM_cAll_d11_mPO0_ch02,8.736056066668548,11.983333333333333,ready,,1.0
1668,gPO_sBM_cAll_d11_mPO0_ch02,8.752667566667819,11.983333333333333,ready,,1.0
1669,gPO_sBM_cAll_d11_mPO0_ch02,8.769350466668705,11.983333333333333,ready,,1.0
1670,gPO_sBM_cAll_d11_mPO0_ch02,8.785896666669153,11.983333333333333,ready,,1.0
1671,gPO_sBM_cAll_d11_mPO0_ch02,8.802689766668783,11.983333333333333,ready,,1.0
1672,gPO_sBM_cAll_d11_mPO0_ch02,8.819306766669916,11.983333333333333,ready,,1.0
1673,gPO_sBM_cAll_d11_mPO0_ch02,8.836258966669565,11.983333333333333,ready,,1.0
1674,gPO_sBM_cAll_d11_mPO0_ch02,8.852600466668381,11.983333333333333,ready,,1.0
1675,gPO_sBM_cAll_d11_mPO0_ch02,8.869296566667915,11.983333333333333,ready,,1.0
1676,gPO_sBM_cAll_d11_mPO0_ch02,8.885785766667256,11.983333333333333,ready,,1.0
1677,gPO_sBM_cAll_d11_mPO0_ch02,8.902404766669067,11.983333333333333,ready,,1.0
1678,gPO_sBM_cAll_d11_mPO0_ch02,8.919069866669021,11.983333333333333,ready,,1.0
1679,gPO_sBM_cAll_d11_mPO0_ch02,8.935813366669322,11.983333333333333,ready,,1.0
1680,gPO_sBM_cAll_d11_mPO0_ch02,8.952688366666846,11.983333333333333,ready,,1.0
1681,gPO_sBM_cAll_d11_mPO0_ch02,8.969388666669257,11.983333333333333,ready,,1.0
1682,gPO_sBM_cAll_d11_mPO0_ch02,8.985925166668604,11.983333333333333,ready,,1.0
1683,gPO_sBM_cAll_d11_mPO0_ch02,9.002497766669986,11.983333333333333,ready,,1.0
1684,gPO_sBM_cAll_d11_mPO0_ch02,9.019139766668669,11.983333333333333,ready,,1.0
1685,gPO_sBM_cAll_d11_mPO0_ch02,9.03608136666764,11.983333333333333,ready,,1.0
1686,gPO_sBM_cAll_d11_mPO0_ch02,9.052740866668609,11.983333333333333,ready,,1.0
1687,gPO_sBM_cAll_d11_mPO0_ch02,9.06933956666864,11.983333333333333,ready,,1.0
1688,gPO_sBM_cAll_d11_mPO0_ch02,9.085936166667233,11.983333333333333,ready,,1.0
1689,gPO_sBM_cAll_d11_mPO0_ch02,9.102494566669629,11.983333333333333,ready,,1.0
1690,gPO_sBM_cAll_d11_mPO0_ch02,9.11917286666823,11.983333333333333,ready,,1.0
1691,gPO_sBM_cAll_d11_mPO0_ch02,9.136457966667072,11.983333333333333,ready,,1.0
1692,gPO_sBM_cAll_d11_mPO0_ch02,9.152790466670117,11.983333333333333,ready,,1.0
1693,gPO_sBM_cAll_d11_mPO0_ch02,9.169489366669143,11.983333333333333,ready,,1.0
1694,gPO_sBM_cAll_d11_mPO0_ch02,9.186383866669631,11.983333333333333,ready,,1.0
1695,gPO_sBM_cAll_d11_mPO0_ch02,9.202425566670273,11.983333333333333,ready,,1.0
1696,gPO_sBM_cAll_d11_mPO0_ch02,9.219496866667313,11.983333333333333,ready,,1.0
1697,gPO_sBM_cAll_d11_mPO0_ch02,9.236463066668064,11.983333333333333,ready,,1.0
1698,gPO_sBM_cAll_d11_mPO0_ch02,9.252458966669208,11.983333333333333,ready,,1.0
1699,gPO_sBM_cAll_d11_mPO0_ch02,9.269125866668315,11.983333333333333,ready,,1.0
1700,gPO_sBM_cAll_d11_mPO0_ch02,9.285734666668855,11.983333333333333,ready,,1.0
1701,gPO_sBM_cAll_d11_mPO0_ch02,9.302461466669323,11.983333333333333,ready,,1.0
1702,gPO_sBM_cAll_d11_mPO0_ch02,9.319447966668214,11.983333333333333,ready,,1.0
1703,gPO_sBM_cAll_d11_mPO0_ch02,9.335979966669676,11.983333333333333,ready,,1.0
1704,gPO_sBM_cAll_d11_mPO0_ch02,9.352451766667492,11.983333333333333,ready,,1.0
1705,gPO_sBM_cAll_d11_mPO0_ch02,9.369247366667969,11.983333333333333,ready,,1.0
1706,gPO_sBM_cAll_d11_mPO0_ch02,9.385896766668429,11.983333333333333,ready,,1.0
1707,gPO_sBM_cAll_d11_mPO0_ch02,9.40246286666761,11.983333333333333,ready,,1.0
1708,gPO_sBM_cAll_d11_mPO0_ch02,9.419341266669196,11.983333333333333,ready,,1.0
1709,gPO_sBM_cAll_d11_mPO0_ch02,9.435862566669218,11.983333333333333,ready,,1.0
1710,gPO_sBM_cAll_d11_mPO0_ch02,9.452419766669752,11.983333333333333,ready,,1.0
1711,gPO_sBM_cAll_d11_mPO0_ch02,9.469195866667265,11.983333333333333,ready,,1.0
1712,gPO_sBM_cAll_d11_mPO0_ch02,9.485811966668821,11.983333333333333,ready,,1.0
1713,gPO_sBM_cAll_d11_mPO0_ch02,9.502491366668522,11.983333333333333,ready,,1.0
1714,gPO_sBM_cAll_d11_mPO0_ch02,9.519536266668267,11.983333333333333,ready,,1.0
1715,gPO_sBM_cAll_d11_mPO0_ch02,9.536506566667494,11.983333333333333,ready,,1.0
1716,gPO_sBM_cAll_d11_mPO0_ch02,9.552653466668826,11.983333333333333,ready,,1.0
1717,gPO_sBM_cAll_d11_mPO0_ch02,9.569435966667777,11.983333333333333,ready,,1.0
1718,gPO_sBM_cAll_d11_mPO0_ch02,9.586033366668824,11.983333333333333,ready,,1.0
1719,gPO_sBM_cAll_d11_mPO0_ch02,9.60259756666809,11.983333333333333,ready,,1.0
1720,gPO_sBM_cAll_d11_mPO0_ch02,9.619345566669914,11.983333333333333,ready,,1.0
1721,gPO_sBM_cAll_d11_mPO0_ch02,9.635952766669185,11.983333333333333,ready,,1.0
1722,gPO_sBM_cAll_d11_mPO0_ch02,9.652554266668709,11.983333333333333,ready,,1.0
1723,gPO_sBM_cAll_d11_mPO0_ch02,9.669282466668923,11.983333333333333,ready,,1.0
1724,gPO_sBM_cAll_d11_mPO0_ch02,9.685788966669028,11.983333333333333,ready,,1.0
1725,gPO_sBM_cAll_d11_mPO0_ch02,9.702407866670077,11.983333333333333,ready,,1.0
1726,gPO_sBM_cAll_d11_mPO0_ch02,9.719445966668975,11.983333333333333,ready,,1.0
1727,gPO_sBM_cAll_d11_mPO0_ch02,9.73606836666757,11.983333333333333,ready,,1.0
1728,gPO_sBM_cAll_d11_mPO0_ch02,9.752396366669092,11.983333333333333,ready,,1.0
1729,gPO_sBM_cAll_d11_mPO0_ch02,9.769526566667155,11.983333333333333,ready,,1.0
1730,gPO_sBM_cAll_d11_mPO0_ch02,9.785968866669537,11.983333333333333,ready,,1.0
1731,gPO_sBM_cAll_d11_mPO0_ch02,9.80274506666781,11.983333333333333,ready,,1.0
1732,gPO_sBM_cAll_d11_mPO0_ch02,9.819254066668762,11.983333333333333,ready,,1.0
1733,gPO_sBM_cAll_d11_mPO0_ch02,9.83581726666769,11.983333333333333,ready,,1.0
1734,gPO_sBM_cAll_d11_mPO0_ch02,9.852437966667893,11.983333333333333,ready,,1.0
1735,gPO_sBM_cAll_d11_mPO0_ch02,9.869124066667679,11.983333333333333,ready,,1.0
1736,gPO_sBM_cAll_d11_mPO0_ch02,9.88613576666928,11.983333333333333,ready,,1.0
1737,gPO_sBM_cAll_d11_mPO0_ch02,9.902748566667537,11.983333333333333,ready,,1.0
1738,gPO_sBM_cAll_d11_mPO0_ch02,9.91951146667004,11.983333333333333,ready,,1.0
1739,gPO_sBM_cAll_d11_mPO0_ch02,9.936120466668465,11.983333333333333,ready,,1.0
1740,gPO_sBM_cAll_d11_mPO0_ch02,9.95246946666982,11.983333333333333,ready,,1.0
1741,gPO_sBM_cAll_d11_mPO0_ch02,9.969219366667922,11.983333333333333,ready,,1.0
1742,gPO_sBM_cAll_d11_mPO0_ch02,9.98573946666972,11.983333333333333,ready,,1.0
1743,gPO_sBM_cAll_d11_mPO0_ch02,10.002538666668505,11.983333333333333,ready,,1.0
1744,gPO_sBM_cAll_d11_mPO0_ch02,10.019197466667782,11.983333333333333,ready,,1.0
1745,gPO_sBM_cAll_d11_mPO0_ch02,10.035852766669512,11.983333333333333,ready,,1.0
1746,gPO_sBM_cAll_d11_mPO0_ch02,10.052442766668781,11.983333333333333,ready,,1.0
1747,gPO_sBM_cAll_d11_mPO0_ch02,10.06913006666679,11.983333333333333,ready,,1.0
1748,gPO_sBM_cAll_d11_mPO0_ch02,10.086107266667627,11.983333333333333,ready,,1.0
1749,gPO_sBM_cAll_d11_mPO0_ch02,10.10239576666669,11.983333333333333,ready,,1.0
1750,gPO_sBM_cAll_d11_mPO0_ch02,10.119257366667682,11.983333333333333,ready,,1.0
1751,gPO_sBM_cAll_d11_mPO0_ch02,10.135906066670088,11.983333333333333,ready,,1.0
1752,gPO_sBM_cAll_d11_mPO0_ch02,10.15252976666767,11.983333333333333,ready,,1.0
1753,gPO_sBM_cAll_d11_mPO0_ch02,10.169224066668049,11.983333333333333,ready,,1.0
1754,gPO_sBM_cAll_d11_mPO0_ch02,10.185768066669935,11.983333333333333,ready,,1.0
1755,gPO_sBM_cAll_d11_mPO0_ch02,10.202881466667403,11.983333333333333,ready,,1.0
1756,gPO_sBM_cAll_d11_mPO0_ch02,10.219060066670007,11.983333333333333,ready,,1.0
1757,gPO_sBM_cAll_d11_mPO0_ch02,10.23603106666729,11.983333333333333,ready,,1.0
1758,gPO_sBM_cAll_d11_mPO0_ch02,10.252712266669782,11.983333333333333,ready,,1.0
1759,gPO_sBM_cAll_d11_mPO0_ch02,10.269376866669568,11.983333333333333,ready,,1.0
1760,gPO_sBM_cAll_d11_mPO0_ch02,10.285821166668988,11.983333333333333,ready,,1.0
1761,gPO_sBM_cAll_d11_mPO0_ch02,10.302554766666665,11.983333333333333,ready,,1.0
1762,gPO_sBM_cAll_d11_mPO0_ch02,10.319092066668466,11.983333333333333,ready,,1.0
1763,gPO_sBM_cAll_d11_mPO0_ch02,10.33620956666805,11.983333333333333,ready,,1.0
1764,gPO_sBM_cAll_d11_mPO0_ch02,10.352436366670236,11.983333333333333,ready,,1.0
1765,gPO_sBM_cAll_d11_mPO0_ch02,10.369465366668964,11.983333333333333,ready,,1.0
1766,gPO_sBM_cAll_d11_mPO0_ch02,10.386138566668748,11.983333333333333,ready,,1.0
1767,gPO_sBM_cAll_d11_mPO0_ch02,10.402780166668023,11.983333333333333,ready,,1.0
1768,gPO_sBM_cAll_d11_mPO0_ch02,10.41926646666711,11.983333333333333,ready,,1.0
1769,gPO_sBM_cAll_d11_mPO0_ch02,10.435917066669433,11.983333333333333,ready,,1.0
1770,gPO_sBM_cAll_d11_mPO0_ch02,10.452695166667622,11.983333333333333,ready,,1.0
1771,gPO_sBM_cAll_d11_mPO0_ch02,10.469295166666639,11.983333333333333,ready,,1.0
1772,gPO_sBM_cAll_d11_mPO0_ch02,10.486069066669227,11.983333333333333,ready,,1.0
1773,gPO_sBM_cAll_d11_mPO0_ch02,10.502775066667747,11.983333333333333,ready,,1.0
1774,gPO_sBM_cAll_d11_mPO0_ch02,10.519164266669614,11.983333333333333,ready,,1.0
1775,gPO_sBM_cAll_d11_mPO0_ch02,10.535847366668385,11.983333333333333,ready,,1.0
1776,gPO_sBM_cAll_d11_mPO0_ch02,10.552568566669867,11.983333333333333,ready,,1.0
1777,gPO_sBM_cAll_d11_mPO0_ch02,10.569264166669232,11.983333333333333,ready,,1.0
1778,gPO_sBM_cAll_d11_mPO0_ch02,10.586060566668523,11.983333333333333,ready,,1.0
1779,gPO_sBM_cAll_d11_mPO0_ch02,10.602716266669661,11.983333333333333,ready,,1.0
1780,gPO_sBM_cAll_d11_mPO0_ch02,10.61935106666809,11.983333333333333,ready,,1.0
1781,gPO_sBM_cAll_d11_mPO0_ch02,10.636010966668467,11.983333333333333,ready,,1.0
1782,gPO_sBM_cAll_d11_mPO0_ch02,10.652624566669177,11.983333333333333,ready,,1.0
1783,gPO_sBM_cAll_d11_mPO0_ch02,10.6692131666687,11.983333333333333,ready,,1.0
1784,gPO_sBM_cAll_d11_mPO0_ch02,10.686115466666735,11.983333333333333,ready,,1.0
1785,gPO_sBM_cAll_d11_mPO0_ch02,10.702824266668385,11.983333333333333,ready,,1.0
1786,gPO_sBM_cAll_d11_mPO0_ch02,10.719383166667312,11.983333333333333,ready,,1.0
1787,gPO_sBM_cAll_d11_mPO0_ch02,10.735902966666826,11.983333333333333,ready,,1.0
1788,gPO_sBM_cAll_d11_mPO0_ch02,10.752476866667193,11.983333333333333,ready,,1.0
1789,gPO_sBM_cAll_d11_mPO0_ch02,10.76936496666988,11.983333333333333,ready,,1.0
1790,gPO_sBM_cAll_d11_mPO0_ch02,10.78592196666889,11.983333333333333,ready,,1.0
1791,gPO_sBM_cAll_d11_mPO0_ch02,10.802552766669603,11.983333333333333,ready,,1.0
1792,gPO_sBM_cAll_d11_mPO0_ch02,10.81949636666925,11.983333333333333,ready,,1.0
1793,gPO_sBM_cAll_d11_mPO0_ch02,10.836177966667513,11.983333333333333,ready,,1.0
1794,gPO_sBM_cAll_d11_mPO0_ch02,10.852800266668986,11.983333333333333,ready,,0.9999982580624921
1795,gPO_sBM_cAll_d11_mPO0_ch02,10.86961496666938,11.983333333333333,ready,,0.9994312259161826
1796,gPO_sBM_cAll_d11_mPO0_ch02,10.886030666669305,11.983333333333333,ready,,0.9966507974222742
1797,gPO_sBM_cAll_d11_mPO0_ch02,10.902761666669011,11.983333333333333,ready,,0.9900311704533011
1798,gPO_sBM_cAll_d11_mPO0_ch02,10.919415066667188,11.983333333333333,ready,,0.97850490809097
1799,gPO_sBM_cAll_d11_mPO0_ch02,10.935913566668223,11.983333333333333,ready,,0.9614455963139339
1800,gPO_sBM_cAll_d11_mPO0_ch02,10.952431066668414,11.983333333333333,ready,,0.9382777564529236
1801,gPO_sBM_cAll_d11_mPO0_ch02,10.96913216666964,11.983333333333333,ready,,0.908472605133913
1802,gPO_sBM_cAll_d11_mPO0_ch02,10.98615866666752,11.983333333333333,ready,,0.871561480871921
1803,gPO_sBM_cAll_d11_mPO0_ch02,11.002760066669921,11.983333333333333,ready,,0.8295405173570494
1804,gPO_sBM_cAll_d11_mPO0_ch02,11.019095166667299,11.983333333333333,ready,,0.782875862708365
1805,gPO_sBM_cAll_d11_mPO0_ch02,11.036158866668314,11.983333333333333,ready,,0.7291999948413581
1806,gPO_sBM_cAll_d11_mPO0_ch02,11.05277216666674,11.983333333333333,ready,,0.6729358796282189
1807,gPO_sBM_cAll_d11_mPO0_ch02,11.069164466666747,11.983333333333333,ready,,0.6144658283734235
1808,gPO_sBM_cAll_d11_mPO0_ch02,11.08581086666983,11.983333333333333,ready,,0.553095091633958
1809,gPO_sBM_cAll_d11_mPO0_ch02,11.102470766670207,11.983333333333333,ready,,0.490735228299424
1810,gPO_sBM_cAll_d11_mPO0_ch02,11.119443366668758,11.983333333333333,ready,,0.4273808597814972
1811,gPO_sBM_cAll_d11_mPO0_ch02,11.135939866669116,11.983333333333333,ready,,0.3670708907993898
1812,gPO_sBM_cAll_d11_mPO0_ch02,11.152458266668884,11.983333333333333,ready,,0.30897955964753276
1813,gPO_sBM_cAll_d11_mPO0_ch02,11.169311166669113,11.983333333333333,ready,,0.25309493715742837
1814,gPO_sBM_cAll_d11_mPO0_ch02,11.186102966669758,11.983333333333333,ready,,0.20173896952150733
1815,gPO_sBM_cAll_d11_mPO0_ch02,11.202575966669436,11.983333333333333,ready,,0.15633123037144453
1816,gPO_sBM_cAll_d11_mPO0_ch02,11.219420866666956,11.983333333333333,ready,,0.1156324332441644
1817,gPO_sBM_cAll_d11_mPO0_ch02,11.235945766668925,11.983333333333333,ready,,0.08178612018061876
1818,gPO_sBM_cAll_d11_mPO0_ch02,11.252620466669217,11.983333333333333,ready,,0.05397400486125854
1819,gPO_sBM_cAll_d11_mPO0_ch02,11.269381966668336,11.983333333333333,ready,,0.03243276377374331
1820,gPO_sBM_cAll_d11_mPO0_ch02,11.2859919666671,11.983333333333333,ready,,0.017157152052350397
1821,gPO_sBM_cAll_d11_mPO0_ch02,11.30284496666809,11.983333333333333,ready,,0.007246416940674105
1822,gPO_sBM_cAll_d11_mPO0_ch02,11.31925396666793,11.983333333333333,ready,,0.0021159884589370044
1823,gPO_sBM_cAll_d11_mPO0_ch02,11.33664476666763,11.983333333333333,ready,,0.0001830119977068432
1824,gPO_sBM_cAll_d11_mPO0_ch02,11.35,11.983333333333333,executing,switch_start,0.0
1825,gPO_sBM_cAll_d11_mPO0_ch02,11.35,11.983333333333333,executing,,0.0
1826,gPO_sBM_cAll_d11_mPO0_ch02,11.35,11.983333333333333,executing,,0.0
1827,gPO_sBM_cAll_d11_mPO0_ch02,11.35,11.983333333333333,executing,,0.0
1828,gPO_sBM_cAll_d11_mPO0_ch02,11.35,11.983333333333333,executing,,0.0
1829,gPO_sBM_cAll_d11_mPO0_ch02,11.35,11.983333333333333,executing,,0.0
1830,gPO_sBM_cAll_d11_mPO0_ch02,11.35,11.983333333333333,executing,,0.0
1831,gPO_sBM_cAll_d11_mPO0_ch02,11.35,11.983333333333333,executing,,0.0
1832,gPO_sBM_cAll_d11_mPO0_ch02,11.35,11.983333333333333,executing,,0.0
1833,gPO_sBM_cAll_d11_mPO0_ch02,11.35,11.983333333333333,executing,,0.0
1834,gPO_sBM_cAll_d11_mPO0_ch02,11.35,11.983333333333333,executing,,0.0
1835,gPO_sBM_cAll_d11_mPO0_ch02,11.35,11.983333333333333,executing,,0.0
1836,gPO_sBM_cAll_d11_mPO0_ch02,11.35,11.983333333333333,executing,,0.0
1837,gPO_sBM_cAll_d11_mPO0_ch02,11.35,11.983333333333333,executing,,0.0
1838,gPO_sBM_cAll_d11_mPO0_ch02,11.35,11.983333333333333,executing,,0.0
1839,gPO_sBM_cAll_d11_mPO0_ch02,11.35,11.983333333333333,executing,,0.0
1840,gPO_sBM_cAll_d11_mPO0_ch02,11.35,11.983333333333333,executing,,0.0
1841,gPO_sBM_cAll_d11_mPO0_ch02,11.35,11.983333333333333,executing,,0.0
1842,gPO_sBM_cAll_d11_mPO0_ch02,11.35,11.983333333333333,executing,,0.0
1843,gPO_sBM_cAll_d11_mPO0_ch02,11.35,11.983333333333333,executing,,0.0
1844,gPO_sBM_cAll_d11_mPO0_ch02,11.35,11.983333333333333,executing,,0.0
1845,gHO_sBM_cAll_d20_mHO5_ch05,1.2857757000024626,7.083333333333333,awaiting_preparation,switch_complete,1.1570043978752278e-06
1846,gHO_sBM_cAll_d20_mHO5_ch05,1.3024131000024985,7.083333333333333,loading,,0.0005243399217786667
1847,gHO_sBM_cAll_d20_mHO5_ch05,1.319440000003427,7.083333333333333,loading,,0.0033696318326858652
1848,gHO_sBM_cAll_d20_mHO5_ch05,1.3360390000021047,7.083333333333333,loading,,0.009938922905407854
1849,gHO_sBM_cAll_d20_mHO5_ch05,1.3526775000032407,7.083333333333333,loading,,0.021434338531888603
1850,gHO_sBM_cAll_d20_mHO5_ch05,1.369374900005399,7.083333333333333,loading,,0.038710107510147515
1851,gHO_sBM_cAll_d20_mHO5_ch05,1.3860191000026438,7.083333333333333,loading,,0.06212848983975049
1852,gHO_sBM_cAll_d20_mHO5_ch05,1.4027776000043863,7.083333333333333,loading,,0.09214534395301197
1853,gHO_sBM_cAll_d20_mHO5_ch05,1.4192943000021236,7.083333333333333,loading,,0.1279731499090508
1854,gHO_sBM_cAll_d20_mHO5_ch05,1.436191600002106,7.083333333333333,loading,,0.17072483198948452
1855,gHO_sBM_cAll_d20_mHO5_ch05,1.4523983000040366,7.083333333333333,loading,,0.21703337429978
1856,gHO_sBM_cAll_d20_mHO5_ch05,1.4697414000043258,7.083333333333333,loading,,0.27161704389423547
1857,gHO_sBM_cAll_d20_mHO5_ch05,1.4858544000021843,7.083333333333333,loading,,0.3261888497429806
1858,gHO_sBM_cAll_d20_mHO5_ch05,1.5025351000045097,7.083333333333333,loading,,0.3856698281681473
1859,gHO_sBM_cAll_d20_mHO5_ch05,1.519099400004537,7.083333333333333,loading,,0.44673799239595885
1860,gHO_sBM_cAll_d20_mHO5_ch05,1.5357433000031355,7.083333333333333,loading,,0.5090368151497561
1861,gHO_sBM_cAll_d20_mHO5_ch05,1.552802600003391,7.083333333333333,loading,,0.5727150922581393
1862,gHO_sBM_cAll_d20_mHO5_ch05,1.5694582000037676,7.083333333333333,loading,,0.6335943355618617
1863,gHO_sBM_cAll_d20_mHO5_ch05,1.5860986000048192,7.083333333333333,loading,,0.6920719751539401
1864,gHO_sBM_cAll_d20_mHO5_ch05,1.6025009000045733,7.083333333333333,preparing,,0.7464460062437507
1865,gHO_sBM_cAll_d20_mHO5_ch05,1.619236500002929,7.083333333333333,preparing,,0.7976786261215029
1866,gHO_sBM_cAll_d20_mHO5_ch05,1.635920200002632,7.083333333333333,preparing,,0.8436970393174424
1867,gHO_sBM_cAll_d20_mHO5_ch05,1.6524728000045192,7.083333333333333,preparing,,0.8837380747661099
1868,gHO_sBM_cAll_d20_mHO5_ch05,1.6691218000019339,7.083333333333333,preparing,,0.9179209948614481
1869,gHO_sBM_cAll_d20_mHO5_ch05,1.6861812000029508,7.083333333333333,preparing,,0.9463609754540396
1870,gHO_sBM_cAll_d20_mHO5_ch05,1.7025027000022723,7.083333333333333,preparing,,0.9673334371400419
1871,gHO_sBM_cAll_d20_mHO5_ch05,1.7192353000032503,7.083333333333333,preparing,,0.9827754788884141
1872,gHO_sBM_cAll_d20_mHO5_ch05,1.7360621000048317,7.083333333333333,preparing,,0.992702604123127
1873,gHO_sBM_cAll_d20_mHO5_ch05,1.7526439000035074,7.083333333333333,preparing,,0.997895302592634
1874,gHO_sBM_cAll_d20_mHO5_ch05,1.7691764000051384,7.083333333333333,preparing,,0.999782545858875
1875,gHO_sBM_cAll_d20_mHO5_ch05,1.7859452000052747,7.083333333333333,preparing,,1.0
1876,gHO_sBM_cAll_d20_mHO5_ch05,1.8025295000047967,7.083333333333333,preparing,,1.0
1877,gHO_sBM_cAll_d20_mHO5_ch05,1.8193257000025673,7.083333333333333,preparing,,1.0
1878,gHO_sBM_cAll_d20_mHO5_ch05,1.8361668000038966,7.083333333333333,preparing,,1.0
1879,gHO_sBM_cAll_d20_mHO5_ch05,1.8526072000027247,7.083333333333333,preparing,,1.0
1880,gHO_sBM_cAll_d20_mHO5_ch05,1.8690548000054454,7.083333333333333,preparing,,1.0
1881,gHO_sBM_cAll_d20_mHO5_ch05,1.8857605000053204,7.083333333333333,preparing,,1.0
1882,gHO_sBM_cAll_d20_mHO5_ch05,1.9297731000047254,7.083333333333333,preparing,,1.0
1883,gHO_sBM_cAll_d20_mHO5_ch05,1.9502420000031027,7.083333333333333,preparing,,1.0
1884,gHO_sBM_cAll_d20_mHO5_ch05,1.9672245000042796,7.083333333333333,preparing,,1.0
1885,gHO_sBM_cAll_d20_mHO5_ch05,1.9840521000046767,7.083333333333333,preparing,,1.0
1886,gHO_sBM_cAll_d20_mHO5_ch05,2.000511500002661,7.083333333333333,preparing,,1.0
1887,gHO_sBM_cAll_d20_mHO5_ch05,2.0173077000040704,7.083333333333333,preparing,,1.0
1888,gHO_sBM_cAll_d20_mHO5_ch05,2.033978700005296,7.083333333333333,preparing,,1.0
1889,gHO_sBM_cAll_d20_mHO5_ch05,2.0502613000030903,7.083333333333333,preparing,,1.0
1890,gHO_sBM_cAll_d20_mHO5_ch05,2.066859100003545,7.083333333333333,preparing,,1.0
1891,gHO_sBM_cAll_d20_mHO5_ch05,2.0836385000043602,7.083333333333333,preparing,,1.0
1892,gHO_sBM_cAll_d20_mHO5_ch05,2.100500200002478,7.083333333333333,preparing,,1.0
1893,gHO_sBM_cAll_d20_mHO5_ch05,2.1169836000049496,7.083333333333333,preparing,,1.0
1894,gHO_sBM_cAll_d20_mHO5_ch05,2.1338625000030693,7.083333333333333,preparing,,1.0
1895,gHO_sBM_cAll_d20_mHO5_ch05,2.1505824000019316,7.083333333333333,ready,,1.0
1896,gHO_sBM_cAll_d20_mHO5_ch05,2.167158500004499,7.083333333333333,ready,,1.0
1897,gHO_sBM_cAll_d20_mHO5_ch05,2.1837466000038526,7.083333333333333,ready,,1.0
1898,gHO_sBM_cAll_d20_mHO5_ch05,2.200431300003895,7.083333333333333,ready,,1.0
1899,gHO_sBM_cAll_d20_mHO5_ch05,2.217022700002911,7.083333333333333,ready,,1.0
1900,gHO_sBM_cAll_d20_mHO5_ch05,2.2337440000051574,7.083333333333333,ready,,1.0
1901,gHO_sBM_cAll_d20_mHO5_ch05,2.250260000004841,7.083333333333333,ready,,1.0
1902,gHO_sBM_cAll_d20_mHO5_ch05,2.2672850000022167,7.083333333333333,ready,,1.0
1903,gHO_sBM_cAll_d20_mHO5_ch05,2.283491800004909,7.083333333333333,ready,,1.0
1904,gHO_sBM_cAll_d20_mHO5_ch05,2.3005152000046536,7.083333333333333,ready,,1.0
1905,gHO_sBM_cAll_d20_mHO5_ch05,2.317009100003404,7.083333333333333,ready,,1.0
1906,gHO_sBM_cAll_d20_mHO5_ch05,2.333883500003638,7.083333333333333,ready,,1.0
1907,gHO_sBM_cAll_d20_mHO5_ch05,2.350749900004802,7.083333333333333,ready,,1.0
1908,gHO_sBM_cAll_d20_mHO5_ch05,2.367147200002864,7.083333333333333,ready,,1.0
1909,gHO_sBM_cAll_d20_mHO5_ch05,2.3838393000046842,7.083333333333333,ready,,1.0
1910,gHO_sBM_cAll_d20_mHO5_ch05,2.400615300005076,7.083333333333333,ready,,1.0
1911,gHO_sBM_cAll_d20_mHO5_ch05,2.416997600005336,7.083333333333333,ready,,1.0
1912,gHO_sBM_cAll_d20_mHO5_ch05,2.4334568000054357,7.083333333333333,ready,,1.0
1913,gHO_sBM_cAll_d20_mHO5_ch05,2.450207600003117,7.083333333333333,ready,,1.0
1914,gHO_sBM_cAll_d20_mHO5_ch05,2.4668995000034144,7.083333333333333,ready,,1.0
1915,gHO_sBM_cAll_d20_mHO5_ch05,2.4835617000031154,7.083333333333333,ready,,1.0
1916,gHO_sBM_cAll_d20_mHO5_ch05,2.500298000003164,7.083333333333333,ready,,1.0
1917,gHO_sBM_cAll_d20_mHO5_ch05,2.5169070000052276,7.083333333333333,ready,,1.0
1918,gHO_sBM_cAll_d20_mHO5_ch05,2.5335860000055233,7.083333333333333,ready,,1.0
1919,gHO_sBM_cAll_d20_mHO5_ch05,2.550489600002546,7.083333333333333,ready,,1.0
1920,gHO_sBM_cAll_d20_mHO5_ch05,2.5671178000052888,7.083333333333333,ready,,1.0
1921,gHO_sBM_cAll_d20_mHO5_ch05,2.583635000003196,7.083333333333333,ready,,1.0
1922,gHO_sBM_cAll_d20_mHO5_ch05,2.600207800002463,7.083333333333333,ready,,1.0
1923,gHO_sBM_cAll_d20_mHO5_ch05,2.617060700002695,7.083333333333333,ready,,1.0
1924,gHO_sBM_cAll_d20_mHO5_ch05,2.633685500005014,7.083333333333333,ready,,1.0
1925,gHO_sBM_cAll_d20_mHO5_ch05,2.650313300004711,7.083333333333333,ready,,1.0
1926,gHO_sBM_cAll_d20_mHO5_ch05,2.667109800004767,7.083333333333333,ready,,1.0
1927,gHO_sBM_cAll_d20_mHO5_ch05,2.683683700005134,7.083333333333333,ready,,1.0
1928,gHO_sBM_cAll_d20_mHO5_ch05,2.700195400004817,7.083333333333333,ready,,1.0
1929,gHO_sBM_cAll_d20_mHO5_ch05,2.7172133000026997,7.083333333333333,ready,,1.0
1930,gHO_sBM_cAll_d20_mHO5_ch05,2.733702800004326,7.083333333333333,ready,,1.0
1931,gHO_sBM_cAll_d20_mHO5_ch05,2.750414500002595,7.083333333333333,ready,,1.0
1932,gHO_sBM_cAll_d20_mHO5_ch05,2.7670047000033873,7.083333333333333,ready,,1.0
1933,gHO_sBM_cAll_d20_mHO5_ch05,2.783845900005479,7.083333333333333,ready,,1.0
1934,gHO_sBM_cAll_d20_mHO5_ch05,2.8003575000044005,7.083333333333333,ready,,1.0
1935,gHO_sBM_cAll_d20_mHO5_ch05,2.8168989000046794,7.083333333333333,ready,,1.0
1936,gHO_sBM_cAll_d20_mHO5_ch05,2.8335332000029387,7.083333333333333,ready,,1.0
1937,gHO_sBM_cAll_d20_mHO5_ch05,2.8502321000019677,7.083333333333333,ready,,1.0
1938,gHO_sBM_cAll_d20_mHO5_ch05,2.8669468000048903,7.083333333333333,ready,,1.0
1939,gHO_sBM_cAll_d20_mHO5_ch05,2.8836691000038375,7.083333333333333,ready,,1.0
1940,gHO_sBM_cAll_d20_mHO5_ch05,2.900320800003622,7.083333333333333,ready,,1.0
1941,gHO_sBM_cAll_d20_mHO5_ch05,2.916854300001954,7.083333333333333,ready,,1.0
1942,gHO_sBM_cAll_d20_mHO5_ch05,2.93348000000385,7.083333333333333,ready,,1.0
1943,gHO_sBM_cAll_d20_mHO5_ch05,2.950241300005086,7.083333333333333,ready,,1.0
1944,gHO_sBM_cAll_d20_mHO5_ch05,2.966844600003765,7.083333333333333,ready,,1.0
1945,gHO_sBM_cAll_d20_mHO5_ch05,2.983507700003043,7.083333333333333,ready,,1.0
1946,gHO_sBM_cAll_d20_mHO5_ch05,3.0002146000047802,7.083333333333333,ready,,1.0
1947,gHO_sBM_cAll_d20_mHO5_ch05,3.0172331000035935,7.083333333333333,ready,,1.0
1948,gHO_sBM_cAll_d20_mHO5_ch05,3.033823100002863,7.083333333333333,ready,,1.0
1949,gHO_sBM_cAll_d20_mHO5_ch05,3.050283900004232,7.083333333333333,ready,,1.0
1950,gHO_sBM_cAll_d20_mHO5_ch05,3.0668014000044233,7.083333333333333,ready,,1.0
1951,gHO_sBM_cAll_d20_mHO5_ch05,3.083462900002432,7.083333333333333,ready,,1.0
1952,gHO_sBM_cAll_d20_mHO5_ch05,3.1001146000022164,7.083333333333333,ready,,1.0
1953,gHO_sBM_cAll_d20_mHO5_ch05,3.116957100003293,7.083333333333333,ready,,1.0
1954,gHO_sBM_cAll_d20_mHO5_ch05,3.1337818000034368,7.083333333333333,ready,,1.0
1955,gHO_sBM_cAll_d20_mHO5_ch05,3.150314700004476,7.083333333333333,ready,,1.0
1956,gHO_sBM_cAll_d20_mHO5_ch05,3.166854200004839,7.083333333333333,ready,,1.0
1957,gHO_sBM_cAll_d20_mHO5_ch05,3.1839075000030643,7.083333333333333,ready,,1.0
1958,gHO_sBM_cAll_d20_mHO5_ch05,3.200368000002149,7.083333333333333,ready,,1.0
1959,gHO_sBM_cAll_d20_mHO5_ch05,3.217024900005149,7.083333333333333,ready,,1.0
1960,gHO_sBM_cAll_d20_mHO5_ch05,3.233706200004768,7.083333333333333,ready,,1.0
1961,gHO_sBM_cAll_d20_mHO5_ch05,3.2503008000026843,7.083333333333333,ready,,1.0
1962,gHO_sBM_cAll_d20_mHO5_ch05,3.266867500002797,7.083333333333333,ready,,1.0
1963,gHO_sBM_cAll_d20_mHO5_ch05,3.283723800003452,7.083333333333333,ready,,1.0
1964,gHO_sBM_cAll_d20_mHO5_ch05,3.3005010000020674,7.083333333333333,ready,,1.0
1965,gHO_sBM_cAll_d20_mHO5_ch05,3.3172839000040675,7.083333333333333,ready,,1.0
1966,gHO_sBM_cAll_d20_mHO5_ch05,3.3337495000019683,7.083333333333333,ready,,1.0
1967,gHO_sBM_cAll_d20_mHO5_ch05,3.3502733000028373,7.083333333333333,ready,,1.0
1968,gHO_sBM_cAll_d20_mHO5_ch05,3.366814700003116,7.083333333333333,ready,,1.0
1969,gHO_sBM_cAll_d20_mHO5_ch05,3.3834805000047634,7.083333333333333,ready,,1.0
1970,gHO_sBM_cAll_d20_mHO5_ch05,3.4001918000036246,7.083333333333333,ready,,1.0
1971,gHO_sBM_cAll_d20_mHO5_ch05,3.416832500003323,7.083333333333333,ready,,1.0
1972,gHO_sBM_cAll_d20_mHO5_ch05,3.433891900004341,7.083333333333333,ready,,1.0
1973,gHO_sBM_cAll_d20_mHO5_ch05,3.4502753000020627,7.083333333333333,ready,,1.0
1974,gHO_sBM_cAll_d20_mHO5_ch05,3.466797600002424,7.083333333333333,ready,,1.0
1975,gHO_sBM_cAll_d20_mHO5_ch05,3.483637400004769,7.083333333333333,ready,,1.0
1976,gHO_sBM_cAll_d20_mHO5_ch05,3.500466500002037,7.083333333333333,ready,,1.0
1977,gHO_sBM_cAll_d20_mHO5_ch05,3.5170554000038443,7.083333333333333,ready,,1.0
1978,gHO_sBM_cAll_d20_mHO5_ch05,3.533773400002791,7.083333333333333,ready,,1.0
1979,gHO_sBM_cAll_d20_mHO5_ch05,3.5503963000051946,7.083333333333333,ready,,1.0
1980,gHO_sBM_cAll_d20_mHO5_ch05,3.567207700002291,7.083333333333333,ready,,1.0
1981,gHO_sBM_cAll_d20_mHO5_ch05,3.5838844000032632,7.083333333333333,ready,,1.0
1982,gHO_sBM_cAll_d20_mHO5_ch05,3.6005237000032153,7.083333333333333,ready,,1.0
1983,gHO_sBM_cAll_d20_mHO5_ch05,3.6172570000022484,7.083333333333333,ready,,1.0
1984,gHO_sBM_cAll_d20_mHO5_ch05,3.6339495000034763,7.083333333333333,ready,,1.0
1985,gHO_sBM_cAll_d20_mHO5_ch05,3.650519100003843,7.083333333333333,ready,,1.0
1986,gHO_sBM_cAll_d20_mHO5_ch05,3.6670346000033573,7.083333333333333,ready,,1.0
1987,gHO_sBM_cAll_d20_mHO5_ch05,3.6836611000040693,7.083333333333333,ready,,1.0
1988,gHO_sBM_cAll_d20_mHO5_ch05,3.7001988000052783,7.083333333333333,ready,,1.0
1989,gHO_sBM_cAll_d20_mHO5_ch05,3.7169361000020276,7.083333333333333,ready,,1.0
1990,gHO_sBM_cAll_d20_mHO5_ch05,3.7335525000022307,7.083333333333333,ready,,1.0
1991,gHO_sBM_cAll_d20_mHO5_ch05,3.7501735000047187,7.083333333333333,ready,,1.0
1992,gHO_sBM_cAll_d20_mHO5_ch05,3.767274900005403,7.083333333333333,ready,,1.0
1993,gHO_sBM_cAll_d20_mHO5_ch05,3.783509800003784,7.083333333333333,ready,,1.0
1994,gHO_sBM_cAll_d20_mHO5_ch05,3.8001834000029793,7.083333333333333,ready,,1.0
1995,gHO_sBM_cAll_d20_mHO5_ch05,3.817278900002394,7.083333333333333,ready,,1.0
1996,gHO_sBM_cAll_d20_mHO5_ch05,3.833555000005264,7.083333333333333,ready,,1.0
1997,gHO_sBM_cAll_d20_mHO5_ch05,3.8501684000044514,7.083333333333333,ready,,1.0
1998,gHO_sBM_cAll_d20_mHO5_ch05,3.8668331000049987,7.083333333333333,ready,,1.0
1999,gHO_sBM_cAll_d20_mHO5_ch05,3.883503600002417,7.083333333333333,ready,,1.0
2000,gHO_sBM_cAll_d20_mHO5_ch05,3.9005857000052986,7.083333333333333,ready,,1.0
2001,gHO_sBM_cAll_d20_mHO5_ch05,3.917120000002446,7.083333333333333,ready,,1.0
2002,gHO_sBM_cAll_d20_mHO5_ch05,3.933918300005294,7.083333333333333,ready,,1.0
2003,gHO_sBM_cAll_d20_mHO5_ch05,3.9505917000029664,7.083333333333333,ready,,1.0
2004,gHO_sBM_cAll_d20_mHO5_ch05,3.967168500003588,7.083333333333333,ready,,1.0
2005,gHO_sBM_cAll_d20_mHO5_ch05,3.983774100005228,7.083333333333333,ready,,1.0
2006,gHO_sBM_cAll_d20_mHO5_ch05,4.0003000000038975,7.083333333333333,ready,,1.0
2007,gHO_sBM_cAll_d20_mHO5_ch05,4.016951300004273,7.083333333333333,ready,,1.0
2008,gHO_sBM_cAll_d20_mHO5_ch05,4.0337960000039095,7.083333333333333,ready,,1.0
2009,gHO_sBM_cAll_d20_mHO5_ch05,4.050171500003321,7.083333333333333,ready,,1.0
2010,gHO_sBM_cAll_d20_mHO5_ch05,4.066886900004296,7.083333333333333,ready,,1.0
2011,gHO_sBM_cAll_d20_mHO5_ch05,4.083563500004505,7.083333333333333,ready,,1.0
2012,gHO_sBM_cAll_d20_mHO5_ch05,4.100437700003215,7.083333333333333,ready,,1.0
2013,gHO_sBM_cAll_d20_mHO5_ch05,4.1172350000020845,7.083333333333333,ready,,1.0
2014,gHO_sBM_cAll_d20_mHO5_ch05,4.133619700002428,7.083333333333333,ready,,1.0
2015,gHO_sBM_cAll_d20_mHO5_ch05,4.150280100002973,7.083333333333333,ready,,1.0
2016,gHO_sBM_cAll_d20_mHO5_ch05,4.166842900002492,7.083333333333333,ready,,1.0
2017,gHO_sBM_cAll_d20_mHO5_ch05,4.183963700005377,7.083333333333333,ready,,1.0
2018,gHO_sBM_cAll_d20_mHO5_ch05,4.200506700003285,7.083333333333333,ready,,1.0
2019,gHO_sBM_cAll_d20_mHO5_ch05,4.217311300003171,7.083333333333333,ready,,1.0
2020,gHO_sBM_cAll_d20_mHO5_ch05,4.233719300002671,7.083333333333333,ready,,1.0
2021,gHO_sBM_cAll_d20_mHO5_ch05,4.250262000005572,7.083333333333333,ready,,1.0
2022,gHO_sBM_cAll_d20_mHO5_ch05,4.266942200004089,7.083333333333333,ready,,1.0
2023,gHO_sBM_cAll_d20_mHO5_ch05,4.283565200003615,7.083333333333333,ready,,1.0
2024,gHO_sBM_cAll_d20_mHO5_ch05,4.30058230000268,7.083333333333333,ready,,1.0
2025,gHO_sBM_cAll_d20_mHO5_ch05,4.317219000004661,7.083333333333333,ready,,1.0
2026,gHO_sBM_cAll_d20_mHO5_ch05,4.333787900003334,7.083333333333333,ready,,1.0
2027,gHO_sBM_cAll_d20_mHO5_ch05,4.350394200003027,7.083333333333333,ready,,1.0
2028,gHO_sBM_cAll_d20_mHO5_ch05,4.3669197000022875,7.083333333333333,ready,,1.0
2029,gHO_sBM_cAll_d20_mHO5_ch05,4.3836631000054656,7.083333333333333,ready,,1.0
2030,gHO_sBM_cAll_d20_mHO5_ch05,4.400272900002705,7.083333333333333,ready,,1.0
2031,gHO_sBM_cAll_d20_mHO5_ch05,4.41689060000553,7.083333333333333,ready,,1.0
2032,gHO_sBM_cAll_d20_mHO5_ch05,4.433703800005417,7.083333333333333,ready,,1.0
2033,gHO_sBM_cAll_d20_mHO5_ch05,4.450510800005388,7.083333333333333,ready,,1.0
2034,gHO_sBM_cAll_d20_mHO5_ch05,4.467220500002978,7.083333333333333,ready,,1.0
2035,gHO_sBM_cAll_d20_mHO5_ch05,4.48377280000258,7.083333333333333,ready,,1.0
2036,gHO_sBM_cAll_d20_mHO5_ch05,4.500431500004733,7.083333333333333,ready,,1.0
2037,gHO_sBM_cAll_d20_mHO5_ch05,4.517201100003684,7.083333333333333,ready,,1.0
2038,gHO_sBM_cAll_d20_mHO5_ch05,4.533709500003703,7.083333333333333,ready,,1.0
2039,gHO_sBM_cAll_d20_mHO5_ch05,4.550227000003893,7.083333333333333,ready,,1.0
2040,gHO_sBM_cAll_d20_mHO5_ch05,4.5672785000029625,7.083333333333333,ready,,1.0
2041,gHO_sBM_cAll_d20_mHO5_ch05,4.583499000004471,7.083333333333333,ready,,1.0
2042,gHO_sBM_cAll_d20_mHO5_ch05,4.6003007000041025,7.083333333333333,ready,,1.0
2043,gHO_sBM_cAll_d20_mHO5_ch05,4.617236400005442,7.083333333333333,ready,,1.0
2044,gHO_sBM_cAll_d20_mHO5_ch05,4.633895200004718,7.083333333333333,ready,,1.0
2045,gHO_sBM_cAll_d20_mHO5_ch05,4.650206900002177,7.083333333333333,ready,,1.0
2046,gHO_sBM_cAll_d20_mHO5_ch05,4.6668779000034,7.083333333333333,ready,,1.0
2047,gHO_sBM_cAll_d20_mHO5_ch05,4.683581000005304,7.083333333333333,ready,,1.0
2048,gHO_sBM_cAll_d20_mHO5_ch05,4.7003343000038305,7.083333333333333,ready,,1.0
2049,gHO_sBM_cAll_d20_mHO5_ch05,4.7172282000033885,7.083333333333333,ready,,1.0
2050,gHO_sBM_cAll_d20_mHO5_ch05,4.733923400003346,7.083333333333333,ready,,1.0
2051,gHO_sBM_cAll_d20_mHO5_ch05,4.750256500003683,7.083333333333333,ready,,1.0
2052,gHO_sBM_cAll_d20_mHO5_ch05,4.767267500003594,7.083333333333333,ready,,1.0
2053,gHO_sBM_cAll_d20_mHO5_ch05,4.78395040000448,7.083333333333333,ready,,1.0
2054,gHO_sBM_cAll_d20_mHO5_ch05,4.800167000005396,7.083333333333333,ready,,1.0
2055,gHO_sBM_cAll_d20_mHO5_ch05,4.816822200002726,7.083333333333333,ready,,1.0
2056,gHO_sBM_cAll_d20_mHO5_ch05,4.833570300005312,7.083333333333333,ready,,1.0
2057,gHO_sBM_cAll_d20_mHO5_ch05,4.850407900005456,7.083333333333333,ready,,1.0
2058,gHO_sBM_cAll_d20_mHO5_ch05,4.867163900002713,7.083333333333333,ready,,1.0
2059,gHO_sBM_cAll_d20_mHO5_ch05,4.883716400003838,7.083333333333333,ready,,1.0
2060,gHO_sBM_cAll_d20_mHO5_ch05,4.9001741000034285,7.083333333333333,ready,,1.0
2061,gHO_sBM_cAll_d20_mHO5_ch05,4.917270500002418,7.083333333333333,ready,,1.0
2062,gHO_sBM_cAll_d20_mHO5_ch05,4.933623700003012,7.083333333333333,ready,,1.0
2063,gHO_sBM_cAll_d20_mHO5_ch05,4.9503778000039915,7.083333333333333,ready,,1.0
2064,gHO_sBM_cAll_d20_mHO5_ch05,4.96722150000329,7.083333333333333,ready,,1.0
2065,gHO_sBM_cAll_d20_mHO5_ch05,4.983518700003115,7.083333333333333,ready,,1.0
2066,gHO_sBM_cAll_d20_mHO5_ch05,5.00053000000531,7.083333333333333,ready,,1.0
2067,gHO_sBM_cAll_d20_mHO5_ch05,5.017060900002033,7.083333333333333,ready,,1.0
2068,gHO_sBM_cAll_d20_mHO5_ch05,5.033947000004043,7.083333333333333,ready,,1.0
2069,gHO_sBM_cAll_d20_mHO5_ch05,5.050584300003317,7.083333333333333,ready,,1.0
2070,gHO_sBM_cAll_d20_mHO5_ch05,5.067276900005305,7.083333333333333,ready,,1.0
2071,gHO_sBM_cAll_d20_mHO5_ch05,5.08388970000356,7.083333333333333,ready,,1.0
2072,gHO_sBM_cAll_d20_mHO5_ch05,5.100440600003416,7.083333333333333,ready,,1.0
2073,gHO_sBM_cAll_d20_mHO5_ch05,5.117069600004973,7.083333333333333,ready,,1.0
2074,gHO_sBM_cAll_d20_mHO5_ch05,5.133589500005248,7.083333333333333,ready,,1.0
2075,gHO_sBM_cAll_d20_mHO5_ch05,5.150283000003174,7.083333333333333,ready,,1.0
2076,gHO_sBM_cAll_d20_mHO5_ch05,5.166838800003961,7.083333333333333,ready,,0.9999999995921873
2077,gHO_sBM_cAll_d20_mHO5_ch05,5.184003100003382,7.083333333333333,ready,,0.999604539005668
2078,gHO_sBM_cAll_d20_mHO5_ch05,5.200823700005047,7.083333333333333,ready,,0.9971296711857702
2079,gHO_sBM_cAll_d20_mHO5_ch05,5.216841100002554,7.083333333333333,ready,,0.9913549623144389
2080,gHO_sBM_cAll_d20_mHO5_ch05,5.233807500004828,7.083333333333333,ready,,0.9804020132994841
2081,gHO_sBM_cAll_d20_mHO5_ch05,5.250715000002442,7.083333333333333,ready,,0.9636729414306687
2082,gHO_sBM_cAll_d20_mHO5_ch05,5.2671775000022025,7.083333333333333,ready,,0.941292353427823
2083,gHO_sBM_cAll_d20_mHO5_ch05,5.283973000001918,7.083333333333333,ready,,0.9120431589719074
2084,gHO_sBM_cAll_d20_mHO5_ch05,5.300548200004907,7.083333333333333,ready,,0.8768702141927247
2085,gHO_sBM_cAll_d20_mHO5_ch05,5.316829100004307,7.083333333333333,ready,,0.8364899355211548
2086,gHO_sBM_cAll_d20_mHO5_ch05,5.333535700003758,7.083333333333333,ready,,0.7895234880416759
2087,gHO_sBM_cAll_d20_mHO5_ch05,5.350340500005167,7.083333333333333,ready,,0.7372983954268976
2088,gHO_sBM_cAll_d20_mHO5_ch05,5.367020000001992,7.083333333333333,ready,,0.6813381624425865
2089,gHO_sBM_cAll_d20_mHO5_ch05,5.383670800002198,7.083333333333333,ready,,0.622305069359291
2090,gHO_sBM_cAll_d20_mHO5_ch05,5.40020230000349,7.083333333333333,ready,,0.5615630839035499
2091,gHO_sBM_cAll_d20_mHO5_ch05,5.417199000003652,7.083333333333333,ready,,0.4980037560203757
2092,gHO_sBM_cAll_d20_mHO5_ch05,5.433618600004169,7.083333333333333,ready,,0.43662483896101006
2093,gHO_sBM_cAll_d20_mHO5_ch05,5.450509800004996,7.083333333333333,ready,,0.37463022547242625
2094,gHO_sBM_cAll_d20_mHO5_ch05,5.467099200003333,7.083333333333333,ready,,0.31594624524530457
2095,gHO_sBM_cAll_d20_mHO5_ch05,5.483514900003257,7.083333333333333,ready,,0.26101177501439327
2096,gHO_sBM_cAll_d20_mHO5_ch05,5.500409000004338,7.083333333333333,ready,,0.20866618010966276
2097,gHO_sBM_cAll_d20_mHO5_ch05,5.517044200002173,7.083333333333333,ready,,0.1620824846282617
2098,gHO_sBM_cAll_d20_mHO5_ch05,5.533658000004405,7.083333333333333,ready,,0.12112484309911575
2099,gHO_sBM_cAll_d20_mHO5_ch05,5.550239400003672,7.083333333333333,ready,,0.08626494111983525
2100,gHO_sBM_cAll_d20_mHO5_ch05,5.566949400003547,7.083333333333333,ready,,0.057486642408678464
2101,gHO_sBM_cAll_d20_mHO5_ch05,5.583521200002474,7.083333333333333,ready,,0.03527678095170076
2102,gHO_sBM_cAll_d20_mHO5_ch05,5.600551800002472,7.083333333333333,ready,,0.018776800599967745
2103,gHO_sBM_cAll_d20_mHO5_ch05,5.617057200005114,7.083333333333333,ready,,0.008371516341871875
2104,gHO_sBM_cAll_d20_mHO5_ch05,5.634018300003411,7.083333333333333,ready,,0.0025184726350477647
2105,gHO_sBM_cAll_d20_mHO5_ch05,5.650687000005311,7.083333333333333,ready,,0.00031098351886268304
2106,gHO_sBM_cAll_d20_mHO5_ch05,5.666666666666667,7.083333333333333,executing,switch_start,0.0
2107,gHO_sBM_cAll_d20_mHO5_ch05,5.666666666666667,7.083333333333333,executing,,0.0
2108,gHO_sBM_cAll_d20_mHO5_ch05,5.666666666666667,7.083333333333333,executing,,0.0
2109,gHO_sBM_cAll_d20_mHO5_ch05,5.666666666666667,7.083333333333333,executing,,0.0
2110,gHO_sBM_cAll_d20_mHO5_ch05,5.666666666666667,7.083333333333333,executing,,0.0
2111,gHO_sBM_cAll_d20_mHO5_ch05,5.666666666666667,7.083333333333333,executing,,0.0
2112,gHO_sBM_cAll_d20_mHO5_ch05,5.666666666666667,7.083333333333333,executing,,0.0
2113,gHO_sBM_cAll_d20_mHO5_ch05,5.666666666666667,7.083333333333333,executing,,0.0
2114,gHO_sBM_cAll_d20_mHO5_ch05,5.666666666666667,7.083333333333333,executing,,0.0
2115,gHO_sBM_cAll_d20_mHO5_ch05,5.666666666666667,7.083333333333333,executing,,0.0
2116,gHO_sBM_cAll_d20_mHO5_ch05,5.666666666666667,7.083333333333333,executing,,0.0
2117,gHO_sBM_cAll_d20_mHO5_ch05,5.666666666666667,7.083333333333333,executing,,0.0
2118,gHO_sBM_cAll_d20_mHO5_ch05,5.666666666666667,7.083333333333333,executing,,0.0
2119,gHO_sBM_cAll_d20_mHO5_ch05,5.666666666666667,7.083333333333333,executing,,0.0
2120,gHO_sBM_cAll_d20_mHO5_ch05,5.666666666666667,7.083333333333333,executing,,0.0
2121,gHO_sBM_cAll_d20_mHO5_ch05,5.666666666666667,7.083333333333333,executing,,0.0
2122,gHO_sBM_cAll_d20_mHO5_ch05,5.666666666666667,7.083333333333333,executing,,0.0
2123,gHO_sBM_cAll_d20_mHO5_ch05,5.666666666666667,7.083333333333333,executing,,0.0
2124,gHO_sBM_cAll_d20_mHO5_ch05,5.666666666666667,7.083333333333333,executing,,0.0
2125,gHO_sBM_cAll_d20_mHO5_ch05,5.666666666666667,7.083333333333333,executing,,0.0
2126,gHO_sBM_cAll_d20_mHO5_ch05,5.666666666666667,7.083333333333333,executing,,0.0
2127,gHO_sBM_cAll_d19_mHO2_ch02,1.317160900002879,7.983333333333333,awaiting_preparation,switch_complete,9.64366114246778e-09
2128,gHO_sBM_cAll_d19_mHO2_ch02,1.3337500000025708,7.983333333333333,loading,,0.0003786867603941482
2129,gHO_sBM_cAll_d19_mHO2_ch02,1.3503459000031095,7.983333333333333,loading,,0.002755695510494408
2130,gHO_sBM_cAll_d19_mHO2_ch02,1.3669729000039903,7.983333333333333,loading,,0.008709640706404998
2131,gHO_sBM_cAll_d19_mHO2_ch02,1.3836082000025878,7.983333333333333,loading,,0.01943679035761321
2132,gHO_sBM_cAll_d19_mHO2_ch02,1.4003179000038168,7.983333333333333,loading,,0.03586289029992562
2133,gHO_sBM_cAll_d19_mHO2_ch02,1.4169627000019924,7.983333333333333,loading,,0.05837571684864721
2134,gHO_sBM_cAll_d19_mHO2_ch02,1.4335296000036275,7.983333333333333,loading,,0.08710123813611348
2135,gHO_sBM_cAll_d19_mHO2_ch02,1.4505584000044716,7.983333333333333,loading,,0.12315331337317854
2136,gHO_sBM_cAll_d19_mHO2_ch02,1.4670781000032245,7.983333333333333,loading,,0.1641703574732346
2137,gHO_sBM_cAll_d19_mHO2_ch02,1.4834764000052625,7.983333333333333,loading,,0.21030062632033883
2138,gHO_sBM_cAll_d19_mHO2_ch02,1.5003480000023652,7.983333333333333,loading,,0.2627259100746605
2139,gHO_sBM_cAll_d19_mHO2_ch02,1.5171820000042013,7.983333333333333,loading,,0.31922251686806563
2140,gHO_sBM_cAll_d19_mHO2_ch02,1.5337490000029599,7.983333333333333,loading,,0.3779780767855295
2141,gHO_sBM_cAll_d19_mHO2_ch02,1.5505166000048727,7.983333333333333,loading,,0.43960553249296525
2142,gHO_sBM_cAll_d19_mHO2_ch02,1.5668593000019124,7.983333333333333,loading,,0.5007223747212453
2143,gHO_sBM_cAll_d19_mHO2_ch02,1.5835768000043269,7.983333333333333,loading,,0.5632198456288314
2144,gHO_sBM_cAll_d19_mHO2_ch02,1.600543900004656,7.983333333333333,loading,,0.6254930010299419
2145,gHO_sBM_cAll_d19_mHO2_ch02,1.6172432000030919,7.983333333333333,loading,,0.6845505779001102
2146,gHO_sBM_cAll_d19_mHO2_ch02,1.6339619000037298,7.983333333333333,loading,,0.740431852789983
2147,gHO_sBM_cAll_d19_mHO2_ch02,1.6504371000019697,7.983333333333333,loading,,0.7914168674038253
2148,gHO_sBM_cAll_d19_mHO2_ch02,1.6668219000030755,7.983333333333333,loading,,0.8373305044287083
2149,gHO_sBM_cAll_d19_mHO2_ch02,1.6839523000026626,7.983333333333333,preparing,,0.8795473896511348
2150,gHO_sBM_cAll_d19_mHO2_ch02,1.7005535000035403,7.983333333333333,preparing,,0.9143353018993133
2151,gHO_sBM_cAll_d19_mHO2_ch02,1.7169276000032065,7.983333333333333,preparing,,0.9424800093093499
2152,gHO_sBM_cAll_d19_mHO2_ch02,1.7336362000033356,7.983333333333333,preparing,,0.9648556941361469
2153,gHO_sBM_cAll_d19_mHO2_ch02,1.7501649000051354,7.983333333333333,preparing,,0.9809160365696064
2154,gHO_sBM_cAll_d19_mHO2_ch02,1.7672766000042126,7.983333333333333,preparing,,0.9917332217374357
2155,gHO_sBM_cAll_d19_mHO2_ch02,1.783462100004787,7.983333333333333,preparing,,0.9973552369301665
2156,gHO_sBM_cAll_d19_mHO2_ch02,1.8006136000049688,7.983333333333333,preparing,,0.999684782418179
2157,gHO_sBM_cAll_d19_mHO2_ch02,1.816920700003781,7.983333333333333,preparing,,1.0
2158,gHO_sBM_cAll_d19_mHO2_ch02,1.833581000003566,7.983333333333333,preparing,,1.0
2159,gHO_sBM_cAll_d19_mHO2_ch02,1.8504222000020187,7.983333333333333,preparing,,1.0
2160,gHO_sBM_cAll_d19_mHO2_ch02,1.8670121000041642,7.983333333333333,preparing,,1.0
2161,gHO_sBM_cAll_d19_mHO2_ch02,1.8836515000048772,7.983333333333333,preparing,,1.0
2162,gHO_sBM_cAll_d19_mHO2_ch02,1.9005384000020664,7.983333333333333,preparing,,1.0
2163,gHO_sBM_cAll_d19_mHO2_ch02,1.9169805000029252,7.983333333333333,preparing,,1.0
2164,gHO_sBM_cAll_d19_mHO2_ch02,1.9335138000033718,7.983333333333333,preparing,,1.0
2165,gHO_sBM_cAll_d19_mHO2_ch02,1.950123500003489,7.983333333333333,preparing,,1.0
2166,gHO_sBM_cAll_d19_mHO2_ch02,1.9668414000016734,7.983333333333333,preparing,,1.0
2167,gHO_sBM_cAll_d19_mHO2_ch02,1.9834542000035678,7.983333333333333,preparing,,1.0
2168,gHO_sBM_cAll_d19_mHO2_ch02,2.0005437000045885,7.983333333333333,preparing,,1.0
2169,gHO_sBM_cAll_d19_mHO2_ch02,2.017216300003445,7.983333333333333,preparing,,1.0
2170,gHO_sBM_cAll_d19_mHO2_ch02,2.0340076000039233,7.983333333333333,preparing,,1.0
2171,gHO_sBM_cAll_d19_mHO2_ch02,2.050955200004928,7.983333333333333,preparing,,1.0
2172,gHO_sBM_cAll_d19_mHO2_ch02,2.0669289000043776,7.983333333333333,preparing,,1.0
2173,gHO_sBM_cAll_d19_mHO2_ch02,2.0836359000032383,7.983333333333333,preparing,,1.0
2174,gHO_sBM_cAll_d19_mHO2_ch02,2.100303200001756,7.983333333333333,preparing,,1.0
2175,gHO_sBM_cAll_d19_mHO2_ch02,2.116832100005079,7.983333333333333,preparing,,1.0
2176,gHO_sBM_cAll_d19_mHO2_ch02,2.1334678000030847,7.983333333333333,preparing,,1.0
2177,gHO_sBM_cAll_d19_mHO2_ch02,2.1501212000048997,7.983333333333333,preparing,,1.0
2178,gHO_sBM_cAll_d19_mHO2_ch02,2.1668161000025745,7.983333333333333,preparing,,1.0
2179,gHO_sBM_cAll_d19_mHO2_ch02,2.1863288000032077,7.983333333333333,ready,,1.0
2180,gHO_sBM_cAll_d19_mHO2_ch02,2.2001541000036706,7.983333333333333,ready,,1.0
2181,gHO_sBM_cAll_d19_mHO2_ch02,2.217213800003335,7.983333333333333,ready,,1.0
2182,gHO_sBM_cAll_d19_mHO2_ch02,2.2335974000025796,7.983333333333333,ready,,1.0
2183,gHO_sBM_cAll_d19_mHO2_ch02,2.250406600004752,7.983333333333333,ready,,1.0
2184,gHO_sBM_cAll_d19_mHO2_ch02,2.2671336000031075,7.983333333333333,ready,,1.0
2185,gHO_sBM_cAll_d19_mHO2_ch02,2.283732200002378,7.983333333333333,ready,,1.0
2186,gHO_sBM_cAll_d19_mHO2_ch02,2.300257800002401,7.983333333333333,ready,,1.0
2187,gHO_sBM_cAll_d19_mHO2_ch02,2.316787100005132,7.983333333333333,ready,,1.0
2188,gHO_sBM_cAll_d19_mHO2_ch02,2.333851000004035,7.983333333333333,ready,,1.0
2189,gHO_sBM_cAll_d19_mHO2_ch02,2.350345000003547,7.983333333333333,ready,,1.0
2190,gHO_sBM_cAll_d19_mHO2_ch02,2.367189200003016,7.983333333333333,ready,,1.0
2191,gHO_sBM_cAll_d19_mHO2_ch02,2.3838349000044072,7.983333333333333,ready,,1.0
2192,gHO_sBM_cAll_d19_mHO2_ch02,2.4004546000042724,7.983333333333333,ready,,1.0
2193,gHO_sBM_cAll_d19_mHO2_ch02,2.4171127000018577,7.983333333333333,ready,,1.0
2194,gHO_sBM_cAll_d19_mHO2_ch02,2.4336677000038303,7.983333333333333,ready,,1.0
2195,gHO_sBM_cAll_d19_mHO2_ch02,2.450497000002621,7.983333333333333,ready,,1.0
2196,gHO_sBM_cAll_d19_mHO2_ch02,2.467033400004845,7.983333333333333,ready,,1.0
2197,gHO_sBM_cAll_d19_mHO2_ch02,2.483589400003518,7.983333333333333,ready,,1.0
2198,gHO_sBM_cAll_d19_mHO2_ch02,2.5009400000027093,7.983333333333333,ready,,1.0
2199,gHO_sBM_cAll_d19_mHO2_ch02,2.517067100002431,7.983333333333333,ready,,1.0
2200,gHO_sBM_cAll_d19_mHO2_ch02,2.533742200002134,7.983333333333333,ready,,1.0
2201,gHO_sBM_cAll_d19_mHO2_ch02,2.5502557000046093,7.983333333333333,ready,,1.0
2202,gHO_sBM_cAll_d19_mHO2_ch02,2.567271200002407,7.983333333333333,ready,,1.0
2203,gHO_sBM_cAll_d19_mHO2_ch02,2.583499300003579,7.983333333333333,ready,,1.0
2204,gHO_sBM_cAll_d19_mHO2_ch02,2.6002620000045615,7.983333333333333,ready,,1.0
2205,gHO_sBM_cAll_d19_mHO2_ch02,2.6171357000031037,7.983333333333333,ready,,1.0
2206,gHO_sBM_cAll_d19_mHO2_ch02,2.633867100002221,7.983333333333333,ready,,1.0
2207,gHO_sBM_cAll_d19_mHO2_ch02,2.6503815000042734,7.983333333333333,ready,,1.0
2208,gHO_sBM_cAll_d19_mHO2_ch02,2.6669794000018516,7.983333333333333,ready,,1.0
2209,gHO_sBM_cAll_d19_mHO2_ch02,2.6837860000024163,7.983333333333333,ready,,1.0
2210,gHO_sBM_cAll_d19_mHO2_ch02,2.7005200000031415,7.983333333333333,ready,,1.0
2211,gHO_sBM_cAll_d19_mHO2_ch02,2.717230500003187,7.983333333333333,ready,,1.0
2212,gHO_sBM_cAll_d19_mHO2_ch02,2.733746100003463,7.983333333333333,ready,,1.0
2213,gHO_sBM_cAll_d19_mHO2_ch02,2.750320800002646,7.983333333333333,ready,,1.0
2214,gHO_sBM_cAll_d19_mHO2_ch02,2.766804300002241,7.983333333333333,ready,,1.0
2215,gHO_sBM_cAll_d19_mHO2_ch02,2.7835895000035644,7.983333333333333,ready,,1.0
2216,gHO_sBM_cAll_d19_mHO2_ch02,2.800145600002999,7.983333333333333,ready,,1.0
2217,gHO_sBM_cAll_d19_mHO2_ch02,2.8167976000050676,7.983333333333333,ready,,1.0
2218,gHO_sBM_cAll_d19_mHO2_ch02,2.833912900002454,7.983333333333333,ready,,1.0
2219,gHO_sBM_cAll_d19_mHO2_ch02,2.8506952000035235,7.983333333333333,ready,,1.0
2220,gHO_sBM_cAll_d19_mHO2_ch02,2.867233400004902,7.983333333333333,ready,,1.0
2221,gHO_sBM_cAll_d19_mHO2_ch02,2.883785200004336,7.983333333333333,ready,,1.0
2222,gHO_sBM_cAll_d19_mHO2_ch02,2.900324000003007,7.983333333333333,ready,,1.0
2223,gHO_sBM_cAll_d19_mHO2_ch02,2.916872500002779,7.983333333333333,ready,,1.0
2224,gHO_sBM_cAll_d19_mHO2_ch02,2.9336084000034197,7.983333333333333,ready,,1.0
2225,gHO_sBM_cAll_d19_mHO2_ch02,2.9505027000023873,7.983333333333333,ready,,1.0
2226,gHO_sBM_cAll_d19_mHO2_ch02,2.9670600000036833,7.983333333333333,ready,,1.0
2227,gHO_sBM_cAll_d19_mHO2_ch02,2.9839405000030723,7.983333333333333,ready,,1.0
2228,gHO_sBM_cAll_d19_mHO2_ch02,3.0004820000041126,7.983333333333333,ready,,1.0
2229,gHO_sBM_cAll_d19_mHO2_ch02,3.0170140000019368,7.983333333333333,ready,,1.0
2230,gHO_sBM_cAll_d19_mHO2_ch02,3.033547600004668,7.983333333333333,ready,,1.0
2231,gHO_sBM_cAll_d19_mHO2_ch02,3.050286600003448,7.983333333333333,ready,,1.0
2232,gHO_sBM_cAll_d19_mHO2_ch02,3.0669152000019606,7.983333333333333,ready,,1.0
2233,gHO_sBM_cAll_d19_mHO2_ch02,3.0836020000034416,7.983333333333333,ready,,1.0
2234,gHO_sBM_cAll_d19_mHO2_ch02,3.100299700004247,7.983333333333333,ready,,1.0
2235,gHO_sBM_cAll_d19_mHO2_ch02,3.116807800001984,7.983333333333333,ready,,1.0
2236,gHO_sBM_cAll_d19_mHO2_ch02,3.1335245000019456,7.983333333333333,ready,,1.0
2237,gHO_sBM_cAll_d19_mHO2_ch02,3.150286500004874,7.983333333333333,ready,,1.0
2238,gHO_sBM_cAll_d19_mHO2_ch02,3.1669785000022945,7.983333333333333,ready,,1.0
2239,gHO_sBM_cAll_d19_mHO2_ch02,3.1837036000043724,7.983333333333333,ready,,1.0
2240,gHO_sBM_cAll_d19_mHO2_ch02,3.200215200003294,7.983333333333333,ready,,1.0
2241,gHO_sBM_cAll_d19_mHO2_ch02,3.217226600002614,7.983333333333333,ready,,1.0
2242,gHO_sBM_cAll_d19_mHO2_ch02,3.2338869000023993,7.983333333333333,ready,,1.0
2243,gHO_sBM_cAll_d19_mHO2_ch02,3.250590800003121,7.983333333333333,ready,,1.0
2244,gHO_sBM_cAll_d19_mHO2_ch02,3.2672220000032413,7.983333333333333,ready,,1.0
2245,gHO_sBM_cAll_d19_mHO2_ch02,3.283786500004792,7.983333333333333,ready,,1.0
2246,gHO_sBM_cAll_d19_mHO2_ch02,3.3003007000053213,7.983333333333333,ready,,1.0
2247,gHO_sBM_cAll_d19_mHO2_ch02,3.3168473000051777,7.983333333333333,ready,,1.0
2248,gHO_sBM_cAll_d19_mHO2_ch02,3.3338571000032284,7.983333333333333,ready,,1.0
2249,gHO_sBM_cAll_d19_mHO2_ch02,3.350615600004972,7.983333333333333,ready,,1.0
2250,gHO_sBM_cAll_d19_mHO2_ch02,3.367189500005339,7.983333333333333,ready,,1.0
2251,gHO_sBM_cAll_d19_mHO2_ch02,3.3838348000036844,7.983333333333333,ready,,1.0
2252,gHO_sBM_cAll_d19_mHO2_ch02,3.4004950000027083,7.983333333333333,ready,,1.0
2253,gHO_sBM_cAll_d19_mHO2_ch02,3.4170308000040017,7.983333333333333,ready,,1.0
2254,gHO_sBM_cAll_d19_mHO2_ch02,3.4336832000018402,7.983333333333333,ready,,1.0
2255,gHO_sBM_cAll_d19_mHO2_ch02,3.4503775000022223,7.983333333333333,ready,,1.0
2256,gHO_sBM_cAll_d19_mHO2_ch02,3.4669661000017453,7.983333333333333,ready,,1.0
2257,gHO_sBM_cAll_d19_mHO2_ch02,3.483683500003399,7.983333333333333,ready,,1.0
2258,gHO_sBM_cAll_d19_mHO2_ch02,3.5004206000022635,7.983333333333333,ready,,1.0
2259,gHO_sBM_cAll_d19_mHO2_ch02,3.516994500002631,7.983333333333333,ready,,1.0
2260,gHO_sBM_cAll_d19_mHO2_ch02,3.5334759000044254,7.983333333333333,ready,,1.0
2261,gHO_sBM_cAll_d19_mHO2_ch02,3.5502936000021994,7.983333333333333,ready,,1.0
2262,gHO_sBM_cAll_d19_mHO2_ch02,3.5669155000042645,7.983333333333333,ready,,1.0
2263,gHO_sBM_cAll_d19_mHO2_ch02,3.583929200002908,7.983333333333333,ready,,1.0
2264,gHO_sBM_cAll_d19_mHO2_ch02,3.6005774000051454,7.983333333333333,ready,,1.0
2265,gHO_sBM_cAll_d19_mHO2_ch02,3.617252200002564,7.983333333333333,ready,,1.0
2266,gHO_sBM_cAll_d19_mHO2_ch02,3.6334857000048366,7.983333333333333,ready,,1.0
2267,gHO_sBM_cAll_d19_mHO2_ch02,3.6502251000030244,7.983333333333333,ready,,1.0
2268,gHO_sBM_cAll_d19_mHO2_ch02,3.66725820000387,7.983333333333333,ready,,1.0
2269,gHO_sBM_cAll_d19_mHO2_ch02,3.683491800003266,7.983333333333333,ready,,1.0
2270,gHO_sBM_cAll_d19_mHO2_ch02,3.7001341000042336,7.983333333333333,ready,,1.0
2271,gHO_sBM_cAll_d19_mHO2_ch02,3.716817200003007,7.983333333333333,ready,,1.0
2272,gHO_sBM_cAll_d19_mHO2_ch02,3.7337269000028224,7.983333333333333,ready,,1.0
2273,gHO_sBM_cAll_d19_mHO2_ch02,3.7501562000044415,7.983333333333333,ready,,1.0
2274,gHO_sBM_cAll_d19_mHO2_ch02,3.7668098000041415,7.983333333333333,ready,,1.0
2275,gHO_sBM_cAll_d19_mHO2_ch02,3.783482800002406,7.983333333333333,ready,,1.0
2276,gHO_sBM_cAll_d19_mHO2_ch02,3.801022700002381,7.983333333333333,ready,,1.0
2277,gHO_sBM_cAll_d19_mHO2_ch02,3.8171200000043837,7.983333333333333,ready,,1.0
2278,gHO_sBM_cAll_d19_mHO2_ch02,3.8337880000045934,7.983333333333333,ready,,1.0
2279,gHO_sBM_cAll_d19_mHO2_ch02,3.850389300002595,7.983333333333333,ready,,1.0
2280,gHO_sBM_cAll_d19_mHO2_ch02,3.8668791000028677,7.983333333333333,ready,,1.0
2281,gHO_sBM_cAll_d19_mHO2_ch02,3.8835799000018123,7.983333333333333,ready,,1.0
2282,gHO_sBM_cAll_d19_mHO2_ch02,3.900247500002614,7.983333333333333,ready,,1.0
2283,gHO_sBM_cAll_d19_mHO2_ch02,3.9170049000032576,7.983333333333333,ready,,1.0
2284,gHO_sBM_cAll_d19_mHO2_ch02,3.9339956000050287,7.983333333333333,ready,,1.0
2285,gHO_sBM_cAll_d19_mHO2_ch02,3.9505732000044658,7.983333333333333,ready,,1.0
2286,gHO_sBM_cAll_d19_mHO2_ch02,3.9672027000025554,7.983333333333333,ready,,1.0
2287,gHO_sBM_cAll_d19_mHO2_ch02,3.983607900002564,7.983333333333333,ready,,1.0
2288,gHO_sBM_cAll_d19_mHO2_ch02,4.0003091000045545,7.983333333333333,ready,,1.0
2289,gHO_sBM_cAll_d19_mHO2_ch02,4.017324700003112,7.983333333333333,ready,,1.0
2290,gHO_sBM_cAll_d19_mHO2_ch02,4.033574200003524,7.983333333333333,ready,,1.0
2291,gHO_sBM_cAll_d19_mHO2_ch02,4.050256400002718,7.983333333333333,ready,,1.0
2292,gHO_sBM_cAll_d19_mHO2_ch02,4.067242000002033,7.983333333333333,ready,,1.0
2293,gHO_sBM_cAll_d19_mHO2_ch02,4.083443500004385,7.983333333333333,ready,,1.0
2294,gHO_sBM_cAll_d19_mHO2_ch02,4.100597000005243,7.983333333333333,ready,,1.0
2295,gHO_sBM_cAll_d19_mHO2_ch02,4.117136600002729,7.983333333333333,ready,,1.0
2296,gHO_sBM_cAll_d19_mHO2_ch02,4.134171800005011,7.983333333333333,ready,,1.0
2297,gHO_sBM_cAll_d19_mHO2_ch02,4.1506632000029136,7.983333333333333,ready,,1.0
2298,gHO_sBM_cAll_d19_mHO2_ch02,4.166823000004245,7.983333333333333,ready,,1.0
2299,gHO_sBM_cAll_d19_mHO2_ch02,4.18367660000253,7.983333333333333,ready,,1.0
2300,gHO_sBM_cAll_d19_mHO2_ch02,4.200224800003654,7.983333333333333,ready,,1.0
2301,gHO_sBM_cAll_d19_mHO2_ch02,4.216841600003264,7.983333333333333,ready,,1.0
2302,gHO_sBM_cAll_d19_mHO2_ch02,4.233945400004031,7.983333333333333,ready,,1.0
2303,gHO_sBM_cAll_d19_mHO2_ch02,4.250599500003899,7.983333333333333,ready,,1.0
2304,gHO_sBM_cAll_d19_mHO2_ch02,4.266847900003211,7.983333333333333,ready,,1.0
2305,gHO_sBM_cAll_d19_mHO2_ch02,4.2840009000039,7.983333333333333,ready,,1.0
2306,gHO_sBM_cAll_d19_mHO2_ch02,4.300223400002447,7.983333333333333,ready,,1.0
2307,gHO_sBM_cAll_d19_mHO2_ch02,4.316986400002074,7.983333333333333,ready,,1.0
2308,gHO_sBM_cAll_d19_mHO2_ch02,4.333696900002118,7.983333333333333,ready,,1.0
2309,gHO_sBM_cAll_d19_mHO2_ch02,4.350115700003819,7.983333333333333,ready,,1.0
2310,gHO_sBM_cAll_d19_mHO2_ch02,4.3672900000029875,7.983333333333333,ready,,1.0
2311,gHO_sBM_cAll_d19_mHO2_ch02,4.383967400002012,7.983333333333333,ready,,1.0
2312,gHO_sBM_cAll_d19_mHO2_ch02,4.400440700003974,7.983333333333333,ready,,1.0
2313,gHO_sBM_cAll_d19_mHO2_ch02,4.417289500002088,7.983333333333333,ready,,1.0
2314,gHO_sBM_cAll_d19_mHO2_ch02,4.433859500001861,7.983333333333333,ready,,1.0
2315,gHO_sBM_cAll_d19_mHO2_ch02,4.450639400002844,7.983333333333333,ready,,1.0
2316,gHO_sBM_cAll_d19_mHO2_ch02,4.467170800003374,7.983333333333333,ready,,1.0
2317,gHO_sBM_cAll_d19_mHO2_ch02,4.48345840000286,7.983333333333333,ready,,1.0
2318,gHO_sBM_cAll_d19_mHO2_ch02,4.500540700003625,7.983333333333333,ready,,1.0
2319,gHO_sBM_cAll_d19_mHO2_ch02,4.517201700005101,7.983333333333333,ready,,1.0
2320,gHO_sBM_cAll_d19_mHO2_ch02,4.533872300003279,7.983333333333333,ready,,1.0
2321,gHO_sBM_cAll_d19_mHO2_ch02,4.550771700004699,7.983333333333333,ready,,1.0
2322,gHO_sBM_cAll_d19_mHO2_ch02,4.56696240000485,7.983333333333333,ready,,1.0
2323,gHO_sBM_cAll_d19_mHO2_ch02,4.583571900003443,7.983333333333333,ready,,1.0
2324,gHO_sBM_cAll_d19_mHO2_ch02,4.600606400004033,7.983333333333333,ready,,1.0
2325,gHO_sBM_cAll_d19_mHO2_ch02,4.617151400002619,7.983333333333333,ready,,1.0
2326,gHO_sBM_cAll_d19_mHO2_ch02,4.633887900004189,7.983333333333333,ready,,1.0
2327,gHO_sBM_cAll_d19_mHO2_ch02,4.650583400002793,7.983333333333333,ready,,1.0
2328,gHO_sBM_cAll_d19_mHO2_ch02,4.667021400005173,7.983333333333333,ready,,1.0
2329,gHO_sBM_cAll_d19_mHO2_ch02,4.6836798000050415,7.983333333333333,ready,,1.0
2330,gHO_sBM_cAll_d19_mHO2_ch02,4.700204500001848,7.983333333333333,ready,,1.0
2331,gHO_sBM_cAll_d19_mHO2_ch02,4.717242500003623,7.983333333333333,ready,,1.0
2332,gHO_sBM_cAll_d19_mHO2_ch02,4.733458300002085,7.983333333333333,ready,,1.0
2333,gHO_sBM_cAll_d19_mHO2_ch02,4.750267800002902,7.983333333333333,ready,,1.0
2334,gHO_sBM_cAll_d19_mHO2_ch02,4.767217200003059,7.983333333333333,ready,,1.0
2335,gHO_sBM_cAll_d19_mHO2_ch02,4.783748800005112,7.983333333333333,ready,,1.0
2336,gHO_sBM_cAll_d19_mHO2_ch02,4.800287200004374,7.983333333333333,ready,,1.0
2337,gHO_sBM_cAll_d19_mHO2_ch02,4.816833400004821,7.983333333333333,ready,,1.0
2338,gHO_sBM_cAll_d19_mHO2_ch02,4.83361360000445,7.983333333333333,ready,,1.0
2339,gHO_sBM_cAll_d19_mHO2_ch02,4.850157500001936,7.983333333333333,ready,,1.0
2340,gHO_sBM_cAll_d19_mHO2_ch02,4.867227700005153,7.983333333333333,ready,,1.0
2341,gHO_sBM_cAll_d19_mHO2_ch02,4.883552900003544,7.983333333333333,ready,,1.0
2342,gHO_sBM_cAll_d19_mHO2_ch02,4.900422000003437,7.983333333333333,ready,,1.0
2343,gHO_sBM_cAll_d19_mHO2_ch02,4.917062400004488,7.983333333333333,ready,,1.0
2344,gHO_sBM_cAll_d19_mHO2_ch02,4.933723000002918,7.983333333333333,ready,,1.0
2345,gHO_sBM_cAll_d19_mHO2_ch02,4.950285200005144,7.983333333333333,ready,,1.0
2346,gHO_sBM_cAll_d19_mHO2_ch02,4.9672625000031045,7.983333333333333,ready,,1.0
2347,gHO_sBM_cAll_d19_mHO2_ch02,4.983908700004664,7.983333333333333,ready,,1.0
2348,gHO_sBM_cAll_d19_mHO2_ch02,5.000329900002812,7.983333333333333,ready,,1.0
2349,gHO_sBM_cAll_d19_mHO2_ch02,5.017018400002684,7.983333333333333,ready,,1.0
2350,gHO_sBM_cAll_d19_mHO2_ch02,5.033791700004342,7.983333333333333,ready,,1.0
2351,gHO_sBM_cAll_d19_mHO2_ch02,5.050299000003262,7.983333333333333,ready,,1.0
2352,gHO_sBM_cAll_d19_mHO2_ch02,5.066817100004383,7.983333333333333,ready,,1.0
2353,gHO_sBM_cAll_d19_mHO2_ch02,5.083610700004183,7.983333333333333,ready,,1.0
2354,gHO_sBM_cAll_d19_mHO2_ch02,5.100435500005086,7.983333333333333,ready,,1.0
2355,gHO_sBM_cAll_d19_mHO2_ch02,5.1170663000021595,7.983333333333333,ready,,1.0
2356,gHO_sBM_cAll_d19_mHO2_ch02,5.133938400003069,7.983333333333333,ready,,1.0
2357,gHO_sBM_cAll_d19_mHO2_ch02,5.150748200002532,7.983333333333333,ready,,1.0
2358,gHO_sBM_cAll_d19_mHO2_ch02,5.16731580000222,7.983333333333333,ready,,1.0
2359,gHO_sBM_cAll_d19_mHO2_ch02,5.183913600002674,7.983333333333333,ready,,1.0
2360,gHO_sBM_cAll_d19_mHO2_ch02,5.2004502000027815,7.983333333333333,ready,,1.0
2361,gHO_sBM_cAll_d19_mHO2_ch02,5.217229700004356,7.983333333333333,ready,,1.0
2362,gHO_sBM_cAll_d19_mHO2_ch02,5.233933800002961,7.983333333333333,ready,,1.0
2363,gHO_sBM_cAll_d19_mHO2_ch02,5.250222200004901,7.983333333333333,ready,,1.0
2364,gHO_sBM_cAll_d19_mHO2_ch02,5.267241000002358,7.983333333333333,ready,,1.0
2365,gHO_sBM_cAll_d19_mHO2_ch02,5.283803500003231,7.983333333333333,ready,,1.0
2366,gHO_sBM_cAll_d19_mHO2_ch02,5.300787000004745,7.983333333333333,ready,,1.0
2367,gHO_sBM_cAll_d19_mHO2_ch02,5.316906000004634,7.983333333333333,ready,,1.0
2368,gHO_sBM_cAll_d19_mHO2_ch02,5.333828700005211,7.983333333333333,ready,,1.0
2369,gHO_sBM_cAll_d19_mHO2_ch02,5.350390500004391,7.983333333333333,ready,,1.0
2370,gHO_sBM_cAll_d19_mHO2_ch02,5.366998600003238,7.983333333333333,ready,,1.0
2371,gHO_sBM_cAll_d19_mHO2_ch02,5.383634000002596,7.983333333333333,ready,,1.0
2372,gHO_sBM_cAll_d19_mHO2_ch02,5.400224300004148,7.983333333333333,ready,,1.0
2373,gHO_sBM_cAll_d19_mHO2_ch02,5.417103300003028,7.983333333333333,ready,,1.0
2374,gHO_sBM_cAll_d19_mHO2_ch02,5.433835400003836,7.983333333333333,ready,,1.0
2375,gHO_sBM_cAll_d19_mHO2_ch02,5.450406400003947,7.983333333333333,ready,,1.0
2376,gHO_sBM_cAll_d19_mHO2_ch02,5.46707680000424,7.983333333333333,ready,,1.0
2377,gHO_sBM_cAll_d19_mHO2_ch02,5.4837711000046205,7.983333333333333,ready,,1.0
2378,gHO_sBM_cAll_d19_mHO2_ch02,5.500445400001868,7.983333333333333,ready,,1.0
2379,gHO_sBM_cAll_d19_mHO2_ch02,5.51697100000189,7.983333333333333,ready,,1.0
2380,gHO_sBM_cAll_d19_mHO2_ch02,5.533573200003105,7.983333333333333,ready,,1.0
2381,gHO_sBM_cAll_d19_mHO2_ch02,5.550463000004186,7.983333333333333,ready,,1.0
2382,gHO_sBM_cAll_d19_mHO2_ch02,5.567130900003632,7.983333333333333,ready,,1.0
2383,gHO_sBM_cAll_d19_mHO2_ch02,5.583608900005002,7.983333333333333,ready,,1.0
2384,gHO_sBM_cAll_d19_mHO2_ch02,5.600410700001757,7.983333333333333,ready,,1.0
2385,gHO_sBM_cAll_d19_mHO2_ch02,5.617004600005256,7.983333333333333,ready,,1.0
2386,gHO_sBM_cAll_d19_mHO2_ch02,5.633807700004634,7.983333333333333,ready,,1.0
2387,gHO_sBM_cAll_d19_mHO2_ch02,5.65030140000186,7.983333333333333,ready,,1.0
2388,gHO_sBM_cAll_d19_mHO2_ch02,5.666970500003168,7.983333333333333,ready,,1.0
2389,gHO_sBM_cAll_d19_mHO2_ch02,5.683490100004796,7.983333333333333,ready,,1.0
2390,gHO_sBM_cAll_d19_mHO2_ch02,5.700549500002174,7.983333333333333,ready,,1.0
2391,gHO_sBM_cAll_d19_mHO2_ch02,5.717169400003561,7.983333333333333,ready,,1.0
2392,gHO_sBM_cAll_d19_mHO2_ch02,5.7337987000037645,7.983333333333333,ready,,1.0
2393,gHO_sBM_cAll_d19_mHO2_ch02,5.750560500005168,7.983333333333333,ready,,1.0
2394,gHO_sBM_cAll_d19_mHO2_ch02,5.767219300004444,7.983333333333333,ready,,1.0
2395,gHO_sBM_cAll_d19_mHO2_ch02,5.783619100003351,7.983333333333333,ready,,1.0
2396,gHO_sBM_cAll_d19_mHO2_ch02,5.800589100003934,7.983333333333333,ready,,1.0
2397,gHO_sBM_cAll_d19_mHO2_ch02,5.817189100002949,7.983333333333333,ready,,1.0
2398,gHO_sBM_cAll_d19_mHO2_ch02,5.833916300002826,7.983333333333333,ready,,1.0
2399,gHO_sBM_cAll_d19_mHO2_ch02,5.850464100004542,7.983333333333333,ready,,1.0
2400,gHO_sBM_cAll_d19_mHO2_ch02,5.866834300003615,7.983333333333333,ready,,1.0
2401,gHO_sBM_cAll_d19_mHO2_ch02,5.883519400003063,7.983333333333333,ready,,1.0
2402,gHO_sBM_cAll_d19_mHO2_ch02,5.900204000002343,7.983333333333333,ready,,1.0
2403,gHO_sBM_cAll_d19_mHO2_ch02,5.917218700004961,7.983333333333333,ready,,1.0
2404,gHO_sBM_cAll_d19_mHO2_ch02,5.933680500003029,7.983333333333333,ready,,1.0
2405,gHO_sBM_cAll_d19_mHO2_ch02,5.950453400001642,7.983333333333333,ready,,1.0
2406,gHO_sBM_cAll_d19_mHO2_ch02,5.966856700001734,7.983333333333333,ready,,1.0
2407,gHO_sBM_cAll_d19_mHO2_ch02,5.983777700003918,7.983333333333333,ready,,1.0
2408,gHO_sBM_cAll_d19_mHO2_ch02,6.000309800002502,7.983333333333333,ready,,1.0
2409,gHO_sBM_cAll_d19_mHO2_ch02,6.01694370000499,7.983333333333333,ready,,1.0
2410,gHO_sBM_cAll_d19_mHO2_ch02,6.033563300004093,7.983333333333333,ready,,1.0
2411,gHO_sBM_cAll_d19_mHO2_ch02,6.050386800002373,7.983333333333333,ready,,1.0
2412,gHO_sBM_cAll_d19_mHO2_ch02,6.066958600004939,7.983333333333333,ready,,1.0
2413,gHO_sBM_cAll_d19_mHO2_ch02,6.08357810000328,7.983333333333333,ready,,1.0
2414,gHO_sBM_cAll_d19_mHO2_ch02,6.100506200004957,7.983333333333333,ready,,1.0
2415,gHO_sBM_cAll_d19_mHO2_ch02,6.117222000001702,7.983333333333333,ready,,1.0
2416,gHO_sBM_cAll_d19_mHO2_ch02,6.1339142000042814,7.983333333333333,ready,,1.0
2417,gHO_sBM_cAll_d19_mHO2_ch02,6.150577100002035,7.983333333333333,ready,,1.0
2418,gHO_sBM_cAll_d19_mHO2_ch02,6.1671689000040955,7.983333333333333,ready,,1.0
2419,gHO_sBM_cAll_d19_mHO2_ch02,6.183778700004973,7.983333333333333,ready,,1.0
2420,gHO_sBM_cAll_d19_mHO2_ch02,6.200404600004753,7.983333333333333,ready,,1.0
2421,gHO_sBM_cAll_d19_mHO2_ch02,6.217063900004199,7.983333333333333,ready,,1.0
2422,gHO_sBM_cAll_d19_mHO2_ch02,6.233523900003113,7.983333333333333,ready,,1.0
2423,gHO_sBM_cAll_d19_mHO2_ch02,6.250543900002432,7.983333333333333,ready,,1.0
2424,gHO_sBM_cAll_d19_mHO2_ch02,6.2671492000017865,7.983333333333333,ready,,1.0
2425,gHO_sBM_cAll_d19_mHO2_ch02,6.283843400005043,7.983333333333333,ready,,1.0
2426,gHO_sBM_cAll_d19_mHO2_ch02,6.300503900002712,7.983333333333333,ready,,1.0
2427,gHO_sBM_cAll_d19_mHO2_ch02,6.316834800004488,7.983333333333333,ready,,1.0
2428,gHO_sBM_cAll_d19_mHO2_ch02,6.333528500003937,7.983333333333333,ready,,1.0
2429,gHO_sBM_cAll_d19_mHO2_ch02,6.350125600002698,7.983333333333333,ready,,1.0
2430,gHO_sBM_cAll_d19_mHO2_ch02,6.366825400004941,7.983333333333333,ready,,1.0
2431,gHO_sBM_cAll_d19_mHO2_ch02,6.383576600002028,7.983333333333333,ready,,1.0
2432,gHO_sBM_cAll_d19_mHO2_ch02,6.400166700002058,7.983333333333333,ready,,1.0
2433,gHO_sBM_cAll_d19_mHO2_ch02,6.416785100002937,7.983333333333333,ready,,1.0
2434,gHO_sBM_cAll_d19_mHO2_ch02,6.433906000002945,7.983333333333333,ready,,1.0
2435,gHO_sBM_cAll_d19_mHO2_ch02,6.4505493000042495,7.983333333333333,ready,,1.0
2436,gHO_sBM_cAll_d19_mHO2_ch02,6.467044900005029,7.983333333333333,ready,,1.0
2437,gHO_sBM_cAll_d19_mHO2_ch02,6.483695300002189,7.983333333333333,ready,,1.0
2438,gHO_sBM_cAll_d19_mHO2_ch02,6.500336500002056,7.983333333333333,ready,,1.0
2439,gHO_sBM_cAll_d19_mHO2_ch02,6.517023100002012,7.983333333333333,ready,,1.0
2440,gHO_sBM_cAll_d19_mHO2_ch02,6.5334583000049,7.983333333333333,ready,,1.0
2441,gHO_sBM_cAll_d19_mHO2_ch02,6.550420400003535,7.983333333333333,ready,,1.0
2442,gHO_sBM_cAll_d19_mHO2_ch02,6.567287200004105,7.983333333333333,ready,,1.0
2443,gHO_sBM_cAll_d19_mHO2_ch02,6.58353730000181,7.983333333333333,ready,,1.0
2444,gHO_sBM_cAll_d19_mHO2_ch02,6.6003291000024555,7.983333333333333,ready,,1.0
2445,gHO_sBM_cAll_d19_mHO2_ch02,6.616949300002489,7.983333333333333,ready,,1.0
2446,gHO_sBM_cAll_d19_mHO2_ch02,6.633493400005135,7.983333333333333,ready,,1.0
2447,gHO_sBM_cAll_d19_mHO2_ch02,6.65017990000433,7.983333333333333,ready,,1.0
2448,gHO_sBM_cAll_d19_mHO2_ch02,6.666917000003193,7.983333333333333,ready,,1.0
2449,gHO_sBM_cAll_d19_mHO2_ch02,6.683938700004543,7.983333333333333,ready,,1.0
2450,gHO_sBM_cAll_d19_mHO2_ch02,6.700342400004042,7.983333333333333,ready,,1.0
2451,gHO_sBM_cAll_d19_mHO2_ch02,6.717187100003679,7.983333333333333,ready,,1.0
2452,gHO_sBM_cAll_d19_mHO2_ch02,6.7338554000025335,7.983333333333333,ready,,1.0
2453,gHO_sBM_cAll_d19_mHO2_ch02,6.750222300001944,7.983333333333333,ready,,1.0
2454,gHO_sBM_cAll_d19_mHO2_ch02,6.767373500003479,7.983333333333333,ready,,1.0
2455,gHO_sBM_cAll_d19_mHO2_ch02,6.783559900003629,7.983333333333333,ready,,1.0
2456,gHO_sBM_cAll_d19_mHO2_ch02,6.80026220000308,7.983333333333333,ready,,1.0
2457,gHO_sBM_cAll_d19_mHO2_ch02,6.817282200002399,7.983333333333333,ready,,1.0
2458,gHO_sBM_cAll_d19_mHO2_ch02,6.833517100004417,7.983333333333333,ready,,1.0
2459,gHO_sBM_cAll_d19_mHO2_ch02,6.8501176000036015,7.983333333333333,ready,,1.0
2460,gHO_sBM_cAll_d19_mHO2_ch02,6.8668374000017005,7.983333333333333,ready,,1.0
2461,gHO_sBM_cAll_d19_mHO2_ch02,6.883557000001915,7.983333333333333,ready,,1.0
2462,gHO_sBM_cAll_d19_mHO2_ch02,6.900456000003927,7.983333333333333,ready,,1.0
2463,gHO_sBM_cAll_d19_mHO2_ch02,6.916971100004032,7.983333333333333,ready,,1.0
2464,gHO_sBM_cAll_d19_mHO2_ch02,6.933638400002548,7.983333333333333,ready,,1.0
2465,gHO_sBM_cAll_d19_mHO2_ch02,6.950344600002591,7.983333333333333,ready,,1.0
2466,gHO_sBM_cAll_d19_mHO2_ch02,6.966999200002628,7.983333333333333,ready,,1.0
2467,gHO_sBM_cAll_d19_mHO2_ch02,6.983828900004463,7.983333333333333,ready,,1.0
2468,gHO_sBM_cAll_d19_mHO2_ch02,7.000431700002971,7.983333333333333,ready,,1.0
2469,gHO_sBM_cAll_d19_mHO2_ch02,7.016800800004582,7.983333333333333,ready,,1.0
2470,gHO_sBM_cAll_d19_mHO2_ch02,7.033478000002083,7.983333333333333,ready,,1.0
2471,gHO_sBM_cAll_d19_mHO2_ch02,7.050127600004066,7.983333333333333,ready,,1.0
2472,gHO_sBM_cAll_d19_mHO2_ch02,7.067228100005171,7.983333333333333,ready,,1.0
2473,gHO_sBM_cAll_d19_mHO2_ch02,7.083803500002407,7.983333333333333,ready,,1.0
2474,gHO_sBM_cAll_d19_mHO2_ch02,7.100330100002767,7.983333333333333,ready,,1.0
2475,gHO_sBM_cAll_d19_mHO2_ch02,7.11685150000355,7.983333333333333,ready,,1.0
2476,gHO_sBM_cAll_d19_mHO2_ch02,7.133856500005067,7.983333333333333,ready,,1.0
2477,gHO_sBM_cAll_d19_mHO2_ch02,7.150489400003579,7.983333333333333,ready,,1.0
2478,gHO_sBM_cAll_d19_mHO2_ch02,7.167123000003783,7.983333333333333,ready,,1.0
2479,gHO_sBM_cAll_d19_mHO2_ch02,7.1837788000020435,7.983333333333333,ready,,1.0
2480,gHO_sBM_cAll_d19_mHO2_ch02,7.200305600003927,7.983333333333333,ready,,1.0
2481,gHO_sBM_cAll_d19_mHO2_ch02,7.216818400004708,7.983333333333333,ready,,1.0
2482,gHO_sBM_cAll_d19_mHO2_ch02,7.233469500003561,7.983333333333333,ready,,1.0
2483,gHO_sBM_cAll_d19_mHO2_ch02,7.250120100002244,7.983333333333333,ready,,1.0
2484,gHO_sBM_cAll_d19_mHO2_ch02,7.267051600004344,7.983333333333333,ready,,1.0
2485,gHO_sBM_cAll_d19_mHO2_ch02,7.283517800003175,7.983333333333333,ready,,1.0
2486,gHO_sBM_cAll_d19_mHO2_ch02,7.300292200002295,7.983333333333333,ready,,1.0
2487,gHO_sBM_cAll_d19_mHO2_ch02,7.31684360000232,7.983333333333333,ready,,0.9999999995571168
2488,gHO_sBM_cAll_d19_mHO2_ch02,7.333508700002274,7.983333333333333,ready,,0.9996368652069233
2489,gHO_sBM_cAll_d19_mHO2_ch02,7.350574900004137,7.983333333333333,ready,,0.9971897366868988
2490,gHO_sBM_cAll_d19_mHO2_ch02,7.367113000004752,7.983333333333333,ready,,0.9912213575290161
2491,gHO_sBM_cAll_d19_mHO2_ch02,7.38374410000411,7.983333333333333,ready,,0.9804533798752378
2492,gHO_sBM_cAll_d19_mHO2_ch02,7.400457800003054,7.983333333333333,ready,,0.9639739817765709
2493,gHO_sBM_cAll_d19_mHO2_ch02,7.417097600003174,7.983333333333333,ready,,0.9414159468392171
2494,gHO_sBM_cAll_d19_mHO2_ch02,7.43390220000306,7.983333333333333,ready,,0.9121800793651783
2495,gHO_sBM_cAll_d19_mHO2_ch02,7.450555500004112,7.983333333333333,ready,,0.8768533760691911
2496,gHO_sBM_cAll_d19_mHO2_ch02,7.4670955000046435,7.983333333333333,ready,,0.8357834549391179
2497,gHO_sBM_cAll_d19_mHO2_ch02,7.483745900001804,7.983333333333333,ready,,0.7888995259176925
2498,gHO_sBM_cAll_d19_mHO2_ch02,7.500298100004282,7.983333333333333,ready,,0.7374357869265582
2499,gHO_sBM_cAll_d19_mHO2_ch02,7.516892000004143,7.983333333333333,ready,,0.6817809559238891
2500,gHO_sBM_cAll_d19_mHO2_ch02,7.533505100004683,7.983333333333333,ready,,0.6229048776578751
2501,gHO_sBM_cAll_d19_mHO2_ch02,7.550496100005098,7.983333333333333,ready,,0.5604707014049792
2502,gHO_sBM_cAll_d19_mHO2_ch02,7.5670857000049585,7.983333333333333,ready,,0.49842862792450704
2503,gHO_sBM_cAll_d19_mHO2_ch02,7.583705900004992,7.983333333333333,ready,,0.4363004829631167
2504,gHO_sBM_cAll_d19_mHO2_ch02,7.600443500004023,7.983333333333333,ready,,0.3748698390200523
2505,gHO_sBM_cAll_d19_mHO2_ch02,7.617129100003641,7.983333333333333,ready,,0.31584306561094927
2506,gHO_sBM_cAll_d19_mHO2_ch02,7.63373360000418,7.983333333333333,ready,,0.26030509022562076
2507,gHO_sBM_cAll_d19_mHO2_ch02,7.650261200004879,7.983333333333333,ready,,0.2091032241927126
2508,gHO_sBM_cAll_d19_mHO2_ch02,7.667271300001574,7.983333333333333,ready,,0.1614838298418916
2509,gHO_sBM_cAll_d19_mHO2_ch02,7.683675100001835,7.983333333333333,ready,,0.1210857317160172
2510,gHO_sBM_cAll_d19_mHO2_ch02,7.700166100003968,7.983333333333333,ready,,0.08640534219856268
2511,gHO_sBM_cAll_d19_mHO2_ch02,7.716846300002485,7.983333333333333,ready,,0.0576444549064026
2512,gHO_sBM_cAll_d19_mHO2_ch02,7.733739500003989,7.983333333333333,ready,,0.035025558964625655
2513,gHO_sBM_cAll_d19_mHO2_ch02,7.750257200002064,7.983333333333333,ready,,0.019010409910386973
2514,gHO_sBM_cAll_d19_mHO2_ch02,7.767263300004681,7.983333333333333,ready,,0.008273103950013933
2515,gHO_sBM_cAll_d19_mHO2_ch02,7.783535300001796,7.983333333333333,ready,,0.002627915338899594
2516,gHO_sBM_cAll_d19_mHO2_ch02,7.800407900002875,7.983333333333333,ready,,0.00032728417572109984
2517,gHO_sBM_cAll_d19_mHO2_ch02,7.816666666666666,7.983333333333333,executing,switch_start,0.0
2518,gHO_sBM_cAll_d19_mHO2_ch02,7.816666666666666,7.983333333333333,executing,,0.0
2519,gHO_sBM_cAll_d19_mHO2_ch02,7.816666666666666,7.983333333333333,executing,,0.0
2520,gHO_sBM_cAll_d19_mHO2_ch02,7.816666666666666,7.983333333333333,executing,,0.0
2521,gHO_sBM_cAll_d19_mHO2_ch02,7.816666666666666,7.983333333333333,executing,,0.0
2522,gHO_sBM_cAll_d19_mHO2_ch02,7.816666666666666,7.983333333333333,executing,,0.0
2523,gHO_sBM_cAll_d19_mHO2_ch02,7.816666666666666,7.983333333333333,executing,,0.0
2524,gHO_sBM_cAll_d19_mHO2_ch02,7.816666666666666,7.983333333333333,executing,,0.0
2525,gHO_sBM_cAll_d19_mHO2_ch02,7.816666666666666,7.983333333333333,executing,,0.0
2526,gHO_sBM_cAll_d19_mHO2_ch02,7.816666666666666,7.983333333333333,executing,,0.0
2527,gHO_sBM_cAll_d19_mHO2_ch02,7.816666666666666,7.983333333333333,executing,,0.0
2528,gHO_sBM_cAll_d19_mHO2_ch02,7.816666666666666,7.983333333333333,executing,,0.0
2529,gHO_sBM_cAll_d19_mHO2_ch02,7.816666666666666,7.983333333333333,executing,,0.0
2530,gHO_sBM_cAll_d19_mHO2_ch02,7.816666666666666,7.983333333333333,executing,,0.0
2531,gHO_sBM_cAll_d19_mHO2_ch02,7.816666666666666,7.983333333333333,executing,,0.0
2532,gHO_sBM_cAll_d19_mHO2_ch02,7.816666666666666,7.983333333333333,executing,,0.0
2533,gHO_sBM_cAll_d19_mHO2_ch02,7.816666666666666,7.983333333333333,executing,,0.0
2534,gHO_sBM_cAll_d19_mHO2_ch02,7.816666666666666,7.983333333333333,executing,,0.0
2535,gHO_sBM_cAll_d19_mHO2_ch02,7.816666666666666,7.983333333333333,executing,,0.0
2536,gHO_sBM_cAll_d19_mHO2_ch02,7.816666666666666,7.983333333333333,executing,,0.0
2537,gHO_sBM_cAll_d19_mHO2_ch02,7.816666666666666,7.983333333333333,executing,,0.0
2538,gHO_sBM_cAll_d20_mHO5_ch05,1.2171222000065123,7.083333333333333,awaiting_preparation,switch_complete,7.55190980584277e-09
2539,gHO_sBM_cAll_d20_mHO5_ch05,1.2337848000056206,7.083333333333333,loading,,0.0003809649675164812
2540,gHO_sBM_cAll_d20_mHO5_ch05,1.2504852000051565,7.083333333333333,loading,,0.00278880720316678
2541,gHO_sBM_cAll_d20_mHO5_ch05,1.2670104000057714,7.083333333333333,loading,,0.008728076733220262
2542,gHO_sBM_cAll_d20_mHO5_ch05,1.2837831000065003,7.083333333333333,loading,,0.01957820815453942
2543,gHO_sBM_cAll_d20_mHO5_ch05,1.3006230000059682,7.083333333333333,loading,,0.03621920772671675
2544,gHO_sBM_cAll_d20_mHO5_ch05,1.3168406000035853,7.083333333333333,loading,,0.058187510134535256
2545,gHO_sBM_cAll_d20_mHO5_ch05,1.333624500005923,7.083333333333333,loading,,0.08728398266508225
2546,gHO_sBM_cAll_d20_mHO5_ch05,1.35017860000468,7.083333333333333,loading,,0.12227879223246521
2547,gHO_sBM_cAll_d20_mHO5_ch05,1.3668403000042113,7.083333333333333,loading,,0.16353973759941448
2548,gHO_sBM_cAll_d20_mHO5_ch05,1.3836124000040095,7.083333333333333,loading,,0.2107040990899767
2549,gHO_sBM_cAll_d20_mHO5_ch05,1.4003015000048131,7.083333333333333,loading,,0.2625752293363915
2550,gHO_sBM_cAll_d20_mHO5_ch05,1.417010300006465,7.083333333333333,loading,,0.31862827555644946
2551,gHO_sBM_cAll_d20_mHO5_ch05,1.4337815000066862,7.083333333333333,loading,,0.37809576659671923
2552,gHO_sBM_cAll_d20_mHO5_ch05,1.450457200003681,7.083333333333333,loading,,0.43938464458508014
2553,gHO_sBM_cAll_d20_mHO5_ch05,1.4669015000067398,7.083333333333333,loading,,0.5008806245072634
2554,gHO_sBM_cAll_d20_mHO5_ch05,1.4837685000051957,7.083333333333333,loading,,0.5639320831181697
2555,gHO_sBM_cAll_d20_mHO5_ch05,1.5007272000034086,7.083333333333333,loading,,0.6261552294047384
2556,gHO_sBM_cAll_d20_mHO5_ch05,1.5167951000034614,7.083333333333333,loading,,0.6830037705255013
2557,gHO_sBM_cAll_d20_mHO5_ch05,1.5337885000039628,7.083333333333333,loading,,0.7398721959026135
2558,gHO_sBM_cAll_d20_mHO5_ch05,1.5502776000061809,7.083333333333333,loading,,0.7909452897635162
2559,gHO_sBM_cAll_d20_mHO5_ch05,1.566910400003932,7.083333333333333,preparing,,0.8375643192977038
2560,gHO_sBM_cAll_d20_mHO5_ch05,1.5835785000049023,7.083333333333333,preparing,,0.8786932390536779
2561,gHO_sBM_cAll_d20_mHO5_ch05,1.600363500004702,7.083333333333333,preparing,,0.9139724832706421
2562,gHO_sBM_cAll_d20_mHO5_ch05,1.6173117000066364,7.083333333333333,preparing,,0.9430659789904805
2563,gHO_sBM_cAll_d20_mHO5_ch05,1.6338566000044616,7.083333333333333,preparing,,0.965108765171838
2564,gHO_sBM_cAll_d20_mHO5_ch05,1.6502031000049706,7.083333333333333,preparing,,0.9809464989890718
2565,gHO_sBM_cAll_d20_mHO5_ch05,1.6669668000062907,7.083333333333333,preparing,,0.9915850875081544
2566,gHO_sBM_cAll_d20_mHO5_ch05,1.6838119000053362,7.083333333333333,preparing,,0.9974351248168646
2567,gHO_sBM_cAll_d20_mHO5_ch05,1.7003132000058636,7.083333333333333,preparing,,0.9996670604085282
2568,gHO_sBM_cAll_d20_mHO5_ch05,1.7168733000066518,7.083333333333333,preparing,,1.0
2569,gHO_sBM_cAll_d20_mHO5_ch05,1.7338887000036871,7.083333333333333,preparing,,1.0
2570,gHO_sBM_cAll_d20_mHO5_ch05,1.7505992000037318,7.083333333333333,preparing,,1.0
2571,gHO_sBM_cAll_d20_mHO5_ch05,1.7672911000040281,7.083333333333333,preparing,,1.0
2572,gHO_sBM_cAll_d20_mHO5_ch05,1.7835994000047017,7.083333333333333,preparing,,1.0
2573,gHO_sBM_cAll_d20_mHO5_ch05,1.8005264000052799,7.083333333333333,preparing,,1.0
2574,gHO_sBM_cAll_d20_mHO5_ch05,1.817234800003886,7.083333333333333,preparing,,1.0
2575,gHO_sBM_cAll_d20_mHO5_ch05,1.8338531000040044,7.083333333333333,preparing,,1.0
2576,gHO_sBM_cAll_d20_mHO5_ch05,1.8505623000050642,7.083333333333333,preparing,,1.0
2577,gHO_sBM_cAll_d20_mHO5_ch05,1.8670186000049094,7.083333333333333,preparing,,1.0
2578,gHO_sBM_cAll_d20_mHO5_ch05,1.883683900006387,7.083333333333333,preparing,,1.0
2579,gHO_sBM_cAll_d20_mHO5_ch05,1.90026290000557,7.083333333333333,preparing,,1.0
2580,gHO_sBM_cAll_d20_mHO5_ch05,1.9172422000042084,7.083333333333333,preparing,,1.0
2581,gHO_sBM_cAll_d20_mHO5_ch05,1.933697500003715,7.083333333333333,preparing,,1.0
2582,gHO_sBM_cAll_d20_mHO5_ch05,1.950497100005547,7.083333333333333,preparing,,1.0
2583,gHO_sBM_cAll_d20_mHO5_ch05,1.9671870000051663,7.083333333333333,preparing,,1.0
2584,gHO_sBM_cAll_d20_mHO5_ch05,1.983988300005391,7.083333333333333,preparing,,1.0
2585,gHO_sBM_cAll_d20_mHO5_ch05,2.000485100004395,7.083333333333333,preparing,,1.0
2586,gHO_sBM_cAll_d20_mHO5_ch05,2.0170106000036565,7.083333333333333,preparing,,1.0
2587,gHO_sBM_cAll_d20_mHO5_ch05,2.0336627000064866,7.083333333333333,preparing,,1.0
2588,gHO_sBM_cAll_d20_mHO5_ch05,2.0506598000060587,7.083333333333333,preparing,,1.0
2589,gHO_sBM_cAll_d20_mHO5_ch05,2.0668457000060414,7.083333333333333,preparing,,1.0
2590,gHO_sBM_cAll_d20_mHO5_ch05,2.0836055000031317,7.083333333333333,preparing,,1.0
2591,gHO_sBM_cAll_d20_mHO5_ch05,2.101559100006371,7.083333333333333,ready,,1.0
2592,gHO_sBM_cAll_d20_mHO5_ch05,2.117025300004999,7.083333333333333,ready,,1.0
2593,gHO_sBM_cAll_d20_mHO5_ch05,2.1338111000036153,7.083333333333333,ready,,1.0
2594,gHO_sBM_cAll_d20_mHO5_ch05,2.1503118000032124,7.083333333333333,ready,,1.0
2595,gHO_sBM_cAll_d20_mHO5_ch05,2.167226100005313,7.083333333333333,ready,,1.0
2596,gHO_sBM_cAll_d20_mHO5_ch05,2.1836247000059976,7.083333333333333,ready,,1.0
2597,gHO_sBM_cAll_d20_mHO5_ch05,2.20056570000404,7.083333333333333,ready,,1.0
2598,gHO_sBM_cAll_d20_mHO5_ch05,2.216831200006232,7.083333333333333,ready,,1.0
2599,gHO_sBM_cAll_d20_mHO5_ch05,2.233587200003491,7.083333333333333,ready,,1.0
2600,gHO_sBM_cAll_d20_mHO5_ch05,2.2502644000046326,7.083333333333333,ready,,1.0
2601,gHO_sBM_cAll_d20_mHO5_ch05,2.2672722000056442,7.083333333333333,ready,,1.0
2602,gHO_sBM_cAll_d20_mHO5_ch05,2.28381930000567,7.083333333333333,ready,,1.0
2603,gHO_sBM_cAll_d20_mHO5_ch05,2.3003979000054455,7.083333333333333,ready,,1.0
2604,gHO_sBM_cAll_d20_mHO5_ch05,2.3170043000059013,7.083333333333333,ready,,1.0
2605,gHO_sBM_cAll_d20_mHO5_ch05,2.333889800003345,7.083333333333333,ready,,1.0
2606,gHO_sBM_cAll_d20_mHO5_ch05,2.3503663000042083,7.083333333333333,ready,,1.0
2607,gHO_sBM_cAll_d20_mHO5_ch05,2.3673255000062294,7.083333333333333,ready,,1.0
2608,gHO_sBM_cAll_d20_mHO5_ch05,2.3835703000035964,7.083333333333333,ready,,1.0
2609,gHO_sBM_cAll_d20_mHO5_ch05,2.400598400006387,7.083333333333333,ready,,1.0
2610,gHO_sBM_cAll_d20_mHO5_ch05,2.417285400005753,7.083333333333333,ready,,1.0
2611,gHO_sBM_cAll_d20_mHO5_ch05,2.433639900005333,7.083333333333333,ready,,1.0
2612,gHO_sBM_cAll_d20_mHO5_ch05,2.450198600006375,7.083333333333333,ready,,1.0
2613,gHO_sBM_cAll_d20_mHO5_ch05,2.467223600003751,7.083333333333333,ready,,1.0
2614,gHO_sBM_cAll_d20_mHO5_ch05,2.4835948000031633,7.083333333333333,ready,,1.0
2615,gHO_sBM_cAll_d20_mHO5_ch05,2.5007063000043566,7.083333333333333,ready,,1.0
2616,gHO_sBM_cAll_d20_mHO5_ch05,2.516962000004686,7.083333333333333,ready,,1.0
2617,gHO_sBM_cAll_d20_mHO5_ch05,2.533508700005304,7.083333333333333,ready,,1.0
2618,gHO_sBM_cAll_d20_mHO5_ch05,2.55055520000632,7.083333333333333,ready,,1.0
2619,gHO_sBM_cAll_d20_mHO5_ch05,2.567235600006362,7.083333333333333,ready,,1.0
2620,gHO_sBM_cAll_d20_mHO5_ch05,2.5836971000057853,7.083333333333333,ready,,1.0
2621,gHO_sBM_cAll_d20_mHO5_ch05,2.6009011000055513,7.083333333333333,ready,,1.0
2622,gHO_sBM_cAll_d20_mHO5_ch05,2.616909200005005,7.083333333333333,ready,,1.0
2623,gHO_sBM_cAll_d20_mHO5_ch05,2.633581400004454,7.083333333333333,ready,,1.0
2624,gHO_sBM_cAll_d20_mHO5_ch05,2.6506026000056364,7.083333333333333,ready,,1.0
2625,gHO_sBM_cAll_d20_mHO5_ch05,2.6671408000033767,7.083333333333333,ready,,1.0
2626,gHO_sBM_cAll_d20_mHO5_ch05,2.6838904000064727,7.083333333333333,ready,,1.0
2627,gHO_sBM_cAll_d20_mHO5_ch05,2.7002392000063056,7.083333333333333,ready,,1.0
2628,gHO_sBM_cAll_d20_mHO5_ch05,2.7168368000052374,7.083333333333333,ready,,1.0
2629,gHO_sBM_cAll_d20_mHO5_ch05,2.7335203000034185,7.083333333333333,ready,,1.0
2630,gHO_sBM_cAll_d20_mHO5_ch05,2.7505690000066347,7.083333333333333,ready,,1.0
2631,gHO_sBM_cAll_d20_mHO5_ch05,2.767281400006596,7.083333333333333,ready,,1.0
2632,gHO_sBM_cAll_d20_mHO5_ch05,2.7834878000062426,7.083333333333333,ready,,1.0
2633,gHO_sBM_cAll_d20_mHO5_ch05,2.8001972000051882,7.083333333333333,ready,,1.0
2634,gHO_sBM_cAll_d20_mHO5_ch05,2.8172794000051935,7.083333333333333,ready,,1.0
2635,gHO_sBM_cAll_d20_mHO5_ch05,2.833467500003738,7.083333333333333,ready,,1.0
2636,gHO_sBM_cAll_d20_mHO5_ch05,2.8505006000045836,7.083333333333333,ready,,1.0
2637,gHO_sBM_cAll_d20_mHO5_ch05,2.866859200006279,7.083333333333333,ready,,1.0
2638,gHO_sBM_cAll_d20_mHO5_ch05,2.8838086000064376,7.083333333333333,ready,,1.0
2639,gHO_sBM_cAll_d20_mHO5_ch05,2.900502100004366,7.083333333333333,ready,,1.0
2640,gHO_sBM_cAll_d20_mHO5_ch05,2.9169846000036226,7.083333333333333,ready,,1.0
2641,gHO_sBM_cAll_d20_mHO5_ch05,2.9338311000060533,7.083333333333333,ready,,1.0
2642,gHO_sBM_cAll_d20_mHO5_ch05,2.9505613000033093,7.083333333333333,ready,,1.0
2643,gHO_sBM_cAll_d20_mHO5_ch05,2.967170600004019,7.083333333333333,ready,,1.0
2644,gHO_sBM_cAll_d20_mHO5_ch05,2.9838444000047373,7.083333333333333,ready,,1.0
2645,gHO_sBM_cAll_d20_mHO5_ch05,3.0004057000037494,7.083333333333333,ready,,1.0
2646,gHO_sBM_cAll_d20_mHO5_ch05,3.0169727000061464,7.083333333333333,ready,,1.0
2647,gHO_sBM_cAll_d20_mHO5_ch05,3.033586800003388,7.083333333333333,ready,,1.0
2648,gHO_sBM_cAll_d20_mHO5_ch05,3.050587400004145,7.083333333333333,ready,,1.0
2649,gHO_sBM_cAll_d20_mHO5_ch05,3.0672685000058793,7.083333333333333,ready,,1.0
2650,gHO_sBM_cAll_d20_mHO5_ch05,3.0837331000034416,7.083333333333333,ready,,1.0
2651,gHO_sBM_cAll_d20_mHO5_ch05,3.1003415000045744,7.083333333333333,ready,,1.0
2652,gHO_sBM_cAll_d20_mHO5_ch05,3.1170173000059695,7.083333333333333,ready,,1.0
2653,gHO_sBM_cAll_d20_mHO5_ch05,3.13355770000591,7.083333333333333,ready,,1.0
2654,gHO_sBM_cAll_d20_mHO5_ch05,3.1501632000067885,7.083333333333333,ready,,1.0
2655,gHO_sBM_cAll_d20_mHO5_ch05,3.1672685000044276,7.083333333333333,ready,,1.0
2656,gHO_sBM_cAll_d20_mHO5_ch05,3.1838114000052142,7.083333333333333,ready,,1.0
2657,gHO_sBM_cAll_d20_mHO5_ch05,3.2002632000035365,7.083333333333333,ready,,1.0
2658,gHO_sBM_cAll_d20_mHO5_ch05,3.216911400005774,7.083333333333333,ready,,1.0
2659,gHO_sBM_cAll_d20_mHO5_ch05,3.2335306000054698,7.083333333333333,ready,,1.0
2660,gHO_sBM_cAll_d20_mHO5_ch05,3.25050460000377,7.083333333333333,ready,,1.0
2661,gHO_sBM_cAll_d20_mHO5_ch05,3.2668800000060596,7.083333333333333,ready,,1.0
2662,gHO_sBM_cAll_d20_mHO5_ch05,3.2835083000059258,7.083333333333333,ready,,1.0
2663,gHO_sBM_cAll_d20_mHO5_ch05,3.3004322000047277,7.083333333333333,ready,,1.0
2664,gHO_sBM_cAll_d20_mHO5_ch05,3.3170181000055194,7.083333333333333,ready,,1.0
2665,gHO_sBM_cAll_d20_mHO5_ch05,3.3335027000062145,7.083333333333333,ready,,1.0
2666,gHO_sBM_cAll_d20_mHO5_ch05,3.3503438000039067,7.083333333333333,ready,,1.0
2667,gHO_sBM_cAll_d20_mHO5_ch05,3.3669473000041084,7.083333333333333,ready,,1.0
2668,gHO_sBM_cAll_d20_mHO5_ch05,3.3838463000061223,7.083333333333333,ready,,1.0
2669,gHO_sBM_cAll_d20_mHO5_ch05,3.4004307000064062,7.083333333333333,ready,,1.0
2670,gHO_sBM_cAll_d20_mHO5_ch05,3.4170753000066973,7.083333333333333,ready,,1.0
2671,gHO_sBM_cAll_d20_mHO5_ch05,3.4337747000058956,7.083333333333333,ready,,1.0
2672,gHO_sBM_cAll_d20_mHO5_ch05,3.450125400005644,7.083333333333333,ready,,1.0
2673,gHO_sBM_cAll_d20_mHO5_ch05,3.4670521000039387,7.083333333333333,ready,,1.0
2674,gHO_sBM_cAll_d20_mHO5_ch05,3.4834524000066542,7.083333333333333,ready,,1.0
2675,gHO_sBM_cAll_d20_mHO5_ch05,3.5003610000053698,7.083333333333333,ready,,1.0
2676,gHO_sBM_cAll_d20_mHO5_ch05,3.517325700005615,7.083333333333333,ready,,1.0
2677,gHO_sBM_cAll_d20_mHO5_ch05,3.533909900004376,7.083333333333333,ready,,1.0
2678,gHO_sBM_cAll_d20_mHO5_ch05,3.5503354000061638,7.083333333333333,ready,,1.0
2679,gHO_sBM_cAll_d20_mHO5_ch05,3.566956900005183,7.083333333333333,ready,,1.0
2680,gHO_sBM_cAll_d20_mHO5_ch05,3.583566400003778,7.083333333333333,ready,,1.0
2681,gHO_sBM_cAll_d20_mHO5_ch05,3.600573400005974,7.083333333333333,ready,,1.0
2682,gHO_sBM_cAll_d20_mHO5_ch05,3.6168741000033475,7.083333333333333,ready,,1.0
2683,gHO_sBM_cAll_d20_mHO5_ch05,3.6339183000050403,7.083333333333333,ready,,1.0
2684,gHO_sBM_cAll_d20_mHO5_ch05,3.6505843000045726,7.083333333333333,ready,,1.0
2685,gHO_sBM_cAll_d20_mHO5_ch05,3.6668093000039677,7.083333333333333,ready,,1.0
2686,gHO_sBM_cAll_d20_mHO5_ch05,3.683459500003244,7.083333333333333,ready,,1.0
2687,gHO_sBM_cAll_d20_mHO5_ch05,3.700535200004687,7.083333333333333,ready,,1.0
2688,gHO_sBM_cAll_d20_mHO5_ch05,3.717174500004639,7.083333333333333,ready,,1.0
2689,gHO_sBM_cAll_d20_mHO5_ch05,3.733765300006362,7.083333333333333,ready,,1.0
2690,gHO_sBM_cAll_d20_mHO5_ch05,3.7502910000035086,7.083333333333333,ready,,1.0
2691,gHO_sBM_cAll_d20_mHO5_ch05,3.766870700004384,7.083333333333333,ready,,1.0
2692,gHO_sBM_cAll_d20_mHO5_ch05,3.783561200004935,7.083333333333333,ready,,1.0
2693,gHO_sBM_cAll_d20_mHO5_ch05,3.80019370000404,7.083333333333333,ready,,1.0
2694,gHO_sBM_cAll_d20_mHO5_ch05,3.816880200003237,7.083333333333333,ready,,1.0
2695,gHO_sBM_cAll_d20_mHO5_ch05,3.8336363000048954,7.083333333333333,ready,,1.0
2696,gHO_sBM_cAll_d20_mHO5_ch05,3.850193100006022,7.083333333333333,ready,,1.0
2697,gHO_sBM_cAll_d20_mHO5_ch05,3.8670386000044763,7.083333333333333,ready,,1.0
2698,gHO_sBM_cAll_d20_mHO5_ch05,3.883694100004092,7.083333333333333,ready,,1.0
2699,gHO_sBM_cAll_d20_mHO5_ch05,3.9002780000042065,7.083333333333333,ready,,1.0
2700,gHO_sBM_cAll_d20_mHO5_ch05,3.917054400004006,7.083333333333333,ready,,1.0
2701,gHO_sBM_cAll_d20_mHO5_ch05,3.9337278000053164,7.083333333333333,ready,,1.0
2702,gHO_sBM_cAll_d20_mHO5_ch05,3.9502662000045796,7.083333333333333,ready,,1.0
2703,gHO_sBM_cAll_d20_mHO5_ch05,3.967282800003477,7.083333333333333,ready,,1.0
2704,gHO_sBM_cAll_d20_mHO5_ch05,3.9835510000044003,7.083333333333333,ready,,1.0
2705,gHO_sBM_cAll_d20_mHO5_ch05,4.00025050000436,7.083333333333333,ready,,1.0
2706,gHO_sBM_cAll_d20_mHO5_ch05,4.016788500004214,7.083333333333333,ready,,1.0
2707,gHO_sBM_cAll_d20_mHO5_ch05,4.033468100005439,7.083333333333333,ready,,1.0
2708,gHO_sBM_cAll_d20_mHO5_ch05,4.05044120000416,7.083333333333333,ready,,1.0
2709,gHO_sBM_cAll_d20_mHO5_ch05,4.067024700004866,7.083333333333333,ready,,1.0
2710,gHO_sBM_cAll_d20_mHO5_ch05,4.083647400005745,7.083333333333333,ready,,1.0
2711,gHO_sBM_cAll_d20_mHO5_ch05,4.1004537000040235,7.083333333333333,ready,,1.0
2712,gHO_sBM_cAll_d20_mHO5_ch05,4.117164800004998,7.083333333333333,ready,,1.0
2713,gHO_sBM_cAll_d20_mHO5_ch05,4.133835000003768,7.083333333333333,ready,,1.0
2714,gHO_sBM_cAll_d20_mHO5_ch05,4.1504401000052376,7.083333333333333,ready,,1.0
2715,gHO_sBM_cAll_d20_mHO5_ch05,4.16705280000637,7.083333333333333,ready,,1.0
2716,gHO_sBM_cAll_d20_mHO5_ch05,4.1836765000039495,7.083333333333333,ready,,1.0
2717,gHO_sBM_cAll_d20_mHO5_ch05,4.200300900003222,7.083333333333333,ready,,1.0
2718,gHO_sBM_cAll_d20_mHO5_ch05,4.217251100005832,7.083333333333333,ready,,1.0
2719,gHO_sBM_cAll_d20_mHO5_ch05,4.233849300005693,7.083333333333333,ready,,1.0
2720,gHO_sBM_cAll_d20_mHO5_ch05,4.250458200003356,7.083333333333333,ready,,1.0
2721,gHO_sBM_cAll_d20_mHO5_ch05,4.267167900004584,7.083333333333333,ready,,1.0
2722,gHO_sBM_cAll_d20_mHO5_ch05,4.2838388000050465,7.083333333333333,ready,,1.0
2723,gHO_sBM_cAll_d20_mHO5_ch05,4.300377000006423,7.083333333333333,ready,,1.0
2724,gHO_sBM_cAll_d20_mHO5_ch05,4.317078100004013,7.083333333333333,ready,,1.0
2725,gHO_sBM_cAll_d20_mHO5_ch05,4.3336943000063295,7.083333333333333,ready,,1.0
2726,gHO_sBM_cAll_d20_mHO5_ch05,4.350374600005608,7.083333333333333,ready,,1.0
2727,gHO_sBM_cAll_d20_mHO5_ch05,4.367036200004377,7.083333333333333,ready,,1.0
2728,gHO_sBM_cAll_d20_mHO5_ch05,4.383511200004731,7.083333333333333,ready,,1.0
2729,gHO_sBM_cAll_d20_mHO5_ch05,4.400186800004602,7.083333333333333,ready,,1.0
2730,gHO_sBM_cAll_d20_mHO5_ch05,4.416839900004131,7.083333333333333,ready,,1.0
2731,gHO_sBM_cAll_d20_mHO5_ch05,4.433914100005064,7.083333333333333,ready,,1.0
2732,gHO_sBM_cAll_d20_mHO5_ch05,4.45051840000408,7.083333333333333,ready,,1.0
2733,gHO_sBM_cAll_d20_mHO5_ch05,4.467133600006059,7.083333333333333,ready,,1.0
2734,gHO_sBM_cAll_d20_mHO5_ch05,4.483497600005215,7.083333333333333,ready,,1.0
2735,gHO_sBM_cAll_d20_mHO5_ch05,4.500331300004766,7.083333333333333,ready,,1.0
2736,gHO_sBM_cAll_d20_mHO5_ch05,4.516835600006308,7.083333333333333,ready,,1.0
2737,gHO_sBM_cAll_d20_mHO5_ch05,4.533480300003721,7.083333333333333,ready,,1.0
2738,gHO_sBM_cAll_d20_mHO5_ch05,4.55012330000638,7.083333333333333,ready,,1.0
2739,gHO_sBM_cAll_d20_mHO5_ch05,4.56722770000444,7.083333333333333,ready,,1.0
2740,gHO_sBM_cAll_d20_mHO5_ch05,4.583844400003288,7.083333333333333,ready,,1.0
2741,gHO_sBM_cAll_d20_mHO5_ch05,4.600600500004945,7.083333333333333,ready,,1.0
2742,gHO_sBM_cAll_d20_mHO5_ch05,4.6171441000037845,7.083333333333333,ready,,1.0
2743,gHO_sBM_cAll_d20_mHO5_ch05,4.633905200003496,7.083333333333333,ready,,1.0
2744,gHO_sBM_cAll_d20_mHO5_ch05,4.650605600006669,7.083333333333333,ready,,1.0
2745,gHO_sBM_cAll_d20_mHO5_ch05,4.667275600003916,7.083333333333333,ready,,1.0
2746,gHO_sBM_cAll_d20_mHO5_ch05,4.683523000006527,7.083333333333333,ready,,1.0
2747,gHO_sBM_cAll_d20_mHO5_ch05,4.700569800006188,7.083333333333333,ready,,1.0
2748,gHO_sBM_cAll_d20_mHO5_ch05,4.717199200003515,7.083333333333333,ready,,1.0
2749,gHO_sBM_cAll_d20_mHO5_ch05,4.73348730000317,7.083333333333333,ready,,1.0
2750,gHO_sBM_cAll_d20_mHO5_ch05,4.750179900005158,7.083333333333333,ready,,1.0
2751,gHO_sBM_cAll_d20_mHO5_ch05,4.766853300006466,7.083333333333333,ready,,1.0
2752,gHO_sBM_cAll_d20_mHO5_ch05,4.78352320000659,7.083333333333333,ready,,1.0
2753,gHO_sBM_cAll_d20_mHO5_ch05,4.800576500004813,7.083333333333333,ready,,1.0
2754,gHO_sBM_cAll_d20_mHO5_ch05,4.817252500004091,7.083333333333333,ready,,1.0
2755,gHO_sBM_cAll_d20_mHO5_ch05,4.833976400004306,7.083333333333333,ready,,1.0
2756,gHO_sBM_cAll_d20_mHO5_ch05,4.850773300003768,7.083333333333333,ready,,1.0
2757,gHO_sBM_cAll_d20_mHO5_ch05,4.867208500006655,7.083333333333333,ready,,1.0
2758,gHO_sBM_cAll_d20_mHO5_ch05,4.883512300005805,7.083333333333333,ready,,1.0
2759,gHO_sBM_cAll_d20_mHO5_ch05,4.900300500004504,7.083333333333333,ready,,1.0
2760,gHO_sBM_cAll_d20_mHO5_ch05,4.917173900004398,7.083333333333333,ready,,1.0
2761,gHO_sBM_cAll_d20_mHO5_ch05,4.933515200005329,7.083333333333333,ready,,1.0
2762,gHO_sBM_cAll_d20_mHO5_ch05,4.950140300006293,7.083333333333333,ready,,1.0
2763,gHO_sBM_cAll_d20_mHO5_ch05,4.96684830000549,7.083333333333333,ready,,1.0
2764,gHO_sBM_cAll_d20_mHO5_ch05,4.983910400005238,7.083333333333333,ready,,1.0
2765,gHO_sBM_cAll_d20_mHO5_ch05,5.000535600003325,7.083333333333333,ready,,1.0
2766,gHO_sBM_cAll_d20_mHO5_ch05,5.01717350000353,7.083333333333333,ready,,1.0
2767,gHO_sBM_cAll_d20_mHO5_ch05,5.033756300006181,7.083333333333333,ready,,1.0
2768,gHO_sBM_cAll_d20_mHO5_ch05,5.050296600005359,7.083333333333333,ready,,1.0
2769,gHO_sBM_cAll_d20_mHO5_ch05,5.0668165000056336,7.083333333333333,ready,,1.0
2770,gHO_sBM_cAll_d20_mHO5_ch05,5.0835387000038175,7.083333333333333,ready,,1.0
2771,gHO_sBM_cAll_d20_mHO5_ch05,5.100403000003541,7.083333333333333,ready,,1.0
2772,gHO_sBM_cAll_d20_mHO5_ch05,5.116966300003229,7.083333333333333,ready,,1.0
2773,gHO_sBM_cAll_d20_mHO5_ch05,5.133789200004217,7.083333333333333,ready,,1.0
2774,gHO_sBM_cAll_d20_mHO5_ch05,5.150314800004239,7.083333333333333,ready,,1.0
2775,gHO_sBM_cAll_d20_mHO5_ch05,5.1668523000039235,7.083333333333333,ready,,0.9999999994885344
2776,gHO_sBM_cAll_d20_mHO5_ch05,5.183552100006166,7.083333333333333,ready,,0.999634099488654
2777,gHO_sBM_cAll_d20_mHO5_ch05,5.20041160000572,7.083333333333333,ready,,0.9972287191515279
2778,gHO_sBM_cAll_d20_mHO5_ch05,5.217058900004741,7.083333333333333,ready,,0.9912480431435763
2779,gHO_sBM_cAll_d20_mHO5_ch05,5.233712500004439,7.083333333333333,ready,,0.9804789515231833
2780,gHO_sBM_cAll_d20_mHO5_ch05,5.250252400004209,7.083333333333333,ready,,0.9642133351494616
2781,gHO_sBM_cAll_d20_mHO5_ch05,5.267255300004288,7.083333333333333,ready,,0.9411718670023776
2782,gHO_sBM_cAll_d20_mHO5_ch05,5.2835147000036855,7.083333333333333,ready,,0.9129274353779576
2783,gHO_sBM_cAll_d20_mHO5_ch05,5.300506500006555,7.083333333333333,ready,,0.8769663767664458
2784,gHO_sBM_cAll_d20_mHO5_ch05,5.317213200003129,7.083333333333333,ready,,0.8354708653130776
2785,gHO_sBM_cAll_d20_mHO5_ch05,5.3338323000057,7.083333333333333,ready,,0.7886428272912311
2786,gHO_sBM_cAll_d20_mHO5_ch05,5.3505118000061636,7.083333333333333,ready,,0.7367430501131127
2787,gHO_sBM_cAll_d20_mHO5_ch05,5.367078800004921,7.083333333333333,ready,,0.6811346912900643
2788,gHO_sBM_cAll_d20_mHO5_ch05,5.3837407000059745,7.083333333333333,ready,,0.6220519780531082
2789,gHO_sBM_cAll_d20_mHO5_ch05,5.4004096000057595,7.083333333333333,ready,,0.5607923533591377
2790,gHO_sBM_cAll_d20_mHO5_ch05,5.417223000003531,7.083333333333333,ready,,0.49791375687430617
2791,gHO_sBM_cAll_d20_mHO5_ch05,5.433954400006285,7.083333333333333,ready,,0.4353773719367434
2792,gHO_sBM_cAll_d20_mHO5_ch05,5.450633200005056,7.083333333333333,ready,,0.3741843413018656
2793,gHO_sBM_cAll_d20_mHO5_ch05,5.467267700004837,7.083333333333333,ready,,0.31536491716814097
2794,gHO_sBM_cAll_d20_mHO5_ch05,5.483510500005163,7.083333333333333,ready,,0.2610260000357797
2795,gHO_sBM_cAll_d20_mHO5_ch05,5.500230700006308,7.083333333333333,ready,,0.20919346105165482
2796,gHO_sBM_cAll_d20_mHO5_ch05,5.5172463000048655,7.083333333333333,ready,,0.16154968085296756
2797,gHO_sBM_cAll_d20_mHO5_ch05,5.533686300004285,7.083333333333333,ready,,0.12106011836976534
2798,gHO_sBM_cAll_d20_mHO5_ch05,5.550643000005458,7.083333333333333,ready,,0.08549407804665647
2799,gHO_sBM_cAll_d20_mHO5_ch05,5.567055900005889,7.083333333333333,ready,,0.057323882708808095
2800,gHO_sBM_cAll_d20_mHO5_ch05,5.583520400006327,7.083333333333333,ready,,0.03527770354157103
2801,gHO_sBM_cAll_d20_mHO5_ch05,5.600500700005303,7.083333333333333,ready,,0.01881719529751386
2802,gHO_sBM_cAll_d20_mHO5_ch05,5.617280100006116,7.083333333333333,ready,,0.008265114111077406
2803,gHO_sBM_cAll_d20_mHO5_ch05,5.633524300006189,7.083333333333333,ready,,0.0026304426912258593
2804,gHO_sBM_cAll_d20_mHO5_ch05,5.650161900004109,7.083333333333333,ready,,0.0003421073155872032
2805,gHO_sBM_cAll_d20_mHO5_ch05,5.666666666666667,7.083333333333333,executing,switch_start,0.0
2806,gHO_sBM_cAll_d20_mHO5_ch05,5.666666666666667,7.083333333333333,executing,,0.0
2807,gHO_sBM_cAll_d20_mHO5_ch05,5.666666666666667,7.083333333333333,executing,,0.0
2808,gHO_sBM_cAll_d20_mHO5_ch05,5.666666666666667,7.083333333333333,executing,,0.0
2809,gHO_sBM_cAll_d20_mHO5_ch05,5.666666666666667,7.083333333333333,executing,,0.0
2810,gHO_sBM_cAll_d20_mHO5_ch05,5.666666666666667,7.083333333333333,executing,,0.0
2811,gHO_sBM_cAll_d20_mHO5_ch05,5.666666666666667,7.083333333333333,executing,,0.0
2812,gHO_sBM_cAll_d20_mHO5_ch05,5.666666666666667,7.083333333333333,executing,,0.0
2813,gHO_sBM_cAll_d20_mHO5_ch05,5.666666666666667,7.083333333333333,executing,,0.0
2814,gHO_sBM_cAll_d20_mHO5_ch05,5.666666666666667,7.083333333333333,executing,,0.0
2815,gHO_sBM_cAll_d20_mHO5_ch05,5.666666666666667,7.083333333333333,executing,,0.0
2816,gHO_sBM_cAll_d20_mHO5_ch05,5.666666666666667,7.083333333333333,executing,,0.0
2817,gHO_sBM_cAll_d20_mHO5_ch05,5.666666666666667,7.083333333333333,executing,,0.0
2818,gHO_sBM_cAll_d20_mHO5_ch05,5.666666666666667,7.083333333333333,executing,,0.0
2819,gHO_sBM_cAll_d20_mHO5_ch05,5.666666666666667,7.083333333333333,executing,,0.0
2820,gHO_sBM_cAll_d20_mHO5_ch05,5.666666666666667,7.083333333333333,executing,,0.0
2821,gHO_sBM_cAll_d20_mHO5_ch05,5.666666666666667,7.083333333333333,executing,,0.0
2822,gHO_sBM_cAll_d20_mHO5_ch05,5.666666666666667,7.083333333333333,executing,,0.0
2823,gHO_sBM_cAll_d20_mHO5_ch05,5.666666666666667,7.083333333333333,executing,,0.0
2824,gHO_sBM_cAll_d20_mHO5_ch05,5.666666666666667,7.083333333333333,executing,,0.0
2825,gHO_sBM_cAll_d20_mHO5_ch05,5.666666666666667,7.083333333333333,executing,,0.0
2826,gHO_sBM_cAll_d19_mHO2_ch02,1.317014800007261,7.983333333333333,awaiting_preparation,switch_complete,3.3718880852394337e-09
2827,gHO_sBM_cAll_d19_mHO2_ch02,1.3337510000065473,7.983333333333333,preparing,,0.0003787521015934265
2828,gHO_sBM_cAll_d19_mHO2_ch02,1.3504605000062535,7.983333333333333,preparing,,0.002782917498967217
2829,gHO_sBM_cAll_d19_mHO2_ch02,1.367142100004518,7.983333333333333,preparing,,0.008793017505579048
2830,gHO_sBM_cAll_d19_mHO2_ch02,1.3834895000046041,7.983333333333333,preparing,,0.019341168985069903
2831,gHO_sBM_cAll_d19_mHO2_ch02,1.400161900005575,7.983333333333333,preparing,,0.035681502722808976
2832,gHO_sBM_cAll_d19_mHO2_ch02,1.41730770000601,7.983333333333333,preparing,,0.05890936186937663
2833,gHO_sBM_cAll_d19_mHO2_ch02,1.4335495000059988,7.983333333333333,preparing,,0.08713954156563665
2834,gHO_sBM_cAll_d19_mHO2_ch02,1.4505858000057439,7.983333333333333,preparing,,0.1232165261372487
2835,gHO_sBM_cAll_d19_mHO2_ch02,1.467294400005873,7.983333333333333,preparing,,0.16474494927099342
2836,gHO_sBM_cAll_d19_mHO2_ch02,1.483952300005573,7.983333333333333,preparing,,0.21171391770842868
2837,gHO_sBM_cAll_d19_mHO2_ch02,1.5004886000070352,7.983333333333333,preparing,,0.2631817113603657
2838,gHO_sBM_cAll_d19_mHO2_ch02,1.517010900007396,7.983333333333333,preparing,,0.3186303515294373
2839,gHO_sBM_cAll_d19_mHO2_ch02,1.5339144000072944,7.983333333333333,preparing,,0.37857711250070963
2840,gHO_sBM_cAll_d19_mHO2_ch02,1.5505434000052143,7.983333333333333,preparing,,0.4397051968177996
2841,gHO_sBM_cAll_d19_mHO2_ch02,1.5673322000048453,7.983333333333333,preparing,,0.5024957382266846
2842,gHO_sBM_cAll_d19_mHO2_ch02,1.5838603000057143,7.983333333333333,preparing,,0.5642731015351591
2843,gHO_sBM_cAll_d19_mHO2_ch02,1.600502900005328,7.983333333333333,preparing,,0.6253448390054762
2844,gHO_sBM_cAll_d19_mHO2_ch02,1.617014500004249,7.983333333333333,preparing,,0.6837614136429863
2845,gHO_sBM_cAll_d19_mHO2_ch02,1.6337309000055635,7.983333333333333,preparing,,0.7396861896270915
2846,gHO_sBM_cAll_d19_mHO2_ch02,1.6504558000061176,7.983333333333333,preparing,,0.7914721261059766
2847,gHO_sBM_cAll_d19_mHO2_ch02,1.6672876000057537,7.983333333333333,preparing,,0.8385590982230964
2848,gHO_sBM_cAll_d19_mHO2_ch02,1.6835248000070957,7.983333333333333,preparing,,0.8785702802940205
2849,gHO_sBM_cAll_d19_mHO2_ch02,1.7003186000047814,7.983333333333333,preparing,,0.9138866226729968
2850,gHO_sBM_cAll_d19_mHO2_ch02,1.716860700006752,7.983333333333333,preparing,,0.9423776015181964
2851,gHO_sBM_cAll_d19_mHO2_ch02,1.7337864000047072,7.983333333333333,preparing,,0.9650282760365505
2852,gHO_sBM_cAll_d19_mHO2_ch02,1.750318400006169,7.983333333333333,preparing,,0.9810382647851367
2853,gHO_sBM_cAll_d19_mHO2_ch02,1.7668478000060228,7.983333333333333,preparing,,0.9915277475495943
2854,gHO_sBM_cAll_d19_mHO2_ch02,1.783496900004199,7.983333333333333,preparing,,0.9973632551216731
2855,gHO_sBM_cAll_d19_mHO2_ch02,1.800970000004842,7.983333333333333,preparing,,0.99970499213499
2856,gHO_sBM_cAll_d19_mHO2_ch02,1.8171584000056706,7.983333333333333,preparing,,1.0
2857,gHO_sBM_cAll_d19_mHO2_ch02,1.8338693000051232,7.983333333333333,preparing,,1.0
2858,gHO_sBM_cAll_d19_mHO2_ch02,1.8758742000073347,7.983333333333333,ready,,1.0
2859,gHO_sBM_cAll_d19_mHO2_ch02,1.9073159000045656,7.983333333333333,ready,,1.0
2860,gHO_sBM_cAll_d19_mHO2_ch02,1.9239955000057911,7.983333333333333,ready,,1.0
2861,gHO_sBM_cAll_d19_mHO2_ch02,1.9404584000049603,7.983333333333333,ready,,1.0
2862,gHO_sBM_cAll_d19_mHO2_ch02,1.9573480000045187,7.983333333333333,ready,,1.0
2863,gHO_sBM_cAll_d19_mHO2_ch02,1.973848600006992,7.983333333333333,ready,,1.0
2864,gHO_sBM_cAll_d19_mHO2_ch02,1.9906272000053526,7.983333333333333,ready,,1.0
2865,gHO_sBM_cAll_d19_mHO2_ch02,2.007177400007155,7.983333333333333,ready,,1.0
2866,gHO_sBM_cAll_d19_mHO2_ch02,2.024101100004434,7.983333333333333,ready,,1.0
2867,gHO_sBM_cAll_d19_mHO2_ch02,2.0407865000061687,7.983333333333333,ready,,1.0
2868,gHO_sBM_cAll_d19_mHO2_ch02,2.0573019000049215,7.983333333333333,ready,,1.0
2869,gHO_sBM_cAll_d19_mHO2_ch02,2.0740647000066654,7.983333333333333,ready,,1.0
2870,gHO_sBM_cAll_d19_mHO2_ch02,2.0903952000053962,7.983333333333333,ready,,1.0
2871,gHO_sBM_cAll_d19_mHO2_ch02,2.1071852000068896,7.983333333333333,ready,,1.0
2872,gHO_sBM_cAll_d19_mHO2_ch02,2.123919000006092,7.983333333333333,ready,,1.0
2873,gHO_sBM_cAll_d19_mHO2_ch02,2.1404853000067967,7.983333333333333,ready,,1.0
2874,gHO_sBM_cAll_d19_mHO2_ch02,2.1572432000039714,7.983333333333333,ready,,1.0
2875,gHO_sBM_cAll_d19_mHO2_ch02,2.173937200005707,7.983333333333333,ready,,1.0
2876,gHO_sBM_cAll_d19_mHO2_ch02,2.1904303000056418,7.983333333333333,ready,,1.0
2877,gHO_sBM_cAll_d19_mHO2_ch02,2.207140900006449,7.983333333333333,ready,,1.0
2878,gHO_sBM_cAll_d19_mHO2_ch02,2.2238492000042944,7.983333333333333,ready,,1.0
2879,gHO_sBM_cAll_d19_mHO2_ch02,2.2404746000039064,7.983333333333333,ready,,1.0
2880,gHO_sBM_cAll_d19_mHO2_ch02,2.2570055000042686,7.983333333333333,ready,,1.0
2881,gHO_sBM_cAll_d19_mHO2_ch02,2.273808500006525,7.983333333333333,ready,,1.0
2882,gHO_sBM_cAll_d19_mHO2_ch02,2.2903060000072215,7.983333333333333,ready,,1.0
2883,gHO_sBM_cAll_d19_mHO2_ch02,2.3074025000069747,7.983333333333333,ready,,1.0
2884,gHO_sBM_cAll_d19_mHO2_ch02,2.323637700004002,7.983333333333333,ready,,1.0
2885,gHO_sBM_cAll_d19_mHO2_ch02,2.3403076000041274,7.983333333333333,ready,,1.0
2886,gHO_sBM_cAll_d19_mHO2_ch02,2.357355300007005,7.983333333333333,ready,,1.0
2887,gHO_sBM_cAll_d19_mHO2_ch02,2.374019900006791,7.983333333333333,ready,,1.0
2888,gHO_sBM_cAll_d19_mHO2_ch02,2.3903155000053484,7.983333333333333,ready,,1.0
2889,gHO_sBM_cAll_d19_mHO2_ch02,2.4074620000074765,7.983333333333333,ready,,1.0
2890,gHO_sBM_cAll_d19_mHO2_ch02,2.4237342000061157,7.983333333333333,ready,,1.0
2891,gHO_sBM_cAll_d19_mHO2_ch02,2.4407782000062856,7.983333333333333,ready,,1.0
2892,gHO_sBM_cAll_d19_mHO2_ch02,2.457275900004867,7.983333333333333,ready,,1.0
2893,gHO_sBM_cAll_d19_mHO2_ch02,2.4741834000061207,7.983333333333333,ready,,1.0
2894,gHO_sBM_cAll_d19_mHO2_ch02,2.4908182000045493,7.983333333333333,ready,,1.0
2895,gHO_sBM_cAll_d19_mHO2_ch02,2.507455600004586,7.983333333333333,ready,,1.0
2896,gHO_sBM_cAll_d19_mHO2_ch02,2.5237953000042483,7.983333333333333,ready,,1.0
2897,gHO_sBM_cAll_d19_mHO2_ch02,2.5403105000051163,7.983333333333333,ready,,1.0
2898,gHO_sBM_cAll_d19_mHO2_ch02,2.557419500005463,7.983333333333333,ready,,1.0
2899,gHO_sBM_cAll_d19_mHO2_ch02,2.5740393000060897,7.983333333333333,ready,,1.0
2900,gHO_sBM_cAll_d19_mHO2_ch02,2.59075330000732,7.983333333333333,ready,,1.0
2901,gHO_sBM_cAll_d19_mHO2_ch02,2.6074079000073587,7.983333333333333,ready,,1.0
2902,gHO_sBM_cAll_d19_mHO2_ch02,2.624002700006798,7.983333333333333,ready,,1.0
2903,gHO_sBM_cAll_d19_mHO2_ch02,2.640564500005979,7.983333333333333,ready,,1.0
2904,gHO_sBM_cAll_d19_mHO2_ch02,2.6572180000049177,7.983333333333333,ready,,1.0
2905,gHO_sBM_cAll_d19_mHO2_ch02,2.6738464000055453,7.983333333333333,ready,,1.0
2906,gHO_sBM_cAll_d19_mHO2_ch02,2.6904203000059126,7.983333333333333,ready,,1.0
2907,gHO_sBM_cAll_d19_mHO2_ch02,2.7070069000047585,7.983333333333333,ready,,1.0
2908,gHO_sBM_cAll_d19_mHO2_ch02,2.723737400004299,7.983333333333333,ready,,1.0
2909,gHO_sBM_cAll_d19_mHO2_ch02,2.7407895000043005,7.983333333333333,ready,,1.0
2910,gHO_sBM_cAll_d19_mHO2_ch02,2.7573539000050897,7.983333333333333,ready,,1.0
2911,gHO_sBM_cAll_d19_mHO2_ch02,2.773807000006035,7.983333333333333,ready,,1.0
2912,gHO_sBM_cAll_d19_mHO2_ch02,2.790360400006738,7.983333333333333,ready,,1.0
2913,gHO_sBM_cAll_d19_mHO2_ch02,2.8070735000047535,7.983333333333333,ready,,1.0
2914,gHO_sBM_cAll_d19_mHO2_ch02,2.823708900004113,7.983333333333333,ready,,1.0
2915,gHO_sBM_cAll_d19_mHO2_ch02,2.8404102000068647,7.983333333333333,ready,,1.0
2916,gHO_sBM_cAll_d19_mHO2_ch02,2.85701010000512,7.983333333333333,ready,,1.0
2917,gHO_sBM_cAll_d19_mHO2_ch02,2.8738360000071252,7.983333333333333,ready,,1.0
2918,gHO_sBM_cAll_d19_mHO2_ch02,2.890547900006917,7.983333333333333,ready,,1.0
2919,gHO_sBM_cAll_d19_mHO2_ch02,2.9071381000040715,7.983333333333333,ready,,1.0
2920,gHO_sBM_cAll_d19_mHO2_ch02,2.9237426000046116,7.983333333333333,ready,,1.0
2921,gHO_sBM_cAll_d19_mHO2_ch02,2.9404028000072735,7.983333333333333,ready,,1.0
2922,gHO_sBM_cAll_d19_mHO2_ch02,2.9570249000072235,7.983333333333333,ready,,1.0
2923,gHO_sBM_cAll_d19_mHO2_ch02,2.973673100005823,7.983333333333333,ready,,1.0
2924,gHO_sBM_cAll_d19_mHO2_ch02,2.9906399000075066,7.983333333333333,ready,,1.0
2925,gHO_sBM_cAll_d19_mHO2_ch02,3.00715960000626,7.983333333333333,ready,,1.0
2926,gHO_sBM_cAll_d19_mHO2_ch02,3.023910500004703,7.983333333333333,ready,,1.0
2927,gHO_sBM_cAll_d19_mHO2_ch02,3.0403483000055616,7.983333333333333,ready,,1.0
2928,gHO_sBM_cAll_d19_mHO2_ch02,3.057100400005866,7.983333333333333,ready,,1.0
2929,gHO_sBM_cAll_d19_mHO2_ch02,3.074094000004253,7.983333333333333,ready,,1.0
2930,gHO_sBM_cAll_d19_mHO2_ch02,3.0907408000067442,7.983333333333333,ready,,1.0
2931,gHO_sBM_cAll_d19_mHO2_ch02,3.107395000007375,7.983333333333333,ready,,1.0
2932,gHO_sBM_cAll_d19_mHO2_ch02,3.123709500004327,7.983333333333333,ready,,1.0
2933,gHO_sBM_cAll_d19_mHO2_ch02,3.140880900006881,7.983333333333333,ready,,1.0
2934,gHO_sBM_cAll_d19_mHO2_ch02,3.157413100006228,7.983333333333333,ready,,1.0
2935,gHO_sBM_cAll_d19_mHO2_ch02,3.1740366000059246,7.983333333333333,ready,,1.0
2936,gHO_sBM_cAll_d19_mHO2_ch02,3.190838300005558,7.983333333333333,ready,,1.0
2937,gHO_sBM_cAll_d19_mHO2_ch02,3.2074252000066883,7.983333333333333,ready,,1.0
2938,gHO_sBM_cAll_d19_mHO2_ch02,3.2240924000044444,7.983333333333333,ready,,1.0
2939,gHO_sBM_cAll_d19_mHO2_ch02,3.2407752000045713,7.983333333333333,ready,,1.0
2940,gHO_sBM_cAll_d19_mHO2_ch02,3.2574104000060458,7.983333333333333,ready,,1.0
2941,gHO_sBM_cAll_d19_mHO2_ch02,3.2740817000059175,7.983333333333333,ready,,1.0
2942,gHO_sBM_cAll_d19_mHO2_ch02,3.290705000004091,7.983333333333333,ready,,1.0
2943,gHO_sBM_cAll_d19_mHO2_ch02,3.3072540000040322,7.983333333333333,ready,,1.0
2944,gHO_sBM_cAll_d19_mHO2_ch02,3.324007500004083,7.983333333333333,ready,,1.0
2945,gHO_sBM_cAll_d19_mHO2_ch02,3.340611100005046,7.983333333333333,ready,,1.0
2946,gHO_sBM_cAll_d19_mHO2_ch02,3.3573198000059374,7.983333333333333,ready,,1.0
2947,gHO_sBM_cAll_d19_mHO2_ch02,3.3740846000047204,7.983333333333333,ready,,1.0
2948,gHO_sBM_cAll_d19_mHO2_ch02,3.3908102000069675,7.983333333333333,ready,,1.0
2949,gHO_sBM_cAll_d19_mHO2_ch02,3.407398900007252,7.983333333333333,ready,,1.0
2950,gHO_sBM_cAll_d19_mHO2_ch02,3.423800600006076,7.983333333333333,ready,,1.0
2951,gHO_sBM_cAll_d19_mHO2_ch02,3.4407656000049673,7.983333333333333,ready,,1.0
2952,gHO_sBM_cAll_d19_mHO2_ch02,3.4572676000071874,7.983333333333333,ready,,1.0
2953,gHO_sBM_cAll_d19_mHO2_ch02,3.4738948000059535,7.983333333333333,ready,,1.0
2954,gHO_sBM_cAll_d19_mHO2_ch02,3.4906444000054115,7.983333333333333,ready,,1.0
2955,gHO_sBM_cAll_d19_mHO2_ch02,3.507288600006295,7.983333333333333,ready,,1.0
2956,gHO_sBM_cAll_d19_mHO2_ch02,3.5240736000060955,7.983333333333333,ready,,1.0
2957,gHO_sBM_cAll_d19_mHO2_ch02,3.540679100006974,7.983333333333333,ready,,1.0
2958,gHO_sBM_cAll_d19_mHO2_ch02,3.5573957000061744,7.983333333333333,ready,,1.0
2959,gHO_sBM_cAll_d19_mHO2_ch02,3.574137900007493,7.983333333333333,ready,,1.0
2960,gHO_sBM_cAll_d19_mHO2_ch02,3.5908074000045724,7.983333333333333,ready,,1.0
2961,gHO_sBM_cAll_d19_mHO2_ch02,3.607396100004857,7.983333333333333,ready,,1.0
2962,gHO_sBM_cAll_d19_mHO2_ch02,3.623642700005016,7.983333333333333,ready,,1.0
2963,gHO_sBM_cAll_d19_mHO2_ch02,3.640678600005354,7.983333333333333,ready,,1.0
2964,gHO_sBM_cAll_d19_mHO2_ch02,3.657254800005045,7.983333333333333,ready,,1.0
2965,gHO_sBM_cAll_d19_mHO2_ch02,3.673939600005849,7.983333333333333,ready,,1.0
2966,gHO_sBM_cAll_d19_mHO2_ch02,3.69066590000615,7.983333333333333,ready,,1.0
2967,gHO_sBM_cAll_d19_mHO2_ch02,3.707289300005085,7.983333333333333,ready,,1.0
2968,gHO_sBM_cAll_d19_mHO2_ch02,3.7241232000061606,7.983333333333333,ready,,1.0
2969,gHO_sBM_cAll_d19_mHO2_ch02,3.7406613000067774,7.983333333333333,ready,,1.0
2970,gHO_sBM_cAll_d19_mHO2_ch02,3.757379300005724,7.983333333333333,ready,,1.0
2971,gHO_sBM_cAll_d19_mHO2_ch02,3.7741052000066175,7.983333333333333,ready,,1.0
2972,gHO_sBM_cAll_d19_mHO2_ch02,3.790813700005986,7.983333333333333,ready,,1.0
2973,gHO_sBM_cAll_d19_mHO2_ch02,3.807437800006613,7.983333333333333,ready,,1.0
2974,gHO_sBM_cAll_d19_mHO2_ch02,3.824095800007075,7.983333333333333,ready,,1.0
2975,gHO_sBM_cAll_d19_mHO2_ch02,3.840903600005863,7.983333333333333,ready,,1.0
2976,gHO_sBM_cAll_d19_mHO2_ch02,3.857417000003939,7.983333333333333,ready,,1.0
2977,gHO_sBM_cAll_d19_mHO2_ch02,3.87386460000666,7.983333333333333,ready,,1.0
2978,gHO_sBM_cAll_d19_mHO2_ch02,3.890471500007285,7.983333333333333,ready,,1.0
2979,gHO_sBM_cAll_d19_mHO2_ch02,3.9071252000041086,7.983333333333333,ready,,1.0
2980,gHO_sBM_cAll_d19_mHO2_ch02,3.9237865000042325,7.983333333333333,ready,,1.0
2981,gHO_sBM_cAll_d19_mHO2_ch02,3.9407706000066796,7.983333333333333,ready,,1.0
2982,gHO_sBM_cAll_d19_mHO2_ch02,3.9573486000055245,7.983333333333333,ready,,1.0
2983,gHO_sBM_cAll_d19_mHO2_ch02,3.9740301000066665,7.983333333333333,ready,,1.0
2984,gHO_sBM_cAll_d19_mHO2_ch02,3.9908321000049463,7.983333333333333,ready,,1.0
2985,gHO_sBM_cAll_d19_mHO2_ch02,4.007227900006138,7.983333333333333,ready,,1.0
2986,gHO_sBM_cAll_d19_mHO2_ch02,4.023803000004728,7.983333333333333,ready,,1.0
2987,gHO_sBM_cAll_d19_mHO2_ch02,4.040415500004337,7.983333333333333,ready,,1.0
2988,gHO_sBM_cAll_d19_mHO2_ch02,4.057066300004543,7.983333333333333,ready,,1.0
2989,gHO_sBM_cAll_d19_mHO2_ch02,4.073688200006607,7.983333333333333,ready,,1.0
2990,gHO_sBM_cAll_d19_mHO2_ch02,4.091064400004276,7.983333333333333,ready,,1.0
2991,gHO_sBM_cAll_d19_mHO2_ch02,4.107141200006613,7.983333333333333,ready,,1.0
2992,gHO_sBM_cAll_d19_mHO2_ch02,4.123957900004047,7.983333333333333,ready,,1.0
2993,gHO_sBM_cAll_d19_mHO2_ch02,4.140644300006119,7.983333333333333,ready,,1.0
2994,gHO_sBM_cAll_d19_mHO2_ch02,4.157307100006749,7.983333333333333,ready,,1.0
2995,gHO_sBM_cAll_d19_mHO2_ch02,4.173982400004335,7.983333333333333,ready,,1.0
2996,gHO_sBM_cAll_d19_mHO2_ch02,4.190815100007185,7.983333333333333,ready,,1.0
2997,gHO_sBM_cAll_d19_mHO2_ch02,4.207676500006655,7.983333333333333,ready,,1.0
2998,gHO_sBM_cAll_d19_mHO2_ch02,4.223846600006381,7.983333333333333,ready,,1.0
2999,gHO_sBM_cAll_d19_mHO2_ch02,4.240603200004569,7.983333333333333,ready,,1.0
3000,gHO_sBM_cAll_d19_mHO2_ch02,4.257289100006471,7.983333333333333,ready,,1.0
3001,gHO_sBM_cAll_d19_mHO2_ch02,4.274008700006685,7.983333333333333,ready,,1.0
3002,gHO_sBM_cAll_d19_mHO2_ch02,4.29059480000536,7.983333333333333,ready,,1.0
3003,gHO_sBM_cAll_d19_mHO2_ch02,4.307209900006577,7.983333333333333,ready,,1.0
3004,gHO_sBM_cAll_d19_mHO2_ch02,4.323780500007281,7.983333333333333,ready,,1.0
3005,gHO_sBM_cAll_d19_mHO2_ch02,4.340442000005289,7.983333333333333,ready,,1.0
3006,gHO_sBM_cAll_d19_mHO2_ch02,4.357116800006343,7.983333333333333,ready,,1.0
3007,gHO_sBM_cAll_d19_mHO2_ch02,4.373786500004944,7.983333333333333,ready,,1.0
3008,gHO_sBM_cAll_d19_mHO2_ch02,4.390361100007002,7.983333333333333,ready,,1.0
3009,gHO_sBM_cAll_d19_mHO2_ch02,4.407029800005264,7.983333333333333,ready,,1.0
3010,gHO_sBM_cAll_d19_mHO2_ch02,4.423713400004205,7.983333333333333,ready,,1.0
3011,gHO_sBM_cAll_d19_mHO2_ch02,4.440510000005021,7.983333333333333,ready,,1.0
3012,gHO_sBM_cAll_d19_mHO2_ch02,4.457328000005077,7.983333333333333,ready,,1.0
3013,gHO_sBM_cAll_d19_mHO2_ch02,4.4738958000062885,7.983333333333333,ready,,1.0
3014,gHO_sBM_cAll_d19_mHO2_ch02,4.490760700006943,7.983333333333333,ready,,1.0
3015,gHO_sBM_cAll_d19_mHO2_ch02,4.507296400007474,7.983333333333333,ready,,1.0
3016,gHO_sBM_cAll_d19_mHO2_ch02,4.524025700005151,7.983333333333333,ready,,1.0
3017,gHO_sBM_cAll_d19_mHO2_ch02,4.54061800000738,7.983333333333333,ready,,1.0
3018,gHO_sBM_cAll_d19_mHO2_ch02,4.55734530000438,7.983333333333333,ready,,1.0
3019,gHO_sBM_cAll_d19_mHO2_ch02,4.573954800006612,7.983333333333333,ready,,1.0
3020,gHO_sBM_cAll_d19_mHO2_ch02,4.590594300004447,7.983333333333333,ready,,1.0
3021,gHO_sBM_cAll_d19_mHO2_ch02,4.606981200006991,7.983333333333333,ready,,1.0
3022,gHO_sBM_cAll_d19_mHO2_ch02,4.624029500007159,7.983333333333333,ready,,1.0
3023,gHO_sBM_cAll_d19_mHO2_ch02,4.640558400006843,7.983333333333333,ready,,1.0
3024,gHO_sBM_cAll_d19_mHO2_ch02,4.657242400005192,7.983333333333333,ready,,1.0
3025,gHO_sBM_cAll_d19_mHO2_ch02,4.673839500003953,7.983333333333333,ready,,1.0
3026,gHO_sBM_cAll_d19_mHO2_ch02,4.690714700006639,7.983333333333333,ready,,1.0
3027,gHO_sBM_cAll_d19_mHO2_ch02,4.7072781000070885,7.983333333333333,ready,,1.0
3028,gHO_sBM_cAll_d19_mHO2_ch02,4.723951100005351,7.983333333333333,ready,,1.0
3029,gHO_sBM_cAll_d19_mHO2_ch02,4.740616900006997,7.983333333333333,ready,,1.0
3030,gHO_sBM_cAll_d19_mHO2_ch02,4.757227100007283,7.983333333333333,ready,,1.0
3031,gHO_sBM_cAll_d19_mHO2_ch02,4.773632000005006,7.983333333333333,ready,,1.0
3032,gHO_sBM_cAll_d19_mHO2_ch02,4.7907431000067895,7.983333333333333,ready,,1.0
3033,gHO_sBM_cAll_d19_mHO2_ch02,4.807409400004967,7.983333333333333,ready,,1.0
3034,gHO_sBM_cAll_d19_mHO2_ch02,4.824067500006189,7.983333333333333,ready,,1.0
3035,gHO_sBM_cAll_d19_mHO2_ch02,4.840759700005131,7.983333333333333,ready,,1.0
3036,gHO_sBM_cAll_d19_mHO2_ch02,4.857290000004561,7.983333333333333,ready,,1.0
3037,gHO_sBM_cAll_d19_mHO2_ch02,4.8740503000054565,7.983333333333333,ready,,1.0
3038,gHO_sBM_cAll_d19_mHO2_ch02,4.890638600006332,7.983333333333333,ready,,1.0
3039,gHO_sBM_cAll_d19_mHO2_ch02,4.907358500005192,7.983333333333333,ready,,1.0
3040,gHO_sBM_cAll_d19_mHO2_ch02,4.923973400004886,7.983333333333333,ready,,1.0
3041,gHO_sBM_cAll_d19_mHO2_ch02,4.940563500004916,7.983333333333333,ready,,1.0
3042,gHO_sBM_cAll_d19_mHO2_ch02,4.957127600007057,7.983333333333333,ready,,1.0
3043,gHO_sBM_cAll_d19_mHO2_ch02,4.973732400006242,7.983333333333333,ready,,1.0
3044,gHO_sBM_cAll_d19_mHO2_ch02,4.990777800006157,7.983333333333333,ready,,1.0
3045,gHO_sBM_cAll_d19_mHO2_ch02,5.007436300006787,7.983333333333333,ready,,1.0
3046,gHO_sBM_cAll_d19_mHO2_ch02,5.023758800006446,7.983333333333333,ready,,1.0
3047,gHO_sBM_cAll_d19_mHO2_ch02,5.040766800005341,7.983333333333333,ready,,1.0
3048,gHO_sBM_cAll_d19_mHO2_ch02,5.057277300006799,7.983333333333333,ready,,1.0
3049,gHO_sBM_cAll_d19_mHO2_ch02,5.07403890000668,7.983333333333333,ready,,1.0
3050,gHO_sBM_cAll_d19_mHO2_ch02,5.090718500004266,7.983333333333333,ready,,1.0
3051,gHO_sBM_cAll_d19_mHO2_ch02,5.107356000005063,7.983333333333333,ready,,1.0
3052,gHO_sBM_cAll_d19_mHO2_ch02,5.123852900004827,7.983333333333333,ready,,1.0
3053,gHO_sBM_cAll_d19_mHO2_ch02,5.140824100007271,7.983333333333333,ready,,1.0
3054,gHO_sBM_cAll_d19_mHO2_ch02,5.157267300005591,7.983333333333333,ready,,1.0
3055,gHO_sBM_cAll_d19_mHO2_ch02,5.1741765000052355,7.983333333333333,ready,,1.0
3056,gHO_sBM_cAll_d19_mHO2_ch02,5.190497000004218,7.983333333333333,ready,,1.0
3057,gHO_sBM_cAll_d19_mHO2_ch02,5.207396400005638,7.983333333333333,ready,,1.0
3058,gHO_sBM_cAll_d19_mHO2_ch02,5.224076100003986,7.983333333333333,ready,,1.0
3059,gHO_sBM_cAll_d19_mHO2_ch02,5.240831800006235,7.983333333333333,ready,,1.0
3060,gHO_sBM_cAll_d19_mHO2_ch02,5.257211600005647,7.983333333333333,ready,,1.0
3061,gHO_sBM_cAll_d19_mHO2_ch02,5.2738022000058455,7.983333333333333,ready,,1.0
3062,gHO_sBM_cAll_d19_mHO2_ch02,5.2904713000071535,7.983333333333333,ready,,1.0
3063,gHO_sBM_cAll_d19_mHO2_ch02,5.307063400004222,7.983333333333333,ready,,1.0
3064,gHO_sBM_cAll_d19_mHO2_ch02,5.323669300004507,7.983333333333333,ready,,1.0
3065,gHO_sBM_cAll_d19_mHO2_ch02,5.34049090000651,7.983333333333333,ready,,1.0
3066,gHO_sBM_cAll_d19_mHO2_ch02,5.357394200004885,7.983333333333333,ready,,1.0
3067,gHO_sBM_cAll_d19_mHO2_ch02,5.374218700007142,7.983333333333333,ready,,1.0
3068,gHO_sBM_cAll_d19_mHO2_ch02,5.390334300006607,7.983333333333333,ready,,1.0
3069,gHO_sBM_cAll_d19_mHO2_ch02,5.407069900004962,7.983333333333333,ready,,1.0
3070,gHO_sBM_cAll_d19_mHO2_ch02,5.423726800004323,7.983333333333333,ready,,1.0
3071,gHO_sBM_cAll_d19_mHO2_ch02,5.44035210000681,7.983333333333333,ready,,1.0
3072,gHO_sBM_cAll_d19_mHO2_ch02,5.45708480000491,7.983333333333333,ready,,1.0
3073,gHO_sBM_cAll_d19_mHO2_ch02,5.473666700004347,7.983333333333333,ready,,1.0
3074,gHO_sBM_cAll_d19_mHO2_ch02,5.490799300006133,7.983333333333333,ready,,1.0
3075,gHO_sBM_cAll_d19_mHO2_ch02,5.507344600007003,7.983333333333333,ready,,1.0
3076,gHO_sBM_cAll_d19_mHO2_ch02,5.523900200006267,7.983333333333333,ready,,1.0
3077,gHO_sBM_cAll_d19_mHO2_ch02,5.540817100006335,7.983333333333333,ready,,1.0
3078,gHO_sBM_cAll_d19_mHO2_ch02,5.557461500005102,7.983333333333333,ready,,1.0
3079,gHO_sBM_cAll_d19_mHO2_ch02,5.573700300004075,7.983333333333333,ready,,1.0
3080,gHO_sBM_cAll_d19_mHO2_ch02,5.5905404000050645,7.983333333333333,ready,,1.0
3081,gHO_sBM_cAll_d19_mHO2_ch02,5.607306300004946,7.983333333333333,ready,,1.0
3082,gHO_sBM_cAll_d19_mHO2_ch02,5.624130500004918,7.983333333333333,ready,,1.0
3083,gHO_sBM_cAll_d19_mHO2_ch02,5.640610200004681,7.983333333333333,ready,,1.0
3084,gHO_sBM_cAll_d19_mHO2_ch02,5.657135800004703,7.983333333333333,ready,,1.0
3085,gHO_sBM_cAll_d19_mHO2_ch02,5.673868800005088,7.983333333333333,ready,,1.0
3086,gHO_sBM_cAll_d19_mHO2_ch02,5.690587300004202,7.983333333333333,ready,,1.0
3087,gHO_sBM_cAll_d19_mHO2_ch02,5.707006600006072,7.983333333333333,ready,,1.0
3088,gHO_sBM_cAll_d19_mHO2_ch02,5.724098700005062,7.983333333333333,ready,,1.0
3089,gHO_sBM_cAll_d19_mHO2_ch02,5.740739100006112,7.983333333333333,ready,,1.0
3090,gHO_sBM_cAll_d19_mHO2_ch02,5.757582000006595,7.983333333333333,ready,,1.0
3091,gHO_sBM_cAll_d19_mHO2_ch02,5.773897500003884,7.983333333333333,ready,,1.0
3092,gHO_sBM_cAll_d19_mHO2_ch02,5.790582200003925,7.983333333333333,ready,,1.0
3093,gHO_sBM_cAll_d19_mHO2_ch02,5.8071972000043806,7.983333333333333,ready,,1.0
3094,gHO_sBM_cAll_d19_mHO2_ch02,5.824073800006813,7.983333333333333,ready,,1.0
3095,gHO_sBM_cAll_d19_mHO2_ch02,5.840310300006462,7.983333333333333,ready,,1.0
3096,gHO_sBM_cAll_d19_mHO2_ch02,5.857407500004268,7.983333333333333,ready,,1.0
3097,gHO_sBM_cAll_d19_mHO2_ch02,5.8741264000064275,7.983333333333333,ready,,1.0
3098,gHO_sBM_cAll_d19_mHO2_ch02,5.890735200006967,7.983333333333333,ready,,1.0
3099,gHO_sBM_cAll_d19_mHO2_ch02,5.907293400004201,7.983333333333333,ready,,1.0
3100,gHO_sBM_cAll_d19_mHO2_ch02,5.9239506000058455,7.983333333333333,ready,,1.0
3101,gHO_sBM_cAll_d19_mHO2_ch02,5.9405611000047776,7.983333333333333,ready,,1.0
3102,gHO_sBM_cAll_d19_mHO2_ch02,5.957075600003952,7.983333333333333,ready,,1.0
3103,gHO_sBM_cAll_d19_mHO2_ch02,5.9737706000060244,7.983333333333333,ready,,1.0
3104,gHO_sBM_cAll_d19_mHO2_ch02,5.990525600006581,7.983333333333333,ready,,1.0
3105,gHO_sBM_cAll_d19_mHO2_ch02,6.007171100006448,7.983333333333333,ready,,1.0
3106,gHO_sBM_cAll_d19_mHO2_ch02,6.02378270000648,7.983333333333333,ready,,1.0
3107,gHO_sBM_cAll_d19_mHO2_ch02,6.040389600007104,7.983333333333333,ready,,1.0
3108,gHO_sBM_cAll_d19_mHO2_ch02,6.0574269000071865,7.983333333333333,ready,,1.0
3109,gHO_sBM_cAll_d19_mHO2_ch02,6.074082500003924,7.983333333333333,ready,,1.0
3110,gHO_sBM_cAll_d19_mHO2_ch02,6.090726500006921,7.983333333333333,ready,,1.0
3111,gHO_sBM_cAll_d19_mHO2_ch02,6.107327200003991,7.983333333333333,ready,,1.0
3112,gHO_sBM_cAll_d19_mHO2_ch02,6.12371920000535,7.983333333333333,ready,,1.0
3113,gHO_sBM_cAll_d19_mHO2_ch02,6.140733300007038,7.983333333333333,ready,,1.0
3114,gHO_sBM_cAll_d19_mHO2_ch02,6.15724230000435,7.983333333333333,ready,,1.0
3115,gHO_sBM_cAll_d19_mHO2_ch02,6.173937200005661,7.983333333333333,ready,,1.0
3116,gHO_sBM_cAll_d19_mHO2_ch02,6.190636900007142,7.983333333333333,ready,,1.0
3117,gHO_sBM_cAll_d19_mHO2_ch02,6.207358200005749,7.983333333333333,ready,,1.0
3118,gHO_sBM_cAll_d19_mHO2_ch02,6.223978100007136,7.983333333333333,ready,,1.0
3119,gHO_sBM_cAll_d19_mHO2_ch02,6.24045090000529,7.983333333333333,ready,,1.0
3120,gHO_sBM_cAll_d19_mHO2_ch02,6.257095800004226,7.983333333333333,ready,,1.0
3121,gHO_sBM_cAll_d19_mHO2_ch02,6.273880900004786,7.983333333333333,ready,,1.0
3122,gHO_sBM_cAll_d19_mHO2_ch02,6.290512200005667,7.983333333333333,ready,,1.0
3123,gHO_sBM_cAll_d19_mHO2_ch02,6.307136200005531,7.983333333333333,ready,,1.0
3124,gHO_sBM_cAll_d19_mHO2_ch02,6.32395490000728,7.983333333333333,ready,,1.0
3125,gHO_sBM_cAll_d19_mHO2_ch02,6.340534600004516,7.983333333333333,ready,,1.0
3126,gHO_sBM_cAll_d19_mHO2_ch02,6.357168800005651,7.983333333333333,ready,,1.0
3127,gHO_sBM_cAll_d19_mHO2_ch02,6.373847300005775,7.983333333333333,ready,,1.0
3128,gHO_sBM_cAll_d19_mHO2_ch02,6.390447500006314,7.983333333333333,ready,,1.0
3129,gHO_sBM_cAll_d19_mHO2_ch02,6.40706460000457,7.983333333333333,ready,,1.0
3130,gHO_sBM_cAll_d19_mHO2_ch02,6.423953200007427,7.983333333333333,ready,,1.0
3131,gHO_sBM_cAll_d19_mHO2_ch02,6.440505800005675,7.983333333333333,ready,,1.0
3132,gHO_sBM_cAll_d19_mHO2_ch02,6.4570569000070535,7.983333333333333,ready,,1.0
3133,gHO_sBM_cAll_d19_mHO2_ch02,6.473817500006596,7.983333333333333,ready,,1.0
3134,gHO_sBM_cAll_d19_mHO2_ch02,6.490592400005886,7.983333333333333,ready,,1.0
3135,gHO_sBM_cAll_d19_mHO2_ch02,6.507269000006095,7.983333333333333,ready,,1.0
3136,gHO_sBM_cAll_d19_mHO2_ch02,6.5239209000074005,7.983333333333333,ready,,1.0
3137,gHO_sBM_cAll_d19_mHO2_ch02,6.54062520000389,7.983333333333333,ready,,1.0
3138,gHO_sBM_cAll_d19_mHO2_ch02,6.557248200007054,7.983333333333333,ready,,1.0
3139,gHO_sBM_cAll_d19_mHO2_ch02,6.573908200004554,7.983333333333333,ready,,1.0
3140,gHO_sBM_cAll_d19_mHO2_ch02,6.590655900004094,7.983333333333333,ready,,1.0
3141,gHO_sBM_cAll_d19_mHO2_ch02,6.607291900004383,7.983333333333333,ready,,1.0
3142,gHO_sBM_cAll_d19_mHO2_ch02,6.624008900006627,7.983333333333333,ready,,1.0
3143,gHO_sBM_cAll_d19_mHO2_ch02,6.6407263000046415,7.983333333333333,ready,,1.0
3144,gHO_sBM_cAll_d19_mHO2_ch02,6.657458200003926,7.983333333333333,ready,,1.0
3145,gHO_sBM_cAll_d19_mHO2_ch02,6.673679600005012,7.983333333333333,ready,,1.0
3146,gHO_sBM_cAll_d19_mHO2_ch02,6.690695700007376,7.983333333333333,ready,,1.0
3147,gHO_sBM_cAll_d19_mHO2_ch02,6.707217700005452,7.983333333333333,ready,,1.0
3148,gHO_sBM_cAll_d19_mHO2_ch02,6.724024600004661,7.983333333333333,ready,,1.0
3149,gHO_sBM_cAll_d19_mHO2_ch02,6.74079790000632,7.983333333333333,ready,,1.0
3150,gHO_sBM_cAll_d19_mHO2_ch02,6.757411300005506,7.983333333333333,ready,,1.0
3151,gHO_sBM_cAll_d19_mHO2_ch02,6.77401450000706,7.983333333333333,ready,,1.0
3152,gHO_sBM_cAll_d19_mHO2_ch02,6.790546300006998,7.983333333333333,ready,,1.0
3153,gHO_sBM_cAll_d19_mHO2_ch02,6.807225300007292,7.983333333333333,ready,,1.0
3154,gHO_sBM_cAll_d19_mHO2_ch02,6.823781500003848,7.983333333333333,ready,,1.0
3155,gHO_sBM_cAll_d19_mHO2_ch02,6.840317500006663,7.983333333333333,ready,,1.0
3156,gHO_sBM_cAll_d19_mHO2_ch02,6.857010900003829,7.983333333333333,ready,,1.0
3157,gHO_sBM_cAll_d19_mHO2_ch02,6.874126300005613,7.983333333333333,ready,,1.0
3158,gHO_sBM_cAll_d19_mHO2_ch02,6.890832700007179,7.983333333333333,ready,,1.0
3159,gHO_sBM_cAll_d19_mHO2_ch02,6.907344600004746,7.983333333333333,ready,,1.0
3160,gHO_sBM_cAll_d19_mHO2_ch02,6.924004700006645,7.983333333333333,ready,,1.0
3161,gHO_sBM_cAll_d19_mHO2_ch02,6.94073070000466,7.983333333333333,ready,,1.0
3162,gHO_sBM_cAll_d19_mHO2_ch02,6.9572609000069665,7.983333333333333,ready,,1.0
3163,gHO_sBM_cAll_d19_mHO2_ch02,6.974125400004575,7.983333333333333,ready,,1.0
3164,gHO_sBM_cAll_d19_mHO2_ch02,6.990596400007213,7.983333333333333,ready,,1.0
3165,gHO_sBM_cAll_d19_mHO2_ch02,7.0070754000052835,7.983333333333333,ready,,1.0
3166,gHO_sBM_cAll_d19_mHO2_ch02,7.023695600005317,7.983333333333333,ready,,1.0
3167,gHO_sBM_cAll_d19_mHO2_ch02,7.040788400005998,7.983333333333333,ready,,1.0
3168,gHO_sBM_cAll_d19_mHO2_ch02,7.057449700006121,7.983333333333333,ready,,1.0
3169,gHO_sBM_cAll_d19_mHO2_ch02,7.07395640000411,7.983333333333333,ready,,1.0
3170,gHO_sBM_cAll_d19_mHO2_ch02,7.090533900006422,7.983333333333333,ready,,1.0
3171,gHO_sBM_cAll_d19_mHO2_ch02,7.107349200004109,7.983333333333333,ready,,1.0
3172,gHO_sBM_cAll_d19_mHO2_ch02,7.123741900007161,7.983333333333333,ready,,1.0
3173,gHO_sBM_cAll_d19_mHO2_ch02,7.140709600004782,7.983333333333333,ready,,1.0
3174,gHO_sBM_cAll_d19_mHO2_ch02,7.157244900005905,7.983333333333333,ready,,1.0
3175,gHO_sBM_cAll_d19_mHO2_ch02,7.17403130000545,7.983333333333333,ready,,1.0
3176,gHO_sBM_cAll_d19_mHO2_ch02,7.190588200007337,7.983333333333333,ready,,1.0
3177,gHO_sBM_cAll_d19_mHO2_ch02,7.207118700004652,7.983333333333333,ready,,1.0
3178,gHO_sBM_cAll_d19_mHO2_ch02,7.2239001000061425,7.983333333333333,ready,,1.0
3179,gHO_sBM_cAll_d19_mHO2_ch02,7.240680400006533,7.983333333333333,ready,,1.0
3180,gHO_sBM_cAll_d19_mHO2_ch02,7.257376200003783,7.983333333333333,ready,,1.0
3181,gHO_sBM_cAll_d19_mHO2_ch02,7.274045900006022,7.983333333333333,ready,,1.0
3182,gHO_sBM_cAll_d19_mHO2_ch02,7.290739600005471,7.983333333333333,ready,,1.0
3183,gHO_sBM_cAll_d19_mHO2_ch02,7.307431900005175,7.983333333333333,ready,,1.0
3184,gHO_sBM_cAll_d19_mHO2_ch02,7.323917400005445,7.983333333333333,ready,,0.999970163994469
3185,gHO_sBM_cAll_d19_mHO2_ch02,7.34060070000574,7.983333333333333,ready,,0.9989804206572573
3186,gHO_sBM_cAll_d19_mHO2_ch02,7.357308400006291,7.983333333333333,ready,,0.9952630975427629
3187,gHO_sBM_cAll_d19_mHO2_ch02,7.37368480000528,7.983333333333333,ready,,0.9875913727177614
3188,gHO_sBM_cAll_d19_mHO2_ch02,7.39087310000555,7.983333333333333,ready,,0.9741554149424484
3189,gHO_sBM_cAll_d19_mHO2_ch02,7.4070481000062065,7.983333333333333,ready,,0.955792420540016
3190,gHO_sBM_cAll_d19_mHO2_ch02,7.423963400005006,7.983333333333333,ready,,0.9302580271435509
3191,gHO_sBM_cAll_d19_mHO2_ch02,7.440539300006049,7.983333333333333,ready,,0.898848101665241
3192,gHO_sBM_cAll_d19_mHO2_ch02,7.457156000004897,7.983333333333333,ready,,0.8611563668071687
3193,gHO_sBM_cAll_d19_mHO2_ch02,7.47380510000671,7.983333333333333,ready,,0.8175258683164797
3194,gHO_sBM_cAll_d19_mHO2_ch02,7.490344900005718,7.983333333333333,ready,,0.7689208304566004
3195,gHO_sBM_cAll_d19_mHO2_ch02,7.507070200005679,7.983333333333333,ready,,0.7151642522472702
3196,gHO_sBM_cAll_d19_mHO2_ch02,7.524068000006942,7.983333333333333,ready,,0.6566798720726124
3197,gHO_sBM_cAll_d19_mHO2_ch02,7.540452200007116,7.983333333333333,ready,,0.5975860454110454
3198,gHO_sBM_cAll_d19_mHO2_ch02,7.5571913000066555,7.983333333333333,ready,,0.5354986107279331
3199,gHO_sBM_cAll_d19_mHO2_ch02,7.573771400006938,7.983333333333333,ready,,0.4733715915903151
3200,gHO_sBM_cAll_d19_mHO2_ch02,7.590568200005638,7.983333333333333,ready,,0.41091393413064814
3201,gHO_sBM_cAll_d19_mHO2_ch02,7.607225600005168,7.983333333333333,ready,,0.35055174835402236
3202,gHO_sBM_cAll_d19_mHO2_ch02,7.623854900005371,7.983333333333333,ready,,0.29290803098739343
3203,gHO_sBM_cAll_d19_mHO2_ch02,7.640488300004052,7.983333333333333,ready,,0.23883996966699705
3204,gHO_sBM_cAll_d19_mHO2_ch02,7.657035300006953,7.983333333333333,ready,,0.18948025582621866
3205,gHO_sBM_cAll_d19_mHO2_ch02,7.67400010000432,7.983333333333333,ready,,0.14422575168843588
3206,gHO_sBM_cAll_d19_mHO2_ch02,7.690776300006233,7.983333333333333,ready,,0.10540265350952586
3207,gHO_sBM_cAll_d19_mHO2_ch02,7.707383100006095,7.983333333333333,ready,,0.07317390905728353
3208,gHO_sBM_cAll_d19_mHO2_ch02,7.724039900004694,7.983333333333333,ready,,0.04721928096410936
3209,gHO_sBM_cAll_d19_mHO2_ch02,7.740633400005147,7.983333333333333,ready,,0.027631152442391626
3210,gHO_sBM_cAll_d19_mHO2_ch02,7.757279400005183,7.983333333333333,ready,,0.013912539606825088
3211,gHO_sBM_cAll_d19_mHO2_ch02,7.773948300004968,7.983333333333333,ready,,0.005464486115719842
3212,gHO_sBM_cAll_d19_mHO2_ch02,7.790683900006961,7.983333333333333,ready,,0.0012961758381490568
3213,gHO_sBM_cAll_d19_mHO2_ch02,7.807203600005713,7.983333333333333,ready,,6.588310724533831e-05
3214,gHO_sBM_cAll_d19_mHO2_ch02,7.816666666666666,7.983333333333333,executing,switch_start,0.0
3215,gHO_sBM_cAll_d19_mHO2_ch02,7.816666666666666,7.983333333333333,executing,,0.0
3216,gHO_sBM_cAll_d19_mHO2_ch02,7.816666666666666,7.983333333333333,executing,,0.0
3217,gHO_sBM_cAll_d19_mHO2_ch02,7.816666666666666,7.983333333333333,executing,,0.0
3218,gHO_sBM_cAll_d19_mHO2_ch02,7.816666666666666,7.983333333333333,executing,,0.0
3219,gHO_sBM_cAll_d19_mHO2_ch02,7.816666666666666,7.983333333333333,executing,,0.0
3220,gHO_sBM_cAll_d19_mHO2_ch02,7.816666666666666,7.983333333333333,executing,,0.0
3221,gHO_sBM_cAll_d19_mHO2_ch02,7.816666666666666,7.983333333333333,executing,,0.0
3222,gHO_sBM_cAll_d19_mHO2_ch02,7.816666666666666,7.983333333333333,executing,,0.0
3223,gHO_sBM_cAll_d19_mHO2_ch02,7.816666666666666,7.983333333333333,executing,,0.0
3224,gHO_sBM_cAll_d19_mHO2_ch02,7.816666666666666,7.983333333333333,executing,,0.0
3225,gHO_sBM_cAll_d19_mHO2_ch02,7.816666666666666,7.983333333333333,executing,,0.0
3226,gHO_sBM_cAll_d19_mHO2_ch02,7.816666666666666,7.983333333333333,executing,,0.0
3227,gHO_sBM_cAll_d19_mHO2_ch02,7.816666666666666,7.983333333333333,executing,,0.0
3228,gHO_sBM_cAll_d19_mHO2_ch02,7.816666666666666,7.983333333333333,executing,,0.0
3229,gHO_sBM_cAll_d19_mHO2_ch02,7.816666666666666,7.983333333333333,executing,,0.0
3230,gHO_sBM_cAll_d19_mHO2_ch02,7.816666666666666,7.983333333333333,executing,,0.0
3231,gHO_sBM_cAll_d19_mHO2_ch02,7.816666666666666,7.983333333333333,executing,,0.0
3232,gHO_sBM_cAll_d19_mHO2_ch02,7.816666666666666,7.983333333333333,executing,,0.0
3233,gHO_sBM_cAll_d19_mHO2_ch02,7.816666666666666,7.983333333333333,executing,,0.0
3234,gHO_sBM_cAll_d19_mHO2_ch02,7.816666666666666,7.983333333333333,executing,,0.0
3235,gHO_sBM_cAll_d20_mHO5_ch05,1.2238454000066363,7.083333333333333,awaiting_preparation,switch_complete,2.8962303965846866e-05
3236,gHO_sBM_cAll_d20_mHO5_ch05,1.240420800007511,7.083333333333333,preparing,,0.0009973173684258575
3237,gHO_sBM_cAll_d20_mHO5_ch05,1.2573321000085949,7.083333333333333,preparing,,0.0047448365625078655
3238,gHO_sBM_cAll_d20_mHO5_ch05,1.2741184000073795,7.083333333333333,preparing,,0.012675946761366632
3239,gHO_sBM_cAll_d20_mHO5_ch05,1.2907571000064004,7.083333333333333,preparing,,0.025733552662997768
3240,gHO_sBM_cAll_d20_mHO5_ch05,1.307423700006863,7.083333333333333,preparing,,0.04470339399222729
3241,gHO_sBM_cAll_d20_mHO5_ch05,1.3236935000054169,7.083333333333333,preparing,,0.06928279446806734
3242,gHO_sBM_cAll_d20_mHO5_ch05,1.3408819000064491,7.083333333333333,preparing,,0.10186719102408534
3243,gHO_sBM_cAll_d20_mHO5_ch05,1.3573111000073064,7.083333333333333,preparing,,0.13922372212916956
3244,gHO_sBM_cAll_d20_mHO5_ch05,1.3742071000083038,7.083333333333333,preparing,,0.1835958932620874
3245,gHO_sBM_cAll_d20_mHO5_ch05,1.3908023000071503,7.083333333333333,preparing,,0.23249133019403082
3246,gHO_sBM_cAll_d20_mHO5_ch05,1.4074155000084525,7.083333333333333,preparing,,0.2859884374560059
3247,gHO_sBM_cAll_d20_mHO5_ch05,1.4241098000088337,7.083333333333333,preparing,,0.34346791647650815
3248,gHO_sBM_cAll_d20_mHO5_ch05,1.4407635000056567,7.083333333333333,preparing,,0.4035561000607755
3249,gHO_sBM_cAll_d20_mHO5_ch05,1.4572710000061002,7.083333333333333,preparing,,0.46479941339828174
3250,gHO_sBM_cAll_d20_mHO5_ch05,1.4739839000062298,7.083333333333333,preparing,,0.527423957906738
3251,gHO_sBM_cAll_d20_mHO5_ch05,1.4906267000073663,7.083333333333333,preparing,,0.5893014390619017
3252,gHO_sBM_cAll_d20_mHO5_ch05,1.507324200006648,7.083333333333333,preparing,,0.6497987477334625
3253,gHO_sBM_cAll_d20_mHO5_ch05,1.5238116000068354,7.083333333333333,preparing,,0.7069461306971698
3254,gHO_sBM_cAll_d20_mHO5_ch05,1.5405344000059509,7.083333333333333,preparing,,0.7613040551154954
3255,gHO_sBM_cAll_d20_mHO5_ch05,1.5571783000081874,7.083333333333333,preparing,,0.8109248197780353
3256,gHO_sBM_cAll_d20_mHO5_ch05,1.5737876000088968,7.083333333333333,preparing,,0.8552435958582529
3257,gHO_sBM_cAll_d20_mHO5_ch05,1.5904384000054657,7.083333333333333,preparing,,0.8938765466255726
3258,gHO_sBM_cAll_d20_mHO5_ch05,1.6073969000057937,7.083333333333333,preparing,,0.9268502424301187
3259,gHO_sBM_cAll_d20_mHO5_ch05,1.624031500006337,7.083333333333333,preparing,,0.952769236472502
3260,gHO_sBM_cAll_d20_mHO5_ch05,1.6403982000078636,7.083333333333333,preparing,,0.972133623924604
3261,gHO_sBM_cAll_d20_mHO5_ch05,1.6574679000072743,7.083333333333333,preparing,,0.9862110237578227
3262,gHO_sBM_cAll_d20_mHO5_ch05,1.6738019000071895,7.083333333333333,preparing,,0.9944817169644398
3263,gHO_sBM_cAll_d20_mHO5_ch05,1.6909073000055892,7.083333333333333,preparing,,0.9987360926117914
3264,gHO_sBM_cAll_d20_mHO5_ch05,1.7073258000086449,7.083333333333333,preparing,,0.9999366128498521
3265,gHO_sBM_cAll_d20_mHO5_ch05,1.7240090000081787,7.083333333333333,preparing,,1.0
3266,gHO_sBM_cAll_d20_mHO5_ch05,1.740640500006945,7.083333333333333,preparing,,1.0
3267,gHO_sBM_cAll_d20_mHO5_ch05,1.7573384000056345,7.083333333333333,ready,,1.0
3268,gHO_sBM_cAll_d20_mHO5_ch05,1.7738980000062534,7.083333333333333,ready,,1.0
3269,gHO_sBM_cAll_d20_mHO5_ch05,1.7905471000080675,7.083333333333333,ready,,1.0
3270,gHO_sBM_cAll_d20_mHO5_ch05,1.807171400006579,7.083333333333333,ready,,1.0
3271,gHO_sBM_cAll_d20_mHO5_ch05,1.8241394000064852,7.083333333333333,ready,,1.0
3272,gHO_sBM_cAll_d20_mHO5_ch05,1.8407735000068592,7.083333333333333,ready,,1.0
3273,gHO_sBM_cAll_d20_mHO5_ch05,1.8574089000062182,7.083333333333333,ready,,1.0
3274,gHO_sBM_cAll_d20_mHO5_ch05,1.8739488000059887,7.083333333333333,ready,,1.0
3275,gHO_sBM_cAll_d20_mHO5_ch05,1.890597300006872,7.083333333333333,ready,,1.0
3276,gHO_sBM_cAll_d20_mHO5_ch05,1.907099800005623,7.083333333333333,ready,,1.0
3277,gHO_sBM_cAll_d20_mHO5_ch05,1.9238292000077004,7.083333333333333,ready,,1.0
3278,gHO_sBM_cAll_d20_mHO5_ch05,1.9405664000073253,7.083333333333333,ready,,1.0
3279,gHO_sBM_cAll_d20_mHO5_ch05,1.9573444000083933,7.083333333333333,ready,,1.0
3280,gHO_sBM_cAll_d20_mHO5_ch05,1.9738113000089166,7.083333333333333,ready,,1.0
3281,gHO_sBM_cAll_d20_mHO5_ch05,1.9903238000074148,7.083333333333333,ready,,1.0
3282,gHO_sBM_cAll_d20_mHO5_ch05,2.007342000007581,7.083333333333333,ready,,1.0
3283,gHO_sBM_cAll_d20_mHO5_ch05,2.024130200006282,7.083333333333333,ready,,1.0
3284,gHO_sBM_cAll_d20_mHO5_ch05,2.040807000008016,7.083333333333333,ready,,1.0
3285,gHO_sBM_cAll_d20_mHO5_ch05,2.0574077000087247,7.083333333333333,ready,,1.0
3286,gHO_sBM_cAll_d20_mHO5_ch05,2.074106000006823,7.083333333333333,ready,,1.0
3287,gHO_sBM_cAll_d20_mHO5_ch05,2.0906971000071923,7.083333333333333,ready,,1.0
3288,gHO_sBM_cAll_d20_mHO5_ch05,2.1072097000064525,7.083333333333333,ready,,1.0
3289,gHO_sBM_cAll_d20_mHO5_ch05,2.1239163000059054,7.083333333333333,ready,,1.0
3290,gHO_sBM_cAll_d20_mHO5_ch05,2.140323500006591,7.083333333333333,ready,,1.0
3291,gHO_sBM_cAll_d20_mHO5_ch05,2.1574745000066047,7.083333333333333,ready,,1.0
3292,gHO_sBM_cAll_d20_mHO5_ch05,2.1738310000068615,7.083333333333333,ready,,1.0
3293,gHO_sBM_cAll_d20_mHO5_ch05,2.1907882000082055,7.083333333333333,ready,,1.0
3294,gHO_sBM_cAll_d20_mHO5_ch05,2.207415700005618,7.083333333333333,ready,,1.0
3295,gHO_sBM_cAll_d20_mHO5_ch05,2.2237536000061264,7.083333333333333,ready,,1.0
3296,gHO_sBM_cAll_d20_mHO5_ch05,2.2408011000074812,7.083333333333333,ready,,1.0
3297,gHO_sBM_cAll_d20_mHO5_ch05,2.257304100006402,7.083333333333333,ready,,1.0
3298,gHO_sBM_cAll_d20_mHO5_ch05,2.274021300006533,7.083333333333333,ready,,1.0
3299,gHO_sBM_cAll_d20_mHO5_ch05,2.290464500008492,7.083333333333333,ready,,1.0
3300,gHO_sBM_cAll_d20_mHO5_ch05,2.3072321000067677,7.083333333333333,ready,,1.0
3301,gHO_sBM_cAll_d20_mHO5_ch05,2.32396590000597,7.083333333333333,ready,,1.0
3302,gHO_sBM_cAll_d20_mHO5_ch05,2.34070340000788,7.083333333333333,ready,,1.0
3303,gHO_sBM_cAll_d20_mHO5_ch05,2.3572637000065537,7.083333333333333,ready,,1.0
3304,gHO_sBM_cAll_d20_mHO5_ch05,2.3741193000055167,7.083333333333333,ready,,1.0
3305,gHO_sBM_cAll_d20_mHO5_ch05,2.390637700008923,7.083333333333333,ready,,1.0
3306,gHO_sBM_cAll_d20_mHO5_ch05,2.4073288000067667,7.083333333333333,ready,,1.0
3307,gHO_sBM_cAll_d20_mHO5_ch05,2.4238429000065347,7.083333333333333,ready,,1.0
3308,gHO_sBM_cAll_d20_mHO5_ch05,2.4405096000077595,7.083333333333333,ready,,1.0
3309,gHO_sBM_cAll_d20_mHO5_ch05,2.457107800007622,7.083333333333333,ready,,1.0
3310,gHO_sBM_cAll_d20_mHO5_ch05,2.4739547000058226,7.083333333333333,ready,,1.0
3311,gHO_sBM_cAll_d20_mHO5_ch05,2.4904046000078672,7.083333333333333,ready,,1.0
3312,gHO_sBM_cAll_d20_mHO5_ch05,2.50724630000649,7.083333333333333,ready,,1.0
3313,gHO_sBM_cAll_d20_mHO5_ch05,2.5241707000054614,7.083333333333333,ready,,1.0
3314,gHO_sBM_cAll_d20_mHO5_ch05,2.540502700008338,7.083333333333333,ready,,1.0
3315,gHO_sBM_cAll_d20_mHO5_ch05,2.5572312000072013,7.083333333333333,ready,,1.0
3316,gHO_sBM_cAll_d20_mHO5_ch05,2.5738232000071477,7.083333333333333,ready,,1.0
3317,gHO_sBM_cAll_d20_mHO5_ch05,2.5905013000078663,7.083333333333333,ready,,1.0
3318,gHO_sBM_cAll_d20_mHO5_ch05,2.6073386000057273,7.083333333333333,ready,,1.0
3319,gHO_sBM_cAll_d20_mHO5_ch05,2.623992800006358,7.083333333333333,ready,,1.0
3320,gHO_sBM_cAll_d20_mHO5_ch05,2.6406732000064,7.083333333333333,ready,,1.0
3321,gHO_sBM_cAll_d20_mHO5_ch05,2.6572163000087095,7.083333333333333,ready,,1.0
3322,gHO_sBM_cAll_d20_mHO5_ch05,2.673954100005628,7.083333333333333,ready,,1.0
3323,gHO_sBM_cAll_d20_mHO5_ch05,2.690651300006264,7.083333333333333,ready,,1.0
3324,gHO_sBM_cAll_d20_mHO5_ch05,2.707459500008098,7.083333333333333,ready,,1.0
3325,gHO_sBM_cAll_d20_mHO5_ch05,2.723924000008537,7.083333333333333,ready,,1.0
3326,gHO_sBM_cAll_d20_mHO5_ch05,2.7406730000070643,7.083333333333333,ready,,1.0
3327,gHO_sBM_cAll_d20_mHO5_ch05,2.75721420000582,7.083333333333333,ready,,1.0
3328,gHO_sBM_cAll_d20_mHO5_ch05,2.773785600005341,7.083333333333333,ready,,1.0
3329,gHO_sBM_cAll_d20_mHO5_ch05,2.7903055000056174,7.083333333333333,ready,,1.0
3330,gHO_sBM_cAll_d20_mHO5_ch05,2.807313500008152,7.083333333333333,ready,,1.0
3331,gHO_sBM_cAll_d20_mHO5_ch05,2.82412130000694,7.083333333333333,ready,,1.0
3332,gHO_sBM_cAll_d20_mHO5_ch05,2.840730800005535,7.083333333333333,ready,,1.0
3333,gHO_sBM_cAll_d20_mHO5_ch05,2.857463700008798,7.083333333333333,ready,,1.0
3334,gHO_sBM_cAll_d20_mHO5_ch05,2.874114400008244,7.083333333333333,ready,,1.0
3335,gHO_sBM_cAll_d20_mHO5_ch05,2.890782300007692,7.083333333333333,ready,,1.0
3336,gHO_sBM_cAll_d20_mHO5_ch05,2.9072478000084696,7.083333333333333,ready,,1.0
3337,gHO_sBM_cAll_d20_mHO5_ch05,2.9241170000054884,7.083333333333333,ready,,1.0
3338,gHO_sBM_cAll_d20_mHO5_ch05,2.940773400008319,7.083333333333333,ready,,1.0
3339,gHO_sBM_cAll_d20_mHO5_ch05,2.957563500006936,7.083333333333333,ready,,1.0
3340,gHO_sBM_cAll_d20_mHO5_ch05,2.9737800000070913,7.083333333333333,ready,,1.0
3341,gHO_sBM_cAll_d20_mHO5_ch05,2.99035770000729,7.083333333333333,ready,,1.0
3342,gHO_sBM_cAll_d20_mHO5_ch05,3.007382400006019,7.083333333333333,ready,,1.0
3343,gHO_sBM_cAll_d20_mHO5_ch05,3.0241043000055585,7.083333333333333,ready,,1.0
3344,gHO_sBM_cAll_d20_mHO5_ch05,3.0407831000079693,7.083333333333333,ready,,1.0
3345,gHO_sBM_cAll_d20_mHO5_ch05,3.057386400006648,7.083333333333333,ready,,1.0
3346,gHO_sBM_cAll_d20_mHO5_ch05,3.074063700008551,7.083333333333333,ready,,1.0
3347,gHO_sBM_cAll_d20_mHO5_ch05,3.090599900005614,7.083333333333333,ready,,1.0
3348,gHO_sBM_cAll_d20_mHO5_ch05,3.107295500008619,7.083333333333333,ready,,1.0
3349,gHO_sBM_cAll_d20_mHO5_ch05,3.124019300008074,7.083333333333333,ready,,1.0
3350,gHO_sBM_cAll_d20_mHO5_ch05,3.1407756000076175,7.083333333333333,ready,,1.0
3351,gHO_sBM_cAll_d20_mHO5_ch05,3.157476200008677,7.083333333333333,ready,,1.0
3352,gHO_sBM_cAll_d20_mHO5_ch05,3.1740116000069247,7.083333333333333,ready,,1.0
3353,gHO_sBM_cAll_d20_mHO5_ch05,3.190621600005689,7.083333333333333,ready,,1.0
3354,gHO_sBM_cAll_d20_mHO5_ch05,3.2071253000063016,7.083333333333333,ready,,1.0
3355,gHO_sBM_cAll_d20_mHO5_ch05,3.2238852000077913,7.083333333333333,ready,,1.0
3356,gHO_sBM_cAll_d20_mHO5_ch05,3.2406670000086915,7.083333333333333,ready,,1.0
3357,gHO_sBM_cAll_d20_mHO5_ch05,3.2571782000082052,7.083333333333333,ready,,1.0
3358,gHO_sBM_cAll_d20_mHO5_ch05,3.2740566000061557,7.083333333333333,ready,,1.0
3359,gHO_sBM_cAll_d20_mHO5_ch05,3.2906895000083067,7.083333333333333,ready,,1.0
3360,gHO_sBM_cAll_d20_mHO5_ch05,3.307205400007229,7.083333333333333,ready,,1.0
3361,gHO_sBM_cAll_d20_mHO5_ch05,3.3239399000081233,7.083333333333333,ready,,1.0
3362,gHO_sBM_cAll_d20_mHO5_ch05,3.3406454000064763,7.083333333333333,ready,,1.0
3363,gHO_sBM_cAll_d20_mHO5_ch05,3.3571884000080243,7.083333333333333,ready,,1.0
3364,gHO_sBM_cAll_d20_mHO5_ch05,3.373842200005609,7.083333333333333,ready,,1.0
3365,gHO_sBM_cAll_d20_mHO5_ch05,3.3903868000084265,7.083333333333333,ready,,1.0
3366,gHO_sBM_cAll_d20_mHO5_ch05,3.4071943000085683,7.083333333333333,ready,,1.0
3367,gHO_sBM_cAll_d20_mHO5_ch05,3.423857800007254,7.083333333333333,ready,,1.0
3368,gHO_sBM_cAll_d20_mHO5_ch05,3.4407838000074946,7.083333333333333,ready,,1.0
3369,gHO_sBM_cAll_d20_mHO5_ch05,3.4572230000080997,7.083333333333333,ready,,1.0
3370,gHO_sBM_cAll_d20_mHO5_ch05,3.4739194000062823,7.083333333333333,ready,,1.0
3371,gHO_sBM_cAll_d20_mHO5_ch05,3.490591400007846,7.083333333333333,ready,,1.0
3372,gHO_sBM_cAll_d20_mHO5_ch05,3.507454200007064,7.083333333333333,ready,,1.0
3373,gHO_sBM_cAll_d20_mHO5_ch05,3.5238043000058816,7.083333333333333,ready,,1.0
3374,gHO_sBM_cAll_d20_mHO5_ch05,3.540325100005735,7.083333333333333,ready,,1.0
3375,gHO_sBM_cAll_d20_mHO5_ch05,3.557177600006559,7.083333333333333,ready,,1.0
3376,gHO_sBM_cAll_d20_mHO5_ch05,3.573797500007947,7.083333333333333,ready,,1.0
3377,gHO_sBM_cAll_d20_mHO5_ch05,3.59046670000638,7.083333333333333,ready,,1.0
3378,gHO_sBM_cAll_d20_mHO5_ch05,3.607110400007094,7.083333333333333,ready,,1.0
3379,gHO_sBM_cAll_d20_mHO5_ch05,3.6240697000062387,7.083333333333333,ready,,1.0
3380,gHO_sBM_cAll_d20_mHO5_ch05,3.6406139000060103,7.083333333333333,ready,,1.0
3381,gHO_sBM_cAll_d20_mHO5_ch05,3.65700210000754,7.083333333333333,ready,,1.0
3382,gHO_sBM_cAll_d20_mHO5_ch05,3.6741333000059435,7.083333333333333,ready,,1.0
3383,gHO_sBM_cAll_d20_mHO5_ch05,3.690762600006148,7.083333333333333,ready,,1.0
3384,gHO_sBM_cAll_d20_mHO5_ch05,3.7072764000072698,7.083333333333333,ready,,1.0
3385,gHO_sBM_cAll_d20_mHO5_ch05,3.7239517000084956,7.083333333333333,ready,,1.0
3386,gHO_sBM_cAll_d20_mHO5_ch05,3.7405068000075916,7.083333333333333,ready,,1.0
3387,gHO_sBM_cAll_d20_mHO5_ch05,3.757384300005965,7.083333333333333,ready,,1.0
3388,gHO_sBM_cAll_d20_mHO5_ch05,3.773704000006133,7.083333333333333,ready,,1.0
3389,gHO_sBM_cAll_d20_mHO5_ch05,3.790564300008142,7.083333333333333,ready,,1.0
3390,gHO_sBM_cAll_d20_mHO5_ch05,3.807145800008172,7.083333333333333,ready,,1.0
3391,gHO_sBM_cAll_d20_mHO5_ch05,3.8237709000054996,7.083333333333333,ready,,1.0
3392,gHO_sBM_cAll_d20_mHO5_ch05,3.840397900006381,7.083333333333333,ready,,1.0
3393,gHO_sBM_cAll_d20_mHO5_ch05,3.8573367000058614,7.083333333333333,ready,,1.0
3394,gHO_sBM_cAll_d20_mHO5_ch05,3.8741187000082844,7.083333333333333,ready,,1.0
3395,gHO_sBM_cAll_d20_mHO5_ch05,3.890402700005825,7.083333333333333,ready,,1.0
3396,gHO_sBM_cAll_d20_mHO5_ch05,3.907180200006725,7.083333333333333,ready,,1.0
3397,gHO_sBM_cAll_d20_mHO5_ch05,3.9239066000077876,7.083333333333333,ready,,1.0
3398,gHO_sBM_cAll_d20_mHO5_ch05,3.940466600007815,7.083333333333333,ready,,1.0
3399,gHO_sBM_cAll_d20_mHO5_ch05,3.957137300006756,7.083333333333333,ready,,1.0
3400,gHO_sBM_cAll_d20_mHO5_ch05,3.973797800008064,7.083333333333333,ready,,1.0
3401,gHO_sBM_cAll_d20_mHO5_ch05,3.9905942000073584,7.083333333333333,ready,,1.0
3402,gHO_sBM_cAll_d20_mHO5_ch05,4.007239600006465,7.083333333333333,ready,,1.0
3403,gHO_sBM_cAll_d20_mHO5_ch05,4.023908200007604,7.083333333333333,ready,,1.0
3404,gHO_sBM_cAll_d20_mHO5_ch05,4.040425700007794,7.083333333333333,ready,,1.0
3405,gHO_sBM_cAll_d20_mHO5_ch05,4.057119300006482,7.083333333333333,ready,,1.0
3406,gHO_sBM_cAll_d20_mHO5_ch05,4.073736700007022,7.083333333333333,ready,,1.0
3407,gHO_sBM_cAll_d20_mHO5_ch05,4.090761000006342,7.083333333333333,ready,,1.0
3408,gHO_sBM_cAll_d20_mHO5_ch05,4.107275400008393,7.083333333333333,ready,,1.0
3409,gHO_sBM_cAll_d20_mHO5_ch05,4.123916200008852,7.083333333333333,ready,,1.0
3410,gHO_sBM_cAll_d20_mHO5_ch05,4.140723700008992,7.083333333333333,ready,,1.0
3411,gHO_sBM_cAll_d20_mHO5_ch05,4.157417100006157,7.083333333333333,ready,,1.0
3412,gHO_sBM_cAll_d20_mHO5_ch05,4.174062400008139,7.083333333333333,ready,,1.0
3413,gHO_sBM_cAll_d20_mHO5_ch05,4.190742800008179,7.083333333333333,ready,,1.0
3414,gHO_sBM_cAll_d20_mHO5_ch05,4.207268700006847,7.083333333333333,ready,,1.0
3415,gHO_sBM_cAll_d20_mHO5_ch05,4.2237358000088925,7.083333333333333,ready,,1.0
3416,gHO_sBM_cAll_d20_mHO5_ch05,4.240429500008342,7.083333333333333,ready,,1.0
3417,gHO_sBM_cAll_d20_mHO5_ch05,4.257340300005618,7.083333333333333,ready,,1.0
3418,gHO_sBM_cAll_d20_mHO5_ch05,4.274135100007279,7.083333333333333,ready,,1.0
3419,gHO_sBM_cAll_d20_mHO5_ch05,4.290666900007217,7.083333333333333,ready,,1.0
3420,gHO_sBM_cAll_d20_mHO5_ch05,4.307192800005885,7.083333333333333,ready,,1.0
3421,gHO_sBM_cAll_d20_mHO5_ch05,4.323918800007538,7.083333333333333,ready,,1.0
3422,gHO_sBM_cAll_d20_mHO5_ch05,4.34053520000774,7.083333333333333,ready,,1.0
3423,gHO_sBM_cAll_d20_mHO5_ch05,4.357203900006002,7.083333333333333,ready,,1.0
3424,gHO_sBM_cAll_d20_mHO5_ch05,4.373932000005456,7.083333333333333,ready,,1.0
3425,gHO_sBM_cAll_d20_mHO5_ch05,4.390467600008863,7.083333333333333,ready,,1.0
3426,gHO_sBM_cAll_d20_mHO5_ch05,4.406990600007277,7.083333333333333,ready,,1.0
3427,gHO_sBM_cAll_d20_mHO5_ch05,4.4241369000078805,7.083333333333333,ready,,1.0
3428,gHO_sBM_cAll_d20_mHO5_ch05,4.440310900008199,7.083333333333333,ready,,1.0
3429,gHO_sBM_cAll_d20_mHO5_ch05,4.4575671000089,7.083333333333333,ready,,1.0
3430,gHO_sBM_cAll_d20_mHO5_ch05,4.47411820000664,7.083333333333333,ready,,1.0
3431,gHO_sBM_cAll_d20_mHO5_ch05,4.490646900008439,7.083333333333333,ready,,1.0
3432,gHO_sBM_cAll_d20_mHO5_ch05,4.5072960000066145,7.083333333333333,ready,,1.0
3433,gHO_sBM_cAll_d20_mHO5_ch05,4.524046600006409,7.083333333333333,ready,,1.0
3434,gHO_sBM_cAll_d20_mHO5_ch05,4.540705800008731,7.083333333333333,ready,,1.0
3435,gHO_sBM_cAll_d20_mHO5_ch05,4.557411200006321,7.083333333333333,ready,,1.0
3436,gHO_sBM_cAll_d20_mHO5_ch05,4.574007900005674,7.083333333333333,ready,,1.0
3437,gHO_sBM_cAll_d20_mHO5_ch05,4.590769800007839,7.083333333333333,ready,,1.0
3438,gHO_sBM_cAll_d20_mHO5_ch05,4.6072953000071,7.083333333333333,ready,,1.0
3439,gHO_sBM_cAll_d20_mHO5_ch05,4.6239800000071405,7.083333333333333,ready,,1.0
3440,gHO_sBM_cAll_d20_mHO5_ch05,4.640733400006428,7.083333333333333,ready,,1.0
3441,gHO_sBM_cAll_d20_mHO5_ch05,4.657525200007074,7.083333333333333,ready,,1.0
3442,gHO_sBM_cAll_d20_mHO5_ch05,4.674025600008023,7.083333333333333,ready,,1.0
3443,gHO_sBM_cAll_d20_mHO5_ch05,4.690688300007892,7.083333333333333,ready,,1.0
3444,gHO_sBM_cAll_d20_mHO5_ch05,4.707393500007597,7.083333333333333,ready,,1.0
3445,gHO_sBM_cAll_d20_mHO5_ch05,4.723759000007261,7.083333333333333,ready,,1.0
3446,gHO_sBM_cAll_d20_mHO5_ch05,4.740786800007766,7.083333333333333,ready,,1.0
3447,gHO_sBM_cAll_d20_mHO5_ch05,4.757322200006012,7.083333333333333,ready,,1.0
3448,gHO_sBM_cAll_d20_mHO5_ch05,4.773653500007195,7.083333333333333,ready,,1.0
3449,gHO_sBM_cAll_d20_mHO5_ch05,4.7906841000071925,7.083333333333333,ready,,1.0
3450,gHO_sBM_cAll_d20_mHO5_ch05,4.8073486000062156,7.083333333333333,ready,,1.0
3451,gHO_sBM_cAll_d20_mHO5_ch05,4.824015000008792,7.083333333333333,ready,,1.0
3452,gHO_sBM_cAll_d20_mHO5_ch05,4.840683200006885,7.083333333333333,ready,,1.0
3453,gHO_sBM_cAll_d20_mHO5_ch05,4.85720420000826,7.083333333333333,ready,,1.0
3454,gHO_sBM_cAll_d20_mHO5_ch05,4.873883600007962,7.083333333333333,ready,,1.0
3455,gHO_sBM_cAll_d20_mHO5_ch05,4.890529800005883,7.083333333333333,ready,,1.0
3456,gHO_sBM_cAll_d20_mHO5_ch05,4.9071215000071815,7.083333333333333,ready,,1.0
3457,gHO_sBM_cAll_d20_mHO5_ch05,4.924030800007587,7.083333333333333,ready,,1.0
3458,gHO_sBM_cAll_d20_mHO5_ch05,4.940679700007878,7.083333333333333,ready,,1.0
3459,gHO_sBM_cAll_d20_mHO5_ch05,4.957221200008917,7.083333333333333,ready,,1.0
3460,gHO_sBM_cAll_d20_mHO5_ch05,4.973672800005715,7.083333333333333,ready,,1.0
3461,gHO_sBM_cAll_d20_mHO5_ch05,4.990598200008661,7.083333333333333,ready,,1.0
3462,gHO_sBM_cAll_d20_mHO5_ch05,5.007107000008088,7.083333333333333,ready,,1.0
3463,gHO_sBM_cAll_d20_mHO5_ch05,5.023730900007191,7.083333333333333,ready,,1.0
3464,gHO_sBM_cAll_d20_mHO5_ch05,5.040772000007105,7.083333333333333,ready,,1.0
3465,gHO_sBM_cAll_d20_mHO5_ch05,5.05729670000755,7.083333333333333,ready,,1.0
3466,gHO_sBM_cAll_d20_mHO5_ch05,5.07396640000615,7.083333333333333,ready,,1.0
3467,gHO_sBM_cAll_d20_mHO5_ch05,5.090691200005942,7.083333333333333,ready,,1.0
3468,gHO_sBM_cAll_d20_mHO5_ch05,5.107448600006584,7.083333333333333,ready,,1.0
3469,gHO_sBM_cAll_d20_mHO5_ch05,5.123832100008704,7.083333333333333,ready,,1.0
3470,gHO_sBM_cAll_d20_mHO5_ch05,5.14083540000819,7.083333333333333,ready,,1.0
3471,gHO_sBM_cAll_d20_mHO5_ch05,5.157332600006601,7.083333333333333,ready,,1.0
3472,gHO_sBM_cAll_d20_mHO5_ch05,5.173963500008074,7.083333333333333,ready,,0.9999695955270043
3473,gHO_sBM_cAll_d20_mHO5_ch05,5.190831800005514,7.083333333333333,ready,,0.9989513528421622
3474,gHO_sBM_cAll_d20_mHO5_ch05,5.207407300007149,7.083333333333333,ready,,0.9952299327054231
3475,gHO_sBM_cAll_d20_mHO5_ch05,5.2240662000071865,7.083333333333333,ready,,0.9873564219830144
3476,gHO_sBM_cAll_d20_mHO5_ch05,5.240340700008786,7.083333333333333,ready,,0.974662653888489
3477,gHO_sBM_cAll_d20_mHO5_ch05,5.257476400008711,7.083333333333333,ready,,0.9552267825881938
3478,gHO_sBM_cAll_d20_mHO5_ch05,5.273653700008691,7.083333333333333,ready,,0.9307847745927129
3479,gHO_sBM_cAll_d20_mHO5_ch05,5.290630400005721,7.083333333333333,ready,,0.8986581582019386
3480,gHO_sBM_cAll_d20_mHO5_ch05,5.307405900005942,7.083333333333333,ready,,0.860543709038801
3481,gHO_sBM_cAll_d20_mHO5_ch05,5.324134700007088,7.083333333333333,ready,,0.8166063642587716
3482,gHO_sBM_cAll_d20_mHO5_ch05,5.340663100006602,7.083333333333333,ready,,0.767938797850594
3483,gHO_sBM_cAll_d20_mHO5_ch05,5.357572800006416,7.083333333333333,ready,,0.7134859284449149
3484,gHO_sBM_cAll_d20_mHO5_ch05,5.3739540000055745,7.083333333333333,ready,,0.6570828435354892
3485,gHO_sBM_cAll_d20_mHO5_ch05,5.39047560000788,7.083333333333333,ready,,0.5975002127494877
3486,gHO_sBM_cAll_d20_mHO5_ch05,5.4070899000066435,7.083333333333333,ready,,0.5358777573225395
3487,gHO_sBM_cAll_d20_mHO5_ch05,5.423774600006684,7.083333333333333,ready,,0.47335961097542156
3488,gHO_sBM_cAll_d20_mHO5_ch05,5.440489600008251,7.083333333333333,ready,,0.4112033379418155
3489,gHO_sBM_cAll_d20_mHO5_ch05,5.457481700006129,7.083333333333333,ready,,0.34964157444263394
3490,gHO_sBM_cAll_d20_mHO5_ch05,5.473690500005859,7.083333333333333,ready,,0.29346187440780164
3491,gHO_sBM_cAll_d20_mHO5_ch05,5.490686000007798,7.083333333333333,ready,,0.23822256150155022
3492,gHO_sBM_cAll_d20_mHO5_ch05,5.507295800008676,7.083333333333333,ready,,0.18874262723829402
3493,gHO_sBM_cAll_d20_mHO5_ch05,5.523982000005587,7.083333333333333,ready,,0.14427091383747637
3494,gHO_sBM_cAll_d20_mHO5_ch05,5.5407123000072405,7.083333333333333,ready,,0.105538980057165
3495,gHO_sBM_cAll_d20_mHO5_ch05,5.557326900008288,7.083333333333333,ready,,0.07327231049604198
3496,gHO_sBM_cAll_d20_mHO5_ch05,5.5741054000058865,7.083333333333333,ready,,0.04712979947616074
3497,gHO_sBM_cAll_d20_mHO5_ch05,5.590391700006387,7.083333333333333,ready,,0.027872893659409165
3498,gHO_sBM_cAll_d20_mHO5_ch05,5.6072896000073,7.083333333333333,ready,,0.013905836012639164
3499,gHO_sBM_cAll_d20_mHO5_ch05,5.6236700000076425,7.083333333333333,ready,,0.005567037747237366
3500,gHO_sBM_cAll_d20_mHO5_ch05,5.640819100007739,7.083333333333333,ready,,0.001276584286401451
3501,gHO_sBM_cAll_d20_mHO5_ch05,5.657455100008027,7.083333333333333,ready,,6.081502414801427e-05
3502,gHO_sBM_cAll_d20_mHO5_ch05,5.666666666666667,7.083333333333333,executing,switch_start,0.0
3503,gHO_sBM_cAll_d20_mHO5_ch05,5.666666666666667,7.083333333333333,executing,,0.0
3504,gHO_sBM_cAll_d20_mHO5_ch05,5.666666666666667,7.083333333333333,executing,,0.0
3505,gHO_sBM_cAll_d20_mHO5_ch05,5.666666666666667,7.083333333333333,executing,,0.0
3506,gHO_sBM_cAll_d20_mHO5_ch05,5.666666666666667,7.083333333333333,executing,,0.0
3507,gHO_sBM_cAll_d20_mHO5_ch05,5.666666666666667,7.083333333333333,executing,,0.0
3508,gHO_sBM_cAll_d20_mHO5_ch05,5.666666666666667,7.083333333333333,executing,,0.0
3509,gHO_sBM_cAll_d20_mHO5_ch05,5.666666666666667,7.083333333333333,executing,,0.0
3510,gHO_sBM_cAll_d20_mHO5_ch05,5.666666666666667,7.083333333333333,executing,,0.0
3511,gHO_sBM_cAll_d20_mHO5_ch05,5.666666666666667,7.083333333333333,executing,,0.0
3512,gHO_sBM_cAll_d20_mHO5_ch05,5.666666666666667,7.083333333333333,executing,,0.0
3513,gHO_sBM_cAll_d20_mHO5_ch05,5.666666666666667,7.083333333333333,executing,,0.0
3514,gHO_sBM_cAll_d20_mHO5_ch05,5.666666666666667,7.083333333333333,executing,,0.0
3515,gHO_sBM_cAll_d20_mHO5_ch05,5.666666666666667,7.083333333333333,executing,,0.0
3516,gHO_sBM_cAll_d20_mHO5_ch05,5.666666666666667,7.083333333333333,executing,,0.0
3517,gHO_sBM_cAll_d20_mHO5_ch05,5.666666666666667,7.083333333333333,executing,,0.0
3518,gHO_sBM_cAll_d20_mHO5_ch05,5.666666666666667,7.083333333333333,executing,,0.0
3519,gHO_sBM_cAll_d20_mHO5_ch05,5.666666666666667,7.083333333333333,executing,,0.0
3520,gHO_sBM_cAll_d20_mHO5_ch05,5.666666666666667,7.083333333333333,executing,,0.0
3521,gHO_sBM_cAll_d20_mHO5_ch05,5.666666666666667,7.083333333333333,executing,,0.0
3522,gHO_sBM_cAll_d20_mHO5_ch05,5.666666666666667,7.083333333333333,executing,,0.0
3523,gHO_sBM_cAll_d19_mHO2_ch02,1.3238925000087571,7.983333333333333,awaiting_preparation,switch_complete,2.9531905822879892e-05
3524,gHO_sBM_cAll_d19_mHO2_ch02,1.340655500008385,7.983333333333333,loading,,0.0010264241595411322
3525,gHO_sBM_cAll_d19_mHO2_ch02,1.357182500008154,7.983333333333333,loading,,0.004694895877374372
3526,gHO_sBM_cAll_d19_mHO2_ch02,1.3738790000070973,7.983333333333333,loading,,0.0125279178397707
3527,gHO_sBM_cAll_d19_mHO2_ch02,1.3909048000069257,7.983333333333333,loading,,0.02587497745744238
3528,gHO_sBM_cAll_d19_mHO2_ch02,1.407021500007492,7.983333333333333,loading,,0.044172587284691346
3529,gHO_sBM_cAll_d19_mHO2_ch02,1.423816700008562,7.983333333333333,loading,,0.0694921848403873
3530,gHO_sBM_cAll_d19_mHO2_ch02,1.4403292000070602,7.983333333333333,loading,,0.1007145539969064
3531,gHO_sBM_cAll_d19_mHO2_ch02,1.4574477000069843,7.983333333333333,loading,,0.13955889770757265
3532,gHO_sBM_cAll_d19_mHO2_ch02,1.4740249000070131,7.983333333333333,loading,,0.18308708885457853
3533,gHO_sBM_cAll_d19_mHO2_ch02,1.4906405000084002,7.983333333333333,loading,,0.23199139840373828
3534,gHO_sBM_cAll_d19_mHO2_ch02,1.5074013000094661,7.983333333333333,loading,,0.28594100303205267
3535,gHO_sBM_cAll_d19_mHO2_ch02,1.52369090000963,7.983333333333333,loading,,0.34198763499600776
3536,gHO_sBM_cAll_d19_mHO2_ch02,1.5407815000081124,7.983333333333333,loading,,0.40362215954149483
3537,gHO_sBM_cAll_d19_mHO2_ch02,1.5573124000084742,7.983333333333333,loading,,0.4649542270759413
3538,gHO_sBM_cAll_d19_mHO2_ch02,1.5740477000081834,7.983333333333333,loading,,0.5276627945913953
3539,gHO_sBM_cAll_d19_mHO2_ch02,1.5907327000068714,7.983333333333333,loading,,0.5896916382036252
3540,gHO_sBM_cAll_d19_mHO2_ch02,1.6072967000082523,7.983333333333333,loading,,0.649701002024749
3541,gHO_sBM_cAll_d19_mHO2_ch02,1.6241019000090697,7.983333333333333,loading,,0.7079234205696202
3542,gHO_sBM_cAll_d19_mHO2_ch02,1.6408142000082686,7.983333333333333,loading,,0.7621774628095181
3543,gHO_sBM_cAll_d19_mHO2_ch02,1.6592296000063167,7.983333333333333,loading,,0.8166928424812597
3544,gHO_sBM_cAll_d19_mHO2_ch02,1.673838300009326,7.983333333333333,preparing,,0.8553702894218486
3545,gHO_sBM_cAll_d19_mHO2_ch02,1.6905636000092878,7.983333333333333,preparing,,0.8941439188629983
3546,gHO_sBM_cAll_d19_mHO2_ch02,1.7073519000087496,7.983333333333333,preparing,,0.9267714713865799
3547,gHO_sBM_cAll_d19_mHO2_ch02,1.724103100009476,7.983333333333333,preparing,,0.9528670600879251
3548,gHO_sBM_cAll_d19_mHO2_ch02,1.7403581000081128,7.983333333333333,preparing,,0.972093400928586
3549,gHO_sBM_cAll_d19_mHO2_ch02,1.757460100006089,7.983333333333333,preparing,,0.9862059242723705
3550,gHO_sBM_cAll_d19_mHO2_ch02,1.7740996000075635,7.983333333333333,preparing,,0.9945907612260404
3551,gHO_sBM_cAll_d19_mHO2_ch02,1.7906515000077585,7.983333333333333,preparing,,0.9986991004105161
3552,gHO_sBM_cAll_d19_mHO2_ch02,1.8070485000071737,7.983333333333333,preparing,,0.9999308566432393
3553,gHO_sBM_cAll_d19_mHO2_ch02,1.8237420000087392,7.983333333333333,preparing,,1.0
3554,gHO_sBM_cAll_d19_mHO2_ch02,1.8406605000064398,7.983333333333333,preparing,,1.0
3555,gHO_sBM_cAll_d19_mHO2_ch02,1.8572354000071452,7.983333333333333,preparing,,1.0
3556,gHO_sBM_cAll_d19_mHO2_ch02,1.8736949000095289,7.983333333333333,preparing,,1.0
3557,gHO_sBM_cAll_d19_mHO2_ch02,1.8905572000085764,7.983333333333333,preparing,,1.0
3558,gHO_sBM_cAll_d19_mHO2_ch02,1.9077585000096102,7.983333333333333,preparing,,1.0
3559,gHO_sBM_cAll_d19_mHO2_ch02,1.9238314000077177,7.983333333333333,preparing,,1.0
3560,gHO_sBM_cAll_d19_mHO2_ch02,1.9404245000087637,7.983333333333333,preparing,,1.0
3561,gHO_sBM_cAll_d19_mHO2_ch02,1.9570239000068492,7.983333333333333,preparing,,1.0
3562,gHO_sBM_cAll_d19_mHO2_ch02,1.974123400007617,7.983333333333333,preparing,,1.0
3563,gHO_sBM_cAll_d19_mHO2_ch02,1.9906505000081476,7.983333333333333,preparing,,1.0
3564,gHO_sBM_cAll_d19_mHO2_ch02,2.007216000006398,7.983333333333333,preparing,,1.0
3565,gHO_sBM_cAll_d19_mHO2_ch02,2.0241446000082464,7.983333333333333,preparing,,1.0
3566,gHO_sBM_cAll_d19_mHO2_ch02,2.040802800006593,7.983333333333333,preparing,,1.0
3567,gHO_sBM_cAll_d19_mHO2_ch02,2.057379900009499,7.983333333333333,preparing,,1.0
3568,gHO_sBM_cAll_d19_mHO2_ch02,2.073984800009447,7.983333333333333,preparing,,1.0
3569,gHO_sBM_cAll_d19_mHO2_ch02,2.0907925000074736,7.983333333333333,preparing,,1.0
3570,gHO_sBM_cAll_d19_mHO2_ch02,2.1073024000080025,7.983333333333333,preparing,,1.0
3571,gHO_sBM_cAll_d19_mHO2_ch02,2.124004300008047,7.983333333333333,preparing,,1.0
3572,gHO_sBM_cAll_d19_mHO2_ch02,2.140689300006736,7.983333333333333,preparing,,1.0
3573,gHO_sBM_cAll_d19_mHO2_ch02,2.1574533000067033,7.983333333333333,preparing,,1.0
3574,gHO_sBM_cAll_d19_mHO2_ch02,2.1740113000060535,7.983333333333333,preparing,,1.0
3575,gHO_sBM_cAll_d19_mHO2_ch02,2.190359600009355,7.983333333333333,preparing,,1.0
3576,gHO_sBM_cAll_d19_mHO2_ch02,2.209450700008415,7.983333333333333,ready,,1.0
3577,gHO_sBM_cAll_d19_mHO2_ch02,2.223671600008925,7.983333333333333,ready,,1.0
3578,gHO_sBM_cAll_d19_mHO2_ch02,2.2406875000061306,7.983333333333333,ready,,1.0
3579,gHO_sBM_cAll_d19_mHO2_ch02,2.257175500007249,7.983333333333333,ready,,1.0
3580,gHO_sBM_cAll_d19_mHO2_ch02,2.2737651000071106,7.983333333333333,ready,,1.0
3581,gHO_sBM_cAll_d19_mHO2_ch02,2.290333100006208,7.983333333333333,ready,,1.0
3582,gHO_sBM_cAll_d19_mHO2_ch02,2.3075198000088486,7.983333333333333,ready,,1.0
3583,gHO_sBM_cAll_d19_mHO2_ch02,2.3240806000076915,7.983333333333333,ready,,1.0
3584,gHO_sBM_cAll_d19_mHO2_ch02,2.34056860000881,7.983333333333333,ready,,1.0
3585,gHO_sBM_cAll_d19_mHO2_ch02,2.3574320000089584,7.983333333333333,ready,,1.0
3586,gHO_sBM_cAll_d19_mHO2_ch02,2.3740620000072172,7.983333333333333,ready,,1.0
3587,gHO_sBM_cAll_d19_mHO2_ch02,2.3907381000072587,7.983333333333333,ready,,1.0
3588,gHO_sBM_cAll_d19_mHO2_ch02,2.4069800000080095,7.983333333333333,ready,,1.0
3589,gHO_sBM_cAll_d19_mHO2_ch02,2.4237576000096706,7.983333333333333,ready,,1.0
3590,gHO_sBM_cAll_d19_mHO2_ch02,2.4405852000064305,7.983333333333333,ready,,1.0
3591,gHO_sBM_cAll_d19_mHO2_ch02,2.4571095000074687,7.983333333333333,ready,,1.0
3592,gHO_sBM_cAll_d19_mHO2_ch02,2.4738626000081116,7.983333333333333,ready,,1.0
3593,gHO_sBM_cAll_d19_mHO2_ch02,2.4905950000075676,7.983333333333333,ready,,1.0
3594,gHO_sBM_cAll_d19_mHO2_ch02,2.5071917000069224,7.983333333333333,ready,,1.0
3595,gHO_sBM_cAll_d19_mHO2_ch02,2.5238662000093326,7.983333333333333,ready,,1.0
3596,gHO_sBM_cAll_d19_mHO2_ch02,2.5404823000072514,7.983333333333333,ready,,1.0
3597,gHO_sBM_cAll_d19_mHO2_ch02,2.5570017000073584,7.983333333333333,ready,,1.0
3598,gHO_sBM_cAll_d19_mHO2_ch02,2.5736894000084165,7.983333333333333,ready,,1.0
3599,gHO_sBM_cAll_d19_mHO2_ch02,2.5905337000086472,7.983333333333333,ready,,1.0
3600,gHO_sBM_cAll_d19_mHO2_ch02,2.6072351000085225,7.983333333333333,ready,,1.0
3601,gHO_sBM_cAll_d19_mHO2_ch02,2.6239107000083948,7.983333333333333,ready,,1.0
3602,gHO_sBM_cAll_d19_mHO2_ch02,2.640629900009203,7.983333333333333,ready,,1.0
3603,gHO_sBM_cAll_d19_mHO2_ch02,2.657165900008381,7.983333333333333,ready,,1.0
3604,gHO_sBM_cAll_d19_mHO2_ch02,2.673829800006475,7.983333333333333,ready,,1.0
3605,gHO_sBM_cAll_d19_mHO2_ch02,2.6905703000094006,7.983333333333333,ready,,1.0
3606,gHO_sBM_cAll_d19_mHO2_ch02,2.707295500008602,7.983333333333333,ready,,1.0
3607,gHO_sBM_cAll_d19_mHO2_ch02,2.7239751000061903,7.983333333333333,ready,,1.0
3608,gHO_sBM_cAll_d19_mHO2_ch02,2.74050970000926,7.983333333333333,ready,,1.0
3609,gHO_sBM_cAll_d19_mHO2_ch02,2.7570854000087817,7.983333333333333,ready,,1.0
3610,gHO_sBM_cAll_d19_mHO2_ch02,2.773826000008831,7.983333333333333,ready,,1.0
3611,gHO_sBM_cAll_d19_mHO2_ch02,2.7906324000078726,7.983333333333333,ready,,1.0
3612,gHO_sBM_cAll_d19_mHO2_ch02,2.807340700009356,7.983333333333333,ready,,1.0
3613,gHO_sBM_cAll_d19_mHO2_ch02,2.823694600008005,7.983333333333333,ready,,1.0
3614,gHO_sBM_cAll_d19_mHO2_ch02,2.8407281000082585,7.983333333333333,ready,,1.0
3615,gHO_sBM_cAll_d19_mHO2_ch02,2.8572839000090466,7.983333333333333,ready,,1.0
3616,gHO_sBM_cAll_d19_mHO2_ch02,2.874002500008924,7.983333333333333,ready,,1.0
3617,gHO_sBM_cAll_d19_mHO2_ch02,2.890631200008198,7.983333333333333,ready,,1.0
3618,gHO_sBM_cAll_d19_mHO2_ch02,2.907339600006805,7.983333333333333,ready,,1.0
3619,gHO_sBM_cAll_d19_mHO2_ch02,2.924069800007699,7.983333333333333,ready,,1.0
3620,gHO_sBM_cAll_d19_mHO2_ch02,2.9406534000091673,7.983333333333333,ready,,1.0
3621,gHO_sBM_cAll_d19_mHO2_ch02,2.9572616000087772,7.983333333333333,ready,,1.0
3622,gHO_sBM_cAll_d19_mHO2_ch02,2.9741375000095194,7.983333333333333,ready,,1.0
3623,gHO_sBM_cAll_d19_mHO2_ch02,2.9908818000086383,7.983333333333333,ready,,1.0
3624,gHO_sBM_cAll_d19_mHO2_ch02,3.007021900009123,7.983333333333333,ready,,1.0
3625,gHO_sBM_cAll_d19_mHO2_ch02,3.0236978000076418,7.983333333333333,ready,,1.0
3626,gHO_sBM_cAll_d19_mHO2_ch02,3.0407631000062914,7.983333333333333,ready,,1.0
3627,gHO_sBM_cAll_d19_mHO2_ch02,3.057009800007212,7.983333333333333,ready,,1.0
3628,gHO_sBM_cAll_d19_mHO2_ch02,3.0737589000065006,7.983333333333333,ready,,1.0
3629,gHO_sBM_cAll_d19_mHO2_ch02,3.090799500006247,7.983333333333333,ready,,1.0
3630,gHO_sBM_cAll_d19_mHO2_ch02,3.1074479000063695,7.983333333333333,ready,,1.0
3631,gHO_sBM_cAll_d19_mHO2_ch02,3.1237350000093254,7.983333333333333,ready,,1.0
3632,gHO_sBM_cAll_d19_mHO2_ch02,3.140769500006279,7.983333333333333,ready,,1.0
3633,gHO_sBM_cAll_d19_mHO2_ch02,3.1573244000074903,7.983333333333333,ready,,1.0
3634,gHO_sBM_cAll_d19_mHO2_ch02,3.1740749000065254,7.983333333333333,ready,,1.0
3635,gHO_sBM_cAll_d19_mHO2_ch02,3.1905199000076387,7.983333333333333,ready,,1.0
3636,gHO_sBM_cAll_d19_mHO2_ch02,3.2070968000090216,7.983333333333333,ready,,1.0
3637,gHO_sBM_cAll_d19_mHO2_ch02,3.2238576000064505,7.983333333333333,ready,,1.0
