time,stage,weight,max_speed_rad_s,max_acceleration_rad_s2,left_ankle_pitch,left_ankle_roll,left_elbow,left_hip_pitch,left_hip_roll,left_hip_yaw,left_knee,left_shoulder_pitch,left_shoulder_roll,left_shoulder_yaw,left_wrist_pitch,left_wrist_roll,left_wrist_yaw,right_ankle_pitch,right_ankle_roll,right_elbow,right_hip_pitch,right_hip_roll,right_hip_yaw,right_knee,right_shoulder_pitch,right_shoulder_roll,right_shoulder_yaw,right_wrist_pitch,right_wrist_roll,right_wrist_yaw,waist_pitch,waist_roll,waist_yaw
0.0,action_a,0.0,0.0,0.0,-0.015451952815055847,-0.08667495101690292,0.8058106899261475,-0.007695820648223162,-0.35782870650291443,-0.09952390938997269,0.7512795925140381,-0.19884896278381348,-0.013045659288764,0.11064165085554123,0.007524206303060055,-0.14258278906345367,-0.2542867362499237,0.02030392736196518,0.03161837160587311,1.4760370254516602,-0.5363059639930725,-0.025107093155384064,0.06945650279521942,0.15532761812210083,-0.23068715631961823,-0.3195805847644806,-0.1317249834537506,-0.013645368628203869,0.007100827060639858,0.05551297962665558,0.30032476782798767,0.051438190042972565,-0.180088609457016
0.008333333333333748,action_a,0.0,0.0014019012451171875,0.0,-0.015452774241566658,-0.08667261153459549,0.80580735206604,-0.007698390632867813,-0.35782426595687866,-0.09952651709318161,0.7512823343276978,-0.1988564431667328,-0.013047615066170692,0.11063698679208755,0.007524998392909765,-0.1425868272781372,-0.2542906701564789,0.02030361257493496,0.031620439141988754,1.4760291576385498,-0.536307692527771,-0.025109197944402695,0.06945807486772537,0.15533404052257538,-0.23069463670253754,-0.3195689022541046,-0.13171884417533875,-0.013645322993397713,0.007101505994796753,0.05551330745220184,0.30032458901405334,0.051436468958854675,-0.18009039759635925
0.016666666666666607,action_a,0.0,0.0014019012451171875,0.00171661376953125,-0.015453596599400043,-0.08667027205228806,0.8058040142059326,-0.007700960151851177,-0.3578198552131653,-0.09952912479639053,0.7512851357460022,-0.1988639235496521,-0.01304957177489996,0.11063232272863388,0.007525790482759476,-0.14259088039398193,-0.25429460406303406,0.02030329778790474,0.0316225066781044,1.47602117061615,-0.5363094210624695,-0.025111302733421326,0.06945964694023132,0.15534046292304993,-0.23070211708545685,-0.31955721974372864,-0.13171270489692688,-0.013645277358591557,0.007102184928953648,0.055513639003038406,0.300324410200119,0.05143474414944649,-0.1800922006368637
0.025000000000000355,action_a,0.0,0.0,0.1682281494140625,-0.015453596599400043,-0.08667027205228806,0.8058040142059326,-0.007700960151851177,-0.3578198552131653,-0.09952912479639053,0.7512851357460022,-0.1988639235496521,-0.01304957177489996,0.11063232272863388,0.007525790482759476,-0.14259088039398193,-0.25429460406303406,0.02030329778790474,0.0316225066781044,1.47602117061615,-0.5363094210624695,-0.025111302733421326,0.06945964694023132,0.15534046292304993,-0.23070211708545685,-0.31955721974372864,-0.13171270489692688,-0.013645277358591557,0.007102184928953648,0.055513639003038406,0.300324410200119,0.05143474414944649,-0.1800922006368637
0.033333333333333215,action_a,0.0,0.0,0.0,-0.015453596599400043,-0.08667027205228806,0.8058040142059326,-0.007700960151851177,-0.3578198552131653,-0.09952912479639053,0.7512851357460022,-0.1988639235496521,-0.01304957177489996,0.11063232272863388,0.007525790482759476,-0.14259088039398193,-0.25429460406303406,0.02030329778790474,0.0316225066781044,1.47602117061615,-0.5363094210624695,-0.025111302733421326,0.06945964694023132,0.15534046292304993,-0.23070211708545685,-0.31955721974372864,-0.13171270489692688,-0.013645277358591557,0.007102184928953648,0.055513639003038406,0.300324410200119,0.05143474414944649,-0.1800922006368637
0.04166666666666696,action_a,0.0,0.0,0.0,-0.015453596599400043,-0.08667027205228806,0.8058040142059326,-0.007700960151851177,-0.3578198552131653,-0.09952912479639053,0.7512851357460022,-0.1988639235496521,-0.01304957177489996,0.11063232272863388,0.007525790482759476,-0.14259088039398193,-0.25429460406303406,0.02030329778790474,0.0316225066781044,1.47602117061615,-0.5363094210624695,-0.025111302733421326,0.06945964694023132,0.15534046292304993,-0.23070211708545685,-0.31955721974372864,-0.13171270489692688,-0.013645277358591557,0.007102184928953648,0.055513639003038406,0.300324410200119,0.05143474414944649,-0.1800922006368637
0.04999999999999982,action_a,0.0,0.0,0.0,-0.015453596599400043,-0.08667027205228806,0.8058040142059326,-0.007700960151851177,-0.3578198552131653,-0.09952912479639053,0.7512851357460022,-0.1988639235496521,-0.01304957177489996,0.11063232272863388,0.007525790482759476,-0.14259088039398193,-0.25429460406303406,0.02030329778790474,0.0316225066781044,1.47602117061615,-0.5363094210624695,-0.025111302733421326,0.06945964694023132,0.15534046292304993,-0.23070211708545685,-0.31955721974372864,-0.13171270489692688,-0.013645277358591557,0.007102184928953648,0.055513639003038406,0.300324410200119,0.05143474414944649,-0.1800922006368637
0.05833333333333357,action_a,0.0,0.0,0.0,-0.015453596599400043,-0.08667027205228806,0.8058040142059326,-0.007700960151851177,-0.3578198552131653,-0.09952912479639053,0.7512851357460022,-0.1988639235496521,-0.01304957177489996,0.11063232272863388,0.007525790482759476,-0.14259088039398193,-0.25429460406303406,0.02030329778790474,0.0316225066781044,1.47602117061615,-0.5363094210624695,-0.025111302733421326,0.06945964694023132,0.15534046292304993,-0.23070211708545685,-0.31955721974372864,-0.13171270489692688,-0.013645277358591557,0.007102184928953648,0.055513639003038406,0.300324410200119,0.05143474414944649,-0.1800922006368637
0.06666666666666643,action_a,0.0,0.0,0.0,-0.015453596599400043,-0.08667027205228806,0.8058040142059326,-0.007700960151851177,-0.3578198552131653,-0.09952912479639053,0.7512851357460022,-0.1988639235496521,-0.01304957177489996,0.11063232272863388,0.007525790482759476,-0.14259088039398193,-0.25429460406303406,0.02030329778790474,0.0316225066781044,1.47602117061615,-0.5363094210624695,-0.025111302733421326,0.06945964694023132,0.15534046292304993,-0.23070211708545685,-0.31955721974372864,-0.13171270489692688,-0.013645277358591557,0.007102184928953648,0.055513639003038406,0.300324410200119,0.05143474414944649,-0.1800922006368637
0.07500000000000018,action_a,0.0,0.0,0.0,-0.015453596599400043,-0.08667027205228806,0.8058040142059326,-0.007700960151851177,-0.3578198552131653,-0.09952912479639053,0.7512851357460022,-0.1988639235496521,-0.01304957177489996,0.11063232272863388,0.007525790482759476,-0.14259088039398193,-0.25429460406303406,0.02030329778790474,0.0316225066781044,1.47602117061615,-0.5363094210624695,-0.025111302733421326,0.06945964694023132,0.15534046292304993,-0.23070211708545685,-0.31955721974372864,-0.13171270489692688,-0.013645277358591557,0.007102184928953648,0.055513639003038406,0.300324410200119,0.05143474414944649,-0.1800922006368637
0.08333333333333304,action_a,0.0,0.0,0.0,-0.015453596599400043,-0.08667027205228806,0.8058040142059326,-0.007700960151851177,-0.3578198552131653,-0.09952912479639053,0.7512851357460022,-0.1988639235496521,-0.01304957177489996,0.11063232272863388,0.007525790482759476,-0.14259088039398193,-0.25429460406303406,0.02030329778790474,0.0316225066781044,1.47602117061615,-0.5363094210624695,-0.025111302733421326,0.06945964694023132,0.15534046292304993,-0.23070211708545685,-0.31955721974372864,-0.13171270489692688,-0.013645277358591557,0.007102184928953648,0.055513639003038406,0.300324410200119,0.05143474414944649,-0.1800922006368637
0.09166666666666679,action_a,0.0,0.0,0.0,-0.015453596599400043,-0.08667027205228806,0.8058040142059326,-0.007700960151851177,-0.3578198552131653,-0.09952912479639053,0.7512851357460022,-0.1988639235496521,-0.01304957177489996,0.11063232272863388,0.007525790482759476,-0.14259088039398193,-0.25429460406303406,0.02030329778790474,0.0316225066781044,1.47602117061615,-0.5363094210624695,-0.025111302733421326,0.06945964694023132,0.15534046292304993,-0.23070211708545685,-0.31955721974372864,-0.13171270489692688,-0.013645277358591557,0.007102184928953648,0.055513639003038406,0.300324410200119,0.05143474414944649,-0.1800922006368637
0.09999999999999964,action_a,0.0,0.0,0.0,-0.015453596599400043,-0.08667027205228806,0.8058040142059326,-0.007700960151851177,-0.3578198552131653,-0.09952912479639053,0.7512851357460022,-0.1988639235496521,-0.01304957177489996,0.11063232272863388,0.007525790482759476,-0.14259088039398193,-0.25429460406303406,0.02030329778790474,0.0316225066781044,1.47602117061615,-0.5363094210624695,-0.025111302733421326,0.06945964694023132,0.15534046292304993,-0.23070211708545685,-0.31955721974372864,-0.13171270489692688,-0.013645277358591557,0.007102184928953648,0.055513639003038406,0.300324410200119,0.05143474414944649,-0.1800922006368637
0.10833333333333339,action_a,0.0,0.0,0.0,-0.015453596599400043,-0.08667027205228806,0.8058040142059326,-0.007700960151851177,-0.3578198552131653,-0.09952912479639053,0.7512851357460022,-0.1988639235496521,-0.01304957177489996,0.11063232272863388,0.007525790482759476,-0.14259088039398193,-0.25429460406303406,0.02030329778790474,0.0316225066781044,1.47602117061615,-0.5363094210624695,-0.025111302733421326,0.06945964694023132,0.15534046292304993,-0.23070211708545685,-0.31955721974372864,-0.13171270489692688,-0.013645277358591557,0.007102184928953648,0.055513639003038406,0.300324410200119,0.05143474414944649,-0.1800922006368637
0.11666666666666625,action_a,0.0,0.0,0.0,-0.015453596599400043,-0.08667027205228806,0.8058040142059326,-0.007700960151851177,-0.3578198552131653,-0.09952912479639053,0.7512851357460022,-0.1988639235496521,-0.01304957177489996,0.11063232272863388,0.007525790482759476,-0.14259088039398193,-0.25429460406303406,0.02030329778790474,0.0316225066781044,1.47602117061615,-0.5363094210624695,-0.025111302733421326,0.06945964694023132,0.15534046292304993,-0.23070211708545685,-0.31955721974372864,-0.13171270489692688,-0.013645277358591557,0.007102184928953648,0.055513639003038406,0.300324410200119,0.05143474414944649,-0.1800922006368637
0.125,action_a,0.0,0.0,0.0,-0.015453596599400043,-0.08667027205228806,0.8058040142059326,-0.007700960151851177,-0.3578198552131653,-0.09952912479639053,0.7512851357460022,-0.1988639235496521,-0.01304957177489996,0.11063232272863388,0.007525790482759476,-0.14259088039398193,-0.25429460406303406,0.02030329778790474,0.0316225066781044,1.47602117061615,-0.5363094210624695,-0.025111302733421326,0.06945964694023132,0.15534046292304993,-0.23070211708545685,-0.31955721974372864,-0.13171270489692688,-0.013645277358591557,0.007102184928953648,0.055513639003038406,0.300324410200119,0.05143474414944649,-0.1800922006368637
0.13333333333333375,action_a,0.0,0.0,0.0,-0.015453596599400043,-0.08667027205228806,0.8058040142059326,-0.007700960151851177,-0.3578198552131653,-0.09952912479639053,0.7512851357460022,-0.1988639235496521,-0.01304957177489996,0.11063232272863388,0.007525790482759476,-0.14259088039398193,-0.25429460406303406,0.02030329778790474,0.0316225066781044,1.47602117061615,-0.5363094210624695,-0.025111302733421326,0.06945964694023132,0.15534046292304993,-0.23070211708545685,-0.31955721974372864,-0.13171270489692688,-0.013645277358591557,0.007102184928953648,0.055513639003038406,0.300324410200119,0.05143474414944649,-0.1800922006368637
0.1416666666666666,action_a,0.0,0.0,0.0,-0.015453596599400043,-0.08667027205228806,0.8058040142059326,-0.007700960151851177,-0.3578198552131653,-0.09952912479639053,0.7512851357460022,-0.1988639235496521,-0.01304957177489996,0.11063232272863388,0.007525790482759476,-0.14259088039398193,-0.25429460406303406,0.02030329778790474,0.0316225066781044,1.47602117061615,-0.5363094210624695,-0.025111302733421326,0.06945964694023132,0.15534046292304993,-0.23070211708545685,-0.31955721974372864,-0.13171270489692688,-0.013645277358591557,0.007102184928953648,0.055513639003038406,0.300324410200119,0.05143474414944649,-0.1800922006368637
0.15000000000000036,action_a,0.0,0.0,0.0,-0.015453596599400043,-0.08667027205228806,0.8058040142059326,-0.007700960151851177,-0.3578198552131653,-0.09952912479639053,0.7512851357460022,-0.1988639235496521,-0.01304957177489996,0.11063232272863388,0.007525790482759476,-0.14259088039398193,-0.25429460406303406,0.02030329778790474,0.0316225066781044,1.47602117061615,-0.5363094210624695,-0.025111302733421326,0.06945964694023132,0.15534046292304993,-0.23070211708545685,-0.31955721974372864,-0.13171270489692688,-0.013645277358591557,0.007102184928953648,0.055513639003038406,0.300324410200119,0.05143474414944649,-0.1800922006368637
0.15833333333333321,action_a,0.0,9.424781799316406,1130.9738159179688,-0.03725952282547951,-0.018588505685329437,0.7272641658782959,-0.06772757321596146,-0.27928003668785095,-0.14296498894691467,0.6745539903640747,-0.27740374207496643,-0.01182838436216116,0.03209250420331955,0.002423427067697048,-0.09884005039930344,-0.17575478553771973,-0.016009703278541565,0.11016231775283813,1.3974814414978027,-0.5371084809303284,0.053428515791893005,0.05143249034881592,0.23388028144836426,-0.30924192070961,-0.24844253063201904,-0.05317289009690285,-0.012091858312487602,0.026853855699300766,0.029974792152643204,0.37074702978134155,0.12901727855205536,-0.17907853424549103
0.16666666666666696,action_a,0.0,9.424781799316406,0.00171661376953125,-0.05906544625759125,0.04949326068162918,0.648724377155304,-0.12775418162345886,-0.20074023306369781,-0.1864008605480194,0.5978227853775024,-0.35594356060028076,-0.01060719694942236,-0.04644731432199478,-0.0026789361145347357,-0.05508922412991524,-0.09721498191356659,-0.05232270434498787,0.18870213627815247,1.318941593170166,-0.5379075407981873,0.13196833431720734,0.033405330032110214,0.3124200999736786,-0.3877817392349243,-0.17732785642147064,0.025366926565766335,-0.010538439266383648,0.04660552740097046,0.00443594716489315,0.4411696493625641,0.20659981667995453,-0.17806486785411835
0.17499999999999982,action_a,0.0,9.424781799316406,1304.884386062622,-0.05749395117163658,0.04698609188199043,0.570184588432312,-0.12690381705760956,-0.12220041453838348,-0.1835600584745407,0.5675355792045593,-0.4344833791255951,0.01325003057718277,-0.12498712539672852,-0.0027721920050680637,-0.03063034825026989,-0.03950051590800285,-0.05523434281349182,0.19218963384628296,1.2404017448425293,-0.5355254411697388,0.14441385865211487,0.02523188106715679,0.3909599184989929,-0.46632155776023865,-0.196830153465271,0.10390674322843552,-0.013505669310688972,0.04215368628501892,-0.012158431112766266,0.44381600618362427,0.20695826411247253,-0.17033089697360992
0.18333333333333357,action_a,0.0,9.424781799316406,0.000858306884765625,-0.055922456085681915,0.044478923082351685,0.4916447401046753,-0.12605345249176025,-0.04366059601306915,-0.180719256401062,0.5372483730316162,-0.5130231976509094,0.037107259035110474,-0.20352694392204285,-0.002865447662770748,-0.006171471904963255,0.018213948234915733,-0.05814598500728607,0.19567713141441345,1.1618618965148926,-0.5331432819366455,0.1568593680858612,0.01705843210220337,0.46949973702430725,-0.544861376285553,-0.21633245050907135,0.18244655430316925,-0.01647290028631687,0.03770184889435768,-0.028752809390425682,0.44646233320236206,0.20731671154499054,-0.1625969260931015
0.19166666666666643,action_a,0.0,9.424781799316406,446.00147008895874,-0.05380517244338989,0.04295223206281662,0.41310492157936096,-0.12234785407781601,0.03487921878695488,-0.17757652699947357,0.5023902058601379,-0.5915629863739014,0.053270768374204636,-0.2820667624473572,0.0003830494824796915,0.01640223152935505,0.044956088066101074,-0.059758588671684265,0.19248688220977783,1.0833220481872559,-0.5242115259170532,0.1564464569091797,0.011914159171283245,0.5480395555496216,-0.6234011650085449,-0.2514486610889435,0.2609863579273224,-0.014894967898726463,0.03063606657087803,-0.0421268530189991,0.4472218155860901,0.21033886075019836,-0.14941686391830444
0.20000000000000018,action_a,0.0,9.424781799316406,0.00171661376953125,-0.05168788507580757,0.041425541043281555,0.33456510305404663,-0.11864225566387177,0.11341903358697891,-0.17443379759788513,0.46753203868865967,-0.6701028347015381,0.0694342777132988,-0.3606065809726715,0.003631546627730131,0.03897593542933464,0.07169822603464127,-0.06137119233608246,0.1892966479063034,1.0047823190689087,-0.5152798295021057,0.15603354573249817,0.006769886706024408,0.6265793442726135,-0.7019410133361816,-0.2865648865699768,0.3395261764526367,-0.013317035511136055,0.023570284247398376,-0.05550089851021767,0.4479813277721405,0.21336102485656738,-0.1362367868423462
0.20833333333333304,action_a,0.0,9.424781799316406,1053.0107975006104,-0.049516186118125916,0.03821001201868057,0.3291510343551636,-0.10664597153663635,0.12704196572303772,-0.16848328709602356,0.4341176152229309,-0.7486426830291748,0.08256518840789795,-0.43914639949798584,0.011818801052868366,0.05054349824786186,0.09513331949710846,-0.06067708879709244,0.18292053043842316,0.926242470741272,-0.49859291315078735,0.1531997174024582,0.0043987673707306385,0.7051191329956055,-0.7804808616638184,-0.32850342988967896,0.41806599497795105,-0.015385808423161507,0.014778653159737587,-0.07336349785327911,0.4606298804283142,0.2183270901441574,-0.12250049412250519
0.21666666666666679,action_a,0.0,9.424781799316406,0.000858306884765625,-0.04734449088573456,0.03499447926878929,0.3237369954586029,-0.09464968740940094,0.14066489040851593,-0.16253279149532318,0.40070316195487976,-0.8271824717521667,0.0956960991024971,-0.5176861882209778,0.020006055012345314,0.062111061066389084,0.11856840550899506,-0.05998298153281212,0.1765444129705429,0.84770268201828,-0.481905996799469,0.1503658890724182,0.0020276480354368687,0.7836589813232422,-0.8590206503868103,-0.3704420030117035,0.4966058135032654,-0.01745458133518696,0.005987021140754223,-0.09122610092163086,0.4732784032821655,0.22329315543174744,-0.10876419395208359
0.22499999999999964,action_a,0.0,3.1264472007751465,755.8010101318359,-0.04628114402294159,0.03409242257475853,0.3324061632156372,-0.0939139574766159,0.14063653349876404,-0.1608467400074005,0.3915850818157196,-0.853236198425293,0.10156414657831192,-0.543739914894104,0.021020065993070602,0.06438595056533813,0.12417955696582794,-0.059819020330905914,0.17460766434669495,0.8216489553451538,-0.4784178137779236,0.14846061170101166,0.002278668340295553,0.8097126483917236,-0.8850743770599365,-0.3850385546684265,0.5226595401763916,-0.019345466047525406,0.0017749695107340813,-0.09726229310035706,0.4706639051437378,0.22598016262054443,-0.10369975864887238
0.2333333333333325,action_a,0.0,3.1264472007751465,0.000858306884765625,-0.04521779716014862,0.03319036588072777,0.3410753309726715,-0.09317823499441147,0.14060819149017334,-0.15916070342063904,0.38246700167655945,-0.8792898654937744,0.10743219405412674,-0.5697936415672302,0.02203407883644104,0.06666083633899689,0.12979070842266083,-0.05965506285429001,0.17267093062400818,0.7955952286720276,-0.4749296307563782,0.1465553343296051,0.002529688412323594,0.8357663750648499,-0.911128044128418,-0.39963510632514954,0.548713207244873,-0.021236350759863853,-0.0024370821192860603,-0.10329848527908325,0.46804940700531006,0.22866716980934143,-0.09863531589508057
0.24166666666666714,action_a,0.0,0.0,375.1736640930176,-0.04521779716014862,0.03319036588072777,0.3410753309726715,-0.09317823499441147,0.14060819149017334,-0.15916070342063904,0.38246700167655945,-0.8792898654937744,0.10743219405412674,-0.5697936415672302,0.02203407883644104,0.06666083633899689,0.12979070842266083,-0.05965506285429001,0.17267093062400818,0.7955952286720276,-0.4749296307563782,0.1465553343296051,0.002529688412323594,0.8357663750648499,-0.911128044128418,-0.39963510632514954,0.548713207244873,-0.021236350759863853,-0.0024370821192860603,-0.10329848527908325,0.46804940700531006,0.22866716980934143,-0.09863531589508057
0.25,action_a,0.0,0.0,0.0,-0.04521779716014862,0.03319036588072777,0.3410753309726715,-0.09317823499441147,0.14060819149017334,-0.15916070342063904,0.38246700167655945,-0.8792898654937744,0.10743219405412674,-0.5697936415672302,0.02203407883644104,0.06666083633899689,0.12979070842266083,-0.05965506285429001,0.17267093062400818,0.7955952286720276,-0.4749296307563782,0.1465553343296051,0.002529688412323594,0.8357663750648499,-0.911128044128418,-0.39963510632514954,0.548713207244873,-0.021236350759863853,-0.0024370821192860603,-0.10329848527908325,0.46804940700531006,0.22866716980934143,-0.09863531589508057
0.25833333333333286,action_a,0.0,0.0,0.0,-0.04521779716014862,0.03319036588072777,0.3410753309726715,-0.09317823499441147,0.14060819149017334,-0.15916070342063904,0.38246700167655945,-0.8792898654937744,0.10743219405412674,-0.5697936415672302,0.02203407883644104,0.06666083633899689,0.12979070842266083,-0.05965506285429001,0.17267093062400818,0.7955952286720276,-0.4749296307563782,0.1465553343296051,0.002529688412323594,0.8357663750648499,-0.911128044128418,-0.39963510632514954,0.548713207244873,-0.021236350759863853,-0.0024370821192860603,-0.10329848527908325,0.46804940700531006,0.22866716980934143,-0.09863531589508057
0.2666666666666675,action_a,0.0,0.0,0.0,-0.04521779716014862,0.03319036588072777,0.3410753309726715,-0.09317823499441147,0.14060819149017334,-0.15916070342063904,0.38246700167655945,-0.8792898654937744,0.10743219405412674,-0.5697936415672302,0.02203407883644104,0.06666083633899689,0.12979070842266083,-0.05965506285429001,0.17267093062400818,0.7955952286720276,-0.4749296307563782,0.1465553343296051,0.002529688412323594,0.8357663750648499,-0.911128044128418,-0.39963510632514954,0.548713207244873,-0.021236350759863853,-0.0024370821192860603,-0.10329848527908325,0.46804940700531006,0.22866716980934143,-0.09863531589508057
0.27500000000000036,action_a,0.0,0.0,0.0,-0.04521779716014862,0.03319036588072777,0.3410753309726715,-0.09317823499441147,0.14060819149017334,-0.15916070342063904,0.38246700167655945,-0.8792898654937744,0.10743219405412674,-0.5697936415672302,0.02203407883644104,0.06666083633899689,0.12979070842266083,-0.05965506285429001,0.17267093062400818,0.7955952286720276,-0.4749296307563782,0.1465553343296051,0.002529688412323594,0.8357663750648499,-0.911128044128418,-0.39963510632514954,0.548713207244873,-0.021236350759863853,-0.0024370821192860603,-0.10329848527908325,0.46804940700531006,0.22866716980934143,-0.09863531589508057
0.2833333333333332,action_a,0.0,0.0,0.0,-0.04521779716014862,0.03319036588072777,0.3410753309726715,-0.09317823499441147,0.14060819149017334,-0.15916070342063904,0.38246700167655945,-0.8792898654937744,0.10743219405412674,-0.5697936415672302,0.02203407883644104,0.06666083633899689,0.12979070842266083,-0.05965506285429001,0.17267093062400818,0.7955952286720276,-0.4749296307563782,0.1465553343296051,0.002529688412323594,0.8357663750648499,-0.911128044128418,-0.39963510632514954,0.548713207244873,-0.021236350759863853,-0.0024370821192860603,-0.10329848527908325,0.46804940700531006,0.22866716980934143,-0.09863531589508057
0.2916666666666661,action_a,0.0,0.0,0.0,-0.04521779716014862,0.03319036588072777,0.3410753309726715,-0.09317823499441147,0.14060819149017334,-0.15916070342063904,0.38246700167655945,-0.8792898654937744,0.10743219405412674,-0.5697936415672302,0.02203407883644104,0.06666083633899689,0.12979070842266083,-0.05965506285429001,0.17267093062400818,0.7955952286720276,-0.4749296307563782,0.1465553343296051,0.002529688412323594,0.8357663750648499,-0.911128044128418,-0.39963510632514954,0.548713207244873,-0.021236350759863853,-0.0024370821192860603,-0.10329848527908325,0.46804940700531006,0.22866716980934143,-0.09863531589508057
0.3000000000000007,action_a,0.0,0.0,0.0,-0.04521779716014862,0.03319036588072777,0.3410753309726715,-0.09317823499441147,0.14060819149017334,-0.15916070342063904,0.38246700167655945,-0.8792898654937744,0.10743219405412674,-0.5697936415672302,0.02203407883644104,0.06666083633899689,0.12979070842266083,-0.05965506285429001,0.17267093062400818,0.7955952286720276,-0.4749296307563782,0.1465553343296051,0.002529688412323594,0.8357663750648499,-0.911128044128418,-0.39963510632514954,0.548713207244873,-0.021236350759863853,-0.0024370821192860603,-0.10329848527908325,0.46804940700531006,0.22866716980934143,-0.09863531589508057
0.30833333333333357,action_a,0.0,0.0,0.0,-0.04521779716014862,0.03319036588072777,0.3410753309726715,-0.09317823499441147,0.14060819149017334,-0.15916070342063904,0.38246700167655945,-0.8792898654937744,0.10743219405412674,-0.5697936415672302,0.02203407883644104,0.06666083633899689,0.12979070842266083,-0.05965506285429001,0.17267093062400818,0.7955952286720276,-0.4749296307563782,0.1465553343296051,0.002529688412323594,0.8357663750648499,-0.911128044128418,-0.39963510632514954,0.548713207244873,-0.021236350759863853,-0.0024370821192860603,-0.10329848527908325,0.46804940700531006,0.22866716980934143,-0.09863531589508057
0.31666666666666643,action_a,0.0,0.0,0.0,-0.04521779716014862,0.03319036588072777,0.3410753309726715,-0.09317823499441147,0.14060819149017334,-0.15916070342063904,0.38246700167655945,-0.8792898654937744,0.10743219405412674,-0.5697936415672302,0.02203407883644104,0.06666083633899689,0.12979070842266083,-0.05965506285429001,0.17267093062400818,0.7955952286720276,-0.4749296307563782,0.1465553343296051,0.002529688412323594,0.8357663750648499,-0.911128044128418,-0.39963510632514954,0.548713207244873,-0.021236350759863853,-0.0024370821192860603,-0.10329848527908325,0.46804940700531006,0.22866716980934143,-0.09863531589508057
0.3249999999999993,action_a,0.0,0.0,0.0,-0.04521779716014862,0.03319036588072777,0.3410753309726715,-0.09317823499441147,0.14060819149017334,-0.15916070342063904,0.38246700167655945,-0.8792898654937744,0.10743219405412674,-0.5697936415672302,0.02203407883644104,0.06666083633899689,0.12979070842266083,-0.05965506285429001,0.17267093062400818,0.7955952286720276,-0.4749296307563782,0.1465553343296051,0.002529688412323594,0.8357663750648499,-0.911128044128418,-0.39963510632514954,0.548713207244873,-0.021236350759863853,-0.0024370821192860603,-0.10329848527908325,0.46804940700531006,0.22866716980934143,-0.09863531589508057
0.3333333333333339,action_a,0.0,0.0,0.0,-0.04521779716014862,0.03319036588072777,0.3410753309726715,-0.09317823499441147,0.14060819149017334,-0.15916070342063904,0.38246700167655945,-0.8792898654937744,0.10743219405412674,-0.5697936415672302,0.02203407883644104,0.06666083633899689,0.12979070842266083,-0.05965506285429001,0.17267093062400818,0.7955952286720276,-0.4749296307563782,0.1465553343296051,0.002529688412323594,0.8357663750648499,-0.911128044128418,-0.39963510632514954,0.548713207244873,-0.021236350759863853,-0.0024370821192860603,-0.10329848527908325,0.46804940700531006,0.22866716980934143,-0.09863531589508057
0.3416666666666668,action_a,0.0,0.0,0.0,-0.04521779716014862,0.03319036588072777,0.3410753309726715,-0.09317823499441147,0.14060819149017334,-0.15916070342063904,0.38246700167655945,-0.8792898654937744,0.10743219405412674,-0.5697936415672302,0.02203407883644104,0.06666083633899689,0.12979070842266083,-0.05965506285429001,0.17267093062400818,0.7955952286720276,-0.4749296307563782,0.1465553343296051,0.002529688412323594,0.8357663750648499,-0.911128044128418,-0.39963510632514954,0.548713207244873,-0.021236350759863853,-0.0024370821192860603,-0.10329848527908325,0.46804940700531006,0.22866716980934143,-0.09863531589508057
0.34999999999999964,action_a,0.0,0.0,0.0,-0.04521779716014862,0.03319036588072777,0.3410753309726715,-0.09317823499441147,0.14060819149017334,-0.15916070342063904,0.38246700167655945,-0.8792898654937744,0.10743219405412674,-0.5697936415672302,0.02203407883644104,0.06666083633899689,0.12979070842266083,-0.05965506285429001,0.17267093062400818,0.7955952286720276,-0.4749296307563782,0.1465553343296051,0.002529688412323594,0.8357663750648499,-0.911128044128418,-0.39963510632514954,0.548713207244873,-0.021236350759863853,-0.0024370821192860603,-0.10329848527908325,0.46804940700531006,0.22866716980934143,-0.09863531589508057
0.3583333333333325,action_a,0.0,0.0,0.0,-0.04521779716014862,0.03319036588072777,0.3410753309726715,-0.09317823499441147,0.14060819149017334,-0.15916070342063904,0.38246700167655945,-0.8792898654937744,0.10743219405412674,-0.5697936415672302,0.02203407883644104,0.06666083633899689,0.12979070842266083,-0.05965506285429001,0.17267093062400818,0.7955952286720276,-0.4749296307563782,0.1465553343296051,0.002529688412323594,0.8357663750648499,-0.911128044128418,-0.39963510632514954,0.548713207244873,-0.021236350759863853,-0.0024370821192860603,-0.10329848527908325,0.46804940700531006,0.22866716980934143,-0.09863531589508057
0.36666666666666714,action_a,0.0,0.0,0.0,-0.04521779716014862,0.03319036588072777,0.3410753309726715,-0.09317823499441147,0.14060819149017334,-0.15916070342063904,0.38246700167655945,-0.8792898654937744,0.10743219405412674,-0.5697936415672302,0.02203407883644104,0.06666083633899689,0.12979070842266083,-0.05965506285429001,0.17267093062400818,0.7955952286720276,-0.4749296307563782,0.1465553343296051,0.002529688412323594,0.8357663750648499,-0.911128044128418,-0.39963510632514954,0.548713207244873,-0.021236350759863853,-0.0024370821192860603,-0.10329848527908325,0.46804940700531006,0.22866716980934143,-0.09863531589508057
0.375,action_a,0.0,0.0,0.0,-0.04521779716014862,0.03319036588072777,0.3410753309726715,-0.09317823499441147,0.14060819149017334,-0.15916070342063904,0.38246700167655945,-0.8792898654937744,0.10743219405412674,-0.5697936415672302,0.02203407883644104,0.06666083633899689,0.12979070842266083,-0.05965506285429001,0.17267093062400818,0.7955952286720276,-0.4749296307563782,0.1465553343296051,0.002529688412323594,0.8357663750648499,-0.911128044128418,-0.39963510632514954,0.548713207244873,-0.021236350759863853,-0.0024370821192860603,-0.10329848527908325,0.46804940700531006,0.22866716980934143,-0.09863531589508057
0.38333333333333286,action_a,0.0,0.0,0.0,-0.04521779716014862,0.03319036588072777,0.3410753309726715,-0.09317823499441147,0.14060819149017334,-0.15916070342063904,0.38246700167655945,-0.8792898654937744,0.10743219405412674,-0.5697936415672302,0.02203407883644104,0.06666083633899689,0.12979070842266083,-0.05965506285429001,0.17267093062400818,0.7955952286720276,-0.4749296307563782,0.1465553343296051,0.002529688412323594,0.8357663750648499,-0.911128044128418,-0.39963510632514954,0.548713207244873,-0.021236350759863853,-0.0024370821192860603,-0.10329848527908325,0.46804940700531006,0.22866716980934143,-0.09863531589508057
0.3916666666666675,action_a,0.0,0.0,0.0,-0.04521779716014862,0.03319036588072777,0.3410753309726715,-0.09317823499441147,0.14060819149017334,-0.15916070342063904,0.38246700167655945,-0.8792898654937744,0.10743219405412674,-0.5697936415672302,0.02203407883644104,0.06666083633899689,0.12979070842266083,-0.05965506285429001,0.17267093062400818,0.7955952286720276,-0.4749296307563782,0.1465553343296051,0.002529688412323594,0.8357663750648499,-0.911128044128418,-0.39963510632514954,0.548713207244873,-0.021236350759863853,-0.0024370821192860603,-0.10329848527908325,0.46804940700531006,0.22866716980934143,-0.09863531589508057
0.40000000000000036,action_a,0.0,0.0,0.0,-0.04521779716014862,0.03319036588072777,0.3410753309726715,-0.09317823499441147,0.14060819149017334,-0.15916070342063904,0.38246700167655945,-0.8792898654937744,0.10743219405412674,-0.5697936415672302,0.02203407883644104,0.06666083633899689,0.12979070842266083,-0.05965506285429001,0.17267093062400818,0.7955952286720276,-0.4749296307563782,0.1465553343296051,0.002529688412323594,0.8357663750648499,-0.911128044128418,-0.39963510632514954,0.548713207244873,-0.021236350759863853,-0.0024370821192860603,-0.10329848527908325,0.46804940700531006,0.22866716980934143,-0.09863531589508057
0.4083333333333332,action_a,0.0,0.0,0.0,-0.04521779716014862,0.03319036588072777,0.3410753309726715,-0.09317823499441147,0.14060819149017334,-0.15916070342063904,0.38246700167655945,-0.8792898654937744,0.10743219405412674,-0.5697936415672302,0.02203407883644104,0.06666083633899689,0.12979070842266083,-0.05965506285429001,0.17267093062400818,0.7955952286720276,-0.4749296307563782,0.1465553343296051,0.002529688412323594,0.8357663750648499,-0.911128044128418,-0.39963510632514954,0.548713207244873,-0.021236350759863853,-0.0024370821192860603,-0.10329848527908325,0.46804940700531006,0.22866716980934143,-0.09863531589508057
0.4166666666666661,action_a,0.0,0.0,0.0,-0.04521779716014862,0.03319036588072777,0.3410753309726715,-0.09317823499441147,0.14060819149017334,-0.15916070342063904,0.38246700167655945,-0.8792898654937744,0.10743219405412674,-0.5697936415672302,0.02203407883644104,0.06666083633899689,0.12979070842266083,-0.05965506285429001,0.17267093062400818,0.7955952286720276,-0.4749296307563782,0.1465553343296051,0.002529688412323594,0.8357663750648499,-0.911128044128418,-0.39963510632514954,0.548713207244873,-0.021236350759863853,-0.0024370821192860603,-0.10329848527908325,0.46804940700531006,0.22866716980934143,-0.09863531589508057
0.4250000000000007,action_a,0.0,0.0,0.0,-0.04521779716014862,0.03319036588072777,0.3410753309726715,-0.09317823499441147,0.14060819149017334,-0.15916070342063904,0.38246700167655945,-0.8792898654937744,0.10743219405412674,-0.5697936415672302,0.02203407883644104,0.06666083633899689,0.12979070842266083,-0.05965506285429001,0.17267093062400818,0.7955952286720276,-0.4749296307563782,0.1465553343296051,0.002529688412323594,0.8357663750648499,-0.911128044128418,-0.39963510632514954,0.548713207244873,-0.021236350759863853,-0.0024370821192860603,-0.10329848527908325,0.46804940700531006,0.22866716980934143,-0.09863531589508057
0.43333333333333357,action_a,0.0,0.0,0.0,-0.04521779716014862,0.03319036588072777,0.3410753309726715,-0.09317823499441147,0.14060819149017334,-0.15916070342063904,0.38246700167655945,-0.8792898654937744,0.10743219405412674,-0.5697936415672302,0.02203407883644104,0.06666083633899689,0.12979070842266083,-0.05965506285429001,0.17267093062400818,0.7955952286720276,-0.4749296307563782,0.1465553343296051,0.002529688412323594,0.8357663750648499,-0.911128044128418,-0.39963510632514954,0.548713207244873,-0.021236350759863853,-0.0024370821192860603,-0.10329848527908325,0.46804940700531006,0.22866716980934143,-0.09863531589508057
0.44166666666666643,action_a,0.0,0.0,0.0,-0.04521779716014862,0.03319036588072777,0.3410753309726715,-0.09317823499441147,0.14060819149017334,-0.15916070342063904,0.38246700167655945,-0.8792898654937744,0.10743219405412674,-0.5697936415672302,0.02203407883644104,0.06666083633899689,0.12979070842266083,-0.05965506285429001,0.17267093062400818,0.7955952286720276,-0.4749296307563782,0.1465553343296051,0.002529688412323594,0.8357663750648499,-0.911128044128418,-0.39963510632514954,0.548713207244873,-0.021236350759863853,-0.0024370821192860603,-0.10329848527908325,0.46804940700531006,0.22866716980934143,-0.09863531589508057
0.4499999999999993,action_a,0.0,0.0,0.0,-0.04521779716014862,0.03319036588072777,0.3410753309726715,-0.09317823499441147,0.14060819149017334,-0.15916070342063904,0.38246700167655945,-0.8792898654937744,0.10743219405412674,-0.5697936415672302,0.02203407883644104,0.06666083633899689,0.12979070842266083,-0.05965506285429001,0.17267093062400818,0.7955952286720276,-0.4749296307563782,0.1465553343296051,0.002529688412323594,0.8357663750648499,-0.911128044128418,-0.39963510632514954,0.548713207244873,-0.021236350759863853,-0.0024370821192860603,-0.10329848527908325,0.46804940700531006,0.22866716980934143,-0.09863531589508057
0.4583333333333339,action_a,0.0,0.0,0.0,-0.04521779716014862,0.03319036588072777,0.3410753309726715,-0.09317823499441147,0.14060819149017334,-0.15916070342063904,0.38246700167655945,-0.8792898654937744,0.10743219405412674,-0.5697936415672302,0.02203407883644104,0.06666083633899689,0.12979070842266083,-0.05965506285429001,0.17267093062400818,0.7955952286720276,-0.4749296307563782,0.1465553343296051,0.002529688412323594,0.8357663750648499,-0.911128044128418,-0.39963510632514954,0.548713207244873,-0.021236350759863853,-0.0024370821192860603,-0.10329848527908325,0.46804940700531006,0.22866716980934143,-0.09863531589508057
0.4666666666666668,action_a,0.0,0.0,0.0,-0.04521779716014862,0.03319036588072777,0.3410753309726715,-0.09317823499441147,0.14060819149017334,-0.15916070342063904,0.38246700167655945,-0.8792898654937744,0.10743219405412674,-0.5697936415672302,0.02203407883644104,0.06666083633899689,0.12979070842266083,-0.05965506285429001,0.17267093062400818,0.7955952286720276,-0.4749296307563782,0.1465553343296051,0.002529688412323594,0.8357663750648499,-0.911128044128418,-0.39963510632514954,0.548713207244873,-0.021236350759863853,-0.0024370821192860603,-0.10329848527908325,0.46804940700531006,0.22866716980934143,-0.09863531589508057
0.47499999999999964,action_a,0.0,0.0,0.0,-0.04521779716014862,0.03319036588072777,0.3410753309726715,-0.09317823499441147,0.14060819149017334,-0.15916070342063904,0.38246700167655945,-0.8792898654937744,0.10743219405412674,-0.5697936415672302,0.02203407883644104,0.06666083633899689,0.12979070842266083,-0.05965506285429001,0.17267093062400818,0.7955952286720276,-0.4749296307563782,0.1465553343296051,0.002529688412323594,0.8357663750648499,-0.911128044128418,-0.39963510632514954,0.548713207244873,-0.021236350759863853,-0.0024370821192860603,-0.10329848527908325,0.46804940700531006,0.22866716980934143,-0.09863531589508057
0.4833333333333325,action_a,0.0,0.0,0.0,-0.04521779716014862,0.03319036588072777,0.3410753309726715,-0.09317823499441147,0.14060819149017334,-0.15916070342063904,0.38246700167655945,-0.8792898654937744,0.10743219405412674,-0.5697936415672302,0.02203407883644104,0.06666083633899689,0.12979070842266083,-0.05965506285429001,0.17267093062400818,0.7955952286720276,-0.4749296307563782,0.1465553343296051,0.002529688412323594,0.8357663750648499,-0.911128044128418,-0.39963510632514954,0.548713207244873,-0.021236350759863853,-0.0024370821192860603,-0.10329848527908325,0.46804940700531006,0.22866716980934143,-0.09863531589508057
0.49166666666666714,action_a,0.0,0.0,0.0,-0.04521779716014862,0.03319036588072777,0.3410753309726715,-0.09317823499441147,0.14060819149017334,-0.15916070342063904,0.38246700167655945,-0.8792898654937744,0.10743219405412674,-0.5697936415672302,0.02203407883644104,0.06666083633899689,0.12979070842266083,-0.05965506285429001,0.17267093062400818,0.7955952286720276,-0.4749296307563782,0.1465553343296051,0.002529688412323594,0.8357663750648499,-0.911128044128418,-0.39963510632514954,0.548713207244873,-0.021236350759863853,-0.0024370821192860603,-0.10329848527908325,0.46804940700531006,0.22866716980934143,-0.09863531589508057
0.5,action_a,0.0,0.0,0.0,-0.04521779716014862,0.03319036588072777,0.3410753309726715,-0.09317823499441147,0.14060819149017334,-0.15916070342063904,0.38246700167655945,-0.8792898654937744,0.10743219405412674,-0.5697936415672302,0.02203407883644104,0.06666083633899689,0.12979070842266083,-0.05965506285429001,0.17267093062400818,0.7955952286720276,-0.4749296307563782,0.1465553343296051,0.002529688412323594,0.8357663750648499,-0.911128044128418,-0.39963510632514954,0.548713207244873,-0.021236350759863853,-0.0024370821192860603,-0.10329848527908325,0.46804940700531006,0.22866716980934143,-0.09863531589508057
0.5083333333333329,action_a,0.0,0.0,0.0,-0.04521779716014862,0.03319036588072777,0.3410753309726715,-0.09317823499441147,0.14060819149017334,-0.15916070342063904,0.38246700167655945,-0.8792898654937744,0.10743219405412674,-0.5697936415672302,0.02203407883644104,0.06666083633899689,0.12979070842266083,-0.05965506285429001,0.17267093062400818,0.7955952286720276,-0.4749296307563782,0.1465553343296051,0.002529688412323594,0.8357663750648499,-0.911128044128418,-0.39963510632514954,0.548713207244873,-0.021236350759863853,-0.0024370821192860603,-0.10329848527908325,0.46804940700531006,0.22866716980934143,-0.09863531589508057
0.5166666666666675,action_a,0.0,0.0,0.0,-0.04521779716014862,0.03319036588072777,0.3410753309726715,-0.09317823499441147,0.14060819149017334,-0.15916070342063904,0.38246700167655945,-0.8792898654937744,0.10743219405412674,-0.5697936415672302,0.02203407883644104,0.06666083633899689,0.12979070842266083,-0.05965506285429001,0.17267093062400818,0.7955952286720276,-0.4749296307563782,0.1465553343296051,0.002529688412323594,0.8357663750648499,-0.911128044128418,-0.39963510632514954,0.548713207244873,-0.021236350759863853,-0.0024370821192860603,-0.10329848527908325,0.46804940700531006,0.22866716980934143,-0.09863531589508057
0.5250000000000004,action_a,0.0,0.0,0.0,-0.04521779716014862,0.03319036588072777,0.3410753309726715,-0.09317823499441147,0.14060819149017334,-0.15916070342063904,0.38246700167655945,-0.8792898654937744,0.10743219405412674,-0.5697936415672302,0.02203407883644104,0.06666083633899689,0.12979070842266083,-0.05965506285429001,0.17267093062400818,0.7955952286720276,-0.4749296307563782,0.1465553343296051,0.002529688412323594,0.8357663750648499,-0.911128044128418,-0.39963510632514954,0.548713207244873,-0.021236350759863853,-0.0024370821192860603,-0.10329848527908325,0.46804940700531006,0.22866716980934143,-0.09863531589508057
0.5333333333333332,action_a,0.0,0.0,0.0,-0.04521779716014862,0.03319036588072777,0.3410753309726715,-0.09317823499441147,0.14060819149017334,-0.15916070342063904,0.38246700167655945,-0.8792898654937744,0.10743219405412674,-0.5697936415672302,0.02203407883644104,0.06666083633899689,0.12979070842266083,-0.05965506285429001,0.17267093062400818,0.7955952286720276,-0.4749296307563782,0.1465553343296051,0.002529688412323594,0.8357663750648499,-0.911128044128418,-0.39963510632514954,0.548713207244873,-0.021236350759863853,-0.0024370821192860603,-0.10329848527908325,0.46804940700531006,0.22866716980934143,-0.09863531589508057
0.5416666666666661,action_a,0.0,0.0,0.0,-0.04521779716014862,0.03319036588072777,0.3410753309726715,-0.09317823499441147,0.14060819149017334,-0.15916070342063904,0.38246700167655945,-0.8792898654937744,0.10743219405412674,-0.5697936415672302,0.02203407883644104,0.06666083633899689,0.12979070842266083,-0.05965506285429001,0.17267093062400818,0.7955952286720276,-0.4749296307563782,0.1465553343296051,0.002529688412323594,0.8357663750648499,-0.911128044128418,-0.39963510632514954,0.548713207244873,-0.021236350759863853,-0.0024370821192860603,-0.10329848527908325,0.46804940700531006,0.22866716980934143,-0.09863531589508057
0.5500000000000007,action_a,0.0,0.0,0.0,-0.04521779716014862,0.03319036588072777,0.3410753309726715,-0.09317823499441147,0.14060819149017334,-0.15916070342063904,0.38246700167655945,-0.8792898654937744,0.10743219405412674,-0.5697936415672302,0.02203407883644104,0.06666083633899689,0.12979070842266083,-0.05965506285429001,0.17267093062400818,0.7955952286720276,-0.4749296307563782,0.1465553343296051,0.002529688412323594,0.8357663750648499,-0.911128044128418,-0.39963510632514954,0.548713207244873,-0.021236350759863853,-0.0024370821192860603,-0.10329848527908325,0.46804940700531006,0.22866716980934143,-0.09863531589508057
0.5583333333333336,action_a,0.0,0.0,0.0,-0.04521779716014862,0.03319036588072777,0.3410753309726715,-0.09317823499441147,0.14060819149017334,-0.15916070342063904,0.38246700167655945,-0.8792898654937744,0.10743219405412674,-0.5697936415672302,0.02203407883644104,0.06666083633899689,0.12979070842266083,-0.05965506285429001,0.17267093062400818,0.7955952286720276,-0.4749296307563782,0.1465553343296051,0.002529688412323594,0.8357663750648499,-0.911128044128418,-0.39963510632514954,0.548713207244873,-0.021236350759863853,-0.0024370821192860603,-0.10329848527908325,0.46804940700531006,0.22866716980934143,-0.09863531589508057
0.5666666666666664,action_a,0.0,0.0,0.0,-0.04521779716014862,0.03319036588072777,0.3410753309726715,-0.09317823499441147,0.14060819149017334,-0.15916070342063904,0.38246700167655945,-0.8792898654937744,0.10743219405412674,-0.5697936415672302,0.02203407883644104,0.06666083633899689,0.12979070842266083,-0.05965506285429001,0.17267093062400818,0.7955952286720276,-0.4749296307563782,0.1465553343296051,0.002529688412323594,0.8357663750648499,-0.911128044128418,-0.39963510632514954,0.548713207244873,-0.021236350759863853,-0.0024370821192860603,-0.10329848527908325,0.46804940700531006,0.22866716980934143,-0.09863531589508057
0.5749999999999993,action_a,0.0,0.0,0.0,-0.04521779716014862,0.03319036588072777,0.3410753309726715,-0.09317823499441147,0.14060819149017334,-0.15916070342063904,0.38246700167655945,-0.8792898654937744,0.10743219405412674,-0.5697936415672302,0.02203407883644104,0.06666083633899689,0.12979070842266083,-0.05965506285429001,0.17267093062400818,0.7955952286720276,-0.4749296307563782,0.1465553343296051,0.002529688412323594,0.8357663750648499,-0.911128044128418,-0.39963510632514954,0.548713207244873,-0.021236350759863853,-0.0024370821192860603,-0.10329848527908325,0.46804940700531006,0.22866716980934143,-0.09863531589508057
0.5833333333333339,action_a,0.0,0.0,0.0,-0.04521779716014862,0.03319036588072777,0.3410753309726715,-0.09317823499441147,0.14060819149017334,-0.15916070342063904,0.38246700167655945,-0.8792898654937744,0.10743219405412674,-0.5697936415672302,0.02203407883644104,0.06666083633899689,0.12979070842266083,-0.05965506285429001,0.17267093062400818,0.7955952286720276,-0.4749296307563782,0.1465553343296051,0.002529688412323594,0.8357663750648499,-0.911128044128418,-0.39963510632514954,0.548713207244873,-0.021236350759863853,-0.0024370821192860603,-0.10329848527908325,0.46804940700531006,0.22866716980934143,-0.09863531589508057
0.5916666666666668,action_a,0.0,0.0,0.0,-0.04521779716014862,0.03319036588072777,0.3410753309726715,-0.09317823499441147,0.14060819149017334,-0.15916070342063904,0.38246700167655945,-0.8792898654937744,0.10743219405412674,-0.5697936415672302,0.02203407883644104,0.06666083633899689,0.12979070842266083,-0.05965506285429001,0.17267093062400818,0.7955952286720276,-0.4749296307563782,0.1465553343296051,0.002529688412323594,0.8357663750648499,-0.911128044128418,-0.39963510632514954,0.548713207244873,-0.021236350759863853,-0.0024370821192860603,-0.10329848527908325,0.46804940700531006,0.22866716980934143,-0.09863531589508057
0.5999999999999996,action_a,0.0,0.0,0.0,-0.04521779716014862,0.03319036588072777,0.3410753309726715,-0.09317823499441147,0.14060819149017334,-0.15916070342063904,0.38246700167655945,-0.8792898654937744,0.10743219405412674,-0.5697936415672302,0.02203407883644104,0.06666083633899689,0.12979070842266083,-0.05965506285429001,0.17267093062400818,0.7955952286720276,-0.4749296307563782,0.1465553343296051,0.002529688412323594,0.8357663750648499,-0.911128044128418,-0.39963510632514954,0.548713207244873,-0.021236350759863853,-0.0024370821192860603,-0.10329848527908325,0.46804940700531006,0.22866716980934143,-0.09863531589508057
0.6083333333333325,action_a,0.0,0.0,0.0,-0.04521779716014862,0.03319036588072777,0.3410753309726715,-0.09317823499441147,0.14060819149017334,-0.15916070342063904,0.38246700167655945,-0.8792898654937744,0.10743219405412674,-0.5697936415672302,0.02203407883644104,0.06666083633899689,0.12979070842266083,-0.05965506285429001,0.17267093062400818,0.7955952286720276,-0.4749296307563782,0.1465553343296051,0.002529688412323594,0.8357663750648499,-0.911128044128418,-0.39963510632514954,0.548713207244873,-0.021236350759863853,-0.0024370821192860603,-0.10329848527908325,0.46804940700531006,0.22866716980934143,-0.09863531589508057
0.6166666666666671,action_a,0.0,0.0,0.0,-0.04521779716014862,0.03319036588072777,0.3410753309726715,-0.09317823499441147,0.14060819149017334,-0.15916070342063904,0.38246700167655945,-0.8792898654937744,0.10743219405412674,-0.5697936415672302,0.02203407883644104,0.06666083633899689,0.12979070842266083,-0.05965506285429001,0.17267093062400818,0.7955952286720276,-0.4749296307563782,0.1465553343296051,0.002529688412323594,0.8357663750648499,-0.911128044128418,-0.39963510632514954,0.548713207244873,-0.021236350759863853,-0.0024370821192860603,-0.10329848527908325,0.46804940700531006,0.22866716980934143,-0.09863531589508057
0.625,action_a,0.0,0.0,0.0,-0.04521779716014862,0.03319036588072777,0.3410753309726715,-0.09317823499441147,0.14060819149017334,-0.15916070342063904,0.38246700167655945,-0.8792898654937744,0.10743219405412674,-0.5697936415672302,0.02203407883644104,0.06666083633899689,0.12979070842266083,-0.05965506285429001,0.17267093062400818,0.7955952286720276,-0.4749296307563782,0.1465553343296051,0.002529688412323594,0.8357663750648499,-0.911128044128418,-0.39963510632514954,0.548713207244873,-0.021236350759863853,-0.0024370821192860603,-0.10329848527908325,0.46804940700531006,0.22866716980934143,-0.09863531589508057
0.6333333333333329,action_a,0.0,0.0,0.0,-0.04521779716014862,0.03319036588072777,0.3410753309726715,-0.09317823499441147,0.14060819149017334,-0.15916070342063904,0.38246700167655945,-0.8792898654937744,0.10743219405412674,-0.5697936415672302,0.02203407883644104,0.06666083633899689,0.12979070842266083,-0.05965506285429001,0.17267093062400818,0.7955952286720276,-0.4749296307563782,0.1465553343296051,0.002529688412323594,0.8357663750648499,-0.911128044128418,-0.39963510632514954,0.548713207244873,-0.021236350759863853,-0.0024370821192860603,-0.10329848527908325,0.46804940700531006,0.22866716980934143,-0.09863531589508057
0.6416666666666675,action_a,0.0,0.0,0.0,-0.04521779716014862,0.03319036588072777,0.3410753309726715,-0.09317823499441147,0.14060819149017334,-0.15916070342063904,0.38246700167655945,-0.8792898654937744,0.10743219405412674,-0.5697936415672302,0.02203407883644104,0.06666083633899689,0.12979070842266083,-0.05965506285429001,0.17267093062400818,0.7955952286720276,-0.4749296307563782,0.1465553343296051,0.002529688412323594,0.8357663750648499,-0.911128044128418,-0.39963510632514954,0.548713207244873,-0.021236350759863853,-0.0024370821192860603,-0.10329848527908325,0.46804940700531006,0.22866716980934143,-0.09863531589508057
0.6500000000000004,action_a,0.0,0.0,0.0,-0.04521779716014862,0.03319036588072777,0.3410753309726715,-0.09317823499441147,0.14060819149017334,-0.15916070342063904,0.38246700167655945,-0.8792898654937744,0.10743219405412674,-0.5697936415672302,0.02203407883644104,0.06666083633899689,0.12979070842266083,-0.05965506285429001,0.17267093062400818,0.7955952286720276,-0.4749296307563782,0.1465553343296051,0.002529688412323594,0.8357663750648499,-0.911128044128418,-0.39963510632514954,0.548713207244873,-0.021236350759863853,-0.0024370821192860603,-0.10329848527908325,0.46804940700531006,0.22866716980934143,-0.09863531589508057
0.6583333333333332,action_a,0.0,0.0017309188842773438,0.20771026611328125,-0.04521778225898743,0.033189721405506134,0.34108972549438477,-0.09319261461496353,0.14061376452445984,-0.15915067493915558,0.3824583888053894,-0.8792754411697388,0.10741781443357468,-0.5697792768478394,0.022034913301467896,0.06664645671844482,0.12977632880210876,-0.05965118855237961,0.17265917360782623,0.7956027984619141,-0.4749152660369873,0.14654460549354553,0.002538560191169381,0.835752010345459,-0.9111136794090271,-0.3996207118034363,0.548711895942688,-0.021233271807432175,-0.0024261653888970613,-0.10328410565853119,0.4680350422859192,0.22865279018878937,-0.0986209362745285
0.6666666666666661,action_a,0.0,0.0017309188842773438,0.000858306884765625,-0.04521776735782623,0.0331890769302845,0.34110409021377563,-0.0932069942355156,0.14061932265758514,-0.15914064645767212,0.382449746131897,-0.8792610764503479,0.10740343481302261,-0.5697648525238037,0.02203574776649475,0.06663207709789276,0.1297619491815567,-0.05964731052517891,0.1726474165916443,0.7956103682518005,-0.47490087151527405,0.14653387665748596,0.002547431970015168,0.8357376456260681,-0.9110993146896362,-0.3996063470840454,0.5487105846405029,-0.021230194717645645,-0.0024152486585080624,-0.10326972603797913,0.46802064776420593,0.2286384105682373,-0.09860654920339584
0.6750000000000007,action_a,0.0,9.424781799316406,1130.8639526367188,-0.0436071902513504,0.03271704912185669,0.41964390873908997,-0.17174682021141052,0.16744735836982727,-0.11001890152692795,0.37940290570259094,-0.800721287727356,0.02886361815035343,-0.4912250339984894,0.020163724198937416,-0.00994674488902092,0.05122213065624237,-0.03817915916442871,0.10965017974376678,0.8741501569747925,-0.3963610529899597,0.09342588484287262,0.05450984090566635,0.7571978569030762,-0.8325594663619995,-0.3210665285587311,0.49740439653396606,0.0006364770233631134,0.0418633371591568,-0.024729909375309944,0.3894808292388916,0.15009859204292297,-0.02006673440337181
0.6833333333333336,action_a,0.0,9.424781799316406,0.000858306884765625,-0.04199661314487457,0.03224501758813858,0.4981837272644043,-0.25028663873672485,0.1942753940820694,-0.06089715287089348,0.3763560652732849,-0.7221814393997192,-0.04967619851231575,-0.41268521547317505,0.01829170063138008,-0.0865255668759346,-0.027317684143781662,-0.016711005941033363,0.04665295034646988,0.9526900053024292,-0.3178212344646454,0.040317900478839874,0.10647224634885788,0.6786580085754395,-0.7540196776390076,-0.24252669513225555,0.4460982382297516,0.022503148764371872,0.0861419215798378,0.05380990728735924,0.31094104051589966,0.07155877351760864,0.05847308039665222
0.6916666666666664,action_a,0.0,9.424781799316406,1267.2722518444061,-0.040421441197395325,0.033812254667282104,0.576723575592041,-0.3042542040348053,0.18455752730369568,-0.06642843037843704,0.42347997426986694,-0.6773908138275146,-0.05353482812643051,-0.3341454267501831,0.008351488038897514,-0.07509937137365341,-0.0881524309515953,-0.017199385911226273,0.04797765240073204,1.0312297344207764,-0.23928141593933105,0.04111466556787491,0.11033850908279419,0.6001181602478027,-0.6754798889160156,-0.16398687660694122,0.405143678188324,0.018570231273770332,0.07148576527833939,0.09628221392631531,0.2910492420196533,-0.00698104128241539,0.13701289892196655
0.6999999999999993,action_a,0.0,9.424781799316406,0.00171661376953125,-0.03884626924991608,0.03537948802113533,0.655263364315033,-0.35822176933288574,0.17483966052532196,-0.0719597116112709,0.4706038534641266,-0.6326002478599548,-0.057393454015254974,-0.2556056082248688,-0.0015887240879237652,-0.06367317587137222,-0.14898717403411865,-0.01768776774406433,0.0493023544549942,1.109769582748413,-0.16074161231517792,0.04191143438220024,0.1142047718167305,0.5215783715248108,-0.5969400405883789,-0.08544706553220749,0.36418914794921875,0.014637312851846218,0.05682961270213127,0.13875451683998108,0.27115747332572937,-0.08552085608243942,0.21555271744728088
0.7083333333333339,action_a,0.0,9.057199358940125,1111.9065284729004,-0.043156303465366364,0.03745507821440697,0.7307400107383728,-0.3875405192375183,0.16542701423168182,-0.08093110471963882,0.5340042114257812,-0.6130427718162537,-0.03400847315788269,-0.18012894690036774,-0.004362008534371853,-0.056379418820142746,-0.13269101083278656,-0.019329488277435303,0.05300549790263176,1.185246229171753,-0.1594175398349762,0.04650720953941345,0.11724045127630234,0.4843190908432007,-0.5610802173614502,-0.019377073273062706,0.33424872159957886,0.005932778585702181,0.04251166433095932,0.1273939162492752,0.26905614137649536,-0.09309946000576019,0.2199682593345642
0.7166666666666668,action_a,0.0,9.057198464870453,0.0004291534423828125,-0.04746633768081665,0.039530668407678604,0.8062166571617126,-0.4168592393398285,0.1560143679380417,-0.08990249782800674,0.5974045991897583,-0.5934852957725525,-0.010623490437865257,-0.1046522930264473,-0.007135292515158653,-0.04908566176891327,-0.11639484763145447,-0.020971210673451424,0.05670864135026932,1.2607228755950928,-0.15809345245361328,0.05110298469662666,0.12027613073587418,0.44705983996391296,-0.5252203941345215,0.04669291898608208,0.3043082654476166,-0.0027717556804418564,0.028193719685077667,0.11603331565856934,0.26695480942726135,-0.10067806392908096,0.22438380122184753
0.7249999999999996,action_a,0.0,9.424781799316406,1395.8946615457535,-0.04712015017867088,0.04136573523283005,0.8847564458847046,-0.4453515410423279,0.14298458397388458,-0.09688156098127365,0.6565263271331787,-0.5680119395256042,0.01477582287043333,-0.041402049362659454,-0.0087863989174366,-0.042653124779462814,-0.1019788384437561,-0.02251267246901989,0.06255711615085602,1.3392627239227295,-0.1661834567785263,0.05606023967266083,0.12235037982463837,0.4720780849456787,-0.5120125412940979,0.015825781971216202,0.2777244746685028,-0.0061460696160793304,0.019431719556450844,0.1049480140209198,0.2632073760032654,-0.1016157865524292,0.21678262948989868
0.7333333333333325,action_a,0.0,9.424781799316406,0.000858306884765625,-0.046773962676525116,0.04320080205798149,0.9632962942123413,-0.4738438129425049,0.12995480000972748,-0.10386062413454056,0.7156481146812439,-0.542538583278656,0.04017513617873192,0.021848198026418686,-0.010437505319714546,-0.03622058779001236,-0.08756283670663834,-0.024054134264588356,0.06840559095144272,1.4178025722503662,-0.17427346110343933,0.06101749837398529,0.12442463636398315,0.49709635972976685,-0.4988046884536743,-0.015041354112327099,0.25114068388938904,-0.009520383551716805,0.010669720359146595,0.09386271983385086,0.2594599723815918,-0.10255350917577744,0.20918145775794983
0.7416666666666671,action_a,0.0,9.42476749420166,558.6087584495544,-0.053115375339984894,0.04172642529010773,1.0418360233306885,-0.503564715385437,0.12040436267852783,-0.11062050610780716,0.7816215753555298,-0.5113383531570435,0.07321944087743759,0.046306170523166656,-0.011837324127554893,-0.03156490996479988,-0.07732534408569336,-0.026367509737610817,0.07227642834186554,1.4824292659759521,-0.17874674499034882,0.06917847692966461,0.12421704828739166,0.518645703792572,-0.4826681613922119,-0.057770490646362305,0.2303447276353836,-0.010876045562326908,0.006072049494832754,0.08292749524116516,0.2588062882423401,-0.10262797027826309,0.20897234976291656
0.75,action_a,0.0,9.424781799316406,0.00171661376953125,-0.05945678800344467,0.04025205224752426,1.1203758716583252,-0.5332855582237244,0.11085393279790878,-0.11738038808107376,0.8475949764251709,-0.4801381230354309,0.10626374185085297,0.07076413929462433,-0.01323714293539524,-0.026909232139587402,-0.06708784401416779,-0.028680885210633278,0.07614725828170776,1.5470558404922485,-0.1832200288772583,0.07733945548534393,0.12400945276021957,0.5401950478553772,-0.4665316045284271,-0.10049962997436523,0.20954877138137817,-0.012231707572937012,0.0014743783976882696,0.07199226319789886,0.258152574300766,-0.10270243138074875,0.2087632417678833
0.7583333333333329,action_a,0.0,7.884864807128906,565.8559799194336,-0.058133382350206375,0.0382697656750679,1.1860830783843994,-0.5422854423522949,0.09982021152973175,-0.11259385943412781,0.8880720138549805,-0.44822973012924194,0.1475088894367218,0.08430205285549164,-0.01431678980588913,-0.023438025265932083,-0.05837130546569824,-0.028482913970947266,0.07576115429401398,1.5723868608474731,-0.17702746391296387,0.07862022519111633,0.1260630041360855,0.5518850684165955,-0.44995352625846863,-0.14694806933403015,0.19734697043895721,-0.013139680027961731,-0.0005121775902807713,0.06140436232089996,0.2643064260482788,-0.11178363859653473,0.21491774916648865
0.7666666666666675,action_a,0.0,7.88485050201416,0.00171661376953125,-0.05680997669696808,0.03628748282790184,1.251790165901184,-0.5512853264808655,0.08878649026155472,-0.10780732333660126,0.9285491108894348,-0.416321337223053,0.18875403702259064,0.09783996641635895,-0.015396435745060444,-0.019966818392276764,-0.049654770642519,-0.028284942731261253,0.0753750428557396,1.5977178812026978,-0.17083491384983063,0.07990100234746933,0.12811656296253204,0.5635750889778137,-0.43337544798851013,-0.19339652359485626,0.18514516949653625,-0.01404765248298645,-0.002498733578249812,0.05081646516919136,0.270460307598114,-0.12086483836174011,0.221072256565094
0.7750000000000004,action_a,0.0,6.291291117668152,962.7490997314453,-0.05908502638339996,0.03367714583873749,1.2506396770477295,-0.5621219873428345,0.07741227746009827,-0.10437805950641632,0.9704866409301758,-0.38417142629623413,0.2307811975479126,0.10865213721990585,-0.016298601403832436,-0.018191002309322357,-0.042904190719127655,-0.028950218111276627,0.07575314491987228,1.6111907958984375,-0.15978899598121643,0.08367611467838287,0.12761446833610535,0.5718002319335938,-0.41813045740127563,-0.2458239495754242,0.17688517272472382,-0.01485171914100647,-0.0030985644552856684,0.04275565221905708,0.2821617126464844,-0.12667030096054077,0.2256959080696106
0.7833333333333332,action_a,0.0,6.291289329528809,0.00171661376953125,-0.06136007606983185,0.031066810712218285,1.2494893074035645,-0.5729587078094482,0.06603805720806122,-0.10094878822565079,1.0124242305755615,-0.3520214855670929,0.27280837297439575,0.11946430802345276,-0.017200766131281853,-0.0164151880890131,-0.03615361079573631,-0.02961549162864685,0.07613124698400497,1.6246637105941772,-0.14874307811260223,0.08745121955871582,0.12711238861083984,0.5800254344940186,-0.40288546681404114,-0.29825136065483093,0.16862517595291138,-0.01565578579902649,-0.0036983953323215246,0.034694839268922806,0.29386311769485474,-0.13247576355934143,0.230319544672966
0.7916666666666661,action_a,0.0,6.952013969421387,155.57498931884766,-0.06468628346920013,0.025155946612358093,1.2386291027069092,-0.5830823183059692,0.05467726290225983,-0.10067155957221985,1.0501233339309692,-0.3219766616821289,0.3134602904319763,0.12791718542575836,-0.01792421005666256,-0.01547058206051588,-0.030930422246456146,-0.03083946742117405,0.07758314907550812,1.6273328065872192,-0.13654617965221405,0.09641410410404205,0.12473064661026001,0.5886220932006836,-0.3934165835380554,-0.35618481040000916,0.16008123755455017,-0.016401859000325203,-0.003383954055607319,0.029704133048653603,0.30989426374435425,-0.13011692464351654,0.2314465194940567
0.8000000000000007,action_a,0.0,6.952013969421387,0.00171661376953125,-0.06801248341798782,0.01924508437514305,1.2277687788009644,-0.5932058691978455,0.043316468596458435,-0.10039432346820831,1.087822437286377,-0.2919318675994873,0.3541122078895569,0.13637006282806396,-0.018647653982043266,-0.014525976032018661,-0.02570723555982113,-0.03206344321370125,0.07903505116701126,1.6300019025802612,-0.12434928864240646,0.10537699609994888,0.12234890460968018,0.5972186923027039,-0.3839476704597473,-0.4141182601451874,0.15153729915618896,-0.017147932201623917,-0.003069513011723757,0.0247134268283844,0.32592540979385376,-0.12775808572769165,0.2325734943151474
0.8083333333333336,action_a,0.0,7.066437005996704,183.4339141845703,-0.06884479522705078,0.013119280338287354,1.2095391750335693,-0.6029900312423706,0.024527881294488907,-0.09882692992687225,1.1127830743789673,-0.26005253195762634,0.3961758613586426,0.14654555916786194,-0.018882807344198227,-0.013135929591953754,-0.01727485843002796,-0.033326976001262665,0.08181177079677582,1.630705714225769,-0.11272085458040237,0.11122620105743408,0.11863844096660614,0.6035333871841431,-0.37429079413414,-0.4730052351951599,0.1473541259765625,-0.017593080177903175,-0.0024669033009558916,0.020122965797781944,0.34080761671066284,-0.12768611311912537,0.23054201900959015
0.8166666666666664,action_a,0.0,7.066440582275391,0.00171661376953125,-0.06967711448669434,0.006993475370109081,1.1913096904754639,-0.6127741932868958,0.005739294458180666,-0.0972595363855362,1.1377437114715576,-0.2281731814146042,0.4382394850254059,0.1567210704088211,-0.019117960706353188,-0.011745883151888847,-0.00884248223155737,-0.03459050506353378,0.08458848297595978,1.6314095258712769,-0.10109242051839828,0.11707541346549988,0.1149279773235321,0.6098480224609375,-0.3646339178085327,-0.5318922400474548,0.14317093789577484,-0.018038228154182434,-0.0018642937066033483,0.01553250476717949,0.35568979382514954,-0.12761415541172028,0.2285105437040329
0.8249999999999993,action_a,0.0,7.2524213790893555,228.9825439453125,-0.06866908073425293,-0.0023566363379359245,1.178494930267334,-0.6130795478820801,-0.010053310543298721,-0.0908312052488327,1.1468027830123901,-0.20205406844615936,0.48298877477645874,0.16561934351921082,-0.019264981150627136,-0.009838645346462727,-0.0011737977620214224,-0.034515321254730225,0.08500319719314575,1.6209707260131836,-0.08834520727396011,0.12189073860645294,0.1144186332821846,0.6142189502716064,-0.35241425037384033,-0.5923290848731995,0.1403544545173645,-0.01818213239312172,-0.0008337947074323893,0.0135023919865489,0.37374866008758545,-0.12791787087917328,0.23279500007629395
0.8333333333333339,action_a,0.0,7.2524213790893555,0.0004291534423828125,-0.06766105443239212,-0.01170674804598093,1.165680170059204,-0.6133849024772644,-0.02584591507911682,-0.08440286666154861,1.1558618545532227,-0.17593495547771454,0.527738094329834,0.17451761662960052,-0.019412003457546234,-0.007931407541036606,0.0064948867075145245,-0.034440141171216965,0.08541790395975113,1.6105319261550903,-0.07559799402952194,0.126706063747406,0.1139092892408371,0.6185898780822754,-0.34019458293914795,-0.6527659296989441,0.13753798604011536,-0.018326038494706154,0.00019670430629048496,0.011472279205918312,0.39180752635002136,-0.12822158634662628,0.237079456448555
0.8416666666666668,action_a,0.0,7.020142078399658,238.26942443847656,-0.0662459284067154,-0.021105734631419182,1.1495046615600586,-0.6049402952194214,-0.03758598119020462,-0.07613654434680939,1.1483744382858276,-0.15220341086387634,0.5735146403312683,0.17983227968215942,-0.019269607961177826,-0.005964245647192001,0.013690914027392864,-0.03347296640276909,0.08398716151714325,1.5967762470245361,-0.06090787053108215,0.133152037858963,0.11549609899520874,0.620631217956543,-0.32291558384895325,-0.7112671136856079,0.13433292508125305,-0.018250830471515656,0.000816547719296068,0.009466416202485561,0.40957799553871155,-0.12460925430059433,0.2480599284172058
0.8499999999999996,action_a,0.0,7.020134925842285,0.00171661376953125,-0.06483080238103867,-0.030504722148180008,1.1333290338516235,-0.5964956283569336,-0.04932604357600212,-0.06787022948265076,1.1408870220184326,-0.12847185134887695,0.6192911863327026,0.18514692783355713,-0.01912721060216427,-0.0039970832876861095,0.020886940881609917,-0.03250579163432121,0.08255641907453537,1.5830204486846924,-0.046217747032642365,0.13959801197052002,0.11708290129899979,0.6226726174354553,-0.30563658475875854,-0.769768238067627,0.13112787902355194,-0.018175620585680008,0.0014363911468535662,0.007460553664714098,0.42734846472740173,-0.12099692225456238,0.2590404152870178
0.8583333333333325,action_a,0.0,6.703777313232422,171.56202793121338,-0.06270768493413925,-0.04225128889083862,1.1249239444732666,-0.5910429954528809,-0.06409455835819244,-0.05991947650909424,1.1285600662231445,-0.11665432155132294,0.6689008474349976,0.1852586269378662,-0.01844370737671852,-0.0012123840861022472,0.02830921858549118,-0.03159637376666069,0.0806356891989708,1.5640335083007812,-0.03265957906842232,0.1447216272354126,0.11889801919460297,0.6224499940872192,-0.27940893173217773,-0.8256330490112305,0.11859054118394852,-0.017734361812472343,0.0019724848680198193,0.0006319740787148476,0.44478440284729004,-0.11921101808547974,0.2739039659500122
0.8666666666666671,action_a,0.0,6.703777313232422,0.00171661376953125,-0.060584571212530136,-0.05399785935878754,1.1165188550949097,-0.5855903625488281,-0.07886307686567307,-0.05196872353553772,1.116233229637146,-0.10483679175376892,0.7185105681419373,0.1853703260421753,-0.017760204151272774,0.0015723149990662932,0.035731494426727295,-0.030686957761645317,0.07871495932340622,1.5450464487075806,-0.01910141110420227,0.14984525740146637,0.12071313709020615,0.6222273707389832,-0.2531813085079193,-0.881497859954834,0.10605320334434509,-0.01729310303926468,0.0025085783563554287,-0.006196605507284403,0.46222031116485596,-0.11742512136697769,0.2887675166130066
0.875,action_a,0.0,6.271548271179199,187.02678680419922,-0.05736380070447922,-0.0650952160358429,1.1088184118270874,-0.5873582363128662,-0.09622818231582642,-0.047570548951625824,1.0961573123931885,-0.09336794912815094,0.7686241269111633,0.18590302765369415,-0.016935503110289574,0.005311556626111269,0.04810529202222824,-0.029728947207331657,0.07886013388633728,1.539047360420227,-0.011771914549171925,0.15702643990516663,0.12034132331609726,0.6215325593948364,-0.2285526841878891,-0.9337607622146606,0.09761252254247665,-0.01670030504465103,0.0023614203091710806,-0.008876783773303032,0.4722554087638855,-0.11475116014480591,0.2981334924697876
0.8833333333333329,action_a,0.0,6.271541118621826,0.000858306884765625,-0.054143026471138,-0.07619257271289825,1.1011179685592651,-0.5891261100769043,-0.11359328031539917,-0.04317237809300423,1.076081395149231,-0.08189911395311356,0.8187376856803894,0.186435729265213,-0.016110802069306374,0.00905079860240221,0.06047908589243889,-0.028770936653017998,0.07900531589984894,1.5330482721328735,-0.004442418459802866,0.1642076075077057,0.11996950954198837,0.6208378076553345,-0.2039240598678589,-0.9860236048698425,0.08917184174060822,-0.016107507050037384,0.0022142622619867325,-0.011556962504982948,0.4822905361652374,-0.11207719892263412,0.3074994385242462
0.8916666666666675,action_a,0.0,5.981683731079102,211.1623764038086,-0.05016369745135307,-0.08430075645446777,1.0929771661758423,-0.5885242819786072,-0.12611913681030273,-0.03670072183012962,1.0413414239883423,-0.06680434942245483,0.8685850501060486,0.18357226252555847,-0.015252629294991493,0.013467708602547646,0.07411009818315506,-0.026538260281085968,0.07761029154062271,1.5336673259735107,0.0010620004031807184,0.17530332505702972,0.11987051367759705,0.620385468006134,-0.17856363952159882,-1.0317628383636475,0.08959323167800903,-0.015583956614136696,0.0019046841189265251,-0.011439520865678787,0.4822956323623657,-0.10936494171619415,0.31733882427215576
0.9000000000000004,action_a,0.0,5.981683731079102,0.00171661376953125,-0.046184368431568146,-0.0924089327454567,1.0848363637924194,-0.5879224538803101,-0.1386449784040451,-0.03022906742990017,1.0066014528274536,-0.05170959234237671,0.9184324145317078,0.18070879578590393,-0.014394456520676613,0.017884617671370506,0.08774111419916153,-0.02430558390915394,0.07621526718139648,1.5342862606048584,0.006566419266164303,0.18639904260635376,0.11977152526378632,0.6199331283569336,-0.15320321917533875,-1.0775020122528076,0.09001462906599045,-0.015060405246913433,0.001595105859450996,-0.011322078295052052,0.4823007583618164,-0.10665269196033478,0.3271782100200653
0.9083333333333332,action_a,0.0,5.8832573890686035,159.2391014099121,-0.04132261872291565,-0.0995645821094513,1.0795320272445679,-0.5818345546722412,-0.1517661213874817,-0.0241705309599638,0.960803210735321,-0.038839004933834076,0.9674595594406128,0.17741116881370544,-0.013444758951663971,0.022901734337210655,0.1035228967666626,-0.021605297923088074,0.07583601772785187,1.540502905845642,0.017105724662542343,0.19650408625602722,0.11756904423236847,0.6120007038116455,-0.12988945841789246,-1.1211793422698975,0.09742031246423721,-0.014824424870312214,0.0012698265491053462,-0.007172419689595699,0.4823007583618164,-0.10405202209949493,0.33341050148010254
0.9166666666666661,action_a,0.0,5.883264541625977,0.00171661376953125,-0.03646086901426315,-0.10672023147344589,1.0742276906967163,-0.5757466554641724,-0.16488726437091827,-0.018111994490027428,0.9150049686431885,-0.02596842125058174,1.0164867639541626,0.17411352694034576,-0.012495061382651329,0.027918851003050804,0.11930467933416367,-0.01890501379966736,0.07545677572488785,1.5467195510864258,0.02764502912759781,0.20660914480686188,0.11536656320095062,0.6040682196617126,-0.10657568275928497,-1.1648567914962769,0.10482599586248398,-0.014588444493710995,0.0009445471805520356,-0.0030227613169699907,0.4823007583618164,-0.10145135223865509,0.33964282274246216
0.9250000000000007,action_a,0.0,5.863587856292725,122.55367040634155,-0.03211066126823425,-0.11249638348817825,1.0614902973175049,-0.565393328666687,-0.17244786024093628,-0.014483444392681122,0.8661417365074158,-0.011085430160164833,1.0651072263717651,0.17856448888778687,-0.011903278529644012,0.03340522199869156,0.13380657136440277,-0.016013216227293015,0.07559099793434143,1.5589561462402344,0.0352184996008873,0.2202092409133911,0.11544343829154968,0.6031566262245178,-0.09177257865667343,-1.2051639556884766,0.10905054211616516,-0.014509569853544235,0.0009913204703480005,0.0018712716409936547,0.4823007583618164,-0.09733953326940536,0.34673017263412476
0.9333333333333336,action_a,0.0,5.863587856292725,0.00171661376953125,-0.027760453522205353,-0.11827253550291061,1.048752784729004,-0.5550399422645569,-0.18000845611095428,-0.01085489522665739,0.8172785043716431,0.003797561628744006,1.1137276887893677,0.18301546573638916,-0.011311495676636696,0.03889159485697746,0.14830845594406128,-0.01312141865491867,0.07572521269321442,1.571192741394043,0.04279196634888649,0.23380933701992035,0.11552031338214874,0.602245032787323,-0.07696947455406189,-1.2454712390899658,0.11327508091926575,-0.014430694282054901,0.0010380938183516264,0.0067653045989573,0.4823007583618164,-0.09322771430015564,0.35381755232810974
0.9416666666666664,action_a,0.0,5.976862907409668,117.16114282608032,-0.02290831133723259,-0.12018150836229324,1.0429291725158691,-0.5443276166915894,-0.18451985716819763,-0.011294737458229065,0.7674713134765625,0.018747441470623016,1.158867597579956,0.19304779171943665,-0.01012074202299118,0.044836003333330154,0.16255444288253784,-0.010861057788133621,0.07733248919248581,1.5836877822875977,0.046218037605285645,0.2480609118938446,0.11576655507087708,0.6048877239227295,-0.0703025609254837,-1.282926082611084,0.11372508853673935,-0.014305236749351025,0.0012764283455908298,0.012236797250807285,0.4822996258735657,-0.08886030316352844,0.35694989562034607
0.9499999999999993,action_a,0.0,5.976870059967041,0.00171661376953125,-0.018056169152259827,-0.12209048122167587,1.0371054410934448,-0.5336153507232666,-0.18903125822544098,-0.011734580621123314,0.7176640629768372,0.03369732201099396,1.2040073871612549,0.20308010280132294,-0.008929988369345665,0.050780411809682846,0.1768004447221756,-0.008600696921348572,0.0789397656917572,1.5961828231811523,0.0496441051363945,0.26231247186660767,0.116012804210186,0.6075303554534912,-0.06363563984632492,-1.3203808069229126,0.11417509615421295,-0.014179779216647148,0.0015147629892453551,0.017708290368318558,0.48229852318763733,-0.08449289202690125,0.3600822389125824
0.9583333333333339,action_a,0.0,6.55409574508667,142.73643493652344,-0.01317726168781519,-0.12312448024749756,1.041193962097168,-0.518490195274353,-0.18781524896621704,-0.014241700060665607,0.6630465984344482,0.054986171424388885,1.2503468990325928,0.22031351923942566,-0.0077215698547661304,0.05581539869308472,0.19093775749206543,-0.006734722759574652,0.08181585371494293,1.5990792512893677,0.05306864529848099,0.2817836403846741,0.11498430371284485,0.6135135889053345,-0.05355946719646454,-1.3526082038879395,0.11016588658094406,-0.014107203111052513,0.0019179570954293013,0.020035002380609512,0.48229852318763733,-0.07591758668422699,0.3603101372718811
0.9666666666666668,action_a,0.0,6.554102897644043,0.00171661376953125,-0.008298354223370552,-0.12415847927331924,1.0452824831008911,-0.5033649802207947,-0.1865992248058319,-0.0167488195002079,0.6084290742874146,0.07627502083778381,1.2966862916946411,0.23754693567752838,-0.006513151340186596,0.060850389301776886,0.20507505536079407,-0.004868748597800732,0.08469194918870926,1.601975679397583,0.056493185460567474,0.3012547791004181,0.1139557957649231,0.619496762752533,-0.043483294546604156,-1.3848354816436768,0.10615667700767517,-0.014034626074135303,0.0023211513180285692,0.022361716255545616,0.48229852318763733,-0.06734227389097214,0.3605380654335022
0.9749999999999996,action_a,0.0,6.506438255310059,179.96807098388672,-0.0037638957146555185,-0.12387225031852722,1.0498290061950684,-0.48519784212112427,-0.1843336820602417,-0.020647840574383736,0.5542087554931641,0.10213666409254074,1.3401036262512207,0.2579021155834198,-0.005501526407897472,0.06427023559808731,0.21707412600517273,-0.002646014327183366,0.08797474205493927,1.6173698902130127,0.06161000579595566,0.32165390253067017,0.11148408055305481,0.6237916350364685,-0.02645224891602993,-1.414574146270752,0.09137871861457825,-0.013716530986130238,0.0022311252541840076,0.022655148059129715,0.48229852318763733,-0.059310585260391235,0.35892707109451294
0.9833333333333325,action_a,0.0,6.506438255310059,0.00171661376953125,0.0007705628522671759,-0.1235860139131546,1.054375410079956,-0.46703073382377625,-0.18206815421581268,-0.02454686164855957,0.4999884366989136,0.12799830734729767,1.3835210800170898,0.2782573103904724,-0.004489901941269636,0.06769008189439774,0.22907321155071259,-0.00042328020208515227,0.09125754237174988,1.6327641010284424,0.06672682613134384,0.34205305576324463,0.10901236534118652,0.628086507320404,-0.009421204216778278,-1.4443129301071167,0.07660076022148132,-0.013398435898125172,0.0021410994231700897,0.022948581725358963,0.48229852318763733,-0.05127890035510063,0.3573160469532013
0.9916666666666671,action_a,0.0,3.3929193019866943,373.6222743988037,-0.008654214441776276,-0.11984963715076447,1.06463623046875,-0.4554286599159241,-0.17392876744270325,-0.031049376353621483,0.4717141091823578,0.14902129769325256,1.4117953777313232,0.2905794382095337,-0.00387932313606143,0.07633994519710541,0.24225738644599915,-0.006640776991844177,0.09892673045396805,1.6375269889831543,0.08826419711112976,0.36581850051879883,0.11843714118003845,0.6186617016792297,0.003999253269284964,-1.47258722782135,0.06909407675266266,-0.016948837786912918,0.0026176085229963064,0.021791860461235046,0.4728737473487854,-0.036286093294620514,0.3517529368400574
1.0,action_a,0.0,3.3929193019866943,0.00171661376953125,-0.018078992143273354,-0.11611326783895493,1.0748969316482544,-0.4438265562057495,-0.165789395570755,-0.037551891058683395,0.443439781665802,0.17004428803920746,1.4400696754455566,0.30290156602859497,-0.003268744330853224,0.08498980104923248,0.2554415762424469,-0.012858273461461067,0.10659591853618622,1.6422897577285767,0.10980157554149628,0.389583945274353,0.12786191701889038,0.6092368960380554,0.017419710755348206,-1.5008615255355835,0.061587393283843994,-0.02049924060702324,0.003094117622822523,0.02063514105975628,0.46344897150993347,-0.021293288096785545,0.34618985652923584
1.0083333333333329,action_a,0.0,7.002038955688477,437.94851303100586,-0.000830603763461113,-0.10906302183866501,1.092432975769043,-0.41806668043136597,-0.16464635729789734,-0.04155682027339935,0.3850894570350647,0.20429803431034088,1.4885746240615845,0.33191925287246704,-0.002222695853561163,0.07834745943546295,0.2556818723678589,-0.0031157236080616713,0.10739836096763611,1.645719051361084,0.10092586278915405,0.4041212201118469,0.11020804941654205,0.6257064938545227,0.038493067026138306,-1.5265721082687378,0.03520922735333443,-0.016587689518928528,0.002638905541971326,0.025860168039798737,0.4728737473487854,-0.021269628778100014,0.3387807011604309
1.0166666666666675,action_a,0.0,7.002042531967163,0.00171661376953125,0.016417784616351128,-0.10201277583837509,1.109969139099121,-0.3923068344593048,-0.16350333392620087,-0.04556174948811531,0.326739102602005,0.2385517805814743,1.5370795726776123,0.3609369099140167,-0.001176647492684424,0.07170511782169342,0.2559221684932709,0.006626826245337725,0.108200803399086,1.6491483449935913,0.09205014258623123,0.4186584949493408,0.09255418926477432,0.64217609167099,0.05956641957163811,-1.552282691001892,0.008831062354147434,-0.012676137499511242,0.0021836934611201286,0.031085193157196045,0.48229852318763733,-0.021245969459414482,0.331371545791626
1.0250000000000004,action_a,0.0,3.2747697830200195,512.8701210021973,0.00699300691485405,-0.09402666985988617,1.130914330482483,-0.3775699734687805,-0.15791893005371094,-0.04992087930440903,0.3040047287940979,0.2607974410057068,1.5632411241531372,0.369015634059906,0.0004996215575374663,0.07521289587020874,0.26406049728393555,-0.0010247111786156893,0.11456760764122009,1.6582244634628296,0.11249746382236481,0.4333060383796692,0.10134590417146683,0.6327513456344604,0.07160072773694992,-1.5795724391937256,0.0003187921829521656,-0.015150569379329681,0.002301599597558379,0.030728362500667572,0.4728737473487854,-0.012314763851463795,0.322959840297699
1.0333333333333332,action_a,0.0,3.2747840881347656,0.00171661376953125,-0.0024317707866430283,-0.08604056388139725,1.1518595218658447,-0.3628331422805786,-0.15233451128005981,-0.054280009120702744,0.2812703251838684,0.28304311633110046,1.589402675628662,0.3770943582057953,0.0021758906077593565,0.07872068136930466,0.27219879627227783,-0.008676248602569103,0.12093440443277359,1.6673005819320679,0.13294477760791779,0.44795361161231995,0.11013761907815933,0.6233265399932861,0.08363503217697144,-1.6068623065948486,-0.008193477988243103,-0.017625002190470695,0.0024195057339966297,0.03037153370678425,0.46344897150993347,-0.0033835589420050383,0.314548134803772
1.041666666666666,action_a,0.0,3.319087028503418,222.9199033230543,-0.011856548488140106,-0.08327791094779968,1.1740927696228027,-0.34459224343299866,-0.14149892330169678,-0.05353681370615959,0.2622984051704407,0.3042665719985962,1.6153210401535034,0.38254687190055847,0.002576621249318123,0.0779133141040802,0.27612608671188354,-0.0008472371846437454,0.12146885693073273,1.670156717300415,0.15315181016921997,0.46330487728118896,0.11956240236759186,0.6139017343521118,0.09515568614006042,-1.6345213651657104,-0.011990273371338844,-0.020020484924316406,0.0017249314114451408,0.03199862688779831,0.45402419567108154,0.005945970304310322,0.3120061755180359
1.0500000000000007,action_a,0.0,3.319087028503418,0.000858306884765625,-0.021281326189637184,-0.08051526546478271,1.1963260173797607,-0.3263513445854187,-0.13066332042217255,-0.05279361829161644,0.24332645535469055,0.3254900574684143,1.6412394046783447,0.38799938559532166,0.002977352123707533,0.07710593938827515,0.28005340695381165,0.006981774233281612,0.12200330197811127,1.6730128526687622,0.17335882782936096,0.478656142950058,0.1289871782064438,0.6044769883155823,0.10667634755373001,-1.6621804237365723,-0.015787068754434586,-0.022415967658162117,0.001030357088893652,0.03362572193145752,0.4445994198322296,0.015275499783456326,0.3094641864299774
1.0583333333333336,action_a,0.0,3.1081151962280273,114.8122787475586,-0.028694994747638702,-0.08029261976480484,1.217029333114624,-0.3110111355781555,-0.1182066798210144,-0.050911903381347656,0.23232758045196533,0.3456164002418518,1.6671403646469116,0.39340609312057495,0.002895272569730878,0.07563131302595139,0.283051997423172,0.015998898074030876,0.12406317889690399,1.6730725765228271,0.18850356340408325,0.49430638551712036,0.13841195404529572,0.597885251045227,0.11910246312618256,-1.6868319511413574,-0.01885797828435898,-0.023853302001953125,0.0006971721304580569,0.03689340502023697,0.4351746439933777,0.024348435923457146,0.3075839877128601
1.0666666666666664,action_a,0.0,3.1081151962280273,0.00171661376953125,-0.03610866516828537,-0.08006997406482697,1.2377326488494873,-0.2956709563732147,-0.10575003921985626,-0.04903018847107887,0.2213287055492401,0.3657427728176117,1.6930413246154785,0.39881283044815063,0.002813193015754223,0.07415668666362762,0.28605058789253235,0.025016020983457565,0.12612305581569672,1.6731324195861816,0.20364828407764435,0.5099565982818604,0.14783672988414764,0.591293454170227,0.1315285712480545,-1.7114835977554321,-0.021928885951638222,-0.025290636345744133,0.00036398720112629235,0.04016109183430672,0.42574986815452576,0.03342137113213539,0.3057037591934204
1.0749999999999993,action_a,0.0,3.1544065475463867,191.47024154663086,-0.0340518057346344,-0.08334128558635712,1.2563939094543457,-0.28364336490631104,-0.1026775985956192,-0.043963126838207245,0.21399524807929993,0.38856789469718933,1.7193280458450317,0.3988061845302582,0.002744145691394806,0.07332668453454971,0.28564393520355225,0.027929579839110374,0.1337904930114746,1.6720685958862305,0.21354110538959503,0.516761839389801,0.15726150572299957,0.5979982018470764,0.14562341570854187,-1.7310152053833008,-0.022856328636407852,-0.02650642767548561,-0.00030381412943825126,0.04401375353336334,0.41632509231567383,0.03308190405368805,0.3078475296497345
1.083333333333334,action_a,0.0,3.1544065475463867,0.00171661376953125,-0.03199495002627373,-0.08661258965730667,1.2750550508499146,-0.27161577343940735,-0.09960515797138214,-0.03889606148004532,0.20666180551052094,0.41139301657676697,1.745614767074585,0.3987995386123657,0.0026750981342047453,0.0724966824054718,0.28523728251457214,0.030843138694763184,0.1414579153060913,1.6710046529769897,0.22343392670154572,0.5235670804977417,0.1666862815618515,0.6047029495239258,0.15971826016902924,-1.750546932220459,-0.023783773183822632,-0.027722220867872238,-0.0009716154308989644,0.04786641523241997,0.4069003164768219,0.03274243697524071,0.3099913001060486
1.0916666666666668,action_a,0.0,3.150186538696289,124.41158294677734,-0.02610921859741211,-0.08849102258682251,1.2935059070587158,-0.2621909976005554,-0.10285265743732452,-0.035107456147670746,0.19902309775352478,0.43278223276138306,1.7718663215637207,0.3957241475582123,0.001841998309828341,0.06950610876083374,0.2798904776573181,0.02758287638425827,0.14978523552417755,1.672318935394287,0.22489207983016968,0.5235835313796997,0.1687258780002594,0.620047390460968,0.17450714111328125,-1.7623077630996704,-0.022471018135547638,-0.027350090444087982,-0.001482224091887474,0.047327883541584015,0.39747554063796997,0.02400226704776287,0.3123146891593933
1.0999999999999996,action_a,0.0,3.150186538696289,0.00171661376953125,-0.02022348903119564,-0.09036944806575775,1.3119568824768066,-0.2527662217617035,-0.1061001643538475,-0.03131885081529617,0.19138437509536743,0.45417147874832153,1.7981178760528564,0.39264875650405884,0.0010088984854519367,0.06651553511619568,0.2745436728000641,0.024322615936398506,0.1581125557422638,1.6736332178115845,0.22635023295879364,0.5235999822616577,0.1707654893398285,0.6353918313980103,0.18929602205753326,-1.7740685939788818,-0.021158264949917793,-0.026977960020303726,-0.0019928328692913055,0.04678935557603836,0.38805076479911804,0.01526209618896246,0.31463807821273804
1.1083333333333325,action_a,0.0,3.131074905395508,127.46114730834961,-0.010406365618109703,-0.09577284008264542,1.3274924755096436,-0.24363818764686584,-0.10986019670963287,-0.03214786574244499,0.18565542995929718,0.4706745445728302,1.8242101669311523,0.39126235246658325,-0.0007695355452597141,0.06222601979970932,0.2658175230026245,0.022701432928442955,0.16254279017448425,1.6778297424316406,0.2282242774963379,0.5235999822616577,0.16960397362709045,0.6474093198776245,0.20228135585784912,-1.7782931327819824,-0.025163166224956512,-0.0257625263184309,-0.0011006665881723166,0.04635392874479294,0.38747745752334595,0.007019185461103916,0.31439894437789917
1.1166666666666671,action_a,0.0,3.131074905395508,0.00171661376953125,-0.0005892418557778001,-0.10117623209953308,1.343027949333191,-0.2345101684331894,-0.11362022161483765,-0.03297688066959381,0.17992648482322693,0.48717761039733887,1.8503024578094482,0.38987597823143005,-0.002547969575971365,0.05793650448322296,0.2570914030075073,0.021080249920487404,0.16697300970554352,1.6820262670516968,0.23009833693504333,0.5235999822616577,0.16844245791435242,0.659426748752594,0.21526667475700378,-1.782517671585083,-0.029168065637350082,-0.024547092616558075,-0.00020850030705332756,0.045918505638837814,0.38690415024757385,-0.0012237256160005927,0.3141598105430603
1.125,action_a,0.0,7.975956201553345,940.3889179229736,0.006426264997571707,-0.10643435269594193,1.3558297157287598,-0.2793761193752289,-0.1494216024875641,-0.03900820389389992,0.22803832590579987,0.44372135400772095,1.8796802759170532,0.38629356026649475,-0.0021594350691884756,0.05609283596277237,0.24685759842395782,0.006067870184779167,0.1615397334098816,1.691001534461975,0.16674715280532837,0.5042614936828613,0.10197615623474121,0.7241203784942627,0.2288198173046112,-1.7613770961761475,-0.08162243664264679,-0.015595916658639908,0.0006934601697139442,0.036796942353248596,0.43460243940353394,-0.037396691739559174,0.29554447531700134
1.1333333333333329,action_a,0.0,7.975957095623016,0.00171661376953125,0.013441772200167179,-0.11169247329235077,1.3686316013336182,-0.32424208521842957,-0.18522298336029053,-0.045039527118206024,0.2761501669883728,0.4002651274204254,1.9090580940246582,0.38271114230155945,-0.0017709005624055862,0.054249171167612076,0.23662379384040833,-0.00894450955092907,0.15610644221305847,1.6999768018722534,0.1033959686756134,0.48492294549942017,0.03550984710454941,0.7888140678405762,0.24237297475337982,-1.740236520767212,-0.1340768039226532,-0.006644740235060453,0.001595420646481216,0.027675380930304527,0.4823007583618164,-0.073569655418396,0.2769291400909424
1.1416666666666675,action_a,0.0,2.288846969604492,1186.9186878204346,0.009994611144065857,-0.11947799474000931,1.3670401573181152,-0.3074418306350708,-0.1835854947566986,-0.05629667639732361,0.2667253613471985,0.39904505014419556,1.9186279773712158,0.37193745374679565,-0.01061414834111929,0.05509549006819725,0.23672273755073547,-0.018369287252426147,0.16201329231262207,1.6998927593231201,0.1224696934223175,0.4878596067428589,0.04493462294340134,0.7800899744033813,0.2557092308998108,-1.7352030277252197,-0.137691468000412,-0.011063958518207073,0.0009684453252702951,0.03255673870444298,0.4728759527206421,-0.0737118273973465,0.27295225858688354
1.1500000000000004,action_a,0.0,2.288846969604492,0.00171661376953125,0.006547450553625822,-0.12726351618766785,1.3654485940933228,-0.2906416058540344,-0.1819480061531067,-0.06755382567644119,0.25730058550834656,0.3978249430656433,1.9281978607177734,0.36116379499435425,-0.019457396119832993,0.055941808968782425,0.23682169616222382,-0.027794064953923225,0.16792012751102448,1.6998085975646973,0.1415434181690216,0.4907962679862976,0.054359402507543564,0.7713658809661865,0.26904547214508057,-1.730169415473938,-0.14130611717700958,-0.015483176335692406,0.0003414699749555439,0.03743809461593628,0.46345117688179016,-0.073853999376297,0.2689753472805023
1.1583333333333332,action_a,0.0,2.642855644226074,537.6427888870239,0.006542813032865524,-0.1316569745540619,1.3446438312530518,-0.3083592653274536,-0.1821962296962738,-0.051950566470623016,0.2715970277786255,0.375801146030426,1.9332488775253296,0.35755449533462524,-0.014567899517714977,0.05624055117368698,0.23445773124694824,-0.01907438412308693,0.15916527807712555,1.697096824645996,0.1232808381319046,0.4846891760826111,0.0459272563457489,0.7856287956237793,0.2816024422645569,-1.7098276615142822,-0.16138169169425964,-0.013445105403661728,0.0009519270970486104,0.03444826230406761,0.4728524684906006,-0.08635556697845459,0.28010687232017517
1.166666666666666,action_a,0.0,2.642855644226074,0.00171661376953125,0.006538175977766514,-0.13605043292045593,1.3238389492034912,-0.3260769546031952,-0.1824444681406021,-0.03634730353951454,0.2858934700489044,0.35377734899520874,1.9382998943328857,0.35394522547721863,-0.009678402915596962,0.05653928965330124,0.23209375143051147,-0.010354703292250633,0.15041042864322662,1.6943851709365845,0.1050182580947876,0.4785820543766022,0.03749511390924454,0.7998917102813721,0.2941594421863556,-1.6894859075546265,-0.1814572662115097,-0.011407035402953625,0.0015623841900378466,0.031458429992198944,0.482253760099411,-0.09885712713003159,0.291238397359848
1.1750000000000007,action_a,0.0,1.4985895156860352,389.0889644622803,-0.002886601723730564,-0.13846534490585327,1.3162380456924438,-0.31896287202835083,-0.17693327367305756,-0.04662591218948364,0.2764686942100525,0.3510686159133911,1.9284262657165527,0.35398977994918823,-0.020636577159166336,0.054023370146751404,0.22702442109584808,-0.01977948099374771,0.15364667773246765,1.6863898038864136,0.11377574503421783,0.4842545986175537,0.046919893473386765,0.7904669046401978,0.3035842180252075,-1.6769976615905762,-0.18342804908752441,-0.023092379793524742,0.0007839860627427697,0.039458274841308594,0.4728289842605591,-0.09515233337879181,0.28182917833328247
1.1833333333333336,action_a,0.0,1.4985895156860352,0.00171661376953125,-0.012311379425227642,-0.1408802568912506,1.3086371421813965,-0.31184881925582886,-0.171422079205513,-0.05690452456474304,0.26704391837120056,0.3483598828315735,1.9185525178909302,0.35403430461883545,-0.03159475326538086,0.05150745436549187,0.2219550907611847,-0.02920425869524479,0.15688294172286987,1.6783944368362427,0.12253323942422867,0.48992717266082764,0.05634467303752899,0.7810420989990234,0.31300899386405945,-1.6645094156265259,-0.18539881706237793,-0.034777723252773285,5.587959094555117e-06,0.04745811969041824,0.46340420842170715,-0.09144753217697144,0.2724199891090393
1.1916666666666664,action_a,0.0,2.890791893005371,312.116003036499,-0.0060395062901079655,-0.13751120865345,1.2857670783996582,-0.31788170337677,-0.16388237476348877,-0.047986745834350586,0.25562819838523865,0.3411375880241394,1.9010281562805176,0.3689729571342468,-0.029730558395385742,0.05036880448460579,0.22007502615451813,-0.01977948099374771,0.1509280502796173,1.6609265804290771,0.10961601138114929,0.49120181798934937,0.04969112575054169,0.7830564379692078,0.30708199739456177,-1.6404194831848145,-0.19245323538780212,-0.03154926747083664,0.0007134207407943904,0.04441797360777855,0.472380131483078,-0.09416870027780533,0.27412593364715576
1.1999999999999993,action_a,0.0,2.890791893005371,0.00171661376953125,0.00023236656852532178,-0.13414216041564941,1.26289701461792,-0.32391461730003357,-0.15634267032146454,-0.03906896710395813,0.24421249330043793,0.3339152932167053,1.8835036754608154,0.3839116096496582,-0.027866363525390625,0.04923015460371971,0.21819496154785156,-0.010354703292250633,0.14497317373752594,1.6434587240219116,0.09669878333806992,0.4924764931201935,0.043037574738264084,0.7850707769393921,0.3011550307273865,-1.616329550743103,-0.19950763881206512,-0.028320815414190292,0.001421253546141088,0.041377827525138855,0.48135605454444885,-0.09688986837863922,0.27583184838294983
1.208333333333334,action_a,0.0,3.9222335815429688,202.6956081390381,0.003513283794745803,-0.12969495356082916,1.2302117347717285,-0.32164740562438965,-0.14952266216278076,-0.03930829465389252,0.22877098619937897,0.33604687452316284,1.8587985038757324,0.39296960830688477,-0.02512853406369686,0.049658216536045074,0.21049882471561432,-0.005702876020222902,0.14422255754470825,1.6273491382598877,0.09184838831424713,0.4925875663757324,0.040133193135261536,0.7828465104103088,0.2875995337963104,-1.5930790901184082,-0.1924859583377838,-0.021289851516485214,0.0008261590846814215,0.0389389768242836,0.4818272292613983,-0.09594309329986572,0.27144700288772583
1.2166666666666668,action_a,0.0,3.922247886657715,0.00171661376953125,0.006794201210141182,-0.1252477467060089,1.1975263357162476,-0.3193802237510681,-0.1427026391029358,-0.039547618478536606,0.21332947909832,0.338178426027298,1.8340932130813599,0.40202757716178894,-0.022390704602003098,0.050086282193660736,0.20280268788337708,-0.0010510490974411368,0.14347195625305176,1.6112395524978638,0.08699799329042435,0.49269863963127136,0.03722881153225899,0.7806222438812256,0.2740440368652344,-1.569828748703003,-0.1854642927646637,-0.014258886687457561,0.0002310646086698398,0.036500122398138046,0.4822984039783478,-0.09499632567167282,0.2670621871948242
1.2249999999999996,action_a,0.0,4.324851036071777,205.15894889831543,0.007657498121261597,-0.11929846554994583,1.1619493961334229,-0.31378617882728577,-0.13389474153518677,-0.041412338614463806,0.1933487206697464,0.3260628283023834,1.7980527877807617,0.40449389815330505,-0.024043429642915726,0.04823526740074158,0.19289632141590118,0.0010992500465363264,0.14208891987800598,1.6070191860198975,0.08701614290475845,0.49329593777656555,0.038492657244205475,0.771833062171936,0.2551944851875305,-1.5454834699630737,-0.17996206879615784,-0.011504516005516052,1.563679688842967e-05,0.03899645805358887,0.48229846358299255,-0.0878080278635025,0.26171815395355225
1.2333333333333325,action_a,0.0,4.324851036071777,0.00171661376953125,0.008520795032382011,-0.11334918439388275,1.1263725757598877,-0.3081921339035034,-0.12508682906627655,-0.04327705502510071,0.1733679622411728,0.31394723057746887,1.7620123624801636,0.40696021914482117,-0.025696152821183205,0.04638424888253212,0.1829899549484253,0.0032495493069291115,0.140705868601799,1.6027989387512207,0.08703429251909256,0.49389323592185974,0.03975650295615196,0.7630439400672913,0.23634493350982666,-1.5211381912231445,-0.17445985972881317,-0.008750144392251968,-0.00019979101489298046,0.04149279370903969,0.48229852318763733,-0.08061972260475159,0.25637415051460266
1.2416666666666671,action_a,0.0,4.947166442871094,337.2021675109863,0.008950572460889816,-0.10634055733680725,1.085146188735962,-0.30454376339912415,-0.11689609289169312,-0.04369208216667175,0.15569250285625458,0.2816181778907776,1.7213504314422607,0.38600972294807434,-0.020766759291291237,0.04339923709630966,0.16647137701511383,0.004919347353279591,0.14007070660591125,1.6093475818634033,0.08740757405757904,0.49313783645629883,0.040230847895145416,0.752894937992096,0.20807060599327087,-1.4944798946380615,-0.15809008479118347,-0.0065808044746518135,-0.0007076594629324973,0.04275894910097122,0.4822995066642761,-0.07283192873001099,0.25307705998420715
1.25,action_a,0.0,4.94718074798584,0.00171661376953125,0.009380348958075047,-0.09933193027973175,1.0439196825027466,-0.3008953928947449,-0.10870535671710968,-0.0441071093082428,0.13801704347133636,0.2492891103029251,1.6806883811950684,0.3650592267513275,-0.01583736576139927,0.040414221584796906,0.14995279908180237,0.006589145865291357,0.1394355595111847,1.6158961057662964,0.08778084814548492,0.4923824667930603,0.04070519283413887,0.7427459359169006,0.1797962635755539,-1.4678215980529785,-0.14172030985355377,-0.004411465022712946,-0.0012155278818681836,0.04402510076761246,0.48230046033859253,-0.06504414230585098,0.24977995455265045
1.2583333333333329,action_a,0.0,5.143947601318359,225.933837890625,0.009805167093873024,-0.09014718234539032,1.0183830261230469,-0.30225083231925964,-0.10136965662240982,-0.04487175494432449,0.12256495654582977,0.215354785323143,1.637822151184082,0.33614158630371094,-0.013110317289829254,0.035106007009744644,0.132981538772583,0.007425677962601185,0.14027856290340424,1.6252974271774292,0.08472588658332825,0.49105632305145264,0.03777018189430237,0.7303528785705566,0.15152192115783691,-1.4410772323608398,-0.11607880890369415,-0.003616664092987776,-0.0015986314974725246,0.04894606024026871,0.47471174597740173,-0.05612795799970627,0.24143245816230774
1.2666666666666675,action_a,0.0,5.143933296203613,0.00171661376953125,0.010229985229671001,-0.08096242696046829,0.9928463697433472,-0.3036062717437744,-0.09403395652770996,-0.04563640430569649,0.10711286216974258,0.1814204603433609,1.5949560403823853,0.30722397565841675,-0.010383267886936665,0.029797794297337532,0.11601027101278305,0.0082622105255723,0.14112156629562378,1.634698748588562,0.08167091757059097,0.48973020911216736,0.034835174679756165,0.7179598212242126,0.12324759364128113,-1.4143329858779907,-0.09043730050325394,-0.0028218633960932493,-0.0019817352294921875,0.053867023438215256,0.46712303161621094,-0.047211773693561554,0.23308494687080383
1.2750000000000004,action_a,0.0,6.2244415283203125,315.79856872558594,0.010750148445367813,-0.0710316002368927,0.9892401695251465,-0.31177932024002075,-0.08518566191196442,-0.04362209141254425,0.09392435848712921,0.1352122724056244,1.5430856943130493,0.2704133987426758,-0.010279308073222637,0.02546865865588188,0.10405085235834122,0.00879603996872902,0.14174394309520721,1.6334776878356934,0.07303734123706818,0.48948609828948975,0.030428532510995865,0.7059439420700073,0.08554848283529282,-1.384344458580017,-0.05720566585659981,-0.0014542733551934361,-0.0013137285131961107,0.04771193861961365,0.4551868736743927,-0.03754672780632973,0.2220473289489746
1.2833333333333332,action_a,0.0,6.2244415283203125,0.00171661376953125,0.011270311661064625,-0.06110076978802681,0.9856339693069458,-0.3199523389339447,-0.07633735984563828,-0.04160778224468231,0.08073584735393524,0.08900407701730728,1.4912153482437134,0.23360279202461243,-0.01017534825950861,0.02113952301442623,0.09209143370389938,0.009329870343208313,0.14236631989479065,1.6322567462921143,0.06440377235412598,0.48924195766448975,0.026021890342235565,0.6939281225204468,0.047849372029304504,-1.3543559312820435,-0.02397402934730053,-8.668340888107195e-05,-0.0006457218551076949,0.04155685007572174,0.44325071573257446,-0.02788168378174305,0.21100971102714539
1.291666666666666,action_a,0.0,6.127066612243652,157.13882446289062,0.01088731735944748,-0.052957549691200256,0.9929401874542236,-0.3305254578590393,-0.06694544851779938,-0.03912863880395889,0.07020962238311768,0.04099124297499657,1.4401564598083496,0.19823813438415527,-0.010548262856900692,0.017625000327825546,0.08163206279277802,0.00987523328512907,0.14313092827796936,1.6312284469604492,0.05464772880077362,0.48938560485839844,0.021720100194215775,0.68016117811203,0.010150260291993618,-1.3209493160247803,0.0027388688176870346,0.0004531459417194128,-0.00011591095244511962,0.03463812172412872,0.4291514754295349,-0.017939258366823196,0.20227724313735962
1.3000000000000007,action_a,0.0,6.127066612243652,0.00171661376953125,0.010504323057830334,-0.044814333319664,1.0002464056015015,-0.3410985767841339,-0.05755352973937988,-0.03664949908852577,0.05968340113759041,-0.00702159246429801,1.3890975713729858,0.16287347674369812,-0.010921177454292774,0.014110476709902287,0.07117269933223724,0.010420596227049828,0.14389553666114807,1.6302001476287842,0.044891681522130966,0.48952922224998474,0.017418310046195984,0.6663942337036133,-0.02754885144531727,-1.2875428199768066,0.0294517669826746,0.0009929753141477704,0.0004138999502174556,0.027719397097826004,0.415052205324173,-0.007996834814548492,0.19354479014873505
1.3083333333333336,action_a,0.0,6.273322105407715,134.75847244262695,0.00932075921446085,-0.039106763899326324,1.011967658996582,-0.34511038661003113,-0.04899977892637253,-0.03428876772522926,0.04882471263408661,-0.051883433014154434,1.3368198871612549,0.13484394550323486,-0.011042710393667221,0.010642052628099918,0.06244755536317825,0.00992632657289505,0.1448904275894165,1.6348762512207031,0.04251980036497116,0.48724329471588135,0.014616905711591244,0.6543020009994507,-0.06524796038866043,-1.2503259181976318,0.05184481292963028,0.0010189858730882406,0.00019079097546637058,0.02456018701195717,0.41031116247177124,0.001172888558357954,0.19074895977973938
1.3166666666666664,action_a,0.0,6.273322105407715,0.00171661376953125,0.008137195371091366,-0.033399198204278946,1.0236889123916626,-0.34912219643592834,-0.040446024388074875,-0.031928036361932755,0.03796602040529251,-0.09674527496099472,1.284542202949524,0.1068144291639328,-0.011164243333041668,0.00717362854629755,0.05372241511940956,0.009432057850062847,0.14588533341884613,1.6395524740219116,0.040147922933101654,0.48495736718177795,0.011815501376986504,0.6422097682952881,-0.10294707119464874,-1.2131088972091675,0.07423786073923111,0.0010449964320287108,-3.231798473279923e-05,0.021400975063443184,0.4055701494216919,0.0103426119312644,0.1879531443119049
1.3249999999999993,action_a,0.0,7.921500205993652,400.42322874069214,0.007049628999084234,-0.02929563820362091,1.0564990043640137,-0.35159555077552795,-0.03423834592103958,-0.030941545963287354,0.027014106512069702,-0.16271871328353882,1.2185297012329102,0.06378914415836334,-0.011010062880814075,0.0077695404179394245,0.053624123334884644,0.007603049743920565,0.14752984046936035,1.6442152261734009,0.03782004117965698,0.47939735651016235,0.010871520265936852,0.6353716850280762,-0.11283901333808899,-1.18642258644104,0.07213045656681061,-0.0010786550119519234,0.00042330261203460395,0.016127292066812515,0.3979454040527344,0.0234981682151556,0.19573324918746948
1.333333333333334,action_a,0.0,7.921485900878906,0.00171661376953125,0.005962062627077103,-0.025192076340317726,1.0893090963363647,-0.35406890511512756,-0.028030669316649437,-0.029955053701996803,0.016062190756201744,-0.2286921590566635,1.152517318725586,0.020763851702213287,-0.010855882428586483,0.008365452289581299,0.053525831550359726,0.005774041637778282,0.14917436242103577,1.6488779783248901,0.03549215942621231,0.47383734583854675,0.009927538223564625,0.628533661365509,-0.12273094803094864,-1.1597362756729126,0.0700230523943901,-0.0032023065723478794,0.0008789232233539224,0.010853610001504421,0.39032068848609924,0.03665372356772423,0.20351335406303406
1.3416666666666668,action_a,0.0,6.210379600524902,336.4133834838867,0.004924245644360781,-0.023147881031036377,1.1123701333999634,-0.355357825756073,-0.020981134846806526,-0.029657742008566856,0.011115696281194687,-0.27581605315208435,1.1007641553878784,-0.004723201505839825,-0.010284656658768654,0.005731623619794846,0.04608308523893356,0.004750938154757023,0.14931894838809967,1.630178689956665,0.036993857473134995,0.46934056282043457,0.010456684976816177,0.622368574142456,-0.12499542534351349,-1.1147198677062988,0.0653950497508049,-0.004196156747639179,0.0009596640593372285,0.0165693499147892,0.39360511302948,0.04347146302461624,0.2130344808101654
1.3499999999999996,action_a,0.0,6.210379600524902,0.00171661376953125,0.0038864288944751024,-0.021103687584400177,1.135431170463562,-0.35664671659469604,-0.01393160130828619,-0.02936043031513691,0.00616920180618763,-0.322939932346344,1.049010992050171,-0.030210254713892937,-0.0097134318202734,0.003097795182839036,0.0386403352022171,0.003727834904566407,0.14946353435516357,1.6114792823791504,0.03849555552005768,0.4648438096046448,0.010985832661390305,0.6162034273147583,-0.12725989520549774,-1.0697033405303955,0.060767050832509995,-0.005190006922930479,0.0010404048953205347,0.022285090759396553,0.39688950777053833,0.05028919875621796,0.22255562245845795
1.3583333333333325,action_a,0.0,5.58955192565918,168.81985813379288,0.003114539897069335,-0.02080412395298481,1.1571221351623535,-0.36211293935775757,-0.0063809859566390514,-0.030885327607393265,0.005530411843210459,-0.3606390357017517,1.0024313926696777,-0.04397370666265488,-0.009188573807477951,0.0004447121173143387,0.03121105395257473,0.0025719022378325462,0.14803102612495422,1.5902619361877441,0.03630932420492172,0.45804405212402344,0.014555475674569607,0.6156488656997681,-0.13041621446609497,-1.0250829458236694,0.05206449329853058,-0.005907553248107433,0.001813960145227611,0.02659688889980316,0.39944320917129517,0.05312090367078781,0.23476728796958923
1.3666666666666671,action_a,0.0,5.589566230773926,0.00171661376953125,0.0023426508996635675,-0.020504560321569443,1.1788132190704346,-0.3675791323184967,0.0011696291621774435,-0.03241022303700447,0.004891621880233288,-0.3983381688594818,0.955851674079895,-0.05773715674877167,-0.008663716726005077,-0.0022083709482103586,0.023781772702932358,0.0014159695710986853,0.14659851789474487,1.5690447092056274,0.03412309288978577,0.4512442946434021,0.01812511868774891,0.6150942444801331,-0.1335725337266922,-0.9804626107215881,0.04336193948984146,-0.006625099573284388,0.0025875153951346874,0.03090868704020977,0.4019968807697296,0.055952612310647964,0.2469789683818817
1.375,action_a,0.0,5.193057060241699,271.9571113586426,0.001570884371176362,-0.020410723984241486,1.198394775390625,-0.37676700949668884,0.012725618667900562,-0.03598316013813019,0.008913862518966198,-0.41715139150619507,0.9125761985778809,-0.055078864097595215,-0.00849410705268383,-0.008447949774563313,0.008506168611347675,0.0005109329358674586,0.1442072093486786,1.5520951747894287,0.028576776385307312,0.44420772790908813,0.025473985821008682,0.6206702589988708,-0.15080943703651428,-0.9472974538803101,0.04458411782979965,-0.008400936610996723,0.003630224848166108,0.04271738976240158,0.406086266040802,0.060249343514442444,0.25582486391067505
1.3833333333333329,action_a,0.0,5.193049907684326,0.00171661376953125,0.0007991177844814956,-0.020316889509558678,1.217976450920105,-0.385954886674881,0.024281607940793037,-0.039556100964546204,0.012936103157699108,-0.43596458435058594,0.8693007826805115,-0.052420567721128464,-0.008324497379362583,-0.01468752883374691,-0.0067694359458982944,-0.00039410372846759856,0.1418159008026123,1.5351455211639404,0.023030461743474007,0.43717119097709656,0.032822854816913605,0.6262462735176086,-0.16804634034633636,-0.9141322374343872,0.04580629616975784,-0.010176774114370346,0.004672934301197529,0.05452609062194824,0.4101756811141968,0.06454607099294662,0.2646707594394684
1.3916666666666675,action_a,0.0,7.4507832527160645,306.9322519004345,0.0006314026541076601,-0.023483896628022194,1.2400678396224976,-0.3933948874473572,0.036555930972099304,-0.04377320036292076,0.02229360118508339,-0.4473242163658142,0.8072109222412109,-0.05216839909553528,-0.008956207893788815,-0.01076383888721466,-0.0007303007878363132,-0.0017234415281563997,0.13746774196624756,1.5206676721572876,0.0181644968688488,0.4303925335407257,0.04315811023116112,0.6359162330627441,-0.18761637806892395,-0.8764923810958862,0.0519576296210289,-0.009614069014787674,0.005325327627360821,0.05159584432840347,0.4063677191734314,0.07432150095701218,0.2742038369178772
1.4000000000000004,action_a,0.0,7.4507904052734375,0.000858306884765625,0.00046368749462999403,-0.02665090374648571,1.2621592283248901,-0.40083491802215576,0.04883025214076042,-0.04799029976129532,0.031651098281145096,-0.4586838185787201,0.7451210021972656,-0.05191623419523239,-0.009587918408215046,-0.0068401494063436985,0.005308834370225668,-0.0030527792405337095,0.133119598031044,1.5061898231506348,0.013298530131578445,0.42361387610435486,0.05349336564540863,0.6455862522125244,-0.20718640089035034,-0.8388525247573853,0.058108966797590256,-0.009051364846527576,0.0059777214191854,0.048665601760149,0.4025597870349884,0.08409693092107773,0.2837368845939636
1.4083333333333332,action_a,0.0,5.063424110412598,286.4839553833008,0.00036743725650012493,-0.032251693308353424,1.2662196159362793,-0.41215482354164124,0.0610760822892189,-0.053259409964084625,0.05174187570810318,-0.4583238363265991,0.7029258012771606,-0.04596295580267906,-0.01015851367264986,-0.009811622090637684,-0.006245112046599388,-0.0033336137421429157,0.12751953303813934,1.5030453205108643,0.00817390251904726,0.4169275164604187,0.06389589607715607,0.6558481454849243,-0.23546072840690613,-0.7996041178703308,0.06293600052595139,-0.009023734368383884,0.006069430150091648,0.05184768885374069,0.40247398614883423,0.08611367642879486,0.2852821350097656
1.416666666666666,action_a,0.0,5.063424110412598,0.00171661376953125,0.0002711870474740863,-0.03785248473286629,1.270279884338379,-0.4234747290611267,0.07332191616296768,-0.05852852389216423,0.07183265686035156,-0.45796385407447815,0.6607306003570557,-0.04000967741012573,-0.010729108937084675,-0.012783094309270382,-0.01779905892908573,-0.0036144484765827656,0.12191946804523468,1.4999008178710938,0.003049274208024144,0.41024118661880493,0.0742984190583229,0.6661099791526794,-0.2637350559234619,-0.7603557109832764,0.06776303797960281,-0.008996103890240192,0.006161138880997896,0.05502977967262268,0.40238815546035767,0.0881304144859314,0.28682735562324524
1.4250000000000007,action_a,0.0,4.991104602813721,144.65735256671906,-7.537641795352101e-05,-0.04403053969144821,1.2700031995773315,-0.437366783618927,0.08221639692783356,-0.06329575926065445,0.09531086683273315,-0.45548540353775024,0.6211646795272827,-0.037068869918584824,-0.011296614073216915,-0.013356407172977924,-0.01930735632777214,-0.004420462995767593,0.11502949893474579,1.4997317790985107,-0.005205472465604544,0.4001254737377167,0.08532284200191498,0.6770561337471008,-0.2920094132423401,-0.7187631726264954,0.06972512602806091,-0.00976676493883133,0.006020803935825825,0.05476561188697815,0.39812958240509033,0.09025722742080688,0.28618407249450684
1.4333333333333336,action_a,0.0,4.991104602813721,0.00171661376953125,-0.0004219398833811283,-0.050208598375320435,1.2697265148162842,-0.4512588083744049,0.09111088514328003,-0.06806299835443497,0.11878906935453415,-0.4530069828033447,0.581598699092865,-0.034128062427043915,-0.011864119209349155,-0.013929720036685467,-0.0208156555891037,-0.0052264779806137085,0.1081395223736763,1.4995626211166382,-0.013460218906402588,0.3900097608566284,0.09634726494550705,0.6880022883415222,-0.3202837407588959,-0.6771706342697144,0.07168720662593842,-0.010537425056099892,0.005880468524992466,0.05450144037604332,0.3938709795475006,0.09238404780626297,0.28554078936576843
1.4416666666666664,action_a,0.0,5.234735012054443,114.19343948364258,0.0019394808914512396,-0.05814579129219055,1.265845537185669,-0.4635094106197357,0.0951099768280983,-0.0724916085600853,0.14706340432167053,-0.45845866203308105,0.5428566932678223,-0.03204943984746933,-0.012311468832194805,-0.013964502140879631,-0.01902000606060028,-0.00680377846583724,0.10186795890331268,1.5032892227172852,-0.021353943273425102,0.37713223695755005,0.10452554374933243,0.6969510316848755,-0.34855806827545166,-0.633547842502594,0.07568512111902237,-0.010993381962180138,0.005497407168149948,0.05305346101522446,0.39174360036849976,0.09087689220905304,0.28270530700683594
1.4499999999999993,action_a,0.0,5.234735012054443,0.00171661376953125,0.0043009016662836075,-0.06608298420906067,1.2619645595550537,-0.47576001286506653,0.09910906851291656,-0.07692021876573563,0.17533773183822632,-0.4639103412628174,0.5041146874427795,-0.029970817267894745,-0.012758818455040455,-0.01399928517639637,-0.017224354669451714,-0.008381078951060772,0.09559640288352966,1.5070157051086426,-0.029247667640447617,0.3642547130584717,0.1127038225531578,0.7058997750282288,-0.37683239579200745,-0.5899250507354736,0.07968303561210632,-0.011449339799582958,0.005114346276968718,0.051605481654405594,0.3896162509918213,0.08936972916126251,0.27986979484558105
1.458333333333334,action_a,0.0,5.0618791580200195,233.11443328857422,0.009890632703900337,-0.07651315629482269,1.2638468742370605,-0.48457252979278564,0.09643980860710144,-0.08126753568649292,0.2036120593547821,-0.48555052280426025,0.4660014510154724,-0.03845302015542984,-0.013150300830602646,-0.013764278963208199,-0.016964487731456757,-0.010854816995561123,0.09040018171072006,1.5115644931793213,-0.03895337134599686,0.3469087481498718,0.11937616765499115,0.7172834873199463,-0.40510672330856323,-0.5477427244186401,0.08244283497333527,-0.012036733329296112,0.005112257320433855,0.04932737350463867,0.3910033106803894,0.08497408777475357,0.2789098024368286
1.4666666666666668,action_a,0.0,5.0618791580200195,0.00171661376953125,0.015480364672839642,-0.08694332838058472,1.2657291889190674,-0.49338507652282715,0.09377055615186691,-0.08561486005783081,0.23188640177249908,-0.5071907043457031,0.4278881847858429,-0.046935226768255234,-0.013541784137487411,-0.013529272750020027,-0.0167046207934618,-0.013328555040061474,0.08520396053791046,1.5161134004592896,-0.0486590713262558,0.329562783241272,0.1260485053062439,0.728667140007019,-0.4333810806274414,-0.5055603981018066,0.08520262688398361,-0.012624126859009266,0.0051101683638989925,0.04704926908016205,0.3923903703689575,0.08057844638824463,0.27794981002807617
1.4749999999999996,action_a,0.0,4.666321277618408,150.54112672805786,0.021382158622145653,-0.09587520360946655,1.274069905281067,-0.5008713006973267,0.0806470587849617,-0.0907318964600563,0.26977500319480896,-0.5354650616645813,0.3891070485115051,-0.062368959188461304,-0.013100697658956051,-0.012429805472493172,-0.015041651204228401,-0.016775038093328476,0.0829087644815445,1.5194779634475708,-0.05592479929327965,0.3055064082145691,0.13014459609985352,0.738810122013092,-0.45975831151008606,-0.4666743874549866,0.09218989312648773,-0.012538650073111057,0.005149601027369499,0.046084024012088776,0.3982791304588318,0.07465025037527084,0.27372658252716064
1.4833333333333325,action_a,0.0,4.666321277618408,0.0004291534423828125,0.02728395164012909,-0.10480708628892899,1.2824106216430664,-0.5083575248718262,0.06752356141805649,-0.0958489328622818,0.30766361951828003,-0.5637394189834595,0.35032588243484497,-0.07780268788337708,-0.01265961118042469,-0.01133033912628889,-0.013378680683672428,-0.020221522077918053,0.08061356097459793,1.522842526435852,-0.0631905272603035,0.2814500033855438,0.13424067199230194,0.748953104019165,-0.4861355423927307,-0.4277883768081665,0.09917716681957245,-0.012453173287212849,0.005189033225178719,0.0451187789440155,0.40416792035102844,0.06872205436229706,0.2695033848285675
1.4916666666666671,action_a,0.0,6.3351380825042725,214.6204948425293,0.024205677211284637,-0.1138925701379776,1.2871264219284058,-0.5179680585861206,0.04463748633861542,-0.09912151843309402,0.3604564368724823,-0.5994176268577576,0.3131415843963623,-0.09455612301826477,-0.012217925861477852,-0.010964404791593552,-0.013827262446284294,-0.025722067803144455,0.08055748045444489,1.5122840404510498,-0.06762035191059113,0.24978859722614288,0.1365584135055542,0.757226824760437,-0.5053055882453918,-0.39070212841033936,0.10094893723726273,-0.012495871633291245,0.006108345463871956,0.045418880879879,0.41257762908935547,0.055969711393117905,0.2649243474006653
1.5,action_a,0.0,6.3351380825042725,0.00171661376953125,0.021127400919795036,-0.12297804653644562,1.2918422222137451,-0.5275785326957703,0.02175140753388405,-0.10239410400390625,0.41324925422668457,-0.6350958347320557,0.275957316160202,-0.11130955070257187,-0.011776239611208439,-0.010598471388220787,-0.014275845140218735,-0.031222613528370857,0.08050140738487244,1.501725673675537,-0.07205016911029816,0.21812719106674194,0.13887614011764526,0.7655004858970642,-0.524475634098053,-0.3536158502101898,0.102720707654953,-0.01253856997936964,0.007027657236903906,0.045718979090452194,0.4209873080253601,0.04321736842393875,0.2603452801704407
1.5083333333333329,action_a,0.0,6.883814334869385,228.27014923095703,0.015770621597766876,-0.13090425729751587,1.2807059288024902,-0.5364115238189697,-0.003954743966460228,-0.09955042600631714,0.47061437368392944,-0.6633701324462891,0.24092017114162445,-0.12635354697704315,-0.01171199418604374,-0.011811356991529465,-0.01899842359125614,-0.035107776522636414,0.07968465983867645,1.4772502183914185,-0.07744840532541275,0.1827852427959442,0.14208728075027466,0.7723466157913208,-0.5360358953475952,-0.31789064407348633,0.10450248420238495,-0.012656286358833313,0.009064535610377789,0.046999089419841766,0.4246530532836914,0.025939879938960075,0.2589406967163086
1.5166666666666675,action_a,0.0,6.883814334869385,0.00171661376953125,0.010413840413093567,-0.13883048295974731,1.269569754600525,-0.545244574546814,-0.029660895466804504,-0.09670674800872803,0.5279794931411743,-0.6916444897651672,0.20588302612304688,-0.14139753580093384,-0.011647749692201614,-0.013024241663515568,-0.02372100204229355,-0.03899293765425682,0.07886791229248047,1.4527747631072998,-0.08284664154052734,0.1474432796239853,0.14529840648174286,0.7791926860809326,-0.5475962162017822,-0.2821654677391052,0.1062842607498169,-0.012774002738296986,0.011101413518190384,0.04827920347452164,0.4283187687397003,0.008662390522658825,0.2575360834598541
1.5250000000000004,action_a,0.0,7.207739353179932,71.60828188061714,8.426187559962273e-05,-0.14854460954666138,1.2561407089233398,-0.5515526533126831,-0.0554879792034626,-0.08945208787918091,0.5880439877510071,-0.7199188470840454,0.1739175021648407,-0.15275338292121887,-0.011290701106190681,-0.014078370295464993,-0.02570495381951332,-0.04414854943752289,0.07435431331396103,1.4273852109909058,-0.08631645888090134,0.11133784800767899,0.15091364085674286,0.783543586730957,-0.5631372332572937,-0.24829962849617004,0.10850290209054947,-0.012347636744379997,0.01361571904271841,0.05336225777864456,0.43521177768707275,-0.009688472375273705,0.2563551068305969
1.5333333333333332,action_a,0.0,7.207739353179932,0.000858306884765625,-0.010245316661894321,-0.15825872123241425,1.2427116632461548,-0.557860791683197,-0.0813150629401207,-0.08219742774963379,0.6481084823608398,-0.7481931447982788,0.14195199310779572,-0.1641092151403427,-0.010933653451502323,-0.015132498927414417,-0.027688907459378242,-0.04930415749549866,0.06984071433544159,1.4019956588745117,-0.08978627622127533,0.07523241639137268,0.15652887523174286,0.7878945469856262,-0.5786782503128052,-0.21443378925323486,0.11072154343128204,-0.011921271681785583,0.016130024567246437,0.05844531208276749,0.4421047866344452,-0.02803933620452881,0.25517410039901733
1.541666666666666,action_a,0.0,6.4606475830078125,189.72702026367188,-0.021010717377066612,-0.16874639689922333,1.2161071300506592,-0.5625007152557373,-0.1017971783876419,-0.0727500468492508,0.7019472122192383,-0.7670426964759827,0.1175568476319313,-0.17666763067245483,-0.013546735048294067,-0.01672259345650673,-0.02680584229528904,-0.05190934240818024,0.06167825311422348,1.3715602159500122,-0.09842197597026825,0.0392690934240818,0.1654967963695526,0.7896983623504639,-0.5911914110183716,-0.1812525987625122,0.12121885269880295,-0.014794206246733665,0.019335463643074036,0.0627969354391098,0.4420934021472931,-0.04587636888027191,0.25723689794540405
1.5500000000000007,action_a,0.0,6.4606475830078125,0.00171661376953125,-0.03177611902356148,-0.1792340725660324,1.1895027160644531,-0.5671406388282776,-0.12227930128574371,-0.0633026733994484,0.7557859420776367,-0.7858922481536865,0.0931617021560669,-0.18922604620456696,-0.016159815713763237,-0.018312688916921616,-0.025922777131199837,-0.05451452359557152,0.05351578816771507,1.3411247730255127,-0.10705768316984177,0.0033057730179280043,0.17446470260620117,0.7915021181106567,-0.6037045121192932,-0.14807140827178955,0.13171616196632385,-0.017667140811681747,0.022540900856256485,0.06714855134487152,0.442082017660141,-0.06371340155601501,0.2592996656894684
1.5583333333333336,action_a,0.0,5.9337615966796875,271.5974807739258,-0.03709779679775238,-0.1798993945121765,1.154312252998352,-0.5680882930755615,-0.1256403774023056,-0.038589298725128174,0.8052339553833008,-0.8220996260643005,0.07180456072092056,-0.1948924958705902,-0.013811374083161354,-0.022553715854883194,-0.03017386794090271,-0.05040253326296806,0.035578906536102295,1.3014298677444458,-0.11985993385314941,-0.018934065476059914,0.17282173037528992,0.7939560413360596,-0.6314417123794556,-0.1282942146062851,0.1482519805431366,-0.014038576744496822,0.025768820196390152,0.07974579185247421,0.46093156933784485,-0.0649467408657074,0.2566658854484558
1.5666666666666664,action_a,0.0,5.9337687492370605,0.000858306884765625,-0.04241947457194328,-0.18056471645832062,1.119121789932251,-0.5690360069274902,-0.1290014535188675,-0.013875927776098251,0.8546820282936096,-0.8583070039749146,0.05044741928577423,-0.20055894553661346,-0.011462931521236897,-0.026794742792844772,-0.034424956887960434,-0.04629054293036461,0.01764202117919922,1.261734962463379,-0.13266217708587646,-0.04117390513420105,0.17117877304553986,0.7964099645614624,-0.6591789126396179,-0.10851702839136124,0.16478779911994934,-0.010410012677311897,0.028996741399168968,0.0923430323600769,0.4797811210155487,-0.06618008017539978,0.25403210520744324
1.5749999999999993,action_a,0.0,4.954104423522949,189.57080841064453,-0.05002104863524437,-0.18447518348693848,1.0826795101165771,-0.5679758191108704,-0.13942945003509521,-0.001910181250423193,0.8959662318229675,-0.8849447965621948,0.03646586462855339,-0.21467797458171844,-0.02030549757182598,-0.030184216797351837,-0.036742690950632095,-0.04720035940408707,0.011803999543190002,1.2304389476776123,-0.13590694963932037,-0.06253758072853088,0.17753827571868896,0.7856992483139038,-0.6768689751625061,-0.08139286190271378,0.17610645294189453,-0.010106459259986877,0.03391995280981064,0.10466291755437851,0.4885130226612091,-0.07038494944572449,0.252566397190094
1.583333333333334,action_a,0.0,4.954104423522949,0.00171661376953125,-0.057622622698545456,-0.18838563561439514,1.0462373495101929,-0.5669156312942505,-0.14985743165016174,0.010055565275251865,0.9372504353523254,-0.9115825295448303,0.0224843118339777,-0.22879700362682343,-0.02914806455373764,-0.0335736908018589,-0.03906042501330376,-0.048110172152519226,0.005965978838503361,1.1991430521011353,-0.13915172219276428,-0.08390124887228012,0.18389777839183807,0.77498859167099,-0.6945590376853943,-0.05426869913935661,0.18742509186267853,-0.009802904911339283,0.03884316608309746,0.11698280274868011,0.4972449243068695,-0.0745898112654686,0.25110071897506714
1.5916666666666668,action_a,0.0,4.866185188293457,101.61538124084473,-0.06152793765068054,-0.18757937848567963,1.005685806274414,-0.5681807994842529,-0.15460708737373352,0.018885692581534386,0.9751464128494263,-0.9384884834289551,0.012107720598578453,-0.24691030383110046,-0.0403989776968956,-0.03620501607656479,-0.038448698818683624,-0.049407005310058594,0.00024338997900485992,1.1661789417266846,-0.14686012268066406,-0.0986989215016365,0.18757596611976624,0.7624433040618896,-0.7105612754821777,-0.02555275894701481,0.19632059335708618,-0.009995810687541962,0.04438057541847229,0.1274971067905426,0.498920202255249,-0.0773063600063324,0.2501206398010254
1.5999999999999996,action_a,0.0,4.866170883178711,0.00171661376953125,-0.06543324887752533,-0.1867731213569641,0.9651343822479248,-0.5694459676742554,-0.1593567579984665,0.02771582081913948,1.0130423307418823,-0.9653943777084351,0.0017311295960098505,-0.2650235891342163,-0.05164989456534386,-0.03883633762598038,-0.03783696889877319,-0.05070383474230766,-0.005479198880493641,1.1332147121429443,-0.15456853806972504,-0.11349659413099289,0.1912541389465332,0.7498979568481445,-0.7265635132789612,0.0031631796155124903,0.20521609485149384,-0.010188715532422066,0.04991798475384712,0.1380114108324051,0.5005955100059509,-0.0800229087471962,0.24914053082466125
1.6083333333333325,action_a,0.0,8.12406063079834,390.94676971435547,-0.06928523629903793,-0.18012496829032898,0.897433876991272,-0.5870964527130127,-0.14650091528892517,0.030489910393953323,1.0672497749328613,-0.9812873601913452,0.0019418162992224097,-0.2869710624217987,-0.041977256536483765,-0.04117916524410248,-0.033273886889219284,-0.05165248364210129,-0.0114817563444376,1.1108112335205078,-0.17045098543167114,-0.11160437762737274,0.191605806350708,0.7354422807693481,-0.7533919215202332,0.026460325345396996,0.22059841454029083,-0.0050585912540555,0.05421596020460129,0.14412230253219604,0.5008729696273804,-0.06801978498697281,0.25027477741241455
1.6166666666666671,action_a,0.0,8.124053478240967,0.00171661376953125,-0.07313722372055054,-0.17347680032253265,0.8297334313392639,-0.60474693775177,-0.13364507257938385,0.033263999968767166,1.1214573383331299,-0.9971804022789001,0.002152503002434969,-0.3089185357093811,-0.03230462223291397,-0.04352199286222458,-0.028710804879665375,-0.05260113254189491,-0.017484314739704132,1.0884076356887817,-0.18633343279361725,-0.109712153673172,0.19195745885372162,0.720986545085907,-0.7802203297615051,0.049757469445466995,0.23598073422908783,7.153284241212532e-05,0.05851393938064575,0.1502332091331482,0.5011504292488098,-0.05601665750145912,0.25140902400016785
1.625,action_a,0.0,3.4913277626037598,559.8049163818359,-0.07301652431488037,-0.16881650686264038,0.8006390333175659,-0.5939804315567017,-0.1304364949464798,0.03307441622018814,1.1367895603179932,-1.0133918523788452,-0.0013642662670463324,-0.32966750860214233,-0.04172351956367493,-0.0398884154856205,-0.027528367936611176,-0.05142667144536972,-0.019951704889535904,1.073418140411377,-0.18959546089172363,-0.1147514134645462,0.19348420202732086,0.7020524740219116,-0.7955970764160156,0.06430631130933762,0.25866395235061646,-0.00193058664444834,0.06034048646688461,0.15560412406921387,0.5007451772689819,-0.0511125773191452,0.24928683042526245
1.6333333333333329,action_a,0.0,3.4913277626037598,0.00171661376953125,-0.07289581745862961,-0.16415619850158691,0.7715446352958679,-0.5832138657569885,-0.12722791731357574,0.03288482874631882,1.152121901512146,-1.029603362083435,-0.004881035536527634,-0.3504164516925812,-0.05114241689443588,-0.03625483810901642,-0.026345930993556976,-0.05025221034884453,-0.022419096902012825,1.0584287643432617,-0.19285747408866882,-0.11979067325592041,0.1950109452009201,0.683118462562561,-0.8109738230705261,0.07885515689849854,0.2813471555709839,-0.003932706080377102,0.06216703727841377,0.16097502410411835,0.5003398656845093,-0.04620850086212158,0.24716462194919586
1.6416666666666675,action_a,0.0,0.0003504753112792969,418.91727447509766,-0.07289564609527588,-0.164155513048172,0.7715417146682739,-0.5832133293151855,-0.12722750008106232,0.032884612679481506,1.1521230936050415,-1.0296051502227783,-0.004881056025624275,-0.35041868686676025,-0.051142387092113495,-0.03625474125146866,-0.02634541690349579,-0.05025198310613632,-0.022419262677431107,1.058427095413208,-0.19285781681537628,-0.11979089677333832,0.19501075148582458,0.6831163167953491,-0.8109756708145142,0.07885588705539703,0.2813485860824585,-0.00393261481076479,0.062167368829250336,0.16097503900527954,0.5003398656845093,-0.04620801657438278,0.2471645176410675
1.6500000000000004,action_a,0.0,0.0003504753112792969,0.00171661376953125,-0.07289547473192215,-0.1641548126935959,0.7715387940406799,-0.5832127928733826,-0.1272270828485489,0.032884400337934494,1.152124285697937,-1.0296070575714111,-0.004881076514720917,-0.35042092204093933,-0.05114235728979111,-0.0362546481192112,-0.02634490095078945,-0.050251755863428116,-0.02241942659020424,1.0584253072738647,-0.19285815954208374,-0.11979112774133682,0.19501057267189026,0.6831141710281372,-0.810977578163147,0.07885660976171494,0.2813500165939331,-0.003932524006813765,0.0621677041053772,0.16097505390644073,0.5003398656845093,-0.04620753228664398,0.24716439843177795
1.6583333333333332,action_a,0.0,0.0,0.042057037353515625,-0.07289547473192215,-0.1641548126935959,0.7715387940406799,-0.5832127928733826,-0.1272270828485489,0.032884400337934494,1.152124285697937,-1.0296070575714111,-0.004881076514720917,-0.35042092204093933,-0.05114235728979111,-0.0362546481192112,-0.02634490095078945,-0.050251755863428116,-0.02241942659020424,1.0584253072738647,-0.19285815954208374,-0.11979112774133682,0.19501057267189026,0.6831141710281372,-0.810977578163147,0.07885660976171494,0.2813500165939331,-0.003932524006813765,0.0621677041053772,0.16097505390644073,0.5003398656845093,-0.04620753228664398,0.24716439843177795
1.666666666666666,action_a,0.0,0.0,0.0,-0.07289547473192215,-0.1641548126935959,0.7715387940406799,-0.5832127928733826,-0.1272270828485489,0.032884400337934494,1.152124285697937,-1.0296070575714111,-0.004881076514720917,-0.35042092204093933,-0.05114235728979111,-0.0362546481192112,-0.02634490095078945,-0.050251755863428116,-0.02241942659020424,1.0584253072738647,-0.19285815954208374,-0.11979112774133682,0.19501057267189026,0.6831141710281372,-0.810977578163147,0.07885660976171494,0.2813500165939331,-0.003932524006813765,0.0621677041053772,0.16097505390644073,0.5003398656845093,-0.04620753228664398,0.24716439843177795
1.6750000000000007,action_a,0.0,0.0,0.0,-0.07289547473192215,-0.1641548126935959,0.7715387940406799,-0.5832127928733826,-0.1272270828485489,0.032884400337934494,1.152124285697937,-1.0296070575714111,-0.004881076514720917,-0.35042092204093933,-0.05114235728979111,-0.0362546481192112,-0.02634490095078945,-0.050251755863428116,-0.02241942659020424,1.0584253072738647,-0.19285815954208374,-0.11979112774133682,0.19501057267189026,0.6831141710281372,-0.810977578163147,0.07885660976171494,0.2813500165939331,-0.003932524006813765,0.0621677041053772,0.16097505390644073,0.5003398656845093,-0.04620753228664398,0.24716439843177795
1.6833333333333336,action_a,0.0,0.0,0.0,-0.07289547473192215,-0.1641548126935959,0.7715387940406799,-0.5832127928733826,-0.1272270828485489,0.032884400337934494,1.152124285697937,-1.0296070575714111,-0.004881076514720917,-0.35042092204093933,-0.05114235728979111,-0.0362546481192112,-0.02634490095078945,-0.050251755863428116,-0.02241942659020424,1.0584253072738647,-0.19285815954208374,-0.11979112774133682,0.19501057267189026,0.6831141710281372,-0.810977578163147,0.07885660976171494,0.2813500165939331,-0.003932524006813765,0.0621677041053772,0.16097505390644073,0.5003398656845093,-0.04620753228664398,0.24716439843177795
1.6916666666666664,action_a,0.0,9.424781799316406,1130.9738159179688,-0.07326588034629822,-0.13543009757995605,0.692999005317688,-0.51726233959198,-0.11221905052661896,-0.001397857442498207,1.161550760269165,-1.0960776805877686,0.01670498214662075,-0.42896074056625366,-0.02674228884279728,-0.015165475197136402,0.018670346587896347,-0.042945824563503265,-0.023184381425380707,0.9798855185508728,-0.18660420179367065,-0.13839779794216156,0.1628221869468689,0.6045743227005005,-0.8842186331748962,0.0889132171869278,0.35988983511924744,-0.01732459105551243,0.06977048516273499,0.13307371735572815,0.47715243697166443,-0.03273988515138626,0.23433566093444824
1.6999999999999993,action_a,0.0,9.424781799316406,0.00171661376953125,-0.07363628596067429,-0.10670539736747742,0.6144591569900513,-0.451311856508255,-0.09721102565526962,-0.03568011522293091,1.170977234840393,-1.1625481843948364,0.03829104080796242,-0.5075005292892456,-0.0023422192316502333,0.005923697259277105,0.0636855959892273,-0.035639893263578415,-0.023949334397912025,0.9013457298278809,-0.18035025894641876,-0.1570044606924057,0.13063381612300873,0.5260345339775085,-0.9574596881866455,0.09896982461214066,0.43842965364456177,-0.030716659501194954,0.07737327367067337,0.10517236590385437,0.4539650082588196,-0.01927223429083824,0.22150690853595734
1.708333333333334,action_a,0.0,9.424781799316406,735.9221935272217,-0.07271862030029297,-0.08764620125293732,0.5359193086624146,-0.43646708130836487,-0.08498820662498474,-0.0327712744474411,1.1540509462356567,-1.1888277530670166,0.04575032740831375,-0.5860403776168823,0.0037003508768975735,0.013769698329269886,0.0778622180223465,-0.03477787598967552,-0.01951964944601059,0.8228058815002441,-0.1787659227848053,-0.1564575582742691,0.12110783159732819,0.4662014842033386,-0.9822272658348083,0.0688093900680542,0.4985833764076233,-0.03847961127758026,0.06569480895996094,0.07456289231777191,0.44250375032424927,-0.013945724815130234,0.21436290442943573
1.7166666666666668,action_a,0.0,9.424774646759033,0.00171661376953125,-0.07180094718933105,-0.06858699768781662,0.4573795199394226,-0.42162230610847473,-0.07276539504528046,-0.029862437397241592,1.1371246576309204,-1.2151072025299072,0.05320961773395538,-0.6645801663398743,0.009742921218276024,0.02161569893360138,0.0920388326048851,-0.03391585871577263,-0.015089962631464005,0.7442660927772522,-0.17718158662319183,-0.1559106558561325,0.11158184707164764,0.4063684344291687,-1.0069948434829712,0.03864895924925804,0.5587370991706848,-0.04624256119132042,0.0540163516998291,0.04395341873168945,0.43104246258735657,-0.008619214408099651,0.20721890032291412
1.7249999999999996,action_a,0.0,9.424774646759033,1027.013111114502,-0.07190051674842834,-0.053065188229084015,0.4249866008758545,-0.3986607491970062,-0.05695179104804993,-0.02540159784257412,1.113058090209961,-1.2551590204238892,0.0621921643614769,-0.6717996001243591,0.029081612825393677,0.025966539978981018,0.09619250893592834,-0.03192087262868881,-0.01064966432750225,0.6657263040542603,-0.1746903955936432,-0.1494070291519165,0.10566727817058563,0.39014309644699097,-1.042363166809082,-0.003078967332839966,0.6047351360321045,-0.04359433054924011,0.03465717285871506,0.005978450179100037,0.4328838586807251,0.009606385603547096,0.20081913471221924
1.7333333333333325,action_a,0.0,9.424781799316406,0.00171661376953125,-0.07200007885694504,-0.03754337504506111,0.392593652009964,-0.3756991922855377,-0.0411381870508194,-0.020940758287906647,1.088991403579712,-1.295210838317871,0.07117471098899841,-0.679019033908844,0.04842030256986618,0.030317381024360657,0.10034619271755219,-0.029925882816314697,-0.0062093669548630714,0.5871864557266235,-0.17219921946525574,-0.1429034173488617,0.09975271672010422,0.3739177882671356,-1.0777316093444824,-0.04480689391493797,0.650733232498169,-0.04094609618186951,0.015297990292310715,-0.03199651837348938,0.43472522497177124,0.02783198468387127,0.19441935420036316
1.7416666666666671,action_a,0.0,4.371936321258545,606.3414573669434,-0.07159417867660522,-0.029537294059991837,0.3775871992111206,-0.3566194176673889,-0.028883088380098343,-0.017501333728432655,1.0636940002441406,-1.3188393115997314,0.07286758720874786,-0.6876847743988037,0.05514565855264664,0.035788699984550476,0.10858766734600067,-0.02796964906156063,-0.0039027060847729445,0.550753653049469,-0.17142416536808014,-0.13506856560707092,0.09717214107513428,0.3603278398513794,-1.1014866828918457,-0.06542618572711945,0.6809227466583252,-0.04357459396123886,0.0006007300689816475,-0.053934257477521896,0.4303467869758606,0.03957994282245636,0.19444112479686737
1.75,action_a,0.0,4.371936321258545,0.00171661376953125,-0.07118827104568481,-0.021531211212277412,0.3625807762145996,-0.3375396430492401,-0.016627991572022438,-0.014061909168958664,1.0383967161178589,-1.3424676656723022,0.07456045597791672,-0.6963505744934082,0.06187101826071739,0.041260022670030594,0.11682913452386856,-0.026013415306806564,-0.0015960453310981393,0.5143208503723145,-0.17064911127090454,-0.12723371386528015,0.09459157288074493,0.34673789143562317,-1.125241756439209,-0.08604548126459122,0.7111123204231262,-0.046203095465898514,-0.01409653015434742,-0.07587199658155441,0.42596837878227234,0.0513278990983963,0.19446289539337158
1.7583333333333329,action_a,0.0,0.0,524.6323585510254,-0.07118827104568481,-0.021531211212277412,0.3625807762145996,-0.3375396430492401,-0.016627991572022438,-0.014061909168958664,1.0383967161178589,-1.3424676656723022,0.07456045597791672,-0.6963505744934082,0.06187101826071739,0.041260022670030594,0.11682913452386856,-0.026013415306806564,-0.0015960453310981393,0.5143208503723145,-0.17064911127090454,-0.12723371386528015,0.09459157288074493,0.34673789143562317,-1.125241756439209,-0.08604548126459122,0.7111123204231262,-0.046203095465898514,-0.01409653015434742,-0.07587199658155441,0.42596837878227234,0.0513278990983963,0.19446289539337158
1.7666666666666675,action_a,0.0,0.0,0.0,-0.07118827104568481,-0.021531211212277412,0.3625807762145996,-0.3375396430492401,-0.016627991572022438,-0.014061909168958664,1.0383967161178589,-1.3424676656723022,0.07456045597791672,-0.6963505744934082,0.06187101826071739,0.041260022670030594,0.11682913452386856,-0.026013415306806564,-0.0015960453310981393,0.5143208503723145,-0.17064911127090454,-0.12723371386528015,0.09459157288074493,0.34673789143562317,-1.125241756439209,-0.08604548126459122,0.7111123204231262,-0.046203095465898514,-0.01409653015434742,-0.07587199658155441,0.42596837878227234,0.0513278990983963,0.19446289539337158
1.7750000000000004,action_a,0.0,0.0,0.0,-0.07118827104568481,-0.021531211212277412,0.3625807762145996,-0.3375396430492401,-0.016627991572022438,-0.014061909168958664,1.0383967161178589,-1.3424676656723022,0.07456045597791672,-0.6963505744934082,0.06187101826071739,0.041260022670030594,0.11682913452386856,-0.026013415306806564,-0.0015960453310981393,0.5143208503723145,-0.17064911127090454,-0.12723371386528015,0.09459157288074493,0.34673789143562317,-1.125241756439209,-0.08604548126459122,0.7111123204231262,-0.046203095465898514,-0.01409653015434742,-0.07587199658155441,0.42596837878227234,0.0513278990983963,0.19446289539337158
1.7833333333333332,action_a,0.0,0.0,0.0,-0.07118827104568481,-0.021531211212277412,0.3625807762145996,-0.3375396430492401,-0.016627991572022438,-0.014061909168958664,1.0383967161178589,-1.3424676656723022,0.07456045597791672,-0.6963505744934082,0.06187101826071739,0.041260022670030594,0.11682913452386856,-0.026013415306806564,-0.0015960453310981393,0.5143208503723145,-0.17064911127090454,-0.12723371386528015,0.09459157288074493,0.34673789143562317,-1.125241756439209,-0.08604548126459122,0.7111123204231262,-0.046203095465898514,-0.01409653015434742,-0.07587199658155441,0.42596837878227234,0.0513278990983963,0.19446289539337158
1.791666666666666,action_a,0.0,0.0,0.0,-0.07118827104568481,-0.021531211212277412,0.3625807762145996,-0.3375396430492401,-0.016627991572022438,-0.014061909168958664,1.0383967161178589,-1.3424676656723022,0.07456045597791672,-0.6963505744934082,0.06187101826071739,0.041260022670030594,0.11682913452386856,-0.026013415306806564,-0.0015960453310981393,0.5143208503723145,-0.17064911127090454,-0.12723371386528015,0.09459157288074493,0.34673789143562317,-1.125241756439209,-0.08604548126459122,0.7111123204231262,-0.046203095465898514,-0.01409653015434742,-0.07587199658155441,0.42596837878227234,0.0513278990983963,0.19446289539337158
1.8000000000000007,action_a,0.0,0.0,0.0,-0.07118827104568481,-0.021531211212277412,0.3625807762145996,-0.3375396430492401,-0.016627991572022438,-0.014061909168958664,1.0383967161178589,-1.3424676656723022,0.07456045597791672,-0.6963505744934082,0.06187101826071739,0.041260022670030594,0.11682913452386856,-0.026013415306806564,-0.0015960453310981393,0.5143208503723145,-0.17064911127090454,-0.12723371386528015,0.09459157288074493,0.34673789143562317,-1.125241756439209,-0.08604548126459122,0.7111123204231262,-0.046203095465898514,-0.01409653015434742,-0.07587199658155441,0.42596837878227234,0.0513278990983963,0.19446289539337158
1.8083333333333336,action_a,0.0,0.0,0.0,-0.07118827104568481,-0.021531211212277412,0.3625807762145996,-0.3375396430492401,-0.016627991572022438,-0.014061909168958664,1.0383967161178589,-1.3424676656723022,0.07456045597791672,-0.6963505744934082,0.06187101826071739,0.041260022670030594,0.11682913452386856,-0.026013415306806564,-0.0015960453310981393,0.5143208503723145,-0.17064911127090454,-0.12723371386528015,0.09459157288074493,0.34673789143562317,-1.125241756439209,-0.08604548126459122,0.7111123204231262,-0.046203095465898514,-0.01409653015434742,-0.07587199658155441,0.42596837878227234,0.0513278990983963,0.19446289539337158
1.8166666666666664,action_a,0.0,0.0,0.0,-0.07118827104568481,-0.021531211212277412,0.3625807762145996,-0.3375396430492401,-0.016627991572022438,-0.014061909168958664,1.0383967161178589,-1.3424676656723022,0.07456045597791672,-0.6963505744934082,0.06187101826071739,0.041260022670030594,0.11682913452386856,-0.026013415306806564,-0.0015960453310981393,0.5143208503723145,-0.17064911127090454,-0.12723371386528015,0.09459157288074493,0.34673789143562317,-1.125241756439209,-0.08604548126459122,0.7111123204231262,-0.046203095465898514,-0.01409653015434742,-0.07587199658155441,0.42596837878227234,0.0513278990983963,0.19446289539337158
1.8249999999999993,action_a,0.0,0.0,0.0,-0.07118827104568481,-0.021531211212277412,0.3625807762145996,-0.3375396430492401,-0.016627991572022438,-0.014061909168958664,1.0383967161178589,-1.3424676656723022,0.07456045597791672,-0.6963505744934082,0.06187101826071739,0.041260022670030594,0.11682913452386856,-0.026013415306806564,-0.0015960453310981393,0.5143208503723145,-0.17064911127090454,-0.12723371386528015,0.09459157288074493,0.34673789143562317,-1.125241756439209,-0.08604548126459122,0.7111123204231262,-0.046203095465898514,-0.01409653015434742,-0.07587199658155441,0.42596837878227234,0.0513278990983963,0.19446289539337158
1.833333333333334,action_a,0.0,0.0,0.0,-0.07118827104568481,-0.021531211212277412,0.3625807762145996,-0.3375396430492401,-0.016627991572022438,-0.014061909168958664,1.0383967161178589,-1.3424676656723022,0.07456045597791672,-0.6963505744934082,0.06187101826071739,0.041260022670030594,0.11682913452386856,-0.026013415306806564,-0.0015960453310981393,0.5143208503723145,-0.17064911127090454,-0.12723371386528015,0.09459157288074493,0.34673789143562317,-1.125241756439209,-0.08604548126459122,0.7111123204231262,-0.046203095465898514,-0.01409653015434742,-0.07587199658155441,0.42596837878227234,0.0513278990983963,0.19446289539337158
1.8416666666666668,action_a,0.0,0.0,0.0,-0.07118827104568481,-0.021531211212277412,0.3625807762145996,-0.3375396430492401,-0.016627991572022438,-0.014061909168958664,1.0383967161178589,-1.3424676656723022,0.07456045597791672,-0.6963505744934082,0.06187101826071739,0.041260022670030594,0.11682913452386856,-0.026013415306806564,-0.0015960453310981393,0.5143208503723145,-0.17064911127090454,-0.12723371386528015,0.09459157288074493,0.34673789143562317,-1.125241756439209,-0.08604548126459122,0.7111123204231262,-0.046203095465898514,-0.01409653015434742,-0.07587199658155441,0.42596837878227234,0.0513278990983963,0.19446289539337158
1.8499999999999996,action_a,0.0,0.0,0.0,-0.07118827104568481,-0.021531211212277412,0.3625807762145996,-0.3375396430492401,-0.016627991572022438,-0.014061909168958664,1.0383967161178589,-1.3424676656723022,0.07456045597791672,-0.6963505744934082,0.06187101826071739,0.041260022670030594,0.11682913452386856,-0.026013415306806564,-0.0015960453310981393,0.5143208503723145,-0.17064911127090454,-0.12723371386528015,0.09459157288074493,0.34673789143562317,-1.125241756439209,-0.08604548126459122,0.7111123204231262,-0.046203095465898514,-0.01409653015434742,-0.07587199658155441,0.42596837878227234,0.0513278990983963,0.19446289539337158
1.8583333333333325,action_a,0.0,0.0,0.0,-0.07118827104568481,-0.021531211212277412,0.3625807762145996,-0.3375396430492401,-0.016627991572022438,-0.014061909168958664,1.0383967161178589,-1.3424676656723022,0.07456045597791672,-0.6963505744934082,0.06187101826071739,0.041260022670030594,0.11682913452386856,-0.026013415306806564,-0.0015960453310981393,0.5143208503723145,-0.17064911127090454,-0.12723371386528015,0.09459157288074493,0.34673789143562317,-1.125241756439209,-0.08604548126459122,0.7111123204231262,-0.046203095465898514,-0.01409653015434742,-0.07587199658155441,0.42596837878227234,0.0513278990983963,0.19446289539337158
1.8666666666666671,action_a,0.0,0.0,0.0,-0.07118827104568481,-0.021531211212277412,0.3625807762145996,-0.3375396430492401,-0.016627991572022438,-0.014061909168958664,1.0383967161178589,-1.3424676656723022,0.07456045597791672,-0.6963505744934082,0.06187101826071739,0.041260022670030594,0.11682913452386856,-0.026013415306806564,-0.0015960453310981393,0.5143208503723145,-0.17064911127090454,-0.12723371386528015,0.09459157288074493,0.34673789143562317,-1.125241756439209,-0.08604548126459122,0.7111123204231262,-0.046203095465898514,-0.01409653015434742,-0.07587199658155441,0.42596837878227234,0.0513278990983963,0.19446289539337158
1.875,action_a,0.0,0.0,0.0,-0.07118827104568481,-0.021531211212277412,0.3625807762145996,-0.3375396430492401,-0.016627991572022438,-0.014061909168958664,1.0383967161178589,-1.3424676656723022,0.07456045597791672,-0.6963505744934082,0.06187101826071739,0.041260022670030594,0.11682913452386856,-0.026013415306806564,-0.0015960453310981393,0.5143208503723145,-0.17064911127090454,-0.12723371386528015,0.09459157288074493,0.34673789143562317,-1.125241756439209,-0.08604548126459122,0.7111123204231262,-0.046203095465898514,-0.01409653015434742,-0.07587199658155441,0.42596837878227234,0.0513278990983963,0.19446289539337158
1.8833333333333329,action_a,0.0,0.0,0.0,-0.07118827104568481,-0.021531211212277412,0.3625807762145996,-0.3375396430492401,-0.016627991572022438,-0.014061909168958664,1.0383967161178589,-1.3424676656723022,0.07456045597791672,-0.6963505744934082,0.06187101826071739,0.041260022670030594,0.11682913452386856,-0.026013415306806564,-0.0015960453310981393,0.5143208503723145,-0.17064911127090454,-0.12723371386528015,0.09459157288074493,0.34673789143562317,-1.125241756439209,-0.08604548126459122,0.7111123204231262,-0.046203095465898514,-0.01409653015434742,-0.07587199658155441,0.42596837878227234,0.0513278990983963,0.19446289539337158
1.8916666666666675,action_a,0.0,0.0,0.0,-0.07118827104568481,-0.021531211212277412,0.3625807762145996,-0.3375396430492401,-0.016627991572022438,-0.014061909168958664,1.0383967161178589,-1.3424676656723022,0.07456045597791672,-0.6963505744934082,0.06187101826071739,0.041260022670030594,0.11682913452386856,-0.026013415306806564,-0.0015960453310981393,0.5143208503723145,-0.17064911127090454,-0.12723371386528015,0.09459157288074493,0.34673789143562317,-1.125241756439209,-0.08604548126459122,0.7111123204231262,-0.046203095465898514,-0.01409653015434742,-0.07587199658155441,0.42596837878227234,0.0513278990983963,0.19446289539337158
1.9000000000000004,action_a,0.0,0.0,0.0,-0.07118827104568481,-0.021531211212277412,0.3625807762145996,-0.3375396430492401,-0.016627991572022438,-0.014061909168958664,1.0383967161178589,-1.3424676656723022,0.07456045597791672,-0.6963505744934082,0.06187101826071739,0.041260022670030594,0.11682913452386856,-0.026013415306806564,-0.0015960453310981393,0.5143208503723145,-0.17064911127090454,-0.12723371386528015,0.09459157288074493,0.34673789143562317,-1.125241756439209,-0.08604548126459122,0.7111123204231262,-0.046203095465898514,-0.01409653015434742,-0.07587199658155441,0.42596837878227234,0.0513278990983963,0.19446289539337158
1.9083333333333332,action_a,0.0,0.0,0.0,-0.07118827104568481,-0.021531211212277412,0.3625807762145996,-0.3375396430492401,-0.016627991572022438,-0.014061909168958664,1.0383967161178589,-1.3424676656723022,0.07456045597791672,-0.6963505744934082,0.06187101826071739,0.041260022670030594,0.11682913452386856,-0.026013415306806564,-0.0015960453310981393,0.5143208503723145,-0.17064911127090454,-0.12723371386528015,0.09459157288074493,0.34673789143562317,-1.125241756439209,-0.08604548126459122,0.7111123204231262,-0.046203095465898514,-0.01409653015434742,-0.07587199658155441,0.42596837878227234,0.0513278990983963,0.19446289539337158
1.916666666666666,action_a,0.0,0.0,0.0,-0.07118827104568481,-0.021531211212277412,0.3625807762145996,-0.3375396430492401,-0.016627991572022438,-0.014061909168958664,1.0383967161178589,-1.3424676656723022,0.07456045597791672,-0.6963505744934082,0.06187101826071739,0.041260022670030594,0.11682913452386856,-0.026013415306806564,-0.0015960453310981393,0.5143208503723145,-0.17064911127090454,-0.12723371386528015,0.09459157288074493,0.34673789143562317,-1.125241756439209,-0.08604548126459122,0.7111123204231262,-0.046203095465898514,-0.01409653015434742,-0.07587199658155441,0.42596837878227234,0.0513278990983963,0.19446289539337158
1.9250000000000007,action_a,0.0,0.0,0.0,-0.07118827104568481,-0.021531211212277412,0.3625807762145996,-0.3375396430492401,-0.016627991572022438,-0.014061909168958664,1.0383967161178589,-1.3424676656723022,0.07456045597791672,-0.6963505744934082,0.06187101826071739,0.041260022670030594,0.11682913452386856,-0.026013415306806564,-0.0015960453310981393,0.5143208503723145,-0.17064911127090454,-0.12723371386528015,0.09459157288074493,0.34673789143562317,-1.125241756439209,-0.08604548126459122,0.7111123204231262,-0.046203095465898514,-0.01409653015434742,-0.07587199658155441,0.42596837878227234,0.0513278990983963,0.19446289539337158
1.9333333333333336,action_a,0.0,0.0,0.0,-0.07118827104568481,-0.021531211212277412,0.3625807762145996,-0.3375396430492401,-0.016627991572022438,-0.014061909168958664,1.0383967161178589,-1.3424676656723022,0.07456045597791672,-0.6963505744934082,0.06187101826071739,0.041260022670030594,0.11682913452386856,-0.026013415306806564,-0.0015960453310981393,0.5143208503723145,-0.17064911127090454,-0.12723371386528015,0.09459157288074493,0.34673789143562317,-1.125241756439209,-0.08604548126459122,0.7111123204231262,-0.046203095465898514,-0.01409653015434742,-0.07587199658155441,0.42596837878227234,0.0513278990983963,0.19446289539337158
1.9416666666666664,action_a,0.0,0.0,0.0,-0.07118827104568481,-0.021531211212277412,0.3625807762145996,-0.3375396430492401,-0.016627991572022438,-0.014061909168958664,1.0383967161178589,-1.3424676656723022,0.07456045597791672,-0.6963505744934082,0.06187101826071739,0.041260022670030594,0.11682913452386856,-0.026013415306806564,-0.0015960453310981393,0.5143208503723145,-0.17064911127090454,-0.12723371386528015,0.09459157288074493,0.34673789143562317,-1.125241756439209,-0.08604548126459122,0.7111123204231262,-0.046203095465898514,-0.01409653015434742,-0.07587199658155441,0.42596837878227234,0.0513278990983963,0.19446289539337158
1.9499999999999993,action_a,0.0,0.0,0.0,-0.07118827104568481,-0.021531211212277412,0.3625807762145996,-0.3375396430492401,-0.016627991572022438,-0.014061909168958664,1.0383967161178589,-1.3424676656723022,0.07456045597791672,-0.6963505744934082,0.06187101826071739,0.041260022670030594,0.11682913452386856,-0.026013415306806564,-0.0015960453310981393,0.5143208503723145,-0.17064911127090454,-0.12723371386528015,0.09459157288074493,0.34673789143562317,-1.125241756439209,-0.08604548126459122,0.7111123204231262,-0.046203095465898514,-0.01409653015434742,-0.07587199658155441,0.42596837878227234,0.0513278990983963,0.19446289539337158
1.958333333333334,action_a,0.0,0.0,0.0,-0.07118827104568481,-0.021531211212277412,0.3625807762145996,-0.3375396430492401,-0.016627991572022438,-0.014061909168958664,1.0383967161178589,-1.3424676656723022,0.07456045597791672,-0.6963505744934082,0.06187101826071739,0.041260022670030594,0.11682913452386856,-0.026013415306806564,-0.0015960453310981393,0.5143208503723145,-0.17064911127090454,-0.12723371386528015,0.09459157288074493,0.34673789143562317,-1.125241756439209,-0.08604548126459122,0.7111123204231262,-0.046203095465898514,-0.01409653015434742,-0.07587199658155441,0.42596837878227234,0.0513278990983963,0.19446289539337158
1.9666666666666668,action_a,0.0,0.0,0.0,-0.07118827104568481,-0.021531211212277412,0.3625807762145996,-0.3375396430492401,-0.016627991572022438,-0.014061909168958664,1.0383967161178589,-1.3424676656723022,0.07456045597791672,-0.6963505744934082,0.06187101826071739,0.041260022670030594,0.11682913452386856,-0.026013415306806564,-0.0015960453310981393,0.5143208503723145,-0.17064911127090454,-0.12723371386528015,0.09459157288074493,0.34673789143562317,-1.125241756439209,-0.08604548126459122,0.7111123204231262,-0.046203095465898514,-0.01409653015434742,-0.07587199658155441,0.42596837878227234,0.0513278990983963,0.19446289539337158
1.9749999999999996,action_a,0.0,0.0,0.0,-0.07118827104568481,-0.021531211212277412,0.3625807762145996,-0.3375396430492401,-0.016627991572022438,-0.014061909168958664,1.0383967161178589,-1.3424676656723022,0.07456045597791672,-0.6963505744934082,0.06187101826071739,0.041260022670030594,0.11682913452386856,-0.026013415306806564,-0.0015960453310981393,0.5143208503723145,-0.17064911127090454,-0.12723371386528015,0.09459157288074493,0.34673789143562317,-1.125241756439209,-0.08604548126459122,0.7111123204231262,-0.046203095465898514,-0.01409653015434742,-0.07587199658155441,0.42596837878227234,0.0513278990983963,0.19446289539337158
1.9833333333333325,action_a,0.0,0.0,0.0,-0.07118827104568481,-0.021531211212277412,0.3625807762145996,-0.3375396430492401,-0.016627991572022438,-0.014061909168958664,1.0383967161178589,-1.3424676656723022,0.07456045597791672,-0.6963505744934082,0.06187101826071739,0.041260022670030594,0.11682913452386856,-0.026013415306806564,-0.0015960453310981393,0.5143208503723145,-0.17064911127090454,-0.12723371386528015,0.09459157288074493,0.34673789143562317,-1.125241756439209,-0.08604548126459122,0.7111123204231262,-0.046203095465898514,-0.01409653015434742,-0.07587199658155441,0.42596837878227234,0.0513278990983963,0.19446289539337158
1.9916666666666671,action_a,0.0,0.0,0.0,-0.07118827104568481,-0.021531211212277412,0.3625807762145996,-0.3375396430492401,-0.016627991572022438,-0.014061909168958664,1.0383967161178589,-1.3424676656723022,0.07456045597791672,-0.6963505744934082,0.06187101826071739,0.041260022670030594,0.11682913452386856,-0.026013415306806564,-0.0015960453310981393,0.5143208503723145,-0.17064911127090454,-0.12723371386528015,0.09459157288074493,0.34673789143562317,-1.125241756439209,-0.08604548126459122,0.7111123204231262,-0.046203095465898514,-0.01409653015434742,-0.07587199658155441,0.42596837878227234,0.0513278990983963,0.19446289539337158
2.0,action_a,0.0,0.0,0.0,-0.07118827104568481,-0.021531211212277412,0.3625807762145996,-0.3375396430492401,-0.016627991572022438,-0.014061909168958664,1.0383967161178589,-1.3424676656723022,0.07456045597791672,-0.6963505744934082,0.06187101826071739,0.041260022670030594,0.11682913452386856,-0.026013415306806564,-0.0015960453310981393,0.5143208503723145,-0.17064911127090454,-0.12723371386528015,0.09459157288074493,0.34673789143562317,-1.125241756439209,-0.08604548126459122,0.7111123204231262,-0.046203095465898514,-0.01409653015434742,-0.07587199658155441,0.42596837878227234,0.0513278990983963,0.19446289539337158
2.008333333333333,action_a,0.0,0.0,0.0,-0.07118827104568481,-0.021531211212277412,0.3625807762145996,-0.3375396430492401,-0.016627991572022438,-0.014061909168958664,1.0383967161178589,-1.3424676656723022,0.07456045597791672,-0.6963505744934082,0.06187101826071739,0.041260022670030594,0.11682913452386856,-0.026013415306806564,-0.0015960453310981393,0.5143208503723145,-0.17064911127090454,-0.12723371386528015,0.09459157288074493,0.34673789143562317,-1.125241756439209,-0.08604548126459122,0.7111123204231262,-0.046203095465898514,-0.01409653015434742,-0.07587199658155441,0.42596837878227234,0.0513278990983963,0.19446289539337158
2.0166666666666675,action_a,0.0,0.0,0.0,-0.07118827104568481,-0.021531211212277412,0.3625807762145996,-0.3375396430492401,-0.016627991572022438,-0.014061909168958664,1.0383967161178589,-1.3424676656723022,0.07456045597791672,-0.6963505744934082,0.06187101826071739,0.041260022670030594,0.11682913452386856,-0.026013415306806564,-0.0015960453310981393,0.5143208503723145,-0.17064911127090454,-0.12723371386528015,0.09459157288074493,0.34673789143562317,-1.125241756439209,-0.08604548126459122,0.7111123204231262,-0.046203095465898514,-0.01409653015434742,-0.07587199658155441,0.42596837878227234,0.0513278990983963,0.19446289539337158
2.0250000000000004,action_a,0.0,0.0,0.0,-0.07118827104568481,-0.021531211212277412,0.3625807762145996,-0.3375396430492401,-0.016627991572022438,-0.014061909168958664,1.0383967161178589,-1.3424676656723022,0.07456045597791672,-0.6963505744934082,0.06187101826071739,0.041260022670030594,0.11682913452386856,-0.026013415306806564,-0.0015960453310981393,0.5143208503723145,-0.17064911127090454,-0.12723371386528015,0.09459157288074493,0.34673789143562317,-1.125241756439209,-0.08604548126459122,0.7111123204231262,-0.046203095465898514,-0.01409653015434742,-0.07587199658155441,0.42596837878227234,0.0513278990983963,0.19446289539337158
2.033333333333333,action_a,0.0,0.0,0.0,-0.07118827104568481,-0.021531211212277412,0.3625807762145996,-0.3375396430492401,-0.016627991572022438,-0.014061909168958664,1.0383967161178589,-1.3424676656723022,0.07456045597791672,-0.6963505744934082,0.06187101826071739,0.041260022670030594,0.11682913452386856,-0.026013415306806564,-0.0015960453310981393,0.5143208503723145,-0.17064911127090454,-0.12723371386528015,0.09459157288074493,0.34673789143562317,-1.125241756439209,-0.08604548126459122,0.7111123204231262,-0.046203095465898514,-0.01409653015434742,-0.07587199658155441,0.42596837878227234,0.0513278990983963,0.19446289539337158
2.041666666666666,action_a,0.0,0.0,0.0,-0.07118827104568481,-0.021531211212277412,0.3625807762145996,-0.3375396430492401,-0.016627991572022438,-0.014061909168958664,1.0383967161178589,-1.3424676656723022,0.07456045597791672,-0.6963505744934082,0.06187101826071739,0.041260022670030594,0.11682913452386856,-0.026013415306806564,-0.0015960453310981393,0.5143208503723145,-0.17064911127090454,-0.12723371386528015,0.09459157288074493,0.34673789143562317,-1.125241756439209,-0.08604548126459122,0.7111123204231262,-0.046203095465898514,-0.01409653015434742,-0.07587199658155441,0.42596837878227234,0.0513278990983963,0.19446289539337158
2.049999999999999,action_a,0.0,0.0,0.0,-0.07118827104568481,-0.021531211212277412,0.3625807762145996,-0.3375396430492401,-0.016627991572022438,-0.014061909168958664,1.0383967161178589,-1.3424676656723022,0.07456045597791672,-0.6963505744934082,0.06187101826071739,0.041260022670030594,0.11682913452386856,-0.026013415306806564,-0.0015960453310981393,0.5143208503723145,-0.17064911127090454,-0.12723371386528015,0.09459157288074493,0.34673789143562317,-1.125241756439209,-0.08604548126459122,0.7111123204231262,-0.046203095465898514,-0.01409653015434742,-0.07587199658155441,0.42596837878227234,0.0513278990983963,0.19446289539337158
2.0583333333333336,action_a,0.0,0.0,0.0,-0.07118827104568481,-0.021531211212277412,0.3625807762145996,-0.3375396430492401,-0.016627991572022438,-0.014061909168958664,1.0383967161178589,-1.3424676656723022,0.07456045597791672,-0.6963505744934082,0.06187101826071739,0.041260022670030594,0.11682913452386856,-0.026013415306806564,-0.0015960453310981393,0.5143208503723145,-0.17064911127090454,-0.12723371386528015,0.09459157288074493,0.34673789143562317,-1.125241756439209,-0.08604548126459122,0.7111123204231262,-0.046203095465898514,-0.01409653015434742,-0.07587199658155441,0.42596837878227234,0.0513278990983963,0.19446289539337158
2.0666666666666664,action_a,0.0,0.0,0.0,-0.07118827104568481,-0.021531211212277412,0.3625807762145996,-0.3375396430492401,-0.016627991572022438,-0.014061909168958664,1.0383967161178589,-1.3424676656723022,0.07456045597791672,-0.6963505744934082,0.06187101826071739,0.041260022670030594,0.11682913452386856,-0.026013415306806564,-0.0015960453310981393,0.5143208503723145,-0.17064911127090454,-0.12723371386528015,0.09459157288074493,0.34673789143562317,-1.125241756439209,-0.08604548126459122,0.7111123204231262,-0.046203095465898514,-0.01409653015434742,-0.07587199658155441,0.42596837878227234,0.0513278990983963,0.19446289539337158
2.075000000000001,action_a,0.0,9.42477822303772,1130.9733867645264,-0.05050011724233627,-0.03820562735199928,0.43419769406318665,-0.2589998245239258,0.005039026029407978,-0.03159698098897934,0.9598569273948669,-1.263927936553955,0.030981114134192467,-0.6539878249168396,0.057086072862148285,-0.004303352907299995,0.053617607802152634,-0.02573203667998314,-0.0033477223478257656,0.5608004331588745,-0.2056298851966858,-0.12335944175720215,0.06289010494947433,0.26819807291030884,-1.0516176223754883,-0.0608760342001915,0.6895619034767151,-0.04618016630411148,0.03398499637842178,-0.028078418225049973,0.42472922801971436,0.12986771762371063,0.11592307686805725
2.083333333333334,action_a,0.0,9.424781799316406,0.00171661376953125,-0.02981196716427803,-0.0548800453543663,0.5058146119117737,-0.18046000599861145,0.026706043630838394,-0.04913204908370972,0.881317138671875,-1.1853880882263184,-0.012598227709531784,-0.611625075340271,0.05230112373828888,-0.049866728484630585,-0.009593917988240719,-0.025450656190514565,-0.005099399480968714,0.6072800159454346,-0.24061065912246704,-0.11948517709970474,0.031188637018203735,0.1896582394838333,-0.977993369102478,-0.03570658713579178,0.668011486530304,-0.04615723714232445,0.08206652104854584,0.019715161994099617,0.42349010705947876,0.20840753614902496,0.03738326579332352
2.091666666666667,action_a,0.0,0.8714962005615234,1107.7945947647095,-0.02977617457509041,-0.05489475280046463,0.5097919702529907,-0.17502346634864807,0.026018455624580383,-0.04944698512554169,0.8740546703338623,-1.1811400651931763,-0.013717401772737503,-0.6112586259841919,0.05163532495498657,-0.051019102334976196,-0.01229660864919424,-0.025397371500730515,-0.005154243670403957,0.6120340824127197,-0.24144072830677032,-0.11984138935804367,0.031522076576948166,0.18552222847938538,-0.9746712446212769,-0.03347880393266678,0.6630512475967407,-0.04569701850414276,0.08266524970531464,0.02150258794426918,0.4232659339904785,0.21001717448234558,0.03197767585515976
2.0999999999999996,action_a,0.0,0.8714890480041504,0.000858306884765625,-0.029740383848547935,-0.05490946024656296,0.5137693881988525,-0.1695869266986847,0.02533086948096752,-0.04976191744208336,0.8667922616004944,-1.1768920421600342,-0.014836576767265797,-0.6108921766281128,0.050969526171684265,-0.05217147618532181,-0.014999299310147762,-0.025344088673591614,-0.005209088325500488,0.6167880892753601,-0.2422707974910736,-0.1201976016163826,0.031855516135692596,0.18138623237609863,-0.9713490605354309,-0.03125102072954178,0.6580910682678223,-0.045236796140670776,0.08326398581266403,0.023290012031793594,0.4230417311191559,0.2116268277168274,0.026572082191705704
2.1083333333333325,action_a,0.0,0.0,104.57868576049805,-0.029740383848547935,-0.05490946024656296,0.5137693881988525,-0.1695869266986847,0.02533086948096752,-0.04976191744208336,0.8667922616004944,-1.1768920421600342,-0.014836576767265797,-0.6108921766281128,0.050969526171684265,-0.05217147618532181,-0.014999299310147762,-0.025344088673591614,-0.005209088325500488,0.6167880892753601,-0.2422707974910736,-0.1201976016163826,0.031855516135692596,0.18138623237609863,-0.9713490605354309,-0.03125102072954178,0.6580910682678223,-0.045236796140670776,0.08326398581266403,0.023290012031793594,0.4230417311191559,0.2116268277168274,0.026572082191705704
2.116666666666667,action_a,0.0,0.0,0.0,-0.029740383848547935,-0.05490946024656296,0.5137693881988525,-0.1695869266986847,0.02533086948096752,-0.04976191744208336,0.8667922616004944,-1.1768920421600342,-0.014836576767265797,-0.6108921766281128,0.050969526171684265,-0.05217147618532181,-0.014999299310147762,-0.025344088673591614,-0.005209088325500488,0.6167880892753601,-0.2422707974910736,-0.1201976016163826,0.031855516135692596,0.18138623237609863,-0.9713490605354309,-0.03125102072954178,0.6580910682678223,-0.045236796140670776,0.08326398581266403,0.023290012031793594,0.4230417311191559,0.2116268277168274,0.026572082191705704
2.125,action_a,0.0,9.424781799316406,1130.9738159179688,-0.02944200485944748,-0.05612744390964508,0.5923092365264893,-0.12738634645938873,0.00991186685860157,-0.060500770807266235,0.7882524728775024,-1.0983521938323975,-0.044191453605890274,-0.5708947777748108,0.044227853417396545,-0.06551659107208252,-0.06995896250009537,-0.024040531367063522,-0.006614960730075836,0.695327877998352,-0.2708337604999542,-0.1304013878107071,0.04399510473012924,0.19100868701934814,-0.8983922004699707,-0.005352688021957874,0.5795512199401855,-0.026613641530275345,0.08185787498950958,0.060012444853782654,0.4159325361251831,0.2208261340856552,-0.04380073398351669
2.133333333333333,action_a,0.0,9.424781799316406,0.00171661376953125,-0.029143625870347023,-0.0573454275727272,0.6708490252494812,-0.08518577367067337,-0.005507136695086956,-0.07123962044715881,0.7097126245498657,-1.0198124647140503,-0.07354632765054703,-0.5308973789215088,0.03748617693781853,-0.07886171340942383,-0.124918632209301,-0.02273697219789028,-0.008020833134651184,0.7738677263259888,-0.29939672350883484,-0.140605166554451,0.05613469332456589,0.20063112676143646,-0.8254354000091553,0.02054564468562603,0.5010114312171936,-0.007990485057234764,0.08045177161693573,0.09673488140106201,0.4088233709335327,0.23002544045448303,-0.11417355388402939
2.1416666666666675,action_a,0.0,2.137606143951416,1025.980567932129,-0.029178230091929436,-0.057504888623952866,0.6886624097824097,-0.08695446699857712,-0.0062124417163431644,-0.07253649830818176,0.691899299621582,-1.0087767839431763,-0.07860998809337616,-0.5261698961257935,0.035925835371017456,-0.07734686881303787,-0.12395381182432175,-0.022688549011945724,-0.007509905844926834,0.7916810512542725,-0.30217456817626953,-0.14079633355140686,0.057256679981946945,0.20797744393348694,-0.8237272500991821,0.018266240134835243,0.4831980764865875,-0.005404670722782612,0.07759404182434082,0.09580415487289429,0.407778263092041,0.23128391802310944,-0.11537179350852966
2.1500000000000004,action_a,0.0,2.137606143951416,0.000858306884765625,-0.02921283431351185,-0.05766434967517853,0.7064757347106934,-0.08872316032648087,-0.006917746737599373,-0.07383336871862411,0.6740859150886536,-0.9977411031723022,-0.08367364853620529,-0.5214424133300781,0.03436549752950668,-0.07583202421665192,-0.1229889914393425,-0.022640127688646317,-0.006998978089541197,0.8094944357872009,-0.30495238304138184,-0.14098748564720154,0.058378666639328,0.2153237760066986,-0.822019100189209,0.015986835584044456,0.46538472175598145,-0.0028188559226691723,0.07473630458116531,0.09487342834472656,0.4067331850528717,0.23254239559173584,-0.11657004058361053
2.158333333333333,action_a,0.0,7.114605903625488,625.8700847625732,-0.02965807542204857,-0.05824471265077591,0.7657641172409058,-0.10197801887989044,-0.010196221992373466,-0.08299703896045685,0.6147975921630859,-0.963720440864563,-0.09266793727874756,-0.47325173020362854,0.016661925241351128,-0.07395488023757935,-0.11280176043510437,-0.023043889552354813,-0.0008333595469594002,0.8687827587127686,-0.3214482069015503,-0.14120958745479584,0.06463287025690079,0.25991305708885193,-0.7899243831634521,-0.011211666278541088,0.40609636902809143,0.003750378964468837,0.05651358515024185,0.0884268581867218,0.39800506830215454,0.2457018941640854,-0.13089041411876678
2.166666666666666,action_a,0.0,7.114605903625488,0.000858306884765625,-0.030103318393230438,-0.05882507935166359,0.8250524401664734,-0.11523287743330002,-0.013474696315824986,-0.09216070920228958,0.5555092096328735,-0.9296998381614685,-0.10166221857070923,-0.42506104707717896,-0.0010416482109576464,-0.07207774370908737,-0.10261453688144684,-0.023447653278708458,0.0053322589956223965,0.928071141242981,-0.33794406056404114,-0.14143168926239014,0.07088707387447357,0.30450233817100525,-0.7578297257423401,-0.03841016814112663,0.3468080163002014,0.010319613851606846,0.03829086571931839,0.08198029547929764,0.389276921749115,0.25886139273643494,-0.14521078765392303
2.174999999999999,action_a,0.0,0.6839704513549805,784.3641757965088,-0.030185425654053688,-0.059011563658714294,0.8307521343231201,-0.11632394045591354,-0.013874217867851257,-0.09282837063074112,0.5501108169555664,-0.9250468015670776,-0.10030867159366608,-0.4230291247367859,-0.0011276990408077836,-0.07082913815975189,-0.10209421813488007,-0.023500237613916397,0.0057466356083750725,0.9337708950042725,-0.33929064869880676,-0.14145910739898682,0.07131846249103546,0.3081058859825134,-0.7572852373123169,-0.04146355763077736,0.3419893980026245,0.010041981935501099,0.03798184543848038,0.08140654861927032,0.38850751519203186,0.25905513763427734,-0.1458703875541687
2.1833333333333336,action_a,0.0,0.6839632987976074,0.000858306884765625,-0.030267532914876938,-0.0591980442404747,0.8364518284797668,-0.11741500347852707,-0.01427373941987753,-0.09349603205919266,0.544712483882904,-0.9203937649726868,-0.09895512461662292,-0.4209972321987152,-0.0012137498706579208,-0.06958053261041641,-0.1015738919377327,-0.023552820086479187,0.006161011755466461,0.9394705891609192,-0.3406372368335724,-0.1414865404367447,0.07174985855817795,0.3117094337940216,-0.7567407488822937,-0.044516947120428085,0.33717080950737,0.009764350019395351,0.037672821432352066,0.08083280175924301,0.38773810863494873,0.25924891233444214,-0.14652997255325317
2.1916666666666664,action_a,0.0,0.0,82.07559585571289,-0.030267532914876938,-0.0591980442404747,0.8364518284797668,-0.11741500347852707,-0.01427373941987753,-0.09349603205919266,0.544712483882904,-0.9203937649726868,-0.09895512461662292,-0.4209972321987152,-0.0012137498706579208,-0.06958053261041641,-0.1015738919377327,-0.023552820086479187,0.006161011755466461,0.9394705891609192,-0.3406372368335724,-0.1414865404367447,0.07174985855817795,0.3117094337940216,-0.7567407488822937,-0.044516947120428085,0.33717080950737,0.009764350019395351,0.037672821432352066,0.08083280175924301,0.38773810863494873,0.25924891233444214,-0.14652997255325317
2.200000000000001,action_a,0.0,0.0,0.0,-0.030267532914876938,-0.0591980442404747,0.8364518284797668,-0.11741500347852707,-0.01427373941987753,-0.09349603205919266,0.544712483882904,-0.9203937649726868,-0.09895512461662292,-0.4209972321987152,-0.0012137498706579208,-0.06958053261041641,-0.1015738919377327,-0.023552820086479187,0.006161011755466461,0.9394705891609192,-0.3406372368335724,-0.1414865404367447,0.07174985855817795,0.3117094337940216,-0.7567407488822937,-0.044516947120428085,0.33717080950737,0.009764350019395351,0.037672821432352066,0.08083280175924301,0.38773810863494873,0.25924891233444214,-0.14652997255325317
2.208333333333334,action_a,0.0,0.0,0.0,-0.030267532914876938,-0.0591980442404747,0.8364518284797668,-0.11741500347852707,-0.01427373941987753,-0.09349603205919266,0.544712483882904,-0.9203937649726868,-0.09895512461662292,-0.4209972321987152,-0.0012137498706579208,-0.06958053261041641,-0.1015738919377327,-0.023552820086479187,0.006161011755466461,0.9394705891609192,-0.3406372368335724,-0.1414865404367447,0.07174985855817795,0.3117094337940216,-0.7567407488822937,-0.044516947120428085,0.33717080950737,0.009764350019395351,0.037672821432352066,0.08083280175924301,0.38773810863494873,0.25924891233444214,-0.14652997255325317
2.216666666666667,action_a,0.0,0.0,0.0,-0.030267532914876938,-0.0591980442404747,0.8364518284797668,-0.11741500347852707,-0.01427373941987753,-0.09349603205919266,0.544712483882904,-0.9203937649726868,-0.09895512461662292,-0.4209972321987152,-0.0012137498706579208,-0.06958053261041641,-0.1015738919377327,-0.023552820086479187,0.006161011755466461,0.9394705891609192,-0.3406372368335724,-0.1414865404367447,0.07174985855817795,0.3117094337940216,-0.7567407488822937,-0.044516947120428085,0.33717080950737,0.009764350019395351,0.037672821432352066,0.08083280175924301,0.38773810863494873,0.25924891233444214,-0.14652997255325317
2.2249999999999996,action_a,0.0,0.0,0.0,-0.030267532914876938,-0.0591980442404747,0.8364518284797668,-0.11741500347852707,-0.01427373941987753,-0.09349603205919266,0.544712483882904,-0.9203937649726868,-0.09895512461662292,-0.4209972321987152,-0.0012137498706579208,-0.06958053261041641,-0.1015738919377327,-0.023552820086479187,0.006161011755466461,0.9394705891609192,-0.3406372368335724,-0.1414865404367447,0.07174985855817795,0.3117094337940216,-0.7567407488822937,-0.044516947120428085,0.33717080950737,0.009764350019395351,0.037672821432352066,0.08083280175924301,0.38773810863494873,0.25924891233444214,-0.14652997255325317
2.2333333333333325,action_a,0.0,0.0,0.0,-0.030267532914876938,-0.0591980442404747,0.8364518284797668,-0.11741500347852707,-0.01427373941987753,-0.09349603205919266,0.544712483882904,-0.9203937649726868,-0.09895512461662292,-0.4209972321987152,-0.0012137498706579208,-0.06958053261041641,-0.1015738919377327,-0.023552820086479187,0.006161011755466461,0.9394705891609192,-0.3406372368335724,-0.1414865404367447,0.07174985855817795,0.3117094337940216,-0.7567407488822937,-0.044516947120428085,0.33717080950737,0.009764350019395351,0.037672821432352066,0.08083280175924301,0.38773810863494873,0.25924891233444214,-0.14652997255325317
2.241666666666667,action_a,0.0,0.0,0.0,-0.030267532914876938,-0.0591980442404747,0.8364518284797668,-0.11741500347852707,-0.01427373941987753,-0.09349603205919266,0.544712483882904,-0.9203937649726868,-0.09895512461662292,-0.4209972321987152,-0.0012137498706579208,-0.06958053261041641,-0.1015738919377327,-0.023552820086479187,0.006161011755466461,0.9394705891609192,-0.3406372368335724,-0.1414865404367447,0.07174985855817795,0.3117094337940216,-0.7567407488822937,-0.044516947120428085,0.33717080950737,0.009764350019395351,0.037672821432352066,0.08083280175924301,0.38773810863494873,0.25924891233444214,-0.14652997255325317
2.25,action_a,0.0,0.0,0.0,-0.030267532914876938,-0.0591980442404747,0.8364518284797668,-0.11741500347852707,-0.01427373941987753,-0.09349603205919266,0.544712483882904,-0.9203937649726868,-0.09895512461662292,-0.4209972321987152,-0.0012137498706579208,-0.06958053261041641,-0.1015738919377327,-0.023552820086479187,0.006161011755466461,0.9394705891609192,-0.3406372368335724,-0.1414865404367447,0.07174985855817795,0.3117094337940216,-0.7567407488822937,-0.044516947120428085,0.33717080950737,0.009764350019395351,0.037672821432352066,0.08083280175924301,0.38773810863494873,0.25924891233444214,-0.14652997255325317
2.258333333333333,action_a,0.0,0.0,0.0,-0.030267532914876938,-0.0591980442404747,0.8364518284797668,-0.11741500347852707,-0.01427373941987753,-0.09349603205919266,0.544712483882904,-0.9203937649726868,-0.09895512461662292,-0.4209972321987152,-0.0012137498706579208,-0.06958053261041641,-0.1015738919377327,-0.023552820086479187,0.006161011755466461,0.9394705891609192,-0.3406372368335724,-0.1414865404367447,0.07174985855817795,0.3117094337940216,-0.7567407488822937,-0.044516947120428085,0.33717080950737,0.009764350019395351,0.037672821432352066,0.08083280175924301,0.38773810863494873,0.25924891233444214,-0.14652997255325317
2.2666666666666675,action_a,0.0,0.0,0.0,-0.030267532914876938,-0.0591980442404747,0.8364518284797668,-0.11741500347852707,-0.01427373941987753,-0.09349603205919266,0.544712483882904,-0.9203937649726868,-0.09895512461662292,-0.4209972321987152,-0.0012137498706579208,-0.06958053261041641,-0.1015738919377327,-0.023552820086479187,0.006161011755466461,0.9394705891609192,-0.3406372368335724,-0.1414865404367447,0.07174985855817795,0.3117094337940216,-0.7567407488822937,-0.044516947120428085,0.33717080950737,0.009764350019395351,0.037672821432352066,0.08083280175924301,0.38773810863494873,0.25924891233444214,-0.14652997255325317
2.2750000000000004,action_a,0.0,0.0,0.0,-0.030267532914876938,-0.0591980442404747,0.8364518284797668,-0.11741500347852707,-0.01427373941987753,-0.09349603205919266,0.544712483882904,-0.9203937649726868,-0.09895512461662292,-0.4209972321987152,-0.0012137498706579208,-0.06958053261041641,-0.1015738919377327,-0.023552820086479187,0.006161011755466461,0.9394705891609192,-0.3406372368335724,-0.1414865404367447,0.07174985855817795,0.3117094337940216,-0.7567407488822937,-0.044516947120428085,0.33717080950737,0.009764350019395351,0.037672821432352066,0.08083280175924301,0.38773810863494873,0.25924891233444214,-0.14652997255325317
2.283333333333333,action_a,0.0,0.0,0.0,-0.030267532914876938,-0.0591980442404747,0.8364518284797668,-0.11741500347852707,-0.01427373941987753,-0.09349603205919266,0.544712483882904,-0.9203937649726868,-0.09895512461662292,-0.4209972321987152,-0.0012137498706579208,-0.06958053261041641,-0.1015738919377327,-0.023552820086479187,0.006161011755466461,0.9394705891609192,-0.3406372368335724,-0.1414865404367447,0.07174985855817795,0.3117094337940216,-0.7567407488822937,-0.044516947120428085,0.33717080950737,0.009764350019395351,0.037672821432352066,0.08083280175924301,0.38773810863494873,0.25924891233444214,-0.14652997255325317
2.291666666666666,action_a,0.0,0.0,0.0,-0.030267532914876938,-0.0591980442404747,0.8364518284797668,-0.11741500347852707,-0.01427373941987753,-0.09349603205919266,0.544712483882904,-0.9203937649726868,-0.09895512461662292,-0.4209972321987152,-0.0012137498706579208,-0.06958053261041641,-0.1015738919377327,-0.023552820086479187,0.006161011755466461,0.9394705891609192,-0.3406372368335724,-0.1414865404367447,0.07174985855817795,0.3117094337940216,-0.7567407488822937,-0.044516947120428085,0.33717080950737,0.009764350019395351,0.037672821432352066,0.08083280175924301,0.38773810863494873,0.25924891233444214,-0.14652997255325317
2.299999999999999,action_a,0.0,0.0,0.0,-0.030267532914876938,-0.0591980442404747,0.8364518284797668,-0.11741500347852707,-0.01427373941987753,-0.09349603205919266,0.544712483882904,-0.9203937649726868,-0.09895512461662292,-0.4209972321987152,-0.0012137498706579208,-0.06958053261041641,-0.1015738919377327,-0.023552820086479187,0.006161011755466461,0.9394705891609192,-0.3406372368335724,-0.1414865404367447,0.07174985855817795,0.3117094337940216,-0.7567407488822937,-0.044516947120428085,0.33717080950737,0.009764350019395351,0.037672821432352066,0.08083280175924301,0.38773810863494873,0.25924891233444214,-0.14652997255325317
2.3083333333333336,action_a,0.0,0.0,0.0,-0.030267532914876938,-0.0591980442404747,0.8364518284797668,-0.11741500347852707,-0.01427373941987753,-0.09349603205919266,0.544712483882904,-0.9203937649726868,-0.09895512461662292,-0.4209972321987152,-0.0012137498706579208,-0.06958053261041641,-0.1015738919377327,-0.023552820086479187,0.006161011755466461,0.9394705891609192,-0.3406372368335724,-0.1414865404367447,0.07174985855817795,0.3117094337940216,-0.7567407488822937,-0.044516947120428085,0.33717080950737,0.009764350019395351,0.037672821432352066,0.08083280175924301,0.38773810863494873,0.25924891233444214,-0.14652997255325317
2.3166666666666664,action_a,0.0,0.0,0.0,-0.030267532914876938,-0.0591980442404747,0.8364518284797668,-0.11741500347852707,-0.01427373941987753,-0.09349603205919266,0.544712483882904,-0.9203937649726868,-0.09895512461662292,-0.4209972321987152,-0.0012137498706579208,-0.06958053261041641,-0.1015738919377327,-0.023552820086479187,0.006161011755466461,0.9394705891609192,-0.3406372368335724,-0.1414865404367447,0.07174985855817795,0.3117094337940216,-0.7567407488822937,-0.044516947120428085,0.33717080950737,0.009764350019395351,0.037672821432352066,0.08083280175924301,0.38773810863494873,0.25924891233444214,-0.14652997255325317
2.325000000000001,action_a,0.0,0.0,0.0,-0.030267532914876938,-0.0591980442404747,0.8364518284797668,-0.11741500347852707,-0.01427373941987753,-0.09349603205919266,0.544712483882904,-0.9203937649726868,-0.09895512461662292,-0.4209972321987152,-0.0012137498706579208,-0.06958053261041641,-0.1015738919377327,-0.023552820086479187,0.006161011755466461,0.9394705891609192,-0.3406372368335724,-0.1414865404367447,0.07174985855817795,0.3117094337940216,-0.7567407488822937,-0.044516947120428085,0.33717080950737,0.009764350019395351,0.037672821432352066,0.08083280175924301,0.38773810863494873,0.25924891233444214,-0.14652997255325317
2.333333333333334,action_a,0.0,0.0,0.0,-0.030267532914876938,-0.0591980442404747,0.8364518284797668,-0.11741500347852707,-0.01427373941987753,-0.09349603205919266,0.544712483882904,-0.9203937649726868,-0.09895512461662292,-0.4209972321987152,-0.0012137498706579208,-0.06958053261041641,-0.1015738919377327,-0.023552820086479187,0.006161011755466461,0.9394705891609192,-0.3406372368335724,-0.1414865404367447,0.07174985855817795,0.3117094337940216,-0.7567407488822937,-0.044516947120428085,0.33717080950737,0.009764350019395351,0.037672821432352066,0.08083280175924301,0.38773810863494873,0.25924891233444214,-0.14652997255325317
2.341666666666667,action_a,0.0,0.0,0.0,-0.030267532914876938,-0.0591980442404747,0.8364518284797668,-0.11741500347852707,-0.01427373941987753,-0.09349603205919266,0.544712483882904,-0.9203937649726868,-0.09895512461662292,-0.4209972321987152,-0.0012137498706579208,-0.06958053261041641,-0.1015738919377327,-0.023552820086479187,0.006161011755466461,0.9394705891609192,-0.3406372368335724,-0.1414865404367447,0.07174985855817795,0.3117094337940216,-0.7567407488822937,-0.044516947120428085,0.33717080950737,0.009764350019395351,0.037672821432352066,0.08083280175924301,0.38773810863494873,0.25924891233444214,-0.14652997255325317
2.3499999999999996,action_a,0.0,0.0,0.0,-0.030267532914876938,-0.0591980442404747,0.8364518284797668,-0.11741500347852707,-0.01427373941987753,-0.09349603205919266,0.544712483882904,-0.9203937649726868,-0.09895512461662292,-0.4209972321987152,-0.0012137498706579208,-0.06958053261041641,-0.1015738919377327,-0.023552820086479187,0.006161011755466461,0.9394705891609192,-0.3406372368335724,-0.1414865404367447,0.07174985855817795,0.3117094337940216,-0.7567407488822937,-0.044516947120428085,0.33717080950737,0.009764350019395351,0.037672821432352066,0.08083280175924301,0.38773810863494873,0.25924891233444214,-0.14652997255325317
2.3583333333333325,action_a,0.0,0.0,0.0,-0.030267532914876938,-0.0591980442404747,0.8364518284797668,-0.11741500347852707,-0.01427373941987753,-0.09349603205919266,0.544712483882904,-0.9203937649726868,-0.09895512461662292,-0.4209972321987152,-0.0012137498706579208,-0.06958053261041641,-0.1015738919377327,-0.023552820086479187,0.006161011755466461,0.9394705891609192,-0.3406372368335724,-0.1414865404367447,0.07174985855817795,0.3117094337940216,-0.7567407488822937,-0.044516947120428085,0.33717080950737,0.009764350019395351,0.037672821432352066,0.08083280175924301,0.38773810863494873,0.25924891233444214,-0.14652997255325317
2.366666666666667,action_a,0.0,0.0,0.0,-0.030267532914876938,-0.0591980442404747,0.8364518284797668,-0.11741500347852707,-0.01427373941987753,-0.09349603205919266,0.544712483882904,-0.9203937649726868,-0.09895512461662292,-0.4209972321987152,-0.0012137498706579208,-0.06958053261041641,-0.1015738919377327,-0.023552820086479187,0.006161011755466461,0.9394705891609192,-0.3406372368335724,-0.1414865404367447,0.07174985855817795,0.3117094337940216,-0.7567407488822937,-0.044516947120428085,0.33717080950737,0.009764350019395351,0.037672821432352066,0.08083280175924301,0.38773810863494873,0.25924891233444214,-0.14652997255325317
2.375,action_a,0.0,0.0,0.0,-0.030267532914876938,-0.0591980442404747,0.8364518284797668,-0.11741500347852707,-0.01427373941987753,-0.09349603205919266,0.544712483882904,-0.9203937649726868,-0.09895512461662292,-0.4209972321987152,-0.0012137498706579208,-0.06958053261041641,-0.1015738919377327,-0.023552820086479187,0.006161011755466461,0.9394705891609192,-0.3406372368335724,-0.1414865404367447,0.07174985855817795,0.3117094337940216,-0.7567407488822937,-0.044516947120428085,0.33717080950737,0.009764350019395351,0.037672821432352066,0.08083280175924301,0.38773810863494873,0.25924891233444214,-0.14652997255325317
2.383333333333333,action_a,0.0,0.0,0.0,-0.030267532914876938,-0.0591980442404747,0.8364518284797668,-0.11741500347852707,-0.01427373941987753,-0.09349603205919266,0.544712483882904,-0.9203937649726868,-0.09895512461662292,-0.4209972321987152,-0.0012137498706579208,-0.06958053261041641,-0.1015738919377327,-0.023552820086479187,0.006161011755466461,0.9394705891609192,-0.3406372368335724,-0.1414865404367447,0.07174985855817795,0.3117094337940216,-0.7567407488822937,-0.044516947120428085,0.33717080950737,0.009764350019395351,0.037672821432352066,0.08083280175924301,0.38773810863494873,0.25924891233444214,-0.14652997255325317
2.3916666666666675,action_a,0.0,0.0,0.0,-0.030267532914876938,-0.0591980442404747,0.8364518284797668,-0.11741500347852707,-0.01427373941987753,-0.09349603205919266,0.544712483882904,-0.9203937649726868,-0.09895512461662292,-0.4209972321987152,-0.0012137498706579208,-0.06958053261041641,-0.1015738919377327,-0.023552820086479187,0.006161011755466461,0.9394705891609192,-0.3406372368335724,-0.1414865404367447,0.07174985855817795,0.3117094337940216,-0.7567407488822937,-0.044516947120428085,0.33717080950737,0.009764350019395351,0.037672821432352066,0.08083280175924301,0.38773810863494873,0.25924891233444214,-0.14652997255325317
2.4000000000000004,action_a,0.0,0.0,0.0,-0.030267532914876938,-0.0591980442404747,0.8364518284797668,-0.11741500347852707,-0.01427373941987753,-0.09349603205919266,0.544712483882904,-0.9203937649726868,-0.09895512461662292,-0.4209972321987152,-0.0012137498706579208,-0.06958053261041641,-0.1015738919377327,-0.023552820086479187,0.006161011755466461,0.9394705891609192,-0.3406372368335724,-0.1414865404367447,0.07174985855817795,0.3117094337940216,-0.7567407488822937,-0.044516947120428085,0.33717080950737,0.009764350019395351,0.037672821432352066,0.08083280175924301,0.38773810863494873,0.25924891233444214,-0.14652997255325317
2.408333333333333,action_a,0.0,0.0,0.0,-0.030267532914876938,-0.0591980442404747,0.8364518284797668,-0.11741500347852707,-0.01427373941987753,-0.09349603205919266,0.544712483882904,-0.9203937649726868,-0.09895512461662292,-0.4209972321987152,-0.0012137498706579208,-0.06958053261041641,-0.1015738919377327,-0.023552820086479187,0.006161011755466461,0.9394705891609192,-0.3406372368335724,-0.1414865404367447,0.07174985855817795,0.3117094337940216,-0.7567407488822937,-0.044516947120428085,0.33717080950737,0.009764350019395351,0.037672821432352066,0.08083280175924301,0.38773810863494873,0.25924891233444214,-0.14652997255325317
2.416666666666666,action_a,0.0,0.0,0.0,-0.030267532914876938,-0.0591980442404747,0.8364518284797668,-0.11741500347852707,-0.01427373941987753,-0.09349603205919266,0.544712483882904,-0.9203937649726868,-0.09895512461662292,-0.4209972321987152,-0.0012137498706579208,-0.06958053261041641,-0.1015738919377327,-0.023552820086479187,0.006161011755466461,0.9394705891609192,-0.3406372368335724,-0.1414865404367447,0.07174985855817795,0.3117094337940216,-0.7567407488822937,-0.044516947120428085,0.33717080950737,0.009764350019395351,0.037672821432352066,0.08083280175924301,0.38773810863494873,0.25924891233444214,-0.14652997255325317
2.424999999999999,action_a,0.0,0.0,0.0,-0.030267532914876938,-0.0591980442404747,0.8364518284797668,-0.11741500347852707,-0.01427373941987753,-0.09349603205919266,0.544712483882904,-0.9203937649726868,-0.09895512461662292,-0.4209972321987152,-0.0012137498706579208,-0.06958053261041641,-0.1015738919377327,-0.023552820086479187,0.006161011755466461,0.9394705891609192,-0.3406372368335724,-0.1414865404367447,0.07174985855817795,0.3117094337940216,-0.7567407488822937,-0.044516947120428085,0.33717080950737,0.009764350019395351,0.037672821432352066,0.08083280175924301,0.38773810863494873,0.25924891233444214,-0.14652997255325317
2.4333333333333336,action_a,0.0,0.0,0.0,-0.030267532914876938,-0.0591980442404747,0.8364518284797668,-0.11741500347852707,-0.01427373941987753,-0.09349603205919266,0.544712483882904,-0.9203937649726868,-0.09895512461662292,-0.4209972321987152,-0.0012137498706579208,-0.06958053261041641,-0.1015738919377327,-0.023552820086479187,0.006161011755466461,0.9394705891609192,-0.3406372368335724,-0.1414865404367447,0.07174985855817795,0.3117094337940216,-0.7567407488822937,-0.044516947120428085,0.33717080950737,0.009764350019395351,0.037672821432352066,0.08083280175924301,0.38773810863494873,0.25924891233444214,-0.14652997255325317
2.4416666666666664,action_a,0.0,0.0,0.0,-0.030267532914876938,-0.0591980442404747,0.8364518284797668,-0.11741500347852707,-0.01427373941987753,-0.09349603205919266,0.544712483882904,-0.9203937649726868,-0.09895512461662292,-0.4209972321987152,-0.0012137498706579208,-0.06958053261041641,-0.1015738919377327,-0.023552820086479187,0.006161011755466461,0.9394705891609192,-0.3406372368335724,-0.1414865404367447,0.07174985855817795,0.3117094337940216,-0.7567407488822937,-0.044516947120428085,0.33717080950737,0.009764350019395351,0.037672821432352066,0.08083280175924301,0.38773810863494873,0.25924891233444214,-0.14652997255325317
2.450000000000001,action_a,0.0,0.0,0.0,-0.030267532914876938,-0.0591980442404747,0.8364518284797668,-0.11741500347852707,-0.01427373941987753,-0.09349603205919266,0.544712483882904,-0.9203937649726868,-0.09895512461662292,-0.4209972321987152,-0.0012137498706579208,-0.06958053261041641,-0.1015738919377327,-0.023552820086479187,0.006161011755466461,0.9394705891609192,-0.3406372368335724,-0.1414865404367447,0.07174985855817795,0.3117094337940216,-0.7567407488822937,-0.044516947120428085,0.33717080950737,0.009764350019395351,0.037672821432352066,0.08083280175924301,0.38773810863494873,0.25924891233444214,-0.14652997255325317
2.458333333333334,action_a,0.0,0.0,0.0,-0.030267532914876938,-0.0591980442404747,0.8364518284797668,-0.11741500347852707,-0.01427373941987753,-0.09349603205919266,0.544712483882904,-0.9203937649726868,-0.09895512461662292,-0.4209972321987152,-0.0012137498706579208,-0.06958053261041641,-0.1015738919377327,-0.023552820086479187,0.006161011755466461,0.9394705891609192,-0.3406372368335724,-0.1414865404367447,0.07174985855817795,0.3117094337940216,-0.7567407488822937,-0.044516947120428085,0.33717080950737,0.009764350019395351,0.037672821432352066,0.08083280175924301,0.38773810863494873,0.25924891233444214,-0.14652997255325317
2.466666666666667,action_a,0.0,0.0,0.0,-0.030267532914876938,-0.0591980442404747,0.8364518284797668,-0.11741500347852707,-0.01427373941987753,-0.09349603205919266,0.544712483882904,-0.9203937649726868,-0.09895512461662292,-0.4209972321987152,-0.0012137498706579208,-0.06958053261041641,-0.1015738919377327,-0.023552820086479187,0.006161011755466461,0.9394705891609192,-0.3406372368335724,-0.1414865404367447,0.07174985855817795,0.3117094337940216,-0.7567407488822937,-0.044516947120428085,0.33717080950737,0.009764350019395351,0.037672821432352066,0.08083280175924301,0.38773810863494873,0.25924891233444214,-0.14652997255325317
2.4749999999999996,action_a,0.0,0.0,0.0,-0.030267532914876938,-0.0591980442404747,0.8364518284797668,-0.11741500347852707,-0.01427373941987753,-0.09349603205919266,0.544712483882904,-0.9203937649726868,-0.09895512461662292,-0.4209972321987152,-0.0012137498706579208,-0.06958053261041641,-0.1015738919377327,-0.023552820086479187,0.006161011755466461,0.9394705891609192,-0.3406372368335724,-0.1414865404367447,0.07174985855817795,0.3117094337940216,-0.7567407488822937,-0.044516947120428085,0.33717080950737,0.009764350019395351,0.037672821432352066,0.08083280175924301,0.38773810863494873,0.25924891233444214,-0.14652997255325317
2.4833333333333325,action_a,0.0,0.0,0.0,-0.030267532914876938,-0.0591980442404747,0.8364518284797668,-0.11741500347852707,-0.01427373941987753,-0.09349603205919266,0.544712483882904,-0.9203937649726868,-0.09895512461662292,-0.4209972321987152,-0.0012137498706579208,-0.06958053261041641,-0.1015738919377327,-0.023552820086479187,0.006161011755466461,0.9394705891609192,-0.3406372368335724,-0.1414865404367447,0.07174985855817795,0.3117094337940216,-0.7567407488822937,-0.044516947120428085,0.33717080950737,0.009764350019395351,0.037672821432352066,0.08083280175924301,0.38773810863494873,0.25924891233444214,-0.14652997255325317
2.491666666666667,action_a,0.0,0.0,0.0,-0.030267532914876938,-0.0591980442404747,0.8364518284797668,-0.11741500347852707,-0.01427373941987753,-0.09349603205919266,0.544712483882904,-0.9203937649726868,-0.09895512461662292,-0.4209972321987152,-0.0012137498706579208,-0.06958053261041641,-0.1015738919377327,-0.023552820086479187,0.006161011755466461,0.9394705891609192,-0.3406372368335724,-0.1414865404367447,0.07174985855817795,0.3117094337940216,-0.7567407488822937,-0.044516947120428085,0.33717080950737,0.009764350019395351,0.037672821432352066,0.08083280175924301,0.38773810863494873,0.25924891233444214,-0.14652997255325317
2.5,action_a,0.0,0.0,0.0,-0.030267532914876938,-0.0591980442404747,0.8364518284797668,-0.11741500347852707,-0.01427373941987753,-0.09349603205919266,0.544712483882904,-0.9203937649726868,-0.09895512461662292,-0.4209972321987152,-0.0012137498706579208,-0.06958053261041641,-0.1015738919377327,-0.023552820086479187,0.006161011755466461,0.9394705891609192,-0.3406372368335724,-0.1414865404367447,0.07174985855817795,0.3117094337940216,-0.7567407488822937,-0.044516947120428085,0.33717080950737,0.009764350019395351,0.037672821432352066,0.08083280175924301,0.38773810863494873,0.25924891233444214,-0.14652997255325317
2.508333333333333,action_a,0.0,0.0,0.0,-0.030267532914876938,-0.0591980442404747,0.8364518284797668,-0.11741500347852707,-0.01427373941987753,-0.09349603205919266,0.544712483882904,-0.9203937649726868,-0.09895512461662292,-0.4209972321987152,-0.0012137498706579208,-0.06958053261041641,-0.1015738919377327,-0.023552820086479187,0.006161011755466461,0.9394705891609192,-0.3406372368335724,-0.1414865404367447,0.07174985855817795,0.3117094337940216,-0.7567407488822937,-0.044516947120428085,0.33717080950737,0.009764350019395351,0.037672821432352066,0.08083280175924301,0.38773810863494873,0.25924891233444214,-0.14652997255325317
2.5166666666666675,action_a,0.0,0.0,0.0,-0.030267532914876938,-0.0591980442404747,0.8364518284797668,-0.11741500347852707,-0.01427373941987753,-0.09349603205919266,0.544712483882904,-0.9203937649726868,-0.09895512461662292,-0.4209972321987152,-0.0012137498706579208,-0.06958053261041641,-0.1015738919377327,-0.023552820086479187,0.006161011755466461,0.9394705891609192,-0.3406372368335724,-0.1414865404367447,0.07174985855817795,0.3117094337940216,-0.7567407488822937,-0.044516947120428085,0.33717080950737,0.009764350019395351,0.037672821432352066,0.08083280175924301,0.38773810863494873,0.25924891233444214,-0.14652997255325317
2.5250000000000004,action_a,0.0,0.0,0.0,-0.030267532914876938,-0.0591980442404747,0.8364518284797668,-0.11741500347852707,-0.01427373941987753,-0.09349603205919266,0.544712483882904,-0.9203937649726868,-0.09895512461662292,-0.4209972321987152,-0.0012137498706579208,-0.06958053261041641,-0.1015738919377327,-0.023552820086479187,0.006161011755466461,0.9394705891609192,-0.3406372368335724,-0.1414865404367447,0.07174985855817795,0.3117094337940216,-0.7567407488822937,-0.044516947120428085,0.33717080950737,0.009764350019395351,0.037672821432352066,0.08083280175924301,0.38773810863494873,0.25924891233444214,-0.14652997255325317
2.533333333333333,action_a,0.0,0.0,0.0,-0.030267532914876938,-0.0591980442404747,0.8364518284797668,-0.11741500347852707,-0.01427373941987753,-0.09349603205919266,0.544712483882904,-0.9203937649726868,-0.09895512461662292,-0.4209972321987152,-0.0012137498706579208,-0.06958053261041641,-0.1015738919377327,-0.023552820086479187,0.006161011755466461,0.9394705891609192,-0.3406372368335724,-0.1414865404367447,0.07174985855817795,0.3117094337940216,-0.7567407488822937,-0.044516947120428085,0.33717080950737,0.009764350019395351,0.037672821432352066,0.08083280175924301,0.38773810863494873,0.25924891233444214,-0.14652997255325317
2.541666666666666,action_a,0.0,0.0,0.0,-0.030267532914876938,-0.0591980442404747,0.8364518284797668,-0.11741500347852707,-0.01427373941987753,-0.09349603205919266,0.544712483882904,-0.9203937649726868,-0.09895512461662292,-0.4209972321987152,-0.0012137498706579208,-0.06958053261041641,-0.1015738919377327,-0.023552820086479187,0.006161011755466461,0.9394705891609192,-0.3406372368335724,-0.1414865404367447,0.07174985855817795,0.3117094337940216,-0.7567407488822937,-0.044516947120428085,0.33717080950737,0.009764350019395351,0.037672821432352066,0.08083280175924301,0.38773810863494873,0.25924891233444214,-0.14652997255325317
2.549999999999999,action_a,0.0,0.0,0.0,-0.030267532914876938,-0.0591980442404747,0.8364518284797668,-0.11741500347852707,-0.01427373941987753,-0.09349603205919266,0.544712483882904,-0.9203937649726868,-0.09895512461662292,-0.4209972321987152,-0.0012137498706579208,-0.06958053261041641,-0.1015738919377327,-0.023552820086479187,0.006161011755466461,0.9394705891609192,-0.3406372368335724,-0.1414865404367447,0.07174985855817795,0.3117094337940216,-0.7567407488822937,-0.044516947120428085,0.33717080950737,0.009764350019395351,0.037672821432352066,0.08083280175924301,0.38773810863494873,0.25924891233444214,-0.14652997255325317
2.5583333333333336,action_a,0.0,0.0,0.0,-0.030267532914876938,-0.0591980442404747,0.8364518284797668,-0.11741500347852707,-0.01427373941987753,-0.09349603205919266,0.544712483882904,-0.9203937649726868,-0.09895512461662292,-0.4209972321987152,-0.0012137498706579208,-0.06958053261041641,-0.1015738919377327,-0.023552820086479187,0.006161011755466461,0.9394705891609192,-0.3406372368335724,-0.1414865404367447,0.07174985855817795,0.3117094337940216,-0.7567407488822937,-0.044516947120428085,0.33717080950737,0.009764350019395351,0.037672821432352066,0.08083280175924301,0.38773810863494873,0.25924891233444214,-0.14652997255325317
2.5666666666666664,action_a,0.0,0.0,0.0,-0.030267532914876938,-0.0591980442404747,0.8364518284797668,-0.11741500347852707,-0.01427373941987753,-0.09349603205919266,0.544712483882904,-0.9203937649726868,-0.09895512461662292,-0.4209972321987152,-0.0012137498706579208,-0.06958053261041641,-0.1015738919377327,-0.023552820086479187,0.006161011755466461,0.9394705891609192,-0.3406372368335724,-0.1414865404367447,0.07174985855817795,0.3117094337940216,-0.7567407488822937,-0.044516947120428085,0.33717080950737,0.009764350019395351,0.037672821432352066,0.08083280175924301,0.38773810863494873,0.25924891233444214,-0.14652997255325317
2.575000000000001,action_a,0.0,0.0,0.0,-0.030267532914876938,-0.0591980442404747,0.8364518284797668,-0.11741500347852707,-0.01427373941987753,-0.09349603205919266,0.544712483882904,-0.9203937649726868,-0.09895512461662292,-0.4209972321987152,-0.0012137498706579208,-0.06958053261041641,-0.1015738919377327,-0.023552820086479187,0.006161011755466461,0.9394705891609192,-0.3406372368335724,-0.1414865404367447,0.07174985855817795,0.3117094337940216,-0.7567407488822937,-0.044516947120428085,0.33717080950737,0.009764350019395351,0.037672821432352066,0.08083280175924301,0.38773810863494873,0.25924891233444214,-0.14652997255325317
2.583333333333334,action_a,0.0,0.0,0.0,-0.030267532914876938,-0.0591980442404747,0.8364518284797668,-0.11741500347852707,-0.01427373941987753,-0.09349603205919266,0.544712483882904,-0.9203937649726868,-0.09895512461662292,-0.4209972321987152,-0.0012137498706579208,-0.06958053261041641,-0.1015738919377327,-0.023552820086479187,0.006161011755466461,0.9394705891609192,-0.3406372368335724,-0.1414865404367447,0.07174985855817795,0.3117094337940216,-0.7567407488822937,-0.044516947120428085,0.33717080950737,0.009764350019395351,0.037672821432352066,0.08083280175924301,0.38773810863494873,0.25924891233444214,-0.14652997255325317
2.591666666666667,action_a,0.0,0.0,0.0,-0.030267532914876938,-0.0591980442404747,0.8364518284797668,-0.11741500347852707,-0.01427373941987753,-0.09349603205919266,0.544712483882904,-0.9203937649726868,-0.09895512461662292,-0.4209972321987152,-0.0012137498706579208,-0.06958053261041641,-0.1015738919377327,-0.023552820086479187,0.006161011755466461,0.9394705891609192,-0.3406372368335724,-0.1414865404367447,0.07174985855817795,0.3117094337940216,-0.7567407488822937,-0.044516947120428085,0.33717080950737,0.009764350019395351,0.037672821432352066,0.08083280175924301,0.38773810863494873,0.25924891233444214,-0.14652997255325317
2.5999999999999996,action_a,0.0,0.0,0.0,-0.030267532914876938,-0.0591980442404747,0.8364518284797668,-0.11741500347852707,-0.01427373941987753,-0.09349603205919266,0.544712483882904,-0.9203937649726868,-0.09895512461662292,-0.4209972321987152,-0.0012137498706579208,-0.06958053261041641,-0.1015738919377327,-0.023552820086479187,0.006161011755466461,0.9394705891609192,-0.3406372368335724,-0.1414865404367447,0.07174985855817795,0.3117094337940216,-0.7567407488822937,-0.044516947120428085,0.33717080950737,0.009764350019395351,0.037672821432352066,0.08083280175924301,0.38773810863494873,0.25924891233444214,-0.14652997255325317
2.6083333333333325,action_a,0.0,0.0,0.0,-0.030267532914876938,-0.0591980442404747,0.8364518284797668,-0.11741500347852707,-0.01427373941987753,-0.09349603205919266,0.544712483882904,-0.9203937649726868,-0.09895512461662292,-0.4209972321987152,-0.0012137498706579208,-0.06958053261041641,-0.1015738919377327,-0.023552820086479187,0.006161011755466461,0.9394705891609192,-0.3406372368335724,-0.1414865404367447,0.07174985855817795,0.3117094337940216,-0.7567407488822937,-0.044516947120428085,0.33717080950737,0.009764350019395351,0.037672821432352066,0.08083280175924301,0.38773810863494873,0.25924891233444214,-0.14652997255325317
2.616666666666667,action_a,0.0,0.0,0.0,-0.030267532914876938,-0.0591980442404747,0.8364518284797668,-0.11741500347852707,-0.01427373941987753,-0.09349603205919266,0.544712483882904,-0.9203937649726868,-0.09895512461662292,-0.4209972321987152,-0.0012137498706579208,-0.06958053261041641,-0.1015738919377327,-0.023552820086479187,0.006161011755466461,0.9394705891609192,-0.3406372368335724,-0.1414865404367447,0.07174985855817795,0.3117094337940216,-0.7567407488822937,-0.044516947120428085,0.33717080950737,0.009764350019395351,0.037672821432352066,0.08083280175924301,0.38773810863494873,0.25924891233444214,-0.14652997255325317
2.625,action_a,0.0,0.0,0.0,-0.030267532914876938,-0.0591980442404747,0.8364518284797668,-0.11741500347852707,-0.01427373941987753,-0.09349603205919266,0.544712483882904,-0.9203937649726868,-0.09895512461662292,-0.4209972321987152,-0.0012137498706579208,-0.06958053261041641,-0.1015738919377327,-0.023552820086479187,0.006161011755466461,0.9394705891609192,-0.3406372368335724,-0.1414865404367447,0.07174985855817795,0.3117094337940216,-0.7567407488822937,-0.044516947120428085,0.33717080950737,0.009764350019395351,0.037672821432352066,0.08083280175924301,0.38773810863494873,0.25924891233444214,-0.14652997255325317
2.633333333333333,action_a,0.0,0.0,0.0,-0.030267532914876938,-0.0591980442404747,0.8364518284797668,-0.11741500347852707,-0.01427373941987753,-0.09349603205919266,0.544712483882904,-0.9203937649726868,-0.09895512461662292,-0.4209972321987152,-0.0012137498706579208,-0.06958053261041641,-0.1015738919377327,-0.023552820086479187,0.006161011755466461,0.9394705891609192,-0.3406372368335724,-0.1414865404367447,0.07174985855817795,0.3117094337940216,-0.7567407488822937,-0.044516947120428085,0.33717080950737,0.009764350019395351,0.037672821432352066,0.08083280175924301,0.38773810863494873,0.25924891233444214,-0.14652997255325317
2.6416666666666675,action_a,0.0,0.0,0.0,-0.030267532914876938,-0.0591980442404747,0.8364518284797668,-0.11741500347852707,-0.01427373941987753,-0.09349603205919266,0.544712483882904,-0.9203937649726868,-0.09895512461662292,-0.4209972321987152,-0.0012137498706579208,-0.06958053261041641,-0.1015738919377327,-0.023552820086479187,0.006161011755466461,0.9394705891609192,-0.3406372368335724,-0.1414865404367447,0.07174985855817795,0.3117094337940216,-0.7567407488822937,-0.044516947120428085,0.33717080950737,0.009764350019395351,0.037672821432352066,0.08083280175924301,0.38773810863494873,0.25924891233444214,-0.14652997255325317
2.6500000000000004,action_a,0.0,0.0,0.0,-0.030267532914876938,-0.0591980442404747,0.8364518284797668,-0.11741500347852707,-0.01427373941987753,-0.09349603205919266,0.544712483882904,-0.9203937649726868,-0.09895512461662292,-0.4209972321987152,-0.0012137498706579208,-0.06958053261041641,-0.1015738919377327,-0.023552820086479187,0.006161011755466461,0.9394705891609192,-0.3406372368335724,-0.1414865404367447,0.07174985855817795,0.3117094337940216,-0.7567407488822937,-0.044516947120428085,0.33717080950737,0.009764350019395351,0.037672821432352066,0.08083280175924301,0.38773810863494873,0.25924891233444214,-0.14652997255325317
2.658333333333333,action_a,0.0,0.0,0.0,-0.030267532914876938,-0.0591980442404747,0.8364518284797668,-0.11741500347852707,-0.01427373941987753,-0.09349603205919266,0.544712483882904,-0.9203937649726868,-0.09895512461662292,-0.4209972321987152,-0.0012137498706579208,-0.06958053261041641,-0.1015738919377327,-0.023552820086479187,0.006161011755466461,0.9394705891609192,-0.3406372368335724,-0.1414865404367447,0.07174985855817795,0.3117094337940216,-0.7567407488822937,-0.044516947120428085,0.33717080950737,0.009764350019395351,0.037672821432352066,0.08083280175924301,0.38773810863494873,0.25924891233444214,-0.14652997255325317
2.666666666666666,action_a,0.0,0.0,0.0,-0.030267532914876938,-0.0591980442404747,0.8364518284797668,-0.11741500347852707,-0.01427373941987753,-0.09349603205919266,0.544712483882904,-0.9203937649726868,-0.09895512461662292,-0.4209972321987152,-0.0012137498706579208,-0.06958053261041641,-0.1015738919377327,-0.023552820086479187,0.006161011755466461,0.9394705891609192,-0.3406372368335724,-0.1414865404367447,0.07174985855817795,0.3117094337940216,-0.7567407488822937,-0.044516947120428085,0.33717080950737,0.009764350019395351,0.037672821432352066,0.08083280175924301,0.38773810863494873,0.25924891233444214,-0.14652997255325317
2.674999999999999,action_a,0.0,0.0,0.0,-0.030267532914876938,-0.0591980442404747,0.8364518284797668,-0.11741500347852707,-0.01427373941987753,-0.09349603205919266,0.544712483882904,-0.9203937649726868,-0.09895512461662292,-0.4209972321987152,-0.0012137498706579208,-0.06958053261041641,-0.1015738919377327,-0.023552820086479187,0.006161011755466461,0.9394705891609192,-0.3406372368335724,-0.1414865404367447,0.07174985855817795,0.3117094337940216,-0.7567407488822937,-0.044516947120428085,0.33717080950737,0.009764350019395351,0.037672821432352066,0.08083280175924301,0.38773810863494873,0.25924891233444214,-0.14652997255325317
2.6833333333333336,action_a,0.0,0.0,0.0,-0.030267532914876938,-0.0591980442404747,0.8364518284797668,-0.11741500347852707,-0.01427373941987753,-0.09349603205919266,0.544712483882904,-0.9203937649726868,-0.09895512461662292,-0.4209972321987152,-0.0012137498706579208,-0.06958053261041641,-0.1015738919377327,-0.023552820086479187,0.006161011755466461,0.9394705891609192,-0.3406372368335724,-0.1414865404367447,0.07174985855817795,0.3117094337940216,-0.7567407488822937,-0.044516947120428085,0.33717080950737,0.009764350019395351,0.037672821432352066,0.08083280175924301,0.38773810863494873,0.25924891233444214,-0.14652997255325317
2.6916666666666664,action_a,0.0,0.0,0.0,-0.030267532914876938,-0.0591980442404747,0.8364518284797668,-0.11741500347852707,-0.01427373941987753,-0.09349603205919266,0.544712483882904,-0.9203937649726868,-0.09895512461662292,-0.4209972321987152,-0.0012137498706579208,-0.06958053261041641,-0.1015738919377327,-0.023552820086479187,0.006161011755466461,0.9394705891609192,-0.3406372368335724,-0.1414865404367447,0.07174985855817795,0.3117094337940216,-0.7567407488822937,-0.044516947120428085,0.33717080950737,0.009764350019395351,0.037672821432352066,0.08083280175924301,0.38773810863494873,0.25924891233444214,-0.14652997255325317
2.700000000000001,action_a,0.0,0.0,0.0,-0.030267532914876938,-0.0591980442404747,0.8364518284797668,-0.11741500347852707,-0.01427373941987753,-0.09349603205919266,0.544712483882904,-0.9203937649726868,-0.09895512461662292,-0.4209972321987152,-0.0012137498706579208,-0.06958053261041641,-0.1015738919377327,-0.023552820086479187,0.006161011755466461,0.9394705891609192,-0.3406372368335724,-0.1414865404367447,0.07174985855817795,0.3117094337940216,-0.7567407488822937,-0.044516947120428085,0.33717080950737,0.009764350019395351,0.037672821432352066,0.08083280175924301,0.38773810863494873,0.25924891233444214,-0.14652997255325317
2.708333333333334,action_a,0.0,0.0,0.0,-0.030267532914876938,-0.0591980442404747,0.8364518284797668,-0.11741500347852707,-0.01427373941987753,-0.09349603205919266,0.544712483882904,-0.9203937649726868,-0.09895512461662292,-0.4209972321987152,-0.0012137498706579208,-0.06958053261041641,-0.1015738919377327,-0.023552820086479187,0.006161011755466461,0.9394705891609192,-0.3406372368335724,-0.1414865404367447,0.07174985855817795,0.3117094337940216,-0.7567407488822937,-0.044516947120428085,0.33717080950737,0.009764350019395351,0.037672821432352066,0.08083280175924301,0.38773810863494873,0.25924891233444214,-0.14652997255325317
2.716666666666667,action_a,0.0,0.0,0.0,-0.030267532914876938,-0.0591980442404747,0.8364518284797668,-0.11741500347852707,-0.01427373941987753,-0.09349603205919266,0.544712483882904,-0.9203937649726868,-0.09895512461662292,-0.4209972321987152,-0.0012137498706579208,-0.06958053261041641,-0.1015738919377327,-0.023552820086479187,0.006161011755466461,0.9394705891609192,-0.3406372368335724,-0.1414865404367447,0.07174985855817795,0.3117094337940216,-0.7567407488822937,-0.044516947120428085,0.33717080950737,0.009764350019395351,0.037672821432352066,0.08083280175924301,0.38773810863494873,0.25924891233444214,-0.14652997255325317
2.7249999999999996,action_a,0.0,0.0,0.0,-0.030267532914876938,-0.0591980442404747,0.8364518284797668,-0.11741500347852707,-0.01427373941987753,-0.09349603205919266,0.544712483882904,-0.9203937649726868,-0.09895512461662292,-0.4209972321987152,-0.0012137498706579208,-0.06958053261041641,-0.1015738919377327,-0.023552820086479187,0.006161011755466461,0.9394705891609192,-0.3406372368335724,-0.1414865404367447,0.07174985855817795,0.3117094337940216,-0.7567407488822937,-0.044516947120428085,0.33717080950737,0.009764350019395351,0.037672821432352066,0.08083280175924301,0.38773810863494873,0.25924891233444214,-0.14652997255325317
2.7333333333333325,action_a,0.0,0.0,0.0,-0.030267532914876938,-0.0591980442404747,0.8364518284797668,-0.11741500347852707,-0.01427373941987753,-0.09349603205919266,0.544712483882904,-0.9203937649726868,-0.09895512461662292,-0.4209972321987152,-0.0012137498706579208,-0.06958053261041641,-0.1015738919377327,-0.023552820086479187,0.006161011755466461,0.9394705891609192,-0.3406372368335724,-0.1414865404367447,0.07174985855817795,0.3117094337940216,-0.7567407488822937,-0.044516947120428085,0.33717080950737,0.009764350019395351,0.037672821432352066,0.08083280175924301,0.38773810863494873,0.25924891233444214,-0.14652997255325317
2.741666666666667,action_a,0.0,0.0,0.0,-0.030267532914876938,-0.0591980442404747,0.8364518284797668,-0.11741500347852707,-0.01427373941987753,-0.09349603205919266,0.544712483882904,-0.9203937649726868,-0.09895512461662292,-0.4209972321987152,-0.0012137498706579208,-0.06958053261041641,-0.1015738919377327,-0.023552820086479187,0.006161011755466461,0.9394705891609192,-0.3406372368335724,-0.1414865404367447,0.07174985855817795,0.3117094337940216,-0.7567407488822937,-0.044516947120428085,0.33717080950737,0.009764350019395351,0.037672821432352066,0.08083280175924301,0.38773810863494873,0.25924891233444214,-0.14652997255325317
2.75,action_a,0.0,0.0,0.0,-0.030267532914876938,-0.0591980442404747,0.8364518284797668,-0.11741500347852707,-0.01427373941987753,-0.09349603205919266,0.544712483882904,-0.9203937649726868,-0.09895512461662292,-0.4209972321987152,-0.0012137498706579208,-0.06958053261041641,-0.1015738919377327,-0.023552820086479187,0.006161011755466461,0.9394705891609192,-0.3406372368335724,-0.1414865404367447,0.07174985855817795,0.3117094337940216,-0.7567407488822937,-0.044516947120428085,0.33717080950737,0.009764350019395351,0.037672821432352066,0.08083280175924301,0.38773810863494873,0.25924891233444214,-0.14652997255325317
2.758333333333333,action_a,0.0,0.0,0.0,-0.030267532914876938,-0.0591980442404747,0.8364518284797668,-0.11741500347852707,-0.01427373941987753,-0.09349603205919266,0.544712483882904,-0.9203937649726868,-0.09895512461662292,-0.4209972321987152,-0.0012137498706579208,-0.06958053261041641,-0.1015738919377327,-0.023552820086479187,0.006161011755466461,0.9394705891609192,-0.3406372368335724,-0.1414865404367447,0.07174985855817795,0.3117094337940216,-0.7567407488822937,-0.044516947120428085,0.33717080950737,0.009764350019395351,0.037672821432352066,0.08083280175924301,0.38773810863494873,0.25924891233444214,-0.14652997255325317
2.7666666666666675,action_a,0.0,0.0,0.0,-0.030267532914876938,-0.0591980442404747,0.8364518284797668,-0.11741500347852707,-0.01427373941987753,-0.09349603205919266,0.544712483882904,-0.9203937649726868,-0.09895512461662292,-0.4209972321987152,-0.0012137498706579208,-0.06958053261041641,-0.1015738919377327,-0.023552820086479187,0.006161011755466461,0.9394705891609192,-0.3406372368335724,-0.1414865404367447,0.07174985855817795,0.3117094337940216,-0.7567407488822937,-0.044516947120428085,0.33717080950737,0.009764350019395351,0.037672821432352066,0.08083280175924301,0.38773810863494873,0.25924891233444214,-0.14652997255325317
2.7750000000000004,action_a,0.0,0.0,0.0,-0.030267532914876938,-0.0591980442404747,0.8364518284797668,-0.11741500347852707,-0.01427373941987753,-0.09349603205919266,0.544712483882904,-0.9203937649726868,-0.09895512461662292,-0.4209972321987152,-0.0012137498706579208,-0.06958053261041641,-0.1015738919377327,-0.023552820086479187,0.006161011755466461,0.9394705891609192,-0.3406372368335724,-0.1414865404367447,0.07174985855817795,0.3117094337940216,-0.7567407488822937,-0.044516947120428085,0.33717080950737,0.009764350019395351,0.037672821432352066,0.08083280175924301,0.38773810863494873,0.25924891233444214,-0.14652997255325317
2.783333333333333,action_a,0.0,0.0,0.0,-0.030267532914876938,-0.0591980442404747,0.8364518284797668,-0.11741500347852707,-0.01427373941987753,-0.09349603205919266,0.544712483882904,-0.9203937649726868,-0.09895512461662292,-0.4209972321987152,-0.0012137498706579208,-0.06958053261041641,-0.1015738919377327,-0.023552820086479187,0.006161011755466461,0.9394705891609192,-0.3406372368335724,-0.1414865404367447,0.07174985855817795,0.3117094337940216,-0.7567407488822937,-0.044516947120428085,0.33717080950737,0.009764350019395351,0.037672821432352066,0.08083280175924301,0.38773810863494873,0.25924891233444214,-0.14652997255325317
2.791666666666666,action_a,0.0,0.0,0.0,-0.030267532914876938,-0.0591980442404747,0.8364518284797668,-0.11741500347852707,-0.01427373941987753,-0.09349603205919266,0.544712483882904,-0.9203937649726868,-0.09895512461662292,-0.4209972321987152,-0.0012137498706579208,-0.06958053261041641,-0.1015738919377327,-0.023552820086479187,0.006161011755466461,0.9394705891609192,-0.3406372368335724,-0.1414865404367447,0.07174985855817795,0.3117094337940216,-0.7567407488822937,-0.044516947120428085,0.33717080950737,0.009764350019395351,0.037672821432352066,0.08083280175924301,0.38773810863494873,0.25924891233444214,-0.14652997255325317
2.799999999999999,action_a,0.0,0.0,0.0,-0.030267532914876938,-0.0591980442404747,0.8364518284797668,-0.11741500347852707,-0.01427373941987753,-0.09349603205919266,0.544712483882904,-0.9203937649726868,-0.09895512461662292,-0.4209972321987152,-0.0012137498706579208,-0.06958053261041641,-0.1015738919377327,-0.023552820086479187,0.006161011755466461,0.9394705891609192,-0.3406372368335724,-0.1414865404367447,0.07174985855817795,0.3117094337940216,-0.7567407488822937,-0.044516947120428085,0.33717080950737,0.009764350019395351,0.037672821432352066,0.08083280175924301,0.38773810863494873,0.25924891233444214,-0.14652997255325317
2.8083333333333336,action_a,0.0,0.0,0.0,-0.030267532914876938,-0.0591980442404747,0.8364518284797668,-0.11741500347852707,-0.01427373941987753,-0.09349603205919266,0.544712483882904,-0.9203937649726868,-0.09895512461662292,-0.4209972321987152,-0.0012137498706579208,-0.06958053261041641,-0.1015738919377327,-0.023552820086479187,0.006161011755466461,0.9394705891609192,-0.3406372368335724,-0.1414865404367447,0.07174985855817795,0.3117094337940216,-0.7567407488822937,-0.044516947120428085,0.33717080950737,0.009764350019395351,0.037672821432352066,0.08083280175924301,0.38773810863494873,0.25924891233444214,-0.14652997255325317
2.8166666666666664,action_a,0.0,0.0,0.0,-0.030267532914876938,-0.0591980442404747,0.8364518284797668,-0.11741500347852707,-0.01427373941987753,-0.09349603205919266,0.544712483882904,-0.9203937649726868,-0.09895512461662292,-0.4209972321987152,-0.0012137498706579208,-0.06958053261041641,-0.1015738919377327,-0.023552820086479187,0.006161011755466461,0.9394705891609192,-0.3406372368335724,-0.1414865404367447,0.07174985855817795,0.3117094337940216,-0.7567407488822937,-0.044516947120428085,0.33717080950737,0.009764350019395351,0.037672821432352066,0.08083280175924301,0.38773810863494873,0.25924891233444214,-0.14652997255325317
2.825000000000001,action_a,0.0,0.0,0.0,-0.030267532914876938,-0.0591980442404747,0.8364518284797668,-0.11741500347852707,-0.01427373941987753,-0.09349603205919266,0.544712483882904,-0.9203937649726868,-0.09895512461662292,-0.4209972321987152,-0.0012137498706579208,-0.06958053261041641,-0.1015738919377327,-0.023552820086479187,0.006161011755466461,0.9394705891609192,-0.3406372368335724,-0.1414865404367447,0.07174985855817795,0.3117094337940216,-0.7567407488822937,-0.044516947120428085,0.33717080950737,0.009764350019395351,0.037672821432352066,0.08083280175924301,0.38773810863494873,0.25924891233444214,-0.14652997255325317
2.833333333333334,action_a,0.0,0.0,0.0,-0.030267532914876938,-0.0591980442404747,0.8364518284797668,-0.11741500347852707,-0.01427373941987753,-0.09349603205919266,0.544712483882904,-0.9203937649726868,-0.09895512461662292,-0.4209972321987152,-0.0012137498706579208,-0.06958053261041641,-0.1015738919377327,-0.023552820086479187,0.006161011755466461,0.9394705891609192,-0.3406372368335724,-0.1414865404367447,0.07174985855817795,0.3117094337940216,-0.7567407488822937,-0.044516947120428085,0.33717080950737,0.009764350019395351,0.037672821432352066,0.08083280175924301,0.38773810863494873,0.25924891233444214,-0.14652997255325317
2.841666666666667,action_a,0.0,0.0,0.0,-0.030267532914876938,-0.0591980442404747,0.8364518284797668,-0.11741500347852707,-0.01427373941987753,-0.09349603205919266,0.544712483882904,-0.9203937649726868,-0.09895512461662292,-0.4209972321987152,-0.0012137498706579208,-0.06958053261041641,-0.1015738919377327,-0.023552820086479187,0.006161011755466461,0.9394705891609192,-0.3406372368335724,-0.1414865404367447,0.07174985855817795,0.3117094337940216,-0.7567407488822937,-0.044516947120428085,0.33717080950737,0.009764350019395351,0.037672821432352066,0.08083280175924301,0.38773810863494873,0.25924891233444214,-0.14652997255325317
2.8499999999999996,action_a,0.0,0.0,0.0,-0.030267532914876938,-0.0591980442404747,0.8364518284797668,-0.11741500347852707,-0.01427373941987753,-0.09349603205919266,0.544712483882904,-0.9203937649726868,-0.09895512461662292,-0.4209972321987152,-0.0012137498706579208,-0.06958053261041641,-0.1015738919377327,-0.023552820086479187,0.006161011755466461,0.9394705891609192,-0.3406372368335724,-0.1414865404367447,0.07174985855817795,0.3117094337940216,-0.7567407488822937,-0.044516947120428085,0.33717080950737,0.009764350019395351,0.037672821432352066,0.08083280175924301,0.38773810863494873,0.25924891233444214,-0.14652997255325317
2.8583333333333325,action_a,0.0,0.0,0.0,-0.030267532914876938,-0.0591980442404747,0.8364518284797668,-0.11741500347852707,-0.01427373941987753,-0.09349603205919266,0.544712483882904,-0.9203937649726868,-0.09895512461662292,-0.4209972321987152,-0.0012137498706579208,-0.06958053261041641,-0.1015738919377327,-0.023552820086479187,0.006161011755466461,0.9394705891609192,-0.3406372368335724,-0.1414865404367447,0.07174985855817795,0.3117094337940216,-0.7567407488822937,-0.044516947120428085,0.33717080950737,0.009764350019395351,0.037672821432352066,0.08083280175924301,0.38773810863494873,0.25924891233444214,-0.14652997255325317
2.866666666666667,action_a,0.0,0.0,0.0,-0.030267532914876938,-0.0591980442404747,0.8364518284797668,-0.11741500347852707,-0.01427373941987753,-0.09349603205919266,0.544712483882904,-0.9203937649726868,-0.09895512461662292,-0.4209972321987152,-0.0012137498706579208,-0.06958053261041641,-0.1015738919377327,-0.023552820086479187,0.006161011755466461,0.9394705891609192,-0.3406372368335724,-0.1414865404367447,0.07174985855817795,0.3117094337940216,-0.7567407488822937,-0.044516947120428085,0.33717080950737,0.009764350019395351,0.037672821432352066,0.08083280175924301,0.38773810863494873,0.25924891233444214,-0.14652997255325317
2.875,action_a,0.0,0.0,0.0,-0.030267532914876938,-0.0591980442404747,0.8364518284797668,-0.11741500347852707,-0.01427373941987753,-0.09349603205919266,0.544712483882904,-0.9203937649726868,-0.09895512461662292,-0.4209972321987152,-0.0012137498706579208,-0.06958053261041641,-0.1015738919377327,-0.023552820086479187,0.006161011755466461,0.9394705891609192,-0.3406372368335724,-0.1414865404367447,0.07174985855817795,0.3117094337940216,-0.7567407488822937,-0.044516947120428085,0.33717080950737,0.009764350019395351,0.037672821432352066,0.08083280175924301,0.38773810863494873,0.25924891233444214,-0.14652997255325317
2.883333333333333,action_a,0.0,0.0,0.0,-0.030267532914876938,-0.0591980442404747,0.8364518284797668,-0.11741500347852707,-0.01427373941987753,-0.09349603205919266,0.544712483882904,-0.9203937649726868,-0.09895512461662292,-0.4209972321987152,-0.0012137498706579208,-0.06958053261041641,-0.1015738919377327,-0.023552820086479187,0.006161011755466461,0.9394705891609192,-0.3406372368335724,-0.1414865404367447,0.07174985855817795,0.3117094337940216,-0.7567407488822937,-0.044516947120428085,0.33717080950737,0.009764350019395351,0.037672821432352066,0.08083280175924301,0.38773810863494873,0.25924891233444214,-0.14652997255325317
2.8916666666666675,action_a,0.0,0.0,0.0,-0.030267532914876938,-0.0591980442404747,0.8364518284797668,-0.11741500347852707,-0.01427373941987753,-0.09349603205919266,0.544712483882904,-0.9203937649726868,-0.09895512461662292,-0.4209972321987152,-0.0012137498706579208,-0.06958053261041641,-0.1015738919377327,-0.023552820086479187,0.006161011755466461,0.9394705891609192,-0.3406372368335724,-0.1414865404367447,0.07174985855817795,0.3117094337940216,-0.7567407488822937,-0.044516947120428085,0.33717080950737,0.009764350019395351,0.037672821432352066,0.08083280175924301,0.38773810863494873,0.25924891233444214,-0.14652997255325317
2.9000000000000004,action_a,0.0,0.0,0.0,-0.030267532914876938,-0.0591980442404747,0.8364518284797668,-0.11741500347852707,-0.01427373941987753,-0.09349603205919266,0.544712483882904,-0.9203937649726868,-0.09895512461662292,-0.4209972321987152,-0.0012137498706579208,-0.06958053261041641,-0.1015738919377327,-0.023552820086479187,0.006161011755466461,0.9394705891609192,-0.3406372368335724,-0.1414865404367447,0.07174985855817795,0.3117094337940216,-0.7567407488822937,-0.044516947120428085,0.33717080950737,0.009764350019395351,0.037672821432352066,0.08083280175924301,0.38773810863494873,0.25924891233444214,-0.14652997255325317
2.908333333333333,action_a,0.0,0.0,0.0,-0.030267532914876938,-0.0591980442404747,0.8364518284797668,-0.11741500347852707,-0.01427373941987753,-0.09349603205919266,0.544712483882904,-0.9203937649726868,-0.09895512461662292,-0.4209972321987152,-0.0012137498706579208,-0.06958053261041641,-0.1015738919377327,-0.023552820086479187,0.006161011755466461,0.9394705891609192,-0.3406372368335724,-0.1414865404367447,0.07174985855817795,0.3117094337940216,-0.7567407488822937,-0.044516947120428085,0.33717080950737,0.009764350019395351,0.037672821432352066,0.08083280175924301,0.38773810863494873,0.25924891233444214,-0.14652997255325317
2.916666666666666,action_a,0.0,0.0,0.0,-0.030267532914876938,-0.0591980442404747,0.8364518284797668,-0.11741500347852707,-0.01427373941987753,-0.09349603205919266,0.544712483882904,-0.9203937649726868,-0.09895512461662292,-0.4209972321987152,-0.0012137498706579208,-0.06958053261041641,-0.1015738919377327,-0.023552820086479187,0.006161011755466461,0.9394705891609192,-0.3406372368335724,-0.1414865404367447,0.07174985855817795,0.3117094337940216,-0.7567407488822937,-0.044516947120428085,0.33717080950737,0.009764350019395351,0.037672821432352066,0.08083280175924301,0.38773810863494873,0.25924891233444214,-0.14652997255325317
2.924999999999999,action_a,0.0,0.0,0.0,-0.030267532914876938,-0.0591980442404747,0.8364518284797668,-0.11741500347852707,-0.01427373941987753,-0.09349603205919266,0.544712483882904,-0.9203937649726868,-0.09895512461662292,-0.4209972321987152,-0.0012137498706579208,-0.06958053261041641,-0.1015738919377327,-0.023552820086479187,0.006161011755466461,0.9394705891609192,-0.3406372368335724,-0.1414865404367447,0.07174985855817795,0.3117094337940216,-0.7567407488822937,-0.044516947120428085,0.33717080950737,0.009764350019395351,0.037672821432352066,0.08083280175924301,0.38773810863494873,0.25924891233444214,-0.14652997255325317
2.9333333333333336,action_a,0.0,0.0,0.0,-0.030267532914876938,-0.0591980442404747,0.8364518284797668,-0.11741500347852707,-0.01427373941987753,-0.09349603205919266,0.544712483882904,-0.9203937649726868,-0.09895512461662292,-0.4209972321987152,-0.0012137498706579208,-0.06958053261041641,-0.1015738919377327,-0.023552820086479187,0.006161011755466461,0.9394705891609192,-0.3406372368335724,-0.1414865404367447,0.07174985855817795,0.3117094337940216,-0.7567407488822937,-0.044516947120428085,0.33717080950737,0.009764350019395351,0.037672821432352066,0.08083280175924301,0.38773810863494873,0.25924891233444214,-0.14652997255325317
2.9416666666666664,action_a,0.0,0.0,0.0,-0.030267532914876938,-0.0591980442404747,0.8364518284797668,-0.11741500347852707,-0.01427373941987753,-0.09349603205919266,0.544712483882904,-0.9203937649726868,-0.09895512461662292,-0.4209972321987152,-0.0012137498706579208,-0.06958053261041641,-0.1015738919377327,-0.023552820086479187,0.006161011755466461,0.9394705891609192,-0.3406372368335724,-0.1414865404367447,0.07174985855817795,0.3117094337940216,-0.7567407488822937,-0.044516947120428085,0.33717080950737,0.009764350019395351,0.037672821432352066,0.08083280175924301,0.38773810863494873,0.25924891233444214,-0.14652997255325317
2.950000000000001,action_a,0.0,0.0,0.0,-0.030267532914876938,-0.0591980442404747,0.8364518284797668,-0.11741500347852707,-0.01427373941987753,-0.09349603205919266,0.544712483882904,-0.9203937649726868,-0.09895512461662292,-0.4209972321987152,-0.0012137498706579208,-0.06958053261041641,-0.1015738919377327,-0.023552820086479187,0.006161011755466461,0.9394705891609192,-0.3406372368335724,-0.1414865404367447,0.07174985855817795,0.3117094337940216,-0.7567407488822937,-0.044516947120428085,0.33717080950737,0.009764350019395351,0.037672821432352066,0.08083280175924301,0.38773810863494873,0.25924891233444214,-0.14652997255325317
2.958333333333334,action_a,0.0,0.0,0.0,-0.030267532914876938,-0.0591980442404747,0.8364518284797668,-0.11741500347852707,-0.01427373941987753,-0.09349603205919266,0.544712483882904,-0.9203937649726868,-0.09895512461662292,-0.4209972321987152,-0.0012137498706579208,-0.06958053261041641,-0.1015738919377327,-0.023552820086479187,0.006161011755466461,0.9394705891609192,-0.3406372368335724,-0.1414865404367447,0.07174985855817795,0.3117094337940216,-0.7567407488822937,-0.044516947120428085,0.33717080950737,0.009764350019395351,0.037672821432352066,0.08083280175924301,0.38773810863494873,0.25924891233444214,-0.14652997255325317
2.966666666666667,action_a,0.0,0.0,0.0,-0.030267532914876938,-0.0591980442404747,0.8364518284797668,-0.11741500347852707,-0.01427373941987753,-0.09349603205919266,0.544712483882904,-0.9203937649726868,-0.09895512461662292,-0.4209972321987152,-0.0012137498706579208,-0.06958053261041641,-0.1015738919377327,-0.023552820086479187,0.006161011755466461,0.9394705891609192,-0.3406372368335724,-0.1414865404367447,0.07174985855817795,0.3117094337940216,-0.7567407488822937,-0.044516947120428085,0.33717080950737,0.009764350019395351,0.037672821432352066,0.08083280175924301,0.38773810863494873,0.25924891233444214,-0.14652997255325317
2.9749999999999996,action_a,0.0,0.0,0.0,-0.030267532914876938,-0.0591980442404747,0.8364518284797668,-0.11741500347852707,-0.01427373941987753,-0.09349603205919266,0.544712483882904,-0.9203937649726868,-0.09895512461662292,-0.4209972321987152,-0.0012137498706579208,-0.06958053261041641,-0.1015738919377327,-0.023552820086479187,0.006161011755466461,0.9394705891609192,-0.3406372368335724,-0.1414865404367447,0.07174985855817795,0.3117094337940216,-0.7567407488822937,-0.044516947120428085,0.33717080950737,0.009764350019395351,0.037672821432352066,0.08083280175924301,0.38773810863494873,0.25924891233444214,-0.14652997255325317
2.9833333333333325,action_a,0.0,0.0,0.0,-0.030267532914876938,-0.0591980442404747,0.8364518284797668,-0.11741500347852707,-0.01427373941987753,-0.09349603205919266,0.544712483882904,-0.9203937649726868,-0.09895512461662292,-0.4209972321987152,-0.0012137498706579208,-0.06958053261041641,-0.1015738919377327,-0.023552820086479187,0.006161011755466461,0.9394705891609192,-0.3406372368335724,-0.1414865404367447,0.07174985855817795,0.3117094337940216,-0.7567407488822937,-0.044516947120428085,0.33717080950737,0.009764350019395351,0.037672821432352066,0.08083280175924301,0.38773810863494873,0.25924891233444214,-0.14652997255325317
2.991666666666667,action_a,0.0,0.0,0.0,-0.030267532914876938,-0.0591980442404747,0.8364518284797668,-0.11741500347852707,-0.01427373941987753,-0.09349603205919266,0.544712483882904,-0.9203937649726868,-0.09895512461662292,-0.4209972321987152,-0.0012137498706579208,-0.06958053261041641,-0.1015738919377327,-0.023552820086479187,0.006161011755466461,0.9394705891609192,-0.3406372368335724,-0.1414865404367447,0.07174985855817795,0.3117094337940216,-0.7567407488822937,-0.044516947120428085,0.33717080950737,0.009764350019395351,0.037672821432352066,0.08083280175924301,0.38773810863494873,0.25924891233444214,-0.14652997255325317
3.0,transition,0.0,0.0,0.0,-0.030267532914876938,-0.0591980442404747,0.8364518284797668,-0.11741500347852707,-0.01427373941987753,-0.09349603205919266,0.544712483882904,-0.9203937649726868,-0.09895512461662292,-0.4209972321987152,-0.0012137498706579208,-0.06958053261041641,-0.1015738919377327,-0.023552820086479187,0.006161011755466461,0.9394705891609192,-0.3406372368335724,-0.1414865404367447,0.07174985855817795,0.3117094337940216,-0.7567407488822937,-0.044516947120428085,0.33717080950737,0.009764350019395351,0.037672821432352066,0.08083280175924301,0.38773810863494873,0.25924891233444214,-0.14652997255325317
3.008333333333333,transition,3.3141914642488053e-06,0.000367424842964148,0.04409098115569776,-0.03026741200815428,-0.059198011019871495,0.8364493896287416,-0.11741439934411214,-0.014273906060134645,-0.0934957684695426,0.5447108764365858,-0.9203907030989954,-0.09895478414655177,-0.4209962722690581,-0.00121378986595527,-0.0695799628046627,-0.10157361335091486,-0.023552627071585258,0.006160927064218289,0.9394683163235226,-0.34063639867631446,-0.1414859628662018,0.07174965658009877,0.31170851604711586,-0.7567377755303999,-0.04451709226769282,0.3371697898934898,0.009764492149925006,0.03767274663281306,0.08083264591239349,0.3877366972061754,0.25924793680085706,-0.14652982281301963
3.0166666666666675,transition,2.6236775747158795e-05,0.0025412765076948673,0.2608621997676863,-0.0302665757347624,-0.059197781375570586,0.8364325212456394,-0.11741022085401495,-0.014275058752111254,-0.09349394547503351,0.5446997586699939,-0.9203695257947646,-0.09895242928378863,-0.4209896330471588,-0.001214066618942644,-0.06957602162108101,-0.10157168638116197,-0.02355129204209231,0.006160341266166528,0.9394525963839448,-0.3406306016926385,-0.14148196812939223,0.07174825957230796,0.31170216858224253,-0.7567172102349595,-0.04451809630371914,0.33716273773399325,0.009765475171180656,0.03767222940804143,0.08083156812443622,0.38772693504483474,0.25924118946106234,-0.14652878726133522
3.0250000000000004,transition,8.762029953945202e-05,0.007434320251302751,0.5959781758150484,-0.030267394158518042,-0.059204048059307623,0.8363804683856169,-0.11740022173273859,-0.014285027141729637,-0.09349116432708204,0.5446768684614636,-0.9203196975302873,-0.09894243728865411,-0.42097873576393974,-0.0012203721576473155,-0.06955858603367196,-0.1015596445816731,-0.02354755521591722,0.006156387268135775,0.9394173821905606,-0.34062195980797444,-0.14147021429632275,0.07174528224193748,0.3116920525850381,-0.7566552575661987,-0.04452766661376237,0.3371369713418809,0.009766363707683226,0.037675749407054,0.08083556359692137,0.38770500310118716,0.2592197275084095,-0.14653261884598898
3.033333333333333,transition,0.00020550332139409425,0.015739069607105804,0.9965699226963665,-0.03027437929154795,-0.05922826569965987,0.8362683214046328,-0.11738312630853172,-0.014316353665050347,-0.09348954211938297,0.5446450922072901,-0.920236188510409,-0.09891672286601476,-0.42096999113474093,-0.0012423325183767552,-0.0695129192486673,-0.10152433621138546,-0.023540092419681264,0.00614457105375347,0.9393619385333257,-0.34061754652304654,-0.14144577152784107,0.07174091639951906,0.3116848083621715,-0.7565240986528061,-0.04455822865105487,0.3370753057937673,0.009764982854443384,0.03769119300151576,0.08085541952500713,0.3876703369539578,0.2591725035541881,-0.14655166967396943
3.041666666666666,transition,0.0003971220401282529,0.027491401351467104,1.410279809323356,-0.03028619631423029,-0.059267287167093737,0.8360660228873542,-0.11735876373243961,-0.014368549042125964,-0.09347385751580188,0.5446134436621066,-0.9201204484130666,-0.09886283545460113,-0.42097578047582934,-0.0012377941184238785,-0.06942768310218138,-0.10147518802185644,-0.023531947287796024,0.006125128088715776,0.9392918186571441,-0.3406303764534324,-0.14140958050413113,0.07173281703792769,0.31169303661903497,-0.7562950036415439,-0.044618275410337145,0.3369717767378655,0.009766337803522393,0.037707691519806893,0.08090338340804476,0.3876382397814067,0.25910228512262246,-0.14657129382762027
3.049999999999999,transition,0.0006789219232252665,0.04351242808715128,1.9225232082821009,-0.030308728611165254,-0.059334957648596524,0.8357389308102826,-0.11732802064823963,-0.014457128689036402,-0.09344165345834128,0.5445964866064767,-0.9199798239531021,-0.0987664365262098,-0.42101388062537026,-0.001201533639403599,-0.06928128242879897,-0.10140011988092446,-0.02352350002292867,0.0060926331398767665,0.9392182845541907,-0.3406788306963363,-0.14135808659108517,0.0717211322490124,0.3117347235022829,-0.755932400074151,-0.04472702793892202,0.3368057904812483,0.009769055972742675,0.03773135539454078,0.08099941289458315,0.3876205335035043,0.25899999494888315,-0.14659957783692615
3.0583333333333336,transition,0.0010665693352367078,0.054756901257024815,1.8607022410119356,-0.03034909281891634,-0.05941382229098011,0.8352826232998074,-0.11729815871800803,-0.014556756650265838,-0.09340001864983871,0.5446188460561138,-0.9198224193348058,-0.09864005983762303,-0.42110236159746894,-0.0011819391987059529,-0.06913075637372774,-0.10129189802664416,-0.02351891649344468,0.006042831626890278,0.9391627564232689,-0.34076985937934867,-0.141297665422786,0.07170788808307567,0.31182986508903554,-0.7555128377623086,-0.04485658580918192,0.3365704057448719,0.00977216783923014,0.03776298571848691,0.0810963282633907,0.3876100323214389,0.258858502323443,-0.1466260704053996
3.0666666666666664,transition,0.0015749631661840006,0.0761664229653336,2.5691426049970545,-0.030412561285288627,-0.05951751422538073,0.8346479031084296,-0.11727278495171185,-0.014679585121939566,-0.09333792462469363,0.5447003692623222,-0.9196713179499797,-0.09846349092786078,-0.4212736963850269,-0.0011478174169409368,-0.0689468235072703,-0.10114441588176543,-0.023521571424107667,0.005968800442939531,0.9391422092669295,-0.3409278507470806,-0.14122811112476608,0.0716913659773797,0.31200939560423463,-0.7549941975223832,-0.04502809451437696,0.3362476305418829,0.00977704381412279,0.03780416051448315,0.08122660849465409,0.38763627209920426,0.25867791734028295,-0.14665132959804866
3.075000000000001,transition,0.002218246459961029,0.07977639436054673,1.723869825281099,-0.03049855568019667,-0.059647844428667454,0.8339830998220917,-0.11723542204850189,-0.014809375573181092,-0.09325513327172884,0.5448578348489264,-0.9195543795447064,-0.09824490781923598,-0.421564744354896,-0.001116984845907161,-0.0687290325224978,-0.10095230203997116,-0.023529469945273714,0.00587429937186189,0.9391784100586165,-0.34103712879954173,-0.1411499547421435,0.0716799524224143,0.312308629006111,-0.754367585895693,-0.04525159521103464,0.33583874782146944,0.009788321307457437,0.03783960653100138,0.0813897960672705,0.38766142948787774,0.25846343011710354,-0.14667041402387326
3.083333333333334,transition,0.003009818042735228,0.09376451001738229,2.205469309413388,-0.030617417723938424,-0.05980821807165953,0.8332017289052802,-0.11719900884771478,-0.014953595135048837,-0.09314474498299088,0.5451319670694117,-0.9194946634005942,-0.09796687674665681,-0.42200706302741764,-0.0010772933382433556,-0.06848068709681601,-0.10070774083134777,-0.02354881516835277,0.005751036786347097,0.9393071347265204,-0.3411689392920705,-0.14106645203638643,0.07167242030325828,0.31276101999891887,-0.7536365532411049,-0.04553562443357306,0.33531887888733103,0.009804926749715186,0.037874081926453355,0.08159089518900264,0.38772310385223746,0.2582066566659185,-0.14667956614620264
3.091666666666667,transition,0.0039623441513504335,0.11307136728703426,2.7575275518326947,-0.030761052074436385,-0.060001201353788364,0.8322594675112216,-0.11714775307421046,-0.015093218993946344,-0.09301888935813651,0.5452630582982088,-0.9195243606971267,-0.09761593636524718,-0.42264087666881656,-0.0010354575541975698,-0.06819051579377909,-0.10043346083187889,-0.023573306306540618,0.005590666299965961,0.9395635896003689,-0.341317738305538,-0.14097927543954386,0.07167969942534841,0.3133220683192606,-0.7527218312259707,-0.04588623768038119,0.33470346406098817,0.009818208423529212,0.0379200644803133,0.08181456067548154,0.3877850011120467,0.25790293095297323,-0.1466605386817587
3.0999999999999996,transition,0.005087770061728343,0.12945151004379873,3.388907691704013,-0.03094354938222727,-0.06022921440667288,0.8311807049275233,-0.11709352385191273,-0.015230163389136525,-0.09286469189931795,0.5454184752960839,-0.9196797418580563,-0.09718624184254478,-0.42351003112213936,-0.0009866325685609911,-0.06786994207801333,-0.1001092715964604,-0.023611978351793905,0.0053898132441140235,0.939986888510405,-0.34148719463781974,-0.14089361509930898,0.071700886478123,0.3140724372811454,-0.7516660556915061,-0.04631257814114098,0.3339641618773767,0.009833937488975259,0.03796733162780134,0.08207202525730357,0.38788294362516523,0.2575529964698585,-0.14661264867862445
3.1083333333333325,transition,0.006397331717270606,0.36801413939530736,38.06619242291678,-0.03146397748994858,-0.060053386437325815,0.8282930642414864,-0.11692437624630511,-0.016833906974502946,-0.09343881601657404,0.5479331385241758,-0.917566970713182,-0.09636902923064099,-0.42181123016483757,-0.000999952455352128,-0.06830051404723986,-0.10010241698199884,-0.023458139324594333,0.007237376127846828,0.9430536730053659,-0.34414180416187123,-0.13898081308601304,0.07265989446896504,0.31646794717161114,-0.7502269503651399,-0.0481775588016739,0.3337652487643159,0.009594920350900751,0.03777367579358691,0.08157996492616806,0.3870305670199791,0.254953653296618,-0.14736008657225239
3.116666666666667,transition,0.007901567357261118,0.3978178102396379,3.5764405013196665,-0.03200295165252157,-0.05991833175019796,0.8252974739150424,-0.11674783822738173,-0.018393973056303407,-0.09399628836591496,0.5504207639941364,-0.9156708998728427,-0.09544743025648517,-0.42025665891371355,-0.001001381639032695,-0.06869611360589632,-0.10003097875472775,-0.023325758713999854,0.009015337550410753,0.9463688214240296,-0.3468232706783618,-0.13710728414734027,0.07363316539330256,0.31903433970501016,-0.748659702207749,-0.050129704361299154,0.33342900504152034,0.009359429840274498,0.03756859277180387,0.0811199968787585,0.38621500051005403,0.25229751939397577,-0.14808030649080556
3.125,transition,0.009610329145266687,0.17378707750074884,38.7512747456455,-0.032193121768219694,-0.06026604662379454,0.823908358857809,-0.11674113716415192,-0.01837183249240301,-0.09384465988842404,0.5505449297151269,-0.9164658897787287,-0.09470756582301582,-0.4211965885193319,-0.0009273018722886271,-0.06825386317205899,-0.09949131625739199,-0.023443502584890114,0.008677423635525065,0.9471630894781193,-0.3471372906387596,-0.13721234399862786,0.07371087168273696,0.32019285646669565,-0.7472114765619094,-0.05080783148991221,0.33225692083562974,0.009377736669766766,0.03758909144613759,0.08150207562837687,0.38638315787814487,0.2517180572632613,-0.14800837032665945
3.133333333333333,transition,0.011532794797540909,0.1896384376648408,4.420914062833603,-0.032399267610820175,-0.0606572478850646,0.8224218285404613,-0.11675973123948531,-0.0182783413930697,-0.09368845752097779,0.5506712197106719,-0.9175678876056448,-0.09384635797011108,-0.42226466715944516,-0.0008456168585280804,-0.06778308226526474,-0.09887365956335047,-0.023596747211083485,0.008288380974241394,0.9481568064975743,-0.34750097743840935,-0.13739461492649976,0.07381934384571576,0.3215709907436966,-0.7456311562480358,-0.05158641147357939,0.3309161128572883,0.009396582653081974,0.03759753794539406,0.08192700067986342,0.38659481083069464,0.2510601067323635,-0.14790967509573702
3.1416666666666675,transition,0.013677479211425385,0.2074738613795457,5.177738964682987,-0.03259267238471,-0.061093662907663854,0.8208914722700087,-0.11681653969082041,-0.018071582501525137,-0.09357137549199526,0.5506747452326309,-0.9190294506384417,-0.09283349344062959,-0.4234298825679116,-0.0007609492580689853,-0.06729423244486933,-0.0982153829904547,-0.023783685192866413,0.007925189258768362,0.9491267992866027,-0.3479240251906966,-0.13763934235176523,0.07397056417755887,0.3231162010932229,-0.7439022074032062,-0.05248869604794102,0.3294626629187766,0.009399306363012292,0.03759425312568191,0.08234898190265597,0.38673905939230235,0.25034398274101427,-0.1477832530631651
3.1500000000000004,transition,0.01605224609375011,0.22513748900862662,5.969991008760189,-0.03279045001352189,-0.061576894833478966,0.8193019402573326,-0.11691353572405205,-0.017751295905782172,-0.09346946031799062,0.5506326377944788,-0.9209055963801802,-0.0916714157033311,-0.42472410378286446,-0.0006703638983864786,-0.0667877284558926,-0.09748364855113319,-0.02401473575650926,0.007531396823310367,0.9502650500435266,-0.3484067340850743,-0.13798262501495628,0.07416574523131203,0.32490179200431163,-0.7420436678453369,-0.053511095350131696,0.3278418966237949,0.009396226826936527,0.03757333907242355,0.08279893361395808,0.38689860505837714,0.24954946444313458,-0.147622062047958
3.158333333333333,transition,0.018664319589238174,0.28175350284835865,6.793921660767843,-0.03297536314649172,-0.06210345762665412,0.8176551192665332,-0.11711949093989707,-0.017272712550169076,-0.0934516646532822,0.5503433308117447,-0.9232535422372499,-0.09033640291420322,-0.4263475626936266,-0.0005877607251146144,-0.06621973544777937,-0.09669692133494645,-0.02424039347600655,0.0071485987779360645,0.9515091881933067,-0.34889362644531874,-0.13839643923902506,0.07442507669055916,0.3266939725379837,-0.7399181376215864,-0.054683848799568016,0.32614799388136634,0.00938365753164418,0.03754589379432704,0.08317973739351231,0.38688197866418905,0.24862693532805485,-0.14742680917787077
3.166666666666666,transition,0.02152029590890595,0.34547083299650616,7.646079617777701,-0.03315464154688837,-0.0626781325715124,0.8159784715547704,-0.11739901962204723,-0.01663354444606097,-0.09347928926964094,0.5499304856862806,-0.9261324658455541,-0.08882512342452166,-0.42816902304790705,-0.000504152370429582,-0.06563030488301334,-0.09583782210533476,-0.024504515581886637,0.006748915139083352,0.9529304054362693,-0.3494305293136358,-0.13892707303511675,0.07474515505485017,0.3286896812615972,-0.7376313328647045,-0.05599908437189283,0.32430370968077316,0.009362020402437802,0.03749810078185351,0.08355496832960796,0.38682277033388074,0.2476063975238223,-0.14718883551750012
3.174999999999999,transition,0.024626154958465544,0.4170957232125039,13.645840300441366,-0.0333919562345898,-0.06291577008353105,0.8139721833738338,-0.11761988683359062,-0.015046748543311101,-0.09370317786327544,0.5494504096819712,-0.9296082635389916,-0.08675484488332147,-0.4307078486717045,-0.00041923470850201237,-0.06493228191245758,-0.09451531457163836,-0.024705956621686013,0.006974442070646654,0.9542133239192085,-0.35053441093392934,-0.13858447403685936,0.0749092076764509,0.3312678215571395,-0.7358389909449596,-0.05795566390111215,0.323250108954186,0.009225992899297356,0.03747169443248152,0.08372231925651953,0.38688710728762893,0.24658401314524758,-0.14701976982975837
3.1833333333333336,transition,0.02798727196672742,0.49559488072323354,9.41989890128756,-0.033616600064172095,-0.06317129968611904,0.8120492929449804,-0.11790758783440401,-0.013158683371882094,-0.09395766062105193,0.5487831317053793,-0.9337382208783519,-0.08441411412672227,-0.43351776209063164,-0.00033463628484317566,-0.06423998243487246,-0.09312624639660909,-0.02491834124035193,0.00720059684903372,0.9556574706295902,-0.35167043218801,-0.13827679514307337,0.0751165719016386,0.3340087001047862,-0.7339058214310094,-0.06008577712676105,0.3221368593181664,0.00907751903350559,0.037425142796662654,0.08387955455195381,0.38690011846682903,0.2455258163305144,-0.14679652915398786
3.1916666666666664,transition,0.03160842911399952,0.36949648390206313,18.23465185283446,-0.033761916969563516,-0.06344997042101701,0.8110505118270793,-0.11812768954885705,-0.010932207786954626,-0.09394880568325986,0.5475999237658347,-0.9366018829501542,-0.08212173241058388,-0.43622188790360994,-0.00031557576029968,-0.06381408527115992,-0.0922030419553156,-0.02502318477531778,0.006801879977331591,0.957137845517469,-0.3521194745480417,-0.1381035293718284,0.07523418624268534,0.33635455554831484,-0.7308266840651588,-0.06173115179866033,0.3201380805328696,0.00904572920933422,0.037445680703224515,0.08409563484057886,0.386820782925419,0.2449595919512212,-0.14601632341391393
3.200000000000001,transition,0.03549382716049435,0.39735637447301464,6.799415818963586,-0.03388719544688497,-0.06367641591961379,0.8102482985245222,-0.11838459435068532,-0.008233550547932464,-0.09397132414174666,0.5461523835949691,-0.9397615138211373,-0.07957309472983974,-0.43921559409778826,-0.0003150931107135978,-0.06343189941972115,-0.0912403114094041,-0.02511483480590456,0.006403938234772134,0.9587222732327605,-0.3525685148290647,-0.13784814651273652,0.07534261073135302,0.3388770601171774,-0.7275153809445504,-0.06351372626046731,0.31803998231519853,0.009005305896237216,0.03746776112619742,0.08425154510517555,0.386704412277466,0.2444562356729335,-0.14507927101703333
3.208333333333334,transition,0.039647097074724774,0.395568189714135,5.844844931012272,-0.03389618881294987,-0.0637212828920174,0.8096357029145376,-0.11866804622789266,-0.005270684873917481,-0.09397967459020279,0.5443360076322816,-0.9430116707076962,-0.07677541751670053,-0.4422834085822893,-0.00010497209273264974,-0.06305496915672888,-0.09030364002150837,-0.02528541605474015,0.005874257734912773,0.9603533591783051,-0.35313752694634076,-0.13755026874041643,0.07551318109352681,0.341805456695138,-0.7242189793635992,-0.06551596228854274,0.3160379882048043,0.008970957386989421,0.03745073085736645,0.08445188056891417,0.3867938947202143,0.24407432962459089,-0.14413212987895863
3.216666666666667,transition,0.04407131166191168,0.42324566639975636,7.316671888898139,-0.033856111952806155,-0.06366706929032728,0.8092849785581467,-0.11899164306341484,-0.0017997169853956833,-0.09401735776298836,0.5421848137950869,-0.9465387179276942,-0.07369675156788527,-0.4456205708232974,0.00013246035414178473,-0.06273148128119034,-0.0893476529004802,-0.025458236805176296,0.005322721067131988,0.962077083168141,-0.353725712708642,-0.13716117827155355,0.07568615769714701,0.34496687250576713,-0.720738641071795,-0.06768083529217739,0.3139888620984455,0.008929601635420743,0.03742621475334101,0.08459644300191087,0.3868924796322196,0.24379392302514766,-0.14303423299348825
3.2249999999999996,transition,0.04876899719238262,0.4606948112303283,10.950587684699698,-0.033801176245049185,-0.06345450646558956,0.8083796940109665,-0.11950816750183435,0.0013035017504171957,-0.09426424711986671,0.5399962002171605,-0.9499101542336347,-0.06985762814096587,-0.44927506184529864,0.0004066495080545726,-0.06226023050135158,-0.08837307335514316,-0.025804885893759167,0.004558989180708323,0.9641629826647886,-0.3545115526476365,-0.1372204733204967,0.07595651000769975,0.3487546324800518,-0.7175599832108974,-0.07033265662967372,0.31221118936503,0.008843601044145721,0.037298983789469276,0.08475431140369946,0.38709359796769155,0.24306282351789227,-0.14236104671640606
3.2333333333333325,transition,0.0537421450299746,0.5091950053706035,5.830397393430367,-0.03369271204320166,-0.06310730739874713,0.807638747852938,-0.12010125899061593,0.004811609194107183,-0.09458379696737151,0.5374818135416918,-0.9534883484767505,-0.06561433642954417,-0.453227590711623,0.0007134140672753293,-0.06181900831235376,-0.08738805511243726,-0.026186885142445514,0.0037369977444936175,0.9663948881218979,-0.35534938101124464,-0.1372817742146436,0.07624679175329287,0.3528681301674511,-0.7143004218830379,-0.07322256475331401,0.3104686688690214,0.008741785473232476,0.03714335968514817,0.0848548201992566,0.3873237124823695,0.2423493731986422,-0.14163305133852475
3.241666666666667,transition,0.05899222326043726,0.5981973648074579,12.549317078344657,-0.03344115614136962,-0.06269544374355476,0.8072302682408249,-0.12081436139602231,0.008770961101501388,-0.09505157200551509,0.5345731771869391,-0.9566803760840823,-0.06086608450561874,-0.4577941584597979,0.0010172950340022753,-0.06169817268399906,-0.0869455930504144,-0.026628936357838633,0.0028522857818476244,0.9682954547379453,-0.35647902523997177,-0.13706682078980664,0.07664994111343734,0.35785310820751326,-0.7112049609138116,-0.0761761739765098,0.3091779283177368,0.008616573357687344,0.03694848272045423,0.0846572809556306,0.3873633674089034,0.24195832842225407,-0.14109387887998237
3.25,transition,0.06452018831983025,0.6523776548723559,6.658435265102214,-0.03310870178966013,-0.06213631770886445,0.8070628567317647,-0.12162212328599079,0.0131920981390912,-0.09561849484341256,0.5312834930747259,-0.9599714900966914,-0.05565544124383899,-0.46273723632069125,0.001350694182472943,-0.06167366938534205,-0.08660568763640679,-0.027114279846016498,0.0019053003405268207,0.9702584992845474,-0.3577072082701722,-0.13680144286723744,0.07709141770406679,0.3632895886647829,-0.7080951993997087,-0.07935373706751857,0.3080288648521156,0.008471825085887378,0.03671872546582574,0.0843433656767631,0.3873945923122072,0.241654415923988,-0.1405420305864518
3.258333333333333,transition,0.07032649662293189,0.7754367557671688,25.471225914011697,-0.03360050388726253,-0.06164409285649828,0.8081047866424639,-0.12212897892244581,0.018232735295625017,-0.09526741392007027,0.5284989737794771,-0.9618964040886684,-0.049193468279112584,-0.46783078111286647,0.0013760526954623136,-0.062293036432933366,-0.08728827267408884,-0.027669686599268183,0.00018486911052816891,0.9723639429341715,-0.3586286326918826,-0.13582955531784938,0.07737984388203416,0.3684573529269831,-0.70498651168716,-0.08296534096467001,0.3086486365194119,0.008238751640505592,0.03658809556694442,0.08438946206560292,0.38683634098687475,0.24181105329539923,-0.13994574864863943
3.2666666666666675,transition,0.0764111161916381,0.8522007634488132,9.211680921797338,-0.03415505690333117,-0.06101757425347198,0.8096056902807719,-0.12267300829133122,0.023811083759688722,-0.09485377159524375,0.5254430117927138,-0.9636536626616421,-0.042091795250372474,-0.47328787570421754,0.0013751146547924383,-0.06312317585022117,-0.08825673101009857,-0.028276862286650942,-0.0017239167981230544,0.9745384991056935,-0.35958596583286795,-0.13468621049277124,0.07767676424702781,0.37398831620876816,-0.7018946607513938,-0.0868504104600846,0.3097318377699154,0.007971754871889457,0.03644104958866049,0.0843812890647207,0.3861670991451174,0.24214009363367944,-0.139334302331043
3.2750000000000004,transition,0.08277353828336013,0.8217044204880097,23.701679856417357,-0.034227766653302016,-0.06046339404224035,0.811757992641452,-0.12442562340113092,0.028444965305548728,-0.095156497628553,0.5227209651175063,-0.9656406377916392,-0.03524425841297239,-0.4785113710214738,0.0015444208186121732,-0.0631529370533461,-0.08844529379652329,-0.028647178844784967,-0.003038720101434385,0.9750671052871864,-0.36126856678717206,-0.13385572467696724,0.07862769252037892,0.37934230057537976,-0.6988357445442795,-0.09065967334542875,0.310245857751382,0.007666592786695786,0.03641840593886282,0.08402174170529046,0.38601830848894686,0.24240917287131775,-0.13830558900816872
3.283333333333333,transition,0.08941278901943452,0.8880335165845608,8.085263289756206,-0.034282630443839154,-0.059788733017773876,0.8144717716194763,-0.12640547073660863,0.03342960544204796,-0.09551366573965114,0.5198010108225941,-0.9674775613301994,-0.027843979108101054,-0.4840223656298249,0.0017141189854221208,-0.06326293616108813,-0.08879308430914087,-0.029027247960827937,-0.0044345695444195105,0.9753836151344989,-0.3630959897127366,-0.1329097656882677,0.07968966129354195,0.38499187078078406,-0.6958261427559671,-0.09470313984315346,0.31113372794959704,0.007322884809575261,0.03640018333691479,0.08355032590815495,0.3858451549231275,0.2428423200063544,-0.13719970788483563
3.291666666666666,transition,0.09632744101351962,0.8381115413086362,28.57387514698102,-0.033530688568951576,-0.059429885701597726,0.8176698611420858,-0.12945847923387593,0.03772047317078279,-0.096802575569692,0.5178117495423431,-0.9692928287278254,-0.02085971626386242,-0.4900733580504814,0.0027063408924945,-0.06303968924835848,-0.08894608622582725,-0.029014640373513235,-0.005177523057888505,0.9748441877526445,-0.3657607076892729,-0.1310762513809228,0.08223188422056413,0.3906999640771901,-0.693790330149743,-0.098138999739117,0.31003730126260504,0.007312632773085615,0.036392533092048804,0.08321601459298222,0.3858524533310518,0.24332384413551555,-0.1353518675672569
3.299999999999999,transition,0.10351562499999906,0.89162645951263,8.991467224556793,-0.03263972575223305,-0.05900038905383552,0.8214923581108452,-0.13288848494994437,0.04222803177617553,-0.09828337383805771,0.5157815120473973,-0.9709380875574419,-0.013429495767923835,-0.49645671871257874,0.003820446124564067,-0.06284769584908652,-0.08922976251051305,-0.02895051899758977,-0.005895197304198359,0.9739583797054363,-0.3686843373579902,-0.12899963297240907,0.08510027901502315,0.39667577628279027,-0.6919727248896385,-0.10169263639545484,0.3090192591189409,0.007315424212720261,0.03639110561198323,0.08279163690167475,0.3858631383627653,0.2439766291354318,-0.13332291113056285
3.3083333333333336,transition,0.11097504146238532,1.0921916577963098,40.06797232697323,-0.03276376724747848,-0.059077682091472634,0.8280337392849817,-0.13559915186180488,0.045135477354343895,-0.09869489672044207,0.5150259439414111,-0.9719395104339137,-0.004327898619621254,-0.5012655095264251,0.003699180867352925,-0.06262948075860271,-0.0895427861058169,-0.02933622994264893,-0.007217717428676208,0.973452636000651,-0.3698541171844825,-0.12844364599627248,0.08724858028741454,0.4010827576275321,-0.692489748596504,-0.10462790040359948,0.3107837150535388,0.007676472578059438,0.03653850882151551,0.08271904866153151,0.38690508058407624,0.24337884828900533,-0.1322524631216801
3.3166666666666664,transition,0.11870297226171518,1.1686408484603379,14.225143793030348,-0.032893800066116134,-0.059156609412269544,0.8355629776669675,-0.13857009654083732,0.0480106300330954,-0.09914270484239587,0.5144195829366938,-0.9726677882249217,0.005410775117548228,-0.506150790399281,0.0035223632221547006,-0.06244061723949878,-0.0899907697359729,-0.02973268593890828,-0.00859409545825873,0.9726537990602837,-0.37102345650691904,-0.12786611880351695,0.08960910371018953,0.4055040208156182,-0.6935654763787638,-0.10757337546946902,0.3130219887635955,0.008100647019903217,0.0367129700829625,0.08260675152530299,0.3880940185041508,0.24277657420152535,-0.1311448367774612
3.325000000000001,transition,0.12669629226496298,1.1324163238867702,26.44595459518868,-0.032994663799759,-0.059856628653242025,0.8427691097694766,-0.14116853481128547,0.05065237493197319,-0.09948371154239899,0.5133139325538054,-0.9715595413912639,0.014847577816604646,-0.5112955131697832,0.00284092259635519,-0.06251830094871383,-0.09171069403729687,-0.03021987663226007,-0.010614963934931993,0.9712826526556078,-0.37195392383934234,-0.12708934506704017,0.09240523093686348,0.40833667537829177,-0.6940453169308834,-0.11051661449861874,0.31592616664693557,0.007868754614223938,0.03680054864252679,0.08274927995798012,0.3888975062315419,0.24268581472314749,-0.12891403658457157
3.333333333333334,transition,0.13495148097342946,1.1983461734822276,13.167884128901619,-0.033097041805971714,-0.060638785929279675,0.8508896782698261,-0.14396476936478583,0.053214473379046105,-0.09984495053768556,0.5122977415929568,-0.9699313146924912,0.024833795928956542,-0.5165233502465134,0.0020385111822199377,-0.06266151672686572,-0.09373039669815587,-0.030727484327001592,-0.012766409238933666,0.9695448465457943,-0.3728460889684957,-0.12626812832553685,0.0954593398399557,0.4109513055916814,-0.6950068248159811,-0.11345294137620537,0.3193838255613268,0.007612820200995447,0.03690318842661933,0.08288546924199244,0.3897927085815216,0.2426606350107714,-0.12650561734341698
3.341666666666667,transition,0.14346463415115554,1.4185393746419306,39.021960751249196,-0.03328720149099819,-0.062012276746547565,0.8585875522755528,-0.14645005797466007,0.05476482340398642,-0.0998721041476518,0.5106694437684706,-0.965655483475993,0.036654957384305964,-0.5190413289377402,0.0005115083869306474,-0.0624053758697309,-0.09461747313692946,-0.031262140751444824,-0.014625024049210447,0.9691298848956521,-0.3740550978426245,-0.12555024190714562,0.09857923437766677,0.4143029753759012,-0.6978334017536638,-0.11486019621152907,0.32352819199122673,0.007647104769876297,0.03721115889529983,0.08366320360047522,0.3910588440671768,0.2421873609088389,-0.12412363747872816
3.3499999999999996,transition,0.15223147545331758,1.50586693022051,12.095037848973256,-0.0334890968365078,-0.06353692595769608,0.8671150364777677,-0.14908266651183769,0.05609809944703794,-0.09987699859742927,0.5090617695049007,-0.9605397190755383,0.04920384846947688,-0.5212853147798867,-0.0012220173842988115,-0.06216581640042642,-0.09565829673952797,-0.031818115820640355,-0.016568634513420402,0.9685155074015552,-0.37525964957383634,-0.12480432706295544,0.10195190189217185,0.41751142898963844,-0.7013689972772463,-0.11605864692815017,0.3282973093253442,0.007693905311777834,0.03755889780603708,0.08451225521087698,0.39245829335018634,0.24172561965199604,-0.12157794859370986
3.3583333333333325,transition,0.1612473680546306,1.4920621037068442,45.99328960213063,-0.033620168309279164,-0.06483698492441026,0.8744954001012086,-0.15281652108110064,0.05795349530254194,-0.09988667045370282,0.507276375680617,-0.9568148875881783,0.061637699333700585,-0.5254359742610567,-0.0011189009806765464,-0.06190422183054642,-0.09699986750221355,-0.032253915713715435,-0.018924512152377202,0.9653778873401009,-0.37725919856519746,-0.12287435761435955,0.10465625281386699,0.42181712831411744,-0.7026115263379414,-0.11540950990705329,0.3298724482148692,0.00717232653738117,0.03825531397261143,0.08544584724043215,0.39320629971220067,0.24150344046748884,-0.11750166042159724
3.366666666666667,transition,0.17050732627775292,1.5714987514554473,9.563352744034681,-0.03375399467880191,-0.06625639594538614,0.8825398854429853,-0.15681312301555494,0.05964444594959474,-0.09987447696569912,0.5054986040275499,-0.9524280591892647,0.07473352226249598,-0.5295198613370269,-0.0010047350943505366,-0.06165786246048535,-0.09852592785515357,-0.03269483955473428,-0.021404429937458024,0.9617526428289425,-0.37934011443583787,-0.1207835803319801,0.10752284180742078,0.4260902472613453,-0.7042879103682312,-0.11433268443054267,0.3316875959887057,0.006597845550705584,0.03903020652426925,0.08645704255553655,0.394007251209189,0.24132246857989942,-0.11309643155911463
3.375,transition,0.1800060272216797,1.4929590902249794,44.790706328034524,-0.03365708832474468,-0.06664110505245446,0.8910785908550451,-0.16188304503461382,0.06026915588745041,-0.09953890220501194,0.5033593509136836,-0.9456069717138007,0.08717484801437081,-0.5304932826957725,-0.001212422941139657,-0.06136956498376378,-0.10018066035642903,-0.03279584166941518,-0.022621691182024506,0.9605773968081621,-0.3813553064088637,-0.11842412696127269,0.11022322049518607,0.43074827325671095,-0.7082115116704699,-0.11309002736406626,0.33469915629092384,0.007041092482532374,0.039383945670579124,0.08728900123303163,0.3951491310741062,0.24159937794553343,-0.11010934964053831
3.383333333333333,transition,0.1897378223901569,1.5577820310039243,13.097179405465553,-0.03353745479212358,-0.06702790943011702,0.9003043850819639,-0.16731639601003787,0.06060674413040476,-0.09914647529270942,0.5011958647403916,-0.937876357890735,0.10015636493940351,-0.5310468283037597,-0.0014442903601154908,-0.061093016180983305,-0.10202819299204152,-0.03286344048910166,-0.023816802874507464,0.9591926094822146,-0.38343656773553003,-0.11588278316955805,0.11305675007785519,0.43539787800445967,-0.7128065340087176,-0.11140475807410381,0.3380735040671259,0.007543642985720505,0.0397677289037721,0.0881753311332773,0.3963777351289906,0.24196787284177634,-0.10696348867767588
3.3916666666666675,transition,0.19969674932007753,1.4105086111893061,26.96612807202179,-0.033078995647733166,-0.06640869679831816,0.9084144395575046,-0.17223429663083417,0.06157296213894787,-0.09887019588635874,0.4986954650517972,-0.9305989622922978,0.11191060336598106,-0.530194245718016,-0.0015074995676954452,-0.060683642237022266,-0.10334338520523144,-0.03273876435639794,-0.024868088852921237,0.9559351743734879,-0.38451196827458256,-0.11243716136734877,0.11498529060331175,0.4402650477236971,-0.7162324820216663,-0.10985723707273513,0.34076877187765264,0.007265788476198331,0.040648654391730356,0.0892847507408638,0.3985432147481305,0.24317636325088593,-0.10285326380373216
3.4000000000000004,transition,0.209876543209877,1.4546683457805454,12.033550605623589,-0.03256368701472695,-0.06568760544429593,0.9170645813883089,-0.1774434649649963,0.06231474250922986,-0.09855030311478509,0.49614436538131135,-0.9224859034573589,0.12403283958081894,-0.5287761261433733,-0.0015768617518062212,-0.06027349206492486,-0.10479047765702378,-0.03256081440198571,-0.025878184923419326,0.9522821814925583,-0.3855433184423565,-0.1087266196565771,0.11694446058920882,0.44512900746898915,-0.720194308846085,-0.1078870130909815,0.34374548881142225,0.006965875506320572,0.041608926322725094,0.09046808602633302,0.40088651025736777,0.24456078807512915,-0.0984973237838273
3.408333333333333,transition,0.22027064854794798,1.4410196808329663,33.06770279247502,-0.031879279256665255,-0.0649528472279629,0.927281000526938,-0.18323553074829213,0.06198492536750755,-0.09842905755050668,0.49364785791705657,-0.9134551528660869,0.13604133692109366,-0.5250616383192532,-0.0016029509472232015,-0.05967613551542593,-0.10427133731390002,-0.031945069478275974,-0.02617097639216906,0.9465366423427408,-0.38598707958621625,-0.10410740224881224,0.11803373737726466,0.45177337215063557,-0.7245849220252059,-0.10512758355225593,0.3465228784811808,0.006842138077767995,0.04289192921320023,0.09113708465326657,0.40421209652616946,0.24510296989690045,-0.09492515491310702
3.416666666666666,transition,0.23087223074103377,1.4789254241420813,12.905803022067452,-0.03112346713421444,-0.06411755139548742,0.9381591657081843,-0.189357463233326,0.06132539882432232,-0.09828481114171325,0.4911148414800053,-0.903528165953838,0.148365715455611,-0.5205657592547795,-0.0016309084560538326,-0.05906175163839378,-0.1036902841218415,-0.03123443534129354,-0.026350279518986254,0.9402073996365702,-0.3863273741161965,-0.0991487758562015,0.11906347093620577,0.4585699989375951,-0.7295382480136872,-0.10187629451686589,0.3495517328679718,0.006714228192872017,0.044282493374794285,0.09182690122020876,0.40780232640578723,0.24573556520707587,-0.091198007768709
3.424999999999999,transition,0.24167418774263222,2.2099287217506802,122.24283507369726,-0.031449745060934134,-0.06165180569180494,0.9420254552014213,-0.19530621853648877,0.06060290361560788,-0.09749324216810894,0.4862496978212182,-0.8851120932725823,0.16470380868436396,-0.5142403667370378,-0.0031393042637672276,-0.05915066646833926,-0.1072167774106597,-0.03087379419999125,-0.027289747217438216,0.9378188386178554,-0.3862278228041527,-0.0937433413250235,0.11782094667547702,0.4644021414647411,-0.7373465353575319,-0.09681640080811182,0.3552322870615503,0.007348823021610009,0.04627841915662509,0.09331589300112685,0.40908682452414147,0.2469363982222379,-0.08948938592027246
3.4333333333333336,transition,0.2526691616814005,2.406093358713761,23.539756435569714,-0.03180571624142991,-0.05893999068689372,0.9458796856684468,-0.20154914647239727,0.05954835782129065,-0.0966199502136087,0.48114320374079356,-0.865061315283301,0.1816851537056427,-0.5069842629794077,-0.004784064016882863,-0.059288058581683595,-0.11105664373654456,-0.030452779511720558,-0.028184801738091757,0.9352260006861722,-0.385983712468968,-0.08797386615688947,0.11630917981190421,0.47027758590167734,-0.7459605480201937,-0.09111228563766458,0.3613959255296206,0.00804912708918883,0.04843192498143704,0.09489582161649016,0.41041399142240914,0.2482766484993997,-0.08782082167408219
3.4416666666666664,transition,0.26384955048954734,2.7545722191168265,66.52189659600279,-0.031103990496151077,-0.05628209461974519,0.9454601356687569,-0.21085009417759962,0.059221656525701896,-0.09728505919585048,0.4791161642031501,-0.8421065467906608,0.19528899463178429,-0.49526587025657637,-0.005040459254859259,-0.059343281281684486,-0.1130448865802599,-0.029231990648284484,-0.0269904232770369,0.9280135866019888,-0.38760054142313527,-0.07967497171410362,0.11626878851875336,0.47692217626902567,-0.7507791483341635,-0.08571448130698085,0.3701385015859324,0.008082934564054277,0.050394961137010745,0.09699893847801101,0.4114894569408175,0.25083842855313204,-0.08588161612853709
3.450000000000001,transition,0.2752075195312515,2.972921091855074,26.20186472858972,-0.030339736673795407,-0.05339173965421648,0.9446500626836501,-0.22068951833398442,0.0586304962198487,-0.0980037957569948,0.477128408840144,-0.8173322043585352,0.2091946811028737,-0.48225826041016295,-0.005308328760037305,-0.05943923084862483,-0.11517460509776364,-0.027883502916324715,-0.02556955566501549,0.9202075730463546,-0.3892346026514135,-0.07081236452040648,0.1160916484418524,0.48365989066587733,-0.7560480615247797,-0.07971846182499592,0.37956628165011375,0.008122740777594112,0.05249228891943866,0.09923313496165076,0.41258200483389385,0.2536402544719749,-0.08396350915472758
3.458333333333334,transition,0.2867350132310447,2.7647572210730464,83.08242382081437,-0.029715762722728856,-0.050783900474430085,0.9469429265111697,-0.2275118041983895,0.05906809180060925,-0.09787370679672985,0.4734614586734484,-0.7942925608495931,0.2200930662268987,-0.47502026332908387,-0.005376137952714753,-0.06062407941391529,-0.11729816426320777,-0.026493052379482084,-0.02166042376265051,0.9107925979688621,-0.38785567734818105,-0.060281596420899905,0.11746602747903936,0.48935398108437755,-0.7602437954445269,-0.07477534406723307,0.38737318813494875,0.008032863345814368,0.05391838595098446,0.10056703035980105,0.41369050987928113,0.2578078621595675,-0.07878709851536493
3.466666666666667,transition,0.29842376670223053,2.956839620471343,23.04988792779561,-0.029043137916365053,-0.04797583582264509,0.9491034853017344,-0.2345973248033524,0.05932875887656846,-0.09772578710771998,0.469701588426569,-0.7696522306789986,0.23101048357761111,-0.467006832712496,-0.005438340120130735,-0.061937856793094936,-0.1195561572116243,-0.024975929537728703,-0.01732737747932471,0.9006774112762387,-0.3862440580554106,-0.04907809969675398,0.11883171357630645,0.4950383458740192,-0.7647853913153296,-0.06933989212101838,0.39570373744366805,0.007938261745596687,0.0554176584723263,0.10195188579593228,0.4148145077688292,0.2623178298485138,-0.07337080814285579
3.4749999999999996,transition,0.3102653173752768,2.712460431491861,53.580067119571595,-0.028542110338024416,-0.04420348176222317,0.9549848820867137,-0.24047190930151902,0.05894211665667473,-0.09609609473148306,0.46656993014186016,-0.7470483937498997,0.238653654740135,-0.4579952949245173,-0.0054516241010821856,-0.06151991658537334,-0.12109889333932697,-0.023027731486134073,-0.011632801471978923,0.8885574799728491,-0.3823248134260582,-0.0369642937121183,0.12076645075461251,0.49710484230301466,-0.7691419605280836,-0.06626338439887508,0.4073758965013513,0.008134898087466189,0.05715920982095613,0.10330718855170656,0.41595352711278916,0.2685077298516475,-0.06646697159184642
3.4833333333333325,transition,0.3222510166262198,2.876823261277899,19.723539574324533,-0.02800775040613858,-0.0401649715880544,0.961017735969857,-0.24649698446545057,0.05832971023198062,-0.09433461328357104,0.4634036025892125,-0.7230748665725839,0.24603721601373896,-0.4481577245430093,-0.005455432477096855,-0.06109274625684453,-0.12271418044175592,-0.020924373121927988,-0.00542349887433787,0.8756131340198041,-0.3780006986098686,-0.024140360657736712,0.12273336381185446,0.4988689208256098,-0.7738159753511372,-0.06289444162834266,0.419805171520316,0.008349580004670901,0.05898841603757495,0.10470741673384788,0.4171064016664407,0.2751558065924104,-0.05922338981180545
3.491666666666667,transition,0.3343720414050687,2.5901803932495593,40.00735854010191,-0.027281753623183802,-0.0377039033212098,0.9696429005380864,-0.2530152369888465,0.056669202738988456,-0.09190753077321027,0.4614064361219138,-0.7014900299621709,0.25320830031644936,-0.44109844294900835,-0.00555702505432716,-0.06019648811645534,-0.12324885038130681,-0.018985052143658972,-0.0009917574588226641,0.8611059949023157,-0.3729193212817035,-0.012858562101107779,0.1251576837568878,0.4982291339202075,-0.7803973344266635,-0.05994004235658388,0.43245349586070736,0.008406829044783603,0.059601387828233154,0.1034696776120232,0.4182707769278091,0.2800510542712121,-0.049832409048820164
3.5,transition,0.34661940586419754,2.7253525371333254,16.22065726605193,-0.026509941754974765,-0.03510415790422058,0.9785945345288325,-0.25970522626313913,0.0547101589794311,-0.08930528639523991,0.45946754175698223,-0.6787787588193932,0.26009126217984796,-0.43344781529603893,-0.005656409402215587,-0.059257674268640884,-0.123772543360426,-0.01690899392695338,0.003804909426334132,0.8456978131700766,-0.3673917876368239,-0.001015868329695982,0.1276430376587266,0.4971105735332211,-0.7874219709314567,-0.056734356725405916,0.44583898740116346,0.008469910900483811,0.06020790575029771,0.10208004975280391,0.4194471819332031,0.2852562200644536,-0.03996412238691081
3.508333333333333,transition,0.35898397298676255,2.4889854151685764,70.74976128916157,-0.02559713107731097,-0.0341021566904026,0.9869474655257598,-0.2654730606327832,0.053290877265654076,-0.08689940115481593,0.45966763033988256,-0.6580372136929884,0.2657651702383862,-0.4307103655103724,-0.005888819308234183,-0.058932505549547626,-0.12599242133866811,-0.014867398834422282,0.0075505948427056395,0.8300197433117071,-0.3621529284855705,0.010796979759208097,0.12993877732683481,0.4956579393373166,-0.7967932066245672,-0.05462858825076933,0.45766467017731466,0.008449160778845903,0.05983975100458666,0.09845476934305768,0.4206369710806557,0.2912389321221006,-0.028352421833490044
3.5166666666666675,transition,0.3714564662150964,2.6003707114877006,13.366235558294903,-0.02463089514502886,-0.03307965747653603,0.9955626744604752,-0.2713326710658977,0.05161858645568465,-0.0843396545647753,0.4600777566222878,-0.6363674577639242,0.27105690952298966,-0.4277465110177994,-0.00612809330556896,-0.058609902685970064,-0.12831827314427188,-0.012697528210486721,0.011573493106052081,0.8134653834397826,-0.3565052513801374,0.023137018721930483,0.13227649503001915,0.49371208501127994,-0.8067504918479269,-0.052357877429856474,0.47008199431833236,0.008428211224063452,0.05939627150769382,0.09452712734553084,0.42183717994519326,0.29757082895638776,-0.01616877067319683
3.5250000000000004,transition,0.3840274810791022,2.693318248470886,48.90373370274279,-0.02379857927400407,-0.03150511488869507,1.0051760716979745,-0.2769679840937018,0.04787650654884611,-0.08293923865048211,0.4620767250194715,-0.6139231390266668,0.27712902680370693,-0.4217883647730787,-0.006222691906407903,-0.058226959233408565,-0.1296742568281531,-0.011064733366875835,0.015255571718380882,0.8003071161861041,-0.3507020687175668,0.03281898014319068,0.13294193045997824,0.49339885657900623,-0.8186770086841761,-0.04802046614307898,0.4837442194588564,0.00882603013776695,0.058319664555767786,0.09048065457571398,0.42304720204089113,0.3006483876898188,-0.005843916884088904
3.533333333333333,transition,0.39668749682467086,2.8041800262285888,13.303413330924307,-0.022924321853368228,-0.029875937374608228,1.015097195219837,-0.2826676938857106,0.04375198331752793,-0.08146861684547657,0.4643865139032715,-0.5905549721414286,0.2828661465307339,-0.4154154835469002,-0.006314055201300979,-0.05784317782817863,-0.13106622887435665,-0.009345160298716047,0.01918050896062003,0.7865413576826323,-0.34449678640361237,0.0428213372963603,0.13353399544279002,0.49271125775408775,-0.8312915405600632,-0.04338868529244978,0.49804747485444656,0.009251302853538947,0.05712797888342892,0.08613607482424912,0.4242658441216215,0.303843173526539,0.0048984142065483655
3.541666666666666,transition,0.40942688804207367,2.215112327828601,73.51394781472989,-0.02098861046221051,-0.02695011745544573,1.0274879179857712,-0.28790482004878076,0.038334460033499454,-0.08018562263183046,0.4693558622020817,-0.5720957027428569,0.2871947914385312,-0.41414773758563356,-0.006484739875762525,-0.056378824094689965,-0.13071578310542684,-0.008425816037471468,0.025100694338920346,0.7726632028508039,-0.33753082196757145,0.05192300540989411,0.13327170998361115,0.49326942270350144,-0.8448405692748735,-0.04174426056358205,0.5101105676696676,0.009181962359690007,0.054648473412895616,0.07898060728759823,0.42548895965298467,0.3096746418089973,0.015316411671798341
3.549999999999999,transition,0.42223593629436573,2.282205422777057,10.255736872278831,-0.018946819671541566,-0.023892383057064037,1.0403178625459035,-0.2931660683969721,0.03246743308851728,-0.07884799021128042,0.4747930735907122,-0.5530773242197148,0.2910955772314562,-0.41280313221459103,-0.006657042309522021,-0.05484672906878693,-0.13028919071598175,-0.007474316886219012,0.031377441561152124,0.7582055123267867,-0.3301330667582528,0.061265318367121444,0.13288276437579358,0.4935386983119376,-0.8591018019391476,-0.0400056639678954,0.5226380288475202,0.009107901336716606,0.051977383983902614,0.07136397524052963,0.4267186340914997,0.3157805945394313,0.026105245448192246
3.5583333333333336,transition,0.4351048417457911,2.7042397163410925,139.20794362899684,-0.016212058867026893,-0.0182619914243444,1.0434805887984666,-0.29803776078950267,0.026689715715661665,-0.0770558251855005,0.48070364695192425,-0.5305419932502057,0.29879019676053725,-0.4061692580075362,-0.007085553868820714,-0.05494263497479868,-0.13009140290138402,-0.007110678336141281,0.03731497062801523,0.7462832236291912,-0.3237748362644727,0.06958606073247939,0.13367329042990422,0.49783748804895234,-0.8752482844485683,-0.039112305758658934,0.5360706406901443,0.009237869589739567,0.04791491253382793,0.0619584064395354,0.42817812558345075,0.32098962988150365,0.036507719095080854
3.5666666666666664,transition,0.44802373479017393,2.7912603979585615,11.329384648219154,-0.0133354996859481,-0.012354555958849184,1.0464784856501996,-0.3029009583544127,0.02048604475685035,-0.07518531672129819,0.48709235206887613,-0.5072814899338843,0.30628335262571066,-0.3991481252499982,-0.007530572883717115,-0.055071331748484345,-0.12983316781970167,-0.006752010263551874,0.04357166094151204,0.7339672585286494,-0.31706710099252156,0.07806637471190057,0.13441016454433716,0.5020914495315583,-0.8921815297807819,-0.03817966432053385,0.5499914410866407,0.009375446083284356,0.04358630346721781,0.05200689482004265,0.4296555826594378,0.3264044363424994,0.047232833396124996
3.575000000000001,transition,0.46098268767933953,2.655658909533476,65.17281938603432,-0.010035503103499897,-0.002961538541959803,1.0478950641833005,-0.30653485211104625,0.01404945793396479,-0.07212692156284914,0.4939632216368657,-0.48515099902110537,0.31316259237435073,-0.3913865593861901,-0.007432949055080429,-0.05567602421981073,-0.13123344357680466,-0.007433442746262038,0.050333257490298426,0.7234353263291311,-0.3095108115244588,0.08388127743222648,0.134770936123307,0.5077381101818795,-0.9133758606794847,-0.03790207806621251,0.5638831098189312,0.009849418750515865,0.03764085485853917,0.043369458596847404,0.43290447102178964,0.33451046776010784,0.053432057462027865
3.583333333333334,transition,0.4739717261514943,2.7287554109247125,14.16611427996557,-0.006577342914648527,0.006889831457329635,1.0490560249990963,-0.31008322201489225,0.007192314062839754,-0.06892784558366034,0.5013195587156787,-0.46241137059673276,0.3197974385659819,-0.38321512779554423,-0.0073201995233671425,-0.05633947918087624,-0.13266835110097688,-0.008178950125968535,0.05742595199062814,0.7126381920796561,-0.301575048793938,0.08968854052673324,0.1350567051128097,0.513412303232194,-0.9355539495142963,-0.03762442358699117,0.5782289017173949,0.010349582079557483,0.03135046920781055,0.03428715258941642,0.4362683895395261,0.34296099195895635,0.059674961602879203
3.591666666666667,transition,0.48698084105964695,2.8568322196279228,113.6924648062701,-0.005093423643159388,0.016585661259067404,1.049556200147903,-0.3175978308212609,-0.0005816712034887612,-0.06623147622427601,0.5137535605222849,-0.44756705222835114,0.32634727573060573,-0.3812219907933171,-0.005511890066625017,-0.05506740334353344,-0.1305980094480717,-0.005210339314341672,0.06301754278465584,0.7060074248273334,-0.30035028028313976,0.09201161282502605,0.1306316556690162,0.5236553992420063,-0.9593608846778623,-0.044058473235358483,0.5903927681019725,0.00926862373490495,0.026924578670567155,0.02590922204417366,0.44077227029434835,0.35020302209952553,0.06905709852354568
3.5999999999999996,transition,0.4999999999999995,2.978666180193974,14.620075267926147,-0.0035656653344631455,0.02670639194548122,1.0497688949108122,-0.32523515447974183,-0.008805618097539998,-0.06342929601669314,0.5269227623939514,-0.43258436769247094,0.33264285698533014,-0.3791707903146744,-0.0035982897970825408,-0.05374832078814508,-0.12837188318371767,-0.0021046968176961136,0.06884185411036008,0.6993567943573,-0.2991253435611725,0.09413175284862496,0.12588084861636156,0.534160792827606,-0.9841831028461454,-0.05085175856947898,0.6028619557619092,0.00812797830440104,0.02227058541029693,0.01714772172272211,0.445444419980049,0.35770438611507405,0.07863999158143974
3.6083333333333325,transition,0.513019158940352,1.9637197006333063,156.71162387270778,-0.00010013571871236512,0.03615432858856635,1.0525454598687642,-0.3322966703098773,-0.009210687310404881,-0.062434643457441874,0.529209212607791,-0.41622003685386005,0.3419658003432817,-0.37329151680800643,-0.004612589485007265,-0.05645579949710345,-0.12946336108306647,-0.0015559483849521948,0.07643269869070266,0.6882512619413759,-0.2968804385870975,0.10013713837588407,0.12724707727605344,0.5398382386003235,-0.999051629159357,-0.05406872989223776,0.6162823279251214,0.007388938254752824,0.015407936063330963,0.009555003002042609,0.44273543976098567,0.3638816830708803,0.08651715248883979
3.616666666666667,transition,0.5260282738485074,1.98562054036592,6.480105028652261,0.0035042047053710917,0.04596816710696379,1.0551706298353443,-0.33943732127042753,-0.00964664047261096,-0.0614324747064674,0.5316425078648448,-0.3996731990174774,0.3511840330203597,-0.3671644699036515,-0.005675345906450898,-0.059323539975851464,-0.13057416417848144,-0.0010076233011321063,0.08433179485230814,0.6769105362801959,-0.29458549576766574,0.10613789086303141,0.12861225191645653,0.5455113043321796,-1.014370162766225,-0.05744522355342957,0.6300304549169771,0.006613644187834925,0.008217335097016436,0.0016598711698686819,0.4398095396271834,0.3702339900705127,0.0944894819797726
3.625,transition,0.5390173123206622,3.0915463529830944,188.99435635495476,-0.0010177432289649336,0.05183168388797976,1.0466736937606587,-0.3472151384012223,-0.018258053894381863,-0.06100537740940837,0.5464305516942825,-0.38746637944805185,0.3618133793632416,-0.3694863577142634,-0.005456889920038381,-0.05698198771514837,-0.13196970244834022,-0.0065818057595986084,0.09037315591136423,0.6693390960053356,-0.2849727793838595,0.10551994343759617,0.1242447402159928,0.550437379352989,-1.040133049041084,-0.07394632529482657,0.641613034216951,0.007885419214294474,0.0051523020823329695,-0.011144508288597504,0.4446263521136092,0.3774317161012376,0.1069498010301346
3.633333333333333,transition,0.5519762652098251,3.2018198785180907,13.23282306419955,-0.005800218893936258,0.05784802689539402,1.037490215321426,-0.35509024450354704,-0.027292088684498367,-0.060600078869072,0.5619524224387129,-0.3753145634590738,0.3723945986404488,-0.3719816028060001,-0.005222574489506445,-0.05454221055847315,-0.13339616437284813,-0.012451607837707098,0.09661451447869498,0.6617360237875884,-0.2749627287690803,0.10457032900826302,0.11959853253278094,0.5553148045868576,-1.0668148813620681,-0.09122928930028641,0.6533911967662881,0.009221369236810313,0.0019760334331965362,-0.024468565284733276,0.44960796065343955,0.38483156593398427,0.11970704196091392
3.6416666666666675,transition,0.5648951582542108,2.0277699226510038,219.47337023819867,-0.005011442404181034,0.05855673491473597,1.0374046372252814,-0.3629832645303364,-0.030167152610375905,-0.060525064467996326,0.5622330869166018,-0.35841648077031546,0.38209620015151335,-0.3702838794707182,-0.006420621125003827,-0.055855497356038376,-0.13606748164821503,-0.0162283171101471,0.10460196151422434,0.651112969029898,-0.271303029342917,0.1102126416171676,0.1206795442602333,0.5585488715202203,-1.0803509614399185,-0.09668638325049578,0.6634427434255825,0.008973775604068267,-0.0022937926075339357,-0.030263607550760484,0.45082860748943604,0.38962901974116054,0.12531212050268564
3.6500000000000004,transition,0.5777640637056333,2.045163716429348,3.8244872908141714,-0.004216026978330865,0.05916396052233126,1.0370772659110197,-0.3709606023105301,-0.03316074645280661,-0.06048695137671223,0.562512665408127,-0.3413734498000709,0.39169547987433373,-0.3685606010986691,-0.007668798662923977,-0.0572475064927689,-0.13882359559132923,-0.02018951233606003,0.11285499794494912,0.640332482081035,-0.2675596021038214,0.11583312219873858,0.12175637318548782,0.5616535556493749,-1.0941457774907906,-0.10234225922935662,0.6735893456335353,0.008714694273626237,-0.0067173400578628625,-0.036203199300798475,0.45203137152712314,0.3944943118705493,0.13086245410007324
3.658333333333333,transition,0.5905731119579254,1.503015503055587,99.93042676692419,-0.008022909359817471,0.053026820027422636,1.0298102816268326,-0.3822249112132288,-0.03613631592666782,-0.06683368128211897,0.5682828471954725,-0.3308047954889728,0.39966443338142166,-0.3656118256738953,-0.008687022058077937,-0.058733778532831224,-0.14086291653618488,-0.02182410212403131,0.11564519321401939,0.6290724791677329,-0.26458957375470704,0.11866654798011644,0.11907163254650915,0.561378998945959,-1.1036892487601266,-0.11486738842148651,0.6800963725276883,0.008090904916015572,-0.005609505266206221,-0.03855707131209961,0.4537565893470794,0.40186677682401334,0.14223187193266712
3.666666666666666,transition,0.6033125031753281,1.56085351095776,7.697200237224067,-0.012023012573027831,0.046498964785142476,1.022008769548394,-0.39370176956940994,-0.039222334826182724,-0.07349188124356625,0.5742884140028457,-0.32039854180150945,0.407449577952499,-0.3625877549349339,-0.00974239248388536,-0.060298840240834914,-0.1429500254995786,-0.023532432302479055,0.11844672860062605,0.6176538008130776,-0.2615766660532005,0.12135042057485254,0.11621898692512884,0.5608281122137965,-1.1132816683196474,-0.12787450101280118,0.6865245279019142,0.007440557142230664,-0.004406512016394953,-0.04088862760450768,0.4554852371607551,0.409406583928628,0.15379107339725046
3.674999999999999,transition,0.6159725189208968,2.242387122737286,276.80800763621374,-0.008999063144295386,0.0346636575582335,1.0195841050045824,-0.40312876374427653,-0.04189566277570826,-0.08051808259607189,0.5610712025021485,-0.3137161322763065,0.41137826622259727,-0.36107701212631593,-0.008127884618436257,-0.06033318860968964,-0.14380950849148622,-0.024147611811915933,0.11905544345584189,0.5989672414569336,-0.2646700004584661,0.12452971598452153,0.11667170782452263,0.5612980024318397,-1.1138080223037141,-0.13969542397043685,0.688613751119134,0.005528684295371021,-0.0025535594482163394,-0.0394153863177561,0.45694172989857385,0.4115271686770821,0.16220345940544606
3.6833333333333336,transition,0.6285435337849051,2.294591474929515,8.46381785159319,-0.005870864764249728,0.022240585202741667,1.0168695045005514,-0.41266288884832103,-0.04465531240008827,-0.08785312001627914,0.5472900434848156,-0.3073584711343257,0.4149596437508301,-0.3595589696763052,-0.006439073802846163,-0.06037955163789882,-0.1446624525480154,-0.024787545304600957,0.11958174495120248,0.579845645832521,-0.2679750957388355,0.12757990519624135,0.1170999268741853,0.5615414147203598,-1.1139985245899295,-0.15191877891126193,0.6904400034311032,0.0035403839548133783,-0.000583142190183239,-0.03776183172886462,0.45838801675785623,0.4135788290982887,0.1706558541440331
3.6916666666666664,transition,0.6410160270132365,2.9062468853564916,160.16647234737854,-0.009067225711611095,0.013616409157615972,1.0176430058825807,-0.4187752712570859,-0.038089315392952204,-0.0949929877897396,0.5230713194401782,-0.2951480456005317,0.41323185181799865,-0.3554223544434809,-0.007132736370136507,-0.06528129151392623,-0.15365132259220024,-0.028806572392480002,0.11851608728379065,0.557557479852179,-0.2676035577731087,0.13486713692876842,0.12489356983816155,0.5536363065881745,-1.1030663551853548,-0.15514967214608066,0.6929296230134768,0.004506283956029776,0.003482918833435697,-0.03194907823363374,0.4537808251867661,0.41589233613079113,0.169363487445458
3.700000000000001,transition,0.6533805941358041,3.0180661362740446,13.418310110106368,-0.012410565159741378,0.004584537197248068,1.0182729001159865,-0.424846435244732,-0.031243647145553683,-0.10241541769416619,0.4979207683045611,-0.28303653935299466,0.41095654754651645,-0.3511797796617214,-0.007848410245138836,-0.07038195720456258,-0.16294650923777643,-0.0329791371497979,0.11730812179716259,0.5347508039536738,-0.26729148390873914,0.14218798748154354,0.132946919764638,0.545196217397102,-1.091378131805184,-0.15840793683777166,0.695186539571072,0.005514603842623911,0.007741306470411457,-0.025802830213689742,0.44892817496661297,0.41814604740127115,0.1677222816366279
3.708333333333334,transition,0.665627958594933,4.633902404004591,193.9003521276655,-0.008380212845445828,-0.0010049989465517883,1.0130549926562935,-0.4266125436504503,-0.025425090902785538,-0.10550004054258362,0.4593049149378562,-0.28095576927037347,0.4048605767152044,-0.34226043548495777,-0.006530064925693187,-0.07089826739495747,-0.161441597731106,-0.030775632008612157,0.11291161623872208,0.5109434222456164,-0.27175028517432487,0.13997046211894476,0.13588056705594134,0.5396129742685168,-1.0669492222830645,-0.16622073042980454,0.6901594536536926,0.005236812231213254,0.01601378967045654,-0.014843442030269011,0.450120626202981,0.41335520391311487,0.17287094081299045
3.716666666666667,transition,0.6777489833737792,4.797195191098909,19.595134451318152,-0.004219470625213265,-0.006852729995855398,1.007483616898249,-0.4281733610044704,-0.019381724314607232,-0.10869090794968397,0.4193282883453653,-0.27935328565912276,0.3980966001268765,-0.33307371473900693,-0.00515803198770645,-0.07143380608079924,-0.15982805531891509,-0.02848328935483408,0.10826239187977316,0.4866275231858782,-0.2764410520800301,0.1374280495859845,0.13886890142993813,0.5336257098612499,-1.0413380204542788,-0.17422145958109003,0.68463780011719,0.004951994734562941,0.02461341364293687,-0.0033932770203307754,0.4513014746238493,0.408246542534242,0.17793022170977618
3.7249999999999996,transition,0.6897346826247223,4.134179338425188,131.3941191548019,-0.0023059281636621373,-0.010982282340651132,1.0004007793832732,-0.4307746191645083,-0.006345180910322072,-0.1089556530231876,0.3848767938584887,-0.2780759269044559,0.38597864712901403,-0.32483522169054657,-0.004975923182655044,-0.07532496787161144,-0.16733910451469652,-0.02589554416393009,0.10234859449924309,0.46401840628462093,-0.2852331505183488,0.13537624347819993,0.1442112775153604,0.5291948168377625,-1.011149365514418,-0.18182614134015515,0.6731732287487227,0.004435333883468848,0.0363033093486997,0.009271480879073195,0.4524543687423599,0.40120816030674694,0.18617702192500066
3.7333333333333325,transition,0.7015762332977686,4.263279864344756,18.27929867179794,-0.00034874171969752864,-0.015295378886493705,0.9929307010837674,-0.43321016610509205,0.007141339665762613,-0.10921862696323062,0.34934946165561576,-0.27727629740082843,0.3730377308815285,-0.3163824566486515,-0.004784457664057289,-0.07934926840667043,-0.17506023042471947,-0.023214594676607737,0.09615249752841534,0.4410079898585141,-0.2943847661715198,0.13302938409877518,0.1496834119212922,0.5244334453173398,-0.97969131483346,-0.1895885693850664,0.6610321220600451,0.003904287104534664,0.048404961102752116,0.022438498124831764,0.45359339733294685,0.3938020867745679,0.194439487779717
3.741666666666667,transition,0.7132649867689569,4.373357019889617,237.46121514093835,-0.0009240854520847722,-0.014440064095165645,0.9695143363462575,-0.4380611045222731,0.01928414760571201,-0.10758577323921298,0.33031249161530796,-0.27527870659189757,0.36181497848361155,-0.3024194100476712,-0.005279549531151043,-0.0835789293533168,-0.17331611624638502,-0.021907856732611898,0.08993091282552974,0.42416478989879247,-0.3037509574485907,0.12518417665395226,0.15308244329462983,0.5195029827274937,-0.9432466730010465,-0.19562215224780263,0.6448826648576123,0.0043267865950506875,0.061429226372256784,0.03661982042576934,0.45471851499916216,0.38255775800001407,0.19674200803967035
3.75,transition,0.72479248046875,4.535205853500193,19.421860033269134,-0.001541674868519749,-0.013589740794699878,0.9452172752680781,-0.44282597035771687,0.03180126968368313,-0.10588956102810698,0.3108143320096133,-0.2737069492026194,0.3498674243624009,-0.28808216656670993,-0.005788022091905987,-0.08793878845153813,-0.17145911278703352,-0.020558853788429587,0.08344327197778512,0.40716367551704025,-0.3134601111232769,0.11687829332095134,0.15653273586531213,0.5142531302990392,-0.9054532908885449,-0.20174207693071367,0.6279642815479747,0.004766891238276116,0.07486591270753706,0.051302838837727904,0.45582816824935435,0.3708429786092893,0.19885556030658336
3.758333333333333,transition,0.7361504495104516,4.347230472377177,329.52234507573087,-0.003684298798291837,-0.011406768466436634,0.9210839403846247,-0.44788346945631025,0.04258103860808702,-0.10592857377476528,0.31419966858973325,-0.27079023163141214,0.33373320222621994,-0.27436096179861225,-0.005137518682013778,-0.09156207608824224,-0.16858385351281832,-0.020308412811036958,0.0794246562505706,0.4054219480037998,-0.32524146653166086,0.10477261301153061,0.1602043689312949,0.5101697123417208,-0.8692263702854017,-0.19920858456613338,0.6093076703721747,0.0062255845497198,0.08749718130946982,0.06344065181573935,0.45692070692512576,0.35329522405097036,0.1953869195383862
3.7666666666666675,transition,0.7473308383186009,4.4920956934888245,17.383826533397695,-0.005913335562415949,-0.009189342995185508,0.8961357334910588,-0.4528597613687464,0.05365340411821427,-0.10596124459309009,0.31786026233707193,-0.26824765844910275,0.3167859006473943,-0.26031575506784144,-0.004464071855627131,-0.09528311291649401,-0.16557080276839645,-0.020052254016706697,0.07523218714980343,0.40401439945192175,-0.33740464610237597,0.09211653901111995,0.16392760846459795,0.505819402844649,-0.8317922395063282,-0.1964874027000598,0.5898765003333788,0.007731669422932652,0.10048501318175583,0.07596698354438502,0.4579961639138018,0.3351305812729116,0.19156260178608678
3.7750000000000004,transition,0.7583258122573668,3.684696677045247,223.89964197058427,-0.004448086682421332,-0.00597850970249067,0.8694645007693975,-0.4535368011067664,0.06281403497705697,-0.1090417746986016,0.33706944233236785,-0.26771139595025367,0.29681441449340457,-0.2411114037654568,-0.004734342971655966,-0.09894355038632412,-0.16363004357750935,-0.021362999354450858,0.07507677733451613,0.41727868662277123,-0.3554177231748492,0.07485557168631578,0.16888027058730526,0.507278393212764,-0.8010864338642845,-0.19325420596422452,0.5665113757700246,0.010421249362006514,0.11259889957336211,0.09016403031177125,0.4590533787933121,0.3157820864778661,0.17930701485930878
3.783333333333333,transition,0.7691277692589652,3.795713362092812,13.322002205707761,-0.0029581732966465994,-0.002709113690139405,0.8419898544210078,-0.454005746370706,0.07218810136625808,-0.11220294550061947,0.3569831228661057,-0.2675983197629674,0.2759929051013168,-0.22146591281989703,-0.005010218998107604,-0.10269173556363621,-0.161590589478311,-0.022713204800274757,0.07487384106223323,0.4312866842347077,-0.37395031089794945,0.05694799186147817,0.17391271164053654,0.5086504887386029,-0.7694554891801777,-0.1898284208321507,0.5423111131865735,0.013188341360618304,0.12501506765955303,0.10476746438335208,0.4600920155187159,0.2958277641416744,0.16647199450135663
3.791666666666666,transition,0.779729351452051,4.090066563047882,204.05098787992125,-0.0001839323298684437,0.001320784047257233,0.813753084535004,-0.4653738034835935,0.07074448825997322,-0.1142133362782569,0.3910670108915047,-0.2773667573469667,0.2557084976897106,-0.2091555701817833,-0.002825835965005248,-0.10579281662861519,-0.15784642676051927,-0.025394781067264015,0.0749920280885612,0.45311751162654035,-0.38215068048156114,0.03399055935191047,0.17553526429084257,0.5092631691756058,-0.743651814531741,-0.18708407495530088,0.512878215738584,0.013544668171328236,0.13286592333306607,0.11867662391145159,0.46111224968303843,0.27330342724913104,0.15493744193104428
3.799999999999999,transition,0.7901234567901223,4.213870747151991,14.856502092493038,0.0026463227645482047,0.00542303528866641,0.7847570099948366,-0.47683031608660964,0.06920585919309533,-0.11626664999826453,0.4261826004511046,-0.2878085051053845,0.23464489801798288,-0.19664146944328623,-0.000580897238565449,-0.10895628868429744,-0.15396414706368497,-0.02814814735801867,0.0750730564288886,0.4758570856518222,-0.3905523294284019,0.010297792193330147,0.17713701936565784,0.5097695412459194,-0.7171525447456926,-0.18417628698142938,0.48253148463037254,0.013907854123339971,0.14087017855526474,0.1329400624022071,0.46211253897643373,0.2501522696312563,0.14289476161385717
3.8083333333333336,transition,0.800303250679924,7.351312792939413,446.64952943771937,-0.0006520983096204034,0.013477616525507321,0.7544533761290428,-0.4951467462875265,0.06980365933864761,-0.11726261478564338,0.4874435403922664,-0.29865881058836435,0.2182479141511368,-0.17720072971843287,-0.000300671960704456,-0.11085637203751315,-0.1479762468145659,-0.029489361965184757,0.0746329076997651,0.529613988110279,-0.39365195771830536,-0.01811714899412052,0.17828860910645394,0.5131726452113827,-0.6962762925199902,-0.17708786547762362,0.4523963626407571,0.014471773179498952,0.1427762566584577,0.14768708937369712,0.4650518151671047,0.21627959036532798,0.1261465659714759
3.8166666666666664,transition,0.8102621776098422,7.543186180892365,23.311599906104377,-0.004052879689648075,0.02169472779467638,0.7234238353001505,-0.5137031947099159,0.07036488078236015,-0.11827087323414462,0.5503034252330361,-0.3101559033763057,0.2012430849205973,-0.15740826451317344,-1.3947399348578397e-05,-0.11278088357653207,-0.14180784228014812,-0.030860974363792697,0.07414371969649135,0.5849897516733265,-0.3968024248117554,-0.04732738662334711,0.1794065925251317,0.5165442189251822,-0.6749046180337395,-0.16974138398068606,0.42142547680348286,0.015046807973642433,0.14466757489548662,0.16276865959991502,0.46801860359532715,0.18156653152229557,0.1088067423227482
3.825000000000001,transition,0.8199939727783215,7.728758272653935,156.44400852631776,-0.015425910861047474,0.03383862750679625,0.698351518948243,-0.5348005873634214,0.07026952817713562,-0.12504326883725986,0.6147097441718189,-0.3312549482889713,0.18480526982362774,-0.14433421784994452,-0.0007764834669725653,-0.11176798424868657,-0.13331137473447546,-0.031153533593677465,0.07089523829684916,0.6341360005942529,-0.3942069670347906,-0.08618277299997593,0.17658682966562383,0.5097395159655209,-0.6538037009671597,-0.173026546526984,0.3858217095907436,0.013639740312019207,0.1405735808269243,0.16698606256736084,0.4695870122735074,0.1472342728979184,0.09367309863515097
3.833333333333334,transition,0.8294926737222484,7.9077868749479086,21.483432275276826,-0.02707775105607897,0.0462189009268348,0.6727596218905798,-0.556162322706437,0.0701227957560743,-0.13195965653646646,0.6806079681297181,-0.35318541234467593,0.16781720575424003,-0.13110405394326413,-0.0015574544795471444,-0.11070789747251457,-0.12459524969362443,-0.03144852652574292,0.06753611736210473,0.6846240998315163,-0.39152303781168973,-0.12598882405447923,0.17364175235147614,0.5026636857516931,-0.6322606484067587,-0.17631900267752976,0.3493468181694074,0.012196676343857255,0.13632395151160923,0.1712536549740289,0.4711454019147014,0.11214791798643692,0.07804330800123258
3.841666666666667,transition,0.8387526319453685,8.080070696894461,144.65495532096514,-0.04055988971219869,0.054355525139078764,0.6371222418245163,-0.5735200671465571,0.07697793804170319,-0.14527612516664729,0.7479418906038386,-0.37418197381093776,0.15068914112594411,-0.12235815772811283,-0.001937695808023163,-0.11151294650575935,-0.11776619710703637,-0.032139208392409455,0.06314930197904745,0.7334701894223001,-0.3877806558171928,-0.1563286281686414,0.16851424973828666,0.501641010906933,-0.6189804321616161,-0.1730219863841884,0.31771353088724513,0.0104717004296827,0.12892862702299343,0.17318551838286064,0.47291168762849484,0.08164286337634839,0.06666282140484692
3.8499999999999996,transition,0.8477685245466817,8.245409354720405,19.84063893911319,-0.054334035783207814,0.06261151219205141,0.6008037351252657,-0.5910163793599412,0.08393416170768282,-0.1588593712208814,0.8166536352265087,-0.3959303591697264,0.13305076735609805,-0.11357683786732883,-0.0023260127256226797,-0.11231401836748435,-0.1107779850143417,-0.03284032113101799,0.05863831048734789,0.783504970180662,-0.38393388653540894,-0.1873262928222265,0.1632229681063389,0.5004966925275148,-0.6054816059243613,-0.1695856152340481,0.28539501367655856,0.008707956448970603,0.12132139184743408,0.1751095248245752,0.4746705168093925,0.05055807568417061,0.054916720993826953
3.8583333333333325,transition,0.8565353658488436,8.403599959827712,249.49610470387657,-0.052274609649400935,0.07004505490467518,0.5617929305860097,-0.5911865731911117,0.0777158723605088,-0.1668675083895992,0.8866836348917396,-0.4147753601479257,0.1175519057140077,-0.11412985905875181,-0.006695450591876504,-0.1118527479123746,-0.1046675636154762,-0.03172503499785723,0.057920112081188746,0.8248905749876481,-0.3741776039513056,-0.2282008297220533,0.16095089773916288,0.4910741304336866,-0.5784622913827138,-0.16877902536994951,0.26060130219185973,0.009918885070617816,0.1136596524735116,0.1721927044892113,0.4740879657363162,0.011169144322142336,0.04334625077149855
3.866666666666667,transition,0.8650485190265715,8.554492365411752,18.107088670084792,-0.05016252692330915,0.07756559267267836,0.5221232755422615,-0.5911209819445589,0.07132326619704238,-0.17500282299209405,0.9579710712701709,-0.43425724709481517,0.10162823518229701,-0.11484692052530213,-0.011151263149578356,-0.1113613854796762,-0.0984309868983497,-0.030582698966769545,0.057163901142310444,0.8671798804351022,-0.3642086018281322,-0.26986220746934164,0.1585883254802605,0.48137113947224675,-0.5509825622969414,-0.16789508532854427,0.23534213928933037,0.011154053837132093,0.105803170647151,0.16916928839509868,0.4734491286908612,-0.02889978943385739,0.03144317168320556
3.875,transition,0.8733037077350382,8.697935814900767,174.12892359107335,-0.05853850361069666,0.08436435469392287,0.4779405117124211,-0.5902714470090031,0.06312617375175725,-0.19310824216429698,1.0304538697276773,-0.46258745123572065,0.08716080576155816,-0.11657531691460854,-0.009066954473025735,-0.10901020089732423,-0.08908060122736555,-0.033033152067451416,0.0609990776813899,0.9121562929942711,-0.3561544625011133,-0.2994312988561388,0.153510733696915,0.480487969143537,-0.5288861411019751,-0.16694502674831088,0.20265321026881217,0.008365771942080644,0.09893815799063113,0.1711542907341947,0.4764761005864376,-0.06164208657206997,0.02165761637135093
3.883333333333333,transition,0.8812970277382842,8.833784790817045,16.301877109953438,-0.06705872497141964,0.09122296893617364,0.4330968146941745,-0.5891800695357771,0.05473709529598534,-0.2115071313613339,1.104068742984486,-0.49166604757579196,0.072333162160726,-0.11847948102800315,-0.006939821083314875,-0.10659664284697701,-0.0795605116276991,-0.03552492524194098,0.06488271629676122,0.9579927296327188,-0.3479445640597567,-0.3294779868648374,0.1482995268332063,0.47950973753219783,-0.5064837612673636,-0.16592039260362296,0.16941567692067144,0.005525440129095879,0.09191475726872587,0.17313248904679163,0.4795167866733684,-0.09484843192249391,0.01160709451526323
3.8916666666666675,transition,0.8890249585376158,8.96191808491511,277.806411095567,-0.06942958642409754,0.0891180957837758,0.38585891282314755,-0.5889388696287671,0.052542233036848296,-0.24862354774130452,1.178751393692112,-0.5298437884994139,0.061629736283213374,-0.12723860598769512,-0.007753159271433951,-0.10777029221818422,-0.07674578738739368,-0.03239101034128621,0.06619232103392529,0.9955705348504056,-0.35637205801616745,-0.348315398263475,0.1462798311538321,0.4978236178024953,-0.4850072618466154,-0.16845938752793976,0.1366112668598738,0.007350632481268017,0.08713426290934376,0.17464029990959154,0.4832049239241755,-0.12351029236965921,0.0024566466393592078
3.9000000000000004,transition,0.8964843750000004,9.082278305980207,14.443226527811603,-0.0718239910384,0.08691058681142756,0.33800842869095477,-0.5884802813379796,0.05027833957137776,-0.28631038087769417,1.254437046241947,-0.5688537249807266,0.05066966802405666,-0.1362794879241845,-0.008577630559557296,-0.10894748610735408,-0.07389374038029926,-0.029198923384683443,0.0674998356480501,1.0337725214194506,-0.36494045052677393,-0.36738173110643413,0.1441924190585269,0.5163710003253074,-0.4632837519166058,-0.1709877748508007,0.10333329066634166,0.009208042980390019,0.08224885122035633,0.17613080673618248,0.4869127745623701,-0.15249527487321776,-0.006919628818650311
3.908333333333333,transition,0.9036725589864798,9.194751918489859,445.5448100493636,-0.09794667753721419,0.09126247383423579,0.2815054005159381,-0.6011733576258925,0.07566852873692803,-0.3339039582273941,1.3310599788960291,-0.592877664470369,0.03865083608806349,-0.1530855292570397,-0.004388071291445478,-0.10394871278835995,-0.06055681479415115,-0.038743695211692714,0.06418276455993004,1.0684281081713503,-0.37484552460134457,-0.35733898248477514,0.1341098000551941,0.5530859101338461,-0.42967290421888826,-0.1802434308251065,0.08966959068453992,0.006200192713755275,0.07983131907571848,0.1857611579047756,0.4803780162410656,-0.15053964556779273,-0.006222483999421128
3.916666666666666,transition,0.910587210980565,9.299296424370258,12.545340705647945,-0.12445171933038666,0.09561905472460676,0.2243489388604507,-0.6138589730063255,0.10141869461423368,-0.3821442541613493,1.4085541157657813,-0.6174175037934522,0.02638440881432711,-0.17026875348756554,-0.0001313146766926373,-0.09885714916512017,-0.04702759744675242,-0.04843196301988207,0.06079102328093424,1.1035756504253362,-0.38489438756087446,-0.34704379801165586,0.12384261390673933,0.59027695796347,-0.3956735424694993,-0.1895881752060779,0.07589789451450914,0.003146240973181019,0.0773575493867093,0.19549726202611523,0.4737001276644657,-0.1483799316122239,-0.005575177556086014
3.924999999999999,transition,0.9172264617166392,2.620597963952598,801.4438152501192,-0.12530521242970222,0.09626676244632476,0.20909646315303637,-0.613681685700137,0.10384303388846615,-0.3868376671359153,1.430392432132053,-0.6197962743164913,0.02693021305737206,-0.1743805445139552,-0.0019410473204666645,-0.09722254629991904,-0.04496998744727128,-0.04756851696551339,0.06037912379606609,1.108891631494563,-0.38945998208421284,-0.35087409882548426,0.1253570982113245,0.5947100625224636,-0.3840563595225214,-0.19141280861124632,0.0708583665902166,0.003043900364915113,0.07780911157043184,0.19932502914480163,0.46988308409232976,-0.15543249498801157,-0.0026025550640870285
3.9333333333333336,transition,0.9235888838083629,2.6152227696639407,2.934302495077823,-0.1261327337735384,0.09686130777501802,0.19387849240924288,-0.6133006273873459,0.10625322945788829,-0.391480007295425,1.4521859552125858,-0.6223288749053226,0.027433135054893178,-0.1786492451649155,-0.003776389454227272,-0.09555392557271448,-0.042905897275502904,-0.04668285730857709,0.059941579916367844,1.1142167196170603,-0.39407347870152853,-0.35467223545306165,0.12687216017317474,0.5990935896268217,-0.37242455907161826,-0.19320543404941684,0.0658557971400324,0.0029425289310381093,0.07825069870171993,0.203158620153114,0.46597756995864326,-0.16241964739173181,0.0003534600542081795
3.9416666666666664,transition,0.9296735033770677,0.7132650950636421,228.23492095203585,-0.1267586446289173,0.09788003134405357,0.18967581569514022,-0.6165694125675524,0.10706205333199592,-0.3934302575302664,1.4581298310047828,-0.6203974267442851,0.028260439313106112,-0.17708061746855092,-0.0037922282716541687,-0.09571656605435236,-0.04251990012433093,-0.04683769884371947,0.06025993772836566,1.1153379210073486,-0.39438540981431847,-0.3561095268925752,0.12722436374444698,0.6009578322039042,-0.36988847100450745,-0.19416109698540956,0.06405187083741937,0.0029023384207510763,0.07852075421160667,0.20397786435262164,0.466503742965283,-0.16516665346758871,0.001333121518852079
3.950000000000001,transition,0.9354798116801702,0.6806402597595618,3.91498023648964,-0.12735592624292005,0.09885215836870442,0.18566536994338645,-0.6196886831018205,0.10783388150020765,-0.395291303073677,1.4638018331694458,-0.6185543232654539,0.02904990257032606,-0.17558373900063098,-0.003807342619576613,-0.09587176733987095,-0.0421515585314808,-0.04698545790753779,0.06056373381393653,1.1164078385047982,-0.3946830731587128,-0.3574810764405778,0.12756045747999925,0.6027368040906571,-0.3674683839250782,-0.19507304777831727,0.062330456351143315,0.0028639862294677016,0.07877845734845011,0.20475963621923676,0.4670058487523129,-0.16778801113947295,0.0022679731446871455
3.958333333333334,transition,0.9410077767395632,0.648011675845126,3.9154300697322952,-0.12792457532603205,0.09977768349500371,0.18184717724141788,-0.6226584218108404,0.10856870971169787,-0.397063133675992,1.4692019304681552,-0.6167995746196783,0.029801520478602544,-0.17415861800517893,-0.0038217324147526866,-0.09601952857450281,-0.041800874525585244,-0.04712613368625243,0.060852966499930626,1.1174264662168634,-0.39496646709533767,-0.3587868765432926,0.12788043952880315,0.6044304954894341,-0.36516431116190357,-0.19594128140559225,0.06069156316185434,0.002827472568411784,0.07902380669295618,0.20550393144736923,0.46748388455439666,-0.17028370597031828,0.0031580097830398637
3.966666666666667,transition,0.9462578549700253,0.6154365948205687,3.9090097229468768,-0.12846463882859452,0.10065668313865618,0.17822092234129805,-0.625478873890199,0.10926659863733772,-0.3987458956278742,1.4743305687583266,-0.6151330359266624,0.030515355095042995,-0.17280513681750678,-0.0038353988452715167,-0.09615986195811001,-0.041467819152524385,-0.04725973779471692,0.061127659666758,1.118393888246236,-0.3952356150225286,-0.36002703501371375,0.12818433631008067,0.6060390462393579,-0.36297606247990616,-0.19676586955268377,0.05913505595482729,0.0027927944228438376,0.07925682250232004,0.20621081148953146,0.46793788984041734,-0.17265394401642076,0.004003304919518627
3.9749999999999996,transition,0.9512310028076164,0.5829736313161327,3.8955556205323205,-0.12897621513699056,0.10148931743193389,0.17478594462792837,-0.6281505531573965,0.10992767541544868,-0.40033989548746235,1.4791886823526277,-0.6135544035837486,0.031191536462884424,-0.1715230488663908,-0.003848344400823043,-0.09629279305600845,-0.041152331737741625,-0.04738629457233755,0.06138786335680631,1.1193102808335877,-0.39549056597246585,-0.36120177777843293,0.12847220318640493,0.6075627493790987,-0.3609032392336079,-0.1975469624394178,0.05766065117245512,0.002759945475252495,0.07947754722633245,0.2068804051220069,0.4683679473190522,-0.17489915707727696,0.004804012546257271
3.9833333333333325,transition,0.9559286883380883,0.550682763094148,3.8749041866381617,-0.12945945526983338,0.10227583217057476,0.17154123008724695,-0.6306742482988738,0.11055213519755869,-0.4018456038075249,1.4837777053784122,-0.6120632115746986,0.03183026419256761,-0.1703119756762426,-0.0038605729029678303,-0.0964183611097926,-0.04085431914855851,-0.047505841378993406,0.06163365438285943,1.1201759145003158,-0.3957313952073113,-0.3623114516244694,0.12874412513680195,0.6090020547096561,-0.358945229520372,-0.19828479064637952,0.056267913566737104,0.0027289160285457934,0.07968604602348721,0.20751291001052027,0.4687741839443509,-0.1770200079454305,0.005560369034161447
3.991666666666667,transition,0.9603529029252758,9.569728153498955,1088.2487292276692,-0.1175464231645628,0.036584022300155374,0.093059460558432,-0.5576251150217628,0.10142852924537901,-0.32783771614659657,1.5635254399909035,-0.6860847991152342,0.10785775175881825,-0.24459734658529572,-0.0049357697525509395,-0.021110680209743157,0.023402148260164107,-0.02475942299795551,0.05050455722034633,1.1838708224695038,-0.444430158524163,-0.34312217411854873,0.1491807775637516,0.5926752742819411,-0.2816752606176448,-0.23369928025174466,-0.02046968638664326,0.012245652676810556,0.09171370883859373,0.28353452268154167,0.39373082920530067,-0.2055988284021568,0.0699305370294198
4.0,transition,0.964506172839506,9.616267865585693,11.490908912909816,-0.10549854897365066,-0.029727756741376208,0.014112437922898584,-0.48377800195903314,0.09218490568714006,-0.25309059081346164,1.643661005537451,-0.7608447298407555,0.18450079406439152,-0.31960496173044783,-0.006019462023597256,0.05485663707885475,0.08819478397246125,-0.0018083930996830185,0.03926302081571868,1.2480596795126242,-0.4935342594981193,-0.32369384974425214,0.1697762976343065,0.5761125377482837,-0.2038658281535279,-0.26937152084285093,-0.09777935262033594,0.021846746665103656,0.10383167348940062,0.3601720632502326,0.31801165014873317,-0.2342852414298204,0.13480768849452332
4.008333333333335,transition,0.9683915708860009,9.655580208601053,1055.3510623894567,-0.11038710935398252,-0.04148308292593611,-0.06523883900782111,-0.4391463445757376,0.06982818321614528,-0.17766832853131484,1.7241241739424598,-0.7957907142520899,0.26169669308413357,-0.3399532453063671,0.0013390060313427658,0.11101666399845721,0.10550014521742672,-0.0011976995501308439,0.04608124991822782,1.252807006847965,-0.47697435049638714,-0.3137627902437278,0.1551579513246392,0.5601562579213588,-0.12557876719703592,-0.2776243390266477,-0.12556261820014292,0.022494476075249167,0.10752826541898972,0.4093983507080639,0.3155807393136557,-0.22120299378217226,0.12884483587221965
4.0166666666666675,transition,0.9720127280332733,9.687881171835624,8.812771560286876,-0.11528962075102833,-0.05333485159675154,-0.14493490842995876,-0.39406940527687045,0.0472712127555297,-0.10163406822414812,1.80485651704109,-0.8310450802496565,0.3393839673868168,-0.3604832204731744,0.008753919087876256,0.16755847096321796,0.12287724447793319,-0.0005889375407672258,0.05294206747434198,1.2574975005261724,-0.46024595137288543,-0.30370053655880697,0.1404009602967763,0.5440015258448025,-0.0468745376600677,-0.2858716042702452,-0.15342063295490554,0.02314315435744881,0.11123225877856258,0.4589072544859032,0.31315238536095097,-0.2078742713235669,0.12275126833385737
4.025,transition,0.9753738450415347,9.713401283853829,1117.5472836733566,-0.11443617090453512,-0.0580098028071258,-0.20740903943667865,-0.4265999162330975,0.013153270286746467,-0.025049770620770333,1.8858015277398719,-0.8655337237782159,0.40594262479451443,-0.36380807578136626,0.015452023188331077,0.18455992345888644,0.14263300156339528,-0.0011728856156583332,0.06549004624067319,1.2612660839822443,-0.4476588985334237,-0.30921900291416154,0.13064368313467184,0.5187814360178107,0.030335509355806606,-0.28646632394083904,-0.17827374931447063,0.02661474841631574,0.11322547713020774,0.47596659720469514,0.3130010914398791,-0.2110603492118817,0.10568014029541366
4.033333333333333,transition,0.9784797040910942,9.732385947468991,7.048672551133421,-0.11355333016848239,-0.06271578948134453,-0.2700030455645898,-0.4592587741161872,-0.021200110536251496,0.05202401813199173,1.9669047439687801,-0.9002660497163028,0.4728006019258258,-0.3671701214627245,0.02218990413677356,0.20160178778427154,0.16245072535728908,-0.001766982431407672,0.07810617899727518,1.2649693287824832,-0.43495937306910987,-0.3147250542164253,0.12080519162982428,0.493335868647766,0.10783504378967997,-0.28699716703357114,-0.20314480904973906,0.030104436379635335,0.1152103270754813,0.49302642408359293,0.31286962886319575,-0.21413509813326545,0.08842313049317126
4.041666666666666,transition,0.981335680410761,9.300523778280606,1180.2191013655472,-0.1160676862605338,-0.07338051804900016,-0.2506373918754491,-0.49037379447266033,-0.05877819751012128,0.12952838295099678,2.0312922314268924,-0.9295767411781466,0.5281162871445889,-0.38166476170585617,0.026908981363479464,0.2151919342370966,0.17577885900283138,-0.00222969693145513,0.08891138855673038,1.2613493132343996,-0.41973853789318655,-0.3252226598598761,0.11450624346766185,0.4728604654552792,0.11948306488725677,-0.2913300247277503,-0.21345576376473663,0.03167899451187793,0.11843966183025911,0.5064707819226504,0.3125793204410813,-0.2230020366374785,0.0680467770030383
4.049999999999999,transition,0.9839477539062494,9.34534982651053,5.685955979164703,-0.11857360748433615,-0.08410070376271504,-0.2308768801321997,-0.5215638288213993,-0.09655509019466986,0.20740629817191786,2.0956473890655607,-0.959047562253545,0.5835752859379678,-0.3962496939129778,0.03164694309023728,0.22878227684350333,0.1891080357140707,-0.002700544803218475,0.09975651324771201,1.2576250397323745,-0.40441328030465223,-0.33572898520469596,0.10816121255811594,0.45222910398115335,0.13096398095694844,-0.2956226696778684,-0.22367786731501804,0.03325635582172025,0.12166554598388751,0.519877022836226,0.31230689016047114,-0.23179205326414348,0.047499243724359874
4.058333333333334,transition,0.986322520788575,7.862107208282978,1214.3238597396191,-0.13539888097411162,-0.11249154884081798,-0.20091808330707078,-0.5640289693986719,-0.14338013107528222,0.2729238582409427,2.0756745008889776,-0.9816828689099123,0.6349432293575902,-0.40515824580566173,0.04039949775945465,0.24351483533894408,0.20291881786010918,0.0023317757379610385,0.10329341013771434,1.2426908979058386,-0.3941636296985887,-0.329478398717648,0.11318047517300463,0.42278253817058803,0.15432624752307014,-0.30806096904187635,-0.2239398237943137,0.03156551241827661,0.1268363057119008,0.530202119959308,0.3128357097501087,-0.2249617267833342,0.04509991115944995
4.066666666666666,transition,0.9884672052024591,7.887416864076108,6.689086624517415,-0.1522759512589779,-0.14099943574387563,-0.17056933797448123,-0.6065799681944758,-0.1903892663253406,0.3386523321082436,2.0552370928079142,-1.0044059742334648,0.686368057313234,-0.4141105785818293,0.04918204834133971,0.2582382349673946,0.21671865697924958,0.007380977459318127,0.10682415335281063,1.2276151881060247,-0.3838552803986684,-0.32315192303206697,0.11821308256335747,0.3931746575573514,0.17757304763549278,-0.3204928938942349,-0.22406527429693443,0.02986139970994483,0.13200891428996,0.5404644102525865,0.3133848319525206,-0.21798285245077773,0.04264229567322993
4.075000000000001,transition,0.9903896708547335,6.401172389861487,535.0701646863894,-0.15290979064379262,-0.15353018457525475,-0.13582164576794034,-0.6287953389638259,-0.20783974875444336,0.3672231556501008,2.0219918854503396,-1.0279755510529283,0.7397111605620798,-0.4244749708137543,0.0554958614102265,0.26648647869515113,0.22893239176760924,0.003329687576128831,0.10548412188651127,1.2126375863033951,-0.37053813217376247,-0.3290174658603466,0.11717398681158686,0.3851785740501785,0.17716892842147997,-0.31524242269596925,-0.225958192194633,0.031918453199316625,0.1390820302597549,0.5466639969796652,0.32930969825830825,-0.22629501135633506,0.03608855180081977
4.083333333333334,transition,0.9920984326427383,6.402282997242934,6.482006296016607,-0.15351881169772919,-0.16608562087223463,-0.10073061228943626,-0.6509783244473415,-0.22531169010699162,0.3957957734640722,1.9882965387666527,-1.0516066422567842,0.7930635188724375,-0.4348757161906697,0.06182018879858461,0.2746898538381587,0.24111733942874355,-0.00074239401668256,0.10411825148699151,1.1975452059545257,-0.35716678361851617,-0.3348616435936102,0.11612131868657623,0.37713772217777997,0.17655499117493004,-0.30991312504807716,-0.22773197946643958,0.033977960657922586,0.1461584327238298,0.5527820687372798,0.34530569762378405,-0.2345305360347121,0.029469619204847673
4.091666666666667,transition,0.9936026682827293,3.891331221774772,325.7263628043134,-0.16524060365622853,-0.17819072362413715,-0.07832704623111143,-0.6685352846721935,-0.2392692795236703,0.40457161819162324,1.9705874469369349,-1.0526178471547851,0.825491279053894,-0.4407511735710423,0.0735553157316613,0.28092155938564467,0.24479168776744872,-0.001219002093086623,0.10953999465961622,1.190486521533325,-0.34212748112979763,-0.3252786725719286,0.12313828926360253,0.36675395792391163,0.18207543644548232,-0.31589504953521086,-0.22628837027842505,0.0326079657558394,0.14946035644982528,0.5586885661219084,0.3551419150813602,-0.22445639747700766,0.03964704068493783
4.1,transition,0.9949122299382717,3.8801760833376164,4.817486094661305,-0.17696878831936183,-0.19030606330623548,-0.05567770739893339,-0.6860315776237842,-0.25322184136085624,0.41327223809684605,1.9525438074617545,-1.0536043485022943,0.8578260797483741,-0.446638489905946,0.08530872755225709,0.28710053355004034,0.24840712305039805,-0.001701358913281036,0.11495750151399631,1.1833585897477827,-0.327046444620161,-0.3156307257056512,0.13016520495426606,0.3563306049327366,0.1874234401132268,-0.32184030104933,-0.2247273340098342,0.031229363366946927,0.15274917998316664,0.5645156733879969,0.36501223043851944,-0.2142577644270115,0.04981568273437861
4.1083333333333325,transition,0.9960376558486488,7.803290052090264,610.2443270674679,-0.17686062426592508,-0.20363912387045147,0.009349709701818809,-0.7050634836298455,-0.28218439583114036,0.4179018789862093,1.8959115234004782,-1.085006902616399,0.9187731366217206,-0.47002734821379183,0.08648645439080963,0.27570354156296795,0.2622047068275968,-0.0015650603932885856,0.1029794444151555,1.1584955543651323,-0.32623722559239193,-0.31964964401611606,0.13611166208503586,0.35980378974729604,0.17540826263460177,-0.32544544419930316,-0.202821177483839,0.03526060737063086,0.15876942515301468,0.5677762801391685,0.3701764279692933,-0.22673566442857573,0.03958754246553317
4.116666666666665,transition,0.9969901819572646,7.836952927349573,5.113406176952395,-0.17672657767390204,-0.21697435167236193,0.07465765076306526,-0.7240317531353251,-0.31116069765267373,0.4224508662441667,1.8389241416880246,-1.116445219951268,0.9796685027335065,-0.4934556823871609,0.08765118992034285,0.26422176791315405,0.27596714529678146,-0.0014322802990172994,0.09096029535590211,1.133542736835648,-0.32542989154724505,-0.32364473225735507,0.14205949196129425,0.36327654232142237,0.1632038837402492,-0.32900932659010396,-0.18077381736932574,0.03929565803350465,0.1647808645797701,0.5709577230598523,0.37535421469409413,-0.2391549592690062,0.029304974627552403
4.125,transition,0.9977817535400391,7.6490788574783775,245.2917144315114,-0.18277437565070542,-0.23254385361305907,0.13406847267060584,-0.7310064529015818,-0.32371972745585254,0.4112675233284051,1.7751818178757048,-1.1380813227374347,1.0241829527463295,-0.5264928234009858,0.08093192635975743,0.24873817830744827,0.2791706674150163,-0.00244457007736143,0.08571232070891455,1.1149507061375061,-0.32759481906958854,-0.3129877391909872,0.15054227993844904,0.38161376844067263,0.15326158683336644,-0.3339328742080454,-0.15128081822325612,0.042095196106521016,0.16950612311381974,0.5716927591842591,0.3725955515394048,-0.23454010727391505,0.023806863337867412
4.133333333333335,transition,0.9984250368338163,7.6821202435167635,3.9649663246063227,-0.18880815173214968,-0.24810958911334005,0.1936692833500723,-0.737899256499098,-0.3362508257148362,0.399992229367474,1.7111641491797318,-1.1597152309180798,1.0685933879981415,-0.5595610465744445,0.07419066668249567,0.2331844261292278,0.2823217616101437,-0.003461421847501284,0.08044570431405469,1.096306320813373,-0.3297657272906915,-0.3022889786756712,0.15902572505996343,0.3999675767472476,0.1431686037991742,-0.3388207081679025,-0.12167183285454093,0.044893817080565536,0.17421837685154584,0.572355038424863,0.36983497173649404,-0.22984536758817606,0.01827505892647522
4.1416666666666675,transition,0.9989334306647628,9.161480314498744,396.357528501596,-0.18540476948220158,-0.25440363258719634,0.2384926897276156,-0.7231753941635196,-0.3382895627417251,0.37145502861620744,1.6348184798922423,-1.1781463180862948,1.0854789948817871,-0.5939764592234551,0.06253878186145823,0.2149244145699848,0.2780722211408015,-0.009958934455434821,0.06557217278473759,1.069657420637078,-0.3388085849359859,-0.3026070642665929,0.15212351131465002,0.4383627905427287,0.12543100537804006,-0.3327584067298795,-0.09824235798484136,0.0465568756425528,0.1830985276542123,0.5672845114776247,0.37354957973173664,-0.2343552946335802,0.010832823721487413
4.15,transition,0.9993210780767737,9.185497695684033,2.882085742234608,-0.18197959890523288,-0.2606794371096843,0.28342831101099975,-0.7083648445565786,-0.34029111809912915,0.3428355962291055,1.558272665761542,-1.1965620794780314,1.1022361443843334,-0.6284012551808653,0.050868678102736854,0.19661333985600238,0.27377281301280554,-0.016463882114158255,0.05067873909398356,1.0429692423609078,-0.3478604888968232,-0.30290528177934933,0.14520556767321274,0.47677765997116084,0.1075703899468293,-0.3266561616519311,-0.07473872278319184,0.048216878819378466,0.19196893805703288,0.5621501657155646,0.3772690155443275,-0.23880994918192566,0.003364596152011872
4.158333333333333,transition,0.999602877959872,8.0892594573164,263.3156636315905,-0.18300893351438766,-0.26121050288128916,0.32282206439871375,-0.6979423604224888,-0.338680428986815,0.3073471341222449,1.4908621702839053,-1.2078912956263252,1.1182368110955538,-0.6566052032286416,0.04638784258910853,0.182816305171319,0.2643455606848823,-0.023314061140695643,0.04556330262752792,1.009701149284645,-0.34129769658042464,-0.2879766465306264,0.14543894918227845,0.5133673721171881,0.09961892031254879,-0.3309224078541453,-0.04954794683586539,0.04711929485289258,0.20009506675817246,0.5538502755448107,0.3858952478919394,-0.2249787937558551,0.01288905857507336
4.166666666666666,transition,0.9997944966786052,8.103278678327008,1.6823065212729915,-0.18402503298854206,-0.26172340961858126,0.3622804969539104,-0.6874624619637235,-0.3370398991386107,0.27180543695845066,1.4233348479645136,-1.2191994616022417,1.1341352764837052,-0.6848009013822234,0.04190056917722612,0.1689897989888334,0.25488075844557073,-0.0301674732011277,0.04044237577955354,0.9764113026433975,-0.33473228558544393,-0.2730272236185753,0.14566593348197127,0.5499565967694225,0.09158626094636566,-0.33516512602475157,-0.024310074214867687,0.046017754434146775,0.20821033278571685,0.5455034731850152,0.3945255861800117,-0.21109774533065412,0.022403465774041578
4.174999999999999,transition,0.9999123797004608,8.65040445480532,199.42858921923374,-0.18227781549374697,-0.2617647706608264,0.39687460158772586,-0.6703470161593987,-0.3330963005061156,0.23497331004632255,1.3512481441744693,-1.2196474590076647,1.1361845342871875,-0.7103097692490385,0.03545825800702424,0.1519528580416399,0.2411385043662155,-0.035768851130956854,0.03454361009951728,0.9512002144351361,-0.3323023738745342,-0.2548179067038639,0.14843196913854545,0.5886351680254606,0.084030032111236,-0.34478329990230183,0.001388265144797607,0.04933769692312849,0.21439496175125156,0.5386936600795679,0.3954357676971696,-0.19500433418101842,0.03590191878589362
4.183333333333334,transition,0.9999737632242522,8.657376386362197,0.9976968005066311,-0.18052175563090817,-0.26179463808087067,0.43149949380826874,-0.6531972901451688,-0.32913410004045557,0.19811590163208534,1.2791033409547843,-1.22007834489875,1.1381645075906346,-0.7358065578364087,0.029012707982481647,0.1349002673119116,0.2273744036976392,-0.04137051805252544,0.02864249085664014,0.9259842600242161,-0.3298728417323711,-0.23659863707385423,0.15119424524508238,0.6273052703347679,0.076424879815016,-0.3543864306772441,0.027110334165975178,0.05265595701193965,0.2205706720138651,0.5318565708682732,0.396345555431984,-0.1788826260810764,0.04939237716394878
4.191666666666666,transition,0.9999966858085351,9.422730545982603,209.06823843157022,-0.17408451742075257,-0.2617993149413209,0.4529261926938149,-0.6372854755944131,-0.3162911732033738,0.16533674296416367,1.2005805864049293,-1.2089159301182721,1.1343629043583834,-0.7486453977658479,0.024397136920394025,0.11921839002887775,0.2109680846925351,-0.044369645968310535,0.00822274394490396,0.9018426147507825,-0.3318689659866057,-0.21522314089607947,0.15585270023240383,0.6638455787490921,0.060743027023912106,-0.3641845838548657,0.05304018037243243,0.05394834298660676,0.22398946387747415,0.5258011904732642,0.3972564268225345,-0.1606094488995015,0.0613520757801753
4.200000000000001,action_b,1.0,9.424523044983113,0.349459849115874,-0.16764432191848755,-0.26179999113082886,0.4743608832359314,-0.6213630437850952,-0.3034420311450958,0.13255161046981812,1.1220428943634033,-1.1977473497390747,1.1305370330810547,-0.7614781260490417,0.01978093944489956,0.10353238135576248,0.19455522298812866,-0.04736843705177307,-0.012197471223771572,0.8777011632919312,-0.3338654339313507,-0.19384552538394928,0.16050966084003448,0.7003800272941589,0.04504472017288208,-0.37397679686546326,0.07897632569074631,0.055239878594875336,0.22740469872951508,0.5197368860244751,0.39816710352897644,-0.14232763648033142,0.07330797612667084
4.208333333333334,action_b,1.0,9.424781799316406,231.69163046680302,-0.15533828735351562,-0.26179826259613037,0.49317675828933716,-0.5901190638542175,-0.287797749042511,0.10302933305501938,1.0435030460357666,-1.1704890727996826,1.1193115711212158,-0.7594645619392395,0.016310248523950577,0.08772847056388855,0.1760949194431305,-0.049525901675224304,-0.030195146799087524,0.8519641160964966,-0.3235183358192444,-0.1752818524837494,0.1658642292022705,0.7283672094345093,0.033122800290584564,-0.38263553380966187,0.09660467505455017,0.05493447929620743,0.23067206144332886,0.5079760551452637,0.39943796396255493,-0.12858471274375916,0.08888302743434906
4.216666666666667,action_b,1.0,9.424781799316406,0.00171661376953125,-0.1430322676897049,-0.2617965638637543,0.5119926333427429,-0.5588750839233398,-0.27215346693992615,0.07350705564022064,0.9649631977081299,-1.1432307958602905,1.1080862283706665,-0.7574509978294373,0.012839555740356445,0.07192456722259521,0.15763463079929352,-0.05168336257338524,-0.0481928214430809,0.8262271285057068,-0.3131712079048157,-0.1567181795835495,0.17121878266334534,0.7563544511795044,0.0212008785456419,-0.3912942707538605,0.11423301696777344,0.05462908372282982,0.23393940925598145,0.49621516466140747,0.4007088541984558,-0.11484180390834808,0.10445807129144669
4.225,action_b,1.0,8.402252197265625,496.3125228881836,-0.13084836304187775,-0.26148608326911926,0.5465681552886963,-0.5406872034072876,-0.2569989562034607,0.052730828523635864,0.894944429397583,-1.116162657737732,1.0901846885681152,-0.7481024265289307,0.013059877790510654,0.05841650068759918,0.13984279334545135,-0.054186202585697174,-0.05671408399939537,0.8349562883377075,-0.2976768910884857,-0.14877861738204956,0.17577508091926575,0.7715144157409668,0.008176944218575954,-0.39385467767715454,0.1262817233800888,0.056311819702386856,0.23049113154411316,0.49178969860076904,0.3996357321739197,-0.09975054115056992,0.12113602459430695
4.2333333333333325,action_b,1.0,8.402252197265625,0.00171661376953125,-0.11866445094347,-0.26117560267448425,0.5811437368392944,-0.5224992632865906,-0.24184446036815643,0.031954601407051086,0.8249256610870361,-1.0890945196151733,1.0722830295562744,-0.7387537956237793,0.013280199840664864,0.04490843042731285,0.12205096334218979,-0.05668903887271881,-0.06523534655570984,0.843685507774353,-0.28218257427215576,-0.14083907008171082,0.18033137917518616,0.786674439907074,-0.004846989642828703,-0.3964150846004486,0.13833042979240417,0.05799455568194389,0.22704285383224487,0.4873642325401306,0.39856263995170593,-0.08465927839279175,0.1378139853477478
4.241666666666665,action_b,1.0,6.785838603973389,233.05091857910156,-0.10816530138254166,-0.2543618679046631,0.6273584365844727,-0.5204954147338867,-0.22275784611701965,0.012528066523373127,0.7683770060539246,-1.071495771408081,1.05418062210083,-0.7321229577064514,0.01708809845149517,0.036005858331918716,0.10926853865385056,-0.05955090373754501,-0.0707530528306961,0.8506048917770386,-0.26589488983154297,-0.13502004742622375,0.18204832077026367,0.7923966646194458,-0.027570169419050217,-0.3967055678367615,0.1540912538766861,0.05635704845190048,0.22097989916801453,0.4789121150970459,0.3921131491661072,-0.06897305697202682,0.15117576718330383
4.25,action_b,1.0,6.785838603973389,0.00171661376953125,-0.09766615182161331,-0.2475481480360031,0.6735731363296509,-0.5184915065765381,-0.20367121696472168,-0.006898467894643545,0.711828351020813,-1.0538969039916992,1.0360783338546753,-0.7254921197891235,0.020895997062325478,0.02710328809916973,0.09648611396551132,-0.062412768602371216,-0.07627076655626297,0.8575243353843689,-0.24960722029209137,-0.1292010396718979,0.18376524746418,0.7981189489364624,-0.05029334872961044,-0.39699608087539673,0.16985207796096802,0.05471954122185707,0.21491694450378418,0.47046002745628357,0.38566362857818604,-0.0532868318259716,0.16453753411769867
4.258333333333335,action_b,1.0,6.785845756530762,273.0282783508301,-0.09854118525981903,-0.24003827571868896,0.7068759799003601,-0.5174201726913452,-0.18273130059242249,-0.030028916895389557,0.6552796363830566,-1.0258715152740479,1.0195914506912231,-0.7133511900901794,0.015803523361682892,0.016818972304463387,0.08169525861740112,-0.0673442929983139,-0.08196505904197693,0.8599082827568054,-0.23470661044120789,-0.12204626202583313,0.18263640999794006,0.7848809361457825,-0.06352514773607254,-0.4070655107498169,0.18870794773101807,0.05137547105550766,0.21285851299762726,0.4681016802787781,0.36459803581237793,-0.038134172558784485,0.18341872096061707
4.2666666666666675,action_b,1.0,6.785838603973389,0.00171661376953125,-0.09941621124744415,-0.23252838850021362,0.7401788234710693,-0.5163487792015076,-0.1617913842201233,-0.05315936729311943,0.5987309813499451,-0.9978460073471069,1.003104567527771,-0.7012102603912354,0.010711047798395157,0.006534657906740904,0.06690441071987152,-0.072275809943676,-0.08765935897827148,0.8622922301292419,-0.2198060005903244,-0.11489149183034897,0.18150758743286133,0.7716429233551025,-0.07675694674253464,-0.41713497042655945,0.2075638324022293,0.04803139716386795,0.21080008149147034,0.46574336290359497,0.3435324430465698,-0.022981515154242516,0.20229990780353546
4.275,action_b,1.0,6.785838603973389,288.240909576416,-0.08990228921175003,-0.20993098616600037,0.7694782614707947,-0.5176384449005127,-0.1308908462524414,-0.06650670617818832,0.5421823263168335,-0.9774801731109619,0.9831973314285278,-0.6846074461936951,0.00732987467199564,0.0022450753021985292,0.05738139897584915,-0.06924895197153091,-0.09296013414859772,0.8551598191261292,-0.19414764642715454,-0.09696613252162933,0.16569244861602783,0.738388180732727,-0.09317656606435776,-0.4182097911834717,0.2177163064479828,0.04543785750865936,0.20968391001224518,0.4573194086551666,0.3323439955711365,0.0034865597262978554,0.2060118019580841
4.283333333333333,action_b,1.0,6.785838603973389,0.000858306884765625,-0.08038836717605591,-0.1873335838317871,0.79877769947052,-0.5189281105995178,-0.09999032318592072,-0.07985404133796692,0.4856336712837219,-0.9571143984794617,0.9632900357246399,-0.6680046319961548,0.00394870201125741,-0.0020445073023438454,0.047858383506536484,-0.06622209399938583,-0.09826090931892395,0.8480274081230164,-0.16848930716514587,-0.0790407657623291,0.14987732470035553,0.7051334381103516,-0.10959618538618088,-0.4192846119403839,0.22786879539489746,0.042844317853450775,0.20856773853302002,0.4488954544067383,0.3211555480957031,0.029954634606838226,0.20972369611263275
4.291666666666666,action_b,1.0,5.654869079589844,176.55115127563477,-0.07547611743211746,-0.16329587996006012,0.8158166408538818,-0.5238426923751831,-0.0687769204378128,-0.08830325305461884,0.4385097622871399,-0.9287599325180054,0.9458130598068237,-0.6509764194488525,0.002177122514694929,-0.008141700178384781,0.035921674221754074,-0.06314791738986969,-0.09770721197128296,0.8317378759384155,-0.1453162133693695,-0.054023973643779755,0.13444945216178894,0.6793575286865234,-0.1190209686756134,-0.419588178396225,0.23770084977149963,0.037749044597148895,0.2045224905014038,0.4372451901435852,0.3085300624370575,0.05641992762684822,0.20988725125789642
4.299999999999999,action_b,1.0,5.654865503311157,0.000858306884765625,-0.07056386768817902,-0.13925817608833313,0.8328555822372437,-0.5287572145462036,-0.03756352514028549,-0.09675245732069016,0.39138588309288025,-0.9004055261611938,0.9283361434936523,-0.6339482665061951,0.0004055429308209568,-0.014238893054425716,0.023984964936971664,-0.060073740780353546,-0.09715350717306137,0.8154483437538147,-0.12214310467243195,-0.029007181525230408,0.11902157962322235,0.6535815596580505,-0.12844574451446533,-0.41989174485206604,0.2475329041481018,0.03265376761555672,0.2004772275686264,0.42559489607810974,0.29590457677841187,0.08288522064685822,0.2100508064031601
4.308333333333334,action_b,1.0,6.785842180252075,147.15328216552734,-0.06500224769115448,-0.11899036169052124,0.8444783091545105,-0.5245046615600586,-0.013935653492808342,-0.0971568152308464,0.3348371982574463,-0.8685305714607239,0.9070106744766235,-0.606701135635376,-0.0013457746244966984,-0.0170388612896204,0.014619053341448307,-0.0538998618721962,-0.09175491333007812,0.7967100143432617,-0.09663473069667816,-0.0006146794185042381,0.10643643885850906,0.6314094066619873,-0.1472952961921692,-0.42070987820625305,0.2616322934627533,0.03223695605993271,0.20023810863494873,0.41490626335144043,0.2919626832008362,0.10525205731391907,0.20723098516464233
4.316666666666666,action_b,1.0,6.785838603973389,0.000858306884765625,-0.059440627694129944,-0.09872253984212875,0.8561010360717773,-0.5202521085739136,0.009692219085991383,-0.09756117314100266,0.2782885432243347,-0.8366556167602539,0.8856852054595947,-0.5794539451599121,-0.003097092267125845,-0.019838828593492508,0.005253141280263662,-0.04772598296403885,-0.08635631203651428,0.7779717445373535,-0.07112634927034378,0.02777782268822193,0.09385129809379578,0.6092372536659241,-0.16614484786987305,-0.42152801156044006,0.2757316827774048,0.0318201445043087,0.19999898970127106,0.4042176604270935,0.2880207598209381,0.12761889398097992,0.20441116392612457
4.325000000000001,action_b,1.0,6.785840392112732,196.36387825012207,-0.05264429748058319,-0.0806104987859726,0.8616315126419067,-0.5142443776130676,0.020838046446442604,-0.08605151623487473,0.22173987329006195,-0.8049969673156738,0.8608708381652832,-0.5457785129547119,-0.0037189903669059277,-0.023487068712711334,-0.0038967642467468977,-0.042625464498996735,-0.07355304062366486,0.7610474824905396,-0.05415411293506622,0.05047691613435745,0.08839599043130875,0.5975490808486938,-0.1849943995475769,-0.4173610806465149,0.27942830324172974,0.03138455003499985,0.19885224103927612,0.39136242866516113,0.28726881742477417,0.13634935021400452,0.20580127835273743
4.333333333333334,action_b,1.0,6.785840392112732,0.000858306884765625,-0.045847970992326736,-0.06249845400452614,0.8671619296073914,-0.5082366466522217,0.0319838747382164,-0.0745418593287468,0.16519120335578918,-0.773338258266449,0.8360565304756165,-0.5121030211448669,-0.00434088846668601,-0.02713531069457531,-0.013046669773757458,-0.03752494975924492,-0.06074977293610573,0.7441231608390808,-0.037181880325078964,0.07317601144313812,0.08294068276882172,0.5858608484268188,-0.20384396612644196,-0.4131941497325897,0.2831249237060547,0.030948957428336143,0.19770550727844238,0.37850716710090637,0.2865169048309326,0.1450798064470291,0.20719139277935028
4.341666666666667,action_b,1.0,6.78583949804306,149.56684112548828,-0.031216230243444443,-0.047565214335918427,0.883078932762146,-0.4929829239845276,0.0372539758682251,-0.059548307210206985,0.10864254087209702,-0.7408574819564819,0.803897500038147,-0.477264940738678,-0.0037235859781503677,-0.030813254415988922,-0.019846510142087936,-0.032047417014837265,-0.047686316072940826,0.728949248790741,-0.021479083225131035,0.09036409109830856,0.08302129805088043,0.573818564414978,-0.2226935178041458,-0.40351492166519165,0.2877237796783447,0.02968471869826317,0.19439873099327087,0.3638961613178253,0.2903885841369629,0.15094596147537231,0.21016517281532288
4.35,action_b,1.0,6.785839945077896,0.000858306884765625,-0.01658448949456215,-0.032631970942020416,0.8989958763122559,-0.4777291715145111,0.0425240732729435,-0.044554755091667175,0.05209387466311455,-0.7083766460418701,0.7717384696006775,-0.4424268901348114,-0.0031062837224453688,-0.034491200000047684,-0.02664634957909584,-0.02656988613307476,-0.034622855484485626,0.7137753367424011,-0.005776287522166967,0.107552170753479,0.08310191333293915,0.5617762207984924,-0.24154306948184967,-0.39383572340011597,0.29232266545295715,0.028420481830835342,0.19109193980693817,0.34928515553474426,0.2942602336406708,0.15681211650371552,0.21313895285129547
4.3583333333333325,action_b,1.0,5.279481410980225,575.621634721756,-0.009089682251214981,-0.025315064936876297,0.9254327416419983,-0.47819000482559204,0.04174891114234924,-0.038265012204647064,0.03551893308758736,-0.674475908279419,0.7277427911758423,-0.41099193692207336,-0.0026800138875842094,-0.03664211928844452,-0.03675903379917145,-0.021919548511505127,-0.02342209219932556,0.7137687802314758,0.003842836944386363,0.12671008706092834,0.08201950788497925,0.5592656135559082,-0.26981741189956665,-0.37718671560287476,0.2982364296913147,0.028011681511998177,0.18291127681732178,0.3344229459762573,0.29432791471481323,0.16720843315124512,0.21381539106369019
4.366666666666665,action_b,1.0,5.279474258422852,0.000858306884765625,-0.0015948747750371695,-0.017998160794377327,0.9518696069717407,-0.4786508083343506,0.04097374528646469,-0.03197527304291725,0.018943991512060165,-0.6405752301216125,0.6837471723556519,-0.3795569837093353,-0.00225374405272305,-0.038793038576841354,-0.046871721744537354,-0.017269212752580643,-0.012221328914165497,0.7137622237205505,0.013461961410939693,0.1458679884672165,0.08093709498643875,0.5567550659179688,-0.29809173941612244,-0.36053767800331116,0.30415019392967224,0.02760288119316101,0.17473061382770538,0.3195607662200928,0.2943956255912781,0.1776047646999359,0.2144918143749237
4.375,action_b,1.0,5.761048793792725,356.1025947332382,0.00017868331633508205,-0.011121616698801517,0.9843621850013733,-0.48401010036468506,0.04101516678929329,-0.02906409278512001,0.02709839679300785,-0.5925664901733398,0.6365420818328857,-0.3493950366973877,-0.0022220914252102375,-0.04196818917989731,-0.05745843052864075,-0.014254962094128132,-0.004012088291347027,0.7139444947242737,0.017475612461566925,0.16260817646980286,0.08365010470151901,0.5569373965263367,-0.3263660669326782,-0.34400489926338196,0.3220559060573578,0.025325164198875427,0.1678919792175293,0.3050042390823364,0.29112404584884644,0.18386676907539368,0.21797583997249603
4.383333333333335,action_b,1.0,5.761055946350098,0.000858306884765625,0.0019522414077073336,-0.004245072137564421,1.0168547630310059,-0.48936936259269714,0.04105658829212189,-0.02615291066467762,0.035252802073955536,-0.5445576906204224,0.5893370509147644,-0.31923311948776245,-0.0021904390305280685,-0.04514333978295326,-0.06804513931274414,-0.011240711435675621,0.0041971527971327305,0.7141267657279968,0.021489262580871582,0.17934837937355042,0.08636311441659927,0.5571197271347046,-0.3546404242515564,-0.32747212052345276,0.33996161818504333,0.023047449067234993,0.1610533595085144,0.2904476821422577,0.2878524661064148,0.19012877345085144,0.22145986557006836
4.3916666666666675,action_b,1.0,5.342144966125488,264.4640922546387,0.004119638819247484,-0.0022903638891875744,1.0309817790985107,-0.4953029155731201,0.041429150849580765,-0.026853591203689575,0.05276408791542053,-0.5064187049865723,0.544819176197052,-0.2810589671134949,-0.003524061990901828,-0.045392297208309174,-0.07105618715286255,-0.008957193233072758,0.007435493171215057,0.7043972015380859,0.01989595592021942,0.1939130425453186,0.09220166504383087,0.5605626702308655,-0.3829147517681122,-0.304501473903656,0.3510367274284363,0.021012380719184875,0.1594299077987671,0.2759568393230438,0.2922152578830719,0.19363228976726532,0.23044264316558838
4.4,action_b,1.0,5.342144966125488,0.00171661376953125,0.0062870364636182785,-0.0003356558736413717,1.045108675956726,-0.5012364983558655,0.04180171340703964,-0.02755426988005638,0.07027537375688553,-0.46827971935272217,0.5003013014793396,-0.2428847849369049,-0.004857684951275587,-0.04564125835895538,-0.07406724244356155,-0.006673675496131182,0.010673833079636097,0.694667637348175,0.01830265112221241,0.2084777057170868,0.09804020822048187,0.5640056133270264,-0.41118907928466797,-0.28153082728385925,0.3621118664741516,0.018977312371134758,0.15780644118785858,0.26146599650382996,0.296578049659729,0.1971358060836792,0.2394254207611084
4.408333333333333,action_b,1.0,5.0544726848602295,219.59266662597656,0.009644918143749237,-0.0023405831307172775,1.0744850635528564,-0.5114907026290894,0.03822508826851845,-0.03002047911286354,0.09594051539897919,-0.4355795681476593,0.458180695772171,-0.2164319008588791,-0.004773063585162163,-0.04596591740846634,-0.08314529061317444,-0.005261034704744816,0.015207327902317047,0.67723548412323,0.0114865992218256,0.2206958532333374,0.10495968163013458,0.5706421732902527,-0.4362814128398895,-0.251530259847641,0.37145403027534485,0.017958849668502808,0.1610977053642273,0.2486606240272522,0.2971581816673279,0.19599896669387817,0.2535262703895569
4.416666666666666,action_b,1.0,5.0544726848602295,0.000858306884765625,0.013002798892557621,-0.00434551015496254,1.1038614511489868,-0.521744966506958,0.03464846312999725,-0.0324866883456707,0.12160566449165344,-0.40287941694259644,0.41606009006500244,-0.18997901678085327,-0.004688441753387451,-0.046290576457977295,-0.09222333878278732,-0.0038483934476971626,0.019740821793675423,0.6598033308982849,0.004670547321438789,0.232914000749588,0.11187916249036789,0.577278733253479,-0.4613737463951111,-0.22152969241142273,0.3807961940765381,0.016940388828516006,0.16438895463943481,0.23585523664951324,0.29773834347724915,0.19486214220523834,0.26762712001800537
4.424999999999999,action_b,1.0,5.616295337677002,423.03028106689453,0.01579120196402073,-0.008351132273674011,1.1038607358932495,-0.5252203941345215,0.030634094029664993,-0.031538475304841995,0.14987999200820923,-0.3560769557952881,0.3863930106163025,-0.15901514887809753,-0.006018557585775852,-0.047874536365270615,-0.09522925317287445,-0.0024193671997636557,0.01985853537917137,0.6349462270736694,0.006074147764593363,0.23868754506111145,0.12052637338638306,0.5757988095283508,-0.4780360460281372,-0.18208347260951996,0.3955588936805725,0.01588292419910431,0.16596022248268127,0.2278401255607605,0.2946985960006714,0.18719640374183655,0.280184805393219
4.433333333333334,action_b,1.0,5.6162989139556885,0.000858306884765625,0.018579605966806412,-0.012356755323708057,1.1038600206375122,-0.5286958813667297,0.026619723066687584,-0.03059026412665844,0.1781543344259262,-0.30927446484565735,0.35672590136528015,-0.128051295876503,-0.0073486738838255405,-0.049458496272563934,-0.09823516756296158,-0.0009903409518301487,0.01997624710202217,0.6100890636444092,0.007477748207747936,0.2444610744714737,0.12917359173297882,0.5743188858032227,-0.4946983754634857,-0.1426372528076172,0.41032159328460693,0.014825461432337761,0.16753147542476654,0.21982501447200775,0.291658878326416,0.17953066527843475,0.292742520570755
4.441666666666666,action_b,1.0,5.591028928756714,169.81945037841797,0.01810411922633648,-0.010393007658421993,1.1063207387924194,-0.529621958732605,0.017527926713228226,-0.02777453511953354,0.2145613133907318,-0.26268255710601807,0.33228594064712524,-0.10389256477355957,-0.007641086354851723,-0.05007287114858627,-0.0991801843047142,0.00028963922522962093,0.024192430078983307,0.5760128498077393,0.016013281419873238,0.25002115964889526,0.1309206187725067,0.5670815706253052,-0.5039546489715576,-0.10722184181213379,0.4314781427383423,0.014205788262188435,0.16935716569423676,0.21182283759117126,0.28964221477508545,0.17111271619796753,0.2935072183609009
4.450000000000001,action_b,1.0,5.591028928756714,0.000858306884765625,0.017628632485866547,-0.008429259993135929,1.1087814569473267,-0.530548095703125,0.008436128497123718,-0.024958807975053787,0.2509683072566986,-0.21609064936637878,0.3078460097312927,-0.07973382622003555,-0.007933498360216618,-0.05068724974989891,-0.10012520104646683,0.0015696194022893906,0.028408614918589592,0.5419366359710693,0.024548813700675964,0.25558122992515564,0.1326676458120346,0.5598441958427429,-0.5132109522819519,-0.0718064233660698,0.45263466238975525,0.013586115092039108,0.17118285596370697,0.20382066071033478,0.2876255214214325,0.1626947522163391,0.29427194595336914
4.458333333333334,action_b,1.0,4.599900841712952,252.82716751098633,0.02307748980820179,0.001829464454203844,1.120107889175415,-0.5180716514587402,-0.0048541110008955,-0.019537627696990967,0.26981785893440247,-0.1777581423521042,0.29375410079956055,-0.06761527061462402,-0.008208075538277626,-0.05186060443520546,-0.10571504384279251,0.003747169626876712,0.03672877699136734,0.5094372034072876,0.03701338171958923,0.25849464535713196,0.12553682923316956,0.53891921043396,-0.5270160436630249,-0.043503887951374054,0.4695768356323242,0.011738108471035957,0.1694585382938385,0.19273006916046143,0.2816723585128784,0.15070301294326782,0.28417158126831055
4.466666666666667,action_b,1.0,4.599900841712952,0.000858306884765625,0.028526347130537033,0.012088188901543617,1.1314343214035034,-0.5055951476097107,-0.01814435049891472,-0.014116447418928146,0.2886674106121063,-0.1394256353378296,0.279662162065506,-0.055496711283922195,-0.00848265178501606,-0.05303395912051201,-0.1113048866391182,0.005924719851464033,0.04504893720149994,0.47693774104118347,0.049477946013212204,0.2614080607891083,0.1184060126543045,0.517994225025177,-0.5408210754394531,-0.015201353468000889,0.4865189790725708,0.009890102781355381,0.16773420572280884,0.18163949251174927,0.27571922540664673,0.13871128857135773,0.27407124638557434
4.475,action_b,1.0,5.259044766426086,254.43992614746094,0.030409391969442368,0.02583632618188858,1.13348388671875,-0.5008952617645264,-0.029899291694164276,-0.006718374788761139,0.3169417381286621,-0.09560026228427887,0.2671061158180237,-0.029330367222428322,-0.008942174725234509,-0.054938290268182755,-0.1176755428314209,0.006861842703074217,0.05571943148970604,0.44330763816833496,0.046942390501499176,0.2685440182685852,0.11108168959617615,0.5091626048088074,-0.5722955465316772,0.003992557059973478,0.5181745290756226,0.010318584740161896,0.16198478639125824,0.16903284192085266,0.27780306339263916,0.12808164954185486,0.25286155939102173
4.4833333333333325,action_b,1.0,5.259044766426086,0.0004291534423828125,0.0322924368083477,0.039584461599588394,1.1355334520339966,-0.49619534611701965,-0.041654232889413834,0.0006796980160288513,0.3452160954475403,-0.05177488923072815,0.2545500695705414,-0.0031640224624425173,-0.009401697665452957,-0.0568426214158535,-0.1240461990237236,0.0077989655546844006,0.06638992577791214,0.40967753529548645,0.04440683871507645,0.27567997574806213,0.1037573590874672,0.5003309845924377,-0.6037700176239014,0.023186467587947845,0.5498300790786743,0.010747067630290985,0.15623536705970764,0.15642620623111725,0.279886931180954,0.11745201796293259,0.2316518872976303
4.491666666666665,action_b,1.0,5.2305614948272705,193.71042251586914,0.03370609134435654,0.057767145335674286,1.134833812713623,-0.4912066161632538,-0.05081240087747574,0.004290152806788683,0.37349042296409607,-0.01907357946038246,0.25016215443611145,0.030101262032985687,-0.009016724303364754,-0.05760971084237099,-0.12614989280700684,0.005608918145298958,0.08419518172740936,0.36608952283859253,0.030059408396482468,0.28174930810928345,0.09563016891479492,0.5049514770507812,-0.6346142292022705,0.03158878535032272,0.5761997103691101,0.009229302406311035,0.15200239419937134,0.14412811398506165,0.28766873478889465,0.10793638229370117,0.2088954746723175
4.5,action_b,1.0,5.230557918548584,0.00171661376953125,0.03511974588036537,0.07594983279705048,1.13413405418396,-0.4862178862094879,-0.05997056886553764,0.007900607772171497,0.40176475048065186,0.013627732172608376,0.24577423930168152,0.06336654722690582,-0.008631751872599125,-0.058376800268888474,-0.12825357913970947,0.0034188705030828714,0.10200043022632599,0.322501540184021,0.01571197621524334,0.28781864047050476,0.08750297129154205,0.50957190990448,-0.6654585003852844,0.0399911068379879,0.6025693416595459,0.007711537182331085,0.14776940643787384,0.13183002173900604,0.2954505383968353,0.09842073917388916,0.1861390620470047
4.508333333333335,action_b,1.0,4.7348785400390625,222.73406982421875,0.03323806822299957,0.09315638989210129,1.117966651916504,-0.4845028817653656,-0.06814265996217728,0.005102710798382759,0.43946385383605957,0.04745415598154068,0.24368008971214294,0.0963883250951767,-0.007918368093669415,-0.06087331473827362,-0.13058912754058838,-0.0046324641443789005,0.1256464123725891,0.2830442190170288,-0.003199467435479164,0.29179003834724426,0.07967814803123474,0.5257906913757324,-0.7048207521438599,0.04417998343706131,0.6325523853302002,0.008431902155280113,0.1401832103729248,0.11768175661563873,0.3067167401313782,0.09083155542612076,0.15726396441459656
4.5166666666666675,action_b,1.0,4.734874963760376,0.00171661376953125,0.03135639429092407,0.1103629469871521,1.1017991304397583,-0.4827878773212433,-0.07631475478410721,0.002304813824594021,0.4771629869937897,0.08128058165311813,0.24158595502376556,0.12941010296344757,-0.007204984314739704,-0.06336983293294907,-0.13292469084262848,-0.012683798559010029,0.14929239451885223,0.243586927652359,-0.022110911086201668,0.29576143622398376,0.07185331732034683,0.5420094728469849,-0.7441830635070801,0.04836886003613472,0.6625353693962097,0.009152267128229141,0.13259702920913696,0.10353349894285202,0.317982941865921,0.08324237167835236,0.1283888816833496
4.525,action_b,1.0,5.951485633850098,188.46659660339355,0.02843640372157097,0.12429848313331604,1.0773842334747314,-0.4819473624229431,-0.08221970498561859,-0.0011009504087269306,0.5242868661880493,0.10501739382743835,0.24444003403186798,0.15168529748916626,-0.003977843560278416,-0.06605461239814758,-0.13373656570911407,-0.013929227367043495,0.1658044457435608,0.20250675082206726,-0.04707224294543266,0.2877686023712158,0.05908475071191788,0.5695986747741699,-0.7937787771224976,0.0427907258272171,0.6859922409057617,0.005675930064171553,0.12350256741046906,0.08918692916631699,0.34233710169792175,0.07200656831264496,0.11157813668251038
4.533333333333333,action_b,1.0,5.951492786407471,0.00171661376953125,0.025516415014863014,0.13823401927947998,1.0529694557189941,-0.48110687732696533,-0.08812464773654938,-0.004506714642047882,0.5714107751846313,0.12875419855117798,0.2472941130399704,0.17396050691604614,-0.0007507027476094663,-0.0687393993139267,-0.13454844057559967,-0.015174657106399536,0.18231651186943054,0.16142655909061432,-0.07203357666730881,0.27977579832077026,0.04631618782877922,0.5971879363059998,-0.8433745503425598,0.03721259534358978,0.709449052810669,0.0021995932329446077,0.11440809816122055,0.07484035938978195,0.3666912615299225,0.06077077239751816,0.09476739168167114
4.541666666666666,action_b,1.0,5.256285667419434,265.1721954345703,0.015864988788962364,0.152939110994339,1.0469694137573242,-0.4770004451274872,-0.0819023922085762,-0.010309800505638123,0.61521315574646,0.15000993013381958,0.25257590413093567,0.1859876811504364,-0.0005237499135546386,-0.0692209005355835,-0.13725459575653076,-0.028680438175797462,0.19851253926753998,0.13109208643436432,-0.08698241412639618,0.2731476128101349,0.04410257935523987,0.6222466230392456,-0.8816937208175659,0.030140919610857964,0.7271617650985718,0.0008351483847945929,0.10168986022472382,0.05800962448120117,0.38043636083602905,0.059321992099285126,0.08534727990627289
4.549999999999999,action_b,1.0,5.2562785148620605,0.000858306884765625,0.0062135616317391396,0.1676442176103592,1.0409693717956543,-0.47289401292800903,-0.07568013668060303,-0.016112886369228363,0.6590154767036438,0.17126566171646118,0.25785768032073975,0.19801487028598785,-0.00029679707949981093,-0.0697023943066597,-0.13996073603630066,-0.04218621924519539,0.21470856666564941,0.10075762122869492,-0.10193125158548355,0.2665194272994995,0.041888974606990814,0.6473053097724915,-0.9200128316879272,0.023069243878126144,0.7448745369911194,-0.0005292964051477611,0.08897161483764648,0.04117888957262039,0.394181489944458,0.05787321552634239,0.07592716813087463
4.558333333333334,action_b,1.0,4.908206462860107,187.36324310302734,-0.008087389171123505,0.1837000548839569,1.0319628715515137,-0.4698646664619446,-0.06440562009811401,-0.026477985084056854,0.699917197227478,0.19389602541923523,0.26719045639038086,0.2164808213710785,-0.0011699460446834564,-0.06986668705940247,-0.1395488679409027,-0.05326244980096817,0.22753793001174927,0.07169557362794876,-0.10908444225788116,0.25206804275512695,0.03932628780603409,0.6593526601791382,-0.9508445262908936,0.011310207657516003,0.7620133757591248,-0.0037397481501102448,0.0743056908249855,0.025329390540719032,0.3983134329319,0.05735836178064346,0.06676150113344193
4.566666666666666,action_b,1.0,4.9082136154174805,0.00171661376953125,-0.022388339042663574,0.19975589215755463,1.0229564905166626,-0.4668353497982025,-0.0531310960650444,-0.036843083798885345,0.740818977355957,0.21652638912200928,0.276523232460022,0.23494675755500793,-0.002043094951659441,-0.07003097236156464,-0.13913701474666595,-0.06433868408203125,0.24036727845668793,0.042633529752492905,-0.11623762547969818,0.2376166582107544,0.036763597279787064,0.6713999509811401,-0.9816762804985046,-0.0004488288832362741,0.7791522145271301,-0.006950200069695711,0.05963977053761482,0.009479891508817673,0.40244537591934204,0.056843508034944534,0.057595837861299515
4.575000000000001,action_b,1.0,4.992499351501465,131.36472702026367,-0.04023023694753647,0.21140164136886597,1.0180320739746094,-0.46342962980270386,-0.03622294217348099,-0.0469634011387825,0.7824231386184692,0.2412198781967163,0.29150253534317017,0.24819734692573547,-0.0025584823451936245,-0.06851479411125183,-0.1352168321609497,-0.07131334394216537,0.2470225989818573,0.015146423131227493,-0.1200791522860527,0.22086727619171143,0.03633982688188553,0.6743246912956238,-1.0149043798446655,-0.015353672206401825,0.7995637059211731,-0.0075627658516168594,0.037186361849308014,-0.008798363618552685,0.40268927812576294,0.0584341362118721,0.05157268047332764
4.583333333333334,action_b,1.0,4.992506504058838,0.00171661376953125,-0.05807213857769966,0.2230474054813385,1.0131077766418457,-0.4600239098072052,-0.019314784556627274,-0.05708371847867966,0.8240273594856262,0.26591336727142334,0.30648183822631836,0.261447936296463,-0.0030738695058971643,-0.06699862331151962,-0.13129663467407227,-0.0782880038022995,0.2536779046058655,-0.012340684421360493,-0.12392067909240723,0.20411790907382965,0.035916052758693695,0.6772494316101074,-1.0481325387954712,-0.03025851584970951,0.8199751973152161,-0.00817533116787672,0.014732953161001205,-0.027076618745923042,0.40293318033218384,0.06002476438879967,0.04554952308535576
4.591666666666667,action_b,1.0,4.151723384857178,239.98003005981445,-0.07492143660783768,0.2321290671825409,1.0044457912445068,-0.45760634541511536,0.0052259741351008415,-0.06701050698757172,0.858625054359436,0.2888970673084259,0.32279545068740845,0.2739437222480774,-0.004136601462960243,-0.06601031124591827,-0.1263570785522461,-0.07819962501525879,0.25509732961654663,-0.03115149959921837,-0.12642769515514374,0.18813493847846985,0.03590858355164528,0.6635088920593262,-1.0748447179794312,-0.047832198441028595,0.8345906734466553,-0.0065527306869626045,-0.005188158713281155,-0.04093599319458008,0.40262365341186523,0.06770370155572891,0.043789274990558624
4.6,action_b,1.0,4.151723384857178,0.000858306884765625,-0.0917707309126854,0.2412107139825821,0.995783805847168,-0.4551887810230255,0.029766732826828957,-0.07693728804588318,0.8932227492332458,0.31188076734542847,0.3391090929508209,0.2864394783973694,-0.005199333652853966,-0.06502199172973633,-0.12141752988100052,-0.07811124622821808,0.2565167248249054,-0.04996231570839882,-0.12893471121788025,0.17215196788311005,0.03590111434459686,0.6497683525085449,-1.1015568971633911,-0.06540588289499283,0.8492060899734497,-0.004930130206048489,-0.025109270587563515,-0.05479536950588226,0.40231412649154663,0.07538263499736786,0.04202903062105179
4.6083333333333325,action_b,1.0,4.807319641113281,215.092670917511,-0.11131323873996735,0.23967626690864563,0.9895287752151489,-0.4574926197528839,0.05066225677728653,-0.08953659236431122,0.9280409812927246,0.33289834856987,0.35903626680374146,0.29230284690856934,-0.005370491649955511,-0.061032772064208984,-0.111042320728302,-0.07432472705841064,0.2471960186958313,-0.05732933431863785,-0.12947607040405273,0.14681096374988556,0.037913598120212555,0.6367607712745667,-1.1416178941726685,-0.0680425763130188,0.870458722114563,0.0008965269662439823,-0.050572264939546585,-0.07098023593425751,0.40347179770469666,0.08054950833320618,0.04446513205766678
4.616666666666665,action_b,1.0,4.807319641113281,0.000858306884765625,-0.1308557391166687,0.23814183473587036,0.9832737445831299,-0.4597964584827423,0.07155778259038925,-0.10213590413331985,0.9628592133522034,0.3539159297943115,0.3789634108543396,0.2981661856174469,-0.005541649647057056,-0.05704355239868164,-0.10066710412502289,-0.07053821533918381,0.237875297665596,-0.06469634920358658,-0.13001742959022522,0.12146995216608047,0.03992608189582825,0.6237531900405884,-1.1816788911819458,-0.07067926973104477,0.891711413860321,0.006723184138536453,-0.0760352611541748,-0.08716510236263275,0.4046294689178467,0.0857163816690445,0.04690122976899147
4.625,action_b,1.0,4.736523628234863,444.5343017578125,-0.1375357210636139,0.23308265209197998,0.9770185947418213,-0.45362550020217896,0.08713960647583008,-0.11026747524738312,0.9668070077896118,0.35978955030441284,0.395643413066864,0.3052978217601776,-0.0058355554938316345,-0.05250811576843262,-0.08844785392284393,-0.0627659410238266,0.22384066879749298,-0.05793069303035736,-0.1327703893184662,0.0847913920879364,0.042169079184532166,0.6012460589408875,-1.2211499214172363,-0.07338127493858337,0.9050130844116211,0.010075932368636131,-0.08784238249063492,-0.09968002140522003,0.4126269817352295,0.09069162607192993,0.05042159557342529
4.633333333333335,action_b,1.0,4.736509323120117,0.00171661376953125,-0.1442156881093979,0.2280234545469284,0.9707635045051575,-0.4474545419216156,0.1027214303612709,-0.11839905381202698,0.970754861831665,0.36566317081451416,0.4123234152793884,0.3124294579029083,-0.0061294618062675,-0.04797268286347389,-0.07622859627008438,-0.05499367043375969,0.20980603992938995,-0.051165033131837845,-0.13552333414554596,0.04811282455921173,0.044412072747945786,0.5787389278411865,-1.2606208324432373,-0.07608327269554138,0.9183147549629211,0.013428681530058384,-0.09964950382709503,-0.11219494044780731,0.4206244945526123,0.09566686302423477,0.053941965103149414
4.6416666666666675,action_b,1.0,4.998294711112976,251.9439697265625,-0.14629684388637543,0.22364932298660278,0.9723055958747864,-0.4340578317642212,0.1189880520105362,-0.12356750667095184,0.9572066068649292,0.3646550178527832,0.4374338388442993,0.3135642409324646,-0.005693164654076099,-0.04342362657189369,-0.06682667136192322,-0.04818755388259888,0.196231871843338,-0.029104579240083694,-0.1383754014968872,0.006460368633270264,0.0463690310716629,0.5474015474319458,-1.299607753753662,-0.07694222033023834,0.9220964908599854,0.01602328196167946,-0.10857002437114716,-0.124046690762043,0.423305869102478,0.09970494359731674,0.05611676350235939
4.65,action_b,1.0,4.998294711112976,0.00171661376953125,-0.14837799966335297,0.21927517652511597,0.9738476872444153,-0.4206610918045044,0.13525468111038208,-0.1287359595298767,0.9436584115028381,0.36364686489105225,0.4625442624092102,0.31469905376434326,-0.0052568670362234116,-0.03887457028031349,-0.05742475017905235,-0.041381437331438065,0.18265770375728607,-0.007044125813990831,-0.14122745394706726,-0.035192087292671204,0.04832598939538002,0.5160641074180603,-1.3385947942733765,-0.0778011605143547,0.9258782863616943,0.018617883324623108,-0.11749055236577988,-0.1358984410762787,0.42598724365234375,0.10374302417039871,0.058291561901569366
4.658333333333333,action_b,1.0,5.387035310268402,215.15992730855942,-0.14715012907981873,0.2139909863471985,0.9742708206176758,-0.411726176738739,0.15054777264595032,-0.12640735507011414,0.9345024824142456,0.3533061742782593,0.4833487570285797,0.3206610679626465,-0.005370399449020624,-0.038346484303474426,-0.05661772936582565,-0.036158863455057144,0.16667072474956512,0.02995798923075199,-0.14861348271369934,-0.08008404821157455,0.054413218051195145,0.48067986965179443,-1.3769409656524658,-0.08275702595710754,0.9271981716156006,0.019893452525138855,-0.11803673207759857,-0.14465737342834473,0.42895573377609253,0.10555565357208252,0.06550796329975128
4.666666666666666,action_b,1.0,5.387035310268402,0.00171661376953125,-0.14592225849628448,0.2087067812681198,0.9746939539909363,-0.40279123187065125,0.16584086418151855,-0.12407873570919037,0.9253464937210083,0.3429654538631439,0.5041532516479492,0.3266231119632721,-0.005483931861817837,-0.03781840205192566,-0.055810704827308655,-0.030936289578676224,0.15068374574184418,0.06696010380983353,-0.15599952638149261,-0.1249760091304779,0.06050044670701027,0.44529566168785095,-1.4152872562408447,-0.08771288394927979,0.9285180568695068,0.02116902358829975,-0.11858291178941727,-0.15341632068157196,0.4319241940975189,0.10736828297376633,0.0727243572473526
4.674999999999999,action_b,1.0,4.523892402648926,162.06893920898438,-0.14722870290279388,0.20595663785934448,0.9771706461906433,-0.39441734552383423,0.17875462770462036,-0.12332944571971893,0.9232409596443176,0.333302766084671,0.5244826078414917,0.3245658278465271,-0.00545860268175602,-0.0349406823515892,-0.04929632321000099,-0.02521013468503952,0.13182519376277924,0.09937562048435211,-0.16233447194099426,-0.16267511248588562,0.06675161421298981,0.41440704464912415,-1.4423787593841553,-0.09425753355026245,0.9301756620407104,0.02260725572705269,-0.1125916838645935,-0.15479061007499695,0.4454042613506317,0.10957208275794983,0.07678641378879547
4.683333333333334,action_b,1.0,4.523894190788269,0.00171661376953125,-0.14853514730930328,0.20320649445056915,0.9796473383903503,-0.3860434293746948,0.19166837632656097,-0.1225801631808281,0.921135425567627,0.3236400783061981,0.544812023639679,0.3225085437297821,-0.00543327396735549,-0.032062966376543045,-0.04278194159269333,-0.019483981654047966,0.1129666417837143,0.1317911446094513,-0.1686694175004959,-0.20037423074245453,0.07300277799367905,0.38351842761039734,-1.4694701433181763,-0.10080218315124512,0.9318333268165588,0.024045489728450775,-0.10660046339035034,-0.15616488456726074,0.4588843286037445,0.11177588999271393,0.08084847778081894
4.691666666666666,action_b,1.0,4.697177410125732,271.97256088256836,-0.1584741175174713,0.20881609618663788,0.976161777973175,-0.38842469453811646,0.207086980342865,-0.11045408248901367,0.9379168748855591,0.3294515609741211,0.5738309025764465,0.3109475374221802,-0.009841588325798512,-0.027068166062235832,-0.03048592433333397,-0.026663191616535187,0.08961831033229828,0.1709342896938324,-0.167639821767807,-0.23566940426826477,0.06778733432292938,0.34537041187286377,-1.4965028762817383,-0.09193409979343414,0.9316552877426147,0.02842460200190544,-0.10147026181221008,-0.15694476664066315,0.46222707629203796,0.11142762005329132,0.08247882127761841
4.700000000000001,action_b,1.0,4.697177410125732,0.000858306884765625,-0.16841308772563934,0.2144256979227066,0.9726762175559998,-0.3908059298992157,0.2225055694580078,-0.09832800924777985,0.9546982645988464,0.3352630138397217,0.6028497815132141,0.29938650131225586,-0.01424990314990282,-0.02207336574792862,-0.01818990521132946,-0.03384239971637726,0.06626997143030167,0.2100774347782135,-0.1666102111339569,-0.2709645628929138,0.06257189065217972,0.3072223961353302,-1.5235356092453003,-0.08306602388620377,0.9314773082733154,0.03280371427536011,-0.09634006023406982,-0.15772464871406555,0.4655698239803314,0.11107934266328812,0.08410916477441788
4.708333333333334,action_b,1.0,4.104505777359009,355.118465423584,-0.16425515711307526,0.20810794830322266,0.9609271287918091,-0.3854787349700928,0.2225055694580078,-0.10515587031841278,0.9645832180976868,0.3164134621620178,0.6246424913406372,0.28652483224868774,-0.011682866141200066,-0.01666100323200226,-0.0029472364112734795,-0.0247889943420887,0.048134393990039825,0.24428164958953857,-0.18429872393608093,-0.30152758955955505,0.07265462726354599,0.29036885499954224,-1.5339858531951904,-0.08979249000549316,0.930058479309082,0.03142734244465828,-0.08963340520858765,-0.15424707531929016,0.4821041226387024,0.10757029056549072,0.08660393953323364
4.716666666666667,action_b,1.0,4.104505777359009,0.00171661376953125,-0.16009722650051117,0.2017901986837387,0.9491780996322632,-0.38015151023864746,0.2225055694580078,-0.11198372393846512,0.9744681715965271,0.29756391048431396,0.6464352011680603,0.27366313338279724,-0.009115830063819885,-0.011248641647398472,0.012295432388782501,-0.01573558896780014,0.029998820275068283,0.27848586440086365,-0.20198725163936615,-0.3320906162261963,0.08273736387491226,0.2735153138637543,-1.5444362163543701,-0.09651896357536316,0.9286395907402039,0.03005097061395645,-0.08292675018310547,-0.15076948702335358,0.49863845109939575,0.10406123101711273,0.08909870684146881
4.725,action_b,1.0,5.400205850601196,386.28787994384766,-0.17068909108638763,0.21459844708442688,0.9428192377090454,-0.4016498327255249,0.22550459206104279,-0.11163255572319031,1.0010764598846436,0.28813913464546204,0.67312091588974,0.24562591314315796,-0.011807633563876152,-0.004838333930820227,0.027456726878881454,-0.027656380087137222,0.021148167550563812,0.3234875798225403,-0.21518781781196594,-0.3632405698299408,0.07954844832420349,0.25990790128707886,-1.5393791198730469,-0.09737390279769897,0.9154314994812012,0.03627186268568039,-0.06946368515491486,-0.14004966616630554,0.4912494122982025,0.10385753959417343,0.07652642577886581
4.7333333333333325,action_b,1.0,5.40020227432251,0.00171661376953125,-0.1812809556722641,0.22740668058395386,0.9364604353904724,-0.42314812541007996,0.22850361466407776,-0.1112813875079155,1.0276848077774048,0.2787143588066101,0.6998066306114197,0.21758867800235748,-0.014499437063932419,0.001571974135003984,0.04261802136898041,-0.039577171206474304,0.012297512963414192,0.36848926544189453,-0.22838839888572693,-0.3943905234336853,0.07635952532291412,0.24630050361156464,-1.534321904182434,-0.09822884947061539,0.9022234678268433,0.042492758482694626,-0.05600062757730484,-0.1293298602104187,0.4838603734970093,0.10365384817123413,0.06395414471626282
4.741666666666665,action_b,1.0,6.727187633514404,282.7528953552246,-0.18299345672130585,0.23016613721847534,0.9190619587898254,-0.4352942109107971,0.224673330783844,-0.12226507067680359,1.0388035774230957,0.25986480712890625,0.7183786630630493,0.20918706059455872,-0.014958545565605164,0.00526058953255415,0.05424814671278,-0.04090483859181404,0.007647647522389889,0.4245491623878479,-0.2515106797218323,-0.41120007634162903,0.08214321732521057,0.2399546205997467,-1.5276718139648438,-0.0992676168680191,0.8840073347091675,0.04444378614425659,-0.04455723240971565,-0.11908824741840363,0.48669034242630005,0.09885726869106293,0.045843977481126785
4.75,action_b,1.0,6.727184057235718,0.00171661376953125,-0.1847059577703476,0.23292557895183563,0.9016634821891785,-0.4474402666091919,0.22084303200244904,-0.13324874639511108,1.049922227859497,0.2410152405500412,0.7369506359100342,0.20078542828559875,-0.015417654067277908,0.00894920527935028,0.06587827205657959,-0.04223250597715378,0.0029977825470268726,0.4806090295314789,-0.2746329605579376,-0.42800962924957275,0.08792690187692642,0.23360873758792877,-1.5210217237472534,-0.10030637681484222,0.8657912015914917,0.04639481008052826,-0.033113837242126465,-0.10884664207696915,0.4895203113555908,0.09406068176031113,0.027733808383345604
4.758333333333335,action_b,1.0,5.507487058639526,326.1883735656738,-0.1769922375679016,0.22450272738933563,0.88032466173172,-0.4449002742767334,0.21426576375961304,-0.15517476201057434,1.0423328876495361,0.21274089813232422,0.7549751996994019,0.1908377856016159,-0.012367865070700645,0.012219168245792389,0.07642163336277008,-0.032448649406433105,-0.0035144605208188295,0.5265047550201416,-0.3016098737716675,-0.42216721177101135,0.10109679400920868,0.2181319296360016,-1.5090147256851196,-0.10653386265039444,0.8499054312705994,0.04252669960260391,-0.02332278899848461,-0.09770413488149643,0.5009655952453613,0.08803552389144897,0.01631978340446949
4.7666666666666675,action_b,1.0,5.507490634918213,0.00171661376953125,-0.16927850246429443,0.21607987582683563,0.8589858412742615,-0.4423603117465973,0.20768848061561584,-0.1771007776260376,1.0347434282302856,0.18446657061576843,0.7729997634887695,0.18089014291763306,-0.009318075142800808,0.015489130280911922,0.08696500211954117,-0.022664789110422134,-0.010026703588664532,0.5724005103111267,-0.3285868167877197,-0.41632479429244995,0.11426667869091034,0.2026551067829132,-1.4970077276229858,-0.11276134848594666,0.834019660949707,0.038658592849969864,-0.013531741686165333,-0.08656162768602371,0.5124108195304871,0.08201035857200623,0.004905757959932089
4.775,action_b,1.0,5.3629231452941895,192.7602767944336,-0.1678788810968399,0.21333536505699158,0.8366199731826782,-0.45074957609176636,0.20977075397968292,-0.1906244456768036,1.0322474241256714,0.15619224309921265,0.783856987953186,0.16160380840301514,-0.009731761179864407,0.017666464671492577,0.09328167140483856,-0.019227199256420135,-0.0033785104751586914,0.6170915365219116,-0.34791359305381775,-0.4049845337867737,0.1171470433473587,0.18059280514717102,-1.4716145992279053,-0.12232821434736252,0.8235197067260742,0.033395156264305115,-0.002881851978600025,-0.06669744104146957,0.5122697949409485,0.08463910967111588,-0.009153814986348152
4.783333333333333,action_b,1.0,5.3629231452941895,0.00171661376953125,-0.16647925972938538,0.21059086918830872,0.8142541646957397,-0.4591388702392578,0.21185302734375,-0.20414812862873077,1.0297514200210571,0.12791790068149567,0.7947142720222473,0.14231747388839722,-0.010145447216928005,0.019843798130750656,0.09959834069013596,-0.015789611265063286,0.003269682638347149,0.6617825627326965,-0.36724036931991577,-0.393644243478775,0.12002741545438766,0.15853050351142883,-1.4462213516235352,-0.13189508020877838,0.8130198121070862,0.028131723403930664,0.0077680377289652824,-0.046833254396915436,0.5121287703514099,0.08726786077022552,-0.02321338839828968
4.791666666666666,action_b,1.0,5.205137729644775,204.6581268310547,-0.16398248076438904,0.2088240683078766,0.7906049489974976,-0.45467609167099,0.21173694729804993,-0.21671786904335022,1.0130430459976196,0.09021878987550735,0.8014062643051147,0.11388854682445526,-0.009521575644612312,0.020290331915020943,0.10209640860557556,-0.012366654351353645,0.014680564403533936,0.7051587104797363,-0.3743138611316681,-0.3790336549282074,0.12270772457122803,0.13768130540847778,-1.40835440158844,-0.1552053987979889,0.8027046918869019,0.017578380182385445,0.014923159033060074,-0.028355464339256287,0.512205958366394,0.0912182629108429,-0.03384830430150032
4.799999999999999,action_b,1.0,5.205130577087402,0.000858306884765625,-0.1614857017993927,0.20705725252628326,0.7669557929039001,-0.4502132833003998,0.21162086725234985,-0.22928760945796967,0.9963346123695374,0.052519675344228745,0.808098316192627,0.08545961230993271,-0.00889770407229662,0.02073686569929123,0.10459447652101517,-0.008943697437644005,0.026091445237398148,0.7485347986221313,-0.3813873529434204,-0.36442306637763977,0.1253880262374878,0.11683212220668793,-1.3704874515533447,-0.1785157173871994,0.7923895716667175,0.007025038357824087,0.02207827940583229,-0.009877672418951988,0.512283205986023,0.09516865760087967,-0.04448322206735611
4.808333333333334,action_b,1.0,5.778751373291016,264.8158371448517,-0.15963923931121826,0.2036227285861969,0.7498152256011963,-0.43497347831726074,0.21667060256004333,-0.2312726527452469,0.9803277850151062,0.005395784974098206,0.8035159111022949,0.060148440301418304,-0.007480171974748373,0.021576441824436188,0.10840529203414917,-0.005482816603034735,0.02711649239063263,0.778766393661499,-0.39645904302597046,-0.3432920575141907,0.12741044163703918,0.10600190609693527,-1.322331190109253,-0.20905065536499023,0.7773422002792358,0.004229051060974598,0.02703547477722168,0.0039045093581080437,0.5106691122055054,0.09811149537563324,-0.0367281511425972
4.816666666666666,action_b,1.0,5.7787370681762695,0.00171661376953125,-0.15779279172420502,0.20018818974494934,0.7326746582984924,-0.4197337031364441,0.22172032296657562,-0.2332576960325241,0.964320957660675,-0.04172810539603233,0.7989335060119629,0.0348372682929039,-0.006062639877200127,0.022416019812226295,0.11221610009670258,-0.002021935535594821,0.02814153954386711,0.8089979887008667,-0.4115307331085205,-0.3221610486507416,0.12943287193775177,0.09517168998718262,-1.2741750478744507,-0.23958559334278107,0.7622947692871094,0.0014330632984638214,0.03199267014861107,0.017686691135168076,0.5090550184249878,0.10105434060096741,-0.02897307649254799
4.825000000000001,action_b,1.0,5.784444808959961,179.2195200920105,-0.15518759191036224,0.19669082760810852,0.7128316164016724,-0.408346027135849,0.21949151158332825,-0.2378195822238922,0.948279082775116,-0.08885199576616287,0.7923203110694885,0.0053766630589962006,-0.005952463485300541,0.01940854825079441,0.10844265669584274,-0.0001571493921801448,0.03169458732008934,0.837103009223938,-0.4203047454357147,-0.3036983013153076,0.13151878118515015,0.09336088597774506,-1.2259713411331177,-0.2638165354728699,0.742607593536377,0.0013319251593202353,0.0355079248547554,0.02858436107635498,0.5076234340667725,0.09735479950904846,-0.0336638018488884
4.833333333333334,action_b,1.0,5.784444808959961,0.000858306884765625,-0.15258239209651947,0.1931934505701065,0.6929885745048523,-0.3969583511352539,0.21726270020008087,-0.24238146841526031,0.9322372078895569,-0.1359758824110031,0.7857071161270142,-0.0240839421749115,-0.0058422875590622425,0.016401076689362526,0.10466921329498291,0.0017076367512345314,0.03524763509631157,0.8652079701423645,-0.42907875776290894,-0.28523558378219604,0.13360467553138733,0.0915500819683075,-1.1777676343917847,-0.2880474925041199,0.7229203581809998,0.001230787020176649,0.039023179560899734,0.039482031017541885,0.5061917901039124,0.09365525841712952,-0.038354530930519104
4.841666666666667,action_b,1.0,6.300902366638184,223.00186157226562,-0.15107184648513794,0.19105073809623718,0.6783159375190735,-0.3903053402900696,0.20603716373443604,-0.24787107110023499,0.9283668398857117,-0.18309977650642395,0.7738245725631714,-0.05659816786646843,-0.00594678521156311,0.01057519018650055,0.09418988972902298,0.0035625630989670753,0.03499286621809006,0.8970557451248169,-0.44161346554756165,-0.27343133091926575,0.13481250405311584,0.10522551834583282,-1.1252601146697998,-0.3106486201286316,0.6995223760604858,0.001255495473742485,0.04168940335512161,0.04874028265476227,0.5064822435379028,0.08010422438383102,-0.04689009487628937
4.85,action_b,1.0,6.300902366638184,0.000858306884765625,-0.1495613008737564,0.18890802562236786,0.6636433005332947,-0.38365229964256287,0.1948116421699524,-0.25336068868637085,0.9244964718818665,-0.2302236706018448,0.7619419693946838,-0.08911239355802536,-0.006051282398402691,0.004749302752315998,0.08371056616306305,0.005417489446699619,0.034738097339868546,0.9289034605026245,-0.45414817333221436,-0.26162707805633545,0.13602034747600555,0.11890095472335815,-1.072752594947815,-0.3332497477531433,0.6761243939399719,0.001280203927308321,0.04435562714934349,0.05799853429198265,0.5067726969718933,0.06655319035053253,-0.05542565509676933
4.8583333333333325,action_b,1.0,6.082606315612793,215.65303802490234,-0.14718589186668396,0.18394094705581665,0.6479295492172241,-0.37689486145973206,0.1826964020729065,-0.25724583864212036,0.9232668876647949,-0.2787327170372009,0.7350834608078003,-0.12259365618228912,-0.006411103531718254,-0.0030188504606485367,0.06762012839317322,0.005957574117928743,0.0343526192009449,0.9550448656082153,-0.4645116925239563,-0.24842201173305511,0.1375865638256073,0.1381109356880188,-1.022064208984375,-0.354481041431427,0.6534626483917236,0.0011138968402519822,0.04648410901427269,0.06626706570386887,0.5063456892967224,0.0536901131272316,-0.06205127388238907
4.866666666666665,action_b,1.0,6.082606315612793,0.000858306884765625,-0.1448104977607727,0.17897386848926544,0.6322158575057983,-0.37013742327690125,0.1705811470746994,-0.2611309587955475,0.9220373630523682,-0.3272417485713959,0.708224892616272,-0.1560749113559723,-0.00677092419937253,-0.010787003673613071,0.05152968689799309,0.006497658789157867,0.033967141062021255,0.9811862707138062,-0.47487518191337585,-0.23521694540977478,0.13915279507637024,0.15732093155384064,-0.9713758230209351,-0.3757123053073883,0.6308008432388306,0.0009475898114033043,0.04861259087920189,0.07453559339046478,0.5059186816215515,0.04082703962922096,-0.0686768889427185
4.875,action_b,1.0,6.785842180252075,158.03747177124023,-0.1381358504295349,0.1712755560874939,0.6167862415313721,-0.36865758895874023,0.15837761759757996,-0.26129165291786194,0.9102776050567627,-0.38379043340682983,0.6777951717376709,-0.19285297393798828,-0.006338716018944979,-0.019145172089338303,0.03814248368144035,0.008814174681901932,0.03355761617422104,0.9963528513908386,-0.49140334129333496,-0.21952228248119354,0.13831105828285217,0.17212536931037903,-0.9154914021492004,-0.39971765875816345,0.6040459871292114,0.0008670749375596642,0.051418013870716095,0.0851021558046341,0.5035345554351807,0.0298924557864666,-0.07076570391654968
4.883333333333335,action_b,1.0,6.785838603973389,0.000858306884765625,-0.13146120309829712,0.16357724368572235,0.6013566255569458,-0.36717772483825684,0.1461741030216217,-0.2614523470401764,0.8985178470611572,-0.4403390884399414,0.6473654508590698,-0.22963105142116547,-0.0059065078385174274,-0.02750333957374096,0.02475528046488762,0.011130690574645996,0.033148087561130524,1.011519432067871,-0.5079315304756165,-0.2038276195526123,0.1374693065881729,0.18692979216575623,-0.8596069812774658,-0.4237230122089386,0.5772911906242371,0.0007865601219236851,0.0542234368622303,0.09566871076822281,0.5011504292488098,0.018957871943712234,-0.07285451143980026
4.8916666666666675,action_b,1.0,6.682634353637695,156.71675205230713,-0.12143212556838989,0.15166813135147095,0.5792099833488464,-0.36659136414527893,0.12650641798973083,-0.2582826018333435,0.8904623985290527,-0.48746296763420105,0.6129860877990723,-0.25833776593208313,-0.006421690806746483,-0.036173079162836075,0.012670245952904224,0.012826667167246342,0.036871425807476044,1.0289897918701172,-0.5202689170837402,-0.18869931995868683,0.13295716047286987,0.1908511072397232,-0.8039183616638184,-0.44464078545570374,0.5517027378082275,0.00013871619012206793,0.05611959844827652,0.10598064959049225,0.5011504292488098,0.006808014586567879,-0.07894524931907654
4.9,action_b,1.0,6.682641506195068,0.00171661376953125,-0.11140305548906326,0.13975901901721954,0.5570633411407471,-0.366005003452301,0.10683871805667877,-0.2551128566265106,0.8824069499969482,-0.5345868468284607,0.5786066651344299,-0.2870444655418396,-0.006936873774975538,-0.04484281688928604,0.000585211324505508,0.014522643759846687,0.040594760328531265,1.0464600324630737,-0.532606303691864,-0.17357102036476135,0.12844501435756683,0.19477242231369019,-0.7482296824455261,-0.46555855870246887,0.526114284992218,-0.0005091277416795492,0.05801576003432274,0.11629259586334229,0.5011504292488098,-0.00534184230491519,-0.08503597974777222
4.908333333333333,action_b,1.0,7.915055751800537,250.46424865722656,-0.0989820808172226,0.13150255382061005,0.528484582901001,-0.34802529215812683,0.07073242962360382,-0.23541122674942017,0.8637800812721252,-0.5722860097885132,0.5444729328155518,-0.32805055379867554,-0.007499777711927891,-0.05900299549102783,-0.01638254150748253,0.0075128087773919106,0.03734583407640457,1.0542490482330322,-0.5365376472473145,-0.17237117886543274,0.13135404884815216,0.20214250683784485,-0.682270884513855,-0.4804592728614807,0.5000216960906982,-0.0019370621303096414,0.06073798984289169,0.12446364015340805,0.4917256534099579,-0.03199955075979233,-0.0857592523097992
4.916666666666666,action_b,1.0,7.915048599243164,0.00171661376953125,-0.08656110614538193,0.12324608117341995,0.4999057948589325,-0.33004558086395264,0.03462614119052887,-0.21570958197116852,0.8451532125473022,-0.6099851131439209,0.5103392601013184,-0.36905667185783386,-0.00806268211454153,-0.07316317409276962,-0.03335029259324074,0.0005029737367294729,0.03409690409898758,1.0620379447937012,-0.5404689908027649,-0.17117133736610413,0.1342630833387375,0.2095126062631607,-0.6163121461868286,-0.49535998702049255,0.4739290475845337,-0.0033649965189397335,0.06346021592617035,0.13263468444347382,0.48230087757110596,-0.05865726247429848,-0.08648253232240677
4.924999999999999,action_b,1.0,7.036406993865967,300.6031036376953,-0.07972565293312073,0.10207907855510712,0.4636763334274292,-0.3080310821533203,0.004551730118691921,-0.2004394233226776,0.8362374305725098,-0.6382594108581543,0.47401830554008484,-0.39983615279197693,-0.007831827737390995,-0.07905914634466171,-0.04035026580095291,0.0032515297643840313,0.03362381458282471,1.0678608417510986,-0.55171138048172,-0.14909628033638,0.1398523449897766,0.22058524191379547,-0.5576754212379456,-0.5101953148841858,0.45405298471450806,-0.003487719688564539,0.0664808601140976,0.1439957618713379,0.4823003113269806,-0.07578389346599579,-0.0823940634727478
4.933333333333334,action_b,1.0,7.036410570144653,0.00171661376953125,-0.07289020717144012,0.08091207593679428,0.4274468719959259,-0.2860165536403656,-0.025522680953145027,-0.1851692497730255,0.8273216485977173,-0.6665337681770325,0.4376973509788513,-0.43061563372612,-0.007600973825901747,-0.0849551185965538,-0.04735024273395538,0.006000085733830929,0.033150725066661835,1.0736836194992065,-0.562953770160675,-0.12702123820781708,0.14544160664081573,0.23165787756443024,-0.4990386664867401,-0.5250306725502014,0.43417689204216003,-0.0036104428581893444,0.06950149685144424,0.15535683929920197,0.4822997450828552,-0.0929105281829834,-0.07830560207366943
4.941666666666666,action_b,1.0,6.5449583530426025,227.21185684204102,-0.06735777109861374,0.06308376789093018,0.39267590641975403,-0.27978062629699707,-0.05476483702659607,-0.18096497654914856,0.8289499878883362,-0.6950096487998962,0.4038204848766327,-0.45962315797805786,-0.007029709871858358,-0.08856788277626038,-0.04900765046477318,0.009655606001615524,0.03137536346912384,1.0807206630706787,-0.5708121061325073,-0.11145614832639694,0.143633171916008,0.24284282326698303,-0.44449734687805176,-0.5436831712722778,0.4176982641220093,-0.004346657544374466,0.07149522751569748,0.1642666757106781,0.4823002517223358,-0.10769713670015335,-0.08672140538692474
4.950000000000001,action_b,1.0,6.5449583530426025,0.00171661376953125,-0.06182533875107765,0.04525546729564667,0.35790494084358215,-0.2735447287559509,-0.08400699496269226,-0.1767607033252716,0.8305783271789551,-0.72348552942276,0.36994361877441406,-0.48863065242767334,-0.00645844591781497,-0.09218065440654755,-0.05066505819559097,0.013311127200722694,0.029600000008940697,1.0877575874328613,-0.5786703824996948,-0.0958910584449768,0.14182473719120026,0.254027783870697,-0.3899560272693634,-0.5623356103897095,0.40121960639953613,-0.005082872696220875,0.07348895817995071,0.17317651212215424,0.4823007583618164,-0.1224837452173233,-0.09513720124959946
4.958333333333334,action_b,1.0,4.848600625991821,332.4239730834961,-0.056813985109329224,0.019062837585806847,0.3231767416000366,-0.2687169909477234,-0.11625099182128906,-0.1752486228942871,0.8309594988822937,-0.7395925521850586,0.34170252084732056,-0.5184667110443115,-0.006277202162891626,-0.09866257011890411,-0.0567009299993515,0.016481198370456696,0.026400528848171234,1.1178795099258423,-0.5817432403564453,-0.07885263115167618,0.1357993334531784,0.26429277658462524,-0.3495510220527649,-0.5674587488174438,0.39320093393325806,-0.003684740513563156,0.07273873686790466,0.1856948733329773,0.4822996258735657,-0.14016661047935486,-0.10522466897964478
4.966666666666667,action_b,1.0,4.848600625991821,0.000858306884765625,-0.051802631467580795,-0.007129793055355549,0.2884485125541687,-0.26388922333717346,-0.14849498867988586,-0.17373652756214142,0.8313406705856323,-0.755699634552002,0.31346139311790466,-0.5483027100563049,-0.006095958407968283,-0.10514447838068008,-0.06273680180311203,0.019651267677545547,0.023201055824756622,1.1480014324188232,-0.5848160982131958,-0.06181420013308525,0.12977392971515656,0.27455779910087585,-0.3091460168361664,-0.5725818276405334,0.3851822316646576,-0.0022866083309054375,0.07198852300643921,0.19821324944496155,0.48229852318763733,-0.1578494906425476,-0.11531214416027069
4.975,action_b,1.0,5.1670002937316895,151.90277695655823,-0.048999570310115814,-0.03620951995253563,0.2453901767730713,-0.2517860233783722,-0.1735013872385025,-0.16917984187602997,0.8218517303466797,-0.7739243507385254,0.2903379201889038,-0.5826044082641602,-0.007641488686203957,-0.10339468717575073,-0.058223869651556015,0.021500281989574432,0.015904614701867104,1.179686427116394,-0.583336353302002,-0.04090041294693947,0.12459248304367065,0.2880207896232605,-0.26730871200561523,-0.5749315023422241,0.38245511054992676,-0.001535631949082017,0.07164551317691803,0.21345624327659607,0.48229852318763733,-0.17196226119995117,-0.12486197799444199
4.9833333333333325,action_b,1.0,5.167002081871033,0.000858306884765625,-0.04619650915265083,-0.06528924405574799,0.20233182609081268,-0.23968280851840973,-0.19850778579711914,-0.16462315618991852,0.8123628497123718,-0.7921490669250488,0.26721447706222534,-0.6169061660766602,-0.009187018498778343,-0.10164490342140198,-0.0537109375,0.023349298164248466,0.00860817264765501,1.2113714218139648,-0.5818566679954529,-0.019986625760793686,0.11941103637218475,0.30148378014564514,-0.2254714071750641,-0.57728111743927,0.3797280192375183,-0.0007846554508432746,0.07130251079797745,0.22869925200939178,0.48229852318763733,-0.18607503175735474,-0.13441181182861328
4.991666666666665,action_b,1.0,5.624113082885742,299.5027542114258,-0.04725990071892738,-0.0882357656955719,0.16091755032539368,-0.221524178981781,-0.22007963061332703,-0.15880386531352997,0.8041442632675171,-0.8266863226890564,0.249660462141037,-0.6562678813934326,-0.009190091863274574,-0.08917296677827835,-0.04492243379354477,0.024801187217235565,0.003177906386554241,1.2222576141357422,-0.5722156763076782,-0.0008723558858036995,0.11666707694530487,0.3135506212711334,-0.17860379815101624,-0.5862967371940613,0.3704366087913513,-0.0033272909931838512,0.07293449342250824,0.23780867457389832,0.490304172039032,-0.19912341237068176,-0.1439109444618225
5.0,action_b,1.0,5.624113082885742,0.00171661376953125,-0.048323292285203934,-0.11118227988481522,0.11950326710939407,-0.20336556434631348,-0.2416514903306961,-0.15298457443714142,0.7959256172180176,-0.861223578453064,0.23210644721984863,-0.6956295371055603,-0.009193165227770805,-0.07670103013515472,-0.03613393008708954,0.026253074407577515,-0.002252359874546528,1.23314368724823,-0.5625746846199036,0.018241913989186287,0.11392311751842499,0.3256174623966217,-0.13173618912696838,-0.5953123569488525,0.3611451983451843,-0.005869926419109106,0.07456647604703903,0.24691808223724365,0.49830982089042664,-0.2121717780828476,-0.15341009199619293
5.008333333333335,action_b,1.0,6.28518283367157,188.0062222480774,-0.049766458570957184,-0.12870804965496063,0.09114497154951096,-0.1938147246837616,-0.2650027573108673,-0.14732208847999573,0.7884166240692139,-0.9077565670013428,0.20988678932189941,-0.7360491752624512,-0.0059591843746602535,-0.06486117839813232,-0.02476201020181179,0.028279360383749008,-0.007166104856878519,1.2401316165924072,-0.5573555827140808,0.03161244839429855,0.11352923512458801,0.3366483449935913,-0.07935966551303864,-0.5997437238693237,0.34165406227111816,-0.006228125188499689,0.07679930329322815,0.2567978799343109,0.5009618401527405,-0.22590447962284088,-0.1700979769229889
5.0166666666666675,action_b,1.0,6.285182610154152,0.00171661376953125,-0.05120962858200073,-0.14623381197452545,0.06278667598962784,-0.18426388502120972,-0.2883540093898773,-0.14165960252285004,0.7809076905250549,-0.9542896151542664,0.1876671463251114,-0.776468813419342,-0.0027252035215497017,-0.05302131921052933,-0.013390089385211468,0.0303056463599205,-0.01207984983921051,1.247119426727295,-0.5521364808082581,0.04498298093676567,0.11313534528017044,0.3476792275905609,-0.026983143761754036,-0.6041750907897949,0.322162926197052,-0.006586323957890272,0.07903213798999786,0.2666776776313782,0.5036138892173767,-0.23963718116283417,-0.18678587675094604
5.025,action_b,1.0,5.533306673169136,247.33314514160156,-0.05257314816117287,-0.16184695065021515,0.04483293741941452,-0.17527621984481812,-0.3136327862739563,-0.1389843225479126,0.7727418541908264,-0.9991164207458496,0.16078105568885803,-0.8097499012947083,-0.0012867717305198312,-0.03570859879255295,0.002823734190315008,0.030316971242427826,-0.018390901386737823,1.2712831497192383,-0.5474785566329956,0.051041506230831146,0.10911528766155243,0.3667789101600647,0.019127745181322098,-0.6029781103134155,0.2965036630630493,-0.0050141108222305775,0.07686541974544525,0.27234819531440735,0.4994456171989441,-0.2571483552455902,-0.20864105224609375
5.033333333333333,action_b,1.0,5.533306449651718,0.00171661376953125,-0.053936667740345,-0.17746008932590485,0.0268792025744915,-0.16628853976726532,-0.3389115631580353,-0.13630902767181396,0.7645760178565979,-1.043943166732788,0.13389496505260468,-0.8430309891700745,0.0001516601478215307,-0.01839587651193142,0.019037557765841484,0.03032829612493515,-0.024701951071619987,1.2954469919204712,-0.5428206920623779,0.05710003152489662,0.10509523004293442,0.3858785629272461,0.06523863226175308,-0.6017810702323914,0.27084439992904663,-0.0034418979194015265,0.07469869405031204,0.2780187129974365,0.49527737498283386,-0.27465954422950745,-0.23049624264240265
5.041666666666666,action_b,1.0,6.058516502380371,184.0034008026123,-0.058776289224624634,-0.19341722130775452,0.014411435462534428,-0.16259336471557617,-0.3622327446937561,-0.135644793510437,0.7668375968933105,-1.0944308042526245,0.11054873466491699,-0.8738040924072266,0.0032884711399674416,0.009556998498737812,0.041054874658584595,0.028468741104006767,-0.03162509948015213,1.3234782218933105,-0.5385949611663818,0.06488709151744843,0.10076218843460083,0.4068722426891327,0.10113933682441711,-0.6041456460952759,0.24615874886512756,-0.0033697038888931274,0.0682423859834671,0.27091121673583984,0.493716299533844,-0.2882170081138611,-0.25131386518478394
5.049999999999999,action_b,1.0,6.058516502380371,0.00171661376953125,-0.06361591070890427,-0.20937436819076538,0.0019436691654846072,-0.15889818966388702,-0.38555389642715454,-0.13498055934906006,0.7690991759300232,-1.144918441772461,0.08720250427722931,-0.9045771360397339,0.0064252819865942,0.03750987350940704,0.06307218968868256,0.026609186083078384,-0.03854824975132942,1.3515093326568604,-0.5343692302703857,0.07267414778470993,0.09642915427684784,0.4278659224510193,0.13704003393650055,-0.6065101623535156,0.2214730978012085,-0.003297510091215372,0.06178607791662216,0.2638036906719208,0.4921552240848541,-0.30177444219589233,-0.2721315026283264
5.058333333333334,action_b,1.0,5.91097354888916,291.95265769958496,-0.05887944623827934,-0.21366728842258453,0.0005043606506660581,-0.15984117984771729,-0.3942548632621765,-0.12353023141622543,0.7741813659667969,-1.1941765546798706,0.07233619689941406,-0.9249961376190186,0.007872982881963253,0.06586503982543945,0.09114064276218414,0.034248560667037964,-0.039302121847867966,1.3664482831954956,-0.5377541780471802,0.07213009893894196,0.07875076681375504,0.4623924493789673,0.15266624093055725,-0.611492395401001,0.19758842885494232,-1.5850993804633617e-05,0.06007211282849312,0.2661084532737732,0.5021761655807495,-0.3085988163948059,-0.30275386571884155
5.066666666666666,action_b,1.0,5.91097354888916,0.000858306884765625,-0.05414298176765442,-0.2179602086544037,-0.0009349478641524911,-0.16078418493270874,-0.4029558300971985,-0.11207990348339081,0.7792636156082153,-1.2434346675872803,0.05746988207101822,-0.945415198802948,0.009320683777332306,0.09422020614147186,0.11920909583568573,0.041887931525707245,-0.04005599394440651,1.3813872337341309,-0.5411391854286194,0.07158604264259338,0.06107237935066223,0.49691900610923767,0.16829244792461395,-0.6164745688438416,0.17370375990867615,0.003265808103606105,0.058358147740364075,0.2684131860733032,0.5121971368789673,-0.31542322039604187,-0.3333762288093567
5.075000000000001,action_b,1.0,6.122331619262695,311.83319091796875,-0.058399975299835205,-0.22803080081939697,0.012562805786728859,-0.15620926022529602,-0.4167725443840027,-0.10916070640087128,0.7760492563247681,-1.2944540977478027,0.0380893275141716,-0.9605726003646851,0.01698467694222927,0.1234549805521965,0.15092657506465912,0.03672069311141968,-0.04965431988239288,1.4019910097122192,-0.5414118766784668,0.06792821735143661,0.04782486706972122,0.5293205976486206,0.18724673986434937,-0.6251708269119263,0.1462634652853012,0.006569358985871077,0.06009157747030258,0.29237300157546997,0.5138300657272339,-0.32335996627807617,-0.35061341524124146
5.083333333333334,action_b,1.0,6.122345924377441,0.00171661376953125,-0.06265696883201599,-0.23810137808322906,0.0260605588555336,-0.1516343206167221,-0.4305892288684845,-0.10624151676893234,0.7728348970413208,-1.3454736471176147,0.01870877295732498,-0.9757300615310669,0.024648670107126236,0.15268975496292114,0.1826440542936325,0.03155345097184181,-0.059252649545669556,1.4225947856903076,-0.541684627532959,0.06427039206027985,0.03457735478878021,0.5617222189903259,0.20620101690292358,-0.6338670253753662,0.11882317066192627,0.009872909635305405,0.06182500720024109,0.31633278727531433,0.5154629349708557,-0.3312967121601105,-0.36785057187080383
5.091666666666667,action_b,1.0,6.129112243652344,384.0665817260742,-0.06730102747678757,-0.2488735318183899,0.057893600314855576,-0.1443174183368683,-0.44086146354675293,-0.09968056529760361,0.7649599313735962,-1.3965495824813843,-0.007077403366565704,-0.9877052307128906,0.032747745513916016,0.17258073389530182,0.2108689248561859,0.023849669843912125,-0.07481515407562256,1.46986985206604,-0.5422669649124146,0.06266096234321594,0.025342296808958054,0.5900177955627441,0.2075636237859726,-0.6329822540283203,0.10794633626937866,0.02061820961534977,0.05095933750271797,0.3286106586456299,0.5158599615097046,-0.33981841802597046,-0.36718836426734924
5.1,action_b,1.0,6.129112243652344,0.00171661376953125,-0.07194508612155914,-0.2596456706523895,0.08972664177417755,-0.13700053095817566,-0.45113372802734375,-0.09311961382627487,0.7570850253105164,-1.4476255178451538,-0.03286357969045639,-0.9996803998947144,0.0408468171954155,0.1924717128276825,0.23909378051757812,0.016145886853337288,-0.09037765860557556,1.517144799232483,-0.5428492426872253,0.06105153262615204,0.016107238829135895,0.6183133721351624,0.2089262306690216,-0.6320975422859192,0.09706950187683105,0.031363509595394135,0.040093667805194855,0.34088850021362305,0.5162569880485535,-0.34834012389183044,-0.36652615666389465
5.1083333333333325,action_b,1.0,4.899072647094727,276.3636589050293,-0.07619071006774902,-0.2605871558189392,0.12785819172859192,-0.13582059741020203,-0.45428335666656494,-0.08679075539112091,0.7522010803222656,-1.4884511232376099,-0.05753166601061821,-1.010673999786377,0.04613319784402847,0.1965962052345276,0.2557115852832794,0.013755472376942635,-0.0980495810508728,1.5458788871765137,-0.550017774105072,0.06119666248559952,0.011012699455022812,0.6379513740539551,0.2018369436264038,-0.6504047513008118,0.08643929660320282,0.024210497736930847,0.034091874957084656,0.33659791946411133,0.5154151916503906,-0.3484232425689697,-0.36426547169685364
5.116666666666665,action_b,1.0,4.899072647094727,0.000858306884765625,-0.0804363340139389,-0.2615286707878113,0.1659897267818451,-0.1346406638622284,-0.45743298530578613,-0.08046190440654755,0.7473171949386597,-1.529276728630066,-0.08219975233078003,-1.0216675996780396,0.05141957476735115,0.20072069764137268,0.2723293900489807,0.011365058831870556,-0.10572149604558945,1.5746129751205444,-0.5571863055229187,0.061341792345047,0.005918159149587154,0.657589316368103,0.1947476714849472,-0.6687119603157043,0.07580909878015518,0.01705748587846756,0.028090085834264755,0.332307368516922,0.5145734548568726,-0.3485063314437866,-0.3620047867298126
5.125,action_b,1.0,1.902909278869629,449.65667724609375,-0.08770403265953064,-0.2616640031337738,0.17662206292152405,-0.13410133123397827,-0.4584408104419708,-0.08046190440654755,0.7448872923851013,-1.5451343059539795,-0.08523021638393402,-1.030609130859375,0.05366639792919159,0.20456555485725403,0.2734045386314392,0.01368708349764347,-0.11151357740163803,1.5721209049224854,-0.5555340051651001,0.07124246656894684,6.565963849425316e-05,0.657589316368103,0.19652295112609863,-0.6756994724273682,0.07548383623361588,0.011805408634245396,0.027275744825601578,0.3304876685142517,0.5111009478569031,-0.34978413581848145,-0.3548680543899536
5.133333333333335,action_b,1.0,1.902923583984375,0.00171661376953125,-0.09497173875570297,-0.26179933547973633,0.187254399061203,-0.13356199860572815,-0.4594486355781555,-0.08046190440654755,0.742457389831543,-1.5609920024871826,-0.08826068788766861,-1.0395506620407104,0.05591322481632233,0.20841039717197418,0.2744797170162201,0.01600910723209381,-0.11730565875768661,1.5696288347244263,-0.5538817048072815,0.08114314079284668,-0.005786839872598648,0.657589316368103,0.19829824566841125,-0.6826870441436768,0.07515857368707657,0.0065533313900232315,0.02646140567958355,0.32866793870925903,0.5076284408569336,-0.35106196999549866,-0.3477313220500946
5.1416666666666675,action_b,1.0,5.864574909210205,558.1998825073242,-0.09424971044063568,-0.2617996633052826,0.2361258566379547,-0.13069088757038116,-0.4657065272331238,-0.0729505717754364,0.739181399345398,-1.588219165802002,-0.08411000669002533,-1.0425336360931396,0.05433878302574158,0.18843698501586914,0.27368268370628357,0.011851872317492962,-0.11261722445487976,1.528372883796692,-0.5558540225028992,0.07928354293107986,-0.0020985526498407125,0.6707124710083008,0.20863130688667297,-0.6752617359161377,0.058283861726522446,-0.0027990504167973995,0.03514990210533142,0.318634033203125,0.5071103572845459,-0.3662424683570862,-0.34928107261657715
5.15,action_b,1.0,5.864574909210205,0.00171661376953125,-0.09352768212556839,-0.26179999113082886,0.2849973142147064,-0.12781977653503418,-0.47196441888809204,-0.06543923914432526,0.7359053492546082,-1.6154462099075317,-0.07995933294296265,-1.0455164909362793,0.052764344960451126,0.1684635877609253,0.27288565039634705,0.0076946378685534,-0.10792878270149231,1.4871169328689575,-0.5578263401985168,0.07742394506931305,0.0015897344565019011,0.6838356852531433,0.2189643681049347,-0.6678363680839539,0.04140914976596832,-0.01215143222361803,0.04383840039372444,0.30860012769699097,0.5065922737121582,-0.3814229965209961,-0.3508308231830597
5.158333333333333,action_b,1.0,5.037102699279785,516.2166595458984,-0.0923747643828392,-0.26179999113082886,0.32317936420440674,-0.1332816779613495,-0.47160404920578003,-0.06423629820346832,0.7407102584838867,-1.6068248748779297,-0.08370977640151978,-1.0448329448699951,0.04316144436597824,0.1487874686717987,0.2586328685283661,0.010629613883793354,-0.09468019008636475,1.445141077041626,-0.5544493794441223,0.08788980543613434,0.012791333720088005,0.6686654686927795,0.23267266154289246,-0.6621481776237488,0.0361163504421711,-0.012851234525442123,0.049574289470911026,0.29514312744140625,0.505462646484375,-0.3830733895301819,-0.3320344090461731
5.166666666666666,action_b,1.0,5.037117004394531,0.00171661376953125,-0.09122184664011002,-0.26179999113082886,0.36136141419410706,-0.1387435793876648,-0.4712437093257904,-0.06303336471319199,0.7455152273178101,-1.5982036590576172,-0.08746021240949631,-1.0441495180130005,0.033558547496795654,0.12911134958267212,0.24438007175922394,0.01356458943337202,-0.08143159002065659,1.4031651020050049,-0.5510724186897278,0.09835566580295563,0.023992933332920074,0.6534952521324158,0.24638094007968903,-0.6564599871635437,0.03082355298101902,-0.013551035895943642,0.05531017854809761,0.28168609738349915,0.504332959651947,-0.3847237825393677,-0.3132379949092865
5.174999999999999,action_b,1.0,5.877327919006348,486.82823181152344,-0.0963025763630867,-0.26179033517837524,0.4094253182411194,-0.13726693391799927,-0.47003254294395447,-0.06986075639724731,0.7374377250671387,-1.5748176574707031,-0.09959735721349716,-1.036339282989502,0.03391612693667412,0.10788455605506897,0.22541499137878418,0.018829496577382088,-0.07072746753692627,1.3707606792449951,-0.5332733392715454,0.12691643834114075,0.05305633321404457,0.6045175194740295,0.2523359954357147,-0.6672106981277466,0.051469836384058,-0.012833531945943832,0.058233946561813354,0.27401304244995117,0.49470484256744385,-0.37714800238609314,-0.28039905428886414
5.183333333333334,action_b,1.0,5.877327919006348,0.00171661376953125,-0.10138330608606339,-0.26178067922592163,0.4574892222881317,-0.13579028844833374,-0.46882137656211853,-0.07668815553188324,0.7293601632118225,-1.5514317750930786,-0.11173450201749802,-1.028529167175293,0.03427370637655258,0.08665775507688522,0.20644991099834442,0.02409440465271473,-0.06002334505319595,1.3383562564849854,-0.5154743194580078,0.15547721087932587,0.08211973309516907,0.5555397868156433,0.2582910358905792,-0.6779614686965942,0.07211612164974213,-0.012116027064621449,0.0611577183008194,0.2663400173187256,0.48507675528526306,-0.3695722222328186,-0.24756011366844177
5.191666666666666,action_b,1.0,5.618891716003418,417.13993549346924,-0.10104101896286011,-0.26176995038986206,0.49504560232162476,-0.137636199593544,-0.45565974712371826,-0.06541743129491806,0.7214125990867615,-1.5111439228057861,-0.10355594754219055,-1.0239272117614746,0.027034537866711617,0.06535353511571884,0.1753522902727127,0.026722781360149384,-0.051481932401657104,1.2915321588516235,-0.4949209690093994,0.17291401326656342,0.09816667437553406,0.5088403820991516,0.23527802526950836,-0.6976622343063354,0.10679783672094345,-0.01842259243130684,0.06003348529338837,0.23679840564727783,0.4848611056804657,-0.36796125769615173,-0.2143556773662567
5.200000000000001,action_b,1.0,5.618891716003418,0.00171661376953125,-0.10069873929023743,-0.2617592513561249,0.5326020121574402,-0.13948211073875427,-0.442498117685318,-0.05414670333266258,0.7134650349617004,-1.4708561897277832,-0.09537740051746368,-1.0193252563476562,0.01979536935687065,0.04404931887984276,0.144254669547081,0.029351158067584038,-0.042940519750118256,1.2447080612182617,-0.4743676483631134,0.19035081565380096,0.11421362310647964,0.4621409475803375,0.2122650146484375,-0.7173629999160767,0.14147955179214478,-0.024729156866669655,0.058909256011247635,0.20725680887699127,0.48464545607566833,-0.36635029315948486,-0.18115122616291046
5.208333333333334,action_b,1.0,3.144439458847046,556.8265914916992,-0.09938071668148041,-0.2616015076637268,0.5460951328277588,-0.13898079097270966,-0.4370713531970978,-0.0554618239402771,0.7115612030029297,-1.4519362449645996,-0.07824205607175827,-1.0243911743164062,0.017312223091721535,0.034744106233119965,0.12595224380493164,0.03164795786142349,-0.03992575407028198,1.2365524768829346,-0.46299034357070923,0.1934993863105774,0.11707043647766113,0.4359372854232788,0.19729605317115784,-0.708160400390625,0.16105897724628448,-0.020250320434570312,0.059604451060295105,0.20924970507621765,0.4840247929096222,-0.3694807291030884,-0.1747540831565857
5.216666666666667,action_b,1.0,3.1444430351257324,0.00171661376953125,-0.09806268662214279,-0.2614437937736511,0.5595881938934326,-0.13847947120666504,-0.43164458870887756,-0.05677694082260132,0.7096573114395142,-1.433016300201416,-0.061106711626052856,-1.0294570922851562,0.014829075895249844,0.02543889358639717,0.10764982551336288,0.033944759517908096,-0.03691098466515541,1.2283967733383179,-0.45161303877830505,0.19664797186851501,0.11992725729942322,0.4097335934638977,0.18232707679271698,-0.6989578008651733,0.1806384027004242,-0.01577148213982582,0.06029964238405228,0.21124260127544403,0.48340412974357605,-0.3726111352443695,-0.16835692524909973
5.225,action_b,1.0,0.000514984130859375,377.27136611938477,-0.09806214272975922,-0.26144295930862427,0.5595906376838684,-0.13847962021827698,-0.43164384365081787,-0.05677781254053116,0.7096573710441589,-1.4330129623413086,-0.06110428273677826,-1.0294580459594727,0.014828874729573727,0.02543744072318077,0.10764691233634949,0.033944807946681976,-0.03691035881638527,1.2283952236175537,-0.45161163806915283,0.1966474950313568,0.11992745101451874,0.4097293019294739,0.18232454359531403,-0.6989558935165405,0.18063952028751373,-0.015771180391311646,0.060299888253211975,0.2112427055835724,0.48340409994125366,-0.37261125445365906,-0.16835655272006989
5.2333333333333325,action_b,1.0,0.000514984130859375,0.000858306884765625,-0.09806160628795624,-0.261442095041275,0.5595930814743042,-0.13847976922988892,-0.4316430687904358,-0.056778684258461,0.7096574306488037,-1.4330096244812012,-0.06110185384750366,-1.029458999633789,0.01482867356389761,0.02543598785996437,0.1076439917087555,0.03394485265016556,-0.03690973296761513,1.2283936738967896,-0.4516102075576782,0.1966470330953598,0.11992764472961426,0.40972501039505005,0.18232201039791107,-0.6989540457725525,0.18064063787460327,-0.01577087678015232,0.060300130397081375,0.21124282479286194,0.4834040701389313,-0.3726113736629486,-0.16835618019104004
5.241666666666665,action_b,1.0,0.00057220458984375,0.031757354736328125,-0.09806042164564133,-0.2614401578903198,0.5595977306365967,-0.1384802907705307,-0.43164128065109253,-0.05678033083677292,0.7096571326255798,-1.4330048561096191,-0.061098046600818634,-1.029459834098816,0.014828478917479515,0.025434013456106186,0.10763978958129883,0.033944666385650635,-0.0369088351726532,1.2283908128738403,-0.4516085386276245,0.19664549827575684,0.11992771923542023,0.409720242023468,0.18231774866580963,-0.6989508867263794,0.1806420087814331,-0.0157705657184124,0.06030060350894928,0.2112428992986679,0.4834040403366089,-0.37261080741882324,-0.16835594177246094
5.25,action_b,1.0,0.0005757808685302734,0.000858306884765625,-0.09805923700332642,-0.26143819093704224,0.5596024394035339,-0.13848081231117249,-0.43163952231407166,-0.05678197368979454,0.709656834602356,-1.433000087738037,-0.061094239354133606,-1.0294606685638428,0.014828285202383995,0.025432037189602852,0.10763559490442276,0.03394448384642601,-0.03690793737769127,1.2283879518508911,-0.4516068696975708,0.19664394855499268,0.1199277937412262,0.4097154438495636,0.1823134869337082,-0.6989477872848511,0.18064337968826294,-0.015770254656672478,0.060301072895526886,0.21124297380447388,0.4834040105342865,-0.3726102411746979,-0.16835568845272064
5.258333333333335,action_b,1.0,9.424781799316406,1130.918562412262,-0.0708744004368782,-0.21124035120010376,0.6381422281265259,-0.15313167870044708,-0.3783510625362396,-0.09423796087503433,0.6925917863845825,-1.3544602394104004,0.017445579171180725,-1.0289700031280518,0.010609949007630348,-0.010286775417625904,0.02909577637910843,0.025388598442077637,-0.023886922746896744,1.1589043140411377,-0.4185603857040405,0.15222644805908203,0.11707961559295654,0.33117562532424927,0.10377366840839386,-0.6254045963287354,0.21379753947257996,-0.010163847357034683,0.07159543037414551,0.21056605875492096,0.4819400906562805,-0.35422593355178833,-0.16425126791000366
5.2666666666666675,action_b,1.0,9.424781799316406,0.00171661376953125,-0.04368956759572029,-0.16104251146316528,0.7166820764541626,-0.16778254508972168,-0.3250626027584076,-0.13169394433498383,0.6755266785621643,-1.2759203910827637,0.09598539769649506,-1.0284794569015503,0.006391613278537989,-0.04600558802485466,-0.0494440421462059,0.016832714900374413,-0.010865909978747368,1.0894206762313843,-0.38551387190818787,0.10780896246433258,0.11423144489526749,0.25263580679893494,0.02523384802043438,-0.5518614649772644,0.24695169925689697,-0.004557440988719463,0.08288979530334473,0.20988914370536804,0.4804762005805969,-0.3358416259288788,-0.16014686226844788
5.275,action_b,1.0,6.906909942626953,934.4995379447937,-0.040946803987026215,-0.1456705927848816,0.772031307220459,-0.18604527413845062,-0.2981823682785034,-0.14092278480529785,0.6708724498748779,-1.218362808227539,0.12548395991325378,-1.00761878490448,0.004475581459701061,-0.04854556545615196,-0.063088059425354,0.012581483460962772,-0.011002486571669579,1.0638930797576904,-0.38284409046173096,0.08854730427265167,0.10900871455669403,0.19525711238384247,-0.022622235119342804,-0.5356817841529846,0.25845783948898315,-0.0038925984408706427,0.08830304443836212,0.21257637441158295,0.46779653429985046,-0.32020965218544006,-0.16693115234375
5.283333333333333,action_b,1.0,6.906924247741699,0.00171661376953125,-0.038204044103622437,-0.1302986592054367,0.8273805975914001,-0.20430800318717957,-0.27130213379859924,-0.15015161037445068,0.6662182807922363,-1.160805106163025,0.1549825370311737,-0.9867581129074097,0.00255954940803349,-0.051085542887449265,-0.0767320767045021,0.008330252021551132,-0.011139064095914364,1.0383656024932861,-0.38017433881759644,0.06928563863039017,0.10378598421812057,0.13787841796875,-0.07047832012176514,-0.5195021033287048,0.26996397972106934,-0.003227755893021822,0.09371629357337952,0.21526360511779785,0.455116868019104,-0.30457767844200134,-0.17371544241905212
5.291666666666666,action_b,1.0,4.2644548416137695,1010.3265523910522,-0.040354177355766296,-0.12443035840988159,0.8269104957580566,-0.22366733849048615,-0.24442192912101746,-0.1546274572610855,0.6593708395957947,-1.1252679824829102,0.18983346223831177,-0.9629503488540649,0.0007427099626511335,-0.05635455250740051,-0.09322161972522736,0.006090704817324877,-0.012293409556150436,1.0094780921936035,-0.38091424107551575,0.04868046194314957,0.10524505376815796,0.15066128969192505,-0.09875265508890152,-0.5011376142501831,0.2780720889568329,-0.002437424613162875,0.10049737989902496,0.22125256061553955,0.4431762099266052,-0.29026713967323303,-0.18046313524246216
5.299999999999999,action_b,1.0,4.2644548416137695,0.00171661376953125,-0.042504310607910156,-0.11856206506490707,0.8264403343200684,-0.24302667379379272,-0.21754173934459686,-0.15910330414772034,0.652523398399353,-1.0897308588027954,0.22468440234661102,-0.9391425251960754,-0.001074129482731223,-0.06162356585264206,-0.1097111701965332,0.0038511576130986214,-0.013447755016386509,0.9805907011032104,-0.38165414333343506,0.028075287118554115,0.10670413076877594,0.1634441763162613,-0.1270269900560379,-0.482773095369339,0.28618019819259644,-0.0016470933333039284,0.10727847367525101,0.22724151611328125,0.43123552203178406,-0.2759566009044647,-0.187210813164711
5.308333333333334,action_b,1.0,4.44645881652832,223.07696342468262,-0.04370588809251785,-0.11290016025304794,0.826960563659668,-0.25866615772247314,-0.1888502836227417,-0.16331376135349274,0.6474648714065552,-1.052677035331726,0.2534240186214447,-0.9194308519363403,-0.0010023610666394234,-0.06861215829849243,-0.13146856427192688,0.004511341452598572,-0.026003960520029068,0.9550646543502808,-0.3801839351654053,0.004148797132074833,0.10809066891670227,0.19171851873397827,-0.15530133247375488,-0.4630635976791382,0.2941005229949951,0.0002749408595263958,0.11459028720855713,0.2341112196445465,0.4243815541267395,-0.25549817085266113,-0.19171497225761414
5.316666666666666,action_b,1.0,4.44645881652832,0.000858306884765625,-0.04490746930241585,-0.10723825544118881,0.8274807929992676,-0.27430567145347595,-0.16015884280204773,-0.16752421855926514,0.6424064040184021,-1.0156232118606567,0.2821636497974396,-0.8997191786766052,-0.0009305925341323018,-0.07560074329376221,-0.15322595834732056,0.0051715257577598095,-0.0385601669549942,0.9295386672019958,-0.3787137567996979,-0.01977769285440445,0.1094772145152092,0.21999284625053406,-0.18357565999031067,-0.443354070186615,0.3020208477973938,0.00219697505235672,0.12190209329128265,0.24098090827465057,0.41752761602401733,-0.23503975570201874,-0.19621914625167847
5.325000000000001,action_b,1.0,5.095939636230469,145.26071548461914,-0.04436782747507095,-0.10283730179071426,0.8314139246940613,-0.28082922101020813,-0.12905102968215942,-0.16875557601451874,0.6293317675590515,-0.9731570482254028,0.30081573128700256,-0.8731751441955566,-0.00017733362619765103,-0.08295043557882309,-0.17467382550239563,0.009850549511611462,-0.052126530557870865,0.9063655734062195,-0.36860191822052,-0.03727113828063011,0.10404281318187714,0.24975557625293732,-0.21184998750686646,-0.4254775643348694,0.310443639755249,0.005081480834633112,0.1319340169429779,0.2540670931339264,0.4143882393836975,-0.2075527310371399,-0.19648119807243347
5.333333333333334,action_b,1.0,5.095932483673096,0.000858306884765625,-0.04382818937301636,-0.09843634814023972,0.835347056388855,-0.2873527705669403,-0.09794321656227112,-0.16998693346977234,0.6162571310997009,-0.9306909441947937,0.31946781277656555,-0.8466310501098633,0.0005759252817369998,-0.09030012786388397,-0.1961216777563095,0.014529572799801826,-0.06569289416074753,0.8831924796104431,-0.35849007964134216,-0.054764583706855774,0.09860841184854507,0.2795183062553406,-0.24012432992458344,-0.4076010584831238,0.31886643171310425,0.007965986616909504,0.14196595549583435,0.267153263092041,0.4112488627433777,-0.18006570637226105,-0.19674326479434967
5.341666666666667,action_b,1.0,9.42477822303772,702.3900747299194,-0.04986816272139549,-0.09768326580524445,0.8502939939498901,-0.2875012755393982,-0.05523029714822769,-0.16781747341156006,0.6102594137191772,-0.9027606248855591,0.32420408725738525,-0.8158587217330933,0.0012752554612234235,-0.09481336176395416,-0.2170674353837967,0.00243716174736619,-0.08377431333065033,0.8553276062011719,-0.3682416081428528,-0.059473276138305664,0.09741242229938507,0.3580581247806549,-0.2786198854446411,-0.4022919237613678,0.33049440383911133,0.012412801384925842,0.153345987200737,0.2726316452026367,0.4224618971347809,-0.1373254656791687,-0.18228089809417725
5.35,action_b,1.0,9.42477822303772,0.000858306884765625,-0.05590813606977463,-0.09693017601966858,0.8652408719062805,-0.28764981031417847,-0.012517374008893967,-0.16564802825450897,0.6042616963386536,-0.8748302459716797,0.32894036173820496,-0.7850863337516785,0.001974585698917508,-0.09932660311460495,-0.23801319301128387,-0.009655249305069447,-0.10185573995113373,0.8274626731872559,-0.3779931366443634,-0.06418196856975555,0.09621644020080566,0.43659794330596924,-0.3171154260635376,-0.3969827890396118,0.3421224057674408,0.016859617084264755,0.16472601890563965,0.27810999751091003,0.4336749315261841,-0.09458522498607635,-0.16781851649284363
5.3583333333333325,action_b,1.0,9.424781799316406,277.60863304138184,-0.057647522538900375,-0.09990530461072922,0.8804910182952881,-0.28120726346969604,0.021807776764035225,-0.14978258311748505,0.5946761965751648,-0.8379125595092773,0.32151851058006287,-0.7563422918319702,0.0032775383442640305,-0.10396377742290497,-0.2559431791305542,-0.02229359745979309,-0.1261747181415558,0.7848295569419861,-0.38978147506713867,-0.0752267986536026,0.10865195095539093,0.515137791633606,-0.3363325893878937,-0.4019573926925659,0.3618933856487274,0.017713580280542374,0.1723637878894806,0.27763235569000244,0.43714237213134766,-0.05615362897515297,-0.1431320160627365
5.366666666666665,action_b,1.0,9.424774646759033,0.000858306884765625,-0.05938690900802612,-0.10288043320178986,0.8957412242889404,-0.27476468682289124,0.056132927536964417,-0.13391713798046112,0.585090696811676,-0.8009949326515198,0.3140966594219208,-0.7275983095169067,0.004580490756779909,-0.10860094428062439,-0.27387315034866333,-0.03493194654583931,-0.15049371123313904,0.7421964406967163,-0.40156984329223633,-0.08627163618803024,0.1210874542593956,0.5936775803565979,-0.35554975271224976,-0.4069320261478424,0.38166436553001404,0.018567543476819992,0.18000157177448273,0.27715474367141724,0.44060978293418884,-0.017722031101584435,-0.11844552308320999
5.375,action_b,1.0,9.424774646759033,288.57693672180176,-0.05139831453561783,-0.10893748700618744,0.9145418405532837,-0.28468775749206543,0.08274538815021515,-0.11690130829811096,0.5949655771255493,-0.7659872770309448,0.29453229904174805,-0.6796168684959412,0.008047874085605145,-0.11213365197181702,-0.2850738763809204,-0.04414824768900871,-0.16707086563110352,0.6963069438934326,-0.4226715862751007,-0.09697285294532776,0.1535630226135254,0.6722173690795898,-0.38230493664741516,-0.41426369547843933,0.3992655277252197,0.01949276402592659,0.1841832846403122,0.27713048458099365,0.4461122155189514,0.02061563730239868,-0.10870379209518433
5.383333333333335,action_b,1.0,9.424781799316406,0.000858306884765625,-0.04340972378849983,-0.11499454826116562,0.9333423972129822,-0.2946108281612396,0.10935784876346588,-0.0998854711651802,0.6048404574394226,-0.7309796214103699,0.27496790885925293,-0.6316354274749756,0.011515256948769093,-0.11566636711359024,-0.2962745726108551,-0.053364548832178116,-0.1836480349302292,0.6504174470901489,-0.4437733292579651,-0.10767406225204468,0.18603858351707458,0.7507572174072266,-0.40906012058258057,-0.42159536480903625,0.4168666899204254,0.020417984575033188,0.18836499750614166,0.27710622549057007,0.4516146779060364,0.05895330384373665,-0.09896206110715866
5.3916666666666675,action_b,1.0,9.424781799316406,218.4957504272461,-0.046078287065029144,-0.12158374488353729,0.9369696378707886,-0.2956158220767975,0.1290518045425415,-0.09197047352790833,0.6115670800209045,-0.6815048456192017,0.2624105215072632,-0.5857110619544983,0.012655145488679409,-0.12107609212398529,-0.3042599558830261,-0.06747563928365707,-0.19020742177963257,0.6161255836486816,-0.4534040093421936,-0.11583136767148972,0.21973370015621185,0.8292970657348633,-0.434833288192749,-0.42749759554862976,0.43693405389785767,0.020243143662810326,0.1909427046775818,0.2729451358318329,0.449257493019104,0.09253820776939392,-0.09807051718235016
5.4,action_b,1.0,9.424774646759033,0.000858306884765625,-0.048746854066848755,-0.12817293405532837,0.9405968189239502,-0.29662081599235535,0.14874576032161713,-0.08405548334121704,0.6182937026023865,-0.6320301294326782,0.24985313415527344,-0.539786696434021,0.013795034028589725,-0.12648580968379974,-0.31224530935287476,-0.08158673346042633,-0.19676679372787476,0.5818336606025696,-0.46303465962409973,-0.12398867309093475,0.2534288167953491,0.9078368544578552,-0.4606064260005951,-0.43339982628822327,0.45700138807296753,0.020068302750587463,0.1935204118490219,0.2687840461730957,0.446900337934494,0.1261231154203415,-0.09717898070812225
5.408333333333333,action_b,1.0,9.424774646759033,180.57897090911865,-0.0520707368850708,-0.13508333265781403,0.940017580986023,-0.3010280728340149,0.16282919049263,-0.07972566783428192,0.6372057199478149,-0.5835232734680176,0.24084636569023132,-0.4979745149612427,0.015815872699022293,-0.13197040557861328,-0.32015329599380493,-0.09519062936306,-0.20067350566387177,0.5350057482719421,-0.4736122786998749,-0.11960577219724655,0.29460978507995605,0.9863766431808472,-0.48927539587020874,-0.4310700595378876,0.47793006896972656,0.019886404275894165,0.19948454201221466,0.2603609561920166,0.4474348723888397,0.1512177586555481,-0.08747781813144684
5.416666666666666,action_b,1.0,9.424781799316406,0.000858306884765625,-0.05539461597800255,-0.14199373126029968,0.9394383430480957,-0.30543532967567444,0.1769126057624817,-0.0753958597779274,0.6561177968978882,-0.5350164771080017,0.2318396121263504,-0.45616236329078674,0.017836712300777435,-0.137455016374588,-0.3280612528324127,-0.10879453271627426,-0.20458021759986877,0.4881778359413147,-0.48418989777565,-0.11522287130355835,0.335790753364563,1.0649164915084839,-0.5179443359375,-0.4287402927875519,0.4988587498664856,0.019704505801200867,0.2054486721754074,0.2519378364086151,0.4479694068431854,0.1763123869895935,-0.07777664810419083
5.424999999999999,action_b,1.0,9.42476749420166,206.08162879943848,-0.06126921623945236,-0.14978642761707306,0.932261049747467,-0.3126717209815979,0.19040724635124207,-0.0667223334312439,0.6774702072143555,-0.477623850107193,0.2289026975631714,-0.4105015993118286,0.019254762679338455,-0.1431557536125183,-0.33343416452407837,-0.11880047619342804,-0.20212072134017944,0.4340023398399353,-0.5090787410736084,-0.09661196172237396,0.39062371850013733,1.143456220626831,-0.5498846173286438,-0.41748321056365967,0.5176519751548767,0.017889881506562233,0.20733842253684998,0.2349306344985962,0.44306862354278564,0.18963024020195007,-0.06130759045481682
5.433333333333334,action_b,1.0,9.424781799316406,0.00171661376953125,-0.06714381277561188,-0.15757912397384644,0.9250837564468384,-0.31990814208984375,0.20390188694000244,-0.0580487996339798,0.6988226771354675,-0.4202312231063843,0.22596576809883118,-0.36484086513519287,0.020672813057899475,-0.1488564908504486,-0.338807076215744,-0.12880642712116241,-0.19966121017932892,0.3798268735408783,-0.5339676141738892,-0.07800105214118958,0.44545668363571167,1.2219960689544678,-0.5818248987197876,-0.40622612833976746,0.5364452004432678,0.0160752572119236,0.20922818779945374,0.21792344748973846,0.43816787004470825,0.20294807851314545,-0.04483853280544281
5.441666666666666,action_b,1.0,9.424781799316406,270.1211929321289,-0.07099191844463348,-0.1617394983768463,0.9096804857254028,-0.3291816711425781,0.21641981601715088,-0.0480775460600853,0.7155122756958008,-0.35428959131240845,0.22189879417419434,-0.31804215908050537,0.021925989538431168,-0.1575818657875061,-0.3432087302207947,-0.13350695371627808,-0.1852528154850006,0.33131372928619385,-0.5400980710983276,-0.06366933882236481,0.4974138140678406,1.3005359172821045,-0.6069846153259277,-0.3915107250213623,0.5492088198661804,0.013872941955924034,0.20717868208885193,0.2015526294708252,0.42564600706100464,0.21069082617759705,-0.04320698603987694
5.450000000000001,action_b,1.0,9.424781799316406,0.000858306884765625,-0.07484002411365509,-0.165899857878685,0.8942772746086121,-0.3384552299976349,0.2289377599954605,-0.0381062887609005,0.7322019338607788,-0.2883479595184326,0.2178318053483963,-0.27124348282814026,0.02317916788160801,-0.1663072556257248,-0.3476104140281677,-0.13820746541023254,-0.1708444356918335,0.2828006148338318,-0.5462285876274109,-0.04933761805295944,0.5493709444999695,1.3790757656097412,-0.6321442723274231,-0.37679535150527954,0.561972439289093,0.011670626699924469,0.20512917637825012,0.18518182635307312,0.4131241738796234,0.21843358874320984,-0.041575439274311066
5.458333333333334,action_b,1.0,9.424781799316406,442.79794692993164,-0.0727701336145401,-0.16548407077789307,0.8846250772476196,-0.3439822793006897,0.22980104386806488,-0.037142008543014526,0.7327988147735596,-0.23468340933322906,0.20555615425109863,-0.22601670026779175,0.02567761018872261,-0.1737392544746399,-0.3544856309890747,-0.129680797457695,-0.1567046195268631,0.23533371090888977,-0.5240123271942139,-0.04048779606819153,0.5705782175064087,1.457615613937378,-0.6416430473327637,-0.3626050353050232,0.5595456957817078,0.00857449695467949,0.20259979367256165,0.16891130805015564,0.40300893783569336,0.22186385095119476,-0.0496206134557724
5.466666666666667,action_b,1.0,9.42476749420166,0.00171661376953125,-0.0707002505660057,-0.16506829857826233,0.8749728202819824,-0.3495093584060669,0.23066432774066925,-0.036177728325128555,0.7333957552909851,-0.1810188591480255,0.19328050315380096,-0.18078993260860443,0.02817605249583721,-0.181171253323555,-0.3613608777523041,-0.12115412205457687,-0.1425648033618927,0.18786679208278656,-0.5017960071563721,-0.031637970358133316,0.5917855501174927,1.536155343055725,-0.6511417627334595,-0.34841474890708923,0.5571189522743225,0.005478366743773222,0.20007039606571198,0.15264078974723816,0.3928936719894409,0.2252941131591797,-0.05766579136252403
5.475,action_b,1.0,5.722517967224121,536.8846893310547,-0.07105936855077744,-0.16599246859550476,0.875869870185852,-0.34730464220046997,0.2287294715642929,-0.03876439854502678,0.7206963300704956,-0.1445789635181427,0.18821263313293457,-0.1603846698999405,0.029102878645062447,-0.1854066252708435,-0.3688477873802185,-0.11563127487897873,-0.13668082654476166,0.15828600525856018,-0.48797106742858887,-0.026196260005235672,0.5757092237472534,1.5838429927825928,-0.6492292881011963,-0.33855772018432617,0.558462381362915,0.004590258933603764,0.19795244932174683,0.14372208714485168,0.3764091730117798,0.2227141410112381,-0.06248638033866882
5.4833333333333325,action_b,1.0,5.722517967224121,0.000858306884765625,-0.07141848653554916,-0.1669166535139084,0.8767668604850769,-0.34509995579719543,0.22679461538791656,-0.041351068764925,0.7079969644546509,-0.10813907533884048,0.18314477801322937,-0.13997940719127655,0.03002970479428768,-0.18964198231697083,-0.3763347268104553,-0.11010842770338058,-0.13079684972763062,0.1287052035331726,-0.47414612770080566,-0.02075454778969288,0.5596329569816589,1.6315306425094604,-0.6473168730735779,-0.3287006914615631,0.5598057508468628,0.0037021515890955925,0.19583451747894287,0.13480336964130402,0.35992464423179626,0.2201341688632965,-0.06730697304010391
5.491666666666665,action_b,1.0,0.0,686.7021560668945,-0.07141848653554916,-0.1669166535139084,0.8767668604850769,-0.34509995579719543,0.22679461538791656,-0.041351068764925,0.7079969644546509,-0.10813907533884048,0.18314477801322937,-0.13997940719127655,0.03002970479428768,-0.18964198231697083,-0.3763347268104553,-0.11010842770338058,-0.13079684972763062,0.1287052035331726,-0.47414612770080566,-0.02075454778969288,0.5596329569816589,1.6315306425094604,-0.6473168730735779,-0.3287006914615631,0.5598057508468628,0.0037021515890955925,0.19583451747894287,0.13480336964130402,0.35992464423179626,0.2201341688632965,-0.06730697304010391
5.5,action_b,1.0,0.0,0.0,-0.07141848653554916,-0.1669166535139084,0.8767668604850769,-0.34509995579719543,0.22679461538791656,-0.041351068764925,0.7079969644546509,-0.10813907533884048,0.18314477801322937,-0.13997940719127655,0.03002970479428768,-0.18964198231697083,-0.3763347268104553,-0.11010842770338058,-0.13079684972763062,0.1287052035331726,-0.47414612770080566,-0.02075454778969288,0.5596329569816589,1.6315306425094604,-0.6473168730735779,-0.3287006914615631,0.5598057508468628,0.0037021515890955925,0.19583451747894287,0.13480336964130402,0.35992464423179626,0.2201341688632965,-0.06730697304010391
5.508333333333335,action_b,1.0,0.0,0.0,-0.07141848653554916,-0.1669166535139084,0.8767668604850769,-0.34509995579719543,0.22679461538791656,-0.041351068764925,0.7079969644546509,-0.10813907533884048,0.18314477801322937,-0.13997940719127655,0.03002970479428768,-0.18964198231697083,-0.3763347268104553,-0.11010842770338058,-0.13079684972763062,0.1287052035331726,-0.47414612770080566,-0.02075454778969288,0.5596329569816589,1.6315306425094604,-0.6473168730735779,-0.3287006914615631,0.5598057508468628,0.0037021515890955925,0.19583451747894287,0.13480336964130402,0.35992464423179626,0.2201341688632965,-0.06730697304010391
5.5166666666666675,action_b,1.0,0.0,0.0,-0.07141848653554916,-0.1669166535139084,0.8767668604850769,-0.34509995579719543,0.22679461538791656,-0.041351068764925,0.7079969644546509,-0.10813907533884048,0.18314477801322937,-0.13997940719127655,0.03002970479428768,-0.18964198231697083,-0.3763347268104553,-0.11010842770338058,-0.13079684972763062,0.1287052035331726,-0.47414612770080566,-0.02075454778969288,0.5596329569816589,1.6315306425094604,-0.6473168730735779,-0.3287006914615631,0.5598057508468628,0.0037021515890955925,0.19583451747894287,0.13480336964130402,0.35992464423179626,0.2201341688632965,-0.06730697304010391
5.525,action_b,1.0,0.0,0.0,-0.07141848653554916,-0.1669166535139084,0.8767668604850769,-0.34509995579719543,0.22679461538791656,-0.041351068764925,0.7079969644546509,-0.10813907533884048,0.18314477801322937,-0.13997940719127655,0.03002970479428768,-0.18964198231697083,-0.3763347268104553,-0.11010842770338058,-0.13079684972763062,0.1287052035331726,-0.47414612770080566,-0.02075454778969288,0.5596329569816589,1.6315306425094604,-0.6473168730735779,-0.3287006914615631,0.5598057508468628,0.0037021515890955925,0.19583451747894287,0.13480336964130402,0.35992464423179626,0.2201341688632965,-0.06730697304010391
5.533333333333333,action_b,1.0,0.0,0.0,-0.07141848653554916,-0.1669166535139084,0.8767668604850769,-0.34509995579719543,0.22679461538791656,-0.041351068764925,0.7079969644546509,-0.10813907533884048,0.18314477801322937,-0.13997940719127655,0.03002970479428768,-0.18964198231697083,-0.3763347268104553,-0.11010842770338058,-0.13079684972763062,0.1287052035331726,-0.47414612770080566,-0.02075454778969288,0.5596329569816589,1.6315306425094604,-0.6473168730735779,-0.3287006914615631,0.5598057508468628,0.0037021515890955925,0.19583451747894287,0.13480336964130402,0.35992464423179626,0.2201341688632965,-0.06730697304010391
5.541666666666666,action_b,1.0,0.0,0.0,-0.07141848653554916,-0.1669166535139084,0.8767668604850769,-0.34509995579719543,0.22679461538791656,-0.041351068764925,0.7079969644546509,-0.10813907533884048,0.18314477801322937,-0.13997940719127655,0.03002970479428768,-0.18964198231697083,-0.3763347268104553,-0.11010842770338058,-0.13079684972763062,0.1287052035331726,-0.47414612770080566,-0.02075454778969288,0.5596329569816589,1.6315306425094604,-0.6473168730735779,-0.3287006914615631,0.5598057508468628,0.0037021515890955925,0.19583451747894287,0.13480336964130402,0.35992464423179626,0.2201341688632965,-0.06730697304010391
5.549999999999999,action_b,1.0,0.0,0.0,-0.07141848653554916,-0.1669166535139084,0.8767668604850769,-0.34509995579719543,0.22679461538791656,-0.041351068764925,0.7079969644546509,-0.10813907533884048,0.18314477801322937,-0.13997940719127655,0.03002970479428768,-0.18964198231697083,-0.3763347268104553,-0.11010842770338058,-0.13079684972763062,0.1287052035331726,-0.47414612770080566,-0.02075454778969288,0.5596329569816589,1.6315306425094604,-0.6473168730735779,-0.3287006914615631,0.5598057508468628,0.0037021515890955925,0.19583451747894287,0.13480336964130402,0.35992464423179626,0.2201341688632965,-0.06730697304010391
5.558333333333334,action_b,1.0,0.0,0.0,-0.07141848653554916,-0.1669166535139084,0.8767668604850769,-0.34509995579719543,0.22679461538791656,-0.041351068764925,0.7079969644546509,-0.10813907533884048,0.18314477801322937,-0.13997940719127655,0.03002970479428768,-0.18964198231697083,-0.3763347268104553,-0.11010842770338058,-0.13079684972763062,0.1287052035331726,-0.47414612770080566,-0.02075454778969288,0.5596329569816589,1.6315306425094604,-0.6473168730735779,-0.3287006914615631,0.5598057508468628,0.0037021515890955925,0.19583451747894287,0.13480336964130402,0.35992464423179626,0.2201341688632965,-0.06730697304010391
5.566666666666666,action_b,1.0,0.0,0.0,-0.07141848653554916,-0.1669166535139084,0.8767668604850769,-0.34509995579719543,0.22679461538791656,-0.041351068764925,0.7079969644546509,-0.10813907533884048,0.18314477801322937,-0.13997940719127655,0.03002970479428768,-0.18964198231697083,-0.3763347268104553,-0.11010842770338058,-0.13079684972763062,0.1287052035331726,-0.47414612770080566,-0.02075454778969288,0.5596329569816589,1.6315306425094604,-0.6473168730735779,-0.3287006914615631,0.5598057508468628,0.0037021515890955925,0.19583451747894287,0.13480336964130402,0.35992464423179626,0.2201341688632965,-0.06730697304010391
5.575000000000001,action_b,1.0,0.0005793571472167969,0.06952285766601562,-0.07141771912574768,-0.16691520810127258,0.8767650127410889,-0.3451008200645447,0.2267962396144867,-0.041350554674863815,0.7079943418502808,-0.10813428461551666,0.18313997983932495,-0.13997462391853333,0.030030827969312668,-0.1896447241306305,-0.37633952498435974,-0.11010733246803284,-0.1307920515537262,0.1287004053592682,-0.47415071725845337,-0.020749755203723907,0.5596281290054321,1.6315354108810425,-0.6473178863525391,-0.3287006616592407,0.5598021745681763,0.0037019376177340746,0.19583100080490112,0.13479894399642944,0.3599216938018799,0.22013360261917114,-0.06730535626411438
5.583333333333334,action_b,1.0,0.0005757808685302734,0.000858306884765625,-0.0714169442653656,-0.16691377758979797,0.8767631649971008,-0.34510165452957153,0.22679786384105682,-0.04135004058480263,0.7079916596412659,-0.10812948644161224,0.18313519656658173,-0.1399698257446289,0.030031949281692505,-0.18964745104312897,-0.37634432315826416,-0.11010622978210449,-0.13078726828098297,0.12869562208652496,-0.4741553068161011,-0.020744960755109787,0.5596233606338501,1.6315401792526245,-0.6473188996315002,-0.32870060205459595,0.5597985982894897,0.0037017236463725567,0.19582749903202057,0.13479451835155487,0.3599187433719635,0.22013305127620697,-0.06730373948812485
5.591666666666667,action_b,1.0,0.0,0.06909370422363281,-0.0714169442653656,-0.16691377758979797,0.8767631649971008,-0.34510165452957153,0.22679786384105682,-0.04135004058480263,0.7079916596412659,-0.10812948644161224,0.18313519656658173,-0.1399698257446289,0.030031949281692505,-0.18964745104312897,-0.37634432315826416,-0.11010622978210449,-0.13078726828098297,0.12869562208652496,-0.4741553068161011,-0.020744960755109787,0.5596233606338501,1.6315401792526245,-0.6473188996315002,-0.32870060205459595,0.5597985982894897,0.0037017236463725567,0.19582749903202057,0.13479451835155487,0.3599187433719635,0.22013305127620697,-0.06730373948812485
5.6,action_b,1.0,0.0,0.0,-0.0714169442653656,-0.16691377758979797,0.8767631649971008,-0.34510165452957153,0.22679786384105682,-0.04135004058480263,0.7079916596412659,-0.10812948644161224,0.18313519656658173,-0.1399698257446289,0.030031949281692505,-0.18964745104312897,-0.37634432315826416,-0.11010622978210449,-0.13078726828098297,0.12869562208652496,-0.4741553068161011,-0.020744960755109787,0.5596233606338501,1.6315401792526245,-0.6473188996315002,-0.32870060205459595,0.5597985982894897,0.0037017236463725567,0.19582749903202057,0.13479451835155487,0.3599187433719635,0.22013305127620697,-0.06730373948812485
5.6083333333333325,action_b,1.0,0.0,0.0,-0.0714169442653656,-0.16691377758979797,0.8767631649971008,-0.34510165452957153,0.22679786384105682,-0.04135004058480263,0.7079916596412659,-0.10812948644161224,0.18313519656658173,-0.1399698257446289,0.030031949281692505,-0.18964745104312897,-0.37634432315826416,-0.11010622978210449,-0.13078726828098297,0.12869562208652496,-0.4741553068161011,-0.020744960755109787,0.5596233606338501,1.6315401792526245,-0.6473188996315002,-0.32870060205459595,0.5597985982894897,0.0037017236463725567,0.19582749903202057,0.13479451835155487,0.3599187433719635,0.22013305127620697,-0.06730373948812485
5.616666666666665,action_b,1.0,0.0,0.0,-0.0714169442653656,-0.16691377758979797,0.8767631649971008,-0.34510165452957153,0.22679786384105682,-0.04135004058480263,0.7079916596412659,-0.10812948644161224,0.18313519656658173,-0.1399698257446289,0.030031949281692505,-0.18964745104312897,-0.37634432315826416,-0.11010622978210449,-0.13078726828098297,0.12869562208652496,-0.4741553068161011,-0.020744960755109787,0.5596233606338501,1.6315401792526245,-0.6473188996315002,-0.32870060205459595,0.5597985982894897,0.0037017236463725567,0.19582749903202057,0.13479451835155487,0.3599187433719635,0.22013305127620697,-0.06730373948812485
5.625,action_b,1.0,9.424781799316406,1130.9738159179688,-0.058641765266656876,-0.1275831162929535,0.7995808124542236,-0.3439238667488098,0.24954238533973694,-0.03911992534995079,0.6825555562973022,-0.029589669778943062,0.10459538549184799,-0.061430007219314575,0.04694218561053276,-0.26269903779029846,-0.4548841416835785,-0.11705341935157776,-0.05224744975566864,0.05015580356121063,-0.5526951551437378,0.057794854044914246,0.48108354210853577,1.7100800275802612,-0.6756578683853149,-0.34311509132385254,0.48245969414711,-0.004778999835252762,0.11728768050670624,0.05625469982624054,0.331508606672287,0.18994423747062683,-0.0356873981654644
5.633333333333335,action_b,1.0,9.424781799316406,0.000858306884765625,-0.04586658626794815,-0.08825244009494781,0.7223984599113464,-0.3427461087703705,0.27228692173957825,-0.03688981011509895,0.6571193933486938,0.04895014688372612,0.02605557069182396,0.017109809443354607,0.06385242193937302,-0.33575063943862915,-0.5334239602088928,-0.12400061637163162,0.02629236876964569,-0.028384016826748848,-0.6312349438667297,0.13633467257022858,0.40254372358322144,1.788619875907898,-0.7039967775344849,-0.3575296103954315,0.4051207900047302,-0.013259723782539368,0.03874785825610161,-0.022285116836428642,0.3030984699726105,0.1597554087638855,-0.0040710545144975185
5.6416666666666675,action_b,1.0,6.641178578138351,1027.2332668304443,-0.05262007936835289,-0.07808833569288254,0.7108018398284912,-0.339138925075531,0.26725244522094727,-0.04131167382001877,0.6728211641311646,0.10429330170154572,0.0056999446824193,0.04331844300031662,0.06319917738437653,-0.3396582007408142,-0.5586892366409302,-0.12498883903026581,0.07438993453979492,-0.083727166056633,-0.6696823835372925,0.19167782366275787,0.34720057249069214,1.8439630270004272,-0.7066501379013062,-0.36347144842147827,0.39911752939224243,-0.014013385400176048,0.03149707615375519,-0.03462884947657585,0.31349891424179077,0.15321287512779236,-0.008643204346299171
5.65,action_b,1.0,6.641178131103516,0.000858306884765625,-0.05937357246875763,-0.06792423129081726,0.699205219745636,-0.33553171157836914,0.26221799850463867,-0.04573353752493858,0.6885228753089905,0.159636452794075,-0.01465568132698536,0.06952707469463348,0.06254592537879944,-0.3435657322406769,-0.5839545726776123,-0.1259770542383194,0.12248750776052475,-0.1390703171491623,-0.7081298828125,0.24702097475528717,0.29185742139816284,1.8993061780929565,-0.7093034386634827,-0.36941325664520264,0.39311426877975464,-0.014767046086490154,0.024246295914053917,-0.04697258397936821,0.32389935851097107,0.14667032659053802,-0.013215354643762112
5.658333333333333,action_b,1.0,9.42477822303772,994.2026138305664,-0.06728678941726685,-0.03852013126015663,0.6686933636665344,-0.33681434392929077,0.2364625781774521,-0.08217887580394745,0.700931191444397,0.20279230177402496,-0.0074859182350337505,0.062168896198272705,0.05552815645933151,-0.3500167727470398,-0.5939029455184937,-0.14292749762535095,0.15710313618183136,-0.21761012077331543,-0.7617394924163818,0.3143913745880127,0.2133176028728485,1.8856074810028076,-0.709874153137207,-0.38408541679382324,0.37929362058639526,-0.012769402004778385,0.010301392525434494,-0.05882608890533447,0.3421514630317688,0.12232929468154907,-0.044712673872709274
5.666666666666666,action_b,1.0,9.42477822303772,0.00171661376953125,-0.07520001381635666,-0.009116029366850853,0.6381815075874329,-0.3380969762802124,0.2107071578502655,-0.11862421780824661,0.7133394479751587,0.24594815075397491,-0.00031615555053576827,0.05481071397662163,0.04851038381457329,-0.3564677834510803,-0.6038513779640198,-0.1598779410123825,0.19171875715255737,-0.29614993929862976,-0.8153490424156189,0.381761759519577,0.13477779924869537,1.8719086647033691,-0.7104449272155762,-0.39875760674476624,0.3654730021953583,-0.010771757923066616,-0.0036435099318623543,-0.07067959010601044,0.36040353775024414,0.09798826277256012,-0.07620999217033386
5.674999999999999,action_b,1.0,9.42477822303772,1105.8503150939941,-0.08841615170240402,-0.0036941752769052982,0.6063785552978516,-0.3380718231201172,0.21860730648040771,-0.14599914848804474,0.7416137456893921,0.23682501912117004,0.00831085629761219,0.04638225957751274,0.037402231246232986,-0.36406370997428894,-0.5920982360839844,-0.15163427591323853,0.18545015156269073,-0.3372323513031006,-0.8216301202774048,0.3723369836807251,0.05623798072338104,1.824784755706787,-0.7099021673202515,-0.3975521922111511,0.3515419065952301,-0.008675184100866318,-0.012403018772602081,-0.07932612299919128,0.37376606464385986,0.10615922510623932,-0.09293072670698166
5.683333333333334,action_b,1.0,9.424778670072556,0.000858306884765625,-0.10163228958845139,0.0017276788130402565,0.574575662612915,-0.33804669976234436,0.22650744020938873,-0.17337407171726227,0.7698881030082703,0.22770190238952637,0.016937868669629097,0.037953805178403854,0.026294076815247536,-0.37165963649749756,-0.5803451538085938,-0.14339061081409454,0.1791815459728241,-0.3783147633075714,-0.8279111385345459,0.36291220784187317,-0.022301841527223587,1.777660846710205,-0.7093594074249268,-0.3963467478752136,0.33761081099510193,-0.006578610744327307,-0.021162528544664383,-0.08797265589237213,0.387128621339798,0.11433018743991852,-0.10965146124362946
5.691666666666666,action_b,1.0,9.424777776002884,583.828067779541,-0.11072932183742523,0.013865785673260689,0.533622145652771,-0.3428605794906616,0.21751731634140015,-0.19701626896858215,0.7870454788208008,0.22443759441375732,0.035889606922864914,0.022812938317656517,0.01276725810021162,-0.37633994221687317,-0.5649265050888062,-0.14339061081409454,0.17969782650470734,-0.37885355949401855,-0.8374552726745605,0.36291220784187317,-0.10084165632724762,1.7211122512817383,-0.7010607719421387,-0.40249931812286377,0.32948654890060425,-0.002914005657657981,-0.028789862990379333,-0.09358455240726471,0.39443767070770264,0.1098657101392746,-0.12966519594192505
5.700000000000001,action_b,1.0,9.42477822303772,0.00171661376953125,-0.11982634663581848,0.026003891602158546,0.49266868829727173,-0.34767448902130127,0.20852719247341156,-0.22065848112106323,0.8042027950286865,0.22117328643798828,0.05484134331345558,0.007672071922570467,-0.0007595609058625996,-0.3810202479362488,-0.5495079159736633,-0.14339061081409454,0.18021410703659058,-0.3793923258781433,-0.8469993472099304,0.36291220784187317,-0.17938147485256195,1.664563536643982,-0.6927620768547058,-0.4086519181728363,0.32136231660842896,0.0007505994872190058,-0.036417197436094284,-0.09919644147157669,0.4017467200756073,0.10540123283863068,-0.14967893064022064
5.708333333333334,action_b,1.0,9.047799110412598,1324.5479822158813,-0.1244337186217308,0.04791640862822533,0.4335833191871643,-0.3539695143699646,0.19308361411094666,-0.21078798174858093,0.8254605531692505,0.22742019593715668,0.07368498295545578,-0.011418020352721214,-0.005073420703411102,-0.3852870464324951,-0.5205308794975281,-0.1448398381471634,0.18804585933685303,-0.3737602233886719,-0.8374328017234802,0.36291220784187317,-0.16593879461288452,1.589165210723877,-0.681232750415802,-0.41190794110298157,0.30680394172668457,0.004759690258651972,-0.041661299765110016,-0.10534198582172394,0.39542168378829956,0.09176044911146164,-0.1553468108177185
5.716666666666667,action_b,1.0,9.047784805297852,0.00171661376953125,-0.12904109060764313,0.06982892751693726,0.3744979500770569,-0.36026453971862793,0.17764005064964294,-0.20091748237609863,0.8467183113098145,0.23366710543632507,0.09252862632274628,-0.03050811216235161,-0.00938728079199791,-0.38955384492874146,-0.49155381321907043,-0.14628906548023224,0.19587759673595428,-0.36812812089920044,-0.82786625623703,0.36291220784187317,-0.1524961292743683,1.5137670040130615,-0.6697034239768982,-0.41516396403312683,0.2922455966472626,0.008768781088292599,-0.046905405819416046,-0.11148753762245178,0.3890966475009918,0.0781196653842926,-0.16101467609405518
5.725,action_b,1.0,9.424781799316406,1126.7569541931152,-0.11542776972055435,0.09321289509534836,0.29595813155174255,-0.3106585741043091,0.12762469053268433,-0.18322524428367615,0.8202310800552368,0.2037447839975357,0.097538061439991,-0.06396440416574478,0.02043667435646057,-0.38660040497779846,-0.4298211932182312,-0.12740430235862732,0.1947576403617859,-0.3344240188598633,-0.7506356239318848,0.28466519713401794,-0.07692672312259674,1.4352271556854248,-0.6738383173942566,-0.42633068561553955,0.26126420497894287,0.007849996909499168,-0.04354860633611679,-0.11329183727502823,0.4234564006328583,0.04787023365497589,-0.1562207192182541
5.7333333333333325,action_b,1.0,9.42477822303772,0.00171661376953125,-0.10181444883346558,0.11659686267375946,0.21741831302642822,-0.26105257868766785,0.07760931551456451,-0.16553299129009247,0.793743908405304,0.17382246255874634,0.10254749655723572,-0.09742069989442825,0.05026062950491905,-0.38364696502685547,-0.36808857321739197,-0.108519546687603,0.1936376839876175,-0.30071988701820374,-0.6734049916267395,0.20641817152500153,-0.001357318484224379,1.3566874265670776,-0.677973210811615,-0.4374973773956299,0.23028281331062317,0.006931212730705738,-0.040191806852817535,-0.11509613692760468,0.45781615376472473,0.017620805650949478,-0.151426762342453
5.741666666666665,action_b,1.0,9.42476749420166,1025.4316806793213,-0.09460882842540741,0.12894055247306824,0.17788001894950867,-0.2513081133365631,0.087030328810215,-0.1661117970943451,0.7679262161254883,0.17850522696971893,0.14250773191452026,-0.0968058705329895,0.049308788031339645,-0.3784097135066986,-0.3421328067779541,-0.1221986711025238,0.2074814885854721,-0.288490355014801,-0.630958080291748,0.19938167929649353,0.04391573742032051,1.2781476974487305,-0.6488926410675049,-0.4205179810523987,0.2188635766506195,0.002978044794872403,-0.030523167923092842,-0.11154892295598984,0.44832754135131836,0.013385040685534477,-0.17493391036987305
5.75,action_b,1.0,9.424781799316406,0.00171661376953125,-0.08740320056676865,0.14128424227237701,0.13834170997142792,-0.24156364798545837,0.09645134210586548,-0.16669060289859772,0.7421084642410278,0.18318799138069153,0.18246795237064362,-0.09619104862213135,0.04835694655776024,-0.37317246198654175,-0.31617701053619385,-0.135877788066864,0.22132529318332672,-0.2762607932090759,-0.5885111093521118,0.19234517216682434,0.08918879181146622,1.1996078491210938,-0.6198120713233948,-0.4035385847091675,0.20744435489177704,-0.0009751231409609318,-0.02085452899336815,-0.108001708984375,0.438838928937912,0.009149274788796902,-0.1984410434961319
5.758333333333335,action_b,1.0,9.424781799316406,747.0771789550781,-0.0883345752954483,0.14048825204372406,0.15068376064300537,-0.21334102749824524,0.10616430640220642,-0.15954804420471191,0.7225273251533508,0.15093427896499634,0.18708792328834534,-0.09287155419588089,0.04722132533788681,-0.3582402467727661,-0.3038981556892395,-0.10496318340301514,0.19449390470981598,-0.2320181429386139,-0.5521262884140015,0.1697050929069519,0.09602289646863937,1.121068000793457,-0.6139929294586182,-0.39223968982696533,0.20320716500282288,-0.0002663561317604035,-0.00841519609093666,-0.09931829571723938,0.4436785578727722,0.014580747112631798,-0.1954093873500824
5.7666666666666675,action_b,1.0,9.424781799316406,0.000858306884765625,-0.08926595002412796,0.1396922618150711,0.16302582621574402,-0.1851184070110321,0.11587727814912796,-0.15240547060966492,0.7029461860656738,0.11868055909872055,0.19170787930488586,-0.08955205976963043,0.04608570784330368,-0.34330806136131287,-0.29161927103996277,-0.07404857128858566,0.16766251623630524,-0.18777547776699066,-0.5157415270805359,0.14706502854824066,0.10285700112581253,1.0425281524658203,-0.6081737875938416,-0.38094082474708557,0.1989699900150299,0.00044241087744012475,0.004024137277156115,-0.09063488990068436,0.44851818680763245,0.02001222036778927,-0.1923777163028717
5.775,action_b,1.0,9.424781799316406,322.23544120788574,-0.0818086564540863,0.13413766026496887,0.1821238398551941,-0.14727964997291565,0.10321278870105743,-0.13447675108909607,0.6709591746330261,0.09072598814964294,0.19766628742218018,-0.08936422318220139,0.04200490936636925,-0.32812854647636414,-0.28075936436653137,-0.052329160273075104,0.13667958974838257,-0.14292192459106445,-0.4812092185020447,0.10994485020637512,0.11325347423553467,0.9639883041381836,-0.5998114347457886,-0.36679401993751526,0.19461458921432495,0.0002962909056805074,0.01512950100004673,-0.08180606365203857,0.44580596685409546,0.007993457838892937,-0.1839446872472763
5.783333333333333,action_b,1.0,9.424774646759033,0.000858306884765625,-0.07435137033462524,0.12858304381370544,0.20122186839580536,-0.10944090783596039,0.09054829180240631,-0.11654801666736603,0.6389721632003784,0.06277141720056534,0.2036246806383133,-0.08917638659477234,0.037924110889434814,-0.3129490315914154,-0.2698994576931,-0.030609747394919395,0.1056966483592987,-0.09806836396455765,-0.44667693972587585,0.07282466441392899,0.1236499547958374,0.8854485154151917,-0.5914491415023804,-0.35264721512794495,0.1902592033147812,0.00015017090481705964,0.026234865188598633,-0.07297723740339279,0.44309374690055847,-0.004025304690003395,-0.1755116581916809
5.791666666666666,action_b,1.0,9.424774646759033,625.3984451293945,-0.06932409107685089,0.11712504923343658,0.20788359642028809,-0.085425466299057,0.06517978012561798,-0.10161705315113068,0.6207406520843506,0.047383662313222885,0.20489947497844696,-0.09578480571508408,0.03462890535593033,-0.2988967299461365,-0.25646430253982544,-0.03319264203310013,0.07501576840877533,-0.06970714032649994,-0.4555751085281372,0.037616223096847534,0.11692401766777039,0.8069087266921997,-0.5687504410743713,-0.33732908964157104,0.19069895148277283,0.0065742670558393,0.04062551259994507,-0.05919140949845314,0.4316897392272949,-0.01986929401755333,-0.17039205133914948
5.799999999999999,action_b,1.0,9.424781799316406,0.000858306884765625,-0.06429680436849594,0.10566704720258713,0.2145453244447708,-0.061410028487443924,0.03981127589941025,-0.08668608218431473,0.602509081363678,0.03199590742588043,0.20617426931858063,-0.10239322483539581,0.031333696097135544,-0.28484445810317993,-0.2430291622877121,-0.03577553480863571,0.044334884732961655,-0.04134592413902283,-0.46447330713272095,0.0024077855050563812,0.11019808799028397,0.728368878364563,-0.5460517406463623,-0.32201093435287476,0.19113868474960327,0.012998363003134727,0.0550161637365818,-0.04540558159351349,0.42028576135635376,-0.03571328520774841,-0.16527244448661804
5.808333333333334,action_b,1.0,9.424781799316406,336.22356355190277,-0.06075189635157585,0.09044897556304932,0.21863985061645508,-0.03814193233847618,0.02349149063229561,-0.0733528584241867,0.5914734601974487,0.0037215733900666237,0.21868011355400085,-0.10401808470487595,0.024961743503808975,-0.26054733991622925,-0.21634455025196075,-0.038855671882629395,0.026074716821312904,0.003088179975748062,-0.463440477848053,-0.009451793506741524,0.09994583576917648,0.6498290300369263,-0.524697482585907,-0.30257901549339294,0.19448646903038025,0.020510639995336533,0.06979914009571075,-0.028121398761868477,0.41201862692832947,-0.040171220898628235,-0.16166146099567413
5.816666666666666,action_b,1.0,9.424774646759033,0.000858306884765625,-0.05720698833465576,0.0752309039235115,0.22273436188697815,-0.014873833395540714,0.007171706296503544,-0.06001964211463928,0.5804378390312195,-0.024552760645747185,0.23118595778942108,-0.10564294457435608,0.018589790910482407,-0.23625025153160095,-0.1896599382162094,-0.04193580895662308,0.00781454797834158,0.04752228409051895,-0.4624076187610626,-0.02131137251853943,0.089693583548069,0.5712892413139343,-0.5033432245254517,-0.28314709663391113,0.19783425331115723,0.02802291512489319,0.08458211272954941,-0.010837215930223465,0.4037514925003052,-0.04462915658950806,-0.15805047750473022
5.825000000000001,action_b,1.0,9.424774646759033,282.2963297367096,-0.05477386713027954,0.05754043906927109,0.22728486359119415,-0.0021664928644895554,-0.003831251058727503,-0.0535602793097496,0.5741813778877258,-0.062251873314380646,0.24279925227165222,-0.10050220787525177,0.013726906850934029,-0.2137753963470459,-0.16550900042057037,-0.03442962095141411,0.0011534157674759626,0.11156029999256134,-0.4583257734775543,-0.016806989908218384,0.07693459093570709,0.4927494525909424,-0.477321594953537,-0.25642240047454834,0.18930330872535706,0.040458593517541885,0.09793483465909958,0.009215221740305424,0.3987034559249878,-0.040447793900966644,-0.15612217783927917
5.833333333333334,action_b,1.0,9.42477822303772,0.0004291534423828125,-0.05234074592590332,0.03984997794032097,0.23183536529541016,0.010540847666561604,-0.01483420841395855,-0.047100916504859924,0.5679249167442322,-0.09995098412036896,0.25441253185272217,-0.09536147117614746,0.008864023722708225,-0.19130052626132965,-0.14135806262493134,-0.02692343294620514,-0.005507716443389654,0.17559832334518433,-0.454243928194046,-0.012302609160542488,0.06417559832334518,0.41420963406562805,-0.4512999653816223,-0.22969773411750793,0.18077237904071808,0.05289427191019058,0.11128755658864975,0.029267659410834312,0.393655389547348,-0.03626643493771553,-0.15419386327266693
5.841666666666667,action_b,1.0,9.42477822303772,191.12037420272827,-0.049515724182128906,0.023601911962032318,0.2375037968158722,0.017312632873654366,-0.024430975317955017,-0.047681089490652084,0.560396671295166,-0.12822532653808594,0.2607860565185547,-0.09058097004890442,0.005766822025179863,-0.1706298589706421,-0.11980420351028442,-0.011454922147095203,-0.00900096632540226,0.24157176911830902,-0.45472627878189087,-0.003099707653746009,0.05117855221033096,0.3356698155403137,-0.42463433742523193,-0.2068045735359192,0.16603535413742065,0.06807643920183182,0.11136803030967712,0.03688592091202736,0.3809491991996765,-0.03516503423452377,-0.15771597623825073
5.85,action_b,1.0,9.42477822303772,0.000858306884765625,-0.04669070616364479,0.007353846915066242,0.24317221343517303,0.024084419012069702,-0.034027740359306335,-0.048261262476444244,0.5528684854507446,-0.15649965405464172,0.2671595513820648,-0.08580046892166138,0.0026696205604821444,-0.14995919167995453,-0.09825033694505692,0.004013588652014732,-0.012494215741753578,0.3075452148914337,-0.4552086293697357,0.00610319385305047,0.03818150982260704,0.2571299970149994,-0.39796873927116394,-0.18391141295433044,0.15129832923412323,0.08325860649347305,0.1114485114812851,0.044504184275865555,0.3682430386543274,-0.034063633531332016,-0.16123807430267334
5.8583333333333325,action_b,1.0,9.42477822303772,271.43375873565674,-0.044263459742069244,-0.0017231199890375137,0.26331520080566406,0.026155803352594376,-0.05064068362116814,-0.05220630019903183,0.5531983375549316,-0.20362354815006256,0.27223309874534607,-0.09534675627946854,0.0012196085881441832,-0.13683903217315674,-0.08543801307678223,0.0076567549258470535,-0.00920415110886097,0.38608503341674805,-0.4721193313598633,0.012262151576578617,0.03775946795940399,0.17859017848968506,-0.385847806930542,-0.16977882385253906,0.12573936581611633,0.09163380414247513,0.10427271574735641,0.046083126217126846,0.3685932457447052,-0.038064658641815186,-0.16723927855491638
5.866666666666665,action_b,1.0,9.42477822303772,0.000858306884765625,-0.0418362095952034,-0.01080008689314127,0.2834581732749939,0.02822718769311905,-0.06725362688302994,-0.056151341646909714,0.5535281300544739,-0.2507474422454834,0.2773066461086273,-0.1048930436372757,-0.00023040350060909986,-0.12371885776519775,-0.07262568175792694,0.011299921199679375,-0.005914085544645786,0.4646248519420624,-0.48903003334999084,0.01842110976576805,0.03733742982149124,0.10005036741495132,-0.37372690439224243,-0.15564623475074768,0.10018039494752884,0.1000090017914772,0.09709692001342773,0.04766206815838814,0.368943452835083,-0.04206568002700806,-0.17324046790599823
5.875,action_b,1.0,9.42477822303772,946.4247465133667,-0.04002851992845535,-0.01629071868956089,0.2877765893936157,0.02815653756260872,-0.08352614939212799,-0.06341332942247391,0.5583444237709045,-0.3026893734931946,0.27512383460998535,-0.11432772874832153,-0.0024825541768223047,-0.11312219500541687,-0.05928536504507065,0.014802017249166965,-0.003306459402665496,0.5431646704673767,-0.5057824850082397,0.021161366254091263,0.0417327880859375,0.0872344970703125,-0.3834964632987976,-0.14715713262557983,0.0728074386715889,0.08329030871391296,0.08854671567678452,0.05126074701547623,0.37229591608047485,-0.04366239905357361,-0.1773364394903183
5.883333333333335,action_b,1.0,9.424774646759033,0.0004291534423828125,-0.038220833986997604,-0.021781351417303085,0.29209503531455994,0.02808588743209839,-0.09979867190122604,-0.0706753209233284,0.5631607174873352,-0.35463130474090576,0.2729410231113434,-0.12376241385936737,-0.004734704736620188,-0.10252553969621658,-0.045945052057504654,0.018304113298654556,-0.0006988332606852055,0.6217044591903687,-0.522534966468811,0.023901622742414474,0.04612815007567406,0.07441863417625427,-0.3932659924030304,-0.138668030500412,0.04543447867035866,0.06657160818576813,0.0799965113401413,0.05485942214727402,0.3756483495235443,-0.04525911435484886,-0.18143241107463837
5.8916666666666675,action_b,1.0,9.424781799316406,684.851861000061,-0.035307567566633224,-0.02157851681113243,0.26667433977127075,0.03264700621366501,-0.11539140343666077,-0.07808016240596771,0.562574028968811,-0.384969562292099,0.2690280079841614,-0.13925611972808838,-0.0050361789762973785,-0.09430281072854996,-0.03218407183885574,0.022520333528518677,0.001783336978405714,0.7002443075180054,-0.5332381725311279,0.03113386780023575,0.04915639013051987,0.10916192829608917,-0.4007117748260498,-0.1341559886932373,0.03841875493526459,0.04472409188747406,0.07194515317678452,0.05838058143854141,0.37350624799728394,-0.04656846448779106,-0.18854714930057526
5.9,action_b,1.0,9.424774646759033,0.000858306884765625,-0.032394301146268845,-0.021375680342316628,0.24125365912914276,0.03720812499523163,-0.1309841424226761,-0.08548501133918762,0.5619872808456421,-0.41530781984329224,0.265114963054657,-0.1547498255968094,-0.005337652750313282,-0.08608008176088333,-0.018423091620206833,0.026736555621027946,0.0042655072174966335,0.7787840962409973,-0.5439413189888,0.03836611285805702,0.05218462646007538,0.14390522241592407,-0.4081575870513916,-0.12964396178722382,0.03140303120017052,0.022876577451825142,0.06389379501342773,0.06190174072980881,0.37136411666870117,-0.04787781462073326,-0.19566188752651215
5.908333333333333,action_b,1.0,9.424774646759033,510.9462261199951,-0.02992095798254013,-0.024183906614780426,0.20749463140964508,0.03939373791217804,-0.14130572974681854,-0.09532777965068817,0.5577511787414551,-0.4435821771621704,0.2600836753845215,-0.16558754444122314,-0.00606614351272583,-0.07216373085975647,-0.0012468192726373672,0.03765886649489403,0.008330768905580044,0.8573238849639893,-0.5446327924728394,0.045617327094078064,0.05149490758776665,0.17217954993247986,-0.38012102246284485,-0.12589240074157715,0.023847520351409912,0.01930658146739006,0.058905769139528275,0.06275380402803421,0.3654131591320038,-0.04268890246748924,-0.20697236061096191
5.916666666666666,action_b,1.0,9.424781799316406,0.000858306884765625,-0.027447612956166267,-0.026992131024599075,0.1737356036901474,0.04157935082912445,-0.151627317070961,-0.10517054051160812,0.5535150766372681,-0.4718565046787262,0.255052387714386,-0.1764252483844757,-0.006794633809477091,-0.058247387409210205,0.0159294530749321,0.04858117550611496,0.012396030128002167,0.935863733291626,-0.5453242063522339,0.052868545055389404,0.050805188715457916,0.20045389235019684,-0.3520844578742981,-0.12214083969593048,0.016292007640004158,0.015736587345600128,0.053917743265628815,0.06360586732625961,0.3594622015953064,-0.037499990314245224,-0.21828283369541168
5.924999999999999,action_b,1.0,9.424781799316406,151.9748143851757,-0.02491367608308792,-0.03507141023874283,0.13037905097007751,0.04230060055851936,-0.1598050445318222,-0.11183091998100281,0.5510501861572266,-0.500130832195282,0.24339738488197327,-0.185815691947937,-0.006938787177205086,-0.04343769699335098,0.03101247176527977,0.05861356481909752,0.005907484795898199,1.0144035816192627,-0.5419415235519409,0.061577603220939636,0.04030077904462814,0.22872823476791382,-0.32819604873657227,-0.1260327398777008,0.005649053957313299,0.010908943600952625,0.0492287278175354,0.06812972575426102,0.3582947850227356,-0.02722298353910446,-0.22515197098255157
5.933333333333334,action_b,1.0,9.424781799316406,0.000858306884765625,-0.022379741072654724,-0.04315069317817688,0.08702249079942703,0.043021850287914276,-0.1679827719926834,-0.11849130690097809,0.5485852360725403,-0.5284051895141602,0.23174238204956055,-0.1952061504125595,-0.007082940544933081,-0.02862800657749176,0.04609549045562744,0.06864595413208008,-0.0005810607690364122,1.0929434299468994,-0.5385589003562927,0.07028666138648987,0.029796365648508072,0.2570025622844696,-0.3043076694011688,-0.12992464005947113,-0.00499389972537756,0.006081299856305122,0.044539716094732285,0.07265358418226242,0.3571273684501648,-0.01694597490131855,-0.23202110826969147
5.941666666666666,action_b,1.0,9.424781799316406,271.43354415893555,-0.021871618926525116,-0.055190470069646835,0.054958514869213104,0.04324276000261307,-0.17223438620567322,-0.11139007657766342,0.5474979877471924,-0.5755290985107422,0.223764568567276,-0.20606738328933716,-0.00507985008880496,-0.011052465066313744,0.06325257569551468,0.06952756643295288,-0.014741548337042332,1.1714832782745361,-0.53981614112854,0.08342935144901276,0.02113524079322815,0.30412644147872925,-0.2938045859336853,-0.13434451818466187,-0.009899548254907131,-0.0017547523602843285,0.04190416634082794,0.08584826439619064,0.3674454092979431,-0.006187371909618378,-0.22284556925296783
5.950000000000001,action_b,1.0,9.42476749420166,0.00171661376953125,-0.021363496780395508,-0.06723024696111679,0.022894538938999176,0.04346366599202156,-0.17648601531982422,-0.10428884625434875,0.5464107394218445,-0.6226529479026794,0.21578674018383026,-0.2169286012649536,-0.003076759399846196,0.006523075979202986,0.08040966093540192,0.07040918618440628,-0.02890203520655632,1.2500230073928833,-0.5410733222961426,0.09657204896211624,0.012474115937948227,0.3512503504753113,-0.2833015024662018,-0.1387643963098526,-0.014805196784436703,-0.00959080457687378,0.0392686203122139,0.09904294461011887,0.3777634799480438,0.004571230616420507,-0.2136700302362442
5.958333333333334,action_b,1.0,5.654865503311157,527.2853851318359,-0.025004617869853973,-0.08885794878005981,-0.006156740710139275,0.03354328125715256,-0.17980900406837463,-0.09121274948120117,0.5509376525878906,-0.6697767972946167,0.2107928991317749,-0.23889948427677155,-0.0007821877370588481,0.02537870593369007,0.09476075321435928,0.0684935450553894,-0.04589486122131348,1.2919456958770752,-0.5457901954650879,0.10811659693717957,0.0064653255976736546,0.3983742296695709,-0.25382000207901,-0.1478835791349411,-0.02631785161793232,-0.009410926140844822,0.037878088653087616,0.10838174819946289,0.3814554810523987,0.016463862732052803,-0.18870827555656433
5.966666666666667,action_b,1.0,5.654869079589844,0.00171661376953125,-0.028645740821957588,-0.11048564314842224,-0.035208020359277725,0.023622894659638405,-0.18313200771808624,-0.07813666015863419,0.5554646253585815,-0.7169007062911987,0.20579904317855835,-0.2608703672885895,0.0015123839257284999,0.04423433542251587,0.10911184549331665,0.06657791137695312,-0.06288768351078033,1.3338685035705566,-0.550507128238678,0.11966113746166229,0.0004565349954646081,0.44549810886383057,-0.22433848679065704,-0.1570027619600296,-0.03783050552010536,-0.009231047704815865,0.03648756071925163,0.11772054433822632,0.38514748215675354,0.02835649438202381,-0.16374650597572327
5.975,action_b,1.0,5.654869079589844,495.5177307128906,-0.034321434795856476,-0.12977728247642517,-0.06616095453500748,0.014475093223154545,-0.18636305630207062,-0.06742541491985321,0.5592186450958252,-0.7640246152877808,0.20424121618270874,-0.2847065329551697,0.004851287230849266,0.06678341329097748,0.12603269517421722,0.06091036647558212,-0.07930049300193787,1.3413803577423096,-0.549606204032898,0.12152145802974701,-0.003982106223702431,0.4926220178604126,-0.19377748668193817,-0.1669168770313263,-0.04921624809503555,-0.008286288008093834,0.03709559887647629,0.12774215638637543,0.39750874042510986,0.03154812380671501,-0.14146743714809418
5.9833333333333325,action_b,1.0,5.654869079589844,0.00171661376953125,-0.03999713063240051,-0.1490689367055893,-0.09711389243602753,0.0053272913210093975,-0.189594104886055,-0.05671416223049164,0.5629726052284241,-0.8111485242843628,0.20268340408802032,-0.3085426688194275,0.00819019041955471,0.08933249115943909,0.1429535448551178,0.05524282529950142,-0.095713309943676,1.348892092704773,-0.5487052202224731,0.12338177114725113,-0.008420747704803944,0.5397459268569946,-0.1632164865732193,-0.1768309772014618,-0.06060199439525604,-0.007341528777033091,0.03770364075899124,0.13776376843452454,0.4098699688911438,0.03473975509405136,-0.11918836832046509
5.991666666666665,action_b,1.0,5.654869079589844,282.6350122690201,-0.04239967465400696,-0.1711127758026123,-0.11821136623620987,-0.02344794198870659,-0.18476727604866028,-0.037916913628578186,0.5840507745742798,-0.8582724332809448,0.21415281295776367,-0.327487051486969,0.009899795986711979,0.11050409078598022,0.15651258826255798,0.04957471787929535,-0.11191818118095398,1.3546497821807861,-0.5512766242027283,0.1181577742099762,-0.005041252356022596,0.5868698358535767,-0.1467362642288208,-0.1867818832397461,-0.07293786108493805,-0.003057125024497509,0.03707076609134674,0.14536117017269135,0.4252013564109802,0.03906029090285301,-0.10797567665576935
6.0,action_b,1.0,5.654861927032471,0.000858306884765625,-0.044802214950323105,-0.19315661489963531,-0.1393088400363922,-0.05222317576408386,-0.17994043231010437,-0.019119666889309883,0.6051288843154907,-0.9053962826728821,0.22562220692634583,-0.3464314341545105,0.011609401553869247,0.13167569041252136,0.17007161676883698,0.04390661418437958,-0.12812304496765137,1.3604074716567993,-0.5538480281829834,0.11293376982212067,-0.0016617572400718927,0.6339936852455139,-0.1302560418844223,-0.1967327743768692,-0.08527372032403946,0.0012272787280380726,0.03643789514899254,0.15295857191085815,0.44053277373313904,0.04338082671165466,-0.09676298499107361
6.008333333333335,action_b,1.0,4.59702730178833,213.33823800086975,-0.058076754212379456,-0.21004825830459595,-0.16067717969417572,-0.06618325412273407,-0.16831234097480774,-0.01249227486550808,0.614905834197998,-0.9437048435211182,0.23259378969669342,-0.3693639039993286,0.013438701629638672,0.15204203128814697,0.17920687794685364,0.03414922207593918,-0.14085163176059723,1.3683161735534668,-0.5518360137939453,0.09775154292583466,0.0038025486283004284,0.6718773245811462,-0.10170699656009674,-0.21404671669006348,-0.09553026407957077,0.0013310040812939405,0.03624960035085678,0.15936459600925446,0.44390982389450073,0.05158763751387596,-0.08898542076349258
6.0166666666666675,action_b,1.0,4.597020149230957,0.00171661376953125,-0.0713512971997261,-0.22693988680839539,-0.18204551935195923,-0.08014332503080368,-0.1566842645406723,-0.0058648837730288506,0.6246827244758606,-0.9820133447647095,0.23956537246704102,-0.3922964036464691,0.015268002636730671,0.17240837216377258,0.1883421391248703,0.024391833692789078,-0.1535802185535431,1.3762249946594238,-0.5498239398002625,0.08256931602954865,0.009266854263842106,0.7097609639167786,-0.07315795868635178,-0.23136067390441895,-0.10578680783510208,0.0014347295509651303,0.036061305552721024,0.16577062010765076,0.44728684425354004,0.05979444831609726,-0.08120785653591156
6.025,action_b,1.0,5.182521343231201,121.17286920547485,-0.08376331627368927,-0.24132040143013,-0.19687677919864655,-0.08693695068359375,-0.14425444602966309,0.0013488009572029114,0.6260719299316406,-1.0214052200317383,0.24411529302597046,-0.42136815190315247,0.01888839714229107,0.18944421410560608,0.19403299689292908,0.00981332641094923,-0.16683664917945862,1.3869142532348633,-0.551546573638916,0.06025031954050064,0.020111914724111557,0.7529486417770386,-0.05082065984606743,-0.24980126321315765,-0.12445813417434692,0.0019206744618713856,0.0342283695936203,0.16507819294929504,0.4512190520763397,0.06377442926168442,-0.0688088983297348
6.033333333333333,action_b,1.0,5.182521343231201,0.00171661376953125,-0.09617533534765244,-0.2557009160518646,-0.21170803904533386,-0.09373056888580322,-0.13182462751865387,0.008562485687434673,0.6274611353874207,-1.060797095298767,0.2486652284860611,-0.4504399001598358,0.022508792579174042,0.20648007094860077,0.19972385466098785,-0.00476518040522933,-0.18009307980537415,1.3976033926010132,-0.5532691478729248,0.037931326776742935,0.030956976115703583,0.7961363196372986,-0.028483359143137932,-0.26824185252189636,-0.14312946796417236,0.002406619256362319,0.03239543363451958,0.16438575088977814,0.4551512598991394,0.06775441020727158,-0.056409940123558044
6.041666666666666,action_b,1.0,5.02774715423584,163.96708488464355,-0.10780972242355347,-0.2586948275566101,-0.21820038557052612,-0.10120732337236404,-0.12016752362251282,0.017454642802476883,0.6204631924629211,-1.101872205734253,0.25208890438079834,-0.483636736869812,0.025978900492191315,0.2209847867488861,0.2026723027229309,-0.022690940648317337,-0.18903781473636627,1.4117876291275024,-0.5589643120765686,0.012041458860039711,0.045943088829517365,0.8380342125892639,-0.007353364489972591,-0.28050386905670166,-0.17309823632240295,0.0032271775417029858,0.03135534003376961,0.1650625467300415,0.4541482925415039,0.07017578184604645,-0.04186182841658592
6.049999999999999,action_b,1.0,5.02774715423584,0.00171661376953125,-0.1194441094994545,-0.2616887390613556,-0.22469273209571838,-0.10868407785892487,-0.10851041227579117,0.026346798986196518,0.6134652495384216,-1.1429474353790283,0.2555125653743744,-0.5168335437774658,0.02944900654256344,0.23548950254917145,0.20562073588371277,-0.040616702288389206,-0.1979825496673584,1.4259718656539917,-0.5646594762802124,-0.013848408125340939,0.060929205268621445,0.8799321055412292,0.013776630163192749,-0.29276591539382935,-0.20306700468063354,0.004047736059874296,0.03031524457037449,0.16573934257030487,0.453145295381546,0.07259714603424072,-0.02731371484696865
6.058333333333334,action_b,1.0,3.9686965942382812,252.13236808776855,-0.12328165769577026,-0.26174426078796387,-0.2303154468536377,-0.11386401951313019,-0.09342242032289505,0.029020925983786583,0.5941159725189209,-1.1760199069976807,0.2622918486595154,-0.5480034947395325,0.031045034527778625,0.24675986170768738,0.20494568347930908,-0.056953877210617065,-0.2047542929649353,1.445962905883789,-0.571128249168396,-0.04443321004509926,0.07619329541921616,0.911249577999115,0.026380283758044243,-0.3116927742958069,-0.21552658081054688,0.005265701562166214,0.026891030371189117,0.16179320216178894,0.44803905487060547,0.06898455321788788,-0.02587519958615303
6.066666666666666,action_b,1.0,3.9687108993530273,0.00171661376953125,-0.12711921334266663,-0.26179978251457214,-0.235938161611557,-0.11904396861791611,-0.07833442836999893,0.03169505298137665,0.5747666358947754,-1.2090924978256226,0.269071102142334,-0.5791734457015991,0.03264106065034866,0.2580302357673645,0.2042706161737442,-0.07329105585813522,-0.2115260511636734,1.465954065322876,-0.5775970816612244,-0.075018011033535,0.09145738184452057,0.9425670504570007,0.03898393735289574,-0.33061960339546204,-0.2279861718416214,0.006483667530119419,0.023466818034648895,0.1578470766544342,0.44293278455734253,0.06537196040153503,-0.02443668432533741
6.075000000000001,action_b,1.0,4.0612077713012695,148.43344688415527,-0.12299312651157379,-0.2616439461708069,-0.2312529981136322,-0.12734943628311157,-0.054529137909412384,0.028634678572416306,0.5531610250473022,-1.2429358959197998,0.2703893780708313,-0.6108088493347168,0.03629220277070999,0.26571646332740784,0.20607978105545044,-0.08792474865913391,-0.21777856349945068,1.4871933460235596,-0.5875324010848999,-0.10365357995033264,0.10708419978618622,0.9696519374847412,0.043684087693691254,-0.3515813946723938,-0.2347853183746338,0.006910792551934719,0.01935015432536602,0.15352848172187805,0.4410119950771332,0.06526917964220047,-0.026988418772816658
6.083333333333334,action_b,1.0,4.061222076416016,0.00171661376953125,-0.11886703968048096,-0.26148808002471924,-0.2265678197145462,-0.13565489649772644,-0.030723847448825836,0.025574302300810814,0.5315554141998291,-1.2767794132232666,0.271707683801651,-0.6424441933631897,0.03994334489107132,0.27340269088745117,0.20788896083831787,-0.1025584489107132,-0.22403107583522797,1.5084326267242432,-0.5974676609039307,-0.13228915631771088,0.12271101772785187,0.9967367649078369,0.04838423803448677,-0.37254321575164795,-0.24158445000648499,0.007337917573750019,0.015233490616083145,0.1492099016904831,0.43909120559692383,0.0651663988828659,-0.029540153220295906
6.091666666666667,action_b,1.0,5.266027450561523,277.2571563720703,-0.11258932948112488,-0.25715669989585876,-0.20774175226688385,-0.14883607625961304,0.008257579058408737,0.017895551398396492,0.5080470442771912,-1.3206629753112793,0.270747572183609,-0.6798919439315796,0.04357922449707985,0.27976828813552856,0.21440547704696655,-0.11206987500190735,-0.22175772488117218,1.5249685049057007,-0.5982578992843628,-0.15447205305099487,0.13689234852790833,1.0045676231384277,0.05269130319356918,-0.3817877173423767,-0.2540509104728699,0.006263816263526678,0.013304106891155243,0.1458861082792282,0.43457144498825073,0.06165950372815132,-0.024517985060811043
6.1,action_b,1.0,5.266027450561523,0.000858306884765625,-0.1063116192817688,-0.2528253197669983,-0.1889156848192215,-0.16201725602149963,0.04723900556564331,0.010216801427304745,0.4845387041568756,-1.364546537399292,0.269787460565567,-0.7173396348953247,0.04721510410308838,0.28613388538360596,0.22092199325561523,-0.1215813010931015,-0.2194843739271164,1.5415043830871582,-0.5990481376647949,-0.17665493488311768,0.1510736644268036,1.0123984813690186,0.056998372077941895,-0.39103221893310547,-0.2665173411369324,0.005189714953303337,0.011374722234904766,0.14256231486797333,0.43005168437957764,0.05815260857343674,-0.01949581690132618
6.1083333333333325,action_b,1.0,4.64342325925827,209.8217010498047,-0.09998387098312378,-0.24064669013023376,-0.16145694255828857,-0.17251203954219818,0.08593419939279556,-0.0005595805123448372,0.4568314254283905,-1.399533987045288,0.2654901444911957,-0.7463328838348389,0.050400201231241226,0.28720298409461975,0.22792841494083405,-0.12338516116142273,-0.21587899327278137,1.5464739799499512,-0.5898271799087524,-0.1975972056388855,0.1576492190361023,1.0056583881378174,0.06269942969083786,-0.40265852212905884,-0.2677296996116638,0.004049960989505053,0.0097685307264328,0.13109776377677917,0.42715466022491455,0.056560665369033813,-0.016747048124670982
6.116666666666665,action_b,1.0,4.64342325925827,0.00171661376953125,-0.09365613013505936,-0.22846804559230804,-0.13399818539619446,-0.18300682306289673,0.12462939321994781,-0.011335962451994419,0.4291241466999054,-1.4345213174819946,0.26119282841682434,-0.7753261923789978,0.053585298359394073,0.28827208280563354,0.23493483662605286,-0.12518902122974396,-0.21227362751960754,1.5514436960220337,-0.5806062817573547,-0.21853947639465332,0.1642247885465622,0.9989182353019714,0.06840048730373383,-0.4142848253250122,-0.2689420282840729,0.002910207025706768,0.008162339217960835,0.11963320523500443,0.42425763607025146,0.05496871843934059,-0.013998279348015785
6.125,action_b,1.0,4.9230945110321045,84.13724899291992,-0.08744733035564423,-0.215899258852005,-0.10253793746232986,-0.1921863555908203,0.16565518081188202,-0.025755373761057854,0.3983572721481323,-1.4693095684051514,0.26008376479148865,-0.8005119562149048,0.054641276597976685,0.2846808433532715,0.24308378994464874,-0.12255378067493439,-0.20649990439414978,1.5544568300247192,-0.5679356455802917,-0.23393574357032776,0.16516822576522827,0.9863352179527283,0.06919223070144653,-0.42144477367401123,-0.2668848931789398,0.0025813658721745014,0.007645320147275925,0.11399556696414948,0.4241246283054352,0.05350706726312637,-0.010635735467076302
6.133333333333335,action_b,1.0,4.9230945110321045,0.00171661376953125,-0.0812385305762291,-0.20333045721054077,-0.07107768952846527,-0.2013658732175827,0.20668096840381622,-0.04017478600144386,0.36759036779403687,-1.5040979385375977,0.25897470116615295,-0.8256977200508118,0.055697254836559296,0.2810896337032318,0.25123274326324463,-0.11991853266954422,-0.20072616636753082,1.5574699640274048,-0.5552650094032288,-0.2493320256471634,0.16611167788505554,0.9737522006034851,0.06998397409915924,-0.42860475182533264,-0.26482775807380676,0.0022525249514728785,0.007128301542252302,0.10835792124271393,0.4239916205406189,0.05204541236162186,-0.007273191120475531
6.1416666666666675,action_b,1.0,5.197804570198059,164.46490287780762,-0.07568304240703583,-0.18988114595413208,-0.03334846347570419,-0.20901642739772797,0.24999600648880005,-0.0549745187163353,0.3339722156524658,-1.5398330688476562,0.261105477809906,-0.8434081077575684,0.055662259459495544,0.27421343326568604,0.25780314207077026,-0.11419891566038132,-0.19097191095352173,1.558379054069519,-0.5427811145782471,-0.25330713391304016,0.16377359628677368,0.9625020027160645,0.0643073171377182,-0.4308520555496216,-0.2642086148262024,0.0019350163638591766,0.007452167570590973,0.10181742906570435,0.42967236042022705,0.052068933844566345,-0.0031373563688248396
6.15,action_b,1.0,5.197806358337402,0.000858306884765625,-0.07012754678726196,-0.1764318346977234,0.004380763508379459,-0.21666698157787323,0.29331105947494507,-0.06977424770593643,0.3003540635108948,-1.5755681991577148,0.26323622465133667,-0.861118495464325,0.05562726408243179,0.26733723282814026,0.2643735110759735,-0.10847929865121841,-0.18121767044067383,1.5592881441116333,-0.5302971601486206,-0.2572822570800781,0.16143552958965302,0.951251745223999,0.05863066762685776,-0.4330993890762329,-0.263589471578598,0.001617507659830153,0.007776034064590931,0.09527692943811417,0.4353531002998352,0.052092451602220535,0.0009984784992411733
6.158333333333333,action_b,1.0,4.37471866607666,228.52506637573242,-0.06576161831617355,-0.1606060117483139,0.03655361384153366,-0.22617673873901367,0.32976704835891724,-0.08363574743270874,0.27442318201065063,-1.603011131286621,0.27267175912857056,-0.8779511451721191,0.05818726122379303,0.259803831577301,0.2666088342666626,-0.10730913281440735,-0.17488500475883484,1.556736946105957,-0.5259113311767578,-0.26236847043037415,0.163714200258255,0.9558712840080261,0.05431954935193062,-0.4402393400669098,-0.26634758710861206,0.0010615794453769922,0.00826109666377306,0.08678194135427475,0.43721866607666016,0.0472441203892231,0.0070445784367620945
6.166666666666666,action_b,1.0,4.37471866607666,0.00171661376953125,-0.061395686119794846,-0.14478018879890442,0.06872646510601044,-0.2356865108013153,0.3662230372428894,-0.09749724715948105,0.2484923005104065,-1.630454182624817,0.28210729360580444,-0.8947838544845581,0.060747262090444565,0.2522704601287842,0.2688441276550293,-0.10613897442817688,-0.16855233907699585,1.5541857481002808,-0.5215255618095398,-0.26745468378067017,0.1659928560256958,0.9604908227920532,0.05000843107700348,-0.44737929105758667,-0.2691056728363037,0.0005056511145085096,0.008746159262955189,0.07828695327043533,0.4390842318534851,0.04239578917622566,0.013090678490698338
6.174999999999999,action_b,1.0,4.518563747406006,270.26238441467285,-0.05708146095275879,-0.1289519965648651,0.10283482074737549,-0.24477660655975342,0.40387773513793945,-0.11144290864467621,0.2242022156715393,-1.652860164642334,0.2989947199821472,-0.9060197472572327,0.06551256775856018,0.2391681671142578,0.26734504103660583,-0.10576269030570984,-0.1615695357322693,1.551997184753418,-0.5222355723381042,-0.26745468378067017,0.16622762382030487,0.9734946489334106,0.0372672863304615,-0.4547235369682312,-0.2530955374240875,0.0005109551129862666,0.007084152661263943,0.07058577984571457,0.4463678300380707,0.04707891121506691,0.01601613126695156
6.183333333333334,action_b,1.0,4.518560171127319,0.000858306884765625,-0.05276723951101303,-0.11312378942966461,0.13694317638874054,-0.25386670231819153,0.4415324032306671,-0.12538857758045197,0.19991213083267212,-1.675266146659851,0.31588214635849,-0.9172556400299072,0.0702778771519661,0.22606588900089264,0.2658459544181824,-0.1053863987326622,-0.15458673238754272,1.5498086214065552,-0.5229455828666687,-0.26745468378067017,0.16646239161491394,0.9864984154701233,0.024526139721274376,-0.46206778287887573,-0.23708538711071014,0.0005162590532563627,0.005422146059572697,0.0628846064209938,0.45365142822265625,0.05176203325390816,0.01894158497452736
6.191666666666666,action_b,1.0,5.526391267776489,247.1275806427002,-0.0588369183242321,-0.09932936728000641,0.18299643695354462,-0.2521916925907135,0.4710938334465027,-0.12791787087917328,0.1796882450580597,-1.6893062591552734,0.33882391452789307,-0.9302352666854858,0.0748404711484909,0.20758572220802307,0.2583997845649719,-0.109892338514328,-0.15848147869110107,1.5525132417678833,-0.5206782817840576,-0.2673373818397522,0.15726298093795776,1.0055872201919556,0.017487432807683945,-0.4732934534549713,-0.2039135992527008,-0.0025731483474373817,0.0025006767828017473,0.058906495571136475,0.4498845338821411,0.053358905017375946,0.019373256713151932
6.200000000000001,action_b,1.0,5.526391267776489,0.000858306884765625,-0.06490659713745117,-0.08553493767976761,0.2290496975183487,-0.2505166828632355,0.5006552934646606,-0.1304471641778946,0.15946434438228607,-1.7033463716506958,0.36176565289497375,-0.9432149529457092,0.07940307259559631,0.1891055554151535,0.2509536147117615,-0.1143982857465744,-0.16237622499465942,1.5552178621292114,-0.5184109210968018,-0.26722007989883423,0.14806358516216278,1.0246760845184326,0.010448724031448364,-0.4845191240310669,-0.17074182629585266,-0.005662555806338787,-0.0004207923775538802,0.054928384721279144,0.44611766934394836,0.054955773055553436,0.019804928451776505
6.208333333333334,action_b,1.0,5.632783770561218,194.63481903076172,-0.06374502927064896,-0.07556740194559097,0.2759895622730255,-0.25765061378479004,0.5226353406906128,-0.13723868131637573,0.1426863819360733,-1.7079451084136963,0.3848024606704712,-0.9595881104469299,0.07629546523094177,0.17275992035865784,0.2418537735939026,-0.11551417410373688,-0.1630462110042572,1.5444061756134033,-0.5182879567146301,-0.26687705516815186,0.1511363387107849,1.0370333194732666,0.0010239463299512863,-0.4941534399986267,-0.1428726315498352,-0.00913197360932827,0.0004776945570483804,0.053892068564891815,0.4465380907058716,0.061779726296663284,0.020641131326556206
6.216666666666667,action_b,1.0,5.632781982421875,0.00171661376953125,-0.06258346140384674,-0.06559986621141434,0.32292941212654114,-0.2647845149040222,0.5446154475212097,-0.14403021335601807,0.12590841948986053,-1.7125439643859863,0.40783923864364624,-0.9759612679481506,0.07318785041570663,0.15641428530216217,0.2327539324760437,-0.11663006246089935,-0.1637161821126938,1.5335946083068848,-0.5181649923324585,-0.2665340304374695,0.15420910716056824,1.0493906736373901,-0.008400831371545792,-0.5037877559661865,-0.11500342190265656,-0.012601392343640327,0.001376181491650641,0.052855756133794785,0.4469585120677948,0.06860367953777313,0.021477334201335907
6.225,action_b,1.0,6.616419553756714,148.8450050354004,-0.056226760149002075,-0.05482928082346916,0.3780662417411804,-0.2822548747062683,0.5636979341506958,-0.1519394814968109,0.11414062976837158,-1.7231640815734863,0.43766891956329346,-1.000495433807373,0.06767942011356354,0.1362999528646469,0.21699461340904236,-0.11410242319107056,-0.16066308319568634,1.513836145401001,-0.5248146057128906,-0.25915321707725525,0.15971222519874573,1.0539965629577637,-0.027250386774539948,-0.5161552429199219,-0.09048378467559814,-0.012138665653765202,0.0015506213530898094,0.050249431282281876,0.44979846477508545,0.08046343922615051,0.021845068782567978
6.2333333333333325,action_b,1.0,6.616419553756714,0.00171661376953125,-0.04987005889415741,-0.04405869543552399,0.4332030713558197,-0.2997252643108368,0.5827803611755371,-0.15984873473644257,0.10237284749746323,-1.7337841987609863,0.4674985706806183,-1.0250296592712402,0.062170982360839844,0.11618562787771225,0.2012353092432022,-0.11157478392124176,-0.1576099842786789,1.4940775632858276,-0.5314642190933228,-0.251772403717041,0.16521534323692322,1.0586025714874268,-0.0460999421775341,-0.528522789478302,-0.06596414744853973,-0.011675938963890076,0.0017250612145289779,0.04764310643076897,0.4526384174823761,0.09232320636510849,0.022212805226445198
6.241666666666665,action_b,1.0,5.972582101821899,338.5917663574219,-0.04785453900694847,-0.0435219407081604,0.4829745888710022,-0.30932000279426575,0.5901098251342773,-0.16281956434249878,0.10545603185892105,-1.720890998840332,0.4949008822441101,-1.0479475259780884,0.05281057208776474,0.0998573750257492,0.18467207252979279,-0.11254075169563293,-0.16316932439804077,1.47223699092865,-0.5445163249969482,-0.24333330988883972,0.17865069210529327,1.0663244724273682,-0.06494949758052826,-0.5379555225372314,-0.03632514551281929,-0.01197802647948265,0.0025775483809411526,0.046706363558769226,0.44695305824279785,0.09957732260227203,0.03392743691802025
6.25,action_b,1.0,5.972585678100586,0.000858306884765625,-0.04583901911973953,-0.042985182255506516,0.5327461361885071,-0.3189147412776947,0.5974393486976624,-0.165790393948555,0.10853921622037888,-1.7079977989196777,0.5223032236099243,-1.0708653926849365,0.04345015808939934,0.08352912217378616,0.16810883581638336,-0.11350671201944351,-0.16872867941856384,1.4503964185714722,-0.5575684309005737,-0.23489420115947723,0.19208604097366333,1.0740463733673096,-0.08379905670881271,-0.5473881959915161,-0.006686145905405283,-0.012280113063752651,0.003430035663768649,0.045769624412059784,0.441267728805542,0.10683143138885498,0.04564207047224045
6.258333333333335,action_b,1.0,5.269103050231934,345.11689357459545,-0.03576071932911873,-0.048527948558330536,0.5766553282737732,-0.323274165391922,0.6032291054725647,-0.17701804637908936,0.10427527129650116,-1.68666410446167,0.5473507642745972,-1.0897700786590576,0.03941222280263901,0.07294852286577225,0.15398436784744263,-0.10806450247764587,-0.16497039794921875,1.4215846061706543,-0.5608447194099426,-0.21248170733451843,0.21650318801403046,1.0686461925506592,-0.1120733916759491,-0.5525130033493042,-0.0010135972406715155,-0.011323816142976284,0.004927278030663729,0.044738009572029114,0.445929616689682,0.11964984983205795,0.06261252611875534
6.2666666666666675,action_b,1.0,5.269103050231934,0.00171661376953125,-0.025682417675852776,-0.054070714861154556,0.6205645203590393,-0.3276335895061493,0.609018862247467,-0.18824569880962372,0.10001131892204285,-1.6653305292129517,0.5723983645439148,-1.1086746454238892,0.03537428379058838,0.06236791983246803,0.1398598998785019,-0.10262230038642883,-0.16121210157871246,1.392772912979126,-0.5641210079193115,-0.19006921350955963,0.24092033505439758,1.0632458925247192,-0.14034771919250488,-0.5576378703117371,0.004658951424062252,-0.010367519222199917,0.006424520164728165,0.043706391006708145,0.450591504573822,0.13246826827526093,0.07958298176527023
6.275,action_b,1.0,6.3019537925720215,283.00489224493504,-0.0248313806951046,-0.0614217072725296,0.6730808019638062,-0.3370131254196167,0.6088151931762695,-0.18820534646511078,0.10462668538093567,-1.6363425254821777,0.6077781915664673,-1.1152021884918213,0.030705992132425308,0.05152922496199608,0.12363523989915848,-0.10056000202894211,-0.16698411107063293,1.3626054525375366,-0.5789127349853516,-0.17317825555801392,0.2613934874534607,1.0490952730178833,-0.1780468225479126,-0.5539180636405945,0.029984617605805397,-0.007054132875055075,0.008609922602772713,0.04564572125673294,0.44325339794158936,0.1366235613822937,0.09918515384197235
6.283333333333333,action_b,1.0,6.301946640014648,0.00171661376953125,-0.023980343714356422,-0.06877270340919495,0.7255970239639282,-0.3463926315307617,0.6086114645004272,-0.18816499412059784,0.10924205183982849,-1.6073544025421143,0.643157958984375,-1.1217297315597534,0.026037702336907387,0.040690530091524124,0.10741057991981506,-0.09849770367145538,-0.1727561205625534,1.3324379920959473,-0.5937045216560364,-0.156287282705307,0.2818666100502014,1.0349446535110474,-0.2157459408044815,-0.5501982569694519,0.05531028285622597,-0.0037407465279102325,0.010795325972139835,0.04758504778146744,0.4359152913093567,0.14077886939048767,0.11878733336925507
6.291666666666666,action_b,1.0,6.455497741699219,240.48900604248047,-0.023572582751512527,-0.08214209973812103,0.7793928384780884,-0.3545181453227997,0.5917071104049683,-0.1900089830160141,0.10879580676555634,-1.5771825313568115,0.669670581817627,-1.1261999607086182,0.026069100946187973,0.03164262697100639,0.08942487835884094,-0.09772346913814545,-0.17692184448242188,1.306329369544983,-0.5937793254852295,-0.1537572145462036,0.29517948627471924,1.016079068183899,-0.2534450590610504,-0.5355474948883057,0.08193500339984894,-0.0029812778811901808,0.012049417942762375,0.047135449945926666,0.438087522983551,0.13359412550926208,0.12882983684539795
6.299999999999999,action_b,1.0,6.455490589141846,0.00171661376953125,-0.023164819926023483,-0.09551149606704712,0.8331885933876038,-0.36264365911483765,0.5748027563095093,-0.19185297191143036,0.10834956914186478,-1.5470107793807983,0.6961831450462341,-1.130670189857483,0.02610049955546856,0.022594721987843513,0.07143918424844742,-0.09694923460483551,-0.18108755350112915,1.2802207469940186,-0.5938541889190674,-0.15122714638710022,0.3084923326969147,0.9972135424613953,-0.29114416241645813,-0.5208966732025146,0.10855972021818161,-0.002221809234470129,0.013303509913384914,0.046685848385095596,0.44025975465774536,0.1264093667268753,0.13887234032154083
6.308333333333334,action_b,1.0,7.472813129425049,301.8699645996094,-0.025757715106010437,-0.1008528470993042,0.8954620361328125,-0.36806735396385193,0.5600425601005554,-0.188429594039917,0.12232151627540588,-1.502837896347046,0.7243326902389526,-1.1141772270202637,0.020211495459079742,0.01617962121963501,0.05843537673354149,-0.09749208390712738,-0.18492403626441956,1.2659235000610352,-0.5853854417800903,-0.15016892552375793,0.31656885147094727,0.971699595451355,-0.3382680416107178,-0.5007177591323853,0.12870243191719055,-0.0003645176184363663,0.014925464987754822,0.046324267983436584,0.4426250457763672,0.12766578793525696,0.14349500834941864
6.316666666666666,action_b,1.0,7.472820281982422,0.00171661376953125,-0.02835061214864254,-0.10619419813156128,0.957735538482666,-0.3734910488128662,0.5452823638916016,-0.18500620126724243,0.1362934708595276,-1.458664894104004,0.7524821758270264,-1.0976841449737549,0.0143224922940135,0.009764518588781357,0.04543156921863556,-0.09803492575883865,-0.18876053392887115,1.2516262531280518,-0.5769166350364685,-0.14911071956157684,0.32464537024497986,0.9461855888366699,-0.3853919506072998,-0.48053887486457825,0.1488451361656189,0.0014927739975973964,0.016547419130802155,0.04596269130706787,0.444990336894989,0.1289222091436386,0.14811767637729645
6.325000000000001,action_b,1.0,6.10407829284668,185.95261573791504,-0.02928011119365692,-0.11050331592559814,1.0086028575897217,-0.3813849091529846,0.526561975479126,-0.18272659182548523,0.14864014089107513,-1.4109469652175903,0.775553822517395,-1.0713989734649658,0.011002170853316784,0.005816118326038122,0.035361938178539276,-0.09753395617008209,-0.19085565209388733,1.228597640991211,-0.5623583793640137,-0.15150149166584015,0.3266340494155884,0.9117053747177124,-0.4230910539627075,-0.45505303144454956,0.15607446432113647,-0.00017063994891941547,0.01923280581831932,0.047736864537000656,0.4495134949684143,0.13261491060256958,0.15482504665851593
6.333333333333334,action_b,1.0,6.10407829284668,0.00171661376953125,-0.030209610238671303,-0.11481243371963501,1.0594701766967773,-0.3892787992954254,0.5078415870666504,-0.18044698238372803,0.16098681092262268,-1.3632290363311768,0.7986255288124084,-1.0451139211654663,0.007681849878281355,0.001867717714048922,0.025292305275797844,-0.09703298658132553,-0.1929507553577423,1.2055689096450806,-0.5478001236915588,-0.15389226377010345,0.3286227583885193,0.8772251009941101,-0.4607901871204376,-0.4295671880245209,0.16330377757549286,-0.0018340538954362273,0.021918190643191338,0.04951103776693344,0.4540366232395172,0.13630762696266174,0.1615324169397354
6.341666666666667,action_b,1.0,6.1365509033203125,345.3620910644531,-0.02922741323709488,-0.11194562911987305,1.0863540172576904,-0.39280563592910767,0.4869612455368042,-0.1753063201904297,0.16576480865478516,-1.3120911121368408,0.8242377042770386,-1.0204302072525024,0.0029261948075145483,-0.0009016913245432079,0.011357275769114494,-0.0961368978023529,-0.191367506980896,1.1856954097747803,-0.5262467265129089,-0.15417005121707916,0.3237960636615753,0.8481756448745728,-0.4984893202781677,-0.40222758054733276,0.17933082580566406,-0.000820679240860045,0.025579608976840973,0.05661096051335335,0.4670492708683014,0.14616774022579193,0.16099096834659576
6.35,action_b,1.0,6.136536598205566,0.00171661376953125,-0.028245216235518456,-0.10907882452011108,1.113237738609314,-0.3963325023651123,0.4660808742046356,-0.17016567289829254,0.17054282128810883,-1.2609533071517944,0.8498498201370239,-0.9957464933395386,-0.0018294601468369365,-0.003671100363135338,-0.002577753271907568,-0.09524080902338028,-0.18978427350521088,1.1658220291137695,-0.504693329334259,-0.15444783866405487,0.31896936893463135,0.8191261887550354,-0.5361884236335754,-0.37488797307014465,0.19535785913467407,0.00019269539916422218,0.029241029173135757,0.06371088325977325,0.48006191849708557,0.15602785348892212,0.16044951975345612
6.3583333333333325,action_b,1.0,5.2617645263671875,199.85504150390625,-0.026797110214829445,-0.10563082993030548,1.1454472541809082,-0.40526556968688965,0.44879430532455444,-0.16608010232448578,0.17036306858062744,-1.2171052694320679,0.8615831136703491,-0.9717252850532532,-0.001536909257993102,-0.00582478940486908,-0.012849956750869751,-0.09302600473165512,-0.1874154955148697,1.1371606588363647,-0.4937591850757599,-0.14745579659938812,0.31486406922340393,0.8015410900115967,-0.5644627809524536,-0.34787362813949585,0.20542049407958984,-0.0033727851696312428,0.03470908850431442,0.07006753981113434,0.4883163869380951,0.16599605977535248,0.16835960745811462
6.366666666666665,action_b,1.0,5.2617645263671875,0.00171661376953125,-0.025349004194140434,-0.10218284279108047,1.177656650543213,-0.4141986072063446,0.43150773644447327,-0.16199453175067902,0.17018331587314606,-1.1732572317123413,0.8733164072036743,-0.9477040767669678,-0.0012443584855645895,-0.007978478446602821,-0.023122159764170647,-0.09081120043992996,-0.1850467175245285,1.10849928855896,-0.48282504081726074,-0.14046375453472137,0.3107587695121765,0.783955991268158,-0.592737078666687,-0.32085925340652466,0.2154831439256668,-0.006938265636563301,0.04017714783549309,0.07642419636249542,0.4965708553791046,0.17596426606178284,0.17626968026161194
6.375,action_b,1.0,6.785845756530762,199.9237060546875,-0.02262844890356064,-0.09754890948534012,1.1959824562072754,-0.4333835542201996,0.4132450222969055,-0.15830042958259583,0.17317214608192444,-1.116708517074585,0.8804471492767334,-0.9134975671768188,-0.0034591383300721645,-0.010521307587623596,-0.03093837946653366,-0.08480742573738098,-0.1784665584564209,1.0845000743865967,-0.4830687642097473,-0.1284027099609375,0.305292546749115,0.7727525234222412,-0.6304361820220947,-0.2932608127593994,0.22834855318069458,-0.003390379250049591,0.04534962400794029,0.08201742172241211,0.49886006116867065,0.18518725037574768,0.1796151101589203
6.383333333333335,action_b,1.0,6.785831451416016,0.00171661376953125,-0.019907895475625992,-0.09291497617959976,1.2143081426620483,-0.45256850123405457,0.39498233795166016,-0.15460632741451263,0.17616096138954163,-1.0601599216461182,0.8875779509544373,-0.8792910575866699,-0.005673918407410383,-0.013064137659966946,-0.038754601031541824,-0.078803651034832,-0.1718863993883133,1.060500979423523,-0.4833125174045563,-0.11634168028831482,0.29982632398605347,0.7615490555763245,-0.6681352853775024,-0.2656623423099518,0.24121396243572235,0.000157507267431356,0.0505221001803875,0.0876106396317482,0.5011492967605591,0.19441021978855133,0.18296052515506744
6.3916666666666675,action_b,1.0,5.654869079589844,135.71720123291016,-0.01636432111263275,-0.08521449565887451,1.2330100536346436,-0.4676467776298523,0.37913405895233154,-0.1489398181438446,0.17940407991409302,-1.0130360126495361,0.8871960639953613,-0.8448057770729065,-0.0055548506788909435,-0.014855900779366493,-0.044722117483615875,-0.07121884822845459,-0.16370078921318054,1.0310988426208496,-0.47823381423950195,-0.1023353785276413,0.2927370071411133,0.7468530535697937,-0.6964095830917358,-0.2373034805059433,0.24607449769973755,-0.0025188715662807226,0.055730730295181274,0.09362569451332092,0.5011479258537292,0.20447319746017456,0.1939069926738739
6.4,action_b,1.0,5.654861927032471,0.00171661376953125,-0.012820746749639511,-0.07751402258872986,1.2517119646072388,-0.48272502422332764,0.3632858097553253,-0.14327329397201538,0.1826471984386444,-0.9659121632575989,0.8868142366409302,-0.8103204965591431,-0.005435782950371504,-0.016647664830088615,-0.050689633935689926,-0.06363405287265778,-0.1555151790380478,1.0016968250274658,-0.47315511107444763,-0.08832908421754837,0.2856476604938507,0.7321570515632629,-0.724683940410614,-0.20894461870193481,0.25093501806259155,-0.005195250269025564,0.06093936413526535,0.09964074939489365,0.5011465549468994,0.2145361602306366,0.20485344529151917
6.408333333333333,action_b,1.0,9.424774646759033,687.9501342773438,-0.01963469386100769,-0.06753429025411606,1.222639560699463,-0.4923287630081177,0.34720876812934875,-0.13436344265937805,0.197529137134552,-0.8873723745346069,0.9097352027893066,-0.7439320087432861,-0.01086623314768076,-0.016582265496253967,-0.05641907453536987,-0.05884191393852234,-0.15151500701904297,0.9789313077926636,-0.4561989903450012,-0.0702308714389801,0.26897990703582764,0.7207579612731934,-0.7413644790649414,-0.17299899458885193,0.285799503326416,-0.001630720216780901,0.06659120321273804,0.10070355236530304,0.4917237162590027,0.22767165303230286,0.19821271300315857
6.416666666666666,action_b,1.0,9.424781799316406,0.000858306884765625,-0.02644864097237587,-0.05755455791950226,1.193567156791687,-0.5019325017929077,0.3311317265033722,-0.12545359134674072,0.2124110907316208,-0.8088325262069702,0.9326561689376831,-0.6775434613227844,-0.016296682879328728,-0.01651686802506447,-0.06214851886034012,-0.0540497712790966,-0.14751482009887695,0.9561658501625061,-0.4392428994178772,-0.05213265120983124,0.25231215357780457,0.7093588709831238,-0.758044958114624,-0.13705335557460785,0.3206639587879181,0.0019338097190484405,0.07224303483963013,0.10176636278629303,0.48230087757110596,0.24080714583396912,0.19157198071479797
6.424999999999999,action_b,1.0,9.424781799316406,379.57935333251953,-0.02531483583152294,-0.050842344760894775,1.1908544301986694,-0.5138677358627319,0.31570732593536377,-0.12068873643875122,0.22683486342430115,-0.7302926778793335,0.9305682182312012,-0.6338470578193665,-0.016251035034656525,-0.019367879256606102,-0.07321063429117203,-0.05005606263875961,-0.13905930519104004,0.9336134195327759,-0.4320218861103058,-0.029498688876628876,0.24572256207466125,0.710932195186615,-0.7757284641265869,-0.10484107583761215,0.34385916590690613,0.00304203643463552,0.07570180296897888,0.10869850963354111,0.48230087757110596,0.2546607255935669,0.19425508379936218
6.433333333333334,action_b,1.0,9.424774646759033,0.000858306884765625,-0.024181030690670013,-0.04413013532757759,1.1881417036056519,-0.5258029699325562,0.30028292536735535,-0.11592388153076172,0.2412586361169815,-0.6517528891563416,0.928480327129364,-0.5901506543159485,-0.016205385327339172,-0.022218890488147736,-0.08427274972200394,-0.04606235772371292,-0.13060377538204193,0.9110609292984009,-0.4248008728027344,-0.006864727940410376,0.23913297057151794,0.7125055193901062,-0.793411910533905,-0.07262879610061646,0.36705437302589417,0.004150263033807278,0.07916057854890823,0.11563065648078918,0.48230087757110596,0.26851433515548706,0.1969381719827652
6.441666666666666,action_b,1.0,9.424774646759033,200.2481460571289,-0.02311745658516884,-0.034233011305332184,1.1993350982666016,-0.5332413911819458,0.2861926555633545,-0.1093759536743164,0.2531478703022003,-0.5732131004333496,0.9143902063369751,-0.5589558482170105,-0.01601152867078781,-0.025563638657331467,-0.09723716974258423,-0.04113883897662163,-0.11787775903940201,0.8776974678039551,-0.4123438000679016,0.014355051331222057,0.23366618156433105,0.707910418510437,-0.8052897453308105,-0.05091916769742966,0.38802602887153625,0.0031807227060198784,0.08278283476829529,0.1198159009218216,0.48229968547821045,0.28154826164245605,0.20516693592071533
6.450000000000001,action_b,1.0,9.424781799316406,0.000858306884765625,-0.022053880617022514,-0.024335887283086777,1.2105284929275513,-0.5406798720359802,0.27210238575935364,-0.10282803326845169,0.26503708958625793,-0.4946732521057129,0.900300145149231,-0.5277610421180725,-0.0158176701515913,-0.02890838496387005,-0.11020158976316452,-0.036215320229530334,-0.10515174269676208,0.8443339467048645,-0.39988669753074646,0.03557483106851578,0.22819939255714417,0.7033153772354126,-0.8171676397323608,-0.029209541156888008,0.40899768471717834,0.0022111826110631227,0.08640509098768234,0.12400113791227341,0.48229852318763733,0.29458221793174744,0.21339568495750427
6.458333333333334,action_b,1.0,7.587597370147705,220.46213150024414,-0.021939778700470924,-0.014678014442324638,1.2278084754943848,-0.5422676205635071,0.2616354823112488,-0.09369156509637833,0.2679208517074585,-0.4314432740211487,0.88449627161026,-0.4982145428657532,-0.01572153903543949,-0.02956469915807247,-0.12070530652999878,-0.03156982362270355,-0.09139987081289291,0.8034740686416626,-0.3857887089252472,0.06172594055533409,0.22455108165740967,0.6971486806869507,-0.8319846987724304,-0.009695436805486679,0.4422928988933563,0.002169198589399457,0.08972735702991486,0.12514017522335052,0.48229852318763733,0.3060953915119171,0.22559911012649536
6.466666666666667,action_b,1.0,7.587597370147705,0.000858306884765625,-0.021825676783919334,-0.0050201416015625,1.2450884580612183,-0.5438553690910339,0.2511686086654663,-0.08455509692430496,0.27080458402633667,-0.3682132959365845,0.8686923980712891,-0.46866801381111145,-0.01562540791928768,-0.030221013352274895,-0.13120903074741364,-0.02692432329058647,-0.07764799892902374,0.7626142501831055,-0.3716907203197479,0.0878770500421524,0.22090278565883636,0.6909820437431335,-0.8468017578125,0.009818666614592075,0.4755881130695343,0.002127214567735791,0.09304963052272797,0.12627921998500824,0.48229852318763733,0.3176085650920868,0.23780253529548645
6.475,action_b,1.0,6.269474029541016,334.059476852417,-0.020955070853233337,-0.0014387678820639849,1.2736704349517822,-0.5427036285400391,0.23758110404014587,-0.07211945950984955,0.2692722678184509,-0.3281818926334381,0.8433359861373901,-0.4486096501350403,-0.015179898589849472,-0.029254088178277016,-0.14242684841156006,-0.020488020032644272,-0.06240189075469971,0.7103686332702637,-0.3476860523223877,0.11258979886770248,0.21806752681732178,0.6722537279129028,-0.8663647174835205,0.012762494385242462,0.5186696648597717,-0.004935567732900381,0.09321355074644089,0.12456879019737244,0.4820263981819153,0.33028578758239746,0.2538292407989502
6.4833333333333325,action_b,1.0,6.269481182098389,0.00171661376953125,-0.02008446305990219,0.0021426058374345303,1.3022525310516357,-0.5415518283843994,0.22399361431598663,-0.05968381464481354,0.2677399516105652,-0.28815048933029175,0.8179795145988464,-0.4285512864589691,-0.014734390191733837,-0.028287163004279137,-0.1536446511745453,-0.014051715843379498,-0.04715577885508537,0.6581229567527771,-0.32368141412734985,0.13730254769325256,0.2152322679758072,0.6535254120826721,-0.885927677154541,0.015706321224570274,0.5617512464523315,-0.01199834980070591,0.09337747097015381,0.12285835295915604,0.4817543029785156,0.34296298027038574,0.26985594630241394
6.491666666666665,action_b,1.0,6.595158576965332,272.13478088378906,-0.017209671437740326,0.004238278605043888,1.311936378479004,-0.5436205863952637,0.20623698830604553,-0.05053180456161499,0.27089300751686096,-0.2587744891643524,0.7988948822021484,-0.4100005626678467,-0.015447771176695824,-0.02762087807059288,-0.15556900203227997,-0.008190413005650043,-0.02921513468027115,0.6031633019447327,-0.30822426080703735,0.1582666039466858,0.21235018968582153,0.6377685070037842,-0.9078423380851746,0.013902230188250542,0.5940061807632446,-0.014096442610025406,0.09021350741386414,0.10397785902023315,0.4819563627243042,0.3484964072704315,0.28441768884658813
6.5,action_b,1.0,6.595158576965332,0.000858306884765625,-0.01433487981557846,0.006333950906991959,1.321620225906372,-0.5456892848014832,0.18848036229610443,-0.04137979820370674,0.27404606342315674,-0.22939848899841309,0.7798102498054504,-0.39144986867904663,-0.016161151230335236,-0.026954594999551773,-0.15749335289001465,-0.0023291094694286585,-0.011274488642811775,0.5482036471366882,-0.29276707768440247,0.17923064529895782,0.20946811139583588,0.6220115423202515,-0.9297569990158081,0.012098140083253384,0.6262610554695129,-0.016194535419344902,0.08704955130815506,0.08509735763072968,0.4821584224700928,0.3540298342704773,0.29897940158843994
6.508333333333335,action_b,1.0,5.357565879821777,198.60577583312988,-0.011907867155969143,0.010471532121300697,1.3288133144378662,-0.5478814244270325,0.1706511378288269,-0.031756892800331116,0.2909911870956421,-0.19750365614891052,0.7673808336257935,-0.37280672788619995,-0.01582542434334755,-0.028449583798646927,-0.16802437603473663,0.0017511349869892001,0.003900773823261261,0.5035572648048401,-0.2762327790260315,0.19510015845298767,0.20440968871116638,0.6058288216590881,-0.9583868980407715,0.005657680798321962,0.6541363000869751,-0.008154502138495445,0.07624822854995728,0.060025349259376526,0.48220932483673096,0.36197298765182495,0.3218042850494385
6.5166666666666675,action_b,1.0,5.357569456100464,0.000858306884765625,-0.009480854496359825,0.014609113335609436,1.3360064029693604,-0.5500735640525818,0.15282189846038818,-0.02213398739695549,0.30793631076812744,-0.16560882329940796,0.7549514770507812,-0.35416358709335327,-0.015489699319005013,-0.02994457073509693,-0.17855539917945862,0.005831379443407059,0.019076036289334297,0.45891085267066956,-0.2596985101699829,0.21096967160701752,0.1993512511253357,0.5896461009979248,-0.9870167970657349,-0.0007827781373634934,0.682011604309082,-0.00011446807184256613,0.0654468983411789,0.034953344613313675,0.48226022720336914,0.3699161112308502,0.3446291387081146
6.525,action_b,1.0,4.160642623901367,279.7346591949463,-0.0074089523404836655,0.021720148622989655,1.343270182609558,-0.5494174957275391,0.13094402849674225,-0.012341424822807312,0.3267858624458313,-0.14128020405769348,0.7453746795654297,-0.33270463347435,-0.015388499945402145,-0.029581045731902122,-0.1786116063594818,0.00848272442817688,0.03062453866004944,0.43369045853614807,-0.23964712023735046,0.21934643387794495,0.1888275444507599,0.5703234672546387,-1.0216888189315796,0.006269347853958607,0.705790638923645,0.005342054646462202,0.05122319608926773,0.008065246976912022,0.4820464849472046,0.375516414642334,0.3607141375541687
6.533333333333333,action_b,1.0,4.160642623901367,0.000858306884765625,-0.005337050650268793,0.028831182047724724,1.3505339622497559,-0.5487614274024963,0.10906615853309631,-0.0025488627143204212,0.34563541412353516,-0.1169515922665596,0.7357978224754333,-0.3112456798553467,-0.015287300571799278,-0.029217520728707314,-0.178667813539505,0.011134069412946701,0.04217304289340973,0.4084700644016266,-0.21959571540355682,0.22772321105003357,0.1783038228750229,0.5510008335113525,-1.0563608407974243,0.013321474194526672,0.7295696139335632,0.010798577219247818,0.03699949011206627,-0.01882285065948963,0.48183274269104004,0.38111671805381775,0.3767991065979004
6.541666666666666,action_b,1.0,4.120445251464844,169.24052238464355,-0.001440941239707172,0.036805834621191025,1.3590080738067627,-0.538008451461792,0.09256994724273682,0.011190795339643955,0.3550601899623871,-0.09060148149728775,0.728197455406189,-0.3015395402908325,-0.015504795126616955,-0.028301583603024483,-0.1811141073703766,0.012406494468450546,0.0505223274230957,0.388746976852417,-0.19850362837314606,0.23164328932762146,0.1721564382314682,0.5329608917236328,-1.0906978845596313,0.019049523398280144,0.7505314350128174,0.01165122538805008,0.01659964583814144,-0.046415235847234726,0.47544658184051514,0.3836326599121094,0.4000309407711029
6.549999999999999,action_b,1.0,4.120445251464844,0.000858306884765625,0.0024551681708544493,0.044780489057302475,1.3674821853637695,-0.5272555351257324,0.07607373595237732,0.024930452927947044,0.364484965801239,-0.0642513707280159,0.7205971479415894,-0.29183343052864075,-0.01572228968143463,-0.027385646477341652,-0.18356040120124817,0.013678918592631817,0.058871615678071976,0.3690238893032074,-0.1774115413427353,0.23556336760520935,0.1660090535879135,0.5149210095405579,-1.1250349283218384,0.024777572602033615,0.7714931964874268,0.01250387355685234,-0.003800197271630168,-0.07400762289762497,0.4690604507923126,0.3861486315727234,0.4232627749443054
6.558333333333334,action_b,1.0,6.334776878356934,301.4875888824463,0.0019707144238054752,0.05794602632522583,1.368808388710022,-0.5292526483535767,0.05965100973844528,0.033041007816791534,0.3927593231201172,-0.04104942828416824,0.7171233892440796,-0.2742089033126831,-0.014819012954831123,-0.02872491255402565,-0.1866273134946823,0.013806365430355072,0.0694502517580986,0.3676619529724121,-0.15839222073554993,0.24118241667747498,0.156580850481987,0.5038444995880127,-1.1778247356414795,0.030647091567516327,0.7899260520935059,0.016287796199321747,-0.019216248765587807,-0.10256585478782654,0.47561079263687134,0.38888782262802124,0.4255579710006714
6.566666666666666,action_b,1.0,6.334776878356934,0.000858306884765625,0.0014862606767565012,0.07111156731843948,1.3701345920562744,-0.5312497019767761,0.043228283524513245,0.041151564568281174,0.421033650636673,-0.017847485840320587,0.7136496305465698,-0.2565843462944031,-0.01391573715955019,-0.0300641767680645,-0.18969422578811646,0.013933813199400902,0.08002889156341553,0.3663000166416168,-0.13937291502952576,0.2468014806509018,0.14715264737606049,0.4927680492401123,-1.2306145429611206,0.03651661053299904,0.8083589673042297,0.020071720704436302,-0.03463229909539223,-0.1311240941286087,0.48216110467910767,0.3916270136833191,0.42785316705703735
6.575000000000001,action_b,1.0,3.392919972538948,470.75557708740234,0.011162622831761837,0.08744218945503235,1.3863002061843872,-0.5216268301010132,0.026822425425052643,0.06029190123081207,0.41661661863327026,0.010426847264170647,0.7173344492912292,-0.2526428699493408,-0.015895679593086243,-0.02985672652721405,-0.19198951125144958,0.0045090350322425365,0.09009625762701035,0.3600364327430725,-0.12176676094532013,0.2449219524860382,0.1547793447971344,0.4833432734012604,-1.258888840675354,0.04722662642598152,0.8201552033424377,0.021067800000309944,-0.054629236459732056,-0.15192538499832153,0.4706434905529022,0.38331204652786255,0.434314489364624
6.583333333333334,action_b,1.0,3.392919972538948,0.000858306884765625,0.020838985219597816,0.10377281904220581,1.4024658203125,-0.512004017829895,0.010416566394269466,0.07943223416805267,0.41219958662986755,0.03870118036866188,0.7210192680358887,-0.24870139360427856,-0.01787562109529972,-0.029649274423718452,-0.19428479671478271,-0.004915743134915829,0.10016362369060516,0.3537728190422058,-0.1041606143116951,0.24304242432117462,0.1624060422182083,0.47391849756240845,-1.2871631383895874,0.057936642318964005,0.8319514393806458,0.022063879296183586,-0.07462617754936218,-0.17272669076919556,0.4591258764266968,0.3749970495700836,0.4407757818698883
6.591666666666667,action_b,1.0,8.430533409118652,606.4727783203125,0.013286883011460304,0.11372043192386627,1.4417929649353027,-0.5159778594970703,0.0025596660561859608,0.07522839307785034,0.44989871978759766,0.06031915545463562,0.6945055723190308,-0.24431124329566956,-0.01568424701690674,-0.025410613045096397,-0.19553376734256744,0.004167028237134218,0.10498569160699844,0.3696345090866089,-0.0918043702840805,0.2539368271827698,0.14668071269989014,0.47245389223098755,-1.3574175834655762,0.06326285749673843,0.8542927503585815,0.025847509503364563,-0.08213202655315399,-0.19344669580459595,0.47583743929862976,0.38850581645965576,0.41807907819747925
6.6,action_b,1.0,8.430547714233398,0.00171661376953125,0.005734781734645367,0.12366804480552673,1.4811201095581055,-0.5199516415596008,-0.005297234281897545,0.07102455943822861,0.48759782314300537,0.08193712681531906,0.6679918169975281,-0.23992109298706055,-0.013492874801158905,-0.021171951666474342,-0.19678273797035217,0.013249799609184265,0.10980775952339172,0.38549619913101196,-0.07944813370704651,0.2648312449455261,0.13095536828041077,0.47098928689956665,-1.4276721477508545,0.06858906894922256,0.8766340017318726,0.02963113784790039,-0.0896378755569458,-0.21416671574115753,0.49254900217056274,0.4020145535469055,0.3953823745250702
6.6083333333333325,action_b,1.0,3.392915725708008,604.5158386230469,0.009354185312986374,0.14095991849899292,1.4908537864685059,-0.5140551328659058,-0.016652632504701614,0.0846700593829155,0.48804980516433716,0.1069582998752594,0.6586969494819641,-0.23225681483745575,-0.01573445275425911,-0.021428946405649185,-0.20809394121170044,0.0038250214420259,0.11777622997760773,0.3867214322090149,-0.06603716313838959,0.25890883803367615,0.132004052400589,0.4615645110607147,-1.455946445465088,0.07661349326372147,0.886428713798523,0.034686751663684845,-0.10514326393604279,-0.22751079499721527,0.4888399839401245,0.39623385667800903,0.3874078392982483
6.616666666666665,action_b,1.0,3.392915725708008,0.00171661376953125,0.012973589822649956,0.1582518070936203,1.5005875825881958,-0.5081586241722107,-0.028008032590150833,0.09831555932760239,0.48850181698799133,0.13197946548461914,0.6494020819664001,-0.22459253668785095,-0.017976032570004463,-0.021685943007469177,-0.2194051295518875,-0.005599756725132465,0.12574470043182373,0.3879466652870178,-0.05262620002031326,0.25298643112182617,0.1330527514219284,0.4521397352218628,-1.4842207431793213,0.08463791757822037,0.8962233662605286,0.0397423692047596,-0.12064865976572037,-0.240854874253273,0.48513099551200867,0.39045318961143494,0.3794333040714264
6.625,action_b,1.0,7.517266273498535,1042.2386169433594,-0.0007175211794674397,0.16433343291282654,1.437943696975708,-0.5355702638626099,-0.011593754403293133,0.0871015340089798,0.531592845916748,0.1467212438583374,0.6389346122741699,-0.19944041967391968,-0.025904513895511627,-0.03193124011158943,-0.2117205262184143,0.00663797976449132,0.1288660168647766,0.39798814058303833,-0.06795348227024078,0.27853623032569885,0.12179983407258987,0.4585033059120178,-1.531003713607788,0.06092046946287155,0.9050990343093872,0.03363244608044624,-0.11237415671348572,-0.24399206042289734,0.4837159514427185,0.4134105443954468,0.3845844268798828
6.633333333333335,action_b,1.0,7.517251968383789,0.00171661376953125,-0.014408632181584835,0.17041504383087158,1.3752999305725098,-0.5629819631576538,0.00482052331790328,0.07588750123977661,0.5746838450431824,0.16146300733089447,0.6284671425819397,-0.1742883026599884,-0.03383299708366394,-0.042176537215709686,-0.2040359079837799,0.018875716254115105,0.1319873183965683,0.40802961587905884,-0.0832807719707489,0.30408602952957153,0.11054691672325134,0.46486687660217285,-1.5777868032455444,0.03720301762223244,0.9139746427536011,0.02752252109348774,-0.10409964621067047,-0.24712926149368286,0.48230087757110596,0.436367928981781,0.3897355794906616
6.6416666666666675,action_b,1.0,1.5875244140625,711.5673065185547,-0.014519870281219482,0.1715569794178009,1.3620705604553223,-0.5650712251663208,0.0005430225282907486,0.07588750123977661,0.5746838450431824,0.16146300733089447,0.6208344101905823,-0.16560237109661102,-0.04283316433429718,-0.04807011038064957,-0.2014884352684021,0.018875716254115105,0.14019820094108582,0.4085654616355896,-0.08316130936145782,0.30955296754837036,0.11468026041984558,0.46486687660217285,-1.5844359397888184,0.034400902688503265,0.9165055751800537,0.02688884362578392,-0.10612982511520386,-0.24256795644760132,0.48230087757110596,0.4375101327896118,0.3776364028453827
6.65,action_b,1.0,1.587538719177246,0.00171661376953125,-0.01463110838085413,0.17269890010356903,1.3488410711288452,-0.5671604871749878,-0.003734478261321783,0.07588750123977661,0.5746838450431824,0.16146300733089447,0.6132016777992249,-0.15691643953323364,-0.05183332785964012,-0.053963687270879745,-0.1989409625530243,0.018875716254115105,0.14840908348560333,0.409101277589798,-0.08304184675216675,0.3150199353694916,0.11881359666585922,0.46486687660217285,-1.5910850763320923,0.031598787754774094,0.9190365076065063,0.026255164295434952,-0.10816001147031784,-0.23800666630268097,0.48230087757110596,0.4386523365974426,0.36553722620010376
6.658333333333333,action_b,1.0,3.047175407409668,333.27198028564453,-0.012886615470051765,0.15859916806221008,1.3234479427337646,-0.5772558450698853,-0.012142066843807697,0.06799176335334778,0.5689494609832764,0.15751969814300537,0.6022176742553711,-0.16172802448272705,-0.04566244035959244,-0.049892909824848175,-0.18798871338367462,0.014437604695558548,0.15016737580299377,0.3898922801017761,-0.09349387884140015,0.3200836181640625,0.12105554342269897,0.46798157691955566,-1.5745903253555298,0.025156326591968536,0.9163955450057983,0.023835139349102974,-0.10245624929666519,-0.22759278118610382,0.4822773337364197,0.43946564197540283,0.35510706901550293
6.666666666666666,action_b,1.0,3.047161102294922,0.00171661376953125,-0.011142121627926826,0.14449943602085114,1.2980549335479736,-0.5873512625694275,-0.020549654960632324,0.060096025466918945,0.5632150173187256,0.15357638895511627,0.5912337303161621,-0.16653959453105927,-0.039491549134254456,-0.045822128653526306,-0.17703646421432495,0.009999493137001991,0.1519256830215454,0.37068331241607666,-0.10394591093063354,0.3251473009586334,0.12329748272895813,0.4710962474346161,-1.5580955743789673,0.01871386356651783,0.9137545824050903,0.021415114402770996,-0.09675248712301254,-0.21717889606952667,0.482253760099411,0.4402789771556854,0.3446769118309021
6.674999999999999,action_b,1.0,3.685297966003418,287.2495651245117,-0.005626629572361708,0.11821269243955612,1.2687408924102783,-0.5936518907546997,-0.0301864854991436,0.04664398729801178,0.5375326871871948,0.14415161311626434,0.5796266794204712,-0.16831672191619873,-0.04342450201511383,-0.04612525925040245,-0.16418597102165222,0.008423849008977413,0.14922937750816345,0.3524158000946045,-0.1216372400522232,0.3224332332611084,0.12600237131118774,0.4761320650577545,-1.5273847579956055,0.014486808329820633,0.9107000827789307,0.01699691265821457,-0.08870798349380493,-0.203517884016037,0.48225370049476624,0.43070507049560547,0.3378586769104004
6.683333333333334,action_b,1.0,3.685297966003418,0.000858306884765625,-0.00011113792425021529,0.09192594885826111,1.239426851272583,-0.5999525785446167,-0.03982331603765488,0.033191945403814316,0.5118504166603088,0.13472683727741241,0.5680195689201355,-0.1700938493013382,-0.047357458621263504,-0.046428389847278595,-0.15133549273014069,0.006848205346614122,0.1465330868959427,0.33414825797080994,-0.13932856917381287,0.3197191655635834,0.12870724499225616,0.48116788268089294,-1.4966739416122437,0.010259752161800861,0.907645583152771,0.012578712776303291,-0.08066347986459732,-0.1898568570613861,0.48225364089012146,0.4211311340332031,0.33104047179222107
6.691666666666666,action_b,1.0,5.215294361114502,256.01062774658203,0.006118577904999256,0.06752987951040268,1.1984082460403442,-0.6067742109298706,-0.040547166019678116,0.010274235159158707,0.468389630317688,0.11852415651082993,0.5519579648971558,-0.1612771600484848,-0.050519973039627075,-0.051879145205020905,-0.1456598937511444,0.002257775515317917,0.14840883016586304,0.31064313650131226,-0.16676980257034302,0.3211737275123596,0.12928393483161926,0.48903194069862366,-1.4552689790725708,0.0044118682853877544,0.8935427069664001,0.008545751683413982,-0.06742795556783676,-0.16774117946624756,0.4822760820388794,0.41322919726371765,0.3179194927215576
6.700000000000001,action_b,1.0,5.215294361114502,0.000858306884765625,0.012348293326795101,0.04313380643725395,1.1573896408081055,-0.6135958433151245,-0.041271016001701355,-0.012643476016819477,0.42492884397506714,0.10232147574424744,0.5358963012695312,-0.1524604707956314,-0.053682487457990646,-0.057329896837472916,-0.13998430967330933,-0.0023326543159782887,0.1502845734357834,0.28713804483413696,-0.19421102106571198,0.3226282596588135,0.12986060976982117,0.49689599871635437,-1.413864016532898,-0.0014360157074406743,0.8794398307800293,0.004512791056185961,-0.054192427545785904,-0.145625501871109,0.48229852318763733,0.4053272604942322,0.30479851365089417
6.708333333333334,action_b,1.0,7.318525314331055,349.89808201789856,0.01633438654243946,0.023822542279958725,1.0964019298553467,-0.6145530939102173,-0.030193746089935303,-0.03085632063448429,0.3744327425956726,0.08945334702730179,0.5146615505218506,-0.14230500161647797,-0.032546523958444595,-0.061362095177173615,-0.13218092918395996,-0.00606822595000267,0.14856944978237152,0.25656598806381226,-0.22135122120380402,0.3189208507537842,0.13579386472702026,0.5062411427497864,-1.3550337553024292,-0.014902320690453053,0.8630714416503906,0.008427468128502369,-0.03528503328561783,-0.11847840249538422,0.48229968547821045,0.40005379915237427,0.29995954036712646
6.716666666666667,action_b,1.0,7.318511009216309,0.00171661376953125,0.020320478826761246,0.004511276725679636,1.0354143381118774,-0.6155104041099548,-0.0191164743155241,-0.04906916618347168,0.32393667101860046,0.07658521831035614,0.4934268593788147,-0.13214953243732452,-0.011410562321543694,-0.06539429724216461,-0.12437755614519119,-0.009803797118365765,0.14685432612895966,0.22599396109580994,-0.24849142134189606,0.3152134418487549,0.14172711968421936,0.515586256980896,-1.2962034940719604,-0.028368625789880753,0.846703052520752,0.01234214473515749,-0.01637764275074005,-0.09133129566907883,0.48230087757110596,0.39478033781051636,0.29512059688568115
6.725,action_b,1.0,7.335820198059082,500.56629180908203,0.018477637320756912,-0.002705038757994771,1.0091882944107056,-0.6072782278060913,-0.0029468853026628494,-0.0615227185189724,0.2727150022983551,0.048310887068510056,0.46457841992378235,-0.11053106933832169,-0.01153525523841381,-0.06714768707752228,-0.12179043889045715,-0.012822350487112999,0.14429742097854614,0.22274181246757507,-0.26739147305488586,0.30553287267684937,0.14701898396015167,0.517402172088623,-1.2350716590881348,-0.03178771585226059,0.8326237797737122,0.009723285213112831,0.012191757559776306,-0.05893390253186226,0.4823008179664612,0.3893900215625763,0.284074604511261
6.7333333333333325,action_b,1.0,7.335820198059082,0.000858306884765625,0.016634797677397728,-0.009921354241669178,0.9829621911048889,-0.5990460515022278,0.013222703710198402,-0.07397627085447311,0.22149333357810974,0.02003655396401882,0.43572998046875,-0.08891260623931885,-0.011659948155283928,-0.06890108436346054,-0.11920332163572311,-0.015840904787182808,0.14174051582813263,0.21948964893817902,-0.2862915098667145,0.29585227370262146,0.15231084823608398,0.5192180871963501,-1.173939824104309,-0.03520680218935013,0.8185445070266724,0.007104425225406885,0.040761157870292664,-0.02653650939464569,0.4823007583618164,0.38399970531463623,0.2730286419391632
6.741666666666665,action_b,1.0,8.455395698547363,290.2332544326782,0.01256916020065546,-0.010533428750932217,0.9641361236572266,-0.5883545279502869,0.025569558143615723,-0.0843319296836853,0.1904267519712448,-0.01766255870461464,0.40333718061447144,-0.08274464309215546,-0.008634303696453571,-0.06954314559698105,-0.11836448311805725,-0.02188454382121563,0.14095842838287354,0.21991077065467834,-0.30284059047698975,0.27980220317840576,0.15582001209259033,0.5266061425209045,-1.103478193283081,-0.04127787426114082,0.8023054599761963,0.007780971005558968,0.06616678833961487,0.005115307867527008,0.4823008179664612,0.3793734312057495,0.25238335132598877
6.75,action_b,1.0,8.455395698547363,0.000858306884765625,0.008503522723913193,-0.011145503260195255,0.9453099966049194,-0.577663004398346,0.037916410714387894,-0.09468758851289749,0.15936017036437988,-0.05536166951060295,0.37094438076019287,-0.07657668739557266,-0.005608658771961927,-0.07018520683050156,-0.11752565205097198,-0.02792818285524845,0.14017632603645325,0.22033190727233887,-0.3193896412849426,0.2637521028518677,0.15932917594909668,0.533994197845459,-1.033016562461853,-0.04734894633293152,0.7860663533210754,0.008457516320049763,0.09157241135835648,0.03676712512969971,0.48230087757110596,0.3747471868991852,0.23173809051513672
6.758333333333335,action_b,1.0,7.702782154083252,342.3936367034912,0.004002019297331572,-0.009037166833877563,0.9144248366355896,-0.5713937282562256,0.054846569895744324,-0.10945212841033936,0.15207092463970184,-0.08363600075244904,0.33829349279403687,-0.0631517767906189,-0.008960731327533722,-0.0739353746175766,-0.1191670149564743,-0.03413786739110947,0.1426781713962555,0.23176977038383484,-0.33935460448265076,0.24628762900829315,0.16373270750045776,0.5487970113754272,-0.9688267111778259,-0.04704860597848892,0.7549087405204773,0.011438575573265553,0.11634238064289093,0.06577818095684052,0.4814600944519043,0.3678029179573059,0.2088923156261444
6.7666666666666675,action_b,1.0,7.702782154083252,0.00021457672119140625,-0.0004994841292500496,-0.006928829941898584,0.8835396766662598,-0.5651244521141052,0.07177673280239105,-0.12421667575836182,0.1447816789150238,-0.11191033571958542,0.30564260482788086,-0.04972686618566513,-0.012312804348766804,-0.07768554240465164,-0.12080837786197662,-0.04034755378961563,0.14518001675605774,0.2432076334953308,-0.3593195676803589,0.22882315516471863,0.16813623905181885,0.5635998249053955,-0.9046368598937988,-0.046748269349336624,0.7237511277198792,0.014419634826481342,0.14111235737800598,0.09478924423456192,0.48061931133270264,0.36085864901542664,0.1860465258359909
6.775,action_b,1.0,6.894400119781494,461.3933801651001,-0.002845647744834423,-0.0012946967035531998,0.8491371870040894,-0.5714708566665649,0.09126097708940506,-0.13461178541183472,0.1695336401462555,-0.1401846706867218,0.2693520188331604,-0.04212867468595505,-0.013444799929857254,-0.08334986865520477,-0.12313943356275558,-0.04115791991353035,0.14022612571716309,0.27398109436035156,-0.38034385442733765,0.20361286401748657,0.17428553104400635,0.5714540481567383,-0.8471835255622864,-0.045485399663448334,0.681614875793457,0.01955450512468815,0.15797683596611023,0.11866168677806854,0.4713481366634369,0.34897515177726746,0.1737201064825058
6.783333333333333,action_b,1.0,6.894400119781494,0.000858306884765625,-0.0051918113604187965,0.004339436534792185,0.814734697341919,-0.5778172612190247,0.11074522137641907,-0.14500688016414642,0.19428561627864838,-0.1684589982032776,0.23306141793727875,-0.034530483186244965,-0.01457679457962513,-0.08901418745517731,-0.12547048926353455,-0.04196828603744507,0.13527221977710724,0.3047545254230499,-0.4013681709766388,0.17840257287025452,0.18043483793735504,0.5793082118034363,-0.7897301912307739,-0.04422252997756004,0.6394786238670349,0.02468937635421753,0.17484132945537567,0.14253412187099457,0.46207696199417114,0.3370916545391083,0.1613936871290207
6.791666666666666,action_b,1.0,5.919027328491211,178.80849838256836,-0.003862631507217884,0.00641243439167738,0.7822486758232117,-0.5811237692832947,0.1268596202135086,-0.1479104608297348,0.2247389256954193,-0.19643092155456543,0.19926241040229797,-0.02643454447388649,-0.012053246609866619,-0.09385238587856293,-0.12509962916374207,-0.03972707316279411,0.12465769052505493,0.3479452133178711,-0.414069265127182,0.14979007840156555,0.18668299913406372,0.5791842937469482,-0.744347333908081,-0.03795395419001579,0.5901533961296082,0.02985856495797634,0.17989549040794373,0.15568456053733826,0.45335572957992554,0.31512629985809326,0.15371771156787872
6.799999999999999,action_b,1.0,5.919027328491211,0.000858306884765625,-0.0025334516540169716,0.008485432714223862,0.7497626543045044,-0.5844302773475647,0.14297401905059814,-0.15081404149532318,0.25519225001335144,-0.22440285980701447,0.1654634177684784,-0.018338605761528015,-0.009529698640108109,-0.09869059175252914,-0.12472877651453018,-0.03748586028814316,0.11404315382242203,0.39113590121269226,-0.4267703592777252,0.1211775690317154,0.1929311454296112,0.5790603756904602,-0.698964536190033,-0.03168537840247154,0.5408281683921814,0.03502775356173515,0.18494966626167297,0.16883498430252075,0.44463446736335754,0.29316097497940063,0.14604173600673676
6.808333333333334,action_b,1.0,9.42477822303772,524.6280670166016,-0.0058715916238725185,0.012304320931434631,0.7275527119636536,-0.5895630717277527,0.1500074863433838,-0.1556006371974945,0.32207807898521423,-0.2628021538257599,0.14413882791996002,-0.024983683601021767,-0.005098652560263872,-0.10011392831802368,-0.11746290326118469,-0.03883722051978111,0.10466199368238449,0.4696757197380066,-0.43024742603302,0.08335943520069122,0.1981365978717804,0.5825592279434204,-0.6787989139556885,-0.024438487365841866,0.4760063886642456,0.03307163715362549,0.17734754085540771,0.18141640722751617,0.44126397371292114,0.2584272623062134,0.13623124361038208
6.816666666666666,action_b,1.0,9.424774646759033,0.000858306884765625,-0.009209731593728065,0.0161232091486454,0.7053427696228027,-0.5946958661079407,0.15704095363616943,-0.16038724780082703,0.388963907957077,-0.3012014627456665,0.12281424552202225,-0.03162876144051552,-0.0006676068296656013,-0.10153726488351822,-0.1101970225572586,-0.04018858075141907,0.09528083354234695,0.5482155084609985,-0.43372446298599243,0.045541297644376755,0.2033420354127884,0.5860580801963806,-0.6586333513259888,-0.01719159632921219,0.4111845791339874,0.031115517020225525,0.16974541544914246,0.1939978301525116,0.43789345026016235,0.22369356453418732,0.1264207661151886
6.825000000000001,action_b,1.0,9.424781799316406,252.04439163208008,-0.012668334878981113,0.024979783222079277,0.6743447780609131,-0.5865048766136169,0.16762502491474152,-0.16137325763702393,0.46380794048309326,-0.3311198651790619,0.10314656794071198,-0.03458472341299057,-0.0003067870275117457,-0.10437364876270294,-0.10670413076877594,-0.037813231348991394,0.08662077784538269,0.6267553567886353,-0.42990362644195557,0.007997441105544567,0.2073008120059967,0.580493688583374,-0.6399682760238647,-0.020314328372478485,0.36386585235595703,0.025764692574739456,0.16183699667453766,0.2027679979801178,0.4396313428878784,0.18642568588256836,0.12287614494562149
6.833333333333334,action_b,1.0,9.424774646759033,0.000858306884765625,-0.01612693816423416,0.03383635729551315,0.6433468461036682,-0.5783138871192932,0.1782090961933136,-0.16235925257205963,0.5386520028114319,-0.3610382676124573,0.0834788829088211,-0.03754068538546562,5.4032796469982713e-05,-0.10721004009246826,-0.10321123898029327,-0.03543787822127342,0.07796071469783783,0.7052951455116272,-0.4260827600955963,-0.02954641543328762,0.21125958859920502,0.5749293565750122,-0.621303141117096,-0.02343706227838993,0.31654709577560425,0.020413869991898537,0.15392857789993286,0.2115381509065628,0.44136926531791687,0.1491578221321106,0.11933152377605438
6.841666666666667,action_b,1.0,9.424774646759033,419.70348358154297,-0.030698418617248535,0.039147332310676575,0.5969579815864563,-0.582351803779602,0.18275120854377747,-0.17613086104393005,0.6171917915344238,-0.3970605731010437,0.0741051733493805,-0.04523250833153725,0.0003471481322776526,-0.10710804164409637,-0.09323786944150925,-0.03528410568833351,0.07702811062335968,0.7546888589859009,-0.4194546937942505,-0.062341101467609406,0.2085466980934143,0.5734646320343018,-0.6052464246749878,-0.031020764261484146,0.27760231494903564,0.017357295379042625,0.14662021398544312,0.21269531548023224,0.45165950059890747,0.1121072769165039,0.10565973818302155
6.85,action_b,1.0,9.424781799316406,0.000858306884765625,-0.04526989907026291,0.0444583036005497,0.5505691170692444,-0.5863896608352661,0.18729333579540253,-0.18990245461463928,0.6957316398620605,-0.4330829083919525,0.06473145633935928,-0.05292433127760887,0.0006402634899131954,-0.10700603574514389,-0.08326449990272522,-0.0351303331553936,0.07609549909830093,0.8040825128555298,-0.4128265976905823,-0.09513578563928604,0.2058337926864624,0.5719999074935913,-0.5891897678375244,-0.03860446438193321,0.23865756392478943,0.01430071983486414,0.13931183516979218,0.21385248005390167,0.46194973587989807,0.07505673915147781,0.0919879600405693
6.8583333333333325,action_b,1.0,9.424781799316406,335.11219024658203,-0.040722332894802094,0.04809374362230301,0.5066591501235962,-0.5819739103317261,0.1835671067237854,-0.19973230361938477,0.7742714881896973,-0.46080756187438965,0.05540494620800018,-0.06290668994188309,-0.005717052612453699,-0.1031392514705658,-0.07382777333259583,-0.032880425453186035,0.08028501272201538,0.8361985087394714,-0.4144139885902405,-0.13116686046123505,0.2059442698955536,0.5688428282737732,-0.5498614311218262,-0.04850341007113457,0.20769023895263672,0.013085413724184036,0.1334313154220581,0.21240964531898499,0.45092570781707764,0.03403772786259651,0.08193796873092651
6.866666666666665,action_b,1.0,9.424774646759033,0.000858306884765625,-0.03617476299405098,0.05172918364405632,0.4627491235733032,-0.5775581002235413,0.17984087765216827,-0.20956215262413025,0.8528112769126892,-0.4885322153568268,0.04607843607664108,-0.0728890523314476,-0.012074369005858898,-0.0992724746465683,-0.06439103931188583,-0.03063051961362362,0.08447451889514923,0.8683145046234131,-0.4160013496875763,-0.16719792783260345,0.20605473220348358,0.5656857490539551,-0.5105330944061279,-0.05840235576033592,0.176722913980484,0.011870106682181358,0.12755081057548523,0.2109668105840683,0.4399016499519348,-0.006981282960623503,0.07188797742128372
6.875,action_b,1.0,9.424774646759033,461.7633104324341,-0.06369408965110779,0.05278877168893814,0.4067769944667816,-0.5884373784065247,0.18389591574668884,-0.24017032980918884,0.9313510656356812,-0.525274395942688,0.03718183562159538,-0.08986614644527435,-0.005802968051284552,-0.10021272301673889,-0.05742011219263077,-0.03625982999801636,0.08491228520870209,0.9109858870506287,-0.40921980142593384,-0.18479430675506592,0.1989975869655609,0.5858668088912964,-0.4896129369735718,-0.07178006321191788,0.14379695057868958,0.009696896187961102,0.12067075073719025,0.2122497260570526,0.4540554881095886,-0.02568913623690605,0.06617604941129684
6.883333333333335,action_b,1.0,9.424781799316406,0.000858306884765625,-0.0912134125828743,0.05384835600852966,0.35080486536026,-0.5993166565895081,0.1879509687423706,-0.27077850699424744,1.0098909139633179,-0.5620166063308716,0.028285233303904533,-0.1068432405591011,0.0004684329323936254,-0.10115297883749008,-0.0504491813480854,-0.04188913851976395,0.08535005152225494,0.9536572694778442,-0.40243828296661377,-0.20239068567752838,0.19194044172763824,0.6060479283332825,-0.46869274973869324,-0.08515777438879013,0.11087099462747574,0.007523685693740845,0.11379069834947586,0.21353262662887573,0.4682093560695648,-0.04439698904752731,0.060464125126600266
6.8916666666666675,action_b,1.0,9.424781799316406,429.770565032959,-0.09479031711816788,0.05243231728672981,0.2972242832183838,-0.5803507566452026,0.18358702957630157,-0.2833053469657898,1.0884307622909546,-0.5888187885284424,0.023986227810382843,-0.1322116106748581,-0.009866923093795776,-0.09809216111898422,-0.045415788888931274,-0.041824355721473694,0.08567573130130768,0.9812335968017578,-0.40122175216674805,-0.23050594329833984,0.19028499722480774,0.622003436088562,-0.4231947660446167,-0.10022926330566406,0.09917481243610382,0.0062677511014044285,0.11074142903089523,0.22050967812538147,0.46724051237106323,-0.0747828483581543,0.05699058622121811
6.9,action_b,1.0,9.424781799316406,0.000858306884765625,-0.09836722165346146,0.05101627856492996,0.24364367127418518,-0.561384916305542,0.17922309041023254,-0.29583215713500977,1.1669706106185913,-0.615621030330658,0.019687220454216003,-0.15757997334003448,-0.020202279090881348,-0.09503134340047836,-0.04038239270448685,-0.04175957292318344,0.08600141108036041,1.0088099241256714,-0.4000052511692047,-0.2586211860179901,0.18862953782081604,0.6379590034484863,-0.3776967525482178,-0.115300752222538,0.0874786227941513,0.005011816509068012,0.1076921597123146,0.2274867445230484,0.46627163887023926,-0.10516871511936188,0.05351705104112625
6.908333333333333,action_b,1.0,8.643593788146973,224.72190856933594,-0.10713346302509308,0.051978699862957,0.18969832360744476,-0.5392100811004639,0.1871214509010315,-0.3104974329471588,1.2390005588531494,-0.6411404609680176,0.025983711704611778,-0.18038392066955566,-0.016531668603420258,-0.08859944343566895,-0.03009648621082306,-0.04367763549089432,0.08798319846391678,1.0341062545776367,-0.3985680341720581,-0.2766570448875427,0.18790391087532043,0.6588788032531738,-0.3478044271469116,-0.1275148242712021,0.07225990295410156,0.005153504200279713,0.1063372790813446,0.23880815505981445,0.4740518033504486,-0.12917722761631012,0.05674416944384575
6.916666666666666,action_b,1.0,8.643593788146973,0.00171661376953125,-0.1158997043967247,0.05294112116098404,0.13575297594070435,-0.5170353055000305,0.19501982629299164,-0.32516270875930786,1.3110305070877075,-0.6666598916053772,0.03228020295500755,-0.20318788290023804,-0.012861059047281742,-0.08216754347085953,-0.019810577854514122,-0.04559570178389549,0.08996498584747314,1.0594024658203125,-0.3971308469772339,-0.29469290375709534,0.18717826902866364,0.6797985434532166,-0.3179120719432831,-0.13972888886928558,0.05704117566347122,0.005295191891491413,0.1049823984503746,0.2501295506954193,0.48183196783065796,-0.15318574011325836,0.05997128784656525
6.924999999999999,action_b,1.0,0.0,1037.2312545776367,-0.1158997043967247,0.05294112116098404,0.13575297594070435,-0.5170353055000305,0.19501982629299164,-0.32516270875930786,1.3110305070877075,-0.6666598916053772,0.03228020295500755,-0.20318788290023804,-0.012861059047281742,-0.08216754347085953,-0.019810577854514122,-0.04559570178389549,0.08996498584747314,1.0594024658203125,-0.3971308469772339,-0.29469290375709534,0.18717826902866364,0.6797985434532166,-0.3179120719432831,-0.13972888886928558,0.05704117566347122,0.005295191891491413,0.1049823984503746,0.2501295506954193,0.48183196783065796,-0.15318574011325836,0.05997128784656525
6.933333333333334,action_b,1.0,0.0,0.0,-0.1158997043967247,0.05294112116098404,0.13575297594070435,-0.5170353055000305,0.19501982629299164,-0.32516270875930786,1.3110305070877075,-0.6666598916053772,0.03228020295500755,-0.20318788290023804,-0.012861059047281742,-0.08216754347085953,-0.019810577854514122,-0.04559570178389549,0.08996498584747314,1.0594024658203125,-0.3971308469772339,-0.29469290375709534,0.18717826902866364,0.6797985434532166,-0.3179120719432831,-0.13972888886928558,0.05704117566347122,0.005295191891491413,0.1049823984503746,0.2501295506954193,0.48183196783065796,-0.15318574011325836,0.05997128784656525
6.941666666666666,action_b,1.0,0.0,0.0,-0.1158997043967247,0.05294112116098404,0.13575297594070435,-0.5170353055000305,0.19501982629299164,-0.32516270875930786,1.3110305070877075,-0.6666598916053772,0.03228020295500755,-0.20318788290023804,-0.012861059047281742,-0.08216754347085953,-0.019810577854514122,-0.04559570178389549,0.08996498584747314,1.0594024658203125,-0.3971308469772339,-0.29469290375709534,0.18717826902866364,0.6797985434532166,-0.3179120719432831,-0.13972888886928558,0.05704117566347122,0.005295191891491413,0.1049823984503746,0.2501295506954193,0.48183196783065796,-0.15318574011325836,0.05997128784656525
6.950000000000001,action_b,1.0,0.0,0.0,-0.1158997043967247,0.05294112116098404,0.13575297594070435,-0.5170353055000305,0.19501982629299164,-0.32516270875930786,1.3110305070877075,-0.6666598916053772,0.03228020295500755,-0.20318788290023804,-0.012861059047281742,-0.08216754347085953,-0.019810577854514122,-0.04559570178389549,0.08996498584747314,1.0594024658203125,-0.3971308469772339,-0.29469290375709534,0.18717826902866364,0.6797985434532166,-0.3179120719432831,-0.13972888886928558,0.05704117566347122,0.005295191891491413,0.1049823984503746,0.2501295506954193,0.48183196783065796,-0.15318574011325836,0.05997128784656525
6.958333333333334,action_b,1.0,0.0,0.0,-0.1158997043967247,0.05294112116098404,0.13575297594070435,-0.5170353055000305,0.19501982629299164,-0.32516270875930786,1.3110305070877075,-0.6666598916053772,0.03228020295500755,-0.20318788290023804,-0.012861059047281742,-0.08216754347085953,-0.019810577854514122,-0.04559570178389549,0.08996498584747314,1.0594024658203125,-0.3971308469772339,-0.29469290375709534,0.18717826902866364,0.6797985434532166,-0.3179120719432831,-0.13972888886928558,0.05704117566347122,0.005295191891491413,0.1049823984503746,0.2501295506954193,0.48183196783065796,-0.15318574011325836,0.05997128784656525
6.966666666666667,action_b,1.0,0.0,0.0,-0.1158997043967247,0.05294112116098404,0.13575297594070435,-0.5170353055000305,0.19501982629299164,-0.32516270875930786,1.3110305070877075,-0.6666598916053772,0.03228020295500755,-0.20318788290023804,-0.012861059047281742,-0.08216754347085953,-0.019810577854514122,-0.04559570178389549,0.08996498584747314,1.0594024658203125,-0.3971308469772339,-0.29469290375709534,0.18717826902866364,0.6797985434532166,-0.3179120719432831,-0.13972888886928558,0.05704117566347122,0.005295191891491413,0.1049823984503746,0.2501295506954193,0.48183196783065796,-0.15318574011325836,0.05997128784656525
6.975,action_b,1.0,0.0,0.0,-0.1158997043967247,0.05294112116098404,0.13575297594070435,-0.5170353055000305,0.19501982629299164,-0.32516270875930786,1.3110305070877075,-0.6666598916053772,0.03228020295500755,-0.20318788290023804,-0.012861059047281742,-0.08216754347085953,-0.019810577854514122,-0.04559570178389549,0.08996498584747314,1.0594024658203125,-0.3971308469772339,-0.29469290375709534,0.18717826902866364,0.6797985434532166,-0.3179120719432831,-0.13972888886928558,0.05704117566347122,0.005295191891491413,0.1049823984503746,0.2501295506954193,0.48183196783065796,-0.15318574011325836,0.05997128784656525
6.9833333333333325,action_b,1.0,0.0,0.0,-0.1158997043967247,0.05294112116098404,0.13575297594070435,-0.5170353055000305,0.19501982629299164,-0.32516270875930786,1.3110305070877075,-0.6666598916053772,0.03228020295500755,-0.20318788290023804,-0.012861059047281742,-0.08216754347085953,-0.019810577854514122,-0.04559570178389549,0.08996498584747314,1.0594024658203125,-0.3971308469772339,-0.29469290375709534,0.18717826902866364,0.6797985434532166,-0.3179120719432831,-0.13972888886928558,0.05704117566347122,0.005295191891491413,0.1049823984503746,0.2501295506954193,0.48183196783065796,-0.15318574011325836,0.05997128784656525
6.991666666666665,action_b,1.0,0.0,0.0,-0.1158997043967247,0.05294112116098404,0.13575297594070435,-0.5170353055000305,0.19501982629299164,-0.32516270875930786,1.3110305070877075,-0.6666598916053772,0.03228020295500755,-0.20318788290023804,-0.012861059047281742,-0.08216754347085953,-0.019810577854514122,-0.04559570178389549,0.08996498584747314,1.0594024658203125,-0.3971308469772339,-0.29469290375709534,0.18717826902866364,0.6797985434532166,-0.3179120719432831,-0.13972888886928558,0.05704117566347122,0.005295191891491413,0.1049823984503746,0.2501295506954193,0.48183196783065796,-0.15318574011325836,0.05997128784656525
7.0,action_b,1.0,0.0,0.0,-0.1158997043967247,0.05294112116098404,0.13575297594070435,-0.5170353055000305,0.19501982629299164,-0.32516270875930786,1.3110305070877075,-0.6666598916053772,0.03228020295500755,-0.20318788290023804,-0.012861059047281742,-0.08216754347085953,-0.019810577854514122,-0.04559570178389549,0.08996498584747314,1.0594024658203125,-0.3971308469772339,-0.29469290375709534,0.18717826902866364,0.6797985434532166,-0.3179120719432831,-0.13972888886928558,0.05704117566347122,0.005295191891491413,0.1049823984503746,0.2501295506954193,0.48183196783065796,-0.15318574011325836,0.05997128784656525
7.008333333333335,action_b,1.0,0.0,0.0,-0.1158997043967247,0.05294112116098404,0.13575297594070435,-0.5170353055000305,0.19501982629299164,-0.32516270875930786,1.3110305070877075,-0.6666598916053772,0.03228020295500755,-0.20318788290023804,-0.012861059047281742,-0.08216754347085953,-0.019810577854514122,-0.04559570178389549,0.08996498584747314,1.0594024658203125,-0.3971308469772339,-0.29469290375709534,0.18717826902866364,0.6797985434532166,-0.3179120719432831,-0.13972888886928558,0.05704117566347122,0.005295191891491413,0.1049823984503746,0.2501295506954193,0.48183196783065796,-0.15318574011325836,0.05997128784656525
7.0166666666666675,action_b,1.0,0.0,0.0,-0.1158997043967247,0.05294112116098404,0.13575297594070435,-0.5170353055000305,0.19501982629299164,-0.32516270875930786,1.3110305070877075,-0.6666598916053772,0.03228020295500755,-0.20318788290023804,-0.012861059047281742,-0.08216754347085953,-0.019810577854514122,-0.04559570178389549,0.08996498584747314,1.0594024658203125,-0.3971308469772339,-0.29469290375709534,0.18717826902866364,0.6797985434532166,-0.3179120719432831,-0.13972888886928558,0.05704117566347122,0.005295191891491413,0.1049823984503746,0.2501295506954193,0.48183196783065796,-0.15318574011325836,0.05997128784656525
7.025,action_b,1.0,0.0,0.0,-0.1158997043967247,0.05294112116098404,0.13575297594070435,-0.5170353055000305,0.19501982629299164,-0.32516270875930786,1.3110305070877075,-0.6666598916053772,0.03228020295500755,-0.20318788290023804,-0.012861059047281742,-0.08216754347085953,-0.019810577854514122,-0.04559570178389549,0.08996498584747314,1.0594024658203125,-0.3971308469772339,-0.29469290375709534,0.18717826902866364,0.6797985434532166,-0.3179120719432831,-0.13972888886928558,0.05704117566347122,0.005295191891491413,0.1049823984503746,0.2501295506954193,0.48183196783065796,-0.15318574011325836,0.05997128784656525
7.033333333333333,action_b,1.0,0.0,0.0,-0.1158997043967247,0.05294112116098404,0.13575297594070435,-0.5170353055000305,0.19501982629299164,-0.32516270875930786,1.3110305070877075,-0.6666598916053772,0.03228020295500755,-0.20318788290023804,-0.012861059047281742,-0.08216754347085953,-0.019810577854514122,-0.04559570178389549,0.08996498584747314,1.0594024658203125,-0.3971308469772339,-0.29469290375709534,0.18717826902866364,0.6797985434532166,-0.3179120719432831,-0.13972888886928558,0.05704117566347122,0.005295191891491413,0.1049823984503746,0.2501295506954193,0.48183196783065796,-0.15318574011325836,0.05997128784656525
7.041666666666666,action_b,1.0,0.0,0.0,-0.1158997043967247,0.05294112116098404,0.13575297594070435,-0.5170353055000305,0.19501982629299164,-0.32516270875930786,1.3110305070877075,-0.6666598916053772,0.03228020295500755,-0.20318788290023804,-0.012861059047281742,-0.08216754347085953,-0.019810577854514122,-0.04559570178389549,0.08996498584747314,1.0594024658203125,-0.3971308469772339,-0.29469290375709534,0.18717826902866364,0.6797985434532166,-0.3179120719432831,-0.13972888886928558,0.05704117566347122,0.005295191891491413,0.1049823984503746,0.2501295506954193,0.48183196783065796,-0.15318574011325836,0.05997128784656525
7.049999999999999,action_b,1.0,0.0,0.0,-0.1158997043967247,0.05294112116098404,0.13575297594070435,-0.5170353055000305,0.19501982629299164,-0.32516270875930786,1.3110305070877075,-0.6666598916053772,0.03228020295500755,-0.20318788290023804,-0.012861059047281742,-0.08216754347085953,-0.019810577854514122,-0.04559570178389549,0.08996498584747314,1.0594024658203125,-0.3971308469772339,-0.29469290375709534,0.18717826902866364,0.6797985434532166,-0.3179120719432831,-0.13972888886928558,0.05704117566347122,0.005295191891491413,0.1049823984503746,0.2501295506954193,0.48183196783065796,-0.15318574011325836,0.05997128784656525
7.058333333333334,action_b,1.0,0.0,0.0,-0.1158997043967247,0.05294112116098404,0.13575297594070435,-0.5170353055000305,0.19501982629299164,-0.32516270875930786,1.3110305070877075,-0.6666598916053772,0.03228020295500755,-0.20318788290023804,-0.012861059047281742,-0.08216754347085953,-0.019810577854514122,-0.04559570178389549,0.08996498584747314,1.0594024658203125,-0.3971308469772339,-0.29469290375709534,0.18717826902866364,0.6797985434532166,-0.3179120719432831,-0.13972888886928558,0.05704117566347122,0.005295191891491413,0.1049823984503746,0.2501295506954193,0.48183196783065796,-0.15318574011325836,0.05997128784656525
7.066666666666666,action_b,1.0,0.0,0.0,-0.1158997043967247,0.05294112116098404,0.13575297594070435,-0.5170353055000305,0.19501982629299164,-0.32516270875930786,1.3110305070877075,-0.6666598916053772,0.03228020295500755,-0.20318788290023804,-0.012861059047281742,-0.08216754347085953,-0.019810577854514122,-0.04559570178389549,0.08996498584747314,1.0594024658203125,-0.3971308469772339,-0.29469290375709534,0.18717826902866364,0.6797985434532166,-0.3179120719432831,-0.13972888886928558,0.05704117566347122,0.005295191891491413,0.1049823984503746,0.2501295506954193,0.48183196783065796,-0.15318574011325836,0.05997128784656525
7.075000000000001,action_b,1.0,0.0,0.0,-0.1158997043967247,0.05294112116098404,0.13575297594070435,-0.5170353055000305,0.19501982629299164,-0.32516270875930786,1.3110305070877075,-0.6666598916053772,0.03228020295500755,-0.20318788290023804,-0.012861059047281742,-0.08216754347085953,-0.019810577854514122,-0.04559570178389549,0.08996498584747314,1.0594024658203125,-0.3971308469772339,-0.29469290375709534,0.18717826902866364,0.6797985434532166,-0.3179120719432831,-0.13972888886928558,0.05704117566347122,0.005295191891491413,0.1049823984503746,0.2501295506954193,0.48183196783065796,-0.15318574011325836,0.05997128784656525
7.083333333333334,action_b,1.0,0.0,0.0,-0.1158997043967247,0.05294112116098404,0.13575297594070435,-0.5170353055000305,0.19501982629299164,-0.32516270875930786,1.3110305070877075,-0.6666598916053772,0.03228020295500755,-0.20318788290023804,-0.012861059047281742,-0.08216754347085953,-0.019810577854514122,-0.04559570178389549,0.08996498584747314,1.0594024658203125,-0.3971308469772339,-0.29469290375709534,0.18717826902866364,0.6797985434532166,-0.3179120719432831,-0.13972888886928558,0.05704117566347122,0.005295191891491413,0.1049823984503746,0.2501295506954193,0.48183196783065796,-0.15318574011325836,0.05997128784656525
7.091666666666667,action_b,1.0,0.0,0.0,-0.1158997043967247,0.05294112116098404,0.13575297594070435,-0.5170353055000305,0.19501982629299164,-0.32516270875930786,1.3110305070877075,-0.6666598916053772,0.03228020295500755,-0.20318788290023804,-0.012861059047281742,-0.08216754347085953,-0.019810577854514122,-0.04559570178389549,0.08996498584747314,1.0594024658203125,-0.3971308469772339,-0.29469290375709534,0.18717826902866364,0.6797985434532166,-0.3179120719432831,-0.13972888886928558,0.05704117566347122,0.005295191891491413,0.1049823984503746,0.2501295506954193,0.48183196783065796,-0.15318574011325836,0.05997128784656525
7.1,action_b,1.0,0.0,0.0,-0.1158997043967247,0.05294112116098404,0.13575297594070435,-0.5170353055000305,0.19501982629299164,-0.32516270875930786,1.3110305070877075,-0.6666598916053772,0.03228020295500755,-0.20318788290023804,-0.012861059047281742,-0.08216754347085953,-0.019810577854514122,-0.04559570178389549,0.08996498584747314,1.0594024658203125,-0.3971308469772339,-0.29469290375709534,0.18717826902866364,0.6797985434532166,-0.3179120719432831,-0.13972888886928558,0.05704117566347122,0.005295191891491413,0.1049823984503746,0.2501295506954193,0.48183196783065796,-0.15318574011325836,0.05997128784656525
7.1083333333333325,action_b,1.0,0.0,0.0,-0.1158997043967247,0.05294112116098404,0.13575297594070435,-0.5170353055000305,0.19501982629299164,-0.32516270875930786,1.3110305070877075,-0.6666598916053772,0.03228020295500755,-0.20318788290023804,-0.012861059047281742,-0.08216754347085953,-0.019810577854514122,-0.04559570178389549,0.08996498584747314,1.0594024658203125,-0.3971308469772339,-0.29469290375709534,0.18717826902866364,0.6797985434532166,-0.3179120719432831,-0.13972888886928558,0.05704117566347122,0.005295191891491413,0.1049823984503746,0.2501295506954193,0.48183196783065796,-0.15318574011325836,0.05997128784656525
7.116666666666665,action_b,1.0,0.0,0.0,-0.1158997043967247,0.05294112116098404,0.13575297594070435,-0.5170353055000305,0.19501982629299164,-0.32516270875930786,1.3110305070877075,-0.6666598916053772,0.03228020295500755,-0.20318788290023804,-0.012861059047281742,-0.08216754347085953,-0.019810577854514122,-0.04559570178389549,0.08996498584747314,1.0594024658203125,-0.3971308469772339,-0.29469290375709534,0.18717826902866364,0.6797985434532166,-0.3179120719432831,-0.13972888886928558,0.05704117566347122,0.005295191891491413,0.1049823984503746,0.2501295506954193,0.48183196783065796,-0.15318574011325836,0.05997128784656525
7.125,action_b,1.0,0.0,0.0,-0.1158997043967247,0.05294112116098404,0.13575297594070435,-0.5170353055000305,0.19501982629299164,-0.32516270875930786,1.3110305070877075,-0.6666598916053772,0.03228020295500755,-0.20318788290023804,-0.012861059047281742,-0.08216754347085953,-0.019810577854514122,-0.04559570178389549,0.08996498584747314,1.0594024658203125,-0.3971308469772339,-0.29469290375709534,0.18717826902866364,0.6797985434532166,-0.3179120719432831,-0.13972888886928558,0.05704117566347122,0.005295191891491413,0.1049823984503746,0.2501295506954193,0.48183196783065796,-0.15318574011325836,0.05997128784656525
7.133333333333335,action_b,1.0,0.0,0.0,-0.1158997043967247,0.05294112116098404,0.13575297594070435,-0.5170353055000305,0.19501982629299164,-0.32516270875930786,1.3110305070877075,-0.6666598916053772,0.03228020295500755,-0.20318788290023804,-0.012861059047281742,-0.08216754347085953,-0.019810577854514122,-0.04559570178389549,0.08996498584747314,1.0594024658203125,-0.3971308469772339,-0.29469290375709534,0.18717826902866364,0.6797985434532166,-0.3179120719432831,-0.13972888886928558,0.05704117566347122,0.005295191891491413,0.1049823984503746,0.2501295506954193,0.48183196783065796,-0.15318574011325836,0.05997128784656525
7.1416666666666675,action_b,1.0,0.0,0.0,-0.1158997043967247,0.05294112116098404,0.13575297594070435,-0.5170353055000305,0.19501982629299164,-0.32516270875930786,1.3110305070877075,-0.6666598916053772,0.03228020295500755,-0.20318788290023804,-0.012861059047281742,-0.08216754347085953,-0.019810577854514122,-0.04559570178389549,0.08996498584747314,1.0594024658203125,-0.3971308469772339,-0.29469290375709534,0.18717826902866364,0.6797985434532166,-0.3179120719432831,-0.13972888886928558,0.05704117566347122,0.005295191891491413,0.1049823984503746,0.2501295506954193,0.48183196783065796,-0.15318574011325836,0.05997128784656525
7.15,action_b,1.0,0.0,0.0,-0.1158997043967247,0.05294112116098404,0.13575297594070435,-0.5170353055000305,0.19501982629299164,-0.32516270875930786,1.3110305070877075,-0.6666598916053772,0.03228020295500755,-0.20318788290023804,-0.012861059047281742,-0.08216754347085953,-0.019810577854514122,-0.04559570178389549,0.08996498584747314,1.0594024658203125,-0.3971308469772339,-0.29469290375709534,0.18717826902866364,0.6797985434532166,-0.3179120719432831,-0.13972888886928558,0.05704117566347122,0.005295191891491413,0.1049823984503746,0.2501295506954193,0.48183196783065796,-0.15318574011325836,0.05997128784656525
7.158333333333333,action_b,1.0,0.0051784515380859375,0.6214141845703125,-0.1159229725599289,0.05289797484874725,0.13579267263412476,-0.5170783996582031,0.19497668743133545,-0.3251195549964905,1.311073660850525,-0.6667030453681946,0.03232334554195404,-0.20323103666305542,-0.012848729267716408,-0.08212439715862274,-0.019767433404922485,-0.04559671878814697,0.08993564546108246,1.0593641996383667,-0.3971136510372162,-0.294658362865448,0.18717023730278015,0.6798020601272583,-0.3178689181804657,-0.1397535800933838,0.05700816959142685,0.005308588035404682,0.10502351820468903,0.2501726746559143,0.48182785511016846,-0.1531665027141571,0.059989169239997864
7.166666666666666,action_b,1.0,0.0051784515380859375,0.000858306884765625,-0.11594623327255249,0.052854832261800766,0.13583235442638397,-0.5171215534210205,0.19493353366851807,-0.3250764012336731,1.3111168146133423,-0.666746199131012,0.03236648812890053,-0.2032741755247116,-0.012836400419473648,-0.08208125829696655,-0.019724290817975998,-0.04559773579239845,0.08990631252527237,1.059325933456421,-0.3970964550971985,-0.29462379217147827,0.18716219067573547,0.6798055171966553,-0.3178257644176483,-0.139778271317482,0.05697516351938248,0.0053219846449792385,0.10506463795900345,0.2502158284187317,0.48182377219200134,-0.15314725041389465,0.06000705063343048
7.174999999999999,action_b,1.0,0.0,0.6214141845703125,-0.11594623327255249,0.052854832261800766,0.13583235442638397,-0.5171215534210205,0.19493353366851807,-0.3250764012336731,1.3111168146133423,-0.666746199131012,0.03236648812890053,-0.2032741755247116,-0.012836400419473648,-0.08208125829696655,-0.019724290817975998,-0.04559773579239845,0.08990631252527237,1.059325933456421,-0.3970964550971985,-0.29462379217147827,0.18716219067573547,0.6798055171966553,-0.3178257644176483,-0.139778271317482,0.05697516351938248,0.0053219846449792385,0.10506463795900345,0.2502158284187317,0.48182377219200134,-0.15314725041389465,0.06000705063343048
7.183333333333334,action_b,1.0,0.0,0.0,-0.11594623327255249,0.052854832261800766,0.13583235442638397,-0.5171215534210205,0.19493353366851807,-0.3250764012336731,1.3111168146133423,-0.666746199131012,0.03236648812890053,-0.2032741755247116,-0.012836400419473648,-0.08208125829696655,-0.019724290817975998,-0.04559773579239845,0.08990631252527237,1.059325933456421,-0.3970964550971985,-0.29462379217147827,0.18716219067573547,0.6798055171966553,-0.3178257644176483,-0.139778271317482,0.05697516351938248,0.0053219846449792385,0.10506463795900345,0.2502158284187317,0.48182377219200134,-0.15314725041389465,0.06000705063343048
7.191666666666666,action_b,1.0,0.0,0.0,-0.11594623327255249,0.052854832261800766,0.13583235442638397,-0.5171215534210205,0.19493353366851807,-0.3250764012336731,1.3111168146133423,-0.666746199131012,0.03236648812890053,-0.2032741755247116,-0.012836400419473648,-0.08208125829696655,-0.019724290817975998,-0.04559773579239845,0.08990631252527237,1.059325933456421,-0.3970964550971985,-0.29462379217147827,0.18716219067573547,0.6798055171966553,-0.3178257644176483,-0.139778271317482,0.05697516351938248,0.0053219846449792385,0.10506463795900345,0.2502158284187317,0.48182377219200134,-0.15314725041389465,0.06000705063343048
7.200000000000001,action_b,1.0,0.0,0.0,-0.11594623327255249,0.052854832261800766,0.13583235442638397,-0.5171215534210205,0.19493353366851807,-0.3250764012336731,1.3111168146133423,-0.666746199131012,0.03236648812890053,-0.2032741755247116,-0.012836400419473648,-0.08208125829696655,-0.019724290817975998,-0.04559773579239845,0.08990631252527237,1.059325933456421,-0.3970964550971985,-0.29462379217147827,0.18716219067573547,0.6798055171966553,-0.3178257644176483,-0.139778271317482,0.05697516351938248,0.0053219846449792385,0.10506463795900345,0.2502158284187317,0.48182377219200134,-0.15314725041389465,0.06000705063343048
