audio_time_seconds,wall_time_seconds,event,transition_backend,bridge_preparation_status,bridge_failure_reason,bridge_position_residual,bridge_velocity_residual,bridge_acceleration_residual,bridge_output_modified,boundary_effect_weight,bridge_generation,current_motion_id,pending_motion_id,preferred_motion_id,audio_history_seconds,shortlist,terminal_time_seconds,entry_frame_index,preparation_delay_seconds,transition_motion_id,fallback_reason,current_phase,transition_phase,transition_blend,transition_reason,entry_phase,entry_total_score,entry_pose_score,entry_velocity_score,entry_contact_score,entry_root_score,entry_music_score,entry_remaining_seconds,transition_duration_seconds,motion_timing,speed_multiplier,target_speed_multiplier,transition_speed_multiplier,phase_correction_remaining,raw_max_wrist_abs_rad,raw_max_wrist_angle_joint,raw_max_wrist_speed_rad_s,raw_max_wrist_speed_joint,output_max_wrist_abs_rad,output_max_wrist_angle_joint,output_max_wrist_speed_rad_s,output_max_wrist_speed_joint,root_x,root_y,root_z,root_yaw,switch_anchor_xy_delta_m,switch_anchor_z_delta_m,switch_anchor_yaw_delta_rad,post_switch_xy_delta_m,post_switch_z_delta_m,post_switch_yaw_delta_rad,accepted_beat_time_seconds,accepted_beat_pose_error_rad,accepted_beat_delay_seconds,accepted_beat_limiter_joints,target_max_joint_speed_rad_s,output_max_joint_speed_rad_s,output_max_joint_acceleration_rad_s2,limiter_activated_joints,limiter_activation_rate,collision_override,limiter_enabled,terminal_safe_idle_active,ready_pool_size,ready_motion_ids,failed_motion_ids,motion_load_ms,motion_grounding_ms,entry_feature_ms,motion_fully_ready_ms,match_state,match_confidence,match_rejection_reason,beat_quality,signal_rms,dynamic_range_db,negative_style_score,top_genre,top_genre_score,track_margin,motion_margin,ranked_tracks,ranked_motions,query_tags,current_motion_cluster_id,pending_motion_cluster_id,top_track_id,top_track_score,top_motion_id,top_motion_score,query_bpm
0.000000,-0.996252000,,hermite,awaiting_retrieval,,,,,0,1.2455660710823698e-11,0,gWA_sBM_cAll_d26_mWA0_ch05,,,0.000000,,,,,,,0.000004490,,0.000000,,,,,,,,,,0.000000,beat-sync,1.000000,1.000000,,0.000000000,0.091577420,left_wrist_yaw,0.000000000,,0.091577420,left_wrist_yaw,0.000000000,,0.000000,0.000000,0.913205,0.000000,0.000000000,0.000000000,0.000000000,0.000000000,0.000000000,0.000000000,,0.000000000,,,0.000000,0.000000,0.000000,,0.000000000,0,1,0,0,,,,,,,warming_up,,,,,,,,,,,,,,WA:v0:k1:r1,,,,,,
0.056000,0.071630000,,hermite,awaiting_retrieval,,,,,0,1.0,0,gWA_sBM_cAll_d26_mWA0_ch05,,,0.000000,,,,,,,0.089057466,,0.000000,,,,,,,,,,0.000000,beat-sync,1.000000,1.000000,,0.000000000,0.195604221,left_wrist_yaw,1.017294543,left_wrist_yaw,0.195604221,left_wrist_yaw,1.157900746,left_wrist_yaw,0.085709,0.050883,0.856815,-0.313461,0.000000000,0.000000000,0.000000000,0.000000000,0.000000000,0.000000000,,0.000000000,,,4.581720,3.569410,66.088415,,0.003258213,0,1,0,0,,,,,,,warming_up,,,,,,,,,,,,,,WA:v0:k1:r1,,,,,,
0.120000,0.137690000,,hermite,awaiting_retrieval,,,,,0,1.0,0,gWA_sBM_cAll_d26_mWA0_ch05,,,0.000000,,,,,,,0.094610996,,0.000000,,,,,,,,,,0.000000,beat-sync,1.000000,1.000000,,0.000000000,0.143937637,left_wrist_yaw,0.251866292,right_wrist_yaw,0.143937637,left_wrist_yaw,0.356656148,right_wrist_yaw,0.087365,0.040963,0.873792,-0.402463,0.000000000,0.000000000,0.000000000,0.000000000,0.000000000,0.000000000,,0.000000000,,,1.953971,1.595787,112.679855,,0.003065134,0,1,0,0,,,,,,,warming_up,,,,,,,,,,,,,,WA:v0:k1:r1,,,,,,
0.152000,0.163690300,,hermite,awaiting_retrieval,,,,,0,1.0,0,gWA_sBM_cAll_d26_mWA0_ch05,,,0.000000,,,,,,,0.096787627,,0.000000,,,,,,,,,,0.000000,beat-sync,1.000000,1.000000,,0.000000000,0.150088118,right_wrist_yaw,0.568380439,right_wrist_yaw,0.150088118,right_wrist_yaw,0.576034789,right_wrist_yaw,0.087314,0.036427,0.880383,-0.404121,0.000000000,0.000000000,0.000000000,0.000000000,0.000000000,0.000000000,,0.000000000,,,2.101124,1.729780,52.010361,,0.002998501,0,1,0,0,,,,,,,warming_up,,,,,,,,,,,,,,WA:v0:k1:r1,,,,,,
0.216000,0.228832900,,hermite,awaiting_retrieval,,,,,0,1.0,0,gWA_sBM_cAll_d26_mWA0_ch05,,,0.000000,,,,,,,0.102269883,,0.000000,,,,,,,,,,0.000000,beat-sync,1.000000,1.000000,,0.000000000,0.182291089,right_wrist_yaw,0.281853125,left_wrist_yaw,0.182291089,right_wrist_yaw,0.352594956,left_wrist_yaw,0.088535,0.030670,0.900676,-0.361678,0.000000000,0.000000000,0.000000000,0.000000000,0.000000000,0.000000000,,0.000000000,,,2.932040,2.465008,78.124901,,0.002834199,0,1,0,0,,,,,,,warming_up,,,,,,,,,,,,,,WA:v0:k1:r1,,,,,,
0.280000,0.290211500,,hermite,awaiting_retrieval,,,,,0,1.0,0,gWA_sBM_cAll_d26_mWA0_ch05,,,0.000000,,,,,,,0.107293385,,0.000000,,,,,,,,,,0.000000,beat-sync,1.000000,1.000000,,0.000000000,0.177868781,left_wrist_yaw,0.644426567,right_wrist_yaw,0.177868781,left_wrist_yaw,0.558554412,right_wrist_yaw,0.093521,0.028894,0.923108,-0.298928,0.000000000,0.000000000,0.000000000,0.000000000,0.000000000,0.000000000,,0.000000000,,,3.044625,2.663490,40.111924,,0.002704530,0,1,0,0,,,,,,,warming_up,,,,,,,,,,,,,,WA:v0:k1:r1,,,,,,
0.312000,0.320493300,,hermite,awaiting_retrieval,,,,,0,1.0,0,gWA_sBM_cAll_d26_mWA0_ch05,,,0.000000,,,,,,,0.109919366,,0.000000,,,,,,,,,,0.000000,beat-sync,1.000000,1.000000,,0.000000000,0.192117025,left_wrist_yaw,1.261255398,right_wrist_pitch,0.192117025,left_wrist_yaw,1.725232536,right_wrist_pitch,0.096863,0.028321,0.931975,-0.251682,0.000000000,0.000000000,0.000000000,0.000000000,0.000000000,0.000000000,,0.000000000,,,5.576766,4.654844,123.813124,,0.002635625,0,1,0,0,,,,,,,warming_up,,,,,,,,,,,,,,WA:v0:k1:r1,,,,,,
0.376000,0.390843200,,hermite,awaiting_retrieval,,,,,0,1.0,0,gWA_sBM_cAll_d26_mWA0_ch05,,,0.000000,,,,,,,0.115501444,,0.000000,,,,,,,,,,0.000000,beat-sync,1.000000,1.000000,,0.000000000,0.192156394,left_wrist_yaw,0.264962043,right_wrist_yaw,0.192156394,left_wrist_yaw,0.354064499,right_wrist_yaw,0.092134,0.032714,0.936054,-0.140294,0.000000000,0.000000000,0.000000000,0.000000000,0.000000000,0.000000000,,0.000000000,,,2.425176,1.440452,59.159139,,0.002507837,0,1,0,0,,,,,,,warming_up,,,,,,,,,,,,,,WA:v0:k1:r1,,,,,,
0.408000,0.413894100,,hermite,awaiting_retrieval,,,,,0,1.0,0,gWA_sBM_cAll_d26_mWA0_ch05,,,0.000000,,,,,,,0.117668245,,0.000000,,,,,,,,,,0.000000,beat-sync,1.000000,1.000000,,0.000000000,0.194751903,left_wrist_yaw,0.747548942,right_wrist_yaw,0.194751903,left_wrist_yaw,0.769168736,right_wrist_yaw,0.089398,0.034871,0.932075,-0.121403,0.000000000,0.000000000,0.000000000,0.000000000,0.000000000,0.000000000,,0.000000000,,,1.834738,1.519694,62.233886,,0.002463054,0,1,0,0,,,,,,,warming_up,,,,,,,,,,,,,,WA:v0:k1:r1,,,,,,
0.472000,0.481628900,,hermite,awaiting_retrieval,,,,,0,1.0,0,gWA_sBM_cAll_d26_mWA0_ch05,,,0.000000,,,,,,,0.123277551,,0.000000,,,,,,,,,,0.000000,beat-sync,0.979481,1.000000,,-0.076588095,0.200481022,left_wrist_yaw,0.114913563,right_wrist_roll,0.200481022,left_wrist_yaw,0.098477307,right_wrist_roll,0.081605,0.040510,0.902703,-0.143803,0.000000000,0.000000000,0.000000000,0.000000000,0.000000000,0.000000000,0.472000,0.000000000,,,5.448660,4.845745,108.142603,,0.003134796,0,1,0,0,,,,,,,warming_up,,,,,,,,,,,,,,WA:v0:k1:r1,,,,,,
0.504000,0.531903800,,hermite,awaiting_retrieval,,,,,0,1.0,0,gWA_sBM_cAll_d26_mWA0_ch05,,,0.000000,,,,,,,0.127022923,,0.000000,,,,,,,,,,0.000000,beat-sync,0.882176,1.000000,,-0.076273881,0.179729938,left_wrist_yaw,1.283385578,right_wrist_yaw,0.179729938,left_wrist_yaw,2.035879046,right_wrist_yaw,0.084244,0.040945,0.881403,-0.173566,0.000000000,0.000000000,0.000000000,0.000000000,0.000000000,0.000000000,0.472000,0.000000000,,,5.411281,3.988011,148.301729,,0.003031451,0,1,0,0,,,,,,,warming_up,,,,,,,,,,,,,,WA:v0:k1:r1,,,,,,
0.504000,0.545765600,beat_limiter_result,hermite,awaiting_retrieval,,,,,0,1.0,0,gWA_sBM_cAll_d26_mWA0_ch05,,,0.000000,,,,,,,0.128180745,,0.000000,,,,,,,,,,0.000000,beat-sync,0.849831,1.000000,,-0.076082396,0.166984014,left_wrist_yaw,1.257144512,right_wrist_yaw,0.166984014,left_wrist_yaw,1.837028173,right_wrist_yaw,0.083636,0.041249,0.876468,-0.170988,0.000000000,0.000000000,0.000000000,0.000000000,0.000000000,0.000000000,0.472000,0.000000000,0.000000000,,6.974889,5.651662,291.748266,,0.002998501,0,1,0,0,,,,,,,warming_up,,,,,,,,,,,,,,WA:v0:k1:r1,,,,,,
0.568000,0.587863100,,hermite,awaiting_retrieval,,,,,0,1.0,0,gWA_sBM_cAll_d26_mWA0_ch05,,,0.000000,,,,,,,0.130964107,,0.000000,,,,,,,,,,0.000000,beat-sync,0.766421,1.000000,,-0.075386475,0.194007642,right_wrist_yaw,1.203002032,right_wrist_yaw,0.194007642,right_wrist_yaw,1.360523436,right_wrist_yaw,0.083919,0.044103,0.871254,-0.128019,0.000000000,0.000000000,0.000000000,0.000000000,0.000000000,0.000000000,0.472000,0.000000000,0.000000000,,4.340630,3.682833,63.974416,,0.003284072,0,1,0,0,,,,,,,warming_up,,,,,,,,,,,,,,WA:v0:k1:r1,,,,,,
0.600000,0.622320700,,hermite,awaiting_retrieval,,,,,0,1.0,0,gWA_sBM_cAll_d26_mWA0_ch05,,,0.000000,,,,,,,0.132961555,,0.000000,,,,,,,,,,0.000000,beat-sync,0.700404,1.000000,,-0.074630440,0.222009630,right_wrist_yaw,0.607217022,right_wrist_yaw,0.222009630,right_wrist_yaw,0.798507472,right_wrist_yaw,0.085174,0.048182,0.868585,-0.083179,0.000000000,0.000000000,0.000000000,0.000000000,0.000000000,0.000000000,0.472000,0.000000000,0.000000000,,3.122258,2.081527,114.072168,,0.003216009,0,1,0,0,,,,,,,warming_up,,,,,,,,,,,,,,WA:v0:k1:r1,,,,,,
0.600000,0.631019500,,hermite,awaiting_retrieval,,,,,0,1.0,0,gWA_sBM_cAll_d26_mWA0_ch05,,,0.000000,,,,,,,0.133503104,,0.000000,,,,,,,,,,0.000000,beat-sync,0.681355,1.000000,,-0.074377529,0.225437685,right_wrist_yaw,0.593823597,left_wrist_yaw,0.225437685,right_wrist_yaw,0.734355797,left_wrist_yaw,0.085701,0.049309,0.867979,-0.073356,0.000000000,0.000000000,0.000000000,0.000000000,0.000000000,0.000000000,0.472000,0.000000000,0.000000000,,2.672962,2.079718,59.107688,,0.003199431,0,1,0,0,,,,,,,warming_up,,,,,,,,,,,,,,WA:v0:k1:r1,,,,,,
0.600000,0.638840000,,hermite,awaiting_retrieval,,,,,0,1.0,0,gWA_sBM_cAll_d26_mWA0_ch05,,,0.000000,,,,,,,0.133926789,,0.000000,,,,,,,,,,0.000000,beat-sync,0.666111,1.000000,,-0.074165451,0.226683773,right_wrist_yaw,0.388484969,left_wrist_yaw,0.226683773,right_wrist_yaw,0.615143030,left_wrist_yaw,0.086463,0.050185,0.867557,-0.069370,0.000000000,0.000000000,0.000000000,0.000000000,0.000000000,0.000000000,0.472000,0.000000000,0.000000000,,1.868630,1.279632,104.107326,,0.003183024,0,1,0,0,,,,,,,warming_up,,,,,,,,,,,,,,WA:v0:k1:r1,,,,,,
0.600000,0.647407100,,hermite,awaiting_retrieval,,,,,0,1.0,0,gWA_sBM_cAll_d26_mWA0_ch05,,,0.000000,,,,,,,0.134396257,,0.000000,,,,,,,,,,0.000000,beat-sync,0.648768,1.000000,,-0.073911641,0.226612714,right_wrist_yaw,0.365508108,left_wrist_yaw,0.226612714,right_wrist_yaw,0.432146887,left_wrist_yaw,0.087323,0.051157,0.867092,-0.065111,0.000000000,0.000000000,0.000000000,0.000000000,0.000000000,0.000000000,0.472000,0.000000000,0.000000000,,1.320446,1.065436,83.373380,,0.003166784,0,1,0,0,,,,,,,warming_up,,,,,,,,,,,,,,WA:v0:k1:r1,,,,,,
0.632000,0.656395700,,hermite,awaiting_retrieval,,,,,0,1.0,0,gWA_sBM_cAll_d26_mWA0_ch05,,,0.000000,,,,,,,0.134870431,,0.000000,,,,,,,,,,0.000000,beat-sync,0.630751,1.000000,,-0.073634440,0.225736082,right_wrist_yaw,0.231106026,left_wrist_yaw,0.225736082,right_wrist_yaw,0.273948244,left_wrist_yaw,0.088191,0.052137,0.866622,-0.060810,0.000000000,0.000000000,0.000000000,0.000000000,0.000000000,0.000000000,0.472000,0.000000000,0.000000000,,1.282008,1.049495,26.711820,,0.003150709,0,1,0,0,,,,,,,warming_up,,,,,,,,,,,,,,WA:v0:k1:r1,,,,,,
0.664000,0.688271900,,hermite,awaiting_retrieval,,,,,0,1.0,0,gWA_sBM_cAll_d26_mWA0_ch05,,,0.000000,,,,,,,0.136445812,,0.000000,,,,,,,,,,0.000000,beat-sync,0.566842,1.000000,,-0.072544775,0.211659985,right_wrist_yaw,0.594671372,right_wrist_yaw,0.211659985,right_wrist_yaw,0.746459415,right_wrist_yaw,0.091513,0.054764,0.866359,-0.058791,0.000000000,0.000000000,0.000000000,0.000000000,0.000000000,0.000000000,0.472000,0.000000000,0.000000000,,2.159542,1.746937,115.103516,,0.003088008,0,1,0,0,,,,,,,warming_up,,,,,,,,,,,,,,WA:v0:k1:r1,,,,,,
0.728000,0.745966000,,hermite,awaiting_retrieval,,,,,0,1.0,0,gWA_sBM_cAll_d26_mWA0_ch05,,,0.000000,,,,,,,0.139144111,,0.000000,,,,,,,,,,0.000000,beat-sync,0.550000,1.000000,,-0.070340142,0.149153315,right_wrist_yaw,1.235487894,right_wrist_yaw,0.149153315,right_wrist_yaw,1.152911743,right_wrist_yaw,0.094969,0.057534,0.868017,-0.089800,0.000000000,0.000000000,0.000000000,0.000000000,0.000000000,0.000000000,0.472000,0.000000000,0.000000000,,3.045330,2.689632,138.356967,,0.002984085,0,1,0,0,,,,,,,warming_up,,,,,,,,,,,,,,WA:v0:k1:r1,,,,,,
0.760000,0.778951000,,hermite,awaiting_retrieval,,,,,0,1.0,0,gWA_sBM_cAll_d26_mWA0_ch05,,,0.000000,,,,,,,0.140648406,,0.000000,,,,,,,,,,0.000000,beat-sync,0.550000,1.000000,,-0.069111065,0.109212584,right_wrist_yaw,0.972951248,right_wrist_yaw,0.109212584,right_wrist_yaw,1.691689006,right_wrist_yaw,0.098078,0.058083,0.869361,-0.118337,0.000000000,0.000000000,0.000000000,0.000000000,0.000000000,0.000000000,0.472000,0.000000000,0.000000000,,3.785433,2.963545,66.525103,,0.002927781,0,1,0,0,,,,,,,warming_up,,,,,,,,,,,,,,WA:v0:k1:r1,,,,,,
0.824000,0.839474600,,hermite,awaiting_retrieval,,,,,0,1.0,0,gWA_sBM_cAll_d26_mWA0_ch05,,,0.000000,,,,,,,0.143351900,,0.000000,,,,,,,,,,0.000000,beat-sync,0.550000,1.000000,,-0.066902187,0.082450305,left_wrist_yaw,0.340658130,left_wrist_yaw,0.082450305,left_wrist_yaw,0.444189915,left_wrist_yaw,0.103875,0.058386,0.873171,-0.182544,0.000000000,0.000000000,0.000000000,0.000000000,0.000000000,0.000000000,0.472000,0.000000000,0.000000000,,1.914675,1.483487,26.769116,,0.002834199,0,1,0,0,,,,,,,warming_up,,,,,,,,,,,,,,WA:v0:k1:r1,,,,,,
0.856000,0.874937100,,hermite,awaiting_retrieval,,,,,0,1.0,0,gWA_sBM_cAll_d26_mWA0_ch05,,,0.000000,,,,,,,0.144920988,,0.000000,,,,,,,,,,0.000000,beat-sync,0.550000,1.000000,,-0.065620171,0.066023040,left_wrist_yaw,0.649978324,left_wrist_yaw,0.066023040,left_wrist_yaw,0.714698568,left_wrist_yaw,0.105684,0.057318,0.877587,-0.217535,0.000000000,0.000000000,0.000000000,0.000000000,0.000000000,0.000000000,0.472000,0.000000000,0.000000000,,1.715406,1.148976,46.600199,,0.002783362,0,1,0,0,,,,,,,warming_up,,,,,,,,,,,,,,WA:v0:k1:r1,,,,,,
0.920000,0.930536900,,hermite,awaiting_retrieval,,,,,0,1.0,0,gWA_sBM_cAll_d26_mWA0_ch05,,,0.000000,,,,,,,0.147587172,,0.000000,,,,,,,,,,0.000000,beat-sync,0.550000,1.000000,,-0.063441777,0.092480940,right_wrist_yaw,0.310689117,left_wrist_yaw,0.092480940,right_wrist_yaw,0.525263431,left_wrist_yaw,0.106902,0.055020,0.884184,-0.243372,0.000000000,0.000000000,0.000000000,0.000000000,0.000000000,0.000000000,0.472000,0.000000000,0.000000000,,2.454301,1.796159,88.357768,,0.002698651,0,1,0,0,,,,,,,warming_up,,,,,,,,,,,,,,WA:v0:k1:r1,,,,,,
0.952000,0.962545700,,hermite,awaiting_retrieval,,,,,0,1.0,0,gWA_sBM_cAll_d26_mWA0_ch05,,,0.000000,,,,,,,0.149081737,,0.000000,,,,,,,,,,0.000000,beat-sync,0.550000,1.000000,,-0.062220650,0.096451636,right_wrist_yaw,0.065122449,right_wrist_yaw,0.096451636,right_wrist_yaw,0.096349237,right_wrist_yaw,0.108003,0.053712,0.888252,-0.243450,0.000000000,0.000000000,0.000000000,0.000000000,0.000000000,0.000000000,0.472000,0.000000000,0.000000000,,0.737363,0.607975,64.999273,,0.002652520,0,1,0,0,,,,,,,warming_up,,,,,,,,,,,,,,WA:v0:k1:r1,,,,,,
1.016000,1.029362700,,hermite,awaiting_retrieval,,,,,0,1.0,0,gWA_sBM_cAll_d26_mWA0_ch05,,,0.000000,,,,,,,0.152147258,,0.000000,,,,,,,,,,0.000000,beat-sync,0.550000,1.000000,,-0.059715980,0.096236549,right_wrist_yaw,0.004061041,left_wrist_roll,0.096236549,right_wrist_yaw,0.006007813,left_wrist_roll,0.110589,0.050529,0.898277,-0.224931,0.000000000,0.000000000,0.000000000,0.000000000,0.000000000,0.000000000,0.472000,0.000000000,0.000000000,,0.654794,0.553282,82.972662,,0.002575476,0,1,0,0,,,,,,,warming_up,,,,,,,,,,,,,,WA:v0:k1:r1,,,,,,
1.080000,1.087553200,,hermite,awaiting_retrieval,,,,,0,1.0,0,gWA_sBM_cAll_d26_mWA0_ch05,,,0.000000,,,,,,,0.154808990,,0.000000,,,,,,,,,,0.000000,beat-sync,0.550000,1.000000,,-0.057541224,0.096234223,right_wrist_yaw,0.003734113,right_wrist_roll,0.096234223,right_wrist_yaw,0.006231998,right_wrist_roll,0.112990,0.048804,0.907630,-0.177163,0.000000000,0.000000000,0.000000000,0.000000000,0.000000000,0.000000000,0.472000,0.000000000,0.000000000,,0.704456,0.581192,96.236674,,0.002502781,0,1,0,0,,,,,,,warming_up,,,,,,,,,,,,,,WA:v0:k1:r1,,,,,,
1.112000,1.149055300,,hermite,awaiting_retrieval,,,,,0,1.0,0,gWA_sBM_cAll_d26_mWA0_ch05,,,0.000000,,,,,,,0.157566009,,0.000000,,,,,,,,,,0.000000,beat-sync,0.550000,1.000000,,-0.055288614,0.096644099,right_wrist_yaw,0.073206944,right_wrist_roll,0.096644099,right_wrist_yaw,0.051833797,right_wrist_roll,0.120703,0.047111,0.921175,-0.105561,0.000000000,0.000000000,0.000000000,0.000000000,0.000000000,0.000000000,0.472000,0.000000000,0.000000000,,0.435191,0.379277,28.204178,,0.002443660,0,1,0,0,,,,,,,warming_up,,,,,,,,,,,,,,WA:v0:k1:r1,,,,,,
1.176000,1.198678000,,hermite,awaiting_retrieval,,,,,0,1.0,0,gWA_sBM_cAll_d26_mWA0_ch05,,,0.000000,,,,,,,0.159869671,,0.000000,,,,,,,,,,0.000000,beat-sync,0.550000,1.000000,,-0.053406417,0.095816721,right_wrist_yaw,0.319640963,right_wrist_yaw,0.095816721,right_wrist_yaw,0.432948881,right_wrist_yaw,0.122187,0.046219,0.931859,-0.054671,0.000000000,0.000000000,0.000000000,0.000000000,0.000000000,0.000000000,0.472000,0.000000000,0.000000000,,1.946887,1.469732,267.836859,,0.002387268,0,1,0,0,,,,,,,warming_up,,,,,,,,,,,,,,WA:v0:k1:r1,,,,,,
1.208000,1.243466500,,hermite,awaiting_retrieval,,,,,0,1.0,0,gWA_sBM_cAll_d26_mWA0_ch05,,,0.000000,,,,,,,0.161935379,,0.000000,,,,,,,,,,0.000000,beat-sync,0.550000,1.000000,,-0.051718640,0.130356092,right_wrist_yaw,0.699588226,right_wrist_pitch,0.130356092,right_wrist_yaw,0.493979943,right_wrist_pitch,0.121800,0.046587,0.938909,-0.020182,0.000000000,0.000000000,0.000000000,0.000000000,0.000000000,0.000000000,0.472000,0.000000000,0.000000000,,8.576840,7.804997,459.261816,,0.002351097,0,1,0,0,,,,,,,warming_up,,,,,,,,,,,,,,WA:v0:k1:r1,,,,,,
1.272000,1.293548200,,hermite,awaiting_retrieval,,,,,0,1.0,0,gWA_sBM_cAll_d26_mWA0_ch05,,,0.000000,,,,,,,0.164230743,,0.000000,,,,,,,,,,0.000000,beat-sync,0.550000,1.000000,,-0.049843224,0.103685274,right_wrist_yaw,0.413596047,right_wrist_yaw,0.103685274,right_wrist_yaw,0.533906549,right_wrist_yaw,0.121466,0.047433,0.943467,0.005494,0.000000000,0.000000000,0.000000000,0.000000000,0.000000000,0.000000000,0.472000,0.000000000,0.000000000,,7.039836,5.522153,162.695885,,0.002298851,0,1,0,0,,,,,,,warming_up,,,,,,,,,,,,,,WA:v0:k1:r1,,,,,,
1.304000,1.318741700,,hermite,awaiting_retrieval,,,,,0,1.0,0,gWA_sBM_cAll_d26_mWA0_ch05,,,0.000000,,,,,,,0.165372625,,0.000000,,,,,,,,,,0.000000,beat-sync,0.550000,1.000000,,-0.048910254,0.091680243,right_wrist_yaw,0.496242459,right_wrist_yaw,0.091680243,right_wrist_yaw,0.628855509,right_wrist_yaw,0.121160,0.047824,0.945164,0.010054,0.000000000,0.000000000,0.000000000,0.000000000,0.000000000,0.000000000,0.472000,0.000000000,0.000000000,,6.496307,5.321804,36.455938,,0.002273588,0,1,0,0,,,,,,,warming_up,,,,,,,,,,,,,,WA:v0:k1:r1,,,,,,
1.368000,1.387335600,,hermite,awaiting_retrieval,,,,,0,1.0,0,gWA_sBM_cAll_d26_mWA0_ch05,,,0.000000,,,,,,,0.168475842,,0.000000,,,,,,,,,,0.000000,beat-sync,0.550000,1.000000,,-0.046374785,0.069465734,right_wrist_yaw,0.474955428,left_wrist_yaw,0.069465734,right_wrist_yaw,0.583099369,left_wrist_yaw,0.121179,0.048579,0.948748,0.001971,0.000000000,0.000000000,0.000000000,0.000000000,0.000000000,0.000000000,0.472000,0.000000000,0.000000000,,1.410351,1.158069,23.611536,,0.002208860,0,1,0,0,,,,,,,warming_up,,,,,,,,,,,,,,WA:v0:k1:r1,,,,,,
1.400000,1.420098500,,hermite,awaiting_retrieval,,,,,0,1.0,0,gWA_sBM_cAll_d26_mWA0_ch05,,,0.000000,,,,,,,0.169968970,,0.000000,,,,,,,,,,0.000000,beat-sync,0.550000,1.000000,,-0.045154831,0.062754654,right_wrist_yaw,0.538219058,left_wrist_yaw,0.062754654,right_wrist_yaw,0.545155619,left_wrist_yaw,0.120539,0.047831,0.950723,-0.011424,0.000000000,0.000000000,0.000000000,0.000000000,0.000000000,0.000000000,0.472000,0.000000000,0.000000000,,1.457432,1.143554,16.433123,,0.002177858,0,1,0,0,,,,,,,warming_up,,,,,,,,,,,,,,WA:v0:k1:r1,,,,,,
1.400000,1.426567600,,hermite,awaiting_retrieval,,,,,0,1.0,0,gWA_sBM_cAll_d26_mWA0_ch05,,,0.000000,,,,,,,0.170336431,,0.000000,,,,,,,,,,0.000000,beat-sync,0.550000,1.000000,,-0.044854599,0.061183675,right_wrist_yaw,0.432076914,left_wrist_yaw,0.061183675,right_wrist_yaw,0.769301972,left_wrist_yaw,0.120437,0.047679,0.951045,-0.016947,0.000000000,0.000000000,0.000000000,0.000000000,0.000000000,0.000000000,0.472000,0.000000000,0.000000000,,2.425743,1.907245,128.291083,,0.002170244,0,1,0,0,,,,,,,warming_up,,,,,,,,,,,,,,WA:v0:k1:r1,,,,,,
1.400000,1.435591100,,hermite,awaiting_retrieval,,,,,0,1.0,0,gWA_sBM_cAll_d26_mWA0_ch05,,,0.000000,,,,,,,0.170770048,,0.000000,,,,,,,,,,0.000000,beat-sync,0.550000,1.000000,,-0.044500314,0.061271180,left_wrist_yaw,0.469401384,left_wrist_yaw,0.061271180,left_wrist_yaw,0.498582415,left_wrist_yaw,0.120316,0.047499,0.951426,-0.023464,0.000000000,0.000000000,0.000000000,0.000000000,0.000000000,0.000000000,0.472000,0.000000000,0.000000000,,1.787836,1.470144,45.812880,,0.002162682,0,1,0,0,,,,,,,warming_up,,,,,,,,,,,,,,WA:v0:k1:r1,,,,,,
1.432000,1.442289700,,hermite,awaiting_retrieval,,,,,0,1.0,0,gWA_sBM_cAll_d26_mWA0_ch05,,,0.000000,,,,,,,0.171107139,,0.000000,,,,,,,,,,0.000000,beat-sync,0.550000,1.000000,,-0.044224895,0.064579599,left_wrist_yaw,0.397010386,left_wrist_yaw,0.064579599,left_wrist_yaw,0.593843316,left_wrist_yaw,0.120202,0.047352,0.951695,-0.028652,0.000000000,0.000000000,0.000000000,0.000000000,0.000000000,0.000000000,0.472000,0.000000000,0.000000000,,2.047949,1.685333,36.108990,,0.002155172,0,1,0,0,,,,,,,warming_up,,,,,,,,,,,,,,WA:v0:k1:r1,,,,,,
1.464000,1.475686700,,hermite,awaiting_retrieval,,,,,0,1.0,0,gWA_sBM_cAll_d26_mWA0_ch05,,,0.000000,,,,,,,0.172628614,,0.000000,,,,,,,,,,0.000000,beat-sync,0.550000,1.000000,,-0.042981781,0.076191766,left_wrist_yaw,0.254258584,left_wrist_yaw,0.076191766,left_wrist_yaw,0.295681147,left_wrist_yaw,0.118770,0.046265,0.951916,-0.057494,0.000000000,0.000000000,0.000000000,0.000000000,0.000000000,0.000000000,0.472000,0.000000000,0.000000000,,2.161989,1.858784,25.927485,,0.002125650,0,1,0,0,,,,,,,warming_up,,,,,,,,,,,,,,WA:v0:k1:r1,,,,,,
1.528000,1.540849800,,hermite,awaiting_retrieval,,,,,0,1.0,0,gWA_sBM_cAll_d26_mWA0_ch05,,,0.000000,,,,,,,0.175683831,,0.000000,,,,,,,,,,0.000000,beat-sync,0.550000,1.000000,,-0.040485530,0.073312201,left_wrist_yaw,0.103978112,left_wrist_yaw,0.073312201,left_wrist_yaw,0.132410989,left_wrist_yaw,0.112439,0.040718,0.951300,-0.138900,0.000000000,0.000000000,0.000000000,0.000000000,0.000000000,0.000000000,0.472000,0.000000000,0.000000000,,2.967922,2.783249,46.436331,,0.002068966,0,1,0,0,,,,,,,warming_up,,,,,,,,,,,,,,WA:v0:k1:r1,,,,,,
1.560000,1.569027800,,hermite,awaiting_retrieval,,,,,0,1.0,0,gWA_sBM_cAll_d26_mWA0_ch05,,,0.000000,,,,,,,0.176830776,,0.000000,,,,,,,,,,0.000000,beat-sync,0.550000,1.000000,,-0.039548424,0.070442394,left_wrist_yaw,0.206928601,right_wrist_yaw,0.070442394,left_wrist_yaw,0.238523413,right_wrist_yaw,0.109566,0.038013,0.949767,-0.175664,0.000000000,0.000000000,0.000000000,0.000000000,0.000000000,0.000000000,0.472000,0.000000000,0.000000000,,2.466898,1.998548,46.419769,,0.002048481,0,1,0,0,,,,,,,warming_up,,,,,,,,,,,,,,WA:v0:k1:r1,,,,,,
1.624000,1.634048000,,hermite,awaiting_retrieval,,,,,0,1.0,0,gWA_sBM_cAll_d26_mWA0_ch05,,,0.000000,,,,,,,0.179894893,,0.000000,,,,,,,,,,0.000000,beat-sync,0.550000,1.000000,,-0.037044901,0.074143793,right_wrist_yaw,0.178452149,left_wrist_yaw,0.074143793,right_wrist_yaw,0.204502495,left_wrist_yaw,0.100470,0.031540,0.941504,-0.269979,0.000000000,0.000000000,0.000000000,0.000000000,0.000000000,0.000000000,0.472000,0.000000000,0.000000000,,2.263533,1.926155,41.877416,,0.001995787,0,1,0,0,,,,,,,warming_up,,,,,,,,,,,,,,WA:v0:k1:r1,,,,,,
1.656000,1.675555200,,hermite,awaiting_retrieval,,,,,0,1.0,0,gWA_sBM_cAll_d26_mWA0_ch05,,,0.000000,,,,,,,0.181809228,,0.000000,,,,,,,,,,0.000000,beat-sync,0.550000,0.550000,,-0.078845703,0.080259076,right_wrist_yaw,0.291059066,left_wrist_pitch,0.080259076,right_wrist_yaw,0.341767845,left_wrist_pitch,0.091980,0.028870,0.933589,-0.308522,0.000000000,0.000000000,0.000000000,0.000000000,0.000000000,0.000000000,1.624000,0.000000000,0.000000000,,3.248790,2.776667,33.212688,,0.001964208,0,1,0,0,,,,,,,warming_up,,,,,,,,,,,,,,WA:v0:k1:r1,,,,,,
1.688000,1.708919900,beat_limiter_result,hermite,awaiting_retrieval,,,,,0,1.0,0,gWA_sBM_cAll_d26_mWA0_ch05,,,0.000000,,,,,,,0.183337577,,0.000000,,,,,,,,,,0.000000,beat-sync,0.550000,0.550000,,-0.077905101,0.086261568,right_wrist_yaw,0.812551487,left_wrist_pitch,0.086261568,right_wrist_yaw,1.827206645,left_wrist_pitch,0.086445,0.027500,0.927069,-0.320656,0.000000000,0.000000000,0.000000000,0.000000000,0.000000000,0.000000000,1.624000,0.000000000,0.000000000,,7.670540,5.657940,617.924868,,0.001939655,0,1,0,0,,,,,,,warming_up,,,,,,,,,,,,,,WA:v0:k1:r1,,,,,,
1.720000,1.742700200,,hermite,awaiting_retrieval,,,,,0,1.0,0,gWA_sBM_cAll_d26_mWA0_ch05,,,0.000000,,,,,,,0.184863568,,0.000000,,,,,,,,,,0.000000,beat-sync,0.550000,0.550000,,-0.077097748,0.103822452,right_wrist_yaw,0.698329332,right_wrist_yaw,0.103822452,right_wrist_yaw,1.142584446,right_wrist_yaw,0.083224,0.026611,0.920900,-0.317707,0.000000000,0.000000000,0.000000000,0.000000000,0.000000000,0.000000000,1.624000,0.000000000,0.000000000,,5.490834,4.382411,247.862757,,0.001915709,0,1,0,0,,,,,,,warming_up,,,,,,,,,,,,,,WA:v0:k1:r1,,,,,,
1.752000,1.775219400,,hermite,awaiting_retrieval,,,,,0,1.0,0,gWA_sBM_cAll_d26_mWA0_ch05,,,0.000000,,,,,,,0.186384565,,0.000000,,,,,,,,,,0.000000,beat-sync,0.550000,0.550000,,-0.076405788,0.134506575,right_wrist_yaw,0.952079557,right_wrist_yaw,0.134506575,right_wrist_yaw,1.605454645,right_wrist_yaw,0.081563,0.026559,0.915364,-0.303598,0.000000000,0.000000000,0.000000000,0.000000000,0.000000000,0.000000000,1.624000,0.000000000,0.000000000,,4.047183,3.268420,205.391349,,0.001892347,0,1,0,0,,,,,,,warming_up,,,,,,,,,,,,,,WA:v0:k1:r1,,,,,,
1.816000,1.833857000,,hermite,awaiting_retrieval,,,,,0,1.0,0,gWA_sBM_cAll_d26_mWA0_ch05,,,0.000000,,,,,,,0.189071683,,0.000000,,,,,,,,,,0.000000,beat-sync,0.550000,0.550000,,-0.075411529,0.213204481,right_wrist_yaw,1.430403176,right_wrist_yaw,0.213204481,right_wrist_yaw,1.680486447,right_wrist_yaw,0.081831,0.028459,0.907960,-0.246648,0.000000000,0.000000000,0.000000000,0.000000000,0.000000000,0.000000000,1.624000,0.000000000,0.000000000,,4.258181,3.619949,59.291454,,0.001852805,0,1,0,0,,,,,,,warming_up,,,,,,,,,,,,,,WA:v0:k1:r1,,,,,,
1.880000,1.892481000,,hermite,awaiting_retrieval,,,,,0,1.0,0,gWA_sBM_cAll_d26_mWA0_ch05,,,0.000000,,,,,,,0.191754317,,0.000000,,,,,,,,,,0.000000,beat-sync,0.550000,0.550000,,-0.074650662,0.287126398,right_wrist_yaw,1.032449872,right_wrist_yaw,0.287126398,right_wrist_yaw,1.226461337,right_wrist_yaw,0.083133,0.033785,0.905586,-0.171876,0.000000000,0.000000000,0.000000000,0.000000000,0.000000000,0.000000000,1.624000,0.000000000,0.000000000,,3.494318,2.967028,27.630214,,0.001814882,0,1,0,0,,,,,,,warming_up,,,,,,,,,,,,,,WA:v0:k1:r1,,,,,,
1.912000,1.925604800,,hermite,awaiting_retrieval,,,,,0,1.0,0,gWA_sBM_cAll_d26_mWA0_ch05,,,0.000000,,,,,,,0.193272129,,0.000000,,,,,,,,,,0.000000,beat-sync,0.550000,0.550000,,-0.074301558,0.307234699,right_wrist_yaw,0.414452648,left_wrist_yaw,0.307234699,right_wrist_yaw,0.517481056,left_wrist_yaw,0.084270,0.036890,0.906242,-0.132786,0.000000000,0.000000000,0.000000000,0.000000000,0.000000000,0.000000000,1.624000,0.000000000,0.000000000,,4.105597,3.408453,60.387149,,0.001793901,0,1,0,0,,,,,,,warming_up,,,,,,,,,,,,,,WA:v0:k1:r1,,,,,,
1.976000,1.983870900,,hermite,awaiting_retrieval,,,,,0,1.0,0,gWA_sBM_cAll_d26_mWA0_ch05,,,0.000000,,,,,,,0.195964695,,0.000000,,,,,,,,,,0.000000,beat-sync,0.550000,0.550000,,-0.073797924,0.286847631,right_wrist_yaw,1.105924114,left_wrist_yaw,0.286847631,right_wrist_yaw,1.280573905,left_wrist_yaw,0.085764,0.041465,0.909897,-0.062304,0.000000000,0.000000000,0.000000000,0.000000000,0.000000000,0.000000000,1.624000,0.000000000,0.000000000,,5.257814,4.512538,111.120791,,0.001758328,0,1,0,0,,,,,,,warming_up,,,,,,,,,,,,,,WA:v0:k1:r1,,,,,,
2.008000,2.018008300,,hermite,awaiting_retrieval,,,,,0,1.0,0,gWA_sBM_cAll_d26_mWA0_ch05,,,0.000000,,,,,,,0.197485008,,0.000000,,,,,,,,,,0.000000,beat-sync,0.550000,0.550000,,-0.073567512,0.249505332,right_wrist_yaw,1.179979256,right_wrist_yaw,0.249505332,right_wrist_yaw,1.909054994,right_wrist_yaw,0.087469,0.044091,0.912519,-0.041940,0.000000000,0.000000000,0.000000000,0.000000000,0.000000000,0.000000000,1.624000,0.000000000,0.000000000,,4.538006,3.590311,163.678468,,0.001738626,0,1,0,0,,,,,,,warming_up,,,,,,,,,,,,,,WA:v0:k1:r1,,,,,,
2.040000,2.077956100,match,hermite,loading,,,,,0,1.0,0,gWA_sBM_cAll_d26_mWA0_ch05,,,2.008000,gPO_sBM_cAll_d10_mPO0_ch01;gPO_sBM_cAll_d11_mPO0_ch01;gPO_sBM_cAll_d11_mPO0_ch02;gPO_sBM_cAll_d10_mPO0_ch02;gPO_sBM_cAll_d12_mPO3_ch02,,,,,,0.200221139,,0.000000,,,,,,,,,,0.000000,beat-sync,0.550000,0.550000,,-0.073231111,0.244335935,left_wrist_yaw,1.553937370,right_wrist_yaw,0.244335935,left_wrist_yaw,1.482142393,right_wrist_yaw,0.091882,0.047897,0.918610,-0.043506,0.000000000,0.000000000,0.000000000,0.000000000,0.000000000,0.000000000,1.624000,0.000000000,0.000000000,,2.724124,2.245304,80.707746,,0.001705191,0,1,0,0,,,,,,,accepted,0.807500,,0.650000,0.055919107,68.542691,0.123728,PO,0.775059,0.008515,0.005078,JB1:0.655685;JB3:0.647170;JB5:0.632336;JB2:0.615431;JB4:0.610588,gPO_sBM_cAll_d10_mPO0_ch01:0.596509;gPO_sBM_cAll_d11_mPO0_ch01:0.591431;gPO_sBM_cAll_d11_mPO0_ch02:0.589731;gPO_sBM_cAll_d10_mPO0_ch02:0.588788;gPO_sBM_cAll_d12_mPO3_ch02:0.557336;gPO_sBM_cAll_d12_mPO3_ch01:0.556034;gPO_sBM_cAll_d10_mPO3_ch02:0.555727;gPO_sBM_cAll_d10_mPO3_ch01:0.555487;gPO_sFM_cAll_d12_mPO1_ch16:0.552767;gPO_sBM_cAll_d11_mPO1_ch09:0.552117,Electronic---Electro:0.268724;Electronic---Experimental:0.212761;Electronic---Electroclash:0.204847;Electronic---Synth-pop:0.131241;Electronic---Ambient:0.123728,WA:v0:k1:r1,,JB1,0.655685,gPO_sBM_cAll_d10_mPO0_ch01,0.596509,93.750000
2.072000,2.084222500,,hermite,loading,,,,,0,1.0,0,gWA_sBM_cAll_d26_mWA0_ch05,,,2.008000,gPO_sBM_cAll_d10_mPO0_ch01;gPO_sBM_cAll_d11_mPO0_ch01;gPO_sBM_cAll_d11_mPO0_ch02;gPO_sBM_cAll_d10_mPO0_ch02;gPO_sBM_cAll_d12_mPO3_ch02,,,,,,0.200540840,,0.000000,,,,,,,,,,0.000000,beat-sync,0.550000,0.550000,,-0.073197305,0.253176866,left_wrist_yaw,1.068308083,right_wrist_yaw,0.253176866,left_wrist_yaw,1.776604941,right_wrist_yaw,0.092438,0.048052,0.919406,-0.047296,0.000000000,0.000000000,0.000000000,0.000000000,0.000000000,0.000000000,1.624000,0.000000000,0.000000000,,3.839273,3.056316,128.840533,,0.001700520,0,1,0,0,,,,,,,accepted,0.807500,,0.650000,0.055919107,68.542691,0.123728,PO,0.775059,0.008515,0.005078,JB1:0.655685;JB3:0.647170;JB5:0.632336;JB2:0.615431;JB4:0.610588,gPO_sBM_cAll_d10_mPO0_ch01:0.596509;gPO_sBM_cAll_d11_mPO0_ch01:0.591431;gPO_sBM_cAll_d11_mPO0_ch02:0.589731;gPO_sBM_cAll_d10_mPO0_ch02:0.588788;gPO_sBM_cAll_d12_mPO3_ch02:0.557336;gPO_sBM_cAll_d12_mPO3_ch01:0.556034;gPO_sBM_cAll_d10_mPO3_ch02:0.555727;gPO_sBM_cAll_d10_mPO3_ch01:0.555487;gPO_sFM_cAll_d12_mPO1_ch16:0.552767;gPO_sBM_cAll_d11_mPO1_ch09:0.552117,Electronic---Electro:0.268724;Electronic---Experimental:0.212761;Electronic---Electroclash:0.204847;Electronic---Synth-pop:0.131241;Electronic---Ambient:0.123728,WA:v0:k1:r1,,JB1,0.655685,gPO_sBM_cAll_d10_mPO0_ch01,0.596509,93.750000
2.104000,2.109057800,,hermite,loading,,,,,0,1.0,0,gWA_sBM_cAll_d26_mWA0_ch05,,,2.008000,gPO_sBM_cAll_d10_mPO0_ch01;gPO_sBM_cAll_d11_mPO0_ch01;gPO_sBM_cAll_d11_mPO0_ch02;gPO_sBM_cAll_d10_mPO0_ch02;gPO_sBM_cAll_d12_mPO3_ch02,,,,,,0.201696639,,0.000000,,,,,,,,,,0.000000,beat-sync,0.550000,0.550000,,-0.073084016,0.282389075,left_wrist_yaw,1.116484873,right_wrist_yaw,0.282389075,left_wrist_yaw,1.291546213,right_wrist_yaw,0.094444,0.048431,0.922195,-0.063160,0.000000000,0.000000000,0.000000000,0.000000000,0.000000000,0.000000000,1.624000,0.000000000,0.000000000,,3.844846,3.262983,50.091066,,0.001686657,0,1,0,0,,,,,,,accepted,0.807500,,0.650000,0.055919107,68.542691,0.123728,PO,0.775059,0.008515,0.005078,JB1:0.655685;JB3:0.647170;JB5:0.632336;JB2:0.615431;JB4:0.610588,gPO_sBM_cAll_d10_mPO0_ch01:0.596509;gPO_sBM_cAll_d11_mPO0_ch01:0.591431;gPO_sBM_cAll_d11_mPO0_ch02:0.589731;gPO_sBM_cAll_d10_mPO0_ch02:0.588788;gPO_sBM_cAll_d12_mPO3_ch02:0.557336;gPO_sBM_cAll_d12_mPO3_ch01:0.556034;gPO_sBM_cAll_d10_mPO3_ch02:0.555727;gPO_sBM_cAll_d10_mPO3_ch01:0.555487;gPO_sFM_cAll_d12_mPO1_ch16:0.552767;gPO_sBM_cAll_d11_mPO1_ch09:0.552117,Electronic---Electro:0.268724;Electronic---Experimental:0.212761;Electronic---Electroclash:0.204847;Electronic---Synth-pop:0.131241;Electronic---Ambient:0.123728,WA:v0:k1:r1,,JB1,0.655685,gPO_sBM_cAll_d10_mPO0_ch01,0.596509,93.750000
2.168000,2.186593700,,hermite,loading,,,,,0,1.0,0,gWA_sBM_cAll_d26_mWA0_ch05,,,2.008000,gPO_sBM_cAll_d10_mPO0_ch01;gPO_sBM_cAll_d11_mPO0_ch01;gPO_sBM_cAll_d11_mPO0_ch02;gPO_sBM_cAll_d10_mPO0_ch02;gPO_sBM_cAll_d12_mPO3_ch02,,,,,,0.205230576,,0.000000,,,,,,,,,,0.000000,beat-sync,0.550000,0.550000,,-0.072809514,0.312770577,left_wrist_yaw,0.621502366,right_wrist_yaw,0.312770577,left_wrist_yaw,0.765891247,right_wrist_yaw,0.103902,0.045164,0.928379,-0.159519,0.000000000,0.000000000,0.000000000,0.000000000,0.000000000,0.000000000,1.624000,0.000000000,0.000000000,,5.517555,4.334750,102.126426,,0.001650770,0,1,0,0,,,,,,,accepted,0.807500,,0.650000,0.055919107,68.542691,0.123728,PO,0.775059,0.008515,0.005078,JB1:0.655685;JB3:0.647170;JB5:0.632336;JB2:0.615431;JB4:0.610588,gPO_sBM_cAll_d10_mPO0_ch01:0.596509;gPO_sBM_cAll_d11_mPO0_ch01:0.591431;gPO_sBM_cAll_d11_mPO0_ch02:0.589731;gPO_sBM_cAll_d10_mPO0_ch02:0.588788;gPO_sBM_cAll_d12_mPO3_ch02:0.557336;gPO_sBM_cAll_d12_mPO3_ch01:0.556034;gPO_sBM_cAll_d10_mPO3_ch02:0.555727;gPO_sBM_cAll_d10_mPO3_ch01:0.555487;gPO_sFM_cAll_d12_mPO1_ch16:0.552767;gPO_sBM_cAll_d11_mPO1_ch09:0.552117,Electronic---Electro:0.268724;Electronic---Experimental:0.212761;Electronic---Electroclash:0.204847;Electronic---Synth-pop:0.131241;Electronic---Ambient:0.123728,WA:v0:k1:r1,,JB1,0.655685,gPO_sBM_cAll_d10_mPO0_ch01,0.596509,93.750000
2.200000,2.221171300,,hermite,loading,,,,,0,1.0,0,gWA_sBM_cAll_d26_mWA0_ch05,,,2.008000,gPO_sBM_cAll_d10_mPO0_ch01;gPO_sBM_cAll_d11_mPO0_ch01;gPO_sBM_cAll_d11_mPO0_ch02;gPO_sBM_cAll_d10_mPO0_ch02;gPO_sBM_cAll_d12_mPO3_ch02,,,,,,0.206809385,,0.000000,,,,,,,,,,0.000000,beat-sync,0.550000,0.550000,,-0.072714306,0.289453094,left_wrist_yaw,1.087419184,left_wrist_yaw,0.289453094,left_wrist_yaw,0.975134407,left_wrist_yaw,0.108075,0.041916,0.930496,-0.205652,0.000000000,0.000000000,0.000000000,0.000000000,0.000000000,0.000000000,1.624000,0.000000000,0.000000000,,2.928859,2.573719,72.585080,,0.001633394,0,1,0,0,,,,,,,accepted,0.807500,,0.650000,0.055919107,68.542691,0.123728,PO,0.775059,0.008515,0.005078,JB1:0.655685;JB3:0.647170;JB5:0.632336;JB2:0.615431;JB4:0.610588,gPO_sBM_cAll_d10_mPO0_ch01:0.596509;gPO_sBM_cAll_d11_mPO0_ch01:0.591431;gPO_sBM_cAll_d11_mPO0_ch02:0.589731;gPO_sBM_cAll_d10_mPO0_ch02:0.588788;gPO_sBM_cAll_d12_mPO3_ch02:0.557336;gPO_sBM_cAll_d12_mPO3_ch01:0.556034;gPO_sBM_cAll_d10_mPO3_ch02:0.555727;gPO_sBM_cAll_d10_mPO3_ch01:0.555487;gPO_sFM_cAll_d12_mPO1_ch16:0.552767;gPO_sBM_cAll_d11_mPO1_ch09:0.552117,Electronic---Electro:0.268724;Electronic---Experimental:0.212761;Electronic---Electroclash:0.204847;Electronic---Synth-pop:0.131241;Electronic---Ambient:0.123728,WA:v0:k1:r1,,JB1,0.655685,gPO_sBM_cAll_d10_mPO0_ch01,0.596509,93.750000
2.264000,2.287268100,,hermite,loading,,,,,0,1.0,0,gWA_sBM_cAll_d26_mWA0_ch05,,,2.008000,gPO_sBM_cAll_d10_mPO0_ch01;gPO_sBM_cAll_d11_mPO0_ch01;gPO_sBM_cAll_d11_mPO0_ch02;gPO_sBM_cAll_d10_mPO0_ch02;gPO_sBM_cAll_d12_mPO3_ch02,,,,,,0.209857093,,0.000000,,,,,,,,,,0.000000,beat-sync,0.550000,0.550000,,-0.072568305,0.207695667,left_wrist_yaw,1.075579444,left_wrist_yaw,0.207695667,left_wrist_yaw,1.543191011,left_wrist_yaw,0.109168,0.032637,0.935574,-0.271779,0.000000000,0.000000000,0.000000000,0.000000000,0.000000000,0.000000000,1.624000,0.000000000,0.000000000,,3.101258,2.539149,38.724074,,0.001603849,0,1,0,0,,,,,,,accepted,0.807500,,0.650000,0.055919107,68.542691,0.123728,PO,0.775059,0.008515,0.005078,JB1:0.655685;JB3:0.647170;JB5:0.632336;JB2:0.615431;JB4:0.610588,gPO_sBM_cAll_d10_mPO0_ch01:0.596509;gPO_sBM_cAll_d11_mPO0_ch01:0.591431;gPO_sBM_cAll_d11_mPO0_ch02:0.589731;gPO_sBM_cAll_d10_mPO0_ch02:0.588788;gPO_sBM_cAll_d12_mPO3_ch02:0.557336;gPO_sBM_cAll_d12_mPO3_ch01:0.556034;gPO_sBM_cAll_d10_mPO3_ch02:0.555727;gPO_sBM_cAll_d10_mPO3_ch01:0.555487;gPO_sFM_cAll_d12_mPO1_ch16:0.552767;gPO_sBM_cAll_d11_mPO1_ch09:0.552117,Electronic---Electro:0.268724;Electronic---Experimental:0.212761;Electronic---Electroclash:0.204847;Electronic---Synth-pop:0.131241;Electronic---Ambient:0.123728,WA:v0:k1:r1,,JB1,0.655685,gPO_sBM_cAll_d10_mPO0_ch01,0.596509,93.750000
2.328000,2.346116000,,hermite,loading,,,,,0,1.0,0,gWA_sBM_cAll_d26_mWA0_ch05,,,2.008000,gPO_sBM_cAll_d10_mPO0_ch01;gPO_sBM_cAll_d11_mPO0_ch01;gPO_sBM_cAll_d11_mPO0_ch02;gPO_sBM_cAll_d10_mPO0_ch02;gPO_sBM_cAll_d12_mPO3_ch02,,,,,,0.212538061,,0.000000,,,,,,,,,,0.000000,beat-sync,0.550000,0.550000,,-0.072471226,0.133956929,left_wrist_yaw,1.043089771,left_wrist_yaw,0.133956929,left_wrist_yaw,1.410762762,left_wrist_yaw,0.108287,0.023096,0.940532,-0.303294,0.000000000,0.000000000,0.000000000,0.000000000,0.000000000,0.000000000,1.624000,0.000000000,0.000000000,,4.016904,2.964410,81.497135,,0.001575354,0,1,0,0,,,,,,,accepted,0.807500,,0.650000,0.055919107,68.542691,0.123728,PO,0.775059,0.008515,0.005078,JB1:0.655685;JB3:0.647170;JB5:0.632336;JB2:0.615431;JB4:0.610588,gPO_sBM_cAll_d10_mPO0_ch01:0.596509;gPO_sBM_cAll_d11_mPO0_ch01:0.591431;gPO_sBM_cAll_d11_mPO0_ch02:0.589731;gPO_sBM_cAll_d10_mPO0_ch02:0.588788;gPO_sBM_cAll_d12_mPO3_ch02:0.557336;gPO_sBM_cAll_d12_mPO3_ch01:0.556034;gPO_sBM_cAll_d10_mPO3_ch02:0.555727;gPO_sBM_cAll_d10_mPO3_ch01:0.555487;gPO_sFM_cAll_d12_mPO1_ch16:0.552767;gPO_sBM_cAll_d11_mPO1_ch09:0.552117,Electronic---Electro:0.268724;Electronic---Experimental:0.212761;Electronic---Electroclash:0.204847;Electronic---Synth-pop:0.131241;Electronic---Ambient:0.123728,WA:v0:k1:r1,,JB1,0.655685,gPO_sBM_cAll_d10_mPO0_ch01,0.596509,93.750000
2.360000,2.378827200,,hermite,loading,,,,,0,1.0,0,gWA_sBM_cAll_d26_mWA0_ch05,,,2.008000,gPO_sBM_cAll_d10_mPO0_ch01;gPO_sBM_cAll_d11_mPO0_ch01;gPO_sBM_cAll_d11_mPO0_ch02;gPO_sBM_cAll_d10_mPO0_ch02;gPO_sBM_cAll_d12_mPO3_ch02,,,,,,0.214063083,,0.000000,,,,,,,,,,0.000000,beat-sync,0.550000,0.550000,,-0.072426465,0.100491010,left_wrist_yaw,0.863062075,left_wrist_yaw,0.100491010,left_wrist_yaw,1.586068003,left_wrist_yaw,0.108488,0.018148,0.943681,-0.305449,0.000000000,0.000000000,0.000000000,0.000000000,0.000000000,0.000000000,1.624000,0.000000000,0.000000000,,8.964801,6.633019,272.406991,,0.001559522,0,1,0,0,,,,,,,accepted,0.807500,,0.650000,0.055919107,68.542691,0.123728,PO,0.775059,0.008515,0.005078,JB1:0.655685;JB3:0.647170;JB5:0.632336;JB2:0.615431;JB4:0.610588,gPO_sBM_cAll_d10_mPO0_ch01:0.596509;gPO_sBM_cAll_d11_mPO0_ch01:0.591431;gPO_sBM_cAll_d11_mPO0_ch02:0.589731;gPO_sBM_cAll_d10_mPO0_ch02:0.588788;gPO_sBM_cAll_d12_mPO3_ch02:0.557336;gPO_sBM_cAll_d12_mPO3_ch01:0.556034;gPO_sBM_cAll_d10_mPO3_ch02:0.555727;gPO_sBM_cAll_d10_mPO3_ch01:0.555487;gPO_sFM_cAll_d12_mPO1_ch16:0.552767;gPO_sBM_cAll_d11_mPO1_ch09:0.552117,Electronic---Electro:0.268724;Electronic---Experimental:0.212761;Electronic---Electroclash:0.204847;Electronic---Synth-pop:0.131241;Electronic---Ambient:0.123728,WA:v0:k1:r1,,JB1,0.655685,gPO_sBM_cAll_d10_mPO0_ch01,0.596509,93.750000
2.424000,2.437791500,,hermite,loading,,,,,0,1.0,0,gWA_sBM_cAll_d26_mWA0_ch05,,,2.008000,gPO_sBM_cAll_d10_mPO0_ch01;gPO_sBM_cAll_d11_mPO0_ch01;gPO_sBM_cAll_d11_mPO0_ch02;gPO_sBM_cAll_d10_mPO0_ch02;gPO_sBM_cAll_d12_mPO3_ch02,,,,,,0.216737997,,0.000000,,,,,,,,,,0.000000,beat-sync,0.550000,0.550000,,-0.072362576,0.088063215,right_wrist_yaw,0.591278938,left_wrist_yaw,0.088063215,right_wrist_yaw,0.814851326,left_wrist_yaw,0.108121,0.011536,0.949779,-0.297903,0.000000000,0.000000000,0.000000000,0.000000000,0.000000000,0.000000000,1.624000,0.000000000,0.000000000,,3.051909,2.379457,17.398980,,0.001532567,0,1,0,0,,,,,,,accepted,0.807500,,0.650000,0.055919107,68.542691,0.123728,PO,0.775059,0.008515,0.005078,JB1:0.655685;JB3:0.647170;JB5:0.632336;JB2:0.615431;JB4:0.610588,gPO_sBM_cAll_d10_mPO0_ch01:0.596509;gPO_sBM_cAll_d11_mPO0_ch01:0.591431;gPO_sBM_cAll_d11_mPO0_ch02:0.589731;gPO_sBM_cAll_d10_mPO0_ch02:0.588788;gPO_sBM_cAll_d12_mPO3_ch02:0.557336;gPO_sBM_cAll_d12_mPO3_ch01:0.556034;gPO_sBM_cAll_d10_mPO3_ch02:0.555727;gPO_sBM_cAll_d10_mPO3_ch01:0.555487;gPO_sFM_cAll_d12_mPO1_ch16:0.552767;gPO_sBM_cAll_d11_mPO1_ch09:0.552117,Electronic---Electro:0.268724;Electronic---Experimental:0.212761;Electronic---Electroclash:0.204847;Electronic---Synth-pop:0.131241;Electronic---Ambient:0.123728,WA:v0:k1:r1,,JB1,0.655685,gPO_sBM_cAll_d10_mPO0_ch01,0.596509,93.750000
2.456000,2.471344200,,hermite,loading,,,,,0,1.0,0,gWA_sBM_cAll_d26_mWA0_ch05,,,2.008000,gPO_sBM_cAll_d10_mPO0_ch01;gPO_sBM_cAll_d11_mPO0_ch01;gPO_sBM_cAll_d11_mPO0_ch02;gPO_sBM_cAll_d10_mPO0_ch02;gPO_sBM_cAll_d12_mPO3_ch02,,,,,,0.218276027,,0.000000,,,,,,,,,,0.000000,beat-sync,0.550000,0.550000,,-0.072332817,0.083130841,right_wrist_yaw,0.632204132,left_wrist_yaw,0.083130841,right_wrist_yaw,0.819571228,left_wrist_yaw,0.107684,0.008499,0.953224,-0.296426,0.000000000,0.000000000,0.000000000,0.000000000,0.000000000,0.000000000,1.624000,0.000000000,0.000000000,,2.008650,1.519757,63.175480,,0.001517579,0,1,0,0,,,,,,,accepted,0.807500,,0.650000,0.055919107,68.542691,0.123728,PO,0.775059,0.008515,0.005078,JB1:0.655685;JB3:0.647170;JB5:0.632336;JB2:0.615431;JB4:0.610588,gPO_sBM_cAll_d10_mPO0_ch01:0.596509;gPO_sBM_cAll_d11_mPO0_ch01:0.591431;gPO_sBM_cAll_d11_mPO0_ch02:0.589731;gPO_sBM_cAll_d10_mPO0_ch02:0.588788;gPO_sBM_cAll_d12_mPO3_ch02:0.557336;gPO_sBM_cAll_d12_mPO3_ch01:0.556034;gPO_sBM_cAll_d10_mPO3_ch02:0.555727;gPO_sBM_cAll_d10_mPO3_ch01:0.555487;gPO_sFM_cAll_d12_mPO1_ch16:0.552767;gPO_sBM_cAll_d11_mPO1_ch09:0.552117,Electronic---Electro:0.268724;Electronic---Experimental:0.212761;Electronic---Electroclash:0.204847;Electronic---Synth-pop:0.131241;Electronic---Ambient:0.123728,WA:v0:k1:r1,,JB1,0.655685,gPO_sBM_cAll_d10_mPO0_ch01,0.596509,93.750000
2.520000,2.538099400,,hermite,loading,,,,,0,1.0,0,gWA_sBM_cAll_d26_mWA0_ch05,,,2.008000,gPO_sBM_cAll_d10_mPO0_ch01;gPO_sBM_cAll_d11_mPO0_ch01;gPO_sBM_cAll_d11_mPO0_ch02;gPO_sBM_cAll_d10_mPO0_ch02;gPO_sBM_cAll_d12_mPO3_ch02,,,,,,0.221333860,,0.000000,,,,,,,,,,0.000000,beat-sync,0.550000,0.700431,,-0.114858131,0.084284243,right_wrist_yaw,0.554264260,left_wrist_yaw,0.084284243,right_wrist_yaw,0.699849819,left_wrist_yaw,0.105417,0.001542,0.958623,-0.280764,0.000000000,0.000000000,0.000000000,0.000000000,0.000000000,0.000000000,2.456000,0.000000000,0.000000000,,2.074811,1.726450,39.429618,,0.001488464,0,1,0,0,,,,,,,accepted,0.807500,,0.650000,0.055919107,68.542691,0.123728,PO,0.775059,0.008515,0.005078,JB1:0.655685;JB3:0.647170;JB5:0.632336;JB2:0.615431;JB4:0.610588,gPO_sBM_cAll_d10_mPO0_ch01:0.596509;gPO_sBM_cAll_d11_mPO0_ch01:0.591431;gPO_sBM_cAll_d11_mPO0_ch02:0.589731;gPO_sBM_cAll_d10_mPO0_ch02:0.588788;gPO_sBM_cAll_d12_mPO3_ch02:0.557336;gPO_sBM_cAll_d12_mPO3_ch01:0.556034;gPO_sBM_cAll_d10_mPO3_ch02:0.555727;gPO_sBM_cAll_d10_mPO3_ch01:0.555487;gPO_sFM_cAll_d12_mPO1_ch16:0.552767;gPO_sBM_cAll_d11_mPO1_ch09:0.552117,Electronic---Electro:0.268724;Electronic---Experimental:0.212761;Electronic---Electroclash:0.204847;Electronic---Synth-pop:0.131241;Electronic---Ambient:0.123728,WA:v0:k1:r1,,JB1,0.655685,gPO_sBM_cAll_d10_mPO0_ch01,0.596509,93.750000
2.520000,2.554832500,beat_limiter_result,hermite,loading,,,,,0,1.0,0,gWA_sBM_cAll_d26_mWA0_ch05,,,2.008000,gPO_sBM_cAll_d10_mPO0_ch01;gPO_sBM_cAll_d11_mPO0_ch01;gPO_sBM_cAll_d11_mPO0_ch02;gPO_sBM_cAll_d10_mPO0_ch02;gPO_sBM_cAll_d12_mPO3_ch02,,,,,,0.222102150,,0.000000,,,,,,,,,,0.000000,beat-sync,0.550000,0.700431,,-0.114790527,0.086005981,right_wrist_yaw,0.449698489,left_wrist_yaw,0.086005981,right_wrist_yaw,0.594622186,left_wrist_yaw,0.105117,-0.000555,0.959704,-0.282441,0.000000000,0.000000000,0.000000000,0.000000000,0.000000000,0.000000000,2.456000,0.000000000,0.000000000,,2.515618,1.948933,34.824480,,0.001481360,0,1,0,0,,,,,,,accepted,0.807500,,0.650000,0.055919107,68.542691,0.123728,PO,0.775059,0.008515,0.005078,JB1:0.655685;JB3:0.647170;JB5:0.632336;JB2:0.615431;JB4:0.610588,gPO_sBM_cAll_d10_mPO0_ch01:0.596509;gPO_sBM_cAll_d11_mPO0_ch01:0.591431;gPO_sBM_cAll_d11_mPO0_ch02:0.589731;gPO_sBM_cAll_d10_mPO0_ch02:0.588788;gPO_sBM_cAll_d12_mPO3_ch02:0.557336;gPO_sBM_cAll_d12_mPO3_ch01:0.556034;gPO_sBM_cAll_d10_mPO3_ch02:0.555727;gPO_sBM_cAll_d10_mPO3_ch01:0.555487;gPO_sFM_cAll_d12_mPO1_ch16:0.552767;gPO_sBM_cAll_d11_mPO1_ch09:0.552117,Electronic---Electro:0.268724;Electronic---Experimental:0.212761;Electronic---Electroclash:0.204847;Electronic---Synth-pop:0.131241;Electronic---Ambient:0.123728,WA:v0:k1:r1,,JB1,0.655685,gPO_sBM_cAll_d10_mPO0_ch01,0.596509,93.750000
2.552000,2.563011300,,hermite,loading,,,,,0,1.0,0,gWA_sBM_cAll_d26_mWA0_ch05,,,2.008000,gPO_sBM_cAll_d10_mPO0_ch01;gPO_sBM_cAll_d11_mPO0_ch01;gPO_sBM_cAll_d11_mPO0_ch02;gPO_sBM_cAll_d10_mPO0_ch02;gPO_sBM_cAll_d12_mPO3_ch02,,,,,,0.222501927,,0.000000,,,,,,,,,,0.000000,beat-sync,0.550000,0.700431,,-0.114751123,0.087076140,right_wrist_yaw,0.361108880,left_wrist_yaw,0.087076140,right_wrist_yaw,0.433539449,left_wrist_yaw,0.104960,-0.001645,0.960266,-0.283315,0.000000000,0.000000000,0.000000000,0.000000000,0.000000000,0.000000000,2.456000,0.000000000,0.000000000,,2.949635,2.384157,55.697706,,0.001477833,0,1,0,0,,,,,,,accepted,0.807500,,0.650000,0.055919107,68.542691,0.123728,PO,0.775059,0.008515,0.005078,JB1:0.655685;JB3:0.647170;JB5:0.632336;JB2:0.615431;JB4:0.610588,gPO_sBM_cAll_d10_mPO0_ch01:0.596509;gPO_sBM_cAll_d11_mPO0_ch01:0.591431;gPO_sBM_cAll_d11_mPO0_ch02:0.589731;gPO_sBM_cAll_d10_mPO0_ch02:0.588788;gPO_sBM_cAll_d12_mPO3_ch02:0.557336;gPO_sBM_cAll_d12_mPO3_ch01:0.556034;gPO_sBM_cAll_d10_mPO3_ch02:0.555727;gPO_sBM_cAll_d10_mPO3_ch01:0.555487;gPO_sFM_cAll_d12_mPO1_ch16:0.552767;gPO_sBM_cAll_d11_mPO1_ch09:0.552117,Electronic---Electro:0.268724;Electronic---Experimental:0.212761;Electronic---Electroclash:0.204847;Electronic---Synth-pop:0.131241;Electronic---Ambient:0.123728,WA:v0:k1:r1,,JB1,0.655685,gPO_sBM_cAll_d10_mPO0_ch01,0.596509,93.750000
2.616000,2.629729300,,hermite,loading,,,,,0,1.0,0,gWA_sBM_cAll_d26_mWA0_ch05,,,2.008000,gPO_sBM_cAll_d10_mPO0_ch01;gPO_sBM_cAll_d11_mPO0_ch01;gPO_sBM_cAll_d11_mPO0_ch02;gPO_sBM_cAll_d10_mPO0_ch02;gPO_sBM_cAll_d12_mPO3_ch02,,,,,,0.225539295,,0.000000,,,,,,,,,,0.000000,beat-sync,0.550000,0.700431,,-0.114370807,0.086393168,right_wrist_yaw,0.241747046,left_wrist_yaw,0.086393168,right_wrist_yaw,0.426334564,left_wrist_yaw,0.101065,-0.009068,0.963930,-0.302636,0.000000000,0.000000000,0.000000000,0.000000000,0.000000000,0.000000000,2.456000,0.000000000,0.000000000,,5.606955,3.836286,27.223956,,0.001450209,0,1,0,0,,,,,,,accepted,0.807500,,0.650000,0.055919107,68.542691,0.123728,PO,0.775059,0.008515,0.005078,JB1:0.655685;JB3:0.647170;JB5:0.632336;JB2:0.615431;JB4:0.610588,gPO_sBM_cAll_d10_mPO0_ch01:0.596509;gPO_sBM_cAll_d11_mPO0_ch01:0.591431;gPO_sBM_cAll_d11_mPO0_ch02:0.589731;gPO_sBM_cAll_d10_mPO0_ch02:0.588788;gPO_sBM_cAll_d12_mPO3_ch02:0.557336;gPO_sBM_cAll_d12_mPO3_ch01:0.556034;gPO_sBM_cAll_d10_mPO3_ch02:0.555727;gPO_sBM_cAll_d10_mPO3_ch01:0.555487;gPO_sFM_cAll_d12_mPO1_ch16:0.552767;gPO_sBM_cAll_d11_mPO1_ch09:0.552117,Electronic---Electro:0.268724;Electronic---Experimental:0.212761;Electronic---Electroclash:0.204847;Electronic---Synth-pop:0.131241;Electronic---Ambient:0.123728,WA:v0:k1:r1,,JB1,0.655685,gPO_sBM_cAll_d10_mPO0_ch01,0.596509,93.750000
2.680000,2.710191700,,hermite,loading,,,,,0,1.0,0,gWA_sBM_cAll_d26_mWA0_ch05,,,2.008000,gPO_sBM_cAll_d10_mPO0_ch01;gPO_sBM_cAll_d11_mPO0_ch01;gPO_sBM_cAll_d11_mPO0_ch02;gPO_sBM_cAll_d10_mPO0_ch02;gPO_sBM_cAll_d12_mPO3_ch02,,,,,,0.229111579,,0.000000,,,,,,,,,,0.000000,beat-sync,0.550000,0.700431,,-0.113772848,0.047820440,right_wrist_yaw,0.936762787,right_wrist_yaw,0.047820440,right_wrist_yaw,0.502620937,right_wrist_yaw,0.095176,-0.016347,0.962602,-0.344344,0.000000000,0.000000000,0.000000000,0.000000000,0.000000000,0.000000000,2.456000,0.000000000,0.000000000,,2.894143,2.217564,109.973452,,0.001426873,0,1,0,0,,,,,,,accepted,0.807500,,0.650000,0.055919107,68.542691,0.123728,PO,0.775059,0.008515,0.005078,JB1:0.655685;JB3:0.647170;JB5:0.632336;JB2:0.615431;JB4:0.610588,gPO_sBM_cAll_d10_mPO0_ch01:0.596509;gPO_sBM_cAll_d11_mPO0_ch01:0.591431;gPO_sBM_cAll_d11_mPO0_ch02:0.589731;gPO_sBM_cAll_d10_mPO0_ch02:0.588788;gPO_sBM_cAll_d12_mPO3_ch02:0.557336;gPO_sBM_cAll_d12_mPO3_ch01:0.556034;gPO_sBM_cAll_d10_mPO3_ch02:0.555727;gPO_sBM_cAll_d10_mPO3_ch01:0.555487;gPO_sFM_cAll_d12_mPO1_ch16:0.552767;gPO_sBM_cAll_d11_mPO1_ch09:0.552117,Electronic---Electro:0.268724;Electronic---Experimental:0.212761;Electronic---Electroclash:0.204847;Electronic---Synth-pop:0.131241;Electronic---Ambient:0.123728,WA:v0:k1:r1,,JB1,0.655685,gPO_sBM_cAll_d10_mPO0_ch01,0.596509,93.750000
2.712000,2.724208500,,hermite,loading,,,,,0,1.0,0,gWA_sBM_cAll_d26_mWA0_ch05,,,2.008000,gPO_sBM_cAll_d10_mPO0_ch01;gPO_sBM_cAll_d11_mPO0_ch01;gPO_sBM_cAll_d11_mPO0_ch02;gPO_sBM_cAll_d10_mPO0_ch02;gPO_sBM_cAll_d12_mPO3_ch02,,,,,,0.229856599,,0.000000,,,,,,,,,,0.000000,beat-sync,0.550000,0.700431,,-0.113632136,0.041085076,right_wrist_yaw,0.808243585,right_wrist_yaw,0.041085076,right_wrist_yaw,0.575716355,right_wrist_yaw,0.094305,-0.017428,0.961649,-0.350810,0.000000000,0.000000000,0.000000000,0.000000000,0.000000000,0.000000000,2.456000,0.000000000,0.000000000,,2.972935,2.623174,43.939092,,0.001423600,0,1,0,0,,,,,,,accepted,0.807500,,0.650000,0.055919107,68.542691,0.123728,PO,0.775059,0.008515,0.005078,JB1:0.655685;JB3:0.647170;JB5:0.632336;JB2:0.615431;JB4:0.610588,gPO_sBM_cAll_d10_mPO0_ch01:0.596509;gPO_sBM_cAll_d11_mPO0_ch01:0.591431;gPO_sBM_cAll_d11_mPO0_ch02:0.589731;gPO_sBM_cAll_d10_mPO0_ch02:0.588788;gPO_sBM_cAll_d12_mPO3_ch02:0.557336;gPO_sBM_cAll_d12_mPO3_ch01:0.556034;gPO_sBM_cAll_d10_mPO3_ch02:0.555727;gPO_sBM_cAll_d10_mPO3_ch01:0.555487;gPO_sFM_cAll_d12_mPO1_ch16:0.552767;gPO_sBM_cAll_d11_mPO1_ch09:0.552117,Electronic---Electro:0.268724;Electronic---Experimental:0.212761;Electronic---Electroclash:0.204847;Electronic---Synth-pop:0.131241;Electronic---Ambient:0.123728,WA:v0:k1:r1,,JB1,0.655685,gPO_sBM_cAll_d10_mPO0_ch01,0.596509,93.750000
2.776000,2.803747400,,hermite,loading,,,,,0,1.0,0,gWA_sBM_cAll_d26_mWA0_ch05,,,2.008000,gPO_sBM_cAll_d10_mPO0_ch01;gPO_sBM_cAll_d11_mPO0_ch01;gPO_sBM_cAll_d11_mPO0_ch02;gPO_sBM_cAll_d10_mPO0_ch02;gPO_sBM_cAll_d12_mPO3_ch02,,,,,,0.233437741,,0.000000,,,,,,,,,,0.000000,beat-sync,0.550000,0.700431,,-0.112901295,0.038667515,left_wrist_yaw,0.732783828,right_wrist_yaw,0.038667515,left_wrist_yaw,0.515393086,right_wrist_yaw,0.094355,-0.021661,0.958956,-0.384822,0.000000000,0.000000000,0.000000000,0.000000000,0.000000000,0.000000000,2.456000,0.000000000,0.000000000,,1.980860,1.517452,34.430673,,0.001401105,0,1,0,0,,,,,,,accepted,0.807500,,0.650000,0.055919107,68.542691,0.123728,PO,0.775059,0.008515,0.005078,JB1:0.655685;JB3:0.647170;JB5:0.632336;JB2:0.615431;JB4:0.610588,gPO_sBM_cAll_d10_mPO0_ch01:0.596509;gPO_sBM_cAll_d11_mPO0_ch01:0.591431;gPO_sBM_cAll_d11_mPO0_ch02:0.589731;gPO_sBM_cAll_d10_mPO0_ch02:0.588788;gPO_sBM_cAll_d12_mPO3_ch02:0.557336;gPO_sBM_cAll_d12_mPO3_ch01:0.556034;gPO_sBM_cAll_d10_mPO3_ch02:0.555727;gPO_sBM_cAll_d10_mPO3_ch01:0.555487;gPO_sFM_cAll_d12_mPO1_ch16:0.552767;gPO_sBM_cAll_d11_mPO1_ch09:0.552117,Electronic---Electro:0.268724;Electronic---Experimental:0.212761;Electronic---Electroclash:0.204847;Electronic---Synth-pop:0.131241;Electronic---Ambient:0.123728,WA:v0:k1:r1,,JB1,0.655685,gPO_sBM_cAll_d10_mPO0_ch01,0.596509,93.750000
2.808000,2.834156200,,hermite,loading,,,,,0,1.0,0,gWA_sBM_cAll_d26_mWA0_ch05,,,2.008000,gPO_sBM_cAll_d10_mPO0_ch01;gPO_sBM_cAll_d11_mPO0_ch01;gPO_sBM_cAll_d11_mPO0_ch02;gPO_sBM_cAll_d10_mPO0_ch02;gPO_sBM_cAll_d12_mPO3_ch02,,,,,,0.234951666,,0.000000,,,,,,,,,,0.000000,beat-sync,0.550000,1.190476,,-0.145473820,0.050212183,right_wrist_yaw,0.422744187,left_wrist_pitch,0.050212183,right_wrist_yaw,0.702298199,left_wrist_pitch,0.095912,-0.023279,0.957276,-0.399482,0.000000000,0.000000000,0.000000000,0.000000000,0.000000000,0.000000000,2.776000,0.000000000,0.000000000,,2.024932,1.543242,54.560675,,0.001388567,0,1,0,0,,,,,,,accepted,0.807500,,0.650000,0.055919107,68.542691,0.123728,PO,0.775059,0.008515,0.005078,JB1:0.655685;JB3:0.647170;JB5:0.632336;JB2:0.615431;JB4:0.610588,gPO_sBM_cAll_d10_mPO0_ch01:0.596509;gPO_sBM_cAll_d11_mPO0_ch01:0.591431;gPO_sBM_cAll_d11_mPO0_ch02:0.589731;gPO_sBM_cAll_d10_mPO0_ch02:0.588788;gPO_sBM_cAll_d12_mPO3_ch02:0.557336;gPO_sBM_cAll_d12_mPO3_ch01:0.556034;gPO_sBM_cAll_d10_mPO3_ch02:0.555727;gPO_sBM_cAll_d10_mPO3_ch01:0.555487;gPO_sFM_cAll_d12_mPO1_ch16:0.552767;gPO_sBM_cAll_d11_mPO1_ch09:0.552117,Electronic---Electro:0.268724;Electronic---Experimental:0.212761;Electronic---Electroclash:0.204847;Electronic---Synth-pop:0.131241;Electronic---Ambient:0.123728,WA:v0:k1:r1,,JB1,0.655685,gPO_sBM_cAll_d10_mPO0_ch01,0.596509,93.750000
2.872000,2.896443000,,hermite,loading,,,,,0,1.0,0,gWA_sBM_cAll_d26_mWA0_ch05,,,2.008000,gPO_sBM_cAll_d10_mPO0_ch01;gPO_sBM_cAll_d11_mPO0_ch01;gPO_sBM_cAll_d11_mPO0_ch02;gPO_sBM_cAll_d10_mPO0_ch02;gPO_sBM_cAll_d12_mPO3_ch02,,,,,,0.237808305,,0.000000,,,,,,,,,,0.000000,beat-sync,0.550000,1.190476,,-0.144268535,0.094231413,right_wrist_yaw,0.665446120,right_wrist_yaw,0.094231413,right_wrist_yaw,1.007299340,right_wrist_yaw,0.101124,-0.024597,0.952933,-0.416376,0.000000000,0.000000000,0.000000000,0.000000000,0.000000000,0.000000000,2.776000,0.000000000,0.000000000,,3.138505,2.527886,55.865223,,0.001373207,0,1,0,0,,,,,,,accepted,0.807500,,0.650000,0.055919107,68.542691,0.123728,PO,0.775059,0.008515,0.005078,JB1:0.655685;JB3:0.647170;JB5:0.632336;JB2:0.615431;JB4:0.610588,gPO_sBM_cAll_d10_mPO0_ch01:0.596509;gPO_sBM_cAll_d11_mPO0_ch01:0.591431;gPO_sBM_cAll_d11_mPO0_ch02:0.589731;gPO_sBM_cAll_d10_mPO0_ch02:0.588788;gPO_sBM_cAll_d12_mPO3_ch02:0.557336;gPO_sBM_cAll_d12_mPO3_ch01:0.556034;gPO_sBM_cAll_d10_mPO3_ch02:0.555727;gPO_sBM_cAll_d10_mPO3_ch01:0.555487;gPO_sFM_cAll_d12_mPO1_ch16:0.552767;gPO_sBM_cAll_d11_mPO1_ch09:0.552117,Electronic---Electro:0.268724;Electronic---Experimental:0.212761;Electronic---Electroclash:0.204847;Electronic---Synth-pop:0.131241;Electronic---Ambient:0.123728,WA:v0:k1:r1,,JB1,0.655685,gPO_sBM_cAll_d10_mPO0_ch01,0.596509,93.750000
2.872000,2.913827000,beat_limiter_result,hermite,loading,,,,,0,1.0,0,gWA_sBM_cAll_d26_mWA0_ch05,,,2.008000,gPO_sBM_cAll_d10_mPO0_ch01;gPO_sBM_cAll_d11_mPO0_ch01;gPO_sBM_cAll_d11_mPO0_ch02;gPO_sBM_cAll_d10_mPO0_ch02;gPO_sBM_cAll_d12_mPO3_ch02,,,,,,0.238585402,,0.000000,,,,,,,,,,0.000000,beat-sync,0.550000,1.190476,,-0.143851679,0.107914626,right_wrist_yaw,0.832144959,right_wrist_yaw,0.107914626,right_wrist_yaw,0.920322941,right_wrist_yaw,0.103003,-0.024404,0.951787,-0.414790,0.000000000,0.000000000,0.000000000,0.000000000,0.000000000,0.000000000,2.776000,0.000000000,0.000000000,,3.678610,3.121392,48.123812,,0.001367158,0,1,0,0,,,,,,,accepted,0.807500,,0.650000,0.055919107,68.542691,0.123728,PO,0.775059,0.008515,0.005078,JB1:0.655685;JB3:0.647170;JB5:0.632336;JB2:0.615431;JB4:0.610588,gPO_sBM_cAll_d10_mPO0_ch01:0.596509;gPO_sBM_cAll_d11_mPO0_ch01:0.591431;gPO_sBM_cAll_d11_mPO0_ch02:0.589731;gPO_sBM_cAll_d10_mPO0_ch02:0.588788;gPO_sBM_cAll_d12_mPO3_ch02:0.557336;gPO_sBM_cAll_d12_mPO3_ch01:0.556034;gPO_sBM_cAll_d10_mPO3_ch02:0.555727;gPO_sBM_cAll_d10_mPO3_ch01:0.555487;gPO_sFM_cAll_d12_mPO1_ch16:0.552767;gPO_sBM_cAll_d11_mPO1_ch09:0.552117,Electronic---Electro:0.268724;Electronic---Experimental:0.212761;Electronic---Electroclash:0.204847;Electronic---Synth-pop:0.131241;Electronic---Ambient:0.123728,WA:v0:k1:r1,,JB1,0.655685,gPO_sBM_cAll_d10_mPO0_ch01,0.596509,93.750000
2.904000,2.920929200,,hermite,loading,,,,,0,1.0,0,gWA_sBM_cAll_d26_mWA0_ch05,,,2.008000,gPO_sBM_cAll_d10_mPO0_ch01;gPO_sBM_cAll_d11_mPO0_ch01;gPO_sBM_cAll_d11_mPO0_ch02;gPO_sBM_cAll_d10_mPO0_ch02;gPO_sBM_cAll_d12_mPO3_ch02,,,,,,0.238948030,,0.000000,,,,,,,,,,0.000000,beat-sync,0.550000,1.190476,,-0.143644926,0.114189637,right_wrist_yaw,0.753001280,right_wrist_yaw,0.114189637,right_wrist_yaw,1.152668248,right_wrist_yaw,0.103883,-0.024309,0.951253,-0.413988,0.000000000,0.000000000,0.000000000,0.000000000,0.000000000,0.000000000,2.776000,0.000000000,0.000000000,,4.760113,3.654071,76.827031,,0.001364153,0,1,0,0,,,,,,,accepted,0.807500,,0.650000,0.055919107,68.542691,0.123728,PO,0.775059,0.008515,0.005078,JB1:0.655685;JB3:0.647170;JB5:0.632336;JB2:0.615431;JB4:0.610588,gPO_sBM_cAll_d10_mPO0_ch01:0.596509;gPO_sBM_cAll_d11_mPO0_ch01:0.591431;gPO_sBM_cAll_d11_mPO0_ch02:0.589731;gPO_sBM_cAll_d10_mPO0_ch02:0.588788;gPO_sBM_cAll_d12_mPO3_ch02:0.557336;gPO_sBM_cAll_d12_mPO3_ch01:0.556034;gPO_sBM_cAll_d10_mPO3_ch02:0.555727;gPO_sBM_cAll_d10_mPO3_ch01:0.555487;gPO_sFM_cAll_d12_mPO1_ch16:0.552767;gPO_sBM_cAll_d11_mPO1_ch09:0.552117,Electronic---Electro:0.268724;Electronic---Experimental:0.212761;Electronic---Electroclash:0.204847;Electronic---Synth-pop:0.131241;Electronic---Ambient:0.123728,WA:v0:k1:r1,,JB1,0.655685,gPO_sBM_cAll_d10_mPO0_ch01,0.596509,93.750000
2.968000,2.988275300,,hermite,loading,,,,,0,1.0,0,gWA_sBM_cAll_d26_mWA0_ch05,,,2.008000,gPO_sBM_cAll_d10_mPO0_ch01;gPO_sBM_cAll_d11_mPO0_ch01;gPO_sBM_cAll_d11_mPO0_ch02;gPO_sBM_cAll_d10_mPO0_ch02;gPO_sBM_cAll_d12_mPO3_ch02,,,,,,0.242024621,,0.000000,,,,,,,,,,0.000000,beat-sync,0.550000,1.190476,,-0.141609097,0.158194890,right_wrist_yaw,0.420541378,right_wrist_yaw,0.158194890,right_wrist_yaw,0.590213633,right_wrist_yaw,0.110109,-0.021683,0.946351,-0.412459,0.000000000,0.000000000,0.000000000,0.000000000,0.000000000,0.000000000,2.776000,0.000000000,0.000000000,,3.630972,2.938680,51.734628,,0.001340582,0,1,0,0,,,,,,,accepted,0.807500,,0.650000,0.055919107,68.542691,0.123728,PO,0.775059,0.008515,0.005078,JB1:0.655685;JB3:0.647170;JB5:0.632336;JB2:0.615431;JB4:0.610588,gPO_sBM_cAll_d10_mPO0_ch01:0.596509;gPO_sBM_cAll_d11_mPO0_ch01:0.591431;gPO_sBM_cAll_d11_mPO0_ch02:0.589731;gPO_sBM_cAll_d10_mPO0_ch02:0.588788;gPO_sBM_cAll_d12_mPO3_ch02:0.557336;gPO_sBM_cAll_d12_mPO3_ch01:0.556034;gPO_sBM_cAll_d10_mPO3_ch02:0.555727;gPO_sBM_cAll_d10_mPO3_ch01:0.555487;gPO_sFM_cAll_d12_mPO1_ch16:0.552767;gPO_sBM_cAll_d11_mPO1_ch09:0.552117,Electronic---Electro:0.268724;Electronic---Experimental:0.212761;Electronic---Electroclash:0.204847;Electronic---Synth-pop:0.131241;Electronic---Ambient:0.123728,WA:v0:k1:r1,,JB1,0.655685,gPO_sBM_cAll_d10_mPO0_ch01,0.596509,93.750000
3.000000,3.022392800,,hermite,loading,,,,,0,1.0,0,gWA_sBM_cAll_d26_mWA0_ch05,,,2.008000,gPO_sBM_cAll_d10_mPO0_ch01;gPO_sBM_cAll_d11_mPO0_ch01;gPO_sBM_cAll_d11_mPO0_ch02;gPO_sBM_cAll_d10_mPO0_ch02;gPO_sBM_cAll_d12_mPO3_ch02,,,,,,0.243595316,,0.000000,,,,,,,,,,0.000000,beat-sync,0.550000,1.190476,,-0.140400092,0.174959327,right_wrist_yaw,1.081920589,right_wrist_yaw,0.174959327,right_wrist_yaw,0.758910196,right_wrist_yaw,0.111830,-0.020053,0.945369,-0.415254,0.000000000,0.000000000,0.000000000,0.000000000,0.000000000,0.000000000,2.776000,0.000000000,0.000000000,,3.999651,3.591312,129.335679,,0.001331952,0,1,0,0,,,,,,,accepted,0.807500,,0.650000,0.055919107,68.542691,0.123728,PO,0.775059,0.008515,0.005078,JB1:0.655685;JB3:0.647170;JB5:0.632336;JB2:0.615431;JB4:0.610588,gPO_sBM_cAll_d10_mPO0_ch01:0.596509;gPO_sBM_cAll_d11_mPO0_ch01:0.591431;gPO_sBM_cAll_d11_mPO0_ch02:0.589731;gPO_sBM_cAll_d10_mPO0_ch02:0.588788;gPO_sBM_cAll_d12_mPO3_ch02:0.557336;gPO_sBM_cAll_d12_mPO3_ch01:0.556034;gPO_sBM_cAll_d10_mPO3_ch02:0.555727;gPO_sBM_cAll_d10_mPO3_ch01:0.555487;gPO_sFM_cAll_d12_mPO1_ch16:0.552767;gPO_sBM_cAll_d11_mPO1_ch09:0.552117,Electronic---Electro:0.268724;Electronic---Experimental:0.212761;Electronic---Electroclash:0.204847;Electronic---Synth-pop:0.131241;Electronic---Ambient:0.123728,WA:v0:k1:r1,,JB1,0.655685,gPO_sBM_cAll_d10_mPO0_ch01,0.596509,93.750000
3.064000,3.084394400,,hermite,loading,,,,,0,1.0,0,gWA_sBM_cAll_d26_mWA0_ch05,,,2.008000,gPO_sBM_cAll_d10_mPO0_ch01;gPO_sBM_cAll_d11_mPO0_ch01;gPO_sBM_cAll_d11_mPO0_ch02;gPO_sBM_cAll_d10_mPO0_ch02;gPO_sBM_cAll_d12_mPO3_ch02,,,,,,0.246246138,,0.000000,,,,,,,,,,0.000000,beat-sync,0.550000,1.190476,,-0.138173275,0.212917196,right_wrist_yaw,0.561892305,right_wrist_yaw,0.212917196,right_wrist_yaw,0.789604876,right_wrist_yaw,0.114897,-0.016996,0.943418,-0.431397,0.000000000,0.000000000,0.000000000,0.000000000,0.000000000,0.000000000,2.776000,0.000000000,0.000000000,,1.667101,1.355854,49.685695,,0.001312240,0,1,0,0,,,,,,,accepted,0.807500,,0.650000,0.055919107,68.542691,0.123728,PO,0.775059,0.008515,0.005078,JB1:0.655685;JB3:0.647170;JB5:0.632336;JB2:0.615431;JB4:0.610588,gPO_sBM_cAll_d10_mPO0_ch01:0.596509;gPO_sBM_cAll_d11_mPO0_ch01:0.591431;gPO_sBM_cAll_d11_mPO0_ch02:0.589731;gPO_sBM_cAll_d10_mPO0_ch02:0.588788;gPO_sBM_cAll_d12_mPO3_ch02:0.557336;gPO_sBM_cAll_d12_mPO3_ch01:0.556034;gPO_sBM_cAll_d10_mPO3_ch02:0.555727;gPO_sBM_cAll_d10_mPO3_ch01:0.555487;gPO_sFM_cAll_d12_mPO1_ch16:0.552767;gPO_sBM_cAll_d11_mPO1_ch09:0.552117,Electronic---Electro:0.268724;Electronic---Experimental:0.212761;Electronic---Electroclash:0.204847;Electronic---Synth-pop:0.131241;Electronic---Ambient:0.123728,WA:v0:k1:r1,,JB1,0.655685,gPO_sBM_cAll_d10_mPO0_ch01,0.596509,93.750000
3.128000,3.138386000,,hermite,loading,,,,,0,1.0,0,gWA_sBM_cAll_d26_mWA0_ch05,,,2.008000,gPO_sBM_cAll_d10_mPO0_ch01;gPO_sBM_cAll_d11_mPO0_ch01;gPO_sBM_cAll_d11_mPO0_ch02;gPO_sBM_cAll_d10_mPO0_ch02;gPO_sBM_cAll_d12_mPO3_ch02,,,,,,0.248927533,,0.000000,,,,,,,,,,0.000000,beat-sync,0.550000,1.190476,,-0.135719791,0.245223506,right_wrist_yaw,1.109027135,left_wrist_yaw,0.245223506,right_wrist_yaw,1.402837401,left_wrist_yaw,0.120597,-0.011391,0.941702,-0.450976,0.000000000,0.000000000,0.000000000,0.000000000,0.000000000,0.000000000,2.776000,0.000000000,0.000000000,,1.811821,1.493603,15.075918,,0.001293103,0,1,0,0,,,,,,,accepted,0.807500,,0.650000,0.055919107,68.542691,0.123728,PO,0.775059,0.008515,0.005078,JB1:0.655685;JB3:0.647170;JB5:0.632336;JB2:0.615431;JB4:0.610588,gPO_sBM_cAll_d10_mPO0_ch01:0.596509;gPO_sBM_cAll_d11_mPO0_ch01:0.591431;gPO_sBM_cAll_d11_mPO0_ch02:0.589731;gPO_sBM_cAll_d10_mPO0_ch02:0.588788;gPO_sBM_cAll_d12_mPO3_ch02:0.557336;gPO_sBM_cAll_d12_mPO3_ch01:0.556034;gPO_sBM_cAll_d10_mPO3_ch02:0.555727;gPO_sBM_cAll_d10_mPO3_ch01:0.555487;gPO_sFM_cAll_d12_mPO1_ch16:0.552767;gPO_sBM_cAll_d11_mPO1_ch09:0.552117,Electronic---Electro:0.268724;Electronic---Experimental:0.212761;Electronic---Electroclash:0.204847;Electronic---Synth-pop:0.131241;Electronic---Ambient:0.123728,WA:v0:k1:r1,,JB1,0.655685,gPO_sBM_cAll_d10_mPO0_ch01,0.596509,93.750000
3.160000,3.176796800,match,hermite,loading,,,,,0,1.0,0,gWA_sBM_cAll_d26_mWA0_ch05,,,3.032000,gPO_sBM_cAll_d10_mPO0_ch01;gPO_sBM_cAll_d11_mPO0_ch01;gPO_sBM_cAll_d11_mPO0_ch02;gPO_sBM_cAll_d10_mPO0_ch02;gPO_sBM_cAll_d12_mPO3_ch02,,,,,,0.250662796,,0.000000,,,,,,,,,,0.000000,beat-sync,0.550000,1.190476,,-0.134042480,0.249714319,right_wrist_yaw,2.990805251,left_wrist_yaw,0.249714319,right_wrist_yaw,2.128693073,left_wrist_yaw,0.127203,-0.007766,0.941342,-0.471703,0.000000000,0.000000000,0.000000000,0.000000000,0.000000000,0.000000000,2.776000,0.000000000,0.000000000,,2.298343,2.048000,84.670624,,0.001285072,0,1,0,0,,,,,,,accepted,0.794786,,0.872824,0.072274030,65.818651,0.117227,PO,0.719666,0.011679,0.005012,JB3:0.700450;JB1:0.688771;JB5:0.679263;JB2:0.622239;JB4:0.619046,gPO_sBM_cAll_d10_mPO0_ch01:0.580848;gPO_sBM_cAll_d11_mPO0_ch01:0.575835;gPO_sBM_cAll_d11_mPO0_ch02:0.574067;gPO_sBM_cAll_d10_mPO0_ch02:0.573115;gPO_sFM_cAll_d12_mPO1_ch16:0.549873;gPO_sBM_cAll_d11_mPO1_ch09:0.549625;gPO_sBM_cAll_d11_mPO1_ch02:0.548224;gPO_sBM_cAll_d11_mPO1_ch07:0.546524;gPO_sBM_cAll_d10_mPO2_ch02:0.546390;gPO_sBM_cAll_d12_mPO3_ch02:0.546120,Electronic---Electro:0.274608;Electronic---Electroclash:0.213463;Electronic---Synthwave:0.175361;Electronic---Experimental:0.150598;Electronic---Synth-pop:0.146667,WA:v0:k1:r1,,JB3,0.700450,gPO_sBM_cAll_d10_mPO0_ch01,0.580848,96.153846
3.224000,3.234544600,,hermite,loading,,,,,0,1.0,0,gWA_sBM_cAll_d26_mWA0_ch05,,,3.032000,gPO_sBM_cAll_d10_mPO0_ch01;gPO_sBM_cAll_d11_mPO0_ch01;gPO_sBM_cAll_d11_mPO0_ch02;gPO_sBM_cAll_d10_mPO0_ch02;gPO_sBM_cAll_d12_mPO3_ch02,,,,,,0.253342726,,0.000000,,,,,,,,,,0.000000,beat-sync,0.550000,1.190476,,-0.131354949,0.233255562,right_wrist_yaw,1.310440730,left_wrist_yaw,0.233255562,right_wrist_yaw,1.407804488,left_wrist_yaw,0.136019,-0.003084,0.940966,-0.508229,0.000000000,0.000000000,0.000000000,0.000000000,0.000000000,0.000000000,2.776000,0.000000000,0.000000000,,1.536014,1.314497,29.131701,,0.001266714,0,1,0,0,,,,,,,accepted,0.794786,,0.872824,0.072274030,65.818651,0.117227,PO,0.719666,0.011679,0.005012,JB3:0.700450;JB1:0.688771;JB5:0.679263;JB2:0.622239;JB4:0.619046,gPO_sBM_cAll_d10_mPO0_ch01:0.580848;gPO_sBM_cAll_d11_mPO0_ch01:0.575835;gPO_sBM_cAll_d11_mPO0_ch02:0.574067;gPO_sBM_cAll_d10_mPO0_ch02:0.573115;gPO_sFM_cAll_d12_mPO1_ch16:0.549873;gPO_sBM_cAll_d11_mPO1_ch09:0.549625;gPO_sBM_cAll_d11_mPO1_ch02:0.548224;gPO_sBM_cAll_d11_mPO1_ch07:0.546524;gPO_sBM_cAll_d10_mPO2_ch02:0.546390;gPO_sBM_cAll_d12_mPO3_ch02:0.546120,Electronic---Electro:0.274608;Electronic---Electroclash:0.213463;Electronic---Synthwave:0.175361;Electronic---Experimental:0.150598;Electronic---Synth-pop:0.146667,WA:v0:k1:r1,,JB3,0.700450,gPO_sBM_cAll_d10_mPO0_ch01,0.580848,96.153846
3.256000,3.267584700,,hermite,loading,,,,,0,1.0,0,gWA_sBM_cAll_d26_mWA0_ch05,,,3.032000,gPO_sBM_cAll_d10_mPO0_ch01;gPO_sBM_cAll_d11_mPO0_ch01;gPO_sBM_cAll_d11_mPO0_ch02;gPO_sBM_cAll_d10_mPO0_ch02;gPO_sBM_cAll_d12_mPO3_ch02,,,,,,0.254854535,,0.000000,,,,,,,,,,0.000000,beat-sync,0.550000,1.190476,,-0.129793213,0.219694616,right_wrist_yaw,1.058744772,left_wrist_yaw,0.219694616,right_wrist_yaw,2.619617907,left_wrist_yaw,0.138496,-0.000482,0.941018,-0.521619,0.000000000,0.000000000,0.000000000,0.000000000,0.000000000,0.000000000,2.776000,0.000000000,0.000000000,,2.623533,1.762735,265.369438,,0.001256457,0,1,0,0,,,,,,,accepted,0.794786,,0.872824,0.072274030,65.818651,0.117227,PO,0.719666,0.011679,0.005012,JB3:0.700450;JB1:0.688771;JB5:0.679263;JB2:0.622239;JB4:0.619046,gPO_sBM_cAll_d10_mPO0_ch01:0.580848;gPO_sBM_cAll_d11_mPO0_ch01:0.575835;gPO_sBM_cAll_d11_mPO0_ch02:0.574067;gPO_sBM_cAll_d10_mPO0_ch02:0.573115;gPO_sFM_cAll_d12_mPO1_ch16:0.549873;gPO_sBM_cAll_d11_mPO1_ch09:0.549625;gPO_sBM_cAll_d11_mPO1_ch02:0.548224;gPO_sBM_cAll_d11_mPO1_ch07:0.546524;gPO_sBM_cAll_d10_mPO2_ch02:0.546390;gPO_sBM_cAll_d12_mPO3_ch02:0.546120,Electronic---Electro:0.274608;Electronic---Electroclash:0.213463;Electronic---Synthwave:0.175361;Electronic---Experimental:0.150598;Electronic---Synth-pop:0.146667,WA:v0:k1:r1,,JB3,0.700450,gPO_sBM_cAll_d10_mPO0_ch01,0.580848,96.153846
3.320000,3.333799700,,hermite,loading,,,,,0,1.0,0,gWA_sBM_cAll_d26_mWA0_ch05,,,3.032000,gPO_sBM_cAll_d10_mPO0_ch01;gPO_sBM_cAll_d11_mPO0_ch01;gPO_sBM_cAll_d11_mPO0_ch02;gPO_sBM_cAll_d10_mPO0_ch02;gPO_sBM_cAll_d12_mPO3_ch02,,,,,,0.257902110,,0.000000,,,,,,,,,,0.000000,beat-sync,0.550000,1.190476,,-0.126565658,0.264634637,left_wrist_yaw,0.625992876,left_wrist_yaw,0.264634637,left_wrist_yaw,0.959270204,left_wrist_yaw,0.152156,-0.001560,0.942452,-0.555589,0.000000000,0.000000000,0.000000000,0.000000000,0.000000000,0.000000000,2.776000,0.000000000,0.000000000,,1.484171,1.156148,26.090189,,0.001236434,0,1,0,0,,,,,,,accepted,0.794786,,0.872824,0.072274030,65.818651,0.117227,PO,0.719666,0.011679,0.005012,JB3:0.700450;JB1:0.688771;JB5:0.679263;JB2:0.622239;JB4:0.619046,gPO_sBM_cAll_d10_mPO0_ch01:0.580848;gPO_sBM_cAll_d11_mPO0_ch01:0.575835;gPO_sBM_cAll_d11_mPO0_ch02:0.574067;gPO_sBM_cAll_d10_mPO0_ch02:0.573115;gPO_sFM_cAll_d12_mPO1_ch16:0.549873;gPO_sBM_cAll_d11_mPO1_ch09:0.549625;gPO_sBM_cAll_d11_mPO1_ch02:0.548224;gPO_sBM_cAll_d11_mPO1_ch07:0.546524;gPO_sBM_cAll_d10_mPO2_ch02:0.546390;gPO_sBM_cAll_d12_mPO3_ch02:0.546120,Electronic---Electro:0.274608;Electronic---Electroclash:0.213463;Electronic---Synthwave:0.175361;Electronic---Experimental:0.150598;Electronic---Synth-pop:0.146667,WA:v0:k1:r1,,JB3,0.700450,gPO_sBM_cAll_d10_mPO0_ch01,0.580848,96.153846
3.352000,3.367443400,,hermite,loading,,,,,0,1.0,0,gWA_sBM_cAll_d26_mWA0_ch05,,,3.032000,gPO_sBM_cAll_d10_mPO0_ch01;gPO_sBM_cAll_d11_mPO0_ch01;gPO_sBM_cAll_d11_mPO0_ch02;gPO_sBM_cAll_d10_mPO0_ch02;gPO_sBM_cAll_d12_mPO3_ch02,,,,,,0.259420041,,0.000000,,,,,,,,,,0.000000,beat-sync,0.550000,1.190476,,-0.124925904,0.282563745,left_wrist_yaw,0.534071004,right_wrist_yaw,0.282563745,left_wrist_yaw,1.382815504,right_wrist_yaw,0.155697,-0.002403,0.944497,-0.576649,0.000000000,0.000000000,0.000000000,0.000000000,0.000000000,0.000000000,2.776000,0.000000000,0.000000000,,2.577107,1.566699,121.216088,,0.001226659,0,1,0,1,gPO_sBM_cAll_d10_mPO0_ch01,,80.186700,1079.023400,105.830500,1284.424100,accepted,0.794786,,0.872824,0.072274030,65.818651,0.117227,PO,0.719666,0.011679,0.005012,JB3:0.700450;JB1:0.688771;JB5:0.679263;JB2:0.622239;JB4:0.619046,gPO_sBM_cAll_d10_mPO0_ch01:0.580848;gPO_sBM_cAll_d11_mPO0_ch01:0.575835;gPO_sBM_cAll_d11_mPO0_ch02:0.574067;gPO_sBM_cAll_d10_mPO0_ch02:0.573115;gPO_sFM_cAll_d12_mPO1_ch16:0.549873;gPO_sBM_cAll_d11_mPO1_ch09:0.549625;gPO_sBM_cAll_d11_mPO1_ch02:0.548224;gPO_sBM_cAll_d11_mPO1_ch07:0.546524;gPO_sBM_cAll_d10_mPO2_ch02:0.546390;gPO_sBM_cAll_d12_mPO3_ch02:0.546120,Electronic---Electro:0.274608;Electronic---Electroclash:0.213463;Electronic---Synthwave:0.175361;Electronic---Experimental:0.150598;Electronic---Synth-pop:0.146667,WA:v0:k1:r1,,JB3,0.700450,gPO_sBM_cAll_d10_mPO0_ch01,0.580848,96.153846
3.416000,3.426189100,,hermite,loading,,,,,0,1.0,0,gWA_sBM_cAll_d26_mWA0_ch05,,,3.032000,gPO_sBM_cAll_d10_mPO0_ch01;gPO_sBM_cAll_d11_mPO0_ch01;gPO_sBM_cAll_d11_mPO0_ch02;gPO_sBM_cAll_d10_mPO0_ch02;gPO_sBM_cAll_d12_mPO3_ch02,,,,,,0.262117119,,0.000000,,,,,,,,,,0.000000,beat-sync,0.550000,1.190476,,-0.121970727,0.296974176,left_wrist_yaw,0.131040103,left_wrist_roll,0.296974176,left_wrist_yaw,0.180406551,left_wrist_roll,0.158194,-0.005690,0.948176,-0.614069,0.000000000,0.000000000,0.000000000,0.000000000,0.000000000,0.000000000,2.776000,0.000000000,0.000000000,,1.882918,1.439835,22.646187,,0.001209921,0,1,0,1,gPO_sBM_cAll_d10_mPO0_ch01,,80.186700,1079.023400,105.830500,1284.424100,accepted,0.794786,,0.872824,0.072274030,65.818651,0.117227,PO,0.719666,0.011679,0.005012,JB3:0.700450;JB1:0.688771;JB5:0.679263;JB2:0.622239;JB4:0.619046,gPO_sBM_cAll_d10_mPO0_ch01:0.580848;gPO_sBM_cAll_d11_mPO0_ch01:0.575835;gPO_sBM_cAll_d11_mPO0_ch02:0.574067;gPO_sBM_cAll_d10_mPO0_ch02:0.573115;gPO_sFM_cAll_d12_mPO1_ch16:0.549873;gPO_sBM_cAll_d11_mPO1_ch09:0.549625;gPO_sBM_cAll_d11_mPO1_ch02:0.548224;gPO_sBM_cAll_d11_mPO1_ch07:0.546524;gPO_sBM_cAll_d10_mPO2_ch02:0.546390;gPO_sBM_cAll_d12_mPO3_ch02:0.546120,Electronic---Electro:0.274608;Electronic---Electroclash:0.213463;Electronic---Synthwave:0.175361;Electronic---Experimental:0.150598;Electronic---Synth-pop:0.146667,WA:v0:k1:r1,,JB3,0.700450,gPO_sBM_cAll_d10_mPO0_ch01,0.580848,96.153846
3.480000,3.505732000,,hermite,loading,,,,,0,1.0,0,gWA_sBM_cAll_d26_mWA0_ch05,,,3.032000,gPO_sBM_cAll_d10_mPO0_ch01;gPO_sBM_cAll_d11_mPO0_ch01;gPO_sBM_cAll_d11_mPO0_ch02;gPO_sBM_cAll_d10_mPO0_ch02;gPO_sBM_cAll_d12_mPO3_ch02,,,,,,0.265773496,,0.000000,,,,,,,,,,0.000000,beat-sync,0.550000,1.190476,,-0.117897507,0.280430647,left_wrist_yaw,0.510351811,left_wrist_yaw,0.280430647,left_wrist_yaw,0.559802528,left_wrist_yaw,0.155792,-0.012419,0.951800,-0.655784,0.000000000,0.000000000,0.000000000,0.000000000,0.000000000,0.000000000,2.776000,0.000000000,0.000000000,,1.703827,1.452818,30.977550,,0.001191343,0,1,0,1,gPO_sBM_cAll_d10_mPO0_ch01,,80.186700,1079.023400,105.830500,1284.424100,accepted,0.794786,,0.872824,0.072274030,65.818651,0.117227,PO,0.719666,0.011679,0.005012,JB3:0.700450;JB1:0.688771;JB5:0.679263;JB2:0.622239;JB4:0.619046,gPO_sBM_cAll_d10_mPO0_ch01:0.580848;gPO_sBM_cAll_d11_mPO0_ch01:0.575835;gPO_sBM_cAll_d11_mPO0_ch02:0.574067;gPO_sBM_cAll_d10_mPO0_ch02:0.573115;gPO_sFM_cAll_d12_mPO1_ch16:0.549873;gPO_sBM_cAll_d11_mPO1_ch09:0.549625;gPO_sBM_cAll_d11_mPO1_ch02:0.548224;gPO_sBM_cAll_d11_mPO1_ch07:0.546524;gPO_sBM_cAll_d10_mPO2_ch02:0.546390;gPO_sBM_cAll_d12_mPO3_ch02:0.546120,Electronic---Electro:0.274608;Electronic---Electroclash:0.213463;Electronic---Synthwave:0.175361;Electronic---Experimental:0.150598;Electronic---Synth-pop:0.146667,WA:v0:k1:r1,,JB3,0.700450,gPO_sBM_cAll_d10_mPO0_ch01,0.580848,96.153846
3.512000,3.535790400,,hermite,loading,,,,,0,1.0,0,gWA_sBM_cAll_d26_mWA0_ch05,,,3.032000,gPO_sBM_cAll_d10_mPO0_ch01;gPO_sBM_cAll_d11_mPO0_ch01;gPO_sBM_cAll_d11_mPO0_ch02;gPO_sBM_cAll_d10_mPO0_ch02;gPO_sBM_cAll_d12_mPO3_ch02,,,,,,0.266908242,,0.000000,,,,,,,,,,0.000000,beat-sync,0.550000,1.190476,,-0.116621715,0.266407186,left_wrist_yaw,0.809006309,left_wrist_yaw,0.266407186,left_wrist_yaw,0.586083564,left_wrist_yaw,0.154397,-0.014806,0.952848,-0.668674,0.000000000,0.000000000,0.000000000,0.000000000,0.000000000,0.000000000,2.776000,0.000000000,0.000000000,,1.642288,1.465130,15.538521,,0.001184522,0,1,0,1,gPO_sBM_cAll_d10_mPO0_ch01,,80.186700,1079.023400,105.830500,1284.424100,accepted,0.794786,,0.872824,0.072274030,65.818651,0.117227,PO,0.719666,0.011679,0.005012,JB3:0.700450;JB1:0.688771;JB5:0.679263;JB2:0.622239;JB4:0.619046,gPO_sBM_cAll_d10_mPO0_ch01:0.580848;gPO_sBM_cAll_d11_mPO0_ch01:0.575835;gPO_sBM_cAll_d11_mPO0_ch02:0.574067;gPO_sBM_cAll_d10_mPO0_ch02:0.573115;gPO_sFM_cAll_d12_mPO1_ch16:0.549873;gPO_sBM_cAll_d11_mPO1_ch09:0.549625;gPO_sBM_cAll_d11_mPO1_ch02:0.548224;gPO_sBM_cAll_d11_mPO1_ch07:0.546524;gPO_sBM_cAll_d10_mPO2_ch02:0.546390;gPO_sBM_cAll_d12_mPO3_ch02:0.546120,Electronic---Electro:0.274608;Electronic---Electroclash:0.213463;Electronic---Synthwave:0.175361;Electronic---Experimental:0.150598;Electronic---Synth-pop:0.146667,WA:v0:k1:r1,,JB3,0.700450,gPO_sBM_cAll_d10_mPO0_ch01,0.580848,96.153846
3.576000,3.598469400,,hermite,loading,,,,,0,1.0,0,gWA_sBM_cAll_d26_mWA0_ch05,,,3.032000,gPO_sBM_cAll_d10_mPO0_ch01;gPO_sBM_cAll_d11_mPO0_ch01;gPO_sBM_cAll_d11_mPO0_ch02;gPO_sBM_cAll_d10_mPO0_ch02;gPO_sBM_cAll_d12_mPO3_ch02,,,,,,0.270049204,,0.000000,,,,,,,,,,0.000000,beat-sync,0.550000,1.143293,,-0.131150203,0.201750031,left_wrist_yaw,0.796048511,left_wrist_yaw,0.201750031,left_wrist_yaw,1.348375461,left_wrist_yaw,0.150098,-0.022750,0.954822,-0.702494,0.000000000,0.000000000,0.000000000,0.000000000,0.000000000,0.000000000,3.512000,0.000000000,0.000000000,,3.113068,2.419461,45.729405,,0.001168907,0,1,0,1,gPO_sBM_cAll_d10_mPO0_ch01,,80.186700,1079.023400,105.830500,1284.424100,accepted,0.794786,,0.872824,0.072274030,65.818651,0.117227,PO,0.719666,0.011679,0.005012,JB3:0.700450;JB1:0.688771;JB5:0.679263;JB2:0.622239;JB4:0.619046,gPO_sBM_cAll_d10_mPO0_ch01:0.580848;gPO_sBM_cAll_d11_mPO0_ch01:0.575835;gPO_sBM_cAll_d11_mPO0_ch02:0.574067;gPO_sBM_cAll_d10_mPO0_ch02:0.573115;gPO_sFM_cAll_d12_mPO1_ch16:0.549873;gPO_sBM_cAll_d11_mPO1_ch09:0.549625;gPO_sBM_cAll_d11_mPO1_ch02:0.548224;gPO_sBM_cAll_d11_mPO1_ch07:0.546524;gPO_sBM_cAll_d10_mPO2_ch02:0.546390;gPO_sBM_cAll_d12_mPO3_ch02:0.546120,Electronic---Electro:0.274608;Electronic---Electroclash:0.213463;Electronic---Synthwave:0.175361;Electronic---Experimental:0.150598;Electronic---Synth-pop:0.146667,WA:v0:k1:r1,,JB3,0.700450,gPO_sBM_cAll_d10_mPO0_ch01,0.580848,96.153846
3.576000,3.614916700,beat_limiter_result,hermite,loading,,,,,0,1.0,0,gWA_sBM_cAll_d26_mWA0_ch05,,,3.032000,gPO_sBM_cAll_d10_mPO0_ch01;gPO_sBM_cAll_d11_mPO0_ch01;gPO_sBM_cAll_d11_mPO0_ch02;gPO_sBM_cAll_d10_mPO0_ch02;gPO_sBM_cAll_d12_mPO3_ch02,,,,,,0.270805436,,0.000000,,,,,,,,,,0.000000,beat-sync,0.550000,1.143293,,-0.130310173,0.185553928,left_wrist_yaw,0.943188712,left_wrist_yaw,0.185553928,left_wrist_yaw,1.178414359,left_wrist_yaw,0.148607,-0.024857,0.954733,-0.709239,0.000000000,0.000000000,0.000000000,0.000000000,0.000000000,0.000000000,3.512000,0.000000000,0.000000000,,2.678578,2.199957,17.607589,,0.001164521,0,1,0,1,gPO_sBM_cAll_d10_mPO0_ch01,,80.186700,1079.023400,105.830500,1284.424100,accepted,0.794786,,0.872824,0.072274030,65.818651,0.117227,PO,0.719666,0.011679,0.005012,JB3:0.700450;JB1:0.688771;JB5:0.679263;JB2:0.622239;JB4:0.619046,gPO_sBM_cAll_d10_mPO0_ch01:0.580848;gPO_sBM_cAll_d11_mPO0_ch01:0.575835;gPO_sBM_cAll_d11_mPO0_ch02:0.574067;gPO_sBM_cAll_d10_mPO0_ch02:0.573115;gPO_sFM_cAll_d12_mPO1_ch16:0.549873;gPO_sBM_cAll_d11_mPO1_ch09:0.549625;gPO_sBM_cAll_d11_mPO1_ch02:0.548224;gPO_sBM_cAll_d11_mPO1_ch07:0.546524;gPO_sBM_cAll_d10_mPO2_ch02:0.546390;gPO_sBM_cAll_d12_mPO3_ch02:0.546120,Electronic---Electro:0.274608;Electronic---Electroclash:0.213463;Electronic---Synthwave:0.175361;Electronic---Experimental:0.150598;Electronic---Synth-pop:0.146667,WA:v0:k1:r1,,JB3,0.700450,gPO_sBM_cAll_d10_mPO0_ch01,0.580848,96.153846
3.608000,3.623867200,,hermite,loading,,,,,0,1.0,0,gWA_sBM_cAll_d26_mWA0_ch05,,,3.032000,gPO_sBM_cAll_d10_mPO0_ch01;gPO_sBM_cAll_d11_mPO0_ch01;gPO_sBM_cAll_d11_mPO0_ch02;gPO_sBM_cAll_d10_mPO0_ch02;gPO_sBM_cAll_d12_mPO3_ch02,,,,,,0.271194675,,0.000000,,,,,,,,,,0.000000,beat-sync,0.550000,1.143293,,-0.129878532,0.177725654,left_wrist_yaw,0.939392917,left_wrist_yaw,0.177725654,left_wrist_yaw,1.105891520,left_wrist_yaw,0.147839,-0.025941,0.954688,-0.712700,0.000000000,0.000000000,0.000000000,0.000000000,0.000000000,0.000000000,3.512000,0.000000000,0.000000000,,2.851752,2.262651,44.456037,,0.001162340,0,1,0,1,gPO_sBM_cAll_d10_mPO0_ch01,,80.186700,1079.023400,105.830500,1284.424100,accepted,0.794786,,0.872824,0.072274030,65.818651,0.117227,PO,0.719666,0.011679,0.005012,JB3:0.700450;JB1:0.688771;JB5:0.679263;JB2:0.622239;JB4:0.619046,gPO_sBM_cAll_d10_mPO0_ch01:0.580848;gPO_sBM_cAll_d11_mPO0_ch01:0.575835;gPO_sBM_cAll_d11_mPO0_ch02:0.574067;gPO_sBM_cAll_d10_mPO0_ch02:0.573115;gPO_sFM_cAll_d12_mPO1_ch16:0.549873;gPO_sBM_cAll_d11_mPO1_ch09:0.549625;gPO_sBM_cAll_d11_mPO1_ch02:0.548224;gPO_sBM_cAll_d11_mPO1_ch07:0.546524;gPO_sBM_cAll_d10_mPO2_ch02:0.546390;gPO_sBM_cAll_d12_mPO3_ch02:0.546120,Electronic---Electro:0.274608;Electronic---Electroclash:0.213463;Electronic---Synthwave:0.175361;Electronic---Experimental:0.150598;Electronic---Synth-pop:0.146667,WA:v0:k1:r1,,JB3,0.700450,gPO_sBM_cAll_d10_mPO0_ch01,0.580848,96.153846
3.672000,3.690569300,,hermite,loading,,,,,0,1.0,0,gWA_sBM_cAll_d26_mWA0_ch05,,,3.032000,gPO_sBM_cAll_d10_mPO0_ch01;gPO_sBM_cAll_d11_mPO0_ch01;gPO_sBM_cAll_d11_mPO0_ch02;gPO_sBM_cAll_d10_mPO0_ch02;gPO_sBM_cAll_d12_mPO3_ch02,,,,,,0.274255322,,0.000000,,,,,,,,,,0.000000,beat-sync,0.550000,1.143293,,-0.126499389,0.155192781,right_wrist_yaw,0.764083884,left_wrist_yaw,0.155192781,right_wrist_yaw,0.869253075,left_wrist_yaw,0.140573,-0.034007,0.954411,-0.740602,0.000000000,0.000000000,0.000000000,0.000000000,0.000000000,0.000000000,3.512000,0.000000000,0.000000000,,2.224733,1.884455,61.612670,,0.001145184,0,1,0,1,gPO_sBM_cAll_d10_mPO0_ch01,,80.186700,1079.023400,105.830500,1284.424100,accepted,0.794786,,0.872824,0.072274030,65.818651,0.117227,PO,0.719666,0.011679,0.005012,JB3:0.700450;JB1:0.688771;JB5:0.679263;JB2:0.622239;JB4:0.619046,gPO_sBM_cAll_d10_mPO0_ch01:0.580848;gPO_sBM_cAll_d11_mPO0_ch01:0.575835;gPO_sBM_cAll_d11_mPO0_ch02:0.574067;gPO_sBM_cAll_d10_mPO0_ch02:0.573115;gPO_sFM_cAll_d12_mPO1_ch16:0.549873;gPO_sBM_cAll_d11_mPO1_ch09:0.549625;gPO_sBM_cAll_d11_mPO1_ch02:0.548224;gPO_sBM_cAll_d11_mPO1_ch07:0.546524;gPO_sBM_cAll_d10_mPO2_ch02:0.546390;gPO_sBM_cAll_d12_mPO3_ch02:0.546120,Electronic---Electro:0.274608;Electronic---Electroclash:0.213463;Electronic---Synthwave:0.175361;Electronic---Experimental:0.150598;Electronic---Synth-pop:0.146667,WA:v0:k1:r1,,JB3,0.700450,gPO_sBM_cAll_d10_mPO0_ch01,0.580848,96.153846
3.704000,3.723576700,,hermite,loading,,,,,0,1.0,0,gWA_sBM_cAll_d26_mWA0_ch05,,,3.032000,gPO_sBM_cAll_d10_mPO0_ch01;gPO_sBM_cAll_d11_mPO0_ch01;gPO_sBM_cAll_d11_mPO0_ch02;gPO_sBM_cAll_d10_mPO0_ch02;gPO_sBM_cAll_d12_mPO3_ch02,,,,,,0.275791731,,0.000000,,,,,,,,,,0.000000,beat-sync,0.550000,1.143293,,-0.124811590,0.160990634,right_wrist_yaw,0.611703848,left_wrist_yaw,0.160990634,right_wrist_yaw,0.752847743,left_wrist_yaw,0.137675,-0.038130,0.954985,-0.754765,0.000000000,0.000000000,0.000000000,0.000000000,0.000000000,0.000000000,3.512000,0.000000000,0.000000000,,2.660061,2.212633,40.325373,,0.001136794,0,1,0,1,gPO_sBM_cAll_d10_mPO0_ch01,,80.186700,1079.023400,105.830500,1284.424100,accepted,0.794786,,0.872824,0.072274030,65.818651,0.117227,PO,0.719666,0.011679,0.005012,JB3:0.700450;JB1:0.688771;JB5:0.679263;JB2:0.622239;JB4:0.619046,gPO_sBM_cAll_d10_mPO0_ch01:0.580848;gPO_sBM_cAll_d11_mPO0_ch01:0.575835;gPO_sBM_cAll_d11_mPO0_ch02:0.574067;gPO_sBM_cAll_d10_mPO0_ch02:0.573115;gPO_sFM_cAll_d12_mPO1_ch16:0.549873;gPO_sBM_cAll_d11_mPO1_ch09:0.549625;gPO_sBM_cAll_d11_mPO1_ch02:0.548224;gPO_sBM_cAll_d11_mPO1_ch07:0.546524;gPO_sBM_cAll_d10_mPO2_ch02:0.546390;gPO_sBM_cAll_d12_mPO3_ch02:0.546120,Electronic---Electro:0.274608;Electronic---Electroclash:0.213463;Electronic---Synthwave:0.175361;Electronic---Experimental:0.150598;Electronic---Synth-pop:0.146667,WA:v0:k1:r1,,JB3,0.700450,gPO_sBM_cAll_d10_mPO0_ch01,0.580848,96.153846
3.768000,3.793854000,,hermite,loading,,,,,0,1.0,0,gWA_sBM_cAll_d26_mWA0_ch05,,,3.032000,gPO_sBM_cAll_d10_mPO0_ch01;gPO_sBM_cAll_d11_mPO0_ch01;gPO_sBM_cAll_d11_mPO0_ch02;gPO_sBM_cAll_d10_mPO0_ch02;gPO_sBM_cAll_d12_mPO3_ch02,,,,,,0.278946476,,0.000000,,,,,,,,,,0.000000,beat-sync,0.550000,1.143293,,-0.121360055,0.181476573,right_wrist_yaw,0.464025101,right_wrist_yaw,0.181476573,right_wrist_yaw,0.342689659,right_wrist_yaw,0.132583,-0.043846,0.954132,-0.781860,0.000000000,0.000000000,0.000000000,0.000000000,0.000000000,0.000000000,3.512000,0.000000000,0.000000000,,3.638963,2.895502,120.851790,,0.001122404,0,1,0,1,gPO_sBM_cAll_d10_mPO0_ch01,,80.186700,1079.023400,105.830500,1284.424100,accepted,0.794786,,0.872824,0.072274030,65.818651,0.117227,PO,0.719666,0.011679,0.005012,JB3:0.700450;JB1:0.688771;JB5:0.679263;JB2:0.622239;JB4:0.619046,gPO_sBM_cAll_d10_mPO0_ch01:0.580848;gPO_sBM_cAll_d11_mPO0_ch01:0.575835;gPO_sBM_cAll_d11_mPO0_ch02:0.574067;gPO_sBM_cAll_d10_mPO0_ch02:0.573115;gPO_sFM_cAll_d12_mPO1_ch16:0.549873;gPO_sBM_cAll_d11_mPO1_ch09:0.549625;gPO_sBM_cAll_d11_mPO1_ch02:0.548224;gPO_sBM_cAll_d11_mPO1_ch07:0.546524;gPO_sBM_cAll_d10_mPO2_ch02:0.546390;gPO_sBM_cAll_d12_mPO3_ch02:0.546120,Electronic---Electro:0.274608;Electronic---Electroclash:0.213463;Electronic---Synthwave:0.175361;Electronic---Experimental:0.150598;Electronic---Synth-pop:0.146667,WA:v0:k1:r1,,JB3,0.700450,gPO_sBM_cAll_d10_mPO0_ch01,0.580848,96.153846
3.800000,3.818961400,,hermite,loading,,,,,0,1.0,0,gWA_sBM_cAll_d26_mWA0_ch05,,,3.032000,gPO_sBM_cAll_d10_mPO0_ch01;gPO_sBM_cAll_d11_mPO0_ch01;gPO_sBM_cAll_d11_mPO0_ch02;gPO_sBM_cAll_d10_mPO0_ch02;gPO_sBM_cAll_d12_mPO3_ch02,,,,,,0.280144863,,0.000000,,,,,,,,,,0.000000,beat-sync,0.550000,1.143293,,-0.120052828,0.184070347,right_wrist_yaw,0.525897065,left_wrist_yaw,0.184070347,right_wrist_yaw,0.557815253,left_wrist_yaw,0.130754,-0.045254,0.954550,-0.794108,0.000000000,0.000000000,0.000000000,0.000000000,0.000000000,0.000000000,3.512000,0.000000000,0.000000000,,3.216750,2.724639,31.345872,,0.001116348,0,1,0,1,gPO_sBM_cAll_d10_mPO0_ch01,,80.186700,1079.023400,105.830500,1284.424100,accepted,0.794786,,0.872824,0.072274030,65.818651,0.117227,PO,0.719666,0.011679,0.005012,JB3:0.700450;JB1:0.688771;JB5:0.679263;JB2:0.622239;JB4:0.619046,gPO_sBM_cAll_d10_mPO0_ch01:0.580848;gPO_sBM_cAll_d11_mPO0_ch01:0.575835;gPO_sBM_cAll_d11_mPO0_ch02:0.574067;gPO_sBM_cAll_d10_mPO0_ch02:0.573115;gPO_sFM_cAll_d12_mPO1_ch16:0.549873;gPO_sBM_cAll_d11_mPO1_ch09:0.549625;gPO_sBM_cAll_d11_mPO1_ch02:0.548224;gPO_sBM_cAll_d11_mPO1_ch07:0.546524;gPO_sBM_cAll_d10_mPO2_ch02:0.546390;gPO_sBM_cAll_d12_mPO3_ch02:0.546120,Electronic---Electro:0.274608;Electronic---Electroclash:0.213463;Electronic---Synthwave:0.175361;Electronic---Experimental:0.150598;Electronic---Synth-pop:0.146667,WA:v0:k1:r1,,JB3,0.700450,gPO_sBM_cAll_d10_mPO0_ch01,0.580848,96.153846
3.800000,3.825613400,,hermite,loading,,,,,0,1.0,0,gWA_sBM_cAll_d26_mWA0_ch05,,,3.032000,gPO_sBM_cAll_d10_mPO0_ch01;gPO_sBM_cAll_d11_mPO0_ch01;gPO_sBM_cAll_d11_mPO0_ch02;gPO_sBM_cAll_d10_mPO0_ch02;gPO_sBM_cAll_d12_mPO3_ch02,,,,,,0.280467317,,0.000000,,,,,,,,,,0.000000,beat-sync,0.550000,1.143293,,-0.119701392,0.184156518,right_wrist_yaw,0.528317931,left_wrist_yaw,0.184156518,right_wrist_yaw,0.863908290,left_wrist_yaw,0.130270,-0.045558,0.954842,-0.797283,0.000000000,0.000000000,0.000000000,0.000000000,0.000000000,0.000000000,3.512000,0.000000000,0.000000000,,3.802713,2.939567,32.601305,,0.001114344,0,1,0,1,gPO_sBM_cAll_d10_mPO0_ch01,,80.186700,1079.023400,105.830500,1284.424100,accepted,0.794786,,0.872824,0.072274030,65.818651,0.117227,PO,0.719666,0.011679,0.005012,JB3:0.700450;JB1:0.688771;JB5:0.679263;JB2:0.622239;JB4:0.619046,gPO_sBM_cAll_d10_mPO0_ch01:0.580848;gPO_sBM_cAll_d11_mPO0_ch01:0.575835;gPO_sBM_cAll_d11_mPO0_ch02:0.574067;gPO_sBM_cAll_d10_mPO0_ch02:0.573115;gPO_sFM_cAll_d12_mPO1_ch16:0.549873;gPO_sBM_cAll_d11_mPO1_ch09:0.549625;gPO_sBM_cAll_d11_mPO1_ch02:0.548224;gPO_sBM_cAll_d11_mPO1_ch07:0.546524;gPO_sBM_cAll_d10_mPO2_ch02:0.546390;gPO_sBM_cAll_d12_mPO3_ch02:0.546120,Electronic---Electro:0.274608;Electronic---Electroclash:0.213463;Electronic---Synthwave:0.175361;Electronic---Experimental:0.150598;Electronic---Synth-pop:0.146667,WA:v0:k1:r1,,JB3,0.700450,gPO_sBM_cAll_d10_mPO0_ch01,0.580848,96.153846
3.800000,3.834931500,,hermite,loading,,,,,0,1.0,0,gWA_sBM_cAll_d26_mWA0_ch05,,,3.032000,gPO_sBM_cAll_d10_mPO0_ch01;gPO_sBM_cAll_d11_mPO0_ch01;gPO_sBM_cAll_d11_mPO0_ch02;gPO_sBM_cAll_d10_mPO0_ch02;gPO_sBM_cAll_d12_mPO3_ch02,,,,,,0.280865135,,0.000000,,,,,,,,,,0.000000,beat-sync,0.550000,1.143293,,-0.119268015,0.184033034,right_wrist_yaw,0.766282377,left_wrist_yaw,0.184033034,right_wrist_yaw,0.892379115,left_wrist_yaw,0.129674,-0.045934,0.955202,-0.801201,0.000000000,0.000000000,0.000000000,0.000000000,0.000000000,0.000000000,3.512000,0.000000000,0.000000000,,3.630174,2.778297,28.780352,,0.001112347,0,1,0,1,gPO_sBM_cAll_d10_mPO0_ch01,,80.186700,1079.023400,105.830500,1284.424100,accepted,0.794786,,0.872824,0.072274030,65.818651,0.117227,PO,0.719666,0.011679,0.005012,JB3:0.700450;JB1:0.688771;JB5:0.679263;JB2:0.622239;JB4:0.619046,gPO_sBM_cAll_d10_mPO0_ch01:0.580848;gPO_sBM_cAll_d11_mPO0_ch01:0.575835;gPO_sBM_cAll_d11_mPO0_ch02:0.574067;gPO_sBM_cAll_d10_mPO0_ch02:0.573115;gPO_sFM_cAll_d12_mPO1_ch16:0.549873;gPO_sBM_cAll_d11_mPO1_ch09:0.549625;gPO_sBM_cAll_d11_mPO1_ch02:0.548224;gPO_sBM_cAll_d11_mPO1_ch07:0.546524;gPO_sBM_cAll_d10_mPO2_ch02:0.546390;gPO_sBM_cAll_d12_mPO3_ch02:0.546120,Electronic---Electro:0.274608;Electronic---Electroclash:0.213463;Electronic---Synthwave:0.175361;Electronic---Experimental:0.150598;Electronic---Synth-pop:0.146667,WA:v0:k1:r1,,JB3,0.700450,gPO_sBM_cAll_d10_mPO0_ch01,0.580848,96.153846
3.832000,3.844461400,,hermite,loading,,,,,0,1.0,0,gWA_sBM_cAll_d26_mWA0_ch05,,,3.032000,gPO_sBM_cAll_d10_mPO0_ch01;gPO_sBM_cAll_d11_mPO0_ch01;gPO_sBM_cAll_d11_mPO0_ch02;gPO_sBM_cAll_d10_mPO0_ch02;gPO_sBM_cAll_d12_mPO3_ch02,,,,,,0.281304173,,0.000000,,,,,,,,,,0.000000,beat-sync,0.550000,1.143293,,-0.118789960,0.183570357,right_wrist_yaw,0.987995005,left_wrist_yaw,0.183570357,right_wrist_yaw,1.001958296,left_wrist_yaw,0.129098,-0.046304,0.955414,-0.806386,0.000000000,0.000000000,0.000000000,0.000000000,0.000000000,0.000000000,3.512000,0.000000000,0.000000000,,3.814245,3.279628,52.458521,,0.001110357,0,1,0,1,gPO_sBM_cAll_d10_mPO0_ch01,,80.186700,1079.023400,105.830500,1284.424100,accepted,0.794786,,0.872824,0.072274030,65.818651,0.117227,PO,0.719666,0.011679,0.005012,JB3:0.700450;JB1:0.688771;JB5:0.679263;JB2:0.622239;JB4:0.619046,gPO_sBM_cAll_d10_mPO0_ch01:0.580848;gPO_sBM_cAll_d11_mPO0_ch01:0.575835;gPO_sBM_cAll_d11_mPO0_ch02:0.574067;gPO_sBM_cAll_d10_mPO0_ch02:0.573115;gPO_sFM_cAll_d12_mPO1_ch16:0.549873;gPO_sBM_cAll_d11_mPO1_ch09:0.549625;gPO_sBM_cAll_d11_mPO1_ch02:0.548224;gPO_sBM_cAll_d11_mPO1_ch07:0.546524;gPO_sBM_cAll_d10_mPO2_ch02:0.546390;gPO_sBM_cAll_d12_mPO3_ch02:0.546120,Electronic---Electro:0.274608;Electronic---Electroclash:0.213463;Electronic---Synthwave:0.175361;Electronic---Experimental:0.150598;Electronic---Synth-pop:0.146667,WA:v0:k1:r1,,JB3,0.700450,gPO_sBM_cAll_d10_mPO0_ch01,0.580848,96.153846
3.864000,3.877388700,,hermite,loading,,,,,0,1.0,0,gWA_sBM_cAll_d26_mWA0_ch05,,,3.032000,gPO_sBM_cAll_d10_mPO0_ch01;gPO_sBM_cAll_d11_mPO0_ch01;gPO_sBM_cAll_d11_mPO0_ch02;gPO_sBM_cAll_d10_mPO0_ch02;gPO_sBM_cAll_d12_mPO3_ch02,,,,,,0.282776918,,0.000000,,,,,,,,,,0.000000,beat-sync,0.550000,1.143293,,-0.117187815,0.179148714,right_wrist_yaw,1.547606044,left_wrist_yaw,0.179148714,right_wrist_yaw,1.528101359,left_wrist_yaw,0.127343,-0.047719,0.955883,-0.824873,0.000000000,0.000000000,0.000000000,0.000000000,0.000000000,0.000000000,3.512000,0.000000000,0.000000000,,3.603502,3.126668,64.100265,,0.001102468,0,1,0,1,gPO_sBM_cAll_d10_mPO0_ch01,,80.186700,1079.023400,105.830500,1284.424100,accepted,0.794786,,0.872824,0.072274030,65.818651,0.117227,PO,0.719666,0.011679,0.005012,JB3:0.700450;JB1:0.688771;JB5:0.679263;JB2:0.622239;JB4:0.619046,gPO_sBM_cAll_d10_mPO0_ch01:0.580848;gPO_sBM_cAll_d11_mPO0_ch01:0.575835;gPO_sBM_cAll_d11_mPO0_ch02:0.574067;gPO_sBM_cAll_d10_mPO0_ch02:0.573115;gPO_sFM_cAll_d12_mPO1_ch16:0.549873;gPO_sBM_cAll_d11_mPO1_ch09:0.549625;gPO_sBM_cAll_d11_mPO1_ch02:0.548224;gPO_sBM_cAll_d11_mPO1_ch07:0.546524;gPO_sBM_cAll_d10_mPO2_ch02:0.546390;gPO_sBM_cAll_d12_mPO3_ch02:0.546120,Electronic---Electro:0.274608;Electronic---Electroclash:0.213463;Electronic---Synthwave:0.175361;Electronic---Experimental:0.150598;Electronic---Synth-pop:0.146667,WA:v0:k1:r1,,JB3,0.700450,gPO_sBM_cAll_d10_mPO0_ch01,0.580848,96.153846
3.928000,3.943044700,,hermite,loading,,,,,0,1.0,0,gWA_sBM_cAll_d26_mWA0_ch05,,,3.032000,gPO_sBM_cAll_d10_mPO0_ch01;gPO_sBM_cAll_d11_mPO0_ch01;gPO_sBM_cAll_d11_mPO0_ch02;gPO_sBM_cAll_d10_mPO0_ch02;gPO_sBM_cAll_d12_mPO3_ch02,,,,,,0.285856107,,0.000000,,,,,,,,,,0.000000,beat-sync,0.550000,1.143293,,-0.113844743,0.262482932,left_wrist_yaw,1.707697642,left_wrist_yaw,0.262482932,left_wrist_yaw,2.459695397,left_wrist_yaw,0.123683,-0.051681,0.956054,-0.871308,0.000000000,0.000000000,0.000000000,0.000000000,0.000000000,0.000000000,3.512000,0.000000000,0.000000000,,5.440506,4.220004,61.605382,,0.001088929,0,1,0,1,gPO_sBM_cAll_d10_mPO0_ch01,,80.186700,1079.023400,105.830500,1284.424100,accepted,0.794786,,0.872824,0.072274030,65.818651,0.117227,PO,0.719666,0.011679,0.005012,JB3:0.700450;JB1:0.688771;JB5:0.679263;JB2:0.622239;JB4:0.619046,gPO_sBM_cAll_d10_mPO0_ch01:0.580848;gPO_sBM_cAll_d11_mPO0_ch01:0.575835;gPO_sBM_cAll_d11_mPO0_ch02:0.574067;gPO_sBM_cAll_d10_mPO0_ch02:0.573115;gPO_sFM_cAll_d12_mPO1_ch16:0.549873;gPO_sBM_cAll_d11_mPO1_ch09:0.549625;gPO_sBM_cAll_d11_mPO1_ch02:0.548224;gPO_sBM_cAll_d11_mPO1_ch07:0.546524;gPO_sBM_cAll_d10_mPO2_ch02:0.546390;gPO_sBM_cAll_d12_mPO3_ch02:0.546120,Electronic---Electro:0.274608;Electronic---Electroclash:0.213463;Electronic---Synthwave:0.175361;Electronic---Experimental:0.150598;Electronic---Synth-pop:0.146667,WA:v0:k1:r1,,JB3,0.700450,gPO_sBM_cAll_d10_mPO0_ch01,0.580848,96.153846
3.960000,3.977730900,,hermite,loading,,,,,0,1.0,0,gWA_sBM_cAll_d26_mWA0_ch05,,,3.032000,gPO_sBM_cAll_d10_mPO0_ch01;gPO_sBM_cAll_d11_mPO0_ch01;gPO_sBM_cAll_d11_mPO0_ch02;gPO_sBM_cAll_d10_mPO0_ch02;gPO_sBM_cAll_d12_mPO3_ch02,,,,,,0.287381653,,0.000000,,,,,,,,,,0.000000,beat-sync,0.550000,1.143293,,-0.112191085,0.314897994,left_wrist_yaw,1.494837434,left_wrist_yaw,0.314897994,left_wrist_yaw,1.521407291,left_wrist_yaw,0.121773,-0.053142,0.955726,-0.895536,0.000000000,0.000000000,0.000000000,0.000000000,0.000000000,0.000000000,3.512000,0.000000000,0.000000000,,3.411074,2.924952,41.880076,,0.001081341,0,1,0,1,gPO_sBM_cAll_d10_mPO0_ch01,,80.186700,1079.023400,105.830500,1284.424100,accepted,0.794786,,0.872824,0.072274030,65.818651,0.117227,PO,0.719666,0.011679,0.005012,JB3:0.700450;JB1:0.688771;JB5:0.679263;JB2:0.622239;JB4:0.619046,gPO_sBM_cAll_d10_mPO0_ch01:0.580848;gPO_sBM_cAll_d11_mPO0_ch01:0.575835;gPO_sBM_cAll_d11_mPO0_ch02:0.574067;gPO_sBM_cAll_d10_mPO0_ch02:0.573115;gPO_sFM_cAll_d12_mPO1_ch16:0.549873;gPO_sBM_cAll_d11_mPO1_ch09:0.549625;gPO_sBM_cAll_d11_mPO1_ch02:0.548224;gPO_sBM_cAll_d11_mPO1_ch07:0.546524;gPO_sBM_cAll_d10_mPO2_ch02:0.546390;gPO_sBM_cAll_d12_mPO3_ch02:0.546120,Electronic---Electro:0.274608;Electronic---Electroclash:0.213463;Electronic---Synthwave:0.175361;Electronic---Experimental:0.150598;Electronic---Synth-pop:0.146667,WA:v0:k1:r1,,JB3,0.700450,gPO_sBM_cAll_d10_mPO0_ch01,0.580848,96.153846
4.024000,4.034515700,,hermite,loading,,,,,0,1.0,0,gWA_sBM_cAll_d26_mWA0_ch05,,,3.032000,gPO_sBM_cAll_d10_mPO0_ch01;gPO_sBM_cAll_d11_mPO0_ch01;gPO_sBM_cAll_d11_mPO0_ch02;gPO_sBM_cAll_d10_mPO0_ch02;gPO_sBM_cAll_d12_mPO3_ch02,,,,,,0.290066641,,0.000000,,,,,,,,,,0.000000,beat-sync,0.550000,1.143293,,-0.109284007,0.386871732,left_wrist_yaw,0.956510263,left_wrist_yaw,0.386871732,left_wrist_yaw,1.374106824,left_wrist_yaw,0.119109,-0.054305,0.957064,-0.949825,0.000000000,0.000000000,0.000000000,0.000000000,0.000000000,0.000000000,3.512000,0.000000000,0.000000000,,2.547078,2.017518,45.567421,,0.001068313,0,1,0,1,gPO_sBM_cAll_d10_mPO0_ch01,,80.186700,1079.023400,105.830500,1284.424100,accepted,0.794786,,0.872824,0.072274030,65.818651,0.117227,PO,0.719666,0.011679,0.005012,JB3:0.700450;JB1:0.688771;JB5:0.679263;JB2:0.622239;JB4:0.619046,gPO_sBM_cAll_d10_mPO0_ch01:0.580848;gPO_sBM_cAll_d11_mPO0_ch01:0.575835;gPO_sBM_cAll_d11_mPO0_ch02:0.574067;gPO_sBM_cAll_d10_mPO0_ch02:0.573115;gPO_sFM_cAll_d12_mPO1_ch16:0.549873;gPO_sBM_cAll_d11_mPO1_ch09:0.549625;gPO_sBM_cAll_d11_mPO1_ch02:0.548224;gPO_sBM_cAll_d11_mPO1_ch07:0.546524;gPO_sBM_cAll_d10_mPO2_ch02:0.546390;gPO_sBM_cAll_d12_mPO3_ch02:0.546120,Electronic---Electro:0.274608;Electronic---Electroclash:0.213463;Electronic---Synthwave:0.175361;Electronic---Experimental:0.150598;Electronic---Synth-pop:0.146667,WA:v0:k1:r1,,JB3,0.700450,gPO_sBM_cAll_d10_mPO0_ch01,0.580848,96.153846
4.056000,4.069290600,,hermite,loading,,,,,0,1.0,0,gWA_sBM_cAll_d26_mWA0_ch05,,,3.032000,gPO_sBM_cAll_d10_mPO0_ch01;gPO_sBM_cAll_d11_mPO0_ch01;gPO_sBM_cAll_d11_mPO0_ch02;gPO_sBM_cAll_d10_mPO0_ch02;gPO_sBM_cAll_d12_mPO3_ch02,,,,,,0.291604859,,0.000000,,,,,,,,,,0.000000,beat-sync,0.550000,1.143293,,-0.107620168,0.410173638,left_wrist_yaw,0.397354432,left_wrist_yaw,0.410173638,left_wrist_yaw,0.680606538,left_wrist_yaw,0.118795,-0.054828,0.958456,-0.985157,0.000000000,0.000000000,0.000000000,0.000000000,0.000000000,0.000000000,3.512000,0.000000000,0.000000000,,2.758277,2.159779,76.052655,,0.001061008,0,1,0,1,gPO_sBM_cAll_d10_mPO0_ch01,,80.186700,1079.023400,105.830500,1284.424100,accepted,0.794786,,0.872824,0.072274030,65.818651,0.117227,PO,0.719666,0.011679,0.005012,JB3:0.700450;JB1:0.688771;JB5:0.679263;JB2:0.622239;JB4:0.619046,gPO_sBM_cAll_d10_mPO0_ch01:0.580848;gPO_sBM_cAll_d11_mPO0_ch01:0.575835;gPO_sBM_cAll_d11_mPO0_ch02:0.574067;gPO_sBM_cAll_d10_mPO0_ch02:0.573115;gPO_sFM_cAll_d12_mPO1_ch16:0.549873;gPO_sBM_cAll_d11_mPO1_ch09:0.549625;gPO_sBM_cAll_d11_mPO1_ch02:0.548224;gPO_sBM_cAll_d11_mPO1_ch07:0.546524;gPO_sBM_cAll_d10_mPO2_ch02:0.546390;gPO_sBM_cAll_d12_mPO3_ch02:0.546120,Electronic---Electro:0.274608;Electronic---Electroclash:0.213463;Electronic---Synthwave:0.175361;Electronic---Experimental:0.150598;Electronic---Synth-pop:0.146667,WA:v0:k1:r1,,JB3,0.700450,gPO_sBM_cAll_d10_mPO0_ch01,0.580848,96.153846
4.120000,4.135751000,,hermite,loading,,,,,0,1.0,0,gWA_sBM_cAll_d26_mWA0_ch05,,,3.032000,gPO_sBM_cAll_d10_mPO0_ch01;gPO_sBM_cAll_d11_mPO0_ch01;gPO_sBM_cAll_d11_mPO0_ch02;gPO_sBM_cAll_d10_mPO0_ch02;gPO_sBM_cAll_d12_mPO3_ch02,,,,,,0.294680087,,0.000000,,,,,,,,,,0.000000,beat-sync,0.550000,1.143293,,-0.104296555,0.430868447,left_wrist_yaw,0.502298510,right_wrist_yaw,0.430868447,left_wrist_yaw,0.531742135,right_wrist_yaw,0.120034,-0.055403,0.960542,-1.066850,0.000000000,0.000000000,0.000000000,0.000000000,0.000000000,0.000000000,3.512000,0.000000000,0.000000000,,1.740228,1.486426,46.302519,,0.001046694,0,1,0,1,gPO_sBM_cAll_d10_mPO0_ch01,,80.186700,1079.023400,105.830500,1284.424100,accepted,0.794786,,0.872824,0.072274030,65.818651,0.117227,PO,0.719666,0.011679,0.005012,JB3:0.700450;JB1:0.688771;JB5:0.679263;JB2:0.622239;JB4:0.619046,gPO_sBM_cAll_d10_mPO0_ch01:0.580848;gPO_sBM_cAll_d11_mPO0_ch01:0.575835;gPO_sBM_cAll_d11_mPO0_ch02:0.574067;gPO_sBM_cAll_d10_mPO0_ch02:0.573115;gPO_sFM_cAll_d12_mPO1_ch16:0.549873;gPO_sBM_cAll_d11_mPO1_ch09:0.549625;gPO_sBM_cAll_d11_mPO1_ch02:0.548224;gPO_sBM_cAll_d11_mPO1_ch07:0.546524;gPO_sBM_cAll_d10_mPO2_ch02:0.546390;gPO_sBM_cAll_d12_mPO3_ch02:0.546120,Electronic---Electro:0.274608;Electronic---Electroclash:0.213463;Electronic---Synthwave:0.175361;Electronic---Experimental:0.150598;Electronic---Synth-pop:0.146667,WA:v0:k1:r1,,JB3,0.700450,gPO_sBM_cAll_d10_mPO0_ch01,0.580848,96.153846
4.152000,4.160200300,,hermite,loading,,,,,0,1.0,0,gWA_sBM_cAll_d26_mWA0_ch05,,,3.032000,gPO_sBM_cAll_d10_mPO0_ch01;gPO_sBM_cAll_d11_mPO0_ch01;gPO_sBM_cAll_d11_mPO0_ch02;gPO_sBM_cAll_d10_mPO0_ch02;gPO_sBM_cAll_d12_mPO3_ch02,,,,,,0.295809559,,0.000000,,,,,,,,,,0.000000,beat-sync,0.550000,1.143293,,-0.103076620,0.424185931,left_wrist_yaw,0.548775980,right_wrist_yaw,0.424185931,left_wrist_yaw,0.834071963,right_wrist_yaw,0.120918,-0.056700,0.960612,-1.096478,0.000000000,0.000000000,0.000000000,0.000000000,0.000000000,0.000000000,3.512000,0.000000000,0.000000000,,2.693432,2.021743,93.850289,,0.001041426,0,1,0,1,gPO_sBM_cAll_d10_mPO0_ch01,,80.186700,1079.023400,105.830500,1284.424100,accepted,0.794786,,0.872824,0.072274030,65.818651,0.117227,PO,0.719666,0.011679,0.005012,JB3:0.700450;JB1:0.688771;JB5:0.679263;JB2:0.622239;JB4:0.619046,gPO_sBM_cAll_d10_mPO0_ch01:0.580848;gPO_sBM_cAll_d11_mPO0_ch01:0.575835;gPO_sBM_cAll_d11_mPO0_ch02:0.574067;gPO_sBM_cAll_d10_mPO0_ch02:0.573115;gPO_sFM_cAll_d12_mPO1_ch16:0.549873;gPO_sBM_cAll_d11_mPO1_ch09:0.549625;gPO_sBM_cAll_d11_mPO1_ch02:0.548224;gPO_sBM_cAll_d11_mPO1_ch07:0.546524;gPO_sBM_cAll_d10_mPO2_ch02:0.546390;gPO_sBM_cAll_d12_mPO3_ch02:0.546120,Electronic---Electro:0.274608;Electronic---Electroclash:0.213463;Electronic---Synthwave:0.175361;Electronic---Experimental:0.150598;Electronic---Synth-pop:0.146667,WA:v0:k1:r1,,JB3,0.700450,gPO_sBM_cAll_d10_mPO0_ch01,0.580848,96.153846
4.152000,4.176572100,match,hermite,loading,,,,,0,1.0,0,gWA_sBM_cAll_d26_mWA0_ch05,,,4.056000,gPO_sBM_cAll_d10_mPO0_ch01;gPO_sBM_cAll_d11_mPO0_ch01;gPO_sBM_cAll_d11_mPO0_ch02;gPO_sBM_cAll_d10_mPO0_ch02;gPO_sBM_cAll_d12_mPO3_ch02,,,,,,0.296566774,,0.000000,,,,,,,,,,0.000000,beat-sync,0.550000,1.143293,,-0.102258953,0.415880280,left_wrist_yaw,0.591010032,right_wrist_yaw,0.415880280,left_wrist_yaw,0.783151571,right_wrist_yaw,0.121536,-0.057682,0.960140,-1.117898,0.000000000,0.000000000,0.000000000,0.000000000,0.000000000,0.000000000,3.512000,0.000000000,0.000000000,,2.560588,2.005583,41.305415,,0.001037943,0,1,0,1,gPO_sBM_cAll_d10_mPO0_ch01,,80.186700,1079.023400,105.830500,1284.424100,accepted,0.719384,,0.894825,0.078670253,60.323617,0.123633,PO,0.711953,0.021309,0.004966,JB3:0.708714;JB1:0.687405;JB5:0.685346;JB2:0.626589;JB4:0.620615,gPO_sBM_cAll_d10_mPO0_ch01:0.574638;gPO_sBM_cAll_d11_mPO0_ch01:0.569672;gPO_sBM_cAll_d11_mPO0_ch02:0.567856;gPO_sBM_cAll_d10_mPO0_ch02:0.566896;gPO_sBM_cAll_d11_mPO1_ch09:0.551823;gPO_sFM_cAll_d12_mPO1_ch16:0.551781;gPO_sBM_cAll_d11_mPO1_ch02:0.550185;gPO_sBM_cAll_d11_mPO1_ch07:0.548456;gPO_sFM_cAll_d11_mPO1_ch09:0.548017;gPO_sBM_cAll_d10_mPO1_ch08:0.547649,Electronic---Electro:0.256235;Electronic---Electroclash:0.200350;Electronic---Synthwave:0.170802;Electronic---Experimental:0.167557;Electronic---Synth-pop:0.135345,WA:v0:k1:r1,,JB3,0.708714,gPO_sBM_cAll_d10_mPO0_ch01,0.574638,96.153846
4.216000,4.243615600,,hermite,loading,,,,,0,1.0,0,gWA_sBM_cAll_d26_mWA0_ch05,,,4.056000,gPO_sBM_cAll_d10_mPO0_ch01;gPO_sBM_cAll_d11_mPO0_ch01;gPO_sBM_cAll_d11_mPO0_ch02;gPO_sBM_cAll_d10_mPO0_ch02;gPO_sBM_cAll_d12_mPO3_ch02,,,,,,0.299642378,,0.000000,,,,,,,,,,0.000000,beat-sync,0.550000,1.143293,,-0.098939232,0.351246708,left_wrist_yaw,2.160160510,left_wrist_yaw,0.351246708,left_wrist_yaw,1.467376736,left_wrist_yaw,0.122946,-0.062950,0.953644,-1.201793,0.000000000,0.000000000,0.000000000,0.000000000,0.000000000,0.000000000,3.512000,0.000000000,0.000000000,,2.590150,2.335260,38.561374,,0.001027632,0,1,0,1,gPO_sBM_cAll_d10_mPO0_ch01,,80.186700,1079.023400,105.830500,1284.424100,accepted,0.719384,,0.894825,0.078670253,60.323617,0.123633,PO,0.711953,0.021309,0.004966,JB3:0.708714;JB1:0.687405;JB5:0.685346;JB2:0.626589;JB4:0.620615,gPO_sBM_cAll_d10_mPO0_ch01:0.574638;gPO_sBM_cAll_d11_mPO0_ch01:0.569672;gPO_sBM_cAll_d11_mPO0_ch02:0.567856;gPO_sBM_cAll_d10_mPO0_ch02:0.566896;gPO_sBM_cAll_d11_mPO1_ch09:0.551823;gPO_sFM_cAll_d12_mPO1_ch16:0.551781;gPO_sBM_cAll_d11_mPO1_ch02:0.550185;gPO_sBM_cAll_d11_mPO1_ch07:0.548456;gPO_sFM_cAll_d11_mPO1_ch09:0.548017;gPO_sBM_cAll_d10_mPO1_ch08:0.547649,Electronic---Electro:0.256235;Electronic---Electroclash:0.200350;Electronic---Synthwave:0.170802;Electronic---Experimental:0.167557;Electronic---Synth-pop:0.135345,WA:v0:k1:r1,,JB3,0.708714,gPO_sBM_cAll_d10_mPO0_ch01,0.574638,96.153846
4.280000,4.301903900,,hermite,loading,,,,,0,1.0,0,gWA_sBM_cAll_d26_mWA0_ch05,,,4.056000,gPO_sBM_cAll_d10_mPO0_ch01;gPO_sBM_cAll_d11_mPO0_ch01;gPO_sBM_cAll_d11_mPO0_ch02;gPO_sBM_cAll_d10_mPO0_ch02;gPO_sBM_cAll_d12_mPO3_ch02,,,,,,0.302326834,,0.000000,,,,,,,,,,0.000000,beat-sync,0.550000,1.143293,,-0.096043109,0.269663398,left_wrist_yaw,1.524236377,left_wrist_yaw,0.269663398,left_wrist_yaw,2.124785849,left_wrist_yaw,0.121352,-0.066943,0.944464,-1.252982,0.000000000,0.000000000,0.000000000,0.000000000,0.000000000,0.000000000,3.512000,0.000000000,0.000000000,,3.800883,3.016245,110.696618,,0.001015859,0,1,0,1,gPO_sBM_cAll_d10_mPO0_ch01,,80.186700,1079.023400,105.830500,1284.424100,accepted,0.719384,,0.894825,0.078670253,60.323617,0.123633,PO,0.711953,0.021309,0.004966,JB3:0.708714;JB1:0.687405;JB5:0.685346;JB2:0.626589;JB4:0.620615,gPO_sBM_cAll_d10_mPO0_ch01:0.574638;gPO_sBM_cAll_d11_mPO0_ch01:0.569672;gPO_sBM_cAll_d11_mPO0_ch02:0.567856;gPO_sBM_cAll_d10_mPO0_ch02:0.566896;gPO_sBM_cAll_d11_mPO1_ch09:0.551823;gPO_sFM_cAll_d12_mPO1_ch16:0.551781;gPO_sBM_cAll_d11_mPO1_ch02:0.550185;gPO_sBM_cAll_d11_mPO1_ch07:0.548456;gPO_sFM_cAll_d11_mPO1_ch09:0.548017;gPO_sBM_cAll_d10_mPO1_ch08:0.547649,Electronic---Electro:0.256235;Electronic---Electroclash:0.200350;Electronic---Synthwave:0.170802;Electronic---Experimental:0.167557;Electronic---Synth-pop:0.135345,WA:v0:k1:r1,,JB3,0.708714,gPO_sBM_cAll_d10_mPO0_ch01,0.574638,96.153846
4.312000,4.335370100,,hermite,loading,,,,,0,1.0,0,gWA_sBM_cAll_d26_mWA0_ch05,,,4.056000,gPO_sBM_cAll_d10_mPO0_ch01;gPO_sBM_cAll_d11_mPO0_ch01;gPO_sBM_cAll_d11_mPO0_ch02;gPO_sBM_cAll_d10_mPO0_ch02;gPO_sBM_cAll_d12_mPO3_ch02,,,,,,0.303841943,,0.000000,,,,,,,,,,0.000000,beat-sync,0.550000,1.143293,,-0.094409005,0.216815637,left_wrist_yaw,1.575564203,left_wrist_yaw,0.216815637,left_wrist_yaw,3.644507213,left_wrist_yaw,0.120073,-0.068322,0.939512,-1.272570,0.000000000,0.000000000,0.000000000,0.000000000,0.000000000,0.000000000,3.512000,0.000000000,0.000000000,,6.027169,3.806244,272.502752,,0.001009251,0,1,0,1,gPO_sBM_cAll_d10_mPO0_ch01,,80.186700,1079.023400,105.830500,1284.424100,accepted,0.719384,,0.894825,0.078670253,60.323617,0.123633,PO,0.711953,0.021309,0.004966,JB3:0.708714;JB1:0.687405;JB5:0.685346;JB2:0.626589;JB4:0.620615,gPO_sBM_cAll_d10_mPO0_ch01:0.574638;gPO_sBM_cAll_d11_mPO0_ch01:0.569672;gPO_sBM_cAll_d11_mPO0_ch02:0.567856;gPO_sBM_cAll_d10_mPO0_ch02:0.566896;gPO_sBM_cAll_d11_mPO1_ch09:0.551823;gPO_sFM_cAll_d12_mPO1_ch16:0.551781;gPO_sBM_cAll_d11_mPO1_ch02:0.550185;gPO_sBM_cAll_d11_mPO1_ch07:0.548456;gPO_sFM_cAll_d11_mPO1_ch09:0.548017;gPO_sBM_cAll_d10_mPO1_ch08:0.547649,Electronic---Electro:0.256235;Electronic---Electroclash:0.200350;Electronic---Synthwave:0.170802;Electronic---Experimental:0.167557;Electronic---Synth-pop:0.135345,WA:v0:k1:r1,,JB3,0.708714,gPO_sBM_cAll_d10_mPO0_ch01,0.574638,96.153846
4.376000,4.398477200,,hermite,loading,,,,,0,1.0,0,gWA_sBM_cAll_d26_mWA0_ch05,,,4.056000,gPO_sBM_cAll_d10_mPO0_ch01;gPO_sBM_cAll_d11_mPO0_ch01;gPO_sBM_cAll_d11_mPO0_ch02;gPO_sBM_cAll_d10_mPO0_ch02;gPO_sBM_cAll_d12_mPO3_ch02,,,,,,0.306633444,,0.000000,,,,,,,,,,0.000000,beat-sync,0.550000,1.143293,,-0.091398982,0.264574010,right_wrist_yaw,1.332641428,left_wrist_yaw,0.264574010,right_wrist_yaw,1.183484508,left_wrist_yaw,0.119311,-0.070844,0.932490,-1.277665,0.000000000,0.000000000,0.000000000,0.000000000,0.000000000,0.000000000,3.512000,0.000000000,0.000000000,,1.988515,1.619026,81.917415,,0.000999500,0,1,0,1,gPO_sBM_cAll_d10_mPO0_ch01,,80.186700,1079.023400,105.830500,1284.424100,accepted,0.719384,,0.894825,0.078670253,60.323617,0.123633,PO,0.711953,0.021309,0.004966,JB3:0.708714;JB1:0.687405;JB5:0.685346;JB2:0.626589;JB4:0.620615,gPO_sBM_cAll_d10_mPO0_ch01:0.574638;gPO_sBM_cAll_d11_mPO0_ch01:0.569672;gPO_sBM_cAll_d11_mPO0_ch02:0.567856;gPO_sBM_cAll_d10_mPO0_ch02:0.566896;gPO_sBM_cAll_d11_mPO1_ch09:0.551823;gPO_sFM_cAll_d12_mPO1_ch16:0.551781;gPO_sBM_cAll_d11_mPO1_ch02:0.550185;gPO_sBM_cAll_d11_mPO1_ch07:0.548456;gPO_sFM_cAll_d11_mPO1_ch09:0.548017;gPO_sBM_cAll_d10_mPO1_ch08:0.547649,Electronic---Electro:0.256235;Electronic---Electroclash:0.200350;Electronic---Synthwave:0.170802;Electronic---Experimental:0.167557;Electronic---Synth-pop:0.135345,WA:v0:k1:r1,,JB3,0.708714,gPO_sBM_cAll_d10_mPO0_ch01,0.574638,96.153846
4.408000,4.428695000,,hermite,loading,,,,,0,1.0,0,gWA_sBM_cAll_d26_mWA0_ch05,,,4.056000,gPO_sBM_cAll_d10_mPO0_ch01;gPO_sBM_cAll_d11_mPO0_ch01;gPO_sBM_cAll_d11_mPO0_ch02;gPO_sBM_cAll_d10_mPO0_ch02;gPO_sBM_cAll_d12_mPO3_ch02,,,,,,0.308148704,,0.000000,,,,,,,,,,0.000000,beat-sync,0.550000,1.143293,,-0.089765411,0.294673894,right_wrist_yaw,1.007244774,right_wrist_yaw,0.294673894,right_wrist_yaw,1.831327498,right_wrist_yaw,0.120392,-0.072204,0.929247,-1.278254,0.000000000,0.000000000,0.000000000,0.000000000,0.000000000,0.000000000,3.512000,0.000000000,0.000000000,,3.578598,2.692938,179.517258,,0.000993103,0,1,0,1,gPO_sBM_cAll_d10_mPO0_ch01,,80.186700,1079.023400,105.830500,1284.424100,accepted,0.719384,,0.894825,0.078670253,60.323617,0.123633,PO,0.711953,0.021309,0.004966,JB3:0.708714;JB1:0.687405;JB5:0.685346;JB2:0.626589;JB4:0.620615,gPO_sBM_cAll_d10_mPO0_ch01:0.574638;gPO_sBM_cAll_d11_mPO0_ch01:0.569672;gPO_sBM_cAll_d11_mPO0_ch02:0.567856;gPO_sBM_cAll_d10_mPO0_ch02:0.566896;gPO_sBM_cAll_d11_mPO1_ch09:0.551823;gPO_sFM_cAll_d12_mPO1_ch16:0.551781;gPO_sBM_cAll_d11_mPO1_ch02:0.550185;gPO_sBM_cAll_d11_mPO1_ch07:0.548456;gPO_sFM_cAll_d11_mPO1_ch09:0.548017;gPO_sBM_cAll_d10_mPO1_ch08:0.547649,Electronic---Electro:0.256235;Electronic---Electroclash:0.200350;Electronic---Synthwave:0.170802;Electronic---Experimental:0.167557;Electronic---Synth-pop:0.135345,WA:v0:k1:r1,,JB3,0.708714,gPO_sBM_cAll_d10_mPO0_ch01,0.574638,96.153846
4.472000,4.487152500,,hermite,loading,,,,,0,1.0,0,gWA_sBM_cAll_d26_mWA0_ch05,,,4.056000,gPO_sBM_cAll_d10_mPO0_ch01;gPO_sBM_cAll_d11_mPO0_ch01;gPO_sBM_cAll_d11_mPO0_ch02;gPO_sBM_cAll_d10_mPO0_ch02;gPO_sBM_cAll_d12_mPO3_ch02,,,,,,0.310829172,,0.000000,,,,,,,,,,0.000000,beat-sync,0.550000,1.377688,,-0.067227625,0.320724189,right_wrist_yaw,0.082903793,right_wrist_roll,0.320724189,right_wrist_yaw,0.097568770,right_wrist_roll,0.125697,-0.073145,0.925082,-1.292990,0.000000000,0.000000000,0.000000000,0.000000000,0.000000000,0.000000000,4.440000,0.000000000,0.000000000,,1.102287,0.900645,39.516614,,0.000982104,0,1,0,1,gPO_sBM_cAll_d10_mPO0_ch01,,80.186700,1079.023400,105.830500,1284.424100,accepted,0.719384,,0.894825,0.078670253,60.323617,0.123633,PO,0.711953,0.021309,0.004966,JB3:0.708714;JB1:0.687405;JB5:0.685346;JB2:0.626589;JB4:0.620615,gPO_sBM_cAll_d10_mPO0_ch01:0.574638;gPO_sBM_cAll_d11_mPO0_ch01:0.569672;gPO_sBM_cAll_d11_mPO0_ch02:0.567856;gPO_sBM_cAll_d10_mPO0_ch02:0.566896;gPO_sBM_cAll_d11_mPO1_ch09:0.551823;gPO_sFM_cAll_d12_mPO1_ch16:0.551781;gPO_sBM_cAll_d11_mPO1_ch02:0.550185;gPO_sBM_cAll_d11_mPO1_ch07:0.548456;gPO_sFM_cAll_d11_mPO1_ch09:0.548017;gPO_sBM_cAll_d10_mPO1_ch08:0.547649,Electronic---Electro:0.256235;Electronic---Electroclash:0.200350;Electronic---Synthwave:0.170802;Electronic---Experimental:0.167557;Electronic---Synth-pop:0.135345,WA:v0:k1:r1,,JB3,0.708714,gPO_sBM_cAll_d10_mPO0_ch01,0.574638,96.153846
4.504000,4.524605700,,hermite,loading,,,,,0,1.0,0,gWA_sBM_cAll_d26_mWA0_ch05,,,4.056000,gPO_sBM_cAll_d10_mPO0_ch01;gPO_sBM_cAll_d11_mPO0_ch01;gPO_sBM_cAll_d11_mPO0_ch02;gPO_sBM_cAll_d10_mPO0_ch02;gPO_sBM_cAll_d12_mPO3_ch02,,,,,,0.312546076,,0.000000,,,,,,,,,,0.000000,beat-sync,0.550000,1.377688,,-0.065225880,0.311337122,right_wrist_yaw,1.249747196,left_wrist_yaw,0.311337122,right_wrist_yaw,0.851732567,left_wrist_yaw,0.131256,-0.074144,0.922659,-1.315222,0.000000000,0.000000000,0.000000000,0.000000000,0.000000000,0.000000000,4.440000,0.000000000,0.000000000,,1.386861,1.239019,57.577146,,0.000977464,0,1,0,2,gPO_sBM_cAll_d10_mPO0_ch01;gPO_sBM_cAll_d11_mPO0_ch01,,85.454600,952.335900,103.909100,2447.146500,accepted,0.719384,,0.894825,0.078670253,60.323617,0.123633,PO,0.711953,0.021309,0.004966,JB3:0.708714;JB1:0.687405;JB5:0.685346;JB2:0.626589;JB4:0.620615,gPO_sBM_cAll_d10_mPO0_ch01:0.574638;gPO_sBM_cAll_d11_mPO0_ch01:0.569672;gPO_sBM_cAll_d11_mPO0_ch02:0.567856;gPO_sBM_cAll_d10_mPO0_ch02:0.566896;gPO_sBM_cAll_d11_mPO1_ch09:0.551823;gPO_sFM_cAll_d12_mPO1_ch16:0.551781;gPO_sBM_cAll_d11_mPO1_ch02:0.550185;gPO_sBM_cAll_d11_mPO1_ch07:0.548456;gPO_sFM_cAll_d11_mPO1_ch09:0.548017;gPO_sBM_cAll_d10_mPO1_ch08:0.547649,Electronic---Electro:0.256235;Electronic---Electroclash:0.200350;Electronic---Synthwave:0.170802;Electronic---Experimental:0.167557;Electronic---Synth-pop:0.135345,WA:v0:k1:r1,,JB3,0.708714,gPO_sBM_cAll_d10_mPO0_ch01,0.574638,96.153846
4.536000,4.548704900,beat_limiter_result,hermite,loading,,,,,0,1.0,0,gWA_sBM_cAll_d26_mWA0_ch05,,,4.056000,gPO_sBM_cAll_d10_mPO0_ch01;gPO_sBM_cAll_d11_mPO0_ch01;gPO_sBM_cAll_d11_mPO0_ch02;gPO_sBM_cAll_d10_mPO0_ch02;gPO_sBM_cAll_d12_mPO3_ch02,,,,,,0.313663321,,0.000000,,,,,,,,,,0.000000,beat-sync,0.550000,1.377688,,-0.063879015,0.298958164,right_wrist_yaw,0.690523115,left_wrist_yaw,0.298958164,right_wrist_yaw,0.972545852,left_wrist_yaw,0.135432,-0.075796,0.920742,-1.332726,0.000000000,0.000000000,0.000000000,0.000000000,0.000000000,0.000000000,4.440000,0.000000000,0.000000000,,1.143598,0.931439,24.950848,,0.000972868,0,1,0,2,gPO_sBM_cAll_d10_mPO0_ch01;gPO_sBM_cAll_d11_mPO0_ch01,,85.454600,952.335900,103.909100,2447.146500,accepted,0.719384,,0.894825,0.078670253,60.323617,0.123633,PO,0.711953,0.021309,0.004966,JB3:0.708714;JB1:0.687405;JB5:0.685346;JB2:0.626589;JB4:0.620615,gPO_sBM_cAll_d10_mPO0_ch01:0.574638;gPO_sBM_cAll_d11_mPO0_ch01:0.569672;gPO_sBM_cAll_d11_mPO0_ch02:0.567856;gPO_sBM_cAll_d10_mPO0_ch02:0.566896;gPO_sBM_cAll_d11_mPO1_ch09:0.551823;gPO_sFM_cAll_d12_mPO1_ch16:0.551781;gPO_sBM_cAll_d11_mPO1_ch02:0.550185;gPO_sBM_cAll_d11_mPO1_ch07:0.548456;gPO_sFM_cAll_d11_mPO1_ch09:0.548017;gPO_sBM_cAll_d10_mPO1_ch08:0.547649,Electronic---Electro:0.256235;Electronic---Electroclash:0.200350;Electronic---Synthwave:0.170802;Electronic---Experimental:0.167557;Electronic---Synth-pop:0.135345,WA:v0:k1:r1,,JB3,0.708714,gPO_sBM_cAll_d10_mPO0_ch01,0.574638,96.153846
4.568000,4.582515200,,hermite,loading,,,,,0,1.0,0,gWA_sBM_cAll_d26_mWA0_ch05,,,4.056000,gPO_sBM_cAll_d10_mPO0_ch01;gPO_sBM_cAll_d11_mPO0_ch01;gPO_sBM_cAll_d11_mPO0_ch02;gPO_sBM_cAll_d10_mPO0_ch02;gPO_sBM_cAll_d12_mPO3_ch02,,,,,,0.315190776,,0.000000,,,,,,,,,,0.000000,beat-sync,0.550000,1.377688,,-0.061981851,0.272608180,right_wrist_yaw,0.872695815,right_wrist_yaw,0.272608180,right_wrist_yaw,1.046412916,right_wrist_yaw,0.141882,-0.079361,0.918003,-1.358785,0.000000000,0.000000000,0.000000000,0.000000000,0.000000000,0.000000000,4.440000,0.000000000,0.000000000,,1.297022,1.099156,35.967281,,0.000966806,0,1,0,2,gPO_sBM_cAll_d10_mPO0_ch01;gPO_sBM_cAll_d11_mPO0_ch01,,85.454600,952.335900,103.909100,2447.146500,accepted,0.719384,,0.894825,0.078670253,60.323617,0.123633,PO,0.711953,0.021309,0.004966,JB3:0.708714;JB1:0.687405;JB5:0.685346;JB2:0.626589;JB4:0.620615,gPO_sBM_cAll_d10_mPO0_ch01:0.574638;gPO_sBM_cAll_d11_mPO0_ch01:0.569672;gPO_sBM_cAll_d11_mPO0_ch02:0.567856;gPO_sBM_cAll_d10_mPO0_ch02:0.566896;gPO_sBM_cAll_d11_mPO1_ch09:0.551823;gPO_sFM_cAll_d12_mPO1_ch16:0.551781;gPO_sBM_cAll_d11_mPO1_ch02:0.550185;gPO_sBM_cAll_d11_mPO1_ch07:0.548456;gPO_sFM_cAll_d11_mPO1_ch09:0.548017;gPO_sBM_cAll_d10_mPO1_ch08:0.547649,Electronic---Electro:0.256235;Electronic---Electroclash:0.200350;Electronic---Synthwave:0.170802;Electronic---Experimental:0.167557;Electronic---Synth-pop:0.135345,WA:v0:k1:r1,,JB3,0.708714,gPO_sBM_cAll_d10_mPO0_ch01,0.574638,96.153846
4.600000,4.612886100,,hermite,loading,,,,,0,1.0,0,gWA_sBM_cAll_d26_mWA0_ch05,,,4.056000,gPO_sBM_cAll_d10_mPO0_ch01;gPO_sBM_cAll_d11_mPO0_ch01;gPO_sBM_cAll_d11_mPO0_ch02;gPO_sBM_cAll_d10_mPO0_ch02;gPO_sBM_cAll_d12_mPO3_ch02,,,,,,0.316456089,,0.000000,,,,,,,,,,0.000000,beat-sync,0.550000,1.377688,,-0.060366920,0.246242803,right_wrist_yaw,1.305208990,left_wrist_yaw,0.246242803,right_wrist_yaw,0.904480648,left_wrist_yaw,0.148002,-0.082838,0.916095,-1.381849,0.000000000,0.000000000,0.000000000,0.000000000,0.000000000,0.000000000,4.440000,0.000000000,0.000000000,,1.261313,1.118478,13.536914,,0.000962310,0,1,0,2,gPO_sBM_cAll_d10_mPO0_ch01;gPO_sBM_cAll_d11_mPO0_ch01,,85.454600,952.335900,103.909100,2447.146500,accepted,0.719384,,0.894825,0.078670253,60.323617,0.123633,PO,0.711953,0.021309,0.004966,JB3:0.708714;JB1:0.687405;JB5:0.685346;JB2:0.626589;JB4:0.620615,gPO_sBM_cAll_d10_mPO0_ch01:0.574638;gPO_sBM_cAll_d11_mPO0_ch01:0.569672;gPO_sBM_cAll_d11_mPO0_ch02:0.567856;gPO_sBM_cAll_d10_mPO0_ch02:0.566896;gPO_sBM_cAll_d11_mPO1_ch09:0.551823;gPO_sFM_cAll_d12_mPO1_ch16:0.551781;gPO_sBM_cAll_d11_mPO1_ch02:0.550185;gPO_sBM_cAll_d11_mPO1_ch07:0.548456;gPO_sFM_cAll_d11_mPO1_ch09:0.548017;gPO_sBM_cAll_d10_mPO1_ch08:0.547649,Electronic---Electro:0.256235;Electronic---Electroclash:0.200350;Electronic---Synthwave:0.170802;Electronic---Experimental:0.167557;Electronic---Synth-pop:0.135345,WA:v0:k1:r1,,JB3,0.708714,gPO_sBM_cAll_d10_mPO0_ch01,0.574638,96.153846
4.600000,4.624860700,,hermite,loading,,,,,0,1.0,0,gWA_sBM_cAll_d26_mWA0_ch05,,,4.056000,gPO_sBM_cAll_d10_mPO0_ch01;gPO_sBM_cAll_d11_mPO0_ch01;gPO_sBM_cAll_d11_mPO0_ch02;gPO_sBM_cAll_d10_mPO0_ch02;gPO_sBM_cAll_d12_mPO3_ch02,,,,,,0.317162881,,0.000000,,,,,,,,,,0.000000,beat-sync,0.550000,1.377688,,-0.059447882,0.231425188,right_wrist_yaw,1.778113840,right_wrist_yaw,0.231425188,right_wrist_yaw,1.333586713,right_wrist_yaw,0.151583,-0.084826,0.915190,-1.395000,0.000000000,0.000000000,0.000000000,0.000000000,0.000000000,0.000000000,4.440000,0.000000000,0.000000000,,1.888576,1.686721,55.406887,,0.000960820,0,1,0,2,gPO_sBM_cAll_d10_mPO0_ch01;gPO_sBM_cAll_d11_mPO0_ch01,,85.454600,952.335900,103.909100,2447.146500,accepted,0.719384,,0.894825,0.078670253,60.323617,0.123633,PO,0.711953,0.021309,0.004966,JB3:0.708714;JB1:0.687405;JB5:0.685346;JB2:0.626589;JB4:0.620615,gPO_sBM_cAll_d10_mPO0_ch01:0.574638;gPO_sBM_cAll_d11_mPO0_ch01:0.569672;gPO_sBM_cAll_d11_mPO0_ch02:0.567856;gPO_sBM_cAll_d10_mPO0_ch02:0.566896;gPO_sBM_cAll_d11_mPO1_ch09:0.551823;gPO_sFM_cAll_d12_mPO1_ch16:0.551781;gPO_sBM_cAll_d11_mPO1_ch02:0.550185;gPO_sBM_cAll_d11_mPO1_ch07:0.548456;gPO_sFM_cAll_d11_mPO1_ch09:0.548017;gPO_sBM_cAll_d10_mPO1_ch08:0.547649,Electronic---Electro:0.256235;Electronic---Electroclash:0.200350;Electronic---Synthwave:0.170802;Electronic---Experimental:0.167557;Electronic---Synth-pop:0.135345,WA:v0:k1:r1,,JB3,0.708714,gPO_sBM_cAll_d10_mPO0_ch01,0.574638,96.153846
4.600000,4.633166100,,hermite,loading,,,,,0,1.0,0,gWA_sBM_cAll_d26_mWA0_ch05,,,4.056000,gPO_sBM_cAll_d10_mPO0_ch01;gPO_sBM_cAll_d11_mPO0_ch01;gPO_sBM_cAll_d11_mPO0_ch02;gPO_sBM_cAll_d10_mPO0_ch02;gPO_sBM_cAll_d12_mPO3_ch02,,,,,,0.317544309,,0.000000,,,,,,,,,,0.000000,beat-sync,0.550000,1.377688,,-0.058949051,0.223611918,right_wrist_yaw,0.937592341,right_wrist_yaw,0.223611918,right_wrist_yaw,1.118594326,right_wrist_yaw,0.153430,-0.085991,0.914888,-1.403040,0.000000000,0.000000000,0.000000000,0.000000000,0.000000000,0.000000000,4.440000,0.000000000,0.000000000,,1.603184,1.342132,43.948413,,0.000959335,0,1,0,2,gPO_sBM_cAll_d10_mPO0_ch01;gPO_sBM_cAll_d11_mPO0_ch01,,85.454600,952.335900,103.909100,2447.146500,accepted,0.719384,,0.894825,0.078670253,60.323617,0.123633,PO,0.711953,0.021309,0.004966,JB3:0.708714;JB1:0.687405;JB5:0.685346;JB2:0.626589;JB4:0.620615,gPO_sBM_cAll_d10_mPO0_ch01:0.574638;gPO_sBM_cAll_d11_mPO0_ch01:0.569672;gPO_sBM_cAll_d11_mPO0_ch02:0.567856;gPO_sBM_cAll_d10_mPO0_ch02:0.566896;gPO_sBM_cAll_d11_mPO1_ch09:0.551823;gPO_sFM_cAll_d12_mPO1_ch16:0.551781;gPO_sBM_cAll_d11_mPO1_ch02:0.550185;gPO_sBM_cAll_d11_mPO1_ch07:0.548456;gPO_sFM_cAll_d11_mPO1_ch09:0.548017;gPO_sBM_cAll_d10_mPO1_ch08:0.547649,Electronic---Electro:0.256235;Electronic---Electroclash:0.200350;Electronic---Synthwave:0.170802;Electronic---Experimental:0.167557;Electronic---Synth-pop:0.135345,WA:v0:k1:r1,,JB3,0.708714,gPO_sBM_cAll_d10_mPO0_ch01,0.574638,96.153846
4.632000,4.642186600,,hermite,loading,,,,,0,1.0,0,gWA_sBM_cAll_d26_mWA0_ch05,,,4.056000,gPO_sBM_cAll_d10_mPO0_ch01;gPO_sBM_cAll_d11_mPO0_ch01;gPO_sBM_cAll_d11_mPO0_ch02;gPO_sBM_cAll_d10_mPO0_ch02;gPO_sBM_cAll_d12_mPO3_ch02,,,,,,0.317937413,,0.000000,,,,,,,,,,0.000000,beat-sync,0.550000,1.377688,,-0.058432022,0.215580382,right_wrist_yaw,0.963784293,right_wrist_yaw,0.215580382,right_wrist_yaw,1.106043625,right_wrist_yaw,0.155333,-0.087190,0.914576,-1.411321,0.000000000,0.000000000,0.000000000,0.000000000,0.000000000,0.000000000,4.440000,0.000000000,0.000000000,,1.816102,1.490936,23.609560,,0.000957854,0,1,0,2,gPO_sBM_cAll_d10_mPO0_ch01;gPO_sBM_cAll_d11_mPO0_ch01,,85.454600,952.335900,103.909100,2447.146500,accepted,0.719384,,0.894825,0.078670253,60.323617,0.123633,PO,0.711953,0.021309,0.004966,JB3:0.708714;JB1:0.687405;JB5:0.685346;JB2:0.626589;JB4:0.620615,gPO_sBM_cAll_d10_mPO0_ch01:0.574638;gPO_sBM_cAll_d11_mPO0_ch01:0.569672;gPO_sBM_cAll_d11_mPO0_ch02:0.567856;gPO_sBM_cAll_d10_mPO0_ch02:0.566896;gPO_sBM_cAll_d11_mPO1_ch09:0.551823;gPO_sFM_cAll_d12_mPO1_ch16:0.551781;gPO_sBM_cAll_d11_mPO1_ch02:0.550185;gPO_sBM_cAll_d11_mPO1_ch07:0.548456;gPO_sFM_cAll_d11_mPO1_ch09:0.548017;gPO_sBM_cAll_d10_mPO1_ch08:0.547649,Electronic---Electro:0.256235;Electronic---Electroclash:0.200350;Electronic---Synthwave:0.170802;Electronic---Experimental:0.167557;Electronic---Synth-pop:0.135345,WA:v0:k1:r1,,JB3,0.708714,gPO_sBM_cAll_d10_mPO0_ch01,0.574638,96.153846
4.664000,4.674699500,,hermite,loading,,,,,0,1.0,0,gWA_sBM_cAll_d26_mWA0_ch05,,,4.056000,gPO_sBM_cAll_d10_mPO0_ch01;gPO_sBM_cAll_d11_mPO0_ch01;gPO_sBM_cAll_d11_mPO0_ch02;gPO_sBM_cAll_d10_mPO0_ch02;gPO_sBM_cAll_d12_mPO3_ch02,,,,,,0.319450502,,0.000000,,,,,,,,,,0.000000,beat-sync,0.550000,1.377688,,-0.056416785,0.196364657,left_wrist_yaw,0.771254960,right_wrist_yaw,0.196364657,left_wrist_yaw,1.065469425,right_wrist_yaw,0.161965,-0.091808,0.914029,-1.440655,0.000000000,0.000000000,0.000000000,0.000000000,0.000000000,0.000000000,4.440000,0.000000000,0.000000000,,2.665111,2.174437,50.152177,,0.000951978,0,1,0,2,gPO_sBM_cAll_d10_mPO0_ch01;gPO_sBM_cAll_d11_mPO0_ch01,,85.454600,952.335900,103.909100,2447.146500,accepted,0.719384,,0.894825,0.078670253,60.323617,0.123633,PO,0.711953,0.021309,0.004966,JB3:0.708714;JB1:0.687405;JB5:0.685346;JB2:0.626589;JB4:0.620615,gPO_sBM_cAll_d10_mPO0_ch01:0.574638;gPO_sBM_cAll_d11_mPO0_ch01:0.569672;gPO_sBM_cAll_d11_mPO0_ch02:0.567856;gPO_sBM_cAll_d10_mPO0_ch02:0.566896;gPO_sBM_cAll_d11_mPO1_ch09:0.551823;gPO_sFM_cAll_d12_mPO1_ch16:0.551781;gPO_sBM_cAll_d11_mPO1_ch02:0.550185;gPO_sBM_cAll_d11_mPO1_ch07:0.548456;gPO_sFM_cAll_d11_mPO1_ch09:0.548017;gPO_sBM_cAll_d10_mPO1_ch08:0.547649,Electronic---Electro:0.256235;Electronic---Electroclash:0.200350;Electronic---Synthwave:0.170802;Electronic---Experimental:0.167557;Electronic---Synth-pop:0.135345,WA:v0:k1:r1,,JB3,0.708714,gPO_sBM_cAll_d10_mPO0_ch01,0.574638,96.153846
4.728000,4.738218400,,hermite,loading,,,,,0,1.0,0,gWA_sBM_cAll_d26_mWA0_ch05,,,4.056000,gPO_sBM_cAll_d10_mPO0_ch01;gPO_sBM_cAll_d11_mPO0_ch01;gPO_sBM_cAll_d11_mPO0_ch02;gPO_sBM_cAll_d10_mPO0_ch02;gPO_sBM_cAll_d12_mPO3_ch02,,,,,,0.322224154,,0.000000,,,,,,,,,,0.000000,beat-sync,0.550000,1.377688,,-0.052632453,0.199803922,left_wrist_yaw,0.788154621,right_wrist_yaw,0.199803922,left_wrist_yaw,0.611837684,right_wrist_yaw,0.170693,-0.099590,0.914194,-1.482684,0.000000000,0.000000000,0.000000000,0.000000000,0.000000000,0.000000000,4.440000,0.000000000,0.000000000,,2.258943,1.916607,47.153071,,0.000941866,0,1,0,2,gPO_sBM_cAll_d10_mPO0_ch01;gPO_sBM_cAll_d11_mPO0_ch01,,85.454600,952.335900,103.909100,2447.146500,accepted,0.719384,,0.894825,0.078670253,60.323617,0.123633,PO,0.711953,0.021309,0.004966,JB3:0.708714;JB1:0.687405;JB5:0.685346;JB2:0.626589;JB4:0.620615,gPO_sBM_cAll_d10_mPO0_ch01:0.574638;gPO_sBM_cAll_d11_mPO0_ch01:0.569672;gPO_sBM_cAll_d11_mPO0_ch02:0.567856;gPO_sBM_cAll_d10_mPO0_ch02:0.566896;gPO_sBM_cAll_d11_mPO1_ch09:0.551823;gPO_sFM_cAll_d12_mPO1_ch16:0.551781;gPO_sBM_cAll_d11_mPO1_ch02:0.550185;gPO_sBM_cAll_d11_mPO1_ch07:0.548456;gPO_sFM_cAll_d11_mPO1_ch09:0.548017;gPO_sBM_cAll_d10_mPO1_ch08:0.547649,Electronic---Electro:0.256235;Electronic---Electroclash:0.200350;Electronic---Synthwave:0.170802;Electronic---Experimental:0.167557;Electronic---Synth-pop:0.135345,WA:v0:k1:r1,,JB3,0.708714,gPO_sBM_cAll_d10_mPO0_ch01,0.574638,96.153846
4.760000,4.783978100,,hermite,loading,,,,,0,1.0,0,gWA_sBM_cAll_d26_mWA0_ch05,,,4.056000,gPO_sBM_cAll_d10_mPO0_ch01;gPO_sBM_cAll_d11_mPO0_ch01;gPO_sBM_cAll_d11_mPO0_ch02;gPO_sBM_cAll_d10_mPO0_ch02;gPO_sBM_cAll_d12_mPO3_ch02,,,,,,0.324436302,,0.000000,,,,,,,,,,0.000000,beat-sync,0.550000,1.377688,,-0.049545897,0.174688335,left_wrist_yaw,0.725446983,left_wrist_yaw,0.174688335,left_wrist_yaw,1.109001966,left_wrist_yaw,0.176165,-0.103733,0.916858,-1.500952,0.000000000,0.000000000,0.000000000,0.000000000,0.000000000,0.000000000,4.440000,0.000000000,0.000000000,,4.693749,3.776002,186.446661,,0.000934774,0,1,0,2,gPO_sBM_cAll_d10_mPO0_ch01;gPO_sBM_cAll_d11_mPO0_ch01,,85.454600,952.335900,103.909100,2447.146500,accepted,0.719384,,0.894825,0.078670253,60.323617,0.123633,PO,0.711953,0.021309,0.004966,JB3:0.708714;JB1:0.687405;JB5:0.685346;JB2:0.626589;JB4:0.620615,gPO_sBM_cAll_d10_mPO0_ch01:0.574638;gPO_sBM_cAll_d11_mPO0_ch01:0.569672;gPO_sBM_cAll_d11_mPO0_ch02:0.567856;gPO_sBM_cAll_d10_mPO0_ch02:0.566896;gPO_sBM_cAll_d11_mPO1_ch09:0.551823;gPO_sFM_cAll_d12_mPO1_ch16:0.551781;gPO_sBM_cAll_d11_mPO1_ch02:0.550185;gPO_sBM_cAll_d11_mPO1_ch07:0.548456;gPO_sFM_cAll_d11_mPO1_ch09:0.548017;gPO_sBM_cAll_d10_mPO1_ch08:0.547649,Electronic---Electro:0.256235;Electronic---Electroclash:0.200350;Electronic---Synthwave:0.170802;Electronic---Experimental:0.167557;Electronic---Synth-pop:0.135345,WA:v0:k1:r1,,JB3,0.708714,gPO_sBM_cAll_d10_mPO0_ch01,0.574638,96.153846
4.824000,4.842345100,,hermite,loading,,,,,0,1.0,0,gWA_sBM_cAll_d26_mWA0_ch05,,,4.056000,gPO_sBM_cAll_d10_mPO0_ch01;gPO_sBM_cAll_d11_mPO0_ch01;gPO_sBM_cAll_d11_mPO0_ch02;gPO_sBM_cAll_d10_mPO0_ch02;gPO_sBM_cAll_d12_mPO3_ch02,,,,,,0.327126738,,0.000000,,,,,,,,,,0.000000,beat-sync,0.550000,1.377688,,-0.045731009,0.127859678,left_wrist_yaw,0.811049595,left_wrist_yaw,0.127859678,left_wrist_yaw,0.960895480,left_wrist_yaw,0.181079,-0.108225,0.919548,-1.504159,0.000000000,0.000000000,0.000000000,0.000000000,0.000000000,0.000000000,4.440000,0.000000000,0.000000000,,2.636940,2.151357,108.531111,,0.000925022,0,1,0,2,gPO_sBM_cAll_d10_mPO0_ch01;gPO_sBM_cAll_d11_mPO0_ch01,,85.454600,952.335900,103.909100,2447.146500,accepted,0.719384,,0.894825,0.078670253,60.323617,0.123633,PO,0.711953,0.021309,0.004966,JB3:0.708714;JB1:0.687405;JB5:0.685346;JB2:0.626589;JB4:0.620615,gPO_sBM_cAll_d10_mPO0_ch01:0.574638;gPO_sBM_cAll_d11_mPO0_ch01:0.569672;gPO_sBM_cAll_d11_mPO0_ch02:0.567856;gPO_sBM_cAll_d10_mPO0_ch02:0.566896;gPO_sBM_cAll_d11_mPO1_ch09:0.551823;gPO_sFM_cAll_d12_mPO1_ch16:0.551781;gPO_sBM_cAll_d11_mPO1_ch02:0.550185;gPO_sBM_cAll_d11_mPO1_ch07:0.548456;gPO_sFM_cAll_d11_mPO1_ch09:0.548017;gPO_sBM_cAll_d10_mPO1_ch08:0.547649,Electronic---Electro:0.256235;Electronic---Electroclash:0.200350;Electronic---Synthwave:0.170802;Electronic---Experimental:0.167557;Electronic---Synth-pop:0.135345,WA:v0:k1:r1,,JB3,0.708714,gPO_sBM_cAll_d10_mPO0_ch01,0.574638,96.153846
4.856000,4.876119700,,hermite,loading,,,,,0,1.0,0,gWA_sBM_cAll_d26_mWA0_ch05,,,4.056000,gPO_sBM_cAll_d10_mPO0_ch01;gPO_sBM_cAll_d11_mPO0_ch01;gPO_sBM_cAll_d11_mPO0_ch02;gPO_sBM_cAll_d10_mPO0_ch02;gPO_sBM_cAll_d12_mPO3_ch02,,,,,,0.328660609,,0.000000,,,,,,,,,,0.000000,beat-sync,0.550000,1.377688,,-0.043531289,0.117393524,right_wrist_yaw,0.784561489,left_wrist_yaw,0.117393524,right_wrist_yaw,0.859597472,left_wrist_yaw,0.181936,-0.111422,0.919833,-1.512703,0.000000000,0.000000000,0.000000000,0.000000000,0.000000000,0.000000000,4.440000,0.000000000,0.000000000,,2.276326,1.924578,127.983810,,0.000919540,0,1,0,2,gPO_sBM_cAll_d10_mPO0_ch01;gPO_sBM_cAll_d11_mPO0_ch01,,85.454600,952.335900,103.909100,2447.146500,accepted,0.719384,,0.894825,0.078670253,60.323617,0.123633,PO,0.711953,0.021309,0.004966,JB3:0.708714;JB1:0.687405;JB5:0.685346;JB2:0.626589;JB4:0.620615,gPO_sBM_cAll_d10_mPO0_ch01:0.574638;gPO_sBM_cAll_d11_mPO0_ch01:0.569672;gPO_sBM_cAll_d11_mPO0_ch02:0.567856;gPO_sBM_cAll_d10_mPO0_ch02:0.566896;gPO_sBM_cAll_d11_mPO1_ch09:0.551823;gPO_sFM_cAll_d12_mPO1_ch16:0.551781;gPO_sBM_cAll_d11_mPO1_ch02:0.550185;gPO_sBM_cAll_d11_mPO1_ch07:0.548456;gPO_sFM_cAll_d11_mPO1_ch09:0.548017;gPO_sBM_cAll_d10_mPO1_ch08:0.547649,Electronic---Electro:0.256235;Electronic---Electroclash:0.200350;Electronic---Synthwave:0.170802;Electronic---Experimental:0.167557;Electronic---Synth-pop:0.135345,WA:v0:k1:r1,,JB3,0.708714,gPO_sBM_cAll_d10_mPO0_ch01,0.574638,96.153846
4.920000,4.941599300,,hermite,loading,,,,,0,1.0,0,gWA_sBM_cAll_d26_mWA0_ch05,,,4.056000,gPO_sBM_cAll_d10_mPO0_ch01;gPO_sBM_cAll_d11_mPO0_ch01;gPO_sBM_cAll_d11_mPO0_ch02;gPO_sBM_cAll_d10_mPO0_ch02;gPO_sBM_cAll_d12_mPO3_ch02,,,,,,0.331698321,,0.000000,,,,,,,,,,0.000000,beat-sync,0.550000,1.377688,,-0.039133157,0.114599436,right_wrist_yaw,0.020410085,left_wrist_roll,0.114599436,right_wrist_yaw,0.033061335,left_wrist_roll,0.178341,-0.120303,0.919172,-1.551281,0.000000000,0.000000000,0.000000000,0.000000000,0.000000000,0.000000000,4.440000,0.000000000,0.000000000,,0.193410,0.152593,93.898051,,0.000908770,0,1,0,2,gPO_sBM_cAll_d10_mPO0_ch01;gPO_sBM_cAll_d11_mPO0_ch01,,85.454600,952.335900,103.909100,2447.146500,accepted,0.719384,,0.894825,0.078670253,60.323617,0.123633,PO,0.711953,0.021309,0.004966,JB3:0.708714;JB1:0.687405;JB5:0.685346;JB2:0.626589;JB4:0.620615,gPO_sBM_cAll_d10_mPO0_ch01:0.574638;gPO_sBM_cAll_d11_mPO0_ch01:0.569672;gPO_sBM_cAll_d11_mPO0_ch02:0.567856;gPO_sBM_cAll_d10_mPO0_ch02:0.566896;gPO_sBM_cAll_d11_mPO1_ch09:0.551823;gPO_sFM_cAll_d12_mPO1_ch16:0.551781;gPO_sBM_cAll_d11_mPO1_ch02:0.550185;gPO_sBM_cAll_d11_mPO1_ch07:0.548456;gPO_sFM_cAll_d11_mPO1_ch09:0.548017;gPO_sBM_cAll_d10_mPO1_ch08:0.547649,Electronic---Electro:0.256235;Electronic---Electroclash:0.200350;Electronic---Synthwave:0.170802;Electronic---Experimental:0.167557;Electronic---Synth-pop:0.135345,WA:v0:k1:r1,,JB3,0.708714,gPO_sBM_cAll_d10_mPO0_ch01,0.574638,96.153846
4.952000,4.967512600,,hermite,loading,,,,,0,1.0,0,gWA_sBM_cAll_d26_mWA0_ch05,,,4.056000,gPO_sBM_cAll_d10_mPO0_ch01;gPO_sBM_cAll_d11_mPO0_ch01;gPO_sBM_cAll_d11_mPO0_ch02;gPO_sBM_cAll_d10_mPO0_ch02;gPO_sBM_cAll_d12_mPO3_ch02,,,,,,0.332872864,,0.000000,,,,,,,,,,0.000000,beat-sync,0.550000,1.377688,,-0.037420230,0.114422929,right_wrist_yaw,0.015108589,left_wrist_roll,0.114422929,right_wrist_yaw,0.024048306,left_wrist_roll,0.175065,-0.124276,0.918194,-1.572800,0.000000000,0.000000000,0.000000000,0.000000000,0.000000000,0.000000000,4.440000,0.000000000,0.000000000,,0.058336,0.045324,5.323844,,0.000904795,0,1,0,2,gPO_sBM_cAll_d10_mPO0_ch01;gPO_sBM_cAll_d11_mPO0_ch01,,85.454600,952.335900,103.909100,2447.146500,accepted,0.719384,,0.894825,0.078670253,60.323617,0.123633,PO,0.711953,0.021309,0.004966,JB3:0.708714;JB1:0.687405;JB5:0.685346;JB2:0.626589;JB4:0.620615,gPO_sBM_cAll_d10_mPO0_ch01:0.574638;gPO_sBM_cAll_d11_mPO0_ch01:0.569672;gPO_sBM_cAll_d11_mPO0_ch02:0.567856;gPO_sBM_cAll_d10_mPO0_ch02:0.566896;gPO_sBM_cAll_d11_mPO1_ch09:0.551823;gPO_sFM_cAll_d12_mPO1_ch16:0.551781;gPO_sBM_cAll_d11_mPO1_ch02:0.550185;gPO_sBM_cAll_d11_mPO1_ch07:0.548456;gPO_sFM_cAll_d11_mPO1_ch09:0.548017;gPO_sBM_cAll_d10_mPO1_ch08:0.547649,Electronic---Electro:0.256235;Electronic---Electroclash:0.200350;Electronic---Synthwave:0.170802;Electronic---Experimental:0.167557;Electronic---Synth-pop:0.135345,WA:v0:k1:r1,,JB3,0.708714,gPO_sBM_cAll_d10_mPO0_ch01,0.574638,96.153846
5.016000,5.033529400,,hermite,loading,,,,,0,1.0,0,gWA_sBM_cAll_d26_mWA0_ch05,,,4.056000,gPO_sBM_cAll_d10_mPO0_ch01;gPO_sBM_cAll_d11_mPO0_ch01;gPO_sBM_cAll_d11_mPO0_ch02;gPO_sBM_cAll_d10_mPO0_ch02;gPO_sBM_cAll_d12_mPO3_ch02,,,,,,0.335901934,,0.000000,,,,,,,,,,0.000000,beat-sync,0.550000,1.377688,,-0.032977877,0.113872314,right_wrist_yaw,0.019339022,left_wrist_roll,0.113872314,right_wrist_yaw,0.027131977,left_wrist_roll,0.165612,-0.131624,0.917285,-1.619870,0.000000000,0.000000000,0.000000000,0.000000000,0.000000000,0.000000000,4.440000,0.000000000,0.000000000,,0.053824,0.045485,6.842017,,0.000894365,0,1,0,2,gPO_sBM_cAll_d10_mPO0_ch01;gPO_sBM_cAll_d11_mPO0_ch01,,85.454600,952.335900,103.909100,2447.146500,accepted,0.719384,,0.894825,0.078670253,60.323617,0.123633,PO,0.711953,0.021309,0.004966,JB3:0.708714;JB1:0.687405;JB5:0.685346;JB2:0.626589;JB4:0.620615,gPO_sBM_cAll_d10_mPO0_ch01:0.574638;gPO_sBM_cAll_d11_mPO0_ch01:0.569672;gPO_sBM_cAll_d11_mPO0_ch02:0.567856;gPO_sBM_cAll_d10_mPO0_ch02:0.566896;gPO_sBM_cAll_d11_mPO1_ch09:0.551823;gPO_sFM_cAll_d12_mPO1_ch16:0.551781;gPO_sBM_cAll_d11_mPO1_ch02:0.550185;gPO_sBM_cAll_d11_mPO1_ch07:0.548456;gPO_sFM_cAll_d11_mPO1_ch09:0.548017;gPO_sBM_cAll_d10_mPO1_ch08:0.547649,Electronic---Electro:0.256235;Electronic---Electroclash:0.200350;Electronic---Synthwave:0.170802;Electronic---Experimental:0.167557;Electronic---Synth-pop:0.135345,WA:v0:k1:r1,,JB3,0.708714,gPO_sBM_cAll_d10_mPO0_ch01,0.574638,96.153846
5.080000,5.094480000,,hermite,loading,,,,,0,1.0,0,gWA_sBM_cAll_d26_mWA0_ch05,,,4.056000,gPO_sBM_cAll_d10_mPO0_ch01;gPO_sBM_cAll_d11_mPO0_ch01;gPO_sBM_cAll_d11_mPO0_ch02;gPO_sBM_cAll_d10_mPO0_ch02;gPO_sBM_cAll_d12_mPO3_ch02,,,,,,0.338634375,,0.000000,,,,,,,,,,0.000000,beat-sync,0.550000,1.377688,,-0.028945887,0.113437501,right_wrist_yaw,0.013935478,left_wrist_roll,0.113437501,right_wrist_yaw,0.018286014,left_wrist_roll,0.158631,-0.135995,0.916467,-1.651916,0.000000000,0.000000000,0.000000000,0.000000000,0.000000000,0.000000000,4.440000,0.000000000,0.000000000,,0.171486,0.144835,19.595961,,0.000885435,0,1,0,2,gPO_sBM_cAll_d10_mPO0_ch01;gPO_sBM_cAll_d11_mPO0_ch01,,85.454600,952.335900,103.909100,2447.146500,accepted,0.719384,,0.894825,0.078670253,60.323617,0.123633,PO,0.711953,0.021309,0.004966,JB3:0.708714;JB1:0.687405;JB5:0.685346;JB2:0.626589;JB4:0.620615,gPO_sBM_cAll_d10_mPO0_ch01:0.574638;gPO_sBM_cAll_d11_mPO0_ch01:0.569672;gPO_sBM_cAll_d11_mPO0_ch02:0.567856;gPO_sBM_cAll_d10_mPO0_ch02:0.566896;gPO_sBM_cAll_d11_mPO1_ch09:0.551823;gPO_sFM_cAll_d12_mPO1_ch16:0.551781;gPO_sBM_cAll_d11_mPO1_ch02:0.550185;gPO_sBM_cAll_d11_mPO1_ch07:0.548456;gPO_sFM_cAll_d11_mPO1_ch09:0.548017;gPO_sBM_cAll_d10_mPO1_ch08:0.547649,Electronic---Electro:0.256235;Electronic---Electroclash:0.200350;Electronic---Synthwave:0.170802;Electronic---Experimental:0.167557;Electronic---Synth-pop:0.135345,WA:v0:k1:r1,,JB3,0.708714,gPO_sBM_cAll_d10_mPO0_ch01,0.574638,96.153846
5.112000,5.132795800,,hermite,loading,,,,,0,1.0,0,gWA_sBM_cAll_d26_mWA0_ch05,,,4.056000,gPO_sBM_cAll_d10_mPO0_ch01;gPO_sBM_cAll_d11_mPO0_ch01;gPO_sBM_cAll_d11_mPO0_ch02;gPO_sBM_cAll_d10_mPO0_ch02;gPO_sBM_cAll_d12_mPO3_ch02,,,,,,0.340315869,,0.000000,,,,,,,,,,0.000000,beat-sync,0.550000,1.377688,,-0.026455555,0.113251388,right_wrist_yaw,0.009058740,left_wrist_roll,0.113251388,right_wrist_yaw,0.007912862,left_wrist_roll,0.155731,-0.138162,0.916653,-1.675088,0.000000000,0.000000000,0.000000000,0.000000000,0.000000000,0.000000000,4.440000,0.000000000,0.000000000,,0.119962,0.106857,10.199300,,0.000880411,0,1,0,2,gPO_sBM_cAll_d10_mPO0_ch01;gPO_sBM_cAll_d11_mPO0_ch01,,85.454600,952.335900,103.909100,2447.146500,accepted,0.719384,,0.894825,0.078670253,60.323617,0.123633,PO,0.711953,0.021309,0.004966,JB3:0.708714;JB1:0.687405;JB5:0.685346;JB2:0.626589;JB4:0.620615,gPO_sBM_cAll_d10_mPO0_ch01:0.574638;gPO_sBM_cAll_d11_mPO0_ch01:0.569672;gPO_sBM_cAll_d11_mPO0_ch02:0.567856;gPO_sBM_cAll_d10_mPO0_ch02:0.566896;gPO_sBM_cAll_d11_mPO1_ch09:0.551823;gPO_sFM_cAll_d12_mPO1_ch16:0.551781;gPO_sBM_cAll_d11_mPO1_ch02:0.550185;gPO_sBM_cAll_d11_mPO1_ch07:0.548456;gPO_sFM_cAll_d11_mPO1_ch09:0.548017;gPO_sBM_cAll_d10_mPO1_ch08:0.547649,Electronic---Electro:0.256235;Electronic---Electroclash:0.200350;Electronic---Synthwave:0.170802;Electronic---Experimental:0.167557;Electronic---Synth-pop:0.135345,WA:v0:k1:r1,,JB3,0.708714,gPO_sBM_cAll_d10_mPO0_ch01,0.574638,96.153846
5.176000,5.187537300,,hermite,loading,,,,,0,1.0,0,gWA_sBM_cAll_d26_mWA0_ch05,,,4.056000,gPO_sBM_cAll_d10_mPO0_ch01;gPO_sBM_cAll_d11_mPO0_ch01;gPO_sBM_cAll_d11_mPO0_ch02;gPO_sBM_cAll_d10_mPO0_ch02;gPO_sBM_cAll_d12_mPO3_ch02,,,,,,0.342982081,,0.000000,,,,,,,,,,0.000000,beat-sync,0.550000,1.377688,,-0.022495496,0.112970911,right_wrist_yaw,0.005897196,left_wrist_roll,0.112970911,right_wrist_yaw,0.011167409,left_wrist_roll,0.153986,-0.141012,0.919021,-1.719938,0.000000000,0.000000000,0.000000000,0.000000000,0.000000000,0.000000000,4.440000,0.000000000,0.000000000,,0.028194,0.021055,4.016467,,0.000872981,0,1,0,2,gPO_sBM_cAll_d10_mPO0_ch01;gPO_sBM_cAll_d11_mPO0_ch01,,85.454600,952.335900,103.909100,2447.146500,accepted,0.719384,,0.894825,0.078670253,60.323617,0.123633,PO,0.711953,0.021309,0.004966,JB3:0.708714;JB1:0.687405;JB5:0.685346;JB2:0.626589;JB4:0.620615,gPO_sBM_cAll_d10_mPO0_ch01:0.574638;gPO_sBM_cAll_d11_mPO0_ch01:0.569672;gPO_sBM_cAll_d11_mPO0_ch02:0.567856;gPO_sBM_cAll_d10_mPO0_ch02:0.566896;gPO_sBM_cAll_d11_mPO1_ch09:0.551823;gPO_sFM_cAll_d12_mPO1_ch16:0.551781;gPO_sBM_cAll_d11_mPO1_ch02:0.550185;gPO_sBM_cAll_d11_mPO1_ch07:0.548456;gPO_sFM_cAll_d11_mPO1_ch09:0.548017;gPO_sBM_cAll_d10_mPO1_ch08:0.547649,Electronic---Electro:0.256235;Electronic---Electroclash:0.200350;Electronic---Synthwave:0.170802;Electronic---Experimental:0.167557;Electronic---Synth-pop:0.135345,WA:v0:k1:r1,,JB3,0.708714,gPO_sBM_cAll_d10_mPO0_ch01,0.574638,96.153846
5.208000,5.222154700,,hermite,loading,,,,,0,1.0,0,gWA_sBM_cAll_d26_mWA0_ch05,,,4.056000,gPO_sBM_cAll_d10_mPO0_ch01;gPO_sBM_cAll_d11_mPO0_ch01;gPO_sBM_cAll_d11_mPO0_ch02;gPO_sBM_cAll_d10_mPO0_ch02;gPO_sBM_cAll_d12_mPO3_ch02,,,,,,0.344508549,,0.000000,,,,,,,,,,0.000000,beat-sync,0.550000,1.377688,,-0.020223349,0.112818818,right_wrist_yaw,0.006469661,left_wrist_roll,0.112818818,right_wrist_yaw,0.008384473,left_wrist_roll,0.153109,-0.142431,0.920223,-1.739722,0.000000000,0.000000000,0.000000000,0.000000000,0.000000000,0.000000000,4.440000,0.000000000,0.000000000,,0.170440,0.146401,19.153223,,0.000868097,0,1,0,2,gPO_sBM_cAll_d10_mPO0_ch01;gPO_sBM_cAll_d11_mPO0_ch01,,85.454600,952.335900,103.909100,2447.146500,accepted,0.719384,,0.894825,0.078670253,60.323617,0.123633,PO,0.711953,0.021309,0.004966,JB3:0.708714;JB1:0.687405;JB5:0.685346;JB2:0.626589;JB4:0.620615,gPO_sBM_cAll_d10_mPO0_ch01:0.574638;gPO_sBM_cAll_d11_mPO0_ch01:0.569672;gPO_sBM_cAll_d11_mPO0_ch02:0.567856;gPO_sBM_cAll_d10_mPO0_ch02:0.566896;gPO_sBM_cAll_d11_mPO1_ch09:0.551823;gPO_sFM_cAll_d12_mPO1_ch16:0.551781;gPO_sBM_cAll_d11_mPO1_ch02:0.550185;gPO_sBM_cAll_d11_mPO1_ch07:0.548456;gPO_sFM_cAll_d11_mPO1_ch09:0.548017;gPO_sBM_cAll_d10_mPO1_ch08:0.547649,Electronic---Electro:0.256235;Electronic---Electroclash:0.200350;Electronic---Synthwave:0.170802;Electronic---Experimental:0.167557;Electronic---Synth-pop:0.135345,WA:v0:k1:r1,,JB3,0.708714,gPO_sBM_cAll_d10_mPO0_ch01,0.574638,96.153846
5.208000,5.246138500,match,hermite,loading,,,,,0,1.0,0,gWA_sBM_cAll_d26_mWA0_ch05,,,5.080000,gPO_sBM_cAll_d10_mPO0_ch01;gPO_sBM_cAll_d11_mPO0_ch01;gPO_sBM_cAll_d11_mPO0_ch02;gPO_sBM_cAll_d10_mPO0_ch02;gPO_sBM_cAll_d12_mPO3_ch02,,,,,,0.345630361,,0.000000,,,,,,,,,,0.000000,beat-sync,0.550000,1.377688,,-0.018551561,0.112708149,right_wrist_yaw,0.006257989,left_wrist_roll,0.112708149,right_wrist_yaw,0.007360920,left_wrist_roll,0.152439,-0.143432,0.921149,-1.752897,0.000000000,0.000000000,0.000000000,0.000000000,0.000000000,0.000000000,4.440000,0.000000000,0.000000000,,0.007361,0.006367,0.141544,,0.000864470,0,1,0,2,gPO_sBM_cAll_d10_mPO0_ch01;gPO_sBM_cAll_d11_mPO0_ch01,,85.454600,952.335900,103.909100,2447.146500,accepted,0.930268,,0.873214,0.151778988,43.263060,0.162870,PO,0.727398,0.003675,0.004979,JB3:0.702185;JB1:0.698511;JB5:0.696486;JB2:0.607221;JB4:0.603967,gPO_sBM_cAll_d10_mPO0_ch01:0.585947;gPO_sBM_cAll_d11_mPO0_ch01:0.580968;gPO_sBM_cAll_d11_mPO0_ch02:0.579165;gPO_sBM_cAll_d10_mPO0_ch02:0.578207;gPO_sBM_cAll_d10_mPO2_ch02:0.555003;gPO_sBM_cAll_d12_mPO2_ch02:0.554939;gPO_sBM_cAll_d12_mPO2_ch01:0.553674;gPO_sBM_cAll_d12_mPO3_ch02:0.553667;gPO_sBM_cAll_d12_mPO3_ch01:0.552451;gPO_sBM_cAll_d10_mPO3_ch02:0.552109,Electronic---Electro:0.261323;Electronic---Synthwave:0.207569;Electronic---Ambient:0.162870;Electronic---Synth-pop:0.142390;Electronic---Techno:0.136366,WA:v0:k1:r1,,JB3,0.702185,gPO_sBM_cAll_d10_mPO0_ch01,0.585947,96.153846
5.272000,5.281733800,,hermite,loading,,,,,0,1.0,0,gWA_sBM_cAll_d26_mWA0_ch05,,,5.080000,gPO_sBM_cAll_d10_mPO0_ch01;gPO_sBM_cAll_d11_mPO0_ch01;gPO_sBM_cAll_d11_mPO0_ch02;gPO_sBM_cAll_d10_mPO0_ch02;gPO_sBM_cAll_d12_mPO3_ch02,,,,,,0.347347977,,0.000000,,,,,,,,,,0.000000,beat-sync,0.573648,1.377688,,-0.016047141,0.112487179,right_wrist_yaw,0.013346177,left_wrist_roll,0.112487179,right_wrist_yaw,0.010518872,left_wrist_roll,0.151147,-0.144836,0.923171,-1.776503,0.000000000,0.000000000,0.000000000,0.000000000,0.000000000,0.000000000,4.440000,0.000000000,0.000000000,,0.032469,0.029489,2.816428,,0.000859681,0,1,0,2,gPO_sBM_cAll_d10_mPO0_ch01;gPO_sBM_cAll_d11_mPO0_ch01,,85.454600,952.335900,103.909100,2447.146500,accepted,0.930268,,0.873214,0.151778988,43.263060,0.162870,PO,0.727398,0.003675,0.004979,JB3:0.702185;JB1:0.698511;JB5:0.696486;JB2:0.607221;JB4:0.603967,gPO_sBM_cAll_d10_mPO0_ch01:0.585947;gPO_sBM_cAll_d11_mPO0_ch01:0.580968;gPO_sBM_cAll_d11_mPO0_ch02:0.579165;gPO_sBM_cAll_d10_mPO0_ch02:0.578207;gPO_sBM_cAll_d10_mPO2_ch02:0.555003;gPO_sBM_cAll_d12_mPO2_ch02:0.554939;gPO_sBM_cAll_d12_mPO2_ch01:0.553674;gPO_sBM_cAll_d12_mPO3_ch02:0.553667;gPO_sBM_cAll_d12_mPO3_ch01:0.552451;gPO_sBM_cAll_d10_mPO3_ch02:0.552109,Electronic---Electro:0.261323;Electronic---Synthwave:0.207569;Electronic---Ambient:0.162870;Electronic---Synth-pop:0.142390;Electronic---Techno:0.136366,WA:v0:k1:r1,,JB3,0.702185,gPO_sBM_cAll_d10_mPO0_ch01,0.585947,96.153846
5.304000,5.311876000,,hermite,loading,,,,,0,1.0,0,gWA_sBM_cAll_d26_mWA0_ch05,,,5.080000,gPO_sBM_cAll_d10_mPO0_ch01;gPO_sBM_cAll_d11_mPO0_ch01;gPO_sBM_cAll_d11_mPO0_ch02;gPO_sBM_cAll_d10_mPO0_ch02;gPO_sBM_cAll_d12_mPO3_ch02,,,,,,0.348873935,,0.000000,,,,,,,,,,0.000000,beat-sync,0.633460,1.377688,,-0.014150460,0.112328224,right_wrist_yaw,0.010963550,left_wrist_roll,0.112328224,right_wrist_yaw,0.011896368,left_wrist_roll,0.149341,-0.146075,0.926108,-1.803250,0.000000000,0.000000000,0.000000000,0.000000000,0.000000000,0.000000000,4.440000,0.000000000,0.000000000,,0.065323,0.057349,6.968216,,0.000854944,0,1,0,2,gPO_sBM_cAll_d10_mPO0_ch01;gPO_sBM_cAll_d11_mPO0_ch01,,85.454600,952.335900,103.909100,2447.146500,accepted,0.930268,,0.873214,0.151778988,43.263060,0.162870,PO,0.727398,0.003675,0.004979,JB3:0.702185;JB1:0.698511;JB5:0.696486;JB2:0.607221;JB4:0.603967,gPO_sBM_cAll_d10_mPO0_ch01:0.585947;gPO_sBM_cAll_d11_mPO0_ch01:0.580968;gPO_sBM_cAll_d11_mPO0_ch02:0.579165;gPO_sBM_cAll_d10_mPO0_ch02:0.578207;gPO_sBM_cAll_d10_mPO2_ch02:0.555003;gPO_sBM_cAll_d12_mPO2_ch02:0.554939;gPO_sBM_cAll_d12_mPO2_ch01:0.553674;gPO_sBM_cAll_d12_mPO3_ch02:0.553667;gPO_sBM_cAll_d12_mPO3_ch01:0.552451;gPO_sBM_cAll_d10_mPO3_ch02:0.552109,Electronic---Electro:0.261323;Electronic---Synthwave:0.207569;Electronic---Ambient:0.162870;Electronic---Synth-pop:0.142390;Electronic---Techno:0.136366,WA:v0:k1:r1,,JB3,0.702185,gPO_sBM_cAll_d10_mPO0_ch01,0.585947,96.153846
5.368000,5.378238800,,hermite,loading,,,,,0,1.0,0,gWA_sBM_cAll_d26_mWA0_ch05,,,5.080000,gPO_sBM_cAll_d10_mPO0_ch01;gPO_sBM_cAll_d11_mPO0_ch01;gPO_sBM_cAll_d11_mPO0_ch02;gPO_sBM_cAll_d10_mPO0_ch02;gPO_sBM_cAll_d12_mPO3_ch02,,,,,,0.352762167,,0.000000,,,,,,,,,,0.000000,beat-sync,0.765163,1.377688,,-0.010495885,0.111975149,right_wrist_yaw,0.009468478,right_wrist_roll,0.111975149,right_wrist_yaw,0.016763828,right_wrist_roll,0.144300,-0.145169,0.936451,-1.913778,0.000000000,0.000000000,0.000000000,0.000000000,0.000000000,0.000000000,4.440000,0.000000000,0.000000000,,0.016764,0.013062,1.340215,,0.000845626,0,1,0,2,gPO_sBM_cAll_d10_mPO0_ch01;gPO_sBM_cAll_d11_mPO0_ch01,,85.454600,952.335900,103.909100,2447.146500,accepted,0.930268,,0.873214,0.151778988,43.263060,0.162870,PO,0.727398,0.003675,0.004979,JB3:0.702185;JB1:0.698511;JB5:0.696486;JB2:0.607221;JB4:0.603967,gPO_sBM_cAll_d10_mPO0_ch01:0.585947;gPO_sBM_cAll_d11_mPO0_ch01:0.580968;gPO_sBM_cAll_d11_mPO0_ch02:0.579165;gPO_sBM_cAll_d10_mPO0_ch02:0.578207;gPO_sBM_cAll_d10_mPO2_ch02:0.555003;gPO_sBM_cAll_d12_mPO2_ch02:0.554939;gPO_sBM_cAll_d12_mPO2_ch01:0.553674;gPO_sBM_cAll_d12_mPO3_ch02:0.553667;gPO_sBM_cAll_d12_mPO3_ch01:0.552451;gPO_sBM_cAll_d10_mPO3_ch02:0.552109,Electronic---Electro:0.261323;Electronic---Synthwave:0.207569;Electronic---Ambient:0.162870;Electronic---Synth-pop:0.142390;Electronic---Techno:0.136366,WA:v0:k1:r1,,JB3,0.702185,gPO_sBM_cAll_d10_mPO0_ch01,0.585947,96.153846
5.400000,5.420968200,,hermite,loading,,,,,0,1.0,0,gWA_sBM_cAll_d26_mWA0_ch05,,,5.080000,gPO_sBM_cAll_d10_mPO0_ch01;gPO_sBM_cAll_d11_mPO0_ch01;gPO_sBM_cAll_d11_mPO0_ch02;gPO_sBM_cAll_d10_mPO0_ch02;gPO_sBM_cAll_d12_mPO3_ch02,,,,,,0.355678522,,0.000000,,,,,,,,,,0.000000,beat-sync,0.850409,1.377688,,-0.008526204,0.111457762,right_wrist_yaw,0.046838316,right_wrist_yaw,0.111457762,right_wrist_yaw,0.032655324,right_wrist_yaw,0.141994,-0.148010,0.945091,-2.038569,0.000000000,0.000000000,0.000000000,0.000000000,0.000000000,0.000000000,4.440000,0.000000000,0.000000000,,0.153953,0.139227,10.330252,,0.000841043,0,1,0,2,gPO_sBM_cAll_d10_mPO0_ch01;gPO_sBM_cAll_d11_mPO0_ch01,,85.454600,952.335900,103.909100,2447.146500,accepted,0.930268,,0.873214,0.151778988,43.263060,0.162870,PO,0.727398,0.003675,0.004979,JB3:0.702185;JB1:0.698511;JB5:0.696486;JB2:0.607221;JB4:0.603967,gPO_sBM_cAll_d10_mPO0_ch01:0.585947;gPO_sBM_cAll_d11_mPO0_ch01:0.580968;gPO_sBM_cAll_d11_mPO0_ch02:0.579165;gPO_sBM_cAll_d10_mPO0_ch02:0.578207;gPO_sBM_cAll_d10_mPO2_ch02:0.555003;gPO_sBM_cAll_d12_mPO2_ch02:0.554939;gPO_sBM_cAll_d12_mPO2_ch01:0.553674;gPO_sBM_cAll_d12_mPO3_ch02:0.553667;gPO_sBM_cAll_d12_mPO3_ch01:0.552451;gPO_sBM_cAll_d10_mPO3_ch02:0.552109,Electronic---Electro:0.261323;Electronic---Synthwave:0.207569;Electronic---Ambient:0.162870;Electronic---Synth-pop:0.142390;Electronic---Techno:0.136366,WA:v0:k1:r1,,JB3,0.702185,gPO_sBM_cAll_d10_mPO0_ch01,0.585947,96.153846
5.464000,5.487337100,,hermite,loading,,,,,0,1.0,0,gWA_sBM_cAll_d26_mWA0_ch05,,,5.080000,gPO_sBM_cAll_d10_mPO0_ch01;gPO_sBM_cAll_d11_mPO0_ch01;gPO_sBM_cAll_d11_mPO0_ch02;gPO_sBM_cAll_d10_mPO0_ch02;gPO_sBM_cAll_d12_mPO3_ch02,,,,,,0.360808593,,0.000000,,,,,,,,,,0.000000,beat-sync,0.983296,1.377688,,-0.006035008,0.050191193,right_wrist_yaw,0.819620024,left_wrist_yaw,0.050191193,right_wrist_yaw,1.076956665,left_wrist_yaw,0.135408,-0.161989,0.947977,-2.212147,0.000000000,0.000000000,0.000000000,0.000000000,0.000000000,0.000000000,4.440000,0.000000000,0.000000000,,11.327317,9.431153,544.652166,,0.000832024,0,1,0,2,gPO_sBM_cAll_d10_mPO0_ch01;gPO_sBM_cAll_d11_mPO0_ch01,,85.454600,952.335900,103.909100,2447.146500,accepted,0.930268,,0.873214,0.151778988,43.263060,0.162870,PO,0.727398,0.003675,0.004979,JB3:0.702185;JB1:0.698511;JB5:0.696486;JB2:0.607221;JB4:0.603967,gPO_sBM_cAll_d10_mPO0_ch01:0.585947;gPO_sBM_cAll_d11_mPO0_ch01:0.580968;gPO_sBM_cAll_d11_mPO0_ch02:0.579165;gPO_sBM_cAll_d10_mPO0_ch02:0.578207;gPO_sBM_cAll_d10_mPO2_ch02:0.555003;gPO_sBM_cAll_d12_mPO2_ch02:0.554939;gPO_sBM_cAll_d12_mPO2_ch01:0.553674;gPO_sBM_cAll_d12_mPO3_ch02:0.553667;gPO_sBM_cAll_d12_mPO3_ch01:0.552451;gPO_sBM_cAll_d10_mPO3_ch02:0.552109,Electronic---Electro:0.261323;Electronic---Synthwave:0.207569;Electronic---Ambient:0.162870;Electronic---Synth-pop:0.142390;Electronic---Techno:0.136366,WA:v0:k1:r1,,JB3,0.702185,gPO_sBM_cAll_d10_mPO0_ch01,0.585947,96.153846
5.528000,5.546577200,,hermite,loading,,,,,0,1.0,0,gWA_sBM_cAll_d26_mWA0_ch05,,,5.080000,gPO_sBM_cAll_d10_mPO0_ch01;gPO_sBM_cAll_d11_mPO0_ch01;gPO_sBM_cAll_d11_mPO0_ch02;gPO_sBM_cAll_d10_mPO0_ch02;gPO_sBM_cAll_d12_mPO3_ch02,,,,,,0.366058658,,0.000000,,,,,,,,,,0.000000,beat-sync,1.102714,1.074219,,0.034602780,0.069257071,right_wrist_yaw,1.703415913,right_wrist_yaw,0.069257071,right_wrist_yaw,1.317108106,right_wrist_yaw,0.120431,-0.172843,0.933761,-2.245446,0.000000000,0.000000000,0.000000000,0.000000000,0.000000000,0.000000000,5.496000,0.000000000,0.000000000,,10.187568,9.075592,266.670438,,0.000825385,0,1,0,2,gPO_sBM_cAll_d10_mPO0_ch01;gPO_sBM_cAll_d11_mPO0_ch01,,85.454600,952.335900,103.909100,2447.146500,accepted,0.930268,,0.873214,0.151778988,43.263060,0.162870,PO,0.727398,0.003675,0.004979,JB3:0.702185;JB1:0.698511;JB5:0.696486;JB2:0.607221;JB4:0.603967,gPO_sBM_cAll_d10_mPO0_ch01:0.585947;gPO_sBM_cAll_d11_mPO0_ch01:0.580968;gPO_sBM_cAll_d11_mPO0_ch02:0.579165;gPO_sBM_cAll_d10_mPO0_ch02:0.578207;gPO_sBM_cAll_d10_mPO2_ch02:0.555003;gPO_sBM_cAll_d12_mPO2_ch02:0.554939;gPO_sBM_cAll_d12_mPO2_ch01:0.553674;gPO_sBM_cAll_d12_mPO3_ch02:0.553667;gPO_sBM_cAll_d12_mPO3_ch01:0.552451;gPO_sBM_cAll_d10_mPO3_ch02:0.552109,Electronic---Electro:0.261323;Electronic---Synthwave:0.207569;Electronic---Ambient:0.162870;Electronic---Synth-pop:0.142390;Electronic---Techno:0.136366,WA:v0:k1:r1,,JB3,0.702185,gPO_sBM_cAll_d10_mPO0_ch01,0.585947,96.153846
5.560000,5.580441600,,hermite,loading,,,,,0,1.0,0,gWA_sBM_cAll_d26_mWA0_ch05,,,5.080000,gPO_sBM_cAll_d10_mPO0_ch01;gPO_sBM_cAll_d11_mPO0_ch01;gPO_sBM_cAll_d11_mPO0_ch02;gPO_sBM_cAll_d10_mPO0_ch02;gPO_sBM_cAll_d12_mPO3_ch02,,,,,,0.369280811,,0.000000,,,,,,,,,,0.000000,beat-sync,1.170165,1.074219,,0.035065138,0.127427251,right_wrist_yaw,2.023764019,right_wrist_yaw,0.127427251,right_wrist_yaw,2.717351748,right_wrist_yaw,0.117591,-0.179385,0.928760,-2.230289,0.000000000,0.000000000,0.000000000,0.000000000,0.000000000,0.000000000,5.496000,0.000000000,0.000000000,,6.282929,5.200968,98.634507,,0.000821018,0,1,0,2,gPO_sBM_cAll_d10_mPO0_ch01;gPO_sBM_cAll_d11_mPO0_ch01,,85.454600,952.335900,103.909100,2447.146500,accepted,0.930268,,0.873214,0.151778988,43.263060,0.162870,PO,0.727398,0.003675,0.004979,JB3:0.702185;JB1:0.698511;JB5:0.696486;JB2:0.607221;JB4:0.603967,gPO_sBM_cAll_d10_mPO0_ch01:0.585947;gPO_sBM_cAll_d11_mPO0_ch01:0.580968;gPO_sBM_cAll_d11_mPO0_ch02:0.579165;gPO_sBM_cAll_d10_mPO0_ch02:0.578207;gPO_sBM_cAll_d10_mPO2_ch02:0.555003;gPO_sBM_cAll_d12_mPO2_ch02:0.554939;gPO_sBM_cAll_d12_mPO2_ch01:0.553674;gPO_sBM_cAll_d12_mPO3_ch02:0.553667;gPO_sBM_cAll_d12_mPO3_ch01:0.552451;gPO_sBM_cAll_d10_mPO3_ch02:0.552109,Electronic---Electro:0.261323;Electronic---Synthwave:0.207569;Electronic---Ambient:0.162870;Electronic---Synth-pop:0.142390;Electronic---Techno:0.136366,WA:v0:k1:r1,,JB3,0.702185,gPO_sBM_cAll_d10_mPO0_ch01,0.585947,96.153846
5.560000,5.597650700,beat_limiter_result,hermite,loading,,,,,0,1.0,0,gWA_sBM_cAll_d26_mWA0_ch05,,,5.080000,gPO_sBM_cAll_d10_mPO0_ch01;gPO_sBM_cAll_d11_mPO0_ch01;gPO_sBM_cAll_d11_mPO0_ch02;gPO_sBM_cAll_d10_mPO0_ch02;gPO_sBM_cAll_d12_mPO3_ch02,,,,,,0.370974320,,0.000000,,,,,,,,,,0.000000,beat-sync,1.204112,1.074219,,0.035189610,0.165054384,right_wrist_yaw,2.399649584,right_wrist_yaw,0.165054384,right_wrist_yaw,2.656466101,right_wrist_yaw,0.120128,-0.180716,0.926292,-2.217488,0.000000000,0.000000000,0.000000000,0.000000000,0.000000000,0.000000000,5.496000,0.000000000,0.000000000,,4.019474,3.293107,335.576603,,0.000818852,0,1,0,2,gPO_sBM_cAll_d10_mPO0_ch01;gPO_sBM_cAll_d11_mPO0_ch01,,85.454600,952.335900,103.909100,2447.146500,accepted,0.930268,,0.873214,0.151778988,43.263060,0.162870,PO,0.727398,0.003675,0.004979,JB3:0.702185;JB1:0.698511;JB5:0.696486;JB2:0.607221;JB4:0.603967,gPO_sBM_cAll_d10_mPO0_ch01:0.585947;gPO_sBM_cAll_d11_mPO0_ch01:0.580968;gPO_sBM_cAll_d11_mPO0_ch02:0.579165;gPO_sBM_cAll_d10_mPO0_ch02:0.578207;gPO_sBM_cAll_d10_mPO2_ch02:0.555003;gPO_sBM_cAll_d12_mPO2_ch02:0.554939;gPO_sBM_cAll_d12_mPO2_ch01:0.553674;gPO_sBM_cAll_d12_mPO3_ch02:0.553667;gPO_sBM_cAll_d12_mPO3_ch01:0.552451;gPO_sBM_cAll_d10_mPO3_ch02:0.552109,Electronic---Electro:0.261323;Electronic---Synthwave:0.207569;Electronic---Ambient:0.162870;Electronic---Synth-pop:0.142390;Electronic---Techno:0.136366,WA:v0:k1:r1,,JB3,0.702185,gPO_sBM_cAll_d10_mPO0_ch01,0.585947,96.153846
5.624000,5.641585600,,hermite,loading,,,,,0,1.0,0,gWA_sBM_cAll_d26_mWA0_ch05,,,5.080000,gPO_sBM_cAll_d10_mPO0_ch01;gPO_sBM_cAll_d11_mPO0_ch01;gPO_sBM_cAll_d11_mPO0_ch02;gPO_sBM_cAll_d10_mPO0_ch02;gPO_sBM_cAll_d12_mPO3_ch02,,,,,,0.375311705,,0.000000,,,,,,,,,,0.000000,beat-sync,1.287018,1.074219,,0.035203562,0.215383548,right_wrist_yaw,3.703209324,left_wrist_yaw,0.215383548,right_wrist_yaw,3.501693847,left_wrist_yaw,0.122483,-0.196904,0.916781,-2.242831,0.000000000,0.000000000,0.000000000,0.000000000,0.000000000,0.000000000,5.496000,0.000000000,0.000000000,,5.110195,4.354214,89.263051,,0.000813486,0,1,0,2,gPO_sBM_cAll_d10_mPO0_ch01;gPO_sBM_cAll_d11_mPO0_ch01,,85.454600,952.335900,103.909100,2447.146500,accepted,0.930268,,0.873214,0.151778988,43.263060,0.162870,PO,0.727398,0.003675,0.004979,JB3:0.702185;JB1:0.698511;JB5:0.696486;JB2:0.607221;JB4:0.603967,gPO_sBM_cAll_d10_mPO0_ch01:0.585947;gPO_sBM_cAll_d11_mPO0_ch01:0.580968;gPO_sBM_cAll_d11_mPO0_ch02:0.579165;gPO_sBM_cAll_d10_mPO0_ch02:0.578207;gPO_sBM_cAll_d10_mPO2_ch02:0.555003;gPO_sBM_cAll_d12_mPO2_ch02:0.554939;gPO_sBM_cAll_d12_mPO2_ch01:0.553674;gPO_sBM_cAll_d12_mPO3_ch02:0.553667;gPO_sBM_cAll_d12_mPO3_ch01:0.552451;gPO_sBM_cAll_d10_mPO3_ch02:0.552109,Electronic---Electro:0.261323;Electronic---Synthwave:0.207569;Electronic---Ambient:0.162870;Electronic---Synth-pop:0.142390;Electronic---Techno:0.136366,WA:v0:k1:r1,,JB3,0.702185,gPO_sBM_cAll_d10_mPO0_ch01,0.585947,96.153846
5.656000,5.674538500,,hermite,loading,,,,,0,1.0,0,gWA_sBM_cAll_d26_mWA0_ch05,,,5.080000,gPO_sBM_cAll_d10_mPO0_ch01;gPO_sBM_cAll_d11_mPO0_ch01;gPO_sBM_cAll_d11_mPO0_ch02;gPO_sBM_cAll_d10_mPO0_ch02;gPO_sBM_cAll_d12_mPO3_ch02,,,,,,0.379057199,,0.000000,,,,,,,,,,0.000000,beat-sync,1.354550,1.074219,,0.034921235,0.265653449,left_wrist_yaw,4.422714331,left_wrist_yaw,0.265653449,left_wrist_yaw,3.939622108,left_wrist_yaw,0.120451,-0.210773,0.908949,-2.291455,0.000000000,0.000000000,0.000000000,0.000000000,0.000000000,0.000000000,5.496000,0.000000000,0.000000000,,5.311931,4.641800,164.069221,,0.000809243,0,1,0,2,gPO_sBM_cAll_d10_mPO0_ch01;gPO_sBM_cAll_d11_mPO0_ch01,,85.454600,952.335900,103.909100,2447.146500,accepted,0.930268,,0.873214,0.151778988,43.263060,0.162870,PO,0.727398,0.003675,0.004979,JB3:0.702185;JB1:0.698511;JB5:0.696486;JB2:0.607221;JB4:0.603967,gPO_sBM_cAll_d10_mPO0_ch01:0.585947;gPO_sBM_cAll_d11_mPO0_ch01:0.580968;gPO_sBM_cAll_d11_mPO0_ch02:0.579165;gPO_sBM_cAll_d10_mPO0_ch02:0.578207;gPO_sBM_cAll_d10_mPO2_ch02:0.555003;gPO_sBM_cAll_d12_mPO2_ch02:0.554939;gPO_sBM_cAll_d12_mPO2_ch01:0.553674;gPO_sBM_cAll_d12_mPO3_ch02:0.553667;gPO_sBM_cAll_d12_mPO3_ch01:0.552451;gPO_sBM_cAll_d10_mPO3_ch02:0.552109,Electronic---Electro:0.261323;Electronic---Synthwave:0.207569;Electronic---Ambient:0.162870;Electronic---Synth-pop:0.142390;Electronic---Techno:0.136366,WA:v0:k1:r1,,JB3,0.702185,gPO_sBM_cAll_d10_mPO0_ch01,0.585947,96.153846
5.720000,5.755861600,,hermite,loading,,,,,0,1.0,0,gWA_sBM_cAll_d26_mWA0_ch05,,,5.080000,gPO_sBM_cAll_d10_mPO0_ch01;gPO_sBM_cAll_d11_mPO0_ch01;gPO_sBM_cAll_d11_mPO0_ch02;gPO_sBM_cAll_d10_mPO0_ch02;gPO_sBM_cAll_d12_mPO3_ch02,,,,,,0.388646421,,0.000000,,,,,,,,,,0.000000,beat-sync,1.513509,1.074219,,0.033250648,0.406702474,left_wrist_yaw,4.148810765,right_wrist_yaw,0.406702474,left_wrist_yaw,2.889111795,right_wrist_yaw,0.114252,-0.224744,0.903039,-2.412935,0.000000000,0.000000000,0.000000000,0.000000000,0.000000000,0.000000000,5.496000,0.000000000,0.000000000,,6.340592,5.712954,339.348605,,0.000800890,0,1,0,3,gPO_sBM_cAll_d10_mPO0_ch01;gPO_sBM_cAll_d11_mPO0_ch01;gPO_sBM_cAll_d11_mPO0_ch02,,80.561700,1023.654100,114.537500,3675.404700,accepted,0.930268,,0.873214,0.151778988,43.263060,0.162870,PO,0.727398,0.003675,0.004979,JB3:0.702185;JB1:0.698511;JB5:0.696486;JB2:0.607221;JB4:0.603967,gPO_sBM_cAll_d10_mPO0_ch01:0.585947;gPO_sBM_cAll_d11_mPO0_ch01:0.580968;gPO_sBM_cAll_d11_mPO0_ch02:0.579165;gPO_sBM_cAll_d10_mPO0_ch02:0.578207;gPO_sBM_cAll_d10_mPO2_ch02:0.555003;gPO_sBM_cAll_d12_mPO2_ch02:0.554939;gPO_sBM_cAll_d12_mPO2_ch01:0.553674;gPO_sBM_cAll_d12_mPO3_ch02:0.553667;gPO_sBM_cAll_d12_mPO3_ch01:0.552451;gPO_sBM_cAll_d10_mPO3_ch02:0.552109,Electronic---Electro:0.261323;Electronic---Synthwave:0.207569;Electronic---Ambient:0.162870;Electronic---Synth-pop:0.142390;Electronic---Techno:0.136366,WA:v0:k1:r1,,JB3,0.702185,gPO_sBM_cAll_d10_mPO0_ch01,0.585947,96.153846
5.752000,5.769113700,,hermite,loading,,,,,0,1.0,0,gWA_sBM_cAll_d26_mWA0_ch05,,,5.080000,gPO_sBM_cAll_d10_mPO0_ch01;gPO_sBM_cAll_d11_mPO0_ch01;gPO_sBM_cAll_d11_mPO0_ch02;gPO_sBM_cAll_d10_mPO0_ch02;gPO_sBM_cAll_d12_mPO3_ch02,,,,,,0.390762719,,0.000000,,,,,,,,,,0.000000,beat-sync,1.546482,1.074219,,0.032745155,0.372647312,left_wrist_yaw,2.319429107,left_wrist_yaw,0.372647312,left_wrist_yaw,3.729801220,left_wrist_yaw,0.109575,-0.226170,0.899743,-2.449667,0.000000000,0.000000000,0.000000000,0.000000000,0.000000000,0.000000000,5.496000,0.000000000,0.000000000,,10.283420,7.458466,332.343701,,0.000798828,0,1,0,3,gPO_sBM_cAll_d10_mPO0_ch01;gPO_sBM_cAll_d11_mPO0_ch01;gPO_sBM_cAll_d11_mPO0_ch02,,80.561700,1023.654100,114.537500,3675.404700,accepted,0.930268,,0.873214,0.151778988,43.263060,0.162870,PO,0.727398,0.003675,0.004979,JB3:0.702185;JB1:0.698511;JB5:0.696486;JB2:0.607221;JB4:0.603967,gPO_sBM_cAll_d10_mPO0_ch01:0.585947;gPO_sBM_cAll_d11_mPO0_ch01:0.580968;gPO_sBM_cAll_d11_mPO0_ch02:0.579165;gPO_sBM_cAll_d10_mPO0_ch02:0.578207;gPO_sBM_cAll_d10_mPO2_ch02:0.555003;gPO_sBM_cAll_d12_mPO2_ch02:0.554939;gPO_sBM_cAll_d12_mPO2_ch01:0.553674;gPO_sBM_cAll_d12_mPO3_ch02:0.553667;gPO_sBM_cAll_d12_mPO3_ch01:0.552451;gPO_sBM_cAll_d10_mPO3_ch02:0.552109,Electronic---Electro:0.261323;Electronic---Synthwave:0.207569;Electronic---Ambient:0.162870;Electronic---Synth-pop:0.142390;Electronic---Techno:0.136366,WA:v0:k1:r1,,JB3,0.702185,gPO_sBM_cAll_d10_mPO0_ch01,0.585947,96.153846
5.816000,5.836711500,,hermite,loading,,,,,0,1.0,0,gWA_sBM_cAll_d26_mWA0_ch05,,,5.080000,gPO_sBM_cAll_d10_mPO0_ch01;gPO_sBM_cAll_d11_mPO0_ch01;gPO_sBM_cAll_d11_mPO0_ch02;gPO_sBM_cAll_d10_mPO0_ch02;gPO_sBM_cAll_d12_mPO3_ch02,,,,,,0.399760132,,0.000000,,,,,,,,,,0.000000,beat-sync,1.600000,1.074219,,0.030267026,0.239213065,right_wrist_yaw,6.574737462,left_wrist_yaw,0.239213065,right_wrist_yaw,5.299762901,left_wrist_yaw,0.095116,-0.212935,0.902636,-2.605736,0.000000000,0.000000000,0.000000000,0.000000000,0.000000000,0.000000000,5.496000,0.000000000,0.000000000,,14.383831,12.527716,339.021538,,0.000879662,0,1,0,3,gPO_sBM_cAll_d10_mPO0_ch01;gPO_sBM_cAll_d11_mPO0_ch01;gPO_sBM_cAll_d11_mPO0_ch02,,80.561700,1023.654100,114.537500,3675.404700,accepted,0.930268,,0.873214,0.151778988,43.263060,0.162870,PO,0.727398,0.003675,0.004979,JB3:0.702185;JB1:0.698511;JB5:0.696486;JB2:0.607221;JB4:0.603967,gPO_sBM_cAll_d10_mPO0_ch01:0.585947;gPO_sBM_cAll_d11_mPO0_ch01:0.580968;gPO_sBM_cAll_d11_mPO0_ch02:0.579165;gPO_sBM_cAll_d10_mPO0_ch02:0.578207;gPO_sBM_cAll_d10_mPO2_ch02:0.555003;gPO_sBM_cAll_d12_mPO2_ch02:0.554939;gPO_sBM_cAll_d12_mPO2_ch01:0.553674;gPO_sBM_cAll_d12_mPO3_ch02:0.553667;gPO_sBM_cAll_d12_mPO3_ch01:0.552451;gPO_sBM_cAll_d10_mPO3_ch02:0.552109,Electronic---Electro:0.261323;Electronic---Synthwave:0.207569;Electronic---Ambient:0.162870;Electronic---Synth-pop:0.142390;Electronic---Techno:0.136366,WA:v0:k1:r1,,JB3,0.702185,gPO_sBM_cAll_d10_mPO0_ch01,0.585947,96.153846
5.880000,5.894797000,,hermite,loading,,,,,0,1.0,0,gWA_sBM_cAll_d26_mWA0_ch05,,,5.080000,gPO_sBM_cAll_d10_mPO0_ch01;gPO_sBM_cAll_d11_mPO0_ch01;gPO_sBM_cAll_d11_mPO0_ch02;gPO_sBM_cAll_d10_mPO0_ch02;gPO_sBM_cAll_d12_mPO3_ch02,,,,,,0.407561260,,0.000000,,,,,,,,,,0.000000,beat-sync,1.600000,1.074219,,0.027997955,0.207235404,left_wrist_yaw,6.128530252,left_wrist_yaw,0.207235404,left_wrist_yaw,10.070610181,left_wrist_yaw,0.086732,-0.226657,0.922501,-2.714912,0.000000000,0.000000000,0.000000000,0.000000000,0.000000000,0.000000000,5.496000,0.000000000,0.000000000,,10.070610,7.641597,614.105563,,0.000871878,0,1,0,3,gPO_sBM_cAll_d10_mPO0_ch01;gPO_sBM_cAll_d11_mPO0_ch01;gPO_sBM_cAll_d11_mPO0_ch02,,80.561700,1023.654100,114.537500,3675.404700,accepted,0.930268,,0.873214,0.151778988,43.263060,0.162870,PO,0.727398,0.003675,0.004979,JB3:0.702185;JB1:0.698511;JB5:0.696486;JB2:0.607221;JB4:0.603967,gPO_sBM_cAll_d10_mPO0_ch01:0.585947;gPO_sBM_cAll_d11_mPO0_ch01:0.580968;gPO_sBM_cAll_d11_mPO0_ch02:0.579165;gPO_sBM_cAll_d10_mPO0_ch02:0.578207;gPO_sBM_cAll_d10_mPO2_ch02:0.555003;gPO_sBM_cAll_d12_mPO2_ch02:0.554939;gPO_sBM_cAll_d12_mPO2_ch01:0.553674;gPO_sBM_cAll_d12_mPO3_ch02:0.553667;gPO_sBM_cAll_d12_mPO3_ch01:0.552451;gPO_sBM_cAll_d10_mPO3_ch02:0.552109,Electronic---Electro:0.261323;Electronic---Synthwave:0.207569;Electronic---Ambient:0.162870;Electronic---Synth-pop:0.142390;Electronic---Techno:0.136366,WA:v0:k1:r1,,JB3,0.702185,gPO_sBM_cAll_d10_mPO0_ch01,0.585947,96.153846
5.912000,5.919573200,,hermite,loading,,,,,0,1.0,0,gWA_sBM_cAll_d26_mWA0_ch05,,,5.080000,gPO_sBM_cAll_d10_mPO0_ch01;gPO_sBM_cAll_d11_mPO0_ch01;gPO_sBM_cAll_d11_mPO0_ch02;gPO_sBM_cAll_d10_mPO0_ch02;gPO_sBM_cAll_d12_mPO3_ch02,,,,,,0.410856998,,0.000000,,,,,,,,,,0.000000,beat-sync,1.600000,1.074219,,0.027017915,0.358871544,left_wrist_yaw,4.388835573,left_wrist_yaw,0.358871544,left_wrist_yaw,6.422623542,left_wrist_yaw,0.080647,-0.229954,0.933398,-2.758802,0.000000000,0.000000000,0.000000000,0.000000000,0.000000000,0.000000000,5.496000,0.000000000,0.000000000,,10.854735,8.345906,390.929351,,0.000868583,0,1,0,3,gPO_sBM_cAll_d10_mPO0_ch01;gPO_sBM_cAll_d11_mPO0_ch01;gPO_sBM_cAll_d11_mPO0_ch02,,80.561700,1023.654100,114.537500,3675.404700,accepted,0.930268,,0.873214,0.151778988,43.263060,0.162870,PO,0.727398,0.003675,0.004979,JB3:0.702185;JB1:0.698511;JB5:0.696486;JB2:0.607221;JB4:0.603967,gPO_sBM_cAll_d10_mPO0_ch01:0.585947;gPO_sBM_cAll_d11_mPO0_ch01:0.580968;gPO_sBM_cAll_d11_mPO0_ch02:0.579165;gPO_sBM_cAll_d10_mPO0_ch02:0.578207;gPO_sBM_cAll_d10_mPO2_ch02:0.555003;gPO_sBM_cAll_d12_mPO2_ch02:0.554939;gPO_sBM_cAll_d12_mPO2_ch01:0.553674;gPO_sBM_cAll_d12_mPO3_ch02:0.553667;gPO_sBM_cAll_d12_mPO3_ch01:0.552451;gPO_sBM_cAll_d10_mPO3_ch02:0.552109,Electronic---Electro:0.261323;Electronic---Synthwave:0.207569;Electronic---Ambient:0.162870;Electronic---Synth-pop:0.142390;Electronic---Techno:0.136366,WA:v0:k1:r1,,JB3,0.702185,gPO_sBM_cAll_d10_mPO0_ch01,0.585947,96.153846
5.976000,5.986764200,,hermite,loading,,,,,0,1.0,0,gWA_sBM_cAll_d26_mWA0_ch05,,,5.080000,gPO_sBM_cAll_d10_mPO0_ch01;gPO_sBM_cAll_d11_mPO0_ch01;gPO_sBM_cAll_d11_mPO0_ch02;gPO_sBM_cAll_d10_mPO0_ch02;gPO_sBM_cAll_d12_mPO3_ch02,,,,,,0.419791086,,0.000000,,,,,,,,,,0.000000,beat-sync,1.600000,1.128472,,0.055020974,0.193853594,left_wrist_yaw,6.153301265,left_wrist_yaw,0.193853594,left_wrist_yaw,9.584043983,left_wrist_yaw,0.056686,-0.227686,0.957408,-2.886534,0.000000000,0.000000000,0.000000000,0.000000000,0.000000000,0.000000000,5.944000,0.011365087,0.000000000,left_hip_yaw;left_shoulder_yaw;right_hip_pitch;waist_pitch;waist_yaw,13.077156,9.583562,557.649527,,0.001332875,0,1,0,3,gPO_sBM_cAll_d10_mPO0_ch01;gPO_sBM_cAll_d11_mPO0_ch01;gPO_sBM_cAll_d11_mPO0_ch02,,80.561700,1023.654100,114.537500,3675.404700,accepted,0.930268,,0.873214,0.151778988,43.263060,0.162870,PO,0.727398,0.003675,0.004979,JB3:0.702185;JB1:0.698511;JB5:0.696486;JB2:0.607221;JB4:0.603967,gPO_sBM_cAll_d10_mPO0_ch01:0.585947;gPO_sBM_cAll_d11_mPO0_ch01:0.580968;gPO_sBM_cAll_d11_mPO0_ch02:0.579165;gPO_sBM_cAll_d10_mPO0_ch02:0.578207;gPO_sBM_cAll_d10_mPO2_ch02:0.555003;gPO_sBM_cAll_d12_mPO2_ch02:0.554939;gPO_sBM_cAll_d12_mPO2_ch01:0.553674;gPO_sBM_cAll_d12_mPO3_ch02:0.553667;gPO_sBM_cAll_d12_mPO3_ch01:0.552451;gPO_sBM_cAll_d10_mPO3_ch02:0.552109,Electronic---Electro:0.261323;Electronic---Synthwave:0.207569;Electronic---Ambient:0.162870;Electronic---Synth-pop:0.142390;Electronic---Techno:0.136366,WA:v0:k1:r1,,JB3,0.702185,gPO_sBM_cAll_d10_mPO0_ch01,0.585947,96.153846
6.008000,6.019886900,beat_limiter_result,hermite,loading,,,,,0,1.0,0,gWA_sBM_cAll_d26_mWA0_ch05,,,5.080000,gPO_sBM_cAll_d10_mPO0_ch01;gPO_sBM_cAll_d11_mPO0_ch01;gPO_sBM_cAll_d11_mPO0_ch02;gPO_sBM_cAll_d10_mPO0_ch02;gPO_sBM_cAll_d12_mPO3_ch02,,,,,,0.424206953,,0.000000,,,,,,,,,,0.000000,beat-sync,1.600000,1.128472,,0.053696811,0.106593060,left_wrist_yaw,0.269693464,left_wrist_yaw,0.106593060,left_wrist_yaw,0.376330464,left_wrist_yaw,0.043174,-0.231967,0.957603,-2.922521,0.000000000,0.000000000,0.000000000,0.000000000,0.000000000,0.000000000,5.944000,0.011365087,0.000000000,left_hip_yaw;left_shoulder_yaw;right_hip_pitch;waist_pitch;waist_yaw,0.650572,0.501655,441.597101,,0.001326260,0,1,0,3,gPO_sBM_cAll_d10_mPO0_ch01;gPO_sBM_cAll_d11_mPO0_ch01;gPO_sBM_cAll_d11_mPO0_ch02,,80.561700,1023.654100,114.537500,3675.404700,accepted,0.930268,,0.873214,0.151778988,43.263060,0.162870,PO,0.727398,0.003675,0.004979,JB3:0.702185;JB1:0.698511;JB5:0.696486;JB2:0.607221;JB4:0.603967,gPO_sBM_cAll_d10_mPO0_ch01:0.585947;gPO_sBM_cAll_d11_mPO0_ch01:0.580968;gPO_sBM_cAll_d11_mPO0_ch02:0.579165;gPO_sBM_cAll_d10_mPO0_ch02:0.578207;gPO_sBM_cAll_d10_mPO2_ch02:0.555003;gPO_sBM_cAll_d12_mPO2_ch02:0.554939;gPO_sBM_cAll_d12_mPO2_ch01:0.553674;gPO_sBM_cAll_d12_mPO3_ch02:0.553667;gPO_sBM_cAll_d12_mPO3_ch01:0.552451;gPO_sBM_cAll_d10_mPO3_ch02:0.552109,Electronic---Electro:0.261323;Electronic---Synthwave:0.207569;Electronic---Ambient:0.162870;Electronic---Synth-pop:0.142390;Electronic---Techno:0.136366,WA:v0:k1:r1,,JB3,0.702185,gPO_sBM_cAll_d10_mPO0_ch01,0.585947,96.153846
6.072000,6.078155200,,hermite,loading,,,,,0,1.0,0,gWA_sBM_cAll_d26_mWA0_ch05,,,5.080000,gPO_sBM_cAll_d10_mPO0_ch01;gPO_sBM_cAll_d11_mPO0_ch01;gPO_sBM_cAll_d11_mPO0_ch02;gPO_sBM_cAll_d10_mPO0_ch02;gPO_sBM_cAll_d12_mPO3_ch02,,,,,,0.432029511,,0.000000,,,,,,,,,,0.000000,beat-sync,1.600000,1.128472,,0.051359232,0.116556229,left_wrist_yaw,1.249218361,right_wrist_yaw,0.116556229,left_wrist_yaw,1.518555427,right_wrist_yaw,0.013967,-0.236900,0.927795,-2.986861,0.000000000,0.000000000,0.000000000,0.000000000,0.000000000,0.000000000,5.944000,0.011365087,0.000000000,left_hip_yaw;left_shoulder_yaw;right_hip_pitch;waist_pitch;waist_yaw,2.130680,1.743409,214.373920,,0.001314841,0,1,0,3,gPO_sBM_cAll_d10_mPO0_ch01;gPO_sBM_cAll_d11_mPO0_ch01;gPO_sBM_cAll_d11_mPO0_ch02,,80.561700,1023.654100,114.537500,3675.404700,accepted,0.930268,,0.873214,0.151778988,43.263060,0.162870,PO,0.727398,0.003675,0.004979,JB3:0.702185;JB1:0.698511;JB5:0.696486;JB2:0.607221;JB4:0.603967,gPO_sBM_cAll_d10_mPO0_ch01:0.585947;gPO_sBM_cAll_d11_mPO0_ch01:0.580968;gPO_sBM_cAll_d11_mPO0_ch02:0.579165;gPO_sBM_cAll_d10_mPO0_ch02:0.578207;gPO_sBM_cAll_d10_mPO2_ch02:0.555003;gPO_sBM_cAll_d12_mPO2_ch02:0.554939;gPO_sBM_cAll_d12_mPO2_ch01:0.553674;gPO_sBM_cAll_d12_mPO3_ch02:0.553667;gPO_sBM_cAll_d12_mPO3_ch01:0.552451;gPO_sBM_cAll_d10_mPO3_ch02:0.552109,Electronic---Electro:0.261323;Electronic---Synthwave:0.207569;Electronic---Ambient:0.162870;Electronic---Synth-pop:0.142390;Electronic---Techno:0.136366,WA:v0:k1:r1,,JB3,0.702185,gPO_sBM_cAll_d10_mPO0_ch01,0.585947,96.153846
6.104000,6.129390700,,hermite,loading,,,,,1,1.0,0,gWA_sBM_cAll_d26_mWA0_ch05,,,5.080000,gPO_sBM_cAll_d10_mPO0_ch01;gPO_sBM_cAll_d11_mPO0_ch01;gPO_sBM_cAll_d11_mPO0_ch02;gPO_sBM_cAll_d10_mPO0_ch02;gPO_sBM_cAll_d12_mPO3_ch02,,,,,,0.438705583,,0.000000,,,,,,,,,,0.000000,beat-sync,1.600000,1.128472,,0.049370880,0.194250860,right_wrist_yaw,1.417298444,left_wrist_yaw,0.194250860,right_wrist_yaw,1.873098148,left_wrist_yaw,0.002394,-0.233787,0.918587,-2.962297,0.000000000,0.000000000,0.000000000,0.000000000,0.000000000,0.000000000,5.944000,0.011365087,0.000000000,left_hip_yaw;left_shoulder_yaw;right_hip_pitch;waist_pitch;waist_yaw,29.245833,13.263219,1345.794068,right_elbow,0.002778830,0,1,0,3,gPO_sBM_cAll_d10_mPO0_ch01;gPO_sBM_cAll_d11_mPO0_ch01;gPO_sBM_cAll_d11_mPO0_ch02,,80.561700,1023.654100,114.537500,3675.404700,accepted,0.930268,,0.873214,0.151778988,43.263060,0.162870,PO,0.727398,0.003675,0.004979,JB3:0.702185;JB1:0.698511;JB5:0.696486;JB2:0.607221;JB4:0.603967,gPO_sBM_cAll_d10_mPO0_ch01:0.585947;gPO_sBM_cAll_d11_mPO0_ch01:0.580968;gPO_sBM_cAll_d11_mPO0_ch02:0.579165;gPO_sBM_cAll_d10_mPO0_ch02:0.578207;gPO_sBM_cAll_d10_mPO2_ch02:0.555003;gPO_sBM_cAll_d12_mPO2_ch02:0.554939;gPO_sBM_cAll_d12_mPO2_ch01:0.553674;gPO_sBM_cAll_d12_mPO3_ch02:0.553667;gPO_sBM_cAll_d12_mPO3_ch01:0.552451;gPO_sBM_cAll_d10_mPO3_ch02:0.552109,Electronic---Electro:0.261323;Electronic---Synthwave:0.207569;Electronic---Ambient:0.162870;Electronic---Synth-pop:0.142390;Electronic---Techno:0.136366,WA:v0:k1:r1,,JB3,0.702185,gPO_sBM_cAll_d10_mPO0_ch01,0.585947,96.153846
6.168000,6.190390500,,hermite,loading,,,,,0,1.0,0,gWA_sBM_cAll_d26_mWA0_ch05,,,5.080000,gPO_sBM_cAll_d10_mPO0_ch01;gPO_sBM_cAll_d11_mPO0_ch01;gPO_sBM_cAll_d11_mPO0_ch02;gPO_sBM_cAll_d10_mPO0_ch02;gPO_sBM_cAll_d12_mPO3_ch02,,,,,,0.446683090,,0.000000,,,,,,,,,,0.000000,beat-sync,1.600000,1.128472,,0.047001272,0.235188614,left_wrist_yaw,2.986835239,left_wrist_yaw,0.235188614,left_wrist_yaw,4.415051380,left_wrist_yaw,-0.020611,-0.233473,0.938697,-2.975766,0.000000000,0.000000000,0.000000000,0.000000000,0.000000000,0.000000000,5.944000,0.011365087,0.000000000,left_hip_yaw;left_shoulder_yaw;right_hip_pitch;waist_pitch;waist_yaw,9.939799,5.856118,213.699942,,0.002842215,0,1,0,3,gPO_sBM_cAll_d10_mPO0_ch01;gPO_sBM_cAll_d11_mPO0_ch01;gPO_sBM_cAll_d11_mPO0_ch02,,80.561700,1023.654100,114.537500,3675.404700,accepted,0.930268,,0.873214,0.151778988,43.263060,0.162870,PO,0.727398,0.003675,0.004979,JB3:0.702185;JB1:0.698511;JB5:0.696486;JB2:0.607221;JB4:0.603967,gPO_sBM_cAll_d10_mPO0_ch01:0.585947;gPO_sBM_cAll_d11_mPO0_ch01:0.580968;gPO_sBM_cAll_d11_mPO0_ch02:0.579165;gPO_sBM_cAll_d10_mPO0_ch02:0.578207;gPO_sBM_cAll_d10_mPO2_ch02:0.555003;gPO_sBM_cAll_d12_mPO2_ch02:0.554939;gPO_sBM_cAll_d12_mPO2_ch01:0.553674;gPO_sBM_cAll_d12_mPO3_ch02:0.553667;gPO_sBM_cAll_d12_mPO3_ch01:0.552451;gPO_sBM_cAll_d10_mPO3_ch02:0.552109,Electronic---Electro:0.261323;Electronic---Synthwave:0.207569;Electronic---Ambient:0.162870;Electronic---Synth-pop:0.142390;Electronic---Techno:0.136366,WA:v0:k1:r1,,JB3,0.702185,gPO_sBM_cAll_d10_mPO0_ch01,0.585947,96.153846
6.200000,6.220582000,,hermite,loading,,,,,0,1.0,0,gWA_sBM_cAll_d26_mWA0_ch05,,,5.080000,gPO_sBM_cAll_d10_mPO0_ch01;gPO_sBM_cAll_d11_mPO0_ch01;gPO_sBM_cAll_d11_mPO0_ch02;gPO_sBM_cAll_d10_mPO0_ch02;gPO_sBM_cAll_d12_mPO3_ch02,,,,,,0.451037751,,0.000000,,,,,,,,,,0.000000,beat-sync,1.600000,1.128472,,0.045709993,0.320492860,left_wrist_yaw,1.397093832,left_wrist_yaw,0.320492860,left_wrist_yaw,1.914372631,left_wrist_yaw,-0.026809,-0.223863,0.947522,-2.995561,0.000000000,0.000000000,0.000000000,0.000000000,0.000000000,0.000000000,5.944000,0.011365087,0.000000000,left_hip_yaw;left_shoulder_yaw;right_hip_pitch;waist_pitch;waist_yaw,3.075296,2.497159,413.489134,,0.002828501,0,1,0,3,gPO_sBM_cAll_d10_mPO0_ch01;gPO_sBM_cAll_d11_mPO0_ch01;gPO_sBM_cAll_d11_mPO0_ch02,,80.561700,1023.654100,114.537500,3675.404700,accepted,0.930268,,0.873214,0.151778988,43.263060,0.162870,PO,0.727398,0.003675,0.004979,JB3:0.702185;JB1:0.698511;JB5:0.696486;JB2:0.607221;JB4:0.603967,gPO_sBM_cAll_d10_mPO0_ch01:0.585947;gPO_sBM_cAll_d11_mPO0_ch01:0.580968;gPO_sBM_cAll_d11_mPO0_ch02:0.579165;gPO_sBM_cAll_d10_mPO0_ch02:0.578207;gPO_sBM_cAll_d10_mPO2_ch02:0.555003;gPO_sBM_cAll_d12_mPO2_ch02:0.554939;gPO_sBM_cAll_d12_mPO2_ch01:0.553674;gPO_sBM_cAll_d12_mPO3_ch02:0.553667;gPO_sBM_cAll_d12_mPO3_ch01:0.552451;gPO_sBM_cAll_d10_mPO3_ch02:0.552109,Electronic---Electro:0.261323;Electronic---Synthwave:0.207569;Electronic---Ambient:0.162870;Electronic---Synth-pop:0.142390;Electronic---Techno:0.136366,WA:v0:k1:r1,,JB3,0.702185,gPO_sBM_cAll_d10_mPO0_ch01,0.585947,96.153846
6.264000,6.288322400,,hermite,loading,,,,,1,1.0,0,gWA_sBM_cAll_d26_mWA0_ch05,,,5.080000,gPO_sBM_cAll_d10_mPO0_ch01;gPO_sBM_cAll_d11_mPO0_ch01;gPO_sBM_cAll_d11_mPO0_ch02;gPO_sBM_cAll_d10_mPO0_ch02;gPO_sBM_cAll_d12_mPO3_ch02,,,,,,0.460121341,,0.000000,,,,,,,,,,0.000000,beat-sync,1.600000,1.128472,,0.043020629,0.098506626,left_wrist_yaw,9.788116353,left_wrist_yaw,0.098506626,left_wrist_yaw,6.532518284,left_wrist_yaw,-0.029371,-0.177091,0.962265,-3.128260,0.000000000,0.000000000,0.000000000,0.000000000,0.000000000,0.000000000,5.944000,0.011365087,0.000000000,left_hip_yaw;left_shoulder_yaw;right_hip_pitch;waist_pitch;waist_yaw,19.064366,14.449343,482.563562,,0.003011054,0,1,0,3,gPO_sBM_cAll_d10_mPO0_ch01;gPO_sBM_cAll_d11_mPO0_ch01;gPO_sBM_cAll_d11_mPO0_ch02,,80.561700,1023.654100,114.537500,3675.404700,accepted,0.930268,,0.873214,0.151778988,43.263060,0.162870,PO,0.727398,0.003675,0.004979,JB3:0.702185;JB1:0.698511;JB5:0.696486;JB2:0.607221;JB4:0.603967,gPO_sBM_cAll_d10_mPO0_ch01:0.585947;gPO_sBM_cAll_d11_mPO0_ch01:0.580968;gPO_sBM_cAll_d11_mPO0_ch02:0.579165;gPO_sBM_cAll_d10_mPO0_ch02:0.578207;gPO_sBM_cAll_d10_mPO2_ch02:0.555003;gPO_sBM_cAll_d12_mPO2_ch02:0.554939;gPO_sBM_cAll_d12_mPO2_ch01:0.553674;gPO_sBM_cAll_d12_mPO3_ch02:0.553667;gPO_sBM_cAll_d12_mPO3_ch01:0.552451;gPO_sBM_cAll_d10_mPO3_ch02:0.552109,Electronic---Electro:0.261323;Electronic---Synthwave:0.207569;Electronic---Ambient:0.162870;Electronic---Synth-pop:0.142390;Electronic---Techno:0.136366,WA:v0:k1:r1,,JB3,0.702185,gPO_sBM_cAll_d10_mPO0_ch01,0.585947,96.153846
6.264000,6.296676700,match,hermite,loading,,,,,1,1.0,0,gWA_sBM_cAll_d26_mWA0_ch05,,,6.104000,gPO_sBM_cAll_d10_mPO0_ch01;gPO_sBM_cAll_d11_mPO0_ch01;gPO_sBM_cAll_d11_mPO0_ch02;gPO_sBM_cAll_d10_mPO0_ch02;gPO_sBM_cAll_d12_mPO3_ch02,,,,,,0.461148794,,0.000000,,,,,,,,,,0.000000,beat-sync,1.600000,1.128472,,0.042716718,0.071149592,right_wrist_roll,3.866396872,left_wrist_yaw,0.071149592,right_wrist_roll,4.656469336,left_wrist_yaw,-0.027368,-0.172965,0.963164,3.116299,0.000000000,0.000000000,0.000000000,0.000000000,0.000000000,0.000000000,5.944000,0.011365087,0.000000000,left_hip_yaw;left_shoulder_yaw;right_hip_pitch;waist_pitch;waist_yaw,18.554701,13.504892,816.295785,left_knee,0.003048655,0,1,0,3,gPO_sBM_cAll_d10_mPO0_ch01;gPO_sBM_cAll_d11_mPO0_ch01;gPO_sBM_cAll_d11_mPO0_ch02,,80.561700,1023.654100,114.537500,3675.404700,accepted,0.938171,,0.887584,0.187963819,40.226389,0.156645,PO,0.730935,0.002227,0.004924,JB5:0.700351;JB3:0.698125;JB1:0.692455;JB2:0.618941;JB4:0.603145,gPO_sBM_cAll_d10_mPO0_ch01:0.584956;gPO_sBM_cAll_d11_mPO0_ch01:0.580032;gPO_sBM_cAll_d11_mPO0_ch02:0.578172;gPO_sBM_cAll_d10_mPO0_ch02:0.577206;gPO_sBM_cAll_d12_mPO3_ch02:0.550420;gPO_sBM_cAll_d12_mPO2_ch02:0.550029;gPO_sBM_cAll_d10_mPO2_ch02:0.549474;gPO_sBM_cAll_d12_mPO3_ch01:0.549252;gPO_sBM_cAll_d10_mPO3_ch02:0.548890;gPO_sBM_cAll_d12_mPO2_ch01:0.548718,Electronic---Electro:0.243474;Electronic---Techno:0.207788;Electronic---Synthwave:0.159857;Electronic---Ambient:0.156645;Electronic---Berlin-School:0.143156,WA:v0:k1:r1,,JB5,0.700351,gPO_sBM_cAll_d10_mPO0_ch01,0.584956,96.153846
6.328000,6.346058100,,hermite,loading,,,,,0,1.0,0,gWA_sBM_cAll_d26_mWA0_ch05,,,6.104000,gPO_sBM_cAll_d10_mPO0_ch01;gPO_sBM_cAll_d11_mPO0_ch01;gPO_sBM_cAll_d11_mPO0_ch02;gPO_sBM_cAll_d10_mPO0_ch02;gPO_sBM_cAll_d12_mPO3_ch02,,,,,,0.467817283,,0.000000,,,,,,,,,,0.000000,beat-sync,1.600000,1.128472,,0.040745457,0.070606361,right_wrist_roll,0.044413951,right_wrist_roll,0.070606361,right_wrist_roll,0.053977200,right_wrist_roll,-0.030761,-0.162600,0.966784,3.017772,0.000000000,0.000000000,0.000000000,0.000000000,0.000000000,0.000000000,5.944000,0.011365087,0.000000000,left_hip_yaw;left_shoulder_yaw;right_hip_pitch;waist_pitch;waist_yaw,0.260727,0.216459,25.753708,,0.003067861,0,1,0,3,gPO_sBM_cAll_d10_mPO0_ch01;gPO_sBM_cAll_d11_mPO0_ch01;gPO_sBM_cAll_d11_mPO0_ch02,,80.561700,1023.654100,114.537500,3675.404700,accepted,0.938171,,0.887584,0.187963819,40.226389,0.156645,PO,0.730935,0.002227,0.004924,JB5:0.700351;JB3:0.698125;JB1:0.692455;JB2:0.618941;JB4:0.603145,gPO_sBM_cAll_d10_mPO0_ch01:0.584956;gPO_sBM_cAll_d11_mPO0_ch01:0.580032;gPO_sBM_cAll_d11_mPO0_ch02:0.578172;gPO_sBM_cAll_d10_mPO0_ch02:0.577206;gPO_sBM_cAll_d12_mPO3_ch02:0.550420;gPO_sBM_cAll_d12_mPO2_ch02:0.550029;gPO_sBM_cAll_d10_mPO2_ch02:0.549474;gPO_sBM_cAll_d12_mPO3_ch01:0.549252;gPO_sBM_cAll_d10_mPO3_ch02:0.548890;gPO_sBM_cAll_d12_mPO2_ch01:0.548718,Electronic---Electro:0.243474;Electronic---Techno:0.207788;Electronic---Synthwave:0.159857;Electronic---Ambient:0.156645;Electronic---Berlin-School:0.143156,WA:v0:k1:r1,,JB5,0.700351,gPO_sBM_cAll_d10_mPO0_ch01,0.584956,96.153846
6.360000,6.373561100,,hermite,loading,,,,,0,1.0,0,gWA_sBM_cAll_d26_mWA0_ch05,,,6.104000,gPO_sBM_cAll_d10_mPO0_ch01;gPO_sBM_cAll_d11_mPO0_ch01;gPO_sBM_cAll_d11_mPO0_ch02;gPO_sBM_cAll_d10_mPO0_ch02;gPO_sBM_cAll_d12_mPO3_ch02,,,,,,0.471136493,,0.000000,,,,,,,,,,0.000000,beat-sync,1.600000,1.128472,,0.039764959,0.069298136,right_wrist_roll,0.066905914,left_wrist_yaw,0.069298136,right_wrist_roll,0.064795148,left_wrist_yaw,-0.034082,-0.159716,0.971007,2.988098,0.000000000,0.000000000,0.000000000,0.000000000,0.000000000,0.000000000,5.944000,0.011365087,0.000000000,left_hip_yaw;left_shoulder_yaw;right_hip_pitch;waist_pitch;waist_yaw,0.199544,0.173069,17.024680,,0.003056982,0,1,0,3,gPO_sBM_cAll_d10_mPO0_ch01;gPO_sBM_cAll_d11_mPO0_ch01;gPO_sBM_cAll_d11_mPO0_ch02,,80.561700,1023.654100,114.537500,3675.404700,accepted,0.938171,,0.887584,0.187963819,40.226389,0.156645,PO,0.730935,0.002227,0.004924,JB5:0.700351;JB3:0.698125;JB1:0.692455;JB2:0.618941;JB4:0.603145,gPO_sBM_cAll_d10_mPO0_ch01:0.584956;gPO_sBM_cAll_d11_mPO0_ch01:0.580032;gPO_sBM_cAll_d11_mPO0_ch02:0.578172;gPO_sBM_cAll_d10_mPO0_ch02:0.577206;gPO_sBM_cAll_d12_mPO3_ch02:0.550420;gPO_sBM_cAll_d12_mPO2_ch02:0.550029;gPO_sBM_cAll_d10_mPO2_ch02:0.549474;gPO_sBM_cAll_d12_mPO3_ch01:0.549252;gPO_sBM_cAll_d10_mPO3_ch02:0.548890;gPO_sBM_cAll_d12_mPO2_ch01:0.548718,Electronic---Electro:0.243474;Electronic---Techno:0.207788;Electronic---Synthwave:0.159857;Electronic---Ambient:0.156645;Electronic---Berlin-School:0.143156,WA:v0:k1:r1,,JB5,0.700351,gPO_sBM_cAll_d10_mPO0_ch01,0.584956,96.153846
6.424000,6.438602100,,hermite,loading,,,,,1,1.0,0,gWA_sBM_cAll_d26_mWA0_ch05,,,6.104000,gPO_sBM_cAll_d10_mPO0_ch01;gPO_sBM_cAll_d11_mPO0_ch01;gPO_sBM_cAll_d11_mPO0_ch02;gPO_sBM_cAll_d10_mPO0_ch02;gPO_sBM_cAll_d12_mPO3_ch02,,,,,,0.480183712,,0.000000,,,,,,,,,,0.000000,beat-sync,1.600000,1.128472,,0.037094306,0.153919049,right_wrist_yaw,1.409131060,right_wrist_yaw,0.153919049,right_wrist_yaw,1.600223329,right_wrist_yaw,-0.052052,-0.168592,0.983149,2.836381,0.000000000,0.000000000,0.000000000,0.000000000,0.000000000,0.000000000,5.944000,0.011365087,0.000000000,left_hip_yaw;left_shoulder_yaw;right_hip_pitch;waist_pitch;waist_yaw,25.991186,13.534120,223.135652,,0.003476574,0,1,0,3,gPO_sBM_cAll_d10_mPO0_ch01;gPO_sBM_cAll_d11_mPO0_ch01;gPO_sBM_cAll_d11_mPO0_ch02,,80.561700,1023.654100,114.537500,3675.404700,accepted,0.938171,,0.887584,0.187963819,40.226389,0.156645,PO,0.730935,0.002227,0.004924,JB5:0.700351;JB3:0.698125;JB1:0.692455;JB2:0.618941;JB4:0.603145,gPO_sBM_cAll_d10_mPO0_ch01:0.584956;gPO_sBM_cAll_d11_mPO0_ch01:0.580032;gPO_sBM_cAll_d11_mPO0_ch02:0.578172;gPO_sBM_cAll_d10_mPO0_ch02:0.577206;gPO_sBM_cAll_d12_mPO3_ch02:0.550420;gPO_sBM_cAll_d12_mPO2_ch02:0.550029;gPO_sBM_cAll_d10_mPO2_ch02:0.549474;gPO_sBM_cAll_d12_mPO3_ch01:0.549252;gPO_sBM_cAll_d10_mPO3_ch02:0.548890;gPO_sBM_cAll_d12_mPO2_ch01:0.548718,Electronic---Electro:0.243474;Electronic---Techno:0.207788;Electronic---Synthwave:0.159857;Electronic---Ambient:0.156645;Electronic---Berlin-School:0.143156,WA:v0:k1:r1,,JB5,0.700351,gPO_sBM_cAll_d10_mPO0_ch01,0.584956,96.153846
6.456000,6.471008500,,hermite,loading,,,,,1,1.0,0,gWA_sBM_cAll_d26_mWA0_ch05,,,6.104000,gPO_sBM_cAll_d10_mPO0_ch01;gPO_sBM_cAll_d11_mPO0_ch01;gPO_sBM_cAll_d11_mPO0_ch02;gPO_sBM_cAll_d10_mPO0_ch02;gPO_sBM_cAll_d12_mPO3_ch02,,,,,,0.484512858,,0.000000,,,,,,,,,,0.000000,beat-sync,1.600000,1.128472,,0.035817166,0.188368479,right_wrist_yaw,0.900904695,right_wrist_yaw,0.188368479,right_wrist_yaw,1.258134320,right_wrist_yaw,-0.065891,-0.167090,0.990831,2.858067,0.000000000,0.000000000,0.000000000,0.000000000,0.000000000,0.000000000,5.944000,0.011365087,0.000000000,left_hip_yaw;left_shoulder_yaw;right_hip_pitch;waist_pitch;waist_yaw,37.644857,13.147232,532.076256,left_knee,0.003621293,0,1,0,3,gPO_sBM_cAll_d10_mPO0_ch01;gPO_sBM_cAll_d11_mPO0_ch01;gPO_sBM_cAll_d11_mPO0_ch02,,80.561700,1023.654100,114.537500,3675.404700,accepted,0.938171,,0.887584,0.187963819,40.226389,0.156645,PO,0.730935,0.002227,0.004924,JB5:0.700351;JB3:0.698125;JB1:0.692455;JB2:0.618941;JB4:0.603145,gPO_sBM_cAll_d10_mPO0_ch01:0.584956;gPO_sBM_cAll_d11_mPO0_ch01:0.580032;gPO_sBM_cAll_d11_mPO0_ch02:0.578172;gPO_sBM_cAll_d10_mPO0_ch02:0.577206;gPO_sBM_cAll_d12_mPO3_ch02:0.550420;gPO_sBM_cAll_d12_mPO2_ch02:0.550029;gPO_sBM_cAll_d10_mPO2_ch02:0.549474;gPO_sBM_cAll_d12_mPO3_ch01:0.549252;gPO_sBM_cAll_d10_mPO3_ch02:0.548890;gPO_sBM_cAll_d12_mPO2_ch01:0.548718,Electronic---Electro:0.243474;Electronic---Techno:0.207788;Electronic---Synthwave:0.159857;Electronic---Ambient:0.156645;Electronic---Berlin-School:0.143156,WA:v0:k1:r1,,JB5,0.700351,gPO_sBM_cAll_d10_mPO0_ch01,0.584956,96.153846
6.520000,6.532443500,,hermite,loading,,,,,1,1.0,0,gWA_sBM_cAll_d26_mWA0_ch05,,,6.104000,gPO_sBM_cAll_d10_mPO0_ch01;gPO_sBM_cAll_d11_mPO0_ch01;gPO_sBM_cAll_d11_mPO0_ch02;gPO_sBM_cAll_d10_mPO0_ch02;gPO_sBM_cAll_d12_mPO3_ch02,,,,,,0.492459561,,0.000000,,,,,,,,,,0.000000,beat-sync,1.600000,1.128472,,0.033473877,0.193441184,right_wrist_yaw,2.171573499,left_wrist_yaw,0.193441184,right_wrist_yaw,2.591314645,left_wrist_yaw,-0.109064,-0.190860,0.963892,2.887705,0.000000000,0.000000000,0.000000000,0.000000000,0.000000000,0.000000000,5.944000,0.011365087,0.000000000,left_hip_yaw;left_shoulder_yaw;right_hip_pitch;waist_pitch;waist_yaw,38.624365,10.948177,513.868307,left_knee,0.003831418,0,1,0,3,gPO_sBM_cAll_d10_mPO0_ch01;gPO_sBM_cAll_d11_mPO0_ch01;gPO_sBM_cAll_d11_mPO0_ch02,,80.561700,1023.654100,114.537500,3675.404700,accepted,0.938171,,0.887584,0.187963819,40.226389,0.156645,PO,0.730935,0.002227,0.004924,JB5:0.700351;JB3:0.698125;JB1:0.692455;JB2:0.618941;JB4:0.603145,gPO_sBM_cAll_d10_mPO0_ch01:0.584956;gPO_sBM_cAll_d11_mPO0_ch01:0.580032;gPO_sBM_cAll_d11_mPO0_ch02:0.578172;gPO_sBM_cAll_d10_mPO0_ch02:0.577206;gPO_sBM_cAll_d12_mPO3_ch02:0.550420;gPO_sBM_cAll_d12_mPO2_ch02:0.550029;gPO_sBM_cAll_d10_mPO2_ch02:0.549474;gPO_sBM_cAll_d12_mPO3_ch01:0.549252;gPO_sBM_cAll_d10_mPO3_ch02:0.548890;gPO_sBM_cAll_d12_mPO2_ch01:0.548718,Electronic---Electro:0.243474;Electronic---Techno:0.207788;Electronic---Synthwave:0.159857;Electronic---Ambient:0.156645;Electronic---Berlin-School:0.143156,WA:v0:k1:r1,,JB5,0.700351,gPO_sBM_cAll_d10_mPO0_ch01,0.584956,96.153846
6.552000,6.563157900,,hermite,loading,,,,,0,1.0,0,gWA_sBM_cAll_d26_mWA0_ch05,,,6.104000,gPO_sBM_cAll_d10_mPO0_ch01;gPO_sBM_cAll_d11_mPO0_ch01;gPO_sBM_cAll_d11_mPO0_ch02;gPO_sBM_cAll_d10_mPO0_ch02;gPO_sBM_cAll_d12_mPO3_ch02,,,,,,0.496799336,,0.000000,,,,,,,,,,0.000000,beat-sync,1.600000,1.128472,,0.032194661,0.277698471,left_wrist_yaw,4.571563168,left_wrist_yaw,0.277698471,left_wrist_yaw,5.286828811,left_wrist_yaw,-0.134575,-0.207499,0.947061,2.795401,0.000000000,0.000000000,0.000000000,0.000000000,0.000000000,0.000000000,5.944000,0.011365087,0.000000000,left_hip_yaw;left_shoulder_yaw;right_hip_pitch;waist_pitch;waist_yaw,11.329929,9.625137,1096.712890,,0.003932941,0,1,0,3,gPO_sBM_cAll_d10_mPO0_ch01;gPO_sBM_cAll_d11_mPO0_ch01;gPO_sBM_cAll_d11_mPO0_ch02,,80.561700,1023.654100,114.537500,3675.404700,accepted,0.938171,,0.887584,0.187963819,40.226389,0.156645,PO,0.730935,0.002227,0.004924,JB5:0.700351;JB3:0.698125;JB1:0.692455;JB2:0.618941;JB4:0.603145,gPO_sBM_cAll_d10_mPO0_ch01:0.584956;gPO_sBM_cAll_d11_mPO0_ch01:0.580032;gPO_sBM_cAll_d11_mPO0_ch02:0.578172;gPO_sBM_cAll_d10_mPO0_ch02:0.577206;gPO_sBM_cAll_d12_mPO3_ch02:0.550420;gPO_sBM_cAll_d12_mPO2_ch02:0.550029;gPO_sBM_cAll_d10_mPO2_ch02:0.549474;gPO_sBM_cAll_d12_mPO3_ch01:0.549252;gPO_sBM_cAll_d10_mPO3_ch02:0.548890;gPO_sBM_cAll_d12_mPO2_ch01:0.548718,Electronic---Electro:0.243474;Electronic---Techno:0.207788;Electronic---Synthwave:0.159857;Electronic---Ambient:0.156645;Electronic---Berlin-School:0.143156,WA:v0:k1:r1,,JB5,0.700351,gPO_sBM_cAll_d10_mPO0_ch01,0.584956,96.153846
6.616000,6.638088900,,hermite,loading,,,,,0,1.0,0,gWA_sBM_cAll_d26_mWA0_ch05,,,6.104000,gPO_sBM_cAll_d10_mPO0_ch01;gPO_sBM_cAll_d11_mPO0_ch01;gPO_sBM_cAll_d11_mPO0_ch02;gPO_sBM_cAll_d10_mPO0_ch02;gPO_sBM_cAll_d12_mPO3_ch02,,,,,,0.506789130,,0.000000,,,,,,,,,,0.000000,beat-sync,1.600000,1.128472,,0.029251017,0.205508837,left_wrist_yaw,4.653594220,left_wrist_yaw,0.205508837,left_wrist_yaw,5.499376298,left_wrist_yaw,-0.218116,-0.235655,0.943558,2.529633,0.000000000,0.000000000,0.000000000,0.000000000,0.000000000,0.000000000,5.944000,0.011365087,0.000000000,left_hip_yaw;left_shoulder_yaw;right_hip_pitch;waist_pitch;waist_yaw,9.269606,7.845892,333.302181,,0.003892581,0,1,0,3,gPO_sBM_cAll_d10_mPO0_ch01;gPO_sBM_cAll_d11_mPO0_ch01;gPO_sBM_cAll_d11_mPO0_ch02,,80.561700,1023.654100,114.537500,3675.404700,accepted,0.938171,,0.887584,0.187963819,40.226389,0.156645,PO,0.730935,0.002227,0.004924,JB5:0.700351;JB3:0.698125;JB1:0.692455;JB2:0.618941;JB4:0.603145,gPO_sBM_cAll_d10_mPO0_ch01:0.584956;gPO_sBM_cAll_d11_mPO0_ch01:0.580032;gPO_sBM_cAll_d11_mPO0_ch02:0.578172;gPO_sBM_cAll_d10_mPO0_ch02:0.577206;gPO_sBM_cAll_d12_mPO3_ch02:0.550420;gPO_sBM_cAll_d12_mPO2_ch02:0.550029;gPO_sBM_cAll_d10_mPO2_ch02:0.549474;gPO_sBM_cAll_d12_mPO3_ch01:0.549252;gPO_sBM_cAll_d10_mPO3_ch02:0.548890;gPO_sBM_cAll_d12_mPO2_ch01:0.548718,Electronic---Electro:0.243474;Electronic---Techno:0.207788;Electronic---Synthwave:0.159857;Electronic---Ambient:0.156645;Electronic---Berlin-School:0.143156,WA:v0:k1:r1,,JB5,0.700351,gPO_sBM_cAll_d10_mPO0_ch01,0.584956,96.153846
6.680000,6.705756200,,hermite,loading,,,,,0,1.0,0,gWA_sBM_cAll_d26_mWA0_ch05,,,6.104000,gPO_sBM_cAll_d10_mPO0_ch01;gPO_sBM_cAll_d11_mPO0_ch01;gPO_sBM_cAll_d11_mPO0_ch02;gPO_sBM_cAll_d10_mPO0_ch02;gPO_sBM_cAll_d12_mPO3_ch02,,,,,,0.515843813,,0.000000,,,,,,,,,,0.000000,beat-sync,1.600000,1.335470,,0.044552004,0.085619228,right_wrist_yaw,0.050240343,right_wrist_roll,0.085619228,right_wrist_yaw,0.076490276,right_wrist_roll,-0.290762,-0.261749,0.939031,2.509569,0.000000000,0.000000000,0.000000000,0.000000000,0.000000000,0.000000000,6.648000,0.000000000,0.000000000,,0.179779,0.144839,21.879716,,0.003861757,0,1,0,3,gPO_sBM_cAll_d10_mPO0_ch01;gPO_sBM_cAll_d11_mPO0_ch01;gPO_sBM_cAll_d11_mPO0_ch02,,80.561700,1023.654100,114.537500,3675.404700,accepted,0.938171,,0.887584,0.187963819,40.226389,0.156645,PO,0.730935,0.002227,0.004924,JB5:0.700351;JB3:0.698125;JB1:0.692455;JB2:0.618941;JB4:0.603145,gPO_sBM_cAll_d10_mPO0_ch01:0.584956;gPO_sBM_cAll_d11_mPO0_ch01:0.580032;gPO_sBM_cAll_d11_mPO0_ch02:0.578172;gPO_sBM_cAll_d10_mPO0_ch02:0.577206;gPO_sBM_cAll_d12_mPO3_ch02:0.550420;gPO_sBM_cAll_d12_mPO2_ch02:0.550029;gPO_sBM_cAll_d10_mPO2_ch02:0.549474;gPO_sBM_cAll_d12_mPO3_ch01:0.549252;gPO_sBM_cAll_d10_mPO3_ch02:0.548890;gPO_sBM_cAll_d12_mPO2_ch01:0.548718,Electronic---Electro:0.243474;Electronic---Techno:0.207788;Electronic---Synthwave:0.159857;Electronic---Ambient:0.156645;Electronic---Berlin-School:0.143156,WA:v0:k1:r1,,JB5,0.700351,gPO_sBM_cAll_d10_mPO0_ch01,0.584956,96.153846
6.712000,6.730866100,,hermite,loading,,,,,0,1.0,0,gWA_sBM_cAll_d26_mWA0_ch05,,,6.104000,gPO_sBM_cAll_d10_mPO0_ch01;gPO_sBM_cAll_d11_mPO0_ch01;gPO_sBM_cAll_d11_mPO0_ch02;gPO_sBM_cAll_d10_mPO0_ch02;gPO_sBM_cAll_d12_mPO3_ch02,,,,,,0.519184773,,0.000000,,,,,,,,,,0.000000,beat-sync,1.600000,1.335470,,0.043678085,0.083137231,right_wrist_yaw,0.529731125,left_wrist_yaw,0.083137231,right_wrist_yaw,0.621094062,left_wrist_yaw,-0.313515,-0.272810,0.943838,2.541632,0.000000000,0.000000000,0.000000000,0.000000000,0.000000000,0.000000000,6.648000,0.000000000,0.000000000,,0.621094,0.515939,63.923908,,0.003848696,0,1,0,3,gPO_sBM_cAll_d10_mPO0_ch01;gPO_sBM_cAll_d11_mPO0_ch01;gPO_sBM_cAll_d11_mPO0_ch02,,80.561700,1023.654100,114.537500,3675.404700,accepted,0.938171,,0.887584,0.187963819,40.226389,0.156645,PO,0.730935,0.002227,0.004924,JB5:0.700351;JB3:0.698125;JB1:0.692455;JB2:0.618941;JB4:0.603145,gPO_sBM_cAll_d10_mPO0_ch01:0.584956;gPO_sBM_cAll_d11_mPO0_ch01:0.580032;gPO_sBM_cAll_d11_mPO0_ch02:0.578172;gPO_sBM_cAll_d10_mPO0_ch02:0.577206;gPO_sBM_cAll_d12_mPO3_ch02:0.550420;gPO_sBM_cAll_d12_mPO2_ch02:0.550029;gPO_sBM_cAll_d10_mPO2_ch02:0.549474;gPO_sBM_cAll_d12_mPO3_ch01:0.549252;gPO_sBM_cAll_d10_mPO3_ch02:0.548890;gPO_sBM_cAll_d12_mPO2_ch01:0.548718,Electronic---Electro:0.243474;Electronic---Techno:0.207788;Electronic---Synthwave:0.159857;Electronic---Ambient:0.156645;Electronic---Berlin-School:0.143156,WA:v0:k1:r1,,JB5,0.700351,gPO_sBM_cAll_d10_mPO0_ch01,0.584956,96.153846
6.712000,6.739489000,beat_limiter_result,hermite,loading,,,,,0,1.0,0,gWA_sBM_cAll_d26_mWA0_ch05,,,6.104000,gPO_sBM_cAll_d10_mPO0_ch01;gPO_sBM_cAll_d11_mPO0_ch01;gPO_sBM_cAll_d11_mPO0_ch02;gPO_sBM_cAll_d10_mPO0_ch02;gPO_sBM_cAll_d12_mPO3_ch02,,,,,,0.520285502,,0.000000,,,,,,,,,,0.000000,beat-sync,1.600000,1.335470,,0.043397917,0.093803671,right_wrist_yaw,1.279972798,right_wrist_yaw,0.093803671,right_wrist_yaw,1.534849985,right_wrist_yaw,-0.319520,-0.277386,0.946277,2.549317,0.000000000,0.000000000,0.000000000,0.000000000,0.000000000,0.000000000,6.648000,0.000000000,0.000000000,,1.536134,1.290869,215.358707,,0.003844362,0,1,0,3,gPO_sBM_cAll_d10_mPO0_ch01;gPO_sBM_cAll_d11_mPO0_ch01;gPO_sBM_cAll_d11_mPO0_ch02,,80.561700,1023.654100,114.537500,3675.404700,accepted,0.938171,,0.887584,0.187963819,40.226389,0.156645,PO,0.730935,0.002227,0.004924,JB5:0.700351;JB3:0.698125;JB1:0.692455;JB2:0.618941;JB4:0.603145,gPO_sBM_cAll_d10_mPO0_ch01:0.584956;gPO_sBM_cAll_d11_mPO0_ch01:0.580032;gPO_sBM_cAll_d11_mPO0_ch02:0.578172;gPO_sBM_cAll_d10_mPO0_ch02:0.577206;gPO_sBM_cAll_d12_mPO3_ch02:0.550420;gPO_sBM_cAll_d12_mPO2_ch02:0.550029;gPO_sBM_cAll_d10_mPO2_ch02:0.549474;gPO_sBM_cAll_d12_mPO3_ch01:0.549252;gPO_sBM_cAll_d10_mPO3_ch02:0.548890;gPO_sBM_cAll_d12_mPO2_ch01:0.548718,Electronic---Electro:0.243474;Electronic---Techno:0.207788;Electronic---Synthwave:0.159857;Electronic---Ambient:0.156645;Electronic---Berlin-School:0.143156,WA:v0:k1:r1,,JB5,0.700351,gPO_sBM_cAll_d10_mPO0_ch01,0.584956,96.153846
6.776000,6.799893000,,hermite,loading,,,,,1,1.0,0,gWA_sBM_cAll_d26_mWA0_ch05,,,6.104000,gPO_sBM_cAll_d10_mPO0_ch01;gPO_sBM_cAll_d11_mPO0_ch01;gPO_sBM_cAll_d11_mPO0_ch02;gPO_sBM_cAll_d10_mPO0_ch02;gPO_sBM_cAll_d12_mPO3_ch02,,,,,,0.528357019,,0.000000,,,,,,,,,,0.000000,beat-sync,1.600000,1.335470,,0.041450184,0.142846589,right_wrist_yaw,10.700174391,left_wrist_yaw,0.142846589,right_wrist_yaw,7.153594116,left_wrist_yaw,-0.353839,-0.312444,0.963743,2.483256,0.000000000,0.000000000,0.000000000,0.000000000,0.000000000,0.000000000,6.648000,0.000000000,0.000000000,,14.069907,9.316049,1298.903736,right_shoulder_pitch,0.004782843,0,1,0,3,gPO_sBM_cAll_d10_mPO0_ch01;gPO_sBM_cAll_d11_mPO0_ch01;gPO_sBM_cAll_d11_mPO0_ch02,,80.561700,1023.654100,114.537500,3675.404700,accepted,0.938171,,0.887584,0.187963819,40.226389,0.156645,PO,0.730935,0.002227,0.004924,JB5:0.700351;JB3:0.698125;JB1:0.692455;JB2:0.618941;JB4:0.603145,gPO_sBM_cAll_d10_mPO0_ch01:0.584956;gPO_sBM_cAll_d11_mPO0_ch01:0.580032;gPO_sBM_cAll_d11_mPO0_ch02:0.578172;gPO_sBM_cAll_d10_mPO0_ch02:0.577206;gPO_sBM_cAll_d12_mPO3_ch02:0.550420;gPO_sBM_cAll_d12_mPO2_ch02:0.550029;gPO_sBM_cAll_d10_mPO2_ch02:0.549474;gPO_sBM_cAll_d12_mPO3_ch01:0.549252;gPO_sBM_cAll_d10_mPO3_ch02:0.548890;gPO_sBM_cAll_d12_mPO2_ch01:0.548718,Electronic---Electro:0.243474;Electronic---Techno:0.207788;Electronic---Synthwave:0.159857;Electronic---Ambient:0.156645;Electronic---Berlin-School:0.143156,WA:v0:k1:r1,,JB5,0.700351,gPO_sBM_cAll_d10_mPO0_ch01,0.584956,96.153846
6.808000,6.824954400,,hermite,loading,,,,,1,1.0,0,gWA_sBM_cAll_d26_mWA0_ch05,,,6.104000,gPO_sBM_cAll_d10_mPO0_ch01;gPO_sBM_cAll_d11_mPO0_ch01;gPO_sBM_cAll_d11_mPO0_ch02;gPO_sBM_cAll_d10_mPO0_ch02;gPO_sBM_cAll_d12_mPO3_ch02,,,,,,0.531680608,,0.000000,,,,,,,,,,0.000000,beat-sync,1.600000,1.335470,,0.040691975,0.135239473,left_wrist_yaw,2.311078407,right_wrist_yaw,0.135239473,left_wrist_yaw,3.274391203,right_wrist_yaw,-0.360122,-0.328083,0.972461,2.406463,0.000000000,0.000000000,0.000000000,0.000000000,0.000000000,0.000000000,6.648000,0.000000000,0.000000000,,32.456702,11.726316,268.590255,left_elbow;right_shoulder_pitch,0.004997501,0,1,0,3,gPO_sBM_cAll_d10_mPO0_ch01;gPO_sBM_cAll_d11_mPO0_ch01;gPO_sBM_cAll_d11_mPO0_ch02,,80.561700,1023.654100,114.537500,3675.404700,accepted,0.938171,,0.887584,0.187963819,40.226389,0.156645,PO,0.730935,0.002227,0.004924,JB5:0.700351;JB3:0.698125;JB1:0.692455;JB2:0.618941;JB4:0.603145,gPO_sBM_cAll_d10_mPO0_ch01:0.584956;gPO_sBM_cAll_d11_mPO0_ch01:0.580032;gPO_sBM_cAll_d11_mPO0_ch02:0.578172;gPO_sBM_cAll_d10_mPO0_ch02:0.577206;gPO_sBM_cAll_d12_mPO3_ch02:0.550420;gPO_sBM_cAll_d12_mPO2_ch02:0.550029;gPO_sBM_cAll_d10_mPO2_ch02:0.549474;gPO_sBM_cAll_d12_mPO3_ch01:0.549252;gPO_sBM_cAll_d10_mPO3_ch02:0.548890;gPO_sBM_cAll_d12_mPO2_ch01:0.548718,Electronic---Electro:0.243474;Electronic---Techno:0.207788;Electronic---Synthwave:0.159857;Electronic---Ambient:0.156645;Electronic---Berlin-School:0.143156,WA:v0:k1:r1,,JB5,0.700351,gPO_sBM_cAll_d10_mPO0_ch01,0.584956,96.153846
6.872000,6.892486800,,hermite,loading,,,,,0,1.0,0,gWA_sBM_cAll_d26_mWA0_ch05,,,6.104000,gPO_sBM_cAll_d10_mPO0_ch01;gPO_sBM_cAll_d11_mPO0_ch01;gPO_sBM_cAll_d11_mPO0_ch02;gPO_sBM_cAll_d10_mPO0_ch02;gPO_sBM_cAll_d12_mPO3_ch02,,,,,,0.540645740,,0.000000,,,,,,,,,,0.000000,beat-sync,1.600000,1.240079,,0.057108017,0.297648574,left_wrist_yaw,2.175827391,left_wrist_pitch,0.297648574,left_wrist_yaw,3.118124663,left_wrist_pitch,-0.354343,-0.361568,0.994032,2.140245,0.000000000,0.000000000,0.000000000,0.000000000,0.000000000,0.000000000,6.872000,0.000000000,0.000000000,,9.281175,7.632804,356.560541,,0.005105734,0,1,0,3,gPO_sBM_cAll_d10_mPO0_ch01;gPO_sBM_cAll_d11_mPO0_ch01;gPO_sBM_cAll_d11_mPO0_ch02,,80.561700,1023.654100,114.537500,3675.404700,accepted,0.938171,,0.887584,0.187963819,40.226389,0.156645,PO,0.730935,0.002227,0.004924,JB5:0.700351;JB3:0.698125;JB1:0.692455;JB2:0.618941;JB4:0.603145,gPO_sBM_cAll_d10_mPO0_ch01:0.584956;gPO_sBM_cAll_d11_mPO0_ch01:0.580032;gPO_sBM_cAll_d11_mPO0_ch02:0.578172;gPO_sBM_cAll_d10_mPO0_ch02:0.577206;gPO_sBM_cAll_d12_mPO3_ch02:0.550420;gPO_sBM_cAll_d12_mPO2_ch02:0.550029;gPO_sBM_cAll_d10_mPO2_ch02:0.549474;gPO_sBM_cAll_d12_mPO3_ch01:0.549252;gPO_sBM_cAll_d10_mPO3_ch02:0.548890;gPO_sBM_cAll_d12_mPO2_ch01:0.548718,Electronic---Electro:0.243474;Electronic---Techno:0.207788;Electronic---Synthwave:0.159857;Electronic---Ambient:0.156645;Electronic---Berlin-School:0.143156,WA:v0:k1:r1,,JB5,0.700351,gPO_sBM_cAll_d10_mPO0_ch01,0.584956,96.153846
6.904000,6.921312200,,hermite,loading,,,,,0,1.0,0,gWA_sBM_cAll_d26_mWA0_ch05,,,6.104000,gPO_sBM_cAll_d10_mPO0_ch01;gPO_sBM_cAll_d11_mPO0_ch01;gPO_sBM_cAll_d11_mPO0_ch02;gPO_sBM_cAll_d10_mPO0_ch02;gPO_sBM_cAll_d12_mPO3_ch02,,,,,,0.544124225,,0.000000,,,,,,,,,,0.000000,beat-sync,1.600000,1.240079,,0.056366942,0.260227455,left_wrist_yaw,3.358310268,left_wrist_pitch,0.260227455,left_wrist_yaw,2.527424514,left_wrist_pitch,-0.355983,-0.367757,1.001946,2.146112,0.000000000,0.000000000,0.000000000,0.000000000,0.000000000,0.000000000,6.872000,0.000000000,0.000000000,,7.103241,6.235758,204.489454,,0.005088865,0,1,0,3,gPO_sBM_cAll_d10_mPO0_ch01;gPO_sBM_cAll_d11_mPO0_ch01;gPO_sBM_cAll_d11_mPO0_ch02,,80.561700,1023.654100,114.537500,3675.404700,accepted,0.938171,,0.887584,0.187963819,40.226389,0.156645,PO,0.730935,0.002227,0.004924,JB5:0.700351;JB3:0.698125;JB1:0.692455;JB2:0.618941;JB4:0.603145,gPO_sBM_cAll_d10_mPO0_ch01:0.584956;gPO_sBM_cAll_d11_mPO0_ch01:0.580032;gPO_sBM_cAll_d11_mPO0_ch02:0.578172;gPO_sBM_cAll_d10_mPO0_ch02:0.577206;gPO_sBM_cAll_d12_mPO3_ch02:0.550420;gPO_sBM_cAll_d12_mPO2_ch02:0.550029;gPO_sBM_cAll_d10_mPO2_ch02:0.549474;gPO_sBM_cAll_d12_mPO3_ch01:0.549252;gPO_sBM_cAll_d10_mPO3_ch02:0.548890;gPO_sBM_cAll_d12_mPO2_ch01:0.548718,Electronic---Electro:0.243474;Electronic---Techno:0.207788;Electronic---Synthwave:0.159857;Electronic---Ambient:0.156645;Electronic---Berlin-School:0.143156,WA:v0:k1:r1,,JB5,0.700351,gPO_sBM_cAll_d10_mPO0_ch01,0.584956,96.153846
6.936000,6.967640700,beat_limiter_result,hermite,loading,,,,,1,1.0,0,gWA_sBM_cAll_d26_mWA0_ch05,,,6.104000,gPO_sBM_cAll_d10_mPO0_ch01;gPO_sBM_cAll_d11_mPO0_ch01;gPO_sBM_cAll_d11_mPO0_ch02;gPO_sBM_cAll_d10_mPO0_ch02;gPO_sBM_cAll_d12_mPO3_ch02,,,,,,0.550715339,,0.000000,,,,,,,,,,0.000000,beat-sync,1.600000,1.240079,,0.054950459,0.155180685,left_wrist_yaw,2.539375709,left_wrist_yaw,0.155180685,left_wrist_yaw,3.169971873,left_wrist_yaw,-0.355324,-0.376029,0.997084,2.213863,0.000000000,0.000000000,0.000000000,0.000000000,0.000000000,0.000000000,6.872000,0.000000000,0.000000000,,18.730673,12.963274,716.413301,left_shoulder_pitch,0.005098765,0,1,0,3,gPO_sBM_cAll_d10_mPO0_ch01;gPO_sBM_cAll_d11_mPO0_ch01;gPO_sBM_cAll_d11_mPO0_ch02,,80.561700,1023.654100,114.537500,3675.404700,accepted,0.938171,,0.887584,0.187963819,40.226389,0.156645,PO,0.730935,0.002227,0.004924,JB5:0.700351;JB3:0.698125;JB1:0.692455;JB2:0.618941;JB4:0.603145,gPO_sBM_cAll_d10_mPO0_ch01:0.584956;gPO_sBM_cAll_d11_mPO0_ch01:0.580032;gPO_sBM_cAll_d11_mPO0_ch02:0.578172;gPO_sBM_cAll_d10_mPO0_ch02:0.577206;gPO_sBM_cAll_d12_mPO3_ch02:0.550420;gPO_sBM_cAll_d12_mPO2_ch02:0.550029;gPO_sBM_cAll_d10_mPO2_ch02:0.549474;gPO_sBM_cAll_d12_mPO3_ch01:0.549252;gPO_sBM_cAll_d10_mPO3_ch02:0.548890;gPO_sBM_cAll_d12_mPO2_ch01:0.548718,Electronic---Electro:0.243474;Electronic---Techno:0.207788;Electronic---Synthwave:0.159857;Electronic---Ambient:0.156645;Electronic---Berlin-School:0.143156,WA:v0:k1:r1,,JB5,0.700351,gPO_sBM_cAll_d10_mPO0_ch01,0.584956,96.153846
6.968000,6.986561600,,hermite,loading,,,,,1,1.0,0,gWA_sBM_cAll_d26_mWA0_ch05,,,6.104000,gPO_sBM_cAll_d10_mPO0_ch01;gPO_sBM_cAll_d11_mPO0_ch01;gPO_sBM_cAll_d11_mPO0_ch02;gPO_sBM_cAll_d10_mPO0_ch02;gPO_sBM_cAll_d12_mPO3_ch02,,,,,,0.552917130,,0.000000,,,,,,,,,,0.000000,beat-sync,1.600000,1.240079,,0.054474348,0.201412839,right_wrist_yaw,2.087788904,right_wrist_yaw,0.201412839,right_wrist_yaw,3.004306759,right_wrist_yaw,-0.357039,-0.380042,0.989296,2.213396,0.000000000,0.000000000,0.000000000,0.000000000,0.000000000,0.000000000,6.872000,0.000000000,0.000000000,,19.858688,12.795537,424.397923,,0.005125306,0,1,0,4,gPO_sBM_cAll_d10_mPO0_ch01;gPO_sBM_cAll_d11_mPO0_ch01;gPO_sBM_cAll_d11_mPO0_ch02;gPO_sBM_cAll_d10_mPO0_ch02,,83.281700,1049.636400,98.773900,4899.996000,accepted,0.938171,,0.887584,0.187963819,40.226389,0.156645,PO,0.730935,0.002227,0.004924,JB5:0.700351;JB3:0.698125;JB1:0.692455;JB2:0.618941;JB4:0.603145,gPO_sBM_cAll_d10_mPO0_ch01:0.584956;gPO_sBM_cAll_d11_mPO0_ch01:0.580032;gPO_sBM_cAll_d11_mPO0_ch02:0.578172;gPO_sBM_cAll_d10_mPO0_ch02:0.577206;gPO_sBM_cAll_d12_mPO3_ch02:0.550420;gPO_sBM_cAll_d12_mPO2_ch02:0.550029;gPO_sBM_cAll_d10_mPO2_ch02:0.549474;gPO_sBM_cAll_d12_mPO3_ch01:0.549252;gPO_sBM_cAll_d10_mPO3_ch02:0.548890;gPO_sBM_cAll_d12_mPO2_ch01:0.548718,Electronic---Electro:0.243474;Electronic---Techno:0.207788;Electronic---Synthwave:0.159857;Electronic---Ambient:0.156645;Electronic---Berlin-School:0.143156,WA:v0:k1:r1,,JB5,0.700351,gPO_sBM_cAll_d10_mPO0_ch01,0.584956,96.153846
7.000000,7.009680400,,hermite,loading,,,,,1,1.0,0,gWA_sBM_cAll_d26_mWA0_ch05,,,6.104000,gPO_sBM_cAll_d10_mPO0_ch01;gPO_sBM_cAll_d11_mPO0_ch01;gPO_sBM_cAll_d11_mPO0_ch02;gPO_sBM_cAll_d10_mPO0_ch02;gPO_sBM_cAll_d12_mPO3_ch02,,,,,,0.556446619,,0.000000,,,,,,,,,,0.000000,beat-sync,1.600000,1.240079,,0.053708402,0.300394539,right_wrist_yaw,4.828271328,right_wrist_yaw,0.300394539,right_wrist_yaw,4.995045922,right_wrist_yaw,-0.361628,-0.389474,0.972297,2.137063,0.000000000,0.000000000,0.000000000,0.000000000,0.000000000,0.000000000,6.872000,0.000000000,0.000000000,,28.010759,13.772492,342.468189,left_shoulder_pitch,0.005258809,0,1,0,4,gPO_sBM_cAll_d10_mPO0_ch01;gPO_sBM_cAll_d11_mPO0_ch01;gPO_sBM_cAll_d11_mPO0_ch02;gPO_sBM_cAll_d10_mPO0_ch02,,83.281700,1049.636400,98.773900,4899.996000,accepted,0.938171,,0.887584,0.187963819,40.226389,0.156645,PO,0.730935,0.002227,0.004924,JB5:0.700351;JB3:0.698125;JB1:0.692455;JB2:0.618941;JB4:0.603145,gPO_sBM_cAll_d10_mPO0_ch01:0.584956;gPO_sBM_cAll_d11_mPO0_ch01:0.580032;gPO_sBM_cAll_d11_mPO0_ch02:0.578172;gPO_sBM_cAll_d10_mPO0_ch02:0.577206;gPO_sBM_cAll_d12_mPO3_ch02:0.550420;gPO_sBM_cAll_d12_mPO2_ch02:0.550029;gPO_sBM_cAll_d10_mPO2_ch02:0.549474;gPO_sBM_cAll_d12_mPO3_ch01:0.549252;gPO_sBM_cAll_d10_mPO3_ch02:0.548890;gPO_sBM_cAll_d12_mPO2_ch01:0.548718,Electronic---Electro:0.243474;Electronic---Techno:0.207788;Electronic---Synthwave:0.159857;Electronic---Ambient:0.156645;Electronic---Berlin-School:0.143156,WA:v0:k1:r1,,JB5,0.700351,gPO_sBM_cAll_d10_mPO0_ch01,0.584956,96.153846
7.064000,7.075849000,,hermite,loading,,,,,1,1.0,0,gWA_sBM_cAll_d26_mWA0_ch05,,,6.104000,gPO_sBM_cAll_d10_mPO0_ch01;gPO_sBM_cAll_d11_mPO0_ch01;gPO_sBM_cAll_d11_mPO0_ch02;gPO_sBM_cAll_d10_mPO0_ch02;gPO_sBM_cAll_d12_mPO3_ch02,,,,,,0.565169668,,0.000000,,,,,,,,,,0.000000,beat-sync,1.600000,1.240079,,0.051803097,0.381928770,left_wrist_yaw,3.645601454,right_wrist_yaw,0.381928770,left_wrist_yaw,5.450404942,right_wrist_yaw,-0.378613,-0.398705,0.923091,1.932754,0.000000000,0.000000000,0.000000000,0.000000000,0.000000000,0.000000000,6.872000,0.000000000,0.000000000,,22.515748,11.885915,768.368927,right_elbow;right_shoulder_pitch;right_shoulder_yaw,0.005548522,0,1,0,4,gPO_sBM_cAll_d10_mPO0_ch01;gPO_sBM_cAll_d11_mPO0_ch01;gPO_sBM_cAll_d11_mPO0_ch02;gPO_sBM_cAll_d10_mPO0_ch02,,83.281700,1049.636400,98.773900,4899.996000,accepted,0.938171,,0.887584,0.187963819,40.226389,0.156645,PO,0.730935,0.002227,0.004924,JB5:0.700351;JB3:0.698125;JB1:0.692455;JB2:0.618941;JB4:0.603145,gPO_sBM_cAll_d10_mPO0_ch01:0.584956;gPO_sBM_cAll_d11_mPO0_ch01:0.580032;gPO_sBM_cAll_d11_mPO0_ch02:0.578172;gPO_sBM_cAll_d10_mPO0_ch02:0.577206;gPO_sBM_cAll_d12_mPO3_ch02:0.550420;gPO_sBM_cAll_d12_mPO2_ch02:0.550029;gPO_sBM_cAll_d10_mPO2_ch02:0.549474;gPO_sBM_cAll_d12_mPO3_ch01:0.549252;gPO_sBM_cAll_d10_mPO3_ch02:0.548890;gPO_sBM_cAll_d12_mPO2_ch01:0.548718,Electronic---Electro:0.243474;Electronic---Techno:0.207788;Electronic---Synthwave:0.159857;Electronic---Ambient:0.156645;Electronic---Berlin-School:0.143156,WA:v0:k1:r1,,JB5,0.700351,gPO_sBM_cAll_d10_mPO0_ch01,0.584956,96.153846
7.128000,7.138830100,,hermite,loading,,,,,0,1.0,0,gWA_sBM_cAll_d26_mWA0_ch05,,,6.104000,gPO_sBM_cAll_d10_mPO0_ch01;gPO_sBM_cAll_d11_mPO0_ch01;gPO_sBM_cAll_d11_mPO0_ch02;gPO_sBM_cAll_d10_mPO0_ch02;gPO_sBM_cAll_d12_mPO3_ch02,,,,,,0.573309373,,0.000000,,,,,,,,,,0.000000,beat-sync,1.600000,1.240079,,0.050012518,0.373302186,left_wrist_yaw,2.760667000,right_wrist_yaw,0.373302186,left_wrist_yaw,2.462436403,right_wrist_yaw,-0.378560,-0.386873,0.909772,1.814148,0.000000000,0.000000000,0.000000000,0.000000000,0.000000000,0.000000000,6.872000,0.000000000,0.000000000,,4.944330,3.695846,544.042200,,0.006098237,0,1,0,4,gPO_sBM_cAll_d10_mPO0_ch01;gPO_sBM_cAll_d11_mPO0_ch01;gPO_sBM_cAll_d11_mPO0_ch02;gPO_sBM_cAll_d10_mPO0_ch02,,83.281700,1049.636400,98.773900,4899.996000,accepted,0.938171,,0.887584,0.187963819,40.226389,0.156645,PO,0.730935,0.002227,0.004924,JB5:0.700351;JB3:0.698125;JB1:0.692455;JB2:0.618941;JB4:0.603145,gPO_sBM_cAll_d10_mPO0_ch01:0.584956;gPO_sBM_cAll_d11_mPO0_ch01:0.580032;gPO_sBM_cAll_d11_mPO0_ch02:0.578172;gPO_sBM_cAll_d10_mPO0_ch02:0.577206;gPO_sBM_cAll_d12_mPO3_ch02:0.550420;gPO_sBM_cAll_d12_mPO2_ch02:0.550029;gPO_sBM_cAll_d10_mPO2_ch02:0.549474;gPO_sBM_cAll_d12_mPO3_ch01:0.549252;gPO_sBM_cAll_d10_mPO3_ch02:0.548890;gPO_sBM_cAll_d12_mPO2_ch01:0.548718,Electronic---Electro:0.243474;Electronic---Techno:0.207788;Electronic---Synthwave:0.159857;Electronic---Ambient:0.156645;Electronic---Berlin-School:0.143156,WA:v0:k1:r1,,JB5,0.700351,gPO_sBM_cAll_d10_mPO0_ch01,0.584956,96.153846
7.160000,7.175504100,,hermite,loading,,,,,0,1.0,0,gWA_sBM_cAll_d26_mWA0_ch05,,,6.104000,gPO_sBM_cAll_d10_mPO0_ch01;gPO_sBM_cAll_d11_mPO0_ch01;gPO_sBM_cAll_d11_mPO0_ch02;gPO_sBM_cAll_d10_mPO0_ch02;gPO_sBM_cAll_d12_mPO3_ch02,,,,,,0.578015242,,0.000000,,,,,,,,,,0.000000,beat-sync,1.600000,1.240079,,0.048972624,0.361673689,left_wrist_yaw,8.018109398,right_wrist_yaw,0.361673689,left_wrist_yaw,4.756275017,right_wrist_yaw,-0.378693,-0.382748,0.909450,1.809374,0.000000000,0.000000000,0.000000000,0.000000000,0.000000000,0.000000000,6.872000,0.000000000,0.000000000,,7.367796,5.290044,166.197935,,0.006085193,0,1,0,4,gPO_sBM_cAll_d10_mPO0_ch01;gPO_sBM_cAll_d11_mPO0_ch01;gPO_sBM_cAll_d11_mPO0_ch02;gPO_sBM_cAll_d10_mPO0_ch02,,83.281700,1049.636400,98.773900,4899.996000,accepted,0.938171,,0.887584,0.187963819,40.226389,0.156645,PO,0.730935,0.002227,0.004924,JB5:0.700351;JB3:0.698125;JB1:0.692455;JB2:0.618941;JB4:0.603145,gPO_sBM_cAll_d10_mPO0_ch01:0.584956;gPO_sBM_cAll_d11_mPO0_ch01:0.580032;gPO_sBM_cAll_d11_mPO0_ch02:0.578172;gPO_sBM_cAll_d10_mPO0_ch02:0.577206;gPO_sBM_cAll_d12_mPO3_ch02:0.550420;gPO_sBM_cAll_d12_mPO2_ch02:0.550029;gPO_sBM_cAll_d10_mPO2_ch02:0.549474;gPO_sBM_cAll_d12_mPO3_ch01:0.549252;gPO_sBM_cAll_d10_mPO3_ch02:0.548890;gPO_sBM_cAll_d12_mPO2_ch01:0.548718,Electronic---Electro:0.243474;Electronic---Techno:0.207788;Electronic---Synthwave:0.159857;Electronic---Ambient:0.156645;Electronic---Berlin-School:0.143156,WA:v0:k1:r1,,JB5,0.700351,gPO_sBM_cAll_d10_mPO0_ch01,0.584956,96.153846
7.224000,7.251416700,,hermite,loading,,,,,0,1.0,0,gWA_sBM_cAll_d26_mWA0_ch05,,,6.104000,gPO_sBM_cAll_d10_mPO0_ch01;gPO_sBM_cAll_d11_mPO0_ch01;gPO_sBM_cAll_d11_mPO0_ch02;gPO_sBM_cAll_d10_mPO0_ch02;gPO_sBM_cAll_d12_mPO3_ch02,,,,,,0.587637914,,0.000000,,,,,,,,,,0.000000,beat-sync,1.600000,1.240079,,0.046838657,0.483202109,right_wrist_yaw,2.287272939,left_wrist_yaw,0.483202109,right_wrist_yaw,0.988769464,left_wrist_yaw,-0.398241,-0.381717,0.910797,1.741617,0.000000000,0.000000000,0.000000000,0.000000000,0.000000000,0.000000000,6.872000,0.000000000,0.000000000,,2.537789,2.369904,269.429221,,0.006059271,0,1,0,4,gPO_sBM_cAll_d10_mPO0_ch01;gPO_sBM_cAll_d11_mPO0_ch01;gPO_sBM_cAll_d11_mPO0_ch02;gPO_sBM_cAll_d10_mPO0_ch02,,83.281700,1049.636400,98.773900,4899.996000,accepted,0.938171,,0.887584,0.187963819,40.226389,0.156645,PO,0.730935,0.002227,0.004924,JB5:0.700351;JB3:0.698125;JB1:0.692455;JB2:0.618941;JB4:0.603145,gPO_sBM_cAll_d10_mPO0_ch01:0.584956;gPO_sBM_cAll_d11_mPO0_ch01:0.580032;gPO_sBM_cAll_d11_mPO0_ch02:0.578172;gPO_sBM_cAll_d10_mPO0_ch02:0.577206;gPO_sBM_cAll_d12_mPO3_ch02:0.550420;gPO_sBM_cAll_d12_mPO2_ch02:0.550029;gPO_sBM_cAll_d10_mPO2_ch02:0.549474;gPO_sBM_cAll_d12_mPO3_ch01:0.549252;gPO_sBM_cAll_d10_mPO3_ch02:0.548890;gPO_sBM_cAll_d12_mPO2_ch01:0.548718,Electronic---Electro:0.243474;Electronic---Techno:0.207788;Electronic---Synthwave:0.159857;Electronic---Ambient:0.156645;Electronic---Berlin-School:0.143156,WA:v0:k1:r1,,JB5,0.700351,gPO_sBM_cAll_d10_mPO0_ch01,0.584956,96.153846
7.256000,7.266195400,,hermite,loading,,,,,0,1.0,0,gWA_sBM_cAll_d26_mWA0_ch05,,,6.104000,gPO_sBM_cAll_d10_mPO0_ch01;gPO_sBM_cAll_d11_mPO0_ch01;gPO_sBM_cAll_d11_mPO0_ch02;gPO_sBM_cAll_d10_mPO0_ch02;gPO_sBM_cAll_d12_mPO3_ch02,,,,,,0.590464426,,0.000000,,,,,,,,,,0.000000,beat-sync,1.600000,1.240079,,0.046210215,0.500632381,right_wrist_yaw,2.538732268,left_wrist_yaw,0.500632381,right_wrist_yaw,1.670398825,left_wrist_yaw,-0.400948,-0.385960,0.920327,1.685287,0.000000000,0.000000000,0.000000000,0.000000000,0.000000000,0.000000000,6.872000,0.000000000,0.000000000,,5.779553,4.959334,394.922742,,0.006052825,0,1,0,4,gPO_sBM_cAll_d10_mPO0_ch01;gPO_sBM_cAll_d11_mPO0_ch01;gPO_sBM_cAll_d11_mPO0_ch02;gPO_sBM_cAll_d10_mPO0_ch02,,83.281700,1049.636400,98.773900,4899.996000,accepted,0.938171,,0.887584,0.187963819,40.226389,0.156645,PO,0.730935,0.002227,0.004924,JB5:0.700351;JB3:0.698125;JB1:0.692455;JB2:0.618941;JB4:0.603145,gPO_sBM_cAll_d10_mPO0_ch01:0.584956;gPO_sBM_cAll_d11_mPO0_ch01:0.580032;gPO_sBM_cAll_d11_mPO0_ch02:0.578172;gPO_sBM_cAll_d10_mPO0_ch02:0.577206;gPO_sBM_cAll_d12_mPO3_ch02:0.550420;gPO_sBM_cAll_d12_mPO2_ch02:0.550029;gPO_sBM_cAll_d10_mPO2_ch02:0.549474;gPO_sBM_cAll_d12_mPO3_ch01:0.549252;gPO_sBM_cAll_d10_mPO3_ch02:0.548890;gPO_sBM_cAll_d12_mPO2_ch01:0.548718,Electronic---Electro:0.243474;Electronic---Techno:0.207788;Electronic---Synthwave:0.159857;Electronic---Ambient:0.156645;Electronic---Berlin-School:0.143156,WA:v0:k1:r1,,JB5,0.700351,gPO_sBM_cAll_d10_mPO0_ch01,0.584956,96.153846
7.320000,7.331991000,,hermite,loading,,,,,0,1.0,0,gWA_sBM_cAll_d26_mWA0_ch05,,,6.104000,gPO_sBM_cAll_d10_mPO0_ch01;gPO_sBM_cAll_d11_mPO0_ch01;gPO_sBM_cAll_d11_mPO0_ch02;gPO_sBM_cAll_d10_mPO0_ch02;gPO_sBM_cAll_d12_mPO3_ch02,,,,,,0.599099379,,0.000000,,,,,,,,,,0.000000,beat-sync,1.600000,1.240079,,0.044287114,0.246798956,right_wrist_yaw,12.437715805,right_wrist_yaw,0.246798956,right_wrist_yaw,7.166746071,right_wrist_yaw,-0.397238,-0.399801,0.947015,1.627755,0.000000000,0.000000000,0.000000000,0.000000000,0.000000000,0.000000000,6.872000,0.000000000,0.000000000,,10.361153,8.356958,485.886760,,0.006093779,0,1,0,4,gPO_sBM_cAll_d10_mPO0_ch01;gPO_sBM_cAll_d11_mPO0_ch01;gPO_sBM_cAll_d11_mPO0_ch02;gPO_sBM_cAll_d10_mPO0_ch02,,83.281700,1049.636400,98.773900,4899.996000,accepted,0.938171,,0.887584,0.187963819,40.226389,0.156645,PO,0.730935,0.002227,0.004924,JB5:0.700351;JB3:0.698125;JB1:0.692455;JB2:0.618941;JB4:0.603145,gPO_sBM_cAll_d10_mPO0_ch01:0.584956;gPO_sBM_cAll_d11_mPO0_ch01:0.580032;gPO_sBM_cAll_d11_mPO0_ch02:0.578172;gPO_sBM_cAll_d10_mPO0_ch02:0.577206;gPO_sBM_cAll_d12_mPO3_ch02:0.550420;gPO_sBM_cAll_d12_mPO2_ch02:0.550029;gPO_sBM_cAll_d10_mPO2_ch02:0.549474;gPO_sBM_cAll_d12_mPO3_ch01:0.549252;gPO_sBM_cAll_d10_mPO3_ch02:0.548890;gPO_sBM_cAll_d12_mPO2_ch01:0.548718,Electronic---Electro:0.243474;Electronic---Techno:0.207788;Electronic---Synthwave:0.159857;Electronic---Ambient:0.156645;Electronic---Berlin-School:0.143156,WA:v0:k1:r1,,JB5,0.700351,gPO_sBM_cAll_d10_mPO0_ch01,0.584956,96.153846
7.352000,7.376701300,,hermite,loading,,,,,0,1.0,0,gWA_sBM_cAll_d26_mWA0_ch05,,,6.104000,gPO_sBM_cAll_d10_mPO0_ch01;gPO_sBM_cAll_d11_mPO0_ch01;gPO_sBM_cAll_d11_mPO0_ch02;gPO_sBM_cAll_d10_mPO0_ch02;gPO_sBM_cAll_d12_mPO3_ch02,,,,,,0.604787132,,0.000000,,,,,,,,,,0.000000,beat-sync,1.600000,1.240079,,0.043018038,0.160936882,right_wrist_yaw,2.893485105,left_wrist_yaw,0.160936882,right_wrist_yaw,3.328691554,left_wrist_yaw,-0.389659,-0.388436,0.963521,1.623802,0.000000000,0.000000000,0.000000000,0.000000000,0.000000000,0.000000000,6.872000,0.000000000,0.000000000,,4.961149,2.830131,255.149267,,0.006068093,0,1,0,4,gPO_sBM_cAll_d10_mPO0_ch01;gPO_sBM_cAll_d11_mPO0_ch01;gPO_sBM_cAll_d11_mPO0_ch02;gPO_sBM_cAll_d10_mPO0_ch02,,83.281700,1049.636400,98.773900,4899.996000,accepted,0.938171,,0.887584,0.187963819,40.226389,0.156645,PO,0.730935,0.002227,0.004924,JB5:0.700351;JB3:0.698125;JB1:0.692455;JB2:0.618941;JB4:0.603145,gPO_sBM_cAll_d10_mPO0_ch01:0.584956;gPO_sBM_cAll_d11_mPO0_ch01:0.580032;gPO_sBM_cAll_d11_mPO0_ch02:0.578172;gPO_sBM_cAll_d10_mPO0_ch02:0.577206;gPO_sBM_cAll_d12_mPO3_ch02:0.550420;gPO_sBM_cAll_d12_mPO2_ch02:0.550029;gPO_sBM_cAll_d10_mPO2_ch02:0.549474;gPO_sBM_cAll_d12_mPO3_ch01:0.549252;gPO_sBM_cAll_d10_mPO3_ch02:0.548890;gPO_sBM_cAll_d12_mPO2_ch01:0.548718,Electronic---Electro:0.243474;Electronic---Techno:0.207788;Electronic---Synthwave:0.159857;Electronic---Ambient:0.156645;Electronic---Berlin-School:0.143156,WA:v0:k1:r1,,JB5,0.700351,gPO_sBM_cAll_d10_mPO0_ch01,0.584956,96.153846
7.416000,7.439706300,match,hermite,loading,,,,,0,1.0,0,gWA_sBM_cAll_d26_mWA0_ch05,,,7.128000,gPO_sBM_cAll_d10_mPO0_ch01;gPO_sBM_cAll_d11_mPO0_ch01;gPO_sBM_cAll_d11_mPO0_ch02;gPO_sBM_cAll_d10_mPO0_ch02;gPO_sBM_cAll_d12_mPO3_ch02,,,,,,0.613559663,,0.000000,,,,,,,,,,0.000000,beat-sync,1.600000,1.240079,,0.041057653,0.248432562,right_wrist_yaw,0.082007674,right_wrist_yaw,0.248432562,right_wrist_yaw,0.146149976,right_wrist_yaw,-0.353398,-0.345648,0.981390,1.577365,0.000000000,0.000000000,0.000000000,0.000000000,0.000000000,0.000000000,6.872000,0.000000000,0.000000000,,0.663860,0.369136,656.389002,,0.006042624,0,1,0,4,gPO_sBM_cAll_d10_mPO0_ch01;gPO_sBM_cAll_d11_mPO0_ch01;gPO_sBM_cAll_d11_mPO0_ch02;gPO_sBM_cAll_d10_mPO0_ch02,,83.281700,1049.636400,98.773900,4899.996000,accepted,0.914580,,0.844691,0.212353268,38.299174,0.144480,PO,0.725267,0.000373,0.005321,JB3:0.691570;JB5:0.691196;JB1:0.685751;JB2:0.624077;JB4:0.600470,gPO_sBM_cAll_d10_mPO0_ch01:0.588297;gPO_sBM_cAll_d11_mPO0_ch01:0.582976;gPO_sBM_cAll_d11_mPO0_ch02:0.581527;gPO_sBM_cAll_d10_mPO0_ch02:0.580622;gPO_sBM_cAll_d12_mPO5_ch02:0.567795;gPO_sBM_cAll_d12_mPO4_ch02:0.565917;gPO_sBM_cAll_d12_mPO5_ch01:0.565387;gPO_sBM_cAll_d12_mPO3_ch02:0.557341;gPO_sBM_cAll_d12_mPO3_ch01:0.555826;gPO_sBM_cAll_d10_mPO3_ch01:0.555658,Electronic---Techno:0.262961;Electronic---Electro:0.239808;Electronic---Ambient:0.144480;Electronic---Synthwave:0.132166;Electronic---Berlin-School:0.132016,WA:v0:k1:r1,,JB3,0.691570,gPO_sBM_cAll_d10_mPO0_ch01,0.588297,120.967742
7.480000,7.499538400,,hermite,loading,,,,,0,1.0,0,gWA_sBM_cAll_d26_mWA0_ch05,,,7.128000,gPO_sBM_cAll_d10_mPO0_ch01;gPO_sBM_cAll_d11_mPO0_ch01;gPO_sBM_cAll_d11_mPO0_ch02;gPO_sBM_cAll_d10_mPO0_ch02;gPO_sBM_cAll_d12_mPO3_ch02,,,,,,0.621480330,,0.000000,,,,,,,,,,0.000000,beat-sync,1.600000,1.240079,,0.039285504,0.248846261,right_wrist_yaw,0.026286347,left_wrist_roll,0.248846261,right_wrist_yaw,0.021954687,left_wrist_roll,-0.321169,-0.328175,0.971198,1.473876,0.000000000,0.000000000,0.000000000,0.000000000,0.000000000,0.000000000,6.872000,0.000000000,0.000000000,,0.021955,0.019695,1.366524,,0.005998563,0,1,0,4,gPO_sBM_cAll_d10_mPO0_ch01;gPO_sBM_cAll_d11_mPO0_ch01;gPO_sBM_cAll_d11_mPO0_ch02;gPO_sBM_cAll_d10_mPO0_ch02,,83.281700,1049.636400,98.773900,4899.996000,accepted,0.914580,,0.844691,0.212353268,38.299174,0.144480,PO,0.725267,0.000373,0.005321,JB3:0.691570;JB5:0.691196;JB1:0.685751;JB2:0.624077;JB4:0.600470,gPO_sBM_cAll_d10_mPO0_ch01:0.588297;gPO_sBM_cAll_d11_mPO0_ch01:0.582976;gPO_sBM_cAll_d11_mPO0_ch02:0.581527;gPO_sBM_cAll_d10_mPO0_ch02:0.580622;gPO_sBM_cAll_d12_mPO5_ch02:0.567795;gPO_sBM_cAll_d12_mPO4_ch02:0.565917;gPO_sBM_cAll_d12_mPO5_ch01:0.565387;gPO_sBM_cAll_d12_mPO3_ch02:0.557341;gPO_sBM_cAll_d12_mPO3_ch01:0.555826;gPO_sBM_cAll_d10_mPO3_ch01:0.555658,Electronic---Techno:0.262961;Electronic---Electro:0.239808;Electronic---Ambient:0.144480;Electronic---Synthwave:0.132166;Electronic---Berlin-School:0.132016,WA:v0:k1:r1,,JB3,0.691570,gPO_sBM_cAll_d10_mPO0_ch01,0.588297,120.967742
7.512000,7.530527500,,hermite,loading,,,,,0,1.0,0,gWA_sBM_cAll_d26_mWA0_ch05,,,7.128000,gPO_sBM_cAll_d10_mPO0_ch01;gPO_sBM_cAll_d11_mPO0_ch01;gPO_sBM_cAll_d11_mPO0_ch02;gPO_sBM_cAll_d10_mPO0_ch02;gPO_sBM_cAll_d12_mPO3_ch02,,,,,,0.625960686,,0.000000,,,,,,,,,,0.000000,beat-sync,1.600000,1.240079,,0.038282307,0.249019447,right_wrist_yaw,0.024994749,right_wrist_roll,0.249019447,right_wrist_yaw,0.026716808,right_wrist_roll,-0.314448,-0.323309,0.961861,1.548421,0.000000000,0.000000000,0.000000000,0.000000000,0.000000000,0.000000000,6.872000,0.000000000,0.000000000,,0.205260,0.174619,18.259843,,0.005973673,0,1,0,4,gPO_sBM_cAll_d10_mPO0_ch01;gPO_sBM_cAll_d11_mPO0_ch01;gPO_sBM_cAll_d11_mPO0_ch02;gPO_sBM_cAll_d10_mPO0_ch02,,83.281700,1049.636400,98.773900,4899.996000,accepted,0.914580,,0.844691,0.212353268,38.299174,0.144480,PO,0.725267,0.000373,0.005321,JB3:0.691570;JB5:0.691196;JB1:0.685751;JB2:0.624077;JB4:0.600470,gPO_sBM_cAll_d10_mPO0_ch01:0.588297;gPO_sBM_cAll_d11_mPO0_ch01:0.582976;gPO_sBM_cAll_d11_mPO0_ch02:0.581527;gPO_sBM_cAll_d10_mPO0_ch02:0.580622;gPO_sBM_cAll_d12_mPO5_ch02:0.567795;gPO_sBM_cAll_d12_mPO4_ch02:0.565917;gPO_sBM_cAll_d12_mPO5_ch01:0.565387;gPO_sBM_cAll_d12_mPO3_ch02:0.557341;gPO_sBM_cAll_d12_mPO3_ch01:0.555826;gPO_sBM_cAll_d10_mPO3_ch01:0.555658,Electronic---Techno:0.262961;Electronic---Electro:0.239808;Electronic---Ambient:0.144480;Electronic---Synthwave:0.132166;Electronic---Berlin-School:0.132016,WA:v0:k1:r1,,JB3,0.691570,gPO_sBM_cAll_d10_mPO0_ch01,0.588297,120.967742
7.576000,7.590086900,,hermite,loading,,,,,1,1.0,0,gWA_sBM_cAll_d26_mWA0_ch05,,,7.128000,gPO_sBM_cAll_d10_mPO0_ch01;gPO_sBM_cAll_d11_mPO0_ch01;gPO_sBM_cAll_d11_mPO0_ch02;gPO_sBM_cAll_d10_mPO0_ch02;gPO_sBM_cAll_d12_mPO3_ch02,,,,,,0.633878884,,0.000000,,,,,,,,,,0.000000,beat-sync,1.600000,1.240079,,0.036508255,0.040245241,right_wrist_roll,4.015692253,left_wrist_yaw,0.040245241,right_wrist_roll,4.108285626,right_wrist_yaw,-0.299277,-0.319225,0.962710,1.472296,0.000000000,0.000000000,0.000000000,0.000000000,0.000000000,0.000000000,6.872000,0.000000000,0.000000000,,22.744324,13.838397,1324.865539,right_shoulder_pitch,0.007386626,0,1,0,4,gPO_sBM_cAll_d10_mPO0_ch01;gPO_sBM_cAll_d11_mPO0_ch01;gPO_sBM_cAll_d11_mPO0_ch02;gPO_sBM_cAll_d10_mPO0_ch02,,83.281700,1049.636400,98.773900,4899.996000,accepted,0.914580,,0.844691,0.212353268,38.299174,0.144480,PO,0.725267,0.000373,0.005321,JB3:0.691570;JB5:0.691196;JB1:0.685751;JB2:0.624077;JB4:0.600470,gPO_sBM_cAll_d10_mPO0_ch01:0.588297;gPO_sBM_cAll_d11_mPO0_ch01:0.582976;gPO_sBM_cAll_d11_mPO0_ch02:0.581527;gPO_sBM_cAll_d10_mPO0_ch02:0.580622;gPO_sBM_cAll_d12_mPO5_ch02:0.567795;gPO_sBM_cAll_d12_mPO4_ch02:0.565917;gPO_sBM_cAll_d12_mPO5_ch01:0.565387;gPO_sBM_cAll_d12_mPO3_ch02:0.557341;gPO_sBM_cAll_d12_mPO3_ch01:0.555826;gPO_sBM_cAll_d10_mPO3_ch01:0.555658,Electronic---Techno:0.262961;Electronic---Electro:0.239808;Electronic---Ambient:0.144480;Electronic---Synthwave:0.132166;Electronic---Berlin-School:0.132016,WA:v0:k1:r1,,JB3,0.691570,gPO_sBM_cAll_d10_mPO0_ch01,0.588297,120.967742
7.608000,7.622366400,,hermite,loading,,,,,1,1.0,0,gWA_sBM_cAll_d26_mWA0_ch05,,,7.128000,gPO_sBM_cAll_d10_mPO0_ch01;gPO_sBM_cAll_d11_mPO0_ch01;gPO_sBM_cAll_d11_mPO0_ch02;gPO_sBM_cAll_d10_mPO0_ch02;gPO_sBM_cAll_d12_mPO3_ch02,,,,,,0.638181339,,0.000000,,,,,,,,,,0.000000,beat-sync,1.600000,0.838415,,0.029521750,0.127312931,right_wrist_yaw,3.375450403,right_wrist_yaw,0.127312931,right_wrist_yaw,3.939325448,right_wrist_yaw,-0.278631,-0.314429,0.964374,1.440131,0.000000000,0.000000000,0.000000000,0.000000000,0.000000000,0.000000000,7.576000,0.035868188,0.000000000,left_elbow,25.950162,12.754452,455.740803,,0.007427056,0,1,0,4,gPO_sBM_cAll_d10_mPO0_ch01;gPO_sBM_cAll_d11_mPO0_ch01;gPO_sBM_cAll_d11_mPO0_ch02;gPO_sBM_cAll_d10_mPO0_ch02,,83.281700,1049.636400,98.773900,4899.996000,accepted,0.914580,,0.844691,0.212353268,38.299174,0.144480,PO,0.725267,0.000373,0.005321,JB3:0.691570;JB5:0.691196;JB1:0.685751;JB2:0.624077;JB4:0.600470,gPO_sBM_cAll_d10_mPO0_ch01:0.588297;gPO_sBM_cAll_d11_mPO0_ch01:0.582976;gPO_sBM_cAll_d11_mPO0_ch02:0.581527;gPO_sBM_cAll_d10_mPO0_ch02:0.580622;gPO_sBM_cAll_d12_mPO5_ch02:0.567795;gPO_sBM_cAll_d12_mPO4_ch02:0.565917;gPO_sBM_cAll_d12_mPO5_ch01:0.565387;gPO_sBM_cAll_d12_mPO3_ch02:0.557341;gPO_sBM_cAll_d12_mPO3_ch01:0.555826;gPO_sBM_cAll_d10_mPO3_ch01:0.555658,Electronic---Techno:0.262961;Electronic---Electro:0.239808;Electronic---Ambient:0.144480;Electronic---Synthwave:0.132166;Electronic---Berlin-School:0.132016,WA:v0:k1:r1,,JB3,0.691570,gPO_sBM_cAll_d10_mPO0_ch01,0.588297,120.967742
7.640000,7.664713600,beat_limiter_result,hermite,loading,,,,,1,1.0,0,gWA_sBM_cAll_d26_mWA0_ch05,,,7.128000,gPO_sBM_cAll_d10_mPO0_ch01;gPO_sBM_cAll_d11_mPO0_ch01;gPO_sBM_cAll_d11_mPO0_ch02;gPO_sBM_cAll_d10_mPO0_ch02;gPO_sBM_cAll_d12_mPO3_ch02,,,,,,0.643624473,,0.000000,,,,,,,,,,0.000000,beat-sync,1.600000,0.838415,,0.027992740,0.194525083,right_wrist_yaw,6.093052335,left_wrist_pitch,0.194525083,right_wrist_yaw,7.069031036,left_wrist_pitch,-0.245375,-0.310315,0.963612,1.493490,0.000000000,0.000000000,0.000000000,0.000000000,0.000000000,0.000000000,7.576000,0.035868188,0.000000000,left_elbow,26.855924,11.304375,701.354595,left_elbow;right_elbow,0.007565095,0,1,0,4,gPO_sBM_cAll_d10_mPO0_ch01;gPO_sBM_cAll_d11_mPO0_ch01;gPO_sBM_cAll_d11_mPO0_ch02;gPO_sBM_cAll_d10_mPO0_ch02,,83.281700,1049.636400,98.773900,4899.996000,accepted,0.914580,,0.844691,0.212353268,38.299174,0.144480,PO,0.725267,0.000373,0.005321,JB3:0.691570;JB5:0.691196;JB1:0.685751;JB2:0.624077;JB4:0.600470,gPO_sBM_cAll_d10_mPO0_ch01:0.588297;gPO_sBM_cAll_d11_mPO0_ch01:0.582976;gPO_sBM_cAll_d11_mPO0_ch02:0.581527;gPO_sBM_cAll_d10_mPO0_ch02:0.580622;gPO_sBM_cAll_d12_mPO5_ch02:0.567795;gPO_sBM_cAll_d12_mPO4_ch02:0.565917;gPO_sBM_cAll_d12_mPO5_ch01:0.565387;gPO_sBM_cAll_d12_mPO3_ch02:0.557341;gPO_sBM_cAll_d12_mPO3_ch01:0.555826;gPO_sBM_cAll_d10_mPO3_ch01:0.555658,Electronic---Techno:0.262961;Electronic---Electro:0.239808;Electronic---Ambient:0.144480;Electronic---Synthwave:0.132166;Electronic---Berlin-School:0.132016,WA:v0:k1:r1,,JB3,0.691570,gPO_sBM_cAll_d10_mPO0_ch01,0.588297,120.967742
7.672000,7.688320300,,hermite,loading,,,,,1,1.0,0,gWA_sBM_cAll_d26_mWA0_ch05,,,7.128000,gPO_sBM_cAll_d10_mPO0_ch01;gPO_sBM_cAll_d11_mPO0_ch01;gPO_sBM_cAll_d11_mPO0_ch02;gPO_sBM_cAll_d10_mPO0_ch02;gPO_sBM_cAll_d12_mPO3_ch02,,,,,,0.646969452,,0.000000,,,,,,,,,,0.000000,beat-sync,1.600000,0.838415,,0.026962003,0.184029929,right_wrist_yaw,2.591935850,right_wrist_pitch,0.184029929,right_wrist_yaw,3.289893292,right_wrist_pitch,-0.220560,-0.310368,0.965936,1.525793,0.000000000,0.000000000,0.000000000,0.000000000,0.000000000,0.000000000,7.576000,0.035868188,0.000000000,left_elbow,19.031664,12.282394,686.757523,right_elbow;right_shoulder_pitch,0.007682324,0,1,0,4,gPO_sBM_cAll_d10_mPO0_ch01;gPO_sBM_cAll_d11_mPO0_ch01;gPO_sBM_cAll_d11_mPO0_ch02;gPO_sBM_cAll_d10_mPO0_ch02,,83.281700,1049.636400,98.773900,4899.996000,accepted,0.914580,,0.844691,0.212353268,38.299174,0.144480,PO,0.725267,0.000373,0.005321,JB3:0.691570;JB5:0.691196;JB1:0.685751;JB2:0.624077;JB4:0.600470,gPO_sBM_cAll_d10_mPO0_ch01:0.588297;gPO_sBM_cAll_d11_mPO0_ch01:0.582976;gPO_sBM_cAll_d11_mPO0_ch02:0.581527;gPO_sBM_cAll_d10_mPO0_ch02:0.580622;gPO_sBM_cAll_d12_mPO5_ch02:0.567795;gPO_sBM_cAll_d12_mPO4_ch02:0.565917;gPO_sBM_cAll_d12_mPO5_ch01:0.565387;gPO_sBM_cAll_d12_mPO3_ch02:0.557341;gPO_sBM_cAll_d12_mPO3_ch01:0.555826;gPO_sBM_cAll_d10_mPO3_ch01:0.555658,Electronic---Techno:0.262961;Electronic---Electro:0.239808;Electronic---Ambient:0.144480;Electronic---Synthwave:0.132166;Electronic---Berlin-School:0.132016,WA:v0:k1:r1,,JB3,0.691570,gPO_sBM_cAll_d10_mPO0_ch01,0.588297,120.967742
7.704000,7.722588800,,hermite,loading,,,,,0,1.0,0,gWA_sBM_cAll_d26_mWA0_ch05,,,7.128000,gPO_sBM_cAll_d10_mPO0_ch01;gPO_sBM_cAll_d11_mPO0_ch01;gPO_sBM_cAll_d11_mPO0_ch02;gPO_sBM_cAll_d10_mPO0_ch02;gPO_sBM_cAll_d12_mPO3_ch02,,,,,,0.651479556,,0.000000,,,,,,,,,,0.000000,beat-sync,1.600000,0.838415,,0.025477549,0.224868499,left_wrist_yaw,0.789089676,left_wrist_yaw,0.224868499,left_wrist_yaw,1.343167944,left_wrist_yaw,-0.184165,-0.309500,0.967321,1.503054,0.000000000,0.000000000,0.000000000,0.000000000,0.000000000,0.000000000,7.576000,0.035868188,0.000000000,left_elbow,12.631731,8.395260,768.894486,,0.007721063,0,1,0,4,gPO_sBM_cAll_d10_mPO0_ch01;gPO_sBM_cAll_d11_mPO0_ch01;gPO_sBM_cAll_d11_mPO0_ch02;gPO_sBM_cAll_d10_mPO0_ch02,,83.281700,1049.636400,98.773900,4899.996000,accepted,0.914580,,0.844691,0.212353268,38.299174,0.144480,PO,0.725267,0.000373,0.005321,JB3:0.691570;JB5:0.691196;JB1:0.685751;JB2:0.624077;JB4:0.600470,gPO_sBM_cAll_d10_mPO0_ch01:0.588297;gPO_sBM_cAll_d11_mPO0_ch01:0.582976;gPO_sBM_cAll_d11_mPO0_ch02:0.581527;gPO_sBM_cAll_d10_mPO0_ch02:0.580622;gPO_sBM_cAll_d12_mPO5_ch02:0.567795;gPO_sBM_cAll_d12_mPO4_ch02:0.565917;gPO_sBM_cAll_d12_mPO5_ch01:0.565387;gPO_sBM_cAll_d12_mPO3_ch02:0.557341;gPO_sBM_cAll_d12_mPO3_ch01:0.555826;gPO_sBM_cAll_d10_mPO3_ch01:0.555658,Electronic---Techno:0.262961;Electronic---Electro:0.239808;Electronic---Ambient:0.144480;Electronic---Synthwave:0.132166;Electronic---Berlin-School:0.132016,WA:v0:k1:r1,,JB3,0.691570,gPO_sBM_cAll_d10_mPO0_ch01,0.588297,120.967742
7.768000,7.791590100,,hermite,loading,,,,,1,1.0,0,gWA_sBM_cAll_d26_mWA0_ch05,,,7.128000,gPO_sBM_cAll_d10_mPO0_ch01;gPO_sBM_cAll_d11_mPO0_ch01;gPO_sBM_cAll_d11_mPO0_ch02;gPO_sBM_cAll_d10_mPO0_ch02;gPO_sBM_cAll_d12_mPO3_ch02,,,,,,0.660431923,,0.000000,,,,,,,,,,0.000000,beat-sync,1.600000,0.838415,,0.022262026,0.165814284,left_wrist_yaw,5.424596524,right_wrist_yaw,0.165814284,left_wrist_yaw,3.258697028,right_wrist_yaw,-0.122053,-0.299816,0.968899,1.310333,0.000000000,0.000000000,0.000000000,0.000000000,0.000000000,0.000000000,7.576000,0.035868188,0.000000000,left_elbow,17.725727,12.962384,305.244368,left_knee,0.008256435,0,1,0,4,gPO_sBM_cAll_d10_mPO0_ch01;gPO_sBM_cAll_d11_mPO0_ch01;gPO_sBM_cAll_d11_mPO0_ch02;gPO_sBM_cAll_d10_mPO0_ch02,,83.281700,1049.636400,98.773900,4899.996000,accepted,0.914580,,0.844691,0.212353268,38.299174,0.144480,PO,0.725267,0.000373,0.005321,JB3:0.691570;JB5:0.691196;JB1:0.685751;JB2:0.624077;JB4:0.600470,gPO_sBM_cAll_d10_mPO0_ch01:0.588297;gPO_sBM_cAll_d11_mPO0_ch01:0.582976;gPO_sBM_cAll_d11_mPO0_ch02:0.581527;gPO_sBM_cAll_d10_mPO0_ch02:0.580622;gPO_sBM_cAll_d12_mPO5_ch02:0.567795;gPO_sBM_cAll_d12_mPO4_ch02:0.565917;gPO_sBM_cAll_d12_mPO5_ch01:0.565387;gPO_sBM_cAll_d12_mPO3_ch02:0.557341;gPO_sBM_cAll_d12_mPO3_ch01:0.555826;gPO_sBM_cAll_d10_mPO3_ch01:0.555658,Electronic---Techno:0.262961;Electronic---Electro:0.239808;Electronic---Ambient:0.144480;Electronic---Synthwave:0.132166;Electronic---Berlin-School:0.132016,WA:v0:k1:r1,,JB3,0.691570,gPO_sBM_cAll_d10_mPO0_ch01,0.588297,120.967742
7.800000,7.814194000,,hermite,loading,,,,,1,1.0,0,gWA_sBM_cAll_d26_mWA0_ch05,,,7.128000,gPO_sBM_cAll_d10_mPO0_ch01;gPO_sBM_cAll_d11_mPO0_ch01;gPO_sBM_cAll_d11_mPO0_ch02;gPO_sBM_cAll_d10_mPO0_ch02;gPO_sBM_cAll_d12_mPO3_ch02,,,,,,0.663805956,,0.000000,,,,,,,,,,0.000000,beat-sync,1.600000,0.838415,,0.020976348,0.113057501,left_wrist_yaw,2.108564539,left_wrist_yaw,0.113057501,left_wrist_yaw,5.560032638,left_wrist_yaw,-0.112709,-0.298922,0.969042,1.335568,0.000000000,0.000000000,0.000000000,0.000000000,0.000000000,0.000000000,7.576000,0.035868188,0.000000000,left_elbow,53.494911,10.477200,670.086308,left_elbow;left_hip_pitch;left_hip_roll;left_knee;right_elbow,0.008508283,0,1,0,4,gPO_sBM_cAll_d10_mPO0_ch01;gPO_sBM_cAll_d11_mPO0_ch01;gPO_sBM_cAll_d11_mPO0_ch02;gPO_sBM_cAll_d10_mPO0_ch02,,83.281700,1049.636400,98.773900,4899.996000,accepted,0.914580,,0.844691,0.212353268,38.299174,0.144480,PO,0.725267,0.000373,0.005321,JB3:0.691570;JB5:0.691196;JB1:0.685751;JB2:0.624077;JB4:0.600470,gPO_sBM_cAll_d10_mPO0_ch01:0.588297;gPO_sBM_cAll_d11_mPO0_ch01:0.582976;gPO_sBM_cAll_d11_mPO0_ch02:0.581527;gPO_sBM_cAll_d10_mPO0_ch02:0.580622;gPO_sBM_cAll_d12_mPO5_ch02:0.567795;gPO_sBM_cAll_d12_mPO4_ch02:0.565917;gPO_sBM_cAll_d12_mPO5_ch01:0.565387;gPO_sBM_cAll_d12_mPO3_ch02:0.557341;gPO_sBM_cAll_d12_mPO3_ch01:0.555826;gPO_sBM_cAll_d10_mPO3_ch01:0.555658,Electronic---Techno:0.262961;Electronic---Electro:0.239808;Electronic---Ambient:0.144480;Electronic---Synthwave:0.132166;Electronic---Berlin-School:0.132016,WA:v0:k1:r1,,JB3,0.691570,gPO_sBM_cAll_d10_mPO0_ch01,0.588297,120.967742
7.864000,7.872898300,,hermite,loading,,,,,0,1.0,0,gWA_sBM_cAll_d26_mWA0_ch05,,,7.128000,gPO_sBM_cAll_d10_mPO0_ch01;gPO_sBM_cAll_d11_mPO0_ch01;gPO_sBM_cAll_d11_mPO0_ch02;gPO_sBM_cAll_d10_mPO0_ch02;gPO_sBM_cAll_d12_mPO3_ch02,,,,,,0.671685273,,0.000000,,,,,,,,,,0.000000,beat-sync,1.600000,0.838415,,0.017845872,0.081169530,left_wrist_yaw,2.993806017,right_wrist_yaw,0.081169530,left_wrist_yaw,3.430368424,right_wrist_yaw,-0.093341,-0.296646,0.976690,1.481819,0.000000000,0.000000000,0.000000000,0.000000000,0.000000000,0.000000000,7.576000,0.035868188,0.000000000,left_elbow,12.125481,10.194701,540.106614,,0.008483308,0,1,0,4,gPO_sBM_cAll_d10_mPO0_ch01;gPO_sBM_cAll_d11_mPO0_ch01;gPO_sBM_cAll_d11_mPO0_ch02;gPO_sBM_cAll_d10_mPO0_ch02,,83.281700,1049.636400,98.773900,4899.996000,accepted,0.914580,,0.844691,0.212353268,38.299174,0.144480,PO,0.725267,0.000373,0.005321,JB3:0.691570;JB5:0.691196;JB1:0.685751;JB2:0.624077;JB4:0.600470,gPO_sBM_cAll_d10_mPO0_ch01:0.588297;gPO_sBM_cAll_d11_mPO0_ch01:0.582976;gPO_sBM_cAll_d11_mPO0_ch02:0.581527;gPO_sBM_cAll_d10_mPO0_ch02:0.580622;gPO_sBM_cAll_d12_mPO5_ch02:0.567795;gPO_sBM_cAll_d12_mPO4_ch02:0.565917;gPO_sBM_cAll_d12_mPO5_ch01:0.565387;gPO_sBM_cAll_d12_mPO3_ch02:0.557341;gPO_sBM_cAll_d12_mPO3_ch01:0.555826;gPO_sBM_cAll_d10_mPO3_ch01:0.555658,Electronic---Techno:0.262961;Electronic---Electro:0.239808;Electronic---Ambient:0.144480;Electronic---Synthwave:0.132166;Electronic---Berlin-School:0.132016,WA:v0:k1:r1,,JB3,0.691570,gPO_sBM_cAll_d10_mPO0_ch01,0.588297,120.967742
7.928000,7.949450900,,hermite,loading,,,,,0,1.0,0,gWA_sBM_cAll_d26_mWA0_ch05,,,7.128000,gPO_sBM_cAll_d10_mPO0_ch01;gPO_sBM_cAll_d11_mPO0_ch01;gPO_sBM_cAll_d11_mPO0_ch02;gPO_sBM_cAll_d10_mPO0_ch02;gPO_sBM_cAll_d12_mPO3_ch02,,,,,,0.681872268,,0.000000,,,,,,,,,,0.000000,beat-sync,1.583483,0.838415,,0.013595384,0.476694306,right_wrist_yaw,4.835287226,right_wrist_yaw,0.476694306,right_wrist_yaw,4.578402232,right_wrist_yaw,-0.058090,-0.247616,0.952709,1.651091,0.000000000,0.000000000,0.000000000,0.000000000,0.000000000,0.000000000,7.576000,0.035868188,0.000000000,left_elbow,15.244809,12.934602,331.092385,,0.008586616,0,1,0,4,gPO_sBM_cAll_d10_mPO0_ch01;gPO_sBM_cAll_d11_mPO0_ch01;gPO_sBM_cAll_d11_mPO0_ch02;gPO_sBM_cAll_d10_mPO0_ch02,,83.281700,1049.636400,98.773900,4899.996000,accepted,0.914580,,0.844691,0.212353268,38.299174,0.144480,PO,0.725267,0.000373,0.005321,JB3:0.691570;JB5:0.691196;JB1:0.685751;JB2:0.624077;JB4:0.600470,gPO_sBM_cAll_d10_mPO0_ch01:0.588297;gPO_sBM_cAll_d11_mPO0_ch01:0.582976;gPO_sBM_cAll_d11_mPO0_ch02:0.581527;gPO_sBM_cAll_d10_mPO0_ch02:0.580622;gPO_sBM_cAll_d12_mPO5_ch02:0.567795;gPO_sBM_cAll_d12_mPO4_ch02:0.565917;gPO_sBM_cAll_d12_mPO5_ch01:0.565387;gPO_sBM_cAll_d12_mPO3_ch02:0.557341;gPO_sBM_cAll_d12_mPO3_ch01:0.555826;gPO_sBM_cAll_d10_mPO3_ch01:0.555658,Electronic---Techno:0.262961;Electronic---Electro:0.239808;Electronic---Ambient:0.144480;Electronic---Synthwave:0.132166;Electronic---Berlin-School:0.132016,WA:v0:k1:r1,,JB3,0.691570,gPO_sBM_cAll_d10_mPO0_ch01,0.588297,120.967742
7.960000,7.982089600,,hermite,preparing,,,,,0,1.0,0,gWA_sBM_cAll_d26_mWA0_ch05,,,7.128000,gPO_sBM_cAll_d10_mPO0_ch01;gPO_sBM_cAll_d11_mPO0_ch01;gPO_sBM_cAll_d11_mPO0_ch02;gPO_sBM_cAll_d10_mPO0_ch02;gPO_sBM_cAll_d12_mPO3_ch02,,,,,,0.685930229,,0.000000,,,,,,,,,,0.000000,beat-sync,1.520490,0.838415,,0.011932156,0.567179158,right_wrist_yaw,2.344235587,right_wrist_roll,0.567179158,right_wrist_yaw,2.725728554,right_wrist_roll,-0.057640,-0.247601,0.948751,1.817263,0.000000000,0.000000000,0.000000000,0.000000000,0.000000000,0.000000000,7.576000,0.035868188,0.000000000,left_elbow,6.913866,5.854750,361.642699,,0.008552810,0,1,0,5,gPO_sBM_cAll_d10_mPO0_ch01;gPO_sBM_cAll_d11_mPO0_ch01;gPO_sBM_cAll_d11_mPO0_ch02;gPO_sBM_cAll_d10_mPO0_ch02;gPO_sBM_cAll_d12_mPO3_ch02,,68.960300,846.368900,77.199300,5903.202400,accepted,0.914580,,0.844691,0.212353268,38.299174,0.144480,PO,0.725267,0.000373,0.005321,JB3:0.691570;JB5:0.691196;JB1:0.685751;JB2:0.624077;JB4:0.600470,gPO_sBM_cAll_d10_mPO0_ch01:0.588297;gPO_sBM_cAll_d11_mPO0_ch01:0.582976;gPO_sBM_cAll_d11_mPO0_ch02:0.581527;gPO_sBM_cAll_d10_mPO0_ch02:0.580622;gPO_sBM_cAll_d12_mPO5_ch02:0.567795;gPO_sBM_cAll_d12_mPO4_ch02:0.565917;gPO_sBM_cAll_d12_mPO5_ch01:0.565387;gPO_sBM_cAll_d12_mPO3_ch02:0.557341;gPO_sBM_cAll_d12_mPO3_ch01:0.555826;gPO_sBM_cAll_d10_mPO3_ch01:0.555658,Electronic---Techno:0.262961;Electronic---Electro:0.239808;Electronic---Ambient:0.144480;Electronic---Synthwave:0.132166;Electronic---Berlin-School:0.132016,WA:v0:k1:r1,,JB3,0.691570,gPO_sBM_cAll_d10_mPO0_ch01,0.588297,120.967742
8.024000,8.054389200,,hermite,ready,,,,,0,1.0,0,gWA_sBM_cAll_d26_mWA0_ch05,gPO_sBM_cAll_d12_mPO3_ch02,gPO_sBM_cAll_d12_mPO3_ch02,7.128000,gPO_sBM_cAll_d10_mPO0_ch01;gPO_sBM_cAll_d11_mPO0_ch01;gPO_sBM_cAll_d11_mPO0_ch02;gPO_sBM_cAll_d10_mPO0_ch02;gPO_sBM_cAll_d12_mPO3_ch02,,,,,,0.694345878,,0.000000,,,,,,,,,,0.000000,beat-sync,1.379771,0.838415,,0.008773319,0.520198404,right_wrist_yaw,7.529845810,right_wrist_roll,0.520198404,right_wrist_yaw,2.702565878,right_wrist_roll,-0.057948,-0.260767,0.969657,1.974477,0.000000000,0.000000000,0.000000000,0.000000000,0.000000000,0.000000000,7.576000,0.035868188,0.000000000,left_elbow,6.355958,6.009003,204.425570,,0.008502598,0,1,0,5,gPO_sBM_cAll_d10_mPO0_ch01;gPO_sBM_cAll_d11_mPO0_ch01;gPO_sBM_cAll_d11_mPO0_ch02;gPO_sBM_cAll_d10_mPO0_ch02;gPO_sBM_cAll_d12_mPO3_ch02,,68.960300,846.368900,77.199300,5903.202400,accepted,0.914580,,0.844691,0.212353268,38.299174,0.144480,PO,0.725267,0.000373,0.005321,JB3:0.691570;JB5:0.691196;JB1:0.685751;JB2:0.624077;JB4:0.600470,gPO_sBM_cAll_d10_mPO0_ch01:0.588297;gPO_sBM_cAll_d11_mPO0_ch01:0.582976;gPO_sBM_cAll_d11_mPO0_ch02:0.581527;gPO_sBM_cAll_d10_mPO0_ch02:0.580622;gPO_sBM_cAll_d12_mPO5_ch02:0.567795;gPO_sBM_cAll_d12_mPO4_ch02:0.565917;gPO_sBM_cAll_d12_mPO5_ch01:0.565387;gPO_sBM_cAll_d12_mPO3_ch02:0.557341;gPO_sBM_cAll_d12_mPO3_ch01:0.555826;gPO_sBM_cAll_d10_mPO3_ch01:0.555658,Electronic---Techno:0.262961;Electronic---Electro:0.239808;Electronic---Ambient:0.144480;Electronic---Synthwave:0.132166;Electronic---Berlin-School:0.132016,WA:v0:k1:r1,,JB3,0.691570,gPO_sBM_cAll_d10_mPO0_ch01,0.588297,120.967742
8.056000,8.075910700,,hermite,ready,,,,,0,1.0,0,gWA_sBM_cAll_d26_mWA0_ch05,gPO_sBM_cAll_d12_mPO3_ch02,gPO_sBM_cAll_d12_mPO3_ch02,7.128000,gPO_sBM_cAll_d10_mPO0_ch01;gPO_sBM_cAll_d11_mPO0_ch01;gPO_sBM_cAll_d11_mPO0_ch02;gPO_sBM_cAll_d10_mPO0_ch02;gPO_sBM_cAll_d12_mPO3_ch02,,,,,,0.697130669,,0.000000,,,,,,,,,,0.000000,beat-sync,1.330211,0.838415,,0.007818432,0.471162843,right_wrist_yaw,2.559242453,right_wrist_roll,0.471162843,right_wrist_yaw,3.559902594,right_wrist_roll,-0.055169,-0.263351,0.982488,1.959939,0.000000000,0.000000000,0.000000000,0.000000000,0.000000000,0.000000000,7.576000,0.035868188,0.000000000,left_elbow,11.764855,9.435351,211.027898,,0.008477712,0,1,0,5,gPO_sBM_cAll_d10_mPO0_ch01;gPO_sBM_cAll_d11_mPO0_ch01;gPO_sBM_cAll_d11_mPO0_ch02;gPO_sBM_cAll_d10_mPO0_ch02;gPO_sBM_cAll_d12_mPO3_ch02,,68.960300,846.368900,77.199300,5903.202400,accepted,0.914580,,0.844691,0.212353268,38.299174,0.144480,PO,0.725267,0.000373,0.005321,JB3:0.691570;JB5:0.691196;JB1:0.685751;JB2:0.624077;JB4:0.600470,gPO_sBM_cAll_d10_mPO0_ch01:0.588297;gPO_sBM_cAll_d11_mPO0_ch01:0.582976;gPO_sBM_cAll_d11_mPO0_ch02:0.581527;gPO_sBM_cAll_d10_mPO0_ch02:0.580622;gPO_sBM_cAll_d12_mPO5_ch02:0.567795;gPO_sBM_cAll_d12_mPO4_ch02:0.565917;gPO_sBM_cAll_d12_mPO5_ch01:0.565387;gPO_sBM_cAll_d12_mPO3_ch02:0.557341;gPO_sBM_cAll_d12_mPO3_ch01:0.555826;gPO_sBM_cAll_d10_mPO3_ch01:0.555658,Electronic---Techno:0.262961;Electronic---Electro:0.239808;Electronic---Ambient:0.144480;Electronic---Synthwave:0.132166;Electronic---Berlin-School:0.132016,WA:v0:k1:r1,,JB3,0.691570,gPO_sBM_cAll_d10_mPO0_ch01,0.588297,120.967742
8.120000,8.135441600,,hermite,ready,,,,,0,1.0,0,gWA_sBM_cAll_d26_mWA0_ch05,gPO_sBM_cAll_d12_mPO3_ch02,gPO_sBM_cAll_d12_mPO3_ch02,7.128000,gPO_sBM_cAll_d10_mPO0_ch01;gPO_sBM_cAll_d11_mPO0_ch01;gPO_sBM_cAll_d11_mPO0_ch02;gPO_sBM_cAll_d10_mPO0_ch02;gPO_sBM_cAll_d12_mPO3_ch02,,,,,,0.703331655,,0.000000,,,,,,,,,,0.000000,beat-sync,1.212533,0.838415,,0.005923337,0.234587324,right_wrist_yaw,2.904641539,right_wrist_yaw,0.234587324,right_wrist_yaw,3.629858157,right_wrist_yaw,-0.050356,-0.260052,1.013569,1.794125,0.000000000,0.000000000,0.000000000,0.000000000,0.000000000,0.000000000,7.576000,0.035868188,0.000000000,left_elbow,12.199892,9.815257,241.185486,,0.008453622,0,1,0,5,gPO_sBM_cAll_d10_mPO0_ch01;gPO_sBM_cAll_d11_mPO0_ch01;gPO_sBM_cAll_d11_mPO0_ch02;gPO_sBM_cAll_d10_mPO0_ch02;gPO_sBM_cAll_d12_mPO3_ch02,,68.960300,846.368900,77.199300,5903.202400,accepted,0.914580,,0.844691,0.212353268,38.299174,0.144480,PO,0.725267,0.000373,0.005321,JB3:0.691570;JB5:0.691196;JB1:0.685751;JB2:0.624077;JB4:0.600470,gPO_sBM_cAll_d10_mPO0_ch01:0.588297;gPO_sBM_cAll_d11_mPO0_ch01:0.582976;gPO_sBM_cAll_d11_mPO0_ch02:0.581527;gPO_sBM_cAll_d10_mPO0_ch02:0.580622;gPO_sBM_cAll_d12_mPO5_ch02:0.567795;gPO_sBM_cAll_d12_mPO4_ch02:0.565917;gPO_sBM_cAll_d12_mPO5_ch01:0.565387;gPO_sBM_cAll_d12_mPO3_ch02:0.557341;gPO_sBM_cAll_d12_mPO3_ch01:0.555826;gPO_sBM_cAll_d10_mPO3_ch01:0.555658,Electronic---Techno:0.262961;Electronic---Electro:0.239808;Electronic---Ambient:0.144480;Electronic---Synthwave:0.132166;Electronic---Berlin-School:0.132016,WA:v0:k1:r1,,JB3,0.691570,gPO_sBM_cAll_d10_mPO0_ch01,0.588297,120.967742
8.152000,8.171302900,,hermite,ready,,,,,0,1.0,0,gWA_sBM_cAll_d26_mWA0_ch05,gPO_sBM_cAll_d12_mPO3_ch02,gPO_sBM_cAll_d12_mPO3_ch02,7.128000,gPO_sBM_cAll_d10_mPO0_ch01;gPO_sBM_cAll_d11_mPO0_ch01;gPO_sBM_cAll_d11_mPO0_ch02;gPO_sBM_cAll_d10_mPO0_ch02;gPO_sBM_cAll_d12_mPO3_ch02,,,,,,0.706622332,,0.000000,,,,,,,,,,0.000000,beat-sync,1.145146,0.838415,,0.005077623,0.219633618,right_wrist_yaw,1.627673224,right_wrist_yaw,0.219633618,right_wrist_yaw,1.651742415,right_wrist_yaw,-0.049186,-0.257049,1.024763,1.748042,0.000000000,0.000000000,0.000000000,0.000000000,0.000000000,0.000000000,7.576000,0.035868188,0.000000000,left_elbow,4.395757,3.719592,260.987975,,0.008420983,0,1,0,5,gPO_sBM_cAll_d10_mPO0_ch01;gPO_sBM_cAll_d11_mPO0_ch01;gPO_sBM_cAll_d11_mPO0_ch02;gPO_sBM_cAll_d10_mPO0_ch02;gPO_sBM_cAll_d12_mPO3_ch02,,68.960300,846.368900,77.199300,5903.202400,accepted,0.914580,,0.844691,0.212353268,38.299174,0.144480,PO,0.725267,0.000373,0.005321,JB3:0.691570;JB5:0.691196;JB1:0.685751;JB2:0.624077;JB4:0.600470,gPO_sBM_cAll_d10_mPO0_ch01:0.588297;gPO_sBM_cAll_d11_mPO0_ch01:0.582976;gPO_sBM_cAll_d11_mPO0_ch02:0.581527;gPO_sBM_cAll_d10_mPO0_ch02:0.580622;gPO_sBM_cAll_d12_mPO5_ch02:0.567795;gPO_sBM_cAll_d12_mPO4_ch02:0.565917;gPO_sBM_cAll_d12_mPO5_ch01:0.565387;gPO_sBM_cAll_d12_mPO3_ch02:0.557341;gPO_sBM_cAll_d12_mPO3_ch01:0.555826;gPO_sBM_cAll_d10_mPO3_ch01:0.555658,Electronic---Techno:0.262961;Electronic---Electro:0.239808;Electronic---Ambient:0.144480;Electronic---Synthwave:0.132166;Electronic---Berlin-School:0.132016,WA:v0:k1:r1,,JB3,0.691570,gPO_sBM_cAll_d10_mPO0_ch01,0.588297,120.967742
8.216000,8.232277200,,hermite,ready,,,,,0,1.0,0,gWA_sBM_cAll_d26_mWA0_ch05,gPO_sBM_cAll_d12_mPO3_ch02,gPO_sBM_cAll_d12_mPO3_ch02,7.128000,gPO_sBM_cAll_d10_mPO0_ch01;gPO_sBM_cAll_d11_mPO0_ch01;gPO_sBM_cAll_d11_mPO0_ch02;gPO_sBM_cAll_d10_mPO0_ch02;gPO_sBM_cAll_d12_mPO3_ch02,,,,,,0.712020879,,0.000000,,,,,,,,,,0.000000,beat-sync,1.055115,0.838415,,0.003983859,0.416853468,right_wrist_yaw,3.725168166,right_wrist_roll,0.416853468,right_wrist_yaw,3.122573862,right_wrist_roll,-0.046673,-0.250554,1.025062,1.720035,0.000000000,0.000000000,0.000000000,0.000000000,0.000000000,0.000000000,7.576000,0.035868188,0.000000000,left_elbow,8.814809,7.719694,142.752357,,0.008372493,0,1,0,5,gPO_sBM_cAll_d10_mPO0_ch01;gPO_sBM_cAll_d11_mPO0_ch01;gPO_sBM_cAll_d11_mPO0_ch02;gPO_sBM_cAll_d10_mPO0_ch02;gPO_sBM_cAll_d12_mPO3_ch02,,68.960300,846.368900,77.199300,5903.202400,accepted,0.914580,,0.844691,0.212353268,38.299174,0.144480,PO,0.725267,0.000373,0.005321,JB3:0.691570;JB5:0.691196;JB1:0.685751;JB2:0.624077;JB4:0.600470,gPO_sBM_cAll_d10_mPO0_ch01:0.588297;gPO_sBM_cAll_d11_mPO0_ch01:0.582976;gPO_sBM_cAll_d11_mPO0_ch02:0.581527;gPO_sBM_cAll_d10_mPO0_ch02:0.580622;gPO_sBM_cAll_d12_mPO5_ch02:0.567795;gPO_sBM_cAll_d12_mPO4_ch02:0.565917;gPO_sBM_cAll_d12_mPO5_ch01:0.565387;gPO_sBM_cAll_d12_mPO3_ch02:0.557341;gPO_sBM_cAll_d12_mPO3_ch01:0.555826;gPO_sBM_cAll_d10_mPO3_ch01:0.555658,Electronic---Techno:0.262961;Electronic---Electro:0.239808;Electronic---Ambient:0.144480;Electronic---Synthwave:0.132166;Electronic---Berlin-School:0.132016,WA:v0:k1:r1,,JB3,0.691570,gPO_sBM_cAll_d10_mPO0_ch01,0.588297,120.967742
8.280000,8.297778500,,hermite,ready,,,,,0,1.0,0,gWA_sBM_cAll_d26_mWA0_ch05,gPO_sBM_cAll_d12_mPO3_ch02,gPO_sBM_cAll_d12_mPO3_ch02,7.128000,gPO_sBM_cAll_d10_mPO0_ch01;gPO_sBM_cAll_d11_mPO0_ch01;gPO_sBM_cAll_d11_mPO0_ch02;gPO_sBM_cAll_d10_mPO0_ch02;gPO_sBM_cAll_d12_mPO3_ch02,,,,,,0.717689880,,0.000000,,,,,,,,,,0.000000,beat-sync,1.003777,0.838415,,0.003056128,0.413772927,right_wrist_yaw,0.027969239,left_wrist_roll,0.413772927,right_wrist_yaw,0.045837084,left_wrist_roll,-0.044826,-0.236967,1.018038,1.758821,0.000000000,0.000000000,0.000000000,0.000000000,0.000000000,0.000000000,7.576000,0.035868188,0.000000000,left_elbow,0.093946,0.067802,16.142404,,0.008316623,0,1,0,5,gPO_sBM_cAll_d10_mPO0_ch01;gPO_sBM_cAll_d11_mPO0_ch01;gPO_sBM_cAll_d11_mPO0_ch02;gPO_sBM_cAll_d10_mPO0_ch02;gPO_sBM_cAll_d12_mPO3_ch02,,68.960300,846.368900,77.199300,5903.202400,accepted,0.914580,,0.844691,0.212353268,38.299174,0.144480,PO,0.725267,0.000373,0.005321,JB3:0.691570;JB5:0.691196;JB1:0.685751;JB2:0.624077;JB4:0.600470,gPO_sBM_cAll_d10_mPO0_ch01:0.588297;gPO_sBM_cAll_d11_mPO0_ch01:0.582976;gPO_sBM_cAll_d11_mPO0_ch02:0.581527;gPO_sBM_cAll_d10_mPO0_ch02:0.580622;gPO_sBM_cAll_d12_mPO5_ch02:0.567795;gPO_sBM_cAll_d12_mPO4_ch02:0.565917;gPO_sBM_cAll_d12_mPO5_ch01:0.565387;gPO_sBM_cAll_d12_mPO3_ch02:0.557341;gPO_sBM_cAll_d12_mPO3_ch01:0.555826;gPO_sBM_cAll_d10_mPO3_ch01:0.555658,Electronic---Techno:0.262961;Electronic---Electro:0.239808;Electronic---Ambient:0.144480;Electronic---Synthwave:0.132166;Electronic---Berlin-School:0.132016,WA:v0:k1:r1,,JB3,0.691570,gPO_sBM_cAll_d10_mPO0_ch01,0.588297,120.967742
8.312000,8.330376400,,hermite,ready,,,,,0,1.0,0,gWA_sBM_cAll_d26_mWA0_ch05,gPO_sBM_cAll_d12_mPO3_ch02,gPO_sBM_cAll_d12_mPO3_ch02,7.128000,gPO_sBM_cAll_d10_mPO0_ch01;gPO_sBM_cAll_d11_mPO0_ch01;gPO_sBM_cAll_d11_mPO0_ch02;gPO_sBM_cAll_d10_mPO0_ch02;gPO_sBM_cAll_d12_mPO3_ch02,,,,,,0.720488071,,0.000000,,,,,,,,,,0.000000,beat-sync,0.982770,0.838415,,0.002669076,0.412963269,right_wrist_yaw,0.030514719,right_wrist_roll,0.412963269,right_wrist_yaw,0.047515616,right_wrist_roll,-0.045145,-0.231748,1.015185,1.750472,0.000000000,0.000000000,0.000000000,0.000000000,0.000000000,0.000000000,7.576000,0.035868188,0.000000000,left_elbow,0.404982,0.283143,37.197751,,0.008285031,0,1,0,5,gPO_sBM_cAll_d10_mPO0_ch01;gPO_sBM_cAll_d11_mPO0_ch01;gPO_sBM_cAll_d11_mPO0_ch02;gPO_sBM_cAll_d10_mPO0_ch02;gPO_sBM_cAll_d12_mPO3_ch02,,68.960300,846.368900,77.199300,5903.202400,accepted,0.914580,,0.844691,0.212353268,38.299174,0.144480,PO,0.725267,0.000373,0.005321,JB3:0.691570;JB5:0.691196;JB1:0.685751;JB2:0.624077;JB4:0.600470,gPO_sBM_cAll_d10_mPO0_ch01:0.588297;gPO_sBM_cAll_d11_mPO0_ch01:0.582976;gPO_sBM_cAll_d11_mPO0_ch02:0.581527;gPO_sBM_cAll_d10_mPO0_ch02:0.580622;gPO_sBM_cAll_d12_mPO5_ch02:0.567795;gPO_sBM_cAll_d12_mPO4_ch02:0.565917;gPO_sBM_cAll_d12_mPO5_ch01:0.565387;gPO_sBM_cAll_d12_mPO3_ch02:0.557341;gPO_sBM_cAll_d12_mPO3_ch01:0.555826;gPO_sBM_cAll_d10_mPO3_ch01:0.555658,Electronic---Techno:0.262961;Electronic---Electro:0.239808;Electronic---Ambient:0.144480;Electronic---Synthwave:0.132166;Electronic---Berlin-School:0.132016,WA:v0:k1:r1,,JB3,0.691570,gPO_sBM_cAll_d10_mPO0_ch01,0.588297,120.967742
8.376000,8.386226600,,hermite,ready,,,,,0,1.0,0,gWA_sBM_cAll_d26_mWA0_ch05,gPO_sBM_cAll_d12_mPO3_ch02,gPO_sBM_cAll_d12_mPO3_ch02,7.128000,gPO_sBM_cAll_d10_mPO0_ch01;gPO_sBM_cAll_d11_mPO0_ch01;gPO_sBM_cAll_d11_mPO0_ch02;gPO_sBM_cAll_d10_mPO0_ch02;gPO_sBM_cAll_d12_mPO3_ch02,,,,,,0.725120870,,0.000000,,,,,,,,,,0.000000,beat-sync,0.952652,0.838415,,0.002120398,0.411611310,right_wrist_yaw,0.027722923,right_wrist_roll,0.411611310,right_wrist_yaw,0.032671629,right_wrist_roll,-0.049980,-0.219063,1.009564,1.667050,0.000000000,0.000000000,0.000000000,0.000000000,0.000000000,0.000000000,7.576000,0.035868188,0.000000000,left_elbow,0.255547,0.215964,25.991764,,0.008230319,0,1,0,5,gPO_sBM_cAll_d10_mPO0_ch01;gPO_sBM_cAll_d11_mPO0_ch01;gPO_sBM_cAll_d11_mPO0_ch02;gPO_sBM_cAll_d10_mPO0_ch02;gPO_sBM_cAll_d12_mPO3_ch02,,68.960300,846.368900,77.199300,5903.202400,accepted,0.914580,,0.844691,0.212353268,38.299174,0.144480,PO,0.725267,0.000373,0.005321,JB3:0.691570;JB5:0.691196;JB1:0.685751;JB2:0.624077;JB4:0.600470,gPO_sBM_cAll_d10_mPO0_ch01:0.588297;gPO_sBM_cAll_d11_mPO0_ch01:0.582976;gPO_sBM_cAll_d11_mPO0_ch02:0.581527;gPO_sBM_cAll_d10_mPO0_ch02:0.580622;gPO_sBM_cAll_d12_mPO5_ch02:0.567795;gPO_sBM_cAll_d12_mPO4_ch02:0.565917;gPO_sBM_cAll_d12_mPO5_ch01:0.565387;gPO_sBM_cAll_d12_mPO3_ch02:0.557341;gPO_sBM_cAll_d12_mPO3_ch01:0.555826;gPO_sBM_cAll_d10_mPO3_ch01:0.555658,Electronic---Techno:0.262961;Electronic---Electro:0.239808;Electronic---Ambient:0.144480;Electronic---Synthwave:0.132166;Electronic---Berlin-School:0.132016,WA:v0:k1:r1,,JB3,0.691570,gPO_sBM_cAll_d10_mPO0_ch01,0.588297,120.967742
8.376000,8.402894900,match,hermite,ready,,,,,0,1.0,0,gWA_sBM_cAll_d26_mWA0_ch05,gPO_sBM_cAll_d12_mPO3_ch02,gPO_sBM_cAll_d12_mPO3_ch02,8.152000,gPO_sBM_cAll_d10_mPO0_ch01;gPO_sBM_cAll_d11_mPO0_ch01;gPO_sBM_cAll_d11_mPO0_ch02;gPO_sBM_cAll_d10_mPO0_ch02;gPO_sBM_cAll_d12_mPO3_ch02,,,,,,0.726461396,,0.000000,,,,,,,,,,0.000000,beat-sync,0.945078,0.838415,,0.001981298,0.411188107,right_wrist_yaw,0.034874836,left_wrist_roll,0.411188107,right_wrist_yaw,0.039897263,left_wrist_roll,-0.052340,-0.214981,1.008439,1.635212,0.000000000,0.000000000,0.000000000,0.000000000,0.000000000,0.000000000,7.576000,0.035868188,0.000000000,left_elbow,0.039897,0.035315,0.201817,,0.008214819,0,1,0,5,gPO_sBM_cAll_d10_mPO0_ch01;gPO_sBM_cAll_d11_mPO0_ch01;gPO_sBM_cAll_d11_mPO0_ch02;gPO_sBM_cAll_d10_mPO0_ch02;gPO_sBM_cAll_d12_mPO3_ch02,,68.960300,846.368900,77.199300,5903.202400,accepted,0.924119,,0.862034,0.228110765,36.681152,0.133186,PO,0.726906,0.000654,0.005303,JB3:0.685521;JB5:0.684866;JB1:0.676741;JB2:0.621985;JB4:0.596090,gPO_sBM_cAll_d10_mPO0_ch01:0.587363;gPO_sBM_cAll_d11_mPO0_ch01:0.582060;gPO_sBM_cAll_d11_mPO0_ch02:0.580592;gPO_sBM_cAll_d10_mPO0_ch02:0.579684;gPO_sBM_cAll_d12_mPO5_ch02:0.567620;gPO_sBM_cAll_d12_mPO5_ch01:0.564756;gPO_sBM_cAll_d12_mPO4_ch02:0.564140;gPO_sBM_cAll_d12_mPO3_ch02:0.555911;gPO_sBM_cAll_d12_mPO3_ch01:0.554411;gPO_sBM_cAll_d10_mPO3_ch01:0.554216,Electronic---Techno:0.298418;Electronic---Electro:0.242040;Electronic---EBM:0.136474;Electronic---Ambient:0.133186;Electronic---Industrial:0.131549,WA:v0:k1:r1,,JB3,0.685521,gPO_sBM_cAll_d10_mPO0_ch01,0.587363,120.967742
8.408000,8.419652900,,hermite,ready,,,,,0,1.0,0,gWA_sBM_cAll_d26_mWA0_ch05,gPO_sBM_cAll_d12_mPO3_ch02,gPO_sBM_cAll_d12_mPO3_ch02,8.152000,gPO_sBM_cAll_d10_mPO0_ch01;gPO_sBM_cAll_d11_mPO0_ch01;gPO_sBM_cAll_d11_mPO0_ch02;gPO_sBM_cAll_d10_mPO0_ch02;gPO_sBM_cAll_d12_mPO3_ch02,,,,,,0.727765057,,0.000000,,,,,,,,,,0.000000,beat-sync,0.938157,0.838415,,0.001853851,0.410806167,right_wrist_yaw,0.029925778,left_wrist_roll,0.410806167,right_wrist_yaw,0.034390805,left_wrist_roll,-0.054526,-0.210294,1.008147,1.601008,0.000000000,0.000000000,0.000000000,0.000000000,0.000000000,0.000000000,7.576000,0.035868188,0.000000000,left_elbow,0.301826,0.265511,32.333743,,0.008199378,0,1,0,5,gPO_sBM_cAll_d10_mPO0_ch01;gPO_sBM_cAll_d11_mPO0_ch01;gPO_sBM_cAll_d11_mPO0_ch02;gPO_sBM_cAll_d10_mPO0_ch02;gPO_sBM_cAll_d12_mPO3_ch02,,68.960300,846.368900,77.199300,5903.202400,accepted,0.924119,,0.862034,0.228110765,36.681152,0.133186,PO,0.726906,0.000654,0.005303,JB3:0.685521;JB5:0.684866;JB1:0.676741;JB2:0.621985;JB4:0.596090,gPO_sBM_cAll_d10_mPO0_ch01:0.587363;gPO_sBM_cAll_d11_mPO0_ch01:0.582060;gPO_sBM_cAll_d11_mPO0_ch02:0.580592;gPO_sBM_cAll_d10_mPO0_ch02:0.579684;gPO_sBM_cAll_d12_mPO5_ch02:0.567620;gPO_sBM_cAll_d12_mPO5_ch01:0.564756;gPO_sBM_cAll_d12_mPO4_ch02:0.564140;gPO_sBM_cAll_d12_mPO3_ch02:0.555911;gPO_sBM_cAll_d12_mPO3_ch01:0.554411;gPO_sBM_cAll_d10_mPO3_ch01:0.554216,Electronic---Techno:0.298418;Electronic---Electro:0.242040;Electronic---EBM:0.136474;Electronic---Ambient:0.133186;Electronic---Industrial:0.131549,WA:v0:k1:r1,,JB3,0.685521,gPO_sBM_cAll_d10_mPO0_ch01,0.587363,120.967742
8.472000,8.495029300,,hermite,ready,,,,,0,1.0,0,gWA_sBM_cAll_d26_mWA0_ch05,gPO_sBM_cAll_d12_mPO3_ch02,gPO_sBM_cAll_d12_mPO3_ch02,8.152000,gPO_sBM_cAll_d10_mPO0_ch01;gPO_sBM_cAll_d11_mPO0_ch01;gPO_sBM_cAll_d11_mPO0_ch02;gPO_sBM_cAll_d10_mPO0_ch02;gPO_sBM_cAll_d12_mPO3_ch02,,,,,,0.733558845,,0.000000,,,,,,,,,,0.000000,beat-sync,0.911979,0.838415,,0.001372135,0.408972664,right_wrist_yaw,0.031854430,right_wrist_roll,0.408972664,right_wrist_yaw,0.038098828,right_wrist_roll,-0.069655,-0.183304,1.014287,1.431748,0.000000000,0.000000000,0.000000000,0.000000000,0.000000000,0.000000000,7.576000,0.035868188,0.000000000,left_elbow,0.203611,0.171242,20.732809,,0.008130604,0,1,0,5,gPO_sBM_cAll_d10_mPO0_ch01;gPO_sBM_cAll_d11_mPO0_ch01;gPO_sBM_cAll_d11_mPO0_ch02;gPO_sBM_cAll_d10_mPO0_ch02;gPO_sBM_cAll_d12_mPO3_ch02,,68.960300,846.368900,77.199300,5903.202400,accepted,0.924119,,0.862034,0.228110765,36.681152,0.133186,PO,0.726906,0.000654,0.005303,JB3:0.685521;JB5:0.684866;JB1:0.676741;JB2:0.621985;JB4:0.596090,gPO_sBM_cAll_d10_mPO0_ch01:0.587363;gPO_sBM_cAll_d11_mPO0_ch01:0.582060;gPO_sBM_cAll_d11_mPO0_ch02:0.580592;gPO_sBM_cAll_d10_mPO0_ch02:0.579684;gPO_sBM_cAll_d12_mPO5_ch02:0.567620;gPO_sBM_cAll_d12_mPO5_ch01:0.564756;gPO_sBM_cAll_d12_mPO4_ch02:0.564140;gPO_sBM_cAll_d12_mPO3_ch02:0.555911;gPO_sBM_cAll_d12_mPO3_ch01:0.554411;gPO_sBM_cAll_d10_mPO3_ch01:0.554216,Electronic---Techno:0.298418;Electronic---Electro:0.242040;Electronic---EBM:0.136474;Electronic---Ambient:0.133186;Electronic---Industrial:0.131549,WA:v0:k1:r1,,JB3,0.685521,gPO_sBM_cAll_d10_mPO0_ch01,0.587363,120.967742
8.504000,8.528607800,,hermite,ready,,,,,0,1.0,0,gWA_sBM_cAll_d26_mWA0_ch05,gPO_sBM_cAll_d12_mPO3_ch02,gPO_sBM_cAll_d12_mPO3_ch02,8.152000,gPO_sBM_cAll_d10_mPO0_ch01;gPO_sBM_cAll_d11_mPO0_ch01;gPO_sBM_cAll_d11_mPO0_ch02;gPO_sBM_cAll_d10_mPO0_ch02;gPO_sBM_cAll_d12_mPO3_ch02,,,,,,0.736083494,,0.000000,,,,,,,,,,0.000000,beat-sync,0.902693,0.838415,,0.001200582,0.408147553,right_wrist_yaw,0.034438120,left_wrist_roll,0.408147553,right_wrist_yaw,0.047782144,left_wrist_roll,-0.082267,-0.167366,1.019826,1.346856,0.000000000,0.000000000,0.000000000,0.000000000,0.000000000,0.000000000,7.576000,0.035868188,0.000000000,left_elbow,0.094835,0.078483,10.878826,,0.008100407,0,1,0,5,gPO_sBM_cAll_d10_mPO0_ch01;gPO_sBM_cAll_d11_mPO0_ch01;gPO_sBM_cAll_d11_mPO0_ch02;gPO_sBM_cAll_d10_mPO0_ch02;gPO_sBM_cAll_d12_mPO3_ch02,,68.960300,846.368900,77.199300,5903.202400,accepted,0.924119,,0.862034,0.228110765,36.681152,0.133186,PO,0.726906,0.000654,0.005303,JB3:0.685521;JB5:0.684866;JB1:0.676741;JB2:0.621985;JB4:0.596090,gPO_sBM_cAll_d10_mPO0_ch01:0.587363;gPO_sBM_cAll_d11_mPO0_ch01:0.582060;gPO_sBM_cAll_d11_mPO0_ch02:0.580592;gPO_sBM_cAll_d10_mPO0_ch02:0.579684;gPO_sBM_cAll_d12_mPO5_ch02:0.567620;gPO_sBM_cAll_d12_mPO5_ch01:0.564756;gPO_sBM_cAll_d12_mPO4_ch02:0.564140;gPO_sBM_cAll_d12_mPO3_ch02:0.555911;gPO_sBM_cAll_d12_mPO3_ch01:0.554411;gPO_sBM_cAll_d10_mPO3_ch01:0.554216,Electronic---Techno:0.298418;Electronic---Electro:0.242040;Electronic---EBM:0.136474;Electronic---Ambient:0.133186;Electronic---Industrial:0.131549,WA:v0:k1:r1,,JB3,0.685521,gPO_sBM_cAll_d10_mPO0_ch01,0.587363,120.967742
8.568000,8.601871900,,hermite,ready,,,,,0,1.0,0,gWA_sBM_cAll_d26_mWA0_ch05,gPO_sBM_cAll_d12_mPO3_ch02,gPO_sBM_cAll_d12_mPO3_ch02,8.152000,gPO_sBM_cAll_d10_mPO0_ch01;gPO_sBM_cAll_d11_mPO0_ch01;gPO_sBM_cAll_d11_mPO0_ch02;gPO_sBM_cAll_d10_mPO0_ch02;gPO_sBM_cAll_d12_mPO3_ch02,,,,,,0.740952291,,0.000000,,,,,,,,,,0.000000,beat-sync,0.760276,0.806452,,-0.024453028,0.357945733,right_wrist_yaw,6.589168780,right_wrist_yaw,0.357945733,right_wrist_yaw,3.340089774,right_wrist_yaw,-0.103980,-0.126597,1.025195,1.209162,0.000000000,0.000000000,0.000000000,0.000000000,0.000000000,0.000000000,8.504000,0.000000000,0.000000000,,3.391113,3.066561,182.453019,,0.008048098,0,1,0,5,gPO_sBM_cAll_d10_mPO0_ch01;gPO_sBM_cAll_d11_mPO0_ch01;gPO_sBM_cAll_d11_mPO0_ch02;gPO_sBM_cAll_d10_mPO0_ch02;gPO_sBM_cAll_d12_mPO3_ch02,,68.960300,846.368900,77.199300,5903.202400,accepted,0.924119,,0.862034,0.228110765,36.681152,0.133186,PO,0.726906,0.000654,0.005303,JB3:0.685521;JB5:0.684866;JB1:0.676741;JB2:0.621985;JB4:0.596090,gPO_sBM_cAll_d10_mPO0_ch01:0.587363;gPO_sBM_cAll_d11_mPO0_ch01:0.582060;gPO_sBM_cAll_d11_mPO0_ch02:0.580592;gPO_sBM_cAll_d10_mPO0_ch02:0.579684;gPO_sBM_cAll_d12_mPO5_ch02:0.567620;gPO_sBM_cAll_d12_mPO5_ch01:0.564756;gPO_sBM_cAll_d12_mPO4_ch02:0.564140;gPO_sBM_cAll_d12_mPO3_ch02:0.555911;gPO_sBM_cAll_d12_mPO3_ch01:0.554411;gPO_sBM_cAll_d10_mPO3_ch01:0.554216,Electronic---Techno:0.298418;Electronic---Electro:0.242040;Electronic---EBM:0.136474;Electronic---Ambient:0.133186;Electronic---Industrial:0.131549,WA:v0:k1:r1,,JB3,0.685521,gPO_sBM_cAll_d10_mPO0_ch01,0.587363,120.967742
8.568000,8.617212600,beat_limiter_result,hermite,ready,,,,,0,1.0,0,gWA_sBM_cAll_d26_mWA0_ch05,gPO_sBM_cAll_d12_mPO3_ch02,gPO_sBM_cAll_d12_mPO3_ch02,8.152000,gPO_sBM_cAll_d10_mPO0_ch01;gPO_sBM_cAll_d11_mPO0_ch01;gPO_sBM_cAll_d11_mPO0_ch02;gPO_sBM_cAll_d10_mPO0_ch02;gPO_sBM_cAll_d12_mPO3_ch02,,,,,,0.741917276,,0.000000,,,,,,,,,,0.000000,beat-sync,0.728874,0.806452,,-0.024327761,0.260539352,right_wrist_yaw,7.794563877,right_wrist_yaw,0.260539352,right_wrist_yaw,9.480233448,right_wrist_yaw,-0.107592,-0.118468,1.024972,1.189351,0.000000000,0.000000000,0.000000000,0.000000000,0.000000000,0.000000000,8.504000,0.000000000,0.000000000,,9.776149,7.630791,299.368706,,0.008446053,0,1,0,5,gPO_sBM_cAll_d10_mPO0_ch01;gPO_sBM_cAll_d11_mPO0_ch01;gPO_sBM_cAll_d11_mPO0_ch02;gPO_sBM_cAll_d10_mPO0_ch02;gPO_sBM_cAll_d12_mPO3_ch02,,68.960300,846.368900,77.199300,5903.202400,accepted,0.924119,,0.862034,0.228110765,36.681152,0.133186,PO,0.726906,0.000654,0.005303,JB3:0.685521;JB5:0.684866;JB1:0.676741;JB2:0.621985;JB4:0.596090,gPO_sBM_cAll_d10_mPO0_ch01:0.587363;gPO_sBM_cAll_d11_mPO0_ch01:0.582060;gPO_sBM_cAll_d11_mPO0_ch02:0.580592;gPO_sBM_cAll_d10_mPO0_ch02:0.579684;gPO_sBM_cAll_d12_mPO5_ch02:0.567620;gPO_sBM_cAll_d12_mPO5_ch01:0.564756;gPO_sBM_cAll_d12_mPO4_ch02:0.564140;gPO_sBM_cAll_d12_mPO3_ch02:0.555911;gPO_sBM_cAll_d12_mPO3_ch01:0.554411;gPO_sBM_cAll_d10_mPO3_ch01:0.554216,Electronic---Techno:0.298418;Electronic---Electro:0.242040;Electronic---EBM:0.136474;Electronic---Ambient:0.133186;Electronic---Industrial:0.131549,WA:v0:k1:r1,,JB3,0.685521,gPO_sBM_cAll_d10_mPO0_ch01,0.587363,120.967742
8.600000,8.623252700,,hermite,ready,,,,,0,1.0,0,gWA_sBM_cAll_d26_mWA0_ch05,gPO_sBM_cAll_d12_mPO3_ch02,gPO_sBM_cAll_d12_mPO3_ch02,8.152000,gPO_sBM_cAll_d10_mPO0_ch01;gPO_sBM_cAll_d11_mPO0_ch01;gPO_sBM_cAll_d11_mPO0_ch02;gPO_sBM_cAll_d10_mPO0_ch02;gPO_sBM_cAll_d12_mPO3_ch02,,,,,,0.742373646,,0.000000,,,,,,,,,,0.000000,beat-sync,0.713545,0.806452,,-0.024252792,0.200143386,right_wrist_yaw,7.247515877,right_wrist_yaw,0.200143386,right_wrist_yaw,12.129408881,right_wrist_yaw,-0.109431,-0.114786,1.024793,1.181388,0.000000000,0.000000000,0.000000000,0.000000000,0.000000000,0.000000000,8.504000,0.000000000,0.000000000,,12.384169,9.162765,322.290277,,0.008438283,0,1,0,5,gPO_sBM_cAll_d10_mPO0_ch01;gPO_sBM_cAll_d11_mPO0_ch01;gPO_sBM_cAll_d11_mPO0_ch02;gPO_sBM_cAll_d10_mPO0_ch02;gPO_sBM_cAll_d12_mPO3_ch02,,68.960300,846.368900,77.199300,5903.202400,accepted,0.924119,,0.862034,0.228110765,36.681152,0.133186,PO,0.726906,0.000654,0.005303,JB3:0.685521;JB5:0.684866;JB1:0.676741;JB2:0.621985;JB4:0.596090,gPO_sBM_cAll_d10_mPO0_ch01:0.587363;gPO_sBM_cAll_d11_mPO0_ch01:0.582060;gPO_sBM_cAll_d11_mPO0_ch02:0.580592;gPO_sBM_cAll_d10_mPO0_ch02:0.579684;gPO_sBM_cAll_d12_mPO5_ch02:0.567620;gPO_sBM_cAll_d12_mPO5_ch01:0.564756;gPO_sBM_cAll_d12_mPO4_ch02:0.564140;gPO_sBM_cAll_d12_mPO3_ch02:0.555911;gPO_sBM_cAll_d12_mPO3_ch01:0.554411;gPO_sBM_cAll_d10_mPO3_ch01:0.554216,Electronic---Techno:0.298418;Electronic---Electro:0.242040;Electronic---EBM:0.136474;Electronic---Ambient:0.133186;Electronic---Industrial:0.131549,WA:v0:k1:r1,,JB3,0.685521,gPO_sBM_cAll_d10_mPO0_ch01,0.587363,120.967742
8.600000,8.632352000,,hermite,ready,,,,,0,1.0,0,gWA_sBM_cAll_d26_mWA0_ch05,gPO_sBM_cAll_d12_mPO3_ch02,gPO_sBM_cAll_d12_mPO3_ch02,8.152000,gPO_sBM_cAll_d10_mPO0_ch01;gPO_sBM_cAll_d11_mPO0_ch01;gPO_sBM_cAll_d11_mPO0_ch02;gPO_sBM_cAll_d10_mPO0_ch02;gPO_sBM_cAll_d12_mPO3_ch02,,,,,,0.742885989,,0.000000,,,,,,,,,,0.000000,beat-sync,0.695900,0.806452,,-0.024154227,0.160179043,right_wrist_yaw,4.795721188,right_wrist_yaw,0.160179043,right_wrist_yaw,5.456627969,right_wrist_yaw,-0.111559,-0.110781,1.024409,1.174222,0.000000000,0.000000000,0.000000000,0.000000000,0.000000000,0.000000000,8.504000,0.000000000,0.000000000,,8.092258,6.466743,616.506799,,0.008430527,0,1,0,5,gPO_sBM_cAll_d10_mPO0_ch01;gPO_sBM_cAll_d11_mPO0_ch01;gPO_sBM_cAll_d11_mPO0_ch02;gPO_sBM_cAll_d10_mPO0_ch02;gPO_sBM_cAll_d12_mPO3_ch02,,68.960300,846.368900,77.199300,5903.202400,accepted,0.924119,,0.862034,0.228110765,36.681152,0.133186,PO,0.726906,0.000654,0.005303,JB3:0.685521;JB5:0.684866;JB1:0.676741;JB2:0.621985;JB4:0.596090,gPO_sBM_cAll_d10_mPO0_ch01:0.587363;gPO_sBM_cAll_d11_mPO0_ch01:0.582060;gPO_sBM_cAll_d11_mPO0_ch02:0.580592;gPO_sBM_cAll_d10_mPO0_ch02:0.579684;gPO_sBM_cAll_d12_mPO5_ch02:0.567620;gPO_sBM_cAll_d12_mPO5_ch01:0.564756;gPO_sBM_cAll_d12_mPO4_ch02:0.564140;gPO_sBM_cAll_d12_mPO3_ch02:0.555911;gPO_sBM_cAll_d12_mPO3_ch01:0.554411;gPO_sBM_cAll_d10_mPO3_ch01:0.554216,Electronic---Techno:0.298418;Electronic---Electro:0.242040;Electronic---EBM:0.136474;Electronic---Ambient:0.133186;Electronic---Industrial:0.131549,WA:v0:k1:r1,,JB3,0.685521,gPO_sBM_cAll_d10_mPO0_ch01,0.587363,120.967742
8.600000,8.641300200,,hermite,ready,,,,,0,1.0,0,gWA_sBM_cAll_d26_mWA0_ch05,gPO_sBM_cAll_d12_mPO3_ch02,gPO_sBM_cAll_d12_mPO3_ch02,8.152000,gPO_sBM_cAll_d10_mPO0_ch01;gPO_sBM_cAll_d11_mPO0_ch01;gPO_sBM_cAll_d11_mPO0_ch02;gPO_sBM_cAll_d10_mPO0_ch02;gPO_sBM_cAll_d12_mPO3_ch02,,,,,,0.743321613,,0.000000,,,,,,,,,,0.000000,beat-sync,0.680559,0.806452,,-0.024059242,0.144913599,right_wrist_yaw,1.831853244,right_wrist_yaw,0.144913599,right_wrist_yaw,2.002865952,right_wrist_yaw,-0.113463,-0.107566,1.023815,1.170782,0.000000000,0.000000000,0.000000000,0.000000000,0.000000000,0.000000000,8.504000,0.000000000,0.000000000,,7.123007,6.054639,384.422388,,0.008422786,0,1,0,5,gPO_sBM_cAll_d10_mPO0_ch01;gPO_sBM_cAll_d11_mPO0_ch01;gPO_sBM_cAll_d11_mPO0_ch02;gPO_sBM_cAll_d10_mPO0_ch02;gPO_sBM_cAll_d12_mPO3_ch02,,68.960300,846.368900,77.199300,5903.202400,accepted,0.924119,,0.862034,0.228110765,36.681152,0.133186,PO,0.726906,0.000654,0.005303,JB3:0.685521;JB5:0.684866;JB1:0.676741;JB2:0.621985;JB4:0.596090,gPO_sBM_cAll_d10_mPO0_ch01:0.587363;gPO_sBM_cAll_d11_mPO0_ch01:0.582060;gPO_sBM_cAll_d11_mPO0_ch02:0.580592;gPO_sBM_cAll_d10_mPO0_ch02:0.579684;gPO_sBM_cAll_d12_mPO5_ch02:0.567620;gPO_sBM_cAll_d12_mPO5_ch01:0.564756;gPO_sBM_cAll_d12_mPO4_ch02:0.564140;gPO_sBM_cAll_d12_mPO3_ch02:0.555911;gPO_sBM_cAll_d12_mPO3_ch01:0.554411;gPO_sBM_cAll_d10_mPO3_ch01:0.554216,Electronic---Techno:0.298418;Electronic---Electro:0.242040;Electronic---EBM:0.136474;Electronic---Ambient:0.133186;Electronic---Industrial:0.131549,WA:v0:k1:r1,,JB3,0.685521,gPO_sBM_cAll_d10_mPO0_ch01,0.587363,120.967742
8.632000,8.647663400,,hermite,ready,,,,,0,1.0,0,gWA_sBM_cAll_d26_mWA0_ch05,gPO_sBM_cAll_d12_mPO3_ch02,gPO_sBM_cAll_d12_mPO3_ch02,8.152000,gPO_sBM_cAll_d10_mPO0_ch01;gPO_sBM_cAll_d11_mPO0_ch01;gPO_sBM_cAll_d11_mPO0_ch02;gPO_sBM_cAll_d10_mPO0_ch02;gPO_sBM_cAll_d12_mPO3_ch02,,,,,,0.743781145,,0.000000,,,,,,,,,,0.000000,beat-sync,0.663972,0.806452,,-0.023945657,0.140334231,right_wrist_yaw,1.583489248,left_wrist_yaw,0.140334231,right_wrist_yaw,2.842440062,left_wrist_yaw,-0.115472,-0.104174,1.023188,1.167115,0.000000000,0.000000000,0.000000000,0.000000000,0.000000000,0.000000000,8.504000,0.000000000,0.000000000,,11.644513,8.446111,408.937921,,0.008415059,0,1,0,5,gPO_sBM_cAll_d10_mPO0_ch01;gPO_sBM_cAll_d11_mPO0_ch01;gPO_sBM_cAll_d11_mPO0_ch02;gPO_sBM_cAll_d10_mPO0_ch02;gPO_sBM_cAll_d12_mPO3_ch02,,68.960300,846.368900,77.199300,5903.202400,accepted,0.924119,,0.862034,0.228110765,36.681152,0.133186,PO,0.726906,0.000654,0.005303,JB3:0.685521;JB5:0.684866;JB1:0.676741;JB2:0.621985;JB4:0.596090,gPO_sBM_cAll_d10_mPO0_ch01:0.587363;gPO_sBM_cAll_d11_mPO0_ch01:0.582060;gPO_sBM_cAll_d11_mPO0_ch02:0.580592;gPO_sBM_cAll_d10_mPO0_ch02:0.579684;gPO_sBM_cAll_d12_mPO5_ch02:0.567620;gPO_sBM_cAll_d12_mPO5_ch01:0.564756;gPO_sBM_cAll_d12_mPO4_ch02:0.564140;gPO_sBM_cAll_d12_mPO3_ch02:0.555911;gPO_sBM_cAll_d12_mPO3_ch01:0.554411;gPO_sBM_cAll_d10_mPO3_ch01:0.554216,Electronic---Techno:0.298418;Electronic---Electro:0.242040;Electronic---EBM:0.136474;Electronic---Ambient:0.133186;Electronic---Industrial:0.131549,WA:v0:k1:r1,,JB3,0.685521,gPO_sBM_cAll_d10_mPO0_ch01,0.587363,120.967742
8.664000,8.681560700,,hermite,ready,,,,,0,1.0,0,gWA_sBM_cAll_d26_mWA0_ch05,gPO_sBM_cAll_d12_mPO3_ch02,gPO_sBM_cAll_d12_mPO3_ch02,8.152000,gPO_sBM_cAll_d10_mPO0_ch01;gPO_sBM_cAll_d11_mPO0_ch01;gPO_sBM_cAll_d11_mPO0_ch02;gPO_sBM_cAll_d10_mPO0_ch02;gPO_sBM_cAll_d12_mPO3_ch02,,,,,,0.745532806,,0.000000,,,,,,,,,,0.000000,beat-sync,0.596448,0.806452,,-0.023369975,0.118983924,right_wrist_yaw,0.637308801,right_wrist_pitch,0.118983924,right_wrist_yaw,0.744450053,right_wrist_pitch,-0.121951,-0.093038,1.020417,1.141729,0.000000000,0.000000000,0.000000000,0.000000000,0.000000000,0.000000000,8.504000,0.000000000,0.000000000,,6.632320,5.602455,307.452390,,0.008384290,0,1,0,5,gPO_sBM_cAll_d10_mPO0_ch01;gPO_sBM_cAll_d11_mPO0_ch01;gPO_sBM_cAll_d11_mPO0_ch02;gPO_sBM_cAll_d10_mPO0_ch02;gPO_sBM_cAll_d12_mPO3_ch02,,68.960300,846.368900,77.199300,5903.202400,accepted,0.924119,,0.862034,0.228110765,36.681152,0.133186,PO,0.726906,0.000654,0.005303,JB3:0.685521;JB5:0.684866;JB1:0.676741;JB2:0.621985;JB4:0.596090,gPO_sBM_cAll_d10_mPO0_ch01:0.587363;gPO_sBM_cAll_d11_mPO0_ch01:0.582060;gPO_sBM_cAll_d11_mPO0_ch02:0.580592;gPO_sBM_cAll_d10_mPO0_ch02:0.579684;gPO_sBM_cAll_d12_mPO5_ch02:0.567620;gPO_sBM_cAll_d12_mPO5_ch01:0.564756;gPO_sBM_cAll_d12_mPO4_ch02:0.564140;gPO_sBM_cAll_d12_mPO3_ch02:0.555911;gPO_sBM_cAll_d12_mPO3_ch01:0.554411;gPO_sBM_cAll_d10_mPO3_ch01:0.554216,Electronic---Techno:0.298418;Electronic---Electro:0.242040;Electronic---EBM:0.136474;Electronic---Ambient:0.133186;Electronic---Industrial:0.131549,WA:v0:k1:r1,,JB3,0.685521,gPO_sBM_cAll_d10_mPO0_ch01,0.587363,120.967742
8.728000,8.748766200,,hermite,ready,,,,,0,1.0,0,gWA_sBM_cAll_d26_mWA0_ch05,gPO_sBM_cAll_d12_mPO3_ch02,gPO_sBM_cAll_d12_mPO3_ch02,8.152000,gPO_sBM_cAll_d10_mPO0_ch01;gPO_sBM_cAll_d11_mPO0_ch01;gPO_sBM_cAll_d11_mPO0_ch02;gPO_sBM_cAll_d10_mPO0_ch02;gPO_sBM_cAll_d12_mPO3_ch02,,,,,,0.748606011,,0.000000,,,,,,,,,,0.000000,beat-sync,0.550000,0.806452,,-0.021894889,0.094894927,left_wrist_yaw,0.273852907,right_wrist_yaw,0.094894927,left_wrist_yaw,0.328379699,right_wrist_yaw,-0.129053,-0.076301,1.015615,1.086761,0.000000000,0.000000000,0.000000000,0.000000000,0.000000000,0.000000000,8.504000,0.000000000,0.000000000,,6.051511,5.143030,58.956371,,0.008323424,0,1,0,5,gPO_sBM_cAll_d10_mPO0_ch01;gPO_sBM_cAll_d11_mPO0_ch01;gPO_sBM_cAll_d11_mPO0_ch02;gPO_sBM_cAll_d10_mPO0_ch02;gPO_sBM_cAll_d12_mPO3_ch02,,68.960300,846.368900,77.199300,5903.202400,accepted,0.924119,,0.862034,0.228110765,36.681152,0.133186,PO,0.726906,0.000654,0.005303,JB3:0.685521;JB5:0.684866;JB1:0.676741;JB2:0.621985;JB4:0.596090,gPO_sBM_cAll_d10_mPO0_ch01:0.587363;gPO_sBM_cAll_d11_mPO0_ch01:0.582060;gPO_sBM_cAll_d11_mPO0_ch02:0.580592;gPO_sBM_cAll_d10_mPO0_ch02:0.579684;gPO_sBM_cAll_d12_mPO5_ch02:0.567620;gPO_sBM_cAll_d12_mPO5_ch01:0.564756;gPO_sBM_cAll_d12_mPO4_ch02:0.564140;gPO_sBM_cAll_d12_mPO3_ch02:0.555911;gPO_sBM_cAll_d12_mPO3_ch01:0.554411;gPO_sBM_cAll_d10_mPO3_ch01:0.554216,Electronic---Techno:0.298418;Electronic---Electro:0.242040;Electronic---EBM:0.136474;Electronic---Ambient:0.133186;Electronic---Industrial:0.131549,WA:v0:k1:r1,,JB3,0.685521,gPO_sBM_cAll_d10_mPO0_ch01,0.587363,120.967742
8.760000,8.772632600,,hermite,ready,,,,,0,1.0,0,gWA_sBM_cAll_d26_mWA0_ch05,gPO_sBM_cAll_d12_mPO3_ch02,gPO_sBM_cAll_d12_mPO3_ch02,8.152000,gPO_sBM_cAll_d10_mPO0_ch01;gPO_sBM_cAll_d11_mPO0_ch01;gPO_sBM_cAll_d11_mPO0_ch02;gPO_sBM_cAll_d10_mPO0_ch02;gPO_sBM_cAll_d12_mPO3_ch02,,,,,,0.749758367,,0.000000,,,,,,,,,,0.000000,beat-sync,0.550000,0.806452,,-0.021331404,0.100820563,left_wrist_yaw,0.142304549,right_wrist_yaw,0.100820563,left_wrist_yaw,0.167458095,right_wrist_yaw,-0.130515,-0.070285,1.013310,1.066775,0.000000000,0.000000000,0.000000000,0.000000000,0.000000000,0.000000000,8.504000,0.000000000,0.000000000,,6.182729,5.157263,50.596554,,0.008300827,0,1,0,5,gPO_sBM_cAll_d10_mPO0_ch01;gPO_sBM_cAll_d11_mPO0_ch01;gPO_sBM_cAll_d11_mPO0_ch02;gPO_sBM_cAll_d10_mPO0_ch02;gPO_sBM_cAll_d12_mPO3_ch02,,68.960300,846.368900,77.199300,5903.202400,accepted,0.924119,,0.862034,0.228110765,36.681152,0.133186,PO,0.726906,0.000654,0.005303,JB3:0.685521;JB5:0.684866;JB1:0.676741;JB2:0.621985;JB4:0.596090,gPO_sBM_cAll_d10_mPO0_ch01:0.587363;gPO_sBM_cAll_d11_mPO0_ch01:0.582060;gPO_sBM_cAll_d11_mPO0_ch02:0.580592;gPO_sBM_cAll_d10_mPO0_ch02:0.579684;gPO_sBM_cAll_d12_mPO5_ch02:0.567620;gPO_sBM_cAll_d12_mPO5_ch01:0.564756;gPO_sBM_cAll_d12_mPO4_ch02:0.564140;gPO_sBM_cAll_d12_mPO3_ch02:0.555911;gPO_sBM_cAll_d12_mPO3_ch01:0.554411;gPO_sBM_cAll_d10_mPO3_ch01:0.554216,Electronic---Techno:0.298418;Electronic---Electro:0.242040;Electronic---EBM:0.136474;Electronic---Ambient:0.133186;Electronic---Industrial:0.131549,WA:v0:k1:r1,,JB3,0.685521,gPO_sBM_cAll_d10_mPO0_ch01,0.587363,120.967742
8.824000,8.839655600,,hermite,ready,,,,,0,1.0,0,gWA_sBM_cAll_d26_mWA0_ch05,gPO_sBM_cAll_d12_mPO3_ch02,gPO_sBM_cAll_d12_mPO3_ch02,8.152000,gPO_sBM_cAll_d10_mPO0_ch01;gPO_sBM_cAll_d11_mPO0_ch01;gPO_sBM_cAll_d11_mPO0_ch02;gPO_sBM_cAll_d10_mPO0_ch02;gPO_sBM_cAll_d12_mPO3_ch02,,,,,,0.752811689,,0.000000,,,,,,,,,,0.000000,beat-sync,0.550000,0.806452,,-0.019851590,0.102143275,right_wrist_yaw,0.363194438,left_wrist_yaw,0.102143275,right_wrist_yaw,0.644441673,left_wrist_yaw,-0.131373,-0.056691,1.010217,1.047875,0.000000000,0.000000000,0.000000000,0.000000000,0.000000000,0.000000000,8.504000,0.000000000,0.000000000,,1.901234,1.322131,217.305176,,0.008241162,0,1,0,5,gPO_sBM_cAll_d10_mPO0_ch01;gPO_sBM_cAll_d11_mPO0_ch01;gPO_sBM_cAll_d11_mPO0_ch02;gPO_sBM_cAll_d10_mPO0_ch02;gPO_sBM_cAll_d12_mPO3_ch02,,68.960300,846.368900,77.199300,5903.202400,accepted,0.924119,,0.862034,0.228110765,36.681152,0.133186,PO,0.726906,0.000654,0.005303,JB3:0.685521;JB5:0.684866;JB1:0.676741;JB2:0.621985;JB4:0.596090,gPO_sBM_cAll_d10_mPO0_ch01:0.587363;gPO_sBM_cAll_d11_mPO0_ch01:0.582060;gPO_sBM_cAll_d11_mPO0_ch02:0.580592;gPO_sBM_cAll_d10_mPO0_ch02:0.579684;gPO_sBM_cAll_d12_mPO5_ch02:0.567620;gPO_sBM_cAll_d12_mPO5_ch01:0.564756;gPO_sBM_cAll_d12_mPO4_ch02:0.564140;gPO_sBM_cAll_d12_mPO3_ch02:0.555911;gPO_sBM_cAll_d12_mPO3_ch01:0.554411;gPO_sBM_cAll_d10_mPO3_ch01:0.554216,Electronic---Techno:0.298418;Electronic---Electro:0.242040;Electronic---EBM:0.136474;Electronic---Ambient:0.133186;Electronic---Industrial:0.131549,WA:v0:k1:r1,,JB3,0.685521,gPO_sBM_cAll_d10_mPO0_ch01,0.587363,120.967742
8.856000,8.872428600,,hermite,ready,,,,,0,1.0,0,gWA_sBM_cAll_d26_mWA0_ch05,gPO_sBM_cAll_d12_mPO3_ch02,gPO_sBM_cAll_d12_mPO3_ch02,8.152000,gPO_sBM_cAll_d10_mPO0_ch01;gPO_sBM_cAll_d11_mPO0_ch01;gPO_sBM_cAll_d11_mPO0_ch02;gPO_sBM_cAll_d10_mPO0_ch02;gPO_sBM_cAll_d12_mPO3_ch02,,,,,,0.754334843,,0.000000,,,,,,,,,,0.000000,beat-sync,0.550000,1.388889,,-0.031126341,0.112099370,right_wrist_yaw,0.599980511,left_wrist_yaw,0.112099370,right_wrist_yaw,0.842645587,left_wrist_yaw,-0.131390,-0.050650,1.008598,1.031172,0.000000000,0.000000000,0.000000000,0.000000000,0.000000000,0.000000000,8.824000,0.000000000,0.000000000,,1.821209,1.422947,34.668862,,0.008211651,0,1,0,5,gPO_sBM_cAll_d10_mPO0_ch01;gPO_sBM_cAll_d11_mPO0_ch01;gPO_sBM_cAll_d11_mPO0_ch02;gPO_sBM_cAll_d10_mPO0_ch02;gPO_sBM_cAll_d12_mPO3_ch02,,68.960300,846.368900,77.199300,5903.202400,accepted,0.924119,,0.862034,0.228110765,36.681152,0.133186,PO,0.726906,0.000654,0.005303,JB3:0.685521;JB5:0.684866;JB1:0.676741;JB2:0.621985;JB4:0.596090,gPO_sBM_cAll_d10_mPO0_ch01:0.587363;gPO_sBM_cAll_d11_mPO0_ch01:0.582060;gPO_sBM_cAll_d11_mPO0_ch02:0.580592;gPO_sBM_cAll_d10_mPO0_ch02:0.579684;gPO_sBM_cAll_d12_mPO5_ch02:0.567620;gPO_sBM_cAll_d12_mPO5_ch01:0.564756;gPO_sBM_cAll_d12_mPO4_ch02:0.564140;gPO_sBM_cAll_d12_mPO3_ch02:0.555911;gPO_sBM_cAll_d12_mPO3_ch01:0.554411;gPO_sBM_cAll_d10_mPO3_ch01:0.554216,Electronic---Techno:0.298418;Electronic---Electro:0.242040;Electronic---EBM:0.136474;Electronic---Ambient:0.133186;Electronic---Industrial:0.131549,WA:v0:k1:r1,,JB3,0.685521,gPO_sBM_cAll_d10_mPO0_ch01,0.587363,120.967742
8.888000,8.915425800,beat_limiter_result,hermite,ready,,,,,0,1.0,0,gWA_sBM_cAll_d26_mWA0_ch05,gPO_sBM_cAll_d12_mPO3_ch02,gPO_sBM_cAll_d12_mPO3_ch02,8.152000,gPO_sBM_cAll_d10_mPO0_ch01;gPO_sBM_cAll_d11_mPO0_ch01;gPO_sBM_cAll_d11_mPO0_ch02;gPO_sBM_cAll_d10_mPO0_ch02;gPO_sBM_cAll_d12_mPO3_ch02,,,,,,0.756314370,,0.000000,,,,,,,,,,0.000000,beat-sync,0.550000,1.388889,,-0.029688545,0.130615488,right_wrist_yaw,0.664186416,left_wrist_yaw,0.130615488,right_wrist_yaw,0.778432246,left_wrist_yaw,-0.131489,-0.043633,1.007983,0.998804,0.000000000,0.000000000,0.000000000,0.000000000,0.000000000,0.000000000,8.824000,0.000000000,0.000000000,,1.896093,1.620953,20.832344,,0.008175057,0,1,0,5,gPO_sBM_cAll_d10_mPO0_ch01;gPO_sBM_cAll_d11_mPO0_ch01;gPO_sBM_cAll_d11_mPO0_ch02;gPO_sBM_cAll_d10_mPO0_ch02;gPO_sBM_cAll_d12_mPO3_ch02,,68.960300,846.368900,77.199300,5903.202400,accepted,0.924119,,0.862034,0.228110765,36.681152,0.133186,PO,0.726906,0.000654,0.005303,JB3:0.685521;JB5:0.684866;JB1:0.676741;JB2:0.621985;JB4:0.596090,gPO_sBM_cAll_d10_mPO0_ch01:0.587363;gPO_sBM_cAll_d11_mPO0_ch01:0.582060;gPO_sBM_cAll_d11_mPO0_ch02:0.580592;gPO_sBM_cAll_d10_mPO0_ch02:0.579684;gPO_sBM_cAll_d12_mPO5_ch02:0.567620;gPO_sBM_cAll_d12_mPO5_ch01:0.564756;gPO_sBM_cAll_d12_mPO4_ch02:0.564140;gPO_sBM_cAll_d12_mPO3_ch02:0.555911;gPO_sBM_cAll_d12_mPO3_ch01:0.554411;gPO_sBM_cAll_d10_mPO3_ch01:0.554216,Electronic---Techno:0.298418;Electronic---Electro:0.242040;Electronic---EBM:0.136474;Electronic---Ambient:0.133186;Electronic---Industrial:0.131549,WA:v0:k1:r1,,JB3,0.685521,gPO_sBM_cAll_d10_mPO0_ch01,0.587363,120.967742
8.920000,8.931015600,,hermite,ready,,,,,0,1.0,0,gWA_sBM_cAll_d26_mWA0_ch05,gPO_sBM_cAll_d12_mPO3_ch02,gPO_sBM_cAll_d12_mPO3_ch02,8.152000,gPO_sBM_cAll_d10_mPO0_ch01;gPO_sBM_cAll_d11_mPO0_ch01;gPO_sBM_cAll_d11_mPO0_ch02;gPO_sBM_cAll_d10_mPO0_ch02;gPO_sBM_cAll_d12_mPO3_ch02,,,,,,0.757025022,,0.000000,,,,,,,,,,0.000000,beat-sync,0.550000,1.388889,,-0.029102179,0.138858842,right_wrist_yaw,0.728160855,left_wrist_yaw,0.138858842,right_wrist_yaw,0.898298611,left_wrist_yaw,-0.131664,-0.041614,1.008330,0.987493,0.000000000,0.000000000,0.000000000,0.000000000,0.000000000,0.000000000,8.824000,0.000000000,0.000000000,,2.259358,1.810327,41.215371,,0.008160510,0,1,0,5,gPO_sBM_cAll_d10_mPO0_ch01;gPO_sBM_cAll_d11_mPO0_ch01;gPO_sBM_cAll_d11_mPO0_ch02;gPO_sBM_cAll_d10_mPO0_ch02;gPO_sBM_cAll_d12_mPO3_ch02,,68.960300,846.368900,77.199300,5903.202400,accepted,0.924119,,0.862034,0.228110765,36.681152,0.133186,PO,0.726906,0.000654,0.005303,JB3:0.685521;JB5:0.684866;JB1:0.676741;JB2:0.621985;JB4:0.596090,gPO_sBM_cAll_d10_mPO0_ch01:0.587363;gPO_sBM_cAll_d11_mPO0_ch01:0.582060;gPO_sBM_cAll_d11_mPO0_ch02:0.580592;gPO_sBM_cAll_d10_mPO0_ch02:0.579684;gPO_sBM_cAll_d12_mPO5_ch02:0.567620;gPO_sBM_cAll_d12_mPO5_ch01:0.564756;gPO_sBM_cAll_d12_mPO4_ch02:0.564140;gPO_sBM_cAll_d12_mPO3_ch02:0.555911;gPO_sBM_cAll_d12_mPO3_ch01:0.554411;gPO_sBM_cAll_d10_mPO3_ch01:0.554216,Electronic---Techno:0.298418;Electronic---Electro:0.242040;Electronic---EBM:0.136474;Electronic---Ambient:0.133186;Electronic---Industrial:0.131549,WA:v0:k1:r1,,JB3,0.685521,gPO_sBM_cAll_d10_mPO0_ch01,0.587363,120.967742
8.952000,8.964418400,,hermite,ready,,,,,0,1.0,0,gWA_sBM_cAll_d26_mWA0_ch05,gPO_sBM_cAll_d12_mPO3_ch02,gPO_sBM_cAll_d12_mPO3_ch02,8.152000,gPO_sBM_cAll_d10_mPO0_ch01;gPO_sBM_cAll_d11_mPO0_ch01;gPO_sBM_cAll_d11_mPO0_ch02;gPO_sBM_cAll_d10_mPO0_ch02;gPO_sBM_cAll_d12_mPO3_ch02,,,,,,0.758555483,,0.000000,,,,,,,,,,0.000000,beat-sync,0.550000,1.388889,,-0.027726642,0.157247794,right_wrist_yaw,0.797853602,left_wrist_yaw,0.157247794,right_wrist_yaw,0.930693320,left_wrist_yaw,-0.131848,-0.037950,1.009445,0.965349,0.000000000,0.000000000,0.000000000,0.000000000,0.000000000,0.000000000,8.824000,0.000000000,0.000000000,,1.988468,1.584189,20.547531,,0.008131573,0,1,0,5,gPO_sBM_cAll_d10_mPO0_ch01;gPO_sBM_cAll_d11_mPO0_ch01;gPO_sBM_cAll_d11_mPO0_ch02;gPO_sBM_cAll_d10_mPO0_ch02;gPO_sBM_cAll_d12_mPO3_ch02,,68.960300,846.368900,77.199300,5903.202400,accepted,0.924119,,0.862034,0.228110765,36.681152,0.133186,PO,0.726906,0.000654,0.005303,JB3:0.685521;JB5:0.684866;JB1:0.676741;JB2:0.621985;JB4:0.596090,gPO_sBM_cAll_d10_mPO0_ch01:0.587363;gPO_sBM_cAll_d11_mPO0_ch01:0.582060;gPO_sBM_cAll_d11_mPO0_ch02:0.580592;gPO_sBM_cAll_d10_mPO0_ch02:0.579684;gPO_sBM_cAll_d12_mPO5_ch02:0.567620;gPO_sBM_cAll_d12_mPO5_ch01:0.564756;gPO_sBM_cAll_d12_mPO4_ch02:0.564140;gPO_sBM_cAll_d12_mPO3_ch02:0.555911;gPO_sBM_cAll_d12_mPO3_ch01:0.554411;gPO_sBM_cAll_d10_mPO3_ch01:0.554216,Electronic---Techno:0.298418;Electronic---Electro:0.242040;Electronic---EBM:0.136474;Electronic---Ambient:0.133186;Electronic---Industrial:0.131549,WA:v0:k1:r1,,JB3,0.685521,gPO_sBM_cAll_d10_mPO0_ch01,0.587363,120.967742
9.016000,9.022735700,,hermite,ready,,,,,0,1.0,0,gWA_sBM_cAll_d26_mWA0_ch05,gPO_sBM_cAll_d12_mPO3_ch02,gPO_sBM_cAll_d12_mPO3_ch02,8.152000,gPO_sBM_cAll_d10_mPO0_ch01;gPO_sBM_cAll_d11_mPO0_ch01;gPO_sBM_cAll_d11_mPO0_ch02;gPO_sBM_cAll_d10_mPO0_ch02;gPO_sBM_cAll_d12_mPO3_ch02,,,,,,0.761237103,,0.000000,,,,,,,,,,0.000000,beat-sync,0.550000,1.388889,,-0.025003511,0.191728512,right_wrist_yaw,1.021226241,left_wrist_yaw,0.191728512,right_wrist_yaw,1.199247308,left_wrist_yaw,-0.129780,-0.031465,1.009956,0.940916,0.000000000,0.000000000,0.000000000,0.000000000,0.000000000,0.000000000,8.824000,0.000000000,0.000000000,,2.903062,2.326640,14.886491,,0.008081422,0,1,0,5,gPO_sBM_cAll_d10_mPO0_ch01;gPO_sBM_cAll_d11_mPO0_ch01;gPO_sBM_cAll_d11_mPO0_ch02;gPO_sBM_cAll_d10_mPO0_ch02;gPO_sBM_cAll_d12_mPO3_ch02,,68.960300,846.368900,77.199300,5903.202400,accepted,0.924119,,0.862034,0.228110765,36.681152,0.133186,PO,0.726906,0.000654,0.005303,JB3:0.685521;JB5:0.684866;JB1:0.676741;JB2:0.621985;JB4:0.596090,gPO_sBM_cAll_d10_mPO0_ch01:0.587363;gPO_sBM_cAll_d11_mPO0_ch01:0.582060;gPO_sBM_cAll_d11_mPO0_ch02:0.580592;gPO_sBM_cAll_d10_mPO0_ch02:0.579684;gPO_sBM_cAll_d12_mPO5_ch02:0.567620;gPO_sBM_cAll_d12_mPO5_ch01:0.564756;gPO_sBM_cAll_d12_mPO4_ch02:0.564140;gPO_sBM_cAll_d12_mPO3_ch02:0.555911;gPO_sBM_cAll_d12_mPO3_ch01:0.554411;gPO_sBM_cAll_d10_mPO3_ch01:0.554216,Electronic---Techno:0.298418;Electronic---Electro:0.242040;Electronic---EBM:0.136474;Electronic---Ambient:0.133186;Electronic---Industrial:0.131549,WA:v0:k1:r1,,JB3,0.685521,gPO_sBM_cAll_d10_mPO0_ch01,0.587363,120.967742
9.080000,9.106498600,,hermite,ready,,,,,0,1.0,0,gWA_sBM_cAll_d26_mWA0_ch05,gPO_sBM_cAll_d12_mPO3_ch02,gPO_sBM_cAll_d12_mPO3_ch02,8.152000,gPO_sBM_cAll_d10_mPO0_ch01;gPO_sBM_cAll_d11_mPO0_ch01;gPO_sBM_cAll_d11_mPO0_ch02;gPO_sBM_cAll_d10_mPO0_ch02;gPO_sBM_cAll_d12_mPO3_ch02,,,,,,0.765043623,,0.000000,,,,,,,,,,0.000000,beat-sync,0.550000,1.388889,,-0.020611773,0.252212528,right_wrist_yaw,0.551250541,right_wrist_yaw,0.252212528,right_wrist_yaw,0.729514770,right_wrist_yaw,-0.121923,-0.021162,1.009248,0.926066,0.000000000,0.000000000,0.000000000,0.000000000,0.000000000,0.000000000,8.824000,0.000000000,0.000000000,,3.037741,2.310531,52.818131,,0.008010842,0,1,0,5,gPO_sBM_cAll_d10_mPO0_ch01;gPO_sBM_cAll_d11_mPO0_ch01;gPO_sBM_cAll_d11_mPO0_ch02;gPO_sBM_cAll_d10_mPO0_ch02;gPO_sBM_cAll_d12_mPO3_ch02,,68.960300,846.368900,77.199300,5903.202400,accepted,0.924119,,0.862034,0.228110765,36.681152,0.133186,PO,0.726906,0.000654,0.005303,JB3:0.685521;JB5:0.684866;JB1:0.676741;JB2:0.621985;JB4:0.596090,gPO_sBM_cAll_d10_mPO0_ch01:0.587363;gPO_sBM_cAll_d11_mPO0_ch01:0.582060;gPO_sBM_cAll_d11_mPO0_ch02:0.580592;gPO_sBM_cAll_d10_mPO0_ch02:0.579684;gPO_sBM_cAll_d12_mPO5_ch02:0.567620;gPO_sBM_cAll_d12_mPO5_ch01:0.564756;gPO_sBM_cAll_d12_mPO4_ch02:0.564140;gPO_sBM_cAll_d12_mPO3_ch02:0.555911;gPO_sBM_cAll_d12_mPO3_ch01:0.554411;gPO_sBM_cAll_d10_mPO3_ch01:0.554216,Electronic---Techno:0.298418;Electronic---Electro:0.242040;Electronic---EBM:0.136474;Electronic---Ambient:0.133186;Electronic---Industrial:0.131549,WA:v0:k1:r1,,JB3,0.685521,gPO_sBM_cAll_d10_mPO0_ch01,0.587363,120.967742
9.112000,9.131635100,,hermite,ready,,,,,0,1.0,0,gWA_sBM_cAll_d26_mWA0_ch05,gPO_sBM_cAll_d12_mPO3_ch02,gPO_sBM_cAll_d12_mPO3_ch02,8.152000,gPO_sBM_cAll_d10_mPO0_ch01;gPO_sBM_cAll_d11_mPO0_ch01;gPO_sBM_cAll_d11_mPO0_ch02;gPO_sBM_cAll_d10_mPO0_ch02;gPO_sBM_cAll_d12_mPO3_ch02,,,,,,0.766211598,,0.000000,,,,,,,,,,0.000000,beat-sync,0.550000,1.388889,,-0.019168104,0.266156759,right_wrist_yaw,0.556340563,left_wrist_yaw,0.266156759,right_wrist_yaw,0.676063252,left_wrist_yaw,-0.120669,-0.017368,1.009186,0.921753,0.000000000,0.000000000,0.000000000,0.000000000,0.000000000,0.000000000,8.824000,0.000000000,0.000000000,,2.970688,2.269635,28.459909,,0.007989907,0,1,0,5,gPO_sBM_cAll_d10_mPO0_ch01;gPO_sBM_cAll_d11_mPO0_ch01;gPO_sBM_cAll_d11_mPO0_ch02;gPO_sBM_cAll_d10_mPO0_ch02;gPO_sBM_cAll_d12_mPO3_ch02,,68.960300,846.368900,77.199300,5903.202400,accepted,0.924119,,0.862034,0.228110765,36.681152,0.133186,PO,0.726906,0.000654,0.005303,JB3:0.685521;JB5:0.684866;JB1:0.676741;JB2:0.621985;JB4:0.596090,gPO_sBM_cAll_d10_mPO0_ch01:0.587363;gPO_sBM_cAll_d11_mPO0_ch01:0.582060;gPO_sBM_cAll_d11_mPO0_ch02:0.580592;gPO_sBM_cAll_d10_mPO0_ch02:0.579684;gPO_sBM_cAll_d12_mPO5_ch02:0.567620;gPO_sBM_cAll_d12_mPO5_ch01:0.564756;gPO_sBM_cAll_d12_mPO4_ch02:0.564140;gPO_sBM_cAll_d12_mPO3_ch02:0.555911;gPO_sBM_cAll_d12_mPO3_ch01:0.554411;gPO_sBM_cAll_d10_mPO3_ch01:0.554216,Electronic---Techno:0.298418;Electronic---Electro:0.242040;Electronic---EBM:0.136474;Electronic---Ambient:0.133186;Electronic---Industrial:0.131549,WA:v0:k1:r1,,JB3,0.685521,gPO_sBM_cAll_d10_mPO0_ch01,0.587363,120.967742
9.176000,9.198748000,,hermite,ready,,,,,0,1.0,0,gWA_sBM_cAll_d26_mWA0_ch05,gPO_sBM_cAll_d12_mPO3_ch02,gPO_sBM_cAll_d12_mPO3_ch02,8.152000,gPO_sBM_cAll_d10_mPO0_ch01;gPO_sBM_cAll_d11_mPO0_ch01;gPO_sBM_cAll_d11_mPO0_ch02;gPO_sBM_cAll_d10_mPO0_ch02;gPO_sBM_cAll_d12_mPO3_ch02,,,,,,0.769266494,,0.000000,,,,,,,,,,0.000000,beat-sync,0.550000,1.388889,,-0.015229219,0.280230218,right_wrist_yaw,0.408792021,left_wrist_yaw,0.280230218,right_wrist_yaw,0.472863077,left_wrist_yaw,-0.122618,-0.004425,1.006329,0.907925,0.000000000,0.000000000,0.000000000,0.000000000,0.000000000,0.000000000,8.824000,0.000000000,0.000000000,,2.945884,2.403372,30.298978,,0.007934614,0,1,0,5,gPO_sBM_cAll_d10_mPO0_ch01;gPO_sBM_cAll_d11_mPO0_ch01;gPO_sBM_cAll_d11_mPO0_ch02;gPO_sBM_cAll_d10_mPO0_ch02;gPO_sBM_cAll_d12_mPO3_ch02,,68.960300,846.368900,77.199300,5903.202400,accepted,0.924119,,0.862034,0.228110765,36.681152,0.133186,PO,0.726906,0.000654,0.005303,JB3:0.685521;JB5:0.684866;JB1:0.676741;JB2:0.621985;JB4:0.596090,gPO_sBM_cAll_d10_mPO0_ch01:0.587363;gPO_sBM_cAll_d11_mPO0_ch01:0.582060;gPO_sBM_cAll_d11_mPO0_ch02:0.580592;gPO_sBM_cAll_d10_mPO0_ch02:0.579684;gPO_sBM_cAll_d12_mPO5_ch02:0.567620;gPO_sBM_cAll_d12_mPO5_ch01:0.564756;gPO_sBM_cAll_d12_mPO4_ch02:0.564140;gPO_sBM_cAll_d12_mPO3_ch02:0.555911;gPO_sBM_cAll_d12_mPO3_ch01:0.554411;gPO_sBM_cAll_d10_mPO3_ch01:0.554216,Electronic---Techno:0.298418;Electronic---Electro:0.242040;Electronic---EBM:0.136474;Electronic---Ambient:0.133186;Electronic---Industrial:0.131549,WA:v0:k1:r1,,JB3,0.685521,gPO_sBM_cAll_d10_mPO0_ch01,0.587363,120.967742
9.208000,9.231396200,,hermite,ready,,,,,0,1.0,0,gWA_sBM_cAll_d26_mWA0_ch05,gPO_sBM_cAll_d12_mPO3_ch02,gPO_sBM_cAll_d12_mPO3_ch02,8.152000,gPO_sBM_cAll_d10_mPO0_ch01;gPO_sBM_cAll_d11_mPO0_ch01;gPO_sBM_cAll_d11_mPO0_ch02;gPO_sBM_cAll_d10_mPO0_ch02;gPO_sBM_cAll_d12_mPO3_ch02,,,,,,0.770891299,,0.000000,,,,,,,,,,0.000000,beat-sync,0.611486,1.388889,,-0.013293213,0.270103438,right_wrist_yaw,0.524633938,left_wrist_yaw,0.270103438,right_wrist_yaw,0.693332935,left_wrist_yaw,-0.126603,0.003040,1.005122,0.889225,0.000000000,0.000000000,0.000000000,0.000000000,0.000000000,0.000000000,8.824000,0.000000000,0.000000000,,3.015742,2.289501,59.778021,,0.007907253,0,1,0,5,gPO_sBM_cAll_d10_mPO0_ch01;gPO_sBM_cAll_d11_mPO0_ch01;gPO_sBM_cAll_d11_mPO0_ch02;gPO_sBM_cAll_d10_mPO0_ch02;gPO_sBM_cAll_d12_mPO3_ch02,,68.960300,846.368900,77.199300,5903.202400,accepted,0.924119,,0.862034,0.228110765,36.681152,0.133186,PO,0.726906,0.000654,0.005303,JB3:0.685521;JB5:0.684866;JB1:0.676741;JB2:0.621985;JB4:0.596090,gPO_sBM_cAll_d10_mPO0_ch01:0.587363;gPO_sBM_cAll_d11_mPO0_ch01:0.582060;gPO_sBM_cAll_d11_mPO0_ch02:0.580592;gPO_sBM_cAll_d10_mPO0_ch02:0.579684;gPO_sBM_cAll_d12_mPO5_ch02:0.567620;gPO_sBM_cAll_d12_mPO5_ch01:0.564756;gPO_sBM_cAll_d12_mPO4_ch02:0.564140;gPO_sBM_cAll_d12_mPO3_ch02:0.555911;gPO_sBM_cAll_d12_mPO3_ch01:0.554411;gPO_sBM_cAll_d10_mPO3_ch01:0.554216,Electronic---Techno:0.298418;Electronic---Electro:0.242040;Electronic---EBM:0.136474;Electronic---Ambient:0.133186;Electronic---Industrial:0.131549,WA:v0:k1:r1,,JB3,0.685521,gPO_sBM_cAll_d10_mPO0_ch01,0.587363,120.967742
9.272000,9.289353400,,hermite,ready,,,,,0,1.0,0,gWA_sBM_cAll_d26_mWA0_ch05,gPO_sBM_cAll_d12_mPO3_ch02,gPO_sBM_cAll_d12_mPO3_ch02,8.152000,gPO_sBM_cAll_d10_mPO0_ch01;gPO_sBM_cAll_d11_mPO0_ch01;gPO_sBM_cAll_d11_mPO0_ch02;gPO_sBM_cAll_d10_mPO0_ch02;gPO_sBM_cAll_d12_mPO3_ch02,,,,,,0.774049489,,0.000000,,,,,,,,,,0.000000,beat-sync,0.627987,0.826149,,-0.018122285,0.240848023,right_wrist_yaw,1.299931315,left_wrist_yaw,0.240848023,right_wrist_yaw,1.840365764,left_wrist_yaw,-0.135549,0.022352,1.005745,0.842855,0.000000000,0.000000000,0.000000000,0.000000000,0.000000000,0.000000000,9.240000,0.000000000,0.000000000,,3.737226,2.922243,52.986130,,0.007859823,0,1,0,5,gPO_sBM_cAll_d10_mPO0_ch01;gPO_sBM_cAll_d11_mPO0_ch01;gPO_sBM_cAll_d11_mPO0_ch02;gPO_sBM_cAll_d10_mPO0_ch02;gPO_sBM_cAll_d12_mPO3_ch02,,68.960300,846.368900,77.199300,5903.202400,accepted,0.924119,,0.862034,0.228110765,36.681152,0.133186,PO,0.726906,0.000654,0.005303,JB3:0.685521;JB5:0.684866;JB1:0.676741;JB2:0.621985;JB4:0.596090,gPO_sBM_cAll_d10_mPO0_ch01:0.587363;gPO_sBM_cAll_d11_mPO0_ch01:0.582060;gPO_sBM_cAll_d11_mPO0_ch02:0.580592;gPO_sBM_cAll_d10_mPO0_ch02:0.579684;gPO_sBM_cAll_d12_mPO5_ch02:0.567620;gPO_sBM_cAll_d12_mPO5_ch01:0.564756;gPO_sBM_cAll_d12_mPO4_ch02:0.564140;gPO_sBM_cAll_d12_mPO3_ch02:0.555911;gPO_sBM_cAll_d12_mPO3_ch01:0.554411;gPO_sBM_cAll_d10_mPO3_ch01:0.554216,Electronic---Techno:0.298418;Electronic---Electro:0.242040;Electronic---EBM:0.136474;Electronic---Ambient:0.133186;Electronic---Industrial:0.131549,WA:v0:k1:r1,,JB3,0.685521,gPO_sBM_cAll_d10_mPO0_ch01,0.587363,120.967742
9.304000,9.324894000,,hermite,ready,,,,,0,1.0,0,gWA_sBM_cAll_d26_mWA0_ch05,gPO_sBM_cAll_d12_mPO3_ch02,gPO_sBM_cAll_d12_mPO3_ch02,8.152000,gPO_sBM_cAll_d10_mPO0_ch01;gPO_sBM_cAll_d11_mPO0_ch01;gPO_sBM_cAll_d11_mPO0_ch02;gPO_sBM_cAll_d10_mPO0_ch02;gPO_sBM_cAll_d12_mPO3_ch02,,,,,,0.775726178,,0.000000,,,,,,,,,,0.000000,beat-sync,0.559300,0.826149,,-0.016319827,0.216089296,right_wrist_yaw,1.882422199,left_wrist_yaw,0.216089296,right_wrist_yaw,1.805514502,left_wrist_yaw,-0.141676,0.034411,1.007306,0.821796,0.000000000,0.000000000,0.000000000,0.000000000,0.000000000,0.000000000,9.240000,0.000000000,0.000000000,,2.697305,2.212644,49.866897,,0.007832975,0,1,0,5,gPO_sBM_cAll_d10_mPO0_ch01;gPO_sBM_cAll_d11_mPO0_ch01;gPO_sBM_cAll_d11_mPO0_ch02;gPO_sBM_cAll_d10_mPO0_ch02;gPO_sBM_cAll_d12_mPO3_ch02,,68.960300,846.368900,77.199300,5903.202400,accepted,0.924119,,0.862034,0.228110765,36.681152,0.133186,PO,0.726906,0.000654,0.005303,JB3:0.685521;JB5:0.684866;JB1:0.676741;JB2:0.621985;JB4:0.596090,gPO_sBM_cAll_d10_mPO0_ch01:0.587363;gPO_sBM_cAll_d11_mPO0_ch01:0.582060;gPO_sBM_cAll_d11_mPO0_ch02:0.580592;gPO_sBM_cAll_d10_mPO0_ch02:0.579684;gPO_sBM_cAll_d12_mPO5_ch02:0.567620;gPO_sBM_cAll_d12_mPO5_ch01:0.564756;gPO_sBM_cAll_d12_mPO4_ch02:0.564140;gPO_sBM_cAll_d12_mPO3_ch02:0.555911;gPO_sBM_cAll_d12_mPO3_ch01:0.554411;gPO_sBM_cAll_d10_mPO3_ch01:0.554216,Electronic---Techno:0.298418;Electronic---Electro:0.242040;Electronic---EBM:0.136474;Electronic---Ambient:0.133186;Electronic---Industrial:0.131549,WA:v0:k1:r1,,JB3,0.685521,gPO_sBM_cAll_d10_mPO0_ch01,0.587363,120.967742
9.304000,9.340430800,beat_limiter_result,hermite,ready,,,,,0,1.0,0,gWA_sBM_cAll_d26_mWA0_ch05,gPO_sBM_cAll_d12_mPO3_ch02,gPO_sBM_cAll_d12_mPO3_ch02,8.152000,gPO_sBM_cAll_d10_mPO0_ch01;gPO_sBM_cAll_d11_mPO0_ch01;gPO_sBM_cAll_d11_mPO0_ch02;gPO_sBM_cAll_d10_mPO0_ch02;gPO_sBM_cAll_d12_mPO3_ch02,,,,,,0.776446974,,0.000000,,,,,,,,,,0.000000,beat-sync,0.550000,0.826149,,-0.015504067,0.203588331,right_wrist_yaw,1.578588758,left_wrist_yaw,0.203588331,right_wrist_yaw,2.920003180,left_wrist_yaw,-0.144816,0.039614,1.007650,0.813422,0.000000000,0.000000000,0.000000000,0.000000000,0.000000000,0.000000000,9.240000,0.000000000,0.000000000,,3.345074,2.232875,49.593275,,0.007819620,0,1,0,5,gPO_sBM_cAll_d10_mPO0_ch01;gPO_sBM_cAll_d11_mPO0_ch01;gPO_sBM_cAll_d11_mPO0_ch02;gPO_sBM_cAll_d10_mPO0_ch02;gPO_sBM_cAll_d12_mPO3_ch02,,68.960300,846.368900,77.199300,5903.202400,accepted,0.924119,,0.862034,0.228110765,36.681152,0.133186,PO,0.726906,0.000654,0.005303,JB3:0.685521;JB5:0.684866;JB1:0.676741;JB2:0.621985;JB4:0.596090,gPO_sBM_cAll_d10_mPO0_ch01:0.587363;gPO_sBM_cAll_d11_mPO0_ch01:0.582060;gPO_sBM_cAll_d11_mPO0_ch02:0.580592;gPO_sBM_cAll_d10_mPO0_ch02:0.579684;gPO_sBM_cAll_d12_mPO5_ch02:0.567620;gPO_sBM_cAll_d12_mPO5_ch01:0.564756;gPO_sBM_cAll_d12_mPO4_ch02:0.564140;gPO_sBM_cAll_d12_mPO3_ch02:0.555911;gPO_sBM_cAll_d12_mPO3_ch01:0.554411;gPO_sBM_cAll_d10_mPO3_ch01:0.554216,Electronic---Techno:0.298418;Electronic---Electro:0.242040;Electronic---EBM:0.136474;Electronic---Ambient:0.133186;Electronic---Industrial:0.131549,WA:v0:k1:r1,,JB3,0.685521,gPO_sBM_cAll_d10_mPO0_ch01,0.587363,120.967742
9.368000,9.382640100,,hermite,ready,,,,,0,1.0,0,gWA_sBM_cAll_d26_mWA0_ch05,gPO_sBM_cAll_d12_mPO3_ch02,gPO_sBM_cAll_d12_mPO3_ch02,8.152000,gPO_sBM_cAll_d10_mPO0_ch01;gPO_sBM_cAll_d11_mPO0_ch01;gPO_sBM_cAll_d11_mPO0_ch02;gPO_sBM_cAll_d10_mPO0_ch02;gPO_sBM_cAll_d12_mPO3_ch02,,,,,,0.778352735,,0.000000,,,,,,,,,,0.000000,beat-sync,0.550000,0.826149,,-0.013493497,0.171425321,right_wrist_yaw,1.683086894,left_wrist_yaw,0.171425321,right_wrist_yaw,1.914278087,left_wrist_yaw,-0.154619,0.052855,1.008158,0.789253,0.000000000,0.000000000,0.000000000,0.000000000,0.000000000,0.000000000,9.240000,0.000000000,0.000000000,,1.914278,1.613228,51.837059,,0.007786429,0,1,0,5,gPO_sBM_cAll_d10_mPO0_ch01;gPO_sBM_cAll_d11_mPO0_ch01;gPO_sBM_cAll_d11_mPO0_ch02;gPO_sBM_cAll_d10_mPO0_ch02;gPO_sBM_cAll_d12_mPO3_ch02,,68.960300,846.368900,77.199300,5903.202400,accepted,0.924119,,0.862034,0.228110765,36.681152,0.133186,PO,0.726906,0.000654,0.005303,JB3:0.685521;JB5:0.684866;JB1:0.676741;JB2:0.621985;JB4:0.596090,gPO_sBM_cAll_d10_mPO0_ch01:0.587363;gPO_sBM_cAll_d11_mPO0_ch01:0.582060;gPO_sBM_cAll_d11_mPO0_ch02:0.580592;gPO_sBM_cAll_d10_mPO0_ch02:0.579684;gPO_sBM_cAll_d12_mPO5_ch02:0.567620;gPO_sBM_cAll_d12_mPO5_ch01:0.564756;gPO_sBM_cAll_d12_mPO4_ch02:0.564140;gPO_sBM_cAll_d12_mPO3_ch02:0.555911;gPO_sBM_cAll_d12_mPO3_ch01:0.554411;gPO_sBM_cAll_d10_mPO3_ch01:0.554216,Electronic---Techno:0.298418;Electronic---Electro:0.242040;Electronic---EBM:0.136474;Electronic---Ambient:0.133186;Electronic---Industrial:0.131549,WA:v0:k1:r1,,JB3,0.685521,gPO_sBM_cAll_d10_mPO0_ch01,0.587363,120.967742
9.368000,9.406895000,match,hermite,ready,,,,,0,1.0,0,gWA_sBM_cAll_d26_mWA0_ch05,gPO_sBM_cAll_d12_mPO3_ch02,gPO_sBM_cAll_d12_mPO3_ch02,9.176000,gPO_sBM_cAll_d10_mPO0_ch01;gPO_sBM_cAll_d11_mPO0_ch01;gPO_sBM_cAll_d11_mPO0_ch02;gPO_sBM_cAll_d10_mPO0_ch02;gPO_sBM_cAll_d12_mPO3_ch02,,,,,,0.779521596,,0.000000,,,,,,,,,,0.000000,beat-sync,0.550000,0.826149,,-0.012352434,0.151977320,right_wrist_yaw,1.835339032,left_wrist_yaw,0.151977320,right_wrist_yaw,2.572708026,left_wrist_yaw,-0.161082,0.060262,1.008162,0.775537,0.000000000,0.000000000,0.000000000,0.000000000,0.000000000,0.000000000,9.240000,0.000000000,0.000000000,,2.572708,1.923618,46.386999,,0.007766650,0,1,0,5,gPO_sBM_cAll_d10_mPO0_ch01;gPO_sBM_cAll_d11_mPO0_ch01;gPO_sBM_cAll_d11_mPO0_ch02;gPO_sBM_cAll_d10_mPO0_ch02;gPO_sBM_cAll_d12_mPO3_ch02,,68.960300,846.368900,77.199300,5903.202400,accepted,0.866316,,0.863231,0.232230024,35.432814,0.123685,PO,0.724946,0.001745,0.005290,JB3:0.678922;JB5:0.677177;JB1:0.668472;JB2:0.616800;HO5:0.601085,gPO_sBM_cAll_d10_mPO0_ch01:0.585805;gPO_sBM_cAll_d11_mPO0_ch01:0.580515;gPO_sBM_cAll_d11_mPO0_ch02:0.579034;gPO_sBM_cAll_d10_mPO0_ch02:0.578124;gPO_sBM_cAll_d12_mPO5_ch02:0.567124;gPO_sBM_cAll_d12_mPO5_ch01:0.564442;gPO_sBM_cAll_d12_mPO4_ch02:0.563799;gPO_sBM_cAll_d12_mPO3_ch02:0.554625;gPO_sBM_cAll_d12_mPO3_ch01:0.553137;gPO_sBM_cAll_d10_mPO3_ch01:0.552921,Electronic---Techno:0.337149;Electronic---Electro:0.233748;Electronic---EBM:0.139820;Electronic---Ambient:0.123685;Electronic---Industrial:0.121862,WA:v0:k1:r1,,JB3,0.678922,gPO_sBM_cAll_d10_mPO0_ch01,0.585805,120.967742
9.400000,9.414734100,,hermite,ready,,,,,0,1.0,0,gWA_sBM_cAll_d26_mWA0_ch05,gPO_sBM_cAll_d12_mPO3_ch02,gPO_sBM_cAll_d12_mPO3_ch02,9.176000,gPO_sBM_cAll_d10_mPO0_ch01;gPO_sBM_cAll_d11_mPO0_ch01;gPO_sBM_cAll_d11_mPO0_ch02;gPO_sBM_cAll_d10_mPO0_ch02;gPO_sBM_cAll_d12_mPO3_ch02,,,,,,0.779895079,,0.000000,,,,,,,,,,0.000000,beat-sync,0.550000,0.826149,,-0.012000824,0.145437216,right_wrist_yaw,1.772531315,left_wrist_yaw,0.145437216,right_wrist_yaw,2.488266140,left_wrist_yaw,-0.163106,0.062475,1.007993,0.771535,0.000000000,0.000000000,0.000000000,0.000000000,0.000000000,0.000000000,9.240000,0.000000000,0.000000000,,2.488266,1.902486,41.513414,,0.007760079,0,1,0,5,gPO_sBM_cAll_d10_mPO0_ch01;gPO_sBM_cAll_d11_mPO0_ch01;gPO_sBM_cAll_d11_mPO0_ch02;gPO_sBM_cAll_d10_mPO0_ch02;gPO_sBM_cAll_d12_mPO3_ch02,,68.960300,846.368900,77.199300,5903.202400,accepted,0.866316,,0.863231,0.232230024,35.432814,0.123685,PO,0.724946,0.001745,0.005290,JB3:0.678922;JB5:0.677177;JB1:0.668472;JB2:0.616800;HO5:0.601085,gPO_sBM_cAll_d10_mPO0_ch01:0.585805;gPO_sBM_cAll_d11_mPO0_ch01:0.580515;gPO_sBM_cAll_d11_mPO0_ch02:0.579034;gPO_sBM_cAll_d10_mPO0_ch02:0.578124;gPO_sBM_cAll_d12_mPO5_ch02:0.567124;gPO_sBM_cAll_d12_mPO5_ch01:0.564442;gPO_sBM_cAll_d12_mPO4_ch02:0.563799;gPO_sBM_cAll_d12_mPO3_ch02:0.554625;gPO_sBM_cAll_d12_mPO3_ch01:0.553137;gPO_sBM_cAll_d10_mPO3_ch01:0.552921,Electronic---Techno:0.337149;Electronic---Electro:0.233748;Electronic---EBM:0.139820;Electronic---Ambient:0.123685;Electronic---Industrial:0.121862,WA:v0:k1:r1,,JB3,0.678922,gPO_sBM_cAll_d10_mPO0_ch01,0.585805,120.967742
9.464000,9.481429800,,hermite,ready,,,,,0,1.0,0,gWA_sBM_cAll_d26_mWA0_ch05,gPO_sBM_cAll_d12_mPO3_ch02,gPO_sBM_cAll_d12_mPO3_ch02,9.176000,gPO_sBM_cAll_d10_mPO0_ch01;gPO_sBM_cAll_d11_mPO0_ch01;gPO_sBM_cAll_d11_mPO0_ch02;gPO_sBM_cAll_d10_mPO0_ch02;gPO_sBM_cAll_d12_mPO3_ch02,,,,,,0.782936063,,0.000000,,,,,,,,,,0.000000,beat-sync,0.550000,0.826149,,-0.009342276,0.256822738,left_wrist_yaw,1.340423413,left_wrist_yaw,0.256822738,left_wrist_yaw,1.626672169,left_wrist_yaw,-0.178267,0.078341,1.009563,0.752482,0.000000000,0.000000000,0.000000000,0.000000000,0.000000000,0.000000000,9.240000,0.000000000,0.000000000,,1.626672,1.301448,40.983478,,0.007707911,0,1,0,5,gPO_sBM_cAll_d10_mPO0_ch01;gPO_sBM_cAll_d11_mPO0_ch01;gPO_sBM_cAll_d11_mPO0_ch02;gPO_sBM_cAll_d10_mPO0_ch02;gPO_sBM_cAll_d12_mPO3_ch02,,68.960300,846.368900,77.199300,5903.202400,accepted,0.866316,,0.863231,0.232230024,35.432814,0.123685,PO,0.724946,0.001745,0.005290,JB3:0.678922;JB5:0.677177;JB1:0.668472;JB2:0.616800;HO5:0.601085,gPO_sBM_cAll_d10_mPO0_ch01:0.585805;gPO_sBM_cAll_d11_mPO0_ch01:0.580515;gPO_sBM_cAll_d11_mPO0_ch02:0.579034;gPO_sBM_cAll_d10_mPO0_ch02:0.578124;gPO_sBM_cAll_d12_mPO5_ch02:0.567124;gPO_sBM_cAll_d12_mPO5_ch01:0.564442;gPO_sBM_cAll_d12_mPO4_ch02:0.563799;gPO_sBM_cAll_d12_mPO3_ch02:0.554625;gPO_sBM_cAll_d12_mPO3_ch01:0.553137;gPO_sBM_cAll_d10_mPO3_ch01:0.552921,Electronic---Techno:0.337149;Electronic---Electro:0.233748;Electronic---EBM:0.139820;Electronic---Ambient:0.123685;Electronic---Industrial:0.121862,WA:v0:k1:r1,,JB3,0.678922,gPO_sBM_cAll_d10_mPO0_ch01,0.585805,120.967742
9.528000,9.539386200,,hermite,ready,,,,,0,1.0,0,gWA_sBM_cAll_d26_mWA0_ch05,gPO_sBM_cAll_d12_mPO3_ch02,gPO_sBM_cAll_d12_mPO3_ch02,9.176000,gPO_sBM_cAll_d10_mPO0_ch01;gPO_sBM_cAll_d11_mPO0_ch01;gPO_sBM_cAll_d11_mPO0_ch02;gPO_sBM_cAll_d10_mPO0_ch02;gPO_sBM_cAll_d12_mPO3_ch02,,,,,,0.785772941,,0.000000,,,,,,,,,,0.000000,beat-sync,0.602654,0.826149,,-0.007392219,0.311580528,left_wrist_yaw,0.820849571,left_wrist_yaw,0.311580528,left_wrist_yaw,1.034216764,left_wrist_yaw,-0.188765,0.090989,1.008434,0.721535,0.000000000,0.000000000,0.000000000,0.000000000,0.000000000,0.000000000,9.240000,0.000000000,0.000000000,,2.438485,1.927895,89.828951,,0.007662835,0,1,0,5,gPO_sBM_cAll_d10_mPO0_ch01;gPO_sBM_cAll_d11_mPO0_ch01;gPO_sBM_cAll_d11_mPO0_ch02;gPO_sBM_cAll_d10_mPO0_ch02;gPO_sBM_cAll_d12_mPO3_ch02,,68.960300,846.368900,77.199300,5903.202400,accepted,0.866316,,0.863231,0.232230024,35.432814,0.123685,PO,0.724946,0.001745,0.005290,JB3:0.678922;JB5:0.677177;JB1:0.668472;JB2:0.616800;HO5:0.601085,gPO_sBM_cAll_d10_mPO0_ch01:0.585805;gPO_sBM_cAll_d11_mPO0_ch01:0.580515;gPO_sBM_cAll_d11_mPO0_ch02:0.579034;gPO_sBM_cAll_d10_mPO0_ch02:0.578124;gPO_sBM_cAll_d12_mPO5_ch02:0.567124;gPO_sBM_cAll_d12_mPO5_ch01:0.564442;gPO_sBM_cAll_d12_mPO4_ch02:0.563799;gPO_sBM_cAll_d12_mPO3_ch02:0.554625;gPO_sBM_cAll_d12_mPO3_ch01:0.553137;gPO_sBM_cAll_d10_mPO3_ch01:0.552921,Electronic---Techno:0.337149;Electronic---Electro:0.233748;Electronic---EBM:0.139820;Electronic---Ambient:0.123685;Electronic---Industrial:0.121862,WA:v0:k1:r1,,JB3,0.678922,gPO_sBM_cAll_d10_mPO0_ch01,0.585805,120.967742
9.560000,9.573415500,,hermite,ready,,,,,0,1.0,0,gWA_sBM_cAll_d26_mWA0_ch05,gPO_sBM_cAll_d12_mPO3_ch02,gPO_sBM_cAll_d12_mPO3_ch02,9.176000,gPO_sBM_cAll_d10_mPO0_ch01;gPO_sBM_cAll_d11_mPO0_ch01;gPO_sBM_cAll_d11_mPO0_ch02;gPO_sBM_cAll_d10_mPO0_ch02;gPO_sBM_cAll_d12_mPO3_ch02,,,,,,0.787505988,,0.000000,,,,,,,,,,0.000000,beat-sync,0.628723,0.826149,,-0.006464080,0.335341840,left_wrist_yaw,0.847118020,left_wrist_roll,0.335341840,left_wrist_yaw,1.549148947,left_wrist_roll,-0.199299,0.094712,1.007881,0.678076,0.000000000,0.000000000,0.000000000,0.000000000,0.000000000,0.000000000,9.240000,0.000000000,0.000000000,,6.528110,4.412921,203.844854,,0.007637314,0,1,0,5,gPO_sBM_cAll_d10_mPO0_ch01;gPO_sBM_cAll_d11_mPO0_ch01;gPO_sBM_cAll_d11_mPO0_ch02;gPO_sBM_cAll_d10_mPO0_ch02;gPO_sBM_cAll_d12_mPO3_ch02,,68.960300,846.368900,77.199300,5903.202400,accepted,0.866316,,0.863231,0.232230024,35.432814,0.123685,PO,0.724946,0.001745,0.005290,JB3:0.678922;JB5:0.677177;JB1:0.668472;JB2:0.616800;HO5:0.601085,gPO_sBM_cAll_d10_mPO0_ch01:0.585805;gPO_sBM_cAll_d11_mPO0_ch01:0.580515;gPO_sBM_cAll_d11_mPO0_ch02:0.579034;gPO_sBM_cAll_d10_mPO0_ch02:0.578124;gPO_sBM_cAll_d12_mPO5_ch02:0.567124;gPO_sBM_cAll_d12_mPO5_ch01:0.564442;gPO_sBM_cAll_d12_mPO4_ch02:0.563799;gPO_sBM_cAll_d12_mPO3_ch02:0.554625;gPO_sBM_cAll_d12_mPO3_ch01:0.553137;gPO_sBM_cAll_d10_mPO3_ch01:0.552921,Electronic---Techno:0.337149;Electronic---Electro:0.233748;Electronic---EBM:0.139820;Electronic---Ambient:0.123685;Electronic---Industrial:0.121862,WA:v0:k1:r1,,JB3,0.678922,gPO_sBM_cAll_d10_mPO0_ch01,0.585805,120.967742
9.624000,9.631023800,,hermite,ready,,,,,0,1.0,0,gWA_sBM_cAll_d26_mWA0_ch05,gPO_sBM_cAll_d12_mPO3_ch02,gPO_sBM_cAll_d12_mPO3_ch02,9.176000,gPO_sBM_cAll_d10_mPO0_ch01;gPO_sBM_cAll_d11_mPO0_ch01;gPO_sBM_cAll_d11_mPO0_ch02;gPO_sBM_cAll_d10_mPO0_ch02;gPO_sBM_cAll_d12_mPO3_ch02,,,,,,0.790671845,,0.000000,,,,,,,,,,0.000000,beat-sync,0.666713,0.826149,,-0.005120184,0.323234953,left_wrist_yaw,1.471582111,left_wrist_roll,0.323234953,left_wrist_yaw,2.099285173,left_wrist_roll,-0.219696,0.095775,1.008186,0.586447,0.000000000,0.000000000,0.000000000,0.000000000,0.000000000,0.000000000,9.240000,0.000000000,0.000000000,,6.319900,4.878795,96.235438,,0.007593058,0,1,0,5,gPO_sBM_cAll_d10_mPO0_ch01;gPO_sBM_cAll_d11_mPO0_ch01;gPO_sBM_cAll_d11_mPO0_ch02;gPO_sBM_cAll_d10_mPO0_ch02;gPO_sBM_cAll_d12_mPO3_ch02,,68.960300,846.368900,77.199300,5903.202400,accepted,0.866316,,0.863231,0.232230024,35.432814,0.123685,PO,0.724946,0.001745,0.005290,JB3:0.678922;JB5:0.677177;JB1:0.668472;JB2:0.616800;HO5:0.601085,gPO_sBM_cAll_d10_mPO0_ch01:0.585805;gPO_sBM_cAll_d11_mPO0_ch01:0.580515;gPO_sBM_cAll_d11_mPO0_ch02:0.579034;gPO_sBM_cAll_d10_mPO0_ch02:0.578124;gPO_sBM_cAll_d12_mPO5_ch02:0.567124;gPO_sBM_cAll_d12_mPO5_ch01:0.564442;gPO_sBM_cAll_d12_mPO4_ch02:0.563799;gPO_sBM_cAll_d12_mPO3_ch02:0.554625;gPO_sBM_cAll_d12_mPO3_ch01:0.553137;gPO_sBM_cAll_d10_mPO3_ch01:0.552921,Electronic---Techno:0.337149;Electronic---Electro:0.233748;Electronic---EBM:0.139820;Electronic---Ambient:0.123685;Electronic---Industrial:0.121862,WA:v0:k1:r1,,JB3,0.678922,gPO_sBM_cAll_d10_mPO0_ch01,0.585805,120.967742
9.656000,9.663677400,,hermite,ready,,,,,0,1.0,0,gWA_sBM_cAll_d26_mWA0_ch05,gPO_sBM_cAll_d12_mPO3_ch02,gPO_sBM_cAll_d12_mPO3_ch02,9.176000,gPO_sBM_cAll_d10_mPO0_ch01;gPO_sBM_cAll_d11_mPO0_ch01;gPO_sBM_cAll_d11_mPO0_ch02;gPO_sBM_cAll_d10_mPO0_ch02;gPO_sBM_cAll_d12_mPO3_ch02,,,,,,0.792539869,,0.000000,,,,,,,,,,0.000000,beat-sync,0.685938,0.826149,,-0.004487074,0.259072025,left_wrist_yaw,1.768761895,left_wrist_yaw,0.259072025,left_wrist_yaw,4.035726112,left_wrist_yaw,-0.229406,0.094846,1.009427,0.541012,0.000000000,0.000000000,0.000000000,0.000000000,0.000000000,0.000000000,9.240000,0.000000000,0.000000000,,9.186049,6.889584,444.042833,,0.007567998,0,1,0,5,gPO_sBM_cAll_d10_mPO0_ch01;gPO_sBM_cAll_d11_mPO0_ch01;gPO_sBM_cAll_d11_mPO0_ch02;gPO_sBM_cAll_d10_mPO0_ch02;gPO_sBM_cAll_d12_mPO3_ch02,,68.960300,846.368900,77.199300,5903.202400,accepted,0.866316,,0.863231,0.232230024,35.432814,0.123685,PO,0.724946,0.001745,0.005290,JB3:0.678922;JB5:0.677177;JB1:0.668472;JB2:0.616800;HO5:0.601085,gPO_sBM_cAll_d10_mPO0_ch01:0.585805;gPO_sBM_cAll_d11_mPO0_ch01:0.580515;gPO_sBM_cAll_d11_mPO0_ch02:0.579034;gPO_sBM_cAll_d10_mPO0_ch02:0.578124;gPO_sBM_cAll_d12_mPO5_ch02:0.567124;gPO_sBM_cAll_d12_mPO5_ch01:0.564442;gPO_sBM_cAll_d12_mPO4_ch02:0.563799;gPO_sBM_cAll_d12_mPO3_ch02:0.554625;gPO_sBM_cAll_d12_mPO3_ch01:0.553137;gPO_sBM_cAll_d10_mPO3_ch01:0.552921,Electronic---Techno:0.337149;Electronic---Electro:0.233748;Electronic---EBM:0.139820;Electronic---Ambient:0.123685;Electronic---Industrial:0.121862,WA:v0:k1:r1,,JB3,0.678922,gPO_sBM_cAll_d10_mPO0_ch01,0.585805,120.967742
9.720000,9.739320700,,hermite,ready,,,,,0,1.0,0,gWA_sBM_cAll_d26_mWA0_ch05,gPO_sBM_cAll_d12_mPO3_ch02,gPO_sBM_cAll_d12_mPO3_ch02,9.176000,gPO_sBM_cAll_d10_mPO0_ch01;gPO_sBM_cAll_d11_mPO0_ch01;gPO_sBM_cAll_d11_mPO0_ch02;gPO_sBM_cAll_d10_mPO0_ch02;gPO_sBM_cAll_d12_mPO3_ch02,,,,,,0.796974117,,0.000000,,,,,,,,,,0.000000,beat-sync,0.719460,0.826149,,-0.003319076,0.154795813,right_wrist_yaw,1.149529604,left_wrist_yaw,0.154795813,right_wrist_yaw,1.419193375,left_wrist_yaw,-0.244341,0.090593,1.013773,0.462320,0.000000000,0.000000000,0.000000000,0.000000000,0.000000000,0.000000000,9.240000,0.000000000,0.000000000,,5.823031,4.778302,46.872274,,0.007512214,0,1,0,5,gPO_sBM_cAll_d10_mPO0_ch01;gPO_sBM_cAll_d11_mPO0_ch01;gPO_sBM_cAll_d11_mPO0_ch02;gPO_sBM_cAll_d10_mPO0_ch02;gPO_sBM_cAll_d12_mPO3_ch02,,68.960300,846.368900,77.199300,5903.202400,accepted,0.866316,,0.863231,0.232230024,35.432814,0.123685,PO,0.724946,0.001745,0.005290,JB3:0.678922;JB5:0.677177;JB1:0.668472;JB2:0.616800;HO5:0.601085,gPO_sBM_cAll_d10_mPO0_ch01:0.585805;gPO_sBM_cAll_d11_mPO0_ch01:0.580515;gPO_sBM_cAll_d11_mPO0_ch02:0.579034;gPO_sBM_cAll_d10_mPO0_ch02:0.578124;gPO_sBM_cAll_d12_mPO5_ch02:0.567124;gPO_sBM_cAll_d12_mPO5_ch01:0.564442;gPO_sBM_cAll_d12_mPO4_ch02:0.563799;gPO_sBM_cAll_d12_mPO3_ch02:0.554625;gPO_sBM_cAll_d12_mPO3_ch01:0.553137;gPO_sBM_cAll_d10_mPO3_ch01:0.552921,Electronic---Techno:0.337149;Electronic---Electro:0.233748;Electronic---EBM:0.139820;Electronic---Ambient:0.123685;Electronic---Industrial:0.121862,WA:v0:k1:r1,,JB3,0.678922,gPO_sBM_cAll_d10_mPO0_ch01,0.585805,120.967742
9.752000,9.772954000,,hermite,ready,,,,,0,1.0,0,gWA_sBM_cAll_d26_mWA0_ch05,gPO_sBM_cAll_d12_mPO3_ch02,gPO_sBM_cAll_d12_mPO3_ch02,9.176000,gPO_sBM_cAll_d10_mPO0_ch01;gPO_sBM_cAll_d11_mPO0_ch01;gPO_sBM_cAll_d11_mPO0_ch02;gPO_sBM_cAll_d10_mPO0_ch02;gPO_sBM_cAll_d12_mPO3_ch02,,,,,,0.798991492,,0.000000,,,,,,,,,,0.000000,beat-sync,0.731849,0.826149,,-0.002905891,0.152418092,right_wrist_yaw,1.324179711,left_wrist_yaw,0.152418092,right_wrist_yaw,1.566980152,left_wrist_yaw,-0.248844,0.086677,1.012914,0.429984,0.000000000,0.000000000,0.000000000,0.000000000,0.000000000,0.000000000,9.240000,0.000000000,0.000000000,,6.090379,4.792877,39.953518,,0.007487685,0,1,0,5,gPO_sBM_cAll_d10_mPO0_ch01;gPO_sBM_cAll_d11_mPO0_ch01;gPO_sBM_cAll_d11_mPO0_ch02;gPO_sBM_cAll_d10_mPO0_ch02;gPO_sBM_cAll_d12_mPO3_ch02,,68.960300,846.368900,77.199300,5903.202400,accepted,0.866316,,0.863231,0.232230024,35.432814,0.123685,PO,0.724946,0.001745,0.005290,JB3:0.678922;JB5:0.677177;JB1:0.668472;JB2:0.616800;HO5:0.601085,gPO_sBM_cAll_d10_mPO0_ch01:0.585805;gPO_sBM_cAll_d11_mPO0_ch01:0.580515;gPO_sBM_cAll_d11_mPO0_ch02:0.579034;gPO_sBM_cAll_d10_mPO0_ch02:0.578124;gPO_sBM_cAll_d12_mPO5_ch02:0.567124;gPO_sBM_cAll_d12_mPO5_ch01:0.564442;gPO_sBM_cAll_d12_mPO4_ch02:0.563799;gPO_sBM_cAll_d12_mPO3_ch02:0.554625;gPO_sBM_cAll_d12_mPO3_ch01:0.553137;gPO_sBM_cAll_d10_mPO3_ch01:0.552921,Electronic---Techno:0.337149;Electronic---Electro:0.233748;Electronic---EBM:0.139820;Electronic---Ambient:0.123685;Electronic---Industrial:0.121862,WA:v0:k1:r1,,JB3,0.678922,gPO_sBM_cAll_d10_mPO0_ch01,0.585805,120.967742
9.816000,9.839917900,,hermite,ready,,,,,0,1.0,0,gWA_sBM_cAll_d26_mWA0_ch05,gPO_sBM_cAll_d12_mPO3_ch02,gPO_sBM_cAll_d12_mPO3_ch02,9.176000,gPO_sBM_cAll_d10_mPO0_ch01;gPO_sBM_cAll_d11_mPO0_ch01;gPO_sBM_cAll_d11_mPO0_ch02;gPO_sBM_cAll_d10_mPO0_ch02;gPO_sBM_cAll_d12_mPO3_ch02,,,,,,0.803153124,,0.000000,,,,,,,,,,0.000000,beat-sync,0.752613,0.826149,,-0.002222496,0.143805864,right_wrist_yaw,0.265702803,right_wrist_yaw,0.143805864,right_wrist_yaw,0.286730469,right_wrist_yaw,-0.254480,0.081791,1.004961,0.334905,0.000000000,0.000000000,0.000000000,0.000000000,0.000000000,0.000000000,9.240000,0.000000000,0.000000000,,3.550889,2.865544,57.492362,,0.007439103,0,1,0,5,gPO_sBM_cAll_d10_mPO0_ch01;gPO_sBM_cAll_d11_mPO0_ch01;gPO_sBM_cAll_d11_mPO0_ch02;gPO_sBM_cAll_d10_mPO0_ch02;gPO_sBM_cAll_d12_mPO3_ch02,,68.960300,846.368900,77.199300,5903.202400,accepted,0.866316,,0.863231,0.232230024,35.432814,0.123685,PO,0.724946,0.001745,0.005290,JB3:0.678922;JB5:0.677177;JB1:0.668472;JB2:0.616800;HO5:0.601085,gPO_sBM_cAll_d10_mPO0_ch01:0.585805;gPO_sBM_cAll_d11_mPO0_ch01:0.580515;gPO_sBM_cAll_d11_mPO0_ch02:0.579034;gPO_sBM_cAll_d10_mPO0_ch02:0.578124;gPO_sBM_cAll_d12_mPO5_ch02:0.567124;gPO_sBM_cAll_d12_mPO5_ch01:0.564442;gPO_sBM_cAll_d12_mPO4_ch02:0.563799;gPO_sBM_cAll_d12_mPO3_ch02:0.554625;gPO_sBM_cAll_d12_mPO3_ch01:0.553137;gPO_sBM_cAll_d10_mPO3_ch01:0.552921,Electronic---Techno:0.337149;Electronic---Electro:0.233748;Electronic---EBM:0.139820;Electronic---Ambient:0.123685;Electronic---Industrial:0.121862,WA:v0:k1:r1,,JB3,0.678922,gPO_sBM_cAll_d10_mPO0_ch01,0.585805,120.967742
9.880000,9.897983800,,hermite,ready,,,,,0,1.0,0,gWA_sBM_cAll_d26_mWA0_ch05,gPO_sBM_cAll_d12_mPO3_ch02,gPO_sBM_cAll_d12_mPO3_ch02,9.176000,gPO_sBM_cAll_d10_mPO0_ch01;gPO_sBM_cAll_d11_mPO0_ch01;gPO_sBM_cAll_d11_mPO0_ch02;gPO_sBM_cAll_d10_mPO0_ch02;gPO_sBM_cAll_d12_mPO3_ch02,,,,,,0.806855036,,0.000000,,,,,,,,,,0.000000,beat-sync,0.767187,0.826149,,-0.001760373,0.179573910,right_wrist_yaw,1.010587094,right_wrist_yaw,0.179573910,right_wrist_yaw,1.309159173,right_wrist_yaw,-0.262790,0.077657,0.991868,0.284188,0.000000000,0.000000000,0.000000000,0.000000000,0.000000000,0.000000000,9.240000,0.000000000,0.000000000,,4.632827,3.719909,45.372621,,0.007397108,0,1,0,5,gPO_sBM_cAll_d10_mPO0_ch01;gPO_sBM_cAll_d11_mPO0_ch01;gPO_sBM_cAll_d11_mPO0_ch02;gPO_sBM_cAll_d10_mPO0_ch02;gPO_sBM_cAll_d12_mPO3_ch02,,68.960300,846.368900,77.199300,5903.202400,accepted,0.866316,,0.863231,0.232230024,35.432814,0.123685,PO,0.724946,0.001745,0.005290,JB3:0.678922;JB5:0.677177;JB1:0.668472;JB2:0.616800;HO5:0.601085,gPO_sBM_cAll_d10_mPO0_ch01:0.585805;gPO_sBM_cAll_d11_mPO0_ch01:0.580515;gPO_sBM_cAll_d11_mPO0_ch02:0.579034;gPO_sBM_cAll_d10_mPO0_ch02:0.578124;gPO_sBM_cAll_d12_mPO5_ch02:0.567124;gPO_sBM_cAll_d12_mPO5_ch01:0.564442;gPO_sBM_cAll_d12_mPO4_ch02:0.563799;gPO_sBM_cAll_d12_mPO3_ch02:0.554625;gPO_sBM_cAll_d12_mPO3_ch01:0.553137;gPO_sBM_cAll_d10_mPO3_ch01:0.552921,Electronic---Techno:0.337149;Electronic---Electro:0.233748;Electronic---EBM:0.139820;Electronic---Ambient:0.123685;Electronic---Industrial:0.121862,WA:v0:k1:r1,,JB3,0.678922,gPO_sBM_cAll_d10_mPO0_ch01,0.585805,120.967742
9.912000,9.932418000,,hermite,ready,,,,,0,1.0,0,gWA_sBM_cAll_d26_mWA0_ch05,gPO_sBM_cAll_d12_mPO3_ch02,gPO_sBM_cAll_d12_mPO3_ch02,9.176000,gPO_sBM_cAll_d10_mPO0_ch01;gPO_sBM_cAll_d11_mPO0_ch01;gPO_sBM_cAll_d11_mPO0_ch02;gPO_sBM_cAll_d10_mPO0_ch02;gPO_sBM_cAll_d12_mPO3_ch02,,,,,,0.809062896,,0.000000,,,,,,,,,,0.000000,beat-sync,0.774132,0.826149,,-0.001534760,0.225307161,right_wrist_yaw,1.821472308,right_wrist_yaw,0.225307161,right_wrist_yaw,2.003449646,right_wrist_yaw,-0.272284,0.074787,0.985302,0.264440,0.000000000,0.000000000,0.000000000,0.000000000,0.000000000,0.000000000,9.240000,0.000000000,0.000000000,,7.471346,6.406065,132.372667,,0.007373323,0,1,0,5,gPO_sBM_cAll_d10_mPO0_ch01;gPO_sBM_cAll_d11_mPO0_ch01;gPO_sBM_cAll_d11_mPO0_ch02;gPO_sBM_cAll_d10_mPO0_ch02;gPO_sBM_cAll_d12_mPO3_ch02,,68.960300,846.368900,77.199300,5903.202400,accepted,0.866316,,0.863231,0.232230024,35.432814,0.123685,PO,0.724946,0.001745,0.005290,JB3:0.678922;JB5:0.677177;JB1:0.668472;JB2:0.616800;HO5:0.601085,gPO_sBM_cAll_d10_mPO0_ch01:0.585805;gPO_sBM_cAll_d11_mPO0_ch01:0.580515;gPO_sBM_cAll_d11_mPO0_ch02:0.579034;gPO_sBM_cAll_d10_mPO0_ch02:0.578124;gPO_sBM_cAll_d12_mPO5_ch02:0.567124;gPO_sBM_cAll_d12_mPO5_ch01:0.564442;gPO_sBM_cAll_d12_mPO4_ch02:0.563799;gPO_sBM_cAll_d12_mPO3_ch02:0.554625;gPO_sBM_cAll_d12_mPO3_ch01:0.553137;gPO_sBM_cAll_d10_mPO3_ch01:0.552921,Electronic---Techno:0.337149;Electronic---Electro:0.233748;Electronic---EBM:0.139820;Electronic---Ambient:0.123685;Electronic---Industrial:0.121862,WA:v0:k1:r1,,JB3,0.678922,gPO_sBM_cAll_d10_mPO0_ch01,0.585805,120.967742
9.976000,9.990002800,,hermite,ready,,,,,0,1.0,0,gWA_sBM_cAll_d26_mWA0_ch05,gPO_sBM_cAll_d12_mPO3_ch02,gPO_sBM_cAll_d12_mPO3_ch02,9.176000,gPO_sBM_cAll_d10_mPO0_ch01;gPO_sBM_cAll_d11_mPO0_ch01;gPO_sBM_cAll_d11_mPO0_ch02;gPO_sBM_cAll_d10_mPO0_ch02;gPO_sBM_cAll_d12_mPO3_ch02,,,,,,0.812845732,,0.000000,,,,,,,,,,0.000000,beat-sync,0.784590,0.826149,,-0.001216510,0.309705406,right_wrist_yaw,1.077006520,right_wrist_yaw,0.309705406,right_wrist_yaw,1.685931123,right_wrist_yaw,-0.286983,0.074225,0.970502,0.226402,0.000000000,0.000000000,0.000000000,0.000000000,0.000000000,0.000000000,9.240000,0.000000000,0.000000000,,6.566372,5.095564,103.103008,,0.007332065,0,1,0,5,gPO_sBM_cAll_d10_mPO0_ch01;gPO_sBM_cAll_d11_mPO0_ch01;gPO_sBM_cAll_d11_mPO0_ch02;gPO_sBM_cAll_d10_mPO0_ch02;gPO_sBM_cAll_d12_mPO3_ch02,,68.960300,846.368900,77.199300,5903.202400,accepted,0.866316,,0.863231,0.232230024,35.432814,0.123685,PO,0.724946,0.001745,0.005290,JB3:0.678922;JB5:0.677177;JB1:0.668472;JB2:0.616800;HO5:0.601085,gPO_sBM_cAll_d10_mPO0_ch01:0.585805;gPO_sBM_cAll_d11_mPO0_ch01:0.580515;gPO_sBM_cAll_d11_mPO0_ch02:0.579034;gPO_sBM_cAll_d10_mPO0_ch02:0.578124;gPO_sBM_cAll_d12_mPO5_ch02:0.567124;gPO_sBM_cAll_d12_mPO5_ch01:0.564442;gPO_sBM_cAll_d12_mPO4_ch02:0.563799;gPO_sBM_cAll_d12_mPO3_ch02:0.554625;gPO_sBM_cAll_d12_mPO3_ch01:0.553137;gPO_sBM_cAll_d10_mPO3_ch01:0.552921,Electronic---Techno:0.337149;Electronic---Electro:0.233748;Electronic---EBM:0.139820;Electronic---Ambient:0.123685;Electronic---Industrial:0.121862,WA:v0:k1:r1,,JB3,0.678922,gPO_sBM_cAll_d10_mPO0_ch01,0.585805,120.967742
10.008000,10.022710400,,hermite,ready,,,,,0,1.0,0,gWA_sBM_cAll_d26_mWA0_ch05,gPO_sBM_cAll_d12_mPO3_ch02,gPO_sBM_cAll_d12_mPO3_ch02,9.176000,gPO_sBM_cAll_d10_mPO0_ch01;gPO_sBM_cAll_d11_mPO0_ch01;gPO_sBM_cAll_d11_mPO0_ch02;gPO_sBM_cAll_d10_mPO0_ch02;gPO_sBM_cAll_d12_mPO3_ch02,,,,,,0.814966990,,0.000000,,,,,,,,,,0.000000,beat-sync,0.789258,0.826149,,-0.001069160,0.336784353,right_wrist_yaw,1.524825569,left_wrist_yaw,0.336784353,right_wrist_yaw,1.682762970,left_wrist_yaw,-0.292954,0.077890,0.964050,0.192821,0.000000000,0.000000000,0.000000000,0.000000000,0.000000000,0.000000000,9.240000,0.000000000,0.000000000,,5.276067,4.585392,38.516633,,0.007308696,0,1,0,5,gPO_sBM_cAll_d10_mPO0_ch01;gPO_sBM_cAll_d11_mPO0_ch01;gPO_sBM_cAll_d11_mPO0_ch02;gPO_sBM_cAll_d10_mPO0_ch02;gPO_sBM_cAll_d12_mPO3_ch02,,68.960300,846.368900,77.199300,5903.202400,accepted,0.866316,,0.863231,0.232230024,35.432814,0.123685,PO,0.724946,0.001745,0.005290,JB3:0.678922;JB5:0.677177;JB1:0.668472;JB2:0.616800;HO5:0.601085,gPO_sBM_cAll_d10_mPO0_ch01:0.585805;gPO_sBM_cAll_d11_mPO0_ch01:0.580515;gPO_sBM_cAll_d11_mPO0_ch02:0.579034;gPO_sBM_cAll_d10_mPO0_ch02:0.578124;gPO_sBM_cAll_d12_mPO5_ch02:0.567124;gPO_sBM_cAll_d12_mPO5_ch01:0.564442;gPO_sBM_cAll_d12_mPO4_ch02:0.563799;gPO_sBM_cAll_d12_mPO3_ch02:0.554625;gPO_sBM_cAll_d12_mPO3_ch01:0.553137;gPO_sBM_cAll_d10_mPO3_ch01:0.552921,Electronic---Techno:0.337149;Electronic---Electro:0.233748;Electronic---EBM:0.139820;Electronic---Ambient:0.123685;Electronic---Industrial:0.121862,WA:v0:k1:r1,,JB3,0.678922,gPO_sBM_cAll_d10_mPO0_ch01,0.585805,120.967742
10.072000,10.089585900,,hermite,ready,,,,,0,1.0,0,gWA_sBM_cAll_d26_mWA0_ch05,gPO_sBM_cAll_d12_mPO3_ch02,gPO_sBM_cAll_d12_mPO3_ch02,9.176000,gPO_sBM_cAll_d10_mPO0_ch01;gPO_sBM_cAll_d11_mPO0_ch01;gPO_sBM_cAll_d11_mPO0_ch02;gPO_sBM_cAll_d10_mPO0_ch02;gPO_sBM_cAll_d12_mPO3_ch02,,,,,,0.819390641,,0.000000,,,,,,,,,,0.000000,beat-sync,0.797473,0.826149,,-0.000818592,0.302267786,right_wrist_yaw,1.014844952,right_wrist_yaw,0.302267786,right_wrist_yaw,1.414907107,right_wrist_yaw,-0.298567,0.096147,0.958811,0.100959,0.000000000,0.000000000,0.000000000,0.000000000,0.000000000,0.000000000,9.240000,0.000000000,0.000000000,,5.385226,4.265462,99.282131,,0.007262402,0,1,0,5,gPO_sBM_cAll_d10_mPO0_ch01;gPO_sBM_cAll_d11_mPO0_ch01;gPO_sBM_cAll_d11_mPO0_ch02;gPO_sBM_cAll_d10_mPO0_ch02;gPO_sBM_cAll_d12_mPO3_ch02,,68.960300,846.368900,77.199300,5903.202400,accepted,0.866316,,0.863231,0.232230024,35.432814,0.123685,PO,0.724946,0.001745,0.005290,JB3:0.678922;JB5:0.677177;JB1:0.668472;JB2:0.616800;HO5:0.601085,gPO_sBM_cAll_d10_mPO0_ch01:0.585805;gPO_sBM_cAll_d11_mPO0_ch01:0.580515;gPO_sBM_cAll_d11_mPO0_ch02:0.579034;gPO_sBM_cAll_d10_mPO0_ch02:0.578124;gPO_sBM_cAll_d12_mPO5_ch02:0.567124;gPO_sBM_cAll_d12_mPO5_ch01:0.564442;gPO_sBM_cAll_d12_mPO4_ch02:0.563799;gPO_sBM_cAll_d12_mPO3_ch02:0.554625;gPO_sBM_cAll_d12_mPO3_ch01:0.553137;gPO_sBM_cAll_d10_mPO3_ch01:0.552921,Electronic---Techno:0.337149;Electronic---Electro:0.233748;Electronic---EBM:0.139820;Electronic---Ambient:0.123685;Electronic---Industrial:0.121862,WA:v0:k1:r1,,JB3,0.678922,gPO_sBM_cAll_d10_mPO0_ch01,0.585805,120.967742
10.104000,10.133673100,,hermite,ready,,,,,0,1.0,0,gWA_sBM_cAll_d26_mWA0_ch05,gPO_sBM_cAll_d12_mPO3_ch02,gPO_sBM_cAll_d12_mPO3_ch02,9.176000,gPO_sBM_cAll_d10_mPO0_ch01;gPO_sBM_cAll_d11_mPO0_ch01;gPO_sBM_cAll_d11_mPO0_ch02;gPO_sBM_cAll_d10_mPO0_ch02;gPO_sBM_cAll_d12_mPO3_ch02,,,,,,0.822315555,,0.000000,,,,,,,,,,0.000000,beat-sync,0.801142,0.826149,,-0.000687007,0.252340398,right_wrist_yaw,2.790006085,right_wrist_yaw,0.252340398,right_wrist_yaw,1.798940810,right_wrist_yaw,-0.295968,0.109047,0.960491,0.041137,0.000000000,0.000000000,0.000000000,0.000000000,0.000000000,0.000000000,9.240000,0.000000000,0.000000000,,5.346510,4.841471,189.943643,,0.007239474,0,1,0,5,gPO_sBM_cAll_d10_mPO0_ch01;gPO_sBM_cAll_d11_mPO0_ch01;gPO_sBM_cAll_d11_mPO0_ch02;gPO_sBM_cAll_d10_mPO0_ch02;gPO_sBM_cAll_d12_mPO3_ch02,,68.960300,846.368900,77.199300,5903.202400,accepted,0.866316,,0.863231,0.232230024,35.432814,0.123685,PO,0.724946,0.001745,0.005290,JB3:0.678922;JB5:0.677177;JB1:0.668472;JB2:0.616800;HO5:0.601085,gPO_sBM_cAll_d10_mPO0_ch01:0.585805;gPO_sBM_cAll_d11_mPO0_ch01:0.580515;gPO_sBM_cAll_d11_mPO0_ch02:0.579034;gPO_sBM_cAll_d10_mPO0_ch02:0.578124;gPO_sBM_cAll_d12_mPO5_ch02:0.567124;gPO_sBM_cAll_d12_mPO5_ch01:0.564442;gPO_sBM_cAll_d12_mPO4_ch02:0.563799;gPO_sBM_cAll_d12_mPO3_ch02:0.554625;gPO_sBM_cAll_d12_mPO3_ch01:0.553137;gPO_sBM_cAll_d10_mPO3_ch01:0.552921,Electronic---Techno:0.337149;Electronic---Electro:0.233748;Electronic---EBM:0.139820;Electronic---Ambient:0.123685;Electronic---Industrial:0.121862,WA:v0:k1:r1,,JB3,0.678922,gPO_sBM_cAll_d10_mPO0_ch01,0.585805,120.967742
10.168000,10.181805900,,hermite,ready,,,,,0,1.0,0,gWA_sBM_cAll_d26_mWA0_ch05,gPO_sBM_cAll_d12_mPO3_ch02,gPO_sBM_cAll_d12_mPO3_ch02,9.176000,gPO_sBM_cAll_d10_mPO0_ch01;gPO_sBM_cAll_d11_mPO0_ch01;gPO_sBM_cAll_d11_mPO0_ch02;gPO_sBM_cAll_d10_mPO0_ch02;gPO_sBM_cAll_d12_mPO3_ch02,,,,,,0.825544569,,0.000000,,,,,,,,,,0.000000,beat-sync,0.806014,0.826149,,-0.000566743,0.264996483,left_wrist_yaw,0.691490505,right_wrist_yaw,0.264996483,left_wrist_yaw,1.117051308,right_wrist_yaw,-0.290582,0.120347,0.964324,-0.030359,0.000000000,0.000000000,0.000000000,0.000000000,0.000000000,0.000000000,9.240000,0.000000000,0.000000000,,4.025174,2.994083,57.179682,,0.007205353,0,1,0,5,gPO_sBM_cAll_d10_mPO0_ch01;gPO_sBM_cAll_d11_mPO0_ch01;gPO_sBM_cAll_d11_mPO0_ch02;gPO_sBM_cAll_d10_mPO0_ch02;gPO_sBM_cAll_d12_mPO3_ch02,,68.960300,846.368900,77.199300,5903.202400,accepted,0.866316,,0.863231,0.232230024,35.432814,0.123685,PO,0.724946,0.001745,0.005290,JB3:0.678922;JB5:0.677177;JB1:0.668472;JB2:0.616800;HO5:0.601085,gPO_sBM_cAll_d10_mPO0_ch01:0.585805;gPO_sBM_cAll_d11_mPO0_ch01:0.580515;gPO_sBM_cAll_d11_mPO0_ch02:0.579034;gPO_sBM_cAll_d10_mPO0_ch02:0.578124;gPO_sBM_cAll_d12_mPO5_ch02:0.567124;gPO_sBM_cAll_d12_mPO5_ch01:0.564442;gPO_sBM_cAll_d12_mPO4_ch02:0.563799;gPO_sBM_cAll_d12_mPO3_ch02:0.554625;gPO_sBM_cAll_d12_mPO3_ch01:0.553137;gPO_sBM_cAll_d10_mPO3_ch01:0.552921,Electronic---Techno:0.337149;Electronic---Electro:0.233748;Electronic---EBM:0.139820;Electronic---Ambient:0.123685;Electronic---Industrial:0.121862,WA:v0:k1:r1,,JB3,0.678922,gPO_sBM_cAll_d10_mPO0_ch01,0.585805,120.967742
10.200000,10.214704700,,hermite,ready,,,,,0,1.0,0,gWA_sBM_cAll_d26_mWA0_ch05,gPO_sBM_cAll_d12_mPO3_ch02,gPO_sBM_cAll_d12_mPO3_ch02,9.176000,gPO_sBM_cAll_d10_mPO0_ch01;gPO_sBM_cAll_d11_mPO0_ch01;gPO_sBM_cAll_d11_mPO0_ch02;gPO_sBM_cAll_d10_mPO0_ch02;gPO_sBM_cAll_d12_mPO3_ch02,,,,,,0.827791514,,0.000000,,,,,,,,,,0.000000,beat-sync,0.808327,0.826149,,-0.000495971,0.279196172,left_wrist_yaw,0.666244817,right_wrist_yaw,0.279196172,left_wrist_yaw,0.639363421,right_wrist_yaw,-0.287872,0.125766,0.966955,-0.045790,0.000000000,0.000000000,0.000000000,0.000000000,0.000000000,0.000000000,9.240000,0.000000000,0.000000000,,3.686344,3.506337,104.011677,,0.007182783,0,1,0,5,gPO_sBM_cAll_d10_mPO0_ch01;gPO_sBM_cAll_d11_mPO0_ch01;gPO_sBM_cAll_d11_mPO0_ch02;gPO_sBM_cAll_d10_mPO0_ch02;gPO_sBM_cAll_d12_mPO3_ch02,,68.960300,846.368900,77.199300,5903.202400,accepted,0.866316,,0.863231,0.232230024,35.432814,0.123685,PO,0.724946,0.001745,0.005290,JB3:0.678922;JB5:0.677177;JB1:0.668472;JB2:0.616800;HO5:0.601085,gPO_sBM_cAll_d10_mPO0_ch01:0.585805;gPO_sBM_cAll_d11_mPO0_ch01:0.580515;gPO_sBM_cAll_d11_mPO0_ch02:0.579034;gPO_sBM_cAll_d10_mPO0_ch02:0.578124;gPO_sBM_cAll_d12_mPO5_ch02:0.567124;gPO_sBM_cAll_d12_mPO5_ch01:0.564442;gPO_sBM_cAll_d12_mPO4_ch02:0.563799;gPO_sBM_cAll_d12_mPO3_ch02:0.554625;gPO_sBM_cAll_d12_mPO3_ch01:0.553137;gPO_sBM_cAll_d10_mPO3_ch01:0.552921,Electronic---Techno:0.337149;Electronic---Electro:0.233748;Electronic---EBM:0.139820;Electronic---Ambient:0.123685;Electronic---Industrial:0.121862,WA:v0:k1:r1,,JB3,0.678922,gPO_sBM_cAll_d10_mPO0_ch01,0.585805,120.967742
10.200000,10.224443200,,hermite,ready,,,,,0,1.0,0,gWA_sBM_cAll_d26_mWA0_ch05,gPO_sBM_cAll_d12_mPO3_ch02,gPO_sBM_cAll_d12_mPO3_ch02,9.176000,gPO_sBM_cAll_d10_mPO0_ch01;gPO_sBM_cAll_d11_mPO0_ch01;gPO_sBM_cAll_d11_mPO0_ch02;gPO_sBM_cAll_d10_mPO0_ch02;gPO_sBM_cAll_d12_mPO3_ch02,,,,,,0.828402955,,0.000000,,,,,,,,,,0.000000,beat-sync,0.808891,0.826149,,-0.000478322,0.285095371,left_wrist_yaw,0.707903989,left_wrist_yaw,0.285095371,left_wrist_yaw,0.695102973,left_wrist_yaw,-0.287150,0.126721,0.967810,-0.046566,0.000000000,0.000000000,0.000000000,0.000000000,0.000000000,0.000000000,9.240000,0.000000000,0.000000000,,4.440727,3.591172,26.348725,,0.007177163,0,1,0,5,gPO_sBM_cAll_d10_mPO0_ch01;gPO_sBM_cAll_d11_mPO0_ch01;gPO_sBM_cAll_d11_mPO0_ch02;gPO_sBM_cAll_d10_mPO0_ch02;gPO_sBM_cAll_d12_mPO3_ch02,,68.960300,846.368900,77.199300,5903.202400,accepted,0.866316,,0.863231,0.232230024,35.432814,0.123685,PO,0.724946,0.001745,0.005290,JB3:0.678922;JB5:0.677177;JB1:0.668472;JB2:0.616800;HO5:0.601085,gPO_sBM_cAll_d10_mPO0_ch01:0.585805;gPO_sBM_cAll_d11_mPO0_ch01:0.580515;gPO_sBM_cAll_d11_mPO0_ch02:0.579034;gPO_sBM_cAll_d10_mPO0_ch02:0.578124;gPO_sBM_cAll_d12_mPO5_ch02:0.567124;gPO_sBM_cAll_d12_mPO5_ch01:0.564442;gPO_sBM_cAll_d12_mPO4_ch02:0.563799;gPO_sBM_cAll_d12_mPO3_ch02:0.554625;gPO_sBM_cAll_d12_mPO3_ch01:0.553137;gPO_sBM_cAll_d10_mPO3_ch01:0.552921,Electronic---Techno:0.337149;Electronic---Electro:0.233748;Electronic---EBM:0.139820;Electronic---Ambient:0.123685;Electronic---Industrial:0.121862,WA:v0:k1:r1,,JB3,0.678922,gPO_sBM_cAll_d10_mPO0_ch01,0.585805,120.967742
10.200000,10.231390800,,hermite,ready,,,,,0,1.0,0,gWA_sBM_cAll_d26_mWA0_ch05,gPO_sBM_cAll_d12_mPO3_ch02,gPO_sBM_cAll_d12_mPO3_ch02,9.176000,gPO_sBM_cAll_d10_mPO0_ch01;gPO_sBM_cAll_d11_mPO0_ch01;gPO_sBM_cAll_d11_mPO0_ch02;gPO_sBM_cAll_d10_mPO0_ch02;gPO_sBM_cAll_d12_mPO3_ch02,,,,,,0.828914590,,0.000000,,,,,,,,,,0.000000,beat-sync,0.809450,0.826149,,-0.000464047,0.289839845,left_wrist_yaw,0.569336830,left_wrist_yaw,0.289839845,left_wrist_yaw,0.904846775,left_wrist_yaw,-0.286546,0.127521,0.968525,-0.047216,0.000000000,0.000000000,0.000000000,0.000000000,0.000000000,0.000000000,9.240000,0.000000000,0.000000000,,6.220208,4.860371,189.139104,,0.007171551,0,1,0,5,gPO_sBM_cAll_d10_mPO0_ch01;gPO_sBM_cAll_d11_mPO0_ch01;gPO_sBM_cAll_d11_mPO0_ch02;gPO_sBM_cAll_d10_mPO0_ch02;gPO_sBM_cAll_d12_mPO3_ch02,,68.960300,846.368900,77.199300,5903.202400,accepted,0.866316,,0.863231,0.232230024,35.432814,0.123685,PO,0.724946,0.001745,0.005290,JB3:0.678922;JB5:0.677177;JB1:0.668472;JB2:0.616800;HO5:0.601085,gPO_sBM_cAll_d10_mPO0_ch01:0.585805;gPO_sBM_cAll_d11_mPO0_ch01:0.580515;gPO_sBM_cAll_d11_mPO0_ch02:0.579034;gPO_sBM_cAll_d10_mPO0_ch02:0.578124;gPO_sBM_cAll_d12_mPO5_ch02:0.567124;gPO_sBM_cAll_d12_mPO5_ch01:0.564442;gPO_sBM_cAll_d12_mPO4_ch02:0.563799;gPO_sBM_cAll_d12_mPO3_ch02:0.554625;gPO_sBM_cAll_d12_mPO3_ch01:0.553137;gPO_sBM_cAll_d10_mPO3_ch01:0.552921,Electronic---Techno:0.337149;Electronic---Electro:0.233748;Electronic---EBM:0.139820;Electronic---Ambient:0.123685;Electronic---Industrial:0.121862,WA:v0:k1:r1,,JB3,0.678922,gPO_sBM_cAll_d10_mPO0_ch01,0.585805,120.967742
10.200000,10.240854200,,hermite,ready,,,,,0,1.0,0,gWA_sBM_cAll_d26_mWA0_ch05,gPO_sBM_cAll_d12_mPO3_ch02,gPO_sBM_cAll_d12_mPO3_ch02,9.176000,gPO_sBM_cAll_d10_mPO0_ch01;gPO_sBM_cAll_d11_mPO0_ch01;gPO_sBM_cAll_d11_mPO0_ch02;gPO_sBM_cAll_d10_mPO0_ch02;gPO_sBM_cAll_d12_mPO3_ch02,,,,,,0.829534417,,0.000000,,,,,,,,,,0.000000,beat-sync,0.809952,0.826149,,-0.000447334,0.294998092,left_wrist_yaw,0.618989649,left_wrist_yaw,0.294998092,left_wrist_yaw,0.657922894,left_wrist_yaw,-0.285930,0.127669,0.969600,-0.044946,0.000000000,0.000000000,0.000000000,0.000000000,0.000000000,0.000000000,9.240000,0.000000000,0.000000000,,5.186390,4.340881,55.574608,,0.007165948,0,1,0,5,gPO_sBM_cAll_d10_mPO0_ch01;gPO_sBM_cAll_d11_mPO0_ch01;gPO_sBM_cAll_d11_mPO0_ch02;gPO_sBM_cAll_d10_mPO0_ch02;gPO_sBM_cAll_d12_mPO3_ch02,,68.960300,846.368900,77.199300,5903.202400,accepted,0.866316,,0.863231,0.232230024,35.432814,0.123685,PO,0.724946,0.001745,0.005290,JB3:0.678922;JB5:0.677177;JB1:0.668472;JB2:0.616800;HO5:0.601085,gPO_sBM_cAll_d10_mPO0_ch01:0.585805;gPO_sBM_cAll_d11_mPO0_ch01:0.580515;gPO_sBM_cAll_d11_mPO0_ch02:0.579034;gPO_sBM_cAll_d10_mPO0_ch02:0.578124;gPO_sBM_cAll_d12_mPO5_ch02:0.567124;gPO_sBM_cAll_d12_mPO5_ch01:0.564442;gPO_sBM_cAll_d12_mPO4_ch02:0.563799;gPO_sBM_cAll_d12_mPO3_ch02:0.554625;gPO_sBM_cAll_d12_mPO3_ch01:0.553137;gPO_sBM_cAll_d10_mPO3_ch01:0.552921,Electronic---Techno:0.337149;Electronic---Electro:0.233748;Electronic---EBM:0.139820;Electronic---Ambient:0.123685;Electronic---Industrial:0.121862,WA:v0:k1:r1,,JB3,0.678922,gPO_sBM_cAll_d10_mPO0_ch01,0.585805,120.967742
10.232000,10.247830700,,hermite,ready,,,,,0,1.0,0,gWA_sBM_cAll_d26_mWA0_ch05,gPO_sBM_cAll_d12_mPO3_ch02,gPO_sBM_cAll_d12_mPO3_ch02,9.176000,gPO_sBM_cAll_d10_mPO0_ch01;gPO_sBM_cAll_d11_mPO0_ch01;gPO_sBM_cAll_d11_mPO0_ch02;gPO_sBM_cAll_d10_mPO0_ch02;gPO_sBM_cAll_d12_mPO3_ch02,,,,,,0.830033757,,0.000000,,,,,,,,,,0.000000,beat-sync,0.810478,0.826149,,-0.000434316,0.298897234,left_wrist_yaw,0.467897025,left_wrist_yaw,0.298897234,left_wrist_yaw,0.686275323,left_wrist_yaw,-0.285435,0.127773,0.970470,-0.043058,0.000000000,0.000000000,0.000000000,0.000000000,0.000000000,0.000000000,9.240000,0.000000000,0.000000000,,5.931001,4.795989,64.772917,,0.007160354,0,1,0,5,gPO_sBM_cAll_d10_mPO0_ch01;gPO_sBM_cAll_d11_mPO0_ch01;gPO_sBM_cAll_d11_mPO0_ch02;gPO_sBM_cAll_d10_mPO0_ch02;gPO_sBM_cAll_d12_mPO3_ch02,,68.960300,846.368900,77.199300,5903.202400,accepted,0.866316,,0.863231,0.232230024,35.432814,0.123685,PO,0.724946,0.001745,0.005290,JB3:0.678922;JB5:0.677177;JB1:0.668472;JB2:0.616800;HO5:0.601085,gPO_sBM_cAll_d10_mPO0_ch01:0.585805;gPO_sBM_cAll_d11_mPO0_ch01:0.580515;gPO_sBM_cAll_d11_mPO0_ch02:0.579034;gPO_sBM_cAll_d10_mPO0_ch02:0.578124;gPO_sBM_cAll_d12_mPO5_ch02:0.567124;gPO_sBM_cAll_d12_mPO5_ch01:0.564442;gPO_sBM_cAll_d12_mPO4_ch02:0.563799;gPO_sBM_cAll_d12_mPO3_ch02:0.554625;gPO_sBM_cAll_d12_mPO3_ch01:0.553137;gPO_sBM_cAll_d10_mPO3_ch01:0.552921,Electronic---Techno:0.337149;Electronic---Electro:0.233748;Electronic---EBM:0.139820;Electronic---Ambient:0.123685;Electronic---Industrial:0.121862,WA:v0:k1:r1,,JB3,0.678922,gPO_sBM_cAll_d10_mPO0_ch01,0.585805,120.967742
10.264000,10.274271000,,hermite,ready,,,,,0,1.0,0,gWA_sBM_cAll_d26_mWA0_ch05,gPO_sBM_cAll_d12_mPO3_ch02,gPO_sBM_cAll_d12_mPO3_ch02,9.176000,gPO_sBM_cAll_d10_mPO0_ch01;gPO_sBM_cAll_d11_mPO0_ch01;gPO_sBM_cAll_d11_mPO0_ch02;gPO_sBM_cAll_d10_mPO0_ch02;gPO_sBM_cAll_d12_mPO3_ch02,,,,,,0.831749114,,0.000000,,,,,,,,,,0.000000,beat-sync,0.811885,0.826149,,-0.000392462,0.311649414,left_wrist_yaw,0.412548051,right_wrist_yaw,0.311649414,left_wrist_yaw,0.547235953,right_wrist_yaw,-0.283525,0.126616,0.973843,-0.034629,0.000000000,0.000000000,0.000000000,0.000000000,0.000000000,0.000000000,9.240000,0.000000000,0.000000000,,6.168218,4.285243,84.121892,,0.007143624,0,1,0,5,gPO_sBM_cAll_d10_mPO0_ch01;gPO_sBM_cAll_d11_mPO0_ch01;gPO_sBM_cAll_d11_mPO0_ch02;gPO_sBM_cAll_d10_mPO0_ch02;gPO_sBM_cAll_d12_mPO3_ch02,,68.960300,846.368900,77.199300,5903.202400,accepted,0.866316,,0.863231,0.232230024,35.432814,0.123685,PO,0.724946,0.001745,0.005290,JB3:0.678922;JB5:0.677177;JB1:0.668472;JB2:0.616800;HO5:0.601085,gPO_sBM_cAll_d10_mPO0_ch01:0.585805;gPO_sBM_cAll_d11_mPO0_ch01:0.580515;gPO_sBM_cAll_d11_mPO0_ch02:0.579034;gPO_sBM_cAll_d10_mPO0_ch02:0.578124;gPO_sBM_cAll_d12_mPO5_ch02:0.567124;gPO_sBM_cAll_d12_mPO5_ch01:0.564442;gPO_sBM_cAll_d12_mPO4_ch02:0.563799;gPO_sBM_cAll_d12_mPO3_ch02:0.554625;gPO_sBM_cAll_d12_mPO3_ch01:0.553137;gPO_sBM_cAll_d10_mPO3_ch01:0.552921,Electronic---Techno:0.337149;Electronic---Electro:0.233748;Electronic---EBM:0.139820;Electronic---Ambient:0.123685;Electronic---Industrial:0.121862,WA:v0:k1:r1,,JB3,0.678922,gPO_sBM_cAll_d10_mPO0_ch01,0.585805,120.967742
10.328000,10.342002900,,hermite,ready,,,,,0,1.0,0,gWA_sBM_cAll_d26_mWA0_ch05,gPO_sBM_cAll_d12_mPO3_ch02,gPO_sBM_cAll_d12_mPO3_ch02,9.176000,gPO_sBM_cAll_d10_mPO0_ch01;gPO_sBM_cAll_d11_mPO0_ch01;gPO_sBM_cAll_d11_mPO0_ch02;gPO_sBM_cAll_d10_mPO0_ch02;gPO_sBM_cAll_d12_mPO3_ch02,,,,,,0.836182339,,0.000000,,,,,,,,,,0.000000,beat-sync,0.726694,0.843254,,-0.003551350,0.281473058,left_wrist_yaw,0.988160541,right_wrist_yaw,0.281473058,left_wrist_yaw,1.309064649,right_wrist_yaw,-0.278085,0.121398,0.981158,0.009696,0.000000000,0.000000000,0.000000000,0.000000000,0.000000000,0.000000000,10.296000,0.000000000,0.000000000,,6.931371,5.436157,207.885406,,0.007099391,0,1,0,5,gPO_sBM_cAll_d10_mPO0_ch01;gPO_sBM_cAll_d11_mPO0_ch01;gPO_sBM_cAll_d11_mPO0_ch02;gPO_sBM_cAll_d10_mPO0_ch02;gPO_sBM_cAll_d12_mPO3_ch02,,68.960300,846.368900,77.199300,5903.202400,accepted,0.866316,,0.863231,0.232230024,35.432814,0.123685,PO,0.724946,0.001745,0.005290,JB3:0.678922;JB5:0.677177;JB1:0.668472;JB2:0.616800;HO5:0.601085,gPO_sBM_cAll_d10_mPO0_ch01:0.585805;gPO_sBM_cAll_d11_mPO0_ch01:0.580515;gPO_sBM_cAll_d11_mPO0_ch02:0.579034;gPO_sBM_cAll_d10_mPO0_ch02:0.578124;gPO_sBM_cAll_d12_mPO5_ch02:0.567124;gPO_sBM_cAll_d12_mPO5_ch01:0.564442;gPO_sBM_cAll_d12_mPO4_ch02:0.563799;gPO_sBM_cAll_d12_mPO3_ch02:0.554625;gPO_sBM_cAll_d12_mPO3_ch01:0.553137;gPO_sBM_cAll_d10_mPO3_ch01:0.552921,Electronic---Techno:0.337149;Electronic---Electro:0.233748;Electronic---EBM:0.139820;Electronic---Ambient:0.123685;Electronic---Industrial:0.121862,WA:v0:k1:r1,,JB3,0.678922,gPO_sBM_cAll_d10_mPO0_ch01,0.585805,120.967742
10.360000,10.366833600,,hermite,ready,,,,,0,1.0,0,gWA_sBM_cAll_d26_mWA0_ch05,gPO_sBM_cAll_d12_mPO3_ch02,gPO_sBM_cAll_d12_mPO3_ch02,9.176000,gPO_sBM_cAll_d10_mPO0_ch01;gPO_sBM_cAll_d11_mPO0_ch01;gPO_sBM_cAll_d11_mPO0_ch02;gPO_sBM_cAll_d10_mPO0_ch02;gPO_sBM_cAll_d12_mPO3_ch02,,,,,,0.837616967,,0.000000,,,,,,,,,,0.000000,beat-sync,0.677123,0.843254,,-0.003262352,0.267335224,left_wrist_yaw,0.801049732,right_wrist_yaw,0.267335224,left_wrist_yaw,0.923766579,right_wrist_yaw,-0.276627,0.119572,0.982286,0.034650,0.000000000,0.000000000,0.000000000,0.000000000,0.000000000,0.000000000,10.296000,0.000000000,0.000000000,,5.070855,4.255283,66.489523,,0.007082945,0,1,0,5,gPO_sBM_cAll_d10_mPO0_ch01;gPO_sBM_cAll_d11_mPO0_ch01;gPO_sBM_cAll_d11_mPO0_ch02;gPO_sBM_cAll_d10_mPO0_ch02;gPO_sBM_cAll_d12_mPO3_ch02,,68.960300,846.368900,77.199300,5903.202400,accepted,0.866316,,0.863231,0.232230024,35.432814,0.123685,PO,0.724946,0.001745,0.005290,JB3:0.678922;JB5:0.677177;JB1:0.668472;JB2:0.616800;HO5:0.601085,gPO_sBM_cAll_d10_mPO0_ch01:0.585805;gPO_sBM_cAll_d11_mPO0_ch01:0.580515;gPO_sBM_cAll_d11_mPO0_ch02:0.579034;gPO_sBM_cAll_d10_mPO0_ch02:0.578124;gPO_sBM_cAll_d12_mPO5_ch02:0.567124;gPO_sBM_cAll_d12_mPO5_ch01:0.564442;gPO_sBM_cAll_d12_mPO4_ch02:0.563799;gPO_sBM_cAll_d12_mPO3_ch02:0.554625;gPO_sBM_cAll_d12_mPO3_ch01:0.553137;gPO_sBM_cAll_d10_mPO3_ch01:0.552921,Electronic---Techno:0.337149;Electronic---Electro:0.233748;Electronic---EBM:0.139820;Electronic---Ambient:0.123685;Electronic---Industrial:0.121862,WA:v0:k1:r1,,JB3,0.678922,gPO_sBM_cAll_d10_mPO0_ch01,0.585805,120.967742
10.360000,10.374475200,beat_limiter_result,hermite,ready,,,,,0,1.0,0,gWA_sBM_cAll_d26_mWA0_ch05,gPO_sBM_cAll_d12_mPO3_ch02,gPO_sBM_cAll_d12_mPO3_ch02,9.176000,gPO_sBM_cAll_d10_mPO0_ch01;gPO_sBM_cAll_d11_mPO0_ch01;gPO_sBM_cAll_d11_mPO0_ch02;gPO_sBM_cAll_d10_mPO0_ch02;gPO_sBM_cAll_d12_mPO3_ch02,,,,,,0.838050109,,0.000000,,,,,,,,,,0.000000,beat-sync,0.679997,0.843254,,-0.003164250,0.262433979,left_wrist_yaw,0.653756009,right_wrist_yaw,0.262433979,left_wrist_yaw,1.025190859,right_wrist_yaw,-0.276190,0.119098,0.982332,0.042293,0.000000000,0.000000000,0.000000000,0.000000000,0.000000000,0.000000000,10.296000,0.000000000,0.000000000,,6.092833,4.275160,83.818581,,0.007077480,0,1,0,5,gPO_sBM_cAll_d10_mPO0_ch01;gPO_sBM_cAll_d11_mPO0_ch01;gPO_sBM_cAll_d11_mPO0_ch02;gPO_sBM_cAll_d10_mPO0_ch02;gPO_sBM_cAll_d12_mPO3_ch02,,68.960300,846.368900,77.199300,5903.202400,accepted,0.866316,,0.863231,0.232230024,35.432814,0.123685,PO,0.724946,0.001745,0.005290,JB3:0.678922;JB5:0.677177;JB1:0.668472;JB2:0.616800;HO5:0.601085,gPO_sBM_cAll_d10_mPO0_ch01:0.585805;gPO_sBM_cAll_d11_mPO0_ch01:0.580515;gPO_sBM_cAll_d11_mPO0_ch02:0.579034;gPO_sBM_cAll_d10_mPO0_ch02:0.578124;gPO_sBM_cAll_d12_mPO5_ch02:0.567124;gPO_sBM_cAll_d12_mPO5_ch01:0.564442;gPO_sBM_cAll_d12_mPO4_ch02:0.563799;gPO_sBM_cAll_d12_mPO3_ch02:0.554625;gPO_sBM_cAll_d12_mPO3_ch01:0.553137;gPO_sBM_cAll_d10_mPO3_ch01:0.552921,Electronic---Techno:0.337149;Electronic---Electro:0.233748;Electronic---EBM:0.139820;Electronic---Ambient:0.123685;Electronic---Industrial:0.121862,WA:v0:k1:r1,,JB3,0.678922,gPO_sBM_cAll_d10_mPO0_ch01,0.585805,120.967742
10.424000,10.452479100,,hermite,ready,,,,,0,1.0,0,gWA_sBM_cAll_d26_mWA0_ch05,gPO_sBM_cAll_d12_mPO3_ch02,gPO_sBM_cAll_d12_mPO3_ch02,9.176000,gPO_sBM_cAll_d10_mPO0_ch01;gPO_sBM_cAll_d11_mPO0_ch01;gPO_sBM_cAll_d11_mPO0_ch02;gPO_sBM_cAll_d10_mPO0_ch02;gPO_sBM_cAll_d12_mPO3_ch02,,,,,,0.842567902,,0.000000,,,,,,,,,,0.000000,beat-sync,0.723602,0.843254,,-0.002327439,0.306682866,right_wrist_yaw,1.667431846,left_wrist_yaw,0.306682866,right_wrist_yaw,2.041649949,left_wrist_yaw,-0.272237,0.116746,0.986514,0.091924,0.000000000,0.000000000,0.000000000,0.000000000,0.000000000,0.000000000,10.296000,0.000000000,0.000000000,,4.563970,3.789472,184.818917,,0.007034060,0,1,0,5,gPO_sBM_cAll_d10_mPO0_ch01;gPO_sBM_cAll_d11_mPO0_ch01;gPO_sBM_cAll_d11_mPO0_ch02;gPO_sBM_cAll_d10_mPO0_ch02;gPO_sBM_cAll_d12_mPO3_ch02,,68.960300,846.368900,77.199300,5903.202400,accepted,0.866316,,0.863231,0.232230024,35.432814,0.123685,PO,0.724946,0.001745,0.005290,JB3:0.678922;JB5:0.677177;JB1:0.668472;JB2:0.616800;HO5:0.601085,gPO_sBM_cAll_d10_mPO0_ch01:0.585805;gPO_sBM_cAll_d11_mPO0_ch01:0.580515;gPO_sBM_cAll_d11_mPO0_ch02:0.579034;gPO_sBM_cAll_d10_mPO0_ch02:0.578124;gPO_sBM_cAll_d12_mPO5_ch02:0.567124;gPO_sBM_cAll_d12_mPO5_ch01:0.564442;gPO_sBM_cAll_d12_mPO4_ch02:0.563799;gPO_sBM_cAll_d12_mPO3_ch02:0.554625;gPO_sBM_cAll_d12_mPO3_ch01:0.553137;gPO_sBM_cAll_d10_mPO3_ch01:0.552921,Electronic---Techno:0.337149;Electronic---Electro:0.233748;Electronic---EBM:0.139820;Electronic---Ambient:0.123685;Electronic---Industrial:0.121862,WA:v0:k1:r1,,JB3,0.678922,gPO_sBM_cAll_d10_mPO0_ch01,0.585805,120.967742
10.424000,10.458816700,match,hermite,ready,,,,,0,1.0,0,gWA_sBM_cAll_d26_mWA0_ch05,gPO_sBM_cAll_d12_mPO3_ch02,gPO_sBM_cAll_d12_mPO3_ch02,10.200000,gPO_sBM_cAll_d10_mPO0_ch01;gPO_sBM_cAll_d11_mPO0_ch01;gPO_sBM_cAll_d11_mPO0_ch02;gPO_sBM_cAll_d10_mPO0_ch02;gPO_sBM_cAll_d12_mPO3_ch02,,,,,,0.843044578,,0.000000,,,,,,,,,,0.000000,beat-sync,0.727128,0.843254,,-0.002255440,0.312721245,right_wrist_yaw,1.553260743,left_wrist_yaw,0.312721245,right_wrist_yaw,2.256714879,left_wrist_yaw,-0.271849,0.116795,0.987337,0.093254,0.000000000,0.000000000,0.000000000,0.000000000,0.000000000,0.000000000,10.296000,0.000000000,0.000000000,,6.005333,4.807434,164.497861,,0.007028670,0,1,0,5,gPO_sBM_cAll_d10_mPO0_ch01;gPO_sBM_cAll_d11_mPO0_ch01;gPO_sBM_cAll_d11_mPO0_ch02;gPO_sBM_cAll_d10_mPO0_ch02;gPO_sBM_cAll_d12_mPO3_ch02,,68.960300,846.368900,77.199300,5903.202400,accepted,0.561802,,0.872405,0.235121872,34.518203,0.122156,HO,0.739618,0.002339,0.002826,JB3:0.678553;JB5:0.676214;JB1:0.665015;JB2:0.615575;HO5:0.604609,gHO_sBM_cAll_d20_mHO5_ch10:0.665760;gHO_sBM_cAll_d21_mHO5_ch10:0.662934;gHO_sBM_cAll_d20_mHO5_ch06:0.662848;gHO_sBM_cAll_d21_mHO5_ch09:0.661733;gHO_sBM_cAll_d21_mHO5_ch03:0.654125;gHO_sBM_cAll_d21_mHO5_ch05:0.647638;gHO_sBM_cAll_d20_mHO5_ch05:0.644517;gHO_sBM_cAll_d21_mHO5_ch02:0.644121;gHO_sBM_cAll_d20_mHO5_ch04:0.643571;gHO_sBM_cAll_d21_mHO5_ch04:0.641417,Electronic---Techno:0.336500;Electronic---Electro:0.221819;Electronic---EBM:0.125628;Electronic---Ambient:0.122156;Electronic---Synthwave:0.104314,WA:v0:k1:r1,,JB3,0.678553,gHO_sBM_cAll_d20_mHO5_ch10,0.665760,120.967742
10.456000,10.475572600,,hermite,ready,,,,,0,1.0,0,gWA_sBM_cAll_d26_mWA0_ch05,gPO_sBM_cAll_d12_mPO3_ch02,gPO_sBM_cAll_d12_mPO3_ch02,10.200000,gPO_sBM_cAll_d10_mPO0_ch01;gPO_sBM_cAll_d11_mPO0_ch01;gPO_sBM_cAll_d11_mPO0_ch02;gPO_sBM_cAll_d10_mPO0_ch02;gPO_sBM_cAll_d12_mPO3_ch02,,,,,,0.844086662,,0.000000,,,,,,,,,,0.000000,beat-sync,0.734698,0.843254,,-0.002106823,0.326097861,right_wrist_yaw,1.360530597,left_wrist_yaw,0.326097861,right_wrist_yaw,1.640798706,left_wrist_yaw,-0.270789,0.116886,0.988835,0.092150,0.000000000,0.000000000,0.000000000,0.000000000,0.000000000,0.000000000,10.296000,0.000000000,0.000000000,,5.435071,4.586631,102.799962,,0.007017914,0,1,0,5,gPO_sBM_cAll_d10_mPO0_ch01;gPO_sBM_cAll_d11_mPO0_ch01;gPO_sBM_cAll_d11_mPO0_ch02;gPO_sBM_cAll_d10_mPO0_ch02;gPO_sBM_cAll_d12_mPO3_ch02,,68.960300,846.368900,77.199300,5903.202400,accepted,0.561802,,0.872405,0.235121872,34.518203,0.122156,HO,0.739618,0.002339,0.002826,JB3:0.678553;JB5:0.676214;JB1:0.665015;JB2:0.615575;HO5:0.604609,gHO_sBM_cAll_d20_mHO5_ch10:0.665760;gHO_sBM_cAll_d21_mHO5_ch10:0.662934;gHO_sBM_cAll_d20_mHO5_ch06:0.662848;gHO_sBM_cAll_d21_mHO5_ch09:0.661733;gHO_sBM_cAll_d21_mHO5_ch03:0.654125;gHO_sBM_cAll_d21_mHO5_ch05:0.647638;gHO_sBM_cAll_d20_mHO5_ch05:0.644517;gHO_sBM_cAll_d21_mHO5_ch02:0.644121;gHO_sBM_cAll_d20_mHO5_ch04:0.643571;gHO_sBM_cAll_d21_mHO5_ch04:0.641417,Electronic---Techno:0.336500;Electronic---Electro:0.221819;Electronic---EBM:0.125628;Electronic---Ambient:0.122156;Electronic---Synthwave:0.104314,WA:v0:k1:r1,,JB3,0.678553,gHO_sBM_cAll_d20_mHO5_ch10,0.665760,120.967742
10.520000,10.542842400,,hermite,ready,,,,,0,1.0,0,gWA_sBM_cAll_d26_mWA0_ch05,gPO_sBM_cAll_d12_mPO3_ch02,gPO_sBM_cAll_d12_mPO3_ch02,10.200000,gPO_sBM_cAll_d10_mPO0_ch01;gPO_sBM_cAll_d11_mPO0_ch01;gPO_sBM_cAll_d11_mPO0_ch02;gPO_sBM_cAll_d10_mPO0_ch02;gPO_sBM_cAll_d12_mPO3_ch02,,,,,,0.848277662,,0.000000,,,,,,,,,,0.000000,beat-sync,0.760311,0.843254,,-0.001611610,0.328938866,right_wrist_yaw,0.579477393,left_wrist_yaw,0.328938866,right_wrist_yaw,1.230406980,left_wrist_yaw,-0.264291,0.114732,0.998234,0.046350,0.000000000,0.000000000,0.000000000,0.000000000,0.000000000,0.000000000,10.296000,0.000000000,0.000000000,,1.230407,0.916593,343.769896,,0.006975220,0,1,0,5,gPO_sBM_cAll_d10_mPO0_ch01;gPO_sBM_cAll_d11_mPO0_ch01;gPO_sBM_cAll_d11_mPO0_ch02;gPO_sBM_cAll_d10_mPO0_ch02;gPO_sBM_cAll_d12_mPO3_ch02,,68.960300,846.368900,77.199300,5903.202400,accepted,0.561802,,0.872405,0.235121872,34.518203,0.122156,HO,0.739618,0.002339,0.002826,JB3:0.678553;JB5:0.676214;JB1:0.665015;JB2:0.615575;HO5:0.604609,gHO_sBM_cAll_d20_mHO5_ch10:0.665760;gHO_sBM_cAll_d21_mHO5_ch10:0.662934;gHO_sBM_cAll_d20_mHO5_ch06:0.662848;gHO_sBM_cAll_d21_mHO5_ch09:0.661733;gHO_sBM_cAll_d21_mHO5_ch03:0.654125;gHO_sBM_cAll_d21_mHO5_ch05:0.647638;gHO_sBM_cAll_d20_mHO5_ch05:0.644517;gHO_sBM_cAll_d21_mHO5_ch02:0.644121;gHO_sBM_cAll_d20_mHO5_ch04:0.643571;gHO_sBM_cAll_d21_mHO5_ch04:0.641417,Electronic---Techno:0.336500;Electronic---Electro:0.221819;Electronic---EBM:0.125628;Electronic---Ambient:0.122156;Electronic---Synthwave:0.104314,WA:v0:k1:r1,,JB3,0.678553,gHO_sBM_cAll_d20_mHO5_ch10,0.665760,120.967742
10.552000,10.568614300,,hermite,ready,,,,,0,1.0,0,gWA_sBM_cAll_d26_mWA0_ch05,gPO_sBM_cAll_d12_mPO3_ch02,gPO_sBM_cAll_d12_mPO3_ch02,10.200000,gPO_sBM_cAll_d10_mPO0_ch01;gPO_sBM_cAll_d11_mPO0_ch01;gPO_sBM_cAll_d11_mPO0_ch02;gPO_sBM_cAll_d10_mPO0_ch02;gPO_sBM_cAll_d12_mPO3_ch02,,,,,,0.849955553,,0.000000,,,,,,,,,,0.000000,beat-sync,0.768465,0.843254,,-0.001450967,0.282635333,right_wrist_yaw,6.781326234,left_wrist_yaw,0.282635333,right_wrist_yaw,6.895207480,left_wrist_yaw,-0.261002,0.113304,1.002327,0.019505,0.000000000,0.000000000,0.000000000,0.000000000,0.000000000,0.000000000,10.296000,0.000000000,0.000000000,,7.810450,6.701856,359.865882,,0.006959343,0,1,0,5,gPO_sBM_cAll_d10_mPO0_ch01;gPO_sBM_cAll_d11_mPO0_ch01;gPO_sBM_cAll_d11_mPO0_ch02;gPO_sBM_cAll_d10_mPO0_ch02;gPO_sBM_cAll_d12_mPO3_ch02,,68.960300,846.368900,77.199300,5903.202400,accepted,0.561802,,0.872405,0.235121872,34.518203,0.122156,HO,0.739618,0.002339,0.002826,JB3:0.678553;JB5:0.676214;JB1:0.665015;JB2:0.615575;HO5:0.604609,gHO_sBM_cAll_d20_mHO5_ch10:0.665760;gHO_sBM_cAll_d21_mHO5_ch10:0.662934;gHO_sBM_cAll_d20_mHO5_ch06:0.662848;gHO_sBM_cAll_d21_mHO5_ch09:0.661733;gHO_sBM_cAll_d21_mHO5_ch03:0.654125;gHO_sBM_cAll_d21_mHO5_ch05:0.647638;gHO_sBM_cAll_d20_mHO5_ch05:0.644517;gHO_sBM_cAll_d21_mHO5_ch02:0.644121;gHO_sBM_cAll_d20_mHO5_ch04:0.643571;gHO_sBM_cAll_d21_mHO5_ch04:0.641417,Electronic---Techno:0.336500;Electronic---Electro:0.221819;Electronic---EBM:0.125628;Electronic---Ambient:0.122156;Electronic---Synthwave:0.104314,WA:v0:k1:r1,,JB3,0.678553,gHO_sBM_cAll_d20_mHO5_ch10,0.665760,120.967742
10.616000,10.634857300,,hermite,ready,,,,,0,1.0,0,gWA_sBM_cAll_d26_mWA0_ch05,gPO_sBM_cAll_d12_mPO3_ch02,gPO_sBM_cAll_d12_mPO3_ch02,10.200000,gPO_sBM_cAll_d10_mPO0_ch01;gPO_sBM_cAll_d11_mPO0_ch01;gPO_sBM_cAll_d11_mPO0_ch02;gPO_sBM_cAll_d10_mPO0_ch02;gPO_sBM_cAll_d12_mPO3_ch02,,,,,,0.854172183,,0.000000,,,,,,,,,,0.000000,beat-sync,0.785848,0.843254,,-0.001119283,0.255105034,right_wrist_yaw,3.046718200,right_wrist_yaw,0.255105034,right_wrist_yaw,3.381590325,right_wrist_yaw,-0.251281,0.103947,1.009191,-0.021180,0.000000000,0.000000000,0.000000000,0.000000000,0.000000000,0.000000000,10.296000,0.000000000,0.000000000,,3.627678,3.104246,452.846786,,0.006917356,0,1,0,5,gPO_sBM_cAll_d10_mPO0_ch01;gPO_sBM_cAll_d11_mPO0_ch01;gPO_sBM_cAll_d11_mPO0_ch02;gPO_sBM_cAll_d10_mPO0_ch02;gPO_sBM_cAll_d12_mPO3_ch02,,68.960300,846.368900,77.199300,5903.202400,accepted,0.561802,,0.872405,0.235121872,34.518203,0.122156,HO,0.739618,0.002339,0.002826,JB3:0.678553;JB5:0.676214;JB1:0.665015;JB2:0.615575;HO5:0.604609,gHO_sBM_cAll_d20_mHO5_ch10:0.665760;gHO_sBM_cAll_d21_mHO5_ch10:0.662934;gHO_sBM_cAll_d20_mHO5_ch06:0.662848;gHO_sBM_cAll_d21_mHO5_ch09:0.661733;gHO_sBM_cAll_d21_mHO5_ch03:0.654125;gHO_sBM_cAll_d21_mHO5_ch05:0.647638;gHO_sBM_cAll_d20_mHO5_ch05:0.644517;gHO_sBM_cAll_d21_mHO5_ch02:0.644121;gHO_sBM_cAll_d20_mHO5_ch04:0.643571;gHO_sBM_cAll_d21_mHO5_ch04:0.641417,Electronic---Techno:0.336500;Electronic---Electro:0.221819;Electronic---EBM:0.125628;Electronic---Ambient:0.122156;Electronic---Synthwave:0.104314,WA:v0:k1:r1,,JB3,0.678553,gHO_sBM_cAll_d20_mHO5_ch10,0.665760,120.967742
10.680000,10.700232800,,hermite,ready,,,,,0,1.0,0,gWA_sBM_cAll_d26_mWA0_ch05,gPO_sBM_cAll_d12_mPO3_ch02,gPO_sBM_cAll_d12_mPO3_ch02,10.200000,gPO_sBM_cAll_d10_mPO0_ch01;gPO_sBM_cAll_d11_mPO0_ch01;gPO_sBM_cAll_d11_mPO0_ch02;gPO_sBM_cAll_d10_mPO0_ch02;gPO_sBM_cAll_d12_mPO3_ch02,,,,,,0.858580469,,0.000000,,,,,,,,,,0.000000,beat-sync,0.799385,0.843254,,-0.000857679,0.214203727,left_wrist_roll,0.298360793,left_wrist_yaw,0.214203727,left_wrist_roll,0.366835837,left_wrist_yaw,-0.239855,0.085728,1.014855,0.002370,0.000000000,0.000000000,0.000000000,0.000000000,0.000000000,0.000000000,10.296000,0.000000000,0.000000000,,0.699988,0.588042,57.971662,,0.006875872,0,1,0,5,gPO_sBM_cAll_d10_mPO0_ch01;gPO_sBM_cAll_d11_mPO0_ch01;gPO_sBM_cAll_d11_mPO0_ch02;gPO_sBM_cAll_d10_mPO0_ch02;gPO_sBM_cAll_d12_mPO3_ch02,,68.960300,846.368900,77.199300,5903.202400,accepted,0.561802,,0.872405,0.235121872,34.518203,0.122156,HO,0.739618,0.002339,0.002826,JB3:0.678553;JB5:0.676214;JB1:0.665015;JB2:0.615575;HO5:0.604609,gHO_sBM_cAll_d20_mHO5_ch10:0.665760;gHO_sBM_cAll_d21_mHO5_ch10:0.662934;gHO_sBM_cAll_d20_mHO5_ch06:0.662848;gHO_sBM_cAll_d21_mHO5_ch09:0.661733;gHO_sBM_cAll_d21_mHO5_ch03:0.654125;gHO_sBM_cAll_d21_mHO5_ch05:0.647638;gHO_sBM_cAll_d20_mHO5_ch05:0.644517;gHO_sBM_cAll_d21_mHO5_ch02:0.644121;gHO_sBM_cAll_d20_mHO5_ch04:0.643571;gHO_sBM_cAll_d21_mHO5_ch04:0.641417,Electronic---Techno:0.336500;Electronic---Electro:0.221819;Electronic---EBM:0.125628;Electronic---Ambient:0.122156;Electronic---Synthwave:0.104314,WA:v0:k1:r1,,JB3,0.678553,gHO_sBM_cAll_d20_mHO5_ch10,0.665760,120.967742
10.712000,10.726008200,,hermite,ready,,,,,0,1.0,0,gWA_sBM_cAll_d26_mWA0_ch05,gPO_sBM_cAll_d12_mPO3_ch02,gPO_sBM_cAll_d12_mPO3_ch02,10.200000,gPO_sBM_cAll_d10_mPO0_ch01;gPO_sBM_cAll_d11_mPO0_ch01;gPO_sBM_cAll_d11_mPO0_ch02;gPO_sBM_cAll_d10_mPO0_ch02;gPO_sBM_cAll_d12_mPO3_ch02,,,,,,0.860310335,,0.000000,,,,,,,,,,0.000000,beat-sync,0.803677,0.843254,,-0.000773459,0.212392683,left_wrist_roll,5.258478616,left_wrist_yaw,0.212392683,left_wrist_roll,5.956968972,left_wrist_yaw,-0.236910,0.077860,1.016281,0.008532,0.000000000,0.000000000,0.000000000,0.000000000,0.000000000,0.000000000,10.296000,0.000000000,0.000000000,,10.244668,8.818787,637.453267,,0.006860444,0,1,0,5,gPO_sBM_cAll_d10_mPO0_ch01;gPO_sBM_cAll_d11_mPO0_ch01;gPO_sBM_cAll_d11_mPO0_ch02;gPO_sBM_cAll_d10_mPO0_ch02;gPO_sBM_cAll_d12_mPO3_ch02,,68.960300,846.368900,77.199300,5903.202400,accepted,0.561802,,0.872405,0.235121872,34.518203,0.122156,HO,0.739618,0.002339,0.002826,JB3:0.678553;JB5:0.676214;JB1:0.665015;JB2:0.615575;HO5:0.604609,gHO_sBM_cAll_d20_mHO5_ch10:0.665760;gHO_sBM_cAll_d21_mHO5_ch10:0.662934;gHO_sBM_cAll_d20_mHO5_ch06:0.662848;gHO_sBM_cAll_d21_mHO5_ch09:0.661733;gHO_sBM_cAll_d21_mHO5_ch03:0.654125;gHO_sBM_cAll_d21_mHO5_ch05:0.647638;gHO_sBM_cAll_d20_mHO5_ch05:0.644517;gHO_sBM_cAll_d21_mHO5_ch02:0.644121;gHO_sBM_cAll_d20_mHO5_ch04:0.643571;gHO_sBM_cAll_d21_mHO5_ch04:0.641417,Electronic---Techno:0.336500;Electronic---Electro:0.221819;Electronic---EBM:0.125628;Electronic---Ambient:0.122156;Electronic---Synthwave:0.104314,WA:v0:k1:r1,,JB3,0.678553,gHO_sBM_cAll_d20_mHO5_ch10,0.665760,120.967742
10.776000,10.791784800,,hermite,ready,,,,,0,1.0,0,gWA_sBM_cAll_d26_mWA0_ch05,gPO_sBM_cAll_d12_mPO3_ch02,gPO_sBM_cAll_d12_mPO3_ch02,10.200000,gPO_sBM_cAll_d10_mPO0_ch01;gPO_sBM_cAll_d11_mPO0_ch01;gPO_sBM_cAll_d11_mPO0_ch02;gPO_sBM_cAll_d10_mPO0_ch02;gPO_sBM_cAll_d12_mPO3_ch02,,,,,,0.864753635,,0.000000,,,,,,,,,,0.000000,beat-sync,0.812907,0.843254,,-0.000594445,0.225538396,left_wrist_yaw,0.005731083,right_wrist_yaw,0.225538396,left_wrist_yaw,0.008658586,right_wrist_yaw,-0.234794,0.066831,1.013257,0.000731,0.000000000,0.000000000,0.000000000,0.000000000,0.000000000,0.000000000,10.296000,0.000000000,0.000000000,,0.067470,0.054828,10.038819,,0.006819639,0,1,0,5,gPO_sBM_cAll_d10_mPO0_ch01;gPO_sBM_cAll_d11_mPO0_ch01;gPO_sBM_cAll_d11_mPO0_ch02;gPO_sBM_cAll_d10_mPO0_ch02;gPO_sBM_cAll_d12_mPO3_ch02,,68.960300,846.368900,77.199300,5903.202400,accepted,0.561802,,0.872405,0.235121872,34.518203,0.122156,HO,0.739618,0.002339,0.002826,JB3:0.678553;JB5:0.676214;JB1:0.665015;JB2:0.615575;HO5:0.604609,gHO_sBM_cAll_d20_mHO5_ch10:0.665760;gHO_sBM_cAll_d21_mHO5_ch10:0.662934;gHO_sBM_cAll_d20_mHO5_ch06:0.662848;gHO_sBM_cAll_d21_mHO5_ch09:0.661733;gHO_sBM_cAll_d21_mHO5_ch03:0.654125;gHO_sBM_cAll_d21_mHO5_ch05:0.647638;gHO_sBM_cAll_d20_mHO5_ch05:0.644517;gHO_sBM_cAll_d21_mHO5_ch02:0.644121;gHO_sBM_cAll_d20_mHO5_ch04:0.643571;gHO_sBM_cAll_d21_mHO5_ch04:0.641417,Electronic---Techno:0.336500;Electronic---Electro:0.221819;Electronic---EBM:0.125628;Electronic---Ambient:0.122156;Electronic---Synthwave:0.104314,WA:v0:k1:r1,,JB3,0.678553,gHO_sBM_cAll_d20_mHO5_ch10,0.665760,120.967742
10.808000,10.817328900,,hermite,ready,,,,,0,1.0,0,gWA_sBM_cAll_d26_mWA0_ch05,gPO_sBM_cAll_d12_mPO3_ch02,gPO_sBM_cAll_d12_mPO3_ch02,10.200000,gPO_sBM_cAll_d10_mPO0_ch01;gPO_sBM_cAll_d11_mPO0_ch01;gPO_sBM_cAll_d11_mPO0_ch02;gPO_sBM_cAll_d10_mPO0_ch02;gPO_sBM_cAll_d12_mPO3_ch02,,,,,,0.866464067,,0.000000,,,,,,,,,,0.000000,beat-sync,0.815852,0.843254,,-0.000537546,0.225597987,left_wrist_yaw,0.000152759,right_wrist_roll,0.225597987,left_wrist_yaw,0.000211745,right_wrist_roll,-0.234347,0.062810,1.010026,-0.001195,0.000000000,0.000000000,0.000000000,0.000000000,0.000000000,0.000000000,10.296000,0.000000000,0.000000000,,0.090198,0.073667,9.385086,,0.006804461,0,1,0,5,gPO_sBM_cAll_d10_mPO0_ch01;gPO_sBM_cAll_d11_mPO0_ch01;gPO_sBM_cAll_d11_mPO0_ch02;gPO_sBM_cAll_d10_mPO0_ch02;gPO_sBM_cAll_d12_mPO3_ch02,,68.960300,846.368900,77.199300,5903.202400,accepted,0.561802,,0.872405,0.235121872,34.518203,0.122156,HO,0.739618,0.002339,0.002826,JB3:0.678553;JB5:0.676214;JB1:0.665015;JB2:0.615575;HO5:0.604609,gHO_sBM_cAll_d20_mHO5_ch10:0.665760;gHO_sBM_cAll_d21_mHO5_ch10:0.662934;gHO_sBM_cAll_d20_mHO5_ch06:0.662848;gHO_sBM_cAll_d21_mHO5_ch09:0.661733;gHO_sBM_cAll_d21_mHO5_ch03:0.654125;gHO_sBM_cAll_d21_mHO5_ch05:0.647638;gHO_sBM_cAll_d20_mHO5_ch05:0.644517;gHO_sBM_cAll_d21_mHO5_ch02:0.644121;gHO_sBM_cAll_d20_mHO5_ch04:0.643571;gHO_sBM_cAll_d21_mHO5_ch04:0.641417,Electronic---Techno:0.336500;Electronic---Electro:0.221819;Electronic---EBM:0.125628;Electronic---Ambient:0.122156;Electronic---Synthwave:0.104314,WA:v0:k1:r1,,JB3,0.678553,gHO_sBM_cAll_d20_mHO5_ch10,0.665760,120.967742
10.872000,10.883486000,,hermite,ready,,,,,0,1.0,0,gWA_sBM_cAll_d26_mWA0_ch05,gPO_sBM_cAll_d12_mPO3_ch02,gPO_sBM_cAll_d12_mPO3_ch02,10.200000,gPO_sBM_cAll_d10_mPO0_ch01;gPO_sBM_cAll_d11_mPO0_ch01;gPO_sBM_cAll_d11_mPO0_ch02;gPO_sBM_cAll_d10_mPO0_ch02;gPO_sBM_cAll_d12_mPO3_ch02,,,,,,0.871039749,,0.000000,,,,,,,,,,0.000000,beat-sync,0.822297,0.843254,,-0.000411336,0.194672970,left_wrist_yaw,4.753784608,left_wrist_yaw,0.194672970,left_wrist_yaw,6.386302291,left_wrist_yaw,-0.236422,0.054048,0.990723,0.014803,0.000000000,0.000000000,0.000000000,0.000000000,0.000000000,0.000000000,10.296000,0.000000000,0.000000000,,6.760211,5.608960,747.240137,,0.006764317,0,1,0,5,gPO_sBM_cAll_d10_mPO0_ch01;gPO_sBM_cAll_d11_mPO0_ch01;gPO_sBM_cAll_d11_mPO0_ch02;gPO_sBM_cAll_d10_mPO0_ch02;gPO_sBM_cAll_d12_mPO3_ch02,,68.960300,846.368900,77.199300,5903.202400,accepted,0.561802,,0.872405,0.235121872,34.518203,0.122156,HO,0.739618,0.002339,0.002826,JB3:0.678553;JB5:0.676214;JB1:0.665015;JB2:0.615575;HO5:0.604609,gHO_sBM_cAll_d20_mHO5_ch10:0.665760;gHO_sBM_cAll_d21_mHO5_ch10:0.662934;gHO_sBM_cAll_d20_mHO5_ch06:0.662848;gHO_sBM_cAll_d21_mHO5_ch09:0.661733;gHO_sBM_cAll_d21_mHO5_ch03:0.654125;gHO_sBM_cAll_d21_mHO5_ch05:0.647638;gHO_sBM_cAll_d20_mHO5_ch05:0.644517;gHO_sBM_cAll_d21_mHO5_ch02:0.644121;gHO_sBM_cAll_d20_mHO5_ch04:0.643571;gHO_sBM_cAll_d21_mHO5_ch04:0.641417,Electronic---Techno:0.336500;Electronic---Electro:0.221819;Electronic---EBM:0.125628;Electronic---Ambient:0.122156;Electronic---Synthwave:0.104314,WA:v0:k1:r1,,JB3,0.678553,gHO_sBM_cAll_d20_mHO5_ch10,0.665760,120.967742
10.904000,10.910414300,,hermite,ready,,,,,1,1.0,0,gWA_sBM_cAll_d26_mWA0_ch05,gPO_sBM_cAll_d12_mPO3_ch02,gPO_sBM_cAll_d12_mPO3_ch02,10.200000,gPO_sBM_cAll_d10_mPO0_ch01;gPO_sBM_cAll_d11_mPO0_ch01;gPO_sBM_cAll_d11_mPO0_ch02;gPO_sBM_cAll_d10_mPO0_ch02;gPO_sBM_cAll_d12_mPO3_ch02,,,,,,0.872886431,,0.000000,,,,,,,,,,0.000000,beat-sync,0.824370,0.843254,,-0.000369425,0.194834757,right_wrist_yaw,5.870288797,left_wrist_yaw,0.194834757,right_wrist_yaw,9.114109867,left_wrist_yaw,-0.236480,0.050131,0.980341,-0.011174,0.000000000,0.000000000,0.000000000,0.000000000,0.000000000,0.000000000,10.296000,0.000000000,0.000000000,,16.955540,11.860871,1009.782577,left_elbow;right_knee;right_shoulder_yaw,0.006825506,0,1,0,5,gPO_sBM_cAll_d10_mPO0_ch01;gPO_sBM_cAll_d11_mPO0_ch01;gPO_sBM_cAll_d11_mPO0_ch02;gPO_sBM_cAll_d10_mPO0_ch02;gPO_sBM_cAll_d12_mPO3_ch02,,68.960300,846.368900,77.199300,5903.202400,accepted,0.561802,,0.872405,0.235121872,34.518203,0.122156,HO,0.739618,0.002339,0.002826,JB3:0.678553;JB5:0.676214;JB1:0.665015;JB2:0.615575;HO5:0.604609,gHO_sBM_cAll_d20_mHO5_ch10:0.665760;gHO_sBM_cAll_d21_mHO5_ch10:0.662934;gHO_sBM_cAll_d20_mHO5_ch06:0.662848;gHO_sBM_cAll_d21_mHO5_ch09:0.661733;gHO_sBM_cAll_d21_mHO5_ch03:0.654125;gHO_sBM_cAll_d21_mHO5_ch05:0.647638;gHO_sBM_cAll_d20_mHO5_ch05:0.644517;gHO_sBM_cAll_d21_mHO5_ch02:0.644121;gHO_sBM_cAll_d20_mHO5_ch04:0.643571;gHO_sBM_cAll_d21_mHO5_ch04:0.641417,Electronic---Techno:0.336500;Electronic---Electro:0.221819;Electronic---EBM:0.125628;Electronic---Ambient:0.122156;Electronic---Synthwave:0.104314,WA:v0:k1:r1,,JB3,0.678553,gHO_sBM_cAll_d20_mHO5_ch10,0.665760,120.967742
10.968000,10.992268000,,hermite,ready,,,,,0,1.0,0,gWA_sBM_cAll_d26_mWA0_ch05,gPO_sBM_cAll_d12_mPO3_ch02,gPO_sBM_cAll_d12_mPO3_ch02,10.200000,gPO_sBM_cAll_d10_mPO0_ch01;gPO_sBM_cAll_d11_mPO0_ch01;gPO_sBM_cAll_d11_mPO0_ch02;gPO_sBM_cAll_d10_mPO0_ch02;gPO_sBM_cAll_d12_mPO3_ch02,,,,,,0.878495521,,0.000000,,,,,,,,,,0.000000,beat-sync,0.829676,0.843254,,-0.000266941,0.193999641,left_wrist_yaw,1.889893441,left_wrist_yaw,0.193999641,left_wrist_yaw,2.492342460,left_wrist_yaw,-0.236832,0.032870,0.955454,-0.081428,0.000000000,0.000000000,0.000000000,0.000000000,0.000000000,0.000000000,10.296000,0.000000000,0.000000000,,11.773046,9.547714,314.302397,,0.006926778,0,1,0,5,gPO_sBM_cAll_d10_mPO0_ch01;gPO_sBM_cAll_d11_mPO0_ch01;gPO_sBM_cAll_d11_mPO0_ch02;gPO_sBM_cAll_d10_mPO0_ch02;gPO_sBM_cAll_d12_mPO3_ch02,,68.960300,846.368900,77.199300,5903.202400,accepted,0.561802,,0.872405,0.235121872,34.518203,0.122156,HO,0.739618,0.002339,0.002826,JB3:0.678553;JB5:0.676214;JB1:0.665015;JB2:0.615575;HO5:0.604609,gHO_sBM_cAll_d20_mHO5_ch10:0.665760;gHO_sBM_cAll_d21_mHO5_ch10:0.662934;gHO_sBM_cAll_d20_mHO5_ch06:0.662848;gHO_sBM_cAll_d21_mHO5_ch09:0.661733;gHO_sBM_cAll_d21_mHO5_ch03:0.654125;gHO_sBM_cAll_d21_mHO5_ch05:0.647638;gHO_sBM_cAll_d20_mHO5_ch05:0.644517;gHO_sBM_cAll_d21_mHO5_ch02:0.644121;gHO_sBM_cAll_d20_mHO5_ch04:0.643571;gHO_sBM_cAll_d21_mHO5_ch04:0.641417,Electronic---Techno:0.336500;Electronic---Electro:0.221819;Electronic---EBM:0.125628;Electronic---Ambient:0.122156;Electronic---Synthwave:0.104314,WA:v0:k1:r1,,JB3,0.678553,gHO_sBM_cAll_d20_mHO5_ch10,0.665760,120.967742
11.000000,11.025297000,,hermite,ready,,,,,0,1.0,0,gWA_sBM_cAll_d26_mWA0_ch05,gPO_sBM_cAll_d12_mPO3_ch02,gPO_sBM_cAll_d12_mPO3_ch02,10.200000,gPO_sBM_cAll_d10_mPO0_ch01;gPO_sBM_cAll_d11_mPO0_ch01;gPO_sBM_cAll_d11_mPO0_ch02;gPO_sBM_cAll_d10_mPO0_ch02;gPO_sBM_cAll_d12_mPO3_ch02,,,,,,0.880816459,,0.000000,,,,,,,,,,0.000000,beat-sync,0.831388,0.843254,,-0.000233484,0.203235460,left_wrist_yaw,0.460402180,left_wrist_yaw,0.203235460,left_wrist_yaw,0.564102219,left_wrist_yaw,-0.233078,0.022386,0.947725,-0.070357,0.000000000,0.000000000,0.000000000,0.000000000,0.000000000,0.000000000,10.296000,0.000000000,0.000000000,,5.815555,4.735465,339.695804,,0.006906598,0,1,0,5,gPO_sBM_cAll_d10_mPO0_ch01;gPO_sBM_cAll_d11_mPO0_ch01;gPO_sBM_cAll_d11_mPO0_ch02;gPO_sBM_cAll_d10_mPO0_ch02;gPO_sBM_cAll_d12_mPO3_ch02,,68.960300,846.368900,77.199300,5903.202400,accepted,0.561802,,0.872405,0.235121872,34.518203,0.122156,HO,0.739618,0.002339,0.002826,JB3:0.678553;JB5:0.676214;JB1:0.665015;JB2:0.615575;HO5:0.604609,gHO_sBM_cAll_d20_mHO5_ch10:0.665760;gHO_sBM_cAll_d21_mHO5_ch10:0.662934;gHO_sBM_cAll_d20_mHO5_ch06:0.662848;gHO_sBM_cAll_d21_mHO5_ch09:0.661733;gHO_sBM_cAll_d21_mHO5_ch03:0.654125;gHO_sBM_cAll_d21_mHO5_ch05:0.647638;gHO_sBM_cAll_d20_mHO5_ch05:0.644517;gHO_sBM_cAll_d21_mHO5_ch02:0.644121;gHO_sBM_cAll_d20_mHO5_ch04:0.643571;gHO_sBM_cAll_d21_mHO5_ch04:0.641417,Electronic---Techno:0.336500;Electronic---Electro:0.221819;Electronic---EBM:0.125628;Electronic---Ambient:0.122156;Electronic---Synthwave:0.104314,WA:v0:k1:r1,,JB3,0.678553,gHO_sBM_cAll_d20_mHO5_ch10,0.665760,120.967742
11.064000,11.083549300,,hermite,ready,,,,,0,1.0,0,gWA_sBM_cAll_d26_mWA0_ch05,gPO_sBM_cAll_d12_mPO3_ch02,gPO_sBM_cAll_d12_mPO3_ch02,10.200000,gPO_sBM_cAll_d10_mPO0_ch01;gPO_sBM_cAll_d11_mPO0_ch01;gPO_sBM_cAll_d11_mPO0_ch02;gPO_sBM_cAll_d10_mPO0_ch02;gPO_sBM_cAll_d12_mPO3_ch02,,,,,,0.884867059,,0.000000,,,,,,,,,,0.000000,beat-sync,0.833873,0.843254,,-0.000184932,0.231933580,right_wrist_yaw,0.531950820,right_wrist_yaw,0.231933580,right_wrist_yaw,0.662500524,right_wrist_yaw,-0.225395,0.004321,0.939487,-0.015155,0.000000000,0.000000000,0.000000000,0.000000000,0.000000000,0.000000000,10.296000,0.000000000,0.000000000,,4.492334,3.682540,205.704800,,0.006871564,0,1,0,5,gPO_sBM_cAll_d10_mPO0_ch01;gPO_sBM_cAll_d11_mPO0_ch01;gPO_sBM_cAll_d11_mPO0_ch02;gPO_sBM_cAll_d10_mPO0_ch02;gPO_sBM_cAll_d12_mPO3_ch02,,68.960300,846.368900,77.199300,5903.202400,accepted,0.561802,,0.872405,0.235121872,34.518203,0.122156,HO,0.739618,0.002339,0.002826,JB3:0.678553;JB5:0.676214;JB1:0.665015;JB2:0.615575;HO5:0.604609,gHO_sBM_cAll_d20_mHO5_ch10:0.665760;gHO_sBM_cAll_d21_mHO5_ch10:0.662934;gHO_sBM_cAll_d20_mHO5_ch06:0.662848;gHO_sBM_cAll_d21_mHO5_ch09:0.661733;gHO_sBM_cAll_d21_mHO5_ch03:0.654125;gHO_sBM_cAll_d21_mHO5_ch05:0.647638;gHO_sBM_cAll_d20_mHO5_ch05:0.644517;gHO_sBM_cAll_d21_mHO5_ch02:0.644121;gHO_sBM_cAll_d20_mHO5_ch04:0.643571;gHO_sBM_cAll_d21_mHO5_ch04:0.641417,Electronic---Techno:0.336500;Electronic---Electro:0.221819;Electronic---EBM:0.125628;Electronic---Ambient:0.122156;Electronic---Synthwave:0.104314,WA:v0:k1:r1,,JB3,0.678553,gHO_sBM_cAll_d20_mHO5_ch10,0.665760,120.967742
11.128000,11.149987400,,hermite,ready,,,,,0,1.0,0,gWA_sBM_cAll_d26_mWA0_ch05,gPO_sBM_cAll_d12_mPO3_ch02,gPO_sBM_cAll_d12_mPO3_ch02,10.200000,gPO_sBM_cAll_d10_mPO0_ch01;gPO_sBM_cAll_d11_mPO0_ch01;gPO_sBM_cAll_d11_mPO0_ch02;gPO_sBM_cAll_d10_mPO0_ch02;gPO_sBM_cAll_d12_mPO3_ch02,,,,,,0.889489966,,0.000000,,,,,,,,,,0.000000,beat-sync,0.836082,0.843254,,-0.000141834,0.255745896,right_wrist_yaw,0.571371577,left_wrist_yaw,0.255745896,right_wrist_yaw,0.945065660,left_wrist_yaw,-0.208856,-0.006943,0.934907,0.086970,0.000000000,0.000000000,0.000000000,0.000000000,0.000000000,0.000000000,10.296000,0.000000000,0.000000000,,5.780554,4.209523,90.340075,,0.006831959,0,1,0,5,gPO_sBM_cAll_d10_mPO0_ch01;gPO_sBM_cAll_d11_mPO0_ch01;gPO_sBM_cAll_d11_mPO0_ch02;gPO_sBM_cAll_d10_mPO0_ch02;gPO_sBM_cAll_d12_mPO3_ch02,,68.960300,846.368900,77.199300,5903.202400,accepted,0.561802,,0.872405,0.235121872,34.518203,0.122156,HO,0.739618,0.002339,0.002826,JB3:0.678553;JB5:0.676214;JB1:0.665015;JB2:0.615575;HO5:0.604609,gHO_sBM_cAll_d20_mHO5_ch10:0.665760;gHO_sBM_cAll_d21_mHO5_ch10:0.662934;gHO_sBM_cAll_d20_mHO5_ch06:0.662848;gHO_sBM_cAll_d21_mHO5_ch09:0.661733;gHO_sBM_cAll_d21_mHO5_ch03:0.654125;gHO_sBM_cAll_d21_mHO5_ch05:0.647638;gHO_sBM_cAll_d20_mHO5_ch05:0.644517;gHO_sBM_cAll_d21_mHO5_ch02:0.644121;gHO_sBM_cAll_d20_mHO5_ch04:0.643571;gHO_sBM_cAll_d21_mHO5_ch04:0.641417,Electronic---Techno:0.336500;Electronic---Electro:0.221819;Electronic---EBM:0.125628;Electronic---Ambient:0.122156;Electronic---Synthwave:0.104314,WA:v0:k1:r1,,JB3,0.678553,gHO_sBM_cAll_d20_mHO5_ch10,0.665760,120.967742
11.160000,11.175064900,,hermite,ready,,,,,0,1.0,0,gWA_sBM_cAll_d26_mWA0_ch05,gPO_sBM_cAll_d12_mPO3_ch02,gPO_sBM_cAll_d12_mPO3_ch02,10.200000,gPO_sBM_cAll_d10_mPO0_ch01;gPO_sBM_cAll_d11_mPO0_ch01;gPO_sBM_cAll_d11_mPO0_ch02;gPO_sBM_cAll_d10_mPO0_ch02;gPO_sBM_cAll_d12_mPO3_ch02,,,,,,0.891261719,,0.000000,,,,,,,,,,0.000000,beat-sync,0.836763,0.843254,,-0.000128142,0.260285383,right_wrist_yaw,0.454216969,left_wrist_yaw,0.260285383,right_wrist_yaw,0.581899736,left_wrist_yaw,-0.204366,-0.008404,0.935205,0.120405,0.000000000,0.000000000,0.000000000,0.000000000,0.000000000,0.000000000,10.296000,0.000000000,0.000000000,,5.212240,4.226976,133.903737,,0.006817224,0,1,0,5,gPO_sBM_cAll_d10_mPO0_ch01;gPO_sBM_cAll_d11_mPO0_ch01;gPO_sBM_cAll_d11_mPO0_ch02;gPO_sBM_cAll_d10_mPO0_ch02;gPO_sBM_cAll_d12_mPO3_ch02,,68.960300,846.368900,77.199300,5903.202400,accepted,0.561802,,0.872405,0.235121872,34.518203,0.122156,HO,0.739618,0.002339,0.002826,JB3:0.678553;JB5:0.676214;JB1:0.665015;JB2:0.615575;HO5:0.604609,gHO_sBM_cAll_d20_mHO5_ch10:0.665760;gHO_sBM_cAll_d21_mHO5_ch10:0.662934;gHO_sBM_cAll_d20_mHO5_ch06:0.662848;gHO_sBM_cAll_d21_mHO5_ch09:0.661733;gHO_sBM_cAll_d21_mHO5_ch03:0.654125;gHO_sBM_cAll_d21_mHO5_ch05:0.647638;gHO_sBM_cAll_d20_mHO5_ch05:0.644517;gHO_sBM_cAll_d21_mHO5_ch02:0.644121;gHO_sBM_cAll_d20_mHO5_ch04:0.643571;gHO_sBM_cAll_d21_mHO5_ch04:0.641417,Electronic---Techno:0.336500;Electronic---Electro:0.221819;Electronic---EBM:0.125628;Electronic---Ambient:0.122156;Electronic---Synthwave:0.104314,WA:v0:k1:r1,,JB3,0.678553,gHO_sBM_cAll_d20_mHO5_ch10,0.665760,120.967742
11.224000,11.243516500,,hermite,ready,,,,,0,1.0,0,gWA_sBM_cAll_d26_mWA0_ch05,gPO_sBM_cAll_d12_mPO3_ch02,gPO_sBM_cAll_d12_mPO3_ch02,10.200000,gPO_sBM_cAll_d10_mPO0_ch01;gPO_sBM_cAll_d11_mPO0_ch01;gPO_sBM_cAll_d11_mPO0_ch02;gPO_sBM_cAll_d10_mPO0_ch02;gPO_sBM_cAll_d12_mPO3_ch02,,,,,,0.895925792,,0.000000,,,,,,,,,,0.000000,beat-sync,0.838289,0.843254,,-0.000098125,0.224089741,right_wrist_yaw,1.136210290,right_wrist_yaw,0.224089741,right_wrist_yaw,1.292034862,right_wrist_yaw,-0.195032,-0.009802,0.941598,0.174205,0.000000000,0.000000000,0.000000000,0.000000000,0.000000000,0.000000000,10.296000,0.000000000,0.000000000,,5.198132,4.396652,47.411990,,0.006778241,0,1,0,5,gPO_sBM_cAll_d10_mPO0_ch01;gPO_sBM_cAll_d11_mPO0_ch01;gPO_sBM_cAll_d11_mPO0_ch02;gPO_sBM_cAll_d10_mPO0_ch02;gPO_sBM_cAll_d12_mPO3_ch02,,68.960300,846.368900,77.199300,5903.202400,accepted,0.561802,,0.872405,0.235121872,34.518203,0.122156,HO,0.739618,0.002339,0.002826,JB3:0.678553;JB5:0.676214;JB1:0.665015;JB2:0.615575;HO5:0.604609,gHO_sBM_cAll_d20_mHO5_ch10:0.665760;gHO_sBM_cAll_d21_mHO5_ch10:0.662934;gHO_sBM_cAll_d20_mHO5_ch06:0.662848;gHO_sBM_cAll_d21_mHO5_ch09:0.661733;gHO_sBM_cAll_d21_mHO5_ch03:0.654125;gHO_sBM_cAll_d21_mHO5_ch05:0.647638;gHO_sBM_cAll_d20_mHO5_ch05:0.644517;gHO_sBM_cAll_d21_mHO5_ch02:0.644121;gHO_sBM_cAll_d20_mHO5_ch04:0.643571;gHO_sBM_cAll_d21_mHO5_ch04:0.641417,Electronic---Techno:0.336500;Electronic---Electro:0.221819;Electronic---EBM:0.125628;Electronic---Ambient:0.122156;Electronic---Synthwave:0.104314,WA:v0:k1:r1,,JB3,0.678553,gHO_sBM_cAll_d20_mHO5_ch10,0.665760,120.967742
11.256000,11.276318800,,hermite,ready,,,,,0,1.0,0,gWA_sBM_cAll_d26_mWA0_ch05,gPO_sBM_cAll_d12_mPO3_ch02,gPO_sBM_cAll_d12_mPO3_ch02,10.200000,gPO_sBM_cAll_d10_mPO0_ch01;gPO_sBM_cAll_d11_mPO0_ch01;gPO_sBM_cAll_d11_mPO0_ch02;gPO_sBM_cAll_d10_mPO0_ch02;gPO_sBM_cAll_d12_mPO3_ch02,,,,,,0.898353559,,0.000000,,,,,,,,,,0.000000,beat-sync,0.904436,1.058468,,0.007643515,0.190342436,right_wrist_yaw,0.904844641,left_wrist_yaw,0.190342436,right_wrist_yaw,1.115753244,left_wrist_yaw,-0.191048,-0.010248,0.948338,0.184959,0.000000000,0.000000000,0.000000000,0.000000000,0.000000000,0.000000000,11.224000,0.000000000,0.000000000,,5.489279,4.291559,103.358653,,0.006758916,0,1,0,5,gPO_sBM_cAll_d10_mPO0_ch01;gPO_sBM_cAll_d11_mPO0_ch01;gPO_sBM_cAll_d11_mPO0_ch02;gPO_sBM_cAll_d10_mPO0_ch02;gPO_sBM_cAll_d12_mPO3_ch02,,68.960300,846.368900,77.199300,5903.202400,accepted,0.561802,,0.872405,0.235121872,34.518203,0.122156,HO,0.739618,0.002339,0.002826,JB3:0.678553;JB5:0.676214;JB1:0.665015;JB2:0.615575;HO5:0.604609,gHO_sBM_cAll_d20_mHO5_ch10:0.665760;gHO_sBM_cAll_d21_mHO5_ch10:0.662934;gHO_sBM_cAll_d20_mHO5_ch06:0.662848;gHO_sBM_cAll_d21_mHO5_ch09:0.661733;gHO_sBM_cAll_d21_mHO5_ch03:0.654125;gHO_sBM_cAll_d21_mHO5_ch05:0.647638;gHO_sBM_cAll_d20_mHO5_ch05:0.644517;gHO_sBM_cAll_d21_mHO5_ch02:0.644121;gHO_sBM_cAll_d20_mHO5_ch04:0.643571;gHO_sBM_cAll_d21_mHO5_ch04:0.641417,Electronic---Techno:0.336500;Electronic---Electro:0.221819;Electronic---EBM:0.125628;Electronic---Ambient:0.122156;Electronic---Synthwave:0.104314,WA:v0:k1:r1,,JB3,0.678553,gHO_sBM_cAll_d20_mHO5_ch10,0.665760,120.967742
11.288000,11.317060700,beat_limiter_result,hermite,ready,,,,,0,1.0,0,gWA_sBM_cAll_d26_mWA0_ch05,gPO_sBM_cAll_d12_mPO3_ch02,gPO_sBM_cAll_d12_mPO3_ch02,10.200000,gPO_sBM_cAll_d10_mPO0_ch01;gPO_sBM_cAll_d11_mPO0_ch01;gPO_sBM_cAll_d11_mPO0_ch02;gPO_sBM_cAll_d10_mPO0_ch02;gPO_sBM_cAll_d12_mPO3_ch02,,,,,,0.901662512,,0.000000,,,,,,,,,,0.000000,beat-sync,0.987535,1.058468,,0.007430390,0.159227448,right_wrist_yaw,1.029404784,left_wrist_yaw,0.159227448,right_wrist_yaw,1.600084532,left_wrist_yaw,-0.187566,-0.012617,0.961677,0.205603,0.000000000,0.000000000,0.000000000,0.000000000,0.000000000,0.000000000,11.224000,0.000000000,0.000000000,,4.786778,3.486377,99.627389,,0.006734914,0,1,0,5,gPO_sBM_cAll_d10_mPO0_ch01;gPO_sBM_cAll_d11_mPO0_ch01;gPO_sBM_cAll_d11_mPO0_ch02;gPO_sBM_cAll_d10_mPO0_ch02;gPO_sBM_cAll_d12_mPO3_ch02,,68.960300,846.368900,77.199300,5903.202400,accepted,0.561802,,0.872405,0.235121872,34.518203,0.122156,HO,0.739618,0.002339,0.002826,JB3:0.678553;JB5:0.676214;JB1:0.665015;JB2:0.615575;HO5:0.604609,gHO_sBM_cAll_d20_mHO5_ch10:0.665760;gHO_sBM_cAll_d21_mHO5_ch10:0.662934;gHO_sBM_cAll_d20_mHO5_ch06:0.662848;gHO_sBM_cAll_d21_mHO5_ch09:0.661733;gHO_sBM_cAll_d21_mHO5_ch03:0.654125;gHO_sBM_cAll_d21_mHO5_ch05:0.647638;gHO_sBM_cAll_d20_mHO5_ch05:0.644517;gHO_sBM_cAll_d21_mHO5_ch02:0.644121;gHO_sBM_cAll_d20_mHO5_ch04:0.643571;gHO_sBM_cAll_d21_mHO5_ch04:0.641417,Electronic---Techno:0.336500;Electronic---Electro:0.221819;Electronic---EBM:0.125628;Electronic---Ambient:0.122156;Electronic---Synthwave:0.104314,WA:v0:k1:r1,,JB3,0.678553,gHO_sBM_cAll_d20_mHO5_ch10,0.665760,120.967742
11.320000,11.334283700,,hermite,ready,,,,,0,1.0,0,gWA_sBM_cAll_d26_mWA0_ch05,gPO_sBM_cAll_d12_mPO3_ch02,gPO_sBM_cAll_d12_mPO3_ch02,10.200000,gPO_sBM_cAll_d10_mPO0_ch01;gPO_sBM_cAll_d11_mPO0_ch01;gPO_sBM_cAll_d11_mPO0_ch02;gPO_sBM_cAll_d10_mPO0_ch02;gPO_sBM_cAll_d12_mPO3_ch02,,,,,,0.903126792,,0.000000,,,,,,,,,,0.000000,beat-sync,1.022161,1.058468,,0.007286541,0.152385213,right_wrist_yaw,1.456796260,left_wrist_yaw,0.152385213,right_wrist_yaw,1.621862986,left_wrist_yaw,-0.187178,-0.013819,0.968228,0.222473,0.000000000,0.000000000,0.000000000,0.000000000,0.000000000,0.000000000,11.224000,0.000000000,0.000000000,,2.295421,1.945258,103.401486,,0.006725361,0,1,0,5,gPO_sBM_cAll_d10_mPO0_ch01;gPO_sBM_cAll_d11_mPO0_ch01;gPO_sBM_cAll_d11_mPO0_ch02;gPO_sBM_cAll_d10_mPO0_ch02;gPO_sBM_cAll_d12_mPO3_ch02,,68.960300,846.368900,77.199300,5903.202400,accepted,0.561802,,0.872405,0.235121872,34.518203,0.122156,HO,0.739618,0.002339,0.002826,JB3:0.678553;JB5:0.676214;JB1:0.665015;JB2:0.615575;HO5:0.604609,gHO_sBM_cAll_d20_mHO5_ch10:0.665760;gHO_sBM_cAll_d21_mHO5_ch10:0.662934;gHO_sBM_cAll_d20_mHO5_ch06:0.662848;gHO_sBM_cAll_d21_mHO5_ch09:0.661733;gHO_sBM_cAll_d21_mHO5_ch03:0.654125;gHO_sBM_cAll_d21_mHO5_ch05:0.647638;gHO_sBM_cAll_d20_mHO5_ch05:0.644517;gHO_sBM_cAll_d21_mHO5_ch02:0.644121;gHO_sBM_cAll_d20_mHO5_ch04:0.643571;gHO_sBM_cAll_d21_mHO5_ch04:0.641417,Electronic---Techno:0.336500;Electronic---Electro:0.221819;Electronic---EBM:0.125628;Electronic---Ambient:0.122156;Electronic---Synthwave:0.104314,WA:v0:k1:r1,,JB3,0.678553,gHO_sBM_cAll_d20_mHO5_ch10,0.665760,120.967742
11.352000,11.367168900,,hermite,ready,,,,,0,1.0,0,gWA_sBM_cAll_d26_mWA0_ch05,gPO_sBM_cAll_d12_mPO3_ch02,gPO_sBM_cAll_d12_mPO3_ch02,10.200000,gPO_sBM_cAll_d10_mPO0_ch01;gPO_sBM_cAll_d11_mPO0_ch01;gPO_sBM_cAll_d11_mPO0_ch02;gPO_sBM_cAll_d10_mPO0_ch02;gPO_sBM_cAll_d12_mPO3_ch02,,,,,,0.906038658,,0.000000,,,,,,,,,,0.000000,beat-sync,1.087801,1.058468,,0.006919973,0.148087734,right_wrist_yaw,1.372173630,left_wrist_yaw,0.148087734,right_wrist_yaw,2.030251100,left_wrist_yaw,-0.185480,-0.016083,0.978149,0.279983,0.000000000,0.000000000,0.000000000,0.000000000,0.000000000,0.000000000,11.224000,0.000000000,0.000000000,,3.911339,3.060750,191.980339,,0.006706336,0,1,0,5,gPO_sBM_cAll_d10_mPO0_ch01;gPO_sBM_cAll_d11_mPO0_ch01;gPO_sBM_cAll_d11_mPO0_ch02;gPO_sBM_cAll_d10_mPO0_ch02;gPO_sBM_cAll_d12_mPO3_ch02,,68.960300,846.368900,77.199300,5903.202400,accepted,0.561802,,0.872405,0.235121872,34.518203,0.122156,HO,0.739618,0.002339,0.002826,JB3:0.678553;JB5:0.676214;JB1:0.665015;JB2:0.615575;HO5:0.604609,gHO_sBM_cAll_d20_mHO5_ch10:0.665760;gHO_sBM_cAll_d21_mHO5_ch10:0.662934;gHO_sBM_cAll_d20_mHO5_ch06:0.662848;gHO_sBM_cAll_d21_mHO5_ch09:0.661733;gHO_sBM_cAll_d21_mHO5_ch03:0.654125;gHO_sBM_cAll_d21_mHO5_ch05:0.647638;gHO_sBM_cAll_d20_mHO5_ch05:0.644517;gHO_sBM_cAll_d21_mHO5_ch02:0.644121;gHO_sBM_cAll_d20_mHO5_ch04:0.643571;gHO_sBM_cAll_d21_mHO5_ch04:0.641417,Electronic---Techno:0.336500;Electronic---Electro:0.221819;Electronic---EBM:0.125628;Electronic---Ambient:0.122156;Electronic---Synthwave:0.104314,WA:v0:k1:r1,,JB3,0.678553,gHO_sBM_cAll_d20_mHO5_ch10,0.665760,120.967742
11.416000,11.433452800,,hermite,ready,,,,,0,1.0,0,gWA_sBM_cAll_d26_mWA0_ch05,gPO_sBM_cAll_d12_mPO3_ch02,gPO_sBM_cAll_d12_mPO3_ch02,10.200000,gPO_sBM_cAll_d10_mPO0_ch01;gPO_sBM_cAll_d11_mPO0_ch01;gPO_sBM_cAll_d11_mPO0_ch02;gPO_sBM_cAll_d10_mPO0_ch02;gPO_sBM_cAll_d12_mPO3_ch02,,,,,,0.912491537,,0.000000,,,,,,,,,,0.000000,beat-sync,1.220809,1.058468,,0.005768939,0.208470677,right_wrist_yaw,1.569104245,right_wrist_yaw,0.208470677,right_wrist_yaw,2.904522246,right_wrist_yaw,-0.176683,-0.017165,0.985156,0.397243,0.000000000,0.000000000,0.000000000,0.000000000,0.000000000,0.000000000,11.224000,0.000000000,0.000000000,,4.111228,2.904271,94.783911,,0.006668607,0,1,0,5,gPO_sBM_cAll_d10_mPO0_ch01;gPO_sBM_cAll_d11_mPO0_ch01;gPO_sBM_cAll_d11_mPO0_ch02;gPO_sBM_cAll_d10_mPO0_ch02;gPO_sBM_cAll_d12_mPO3_ch02,,68.960300,846.368900,77.199300,5903.202400,accepted,0.561802,,0.872405,0.235121872,34.518203,0.122156,HO,0.739618,0.002339,0.002826,JB3:0.678553;JB5:0.676214;JB1:0.665015;JB2:0.615575;HO5:0.604609,gHO_sBM_cAll_d20_mHO5_ch10:0.665760;gHO_sBM_cAll_d21_mHO5_ch10:0.662934;gHO_sBM_cAll_d20_mHO5_ch06:0.662848;gHO_sBM_cAll_d21_mHO5_ch09:0.661733;gHO_sBM_cAll_d21_mHO5_ch03:0.654125;gHO_sBM_cAll_d21_mHO5_ch05:0.647638;gHO_sBM_cAll_d20_mHO5_ch05:0.644517;gHO_sBM_cAll_d21_mHO5_ch02:0.644121;gHO_sBM_cAll_d20_mHO5_ch04:0.643571;gHO_sBM_cAll_d21_mHO5_ch04:0.641417,Electronic---Techno:0.336500;Electronic---Electro:0.221819;Electronic---EBM:0.125628;Electronic---Ambient:0.122156;Electronic---Synthwave:0.104314,WA:v0:k1:r1,,JB3,0.678553,gHO_sBM_cAll_d20_mHO5_ch10,0.665760,120.967742
11.480000,11.492017900,match,hermite,ready,,,,,0,1.0,0,gWA_sBM_cAll_d26_mWA0_ch05,gPO_sBM_cAll_d12_mPO3_ch02,gPO_sBM_cAll_d12_mPO3_ch02,11.224000,gPO_sBM_cAll_d10_mPO0_ch01;gPO_sBM_cAll_d11_mPO0_ch01;gPO_sBM_cAll_d11_mPO0_ch02;gPO_sBM_cAll_d10_mPO0_ch02;gPO_sBM_cAll_d12_mPO3_ch02,,,,,,0.918501663,,0.000000,,,,,,,,,,0.000000,beat-sync,1.212071,1.058468,,0.004564979,0.280448277,right_wrist_yaw,1.634583571,left_wrist_yaw,0.280448277,right_wrist_yaw,2.195781375,left_wrist_yaw,-0.170533,-0.014927,0.989307,0.460620,0.000000000,0.000000000,0.000000000,0.000000000,0.000000000,0.000000000,11.224000,0.000000000,0.000000000,,5.453516,4.293151,126.659772,,0.006635940,0,1,0,5,gPO_sBM_cAll_d10_mPO0_ch01;gPO_sBM_cAll_d11_mPO0_ch01;gPO_sBM_cAll_d11_mPO0_ch02;gPO_sBM_cAll_d10_mPO0_ch02;gPO_sBM_cAll_d12_mPO3_ch02,,68.960300,846.368900,77.199300,5903.202400,accepted,0.945341,,0.900620,0.238096797,33.766498,0.117530,HO,0.825141,0.004198,0.002786,JB3:0.677740;JB5:0.673542;JB1:0.660599;JB2:0.612309;LO4:0.611277,gHO_sBM_cAll_d20_mHO5_ch10:0.665438;gHO_sBM_cAll_d21_mHO5_ch10:0.662652;gHO_sBM_cAll_d20_mHO5_ch06:0.662545;gHO_sBM_cAll_d21_mHO5_ch09:0.661468;gHO_sBM_cAll_d21_mHO5_ch03:0.654242;gHO_sBM_cAll_d21_mHO5_ch05:0.647517;gHO_sBM_cAll_d20_mHO5_ch05:0.644325;gHO_sBM_cAll_d21_mHO5_ch02:0.644091;gHO_sBM_cAll_d20_mHO5_ch04:0.643459;gHO_sBM_cAll_d21_mHO5_ch04:0.641393,Electronic---Techno:0.328004;Electronic---Electro:0.213235;Electronic---Ambient:0.117530;Electronic---EBM:0.114195;Electronic---Synthwave:0.100376,WA:v0:k1:r1,,JB3,0.677740,gHO_sBM_cAll_d20_mHO5_ch10,0.665438,120.967742
11.512000,11.525373500,,hermite,ready,,,,,0,1.0,0,gWA_sBM_cAll_d26_mWA0_ch05,gPO_sBM_cAll_d12_mPO3_ch02,gPO_sBM_cAll_d12_mPO3_ch02,11.224000,gPO_sBM_cAll_d10_mPO0_ch01;gPO_sBM_cAll_d11_mPO0_ch01;gPO_sBM_cAll_d11_mPO0_ch02;gPO_sBM_cAll_d10_mPO0_ch02;gPO_sBM_cAll_d12_mPO3_ch02,,,,,,0.921814874,,0.000000,,,,,,,,,,0.000000,beat-sync,1.194048,1.058468,,0.003999419,0.253293540,right_wrist_yaw,0.785570874,right_wrist_yaw,0.253293540,right_wrist_yaw,1.441340399,right_wrist_yaw,-0.170537,-0.010120,0.992601,0.526404,0.000000000,0.000000000,0.000000000,0.000000000,0.000000000,0.000000000,11.224000,0.000000000,0.000000000,,7.220304,5.098395,234.971531,,0.006617417,0,1,0,5,gPO_sBM_cAll_d10_mPO0_ch01;gPO_sBM_cAll_d11_mPO0_ch01;gPO_sBM_cAll_d11_mPO0_ch02;gPO_sBM_cAll_d10_mPO0_ch02;gPO_sBM_cAll_d12_mPO3_ch02,,68.960300,846.368900,77.199300,5903.202400,accepted,0.945341,,0.900620,0.238096797,33.766498,0.117530,HO,0.825141,0.004198,0.002786,JB3:0.677740;JB5:0.673542;JB1:0.660599;JB2:0.612309;LO4:0.611277,gHO_sBM_cAll_d20_mHO5_ch10:0.665438;gHO_sBM_cAll_d21_mHO5_ch10:0.662652;gHO_sBM_cAll_d20_mHO5_ch06:0.662545;gHO_sBM_cAll_d21_mHO5_ch09:0.661468;gHO_sBM_cAll_d21_mHO5_ch03:0.654242;gHO_sBM_cAll_d21_mHO5_ch05:0.647517;gHO_sBM_cAll_d20_mHO5_ch05:0.644325;gHO_sBM_cAll_d21_mHO5_ch02:0.644091;gHO_sBM_cAll_d20_mHO5_ch04:0.643459;gHO_sBM_cAll_d21_mHO5_ch04:0.641393,Electronic---Techno:0.328004;Electronic---Electro:0.213235;Electronic---Ambient:0.117530;Electronic---EBM:0.114195;Electronic---Synthwave:0.100376,WA:v0:k1:r1,,JB3,0.677740,gHO_sBM_cAll_d20_mHO5_ch10,0.665438,120.967742
11.576000,11.584238100,,hermite,ready,,,,,0,1.0,0,gWA_sBM_cAll_d26_mWA0_ch05,gPO_sBM_cAll_d12_mPO3_ch02,gPO_sBM_cAll_d12_mPO3_ch02,11.224000,gPO_sBM_cAll_d10_mPO0_ch01;gPO_sBM_cAll_d11_mPO0_ch01;gPO_sBM_cAll_d11_mPO0_ch02;gPO_sBM_cAll_d10_mPO0_ch02;gPO_sBM_cAll_d12_mPO3_ch02,,,,,,0.927581510,,0.000000,,,,,,,,,,0.000000,beat-sync,1.167352,1.058468,,0.003163161,0.172658024,left_wrist_yaw,2.175221519,right_wrist_yaw,0.172658024,left_wrist_yaw,2.716690546,right_wrist_yaw,-0.179658,-0.002692,0.995049,0.692353,0.000000000,0.000000000,0.000000000,0.000000000,0.000000000,0.000000000,11.224000,0.000000000,0.000000000,,3.277431,2.500638,167.556077,,0.006585249,0,1,0,5,gPO_sBM_cAll_d10_mPO0_ch01;gPO_sBM_cAll_d11_mPO0_ch01;gPO_sBM_cAll_d11_mPO0_ch02;gPO_sBM_cAll_d10_mPO0_ch02;gPO_sBM_cAll_d12_mPO3_ch02,,68.960300,846.368900,77.199300,5903.202400,accepted,0.945341,,0.900620,0.238096797,33.766498,0.117530,HO,0.825141,0.004198,0.002786,JB3:0.677740;JB5:0.673542;JB1:0.660599;JB2:0.612309;LO4:0.611277,gHO_sBM_cAll_d20_mHO5_ch10:0.665438;gHO_sBM_cAll_d21_mHO5_ch10:0.662652;gHO_sBM_cAll_d20_mHO5_ch06:0.662545;gHO_sBM_cAll_d21_mHO5_ch09:0.661468;gHO_sBM_cAll_d21_mHO5_ch03:0.654242;gHO_sBM_cAll_d21_mHO5_ch05:0.647517;gHO_sBM_cAll_d20_mHO5_ch05:0.644325;gHO_sBM_cAll_d21_mHO5_ch02:0.644091;gHO_sBM_cAll_d20_mHO5_ch04:0.643459;gHO_sBM_cAll_d21_mHO5_ch04:0.641393,Electronic---Techno:0.328004;Electronic---Electro:0.213235;Electronic---Ambient:0.117530;Electronic---EBM:0.114195;Electronic---Synthwave:0.100376,WA:v0:k1:r1,,JB3,0.677740,gHO_sBM_cAll_d20_mHO5_ch10,0.665438,120.967742
11.608000,11.616870300,,hermite,ready,,,,,0,1.0,0,gWA_sBM_cAll_d26_mWA0_ch05,gPO_sBM_cAll_d12_mPO3_ch02,gPO_sBM_cAll_d12_mPO3_ch02,11.224000,gPO_sBM_cAll_d10_mPO0_ch01;gPO_sBM_cAll_d11_mPO0_ch01;gPO_sBM_cAll_d11_mPO0_ch02;gPO_sBM_cAll_d10_mPO0_ch02;gPO_sBM_cAll_d12_mPO3_ch02,,,,,,0.930780330,,0.000000,,,,,,,,,,0.000000,beat-sync,1.154431,1.058468,,0.002771241,0.164726165,left_wrist_yaw,1.681406791,right_wrist_yaw,0.164726165,left_wrist_yaw,2.278847748,right_wrist_yaw,-0.185761,0.002698,0.991277,0.800951,0.000000000,0.000000000,0.000000000,0.000000000,0.000000000,0.000000000,11.224000,0.000000000,0.000000000,,3.054373,2.394110,95.905411,,0.006567007,0,1,0,5,gPO_sBM_cAll_d10_mPO0_ch01;gPO_sBM_cAll_d11_mPO0_ch01;gPO_sBM_cAll_d11_mPO0_ch02;gPO_sBM_cAll_d10_mPO0_ch02;gPO_sBM_cAll_d12_mPO3_ch02,,68.960300,846.368900,77.199300,5903.202400,accepted,0.945341,,0.900620,0.238096797,33.766498,0.117530,HO,0.825141,0.004198,0.002786,JB3:0.677740;JB5:0.673542;JB1:0.660599;JB2:0.612309;LO4:0.611277,gHO_sBM_cAll_d20_mHO5_ch10:0.665438;gHO_sBM_cAll_d21_mHO5_ch10:0.662652;gHO_sBM_cAll_d20_mHO5_ch06:0.662545;gHO_sBM_cAll_d21_mHO5_ch09:0.661468;gHO_sBM_cAll_d21_mHO5_ch03:0.654242;gHO_sBM_cAll_d21_mHO5_ch05:0.647517;gHO_sBM_cAll_d20_mHO5_ch05:0.644325;gHO_sBM_cAll_d21_mHO5_ch02:0.644091;gHO_sBM_cAll_d20_mHO5_ch04:0.643459;gHO_sBM_cAll_d21_mHO5_ch04:0.641393,Electronic---Techno:0.328004;Electronic---Electro:0.213235;Electronic---Ambient:0.117530;Electronic---EBM:0.114195;Electronic---Synthwave:0.100376,WA:v0:k1:r1,,JB3,0.677740,gHO_sBM_cAll_d20_mHO5_ch10,0.665438,120.967742
11.672000,11.692089500,,hermite,ready,,,,,0,1.0,0,gWA_sBM_cAll_d26_mWA0_ch05,gPO_sBM_cAll_d12_mPO3_ch02,gPO_sBM_cAll_d12_mPO3_ch02,11.224000,gPO_sBM_cAll_d10_mPO0_ch01;gPO_sBM_cAll_d11_mPO0_ch01;gPO_sBM_cAll_d11_mPO0_ch02;gPO_sBM_cAll_d10_mPO0_ch02;gPO_sBM_cAll_d12_mPO3_ch02,,,,,,0.937929709,,0.000000,,,,,,,,,,0.000000,beat-sync,1.130791,1.058468,,0.002052154,0.038427388,left_wrist_yaw,1.634639497,left_wrist_yaw,0.038427388,left_wrist_yaw,1.966081519,left_wrist_yaw,-0.198158,0.003587,0.965110,0.910897,0.000000000,0.000000000,0.000000000,0.000000000,0.000000000,0.000000000,11.224000,0.000000000,0.000000000,,11.591450,9.061726,277.296421,,0.006526331,0,1,0,5,gPO_sBM_cAll_d10_mPO0_ch01;gPO_sBM_cAll_d11_mPO0_ch01;gPO_sBM_cAll_d11_mPO0_ch02;gPO_sBM_cAll_d10_mPO0_ch02;gPO_sBM_cAll_d12_mPO3_ch02,,68.960300,846.368900,77.199300,5903.202400,accepted,0.945341,,0.900620,0.238096797,33.766498,0.117530,HO,0.825141,0.004198,0.002786,JB3:0.677740;JB5:0.673542;JB1:0.660599;JB2:0.612309;LO4:0.611277,gHO_sBM_cAll_d20_mHO5_ch10:0.665438;gHO_sBM_cAll_d21_mHO5_ch10:0.662652;gHO_sBM_cAll_d20_mHO5_ch06:0.662545;gHO_sBM_cAll_d21_mHO5_ch09:0.661468;gHO_sBM_cAll_d21_mHO5_ch03:0.654242;gHO_sBM_cAll_d21_mHO5_ch05:0.647517;gHO_sBM_cAll_d20_mHO5_ch05:0.644325;gHO_sBM_cAll_d21_mHO5_ch02:0.644091;gHO_sBM_cAll_d20_mHO5_ch04:0.643459;gHO_sBM_cAll_d21_mHO5_ch04:0.641393,Electronic---Techno:0.328004;Electronic---Electro:0.213235;Electronic---Ambient:0.117530;Electronic---EBM:0.114195;Electronic---Synthwave:0.100376,WA:v0:k1:r1,,JB3,0.677740,gHO_sBM_cAll_d20_mHO5_ch10,0.665438,120.967742
11.704000,11.725009700,,hermite,ready,,,,,0,1.0,0,gWA_sBM_cAll_d26_mWA0_ch05,gPO_sBM_cAll_d12_mPO3_ch02,gPO_sBM_cAll_d12_mPO3_ch02,11.224000,gPO_sBM_cAll_d10_mPO0_ch01;gPO_sBM_cAll_d11_mPO0_ch01;gPO_sBM_cAll_d11_mPO0_ch02;gPO_sBM_cAll_d10_mPO0_ch02;gPO_sBM_cAll_d12_mPO3_ch02,,,,,,0.941034658,,0.000000,,,,,,,,,,0.000000,beat-sync,1.122175,1.058468,,0.001797930,0.033300352,left_wrist_pitch,2.551053283,right_wrist_yaw,0.033300352,left_wrist_pitch,3.263201274,right_wrist_yaw,-0.198139,-0.001495,0.956693,0.866421,0.000000000,0.000000000,0.000000000,0.000000000,0.000000000,0.000000000,11.224000,0.000000000,0.000000000,,12.884840,10.212281,199.547737,,0.006508414,0,1,0,5,gPO_sBM_cAll_d10_mPO0_ch01;gPO_sBM_cAll_d11_mPO0_ch01;gPO_sBM_cAll_d11_mPO0_ch02;gPO_sBM_cAll_d10_mPO0_ch02;gPO_sBM_cAll_d12_mPO3_ch02,,68.960300,846.368900,77.199300,5903.202400,accepted,0.945341,,0.900620,0.238096797,33.766498,0.117530,HO,0.825141,0.004198,0.002786,JB3:0.677740;JB5:0.673542;JB1:0.660599;JB2:0.612309;LO4:0.611277,gHO_sBM_cAll_d20_mHO5_ch10:0.665438;gHO_sBM_cAll_d21_mHO5_ch10:0.662652;gHO_sBM_cAll_d20_mHO5_ch06:0.662545;gHO_sBM_cAll_d21_mHO5_ch09:0.661468;gHO_sBM_cAll_d21_mHO5_ch03:0.654242;gHO_sBM_cAll_d21_mHO5_ch05:0.647517;gHO_sBM_cAll_d20_mHO5_ch05:0.644325;gHO_sBM_cAll_d21_mHO5_ch02:0.644091;gHO_sBM_cAll_d20_mHO5_ch04:0.643459;gHO_sBM_cAll_d21_mHO5_ch04:0.641393,Electronic---Techno:0.328004;Electronic---Electro:0.213235;Electronic---Ambient:0.117530;Electronic---EBM:0.114195;Electronic---Synthwave:0.100376,WA:v0:k1:r1,,JB3,0.677740,gHO_sBM_cAll_d20_mHO5_ch10,0.665438,120.967742
11.768000,11.791934200,,hermite,ready,,,,,0,1.0,0,gWA_sBM_cAll_d26_mWA0_ch05,gPO_sBM_cAll_d12_mPO3_ch02,gPO_sBM_cAll_d12_mPO3_ch02,11.224000,gPO_sBM_cAll_d10_mPO0_ch01;gPO_sBM_cAll_d11_mPO0_ch01;gPO_sBM_cAll_d11_mPO0_ch02;gPO_sBM_cAll_d10_mPO0_ch02;gPO_sBM_cAll_d12_mPO3_ch02,,,,,,0.947277175,,0.000000,,,,,,,,,,0.000000,beat-sync,1.107804,1.058468,,0.001374378,0.130663773,right_wrist_yaw,2.645277884,right_wrist_yaw,0.130663773,right_wrist_yaw,3.832802859,right_wrist_yaw,-0.190754,-0.009856,0.953573,0.681104,0.000000000,0.000000000,0.000000000,0.000000000,0.000000000,0.000000000,11.224000,0.000000000,0.000000000,,3.876485,3.057406,347.818288,,0.006472873,0,1,0,5,gPO_sBM_cAll_d10_mPO0_ch01;gPO_sBM_cAll_d11_mPO0_ch01;gPO_sBM_cAll_d11_mPO0_ch02;gPO_sBM_cAll_d10_mPO0_ch02;gPO_sBM_cAll_d12_mPO3_ch02,,68.960300,846.368900,77.199300,5903.202400,accepted,0.945341,,0.900620,0.238096797,33.766498,0.117530,HO,0.825141,0.004198,0.002786,JB3:0.677740;JB5:0.673542;JB1:0.660599;JB2:0.612309;LO4:0.611277,gHO_sBM_cAll_d20_mHO5_ch10:0.665438;gHO_sBM_cAll_d21_mHO5_ch10:0.662652;gHO_sBM_cAll_d20_mHO5_ch06:0.662545;gHO_sBM_cAll_d21_mHO5_ch09:0.661468;gHO_sBM_cAll_d21_mHO5_ch03:0.654242;gHO_sBM_cAll_d21_mHO5_ch05:0.647517;gHO_sBM_cAll_d20_mHO5_ch05:0.644325;gHO_sBM_cAll_d21_mHO5_ch02:0.644091;gHO_sBM_cAll_d20_mHO5_ch04:0.643459;gHO_sBM_cAll_d21_mHO5_ch04:0.641393,Electronic---Techno:0.328004;Electronic---Electro:0.213235;Electronic---Ambient:0.117530;Electronic---EBM:0.114195;Electronic---Synthwave:0.100376,WA:v0:k1:r1,,JB3,0.677740,gHO_sBM_cAll_d20_mHO5_ch10,0.665438,120.967742
11.800000,11.816936800,,hermite,ready,,,,,0,1.0,0,gWA_sBM_cAll_d26_mWA0_ch05,gPO_sBM_cAll_d12_mPO3_ch02,gPO_sBM_cAll_d12_mPO3_ch02,11.224000,gPO_sBM_cAll_d10_mPO0_ch01;gPO_sBM_cAll_d11_mPO0_ch01;gPO_sBM_cAll_d11_mPO0_ch02;gPO_sBM_cAll_d10_mPO0_ch02;gPO_sBM_cAll_d12_mPO3_ch02,,,,,,0.949541084,,0.000000,,,,,,,,,,0.000000,beat-sync,1.103432,1.058468,,0.001245810,0.222454996,right_wrist_yaw,0.609842899,right_wrist_yaw,0.222454996,right_wrist_yaw,0.916952196,right_wrist_yaw,-0.187767,-0.013796,0.957154,0.600826,0.000000000,0.000000000,0.000000000,0.000000000,0.000000000,0.000000000,11.224000,0.000000000,0.000000000,,0.961465,0.726995,646.858484,,0.006459645,0,1,0,5,gPO_sBM_cAll_d10_mPO0_ch01;gPO_sBM_cAll_d11_mPO0_ch01;gPO_sBM_cAll_d11_mPO0_ch02;gPO_sBM_cAll_d10_mPO0_ch02;gPO_sBM_cAll_d12_mPO3_ch02,,68.960300,846.368900,77.199300,5903.202400,accepted,0.945341,,0.900620,0.238096797,33.766498,0.117530,HO,0.825141,0.004198,0.002786,JB3:0.677740;JB5:0.673542;JB1:0.660599;JB2:0.612309;LO4:0.611277,gHO_sBM_cAll_d20_mHO5_ch10:0.665438;gHO_sBM_cAll_d21_mHO5_ch10:0.662652;gHO_sBM_cAll_d20_mHO5_ch06:0.662545;gHO_sBM_cAll_d21_mHO5_ch09:0.661468;gHO_sBM_cAll_d21_mHO5_ch03:0.654242;gHO_sBM_cAll_d21_mHO5_ch05:0.647517;gHO_sBM_cAll_d20_mHO5_ch05:0.644325;gHO_sBM_cAll_d21_mHO5_ch02:0.644091;gHO_sBM_cAll_d20_mHO5_ch04:0.643459;gHO_sBM_cAll_d21_mHO5_ch04:0.641393,Electronic---Techno:0.328004;Electronic---Electro:0.213235;Electronic---Ambient:0.117530;Electronic---EBM:0.114195;Electronic---Synthwave:0.100376,WA:v0:k1:r1,,JB3,0.677740,gHO_sBM_cAll_d20_mHO5_ch10,0.665438,120.967742
11.864000,11.883847000,,hermite,ready,,,,,0,1.0,0,gWA_sBM_cAll_d26_mWA0_ch05,gPO_sBM_cAll_d12_mPO3_ch02,gPO_sBM_cAll_d12_mPO3_ch02,11.224000,gPO_sBM_cAll_d10_mPO0_ch01;gPO_sBM_cAll_d11_mPO0_ch01;gPO_sBM_cAll_d11_mPO0_ch02;gPO_sBM_cAll_d10_mPO0_ch02;gPO_sBM_cAll_d12_mPO3_ch02,,,,,,0.955683783,,0.000000,,,,,,,,,,0.000000,beat-sync,1.093330,1.058468,,0.000952672,0.254723071,right_wrist_yaw,4.678508790,left_wrist_yaw,0.254723071,right_wrist_yaw,6.559257933,left_wrist_yaw,-0.182322,-0.023385,0.970539,0.499370,0.000000000,0.000000000,0.000000000,0.000000000,0.000000000,0.000000000,11.224000,0.000000000,0.000000000,,6.638897,5.153981,606.088421,,0.006424633,0,1,0,5,gPO_sBM_cAll_d10_mPO0_ch01;gPO_sBM_cAll_d11_mPO0_ch01;gPO_sBM_cAll_d11_mPO0_ch02;gPO_sBM_cAll_d10_mPO0_ch02;gPO_sBM_cAll_d12_mPO3_ch02,,68.960300,846.368900,77.199300,5903.202400,accepted,0.945341,,0.900620,0.238096797,33.766498,0.117530,HO,0.825141,0.004198,0.002786,JB3:0.677740;JB5:0.673542;JB1:0.660599;JB2:0.612309;LO4:0.611277,gHO_sBM_cAll_d20_mHO5_ch10:0.665438;gHO_sBM_cAll_d21_mHO5_ch10:0.662652;gHO_sBM_cAll_d20_mHO5_ch06:0.662545;gHO_sBM_cAll_d21_mHO5_ch09:0.661468;gHO_sBM_cAll_d21_mHO5_ch03:0.654242;gHO_sBM_cAll_d21_mHO5_ch05:0.647517;gHO_sBM_cAll_d20_mHO5_ch05:0.644325;gHO_sBM_cAll_d21_mHO5_ch02:0.644091;gHO_sBM_cAll_d20_mHO5_ch04:0.643459;gHO_sBM_cAll_d21_mHO5_ch04:0.641393,Electronic---Techno:0.328004;Electronic---Electro:0.213235;Electronic---Ambient:0.117530;Electronic---EBM:0.114195;Electronic---Synthwave:0.100376,WA:v0:k1:r1,,JB3,0.677740,gHO_sBM_cAll_d20_mHO5_ch10,0.665438,120.967742
11.928000,11.941747200,,hermite,ready,,,,,0,0.9977345416871184,0,gWA_sBM_cAll_d26_mWA0_ch05,gPO_sBM_cAll_d12_mPO3_ch02,gPO_sBM_cAll_d12_mPO3_ch02,11.224000,gPO_sBM_cAll_d10_mPO0_ch01;gPO_sBM_cAll_d11_mPO0_ch01;gPO_sBM_cAll_d11_mPO0_ch02;gPO_sBM_cAll_d10_mPO0_ch02;gPO_sBM_cAll_d12_mPO3_ch02,,,,,,0.960902167,,0.000000,,,,,,,,,,0.000000,beat-sync,1.049517,1.058468,,0.000000000,0.292599596,left_wrist_yaw,2.428486322,right_wrist_yaw,0.292599596,left_wrist_yaw,2.921522453,right_wrist_yaw,-0.181646,-0.024835,0.984238,0.410861,0.000000000,0.000000000,0.000000000,0.000000000,0.000000000,0.000000000,11.224000,0.000000000,0.000000000,,12.149771,9.641482,472.875689,,0.006394308,0,1,0,5,gPO_sBM_cAll_d10_mPO0_ch01;gPO_sBM_cAll_d11_mPO0_ch01;gPO_sBM_cAll_d11_mPO0_ch02;gPO_sBM_cAll_d10_mPO0_ch02;gPO_sBM_cAll_d12_mPO3_ch02,,68.960300,846.368900,77.199300,5903.202400,accepted,0.945341,,0.900620,0.238096797,33.766498,0.117530,HO,0.825141,0.004198,0.002786,JB3:0.677740;JB5:0.673542;JB1:0.660599;JB2:0.612309;LO4:0.611277,gHO_sBM_cAll_d20_mHO5_ch10:0.665438;gHO_sBM_cAll_d21_mHO5_ch10:0.662652;gHO_sBM_cAll_d20_mHO5_ch06:0.662545;gHO_sBM_cAll_d21_mHO5_ch09:0.661468;gHO_sBM_cAll_d21_mHO5_ch03:0.654242;gHO_sBM_cAll_d21_mHO5_ch05:0.647517;gHO_sBM_cAll_d20_mHO5_ch05:0.644325;gHO_sBM_cAll_d21_mHO5_ch02:0.644091;gHO_sBM_cAll_d20_mHO5_ch04:0.643459;gHO_sBM_cAll_d21_mHO5_ch04:0.641393,Electronic---Techno:0.328004;Electronic---Electro:0.213235;Electronic---Ambient:0.117530;Electronic---EBM:0.114195;Electronic---Synthwave:0.100376,WA:v0:k1:r1,,JB3,0.677740,gHO_sBM_cAll_d20_mHO5_ch10,0.665438,120.967742
11.960000,11.984147500,,hermite,ready,,,,,0,0.9727356460923149,0,gWA_sBM_cAll_d26_mWA0_ch05,gPO_sBM_cAll_d12_mPO3_ch02,gPO_sBM_cAll_d12_mPO3_ch02,11.224000,gPO_sBM_cAll_d10_mPO0_ch01;gPO_sBM_cAll_d11_mPO0_ch01;gPO_sBM_cAll_d11_mPO0_ch02;gPO_sBM_cAll_d10_mPO0_ch02;gPO_sBM_cAll_d12_mPO3_ch02,,,,,,0.964589494,,0.000000,,,,,,,,,,0.000000,beat-sync,1.051075,1.058468,,0.000000000,0.217714812,left_wrist_roll,4.601418621,left_wrist_yaw,0.217714812,left_wrist_roll,3.598085331,left_wrist_yaw,-0.180528,-0.020857,0.988067,0.351333,0.000000000,0.000000000,0.000000000,0.000000000,0.000000000,0.000000000,11.224000,0.000000000,0.000000000,,15.701625,13.434638,567.062717,,0.006377107,0,1,0,5,gPO_sBM_cAll_d10_mPO0_ch01;gPO_sBM_cAll_d11_mPO0_ch01;gPO_sBM_cAll_d11_mPO0_ch02;gPO_sBM_cAll_d10_mPO0_ch02;gPO_sBM_cAll_d12_mPO3_ch02,,68.960300,846.368900,77.199300,5903.202400,accepted,0.945341,,0.900620,0.238096797,33.766498,0.117530,HO,0.825141,0.004198,0.002786,JB3:0.677740;JB5:0.673542;JB1:0.660599;JB2:0.612309;LO4:0.611277,gHO_sBM_cAll_d20_mHO5_ch10:0.665438;gHO_sBM_cAll_d21_mHO5_ch10:0.662652;gHO_sBM_cAll_d20_mHO5_ch06:0.662545;gHO_sBM_cAll_d21_mHO5_ch09:0.661468;gHO_sBM_cAll_d21_mHO5_ch03:0.654242;gHO_sBM_cAll_d21_mHO5_ch05:0.647517;gHO_sBM_cAll_d20_mHO5_ch05:0.644325;gHO_sBM_cAll_d21_mHO5_ch02:0.644091;gHO_sBM_cAll_d20_mHO5_ch04:0.643459;gHO_sBM_cAll_d21_mHO5_ch04:0.641393,Electronic---Techno:0.328004;Electronic---Electro:0.213235;Electronic---Ambient:0.117530;Electronic---EBM:0.114195;Electronic---Synthwave:0.100376,WA:v0:k1:r1,,JB3,0.677740,gHO_sBM_cAll_d20_mHO5_ch10,0.665438,120.967742
12.024000,12.034666300,,hermite,ready,,,,,0,0.8884609504635086,0,gWA_sBM_cAll_d26_mWA0_ch05,gPO_sBM_cAll_d12_mPO3_ch02,gPO_sBM_cAll_d12_mPO3_ch02,11.224000,gPO_sBM_cAll_d10_mPO0_ch01;gPO_sBM_cAll_d11_mPO0_ch01;gPO_sBM_cAll_d11_mPO0_ch02;gPO_sBM_cAll_d10_mPO0_ch02;gPO_sBM_cAll_d12_mPO3_ch02,,,,,,0.969017783,,0.000000,,,,,,,,,,0.000000,beat-sync,1.052594,1.058468,,0.000000000,0.118489620,right_wrist_yaw,2.715466327,left_wrist_roll,0.118489620,right_wrist_yaw,3.270873777,left_wrist_roll,-0.174732,-0.012345,0.984591,0.309627,0.000000000,0.000000000,0.000000000,0.000000000,0.000000000,0.000000000,11.224000,0.000000000,0.000000000,,8.528362,6.701396,175.629993,,0.006374576,0,1,0,5,gPO_sBM_cAll_d10_mPO0_ch01;gPO_sBM_cAll_d11_mPO0_ch01;gPO_sBM_cAll_d11_mPO0_ch02;gPO_sBM_cAll_d10_mPO0_ch02;gPO_sBM_cAll_d12_mPO3_ch02,,68.960300,846.368900,77.199300,5903.202400,accepted,0.945341,,0.900620,0.238096797,33.766498,0.117530,HO,0.825141,0.004198,0.002786,JB3:0.677740;JB5:0.673542;JB1:0.660599;JB2:0.612309;LO4:0.611277,gHO_sBM_cAll_d20_mHO5_ch10:0.665438;gHO_sBM_cAll_d21_mHO5_ch10:0.662652;gHO_sBM_cAll_d20_mHO5_ch06:0.662545;gHO_sBM_cAll_d21_mHO5_ch09:0.661468;gHO_sBM_cAll_d21_mHO5_ch03:0.654242;gHO_sBM_cAll_d21_mHO5_ch05:0.647517;gHO_sBM_cAll_d20_mHO5_ch05:0.644325;gHO_sBM_cAll_d21_mHO5_ch02:0.644091;gHO_sBM_cAll_d20_mHO5_ch04:0.643459;gHO_sBM_cAll_d21_mHO5_ch04:0.641393,Electronic---Techno:0.328004;Electronic---Electro:0.213235;Electronic---Ambient:0.117530;Electronic---EBM:0.114195;Electronic---Synthwave:0.100376,WA:v0:k1:r1,,JB3,0.677740,gHO_sBM_cAll_d20_mHO5_ch10,0.665438,120.967742
12.056000,12.065036300,,hermite,ready,,,,,0,0.8017837936320978,0,gWA_sBM_cAll_d26_mWA0_ch05,gPO_sBM_cAll_d12_mPO3_ch02,gPO_sBM_cAll_d12_mPO3_ch02,11.224000,gPO_sBM_cAll_d10_mPO0_ch01;gPO_sBM_cAll_d11_mPO0_ch01;gPO_sBM_cAll_d11_mPO0_ch02;gPO_sBM_cAll_d10_mPO0_ch02;gPO_sBM_cAll_d12_mPO3_ch02,,,,,,0.971851166,,0.000000,,,,,,,,,,0.000000,beat-sync,1.053400,1.058468,,0.000000000,0.090413758,right_wrist_yaw,1.419598871,left_wrist_roll,0.090413758,right_wrist_yaw,1.529272154,left_wrist_roll,-0.174376,-0.008498,0.986357,0.267429,0.000000000,0.000000000,0.000000000,0.000000000,0.000000000,0.000000000,11.224000,0.000000000,0.000000000,,4.579992,4.337698,191.021959,,0.006357543,0,1,0,5,gPO_sBM_cAll_d10_mPO0_ch01;gPO_sBM_cAll_d11_mPO0_ch01;gPO_sBM_cAll_d11_mPO0_ch02;gPO_sBM_cAll_d10_mPO0_ch02;gPO_sBM_cAll_d12_mPO3_ch02,,68.960300,846.368900,77.199300,5903.202400,accepted,0.945341,,0.900620,0.238096797,33.766498,0.117530,HO,0.825141,0.004198,0.002786,JB3:0.677740;JB5:0.673542;JB1:0.660599;JB2:0.612309;LO4:0.611277,gHO_sBM_cAll_d20_mHO5_ch10:0.665438;gHO_sBM_cAll_d21_mHO5_ch10:0.662652;gHO_sBM_cAll_d20_mHO5_ch06:0.662545;gHO_sBM_cAll_d21_mHO5_ch09:0.661468;gHO_sBM_cAll_d21_mHO5_ch03:0.654242;gHO_sBM_cAll_d21_mHO5_ch05:0.647517;gHO_sBM_cAll_d20_mHO5_ch05:0.644325;gHO_sBM_cAll_d21_mHO5_ch02:0.644091;gHO_sBM_cAll_d20_mHO5_ch04:0.643459;gHO_sBM_cAll_d21_mHO5_ch04:0.641393,Electronic---Techno:0.328004;Electronic---Electro:0.213235;Electronic---Ambient:0.117530;Electronic---EBM:0.114195;Electronic---Synthwave:0.100376,WA:v0:k1:r1,,JB3,0.677740,gHO_sBM_cAll_d20_mHO5_ch10,0.665438,120.967742
12.120000,12.135240300,,hermite,ready,,,,,0,0.5611739781114897,0,gWA_sBM_cAll_d26_mWA0_ch05,gPO_sBM_cAll_d12_mPO3_ch02,gPO_sBM_cAll_d12_mPO3_ch02,11.224000,gPO_sBM_cAll_d10_mPO0_ch01;gPO_sBM_cAll_d11_mPO0_ch01;gPO_sBM_cAll_d11_mPO0_ch02;gPO_sBM_cAll_d10_mPO0_ch02;gPO_sBM_cAll_d12_mPO3_ch02,,,,,,0.977772486,,0.000000,,,,,,,,,,0.000000,beat-sync,1.054754,1.058468,,0.000000000,0.082965311,right_wrist_yaw,1.027752313,right_wrist_roll,0.082965311,right_wrist_yaw,1.090559835,right_wrist_roll,-0.178344,-0.005216,0.991369,0.172860,0.000000000,0.000000000,0.000000000,0.000000000,0.000000000,0.000000000,11.224000,0.000000000,0.000000000,,6.858461,5.940404,97.523693,,0.006346661,0,1,0,5,gPO_sBM_cAll_d10_mPO0_ch01;gPO_sBM_cAll_d11_mPO0_ch01;gPO_sBM_cAll_d11_mPO0_ch02;gPO_sBM_cAll_d10_mPO0_ch02;gPO_sBM_cAll_d12_mPO3_ch02,,68.960300,846.368900,77.199300,5903.202400,accepted,0.945341,,0.900620,0.238096797,33.766498,0.117530,HO,0.825141,0.004198,0.002786,JB3:0.677740;JB5:0.673542;JB1:0.660599;JB2:0.612309;LO4:0.611277,gHO_sBM_cAll_d20_mHO5_ch10:0.665438;gHO_sBM_cAll_d21_mHO5_ch10:0.662652;gHO_sBM_cAll_d20_mHO5_ch06:0.662545;gHO_sBM_cAll_d21_mHO5_ch09:0.661468;gHO_sBM_cAll_d21_mHO5_ch03:0.654242;gHO_sBM_cAll_d21_mHO5_ch05:0.647517;gHO_sBM_cAll_d20_mHO5_ch05:0.644325;gHO_sBM_cAll_d21_mHO5_ch02:0.644091;gHO_sBM_cAll_d20_mHO5_ch04:0.643459;gHO_sBM_cAll_d21_mHO5_ch04:0.641393,Electronic---Techno:0.328004;Electronic---Electro:0.213235;Electronic---Ambient:0.117530;Electronic---EBM:0.114195;Electronic---Synthwave:0.100376,WA:v0:k1:r1,,JB3,0.677740,gHO_sBM_cAll_d20_mHO5_ch10,0.665438,120.967742
12.152000,12.158584100,,hermite,ready,,,,,0,0.4706507745972461,0,gWA_sBM_cAll_d26_mWA0_ch05,gPO_sBM_cAll_d12_mPO3_ch02,gPO_sBM_cAll_d12_mPO3_ch02,11.224000,gPO_sBM_cAll_d10_mPO0_ch01;gPO_sBM_cAll_d11_mPO0_ch01;gPO_sBM_cAll_d11_mPO0_ch02;gPO_sBM_cAll_d10_mPO0_ch02;gPO_sBM_cAll_d12_mPO3_ch02,,,,,,0.979791231,,0.000000,,,,,,,,,,0.000000,beat-sync,1.055131,1.058468,,0.000000000,0.085421166,right_wrist_yaw,1.020261795,left_wrist_yaw,0.085421166,right_wrist_yaw,1.353398007,left_wrist_yaw,-0.179792,-0.004879,0.991480,0.135182,0.000000000,0.000000000,0.000000000,0.000000000,0.000000000,0.000000000,11.224000,0.000000000,0.000000000,,10.260046,8.136363,97.339724,,0.006334035,0,1,0,5,gPO_sBM_cAll_d10_mPO0_ch01;gPO_sBM_cAll_d11_mPO0_ch01;gPO_sBM_cAll_d11_mPO0_ch02;gPO_sBM_cAll_d10_mPO0_ch02;gPO_sBM_cAll_d12_mPO3_ch02,,68.960300,846.368900,77.199300,5903.202400,accepted,0.945341,,0.900620,0.238096797,33.766498,0.117530,HO,0.825141,0.004198,0.002786,JB3:0.677740;JB5:0.673542;JB1:0.660599;JB2:0.612309;LO4:0.611277,gHO_sBM_cAll_d20_mHO5_ch10:0.665438;gHO_sBM_cAll_d21_mHO5_ch10:0.662652;gHO_sBM_cAll_d20_mHO5_ch06:0.662545;gHO_sBM_cAll_d21_mHO5_ch09:0.661468;gHO_sBM_cAll_d21_mHO5_ch03:0.654242;gHO_sBM_cAll_d21_mHO5_ch05:0.647517;gHO_sBM_cAll_d20_mHO5_ch05:0.644325;gHO_sBM_cAll_d21_mHO5_ch02:0.644091;gHO_sBM_cAll_d20_mHO5_ch04:0.643459;gHO_sBM_cAll_d21_mHO5_ch04:0.641393,Electronic---Techno:0.328004;Electronic---Electro:0.213235;Electronic---Ambient:0.117530;Electronic---EBM:0.114195;Electronic---Synthwave:0.100376,WA:v0:k1:r1,,JB3,0.677740,gHO_sBM_cAll_d20_mHO5_ch10,0.665438,120.967742
12.216000,12.225148400,,hermite,ready,,,,,0,0.23342812497783344,0,gWA_sBM_cAll_d26_mWA0_ch05,gPO_sBM_cAll_d12_mPO3_ch02,gPO_sBM_cAll_d12_mPO3_ch02,11.224000,gPO_sBM_cAll_d10_mPO0_ch01;gPO_sBM_cAll_d11_mPO0_ch01;gPO_sBM_cAll_d11_mPO0_ch02;gPO_sBM_cAll_d10_mPO0_ch02;gPO_sBM_cAll_d12_mPO3_ch02,,,,,,0.985443245,,0.000000,,,,,,,,,,0.000000,beat-sync,1.056000,1.058468,,0.000000000,0.126752911,left_wrist_yaw,0.605196339,left_wrist_pitch,0.126752911,left_wrist_yaw,0.838064214,left_wrist_pitch,-0.178095,-0.004131,0.985786,0.038413,0.000000000,0.000000000,0.000000000,0.000000000,0.000000000,0.000000000,11.224000,0.000000000,0.000000000,,12.828835,9.979365,461.972520,,0.006300610,0,1,0,5,gPO_sBM_cAll_d10_mPO0_ch01;gPO_sBM_cAll_d11_mPO0_ch01;gPO_sBM_cAll_d11_mPO0_ch02;gPO_sBM_cAll_d10_mPO0_ch02;gPO_sBM_cAll_d12_mPO3_ch02,,68.960300,846.368900,77.199300,5903.202400,accepted,0.945341,,0.900620,0.238096797,33.766498,0.117530,HO,0.825141,0.004198,0.002786,JB3:0.677740;JB5:0.673542;JB1:0.660599;JB2:0.612309;LO4:0.611277,gHO_sBM_cAll_d20_mHO5_ch10:0.665438;gHO_sBM_cAll_d21_mHO5_ch10:0.662652;gHO_sBM_cAll_d20_mHO5_ch06:0.662545;gHO_sBM_cAll_d21_mHO5_ch09:0.661468;gHO_sBM_cAll_d21_mHO5_ch03:0.654242;gHO_sBM_cAll_d21_mHO5_ch05:0.647517;gHO_sBM_cAll_d20_mHO5_ch05:0.644325;gHO_sBM_cAll_d21_mHO5_ch02:0.644091;gHO_sBM_cAll_d20_mHO5_ch04:0.643459;gHO_sBM_cAll_d21_mHO5_ch04:0.641393,Electronic---Techno:0.328004;Electronic---Electro:0.213235;Electronic---Ambient:0.117530;Electronic---EBM:0.114195;Electronic---Synthwave:0.100376,WA:v0:k1:r1,,JB3,0.677740,gHO_sBM_cAll_d20_mHO5_ch10,0.665438,120.967742
12.280000,12.301141500,,hermite,ready,,,,,0,0.05583744485952891,0,gWA_sBM_cAll_d26_mWA0_ch05,gPO_sBM_cAll_d12_mPO3_ch02,gPO_sBM_cAll_d12_mPO3_ch02,11.224000,gPO_sBM_cAll_d10_mPO0_ch01;gPO_sBM_cAll_d11_mPO0_ch01;gPO_sBM_cAll_d11_mPO0_ch02;gPO_sBM_cAll_d10_mPO0_ch02;gPO_sBM_cAll_d12_mPO3_ch02,,,,,,0.991769394,,0.000000,,,,,,,,,,0.000000,beat-sync,1.056715,1.058468,,0.000000000,0.137181482,right_wrist_yaw,0.359454252,right_wrist_yaw,0.137181482,right_wrist_yaw,0.545510389,right_wrist_yaw,-0.172269,-0.004181,0.978486,-0.061386,0.000000000,0.000000000,0.000000000,0.000000000,0.000000000,0.000000000,11.224000,0.000000000,0.000000000,,4.631427,3.589908,41.856252,,0.006263426,0,1,0,5,gPO_sBM_cAll_d10_mPO0_ch01;gPO_sBM_cAll_d11_mPO0_ch01;gPO_sBM_cAll_d11_mPO0_ch02;gPO_sBM_cAll_d10_mPO0_ch02;gPO_sBM_cAll_d12_mPO3_ch02,,68.960300,846.368900,77.199300,5903.202400,accepted,0.945341,,0.900620,0.238096797,33.766498,0.117530,HO,0.825141,0.004198,0.002786,JB3:0.677740;JB5:0.673542;JB1:0.660599;JB2:0.612309;LO4:0.611277,gHO_sBM_cAll_d20_mHO5_ch10:0.665438;gHO_sBM_cAll_d21_mHO5_ch10:0.662652;gHO_sBM_cAll_d20_mHO5_ch06:0.662545;gHO_sBM_cAll_d21_mHO5_ch09:0.661468;gHO_sBM_cAll_d21_mHO5_ch03:0.654242;gHO_sBM_cAll_d21_mHO5_ch05:0.647517;gHO_sBM_cAll_d20_mHO5_ch05:0.644325;gHO_sBM_cAll_d21_mHO5_ch02:0.644091;gHO_sBM_cAll_d20_mHO5_ch04:0.643459;gHO_sBM_cAll_d21_mHO5_ch04:0.641393,Electronic---Techno:0.328004;Electronic---Electro:0.213235;Electronic---Ambient:0.117530;Electronic---EBM:0.114195;Electronic---Synthwave:0.100376,WA:v0:k1:r1,,JB3,0.677740,gHO_sBM_cAll_d20_mHO5_ch10,0.665438,120.967742
12.312000,12.333865600,,hermite,ready,,,,,0,0.01826961884501342,0,gWA_sBM_cAll_d26_mWA0_ch05,gPO_sBM_cAll_d12_mPO3_ch02,gPO_sBM_cAll_d12_mPO3_ch02,11.224000,gPO_sBM_cAll_d10_mPO0_ch01;gPO_sBM_cAll_d11_mPO0_ch01;gPO_sBM_cAll_d11_mPO0_ch02;gPO_sBM_cAll_d10_mPO0_ch02;gPO_sBM_cAll_d12_mPO3_ch02,,,,,,0.994536788,,0.000000,,,,,,,,,,0.000000,beat-sync,1.056960,1.058468,,0.000000000,0.161923987,right_wrist_yaw,1.112093237,left_wrist_yaw,0.161923987,right_wrist_yaw,1.467877349,left_wrist_yaw,-0.170986,-0.005230,0.976197,-0.107342,0.000000000,0.000000000,0.000000000,0.000000000,0.000000000,0.000000000,11.224000,0.000000000,0.000000000,,3.991692,3.091304,264.483587,,0.006247040,0,1,0,5,gPO_sBM_cAll_d10_mPO0_ch01;gPO_sBM_cAll_d11_mPO0_ch01;gPO_sBM_cAll_d11_mPO0_ch02;gPO_sBM_cAll_d10_mPO0_ch02;gPO_sBM_cAll_d12_mPO3_ch02,,68.960300,846.368900,77.199300,5903.202400,accepted,0.945341,,0.900620,0.238096797,33.766498,0.117530,HO,0.825141,0.004198,0.002786,JB3:0.677740;JB5:0.673542;JB1:0.660599;JB2:0.612309;LO4:0.611277,gHO_sBM_cAll_d20_mHO5_ch10:0.665438;gHO_sBM_cAll_d21_mHO5_ch10:0.662652;gHO_sBM_cAll_d20_mHO5_ch06:0.662545;gHO_sBM_cAll_d21_mHO5_ch09:0.661468;gHO_sBM_cAll_d21_mHO5_ch03:0.654242;gHO_sBM_cAll_d21_mHO5_ch05:0.647517;gHO_sBM_cAll_d20_mHO5_ch05:0.644325;gHO_sBM_cAll_d21_mHO5_ch02:0.644091;gHO_sBM_cAll_d20_mHO5_ch04:0.643459;gHO_sBM_cAll_d21_mHO5_ch04:0.641393,Electronic---Techno:0.328004;Electronic---Electro:0.213235;Electronic---Ambient:0.117530;Electronic---EBM:0.114195;Electronic---Synthwave:0.100376,WA:v0:k1:r1,,JB3,0.677740,gHO_sBM_cAll_d20_mHO5_ch10,0.665438,120.967742
12.376000,12.403538800,switch_start,hermite,executing,,6.217248937900877e-15,7.612957883143931e-14,4.495270369094512e-13,0,0.0,0,gWA_sBM_cAll_d26_mWA0_ch05,,,11.224000,gPO_sBM_cAll_d10_mPO0_ch01;gPO_sBM_cAll_d11_mPO0_ch01;gPO_sBM_cAll_d11_mPO0_ch02;gPO_sBM_cAll_d10_mPO0_ch02;gPO_sBM_cAll_d12_mPO3_ch02,13.395106,113,,gPO_sBM_cAll_d12_mPO3_ch02,,1.000000000,0.216061185,0.004657,motion_end,0.216061185,0.077234,0.128347,0.034431,0.000000,0.087300,0.000000,4.270833,0.350000,beat-sync,1.057356,1.058468,,0.000000000,0.221948810,left_wrist_yaw,0.855662454,left_wrist_yaw,0.221948810,left_wrist_yaw,0.788390656,left_wrist_yaw,-0.172704,-0.006556,0.974142,-0.152342,0.000000000,0.000000000,0.000000000,0.000000000,0.000000000,0.000000000,11.224000,0.000000000,0.000000000,,1.404887,1.223189,90.772864,,0.006214524,0,1,0,5,gPO_sBM_cAll_d10_mPO0_ch01;gPO_sBM_cAll_d11_mPO0_ch01;gPO_sBM_cAll_d11_mPO0_ch02;gPO_sBM_cAll_d10_mPO0_ch02;gPO_sBM_cAll_d12_mPO3_ch02,,68.960300,846.368900,77.199300,5903.202400,accepted,0.945341,,0.900620,0.238096797,33.766498,0.117530,HO,0.825141,0.004198,0.002786,JB3:0.677740;JB5:0.673542;JB1:0.660599;JB2:0.612309;LO4:0.611277,gHO_sBM_cAll_d20_mHO5_ch10:0.665438;gHO_sBM_cAll_d21_mHO5_ch10:0.662652;gHO_sBM_cAll_d20_mHO5_ch06:0.662545;gHO_sBM_cAll_d21_mHO5_ch09:0.661468;gHO_sBM_cAll_d21_mHO5_ch03:0.654242;gHO_sBM_cAll_d21_mHO5_ch05:0.647517;gHO_sBM_cAll_d20_mHO5_ch05:0.644325;gHO_sBM_cAll_d21_mHO5_ch02:0.644091;gHO_sBM_cAll_d20_mHO5_ch04:0.643459;gHO_sBM_cAll_d21_mHO5_ch04:0.641393,Electronic---Techno:0.328004;Electronic---Electro:0.213235;Electronic---Ambient:0.117530;Electronic---EBM:0.114195;Electronic---Synthwave:0.100376,WA:v0:k1:r1,,JB3,0.677740,gHO_sBM_cAll_d20_mHO5_ch10,0.665438,120.967742
12.408000,12.425065100,,hermite,executing,,6.217248937900877e-15,7.612957883143931e-14,4.495270369094512e-13,0,0.0,0,gWA_sBM_cAll_d26_mWA0_ch05,,,11.224000,gPO_sBM_cAll_d10_mPO0_ch01;gPO_sBM_cAll_d11_mPO0_ch01;gPO_sBM_cAll_d11_mPO0_ch02;gPO_sBM_cAll_d10_mPO0_ch02;gPO_sBM_cAll_d12_mPO3_ch02,13.395106,113,,gPO_sBM_cAll_d12_mPO3_ch02,,1.000000000,0.216061185,0.075469,motion_end,0.216061185,0.077234,0.128347,0.034431,0.000000,0.087300,0.000000,4.270833,0.350000,beat-sync,1.057356,1.058468,,0.000000000,0.219404113,left_wrist_yaw,0.908422055,right_wrist_roll,0.219404113,left_wrist_yaw,1.252906075,right_wrist_roll,-0.172704,-0.006556,0.974247,-0.152341,0.000000000,0.000000000,0.000000000,0.000000000,0.000000000,0.000000000,11.224000,0.000000000,0.000000000,,3.045372,2.460413,130.326425,,0.006202418,0,1,0,5,gPO_sBM_cAll_d10_mPO0_ch01;gPO_sBM_cAll_d11_mPO0_ch01;gPO_sBM_cAll_d11_mPO0_ch02;gPO_sBM_cAll_d10_mPO0_ch02;gPO_sBM_cAll_d12_mPO3_ch02,,68.960300,846.368900,77.199300,5903.202400,accepted,0.945341,,0.900620,0.238096797,33.766498,0.117530,HO,0.825141,0.004198,0.002786,JB3:0.677740;JB5:0.673542;JB1:0.660599;JB2:0.612309;LO4:0.611277,gHO_sBM_cAll_d20_mHO5_ch10:0.665438;gHO_sBM_cAll_d21_mHO5_ch10:0.662652;gHO_sBM_cAll_d20_mHO5_ch06:0.662545;gHO_sBM_cAll_d21_mHO5_ch09:0.661468;gHO_sBM_cAll_d21_mHO5_ch03:0.654242;gHO_sBM_cAll_d21_mHO5_ch05:0.647517;gHO_sBM_cAll_d20_mHO5_ch05:0.644325;gHO_sBM_cAll_d21_mHO5_ch02:0.644091;gHO_sBM_cAll_d20_mHO5_ch04:0.643459;gHO_sBM_cAll_d21_mHO5_ch04:0.641393,Electronic---Techno:0.328004;Electronic---Electro:0.213235;Electronic---Ambient:0.117530;Electronic---EBM:0.114195;Electronic---Synthwave:0.100376,WA:v0:k1:r1,,JB3,0.677740,gHO_sBM_cAll_d20_mHO5_ch10,0.665438,120.967742
12.472000,12.492473300,,hermite,executing,,6.217248937900877e-15,7.612957883143931e-14,4.495270369094512e-13,0,0.0,0,gWA_sBM_cAll_d26_mWA0_ch05,,,11.224000,gPO_sBM_cAll_d10_mPO0_ch01;gPO_sBM_cAll_d11_mPO0_ch01;gPO_sBM_cAll_d11_mPO0_ch02;gPO_sBM_cAll_d10_mPO0_ch02;gPO_sBM_cAll_d12_mPO3_ch02,13.395106,113,,gPO_sBM_cAll_d12_mPO3_ch02,,1.000000000,0.216061185,0.266689,motion_end,0.216061185,0.077234,0.128347,0.034431,0.000000,0.087300,0.000000,4.270833,0.350000,beat-sync,1.057356,1.058468,,0.000000000,0.103532932,left_wrist_yaw,2.377244081,left_wrist_yaw,0.103532932,left_wrist_yaw,2.917064339,left_wrist_yaw,-0.172704,-0.006556,0.977492,-0.152313,0.000000000,0.000000000,0.000000000,0.000000000,0.000000000,0.000000000,11.224000,0.000000000,0.000000000,,6.664425,5.318634,79.626377,,0.006170364,0,1,0,5,gPO_sBM_cAll_d10_mPO0_ch01;gPO_sBM_cAll_d11_mPO0_ch01;gPO_sBM_cAll_d11_mPO0_ch02;gPO_sBM_cAll_d10_mPO0_ch02;gPO_sBM_cAll_d12_mPO3_ch02,,68.960300,846.368900,77.199300,5903.202400,accepted,0.945341,,0.900620,0.238096797,33.766498,0.117530,HO,0.825141,0.004198,0.002786,JB3:0.677740;JB5:0.673542;JB1:0.660599;JB2:0.612309;LO4:0.611277,gHO_sBM_cAll_d20_mHO5_ch10:0.665438;gHO_sBM_cAll_d21_mHO5_ch10:0.662652;gHO_sBM_cAll_d20_mHO5_ch06:0.662545;gHO_sBM_cAll_d21_mHO5_ch09:0.661468;gHO_sBM_cAll_d21_mHO5_ch03:0.654242;gHO_sBM_cAll_d21_mHO5_ch05:0.647517;gHO_sBM_cAll_d20_mHO5_ch05:0.644325;gHO_sBM_cAll_d21_mHO5_ch02:0.644091;gHO_sBM_cAll_d20_mHO5_ch04:0.643459;gHO_sBM_cAll_d21_mHO5_ch04:0.641393,Electronic---Techno:0.328004;Electronic---Electro:0.213235;Electronic---Ambient:0.117530;Electronic---EBM:0.114195;Electronic---Synthwave:0.100376,WA:v0:k1:r1,,JB3,0.677740,gHO_sBM_cAll_d20_mHO5_ch10,0.665438,120.967742
12.504000,12.517913200,,hermite,executing,,6.217248937900877e-15,7.612957883143931e-14,4.495270369094512e-13,0,0.0,0,gWA_sBM_cAll_d26_mWA0_ch05,,,11.224000,gPO_sBM_cAll_d10_mPO0_ch01;gPO_sBM_cAll_d11_mPO0_ch01;gPO_sBM_cAll_d11_mPO0_ch02;gPO_sBM_cAll_d10_mPO0_ch02;gPO_sBM_cAll_d12_mPO3_ch02,13.395106,113,,gPO_sBM_cAll_d12_mPO3_ch02,,1.000000000,0.216061185,0.339327,motion_end,0.216061185,0.077234,0.128347,0.034431,0.000000,0.087300,0.000000,4.270833,0.350000,beat-sync,1.057356,1.058468,,0.000000000,0.067221195,left_wrist_pitch,2.021045465,left_wrist_yaw,0.067221195,left_wrist_pitch,3.197775793,left_wrist_yaw,-0.172704,-0.006556,0.980156,-0.152296,0.000000000,0.000000000,0.000000000,0.000000000,0.000000000,0.000000000,11.224000,0.000000000,0.000000000,,8.335289,6.025130,127.584071,,0.006158429,0,1,0,5,gPO_sBM_cAll_d10_mPO0_ch01;gPO_sBM_cAll_d11_mPO0_ch01;gPO_sBM_cAll_d11_mPO0_ch02;gPO_sBM_cAll_d10_mPO0_ch02;gPO_sBM_cAll_d12_mPO3_ch02,,68.960300,846.368900,77.199300,5903.202400,accepted,0.945341,,0.900620,0.238096797,33.766498,0.117530,HO,0.825141,0.004198,0.002786,JB3:0.677740;JB5:0.673542;JB1:0.660599;JB2:0.612309;LO4:0.611277,gHO_sBM_cAll_d20_mHO5_ch10:0.665438;gHO_sBM_cAll_d21_mHO5_ch10:0.662652;gHO_sBM_cAll_d20_mHO5_ch06:0.662545;gHO_sBM_cAll_d21_mHO5_ch09:0.661468;gHO_sBM_cAll_d21_mHO5_ch03:0.654242;gHO_sBM_cAll_d21_mHO5_ch05:0.647517;gHO_sBM_cAll_d20_mHO5_ch05:0.644325;gHO_sBM_cAll_d21_mHO5_ch02:0.644091;gHO_sBM_cAll_d20_mHO5_ch04:0.643459;gHO_sBM_cAll_d21_mHO5_ch04:0.641393,Electronic---Techno:0.328004;Electronic---Electro:0.213235;Electronic---Ambient:0.117530;Electronic---EBM:0.114195;Electronic---Synthwave:0.100376,WA:v0:k1:r1,,JB3,0.677740,gHO_sBM_cAll_d20_mHO5_ch10,0.665438,120.967742
12.536000,12.566587500,match,hermite,executing,,6.217248937900877e-15,7.612957883143931e-14,4.495270369094512e-13,0,0.0,0,gWA_sBM_cAll_d26_mWA0_ch05,,,12.248000,gPO_sBM_cAll_d10_mPO0_ch01;gPO_sBM_cAll_d11_mPO0_ch01;gPO_sBM_cAll_d11_mPO0_ch02;gPO_sBM_cAll_d10_mPO0_ch02;gPO_sBM_cAll_d12_mPO3_ch02,13.395106,113,,gPO_sBM_cAll_d12_mPO3_ch02,,1.000000000,0.216061185,0.479907,motion_end,0.216061185,0.077234,0.128347,0.034431,0.000000,0.087300,0.000000,4.270833,0.350000,beat-sync,1.057356,1.058468,,0.000000000,0.080489684,right_wrist_roll,2.070570643,right_wrist_yaw,0.080489684,right_wrist_roll,2.414839875,right_wrist_yaw,-0.172704,-0.006556,0.986850,-0.152275,0.000000000,0.000000000,0.000000000,0.000000000,0.000000000,0.000000000,11.224000,0.000000000,0.000000000,,7.483536,6.381225,202.727655,,0.006134698,0,1,0,5,gPO_sBM_cAll_d10_mPO0_ch01;gPO_sBM_cAll_d11_mPO0_ch01;gPO_sBM_cAll_d11_mPO0_ch02;gPO_sBM_cAll_d10_mPO0_ch02;gPO_sBM_cAll_d12_mPO3_ch02,,68.960300,846.368900,77.199300,5903.202400,accepted,0.947087,,0.903794,0.241870991,33.181416,0.112665,HO,0.846646,0.005274,0.002807,JB3:0.675915;JB5:0.670641;JB1:0.657479;LO4:0.616090;JB2:0.610333,gHO_sBM_cAll_d20_mHO5_ch10:0.666802;gHO_sBM_cAll_d21_mHO5_ch10:0.663995;gHO_sBM_cAll_d20_mHO5_ch06:0.663899;gHO_sBM_cAll_d21_mHO5_ch09:0.662803;gHO_sBM_cAll_d21_mHO5_ch03:0.655689;gHO_sBM_cAll_d21_mHO5_ch05:0.648779;gHO_sBM_cAll_d20_mHO5_ch05:0.645623;gHO_sBM_cAll_d21_mHO5_ch02:0.645307;gHO_sBM_cAll_d20_mHO5_ch04:0.644716;gHO_sBM_cAll_d21_mHO5_ch04:0.642606,Electronic---Techno:0.327413;Electronic---Electro:0.210061;Electronic---Ambient:0.112665;Electronic---Deep Techno:0.107612;Electronic---EBM:0.106975,WA:v0:k1:r1,,JB3,0.675915,gHO_sBM_cAll_d20_mHO5_ch10,0.666802,120.967742
12.568000,12.584232600,,hermite,executing,,6.217248937900877e-15,7.612957883143931e-14,4.495270369094512e-13,0,0.0,0,gWA_sBM_cAll_d26_mWA0_ch05,,,12.248000,gPO_sBM_cAll_d10_mPO0_ch01;gPO_sBM_cAll_d11_mPO0_ch01;gPO_sBM_cAll_d11_mPO0_ch02;gPO_sBM_cAll_d10_mPO0_ch02;gPO_sBM_cAll_d12_mPO3_ch02,13.395106,113,,gPO_sBM_cAll_d12_mPO3_ch02,,1.000000000,0.216061185,0.529427,motion_end,0.216061185,0.077234,0.128347,0.034431,0.000000,0.087300,0.000000,4.270833,0.350000,beat-sync,1.057356,1.058468,,0.000000000,0.100220804,right_wrist_yaw,2.124022512,right_wrist_yaw,0.100220804,right_wrist_yaw,2.222748092,right_wrist_yaw,-0.172704,-0.006556,0.989398,-0.152275,0.000000000,0.000000000,0.000000000,0.000000000,0.000000000,0.000000000,11.224000,0.000000000,0.000000000,,7.206650,5.885888,80.637311,,0.006126828,0,1,0,5,gPO_sBM_cAll_d10_mPO0_ch01;gPO_sBM_cAll_d11_mPO0_ch01;gPO_sBM_cAll_d11_mPO0_ch02;gPO_sBM_cAll_d10_mPO0_ch02;gPO_sBM_cAll_d12_mPO3_ch02,,68.960300,846.368900,77.199300,5903.202400,accepted,0.947087,,0.903794,0.241870991,33.181416,0.112665,HO,0.846646,0.005274,0.002807,JB3:0.675915;JB5:0.670641;JB1:0.657479;LO4:0.616090;JB2:0.610333,gHO_sBM_cAll_d20_mHO5_ch10:0.666802;gHO_sBM_cAll_d21_mHO5_ch10:0.663995;gHO_sBM_cAll_d20_mHO5_ch06:0.663899;gHO_sBM_cAll_d21_mHO5_ch09:0.662803;gHO_sBM_cAll_d21_mHO5_ch03:0.655689;gHO_sBM_cAll_d21_mHO5_ch05:0.648779;gHO_sBM_cAll_d20_mHO5_ch05:0.645623;gHO_sBM_cAll_d21_mHO5_ch02:0.645307;gHO_sBM_cAll_d20_mHO5_ch04:0.644716;gHO_sBM_cAll_d21_mHO5_ch04:0.642606,Electronic---Techno:0.327413;Electronic---Electro:0.210061;Electronic---Ambient:0.112665;Electronic---Deep Techno:0.107612;Electronic---EBM:0.106975,WA:v0:k1:r1,,JB3,0.675915,gHO_sBM_cAll_d20_mHO5_ch10,0.666802,120.967742
12.600000,12.612953200,,hermite,executing,,6.217248937900877e-15,7.612957883143931e-14,4.495270369094512e-13,0,0.0,0,gWA_sBM_cAll_d26_mWA0_ch05,,,12.248000,gPO_sBM_cAll_d10_mPO0_ch01;gPO_sBM_cAll_d11_mPO0_ch01;gPO_sBM_cAll_d11_mPO0_ch02;gPO_sBM_cAll_d10_mPO0_ch02;gPO_sBM_cAll_d12_mPO3_ch02,13.395106,113,,gPO_sBM_cAll_d12_mPO3_ch02,,1.000000000,0.216061185,0.601412,motion_end,0.216061185,0.077234,0.128347,0.034431,0.000000,0.087300,0.000000,4.270833,0.350000,beat-sync,1.057356,1.058468,,0.000000000,0.145842593,right_wrist_yaw,1.885114658,right_wrist_yaw,0.145842593,right_wrist_yaw,1.611242160,right_wrist_yaw,-0.172704,-0.006556,0.992969,-0.152283,0.000000000,0.000000000,0.000000000,0.000000000,0.000000000,0.000000000,11.224000,0.000000000,0.000000000,,5.765453,4.749281,146.011556,,0.006115060,0,1,0,5,gPO_sBM_cAll_d10_mPO0_ch01;gPO_sBM_cAll_d11_mPO0_ch01;gPO_sBM_cAll_d11_mPO0_ch02;gPO_sBM_cAll_d10_mPO0_ch02;gPO_sBM_cAll_d12_mPO3_ch02,,68.960300,846.368900,77.199300,5903.202400,accepted,0.947087,,0.903794,0.241870991,33.181416,0.112665,HO,0.846646,0.005274,0.002807,JB3:0.675915;JB5:0.670641;JB1:0.657479;LO4:0.616090;JB2:0.610333,gHO_sBM_cAll_d20_mHO5_ch10:0.666802;gHO_sBM_cAll_d21_mHO5_ch10:0.663995;gHO_sBM_cAll_d20_mHO5_ch06:0.663899;gHO_sBM_cAll_d21_mHO5_ch09:0.662803;gHO_sBM_cAll_d21_mHO5_ch03:0.655689;gHO_sBM_cAll_d21_mHO5_ch05:0.648779;gHO_sBM_cAll_d20_mHO5_ch05:0.645623;gHO_sBM_cAll_d21_mHO5_ch02:0.645307;gHO_sBM_cAll_d20_mHO5_ch04:0.644716;gHO_sBM_cAll_d21_mHO5_ch04:0.642606,Electronic---Techno:0.327413;Electronic---Electro:0.210061;Electronic---Ambient:0.112665;Electronic---Deep Techno:0.107612;Electronic---EBM:0.106975,WA:v0:k1:r1,,JB3,0.675915,gHO_sBM_cAll_d20_mHO5_ch10,0.666802,120.967742
12.600000,12.616783200,,hermite,executing,,6.217248937900877e-15,7.612957883143931e-14,4.495270369094512e-13,0,0.0,0,gWA_sBM_cAll_d26_mWA0_ch05,,,12.248000,gPO_sBM_cAll_d10_mPO0_ch01;gPO_sBM_cAll_d11_mPO0_ch01;gPO_sBM_cAll_d11_mPO0_ch02;gPO_sBM_cAll_d10_mPO0_ch02;gPO_sBM_cAll_d12_mPO3_ch02,13.395106,113,,gPO_sBM_cAll_d12_mPO3_ch02,,1.000000000,0.216061185,0.624262,motion_end,0.216061185,0.077234,0.128347,0.034431,0.000000,0.087300,0.000000,4.270833,0.350000,beat-sync,1.057356,1.058468,,0.000000000,0.158671270,right_wrist_yaw,1.539441246,right_wrist_yaw,0.158671270,right_wrist_yaw,2.533158986,right_wrist_yaw,-0.172704,-0.006556,0.994030,-0.152288,0.000000000,0.000000000,0.000000000,0.000000000,0.000000000,0.000000000,11.224000,0.000000000,0.000000000,,9.490049,7.778661,490.309898,,0.006111148,0,1,0,5,gPO_sBM_cAll_d10_mPO0_ch01;gPO_sBM_cAll_d11_mPO0_ch01;gPO_sBM_cAll_d11_mPO0_ch02;gPO_sBM_cAll_d10_mPO0_ch02;gPO_sBM_cAll_d12_mPO3_ch02,,68.960300,846.368900,77.199300,5903.202400,accepted,0.947087,,0.903794,0.241870991,33.181416,0.112665,HO,0.846646,0.005274,0.002807,JB3:0.675915;JB5:0.670641;JB1:0.657479;LO4:0.616090;JB2:0.610333,gHO_sBM_cAll_d20_mHO5_ch10:0.666802;gHO_sBM_cAll_d21_mHO5_ch10:0.663995;gHO_sBM_cAll_d20_mHO5_ch06:0.663899;gHO_sBM_cAll_d21_mHO5_ch09:0.662803;gHO_sBM_cAll_d21_mHO5_ch03:0.655689;gHO_sBM_cAll_d21_mHO5_ch05:0.648779;gHO_sBM_cAll_d20_mHO5_ch05:0.645623;gHO_sBM_cAll_d21_mHO5_ch02:0.645307;gHO_sBM_cAll_d20_mHO5_ch04:0.644716;gHO_sBM_cAll_d21_mHO5_ch04:0.642606,Electronic---Techno:0.327413;Electronic---Electro:0.210061;Electronic---Ambient:0.112665;Electronic---Deep Techno:0.107612;Electronic---EBM:0.106975,WA:v0:k1:r1,,JB3,0.675915,gHO_sBM_cAll_d20_mHO5_ch10,0.666802,120.967742
12.600000,12.626261400,,hermite,executing,,6.217248937900877e-15,7.612957883143931e-14,4.495270369094512e-13,0,0.0,0,gWA_sBM_cAll_d26_mWA0_ch05,,,12.248000,gPO_sBM_cAll_d10_mPO0_ch01;gPO_sBM_cAll_d11_mPO0_ch01;gPO_sBM_cAll_d11_mPO0_ch02;gPO_sBM_cAll_d10_mPO0_ch02;gPO_sBM_cAll_d12_mPO3_ch02,13.395106,113,,gPO_sBM_cAll_d12_mPO3_ch02,,1.000000000,0.216061185,0.650314,motion_end,0.216061185,0.077234,0.128347,0.034431,0.000000,0.087300,0.000000,4.270833,0.350000,beat-sync,1.057356,1.058468,,0.000000000,0.172207691,right_wrist_yaw,1.624370530,right_wrist_yaw,0.172207691,right_wrist_yaw,1.654232738,right_wrist_yaw,-0.172704,-0.006556,0.995177,-0.152293,0.000000000,0.000000000,0.000000000,0.000000000,0.000000000,0.000000000,11.224000,0.000000000,0.000000000,,6.466383,5.368631,244.521595,,0.006107240,0,1,0,5,gPO_sBM_cAll_d10_mPO0_ch01;gPO_sBM_cAll_d11_mPO0_ch01;gPO_sBM_cAll_d11_mPO0_ch02;gPO_sBM_cAll_d10_mPO0_ch02;gPO_sBM_cAll_d12_mPO3_ch02,,68.960300,846.368900,77.199300,5903.202400,accepted,0.947087,,0.903794,0.241870991,33.181416,0.112665,HO,0.846646,0.005274,0.002807,JB3:0.675915;JB5:0.670641;JB1:0.657479;LO4:0.616090;JB2:0.610333,gHO_sBM_cAll_d20_mHO5_ch10:0.666802;gHO_sBM_cAll_d21_mHO5_ch10:0.663995;gHO_sBM_cAll_d20_mHO5_ch06:0.663899;gHO_sBM_cAll_d21_mHO5_ch09:0.662803;gHO_sBM_cAll_d21_mHO5_ch03:0.655689;gHO_sBM_cAll_d21_mHO5_ch05:0.648779;gHO_sBM_cAll_d20_mHO5_ch05:0.645623;gHO_sBM_cAll_d21_mHO5_ch02:0.645307;gHO_sBM_cAll_d20_mHO5_ch04:0.644716;gHO_sBM_cAll_d21_mHO5_ch04:0.642606,Electronic---Techno:0.327413;Electronic---Electro:0.210061;Electronic---Ambient:0.112665;Electronic---Deep Techno:0.107612;Electronic---EBM:0.106975,WA:v0:k1:r1,,JB3,0.675915,gHO_sBM_cAll_d20_mHO5_ch10,0.666802,120.967742
12.600000,12.634385000,,hermite,executing,,6.217248937900877e-15,7.612957883143931e-14,4.495270369094512e-13,0,0.0,0,gWA_sBM_cAll_d26_mWA0_ch05,,,12.248000,gPO_sBM_cAll_d10_mPO0_ch01;gPO_sBM_cAll_d11_mPO0_ch01;gPO_sBM_cAll_d11_mPO0_ch02;gPO_sBM_cAll_d10_mPO0_ch02;gPO_sBM_cAll_d12_mPO3_ch02,13.395106,113,,gPO_sBM_cAll_d12_mPO3_ch02,,1.000000000,0.216061185,0.673786,motion_end,0.216061185,0.077234,0.128347,0.034431,0.000000,0.087300,0.000000,4.270833,0.350000,beat-sync,1.057356,1.058468,,0.000000000,0.183360820,right_wrist_yaw,1.338375474,right_wrist_yaw,0.183360820,right_wrist_yaw,1.742894260,right_wrist_yaw,-0.172704,-0.006556,0.996146,-0.152298,0.000000000,0.000000000,0.000000000,0.000000000,0.000000000,0.000000000,11.224000,0.000000000,0.000000000,,7.093540,5.594816,27.877965,,0.006103338,0,1,0,5,gPO_sBM_cAll_d10_mPO0_ch01;gPO_sBM_cAll_d11_mPO0_ch01;gPO_sBM_cAll_d11_mPO0_ch02;gPO_sBM_cAll_d10_mPO0_ch02;gPO_sBM_cAll_d12_mPO3_ch02,,68.960300,846.368900,77.199300,5903.202400,accepted,0.947087,,0.903794,0.241870991,33.181416,0.112665,HO,0.846646,0.005274,0.002807,JB3:0.675915;JB5:0.670641;JB1:0.657479;LO4:0.616090;JB2:0.610333,gHO_sBM_cAll_d20_mHO5_ch10:0.666802;gHO_sBM_cAll_d21_mHO5_ch10:0.663995;gHO_sBM_cAll_d20_mHO5_ch06:0.663899;gHO_sBM_cAll_d21_mHO5_ch09:0.662803;gHO_sBM_cAll_d21_mHO5_ch03:0.655689;gHO_sBM_cAll_d21_mHO5_ch05:0.648779;gHO_sBM_cAll_d20_mHO5_ch05:0.645623;gHO_sBM_cAll_d21_mHO5_ch02:0.645307;gHO_sBM_cAll_d20_mHO5_ch04:0.644716;gHO_sBM_cAll_d21_mHO5_ch04:0.642606,Electronic---Techno:0.327413;Electronic---Electro:0.210061;Electronic---Ambient:0.112665;Electronic---Deep Techno:0.107612;Electronic---EBM:0.106975,WA:v0:k1:r1,,JB3,0.675915,gHO_sBM_cAll_d20_mHO5_ch10,0.666802,120.967742
12.632000,12.641690200,,hermite,executing,,6.217248937900877e-15,7.612957883143931e-14,4.495270369094512e-13,0,0.0,0,gWA_sBM_cAll_d26_mWA0_ch05,,,12.248000,gPO_sBM_cAll_d10_mPO0_ch01;gPO_sBM_cAll_d11_mPO0_ch01;gPO_sBM_cAll_d11_mPO0_ch02;gPO_sBM_cAll_d10_mPO0_ch02;gPO_sBM_cAll_d12_mPO3_ch02,13.395106,113,,gPO_sBM_cAll_d12_mPO3_ch02,,1.000000000,0.216061185,0.694779,motion_end,0.216061185,0.077234,0.128347,0.034431,0.000000,0.087300,0.000000,4.270833,0.350000,beat-sync,1.057356,1.058468,,0.000000000,0.192470710,right_wrist_yaw,1.093186853,right_wrist_yaw,0.192470710,right_wrist_yaw,1.595175969,right_wrist_yaw,-0.172704,-0.006556,0.996953,-0.152303,0.000000000,0.000000000,0.000000000,0.000000000,0.000000000,0.000000000,11.224000,0.000000000,0.000000000,,6.717193,5.576488,19.495447,,0.006099441,0,1,0,5,gPO_sBM_cAll_d10_mPO0_ch01;gPO_sBM_cAll_d11_mPO0_ch01;gPO_sBM_cAll_d11_mPO0_ch02;gPO_sBM_cAll_d10_mPO0_ch02;gPO_sBM_cAll_d12_mPO3_ch02,,68.960300,846.368900,77.199300,5903.202400,accepted,0.947087,,0.903794,0.241870991,33.181416,0.112665,HO,0.846646,0.005274,0.002807,JB3:0.675915;JB5:0.670641;JB1:0.657479;LO4:0.616090;JB2:0.610333,gHO_sBM_cAll_d20_mHO5_ch10:0.666802;gHO_sBM_cAll_d21_mHO5_ch10:0.663995;gHO_sBM_cAll_d20_mHO5_ch06:0.663899;gHO_sBM_cAll_d21_mHO5_ch09:0.662803;gHO_sBM_cAll_d21_mHO5_ch03:0.655689;gHO_sBM_cAll_d21_mHO5_ch05:0.648779;gHO_sBM_cAll_d20_mHO5_ch05:0.645623;gHO_sBM_cAll_d21_mHO5_ch02:0.645307;gHO_sBM_cAll_d20_mHO5_ch04:0.644716;gHO_sBM_cAll_d21_mHO5_ch04:0.642606,Electronic---Techno:0.327413;Electronic---Electro:0.210061;Electronic---Ambient:0.112665;Electronic---Deep Techno:0.107612;Electronic---EBM:0.106975,WA:v0:k1:r1,,JB3,0.675915,gHO_sBM_cAll_d20_mHO5_ch10,0.666802,120.967742
12.664000,12.674413500,,hermite,executing,,6.217248937900877e-15,7.612957883143931e-14,4.495270369094512e-13,0,0.0,0,gWA_sBM_cAll_d26_mWA0_ch05,,,12.248000,gPO_sBM_cAll_d10_mPO0_ch01;gPO_sBM_cAll_d11_mPO0_ch01;gPO_sBM_cAll_d11_mPO0_ch02;gPO_sBM_cAll_d10_mPO0_ch02;gPO_sBM_cAll_d12_mPO3_ch02,13.395106,113,,gPO_sBM_cAll_d12_mPO3_ch02,,1.000000000,0.216061185,0.789459,motion_end,0.216061185,0.077234,0.128347,0.034431,0.000000,0.087300,0.000000,4.270833,0.350000,beat-sync,1.057356,1.058468,,0.000000000,0.223174285,right_wrist_yaw,0.724962729,right_wrist_yaw,0.223174285,right_wrist_yaw,0.869510085,right_wrist_yaw,-0.172704,-0.006556,0.999804,-0.152324,0.000000000,0.000000000,0.000000000,0.000000000,0.000000000,0.000000000,11.224000,0.000000000,0.000000000,,4.144981,3.544576,47.950466,,0.006083901,0,1,0,5,gPO_sBM_cAll_d10_mPO0_ch01;gPO_sBM_cAll_d11_mPO0_ch01;gPO_sBM_cAll_d11_mPO0_ch02;gPO_sBM_cAll_d10_mPO0_ch02;gPO_sBM_cAll_d12_mPO3_ch02,,68.960300,846.368900,77.199300,5903.202400,accepted,0.947087,,0.903794,0.241870991,33.181416,0.112665,HO,0.846646,0.005274,0.002807,JB3:0.675915;JB5:0.670641;JB1:0.657479;LO4:0.616090;JB2:0.610333,gHO_sBM_cAll_d20_mHO5_ch10:0.666802;gHO_sBM_cAll_d21_mHO5_ch10:0.663995;gHO_sBM_cAll_d20_mHO5_ch06:0.663899;gHO_sBM_cAll_d21_mHO5_ch09:0.662803;gHO_sBM_cAll_d21_mHO5_ch03:0.655689;gHO_sBM_cAll_d21_mHO5_ch05:0.648779;gHO_sBM_cAll_d20_mHO5_ch05:0.645623;gHO_sBM_cAll_d21_mHO5_ch02:0.645307;gHO_sBM_cAll_d20_mHO5_ch04:0.644716;gHO_sBM_cAll_d21_mHO5_ch04:0.642606,Electronic---Techno:0.327413;Electronic---Electro:0.210061;Electronic---Ambient:0.112665;Electronic---Deep Techno:0.107612;Electronic---EBM:0.106975,WA:v0:k1:r1,,JB3,0.675915,gHO_sBM_cAll_d20_mHO5_ch10,0.666802,120.967742
12.728000,12.741743200,,hermite,executing,,6.217248937900877e-15,7.612957883143931e-14,4.495270369094512e-13,0,0.0,0,gWA_sBM_cAll_d26_mWA0_ch05,,,12.248000,gPO_sBM_cAll_d10_mPO0_ch01;gPO_sBM_cAll_d11_mPO0_ch01;gPO_sBM_cAll_d11_mPO0_ch02;gPO_sBM_cAll_d10_mPO0_ch02;gPO_sBM_cAll_d12_mPO3_ch02,13.395106,113,,gPO_sBM_cAll_d12_mPO3_ch02,,1.000000000,0.216061185,0.979938,motion_end,0.216061185,0.077234,0.128347,0.034431,0.000000,0.087300,0.000000,4.270833,0.350000,beat-sync,1.057356,1.058468,,0.000000000,0.241285596,right_wrist_yaw,0.016941823,right_wrist_yaw,0.241285596,right_wrist_yaw,0.028221132,right_wrist_yaw,-0.172704,-0.006556,1.001625,-0.152340,0.000000000,0.000000000,0.000000000,0.000000000,0.000000000,0.000000000,11.224000,0.000000000,0.000000000,,0.162304,0.129691,26.303762,,0.006053057,0,1,0,5,gPO_sBM_cAll_d10_mPO0_ch01;gPO_sBM_cAll_d11_mPO0_ch01;gPO_sBM_cAll_d11_mPO0_ch02;gPO_sBM_cAll_d10_mPO0_ch02;gPO_sBM_cAll_d12_mPO3_ch02,,68.960300,846.368900,77.199300,5903.202400,accepted,0.947087,,0.903794,0.241870991,33.181416,0.112665,HO,0.846646,0.005274,0.002807,JB3:0.675915;JB5:0.670641;JB1:0.657479;LO4:0.616090;JB2:0.610333,gHO_sBM_cAll_d20_mHO5_ch10:0.666802;gHO_sBM_cAll_d21_mHO5_ch10:0.663995;gHO_sBM_cAll_d20_mHO5_ch06:0.663899;gHO_sBM_cAll_d21_mHO5_ch09:0.662803;gHO_sBM_cAll_d21_mHO5_ch03:0.655689;gHO_sBM_cAll_d21_mHO5_ch05:0.648779;gHO_sBM_cAll_d20_mHO5_ch05:0.645623;gHO_sBM_cAll_d21_mHO5_ch02:0.645307;gHO_sBM_cAll_d20_mHO5_ch04:0.644716;gHO_sBM_cAll_d21_mHO5_ch04:0.642606,Electronic---Techno:0.327413;Electronic---Electro:0.210061;Electronic---Ambient:0.112665;Electronic---Deep Techno:0.107612;Electronic---EBM:0.106975,WA:v0:k1:r1,,JB3,0.675915,gHO_sBM_cAll_d20_mHO5_ch10,0.666802,120.967742
12.728000,12.752686100,switch_complete,hermite,awaiting_preparation,,6.217248937900877e-15,7.612957883143931e-14,4.495270369094512e-13,0,4.1793793910564813e-07,1,gPO_sBM_cAll_d12_mPO3_ch02,,,12.248000,gHO_sBM_cAll_d20_mHO5_ch10;gHO_sBM_cAll_d21_mHO5_ch10;gHO_sBM_cAll_d20_mHO5_ch06;gHO_sBM_cAll_d21_mHO5_ch09;gHO_sBM_cAll_d21_mHO5_ch03,13.395106,113,,,,0.216260595,0.216061185,1.000000,motion_end,0.216061185,0.077234,0.128347,0.034431,0.000000,0.087300,0.000000,4.270833,0.350000,beat-sync,1.057356,1.057356,,0.000000000,0.241305242,right_wrist_yaw,0.002357529,right_wrist_yaw,0.241305242,right_wrist_yaw,0.002024763,right_wrist_yaw,-0.172642,-0.006735,1.001469,-0.150895,0.000000000,0.000000000,0.000000000,0.000000000,0.000000000,0.000000000,11.224000,0.000000000,0.000000000,,0.011815,0.010260,10.688717,,0.006049224,0,1,0,5,gPO_sBM_cAll_d10_mPO0_ch01;gPO_sBM_cAll_d11_mPO0_ch01;gPO_sBM_cAll_d11_mPO0_ch02;gPO_sBM_cAll_d10_mPO0_ch02;gPO_sBM_cAll_d12_mPO3_ch02,,68.960300,846.368900,77.199300,5903.202400,accepted,0.947087,,0.903794,0.241870991,33.181416,0.112665,HO,0.846646,0.005274,0.002807,JB3:0.675915;JB5:0.670641;JB1:0.657479;LO4:0.616090;JB2:0.610333,gHO_sBM_cAll_d20_mHO5_ch10:0.666802;gHO_sBM_cAll_d21_mHO5_ch10:0.663995;gHO_sBM_cAll_d20_mHO5_ch06:0.663899;gHO_sBM_cAll_d21_mHO5_ch09:0.662803;gHO_sBM_cAll_d21_mHO5_ch03:0.655689;gHO_sBM_cAll_d21_mHO5_ch05:0.648779;gHO_sBM_cAll_d20_mHO5_ch05:0.645623;gHO_sBM_cAll_d21_mHO5_ch02:0.645307;gHO_sBM_cAll_d20_mHO5_ch04:0.644716;gHO_sBM_cAll_d21_mHO5_ch04:0.642606,Electronic---Techno:0.327413;Electronic---Electro:0.210061;Electronic---Ambient:0.112665;Electronic---Deep Techno:0.107612;Electronic---EBM:0.106975,PO:v1:k0:r1,,JB3,0.675915,gHO_sBM_cAll_d20_mHO5_ch10,0.666802,120.967742
12.728000,12.760146600,post_switch_continuity,hermite,loading,,6.217248937900877e-15,7.612957883143931e-14,4.495270369094512e-13,0,6.711783674924257e-05,1,gPO_sBM_cAll_d12_mPO3_ch02,,,12.248000,gHO_sBM_cAll_d20_mHO5_ch10;gHO_sBM_cAll_d21_mHO5_ch10;gHO_sBM_cAll_d20_mHO5_ch06;gHO_sBM_cAll_d21_mHO5_ch09;gHO_sBM_cAll_d21_mHO5_ch03,13.395106,113,,,,0.217153620,0.216061185,0.000000,motion_end,0.216061185,0.077234,0.128347,0.034431,0.000000,0.087300,0.000000,4.270833,0.350000,beat-sync,1.057356,1.057356,,0.000000000,0.241304498,right_wrist_yaw,0.000127608,left_wrist_roll,0.241304498,right_wrist_yaw,0.000201463,left_wrist_roll,-0.172364,-0.007537,1.000757,-0.144402,0.000000000,0.000000000,0.000000000,0.000848661,0.000711361,0.006492620,11.224000,0.000000000,0.000000000,,0.000201,0.000158,1.513256,,0.006045395,0,1,0,5,gPO_sBM_cAll_d10_mPO0_ch01;gPO_sBM_cAll_d11_mPO0_ch01;gPO_sBM_cAll_d11_mPO0_ch02;gPO_sBM_cAll_d10_mPO0_ch02;gPO_sBM_cAll_d12_mPO3_ch02,,68.960300,846.368900,77.199300,5903.202400,accepted,0.947087,,0.903794,0.241870991,33.181416,0.112665,HO,0.846646,0.005274,0.002807,JB3:0.675915;JB5:0.670641;JB1:0.657479;LO4:0.616090;JB2:0.610333,gHO_sBM_cAll_d20_mHO5_ch10:0.666802;gHO_sBM_cAll_d21_mHO5_ch10:0.663995;gHO_sBM_cAll_d20_mHO5_ch06:0.663899;gHO_sBM_cAll_d21_mHO5_ch09:0.662803;gHO_sBM_cAll_d21_mHO5_ch03:0.655689;gHO_sBM_cAll_d21_mHO5_ch05:0.648779;gHO_sBM_cAll_d20_mHO5_ch05:0.645623;gHO_sBM_cAll_d21_mHO5_ch02:0.645307;gHO_sBM_cAll_d20_mHO5_ch04:0.644716;gHO_sBM_cAll_d21_mHO5_ch04:0.642606,Electronic---Techno:0.327413;Electronic---Electro:0.210061;Electronic---Ambient:0.112665;Electronic---Deep Techno:0.107612;Electronic---EBM:0.106975,PO:v1:k0:r1,,JB3,0.675915,gHO_sBM_cAll_d20_mHO5_ch10,0.666802,120.967742
12.760000,12.767125800,,hermite,loading,,6.217248937900877e-15,7.612957883143931e-14,4.495270369094512e-13,0,0.00044158092029106445,1,gPO_sBM_cAll_d12_mPO3_ch02,,,12.248000,gHO_sBM_cAll_d20_mHO5_ch10;gHO_sBM_cAll_d21_mHO5_ch10;gHO_sBM_cAll_d20_mHO5_ch06;gHO_sBM_cAll_d21_mHO5_ch09;gHO_sBM_cAll_d21_mHO5_ch03,13.395106,113,,,,0.218125961,0.216061185,0.000000,motion_end,0.216061185,0.077234,0.128347,0.034431,0.000000,0.087300,0.000000,4.270833,0.350000,beat-sync,1.057356,1.057356,,0.000000000,0.241300452,right_wrist_yaw,0.000693506,left_wrist_roll,0.241300452,right_wrist_yaw,0.000886057,left_wrist_roll,-0.172009,-0.008344,1.000008,-0.137805,0.000000000,0.000000000,0.000000000,0.000848661,0.000711361,0.006492620,11.224000,0.000000000,0.000000000,,0.000886,0.000762,0.079746,,0.006041571,0,1,0,5,gPO_sBM_cAll_d10_mPO0_ch01;gPO_sBM_cAll_d11_mPO0_ch01;gPO_sBM_cAll_d11_mPO0_ch02;gPO_sBM_cAll_d10_mPO0_ch02;gPO_sBM_cAll_d12_mPO3_ch02,,68.960300,846.368900,77.199300,5903.202400,accepted,0.947087,,0.903794,0.241870991,33.181416,0.112665,HO,0.846646,0.005274,0.002807,JB3:0.675915;JB5:0.670641;JB1:0.657479;LO4:0.616090;JB2:0.610333,gHO_sBM_cAll_d20_mHO5_ch10:0.666802;gHO_sBM_cAll_d21_mHO5_ch10:0.663995;gHO_sBM_cAll_d20_mHO5_ch06:0.663899;gHO_sBM_cAll_d21_mHO5_ch09:0.662803;gHO_sBM_cAll_d21_mHO5_ch03:0.655689;gHO_sBM_cAll_d21_mHO5_ch05:0.648779;gHO_sBM_cAll_d20_mHO5_ch05:0.645623;gHO_sBM_cAll_d21_mHO5_ch02:0.645307;gHO_sBM_cAll_d20_mHO5_ch04:0.644716;gHO_sBM_cAll_d21_mHO5_ch04:0.642606,Electronic---Techno:0.327413;Electronic---Electro:0.210061;Electronic---Ambient:0.112665;Electronic---Deep Techno:0.107612;Electronic---EBM:0.106975,PO:v1:k0:r1,,JB3,0.675915,gHO_sBM_cAll_d20_mHO5_ch10,0.666802,120.967742
12.824000,12.834437800,,hermite,loading,,6.217248937900877e-15,7.612957883143931e-14,4.495270369094512e-13,0,0.037232649900056924,1,gPO_sBM_cAll_d12_mPO3_ch02,,,12.248000,gHO_sBM_cAll_d20_mHO5_ch10;gHO_sBM_cAll_d21_mHO5_ch10;gHO_sBM_cAll_d20_mHO5_ch06;gHO_sBM_cAll_d21_mHO5_ch09;gHO_sBM_cAll_d21_mHO5_ch03,13.395106,113,,,,0.225791347,0.216061185,0.000000,motion_end,0.216061185,0.077234,0.128347,0.034431,0.000000,0.087300,0.000000,4.270833,0.350000,beat-sync,1.009623,0.720301,,0.000000000,0.240992983,right_wrist_yaw,0.009967927,left_wrist_roll,0.240992983,right_wrist_yaw,0.015765350,left_wrist_roll,-0.167364,-0.012691,0.996028,-0.124448,0.000000000,0.000000000,0.000000000,0.000848661,0.000711361,0.006492620,12.792000,0.000000000,0.000000000,,0.020689,0.015497,0.949717,,0.006011154,0,1,0,5,gPO_sBM_cAll_d10_mPO0_ch01;gPO_sBM_cAll_d11_mPO0_ch01;gPO_sBM_cAll_d11_mPO0_ch02;gPO_sBM_cAll_d10_mPO0_ch02;gPO_sBM_cAll_d12_mPO3_ch02,,68.960300,846.368900,77.199300,5903.202400,accepted,0.947087,,0.903794,0.241870991,33.181416,0.112665,HO,0.846646,0.005274,0.002807,JB3:0.675915;JB5:0.670641;JB1:0.657479;LO4:0.616090;JB2:0.610333,gHO_sBM_cAll_d20_mHO5_ch10:0.666802;gHO_sBM_cAll_d21_mHO5_ch10:0.663995;gHO_sBM_cAll_d20_mHO5_ch06:0.663899;gHO_sBM_cAll_d21_mHO5_ch09:0.662803;gHO_sBM_cAll_d21_mHO5_ch03:0.655689;gHO_sBM_cAll_d21_mHO5_ch05:0.648779;gHO_sBM_cAll_d20_mHO5_ch05:0.645623;gHO_sBM_cAll_d21_mHO5_ch02:0.645307;gHO_sBM_cAll_d20_mHO5_ch04:0.644716;gHO_sBM_cAll_d21_mHO5_ch04:0.642606,Electronic---Techno:0.327413;Electronic---Electro:0.210061;Electronic---Ambient:0.112665;Electronic---Deep Techno:0.107612;Electronic---EBM:0.106975,PO:v1:k0:r1,,JB3,0.675915,gHO_sBM_cAll_d20_mHO5_ch10,0.666802,120.967742
12.824000,12.876408300,beat_limiter_result,hermite,loading,,6.217248937900877e-15,7.612957883143931e-14,4.495270369094512e-13,0,0.10731416916107027,1,gPO_sBM_cAll_d12_mPO3_ch02,,,12.248000,gHO_sBM_cAll_d20_mHO5_ch10;gHO_sBM_cAll_d21_mHO5_ch10;gHO_sBM_cAll_d20_mHO5_ch06;gHO_sBM_cAll_d21_mHO5_ch09;gHO_sBM_cAll_d21_mHO5_ch03,13.395106,113,,,,0.230606178,0.216061185,0.000000,motion_end,0.216061185,0.077234,0.128347,0.034431,0.000000,0.087300,0.000000,4.270833,0.350000,beat-sync,0.959298,0.720301,,0.000000000,0.240576653,right_wrist_yaw,0.015381570,left_wrist_roll,0.240576653,right_wrist_yaw,0.016530577,left_wrist_roll,-0.162905,-0.015806,0.987375,-0.089110,0.000000000,0.000000000,0.000000000,0.000848661,0.000711361,0.006492620,12.792000,0.000000000,0.000000000,,0.030708,0.025368,0.275675,,0.005992299,0,1,0,5,gPO_sBM_cAll_d10_mPO0_ch01;gPO_sBM_cAll_d11_mPO0_ch01;gPO_sBM_cAll_d11_mPO0_ch02;gPO_sBM_cAll_d10_mPO0_ch02;gPO_sBM_cAll_d12_mPO3_ch02,,68.960300,846.368900,77.199300,5903.202400,accepted,0.947087,,0.903794,0.241870991,33.181416,0.112665,HO,0.846646,0.005274,0.002807,JB3:0.675915;JB5:0.670641;JB1:0.657479;LO4:0.616090;JB2:0.610333,gHO_sBM_cAll_d20_mHO5_ch10:0.666802;gHO_sBM_cAll_d21_mHO5_ch10:0.663995;gHO_sBM_cAll_d20_mHO5_ch06:0.663899;gHO_sBM_cAll_d21_mHO5_ch09:0.662803;gHO_sBM_cAll_d21_mHO5_ch03:0.655689;gHO_sBM_cAll_d21_mHO5_ch05:0.648779;gHO_sBM_cAll_d20_mHO5_ch05:0.645623;gHO_sBM_cAll_d21_mHO5_ch02:0.645307;gHO_sBM_cAll_d20_mHO5_ch04:0.644716;gHO_sBM_cAll_d21_mHO5_ch04:0.642606,Electronic---Techno:0.327413;Electronic---Electro:0.210061;Electronic---Ambient:0.112665;Electronic---Deep Techno:0.107612;Electronic---EBM:0.106975,PO:v1:k0:r1,,JB3,0.675915,gHO_sBM_cAll_d20_mHO5_ch10,0.666802,120.967742
12.856000,12.884502900,,hermite,loading,,6.217248937900877e-15,7.612957883143931e-14,4.495270369094512e-13,0,0.12566718393436746,1,gPO_sBM_cAll_d12_mPO3_ch02,,,12.248000,gHO_sBM_cAll_d20_mHO5_ch10;gHO_sBM_cAll_d21_mHO5_ch10;gHO_sBM_cAll_d20_mHO5_ch06;gHO_sBM_cAll_d21_mHO5_ch09;gHO_sBM_cAll_d21_mHO5_ch03,13.395106,113,,,,0.231546000,0.216061185,0.000000,motion_end,0.216061185,0.077234,0.128347,0.034431,0.000000,0.087300,0.000000,4.270833,0.350000,beat-sync,0.950514,0.720301,,0.000000000,0.240491343,right_wrist_yaw,0.014624511,left_wrist_roll,0.240491343,right_wrist_yaw,0.018967647,left_wrist_roll,-0.161384,-0.016494,0.984864,-0.080382,0.000000000,0.000000000,0.000000000,0.000848661,0.000711361,0.006492620,12.792000,0.000000000,0.000000000,,0.062784,0.050149,4.178726,,0.005988542,0,1,0,5,gPO_sBM_cAll_d10_mPO0_ch01;gPO_sBM_cAll_d11_mPO0_ch01;gPO_sBM_cAll_d11_mPO0_ch02;gPO_sBM_cAll_d10_mPO0_ch02;gPO_sBM_cAll_d12_mPO3_ch02,,68.960300,846.368900,77.199300,5903.202400,accepted,0.947087,,0.903794,0.241870991,33.181416,0.112665,HO,0.846646,0.005274,0.002807,JB3:0.675915;JB5:0.670641;JB1:0.657479;LO4:0.616090;JB2:0.610333,gHO_sBM_cAll_d20_mHO5_ch10:0.666802;gHO_sBM_cAll_d21_mHO5_ch10:0.663995;gHO_sBM_cAll_d20_mHO5_ch06:0.663899;gHO_sBM_cAll_d21_mHO5_ch09:0.662803;gHO_sBM_cAll_d21_mHO5_ch03:0.655689;gHO_sBM_cAll_d21_mHO5_ch05:0.648779;gHO_sBM_cAll_d20_mHO5_ch05:0.645623;gHO_sBM_cAll_d21_mHO5_ch02:0.645307;gHO_sBM_cAll_d20_mHO5_ch04:0.644716;gHO_sBM_cAll_d21_mHO5_ch04:0.642606,Electronic---Techno:0.327413;Electronic---Electro:0.210061;Electronic---Ambient:0.112665;Electronic---Deep Techno:0.107612;Electronic---EBM:0.106975,PO:v1:k0:r1,,JB3,0.675915,gHO_sBM_cAll_d20_mHO5_ch10,0.666802,120.967742
12.920000,12.943542200,,hermite,loading,,6.217248937900877e-15,7.612957883143931e-14,4.495270369094512e-13,0,0.29065030340020903,1,gPO_sBM_cAll_d12_mPO3_ch02,,,12.248000,gHO_sBM_cAll_d20_mHO5_ch10;gHO_sBM_cAll_d21_mHO5_ch10;gHO_sBM_cAll_d20_mHO5_ch06;gHO_sBM_cAll_d21_mHO5_ch09;gHO_sBM_cAll_d21_mHO5_ch03,13.395106,113,,,,0.238104074,0.216061185,0.000000,motion_end,0.216061185,0.077234,0.128347,0.034431,0.000000,0.087300,0.000000,4.270833,0.350000,beat-sync,0.897051,0.720301,,0.000000000,0.240067867,right_wrist_yaw,0.004884884,left_wrist_roll,0.240067867,right_wrist_yaw,0.009292009,left_wrist_roll,-0.142363,-0.020544,0.962662,-0.036856,0.000000000,0.000000000,0.000000000,0.000848661,0.000711361,0.006492620,12.792000,0.000000000,0.000000000,,0.147293,0.103254,10.892512,,0.005962375,0,1,0,5,gPO_sBM_cAll_d10_mPO0_ch01;gPO_sBM_cAll_d11_mPO0_ch01;gPO_sBM_cAll_d11_mPO0_ch02;gPO_sBM_cAll_d10_mPO0_ch02;gPO_sBM_cAll_d12_mPO3_ch02,,68.960300,846.368900,77.199300,5903.202400,accepted,0.947087,,0.903794,0.241870991,33.181416,0.112665,HO,0.846646,0.005274,0.002807,JB3:0.675915;JB5:0.670641;JB1:0.657479;LO4:0.616090;JB2:0.610333,gHO_sBM_cAll_d20_mHO5_ch10:0.666802;gHO_sBM_cAll_d21_mHO5_ch10:0.663995;gHO_sBM_cAll_d20_mHO5_ch06:0.663899;gHO_sBM_cAll_d21_mHO5_ch09:0.662803;gHO_sBM_cAll_d21_mHO5_ch03:0.655689;gHO_sBM_cAll_d21_mHO5_ch05:0.648779;gHO_sBM_cAll_d20_mHO5_ch05:0.645623;gHO_sBM_cAll_d21_mHO5_ch02:0.645307;gHO_sBM_cAll_d20_mHO5_ch04:0.644716;gHO_sBM_cAll_d21_mHO5_ch04:0.642606,Electronic---Techno:0.327413;Electronic---Electro:0.210061;Electronic---Ambient:0.112665;Electronic---Deep Techno:0.107612;Electronic---EBM:0.106975,PO:v1:k0:r1,,JB3,0.675915,gHO_sBM_cAll_d20_mHO5_ch10,0.666802,120.967742
12.952000,12.969462700,,hermite,loading,,6.217248937900877e-15,7.612957883143931e-14,4.495270369094512e-13,0,0.380294221182339,1,gPO_sBM_cAll_d12_mPO3_ch02,,,12.248000,gHO_sBM_cAll_d20_mHO5_ch10;gHO_sBM_cAll_d21_mHO5_ch10;gHO_sBM_cAll_d20_mHO5_ch06;gHO_sBM_cAll_d21_mHO5_ch09;gHO_sBM_cAll_d21_mHO5_ch03,13.395106,113,,,,0.241038798,0.216061185,0.000000,motion_end,0.216061185,0.077234,0.128347,0.034431,0.000000,0.087300,0.000000,4.270833,0.350000,beat-sync,0.876919,0.720301,,0.000000000,0.240068004,right_wrist_yaw,0.002979070,left_wrist_roll,0.240068004,right_wrist_yaw,0.003381771,left_wrist_roll,-0.129668,-0.023420,0.949510,0.000464,0.000000000,0.000000000,0.000000000,0.000848661,0.000711361,0.006492620,12.792000,0.000000000,0.000000000,,0.082968,0.071732,3.380628,,0.005951230,0,1,0,5,gPO_sBM_cAll_d10_mPO0_ch01;gPO_sBM_cAll_d11_mPO0_ch01;gPO_sBM_cAll_d11_mPO0_ch02;gPO_sBM_cAll_d10_mPO0_ch02;gPO_sBM_cAll_d12_mPO3_ch02,,68.960300,846.368900,77.199300,5903.202400,accepted,0.947087,,0.903794,0.241870991,33.181416,0.112665,HO,0.846646,0.005274,0.002807,JB3:0.675915;JB5:0.670641;JB1:0.657479;LO4:0.616090;JB2:0.610333,gHO_sBM_cAll_d20_mHO5_ch10:0.666802;gHO_sBM_cAll_d21_mHO5_ch10:0.663995;gHO_sBM_cAll_d20_mHO5_ch06:0.663899;gHO_sBM_cAll_d21_mHO5_ch09:0.662803;gHO_sBM_cAll_d21_mHO5_ch03:0.655689;gHO_sBM_cAll_d21_mHO5_ch05:0.648779;gHO_sBM_cAll_d20_mHO5_ch05:0.645623;gHO_sBM_cAll_d21_mHO5_ch02:0.645307;gHO_sBM_cAll_d20_mHO5_ch04:0.644716;gHO_sBM_cAll_d21_mHO5_ch04:0.642606,Electronic---Techno:0.327413;Electronic---Electro:0.210061;Electronic---Ambient:0.112665;Electronic---Deep Techno:0.107612;Electronic---EBM:0.106975,PO:v1:k0:r1,,JB3,0.675915,gHO_sBM_cAll_d20_mHO5_ch10,0.666802,120.967742
13.016000,13.034364000,,hermite,loading,,6.217248937900877e-15,7.612957883143931e-14,4.495270369094512e-13,0,0.6034862725144324,1,gPO_sBM_cAll_d12_mPO3_ch02,,,12.248000,gHO_sBM_cAll_d20_mHO5_ch10;gHO_sBM_cAll_d21_mHO5_ch10;gHO_sBM_cAll_d20_mHO5_ch06;gHO_sBM_cAll_d21_mHO5_ch09;gHO_sBM_cAll_d21_mHO5_ch03,13.395106,113,,,,0.247934067,0.216061185,0.000000,motion_end,0.216061185,0.077234,0.128347,0.034431,0.000000,0.087300,0.000000,4.270833,0.350000,beat-sync,0.836981,0.720301,,0.000000000,0.240774849,right_wrist_yaw,0.022710287,left_wrist_roll,0.240774849,right_wrist_yaw,0.035457787,left_wrist_roll,-0.124202,-0.030101,0.930889,0.044620,0.000000000,0.000000000,0.000000000,0.000848661,0.000711361,0.006492620,12.792000,0.000000000,0.000000000,,0.059151,0.046807,2.842667,,0.005921714,0,1,0,5,gPO_sBM_cAll_d10_mPO0_ch01;gPO_sBM_cAll_d11_mPO0_ch01;gPO_sBM_cAll_d11_mPO0_ch02;gPO_sBM_cAll_d10_mPO0_ch02;gPO_sBM_cAll_d12_mPO3_ch02,,68.960300,846.368900,77.199300,5903.202400,accepted,0.947087,,0.903794,0.241870991,33.181416,0.112665,HO,0.846646,0.005274,0.002807,JB3:0.675915;JB5:0.670641;JB1:0.657479;LO4:0.616090;JB2:0.610333,gHO_sBM_cAll_d20_mHO5_ch10:0.666802;gHO_sBM_cAll_d21_mHO5_ch10:0.663995;gHO_sBM_cAll_d20_mHO5_ch06:0.663899;gHO_sBM_cAll_d21_mHO5_ch09:0.662803;gHO_sBM_cAll_d21_mHO5_ch03:0.655689;gHO_sBM_cAll_d21_mHO5_ch05:0.648779;gHO_sBM_cAll_d20_mHO5_ch05:0.645623;gHO_sBM_cAll_d21_mHO5_ch02:0.645307;gHO_sBM_cAll_d20_mHO5_ch04:0.644716;gHO_sBM_cAll_d21_mHO5_ch04:0.642606,Electronic---Techno:0.327413;Electronic---Electro:0.210061;Electronic---Ambient:0.112665;Electronic---Deep Techno:0.107612;Electronic---EBM:0.106975,PO:v1:k0:r1,,JB3,0.675915,gHO_sBM_cAll_d20_mHO5_ch10,0.666802,120.967742
13.080000,13.100703100,,hermite,loading,,6.217248937900877e-15,7.612957883143931e-14,4.495270369094512e-13,0,0.7984355248759811,1,gPO_sBM_cAll_d12_mPO3_ch02,,,12.248000,gHO_sBM_cAll_d20_mHO5_ch10;gHO_sBM_cAll_d21_mHO5_ch10;gHO_sBM_cAll_d20_mHO5_ch06;gHO_sBM_cAll_d21_mHO5_ch09;gHO_sBM_cAll_d21_mHO5_ch03,13.395106,113,,,,0.254626716,0.216061185,0.000000,motion_end,0.216061185,0.077234,0.128347,0.034431,0.000000,0.087300,0.000000,4.270833,0.350000,beat-sync,0.806412,0.720301,,0.000000000,0.242449490,right_wrist_yaw,0.038027410,left_wrist_roll,0.242449490,right_wrist_yaw,0.057327523,left_wrist_roll,-0.141003,-0.021087,0.934571,0.066149,0.000000000,0.000000000,0.000000000,0.000848661,0.000711361,0.006492620,12.792000,0.000000000,0.000000000,,0.506014,0.420143,59.991799,,0.005892489,0,1,0,5,gPO_sBM_cAll_d10_mPO0_ch01;gPO_sBM_cAll_d11_mPO0_ch01;gPO_sBM_cAll_d11_mPO0_ch02;gPO_sBM_cAll_d10_mPO0_ch02;gPO_sBM_cAll_d12_mPO3_ch02,,68.960300,846.368900,77.199300,5903.202400,accepted,0.947087,,0.903794,0.241870991,33.181416,0.112665,HO,0.846646,0.005274,0.002807,JB3:0.675915;JB5:0.670641;JB1:0.657479;LO4:0.616090;JB2:0.610333,gHO_sBM_cAll_d20_mHO5_ch10:0.666802;gHO_sBM_cAll_d21_mHO5_ch10:0.663995;gHO_sBM_cAll_d20_mHO5_ch06:0.663899;gHO_sBM_cAll_d21_mHO5_ch09:0.662803;gHO_sBM_cAll_d21_mHO5_ch03:0.655689;gHO_sBM_cAll_d21_mHO5_ch05:0.648779;gHO_sBM_cAll_d20_mHO5_ch05:0.645623;gHO_sBM_cAll_d21_mHO5_ch02:0.645307;gHO_sBM_cAll_d20_mHO5_ch04:0.644716;gHO_sBM_cAll_d21_mHO5_ch04:0.642606,Electronic---Techno:0.327413;Electronic---Electro:0.210061;Electronic---Ambient:0.112665;Electronic---Deep Techno:0.107612;Electronic---EBM:0.106975,PO:v1:k0:r1,,JB3,0.675915,gHO_sBM_cAll_d20_mHO5_ch10,0.666802,120.967742
13.112000,13.125566200,,hermite,loading,,6.217248937900877e-15,7.612957883143931e-14,4.495270369094512e-13,0,0.8550965774804186,1,gPO_sBM_cAll_d12_mPO3_ch02,,,12.248000,gHO_sBM_cAll_d20_mHO5_ch10;gHO_sBM_cAll_d21_mHO5_ch10;gHO_sBM_cAll_d20_mHO5_ch06;gHO_sBM_cAll_d21_mHO5_ch09;gHO_sBM_cAll_d21_mHO5_ch03,13.395106,113,,,,0.257024336,0.216061185,0.000000,motion_end,0.216061185,0.077234,0.128347,0.034431,0.000000,0.087300,0.000000,4.270833,0.350000,beat-sync,0.797157,0.720301,,0.000000000,0.243237680,right_wrist_yaw,0.041277802,left_wrist_roll,0.243237680,right_wrist_yaw,0.057853858,left_wrist_roll,-0.147218,-0.014000,0.941500,0.017889,0.000000000,0.000000000,0.000000000,0.000848661,0.000711361,0.006492620,12.792000,0.000000000,0.000000000,,0.330015,0.280796,36.546321,,0.005881604,0,1,0,5,gPO_sBM_cAll_d10_mPO0_ch01;gPO_sBM_cAll_d11_mPO0_ch01;gPO_sBM_cAll_d11_mPO0_ch02;gPO_sBM_cAll_d10_mPO0_ch02;gPO_sBM_cAll_d12_mPO3_ch02,,68.960300,846.368900,77.199300,5903.202400,accepted,0.947087,,0.903794,0.241870991,33.181416,0.112665,HO,0.846646,0.005274,0.002807,JB3:0.675915;JB5:0.670641;JB1:0.657479;LO4:0.616090;JB2:0.610333,gHO_sBM_cAll_d20_mHO5_ch10:0.666802;gHO_sBM_cAll_d21_mHO5_ch10:0.663995;gHO_sBM_cAll_d20_mHO5_ch06:0.663899;gHO_sBM_cAll_d21_mHO5_ch09:0.662803;gHO_sBM_cAll_d21_mHO5_ch03:0.655689;gHO_sBM_cAll_d21_mHO5_ch05:0.648779;gHO_sBM_cAll_d20_mHO5_ch05:0.645623;gHO_sBM_cAll_d21_mHO5_ch02:0.645307;gHO_sBM_cAll_d20_mHO5_ch04:0.644716;gHO_sBM_cAll_d21_mHO5_ch04:0.642606,Electronic---Techno:0.327413;Electronic---Electro:0.210061;Electronic---Ambient:0.112665;Electronic---Deep Techno:0.107612;Electronic---EBM:0.106975,PO:v1:k0:r1,,JB3,0.675915,gHO_sBM_cAll_d20_mHO5_ch10,0.666802,120.967742
13.176000,13.191506800,,hermite,loading,,6.217248937900877e-15,7.612957883143931e-14,4.495270369094512e-13,0,0.957097681393331,1,gPO_sBM_cAll_d12_mPO3_ch02,,,12.248000,gHO_sBM_cAll_d20_mHO5_ch10;gHO_sBM_cAll_d21_mHO5_ch10;gHO_sBM_cAll_d20_mHO5_ch06;gHO_sBM_cAll_d21_mHO5_ch09;gHO_sBM_cAll_d21_mHO5_ch03,13.395106,113,,,,0.263168549,0.216061185,0.000000,motion_end,0.216061185,0.077234,0.128347,0.034431,0.000000,0.087300,0.000000,4.270833,0.350000,beat-sync,0.777095,0.720301,,0.000000000,0.245485644,right_wrist_yaw,0.041343425,left_wrist_roll,0.245485644,right_wrist_yaw,0.066004165,left_wrist_roll,-0.160697,-0.002002,0.967342,-0.071566,0.000000000,0.000000000,0.000000000,0.000848661,0.000711361,0.006492620,12.792000,0.000000000,0.000000000,,0.103677,0.087681,11.458785,,0.005852772,0,1,0,5,gPO_sBM_cAll_d10_mPO0_ch01;gPO_sBM_cAll_d11_mPO0_ch01;gPO_sBM_cAll_d11_mPO0_ch02;gPO_sBM_cAll_d10_mPO0_ch02;gPO_sBM_cAll_d12_mPO3_ch02,,68.960300,846.368900,77.199300,5903.202400,accepted,0.947087,,0.903794,0.241870991,33.181416,0.112665,HO,0.846646,0.005274,0.002807,JB3:0.675915;JB5:0.670641;JB1:0.657479;LO4:0.616090;JB2:0.610333,gHO_sBM_cAll_d20_mHO5_ch10:0.666802;gHO_sBM_cAll_d21_mHO5_ch10:0.663995;gHO_sBM_cAll_d20_mHO5_ch06:0.663899;gHO_sBM_cAll_d21_mHO5_ch09:0.662803;gHO_sBM_cAll_d21_mHO5_ch03:0.655689;gHO_sBM_cAll_d21_mHO5_ch05:0.648779;gHO_sBM_cAll_d20_mHO5_ch05:0.645623;gHO_sBM_cAll_d21_mHO5_ch02:0.645307;gHO_sBM_cAll_d20_mHO5_ch04:0.644716;gHO_sBM_cAll_d21_mHO5_ch04:0.642606,Electronic---Techno:0.327413;Electronic---Electro:0.210061;Electronic---Ambient:0.112665;Electronic---Deep Techno:0.107612;Electronic---EBM:0.106975,PO:v1:k0:r1,,JB3,0.675915,gHO_sBM_cAll_d20_mHO5_ch10,0.666802,120.967742
13.208000,13.225643700,,hermite,loading,,6.217248937900877e-15,7.612957883143931e-14,4.495270369094512e-13,0,0.9833954126805504,1,gPO_sBM_cAll_d12_mPO3_ch02,,,12.248000,gHO_sBM_cAll_d20_mHO5_ch10;gHO_sBM_cAll_d21_mHO5_ch10;gHO_sBM_cAll_d20_mHO5_ch06;gHO_sBM_cAll_d21_mHO5_ch09;gHO_sBM_cAll_d21_mHO5_ch03,13.395106,113,,,,0.266165023,0.216061185,0.000000,motion_end,0.216061185,0.077234,0.128347,0.034431,0.000000,0.087300,0.000000,4.270833,0.350000,beat-sync,0.769065,0.720301,,0.000000000,0.246603019,right_wrist_yaw,0.046465811,left_wrist_roll,0.246603019,right_wrist_yaw,0.059652312,left_wrist_roll,-0.166435,0.004681,0.978087,-0.077567,0.000000000,0.000000000,0.000000000,0.000848661,0.000711361,0.006492620,12.792000,0.000000000,0.000000000,,0.237650,0.206152,26.185984,,0.005838462,0,1,0,5,gPO_sBM_cAll_d10_mPO0_ch01;gPO_sBM_cAll_d11_mPO0_ch01;gPO_sBM_cAll_d11_mPO0_ch02;gPO_sBM_cAll_d10_mPO0_ch02;gPO_sBM_cAll_d12_mPO3_ch02,,68.960300,846.368900,77.199300,5903.202400,accepted,0.947087,,0.903794,0.241870991,33.181416,0.112665,HO,0.846646,0.005274,0.002807,JB3:0.675915;JB5:0.670641;JB1:0.657479;LO4:0.616090;JB2:0.610333,gHO_sBM_cAll_d20_mHO5_ch10:0.666802;gHO_sBM_cAll_d21_mHO5_ch10:0.663995;gHO_sBM_cAll_d20_mHO5_ch06:0.663899;gHO_sBM_cAll_d21_mHO5_ch09:0.662803;gHO_sBM_cAll_d21_mHO5_ch03:0.655689;gHO_sBM_cAll_d21_mHO5_ch05:0.648779;gHO_sBM_cAll_d20_mHO5_ch05:0.645623;gHO_sBM_cAll_d21_mHO5_ch02:0.645307;gHO_sBM_cAll_d20_mHO5_ch04:0.644716;gHO_sBM_cAll_d21_mHO5_ch04:0.642606,Electronic---Techno:0.327413;Electronic---Electro:0.210061;Electronic---Ambient:0.112665;Electronic---Deep Techno:0.107612;Electronic---EBM:0.106975,PO:v1:k0:r1,,JB3,0.675915,gHO_sBM_cAll_d20_mHO5_ch10,0.666802,120.967742
13.272000,13.286307000,,hermite,loading,,6.217248937900877e-15,7.612957883143931e-14,4.495270369094512e-13,0,0.9994905271059052,1,gPO_sBM_cAll_d12_mPO3_ch02,,,12.248000,gHO_sBM_cAll_d20_mHO5_ch10;gHO_sBM_cAll_d21_mHO5_ch10;gHO_sBM_cAll_d20_mHO5_ch06;gHO_sBM_cAll_d21_mHO5_ch09;gHO_sBM_cAll_d21_mHO5_ch03,13.395106,113,,,,0.271254979,0.216061185,0.000000,motion_end,0.216061185,0.077234,0.128347,0.034431,0.000000,0.087300,0.000000,4.270833,0.350000,beat-sync,0.757750,0.720301,,0.000000000,0.248402392,right_wrist_yaw,0.034946880,left_wrist_roll,0.248402392,right_wrist_yaw,0.034717467,left_wrist_roll,-0.171174,0.017533,0.987493,-0.108707,0.000000000,0.000000000,0.000000000,0.000848661,0.000711361,0.006492620,12.792000,0.000000000,0.000000000,,0.145771,0.128197,13.334396,,0.005813587,0,1,0,5,gPO_sBM_cAll_d10_mPO0_ch01;gPO_sBM_cAll_d11_mPO0_ch01;gPO_sBM_cAll_d11_mPO0_ch02;gPO_sBM_cAll_d10_mPO0_ch02;gPO_sBM_cAll_d12_mPO3_ch02,,68.960300,846.368900,77.199300,5903.202400,accepted,0.947087,,0.903794,0.241870991,33.181416,0.112665,HO,0.846646,0.005274,0.002807,JB3:0.675915;JB5:0.670641;JB1:0.657479;LO4:0.616090;JB2:0.610333,gHO_sBM_cAll_d20_mHO5_ch10:0.666802;gHO_sBM_cAll_d21_mHO5_ch10:0.663995;gHO_sBM_cAll_d20_mHO5_ch06:0.663899;gHO_sBM_cAll_d21_mHO5_ch09:0.662803;gHO_sBM_cAll_d21_mHO5_ch03:0.655689;gHO_sBM_cAll_d21_mHO5_ch05:0.648779;gHO_sBM_cAll_d20_mHO5_ch05:0.645623;gHO_sBM_cAll_d21_mHO5_ch02:0.645307;gHO_sBM_cAll_d20_mHO5_ch04:0.644716;gHO_sBM_cAll_d21_mHO5_ch04:0.642606,Electronic---Techno:0.327413;Electronic---Electro:0.210061;Electronic---Ambient:0.112665;Electronic---Deep Techno:0.107612;Electronic---EBM:0.106975,PO:v1:k0:r1,,JB3,0.675915,gHO_sBM_cAll_d20_mHO5_ch10,0.666802,120.967742
13.304000,13.317912000,,hermite,loading,,6.217248937900877e-15,7.612957883143931e-14,4.495270369094512e-13,0,1.0,1,gPO_sBM_cAll_d12_mPO3_ch02,,,12.248000,gHO_sBM_cAll_d20_mHO5_ch10;gHO_sBM_cAll_d21_mHO5_ch10;gHO_sBM_cAll_d20_mHO5_ch06;gHO_sBM_cAll_d21_mHO5_ch09;gHO_sBM_cAll_d21_mHO5_ch03,13.395106,113,,,,0.274158898,0.216061185,0.000000,motion_end,0.216061185,0.077234,0.128347,0.034431,0.000000,0.087300,0.000000,4.270833,0.350000,beat-sync,0.752453,0.720301,,0.000000000,0.249371122,right_wrist_yaw,0.040196576,left_wrist_roll,0.249371122,right_wrist_yaw,0.048938810,left_wrist_roll,-0.180193,0.026829,0.987423,-0.124990,0.000000000,0.000000000,0.000000000,0.000848661,0.000711361,0.006492620,12.792000,0.000000000,0.000000000,,0.088666,0.075943,9.679847,,0.005799468,0,1,0,5,gPO_sBM_cAll_d10_mPO0_ch01;gPO_sBM_cAll_d11_mPO0_ch01;gPO_sBM_cAll_d11_mPO0_ch02;gPO_sBM_cAll_d10_mPO0_ch02;gPO_sBM_cAll_d12_mPO3_ch02,,68.960300,846.368900,77.199300,5903.202400,accepted,0.947087,,0.903794,0.241870991,33.181416,0.112665,HO,0.846646,0.005274,0.002807,JB3:0.675915;JB5:0.670641;JB1:0.657479;LO4:0.616090;JB2:0.610333,gHO_sBM_cAll_d20_mHO5_ch10:0.666802;gHO_sBM_cAll_d21_mHO5_ch10:0.663995;gHO_sBM_cAll_d20_mHO5_ch06:0.663899;gHO_sBM_cAll_d21_mHO5_ch09:0.662803;gHO_sBM_cAll_d21_mHO5_ch03:0.655689;gHO_sBM_cAll_d21_mHO5_ch05:0.648779;gHO_sBM_cAll_d20_mHO5_ch05:0.645623;gHO_sBM_cAll_d21_mHO5_ch02:0.645307;gHO_sBM_cAll_d20_mHO5_ch04:0.644716;gHO_sBM_cAll_d21_mHO5_ch04:0.642606,Electronic---Techno:0.327413;Electronic---Electro:0.210061;Electronic---Ambient:0.112665;Electronic---Deep Techno:0.107612;Electronic---EBM:0.106975,PO:v1:k0:r1,,JB3,0.675915,gHO_sBM_cAll_d20_mHO5_ch10,0.666802,120.967742
13.368000,13.375944500,,hermite,loading,,6.217248937900877e-15,7.612957883143931e-14,4.495270369094512e-13,0,1.0,1,gPO_sBM_cAll_d12_mPO3_ch02,,,12.248000,gHO_sBM_cAll_d20_mHO5_ch10;gHO_sBM_cAll_d21_mHO5_ch10;gHO_sBM_cAll_d20_mHO5_ch06;gHO_sBM_cAll_d21_mHO5_ch09;gHO_sBM_cAll_d21_mHO5_ch03,13.395106,113,,,,0.279488737,0.216061185,0.000000,motion_end,0.216061185,0.077234,0.128347,0.034431,0.000000,0.087300,0.000000,4.270833,0.350000,beat-sync,0.850424,1.142473,,0.082239902,0.251113731,right_wrist_yaw,0.041949900,left_wrist_roll,0.251113731,right_wrist_yaw,0.052785496,left_wrist_roll,-0.189165,0.041605,0.987780,-0.103769,0.000000000,0.000000000,0.000000000,0.000848661,0.000711361,0.006492620,13.304000,0.000000000,0.000000000,,0.058415,0.048961,5.903034,,0.005774924,0,1,0,5,gPO_sBM_cAll_d10_mPO0_ch01;gPO_sBM_cAll_d11_mPO0_ch01;gPO_sBM_cAll_d11_mPO0_ch02;gPO_sBM_cAll_d10_mPO0_ch02;gPO_sBM_cAll_d12_mPO3_ch02,,68.960300,846.368900,77.199300,5903.202400,accepted,0.947087,,0.903794,0.241870991,33.181416,0.112665,HO,0.846646,0.005274,0.002807,JB3:0.675915;JB5:0.670641;JB1:0.657479;LO4:0.616090;JB2:0.610333,gHO_sBM_cAll_d20_mHO5_ch10:0.666802;gHO_sBM_cAll_d21_mHO5_ch10:0.663995;gHO_sBM_cAll_d20_mHO5_ch06:0.663899;gHO_sBM_cAll_d21_mHO5_ch09:0.662803;gHO_sBM_cAll_d21_mHO5_ch03:0.655689;gHO_sBM_cAll_d21_mHO5_ch05:0.648779;gHO_sBM_cAll_d20_mHO5_ch05:0.645623;gHO_sBM_cAll_d21_mHO5_ch02:0.645307;gHO_sBM_cAll_d20_mHO5_ch04:0.644716;gHO_sBM_cAll_d21_mHO5_ch04:0.642606,Electronic---Techno:0.327413;Electronic---Electro:0.210061;Electronic---Ambient:0.112665;Electronic---Deep Techno:0.107612;Electronic---EBM:0.106975,PO:v1:k0:r1,,JB3,0.675915,gHO_sBM_cAll_d20_mHO5_ch10,0.666802,120.967742
13.368000,13.401508000,beat_limiter_result,hermite,loading,,6.217248937900877e-15,7.612957883143931e-14,4.495270369094512e-13,0,1.0,1,gPO_sBM_cAll_d12_mPO3_ch02,,,12.248000,gHO_sBM_cAll_d20_mHO5_ch10;gHO_sBM_cAll_d21_mHO5_ch10;gHO_sBM_cAll_d20_mHO5_ch06;gHO_sBM_cAll_d21_mHO5_ch09;gHO_sBM_cAll_d21_mHO5_ch03,13.395106,113,,,,0.282076521,0.216061185,0.000000,motion_end,0.216061185,0.077234,0.128347,0.034431,0.000000,0.087300,0.000000,4.270833,0.350000,beat-sync,0.901429,1.142473,,0.082148895,0.251944386,right_wrist_yaw,0.043499501,left_wrist_roll,0.251944386,right_wrist_yaw,0.055747150,left_wrist_roll,-0.195053,0.049565,0.985963,-0.091393,0.000000000,0.000000000,0.000000000,0.000848661,0.000711361,0.006492620,13.304000,0.000000000,0.000000000,,0.055747,0.044579,0.342008,,0.005764468,0,1,0,5,gPO_sBM_cAll_d10_mPO0_ch01;gPO_sBM_cAll_d11_mPO0_ch01;gPO_sBM_cAll_d11_mPO0_ch02;gPO_sBM_cAll_d10_mPO0_ch02;gPO_sBM_cAll_d12_mPO3_ch02,,68.960300,846.368900,77.199300,5903.202400,accepted,0.947087,,0.903794,0.241870991,33.181416,0.112665,HO,0.846646,0.005274,0.002807,JB3:0.675915;JB5:0.670641;JB1:0.657479;LO4:0.616090;JB2:0.610333,gHO_sBM_cAll_d20_mHO5_ch10:0.666802;gHO_sBM_cAll_d21_mHO5_ch10:0.663995;gHO_sBM_cAll_d20_mHO5_ch06:0.663899;gHO_sBM_cAll_d21_mHO5_ch09:0.662803;gHO_sBM_cAll_d21_mHO5_ch03:0.655689;gHO_sBM_cAll_d21_mHO5_ch05:0.648779;gHO_sBM_cAll_d20_mHO5_ch05:0.645623;gHO_sBM_cAll_d21_mHO5_ch02:0.645307;gHO_sBM_cAll_d20_mHO5_ch04:0.644716;gHO_sBM_cAll_d21_mHO5_ch04:0.642606,Electronic---Techno:0.327413;Electronic---Electro:0.210061;Electronic---Ambient:0.112665;Electronic---Deep Techno:0.107612;Electronic---EBM:0.106975,PO:v1:k0:r1,,JB3,0.675915,gHO_sBM_cAll_d20_mHO5_ch10,0.666802,120.967742
13.400000,13.408408700,,hermite,loading,,6.217248937900877e-15,7.612957883143931e-14,4.495270369094512e-13,0,1.0,1,gPO_sBM_cAll_d12_mPO3_ch02,,,12.248000,gHO_sBM_cAll_d20_mHO5_ch10;gHO_sBM_cAll_d21_mHO5_ch10;gHO_sBM_cAll_d20_mHO5_ch06;gHO_sBM_cAll_d21_mHO5_ch09;gHO_sBM_cAll_d21_mHO5_ch03,13.395106,113,,,,0.282903769,0.216061185,0.000000,motion_end,0.216061185,0.077234,0.128347,0.034431,0.000000,0.087300,0.000000,4.270833,0.350000,beat-sync,0.917154,1.142473,,0.082110173,0.252207729,right_wrist_yaw,0.045144542,left_wrist_roll,0.252207729,right_wrist_yaw,0.059321410,left_wrist_roll,-0.197065,0.052353,0.985168,-0.087898,0.000000000,0.000000000,0.000000000,0.000848661,0.000711361,0.006492620,13.304000,0.000000000,0.000000000,,0.304163,0.260932,34.987092,,0.005760992,0,1,0,5,gPO_sBM_cAll_d10_mPO0_ch01;gPO_sBM_cAll_d11_mPO0_ch01;gPO_sBM_cAll_d11_mPO0_ch02;gPO_sBM_cAll_d10_mPO0_ch02;gPO_sBM_cAll_d12_mPO3_ch02,,68.960300,846.368900,77.199300,5903.202400,accepted,0.947087,,0.903794,0.241870991,33.181416,0.112665,HO,0.846646,0.005274,0.002807,JB3:0.675915;JB5:0.670641;JB1:0.657479;LO4:0.616090;JB2:0.610333,gHO_sBM_cAll_d20_mHO5_ch10:0.666802;gHO_sBM_cAll_d21_mHO5_ch10:0.663995;gHO_sBM_cAll_d20_mHO5_ch06:0.663899;gHO_sBM_cAll_d21_mHO5_ch09:0.662803;gHO_sBM_cAll_d21_mHO5_ch03:0.655689;gHO_sBM_cAll_d21_mHO5_ch05:0.648779;gHO_sBM_cAll_d20_mHO5_ch05:0.645623;gHO_sBM_cAll_d21_mHO5_ch02:0.645307;gHO_sBM_cAll_d20_mHO5_ch04:0.644716;gHO_sBM_cAll_d21_mHO5_ch04:0.642606,Electronic---Techno:0.327413;Electronic---Electro:0.210061;Electronic---Ambient:0.112665;Electronic---Deep Techno:0.107612;Electronic---EBM:0.106975,PO:v1:k0:r1,,JB3,0.675915,gHO_sBM_cAll_d20_mHO5_ch10,0.666802,120.967742
13.464000,13.484461600,,hermite,loading,,6.217248937900877e-15,7.612957883143931e-14,4.495270369094512e-13,0,1.0,1,gPO_sBM_cAll_d12_mPO3_ch02,,,12.248000,gHO_sBM_cAll_d20_mHO5_ch10;gHO_sBM_cAll_d21_mHO5_ch10;gHO_sBM_cAll_d20_mHO5_ch06;gHO_sBM_cAll_d21_mHO5_ch09;gHO_sBM_cAll_d21_mHO5_ch03,13.395106,113,,,,0.291520228,0.216061185,0.000000,motion_end,0.216061185,0.077234,0.128347,0.034431,0.000000,0.087300,0.000000,4.270833,0.350000,beat-sync,1.067269,1.142473,,0.081412416,0.226707778,right_wrist_yaw,3.695944273,left_wrist_yaw,0.226707778,right_wrist_yaw,4.555335677,left_wrist_yaw,-0.210218,0.078807,0.967430,-0.005275,0.000000000,0.000000000,0.000000000,0.000848661,0.000711361,0.006492620,13.304000,0.000000000,0.000000000,,5.245425,4.348271,509.680001,,0.005729889,0,1,0,5,gPO_sBM_cAll_d10_mPO0_ch01;gPO_sBM_cAll_d11_mPO0_ch01;gPO_sBM_cAll_d11_mPO0_ch02;gPO_sBM_cAll_d10_mPO0_ch02;gPO_sBM_cAll_d12_mPO3_ch02,,68.960300,846.368900,77.199300,5903.202400,accepted,0.947087,,0.903794,0.241870991,33.181416,0.112665,HO,0.846646,0.005274,0.002807,JB3:0.675915;JB5:0.670641;JB1:0.657479;LO4:0.616090;JB2:0.610333,gHO_sBM_cAll_d20_mHO5_ch10:0.666802;gHO_sBM_cAll_d21_mHO5_ch10:0.663995;gHO_sBM_cAll_d20_mHO5_ch06:0.663899;gHO_sBM_cAll_d21_mHO5_ch09:0.662803;gHO_sBM_cAll_d21_mHO5_ch03:0.655689;gHO_sBM_cAll_d21_mHO5_ch05:0.648779;gHO_sBM_cAll_d20_mHO5_ch05:0.645623;gHO_sBM_cAll_d21_mHO5_ch02:0.645307;gHO_sBM_cAll_d20_mHO5_ch04:0.644716;gHO_sBM_cAll_d21_mHO5_ch04:0.642606,Electronic---Techno:0.327413;Electronic---Electro:0.210061;Electronic---Ambient:0.112665;Electronic---Deep Techno:0.107612;Electronic---EBM:0.106975,PO:v1:k0:r1,,JB3,0.675915,gHO_sBM_cAll_d20_mHO5_ch10,0.666802,120.967742
13.528000,13.553882100,,hermite,loading,,6.217248937900877e-15,7.612957883143931e-14,4.495270369094512e-13,0,1.0,1,gPO_sBM_cAll_d12_mPO3_ch02,,,12.248000,gHO_sBM_cAll_d20_mHO5_ch10;gHO_sBM_cAll_d21_mHO5_ch10;gHO_sBM_cAll_d20_mHO5_ch06;gHO_sBM_cAll_d21_mHO5_ch09;gHO_sBM_cAll_d21_mHO5_ch03,13.395106,113,,,,0.300264781,0.216061185,0.000000,motion_end,0.216061185,0.077234,0.128347,0.034431,0.000000,0.087300,0.000000,4.270833,0.350000,beat-sync,1.200704,1.142473,,0.080179469,0.244808675,right_wrist_yaw,3.228832745,right_wrist_yaw,0.244808675,right_wrist_yaw,3.041053756,right_wrist_yaw,-0.231559,0.110232,0.946019,0.215567,0.000000000,0.000000000,0.000000000,0.000848661,0.000711361,0.006492620,13.304000,0.000000000,0.000000000,,10.188815,8.744070,622.802757,,0.006114256,0,1,0,6,gPO_sBM_cAll_d10_mPO0_ch01;gPO_sBM_cAll_d11_mPO0_ch01;gPO_sBM_cAll_d11_mPO0_ch02;gPO_sBM_cAll_d10_mPO0_ch02;gPO_sBM_cAll_d12_mPO3_ch02;gHO_sBM_cAll_d20_mHO5_ch10,,43.004000,629.177200,66.012700,751.608600,accepted,0.947087,,0.903794,0.241870991,33.181416,0.112665,HO,0.846646,0.005274,0.002807,JB3:0.675915;JB5:0.670641;JB1:0.657479;LO4:0.616090;JB2:0.610333,gHO_sBM_cAll_d20_mHO5_ch10:0.666802;gHO_sBM_cAll_d21_mHO5_ch10:0.663995;gHO_sBM_cAll_d20_mHO5_ch06:0.663899;gHO_sBM_cAll_d21_mHO5_ch09:0.662803;gHO_sBM_cAll_d21_mHO5_ch03:0.655689;gHO_sBM_cAll_d21_mHO5_ch05:0.648779;gHO_sBM_cAll_d20_mHO5_ch05:0.645623;gHO_sBM_cAll_d21_mHO5_ch02:0.645307;gHO_sBM_cAll_d20_mHO5_ch04:0.644716;gHO_sBM_cAll_d21_mHO5_ch04:0.642606,Electronic---Techno:0.327413;Electronic---Electro:0.210061;Electronic---Ambient:0.112665;Electronic---Deep Techno:0.107612;Electronic---EBM:0.106975,PO:v1:k0:r1,,JB3,0.675915,gHO_sBM_cAll_d20_mHO5_ch10,0.666802,120.967742
13.528000,13.577531900,match,hermite,loading,,6.217248937900877e-15,7.612957883143931e-14,4.495270369094512e-13,1,1.0,1,gPO_sBM_cAll_d12_mPO3_ch02,,,13.272000,gHO_sBM_cAll_d20_mHO5_ch10;gHO_sBM_cAll_d21_mHO5_ch10;gHO_sBM_cAll_d20_mHO5_ch06;gHO_sBM_cAll_d21_mHO5_ch09;gHO_sBM_cAll_d21_mHO5_ch03,13.395106,113,,,,0.303841841,0.216061185,0.000000,motion_end,0.216061185,0.077234,0.128347,0.034431,0.000000,0.087300,0.000000,4.270833,0.350000,beat-sync,1.251222,1.142473,,0.079535997,0.178537413,right_wrist_yaw,2.994796427,right_wrist_yaw,0.178537413,right_wrist_yaw,3.786644345,right_wrist_yaw,-0.242135,0.124641,0.934412,0.289243,0.000000000,0.000000000,0.000000000,0.000848661,0.000711361,0.006492620,13.304000,0.000000000,0.000000000,,21.237558,12.316332,963.925904,,0.006288274,0,1,0,6,gPO_sBM_cAll_d10_mPO0_ch01;gPO_sBM_cAll_d11_mPO0_ch01;gPO_sBM_cAll_d11_mPO0_ch02;gPO_sBM_cAll_d10_mPO0_ch02;gPO_sBM_cAll_d12_mPO3_ch02;gHO_sBM_cAll_d20_mHO5_ch10,,43.004000,629.177200,66.012700,751.608600,accepted,0.949838,,0.908796,0.245975719,32.670095,0.109208,HO,0.851377,0.005779,0.002774,JB3:0.674088;JB5:0.668308;JB1:0.655390;LO4:0.617544;JB2:0.609143,gHO_sBM_cAll_d20_mHO5_ch10:0.667133;gHO_sBM_cAll_d21_mHO5_ch10:0.664359;gHO_sBM_cAll_d20_mHO5_ch06:0.664246;gHO_sBM_cAll_d21_mHO5_ch09:0.663181;gHO_sBM_cAll_d21_mHO5_ch03:0.656332;gHO_sBM_cAll_d21_mHO5_ch05:0.649274;gHO_sBM_cAll_d20_mHO5_ch05:0.646060;gHO_sBM_cAll_d21_mHO5_ch02:0.645875;gHO_sBM_cAll_d20_mHO5_ch04:0.645217;gHO_sBM_cAll_d21_mHO5_ch04:0.643179,Electronic---Techno:0.328318;Electronic---Electro:0.211512;Electronic---Ambient:0.109208;Electronic---Deep Techno:0.108626;Electronic---EBM:0.103196,PO:v1:k0:r1,,JB3,0.674088,gHO_sBM_cAll_d20_mHO5_ch10,0.667133,120.967742
13.560000,13.584256200,,hermite,loading,,6.217248937900877e-15,7.612957883143931e-14,4.495270369094512e-13,1,1.0,1,gPO_sBM_cAll_d12_mPO3_ch02,,,13.272000,gHO_sBM_cAll_d20_mHO5_ch10;gHO_sBM_cAll_d21_mHO5_ch10;gHO_sBM_cAll_d20_mHO5_ch06;gHO_sBM_cAll_d21_mHO5_ch09;gHO_sBM_cAll_d21_mHO5_ch03,13.395106,113,,,,0.305066362,0.216061185,0.000000,motion_end,0.216061185,0.077234,0.128347,0.034431,0.000000,0.087300,0.000000,4.270833,0.350000,beat-sync,1.268057,1.142473,,0.079298458,0.159123622,right_wrist_yaw,2.329654940,right_wrist_yaw,0.159123622,right_wrist_yaw,3.252763079,right_wrist_yaw,-0.246100,0.129116,0.931330,0.316184,0.000000000,0.000000000,0.000000000,0.000848661,0.000711361,0.006492620,13.304000,0.000000000,0.000000000,,23.262689,13.174912,719.296700,left_shoulder_pitch;right_shoulder_roll,0.006325604,0,1,0,6,gPO_sBM_cAll_d10_mPO0_ch01;gPO_sBM_cAll_d11_mPO0_ch01;gPO_sBM_cAll_d11_mPO0_ch02;gPO_sBM_cAll_d10_mPO0_ch02;gPO_sBM_cAll_d12_mPO3_ch02;gHO_sBM_cAll_d20_mHO5_ch10,,43.004000,629.177200,66.012700,751.608600,accepted,0.949838,,0.908796,0.245975719,32.670095,0.109208,HO,0.851377,0.005779,0.002774,JB3:0.674088;JB5:0.668308;JB1:0.655390;LO4:0.617544;JB2:0.609143,gHO_sBM_cAll_d20_mHO5_ch10:0.667133;gHO_sBM_cAll_d21_mHO5_ch10:0.664359;gHO_sBM_cAll_d20_mHO5_ch06:0.664246;gHO_sBM_cAll_d21_mHO5_ch09:0.663181;gHO_sBM_cAll_d21_mHO5_ch03:0.656332;gHO_sBM_cAll_d21_mHO5_ch05:0.649274;gHO_sBM_cAll_d20_mHO5_ch05:0.646060;gHO_sBM_cAll_d21_mHO5_ch02:0.645875;gHO_sBM_cAll_d20_mHO5_ch04:0.645217;gHO_sBM_cAll_d21_mHO5_ch04:0.643179,Electronic---Techno:0.328318;Electronic---Electro:0.211512;Electronic---Ambient:0.109208;Electronic---Deep Techno:0.108626;Electronic---EBM:0.103196,PO:v1:k0:r1,,JB3,0.674088,gHO_sBM_cAll_d20_mHO5_ch10,0.667133,120.967742
13.624000,13.644632600,,hermite,loading,,6.217248937900877e-15,7.612957883143931e-14,4.495270369094512e-13,0,1.0,1,gPO_sBM_cAll_d12_mPO3_ch02,,,13.272000,gHO_sBM_cAll_d20_mHO5_ch10;gHO_sBM_cAll_d21_mHO5_ch10;gHO_sBM_cAll_d20_mHO5_ch06;gHO_sBM_cAll_d21_mHO5_ch09;gHO_sBM_cAll_d21_mHO5_ch03,13.395106,113,,,,0.313957369,0.216061185,0.000000,motion_end,0.216061185,0.077234,0.128347,0.034431,0.000000,0.087300,0.000000,4.270833,0.350000,beat-sync,1.384208,1.142473,,0.077328595,0.099035253,right_wrist_yaw,3.001576001,left_wrist_yaw,0.099035253,right_wrist_yaw,3.111163629,left_wrist_yaw,-0.279885,0.155560,0.923921,0.470785,0.000000000,0.000000000,0.000000000,0.000848661,0.000711361,0.006492620,13.304000,0.000000000,0.000000000,,3.111164,2.705117,202.979979,,0.006299341,0,1,0,6,gPO_sBM_cAll_d10_mPO0_ch01;gPO_sBM_cAll_d11_mPO0_ch01;gPO_sBM_cAll_d11_mPO0_ch02;gPO_sBM_cAll_d10_mPO0_ch02;gPO_sBM_cAll_d12_mPO3_ch02;gHO_sBM_cAll_d20_mHO5_ch10,,43.004000,629.177200,66.012700,751.608600,accepted,0.949838,,0.908796,0.245975719,32.670095,0.109208,HO,0.851377,0.005779,0.002774,JB3:0.674088;JB5:0.668308;JB1:0.655390;LO4:0.617544;JB2:0.609143,gHO_sBM_cAll_d20_mHO5_ch10:0.667133;gHO_sBM_cAll_d21_mHO5_ch10:0.664359;gHO_sBM_cAll_d20_mHO5_ch06:0.664246;gHO_sBM_cAll_d21_mHO5_ch09:0.663181;gHO_sBM_cAll_d21_mHO5_ch03:0.656332;gHO_sBM_cAll_d21_mHO5_ch05:0.649274;gHO_sBM_cAll_d20_mHO5_ch05:0.646060;gHO_sBM_cAll_d21_mHO5_ch02:0.645875;gHO_sBM_cAll_d20_mHO5_ch04:0.645217;gHO_sBM_cAll_d21_mHO5_ch04:0.643179,Electronic---Techno:0.328318;Electronic---Electro:0.211512;Electronic---Ambient:0.109208;Electronic---Deep Techno:0.108626;Electronic---EBM:0.103196,PO:v1:k0:r1,,JB3,0.674088,gHO_sBM_cAll_d20_mHO5_ch10,0.667133,120.967742
13.656000,13.675330900,,hermite,loading,,6.217248937900877e-15,7.612957883143931e-14,4.495270369094512e-13,0,1.0,1,gPO_sBM_cAll_d12_mPO3_ch02,,,13.272000,gHO_sBM_cAll_d20_mHO5_ch10;gHO_sBM_cAll_d21_mHO5_ch10;gHO_sBM_cAll_d20_mHO5_ch06;gHO_sBM_cAll_d21_mHO5_ch09;gHO_sBM_cAll_d21_mHO5_ch03,13.395106,113,,,,0.319411432,0.216061185,0.000000,motion_end,0.216061185,0.077234,0.128347,0.034431,0.000000,0.087300,0.000000,4.270833,0.350000,beat-sync,1.450879,1.142473,,0.075923456,0.146418133,left_wrist_yaw,4.036476700,right_wrist_yaw,0.146418133,left_wrist_yaw,6.512421020,right_wrist_yaw,-0.297835,0.168710,0.928170,0.515308,0.000000000,0.000000000,0.000000000,0.000848661,0.000711361,0.006492620,13.304000,0.000000000,0.000000000,,12.330921,9.841529,399.801406,,0.006366048,0,1,0,6,gPO_sBM_cAll_d10_mPO0_ch01;gPO_sBM_cAll_d11_mPO0_ch01;gPO_sBM_cAll_d11_mPO0_ch02;gPO_sBM_cAll_d10_mPO0_ch02;gPO_sBM_cAll_d12_mPO3_ch02;gHO_sBM_cAll_d20_mHO5_ch10,,43.004000,629.177200,66.012700,751.608600,accepted,0.949838,,0.908796,0.245975719,32.670095,0.109208,HO,0.851377,0.005779,0.002774,JB3:0.674088;JB5:0.668308;JB1:0.655390;LO4:0.617544;JB2:0.609143,gHO_sBM_cAll_d20_mHO5_ch10:0.667133;gHO_sBM_cAll_d21_mHO5_ch10:0.664359;gHO_sBM_cAll_d20_mHO5_ch06:0.664246;gHO_sBM_cAll_d21_mHO5_ch09:0.663181;gHO_sBM_cAll_d21_mHO5_ch03:0.656332;gHO_sBM_cAll_d21_mHO5_ch05:0.649274;gHO_sBM_cAll_d20_mHO5_ch05:0.646060;gHO_sBM_cAll_d21_mHO5_ch02:0.645875;gHO_sBM_cAll_d20_mHO5_ch04:0.645217;gHO_sBM_cAll_d21_mHO5_ch04:0.643179,Electronic---Techno:0.328318;Electronic---Electro:0.211512;Electronic---Ambient:0.109208;Electronic---Deep Techno:0.108626;Electronic---EBM:0.103196,PO:v1:k0:r1,,JB3,0.674088,gHO_sBM_cAll_d20_mHO5_ch10,0.667133,120.967742
13.720000,13.735388100,,hermite,loading,,6.217248937900877e-15,7.612957883143931e-14,4.495270369094512e-13,0,1.0,1,gPO_sBM_cAll_d12_mPO3_ch02,,,13.272000,gHO_sBM_cAll_d20_mHO5_ch10;gHO_sBM_cAll_d21_mHO5_ch10;gHO_sBM_cAll_d20_mHO5_ch06;gHO_sBM_cAll_d21_mHO5_ch09;gHO_sBM_cAll_d21_mHO5_ch03,13.395106,113,,,,0.329572811,0.216061185,0.000000,motion_end,0.216061185,0.077234,0.128347,0.034431,0.000000,0.087300,0.000000,4.270833,0.350000,beat-sync,1.567602,1.142473,,0.072956838,0.174858565,left_wrist_yaw,0.612549193,right_wrist_yaw,0.174858565,left_wrist_yaw,0.699803492,right_wrist_yaw,-0.306284,0.175169,0.931622,0.534704,0.000000000,0.000000000,0.000000000,0.000848661,0.000711361,0.006492620,13.304000,0.000000000,0.000000000,,0.903205,0.731272,90.893811,,0.006339788,0,1,0,6,gPO_sBM_cAll_d10_mPO0_ch01;gPO_sBM_cAll_d11_mPO0_ch01;gPO_sBM_cAll_d11_mPO0_ch02;gPO_sBM_cAll_d10_mPO0_ch02;gPO_sBM_cAll_d12_mPO3_ch02;gHO_sBM_cAll_d20_mHO5_ch10,,43.004000,629.177200,66.012700,751.608600,accepted,0.949838,,0.908796,0.245975719,32.670095,0.109208,HO,0.851377,0.005779,0.002774,JB3:0.674088;JB5:0.668308;JB1:0.655390;LO4:0.617544;JB2:0.609143,gHO_sBM_cAll_d20_mHO5_ch10:0.667133;gHO_sBM_cAll_d21_mHO5_ch10:0.664359;gHO_sBM_cAll_d20_mHO5_ch06:0.664246;gHO_sBM_cAll_d21_mHO5_ch09:0.663181;gHO_sBM_cAll_d21_mHO5_ch03:0.656332;gHO_sBM_cAll_d21_mHO5_ch05:0.649274;gHO_sBM_cAll_d20_mHO5_ch05:0.646060;gHO_sBM_cAll_d21_mHO5_ch02:0.645875;gHO_sBM_cAll_d20_mHO5_ch04:0.645217;gHO_sBM_cAll_d21_mHO5_ch04:0.643179,Electronic---Techno:0.328318;Electronic---Electro:0.211512;Electronic---Ambient:0.109208;Electronic---Deep Techno:0.108626;Electronic---EBM:0.103196,PO:v1:k0:r1,,JB3,0.674088,gHO_sBM_cAll_d20_mHO5_ch10,0.667133,120.967742
13.752000,13.768519900,,hermite,loading,,6.217248937900877e-15,7.612957883143931e-14,4.495270369094512e-13,1,1.0,1,gPO_sBM_cAll_d12_mPO3_ch02,,,13.272000,gHO_sBM_cAll_d20_mHO5_ch10;gHO_sBM_cAll_d21_mHO5_ch10;gHO_sBM_cAll_d20_mHO5_ch06;gHO_sBM_cAll_d21_mHO5_ch09;gHO_sBM_cAll_d21_mHO5_ch03,13.395106,113,,,,0.335690202,0.216061185,0.000000,motion_end,0.216061185,0.077234,0.128347,0.034431,0.000000,0.087300,0.000000,4.270833,0.350000,beat-sync,1.600000,1.142473,,0.071008533,0.177540759,left_wrist_yaw,1.364202897,left_wrist_roll,0.177540759,left_wrist_yaw,2.049460514,left_wrist_roll,-0.300134,0.174074,0.924416,0.607656,0.000000000,0.000000000,0.000000000,0.000848661,0.000711361,0.006492620,13.304000,0.000000000,0.000000000,,30.813661,10.555034,861.439509,left_elbow;left_shoulder_pitch;left_shoulder_yaw;right_shoulder_roll;right_shoulder_yaw,0.006811409,0,1,0,6,gPO_sBM_cAll_d10_mPO0_ch01;gPO_sBM_cAll_d11_mPO0_ch01;gPO_sBM_cAll_d11_mPO0_ch02;gPO_sBM_cAll_d10_mPO0_ch02;gPO_sBM_cAll_d12_mPO3_ch02;gHO_sBM_cAll_d20_mHO5_ch10,,43.004000,629.177200,66.012700,751.608600,accepted,0.949838,,0.908796,0.245975719,32.670095,0.109208,HO,0.851377,0.005779,0.002774,JB3:0.674088;JB5:0.668308;JB1:0.655390;LO4:0.617544;JB2:0.609143,gHO_sBM_cAll_d20_mHO5_ch10:0.667133;gHO_sBM_cAll_d21_mHO5_ch10:0.664359;gHO_sBM_cAll_d20_mHO5_ch06:0.664246;gHO_sBM_cAll_d21_mHO5_ch09:0.663181;gHO_sBM_cAll_d21_mHO5_ch03:0.656332;gHO_sBM_cAll_d21_mHO5_ch05:0.649274;gHO_sBM_cAll_d20_mHO5_ch05:0.646060;gHO_sBM_cAll_d21_mHO5_ch02:0.645875;gHO_sBM_cAll_d20_mHO5_ch04:0.645217;gHO_sBM_cAll_d21_mHO5_ch04:0.643179,Electronic---Techno:0.328318;Electronic---Electro:0.211512;Electronic---Ambient:0.109208;Electronic---Deep Techno:0.108626;Electronic---EBM:0.103196,PO:v1:k0:r1,,JB3,0.674088,gHO_sBM_cAll_d20_mHO5_ch10,0.667133,120.967742
13.816000,13.835039500,,hermite,loading,,6.217248937900877e-15,7.612957883143931e-14,4.495270369094512e-13,1,1.0,1,gPO_sBM_cAll_d12_mPO3_ch02,,,13.272000,gHO_sBM_cAll_d20_mHO5_ch10;gHO_sBM_cAll_d21_mHO5_ch10;gHO_sBM_cAll_d20_mHO5_ch06;gHO_sBM_cAll_d21_mHO5_ch09;gHO_sBM_cAll_d21_mHO5_ch03,13.395106,113,,,,0.348046540,0.216061185,0.000000,motion_end,0.216061185,0.077234,0.128347,0.034431,0.000000,0.087300,0.000000,4.270833,0.350000,beat-sync,1.600000,1.142473,,0.067139562,0.211151391,right_wrist_roll,7.291562511,left_wrist_yaw,0.211151391,right_wrist_roll,9.278071939,left_wrist_yaw,-0.292530,0.168090,0.913108,0.885859,0.000000000,0.000000000,0.000000000,0.000848661,0.000711361,0.006492620,13.304000,0.000000000,0.000000000,,50.716576,12.441595,1228.596104,right_elbow;right_shoulder_roll,0.007203244,0,1,0,6,gPO_sBM_cAll_d10_mPO0_ch01;gPO_sBM_cAll_d11_mPO0_ch01;gPO_sBM_cAll_d11_mPO0_ch02;gPO_sBM_cAll_d10_mPO0_ch02;gPO_sBM_cAll_d12_mPO3_ch02;gHO_sBM_cAll_d20_mHO5_ch10,,43.004000,629.177200,66.012700,751.608600,accepted,0.949838,,0.908796,0.245975719,32.670095,0.109208,HO,0.851377,0.005779,0.002774,JB3:0.674088;JB5:0.668308;JB1:0.655390;LO4:0.617544;JB2:0.609143,gHO_sBM_cAll_d20_mHO5_ch10:0.667133;gHO_sBM_cAll_d21_mHO5_ch10:0.664359;gHO_sBM_cAll_d20_mHO5_ch06:0.664246;gHO_sBM_cAll_d21_mHO5_ch09:0.663181;gHO_sBM_cAll_d21_mHO5_ch03:0.656332;gHO_sBM_cAll_d21_mHO5_ch05:0.649274;gHO_sBM_cAll_d20_mHO5_ch05:0.646060;gHO_sBM_cAll_d21_mHO5_ch02:0.645875;gHO_sBM_cAll_d20_mHO5_ch04:0.645217;gHO_sBM_cAll_d21_mHO5_ch04:0.643179,Electronic---Techno:0.328318;Electronic---Electro:0.211512;Electronic---Ambient:0.109208;Electronic---Deep Techno:0.108626;Electronic---EBM:0.103196,PO:v1:k0:r1,,JB3,0.674088,gHO_sBM_cAll_d20_mHO5_ch10,0.667133,120.967742
13.880000,13.893550800,,hermite,loading,,6.217248937900877e-15,7.612957883143931e-14,4.495270369094512e-13,1,1.0,1,gPO_sBM_cAll_d12_mPO3_ch02,,,13.272000,gHO_sBM_cAll_d20_mHO5_ch10;gHO_sBM_cAll_d21_mHO5_ch10;gHO_sBM_cAll_d20_mHO5_ch06;gHO_sBM_cAll_d21_mHO5_ch09;gHO_sBM_cAll_d21_mHO5_ch03,13.395106,113,,,,0.358883251,0.216061185,0.000000,motion_end,0.216061185,0.077234,0.128347,0.034431,0.000000,0.087300,0.000000,4.270833,0.350000,beat-sync,1.600000,0.946970,,0.125016243,0.291093006,left_wrist_yaw,16.042134667,right_wrist_yaw,0.291093006,left_wrist_yaw,16.000000000,right_wrist_yaw,-0.272641,0.149229,0.914400,1.202391,0.000000000,0.000000000,0.000000000,0.000848661,0.000711361,0.006492620,13.816000,0.000000000,0.000000000,,28.172533,13.058729,968.744920,left_shoulder_pitch;left_shoulder_roll;left_shoulder_yaw;left_wrist_yaw;right_elbow;right_shoulder_pitch;right_shoulder_yaw;right_wrist_yaw,0.007640495,0,1,0,6,gPO_sBM_cAll_d10_mPO0_ch01;gPO_sBM_cAll_d11_mPO0_ch01;gPO_sBM_cAll_d11_mPO0_ch02;gPO_sBM_cAll_d10_mPO0_ch02;gPO_sBM_cAll_d12_mPO3_ch02;gHO_sBM_cAll_d20_mHO5_ch10,,43.004000,629.177200,66.012700,751.608600,accepted,0.949838,,0.908796,0.245975719,32.670095,0.109208,HO,0.851377,0.005779,0.002774,JB3:0.674088;JB5:0.668308;JB1:0.655390;LO4:0.617544;JB2:0.609143,gHO_sBM_cAll_d20_mHO5_ch10:0.667133;gHO_sBM_cAll_d21_mHO5_ch10:0.664359;gHO_sBM_cAll_d20_mHO5_ch06:0.664246;gHO_sBM_cAll_d21_mHO5_ch09:0.663181;gHO_sBM_cAll_d21_mHO5_ch03:0.656332;gHO_sBM_cAll_d21_mHO5_ch05:0.649274;gHO_sBM_cAll_d20_mHO5_ch05:0.646060;gHO_sBM_cAll_d21_mHO5_ch02:0.645875;gHO_sBM_cAll_d20_mHO5_ch04:0.645217;gHO_sBM_cAll_d21_mHO5_ch04:0.643179,Electronic---Techno:0.328318;Electronic---Electro:0.211512;Electronic---Ambient:0.109208;Electronic---Deep Techno:0.108626;Electronic---EBM:0.103196,PO:v1:k0:r1,,JB3,0.674088,gHO_sBM_cAll_d20_mHO5_ch10,0.667133,120.967742
13.912000,13.927929500,beat_limiter_result,hermite,loading,,6.217248937900877e-15,7.612957883143931e-14,4.495270369094512e-13,1,1.0,1,gPO_sBM_cAll_d12_mPO3_ch02,,,13.272000,gHO_sBM_cAll_d20_mHO5_ch10;gHO_sBM_cAll_d21_mHO5_ch10;gHO_sBM_cAll_d20_mHO5_ch06;gHO_sBM_cAll_d21_mHO5_ch09;gHO_sBM_cAll_d21_mHO5_ch03,13.395106,113,,,,0.365145406,0.216061185,0.000000,motion_end,0.216061185,0.077234,0.128347,0.034431,0.000000,0.087300,0.000000,4.270833,0.350000,beat-sync,1.600000,0.946970,,0.122909089,0.262182606,right_wrist_yaw,2.433948942,left_wrist_yaw,0.262182606,right_wrist_yaw,2.939211084,left_wrist_yaw,-0.262453,0.141056,0.909393,1.271575,0.000000000,0.000000000,0.000000000,0.000848661,0.000711361,0.006492620,13.816000,0.000000000,0.000000000,,37.975139,12.963966,937.295845,left_shoulder_pitch;left_shoulder_roll;left_shoulder_yaw;right_shoulder_pitch,0.008003851,0,1,0,6,gPO_sBM_cAll_d10_mPO0_ch01;gPO_sBM_cAll_d11_mPO0_ch01;gPO_sBM_cAll_d11_mPO0_ch02;gPO_sBM_cAll_d10_mPO0_ch02;gPO_sBM_cAll_d12_mPO3_ch02;gHO_sBM_cAll_d20_mHO5_ch10,,43.004000,629.177200,66.012700,751.608600,accepted,0.949838,,0.908796,0.245975719,32.670095,0.109208,HO,0.851377,0.005779,0.002774,JB3:0.674088;JB5:0.668308;JB1:0.655390;LO4:0.617544;JB2:0.609143,gHO_sBM_cAll_d20_mHO5_ch10:0.667133;gHO_sBM_cAll_d21_mHO5_ch10:0.664359;gHO_sBM_cAll_d20_mHO5_ch06:0.664246;gHO_sBM_cAll_d21_mHO5_ch09:0.663181;gHO_sBM_cAll_d21_mHO5_ch03:0.656332;gHO_sBM_cAll_d21_mHO5_ch05:0.649274;gHO_sBM_cAll_d20_mHO5_ch05:0.646060;gHO_sBM_cAll_d21_mHO5_ch02:0.645875;gHO_sBM_cAll_d20_mHO5_ch04:0.645217;gHO_sBM_cAll_d21_mHO5_ch04:0.643179,Electronic---Techno:0.328318;Electronic---Electro:0.211512;Electronic---Ambient:0.109208;Electronic---Deep Techno:0.108626;Electronic---EBM:0.103196,PO:v1:k0:r1,,JB3,0.674088,gHO_sBM_cAll_d20_mHO5_ch10,0.667133,120.967742
13.976000,13.984658000,,hermite,loading,,6.217248937900877e-15,7.612957883143931e-14,4.495270369094512e-13,1,1.0,1,gPO_sBM_cAll_d12_mPO3_ch02,,,13.272000,gHO_sBM_cAll_d20_mHO5_ch10;gHO_sBM_cAll_d21_mHO5_ch10;gHO_sBM_cAll_d20_mHO5_ch06;gHO_sBM_cAll_d21_mHO5_ch09;gHO_sBM_cAll_d21_mHO5_ch03,13.395106,113,,,,0.375600026,0.216061185,0.000000,motion_end,0.216061185,0.077234,0.128347,0.034431,0.000000,0.087300,0.000000,4.270833,0.350000,beat-sync,1.600000,0.946970,,0.119254192,0.143595430,left_wrist_yaw,2.417682666,right_wrist_yaw,0.143595430,left_wrist_yaw,5.828494093,right_wrist_yaw,-0.270910,0.142539,0.908506,1.316646,0.000000000,0.000000000,0.000000000,0.000848661,0.000711361,0.006492620,13.816000,0.000000000,0.000000000,,17.327817,7.635092,1342.213476,right_elbow;right_knee;right_shoulder_yaw,0.008151197,0,1,0,6,gPO_sBM_cAll_d10_mPO0_ch01;gPO_sBM_cAll_d11_mPO0_ch01;gPO_sBM_cAll_d11_mPO0_ch02;gPO_sBM_cAll_d10_mPO0_ch02;gPO_sBM_cAll_d12_mPO3_ch02;gHO_sBM_cAll_d20_mHO5_ch10,,43.004000,629.177200,66.012700,751.608600,accepted,0.949838,,0.908796,0.245975719,32.670095,0.109208,HO,0.851377,0.005779,0.002774,JB3:0.674088;JB5:0.668308;JB1:0.655390;LO4:0.617544;JB2:0.609143,gHO_sBM_cAll_d20_mHO5_ch10:0.667133;gHO_sBM_cAll_d21_mHO5_ch10:0.664359;gHO_sBM_cAll_d20_mHO5_ch06:0.664246;gHO_sBM_cAll_d21_mHO5_ch09:0.663181;gHO_sBM_cAll_d21_mHO5_ch03:0.656332;gHO_sBM_cAll_d21_mHO5_ch05:0.649274;gHO_sBM_cAll_d20_mHO5_ch05:0.646060;gHO_sBM_cAll_d21_mHO5_ch02:0.645875;gHO_sBM_cAll_d20_mHO5_ch04:0.645217;gHO_sBM_cAll_d21_mHO5_ch04:0.643179,Electronic---Techno:0.328318;Electronic---Electro:0.211512;Electronic---Ambient:0.109208;Electronic---Deep Techno:0.108626;Electronic---EBM:0.103196,PO:v1:k0:r1,,JB3,0.674088,gHO_sBM_cAll_d20_mHO5_ch10,0.667133,120.967742
14.008000,14.034692500,,hermite,loading,,6.217248937900877e-15,7.612957883143931e-14,4.495270369094512e-13,0,1.0,1,gPO_sBM_cAll_d12_mPO3_ch02,,,13.272000,gHO_sBM_cAll_d20_mHO5_ch10;gHO_sBM_cAll_d21_mHO5_ch10;gHO_sBM_cAll_d20_mHO5_ch06;gHO_sBM_cAll_d21_mHO5_ch09;gHO_sBM_cAll_d21_mHO5_ch03,13.395106,113,,,,0.384780600,0.216061185,0.000000,motion_end,0.216061185,0.077234,0.128347,0.034431,0.000000,0.087300,0.000000,4.270833,0.350000,beat-sync,1.600000,0.946970,,0.115929837,0.042147273,left_wrist_roll,2.506757032,left_wrist_yaw,0.042147273,left_wrist_roll,2.905455218,left_wrist_yaw,-0.295000,0.158312,0.908865,1.408497,0.000000000,0.000000000,0.000000000,0.000848661,0.000711361,0.006492620,13.816000,0.000000000,0.000000000,,11.904108,10.130934,508.920541,,0.008122959,0,1,0,6,gPO_sBM_cAll_d10_mPO0_ch01;gPO_sBM_cAll_d11_mPO0_ch01;gPO_sBM_cAll_d11_mPO0_ch02;gPO_sBM_cAll_d10_mPO0_ch02;gPO_sBM_cAll_d12_mPO3_ch02;gHO_sBM_cAll_d20_mHO5_ch10,,43.004000,629.177200,66.012700,751.608600,accepted,0.949838,,0.908796,0.245975719,32.670095,0.109208,HO,0.851377,0.005779,0.002774,JB3:0.674088;JB5:0.668308;JB1:0.655390;LO4:0.617544;JB2:0.609143,gHO_sBM_cAll_d20_mHO5_ch10:0.667133;gHO_sBM_cAll_d21_mHO5_ch10:0.664359;gHO_sBM_cAll_d20_mHO5_ch06:0.664246;gHO_sBM_cAll_d21_mHO5_ch09:0.663181;gHO_sBM_cAll_d21_mHO5_ch03:0.656332;gHO_sBM_cAll_d21_mHO5_ch05:0.649274;gHO_sBM_cAll_d20_mHO5_ch05:0.646060;gHO_sBM_cAll_d21_mHO5_ch02:0.645875;gHO_sBM_cAll_d20_mHO5_ch04:0.645217;gHO_sBM_cAll_d21_mHO5_ch04:0.643179,Electronic---Techno:0.328318;Electronic---Electro:0.211512;Electronic---Ambient:0.109208;Electronic---Deep Techno:0.108626;Electronic---EBM:0.103196,PO:v1:k0:r1,,JB3,0.674088,gHO_sBM_cAll_d20_mHO5_ch10,0.667133,120.967742
14.072000,14.093907700,,hermite,loading,,6.217248937900877e-15,7.612957883143931e-14,4.495270369094512e-13,1,1.0,1,gPO_sBM_cAll_d12_mPO3_ch02,,,13.272000,gHO_sBM_cAll_d20_mHO5_ch10;gHO_sBM_cAll_d21_mHO5_ch10;gHO_sBM_cAll_d20_mHO5_ch06;gHO_sBM_cAll_d21_mHO5_ch09;gHO_sBM_cAll_d21_mHO5_ch03,13.395106,113,,,,0.395578930,0.216061185,0.000000,motion_end,0.216061185,0.077234,0.128347,0.034431,0.000000,0.087300,0.000000,4.270833,0.350000,beat-sync,1.600000,0.946970,,0.111912748,0.068048266,right_wrist_roll,0.895079526,right_wrist_yaw,0.068048266,right_wrist_roll,1.530238808,right_wrist_yaw,-0.341753,0.202173,0.916801,1.601127,0.000000000,0.000000000,0.000000000,0.000848661,0.000711361,0.006492620,13.816000,0.000000000,0.000000000,,17.247082,11.348845,187.106078,right_shoulder_pitch,0.008110091,0,1,0,6,gPO_sBM_cAll_d10_mPO0_ch01;gPO_sBM_cAll_d11_mPO0_ch01;gPO_sBM_cAll_d11_mPO0_ch02;gPO_sBM_cAll_d10_mPO0_ch02;gPO_sBM_cAll_d12_mPO3_ch02;gHO_sBM_cAll_d20_mHO5_ch10,,43.004000,629.177200,66.012700,751.608600,accepted,0.949838,,0.908796,0.245975719,32.670095,0.109208,HO,0.851377,0.005779,0.002774,JB3:0.674088;JB5:0.668308;JB1:0.655390;LO4:0.617544;JB2:0.609143,gHO_sBM_cAll_d20_mHO5_ch10:0.667133;gHO_sBM_cAll_d21_mHO5_ch10:0.664359;gHO_sBM_cAll_d20_mHO5_ch06:0.664246;gHO_sBM_cAll_d21_mHO5_ch09:0.663181;gHO_sBM_cAll_d21_mHO5_ch03:0.656332;gHO_sBM_cAll_d21_mHO5_ch05:0.649274;gHO_sBM_cAll_d20_mHO5_ch05:0.646060;gHO_sBM_cAll_d21_mHO5_ch02:0.645875;gHO_sBM_cAll_d20_mHO5_ch04:0.645217;gHO_sBM_cAll_d21_mHO5_ch04:0.643179,Electronic---Techno:0.328318;Electronic---Electro:0.211512;Electronic---Ambient:0.109208;Electronic---Deep Techno:0.108626;Electronic---EBM:0.103196,PO:v1:k0:r1,,JB3,0.674088,gHO_sBM_cAll_d20_mHO5_ch10,0.667133,120.967742
14.104000,14.127223600,,hermite,loading,,6.217248937900877e-15,7.612957883143931e-14,4.495270369094512e-13,1,1.0,1,gPO_sBM_cAll_d12_mPO3_ch02,,,13.272000,gHO_sBM_cAll_d20_mHO5_ch10;gHO_sBM_cAll_d21_mHO5_ch10;gHO_sBM_cAll_d20_mHO5_ch06;gHO_sBM_cAll_d21_mHO5_ch09;gHO_sBM_cAll_d21_mHO5_ch03,13.395106,113,,,,0.401615200,0.216061185,0.000000,motion_end,0.216061185,0.077234,0.128347,0.034431,0.000000,0.087300,0.000000,4.270833,0.350000,beat-sync,1.600000,0.946970,,0.109626805,0.087827940,right_wrist_yaw,1.455427144,right_wrist_yaw,0.087827940,right_wrist_yaw,2.623582499,right_wrist_yaw,-0.377418,0.233049,0.919099,1.701945,0.000000000,0.000000000,0.000000000,0.000848661,0.000711361,0.006492620,13.816000,0.000000000,0.000000000,,17.609837,11.011329,499.478773,right_shoulder_pitch,0.008131046,0,1,0,6,gPO_sBM_cAll_d10_mPO0_ch01;gPO_sBM_cAll_d11_mPO0_ch01;gPO_sBM_cAll_d11_mPO0_ch02;gPO_sBM_cAll_d10_mPO0_ch02;gPO_sBM_cAll_d12_mPO3_ch02;gHO_sBM_cAll_d20_mHO5_ch10,,43.004000,629.177200,66.012700,751.608600,accepted,0.949838,,0.908796,0.245975719,32.670095,0.109208,HO,0.851377,0.005779,0.002774,JB3:0.674088;JB5:0.668308;JB1:0.655390;LO4:0.617544;JB2:0.609143,gHO_sBM_cAll_d20_mHO5_ch10:0.667133;gHO_sBM_cAll_d21_mHO5_ch10:0.664359;gHO_sBM_cAll_d20_mHO5_ch06:0.664246;gHO_sBM_cAll_d21_mHO5_ch09:0.663181;gHO_sBM_cAll_d21_mHO5_ch03:0.656332;gHO_sBM_cAll_d21_mHO5_ch05:0.649274;gHO_sBM_cAll_d20_mHO5_ch05:0.646060;gHO_sBM_cAll_d21_mHO5_ch02:0.645875;gHO_sBM_cAll_d20_mHO5_ch04:0.645217;gHO_sBM_cAll_d21_mHO5_ch04:0.643179,Electronic---Techno:0.328318;Electronic---Electro:0.211512;Electronic---Ambient:0.109208;Electronic---Deep Techno:0.108626;Electronic---EBM:0.103196,PO:v1:k0:r1,,JB3,0.674088,gHO_sBM_cAll_d20_mHO5_ch10,0.667133,120.967742
14.168000,14.186730100,,hermite,loading,,6.217248937900877e-15,7.612957883143931e-14,4.495270369094512e-13,0,1.0,1,gPO_sBM_cAll_d12_mPO3_ch02,,,13.272000,gHO_sBM_cAll_d20_mHO5_ch10;gHO_sBM_cAll_d21_mHO5_ch10;gHO_sBM_cAll_d20_mHO5_ch06;gHO_sBM_cAll_d21_mHO5_ch09;gHO_sBM_cAll_d21_mHO5_ch03,13.395106,113,,,,0.412279828,0.216061185,0.000000,motion_end,0.216061185,0.077234,0.128347,0.034431,0.000000,0.087300,0.000000,4.270833,0.350000,beat-sync,1.600000,0.946970,,0.105531438,0.158784400,right_wrist_yaw,0.420070372,right_wrist_yaw,0.158784400,right_wrist_yaw,0.462312819,right_wrist_yaw,-0.424292,0.284584,0.896264,1.783623,0.000000000,0.000000000,0.000000000,0.000848661,0.000711361,0.006492620,13.816000,0.000000000,0.000000000,,5.377931,4.274603,903.851477,,0.008157635,0,1,0,6,gPO_sBM_cAll_d10_mPO0_ch01;gPO_sBM_cAll_d11_mPO0_ch01;gPO_sBM_cAll_d11_mPO0_ch02;gPO_sBM_cAll_d10_mPO0_ch02;gPO_sBM_cAll_d12_mPO3_ch02;gHO_sBM_cAll_d20_mHO5_ch10,,43.004000,629.177200,66.012700,751.608600,accepted,0.949838,,0.908796,0.245975719,32.670095,0.109208,HO,0.851377,0.005779,0.002774,JB3:0.674088;JB5:0.668308;JB1:0.655390;LO4:0.617544;JB2:0.609143,gHO_sBM_cAll_d20_mHO5_ch10:0.667133;gHO_sBM_cAll_d21_mHO5_ch10:0.664359;gHO_sBM_cAll_d20_mHO5_ch06:0.664246;gHO_sBM_cAll_d21_mHO5_ch09:0.663181;gHO_sBM_cAll_d21_mHO5_ch03:0.656332;gHO_sBM_cAll_d21_mHO5_ch05:0.649274;gHO_sBM_cAll_d20_mHO5_ch05:0.646060;gHO_sBM_cAll_d21_mHO5_ch02:0.645875;gHO_sBM_cAll_d20_mHO5_ch04:0.645217;gHO_sBM_cAll_d21_mHO5_ch04:0.643179,Electronic---Techno:0.328318;Electronic---Electro:0.211512;Electronic---Ambient:0.109208;Electronic---Deep Techno:0.108626;Electronic---EBM:0.103196,PO:v1:k0:r1,,JB3,0.674088,gHO_sBM_cAll_d20_mHO5_ch10,0.667133,120.967742
14.200000,14.218478200,,hermite,loading,,6.217248937900877e-15,7.612957883143931e-14,4.495270369094512e-13,0,1.0,1,gPO_sBM_cAll_d12_mPO3_ch02,,,13.272000,gHO_sBM_cAll_d20_mHO5_ch10;gHO_sBM_cAll_d21_mHO5_ch10;gHO_sBM_cAll_d20_mHO5_ch06;gHO_sBM_cAll_d21_mHO5_ch09;gHO_sBM_cAll_d21_mHO5_ch03,13.395106,113,,,,0.418432455,0.216061185,0.000000,motion_end,0.216061185,0.077234,0.128347,0.034431,0.000000,0.087300,0.000000,4.270833,0.350000,beat-sync,1.600000,0.946970,,0.103141482,0.158009808,right_wrist_yaw,0.046074301,right_wrist_roll,0.158009808,right_wrist_yaw,0.058903780,right_wrist_roll,-0.432342,0.312136,0.888729,1.853860,0.000000000,0.000000000,0.000000000,0.000848661,0.000711361,0.006492620,13.816000,0.000000000,0.000000000,,0.128589,0.103908,15.048341,,0.008139032,0,1,0,6,gPO_sBM_cAll_d10_mPO0_ch01;gPO_sBM_cAll_d11_mPO0_ch01;gPO_sBM_cAll_d11_mPO0_ch02;gPO_sBM_cAll_d10_mPO0_ch02;gPO_sBM_cAll_d12_mPO3_ch02;gHO_sBM_cAll_d20_mHO5_ch10,,43.004000,629.177200,66.012700,751.608600,accepted,0.949838,,0.908796,0.245975719,32.670095,0.109208,HO,0.851377,0.005779,0.002774,JB3:0.674088;JB5:0.668308;JB1:0.655390;LO4:0.617544;JB2:0.609143,gHO_sBM_cAll_d20_mHO5_ch10:0.667133;gHO_sBM_cAll_d21_mHO5_ch10:0.664359;gHO_sBM_cAll_d20_mHO5_ch06:0.664246;gHO_sBM_cAll_d21_mHO5_ch09:0.663181;gHO_sBM_cAll_d21_mHO5_ch03:0.656332;gHO_sBM_cAll_d21_mHO5_ch05:0.649274;gHO_sBM_cAll_d20_mHO5_ch05:0.646060;gHO_sBM_cAll_d21_mHO5_ch02:0.645875;gHO_sBM_cAll_d20_mHO5_ch04:0.645217;gHO_sBM_cAll_d21_mHO5_ch04:0.643179,Electronic---Techno:0.328318;Electronic---Electro:0.211512;Electronic---Ambient:0.109208;Electronic---Deep Techno:0.108626;Electronic---EBM:0.103196,PO:v1:k0:r1,,JB3,0.674088,gHO_sBM_cAll_d20_mHO5_ch10,0.667133,120.967742
14.200000,14.226938700,,hermite,loading,,6.217248937900877e-15,7.612957883143931e-14,4.495270369094512e-13,0,1.0,1,gPO_sBM_cAll_d12_mPO3_ch02,,,13.272000,gHO_sBM_cAll_d20_mHO5_ch10;gHO_sBM_cAll_d21_mHO5_ch10;gHO_sBM_cAll_d20_mHO5_ch06;gHO_sBM_cAll_d21_mHO5_ch09;gHO_sBM_cAll_d21_mHO5_ch03,13.395106,113,,,,0.420032589,0.216061185,0.000000,motion_end,0.216061185,0.077234,0.128347,0.034431,0.000000,0.087300,0.000000,4.270833,0.350000,beat-sync,1.600000,0.946970,,0.102517104,0.157723246,right_wrist_yaw,0.049306801,left_wrist_roll,0.157723246,right_wrist_yaw,0.056983374,left_wrist_roll,-0.434999,0.316844,0.888694,1.866502,0.000000000,0.000000000,0.000000000,0.000848661,0.000711361,0.006492620,13.816000,0.000000000,0.000000000,,0.056983,0.048068,14.116979,,0.008134394,0,1,0,6,gPO_sBM_cAll_d10_mPO0_ch01;gPO_sBM_cAll_d11_mPO0_ch01;gPO_sBM_cAll_d11_mPO0_ch02;gPO_sBM_cAll_d10_mPO0_ch02;gPO_sBM_cAll_d12_mPO3_ch02;gHO_sBM_cAll_d20_mHO5_ch10,,43.004000,629.177200,66.012700,751.608600,accepted,0.949838,,0.908796,0.245975719,32.670095,0.109208,HO,0.851377,0.005779,0.002774,JB3:0.674088;JB5:0.668308;JB1:0.655390;LO4:0.617544;JB2:0.609143,gHO_sBM_cAll_d20_mHO5_ch10:0.667133;gHO_sBM_cAll_d21_mHO5_ch10:0.664359;gHO_sBM_cAll_d20_mHO5_ch06:0.664246;gHO_sBM_cAll_d21_mHO5_ch09:0.663181;gHO_sBM_cAll_d21_mHO5_ch03:0.656332;gHO_sBM_cAll_d21_mHO5_ch05:0.649274;gHO_sBM_cAll_d20_mHO5_ch05:0.646060;gHO_sBM_cAll_d21_mHO5_ch02:0.645875;gHO_sBM_cAll_d20_mHO5_ch04:0.645217;gHO_sBM_cAll_d21_mHO5_ch04:0.643179,Electronic---Techno:0.328318;Electronic---Electro:0.211512;Electronic---Ambient:0.109208;Electronic---Deep Techno:0.108626;Electronic---EBM:0.103196,PO:v1:k0:r1,,JB3,0.674088,gHO_sBM_cAll_d20_mHO5_ch10,0.667133,120.967742
14.200000,14.235729700,,hermite,loading,,6.217248937900877e-15,7.612957883143931e-14,4.495270369094512e-13,0,1.0,1,gPO_sBM_cAll_d12_mPO3_ch02,,,13.272000,gHO_sBM_cAll_d20_mHO5_ch10;gHO_sBM_cAll_d21_mHO5_ch10;gHO_sBM_cAll_d20_mHO5_ch06;gHO_sBM_cAll_d21_mHO5_ch09;gHO_sBM_cAll_d21_mHO5_ch03,13.395106,113,,,,0.421600859,0.216061185,0.000000,motion_end,0.216061185,0.077234,0.128347,0.034431,0.000000,0.087300,0.000000,4.270833,0.350000,beat-sync,1.600000,0.946970,,0.101904134,0.157432313,right_wrist_yaw,0.049932798,left_wrist_roll,0.157432313,right_wrist_yaw,0.059026406,left_wrist_roll,-0.437575,0.321289,0.888838,1.873605,0.000000000,0.000000000,0.000000000,0.000848661,0.000711361,0.006492620,13.816000,0.000000000,0.000000000,,0.059026,0.046257,0.220445,,0.008129762,0,1,0,6,gPO_sBM_cAll_d10_mPO0_ch01;gPO_sBM_cAll_d11_mPO0_ch01;gPO_sBM_cAll_d11_mPO0_ch02;gPO_sBM_cAll_d10_mPO0_ch02;gPO_sBM_cAll_d12_mPO3_ch02;gHO_sBM_cAll_d20_mHO5_ch10,,43.004000,629.177200,66.012700,751.608600,accepted,0.949838,,0.908796,0.245975719,32.670095,0.109208,HO,0.851377,0.005779,0.002774,JB3:0.674088;JB5:0.668308;JB1:0.655390;LO4:0.617544;JB2:0.609143,gHO_sBM_cAll_d20_mHO5_ch10:0.667133;gHO_sBM_cAll_d21_mHO5_ch10:0.664359;gHO_sBM_cAll_d20_mHO5_ch06:0.664246;gHO_sBM_cAll_d21_mHO5_ch09:0.663181;gHO_sBM_cAll_d21_mHO5_ch03:0.656332;gHO_sBM_cAll_d21_mHO5_ch05:0.649274;gHO_sBM_cAll_d20_mHO5_ch05:0.646060;gHO_sBM_cAll_d21_mHO5_ch02:0.645875;gHO_sBM_cAll_d20_mHO5_ch04:0.645217;gHO_sBM_cAll_d21_mHO5_ch04:0.643179,Electronic---Techno:0.328318;Electronic---Electro:0.211512;Electronic---Ambient:0.109208;Electronic---Deep Techno:0.108626;Electronic---EBM:0.103196,PO:v1:k0:r1,,JB3,0.674088,gHO_sBM_cAll_d20_mHO5_ch10,0.667133,120.967742
14.200000,14.244455400,,hermite,loading,,6.217248937900877e-15,7.612957883143931e-14,4.495270369094512e-13,0,1.0,1,gPO_sBM_cAll_d12_mPO3_ch02,,,13.272000,gHO_sBM_cAll_d20_mHO5_ch10;gHO_sBM_cAll_d21_mHO5_ch10;gHO_sBM_cAll_d20_mHO5_ch06;gHO_sBM_cAll_d21_mHO5_ch09;gHO_sBM_cAll_d21_mHO5_ch03,13.395106,113,,,,0.423160849,0.216061185,0.000000,motion_end,0.216061185,0.077234,0.128347,0.034431,0.000000,0.087300,0.000000,4.270833,0.350000,beat-sync,1.600000,0.946970,,0.101293424,0.157165466,right_wrist_yaw,0.050910215,right_wrist_roll,0.157165466,right_wrist_yaw,0.058779360,right_wrist_roll,-0.440256,0.325840,0.888918,1.876780,0.000000000,0.000000000,0.000000000,0.000848661,0.000711361,0.006492620,13.816000,0.000000000,0.000000000,,0.058779,0.048587,2.604469,,0.008125135,0,1,0,6,gPO_sBM_cAll_d10_mPO0_ch01;gPO_sBM_cAll_d11_mPO0_ch01;gPO_sBM_cAll_d11_mPO0_ch02;gPO_sBM_cAll_d10_mPO0_ch02;gPO_sBM_cAll_d12_mPO3_ch02;gHO_sBM_cAll_d20_mHO5_ch10,,43.004000,629.177200,66.012700,751.608600,accepted,0.949838,,0.908796,0.245975719,32.670095,0.109208,HO,0.851377,0.005779,0.002774,JB3:0.674088;JB5:0.668308;JB1:0.655390;LO4:0.617544;JB2:0.609143,gHO_sBM_cAll_d20_mHO5_ch10:0.667133;gHO_sBM_cAll_d21_mHO5_ch10:0.664359;gHO_sBM_cAll_d20_mHO5_ch06:0.664246;gHO_sBM_cAll_d21_mHO5_ch09:0.663181;gHO_sBM_cAll_d21_mHO5_ch03:0.656332;gHO_sBM_cAll_d21_mHO5_ch05:0.649274;gHO_sBM_cAll_d20_mHO5_ch05:0.646060;gHO_sBM_cAll_d21_mHO5_ch02:0.645875;gHO_sBM_cAll_d20_mHO5_ch04:0.645217;gHO_sBM_cAll_d21_mHO5_ch04:0.643179,Electronic---Techno:0.328318;Electronic---Electro:0.211512;Electronic---Ambient:0.109208;Electronic---Deep Techno:0.108626;Electronic---EBM:0.103196,PO:v1:k0:r1,,JB3,0.674088,gHO_sBM_cAll_d20_mHO5_ch10,0.667133,120.967742
14.232000,14.252263200,,hermite,loading,,6.217248937900877e-15,7.612957883143931e-14,4.495270369094512e-13,0,1.0,1,gPO_sBM_cAll_d12_mPO3_ch02,,,13.272000,gHO_sBM_cAll_d20_mHO5_ch10;gHO_sBM_cAll_d21_mHO5_ch10;gHO_sBM_cAll_d20_mHO5_ch06;gHO_sBM_cAll_d21_mHO5_ch09;gHO_sBM_cAll_d21_mHO5_ch03,13.395106,113,,,,0.424621922,0.216061185,0.000000,motion_end,0.216061185,0.077234,0.128347,0.034431,0.000000,0.087300,0.000000,4.270833,0.350000,beat-sync,1.600000,0.946970,,0.100720614,0.156834347,right_wrist_yaw,0.053941780,left_wrist_roll,0.156834347,right_wrist_yaw,0.076348121,left_wrist_roll,-0.442981,0.330266,0.888843,1.877997,0.000000000,0.000000000,0.000000000,0.000848661,0.000711361,0.006492620,13.816000,0.000000000,0.000000000,,0.095247,0.071972,13.182853,,0.008120513,0,1,0,6,gPO_sBM_cAll_d10_mPO0_ch01;gPO_sBM_cAll_d11_mPO0_ch01;gPO_sBM_cAll_d11_mPO0_ch02;gPO_sBM_cAll_d10_mPO0_ch02;gPO_sBM_cAll_d12_mPO3_ch02;gHO_sBM_cAll_d20_mHO5_ch10,,43.004000,629.177200,66.012700,751.608600,accepted,0.949838,,0.908796,0.245975719,32.670095,0.109208,HO,0.851377,0.005779,0.002774,JB3:0.674088;JB5:0.668308;JB1:0.655390;LO4:0.617544;JB2:0.609143,gHO_sBM_cAll_d20_mHO5_ch10:0.667133;gHO_sBM_cAll_d21_mHO5_ch10:0.664359;gHO_sBM_cAll_d20_mHO5_ch06:0.664246;gHO_sBM_cAll_d21_mHO5_ch09:0.663181;gHO_sBM_cAll_d21_mHO5_ch03:0.656332;gHO_sBM_cAll_d21_mHO5_ch05:0.649274;gHO_sBM_cAll_d20_mHO5_ch05:0.646060;gHO_sBM_cAll_d21_mHO5_ch02:0.645875;gHO_sBM_cAll_d20_mHO5_ch04:0.645217;gHO_sBM_cAll_d21_mHO5_ch04:0.643179,Electronic---Techno:0.328318;Electronic---Electro:0.211512;Electronic---Ambient:0.109208;Electronic---Deep Techno:0.108626;Electronic---EBM:0.103196,PO:v1:k0:r1,,JB3,0.674088,gHO_sBM_cAll_d20_mHO5_ch10,0.667133,120.967742
14.264000,14.282597600,,hermite,loading,,6.217248937900877e-15,7.612957883143931e-14,4.495270369094512e-13,0,1.0,1,gPO_sBM_cAll_d12_mPO3_ch02,,,13.272000,gHO_sBM_cAll_d20_mHO5_ch10;gHO_sBM_cAll_d21_mHO5_ch10;gHO_sBM_cAll_d20_mHO5_ch06;gHO_sBM_cAll_d21_mHO5_ch09;gHO_sBM_cAll_d21_mHO5_ch03,13.395106,113,,,,0.429147340,0.216061185,0.000000,motion_end,0.216061185,0.077234,0.128347,0.034431,0.000000,0.087300,0.000000,4.270833,0.350000,beat-sync,1.600000,1.319444,,0.170480864,0.181101296,left_wrist_yaw,2.270890111,left_wrist_yaw,0.181101296,left_wrist_yaw,1.915528859,left_wrist_yaw,-0.449318,0.341954,0.888567,1.870040,0.000000000,0.000000000,0.000000000,0.000848661,0.000711361,0.006492620,14.264000,0.000000000,0.000000000,,6.117361,4.207674,404.646049,,0.008243749,0,1,0,6,gPO_sBM_cAll_d10_mPO0_ch01;gPO_sBM_cAll_d11_mPO0_ch01;gPO_sBM_cAll_d11_mPO0_ch02;gPO_sBM_cAll_d10_mPO0_ch02;gPO_sBM_cAll_d12_mPO3_ch02;gHO_sBM_cAll_d20_mHO5_ch10,,43.004000,629.177200,66.012700,751.608600,accepted,0.949838,,0.908796,0.245975719,32.670095,0.109208,HO,0.851377,0.005779,0.002774,JB3:0.674088;JB5:0.668308;JB1:0.655390;LO4:0.617544;JB2:0.609143,gHO_sBM_cAll_d20_mHO5_ch10:0.667133;gHO_sBM_cAll_d21_mHO5_ch10:0.664359;gHO_sBM_cAll_d20_mHO5_ch06:0.664246;gHO_sBM_cAll_d21_mHO5_ch09:0.663181;gHO_sBM_cAll_d21_mHO5_ch03:0.656332;gHO_sBM_cAll_d21_mHO5_ch05:0.649274;gHO_sBM_cAll_d20_mHO5_ch05:0.646060;gHO_sBM_cAll_d21_mHO5_ch02:0.645875;gHO_sBM_cAll_d20_mHO5_ch04:0.645217;gHO_sBM_cAll_d21_mHO5_ch04:0.643179,Electronic---Techno:0.328318;Electronic---Electro:0.211512;Electronic---Ambient:0.109208;Electronic---Deep Techno:0.108626;Electronic---EBM:0.103196,PO:v1:k0:r1,,JB3,0.674088,gHO_sBM_cAll_d20_mHO5_ch10,0.667133,120.967742
14.328000,14.345242200,,hermite,loading,,6.217248937900877e-15,7.612957883143931e-14,4.495270369094512e-13,0,1.0,1,gPO_sBM_cAll_d12_mPO3_ch02,,,13.272000,gHO_sBM_cAll_d20_mHO5_ch10;gHO_sBM_cAll_d21_mHO5_ch10;gHO_sBM_cAll_d20_mHO5_ch06;gHO_sBM_cAll_d21_mHO5_ch09;gHO_sBM_cAll_d21_mHO5_ch03,13.395106,113,,,,0.441692961,0.216061185,0.000000,motion_end,0.216061185,0.077234,0.128347,0.034431,0.000000,0.087300,0.000000,4.270833,0.350000,beat-sync,1.600000,1.319444,,0.166075165,0.173611733,left_wrist_yaw,0.051734429,right_wrist_roll,0.173611733,left_wrist_yaw,0.098985223,right_wrist_roll,-0.457379,0.351114,0.882483,1.881379,0.000000000,0.000000000,0.000000000,0.000848661,0.000711361,0.006492620,14.264000,0.000000000,0.000000000,,0.294423,0.207081,31.394047,,0.008211109,0,1,0,7,gPO_sBM_cAll_d10_mPO0_ch01;gPO_sBM_cAll_d11_mPO0_ch01;gPO_sBM_cAll_d11_mPO0_ch02;gPO_sBM_cAll_d10_mPO0_ch02;gPO_sBM_cAll_d12_mPO3_ch02;gHO_sBM_cAll_d20_mHO5_ch10;gHO_sBM_cAll_d21_mHO5_ch10,,50.761800,663.545200,56.774000,1536.611500,accepted,0.949838,,0.908796,0.245975719,32.670095,0.109208,HO,0.851377,0.005779,0.002774,JB3:0.674088;JB5:0.668308;JB1:0.655390;LO4:0.617544;JB2:0.609143,gHO_sBM_cAll_d20_mHO5_ch10:0.667133;gHO_sBM_cAll_d21_mHO5_ch10:0.664359;gHO_sBM_cAll_d20_mHO5_ch06:0.664246;gHO_sBM_cAll_d21_mHO5_ch09:0.663181;gHO_sBM_cAll_d21_mHO5_ch03:0.656332;gHO_sBM_cAll_d21_mHO5_ch05:0.649274;gHO_sBM_cAll_d20_mHO5_ch05:0.646060;gHO_sBM_cAll_d21_mHO5_ch02:0.645875;gHO_sBM_cAll_d20_mHO5_ch04:0.645217;gHO_sBM_cAll_d21_mHO5_ch04:0.643179,Electronic---Techno:0.328318;Electronic---Electro:0.211512;Electronic---Ambient:0.109208;Electronic---Deep Techno:0.108626;Electronic---EBM:0.103196,PO:v1:k0:r1,,JB3,0.674088,gHO_sBM_cAll_d20_mHO5_ch10,0.667133,120.967742
14.328000,14.354632000,beat_limiter_result,hermite,loading,,6.217248937900877e-15,7.612957883143931e-14,4.495270369094512e-13,0,1.0,1,gPO_sBM_cAll_d12_mPO3_ch02,,,13.272000,gHO_sBM_cAll_d20_mHO5_ch10;gHO_sBM_cAll_d21_mHO5_ch10;gHO_sBM_cAll_d20_mHO5_ch06;gHO_sBM_cAll_d21_mHO5_ch09;gHO_sBM_cAll_d21_mHO5_ch03,13.395106,113,,,,0.443319638,0.216061185,0.000000,motion_end,0.216061185,0.077234,0.128347,0.034431,0.000000,0.087300,0.000000,4.270833,0.350000,beat-sync,1.600000,1.319444,,0.165549587,0.173190321,left_wrist_yaw,0.071919086,left_wrist_roll,0.173190321,left_wrist_yaw,0.077256589,left_wrist_roll,-0.458488,0.350124,0.882689,1.861642,0.000000000,0.000000000,0.000000000,0.000848661,0.000711361,0.006492620,14.264000,0.000000000,0.000000000,,0.077257,0.063456,20.369247,,0.008206468,0,1,0,7,gPO_sBM_cAll_d10_mPO0_ch01;gPO_sBM_cAll_d11_mPO0_ch01;gPO_sBM_cAll_d11_mPO0_ch02;gPO_sBM_cAll_d10_mPO0_ch02;gPO_sBM_cAll_d12_mPO3_ch02;gHO_sBM_cAll_d20_mHO5_ch10;gHO_sBM_cAll_d21_mHO5_ch10,,50.761800,663.545200,56.774000,1536.611500,accepted,0.949838,,0.908796,0.245975719,32.670095,0.109208,HO,0.851377,0.005779,0.002774,JB3:0.674088;JB5:0.668308;JB1:0.655390;LO4:0.617544;JB2:0.609143,gHO_sBM_cAll_d20_mHO5_ch10:0.667133;gHO_sBM_cAll_d21_mHO5_ch10:0.664359;gHO_sBM_cAll_d20_mHO5_ch06:0.664246;gHO_sBM_cAll_d21_mHO5_ch09:0.663181;gHO_sBM_cAll_d21_mHO5_ch03:0.656332;gHO_sBM_cAll_d21_mHO5_ch05:0.649274;gHO_sBM_cAll_d20_mHO5_ch05:0.646060;gHO_sBM_cAll_d21_mHO5_ch02:0.645875;gHO_sBM_cAll_d20_mHO5_ch04:0.645217;gHO_sBM_cAll_d21_mHO5_ch04:0.643179,Electronic---Techno:0.328318;Electronic---Electro:0.211512;Electronic---Ambient:0.109208;Electronic---Deep Techno:0.108626;Electronic---EBM:0.103196,PO:v1:k0:r1,,JB3,0.674088,gHO_sBM_cAll_d20_mHO5_ch10,0.667133,120.967742
14.360000,14.370359900,,hermite,loading,,6.217248937900877e-15,7.612957883143931e-14,4.495270369094512e-13,0,1.0,1,gPO_sBM_cAll_d12_mPO3_ch02,,,13.272000,gHO_sBM_cAll_d20_mHO5_ch10;gHO_sBM_cAll_d21_mHO5_ch10;gHO_sBM_cAll_d20_mHO5_ch06;gHO_sBM_cAll_d21_mHO5_ch09;gHO_sBM_cAll_d21_mHO5_ch03,13.395106,113,,,,0.446300667,0.216061185,0.000000,motion_end,0.216061185,0.077234,0.128347,0.034431,0.000000,0.087300,0.000000,4.270833,0.350000,beat-sync,1.600000,1.319444,,0.164610130,0.172456091,left_wrist_yaw,0.070410911,right_wrist_roll,0.172456091,left_wrist_yaw,0.081814551,right_wrist_roll,-0.461101,0.351645,0.883939,1.829952,0.000000000,0.000000000,0.000000000,0.000848661,0.000711361,0.006492620,14.264000,0.000000000,0.000000000,,0.143101,0.118844,12.405287,,0.008197200,0,1,0,7,gPO_sBM_cAll_d10_mPO0_ch01;gPO_sBM_cAll_d11_mPO0_ch01;gPO_sBM_cAll_d11_mPO0_ch02;gPO_sBM_cAll_d10_mPO0_ch02;gPO_sBM_cAll_d12_mPO3_ch02;gHO_sBM_cAll_d20_mHO5_ch10;gHO_sBM_cAll_d21_mHO5_ch10,,50.761800,663.545200,56.774000,1536.611500,accepted,0.949838,,0.908796,0.245975719,32.670095,0.109208,HO,0.851377,0.005779,0.002774,JB3:0.674088;JB5:0.668308;JB1:0.655390;LO4:0.617544;JB2:0.609143,gHO_sBM_cAll_d20_mHO5_ch10:0.667133;gHO_sBM_cAll_d21_mHO5_ch10:0.664359;gHO_sBM_cAll_d20_mHO5_ch06:0.664246;gHO_sBM_cAll_d21_mHO5_ch09:0.663181;gHO_sBM_cAll_d21_mHO5_ch03:0.656332;gHO_sBM_cAll_d21_mHO5_ch05:0.649274;gHO_sBM_cAll_d20_mHO5_ch05:0.646060;gHO_sBM_cAll_d21_mHO5_ch02:0.645875;gHO_sBM_cAll_d20_mHO5_ch04:0.645217;gHO_sBM_cAll_d21_mHO5_ch04:0.643179,Electronic---Techno:0.328318;Electronic---Electro:0.211512;Electronic---Ambient:0.109208;Electronic---Deep Techno:0.108626;Electronic---EBM:0.103196,PO:v1:k0:r1,,JB3,0.674088,gHO_sBM_cAll_d20_mHO5_ch10,0.667133,120.967742
14.424000,14.430176800,,hermite,loading,,6.217248937900877e-15,7.612957883143931e-14,4.495270369094512e-13,0,1.0,1,gPO_sBM_cAll_d12_mPO3_ch02,,,13.272000,gHO_sBM_cAll_d20_mHO5_ch10;gHO_sBM_cAll_d21_mHO5_ch10;gHO_sBM_cAll_d20_mHO5_ch06;gHO_sBM_cAll_d21_mHO5_ch09;gHO_sBM_cAll_d21_mHO5_ch03,13.395106,113,,,,0.457385639,0.216061185,0.000000,motion_end,0.216061185,0.077234,0.128347,0.034431,0.000000,0.087300,0.000000,4.270833,0.350000,beat-sync,1.600000,1.319444,,0.161368850,0.169383545,left_wrist_yaw,0.088318904,left_wrist_roll,0.169383545,left_wrist_yaw,0.090401020,left_wrist_roll,-0.484490,0.360357,0.890332,1.854575,0.000000000,0.000000000,0.000000000,0.000848661,0.000711361,0.006492620,14.264000,0.000000000,0.000000000,,0.090401,0.077927,5.651861,,0.008169522,0,1,0,7,gPO_sBM_cAll_d10_mPO0_ch01;gPO_sBM_cAll_d11_mPO0_ch01;gPO_sBM_cAll_d11_mPO0_ch02;gPO_sBM_cAll_d10_mPO0_ch02;gPO_sBM_cAll_d12_mPO3_ch02;gHO_sBM_cAll_d20_mHO5_ch10;gHO_sBM_cAll_d21_mHO5_ch10,,50.761800,663.545200,56.774000,1536.611500,accepted,0.949838,,0.908796,0.245975719,32.670095,0.109208,HO,0.851377,0.005779,0.002774,JB3:0.674088;JB5:0.668308;JB1:0.655390;LO4:0.617544;JB2:0.609143,gHO_sBM_cAll_d20_mHO5_ch10:0.667133;gHO_sBM_cAll_d21_mHO5_ch10:0.664359;gHO_sBM_cAll_d20_mHO5_ch06:0.664246;gHO_sBM_cAll_d21_mHO5_ch09:0.663181;gHO_sBM_cAll_d21_mHO5_ch03:0.656332;gHO_sBM_cAll_d21_mHO5_ch05:0.649274;gHO_sBM_cAll_d20_mHO5_ch05:0.646060;gHO_sBM_cAll_d21_mHO5_ch02:0.645875;gHO_sBM_cAll_d20_mHO5_ch04:0.645217;gHO_sBM_cAll_d21_mHO5_ch04:0.643179,Electronic---Techno:0.328318;Electronic---Electro:0.211512;Electronic---Ambient:0.109208;Electronic---Deep Techno:0.108626;Electronic---EBM:0.103196,PO:v1:k0:r1,,JB3,0.674088,gHO_sBM_cAll_d20_mHO5_ch10,0.667133,120.967742
14.456000,14.462764400,,hermite,loading,,6.217248937900877e-15,7.612957883143931e-14,4.495270369094512e-13,0,1.0,1,gPO_sBM_cAll_d12_mPO3_ch02,,,13.272000,gHO_sBM_cAll_d20_mHO5_ch10;gHO_sBM_cAll_d21_mHO5_ch10;gHO_sBM_cAll_d20_mHO5_ch06;gHO_sBM_cAll_d21_mHO5_ch09;gHO_sBM_cAll_d21_mHO5_ch03,13.395106,113,,,,0.463305204,0.216061185,0.000000,motion_end,0.216061185,0.077234,0.128347,0.034431,0.000000,0.087300,0.000000,4.270833,0.350000,beat-sync,1.600000,1.319444,,0.159767819,0.167609538,left_wrist_yaw,0.076764070,left_wrist_roll,0.167609538,left_wrist_yaw,0.087711921,left_wrist_roll,-0.497967,0.366373,0.886803,1.827182,0.000000000,0.000000000,0.000000000,0.000848661,0.000711361,0.006492620,14.264000,0.000000000,0.000000000,,0.118152,0.103156,10.564348,,0.008151174,0,1,0,7,gPO_sBM_cAll_d10_mPO0_ch01;gPO_sBM_cAll_d11_mPO0_ch01;gPO_sBM_cAll_d11_mPO0_ch02;gPO_sBM_cAll_d10_mPO0_ch02;gPO_sBM_cAll_d12_mPO3_ch02;gHO_sBM_cAll_d20_mHO5_ch10;gHO_sBM_cAll_d21_mHO5_ch10,,50.761800,663.545200,56.774000,1536.611500,accepted,0.949838,,0.908796,0.245975719,32.670095,0.109208,HO,0.851377,0.005779,0.002774,JB3:0.674088;JB5:0.668308;JB1:0.655390;LO4:0.617544;JB2:0.609143,gHO_sBM_cAll_d20_mHO5_ch10:0.667133;gHO_sBM_cAll_d21_mHO5_ch10:0.664359;gHO_sBM_cAll_d20_mHO5_ch06:0.664246;gHO_sBM_cAll_d21_mHO5_ch09:0.663181;gHO_sBM_cAll_d21_mHO5_ch03:0.656332;gHO_sBM_cAll_d21_mHO5_ch05:0.649274;gHO_sBM_cAll_d20_mHO5_ch05:0.646060;gHO_sBM_cAll_d21_mHO5_ch02:0.645875;gHO_sBM_cAll_d20_mHO5_ch04:0.645217;gHO_sBM_cAll_d21_mHO5_ch04:0.643179,Electronic---Techno:0.328318;Electronic---Electro:0.211512;Electronic---Ambient:0.109208;Electronic---Deep Techno:0.108626;Electronic---EBM:0.103196,PO:v1:k0:r1,,JB3,0.674088,gHO_sBM_cAll_d20_mHO5_ch10,0.667133,120.967742
14.520000,14.529836600,,hermite,loading,,6.217248937900877e-15,7.612957883143931e-14,4.495270369094512e-13,0,1.0,1,gPO_sBM_cAll_d12_mPO3_ch02,,,13.272000,gHO_sBM_cAll_d20_mHO5_ch10;gHO_sBM_cAll_d21_mHO5_ch10;gHO_sBM_cAll_d20_mHO5_ch06;gHO_sBM_cAll_d21_mHO5_ch09;gHO_sBM_cAll_d21_mHO5_ch03,13.395106,113,,,,0.475513063,0.216061185,0.000000,motion_end,0.216061185,0.077234,0.128347,0.034431,0.000000,0.087300,0.000000,4.270833,0.350000,beat-sync,1.600000,1.319444,,0.156698200,0.163691938,left_wrist_yaw,0.090442932,left_wrist_roll,0.163691938,left_wrist_yaw,0.108660521,left_wrist_roll,-0.530284,0.373927,0.868324,1.576194,0.000000000,0.000000000,0.000000000,0.000848661,0.000711361,0.006492620,14.264000,0.000000000,0.000000000,,0.125920,0.106197,14.049092,,0.008114724,0,1,0,7,gPO_sBM_cAll_d10_mPO0_ch01;gPO_sBM_cAll_d11_mPO0_ch01;gPO_sBM_cAll_d11_mPO0_ch02;gPO_sBM_cAll_d10_mPO0_ch02;gPO_sBM_cAll_d12_mPO3_ch02;gHO_sBM_cAll_d20_mHO5_ch10;gHO_sBM_cAll_d21_mHO5_ch10,,50.761800,663.545200,56.774000,1536.611500,accepted,0.949838,,0.908796,0.245975719,32.670095,0.109208,HO,0.851377,0.005779,0.002774,JB3:0.674088;JB5:0.668308;JB1:0.655390;LO4:0.617544;JB2:0.609143,gHO_sBM_cAll_d20_mHO5_ch10:0.667133;gHO_sBM_cAll_d21_mHO5_ch10:0.664359;gHO_sBM_cAll_d20_mHO5_ch06:0.664246;gHO_sBM_cAll_d21_mHO5_ch09:0.663181;gHO_sBM_cAll_d21_mHO5_ch03:0.656332;gHO_sBM_cAll_d21_mHO5_ch05:0.649274;gHO_sBM_cAll_d20_mHO5_ch05:0.646060;gHO_sBM_cAll_d21_mHO5_ch02:0.645875;gHO_sBM_cAll_d20_mHO5_ch04:0.645217;gHO_sBM_cAll_d21_mHO5_ch04:0.643179,Electronic---Techno:0.328318;Electronic---Electro:0.211512;Electronic---Ambient:0.109208;Electronic---Deep Techno:0.108626;Electronic---EBM:0.103196,PO:v1:k0:r1,,JB3,0.674088,gHO_sBM_cAll_d20_mHO5_ch10,0.667133,120.967742
14.552000,14.573582900,,hermite,loading,,6.217248937900877e-15,7.612957883143931e-14,4.495270369094512e-13,0,1.0,1,gPO_sBM_cAll_d12_mPO3_ch02,,,13.272000,gHO_sBM_cAll_d20_mHO5_ch10;gHO_sBM_cAll_d21_mHO5_ch10;gHO_sBM_cAll_d20_mHO5_ch06;gHO_sBM_cAll_d21_mHO5_ch09;gHO_sBM_cAll_d21_mHO5_ch03,13.395106,113,,,,0.483530642,0.216061185,0.000000,motion_end,0.216061185,0.077234,0.128347,0.034431,0.000000,0.087300,0.000000,4.270833,0.350000,beat-sync,1.600000,1.319444,,0.154819410,0.160992942,left_wrist_yaw,0.109151465,left_wrist_roll,0.160992942,left_wrist_yaw,0.114643821,left_wrist_roll,-0.540400,0.386333,0.843752,1.512564,0.000000000,0.000000000,0.000000000,0.000848661,0.000711361,0.006492620,14.264000,0.000000000,0.000000000,,0.114644,0.095527,1.633439,,0.008092108,0,1,0,7,gPO_sBM_cAll_d10_mPO0_ch01;gPO_sBM_cAll_d11_mPO0_ch01;gPO_sBM_cAll_d11_mPO0_ch02;gPO_sBM_cAll_d10_mPO0_ch02;gPO_sBM_cAll_d12_mPO3_ch02;gHO_sBM_cAll_d20_mHO5_ch10;gHO_sBM_cAll_d21_mHO5_ch10,,50.761800,663.545200,56.774000,1536.611500,accepted,0.949838,,0.908796,0.245975719,32.670095,0.109208,HO,0.851377,0.005779,0.002774,JB3:0.674088;JB5:0.668308;JB1:0.655390;LO4:0.617544;JB2:0.609143,gHO_sBM_cAll_d20_mHO5_ch10:0.667133;gHO_sBM_cAll_d21_mHO5_ch10:0.664359;gHO_sBM_cAll_d20_mHO5_ch06:0.664246;gHO_sBM_cAll_d21_mHO5_ch09:0.663181;gHO_sBM_cAll_d21_mHO5_ch03:0.656332;gHO_sBM_cAll_d21_mHO5_ch05:0.649274;gHO_sBM_cAll_d20_mHO5_ch05:0.646060;gHO_sBM_cAll_d21_mHO5_ch02:0.645875;gHO_sBM_cAll_d20_mHO5_ch04:0.645217;gHO_sBM_cAll_d21_mHO5_ch04:0.643179,Electronic---Techno:0.328318;Electronic---Electro:0.211512;Electronic---Ambient:0.109208;Electronic---Deep Techno:0.108626;Electronic---EBM:0.103196,PO:v1:k0:r1,,JB3,0.674088,gHO_sBM_cAll_d20_mHO5_ch10,0.667133,120.967742
14.616000,14.637636700,,hermite,loading,,6.217248937900877e-15,7.612957883143931e-14,4.495270369094512e-13,0,1.0,1,gPO_sBM_cAll_d12_mPO3_ch02,,,13.272000,gHO_sBM_cAll_d20_mHO5_ch10;gHO_sBM_cAll_d21_mHO5_ch10;gHO_sBM_cAll_d20_mHO5_ch06;gHO_sBM_cAll_d21_mHO5_ch09;gHO_sBM_cAll_d21_mHO5_ch03,13.395106,113,,,,0.495419884,0.216061185,0.000000,motion_end,0.216061185,0.077234,0.128347,0.034431,0.000000,0.087300,0.000000,4.270833,0.350000,beat-sync,1.600000,1.319444,,0.152185546,0.156898246,left_wrist_yaw,0.085528338,left_wrist_roll,0.156898246,left_wrist_yaw,0.101994297,left_wrist_roll,-0.549702,0.400172,0.780088,1.383861,0.000000000,0.000000000,0.000000000,0.000848661,0.000711361,0.006492620,14.264000,0.000000000,0.000000000,,0.101994,0.088939,1.299589,,0.008056183,0,1,0,7,gPO_sBM_cAll_d10_mPO0_ch01;gPO_sBM_cAll_d11_mPO0_ch01;gPO_sBM_cAll_d11_mPO0_ch02;gPO_sBM_cAll_d10_mPO0_ch02;gPO_sBM_cAll_d12_mPO3_ch02;gHO_sBM_cAll_d20_mHO5_ch10;gHO_sBM_cAll_d21_mHO5_ch10,,50.761800,663.545200,56.774000,1536.611500,accepted,0.949838,,0.908796,0.245975719,32.670095,0.109208,HO,0.851377,0.005779,0.002774,JB3:0.674088;JB5:0.668308;JB1:0.655390;LO4:0.617544;JB2:0.609143,gHO_sBM_cAll_d20_mHO5_ch10:0.667133;gHO_sBM_cAll_d21_mHO5_ch10:0.664359;gHO_sBM_cAll_d20_mHO5_ch06:0.664246;gHO_sBM_cAll_d21_mHO5_ch09:0.663181;gHO_sBM_cAll_d21_mHO5_ch03:0.656332;gHO_sBM_cAll_d21_mHO5_ch05:0.649274;gHO_sBM_cAll_d20_mHO5_ch05:0.646060;gHO_sBM_cAll_d21_mHO5_ch02:0.645875;gHO_sBM_cAll_d20_mHO5_ch04:0.645217;gHO_sBM_cAll_d21_mHO5_ch04:0.643179,Electronic---Techno:0.328318;Electronic---Electro:0.211512;Electronic---Ambient:0.109208;Electronic---Deep Techno:0.108626;Electronic---EBM:0.103196,PO:v1:k0:r1,,JB3,0.674088,gHO_sBM_cAll_d20_mHO5_ch10,0.667133,120.967742
14.648000,14.679091400,match,hermite,loading,,6.217248937900877e-15,7.612957883143931e-14,4.495270369094512e-13,0,1.0,1,gPO_sBM_cAll_d12_mPO3_ch02,,,14.296000,gHO_sBM_cAll_d20_mHO5_ch10;gHO_sBM_cAll_d21_mHO5_ch10;gHO_sBM_cAll_d20_mHO5_ch06;gHO_sBM_cAll_d21_mHO5_ch09;gHO_sBM_cAll_d21_mHO5_ch03,13.395106,113,,,,0.502990191,0.216061185,0.000000,motion_end,0.216061185,0.077234,0.128347,0.034431,0.000000,0.087300,0.000000,4.270833,0.350000,beat-sync,1.600000,1.319444,,0.150584546,0.154281707,left_wrist_yaw,0.089809649,left_wrist_roll,0.154281707,left_wrist_yaw,0.107139712,left_wrist_roll,-0.541311,0.388128,0.782483,1.364667,0.000000000,0.000000000,0.000000000,0.000848661,0.000711361,0.006492620,14.264000,0.000000000,0.000000000,,0.107140,0.089523,1.471431,,0.008033891,0,1,0,7,gPO_sBM_cAll_d10_mPO0_ch01;gPO_sBM_cAll_d11_mPO0_ch01;gPO_sBM_cAll_d11_mPO0_ch02;gPO_sBM_cAll_d10_mPO0_ch02;gPO_sBM_cAll_d12_mPO3_ch02;gHO_sBM_cAll_d20_mHO5_ch10;gHO_sBM_cAll_d21_mHO5_ch10,,50.761800,663.545200,56.774000,1536.611500,accepted,0.951487,,0.911794,0.248160962,32.281708,0.106702,HO,0.850443,0.005774,0.002792,JB3:0.674896;JB5:0.669122;JB1:0.656030;LO4:0.618615;JB2:0.609021,gHO_sBM_cAll_d20_mHO5_ch10:0.666988;gHO_sBM_cAll_d21_mHO5_ch10:0.664196;gHO_sBM_cAll_d20_mHO5_ch06:0.664093;gHO_sBM_cAll_d21_mHO5_ch09:0.663010;gHO_sBM_cAll_d21_mHO5_ch03:0.656268;gHO_sBM_cAll_d21_mHO5_ch05:0.649037;gHO_sBM_cAll_d20_mHO5_ch05:0.645856;gHO_sBM_cAll_d21_mHO5_ch02:0.645597;gHO_sBM_cAll_d20_mHO5_ch04:0.644977;gHO_sBM_cAll_d21_mHO5_ch04:0.642898,Electronic---Techno:0.319059;Electronic---Electro:0.210035;Electronic---Deep Techno:0.107326;Electronic---Ambient:0.106702;Electronic---Synthwave:0.098299,PO:v1:k0:r1,,JB3,0.674896,gHO_sBM_cAll_d20_mHO5_ch10,0.666988,120.967742
14.680000,14.703882200,,hermite,loading,,6.217248937900877e-15,7.612957883143931e-14,4.495270369094512e-13,0,1.0,1,gPO_sBM_cAll_d12_mPO3_ch02,,,14.296000,gHO_sBM_cAll_d20_mHO5_ch10;gHO_sBM_cAll_d21_mHO5_ch10;gHO_sBM_cAll_d20_mHO5_ch06;gHO_sBM_cAll_d21_mHO5_ch09;gHO_sBM_cAll_d21_mHO5_ch03,13.395106,113,,,,0.507601550,0.216061185,0.000000,motion_end,0.216061185,0.077234,0.128347,0.034431,0.000000,0.087300,0.000000,4.270833,0.350000,beat-sync,1.600000,1.319444,,0.149633040,0.152698318,left_wrist_yaw,0.085867770,left_wrist_roll,0.152698318,left_wrist_yaw,0.119593660,left_wrist_roll,-0.535742,0.379570,0.805511,1.397786,0.000000000,0.000000000,0.000000000,0.000848661,0.000711361,0.006492620,14.264000,0.000000000,0.000000000,,0.119594,0.101967,14.049457,,0.008020575,0,1,0,7,gPO_sBM_cAll_d10_mPO0_ch01;gPO_sBM_cAll_d11_mPO0_ch01;gPO_sBM_cAll_d11_mPO0_ch02;gPO_sBM_cAll_d10_mPO0_ch02;gPO_sBM_cAll_d12_mPO3_ch02;gHO_sBM_cAll_d20_mHO5_ch10;gHO_sBM_cAll_d21_mHO5_ch10,,50.761800,663.545200,56.774000,1536.611500,accepted,0.951487,,0.911794,0.248160962,32.281708,0.106702,HO,0.850443,0.005774,0.002792,JB3:0.674896;JB5:0.669122;JB1:0.656030;LO4:0.618615;JB2:0.609021,gHO_sBM_cAll_d20_mHO5_ch10:0.666988;gHO_sBM_cAll_d21_mHO5_ch10:0.664196;gHO_sBM_cAll_d20_mHO5_ch06:0.664093;gHO_sBM_cAll_d21_mHO5_ch09:0.663010;gHO_sBM_cAll_d21_mHO5_ch03:0.656268;gHO_sBM_cAll_d21_mHO5_ch05:0.649037;gHO_sBM_cAll_d20_mHO5_ch05:0.645856;gHO_sBM_cAll_d21_mHO5_ch02:0.645597;gHO_sBM_cAll_d20_mHO5_ch04:0.644977;gHO_sBM_cAll_d21_mHO5_ch04:0.642898,Electronic---Techno:0.319059;Electronic---Electro:0.210035;Electronic---Deep Techno:0.107326;Electronic---Ambient:0.106702;Electronic---Synthwave:0.098299,PO:v1:k0:r1,,JB3,0.674896,gHO_sBM_cAll_d20_mHO5_ch10,0.666988,120.967742
14.712000,14.730281000,,hermite,loading,,6.217248937900877e-15,7.612957883143931e-14,4.495270369094512e-13,0,1.0,1,gPO_sBM_cAll_d12_mPO3_ch02,,,14.296000,gHO_sBM_cAll_d20_mHO5_ch10;gHO_sBM_cAll_d21_mHO5_ch10;gHO_sBM_cAll_d20_mHO5_ch06;gHO_sBM_cAll_d21_mHO5_ch09;gHO_sBM_cAll_d21_mHO5_ch03,13.395106,113,,,,0.512395474,0.216061185,0.000000,motion_end,0.216061185,0.077234,0.128347,0.034431,0.000000,0.087300,0.000000,4.270833,0.350000,beat-sync,1.600000,1.319444,,0.148662181,0.151064941,left_wrist_yaw,0.185621592,left_wrist_roll,0.151064941,left_wrist_yaw,0.128623056,left_wrist_roll,-0.531342,0.372255,0.831954,1.420820,0.000000000,0.000000000,0.000000000,0.000848661,0.000711361,0.006492620,14.264000,0.000000000,0.000000000,,0.128623,0.118298,5.348789,,0.008011723,0,1,0,7,gPO_sBM_cAll_d10_mPO0_ch01;gPO_sBM_cAll_d11_mPO0_ch01;gPO_sBM_cAll_d11_mPO0_ch02;gPO_sBM_cAll_d10_mPO0_ch02;gPO_sBM_cAll_d12_mPO3_ch02;gHO_sBM_cAll_d20_mHO5_ch10;gHO_sBM_cAll_d21_mHO5_ch10,,50.761800,663.545200,56.774000,1536.611500,accepted,0.951487,,0.911794,0.248160962,32.281708,0.106702,HO,0.850443,0.005774,0.002792,JB3:0.674896;JB5:0.669122;JB1:0.656030;LO4:0.618615;JB2:0.609021,gHO_sBM_cAll_d20_mHO5_ch10:0.666988;gHO_sBM_cAll_d21_mHO5_ch10:0.664196;gHO_sBM_cAll_d20_mHO5_ch06:0.664093;gHO_sBM_cAll_d21_mHO5_ch09:0.663010;gHO_sBM_cAll_d21_mHO5_ch03:0.656268;gHO_sBM_cAll_d21_mHO5_ch05:0.649037;gHO_sBM_cAll_d20_mHO5_ch05:0.645856;gHO_sBM_cAll_d21_mHO5_ch02:0.645597;gHO_sBM_cAll_d20_mHO5_ch04:0.644977;gHO_sBM_cAll_d21_mHO5_ch04:0.642898,Electronic---Techno:0.319059;Electronic---Electro:0.210035;Electronic---Deep Techno:0.107326;Electronic---Ambient:0.106702;Electronic---Synthwave:0.098299,PO:v1:k0:r1,,JB3,0.674896,gHO_sBM_cAll_d20_mHO5_ch10,0.666988,120.967742
14.776000,14.796940200,,hermite,loading,,6.217248937900877e-15,7.612957883143931e-14,4.495270369094512e-13,0,1.0,1,gPO_sBM_cAll_d12_mPO3_ch02,,,14.296000,gHO_sBM_cAll_d20_mHO5_ch10;gHO_sBM_cAll_d21_mHO5_ch10;gHO_sBM_cAll_d20_mHO5_ch06;gHO_sBM_cAll_d21_mHO5_ch09;gHO_sBM_cAll_d21_mHO5_ch03,13.395106,113,,,,0.524456800,0.216061185,0.000000,motion_end,0.216061185,0.077234,0.128347,0.034431,0.000000,0.087300,0.000000,4.270833,0.350000,beat-sync,1.600000,0.940860,,0.190146218,0.163058314,right_wrist_yaw,3.032647978,right_wrist_yaw,0.163058314,right_wrist_yaw,3.809591255,right_wrist_yaw,-0.507481,0.373126,0.852239,1.455488,0.000000000,0.000000000,0.000000000,0.000848661,0.000711361,0.006492620,14.776000,0.000000000,0.000000000,,3.926571,3.279170,502.383314,,0.007976506,0,1,0,7,gPO_sBM_cAll_d10_mPO0_ch01;gPO_sBM_cAll_d11_mPO0_ch01;gPO_sBM_cAll_d11_mPO0_ch02;gPO_sBM_cAll_d10_mPO0_ch02;gPO_sBM_cAll_d12_mPO3_ch02;gHO_sBM_cAll_d20_mHO5_ch10;gHO_sBM_cAll_d21_mHO5_ch10,,50.761800,663.545200,56.774000,1536.611500,accepted,0.951487,,0.911794,0.248160962,32.281708,0.106702,HO,0.850443,0.005774,0.002792,JB3:0.674896;JB5:0.669122;JB1:0.656030;LO4:0.618615;JB2:0.609021,gHO_sBM_cAll_d20_mHO5_ch10:0.666988;gHO_sBM_cAll_d21_mHO5_ch10:0.664196;gHO_sBM_cAll_d20_mHO5_ch06:0.664093;gHO_sBM_cAll_d21_mHO5_ch09:0.663010;gHO_sBM_cAll_d21_mHO5_ch03:0.656268;gHO_sBM_cAll_d21_mHO5_ch05:0.649037;gHO_sBM_cAll_d20_mHO5_ch05:0.645856;gHO_sBM_cAll_d21_mHO5_ch02:0.645597;gHO_sBM_cAll_d20_mHO5_ch04:0.644977;gHO_sBM_cAll_d21_mHO5_ch04:0.642898,Electronic---Techno:0.319059;Electronic---Electro:0.210035;Electronic---Deep Techno:0.107326;Electronic---Ambient:0.106702;Electronic---Synthwave:0.098299,PO:v1:k0:r1,,JB3,0.674896,gHO_sBM_cAll_d20_mHO5_ch10,0.666988,120.967742
14.808000,14.839749600,,hermite,loading,,6.217248937900877e-15,7.612957883143931e-14,4.495270369094512e-13,0,1.0,1,gPO_sBM_cAll_d12_mPO3_ch02,,,14.296000,gHO_sBM_cAll_d20_mHO5_ch10;gHO_sBM_cAll_d21_mHO5_ch10;gHO_sBM_cAll_d20_mHO5_ch06;gHO_sBM_cAll_d21_mHO5_ch09;gHO_sBM_cAll_d21_mHO5_ch03,13.395106,113,,,,0.532399194,0.216061185,0.000000,motion_end,0.216061185,0.077234,0.128347,0.034431,0.000000,0.087300,0.000000,4.270833,0.350000,beat-sync,1.600000,0.940860,,0.188337988,0.286218272,right_wrist_yaw,15.703570282,right_wrist_roll,0.286218272,right_wrist_yaw,8.761471169,right_wrist_roll,-0.487976,0.356628,0.852798,1.407374,0.000000000,0.000000000,0.000000000,0.000848661,0.000711361,0.006492620,14.776000,0.000000000,0.000000000,,10.033584,9.038819,616.494844,,0.008110254,0,1,0,7,gPO_sBM_cAll_d10_mPO0_ch01;gPO_sBM_cAll_d11_mPO0_ch01;gPO_sBM_cAll_d11_mPO0_ch02;gPO_sBM_cAll_d10_mPO0_ch02;gPO_sBM_cAll_d12_mPO3_ch02;gHO_sBM_cAll_d20_mHO5_ch10;gHO_sBM_cAll_d21_mHO5_ch10,,50.761800,663.545200,56.774000,1536.611500,accepted,0.951487,,0.911794,0.248160962,32.281708,0.106702,HO,0.850443,0.005774,0.002792,JB3:0.674896;JB5:0.669122;JB1:0.656030;LO4:0.618615;JB2:0.609021,gHO_sBM_cAll_d20_mHO5_ch10:0.666988;gHO_sBM_cAll_d21_mHO5_ch10:0.664196;gHO_sBM_cAll_d20_mHO5_ch06:0.664093;gHO_sBM_cAll_d21_mHO5_ch09:0.663010;gHO_sBM_cAll_d21_mHO5_ch03:0.656268;gHO_sBM_cAll_d21_mHO5_ch05:0.649037;gHO_sBM_cAll_d20_mHO5_ch05:0.645856;gHO_sBM_cAll_d21_mHO5_ch02:0.645597;gHO_sBM_cAll_d20_mHO5_ch04:0.644977;gHO_sBM_cAll_d21_mHO5_ch04:0.642898,Electronic---Techno:0.319059;Electronic---Electro:0.210035;Electronic---Deep Techno:0.107326;Electronic---Ambient:0.106702;Electronic---Synthwave:0.098299,PO:v1:k0:r1,,JB3,0.674896,gHO_sBM_cAll_d20_mHO5_ch10,0.666988,120.967742
14.840000,14.873274100,beat_limiter_result,hermite,loading,,6.217248937900877e-15,7.612957883143931e-14,4.495270369094512e-13,1,1.0,1,gPO_sBM_cAll_d12_mPO3_ch02,,,14.296000,gHO_sBM_cAll_d20_mHO5_ch10;gHO_sBM_cAll_d21_mHO5_ch10;gHO_sBM_cAll_d20_mHO5_ch06;gHO_sBM_cAll_d21_mHO5_ch09;gHO_sBM_cAll_d21_mHO5_ch03,13.395106,113,,,,0.538545434,0.216061185,0.000000,motion_end,0.216061185,0.077234,0.128347,0.034431,0.000000,0.087300,0.000000,4.270833,0.350000,beat-sync,1.600000,0.940860,,0.186765358,0.139661613,left_wrist_yaw,14.897576649,right_wrist_yaw,0.139661613,left_wrist_yaw,16.000000000,right_wrist_yaw,-0.464677,0.337206,0.861709,1.319576,0.000000000,0.000000000,0.000000000,0.000848661,0.000711361,0.006492620,14.776000,0.000000000,0.000000000,,27.003399,13.213410,539.609776,left_elbow;left_knee;left_shoulder_roll;left_wrist_yaw;right_elbow;right_hip_pitch;right_hip_roll;right_knee;right_shoulder_pitch;right_shoulder_yaw;right_wrist_yaw;waist_roll,0.008601826,0,1,0,7,gPO_sBM_cAll_d10_mPO0_ch01;gPO_sBM_cAll_d11_mPO0_ch01;gPO_sBM_cAll_d11_mPO0_ch02;gPO_sBM_cAll_d10_mPO0_ch02;gPO_sBM_cAll_d12_mPO3_ch02;gHO_sBM_cAll_d20_mHO5_ch10;gHO_sBM_cAll_d21_mHO5_ch10,,50.761800,663.545200,56.774000,1536.611500,accepted,0.951487,,0.911794,0.248160962,32.281708,0.106702,HO,0.850443,0.005774,0.002792,JB3:0.674896;JB5:0.669122;JB1:0.656030;LO4:0.618615;JB2:0.609021,gHO_sBM_cAll_d20_mHO5_ch10:0.666988;gHO_sBM_cAll_d21_mHO5_ch10:0.664196;gHO_sBM_cAll_d20_mHO5_ch06:0.664093;gHO_sBM_cAll_d21_mHO5_ch09:0.663010;gHO_sBM_cAll_d21_mHO5_ch03:0.656268;gHO_sBM_cAll_d21_mHO5_ch05:0.649037;gHO_sBM_cAll_d20_mHO5_ch05:0.645856;gHO_sBM_cAll_d21_mHO5_ch02:0.645597;gHO_sBM_cAll_d20_mHO5_ch04:0.644977;gHO_sBM_cAll_d21_mHO5_ch04:0.642898,Electronic---Techno:0.319059;Electronic---Electro:0.210035;Electronic---Deep Techno:0.107326;Electronic---Ambient:0.106702;Electronic---Synthwave:0.098299,PO:v1:k0:r1,,JB3,0.674896,gHO_sBM_cAll_d20_mHO5_ch10,0.666988,120.967742
14.872000,14.888486300,,hermite,loading,,6.217248937900877e-15,7.612957883143931e-14,4.495270369094512e-13,1,1.0,1,gPO_sBM_cAll_d12_mPO3_ch02,,,14.296000,gHO_sBM_cAll_d20_mHO5_ch10;gHO_sBM_cAll_d21_mHO5_ch10;gHO_sBM_cAll_d20_mHO5_ch06;gHO_sBM_cAll_d21_mHO5_ch09;gHO_sBM_cAll_d21_mHO5_ch03,13.395106,113,,,,0.541567011,0.216061185,0.000000,motion_end,0.216061185,0.077234,0.128347,0.034431,0.000000,0.087300,0.000000,4.270833,0.350000,beat-sync,1.600000,0.940860,,0.185941826,0.182509404,left_wrist_yaw,3.393834039,right_wrist_yaw,0.182509404,left_wrist_yaw,9.309355400,right_wrist_yaw,-0.452452,0.327032,0.866789,1.279394,0.000000000,0.000000000,0.000000000,0.000848661,0.000711361,0.006492620,14.776000,0.000000000,0.000000000,,32.332489,13.472798,740.388785,left_shoulder_roll;right_elbow;right_knee,0.008743169,0,1,0,7,gPO_sBM_cAll_d10_mPO0_ch01;gPO_sBM_cAll_d11_mPO0_ch01;gPO_sBM_cAll_d11_mPO0_ch02;gPO_sBM_cAll_d10_mPO0_ch02;gPO_sBM_cAll_d12_mPO3_ch02;gHO_sBM_cAll_d20_mHO5_ch10;gHO_sBM_cAll_d21_mHO5_ch10,,50.761800,663.545200,56.774000,1536.611500,accepted,0.951487,,0.911794,0.248160962,32.281708,0.106702,HO,0.850443,0.005774,0.002792,JB3:0.674896;JB5:0.669122;JB1:0.656030;LO4:0.618615;JB2:0.609021,gHO_sBM_cAll_d20_mHO5_ch10:0.666988;gHO_sBM_cAll_d21_mHO5_ch10:0.664196;gHO_sBM_cAll_d20_mHO5_ch06:0.664093;gHO_sBM_cAll_d21_mHO5_ch09:0.663010;gHO_sBM_cAll_d21_mHO5_ch03:0.656268;gHO_sBM_cAll_d21_mHO5_ch05:0.649037;gHO_sBM_cAll_d20_mHO5_ch05:0.645856;gHO_sBM_cAll_d21_mHO5_ch02:0.645597;gHO_sBM_cAll_d20_mHO5_ch04:0.644977;gHO_sBM_cAll_d21_mHO5_ch04:0.642898,Electronic---Techno:0.319059;Electronic---Electro:0.210035;Electronic---Deep Techno:0.107326;Electronic---Ambient:0.106702;Electronic---Synthwave:0.098299,PO:v1:k0:r1,,JB3,0.674896,gHO_sBM_cAll_d20_mHO5_ch10,0.666988,120.967742
14.904000,14.925327400,,hermite,loading,,6.217248937900877e-15,7.612957883143931e-14,4.495270369094512e-13,1,1.0,1,gPO_sBM_cAll_d12_mPO3_ch02,,,14.296000,gHO_sBM_cAll_d20_mHO5_ch10;gHO_sBM_cAll_d21_mHO5_ch10;gHO_sBM_cAll_d20_mHO5_ch06;gHO_sBM_cAll_d21_mHO5_ch09;gHO_sBM_cAll_d21_mHO5_ch03,13.395106,113,,,,0.547763141,0.216061185,0.000000,motion_end,0.216061185,0.077234,0.128347,0.034431,0.000000,0.087300,0.000000,4.270833,0.350000,beat-sync,1.600000,0.940860,,0.184160514,0.193569026,left_wrist_yaw,1.251857982,left_wrist_yaw,0.193569026,left_wrist_yaw,1.109921253,left_wrist_yaw,-0.433120,0.306653,0.873927,1.185304,0.000000000,0.000000000,0.000000000,0.000848661,0.000711361,0.006492620,14.776000,0.000000000,0.000000000,,26.789628,14.026788,1055.929589,,0.008855714,0,1,0,7,gPO_sBM_cAll_d10_mPO0_ch01;gPO_sBM_cAll_d11_mPO0_ch01;gPO_sBM_cAll_d11_mPO0_ch02;gPO_sBM_cAll_d10_mPO0_ch02;gPO_sBM_cAll_d12_mPO3_ch02;gHO_sBM_cAll_d20_mHO5_ch10;gHO_sBM_cAll_d21_mHO5_ch10,,50.761800,663.545200,56.774000,1536.611500,accepted,0.951487,,0.911794,0.248160962,32.281708,0.106702,HO,0.850443,0.005774,0.002792,JB3:0.674896;JB5:0.669122;JB1:0.656030;LO4:0.618615;JB2:0.609021,gHO_sBM_cAll_d20_mHO5_ch10:0.666988;gHO_sBM_cAll_d21_mHO5_ch10:0.664196;gHO_sBM_cAll_d20_mHO5_ch06:0.664093;gHO_sBM_cAll_d21_mHO5_ch09:0.663010;gHO_sBM_cAll_d21_mHO5_ch03:0.656268;gHO_sBM_cAll_d21_mHO5_ch05:0.649037;gHO_sBM_cAll_d20_mHO5_ch05:0.645856;gHO_sBM_cAll_d21_mHO5_ch02:0.645597;gHO_sBM_cAll_d20_mHO5_ch04:0.644977;gHO_sBM_cAll_d21_mHO5_ch04:0.642898,Electronic---Techno:0.319059;Electronic---Electro:0.210035;Electronic---Deep Techno:0.107326;Electronic---Ambient:0.106702;Electronic---Synthwave:0.098299,PO:v1:k0:r1,,JB3,0.674896,gHO_sBM_cAll_d20_mHO5_ch10,0.666988,120.967742
14.968000,14.980735800,,hermite,loading,,6.217248937900877e-15,7.612957883143931e-14,4.495270369094512e-13,0,1.0,1,gPO_sBM_cAll_d12_mPO3_ch02,,,14.296000,gHO_sBM_cAll_d20_mHO5_ch10;gHO_sBM_cAll_d21_mHO5_ch10;gHO_sBM_cAll_d20_mHO5_ch06;gHO_sBM_cAll_d21_mHO5_ch09;gHO_sBM_cAll_d21_mHO5_ch03,13.395106,113,,,,0.558494564,0.216061185,0.000000,motion_end,0.216061185,0.077234,0.128347,0.034431,0.000000,0.087300,0.000000,4.270833,0.350000,beat-sync,1.600000,0.940860,,0.180826840,0.129159712,left_wrist_yaw,1.517382584,left_wrist_yaw,0.129159712,left_wrist_yaw,1.701040529,left_wrist_yaw,-0.393956,0.273669,0.867302,1.029920,0.000000000,0.000000000,0.000000000,0.000848661,0.000711361,0.006492620,14.776000,0.000000000,0.000000000,,5.961214,5.052883,257.557231,,0.008840772,0,1,0,7,gPO_sBM_cAll_d10_mPO0_ch01;gPO_sBM_cAll_d11_mPO0_ch01;gPO_sBM_cAll_d11_mPO0_ch02;gPO_sBM_cAll_d10_mPO0_ch02;gPO_sBM_cAll_d12_mPO3_ch02;gHO_sBM_cAll_d20_mHO5_ch10;gHO_sBM_cAll_d21_mHO5_ch10,,50.761800,663.545200,56.774000,1536.611500,accepted,0.951487,,0.911794,0.248160962,32.281708,0.106702,HO,0.850443,0.005774,0.002792,JB3:0.674896;JB5:0.669122;JB1:0.656030;LO4:0.618615;JB2:0.609021,gHO_sBM_cAll_d20_mHO5_ch10:0.666988;gHO_sBM_cAll_d21_mHO5_ch10:0.664196;gHO_sBM_cAll_d20_mHO5_ch06:0.664093;gHO_sBM_cAll_d21_mHO5_ch09:0.663010;gHO_sBM_cAll_d21_mHO5_ch03:0.656268;gHO_sBM_cAll_d21_mHO5_ch05:0.649037;gHO_sBM_cAll_d20_mHO5_ch05:0.645856;gHO_sBM_cAll_d21_mHO5_ch02:0.645597;gHO_sBM_cAll_d20_mHO5_ch04:0.644977;gHO_sBM_cAll_d21_mHO5_ch04:0.642898,Electronic---Techno:0.319059;Electronic---Electro:0.210035;Electronic---Deep Techno:0.107326;Electronic---Ambient:0.106702;Electronic---Synthwave:0.098299,PO:v1:k0:r1,,JB3,0.674896,gHO_sBM_cAll_d20_mHO5_ch10,0.666988,120.967742
15.000000,15.014888200,,hermite,loading,,6.217248937900877e-15,7.612957883143931e-14,4.495270369094512e-13,0,1.0,1,gPO_sBM_cAll_d12_mPO3_ch02,,,14.296000,gHO_sBM_cAll_d20_mHO5_ch10;gHO_sBM_cAll_d21_mHO5_ch10;gHO_sBM_cAll_d20_mHO5_ch06;gHO_sBM_cAll_d21_mHO5_ch09;gHO_sBM_cAll_d21_mHO5_ch03,13.395106,113,,,,0.564596089,0.216061185,0.000000,motion_end,0.216061185,0.077234,0.128347,0.034431,0.000000,0.087300,0.000000,4.270833,0.350000,beat-sync,1.600000,0.940860,,0.178814657,0.074741302,left_wrist_yaw,1.977092328,left_wrist_yaw,0.074741302,left_wrist_yaw,2.718818693,left_wrist_yaw,-0.379026,0.261057,0.877622,0.950982,0.000000000,0.000000000,0.000000000,0.000848661,0.000711361,0.006492620,14.776000,0.000000000,0.000000000,,9.222515,7.650061,301.437826,,0.008821605,0,1,0,7,gPO_sBM_cAll_d10_mPO0_ch01;gPO_sBM_cAll_d11_mPO0_ch01;gPO_sBM_cAll_d11_mPO0_ch02;gPO_sBM_cAll_d10_mPO0_ch02;gPO_sBM_cAll_d12_mPO3_ch02;gHO_sBM_cAll_d20_mHO5_ch10;gHO_sBM_cAll_d21_mHO5_ch10,,50.761800,663.545200,56.774000,1536.611500,accepted,0.951487,,0.911794,0.248160962,32.281708,0.106702,HO,0.850443,0.005774,0.002792,JB3:0.674896;JB5:0.669122;JB1:0.656030;LO4:0.618615;JB2:0.609021,gHO_sBM_cAll_d20_mHO5_ch10:0.666988;gHO_sBM_cAll_d21_mHO5_ch10:0.664196;gHO_sBM_cAll_d20_mHO5_ch06:0.664093;gHO_sBM_cAll_d21_mHO5_ch09:0.663010;gHO_sBM_cAll_d21_mHO5_ch03:0.656268;gHO_sBM_cAll_d21_mHO5_ch05:0.649037;gHO_sBM_cAll_d20_mHO5_ch05:0.645856;gHO_sBM_cAll_d21_mHO5_ch02:0.645597;gHO_sBM_cAll_d20_mHO5_ch04:0.644977;gHO_sBM_cAll_d21_mHO5_ch04:0.642898,Electronic---Techno:0.319059;Electronic---Electro:0.210035;Electronic---Deep Techno:0.107326;Electronic---Ambient:0.106702;Electronic---Synthwave:0.098299,PO:v1:k0:r1,,JB3,0.674896,gHO_sBM_cAll_d20_mHO5_ch10,0.666988,120.967742
15.064000,15.082720800,,hermite,loading,,6.217248937900877e-15,7.612957883143931e-14,4.495270369094512e-13,1,1.0,1,gPO_sBM_cAll_d12_mPO3_ch02,,,14.296000,gHO_sBM_cAll_d20_mHO5_ch10;gHO_sBM_cAll_d21_mHO5_ch10;gHO_sBM_cAll_d20_mHO5_ch06;gHO_sBM_cAll_d21_mHO5_ch09;gHO_sBM_cAll_d21_mHO5_ch03,13.395106,113,,,,0.577082257,0.216061185,0.000000,motion_end,0.216061185,0.077234,0.128347,0.034431,0.000000,0.087300,0.000000,4.270833,0.350000,beat-sync,1.600000,0.940860,,0.174486750,0.041723226,right_wrist_yaw,1.822841601,left_wrist_yaw,0.041723226,right_wrist_yaw,2.249055638,left_wrist_yaw,-0.375769,0.251678,0.897819,0.881954,0.000000000,0.000000000,0.000000000,0.000848661,0.000711361,0.006492620,14.776000,0.000000000,0.000000000,,16.279836,12.341327,242.786971,left_shoulder_roll,0.008806882,0,1,0,8,gPO_sBM_cAll_d10_mPO0_ch01;gPO_sBM_cAll_d11_mPO0_ch01;gPO_sBM_cAll_d11_mPO0_ch02;gPO_sBM_cAll_d10_mPO0_ch02;gPO_sBM_cAll_d12_mPO3_ch02;gHO_sBM_cAll_d20_mHO5_ch10;gHO_sBM_cAll_d21_mHO5_ch10;gHO_sBM_cAll_d20_mHO5_ch06,,46.432300,645.308400,53.585600,2289.092300,accepted,0.951487,,0.911794,0.248160962,32.281708,0.106702,HO,0.850443,0.005774,0.002792,JB3:0.674896;JB5:0.669122;JB1:0.656030;LO4:0.618615;JB2:0.609021,gHO_sBM_cAll_d20_mHO5_ch10:0.666988;gHO_sBM_cAll_d21_mHO5_ch10:0.664196;gHO_sBM_cAll_d20_mHO5_ch06:0.664093;gHO_sBM_cAll_d21_mHO5_ch09:0.663010;gHO_sBM_cAll_d21_mHO5_ch03:0.656268;gHO_sBM_cAll_d21_mHO5_ch05:0.649037;gHO_sBM_cAll_d20_mHO5_ch05:0.645856;gHO_sBM_cAll_d21_mHO5_ch02:0.645597;gHO_sBM_cAll_d20_mHO5_ch04:0.644977;gHO_sBM_cAll_d21_mHO5_ch04:0.642898,Electronic---Techno:0.319059;Electronic---Electro:0.210035;Electronic---Deep Techno:0.107326;Electronic---Ambient:0.106702;Electronic---Synthwave:0.098299,PO:v1:k0:r1,,JB3,0.674896,gHO_sBM_cAll_d20_mHO5_ch10,0.666988,120.967742
15.128000,15.139248100,,hermite,loading,,6.217248937900877e-15,7.612957883143931e-14,4.495270369094512e-13,0,1.0,1,gPO_sBM_cAll_d12_mPO3_ch02,,,14.296000,gHO_sBM_cAll_d20_mHO5_ch10;gHO_sBM_cAll_d21_mHO5_ch10;gHO_sBM_cAll_d20_mHO5_ch06;gHO_sBM_cAll_d21_mHO5_ch09;gHO_sBM_cAll_d21_mHO5_ch03,13.395106,113,,,,0.587539979,0.216061185,0.000000,motion_end,0.216061185,0.077234,0.128347,0.034431,0.000000,0.087300,0.000000,4.270833,0.350000,beat-sync,1.600000,0.940860,,0.170697289,0.098987580,right_wrist_yaw,3.964848169,right_wrist_yaw,0.098987580,right_wrist_yaw,6.831751833,right_wrist_yaw,-0.375733,0.255543,0.885979,0.682868,0.000000000,0.000000000,0.000000000,0.000848661,0.000711361,0.006492620,14.776000,0.000000000,0.000000000,,15.567566,12.030716,779.743174,,0.008829367,0,1,0,8,gPO_sBM_cAll_d10_mPO0_ch01;gPO_sBM_cAll_d11_mPO0_ch01;gPO_sBM_cAll_d11_mPO0_ch02;gPO_sBM_cAll_d10_mPO0_ch02;gPO_sBM_cAll_d12_mPO3_ch02;gHO_sBM_cAll_d20_mHO5_ch10;gHO_sBM_cAll_d21_mHO5_ch10;gHO_sBM_cAll_d20_mHO5_ch06,,46.432300,645.308400,53.585600,2289.092300,accepted,0.951487,,0.911794,0.248160962,32.281708,0.106702,HO,0.850443,0.005774,0.002792,JB3:0.674896;JB5:0.669122;JB1:0.656030;LO4:0.618615;JB2:0.609021,gHO_sBM_cAll_d20_mHO5_ch10:0.666988;gHO_sBM_cAll_d21_mHO5_ch10:0.664196;gHO_sBM_cAll_d20_mHO5_ch06:0.664093;gHO_sBM_cAll_d21_mHO5_ch09:0.663010;gHO_sBM_cAll_d21_mHO5_ch03:0.656268;gHO_sBM_cAll_d21_mHO5_ch05:0.649037;gHO_sBM_cAll_d20_mHO5_ch05:0.645856;gHO_sBM_cAll_d21_mHO5_ch02:0.645597;gHO_sBM_cAll_d20_mHO5_ch04:0.644977;gHO_sBM_cAll_d21_mHO5_ch04:0.642898,Electronic---Techno:0.319059;Electronic---Electro:0.210035;Electronic---Deep Techno:0.107326;Electronic---Ambient:0.106702;Electronic---Synthwave:0.098299,PO:v1:k0:r1,,JB3,0.674896,gHO_sBM_cAll_d20_mHO5_ch10,0.666988,120.967742
15.160000,15.172612000,,hermite,loading,,6.217248937900877e-15,7.612957883143931e-14,4.495270369094512e-13,0,1.0,1,gPO_sBM_cAll_d12_mPO3_ch02,,,14.296000,gHO_sBM_cAll_d20_mHO5_ch10;gHO_sBM_cAll_d21_mHO5_ch10;gHO_sBM_cAll_d20_mHO5_ch06;gHO_sBM_cAll_d21_mHO5_ch09;gHO_sBM_cAll_d21_mHO5_ch03,13.395106,113,,,,0.593687375,0.216061185,0.000000,motion_end,0.216061185,0.077234,0.128347,0.034431,0.000000,0.087300,0.000000,4.270833,0.350000,beat-sync,1.600000,0.940860,,0.168413326,0.275545940,right_wrist_yaw,6.762114164,right_wrist_yaw,0.275545940,right_wrist_yaw,8.297887110,right_wrist_yaw,-0.379640,0.259614,0.883968,0.558906,0.000000000,0.000000000,0.000000000,0.000848661,0.000711361,0.006492620,14.776000,0.000000000,0.000000000,,13.522262,11.392413,534.964575,,0.008810410,0,1,0,8,gPO_sBM_cAll_d10_mPO0_ch01;gPO_sBM_cAll_d11_mPO0_ch01;gPO_sBM_cAll_d11_mPO0_ch02;gPO_sBM_cAll_d10_mPO0_ch02;gPO_sBM_cAll_d12_mPO3_ch02;gHO_sBM_cAll_d20_mHO5_ch10;gHO_sBM_cAll_d21_mHO5_ch10;gHO_sBM_cAll_d20_mHO5_ch06,,46.432300,645.308400,53.585600,2289.092300,accepted,0.951487,,0.911794,0.248160962,32.281708,0.106702,HO,0.850443,0.005774,0.002792,JB3:0.674896;JB5:0.669122;JB1:0.656030;LO4:0.618615;JB2:0.609021,gHO_sBM_cAll_d20_mHO5_ch10:0.666988;gHO_sBM_cAll_d21_mHO5_ch10:0.664196;gHO_sBM_cAll_d20_mHO5_ch06:0.664093;gHO_sBM_cAll_d21_mHO5_ch09:0.663010;gHO_sBM_cAll_d21_mHO5_ch03:0.656268;gHO_sBM_cAll_d21_mHO5_ch05:0.649037;gHO_sBM_cAll_d20_mHO5_ch05:0.645856;gHO_sBM_cAll_d21_mHO5_ch02:0.645597;gHO_sBM_cAll_d20_mHO5_ch04:0.644977;gHO_sBM_cAll_d21_mHO5_ch04:0.642898,Electronic---Techno:0.319059;Electronic---Electro:0.210035;Electronic---Deep Techno:0.107326;Electronic---Ambient:0.106702;Electronic---Synthwave:0.098299,PO:v1:k0:r1,,JB3,0.674896,gHO_sBM_cAll_d20_mHO5_ch10,0.666988,120.967742
15.224000,15.230491200,,hermite,loading,,6.217248937900877e-15,7.612957883143931e-14,4.495270369094512e-13,1,1.0,1,gPO_sBM_cAll_d12_mPO3_ch02,,,14.296000,gHO_sBM_cAll_d20_mHO5_ch10;gHO_sBM_cAll_d21_mHO5_ch10;gHO_sBM_cAll_d20_mHO5_ch06;gHO_sBM_cAll_d21_mHO5_ch09;gHO_sBM_cAll_d21_mHO5_ch03,13.395106,113,,,,0.604324615,0.216061185,0.000000,motion_end,0.216061185,0.077234,0.128347,0.034431,0.000000,0.087300,0.000000,4.270833,0.350000,beat-sync,1.600000,0.940860,,0.164382903,0.383212856,right_wrist_yaw,2.510436611,right_wrist_roll,0.383212856,right_wrist_yaw,3.309703538,right_wrist_roll,-0.394227,0.270679,0.879215,0.351836,0.000000000,0.000000000,0.000000000,0.000848661,0.000711361,0.006492620,14.776000,0.000000000,0.000000000,,23.357177,13.297710,579.814079,right_elbow;right_shoulder_pitch;right_shoulder_yaw,0.008924949,0,1,0,8,gPO_sBM_cAll_d10_mPO0_ch01;gPO_sBM_cAll_d11_mPO0_ch01;gPO_sBM_cAll_d11_mPO0_ch02;gPO_sBM_cAll_d10_mPO0_ch02;gPO_sBM_cAll_d12_mPO3_ch02;gHO_sBM_cAll_d20_mHO5_ch10;gHO_sBM_cAll_d21_mHO5_ch10;gHO_sBM_cAll_d20_mHO5_ch06,,46.432300,645.308400,53.585600,2289.092300,accepted,0.951487,,0.911794,0.248160962,32.281708,0.106702,HO,0.850443,0.005774,0.002792,JB3:0.674896;JB5:0.669122;JB1:0.656030;LO4:0.618615;JB2:0.609021,gHO_sBM_cAll_d20_mHO5_ch10:0.666988;gHO_sBM_cAll_d21_mHO5_ch10:0.664196;gHO_sBM_cAll_d20_mHO5_ch06:0.664093;gHO_sBM_cAll_d21_mHO5_ch09:0.663010;gHO_sBM_cAll_d21_mHO5_ch03:0.656268;gHO_sBM_cAll_d21_mHO5_ch05:0.649037;gHO_sBM_cAll_d20_mHO5_ch05:0.645856;gHO_sBM_cAll_d21_mHO5_ch02:0.645597;gHO_sBM_cAll_d20_mHO5_ch04:0.644977;gHO_sBM_cAll_d21_mHO5_ch04:0.642898,Electronic---Techno:0.319059;Electronic---Electro:0.210035;Electronic---Deep Techno:0.107326;Electronic---Ambient:0.106702;Electronic---Synthwave:0.098299,PO:v1:k0:r1,,JB3,0.674896,gHO_sBM_cAll_d20_mHO5_ch10,0.666988,120.967742
15.256000,15.264121500,,hermite,loading,,6.217248937900877e-15,7.612957883143931e-14,4.495270369094512e-13,1,1.0,1,gPO_sBM_cAll_d12_mPO3_ch02,,,14.296000,gHO_sBM_cAll_d20_mHO5_ch10;gHO_sBM_cAll_d21_mHO5_ch10;gHO_sBM_cAll_d20_mHO5_ch06;gHO_sBM_cAll_d21_mHO5_ch09;gHO_sBM_cAll_d21_mHO5_ch03,13.395106,113,,,,0.610442954,0.216061185,0.000000,motion_end,0.216061185,0.077234,0.128347,0.034431,0.000000,0.087300,0.000000,4.270833,0.350000,beat-sync,1.600000,0.940860,,0.162027320,0.259786524,left_wrist_yaw,5.465042920,right_wrist_yaw,0.259786524,left_wrist_yaw,8.798520959,right_wrist_yaw,-0.394683,0.277393,0.867693,0.287191,0.000000000,0.000000000,0.000000000,0.000848661,0.000711361,0.006492620,14.776000,0.000000000,0.000000000,,36.538617,12.759032,406.783951,right_elbow;right_shoulder_pitch;right_shoulder_yaw,0.009071505,0,1,0,8,gPO_sBM_cAll_d10_mPO0_ch01;gPO_sBM_cAll_d11_mPO0_ch01;gPO_sBM_cAll_d11_mPO0_ch02;gPO_sBM_cAll_d10_mPO0_ch02;gPO_sBM_cAll_d12_mPO3_ch02;gHO_sBM_cAll_d20_mHO5_ch10;gHO_sBM_cAll_d21_mHO5_ch10;gHO_sBM_cAll_d20_mHO5_ch06,,46.432300,645.308400,53.585600,2289.092300,accepted,0.951487,,0.911794,0.248160962,32.281708,0.106702,HO,0.850443,0.005774,0.002792,JB3:0.674896;JB5:0.669122;JB1:0.656030;LO4:0.618615;JB2:0.609021,gHO_sBM_cAll_d20_mHO5_ch10:0.666988;gHO_sBM_cAll_d21_mHO5_ch10:0.664196;gHO_sBM_cAll_d20_mHO5_ch06:0.664093;gHO_sBM_cAll_d21_mHO5_ch09:0.663010;gHO_sBM_cAll_d21_mHO5_ch03:0.656268;gHO_sBM_cAll_d21_mHO5_ch05:0.649037;gHO_sBM_cAll_d20_mHO5_ch05:0.645856;gHO_sBM_cAll_d21_mHO5_ch02:0.645597;gHO_sBM_cAll_d20_mHO5_ch04:0.644977;gHO_sBM_cAll_d21_mHO5_ch04:0.642898,Electronic---Techno:0.319059;Electronic---Electro:0.210035;Electronic---Deep Techno:0.107326;Electronic---Ambient:0.106702;Electronic---Synthwave:0.098299,PO:v1:k0:r1,,JB3,0.674896,gHO_sBM_cAll_d20_mHO5_ch10,0.666988,120.967742
15.320000,15.343294400,,hermite,loading,,6.217248937900877e-15,7.612957883143931e-14,4.495270369094512e-13,0,1.0,1,gPO_sBM_cAll_d12_mPO3_ch02,,,14.296000,gHO_sBM_cAll_d20_mHO5_ch10;gHO_sBM_cAll_d21_mHO5_ch10;gHO_sBM_cAll_d20_mHO5_ch06;gHO_sBM_cAll_d21_mHO5_ch09;gHO_sBM_cAll_d21_mHO5_ch03,13.395106,113,,,,0.624264109,0.216061185,0.000000,motion_end,0.216061185,0.077234,0.128347,0.034431,0.000000,0.087300,0.000000,4.270833,0.350000,beat-sync,1.600000,1.139323,,0.190296432,0.158341043,right_wrist_roll,2.638802753,left_wrist_yaw,0.158341043,right_wrist_roll,2.106102130,left_wrist_yaw,-0.371317,0.270849,0.856484,0.268699,0.000000000,0.000000000,0.000000000,0.000848661,0.000711361,0.006492620,15.288000,0.000000000,0.000000000,,2.965079,2.620597,204.366078,,0.009174648,0,1,0,8,gPO_sBM_cAll_d10_mPO0_ch01;gPO_sBM_cAll_d11_mPO0_ch01;gPO_sBM_cAll_d11_mPO0_ch02;gPO_sBM_cAll_d10_mPO0_ch02;gPO_sBM_cAll_d12_mPO3_ch02;gHO_sBM_cAll_d20_mHO5_ch10;gHO_sBM_cAll_d21_mHO5_ch10;gHO_sBM_cAll_d20_mHO5_ch06,,46.432300,645.308400,53.585600,2289.092300,accepted,0.951487,,0.911794,0.248160962,32.281708,0.106702,HO,0.850443,0.005774,0.002792,JB3:0.674896;JB5:0.669122;JB1:0.656030;LO4:0.618615;JB2:0.609021,gHO_sBM_cAll_d20_mHO5_ch10:0.666988;gHO_sBM_cAll_d21_mHO5_ch10:0.664196;gHO_sBM_cAll_d20_mHO5_ch06:0.664093;gHO_sBM_cAll_d21_mHO5_ch09:0.663010;gHO_sBM_cAll_d21_mHO5_ch03:0.656268;gHO_sBM_cAll_d21_mHO5_ch05:0.649037;gHO_sBM_cAll_d20_mHO5_ch05:0.645856;gHO_sBM_cAll_d21_mHO5_ch02:0.645597;gHO_sBM_cAll_d20_mHO5_ch04:0.644977;gHO_sBM_cAll_d21_mHO5_ch04:0.642898,Electronic---Techno:0.319059;Electronic---Electro:0.210035;Electronic---Deep Techno:0.107326;Electronic---Ambient:0.106702;Electronic---Synthwave:0.098299,PO:v1:k0:r1,,JB3,0.674896,gHO_sBM_cAll_d20_mHO5_ch10,0.666988,120.967742
15.352000,15.374226700,,hermite,loading,,6.217248937900877e-15,7.612957883143931e-14,4.495270369094512e-13,0,1.0,1,gPO_sBM_cAll_d12_mPO3_ch02,,,14.296000,gHO_sBM_cAll_d20_mHO5_ch10;gHO_sBM_cAll_d21_mHO5_ch10;gHO_sBM_cAll_d20_mHO5_ch06;gHO_sBM_cAll_d21_mHO5_ch09;gHO_sBM_cAll_d21_mHO5_ch03,13.395106,113,,,,0.630541756,0.216061185,0.000000,motion_end,0.216061185,0.077234,0.128347,0.034431,0.000000,0.087300,0.000000,4.270833,0.350000,beat-sync,1.600000,1.139323,,0.187938688,0.077156564,right_wrist_roll,3.453111204,left_wrist_yaw,0.077156564,right_wrist_roll,3.798551475,left_wrist_yaw,-0.353016,0.257345,0.866914,0.220371,0.000000000,0.000000000,0.000000000,0.000848661,0.000711361,0.006492620,15.288000,0.000000000,0.000000000,,6.370813,4.960235,246.693844,,0.009191748,0,1,0,8,gPO_sBM_cAll_d10_mPO0_ch01;gPO_sBM_cAll_d11_mPO0_ch01;gPO_sBM_cAll_d11_mPO0_ch02;gPO_sBM_cAll_d10_mPO0_ch02;gPO_sBM_cAll_d12_mPO3_ch02;gHO_sBM_cAll_d20_mHO5_ch10;gHO_sBM_cAll_d21_mHO5_ch10;gHO_sBM_cAll_d20_mHO5_ch06,,46.432300,645.308400,53.585600,2289.092300,accepted,0.951487,,0.911794,0.248160962,32.281708,0.106702,HO,0.850443,0.005774,0.002792,JB3:0.674896;JB5:0.669122;JB1:0.656030;LO4:0.618615;JB2:0.609021,gHO_sBM_cAll_d20_mHO5_ch10:0.666988;gHO_sBM_cAll_d21_mHO5_ch10:0.664196;gHO_sBM_cAll_d20_mHO5_ch06:0.664093;gHO_sBM_cAll_d21_mHO5_ch09:0.663010;gHO_sBM_cAll_d21_mHO5_ch03:0.656268;gHO_sBM_cAll_d21_mHO5_ch05:0.649037;gHO_sBM_cAll_d20_mHO5_ch05:0.645856;gHO_sBM_cAll_d21_mHO5_ch02:0.645597;gHO_sBM_cAll_d20_mHO5_ch04:0.644977;gHO_sBM_cAll_d21_mHO5_ch04:0.642898,Electronic---Techno:0.319059;Electronic---Electro:0.210035;Electronic---Deep Techno:0.107326;Electronic---Ambient:0.106702;Electronic---Synthwave:0.098299,PO:v1:k0:r1,,JB3,0.674896,gHO_sBM_cAll_d20_mHO5_ch10,0.666988,120.967742
15.352000,15.397883100,beat_limiter_result,hermite,loading,,6.217248937900877e-15,7.612957883143931e-14,4.495270369094512e-13,0,1.0,1,gPO_sBM_cAll_d12_mPO3_ch02,,,14.296000,gHO_sBM_cAll_d20_mHO5_ch10;gHO_sBM_cAll_d21_mHO5_ch10;gHO_sBM_cAll_d20_mHO5_ch06;gHO_sBM_cAll_d21_mHO5_ch09;gHO_sBM_cAll_d21_mHO5_ch03,13.395106,113,,,,0.634952947,0.216061185,0.000000,motion_end,0.216061185,0.077234,0.128347,0.034431,0.000000,0.087300,0.000000,4.270833,0.350000,beat-sync,1.600000,1.139323,,0.186329944,0.118902843,right_wrist_yaw,1.928121932,right_wrist_roll,0.118902843,right_wrist_yaw,2.474235104,right_wrist_roll,-0.334650,0.247820,0.882074,0.195219,0.000000000,0.000000000,0.000000000,0.000848661,0.000711361,0.006492620,15.288000,0.000000000,0.000000000,,11.765827,9.395647,302.197393,,0.009177157,0,1,0,8,gPO_sBM_cAll_d10_mPO0_ch01;gPO_sBM_cAll_d11_mPO0_ch01;gPO_sBM_cAll_d11_mPO0_ch02;gPO_sBM_cAll_d10_mPO0_ch02;gPO_sBM_cAll_d12_mPO3_ch02;gHO_sBM_cAll_d20_mHO5_ch10;gHO_sBM_cAll_d21_mHO5_ch10;gHO_sBM_cAll_d20_mHO5_ch06,,46.432300,645.308400,53.585600,2289.092300,accepted,0.951487,,0.911794,0.248160962,32.281708,0.106702,HO,0.850443,0.005774,0.002792,JB3:0.674896;JB5:0.669122;JB1:0.656030;LO4:0.618615;JB2:0.609021,gHO_sBM_cAll_d20_mHO5_ch10:0.666988;gHO_sBM_cAll_d21_mHO5_ch10:0.664196;gHO_sBM_cAll_d20_mHO5_ch06:0.664093;gHO_sBM_cAll_d21_mHO5_ch09:0.663010;gHO_sBM_cAll_d21_mHO5_ch03:0.656268;gHO_sBM_cAll_d21_mHO5_ch05:0.649037;gHO_sBM_cAll_d20_mHO5_ch05:0.645856;gHO_sBM_cAll_d21_mHO5_ch02:0.645597;gHO_sBM_cAll_d20_mHO5_ch04:0.644977;gHO_sBM_cAll_d21_mHO5_ch04:0.642898,Electronic---Techno:0.319059;Electronic---Electro:0.210035;Electronic---Deep Techno:0.107326;Electronic---Ambient:0.106702;Electronic---Synthwave:0.098299,PO:v1:k0:r1,,JB3,0.674896,gHO_sBM_cAll_d20_mHO5_ch10,0.666988,120.967742
15.416000,15.439657700,,hermite,loading,,6.217248937900877e-15,7.612957883143931e-14,4.495270369094512e-13,0,1.0,1,gPO_sBM_cAll_d12_mPO3_ch02,,,14.296000,gHO_sBM_cAll_d20_mHO5_ch10;gHO_sBM_cAll_d21_mHO5_ch10;gHO_sBM_cAll_d20_mHO5_ch06;gHO_sBM_cAll_d21_mHO5_ch09;gHO_sBM_cAll_d21_mHO5_ch03,13.395106,113,,,,0.642588930,0.216061185,0.000000,motion_end,0.216061185,0.077234,0.128347,0.034431,0.000000,0.087300,0.000000,4.270833,0.350000,beat-sync,1.600000,1.139323,,0.183626842,0.132221099,right_wrist_yaw,1.437086835,right_wrist_yaw,0.132221099,right_wrist_yaw,2.115216920,right_wrist_yaw,-0.299860,0.225324,0.918153,0.122356,0.000000000,0.000000000,0.000000000,0.000848661,0.000711361,0.006492620,15.288000,0.000000000,0.000000000,,14.786874,11.992729,267.454085,,0.009152943,0,1,0,8,gPO_sBM_cAll_d10_mPO0_ch01;gPO_sBM_cAll_d11_mPO0_ch01;gPO_sBM_cAll_d11_mPO0_ch02;gPO_sBM_cAll_d10_mPO0_ch02;gPO_sBM_cAll_d12_mPO3_ch02;gHO_sBM_cAll_d20_mHO5_ch10;gHO_sBM_cAll_d21_mHO5_ch10;gHO_sBM_cAll_d20_mHO5_ch06,,46.432300,645.308400,53.585600,2289.092300,accepted,0.951487,,0.911794,0.248160962,32.281708,0.106702,HO,0.850443,0.005774,0.002792,JB3:0.674896;JB5:0.669122;JB1:0.656030;LO4:0.618615;JB2:0.609021,gHO_sBM_cAll_d20_mHO5_ch10:0.666988;gHO_sBM_cAll_d21_mHO5_ch10:0.664196;gHO_sBM_cAll_d20_mHO5_ch06:0.664093;gHO_sBM_cAll_d21_mHO5_ch09:0.663010;gHO_sBM_cAll_d21_mHO5_ch03:0.656268;gHO_sBM_cAll_d21_mHO5_ch05:0.649037;gHO_sBM_cAll_d20_mHO5_ch05:0.645856;gHO_sBM_cAll_d21_mHO5_ch02:0.645597;gHO_sBM_cAll_d20_mHO5_ch04:0.644977;gHO_sBM_cAll_d21_mHO5_ch04:0.642898,Electronic---Techno:0.319059;Electronic---Electro:0.210035;Electronic---Deep Techno:0.107326;Electronic---Ambient:0.106702;Electronic---Synthwave:0.098299,PO:v1:k0:r1,,JB3,0.674896,gHO_sBM_cAll_d20_mHO5_ch10,0.666988,120.967742
15.480000,15.497785600,,hermite,loading,,6.217248937900877e-15,7.612957883143931e-14,4.495270369094512e-13,0,1.0,1,gPO_sBM_cAll_d12_mPO3_ch02,,,14.296000,gHO_sBM_cAll_d20_mHO5_ch10;gHO_sBM_cAll_d21_mHO5_ch10;gHO_sBM_cAll_d20_mHO5_ch06;gHO_sBM_cAll_d21_mHO5_ch09;gHO_sBM_cAll_d21_mHO5_ch03,13.395106,113,,,,0.653334286,0.216061185,0.000000,motion_end,0.216061185,0.077234,0.128347,0.034431,0.000000,0.087300,0.000000,4.270833,0.350000,beat-sync,1.600000,1.139323,,0.179967914,0.062661817,right_wrist_yaw,0.916948936,right_wrist_yaw,0.062661817,right_wrist_yaw,1.089131990,right_wrist_yaw,-0.238885,0.183826,0.955312,-0.046443,0.000000000,0.000000000,0.000000000,0.000848661,0.000711361,0.006492620,15.288000,0.000000000,0.000000000,,15.924199,13.374825,261.520324,,0.009119257,0,1,0,8,gPO_sBM_cAll_d10_mPO0_ch01;gPO_sBM_cAll_d11_mPO0_ch01;gPO_sBM_cAll_d11_mPO0_ch02;gPO_sBM_cAll_d10_mPO0_ch02;gPO_sBM_cAll_d12_mPO3_ch02;gHO_sBM_cAll_d20_mHO5_ch10;gHO_sBM_cAll_d21_mHO5_ch10;gHO_sBM_cAll_d20_mHO5_ch06,,46.432300,645.308400,53.585600,2289.092300,accepted,0.951487,,0.911794,0.248160962,32.281708,0.106702,HO,0.850443,0.005774,0.002792,JB3:0.674896;JB5:0.669122;JB1:0.656030;LO4:0.618615;JB2:0.609021,gHO_sBM_cAll_d20_mHO5_ch10:0.666988;gHO_sBM_cAll_d21_mHO5_ch10:0.664196;gHO_sBM_cAll_d20_mHO5_ch06:0.664093;gHO_sBM_cAll_d21_mHO5_ch09:0.663010;gHO_sBM_cAll_d21_mHO5_ch03:0.656268;gHO_sBM_cAll_d21_mHO5_ch05:0.649037;gHO_sBM_cAll_d20_mHO5_ch05:0.645856;gHO_sBM_cAll_d21_mHO5_ch02:0.645597;gHO_sBM_cAll_d20_mHO5_ch04:0.644977;gHO_sBM_cAll_d21_mHO5_ch04:0.642898,Electronic---Techno:0.319059;Electronic---Electro:0.210035;Electronic---Deep Techno:0.107326;Electronic---Ambient:0.106702;Electronic---Synthwave:0.098299,PO:v1:k0:r1,,JB3,0.674896,gHO_sBM_cAll_d20_mHO5_ch10,0.666988,120.967742
15.512000,15.531376400,,hermite,loading,,6.217248937900877e-15,7.612957883143931e-14,4.495270369094512e-13,0,1.0,1,gPO_sBM_cAll_d12_mPO3_ch02,,,14.296000,gHO_sBM_cAll_d20_mHO5_ch10;gHO_sBM_cAll_d21_mHO5_ch10;gHO_sBM_cAll_d20_mHO5_ch06;gHO_sBM_cAll_d21_mHO5_ch09;gHO_sBM_cAll_d21_mHO5_ch03,13.395106,113,,,,0.659475624,0.216061185,0.000000,motion_end,0.216061185,0.077234,0.128347,0.034431,0.000000,0.087300,0.000000,4.270833,0.350000,beat-sync,1.600000,1.139323,,0.177938805,0.064386749,right_wrist_yaw,0.039074065,right_wrist_roll,0.064386749,right_wrist_yaw,0.047410085,right_wrist_roll,-0.196264,0.167180,0.957790,-0.151648,0.000000000,0.000000000,0.000000000,0.000848661,0.000711361,0.006492620,15.288000,0.000000000,0.000000000,,0.347816,0.289395,133.391179,,0.009172486,0,1,0,8,gPO_sBM_cAll_d10_mPO0_ch01;gPO_sBM_cAll_d11_mPO0_ch01;gPO_sBM_cAll_d11_mPO0_ch02;gPO_sBM_cAll_d10_mPO0_ch02;gPO_sBM_cAll_d12_mPO3_ch02;gHO_sBM_cAll_d20_mHO5_ch10;gHO_sBM_cAll_d21_mHO5_ch10;gHO_sBM_cAll_d20_mHO5_ch06,,46.432300,645.308400,53.585600,2289.092300,accepted,0.951487,,0.911794,0.248160962,32.281708,0.106702,HO,0.850443,0.005774,0.002792,JB3:0.674896;JB5:0.669122;JB1:0.656030;LO4:0.618615;JB2:0.609021,gHO_sBM_cAll_d20_mHO5_ch10:0.666988;gHO_sBM_cAll_d21_mHO5_ch10:0.664196;gHO_sBM_cAll_d20_mHO5_ch06:0.664093;gHO_sBM_cAll_d21_mHO5_ch09:0.663010;gHO_sBM_cAll_d21_mHO5_ch03:0.656268;gHO_sBM_cAll_d21_mHO5_ch05:0.649037;gHO_sBM_cAll_d20_mHO5_ch05:0.645856;gHO_sBM_cAll_d21_mHO5_ch02:0.645597;gHO_sBM_cAll_d20_mHO5_ch04:0.644977;gHO_sBM_cAll_d21_mHO5_ch04:0.642898,Electronic---Techno:0.319059;Electronic---Electro:0.210035;Electronic---Deep Techno:0.107326;Electronic---Ambient:0.106702;Electronic---Synthwave:0.098299,PO:v1:k0:r1,,JB3,0.674896,gHO_sBM_cAll_d20_mHO5_ch10,0.666988,120.967742
15.576000,15.589572300,,hermite,loading,,6.217248937900877e-15,7.612957883143931e-14,4.495270369094512e-13,0,1.0,1,gPO_sBM_cAll_d12_mPO3_ch02,,,14.296000,gHO_sBM_cAll_d20_mHO5_ch10;gHO_sBM_cAll_d21_mHO5_ch10;gHO_sBM_cAll_d20_mHO5_ch06;gHO_sBM_cAll_d21_mHO5_ch09;gHO_sBM_cAll_d21_mHO5_ch03,13.395106,113,,,,0.670183038,0.216061185,0.000000,motion_end,0.216061185,0.077234,0.128347,0.034431,0.000000,0.087300,0.000000,4.270833,0.350000,beat-sync,1.600000,1.139323,,0.174487055,0.066127272,right_wrist_yaw,0.047128730,left_wrist_roll,0.066127272,right_wrist_yaw,0.056884954,left_wrist_roll,-0.160281,0.151694,0.975219,-0.216571,0.000000000,0.000000000,0.000000000,0.000848661,0.000711361,0.006492620,15.288000,0.000000000,0.000000000,,0.228206,0.193286,22.871165,,0.009138922,0,1,0,8,gPO_sBM_cAll_d10_mPO0_ch01;gPO_sBM_cAll_d11_mPO0_ch01;gPO_sBM_cAll_d11_mPO0_ch02;gPO_sBM_cAll_d10_mPO0_ch02;gPO_sBM_cAll_d12_mPO3_ch02;gHO_sBM_cAll_d20_mHO5_ch10;gHO_sBM_cAll_d21_mHO5_ch10;gHO_sBM_cAll_d20_mHO5_ch06,,46.432300,645.308400,53.585600,2289.092300,accepted,0.951487,,0.911794,0.248160962,32.281708,0.106702,HO,0.850443,0.005774,0.002792,JB3:0.674896;JB5:0.669122;JB1:0.656030;LO4:0.618615;JB2:0.609021,gHO_sBM_cAll_d20_mHO5_ch10:0.666988;gHO_sBM_cAll_d21_mHO5_ch10:0.664196;gHO_sBM_cAll_d20_mHO5_ch06:0.664093;gHO_sBM_cAll_d21_mHO5_ch09:0.663010;gHO_sBM_cAll_d21_mHO5_ch03:0.656268;gHO_sBM_cAll_d21_mHO5_ch05:0.649037;gHO_sBM_cAll_d20_mHO5_ch05:0.645856;gHO_sBM_cAll_d21_mHO5_ch02:0.645597;gHO_sBM_cAll_d20_mHO5_ch04:0.644977;gHO_sBM_cAll_d21_mHO5_ch04:0.642898,Electronic---Techno:0.319059;Electronic---Electro:0.210035;Electronic---Deep Techno:0.107326;Electronic---Ambient:0.106702;Electronic---Synthwave:0.098299,PO:v1:k0:r1,,JB3,0.674896,gHO_sBM_cAll_d20_mHO5_ch10,0.666988,120.967742
15.608000,15.623016900,,hermite,loading,,6.217248937900877e-15,7.612957883143931e-14,4.495270369094512e-13,0,1.0,1,gPO_sBM_cAll_d12_mPO3_ch02,,,14.296000,gHO_sBM_cAll_d20_mHO5_ch10;gHO_sBM_cAll_d21_mHO5_ch10;gHO_sBM_cAll_d20_mHO5_ch06;gHO_sBM_cAll_d21_mHO5_ch09;gHO_sBM_cAll_d21_mHO5_ch03,13.395106,113,,,,0.676288051,0.216061185,0.000000,motion_end,0.216061185,0.077234,0.128347,0.034431,0.000000,0.087300,0.000000,4.270833,0.350000,beat-sync,1.600000,1.139323,,0.172559462,0.067308720,right_wrist_yaw,0.054439602,left_wrist_roll,0.067308720,right_wrist_yaw,0.058261311,left_wrist_roll,-0.147084,0.142990,0.982613,-0.199560,0.000000000,0.000000000,0.000000000,0.000848661,0.000711361,0.006492620,15.288000,0.000000000,0.000000000,,0.174672,0.151532,16.077302,,0.009119853,0,1,0,8,gPO_sBM_cAll_d10_mPO0_ch01;gPO_sBM_cAll_d11_mPO0_ch01;gPO_sBM_cAll_d11_mPO0_ch02;gPO_sBM_cAll_d10_mPO0_ch02;gPO_sBM_cAll_d12_mPO3_ch02;gHO_sBM_cAll_d20_mHO5_ch10;gHO_sBM_cAll_d21_mHO5_ch10;gHO_sBM_cAll_d20_mHO5_ch06,,46.432300,645.308400,53.585600,2289.092300,accepted,0.951487,,0.911794,0.248160962,32.281708,0.106702,HO,0.850443,0.005774,0.002792,JB3:0.674896;JB5:0.669122;JB1:0.656030;LO4:0.618615;JB2:0.609021,gHO_sBM_cAll_d20_mHO5_ch10:0.666988;gHO_sBM_cAll_d21_mHO5_ch10:0.664196;gHO_sBM_cAll_d20_mHO5_ch06:0.664093;gHO_sBM_cAll_d21_mHO5_ch09:0.663010;gHO_sBM_cAll_d21_mHO5_ch03:0.656268;gHO_sBM_cAll_d21_mHO5_ch05:0.649037;gHO_sBM_cAll_d20_mHO5_ch05:0.645856;gHO_sBM_cAll_d21_mHO5_ch02:0.645597;gHO_sBM_cAll_d20_mHO5_ch04:0.644977;gHO_sBM_cAll_d21_mHO5_ch04:0.642898,Electronic---Techno:0.319059;Electronic---Electro:0.210035;Electronic---Deep Techno:0.107326;Electronic---Ambient:0.106702;Electronic---Synthwave:0.098299,PO:v1:k0:r1,,JB3,0.674896,gHO_sBM_cAll_d20_mHO5_ch10,0.666988,120.967742
15.640000,15.672787100,match,hermite,loading,,6.217248937900877e-15,7.612957883143931e-14,4.495270369094512e-13,0,1.0,1,gPO_sBM_cAll_d12_mPO3_ch02,,,15.320000,gHO_sBM_cAll_d20_mHO5_ch10;gHO_sBM_cAll_d21_mHO5_ch10;gHO_sBM_cAll_d20_mHO5_ch06;gHO_sBM_cAll_d21_mHO5_ch09;gHO_sBM_cAll_d21_mHO5_ch03,13.395106,113,,,,0.685425158,0.216061185,0.000000,motion_end,0.216061185,0.077234,0.128347,0.034431,0.000000,0.087300,0.000000,4.270833,0.350000,beat-sync,1.600000,1.139323,,0.169718840,0.069314414,right_wrist_yaw,0.057866597,right_wrist_roll,0.069314414,right_wrist_yaw,0.112398116,right_wrist_roll,-0.128700,0.134207,0.977086,-0.231710,0.000000000,0.000000000,0.000000000,0.000848661,0.000711361,0.006492620,15.288000,0.000000000,0.000000000,,0.112398,0.086913,6.976623,,0.009091398,0,1,0,9,gPO_sBM_cAll_d10_mPO0_ch01;gPO_sBM_cAll_d11_mPO0_ch01;gPO_sBM_cAll_d11_mPO0_ch02;gPO_sBM_cAll_d10_mPO0_ch02;gPO_sBM_cAll_d12_mPO3_ch02;gHO_sBM_cAll_d20_mHO5_ch10;gHO_sBM_cAll_d21_mHO5_ch10;gHO_sBM_cAll_d20_mHO5_ch06;gHO_sBM_cAll_d21_mHO5_ch09,,45.434800,524.603600,59.254700,2913.959300,accepted,0.952790,,0.914164,0.249799396,31.856939,0.103602,HO,0.853284,0.005876,0.002765,JB3:0.675853;JB5:0.669977;JB1:0.656623;LO4:0.621840;WA4:0.610562,gHO_sBM_cAll_d20_mHO5_ch10:0.666196;gHO_sBM_cAll_d21_mHO5_ch10:0.663431;gHO_sBM_cAll_d20_mHO5_ch06:0.663314;gHO_sBM_cAll_d21_mHO5_ch09:0.662257;gHO_sBM_cAll_d21_mHO5_ch03:0.655642;gHO_sBM_cAll_d21_mHO5_ch05:0.648383;gHO_sBM_cAll_d20_mHO5_ch05:0.645154;gHO_sBM_cAll_d21_mHO5_ch02:0.645004;gHO_sBM_cAll_d20_mHO5_ch04:0.644328;gHO_sBM_cAll_d21_mHO5_ch04:0.642310,Electronic---Techno:0.307331;Electronic---Electro:0.207748;Electronic---Deep Techno:0.109927;Electronic---Ambient:0.103602;Electronic---Synthwave:0.099554,PO:v1:k0:r1,,JB3,0.675853,gHO_sBM_cAll_d20_mHO5_ch10,0.666196,120.967742
15.672000,15.682387300,,hermite,loading,,6.217248937900877e-15,7.612957883143931e-14,4.495270369094512e-13,0,1.0,1,gPO_sBM_cAll_d12_mPO3_ch02,,,15.320000,gHO_sBM_cAll_d20_mHO5_ch10;gHO_sBM_cAll_d21_mHO5_ch10;gHO_sBM_cAll_d20_mHO5_ch06;gHO_sBM_cAll_d21_mHO5_ch09;gHO_sBM_cAll_d21_mHO5_ch03,13.395106,113,,,,0.687093411,0.216061185,0.000000,motion_end,0.216061185,0.077234,0.128347,0.034431,0.000000,0.087300,0.000000,4.270833,0.350000,beat-sync,1.600000,1.139323,,0.169205243,0.069711745,right_wrist_yaw,0.068171114,left_wrist_roll,0.069711745,right_wrist_yaw,0.075233094,left_wrist_roll,-0.127275,0.133252,0.975926,-0.239307,0.000000000,0.000000000,0.000000000,0.000848661,0.000711361,0.006492620,15.288000,0.000000000,0.000000000,,0.113158,0.092157,8.801579,,0.009086673,0,1,0,9,gPO_sBM_cAll_d10_mPO0_ch01;gPO_sBM_cAll_d11_mPO0_ch01;gPO_sBM_cAll_d11_mPO0_ch02;gPO_sBM_cAll_d10_mPO0_ch02;gPO_sBM_cAll_d12_mPO3_ch02;gHO_sBM_cAll_d20_mHO5_ch10;gHO_sBM_cAll_d21_mHO5_ch10;gHO_sBM_cAll_d20_mHO5_ch06;gHO_sBM_cAll_d21_mHO5_ch09,,45.434800,524.603600,59.254700,2913.959300,accepted,0.952790,,0.914164,0.249799396,31.856939,0.103602,HO,0.853284,0.005876,0.002765,JB3:0.675853;JB5:0.669977;JB1:0.656623;LO4:0.621840;WA4:0.610562,gHO_sBM_cAll_d20_mHO5_ch10:0.666196;gHO_sBM_cAll_d21_mHO5_ch10:0.663431;gHO_sBM_cAll_d20_mHO5_ch06:0.663314;gHO_sBM_cAll_d21_mHO5_ch09:0.662257;gHO_sBM_cAll_d21_mHO5_ch03:0.655642;gHO_sBM_cAll_d21_mHO5_ch05:0.648383;gHO_sBM_cAll_d20_mHO5_ch05:0.645154;gHO_sBM_cAll_d21_mHO5_ch02:0.645004;gHO_sBM_cAll_d20_mHO5_ch04:0.644328;gHO_sBM_cAll_d21_mHO5_ch04:0.642310,Electronic---Techno:0.307331;Electronic---Electro:0.207748;Electronic---Deep Techno:0.109927;Electronic---Ambient:0.103602;Electronic---Synthwave:0.099554,PO:v1:k0:r1,,JB3,0.675853,gHO_sBM_cAll_d20_mHO5_ch10,0.666196,120.967742
15.704000,15.714438400,,hermite,loading,,6.217248937900877e-15,7.612957883143931e-14,4.495270369094512e-13,0,1.0,1,gPO_sBM_cAll_d12_mPO3_ch02,,,15.320000,gHO_sBM_cAll_d20_mHO5_ch10;gHO_sBM_cAll_d21_mHO5_ch10;gHO_sBM_cAll_d20_mHO5_ch06;gHO_sBM_cAll_d21_mHO5_ch09;gHO_sBM_cAll_d21_mHO5_ch03,13.395106,113,,,,0.693112831,0.216061185,0.000000,motion_end,0.216061185,0.077234,0.128347,0.034431,0.000000,0.087300,0.000000,4.270833,0.350000,beat-sync,1.600000,1.139323,,0.167362946,0.071229994,right_wrist_yaw,0.068229777,right_wrist_roll,0.071229994,right_wrist_yaw,0.080355787,right_wrist_roll,-0.124843,0.129719,0.972777,-0.230428,0.000000000,0.000000000,0.000000000,0.000848661,0.000711361,0.006492620,15.288000,0.000000000,0.000000000,,0.190075,0.161532,18.523615,,0.009067821,0,1,0,9,gPO_sBM_cAll_d10_mPO0_ch01;gPO_sBM_cAll_d11_mPO0_ch01;gPO_sBM_cAll_d11_mPO0_ch02;gPO_sBM_cAll_d10_mPO0_ch02;gPO_sBM_cAll_d12_mPO3_ch02;gHO_sBM_cAll_d20_mHO5_ch10;gHO_sBM_cAll_d21_mHO5_ch10;gHO_sBM_cAll_d20_mHO5_ch06;gHO_sBM_cAll_d21_mHO5_ch09,,45.434800,524.603600,59.254700,2913.959300,accepted,0.952790,,0.914164,0.249799396,31.856939,0.103602,HO,0.853284,0.005876,0.002765,JB3:0.675853;JB5:0.669977;JB1:0.656623;LO4:0.621840;WA4:0.610562,gHO_sBM_cAll_d20_mHO5_ch10:0.666196;gHO_sBM_cAll_d21_mHO5_ch10:0.663431;gHO_sBM_cAll_d20_mHO5_ch06:0.663314;gHO_sBM_cAll_d21_mHO5_ch09:0.662257;gHO_sBM_cAll_d21_mHO5_ch03:0.655642;gHO_sBM_cAll_d21_mHO5_ch05:0.648383;gHO_sBM_cAll_d20_mHO5_ch05:0.645154;gHO_sBM_cAll_d21_mHO5_ch02:0.645004;gHO_sBM_cAll_d20_mHO5_ch04:0.644328;gHO_sBM_cAll_d21_mHO5_ch04:0.642310,Electronic---Techno:0.307331;Electronic---Electro:0.207748;Electronic---Deep Techno:0.109927;Electronic---Ambient:0.103602;Electronic---Synthwave:0.099554,PO:v1:k0:r1,,JB3,0.675853,gHO_sBM_cAll_d20_mHO5_ch10,0.666196,120.967742
15.768000,15.780856300,,hermite,loading,,6.217248937900877e-15,7.612957883143931e-14,4.495270369094512e-13,0,1.0,1,gPO_sBM_cAll_d12_mPO3_ch02,,,15.320000,gHO_sBM_cAll_d20_mHO5_ch10;gHO_sBM_cAll_d21_mHO5_ch10;gHO_sBM_cAll_d20_mHO5_ch06;gHO_sBM_cAll_d21_mHO5_ch09;gHO_sBM_cAll_d21_mHO5_ch03,13.395106,113,,,,0.705337082,0.216061185,0.000000,motion_end,0.216061185,0.077234,0.128347,0.034431,0.000000,0.087300,0.000000,4.270833,0.350000,beat-sync,1.600000,0.974462,,0.180889724,0.074544830,right_wrist_yaw,0.061071872,left_wrist_roll,0.074544830,right_wrist_yaw,0.095985114,left_wrist_roll,-0.121219,0.112140,0.988915,-0.234316,0.000000000,0.000000000,0.000000000,0.000848661,0.000711361,0.006492620,15.736000,0.000000000,0.000000000,,0.232658,0.194081,29.528769,,0.009030351,0,1,0,9,gPO_sBM_cAll_d10_mPO0_ch01;gPO_sBM_cAll_d11_mPO0_ch01;gPO_sBM_cAll_d11_mPO0_ch02;gPO_sBM_cAll_d10_mPO0_ch02;gPO_sBM_cAll_d12_mPO3_ch02;gHO_sBM_cAll_d20_mHO5_ch10;gHO_sBM_cAll_d21_mHO5_ch10;gHO_sBM_cAll_d20_mHO5_ch06;gHO_sBM_cAll_d21_mHO5_ch09,,45.434800,524.603600,59.254700,2913.959300,accepted,0.952790,,0.914164,0.249799396,31.856939,0.103602,HO,0.853284,0.005876,0.002765,JB3:0.675853;JB5:0.669977;JB1:0.656623;LO4:0.621840;WA4:0.610562,gHO_sBM_cAll_d20_mHO5_ch10:0.666196;gHO_sBM_cAll_d21_mHO5_ch10:0.663431;gHO_sBM_cAll_d20_mHO5_ch06:0.663314;gHO_sBM_cAll_d21_mHO5_ch09:0.662257;gHO_sBM_cAll_d21_mHO5_ch03:0.655642;gHO_sBM_cAll_d21_mHO5_ch05:0.648383;gHO_sBM_cAll_d20_mHO5_ch05:0.645154;gHO_sBM_cAll_d21_mHO5_ch02:0.645004;gHO_sBM_cAll_d20_mHO5_ch04:0.644328;gHO_sBM_cAll_d21_mHO5_ch04:0.642310,Electronic---Techno:0.307331;Electronic---Electro:0.207748;Electronic---Deep Techno:0.109927;Electronic---Ambient:0.103602;Electronic---Synthwave:0.099554,PO:v1:k0:r1,,JB3,0.675853,gHO_sBM_cAll_d20_mHO5_ch10,0.666196,120.967742
15.800000,15.806365200,,hermite,loading,,6.217248937900877e-15,7.612957883143931e-14,4.495270369094512e-13,0,1.0,1,gPO_sBM_cAll_d12_mPO3_ch02,,,15.320000,gHO_sBM_cAll_d20_mHO5_ch10;gHO_sBM_cAll_d21_mHO5_ch10;gHO_sBM_cAll_d20_mHO5_ch06;gHO_sBM_cAll_d21_mHO5_ch09;gHO_sBM_cAll_d21_mHO5_ch03,13.395106,113,,,,0.709958830,0.216061185,0.000000,motion_end,0.216061185,0.077234,0.128347,0.034431,0.000000,0.087300,0.000000,4.270833,0.350000,beat-sync,1.600000,0.974462,,0.179395777,0.077232932,right_wrist_yaw,0.585378544,left_wrist_yaw,0.077232932,right_wrist_yaw,0.655903962,left_wrist_yaw,-0.125621,0.106872,0.991313,-0.200975,0.000000000,0.000000000,0.000000000,0.000848661,0.000711361,0.006492620,15.736000,0.000000000,0.000000000,,0.655904,0.554638,66.264985,,0.009016379,0,1,0,9,gPO_sBM_cAll_d10_mPO0_ch01;gPO_sBM_cAll_d11_mPO0_ch01;gPO_sBM_cAll_d11_mPO0_ch02;gPO_sBM_cAll_d10_mPO0_ch02;gPO_sBM_cAll_d12_mPO3_ch02;gHO_sBM_cAll_d20_mHO5_ch10;gHO_sBM_cAll_d21_mHO5_ch10;gHO_sBM_cAll_d20_mHO5_ch06;gHO_sBM_cAll_d21_mHO5_ch09,,45.434800,524.603600,59.254700,2913.959300,accepted,0.952790,,0.914164,0.249799396,31.856939,0.103602,HO,0.853284,0.005876,0.002765,JB3:0.675853;JB5:0.669977;JB1:0.656623;LO4:0.621840;WA4:0.610562,gHO_sBM_cAll_d20_mHO5_ch10:0.666196;gHO_sBM_cAll_d21_mHO5_ch10:0.663431;gHO_sBM_cAll_d20_mHO5_ch06:0.663314;gHO_sBM_cAll_d21_mHO5_ch09:0.662257;gHO_sBM_cAll_d21_mHO5_ch03:0.655642;gHO_sBM_cAll_d21_mHO5_ch05:0.648383;gHO_sBM_cAll_d20_mHO5_ch05:0.645154;gHO_sBM_cAll_d21_mHO5_ch02:0.645004;gHO_sBM_cAll_d20_mHO5_ch04:0.644328;gHO_sBM_cAll_d21_mHO5_ch04:0.642310,Electronic---Techno:0.307331;Electronic---Electro:0.207748;Electronic---Deep Techno:0.109927;Electronic---Ambient:0.103602;Electronic---Synthwave:0.099554,PO:v1:k0:r1,,JB3,0.675853,gHO_sBM_cAll_d20_mHO5_ch10,0.666196,120.967742
15.800000,15.814700500,beat_limiter_result,hermite,loading,,6.217248937900877e-15,7.612957883143931e-14,4.495270369094512e-13,0,1.0,1,gPO_sBM_cAll_d12_mPO3_ch02,,,15.320000,gHO_sBM_cAll_d20_mHO5_ch10;gHO_sBM_cAll_d21_mHO5_ch10;gHO_sBM_cAll_d20_mHO5_ch06;gHO_sBM_cAll_d21_mHO5_ch09;gHO_sBM_cAll_d21_mHO5_ch03,13.395106,113,,,,0.711452539,0.216061185,0.000000,motion_end,0.216061185,0.077234,0.128347,0.034431,0.000000,0.087300,0.000000,4.270833,0.350000,beat-sync,1.600000,0.974462,,0.178905662,0.073566744,right_wrist_yaw,1.321560654,left_wrist_yaw,0.073566744,right_wrist_yaw,1.616066071,left_wrist_yaw,-0.127043,0.105089,0.991372,-0.189978,0.000000000,0.000000000,0.000000000,0.000848661,0.000711361,0.006492620,15.736000,0.000000000,0.000000000,,1.662023,1.392091,236.550692,,0.009011731,0,1,0,9,gPO_sBM_cAll_d10_mPO0_ch01;gPO_sBM_cAll_d11_mPO0_ch01;gPO_sBM_cAll_d11_mPO0_ch02;gPO_sBM_cAll_d10_mPO0_ch02;gPO_sBM_cAll_d12_mPO3_ch02;gHO_sBM_cAll_d20_mHO5_ch10;gHO_sBM_cAll_d21_mHO5_ch10;gHO_sBM_cAll_d20_mHO5_ch06;gHO_sBM_cAll_d21_mHO5_ch09,,45.434800,524.603600,59.254700,2913.959300,accepted,0.952790,,0.914164,0.249799396,31.856939,0.103602,HO,0.853284,0.005876,0.002765,JB3:0.675853;JB5:0.669977;JB1:0.656623;LO4:0.621840;WA4:0.610562,gHO_sBM_cAll_d20_mHO5_ch10:0.666196;gHO_sBM_cAll_d21_mHO5_ch10:0.663431;gHO_sBM_cAll_d20_mHO5_ch06:0.663314;gHO_sBM_cAll_d21_mHO5_ch09:0.662257;gHO_sBM_cAll_d21_mHO5_ch03:0.655642;gHO_sBM_cAll_d21_mHO5_ch05:0.648383;gHO_sBM_cAll_d20_mHO5_ch05:0.645154;gHO_sBM_cAll_d21_mHO5_ch02:0.645004;gHO_sBM_cAll_d20_mHO5_ch04:0.644328;gHO_sBM_cAll_d21_mHO5_ch04:0.642310,Electronic---Techno:0.307331;Electronic---Electro:0.207748;Electronic---Deep Techno:0.109927;Electronic---Ambient:0.103602;Electronic---Synthwave:0.099554,PO:v1:k0:r1,,JB3,0.675853,gHO_sBM_cAll_d20_mHO5_ch10,0.666196,120.967742
15.864000,15.889396400,,hermite,loading,,6.217248937900877e-15,7.612957883143931e-14,4.495270369094512e-13,1,1.0,1,gPO_sBM_cAll_d12_mPO3_ch02,,,15.320000,gHO_sBM_cAll_d20_mHO5_ch10;gHO_sBM_cAll_d21_mHO5_ch10;gHO_sBM_cAll_d20_mHO5_ch06;gHO_sBM_cAll_d21_mHO5_ch09;gHO_sBM_cAll_d21_mHO5_ch03,13.395106,113,,,,0.725154180,0.216061185,0.000000,motion_end,0.216061185,0.077234,0.128347,0.034431,0.000000,0.087300,0.000000,4.270833,0.350000,beat-sync,1.600000,0.974462,,0.174267027,0.385611254,right_wrist_yaw,2.692537116,right_wrist_roll,0.385611254,right_wrist_yaw,3.904264716,right_wrist_roll,-0.129970,0.079620,0.975588,-0.088341,0.000000000,0.000000000,0.000000000,0.000848661,0.000711361,0.006492620,15.736000,0.000000000,0.000000000,,26.673491,13.011093,1408.078878,left_elbow;right_elbow;right_shoulder_pitch;right_shoulder_yaw,0.009890129,0,1,0,9,gPO_sBM_cAll_d10_mPO0_ch01;gPO_sBM_cAll_d11_mPO0_ch01;gPO_sBM_cAll_d11_mPO0_ch02;gPO_sBM_cAll_d10_mPO0_ch02;gPO_sBM_cAll_d12_mPO3_ch02;gHO_sBM_cAll_d20_mHO5_ch10;gHO_sBM_cAll_d21_mHO5_ch10;gHO_sBM_cAll_d20_mHO5_ch06;gHO_sBM_cAll_d21_mHO5_ch09,,45.434800,524.603600,59.254700,2913.959300,accepted,0.952790,,0.914164,0.249799396,31.856939,0.103602,HO,0.853284,0.005876,0.002765,JB3:0.675853;JB5:0.669977;JB1:0.656623;LO4:0.621840;WA4:0.610562,gHO_sBM_cAll_d20_mHO5_ch10:0.666196;gHO_sBM_cAll_d21_mHO5_ch10:0.663431;gHO_sBM_cAll_d20_mHO5_ch06:0.663314;gHO_sBM_cAll_d21_mHO5_ch09:0.662257;gHO_sBM_cAll_d21_mHO5_ch03:0.655642;gHO_sBM_cAll_d21_mHO5_ch05:0.648383;gHO_sBM_cAll_d20_mHO5_ch05:0.645154;gHO_sBM_cAll_d21_mHO5_ch02:0.645004;gHO_sBM_cAll_d20_mHO5_ch04:0.644328;gHO_sBM_cAll_d21_mHO5_ch04:0.642310,Electronic---Techno:0.307331;Electronic---Electro:0.207748;Electronic---Deep Techno:0.109927;Electronic---Ambient:0.103602;Electronic---Synthwave:0.099554,PO:v1:k0:r1,,JB3,0.675853,gHO_sBM_cAll_d20_mHO5_ch10,0.666196,120.967742
15.928000,15.948016400,,hermite,loading,,6.217248937900877e-15,7.612957883143931e-14,4.495270369094512e-13,1,1.0,1,gPO_sBM_cAll_d12_mPO3_ch02,,,15.320000,gHO_sBM_cAll_d20_mHO5_ch10;gHO_sBM_cAll_d21_mHO5_ch10;gHO_sBM_cAll_d20_mHO5_ch06;gHO_sBM_cAll_d21_mHO5_ch09;gHO_sBM_cAll_d21_mHO5_ch03,13.395106,113,,,,0.735961908,0.216061185,0.000000,motion_end,0.216061185,0.077234,0.128347,0.034431,0.000000,0.087300,0.000000,4.270833,0.350000,beat-sync,1.600000,0.974462,,0.170461046,0.140338126,right_wrist_yaw,4.832259847,right_wrist_yaw,0.140338126,right_wrist_yaw,5.644398476,right_wrist_yaw,-0.108184,0.064107,0.946625,-0.033040,0.000000000,0.000000000,0.000000000,0.000848661,0.000711361,0.006492620,15.736000,0.000000000,0.000000000,,20.257750,13.497393,1375.104873,,0.010066286,0,1,0,9,gPO_sBM_cAll_d10_mPO0_ch01;gPO_sBM_cAll_d11_mPO0_ch01;gPO_sBM_cAll_d11_mPO0_ch02;gPO_sBM_cAll_d10_mPO0_ch02;gPO_sBM_cAll_d12_mPO3_ch02;gHO_sBM_cAll_d20_mHO5_ch10;gHO_sBM_cAll_d21_mHO5_ch10;gHO_sBM_cAll_d20_mHO5_ch06;gHO_sBM_cAll_d21_mHO5_ch09,,45.434800,524.603600,59.254700,2913.959300,accepted,0.952790,,0.914164,0.249799396,31.856939,0.103602,HO,0.853284,0.005876,0.002765,JB3:0.675853;JB5:0.669977;JB1:0.656623;LO4:0.621840;WA4:0.610562,gHO_sBM_cAll_d20_mHO5_ch10:0.666196;gHO_sBM_cAll_d21_mHO5_ch10:0.663431;gHO_sBM_cAll_d20_mHO5_ch06:0.663314;gHO_sBM_cAll_d21_mHO5_ch09:0.662257;gHO_sBM_cAll_d21_mHO5_ch03:0.655642;gHO_sBM_cAll_d21_mHO5_ch05:0.648383;gHO_sBM_cAll_d20_mHO5_ch05:0.645154;gHO_sBM_cAll_d21_mHO5_ch02:0.645004;gHO_sBM_cAll_d20_mHO5_ch04:0.644328;gHO_sBM_cAll_d21_mHO5_ch04:0.642310,Electronic---Techno:0.307331;Electronic---Electro:0.207748;Electronic---Deep Techno:0.109927;Electronic---Ambient:0.103602;Electronic---Synthwave:0.099554,PO:v1:k0:r1,,JB3,0.675853,gHO_sBM_cAll_d20_mHO5_ch10,0.666196,120.967742
15.960000,15.981199500,,hermite,loading,,6.217248937900877e-15,7.612957883143931e-14,4.495270369094512e-13,0,1.0,1,gPO_sBM_cAll_d12_mPO3_ch02,,,15.320000,gHO_sBM_cAll_d20_mHO5_ch10;gHO_sBM_cAll_d21_mHO5_ch10;gHO_sBM_cAll_d20_mHO5_ch06;gHO_sBM_cAll_d21_mHO5_ch09;gHO_sBM_cAll_d21_mHO5_ch03,13.395106,113,,,,0.742074391,0.216061185,0.000000,motion_end,0.216061185,0.077234,0.128347,0.034431,0.000000,0.087300,0.000000,4.270833,0.350000,beat-sync,1.600000,0.974462,,0.168264224,0.065996261,right_wrist_roll,2.372664209,left_wrist_pitch,0.065996261,right_wrist_roll,4.248523116,left_wrist_pitch,-0.088877,0.056739,0.927828,0.016931,0.000000000,0.000000000,0.000000000,0.000848661,0.000711361,0.006492620,15.736000,0.000000000,0.000000000,,9.916200,7.690859,559.018684,,0.010045742,0,1,0,9,gPO_sBM_cAll_d10_mPO0_ch01;gPO_sBM_cAll_d11_mPO0_ch01;gPO_sBM_cAll_d11_mPO0_ch02;gPO_sBM_cAll_d10_mPO0_ch02;gPO_sBM_cAll_d12_mPO3_ch02;gHO_sBM_cAll_d20_mHO5_ch10;gHO_sBM_cAll_d21_mHO5_ch10;gHO_sBM_cAll_d20_mHO5_ch06;gHO_sBM_cAll_d21_mHO5_ch09,,45.434800,524.603600,59.254700,2913.959300,accepted,0.952790,,0.914164,0.249799396,31.856939,0.103602,HO,0.853284,0.005876,0.002765,JB3:0.675853;JB5:0.669977;JB1:0.656623;LO4:0.621840;WA4:0.610562,gHO_sBM_cAll_d20_mHO5_ch10:0.666196;gHO_sBM_cAll_d21_mHO5_ch10:0.663431;gHO_sBM_cAll_d20_mHO5_ch06:0.663314;gHO_sBM_cAll_d21_mHO5_ch09:0.662257;gHO_sBM_cAll_d21_mHO5_ch03:0.655642;gHO_sBM_cAll_d21_mHO5_ch05:0.648383;gHO_sBM_cAll_d20_mHO5_ch05:0.645154;gHO_sBM_cAll_d21_mHO5_ch02:0.645004;gHO_sBM_cAll_d20_mHO5_ch04:0.644328;gHO_sBM_cAll_d21_mHO5_ch04:0.642310,Electronic---Techno:0.307331;Electronic---Electro:0.207748;Electronic---Deep Techno:0.109927;Electronic---Ambient:0.103602;Electronic---Synthwave:0.099554,PO:v1:k0:r1,,JB3,0.675853,gHO_sBM_cAll_d20_mHO5_ch10,0.666196,120.967742
16.024000,16.048091300,,hermite,loading,,6.217248937900877e-15,7.612957883143931e-14,4.495270369094512e-13,1,1.0,1,gPO_sBM_cAll_d12_mPO3_ch02,,,15.320000,gHO_sBM_cAll_d20_mHO5_ch10;gHO_sBM_cAll_d21_mHO5_ch10;gHO_sBM_cAll_d20_mHO5_ch06;gHO_sBM_cAll_d21_mHO5_ch09;gHO_sBM_cAll_d21_mHO5_ch03,13.395106,113,,,,0.754351451,0.216061185,0.000000,motion_end,0.216061185,0.077234,0.128347,0.034431,0.000000,0.087300,0.000000,4.270833,0.350000,beat-sync,1.600000,0.974462,,0.163775660,0.214334201,right_wrist_yaw,4.691156834,right_wrist_yaw,0.214334201,right_wrist_yaw,6.255776611,right_wrist_yaw,-0.104314,0.064947,0.922628,0.003381,0.000000000,0.000000000,0.000000000,0.000848661,0.000711361,0.006492620,15.736000,0.000000000,0.000000000,,17.940745,13.233310,627.175883,right_shoulder_pitch,0.010127558,0,1,0,9,gPO_sBM_cAll_d10_mPO0_ch01;gPO_sBM_cAll_d11_mPO0_ch01;gPO_sBM_cAll_d11_mPO0_ch02;gPO_sBM_cAll_d10_mPO0_ch02;gPO_sBM_cAll_d12_mPO3_ch02;gHO_sBM_cAll_d20_mHO5_ch10;gHO_sBM_cAll_d21_mHO5_ch10;gHO_sBM_cAll_d20_mHO5_ch06;gHO_sBM_cAll_d21_mHO5_ch09,,45.434800,524.603600,59.254700,2913.959300,accepted,0.952790,,0.914164,0.249799396,31.856939,0.103602,HO,0.853284,0.005876,0.002765,JB3:0.675853;JB5:0.669977;JB1:0.656623;LO4:0.621840;WA4:0.610562,gHO_sBM_cAll_d20_mHO5_ch10:0.666196;gHO_sBM_cAll_d21_mHO5_ch10:0.663431;gHO_sBM_cAll_d20_mHO5_ch06:0.663314;gHO_sBM_cAll_d21_mHO5_ch09:0.662257;gHO_sBM_cAll_d21_mHO5_ch03:0.655642;gHO_sBM_cAll_d21_mHO5_ch05:0.648383;gHO_sBM_cAll_d20_mHO5_ch05:0.645154;gHO_sBM_cAll_d21_mHO5_ch02:0.645004;gHO_sBM_cAll_d20_mHO5_ch04:0.644328;gHO_sBM_cAll_d21_mHO5_ch04:0.642310,Electronic---Techno:0.307331;Electronic---Electro:0.207748;Electronic---Deep Techno:0.109927;Electronic---Ambient:0.103602;Electronic---Synthwave:0.099554,PO:v1:k0:r1,,JB3,0.675853,gHO_sBM_cAll_d20_mHO5_ch10,0.666196,120.967742
16.056000,16.075088000,,hermite,loading,,6.217248937900877e-15,7.612957883143931e-14,4.495270369094512e-13,1,1.0,1,gPO_sBM_cAll_d12_mPO3_ch02,,,15.320000,gHO_sBM_cAll_d20_mHO5_ch10;gHO_sBM_cAll_d21_mHO5_ch10;gHO_sBM_cAll_d20_mHO5_ch06;gHO_sBM_cAll_d21_mHO5_ch09;gHO_sBM_cAll_d21_mHO5_ch03,13.395106,113,,,,0.758900787,0.216061185,0.000000,motion_end,0.216061185,0.077234,0.128347,0.034431,0.000000,0.087300,0.000000,4.270833,0.350000,beat-sync,1.600000,0.974462,,0.162091060,0.249832448,right_wrist_yaw,4.425357923,left_wrist_yaw,0.249832448,right_wrist_yaw,4.332622472,left_wrist_yaw,-0.113890,0.076756,0.940439,-0.096153,0.000000000,0.000000000,0.000000000,0.000848661,0.000711361,0.006492620,15.736000,0.000000000,0.000000000,,18.839512,13.284482,214.990138,,0.010164628,0,1,0,9,gPO_sBM_cAll_d10_mPO0_ch01;gPO_sBM_cAll_d11_mPO0_ch01;gPO_sBM_cAll_d11_mPO0_ch02;gPO_sBM_cAll_d10_mPO0_ch02;gPO_sBM_cAll_d12_mPO3_ch02;gHO_sBM_cAll_d20_mHO5_ch10;gHO_sBM_cAll_d21_mHO5_ch10;gHO_sBM_cAll_d20_mHO5_ch06;gHO_sBM_cAll_d21_mHO5_ch09,,45.434800,524.603600,59.254700,2913.959300,accepted,0.952790,,0.914164,0.249799396,31.856939,0.103602,HO,0.853284,0.005876,0.002765,JB3:0.675853;JB5:0.669977;JB1:0.656623;LO4:0.621840;WA4:0.610562,gHO_sBM_cAll_d20_mHO5_ch10:0.666196;gHO_sBM_cAll_d21_mHO5_ch10:0.663431;gHO_sBM_cAll_d20_mHO5_ch06:0.663314;gHO_sBM_cAll_d21_mHO5_ch09:0.662257;gHO_sBM_cAll_d21_mHO5_ch03:0.655642;gHO_sBM_cAll_d21_mHO5_ch05:0.648383;gHO_sBM_cAll_d20_mHO5_ch05:0.645154;gHO_sBM_cAll_d21_mHO5_ch02:0.645004;gHO_sBM_cAll_d20_mHO5_ch04:0.644328;gHO_sBM_cAll_d21_mHO5_ch04:0.642310,Electronic---Techno:0.307331;Electronic---Electro:0.207748;Electronic---Deep Techno:0.109927;Electronic---Ambient:0.103602;Electronic---Synthwave:0.099554,PO:v1:k0:r1,,JB3,0.675853,gHO_sBM_cAll_d20_mHO5_ch10,0.666196,120.967742
16.120000,16.132550000,,hermite,loading,,6.217248937900877e-15,7.612957883143931e-14,4.495270369094512e-13,0,1.0,1,gPO_sBM_cAll_d12_mPO3_ch02,,,15.320000,gHO_sBM_cAll_d20_mHO5_ch10;gHO_sBM_cAll_d21_mHO5_ch10;gHO_sBM_cAll_d20_mHO5_ch06;gHO_sBM_cAll_d21_mHO5_ch09;gHO_sBM_cAll_d21_mHO5_ch03,13.395106,113,,,,0.769815656,0.216061185,0.000000,motion_end,0.216061185,0.077234,0.128347,0.034431,0.000000,0.087300,0.000000,4.270833,0.350000,beat-sync,1.600000,0.974462,,0.158011806,0.226927425,left_wrist_yaw,0.164798434,right_wrist_yaw,0.226927425,left_wrist_yaw,0.176319880,right_wrist_yaw,-0.140923,0.100596,0.972026,-0.150941,0.000000000,0.000000000,0.000000000,0.000848661,0.000711361,0.006492620,15.736000,0.000000000,0.000000000,,0.382006,0.328596,375.736217,,0.010215822,0,1,0,9,gPO_sBM_cAll_d10_mPO0_ch01;gPO_sBM_cAll_d11_mPO0_ch01;gPO_sBM_cAll_d11_mPO0_ch02;gPO_sBM_cAll_d10_mPO0_ch02;gPO_sBM_cAll_d12_mPO3_ch02;gHO_sBM_cAll_d20_mHO5_ch10;gHO_sBM_cAll_d21_mHO5_ch10;gHO_sBM_cAll_d20_mHO5_ch06;gHO_sBM_cAll_d21_mHO5_ch09,,45.434800,524.603600,59.254700,2913.959300,accepted,0.952790,,0.914164,0.249799396,31.856939,0.103602,HO,0.853284,0.005876,0.002765,JB3:0.675853;JB5:0.669977;JB1:0.656623;LO4:0.621840;WA4:0.610562,gHO_sBM_cAll_d20_mHO5_ch10:0.666196;gHO_sBM_cAll_d21_mHO5_ch10:0.663431;gHO_sBM_cAll_d20_mHO5_ch06:0.663314;gHO_sBM_cAll_d21_mHO5_ch09:0.662257;gHO_sBM_cAll_d21_mHO5_ch03:0.655642;gHO_sBM_cAll_d21_mHO5_ch05:0.648383;gHO_sBM_cAll_d20_mHO5_ch05:0.645154;gHO_sBM_cAll_d21_mHO5_ch02:0.645004;gHO_sBM_cAll_d20_mHO5_ch04:0.644328;gHO_sBM_cAll_d21_mHO5_ch04:0.642310,Electronic---Techno:0.307331;Electronic---Electro:0.207748;Electronic---Deep Techno:0.109927;Electronic---Ambient:0.103602;Electronic---Synthwave:0.099554,PO:v1:k0:r1,,JB3,0.675853,gHO_sBM_cAll_d20_mHO5_ch10,0.666196,120.967742
16.152000,16.164099800,,hermite,loading,,6.217248937900877e-15,7.612957883143931e-14,4.495270369094512e-13,0,1.0,1,gPO_sBM_cAll_d12_mPO3_ch02,,,15.320000,gHO_sBM_cAll_d20_mHO5_ch10;gHO_sBM_cAll_d21_mHO5_ch10;gHO_sBM_cAll_d20_mHO5_ch06;gHO_sBM_cAll_d21_mHO5_ch09;gHO_sBM_cAll_d21_mHO5_ch03,13.395106,113,,,,0.775656990,0.216061185,0.000000,motion_end,0.216061185,0.077234,0.128347,0.034431,0.000000,0.087300,0.000000,4.270833,0.350000,beat-sync,1.600000,0.974462,,0.155810585,0.228880603,left_wrist_yaw,0.084770744,left_wrist_roll,0.228880603,left_wrist_yaw,0.105530754,left_wrist_roll,-0.157014,0.117504,0.968439,-0.118665,0.000000000,0.000000000,0.000000000,0.000848661,0.000711361,0.006492620,15.736000,0.000000000,0.000000000,,0.192905,0.167850,22.225232,,0.010195205,0,1,0,9,gPO_sBM_cAll_d10_mPO0_ch01;gPO_sBM_cAll_d11_mPO0_ch01;gPO_sBM_cAll_d11_mPO0_ch02;gPO_sBM_cAll_d10_mPO0_ch02;gPO_sBM_cAll_d12_mPO3_ch02;gHO_sBM_cAll_d20_mHO5_ch10;gHO_sBM_cAll_d21_mHO5_ch10;gHO_sBM_cAll_d20_mHO5_ch06;gHO_sBM_cAll_d21_mHO5_ch09,,45.434800,524.603600,59.254700,2913.959300,accepted,0.952790,,0.914164,0.249799396,31.856939,0.103602,HO,0.853284,0.005876,0.002765,JB3:0.675853;JB5:0.669977;JB1:0.656623;LO4:0.621840;WA4:0.610562,gHO_sBM_cAll_d20_mHO5_ch10:0.666196;gHO_sBM_cAll_d21_mHO5_ch10:0.663431;gHO_sBM_cAll_d20_mHO5_ch06:0.663314;gHO_sBM_cAll_d21_mHO5_ch09:0.662257;gHO_sBM_cAll_d21_mHO5_ch03:0.655642;gHO_sBM_cAll_d21_mHO5_ch05:0.648383;gHO_sBM_cAll_d20_mHO5_ch05:0.645154;gHO_sBM_cAll_d21_mHO5_ch02:0.645004;gHO_sBM_cAll_d20_mHO5_ch04:0.644328;gHO_sBM_cAll_d21_mHO5_ch04:0.642310,Electronic---Techno:0.307331;Electronic---Electro:0.207748;Electronic---Deep Techno:0.109927;Electronic---Ambient:0.103602;Electronic---Synthwave:0.099554,PO:v1:k0:r1,,JB3,0.675853,gHO_sBM_cAll_d20_mHO5_ch10,0.666196,120.967742
16.216000,16.231054500,,hermite,loading,,6.217248937900877e-15,7.612957883143931e-14,4.495270369094512e-13,0,1.0,1,gPO_sBM_cAll_d12_mPO3_ch02,,,15.320000,gHO_sBM_cAll_d20_mHO5_ch10;gHO_sBM_cAll_d21_mHO5_ch10;gHO_sBM_cAll_d20_mHO5_ch06;gHO_sBM_cAll_d21_mHO5_ch09;gHO_sBM_cAll_d21_mHO5_ch03,13.395106,113,,,,0.787936546,0.216061185,0.000000,motion_end,0.216061185,0.077234,0.128347,0.034431,0.000000,0.087300,0.000000,4.270833,0.350000,beat-sync,1.600000,0.974462,,0.151150466,0.232817598,left_wrist_yaw,0.073003693,right_wrist_roll,0.232817598,left_wrist_yaw,0.091534254,right_wrist_roll,-0.183420,0.153884,0.946573,0.068987,0.000000000,0.000000000,0.000000000,0.000848661,0.000711361,0.006492620,15.736000,0.000000000,0.000000000,,0.091534,0.078097,7.910485,,0.010154219,0,1,0,9,gPO_sBM_cAll_d10_mPO0_ch01;gPO_sBM_cAll_d11_mPO0_ch01;gPO_sBM_cAll_d11_mPO0_ch02;gPO_sBM_cAll_d10_mPO0_ch02;gPO_sBM_cAll_d12_mPO3_ch02;gHO_sBM_cAll_d20_mHO5_ch10;gHO_sBM_cAll_d21_mHO5_ch10;gHO_sBM_cAll_d20_mHO5_ch06;gHO_sBM_cAll_d21_mHO5_ch09,,45.434800,524.603600,59.254700,2913.959300,accepted,0.952790,,0.914164,0.249799396,31.856939,0.103602,HO,0.853284,0.005876,0.002765,JB3:0.675853;JB5:0.669977;JB1:0.656623;LO4:0.621840;WA4:0.610562,gHO_sBM_cAll_d20_mHO5_ch10:0.666196;gHO_sBM_cAll_d21_mHO5_ch10:0.663431;gHO_sBM_cAll_d20_mHO5_ch06:0.663314;gHO_sBM_cAll_d21_mHO5_ch09:0.662257;gHO_sBM_cAll_d21_mHO5_ch03:0.655642;gHO_sBM_cAll_d21_mHO5_ch05:0.648383;gHO_sBM_cAll_d20_mHO5_ch05:0.645154;gHO_sBM_cAll_d21_mHO5_ch02:0.645004;gHO_sBM_cAll_d20_mHO5_ch04:0.644328;gHO_sBM_cAll_d21_mHO5_ch04:0.642310,Electronic---Techno:0.307331;Electronic---Electro:0.207748;Electronic---Deep Techno:0.109927;Electronic---Ambient:0.103602;Electronic---Synthwave:0.099554,PO:v1:k0:r1,,JB3,0.675853,gHO_sBM_cAll_d20_mHO5_ch10,0.666196,120.967742
16.280000,16.305923100,,hermite,preparing,,6.217248937900877e-15,7.612957883143931e-14,4.495270369094512e-13,0,1.0,1,gPO_sBM_cAll_d12_mPO3_ch02,,,15.320000,gHO_sBM_cAll_d20_mHO5_ch10;gHO_sBM_cAll_d21_mHO5_ch10;gHO_sBM_cAll_d20_mHO5_ch06;gHO_sBM_cAll_d21_mHO5_ch09;gHO_sBM_cAll_d21_mHO5_ch03,13.395106,113,,,,0.800665320,0.216061185,0.000000,motion_end,0.216061185,0.077234,0.128347,0.034431,0.000000,0.087300,0.000000,4.270833,0.350000,beat-sync,1.600000,1.411290,,0.161536547,0.236648731,left_wrist_yaw,0.165324144,left_wrist_roll,0.236648731,left_wrist_yaw,0.104954116,left_wrist_roll,-0.229046,0.211066,0.916589,0.453625,0.000000000,0.000000000,0.000000000,0.000848661,0.000711361,0.006492620,16.248000,0.000000000,0.000000000,,0.104954,0.075868,1.824095,,0.010118626,0,1,0,10,gPO_sBM_cAll_d10_mPO0_ch01;gPO_sBM_cAll_d11_mPO0_ch01;gPO_sBM_cAll_d11_mPO0_ch02;gPO_sBM_cAll_d10_mPO0_ch02;gPO_sBM_cAll_d12_mPO3_ch02;gHO_sBM_cAll_d20_mHO5_ch10;gHO_sBM_cAll_d21_mHO5_ch10;gHO_sBM_cAll_d20_mHO5_ch06;gHO_sBM_cAll_d21_mHO5_ch09;gHO_sBM_cAll_d21_mHO5_ch03,,45.737300,512.471300,52.990200,3525.844700,accepted,0.952790,,0.914164,0.249799396,31.856939,0.103602,HO,0.853284,0.005876,0.002765,JB3:0.675853;JB5:0.669977;JB1:0.656623;LO4:0.621840;WA4:0.610562,gHO_sBM_cAll_d20_mHO5_ch10:0.666196;gHO_sBM_cAll_d21_mHO5_ch10:0.663431;gHO_sBM_cAll_d20_mHO5_ch06:0.663314;gHO_sBM_cAll_d21_mHO5_ch09:0.662257;gHO_sBM_cAll_d21_mHO5_ch03:0.655642;gHO_sBM_cAll_d21_mHO5_ch05:0.648383;gHO_sBM_cAll_d20_mHO5_ch05:0.645154;gHO_sBM_cAll_d21_mHO5_ch02:0.645004;gHO_sBM_cAll_d20_mHO5_ch04:0.644328;gHO_sBM_cAll_d21_mHO5_ch04:0.642310,Electronic---Techno:0.307331;Electronic---Electro:0.207748;Electronic---Deep Techno:0.109927;Electronic---Ambient:0.103602;Electronic---Synthwave:0.099554,PO:v1:k0:r1,,JB3,0.675853,gHO_sBM_cAll_d20_mHO5_ch10,0.666196,120.967742
16.312000,16.332813200,,hermite,preparing,,6.217248937900877e-15,7.612957883143931e-14,4.495270369094512e-13,0,1.0,1,gPO_sBM_cAll_d12_mPO3_ch02,,,15.320000,gHO_sBM_cAll_d20_mHO5_ch10;gHO_sBM_cAll_d21_mHO5_ch10;gHO_sBM_cAll_d20_mHO5_ch06;gHO_sBM_cAll_d21_mHO5_ch09;gHO_sBM_cAll_d21_mHO5_ch03,13.395106,113,,,,0.805987006,0.216061185,0.000000,motion_end,0.216061185,0.077234,0.128347,0.034431,0.000000,0.087300,0.000000,4.270833,0.350000,beat-sync,1.600000,1.411290,,0.159902700,0.238149403,left_wrist_yaw,0.257258004,left_wrist_roll,0.238149403,left_wrist_yaw,0.091396590,left_wrist_roll,-0.249040,0.227825,0.904873,0.546123,0.000000000,0.000000000,0.000000000,0.000848661,0.000711361,0.006492620,16.248000,0.000000000,0.000000000,,0.091397,0.085568,3.637939,,0.010113562,0,1,0,10,gPO_sBM_cAll_d10_mPO0_ch01;gPO_sBM_cAll_d11_mPO0_ch01;gPO_sBM_cAll_d11_mPO0_ch02;gPO_sBM_cAll_d10_mPO0_ch02;gPO_sBM_cAll_d12_mPO3_ch02;gHO_sBM_cAll_d20_mHO5_ch10;gHO_sBM_cAll_d21_mHO5_ch10;gHO_sBM_cAll_d20_mHO5_ch06;gHO_sBM_cAll_d21_mHO5_ch09;gHO_sBM_cAll_d21_mHO5_ch03,,45.737300,512.471300,52.990200,3525.844700,accepted,0.952790,,0.914164,0.249799396,31.856939,0.103602,HO,0.853284,0.005876,0.002765,JB3:0.675853;JB5:0.669977;JB1:0.656623;LO4:0.621840;WA4:0.610562,gHO_sBM_cAll_d20_mHO5_ch10:0.666196;gHO_sBM_cAll_d21_mHO5_ch10:0.663431;gHO_sBM_cAll_d20_mHO5_ch06:0.663314;gHO_sBM_cAll_d21_mHO5_ch09:0.662257;gHO_sBM_cAll_d21_mHO5_ch03:0.655642;gHO_sBM_cAll_d21_mHO5_ch05:0.648383;gHO_sBM_cAll_d20_mHO5_ch05:0.645154;gHO_sBM_cAll_d21_mHO5_ch02:0.645004;gHO_sBM_cAll_d20_mHO5_ch04:0.644328;gHO_sBM_cAll_d21_mHO5_ch04:0.642310,Electronic---Techno:0.307331;Electronic---Electro:0.207748;Electronic---Deep Techno:0.109927;Electronic---Ambient:0.103602;Electronic---Synthwave:0.099554,PO:v1:k0:r1,,JB3,0.675853,gHO_sBM_cAll_d20_mHO5_ch10,0.666196,120.967742
16.376000,16.418799700,,hermite,preparing,,6.217248937900877e-15,7.612957883143931e-14,4.495270369094512e-13,0,1.0,1,gPO_sBM_cAll_d12_mPO3_ch02,,,15.320000,gHO_sBM_cAll_d20_mHO5_ch10;gHO_sBM_cAll_d21_mHO5_ch10;gHO_sBM_cAll_d20_mHO5_ch06;gHO_sBM_cAll_d21_mHO5_ch09;gHO_sBM_cAll_d21_mHO5_ch03,13.395106,113,,,,0.820456794,0.216061185,0.000000,motion_end,0.216061185,0.077234,0.128347,0.034431,0.000000,0.087300,0.000000,4.270833,0.350000,beat-sync,1.600000,1.411290,,0.156083969,0.241816174,left_wrist_yaw,0.398626164,left_wrist_roll,0.241816174,left_wrist_yaw,0.085797352,left_wrist_roll,-0.278115,0.254746,0.917501,0.561941,0.000000000,0.000000000,0.000000000,0.000848661,0.000711361,0.006492620,16.248000,0.000000000,0.000000000,,0.085797,0.083323,1.308295,,0.010098399,0,1,0,10,gPO_sBM_cAll_d10_mPO0_ch01;gPO_sBM_cAll_d11_mPO0_ch01;gPO_sBM_cAll_d11_mPO0_ch02;gPO_sBM_cAll_d10_mPO0_ch02;gPO_sBM_cAll_d12_mPO3_ch02;gHO_sBM_cAll_d20_mHO5_ch10;gHO_sBM_cAll_d21_mHO5_ch10;gHO_sBM_cAll_d20_mHO5_ch06;gHO_sBM_cAll_d21_mHO5_ch09;gHO_sBM_cAll_d21_mHO5_ch03,,45.737300,512.471300,52.990200,3525.844700,accepted,0.952790,,0.914164,0.249799396,31.856939,0.103602,HO,0.853284,0.005876,0.002765,JB3:0.675853;JB5:0.669977;JB1:0.656623;LO4:0.621840;WA4:0.610562,gHO_sBM_cAll_d20_mHO5_ch10:0.666196;gHO_sBM_cAll_d21_mHO5_ch10:0.663431;gHO_sBM_cAll_d20_mHO5_ch06:0.663314;gHO_sBM_cAll_d21_mHO5_ch09:0.662257;gHO_sBM_cAll_d21_mHO5_ch03:0.655642;gHO_sBM_cAll_d21_mHO5_ch05:0.648383;gHO_sBM_cAll_d20_mHO5_ch05:0.645154;gHO_sBM_cAll_d21_mHO5_ch02:0.645004;gHO_sBM_cAll_d20_mHO5_ch04:0.644328;gHO_sBM_cAll_d21_mHO5_ch04:0.642310,Electronic---Techno:0.307331;Electronic---Electro:0.207748;Electronic---Deep Techno:0.109927;Electronic---Ambient:0.103602;Electronic---Synthwave:0.099554,PO:v1:k0:r1,,JB3,0.675853,gHO_sBM_cAll_d20_mHO5_ch10,0.666196,120.967742
16.408000,16.446428400,beat_limiter_result,hermite,preparing,,6.217248937900877e-15,7.612957883143931e-14,4.495270369094512e-13,0,1.0,1,gPO_sBM_cAll_d12_mPO3_ch02,,,15.320000,gHO_sBM_cAll_d20_mHO5_ch10;gHO_sBM_cAll_d21_mHO5_ch10;gHO_sBM_cAll_d20_mHO5_ch06;gHO_sBM_cAll_d21_mHO5_ch09;gHO_sBM_cAll_d21_mHO5_ch03,13.395106,113,,,,0.825737914,0.216061185,0.000000,motion_end,0.216061185,0.077234,0.128347,0.034431,0.000000,0.087300,0.000000,4.270833,0.350000,beat-sync,1.600000,1.411290,,0.154849284,0.242985181,left_wrist_yaw,0.200401092,left_wrist_roll,0.242985181,left_wrist_yaw,0.080935606,left_wrist_roll,-0.278436,0.256414,0.920459,0.571890,0.000000000,0.000000000,0.000000000,0.000848661,0.000711361,0.006492620,16.248000,0.000000000,0.000000000,,0.107069,0.101070,0.927468,,0.010093355,0,1,0,10,gPO_sBM_cAll_d10_mPO0_ch01;gPO_sBM_cAll_d11_mPO0_ch01;gPO_sBM_cAll_d11_mPO0_ch02;gPO_sBM_cAll_d10_mPO0_ch02;gPO_sBM_cAll_d12_mPO3_ch02;gHO_sBM_cAll_d20_mHO5_ch10;gHO_sBM_cAll_d21_mHO5_ch10;gHO_sBM_cAll_d20_mHO5_ch06;gHO_sBM_cAll_d21_mHO5_ch09;gHO_sBM_cAll_d21_mHO5_ch03,,45.737300,512.471300,52.990200,3525.844700,accepted,0.952790,,0.914164,0.249799396,31.856939,0.103602,HO,0.853284,0.005876,0.002765,JB3:0.675853;JB5:0.669977;JB1:0.656623;LO4:0.621840;WA4:0.610562,gHO_sBM_cAll_d20_mHO5_ch10:0.666196;gHO_sBM_cAll_d21_mHO5_ch10:0.663431;gHO_sBM_cAll_d20_mHO5_ch06:0.663314;gHO_sBM_cAll_d21_mHO5_ch09:0.662257;gHO_sBM_cAll_d21_mHO5_ch03:0.655642;gHO_sBM_cAll_d21_mHO5_ch05:0.648383;gHO_sBM_cAll_d20_mHO5_ch05:0.645154;gHO_sBM_cAll_d21_mHO5_ch02:0.645004;gHO_sBM_cAll_d20_mHO5_ch04:0.644328;gHO_sBM_cAll_d21_mHO5_ch04:0.642310,Electronic---Techno:0.307331;Electronic---Electro:0.207748;Electronic---Deep Techno:0.109927;Electronic---Ambient:0.103602;Electronic---Synthwave:0.099554,PO:v1:k0:r1,,JB3,0.675853,gHO_sBM_cAll_d20_mHO5_ch10,0.666196,120.967742
16.504000,16.545806900,,hermite,preparing,,6.217248937900877e-15,7.612957883143931e-14,4.495270369094512e-13,0,1.0,1,gPO_sBM_cAll_d12_mPO3_ch02,,,15.320000,gHO_sBM_cAll_d20_mHO5_ch10;gHO_sBM_cAll_d21_mHO5_ch10;gHO_sBM_cAll_d20_mHO5_ch06;gHO_sBM_cAll_d21_mHO5_ch09;gHO_sBM_cAll_d21_mHO5_ch03,13.395106,113,,,,0.843179572,0.216061185,0.000000,motion_end,0.216061185,0.077234,0.128347,0.034431,0.000000,0.087300,0.000000,4.270833,0.350000,beat-sync,1.600000,1.411290,,0.151276784,0.240060735,left_wrist_yaw,0.978578063,right_wrist_yaw,0.240060735,left_wrist_yaw,0.148801300,right_wrist_yaw,-0.262753,0.256695,0.902149,0.917105,0.000000000,0.000000000,0.000000000,0.000848661,0.000711361,0.006492620,16.248000,0.000000000,0.000000000,,0.163726,0.158804,4.653454,,0.010078253,0,1,0,10,gPO_sBM_cAll_d10_mPO0_ch01;gPO_sBM_cAll_d11_mPO0_ch01;gPO_sBM_cAll_d11_mPO0_ch02;gPO_sBM_cAll_d10_mPO0_ch02;gPO_sBM_cAll_d12_mPO3_ch02;gHO_sBM_cAll_d20_mHO5_ch10;gHO_sBM_cAll_d21_mHO5_ch10;gHO_sBM_cAll_d20_mHO5_ch06;gHO_sBM_cAll_d21_mHO5_ch09;gHO_sBM_cAll_d21_mHO5_ch03,,45.737300,512.471300,52.990200,3525.844700,accepted,0.952790,,0.914164,0.249799396,31.856939,0.103602,HO,0.853284,0.005876,0.002765,JB3:0.675853;JB5:0.669977;JB1:0.656623;LO4:0.621840;WA4:0.610562,gHO_sBM_cAll_d20_mHO5_ch10:0.666196;gHO_sBM_cAll_d21_mHO5_ch10:0.663431;gHO_sBM_cAll_d20_mHO5_ch06:0.663314;gHO_sBM_cAll_d21_mHO5_ch09:0.662257;gHO_sBM_cAll_d21_mHO5_ch03:0.655642;gHO_sBM_cAll_d21_mHO5_ch05:0.648383;gHO_sBM_cAll_d20_mHO5_ch05:0.645154;gHO_sBM_cAll_d21_mHO5_ch02:0.645004;gHO_sBM_cAll_d20_mHO5_ch04:0.644328;gHO_sBM_cAll_d21_mHO5_ch04:0.642310,Electronic---Techno:0.307331;Electronic---Electro:0.207748;Electronic---Deep Techno:0.109927;Electronic---Ambient:0.103602;Electronic---Synthwave:0.099554,PO:v1:k0:r1,,JB3,0.675853,gHO_sBM_cAll_d20_mHO5_ch10,0.666196,120.967742
16.568000,16.625390900,,hermite,preparing,,6.217248937900877e-15,7.612957883143931e-14,4.495270369094512e-13,0,1.0,1,gPO_sBM_cAll_d12_mPO3_ch02,,,15.320000,gHO_sBM_cAll_d20_mHO5_ch10;gHO_sBM_cAll_d21_mHO5_ch10;gHO_sBM_cAll_d20_mHO5_ch06;gHO_sBM_cAll_d21_mHO5_ch09;gHO_sBM_cAll_d21_mHO5_ch03,13.395106,113,,,,0.857674214,0.216061185,0.000000,motion_end,0.216061185,0.077234,0.128347,0.034431,0.000000,0.087300,0.000000,4.270833,0.350000,beat-sync,1.600000,1.411290,,0.148708814,0.288301620,left_wrist_yaw,34.135380705,right_wrist_yaw,0.288301620,left_wrist_yaw,7.914767864,right_wrist_yaw,-0.240050,0.242855,0.903944,1.348785,0.000000000,0.000000000,0.000000000,0.000848661,0.000711361,0.006492620,16.248000,0.000000000,0.000000000,,14.062234,13.444773,388.888980,,0.010063195,0,1,0,10,gPO_sBM_cAll_d10_mPO0_ch01;gPO_sBM_cAll_d11_mPO0_ch01;gPO_sBM_cAll_d11_mPO0_ch02;gPO_sBM_cAll_d10_mPO0_ch02;gPO_sBM_cAll_d12_mPO3_ch02;gHO_sBM_cAll_d20_mHO5_ch10;gHO_sBM_cAll_d21_mHO5_ch10;gHO_sBM_cAll_d20_mHO5_ch06;gHO_sBM_cAll_d21_mHO5_ch09;gHO_sBM_cAll_d21_mHO5_ch03,,45.737300,512.471300,52.990200,3525.844700,accepted,0.952790,,0.914164,0.249799396,31.856939,0.103602,HO,0.853284,0.005876,0.002765,JB3:0.675853;JB5:0.669977;JB1:0.656623;LO4:0.621840;WA4:0.610562,gHO_sBM_cAll_d20_mHO5_ch10:0.666196;gHO_sBM_cAll_d21_mHO5_ch10:0.663431;gHO_sBM_cAll_d20_mHO5_ch06:0.663314;gHO_sBM_cAll_d21_mHO5_ch09:0.662257;gHO_sBM_cAll_d21_mHO5_ch03:0.655642;gHO_sBM_cAll_d21_mHO5_ch05:0.648383;gHO_sBM_cAll_d20_mHO5_ch05:0.645154;gHO_sBM_cAll_d21_mHO5_ch02:0.645004;gHO_sBM_cAll_d20_mHO5_ch04:0.644328;gHO_sBM_cAll_d21_mHO5_ch04:0.642310,Electronic---Techno:0.307331;Electronic---Electro:0.207748;Electronic---Deep Techno:0.109927;Electronic---Ambient:0.103602;Electronic---Synthwave:0.099554,PO:v1:k0:r1,,JB3,0.675853,gHO_sBM_cAll_d20_mHO5_ch10,0.666196,120.967742
16.600000,16.656316800,,hermite,preparing,,6.217248937900877e-15,7.612957883143931e-14,4.495270369094512e-13,0,1.0,1,gPO_sBM_cAll_d12_mPO3_ch02,,,15.320000,gHO_sBM_cAll_d20_mHO5_ch10;gHO_sBM_cAll_d21_mHO5_ch10;gHO_sBM_cAll_d20_mHO5_ch06;gHO_sBM_cAll_d21_mHO5_ch09;gHO_sBM_cAll_d21_mHO5_ch03,13.395106,113,,,,0.862563936,0.216061185,0.000000,motion_end,0.216061185,0.077234,0.128347,0.034431,0.000000,0.087300,0.000000,4.270833,0.350000,beat-sync,1.600000,1.411290,,0.147905184,0.271835554,right_wrist_yaw,7.283265400,left_wrist_yaw,0.271835554,right_wrist_yaw,2.221477608,left_wrist_yaw,-0.230273,0.238571,0.900903,1.412599,0.000000000,0.000000000,0.000000000,0.000848661,0.000711361,0.006492620,16.248000,0.000000000,0.000000000,,14.709472,13.487512,780.408319,,0.010058186,0,1,0,10,gPO_sBM_cAll_d10_mPO0_ch01;gPO_sBM_cAll_d11_mPO0_ch01;gPO_sBM_cAll_d11_mPO0_ch02;gPO_sBM_cAll_d10_mPO0_ch02;gPO_sBM_cAll_d12_mPO3_ch02;gHO_sBM_cAll_d20_mHO5_ch10;gHO_sBM_cAll_d21_mHO5_ch10;gHO_sBM_cAll_d20_mHO5_ch06;gHO_sBM_cAll_d21_mHO5_ch09;gHO_sBM_cAll_d21_mHO5_ch03,,45.737300,512.471300,52.990200,3525.844700,accepted,0.952790,,0.914164,0.249799396,31.856939,0.103602,HO,0.853284,0.005876,0.002765,JB3:0.675853;JB5:0.669977;JB1:0.656623;LO4:0.621840;WA4:0.610562,gHO_sBM_cAll_d20_mHO5_ch10:0.666196;gHO_sBM_cAll_d21_mHO5_ch10:0.663431;gHO_sBM_cAll_d20_mHO5_ch06:0.663314;gHO_sBM_cAll_d21_mHO5_ch09:0.662257;gHO_sBM_cAll_d21_mHO5_ch03:0.655642;gHO_sBM_cAll_d21_mHO5_ch05:0.648383;gHO_sBM_cAll_d20_mHO5_ch05:0.645154;gHO_sBM_cAll_d21_mHO5_ch02:0.645004;gHO_sBM_cAll_d20_mHO5_ch04:0.644328;gHO_sBM_cAll_d21_mHO5_ch04:0.642310,Electronic---Techno:0.307331;Electronic---Electro:0.207748;Electronic---Deep Techno:0.109927;Electronic---Ambient:0.103602;Electronic---Synthwave:0.099554,PO:v1:k0:r1,,JB3,0.675853,gHO_sBM_cAll_d20_mHO5_ch10,0.666196,120.967742
16.664000,16.695889500,,hermite,preparing,,6.217248937900877e-15,7.612957883143931e-14,4.495270369094512e-13,0,1.0,1,gPO_sBM_cAll_d12_mPO3_ch02,,,15.320000,gHO_sBM_cAll_d20_mHO5_ch10;gHO_sBM_cAll_d21_mHO5_ch10;gHO_sBM_cAll_d20_mHO5_ch06;gHO_sBM_cAll_d21_mHO5_ch09;gHO_sBM_cAll_d21_mHO5_ch03,13.395106,113,,,,0.870731921,0.216061185,0.000000,motion_end,0.216061185,0.077234,0.128347,0.034431,0.000000,0.087300,0.000000,4.270833,0.350000,beat-sync,1.600000,1.411290,,0.146619600,0.125105158,left_wrist_yaw,5.546092009,right_wrist_yaw,0.125105158,left_wrist_yaw,3.715974545,right_wrist_yaw,-0.227980,0.237563,0.901367,1.446356,0.000000000,0.000000000,0.000000000,0.000848661,0.000711361,0.006492620,16.248000,0.000000000,0.000000000,,8.019861,5.000227,640.105065,left_shoulder_yaw,0.010116772,0,1,0,10,gPO_sBM_cAll_d10_mPO0_ch01;gPO_sBM_cAll_d11_mPO0_ch01;gPO_sBM_cAll_d11_mPO0_ch02;gPO_sBM_cAll_d10_mPO0_ch02;gPO_sBM_cAll_d12_mPO3_ch02;gHO_sBM_cAll_d20_mHO5_ch10;gHO_sBM_cAll_d21_mHO5_ch10;gHO_sBM_cAll_d20_mHO5_ch06;gHO_sBM_cAll_d21_mHO5_ch09;gHO_sBM_cAll_d21_mHO5_ch03,,45.737300,512.471300,52.990200,3525.844700,accepted,0.952790,,0.914164,0.249799396,31.856939,0.103602,HO,0.853284,0.005876,0.002765,JB3:0.675853;JB5:0.669977;JB1:0.656623;LO4:0.621840;WA4:0.610562,gHO_sBM_cAll_d20_mHO5_ch10:0.666196;gHO_sBM_cAll_d21_mHO5_ch10:0.663431;gHO_sBM_cAll_d20_mHO5_ch06:0.663314;gHO_sBM_cAll_d21_mHO5_ch09:0.662257;gHO_sBM_cAll_d21_mHO5_ch03:0.655642;gHO_sBM_cAll_d21_mHO5_ch05:0.648383;gHO_sBM_cAll_d20_mHO5_ch05:0.645154;gHO_sBM_cAll_d21_mHO5_ch02:0.645004;gHO_sBM_cAll_d20_mHO5_ch04:0.644328;gHO_sBM_cAll_d21_mHO5_ch04:0.642310,Electronic---Techno:0.307331;Electronic---Electro:0.207748;Electronic---Deep Techno:0.109927;Electronic---Ambient:0.103602;Electronic---Synthwave:0.099554,PO:v1:k0:r1,,JB3,0.675853,gHO_sBM_cAll_d20_mHO5_ch10,0.666196,120.967742
16.728000,16.754840300,match,hermite,preparing,,6.217248937900877e-15,7.612957883143931e-14,4.495270369094512e-13,0,1.0,1,gPO_sBM_cAll_d12_mPO3_ch02,,,16.344000,gHO_sBM_cAll_d20_mHO5_ch10;gHO_sBM_cAll_d21_mHO5_ch10;gHO_sBM_cAll_d20_mHO5_ch06;gHO_sBM_cAll_d21_mHO5_ch09;gHO_sBM_cAll_d21_mHO5_ch03,13.395106,113,,,,0.881130501,0.216061185,0.000000,motion_end,0.216061185,0.077234,0.128347,0.034431,0.000000,0.087300,0.000000,4.270833,0.350000,beat-sync,1.600000,1.411290,,0.145062877,0.198418450,right_wrist_roll,7.637453701,right_wrist_yaw,0.198418450,right_wrist_roll,2.487821799,right_wrist_yaw,-0.247786,0.250401,0.898766,1.475218,0.000000000,0.000000000,0.000000000,0.000848661,0.000711361,0.006492620,16.248000,0.000000000,0.000000000,,4.986508,3.992178,119.047056,,0.010118823,0,1,0,10,gPO_sBM_cAll_d10_mPO0_ch01;gPO_sBM_cAll_d11_mPO0_ch01;gPO_sBM_cAll_d11_mPO0_ch02;gPO_sBM_cAll_d10_mPO0_ch02;gPO_sBM_cAll_d12_mPO3_ch02;gHO_sBM_cAll_d20_mHO5_ch10;gHO_sBM_cAll_d21_mHO5_ch10;gHO_sBM_cAll_d20_mHO5_ch06;gHO_sBM_cAll_d21_mHO5_ch09;gHO_sBM_cAll_d21_mHO5_ch03,,45.737300,512.471300,52.990200,3525.844700,accepted,0.953843,,0.916079,0.252282779,31.496414,0.099925,HO,0.853652,0.005984,0.002782,JB3:0.677540;JB5:0.671556;JB1:0.657159;LO4:0.623434;WA4:0.613443,gHO_sBM_cAll_d20_mHO5_ch10:0.665635;gHO_sBM_cAll_d21_mHO5_ch10:0.662854;gHO_sBM_cAll_d20_mHO5_ch06:0.662745;gHO_sBM_cAll_d21_mHO5_ch09:0.661672;gHO_sBM_cAll_d21_mHO5_ch03:0.655093;gHO_sBM_cAll_d21_mHO5_ch05:0.647738;gHO_sBM_cAll_d20_mHO5_ch05:0.644538;gHO_sBM_cAll_d21_mHO5_ch02:0.644322;gHO_sBM_cAll_d20_mHO5_ch04:0.643680;gHO_sBM_cAll_d21_mHO5_ch04:0.641625,Electronic---Techno:0.295515;Electronic---Electro:0.214331;Electronic---Deep Techno:0.110386;Electronic---Synthwave:0.101876;Electronic---Ambient:0.099925,PO:v1:k0:r1,,JB3,0.677540,gHO_sBM_cAll_d20_mHO5_ch10,0.665635,120.967742
16.760000,16.801776800,,hermite,preparing,,6.217248937900877e-15,7.612957883143931e-14,4.495270369094512e-13,0,1.0,1,gPO_sBM_cAll_d12_mPO3_ch02,,,16.344000,gHO_sBM_cAll_d20_mHO5_ch10;gHO_sBM_cAll_d21_mHO5_ch10;gHO_sBM_cAll_d20_mHO5_ch06;gHO_sBM_cAll_d21_mHO5_ch09;gHO_sBM_cAll_d21_mHO5_ch03,13.395106,113,,,,0.892226192,0.216061185,0.000000,motion_end,0.216061185,0.077234,0.128347,0.034431,0.000000,0.087300,0.000000,4.270833,0.350000,beat-sync,1.600000,1.411290,,0.143490195,0.105441448,right_wrist_yaw,11.863193642,right_wrist_roll,0.105441448,right_wrist_yaw,5.749442970,right_wrist_roll,-0.296734,0.288284,0.907003,1.605401,0.000000000,0.000000000,0.000000000,0.000848661,0.000711361,0.006492620,16.248000,0.000000000,0.000000000,,15.996498,14.961976,554.541979,,0.010108785,0,1,0,10,gPO_sBM_cAll_d10_mPO0_ch01;gPO_sBM_cAll_d11_mPO0_ch01;gPO_sBM_cAll_d11_mPO0_ch02;gPO_sBM_cAll_d10_mPO0_ch02;gPO_sBM_cAll_d12_mPO3_ch02;gHO_sBM_cAll_d20_mHO5_ch10;gHO_sBM_cAll_d21_mHO5_ch10;gHO_sBM_cAll_d20_mHO5_ch06;gHO_sBM_cAll_d21_mHO5_ch09;gHO_sBM_cAll_d21_mHO5_ch03,,45.737300,512.471300,52.990200,3525.844700,accepted,0.953843,,0.916079,0.252282779,31.496414,0.099925,HO,0.853652,0.005984,0.002782,JB3:0.677540;JB5:0.671556;JB1:0.657159;LO4:0.623434;WA4:0.613443,gHO_sBM_cAll_d20_mHO5_ch10:0.665635;gHO_sBM_cAll_d21_mHO5_ch10:0.662854;gHO_sBM_cAll_d20_mHO5_ch06:0.662745;gHO_sBM_cAll_d21_mHO5_ch09:0.661672;gHO_sBM_cAll_d21_mHO5_ch03:0.655093;gHO_sBM_cAll_d21_mHO5_ch05:0.647738;gHO_sBM_cAll_d20_mHO5_ch05:0.644538;gHO_sBM_cAll_d21_mHO5_ch02:0.644322;gHO_sBM_cAll_d20_mHO5_ch04:0.643680;gHO_sBM_cAll_d21_mHO5_ch04:0.641625,Electronic---Techno:0.295515;Electronic---Electro:0.214331;Electronic---Deep Techno:0.110386;Electronic---Synthwave:0.101876;Electronic---Ambient:0.099925,PO:v1:k0:r1,,JB3,0.677540,gHO_sBM_cAll_d20_mHO5_ch10,0.665635,120.967742
16.824000,16.879225100,,hermite,preparing,,6.217248937900877e-15,7.612957883143931e-14,4.495270369094512e-13,0,1.0,1,gPO_sBM_cAll_d12_mPO3_ch02,,,16.344000,gHO_sBM_cAll_d20_mHO5_ch10;gHO_sBM_cAll_d21_mHO5_ch10;gHO_sBM_cAll_d20_mHO5_ch06;gHO_sBM_cAll_d21_mHO5_ch09;gHO_sBM_cAll_d21_mHO5_ch03,13.395106,113,,,,0.900222460,0.216061185,0.000000,motion_end,0.216061185,0.077234,0.128347,0.034431,0.000000,0.087300,0.000000,4.270833,0.350000,beat-sync,1.600000,0.789141,,0.132100765,0.065464200,right_wrist_yaw,2.050776672,left_wrist_yaw,0.065464200,right_wrist_yaw,0.589922043,left_wrist_yaw,-0.346958,0.330220,0.915000,1.712672,0.000000000,0.000000000,0.000000000,0.000848661,0.000711361,0.006492620,16.824000,0.000000000,0.000000000,,12.985992,12.442500,166.189974,,0.010098766,0,1,0,10,gPO_sBM_cAll_d10_mPO0_ch01;gPO_sBM_cAll_d11_mPO0_ch01;gPO_sBM_cAll_d11_mPO0_ch02;gPO_sBM_cAll_d10_mPO0_ch02;gPO_sBM_cAll_d12_mPO3_ch02;gHO_sBM_cAll_d20_mHO5_ch10;gHO_sBM_cAll_d21_mHO5_ch10;gHO_sBM_cAll_d20_mHO5_ch06;gHO_sBM_cAll_d21_mHO5_ch09;gHO_sBM_cAll_d21_mHO5_ch03,,45.737300,512.471300,52.990200,3525.844700,accepted,0.953843,,0.916079,0.252282779,31.496414,0.099925,HO,0.853652,0.005984,0.002782,JB3:0.677540;JB5:0.671556;JB1:0.657159;LO4:0.623434;WA4:0.613443,gHO_sBM_cAll_d20_mHO5_ch10:0.665635;gHO_sBM_cAll_d21_mHO5_ch10:0.662854;gHO_sBM_cAll_d20_mHO5_ch06:0.662745;gHO_sBM_cAll_d21_mHO5_ch09:0.661672;gHO_sBM_cAll_d21_mHO5_ch03:0.655093;gHO_sBM_cAll_d21_mHO5_ch05:0.647738;gHO_sBM_cAll_d20_mHO5_ch05:0.644538;gHO_sBM_cAll_d21_mHO5_ch02:0.644322;gHO_sBM_cAll_d20_mHO5_ch04:0.643680;gHO_sBM_cAll_d21_mHO5_ch04:0.641625,Electronic---Techno:0.295515;Electronic---Electro:0.214331;Electronic---Deep Techno:0.110386;Electronic---Synthwave:0.101876;Electronic---Ambient:0.099925,PO:v1:k0:r1,,JB3,0.677540,gHO_sBM_cAll_d20_mHO5_ch10,0.665635,120.967742
16.856000,16.907252600,,hermite,preparing,,6.217248937900877e-15,7.612957883143931e-14,4.495270369094512e-13,1,1.0,1,gPO_sBM_cAll_d12_mPO3_ch02,,,16.344000,gHO_sBM_cAll_d20_mHO5_ch10;gHO_sBM_cAll_d21_mHO5_ch10;gHO_sBM_cAll_d20_mHO5_ch06;gHO_sBM_cAll_d21_mHO5_ch09;gHO_sBM_cAll_d21_mHO5_ch03,13.395106,113,,,,0.909260777,0.216061185,0.000000,motion_end,0.216061185,0.077234,0.128347,0.034431,0.000000,0.087300,0.000000,4.270833,0.350000,beat-sync,1.600000,0.789141,,0.129873587,0.090980777,right_wrist_yaw,3.061989298,right_wrist_yaw,0.090980777,right_wrist_yaw,0.738499981,right_wrist_yaw,-0.391018,0.379733,0.897479,1.805810,0.000000000,0.000000000,0.000000000,0.000848661,0.000711361,0.006492620,16.824000,0.000000000,0.000000000,,16.860900,15.257733,176.952019,left_shoulder_yaw,0.010110844,0,1,0,10,gPO_sBM_cAll_d10_mPO0_ch01;gPO_sBM_cAll_d11_mPO0_ch01;gPO_sBM_cAll_d11_mPO0_ch02;gPO_sBM_cAll_d10_mPO0_ch02;gPO_sBM_cAll_d12_mPO3_ch02;gHO_sBM_cAll_d20_mHO5_ch10;gHO_sBM_cAll_d21_mHO5_ch10;gHO_sBM_cAll_d20_mHO5_ch06;gHO_sBM_cAll_d21_mHO5_ch09;gHO_sBM_cAll_d21_mHO5_ch03,,45.737300,512.471300,52.990200,3525.844700,accepted,0.953843,,0.916079,0.252282779,31.496414,0.099925,HO,0.853652,0.005984,0.002782,JB3:0.677540;JB5:0.671556;JB1:0.657159;LO4:0.623434;WA4:0.613443,gHO_sBM_cAll_d20_mHO5_ch10:0.665635;gHO_sBM_cAll_d21_mHO5_ch10:0.662854;gHO_sBM_cAll_d20_mHO5_ch06:0.662745;gHO_sBM_cAll_d21_mHO5_ch09:0.661672;gHO_sBM_cAll_d21_mHO5_ch03:0.655093;gHO_sBM_cAll_d21_mHO5_ch05:0.647738;gHO_sBM_cAll_d20_mHO5_ch05:0.644538;gHO_sBM_cAll_d21_mHO5_ch02:0.644322;gHO_sBM_cAll_d20_mHO5_ch04:0.643680;gHO_sBM_cAll_d21_mHO5_ch04:0.641625,Electronic---Techno:0.295515;Electronic---Electro:0.214331;Electronic---Deep Techno:0.110386;Electronic---Synthwave:0.101876;Electronic---Ambient:0.099925,PO:v1:k0:r1,,JB3,0.677540,gHO_sBM_cAll_d20_mHO5_ch10,0.665635,120.967742
16.920000,16.948339600,,hermite,preparing,,6.217248937900877e-15,7.612957883143931e-14,4.495270369094512e-13,0,1.0,1,gPO_sBM_cAll_d12_mPO3_ch02,,,16.344000,gHO_sBM_cAll_d20_mHO5_ch10;gHO_sBM_cAll_d21_mHO5_ch10;gHO_sBM_cAll_d20_mHO5_ch06;gHO_sBM_cAll_d21_mHO5_ch09;gHO_sBM_cAll_d21_mHO5_ch03,13.395106,113,,,,0.918962321,0.216061185,0.000000,motion_end,0.216061185,0.077234,0.128347,0.034431,0.000000,0.087300,0.000000,4.270833,0.350000,beat-sync,1.600000,0.789141,,0.127081308,0.089687715,right_wrist_yaw,0.042323692,left_wrist_roll,0.089687715,right_wrist_yaw,0.032985497,left_wrist_roll,-0.411917,0.420278,0.890012,1.876931,0.000000000,0.000000000,0.000000000,0.000848661,0.000711361,0.006492620,16.824000,0.000000000,0.000000000,,0.043503,0.039875,2.333022,,0.010095842,0,1,0,10,gPO_sBM_cAll_d10_mPO0_ch01;gPO_sBM_cAll_d11_mPO0_ch01;gPO_sBM_cAll_d11_mPO0_ch02;gPO_sBM_cAll_d10_mPO0_ch02;gPO_sBM_cAll_d12_mPO3_ch02;gHO_sBM_cAll_d20_mHO5_ch10;gHO_sBM_cAll_d21_mHO5_ch10;gHO_sBM_cAll_d20_mHO5_ch06;gHO_sBM_cAll_d21_mHO5_ch09;gHO_sBM_cAll_d21_mHO5_ch03,,45.737300,512.471300,52.990200,3525.844700,accepted,0.953843,,0.916079,0.252282779,31.496414,0.099925,HO,0.853652,0.005984,0.002782,JB3:0.677540;JB5:0.671556;JB1:0.657159;LO4:0.623434;WA4:0.613443,gHO_sBM_cAll_d20_mHO5_ch10:0.665635;gHO_sBM_cAll_d21_mHO5_ch10:0.662854;gHO_sBM_cAll_d20_mHO5_ch06:0.662745;gHO_sBM_cAll_d21_mHO5_ch09:0.661672;gHO_sBM_cAll_d21_mHO5_ch03:0.655093;gHO_sBM_cAll_d21_mHO5_ch05:0.647738;gHO_sBM_cAll_d20_mHO5_ch05:0.644538;gHO_sBM_cAll_d21_mHO5_ch02:0.644322;gHO_sBM_cAll_d20_mHO5_ch04:0.643680;gHO_sBM_cAll_d21_mHO5_ch04:0.641625,Electronic---Techno:0.295515;Electronic---Electro:0.214331;Electronic---Deep Techno:0.110386;Electronic---Synthwave:0.101876;Electronic---Ambient:0.099925,PO:v1:k0:r1,,JB3,0.677540,gHO_sBM_cAll_d20_mHO5_ch10,0.665635,120.967742
16.952000,16.988630600,,hermite,preparing,,6.217248937900877e-15,7.612957883143931e-14,4.495270369094512e-13,0,1.0,1,gPO_sBM_cAll_d12_mPO3_ch02,,,16.344000,gHO_sBM_cAll_d20_mHO5_ch10;gHO_sBM_cAll_d21_mHO5_ch10;gHO_sBM_cAll_d20_mHO5_ch06;gHO_sBM_cAll_d21_mHO5_ch09;gHO_sBM_cAll_d21_mHO5_ch03,13.395106,113,,,,0.926265755,0.216061185,0.000000,motion_end,0.216061185,0.077234,0.128347,0.034431,0.000000,0.087300,0.000000,4.270833,0.350000,beat-sync,1.600000,0.789141,,0.124701756,0.088251110,right_wrist_yaw,0.049328682,left_wrist_roll,0.088251110,right_wrist_yaw,0.080488790,left_wrist_roll,-0.432816,0.434172,0.888666,1.892111,0.000000000,0.000000000,0.000000000,0.000848661,0.000711361,0.006492620,16.824000,0.000000000,0.000000000,,0.084121,0.041255,2.500609,,0.010080885,0,1,0,10,gPO_sBM_cAll_d10_mPO0_ch01;gPO_sBM_cAll_d11_mPO0_ch01;gPO_sBM_cAll_d11_mPO0_ch02;gPO_sBM_cAll_d10_mPO0_ch02;gPO_sBM_cAll_d12_mPO3_ch02;gHO_sBM_cAll_d20_mHO5_ch10;gHO_sBM_cAll_d21_mHO5_ch10;gHO_sBM_cAll_d20_mHO5_ch06;gHO_sBM_cAll_d21_mHO5_ch09;gHO_sBM_cAll_d21_mHO5_ch03,,45.737300,512.471300,52.990200,3525.844700,accepted,0.953843,,0.916079,0.252282779,31.496414,0.099925,HO,0.853652,0.005984,0.002782,JB3:0.677540;JB5:0.671556;JB1:0.657159;LO4:0.623434;WA4:0.613443,gHO_sBM_cAll_d20_mHO5_ch10:0.665635;gHO_sBM_cAll_d21_mHO5_ch10:0.662854;gHO_sBM_cAll_d20_mHO5_ch06:0.662745;gHO_sBM_cAll_d21_mHO5_ch09:0.661672;gHO_sBM_cAll_d21_mHO5_ch03:0.655093;gHO_sBM_cAll_d21_mHO5_ch05:0.647738;gHO_sBM_cAll_d20_mHO5_ch05:0.644538;gHO_sBM_cAll_d21_mHO5_ch02:0.644322;gHO_sBM_cAll_d20_mHO5_ch04:0.643680;gHO_sBM_cAll_d21_mHO5_ch04:0.641625,Electronic---Techno:0.295515;Electronic---Electro:0.214331;Electronic---Deep Techno:0.110386;Electronic---Synthwave:0.101876;Electronic---Ambient:0.099925,PO:v1:k0:r1,,JB3,0.677540,gHO_sBM_cAll_d20_mHO5_ch10,0.665635,120.967742
16.952000,17.003469100,beat_limiter_result,hermite,preparing,,6.217248937900877e-15,7.612957883143931e-14,4.495270369094512e-13,0,1.0,1,gPO_sBM_cAll_d12_mPO3_ch02,,,16.344000,gHO_sBM_cAll_d20_mHO5_ch10;gHO_sBM_cAll_d21_mHO5_ch10;gHO_sBM_cAll_d20_mHO5_ch06;gHO_sBM_cAll_d21_mHO5_ch09;gHO_sBM_cAll_d21_mHO5_ch03,13.395106,113,,,,0.929290104,0.216061185,0.000000,motion_end,0.216061185,0.077234,0.128347,0.034431,0.000000,0.087300,0.000000,4.270833,0.350000,beat-sync,1.600000,0.789141,,0.123649734,0.087620657,right_wrist_yaw,0.108077716,left_wrist_roll,0.087620657,right_wrist_yaw,0.082063566,left_wrist_roll,-0.438420,0.439167,0.885000,1.896815,0.000000000,0.000000000,0.000000000,0.000848661,0.000711361,0.006492620,16.824000,0.000000000,0.000000000,,0.082064,0.072400,2.646814,,0.010075910,0,1,0,10,gPO_sBM_cAll_d10_mPO0_ch01;gPO_sBM_cAll_d11_mPO0_ch01;gPO_sBM_cAll_d11_mPO0_ch02;gPO_sBM_cAll_d10_mPO0_ch02;gPO_sBM_cAll_d12_mPO3_ch02;gHO_sBM_cAll_d20_mHO5_ch10;gHO_sBM_cAll_d21_mHO5_ch10;gHO_sBM_cAll_d20_mHO5_ch06;gHO_sBM_cAll_d21_mHO5_ch09;gHO_sBM_cAll_d21_mHO5_ch03,,45.737300,512.471300,52.990200,3525.844700,accepted,0.953843,,0.916079,0.252282779,31.496414,0.099925,HO,0.853652,0.005984,0.002782,JB3:0.677540;JB5:0.671556;JB1:0.657159;LO4:0.623434;WA4:0.613443,gHO_sBM_cAll_d20_mHO5_ch10:0.665635;gHO_sBM_cAll_d21_mHO5_ch10:0.662854;gHO_sBM_cAll_d20_mHO5_ch06:0.662745;gHO_sBM_cAll_d21_mHO5_ch09:0.661672;gHO_sBM_cAll_d21_mHO5_ch03:0.655093;gHO_sBM_cAll_d21_mHO5_ch05:0.647738;gHO_sBM_cAll_d20_mHO5_ch05:0.644538;gHO_sBM_cAll_d21_mHO5_ch02:0.644322;gHO_sBM_cAll_d20_mHO5_ch04:0.643680;gHO_sBM_cAll_d21_mHO5_ch04:0.641625,Electronic---Techno:0.295515;Electronic---Electro:0.214331;Electronic---Deep Techno:0.110386;Electronic---Synthwave:0.101876;Electronic---Ambient:0.099925,PO:v1:k0:r1,,JB3,0.677540,gHO_sBM_cAll_d20_mHO5_ch10,0.665635,120.967742
17.016000,17.071052300,,hermite,preparing,,6.217248937900877e-15,7.612957883143931e-14,4.495270369094512e-13,0,1.0,1,gPO_sBM_cAll_d12_mPO3_ch02,,,16.344000,gHO_sBM_cAll_d20_mHO5_ch10;gHO_sBM_cAll_d21_mHO5_ch10;gHO_sBM_cAll_d20_mHO5_ch06;gHO_sBM_cAll_d21_mHO5_ch09;gHO_sBM_cAll_d21_mHO5_ch03,13.395106,113,,,,0.938753171,0.216061185,0.000000,motion_end,0.216061185,0.077234,0.128347,0.034431,0.000000,0.087300,0.000000,4.270833,0.350000,beat-sync,1.600000,0.789141,,0.120142965,0.085413499,right_wrist_yaw,0.154177664,right_wrist_roll,0.085413499,right_wrist_yaw,0.089320569,right_wrist_roll,-0.453038,0.457728,0.862383,1.998675,0.000000000,0.000000000,0.000000000,0.000848661,0.000711361,0.006492620,16.824000,0.000000000,0.000000000,,0.089321,0.062028,1.053442,,0.010061012,0,1,0,10,gPO_sBM_cAll_d10_mPO0_ch01;gPO_sBM_cAll_d11_mPO0_ch01;gPO_sBM_cAll_d11_mPO0_ch02;gPO_sBM_cAll_d10_mPO0_ch02;gPO_sBM_cAll_d12_mPO3_ch02;gHO_sBM_cAll_d20_mHO5_ch10;gHO_sBM_cAll_d21_mHO5_ch10;gHO_sBM_cAll_d20_mHO5_ch06;gHO_sBM_cAll_d21_mHO5_ch09;gHO_sBM_cAll_d21_mHO5_ch03,,45.737300,512.471300,52.990200,3525.844700,accepted,0.953843,,0.916079,0.252282779,31.496414,0.099925,HO,0.853652,0.005984,0.002782,JB3:0.677540;JB5:0.671556;JB1:0.657159;LO4:0.623434;WA4:0.613443,gHO_sBM_cAll_d20_mHO5_ch10:0.665635;gHO_sBM_cAll_d21_mHO5_ch10:0.662854;gHO_sBM_cAll_d20_mHO5_ch06:0.662745;gHO_sBM_cAll_d21_mHO5_ch09:0.661672;gHO_sBM_cAll_d21_mHO5_ch03:0.655093;gHO_sBM_cAll_d21_mHO5_ch05:0.647738;gHO_sBM_cAll_d20_mHO5_ch05:0.644538;gHO_sBM_cAll_d21_mHO5_ch02:0.644322;gHO_sBM_cAll_d20_mHO5_ch04:0.643680;gHO_sBM_cAll_d21_mHO5_ch04:0.641625,Electronic---Techno:0.295515;Electronic---Electro:0.214331;Electronic---Deep Techno:0.110386;Electronic---Synthwave:0.101876;Electronic---Ambient:0.099925,PO:v1:k0:r1,,JB3,0.677540,gHO_sBM_cAll_d20_mHO5_ch10,0.665635,120.967742
17.080000,17.126536300,,hermite,preparing,,6.217248937900877e-15,7.612957883143931e-14,4.495270369094512e-13,0,0.9843349368187357,1,gPO_sBM_cAll_d12_mPO3_ch02,,,16.344000,gHO_sBM_cAll_d20_mHO5_ch10;gHO_sBM_cAll_d21_mHO5_ch10;gHO_sBM_cAll_d20_mHO5_ch06;gHO_sBM_cAll_d21_mHO5_ch09;gHO_sBM_cAll_d21_mHO5_ch03,13.395106,113,,,,0.949746447,0.216061185,0.000000,motion_end,0.216061185,0.077234,0.128347,0.034431,0.000000,0.087300,0.000000,4.270833,0.350000,beat-sync,1.556060,0.789141,,-0.001546558,0.173452293,left_wrist_yaw,0.226974415,right_wrist_roll,0.173452293,left_wrist_yaw,0.114103824,right_wrist_roll,-0.459019,0.459623,0.862604,1.967525,0.000000000,0.000000000,0.000000000,0.000848661,0.000711361,0.006492620,16.824000,0.000000000,0.000000000,,0.114104,0.104313,159.398960,,0.010051104,0,1,0,10,gPO_sBM_cAll_d10_mPO0_ch01;gPO_sBM_cAll_d11_mPO0_ch01;gPO_sBM_cAll_d11_mPO0_ch02;gPO_sBM_cAll_d10_mPO0_ch02;gPO_sBM_cAll_d12_mPO3_ch02;gHO_sBM_cAll_d20_mHO5_ch10;gHO_sBM_cAll_d21_mHO5_ch10;gHO_sBM_cAll_d20_mHO5_ch06;gHO_sBM_cAll_d21_mHO5_ch09;gHO_sBM_cAll_d21_mHO5_ch03,,45.737300,512.471300,52.990200,3525.844700,accepted,0.953843,,0.916079,0.252282779,31.496414,0.099925,HO,0.853652,0.005984,0.002782,JB3:0.677540;JB5:0.671556;JB1:0.657159;LO4:0.623434;WA4:0.613443,gHO_sBM_cAll_d20_mHO5_ch10:0.665635;gHO_sBM_cAll_d21_mHO5_ch10:0.662854;gHO_sBM_cAll_d20_mHO5_ch06:0.662745;gHO_sBM_cAll_d21_mHO5_ch09:0.661672;gHO_sBM_cAll_d21_mHO5_ch03:0.655093;gHO_sBM_cAll_d21_mHO5_ch05:0.647738;gHO_sBM_cAll_d20_mHO5_ch05:0.644538;gHO_sBM_cAll_d21_mHO5_ch02:0.644322;gHO_sBM_cAll_d20_mHO5_ch04:0.643680;gHO_sBM_cAll_d21_mHO5_ch04:0.641625,Electronic---Techno:0.295515;Electronic---Electro:0.214331;Electronic---Deep Techno:0.110386;Electronic---Synthwave:0.101876;Electronic---Ambient:0.099925,PO:v1:k0:r1,,JB3,0.677540,gHO_sBM_cAll_d20_mHO5_ch10,0.665635,120.967742
17.112000,17.147908600,,hermite,preparing,,6.217248937900877e-15,7.612957883143931e-14,4.495270369094512e-13,0,0.9363247682223189,1,gPO_sBM_cAll_d12_mPO3_ch02,,,16.344000,gHO_sBM_cAll_d20_mHO5_ch10;gHO_sBM_cAll_d21_mHO5_ch10;gHO_sBM_cAll_d20_mHO5_ch06;gHO_sBM_cAll_d21_mHO5_ch09;gHO_sBM_cAll_d21_mHO5_ch03,13.395106,113,,,,0.954529299,0.216061185,0.000000,motion_end,0.216061185,0.077234,0.128347,0.034431,0.000000,0.087300,0.000000,4.270833,0.350000,beat-sync,1.499846,0.789141,,-0.001856417,0.171373806,left_wrist_yaw,0.356312053,left_wrist_roll,0.171373806,left_wrist_yaw,0.088573763,left_wrist_roll,-0.462873,0.458651,0.862284,1.962774,0.000000000,0.000000000,0.000000000,0.000848661,0.000711361,0.006492620,16.824000,0.000000000,0.000000000,,0.088574,0.086012,0.530138,,0.010046158,0,1,0,10,gPO_sBM_cAll_d10_mPO0_ch01;gPO_sBM_cAll_d11_mPO0_ch01;gPO_sBM_cAll_d11_mPO0_ch02;gPO_sBM_cAll_d10_mPO0_ch02;gPO_sBM_cAll_d12_mPO3_ch02;gHO_sBM_cAll_d20_mHO5_ch10;gHO_sBM_cAll_d21_mHO5_ch10;gHO_sBM_cAll_d20_mHO5_ch06;gHO_sBM_cAll_d21_mHO5_ch09;gHO_sBM_cAll_d21_mHO5_ch03,,45.737300,512.471300,52.990200,3525.844700,accepted,0.953843,,0.916079,0.252282779,31.496414,0.099925,HO,0.853652,0.005984,0.002782,JB3:0.677540;JB5:0.671556;JB1:0.657159;LO4:0.623434;WA4:0.613443,gHO_sBM_cAll_d20_mHO5_ch10:0.665635;gHO_sBM_cAll_d21_mHO5_ch10:0.662854;gHO_sBM_cAll_d20_mHO5_ch06:0.662745;gHO_sBM_cAll_d21_mHO5_ch09:0.661672;gHO_sBM_cAll_d21_mHO5_ch03:0.655093;gHO_sBM_cAll_d21_mHO5_ch05:0.647738;gHO_sBM_cAll_d20_mHO5_ch05:0.644538;gHO_sBM_cAll_d21_mHO5_ch02:0.644322;gHO_sBM_cAll_d20_mHO5_ch04:0.643680;gHO_sBM_cAll_d21_mHO5_ch04:0.641625,Electronic---Techno:0.295515;Electronic---Electro:0.214331;Electronic---Deep Techno:0.110386;Electronic---Synthwave:0.101876;Electronic---Ambient:0.099925,PO:v1:k0:r1,,JB3,0.677540,gHO_sBM_cAll_d20_mHO5_ch10,0.665635,120.967742
17.176000,17.196444400,,hermite,preparing,,6.217248937900877e-15,7.612957883143931e-14,4.495270369094512e-13,0,0.7648072915436828,1,gPO_sBM_cAll_d12_mPO3_ch02,,,16.344000,gHO_sBM_cAll_d20_mHO5_ch10;gHO_sBM_cAll_d21_mHO5_ch10;gHO_sBM_cAll_d20_mHO5_ch06;gHO_sBM_cAll_d21_mHO5_ch09;gHO_sBM_cAll_d21_mHO5_ch03,13.395106,113,,,,0.962715967,0.216061185,0.000000,motion_end,0.216061185,0.077234,0.128347,0.034431,0.000000,0.087300,0.000000,4.270833,0.350000,beat-sync,1.395262,0.789141,,-0.001799377,0.166874824,left_wrist_yaw,0.466831480,right_wrist_roll,0.166874824,left_wrist_yaw,0.163150665,right_wrist_roll,-0.468193,0.457419,0.860721,1.946897,0.000000000,0.000000000,0.000000000,0.000848661,0.000711361,0.006492620,16.824000,0.000000000,0.000000000,,0.163151,0.155268,1.352825,,0.010036280,0,1,0,10,gPO_sBM_cAll_d10_mPO0_ch01;gPO_sBM_cAll_d11_mPO0_ch01;gPO_sBM_cAll_d11_mPO0_ch02;gPO_sBM_cAll_d10_mPO0_ch02;gPO_sBM_cAll_d12_mPO3_ch02;gHO_sBM_cAll_d20_mHO5_ch10;gHO_sBM_cAll_d21_mHO5_ch10;gHO_sBM_cAll_d20_mHO5_ch06;gHO_sBM_cAll_d21_mHO5_ch09;gHO_sBM_cAll_d21_mHO5_ch03,,45.737300,512.471300,52.990200,3525.844700,accepted,0.953843,,0.916079,0.252282779,31.496414,0.099925,HO,0.853652,0.005984,0.002782,JB3:0.677540;JB5:0.671556;JB1:0.657159;LO4:0.623434;WA4:0.613443,gHO_sBM_cAll_d20_mHO5_ch10:0.665635;gHO_sBM_cAll_d21_mHO5_ch10:0.662854;gHO_sBM_cAll_d20_mHO5_ch06:0.662745;gHO_sBM_cAll_d21_mHO5_ch09:0.661672;gHO_sBM_cAll_d21_mHO5_ch03:0.655093;gHO_sBM_cAll_d21_mHO5_ch05:0.647738;gHO_sBM_cAll_d20_mHO5_ch05:0.644538;gHO_sBM_cAll_d21_mHO5_ch02:0.644322;gHO_sBM_cAll_d20_mHO5_ch04:0.643680;gHO_sBM_cAll_d21_mHO5_ch04:0.641625,Electronic---Techno:0.295515;Electronic---Electro:0.214331;Electronic---Deep Techno:0.110386;Electronic---Synthwave:0.101876;Electronic---Ambient:0.099925,PO:v1:k0:r1,,JB3,0.677540,gHO_sBM_cAll_d20_mHO5_ch10,0.665635,120.967742
17.208000,17.234857300,,hermite,preparing,,6.217248937900877e-15,7.612957883143931e-14,4.495270369094512e-13,0,0.6064597163866383,1,gPO_sBM_cAll_d12_mPO3_ch02,,,16.344000,gHO_sBM_cAll_d20_mHO5_ch10;gHO_sBM_cAll_d21_mHO5_ch10;gHO_sBM_cAll_d20_mHO5_ch06;gHO_sBM_cAll_d21_mHO5_ch09;gHO_sBM_cAll_d21_mHO5_ch03,13.395106,113,,,,0.968033787,0.216061185,0.000000,motion_end,0.216061185,0.077234,0.128347,0.034431,0.000000,0.087300,0.000000,4.270833,0.350000,beat-sync,1.320280,0.789141,,-0.000966896,0.163813932,left_wrist_yaw,0.256651596,right_wrist_roll,0.163813932,left_wrist_yaw,0.126270866,right_wrist_roll,-0.472307,0.458236,0.859881,1.937119,0.000000000,0.000000000,0.000000000,0.000848661,0.000711361,0.006492620,16.824000,0.000000000,0.000000000,,0.126271,0.099125,2.013961,,0.010026421,0,1,0,10,gPO_sBM_cAll_d10_mPO0_ch01;gPO_sBM_cAll_d11_mPO0_ch01;gPO_sBM_cAll_d11_mPO0_ch02;gPO_sBM_cAll_d10_mPO0_ch02;gPO_sBM_cAll_d12_mPO3_ch02;gHO_sBM_cAll_d20_mHO5_ch10;gHO_sBM_cAll_d21_mHO5_ch10;gHO_sBM_cAll_d20_mHO5_ch06;gHO_sBM_cAll_d21_mHO5_ch09;gHO_sBM_cAll_d21_mHO5_ch03,,45.737300,512.471300,52.990200,3525.844700,accepted,0.953843,,0.916079,0.252282779,31.496414,0.099925,HO,0.853652,0.005984,0.002782,JB3:0.677540;JB5:0.671556;JB1:0.657159;LO4:0.623434;WA4:0.613443,gHO_sBM_cAll_d20_mHO5_ch10:0.665635;gHO_sBM_cAll_d21_mHO5_ch10:0.662854;gHO_sBM_cAll_d20_mHO5_ch06:0.662745;gHO_sBM_cAll_d21_mHO5_ch09:0.661672;gHO_sBM_cAll_d21_mHO5_ch03:0.655093;gHO_sBM_cAll_d21_mHO5_ch05:0.647738;gHO_sBM_cAll_d20_mHO5_ch05:0.644538;gHO_sBM_cAll_d21_mHO5_ch02:0.644322;gHO_sBM_cAll_d20_mHO5_ch04:0.643680;gHO_sBM_cAll_d21_mHO5_ch04:0.641625,Electronic---Techno:0.295515;Electronic---Electro:0.214331;Electronic---Deep Techno:0.110386;Electronic---Synthwave:0.101876;Electronic---Ambient:0.099925,PO:v1:k0:r1,,JB3,0.677540,gHO_sBM_cAll_d20_mHO5_ch10,0.665635,120.967742
17.272000,17.309940100,,hermite,preparing,,6.217248937900877e-15,7.612957883143931e-14,4.495270369094512e-13,0,0.2960087894673118,1,gPO_sBM_cAll_d12_mPO3_ch02,,,16.344000,gHO_sBM_cAll_d20_mHO5_ch10;gHO_sBM_cAll_d21_mHO5_ch10;gHO_sBM_cAll_d20_mHO5_ch06;gHO_sBM_cAll_d21_mHO5_ch09;gHO_sBM_cAll_d21_mHO5_ch03,13.395106,113,,,,0.977774664,0.216061185,0.000000,motion_end,0.216061185,0.077234,0.128347,0.034431,0.000000,0.087300,0.000000,4.270833,0.350000,beat-sync,1.166538,0.789141,,-0.001111696,0.159320565,left_wrist_yaw,0.253301042,left_wrist_roll,0.159320565,left_wrist_yaw,0.157803446,left_wrist_roll,-0.476947,0.461549,0.857932,1.941366,0.000000000,0.000000000,0.000000000,0.000848661,0.000711361,0.006492620,16.824000,0.000000000,0.000000000,,0.157803,0.125926,4.353361,,0.010006761,0,1,0,10,gPO_sBM_cAll_d10_mPO0_ch01;gPO_sBM_cAll_d11_mPO0_ch01;gPO_sBM_cAll_d11_mPO0_ch02;gPO_sBM_cAll_d10_mPO0_ch02;gPO_sBM_cAll_d12_mPO3_ch02;gHO_sBM_cAll_d20_mHO5_ch10;gHO_sBM_cAll_d21_mHO5_ch10;gHO_sBM_cAll_d20_mHO5_ch06;gHO_sBM_cAll_d21_mHO5_ch09;gHO_sBM_cAll_d21_mHO5_ch03,,45.737300,512.471300,52.990200,3525.844700,accepted,0.953843,,0.916079,0.252282779,31.496414,0.099925,HO,0.853652,0.005984,0.002782,JB3:0.677540;JB5:0.671556;JB1:0.657159;LO4:0.623434;WA4:0.613443,gHO_sBM_cAll_d20_mHO5_ch10:0.665635;gHO_sBM_cAll_d21_mHO5_ch10:0.662854;gHO_sBM_cAll_d20_mHO5_ch06:0.662745;gHO_sBM_cAll_d21_mHO5_ch09:0.661672;gHO_sBM_cAll_d21_mHO5_ch03:0.655093;gHO_sBM_cAll_d21_mHO5_ch05:0.647738;gHO_sBM_cAll_d20_mHO5_ch05:0.644538;gHO_sBM_cAll_d21_mHO5_ch02:0.644322;gHO_sBM_cAll_d20_mHO5_ch04:0.643680;gHO_sBM_cAll_d21_mHO5_ch04:0.641625,Electronic---Techno:0.295515;Electronic---Electro:0.214331;Electronic---Deep Techno:0.110386;Electronic---Synthwave:0.101876;Electronic---Ambient:0.099925,PO:v1:k0:r1,,JB3,0.677540,gHO_sBM_cAll_d20_mHO5_ch10,0.665635,120.967742
17.304000,17.315699200,,hermite,preparing,,6.217248937900877e-15,7.612957883143931e-14,4.495270369094512e-13,0,0.2674724358175502,1,gPO_sBM_cAll_d12_mPO3_ch02,,,16.344000,gHO_sBM_cAll_d20_mHO5_ch10;gHO_sBM_cAll_d21_mHO5_ch10;gHO_sBM_cAll_d20_mHO5_ch06;gHO_sBM_cAll_d21_mHO5_ch09;gHO_sBM_cAll_d21_mHO5_ch03,13.395106,113,,,,0.978760101,0.216061185,0.000000,motion_end,0.216061185,0.077234,0.128347,0.034431,0.000000,0.087300,0.000000,4.270833,0.350000,beat-sync,1.150073,0.789141,,-0.000283248,0.158996395,left_wrist_yaw,0.055571993,left_wrist_roll,0.158996395,left_wrist_yaw,0.097749904,left_wrist_roll,-0.478391,0.464249,0.856800,1.938951,0.000000000,0.000000000,0.000000000,0.000848661,0.000711361,0.006492620,16.824000,0.000000000,0.000000000,,0.097750,0.080314,7.910408,,0.010001858,0,1,0,10,gPO_sBM_cAll_d10_mPO0_ch01;gPO_sBM_cAll_d11_mPO0_ch01;gPO_sBM_cAll_d11_mPO0_ch02;gPO_sBM_cAll_d10_mPO0_ch02;gPO_sBM_cAll_d12_mPO3_ch02;gHO_sBM_cAll_d20_mHO5_ch10;gHO_sBM_cAll_d21_mHO5_ch10;gHO_sBM_cAll_d20_mHO5_ch06;gHO_sBM_cAll_d21_mHO5_ch09;gHO_sBM_cAll_d21_mHO5_ch03,,45.737300,512.471300,52.990200,3525.844700,accepted,0.953843,,0.916079,0.252282779,31.496414,0.099925,HO,0.853652,0.005984,0.002782,JB3:0.677540;JB5:0.671556;JB1:0.657159;LO4:0.623434;WA4:0.613443,gHO_sBM_cAll_d20_mHO5_ch10:0.665635;gHO_sBM_cAll_d21_mHO5_ch10:0.662854;gHO_sBM_cAll_d20_mHO5_ch06:0.662745;gHO_sBM_cAll_d21_mHO5_ch09:0.661672;gHO_sBM_cAll_d21_mHO5_ch03:0.655093;gHO_sBM_cAll_d21_mHO5_ch05:0.647738;gHO_sBM_cAll_d20_mHO5_ch05:0.644538;gHO_sBM_cAll_d21_mHO5_ch02:0.644322;gHO_sBM_cAll_d20_mHO5_ch04:0.643680;gHO_sBM_cAll_d21_mHO5_ch04:0.641625,Electronic---Techno:0.295515;Electronic---Electro:0.214331;Electronic---Deep Techno:0.110386;Electronic---Synthwave:0.101876;Electronic---Ambient:0.099925,PO:v1:k0:r1,,JB3,0.677540,gHO_sBM_cAll_d20_mHO5_ch10,0.665635,120.967742
17.368000,17.409997800,,hermite,preparing,,6.217248937900877e-15,7.612957883143931e-14,4.495270369094512e-13,0,0.09110025136297199,1,gPO_sBM_cAll_d12_mPO3_ch02,,,16.344000,gHO_sBM_cAll_d20_mHO5_ch10;gHO_sBM_cAll_d21_mHO5_ch10;gHO_sBM_cAll_d20_mHO5_ch06;gHO_sBM_cAll_d21_mHO5_ch09;gHO_sBM_cAll_d21_mHO5_ch03,13.395106,113,,,,0.986357655,0.216061185,0.000000,motion_end,0.216061185,0.077234,0.128347,0.034431,0.000000,0.087300,0.000000,4.270833,0.350000,beat-sync,1.019615,0.789141,,-0.000315642,0.239613105,right_wrist_yaw,0.775271953,right_wrist_yaw,0.239613105,right_wrist_yaw,0.237334445,right_wrist_yaw,-0.479519,0.466420,0.854852,1.933279,0.000000000,0.000000000,0.000000000,0.000848661,0.000711361,0.006492620,16.824000,0.000000000,0.000000000,,6.621550,6.236973,183.894673,,0.010068696,0,1,0,10,gPO_sBM_cAll_d10_mPO0_ch01;gPO_sBM_cAll_d11_mPO0_ch01;gPO_sBM_cAll_d11_mPO0_ch02;gPO_sBM_cAll_d10_mPO0_ch02;gPO_sBM_cAll_d12_mPO3_ch02;gHO_sBM_cAll_d20_mHO5_ch10;gHO_sBM_cAll_d21_mHO5_ch10;gHO_sBM_cAll_d20_mHO5_ch06;gHO_sBM_cAll_d21_mHO5_ch09;gHO_sBM_cAll_d21_mHO5_ch03,,45.737300,512.471300,52.990200,3525.844700,accepted,0.953843,,0.916079,0.252282779,31.496414,0.099925,HO,0.853652,0.005984,0.002782,JB3:0.677540;JB5:0.671556;JB1:0.657159;LO4:0.623434;WA4:0.613443,gHO_sBM_cAll_d20_mHO5_ch10:0.665635;gHO_sBM_cAll_d21_mHO5_ch10:0.662854;gHO_sBM_cAll_d20_mHO5_ch06:0.662745;gHO_sBM_cAll_d21_mHO5_ch09:0.661672;gHO_sBM_cAll_d21_mHO5_ch03:0.655093;gHO_sBM_cAll_d21_mHO5_ch05:0.647738;gHO_sBM_cAll_d20_mHO5_ch05:0.644538;gHO_sBM_cAll_d21_mHO5_ch02:0.644322;gHO_sBM_cAll_d20_mHO5_ch04:0.643680;gHO_sBM_cAll_d21_mHO5_ch04:0.641625,Electronic---Techno:0.295515;Electronic---Electro:0.214331;Electronic---Deep Techno:0.110386;Electronic---Synthwave:0.101876;Electronic---Ambient:0.099925,PO:v1:k0:r1,,JB3,0.677540,gHO_sBM_cAll_d20_mHO5_ch10,0.665635,120.967742
17.400000,17.448538800,,hermite,preparing,,6.217248937900877e-15,7.612957883143931e-14,4.495270369094512e-13,1,0.0272725368423426,1,gPO_sBM_cAll_d12_mPO3_ch02,,,16.344000,gHO_sBM_cAll_d20_mHO5_ch10;gHO_sBM_cAll_d21_mHO5_ch10;gHO_sBM_cAll_d20_mHO5_ch06;gHO_sBM_cAll_d21_mHO5_ch09;gHO_sBM_cAll_d21_mHO5_ch03,13.395106,113,,,,0.991318657,0.216061185,0.000000,motion_end,0.216061185,0.077234,0.128347,0.034431,0.000000,0.087300,0.000000,4.270833,0.350000,beat-sync,0.932785,0.789141,,-0.000530631,0.238160547,right_wrist_yaw,0.856439170,left_wrist_yaw,0.238160547,right_wrist_yaw,0.283589880,left_wrist_yaw,-0.479803,0.466010,0.855422,1.929494,0.000000000,0.000000000,0.000000000,0.000848661,0.000711361,0.006492620,16.824000,0.000000000,0.000000000,,16.301030,11.730186,160.066594,left_shoulder_yaw;right_knee;right_shoulder_yaw,0.010114269,0,1,0,10,gPO_sBM_cAll_d10_mPO0_ch01;gPO_sBM_cAll_d11_mPO0_ch01;gPO_sBM_cAll_d11_mPO0_ch02;gPO_sBM_cAll_d10_mPO0_ch02;gPO_sBM_cAll_d12_mPO3_ch02;gHO_sBM_cAll_d20_mHO5_ch10;gHO_sBM_cAll_d21_mHO5_ch10;gHO_sBM_cAll_d20_mHO5_ch06;gHO_sBM_cAll_d21_mHO5_ch09;gHO_sBM_cAll_d21_mHO5_ch03,,45.737300,512.471300,52.990200,3525.844700,accepted,0.953843,,0.916079,0.252282779,31.496414,0.099925,HO,0.853652,0.005984,0.002782,JB3:0.677540;JB5:0.671556;JB1:0.657159;LO4:0.623434;WA4:0.613443,gHO_sBM_cAll_d20_mHO5_ch10:0.665635;gHO_sBM_cAll_d21_mHO5_ch10:0.662854;gHO_sBM_cAll_d20_mHO5_ch06:0.662745;gHO_sBM_cAll_d21_mHO5_ch09:0.661672;gHO_sBM_cAll_d21_mHO5_ch03:0.655093;gHO_sBM_cAll_d21_mHO5_ch05:0.647738;gHO_sBM_cAll_d20_mHO5_ch05:0.644538;gHO_sBM_cAll_d21_mHO5_ch02:0.644322;gHO_sBM_cAll_d20_mHO5_ch04:0.643680;gHO_sBM_cAll_d21_mHO5_ch04:0.641625,Electronic---Techno:0.295515;Electronic---Electro:0.214331;Electronic---Deep Techno:0.110386;Electronic---Synthwave:0.101876;Electronic---Ambient:0.099925,PO:v1:k0:r1,,JB3,0.677540,gHO_sBM_cAll_d20_mHO5_ch10,0.665635,120.967742
17.432000,17.467829900,,hermite,preparing,,6.217248937900877e-15,7.612957883143931e-14,4.495270369094512e-13,0,0.0045125847059982235,1,gPO_sBM_cAll_d12_mPO3_ch02,,,16.344000,gHO_sBM_cAll_d20_mHO5_ch10;gHO_sBM_cAll_d21_mHO5_ch10;gHO_sBM_cAll_d20_mHO5_ch06;gHO_sBM_cAll_d21_mHO5_ch09;gHO_sBM_cAll_d21_mHO5_ch03,13.395106,113,,,,0.995415568,0.216061185,0.000000,motion_end,0.216061185,0.077234,0.128347,0.034431,0.000000,0.087300,0.000000,4.270833,0.350000,beat-sync,0.861211,0.789141,,-0.000166811,0.235528341,right_wrist_yaw,1.037326589,left_wrist_yaw,0.235528341,right_wrist_yaw,0.278312564,left_wrist_yaw,-0.480287,0.465673,0.855809,1.917258,0.000000000,0.000000000,0.000000000,0.000848661,0.000711361,0.006492620,16.824000,0.000000000,0.000000000,,10.981418,10.394653,311.839365,,0.010109336,0,1,0,10,gPO_sBM_cAll_d10_mPO0_ch01;gPO_sBM_cAll_d11_mPO0_ch01;gPO_sBM_cAll_d11_mPO0_ch02;gPO_sBM_cAll_d10_mPO0_ch02;gPO_sBM_cAll_d12_mPO3_ch02;gHO_sBM_cAll_d20_mHO5_ch10;gHO_sBM_cAll_d21_mHO5_ch10;gHO_sBM_cAll_d20_mHO5_ch06;gHO_sBM_cAll_d21_mHO5_ch09;gHO_sBM_cAll_d21_mHO5_ch03,,45.737300,512.471300,52.990200,3525.844700,accepted,0.953843,,0.916079,0.252282779,31.496414,0.099925,HO,0.853652,0.005984,0.002782,JB3:0.677540;JB5:0.671556;JB1:0.657159;LO4:0.623434;WA4:0.613443,gHO_sBM_cAll_d20_mHO5_ch10:0.665635;gHO_sBM_cAll_d21_mHO5_ch10:0.662854;gHO_sBM_cAll_d20_mHO5_ch06:0.662745;gHO_sBM_cAll_d21_mHO5_ch09:0.661672;gHO_sBM_cAll_d21_mHO5_ch03:0.655093;gHO_sBM_cAll_d21_mHO5_ch05:0.647738;gHO_sBM_cAll_d20_mHO5_ch05:0.644538;gHO_sBM_cAll_d21_mHO5_ch02:0.644322;gHO_sBM_cAll_d20_mHO5_ch04:0.643680;gHO_sBM_cAll_d21_mHO5_ch04:0.641625,Electronic---Techno:0.295515;Electronic---Electro:0.214331;Electronic---Deep Techno:0.110386;Electronic---Synthwave:0.101876;Electronic---Ambient:0.099925,PO:v1:k0:r1,,JB3,0.677540,gHO_sBM_cAll_d20_mHO5_ch10,0.665635,120.967742
17.464000,17.520277000,bridge_hold,hermite,terminal_hold,Bridge preparation did not finish before the terminal state,,,,0,0.0,1,gPO_sBM_cAll_d12_mPO3_ch02,,,16.344000,gHO_sBM_cAll_d20_mHO5_ch10;gHO_sBM_cAll_d21_mHO5_ch10;gHO_sBM_cAll_d20_mHO5_ch06;gHO_sBM_cAll_d21_mHO5_ch09;gHO_sBM_cAll_d21_mHO5_ch03,18.496649,113,,,,1.000000000,0.216061185,0.000000,motion_end,0.216061185,0.077234,0.128347,0.034431,0.000000,0.087300,0.000000,4.270833,0.350000,beat-sync,0.813767,0.789141,,0.000000000,0.234246373,right_wrist_yaw,1.313080478,left_wrist_yaw,0.234246373,right_wrist_yaw,0.482466372,left_wrist_yaw,-0.479851,0.464869,0.856513,1.913154,0.000000000,0.000000000,0.000000000,0.000848661,0.000711361,0.006492620,16.824000,0.000000000,0.000000000,,1.035473,0.924114,276.164237,,0.010099482,0,1,0,10,gPO_sBM_cAll_d10_mPO0_ch01;gPO_sBM_cAll_d11_mPO0_ch01;gPO_sBM_cAll_d11_mPO0_ch02;gPO_sBM_cAll_d10_mPO0_ch02;gPO_sBM_cAll_d12_mPO3_ch02;gHO_sBM_cAll_d20_mHO5_ch10;gHO_sBM_cAll_d21_mHO5_ch10;gHO_sBM_cAll_d20_mHO5_ch06;gHO_sBM_cAll_d21_mHO5_ch09;gHO_sBM_cAll_d21_mHO5_ch03,,45.737300,512.471300,52.990200,3525.844700,accepted,0.953843,,0.916079,0.252282779,31.496414,0.099925,HO,0.853652,0.005984,0.002782,JB3:0.677540;JB5:0.671556;JB1:0.657159;LO4:0.623434;WA4:0.613443,gHO_sBM_cAll_d20_mHO5_ch10:0.665635;gHO_sBM_cAll_d21_mHO5_ch10:0.662854;gHO_sBM_cAll_d20_mHO5_ch06:0.662745;gHO_sBM_cAll_d21_mHO5_ch09:0.661672;gHO_sBM_cAll_d21_mHO5_ch03:0.655093;gHO_sBM_cAll_d21_mHO5_ch05:0.647738;gHO_sBM_cAll_d20_mHO5_ch05:0.644538;gHO_sBM_cAll_d21_mHO5_ch02:0.644322;gHO_sBM_cAll_d20_mHO5_ch04:0.643680;gHO_sBM_cAll_d21_mHO5_ch04:0.641625,Electronic---Techno:0.295515;Electronic---Electro:0.214331;Electronic---Deep Techno:0.110386;Electronic---Synthwave:0.101876;Electronic---Ambient:0.099925,PO:v1:k0:r1,,JB3,0.677540,gHO_sBM_cAll_d20_mHO5_ch10,0.665635,120.967742
17.528000,17.565934900,,hermite,terminal_hold,Bridge preparation did not finish before the terminal state,,,,0,0.0,1,gPO_sBM_cAll_d12_mPO3_ch02,,,16.344000,gHO_sBM_cAll_d20_mHO5_ch10;gHO_sBM_cAll_d21_mHO5_ch10;gHO_sBM_cAll_d20_mHO5_ch06;gHO_sBM_cAll_d21_mHO5_ch09;gHO_sBM_cAll_d21_mHO5_ch03,18.496649,113,,,,1.000000000,0.216061185,0.000000,motion_end,0.216061185,0.077234,0.128347,0.034431,0.000000,0.087300,0.000000,4.270833,0.350000,beat-sync,0.813767,0.789141,,0.000000000,0.234246373,right_wrist_yaw,0.000000000,right_wrist_pitch,0.234246373,right_wrist_yaw,0.000000000,right_wrist_pitch,-0.479851,0.464869,0.856513,1.913154,0.000000000,0.000000000,0.000000000,0.000848661,0.000711361,0.006492620,16.824000,0.000000000,0.000000000,,0.000000,0.000000,0.000000,,0.010089648,0,1,0,10,gPO_sBM_cAll_d10_mPO0_ch01;gPO_sBM_cAll_d11_mPO0_ch01;gPO_sBM_cAll_d11_mPO0_ch02;gPO_sBM_cAll_d10_mPO0_ch02;gPO_sBM_cAll_d12_mPO3_ch02;gHO_sBM_cAll_d20_mHO5_ch10;gHO_sBM_cAll_d21_mHO5_ch10;gHO_sBM_cAll_d20_mHO5_ch06;gHO_sBM_cAll_d21_mHO5_ch09;gHO_sBM_cAll_d21_mHO5_ch03,,45.737300,512.471300,52.990200,3525.844700,accepted,0.953843,,0.916079,0.252282779,31.496414,0.099925,HO,0.853652,0.005984,0.002782,JB3:0.677540;JB5:0.671556;JB1:0.657159;LO4:0.623434;WA4:0.613443,gHO_sBM_cAll_d20_mHO5_ch10:0.665635;gHO_sBM_cAll_d21_mHO5_ch10:0.662854;gHO_sBM_cAll_d20_mHO5_ch06:0.662745;gHO_sBM_cAll_d21_mHO5_ch09:0.661672;gHO_sBM_cAll_d21_mHO5_ch03:0.655093;gHO_sBM_cAll_d21_mHO5_ch05:0.647738;gHO_sBM_cAll_d20_mHO5_ch05:0.644538;gHO_sBM_cAll_d21_mHO5_ch02:0.644322;gHO_sBM_cAll_d20_mHO5_ch04:0.643680;gHO_sBM_cAll_d21_mHO5_ch04:0.641625,Electronic---Techno:0.295515;Electronic---Electro:0.214331;Electronic---Deep Techno:0.110386;Electronic---Synthwave:0.101876;Electronic---Ambient:0.099925,PO:v1:k0:r1,,JB3,0.677540,gHO_sBM_cAll_d20_mHO5_ch10,0.665635,120.967742
17.560000,17.582661500,,hermite,terminal_hold,Bridge preparation did not finish before the terminal state,,,,0,0.0,1,gPO_sBM_cAll_d12_mPO3_ch02,,,16.344000,gHO_sBM_cAll_d20_mHO5_ch10;gHO_sBM_cAll_d21_mHO5_ch10;gHO_sBM_cAll_d20_mHO5_ch06;gHO_sBM_cAll_d21_mHO5_ch09;gHO_sBM_cAll_d21_mHO5_ch03,18.496649,113,,,,1.000000000,0.216061185,0.000000,motion_end,0.216061185,0.077234,0.128347,0.034431,0.000000,0.087300,0.000000,4.270833,0.350000,beat-sync,0.813767,0.789141,,0.000000000,0.234246373,right_wrist_yaw,0.000000000,right_wrist_pitch,0.234246373,right_wrist_yaw,0.000000000,right_wrist_pitch,-0.479851,0.464869,0.856513,1.913154,0.000000000,0.000000000,0.000000000,0.000848661,0.000711361,0.006492620,16.824000,0.000000000,0.000000000,,0.000000,0.000000,0.000000,,0.010084739,0,1,0,10,gPO_sBM_cAll_d10_mPO0_ch01;gPO_sBM_cAll_d11_mPO0_ch01;gPO_sBM_cAll_d11_mPO0_ch02;gPO_sBM_cAll_d10_mPO0_ch02;gPO_sBM_cAll_d12_mPO3_ch02;gHO_sBM_cAll_d20_mHO5_ch10;gHO_sBM_cAll_d21_mHO5_ch10;gHO_sBM_cAll_d20_mHO5_ch06;gHO_sBM_cAll_d21_mHO5_ch09;gHO_sBM_cAll_d21_mHO5_ch03,,45.737300,512.471300,52.990200,3525.844700,accepted,0.953843,,0.916079,0.252282779,31.496414,0.099925,HO,0.853652,0.005984,0.002782,JB3:0.677540;JB5:0.671556;JB1:0.657159;LO4:0.623434;WA4:0.613443,gHO_sBM_cAll_d20_mHO5_ch10:0.665635;gHO_sBM_cAll_d21_mHO5_ch10:0.662854;gHO_sBM_cAll_d20_mHO5_ch06:0.662745;gHO_sBM_cAll_d21_mHO5_ch09:0.661672;gHO_sBM_cAll_d21_mHO5_ch03:0.655093;gHO_sBM_cAll_d21_mHO5_ch05:0.647738;gHO_sBM_cAll_d20_mHO5_ch05:0.644538;gHO_sBM_cAll_d21_mHO5_ch02:0.644322;gHO_sBM_cAll_d20_mHO5_ch04:0.643680;gHO_sBM_cAll_d21_mHO5_ch04:0.641625,Electronic---Techno:0.295515;Electronic---Electro:0.214331;Electronic---Deep Techno:0.110386;Electronic---Synthwave:0.101876;Electronic---Ambient:0.099925,PO:v1:k0:r1,,JB3,0.677540,gHO_sBM_cAll_d20_mHO5_ch10,0.665635,120.967742
17.624000,17.675907100,,hermite,terminal_hold,Bridge preparation did not finish before the terminal state,,,,0,0.0,1,gPO_sBM_cAll_d12_mPO3_ch02,,,16.344000,gHO_sBM_cAll_d20_mHO5_ch10;gHO_sBM_cAll_d21_mHO5_ch10;gHO_sBM_cAll_d20_mHO5_ch06;gHO_sBM_cAll_d21_mHO5_ch09;gHO_sBM_cAll_d21_mHO5_ch03,18.496649,113,,,,1.000000000,0.216061185,0.000000,motion_end,0.216061185,0.077234,0.128347,0.034431,0.000000,0.087300,0.000000,4.270833,0.350000,beat-sync,0.813767,0.789141,,0.000000000,0.234246373,right_wrist_yaw,0.000000000,right_wrist_pitch,0.234246373,right_wrist_yaw,0.000000000,right_wrist_pitch,-0.479851,0.464869,0.856513,1.913154,0.000000000,0.000000000,0.000000000,0.000848661,0.000711361,0.006492620,16.824000,0.000000000,0.000000000,,0.000000,0.000000,0.000000,,0.010060261,0,1,0,10,gPO_sBM_cAll_d10_mPO0_ch01;gPO_sBM_cAll_d11_mPO0_ch01;gPO_sBM_cAll_d11_mPO0_ch02;gPO_sBM_cAll_d10_mPO0_ch02;gPO_sBM_cAll_d12_mPO3_ch02;gHO_sBM_cAll_d20_mHO5_ch10;gHO_sBM_cAll_d21_mHO5_ch10;gHO_sBM_cAll_d20_mHO5_ch06;gHO_sBM_cAll_d21_mHO5_ch09;gHO_sBM_cAll_d21_mHO5_ch03,,45.737300,512.471300,52.990200,3525.844700,accepted,0.953843,,0.916079,0.252282779,31.496414,0.099925,HO,0.853652,0.005984,0.002782,JB3:0.677540;JB5:0.671556;JB1:0.657159;LO4:0.623434;WA4:0.613443,gHO_sBM_cAll_d20_mHO5_ch10:0.665635;gHO_sBM_cAll_d21_mHO5_ch10:0.662854;gHO_sBM_cAll_d20_mHO5_ch06:0.662745;gHO_sBM_cAll_d21_mHO5_ch09:0.661672;gHO_sBM_cAll_d21_mHO5_ch03:0.655093;gHO_sBM_cAll_d21_mHO5_ch05:0.647738;gHO_sBM_cAll_d20_mHO5_ch05:0.644538;gHO_sBM_cAll_d21_mHO5_ch02:0.644322;gHO_sBM_cAll_d20_mHO5_ch04:0.643680;gHO_sBM_cAll_d21_mHO5_ch04:0.641625,Electronic---Techno:0.295515;Electronic---Electro:0.214331;Electronic---Deep Techno:0.110386;Electronic---Synthwave:0.101876;Electronic---Ambient:0.099925,PO:v1:k0:r1,,JB3,0.677540,gHO_sBM_cAll_d20_mHO5_ch10,0.665635,120.967742
17.656000,17.699473200,,hermite,terminal_hold,Bridge preparation did not finish before the terminal state,,,,0,0.0,1,gPO_sBM_cAll_d12_mPO3_ch02,,,16.344000,gHO_sBM_cAll_d20_mHO5_ch10;gHO_sBM_cAll_d21_mHO5_ch10;gHO_sBM_cAll_d20_mHO5_ch06;gHO_sBM_cAll_d21_mHO5_ch09;gHO_sBM_cAll_d21_mHO5_ch03,18.496649,113,,,,1.000000000,0.216061185,0.000000,motion_end,0.216061185,0.077234,0.128347,0.034431,0.000000,0.087300,0.000000,4.270833,0.350000,beat-sync,0.813767,0.789141,,0.000000000,0.234246373,right_wrist_yaw,0.000000000,right_wrist_pitch,0.234246373,right_wrist_yaw,0.000000000,right_wrist_pitch,-0.479851,0.464869,0.856513,1.913154,0.000000000,0.000000000,0.000000000,0.000848661,0.000711361,0.006492620,16.824000,0.000000000,0.000000000,,0.000000,0.000000,0.000000,,0.010055380,0,1,0,10,gPO_sBM_cAll_d10_mPO0_ch01;gPO_sBM_cAll_d11_mPO0_ch01;gPO_sBM_cAll_d11_mPO0_ch02;gPO_sBM_cAll_d10_mPO0_ch02;gPO_sBM_cAll_d12_mPO3_ch02;gHO_sBM_cAll_d20_mHO5_ch10;gHO_sBM_cAll_d21_mHO5_ch10;gHO_sBM_cAll_d20_mHO5_ch06;gHO_sBM_cAll_d21_mHO5_ch09;gHO_sBM_cAll_d21_mHO5_ch03,,45.737300,512.471300,52.990200,3525.844700,accepted,0.953843,,0.916079,0.252282779,31.496414,0.099925,HO,0.853652,0.005984,0.002782,JB3:0.677540;JB5:0.671556;JB1:0.657159;LO4:0.623434;WA4:0.613443,gHO_sBM_cAll_d20_mHO5_ch10:0.665635;gHO_sBM_cAll_d21_mHO5_ch10:0.662854;gHO_sBM_cAll_d20_mHO5_ch06:0.662745;gHO_sBM_cAll_d21_mHO5_ch09:0.661672;gHO_sBM_cAll_d21_mHO5_ch03:0.655093;gHO_sBM_cAll_d21_mHO5_ch05:0.647738;gHO_sBM_cAll_d20_mHO5_ch05:0.644538;gHO_sBM_cAll_d21_mHO5_ch02:0.644322;gHO_sBM_cAll_d20_mHO5_ch04:0.643680;gHO_sBM_cAll_d21_mHO5_ch04:0.641625,Electronic---Techno:0.295515;Electronic---Electro:0.214331;Electronic---Deep Techno:0.110386;Electronic---Synthwave:0.101876;Electronic---Ambient:0.099925,PO:v1:k0:r1,,JB3,0.677540,gHO_sBM_cAll_d20_mHO5_ch10,0.665635,120.967742
17.720000,17.741343200,,hermite,terminal_hold,Bridge preparation did not finish before the terminal state,,,,0,0.0,1,gPO_sBM_cAll_d12_mPO3_ch02,,,16.344000,gHO_sBM_cAll_d20_mHO5_ch10;gHO_sBM_cAll_d21_mHO5_ch10;gHO_sBM_cAll_d20_mHO5_ch06;gHO_sBM_cAll_d21_mHO5_ch09;gHO_sBM_cAll_d21_mHO5_ch03,18.496649,113,,,,1.000000000,0.216061185,0.000000,motion_end,0.216061185,0.077234,0.128347,0.034431,0.000000,0.087300,0.000000,4.270833,0.350000,beat-sync,0.813767,0.789141,,0.000000000,0.234246373,right_wrist_yaw,0.000000000,right_wrist_pitch,0.234246373,right_wrist_yaw,0.000000000,right_wrist_pitch,-0.479851,0.464869,0.856513,1.913154,0.000000000,0.000000000,0.000000000,0.000848661,0.000711361,0.006492620,16.824000,0.000000000,0.000000000,,0.000000,0.000000,0.000000,,0.010045632,0,1,0,10,gPO_sBM_cAll_d10_mPO0_ch01;gPO_sBM_cAll_d11_mPO0_ch01;gPO_sBM_cAll_d11_mPO0_ch02;gPO_sBM_cAll_d10_mPO0_ch02;gPO_sBM_cAll_d12_mPO3_ch02;gHO_sBM_cAll_d20_mHO5_ch10;gHO_sBM_cAll_d21_mHO5_ch10;gHO_sBM_cAll_d20_mHO5_ch06;gHO_sBM_cAll_d21_mHO5_ch09;gHO_sBM_cAll_d21_mHO5_ch03,,45.737300,512.471300,52.990200,3525.844700,accepted,0.953843,,0.916079,0.252282779,31.496414,0.099925,HO,0.853652,0.005984,0.002782,JB3:0.677540;JB5:0.671556;JB1:0.657159;LO4:0.623434;WA4:0.613443,gHO_sBM_cAll_d20_mHO5_ch10:0.665635;gHO_sBM_cAll_d21_mHO5_ch10:0.662854;gHO_sBM_cAll_d20_mHO5_ch06:0.662745;gHO_sBM_cAll_d21_mHO5_ch09:0.661672;gHO_sBM_cAll_d21_mHO5_ch03:0.655093;gHO_sBM_cAll_d21_mHO5_ch05:0.647738;gHO_sBM_cAll_d20_mHO5_ch05:0.644538;gHO_sBM_cAll_d21_mHO5_ch02:0.644322;gHO_sBM_cAll_d20_mHO5_ch04:0.643680;gHO_sBM_cAll_d21_mHO5_ch04:0.641625,Electronic---Techno:0.295515;Electronic---Electro:0.214331;Electronic---Deep Techno:0.110386;Electronic---Synthwave:0.101876;Electronic---Ambient:0.099925,PO:v1:k0:r1,,JB3,0.677540,gHO_sBM_cAll_d20_mHO5_ch10,0.665635,120.967742
17.752000,17.787105200,,hermite,terminal_hold,Bridge preparation did not finish before the terminal state,,,,0,0.0,1,gPO_sBM_cAll_d12_mPO3_ch02,,,16.344000,gHO_sBM_cAll_d20_mHO5_ch10;gHO_sBM_cAll_d21_mHO5_ch10;gHO_sBM_cAll_d20_mHO5_ch06;gHO_sBM_cAll_d21_mHO5_ch09;gHO_sBM_cAll_d21_mHO5_ch03,18.496649,113,,,,1.000000000,0.216061185,0.000000,motion_end,0.216061185,0.077234,0.128347,0.034431,0.000000,0.087300,0.000000,4.270833,0.350000,beat-sync,0.813767,0.789141,,0.000000000,0.234246373,right_wrist_yaw,0.000000000,right_wrist_pitch,0.234246373,right_wrist_yaw,0.000000000,right_wrist_pitch,-0.479851,0.464869,0.856513,1.913154,0.000000000,0.000000000,0.000000000,0.000848661,0.000711361,0.006492620,16.824000,0.000000000,0.000000000,,0.000000,0.000000,0.000000,,0.010035902,0,1,0,10,gPO_sBM_cAll_d10_mPO0_ch01;gPO_sBM_cAll_d11_mPO0_ch01;gPO_sBM_cAll_d11_mPO0_ch02;gPO_sBM_cAll_d10_mPO0_ch02;gPO_sBM_cAll_d12_mPO3_ch02;gHO_sBM_cAll_d20_mHO5_ch10;gHO_sBM_cAll_d21_mHO5_ch10;gHO_sBM_cAll_d20_mHO5_ch06;gHO_sBM_cAll_d21_mHO5_ch09;gHO_sBM_cAll_d21_mHO5_ch03,,45.737300,512.471300,52.990200,3525.844700,accepted,0.953843,,0.916079,0.252282779,31.496414,0.099925,HO,0.853652,0.005984,0.002782,JB3:0.677540;JB5:0.671556;JB1:0.657159;LO4:0.623434;WA4:0.613443,gHO_sBM_cAll_d20_mHO5_ch10:0.665635;gHO_sBM_cAll_d21_mHO5_ch10:0.662854;gHO_sBM_cAll_d20_mHO5_ch06:0.662745;gHO_sBM_cAll_d21_mHO5_ch09:0.661672;gHO_sBM_cAll_d21_mHO5_ch03:0.655093;gHO_sBM_cAll_d21_mHO5_ch05:0.647738;gHO_sBM_cAll_d20_mHO5_ch05:0.644538;gHO_sBM_cAll_d21_mHO5_ch02:0.644322;gHO_sBM_cAll_d20_mHO5_ch04:0.643680;gHO_sBM_cAll_d21_mHO5_ch04:0.641625,Electronic---Techno:0.295515;Electronic---Electro:0.214331;Electronic---Deep Techno:0.110386;Electronic---Synthwave:0.101876;Electronic---Ambient:0.099925,PO:v1:k0:r1,,JB3,0.677540,gHO_sBM_cAll_d20_mHO5_ch10,0.665635,120.967742
17.784000,17.820021500,match,hermite,terminal_hold,Bridge preparation did not finish before the terminal state,,,,0,0.0,1,gPO_sBM_cAll_d12_mPO3_ch02,,,17.368000,gHO_sBM_cAll_d20_mHO5_ch10;gHO_sBM_cAll_d21_mHO5_ch10;gHO_sBM_cAll_d20_mHO5_ch06;gHO_sBM_cAll_d21_mHO5_ch09;gHO_sBM_cAll_d21_mHO5_ch03,18.496649,113,,,,1.000000000,0.216061185,0.000000,motion_end,0.216061185,0.077234,0.128347,0.034431,0.000000,0.087300,0.000000,4.270833,0.350000,beat-sync,0.813767,0.789141,,0.000000000,0.234246373,right_wrist_yaw,0.000000000,right_wrist_pitch,0.234246373,right_wrist_yaw,0.000000000,right_wrist_pitch,-0.479851,0.464869,0.856513,1.913154,0.000000000,0.000000000,0.000000000,0.000848661,0.000711361,0.006492620,16.824000,0.000000000,0.000000000,,0.000000,0.000000,0.000000,,0.010026192,0,1,0,10,gPO_sBM_cAll_d10_mPO0_ch01;gPO_sBM_cAll_d11_mPO0_ch01;gPO_sBM_cAll_d11_mPO0_ch02;gPO_sBM_cAll_d10_mPO0_ch02;gPO_sBM_cAll_d12_mPO3_ch02;gHO_sBM_cAll_d20_mHO5_ch10;gHO_sBM_cAll_d21_mHO5_ch10;gHO_sBM_cAll_d20_mHO5_ch06;gHO_sBM_cAll_d21_mHO5_ch09;gHO_sBM_cAll_d21_mHO5_ch03,,45.737300,512.471300,52.990200,3525.844700,accepted,0.955760,,0.919564,0.254157622,31.212867,0.097837,HO,0.851451,0.006179,0.002777,JB3:0.678975;JB5:0.672796;JB1:0.657986;LO4:0.624226;WA4:0.614871,gHO_sBM_cAll_d20_mHO5_ch10:0.664596;gHO_sBM_cAll_d21_mHO5_ch10:0.661819;gHO_sBM_cAll_d20_mHO5_ch06:0.661708;gHO_sBM_cAll_d21_mHO5_ch09:0.660639;gHO_sBM_cAll_d21_mHO5_ch03:0.654142;gHO_sBM_cAll_d21_mHO5_ch05:0.646721;gHO_sBM_cAll_d20_mHO5_ch05:0.643513;gHO_sBM_cAll_d21_mHO5_ch02:0.643314;gHO_sBM_cAll_d20_mHO5_ch04:0.642664;gHO_sBM_cAll_d21_mHO5_ch04:0.640618,Electronic---Techno:0.286608;Electronic---Electro:0.213665;Electronic---Deep Techno:0.109608;Electronic---Synthwave:0.104260;Electronic---Ambient:0.097837,PO:v1:k0:r1,,JB3,0.678975,gHO_sBM_cAll_d20_mHO5_ch10,0.664596,120.967742
17.816000,17.859517400,,hermite,terminal_hold,Bridge preparation did not finish before the terminal state,,,,0,0.0,1,gPO_sBM_cAll_d12_mPO3_ch02,,,17.368000,gHO_sBM_cAll_d20_mHO5_ch10;gHO_sBM_cAll_d21_mHO5_ch10;gHO_sBM_cAll_d20_mHO5_ch06;gHO_sBM_cAll_d21_mHO5_ch09;gHO_sBM_cAll_d21_mHO5_ch03,18.496649,113,,,,1.000000000,0.216061185,0.000000,motion_end,0.216061185,0.077234,0.128347,0.034431,0.000000,0.087300,0.000000,4.270833,0.350000,beat-sync,0.813767,0.789141,,0.000000000,0.234246373,right_wrist_yaw,0.000000000,right_wrist_pitch,0.234246373,right_wrist_yaw,0.000000000,right_wrist_pitch,-0.479851,0.464869,0.856513,1.913154,0.000000000,0.000000000,0.000000000,0.000848661,0.000711361,0.006492620,16.824000,0.000000000,0.000000000,,0.000000,0.000000,0.000000,,0.010016500,0,1,0,10,gPO_sBM_cAll_d10_mPO0_ch01;gPO_sBM_cAll_d11_mPO0_ch01;gPO_sBM_cAll_d11_mPO0_ch02;gPO_sBM_cAll_d10_mPO0_ch02;gPO_sBM_cAll_d12_mPO3_ch02;gHO_sBM_cAll_d20_mHO5_ch10;gHO_sBM_cAll_d21_mHO5_ch10;gHO_sBM_cAll_d20_mHO5_ch06;gHO_sBM_cAll_d21_mHO5_ch09;gHO_sBM_cAll_d21_mHO5_ch03,,45.737300,512.471300,52.990200,3525.844700,accepted,0.955760,,0.919564,0.254157622,31.212867,0.097837,HO,0.851451,0.006179,0.002777,JB3:0.678975;JB5:0.672796;JB1:0.657986;LO4:0.624226;WA4:0.614871,gHO_sBM_cAll_d20_mHO5_ch10:0.664596;gHO_sBM_cAll_d21_mHO5_ch10:0.661819;gHO_sBM_cAll_d20_mHO5_ch06:0.661708;gHO_sBM_cAll_d21_mHO5_ch09:0.660639;gHO_sBM_cAll_d21_mHO5_ch03:0.654142;gHO_sBM_cAll_d21_mHO5_ch05:0.646721;gHO_sBM_cAll_d20_mHO5_ch05:0.643513;gHO_sBM_cAll_d21_mHO5_ch02:0.643314;gHO_sBM_cAll_d20_mHO5_ch04:0.642664;gHO_sBM_cAll_d21_mHO5_ch04:0.640618,Electronic---Techno:0.286608;Electronic---Electro:0.213665;Electronic---Deep Techno:0.109608;Electronic---Synthwave:0.104260;Electronic---Ambient:0.097837,PO:v1:k0:r1,,JB3,0.678975,gHO_sBM_cAll_d20_mHO5_ch10,0.664596,120.967742
17.880000,17.900159500,,hermite,terminal_hold,Bridge preparation did not finish before the terminal state,,,,0,0.0,1,gPO_sBM_cAll_d12_mPO3_ch02,,,17.368000,gHO_sBM_cAll_d20_mHO5_ch10;gHO_sBM_cAll_d21_mHO5_ch10;gHO_sBM_cAll_d20_mHO5_ch06;gHO_sBM_cAll_d21_mHO5_ch09;gHO_sBM_cAll_d21_mHO5_ch03,18.496649,113,,,,1.000000000,0.216061185,0.000000,motion_end,0.216061185,0.077234,0.128347,0.034431,0.000000,0.087300,0.000000,4.270833,0.350000,beat-sync,0.813767,0.789141,,0.000000000,0.234246373,right_wrist_yaw,0.000000000,right_wrist_pitch,0.234246373,right_wrist_yaw,0.000000000,right_wrist_pitch,-0.479851,0.464869,0.856513,1.913154,0.000000000,0.000000000,0.000000000,0.000848661,0.000711361,0.006492620,16.824000,0.000000000,0.000000000,,0.000000,0.000000,0.000000,,0.010001997,0,1,0,10,gPO_sBM_cAll_d10_mPO0_ch01;gPO_sBM_cAll_d11_mPO0_ch01;gPO_sBM_cAll_d11_mPO0_ch02;gPO_sBM_cAll_d10_mPO0_ch02;gPO_sBM_cAll_d12_mPO3_ch02;gHO_sBM_cAll_d20_mHO5_ch10;gHO_sBM_cAll_d21_mHO5_ch10;gHO_sBM_cAll_d20_mHO5_ch06;gHO_sBM_cAll_d21_mHO5_ch09;gHO_sBM_cAll_d21_mHO5_ch03,,45.737300,512.471300,52.990200,3525.844700,accepted,0.955760,,0.919564,0.254157622,31.212867,0.097837,HO,0.851451,0.006179,0.002777,JB3:0.678975;JB5:0.672796;JB1:0.657986;LO4:0.624226;WA4:0.614871,gHO_sBM_cAll_d20_mHO5_ch10:0.664596;gHO_sBM_cAll_d21_mHO5_ch10:0.661819;gHO_sBM_cAll_d20_mHO5_ch06:0.661708;gHO_sBM_cAll_d21_mHO5_ch09:0.660639;gHO_sBM_cAll_d21_mHO5_ch03:0.654142;gHO_sBM_cAll_d21_mHO5_ch05:0.646721;gHO_sBM_cAll_d20_mHO5_ch05:0.643513;gHO_sBM_cAll_d21_mHO5_ch02:0.643314;gHO_sBM_cAll_d20_mHO5_ch04:0.642664;gHO_sBM_cAll_d21_mHO5_ch04:0.640618,Electronic---Techno:0.286608;Electronic---Electro:0.213665;Electronic---Deep Techno:0.109608;Electronic---Synthwave:0.104260;Electronic---Ambient:0.097837,PO:v1:k0:r1,,JB3,0.678975,gHO_sBM_cAll_d20_mHO5_ch10,0.664596,120.967742
17.912000,17.971120800,,hermite,terminal_hold,Bridge preparation did not finish before the terminal state,,,,0,0.0,1,gPO_sBM_cAll_d12_mPO3_ch02,,,17.368000,gHO_sBM_cAll_d20_mHO5_ch10;gHO_sBM_cAll_d21_mHO5_ch10;gHO_sBM_cAll_d20_mHO5_ch06;gHO_sBM_cAll_d21_mHO5_ch09;gHO_sBM_cAll_d21_mHO5_ch03,18.496649,113,,,,1.000000000,0.216061185,0.000000,motion_end,0.216061185,0.077234,0.128347,0.034431,0.000000,0.087300,0.000000,4.270833,0.350000,beat-sync,0.813767,0.789141,,0.000000000,0.234246373,right_wrist_yaw,0.000000000,right_wrist_pitch,0.234246373,right_wrist_yaw,0.000000000,right_wrist_pitch,-0.479851,0.464869,0.856513,1.913154,0.000000000,0.000000000,0.000000000,0.000848661,0.000711361,0.006492620,16.824000,0.000000000,0.000000000,,0.000000,0.000000,0.000000,,0.009987536,0,1,0,10,gPO_sBM_cAll_d10_mPO0_ch01;gPO_sBM_cAll_d11_mPO0_ch01;gPO_sBM_cAll_d11_mPO0_ch02;gPO_sBM_cAll_d10_mPO0_ch02;gPO_sBM_cAll_d12_mPO3_ch02;gHO_sBM_cAll_d20_mHO5_ch10;gHO_sBM_cAll_d21_mHO5_ch10;gHO_sBM_cAll_d20_mHO5_ch06;gHO_sBM_cAll_d21_mHO5_ch09;gHO_sBM_cAll_d21_mHO5_ch03,,45.737300,512.471300,52.990200,3525.844700,accepted,0.955760,,0.919564,0.254157622,31.212867,0.097837,HO,0.851451,0.006179,0.002777,JB3:0.678975;JB5:0.672796;JB1:0.657986;LO4:0.624226;WA4:0.614871,gHO_sBM_cAll_d20_mHO5_ch10:0.664596;gHO_sBM_cAll_d21_mHO5_ch10:0.661819;gHO_sBM_cAll_d20_mHO5_ch06:0.661708;gHO_sBM_cAll_d21_mHO5_ch09:0.660639;gHO_sBM_cAll_d21_mHO5_ch03:0.654142;gHO_sBM_cAll_d21_mHO5_ch05:0.646721;gHO_sBM_cAll_d20_mHO5_ch05:0.643513;gHO_sBM_cAll_d21_mHO5_ch02:0.643314;gHO_sBM_cAll_d20_mHO5_ch04:0.642664;gHO_sBM_cAll_d21_mHO5_ch04:0.640618,Electronic---Techno:0.286608;Electronic---Electro:0.213665;Electronic---Deep Techno:0.109608;Electronic---Synthwave:0.104260;Electronic---Ambient:0.097837,PO:v1:k0:r1,,JB3,0.678975,gHO_sBM_cAll_d20_mHO5_ch10,0.664596,120.967742
17.976000,17.991291500,,hermite,terminal_hold,Bridge preparation did not finish before the terminal state,,,,0,0.0,1,gPO_sBM_cAll_d12_mPO3_ch02,,,17.368000,gHO_sBM_cAll_d20_mHO5_ch10;gHO_sBM_cAll_d21_mHO5_ch10;gHO_sBM_cAll_d20_mHO5_ch06;gHO_sBM_cAll_d21_mHO5_ch09;gHO_sBM_cAll_d21_mHO5_ch03,18.496649,113,,,,1.000000000,0.216061185,0.000000,motion_end,0.216061185,0.077234,0.128347,0.034431,0.000000,0.087300,0.000000,4.270833,0.350000,beat-sync,0.813767,0.789141,,0.000000000,0.234246373,right_wrist_yaw,0.000000000,right_wrist_pitch,0.234246373,right_wrist_yaw,0.000000000,right_wrist_pitch,-0.479851,0.464869,0.856513,1.913154,0.000000000,0.000000000,0.000000000,0.000848661,0.000711361,0.006492620,16.824000,0.000000000,0.000000000,,0.000000,0.000000,0.000000,,0.009982725,0,1,0,10,gPO_sBM_cAll_d10_mPO0_ch01;gPO_sBM_cAll_d11_mPO0_ch01;gPO_sBM_cAll_d11_mPO0_ch02;gPO_sBM_cAll_d10_mPO0_ch02;gPO_sBM_cAll_d12_mPO3_ch02;gHO_sBM_cAll_d20_mHO5_ch10;gHO_sBM_cAll_d21_mHO5_ch10;gHO_sBM_cAll_d20_mHO5_ch06;gHO_sBM_cAll_d21_mHO5_ch09;gHO_sBM_cAll_d21_mHO5_ch03,,45.737300,512.471300,52.990200,3525.844700,accepted,0.955760,,0.919564,0.254157622,31.212867,0.097837,HO,0.851451,0.006179,0.002777,JB3:0.678975;JB5:0.672796;JB1:0.657986;LO4:0.624226;WA4:0.614871,gHO_sBM_cAll_d20_mHO5_ch10:0.664596;gHO_sBM_cAll_d21_mHO5_ch10:0.661819;gHO_sBM_cAll_d20_mHO5_ch06:0.661708;gHO_sBM_cAll_d21_mHO5_ch09:0.660639;gHO_sBM_cAll_d21_mHO5_ch03:0.654142;gHO_sBM_cAll_d21_mHO5_ch05:0.646721;gHO_sBM_cAll_d20_mHO5_ch05:0.643513;gHO_sBM_cAll_d21_mHO5_ch02:0.643314;gHO_sBM_cAll_d20_mHO5_ch04:0.642664;gHO_sBM_cAll_d21_mHO5_ch04:0.640618,Electronic---Techno:0.286608;Electronic---Electro:0.213665;Electronic---Deep Techno:0.109608;Electronic---Synthwave:0.104260;Electronic---Ambient:0.097837,PO:v1:k0:r1,,JB3,0.678975,gHO_sBM_cAll_d20_mHO5_ch10,0.664596,120.967742
18.008000,18.040376700,,hermite,terminal_hold,Bridge preparation did not finish before the terminal state,,,,0,0.0,1,gPO_sBM_cAll_d12_mPO3_ch02,,,17.368000,gHO_sBM_cAll_d20_mHO5_ch10;gHO_sBM_cAll_d21_mHO5_ch10;gHO_sBM_cAll_d20_mHO5_ch06;gHO_sBM_cAll_d21_mHO5_ch09;gHO_sBM_cAll_d21_mHO5_ch03,18.496649,113,,,,1.000000000,0.216061185,0.000000,motion_end,0.216061185,0.077234,0.128347,0.034431,0.000000,0.087300,0.000000,4.270833,0.350000,beat-sync,0.813767,0.789141,,0.000000000,0.234246373,right_wrist_yaw,0.000000000,right_wrist_pitch,0.234246373,right_wrist_yaw,0.000000000,right_wrist_pitch,-0.479851,0.464869,0.856513,1.913154,0.000000000,0.000000000,0.000000000,0.000848661,0.000711361,0.006492620,16.824000,0.000000000,0.000000000,,0.000000,0.000000,0.000000,,0.009973117,0,1,0,10,gPO_sBM_cAll_d10_mPO0_ch01;gPO_sBM_cAll_d11_mPO0_ch01;gPO_sBM_cAll_d11_mPO0_ch02;gPO_sBM_cAll_d10_mPO0_ch02;gPO_sBM_cAll_d12_mPO3_ch02;gHO_sBM_cAll_d20_mHO5_ch10;gHO_sBM_cAll_d21_mHO5_ch10;gHO_sBM_cAll_d20_mHO5_ch06;gHO_sBM_cAll_d21_mHO5_ch09;gHO_sBM_cAll_d21_mHO5_ch03,,45.737300,512.471300,52.990200,3525.844700,accepted,0.955760,,0.919564,0.254157622,31.212867,0.097837,HO,0.851451,0.006179,0.002777,JB3:0.678975;JB5:0.672796;JB1:0.657986;LO4:0.624226;WA4:0.614871,gHO_sBM_cAll_d20_mHO5_ch10:0.664596;gHO_sBM_cAll_d21_mHO5_ch10:0.661819;gHO_sBM_cAll_d20_mHO5_ch06:0.661708;gHO_sBM_cAll_d21_mHO5_ch09:0.660639;gHO_sBM_cAll_d21_mHO5_ch03:0.654142;gHO_sBM_cAll_d21_mHO5_ch05:0.646721;gHO_sBM_cAll_d20_mHO5_ch05:0.643513;gHO_sBM_cAll_d21_mHO5_ch02:0.643314;gHO_sBM_cAll_d20_mHO5_ch04:0.642664;gHO_sBM_cAll_d21_mHO5_ch04:0.640618,Electronic---Techno:0.286608;Electronic---Electro:0.213665;Electronic---Deep Techno:0.109608;Electronic---Synthwave:0.104260;Electronic---Ambient:0.097837,PO:v1:k0:r1,,JB3,0.678975,gHO_sBM_cAll_d20_mHO5_ch10,0.664596,120.967742
18.104000,18.125808400,,hermite,terminal_hold,Bridge preparation did not finish before the terminal state,,,,0,0.0,1,gPO_sBM_cAll_d12_mPO3_ch02,,,17.368000,gHO_sBM_cAll_d20_mHO5_ch10;gHO_sBM_cAll_d21_mHO5_ch10;gHO_sBM_cAll_d20_mHO5_ch06;gHO_sBM_cAll_d21_mHO5_ch09;gHO_sBM_cAll_d21_mHO5_ch03,18.496649,113,,,,1.000000000,0.216061185,0.000000,motion_end,0.216061185,0.077234,0.128347,0.034431,0.000000,0.087300,0.000000,4.270833,0.350000,beat-sync,0.813767,0.789141,,0.000000000,0.234246373,right_wrist_yaw,0.000000000,right_wrist_pitch,0.234246373,right_wrist_yaw,0.000000000,right_wrist_pitch,-0.479851,0.464869,0.856513,1.913154,0.000000000,0.000000000,0.000000000,0.000848661,0.000711361,0.006492620,16.824000,0.000000000,0.000000000,,0.000000,0.000000,0.000000,,0.009958740,0,1,0,10,gPO_sBM_cAll_d10_mPO0_ch01;gPO_sBM_cAll_d11_mPO0_ch01;gPO_sBM_cAll_d11_mPO0_ch02;gPO_sBM_cAll_d10_mPO0_ch02;gPO_sBM_cAll_d12_mPO3_ch02;gHO_sBM_cAll_d20_mHO5_ch10;gHO_sBM_cAll_d21_mHO5_ch10;gHO_sBM_cAll_d20_mHO5_ch06;gHO_sBM_cAll_d21_mHO5_ch09;gHO_sBM_cAll_d21_mHO5_ch03,,45.737300,512.471300,52.990200,3525.844700,accepted,0.955760,,0.919564,0.254157622,31.212867,0.097837,HO,0.851451,0.006179,0.002777,JB3:0.678975;JB5:0.672796;JB1:0.657986;LO4:0.624226;WA4:0.614871,gHO_sBM_cAll_d20_mHO5_ch10:0.664596;gHO_sBM_cAll_d21_mHO5_ch10:0.661819;gHO_sBM_cAll_d20_mHO5_ch06:0.661708;gHO_sBM_cAll_d21_mHO5_ch09:0.660639;gHO_sBM_cAll_d21_mHO5_ch03:0.654142;gHO_sBM_cAll_d21_mHO5_ch05:0.646721;gHO_sBM_cAll_d20_mHO5_ch05:0.643513;gHO_sBM_cAll_d21_mHO5_ch02:0.643314;gHO_sBM_cAll_d20_mHO5_ch04:0.642664;gHO_sBM_cAll_d21_mHO5_ch04:0.640618,Electronic---Techno:0.286608;Electronic---Electro:0.213665;Electronic---Deep Techno:0.109608;Electronic---Synthwave:0.104260;Electronic---Ambient:0.097837,PO:v1:k0:r1,,JB3,0.678975,gHO_sBM_cAll_d20_mHO5_ch10,0.664596,120.967742
18.168000,18.196400100,,hermite,terminal_hold,Bridge preparation did not finish before the terminal state,,,,0,0.0,1,gPO_sBM_cAll_d12_mPO3_ch02,,,17.368000,gHO_sBM_cAll_d20_mHO5_ch10;gHO_sBM_cAll_d21_mHO5_ch10;gHO_sBM_cAll_d20_mHO5_ch06;gHO_sBM_cAll_d21_mHO5_ch09;gHO_sBM_cAll_d21_mHO5_ch03,18.496649,113,,,,1.000000000,0.216061185,0.000000,motion_end,0.216061185,0.077234,0.128347,0.034431,0.000000,0.087300,0.000000,4.270833,0.350000,beat-sync,0.813767,0.789141,,0.000000000,0.234246373,right_wrist_yaw,0.000000000,right_wrist_pitch,0.234246373,right_wrist_yaw,0.000000000,right_wrist_pitch,-0.479851,0.464869,0.856513,1.913154,0.000000000,0.000000000,0.000000000,0.000848661,0.000711361,0.006492620,16.824000,0.000000000,0.000000000,,0.000000,0.000000,0.000000,,0.009944404,0,1,0,10,gPO_sBM_cAll_d10_mPO0_ch01;gPO_sBM_cAll_d11_mPO0_ch01;gPO_sBM_cAll_d11_mPO0_ch02;gPO_sBM_cAll_d10_mPO0_ch02;gPO_sBM_cAll_d12_mPO3_ch02;gHO_sBM_cAll_d20_mHO5_ch10;gHO_sBM_cAll_d21_mHO5_ch10;gHO_sBM_cAll_d20_mHO5_ch06;gHO_sBM_cAll_d21_mHO5_ch09;gHO_sBM_cAll_d21_mHO5_ch03,,45.737300,512.471300,52.990200,3525.844700,accepted,0.955760,,0.919564,0.254157622,31.212867,0.097837,HO,0.851451,0.006179,0.002777,JB3:0.678975;JB5:0.672796;JB1:0.657986;LO4:0.624226;WA4:0.614871,gHO_sBM_cAll_d20_mHO5_ch10:0.664596;gHO_sBM_cAll_d21_mHO5_ch10:0.661819;gHO_sBM_cAll_d20_mHO5_ch06:0.661708;gHO_sBM_cAll_d21_mHO5_ch09:0.660639;gHO_sBM_cAll_d21_mHO5_ch03:0.654142;gHO_sBM_cAll_d21_mHO5_ch05:0.646721;gHO_sBM_cAll_d20_mHO5_ch05:0.643513;gHO_sBM_cAll_d21_mHO5_ch02:0.643314;gHO_sBM_cAll_d20_mHO5_ch04:0.642664;gHO_sBM_cAll_d21_mHO5_ch04:0.640618,Electronic---Techno:0.286608;Electronic---Electro:0.213665;Electronic---Deep Techno:0.109608;Electronic---Synthwave:0.104260;Electronic---Ambient:0.097837,PO:v1:k0:r1,,JB3,0.678975,gHO_sBM_cAll_d20_mHO5_ch10,0.664596,120.967742
18.232000,18.267361500,,hermite,terminal_hold,Bridge preparation did not finish before the terminal state,,,,0,0.0,1,gPO_sBM_cAll_d12_mPO3_ch02,,,17.368000,gHO_sBM_cAll_d20_mHO5_ch10;gHO_sBM_cAll_d21_mHO5_ch10;gHO_sBM_cAll_d20_mHO5_ch06;gHO_sBM_cAll_d21_mHO5_ch09;gHO_sBM_cAll_d21_mHO5_ch03,18.496649,113,,,,1.000000000,0.216061185,0.000000,motion_end,0.216061185,0.077234,0.128347,0.034431,0.000000,0.087300,0.000000,4.270833,0.350000,beat-sync,0.813767,0.789141,,0.000000000,0.234246373,right_wrist_yaw,0.000000000,right_wrist_pitch,0.234246373,right_wrist_yaw,0.000000000,right_wrist_pitch,-0.479851,0.464869,0.856513,1.913154,0.000000000,0.000000000,0.000000000,0.000848661,0.000711361,0.006492620,16.824000,0.000000000,0.000000000,,0.000000,0.000000,0.000000,,0.009934870,0,1,0,10,gPO_sBM_cAll_d10_mPO0_ch01;gPO_sBM_cAll_d11_mPO0_ch01;gPO_sBM_cAll_d11_mPO0_ch02;gPO_sBM_cAll_d10_mPO0_ch02;gPO_sBM_cAll_d12_mPO3_ch02;gHO_sBM_cAll_d20_mHO5_ch10;gHO_sBM_cAll_d21_mHO5_ch10;gHO_sBM_cAll_d20_mHO5_ch06;gHO_sBM_cAll_d21_mHO5_ch09;gHO_sBM_cAll_d21_mHO5_ch03,,45.737300,512.471300,52.990200,3525.844700,accepted,0.955760,,0.919564,0.254157622,31.212867,0.097837,HO,0.851451,0.006179,0.002777,JB3:0.678975;JB5:0.672796;JB1:0.657986;LO4:0.624226;WA4:0.614871,gHO_sBM_cAll_d20_mHO5_ch10:0.664596;gHO_sBM_cAll_d21_mHO5_ch10:0.661819;gHO_sBM_cAll_d20_mHO5_ch06:0.661708;gHO_sBM_cAll_d21_mHO5_ch09:0.660639;gHO_sBM_cAll_d21_mHO5_ch03:0.654142;gHO_sBM_cAll_d21_mHO5_ch05:0.646721;gHO_sBM_cAll_d20_mHO5_ch05:0.643513;gHO_sBM_cAll_d21_mHO5_ch02:0.643314;gHO_sBM_cAll_d20_mHO5_ch04:0.642664;gHO_sBM_cAll_d21_mHO5_ch04:0.640618,Electronic---Techno:0.286608;Electronic---Electro:0.213665;Electronic---Deep Techno:0.109608;Electronic---Synthwave:0.104260;Electronic---Ambient:0.097837,PO:v1:k0:r1,,JB3,0.678975,gHO_sBM_cAll_d20_mHO5_ch10,0.664596,120.967742
18.264000,18.301183500,,hermite,terminal_hold,Bridge preparation did not finish before the terminal state,,,,0,0.0,1,gPO_sBM_cAll_d12_mPO3_ch02,,,17.368000,gHO_sBM_cAll_d20_mHO5_ch10;gHO_sBM_cAll_d21_mHO5_ch10;gHO_sBM_cAll_d20_mHO5_ch06;gHO_sBM_cAll_d21_mHO5_ch09;gHO_sBM_cAll_d21_mHO5_ch03,18.496649,113,,,,1.000000000,0.216061185,0.000000,motion_end,0.216061185,0.077234,0.128347,0.034431,0.000000,0.087300,0.000000,4.270833,0.350000,beat-sync,0.813767,0.789141,,0.000000000,0.234246373,right_wrist_yaw,0.000000000,right_wrist_pitch,0.234246373,right_wrist_yaw,0.000000000,right_wrist_pitch,-0.479851,0.464869,0.856513,1.913154,0.000000000,0.000000000,0.000000000,0.000848661,0.000711361,0.006492620,16.824000,0.000000000,0.000000000,,0.000000,0.000000,0.000000,,0.009930109,0,1,0,10,gPO_sBM_cAll_d10_mPO0_ch01;gPO_sBM_cAll_d11_mPO0_ch01;gPO_sBM_cAll_d11_mPO0_ch02;gPO_sBM_cAll_d10_mPO0_ch02;gPO_sBM_cAll_d12_mPO3_ch02;gHO_sBM_cAll_d20_mHO5_ch10;gHO_sBM_cAll_d21_mHO5_ch10;gHO_sBM_cAll_d20_mHO5_ch06;gHO_sBM_cAll_d21_mHO5_ch09;gHO_sBM_cAll_d21_mHO5_ch03,,45.737300,512.471300,52.990200,3525.844700,accepted,0.955760,,0.919564,0.254157622,31.212867,0.097837,HO,0.851451,0.006179,0.002777,JB3:0.678975;JB5:0.672796;JB1:0.657986;LO4:0.624226;WA4:0.614871,gHO_sBM_cAll_d20_mHO5_ch10:0.664596;gHO_sBM_cAll_d21_mHO5_ch10:0.661819;gHO_sBM_cAll_d20_mHO5_ch06:0.661708;gHO_sBM_cAll_d21_mHO5_ch09:0.660639;gHO_sBM_cAll_d21_mHO5_ch03:0.654142;gHO_sBM_cAll_d21_mHO5_ch05:0.646721;gHO_sBM_cAll_d20_mHO5_ch05:0.643513;gHO_sBM_cAll_d21_mHO5_ch02:0.643314;gHO_sBM_cAll_d20_mHO5_ch04:0.642664;gHO_sBM_cAll_d21_mHO5_ch04:0.640618,Electronic---Techno:0.286608;Electronic---Electro:0.213665;Electronic---Deep Techno:0.109608;Electronic---Synthwave:0.104260;Electronic---Ambient:0.097837,PO:v1:k0:r1,,JB3,0.678975,gHO_sBM_cAll_d20_mHO5_ch10,0.664596,120.967742
18.328000,18.416556100,,hermite,terminal_hold,Bridge preparation did not finish before the terminal state,,,,0,0.0,1,gPO_sBM_cAll_d12_mPO3_ch02,,,17.368000,gHO_sBM_cAll_d20_mHO5_ch10;gHO_sBM_cAll_d21_mHO5_ch10;gHO_sBM_cAll_d20_mHO5_ch06;gHO_sBM_cAll_d21_mHO5_ch09;gHO_sBM_cAll_d21_mHO5_ch03,18.496649,113,,,,1.000000000,0.216061185,0.000000,motion_end,0.216061185,0.077234,0.128347,0.034431,0.000000,0.087300,0.000000,4.270833,0.350000,beat-sync,0.813767,1.132246,,0.031411497,0.234246373,right_wrist_yaw,0.000000000,right_wrist_pitch,0.234246373,right_wrist_yaw,0.000000000,right_wrist_pitch,-0.479851,0.464869,0.856513,1.913154,0.000000000,0.000000000,0.000000000,0.000848661,0.000711361,0.006492620,18.328000,0.000000000,0.000000000,,0.000000,0.000000,0.000000,,0.009911113,0,1,0,10,gPO_sBM_cAll_d10_mPO0_ch01;gPO_sBM_cAll_d11_mPO0_ch01;gPO_sBM_cAll_d11_mPO0_ch02;gPO_sBM_cAll_d10_mPO0_ch02;gPO_sBM_cAll_d12_mPO3_ch02;gHO_sBM_cAll_d20_mHO5_ch10;gHO_sBM_cAll_d21_mHO5_ch10;gHO_sBM_cAll_d20_mHO5_ch06;gHO_sBM_cAll_d21_mHO5_ch09;gHO_sBM_cAll_d21_mHO5_ch03,,45.737300,512.471300,52.990200,3525.844700,accepted,0.955760,,0.919564,0.254157622,31.212867,0.097837,HO,0.851451,0.006179,0.002777,JB3:0.678975;JB5:0.672796;JB1:0.657986;LO4:0.624226;WA4:0.614871,gHO_sBM_cAll_d20_mHO5_ch10:0.664596;gHO_sBM_cAll_d21_mHO5_ch10:0.661819;gHO_sBM_cAll_d20_mHO5_ch06:0.661708;gHO_sBM_cAll_d21_mHO5_ch09:0.660639;gHO_sBM_cAll_d21_mHO5_ch03:0.654142;gHO_sBM_cAll_d21_mHO5_ch05:0.646721;gHO_sBM_cAll_d20_mHO5_ch05:0.643513;gHO_sBM_cAll_d21_mHO5_ch02:0.643314;gHO_sBM_cAll_d20_mHO5_ch04:0.642664;gHO_sBM_cAll_d21_mHO5_ch04:0.640618,Electronic---Techno:0.286608;Electronic---Electro:0.213665;Electronic---Deep Techno:0.109608;Electronic---Synthwave:0.104260;Electronic---Ambient:0.097837,PO:v1:k0:r1,,JB3,0.678975,gHO_sBM_cAll_d20_mHO5_ch10,0.664596,120.967742
18.392000,18.442719900,,hermite,terminal_hold,Bridge preparation did not finish before the terminal state,,,,0,0.0,1,gPO_sBM_cAll_d12_mPO3_ch02,,,17.368000,gHO_sBM_cAll_d20_mHO5_ch10;gHO_sBM_cAll_d21_mHO5_ch10;gHO_sBM_cAll_d20_mHO5_ch06;gHO_sBM_cAll_d21_mHO5_ch09;gHO_sBM_cAll_d21_mHO5_ch03,18.496649,113,,,,1.000000000,0.216061185,0.000000,motion_end,0.216061185,0.077234,0.128347,0.034431,0.000000,0.087300,0.000000,4.270833,0.350000,beat-sync,0.813767,1.132246,,0.031411497,0.234246373,right_wrist_yaw,0.000000000,right_wrist_pitch,0.234246373,right_wrist_yaw,0.000000000,right_wrist_pitch,-0.479851,0.464869,0.856513,1.913154,0.000000000,0.000000000,0.000000000,0.000848661,0.000711361,0.006492620,18.328000,0.000000000,0.000000000,,0.000000,0.000000,0.000000,,0.009906376,0,1,0,10,gPO_sBM_cAll_d10_mPO0_ch01;gPO_sBM_cAll_d11_mPO0_ch01;gPO_sBM_cAll_d11_mPO0_ch02;gPO_sBM_cAll_d10_mPO0_ch02;gPO_sBM_cAll_d12_mPO3_ch02;gHO_sBM_cAll_d20_mHO5_ch10;gHO_sBM_cAll_d21_mHO5_ch10;gHO_sBM_cAll_d20_mHO5_ch06;gHO_sBM_cAll_d21_mHO5_ch09;gHO_sBM_cAll_d21_mHO5_ch03,,45.737300,512.471300,52.990200,3525.844700,accepted,0.955760,,0.919564,0.254157622,31.212867,0.097837,HO,0.851451,0.006179,0.002777,JB3:0.678975;JB5:0.672796;JB1:0.657986;LO4:0.624226;WA4:0.614871,gHO_sBM_cAll_d20_mHO5_ch10:0.664596;gHO_sBM_cAll_d21_mHO5_ch10:0.661819;gHO_sBM_cAll_d20_mHO5_ch06:0.661708;gHO_sBM_cAll_d21_mHO5_ch09:0.660639;gHO_sBM_cAll_d21_mHO5_ch03:0.654142;gHO_sBM_cAll_d21_mHO5_ch05:0.646721;gHO_sBM_cAll_d20_mHO5_ch05:0.643513;gHO_sBM_cAll_d21_mHO5_ch02:0.643314;gHO_sBM_cAll_d20_mHO5_ch04:0.642664;gHO_sBM_cAll_d21_mHO5_ch04:0.640618,Electronic---Techno:0.286608;Electronic---Electro:0.213665;Electronic---Deep Techno:0.109608;Electronic---Synthwave:0.104260;Electronic---Ambient:0.097837,PO:v1:k0:r1,,JB3,0.678975,gHO_sBM_cAll_d20_mHO5_ch10,0.664596,120.967742
18.424000,18.474418300,,hermite,terminal_hold,Bridge preparation did not finish before the terminal state,,,,0,0.0,1,gPO_sBM_cAll_d12_mPO3_ch02,,,17.368000,gHO_sBM_cAll_d20_mHO5_ch10;gHO_sBM_cAll_d21_mHO5_ch10;gHO_sBM_cAll_d20_mHO5_ch06;gHO_sBM_cAll_d21_mHO5_ch09;gHO_sBM_cAll_d21_mHO5_ch03,18.496649,113,,,,1.000000000,0.216061185,0.000000,motion_end,0.216061185,0.077234,0.128347,0.034431,0.000000,0.087300,0.000000,4.270833,0.350000,beat-sync,0.813767,1.132246,,0.031411497,0.234246373,right_wrist_yaw,0.000000000,right_wrist_pitch,0.234246373,right_wrist_yaw,0.000000000,right_wrist_pitch,-0.479851,0.464869,0.856513,1.913154,0.000000000,0.000000000,0.000000000,0.000848661,0.000711361,0.006492620,18.328000,0.000000000,0.000000000,,0.000000,0.000000,0.000000,,0.009901643,0,1,0,10,gPO_sBM_cAll_d10_mPO0_ch01;gPO_sBM_cAll_d11_mPO0_ch01;gPO_sBM_cAll_d11_mPO0_ch02;gPO_sBM_cAll_d10_mPO0_ch02;gPO_sBM_cAll_d12_mPO3_ch02;gHO_sBM_cAll_d20_mHO5_ch10;gHO_sBM_cAll_d21_mHO5_ch10;gHO_sBM_cAll_d20_mHO5_ch06;gHO_sBM_cAll_d21_mHO5_ch09;gHO_sBM_cAll_d21_mHO5_ch03,,45.737300,512.471300,52.990200,3525.844700,accepted,0.955760,,0.919564,0.254157622,31.212867,0.097837,HO,0.851451,0.006179,0.002777,JB3:0.678975;JB5:0.672796;JB1:0.657986;LO4:0.624226;WA4:0.614871,gHO_sBM_cAll_d20_mHO5_ch10:0.664596;gHO_sBM_cAll_d21_mHO5_ch10:0.661819;gHO_sBM_cAll_d20_mHO5_ch06:0.661708;gHO_sBM_cAll_d21_mHO5_ch09:0.660639;gHO_sBM_cAll_d21_mHO5_ch03:0.654142;gHO_sBM_cAll_d21_mHO5_ch05:0.646721;gHO_sBM_cAll_d20_mHO5_ch05:0.643513;gHO_sBM_cAll_d21_mHO5_ch02:0.643314;gHO_sBM_cAll_d20_mHO5_ch04:0.642664;gHO_sBM_cAll_d21_mHO5_ch04:0.640618,Electronic---Techno:0.286608;Electronic---Electro:0.213665;Electronic---Deep Techno:0.109608;Electronic---Synthwave:0.104260;Electronic---Ambient:0.097837,PO:v1:k0:r1,,JB3,0.678975,gHO_sBM_cAll_d20_mHO5_ch10,0.664596,120.967742
18.456000,18.495553800,,hermite,terminal_hold,Bridge preparation did not finish before the terminal state,,,,0,0.0,1,gPO_sBM_cAll_d12_mPO3_ch02,,,17.368000,gHO_sBM_cAll_d20_mHO5_ch10;gHO_sBM_cAll_d21_mHO5_ch10;gHO_sBM_cAll_d20_mHO5_ch06;gHO_sBM_cAll_d21_mHO5_ch09;gHO_sBM_cAll_d21_mHO5_ch03,18.496649,113,,,,1.000000000,0.216061185,0.000000,motion_end,0.216061185,0.077234,0.128347,0.034431,0.000000,0.087300,0.000000,4.270833,0.350000,beat-sync,0.813767,1.132246,,0.031411497,0.234246373,right_wrist_yaw,0.000000000,right_wrist_pitch,0.234246373,right_wrist_yaw,0.000000000,right_wrist_pitch,-0.479851,0.464869,0.856513,1.913154,0.000000000,0.000000000,0.000000000,0.000848661,0.000711361,0.006492620,18.328000,0.000000000,0.000000000,,0.000000,0.000000,0.000000,,0.009896914,0,1,0,10,gPO_sBM_cAll_d10_mPO0_ch01;gPO_sBM_cAll_d11_mPO0_ch01;gPO_sBM_cAll_d11_mPO0_ch02;gPO_sBM_cAll_d10_mPO0_ch02;gPO_sBM_cAll_d12_mPO3_ch02;gHO_sBM_cAll_d20_mHO5_ch10;gHO_sBM_cAll_d21_mHO5_ch10;gHO_sBM_cAll_d20_mHO5_ch06;gHO_sBM_cAll_d21_mHO5_ch09;gHO_sBM_cAll_d21_mHO5_ch03,,45.737300,512.471300,52.990200,3525.844700,accepted,0.955760,,0.919564,0.254157622,31.212867,0.097837,HO,0.851451,0.006179,0.002777,JB3:0.678975;JB5:0.672796;JB1:0.657986;LO4:0.624226;WA4:0.614871,gHO_sBM_cAll_d20_mHO5_ch10:0.664596;gHO_sBM_cAll_d21_mHO5_ch10:0.661819;gHO_sBM_cAll_d20_mHO5_ch06:0.661708;gHO_sBM_cAll_d21_mHO5_ch09:0.660639;gHO_sBM_cAll_d21_mHO5_ch03:0.654142;gHO_sBM_cAll_d21_mHO5_ch05:0.646721;gHO_sBM_cAll_d20_mHO5_ch05:0.643513;gHO_sBM_cAll_d21_mHO5_ch02:0.643314;gHO_sBM_cAll_d20_mHO5_ch04:0.642664;gHO_sBM_cAll_d21_mHO5_ch04:0.640618,Electronic---Techno:0.286608;Electronic---Electro:0.213665;Electronic---Deep Techno:0.109608;Electronic---Synthwave:0.104260;Electronic---Ambient:0.097837,PO:v1:k0:r1,,JB3,0.678975,gHO_sBM_cAll_d20_mHO5_ch10,0.664596,120.967742
18.520000,18.584999100,,hermite,terminal_hold,Bridge preparation did not finish before the terminal state,,,,0,0.0,1,gPO_sBM_cAll_d12_mPO3_ch02,,,17.368000,gHO_sBM_cAll_d20_mHO5_ch10;gHO_sBM_cAll_d21_mHO5_ch10;gHO_sBM_cAll_d20_mHO5_ch06;gHO_sBM_cAll_d21_mHO5_ch09;gHO_sBM_cAll_d21_mHO5_ch03,18.496649,113,,,,1.000000000,0.216061185,0.000000,motion_end,0.216061185,0.077234,0.128347,0.034431,0.000000,0.087300,0.000000,4.270833,0.350000,beat-sync,0.813767,1.132246,,0.031411497,0.234246373,right_wrist_yaw,0.000000000,right_wrist_pitch,0.234246373,right_wrist_yaw,0.000000000,right_wrist_pitch,-0.479851,0.464869,0.856513,1.913154,0.000000000,0.000000000,0.000000000,0.000848661,0.000711361,0.006492620,18.328000,0.000000000,0.000000000,,0.000000,0.000000,0.000000,,0.009887470,0,1,0,10,gPO_sBM_cAll_d10_mPO0_ch01;gPO_sBM_cAll_d11_mPO0_ch01;gPO_sBM_cAll_d11_mPO0_ch02;gPO_sBM_cAll_d10_mPO0_ch02;gPO_sBM_cAll_d12_mPO3_ch02;gHO_sBM_cAll_d20_mHO5_ch10;gHO_sBM_cAll_d21_mHO5_ch10;gHO_sBM_cAll_d20_mHO5_ch06;gHO_sBM_cAll_d21_mHO5_ch09;gHO_sBM_cAll_d21_mHO5_ch03,,45.737300,512.471300,52.990200,3525.844700,accepted,0.955760,,0.919564,0.254157622,31.212867,0.097837,HO,0.851451,0.006179,0.002777,JB3:0.678975;JB5:0.672796;JB1:0.657986;LO4:0.624226;WA4:0.614871,gHO_sBM_cAll_d20_mHO5_ch10:0.664596;gHO_sBM_cAll_d21_mHO5_ch10:0.661819;gHO_sBM_cAll_d20_mHO5_ch06:0.661708;gHO_sBM_cAll_d21_mHO5_ch09:0.660639;gHO_sBM_cAll_d21_mHO5_ch03:0.654142;gHO_sBM_cAll_d21_mHO5_ch05:0.646721;gHO_sBM_cAll_d20_mHO5_ch05:0.643513;gHO_sBM_cAll_d21_mHO5_ch02:0.643314;gHO_sBM_cAll_d20_mHO5_ch04:0.642664;gHO_sBM_cAll_d21_mHO5_ch04:0.640618,Electronic---Techno:0.286608;Electronic---Electro:0.213665;Electronic---Deep Techno:0.109608;Electronic---Synthwave:0.104260;Electronic---Ambient:0.097837,PO:v1:k0:r1,,JB3,0.678975,gHO_sBM_cAll_d20_mHO5_ch10,0.664596,120.967742
18.584000,18.604286200,,hermite,terminal_hold,Bridge preparation did not finish before the terminal state,,,,0,0.0,1,gPO_sBM_cAll_d12_mPO3_ch02,,,17.368000,gHO_sBM_cAll_d20_mHO5_ch10;gHO_sBM_cAll_d21_mHO5_ch10;gHO_sBM_cAll_d20_mHO5_ch06;gHO_sBM_cAll_d21_mHO5_ch09;gHO_sBM_cAll_d21_mHO5_ch03,18.496649,113,,,,1.000000000,0.216061185,0.000000,motion_end,0.216061185,0.077234,0.128347,0.034431,0.000000,0.087300,0.000000,4.270833,0.350000,beat-sync,0.813767,1.132246,,0.031411497,0.234246373,right_wrist_yaw,0.000000000,right_wrist_pitch,0.234246373,right_wrist_yaw,0.000000000,right_wrist_pitch,-0.479851,0.464869,0.856513,1.913154,0.000000000,0.000000000,0.000000000,0.000848661,0.000711361,0.006492620,18.328000,0.000000000,0.000000000,,0.000000,0.000000,0.000000,,0.009882755,0,1,0,10,gPO_sBM_cAll_d10_mPO0_ch01;gPO_sBM_cAll_d11_mPO0_ch01;gPO_sBM_cAll_d11_mPO0_ch02;gPO_sBM_cAll_d10_mPO0_ch02;gPO_sBM_cAll_d12_mPO3_ch02;gHO_sBM_cAll_d20_mHO5_ch10;gHO_sBM_cAll_d21_mHO5_ch10;gHO_sBM_cAll_d20_mHO5_ch06;gHO_sBM_cAll_d21_mHO5_ch09;gHO_sBM_cAll_d21_mHO5_ch03,,45.737300,512.471300,52.990200,3525.844700,accepted,0.955760,,0.919564,0.254157622,31.212867,0.097837,HO,0.851451,0.006179,0.002777,JB3:0.678975;JB5:0.672796;JB1:0.657986;LO4:0.624226;WA4:0.614871,gHO_sBM_cAll_d20_mHO5_ch10:0.664596;gHO_sBM_cAll_d21_mHO5_ch10:0.661819;gHO_sBM_cAll_d20_mHO5_ch06:0.661708;gHO_sBM_cAll_d21_mHO5_ch09:0.660639;gHO_sBM_cAll_d21_mHO5_ch03:0.654142;gHO_sBM_cAll_d21_mHO5_ch05:0.646721;gHO_sBM_cAll_d20_mHO5_ch05:0.643513;gHO_sBM_cAll_d21_mHO5_ch02:0.643314;gHO_sBM_cAll_d20_mHO5_ch04:0.642664;gHO_sBM_cAll_d21_mHO5_ch04:0.640618,Electronic---Techno:0.286608;Electronic---Electro:0.213665;Electronic---Deep Techno:0.109608;Electronic---Synthwave:0.104260;Electronic---Ambient:0.097837,PO:v1:k0:r1,,JB3,0.678975,gHO_sBM_cAll_d20_mHO5_ch10,0.664596,120.967742
18.616000,18.664482600,beat_limiter_result,hermite,terminal_hold,Bridge preparation did not finish before the terminal state,,,,0,0.0,1,gPO_sBM_cAll_d12_mPO3_ch02,,,17.368000,gHO_sBM_cAll_d20_mHO5_ch10;gHO_sBM_cAll_d21_mHO5_ch10;gHO_sBM_cAll_d20_mHO5_ch06;gHO_sBM_cAll_d21_mHO5_ch09;gHO_sBM_cAll_d21_mHO5_ch03,18.496649,113,,,,1.000000000,0.216061185,0.000000,motion_end,0.216061185,0.077234,0.128347,0.034431,0.000000,0.087300,0.000000,4.270833,0.350000,beat-sync,0.813767,1.132246,,0.031411497,0.234246373,right_wrist_yaw,0.000000000,right_wrist_pitch,0.234246373,right_wrist_yaw,0.000000000,right_wrist_pitch,-0.479851,0.464869,0.856513,1.913154,0.000000000,0.000000000,0.000000000,0.000848661,0.000711361,0.006492620,18.328000,0.000000000,0.000000000,,0.000000,0.000000,0.000000,,0.009873339,0,1,0,10,gPO_sBM_cAll_d10_mPO0_ch01;gPO_sBM_cAll_d11_mPO0_ch01;gPO_sBM_cAll_d11_mPO0_ch02;gPO_sBM_cAll_d10_mPO0_ch02;gPO_sBM_cAll_d12_mPO3_ch02;gHO_sBM_cAll_d20_mHO5_ch10;gHO_sBM_cAll_d21_mHO5_ch10;gHO_sBM_cAll_d20_mHO5_ch06;gHO_sBM_cAll_d21_mHO5_ch09;gHO_sBM_cAll_d21_mHO5_ch03,,45.737300,512.471300,52.990200,3525.844700,accepted,0.955760,,0.919564,0.254157622,31.212867,0.097837,HO,0.851451,0.006179,0.002777,JB3:0.678975;JB5:0.672796;JB1:0.657986;LO4:0.624226;WA4:0.614871,gHO_sBM_cAll_d20_mHO5_ch10:0.664596;gHO_sBM_cAll_d21_mHO5_ch10:0.661819;gHO_sBM_cAll_d20_mHO5_ch06:0.661708;gHO_sBM_cAll_d21_mHO5_ch09:0.660639;gHO_sBM_cAll_d21_mHO5_ch03:0.654142;gHO_sBM_cAll_d21_mHO5_ch05:0.646721;gHO_sBM_cAll_d20_mHO5_ch05:0.643513;gHO_sBM_cAll_d21_mHO5_ch02:0.643314;gHO_sBM_cAll_d20_mHO5_ch04:0.642664;gHO_sBM_cAll_d21_mHO5_ch04:0.640618,Electronic---Techno:0.286608;Electronic---Electro:0.213665;Electronic---Deep Techno:0.109608;Electronic---Synthwave:0.104260;Electronic---Ambient:0.097837,PO:v1:k0:r1,,JB3,0.678975,gHO_sBM_cAll_d20_mHO5_ch10,0.664596,120.967742
18.680000,18.740059900,,hermite,terminal_hold,Bridge preparation did not finish before the terminal state,,,,0,0.0,1,gPO_sBM_cAll_d12_mPO3_ch02,,,17.368000,gHO_sBM_cAll_d20_mHO5_ch10;gHO_sBM_cAll_d21_mHO5_ch10;gHO_sBM_cAll_d20_mHO5_ch06;gHO_sBM_cAll_d21_mHO5_ch09;gHO_sBM_cAll_d21_mHO5_ch03,18.496649,113,,,,1.000000000,0.216061185,0.000000,motion_end,0.216061185,0.077234,0.128347,0.034431,0.000000,0.087300,0.000000,4.270833,0.350000,beat-sync,0.813767,1.132246,,0.031411497,0.234246373,right_wrist_yaw,0.000000000,right_wrist_pitch,0.234246373,right_wrist_yaw,0.000000000,right_wrist_pitch,-0.479851,0.464869,0.856513,1.913154,0.000000000,0.000000000,0.000000000,0.000848661,0.000711361,0.006492620,18.328000,0.000000000,0.000000000,,0.000000,0.000000,0.000000,,0.009863940,0,1,0,10,gPO_sBM_cAll_d10_mPO0_ch01;gPO_sBM_cAll_d11_mPO0_ch01;gPO_sBM_cAll_d11_mPO0_ch02;gPO_sBM_cAll_d10_mPO0_ch02;gPO_sBM_cAll_d12_mPO3_ch02;gHO_sBM_cAll_d20_mHO5_ch10;gHO_sBM_cAll_d21_mHO5_ch10;gHO_sBM_cAll_d20_mHO5_ch06;gHO_sBM_cAll_d21_mHO5_ch09;gHO_sBM_cAll_d21_mHO5_ch03,,45.737300,512.471300,52.990200,3525.844700,accepted,0.955760,,0.919564,0.254157622,31.212867,0.097837,HO,0.851451,0.006179,0.002777,JB3:0.678975;JB5:0.672796;JB1:0.657986;LO4:0.624226;WA4:0.614871,gHO_sBM_cAll_d20_mHO5_ch10:0.664596;gHO_sBM_cAll_d21_mHO5_ch10:0.661819;gHO_sBM_cAll_d20_mHO5_ch06:0.661708;gHO_sBM_cAll_d21_mHO5_ch09:0.660639;gHO_sBM_cAll_d21_mHO5_ch03:0.654142;gHO_sBM_cAll_d21_mHO5_ch05:0.646721;gHO_sBM_cAll_d20_mHO5_ch05:0.643513;gHO_sBM_cAll_d21_mHO5_ch02:0.643314;gHO_sBM_cAll_d20_mHO5_ch04:0.642664;gHO_sBM_cAll_d21_mHO5_ch04:0.640618,Electronic---Techno:0.286608;Electronic---Electro:0.213665;Electronic---Deep Techno:0.109608;Electronic---Synthwave:0.104260;Electronic---Ambient:0.097837,PO:v1:k0:r1,,JB3,0.678975,gHO_sBM_cAll_d20_mHO5_ch10,0.664596,120.967742
18.712000,18.758301300,,hermite,terminal_hold,Bridge preparation did not finish before the terminal state,,,,0,0.0,1,gPO_sBM_cAll_d12_mPO3_ch02,,,17.368000,gHO_sBM_cAll_d20_mHO5_ch10;gHO_sBM_cAll_d21_mHO5_ch10;gHO_sBM_cAll_d20_mHO5_ch06;gHO_sBM_cAll_d21_mHO5_ch09;gHO_sBM_cAll_d21_mHO5_ch03,18.496649,113,,,,1.000000000,0.216061185,0.000000,motion_end,0.216061185,0.077234,0.128347,0.034431,0.000000,0.087300,0.000000,4.270833,0.350000,beat-sync,0.813767,1.132246,,0.031411497,0.234246373,right_wrist_yaw,0.000000000,right_wrist_pitch,0.234246373,right_wrist_yaw,0.000000000,right_wrist_pitch,-0.479851,0.464869,0.856513,1.913154,0.000000000,0.000000000,0.000000000,0.000848661,0.000711361,0.006492620,18.328000,0.000000000,0.000000000,,0.000000,0.000000,0.000000,,0.009859247,0,1,0,10,gPO_sBM_cAll_d10_mPO0_ch01;gPO_sBM_cAll_d11_mPO0_ch01;gPO_sBM_cAll_d11_mPO0_ch02;gPO_sBM_cAll_d10_mPO0_ch02;gPO_sBM_cAll_d12_mPO3_ch02;gHO_sBM_cAll_d20_mHO5_ch10;gHO_sBM_cAll_d21_mHO5_ch10;gHO_sBM_cAll_d20_mHO5_ch06;gHO_sBM_cAll_d21_mHO5_ch09;gHO_sBM_cAll_d21_mHO5_ch03,,45.737300,512.471300,52.990200,3525.844700,accepted,0.955760,,0.919564,0.254157622,31.212867,0.097837,HO,0.851451,0.006179,0.002777,JB3:0.678975;JB5:0.672796;JB1:0.657986;LO4:0.624226;WA4:0.614871,gHO_sBM_cAll_d20_mHO5_ch10:0.664596;gHO_sBM_cAll_d21_mHO5_ch10:0.661819;gHO_sBM_cAll_d20_mHO5_ch06:0.661708;gHO_sBM_cAll_d21_mHO5_ch09:0.660639;gHO_sBM_cAll_d21_mHO5_ch03:0.654142;gHO_sBM_cAll_d21_mHO5_ch05:0.646721;gHO_sBM_cAll_d20_mHO5_ch05:0.643513;gHO_sBM_cAll_d21_mHO5_ch02:0.643314;gHO_sBM_cAll_d20_mHO5_ch04:0.642664;gHO_sBM_cAll_d21_mHO5_ch04:0.640618,Electronic---Techno:0.286608;Electronic---Electro:0.213665;Electronic---Deep Techno:0.109608;Electronic---Synthwave:0.104260;Electronic---Ambient:0.097837,PO:v1:k0:r1,,JB3,0.678975,gHO_sBM_cAll_d20_mHO5_ch10,0.664596,120.967742
18.776000,18.846911400,,hermite,terminal_hold,Bridge preparation did not finish before the terminal state,,,,0,0.0,1,gPO_sBM_cAll_d12_mPO3_ch02,,,17.368000,gHO_sBM_cAll_d20_mHO5_ch10;gHO_sBM_cAll_d21_mHO5_ch10;gHO_sBM_cAll_d20_mHO5_ch06;gHO_sBM_cAll_d21_mHO5_ch09;gHO_sBM_cAll_d21_mHO5_ch03,18.496649,113,,,,1.000000000,0.216061185,0.000000,motion_end,0.216061185,0.077234,0.128347,0.034431,0.000000,0.087300,0.000000,4.270833,0.350000,beat-sync,0.813767,1.132246,,0.031411497,0.234246373,right_wrist_yaw,0.000000000,right_wrist_pitch,0.234246373,right_wrist_yaw,0.000000000,right_wrist_pitch,-0.479851,0.464869,0.856513,1.913154,0.000000000,0.000000000,0.000000000,0.000848661,0.000711361,0.006492620,18.328000,0.000000000,0.000000000,,0.000000,0.000000,0.000000,,0.009849875,0,1,0,10,gPO_sBM_cAll_d10_mPO0_ch01;gPO_sBM_cAll_d11_mPO0_ch01;gPO_sBM_cAll_d11_mPO0_ch02;gPO_sBM_cAll_d10_mPO0_ch02;gPO_sBM_cAll_d12_mPO3_ch02;gHO_sBM_cAll_d20_mHO5_ch10;gHO_sBM_cAll_d21_mHO5_ch10;gHO_sBM_cAll_d20_mHO5_ch06;gHO_sBM_cAll_d21_mHO5_ch09;gHO_sBM_cAll_d21_mHO5_ch03,,45.737300,512.471300,52.990200,3525.844700,accepted,0.955760,,0.919564,0.254157622,31.212867,0.097837,HO,0.851451,0.006179,0.002777,JB3:0.678975;JB5:0.672796;JB1:0.657986;LO4:0.624226;WA4:0.614871,gHO_sBM_cAll_d20_mHO5_ch10:0.664596;gHO_sBM_cAll_d21_mHO5_ch10:0.661819;gHO_sBM_cAll_d20_mHO5_ch06:0.661708;gHO_sBM_cAll_d21_mHO5_ch09:0.660639;gHO_sBM_cAll_d21_mHO5_ch03:0.654142;gHO_sBM_cAll_d21_mHO5_ch05:0.646721;gHO_sBM_cAll_d20_mHO5_ch05:0.643513;gHO_sBM_cAll_d21_mHO5_ch02:0.643314;gHO_sBM_cAll_d20_mHO5_ch04:0.642664;gHO_sBM_cAll_d21_mHO5_ch04:0.640618,Electronic---Techno:0.286608;Electronic---Electro:0.213665;Electronic---Deep Techno:0.109608;Electronic---Synthwave:0.104260;Electronic---Ambient:0.097837,PO:v1:k0:r1,,JB3,0.678975,gHO_sBM_cAll_d20_mHO5_ch10,0.664596,120.967742
18.840000,18.870745400,match,hermite,terminal_hold,Bridge preparation did not finish before the terminal state,,,,0,0.0,1,gPO_sBM_cAll_d12_mPO3_ch02,,,18.392000,gHO_sBM_cAll_d20_mHO5_ch10;gHO_sBM_cAll_d21_mHO5_ch10;gHO_sBM_cAll_d20_mHO5_ch06;gHO_sBM_cAll_d21_mHO5_ch09;gHO_sBM_cAll_d21_mHO5_ch03,18.496649,113,,,,1.000000000,0.216061185,0.000000,motion_end,0.216061185,0.077234,0.128347,0.034431,0.000000,0.087300,0.000000,4.270833,0.350000,beat-sync,0.813767,1.041667,,0.091357290,0.234246373,right_wrist_yaw,0.000000000,right_wrist_pitch,0.234246373,right_wrist_yaw,0.000000000,right_wrist_pitch,-0.479851,0.464869,0.856513,1.913154,0.000000000,0.000000000,0.000000000,0.000848661,0.000711361,0.006492620,18.840000,0.000000000,0.000000000,,0.000000,0.000000,0.000000,,0.009845196,0,1,0,10,gPO_sBM_cAll_d10_mPO0_ch01;gPO_sBM_cAll_d11_mPO0_ch01;gPO_sBM_cAll_d11_mPO0_ch02;gPO_sBM_cAll_d10_mPO0_ch02;gPO_sBM_cAll_d12_mPO3_ch02;gHO_sBM_cAll_d20_mHO5_ch10;gHO_sBM_cAll_d21_mHO5_ch10;gHO_sBM_cAll_d20_mHO5_ch06;gHO_sBM_cAll_d21_mHO5_ch09;gHO_sBM_cAll_d21_mHO5_ch03,,45.737300,512.471300,52.990200,3525.844700,accepted,0.957412,,0.922568,0.255221041,30.936256,0.096035,HO,0.851646,0.006622,0.002773,JB3:0.679591;JB5:0.672970;JB1:0.657533;LO4:0.626375;WA4:0.617435,gHO_sBM_cAll_d20_mHO5_ch10:0.663868;gHO_sBM_cAll_d21_mHO5_ch10:0.661095;gHO_sBM_cAll_d20_mHO5_ch06:0.660982;gHO_sBM_cAll_d21_mHO5_ch09:0.659917;gHO_sBM_cAll_d21_mHO5_ch03:0.653608;gHO_sBM_cAll_d21_mHO5_ch05:0.646012;gHO_sBM_cAll_d20_mHO5_ch05:0.642798;gHO_sBM_cAll_d21_mHO5_ch02:0.642615;gHO_sBM_cAll_d20_mHO5_ch04:0.641956;gHO_sBM_cAll_d21_mHO5_ch04:0.639919,Electronic---Techno:0.279399;Electronic---Electro:0.210278;Electronic---Deep Techno:0.110023;Electronic---Synthwave:0.106969;Electronic---Deep House:0.099071,PO:v1:k0:r1,,JB3,0.679591,gHO_sBM_cAll_d20_mHO5_ch10,0.663868,120.967742
18.872000,18.913713300,,hermite,terminal_hold,Bridge preparation did not finish before the terminal state,,,,0,0.0,1,gPO_sBM_cAll_d12_mPO3_ch02,,,18.392000,gHO_sBM_cAll_d20_mHO5_ch10;gHO_sBM_cAll_d21_mHO5_ch10;gHO_sBM_cAll_d20_mHO5_ch06;gHO_sBM_cAll_d21_mHO5_ch09;gHO_sBM_cAll_d21_mHO5_ch03,18.496649,113,,,,1.000000000,0.216061185,0.000000,motion_end,0.216061185,0.077234,0.128347,0.034431,0.000000,0.087300,0.000000,4.270833,0.350000,beat-sync,0.813767,1.041667,,0.091357290,0.234246373,right_wrist_yaw,0.000000000,right_wrist_pitch,0.234246373,right_wrist_yaw,0.000000000,right_wrist_pitch,-0.479851,0.464869,0.856513,1.913154,0.000000000,0.000000000,0.000000000,0.000848661,0.000711361,0.006492620,18.840000,0.000000000,0.000000000,,0.000000,0.000000,0.000000,,0.009835851,0,1,0,10,gPO_sBM_cAll_d10_mPO0_ch01;gPO_sBM_cAll_d11_mPO0_ch01;gPO_sBM_cAll_d11_mPO0_ch02;gPO_sBM_cAll_d10_mPO0_ch02;gPO_sBM_cAll_d12_mPO3_ch02;gHO_sBM_cAll_d20_mHO5_ch10;gHO_sBM_cAll_d21_mHO5_ch10;gHO_sBM_cAll_d20_mHO5_ch06;gHO_sBM_cAll_d21_mHO5_ch09;gHO_sBM_cAll_d21_mHO5_ch03,,45.737300,512.471300,52.990200,3525.844700,accepted,0.957412,,0.922568,0.255221041,30.936256,0.096035,HO,0.851646,0.006622,0.002773,JB3:0.679591;JB5:0.672970;JB1:0.657533;LO4:0.626375;WA4:0.617435,gHO_sBM_cAll_d20_mHO5_ch10:0.663868;gHO_sBM_cAll_d21_mHO5_ch10:0.661095;gHO_sBM_cAll_d20_mHO5_ch06:0.660982;gHO_sBM_cAll_d21_mHO5_ch09:0.659917;gHO_sBM_cAll_d21_mHO5_ch03:0.653608;gHO_sBM_cAll_d21_mHO5_ch05:0.646012;gHO_sBM_cAll_d20_mHO5_ch05:0.642798;gHO_sBM_cAll_d21_mHO5_ch02:0.642615;gHO_sBM_cAll_d20_mHO5_ch04:0.641956;gHO_sBM_cAll_d21_mHO5_ch04:0.639919,Electronic---Techno:0.279399;Electronic---Electro:0.210278;Electronic---Deep Techno:0.110023;Electronic---Synthwave:0.106969;Electronic---Deep House:0.099071,PO:v1:k0:r1,,JB3,0.679591,gHO_sBM_cAll_d20_mHO5_ch10,0.663868,120.967742
18.904000,18.958535800,,hermite,terminal_hold,Bridge preparation did not finish before the terminal state,,,,0,0.0,1,gPO_sBM_cAll_d12_mPO3_ch02,,,18.392000,gHO_sBM_cAll_d20_mHO5_ch10;gHO_sBM_cAll_d21_mHO5_ch10;gHO_sBM_cAll_d20_mHO5_ch06;gHO_sBM_cAll_d21_mHO5_ch09;gHO_sBM_cAll_d21_mHO5_ch03,18.496649,113,,,,1.000000000,0.216061185,0.000000,motion_end,0.216061185,0.077234,0.128347,0.034431,0.000000,0.087300,0.000000,4.270833,0.350000,beat-sync,0.813767,1.041667,,0.091357290,0.234246373,right_wrist_yaw,0.000000000,right_wrist_pitch,0.234246373,right_wrist_yaw,0.000000000,right_wrist_pitch,-0.479851,0.464869,0.856513,1.913154,0.000000000,0.000000000,0.000000000,0.000848661,0.000711361,0.006492620,18.840000,0.000000000,0.000000000,,0.000000,0.000000,0.000000,,0.009831185,0,1,0,10,gPO_sBM_cAll_d10_mPO0_ch01;gPO_sBM_cAll_d11_mPO0_ch01;gPO_sBM_cAll_d11_mPO0_ch02;gPO_sBM_cAll_d10_mPO0_ch02;gPO_sBM_cAll_d12_mPO3_ch02;gHO_sBM_cAll_d20_mHO5_ch10;gHO_sBM_cAll_d21_mHO5_ch10;gHO_sBM_cAll_d20_mHO5_ch06;gHO_sBM_cAll_d21_mHO5_ch09;gHO_sBM_cAll_d21_mHO5_ch03,,45.737300,512.471300,52.990200,3525.844700,accepted,0.957412,,0.922568,0.255221041,30.936256,0.096035,HO,0.851646,0.006622,0.002773,JB3:0.679591;JB5:0.672970;JB1:0.657533;LO4:0.626375;WA4:0.617435,gHO_sBM_cAll_d20_mHO5_ch10:0.663868;gHO_sBM_cAll_d21_mHO5_ch10:0.661095;gHO_sBM_cAll_d20_mHO5_ch06:0.660982;gHO_sBM_cAll_d21_mHO5_ch09:0.659917;gHO_sBM_cAll_d21_mHO5_ch03:0.653608;gHO_sBM_cAll_d21_mHO5_ch05:0.646012;gHO_sBM_cAll_d20_mHO5_ch05:0.642798;gHO_sBM_cAll_d21_mHO5_ch02:0.642615;gHO_sBM_cAll_d20_mHO5_ch04:0.641956;gHO_sBM_cAll_d21_mHO5_ch04:0.639919,Electronic---Techno:0.279399;Electronic---Electro:0.210278;Electronic---Deep Techno:0.110023;Electronic---Synthwave:0.106969;Electronic---Deep House:0.099071,PO:v1:k0:r1,,JB3,0.679591,gHO_sBM_cAll_d20_mHO5_ch10,0.663868,120.967742
18.968000,19.010100100,,hermite,terminal_hold,Bridge preparation did not finish before the terminal state,,,,0,0.0,1,gPO_sBM_cAll_d12_mPO3_ch02,,,18.392000,gHO_sBM_cAll_d20_mHO5_ch10;gHO_sBM_cAll_d21_mHO5_ch10;gHO_sBM_cAll_d20_mHO5_ch06;gHO_sBM_cAll_d21_mHO5_ch09;gHO_sBM_cAll_d21_mHO5_ch03,18.496649,113,,,,1.000000000,0.216061185,0.000000,motion_end,0.216061185,0.077234,0.128347,0.034431,0.000000,0.087300,0.000000,4.270833,0.350000,beat-sync,0.813767,1.041667,,0.091357290,0.234246373,right_wrist_yaw,0.000000000,right_wrist_pitch,0.234246373,right_wrist_yaw,0.000000000,right_wrist_pitch,-0.479851,0.464869,0.856513,1.913154,0.000000000,0.000000000,0.000000000,0.000848661,0.000711361,0.006492620,18.840000,0.000000000,0.000000000,,0.000000,0.000000,0.000000,,0.009821866,0,1,0,10,gPO_sBM_cAll_d10_mPO0_ch01;gPO_sBM_cAll_d11_mPO0_ch01;gPO_sBM_cAll_d11_mPO0_ch02;gPO_sBM_cAll_d10_mPO0_ch02;gPO_sBM_cAll_d12_mPO3_ch02;gHO_sBM_cAll_d20_mHO5_ch10;gHO_sBM_cAll_d21_mHO5_ch10;gHO_sBM_cAll_d20_mHO5_ch06;gHO_sBM_cAll_d21_mHO5_ch09;gHO_sBM_cAll_d21_mHO5_ch03,,45.737300,512.471300,52.990200,3525.844700,accepted,0.957412,,0.922568,0.255221041,30.936256,0.096035,HO,0.851646,0.006622,0.002773,JB3:0.679591;JB5:0.672970;JB1:0.657533;LO4:0.626375;WA4:0.617435,gHO_sBM_cAll_d20_mHO5_ch10:0.663868;gHO_sBM_cAll_d21_mHO5_ch10:0.661095;gHO_sBM_cAll_d20_mHO5_ch06:0.660982;gHO_sBM_cAll_d21_mHO5_ch09:0.659917;gHO_sBM_cAll_d21_mHO5_ch03:0.653608;gHO_sBM_cAll_d21_mHO5_ch05:0.646012;gHO_sBM_cAll_d20_mHO5_ch05:0.642798;gHO_sBM_cAll_d21_mHO5_ch02:0.642615;gHO_sBM_cAll_d20_mHO5_ch04:0.641956;gHO_sBM_cAll_d21_mHO5_ch04:0.639919,Electronic---Techno:0.279399;Electronic---Electro:0.210278;Electronic---Deep Techno:0.110023;Electronic---Synthwave:0.106969;Electronic---Deep House:0.099071,PO:v1:k0:r1,,JB3,0.679591,gHO_sBM_cAll_d20_mHO5_ch10,0.663868,120.967742
19.000000,19.028952500,,hermite,terminal_hold,Bridge preparation did not finish before the terminal state,,,,0,0.0,1,gPO_sBM_cAll_d12_mPO3_ch02,,,18.392000,gHO_sBM_cAll_d20_mHO5_ch10;gHO_sBM_cAll_d21_mHO5_ch10;gHO_sBM_cAll_d20_mHO5_ch06;gHO_sBM_cAll_d21_mHO5_ch09;gHO_sBM_cAll_d21_mHO5_ch03,18.496649,113,,,,1.000000000,0.216061185,0.000000,motion_end,0.216061185,0.077234,0.128347,0.034431,0.000000,0.087300,0.000000,4.270833,0.350000,beat-sync,0.813767,1.041667,,0.091357290,0.234246373,right_wrist_yaw,0.000000000,right_wrist_pitch,0.234246373,right_wrist_yaw,0.000000000,right_wrist_pitch,-0.479851,0.464869,0.856513,1.913154,0.000000000,0.000000000,0.000000000,0.000848661,0.000711361,0.006492620,18.840000,0.000000000,0.000000000,,0.000000,0.000000,0.000000,,0.009817214,0,1,0,10,gPO_sBM_cAll_d10_mPO0_ch01;gPO_sBM_cAll_d11_mPO0_ch01;gPO_sBM_cAll_d11_mPO0_ch02;gPO_sBM_cAll_d10_mPO0_ch02;gPO_sBM_cAll_d12_mPO3_ch02;gHO_sBM_cAll_d20_mHO5_ch10;gHO_sBM_cAll_d21_mHO5_ch10;gHO_sBM_cAll_d20_mHO5_ch06;gHO_sBM_cAll_d21_mHO5_ch09;gHO_sBM_cAll_d21_mHO5_ch03,,45.737300,512.471300,52.990200,3525.844700,accepted,0.957412,,0.922568,0.255221041,30.936256,0.096035,HO,0.851646,0.006622,0.002773,JB3:0.679591;JB5:0.672970;JB1:0.657533;LO4:0.626375;WA4:0.617435,gHO_sBM_cAll_d20_mHO5_ch10:0.663868;gHO_sBM_cAll_d21_mHO5_ch10:0.661095;gHO_sBM_cAll_d20_mHO5_ch06:0.660982;gHO_sBM_cAll_d21_mHO5_ch09:0.659917;gHO_sBM_cAll_d21_mHO5_ch03:0.653608;gHO_sBM_cAll_d21_mHO5_ch05:0.646012;gHO_sBM_cAll_d20_mHO5_ch05:0.642798;gHO_sBM_cAll_d21_mHO5_ch02:0.642615;gHO_sBM_cAll_d20_mHO5_ch04:0.641956;gHO_sBM_cAll_d21_mHO5_ch04:0.639919,Electronic---Techno:0.279399;Electronic---Electro:0.210278;Electronic---Deep Techno:0.110023;Electronic---Synthwave:0.106969;Electronic---Deep House:0.099071,PO:v1:k0:r1,,JB3,0.679591,gHO_sBM_cAll_d20_mHO5_ch10,0.663868,120.967742
19.032000,19.063039000,beat_limiter_result,hermite,terminal_hold,Bridge preparation did not finish before the terminal state,,,,0,0.0,1,gPO_sBM_cAll_d12_mPO3_ch02,,,18.392000,gHO_sBM_cAll_d20_mHO5_ch10;gHO_sBM_cAll_d21_mHO5_ch10;gHO_sBM_cAll_d20_mHO5_ch06;gHO_sBM_cAll_d21_mHO5_ch09;gHO_sBM_cAll_d21_mHO5_ch03,18.496649,113,,,,1.000000000,0.216061185,0.000000,motion_end,0.216061185,0.077234,0.128347,0.034431,0.000000,0.087300,0.000000,4.270833,0.350000,beat-sync,0.813767,1.041667,,0.091357290,0.234246373,right_wrist_yaw,0.000000000,right_wrist_pitch,0.234246373,right_wrist_yaw,0.000000000,right_wrist_pitch,-0.479851,0.464869,0.856513,1.913154,0.000000000,0.000000000,0.000000000,0.000848661,0.000711361,0.006492620,18.840000,0.000000000,0.000000000,,0.000000,0.000000,0.000000,,0.009807921,0,1,0,10,gPO_sBM_cAll_d10_mPO0_ch01;gPO_sBM_cAll_d11_mPO0_ch01;gPO_sBM_cAll_d11_mPO0_ch02;gPO_sBM_cAll_d10_mPO0_ch02;gPO_sBM_cAll_d12_mPO3_ch02;gHO_sBM_cAll_d20_mHO5_ch10;gHO_sBM_cAll_d21_mHO5_ch10;gHO_sBM_cAll_d20_mHO5_ch06;gHO_sBM_cAll_d21_mHO5_ch09;gHO_sBM_cAll_d21_mHO5_ch03,,45.737300,512.471300,52.990200,3525.844700,accepted,0.957412,,0.922568,0.255221041,30.936256,0.096035,HO,0.851646,0.006622,0.002773,JB3:0.679591;JB5:0.672970;JB1:0.657533;LO4:0.626375;WA4:0.617435,gHO_sBM_cAll_d20_mHO5_ch10:0.663868;gHO_sBM_cAll_d21_mHO5_ch10:0.661095;gHO_sBM_cAll_d20_mHO5_ch06:0.660982;gHO_sBM_cAll_d21_mHO5_ch09:0.659917;gHO_sBM_cAll_d21_mHO5_ch03:0.653608;gHO_sBM_cAll_d21_mHO5_ch05:0.646012;gHO_sBM_cAll_d20_mHO5_ch05:0.642798;gHO_sBM_cAll_d21_mHO5_ch02:0.642615;gHO_sBM_cAll_d20_mHO5_ch04:0.641956;gHO_sBM_cAll_d21_mHO5_ch04:0.639919,Electronic---Techno:0.279399;Electronic---Electro:0.210278;Electronic---Deep Techno:0.110023;Electronic---Synthwave:0.106969;Electronic---Deep House:0.099071,PO:v1:k0:r1,,JB3,0.679591,gHO_sBM_cAll_d20_mHO5_ch10,0.663868,120.967742
19.064000,19.117940300,,hermite,terminal_hold,Bridge preparation did not finish before the terminal state,,,,0,0.0,1,gPO_sBM_cAll_d12_mPO3_ch02,,,18.392000,gHO_sBM_cAll_d20_mHO5_ch10;gHO_sBM_cAll_d21_mHO5_ch10;gHO_sBM_cAll_d20_mHO5_ch06;gHO_sBM_cAll_d21_mHO5_ch09;gHO_sBM_cAll_d21_mHO5_ch03,18.496649,113,,,,1.000000000,0.216061185,0.000000,motion_end,0.216061185,0.077234,0.128347,0.034431,0.000000,0.087300,0.000000,4.270833,0.350000,beat-sync,0.813767,1.041667,,0.091357290,0.234246373,right_wrist_yaw,0.000000000,right_wrist_pitch,0.234246373,right_wrist_yaw,0.000000000,right_wrist_pitch,-0.479851,0.464869,0.856513,1.913154,0.000000000,0.000000000,0.000000000,0.000848661,0.000711361,0.006492620,18.840000,0.000000000,0.000000000,,0.000000,0.000000,0.000000,,0.009798647,0,1,0,10,gPO_sBM_cAll_d10_mPO0_ch01;gPO_sBM_cAll_d11_mPO0_ch01;gPO_sBM_cAll_d11_mPO0_ch02;gPO_sBM_cAll_d10_mPO0_ch02;gPO_sBM_cAll_d12_mPO3_ch02;gHO_sBM_cAll_d20_mHO5_ch10;gHO_sBM_cAll_d21_mHO5_ch10;gHO_sBM_cAll_d20_mHO5_ch06;gHO_sBM_cAll_d21_mHO5_ch09;gHO_sBM_cAll_d21_mHO5_ch03,,45.737300,512.471300,52.990200,3525.844700,accepted,0.957412,,0.922568,0.255221041,30.936256,0.096035,HO,0.851646,0.006622,0.002773,JB3:0.679591;JB5:0.672970;JB1:0.657533;LO4:0.626375;WA4:0.617435,gHO_sBM_cAll_d20_mHO5_ch10:0.663868;gHO_sBM_cAll_d21_mHO5_ch10:0.661095;gHO_sBM_cAll_d20_mHO5_ch06:0.660982;gHO_sBM_cAll_d21_mHO5_ch09:0.659917;gHO_sBM_cAll_d21_mHO5_ch03:0.653608;gHO_sBM_cAll_d21_mHO5_ch05:0.646012;gHO_sBM_cAll_d20_mHO5_ch05:0.642798;gHO_sBM_cAll_d21_mHO5_ch02:0.642615;gHO_sBM_cAll_d20_mHO5_ch04:0.641956;gHO_sBM_cAll_d21_mHO5_ch04:0.639919,Electronic---Techno:0.279399;Electronic---Electro:0.210278;Electronic---Deep Techno:0.110023;Electronic---Synthwave:0.106969;Electronic---Deep House:0.099071,PO:v1:k0:r1,,JB3,0.679591,gHO_sBM_cAll_d20_mHO5_ch10,0.663868,120.967742
19.128000,19.165232200,,hermite,terminal_hold,Bridge preparation did not finish before the terminal state,,,,0,0.0,1,gPO_sBM_cAll_d12_mPO3_ch02,,,18.392000,gHO_sBM_cAll_d20_mHO5_ch10;gHO_sBM_cAll_d21_mHO5_ch10;gHO_sBM_cAll_d20_mHO5_ch06;gHO_sBM_cAll_d21_mHO5_ch09;gHO_sBM_cAll_d21_mHO5_ch03,18.496649,113,,,,1.000000000,0.216061185,0.000000,motion_end,0.216061185,0.077234,0.128347,0.034431,0.000000,0.087300,0.000000,4.270833,0.350000,beat-sync,0.813767,1.041667,,0.091357290,0.234246373,right_wrist_yaw,0.000000000,right_wrist_pitch,0.234246373,right_wrist_yaw,0.000000000,right_wrist_pitch,-0.479851,0.464869,0.856513,1.913154,0.000000000,0.000000000,0.000000000,0.000848661,0.000711361,0.006492620,18.840000,0.000000000,0.000000000,,0.000000,0.000000,0.000000,,0.009789390,0,1,0,10,gPO_sBM_cAll_d10_mPO0_ch01;gPO_sBM_cAll_d11_mPO0_ch01;gPO_sBM_cAll_d11_mPO0_ch02;gPO_sBM_cAll_d10_mPO0_ch02;gPO_sBM_cAll_d12_mPO3_ch02;gHO_sBM_cAll_d20_mHO5_ch10;gHO_sBM_cAll_d21_mHO5_ch10;gHO_sBM_cAll_d20_mHO5_ch06;gHO_sBM_cAll_d21_mHO5_ch09;gHO_sBM_cAll_d21_mHO5_ch03,,45.737300,512.471300,52.990200,3525.844700,accepted,0.957412,,0.922568,0.255221041,30.936256,0.096035,HO,0.851646,0.006622,0.002773,JB3:0.679591;JB5:0.672970;JB1:0.657533;LO4:0.626375;WA4:0.617435,gHO_sBM_cAll_d20_mHO5_ch10:0.663868;gHO_sBM_cAll_d21_mHO5_ch10:0.661095;gHO_sBM_cAll_d20_mHO5_ch06:0.660982;gHO_sBM_cAll_d21_mHO5_ch09:0.659917;gHO_sBM_cAll_d21_mHO5_ch03:0.653608;gHO_sBM_cAll_d21_mHO5_ch05:0.646012;gHO_sBM_cAll_d20_mHO5_ch05:0.642798;gHO_sBM_cAll_d21_mHO5_ch02:0.642615;gHO_sBM_cAll_d20_mHO5_ch04:0.641956;gHO_sBM_cAll_d21_mHO5_ch04:0.639919,Electronic---Techno:0.279399;Electronic---Electro:0.210278;Electronic---Deep Techno:0.110023;Electronic---Synthwave:0.106969;Electronic---Deep House:0.099071,PO:v1:k0:r1,,JB3,0.679591,gHO_sBM_cAll_d20_mHO5_ch10,0.663868,120.967742
19.160000,19.241904100,,hermite,terminal_hold,Bridge preparation did not finish before the terminal state,,,,0,0.0,1,gPO_sBM_cAll_d12_mPO3_ch02,,,18.392000,gHO_sBM_cAll_d20_mHO5_ch10;gHO_sBM_cAll_d21_mHO5_ch10;gHO_sBM_cAll_d20_mHO5_ch06;gHO_sBM_cAll_d21_mHO5_ch09;gHO_sBM_cAll_d21_mHO5_ch03,18.496649,113,,,,1.000000000,0.216061185,0.000000,motion_end,0.216061185,0.077234,0.128347,0.034431,0.000000,0.087300,0.000000,4.270833,0.350000,beat-sync,0.813767,1.041667,,0.091357290,0.234246373,right_wrist_yaw,0.000000000,right_wrist_pitch,0.234246373,right_wrist_yaw,0.000000000,right_wrist_pitch,-0.479851,0.464869,0.856513,1.913154,0.000000000,0.000000000,0.000000000,0.000848661,0.000711361,0.006492620,18.840000,0.000000000,0.000000000,,0.000000,0.000000,0.000000,,0.009780150,0,1,0,10,gPO_sBM_cAll_d10_mPO0_ch01;gPO_sBM_cAll_d11_mPO0_ch01;gPO_sBM_cAll_d11_mPO0_ch02;gPO_sBM_cAll_d10_mPO0_ch02;gPO_sBM_cAll_d12_mPO3_ch02;gHO_sBM_cAll_d20_mHO5_ch10;gHO_sBM_cAll_d21_mHO5_ch10;gHO_sBM_cAll_d20_mHO5_ch06;gHO_sBM_cAll_d21_mHO5_ch09;gHO_sBM_cAll_d21_mHO5_ch03,,45.737300,512.471300,52.990200,3525.844700,accepted,0.957412,,0.922568,0.255221041,30.936256,0.096035,HO,0.851646,0.006622,0.002773,JB3:0.679591;JB5:0.672970;JB1:0.657533;LO4:0.626375;WA4:0.617435,gHO_sBM_cAll_d20_mHO5_ch10:0.663868;gHO_sBM_cAll_d21_mHO5_ch10:0.661095;gHO_sBM_cAll_d20_mHO5_ch06:0.660982;gHO_sBM_cAll_d21_mHO5_ch09:0.659917;gHO_sBM_cAll_d21_mHO5_ch03:0.653608;gHO_sBM_cAll_d21_mHO5_ch05:0.646012;gHO_sBM_cAll_d20_mHO5_ch05:0.642798;gHO_sBM_cAll_d21_mHO5_ch02:0.642615;gHO_sBM_cAll_d20_mHO5_ch04:0.641956;gHO_sBM_cAll_d21_mHO5_ch04:0.639919,Electronic---Techno:0.279399;Electronic---Electro:0.210278;Electronic---Deep Techno:0.110023;Electronic---Synthwave:0.106969;Electronic---Deep House:0.099071,PO:v1:k0:r1,,JB3,0.679591,gHO_sBM_cAll_d20_mHO5_ch10,0.663868,120.967742
19.224000,19.272102500,,hermite,terminal_hold,Bridge preparation did not finish before the terminal state,,,,0,0.0,1,gPO_sBM_cAll_d12_mPO3_ch02,,,18.392000,gHO_sBM_cAll_d20_mHO5_ch10;gHO_sBM_cAll_d21_mHO5_ch10;gHO_sBM_cAll_d20_mHO5_ch06;gHO_sBM_cAll_d21_mHO5_ch09;gHO_sBM_cAll_d21_mHO5_ch03,18.496649,113,,,,1.000000000,0.216061185,0.000000,motion_end,0.216061185,0.077234,0.128347,0.034431,0.000000,0.087300,0.000000,4.270833,0.350000,beat-sync,0.813767,1.041667,,0.091357290,0.234246373,right_wrist_yaw,0.000000000,right_wrist_pitch,0.234246373,right_wrist_yaw,0.000000000,right_wrist_pitch,-0.479851,0.464869,0.856513,1.913154,0.000000000,0.000000000,0.000000000,0.000848661,0.000711361,0.006492620,18.840000,0.000000000,0.000000000,,0.000000,0.000000,0.000000,,0.009775537,0,1,0,10,gPO_sBM_cAll_d10_mPO0_ch01;gPO_sBM_cAll_d11_mPO0_ch01;gPO_sBM_cAll_d11_mPO0_ch02;gPO_sBM_cAll_d10_mPO0_ch02;gPO_sBM_cAll_d12_mPO3_ch02;gHO_sBM_cAll_d20_mHO5_ch10;gHO_sBM_cAll_d21_mHO5_ch10;gHO_sBM_cAll_d20_mHO5_ch06;gHO_sBM_cAll_d21_mHO5_ch09;gHO_sBM_cAll_d21_mHO5_ch03,,45.737300,512.471300,52.990200,3525.844700,accepted,0.957412,,0.922568,0.255221041,30.936256,0.096035,HO,0.851646,0.006622,0.002773,JB3:0.679591;JB5:0.672970;JB1:0.657533;LO4:0.626375;WA4:0.617435,gHO_sBM_cAll_d20_mHO5_ch10:0.663868;gHO_sBM_cAll_d21_mHO5_ch10:0.661095;gHO_sBM_cAll_d20_mHO5_ch06:0.660982;gHO_sBM_cAll_d21_mHO5_ch09:0.659917;gHO_sBM_cAll_d21_mHO5_ch03:0.653608;gHO_sBM_cAll_d21_mHO5_ch05:0.646012;gHO_sBM_cAll_d20_mHO5_ch05:0.642798;gHO_sBM_cAll_d21_mHO5_ch02:0.642615;gHO_sBM_cAll_d20_mHO5_ch04:0.641956;gHO_sBM_cAll_d21_mHO5_ch04:0.639919,Electronic---Techno:0.279399;Electronic---Electro:0.210278;Electronic---Deep Techno:0.110023;Electronic---Synthwave:0.106969;Electronic---Deep House:0.099071,PO:v1:k0:r1,,JB3,0.679591,gHO_sBM_cAll_d20_mHO5_ch10,0.663868,120.967742
19.256000,19.325206200,,hermite,terminal_hold,Bridge preparation did not finish before the terminal state,,,,0,0.0,1,gPO_sBM_cAll_d12_mPO3_ch02,,,18.392000,gHO_sBM_cAll_d20_mHO5_ch10;gHO_sBM_cAll_d21_mHO5_ch10;gHO_sBM_cAll_d20_mHO5_ch06;gHO_sBM_cAll_d21_mHO5_ch09;gHO_sBM_cAll_d21_mHO5_ch03,18.496649,113,,,,1.000000000,0.216061185,0.000000,motion_end,0.216061185,0.077234,0.128347,0.034431,0.000000,0.087300,0.000000,4.270833,0.350000,beat-sync,0.813767,1.041667,,0.091357290,0.234246373,right_wrist_yaw,0.000000000,right_wrist_pitch,0.234246373,right_wrist_yaw,0.000000000,right_wrist_pitch,-0.479851,0.464869,0.856513,1.913154,0.000000000,0.000000000,0.000000000,0.000848661,0.000711361,0.006492620,18.840000,0.000000000,0.000000000,,0.000000,0.000000,0.000000,,0.009770928,0,1,0,10,gPO_sBM_cAll_d10_mPO0_ch01;gPO_sBM_cAll_d11_mPO0_ch01;gPO_sBM_cAll_d11_mPO0_ch02;gPO_sBM_cAll_d10_mPO0_ch02;gPO_sBM_cAll_d12_mPO3_ch02;gHO_sBM_cAll_d20_mHO5_ch10;gHO_sBM_cAll_d21_mHO5_ch10;gHO_sBM_cAll_d20_mHO5_ch06;gHO_sBM_cAll_d21_mHO5_ch09;gHO_sBM_cAll_d21_mHO5_ch03,,45.737300,512.471300,52.990200,3525.844700,accepted,0.957412,,0.922568,0.255221041,30.936256,0.096035,HO,0.851646,0.006622,0.002773,JB3:0.679591;JB5:0.672970;JB1:0.657533;LO4:0.626375;WA4:0.617435,gHO_sBM_cAll_d20_mHO5_ch10:0.663868;gHO_sBM_cAll_d21_mHO5_ch10:0.661095;gHO_sBM_cAll_d20_mHO5_ch06:0.660982;gHO_sBM_cAll_d21_mHO5_ch09:0.659917;gHO_sBM_cAll_d21_mHO5_ch03:0.653608;gHO_sBM_cAll_d21_mHO5_ch05:0.646012;gHO_sBM_cAll_d20_mHO5_ch05:0.642798;gHO_sBM_cAll_d21_mHO5_ch02:0.642615;gHO_sBM_cAll_d20_mHO5_ch04:0.641956;gHO_sBM_cAll_d21_mHO5_ch04:0.639919,Electronic---Techno:0.279399;Electronic---Electro:0.210278;Electronic---Deep Techno:0.110023;Electronic---Synthwave:0.106969;Electronic---Deep House:0.099071,PO:v1:k0:r1,,JB3,0.679591,gHO_sBM_cAll_d20_mHO5_ch10,0.663868,120.967742
19.352000,19.377671200,,hermite,terminal_hold,Bridge preparation did not finish before the terminal state,,,,0,0.0,1,gPO_sBM_cAll_d12_mPO3_ch02,,,18.392000,gHO_sBM_cAll_d20_mHO5_ch10;gHO_sBM_cAll_d21_mHO5_ch10;gHO_sBM_cAll_d20_mHO5_ch06;gHO_sBM_cAll_d21_mHO5_ch09;gHO_sBM_cAll_d21_mHO5_ch03,18.496649,113,,,,1.000000000,0.216061185,0.000000,motion_end,0.216061185,0.077234,0.128347,0.034431,0.000000,0.087300,0.000000,4.270833,0.350000,beat-sync,0.813767,1.076389,,0.190483900,0.234246373,right_wrist_yaw,0.000000000,right_wrist_pitch,0.234246373,right_wrist_yaw,0.000000000,right_wrist_pitch,-0.479851,0.464869,0.856513,1.913154,0.000000000,0.000000000,0.000000000,0.000848661,0.000711361,0.006492620,19.352000,0.000000000,0.000000000,,0.000000,0.000000,0.000000,,0.009761723,0,1,0,10,gPO_sBM_cAll_d10_mPO0_ch01;gPO_sBM_cAll_d11_mPO0_ch01;gPO_sBM_cAll_d11_mPO0_ch02;gPO_sBM_cAll_d10_mPO0_ch02;gPO_sBM_cAll_d12_mPO3_ch02;gHO_sBM_cAll_d20_mHO5_ch10;gHO_sBM_cAll_d21_mHO5_ch10;gHO_sBM_cAll_d20_mHO5_ch06;gHO_sBM_cAll_d21_mHO5_ch09;gHO_sBM_cAll_d21_mHO5_ch03,,45.737300,512.471300,52.990200,3525.844700,accepted,0.957412,,0.922568,0.255221041,30.936256,0.096035,HO,0.851646,0.006622,0.002773,JB3:0.679591;JB5:0.672970;JB1:0.657533;LO4:0.626375;WA4:0.617435,gHO_sBM_cAll_d20_mHO5_ch10:0.663868;gHO_sBM_cAll_d21_mHO5_ch10:0.661095;gHO_sBM_cAll_d20_mHO5_ch06:0.660982;gHO_sBM_cAll_d21_mHO5_ch09:0.659917;gHO_sBM_cAll_d21_mHO5_ch03:0.653608;gHO_sBM_cAll_d21_mHO5_ch05:0.646012;gHO_sBM_cAll_d20_mHO5_ch05:0.642798;gHO_sBM_cAll_d21_mHO5_ch02:0.642615;gHO_sBM_cAll_d20_mHO5_ch04:0.641956;gHO_sBM_cAll_d21_mHO5_ch04:0.639919,Electronic---Techno:0.279399;Electronic---Electro:0.210278;Electronic---Deep Techno:0.110023;Electronic---Synthwave:0.106969;Electronic---Deep House:0.099071,PO:v1:k0:r1,,JB3,0.679591,gHO_sBM_cAll_d20_mHO5_ch10,0.663868,120.967742
19.480000,19.499346100,,hermite,terminal_hold,Bridge preparation did not finish before the terminal state,,,,0,0.0,1,gPO_sBM_cAll_d12_mPO3_ch02,,,18.392000,gHO_sBM_cAll_d20_mHO5_ch10;gHO_sBM_cAll_d21_mHO5_ch10;gHO_sBM_cAll_d20_mHO5_ch06;gHO_sBM_cAll_d21_mHO5_ch09;gHO_sBM_cAll_d21_mHO5_ch03,18.496649,113,,,,1.000000000,0.216061185,0.000000,motion_end,0.216061185,0.077234,0.128347,0.034431,0.000000,0.087300,0.000000,4.270833,0.350000,beat-sync,0.813767,1.076389,,0.190483900,0.234246373,right_wrist_yaw,0.000000000,right_wrist_pitch,0.234246373,right_wrist_yaw,0.000000000,right_wrist_pitch,-0.479851,0.464869,0.856513,1.913154,0.000000000,0.000000000,0.000000000,0.000848661,0.000711361,0.006492620,19.352000,0.000000000,0.000000000,,0.000000,0.000000,0.000000,,0.009743365,0,1,0,10,gPO_sBM_cAll_d10_mPO0_ch01;gPO_sBM_cAll_d11_mPO0_ch01;gPO_sBM_cAll_d11_mPO0_ch02;gPO_sBM_cAll_d10_mPO0_ch02;gPO_sBM_cAll_d12_mPO3_ch02;gHO_sBM_cAll_d20_mHO5_ch10;gHO_sBM_cAll_d21_mHO5_ch10;gHO_sBM_cAll_d20_mHO5_ch06;gHO_sBM_cAll_d21_mHO5_ch09;gHO_sBM_cAll_d21_mHO5_ch03,,45.737300,512.471300,52.990200,3525.844700,accepted,0.957412,,0.922568,0.255221041,30.936256,0.096035,HO,0.851646,0.006622,0.002773,JB3:0.679591;JB5:0.672970;JB1:0.657533;LO4:0.626375;WA4:0.617435,gHO_sBM_cAll_d20_mHO5_ch10:0.663868;gHO_sBM_cAll_d21_mHO5_ch10:0.661095;gHO_sBM_cAll_d20_mHO5_ch06:0.660982;gHO_sBM_cAll_d21_mHO5_ch09:0.659917;gHO_sBM_cAll_d21_mHO5_ch03:0.653608;gHO_sBM_cAll_d21_mHO5_ch05:0.646012;gHO_sBM_cAll_d20_mHO5_ch05:0.642798;gHO_sBM_cAll_d21_mHO5_ch02:0.642615;gHO_sBM_cAll_d20_mHO5_ch04:0.641956;gHO_sBM_cAll_d21_mHO5_ch04:0.639919,Electronic---Techno:0.279399;Electronic---Electro:0.210278;Electronic---Deep Techno:0.110023;Electronic---Synthwave:0.106969;Electronic---Deep House:0.099071,PO:v1:k0:r1,,JB3,0.679591,gHO_sBM_cAll_d20_mHO5_ch10,0.663868,120.967742
19.512000,19.525716400,,hermite,terminal_hold,Bridge preparation did not finish before the terminal state,,,,0,0.0,1,gPO_sBM_cAll_d12_mPO3_ch02,,,18.392000,gHO_sBM_cAll_d20_mHO5_ch10;gHO_sBM_cAll_d21_mHO5_ch10;gHO_sBM_cAll_d20_mHO5_ch06;gHO_sBM_cAll_d21_mHO5_ch09;gHO_sBM_cAll_d21_mHO5_ch03,18.496649,113,,,,1.000000000,0.216061185,0.000000,motion_end,0.216061185,0.077234,0.128347,0.034431,0.000000,0.087300,0.000000,4.270833,0.350000,beat-sync,0.813767,1.076389,,0.190483900,0.234246373,right_wrist_yaw,0.000000000,right_wrist_pitch,0.234246373,right_wrist_yaw,0.000000000,right_wrist_pitch,-0.479851,0.464869,0.856513,1.913154,0.000000000,0.000000000,0.000000000,0.000848661,0.000711361,0.006492620,19.352000,0.000000000,0.000000000,,0.000000,0.000000,0.000000,,0.009734212,0,1,0,10,gPO_sBM_cAll_d10_mPO0_ch01;gPO_sBM_cAll_d11_mPO0_ch01;gPO_sBM_cAll_d11_mPO0_ch02;gPO_sBM_cAll_d10_mPO0_ch02;gPO_sBM_cAll_d12_mPO3_ch02;gHO_sBM_cAll_d20_mHO5_ch10;gHO_sBM_cAll_d21_mHO5_ch10;gHO_sBM_cAll_d20_mHO5_ch06;gHO_sBM_cAll_d21_mHO5_ch09;gHO_sBM_cAll_d21_mHO5_ch03,,45.737300,512.471300,52.990200,3525.844700,accepted,0.957412,,0.922568,0.255221041,30.936256,0.096035,HO,0.851646,0.006622,0.002773,JB3:0.679591;JB5:0.672970;JB1:0.657533;LO4:0.626375;WA4:0.617435,gHO_sBM_cAll_d20_mHO5_ch10:0.663868;gHO_sBM_cAll_d21_mHO5_ch10:0.661095;gHO_sBM_cAll_d20_mHO5_ch06:0.660982;gHO_sBM_cAll_d21_mHO5_ch09:0.659917;gHO_sBM_cAll_d21_mHO5_ch03:0.653608;gHO_sBM_cAll_d21_mHO5_ch05:0.646012;gHO_sBM_cAll_d20_mHO5_ch05:0.642798;gHO_sBM_cAll_d21_mHO5_ch02:0.642615;gHO_sBM_cAll_d20_mHO5_ch04:0.641956;gHO_sBM_cAll_d21_mHO5_ch04:0.639919,Electronic---Techno:0.279399;Electronic---Electro:0.210278;Electronic---Deep Techno:0.110023;Electronic---Synthwave:0.106969;Electronic---Deep House:0.099071,PO:v1:k0:r1,,JB3,0.679591,gHO_sBM_cAll_d20_mHO5_ch10,0.663868,120.967742
19.512000,19.568244600,beat_limiter_result,hermite,terminal_hold,Bridge preparation did not finish before the terminal state,,,,0,0.0,1,gPO_sBM_cAll_d12_mPO3_ch02,,,18.392000,gHO_sBM_cAll_d20_mHO5_ch10;gHO_sBM_cAll_d21_mHO5_ch10;gHO_sBM_cAll_d20_mHO5_ch06;gHO_sBM_cAll_d21_mHO5_ch09;gHO_sBM_cAll_d21_mHO5_ch03,18.496649,113,,,,1.000000000,0.216061185,0.000000,motion_end,0.216061185,0.077234,0.128347,0.034431,0.000000,0.087300,0.000000,4.270833,0.350000,beat-sync,0.813767,1.076389,,0.190483900,0.234246373,right_wrist_yaw,0.000000000,right_wrist_pitch,0.234246373,right_wrist_yaw,0.000000000,right_wrist_pitch,-0.479851,0.464869,0.856513,1.913154,0.000000000,0.000000000,0.000000000,0.000848661,0.000711361,0.006492620,19.352000,0.000000000,0.000000000,,0.000000,0.000000,0.000000,,0.009725076,0,1,0,10,gPO_sBM_cAll_d10_mPO0_ch01;gPO_sBM_cAll_d11_mPO0_ch01;gPO_sBM_cAll_d11_mPO0_ch02;gPO_sBM_cAll_d10_mPO0_ch02;gPO_sBM_cAll_d12_mPO3_ch02;gHO_sBM_cAll_d20_mHO5_ch10;gHO_sBM_cAll_d21_mHO5_ch10;gHO_sBM_cAll_d20_mHO5_ch06;gHO_sBM_cAll_d21_mHO5_ch09;gHO_sBM_cAll_d21_mHO5_ch03,,45.737300,512.471300,52.990200,3525.844700,accepted,0.957412,,0.922568,0.255221041,30.936256,0.096035,HO,0.851646,0.006622,0.002773,JB3:0.679591;JB5:0.672970;JB1:0.657533;LO4:0.626375;WA4:0.617435,gHO_sBM_cAll_d20_mHO5_ch10:0.663868;gHO_sBM_cAll_d21_mHO5_ch10:0.661095;gHO_sBM_cAll_d20_mHO5_ch06:0.660982;gHO_sBM_cAll_d21_mHO5_ch09:0.659917;gHO_sBM_cAll_d21_mHO5_ch03:0.653608;gHO_sBM_cAll_d21_mHO5_ch05:0.646012;gHO_sBM_cAll_d20_mHO5_ch05:0.642798;gHO_sBM_cAll_d21_mHO5_ch02:0.642615;gHO_sBM_cAll_d20_mHO5_ch04:0.641956;gHO_sBM_cAll_d21_mHO5_ch04:0.639919,Electronic---Techno:0.279399;Electronic---Electro:0.210278;Electronic---Deep Techno:0.110023;Electronic---Synthwave:0.106969;Electronic---Deep House:0.099071,PO:v1:k0:r1,,JB3,0.679591,gHO_sBM_cAll_d20_mHO5_ch10,0.663868,120.967742
19.576000,19.624939700,,hermite,terminal_hold,Bridge preparation did not finish before the terminal state,,,,0,0.0,1,gPO_sBM_cAll_d12_mPO3_ch02,,,18.392000,gHO_sBM_cAll_d20_mHO5_ch10;gHO_sBM_cAll_d21_mHO5_ch10;gHO_sBM_cAll_d20_mHO5_ch06;gHO_sBM_cAll_d21_mHO5_ch09;gHO_sBM_cAll_d21_mHO5_ch03,18.496649,113,,,,1.000000000,0.216061185,0.000000,motion_end,0.216061185,0.077234,0.128347,0.034431,0.000000,0.087300,0.000000,4.270833,0.350000,beat-sync,0.813767,1.076389,,0.190483900,0.234246373,right_wrist_yaw,0.000000000,right_wrist_pitch,0.234246373,right_wrist_yaw,0.000000000,right_wrist_pitch,-0.479851,0.464869,0.856513,1.913154,0.000000000,0.000000000,0.000000000,0.000848661,0.000711361,0.006492620,19.352000,0.000000000,0.000000000,,0.000000,0.000000,0.000000,,0.009715958,0,1,0,10,gPO_sBM_cAll_d10_mPO0_ch01;gPO_sBM_cAll_d11_mPO0_ch01;gPO_sBM_cAll_d11_mPO0_ch02;gPO_sBM_cAll_d10_mPO0_ch02;gPO_sBM_cAll_d12_mPO3_ch02;gHO_sBM_cAll_d20_mHO5_ch10;gHO_sBM_cAll_d21_mHO5_ch10;gHO_sBM_cAll_d20_mHO5_ch06;gHO_sBM_cAll_d21_mHO5_ch09;gHO_sBM_cAll_d21_mHO5_ch03,,45.737300,512.471300,52.990200,3525.844700,accepted,0.957412,,0.922568,0.255221041,30.936256,0.096035,HO,0.851646,0.006622,0.002773,JB3:0.679591;JB5:0.672970;JB1:0.657533;LO4:0.626375;WA4:0.617435,gHO_sBM_cAll_d20_mHO5_ch10:0.663868;gHO_sBM_cAll_d21_mHO5_ch10:0.661095;gHO_sBM_cAll_d20_mHO5_ch06:0.660982;gHO_sBM_cAll_d21_mHO5_ch09:0.659917;gHO_sBM_cAll_d21_mHO5_ch03:0.653608;gHO_sBM_cAll_d21_mHO5_ch05:0.646012;gHO_sBM_cAll_d20_mHO5_ch05:0.642798;gHO_sBM_cAll_d21_mHO5_ch02:0.642615;gHO_sBM_cAll_d20_mHO5_ch04:0.641956;gHO_sBM_cAll_d21_mHO5_ch04:0.639919,Electronic---Techno:0.279399;Electronic---Electro:0.210278;Electronic---Deep Techno:0.110023;Electronic---Synthwave:0.106969;Electronic---Deep House:0.099071,PO:v1:k0:r1,,JB3,0.679591,gHO_sBM_cAll_d20_mHO5_ch10,0.663868,120.967742
19.608000,19.647780400,,hermite,terminal_hold,Bridge preparation did not finish before the terminal state,,,,0,0.0,1,gPO_sBM_cAll_d12_mPO3_ch02,,,18.392000,gHO_sBM_cAll_d20_mHO5_ch10;gHO_sBM_cAll_d21_mHO5_ch10;gHO_sBM_cAll_d20_mHO5_ch06;gHO_sBM_cAll_d21_mHO5_ch09;gHO_sBM_cAll_d21_mHO5_ch03,18.496649,113,,,,1.000000000,0.216061185,0.000000,motion_end,0.216061185,0.077234,0.128347,0.034431,0.000000,0.087300,0.000000,4.270833,0.350000,beat-sync,0.813767,1.076389,,0.190483900,0.234246373,right_wrist_yaw,0.000000000,right_wrist_pitch,0.234246373,right_wrist_yaw,0.000000000,right_wrist_pitch,-0.479851,0.464869,0.856513,1.913154,0.000000000,0.000000000,0.000000000,0.000848661,0.000711361,0.006492620,19.352000,0.000000000,0.000000000,,0.000000,0.000000,0.000000,,0.009711405,0,1,0,10,gPO_sBM_cAll_d10_mPO0_ch01;gPO_sBM_cAll_d11_mPO0_ch01;gPO_sBM_cAll_d11_mPO0_ch02;gPO_sBM_cAll_d10_mPO0_ch02;gPO_sBM_cAll_d12_mPO3_ch02;gHO_sBM_cAll_d20_mHO5_ch10;gHO_sBM_cAll_d21_mHO5_ch10;gHO_sBM_cAll_d20_mHO5_ch06;gHO_sBM_cAll_d21_mHO5_ch09;gHO_sBM_cAll_d21_mHO5_ch03,,45.737300,512.471300,52.990200,3525.844700,accepted,0.957412,,0.922568,0.255221041,30.936256,0.096035,HO,0.851646,0.006622,0.002773,JB3:0.679591;JB5:0.672970;JB1:0.657533;LO4:0.626375;WA4:0.617435,gHO_sBM_cAll_d20_mHO5_ch10:0.663868;gHO_sBM_cAll_d21_mHO5_ch10:0.661095;gHO_sBM_cAll_d20_mHO5_ch06:0.660982;gHO_sBM_cAll_d21_mHO5_ch09:0.659917;gHO_sBM_cAll_d21_mHO5_ch03:0.653608;gHO_sBM_cAll_d21_mHO5_ch05:0.646012;gHO_sBM_cAll_d20_mHO5_ch05:0.642798;gHO_sBM_cAll_d21_mHO5_ch02:0.642615;gHO_sBM_cAll_d20_mHO5_ch04:0.641956;gHO_sBM_cAll_d21_mHO5_ch04:0.639919,Electronic---Techno:0.279399;Electronic---Electro:0.210278;Electronic---Deep Techno:0.110023;Electronic---Synthwave:0.106969;Electronic---Deep House:0.099071,PO:v1:k0:r1,,JB3,0.679591,gHO_sBM_cAll_d20_mHO5_ch10,0.663868,120.967742
19.672000,19.744392100,,hermite,terminal_hold,Bridge preparation did not finish before the terminal state,,,,0,0.0,1,gPO_sBM_cAll_d12_mPO3_ch02,,,18.392000,gHO_sBM_cAll_d20_mHO5_ch10;gHO_sBM_cAll_d21_mHO5_ch10;gHO_sBM_cAll_d20_mHO5_ch06;gHO_sBM_cAll_d21_mHO5_ch09;gHO_sBM_cAll_d21_mHO5_ch03,18.496649,113,,,,1.000000000,0.216061185,0.000000,motion_end,0.216061185,0.077234,0.128347,0.034431,0.000000,0.087300,0.000000,4.270833,0.350000,beat-sync,0.813767,1.076389,,0.190483900,0.234246373,right_wrist_yaw,0.000000000,right_wrist_pitch,0.234246373,right_wrist_yaw,0.000000000,right_wrist_pitch,-0.479851,0.464869,0.856513,1.913154,0.000000000,0.000000000,0.000000000,0.000848661,0.000711361,0.006492620,19.352000,0.000000000,0.000000000,,0.000000,0.000000,0.000000,,0.009702312,0,1,0,10,gPO_sBM_cAll_d10_mPO0_ch01;gPO_sBM_cAll_d11_mPO0_ch01;gPO_sBM_cAll_d11_mPO0_ch02;gPO_sBM_cAll_d10_mPO0_ch02;gPO_sBM_cAll_d12_mPO3_ch02;gHO_sBM_cAll_d20_mHO5_ch10;gHO_sBM_cAll_d21_mHO5_ch10;gHO_sBM_cAll_d20_mHO5_ch06;gHO_sBM_cAll_d21_mHO5_ch09;gHO_sBM_cAll_d21_mHO5_ch03,,45.737300,512.471300,52.990200,3525.844700,accepted,0.957412,,0.922568,0.255221041,30.936256,0.096035,HO,0.851646,0.006622,0.002773,JB3:0.679591;JB5:0.672970;JB1:0.657533;LO4:0.626375;WA4:0.617435,gHO_sBM_cAll_d20_mHO5_ch10:0.663868;gHO_sBM_cAll_d21_mHO5_ch10:0.661095;gHO_sBM_cAll_d20_mHO5_ch06:0.660982;gHO_sBM_cAll_d21_mHO5_ch09:0.659917;gHO_sBM_cAll_d21_mHO5_ch03:0.653608;gHO_sBM_cAll_d21_mHO5_ch05:0.646012;gHO_sBM_cAll_d20_mHO5_ch05:0.642798;gHO_sBM_cAll_d21_mHO5_ch02:0.642615;gHO_sBM_cAll_d20_mHO5_ch04:0.641956;gHO_sBM_cAll_d21_mHO5_ch04:0.639919,Electronic---Techno:0.279399;Electronic---Electro:0.210278;Electronic---Deep Techno:0.110023;Electronic---Synthwave:0.106969;Electronic---Deep House:0.099071,PO:v1:k0:r1,,JB3,0.679591,gHO_sBM_cAll_d20_mHO5_ch10,0.663868,120.967742
19.736000,19.794838700,,hermite,terminal_hold,Bridge preparation did not finish before the terminal state,,,,0,0.0,1,gPO_sBM_cAll_d12_mPO3_ch02,,,18.392000,gHO_sBM_cAll_d20_mHO5_ch10;gHO_sBM_cAll_d21_mHO5_ch10;gHO_sBM_cAll_d20_mHO5_ch06;gHO_sBM_cAll_d21_mHO5_ch09;gHO_sBM_cAll_d21_mHO5_ch03,18.496649,113,,,,1.000000000,0.216061185,0.000000,motion_end,0.216061185,0.077234,0.128347,0.034431,0.000000,0.087300,0.000000,4.270833,0.350000,beat-sync,0.813767,1.076389,,0.190483900,0.234246373,right_wrist_yaw,0.000000000,right_wrist_pitch,0.234246373,right_wrist_yaw,0.000000000,right_wrist_pitch,-0.479851,0.464869,0.856513,1.913154,0.000000000,0.000000000,0.000000000,0.000848661,0.000711361,0.006492620,19.352000,0.000000000,0.000000000,,0.000000,0.000000,0.000000,,0.009697772,0,1,0,10,gPO_sBM_cAll_d10_mPO0_ch01;gPO_sBM_cAll_d11_mPO0_ch01;gPO_sBM_cAll_d11_mPO0_ch02;gPO_sBM_cAll_d10_mPO0_ch02;gPO_sBM_cAll_d12_mPO3_ch02;gHO_sBM_cAll_d20_mHO5_ch10;gHO_sBM_cAll_d21_mHO5_ch10;gHO_sBM_cAll_d20_mHO5_ch06;gHO_sBM_cAll_d21_mHO5_ch09;gHO_sBM_cAll_d21_mHO5_ch03,,45.737300,512.471300,52.990200,3525.844700,accepted,0.957412,,0.922568,0.255221041,30.936256,0.096035,HO,0.851646,0.006622,0.002773,JB3:0.679591;JB5:0.672970;JB1:0.657533;LO4:0.626375;WA4:0.617435,gHO_sBM_cAll_d20_mHO5_ch10:0.663868;gHO_sBM_cAll_d21_mHO5_ch10:0.661095;gHO_sBM_cAll_d20_mHO5_ch06:0.660982;gHO_sBM_cAll_d21_mHO5_ch09:0.659917;gHO_sBM_cAll_d21_mHO5_ch03:0.653608;gHO_sBM_cAll_d21_mHO5_ch05:0.646012;gHO_sBM_cAll_d20_mHO5_ch05:0.642798;gHO_sBM_cAll_d21_mHO5_ch02:0.642615;gHO_sBM_cAll_d20_mHO5_ch04:0.641956;gHO_sBM_cAll_d21_mHO5_ch04:0.639919,Electronic---Techno:0.279399;Electronic---Electro:0.210278;Electronic---Deep Techno:0.110023;Electronic---Synthwave:0.106969;Electronic---Deep House:0.099071,PO:v1:k0:r1,,JB3,0.679591,gHO_sBM_cAll_d20_mHO5_ch10,0.663868,120.967742
19.768000,19.815627100,,hermite,terminal_hold,Bridge preparation did not finish before the terminal state,,,,0,0.0,1,gPO_sBM_cAll_d12_mPO3_ch02,,,18.392000,gHO_sBM_cAll_d20_mHO5_ch10;gHO_sBM_cAll_d21_mHO5_ch10;gHO_sBM_cAll_d20_mHO5_ch06;gHO_sBM_cAll_d21_mHO5_ch09;gHO_sBM_cAll_d21_mHO5_ch03,18.496649,113,,,,1.000000000,0.216061185,0.000000,motion_end,0.216061185,0.077234,0.128347,0.034431,0.000000,0.087300,0.000000,4.270833,0.350000,beat-sync,0.813767,1.076389,,0.190483900,0.234246373,right_wrist_yaw,0.000000000,right_wrist_pitch,0.234246373,right_wrist_yaw,0.000000000,right_wrist_pitch,-0.479851,0.464869,0.856513,1.913154,0.000000000,0.000000000,0.000000000,0.000848661,0.000711361,0.006492620,19.352000,0.000000000,0.000000000,,0.000000,0.000000,0.000000,,0.009693236,0,1,0,10,gPO_sBM_cAll_d10_mPO0_ch01;gPO_sBM_cAll_d11_mPO0_ch01;gPO_sBM_cAll_d11_mPO0_ch02;gPO_sBM_cAll_d10_mPO0_ch02;gPO_sBM_cAll_d12_mPO3_ch02;gHO_sBM_cAll_d20_mHO5_ch10;gHO_sBM_cAll_d21_mHO5_ch10;gHO_sBM_cAll_d20_mHO5_ch06;gHO_sBM_cAll_d21_mHO5_ch09;gHO_sBM_cAll_d21_mHO5_ch03,,45.737300,512.471300,52.990200,3525.844700,accepted,0.957412,,0.922568,0.255221041,30.936256,0.096035,HO,0.851646,0.006622,0.002773,JB3:0.679591;JB5:0.672970;JB1:0.657533;LO4:0.626375;WA4:0.617435,gHO_sBM_cAll_d20_mHO5_ch10:0.663868;gHO_sBM_cAll_d21_mHO5_ch10:0.661095;gHO_sBM_cAll_d20_mHO5_ch06:0.660982;gHO_sBM_cAll_d21_mHO5_ch09:0.659917;gHO_sBM_cAll_d21_mHO5_ch03:0.653608;gHO_sBM_cAll_d21_mHO5_ch05:0.646012;gHO_sBM_cAll_d20_mHO5_ch05:0.642798;gHO_sBM_cAll_d21_mHO5_ch02:0.642615;gHO_sBM_cAll_d20_mHO5_ch04:0.641956;gHO_sBM_cAll_d21_mHO5_ch04:0.639919,Electronic---Techno:0.279399;Electronic---Electro:0.210278;Electronic---Deep Techno:0.110023;Electronic---Synthwave:0.106969;Electronic---Deep House:0.099071,PO:v1:k0:r1,,JB3,0.679591,gHO_sBM_cAll_d20_mHO5_ch10,0.663868,120.967742
19.800000,19.842826500,,hermite,terminal_hold,Bridge preparation did not finish before the terminal state,,,,0,0.0,1,gPO_sBM_cAll_d12_mPO3_ch02,,,18.392000,gHO_sBM_cAll_d20_mHO5_ch10;gHO_sBM_cAll_d21_mHO5_ch10;gHO_sBM_cAll_d20_mHO5_ch06;gHO_sBM_cAll_d21_mHO5_ch09;gHO_sBM_cAll_d21_mHO5_ch03,18.496649,113,,,,1.000000000,0.216061185,0.000000,motion_end,0.216061185,0.077234,0.128347,0.034431,0.000000,0.087300,0.000000,4.270833,0.350000,beat-sync,0.813767,1.139323,,0.290454385,0.234246373,right_wrist_yaw,0.000000000,right_wrist_pitch,0.234246373,right_wrist_yaw,0.000000000,right_wrist_pitch,-0.479851,0.464869,0.856513,1.913154,0.000000000,0.000000000,0.000000000,0.000848661,0.000711361,0.006492620,19.800000,0.000000000,0.000000000,,0.000000,0.000000,0.000000,,0.009688704,0,1,0,10,gPO_sBM_cAll_d10_mPO0_ch01;gPO_sBM_cAll_d11_mPO0_ch01;gPO_sBM_cAll_d11_mPO0_ch02;gPO_sBM_cAll_d10_mPO0_ch02;gPO_sBM_cAll_d12_mPO3_ch02;gHO_sBM_cAll_d20_mHO5_ch10;gHO_sBM_cAll_d21_mHO5_ch10;gHO_sBM_cAll_d20_mHO5_ch06;gHO_sBM_cAll_d21_mHO5_ch09;gHO_sBM_cAll_d21_mHO5_ch03,,45.737300,512.471300,52.990200,3525.844700,accepted,0.957412,,0.922568,0.255221041,30.936256,0.096035,HO,0.851646,0.006622,0.002773,JB3:0.679591;JB5:0.672970;JB1:0.657533;LO4:0.626375;WA4:0.617435,gHO_sBM_cAll_d20_mHO5_ch10:0.663868;gHO_sBM_cAll_d21_mHO5_ch10:0.661095;gHO_sBM_cAll_d20_mHO5_ch06:0.660982;gHO_sBM_cAll_d21_mHO5_ch09:0.659917;gHO_sBM_cAll_d21_mHO5_ch03:0.653608;gHO_sBM_cAll_d21_mHO5_ch05:0.646012;gHO_sBM_cAll_d20_mHO5_ch05:0.642798;gHO_sBM_cAll_d21_mHO5_ch02:0.642615;gHO_sBM_cAll_d20_mHO5_ch04:0.641956;gHO_sBM_cAll_d21_mHO5_ch04:0.639919,Electronic---Techno:0.279399;Electronic---Electro:0.210278;Electronic---Deep Techno:0.110023;Electronic---Synthwave:0.106969;Electronic---Deep House:0.099071,PO:v1:k0:r1,,JB3,0.679591,gHO_sBM_cAll_d20_mHO5_ch10,0.663868,120.967742
19.864000,19.929696900,,hermite,terminal_hold,Bridge preparation did not finish before the terminal state,,,,0,0.0,1,gPO_sBM_cAll_d12_mPO3_ch02,,,18.392000,gHO_sBM_cAll_d20_mHO5_ch10;gHO_sBM_cAll_d21_mHO5_ch10;gHO_sBM_cAll_d20_mHO5_ch06;gHO_sBM_cAll_d21_mHO5_ch09;gHO_sBM_cAll_d21_mHO5_ch03,18.496649,113,,,,1.000000000,0.216061185,0.000000,motion_end,0.216061185,0.077234,0.128347,0.034431,0.000000,0.087300,0.000000,4.270833,0.350000,beat-sync,0.813767,1.139323,,0.290454385,0.234246373,right_wrist_yaw,0.000000000,right_wrist_pitch,0.234246373,right_wrist_yaw,0.000000000,right_wrist_pitch,-0.479851,0.464869,0.856513,1.913154,0.000000000,0.000000000,0.000000000,0.000848661,0.000711361,0.006492620,19.800000,0.000000000,0.000000000,,0.000000,0.000000,0.000000,,0.009675134,0,1,0,10,gPO_sBM_cAll_d10_mPO0_ch01;gPO_sBM_cAll_d11_mPO0_ch01;gPO_sBM_cAll_d11_mPO0_ch02;gPO_sBM_cAll_d10_mPO0_ch02;gPO_sBM_cAll_d12_mPO3_ch02;gHO_sBM_cAll_d20_mHO5_ch10;gHO_sBM_cAll_d21_mHO5_ch10;gHO_sBM_cAll_d20_mHO5_ch06;gHO_sBM_cAll_d21_mHO5_ch09;gHO_sBM_cAll_d21_mHO5_ch03,,45.737300,512.471300,52.990200,3525.844700,accepted,0.957412,,0.922568,0.255221041,30.936256,0.096035,HO,0.851646,0.006622,0.002773,JB3:0.679591;JB5:0.672970;JB1:0.657533;LO4:0.626375;WA4:0.617435,gHO_sBM_cAll_d20_mHO5_ch10:0.663868;gHO_sBM_cAll_d21_mHO5_ch10:0.661095;gHO_sBM_cAll_d20_mHO5_ch06:0.660982;gHO_sBM_cAll_d21_mHO5_ch09:0.659917;gHO_sBM_cAll_d21_mHO5_ch03:0.653608;gHO_sBM_cAll_d21_mHO5_ch05:0.646012;gHO_sBM_cAll_d20_mHO5_ch05:0.642798;gHO_sBM_cAll_d21_mHO5_ch02:0.642615;gHO_sBM_cAll_d20_mHO5_ch04:0.641956;gHO_sBM_cAll_d21_mHO5_ch04:0.639919,Electronic---Techno:0.279399;Electronic---Electro:0.210278;Electronic---Deep Techno:0.110023;Electronic---Synthwave:0.106969;Electronic---Deep House:0.099071,PO:v1:k0:r1,,JB3,0.679591,gHO_sBM_cAll_d20_mHO5_ch10,0.663868,120.967742
19.928000,19.951143500,,hermite,terminal_hold,Bridge preparation did not finish before the terminal state,,,,0,0.0,1,gPO_sBM_cAll_d12_mPO3_ch02,,,18.392000,gHO_sBM_cAll_d20_mHO5_ch10;gHO_sBM_cAll_d21_mHO5_ch10;gHO_sBM_cAll_d20_mHO5_ch06;gHO_sBM_cAll_d21_mHO5_ch09;gHO_sBM_cAll_d21_mHO5_ch03,18.496649,113,,,,1.000000000,0.216061185,0.000000,motion_end,0.216061185,0.077234,0.128347,0.034431,0.000000,0.087300,0.000000,4.270833,0.350000,beat-sync,0.813767,1.139323,,0.290454385,0.234246373,right_wrist_yaw,0.000000000,right_wrist_pitch,0.234246373,right_wrist_yaw,0.000000000,right_wrist_pitch,-0.479851,0.464869,0.856513,1.913154,0.000000000,0.000000000,0.000000000,0.000848661,0.000711361,0.006492620,19.800000,0.000000000,0.000000000,,0.000000,0.000000,0.000000,,0.009670620,0,1,0,10,gPO_sBM_cAll_d10_mPO0_ch01;gPO_sBM_cAll_d11_mPO0_ch01;gPO_sBM_cAll_d11_mPO0_ch02;gPO_sBM_cAll_d10_mPO0_ch02;gPO_sBM_cAll_d12_mPO3_ch02;gHO_sBM_cAll_d20_mHO5_ch10;gHO_sBM_cAll_d21_mHO5_ch10;gHO_sBM_cAll_d20_mHO5_ch06;gHO_sBM_cAll_d21_mHO5_ch09;gHO_sBM_cAll_d21_mHO5_ch03,,45.737300,512.471300,52.990200,3525.844700,accepted,0.957412,,0.922568,0.255221041,30.936256,0.096035,HO,0.851646,0.006622,0.002773,JB3:0.679591;JB5:0.672970;JB1:0.657533;LO4:0.626375;WA4:0.617435,gHO_sBM_cAll_d20_mHO5_ch10:0.663868;gHO_sBM_cAll_d21_mHO5_ch10:0.661095;gHO_sBM_cAll_d20_mHO5_ch06:0.660982;gHO_sBM_cAll_d21_mHO5_ch09:0.659917;gHO_sBM_cAll_d21_mHO5_ch03:0.653608;gHO_sBM_cAll_d21_mHO5_ch05:0.646012;gHO_sBM_cAll_d20_mHO5_ch05:0.642798;gHO_sBM_cAll_d21_mHO5_ch02:0.642615;gHO_sBM_cAll_d20_mHO5_ch04:0.641956;gHO_sBM_cAll_d21_mHO5_ch04:0.639919,Electronic---Techno:0.279399;Electronic---Electro:0.210278;Electronic---Deep Techno:0.110023;Electronic---Synthwave:0.106969;Electronic---Deep House:0.099071,PO:v1:k0:r1,,JB3,0.679591,gHO_sBM_cAll_d20_mHO5_ch10,0.663868,120.967742
19.960000,19.990787500,match,hermite,terminal_hold,Bridge preparation did not finish before the terminal state,,,,0,0.0,1,gPO_sBM_cAll_d12_mPO3_ch02,,,19.416000,gHO_sBM_cAll_d20_mHO5_ch10;gHO_sBM_cAll_d21_mHO5_ch10;gHO_sBM_cAll_d20_mHO5_ch06;gHO_sBM_cAll_d21_mHO5_ch09;gHO_sBM_cAll_d21_mHO5_ch03,18.496649,113,,,,1.000000000,0.216061185,0.000000,motion_end,0.216061185,0.077234,0.128347,0.034431,0.000000,0.087300,0.000000,4.270833,0.350000,beat-sync,0.813767,1.139323,,0.290454385,0.234246373,right_wrist_yaw,0.000000000,right_wrist_pitch,0.234246373,right_wrist_yaw,0.000000000,right_wrist_pitch,-0.479851,0.464869,0.856513,1.913154,0.000000000,0.000000000,0.000000000,0.000848661,0.000711361,0.006492620,19.800000,0.000000000,0.000000000,,0.000000,0.000000,0.000000,,0.009661603,0,1,0,10,gPO_sBM_cAll_d10_mPO0_ch01;gPO_sBM_cAll_d11_mPO0_ch01;gPO_sBM_cAll_d11_mPO0_ch02;gPO_sBM_cAll_d10_mPO0_ch02;gPO_sBM_cAll_d12_mPO3_ch02;gHO_sBM_cAll_d20_mHO5_ch10;gHO_sBM_cAll_d21_mHO5_ch10;gHO_sBM_cAll_d20_mHO5_ch06;gHO_sBM_cAll_d21_mHO5_ch09;gHO_sBM_cAll_d21_mHO5_ch03,,45.737300,512.471300,52.990200,3525.844700,accepted,0.958464,,0.924479,0.256734843,30.684124,0.094041,HO,0.853105,0.007477,0.002787,JB3:0.680144;JB5:0.672667;JB1:0.656562;LO4:0.628121;WA4:0.619382,gHO_sBM_cAll_d20_mHO5_ch10:0.663599;gHO_sBM_cAll_d21_mHO5_ch10:0.660812;gHO_sBM_cAll_d20_mHO5_ch06:0.660706;gHO_sBM_cAll_d21_mHO5_ch09:0.659629;gHO_sBM_cAll_d21_mHO5_ch03:0.653354;gHO_sBM_cAll_d21_mHO5_ch05:0.645675;gHO_sBM_cAll_d20_mHO5_ch05:0.642485;gHO_sBM_cAll_d21_mHO5_ch02:0.642247;gHO_sBM_cAll_d20_mHO5_ch04:0.641616;gHO_sBM_cAll_d21_mHO5_ch04:0.639550,Electronic---Techno:0.273423;Electronic---Electro:0.206151;Electronic---Deep Techno:0.113520;Electronic---Synthwave:0.105037;Electronic---Deep House:0.104685,PO:v1:k0:r1,,JB3,0.680144,gHO_sBM_cAll_d20_mHO5_ch10,0.663599,120.967742
19.992000,20.008811700,beat_limiter_result,hermite,terminal_hold,Bridge preparation did not finish before the terminal state,,,,0,0.0,1,gPO_sBM_cAll_d12_mPO3_ch02,,,19.416000,gHO_sBM_cAll_d20_mHO5_ch10;gHO_sBM_cAll_d21_mHO5_ch10;gHO_sBM_cAll_d20_mHO5_ch06;gHO_sBM_cAll_d21_mHO5_ch09;gHO_sBM_cAll_d21_mHO5_ch03,18.496649,113,,,,1.000000000,0.216061185,0.000000,motion_end,0.216061185,0.077234,0.128347,0.034431,0.000000,0.087300,0.000000,4.270833,0.350000,beat-sync,0.813767,1.139323,,0.290454385,0.234246373,right_wrist_yaw,0.000000000,right_wrist_pitch,0.234246373,right_wrist_yaw,0.000000000,right_wrist_pitch,-0.479851,0.464869,0.856513,1.913154,0.000000000,0.000000000,0.000000000,0.000848661,0.000711361,0.006492620,19.800000,0.000000000,0.000000000,,0.000000,0.000000,0.000000,,0.009652603,0,1,0,10,gPO_sBM_cAll_d10_mPO0_ch01;gPO_sBM_cAll_d11_mPO0_ch01;gPO_sBM_cAll_d11_mPO0_ch02;gPO_sBM_cAll_d10_mPO0_ch02;gPO_sBM_cAll_d12_mPO3_ch02;gHO_sBM_cAll_d20_mHO5_ch10;gHO_sBM_cAll_d21_mHO5_ch10;gHO_sBM_cAll_d20_mHO5_ch06;gHO_sBM_cAll_d21_mHO5_ch09;gHO_sBM_cAll_d21_mHO5_ch03,,45.737300,512.471300,52.990200,3525.844700,accepted,0.958464,,0.924479,0.256734843,30.684124,0.094041,HO,0.853105,0.007477,0.002787,JB3:0.680144;JB5:0.672667;JB1:0.656562;LO4:0.628121;WA4:0.619382,gHO_sBM_cAll_d20_mHO5_ch10:0.663599;gHO_sBM_cAll_d21_mHO5_ch10:0.660812;gHO_sBM_cAll_d20_mHO5_ch06:0.660706;gHO_sBM_cAll_d21_mHO5_ch09:0.659629;gHO_sBM_cAll_d21_mHO5_ch03:0.653354;gHO_sBM_cAll_d21_mHO5_ch05:0.645675;gHO_sBM_cAll_d20_mHO5_ch05:0.642485;gHO_sBM_cAll_d21_mHO5_ch02:0.642247;gHO_sBM_cAll_d20_mHO5_ch04:0.641616;gHO_sBM_cAll_d21_mHO5_ch04:0.639550,Electronic---Techno:0.273423;Electronic---Electro:0.206151;Electronic---Deep Techno:0.113520;Electronic---Synthwave:0.105037;Electronic---Deep House:0.104685,PO:v1:k0:r1,,JB3,0.680144,gHO_sBM_cAll_d20_mHO5_ch10,0.663599,120.967742
20.024000,20.039869100,,hermite,terminal_hold,Bridge preparation did not finish before the terminal state,,,,0,0.0,1,gPO_sBM_cAll_d12_mPO3_ch02,,,19.416000,gHO_sBM_cAll_d20_mHO5_ch10;gHO_sBM_cAll_d21_mHO5_ch10;gHO_sBM_cAll_d20_mHO5_ch06;gHO_sBM_cAll_d21_mHO5_ch09;gHO_sBM_cAll_d21_mHO5_ch03,18.496649,113,,,,1.000000000,0.216061185,0.000000,motion_end,0.216061185,0.077234,0.128347,0.034431,0.000000,0.087300,0.000000,4.270833,0.350000,beat-sync,0.813767,1.139323,,0.290454385,0.234246373,right_wrist_yaw,0.000000000,right_wrist_pitch,0.234246373,right_wrist_yaw,0.000000000,right_wrist_pitch,-0.479851,0.464869,0.856513,1.913154,0.000000000,0.000000000,0.000000000,0.000848661,0.000711361,0.006492620,19.800000,0.000000000,0.000000000,,0.000000,0.000000,0.000000,,0.009643619,0,1,0,10,gPO_sBM_cAll_d10_mPO0_ch01;gPO_sBM_cAll_d11_mPO0_ch01;gPO_sBM_cAll_d11_mPO0_ch02;gPO_sBM_cAll_d10_mPO0_ch02;gPO_sBM_cAll_d12_mPO3_ch02;gHO_sBM_cAll_d20_mHO5_ch10;gHO_sBM_cAll_d21_mHO5_ch10;gHO_sBM_cAll_d20_mHO5_ch06;gHO_sBM_cAll_d21_mHO5_ch09;gHO_sBM_cAll_d21_mHO5_ch03,,45.737300,512.471300,52.990200,3525.844700,accepted,0.958464,,0.924479,0.256734843,30.684124,0.094041,HO,0.853105,0.007477,0.002787,JB3:0.680144;JB5:0.672667;JB1:0.656562;LO4:0.628121;WA4:0.619382,gHO_sBM_cAll_d20_mHO5_ch10:0.663599;gHO_sBM_cAll_d21_mHO5_ch10:0.660812;gHO_sBM_cAll_d20_mHO5_ch06:0.660706;gHO_sBM_cAll_d21_mHO5_ch09:0.659629;gHO_sBM_cAll_d21_mHO5_ch03:0.653354;gHO_sBM_cAll_d21_mHO5_ch05:0.645675;gHO_sBM_cAll_d20_mHO5_ch05:0.642485;gHO_sBM_cAll_d21_mHO5_ch02:0.642247;gHO_sBM_cAll_d20_mHO5_ch04:0.641616;gHO_sBM_cAll_d21_mHO5_ch04:0.639550,Electronic---Techno:0.273423;Electronic---Electro:0.206151;Electronic---Deep Techno:0.113520;Electronic---Synthwave:0.105037;Electronic---Deep House:0.104685,PO:v1:k0:r1,,JB3,0.680144,gHO_sBM_cAll_d20_mHO5_ch10,0.663599,120.967742
20.056000,20.073536100,,hermite,terminal_hold,Bridge preparation did not finish before the terminal state,,,,0,0.0,1,gPO_sBM_cAll_d12_mPO3_ch02,,,19.416000,gHO_sBM_cAll_d20_mHO5_ch10;gHO_sBM_cAll_d21_mHO5_ch10;gHO_sBM_cAll_d20_mHO5_ch06;gHO_sBM_cAll_d21_mHO5_ch09;gHO_sBM_cAll_d21_mHO5_ch03,18.496649,113,,,,1.000000000,0.216061185,0.000000,motion_end,0.216061185,0.077234,0.128347,0.034431,0.000000,0.087300,0.000000,4.270833,0.350000,beat-sync,0.813767,1.139323,,0.290454385,0.234246373,right_wrist_yaw,0.000000000,right_wrist_pitch,0.234246373,right_wrist_yaw,0.000000000,right_wrist_pitch,-0.479851,0.464869,0.856513,1.913154,0.000000000,0.000000000,0.000000000,0.000848661,0.000711361,0.006492620,19.800000,0.000000000,0.000000000,,0.000000,0.000000,0.000000,,0.009630176,0,1,0,10,gPO_sBM_cAll_d10_mPO0_ch01;gPO_sBM_cAll_d11_mPO0_ch01;gPO_sBM_cAll_d11_mPO0_ch02;gPO_sBM_cAll_d10_mPO0_ch02;gPO_sBM_cAll_d12_mPO3_ch02;gHO_sBM_cAll_d20_mHO5_ch10;gHO_sBM_cAll_d21_mHO5_ch10;gHO_sBM_cAll_d20_mHO5_ch06;gHO_sBM_cAll_d21_mHO5_ch09;gHO_sBM_cAll_d21_mHO5_ch03,,45.737300,512.471300,52.990200,3525.844700,accepted,0.958464,,0.924479,0.256734843,30.684124,0.094041,HO,0.853105,0.007477,0.002787,JB3:0.680144;JB5:0.672667;JB1:0.656562;LO4:0.628121;WA4:0.619382,gHO_sBM_cAll_d20_mHO5_ch10:0.663599;gHO_sBM_cAll_d21_mHO5_ch10:0.660812;gHO_sBM_cAll_d20_mHO5_ch06:0.660706;gHO_sBM_cAll_d21_mHO5_ch09:0.659629;gHO_sBM_cAll_d21_mHO5_ch03:0.653354;gHO_sBM_cAll_d21_mHO5_ch05:0.645675;gHO_sBM_cAll_d20_mHO5_ch05:0.642485;gHO_sBM_cAll_d21_mHO5_ch02:0.642247;gHO_sBM_cAll_d20_mHO5_ch04:0.641616;gHO_sBM_cAll_d21_mHO5_ch04:0.639550,Electronic---Techno:0.273423;Electronic---Electro:0.206151;Electronic---Deep Techno:0.113520;Electronic---Synthwave:0.105037;Electronic---Deep House:0.104685,PO:v1:k0:r1,,JB3,0.680144,gHO_sBM_cAll_d20_mHO5_ch10,0.663599,120.967742
20.120000,20.145967600,,hermite,terminal_hold,Bridge preparation did not finish before the terminal state,,,,0,0.0,1,gPO_sBM_cAll_d12_mPO3_ch02,,,19.416000,gHO_sBM_cAll_d20_mHO5_ch10;gHO_sBM_cAll_d21_mHO5_ch10;gHO_sBM_cAll_d20_mHO5_ch06;gHO_sBM_cAll_d21_mHO5_ch09;gHO_sBM_cAll_d21_mHO5_ch03,18.496649,113,,,,1.000000000,0.216061185,0.000000,motion_end,0.216061185,0.077234,0.128347,0.034431,0.000000,0.087300,0.000000,4.270833,0.350000,beat-sync,0.813767,1.139323,,0.290454385,0.234246373,right_wrist_yaw,0.000000000,right_wrist_pitch,0.234246373,right_wrist_yaw,0.000000000,right_wrist_pitch,-0.479851,0.464869,0.856513,1.913154,0.000000000,0.000000000,0.000000000,0.000848661,0.000711361,0.006492620,19.800000,0.000000000,0.000000000,,0.000000,0.000000,0.000000,,0.009612309,0,1,0,10,gPO_sBM_cAll_d10_mPO0_ch01;gPO_sBM_cAll_d11_mPO0_ch01;gPO_sBM_cAll_d11_mPO0_ch02;gPO_sBM_cAll_d10_mPO0_ch02;gPO_sBM_cAll_d12_mPO3_ch02;gHO_sBM_cAll_d20_mHO5_ch10;gHO_sBM_cAll_d21_mHO5_ch10;gHO_sBM_cAll_d20_mHO5_ch06;gHO_sBM_cAll_d21_mHO5_ch09;gHO_sBM_cAll_d21_mHO5_ch03,,45.737300,512.471300,52.990200,3525.844700,accepted,0.958464,,0.924479,0.256734843,30.684124,0.094041,HO,0.853105,0.007477,0.002787,JB3:0.680144;JB5:0.672667;JB1:0.656562;LO4:0.628121;WA4:0.619382,gHO_sBM_cAll_d20_mHO5_ch10:0.663599;gHO_sBM_cAll_d21_mHO5_ch10:0.660812;gHO_sBM_cAll_d20_mHO5_ch06:0.660706;gHO_sBM_cAll_d21_mHO5_ch09:0.659629;gHO_sBM_cAll_d21_mHO5_ch03:0.653354;gHO_sBM_cAll_d21_mHO5_ch05:0.645675;gHO_sBM_cAll_d20_mHO5_ch05:0.642485;gHO_sBM_cAll_d21_mHO5_ch02:0.642247;gHO_sBM_cAll_d20_mHO5_ch04:0.641616;gHO_sBM_cAll_d21_mHO5_ch04:0.639550,Electronic---Techno:0.273423;Electronic---Electro:0.206151;Electronic---Deep Techno:0.113520;Electronic---Synthwave:0.105037;Electronic---Deep House:0.104685,PO:v1:k0:r1,,JB3,0.680144,gHO_sBM_cAll_d20_mHO5_ch10,0.663599,120.967742
20.152000,20.196565600,,hermite,terminal_hold,Bridge preparation did not finish before the terminal state,,,,0,0.0,1,gPO_sBM_cAll_d12_mPO3_ch02,,,19.416000,gHO_sBM_cAll_d20_mHO5_ch10;gHO_sBM_cAll_d21_mHO5_ch10;gHO_sBM_cAll_d20_mHO5_ch06;gHO_sBM_cAll_d21_mHO5_ch09;gHO_sBM_cAll_d21_mHO5_ch03,18.496649,113,,,,1.000000000,0.216061185,0.000000,motion_end,0.216061185,0.077234,0.128347,0.034431,0.000000,0.087300,0.000000,4.270833,0.350000,beat-sync,0.813767,1.139323,,0.290454385,0.234246373,right_wrist_yaw,0.000000000,right_wrist_pitch,0.234246373,right_wrist_yaw,0.000000000,right_wrist_pitch,-0.479851,0.464869,0.856513,1.913154,0.000000000,0.000000000,0.000000000,0.000848661,0.000711361,0.006492620,19.800000,0.000000000,0.000000000,,0.000000,0.000000,0.000000,,0.009603400,0,1,0,10,gPO_sBM_cAll_d10_mPO0_ch01;gPO_sBM_cAll_d11_mPO0_ch01;gPO_sBM_cAll_d11_mPO0_ch02;gPO_sBM_cAll_d10_mPO0_ch02;gPO_sBM_cAll_d12_mPO3_ch02;gHO_sBM_cAll_d20_mHO5_ch10;gHO_sBM_cAll_d21_mHO5_ch10;gHO_sBM_cAll_d20_mHO5_ch06;gHO_sBM_cAll_d21_mHO5_ch09;gHO_sBM_cAll_d21_mHO5_ch03,,45.737300,512.471300,52.990200,3525.844700,accepted,0.958464,,0.924479,0.256734843,30.684124,0.094041,HO,0.853105,0.007477,0.002787,JB3:0.680144;JB5:0.672667;JB1:0.656562;LO4:0.628121;WA4:0.619382,gHO_sBM_cAll_d20_mHO5_ch10:0.663599;gHO_sBM_cAll_d21_mHO5_ch10:0.660812;gHO_sBM_cAll_d20_mHO5_ch06:0.660706;gHO_sBM_cAll_d21_mHO5_ch09:0.659629;gHO_sBM_cAll_d21_mHO5_ch03:0.653354;gHO_sBM_cAll_d21_mHO5_ch05:0.645675;gHO_sBM_cAll_d20_mHO5_ch05:0.642485;gHO_sBM_cAll_d21_mHO5_ch02:0.642247;gHO_sBM_cAll_d20_mHO5_ch04:0.641616;gHO_sBM_cAll_d21_mHO5_ch04:0.639550,Electronic---Techno:0.273423;Electronic---Electro:0.206151;Electronic---Deep Techno:0.113520;Electronic---Synthwave:0.105037;Electronic---Deep House:0.104685,PO:v1:k0:r1,,JB3,0.680144,gHO_sBM_cAll_d20_mHO5_ch10,0.663599,120.967742
20.216000,20.261931000,,hermite,terminal_hold,Bridge preparation did not finish before the terminal state,,,,0,0.0,1,gPO_sBM_cAll_d12_mPO3_ch02,,,19.416000,gHO_sBM_cAll_d20_mHO5_ch10;gHO_sBM_cAll_d21_mHO5_ch10;gHO_sBM_cAll_d20_mHO5_ch06;gHO_sBM_cAll_d21_mHO5_ch09;gHO_sBM_cAll_d21_mHO5_ch03,18.496649,113,,,,1.000000000,0.216061185,0.000000,motion_end,0.216061185,0.077234,0.128347,0.034431,0.000000,0.087300,0.000000,4.270833,0.350000,beat-sync,0.813767,1.139323,,0.290454385,0.234246373,right_wrist_yaw,0.000000000,right_wrist_pitch,0.234246373,right_wrist_yaw,0.000000000,right_wrist_pitch,-0.479851,0.464869,0.856513,1.913154,0.000000000,0.000000000,0.000000000,0.000848661,0.000711361,0.006492620,19.800000,0.000000000,0.000000000,,0.000000,0.000000,0.000000,,0.009594508,0,1,0,10,gPO_sBM_cAll_d10_mPO0_ch01;gPO_sBM_cAll_d11_mPO0_ch01;gPO_sBM_cAll_d11_mPO0_ch02;gPO_sBM_cAll_d10_mPO0_ch02;gPO_sBM_cAll_d12_mPO3_ch02;gHO_sBM_cAll_d20_mHO5_ch10;gHO_sBM_cAll_d21_mHO5_ch10;gHO_sBM_cAll_d20_mHO5_ch06;gHO_sBM_cAll_d21_mHO5_ch09;gHO_sBM_cAll_d21_mHO5_ch03,,45.737300,512.471300,52.990200,3525.844700,accepted,0.958464,,0.924479,0.256734843,30.684124,0.094041,HO,0.853105,0.007477,0.002787,JB3:0.680144;JB5:0.672667;JB1:0.656562;LO4:0.628121;WA4:0.619382,gHO_sBM_cAll_d20_mHO5_ch10:0.663599;gHO_sBM_cAll_d21_mHO5_ch10:0.660812;gHO_sBM_cAll_d20_mHO5_ch06:0.660706;gHO_sBM_cAll_d21_mHO5_ch09:0.659629;gHO_sBM_cAll_d21_mHO5_ch03:0.653354;gHO_sBM_cAll_d21_mHO5_ch05:0.645675;gHO_sBM_cAll_d20_mHO5_ch05:0.642485;gHO_sBM_cAll_d21_mHO5_ch02:0.642247;gHO_sBM_cAll_d20_mHO5_ch04:0.641616;gHO_sBM_cAll_d21_mHO5_ch04:0.639550,Electronic---Techno:0.273423;Electronic---Electro:0.206151;Electronic---Deep Techno:0.113520;Electronic---Synthwave:0.105037;Electronic---Deep House:0.104685,PO:v1:k0:r1,,JB3,0.680144,gHO_sBM_cAll_d20_mHO5_ch10,0.663599,120.967742
20.280000,20.304470700,,hermite,terminal_hold,Bridge preparation did not finish before the terminal state,,,,0,0.0,1,gPO_sBM_cAll_d12_mPO3_ch02,,,19.416000,gHO_sBM_cAll_d20_mHO5_ch10;gHO_sBM_cAll_d21_mHO5_ch10;gHO_sBM_cAll_d20_mHO5_ch06;gHO_sBM_cAll_d21_mHO5_ch09;gHO_sBM_cAll_d21_mHO5_ch03,18.496649,113,,,,1.000000000,0.216061185,0.000000,motion_end,0.216061185,0.077234,0.128347,0.034431,0.000000,0.087300,0.000000,4.270833,0.350000,beat-sync,0.813767,1.139323,,0.290454385,0.234246373,right_wrist_yaw,0.000000000,right_wrist_pitch,0.234246373,right_wrist_yaw,0.000000000,right_wrist_pitch,-0.479851,0.464869,0.856513,1.913154,0.000000000,0.000000000,0.000000000,0.000848661,0.000711361,0.006492620,19.800000,0.000000000,0.000000000,,0.000000,0.000000,0.000000,,0.009585633,0,1,0,10,gPO_sBM_cAll_d10_mPO0_ch01;gPO_sBM_cAll_d11_mPO0_ch01;gPO_sBM_cAll_d11_mPO0_ch02;gPO_sBM_cAll_d10_mPO0_ch02;gPO_sBM_cAll_d12_mPO3_ch02;gHO_sBM_cAll_d20_mHO5_ch10;gHO_sBM_cAll_d21_mHO5_ch10;gHO_sBM_cAll_d20_mHO5_ch06;gHO_sBM_cAll_d21_mHO5_ch09;gHO_sBM_cAll_d21_mHO5_ch03,,45.737300,512.471300,52.990200,3525.844700,accepted,0.958464,,0.924479,0.256734843,30.684124,0.094041,HO,0.853105,0.007477,0.002787,JB3:0.680144;JB5:0.672667;JB1:0.656562;LO4:0.628121;WA4:0.619382,gHO_sBM_cAll_d20_mHO5_ch10:0.663599;gHO_sBM_cAll_d21_mHO5_ch10:0.660812;gHO_sBM_cAll_d20_mHO5_ch06:0.660706;gHO_sBM_cAll_d21_mHO5_ch09:0.659629;gHO_sBM_cAll_d21_mHO5_ch03:0.653354;gHO_sBM_cAll_d21_mHO5_ch05:0.645675;gHO_sBM_cAll_d20_mHO5_ch05:0.642485;gHO_sBM_cAll_d21_mHO5_ch02:0.642247;gHO_sBM_cAll_d20_mHO5_ch04:0.641616;gHO_sBM_cAll_d21_mHO5_ch04:0.639550,Electronic---Techno:0.273423;Electronic---Electro:0.206151;Electronic---Deep Techno:0.113520;Electronic---Synthwave:0.105037;Electronic---Deep House:0.104685,PO:v1:k0:r1,,JB3,0.680144,gHO_sBM_cAll_d20_mHO5_ch10,0.663599,120.967742
20.312000,20.365107700,,hermite,terminal_hold,Bridge preparation did not finish before the terminal state,,,,0,0.0,1,gPO_sBM_cAll_d12_mPO3_ch02,,,19.416000,gHO_sBM_cAll_d20_mHO5_ch10;gHO_sBM_cAll_d21_mHO5_ch10;gHO_sBM_cAll_d20_mHO5_ch06;gHO_sBM_cAll_d21_mHO5_ch09;gHO_sBM_cAll_d21_mHO5_ch03,18.496649,113,,,,1.000000000,0.216061185,0.000000,motion_end,0.216061185,0.077234,0.128347,0.034431,0.000000,0.087300,0.000000,4.270833,0.350000,beat-sync,0.813767,1.139323,,0.290454385,0.234246373,right_wrist_yaw,0.000000000,right_wrist_pitch,0.234246373,right_wrist_yaw,0.000000000,right_wrist_pitch,-0.479851,0.464869,0.856513,1.913154,0.000000000,0.000000000,0.000000000,0.000848661,0.000711361,0.006492620,19.800000,0.000000000,0.000000000,,0.000000,0.000000,0.000000,,0.009572350,0,1,0,10,gPO_sBM_cAll_d10_mPO0_ch01;gPO_sBM_cAll_d11_mPO0_ch01;gPO_sBM_cAll_d11_mPO0_ch02;gPO_sBM_cAll_d10_mPO0_ch02;gPO_sBM_cAll_d12_mPO3_ch02;gHO_sBM_cAll_d20_mHO5_ch10;gHO_sBM_cAll_d21_mHO5_ch10;gHO_sBM_cAll_d20_mHO5_ch06;gHO_sBM_cAll_d21_mHO5_ch09;gHO_sBM_cAll_d21_mHO5_ch03,,45.737300,512.471300,52.990200,3525.844700,accepted,0.958464,,0.924479,0.256734843,30.684124,0.094041,HO,0.853105,0.007477,0.002787,JB3:0.680144;JB5:0.672667;JB1:0.656562;LO4:0.628121;WA4:0.619382,gHO_sBM_cAll_d20_mHO5_ch10:0.663599;gHO_sBM_cAll_d21_mHO5_ch10:0.660812;gHO_sBM_cAll_d20_mHO5_ch06:0.660706;gHO_sBM_cAll_d21_mHO5_ch09:0.659629;gHO_sBM_cAll_d21_mHO5_ch03:0.653354;gHO_sBM_cAll_d21_mHO5_ch05:0.645675;gHO_sBM_cAll_d20_mHO5_ch05:0.642485;gHO_sBM_cAll_d21_mHO5_ch02:0.642247;gHO_sBM_cAll_d20_mHO5_ch04:0.641616;gHO_sBM_cAll_d21_mHO5_ch04:0.639550,Electronic---Techno:0.273423;Electronic---Electro:0.206151;Electronic---Deep Techno:0.113520;Electronic---Synthwave:0.105037;Electronic---Deep House:0.104685,PO:v1:k0:r1,,JB3,0.680144,gHO_sBM_cAll_d20_mHO5_ch10,0.663599,120.967742
20.408000,20.441217100,,hermite,terminal_hold,Bridge preparation did not finish before the terminal state,,,,0,0.0,1,gPO_sBM_cAll_d12_mPO3_ch02,,,19.416000,gHO_sBM_cAll_d20_mHO5_ch10;gHO_sBM_cAll_d21_mHO5_ch10;gHO_sBM_cAll_d20_mHO5_ch06;gHO_sBM_cAll_d21_mHO5_ch09;gHO_sBM_cAll_d21_mHO5_ch03,18.496649,113,,,,1.000000000,0.216061185,0.000000,motion_end,0.216061185,0.077234,0.128347,0.034431,0.000000,0.087300,0.000000,4.270833,0.350000,beat-sync,0.813767,1.139323,,0.290454385,0.234246373,right_wrist_yaw,0.000000000,right_wrist_pitch,0.234246373,right_wrist_yaw,0.000000000,right_wrist_pitch,-0.479851,0.464869,0.856513,1.913154,0.000000000,0.000000000,0.000000000,0.000848661,0.000711361,0.006492620,19.800000,0.000000000,0.000000000,,0.000000,0.000000,0.000000,,0.009563515,0,1,0,10,gPO_sBM_cAll_d10_mPO0_ch01;gPO_sBM_cAll_d11_mPO0_ch01;gPO_sBM_cAll_d11_mPO0_ch02;gPO_sBM_cAll_d10_mPO0_ch02;gPO_sBM_cAll_d12_mPO3_ch02;gHO_sBM_cAll_d20_mHO5_ch10;gHO_sBM_cAll_d21_mHO5_ch10;gHO_sBM_cAll_d20_mHO5_ch06;gHO_sBM_cAll_d21_mHO5_ch09;gHO_sBM_cAll_d21_mHO5_ch03,,45.737300,512.471300,52.990200,3525.844700,accepted,0.958464,,0.924479,0.256734843,30.684124,0.094041,HO,0.853105,0.007477,0.002787,JB3:0.680144;JB5:0.672667;JB1:0.656562;LO4:0.628121;WA4:0.619382,gHO_sBM_cAll_d20_mHO5_ch10:0.663599;gHO_sBM_cAll_d21_mHO5_ch10:0.660812;gHO_sBM_cAll_d20_mHO5_ch06:0.660706;gHO_sBM_cAll_d21_mHO5_ch09:0.659629;gHO_sBM_cAll_d21_mHO5_ch03:0.653354;gHO_sBM_cAll_d21_mHO5_ch05:0.645675;gHO_sBM_cAll_d20_mHO5_ch05:0.642485;gHO_sBM_cAll_d21_mHO5_ch02:0.642247;gHO_sBM_cAll_d20_mHO5_ch04:0.641616;gHO_sBM_cAll_d21_mHO5_ch04:0.639550,Electronic---Techno:0.273423;Electronic---Electro:0.206151;Electronic---Deep Techno:0.113520;Electronic---Synthwave:0.105037;Electronic---Deep House:0.104685,PO:v1:k0:r1,,JB3,0.680144,gHO_sBM_cAll_d20_mHO5_ch10,0.663599,120.967742
20.472000,20.597576100,,hermite,terminal_hold,Bridge preparation did not finish before the terminal state,,,,0,0.0,1,gPO_sBM_cAll_d12_mPO3_ch02,,,19.416000,gHO_sBM_cAll_d20_mHO5_ch10;gHO_sBM_cAll_d21_mHO5_ch10;gHO_sBM_cAll_d20_mHO5_ch06;gHO_sBM_cAll_d21_mHO5_ch09;gHO_sBM_cAll_d21_mHO5_ch03,18.496649,113,,,,1.000000000,0.216061185,0.000000,motion_end,0.216061185,0.077234,0.128347,0.034431,0.000000,0.087300,0.000000,4.270833,0.350000,beat-sync,0.813767,1.139323,,0.290454385,0.234246373,right_wrist_yaw,0.000000000,right_wrist_pitch,0.234246373,right_wrist_yaw,0.000000000,right_wrist_pitch,-0.479851,0.464869,0.856513,1.913154,0.000000000,0.000000000,0.000000000,0.000848661,0.000711361,0.006492620,19.800000,0.000000000,0.000000000,,0.000000,0.000000,0.000000,,0.009550294,0,1,0,10,gPO_sBM_cAll_d10_mPO0_ch01;gPO_sBM_cAll_d11_mPO0_ch01;gPO_sBM_cAll_d11_mPO0_ch02;gPO_sBM_cAll_d10_mPO0_ch02;gPO_sBM_cAll_d12_mPO3_ch02;gHO_sBM_cAll_d20_mHO5_ch10;gHO_sBM_cAll_d21_mHO5_ch10;gHO_sBM_cAll_d20_mHO5_ch06;gHO_sBM_cAll_d21_mHO5_ch09;gHO_sBM_cAll_d21_mHO5_ch03,,45.737300,512.471300,52.990200,3525.844700,accepted,0.958464,,0.924479,0.256734843,30.684124,0.094041,HO,0.853105,0.007477,0.002787,JB3:0.680144;JB5:0.672667;JB1:0.656562;LO4:0.628121;WA4:0.619382,gHO_sBM_cAll_d20_mHO5_ch10:0.663599;gHO_sBM_cAll_d21_mHO5_ch10:0.660812;gHO_sBM_cAll_d20_mHO5_ch06:0.660706;gHO_sBM_cAll_d21_mHO5_ch09:0.659629;gHO_sBM_cAll_d21_mHO5_ch03:0.653354;gHO_sBM_cAll_d21_mHO5_ch05:0.645675;gHO_sBM_cAll_d20_mHO5_ch05:0.642485;gHO_sBM_cAll_d21_mHO5_ch02:0.642247;gHO_sBM_cAll_d20_mHO5_ch04:0.641616;gHO_sBM_cAll_d21_mHO5_ch04:0.639550,Electronic---Techno:0.273423;Electronic---Electro:0.206151;Electronic---Deep Techno:0.113520;Electronic---Synthwave:0.105037;Electronic---Deep House:0.104685,PO:v1:k0:r1,,JB3,0.680144,gHO_sBM_cAll_d20_mHO5_ch10,0.663599,120.967742
20.568000,20.611233200,,hermite,terminal_hold,Bridge preparation did not finish before the terminal state,,,,0,0.0,1,gPO_sBM_cAll_d12_mPO3_ch02,,,19.416000,gHO_sBM_cAll_d20_mHO5_ch10;gHO_sBM_cAll_d21_mHO5_ch10;gHO_sBM_cAll_d20_mHO5_ch06;gHO_sBM_cAll_d21_mHO5_ch09;gHO_sBM_cAll_d21_mHO5_ch03,18.496649,113,,,,1.000000000,0.216061185,0.000000,motion_end,0.216061185,0.077234,0.128347,0.034431,0.000000,0.087300,0.000000,4.270833,0.350000,beat-sync,0.813767,1.139323,,0.290454385,0.234246373,right_wrist_yaw,0.000000000,right_wrist_pitch,0.234246373,right_wrist_yaw,0.000000000,right_wrist_pitch,-0.479851,0.464869,0.856513,1.913154,0.000000000,0.000000000,0.000000000,0.000848661,0.000711361,0.006492620,19.800000,0.000000000,0.000000000,,0.000000,0.000000,0.000000,,0.009545895,0,1,0,10,gPO_sBM_cAll_d10_mPO0_ch01;gPO_sBM_cAll_d11_mPO0_ch01;gPO_sBM_cAll_d11_mPO0_ch02;gPO_sBM_cAll_d10_mPO0_ch02;gPO_sBM_cAll_d12_mPO3_ch02;gHO_sBM_cAll_d20_mHO5_ch10;gHO_sBM_cAll_d21_mHO5_ch10;gHO_sBM_cAll_d20_mHO5_ch06;gHO_sBM_cAll_d21_mHO5_ch09;gHO_sBM_cAll_d21_mHO5_ch03,,45.737300,512.471300,52.990200,3525.844700,accepted,0.958464,,0.924479,0.256734843,30.684124,0.094041,HO,0.853105,0.007477,0.002787,JB3:0.680144;JB5:0.672667;JB1:0.656562;LO4:0.628121;WA4:0.619382,gHO_sBM_cAll_d20_mHO5_ch10:0.663599;gHO_sBM_cAll_d21_mHO5_ch10:0.660812;gHO_sBM_cAll_d20_mHO5_ch06:0.660706;gHO_sBM_cAll_d21_mHO5_ch09:0.659629;gHO_sBM_cAll_d21_mHO5_ch03:0.653354;gHO_sBM_cAll_d21_mHO5_ch05:0.645675;gHO_sBM_cAll_d20_mHO5_ch05:0.642485;gHO_sBM_cAll_d21_mHO5_ch02:0.642247;gHO_sBM_cAll_d20_mHO5_ch04:0.641616;gHO_sBM_cAll_d21_mHO5_ch04:0.639550,Electronic---Techno:0.273423;Electronic---Electro:0.206151;Electronic---Deep Techno:0.113520;Electronic---Synthwave:0.105037;Electronic---Deep House:0.104685,PO:v1:k0:r1,,JB3,0.680144,gHO_sBM_cAll_d20_mHO5_ch10,0.663599,120.967742
20.600000,20.631715400,,hermite,terminal_hold,Bridge preparation did not finish before the terminal state,,,,0,0.0,1,gPO_sBM_cAll_d12_mPO3_ch02,,,19.416000,gHO_sBM_cAll_d20_mHO5_ch10;gHO_sBM_cAll_d21_mHO5_ch10;gHO_sBM_cAll_d20_mHO5_ch06;gHO_sBM_cAll_d21_mHO5_ch09;gHO_sBM_cAll_d21_mHO5_ch03,18.496649,113,,,,1.000000000,0.216061185,0.000000,motion_end,0.216061185,0.077234,0.128347,0.034431,0.000000,0.087300,0.000000,4.270833,0.350000,beat-sync,0.813767,1.139323,,0.290454385,0.234246373,right_wrist_yaw,0.000000000,right_wrist_pitch,0.234246373,right_wrist_yaw,0.000000000,right_wrist_pitch,-0.479851,0.464869,0.856513,1.913154,0.000000000,0.000000000,0.000000000,0.000848661,0.000711361,0.006492620,19.800000,0.000000000,0.000000000,,0.000000,0.000000,0.000000,,0.009541500,0,1,0,10,gPO_sBM_cAll_d10_mPO0_ch01;gPO_sBM_cAll_d11_mPO0_ch01;gPO_sBM_cAll_d11_mPO0_ch02;gPO_sBM_cAll_d10_mPO0_ch02;gPO_sBM_cAll_d12_mPO3_ch02;gHO_sBM_cAll_d20_mHO5_ch10;gHO_sBM_cAll_d21_mHO5_ch10;gHO_sBM_cAll_d20_mHO5_ch06;gHO_sBM_cAll_d21_mHO5_ch09;gHO_sBM_cAll_d21_mHO5_ch03,,45.737300,512.471300,52.990200,3525.844700,accepted,0.958464,,0.924479,0.256734843,30.684124,0.094041,HO,0.853105,0.007477,0.002787,JB3:0.680144;JB5:0.672667;JB1:0.656562;LO4:0.628121;WA4:0.619382,gHO_sBM_cAll_d20_mHO5_ch10:0.663599;gHO_sBM_cAll_d21_mHO5_ch10:0.660812;gHO_sBM_cAll_d20_mHO5_ch06:0.660706;gHO_sBM_cAll_d21_mHO5_ch09:0.659629;gHO_sBM_cAll_d21_mHO5_ch03:0.653354;gHO_sBM_cAll_d21_mHO5_ch05:0.645675;gHO_sBM_cAll_d20_mHO5_ch05:0.642485;gHO_sBM_cAll_d21_mHO5_ch02:0.642247;gHO_sBM_cAll_d20_mHO5_ch04:0.641616;gHO_sBM_cAll_d21_mHO5_ch04:0.639550,Electronic---Techno:0.273423;Electronic---Electro:0.206151;Electronic---Deep Techno:0.113520;Electronic---Synthwave:0.105037;Electronic---Deep House:0.104685,PO:v1:k0:r1,,JB3,0.680144,gHO_sBM_cAll_d20_mHO5_ch10,0.663599,120.967742
20.664000,20.698080300,,hermite,terminal_hold,Bridge preparation did not finish before the terminal state,,,,0,0.0,1,gPO_sBM_cAll_d12_mPO3_ch02,,,19.416000,gHO_sBM_cAll_d20_mHO5_ch10;gHO_sBM_cAll_d21_mHO5_ch10;gHO_sBM_cAll_d20_mHO5_ch06;gHO_sBM_cAll_d21_mHO5_ch09;gHO_sBM_cAll_d21_mHO5_ch03,18.496649,113,,,,1.000000000,0.216061185,0.000000,motion_end,0.216061185,0.077234,0.128347,0.034431,0.000000,0.087300,0.000000,4.270833,0.350000,beat-sync,0.813767,1.139323,,0.290454385,0.234246373,right_wrist_yaw,0.000000000,right_wrist_pitch,0.234246373,right_wrist_yaw,0.000000000,right_wrist_pitch,-0.479851,0.464869,0.856513,1.913154,0.000000000,0.000000000,0.000000000,0.000848661,0.000711361,0.006492620,19.800000,0.000000000,0.000000000,,0.000000,0.000000,0.000000,,0.009528339,0,1,0,10,gPO_sBM_cAll_d10_mPO0_ch01;gPO_sBM_cAll_d11_mPO0_ch01;gPO_sBM_cAll_d11_mPO0_ch02;gPO_sBM_cAll_d10_mPO0_ch02;gPO_sBM_cAll_d12_mPO3_ch02;gHO_sBM_cAll_d20_mHO5_ch10;gHO_sBM_cAll_d21_mHO5_ch10;gHO_sBM_cAll_d20_mHO5_ch06;gHO_sBM_cAll_d21_mHO5_ch09;gHO_sBM_cAll_d21_mHO5_ch03,,45.737300,512.471300,52.990200,3525.844700,accepted,0.958464,,0.924479,0.256734843,30.684124,0.094041,HO,0.853105,0.007477,0.002787,JB3:0.680144;JB5:0.672667;JB1:0.656562;LO4:0.628121;WA4:0.619382,gHO_sBM_cAll_d20_mHO5_ch10:0.663599;gHO_sBM_cAll_d21_mHO5_ch10:0.660812;gHO_sBM_cAll_d20_mHO5_ch06:0.660706;gHO_sBM_cAll_d21_mHO5_ch09:0.659629;gHO_sBM_cAll_d21_mHO5_ch03:0.653354;gHO_sBM_cAll_d21_mHO5_ch05:0.645675;gHO_sBM_cAll_d20_mHO5_ch05:0.642485;gHO_sBM_cAll_d21_mHO5_ch02:0.642247;gHO_sBM_cAll_d20_mHO5_ch04:0.641616;gHO_sBM_cAll_d21_mHO5_ch04:0.639550,Electronic---Techno:0.273423;Electronic---Electro:0.206151;Electronic---Deep Techno:0.113520;Electronic---Synthwave:0.105037;Electronic---Deep House:0.104685,PO:v1:k0:r1,,JB3,0.680144,gHO_sBM_cAll_d20_mHO5_ch10,0.663599,120.967742
20.728000,20.765424800,,hermite,terminal_hold,Bridge preparation did not finish before the terminal state,,,,0,0.0,1,gPO_sBM_cAll_d12_mPO3_ch02,,,19.416000,gHO_sBM_cAll_d20_mHO5_ch10;gHO_sBM_cAll_d21_mHO5_ch10;gHO_sBM_cAll_d20_mHO5_ch06;gHO_sBM_cAll_d21_mHO5_ch09;gHO_sBM_cAll_d21_mHO5_ch03,18.496649,113,,,,1.000000000,0.216061185,0.000000,motion_end,0.216061185,0.077234,0.128347,0.034431,0.000000,0.087300,0.000000,4.270833,0.350000,beat-sync,0.813767,1.139323,,0.290454385,0.234246373,right_wrist_yaw,0.000000000,right_wrist_pitch,0.234246373,right_wrist_yaw,0.000000000,right_wrist_pitch,-0.479851,0.464869,0.856513,1.913154,0.000000000,0.000000000,0.000000000,0.000848661,0.000711361,0.006492620,19.800000,0.000000000,0.000000000,,0.000000,0.000000,0.000000,,0.009515215,0,1,0,10,gPO_sBM_cAll_d10_mPO0_ch01;gPO_sBM_cAll_d11_mPO0_ch01;gPO_sBM_cAll_d11_mPO0_ch02;gPO_sBM_cAll_d10_mPO0_ch02;gPO_sBM_cAll_d12_mPO3_ch02;gHO_sBM_cAll_d20_mHO5_ch10;gHO_sBM_cAll_d21_mHO5_ch10;gHO_sBM_cAll_d20_mHO5_ch06;gHO_sBM_cAll_d21_mHO5_ch09;gHO_sBM_cAll_d21_mHO5_ch03,,45.737300,512.471300,52.990200,3525.844700,accepted,0.958464,,0.924479,0.256734843,30.684124,0.094041,HO,0.853105,0.007477,0.002787,JB3:0.680144;JB5:0.672667;JB1:0.656562;LO4:0.628121;WA4:0.619382,gHO_sBM_cAll_d20_mHO5_ch10:0.663599;gHO_sBM_cAll_d21_mHO5_ch10:0.660812;gHO_sBM_cAll_d20_mHO5_ch06:0.660706;gHO_sBM_cAll_d21_mHO5_ch09:0.659629;gHO_sBM_cAll_d21_mHO5_ch03:0.653354;gHO_sBM_cAll_d21_mHO5_ch05:0.645675;gHO_sBM_cAll_d20_mHO5_ch05:0.642485;gHO_sBM_cAll_d21_mHO5_ch02:0.642247;gHO_sBM_cAll_d20_mHO5_ch04:0.641616;gHO_sBM_cAll_d21_mHO5_ch04:0.639550,Electronic---Techno:0.273423;Electronic---Electro:0.206151;Electronic---Deep Techno:0.113520;Electronic---Synthwave:0.105037;Electronic---Deep House:0.104685,PO:v1:k0:r1,,JB3,0.680144,gHO_sBM_cAll_d20_mHO5_ch10,0.663599,120.967742
20.760000,20.814280600,,hermite,terminal_hold,Bridge preparation did not finish before the terminal state,,,,0,0.0,1,gPO_sBM_cAll_d12_mPO3_ch02,,,19.416000,gHO_sBM_cAll_d20_mHO5_ch10;gHO_sBM_cAll_d21_mHO5_ch10;gHO_sBM_cAll_d20_mHO5_ch06;gHO_sBM_cAll_d21_mHO5_ch09;gHO_sBM_cAll_d21_mHO5_ch03,18.496649,113,,,,1.000000000,0.216061185,0.000000,motion_end,0.216061185,0.077234,0.128347,0.034431,0.000000,0.087300,0.000000,4.270833,0.350000,beat-sync,0.813767,1.139323,,0.290454385,0.234246373,right_wrist_yaw,0.000000000,right_wrist_pitch,0.234246373,right_wrist_yaw,0.000000000,right_wrist_pitch,-0.479851,0.464869,0.856513,1.913154,0.000000000,0.000000000,0.000000000,0.000848661,0.000711361,0.006492620,19.800000,0.000000000,0.000000000,,0.000000,0.000000,0.000000,,0.009506485,0,1,0,10,gPO_sBM_cAll_d10_mPO0_ch01;gPO_sBM_cAll_d11_mPO0_ch01;gPO_sBM_cAll_d11_mPO0_ch02;gPO_sBM_cAll_d10_mPO0_ch02;gPO_sBM_cAll_d12_mPO3_ch02;gHO_sBM_cAll_d20_mHO5_ch10;gHO_sBM_cAll_d21_mHO5_ch10;gHO_sBM_cAll_d20_mHO5_ch06;gHO_sBM_cAll_d21_mHO5_ch09;gHO_sBM_cAll_d21_mHO5_ch03,,45.737300,512.471300,52.990200,3525.844700,accepted,0.958464,,0.924479,0.256734843,30.684124,0.094041,HO,0.853105,0.007477,0.002787,JB3:0.680144;JB5:0.672667;JB1:0.656562;LO4:0.628121;WA4:0.619382,gHO_sBM_cAll_d20_mHO5_ch10:0.663599;gHO_sBM_cAll_d21_mHO5_ch10:0.660812;gHO_sBM_cAll_d20_mHO5_ch06:0.660706;gHO_sBM_cAll_d21_mHO5_ch09:0.659629;gHO_sBM_cAll_d21_mHO5_ch03:0.653354;gHO_sBM_cAll_d21_mHO5_ch05:0.645675;gHO_sBM_cAll_d20_mHO5_ch05:0.642485;gHO_sBM_cAll_d21_mHO5_ch02:0.642247;gHO_sBM_cAll_d20_mHO5_ch04:0.641616;gHO_sBM_cAll_d21_mHO5_ch04:0.639550,Electronic---Techno:0.273423;Electronic---Electro:0.206151;Electronic---Deep Techno:0.113520;Electronic---Synthwave:0.105037;Electronic---Deep House:0.104685,PO:v1:k0:r1,,JB3,0.680144,gHO_sBM_cAll_d20_mHO5_ch10,0.663599,120.967742
20.824000,20.865759600,,hermite,terminal_hold,Bridge preparation did not finish before the terminal state,,,,0,0.0,1,gPO_sBM_cAll_d12_mPO3_ch02,,,19.416000,gHO_sBM_cAll_d20_mHO5_ch10;gHO_sBM_cAll_d21_mHO5_ch10;gHO_sBM_cAll_d20_mHO5_ch06;gHO_sBM_cAll_d21_mHO5_ch09;gHO_sBM_cAll_d21_mHO5_ch03,18.496649,113,,,,1.000000000,0.216061185,0.000000,motion_end,0.216061185,0.077234,0.128347,0.034431,0.000000,0.087300,0.000000,4.270833,0.350000,beat-sync,0.813767,1.092070,,0.472889510,0.234246373,right_wrist_yaw,0.000000000,right_wrist_pitch,0.234246373,right_wrist_yaw,0.000000000,right_wrist_pitch,-0.479851,0.464869,0.856513,1.913154,0.000000000,0.000000000,0.000000000,0.000848661,0.000711361,0.006492620,20.824000,0.000000000,0.000000000,,0.000000,0.000000,0.000000,,0.009497772,0,1,0,10,gPO_sBM_cAll_d10_mPO0_ch01;gPO_sBM_cAll_d11_mPO0_ch01;gPO_sBM_cAll_d11_mPO0_ch02;gPO_sBM_cAll_d10_mPO0_ch02;gPO_sBM_cAll_d12_mPO3_ch02;gHO_sBM_cAll_d20_mHO5_ch10;gHO_sBM_cAll_d21_mHO5_ch10;gHO_sBM_cAll_d20_mHO5_ch06;gHO_sBM_cAll_d21_mHO5_ch09;gHO_sBM_cAll_d21_mHO5_ch03,,45.737300,512.471300,52.990200,3525.844700,accepted,0.958464,,0.924479,0.256734843,30.684124,0.094041,HO,0.853105,0.007477,0.002787,JB3:0.680144;JB5:0.672667;JB1:0.656562;LO4:0.628121;WA4:0.619382,gHO_sBM_cAll_d20_mHO5_ch10:0.663599;gHO_sBM_cAll_d21_mHO5_ch10:0.660812;gHO_sBM_cAll_d20_mHO5_ch06:0.660706;gHO_sBM_cAll_d21_mHO5_ch09:0.659629;gHO_sBM_cAll_d21_mHO5_ch03:0.653354;gHO_sBM_cAll_d21_mHO5_ch05:0.645675;gHO_sBM_cAll_d20_mHO5_ch05:0.642485;gHO_sBM_cAll_d21_mHO5_ch02:0.642247;gHO_sBM_cAll_d20_mHO5_ch04:0.641616;gHO_sBM_cAll_d21_mHO5_ch04:0.639550,Electronic---Techno:0.273423;Electronic---Electro:0.206151;Electronic---Deep Techno:0.113520;Electronic---Synthwave:0.105037;Electronic---Deep House:0.104685,PO:v1:k0:r1,,JB3,0.680144,gHO_sBM_cAll_d20_mHO5_ch10,0.663599,120.967742
20.856000,20.883761600,match,hermite,terminal_hold,Bridge preparation did not finish before the terminal state,,,,0,0.0,1,gPO_sBM_cAll_d12_mPO3_ch02,,,20.440000,gHO_sBM_cAll_d20_mHO5_ch10;gHO_sBM_cAll_d21_mHO5_ch10;gHO_sBM_cAll_d20_mHO5_ch06;gHO_sBM_cAll_d21_mHO5_ch09;gHO_sBM_cAll_d21_mHO5_ch03,18.496649,113,,,,1.000000000,0.216061185,0.000000,motion_end,0.216061185,0.077234,0.128347,0.034431,0.000000,0.087300,0.000000,4.270833,0.350000,beat-sync,0.813767,1.092070,,0.472889510,0.234246373,right_wrist_yaw,0.000000000,right_wrist_pitch,0.234246373,right_wrist_yaw,0.000000000,right_wrist_pitch,-0.479851,0.464869,0.856513,1.913154,0.000000000,0.000000000,0.000000000,0.000848661,0.000711361,0.006492620,20.824000,0.000000000,0.000000000,,0.000000,0.000000,0.000000,,0.009493421,0,1,0,10,gPO_sBM_cAll_d10_mPO0_ch01;gPO_sBM_cAll_d11_mPO0_ch01;gPO_sBM_cAll_d11_mPO0_ch02;gPO_sBM_cAll_d10_mPO0_ch02;gPO_sBM_cAll_d12_mPO3_ch02;gHO_sBM_cAll_d20_mHO5_ch10;gHO_sBM_cAll_d21_mHO5_ch10;gHO_sBM_cAll_d20_mHO5_ch06;gHO_sBM_cAll_d21_mHO5_ch09;gHO_sBM_cAll_d21_mHO5_ch03,,45.737300,512.471300,52.990200,3525.844700,accepted,0.959602,,0.926549,0.257696772,30.450445,0.092452,HO,0.855799,0.007820,0.002783,JB3:0.679348;JB5:0.671528;JB1:0.654506;LO4:0.629170;WA4:0.620392,gHO_sBM_cAll_d20_mHO5_ch10:0.663334;gHO_sBM_cAll_d21_mHO5_ch10:0.660551;gHO_sBM_cAll_d20_mHO5_ch06:0.660444;gHO_sBM_cAll_d21_mHO5_ch09:0.659370;gHO_sBM_cAll_d21_mHO5_ch03:0.653233;gHO_sBM_cAll_d21_mHO5_ch05:0.645431;gHO_sBM_cAll_d20_mHO5_ch05:0.642233;gHO_sBM_cAll_d21_mHO5_ch02:0.642012;gHO_sBM_cAll_d20_mHO5_ch04:0.641373;gHO_sBM_cAll_d21_mHO5_ch04:0.639315,Electronic---Techno:0.267445;Electronic---Electro:0.205428;Electronic---Deep Techno:0.114513;Electronic---Deep House:0.108966;Electronic---Synthwave:0.103740,PO:v1:k0:r1,,JB3,0.679348,gHO_sBM_cAll_d20_mHO5_ch10,0.663334,120.967742
20.920000,20.957305800,,hermite,terminal_hold,Bridge preparation did not finish before the terminal state,,,,0,0.0,1,gPO_sBM_cAll_d12_mPO3_ch02,,,20.440000,gHO_sBM_cAll_d20_mHO5_ch10;gHO_sBM_cAll_d21_mHO5_ch10;gHO_sBM_cAll_d20_mHO5_ch06;gHO_sBM_cAll_d21_mHO5_ch09;gHO_sBM_cAll_d21_mHO5_ch03,18.496649,113,,,,1.000000000,0.216061185,0.000000,motion_end,0.216061185,0.077234,0.128347,0.034431,0.000000,0.087300,0.000000,4.270833,0.350000,beat-sync,0.813767,1.092070,,0.472889510,0.234246373,right_wrist_yaw,0.000000000,right_wrist_pitch,0.234246373,right_wrist_yaw,0.000000000,right_wrist_pitch,-0.479851,0.464869,0.856513,1.913154,0.000000000,0.000000000,0.000000000,0.000848661,0.000711361,0.006492620,20.824000,0.000000000,0.000000000,,0.000000,0.000000,0.000000,,0.009480392,0,1,0,10,gPO_sBM_cAll_d10_mPO0_ch01;gPO_sBM_cAll_d11_mPO0_ch01;gPO_sBM_cAll_d11_mPO0_ch02;gPO_sBM_cAll_d10_mPO0_ch02;gPO_sBM_cAll_d12_mPO3_ch02;gHO_sBM_cAll_d20_mHO5_ch10;gHO_sBM_cAll_d21_mHO5_ch10;gHO_sBM_cAll_d20_mHO5_ch06;gHO_sBM_cAll_d21_mHO5_ch09;gHO_sBM_cAll_d21_mHO5_ch03,,45.737300,512.471300,52.990200,3525.844700,accepted,0.959602,,0.926549,0.257696772,30.450445,0.092452,HO,0.855799,0.007820,0.002783,JB3:0.679348;JB5:0.671528;JB1:0.654506;LO4:0.629170;WA4:0.620392,gHO_sBM_cAll_d20_mHO5_ch10:0.663334;gHO_sBM_cAll_d21_mHO5_ch10:0.660551;gHO_sBM_cAll_d20_mHO5_ch06:0.660444;gHO_sBM_cAll_d21_mHO5_ch09:0.659370;gHO_sBM_cAll_d21_mHO5_ch03:0.653233;gHO_sBM_cAll_d21_mHO5_ch05:0.645431;gHO_sBM_cAll_d20_mHO5_ch05:0.642233;gHO_sBM_cAll_d21_mHO5_ch02:0.642012;gHO_sBM_cAll_d20_mHO5_ch04:0.641373;gHO_sBM_cAll_d21_mHO5_ch04:0.639315,Electronic---Techno:0.267445;Electronic---Electro:0.205428;Electronic---Deep Techno:0.114513;Electronic---Deep House:0.108966;Electronic---Synthwave:0.103740,PO:v1:k0:r1,,JB3,0.679348,gHO_sBM_cAll_d20_mHO5_ch10,0.663334,120.967742
20.952000,20.970009100,,hermite,terminal_hold,Bridge preparation did not finish before the terminal state,,,,0,0.0,1,gPO_sBM_cAll_d12_mPO3_ch02,,,20.440000,gHO_sBM_cAll_d20_mHO5_ch10;gHO_sBM_cAll_d21_mHO5_ch10;gHO_sBM_cAll_d20_mHO5_ch06;gHO_sBM_cAll_d21_mHO5_ch09;gHO_sBM_cAll_d21_mHO5_ch03,18.496649,113,,,,1.000000000,0.216061185,0.000000,motion_end,0.216061185,0.077234,0.128347,0.034431,0.000000,0.087300,0.000000,4.270833,0.350000,beat-sync,0.813767,1.092070,,0.472889510,0.234246373,right_wrist_yaw,0.000000000,right_wrist_pitch,0.234246373,right_wrist_yaw,0.000000000,right_wrist_pitch,-0.479851,0.464869,0.856513,1.913154,0.000000000,0.000000000,0.000000000,0.000848661,0.000711361,0.006492620,20.824000,0.000000000,0.000000000,,0.000000,0.000000,0.000000,,0.009476058,0,1,0,10,gPO_sBM_cAll_d10_mPO0_ch01;gPO_sBM_cAll_d11_mPO0_ch01;gPO_sBM_cAll_d11_mPO0_ch02;gPO_sBM_cAll_d10_mPO0_ch02;gPO_sBM_cAll_d12_mPO3_ch02;gHO_sBM_cAll_d20_mHO5_ch10;gHO_sBM_cAll_d21_mHO5_ch10;gHO_sBM_cAll_d20_mHO5_ch06;gHO_sBM_cAll_d21_mHO5_ch09;gHO_sBM_cAll_d21_mHO5_ch03,,45.737300,512.471300,52.990200,3525.844700,accepted,0.959602,,0.926549,0.257696772,30.450445,0.092452,HO,0.855799,0.007820,0.002783,JB3:0.679348;JB5:0.671528;JB1:0.654506;LO4:0.629170;WA4:0.620392,gHO_sBM_cAll_d20_mHO5_ch10:0.663334;gHO_sBM_cAll_d21_mHO5_ch10:0.660551;gHO_sBM_cAll_d20_mHO5_ch06:0.660444;gHO_sBM_cAll_d21_mHO5_ch09:0.659370;gHO_sBM_cAll_d21_mHO5_ch03:0.653233;gHO_sBM_cAll_d21_mHO5_ch05:0.645431;gHO_sBM_cAll_d20_mHO5_ch05:0.642233;gHO_sBM_cAll_d21_mHO5_ch02:0.642012;gHO_sBM_cAll_d20_mHO5_ch04:0.641373;gHO_sBM_cAll_d21_mHO5_ch04:0.639315,Electronic---Techno:0.267445;Electronic---Electro:0.205428;Electronic---Deep Techno:0.114513;Electronic---Deep House:0.108966;Electronic---Synthwave:0.103740,PO:v1:k0:r1,,JB3,0.679348,gHO_sBM_cAll_d20_mHO5_ch10,0.663334,120.967742
20.984000,21.016764600,beat_limiter_result,hermite,terminal_hold,Bridge preparation did not finish before the terminal state,,,,0,0.0,1,gPO_sBM_cAll_d12_mPO3_ch02,,,20.440000,gHO_sBM_cAll_d20_mHO5_ch10;gHO_sBM_cAll_d21_mHO5_ch10;gHO_sBM_cAll_d20_mHO5_ch06;gHO_sBM_cAll_d21_mHO5_ch09;gHO_sBM_cAll_d21_mHO5_ch03,18.496649,113,,,,1.000000000,0.216061185,0.000000,motion_end,0.216061185,0.077234,0.128347,0.034431,0.000000,0.087300,0.000000,4.270833,0.350000,beat-sync,0.813767,1.092070,,0.472889510,0.234246373,right_wrist_yaw,0.000000000,right_wrist_pitch,0.234246373,right_wrist_yaw,0.000000000,right_wrist_pitch,-0.479851,0.464869,0.856513,1.913154,0.000000000,0.000000000,0.000000000,0.000848661,0.000711361,0.006492620,20.824000,0.000000000,0.000000000,,0.000000,0.000000,0.000000,,0.009463077,0,1,0,10,gPO_sBM_cAll_d10_mPO0_ch01;gPO_sBM_cAll_d11_mPO0_ch01;gPO_sBM_cAll_d11_mPO0_ch02;gPO_sBM_cAll_d10_mPO0_ch02;gPO_sBM_cAll_d12_mPO3_ch02;gHO_sBM_cAll_d20_mHO5_ch10;gHO_sBM_cAll_d21_mHO5_ch10;gHO_sBM_cAll_d20_mHO5_ch06;gHO_sBM_cAll_d21_mHO5_ch09;gHO_sBM_cAll_d21_mHO5_ch03,,45.737300,512.471300,52.990200,3525.844700,accepted,0.959602,,0.926549,0.257696772,30.450445,0.092452,HO,0.855799,0.007820,0.002783,JB3:0.679348;JB5:0.671528;JB1:0.654506;LO4:0.629170;WA4:0.620392,gHO_sBM_cAll_d20_mHO5_ch10:0.663334;gHO_sBM_cAll_d21_mHO5_ch10:0.660551;gHO_sBM_cAll_d20_mHO5_ch06:0.660444;gHO_sBM_cAll_d21_mHO5_ch09:0.659370;gHO_sBM_cAll_d21_mHO5_ch03:0.653233;gHO_sBM_cAll_d21_mHO5_ch05:0.645431;gHO_sBM_cAll_d20_mHO5_ch05:0.642233;gHO_sBM_cAll_d21_mHO5_ch02:0.642012;gHO_sBM_cAll_d20_mHO5_ch04:0.641373;gHO_sBM_cAll_d21_mHO5_ch04:0.639315,Electronic---Techno:0.267445;Electronic---Electro:0.205428;Electronic---Deep Techno:0.114513;Electronic---Deep House:0.108966;Electronic---Synthwave:0.103740,PO:v1:k0:r1,,JB3,0.679348,gHO_sBM_cAll_d20_mHO5_ch10,0.663334,120.967742
21.016000,21.040338500,,hermite,terminal_hold,Bridge preparation did not finish before the terminal state,,,,0,0.0,1,gPO_sBM_cAll_d12_mPO3_ch02,,,20.440000,gHO_sBM_cAll_d20_mHO5_ch10;gHO_sBM_cAll_d21_mHO5_ch10;gHO_sBM_cAll_d20_mHO5_ch06;gHO_sBM_cAll_d21_mHO5_ch09;gHO_sBM_cAll_d21_mHO5_ch03,18.496649,113,,,,1.000000000,0.216061185,0.000000,motion_end,0.216061185,0.077234,0.128347,0.034431,0.000000,0.087300,0.000000,4.270833,0.350000,beat-sync,0.813767,1.092070,,0.472889510,0.234246373,right_wrist_yaw,0.000000000,right_wrist_pitch,0.234246373,right_wrist_yaw,0.000000000,right_wrist_pitch,-0.479851,0.464869,0.856513,1.913154,0.000000000,0.000000000,0.000000000,0.000848661,0.000711361,0.006492620,20.824000,0.000000000,0.000000000,,0.000000,0.000000,0.000000,,0.009454442,0,1,0,10,gPO_sBM_cAll_d10_mPO0_ch01;gPO_sBM_cAll_d11_mPO0_ch01;gPO_sBM_cAll_d11_mPO0_ch02;gPO_sBM_cAll_d10_mPO0_ch02;gPO_sBM_cAll_d12_mPO3_ch02;gHO_sBM_cAll_d20_mHO5_ch10;gHO_sBM_cAll_d21_mHO5_ch10;gHO_sBM_cAll_d20_mHO5_ch06;gHO_sBM_cAll_d21_mHO5_ch09;gHO_sBM_cAll_d21_mHO5_ch03,,45.737300,512.471300,52.990200,3525.844700,accepted,0.959602,,0.926549,0.257696772,30.450445,0.092452,HO,0.855799,0.007820,0.002783,JB3:0.679348;JB5:0.671528;JB1:0.654506;LO4:0.629170;WA4:0.620392,gHO_sBM_cAll_d20_mHO5_ch10:0.663334;gHO_sBM_cAll_d21_mHO5_ch10:0.660551;gHO_sBM_cAll_d20_mHO5_ch06:0.660444;gHO_sBM_cAll_d21_mHO5_ch09:0.659370;gHO_sBM_cAll_d21_mHO5_ch03:0.653233;gHO_sBM_cAll_d21_mHO5_ch05:0.645431;gHO_sBM_cAll_d20_mHO5_ch05:0.642233;gHO_sBM_cAll_d21_mHO5_ch02:0.642012;gHO_sBM_cAll_d20_mHO5_ch04:0.641373;gHO_sBM_cAll_d21_mHO5_ch04:0.639315,Electronic---Techno:0.267445;Electronic---Electro:0.205428;Electronic---Deep Techno:0.114513;Electronic---Deep House:0.108966;Electronic---Synthwave:0.103740,PO:v1:k0:r1,,JB3,0.679348,gHO_sBM_cAll_d20_mHO5_ch10,0.663334,120.967742
21.112000,21.128450700,,hermite,terminal_hold,Bridge preparation did not finish before the terminal state,,,,0,0.0,1,gPO_sBM_cAll_d12_mPO3_ch02,,,20.440000,gHO_sBM_cAll_d20_mHO5_ch10;gHO_sBM_cAll_d21_mHO5_ch10;gHO_sBM_cAll_d20_mHO5_ch06;gHO_sBM_cAll_d21_mHO5_ch09;gHO_sBM_cAll_d21_mHO5_ch03,18.496649,113,,,,1.000000000,0.216061185,0.000000,motion_end,0.216061185,0.077234,0.128347,0.034431,0.000000,0.087300,0.000000,4.270833,0.350000,beat-sync,0.813767,1.092070,,0.472889510,0.234246373,right_wrist_yaw,0.000000000,right_wrist_pitch,0.234246373,right_wrist_yaw,0.000000000,right_wrist_pitch,-0.479851,0.464869,0.856513,1.913154,0.000000000,0.000000000,0.000000000,0.000848661,0.000711361,0.006492620,20.824000,0.000000000,0.000000000,,0.000000,0.000000,0.000000,,0.009441521,0,1,0,10,gPO_sBM_cAll_d10_mPO0_ch01;gPO_sBM_cAll_d11_mPO0_ch01;gPO_sBM_cAll_d11_mPO0_ch02;gPO_sBM_cAll_d10_mPO0_ch02;gPO_sBM_cAll_d12_mPO3_ch02;gHO_sBM_cAll_d20_mHO5_ch10;gHO_sBM_cAll_d21_mHO5_ch10;gHO_sBM_cAll_d20_mHO5_ch06;gHO_sBM_cAll_d21_mHO5_ch09;gHO_sBM_cAll_d21_mHO5_ch03,,45.737300,512.471300,52.990200,3525.844700,accepted,0.959602,,0.926549,0.257696772,30.450445,0.092452,HO,0.855799,0.007820,0.002783,JB3:0.679348;JB5:0.671528;JB1:0.654506;LO4:0.629170;WA4:0.620392,gHO_sBM_cAll_d20_mHO5_ch10:0.663334;gHO_sBM_cAll_d21_mHO5_ch10:0.660551;gHO_sBM_cAll_d20_mHO5_ch06:0.660444;gHO_sBM_cAll_d21_mHO5_ch09:0.659370;gHO_sBM_cAll_d21_mHO5_ch03:0.653233;gHO_sBM_cAll_d21_mHO5_ch05:0.645431;gHO_sBM_cAll_d20_mHO5_ch05:0.642233;gHO_sBM_cAll_d21_mHO5_ch02:0.642012;gHO_sBM_cAll_d20_mHO5_ch04:0.641373;gHO_sBM_cAll_d21_mHO5_ch04:0.639315,Electronic---Techno:0.267445;Electronic---Electro:0.205428;Electronic---Deep Techno:0.114513;Electronic---Deep House:0.108966;Electronic---Synthwave:0.103740,PO:v1:k0:r1,,JB3,0.679348,gHO_sBM_cAll_d20_mHO5_ch10,0.663334,120.967742
21.176000,21.203547300,,hermite,terminal_hold,Bridge preparation did not finish before the terminal state,,,,0,0.0,1,gPO_sBM_cAll_d12_mPO3_ch02,,,20.440000,gHO_sBM_cAll_d20_mHO5_ch10;gHO_sBM_cAll_d21_mHO5_ch10;gHO_sBM_cAll_d20_mHO5_ch06;gHO_sBM_cAll_d21_mHO5_ch09;gHO_sBM_cAll_d21_mHO5_ch03,18.496649,113,,,,1.000000000,0.216061185,0.000000,motion_end,0.216061185,0.077234,0.128347,0.034431,0.000000,0.087300,0.000000,4.270833,0.350000,beat-sync,0.813767,1.092070,,0.472889510,0.234246373,right_wrist_yaw,0.000000000,right_wrist_pitch,0.234246373,right_wrist_yaw,0.000000000,right_wrist_pitch,-0.479851,0.464869,0.856513,1.913154,0.000000000,0.000000000,0.000000000,0.000848661,0.000711361,0.006492620,20.824000,0.000000000,0.000000000,,0.000000,0.000000,0.000000,,0.009411507,0,1,0,10,gPO_sBM_cAll_d10_mPO0_ch01;gPO_sBM_cAll_d11_mPO0_ch01;gPO_sBM_cAll_d11_mPO0_ch02;gPO_sBM_cAll_d10_mPO0_ch02;gPO_sBM_cAll_d12_mPO3_ch02;gHO_sBM_cAll_d20_mHO5_ch10;gHO_sBM_cAll_d21_mHO5_ch10;gHO_sBM_cAll_d20_mHO5_ch06;gHO_sBM_cAll_d21_mHO5_ch09;gHO_sBM_cAll_d21_mHO5_ch03,,45.737300,512.471300,52.990200,3525.844700,accepted,0.959602,,0.926549,0.257696772,30.450445,0.092452,HO,0.855799,0.007820,0.002783,JB3:0.679348;JB5:0.671528;JB1:0.654506;LO4:0.629170;WA4:0.620392,gHO_sBM_cAll_d20_mHO5_ch10:0.663334;gHO_sBM_cAll_d21_mHO5_ch10:0.660551;gHO_sBM_cAll_d20_mHO5_ch06:0.660444;gHO_sBM_cAll_d21_mHO5_ch09:0.659370;gHO_sBM_cAll_d21_mHO5_ch03:0.653233;gHO_sBM_cAll_d21_mHO5_ch05:0.645431;gHO_sBM_cAll_d20_mHO5_ch05:0.642233;gHO_sBM_cAll_d21_mHO5_ch02:0.642012;gHO_sBM_cAll_d20_mHO5_ch04:0.641373;gHO_sBM_cAll_d21_mHO5_ch04:0.639315,Electronic---Techno:0.267445;Electronic---Electro:0.205428;Electronic---Deep Techno:0.114513;Electronic---Deep House:0.108966;Electronic---Synthwave:0.103740,PO:v1:k0:r1,,JB3,0.679348,gHO_sBM_cAll_d20_mHO5_ch10,0.663334,120.967742
21.208000,21.247528700,,hermite,terminal_hold,Bridge preparation did not finish before the terminal state,,,,0,0.0,1,gPO_sBM_cAll_d12_mPO3_ch02,,,20.440000,gHO_sBM_cAll_d20_mHO5_ch10;gHO_sBM_cAll_d21_mHO5_ch10;gHO_sBM_cAll_d20_mHO5_ch06;gHO_sBM_cAll_d21_mHO5_ch09;gHO_sBM_cAll_d21_mHO5_ch03,18.496649,113,,,,1.000000000,0.216061185,0.000000,motion_end,0.216061185,0.077234,0.128347,0.034431,0.000000,0.087300,0.000000,4.270833,0.350000,beat-sync,0.813767,1.092070,,0.472889510,0.234246373,right_wrist_yaw,0.000000000,right_wrist_pitch,0.234246373,right_wrist_yaw,0.000000000,right_wrist_pitch,-0.479851,0.464869,0.856513,1.913154,0.000000000,0.000000000,0.000000000,0.000848661,0.000711361,0.006492620,20.824000,0.000000000,0.000000000,,0.000000,0.000000,0.000000,,0.009402966,0,1,0,10,gPO_sBM_cAll_d10_mPO0_ch01;gPO_sBM_cAll_d11_mPO0_ch01;gPO_sBM_cAll_d11_mPO0_ch02;gPO_sBM_cAll_d10_mPO0_ch02;gPO_sBM_cAll_d12_mPO3_ch02;gHO_sBM_cAll_d20_mHO5_ch10;gHO_sBM_cAll_d21_mHO5_ch10;gHO_sBM_cAll_d20_mHO5_ch06;gHO_sBM_cAll_d21_mHO5_ch09;gHO_sBM_cAll_d21_mHO5_ch03,,45.737300,512.471300,52.990200,3525.844700,accepted,0.959602,,0.926549,0.257696772,30.450445,0.092452,HO,0.855799,0.007820,0.002783,JB3:0.679348;JB5:0.671528;JB1:0.654506;LO4:0.629170;WA4:0.620392,gHO_sBM_cAll_d20_mHO5_ch10:0.663334;gHO_sBM_cAll_d21_mHO5_ch10:0.660551;gHO_sBM_cAll_d20_mHO5_ch06:0.660444;gHO_sBM_cAll_d21_mHO5_ch09:0.659370;gHO_sBM_cAll_d21_mHO5_ch03:0.653233;gHO_sBM_cAll_d21_mHO5_ch05:0.645431;gHO_sBM_cAll_d20_mHO5_ch05:0.642233;gHO_sBM_cAll_d21_mHO5_ch02:0.642012;gHO_sBM_cAll_d20_mHO5_ch04:0.641373;gHO_sBM_cAll_d21_mHO5_ch04:0.639315,Electronic---Techno:0.267445;Electronic---Electro:0.205428;Electronic---Deep Techno:0.114513;Electronic---Deep House:0.108966;Electronic---Synthwave:0.103740,PO:v1:k0:r1,,JB3,0.679348,gHO_sBM_cAll_d20_mHO5_ch10,0.663334,120.967742
21.272000,21.293734500,,hermite,terminal_hold,Bridge preparation did not finish before the terminal state,,,,0,0.0,1,gPO_sBM_cAll_d12_mPO3_ch02,,,20.440000,gHO_sBM_cAll_d20_mHO5_ch10;gHO_sBM_cAll_d21_mHO5_ch10;gHO_sBM_cAll_d20_mHO5_ch06;gHO_sBM_cAll_d21_mHO5_ch09;gHO_sBM_cAll_d21_mHO5_ch03,18.496649,113,,,,1.000000000,0.216061185,0.000000,motion_end,0.216061185,0.077234,0.128347,0.034431,0.000000,0.087300,0.000000,4.270833,0.350000,beat-sync,0.813767,1.142473,,-0.308260795,0.234246373,right_wrist_yaw,0.000000000,right_wrist_pitch,0.234246373,right_wrist_yaw,0.000000000,right_wrist_pitch,-0.479851,0.464869,0.856513,1.913154,0.000000000,0.000000000,0.000000000,0.000848661,0.000711361,0.006492620,21.272000,0.000000000,0.000000000,,0.000000,0.000000,0.000000,,0.009385932,0,1,0,10,gPO_sBM_cAll_d10_mPO0_ch01;gPO_sBM_cAll_d11_mPO0_ch01;gPO_sBM_cAll_d11_mPO0_ch02;gPO_sBM_cAll_d10_mPO0_ch02;gPO_sBM_cAll_d12_mPO3_ch02;gHO_sBM_cAll_d20_mHO5_ch10;gHO_sBM_cAll_d21_mHO5_ch10;gHO_sBM_cAll_d20_mHO5_ch06;gHO_sBM_cAll_d21_mHO5_ch09;gHO_sBM_cAll_d21_mHO5_ch03,,45.737300,512.471300,52.990200,3525.844700,accepted,0.959602,,0.926549,0.257696772,30.450445,0.092452,HO,0.855799,0.007820,0.002783,JB3:0.679348;JB5:0.671528;JB1:0.654506;LO4:0.629170;WA4:0.620392,gHO_sBM_cAll_d20_mHO5_ch10:0.663334;gHO_sBM_cAll_d21_mHO5_ch10:0.660551;gHO_sBM_cAll_d20_mHO5_ch06:0.660444;gHO_sBM_cAll_d21_mHO5_ch09:0.659370;gHO_sBM_cAll_d21_mHO5_ch03:0.653233;gHO_sBM_cAll_d21_mHO5_ch05:0.645431;gHO_sBM_cAll_d20_mHO5_ch05:0.642233;gHO_sBM_cAll_d21_mHO5_ch02:0.642012;gHO_sBM_cAll_d20_mHO5_ch04:0.641373;gHO_sBM_cAll_d21_mHO5_ch04:0.639315,Electronic---Techno:0.267445;Electronic---Electro:0.205428;Electronic---Deep Techno:0.114513;Electronic---Deep House:0.108966;Electronic---Synthwave:0.103740,PO:v1:k0:r1,,JB3,0.679348,gHO_sBM_cAll_d20_mHO5_ch10,0.663334,120.967742
21.304000,21.358933100,,hermite,terminal_hold,Bridge preparation did not finish before the terminal state,,,,0,0.0,1,gPO_sBM_cAll_d12_mPO3_ch02,,,20.440000,gHO_sBM_cAll_d20_mHO5_ch10;gHO_sBM_cAll_d21_mHO5_ch10;gHO_sBM_cAll_d20_mHO5_ch06;gHO_sBM_cAll_d21_mHO5_ch09;gHO_sBM_cAll_d21_mHO5_ch03,18.496649,113,,,,1.000000000,0.216061185,0.000000,motion_end,0.216061185,0.077234,0.128347,0.034431,0.000000,0.087300,0.000000,4.270833,0.350000,beat-sync,0.813767,1.142473,,-0.308260795,0.234246373,right_wrist_yaw,0.000000000,right_wrist_pitch,0.234246373,right_wrist_yaw,0.000000000,right_wrist_pitch,-0.479851,0.464869,0.856513,1.913154,0.000000000,0.000000000,0.000000000,0.000848661,0.000711361,0.006492620,21.272000,0.000000000,0.000000000,,0.000000,0.000000,0.000000,,0.009373197,0,1,0,10,gPO_sBM_cAll_d10_mPO0_ch01;gPO_sBM_cAll_d11_mPO0_ch01;gPO_sBM_cAll_d11_mPO0_ch02;gPO_sBM_cAll_d10_mPO0_ch02;gPO_sBM_cAll_d12_mPO3_ch02;gHO_sBM_cAll_d20_mHO5_ch10;gHO_sBM_cAll_d21_mHO5_ch10;gHO_sBM_cAll_d20_mHO5_ch06;gHO_sBM_cAll_d21_mHO5_ch09;gHO_sBM_cAll_d21_mHO5_ch03,,45.737300,512.471300,52.990200,3525.844700,accepted,0.959602,,0.926549,0.257696772,30.450445,0.092452,HO,0.855799,0.007820,0.002783,JB3:0.679348;JB5:0.671528;JB1:0.654506;LO4:0.629170;WA4:0.620392,gHO_sBM_cAll_d20_mHO5_ch10:0.663334;gHO_sBM_cAll_d21_mHO5_ch10:0.660551;gHO_sBM_cAll_d20_mHO5_ch06:0.660444;gHO_sBM_cAll_d21_mHO5_ch09:0.659370;gHO_sBM_cAll_d21_mHO5_ch03:0.653233;gHO_sBM_cAll_d21_mHO5_ch05:0.645431;gHO_sBM_cAll_d20_mHO5_ch05:0.642233;gHO_sBM_cAll_d21_mHO5_ch02:0.642012;gHO_sBM_cAll_d20_mHO5_ch04:0.641373;gHO_sBM_cAll_d21_mHO5_ch04:0.639315,Electronic---Techno:0.267445;Electronic---Electro:0.205428;Electronic---Deep Techno:0.114513;Electronic---Deep House:0.108966;Electronic---Synthwave:0.103740,PO:v1:k0:r1,,JB3,0.679348,gHO_sBM_cAll_d20_mHO5_ch10,0.663334,120.967742
21.368000,21.418473200,,hermite,terminal_hold,Bridge preparation did not finish before the terminal state,,,,0,0.0,1,gPO_sBM_cAll_d12_mPO3_ch02,,,20.440000,gHO_sBM_cAll_d20_mHO5_ch10;gHO_sBM_cAll_d21_mHO5_ch10;gHO_sBM_cAll_d20_mHO5_ch06;gHO_sBM_cAll_d21_mHO5_ch09;gHO_sBM_cAll_d21_mHO5_ch03,18.496649,113,,,,1.000000000,0.216061185,0.000000,motion_end,0.216061185,0.077234,0.128347,0.034431,0.000000,0.087300,0.000000,4.270833,0.350000,beat-sync,0.813767,1.142473,,-0.308260795,0.234246373,right_wrist_yaw,0.000000000,right_wrist_pitch,0.234246373,right_wrist_yaw,0.000000000,right_wrist_pitch,-0.479851,0.464869,0.856513,1.913154,0.000000000,0.000000000,0.000000000,0.000848661,0.000711361,0.006492620,21.272000,0.000000000,0.000000000,,0.000000,0.000000,0.000000,,0.009360496,0,1,0,10,gPO_sBM_cAll_d10_mPO0_ch01;gPO_sBM_cAll_d11_mPO0_ch01;gPO_sBM_cAll_d11_mPO0_ch02;gPO_sBM_cAll_d10_mPO0_ch02;gPO_sBM_cAll_d12_mPO3_ch02;gHO_sBM_cAll_d20_mHO5_ch10;gHO_sBM_cAll_d21_mHO5_ch10;gHO_sBM_cAll_d20_mHO5_ch06;gHO_sBM_cAll_d21_mHO5_ch09;gHO_sBM_cAll_d21_mHO5_ch03,,45.737300,512.471300,52.990200,3525.844700,accepted,0.959602,,0.926549,0.257696772,30.450445,0.092452,HO,0.855799,0.007820,0.002783,JB3:0.679348;JB5:0.671528;JB1:0.654506;LO4:0.629170;WA4:0.620392,gHO_sBM_cAll_d20_mHO5_ch10:0.663334;gHO_sBM_cAll_d21_mHO5_ch10:0.660551;gHO_sBM_cAll_d20_mHO5_ch06:0.660444;gHO_sBM_cAll_d21_mHO5_ch09:0.659370;gHO_sBM_cAll_d21_mHO5_ch03:0.653233;gHO_sBM_cAll_d21_mHO5_ch05:0.645431;gHO_sBM_cAll_d20_mHO5_ch05:0.642233;gHO_sBM_cAll_d21_mHO5_ch02:0.642012;gHO_sBM_cAll_d20_mHO5_ch04:0.641373;gHO_sBM_cAll_d21_mHO5_ch04:0.639315,Electronic---Techno:0.267445;Electronic---Electro:0.205428;Electronic---Deep Techno:0.114513;Electronic---Deep House:0.108966;Electronic---Synthwave:0.103740,PO:v1:k0:r1,,JB3,0.679348,gHO_sBM_cAll_d20_mHO5_ch10,0.663334,120.967742
21.400000,21.444656600,,hermite,terminal_hold,Bridge preparation did not finish before the terminal state,,,,0,0.0,1,gPO_sBM_cAll_d12_mPO3_ch02,,,20.440000,gHO_sBM_cAll_d20_mHO5_ch10;gHO_sBM_cAll_d21_mHO5_ch10;gHO_sBM_cAll_d20_mHO5_ch06;gHO_sBM_cAll_d21_mHO5_ch09;gHO_sBM_cAll_d21_mHO5_ch03,18.496649,113,,,,1.000000000,0.216061185,0.000000,motion_end,0.216061185,0.077234,0.128347,0.034431,0.000000,0.087300,0.000000,4.270833,0.350000,beat-sync,0.813767,1.142473,,-0.308260795,0.234246373,right_wrist_yaw,0.000000000,right_wrist_pitch,0.234246373,right_wrist_yaw,0.000000000,right_wrist_pitch,-0.479851,0.464869,0.856513,1.913154,0.000000000,0.000000000,0.000000000,0.000848661,0.000711361,0.006492620,21.272000,0.000000000,0.000000000,,0.000000,0.000000,0.000000,,0.009356270,0,1,0,10,gPO_sBM_cAll_d10_mPO0_ch01;gPO_sBM_cAll_d11_mPO0_ch01;gPO_sBM_cAll_d11_mPO0_ch02;gPO_sBM_cAll_d10_mPO0_ch02;gPO_sBM_cAll_d12_mPO3_ch02;gHO_sBM_cAll_d20_mHO5_ch10;gHO_sBM_cAll_d21_mHO5_ch10;gHO_sBM_cAll_d20_mHO5_ch06;gHO_sBM_cAll_d21_mHO5_ch09;gHO_sBM_cAll_d21_mHO5_ch03,,45.737300,512.471300,52.990200,3525.844700,accepted,0.959602,,0.926549,0.257696772,30.450445,0.092452,HO,0.855799,0.007820,0.002783,JB3:0.679348;JB5:0.671528;JB1:0.654506;LO4:0.629170;WA4:0.620392,gHO_sBM_cAll_d20_mHO5_ch10:0.663334;gHO_sBM_cAll_d21_mHO5_ch10:0.660551;gHO_sBM_cAll_d20_mHO5_ch06:0.660444;gHO_sBM_cAll_d21_mHO5_ch09:0.659370;gHO_sBM_cAll_d21_mHO5_ch03:0.653233;gHO_sBM_cAll_d21_mHO5_ch05:0.645431;gHO_sBM_cAll_d20_mHO5_ch05:0.642233;gHO_sBM_cAll_d21_mHO5_ch02:0.642012;gHO_sBM_cAll_d20_mHO5_ch04:0.641373;gHO_sBM_cAll_d21_mHO5_ch04:0.639315,Electronic---Techno:0.267445;Electronic---Electro:0.205428;Electronic---Deep Techno:0.114513;Electronic---Deep House:0.108966;Electronic---Synthwave:0.103740,PO:v1:k0:r1,,JB3,0.679348,gHO_sBM_cAll_d20_mHO5_ch10,0.663334,120.967742
21.432000,21.460654700,beat_limiter_result,hermite,terminal_hold,Bridge preparation did not finish before the terminal state,,,,0,0.0,1,gPO_sBM_cAll_d12_mPO3_ch02,,,20.440000,gHO_sBM_cAll_d20_mHO5_ch10;gHO_sBM_cAll_d21_mHO5_ch10;gHO_sBM_cAll_d20_mHO5_ch06;gHO_sBM_cAll_d21_mHO5_ch09;gHO_sBM_cAll_d21_mHO5_ch03,18.496649,113,,,,1.000000000,0.216061185,0.000000,motion_end,0.216061185,0.077234,0.128347,0.034431,0.000000,0.087300,0.000000,4.270833,0.350000,beat-sync,0.813767,1.142473,,-0.308260795,0.234246373,right_wrist_yaw,0.000000000,right_wrist_pitch,0.234246373,right_wrist_yaw,0.000000000,right_wrist_pitch,-0.479851,0.464869,0.856513,1.913154,0.000000000,0.000000000,0.000000000,0.000848661,0.000711361,0.006492620,21.272000,0.000000000,0.000000000,,0.000000,0.000000,0.000000,,0.009352048,0,1,0,10,gPO_sBM_cAll_d10_mPO0_ch01;gPO_sBM_cAll_d11_mPO0_ch01;gPO_sBM_cAll_d11_mPO0_ch02;gPO_sBM_cAll_d10_mPO0_ch02;gPO_sBM_cAll_d12_mPO3_ch02;gHO_sBM_cAll_d20_mHO5_ch10;gHO_sBM_cAll_d21_mHO5_ch10;gHO_sBM_cAll_d20_mHO5_ch06;gHO_sBM_cAll_d21_mHO5_ch09;gHO_sBM_cAll_d21_mHO5_ch03,,45.737300,512.471300,52.990200,3525.844700,accepted,0.959602,,0.926549,0.257696772,30.450445,0.092452,HO,0.855799,0.007820,0.002783,JB3:0.679348;JB5:0.671528;JB1:0.654506;LO4:0.629170;WA4:0.620392,gHO_sBM_cAll_d20_mHO5_ch10:0.663334;gHO_sBM_cAll_d21_mHO5_ch10:0.660551;gHO_sBM_cAll_d20_mHO5_ch06:0.660444;gHO_sBM_cAll_d21_mHO5_ch09:0.659370;gHO_sBM_cAll_d21_mHO5_ch03:0.653233;gHO_sBM_cAll_d21_mHO5_ch05:0.645431;gHO_sBM_cAll_d20_mHO5_ch05:0.642233;gHO_sBM_cAll_d21_mHO5_ch02:0.642012;gHO_sBM_cAll_d20_mHO5_ch04:0.641373;gHO_sBM_cAll_d21_mHO5_ch04:0.639315,Electronic---Techno:0.267445;Electronic---Electro:0.205428;Electronic---Deep Techno:0.114513;Electronic---Deep House:0.108966;Electronic---Synthwave:0.103740,PO:v1:k0:r1,,JB3,0.679348,gHO_sBM_cAll_d20_mHO5_ch10,0.663334,120.967742
21.464000,21.501046200,,hermite,terminal_hold,Bridge preparation did not finish before the terminal state,,,,0,0.0,1,gPO_sBM_cAll_d12_mPO3_ch02,,,20.440000,gHO_sBM_cAll_d20_mHO5_ch10;gHO_sBM_cAll_d21_mHO5_ch10;gHO_sBM_cAll_d20_mHO5_ch06;gHO_sBM_cAll_d21_mHO5_ch09;gHO_sBM_cAll_d21_mHO5_ch03,18.496649,113,,,,1.000000000,0.216061185,0.000000,motion_end,0.216061185,0.077234,0.128347,0.034431,0.000000,0.087300,0.000000,4.270833,0.350000,beat-sync,0.813767,1.142473,,-0.308260795,0.234246373,right_wrist_yaw,0.000000000,right_wrist_pitch,0.234246373,right_wrist_yaw,0.000000000,right_wrist_pitch,-0.479851,0.464869,0.856513,1.913154,0.000000000,0.000000000,0.000000000,0.000848661,0.000711361,0.006492620,21.272000,0.000000000,0.000000000,,0.000000,0.000000,0.000000,,0.009339404,0,1,0,10,gPO_sBM_cAll_d10_mPO0_ch01;gPO_sBM_cAll_d11_mPO0_ch01;gPO_sBM_cAll_d11_mPO0_ch02;gPO_sBM_cAll_d10_mPO0_ch02;gPO_sBM_cAll_d12_mPO3_ch02;gHO_sBM_cAll_d20_mHO5_ch10;gHO_sBM_cAll_d21_mHO5_ch10;gHO_sBM_cAll_d20_mHO5_ch06;gHO_sBM_cAll_d21_mHO5_ch09;gHO_sBM_cAll_d21_mHO5_ch03,,45.737300,512.471300,52.990200,3525.844700,accepted,0.959602,,0.926549,0.257696772,30.450445,0.092452,HO,0.855799,0.007820,0.002783,JB3:0.679348;JB5:0.671528;JB1:0.654506;LO4:0.629170;WA4:0.620392,gHO_sBM_cAll_d20_mHO5_ch10:0.663334;gHO_sBM_cAll_d21_mHO5_ch10:0.660551;gHO_sBM_cAll_d20_mHO5_ch06:0.660444;gHO_sBM_cAll_d21_mHO5_ch09:0.659370;gHO_sBM_cAll_d21_mHO5_ch03:0.653233;gHO_sBM_cAll_d21_mHO5_ch05:0.645431;gHO_sBM_cAll_d20_mHO5_ch05:0.642233;gHO_sBM_cAll_d21_mHO5_ch02:0.642012;gHO_sBM_cAll_d20_mHO5_ch04:0.641373;gHO_sBM_cAll_d21_mHO5_ch04:0.639315,Electronic---Techno:0.267445;Electronic---Electro:0.205428;Electronic---Deep Techno:0.114513;Electronic---Deep House:0.108966;Electronic---Synthwave:0.103740,PO:v1:k0:r1,,JB3,0.679348,gHO_sBM_cAll_d20_mHO5_ch10,0.663334,120.967742
21.528000,21.561771600,,hermite,terminal_hold,Bridge preparation did not finish before the terminal state,,,,0,0.0,1,gPO_sBM_cAll_d12_mPO3_ch02,,,20.440000,gHO_sBM_cAll_d20_mHO5_ch10;gHO_sBM_cAll_d21_mHO5_ch10;gHO_sBM_cAll_d20_mHO5_ch06;gHO_sBM_cAll_d21_mHO5_ch09;gHO_sBM_cAll_d21_mHO5_ch03,18.496649,113,,,,1.000000000,0.216061185,0.000000,motion_end,0.216061185,0.077234,0.128347,0.034431,0.000000,0.087300,0.000000,4.270833,0.350000,beat-sync,0.813767,1.142473,,-0.308260795,0.234246373,right_wrist_yaw,0.000000000,right_wrist_pitch,0.234246373,right_wrist_yaw,0.000000000,right_wrist_pitch,-0.479851,0.464869,0.856513,1.913154,0.000000000,0.000000000,0.000000000,0.000848661,0.000711361,0.006492620,21.272000,0.000000000,0.000000000,,0.000000,0.000000,0.000000,,0.009326795,0,1,0,10,gPO_sBM_cAll_d10_mPO0_ch01;gPO_sBM_cAll_d11_mPO0_ch01;gPO_sBM_cAll_d11_mPO0_ch02;gPO_sBM_cAll_d10_mPO0_ch02;gPO_sBM_cAll_d12_mPO3_ch02;gHO_sBM_cAll_d20_mHO5_ch10;gHO_sBM_cAll_d21_mHO5_ch10;gHO_sBM_cAll_d20_mHO5_ch06;gHO_sBM_cAll_d21_mHO5_ch09;gHO_sBM_cAll_d21_mHO5_ch03,,45.737300,512.471300,52.990200,3525.844700,accepted,0.959602,,0.926549,0.257696772,30.450445,0.092452,HO,0.855799,0.007820,0.002783,JB3:0.679348;JB5:0.671528;JB1:0.654506;LO4:0.629170;WA4:0.620392,gHO_sBM_cAll_d20_mHO5_ch10:0.663334;gHO_sBM_cAll_d21_mHO5_ch10:0.660551;gHO_sBM_cAll_d20_mHO5_ch06:0.660444;gHO_sBM_cAll_d21_mHO5_ch09:0.659370;gHO_sBM_cAll_d21_mHO5_ch03:0.653233;gHO_sBM_cAll_d21_mHO5_ch05:0.645431;gHO_sBM_cAll_d20_mHO5_ch05:0.642233;gHO_sBM_cAll_d21_mHO5_ch02:0.642012;gHO_sBM_cAll_d20_mHO5_ch04:0.641373;gHO_sBM_cAll_d21_mHO5_ch04:0.639315,Electronic---Techno:0.267445;Electronic---Electro:0.205428;Electronic---Deep Techno:0.114513;Electronic---Deep House:0.108966;Electronic---Synthwave:0.103740,PO:v1:k0:r1,,JB3,0.679348,gHO_sBM_cAll_d20_mHO5_ch10,0.663334,120.967742
21.560000,21.598509000,,hermite,terminal_hold,Bridge preparation did not finish before the terminal state,,,,0,0.0,1,gPO_sBM_cAll_d12_mPO3_ch02,,,20.440000,gHO_sBM_cAll_d20_mHO5_ch10;gHO_sBM_cAll_d21_mHO5_ch10;gHO_sBM_cAll_d20_mHO5_ch06;gHO_sBM_cAll_d21_mHO5_ch09;gHO_sBM_cAll_d21_mHO5_ch03,18.496649,113,,,,1.000000000,0.216061185,0.000000,motion_end,0.216061185,0.077234,0.128347,0.034431,0.000000,0.087300,0.000000,4.270833,0.350000,beat-sync,0.813767,1.142473,,-0.308260795,0.234246373,right_wrist_yaw,0.000000000,right_wrist_pitch,0.234246373,right_wrist_yaw,0.000000000,right_wrist_pitch,-0.479851,0.464869,0.856513,1.913154,0.000000000,0.000000000,0.000000000,0.000848661,0.000711361,0.006492620,21.272000,0.000000000,0.000000000,,0.000000,0.000000,0.000000,,0.009318407,0,1,0,10,gPO_sBM_cAll_d10_mPO0_ch01;gPO_sBM_cAll_d11_mPO0_ch01;gPO_sBM_cAll_d11_mPO0_ch02;gPO_sBM_cAll_d10_mPO0_ch02;gPO_sBM_cAll_d12_mPO3_ch02;gHO_sBM_cAll_d20_mHO5_ch10;gHO_sBM_cAll_d21_mHO5_ch10;gHO_sBM_cAll_d20_mHO5_ch06;gHO_sBM_cAll_d21_mHO5_ch09;gHO_sBM_cAll_d21_mHO5_ch03,,45.737300,512.471300,52.990200,3525.844700,accepted,0.959602,,0.926549,0.257696772,30.450445,0.092452,HO,0.855799,0.007820,0.002783,JB3:0.679348;JB5:0.671528;JB1:0.654506;LO4:0.629170;WA4:0.620392,gHO_sBM_cAll_d20_mHO5_ch10:0.663334;gHO_sBM_cAll_d21_mHO5_ch10:0.660551;gHO_sBM_cAll_d20_mHO5_ch06:0.660444;gHO_sBM_cAll_d21_mHO5_ch09:0.659370;gHO_sBM_cAll_d21_mHO5_ch03:0.653233;gHO_sBM_cAll_d21_mHO5_ch05:0.645431;gHO_sBM_cAll_d20_mHO5_ch05:0.642233;gHO_sBM_cAll_d21_mHO5_ch02:0.642012;gHO_sBM_cAll_d20_mHO5_ch04:0.641373;gHO_sBM_cAll_d21_mHO5_ch04:0.639315,Electronic---Techno:0.267445;Electronic---Electro:0.205428;Electronic---Deep Techno:0.114513;Electronic---Deep House:0.108966;Electronic---Synthwave:0.103740,PO:v1:k0:r1,,JB3,0.679348,gHO_sBM_cAll_d20_mHO5_ch10,0.663334,120.967742
21.624000,21.654393700,,hermite,terminal_hold,Bridge preparation did not finish before the terminal state,,,,0,0.0,1,gPO_sBM_cAll_d12_mPO3_ch02,,,20.440000,gHO_sBM_cAll_d20_mHO5_ch10;gHO_sBM_cAll_d21_mHO5_ch10;gHO_sBM_cAll_d20_mHO5_ch06;gHO_sBM_cAll_d21_mHO5_ch09;gHO_sBM_cAll_d21_mHO5_ch03,18.496649,113,,,,1.000000000,0.216061185,0.000000,motion_end,0.216061185,0.077234,0.128347,0.034431,0.000000,0.087300,0.000000,4.270833,0.350000,beat-sync,0.813767,1.142473,,-0.308260795,0.234246373,right_wrist_yaw,0.000000000,right_wrist_pitch,0.234246373,right_wrist_yaw,0.000000000,right_wrist_pitch,-0.479851,0.464869,0.856513,1.913154,0.000000000,0.000000000,0.000000000,0.000848661,0.000711361,0.006492620,21.272000,0.000000000,0.000000000,,0.000000,0.000000,0.000000,,0.009305854,0,1,0,10,gPO_sBM_cAll_d10_mPO0_ch01;gPO_sBM_cAll_d11_mPO0_ch01;gPO_sBM_cAll_d11_mPO0_ch02;gPO_sBM_cAll_d10_mPO0_ch02;gPO_sBM_cAll_d12_mPO3_ch02;gHO_sBM_cAll_d20_mHO5_ch10;gHO_sBM_cAll_d21_mHO5_ch10;gHO_sBM_cAll_d20_mHO5_ch06;gHO_sBM_cAll_d21_mHO5_ch09;gHO_sBM_cAll_d21_mHO5_ch03,,45.737300,512.471300,52.990200,3525.844700,accepted,0.959602,,0.926549,0.257696772,30.450445,0.092452,HO,0.855799,0.007820,0.002783,JB3:0.679348;JB5:0.671528;JB1:0.654506;LO4:0.629170;WA4:0.620392,gHO_sBM_cAll_d20_mHO5_ch10:0.663334;gHO_sBM_cAll_d21_mHO5_ch10:0.660551;gHO_sBM_cAll_d20_mHO5_ch06:0.660444;gHO_sBM_cAll_d21_mHO5_ch09:0.659370;gHO_sBM_cAll_d21_mHO5_ch03:0.653233;gHO_sBM_cAll_d21_mHO5_ch05:0.645431;gHO_sBM_cAll_d20_mHO5_ch05:0.642233;gHO_sBM_cAll_d21_mHO5_ch02:0.642012;gHO_sBM_cAll_d20_mHO5_ch04:0.641373;gHO_sBM_cAll_d21_mHO5_ch04:0.639315,Electronic---Techno:0.267445;Electronic---Electro:0.205428;Electronic---Deep Techno:0.114513;Electronic---Deep House:0.108966;Electronic---Synthwave:0.103740,PO:v1:k0:r1,,JB3,0.679348,gHO_sBM_cAll_d20_mHO5_ch10,0.663334,120.967742
21.656000,21.700826500,,hermite,terminal_hold,Bridge preparation did not finish before the terminal state,,,,0,0.0,1,gPO_sBM_cAll_d12_mPO3_ch02,,,20.440000,gHO_sBM_cAll_d20_mHO5_ch10;gHO_sBM_cAll_d21_mHO5_ch10;gHO_sBM_cAll_d20_mHO5_ch06;gHO_sBM_cAll_d21_mHO5_ch09;gHO_sBM_cAll_d21_mHO5_ch03,18.496649,113,,,,1.000000000,0.216061185,0.000000,motion_end,0.216061185,0.077234,0.128347,0.034431,0.000000,0.087300,0.000000,4.270833,0.350000,beat-sync,0.813767,1.142473,,-0.308260795,0.234246373,right_wrist_yaw,0.000000000,right_wrist_pitch,0.234246373,right_wrist_yaw,0.000000000,right_wrist_pitch,-0.479851,0.464869,0.856513,1.913154,0.000000000,0.000000000,0.000000000,0.000848661,0.000711361,0.006492620,21.272000,0.000000000,0.000000000,,0.000000,0.000000,0.000000,,0.009297505,0,1,0,10,gPO_sBM_cAll_d10_mPO0_ch01;gPO_sBM_cAll_d11_mPO0_ch01;gPO_sBM_cAll_d11_mPO0_ch02;gPO_sBM_cAll_d10_mPO0_ch02;gPO_sBM_cAll_d12_mPO3_ch02;gHO_sBM_cAll_d20_mHO5_ch10;gHO_sBM_cAll_d21_mHO5_ch10;gHO_sBM_cAll_d20_mHO5_ch06;gHO_sBM_cAll_d21_mHO5_ch09;gHO_sBM_cAll_d21_mHO5_ch03,,45.737300,512.471300,52.990200,3525.844700,accepted,0.959602,,0.926549,0.257696772,30.450445,0.092452,HO,0.855799,0.007820,0.002783,JB3:0.679348;JB5:0.671528;JB1:0.654506;LO4:0.629170;WA4:0.620392,gHO_sBM_cAll_d20_mHO5_ch10:0.663334;gHO_sBM_cAll_d21_mHO5_ch10:0.660551;gHO_sBM_cAll_d20_mHO5_ch06:0.660444;gHO_sBM_cAll_d21_mHO5_ch09:0.659370;gHO_sBM_cAll_d21_mHO5_ch03:0.653233;gHO_sBM_cAll_d21_mHO5_ch05:0.645431;gHO_sBM_cAll_d20_mHO5_ch05:0.642233;gHO_sBM_cAll_d21_mHO5_ch02:0.642012;gHO_sBM_cAll_d20_mHO5_ch04:0.641373;gHO_sBM_cAll_d21_mHO5_ch04:0.639315,Electronic---Techno:0.267445;Electronic---Electro:0.205428;Electronic---Deep Techno:0.114513;Electronic---Deep House:0.108966;Electronic---Synthwave:0.103740,PO:v1:k0:r1,,JB3,0.679348,gHO_sBM_cAll_d20_mHO5_ch10,0.663334,120.967742
21.720000,21.755161900,,hermite,terminal_hold,Bridge preparation did not finish before the terminal state,,,,0,0.0,1,gPO_sBM_cAll_d12_mPO3_ch02,,,20.440000,gHO_sBM_cAll_d20_mHO5_ch10;gHO_sBM_cAll_d21_mHO5_ch10;gHO_sBM_cAll_d20_mHO5_ch06;gHO_sBM_cAll_d21_mHO5_ch09;gHO_sBM_cAll_d21_mHO5_ch03,18.496649,113,,,,1.000000000,0.216061185,0.000000,motion_end,0.216061185,0.077234,0.128347,0.034431,0.000000,0.087300,0.000000,4.270833,0.350000,beat-sync,0.813767,1.142473,,-0.308260795,0.234246373,right_wrist_yaw,0.000000000,right_wrist_pitch,0.234246373,right_wrist_yaw,0.000000000,right_wrist_pitch,-0.479851,0.464869,0.856513,1.913154,0.000000000,0.000000000,0.000000000,0.000848661,0.000711361,0.006492620,21.272000,0.000000000,0.000000000,,0.000000,0.000000,0.000000,,0.009289170,0,1,0,10,gPO_sBM_cAll_d10_mPO0_ch01;gPO_sBM_cAll_d11_mPO0_ch01;gPO_sBM_cAll_d11_mPO0_ch02;gPO_sBM_cAll_d10_mPO0_ch02;gPO_sBM_cAll_d12_mPO3_ch02;gHO_sBM_cAll_d20_mHO5_ch10;gHO_sBM_cAll_d21_mHO5_ch10;gHO_sBM_cAll_d20_mHO5_ch06;gHO_sBM_cAll_d21_mHO5_ch09;gHO_sBM_cAll_d21_mHO5_ch03,,45.737300,512.471300,52.990200,3525.844700,accepted,0.959602,,0.926549,0.257696772,30.450445,0.092452,HO,0.855799,0.007820,0.002783,JB3:0.679348;JB5:0.671528;JB1:0.654506;LO4:0.629170;WA4:0.620392,gHO_sBM_cAll_d20_mHO5_ch10:0.663334;gHO_sBM_cAll_d21_mHO5_ch10:0.660551;gHO_sBM_cAll_d20_mHO5_ch06:0.660444;gHO_sBM_cAll_d21_mHO5_ch09:0.659370;gHO_sBM_cAll_d21_mHO5_ch03:0.653233;gHO_sBM_cAll_d21_mHO5_ch05:0.645431;gHO_sBM_cAll_d20_mHO5_ch05:0.642233;gHO_sBM_cAll_d21_mHO5_ch02:0.642012;gHO_sBM_cAll_d20_mHO5_ch04:0.641373;gHO_sBM_cAll_d21_mHO5_ch04:0.639315,Electronic---Techno:0.267445;Electronic---Electro:0.205428;Electronic---Deep Techno:0.114513;Electronic---Deep House:0.108966;Electronic---Synthwave:0.103740,PO:v1:k0:r1,,JB3,0.679348,gHO_sBM_cAll_d20_mHO5_ch10,0.663334,120.967742
21.752000,21.805299700,,hermite,terminal_hold,Bridge preparation did not finish before the terminal state,,,,0,0.0,1,gPO_sBM_cAll_d12_mPO3_ch02,,,20.440000,gHO_sBM_cAll_d20_mHO5_ch10;gHO_sBM_cAll_d21_mHO5_ch10;gHO_sBM_cAll_d20_mHO5_ch06;gHO_sBM_cAll_d21_mHO5_ch09;gHO_sBM_cAll_d21_mHO5_ch03,18.496649,113,,,,1.000000000,0.216061185,0.000000,motion_end,0.216061185,0.077234,0.128347,0.034431,0.000000,0.087300,0.000000,4.270833,0.350000,beat-sync,0.813767,1.142473,,-0.308260795,0.234246373,right_wrist_yaw,0.000000000,right_wrist_pitch,0.234246373,right_wrist_yaw,0.000000000,right_wrist_pitch,-0.479851,0.464869,0.856513,1.913154,0.000000000,0.000000000,0.000000000,0.000848661,0.000711361,0.006492620,21.272000,0.000000000,0.000000000,,0.000000,0.000000,0.000000,,0.009280850,0,1,0,10,gPO_sBM_cAll_d10_mPO0_ch01;gPO_sBM_cAll_d11_mPO0_ch01;gPO_sBM_cAll_d11_mPO0_ch02;gPO_sBM_cAll_d10_mPO0_ch02;gPO_sBM_cAll_d12_mPO3_ch02;gHO_sBM_cAll_d20_mHO5_ch10;gHO_sBM_cAll_d21_mHO5_ch10;gHO_sBM_cAll_d20_mHO5_ch06;gHO_sBM_cAll_d21_mHO5_ch09;gHO_sBM_cAll_d21_mHO5_ch03,,45.737300,512.471300,52.990200,3525.844700,accepted,0.959602,,0.926549,0.257696772,30.450445,0.092452,HO,0.855799,0.007820,0.002783,JB3:0.679348;JB5:0.671528;JB1:0.654506;LO4:0.629170;WA4:0.620392,gHO_sBM_cAll_d20_mHO5_ch10:0.663334;gHO_sBM_cAll_d21_mHO5_ch10:0.660551;gHO_sBM_cAll_d20_mHO5_ch06:0.660444;gHO_sBM_cAll_d21_mHO5_ch09:0.659370;gHO_sBM_cAll_d21_mHO5_ch03:0.653233;gHO_sBM_cAll_d21_mHO5_ch05:0.645431;gHO_sBM_cAll_d20_mHO5_ch05:0.642233;gHO_sBM_cAll_d21_mHO5_ch02:0.642012;gHO_sBM_cAll_d20_mHO5_ch04:0.641373;gHO_sBM_cAll_d21_mHO5_ch04:0.639315,Electronic---Techno:0.267445;Electronic---Electro:0.205428;Electronic---Deep Techno:0.114513;Electronic---Deep House:0.108966;Electronic---Synthwave:0.103740,PO:v1:k0:r1,,JB3,0.679348,gHO_sBM_cAll_d20_mHO5_ch10,0.663334,120.967742
21.816000,21.864769800,,hermite,terminal_hold,Bridge preparation did not finish before the terminal state,,,,0,0.0,1,gPO_sBM_cAll_d12_mPO3_ch02,,,20.440000,gHO_sBM_cAll_d20_mHO5_ch10;gHO_sBM_cAll_d21_mHO5_ch10;gHO_sBM_cAll_d20_mHO5_ch06;gHO_sBM_cAll_d21_mHO5_ch09;gHO_sBM_cAll_d21_mHO5_ch03,18.496649,113,,,,1.000000000,0.216061185,0.000000,motion_end,0.216061185,0.077234,0.128347,0.034431,0.000000,0.087300,0.000000,4.270833,0.350000,beat-sync,0.813767,0.946970,,-0.107994933,0.234246373,right_wrist_yaw,0.000000000,right_wrist_pitch,0.234246373,right_wrist_yaw,0.000000000,right_wrist_pitch,-0.479851,0.464869,0.856513,1.913154,0.000000000,0.000000000,0.000000000,0.000848661,0.000711361,0.006492620,21.816000,0.000000000,0.000000000,,0.000000,0.000000,0.000000,,0.009268398,0,1,0,10,gPO_sBM_cAll_d10_mPO0_ch01;gPO_sBM_cAll_d11_mPO0_ch01;gPO_sBM_cAll_d11_mPO0_ch02;gPO_sBM_cAll_d10_mPO0_ch02;gPO_sBM_cAll_d12_mPO3_ch02;gHO_sBM_cAll_d20_mHO5_ch10;gHO_sBM_cAll_d21_mHO5_ch10;gHO_sBM_cAll_d20_mHO5_ch06;gHO_sBM_cAll_d21_mHO5_ch09;gHO_sBM_cAll_d21_mHO5_ch03,,45.737300,512.471300,52.990200,3525.844700,accepted,0.959602,,0.926549,0.257696772,30.450445,0.092452,HO,0.855799,0.007820,0.002783,JB3:0.679348;JB5:0.671528;JB1:0.654506;LO4:0.629170;WA4:0.620392,gHO_sBM_cAll_d20_mHO5_ch10:0.663334;gHO_sBM_cAll_d21_mHO5_ch10:0.660551;gHO_sBM_cAll_d20_mHO5_ch06:0.660444;gHO_sBM_cAll_d21_mHO5_ch09:0.659370;gHO_sBM_cAll_d21_mHO5_ch03:0.653233;gHO_sBM_cAll_d21_mHO5_ch05:0.645431;gHO_sBM_cAll_d20_mHO5_ch05:0.642233;gHO_sBM_cAll_d21_mHO5_ch02:0.642012;gHO_sBM_cAll_d20_mHO5_ch04:0.641373;gHO_sBM_cAll_d21_mHO5_ch04:0.639315,Electronic---Techno:0.267445;Electronic---Electro:0.205428;Electronic---Deep Techno:0.114513;Electronic---Deep House:0.108966;Electronic---Synthwave:0.103740,PO:v1:k0:r1,,JB3,0.679348,gHO_sBM_cAll_d20_mHO5_ch10,0.663334,120.967742
21.912000,21.959808900,,hermite,terminal_hold,Bridge preparation did not finish before the terminal state,,,,0,0.0,1,gPO_sBM_cAll_d12_mPO3_ch02,,,20.440000,gHO_sBM_cAll_d20_mHO5_ch10;gHO_sBM_cAll_d21_mHO5_ch10;gHO_sBM_cAll_d20_mHO5_ch06;gHO_sBM_cAll_d21_mHO5_ch09;gHO_sBM_cAll_d21_mHO5_ch03,18.496649,113,,,,1.000000000,0.216061185,0.000000,motion_end,0.216061185,0.077234,0.128347,0.034431,0.000000,0.087300,0.000000,4.270833,0.350000,beat-sync,0.813767,0.946970,,-0.107994933,0.234246373,right_wrist_yaw,0.000000000,right_wrist_pitch,0.234246373,right_wrist_yaw,0.000000000,right_wrist_pitch,-0.479851,0.464869,0.856513,1.913154,0.000000000,0.000000000,0.000000000,0.000848661,0.000711361,0.006492620,21.816000,0.000000000,0.000000000,,0.000000,0.000000,0.000000,,0.009260115,0,1,0,10,gPO_sBM_cAll_d10_mPO0_ch01;gPO_sBM_cAll_d11_mPO0_ch01;gPO_sBM_cAll_d11_mPO0_ch02;gPO_sBM_cAll_d10_mPO0_ch02;gPO_sBM_cAll_d12_mPO3_ch02;gHO_sBM_cAll_d20_mHO5_ch10;gHO_sBM_cAll_d21_mHO5_ch10;gHO_sBM_cAll_d20_mHO5_ch06;gHO_sBM_cAll_d21_mHO5_ch09;gHO_sBM_cAll_d21_mHO5_ch03,,45.737300,512.471300,52.990200,3525.844700,accepted,0.959602,,0.926549,0.257696772,30.450445,0.092452,HO,0.855799,0.007820,0.002783,JB3:0.679348;JB5:0.671528;JB1:0.654506;LO4:0.629170;WA4:0.620392,gHO_sBM_cAll_d20_mHO5_ch10:0.663334;gHO_sBM_cAll_d21_mHO5_ch10:0.660551;gHO_sBM_cAll_d20_mHO5_ch06:0.660444;gHO_sBM_cAll_d21_mHO5_ch09:0.659370;gHO_sBM_cAll_d21_mHO5_ch03:0.653233;gHO_sBM_cAll_d21_mHO5_ch05:0.645431;gHO_sBM_cAll_d20_mHO5_ch05:0.642233;gHO_sBM_cAll_d21_mHO5_ch02:0.642012;gHO_sBM_cAll_d20_mHO5_ch04:0.641373;gHO_sBM_cAll_d21_mHO5_ch04:0.639315,Electronic---Techno:0.267445;Electronic---Electro:0.205428;Electronic---Deep Techno:0.114513;Electronic---Deep House:0.108966;Electronic---Synthwave:0.103740,PO:v1:k0:r1,,JB3,0.679348,gHO_sBM_cAll_d20_mHO5_ch10,0.663334,120.967742
21.976000,22.023176200,,hermite,terminal_hold,Bridge preparation did not finish before the terminal state,,,,0,0.0,1,gPO_sBM_cAll_d12_mPO3_ch02,,,20.440000,gHO_sBM_cAll_d20_mHO5_ch10;gHO_sBM_cAll_d21_mHO5_ch10;gHO_sBM_cAll_d20_mHO5_ch06;gHO_sBM_cAll_d21_mHO5_ch09;gHO_sBM_cAll_d21_mHO5_ch03,18.496649,113,,,,1.000000000,0.216061185,0.000000,motion_end,0.216061185,0.077234,0.128347,0.034431,0.000000,0.087300,0.000000,4.270833,0.350000,beat-sync,0.813767,0.946970,,-0.107994933,0.234246373,right_wrist_yaw,0.000000000,right_wrist_pitch,0.234246373,right_wrist_yaw,0.000000000,right_wrist_pitch,-0.479851,0.464869,0.856513,1.913154,0.000000000,0.000000000,0.000000000,0.000848661,0.000711361,0.006492620,21.816000,0.000000000,0.000000000,,0.000000,0.000000,0.000000,,0.009251847,0,1,0,10,gPO_sBM_cAll_d10_mPO0_ch01;gPO_sBM_cAll_d11_mPO0_ch01;gPO_sBM_cAll_d11_mPO0_ch02;gPO_sBM_cAll_d10_mPO0_ch02;gPO_sBM_cAll_d12_mPO3_ch02;gHO_sBM_cAll_d20_mHO5_ch10;gHO_sBM_cAll_d21_mHO5_ch10;gHO_sBM_cAll_d20_mHO5_ch06;gHO_sBM_cAll_d21_mHO5_ch09;gHO_sBM_cAll_d21_mHO5_ch03,,45.737300,512.471300,52.990200,3525.844700,accepted,0.959602,,0.926549,0.257696772,30.450445,0.092452,HO,0.855799,0.007820,0.002783,JB3:0.679348;JB5:0.671528;JB1:0.654506;LO4:0.629170;WA4:0.620392,gHO_sBM_cAll_d20_mHO5_ch10:0.663334;gHO_sBM_cAll_d21_mHO5_ch10:0.660551;gHO_sBM_cAll_d20_mHO5_ch06:0.660444;gHO_sBM_cAll_d21_mHO5_ch09:0.659370;gHO_sBM_cAll_d21_mHO5_ch03:0.653233;gHO_sBM_cAll_d21_mHO5_ch05:0.645431;gHO_sBM_cAll_d20_mHO5_ch05:0.642233;gHO_sBM_cAll_d21_mHO5_ch02:0.642012;gHO_sBM_cAll_d20_mHO5_ch04:0.641373;gHO_sBM_cAll_d21_mHO5_ch04:0.639315,Electronic---Techno:0.267445;Electronic---Electro:0.205428;Electronic---Deep Techno:0.114513;Electronic---Deep House:0.108966;Electronic---Synthwave:0.103740,PO:v1:k0:r1,,JB3,0.679348,gHO_sBM_cAll_d20_mHO5_ch10,0.663334,120.967742
22.008000,22.062519100,,hermite,terminal_hold,Bridge preparation did not finish before the terminal state,,,,0,0.0,1,gPO_sBM_cAll_d12_mPO3_ch02,,,20.440000,gHO_sBM_cAll_d20_mHO5_ch10;gHO_sBM_cAll_d21_mHO5_ch10;gHO_sBM_cAll_d20_mHO5_ch06;gHO_sBM_cAll_d21_mHO5_ch09;gHO_sBM_cAll_d21_mHO5_ch03,18.496649,113,,,,1.000000000,0.216061185,0.000000,motion_end,0.216061185,0.077234,0.128347,0.034431,0.000000,0.087300,0.000000,4.270833,0.350000,beat-sync,0.813767,0.946970,,-0.107994933,0.234246373,right_wrist_yaw,0.000000000,right_wrist_pitch,0.234246373,right_wrist_yaw,0.000000000,right_wrist_pitch,-0.479851,0.464869,0.856513,1.913154,0.000000000,0.000000000,0.000000000,0.000848661,0.000711361,0.006492620,21.816000,0.000000000,0.000000000,,0.000000,0.000000,0.000000,,0.009247719,0,1,0,10,gPO_sBM_cAll_d10_mPO0_ch01;gPO_sBM_cAll_d11_mPO0_ch01;gPO_sBM_cAll_d11_mPO0_ch02;gPO_sBM_cAll_d10_mPO0_ch02;gPO_sBM_cAll_d12_mPO3_ch02;gHO_sBM_cAll_d20_mHO5_ch10;gHO_sBM_cAll_d21_mHO5_ch10;gHO_sBM_cAll_d20_mHO5_ch06;gHO_sBM_cAll_d21_mHO5_ch09;gHO_sBM_cAll_d21_mHO5_ch03,,45.737300,512.471300,52.990200,3525.844700,accepted,0.959602,,0.926549,0.257696772,30.450445,0.092452,HO,0.855799,0.007820,0.002783,JB3:0.679348;JB5:0.671528;JB1:0.654506;LO4:0.629170;WA4:0.620392,gHO_sBM_cAll_d20_mHO5_ch10:0.663334;gHO_sBM_cAll_d21_mHO5_ch10:0.660551;gHO_sBM_cAll_d20_mHO5_ch06:0.660444;gHO_sBM_cAll_d21_mHO5_ch09:0.659370;gHO_sBM_cAll_d21_mHO5_ch03:0.653233;gHO_sBM_cAll_d21_mHO5_ch05:0.645431;gHO_sBM_cAll_d20_mHO5_ch05:0.642233;gHO_sBM_cAll_d21_mHO5_ch02:0.642012;gHO_sBM_cAll_d20_mHO5_ch04:0.641373;gHO_sBM_cAll_d21_mHO5_ch04:0.639315,Electronic---Techno:0.267445;Electronic---Electro:0.205428;Electronic---Deep Techno:0.114513;Electronic---Deep House:0.108966;Electronic---Synthwave:0.103740,PO:v1:k0:r1,,JB3,0.679348,gHO_sBM_cAll_d20_mHO5_ch10,0.663334,120.967742
22.040000,22.081398700,match,hermite,terminal_hold,Bridge preparation did not finish before the terminal state,,,,0,0.0,1,gPO_sBM_cAll_d12_mPO3_ch02,,,21.464000,gHO_sBM_cAll_d20_mHO5_ch10;gHO_sBM_cAll_d21_mHO5_ch10;gHO_sBM_cAll_d20_mHO5_ch06;gHO_sBM_cAll_d21_mHO5_ch09;gHO_sBM_cAll_d21_mHO5_ch03,18.496649,113,,,,1.000000000,0.216061185,0.000000,motion_end,0.216061185,0.077234,0.128347,0.034431,0.000000,0.087300,0.000000,4.270833,0.350000,beat-sync,0.813767,0.946970,,-0.107994933,0.234246373,right_wrist_yaw,0.000000000,right_wrist_pitch,0.234246373,right_wrist_yaw,0.000000000,right_wrist_pitch,-0.479851,0.464869,0.856513,1.913154,0.000000000,0.000000000,0.000000000,0.000848661,0.000711361,0.006492620,21.816000,0.000000000,0.000000000,,0.000000,0.000000,0.000000,,0.009243594,0,1,0,10,gPO_sBM_cAll_d10_mPO0_ch01;gPO_sBM_cAll_d11_mPO0_ch01;gPO_sBM_cAll_d11_mPO0_ch02;gPO_sBM_cAll_d10_mPO0_ch02;gPO_sBM_cAll_d12_mPO3_ch02;gHO_sBM_cAll_d20_mHO5_ch10;gHO_sBM_cAll_d21_mHO5_ch10;gHO_sBM_cAll_d20_mHO5_ch06;gHO_sBM_cAll_d21_mHO5_ch09;gHO_sBM_cAll_d21_mHO5_ch03,,45.737300,512.471300,52.990200,3525.844700,accepted,0.959906,,0.927102,0.258277422,30.191353,0.090629,HO,0.859024,0.007926,0.002764,JB3:0.677868;JB5:0.669942;JB1:0.652486;LO4:0.630921;WA4:0.621112,gHO_sBM_cAll_d20_mHO5_ch10:0.663405;gHO_sBM_cAll_d21_mHO5_ch10:0.660641;gHO_sBM_cAll_d20_mHO5_ch06:0.660523;gHO_sBM_cAll_d21_mHO5_ch09:0.659468;gHO_sBM_cAll_d21_mHO5_ch03:0.653367;gHO_sBM_cAll_d21_mHO5_ch05:0.645597;gHO_sBM_cAll_d20_mHO5_ch05:0.642366;gHO_sBM_cAll_d21_mHO5_ch02:0.642221;gHO_sBM_cAll_d20_mHO5_ch04:0.641543;gHO_sBM_cAll_d21_mHO5_ch04:0.639527,Electronic---Techno:0.264635;Electronic---Electro:0.206588;Electronic---Deep Techno:0.115323;Electronic---Deep House:0.110097;Electronic---Synthwave:0.102563,PO:v1:k0:r1,,JB3,0.677868,gHO_sBM_cAll_d20_mHO5_ch10,0.663405,120.967742
22.104000,22.131176700,beat_limiter_result,hermite,terminal_hold,Bridge preparation did not finish before the terminal state,,,,0,0.0,1,gPO_sBM_cAll_d12_mPO3_ch02,,,21.464000,gHO_sBM_cAll_d20_mHO5_ch10;gHO_sBM_cAll_d21_mHO5_ch10;gHO_sBM_cAll_d20_mHO5_ch06;gHO_sBM_cAll_d21_mHO5_ch09;gHO_sBM_cAll_d21_mHO5_ch03,18.496649,113,,,,1.000000000,0.216061185,0.000000,motion_end,0.216061185,0.077234,0.128347,0.034431,0.000000,0.087300,0.000000,4.270833,0.350000,beat-sync,0.813767,0.946970,,-0.107994933,0.234246373,right_wrist_yaw,0.000000000,right_wrist_pitch,0.234246373,right_wrist_yaw,0.000000000,right_wrist_pitch,-0.479851,0.464869,0.856513,1.913154,0.000000000,0.000000000,0.000000000,0.000848661,0.000711361,0.006492620,21.816000,0.000000000,0.000000000,,0.000000,0.000000,0.000000,,0.009235356,0,1,0,10,gPO_sBM_cAll_d10_mPO0_ch01;gPO_sBM_cAll_d11_mPO0_ch01;gPO_sBM_cAll_d11_mPO0_ch02;gPO_sBM_cAll_d10_mPO0_ch02;gPO_sBM_cAll_d12_mPO3_ch02;gHO_sBM_cAll_d20_mHO5_ch10;gHO_sBM_cAll_d21_mHO5_ch10;gHO_sBM_cAll_d20_mHO5_ch06;gHO_sBM_cAll_d21_mHO5_ch09;gHO_sBM_cAll_d21_mHO5_ch03,,45.737300,512.471300,52.990200,3525.844700,accepted,0.959906,,0.927102,0.258277422,30.191353,0.090629,HO,0.859024,0.007926,0.002764,JB3:0.677868;JB5:0.669942;JB1:0.652486;LO4:0.630921;WA4:0.621112,gHO_sBM_cAll_d20_mHO5_ch10:0.663405;gHO_sBM_cAll_d21_mHO5_ch10:0.660641;gHO_sBM_cAll_d20_mHO5_ch06:0.660523;gHO_sBM_cAll_d21_mHO5_ch09:0.659468;gHO_sBM_cAll_d21_mHO5_ch03:0.653367;gHO_sBM_cAll_d21_mHO5_ch05:0.645597;gHO_sBM_cAll_d20_mHO5_ch05:0.642366;gHO_sBM_cAll_d21_mHO5_ch02:0.642221;gHO_sBM_cAll_d20_mHO5_ch04:0.641543;gHO_sBM_cAll_d21_mHO5_ch04:0.639527,Electronic---Techno:0.264635;Electronic---Electro:0.206588;Electronic---Deep Techno:0.115323;Electronic---Deep House:0.110097;Electronic---Synthwave:0.102563,PO:v1:k0:r1,,JB3,0.677868,gHO_sBM_cAll_d20_mHO5_ch10,0.663405,120.967742
22.168000,22.198830000,,hermite,terminal_hold,Bridge preparation did not finish before the terminal state,,,,0,0.0,1,gPO_sBM_cAll_d12_mPO3_ch02,,,21.464000,gHO_sBM_cAll_d20_mHO5_ch10;gHO_sBM_cAll_d21_mHO5_ch10;gHO_sBM_cAll_d20_mHO5_ch06;gHO_sBM_cAll_d21_mHO5_ch09;gHO_sBM_cAll_d21_mHO5_ch03,18.496649,113,,,,1.000000000,0.216061185,0.000000,motion_end,0.216061185,0.077234,0.128347,0.034431,0.000000,0.087300,0.000000,4.270833,0.350000,beat-sync,0.813767,0.946970,,-0.107994933,0.234246373,right_wrist_yaw,0.000000000,right_wrist_pitch,0.234246373,right_wrist_yaw,0.000000000,right_wrist_pitch,-0.479851,0.464869,0.856513,1.913154,0.000000000,0.000000000,0.000000000,0.000848661,0.000711361,0.006492620,21.816000,0.000000000,0.000000000,,0.000000,0.000000,0.000000,,0.009218923,0,1,0,10,gPO_sBM_cAll_d10_mPO0_ch01;gPO_sBM_cAll_d11_mPO0_ch01;gPO_sBM_cAll_d11_mPO0_ch02;gPO_sBM_cAll_d10_mPO0_ch02;gPO_sBM_cAll_d12_mPO3_ch02;gHO_sBM_cAll_d20_mHO5_ch10;gHO_sBM_cAll_d21_mHO5_ch10;gHO_sBM_cAll_d20_mHO5_ch06;gHO_sBM_cAll_d21_mHO5_ch09;gHO_sBM_cAll_d21_mHO5_ch03,,45.737300,512.471300,52.990200,3525.844700,accepted,0.959906,,0.927102,0.258277422,30.191353,0.090629,HO,0.859024,0.007926,0.002764,JB3:0.677868;JB5:0.669942;JB1:0.652486;LO4:0.630921;WA4:0.621112,gHO_sBM_cAll_d20_mHO5_ch10:0.663405;gHO_sBM_cAll_d21_mHO5_ch10:0.660641;gHO_sBM_cAll_d20_mHO5_ch06:0.660523;gHO_sBM_cAll_d21_mHO5_ch09:0.659468;gHO_sBM_cAll_d21_mHO5_ch03:0.653367;gHO_sBM_cAll_d21_mHO5_ch05:0.645597;gHO_sBM_cAll_d20_mHO5_ch05:0.642366;gHO_sBM_cAll_d21_mHO5_ch02:0.642221;gHO_sBM_cAll_d20_mHO5_ch04:0.641543;gHO_sBM_cAll_d21_mHO5_ch04:0.639527,Electronic---Techno:0.264635;Electronic---Electro:0.206588;Electronic---Deep Techno:0.115323;Electronic---Deep House:0.110097;Electronic---Synthwave:0.102563,PO:v1:k0:r1,,JB3,0.677868,gHO_sBM_cAll_d20_mHO5_ch10,0.663405,120.967742
22.200000,22.213801700,,hermite,terminal_hold,Bridge preparation did not finish before the terminal state,,,,0,0.0,1,gPO_sBM_cAll_d12_mPO3_ch02,,,21.464000,gHO_sBM_cAll_d20_mHO5_ch10;gHO_sBM_cAll_d21_mHO5_ch10;gHO_sBM_cAll_d20_mHO5_ch06;gHO_sBM_cAll_d21_mHO5_ch09;gHO_sBM_cAll_d21_mHO5_ch03,18.496649,113,,,,1.000000000,0.216061185,0.000000,motion_end,0.216061185,0.077234,0.128347,0.034431,0.000000,0.087300,0.000000,4.270833,0.350000,beat-sync,0.813767,0.946970,,-0.107994933,0.234246373,right_wrist_yaw,0.000000000,right_wrist_pitch,0.234246373,right_wrist_yaw,0.000000000,right_wrist_pitch,-0.479851,0.464869,0.856513,1.913154,0.000000000,0.000000000,0.000000000,0.000848661,0.000711361,0.006492620,21.816000,0.000000000,0.000000000,,0.000000,0.000000,0.000000,,0.009214823,0,1,0,10,gPO_sBM_cAll_d10_mPO0_ch01;gPO_sBM_cAll_d11_mPO0_ch01;gPO_sBM_cAll_d11_mPO0_ch02;gPO_sBM_cAll_d10_mPO0_ch02;gPO_sBM_cAll_d12_mPO3_ch02;gHO_sBM_cAll_d20_mHO5_ch10;gHO_sBM_cAll_d21_mHO5_ch10;gHO_sBM_cAll_d20_mHO5_ch06;gHO_sBM_cAll_d21_mHO5_ch09;gHO_sBM_cAll_d21_mHO5_ch03,,45.737300,512.471300,52.990200,3525.844700,accepted,0.959906,,0.927102,0.258277422,30.191353,0.090629,HO,0.859024,0.007926,0.002764,JB3:0.677868;JB5:0.669942;JB1:0.652486;LO4:0.630921;WA4:0.621112,gHO_sBM_cAll_d20_mHO5_ch10:0.663405;gHO_sBM_cAll_d21_mHO5_ch10:0.660641;gHO_sBM_cAll_d20_mHO5_ch06:0.660523;gHO_sBM_cAll_d21_mHO5_ch09:0.659468;gHO_sBM_cAll_d21_mHO5_ch03:0.653367;gHO_sBM_cAll_d21_mHO5_ch05:0.645597;gHO_sBM_cAll_d20_mHO5_ch05:0.642366;gHO_sBM_cAll_d21_mHO5_ch02:0.642221;gHO_sBM_cAll_d20_mHO5_ch04:0.641543;gHO_sBM_cAll_d21_mHO5_ch04:0.639527,Electronic---Techno:0.264635;Electronic---Electro:0.206588;Electronic---Deep Techno:0.115323;Electronic---Deep House:0.110097;Electronic---Synthwave:0.102563,PO:v1:k0:r1,,JB3,0.677868,gHO_sBM_cAll_d20_mHO5_ch10,0.663405,120.967742
22.200000,22.220432100,,hermite,terminal_hold,Bridge preparation did not finish before the terminal state,,,,0,0.0,1,gPO_sBM_cAll_d12_mPO3_ch02,,,21.464000,gHO_sBM_cAll_d20_mHO5_ch10;gHO_sBM_cAll_d21_mHO5_ch10;gHO_sBM_cAll_d20_mHO5_ch06;gHO_sBM_cAll_d21_mHO5_ch09;gHO_sBM_cAll_d21_mHO5_ch03,18.496649,113,,,,1.000000000,0.216061185,0.000000,motion_end,0.216061185,0.077234,0.128347,0.034431,0.000000,0.087300,0.000000,4.270833,0.350000,beat-sync,0.813767,0.946970,,-0.107994933,0.234246373,right_wrist_yaw,0.000000000,right_wrist_pitch,0.234246373,right_wrist_yaw,0.000000000,right_wrist_pitch,-0.479851,0.464869,0.856513,1.913154,0.000000000,0.000000000,0.000000000,0.000848661,0.000711361,0.006492620,21.816000,0.000000000,0.000000000,,0.000000,0.000000,0.000000,,0.009210728,0,1,0,10,gPO_sBM_cAll_d10_mPO0_ch01;gPO_sBM_cAll_d11_mPO0_ch01;gPO_sBM_cAll_d11_mPO0_ch02;gPO_sBM_cAll_d10_mPO0_ch02;gPO_sBM_cAll_d12_mPO3_ch02;gHO_sBM_cAll_d20_mHO5_ch10;gHO_sBM_cAll_d21_mHO5_ch10;gHO_sBM_cAll_d20_mHO5_ch06;gHO_sBM_cAll_d21_mHO5_ch09;gHO_sBM_cAll_d21_mHO5_ch03,,45.737300,512.471300,52.990200,3525.844700,accepted,0.959906,,0.927102,0.258277422,30.191353,0.090629,HO,0.859024,0.007926,0.002764,JB3:0.677868;JB5:0.669942;JB1:0.652486;LO4:0.630921;WA4:0.621112,gHO_sBM_cAll_d20_mHO5_ch10:0.663405;gHO_sBM_cAll_d21_mHO5_ch10:0.660641;gHO_sBM_cAll_d20_mHO5_ch06:0.660523;gHO_sBM_cAll_d21_mHO5_ch09:0.659468;gHO_sBM_cAll_d21_mHO5_ch03:0.653367;gHO_sBM_cAll_d21_mHO5_ch05:0.645597;gHO_sBM_cAll_d20_mHO5_ch05:0.642366;gHO_sBM_cAll_d21_mHO5_ch02:0.642221;gHO_sBM_cAll_d20_mHO5_ch04:0.641543;gHO_sBM_cAll_d21_mHO5_ch04:0.639527,Electronic---Techno:0.264635;Electronic---Electro:0.206588;Electronic---Deep Techno:0.115323;Electronic---Deep House:0.110097;Electronic---Synthwave:0.102563,PO:v1:k0:r1,,JB3,0.677868,gHO_sBM_cAll_d20_mHO5_ch10,0.663405,120.967742
22.200000,22.230395600,,hermite,terminal_hold,Bridge preparation did not finish before the terminal state,,,,0,0.0,1,gPO_sBM_cAll_d12_mPO3_ch02,,,21.464000,gHO_sBM_cAll_d20_mHO5_ch10;gHO_sBM_cAll_d21_mHO5_ch10;gHO_sBM_cAll_d20_mHO5_ch06;gHO_sBM_cAll_d21_mHO5_ch09;gHO_sBM_cAll_d21_mHO5_ch03,18.496649,113,,,,1.000000000,0.216061185,0.000000,motion_end,0.216061185,0.077234,0.128347,0.034431,0.000000,0.087300,0.000000,4.270833,0.350000,beat-sync,0.813767,0.946970,,-0.107994933,0.234246373,right_wrist_yaw,0.000000000,right_wrist_pitch,0.234246373,right_wrist_yaw,0.000000000,right_wrist_pitch,-0.479851,0.464869,0.856513,1.913154,0.000000000,0.000000000,0.000000000,0.000848661,0.000711361,0.006492620,21.816000,0.000000000,0.000000000,,0.000000,0.000000,0.000000,,0.009206636,0,1,0,10,gPO_sBM_cAll_d10_mPO0_ch01;gPO_sBM_cAll_d11_mPO0_ch01;gPO_sBM_cAll_d11_mPO0_ch02;gPO_sBM_cAll_d10_mPO0_ch02;gPO_sBM_cAll_d12_mPO3_ch02;gHO_sBM_cAll_d20_mHO5_ch10;gHO_sBM_cAll_d21_mHO5_ch10;gHO_sBM_cAll_d20_mHO5_ch06;gHO_sBM_cAll_d21_mHO5_ch09;gHO_sBM_cAll_d21_mHO5_ch03,,45.737300,512.471300,52.990200,3525.844700,accepted,0.959906,,0.927102,0.258277422,30.191353,0.090629,HO,0.859024,0.007926,0.002764,JB3:0.677868;JB5:0.669942;JB1:0.652486;LO4:0.630921;WA4:0.621112,gHO_sBM_cAll_d20_mHO5_ch10:0.663405;gHO_sBM_cAll_d21_mHO5_ch10:0.660641;gHO_sBM_cAll_d20_mHO5_ch06:0.660523;gHO_sBM_cAll_d21_mHO5_ch09:0.659468;gHO_sBM_cAll_d21_mHO5_ch03:0.653367;gHO_sBM_cAll_d21_mHO5_ch05:0.645597;gHO_sBM_cAll_d20_mHO5_ch05:0.642366;gHO_sBM_cAll_d21_mHO5_ch02:0.642221;gHO_sBM_cAll_d20_mHO5_ch04:0.641543;gHO_sBM_cAll_d21_mHO5_ch04:0.639527,Electronic---Techno:0.264635;Electronic---Electro:0.206588;Electronic---Deep Techno:0.115323;Electronic---Deep House:0.110097;Electronic---Synthwave:0.102563,PO:v1:k0:r1,,JB3,0.677868,gHO_sBM_cAll_d20_mHO5_ch10,0.663405,120.967742
22.232000,22.242973700,,hermite,terminal_hold,Bridge preparation did not finish before the terminal state,,,,0,0.0,1,gPO_sBM_cAll_d12_mPO3_ch02,,,21.464000,gHO_sBM_cAll_d20_mHO5_ch10;gHO_sBM_cAll_d21_mHO5_ch10;gHO_sBM_cAll_d20_mHO5_ch06;gHO_sBM_cAll_d21_mHO5_ch09;gHO_sBM_cAll_d21_mHO5_ch03,18.496649,113,,,,1.000000000,0.216061185,0.000000,motion_end,0.216061185,0.077234,0.128347,0.034431,0.000000,0.087300,0.000000,4.270833,0.350000,beat-sync,0.813767,0.946970,,-0.107994933,0.234246373,right_wrist_yaw,0.000000000,right_wrist_pitch,0.234246373,right_wrist_yaw,0.000000000,right_wrist_pitch,-0.479851,0.464869,0.856513,1.913154,0.000000000,0.000000000,0.000000000,0.000848661,0.000711361,0.006492620,21.816000,0.000000000,0.000000000,,0.000000,0.000000,0.000000,,0.009202548,0,1,0,10,gPO_sBM_cAll_d10_mPO0_ch01;gPO_sBM_cAll_d11_mPO0_ch01;gPO_sBM_cAll_d11_mPO0_ch02;gPO_sBM_cAll_d10_mPO0_ch02;gPO_sBM_cAll_d12_mPO3_ch02;gHO_sBM_cAll_d20_mHO5_ch10;gHO_sBM_cAll_d21_mHO5_ch10;gHO_sBM_cAll_d20_mHO5_ch06;gHO_sBM_cAll_d21_mHO5_ch09;gHO_sBM_cAll_d21_mHO5_ch03,,45.737300,512.471300,52.990200,3525.844700,accepted,0.959906,,0.927102,0.258277422,30.191353,0.090629,HO,0.859024,0.007926,0.002764,JB3:0.677868;JB5:0.669942;JB1:0.652486;LO4:0.630921;WA4:0.621112,gHO_sBM_cAll_d20_mHO5_ch10:0.663405;gHO_sBM_cAll_d21_mHO5_ch10:0.660641;gHO_sBM_cAll_d20_mHO5_ch06:0.660523;gHO_sBM_cAll_d21_mHO5_ch09:0.659468;gHO_sBM_cAll_d21_mHO5_ch03:0.653367;gHO_sBM_cAll_d21_mHO5_ch05:0.645597;gHO_sBM_cAll_d20_mHO5_ch05:0.642366;gHO_sBM_cAll_d21_mHO5_ch02:0.642221;gHO_sBM_cAll_d20_mHO5_ch04:0.641543;gHO_sBM_cAll_d21_mHO5_ch04:0.639527,Electronic---Techno:0.264635;Electronic---Electro:0.206588;Electronic---Deep Techno:0.115323;Electronic---Deep House:0.110097;Electronic---Synthwave:0.102563,PO:v1:k0:r1,,JB3,0.677868,gHO_sBM_cAll_d20_mHO5_ch10,0.663405,120.967742
22.264000,22.290107700,,hermite,terminal_hold,Bridge preparation did not finish before the terminal state,,,,0,0.0,1,gPO_sBM_cAll_d12_mPO3_ch02,,,21.464000,gHO_sBM_cAll_d20_mHO5_ch10;gHO_sBM_cAll_d21_mHO5_ch10;gHO_sBM_cAll_d20_mHO5_ch06;gHO_sBM_cAll_d21_mHO5_ch09;gHO_sBM_cAll_d21_mHO5_ch03,18.496649,113,,,,1.000000000,0.216061185,0.000000,motion_end,0.216061185,0.077234,0.128347,0.034431,0.000000,0.087300,0.000000,4.270833,0.350000,beat-sync,0.813767,1.319444,,-0.348114502,0.234246373,right_wrist_yaw,0.000000000,right_wrist_pitch,0.234246373,right_wrist_yaw,0.000000000,right_wrist_pitch,-0.479851,0.464869,0.856513,1.913154,0.000000000,0.000000000,0.000000000,0.000848661,0.000711361,0.006492620,22.264000,0.000000000,0.000000000,,0.000000,0.000000,0.000000,,0.009190305,0,1,0,10,gPO_sBM_cAll_d10_mPO0_ch01;gPO_sBM_cAll_d11_mPO0_ch01;gPO_sBM_cAll_d11_mPO0_ch02;gPO_sBM_cAll_d10_mPO0_ch02;gPO_sBM_cAll_d12_mPO3_ch02;gHO_sBM_cAll_d20_mHO5_ch10;gHO_sBM_cAll_d21_mHO5_ch10;gHO_sBM_cAll_d20_mHO5_ch06;gHO_sBM_cAll_d21_mHO5_ch09;gHO_sBM_cAll_d21_mHO5_ch03,,45.737300,512.471300,52.990200,3525.844700,accepted,0.959906,,0.927102,0.258277422,30.191353,0.090629,HO,0.859024,0.007926,0.002764,JB3:0.677868;JB5:0.669942;JB1:0.652486;LO4:0.630921;WA4:0.621112,gHO_sBM_cAll_d20_mHO5_ch10:0.663405;gHO_sBM_cAll_d21_mHO5_ch10:0.660641;gHO_sBM_cAll_d20_mHO5_ch06:0.660523;gHO_sBM_cAll_d21_mHO5_ch09:0.659468;gHO_sBM_cAll_d21_mHO5_ch03:0.653367;gHO_sBM_cAll_d21_mHO5_ch05:0.645597;gHO_sBM_cAll_d20_mHO5_ch05:0.642366;gHO_sBM_cAll_d21_mHO5_ch02:0.642221;gHO_sBM_cAll_d20_mHO5_ch04:0.641543;gHO_sBM_cAll_d21_mHO5_ch04:0.639527,Electronic---Techno:0.264635;Electronic---Electro:0.206588;Electronic---Deep Techno:0.115323;Electronic---Deep House:0.110097;Electronic---Synthwave:0.102563,PO:v1:k0:r1,,JB3,0.677868,gHO_sBM_cAll_d20_mHO5_ch10,0.663405,120.967742
22.328000,22.351602400,,hermite,terminal_hold,Bridge preparation did not finish before the terminal state,,,,0,0.0,1,gPO_sBM_cAll_d12_mPO3_ch02,,,21.464000,gHO_sBM_cAll_d20_mHO5_ch10;gHO_sBM_cAll_d21_mHO5_ch10;gHO_sBM_cAll_d20_mHO5_ch06;gHO_sBM_cAll_d21_mHO5_ch09;gHO_sBM_cAll_d21_mHO5_ch03,18.496649,113,,,,1.000000000,0.216061185,0.000000,motion_end,0.216061185,0.077234,0.128347,0.034431,0.000000,0.087300,0.000000,4.270833,0.350000,beat-sync,0.813767,1.319444,,-0.348114502,0.234246373,right_wrist_yaw,0.000000000,right_wrist_pitch,0.234246373,right_wrist_yaw,0.000000000,right_wrist_pitch,-0.479851,0.464869,0.856513,1.913154,0.000000000,0.000000000,0.000000000,0.000848661,0.000711361,0.006492620,22.264000,0.000000000,0.000000000,,0.000000,0.000000,0.000000,,0.009174032,0,1,0,10,gPO_sBM_cAll_d10_mPO0_ch01;gPO_sBM_cAll_d11_mPO0_ch01;gPO_sBM_cAll_d11_mPO0_ch02;gPO_sBM_cAll_d10_mPO0_ch02;gPO_sBM_cAll_d12_mPO3_ch02;gHO_sBM_cAll_d20_mHO5_ch10;gHO_sBM_cAll_d21_mHO5_ch10;gHO_sBM_cAll_d20_mHO5_ch06;gHO_sBM_cAll_d21_mHO5_ch09;gHO_sBM_cAll_d21_mHO5_ch03,,45.737300,512.471300,52.990200,3525.844700,accepted,0.959906,,0.927102,0.258277422,30.191353,0.090629,HO,0.859024,0.007926,0.002764,JB3:0.677868;JB5:0.669942;JB1:0.652486;LO4:0.630921;WA4:0.621112,gHO_sBM_cAll_d20_mHO5_ch10:0.663405;gHO_sBM_cAll_d21_mHO5_ch10:0.660641;gHO_sBM_cAll_d20_mHO5_ch06:0.660523;gHO_sBM_cAll_d21_mHO5_ch09:0.659468;gHO_sBM_cAll_d21_mHO5_ch03:0.653367;gHO_sBM_cAll_d21_mHO5_ch05:0.645597;gHO_sBM_cAll_d20_mHO5_ch05:0.642366;gHO_sBM_cAll_d21_mHO5_ch02:0.642221;gHO_sBM_cAll_d20_mHO5_ch04:0.641543;gHO_sBM_cAll_d21_mHO5_ch04:0.639527,Electronic---Techno:0.264635;Electronic---Electro:0.206588;Electronic---Deep Techno:0.115323;Electronic---Deep House:0.110097;Electronic---Synthwave:0.102563,PO:v1:k0:r1,,JB3,0.677868,gHO_sBM_cAll_d20_mHO5_ch10,0.663405,120.967742
22.360000,22.387417900,,hermite,terminal_hold,Bridge preparation did not finish before the terminal state,,,,0,0.0,1,gPO_sBM_cAll_d12_mPO3_ch02,,,21.464000,gHO_sBM_cAll_d20_mHO5_ch10;gHO_sBM_cAll_d21_mHO5_ch10;gHO_sBM_cAll_d20_mHO5_ch06;gHO_sBM_cAll_d21_mHO5_ch09;gHO_sBM_cAll_d21_mHO5_ch03,18.496649,113,,,,1.000000000,0.216061185,0.000000,motion_end,0.216061185,0.077234,0.128347,0.034431,0.000000,0.087300,0.000000,4.270833,0.350000,beat-sync,0.813767,1.319444,,-0.348114502,0.234246373,right_wrist_yaw,0.000000000,right_wrist_pitch,0.234246373,right_wrist_yaw,0.000000000,right_wrist_pitch,-0.479851,0.464869,0.856513,1.913154,0.000000000,0.000000000,0.000000000,0.000848661,0.000711361,0.006492620,22.264000,0.000000000,0.000000000,,0.000000,0.000000,0.000000,,0.009161865,0,1,0,10,gPO_sBM_cAll_d10_mPO0_ch01;gPO_sBM_cAll_d11_mPO0_ch01;gPO_sBM_cAll_d11_mPO0_ch02;gPO_sBM_cAll_d10_mPO0_ch02;gPO_sBM_cAll_d12_mPO3_ch02;gHO_sBM_cAll_d20_mHO5_ch10;gHO_sBM_cAll_d21_mHO5_ch10;gHO_sBM_cAll_d20_mHO5_ch06;gHO_sBM_cAll_d21_mHO5_ch09;gHO_sBM_cAll_d21_mHO5_ch03,,45.737300,512.471300,52.990200,3525.844700,accepted,0.959906,,0.927102,0.258277422,30.191353,0.090629,HO,0.859024,0.007926,0.002764,JB3:0.677868;JB5:0.669942;JB1:0.652486;LO4:0.630921;WA4:0.621112,gHO_sBM_cAll_d20_mHO5_ch10:0.663405;gHO_sBM_cAll_d21_mHO5_ch10:0.660641;gHO_sBM_cAll_d20_mHO5_ch06:0.660523;gHO_sBM_cAll_d21_mHO5_ch09:0.659468;gHO_sBM_cAll_d21_mHO5_ch03:0.653367;gHO_sBM_cAll_d21_mHO5_ch05:0.645597;gHO_sBM_cAll_d20_mHO5_ch05:0.642366;gHO_sBM_cAll_d21_mHO5_ch02:0.642221;gHO_sBM_cAll_d20_mHO5_ch04:0.641543;gHO_sBM_cAll_d21_mHO5_ch04:0.639527,Electronic---Techno:0.264635;Electronic---Electro:0.206588;Electronic---Deep Techno:0.115323;Electronic---Deep House:0.110097;Electronic---Synthwave:0.102563,PO:v1:k0:r1,,JB3,0.677868,gHO_sBM_cAll_d20_mHO5_ch10,0.663405,120.967742
22.360000,22.397964400,beat_limiter_result,hermite,terminal_hold,Bridge preparation did not finish before the terminal state,,,,0,0.0,1,gPO_sBM_cAll_d12_mPO3_ch02,,,21.464000,gHO_sBM_cAll_d20_mHO5_ch10;gHO_sBM_cAll_d21_mHO5_ch10;gHO_sBM_cAll_d20_mHO5_ch06;gHO_sBM_cAll_d21_mHO5_ch09;gHO_sBM_cAll_d21_mHO5_ch03,18.496649,113,,,,1.000000000,0.216061185,0.000000,motion_end,0.216061185,0.077234,0.128347,0.034431,0.000000,0.087300,0.000000,4.270833,0.350000,beat-sync,0.813767,1.319444,,-0.348114502,0.234246373,right_wrist_yaw,0.000000000,right_wrist_pitch,0.234246373,right_wrist_yaw,0.000000000,right_wrist_pitch,-0.479851,0.464869,0.856513,1.913154,0.000000000,0.000000000,0.000000000,0.000848661,0.000711361,0.006492620,22.264000,0.000000000,0.000000000,,0.000000,0.000000,0.000000,,0.009157816,0,1,0,10,gPO_sBM_cAll_d10_mPO0_ch01;gPO_sBM_cAll_d11_mPO0_ch01;gPO_sBM_cAll_d11_mPO0_ch02;gPO_sBM_cAll_d10_mPO0_ch02;gPO_sBM_cAll_d12_mPO3_ch02;gHO_sBM_cAll_d20_mHO5_ch10;gHO_sBM_cAll_d21_mHO5_ch10;gHO_sBM_cAll_d20_mHO5_ch06;gHO_sBM_cAll_d21_mHO5_ch09;gHO_sBM_cAll_d21_mHO5_ch03,,45.737300,512.471300,52.990200,3525.844700,accepted,0.959906,,0.927102,0.258277422,30.191353,0.090629,HO,0.859024,0.007926,0.002764,JB3:0.677868;JB5:0.669942;JB1:0.652486;LO4:0.630921;WA4:0.621112,gHO_sBM_cAll_d20_mHO5_ch10:0.663405;gHO_sBM_cAll_d21_mHO5_ch10:0.660641;gHO_sBM_cAll_d20_mHO5_ch06:0.660523;gHO_sBM_cAll_d21_mHO5_ch09:0.659468;gHO_sBM_cAll_d21_mHO5_ch03:0.653367;gHO_sBM_cAll_d21_mHO5_ch05:0.645597;gHO_sBM_cAll_d20_mHO5_ch05:0.642366;gHO_sBM_cAll_d21_mHO5_ch02:0.642221;gHO_sBM_cAll_d20_mHO5_ch04:0.641543;gHO_sBM_cAll_d21_mHO5_ch04:0.639527,Electronic---Techno:0.264635;Electronic---Electro:0.206588;Electronic---Deep Techno:0.115323;Electronic---Deep House:0.110097;Electronic---Synthwave:0.102563,PO:v1:k0:r1,,JB3,0.677868,gHO_sBM_cAll_d20_mHO5_ch10,0.663405,120.967742
22.424000,22.458963500,,hermite,terminal_hold,Bridge preparation did not finish before the terminal state,,,,0,0.0,1,gPO_sBM_cAll_d12_mPO3_ch02,,,21.464000,gHO_sBM_cAll_d20_mHO5_ch10;gHO_sBM_cAll_d21_mHO5_ch10;gHO_sBM_cAll_d20_mHO5_ch06;gHO_sBM_cAll_d21_mHO5_ch09;gHO_sBM_cAll_d21_mHO5_ch03,18.496649,113,,,,1.000000000,0.216061185,0.000000,motion_end,0.216061185,0.077234,0.128347,0.034431,0.000000,0.087300,0.000000,4.270833,0.350000,beat-sync,0.813767,1.319444,,-0.348114502,0.234246373,right_wrist_yaw,0.000000000,right_wrist_pitch,0.234246373,right_wrist_yaw,0.000000000,right_wrist_pitch,-0.479851,0.464869,0.856513,1.913154,0.000000000,0.000000000,0.000000000,0.000848661,0.000711361,0.006492620,22.264000,0.000000000,0.000000000,,0.000000,0.000000,0.000000,,0.009137627,0,1,0,10,gPO_sBM_cAll_d10_mPO0_ch01;gPO_sBM_cAll_d11_mPO0_ch01;gPO_sBM_cAll_d11_mPO0_ch02;gPO_sBM_cAll_d10_mPO0_ch02;gPO_sBM_cAll_d12_mPO3_ch02;gHO_sBM_cAll_d20_mHO5_ch10;gHO_sBM_cAll_d21_mHO5_ch10;gHO_sBM_cAll_d20_mHO5_ch06;gHO_sBM_cAll_d21_mHO5_ch09;gHO_sBM_cAll_d21_mHO5_ch03,,45.737300,512.471300,52.990200,3525.844700,accepted,0.959906,,0.927102,0.258277422,30.191353,0.090629,HO,0.859024,0.007926,0.002764,JB3:0.677868;JB5:0.669942;JB1:0.652486;LO4:0.630921;WA4:0.621112,gHO_sBM_cAll_d20_mHO5_ch10:0.663405;gHO_sBM_cAll_d21_mHO5_ch10:0.660641;gHO_sBM_cAll_d20_mHO5_ch06:0.660523;gHO_sBM_cAll_d21_mHO5_ch09:0.659468;gHO_sBM_cAll_d21_mHO5_ch03:0.653367;gHO_sBM_cAll_d21_mHO5_ch05:0.645597;gHO_sBM_cAll_d20_mHO5_ch05:0.642366;gHO_sBM_cAll_d21_mHO5_ch02:0.642221;gHO_sBM_cAll_d20_mHO5_ch04:0.641543;gHO_sBM_cAll_d21_mHO5_ch04:0.639527,Electronic---Techno:0.264635;Electronic---Electro:0.206588;Electronic---Deep Techno:0.115323;Electronic---Deep House:0.110097;Electronic---Synthwave:0.102563,PO:v1:k0:r1,,JB3,0.677868,gHO_sBM_cAll_d20_mHO5_ch10,0.663405,120.967742
22.456000,22.491571600,,hermite,terminal_hold,Bridge preparation did not finish before the terminal state,,,,0,0.0,1,gPO_sBM_cAll_d12_mPO3_ch02,,,21.464000,gHO_sBM_cAll_d20_mHO5_ch10;gHO_sBM_cAll_d21_mHO5_ch10;gHO_sBM_cAll_d20_mHO5_ch06;gHO_sBM_cAll_d21_mHO5_ch09;gHO_sBM_cAll_d21_mHO5_ch03,18.496649,113,,,,1.000000000,0.216061185,0.000000,motion_end,0.216061185,0.077234,0.128347,0.034431,0.000000,0.087300,0.000000,4.270833,0.350000,beat-sync,0.813767,1.319444,,-0.348114502,0.234246373,right_wrist_yaw,0.000000000,right_wrist_pitch,0.234246373,right_wrist_yaw,0.000000000,right_wrist_pitch,-0.479851,0.464869,0.856513,1.913154,0.000000000,0.000000000,0.000000000,0.000848661,0.000711361,0.006492620,22.264000,0.000000000,0.000000000,,0.000000,0.000000,0.000000,,0.009129576,0,1,0,10,gPO_sBM_cAll_d10_mPO0_ch01;gPO_sBM_cAll_d11_mPO0_ch01;gPO_sBM_cAll_d11_mPO0_ch02;gPO_sBM_cAll_d10_mPO0_ch02;gPO_sBM_cAll_d12_mPO3_ch02;gHO_sBM_cAll_d20_mHO5_ch10;gHO_sBM_cAll_d21_mHO5_ch10;gHO_sBM_cAll_d20_mHO5_ch06;gHO_sBM_cAll_d21_mHO5_ch09;gHO_sBM_cAll_d21_mHO5_ch03,,45.737300,512.471300,52.990200,3525.844700,accepted,0.959906,,0.927102,0.258277422,30.191353,0.090629,HO,0.859024,0.007926,0.002764,JB3:0.677868;JB5:0.669942;JB1:0.652486;LO4:0.630921;WA4:0.621112,gHO_sBM_cAll_d20_mHO5_ch10:0.663405;gHO_sBM_cAll_d21_mHO5_ch10:0.660641;gHO_sBM_cAll_d20_mHO5_ch06:0.660523;gHO_sBM_cAll_d21_mHO5_ch09:0.659468;gHO_sBM_cAll_d21_mHO5_ch03:0.653367;gHO_sBM_cAll_d21_mHO5_ch05:0.645597;gHO_sBM_cAll_d20_mHO5_ch05:0.642366;gHO_sBM_cAll_d21_mHO5_ch02:0.642221;gHO_sBM_cAll_d20_mHO5_ch04:0.641543;gHO_sBM_cAll_d21_mHO5_ch04:0.639527,Electronic---Techno:0.264635;Electronic---Electro:0.206588;Electronic---Deep Techno:0.115323;Electronic---Deep House:0.110097;Electronic---Synthwave:0.102563,PO:v1:k0:r1,,JB3,0.677868,gHO_sBM_cAll_d20_mHO5_ch10,0.663405,120.967742
22.520000,22.572196100,,hermite,terminal_hold,Bridge preparation did not finish before the terminal state,,,,0,0.0,1,gPO_sBM_cAll_d12_mPO3_ch02,,,21.464000,gHO_sBM_cAll_d20_mHO5_ch10;gHO_sBM_cAll_d21_mHO5_ch10;gHO_sBM_cAll_d20_mHO5_ch06;gHO_sBM_cAll_d21_mHO5_ch09;gHO_sBM_cAll_d21_mHO5_ch03,18.496649,113,,,,1.000000000,0.216061185,0.000000,motion_end,0.216061185,0.077234,0.128347,0.034431,0.000000,0.087300,0.000000,4.270833,0.350000,beat-sync,0.813767,1.319444,,-0.348114502,0.234246373,right_wrist_yaw,0.000000000,right_wrist_pitch,0.234246373,right_wrist_yaw,0.000000000,right_wrist_pitch,-0.479851,0.464869,0.856513,1.913154,0.000000000,0.000000000,0.000000000,0.000848661,0.000711361,0.006492620,22.264000,0.000000000,0.000000000,,0.000000,0.000000,0.000000,,0.009121540,0,1,0,10,gPO_sBM_cAll_d10_mPO0_ch01;gPO_sBM_cAll_d11_mPO0_ch01;gPO_sBM_cAll_d11_mPO0_ch02;gPO_sBM_cAll_d10_mPO0_ch02;gPO_sBM_cAll_d12_mPO3_ch02;gHO_sBM_cAll_d20_mHO5_ch10;gHO_sBM_cAll_d21_mHO5_ch10;gHO_sBM_cAll_d20_mHO5_ch06;gHO_sBM_cAll_d21_mHO5_ch09;gHO_sBM_cAll_d21_mHO5_ch03,,45.737300,512.471300,52.990200,3525.844700,accepted,0.959906,,0.927102,0.258277422,30.191353,0.090629,HO,0.859024,0.007926,0.002764,JB3:0.677868;JB5:0.669942;JB1:0.652486;LO4:0.630921;WA4:0.621112,gHO_sBM_cAll_d20_mHO5_ch10:0.663405;gHO_sBM_cAll_d21_mHO5_ch10:0.660641;gHO_sBM_cAll_d20_mHO5_ch06:0.660523;gHO_sBM_cAll_d21_mHO5_ch09:0.659468;gHO_sBM_cAll_d21_mHO5_ch03:0.653367;gHO_sBM_cAll_d21_mHO5_ch05:0.645597;gHO_sBM_cAll_d20_mHO5_ch05:0.642366;gHO_sBM_cAll_d21_mHO5_ch02:0.642221;gHO_sBM_cAll_d20_mHO5_ch04:0.641543;gHO_sBM_cAll_d21_mHO5_ch04:0.639527,Electronic---Techno:0.264635;Electronic---Electro:0.206588;Electronic---Deep Techno:0.115323;Electronic---Deep House:0.110097;Electronic---Synthwave:0.102563,PO:v1:k0:r1,,JB3,0.677868,gHO_sBM_cAll_d20_mHO5_ch10,0.663405,120.967742
22.584000,22.638705500,,hermite,terminal_hold,Bridge preparation did not finish before the terminal state,,,,0,0.0,1,gPO_sBM_cAll_d12_mPO3_ch02,,,21.464000,gHO_sBM_cAll_d20_mHO5_ch10;gHO_sBM_cAll_d21_mHO5_ch10;gHO_sBM_cAll_d20_mHO5_ch06;gHO_sBM_cAll_d21_mHO5_ch09;gHO_sBM_cAll_d21_mHO5_ch03,18.496649,113,,,,1.000000000,0.216061185,0.000000,motion_end,0.216061185,0.077234,0.128347,0.034431,0.000000,0.087300,0.000000,4.270833,0.350000,beat-sync,0.813767,1.319444,,-0.348114502,0.234246373,right_wrist_yaw,0.000000000,right_wrist_pitch,0.234246373,right_wrist_yaw,0.000000000,right_wrist_pitch,-0.479851,0.464869,0.856513,1.913154,0.000000000,0.000000000,0.000000000,0.000848661,0.000711361,0.006492620,22.264000,0.000000000,0.000000000,,0.000000,0.000000,0.000000,,0.009113517,0,1,0,10,gPO_sBM_cAll_d10_mPO0_ch01;gPO_sBM_cAll_d11_mPO0_ch01;gPO_sBM_cAll_d11_mPO0_ch02;gPO_sBM_cAll_d10_mPO0_ch02;gPO_sBM_cAll_d12_mPO3_ch02;gHO_sBM_cAll_d20_mHO5_ch10;gHO_sBM_cAll_d21_mHO5_ch10;gHO_sBM_cAll_d20_mHO5_ch06;gHO_sBM_cAll_d21_mHO5_ch09;gHO_sBM_cAll_d21_mHO5_ch03,,45.737300,512.471300,52.990200,3525.844700,accepted,0.959906,,0.927102,0.258277422,30.191353,0.090629,HO,0.859024,0.007926,0.002764,JB3:0.677868;JB5:0.669942;JB1:0.652486;LO4:0.630921;WA4:0.621112,gHO_sBM_cAll_d20_mHO5_ch10:0.663405;gHO_sBM_cAll_d21_mHO5_ch10:0.660641;gHO_sBM_cAll_d20_mHO5_ch06:0.660523;gHO_sBM_cAll_d21_mHO5_ch09:0.659468;gHO_sBM_cAll_d21_mHO5_ch03:0.653367;gHO_sBM_cAll_d21_mHO5_ch05:0.645597;gHO_sBM_cAll_d20_mHO5_ch05:0.642366;gHO_sBM_cAll_d21_mHO5_ch02:0.642221;gHO_sBM_cAll_d20_mHO5_ch04:0.641543;gHO_sBM_cAll_d21_mHO5_ch04:0.639527,Electronic---Techno:0.264635;Electronic---Electro:0.206588;Electronic---Deep Techno:0.115323;Electronic---Deep House:0.110097;Electronic---Synthwave:0.102563,PO:v1:k0:r1,,JB3,0.677868,gHO_sBM_cAll_d20_mHO5_ch10,0.663405,120.967742
22.616000,22.662305700,,hermite,terminal_hold,Bridge preparation did not finish before the terminal state,,,,0,0.0,1,gPO_sBM_cAll_d12_mPO3_ch02,,,21.464000,gHO_sBM_cAll_d20_mHO5_ch10;gHO_sBM_cAll_d21_mHO5_ch10;gHO_sBM_cAll_d20_mHO5_ch06;gHO_sBM_cAll_d21_mHO5_ch09;gHO_sBM_cAll_d21_mHO5_ch03,18.496649,113,,,,1.000000000,0.216061185,0.000000,motion_end,0.216061185,0.077234,0.128347,0.034431,0.000000,0.087300,0.000000,4.270833,0.350000,beat-sync,0.813767,1.319444,,-0.348114502,0.234246373,right_wrist_yaw,0.000000000,right_wrist_pitch,0.234246373,right_wrist_yaw,0.000000000,right_wrist_pitch,-0.479851,0.464869,0.856513,1.913154,0.000000000,0.000000000,0.000000000,0.000848661,0.000711361,0.006492620,22.264000,0.000000000,0.000000000,,0.000000,0.000000,0.000000,,0.009109511,0,1,0,10,gPO_sBM_cAll_d10_mPO0_ch01;gPO_sBM_cAll_d11_mPO0_ch01;gPO_sBM_cAll_d11_mPO0_ch02;gPO_sBM_cAll_d10_mPO0_ch02;gPO_sBM_cAll_d12_mPO3_ch02;gHO_sBM_cAll_d20_mHO5_ch10;gHO_sBM_cAll_d21_mHO5_ch10;gHO_sBM_cAll_d20_mHO5_ch06;gHO_sBM_cAll_d21_mHO5_ch09;gHO_sBM_cAll_d21_mHO5_ch03,,45.737300,512.471300,52.990200,3525.844700,accepted,0.959906,,0.927102,0.258277422,30.191353,0.090629,HO,0.859024,0.007926,0.002764,JB3:0.677868;JB5:0.669942;JB1:0.652486;LO4:0.630921;WA4:0.621112,gHO_sBM_cAll_d20_mHO5_ch10:0.663405;gHO_sBM_cAll_d21_mHO5_ch10:0.660641;gHO_sBM_cAll_d20_mHO5_ch06:0.660523;gHO_sBM_cAll_d21_mHO5_ch09:0.659468;gHO_sBM_cAll_d21_mHO5_ch03:0.653367;gHO_sBM_cAll_d21_mHO5_ch05:0.645597;gHO_sBM_cAll_d20_mHO5_ch05:0.642366;gHO_sBM_cAll_d21_mHO5_ch02:0.642221;gHO_sBM_cAll_d20_mHO5_ch04:0.641543;gHO_sBM_cAll_d21_mHO5_ch04:0.639527,Electronic---Techno:0.264635;Electronic---Electro:0.206588;Electronic---Deep Techno:0.115323;Electronic---Deep House:0.110097;Electronic---Synthwave:0.102563,PO:v1:k0:r1,,JB3,0.677868,gHO_sBM_cAll_d20_mHO5_ch10,0.663405,120.967742
22.680000,22.706087700,,hermite,terminal_hold,Bridge preparation did not finish before the terminal state,,,,0,0.0,1,gPO_sBM_cAll_d12_mPO3_ch02,,,21.464000,gHO_sBM_cAll_d20_mHO5_ch10;gHO_sBM_cAll_d21_mHO5_ch10;gHO_sBM_cAll_d20_mHO5_ch06;gHO_sBM_cAll_d21_mHO5_ch09;gHO_sBM_cAll_d21_mHO5_ch03,18.496649,113,,,,1.000000000,0.216061185,0.000000,motion_end,0.216061185,0.077234,0.128347,0.034431,0.000000,0.087300,0.000000,4.270833,0.350000,beat-sync,0.813767,1.319444,,-0.348114502,0.234246373,right_wrist_yaw,0.000000000,right_wrist_pitch,0.234246373,right_wrist_yaw,0.000000000,right_wrist_pitch,-0.479851,0.464869,0.856513,1.913154,0.000000000,0.000000000,0.000000000,0.000848661,0.000711361,0.006492620,22.264000,0.000000000,0.000000000,,0.000000,0.000000,0.000000,,0.009097514,0,1,0,10,gPO_sBM_cAll_d10_mPO0_ch01;gPO_sBM_cAll_d11_mPO0_ch01;gPO_sBM_cAll_d11_mPO0_ch02;gPO_sBM_cAll_d10_mPO0_ch02;gPO_sBM_cAll_d12_mPO3_ch02;gHO_sBM_cAll_d20_mHO5_ch10;gHO_sBM_cAll_d21_mHO5_ch10;gHO_sBM_cAll_d20_mHO5_ch06;gHO_sBM_cAll_d21_mHO5_ch09;gHO_sBM_cAll_d21_mHO5_ch03,,45.737300,512.471300,52.990200,3525.844700,accepted,0.959906,,0.927102,0.258277422,30.191353,0.090629,HO,0.859024,0.007926,0.002764,JB3:0.677868;JB5:0.669942;JB1:0.652486;LO4:0.630921;WA4:0.621112,gHO_sBM_cAll_d20_mHO5_ch10:0.663405;gHO_sBM_cAll_d21_mHO5_ch10:0.660641;gHO_sBM_cAll_d20_mHO5_ch06:0.660523;gHO_sBM_cAll_d21_mHO5_ch09:0.659468;gHO_sBM_cAll_d21_mHO5_ch03:0.653367;gHO_sBM_cAll_d21_mHO5_ch05:0.645597;gHO_sBM_cAll_d20_mHO5_ch05:0.642366;gHO_sBM_cAll_d21_mHO5_ch02:0.642221;gHO_sBM_cAll_d20_mHO5_ch04:0.641543;gHO_sBM_cAll_d21_mHO5_ch04:0.639527,Electronic---Techno:0.264635;Electronic---Electro:0.206588;Electronic---Deep Techno:0.115323;Electronic---Deep House:0.110097;Electronic---Synthwave:0.102563,PO:v1:k0:r1,,JB3,0.677868,gHO_sBM_cAll_d20_mHO5_ch10,0.663405,120.967742
22.712000,22.750554900,,hermite,terminal_hold,Bridge preparation did not finish before the terminal state,,,,0,0.0,1,gPO_sBM_cAll_d12_mPO3_ch02,,,21.464000,gHO_sBM_cAll_d20_mHO5_ch10;gHO_sBM_cAll_d21_mHO5_ch10;gHO_sBM_cAll_d20_mHO5_ch06;gHO_sBM_cAll_d21_mHO5_ch09;gHO_sBM_cAll_d21_mHO5_ch03,18.496649,113,,,,1.000000000,0.216061185,0.000000,motion_end,0.216061185,0.077234,0.128347,0.034431,0.000000,0.087300,0.000000,4.270833,0.350000,beat-sync,0.813767,1.319444,,-0.348114502,0.234246373,right_wrist_yaw,0.000000000,right_wrist_pitch,0.234246373,right_wrist_yaw,0.000000000,right_wrist_pitch,-0.479851,0.464869,0.856513,1.913154,0.000000000,0.000000000,0.000000000,0.000848661,0.000711361,0.006492620,22.264000,0.000000000,0.000000000,,0.000000,0.000000,0.000000,,0.009089534,0,1,0,10,gPO_sBM_cAll_d10_mPO0_ch01;gPO_sBM_cAll_d11_mPO0_ch01;gPO_sBM_cAll_d11_mPO0_ch02;gPO_sBM_cAll_d10_mPO0_ch02;gPO_sBM_cAll_d12_mPO3_ch02;gHO_sBM_cAll_d20_mHO5_ch10;gHO_sBM_cAll_d21_mHO5_ch10;gHO_sBM_cAll_d20_mHO5_ch06;gHO_sBM_cAll_d21_mHO5_ch09;gHO_sBM_cAll_d21_mHO5_ch03,,45.737300,512.471300,52.990200,3525.844700,accepted,0.959906,,0.927102,0.258277422,30.191353,0.090629,HO,0.859024,0.007926,0.002764,JB3:0.677868;JB5:0.669942;JB1:0.652486;LO4:0.630921;WA4:0.621112,gHO_sBM_cAll_d20_mHO5_ch10:0.663405;gHO_sBM_cAll_d21_mHO5_ch10:0.660641;gHO_sBM_cAll_d20_mHO5_ch06:0.660523;gHO_sBM_cAll_d21_mHO5_ch09:0.659468;gHO_sBM_cAll_d21_mHO5_ch03:0.653367;gHO_sBM_cAll_d21_mHO5_ch05:0.645597;gHO_sBM_cAll_d20_mHO5_ch05:0.642366;gHO_sBM_cAll_d21_mHO5_ch02:0.642221;gHO_sBM_cAll_d20_mHO5_ch04:0.641543;gHO_sBM_cAll_d21_mHO5_ch04:0.639527,Electronic---Techno:0.264635;Electronic---Electro:0.206588;Electronic---Deep Techno:0.115323;Electronic---Deep House:0.110097;Electronic---Synthwave:0.102563,PO:v1:k0:r1,,JB3,0.677868,gHO_sBM_cAll_d20_mHO5_ch10,0.663405,120.967742
22.776000,22.798052100,,hermite,terminal_hold,Bridge preparation did not finish before the terminal state,,,,0,0.0,1,gPO_sBM_cAll_d12_mPO3_ch02,,,21.464000,gHO_sBM_cAll_d20_mHO5_ch10;gHO_sBM_cAll_d21_mHO5_ch10;gHO_sBM_cAll_d20_mHO5_ch06;gHO_sBM_cAll_d21_mHO5_ch09;gHO_sBM_cAll_d21_mHO5_ch03,18.496649,113,,,,1.000000000,0.216061185,0.000000,motion_end,0.216061185,0.077234,0.128347,0.034431,0.000000,0.087300,0.000000,4.270833,0.350000,beat-sync,0.813767,1.319444,,-0.348114502,0.234246373,right_wrist_yaw,0.000000000,right_wrist_pitch,0.234246373,right_wrist_yaw,0.000000000,right_wrist_pitch,-0.479851,0.464869,0.856513,1.913154,0.000000000,0.000000000,0.000000000,0.000848661,0.000711361,0.006492620,22.264000,0.000000000,0.000000000,,0.000000,0.000000,0.000000,,0.009073616,0,1,0,10,gPO_sBM_cAll_d10_mPO0_ch01;gPO_sBM_cAll_d11_mPO0_ch01;gPO_sBM_cAll_d11_mPO0_ch02;gPO_sBM_cAll_d10_mPO0_ch02;gPO_sBM_cAll_d12_mPO3_ch02;gHO_sBM_cAll_d20_mHO5_ch10;gHO_sBM_cAll_d21_mHO5_ch10;gHO_sBM_cAll_d20_mHO5_ch06;gHO_sBM_cAll_d21_mHO5_ch09;gHO_sBM_cAll_d21_mHO5_ch03,,45.737300,512.471300,52.990200,3525.844700,accepted,0.959906,,0.927102,0.258277422,30.191353,0.090629,HO,0.859024,0.007926,0.002764,JB3:0.677868;JB5:0.669942;JB1:0.652486;LO4:0.630921;WA4:0.621112,gHO_sBM_cAll_d20_mHO5_ch10:0.663405;gHO_sBM_cAll_d21_mHO5_ch10:0.660641;gHO_sBM_cAll_d20_mHO5_ch06:0.660523;gHO_sBM_cAll_d21_mHO5_ch09:0.659468;gHO_sBM_cAll_d21_mHO5_ch03:0.653367;gHO_sBM_cAll_d21_mHO5_ch05:0.645597;gHO_sBM_cAll_d20_mHO5_ch05:0.642366;gHO_sBM_cAll_d21_mHO5_ch02:0.642221;gHO_sBM_cAll_d20_mHO5_ch04:0.641543;gHO_sBM_cAll_d21_mHO5_ch04:0.639527,Electronic---Techno:0.264635;Electronic---Electro:0.206588;Electronic---Deep Techno:0.115323;Electronic---Deep House:0.110097;Electronic---Synthwave:0.102563,PO:v1:k0:r1,,JB3,0.677868,gHO_sBM_cAll_d20_mHO5_ch10,0.663405,120.967742
22.808000,22.847915100,,hermite,terminal_hold,Bridge preparation did not finish before the terminal state,,,,0,0.0,1,gPO_sBM_cAll_d12_mPO3_ch02,,,21.464000,gHO_sBM_cAll_d20_mHO5_ch10;gHO_sBM_cAll_d21_mHO5_ch10;gHO_sBM_cAll_d20_mHO5_ch06;gHO_sBM_cAll_d21_mHO5_ch09;gHO_sBM_cAll_d21_mHO5_ch03,18.496649,113,,,,1.000000000,0.216061185,0.000000,motion_end,0.216061185,0.077234,0.128347,0.034431,0.000000,0.087300,0.000000,4.270833,0.350000,beat-sync,0.813767,1.319444,,-0.348114502,0.234246373,right_wrist_yaw,0.000000000,right_wrist_pitch,0.234246373,right_wrist_yaw,0.000000000,right_wrist_pitch,-0.479851,0.464869,0.856513,1.913154,0.000000000,0.000000000,0.000000000,0.000848661,0.000711361,0.006492620,22.264000,0.000000000,0.000000000,,0.000000,0.000000,0.000000,,0.009065677,0,1,0,10,gPO_sBM_cAll_d10_mPO0_ch01;gPO_sBM_cAll_d11_mPO0_ch01;gPO_sBM_cAll_d11_mPO0_ch02;gPO_sBM_cAll_d10_mPO0_ch02;gPO_sBM_cAll_d12_mPO3_ch02;gHO_sBM_cAll_d20_mHO5_ch10;gHO_sBM_cAll_d21_mHO5_ch10;gHO_sBM_cAll_d20_mHO5_ch06;gHO_sBM_cAll_d21_mHO5_ch09;gHO_sBM_cAll_d21_mHO5_ch03,,45.737300,512.471300,52.990200,3525.844700,accepted,0.959906,,0.927102,0.258277422,30.191353,0.090629,HO,0.859024,0.007926,0.002764,JB3:0.677868;JB5:0.669942;JB1:0.652486;LO4:0.630921;WA4:0.621112,gHO_sBM_cAll_d20_mHO5_ch10:0.663405;gHO_sBM_cAll_d21_mHO5_ch10:0.660641;gHO_sBM_cAll_d20_mHO5_ch06:0.660523;gHO_sBM_cAll_d21_mHO5_ch09:0.659468;gHO_sBM_cAll_d21_mHO5_ch03:0.653367;gHO_sBM_cAll_d21_mHO5_ch05:0.645597;gHO_sBM_cAll_d20_mHO5_ch05:0.642366;gHO_sBM_cAll_d21_mHO5_ch02:0.642221;gHO_sBM_cAll_d20_mHO5_ch04:0.641543;gHO_sBM_cAll_d21_mHO5_ch04:0.639527,Electronic---Techno:0.264635;Electronic---Electro:0.206588;Electronic---Deep Techno:0.115323;Electronic---Deep House:0.110097;Electronic---Synthwave:0.102563,PO:v1:k0:r1,,JB3,0.677868,gHO_sBM_cAll_d20_mHO5_ch10,0.663405,120.967742
22.872000,22.925231900,,hermite,terminal_hold,Bridge preparation did not finish before the terminal state,,,,0,0.0,1,gPO_sBM_cAll_d12_mPO3_ch02,,,21.464000,gHO_sBM_cAll_d20_mHO5_ch10;gHO_sBM_cAll_d21_mHO5_ch10;gHO_sBM_cAll_d20_mHO5_ch06;gHO_sBM_cAll_d21_mHO5_ch09;gHO_sBM_cAll_d21_mHO5_ch03,18.496649,113,,,,1.000000000,0.216061185,0.000000,motion_end,0.216061185,0.077234,0.128347,0.034431,0.000000,0.087300,0.000000,4.270833,0.350000,beat-sync,0.813767,1.319444,,-0.348114502,0.234246373,right_wrist_yaw,0.000000000,right_wrist_pitch,0.234246373,right_wrist_yaw,0.000000000,right_wrist_pitch,-0.479851,0.464869,0.856513,1.913154,0.000000000,0.000000000,0.000000000,0.000848661,0.000711361,0.006492620,22.264000,0.000000000,0.000000000,,0.000000,0.000000,0.000000,,0.009053796,0,1,0,10,gPO_sBM_cAll_d10_mPO0_ch01;gPO_sBM_cAll_d11_mPO0_ch01;gPO_sBM_cAll_d11_mPO0_ch02;gPO_sBM_cAll_d10_mPO0_ch02;gPO_sBM_cAll_d12_mPO3_ch02;gHO_sBM_cAll_d20_mHO5_ch10;gHO_sBM_cAll_d21_mHO5_ch10;gHO_sBM_cAll_d20_mHO5_ch06;gHO_sBM_cAll_d21_mHO5_ch09;gHO_sBM_cAll_d21_mHO5_ch03,,45.737300,512.471300,52.990200,3525.844700,accepted,0.959906,,0.927102,0.258277422,30.191353,0.090629,HO,0.859024,0.007926,0.002764,JB3:0.677868;JB5:0.669942;JB1:0.652486;LO4:0.630921;WA4:0.621112,gHO_sBM_cAll_d20_mHO5_ch10:0.663405;gHO_sBM_cAll_d21_mHO5_ch10:0.660641;gHO_sBM_cAll_d20_mHO5_ch06:0.660523;gHO_sBM_cAll_d21_mHO5_ch09:0.659468;gHO_sBM_cAll_d21_mHO5_ch03:0.653367;gHO_sBM_cAll_d21_mHO5_ch05:0.645597;gHO_sBM_cAll_d20_mHO5_ch05:0.642366;gHO_sBM_cAll_d21_mHO5_ch02:0.642221;gHO_sBM_cAll_d20_mHO5_ch04:0.641543;gHO_sBM_cAll_d21_mHO5_ch04:0.639527,Electronic---Techno:0.264635;Electronic---Electro:0.206588;Electronic---Deep Techno:0.115323;Electronic---Deep House:0.110097;Electronic---Synthwave:0.102563,PO:v1:k0:r1,,JB3,0.677868,gHO_sBM_cAll_d20_mHO5_ch10,0.663405,120.967742
22.904000,22.938077800,,hermite,terminal_hold,Bridge preparation did not finish before the terminal state,,,,0,0.0,1,gPO_sBM_cAll_d12_mPO3_ch02,,,21.464000,gHO_sBM_cAll_d20_mHO5_ch10;gHO_sBM_cAll_d21_mHO5_ch10;gHO_sBM_cAll_d20_mHO5_ch06;gHO_sBM_cAll_d21_mHO5_ch09;gHO_sBM_cAll_d21_mHO5_ch03,18.496649,113,,,,1.000000000,0.216061185,0.000000,motion_end,0.216061185,0.077234,0.128347,0.034431,0.000000,0.087300,0.000000,4.270833,0.350000,beat-sync,0.813767,1.319444,,-0.348114502,0.234246373,right_wrist_yaw,0.000000000,right_wrist_pitch,0.234246373,right_wrist_yaw,0.000000000,right_wrist_pitch,-0.479851,0.464869,0.856513,1.913154,0.000000000,0.000000000,0.000000000,0.000848661,0.000711361,0.006492620,22.264000,0.000000000,0.000000000,,0.000000,0.000000,0.000000,,0.009049842,0,1,0,10,gPO_sBM_cAll_d10_mPO0_ch01;gPO_sBM_cAll_d11_mPO0_ch01;gPO_sBM_cAll_d11_mPO0_ch02;gPO_sBM_cAll_d10_mPO0_ch02;gPO_sBM_cAll_d12_mPO3_ch02;gHO_sBM_cAll_d20_mHO5_ch10;gHO_sBM_cAll_d21_mHO5_ch10;gHO_sBM_cAll_d20_mHO5_ch06;gHO_sBM_cAll_d21_mHO5_ch09;gHO_sBM_cAll_d21_mHO5_ch03,,45.737300,512.471300,52.990200,3525.844700,accepted,0.959906,,0.927102,0.258277422,30.191353,0.090629,HO,0.859024,0.007926,0.002764,JB3:0.677868;JB5:0.669942;JB1:0.652486;LO4:0.630921;WA4:0.621112,gHO_sBM_cAll_d20_mHO5_ch10:0.663405;gHO_sBM_cAll_d21_mHO5_ch10:0.660641;gHO_sBM_cAll_d20_mHO5_ch06:0.660523;gHO_sBM_cAll_d21_mHO5_ch09:0.659468;gHO_sBM_cAll_d21_mHO5_ch03:0.653367;gHO_sBM_cAll_d21_mHO5_ch05:0.645597;gHO_sBM_cAll_d20_mHO5_ch05:0.642366;gHO_sBM_cAll_d21_mHO5_ch02:0.642221;gHO_sBM_cAll_d20_mHO5_ch04:0.641543;gHO_sBM_cAll_d21_mHO5_ch04:0.639527,Electronic---Techno:0.264635;Electronic---Electro:0.206588;Electronic---Deep Techno:0.115323;Electronic---Deep House:0.110097;Electronic---Synthwave:0.102563,PO:v1:k0:r1,,JB3,0.677868,gHO_sBM_cAll_d20_mHO5_ch10,0.663405,120.967742
22.968000,22.994982800,,hermite,terminal_hold,Bridge preparation did not finish before the terminal state,,,,0,0.0,1,gPO_sBM_cAll_d12_mPO3_ch02,,,21.464000,gHO_sBM_cAll_d20_mHO5_ch10;gHO_sBM_cAll_d21_mHO5_ch10;gHO_sBM_cAll_d20_mHO5_ch06;gHO_sBM_cAll_d21_mHO5_ch09;gHO_sBM_cAll_d21_mHO5_ch03,18.496649,113,,,,1.000000000,0.216061185,0.000000,motion_end,0.216061185,0.077234,0.128347,0.034431,0.000000,0.087300,0.000000,4.270833,0.350000,beat-sync,0.813767,0.883838,,-0.490463482,0.234246373,right_wrist_yaw,0.000000000,right_wrist_pitch,0.234246373,right_wrist_yaw,0.000000000,right_wrist_pitch,-0.479851,0.464869,0.856513,1.913154,0.000000000,0.000000000,0.000000000,0.000848661,0.000711361,0.006492620,22.936000,0.000000000,0.000000000,,0.000000,0.000000,0.000000,,0.009038002,0,1,0,10,gPO_sBM_cAll_d10_mPO0_ch01;gPO_sBM_cAll_d11_mPO0_ch01;gPO_sBM_cAll_d11_mPO0_ch02;gPO_sBM_cAll_d10_mPO0_ch02;gPO_sBM_cAll_d12_mPO3_ch02;gHO_sBM_cAll_d20_mHO5_ch10;gHO_sBM_cAll_d21_mHO5_ch10;gHO_sBM_cAll_d20_mHO5_ch06;gHO_sBM_cAll_d21_mHO5_ch09;gHO_sBM_cAll_d21_mHO5_ch03,,45.737300,512.471300,52.990200,3525.844700,accepted,0.959906,,0.927102,0.258277422,30.191353,0.090629,HO,0.859024,0.007926,0.002764,JB3:0.677868;JB5:0.669942;JB1:0.652486;LO4:0.630921;WA4:0.621112,gHO_sBM_cAll_d20_mHO5_ch10:0.663405;gHO_sBM_cAll_d21_mHO5_ch10:0.660641;gHO_sBM_cAll_d20_mHO5_ch06:0.660523;gHO_sBM_cAll_d21_mHO5_ch09:0.659468;gHO_sBM_cAll_d21_mHO5_ch03:0.653367;gHO_sBM_cAll_d21_mHO5_ch05:0.645597;gHO_sBM_cAll_d20_mHO5_ch05:0.642366;gHO_sBM_cAll_d21_mHO5_ch02:0.642221;gHO_sBM_cAll_d20_mHO5_ch04:0.641543;gHO_sBM_cAll_d21_mHO5_ch04:0.639527,Electronic---Techno:0.264635;Electronic---Electro:0.206588;Electronic---Deep Techno:0.115323;Electronic---Deep House:0.110097;Electronic---Synthwave:0.102563,PO:v1:k0:r1,,JB3,0.677868,gHO_sBM_cAll_d20_mHO5_ch10,0.663405,120.967742
23.032000,23.058045900,,hermite,terminal_hold,Bridge preparation did not finish before the terminal state,,,,0,0.0,1,gPO_sBM_cAll_d12_mPO3_ch02,,,21.464000,gHO_sBM_cAll_d20_mHO5_ch10;gHO_sBM_cAll_d21_mHO5_ch10;gHO_sBM_cAll_d20_mHO5_ch06;gHO_sBM_cAll_d21_mHO5_ch09;gHO_sBM_cAll_d21_mHO5_ch03,18.496649,113,,,,1.000000000,0.216061185,0.000000,motion_end,0.216061185,0.077234,0.128347,0.034431,0.000000,0.087300,0.000000,4.270833,0.350000,beat-sync,0.813767,0.883838,,-0.490463482,0.234246373,right_wrist_yaw,0.000000000,right_wrist_pitch,0.234246373,right_wrist_yaw,0.000000000,right_wrist_pitch,-0.479851,0.464869,0.856513,1.913154,0.000000000,0.000000000,0.000000000,0.000848661,0.000711361,0.006492620,22.936000,0.000000000,0.000000000,,0.000000,0.000000,0.000000,,0.009026192,0,1,0,10,gPO_sBM_cAll_d10_mPO0_ch01;gPO_sBM_cAll_d11_mPO0_ch01;gPO_sBM_cAll_d11_mPO0_ch02;gPO_sBM_cAll_d10_mPO0_ch02;gPO_sBM_cAll_d12_mPO3_ch02;gHO_sBM_cAll_d20_mHO5_ch10;gHO_sBM_cAll_d21_mHO5_ch10;gHO_sBM_cAll_d20_mHO5_ch06;gHO_sBM_cAll_d21_mHO5_ch09;gHO_sBM_cAll_d21_mHO5_ch03,,45.737300,512.471300,52.990200,3525.844700,accepted,0.959906,,0.927102,0.258277422,30.191353,0.090629,HO,0.859024,0.007926,0.002764,JB3:0.677868;JB5:0.669942;JB1:0.652486;LO4:0.630921;WA4:0.621112,gHO_sBM_cAll_d20_mHO5_ch10:0.663405;gHO_sBM_cAll_d21_mHO5_ch10:0.660641;gHO_sBM_cAll_d20_mHO5_ch06:0.660523;gHO_sBM_cAll_d21_mHO5_ch09:0.659468;gHO_sBM_cAll_d21_mHO5_ch03:0.653367;gHO_sBM_cAll_d21_mHO5_ch05:0.645597;gHO_sBM_cAll_d20_mHO5_ch05:0.642366;gHO_sBM_cAll_d21_mHO5_ch02:0.642221;gHO_sBM_cAll_d20_mHO5_ch04:0.641543;gHO_sBM_cAll_d21_mHO5_ch04:0.639527,Electronic---Techno:0.264635;Electronic---Electro:0.206588;Electronic---Deep Techno:0.115323;Electronic---Deep House:0.110097;Electronic---Synthwave:0.102563,PO:v1:k0:r1,,JB3,0.677868,gHO_sBM_cAll_d20_mHO5_ch10,0.663405,120.967742
23.032000,23.073569900,match,hermite,terminal_hold,Bridge preparation did not finish before the terminal state,,,,0,0.0,1,gPO_sBM_cAll_d12_mPO3_ch02,,,22.488000,gHO_sBM_cAll_d20_mHO5_ch10;gHO_sBM_cAll_d21_mHO5_ch10;gHO_sBM_cAll_d20_mHO5_ch06;gHO_sBM_cAll_d21_mHO5_ch09;gHO_sBM_cAll_d21_mHO5_ch03,18.496649,113,,,,1.000000000,0.216061185,0.000000,motion_end,0.216061185,0.077234,0.128347,0.034431,0.000000,0.087300,0.000000,4.270833,0.350000,beat-sync,0.813767,0.883838,,-0.490463482,0.234246373,right_wrist_yaw,0.000000000,right_wrist_pitch,0.234246373,right_wrist_yaw,0.000000000,right_wrist_pitch,-0.479851,0.464869,0.856513,1.913154,0.000000000,0.000000000,0.000000000,0.000848661,0.000711361,0.006492620,22.936000,0.000000000,0.000000000,,0.000000,0.000000,0.000000,,0.009022263,0,1,0,10,gPO_sBM_cAll_d10_mPO0_ch01;gPO_sBM_cAll_d11_mPO0_ch01;gPO_sBM_cAll_d11_mPO0_ch02;gPO_sBM_cAll_d10_mPO0_ch02;gPO_sBM_cAll_d12_mPO3_ch02;gHO_sBM_cAll_d20_mHO5_ch10;gHO_sBM_cAll_d21_mHO5_ch10;gHO_sBM_cAll_d20_mHO5_ch06;gHO_sBM_cAll_d21_mHO5_ch09;gHO_sBM_cAll_d21_mHO5_ch03,,45.737300,512.471300,52.990200,3525.844700,accepted,0.960961,,0.929020,0.258379730,30.013378,0.091206,HO,0.862215,0.007877,0.002761,JB3:0.676399;JB5:0.668523;JB1:0.650648;LO4:0.632544;WA4:0.621912,gHO_sBM_cAll_d20_mHO5_ch10:0.663842;gHO_sBM_cAll_d21_mHO5_ch10:0.661080;gHO_sBM_cAll_d20_mHO5_ch06:0.660961;gHO_sBM_cAll_d21_mHO5_ch09:0.659908;gHO_sBM_cAll_d21_mHO5_ch03:0.653930;gHO_sBM_cAll_d21_mHO5_ch05:0.646047;gHO_sBM_cAll_d20_mHO5_ch05:0.642812;gHO_sBM_cAll_d21_mHO5_ch02:0.642677;gHO_sBM_cAll_d20_mHO5_ch04:0.641993;gHO_sBM_cAll_d21_mHO5_ch04:0.639983,Electronic---Techno:0.270227;Electronic---Electro:0.203205;Electronic---Deep Techno:0.120918;Electronic---Deep House:0.113228;Electronic---Synthwave:0.099851,PO:v1:k0:r1,,JB3,0.676399,gHO_sBM_cAll_d20_mHO5_ch10,0.663842,120.967742
23.064000,23.079414600,,hermite,terminal_hold,Bridge preparation did not finish before the terminal state,,,,0,0.0,1,gPO_sBM_cAll_d12_mPO3_ch02,,,22.488000,gHO_sBM_cAll_d20_mHO5_ch10;gHO_sBM_cAll_d21_mHO5_ch10;gHO_sBM_cAll_d20_mHO5_ch06;gHO_sBM_cAll_d21_mHO5_ch09;gHO_sBM_cAll_d21_mHO5_ch03,18.496649,113,,,,1.000000000,0.216061185,0.000000,motion_end,0.216061185,0.077234,0.128347,0.034431,0.000000,0.087300,0.000000,4.270833,0.350000,beat-sync,0.813767,0.883838,,-0.490463482,0.234246373,right_wrist_yaw,0.000000000,right_wrist_pitch,0.234246373,right_wrist_yaw,0.000000000,right_wrist_pitch,-0.479851,0.464869,0.856513,1.913154,0.000000000,0.000000000,0.000000000,0.000848661,0.000711361,0.006492620,22.936000,0.000000000,0.000000000,,0.000000,0.000000,0.000000,,0.009018337,0,1,0,10,gPO_sBM_cAll_d10_mPO0_ch01;gPO_sBM_cAll_d11_mPO0_ch01;gPO_sBM_cAll_d11_mPO0_ch02;gPO_sBM_cAll_d10_mPO0_ch02;gPO_sBM_cAll_d12_mPO3_ch02;gHO_sBM_cAll_d20_mHO5_ch10;gHO_sBM_cAll_d21_mHO5_ch10;gHO_sBM_cAll_d20_mHO5_ch06;gHO_sBM_cAll_d21_mHO5_ch09;gHO_sBM_cAll_d21_mHO5_ch03,,45.737300,512.471300,52.990200,3525.844700,accepted,0.960961,,0.929020,0.258379730,30.013378,0.091206,HO,0.862215,0.007877,0.002761,JB3:0.676399;JB5:0.668523;JB1:0.650648;LO4:0.632544;WA4:0.621912,gHO_sBM_cAll_d20_mHO5_ch10:0.663842;gHO_sBM_cAll_d21_mHO5_ch10:0.661080;gHO_sBM_cAll_d20_mHO5_ch06:0.660961;gHO_sBM_cAll_d21_mHO5_ch09:0.659908;gHO_sBM_cAll_d21_mHO5_ch03:0.653930;gHO_sBM_cAll_d21_mHO5_ch05:0.646047;gHO_sBM_cAll_d20_mHO5_ch05:0.642812;gHO_sBM_cAll_d21_mHO5_ch02:0.642677;gHO_sBM_cAll_d20_mHO5_ch04:0.641993;gHO_sBM_cAll_d21_mHO5_ch04:0.639983,Electronic---Techno:0.270227;Electronic---Electro:0.203205;Electronic---Deep Techno:0.120918;Electronic---Deep House:0.113228;Electronic---Synthwave:0.099851,PO:v1:k0:r1,,JB3,0.676399,gHO_sBM_cAll_d20_mHO5_ch10,0.663842,120.967742
23.064000,23.113415600,beat_limiter_result,hermite,terminal_hold,Bridge preparation did not finish before the terminal state,,,,0,0.0,1,gPO_sBM_cAll_d12_mPO3_ch02,,,22.488000,gHO_sBM_cAll_d20_mHO5_ch10;gHO_sBM_cAll_d21_mHO5_ch10;gHO_sBM_cAll_d20_mHO5_ch06;gHO_sBM_cAll_d21_mHO5_ch09;gHO_sBM_cAll_d21_mHO5_ch03,18.496649,113,,,,1.000000000,0.216061185,0.000000,motion_end,0.216061185,0.077234,0.128347,0.034431,0.000000,0.087300,0.000000,4.270833,0.350000,beat-sync,0.813767,0.883838,,-0.490463482,0.234246373,right_wrist_yaw,0.000000000,right_wrist_pitch,0.234246373,right_wrist_yaw,0.000000000,right_wrist_pitch,-0.479851,0.464869,0.856513,1.913154,0.000000000,0.000000000,0.000000000,0.000848661,0.000711361,0.006492620,22.936000,0.000000000,0.000000000,,0.000000,0.000000,0.000000,,0.009010495,0,1,0,10,gPO_sBM_cAll_d10_mPO0_ch01;gPO_sBM_cAll_d11_mPO0_ch01;gPO_sBM_cAll_d11_mPO0_ch02;gPO_sBM_cAll_d10_mPO0_ch02;gPO_sBM_cAll_d12_mPO3_ch02;gHO_sBM_cAll_d20_mHO5_ch10;gHO_sBM_cAll_d21_mHO5_ch10;gHO_sBM_cAll_d20_mHO5_ch06;gHO_sBM_cAll_d21_mHO5_ch09;gHO_sBM_cAll_d21_mHO5_ch03,,45.737300,512.471300,52.990200,3525.844700,accepted,0.960961,,0.929020,0.258379730,30.013378,0.091206,HO,0.862215,0.007877,0.002761,JB3:0.676399;JB5:0.668523;JB1:0.650648;LO4:0.632544;WA4:0.621912,gHO_sBM_cAll_d20_mHO5_ch10:0.663842;gHO_sBM_cAll_d21_mHO5_ch10:0.661080;gHO_sBM_cAll_d20_mHO5_ch06:0.660961;gHO_sBM_cAll_d21_mHO5_ch09:0.659908;gHO_sBM_cAll_d21_mHO5_ch03:0.653930;gHO_sBM_cAll_d21_mHO5_ch05:0.646047;gHO_sBM_cAll_d20_mHO5_ch05:0.642812;gHO_sBM_cAll_d21_mHO5_ch02:0.642677;gHO_sBM_cAll_d20_mHO5_ch04:0.641993;gHO_sBM_cAll_d21_mHO5_ch04:0.639983,Electronic---Techno:0.270227;Electronic---Electro:0.203205;Electronic---Deep Techno:0.120918;Electronic---Deep House:0.113228;Electronic---Synthwave:0.099851,PO:v1:k0:r1,,JB3,0.676399,gHO_sBM_cAll_d20_mHO5_ch10,0.663842,120.967742
23.128000,23.153742800,,hermite,terminal_hold,Bridge preparation did not finish before the terminal state,,,,0,0.0,1,gPO_sBM_cAll_d12_mPO3_ch02,,,22.488000,gHO_sBM_cAll_d20_mHO5_ch10;gHO_sBM_cAll_d21_mHO5_ch10;gHO_sBM_cAll_d20_mHO5_ch06;gHO_sBM_cAll_d21_mHO5_ch09;gHO_sBM_cAll_d21_mHO5_ch03,18.496649,113,,,,1.000000000,0.216061185,0.000000,motion_end,0.216061185,0.077234,0.128347,0.034431,0.000000,0.087300,0.000000,4.270833,0.350000,beat-sync,0.813767,0.883838,,-0.490463482,0.234246373,right_wrist_yaw,0.000000000,right_wrist_pitch,0.234246373,right_wrist_yaw,0.000000000,right_wrist_pitch,-0.479851,0.464869,0.856513,1.913154,0.000000000,0.000000000,0.000000000,0.000848661,0.000711361,0.006492620,22.936000,0.000000000,0.000000000,,0.000000,0.000000,0.000000,,0.009002666,0,1,0,10,gPO_sBM_cAll_d10_mPO0_ch01;gPO_sBM_cAll_d11_mPO0_ch01;gPO_sBM_cAll_d11_mPO0_ch02;gPO_sBM_cAll_d10_mPO0_ch02;gPO_sBM_cAll_d12_mPO3_ch02;gHO_sBM_cAll_d20_mHO5_ch10;gHO_sBM_cAll_d21_mHO5_ch10;gHO_sBM_cAll_d20_mHO5_ch06;gHO_sBM_cAll_d21_mHO5_ch09;gHO_sBM_cAll_d21_mHO5_ch03,,45.737300,512.471300,52.990200,3525.844700,accepted,0.960961,,0.929020,0.258379730,30.013378,0.091206,HO,0.862215,0.007877,0.002761,JB3:0.676399;JB5:0.668523;JB1:0.650648;LO4:0.632544;WA4:0.621912,gHO_sBM_cAll_d20_mHO5_ch10:0.663842;gHO_sBM_cAll_d21_mHO5_ch10:0.661080;gHO_sBM_cAll_d20_mHO5_ch06:0.660961;gHO_sBM_cAll_d21_mHO5_ch09:0.659908;gHO_sBM_cAll_d21_mHO5_ch03:0.653930;gHO_sBM_cAll_d21_mHO5_ch05:0.646047;gHO_sBM_cAll_d20_mHO5_ch05:0.642812;gHO_sBM_cAll_d21_mHO5_ch02:0.642677;gHO_sBM_cAll_d20_mHO5_ch04:0.641993;gHO_sBM_cAll_d21_mHO5_ch04:0.639983,Electronic---Techno:0.270227;Electronic---Electro:0.203205;Electronic---Deep Techno:0.120918;Electronic---Deep House:0.113228;Electronic---Synthwave:0.099851,PO:v1:k0:r1,,JB3,0.676399,gHO_sBM_cAll_d20_mHO5_ch10,0.663842,120.967742
23.160000,23.199499900,,hermite,terminal_hold,Bridge preparation did not finish before the terminal state,,,,0,0.0,1,gPO_sBM_cAll_d12_mPO3_ch02,,,22.488000,gHO_sBM_cAll_d20_mHO5_ch10;gHO_sBM_cAll_d21_mHO5_ch10;gHO_sBM_cAll_d20_mHO5_ch06;gHO_sBM_cAll_d21_mHO5_ch09;gHO_sBM_cAll_d21_mHO5_ch03,18.496649,113,,,,1.000000000,0.216061185,0.000000,motion_end,0.216061185,0.077234,0.128347,0.034431,0.000000,0.087300,0.000000,4.270833,0.350000,beat-sync,0.813767,0.883838,,-0.490463482,0.234246373,right_wrist_yaw,0.000000000,right_wrist_pitch,0.234246373,right_wrist_yaw,0.000000000,right_wrist_pitch,-0.479851,0.464869,0.856513,1.913154,0.000000000,0.000000000,0.000000000,0.000848661,0.000711361,0.006492620,22.936000,0.000000000,0.000000000,,0.000000,0.000000,0.000000,,0.008994852,0,1,0,10,gPO_sBM_cAll_d10_mPO0_ch01;gPO_sBM_cAll_d11_mPO0_ch01;gPO_sBM_cAll_d11_mPO0_ch02;gPO_sBM_cAll_d10_mPO0_ch02;gPO_sBM_cAll_d12_mPO3_ch02;gHO_sBM_cAll_d20_mHO5_ch10;gHO_sBM_cAll_d21_mHO5_ch10;gHO_sBM_cAll_d20_mHO5_ch06;gHO_sBM_cAll_d21_mHO5_ch09;gHO_sBM_cAll_d21_mHO5_ch03,,45.737300,512.471300,52.990200,3525.844700,accepted,0.960961,,0.929020,0.258379730,30.013378,0.091206,HO,0.862215,0.007877,0.002761,JB3:0.676399;JB5:0.668523;JB1:0.650648;LO4:0.632544;WA4:0.621912,gHO_sBM_cAll_d20_mHO5_ch10:0.663842;gHO_sBM_cAll_d21_mHO5_ch10:0.661080;gHO_sBM_cAll_d20_mHO5_ch06:0.660961;gHO_sBM_cAll_d21_mHO5_ch09:0.659908;gHO_sBM_cAll_d21_mHO5_ch03:0.653930;gHO_sBM_cAll_d21_mHO5_ch05:0.646047;gHO_sBM_cAll_d20_mHO5_ch05:0.642812;gHO_sBM_cAll_d21_mHO5_ch02:0.642677;gHO_sBM_cAll_d20_mHO5_ch04:0.641993;gHO_sBM_cAll_d21_mHO5_ch04:0.639983,Electronic---Techno:0.270227;Electronic---Electro:0.203205;Electronic---Deep Techno:0.120918;Electronic---Deep House:0.113228;Electronic---Synthwave:0.099851,PO:v1:k0:r1,,JB3,0.676399,gHO_sBM_cAll_d20_mHO5_ch10,0.663842,120.967742
23.224000,23.248591300,,hermite,terminal_hold,Bridge preparation did not finish before the terminal state,,,,0,0.0,1,gPO_sBM_cAll_d12_mPO3_ch02,,,22.488000,gHO_sBM_cAll_d20_mHO5_ch10;gHO_sBM_cAll_d21_mHO5_ch10;gHO_sBM_cAll_d20_mHO5_ch06;gHO_sBM_cAll_d21_mHO5_ch09;gHO_sBM_cAll_d21_mHO5_ch03,18.496649,113,,,,1.000000000,0.216061185,0.000000,motion_end,0.216061185,0.077234,0.128347,0.034431,0.000000,0.087300,0.000000,4.270833,0.350000,beat-sync,0.813767,0.883838,,-0.490463482,0.234246373,right_wrist_yaw,0.000000000,right_wrist_pitch,0.234246373,right_wrist_yaw,0.000000000,right_wrist_pitch,-0.479851,0.464869,0.856513,1.913154,0.000000000,0.000000000,0.000000000,0.000848661,0.000711361,0.006492620,22.936000,0.000000000,0.000000000,,0.000000,0.000000,0.000000,,0.008983155,0,1,0,10,gPO_sBM_cAll_d10_mPO0_ch01;gPO_sBM_cAll_d11_mPO0_ch01;gPO_sBM_cAll_d11_mPO0_ch02;gPO_sBM_cAll_d10_mPO0_ch02;gPO_sBM_cAll_d12_mPO3_ch02;gHO_sBM_cAll_d20_mHO5_ch10;gHO_sBM_cAll_d21_mHO5_ch10;gHO_sBM_cAll_d20_mHO5_ch06;gHO_sBM_cAll_d21_mHO5_ch09;gHO_sBM_cAll_d21_mHO5_ch03,,45.737300,512.471300,52.990200,3525.844700,accepted,0.960961,,0.929020,0.258379730,30.013378,0.091206,HO,0.862215,0.007877,0.002761,JB3:0.676399;JB5:0.668523;JB1:0.650648;LO4:0.632544;WA4:0.621912,gHO_sBM_cAll_d20_mHO5_ch10:0.663842;gHO_sBM_cAll_d21_mHO5_ch10:0.661080;gHO_sBM_cAll_d20_mHO5_ch06:0.660961;gHO_sBM_cAll_d21_mHO5_ch09:0.659908;gHO_sBM_cAll_d21_mHO5_ch03:0.653930;gHO_sBM_cAll_d21_mHO5_ch05:0.646047;gHO_sBM_cAll_d20_mHO5_ch05:0.642812;gHO_sBM_cAll_d21_mHO5_ch02:0.642677;gHO_sBM_cAll_d20_mHO5_ch04:0.641993;gHO_sBM_cAll_d21_mHO5_ch04:0.639983,Electronic---Techno:0.270227;Electronic---Electro:0.203205;Electronic---Deep Techno:0.120918;Electronic---Deep House:0.113228;Electronic---Synthwave:0.099851,PO:v1:k0:r1,,JB3,0.676399,gHO_sBM_cAll_d20_mHO5_ch10,0.663842,120.967742
23.256000,23.300069500,,hermite,terminal_hold,Bridge preparation did not finish before the terminal state,,,,0,0.0,1,gPO_sBM_cAll_d12_mPO3_ch02,,,22.488000,gHO_sBM_cAll_d20_mHO5_ch10;gHO_sBM_cAll_d21_mHO5_ch10;gHO_sBM_cAll_d20_mHO5_ch06;gHO_sBM_cAll_d21_mHO5_ch09;gHO_sBM_cAll_d21_mHO5_ch03,18.496649,113,,,,1.000000000,0.216061185,0.000000,motion_end,0.216061185,0.077234,0.128347,0.034431,0.000000,0.087300,0.000000,4.270833,0.350000,beat-sync,0.813767,1.257184,,0.350469306,0.234246373,right_wrist_yaw,0.000000000,right_wrist_pitch,0.234246373,right_wrist_yaw,0.000000000,right_wrist_pitch,-0.479851,0.464869,0.856513,1.913154,0.000000000,0.000000000,0.000000000,0.000848661,0.000711361,0.006492620,23.224000,0.000000000,0.000000000,,0.000000,0.000000,0.000000,,0.008975374,0,1,0,10,gPO_sBM_cAll_d10_mPO0_ch01;gPO_sBM_cAll_d11_mPO0_ch01;gPO_sBM_cAll_d11_mPO0_ch02;gPO_sBM_cAll_d10_mPO0_ch02;gPO_sBM_cAll_d12_mPO3_ch02;gHO_sBM_cAll_d20_mHO5_ch10;gHO_sBM_cAll_d21_mHO5_ch10;gHO_sBM_cAll_d20_mHO5_ch06;gHO_sBM_cAll_d21_mHO5_ch09;gHO_sBM_cAll_d21_mHO5_ch03,,45.737300,512.471300,52.990200,3525.844700,accepted,0.960961,,0.929020,0.258379730,30.013378,0.091206,HO,0.862215,0.007877,0.002761,JB3:0.676399;JB5:0.668523;JB1:0.650648;LO4:0.632544;WA4:0.621912,gHO_sBM_cAll_d20_mHO5_ch10:0.663842;gHO_sBM_cAll_d21_mHO5_ch10:0.661080;gHO_sBM_cAll_d20_mHO5_ch06:0.660961;gHO_sBM_cAll_d21_mHO5_ch09:0.659908;gHO_sBM_cAll_d21_mHO5_ch03:0.653930;gHO_sBM_cAll_d21_mHO5_ch05:0.646047;gHO_sBM_cAll_d20_mHO5_ch05:0.642812;gHO_sBM_cAll_d21_mHO5_ch02:0.642677;gHO_sBM_cAll_d20_mHO5_ch04:0.641993;gHO_sBM_cAll_d21_mHO5_ch04:0.639983,Electronic---Techno:0.270227;Electronic---Electro:0.203205;Electronic---Deep Techno:0.120918;Electronic---Deep House:0.113228;Electronic---Synthwave:0.099851,PO:v1:k0:r1,,JB3,0.676399,gHO_sBM_cAll_d20_mHO5_ch10,0.663842,120.967742
23.320000,23.348334900,,hermite,terminal_hold,Bridge preparation did not finish before the terminal state,,,,0,0.0,1,gPO_sBM_cAll_d12_mPO3_ch02,,,22.488000,gHO_sBM_cAll_d20_mHO5_ch10;gHO_sBM_cAll_d21_mHO5_ch10;gHO_sBM_cAll_d20_mHO5_ch06;gHO_sBM_cAll_d21_mHO5_ch09;gHO_sBM_cAll_d21_mHO5_ch03,18.496649,113,,,,1.000000000,0.216061185,0.000000,motion_end,0.216061185,0.077234,0.128347,0.034431,0.000000,0.087300,0.000000,4.270833,0.350000,beat-sync,0.813767,1.257184,,0.350469306,0.234246373,right_wrist_yaw,0.000000000,right_wrist_pitch,0.234246373,right_wrist_yaw,0.000000000,right_wrist_pitch,-0.479851,0.464869,0.856513,1.913154,0.000000000,0.000000000,0.000000000,0.000848661,0.000711361,0.006492620,23.224000,0.000000000,0.000000000,,0.000000,0.000000,0.000000,,0.008963727,0,1,0,10,gPO_sBM_cAll_d10_mPO0_ch01;gPO_sBM_cAll_d11_mPO0_ch01;gPO_sBM_cAll_d11_mPO0_ch02;gPO_sBM_cAll_d10_mPO0_ch02;gPO_sBM_cAll_d12_mPO3_ch02;gHO_sBM_cAll_d20_mHO5_ch10;gHO_sBM_cAll_d21_mHO5_ch10;gHO_sBM_cAll_d20_mHO5_ch06;gHO_sBM_cAll_d21_mHO5_ch09;gHO_sBM_cAll_d21_mHO5_ch03,,45.737300,512.471300,52.990200,3525.844700,accepted,0.960961,,0.929020,0.258379730,30.013378,0.091206,HO,0.862215,0.007877,0.002761,JB3:0.676399;JB5:0.668523;JB1:0.650648;LO4:0.632544;WA4:0.621912,gHO_sBM_cAll_d20_mHO5_ch10:0.663842;gHO_sBM_cAll_d21_mHO5_ch10:0.661080;gHO_sBM_cAll_d20_mHO5_ch06:0.660961;gHO_sBM_cAll_d21_mHO5_ch09:0.659908;gHO_sBM_cAll_d21_mHO5_ch03:0.653930;gHO_sBM_cAll_d21_mHO5_ch05:0.646047;gHO_sBM_cAll_d20_mHO5_ch05:0.642812;gHO_sBM_cAll_d21_mHO5_ch02:0.642677;gHO_sBM_cAll_d20_mHO5_ch04:0.641993;gHO_sBM_cAll_d21_mHO5_ch04:0.639983,Electronic---Techno:0.270227;Electronic---Electro:0.203205;Electronic---Deep Techno:0.120918;Electronic---Deep House:0.113228;Electronic---Synthwave:0.099851,PO:v1:k0:r1,,JB3,0.676399,gHO_sBM_cAll_d20_mHO5_ch10,0.663842,120.967742
23.352000,23.389854400,,hermite,terminal_hold,Bridge preparation did not finish before the terminal state,,,,0,0.0,1,gPO_sBM_cAll_d12_mPO3_ch02,,,22.488000,gHO_sBM_cAll_d20_mHO5_ch10;gHO_sBM_cAll_d21_mHO5_ch10;gHO_sBM_cAll_d20_mHO5_ch06;gHO_sBM_cAll_d21_mHO5_ch09;gHO_sBM_cAll_d21_mHO5_ch03,18.496649,113,,,,1.000000000,0.216061185,0.000000,motion_end,0.216061185,0.077234,0.128347,0.034431,0.000000,0.087300,0.000000,4.270833,0.350000,beat-sync,0.813767,1.257184,,0.350469306,0.234246373,right_wrist_yaw,0.000000000,right_wrist_pitch,0.234246373,right_wrist_yaw,0.000000000,right_wrist_pitch,-0.479851,0.464869,0.856513,1.913154,0.000000000,0.000000000,0.000000000,0.000848661,0.000711361,0.006492620,23.224000,0.000000000,0.000000000,,0.000000,0.000000,0.000000,,0.008955980,0,1,0,10,gPO_sBM_cAll_d10_mPO0_ch01;gPO_sBM_cAll_d11_mPO0_ch01;gPO_sBM_cAll_d11_mPO0_ch02;gPO_sBM_cAll_d10_mPO0_ch02;gPO_sBM_cAll_d12_mPO3_ch02;gHO_sBM_cAll_d20_mHO5_ch10;gHO_sBM_cAll_d21_mHO5_ch10;gHO_sBM_cAll_d20_mHO5_ch06;gHO_sBM_cAll_d21_mHO5_ch09;gHO_sBM_cAll_d21_mHO5_ch03,,45.737300,512.471300,52.990200,3525.844700,accepted,0.960961,,0.929020,0.258379730,30.013378,0.091206,HO,0.862215,0.007877,0.002761,JB3:0.676399;JB5:0.668523;JB1:0.650648;LO4:0.632544;WA4:0.621912,gHO_sBM_cAll_d20_mHO5_ch10:0.663842;gHO_sBM_cAll_d21_mHO5_ch10:0.661080;gHO_sBM_cAll_d20_mHO5_ch06:0.660961;gHO_sBM_cAll_d21_mHO5_ch09:0.659908;gHO_sBM_cAll_d21_mHO5_ch03:0.653930;gHO_sBM_cAll_d21_mHO5_ch05:0.646047;gHO_sBM_cAll_d20_mHO5_ch05:0.642812;gHO_sBM_cAll_d21_mHO5_ch02:0.642677;gHO_sBM_cAll_d20_mHO5_ch04:0.641993;gHO_sBM_cAll_d21_mHO5_ch04:0.639983,Electronic---Techno:0.270227;Electronic---Electro:0.203205;Electronic---Deep Techno:0.120918;Electronic---Deep House:0.113228;Electronic---Synthwave:0.099851,PO:v1:k0:r1,,JB3,0.676399,gHO_sBM_cAll_d20_mHO5_ch10,0.663842,120.967742
23.384000,23.421705100,beat_limiter_result,hermite,terminal_hold,Bridge preparation did not finish before the terminal state,,,,0,0.0,1,gPO_sBM_cAll_d12_mPO3_ch02,,,22.488000,gHO_sBM_cAll_d20_mHO5_ch10;gHO_sBM_cAll_d21_mHO5_ch10;gHO_sBM_cAll_d20_mHO5_ch06;gHO_sBM_cAll_d21_mHO5_ch09;gHO_sBM_cAll_d21_mHO5_ch03,18.496649,113,,,,1.000000000,0.216061185,0.000000,motion_end,0.216061185,0.077234,0.128347,0.034431,0.000000,0.087300,0.000000,4.270833,0.350000,beat-sync,0.813767,1.257184,,0.350469306,0.234246373,right_wrist_yaw,0.000000000,right_wrist_pitch,0.234246373,right_wrist_yaw,0.000000000,right_wrist_pitch,-0.479851,0.464869,0.856513,1.913154,0.000000000,0.000000000,0.000000000,0.000848661,0.000711361,0.006492620,23.224000,0.000000000,0.000000000,,0.000000,0.000000,0.000000,,0.008948246,0,1,0,10,gPO_sBM_cAll_d10_mPO0_ch01;gPO_sBM_cAll_d11_mPO0_ch01;gPO_sBM_cAll_d11_mPO0_ch02;gPO_sBM_cAll_d10_mPO0_ch02;gPO_sBM_cAll_d12_mPO3_ch02;gHO_sBM_cAll_d20_mHO5_ch10;gHO_sBM_cAll_d21_mHO5_ch10;gHO_sBM_cAll_d20_mHO5_ch06;gHO_sBM_cAll_d21_mHO5_ch09;gHO_sBM_cAll_d21_mHO5_ch03,,45.737300,512.471300,52.990200,3525.844700,accepted,0.960961,,0.929020,0.258379730,30.013378,0.091206,HO,0.862215,0.007877,0.002761,JB3:0.676399;JB5:0.668523;JB1:0.650648;LO4:0.632544;WA4:0.621912,gHO_sBM_cAll_d20_mHO5_ch10:0.663842;gHO_sBM_cAll_d21_mHO5_ch10:0.661080;gHO_sBM_cAll_d20_mHO5_ch06:0.660961;gHO_sBM_cAll_d21_mHO5_ch09:0.659908;gHO_sBM_cAll_d21_mHO5_ch03:0.653930;gHO_sBM_cAll_d21_mHO5_ch05:0.646047;gHO_sBM_cAll_d20_mHO5_ch05:0.642812;gHO_sBM_cAll_d21_mHO5_ch02:0.642677;gHO_sBM_cAll_d20_mHO5_ch04:0.641993;gHO_sBM_cAll_d21_mHO5_ch04:0.639983,Electronic---Techno:0.270227;Electronic---Electro:0.203205;Electronic---Deep Techno:0.120918;Electronic---Deep House:0.113228;Electronic---Synthwave:0.099851,PO:v1:k0:r1,,JB3,0.676399,gHO_sBM_cAll_d20_mHO5_ch10,0.663842,120.967742
23.416000,23.438213700,,hermite,terminal_hold,Bridge preparation did not finish before the terminal state,,,,0,0.0,1,gPO_sBM_cAll_d12_mPO3_ch02,,,22.488000,gHO_sBM_cAll_d20_mHO5_ch10;gHO_sBM_cAll_d21_mHO5_ch10;gHO_sBM_cAll_d20_mHO5_ch06;gHO_sBM_cAll_d21_mHO5_ch09;gHO_sBM_cAll_d21_mHO5_ch03,18.496649,113,,,,1.000000000,0.216061185,0.000000,motion_end,0.216061185,0.077234,0.128347,0.034431,0.000000,0.087300,0.000000,4.270833,0.350000,beat-sync,0.813767,1.257184,,0.350469306,0.234246373,right_wrist_yaw,0.000000000,right_wrist_pitch,0.234246373,right_wrist_yaw,0.000000000,right_wrist_pitch,-0.479851,0.464869,0.856513,1.913154,0.000000000,0.000000000,0.000000000,0.000848661,0.000711361,0.006492620,23.224000,0.000000000,0.000000000,,0.000000,0.000000,0.000000,,0.008944384,0,1,0,10,gPO_sBM_cAll_d10_mPO0_ch01;gPO_sBM_cAll_d11_mPO0_ch01;gPO_sBM_cAll_d11_mPO0_ch02;gPO_sBM_cAll_d10_mPO0_ch02;gPO_sBM_cAll_d12_mPO3_ch02;gHO_sBM_cAll_d20_mHO5_ch10;gHO_sBM_cAll_d21_mHO5_ch10;gHO_sBM_cAll_d20_mHO5_ch06;gHO_sBM_cAll_d21_mHO5_ch09;gHO_sBM_cAll_d21_mHO5_ch03,,45.737300,512.471300,52.990200,3525.844700,accepted,0.960961,,0.929020,0.258379730,30.013378,0.091206,HO,0.862215,0.007877,0.002761,JB3:0.676399;JB5:0.668523;JB1:0.650648;LO4:0.632544;WA4:0.621912,gHO_sBM_cAll_d20_mHO5_ch10:0.663842;gHO_sBM_cAll_d21_mHO5_ch10:0.661080;gHO_sBM_cAll_d20_mHO5_ch06:0.660961;gHO_sBM_cAll_d21_mHO5_ch09:0.659908;gHO_sBM_cAll_d21_mHO5_ch03:0.653930;gHO_sBM_cAll_d21_mHO5_ch05:0.646047;gHO_sBM_cAll_d20_mHO5_ch05:0.642812;gHO_sBM_cAll_d21_mHO5_ch02:0.642677;gHO_sBM_cAll_d20_mHO5_ch04:0.641993;gHO_sBM_cAll_d21_mHO5_ch04:0.639983,Electronic---Techno:0.270227;Electronic---Electro:0.203205;Electronic---Deep Techno:0.120918;Electronic---Deep House:0.113228;Electronic---Synthwave:0.099851,PO:v1:k0:r1,,JB3,0.676399,gHO_sBM_cAll_d20_mHO5_ch10,0.663842,120.967742
23.480000,23.509021200,,hermite,terminal_hold,Bridge preparation did not finish before the terminal state,,,,0,0.0,1,gPO_sBM_cAll_d12_mPO3_ch02,,,22.488000,gHO_sBM_cAll_d20_mHO5_ch10;gHO_sBM_cAll_d21_mHO5_ch10;gHO_sBM_cAll_d20_mHO5_ch06;gHO_sBM_cAll_d21_mHO5_ch09;gHO_sBM_cAll_d21_mHO5_ch03,18.496649,113,,,,1.000000000,0.216061185,0.000000,motion_end,0.216061185,0.077234,0.128347,0.034431,0.000000,0.087300,0.000000,4.270833,0.350000,beat-sync,0.813767,1.257184,,0.350469306,0.234246373,right_wrist_yaw,0.000000000,right_wrist_pitch,0.234246373,right_wrist_yaw,0.000000000,right_wrist_pitch,-0.479851,0.464869,0.856513,1.913154,0.000000000,0.000000000,0.000000000,0.000848661,0.000711361,0.006492620,23.224000,0.000000000,0.000000000,,0.000000,0.000000,0.000000,,0.008925124,0,1,0,10,gPO_sBM_cAll_d10_mPO0_ch01;gPO_sBM_cAll_d11_mPO0_ch01;gPO_sBM_cAll_d11_mPO0_ch02;gPO_sBM_cAll_d10_mPO0_ch02;gPO_sBM_cAll_d12_mPO3_ch02;gHO_sBM_cAll_d20_mHO5_ch10;gHO_sBM_cAll_d21_mHO5_ch10;gHO_sBM_cAll_d20_mHO5_ch06;gHO_sBM_cAll_d21_mHO5_ch09;gHO_sBM_cAll_d21_mHO5_ch03,,45.737300,512.471300,52.990200,3525.844700,accepted,0.960961,,0.929020,0.258379730,30.013378,0.091206,HO,0.862215,0.007877,0.002761,JB3:0.676399;JB5:0.668523;JB1:0.650648;LO4:0.632544;WA4:0.621912,gHO_sBM_cAll_d20_mHO5_ch10:0.663842;gHO_sBM_cAll_d21_mHO5_ch10:0.661080;gHO_sBM_cAll_d20_mHO5_ch06:0.660961;gHO_sBM_cAll_d21_mHO5_ch09:0.659908;gHO_sBM_cAll_d21_mHO5_ch03:0.653930;gHO_sBM_cAll_d21_mHO5_ch05:0.646047;gHO_sBM_cAll_d20_mHO5_ch05:0.642812;gHO_sBM_cAll_d21_mHO5_ch02:0.642677;gHO_sBM_cAll_d20_mHO5_ch04:0.641993;gHO_sBM_cAll_d21_mHO5_ch04:0.639983,Electronic---Techno:0.270227;Electronic---Electro:0.203205;Electronic---Deep Techno:0.120918;Electronic---Deep House:0.113228;Electronic---Synthwave:0.099851,PO:v1:k0:r1,,JB3,0.676399,gHO_sBM_cAll_d20_mHO5_ch10,0.663842,120.967742
23.512000,23.547223100,,hermite,terminal_hold,Bridge preparation did not finish before the terminal state,,,,0,0.0,1,gPO_sBM_cAll_d12_mPO3_ch02,,,22.488000,gHO_sBM_cAll_d20_mHO5_ch10;gHO_sBM_cAll_d21_mHO5_ch10;gHO_sBM_cAll_d20_mHO5_ch06;gHO_sBM_cAll_d21_mHO5_ch09;gHO_sBM_cAll_d21_mHO5_ch03,18.496649,113,,,,1.000000000,0.216061185,0.000000,motion_end,0.216061185,0.077234,0.128347,0.034431,0.000000,0.087300,0.000000,4.270833,0.350000,beat-sync,0.813767,1.257184,,0.350469306,0.234246373,right_wrist_yaw,0.000000000,right_wrist_pitch,0.234246373,right_wrist_yaw,0.000000000,right_wrist_pitch,-0.479851,0.464869,0.856513,1.913154,0.000000000,0.000000000,0.000000000,0.000848661,0.000711361,0.006492620,23.224000,0.000000000,0.000000000,,0.000000,0.000000,0.000000,,0.008917443,0,1,0,10,gPO_sBM_cAll_d10_mPO0_ch01;gPO_sBM_cAll_d11_mPO0_ch01;gPO_sBM_cAll_d11_mPO0_ch02;gPO_sBM_cAll_d10_mPO0_ch02;gPO_sBM_cAll_d12_mPO3_ch02;gHO_sBM_cAll_d20_mHO5_ch10;gHO_sBM_cAll_d21_mHO5_ch10;gHO_sBM_cAll_d20_mHO5_ch06;gHO_sBM_cAll_d21_mHO5_ch09;gHO_sBM_cAll_d21_mHO5_ch03,,45.737300,512.471300,52.990200,3525.844700,accepted,0.960961,,0.929020,0.258379730,30.013378,0.091206,HO,0.862215,0.007877,0.002761,JB3:0.676399;JB5:0.668523;JB1:0.650648;LO4:0.632544;WA4:0.621912,gHO_sBM_cAll_d20_mHO5_ch10:0.663842;gHO_sBM_cAll_d21_mHO5_ch10:0.661080;gHO_sBM_cAll_d20_mHO5_ch06:0.660961;gHO_sBM_cAll_d21_mHO5_ch09:0.659908;gHO_sBM_cAll_d21_mHO5_ch03:0.653930;gHO_sBM_cAll_d21_mHO5_ch05:0.646047;gHO_sBM_cAll_d20_mHO5_ch05:0.642812;gHO_sBM_cAll_d21_mHO5_ch02:0.642677;gHO_sBM_cAll_d20_mHO5_ch04:0.641993;gHO_sBM_cAll_d21_mHO5_ch04:0.639983,Electronic---Techno:0.270227;Electronic---Electro:0.203205;Electronic---Deep Techno:0.120918;Electronic---Deep House:0.113228;Electronic---Synthwave:0.099851,PO:v1:k0:r1,,JB3,0.676399,gHO_sBM_cAll_d20_mHO5_ch10,0.663842,120.967742
23.576000,23.643484300,,hermite,terminal_hold,Bridge preparation did not finish before the terminal state,,,,0,0.0,1,gPO_sBM_cAll_d12_mPO3_ch02,,,22.488000,gHO_sBM_cAll_d20_mHO5_ch10;gHO_sBM_cAll_d21_mHO5_ch10;gHO_sBM_cAll_d20_mHO5_ch06;gHO_sBM_cAll_d21_mHO5_ch09;gHO_sBM_cAll_d21_mHO5_ch03,18.496649,113,,,,1.000000000,0.216061185,0.000000,motion_end,0.216061185,0.077234,0.128347,0.034431,0.000000,0.087300,0.000000,4.270833,0.350000,beat-sync,0.813767,1.257184,,0.350469306,0.234246373,right_wrist_yaw,0.000000000,right_wrist_pitch,0.234246373,right_wrist_yaw,0.000000000,right_wrist_pitch,-0.479851,0.464869,0.856513,1.913154,0.000000000,0.000000000,0.000000000,0.000848661,0.000711361,0.006492620,23.224000,0.000000000,0.000000000,,0.000000,0.000000,0.000000,,0.008909776,0,1,0,10,gPO_sBM_cAll_d10_mPO0_ch01;gPO_sBM_cAll_d11_mPO0_ch01;gPO_sBM_cAll_d11_mPO0_ch02;gPO_sBM_cAll_d10_mPO0_ch02;gPO_sBM_cAll_d12_mPO3_ch02;gHO_sBM_cAll_d20_mHO5_ch10;gHO_sBM_cAll_d21_mHO5_ch10;gHO_sBM_cAll_d20_mHO5_ch06;gHO_sBM_cAll_d21_mHO5_ch09;gHO_sBM_cAll_d21_mHO5_ch03,,45.737300,512.471300,52.990200,3525.844700,accepted,0.960961,,0.929020,0.258379730,30.013378,0.091206,HO,0.862215,0.007877,0.002761,JB3:0.676399;JB5:0.668523;JB1:0.650648;LO4:0.632544;WA4:0.621912,gHO_sBM_cAll_d20_mHO5_ch10:0.663842;gHO_sBM_cAll_d21_mHO5_ch10:0.661080;gHO_sBM_cAll_d20_mHO5_ch06:0.660961;gHO_sBM_cAll_d21_mHO5_ch09:0.659908;gHO_sBM_cAll_d21_mHO5_ch03:0.653930;gHO_sBM_cAll_d21_mHO5_ch05:0.646047;gHO_sBM_cAll_d20_mHO5_ch05:0.642812;gHO_sBM_cAll_d21_mHO5_ch02:0.642677;gHO_sBM_cAll_d20_mHO5_ch04:0.641993;gHO_sBM_cAll_d21_mHO5_ch04:0.639983,Electronic---Techno:0.270227;Electronic---Electro:0.203205;Electronic---Deep Techno:0.120918;Electronic---Deep House:0.113228;Electronic---Synthwave:0.099851,PO:v1:k0:r1,,JB3,0.676399,gHO_sBM_cAll_d20_mHO5_ch10,0.663842,120.967742
23.608000,23.662016800,,hermite,terminal_hold,Bridge preparation did not finish before the terminal state,,,,0,0.0,1,gPO_sBM_cAll_d12_mPO3_ch02,,,22.488000,gHO_sBM_cAll_d20_mHO5_ch10;gHO_sBM_cAll_d21_mHO5_ch10;gHO_sBM_cAll_d20_mHO5_ch06;gHO_sBM_cAll_d21_mHO5_ch09;gHO_sBM_cAll_d21_mHO5_ch03,18.496649,113,,,,1.000000000,0.216061185,0.000000,motion_end,0.216061185,0.077234,0.128347,0.034431,0.000000,0.087300,0.000000,4.270833,0.350000,beat-sync,0.813767,1.257184,,0.350469306,0.234246373,right_wrist_yaw,0.000000000,right_wrist_pitch,0.234246373,right_wrist_yaw,0.000000000,right_wrist_pitch,-0.479851,0.464869,0.856513,1.913154,0.000000000,0.000000000,0.000000000,0.000848661,0.000711361,0.006492620,23.224000,0.000000000,0.000000000,,0.000000,0.000000,0.000000,,0.008905947,0,1,0,10,gPO_sBM_cAll_d10_mPO0_ch01;gPO_sBM_cAll_d11_mPO0_ch01;gPO_sBM_cAll_d11_mPO0_ch02;gPO_sBM_cAll_d10_mPO0_ch02;gPO_sBM_cAll_d12_mPO3_ch02;gHO_sBM_cAll_d20_mHO5_ch10;gHO_sBM_cAll_d21_mHO5_ch10;gHO_sBM_cAll_d20_mHO5_ch06;gHO_sBM_cAll_d21_mHO5_ch09;gHO_sBM_cAll_d21_mHO5_ch03,,45.737300,512.471300,52.990200,3525.844700,accepted,0.960961,,0.929020,0.258379730,30.013378,0.091206,HO,0.862215,0.007877,0.002761,JB3:0.676399;JB5:0.668523;JB1:0.650648;LO4:0.632544;WA4:0.621912,gHO_sBM_cAll_d20_mHO5_ch10:0.663842;gHO_sBM_cAll_d21_mHO5_ch10:0.661080;gHO_sBM_cAll_d20_mHO5_ch06:0.660961;gHO_sBM_cAll_d21_mHO5_ch09:0.659908;gHO_sBM_cAll_d21_mHO5_ch03:0.653930;gHO_sBM_cAll_d21_mHO5_ch05:0.646047;gHO_sBM_cAll_d20_mHO5_ch05:0.642812;gHO_sBM_cAll_d21_mHO5_ch02:0.642677;gHO_sBM_cAll_d20_mHO5_ch04:0.641993;gHO_sBM_cAll_d21_mHO5_ch04:0.639983,Electronic---Techno:0.270227;Electronic---Electro:0.203205;Electronic---Deep Techno:0.120918;Electronic---Deep House:0.113228;Electronic---Synthwave:0.099851,PO:v1:k0:r1,,JB3,0.676399,gHO_sBM_cAll_d20_mHO5_ch10,0.663842,120.967742
23.672000,23.697749800,,hermite,terminal_hold,Bridge preparation did not finish before the terminal state,,,,0,0.0,1,gPO_sBM_cAll_d12_mPO3_ch02,,,22.488000,gHO_sBM_cAll_d20_mHO5_ch10;gHO_sBM_cAll_d21_mHO5_ch10;gHO_sBM_cAll_d20_mHO5_ch06;gHO_sBM_cAll_d21_mHO5_ch09;gHO_sBM_cAll_d21_mHO5_ch03,18.496649,113,,,,1.000000000,0.216061185,0.000000,motion_end,0.216061185,0.077234,0.128347,0.034431,0.000000,0.087300,0.000000,4.270833,0.350000,beat-sync,0.813767,1.257184,,0.350469306,0.234246373,right_wrist_yaw,0.000000000,right_wrist_pitch,0.234246373,right_wrist_yaw,0.000000000,right_wrist_pitch,-0.479851,0.464869,0.856513,1.913154,0.000000000,0.000000000,0.000000000,0.000848661,0.000711361,0.006492620,23.224000,0.000000000,0.000000000,,0.000000,0.000000,0.000000,,0.008898299,0,1,0,10,gPO_sBM_cAll_d10_mPO0_ch01;gPO_sBM_cAll_d11_mPO0_ch01;gPO_sBM_cAll_d11_mPO0_ch02;gPO_sBM_cAll_d10_mPO0_ch02;gPO_sBM_cAll_d12_mPO3_ch02;gHO_sBM_cAll_d20_mHO5_ch10;gHO_sBM_cAll_d21_mHO5_ch10;gHO_sBM_cAll_d20_mHO5_ch06;gHO_sBM_cAll_d21_mHO5_ch09;gHO_sBM_cAll_d21_mHO5_ch03,,45.737300,512.471300,52.990200,3525.844700,accepted,0.960961,,0.929020,0.258379730,30.013378,0.091206,HO,0.862215,0.007877,0.002761,JB3:0.676399;JB5:0.668523;JB1:0.650648;LO4:0.632544;WA4:0.621912,gHO_sBM_cAll_d20_mHO5_ch10:0.663842;gHO_sBM_cAll_d21_mHO5_ch10:0.661080;gHO_sBM_cAll_d20_mHO5_ch06:0.660961;gHO_sBM_cAll_d21_mHO5_ch09:0.659908;gHO_sBM_cAll_d21_mHO5_ch03:0.653930;gHO_sBM_cAll_d21_mHO5_ch05:0.646047;gHO_sBM_cAll_d20_mHO5_ch05:0.642812;gHO_sBM_cAll_d21_mHO5_ch02:0.642677;gHO_sBM_cAll_d20_mHO5_ch04:0.641993;gHO_sBM_cAll_d21_mHO5_ch04:0.639983,Electronic---Techno:0.270227;Electronic---Electro:0.203205;Electronic---Deep Techno:0.120918;Electronic---Deep House:0.113228;Electronic---Synthwave:0.099851,PO:v1:k0:r1,,JB3,0.676399,gHO_sBM_cAll_d20_mHO5_ch10,0.663842,120.967742
23.704000,23.728861200,,hermite,terminal_hold,Bridge preparation did not finish before the terminal state,,,,0,0.0,1,gPO_sBM_cAll_d12_mPO3_ch02,,,22.488000,gHO_sBM_cAll_d20_mHO5_ch10;gHO_sBM_cAll_d21_mHO5_ch10;gHO_sBM_cAll_d20_mHO5_ch06;gHO_sBM_cAll_d21_mHO5_ch09;gHO_sBM_cAll_d21_mHO5_ch03,18.496649,113,,,,1.000000000,0.216061185,0.000000,motion_end,0.216061185,0.077234,0.128347,0.034431,0.000000,0.087300,0.000000,4.270833,0.350000,beat-sync,0.813767,1.257184,,0.350469306,0.234246373,right_wrist_yaw,0.000000000,right_wrist_pitch,0.234246373,right_wrist_yaw,0.000000000,right_wrist_pitch,-0.479851,0.464869,0.856513,1.913154,0.000000000,0.000000000,0.000000000,0.000848661,0.000711361,0.006492620,23.224000,0.000000000,0.000000000,,0.000000,0.000000,0.000000,,0.008894480,0,1,0,10,gPO_sBM_cAll_d10_mPO0_ch01;gPO_sBM_cAll_d11_mPO0_ch01;gPO_sBM_cAll_d11_mPO0_ch02;gPO_sBM_cAll_d10_mPO0_ch02;gPO_sBM_cAll_d12_mPO3_ch02;gHO_sBM_cAll_d20_mHO5_ch10;gHO_sBM_cAll_d21_mHO5_ch10;gHO_sBM_cAll_d20_mHO5_ch06;gHO_sBM_cAll_d21_mHO5_ch09;gHO_sBM_cAll_d21_mHO5_ch03,,45.737300,512.471300,52.990200,3525.844700,accepted,0.960961,,0.929020,0.258379730,30.013378,0.091206,HO,0.862215,0.007877,0.002761,JB3:0.676399;JB5:0.668523;JB1:0.650648;LO4:0.632544;WA4:0.621912,gHO_sBM_cAll_d20_mHO5_ch10:0.663842;gHO_sBM_cAll_d21_mHO5_ch10:0.661080;gHO_sBM_cAll_d20_mHO5_ch06:0.660961;gHO_sBM_cAll_d21_mHO5_ch09:0.659908;gHO_sBM_cAll_d21_mHO5_ch03:0.653930;gHO_sBM_cAll_d21_mHO5_ch05:0.646047;gHO_sBM_cAll_d20_mHO5_ch05:0.642812;gHO_sBM_cAll_d21_mHO5_ch02:0.642677;gHO_sBM_cAll_d20_mHO5_ch04:0.641993;gHO_sBM_cAll_d21_mHO5_ch04:0.639983,Electronic---Techno:0.270227;Electronic---Electro:0.203205;Electronic---Deep Techno:0.120918;Electronic---Deep House:0.113228;Electronic---Synthwave:0.099851,PO:v1:k0:r1,,JB3,0.676399,gHO_sBM_cAll_d20_mHO5_ch10,0.663842,120.967742
23.768000,23.792523900,,hermite,terminal_hold,Bridge preparation did not finish before the terminal state,,,,0,0.0,1,gPO_sBM_cAll_d12_mPO3_ch02,,,22.488000,gHO_sBM_cAll_d20_mHO5_ch10;gHO_sBM_cAll_d21_mHO5_ch10;gHO_sBM_cAll_d20_mHO5_ch06;gHO_sBM_cAll_d21_mHO5_ch09;gHO_sBM_cAll_d21_mHO5_ch03,18.496649,113,,,,1.000000000,0.216061185,0.000000,motion_end,0.216061185,0.077234,0.128347,0.034431,0.000000,0.087300,0.000000,4.270833,0.350000,beat-sync,0.813767,1.257184,,0.350469306,0.234246373,right_wrist_yaw,0.000000000,right_wrist_pitch,0.234246373,right_wrist_yaw,0.000000000,right_wrist_pitch,-0.479851,0.464869,0.856513,1.913154,0.000000000,0.000000000,0.000000000,0.000848661,0.000711361,0.006492620,23.224000,0.000000000,0.000000000,,0.000000,0.000000,0.000000,,0.008886852,0,1,0,10,gPO_sBM_cAll_d10_mPO0_ch01;gPO_sBM_cAll_d11_mPO0_ch01;gPO_sBM_cAll_d11_mPO0_ch02;gPO_sBM_cAll_d10_mPO0_ch02;gPO_sBM_cAll_d12_mPO3_ch02;gHO_sBM_cAll_d20_mHO5_ch10;gHO_sBM_cAll_d21_mHO5_ch10;gHO_sBM_cAll_d20_mHO5_ch06;gHO_sBM_cAll_d21_mHO5_ch09;gHO_sBM_cAll_d21_mHO5_ch03,,45.737300,512.471300,52.990200,3525.844700,accepted,0.960961,,0.929020,0.258379730,30.013378,0.091206,HO,0.862215,0.007877,0.002761,JB3:0.676399;JB5:0.668523;JB1:0.650648;LO4:0.632544;WA4:0.621912,gHO_sBM_cAll_d20_mHO5_ch10:0.663842;gHO_sBM_cAll_d21_mHO5_ch10:0.661080;gHO_sBM_cAll_d20_mHO5_ch06:0.660961;gHO_sBM_cAll_d21_mHO5_ch09:0.659908;gHO_sBM_cAll_d21_mHO5_ch03:0.653930;gHO_sBM_cAll_d21_mHO5_ch05:0.646047;gHO_sBM_cAll_d20_mHO5_ch05:0.642812;gHO_sBM_cAll_d21_mHO5_ch02:0.642677;gHO_sBM_cAll_d20_mHO5_ch04:0.641993;gHO_sBM_cAll_d21_mHO5_ch04:0.639983,Electronic---Techno:0.270227;Electronic---Electro:0.203205;Electronic---Deep Techno:0.120918;Electronic---Deep House:0.113228;Electronic---Synthwave:0.099851,PO:v1:k0:r1,,JB3,0.676399,gHO_sBM_cAll_d20_mHO5_ch10,0.663842,120.967742
23.800000,23.829326400,,hermite,terminal_hold,Bridge preparation did not finish before the terminal state,,,,0,0.0,1,gPO_sBM_cAll_d12_mPO3_ch02,,,22.488000,gHO_sBM_cAll_d20_mHO5_ch10;gHO_sBM_cAll_d21_mHO5_ch10;gHO_sBM_cAll_d20_mHO5_ch06;gHO_sBM_cAll_d21_mHO5_ch09;gHO_sBM_cAll_d21_mHO5_ch03,18.496649,113,,,,1.000000000,0.216061185,0.000000,motion_end,0.216061185,0.077234,0.128347,0.034431,0.000000,0.087300,0.000000,4.270833,0.350000,beat-sync,0.813767,1.257184,,0.350469306,0.234246373,right_wrist_yaw,0.000000000,right_wrist_pitch,0.234246373,right_wrist_yaw,0.000000000,right_wrist_pitch,-0.479851,0.464869,0.856513,1.913154,0.000000000,0.000000000,0.000000000,0.000848661,0.000711361,0.006492620,23.224000,0.000000000,0.000000000,,0.000000,0.000000,0.000000,,0.008879236,0,1,0,10,gPO_sBM_cAll_d10_mPO0_ch01;gPO_sBM_cAll_d11_mPO0_ch01;gPO_sBM_cAll_d11_mPO0_ch02;gPO_sBM_cAll_d10_mPO0_ch02;gPO_sBM_cAll_d12_mPO3_ch02;gHO_sBM_cAll_d20_mHO5_ch10;gHO_sBM_cAll_d21_mHO5_ch10;gHO_sBM_cAll_d20_mHO5_ch06;gHO_sBM_cAll_d21_mHO5_ch09;gHO_sBM_cAll_d21_mHO5_ch03,,45.737300,512.471300,52.990200,3525.844700,accepted,0.960961,,0.929020,0.258379730,30.013378,0.091206,HO,0.862215,0.007877,0.002761,JB3:0.676399;JB5:0.668523;JB1:0.650648;LO4:0.632544;WA4:0.621912,gHO_sBM_cAll_d20_mHO5_ch10:0.663842;gHO_sBM_cAll_d21_mHO5_ch10:0.661080;gHO_sBM_cAll_d20_mHO5_ch06:0.660961;gHO_sBM_cAll_d21_mHO5_ch09:0.659908;gHO_sBM_cAll_d21_mHO5_ch03:0.653930;gHO_sBM_cAll_d21_mHO5_ch05:0.646047;gHO_sBM_cAll_d20_mHO5_ch05:0.642812;gHO_sBM_cAll_d21_mHO5_ch02:0.642677;gHO_sBM_cAll_d20_mHO5_ch04:0.641993;gHO_sBM_cAll_d21_mHO5_ch04:0.639983,Electronic---Techno:0.270227;Electronic---Electro:0.203205;Electronic---Deep Techno:0.120918;Electronic---Deep House:0.113228;Electronic---Synthwave:0.099851,PO:v1:k0:r1,,JB3,0.676399,gHO_sBM_cAll_d20_mHO5_ch10,0.663842,120.967742
23.864000,23.882175100,,hermite,terminal_hold,Bridge preparation did not finish before the terminal state,,,,0,0.0,1,gPO_sBM_cAll_d12_mPO3_ch02,,,22.488000,gHO_sBM_cAll_d20_mHO5_ch10;gHO_sBM_cAll_d21_mHO5_ch10;gHO_sBM_cAll_d20_mHO5_ch06;gHO_sBM_cAll_d21_mHO5_ch09;gHO_sBM_cAll_d21_mHO5_ch03,18.496649,113,,,,1.000000000,0.216061185,0.000000,motion_end,0.216061185,0.077234,0.128347,0.034431,0.000000,0.087300,0.000000,4.270833,0.350000,beat-sync,0.813767,1.257184,,0.350469306,0.234246373,right_wrist_yaw,0.000000000,right_wrist_pitch,0.234246373,right_wrist_yaw,0.000000000,right_wrist_pitch,-0.479851,0.464869,0.856513,1.913154,0.000000000,0.000000000,0.000000000,0.000848661,0.000711361,0.006492620,23.224000,0.000000000,0.000000000,,0.000000,0.000000,0.000000,,0.008871634,0,1,0,10,gPO_sBM_cAll_d10_mPO0_ch01;gPO_sBM_cAll_d11_mPO0_ch01;gPO_sBM_cAll_d11_mPO0_ch02;gPO_sBM_cAll_d10_mPO0_ch02;gPO_sBM_cAll_d12_mPO3_ch02;gHO_sBM_cAll_d20_mHO5_ch10;gHO_sBM_cAll_d21_mHO5_ch10;gHO_sBM_cAll_d20_mHO5_ch06;gHO_sBM_cAll_d21_mHO5_ch09;gHO_sBM_cAll_d21_mHO5_ch03,,45.737300,512.471300,52.990200,3525.844700,accepted,0.960961,,0.929020,0.258379730,30.013378,0.091206,HO,0.862215,0.007877,0.002761,JB3:0.676399;JB5:0.668523;JB1:0.650648;LO4:0.632544;WA4:0.621912,gHO_sBM_cAll_d20_mHO5_ch10:0.663842;gHO_sBM_cAll_d21_mHO5_ch10:0.661080;gHO_sBM_cAll_d20_mHO5_ch06:0.660961;gHO_sBM_cAll_d21_mHO5_ch09:0.659908;gHO_sBM_cAll_d21_mHO5_ch03:0.653930;gHO_sBM_cAll_d21_mHO5_ch05:0.646047;gHO_sBM_cAll_d20_mHO5_ch05:0.642812;gHO_sBM_cAll_d21_mHO5_ch02:0.642677;gHO_sBM_cAll_d20_mHO5_ch04:0.641993;gHO_sBM_cAll_d21_mHO5_ch04:0.639983,Electronic---Techno:0.270227;Electronic---Electro:0.203205;Electronic---Deep Techno:0.120918;Electronic---Deep House:0.113228;Electronic---Synthwave:0.099851,PO:v1:k0:r1,,JB3,0.676399,gHO_sBM_cAll_d20_mHO5_ch10,0.663842,120.967742
23.960000,23.997755600,,hermite,terminal_hold,Bridge preparation did not finish before the terminal state,,,,0,0.0,1,gPO_sBM_cAll_d12_mPO3_ch02,,,22.488000,gHO_sBM_cAll_d20_mHO5_ch10;gHO_sBM_cAll_d21_mHO5_ch10;gHO_sBM_cAll_d20_mHO5_ch06;gHO_sBM_cAll_d21_mHO5_ch09;gHO_sBM_cAll_d21_mHO5_ch03,18.496649,113,,,,1.000000000,0.216061185,0.000000,motion_end,0.216061185,0.077234,0.128347,0.034431,0.000000,0.087300,0.000000,4.270833,0.350000,beat-sync,0.813767,0.863095,,0.231234599,0.234246373,right_wrist_yaw,0.000000000,right_wrist_pitch,0.234246373,right_wrist_yaw,0.000000000,right_wrist_pitch,-0.479851,0.464869,0.856513,1.913154,0.000000000,0.000000000,0.000000000,0.000848661,0.000711361,0.006492620,23.960000,0.000000000,0.000000000,,0.000000,0.000000,0.000000,,0.008856469,0,1,0,10,gPO_sBM_cAll_d10_mPO0_ch01;gPO_sBM_cAll_d11_mPO0_ch01;gPO_sBM_cAll_d11_mPO0_ch02;gPO_sBM_cAll_d10_mPO0_ch02;gPO_sBM_cAll_d12_mPO3_ch02;gHO_sBM_cAll_d20_mHO5_ch10;gHO_sBM_cAll_d21_mHO5_ch10;gHO_sBM_cAll_d20_mHO5_ch06;gHO_sBM_cAll_d21_mHO5_ch09;gHO_sBM_cAll_d21_mHO5_ch03,,45.737300,512.471300,52.990200,3525.844700,accepted,0.960961,,0.929020,0.258379730,30.013378,0.091206,HO,0.862215,0.007877,0.002761,JB3:0.676399;JB5:0.668523;JB1:0.650648;LO4:0.632544;WA4:0.621912,gHO_sBM_cAll_d20_mHO5_ch10:0.663842;gHO_sBM_cAll_d21_mHO5_ch10:0.661080;gHO_sBM_cAll_d20_mHO5_ch06:0.660961;gHO_sBM_cAll_d21_mHO5_ch09:0.659908;gHO_sBM_cAll_d21_mHO5_ch03:0.653930;gHO_sBM_cAll_d21_mHO5_ch05:0.646047;gHO_sBM_cAll_d20_mHO5_ch05:0.642812;gHO_sBM_cAll_d21_mHO5_ch02:0.642677;gHO_sBM_cAll_d20_mHO5_ch04:0.641993;gHO_sBM_cAll_d21_mHO5_ch04:0.639983,Electronic---Techno:0.270227;Electronic---Electro:0.203205;Electronic---Deep Techno:0.120918;Electronic---Deep House:0.113228;Electronic---Synthwave:0.099851,PO:v1:k0:r1,,JB3,0.676399,gHO_sBM_cAll_d20_mHO5_ch10,0.663842,120.967742
24.024000,24.111898700,,hermite,terminal_hold,Bridge preparation did not finish before the terminal state,,,,0,0.0,1,gPO_sBM_cAll_d12_mPO3_ch02,,,22.488000,gHO_sBM_cAll_d20_mHO5_ch10;gHO_sBM_cAll_d21_mHO5_ch10;gHO_sBM_cAll_d20_mHO5_ch06;gHO_sBM_cAll_d21_mHO5_ch09;gHO_sBM_cAll_d21_mHO5_ch03,18.496649,113,,,,1.000000000,0.216061185,0.000000,motion_end,0.216061185,0.077234,0.128347,0.034431,0.000000,0.087300,0.000000,4.270833,0.350000,beat-sync,0.813767,0.863095,,0.231234599,0.234246373,right_wrist_yaw,0.000000000,right_wrist_pitch,0.234246373,right_wrist_yaw,0.000000000,right_wrist_pitch,-0.479851,0.464869,0.856513,1.913154,0.000000000,0.000000000,0.000000000,0.000848661,0.000711361,0.006492620,23.960000,0.000000000,0.000000000,,0.000000,0.000000,0.000000,,0.008841356,0,1,0,10,gPO_sBM_cAll_d10_mPO0_ch01;gPO_sBM_cAll_d11_mPO0_ch01;gPO_sBM_cAll_d11_mPO0_ch02;gPO_sBM_cAll_d10_mPO0_ch02;gPO_sBM_cAll_d12_mPO3_ch02;gHO_sBM_cAll_d20_mHO5_ch10;gHO_sBM_cAll_d21_mHO5_ch10;gHO_sBM_cAll_d20_mHO5_ch06;gHO_sBM_cAll_d21_mHO5_ch09;gHO_sBM_cAll_d21_mHO5_ch03,,45.737300,512.471300,52.990200,3525.844700,accepted,0.960961,,0.929020,0.258379730,30.013378,0.091206,HO,0.862215,0.007877,0.002761,JB3:0.676399;JB5:0.668523;JB1:0.650648;LO4:0.632544;WA4:0.621912,gHO_sBM_cAll_d20_mHO5_ch10:0.663842;gHO_sBM_cAll_d21_mHO5_ch10:0.661080;gHO_sBM_cAll_d20_mHO5_ch06:0.660961;gHO_sBM_cAll_d21_mHO5_ch09:0.659908;gHO_sBM_cAll_d21_mHO5_ch03:0.653930;gHO_sBM_cAll_d21_mHO5_ch05:0.646047;gHO_sBM_cAll_d20_mHO5_ch05:0.642812;gHO_sBM_cAll_d21_mHO5_ch02:0.642677;gHO_sBM_cAll_d20_mHO5_ch04:0.641993;gHO_sBM_cAll_d21_mHO5_ch04:0.639983,Electronic---Techno:0.270227;Electronic---Electro:0.203205;Electronic---Deep Techno:0.120918;Electronic---Deep House:0.113228;Electronic---Synthwave:0.099851,PO:v1:k0:r1,,JB3,0.676399,gHO_sBM_cAll_d20_mHO5_ch10,0.663842,120.967742
24.088000,24.124929000,,hermite,terminal_hold,Bridge preparation did not finish before the terminal state,,,,0,0.0,1,gPO_sBM_cAll_d12_mPO3_ch02,,,22.488000,gHO_sBM_cAll_d20_mHO5_ch10;gHO_sBM_cAll_d21_mHO5_ch10;gHO_sBM_cAll_d20_mHO5_ch06;gHO_sBM_cAll_d21_mHO5_ch09;gHO_sBM_cAll_d21_mHO5_ch03,18.496649,113,,,,1.000000000,0.216061185,0.000000,motion_end,0.216061185,0.077234,0.128347,0.034431,0.000000,0.087300,0.000000,4.270833,0.350000,beat-sync,0.813767,0.863095,,0.231234599,0.234246373,right_wrist_yaw,0.000000000,right_wrist_pitch,0.234246373,right_wrist_yaw,0.000000000,right_wrist_pitch,-0.479851,0.464869,0.856513,1.913154,0.000000000,0.000000000,0.000000000,0.000848661,0.000711361,0.006492620,23.960000,0.000000000,0.000000000,,0.000000,0.000000,0.000000,,0.008837585,0,1,0,10,gPO_sBM_cAll_d10_mPO0_ch01;gPO_sBM_cAll_d11_mPO0_ch01;gPO_sBM_cAll_d11_mPO0_ch02;gPO_sBM_cAll_d10_mPO0_ch02;gPO_sBM_cAll_d12_mPO3_ch02;gHO_sBM_cAll_d20_mHO5_ch10;gHO_sBM_cAll_d21_mHO5_ch10;gHO_sBM_cAll_d20_mHO5_ch06;gHO_sBM_cAll_d21_mHO5_ch09;gHO_sBM_cAll_d21_mHO5_ch03,,45.737300,512.471300,52.990200,3525.844700,accepted,0.960961,,0.929020,0.258379730,30.013378,0.091206,HO,0.862215,0.007877,0.002761,JB3:0.676399;JB5:0.668523;JB1:0.650648;LO4:0.632544;WA4:0.621912,gHO_sBM_cAll_d20_mHO5_ch10:0.663842;gHO_sBM_cAll_d21_mHO5_ch10:0.661080;gHO_sBM_cAll_d20_mHO5_ch06:0.660961;gHO_sBM_cAll_d21_mHO5_ch09:0.659908;gHO_sBM_cAll_d21_mHO5_ch03:0.653930;gHO_sBM_cAll_d21_mHO5_ch05:0.646047;gHO_sBM_cAll_d20_mHO5_ch05:0.642812;gHO_sBM_cAll_d21_mHO5_ch02:0.642677;gHO_sBM_cAll_d20_mHO5_ch04:0.641993;gHO_sBM_cAll_d21_mHO5_ch04:0.639983,Electronic---Techno:0.270227;Electronic---Electro:0.203205;Electronic---Deep Techno:0.120918;Electronic---Deep House:0.113228;Electronic---Synthwave:0.099851,PO:v1:k0:r1,,JB3,0.676399,gHO_sBM_cAll_d20_mHO5_ch10,0.663842,120.967742
24.088000,24.139372300,match,hermite,terminal_hold,Bridge preparation did not finish before the terminal state,,,,0,0.0,1,gPO_sBM_cAll_d12_mPO3_ch02,,,23.512000,gHO_sBM_cAll_d20_mHO5_ch10;gHO_sBM_cAll_d21_mHO5_ch10;gHO_sBM_cAll_d20_mHO5_ch06;gHO_sBM_cAll_d21_mHO5_ch09;gHO_sBM_cAll_d21_mHO5_ch03,18.496649,113,,,,1.000000000,0.216061185,0.000000,motion_end,0.216061185,0.077234,0.128347,0.034431,0.000000,0.087300,0.000000,4.270833,0.350000,beat-sync,0.813767,0.863095,,0.231234599,0.234246373,right_wrist_yaw,0.000000000,right_wrist_pitch,0.234246373,right_wrist_yaw,0.000000000,right_wrist_pitch,-0.479851,0.464869,0.856513,1.913154,0.000000000,0.000000000,0.000000000,0.000848661,0.000711361,0.006492620,23.960000,0.000000000,0.000000000,,0.000000,0.000000,0.000000,,0.008833818,0,1,0,10,gPO_sBM_cAll_d10_mPO0_ch01;gPO_sBM_cAll_d11_mPO0_ch01;gPO_sBM_cAll_d11_mPO0_ch02;gPO_sBM_cAll_d10_mPO0_ch02;gPO_sBM_cAll_d12_mPO3_ch02;gHO_sBM_cAll_d20_mHO5_ch10;gHO_sBM_cAll_d21_mHO5_ch10;gHO_sBM_cAll_d20_mHO5_ch06;gHO_sBM_cAll_d21_mHO5_ch09;gHO_sBM_cAll_d21_mHO5_ch03,,45.737300,512.471300,52.990200,3525.844700,accepted,0.960929,,0.928963,0.258845175,29.900430,0.090560,HO,0.865237,0.008534,0.002773,JB3:0.675858;JB5:0.667324;JB1:0.649179;LO4:0.634428;WA4:0.623183,gHO_sBM_cAll_d20_mHO5_ch10:0.664202;gHO_sBM_cAll_d21_mHO5_ch10:0.661429;gHO_sBM_cAll_d20_mHO5_ch06:0.661316;gHO_sBM_cAll_d21_mHO5_ch09:0.660251;gHO_sBM_cAll_d21_mHO5_ch03:0.654173;gHO_sBM_cAll_d21_mHO5_ch05:0.646348;gHO_sBM_cAll_d20_mHO5_ch05:0.643133;gHO_sBM_cAll_d21_mHO5_ch02:0.642951;gHO_sBM_cAll_d20_mHO5_ch04:0.642292;gHO_sBM_cAll_d21_mHO5_ch04:0.640256,Electronic---Techno:0.272284;Electronic---Electro:0.201204;Electronic---Deep Techno:0.129699;Electronic---Deep House:0.118569;Electronic---Synthwave:0.097134,PO:v1:k0:r1,,JB3,0.675858,gHO_sBM_cAll_d20_mHO5_ch10,0.664202,120.967742
24.120000,24.152125600,,hermite,terminal_hold,Bridge preparation did not finish before the terminal state,,,,0,0.0,1,gPO_sBM_cAll_d12_mPO3_ch02,,,23.512000,gHO_sBM_cAll_d20_mHO5_ch10;gHO_sBM_cAll_d21_mHO5_ch10;gHO_sBM_cAll_d20_mHO5_ch06;gHO_sBM_cAll_d21_mHO5_ch09;gHO_sBM_cAll_d21_mHO5_ch03,18.496649,113,,,,1.000000000,0.216061185,0.000000,motion_end,0.216061185,0.077234,0.128347,0.034431,0.000000,0.087300,0.000000,4.270833,0.350000,beat-sync,0.813767,0.863095,,0.231234599,0.234246373,right_wrist_yaw,0.000000000,right_wrist_pitch,0.234246373,right_wrist_yaw,0.000000000,right_wrist_pitch,-0.479851,0.464869,0.856513,1.913154,0.000000000,0.000000000,0.000000000,0.000848661,0.000711361,0.006492620,23.960000,0.000000000,0.000000000,,0.000000,0.000000,0.000000,,0.008830055,0,1,0,10,gPO_sBM_cAll_d10_mPO0_ch01;gPO_sBM_cAll_d11_mPO0_ch01;gPO_sBM_cAll_d11_mPO0_ch02;gPO_sBM_cAll_d10_mPO0_ch02;gPO_sBM_cAll_d12_mPO3_ch02;gHO_sBM_cAll_d20_mHO5_ch10;gHO_sBM_cAll_d21_mHO5_ch10;gHO_sBM_cAll_d20_mHO5_ch06;gHO_sBM_cAll_d21_mHO5_ch09;gHO_sBM_cAll_d21_mHO5_ch03,,45.737300,512.471300,52.990200,3525.844700,accepted,0.960929,,0.928963,0.258845175,29.900430,0.090560,HO,0.865237,0.008534,0.002773,JB3:0.675858;JB5:0.667324;JB1:0.649179;LO4:0.634428;WA4:0.623183,gHO_sBM_cAll_d20_mHO5_ch10:0.664202;gHO_sBM_cAll_d21_mHO5_ch10:0.661429;gHO_sBM_cAll_d20_mHO5_ch06:0.661316;gHO_sBM_cAll_d21_mHO5_ch09:0.660251;gHO_sBM_cAll_d21_mHO5_ch03:0.654173;gHO_sBM_cAll_d21_mHO5_ch05:0.646348;gHO_sBM_cAll_d20_mHO5_ch05:0.643133;gHO_sBM_cAll_d21_mHO5_ch02:0.642951;gHO_sBM_cAll_d20_mHO5_ch04:0.642292;gHO_sBM_cAll_d21_mHO5_ch04:0.640256,Electronic---Techno:0.272284;Electronic---Electro:0.201204;Electronic---Deep Techno:0.129699;Electronic---Deep House:0.118569;Electronic---Synthwave:0.097134,PO:v1:k0:r1,,JB3,0.675858,gHO_sBM_cAll_d20_mHO5_ch10,0.664202,120.967742
24.120000,24.163403700,beat_limiter_result,hermite,terminal_hold,Bridge preparation did not finish before the terminal state,,,,0,0.0,1,gPO_sBM_cAll_d12_mPO3_ch02,,,23.512000,gHO_sBM_cAll_d20_mHO5_ch10;gHO_sBM_cAll_d21_mHO5_ch10;gHO_sBM_cAll_d20_mHO5_ch06;gHO_sBM_cAll_d21_mHO5_ch09;gHO_sBM_cAll_d21_mHO5_ch03,18.496649,113,,,,1.000000000,0.216061185,0.000000,motion_end,0.216061185,0.077234,0.128347,0.034431,0.000000,0.087300,0.000000,4.270833,0.350000,beat-sync,0.813767,0.863095,,0.231234599,0.234246373,right_wrist_yaw,0.000000000,right_wrist_pitch,0.234246373,right_wrist_yaw,0.000000000,right_wrist_pitch,-0.479851,0.464869,0.856513,1.913154,0.000000000,0.000000000,0.000000000,0.000848661,0.000711361,0.006492620,23.960000,0.000000000,0.000000000,,0.000000,0.000000,0.000000,,0.008826294,0,1,0,10,gPO_sBM_cAll_d10_mPO0_ch01;gPO_sBM_cAll_d11_mPO0_ch01;gPO_sBM_cAll_d11_mPO0_ch02;gPO_sBM_cAll_d10_mPO0_ch02;gPO_sBM_cAll_d12_mPO3_ch02;gHO_sBM_cAll_d20_mHO5_ch10;gHO_sBM_cAll_d21_mHO5_ch10;gHO_sBM_cAll_d20_mHO5_ch06;gHO_sBM_cAll_d21_mHO5_ch09;gHO_sBM_cAll_d21_mHO5_ch03,,45.737300,512.471300,52.990200,3525.844700,accepted,0.960929,,0.928963,0.258845175,29.900430,0.090560,HO,0.865237,0.008534,0.002773,JB3:0.675858;JB5:0.667324;JB1:0.649179;LO4:0.634428;WA4:0.623183,gHO_sBM_cAll_d20_mHO5_ch10:0.664202;gHO_sBM_cAll_d21_mHO5_ch10:0.661429;gHO_sBM_cAll_d20_mHO5_ch06:0.661316;gHO_sBM_cAll_d21_mHO5_ch09:0.660251;gHO_sBM_cAll_d21_mHO5_ch03:0.654173;gHO_sBM_cAll_d21_mHO5_ch05:0.646348;gHO_sBM_cAll_d20_mHO5_ch05:0.643133;gHO_sBM_cAll_d21_mHO5_ch02:0.642951;gHO_sBM_cAll_d20_mHO5_ch04:0.642292;gHO_sBM_cAll_d21_mHO5_ch04:0.640256,Electronic---Techno:0.272284;Electronic---Electro:0.201204;Electronic---Deep Techno:0.129699;Electronic---Deep House:0.118569;Electronic---Synthwave:0.097134,PO:v1:k0:r1,,JB3,0.675858,gHO_sBM_cAll_d20_mHO5_ch10,0.664202,120.967742
24.152000,24.170583100,,hermite,terminal_hold,Bridge preparation did not finish before the terminal state,,,,0,0.0,1,gPO_sBM_cAll_d12_mPO3_ch02,,,23.512000,gHO_sBM_cAll_d20_mHO5_ch10;gHO_sBM_cAll_d21_mHO5_ch10;gHO_sBM_cAll_d20_mHO5_ch06;gHO_sBM_cAll_d21_mHO5_ch09;gHO_sBM_cAll_d21_mHO5_ch03,18.496649,113,,,,1.000000000,0.216061185,0.000000,motion_end,0.216061185,0.077234,0.128347,0.034431,0.000000,0.087300,0.000000,4.270833,0.350000,beat-sync,0.813767,0.863095,,0.231234599,0.234246373,right_wrist_yaw,0.000000000,right_wrist_pitch,0.234246373,right_wrist_yaw,0.000000000,right_wrist_pitch,-0.479851,0.464869,0.856513,1.913154,0.000000000,0.000000000,0.000000000,0.000848661,0.000711361,0.006492620,23.960000,0.000000000,0.000000000,,0.000000,0.000000,0.000000,,0.008822536,0,1,0,10,gPO_sBM_cAll_d10_mPO0_ch01;gPO_sBM_cAll_d11_mPO0_ch01;gPO_sBM_cAll_d11_mPO0_ch02;gPO_sBM_cAll_d10_mPO0_ch02;gPO_sBM_cAll_d12_mPO3_ch02;gHO_sBM_cAll_d20_mHO5_ch10;gHO_sBM_cAll_d21_mHO5_ch10;gHO_sBM_cAll_d20_mHO5_ch06;gHO_sBM_cAll_d21_mHO5_ch09;gHO_sBM_cAll_d21_mHO5_ch03,,45.737300,512.471300,52.990200,3525.844700,accepted,0.960929,,0.928963,0.258845175,29.900430,0.090560,HO,0.865237,0.008534,0.002773,JB3:0.675858;JB5:0.667324;JB1:0.649179;LO4:0.634428;WA4:0.623183,gHO_sBM_cAll_d20_mHO5_ch10:0.664202;gHO_sBM_cAll_d21_mHO5_ch10:0.661429;gHO_sBM_cAll_d20_mHO5_ch06:0.661316;gHO_sBM_cAll_d21_mHO5_ch09:0.660251;gHO_sBM_cAll_d21_mHO5_ch03:0.654173;gHO_sBM_cAll_d21_mHO5_ch05:0.646348;gHO_sBM_cAll_d20_mHO5_ch05:0.643133;gHO_sBM_cAll_d21_mHO5_ch02:0.642951;gHO_sBM_cAll_d20_mHO5_ch04:0.642292;gHO_sBM_cAll_d21_mHO5_ch04:0.640256,Electronic---Techno:0.272284;Electronic---Electro:0.201204;Electronic---Deep Techno:0.129699;Electronic---Deep House:0.118569;Electronic---Synthwave:0.097134,PO:v1:k0:r1,,JB3,0.675858,gHO_sBM_cAll_d20_mHO5_ch10,0.664202,120.967742
24.216000,24.225883800,,hermite,terminal_hold,Bridge preparation did not finish before the terminal state,,,,0,0.0,1,gPO_sBM_cAll_d12_mPO3_ch02,,,23.512000,gHO_sBM_cAll_d20_mHO5_ch10;gHO_sBM_cAll_d21_mHO5_ch10;gHO_sBM_cAll_d20_mHO5_ch06;gHO_sBM_cAll_d21_mHO5_ch09;gHO_sBM_cAll_d21_mHO5_ch03,18.496649,113,,,,1.000000000,0.216061185,0.000000,motion_end,0.216061185,0.077234,0.128347,0.034431,0.000000,0.087300,0.000000,4.270833,0.350000,beat-sync,0.813767,0.863095,,0.231234599,0.234246373,right_wrist_yaw,0.000000000,right_wrist_pitch,0.234246373,right_wrist_yaw,0.000000000,right_wrist_pitch,-0.479851,0.464869,0.856513,1.913154,0.000000000,0.000000000,0.000000000,0.000848661,0.000711361,0.006492620,23.960000,0.000000000,0.000000000,,0.000000,0.000000,0.000000,,0.008800059,0,1,0,10,gPO_sBM_cAll_d10_mPO0_ch01;gPO_sBM_cAll_d11_mPO0_ch01;gPO_sBM_cAll_d11_mPO0_ch02;gPO_sBM_cAll_d10_mPO0_ch02;gPO_sBM_cAll_d12_mPO3_ch02;gHO_sBM_cAll_d20_mHO5_ch10;gHO_sBM_cAll_d21_mHO5_ch10;gHO_sBM_cAll_d20_mHO5_ch06;gHO_sBM_cAll_d21_mHO5_ch09;gHO_sBM_cAll_d21_mHO5_ch03,,45.737300,512.471300,52.990200,3525.844700,accepted,0.960929,,0.928963,0.258845175,29.900430,0.090560,HO,0.865237,0.008534,0.002773,JB3:0.675858;JB5:0.667324;JB1:0.649179;LO4:0.634428;WA4:0.623183,gHO_sBM_cAll_d20_mHO5_ch10:0.664202;gHO_sBM_cAll_d21_mHO5_ch10:0.661429;gHO_sBM_cAll_d20_mHO5_ch06:0.661316;gHO_sBM_cAll_d21_mHO5_ch09:0.660251;gHO_sBM_cAll_d21_mHO5_ch03:0.654173;gHO_sBM_cAll_d21_mHO5_ch05:0.646348;gHO_sBM_cAll_d20_mHO5_ch05:0.643133;gHO_sBM_cAll_d21_mHO5_ch02:0.642951;gHO_sBM_cAll_d20_mHO5_ch04:0.642292;gHO_sBM_cAll_d21_mHO5_ch04:0.640256,Electronic---Techno:0.272284;Electronic---Electro:0.201204;Electronic---Deep Techno:0.129699;Electronic---Deep House:0.118569;Electronic---Synthwave:0.097134,PO:v1:k0:r1,,JB3,0.675858,gHO_sBM_cAll_d20_mHO5_ch10,0.664202,120.967742
24.280000,24.311084200,,hermite,terminal_hold,Bridge preparation did not finish before the terminal state,,,,0,0.0,1,gPO_sBM_cAll_d12_mPO3_ch02,,,23.512000,gHO_sBM_cAll_d20_mHO5_ch10;gHO_sBM_cAll_d21_mHO5_ch10;gHO_sBM_cAll_d20_mHO5_ch06;gHO_sBM_cAll_d21_mHO5_ch09;gHO_sBM_cAll_d21_mHO5_ch03,18.496649,113,,,,1.000000000,0.216061185,0.000000,motion_end,0.216061185,0.077234,0.128347,0.034431,0.000000,0.087300,0.000000,4.270833,0.350000,beat-sync,0.813767,0.863095,,0.231234599,0.234246373,right_wrist_yaw,0.000000000,right_wrist_pitch,0.234246373,right_wrist_yaw,0.000000000,right_wrist_pitch,-0.479851,0.464869,0.856513,1.913154,0.000000000,0.000000000,0.000000000,0.000848661,0.000711361,0.006492620,23.960000,0.000000000,0.000000000,,0.000000,0.000000,0.000000,,0.008770266,0,1,0,10,gPO_sBM_cAll_d10_mPO0_ch01;gPO_sBM_cAll_d11_mPO0_ch01;gPO_sBM_cAll_d11_mPO0_ch02;gPO_sBM_cAll_d10_mPO0_ch02;gPO_sBM_cAll_d12_mPO3_ch02;gHO_sBM_cAll_d20_mHO5_ch10;gHO_sBM_cAll_d21_mHO5_ch10;gHO_sBM_cAll_d20_mHO5_ch06;gHO_sBM_cAll_d21_mHO5_ch09;gHO_sBM_cAll_d21_mHO5_ch03,,45.737300,512.471300,52.990200,3525.844700,accepted,0.960929,,0.928963,0.258845175,29.900430,0.090560,HO,0.865237,0.008534,0.002773,JB3:0.675858;JB5:0.667324;JB1:0.649179;LO4:0.634428;WA4:0.623183,gHO_sBM_cAll_d20_mHO5_ch10:0.664202;gHO_sBM_cAll_d21_mHO5_ch10:0.661429;gHO_sBM_cAll_d20_mHO5_ch06:0.661316;gHO_sBM_cAll_d21_mHO5_ch09:0.660251;gHO_sBM_cAll_d21_mHO5_ch03:0.654173;gHO_sBM_cAll_d21_mHO5_ch05:0.646348;gHO_sBM_cAll_d20_mHO5_ch05:0.643133;gHO_sBM_cAll_d21_mHO5_ch02:0.642951;gHO_sBM_cAll_d20_mHO5_ch04:0.642292;gHO_sBM_cAll_d21_mHO5_ch04:0.640256,Electronic---Techno:0.272284;Electronic---Electro:0.201204;Electronic---Deep Techno:0.129699;Electronic---Deep House:0.118569;Electronic---Synthwave:0.097134,PO:v1:k0:r1,,JB3,0.675858,gHO_sBM_cAll_d20_mHO5_ch10,0.664202,120.967742
24.312000,24.322938500,,hermite,terminal_hold,Bridge preparation did not finish before the terminal state,,,,0,0.0,1,gPO_sBM_cAll_d12_mPO3_ch02,,,23.512000,gHO_sBM_cAll_d20_mHO5_ch10;gHO_sBM_cAll_d21_mHO5_ch10;gHO_sBM_cAll_d20_mHO5_ch06;gHO_sBM_cAll_d21_mHO5_ch09;gHO_sBM_cAll_d21_mHO5_ch03,18.496649,113,,,,1.000000000,0.216061185,0.000000,motion_end,0.216061185,0.077234,0.128347,0.034431,0.000000,0.087300,0.000000,4.270833,0.350000,beat-sync,0.813767,0.863095,,0.231234599,0.234246373,right_wrist_yaw,0.000000000,right_wrist_pitch,0.234246373,right_wrist_yaw,0.000000000,right_wrist_pitch,-0.479851,0.464869,0.856513,1.913154,0.000000000,0.000000000,0.000000000,0.000848661,0.000711361,0.006492620,23.960000,0.000000000,0.000000000,,0.000000,0.000000,0.000000,,0.008766556,0,1,0,10,gPO_sBM_cAll_d10_mPO0_ch01;gPO_sBM_cAll_d11_mPO0_ch01;gPO_sBM_cAll_d11_mPO0_ch02;gPO_sBM_cAll_d10_mPO0_ch02;gPO_sBM_cAll_d12_mPO3_ch02;gHO_sBM_cAll_d20_mHO5_ch10;gHO_sBM_cAll_d21_mHO5_ch10;gHO_sBM_cAll_d20_mHO5_ch06;gHO_sBM_cAll_d21_mHO5_ch09;gHO_sBM_cAll_d21_mHO5_ch03,,45.737300,512.471300,52.990200,3525.844700,accepted,0.960929,,0.928963,0.258845175,29.900430,0.090560,HO,0.865237,0.008534,0.002773,JB3:0.675858;JB5:0.667324;JB1:0.649179;LO4:0.634428;WA4:0.623183,gHO_sBM_cAll_d20_mHO5_ch10:0.664202;gHO_sBM_cAll_d21_mHO5_ch10:0.661429;gHO_sBM_cAll_d20_mHO5_ch06:0.661316;gHO_sBM_cAll_d21_mHO5_ch09:0.660251;gHO_sBM_cAll_d21_mHO5_ch03:0.654173;gHO_sBM_cAll_d21_mHO5_ch05:0.646348;gHO_sBM_cAll_d20_mHO5_ch05:0.643133;gHO_sBM_cAll_d21_mHO5_ch02:0.642951;gHO_sBM_cAll_d20_mHO5_ch04:0.642292;gHO_sBM_cAll_d21_mHO5_ch04:0.640256,Electronic---Techno:0.272284;Electronic---Electro:0.201204;Electronic---Deep Techno:0.129699;Electronic---Deep House:0.118569;Electronic---Synthwave:0.097134,PO:v1:k0:r1,,JB3,0.675858,gHO_sBM_cAll_d20_mHO5_ch10,0.664202,120.967742
24.376000,24.419582200,,hermite,terminal_hold,Bridge preparation did not finish before the terminal state,,,,0,0.0,1,gPO_sBM_cAll_d12_mPO3_ch02,,,23.512000,gHO_sBM_cAll_d20_mHO5_ch10;gHO_sBM_cAll_d21_mHO5_ch10;gHO_sBM_cAll_d20_mHO5_ch06;gHO_sBM_cAll_d21_mHO5_ch09;gHO_sBM_cAll_d21_mHO5_ch03,18.496649,113,,,,1.000000000,0.216061185,0.000000,motion_end,0.216061185,0.077234,0.128347,0.034431,0.000000,0.087300,0.000000,4.270833,0.350000,beat-sync,0.813767,1.562500,,0.137821698,0.234246373,right_wrist_yaw,0.000000000,right_wrist_pitch,0.234246373,right_wrist_yaw,0.000000000,right_wrist_pitch,-0.479851,0.464869,0.856513,1.913154,0.000000000,0.000000000,0.000000000,0.000848661,0.000711361,0.006492620,24.344000,0.000000000,0.000000000,,0.000000,0.000000,0.000000,,0.008733307,0,1,0,10,gPO_sBM_cAll_d10_mPO0_ch01;gPO_sBM_cAll_d11_mPO0_ch01;gPO_sBM_cAll_d11_mPO0_ch02;gPO_sBM_cAll_d10_mPO0_ch02;gPO_sBM_cAll_d12_mPO3_ch02;gHO_sBM_cAll_d20_mHO5_ch10;gHO_sBM_cAll_d21_mHO5_ch10;gHO_sBM_cAll_d20_mHO5_ch06;gHO_sBM_cAll_d21_mHO5_ch09;gHO_sBM_cAll_d21_mHO5_ch03,,45.737300,512.471300,52.990200,3525.844700,accepted,0.960929,,0.928963,0.258845175,29.900430,0.090560,HO,0.865237,0.008534,0.002773,JB3:0.675858;JB5:0.667324;JB1:0.649179;LO4:0.634428;WA4:0.623183,gHO_sBM_cAll_d20_mHO5_ch10:0.664202;gHO_sBM_cAll_d21_mHO5_ch10:0.661429;gHO_sBM_cAll_d20_mHO5_ch06:0.661316;gHO_sBM_cAll_d21_mHO5_ch09:0.660251;gHO_sBM_cAll_d21_mHO5_ch03:0.654173;gHO_sBM_cAll_d21_mHO5_ch05:0.646348;gHO_sBM_cAll_d20_mHO5_ch05:0.643133;gHO_sBM_cAll_d21_mHO5_ch02:0.642951;gHO_sBM_cAll_d20_mHO5_ch04:0.642292;gHO_sBM_cAll_d21_mHO5_ch04:0.640256,Electronic---Techno:0.272284;Electronic---Electro:0.201204;Electronic---Deep Techno:0.129699;Electronic---Deep House:0.118569;Electronic---Synthwave:0.097134,PO:v1:k0:r1,,JB3,0.675858,gHO_sBM_cAll_d20_mHO5_ch10,0.664202,120.967742
24.408000,24.438358800,,hermite,terminal_hold,Bridge preparation did not finish before the terminal state,,,,0,0.0,1,gPO_sBM_cAll_d12_mPO3_ch02,,,23.512000,gHO_sBM_cAll_d20_mHO5_ch10;gHO_sBM_cAll_d21_mHO5_ch10;gHO_sBM_cAll_d20_mHO5_ch06;gHO_sBM_cAll_d21_mHO5_ch09;gHO_sBM_cAll_d21_mHO5_ch03,18.496649,113,,,,1.000000000,0.216061185,0.000000,motion_end,0.216061185,0.077234,0.128347,0.034431,0.000000,0.087300,0.000000,4.270833,0.350000,beat-sync,0.813767,1.562500,,0.137821698,0.234246373,right_wrist_yaw,0.000000000,right_wrist_pitch,0.234246373,right_wrist_yaw,0.000000000,right_wrist_pitch,-0.479851,0.464869,0.856513,1.913154,0.000000000,0.000000000,0.000000000,0.000848661,0.000711361,0.006492620,24.344000,0.000000000,0.000000000,,0.000000,0.000000,0.000000,,0.008729628,0,1,0,10,gPO_sBM_cAll_d10_mPO0_ch01;gPO_sBM_cAll_d11_mPO0_ch01;gPO_sBM_cAll_d11_mPO0_ch02;gPO_sBM_cAll_d10_mPO0_ch02;gPO_sBM_cAll_d12_mPO3_ch02;gHO_sBM_cAll_d20_mHO5_ch10;gHO_sBM_cAll_d21_mHO5_ch10;gHO_sBM_cAll_d20_mHO5_ch06;gHO_sBM_cAll_d21_mHO5_ch09;gHO_sBM_cAll_d21_mHO5_ch03,,45.737300,512.471300,52.990200,3525.844700,accepted,0.960929,,0.928963,0.258845175,29.900430,0.090560,HO,0.865237,0.008534,0.002773,JB3:0.675858;JB5:0.667324;JB1:0.649179;LO4:0.634428;WA4:0.623183,gHO_sBM_cAll_d20_mHO5_ch10:0.664202;gHO_sBM_cAll_d21_mHO5_ch10:0.661429;gHO_sBM_cAll_d20_mHO5_ch06:0.661316;gHO_sBM_cAll_d21_mHO5_ch09:0.660251;gHO_sBM_cAll_d21_mHO5_ch03:0.654173;gHO_sBM_cAll_d21_mHO5_ch05:0.646348;gHO_sBM_cAll_d20_mHO5_ch05:0.643133;gHO_sBM_cAll_d21_mHO5_ch02:0.642951;gHO_sBM_cAll_d20_mHO5_ch04:0.642292;gHO_sBM_cAll_d21_mHO5_ch04:0.640256,Electronic---Techno:0.272284;Electronic---Electro:0.201204;Electronic---Deep Techno:0.129699;Electronic---Deep House:0.118569;Electronic---Synthwave:0.097134,PO:v1:k0:r1,,JB3,0.675858,gHO_sBM_cAll_d20_mHO5_ch10,0.664202,120.967742
24.440000,24.471836700,beat_limiter_result,hermite,terminal_hold,Bridge preparation did not finish before the terminal state,,,,0,0.0,1,gPO_sBM_cAll_d12_mPO3_ch02,,,23.512000,gHO_sBM_cAll_d20_mHO5_ch10;gHO_sBM_cAll_d21_mHO5_ch10;gHO_sBM_cAll_d20_mHO5_ch06;gHO_sBM_cAll_d21_mHO5_ch09;gHO_sBM_cAll_d21_mHO5_ch03,18.496649,113,,,,1.000000000,0.216061185,0.000000,motion_end,0.216061185,0.077234,0.128347,0.034431,0.000000,0.087300,0.000000,4.270833,0.350000,beat-sync,0.813767,1.562500,,0.137821698,0.234246373,right_wrist_yaw,0.000000000,right_wrist_pitch,0.234246373,right_wrist_yaw,0.000000000,right_wrist_pitch,-0.479851,0.464869,0.856513,1.913154,0.000000000,0.000000000,0.000000000,0.000848661,0.000711361,0.006492620,24.344000,0.000000000,0.000000000,,0.000000,0.000000,0.000000,,0.008718611,0,1,0,10,gPO_sBM_cAll_d10_mPO0_ch01;gPO_sBM_cAll_d11_mPO0_ch01;gPO_sBM_cAll_d11_mPO0_ch02;gPO_sBM_cAll_d10_mPO0_ch02;gPO_sBM_cAll_d12_mPO3_ch02;gHO_sBM_cAll_d20_mHO5_ch10;gHO_sBM_cAll_d21_mHO5_ch10;gHO_sBM_cAll_d20_mHO5_ch06;gHO_sBM_cAll_d21_mHO5_ch09;gHO_sBM_cAll_d21_mHO5_ch03,,45.737300,512.471300,52.990200,3525.844700,accepted,0.960929,,0.928963,0.258845175,29.900430,0.090560,HO,0.865237,0.008534,0.002773,JB3:0.675858;JB5:0.667324;JB1:0.649179;LO4:0.634428;WA4:0.623183,gHO_sBM_cAll_d20_mHO5_ch10:0.664202;gHO_sBM_cAll_d21_mHO5_ch10:0.661429;gHO_sBM_cAll_d20_mHO5_ch06:0.661316;gHO_sBM_cAll_d21_mHO5_ch09:0.660251;gHO_sBM_cAll_d21_mHO5_ch03:0.654173;gHO_sBM_cAll_d21_mHO5_ch05:0.646348;gHO_sBM_cAll_d20_mHO5_ch05:0.643133;gHO_sBM_cAll_d21_mHO5_ch02:0.642951;gHO_sBM_cAll_d20_mHO5_ch04:0.642292;gHO_sBM_cAll_d21_mHO5_ch04:0.640256,Electronic---Techno:0.272284;Electronic---Electro:0.201204;Electronic---Deep Techno:0.129699;Electronic---Deep House:0.118569;Electronic---Synthwave:0.097134,PO:v1:k0:r1,,JB3,0.675858,gHO_sBM_cAll_d20_mHO5_ch10,0.664202,120.967742
24.472000,24.492811700,,hermite,terminal_hold,Bridge preparation did not finish before the terminal state,,,,0,0.0,1,gPO_sBM_cAll_d12_mPO3_ch02,,,23.512000,gHO_sBM_cAll_d20_mHO5_ch10;gHO_sBM_cAll_d21_mHO5_ch10;gHO_sBM_cAll_d20_mHO5_ch06;gHO_sBM_cAll_d21_mHO5_ch09;gHO_sBM_cAll_d21_mHO5_ch03,18.496649,113,,,,1.000000000,0.216061185,0.000000,motion_end,0.216061185,0.077234,0.128347,0.034431,0.000000,0.087300,0.000000,4.270833,0.350000,beat-sync,0.813767,1.562500,,0.137821698,0.234246373,right_wrist_yaw,0.000000000,right_wrist_pitch,0.234246373,right_wrist_yaw,0.000000000,right_wrist_pitch,-0.479851,0.464869,0.856513,1.913154,0.000000000,0.000000000,0.000000000,0.000848661,0.000711361,0.006492620,24.344000,0.000000000,0.000000000,,0.000000,0.000000,0.000000,,0.008711281,0,1,0,10,gPO_sBM_cAll_d10_mPO0_ch01;gPO_sBM_cAll_d11_mPO0_ch01;gPO_sBM_cAll_d11_mPO0_ch02;gPO_sBM_cAll_d10_mPO0_ch02;gPO_sBM_cAll_d12_mPO3_ch02;gHO_sBM_cAll_d20_mHO5_ch10;gHO_sBM_cAll_d21_mHO5_ch10;gHO_sBM_cAll_d20_mHO5_ch06;gHO_sBM_cAll_d21_mHO5_ch09;gHO_sBM_cAll_d21_mHO5_ch03,,45.737300,512.471300,52.990200,3525.844700,accepted,0.960929,,0.928963,0.258845175,29.900430,0.090560,HO,0.865237,0.008534,0.002773,JB3:0.675858;JB5:0.667324;JB1:0.649179;LO4:0.634428;WA4:0.623183,gHO_sBM_cAll_d20_mHO5_ch10:0.664202;gHO_sBM_cAll_d21_mHO5_ch10:0.661429;gHO_sBM_cAll_d20_mHO5_ch06:0.661316;gHO_sBM_cAll_d21_mHO5_ch09:0.660251;gHO_sBM_cAll_d21_mHO5_ch03:0.654173;gHO_sBM_cAll_d21_mHO5_ch05:0.646348;gHO_sBM_cAll_d20_mHO5_ch05:0.643133;gHO_sBM_cAll_d21_mHO5_ch02:0.642951;gHO_sBM_cAll_d20_mHO5_ch04:0.642292;gHO_sBM_cAll_d21_mHO5_ch04:0.640256,Electronic---Techno:0.272284;Electronic---Electro:0.201204;Electronic---Deep Techno:0.129699;Electronic---Deep House:0.118569;Electronic---Synthwave:0.097134,PO:v1:k0:r1,,JB3,0.675858,gHO_sBM_cAll_d20_mHO5_ch10,0.664202,120.967742
24.504000,24.527603500,,hermite,terminal_hold,Bridge preparation did not finish before the terminal state,,,,0,0.0,1,gPO_sBM_cAll_d12_mPO3_ch02,,,23.512000,gHO_sBM_cAll_d20_mHO5_ch10;gHO_sBM_cAll_d21_mHO5_ch10;gHO_sBM_cAll_d20_mHO5_ch06;gHO_sBM_cAll_d21_mHO5_ch09;gHO_sBM_cAll_d21_mHO5_ch03,18.496649,113,,,,1.000000000,0.216061185,0.000000,motion_end,0.216061185,0.077234,0.128347,0.034431,0.000000,0.087300,0.000000,4.270833,0.350000,beat-sync,0.813767,1.562500,,0.137821698,0.234246373,right_wrist_yaw,0.000000000,right_wrist_pitch,0.234246373,right_wrist_yaw,0.000000000,right_wrist_pitch,-0.479851,0.464869,0.856513,1.913154,0.000000000,0.000000000,0.000000000,0.000848661,0.000711361,0.006492620,24.344000,0.000000000,0.000000000,,0.000000,0.000000,0.000000,,0.008700310,0,1,0,10,gPO_sBM_cAll_d10_mPO0_ch01;gPO_sBM_cAll_d11_mPO0_ch01;gPO_sBM_cAll_d11_mPO0_ch02;gPO_sBM_cAll_d10_mPO0_ch02;gPO_sBM_cAll_d12_mPO3_ch02;gHO_sBM_cAll_d20_mHO5_ch10;gHO_sBM_cAll_d21_mHO5_ch10;gHO_sBM_cAll_d20_mHO5_ch06;gHO_sBM_cAll_d21_mHO5_ch09;gHO_sBM_cAll_d21_mHO5_ch03,,45.737300,512.471300,52.990200,3525.844700,accepted,0.960929,,0.928963,0.258845175,29.900430,0.090560,HO,0.865237,0.008534,0.002773,JB3:0.675858;JB5:0.667324;JB1:0.649179;LO4:0.634428;WA4:0.623183,gHO_sBM_cAll_d20_mHO5_ch10:0.664202;gHO_sBM_cAll_d21_mHO5_ch10:0.661429;gHO_sBM_cAll_d20_mHO5_ch06:0.661316;gHO_sBM_cAll_d21_mHO5_ch09:0.660251;gHO_sBM_cAll_d21_mHO5_ch03:0.654173;gHO_sBM_cAll_d21_mHO5_ch05:0.646348;gHO_sBM_cAll_d20_mHO5_ch05:0.643133;gHO_sBM_cAll_d21_mHO5_ch02:0.642951;gHO_sBM_cAll_d20_mHO5_ch04:0.642292;gHO_sBM_cAll_d21_mHO5_ch04:0.640256,Electronic---Techno:0.272284;Electronic---Electro:0.201204;Electronic---Deep Techno:0.129699;Electronic---Deep House:0.118569;Electronic---Synthwave:0.097134,PO:v1:k0:r1,,JB3,0.675858,gHO_sBM_cAll_d20_mHO5_ch10,0.664202,120.967742
24.568000,24.619313200,,hermite,terminal_hold,Bridge preparation did not finish before the terminal state,,,,0,0.0,1,gPO_sBM_cAll_d12_mPO3_ch02,,,23.512000,gHO_sBM_cAll_d20_mHO5_ch10;gHO_sBM_cAll_d21_mHO5_ch10;gHO_sBM_cAll_d20_mHO5_ch06;gHO_sBM_cAll_d21_mHO5_ch09;gHO_sBM_cAll_d21_mHO5_ch03,18.496649,113,,,,1.000000000,0.216061185,0.000000,motion_end,0.216061185,0.077234,0.128347,0.034431,0.000000,0.087300,0.000000,4.270833,0.350000,beat-sync,0.813767,1.446759,,0.076221868,0.234246373,right_wrist_yaw,0.000000000,right_wrist_pitch,0.234246373,right_wrist_yaw,0.000000000,right_wrist_pitch,-0.479851,0.464869,0.856513,1.913154,0.000000000,0.000000000,0.000000000,0.000848661,0.000711361,0.006492620,24.536000,0.000000000,0.000000000,,0.000000,0.000000,0.000000,,0.008685724,0,1,0,10,gPO_sBM_cAll_d10_mPO0_ch01;gPO_sBM_cAll_d11_mPO0_ch01;gPO_sBM_cAll_d11_mPO0_ch02;gPO_sBM_cAll_d10_mPO0_ch02;gPO_sBM_cAll_d12_mPO3_ch02;gHO_sBM_cAll_d20_mHO5_ch10;gHO_sBM_cAll_d21_mHO5_ch10;gHO_sBM_cAll_d20_mHO5_ch06;gHO_sBM_cAll_d21_mHO5_ch09;gHO_sBM_cAll_d21_mHO5_ch03,,45.737300,512.471300,52.990200,3525.844700,accepted,0.960929,,0.928963,0.258845175,29.900430,0.090560,HO,0.865237,0.008534,0.002773,JB3:0.675858;JB5:0.667324;JB1:0.649179;LO4:0.634428;WA4:0.623183,gHO_sBM_cAll_d20_mHO5_ch10:0.664202;gHO_sBM_cAll_d21_mHO5_ch10:0.661429;gHO_sBM_cAll_d20_mHO5_ch06:0.661316;gHO_sBM_cAll_d21_mHO5_ch09:0.660251;gHO_sBM_cAll_d21_mHO5_ch03:0.654173;gHO_sBM_cAll_d21_mHO5_ch05:0.646348;gHO_sBM_cAll_d20_mHO5_ch05:0.643133;gHO_sBM_cAll_d21_mHO5_ch02:0.642951;gHO_sBM_cAll_d20_mHO5_ch04:0.642292;gHO_sBM_cAll_d21_mHO5_ch04:0.640256,Electronic---Techno:0.272284;Electronic---Electro:0.201204;Electronic---Deep Techno:0.129699;Electronic---Deep House:0.118569;Electronic---Synthwave:0.097134,PO:v1:k0:r1,,JB3,0.675858,gHO_sBM_cAll_d20_mHO5_ch10,0.664202,120.967742
24.600000,24.635438500,,hermite,terminal_hold,Bridge preparation did not finish before the terminal state,,,,0,0.0,1,gPO_sBM_cAll_d12_mPO3_ch02,,,23.512000,gHO_sBM_cAll_d20_mHO5_ch10;gHO_sBM_cAll_d21_mHO5_ch10;gHO_sBM_cAll_d20_mHO5_ch06;gHO_sBM_cAll_d21_mHO5_ch09;gHO_sBM_cAll_d21_mHO5_ch03,18.496649,113,,,,1.000000000,0.216061185,0.000000,motion_end,0.216061185,0.077234,0.128347,0.034431,0.000000,0.087300,0.000000,4.270833,0.350000,beat-sync,0.813767,1.446759,,0.076221868,0.234246373,right_wrist_yaw,0.000000000,right_wrist_pitch,0.234246373,right_wrist_yaw,0.000000000,right_wrist_pitch,-0.479851,0.464869,0.856513,1.913154,0.000000000,0.000000000,0.000000000,0.000848661,0.000711361,0.006492620,24.536000,0.000000000,0.000000000,,0.000000,0.000000,0.000000,,0.008682085,0,1,0,10,gPO_sBM_cAll_d10_mPO0_ch01;gPO_sBM_cAll_d11_mPO0_ch01;gPO_sBM_cAll_d11_mPO0_ch02;gPO_sBM_cAll_d10_mPO0_ch02;gPO_sBM_cAll_d12_mPO3_ch02;gHO_sBM_cAll_d20_mHO5_ch10;gHO_sBM_cAll_d21_mHO5_ch10;gHO_sBM_cAll_d20_mHO5_ch06;gHO_sBM_cAll_d21_mHO5_ch09;gHO_sBM_cAll_d21_mHO5_ch03,,45.737300,512.471300,52.990200,3525.844700,accepted,0.960929,,0.928963,0.258845175,29.900430,0.090560,HO,0.865237,0.008534,0.002773,JB3:0.675858;JB5:0.667324;JB1:0.649179;LO4:0.634428;WA4:0.623183,gHO_sBM_cAll_d20_mHO5_ch10:0.664202;gHO_sBM_cAll_d21_mHO5_ch10:0.661429;gHO_sBM_cAll_d20_mHO5_ch06:0.661316;gHO_sBM_cAll_d21_mHO5_ch09:0.660251;gHO_sBM_cAll_d21_mHO5_ch03:0.654173;gHO_sBM_cAll_d21_mHO5_ch05:0.646348;gHO_sBM_cAll_d20_mHO5_ch05:0.643133;gHO_sBM_cAll_d21_mHO5_ch02:0.642951;gHO_sBM_cAll_d20_mHO5_ch04:0.642292;gHO_sBM_cAll_d21_mHO5_ch04:0.640256,Electronic---Techno:0.272284;Electronic---Electro:0.201204;Electronic---Deep Techno:0.129699;Electronic---Deep House:0.118569;Electronic---Synthwave:0.097134,PO:v1:k0:r1,,JB3,0.675858,gHO_sBM_cAll_d20_mHO5_ch10,0.664202,120.967742
24.664000,24.686821600,,hermite,terminal_hold,Bridge preparation did not finish before the terminal state,,,,0,0.0,1,gPO_sBM_cAll_d12_mPO3_ch02,,,23.512000,gHO_sBM_cAll_d20_mHO5_ch10;gHO_sBM_cAll_d21_mHO5_ch10;gHO_sBM_cAll_d20_mHO5_ch06;gHO_sBM_cAll_d21_mHO5_ch09;gHO_sBM_cAll_d21_mHO5_ch03,18.496649,113,,,,1.000000000,0.216061185,0.000000,motion_end,0.216061185,0.077234,0.128347,0.034431,0.000000,0.087300,0.000000,4.270833,0.350000,beat-sync,0.813767,1.446759,,0.076221868,0.234246373,right_wrist_yaw,0.000000000,right_wrist_pitch,0.234246373,right_wrist_yaw,0.000000000,right_wrist_pitch,-0.479851,0.464869,0.856513,1.913154,0.000000000,0.000000000,0.000000000,0.000848661,0.000711361,0.006492620,24.536000,0.000000000,0.000000000,,0.000000,0.000000,0.000000,,0.008671187,0,1,0,10,gPO_sBM_cAll_d10_mPO0_ch01;gPO_sBM_cAll_d11_mPO0_ch01;gPO_sBM_cAll_d11_mPO0_ch02;gPO_sBM_cAll_d10_mPO0_ch02;gPO_sBM_cAll_d12_mPO3_ch02;gHO_sBM_cAll_d20_mHO5_ch10;gHO_sBM_cAll_d21_mHO5_ch10;gHO_sBM_cAll_d20_mHO5_ch06;gHO_sBM_cAll_d21_mHO5_ch09;gHO_sBM_cAll_d21_mHO5_ch03,,45.737300,512.471300,52.990200,3525.844700,accepted,0.960929,,0.928963,0.258845175,29.900430,0.090560,HO,0.865237,0.008534,0.002773,JB3:0.675858;JB5:0.667324;JB1:0.649179;LO4:0.634428;WA4:0.623183,gHO_sBM_cAll_d20_mHO5_ch10:0.664202;gHO_sBM_cAll_d21_mHO5_ch10:0.661429;gHO_sBM_cAll_d20_mHO5_ch06:0.661316;gHO_sBM_cAll_d21_mHO5_ch09:0.660251;gHO_sBM_cAll_d21_mHO5_ch03:0.654173;gHO_sBM_cAll_d21_mHO5_ch05:0.646348;gHO_sBM_cAll_d20_mHO5_ch05:0.643133;gHO_sBM_cAll_d21_mHO5_ch02:0.642951;gHO_sBM_cAll_d20_mHO5_ch04:0.642292;gHO_sBM_cAll_d21_mHO5_ch04:0.640256,Electronic---Techno:0.272284;Electronic---Electro:0.201204;Electronic---Deep Techno:0.129699;Electronic---Deep House:0.118569;Electronic---Synthwave:0.097134,PO:v1:k0:r1,,JB3,0.675858,gHO_sBM_cAll_d20_mHO5_ch10,0.664202,120.967742
24.760000,24.817504300,beat_limiter_result,hermite,terminal_hold,Bridge preparation did not finish before the terminal state,,,,0,0.0,1,gPO_sBM_cAll_d12_mPO3_ch02,,,23.512000,gHO_sBM_cAll_d20_mHO5_ch10;gHO_sBM_cAll_d21_mHO5_ch10;gHO_sBM_cAll_d20_mHO5_ch06;gHO_sBM_cAll_d21_mHO5_ch09;gHO_sBM_cAll_d21_mHO5_ch03,18.496649,113,,,,1.000000000,0.216061185,0.000000,motion_end,0.216061185,0.077234,0.128347,0.034431,0.000000,0.087300,0.000000,4.270833,0.350000,beat-sync,0.813767,1.446759,,0.076221868,0.234246373,right_wrist_yaw,0.000000000,right_wrist_pitch,0.234246373,right_wrist_yaw,0.000000000,right_wrist_pitch,-0.479851,0.464869,0.856513,1.913154,0.000000000,0.000000000,0.000000000,0.000848661,0.000711361,0.006492620,24.536000,0.000000000,0.000000000,,0.000000,0.000000,0.000000,,0.008660317,0,1,0,10,gPO_sBM_cAll_d10_mPO0_ch01;gPO_sBM_cAll_d11_mPO0_ch01;gPO_sBM_cAll_d11_mPO0_ch02;gPO_sBM_cAll_d10_mPO0_ch02;gPO_sBM_cAll_d12_mPO3_ch02;gHO_sBM_cAll_d20_mHO5_ch10;gHO_sBM_cAll_d21_mHO5_ch10;gHO_sBM_cAll_d20_mHO5_ch06;gHO_sBM_cAll_d21_mHO5_ch09;gHO_sBM_cAll_d21_mHO5_ch03,,45.737300,512.471300,52.990200,3525.844700,accepted,0.960929,,0.928963,0.258845175,29.900430,0.090560,HO,0.865237,0.008534,0.002773,JB3:0.675858;JB5:0.667324;JB1:0.649179;LO4:0.634428;WA4:0.623183,gHO_sBM_cAll_d20_mHO5_ch10:0.664202;gHO_sBM_cAll_d21_mHO5_ch10:0.661429;gHO_sBM_cAll_d20_mHO5_ch06:0.661316;gHO_sBM_cAll_d21_mHO5_ch09:0.660251;gHO_sBM_cAll_d21_mHO5_ch03:0.654173;gHO_sBM_cAll_d21_mHO5_ch05:0.646348;gHO_sBM_cAll_d20_mHO5_ch05:0.643133;gHO_sBM_cAll_d21_mHO5_ch02:0.642951;gHO_sBM_cAll_d20_mHO5_ch04:0.642292;gHO_sBM_cAll_d21_mHO5_ch04:0.640256,Electronic---Techno:0.272284;Electronic---Electro:0.201204;Electronic---Deep Techno:0.129699;Electronic---Deep House:0.118569;Electronic---Synthwave:0.097134,PO:v1:k0:r1,,JB3,0.675858,gHO_sBM_cAll_d20_mHO5_ch10,0.664202,120.967742
24.824000,24.888144800,,hermite,terminal_hold,Bridge preparation did not finish before the terminal state,,,,0,0.0,1,gPO_sBM_cAll_d12_mPO3_ch02,,,23.512000,gHO_sBM_cAll_d20_mHO5_ch10;gHO_sBM_cAll_d21_mHO5_ch10;gHO_sBM_cAll_d20_mHO5_ch06;gHO_sBM_cAll_d21_mHO5_ch09;gHO_sBM_cAll_d21_mHO5_ch03,18.496649,113,,,,1.000000000,0.216061185,0.000000,motion_end,0.216061185,0.077234,0.128347,0.034431,0.000000,0.087300,0.000000,4.270833,0.350000,beat-sync,0.813767,1.446759,,0.076221868,0.234246373,right_wrist_yaw,0.000000000,right_wrist_pitch,0.234246373,right_wrist_yaw,0.000000000,right_wrist_pitch,-0.479851,0.464869,0.856513,1.913154,0.000000000,0.000000000,0.000000000,0.000848661,0.000711361,0.006492620,24.536000,0.000000000,0.000000000,,0.000000,0.000000,0.000000,,0.008649473,0,1,0,10,gPO_sBM_cAll_d10_mPO0_ch01;gPO_sBM_cAll_d11_mPO0_ch01;gPO_sBM_cAll_d11_mPO0_ch02;gPO_sBM_cAll_d10_mPO0_ch02;gPO_sBM_cAll_d12_mPO3_ch02;gHO_sBM_cAll_d20_mHO5_ch10;gHO_sBM_cAll_d21_mHO5_ch10;gHO_sBM_cAll_d20_mHO5_ch06;gHO_sBM_cAll_d21_mHO5_ch09;gHO_sBM_cAll_d21_mHO5_ch03,,45.737300,512.471300,52.990200,3525.844700,accepted,0.960929,,0.928963,0.258845175,29.900430,0.090560,HO,0.865237,0.008534,0.002773,JB3:0.675858;JB5:0.667324;JB1:0.649179;LO4:0.634428;WA4:0.623183,gHO_sBM_cAll_d20_mHO5_ch10:0.664202;gHO_sBM_cAll_d21_mHO5_ch10:0.661429;gHO_sBM_cAll_d20_mHO5_ch06:0.661316;gHO_sBM_cAll_d21_mHO5_ch09:0.660251;gHO_sBM_cAll_d21_mHO5_ch03:0.654173;gHO_sBM_cAll_d21_mHO5_ch05:0.646348;gHO_sBM_cAll_d20_mHO5_ch05:0.643133;gHO_sBM_cAll_d21_mHO5_ch02:0.642951;gHO_sBM_cAll_d20_mHO5_ch04:0.642292;gHO_sBM_cAll_d21_mHO5_ch04:0.640256,Electronic---Techno:0.272284;Electronic---Electro:0.201204;Electronic---Deep Techno:0.129699;Electronic---Deep House:0.118569;Electronic---Synthwave:0.097134,PO:v1:k0:r1,,JB3,0.675858,gHO_sBM_cAll_d20_mHO5_ch10,0.664202,120.967742
24.856000,24.925036300,,hermite,terminal_hold,Bridge preparation did not finish before the terminal state,,,,0,0.0,1,gPO_sBM_cAll_d12_mPO3_ch02,,,23.512000,gHO_sBM_cAll_d20_mHO5_ch10;gHO_sBM_cAll_d21_mHO5_ch10;gHO_sBM_cAll_d20_mHO5_ch06;gHO_sBM_cAll_d21_mHO5_ch09;gHO_sBM_cAll_d21_mHO5_ch03,18.496649,113,,,,1.000000000,0.216061185,0.000000,motion_end,0.216061185,0.077234,0.128347,0.034431,0.000000,0.087300,0.000000,4.270833,0.350000,beat-sync,0.813767,1.446759,,0.076221868,0.234246373,right_wrist_yaw,0.000000000,right_wrist_pitch,0.234246373,right_wrist_yaw,0.000000000,right_wrist_pitch,-0.479851,0.464869,0.856513,1.913154,0.000000000,0.000000000,0.000000000,0.000848661,0.000711361,0.006492620,24.536000,0.000000000,0.000000000,,0.000000,0.000000,0.000000,,0.008645865,0,1,0,10,gPO_sBM_cAll_d10_mPO0_ch01;gPO_sBM_cAll_d11_mPO0_ch01;gPO_sBM_cAll_d11_mPO0_ch02;gPO_sBM_cAll_d10_mPO0_ch02;gPO_sBM_cAll_d12_mPO3_ch02;gHO_sBM_cAll_d20_mHO5_ch10;gHO_sBM_cAll_d21_mHO5_ch10;gHO_sBM_cAll_d20_mHO5_ch06;gHO_sBM_cAll_d21_mHO5_ch09;gHO_sBM_cAll_d21_mHO5_ch03,,45.737300,512.471300,52.990200,3525.844700,accepted,0.960929,,0.928963,0.258845175,29.900430,0.090560,HO,0.865237,0.008534,0.002773,JB3:0.675858;JB5:0.667324;JB1:0.649179;LO4:0.634428;WA4:0.623183,gHO_sBM_cAll_d20_mHO5_ch10:0.664202;gHO_sBM_cAll_d21_mHO5_ch10:0.661429;gHO_sBM_cAll_d20_mHO5_ch06:0.661316;gHO_sBM_cAll_d21_mHO5_ch09:0.660251;gHO_sBM_cAll_d21_mHO5_ch03:0.654173;gHO_sBM_cAll_d21_mHO5_ch05:0.646348;gHO_sBM_cAll_d20_mHO5_ch05:0.643133;gHO_sBM_cAll_d21_mHO5_ch02:0.642951;gHO_sBM_cAll_d20_mHO5_ch04:0.642292;gHO_sBM_cAll_d21_mHO5_ch04:0.640256,Electronic---Techno:0.272284;Electronic---Electro:0.201204;Electronic---Deep Techno:0.129699;Electronic---Deep House:0.118569;Electronic---Synthwave:0.097134,PO:v1:k0:r1,,JB3,0.675858,gHO_sBM_cAll_d20_mHO5_ch10,0.664202,120.967742
24.920000,24.941535500,,hermite,terminal_hold,Bridge preparation did not finish before the terminal state,,,,0,0.0,1,gPO_sBM_cAll_d12_mPO3_ch02,,,23.512000,gHO_sBM_cAll_d20_mHO5_ch10;gHO_sBM_cAll_d21_mHO5_ch10;gHO_sBM_cAll_d20_mHO5_ch06;gHO_sBM_cAll_d21_mHO5_ch09;gHO_sBM_cAll_d21_mHO5_ch03,18.496649,113,,,,1.000000000,0.216061185,0.000000,motion_end,0.216061185,0.077234,0.128347,0.034431,0.000000,0.087300,0.000000,4.270833,0.350000,beat-sync,0.813767,1.446759,,0.076221868,0.234246373,right_wrist_yaw,0.000000000,right_wrist_pitch,0.234246373,right_wrist_yaw,0.000000000,right_wrist_pitch,-0.479851,0.464869,0.856513,1.913154,0.000000000,0.000000000,0.000000000,0.000848661,0.000711361,0.006492620,24.536000,0.000000000,0.000000000,,0.000000,0.000000,0.000000,,0.008642259,0,1,0,10,gPO_sBM_cAll_d10_mPO0_ch01;gPO_sBM_cAll_d11_mPO0_ch01;gPO_sBM_cAll_d11_mPO0_ch02;gPO_sBM_cAll_d10_mPO0_ch02;gPO_sBM_cAll_d12_mPO3_ch02;gHO_sBM_cAll_d20_mHO5_ch10;gHO_sBM_cAll_d21_mHO5_ch10;gHO_sBM_cAll_d20_mHO5_ch06;gHO_sBM_cAll_d21_mHO5_ch09;gHO_sBM_cAll_d21_mHO5_ch03,,45.737300,512.471300,52.990200,3525.844700,accepted,0.960929,,0.928963,0.258845175,29.900430,0.090560,HO,0.865237,0.008534,0.002773,JB3:0.675858;JB5:0.667324;JB1:0.649179;LO4:0.634428;WA4:0.623183,gHO_sBM_cAll_d20_mHO5_ch10:0.664202;gHO_sBM_cAll_d21_mHO5_ch10:0.661429;gHO_sBM_cAll_d20_mHO5_ch06:0.661316;gHO_sBM_cAll_d21_mHO5_ch09:0.660251;gHO_sBM_cAll_d21_mHO5_ch03:0.654173;gHO_sBM_cAll_d21_mHO5_ch05:0.646348;gHO_sBM_cAll_d20_mHO5_ch05:0.643133;gHO_sBM_cAll_d21_mHO5_ch02:0.642951;gHO_sBM_cAll_d20_mHO5_ch04:0.642292;gHO_sBM_cAll_d21_mHO5_ch04:0.640256,Electronic---Techno:0.272284;Electronic---Electro:0.201204;Electronic---Deep Techno:0.129699;Electronic---Deep House:0.118569;Electronic---Synthwave:0.097134,PO:v1:k0:r1,,JB3,0.675858,gHO_sBM_cAll_d20_mHO5_ch10,0.664202,120.967742
24.952000,25.004236600,,hermite,terminal_hold,Bridge preparation did not finish before the terminal state,,,,0,0.0,1,gPO_sBM_cAll_d12_mPO3_ch02,,,23.512000,gHO_sBM_cAll_d20_mHO5_ch10;gHO_sBM_cAll_d21_mHO5_ch10;gHO_sBM_cAll_d20_mHO5_ch06;gHO_sBM_cAll_d21_mHO5_ch09;gHO_sBM_cAll_d21_mHO5_ch03,18.496649,113,,,,1.000000000,0.216061185,0.000000,motion_end,0.216061185,0.077234,0.128347,0.034431,0.000000,0.087300,0.000000,4.270833,0.350000,beat-sync,0.813767,1.446759,,0.076221868,0.234246373,right_wrist_yaw,0.000000000,right_wrist_pitch,0.234246373,right_wrist_yaw,0.000000000,right_wrist_pitch,-0.479851,0.464869,0.856513,1.913154,0.000000000,0.000000000,0.000000000,0.000848661,0.000711361,0.006492620,24.536000,0.000000000,0.000000000,,0.000000,0.000000,0.000000,,0.008635057,0,1,0,10,gPO_sBM_cAll_d10_mPO0_ch01;gPO_sBM_cAll_d11_mPO0_ch01;gPO_sBM_cAll_d11_mPO0_ch02;gPO_sBM_cAll_d10_mPO0_ch02;gPO_sBM_cAll_d12_mPO3_ch02;gHO_sBM_cAll_d20_mHO5_ch10;gHO_sBM_cAll_d21_mHO5_ch10;gHO_sBM_cAll_d20_mHO5_ch06;gHO_sBM_cAll_d21_mHO5_ch09;gHO_sBM_cAll_d21_mHO5_ch03,,45.737300,512.471300,52.990200,3525.844700,accepted,0.960929,,0.928963,0.258845175,29.900430,0.090560,HO,0.865237,0.008534,0.002773,JB3:0.675858;JB5:0.667324;JB1:0.649179;LO4:0.634428;WA4:0.623183,gHO_sBM_cAll_d20_mHO5_ch10:0.664202;gHO_sBM_cAll_d21_mHO5_ch10:0.661429;gHO_sBM_cAll_d20_mHO5_ch06:0.661316;gHO_sBM_cAll_d21_mHO5_ch09:0.660251;gHO_sBM_cAll_d21_mHO5_ch03:0.654173;gHO_sBM_cAll_d21_mHO5_ch05:0.646348;gHO_sBM_cAll_d20_mHO5_ch05:0.643133;gHO_sBM_cAll_d21_mHO5_ch02:0.642951;gHO_sBM_cAll_d20_mHO5_ch04:0.642292;gHO_sBM_cAll_d21_mHO5_ch04:0.640256,Electronic---Techno:0.272284;Electronic---Electro:0.201204;Electronic---Deep Techno:0.129699;Electronic---Deep House:0.118569;Electronic---Synthwave:0.097134,PO:v1:k0:r1,,JB3,0.675858,gHO_sBM_cAll_d20_mHO5_ch10,0.664202,120.967742
