audio_time_seconds,wall_time_seconds,event,transition_backend,bridge_preparation_status,bridge_failure_reason,bridge_position_residual,bridge_velocity_residual,bridge_acceleration_residual,bridge_output_modified,boundary_effect_weight,bridge_generation,current_motion_id,pending_motion_id,preferred_motion_id,audio_history_seconds,shortlist,terminal_time_seconds,entry_frame_index,preparation_delay_seconds,transition_motion_id,fallback_reason,current_phase,transition_phase,transition_blend,transition_reason,entry_phase,entry_total_score,entry_pose_score,entry_velocity_score,entry_contact_score,entry_root_score,entry_music_score,entry_remaining_seconds,transition_duration_seconds,motion_timing,speed_multiplier,target_speed_multiplier,transition_speed_multiplier,phase_correction_remaining,raw_max_wrist_abs_rad,raw_max_wrist_angle_joint,raw_max_wrist_speed_rad_s,raw_max_wrist_speed_joint,output_max_wrist_abs_rad,output_max_wrist_angle_joint,output_max_wrist_speed_rad_s,output_max_wrist_speed_joint,root_x,root_y,root_z,root_yaw,switch_anchor_xy_delta_m,switch_anchor_z_delta_m,switch_anchor_yaw_delta_rad,post_switch_xy_delta_m,post_switch_z_delta_m,post_switch_yaw_delta_rad,accepted_beat_time_seconds,accepted_beat_pose_error_rad,accepted_beat_delay_seconds,accepted_beat_limiter_joints,target_max_joint_speed_rad_s,output_max_joint_speed_rad_s,output_max_joint_acceleration_rad_s2,limiter_activated_joints,limiter_activation_rate,collision_override,limiter_enabled,terminal_safe_idle_active,ready_pool_size,ready_motion_ids,failed_motion_ids,motion_load_ms,motion_grounding_ms,entry_feature_ms,motion_fully_ready_ms,match_state,match_confidence,match_rejection_reason,beat_quality,signal_rms,dynamic_range_db,negative_style_score,top_genre,top_genre_score,track_margin,motion_margin,ranked_tracks,ranked_motions,query_tags,current_motion_cluster_id,pending_motion_cluster_id,top_track_id,top_track_score,top_motion_id,top_motion_score,query_bpm
0.000000,-0.995701100,,hermite,awaiting_retrieval,,,,,0,3.854215815357739e-11,0,gWA_sBM_cAll_d26_mWA0_ch05,,,0.000000,,,,,,,0.000006542,,0.000000,,,,,,,,,,0.000000,beat-sync,1.000000,1.000000,,0.000000000,0.091577370,left_wrist_yaw,0.000000000,,0.091577370,left_wrist_yaw,0.000000000,,0.000000,0.000000,0.913186,0.000000,0.000000000,0.000000000,0.000000000,0.000000000,0.000000000,0.000000000,,0.000000000,,,0.000000,0.000000,0.000000,,0.000000000,0,1,0,0,,,,,,,warming_up,,,,,,,,,,,,,,WA:v0:k1:r1,,,,,,
0.056000,0.070234700,,hermite,awaiting_retrieval,,,,,0,1.0,0,gWA_sBM_cAll_d26_mWA0_ch05,,,0.000000,,,,,,,0.088899271,,0.000000,,,,,,,,,,0.000000,beat-sync,1.000000,1.000000,,0.000000000,0.197435917,left_wrist_yaw,1.105708844,left_wrist_yaw,0.197435917,left_wrist_yaw,1.125994766,left_wrist_yaw,0.085639,0.051010,0.856387,-0.309273,0.000000000,0.000000000,0.000000000,0.000000000,0.000000000,0.000000000,,0.000000000,,,6.037291,5.026080,212.031776,,0.006333568,0,1,0,0,,,,,,,warming_up,,,,,,,,,,,,,,WA:v0:k1:r1,,,,,,
0.120000,0.135689400,,hermite,awaiting_retrieval,,,,,0,1.0,0,gWA_sBM_cAll_d26_mWA0_ch05,,,0.000000,,,,,,,0.094361950,,0.000000,,,,,,,,,,0.000000,beat-sync,1.000000,1.000000,,0.000000000,0.144230201,left_wrist_yaw,0.218790544,right_wrist_yaw,0.144230201,left_wrist_yaw,0.239046378,right_wrist_yaw,0.087344,0.041509,0.873047,-0.400877,0.000000000,0.000000000,0.000000000,0.000000000,0.000000000,0.000000000,,0.000000000,,,1.441516,1.190911,74.987262,,0.005855563,0,1,0,0,,,,,,,warming_up,,,,,,,,,,,,,,WA:v0:k1:r1,,,,,,
0.152000,0.168267200,,hermite,awaiting_retrieval,,,,,0,1.0,0,gWA_sBM_cAll_d26_mWA0_ch05,,,0.000000,,,,,,,0.097158768,,0.000000,,,,,,,,,,0.000000,beat-sync,1.000000,1.000000,,0.000000000,0.152430680,right_wrist_yaw,0.535260795,right_wrist_yaw,0.152430680,right_wrist_yaw,0.712506849,right_wrist_yaw,0.087215,0.035749,0.881557,-0.403823,0.000000000,0.000000000,0.000000000,0.000000000,0.000000000,0.000000000,,0.000000000,,,2.745907,2.250351,104.168156,,0.005642633,0,1,0,0,,,,,,,warming_up,,,,,,,,,,,,,,WA:v0:k1:r1,,,,,,
0.216000,0.227781800,,hermite,awaiting_retrieval,,,,,0,1.0,0,gWA_sBM_cAll_d26_mWA0_ch05,,,0.000000,,,,,,,0.102106915,,0.000000,,,,,,,,,,0.000000,beat-sync,1.000000,1.000000,,0.000000000,0.181834203,right_wrist_yaw,0.304743975,right_wrist_yaw,0.181834203,right_wrist_yaw,0.462288041,right_wrist_yaw,0.088384,0.030782,0.899969,-0.363416,0.000000000,0.000000000,0.000000000,0.000000000,0.000000000,0.000000000,,0.000000000,,,3.764730,3.012157,163.656385,,0.005350773,0,1,0,0,,,,,,,warming_up,,,,,,,,,,,,,,WA:v0:k1:r1,,,,,,
0.280000,0.294651800,,hermite,awaiting_retrieval,,,,,0,1.0,0,gWA_sBM_cAll_d26_mWA0_ch05,,,0.000000,,,,,,,0.107659243,,0.000000,,,,,,,,,,0.000000,beat-sync,1.000000,1.000000,,0.000000000,0.178516514,left_wrist_yaw,0.530467548,right_wrist_yaw,0.178516514,left_wrist_yaw,0.733180120,right_wrist_yaw,0.093451,0.028894,0.924486,-0.292803,0.000000000,0.000000000,0.000000000,0.000000000,0.000000000,0.000000000,,0.000000000,,,3.985534,3.104528,76.378041,,0.005005562,0,1,0,0,,,,,,,warming_up,,,,,,,,,,,,,,WA:v0:k1:r1,,,,,,
0.312000,0.318639900,,hermite,awaiting_retrieval,,,,,0,1.0,0,gWA_sBM_cAll_d26_mWA0_ch05,,,0.000000,,,,,,,0.109719780,,0.000000,,,,,,,,,,0.000000,beat-sync,1.000000,1.000000,,0.000000000,0.191022078,left_wrist_yaw,1.476428796,right_wrist_pitch,0.191022078,left_wrist_yaw,1.922703707,right_wrist_pitch,0.096486,0.028369,0.931410,-0.255484,0.000000000,0.000000000,0.000000000,0.000000000,0.000000000,0.000000000,,0.000000000,,,5.769464,4.747435,122.431554,,0.004887320,0,1,0,0,,,,,,,warming_up,,,,,,,,,,,,,,WA:v0:k1:r1,,,,,,
0.376000,0.385751500,,hermite,awaiting_retrieval,,,,,0,1.0,0,gWA_sBM_cAll_d26_mWA0_ch05,,,0.000000,,,,,,,0.115274871,,0.000000,,,,,,,,,,0.000000,beat-sync,1.000000,1.000000,,0.000000000,0.192249478,left_wrist_yaw,0.178052736,right_wrist_yaw,0.192249478,left_wrist_yaw,0.224043487,right_wrist_yaw,0.092385,0.032472,0.936143,-0.143580,0.000000000,0.000000000,0.000000000,0.000000000,0.000000000,0.000000000,,0.000000000,,,2.505642,2.062508,43.636137,,0.004597701,0,1,0,0,,,,,,,warming_up,,,,,,,,,,,,,,WA:v0:k1:r1,,,,,,
0.408000,0.419028800,,hermite,awaiting_retrieval,,,,,0,1.0,0,gWA_sBM_cAll_d26_mWA0_ch05,,,0.000000,,,,,,,0.118050801,,0.000000,,,,,,,,,,0.000000,beat-sync,1.000000,1.000000,,0.000000000,0.195000026,left_wrist_yaw,0.616939401,right_wrist_yaw,0.195000026,left_wrist_yaw,0.772653884,right_wrist_yaw,0.089004,0.035265,0.930989,-0.119311,0.000000000,0.000000000,0.000000000,0.000000000,0.000000000,0.000000000,,0.000000000,,,1.868349,1.478235,47.139455,,0.004465393,0,1,0,0,,,,,,,warming_up,,,,,,,,,,,,,,WA:v0:k1:r1,,,,,,
0.472000,0.493714300,,hermite,awaiting_retrieval,,,,,0,1.0,0,gWA_sBM_cAll_d26_mWA0_ch05,,,0.000000,,,,,,,0.124283225,,0.000000,,,,,,,,,,0.000000,beat-sync,0.966903,1.000000,,-0.077068980,0.199695324,left_wrist_yaw,0.562411419,right_wrist_yaw,0.199695324,left_wrist_yaw,0.730730897,right_wrist_yaw,0.082415,0.040780,0.896230,-0.154137,0.000000000,0.000000000,0.000000000,0.000000000,0.000000000,0.000000000,0.440000,0.000000000,,,3.944924,3.258965,214.941165,,0.004193849,0,1,0,0,,,,,,,warming_up,,,,,,,,,,,,,,WA:v0:k1:r1,,,,,,
0.504000,0.525560700,,hermite,awaiting_retrieval,,,,,0,1.0,0,gWA_sBM_cAll_d26_mWA0_ch05,,,0.000000,,,,,,,0.126857346,,0.000000,,,,,,,,,,0.000000,beat-sync,0.900223,1.000000,,-0.076861209,0.181755847,left_wrist_yaw,1.337051317,right_wrist_yaw,0.181755847,left_wrist_yaw,1.496728277,right_wrist_yaw,0.084358,0.040915,0.882182,-0.173740,0.000000000,0.000000000,0.000000000,0.000000000,0.000000000,0.000000000,0.440000,0.000000000,,,3.982367,3.696224,159.439379,,0.004083485,0,1,0,0,,,,,,,warming_up,,,,,,,,,,,,,,WA:v0:k1:r1,,,,,,
0.504000,0.556307400,beat_limiter_result,hermite,awaiting_retrieval,,,,,0,1.0,0,gWA_sBM_cAll_d26_mWA0_ch05,,,0.000000,,,,,,,0.128691684,,0.000000,,,,,,,,,,0.000000,beat-sync,0.849481,1.000000,,-0.076578724,0.162310509,left_wrist_yaw,1.295149015,right_wrist_yaw,0.162310509,left_wrist_yaw,1.228672896,right_wrist_yaw,0.083652,0.041546,0.875224,-0.167038,0.000000000,0.000000000,0.000000000,0.000000000,0.000000000,0.000000000,0.440000,0.000000000,0.000000000,,5.842242,3.755318,108.591298,,0.004004449,0,1,0,0,,,,,,,warming_up,,,,,,,,,,,,,,WA:v0:k1:r1,,,,,,
0.568000,0.585417100,,hermite,awaiting_retrieval,,,,,0,1.0,0,gWA_sBM_cAll_d26_mWA0_ch05,,,0.000000,,,,,,,0.130940832,,0.000000,,,,,,,,,,0.000000,beat-sync,0.782748,1.000000,,-0.076044199,0.194012444,right_wrist_yaw,1.238017158,right_wrist_yaw,0.194012444,right_wrist_yaw,1.541340672,right_wrist_yaw,0.083915,0.044057,0.871289,-0.128637,0.000000000,0.000000000,0.000000000,0.000000000,0.000000000,0.000000000,0.440000,0.000000000,0.000000000,,4.793694,4.078466,82.093515,,0.004337454,0,1,0,0,,,,,,,warming_up,,,,,,,,,,,,,,WA:v0:k1:r1,,,,,,
0.600000,0.618682200,,hermite,awaiting_retrieval,,,,,0,1.0,0,gWA_sBM_cAll_d26_mWA0_ch05,,,0.000000,,,,,,,0.132989580,,0.000000,,,,,,,,,,0.000000,beat-sync,0.716509,1.000000,,-0.075330167,0.222601040,right_wrist_yaw,0.653009832,right_wrist_yaw,0.222601040,right_wrist_yaw,0.731152486,right_wrist_yaw,0.085206,0.048241,0.868553,-0.082694,0.000000000,0.000000000,0.000000000,0.000000000,0.000000000,0.000000000,0.440000,0.000000000,0.000000000,,2.918313,2.527242,115.616741,,0.004231013,0,1,0,0,,,,,,,warming_up,,,,,,,,,,,,,,WA:v0:k1:r1,,,,,,
0.600000,0.626756500,,hermite,awaiting_retrieval,,,,,0,1.0,0,gWA_sBM_cAll_d26_mWA0_ch05,,,0.000000,,,,,,,0.133457733,,0.000000,,,,,,,,,,0.000000,beat-sync,0.700492,1.000000,,-0.075130278,0.225592999,right_wrist_yaw,0.515262758,left_wrist_yaw,0.225592999,right_wrist_yaw,0.630004155,left_wrist_yaw,0.085662,0.049215,0.868030,-0.074202,0.000000000,0.000000000,0.000000000,0.000000000,0.000000000,0.000000000,0.440000,0.000000000,0.000000000,,2.295083,1.922281,87.708191,,0.004205214,0,1,0,0,,,,,,,warming_up,,,,,,,,,,,,,,WA:v0:k1:r1,,,,,,
0.600000,0.635138900,,hermite,awaiting_retrieval,,,,,0,1.0,0,gWA_sBM_cAll_d26_mWA0_ch05,,,0.000000,,,,,,,0.133945338,,0.000000,,,,,,,,,,0.000000,beat-sync,0.683391,1.000000,,-0.074904689,0.227069431,right_wrist_yaw,0.448739263,left_wrist_yaw,0.227069431,right_wrist_yaw,0.534564693,left_wrist_yaw,0.086502,0.050224,0.867539,-0.069225,0.000000000,0.000000000,0.000000000,0.000000000,0.000000000,0.000000000,0.440000,0.000000000,0.000000000,,1.635525,1.364707,79.016447,,0.004179728,0,1,0,0,,,,,,,warming_up,,,,,,,,,,,,,,WA:v0:k1:r1,,,,,,
0.600000,0.642835200,,hermite,awaiting_retrieval,,,,,0,1.0,0,gWA_sBM_cAll_d26_mWA0_ch05,,,0.000000,,,,,,,0.134413690,,0.000000,,,,,,,,,,0.000000,beat-sync,0.666551,1.000000,,-0.074670717,0.226944227,right_wrist_yaw,0.361755639,left_wrist_yaw,0.226944227,right_wrist_yaw,0.434422331,left_wrist_yaw,0.087360,0.051193,0.867074,-0.064977,0.000000000,0.000000000,0.000000000,0.000000000,0.000000000,0.000000000,0.440000,0.000000000,0.000000000,,1.356651,1.277110,127.809993,,0.004154549,0,1,0,0,,,,,,,warming_up,,,,,,,,,,,,,,WA:v0:k1:r1,,,,,,
0.632000,0.650699900,,hermite,awaiting_retrieval,,,,,0,1.0,0,gWA_sBM_cAll_d26_mWA0_ch05,,,0.000000,,,,,,,0.134872502,,0.000000,,,,,,,,,,0.000000,beat-sync,0.649624,1.000000,,-0.074423599,0.226024608,right_wrist_yaw,0.227702431,left_wrist_yaw,0.226024608,right_wrist_yaw,0.240945774,left_wrist_yaw,0.088200,0.052142,0.866620,-0.060815,0.000000000,0.000000000,0.000000000,0.000000000,0.000000000,0.000000000,0.440000,0.000000000,0.000000000,,1.100774,1.042352,43.119279,,0.004129672,0,1,0,0,,,,,,,warming_up,,,,,,,,,,,,,,WA:v0:k1:r1,,,,,,
0.664000,0.685590000,,hermite,awaiting_retrieval,,,,,0,1.0,0,gWA_sBM_cAll_d26_mWA0_ch05,,,0.000000,,,,,,,0.136557494,,0.000000,,,,,,,,,,0.000000,beat-sync,0.583208,1.000000,,-0.073338926,0.210099217,right_wrist_yaw,0.597776358,right_wrist_yaw,0.210099217,right_wrist_yaw,0.845248096,right_wrist_yaw,0.091607,0.054934,0.866401,-0.059690,0.000000000,0.000000000,0.000000000,0.000000000,0.000000000,0.000000000,0.440000,0.000000000,0.000000000,,2.505079,2.096548,136.926559,,0.004033071,0,1,0,0,,,,,,,warming_up,,,,,,,,,,,,,,WA:v0:k1:r1,,,,,,
0.728000,0.743343300,,hermite,awaiting_retrieval,,,,,0,1.0,0,gWA_sBM_cAll_d26_mWA0_ch05,,,0.000000,,,,,,,0.139258897,,0.000000,,,,,,,,,,0.000000,beat-sync,0.550000,1.000000,,-0.071152527,0.146319835,right_wrist_yaw,1.234439691,right_wrist_yaw,0.146319835,right_wrist_yaw,1.433807798,right_wrist_yaw,0.095210,0.057573,0.868117,-0.091965,0.000000000,0.000000000,0.000000000,0.000000000,0.000000000,0.000000000,0.440000,0.000000000,0.000000000,,3.661625,3.276179,22.398094,,0.003874467,0,1,0,0,,,,,,,warming_up,,,,,,,,,,,,,,WA:v0:k1:r1,,,,,,
0.760000,0.776939000,,hermite,awaiting_retrieval,,,,,0,1.0,0,gWA_sBM_cAll_d26_mWA0_ch05,,,0.000000,,,,,,,0.140774584,,0.000000,,,,,,,,,,0.000000,beat-sync,0.550000,1.000000,,-0.069914142,0.106239256,right_wrist_yaw,1.142662628,right_wrist_yaw,0.106239256,right_wrist_yaw,1.363253385,right_wrist_yaw,0.098358,0.058152,0.869496,-0.121076,0.000000000,0.000000000,0.000000000,0.000000000,0.000000000,0.000000000,0.440000,0.000000000,0.000000000,,3.049382,2.586538,33.681713,,0.003789314,0,1,0,0,,,,,,,warming_up,,,,,,,,,,,,,,WA:v0:k1:r1,,,,,,
0.824000,0.833897500,,hermite,awaiting_retrieval,,,,,0,1.0,0,gWA_sBM_cAll_d26_mWA0_ch05,,,0.000000,,,,,,,0.143451169,,0.000000,,,,,,,,,,0.000000,beat-sync,0.550000,1.000000,,-0.067727251,0.081686251,left_wrist_yaw,0.354326910,left_wrist_yaw,0.081686251,left_wrist_yaw,0.375034834,left_wrist_yaw,0.104005,0.058320,0.873450,-0.184893,0.000000000,0.000000000,0.000000000,0.000000000,0.000000000,0.000000000,0.440000,0.000000000,0.000000000,,1.613073,1.514741,37.091460,,0.003648969,0,1,0,0,,,,,,,warming_up,,,,,,,,,,,,,,WA:v0:k1:r1,,,,,,
0.856000,0.870211700,,hermite,awaiting_retrieval,,,,,0,1.0,0,gWA_sBM_cAll_d26_mWA0_ch05,,,0.000000,,,,,,,0.144987913,,0.000000,,,,,,,,,,0.000000,beat-sync,0.550000,1.000000,,-0.066471661,0.065720349,right_wrist_yaw,0.648038318,left_wrist_yaw,0.065720349,right_wrist_yaw,0.663633710,left_wrist_yaw,0.105732,0.057269,0.877775,-0.218703,0.000000000,0.000000000,0.000000000,0.000000000,0.000000000,0.000000000,0.440000,0.000000000,0.000000000,,1.537392,1.325268,48.856585,,0.003573343,0,1,0,0,,,,,,,warming_up,,,,,,,,,,,,,,WA:v0:k1:r1,,,,,,
0.920000,0.928711500,,hermite,awaiting_retrieval,,,,,0,1.0,0,gWA_sBM_cAll_d26_mWA0_ch05,,,0.000000,,,,,,,0.147705383,,0.000000,,,,,,,,,,0.000000,beat-sync,0.550000,1.000000,,-0.064251365,0.093245172,right_wrist_yaw,0.414231630,left_wrist_yaw,0.093245172,right_wrist_yaw,0.421656151,left_wrist_yaw,0.106990,0.054919,0.884491,-0.243431,0.000000000,0.000000000,0.000000000,0.000000000,0.000000000,0.000000000,0.440000,0.000000000,0.000000000,,2.044785,1.739602,60.799470,,0.003448276,0,1,0,0,,,,,,,warming_up,,,,,,,,,,,,,,WA:v0:k1:r1,,,,,,
0.952000,0.958782900,,hermite,awaiting_retrieval,,,,,0,1.0,0,gWA_sBM_cAll_d26_mWA0_ch05,,,0.000000,,,,,,,0.149181745,,0.000000,,,,,,,,,,0.000000,beat-sync,0.550000,1.000000,,-0.063045110,0.096537622,right_wrist_yaw,0.057411634,right_wrist_yaw,0.096537622,right_wrist_yaw,0.065469338,right_wrist_yaw,0.108098,0.053614,0.888580,-0.243371,0.000000000,0.000000000,0.000000000,0.000000000,0.000000000,0.000000000,0.440000,0.000000000,0.000000000,,0.512482,0.476787,62.710014,,0.003380663,0,1,0,0,,,,,,,warming_up,,,,,,,,,,,,,,WA:v0:k1:r1,,,,,,
1.016000,1.033704600,,hermite,awaiting_retrieval,,,,,0,1.0,0,gWA_sBM_cAll_d26_mWA0_ch05,,,0.000000,,,,,,,0.152626302,,0.000000,,,,,,,,,,0.000000,beat-sync,0.550000,1.000000,,-0.060230750,0.096254036,right_wrist_yaw,0.006779744,right_wrist_roll,0.096254036,right_wrist_yaw,0.008285602,right_wrist_roll,0.110914,0.050166,0.899830,-0.217238,0.000000000,0.000000000,0.000000000,0.000000000,0.000000000,0.000000000,0.440000,0.000000000,0.000000000,,0.855853,0.812232,113.045553,,0.003237818,0,1,0,0,,,,,,,warming_up,,,,,,,,,,,,,,WA:v0:k1:r1,,,,,,
1.080000,1.102220500,,hermite,awaiting_retrieval,,,,,0,1.0,0,gWA_sBM_cAll_d26_mWA0_ch05,,,0.000000,,,,,,,0.155687468,,0.000000,,,,,,,,,,0.000000,beat-sync,0.550000,1.000000,,-0.057729639,0.096239104,right_wrist_yaw,0.002848352,left_wrist_roll,0.096239104,right_wrist_yaw,0.003475143,left_wrist_roll,0.113815,0.048359,0.911677,-0.157211,0.000000000,0.000000000,0.000000000,0.000000000,0.000000000,0.000000000,0.440000,0.000000000,0.000000000,,0.452182,0.376775,46.223790,,0.003120612,0,1,0,0,,,,,,,warming_up,,,,,,,,,,,,,,WA:v0:k1:r1,,,,,,
1.112000,1.127049900,,hermite,awaiting_retrieval,,,,,0,1.0,0,gWA_sBM_cAll_d26_mWA0_ch05,,,0.000000,,,,,,,0.156840843,,0.000000,,,,,,,,,,0.000000,beat-sync,0.550000,1.000000,,-0.056787279,0.096401427,right_wrist_yaw,0.031158676,left_wrist_roll,0.096401427,right_wrist_yaw,0.037770839,left_wrist_roll,0.118865,0.047496,0.917516,-0.124962,0.000000000,0.000000000,0.000000000,0.000000000,0.000000000,0.000000000,0.440000,0.000000000,0.000000000,,0.283604,0.241094,30.208243,,0.003078818,0,1,0,0,,,,,,,warming_up,,,,,,,,,,,,,,WA:v0:k1:r1,,,,,,
1.176000,1.196327300,,hermite,awaiting_retrieval,,,,,0,1.0,0,gWA_sBM_cAll_d26_mWA0_ch05,,,0.000000,,,,,,,0.159956282,,0.000000,,,,,,,,,,0.000000,beat-sync,0.550000,1.000000,,-0.054241824,0.096870097,right_wrist_yaw,0.455074175,right_wrist_yaw,0.096870097,right_wrist_yaw,0.462101819,right_wrist_yaw,0.122225,0.046189,0.932228,-0.053021,0.000000000,0.000000000,0.000000000,0.000000000,0.000000000,0.000000000,0.440000,0.000000000,0.000000000,,2.031722,1.541490,226.375742,,0.002972652,0,1,0,0,,,,,,,warming_up,,,,,,,,,,,,,,WA:v0:k1:r1,,,,,,
1.208000,1.227304000,,hermite,awaiting_retrieval,,,,,0,1.0,0,gWA_sBM_cAll_d26_mWA0_ch05,,,0.000000,,,,,,,0.161426911,,0.000000,,,,,,,,,,0.000000,beat-sync,0.550000,1.000000,,-0.053040252,0.134251975,right_wrist_yaw,0.584000436,right_wrist_pitch,0.134251975,right_wrist_yaw,0.750577631,right_wrist_pitch,0.121886,0.046366,0.937497,-0.027145,0.000000000,0.000000000,0.000000000,0.000000000,0.000000000,0.000000000,0.440000,0.000000000,0.000000000,,6.927910,5.650939,575.629443,,0.002922268,0,1,0,0,,,,,,,warming_up,,,,,,,,,,,,,,WA:v0:k1:r1,,,,,,
1.272000,1.284768000,,hermite,awaiting_retrieval,,,,,0,1.0,0,gWA_sBM_cAll_d26_mWA0_ch05,,,0.000000,,,,,,,0.164103739,,0.000000,,,,,,,,,,0.000000,beat-sync,0.550000,1.000000,,-0.050853162,0.104818767,right_wrist_yaw,0.356542683,right_wrist_yaw,0.104818767,right_wrist_yaw,0.363270451,right_wrist_yaw,0.121503,0.047390,0.943278,0.004870,0.000000000,0.000000000,0.000000000,0.000000000,0.000000000,0.000000000,0.440000,0.000000000,0.000000000,,5.149684,4.838514,210.567979,,0.002838087,0,1,0,0,,,,,,,warming_up,,,,,,,,,,,,,,WA:v0:k1:r1,,,,,,
1.304000,1.318935800,,hermite,awaiting_retrieval,,,,,0,1.0,0,gWA_sBM_cAll_d26_mWA0_ch05,,,0.000000,,,,,,,0.165630726,,0.000000,,,,,,,,,,0.000000,beat-sync,0.550000,1.000000,,-0.049605545,0.089254352,right_wrist_yaw,0.379147251,right_wrist_yaw,0.089254352,right_wrist_yaw,0.619898453,right_wrist_yaw,0.121131,0.047931,0.945523,0.010362,0.000000000,0.000000000,0.000000000,0.000000000,0.000000000,0.000000000,0.440000,0.000000000,0.000000000,,5.856485,4.705443,117.147804,,0.002792126,0,1,0,0,,,,,,,warming_up,,,,,,,,,,,,,,WA:v0:k1:r1,,,,,,
1.368000,1.375384300,,hermite,awaiting_retrieval,,,,,0,1.0,0,gWA_sBM_cAll_d26_mWA0_ch05,,,0.000000,,,,,,,0.168305126,,0.000000,,,,,,,,,,0.000000,beat-sync,0.550000,1.000000,,-0.047420439,0.070683493,right_wrist_yaw,0.458215636,left_wrist_yaw,0.070683493,right_wrist_yaw,0.529966779,left_wrist_yaw,0.121264,0.048668,0.948503,0.003221,0.000000000,0.000000000,0.000000000,0.000000000,0.000000000,0.000000000,0.440000,0.000000000,0.000000000,,1.439258,1.327988,92.127532,,0.002715178,0,1,0,0,,,,,,,warming_up,,,,,,,,,,,,,,WA:v0:k1:r1,,,,,,
1.400000,1.411027100,,hermite,awaiting_retrieval,,,,,0,1.0,0,gWA_sBM_cAll_d26_mWA0_ch05,,,0.000000,,,,,,,0.169876931,,0.000000,,,,,,,,,,0.000000,beat-sync,0.550000,1.000000,,-0.046136202,0.063623844,right_wrist_yaw,0.583872199,left_wrist_yaw,0.063623844,right_wrist_yaw,0.646754882,left_wrist_yaw,0.120569,0.047869,0.950642,-0.010076,0.000000000,0.000000000,0.000000000,0.000000000,0.000000000,0.000000000,0.440000,0.000000000,0.000000000,,1.604290,1.387316,29.893989,,0.002673082,0,1,0,0,,,,,,,warming_up,,,,,,,,,,,,,,WA:v0:k1:r1,,,,,,
1.400000,1.418935000,,hermite,awaiting_retrieval,,,,,0,1.0,0,gWA_sBM_cAll_d26_mWA0_ch05,,,0.000000,,,,,,,0.170236227,,0.000000,,,,,,,,,,0.000000,beat-sync,0.550000,1.000000,,-0.045842641,0.062070915,right_wrist_yaw,0.435775494,left_wrist_yaw,0.062070915,right_wrist_yaw,0.554396356,left_wrist_yaw,0.120470,0.047720,0.950958,-0.015476,0.000000000,0.000000000,0.000000000,0.000000000,0.000000000,0.000000000,0.440000,0.000000000,0.000000000,,1.669588,1.412831,27.361204,,0.002662761,0,1,0,0,,,,,,,warming_up,,,,,,,,,,,,,,WA:v0:k1:r1,,,,,,
1.400000,1.427002300,,hermite,awaiting_retrieval,,,,,0,1.0,0,gWA_sBM_cAll_d26_mWA0_ch05,,,0.000000,,,,,,,0.170600952,,0.000000,,,,,,,,,,0.000000,beat-sync,0.550000,1.000000,,-0.045544644,0.060505147,right_wrist_yaw,0.400769050,left_wrist_yaw,0.060505147,right_wrist_yaw,0.477140093,left_wrist_yaw,0.120368,0.047569,0.951277,-0.020957,0.000000000,0.000000000,0.000000000,0.000000000,0.000000000,0.000000000,0.440000,0.000000000,0.000000000,,1.665398,1.413119,17.159191,,0.002652520,0,1,0,0,,,,,,,warming_up,,,,,,,,,,,,,,WA:v0:k1:r1,,,,,,
1.400000,1.436550600,,hermite,awaiting_retrieval,,,,,0,1.0,0,gWA_sBM_cAll_d26_mWA0_ch05,,,0.000000,,,,,,,0.170997586,,0.000000,,,,,,,,,,0.000000,beat-sync,0.550000,1.000000,,-0.045220576,0.063759530,left_wrist_yaw,0.424648283,left_wrist_yaw,0.063759530,left_wrist_yaw,0.463215616,left_wrist_yaw,0.120258,0.047405,0.951625,-0.026919,0.000000000,0.000000000,0.000000000,0.000000000,0.000000000,0.000000000,0.440000,0.000000000,0.000000000,,1.709587,1.467031,17.703288,,0.002642357,0,1,0,0,,,,,,,warming_up,,,,,,,,,,,,,,WA:v0:k1:r1,,,,,,
1.432000,1.443486600,,hermite,awaiting_retrieval,,,,,0,1.0,0,gWA_sBM_cAll_d26_mWA0_ch05,,,0.000000,,,,,,,0.171369573,,0.000000,,,,,,,,,,0.000000,beat-sync,0.550000,1.000000,,-0.044916646,0.067339362,left_wrist_yaw,0.429579847,left_wrist_yaw,0.067339362,left_wrist_yaw,0.565418169,left_wrist_yaw,0.119986,0.047190,0.951730,-0.033516,0.000000000,0.000000000,0.000000000,0.000000000,0.000000000,0.000000000,0.440000,0.000000000,0.000000000,,2.030658,1.688938,32.154455,,0.002632272,0,1,0,0,,,,,,,warming_up,,,,,,,,,,,,,,WA:v0:k1:r1,,,,,,
1.464000,1.468933100,,hermite,awaiting_retrieval,,,,,0,1.0,0,gWA_sBM_cAll_d26_mWA0_ch05,,,0.000000,,,,,,,0.172530925,,0.000000,,,,,,,,,,0.000000,beat-sync,0.550000,1.000000,,-0.043967769,0.076147596,left_wrist_yaw,0.277585783,left_wrist_yaw,0.076147596,left_wrist_yaw,0.263494118,left_wrist_yaw,0.118943,0.046410,0.951894,-0.055236,0.000000000,0.000000000,0.000000000,0.000000000,0.000000000,0.000000000,0.440000,0.000000000,0.000000000,,1.800620,1.559462,35.749738,,0.002602472,0,1,0,0,,,,,,,warming_up,,,,,,,,,,,,,,WA:v0:k1:r1,,,,,,
1.528000,1.535542800,,hermite,awaiting_retrieval,,,,,0,1.0,0,gWA_sBM_cAll_d26_mWA0_ch05,,,0.000000,,,,,,,0.175577449,,0.000000,,,,,,,,,,0.000000,beat-sync,0.550000,1.000000,,-0.041478620,0.073897954,left_wrist_yaw,0.083359162,right_wrist_yaw,0.073897954,left_wrist_yaw,0.105621142,right_wrist_yaw,0.112707,0.040967,0.951431,-0.135521,0.000000000,0.000000000,0.000000000,0.000000000,0.000000000,0.000000000,0.440000,0.000000000,0.000000000,,2.596079,2.193268,28.033083,,0.002526209,0,1,0,0,,,,,,,warming_up,,,,,,,,,,,,,,WA:v0:k1:r1,,,,,,
1.560000,1.584036900,,hermite,awaiting_retrieval,,,,,0,1.0,0,gWA_sBM_cAll_d26_mWA0_ch05,,,0.000000,,,,,,,0.177881161,,0.000000,,,,,,,,,,0.000000,beat-sync,0.550000,1.000000,,-0.039596382,0.069616163,left_wrist_yaw,0.442277501,right_wrist_yaw,0.069616163,left_wrist_yaw,0.455231571,right_wrist_yaw,0.106761,0.035404,0.947850,-0.209249,0.000000000,0.000000000,0.000000000,0.000000000,0.000000000,0.000000000,0.440000,0.000000000,0.000000000,,2.672851,2.507640,26.207117,,0.002471882,0,1,0,0,,,,,,,warming_up,,,,,,,,,,,,,,WA:v0:k1:r1,,,,,,
1.624000,1.644824700,,hermite,awaiting_retrieval,,,,,0,1.0,0,gWA_sBM_cAll_d26_mWA0_ch05,,,0.000000,,,,,,,0.180584439,,0.000000,,,,,,,,,,0.000000,beat-sync,0.550000,1.000000,,-0.037387681,0.075661176,right_wrist_yaw,0.216463723,left_wrist_yaw,0.075661176,right_wrist_yaw,0.227083987,left_wrist_yaw,0.098512,0.030258,0.938658,-0.286026,0.000000000,0.000000000,0.000000000,0.000000000,0.000000000,0.000000000,0.440000,0.000000000,0.000000000,,2.381673,1.975345,35.488754,,0.002411382,0,1,0,0,,,,,,,warming_up,,,,,,,,,,,,,,WA:v0:k1:r1,,,,,,
1.656000,1.675489500,,hermite,awaiting_retrieval,,,,,0,1.0,0,gWA_sBM_cAll_d26_mWA0_ch05,,,0.000000,,,,,,,0.182082988,,0.000000,,,,,,,,,,0.000000,beat-sync,0.550000,0.550000,,-0.079773641,0.081954214,right_wrist_yaw,0.408468147,left_wrist_pitch,0.081954214,right_wrist_yaw,0.564887853,left_wrist_pitch,0.090376,0.028604,0.932455,-0.313252,0.000000000,0.000000000,0.000000000,0.000000000,0.000000000,0.000000000,1.624000,0.000000000,0.000000000,,3.918242,3.653073,161.328654,,0.002378121,0,1,0,0,,,,,,,warming_up,,,,,,,,,,,,,,WA:v0:k1:r1,,,,,,
1.688000,1.719103600,beat_limiter_result,hermite,awaiting_retrieval,,,,,0,1.0,0,gWA_sBM_cAll_d26_mWA0_ch05,,,0.000000,,,,,,,0.183983297,,0.000000,,,,,,,,,,0.000000,beat-sync,0.550000,0.550000,,-0.078576394,0.092277228,right_wrist_yaw,0.423684877,right_wrist_yaw,0.092277228,right_wrist_yaw,0.470880264,right_wrist_yaw,0.084958,0.027074,0.924413,-0.320597,0.000000000,0.000000000,0.000000000,0.000000000,0.000000000,0.000000000,1.624000,0.000000000,0.000000000,,3.719932,3.047886,34.240442,,0.002337814,0,1,0,0,,,,,,,warming_up,,,,,,,,,,,,,,WA:v0:k1:r1,,,,,,
1.720000,1.735728300,,hermite,awaiting_retrieval,,,,,0,1.0,0,gWA_sBM_cAll_d26_mWA0_ch05,,,0.000000,,,,,,,0.184753230,,0.000000,,,,,,,,,,0.000000,beat-sync,0.550000,0.550000,,-0.078152021,0.102415036,right_wrist_yaw,0.651347282,right_wrist_yaw,0.102415036,right_wrist_yaw,0.801259782,right_wrist_yaw,0.083446,0.026669,0.921341,-0.318096,0.000000000,0.000000000,0.000000000,0.000000000,0.000000000,0.000000000,1.624000,0.000000000,0.000000000,,4.143239,3.388890,26.921428,,0.002322071,0,1,0,0,,,,,,,warming_up,,,,,,,,,,,,,,WA:v0:k1:r1,,,,,,
1.752000,1.768735900,,hermite,awaiting_retrieval,,,,,0,1.0,0,gWA_sBM_cAll_d26_mWA0_ch05,,,0.000000,,,,,,,0.186281680,,0.000000,,,,,,,,,,0.000000,beat-sync,0.550000,0.550000,,-0.077399558,0.132280583,right_wrist_yaw,1.019113995,right_wrist_yaw,0.132280583,right_wrist_yaw,1.279818051,right_wrist_yaw,0.081662,0.026551,0.915727,-0.304737,0.000000000,0.000000000,0.000000000,0.000000000,0.000000000,0.000000000,1.624000,0.000000000,0.000000000,,3.362194,2.780722,62.454320,,0.002291213,0,1,0,0,,,,,,,warming_up,,,,,,,,,,,,,,WA:v0:k1:r1,,,,,,
1.816000,1.835482100,,hermite,awaiting_retrieval,,,,,0,1.0,0,gWA_sBM_cAll_d26_mWA0_ch05,,,0.000000,,,,,,,0.189360099,,0.000000,,,,,,,,,,0.000000,beat-sync,0.550000,0.550000,,-0.076189825,0.222002765,right_wrist_yaw,1.426063285,right_wrist_yaw,0.222002765,right_wrist_yaw,1.701705551,right_wrist_yaw,0.081953,0.028896,0.907448,-0.239084,0.000000000,0.000000000,0.000000000,0.000000000,0.000000000,0.000000000,1.624000,0.000000000,0.000000000,,4.366743,3.731800,59.368685,,0.002231894,0,1,0,0,,,,,,,warming_up,,,,,,,,,,,,,,WA:v0:k1:r1,,,,,,
1.880000,1.894006600,,hermite,awaiting_retrieval,,,,,0,1.0,0,gWA_sBM_cAll_d26_mWA0_ch05,,,0.000000,,,,,,,0.192033516,,0.000000,,,,,,,,,,0.000000,beat-sync,0.550000,0.550000,,-0.075400239,0.292432430,right_wrist_yaw,0.921519297,right_wrist_yaw,0.292432430,right_wrist_yaw,1.055171546,right_wrist_yaw,0.083320,0.034403,0.905624,-0.164130,0.000000000,0.000000000,0.000000000,0.000000000,0.000000000,0.000000000,1.624000,0.000000000,0.000000000,,3.405968,2.793922,35.094011,,0.002182453,0,1,0,0,,,,,,,warming_up,,,,,,,,,,,,,,WA:v0:k1:r1,,,,,,
1.912000,1.927668000,,hermite,awaiting_retrieval,,,,,0,1.0,0,gWA_sBM_cAll_d26_mWA0_ch05,,,0.000000,,,,,,,0.193559764,,0.000000,,,,,,,,,,0.000000,beat-sync,0.550000,0.550000,,-0.075034813,0.308828490,right_wrist_yaw,0.621841666,left_wrist_yaw,0.308828490,right_wrist_yaw,0.901141446,left_wrist_yaw,0.084453,0.037389,0.906590,-0.125119,0.000000000,0.000000000,0.000000000,0.000000000,0.000000000,0.000000000,1.624000,0.000000000,0.000000000,,5.459548,4.247292,204.793277,,0.002155172,0,1,0,0,,,,,,,warming_up,,,,,,,,,,,,,,WA:v0:k1:r1,,,,,,
1.976000,1.984312500,,hermite,awaiting_retrieval,,,,,0,1.0,0,gWA_sBM_cAll_d26_mWA0_ch05,,,0.000000,,,,,,,0.196247038,,0.000000,,,,,,,,,,0.000000,beat-sync,0.550000,0.550000,,-0.074511624,0.280898447,right_wrist_yaw,1.148443408,left_wrist_yaw,0.280898447,right_wrist_yaw,1.177716735,left_wrist_yaw,0.086008,0.041951,0.910341,-0.057051,0.000000000,0.000000000,0.000000000,0.000000000,0.000000000,0.000000000,1.624000,0.000000000,0.000000000,,4.207455,3.989384,153.291281,,0.002109037,0,1,0,0,,,,,,,warming_up,,,,,,,,,,,,,,WA:v0:k1:r1,,,,,,
2.008000,2.018442300,,hermite,awaiting_retrieval,,,,,0,1.0,0,gWA_sBM_cAll_d26_mWA0_ch05,,,0.000000,,,,,,,0.197755455,,0.000000,,,,,,,,,,0.000000,beat-sync,0.550000,0.550000,,-0.074273429,0.241492710,right_wrist_yaw,1.290535627,right_wrist_yaw,0.241492710,right_wrist_yaw,1.272521809,right_wrist_yaw,0.087867,0.044530,0.912973,-0.041132,0.000000000,0.000000000,0.000000000,0.000000000,0.000000000,0.000000000,1.624000,0.000000000,0.000000000,,2.780845,2.538617,50.603955,,0.002083550,0,1,0,0,,,,,,,warming_up,,,,,,,,,,,,,,WA:v0:k1:r1,,,,,,
2.040000,2.078710400,match,hermite,loading,,,,,0,1.0,0,gWA_sBM_cAll_d26_mWA0_ch05,,,2.008000,gPO_sBM_cAll_d10_mPO0_ch01;gPO_sBM_cAll_d11_mPO0_ch01;gPO_sBM_cAll_d11_mPO0_ch02;gPO_sBM_cAll_d10_mPO0_ch02;gPO_sBM_cAll_d12_mPO3_ch02,,,,,,0.200432347,,0.000000,,,,,,,,,,0.000000,beat-sync,0.550000,1.194853,,-0.102389038,0.250220240,left_wrist_yaw,1.236370928,right_wrist_yaw,0.250220240,left_wrist_yaw,1.324287743,right_wrist_yaw,0.092255,0.048015,0.919143,-0.045853,0.000000000,0.000000000,0.000000000,0.000000000,0.000000000,0.000000000,2.040000,0.000000000,0.000000000,,2.735934,2.331468,96.361605,,0.002040400,0,1,0,0,,,,,,,accepted,0.807500,,0.650000,0.055919107,68.542691,0.123728,PO,0.775059,0.008515,0.005078,JB1:0.655685;JB3:0.647170;JB5:0.632336;JB2:0.615431;JB4:0.610588,gPO_sBM_cAll_d10_mPO0_ch01:0.596509;gPO_sBM_cAll_d11_mPO0_ch01:0.591431;gPO_sBM_cAll_d11_mPO0_ch02:0.589731;gPO_sBM_cAll_d10_mPO0_ch02:0.588788;gPO_sBM_cAll_d12_mPO3_ch02:0.557336;gPO_sBM_cAll_d12_mPO3_ch01:0.556034;gPO_sBM_cAll_d10_mPO3_ch02:0.555727;gPO_sBM_cAll_d10_mPO3_ch01:0.555487;gPO_sFM_cAll_d12_mPO1_ch16:0.552767;gPO_sBM_cAll_d11_mPO1_ch09:0.552117,Electronic---Electro:0.268724;Electronic---Experimental:0.212761;Electronic---Electroclash:0.204847;Electronic---Synth-pop:0.131241;Electronic---Ambient:0.123728,WA:v0:k1:r1,,JB1,0.655685,gPO_sBM_cAll_d10_mPO0_ch01,0.596509,93.750000
2.072000,2.086221100,,hermite,loading,,,,,0,1.0,0,gWA_sBM_cAll_d26_mWA0_ch05,,,2.008000,gPO_sBM_cAll_d10_mPO0_ch01;gPO_sBM_cAll_d11_mPO0_ch01;gPO_sBM_cAll_d11_mPO0_ch02;gPO_sBM_cAll_d10_mPO0_ch02;gPO_sBM_cAll_d12_mPO3_ch02,,,,,,0.200836801,,0.000000,,,,,,,,,,0.000000,beat-sync,0.550000,1.194853,,-0.102277391,0.261293759,left_wrist_yaw,1.328822252,left_wrist_yaw,0.261293759,left_wrist_yaw,1.694805284,left_wrist_yaw,0.092954,0.048154,0.920122,-0.051330,0.000000000,0.000000000,0.000000000,0.000000000,0.000000000,0.000000000,2.040000,0.000000000,0.000000000,,4.035186,3.285616,118.905793,,0.002034381,0,1,0,0,,,,,,,accepted,0.807500,,0.650000,0.055919107,68.542691,0.123728,PO,0.775059,0.008515,0.005078,JB1:0.655685;JB3:0.647170;JB5:0.632336;JB2:0.615431;JB4:0.610588,gPO_sBM_cAll_d10_mPO0_ch01:0.596509;gPO_sBM_cAll_d11_mPO0_ch01:0.591431;gPO_sBM_cAll_d11_mPO0_ch02:0.589731;gPO_sBM_cAll_d10_mPO0_ch02:0.588788;gPO_sBM_cAll_d12_mPO3_ch02:0.557336;gPO_sBM_cAll_d12_mPO3_ch01:0.556034;gPO_sBM_cAll_d10_mPO3_ch02:0.555727;gPO_sBM_cAll_d10_mPO3_ch01:0.555487;gPO_sFM_cAll_d12_mPO1_ch16:0.552767;gPO_sBM_cAll_d11_mPO1_ch09:0.552117,Electronic---Electro:0.268724;Electronic---Experimental:0.212761;Electronic---Electroclash:0.204847;Electronic---Synth-pop:0.131241;Electronic---Ambient:0.123728,WA:v0:k1:r1,,JB1,0.655685,gPO_sBM_cAll_d10_mPO0_ch01,0.596509,93.750000
2.104000,2.110694400,,hermite,loading,,,,,0,1.0,0,gWA_sBM_cAll_d26_mWA0_ch05,,,2.008000,gPO_sBM_cAll_d10_mPO0_ch01;gPO_sBM_cAll_d11_mPO0_ch01;gPO_sBM_cAll_d11_mPO0_ch02;gPO_sBM_cAll_d10_mPO0_ch02;gPO_sBM_cAll_d12_mPO3_ch02,,,,,,0.201981841,,0.000000,,,,,,,,,,0.000000,beat-sync,0.550000,1.194853,,-0.101887162,0.288755771,left_wrist_yaw,1.064540653,right_wrist_yaw,0.288755771,left_wrist_yaw,1.271725004,right_wrist_yaw,0.095033,0.048351,0.922798,-0.069378,0.000000000,0.000000000,0.000000000,0.000000000,0.000000000,0.000000000,2.040000,0.000000000,0.000000000,,4.036567,3.392066,53.721375,,0.002016536,0,1,0,0,,,,,,,accepted,0.807500,,0.650000,0.055919107,68.542691,0.123728,PO,0.775059,0.008515,0.005078,JB1:0.655685;JB3:0.647170;JB5:0.632336;JB2:0.615431;JB4:0.610588,gPO_sBM_cAll_d10_mPO0_ch01:0.596509;gPO_sBM_cAll_d11_mPO0_ch01:0.591431;gPO_sBM_cAll_d11_mPO0_ch02:0.589731;gPO_sBM_cAll_d10_mPO0_ch02:0.588788;gPO_sBM_cAll_d12_mPO3_ch02:0.557336;gPO_sBM_cAll_d12_mPO3_ch01:0.556034;gPO_sBM_cAll_d10_mPO3_ch02:0.555727;gPO_sBM_cAll_d10_mPO3_ch01:0.555487;gPO_sFM_cAll_d12_mPO1_ch16:0.552767;gPO_sBM_cAll_d11_mPO1_ch09:0.552117,Electronic---Electro:0.268724;Electronic---Experimental:0.212761;Electronic---Electroclash:0.204847;Electronic---Synth-pop:0.131241;Electronic---Ambient:0.123728,WA:v0:k1:r1,,JB1,0.655685,gPO_sBM_cAll_d10_mPO0_ch01,0.596509,93.750000
2.104000,2.127262400,beat_limiter_result,hermite,loading,,,,,0,1.0,0,gWA_sBM_cAll_d26_mWA0_ch05,,,2.008000,gPO_sBM_cAll_d10_mPO0_ch01;gPO_sBM_cAll_d11_mPO0_ch01;gPO_sBM_cAll_d11_mPO0_ch02;gPO_sBM_cAll_d10_mPO0_ch02;gPO_sBM_cAll_d12_mPO3_ch02,,,,,,0.202741644,,0.000000,,,,,,,,,,0.000000,beat-sync,0.550000,1.194853,,-0.101571330,0.303601242,left_wrist_yaw,0.923356173,right_wrist_yaw,0.303601242,left_wrist_yaw,1.177720178,right_wrist_yaw,0.096586,0.048140,0.924405,-0.085871,0.000000000,0.000000000,0.000000000,0.000000000,0.000000000,0.000000000,2.040000,0.000000000,0.000000000,,4.504951,3.726652,82.166505,,0.002004812,0,1,0,0,,,,,,,accepted,0.807500,,0.650000,0.055919107,68.542691,0.123728,PO,0.775059,0.008515,0.005078,JB1:0.655685;JB3:0.647170;JB5:0.632336;JB2:0.615431;JB4:0.610588,gPO_sBM_cAll_d10_mPO0_ch01:0.596509;gPO_sBM_cAll_d11_mPO0_ch01:0.591431;gPO_sBM_cAll_d11_mPO0_ch02:0.589731;gPO_sBM_cAll_d10_mPO0_ch02:0.588788;gPO_sBM_cAll_d12_mPO3_ch02:0.557336;gPO_sBM_cAll_d12_mPO3_ch01:0.556034;gPO_sBM_cAll_d10_mPO3_ch02:0.555727;gPO_sBM_cAll_d10_mPO3_ch01:0.555487;gPO_sFM_cAll_d12_mPO1_ch16:0.552767;gPO_sBM_cAll_d11_mPO1_ch09:0.552117,Electronic---Electro:0.268724;Electronic---Experimental:0.212761;Electronic---Electroclash:0.204847;Electronic---Synth-pop:0.131241;Electronic---Ambient:0.123728,WA:v0:k1:r1,,JB1,0.655685,gPO_sBM_cAll_d10_mPO0_ch01,0.596509,93.750000
2.168000,2.193957900,,hermite,loading,,,,,0,1.0,0,gWA_sBM_cAll_d26_mWA0_ch05,,,2.008000,gPO_sBM_cAll_d10_mPO0_ch01;gPO_sBM_cAll_d11_mPO0_ch01;gPO_sBM_cAll_d11_mPO0_ch02;gPO_sBM_cAll_d10_mPO0_ch02;gPO_sBM_cAll_d12_mPO3_ch02,,,,,,0.205792662,,0.000000,,,,,,,,,,0.000000,beat-sync,0.550000,1.194853,,-0.099913485,0.307544504,left_wrist_yaw,0.442726535,left_wrist_yaw,0.307544504,left_wrist_yaw,0.599890700,left_wrist_yaw,0.106759,0.044039,0.928971,-0.177315,0.000000000,0.000000000,0.000000000,0.000000000,0.000000000,0.000000000,2.040000,0.000000000,0.000000000,,4.588261,3.740689,74.409315,,0.001959248,0,1,0,0,,,,,,,accepted,0.807500,,0.650000,0.055919107,68.542691,0.123728,PO,0.775059,0.008515,0.005078,JB1:0.655685;JB3:0.647170;JB5:0.632336;JB2:0.615431;JB4:0.610588,gPO_sBM_cAll_d10_mPO0_ch01:0.596509;gPO_sBM_cAll_d11_mPO0_ch01:0.591431;gPO_sBM_cAll_d11_mPO0_ch02:0.589731;gPO_sBM_cAll_d10_mPO0_ch02:0.588788;gPO_sBM_cAll_d12_mPO3_ch02:0.557336;gPO_sBM_cAll_d12_mPO3_ch01:0.556034;gPO_sBM_cAll_d10_mPO3_ch02:0.555727;gPO_sBM_cAll_d10_mPO3_ch01:0.555487;gPO_sFM_cAll_d12_mPO1_ch16:0.552767;gPO_sBM_cAll_d11_mPO1_ch09:0.552117,Electronic---Electro:0.268724;Electronic---Experimental:0.212761;Electronic---Electroclash:0.204847;Electronic---Synth-pop:0.131241;Electronic---Ambient:0.123728,WA:v0:k1:r1,,JB1,0.655685,gPO_sBM_cAll_d10_mPO0_ch01,0.596509,93.750000
2.200000,2.220448600,,hermite,loading,,,,,0,1.0,0,gWA_sBM_cAll_d26_mWA0_ch05,,,2.008000,gPO_sBM_cAll_d10_mPO0_ch01;gPO_sBM_cAll_d11_mPO0_ch01;gPO_sBM_cAll_d11_mPO0_ch02;gPO_sBM_cAll_d10_mPO0_ch02;gPO_sBM_cAll_d12_mPO3_ch02,,,,,,0.206952766,,0.000000,,,,,,,,,,0.000000,beat-sync,0.550000,1.194853,,-0.099144047,0.286455676,left_wrist_yaw,1.028765733,left_wrist_yaw,0.286455676,left_wrist_yaw,1.045098533,left_wrist_yaw,0.108239,0.041616,0.930714,-0.209659,0.000000000,0.000000000,0.000000000,0.000000000,0.000000000,0.000000000,2.040000,0.000000000,0.000000000,,2.854942,2.452599,61.010880,,0.001942691,0,1,0,0,,,,,,,accepted,0.807500,,0.650000,0.055919107,68.542691,0.123728,PO,0.775059,0.008515,0.005078,JB1:0.655685;JB3:0.647170;JB5:0.632336;JB2:0.615431;JB4:0.610588,gPO_sBM_cAll_d10_mPO0_ch01:0.596509;gPO_sBM_cAll_d11_mPO0_ch01:0.591431;gPO_sBM_cAll_d11_mPO0_ch02:0.589731;gPO_sBM_cAll_d10_mPO0_ch02:0.588788;gPO_sBM_cAll_d12_mPO3_ch02:0.557336;gPO_sBM_cAll_d12_mPO3_ch01:0.556034;gPO_sBM_cAll_d10_mPO3_ch02:0.555727;gPO_sBM_cAll_d10_mPO3_ch01:0.555487;gPO_sFM_cAll_d12_mPO1_ch16:0.552767;gPO_sBM_cAll_d11_mPO1_ch09:0.552117,Electronic---Electro:0.268724;Electronic---Experimental:0.212761;Electronic---Electroclash:0.204847;Electronic---Synth-pop:0.131241;Electronic---Ambient:0.123728,WA:v0:k1:r1,,JB1,0.655685,gPO_sBM_cAll_d10_mPO0_ch01,0.596509,93.750000
2.264000,2.285538600,,hermite,loading,,,,,0,1.0,0,gWA_sBM_cAll_d26_mWA0_ch05,,,2.008000,gPO_sBM_cAll_d10_mPO0_ch01;gPO_sBM_cAll_d11_mPO0_ch01;gPO_sBM_cAll_d11_mPO0_ch02;gPO_sBM_cAll_d10_mPO0_ch02;gPO_sBM_cAll_d12_mPO3_ch02,,,,,,0.209998280,,0.000000,,,,,,,,,,0.000000,beat-sync,0.550000,1.194853,,-0.096837950,0.203725853,left_wrist_yaw,1.276046949,left_wrist_yaw,0.203725853,left_wrist_yaw,1.553389026,left_wrist_yaw,0.109173,0.032139,0.935859,-0.274831,0.000000000,0.000000000,0.000000000,0.000000000,0.000000000,0.000000000,2.040000,0.000000000,0.000000000,,3.095451,2.597089,46.232455,,0.001899877,0,1,0,0,,,,,,,accepted,0.807500,,0.650000,0.055919107,68.542691,0.123728,PO,0.775059,0.008515,0.005078,JB1:0.655685;JB3:0.647170;JB5:0.632336;JB2:0.615431;JB4:0.610588,gPO_sBM_cAll_d10_mPO0_ch01:0.596509;gPO_sBM_cAll_d11_mPO0_ch01:0.591431;gPO_sBM_cAll_d11_mPO0_ch02:0.589731;gPO_sBM_cAll_d10_mPO0_ch02:0.588788;gPO_sBM_cAll_d12_mPO3_ch02:0.557336;gPO_sBM_cAll_d12_mPO3_ch01:0.556034;gPO_sBM_cAll_d10_mPO3_ch02:0.555727;gPO_sBM_cAll_d10_mPO3_ch01:0.555487;gPO_sFM_cAll_d12_mPO1_ch16:0.552767;gPO_sBM_cAll_d11_mPO1_ch09:0.552117,Electronic---Electro:0.268724;Electronic---Experimental:0.212761;Electronic---Electroclash:0.204847;Electronic---Synth-pop:0.131241;Electronic---Ambient:0.123728,WA:v0:k1:r1,,JB1,0.655685,gPO_sBM_cAll_d10_mPO0_ch01,0.596509,93.750000
2.328000,2.343886300,,hermite,loading,,,,,0,1.0,0,gWA_sBM_cAll_d26_mWA0_ch05,,,2.008000,gPO_sBM_cAll_d10_mPO0_ch01;gPO_sBM_cAll_d11_mPO0_ch01;gPO_sBM_cAll_d11_mPO0_ch02;gPO_sBM_cAll_d10_mPO0_ch02;gPO_sBM_cAll_d12_mPO3_ch02,,,,,,0.212673860,,0.000000,,,,,,,,,,0.000000,beat-sync,0.550000,1.194853,,-0.094538152,0.130837681,left_wrist_yaw,1.036428922,left_wrist_yaw,0.130837681,left_wrist_yaw,1.340593502,left_wrist_yaw,0.108245,0.022634,0.940779,-0.304240,0.000000000,0.000000000,0.000000000,0.000000000,0.000000000,0.000000000,2.040000,0.000000000,0.000000000,,4.288832,3.514127,120.589457,,0.001863933,0,1,0,0,,,,,,,accepted,0.807500,,0.650000,0.055919107,68.542691,0.123728,PO,0.775059,0.008515,0.005078,JB1:0.655685;JB3:0.647170;JB5:0.632336;JB2:0.615431;JB4:0.610588,gPO_sBM_cAll_d10_mPO0_ch01:0.596509;gPO_sBM_cAll_d11_mPO0_ch01:0.591431;gPO_sBM_cAll_d11_mPO0_ch02:0.589731;gPO_sBM_cAll_d10_mPO0_ch02:0.588788;gPO_sBM_cAll_d12_mPO3_ch02:0.557336;gPO_sBM_cAll_d12_mPO3_ch01:0.556034;gPO_sBM_cAll_d10_mPO3_ch02:0.555727;gPO_sBM_cAll_d10_mPO3_ch01:0.555487;gPO_sFM_cAll_d12_mPO1_ch16:0.552767;gPO_sBM_cAll_d11_mPO1_ch09:0.552117,Electronic---Electro:0.268724;Electronic---Experimental:0.212761;Electronic---Electroclash:0.204847;Electronic---Synth-pop:0.131241;Electronic---Ambient:0.123728,WA:v0:k1:r1,,JB1,0.655685,gPO_sBM_cAll_d10_mPO0_ch01,0.596509,93.750000
2.360000,2.377599600,,hermite,loading,,,,,0,1.0,0,gWA_sBM_cAll_d26_mWA0_ch05,,,2.008000,gPO_sBM_cAll_d10_mPO0_ch01;gPO_sBM_cAll_d11_mPO0_ch01;gPO_sBM_cAll_d11_mPO0_ch02;gPO_sBM_cAll_d10_mPO0_ch02;gPO_sBM_cAll_d12_mPO3_ch02,,,,,,0.214215933,,0.000000,,,,,,,,,,0.000000,beat-sync,0.550000,1.194853,,-0.093121368,0.097864452,left_wrist_yaw,0.826205666,left_wrist_yaw,0.097864452,left_wrist_yaw,1.232179111,left_wrist_yaw,0.108521,0.017675,0.944008,-0.305456,0.000000000,0.000000000,0.000000000,0.000000000,0.000000000,0.000000000,2.040000,0.000000000,0.000000000,,6.570241,5.318422,107.620283,,0.001843998,0,1,0,0,,,,,,,accepted,0.807500,,0.650000,0.055919107,68.542691,0.123728,PO,0.775059,0.008515,0.005078,JB1:0.655685;JB3:0.647170;JB5:0.632336;JB2:0.615431;JB4:0.610588,gPO_sBM_cAll_d10_mPO0_ch01:0.596509;gPO_sBM_cAll_d11_mPO0_ch01:0.591431;gPO_sBM_cAll_d11_mPO0_ch02:0.589731;gPO_sBM_cAll_d10_mPO0_ch02:0.588788;gPO_sBM_cAll_d12_mPO3_ch02:0.557336;gPO_sBM_cAll_d12_mPO3_ch01:0.556034;gPO_sBM_cAll_d10_mPO3_ch02:0.555727;gPO_sBM_cAll_d10_mPO3_ch01:0.555487;gPO_sFM_cAll_d12_mPO1_ch16:0.552767;gPO_sBM_cAll_d11_mPO1_ch09:0.552117,Electronic---Electro:0.268724;Electronic---Experimental:0.212761;Electronic---Electroclash:0.204847;Electronic---Synth-pop:0.131241;Electronic---Ambient:0.123728,WA:v0:k1:r1,,JB1,0.655685,gPO_sBM_cAll_d10_mPO0_ch01,0.596509,93.750000
2.424000,2.437612200,,hermite,loading,,,,,0,1.0,0,gWA_sBM_cAll_d26_mWA0_ch05,,,2.008000,gPO_sBM_cAll_d10_mPO0_ch01;gPO_sBM_cAll_d11_mPO0_ch01;gPO_sBM_cAll_d11_mPO0_ch02;gPO_sBM_cAll_d10_mPO0_ch02;gPO_sBM_cAll_d12_mPO3_ch02,,,,,,0.216897295,,0.000000,,,,,,,,,,0.000000,beat-sync,0.550000,1.194853,,-0.090531441,0.087522767,right_wrist_yaw,0.645787851,left_wrist_yaw,0.087522767,right_wrist_yaw,0.648248603,left_wrist_yaw,0.108071,0.011181,0.950149,-0.297312,0.000000000,0.000000000,0.000000000,0.000000000,0.000000000,0.000000000,2.040000,0.000000000,0.000000000,,2.297577,1.975392,57.789363,,0.001810119,0,1,0,0,,,,,,,accepted,0.807500,,0.650000,0.055919107,68.542691,0.123728,PO,0.775059,0.008515,0.005078,JB1:0.655685;JB3:0.647170;JB5:0.632336;JB2:0.615431;JB4:0.610588,gPO_sBM_cAll_d10_mPO0_ch01:0.596509;gPO_sBM_cAll_d11_mPO0_ch01:0.591431;gPO_sBM_cAll_d11_mPO0_ch02:0.589731;gPO_sBM_cAll_d10_mPO0_ch02:0.588788;gPO_sBM_cAll_d12_mPO3_ch02:0.557336;gPO_sBM_cAll_d12_mPO3_ch01:0.556034;gPO_sBM_cAll_d10_mPO3_ch02:0.555727;gPO_sBM_cAll_d10_mPO3_ch01:0.555487;gPO_sFM_cAll_d12_mPO1_ch16:0.552767;gPO_sBM_cAll_d11_mPO1_ch09:0.552117,Electronic---Electro:0.268724;Electronic---Experimental:0.212761;Electronic---Electroclash:0.204847;Electronic---Synth-pop:0.131241;Electronic---Ambient:0.123728,WA:v0:k1:r1,,JB1,0.655685,gPO_sBM_cAll_d10_mPO0_ch01,0.596509,93.750000
2.456000,2.469392700,,hermite,loading,,,,,0,1.0,0,gWA_sBM_cAll_d26_mWA0_ch05,,,2.008000,gPO_sBM_cAll_d10_mPO0_ch01;gPO_sBM_cAll_d11_mPO0_ch01;gPO_sBM_cAll_d11_mPO0_ch02;gPO_sBM_cAll_d10_mPO0_ch02;gPO_sBM_cAll_d12_mPO3_ch02,,,,,,0.218420807,,0.000000,,,,,,,,,,0.000000,beat-sync,0.550000,1.194853,,-0.089000707,0.082910728,right_wrist_yaw,0.645861138,left_wrist_yaw,0.082910728,right_wrist_yaw,0.766953965,left_wrist_yaw,0.107627,0.008207,0.953532,-0.296055,0.000000000,0.000000000,0.000000000,0.000000000,0.000000000,0.000000000,2.040000,0.000000000,0.000000000,,1.799498,1.464695,57.757580,,0.001791312,0,1,0,0,,,,,,,accepted,0.807500,,0.650000,0.055919107,68.542691,0.123728,PO,0.775059,0.008515,0.005078,JB1:0.655685;JB3:0.647170;JB5:0.632336;JB2:0.615431;JB4:0.610588,gPO_sBM_cAll_d10_mPO0_ch01:0.596509;gPO_sBM_cAll_d11_mPO0_ch01:0.591431;gPO_sBM_cAll_d11_mPO0_ch02:0.589731;gPO_sBM_cAll_d10_mPO0_ch02:0.588788;gPO_sBM_cAll_d12_mPO3_ch02:0.557336;gPO_sBM_cAll_d12_mPO3_ch01:0.556034;gPO_sBM_cAll_d10_mPO3_ch02:0.555727;gPO_sBM_cAll_d10_mPO3_ch01:0.555487;gPO_sFM_cAll_d12_mPO1_ch16:0.552767;gPO_sBM_cAll_d11_mPO1_ch09:0.552117,Electronic---Electro:0.268724;Electronic---Experimental:0.212761;Electronic---Electroclash:0.204847;Electronic---Synth-pop:0.131241;Electronic---Ambient:0.123728,WA:v0:k1:r1,,JB1,0.655685,gPO_sBM_cAll_d10_mPO0_ch01,0.596509,93.750000
2.520000,2.528876900,,hermite,loading,,,,,0,1.0,0,gWA_sBM_cAll_d26_mWA0_ch05,,,2.008000,gPO_sBM_cAll_d10_mPO0_ch01;gPO_sBM_cAll_d11_mPO0_ch01;gPO_sBM_cAll_d11_mPO0_ch02;gPO_sBM_cAll_d10_mPO0_ch02;gPO_sBM_cAll_d12_mPO3_ch02,,,,,,0.221165645,,0.000000,,,,,,,,,,0.000000,beat-sync,0.550000,1.041667,,-0.113422700,0.083995144,right_wrist_yaw,0.724278785,left_wrist_yaw,0.083995144,right_wrist_yaw,0.696748845,left_wrist_yaw,0.105488,0.002001,0.958387,-0.280430,0.000000000,0.000000000,0.000000000,0.000000000,0.000000000,0.000000000,2.456000,0.000000000,0.000000000,,1.831543,1.590059,30.508836,,0.001759324,0,1,0,0,,,,,,,accepted,0.807500,,0.650000,0.055919107,68.542691,0.123728,PO,0.775059,0.008515,0.005078,JB1:0.655685;JB3:0.647170;JB5:0.632336;JB2:0.615431;JB4:0.610588,gPO_sBM_cAll_d10_mPO0_ch01:0.596509;gPO_sBM_cAll_d11_mPO0_ch01:0.591431;gPO_sBM_cAll_d11_mPO0_ch02:0.589731;gPO_sBM_cAll_d10_mPO0_ch02:0.588788;gPO_sBM_cAll_d12_mPO3_ch02:0.557336;gPO_sBM_cAll_d12_mPO3_ch01:0.556034;gPO_sBM_cAll_d10_mPO3_ch02:0.555727;gPO_sBM_cAll_d10_mPO3_ch01:0.555487;gPO_sFM_cAll_d12_mPO1_ch16:0.552767;gPO_sBM_cAll_d11_mPO1_ch09:0.552117,Electronic---Electro:0.268724;Electronic---Experimental:0.212761;Electronic---Electroclash:0.204847;Electronic---Synth-pop:0.131241;Electronic---Ambient:0.123728,WA:v0:k1:r1,,JB1,0.655685,gPO_sBM_cAll_d10_mPO0_ch01,0.596509,93.750000
2.520000,2.552845000,beat_limiter_result,hermite,loading,,,,,0,1.0,0,gWA_sBM_cAll_d26_mWA0_ch05,,,2.008000,gPO_sBM_cAll_d10_mPO0_ch01;gPO_sBM_cAll_d11_mPO0_ch01;gPO_sBM_cAll_d11_mPO0_ch02;gPO_sBM_cAll_d10_mPO0_ch02;gPO_sBM_cAll_d12_mPO3_ch02,,,,,,0.222246141,,0.000000,,,,,,,,,,0.000000,beat-sync,0.550000,1.041667,,-0.112357025,0.086369231,right_wrist_yaw,0.418544276,left_wrist_yaw,0.086369231,right_wrist_yaw,0.559437489,left_wrist_yaw,0.105065,-0.000947,0.959906,-0.282787,0.000000000,0.000000000,0.000000000,0.000000000,0.000000000,0.000000000,2.456000,0.000000000,0.000000000,,2.756507,2.220693,88.509347,,0.001745962,0,1,0,0,,,,,,,accepted,0.807500,,0.650000,0.055919107,68.542691,0.123728,PO,0.775059,0.008515,0.005078,JB1:0.655685;JB3:0.647170;JB5:0.632336;JB2:0.615431;JB4:0.610588,gPO_sBM_cAll_d10_mPO0_ch01:0.596509;gPO_sBM_cAll_d11_mPO0_ch01:0.591431;gPO_sBM_cAll_d11_mPO0_ch02:0.589731;gPO_sBM_cAll_d10_mPO0_ch02:0.588788;gPO_sBM_cAll_d12_mPO3_ch02:0.557336;gPO_sBM_cAll_d12_mPO3_ch01:0.556034;gPO_sBM_cAll_d10_mPO3_ch02:0.555727;gPO_sBM_cAll_d10_mPO3_ch01:0.555487;gPO_sFM_cAll_d12_mPO1_ch16:0.552767;gPO_sBM_cAll_d11_mPO1_ch09:0.552117,Electronic---Electro:0.268724;Electronic---Experimental:0.212761;Electronic---Electroclash:0.204847;Electronic---Synth-pop:0.131241;Electronic---Ambient:0.123728,WA:v0:k1:r1,,JB1,0.655685,gPO_sBM_cAll_d10_mPO0_ch01,0.596509,93.750000
2.552000,2.560993200,,hermite,loading,,,,,0,1.0,0,gWA_sBM_cAll_d26_mWA0_ch05,,,2.008000,gPO_sBM_cAll_d10_mPO0_ch01;gPO_sBM_cAll_d11_mPO0_ch01;gPO_sBM_cAll_d11_mPO0_ch02;gPO_sBM_cAll_d10_mPO0_ch02;gPO_sBM_cAll_d12_mPO3_ch02,,,,,,0.222631740,,0.000000,,,,,,,,,,0.000000,beat-sync,0.550000,1.041667,,-0.111979295,0.087397707,right_wrist_yaw,0.315109020,left_wrist_yaw,0.087397707,right_wrist_yaw,0.385154815,left_wrist_yaw,0.104858,-0.001995,0.960441,-0.283641,0.000000000,0.000000000,0.000000000,0.000000000,0.000000000,0.000000000,2.456000,0.000000000,0.000000000,,3.097352,2.594529,60.563617,,0.001741553,0,1,0,0,,,,,,,accepted,0.807500,,0.650000,0.055919107,68.542691,0.123728,PO,0.775059,0.008515,0.005078,JB1:0.655685;JB3:0.647170;JB5:0.632336;JB2:0.615431;JB4:0.610588,gPO_sBM_cAll_d10_mPO0_ch01:0.596509;gPO_sBM_cAll_d11_mPO0_ch01:0.591431;gPO_sBM_cAll_d11_mPO0_ch02:0.589731;gPO_sBM_cAll_d10_mPO0_ch02:0.588788;gPO_sBM_cAll_d12_mPO3_ch02:0.557336;gPO_sBM_cAll_d12_mPO3_ch01:0.556034;gPO_sBM_cAll_d10_mPO3_ch02:0.555727;gPO_sBM_cAll_d10_mPO3_ch01:0.555487;gPO_sFM_cAll_d12_mPO1_ch16:0.552767;gPO_sBM_cAll_d11_mPO1_ch09:0.552117,Electronic---Electro:0.268724;Electronic---Experimental:0.212761;Electronic---Electroclash:0.204847;Electronic---Synth-pop:0.131241;Electronic---Ambient:0.123728,WA:v0:k1:r1,,JB1,0.655685,gPO_sBM_cAll_d10_mPO0_ch01,0.596509,93.750000
2.616000,2.627469500,,hermite,loading,,,,,0,1.0,0,gWA_sBM_cAll_d26_mWA0_ch05,,,2.008000,gPO_sBM_cAll_d10_mPO0_ch01;gPO_sBM_cAll_d11_mPO0_ch01;gPO_sBM_cAll_d11_mPO0_ch02;gPO_sBM_cAll_d10_mPO0_ch02;gPO_sBM_cAll_d12_mPO3_ch02,,,,,,0.225691818,,0.000000,,,,,,,,,,0.000000,beat-sync,0.550000,1.041667,,-0.109022499,0.085158053,right_wrist_yaw,0.327820175,right_wrist_yaw,0.085158053,right_wrist_yaw,0.393131976,right_wrist_yaw,0.100804,-0.009415,0.963998,-0.304998,0.000000000,0.000000000,0.000000000,0.000000000,0.000000000,0.000000000,2.456000,0.000000000,0.000000000,,4.663143,3.901336,29.727439,,0.001707067,0,1,0,0,,,,,,,accepted,0.807500,,0.650000,0.055919107,68.542691,0.123728,PO,0.775059,0.008515,0.005078,JB1:0.655685;JB3:0.647170;JB5:0.632336;JB2:0.615431;JB4:0.610588,gPO_sBM_cAll_d10_mPO0_ch01:0.596509;gPO_sBM_cAll_d11_mPO0_ch01:0.591431;gPO_sBM_cAll_d11_mPO0_ch02:0.589731;gPO_sBM_cAll_d10_mPO0_ch02:0.588788;gPO_sBM_cAll_d12_mPO3_ch02:0.557336;gPO_sBM_cAll_d12_mPO3_ch01:0.556034;gPO_sBM_cAll_d10_mPO3_ch02:0.555727;gPO_sBM_cAll_d10_mPO3_ch01:0.555487;gPO_sFM_cAll_d12_mPO1_ch16:0.552767;gPO_sBM_cAll_d11_mPO1_ch09:0.552117,Electronic---Electro:0.268724;Electronic---Experimental:0.212761;Electronic---Electroclash:0.204847;Electronic---Synth-pop:0.131241;Electronic---Ambient:0.123728,WA:v0:k1:r1,,JB1,0.655685,gPO_sBM_cAll_d10_mPO0_ch01,0.596509,93.750000
2.680000,2.701779400,,hermite,loading,,,,,0,1.0,0,gWA_sBM_cAll_d26_mWA0_ch05,,,2.008000,gPO_sBM_cAll_d10_mPO0_ch01;gPO_sBM_cAll_d11_mPO0_ch01;gPO_sBM_cAll_d11_mPO0_ch02;gPO_sBM_cAll_d10_mPO0_ch02;gPO_sBM_cAll_d12_mPO3_ch02,,,,,,0.229116878,,0.000000,,,,,,,,,,0.000000,beat-sync,0.550000,1.041667,,-0.105782068,0.047794602,right_wrist_yaw,0.426286314,right_wrist_yaw,0.047794602,right_wrist_yaw,0.556486301,right_wrist_yaw,0.095173,-0.016355,0.962594,-0.344413,0.000000000,0.000000000,0.000000000,0.000000000,0.000000000,0.000000000,2.456000,0.000000000,0.000000000,,3.170501,2.651471,29.302840,,0.001669867,0,1,0,0,,,,,,,accepted,0.807500,,0.650000,0.055919107,68.542691,0.123728,PO,0.775059,0.008515,0.005078,JB1:0.655685;JB3:0.647170;JB5:0.632336;JB2:0.615431;JB4:0.610588,gPO_sBM_cAll_d10_mPO0_ch01:0.596509;gPO_sBM_cAll_d11_mPO0_ch01:0.591431;gPO_sBM_cAll_d11_mPO0_ch02:0.589731;gPO_sBM_cAll_d10_mPO0_ch02:0.588788;gPO_sBM_cAll_d12_mPO3_ch02:0.557336;gPO_sBM_cAll_d12_mPO3_ch01:0.556034;gPO_sBM_cAll_d10_mPO3_ch02:0.555727;gPO_sBM_cAll_d10_mPO3_ch01:0.555487;gPO_sFM_cAll_d12_mPO1_ch16:0.552767;gPO_sBM_cAll_d11_mPO1_ch09:0.552117,Electronic---Electro:0.268724;Electronic---Experimental:0.212761;Electronic---Electroclash:0.204847;Electronic---Synth-pop:0.131241;Electronic---Ambient:0.123728,WA:v0:k1:r1,,JB1,0.655685,gPO_sBM_cAll_d10_mPO0_ch01,0.596509,93.750000
2.712000,2.735341300,,hermite,loading,,,,,0,1.0,0,gWA_sBM_cAll_d26_mWA0_ch05,,,2.008000,gPO_sBM_cAll_d10_mPO0_ch01;gPO_sBM_cAll_d11_mPO0_ch01;gPO_sBM_cAll_d11_mPO0_ch02;gPO_sBM_cAll_d10_mPO0_ch02;gPO_sBM_cAll_d12_mPO3_ch02,,,,,,0.230663702,,0.000000,,,,,,,,,,0.000000,beat-sync,0.550000,1.041667,,-0.104336963,0.034727617,right_wrist_yaw,0.335360883,right_wrist_yaw,0.034727617,right_wrist_yaw,0.395297466,right_wrist_yaw,0.093636,-0.018503,0.960845,-0.358920,0.000000000,0.000000000,0.000000000,0.000000000,0.000000000,0.000000000,2.456000,0.000000000,0.000000000,,2.034982,1.742369,23.357384,,0.001653849,0,1,0,0,,,,,,,accepted,0.807500,,0.650000,0.055919107,68.542691,0.123728,PO,0.775059,0.008515,0.005078,JB1:0.655685;JB3:0.647170;JB5:0.632336;JB2:0.615431;JB4:0.610588,gPO_sBM_cAll_d10_mPO0_ch01:0.596509;gPO_sBM_cAll_d11_mPO0_ch01:0.591431;gPO_sBM_cAll_d11_mPO0_ch02:0.589731;gPO_sBM_cAll_d10_mPO0_ch02:0.588788;gPO_sBM_cAll_d12_mPO3_ch02:0.557336;gPO_sBM_cAll_d12_mPO3_ch01:0.556034;gPO_sBM_cAll_d10_mPO3_ch02:0.555727;gPO_sBM_cAll_d10_mPO3_ch01:0.555487;gPO_sFM_cAll_d12_mPO1_ch16:0.552767;gPO_sBM_cAll_d11_mPO1_ch09:0.552117,Electronic---Electro:0.268724;Electronic---Experimental:0.212761;Electronic---Electroclash:0.204847;Electronic---Synth-pop:0.131241;Electronic---Ambient:0.123728,WA:v0:k1:r1,,JB1,0.655685,gPO_sBM_cAll_d10_mPO0_ch01,0.596509,93.750000
2.776000,2.794297200,,hermite,loading,,,,,0,1.0,0,gWA_sBM_cAll_d26_mWA0_ch05,,,2.008000,gPO_sBM_cAll_d10_mPO0_ch01;gPO_sBM_cAll_d11_mPO0_ch01;gPO_sBM_cAll_d11_mPO0_ch02;gPO_sBM_cAll_d10_mPO0_ch02;gPO_sBM_cAll_d12_mPO3_ch02,,,,,,0.233342388,,0.000000,,,,,,,,,,0.000000,beat-sync,0.550000,1.041667,,-0.101855164,0.038278778,left_wrist_yaw,0.393566537,right_wrist_yaw,0.038278778,left_wrist_yaw,0.422829738,right_wrist_yaw,0.094275,-0.021541,0.959009,-0.383822,0.000000000,0.000000000,0.000000000,0.000000000,0.000000000,0.000000000,2.456000,0.000000000,0.000000000,,1.491981,1.294848,31.872126,,0.001626545,0,1,0,0,,,,,,,accepted,0.807500,,0.650000,0.055919107,68.542691,0.123728,PO,0.775059,0.008515,0.005078,JB1:0.655685;JB3:0.647170;JB5:0.632336;JB2:0.615431;JB4:0.610588,gPO_sBM_cAll_d10_mPO0_ch01:0.596509;gPO_sBM_cAll_d11_mPO0_ch01:0.591431;gPO_sBM_cAll_d11_mPO0_ch02:0.589731;gPO_sBM_cAll_d10_mPO0_ch02:0.588788;gPO_sBM_cAll_d12_mPO3_ch02:0.557336;gPO_sBM_cAll_d12_mPO3_ch01:0.556034;gPO_sBM_cAll_d10_mPO3_ch02:0.555727;gPO_sBM_cAll_d10_mPO3_ch01:0.555487;gPO_sFM_cAll_d12_mPO1_ch16:0.552767;gPO_sBM_cAll_d11_mPO1_ch09:0.552117,Electronic---Electro:0.268724;Electronic---Experimental:0.212761;Electronic---Electroclash:0.204847;Electronic---Synth-pop:0.131241;Electronic---Ambient:0.123728,WA:v0:k1:r1,,JB1,0.655685,gPO_sBM_cAll_d10_mPO0_ch01,0.596509,93.750000
2.808000,2.826630400,,hermite,loading,,,,,0,1.0,0,gWA_sBM_cAll_d26_mWA0_ch05,,,2.008000,gPO_sBM_cAll_d10_mPO0_ch01;gPO_sBM_cAll_d11_mPO0_ch01;gPO_sBM_cAll_d11_mPO0_ch02;gPO_sBM_cAll_d10_mPO0_ch02;gPO_sBM_cAll_d12_mPO3_ch02,,,,,,0.234855340,,0.000000,,,,,,,,,,0.000000,beat-sync,0.550000,1.041667,,-0.100463077,0.049205868,right_wrist_yaw,0.557061802,left_wrist_pitch,0.049205868,right_wrist_yaw,0.682583434,left_wrist_pitch,0.095816,-0.023178,0.957392,-0.398597,0.000000000,0.000000000,0.000000000,0.000000000,0.000000000,0.000000000,2.456000,0.000000000,0.000000000,,1.702462,1.447067,27.812256,,0.001611344,0,1,0,0,,,,,,,accepted,0.807500,,0.650000,0.055919107,68.542691,0.123728,PO,0.775059,0.008515,0.005078,JB1:0.655685;JB3:0.647170;JB5:0.632336;JB2:0.615431;JB4:0.610588,gPO_sBM_cAll_d10_mPO0_ch01:0.596509;gPO_sBM_cAll_d11_mPO0_ch01:0.591431;gPO_sBM_cAll_d11_mPO0_ch02:0.589731;gPO_sBM_cAll_d10_mPO0_ch02:0.588788;gPO_sBM_cAll_d12_mPO3_ch02:0.557336;gPO_sBM_cAll_d12_mPO3_ch01:0.556034;gPO_sBM_cAll_d10_mPO3_ch02:0.555727;gPO_sBM_cAll_d10_mPO3_ch01:0.555487;gPO_sFM_cAll_d12_mPO1_ch16:0.552767;gPO_sBM_cAll_d11_mPO1_ch09:0.552117,Electronic---Electro:0.268724;Electronic---Experimental:0.212761;Electronic---Electroclash:0.204847;Electronic---Synth-pop:0.131241;Electronic---Ambient:0.123728,WA:v0:k1:r1,,JB1,0.655685,gPO_sBM_cAll_d10_mPO0_ch01,0.596509,93.750000
2.872000,2.885586300,,hermite,loading,,,,,0,1.0,0,gWA_sBM_cAll_d26_mWA0_ch05,,,2.008000,gPO_sBM_cAll_d10_mPO0_ch01;gPO_sBM_cAll_d11_mPO0_ch01;gPO_sBM_cAll_d11_mPO0_ch02;gPO_sBM_cAll_d10_mPO0_ch02;gPO_sBM_cAll_d12_mPO3_ch02,,,,,,0.237543490,,0.000000,,,,,,,,,,0.000000,beat-sync,0.550000,1.041667,,-0.098003419,0.089449599,right_wrist_yaw,0.903571640,right_wrist_yaw,0.089449599,right_wrist_yaw,1.038015393,right_wrist_yaw,0.100584,-0.024548,0.953367,-0.415260,0.000000000,0.000000000,0.000000000,0.000000000,0.000000000,0.000000000,2.456000,0.000000000,0.000000000,,2.777050,2.341511,22.806017,,0.001585414,0,1,0,0,,,,,,,accepted,0.807500,,0.650000,0.055919107,68.542691,0.123728,PO,0.775059,0.008515,0.005078,JB1:0.655685;JB3:0.647170;JB5:0.632336;JB2:0.615431;JB4:0.610588,gPO_sBM_cAll_d10_mPO0_ch01:0.596509;gPO_sBM_cAll_d11_mPO0_ch01:0.591431;gPO_sBM_cAll_d11_mPO0_ch02:0.589731;gPO_sBM_cAll_d10_mPO0_ch02:0.588788;gPO_sBM_cAll_d12_mPO3_ch02:0.557336;gPO_sBM_cAll_d12_mPO3_ch01:0.556034;gPO_sBM_cAll_d10_mPO3_ch02:0.555727;gPO_sBM_cAll_d10_mPO3_ch01:0.555487;gPO_sFM_cAll_d12_mPO1_ch16:0.552767;gPO_sBM_cAll_d11_mPO1_ch09:0.552117,Electronic---Electro:0.268724;Electronic---Experimental:0.212761;Electronic---Electroclash:0.204847;Electronic---Synth-pop:0.131241;Electronic---Ambient:0.123728,WA:v0:k1:r1,,JB1,0.655685,gPO_sBM_cAll_d10_mPO0_ch01,0.596509,93.750000
2.904000,2.918925600,,hermite,loading,,,,,0,1.0,0,gWA_sBM_cAll_d26_mWA0_ch05,,,2.008000,gPO_sBM_cAll_d10_mPO0_ch01;gPO_sBM_cAll_d11_mPO0_ch01;gPO_sBM_cAll_d11_mPO0_ch02;gPO_sBM_cAll_d10_mPO0_ch02;gPO_sBM_cAll_d12_mPO3_ch02,,,,,,0.239082043,,0.000000,,,,,,,,,,0.000000,beat-sync,0.550000,1.041667,,-0.096602175,0.116501542,right_wrist_yaw,0.829034721,right_wrist_yaw,0.116501542,right_wrist_yaw,0.913464410,right_wrist_yaw,0.104214,-0.024274,0.951056,-0.413722,0.000000000,0.000000000,0.000000000,0.000000000,0.000000000,0.000000000,2.456000,0.000000000,0.000000000,,3.733841,3.213626,35.358119,,0.001570969,0,1,0,0,,,,,,,accepted,0.807500,,0.650000,0.055919107,68.542691,0.123728,PO,0.775059,0.008515,0.005078,JB1:0.655685;JB3:0.647170;JB5:0.632336;JB2:0.615431;JB4:0.610588,gPO_sBM_cAll_d10_mPO0_ch01:0.596509;gPO_sBM_cAll_d11_mPO0_ch01:0.591431;gPO_sBM_cAll_d11_mPO0_ch02:0.589731;gPO_sBM_cAll_d10_mPO0_ch02:0.588788;gPO_sBM_cAll_d12_mPO3_ch02:0.557336;gPO_sBM_cAll_d12_mPO3_ch01:0.556034;gPO_sBM_cAll_d10_mPO3_ch02:0.555727;gPO_sBM_cAll_d10_mPO3_ch01:0.555487;gPO_sFM_cAll_d12_mPO1_ch16:0.552767;gPO_sBM_cAll_d11_mPO1_ch09:0.552117,Electronic---Electro:0.268724;Electronic---Experimental:0.212761;Electronic---Electroclash:0.204847;Electronic---Synth-pop:0.131241;Electronic---Ambient:0.123728,WA:v0:k1:r1,,JB1,0.655685,gPO_sBM_cAll_d10_mPO0_ch01,0.596509,93.750000
2.968000,2.977435900,,hermite,loading,,,,,0,1.0,0,gWA_sBM_cAll_d26_mWA0_ch05,,,2.008000,gPO_sBM_cAll_d10_mPO0_ch01;gPO_sBM_cAll_d11_mPO0_ch01;gPO_sBM_cAll_d11_mPO0_ch02;gPO_sBM_cAll_d10_mPO0_ch02;gPO_sBM_cAll_d12_mPO3_ch02,,,,,,0.241761551,,0.000000,,,,,,,,,,0.000000,beat-sync,0.550000,1.041667,,-0.094170848,0.155339459,right_wrist_yaw,0.425999509,right_wrist_yaw,0.155339459,right_wrist_yaw,0.567300431,right_wrist_yaw,0.109637,-0.021958,0.946697,-0.412032,0.000000000,0.000000000,0.000000000,0.000000000,0.000000000,0.000000000,2.456000,0.000000000,0.000000000,,3.792530,3.089970,162.294429,,0.001546312,0,1,0,0,,,,,,,accepted,0.807500,,0.650000,0.055919107,68.542691,0.123728,PO,0.775059,0.008515,0.005078,JB1:0.655685;JB3:0.647170;JB5:0.632336;JB2:0.615431;JB4:0.610588,gPO_sBM_cAll_d10_mPO0_ch01:0.596509;gPO_sBM_cAll_d11_mPO0_ch01:0.591431;gPO_sBM_cAll_d11_mPO0_ch02:0.589731;gPO_sBM_cAll_d10_mPO0_ch02:0.588788;gPO_sBM_cAll_d12_mPO3_ch02:0.557336;gPO_sBM_cAll_d12_mPO3_ch01:0.556034;gPO_sBM_cAll_d10_mPO3_ch02:0.555727;gPO_sBM_cAll_d10_mPO3_ch01:0.555487;gPO_sFM_cAll_d12_mPO1_ch16:0.552767;gPO_sBM_cAll_d11_mPO1_ch09:0.552117,Electronic---Electro:0.268724;Electronic---Experimental:0.212761;Electronic---Electroclash:0.204847;Electronic---Synth-pop:0.131241;Electronic---Ambient:0.123728,WA:v0:k1:r1,,JB1,0.655685,gPO_sBM_cAll_d10_mPO0_ch01,0.596509,93.750000
3.000000,3.010813500,,hermite,loading,,,,,0,1.0,0,gWA_sBM_cAll_d26_mWA0_ch05,,,2.008000,gPO_sBM_cAll_d10_mPO0_ch01;gPO_sBM_cAll_d11_mPO0_ch01;gPO_sBM_cAll_d11_mPO0_ch02;gPO_sBM_cAll_d10_mPO0_ch02;gPO_sBM_cAll_d12_mPO3_ch02,,,,,,0.243287427,,0.000000,,,,,,,,,,0.000000,beat-sync,0.550000,1.041667,,-0.092790543,0.171157074,right_wrist_yaw,0.524804467,right_wrist_yaw,0.171157074,right_wrist_yaw,0.581364230,right_wrist_yaw,0.111540,-0.020331,0.945566,-0.414279,0.000000000,0.000000000,0.000000000,0.000000000,0.000000000,0.000000000,2.456000,0.000000000,0.000000000,,3.170568,2.709654,40.693489,,0.001532567,0,1,0,0,,,,,,,accepted,0.807500,,0.650000,0.055919107,68.542691,0.123728,PO,0.775059,0.008515,0.005078,JB1:0.655685;JB3:0.647170;JB5:0.632336;JB2:0.615431;JB4:0.610588,gPO_sBM_cAll_d10_mPO0_ch01:0.596509;gPO_sBM_cAll_d11_mPO0_ch01:0.591431;gPO_sBM_cAll_d11_mPO0_ch02:0.589731;gPO_sBM_cAll_d10_mPO0_ch02:0.588788;gPO_sBM_cAll_d12_mPO3_ch02:0.557336;gPO_sBM_cAll_d12_mPO3_ch01:0.556034;gPO_sBM_cAll_d10_mPO3_ch02:0.555727;gPO_sBM_cAll_d10_mPO3_ch01:0.555487;gPO_sFM_cAll_d12_mPO1_ch16:0.552767;gPO_sBM_cAll_d11_mPO1_ch09:0.552117,Electronic---Electro:0.268724;Electronic---Experimental:0.212761;Electronic---Electroclash:0.204847;Electronic---Synth-pop:0.131241;Electronic---Ambient:0.123728,WA:v0:k1:r1,,JB1,0.655685,gPO_sBM_cAll_d10_mPO0_ch01,0.596509,93.750000
3.064000,3.077120100,,hermite,loading,,,,,0,1.0,0,gWA_sBM_cAll_d26_mWA0_ch05,,,2.008000,gPO_sBM_cAll_d10_mPO0_ch01;gPO_sBM_cAll_d11_mPO0_ch01;gPO_sBM_cAll_d11_mPO0_ch02;gPO_sBM_cAll_d10_mPO0_ch02;gPO_sBM_cAll_d12_mPO3_ch02,,,,,,0.246335695,,0.000000,,,,,,,,,,0.000000,beat-sync,0.550000,1.041667,,-0.090040354,0.214216597,right_wrist_yaw,0.630484032,right_wrist_yaw,0.214216597,right_wrist_yaw,1.317791219,right_wrist_yaw,0.115048,-0.016799,0.943346,-0.431973,0.000000000,0.000000000,0.000000000,0.000000000,0.000000000,0.000000000,2.456000,0.000000000,0.000000000,,2.818073,2.111489,216.252981,,0.001505797,0,1,0,0,,,,,,,accepted,0.807500,,0.650000,0.055919107,68.542691,0.123728,PO,0.775059,0.008515,0.005078,JB1:0.655685;JB3:0.647170;JB5:0.632336;JB2:0.615431;JB4:0.610588,gPO_sBM_cAll_d10_mPO0_ch01:0.596509;gPO_sBM_cAll_d11_mPO0_ch01:0.591431;gPO_sBM_cAll_d11_mPO0_ch02:0.589731;gPO_sBM_cAll_d10_mPO0_ch02:0.588788;gPO_sBM_cAll_d12_mPO3_ch02:0.557336;gPO_sBM_cAll_d12_mPO3_ch01:0.556034;gPO_sBM_cAll_d10_mPO3_ch02:0.555727;gPO_sBM_cAll_d10_mPO3_ch01:0.555487;gPO_sFM_cAll_d12_mPO1_ch16:0.552767;gPO_sBM_cAll_d11_mPO1_ch09:0.552117,Electronic---Electro:0.268724;Electronic---Experimental:0.212761;Electronic---Electroclash:0.204847;Electronic---Synth-pop:0.131241;Electronic---Ambient:0.123728,WA:v0:k1:r1,,JB1,0.655685,gPO_sBM_cAll_d10_mPO0_ch01,0.596509,93.750000
3.096000,3.127574300,match,hermite,loading,,,,,0,1.0,0,gWA_sBM_cAll_d26_mWA0_ch05,,,3.032000,gPO_sBM_cAll_d10_mPO0_ch01;gPO_sBM_cAll_d11_mPO0_ch01;gPO_sBM_cAll_d11_mPO0_ch02;gPO_sBM_cAll_d10_mPO0_ch02;gPO_sBM_cAll_d12_mPO3_ch02,,,,,,0.248628365,,0.000000,,,,,,,,,,0.000000,beat-sync,0.550000,1.143293,,-0.095488912,0.243059453,right_wrist_yaw,1.034853419,left_wrist_yaw,0.243059453,right_wrist_yaw,1.191096723,left_wrist_yaw,0.119823,-0.011986,0.941846,-0.448469,0.000000000,0.000000000,0.000000000,0.000000000,0.000000000,0.000000000,3.096000,0.000000000,0.000000000,,1.590229,1.365705,28.008357,,0.001486326,0,1,0,0,,,,,,,accepted,0.794786,,0.872824,0.072274030,65.818651,0.117227,PO,0.719666,0.011679,0.005012,JB3:0.700450;JB1:0.688771;JB5:0.679263;JB2:0.622239;JB4:0.619046,gPO_sBM_cAll_d10_mPO0_ch01:0.580848;gPO_sBM_cAll_d11_mPO0_ch01:0.575835;gPO_sBM_cAll_d11_mPO0_ch02:0.574067;gPO_sBM_cAll_d10_mPO0_ch02:0.573115;gPO_sFM_cAll_d12_mPO1_ch16:0.549873;gPO_sBM_cAll_d11_mPO1_ch09:0.549625;gPO_sBM_cAll_d11_mPO1_ch02:0.548224;gPO_sBM_cAll_d11_mPO1_ch07:0.546524;gPO_sBM_cAll_d10_mPO2_ch02:0.546390;gPO_sBM_cAll_d12_mPO3_ch02:0.546120,Electronic---Electro:0.274608;Electronic---Electroclash:0.213463;Electronic---Synthwave:0.175361;Electronic---Experimental:0.150598;Electronic---Synth-pop:0.146667,WA:v0:k1:r1,,JB3,0.700450,gPO_sBM_cAll_d10_mPO0_ch01,0.580848,96.153846
3.128000,3.135307400,,hermite,loading,,,,,0,1.0,0,gWA_sBM_cAll_d26_mWA0_ch05,,,3.032000,gPO_sBM_cAll_d10_mPO0_ch01;gPO_sBM_cAll_d11_mPO0_ch01;gPO_sBM_cAll_d11_mPO0_ch02;gPO_sBM_cAll_d10_mPO0_ch02;gPO_sBM_cAll_d12_mPO3_ch02,,,,,,0.249021730,,0.000000,,,,,,,,,,0.000000,beat-sync,0.550000,1.143293,,-0.095129970,0.245815539,right_wrist_yaw,1.144594781,left_wrist_yaw,0.245815539,right_wrist_yaw,1.457985943,left_wrist_yaw,0.120925,-0.011196,0.941670,-0.452005,0.000000000,0.000000000,0.000000000,0.000000000,0.000000000,0.000000000,3.096000,0.000000000,0.000000000,,1.863800,1.577077,27.338971,,0.001483129,0,1,0,0,,,,,,,accepted,0.794786,,0.872824,0.072274030,65.818651,0.117227,PO,0.719666,0.011679,0.005012,JB3:0.700450;JB1:0.688771;JB5:0.679263;JB2:0.622239;JB4:0.619046,gPO_sBM_cAll_d10_mPO0_ch01:0.580848;gPO_sBM_cAll_d11_mPO0_ch01:0.575835;gPO_sBM_cAll_d11_mPO0_ch02:0.574067;gPO_sBM_cAll_d10_mPO0_ch02:0.573115;gPO_sFM_cAll_d12_mPO1_ch16:0.549873;gPO_sBM_cAll_d11_mPO1_ch09:0.549625;gPO_sBM_cAll_d11_mPO1_ch02:0.548224;gPO_sBM_cAll_d11_mPO1_ch07:0.546524;gPO_sBM_cAll_d10_mPO2_ch02:0.546390;gPO_sBM_cAll_d12_mPO3_ch02:0.546120,Electronic---Electro:0.274608;Electronic---Electroclash:0.213463;Electronic---Synthwave:0.175361;Electronic---Experimental:0.150598;Electronic---Synth-pop:0.146667,WA:v0:k1:r1,,JB3,0.700450,gPO_sBM_cAll_d10_mPO0_ch01,0.580848,96.153846
3.160000,3.168726900,,hermite,loading,,,,,0,1.0,0,gWA_sBM_cAll_d26_mWA0_ch05,,,3.032000,gPO_sBM_cAll_d10_mPO0_ch01;gPO_sBM_cAll_d11_mPO0_ch01;gPO_sBM_cAll_d11_mPO0_ch02;gPO_sBM_cAll_d10_mPO0_ch02;gPO_sBM_cAll_d12_mPO3_ch02,,,,,,0.250553270,,0.000000,,,,,,,,,,0.000000,beat-sync,0.550000,1.143293,,-0.093709847,0.249830896,right_wrist_yaw,1.352382299,left_wrist_yaw,0.249830896,right_wrist_yaw,1.509267652,left_wrist_yaw,0.126778,-0.007986,0.941330,-0.470204,0.000000000,0.000000000,0.000000000,0.000000000,0.000000000,0.000000000,3.096000,0.000000000,0.000000000,,1.605003,1.383884,21.278012,,0.001470480,0,1,0,1,gPO_sBM_cAll_d10_mPO0_ch01,,73.195200,869.391500,118.480000,1083.306300,accepted,0.794786,,0.872824,0.072274030,65.818651,0.117227,PO,0.719666,0.011679,0.005012,JB3:0.700450;JB1:0.688771;JB5:0.679263;JB2:0.622239;JB4:0.619046,gPO_sBM_cAll_d10_mPO0_ch01:0.580848;gPO_sBM_cAll_d11_mPO0_ch01:0.575835;gPO_sBM_cAll_d11_mPO0_ch02:0.574067;gPO_sBM_cAll_d10_mPO0_ch02:0.573115;gPO_sFM_cAll_d12_mPO1_ch16:0.549873;gPO_sBM_cAll_d11_mPO1_ch09:0.549625;gPO_sBM_cAll_d11_mPO1_ch02:0.548224;gPO_sBM_cAll_d11_mPO1_ch07:0.546524;gPO_sBM_cAll_d10_mPO2_ch02:0.546390;gPO_sBM_cAll_d12_mPO3_ch02:0.546120,Electronic---Electro:0.274608;Electronic---Electroclash:0.213463;Electronic---Synthwave:0.175361;Electronic---Experimental:0.150598;Electronic---Synth-pop:0.146667,WA:v0:k1:r1,,JB3,0.700450,gPO_sBM_cAll_d10_mPO0_ch01,0.580848,96.153846
3.160000,3.195015200,beat_limiter_result,hermite,loading,,,,,0,1.0,0,gWA_sBM_cAll_d26_mWA0_ch05,,,3.032000,gPO_sBM_cAll_d10_mPO0_ch01;gPO_sBM_cAll_d11_mPO0_ch01;gPO_sBM_cAll_d11_mPO0_ch02;gPO_sBM_cAll_d10_mPO0_ch02;gPO_sBM_cAll_d12_mPO3_ch02,,,,,,0.251716821,,0.000000,,,,,,,,,,0.000000,beat-sync,0.550000,1.143293,,-0.092609040,0.245952507,right_wrist_yaw,1.421930318,left_wrist_yaw,0.245952507,right_wrist_yaw,1.623986749,left_wrist_yaw,0.131337,-0.005651,0.941452,-0.486454,0.000000000,0.000000000,0.000000000,0.000000000,0.000000000,0.000000000,3.096000,0.000000000,0.000000000,,1.623987,1.352257,25.626155,,0.001461134,0,1,0,1,gPO_sBM_cAll_d10_mPO0_ch01,,73.195200,869.391500,118.480000,1083.306300,accepted,0.794786,,0.872824,0.072274030,65.818651,0.117227,PO,0.719666,0.011679,0.005012,JB3:0.700450;JB1:0.688771;JB5:0.679263;JB2:0.622239;JB4:0.619046,gPO_sBM_cAll_d10_mPO0_ch01:0.580848;gPO_sBM_cAll_d11_mPO0_ch01:0.575835;gPO_sBM_cAll_d11_mPO0_ch02:0.574067;gPO_sBM_cAll_d10_mPO0_ch02:0.573115;gPO_sFM_cAll_d12_mPO1_ch16:0.549873;gPO_sBM_cAll_d11_mPO1_ch09:0.549625;gPO_sBM_cAll_d11_mPO1_ch02:0.548224;gPO_sBM_cAll_d11_mPO1_ch07:0.546524;gPO_sBM_cAll_d10_mPO2_ch02:0.546390;gPO_sBM_cAll_d12_mPO3_ch02:0.546120,Electronic---Electro:0.274608;Electronic---Electroclash:0.213463;Electronic---Synthwave:0.175361;Electronic---Experimental:0.150598;Electronic---Synth-pop:0.146667,WA:v0:k1:r1,,JB3,0.700450,gPO_sBM_cAll_d10_mPO0_ch01,0.580848,96.153846
3.224000,3.243652200,,hermite,loading,,,,,0,1.0,0,gWA_sBM_cAll_d26_mWA0_ch05,,,3.032000,gPO_sBM_cAll_d10_mPO0_ch01;gPO_sBM_cAll_d11_mPO0_ch01;gPO_sBM_cAll_d11_mPO0_ch02;gPO_sBM_cAll_d10_mPO0_ch02;gPO_sBM_cAll_d12_mPO3_ch02,,,,,,0.253978679,,0.000000,,,,,,,,,,0.000000,beat-sync,0.550000,1.143293,,-0.090423389,0.230019461,right_wrist_yaw,0.998164834,left_wrist_yaw,0.230019461,right_wrist_yaw,1.251397666,left_wrist_yaw,0.136129,-0.001500,0.941008,-0.513565,0.000000000,0.000000000,0.000000000,0.000000000,0.000000000,0.000000000,3.096000,0.000000000,0.000000000,,2.081205,1.719634,48.519150,,0.001442793,0,1,0,1,gPO_sBM_cAll_d10_mPO0_ch01,,73.195200,869.391500,118.480000,1083.306300,accepted,0.794786,,0.872824,0.072274030,65.818651,0.117227,PO,0.719666,0.011679,0.005012,JB3:0.700450;JB1:0.688771;JB5:0.679263;JB2:0.622239;JB4:0.619046,gPO_sBM_cAll_d10_mPO0_ch01:0.580848;gPO_sBM_cAll_d11_mPO0_ch01:0.575835;gPO_sBM_cAll_d11_mPO0_ch02:0.574067;gPO_sBM_cAll_d10_mPO0_ch02:0.573115;gPO_sFM_cAll_d12_mPO1_ch16:0.549873;gPO_sBM_cAll_d11_mPO1_ch09:0.549625;gPO_sBM_cAll_d11_mPO1_ch02:0.548224;gPO_sBM_cAll_d11_mPO1_ch07:0.546524;gPO_sBM_cAll_d10_mPO2_ch02:0.546390;gPO_sBM_cAll_d12_mPO3_ch02:0.546120,Electronic---Electro:0.274608;Electronic---Electroclash:0.213463;Electronic---Synthwave:0.175361;Electronic---Experimental:0.150598;Electronic---Synth-pop:0.146667,WA:v0:k1:r1,,JB3,0.700450,gPO_sBM_cAll_d10_mPO0_ch01,0.580848,96.153846
3.256000,3.278251700,,hermite,loading,,,,,0,1.0,0,gWA_sBM_cAll_d26_mWA0_ch05,,,3.032000,gPO_sBM_cAll_d10_mPO0_ch01;gPO_sBM_cAll_d11_mPO0_ch01;gPO_sBM_cAll_d11_mPO0_ch02;gPO_sBM_cAll_d10_mPO0_ch02;gPO_sBM_cAll_d12_mPO3_ch02,,,,,,0.255520541,,0.000000,,,,,,,,,,0.000000,beat-sync,0.550000,1.143293,,-0.088903905,0.225821412,left_wrist_yaw,1.055037339,left_wrist_yaw,0.225821412,left_wrist_yaw,1.119327005,left_wrist_yaw,0.143048,-0.001137,0.940966,-0.528747,0.000000000,0.000000000,0.000000000,0.000000000,0.000000000,0.000000000,3.096000,0.000000000,0.000000000,,1.936026,1.648087,43.725335,,0.001430820,0,1,0,1,gPO_sBM_cAll_d10_mPO0_ch01,,73.195200,869.391500,118.480000,1083.306300,accepted,0.794786,,0.872824,0.072274030,65.818651,0.117227,PO,0.719666,0.011679,0.005012,JB3:0.700450;JB1:0.688771;JB5:0.679263;JB2:0.622239;JB4:0.619046,gPO_sBM_cAll_d10_mPO0_ch01:0.580848;gPO_sBM_cAll_d11_mPO0_ch01:0.575835;gPO_sBM_cAll_d11_mPO0_ch02:0.574067;gPO_sBM_cAll_d10_mPO0_ch02:0.573115;gPO_sFM_cAll_d12_mPO1_ch16:0.549873;gPO_sBM_cAll_d11_mPO1_ch09:0.549625;gPO_sBM_cAll_d11_mPO1_ch02:0.548224;gPO_sBM_cAll_d11_mPO1_ch07:0.546524;gPO_sBM_cAll_d10_mPO2_ch02:0.546390;gPO_sBM_cAll_d12_mPO3_ch02:0.546120,Electronic---Electro:0.274608;Electronic---Electroclash:0.213463;Electronic---Synthwave:0.175361;Electronic---Experimental:0.150598;Electronic---Synth-pop:0.146667,WA:v0:k1:r1,,JB3,0.700450,gPO_sBM_cAll_d10_mPO0_ch01,0.580848,96.153846
3.320000,3.344606700,,hermite,loading,,,,,0,1.0,0,gWA_sBM_cAll_d26_mWA0_ch05,,,3.032000,gPO_sBM_cAll_d10_mPO0_ch01;gPO_sBM_cAll_d11_mPO0_ch01;gPO_sBM_cAll_d11_mPO0_ch02;gPO_sBM_cAll_d10_mPO0_ch02;gPO_sBM_cAll_d12_mPO3_ch02,,,,,,0.258588871,,0.000000,,,,,,,,,,0.000000,beat-sync,0.550000,1.143293,,-0.085823304,0.273956567,left_wrist_yaw,0.529788630,right_wrist_yaw,0.273956567,left_wrist_yaw,0.753396800,right_wrist_yaw,0.154011,-0.001812,0.943258,-0.564610,0.000000000,0.000000000,0.000000000,0.000000000,0.000000000,0.000000000,3.096000,0.000000000,0.000000000,,1.323027,1.059231,26.688501,,0.001407460,0,1,0,1,gPO_sBM_cAll_d10_mPO0_ch01,,73.195200,869.391500,118.480000,1083.306300,accepted,0.794786,,0.872824,0.072274030,65.818651,0.117227,PO,0.719666,0.011679,0.005012,JB3:0.700450;JB1:0.688771;JB5:0.679263;JB2:0.622239;JB4:0.619046,gPO_sBM_cAll_d10_mPO0_ch01:0.580848;gPO_sBM_cAll_d11_mPO0_ch01:0.575835;gPO_sBM_cAll_d11_mPO0_ch02:0.574067;gPO_sBM_cAll_d10_mPO0_ch02:0.573115;gPO_sFM_cAll_d12_mPO1_ch16:0.549873;gPO_sBM_cAll_d11_mPO1_ch09:0.549625;gPO_sBM_cAll_d11_mPO1_ch02:0.548224;gPO_sBM_cAll_d11_mPO1_ch07:0.546524;gPO_sBM_cAll_d10_mPO2_ch02:0.546390;gPO_sBM_cAll_d12_mPO3_ch02:0.546120,Electronic---Electro:0.274608;Electronic---Electroclash:0.213463;Electronic---Synthwave:0.175361;Electronic---Experimental:0.150598;Electronic---Synth-pop:0.146667,WA:v0:k1:r1,,JB3,0.700450,gPO_sBM_cAll_d10_mPO0_ch01,0.580848,96.153846
3.352000,3.369239400,,hermite,loading,,,,,0,1.0,0,gWA_sBM_cAll_d26_mWA0_ch05,,,3.032000,gPO_sBM_cAll_d10_mPO0_ch01;gPO_sBM_cAll_d11_mPO0_ch01;gPO_sBM_cAll_d11_mPO0_ch02;gPO_sBM_cAll_d10_mPO0_ch02;gPO_sBM_cAll_d12_mPO3_ch02,,,,,,0.259733879,,0.000000,,,,,,,,,,0.000000,beat-sync,0.550000,1.143293,,-0.084657718,0.285203396,left_wrist_yaw,0.618521536,right_wrist_yaw,0.285203396,left_wrist_yaw,0.699529896,right_wrist_yaw,0.156310,-0.002640,0.944979,-0.581302,0.000000000,0.000000000,0.000000000,0.000000000,0.000000000,0.000000000,3.096000,0.000000000,0.000000000,,1.353837,1.128754,18.950252,,0.001398895,0,1,0,1,gPO_sBM_cAll_d10_mPO0_ch01,,73.195200,869.391500,118.480000,1083.306300,accepted,0.794786,,0.872824,0.072274030,65.818651,0.117227,PO,0.719666,0.011679,0.005012,JB3:0.700450;JB1:0.688771;JB5:0.679263;JB2:0.622239;JB4:0.619046,gPO_sBM_cAll_d10_mPO0_ch01:0.580848;gPO_sBM_cAll_d11_mPO0_ch01:0.575835;gPO_sBM_cAll_d11_mPO0_ch02:0.574067;gPO_sBM_cAll_d10_mPO0_ch02:0.573115;gPO_sFM_cAll_d12_mPO1_ch16:0.549873;gPO_sBM_cAll_d11_mPO1_ch09:0.549625;gPO_sBM_cAll_d11_mPO1_ch02:0.548224;gPO_sBM_cAll_d11_mPO1_ch07:0.546524;gPO_sBM_cAll_d10_mPO2_ch02:0.546390;gPO_sBM_cAll_d12_mPO3_ch02:0.546120,Electronic---Electro:0.274608;Electronic---Electroclash:0.213463;Electronic---Synthwave:0.175361;Electronic---Experimental:0.150598;Electronic---Synth-pop:0.146667,WA:v0:k1:r1,,JB3,0.700450,gPO_sBM_cAll_d10_mPO0_ch01,0.580848,96.153846
3.416000,3.436434500,,hermite,loading,,,,,0,1.0,0,gWA_sBM_cAll_d26_mWA0_ch05,,,3.032000,gPO_sBM_cAll_d10_mPO0_ch01;gPO_sBM_cAll_d11_mPO0_ch01;gPO_sBM_cAll_d11_mPO0_ch02;gPO_sBM_cAll_d10_mPO0_ch02;gPO_sBM_cAll_d12_mPO3_ch02,,,,,,0.262793305,,0.000000,,,,,,,,,,0.000000,beat-sync,0.550000,1.143293,,-0.081509717,0.296804027,left_wrist_yaw,0.123728583,left_wrist_roll,0.296804027,left_wrist_yaw,0.174143954,left_wrist_roll,0.158166,-0.006627,0.949196,-0.622844,0.000000000,0.000000000,0.000000000,0.000000000,0.000000000,0.000000000,3.096000,0.000000000,0.000000000,,1.573412,1.164235,16.352444,,0.001376557,0,1,0,1,gPO_sBM_cAll_d10_mPO0_ch01,,73.195200,869.391500,118.480000,1083.306300,accepted,0.794786,,0.872824,0.072274030,65.818651,0.117227,PO,0.719666,0.011679,0.005012,JB3:0.700450;JB1:0.688771;JB5:0.679263;JB2:0.622239;JB4:0.619046,gPO_sBM_cAll_d10_mPO0_ch01:0.580848;gPO_sBM_cAll_d11_mPO0_ch01:0.575835;gPO_sBM_cAll_d11_mPO0_ch02:0.574067;gPO_sBM_cAll_d10_mPO0_ch02:0.573115;gPO_sFM_cAll_d12_mPO1_ch16:0.549873;gPO_sBM_cAll_d11_mPO1_ch09:0.549625;gPO_sBM_cAll_d11_mPO1_ch02:0.548224;gPO_sBM_cAll_d11_mPO1_ch07:0.546524;gPO_sBM_cAll_d10_mPO2_ch02:0.546390;gPO_sBM_cAll_d12_mPO3_ch02:0.546120,Electronic---Electro:0.274608;Electronic---Electroclash:0.213463;Electronic---Synthwave:0.175361;Electronic---Experimental:0.150598;Electronic---Synth-pop:0.146667,WA:v0:k1:r1,,JB3,0.700450,gPO_sBM_cAll_d10_mPO0_ch01,0.580848,96.153846
3.480000,3.495537400,,hermite,loading,,,,,0,1.0,0,gWA_sBM_cAll_d26_mWA0_ch05,,,3.032000,gPO_sBM_cAll_d10_mPO0_ch01;gPO_sBM_cAll_d11_mPO0_ch01;gPO_sBM_cAll_d11_mPO0_ch02;gPO_sBM_cAll_d10_mPO0_ch02;gPO_sBM_cAll_d12_mPO3_ch02,,,,,,0.265449690,,0.000000,,,,,,,,,,0.000000,beat-sync,0.550000,1.143293,,-0.078744744,0.283540839,left_wrist_yaw,0.345597562,left_wrist_yaw,0.283540839,left_wrist_yaw,0.347764832,left_wrist_yaw,0.156167,-0.011735,0.951483,-0.652121,0.000000000,0.000000000,0.000000000,0.000000000,0.000000000,0.000000000,3.096000,0.000000000,0.000000000,,1.101848,0.927859,24.915354,,0.001357589,0,1,0,1,gPO_sBM_cAll_d10_mPO0_ch01,,73.195200,869.391500,118.480000,1083.306300,accepted,0.794786,,0.872824,0.072274030,65.818651,0.117227,PO,0.719666,0.011679,0.005012,JB3:0.700450;JB1:0.688771;JB5:0.679263;JB2:0.622239;JB4:0.619046,gPO_sBM_cAll_d10_mPO0_ch01:0.580848;gPO_sBM_cAll_d11_mPO0_ch01:0.575835;gPO_sBM_cAll_d11_mPO0_ch02:0.574067;gPO_sBM_cAll_d10_mPO0_ch02:0.573115;gPO_sFM_cAll_d12_mPO1_ch16:0.549873;gPO_sBM_cAll_d11_mPO1_ch09:0.549625;gPO_sBM_cAll_d11_mPO1_ch02:0.548224;gPO_sBM_cAll_d11_mPO1_ch07:0.546524;gPO_sBM_cAll_d10_mPO2_ch02:0.546390;gPO_sBM_cAll_d12_mPO3_ch02:0.546120,Electronic---Electro:0.274608;Electronic---Electroclash:0.213463;Electronic---Synthwave:0.175361;Electronic---Experimental:0.150598;Electronic---Synth-pop:0.146667,WA:v0:k1:r1,,JB3,0.700450,gPO_sBM_cAll_d10_mPO0_ch01,0.580848,96.153846
3.512000,3.527091500,,hermite,loading,,,,,0,1.0,0,gWA_sBM_cAll_d26_mWA0_ch05,,,3.032000,gPO_sBM_cAll_d10_mPO0_ch01;gPO_sBM_cAll_d11_mPO0_ch01;gPO_sBM_cAll_d11_mPO0_ch02;gPO_sBM_cAll_d10_mPO0_ch02;gPO_sBM_cAll_d12_mPO3_ch02,,,,,,0.266996339,,0.000000,,,,,,,,,,0.000000,beat-sync,0.550000,1.143293,,-0.077124210,0.265013134,left_wrist_yaw,0.685648095,left_wrist_yaw,0.265013134,left_wrist_yaw,0.848288813,left_wrist_yaw,0.154294,-0.014991,0.952929,-0.669703,0.000000000,0.000000000,0.000000000,0.000000000,0.000000000,0.000000000,3.096000,0.000000000,0.000000000,,2.250659,1.892269,26.516358,,0.001346983,0,1,0,1,gPO_sBM_cAll_d10_mPO0_ch01,,73.195200,869.391500,118.480000,1083.306300,accepted,0.794786,,0.872824,0.072274030,65.818651,0.117227,PO,0.719666,0.011679,0.005012,JB3:0.700450;JB1:0.688771;JB5:0.679263;JB2:0.622239;JB4:0.619046,gPO_sBM_cAll_d10_mPO0_ch01:0.580848;gPO_sBM_cAll_d11_mPO0_ch01:0.575835;gPO_sBM_cAll_d11_mPO0_ch02:0.574067;gPO_sBM_cAll_d10_mPO0_ch02:0.573115;gPO_sFM_cAll_d12_mPO1_ch16:0.549873;gPO_sBM_cAll_d11_mPO1_ch09:0.549625;gPO_sBM_cAll_d11_mPO1_ch02:0.548224;gPO_sBM_cAll_d11_mPO1_ch07:0.546524;gPO_sBM_cAll_d10_mPO2_ch02:0.546390;gPO_sBM_cAll_d12_mPO3_ch02:0.546120,Electronic---Electro:0.274608;Electronic---Electroclash:0.213463;Electronic---Synthwave:0.175361;Electronic---Experimental:0.150598;Electronic---Synth-pop:0.146667,WA:v0:k1:r1,,JB3,0.700450,gPO_sBM_cAll_d10_mPO0_ch01,0.580848,96.153846
3.576000,3.585071200,,hermite,loading,,,,,0,1.0,0,gWA_sBM_cAll_d26_mWA0_ch05,,,3.032000,gPO_sBM_cAll_d10_mPO0_ch01;gPO_sBM_cAll_d11_mPO0_ch01;gPO_sBM_cAll_d11_mPO0_ch02;gPO_sBM_cAll_d10_mPO0_ch02;gPO_sBM_cAll_d12_mPO3_ch02,,,,,,0.269659793,,0.000000,,,,,,,,,,0.000000,beat-sync,0.550000,1.143293,,-0.074318904,0.210000865,left_wrist_yaw,0.946656983,left_wrist_yaw,0.210000865,left_wrist_yaw,1.186983071,left_wrist_yaw,0.150770,-0.021665,0.954774,-0.698880,0.000000000,0.000000000,0.000000000,0.000000000,0.000000000,0.000000000,3.096000,0.000000000,0.000000000,,2.736468,2.296405,16.704130,,0.001328815,0,1,0,1,gPO_sBM_cAll_d10_mPO0_ch01,,73.195200,869.391500,118.480000,1083.306300,accepted,0.794786,,0.872824,0.072274030,65.818651,0.117227,PO,0.719666,0.011679,0.005012,JB3:0.700450;JB1:0.688771;JB5:0.679263;JB2:0.622239;JB4:0.619046,gPO_sBM_cAll_d10_mPO0_ch01:0.580848;gPO_sBM_cAll_d11_mPO0_ch01:0.575835;gPO_sBM_cAll_d11_mPO0_ch02:0.574067;gPO_sBM_cAll_d10_mPO0_ch02:0.573115;gPO_sFM_cAll_d12_mPO1_ch16:0.549873;gPO_sBM_cAll_d11_mPO1_ch09:0.549625;gPO_sBM_cAll_d11_mPO1_ch02:0.548224;gPO_sBM_cAll_d11_mPO1_ch07:0.546524;gPO_sBM_cAll_d10_mPO2_ch02:0.546390;gPO_sBM_cAll_d12_mPO3_ch02:0.546120,Electronic---Electro:0.274608;Electronic---Electroclash:0.213463;Electronic---Synthwave:0.175361;Electronic---Experimental:0.150598;Electronic---Synth-pop:0.146667,WA:v0:k1:r1,,JB3,0.700450,gPO_sBM_cAll_d10_mPO0_ch01,0.580848,96.153846
3.608000,3.619518200,,hermite,loading,,,,,0,1.0,0,gWA_sBM_cAll_d26_mWA0_ch05,,,3.032000,gPO_sBM_cAll_d10_mPO0_ch01;gPO_sBM_cAll_d11_mPO0_ch01;gPO_sBM_cAll_d11_mPO0_ch02;gPO_sBM_cAll_d10_mPO0_ch02;gPO_sBM_cAll_d12_mPO3_ch02,,,,,,0.271236325,,0.000000,,,,,,,,,,0.000000,beat-sync,0.550000,1.143293,,-0.072651168,0.176935956,left_wrist_yaw,0.997348367,left_wrist_yaw,0.176935956,left_wrist_yaw,1.109140897,left_wrist_yaw,0.147747,-0.026050,0.954681,-0.713121,0.000000000,0.000000000,0.000000000,0.000000000,0.000000000,0.000000000,3.096000,0.000000000,0.000000000,,2.884542,2.455249,45.129512,,0.001318652,0,1,0,1,gPO_sBM_cAll_d10_mPO0_ch01,,73.195200,869.391500,118.480000,1083.306300,accepted,0.794786,,0.872824,0.072274030,65.818651,0.117227,PO,0.719666,0.011679,0.005012,JB3:0.700450;JB1:0.688771;JB5:0.679263;JB2:0.622239;JB4:0.619046,gPO_sBM_cAll_d10_mPO0_ch01:0.580848;gPO_sBM_cAll_d11_mPO0_ch01:0.575835;gPO_sBM_cAll_d11_mPO0_ch02:0.574067;gPO_sBM_cAll_d10_mPO0_ch02:0.573115;gPO_sFM_cAll_d12_mPO1_ch16:0.549873;gPO_sBM_cAll_d11_mPO1_ch09:0.549625;gPO_sBM_cAll_d11_mPO1_ch02:0.548224;gPO_sBM_cAll_d11_mPO1_ch07:0.546524;gPO_sBM_cAll_d10_mPO2_ch02:0.546390;gPO_sBM_cAll_d12_mPO3_ch02:0.546120,Electronic---Electro:0.274608;Electronic---Electroclash:0.213463;Electronic---Synthwave:0.175361;Electronic---Experimental:0.150598;Electronic---Synth-pop:0.146667,WA:v0:k1:r1,,JB3,0.700450,gPO_sBM_cAll_d10_mPO0_ch01,0.580848,96.153846
3.672000,3.677314400,,hermite,loading,,,,,0,1.0,0,gWA_sBM_cAll_d26_mWA0_ch05,,,3.032000,gPO_sBM_cAll_d10_mPO0_ch01;gPO_sBM_cAll_d11_mPO0_ch01;gPO_sBM_cAll_d11_mPO0_ch02;gPO_sBM_cAll_d10_mPO0_ch02;gPO_sBM_cAll_d12_mPO3_ch02,,,,,,0.273895588,,0.000000,,,,,,,,,,0.000000,beat-sync,0.550000,1.143293,,-0.069828439,0.154206872,right_wrist_yaw,0.883803056,left_wrist_yaw,0.154206872,right_wrist_yaw,0.959200015,left_wrist_yaw,0.141293,-0.033013,0.954280,-0.737182,0.000000000,0.000000000,0.000000000,0.000000000,0.000000000,0.000000000,3.096000,0.000000000,0.000000000,,2.312949,1.993033,42.569026,,0.001301236,0,1,0,1,gPO_sBM_cAll_d10_mPO0_ch01,,73.195200,869.391500,118.480000,1083.306300,accepted,0.794786,,0.872824,0.072274030,65.818651,0.117227,PO,0.719666,0.011679,0.005012,JB3:0.700450;JB1:0.688771;JB5:0.679263;JB2:0.622239;JB4:0.619046,gPO_sBM_cAll_d10_mPO0_ch01:0.580848;gPO_sBM_cAll_d11_mPO0_ch01:0.575835;gPO_sBM_cAll_d11_mPO0_ch02:0.574067;gPO_sBM_cAll_d10_mPO0_ch02:0.573115;gPO_sFM_cAll_d12_mPO1_ch16:0.549873;gPO_sBM_cAll_d11_mPO1_ch09:0.549625;gPO_sBM_cAll_d11_mPO1_ch02:0.548224;gPO_sBM_cAll_d11_mPO1_ch07:0.546524;gPO_sBM_cAll_d10_mPO2_ch02:0.546390;gPO_sBM_cAll_d12_mPO3_ch02:0.546120,Electronic---Electro:0.274608;Electronic---Electroclash:0.213463;Electronic---Synthwave:0.175361;Electronic---Experimental:0.150598;Electronic---Synth-pop:0.146667,WA:v0:k1:r1,,JB3,0.700450,gPO_sBM_cAll_d10_mPO0_ch01,0.580848,96.153846
3.704000,3.710516800,,hermite,loading,,,,,0,1.0,0,gWA_sBM_cAll_d26_mWA0_ch05,,,3.032000,gPO_sBM_cAll_d10_mPO0_ch01;gPO_sBM_cAll_d11_mPO0_ch01;gPO_sBM_cAll_d11_mPO0_ch02;gPO_sBM_cAll_d10_mPO0_ch02;gPO_sBM_cAll_d12_mPO3_ch02,,,,,,0.275409044,,0.000000,,,,,,,,,,0.000000,beat-sync,0.550000,1.143293,,-0.068217466,0.158936068,right_wrist_yaw,0.616299838,left_wrist_yaw,0.158936068,right_wrist_yaw,0.923544682,left_wrist_yaw,0.138413,-0.037204,0.955009,-0.752140,0.000000000,0.000000000,0.000000000,0.000000000,0.000000000,0.000000000,3.096000,0.000000000,0.000000000,,2.916871,2.338661,113.645407,,0.001291489,0,1,0,1,gPO_sBM_cAll_d10_mPO0_ch01,,73.195200,869.391500,118.480000,1083.306300,accepted,0.794786,,0.872824,0.072274030,65.818651,0.117227,PO,0.719666,0.011679,0.005012,JB3:0.700450;JB1:0.688771;JB5:0.679263;JB2:0.622239;JB4:0.619046,gPO_sBM_cAll_d10_mPO0_ch01:0.580848;gPO_sBM_cAll_d11_mPO0_ch01:0.575835;gPO_sBM_cAll_d11_mPO0_ch02:0.574067;gPO_sBM_cAll_d10_mPO0_ch02:0.573115;gPO_sFM_cAll_d12_mPO1_ch16:0.549873;gPO_sBM_cAll_d11_mPO1_ch09:0.549625;gPO_sBM_cAll_d11_mPO1_ch02:0.548224;gPO_sBM_cAll_d11_mPO1_ch07:0.546524;gPO_sBM_cAll_d10_mPO2_ch02:0.546390;gPO_sBM_cAll_d12_mPO3_ch02:0.546120,Electronic---Electro:0.274608;Electronic---Electroclash:0.213463;Electronic---Synthwave:0.175361;Electronic---Experimental:0.150598;Electronic---Synth-pop:0.146667,WA:v0:k1:r1,,JB3,0.700450,gPO_sBM_cAll_d10_mPO0_ch01,0.580848,96.153846
3.768000,3.793721100,,hermite,loading,,,,,0,1.0,0,gWA_sBM_cAll_d26_mWA0_ch05,,,3.032000,gPO_sBM_cAll_d10_mPO0_ch01;gPO_sBM_cAll_d11_mPO0_ch01;gPO_sBM_cAll_d11_mPO0_ch02;gPO_sBM_cAll_d10_mPO0_ch02;gPO_sBM_cAll_d12_mPO3_ch02,,,,,,0.279232363,,0.000000,,,,,,,,,,0.000000,beat-sync,0.550000,1.143293,,-0.064136630,0.182492769,right_wrist_yaw,0.141699738,right_wrist_yaw,0.182492769,right_wrist_yaw,0.197741166,right_wrist_yaw,0.132144,-0.044245,0.954077,-0.784915,0.000000000,0.000000000,0.000000000,0.000000000,0.000000000,0.000000000,3.096000,0.000000000,0.000000000,,3.288838,2.715619,78.513332,,0.001267748,0,1,0,1,gPO_sBM_cAll_d10_mPO0_ch01,,73.195200,869.391500,118.480000,1083.306300,accepted,0.794786,,0.872824,0.072274030,65.818651,0.117227,PO,0.719666,0.011679,0.005012,JB3:0.700450;JB1:0.688771;JB5:0.679263;JB2:0.622239;JB4:0.619046,gPO_sBM_cAll_d10_mPO0_ch01:0.580848;gPO_sBM_cAll_d11_mPO0_ch01:0.575835;gPO_sBM_cAll_d11_mPO0_ch02:0.574067;gPO_sBM_cAll_d10_mPO0_ch02:0.573115;gPO_sFM_cAll_d12_mPO1_ch16:0.549873;gPO_sBM_cAll_d11_mPO1_ch09:0.549625;gPO_sBM_cAll_d11_mPO1_ch02:0.548224;gPO_sBM_cAll_d11_mPO1_ch07:0.546524;gPO_sBM_cAll_d10_mPO2_ch02:0.546390;gPO_sBM_cAll_d12_mPO3_ch02:0.546120,Electronic---Electro:0.274608;Electronic---Electroclash:0.213463;Electronic---Synthwave:0.175361;Electronic---Experimental:0.150598;Electronic---Synth-pop:0.146667,WA:v0:k1:r1,,JB3,0.700450,gPO_sBM_cAll_d10_mPO0_ch01,0.580848,96.153846
3.800000,3.818960400,,hermite,loading,,,,,0,1.0,0,gWA_sBM_cAll_d26_mWA0_ch05,,,3.032000,gPO_sBM_cAll_d10_mPO0_ch01;gPO_sBM_cAll_d11_mPO0_ch01;gPO_sBM_cAll_d11_mPO0_ch02;gPO_sBM_cAll_d10_mPO0_ch02;gPO_sBM_cAll_d12_mPO3_ch02,,,,,,0.280378849,,0.000000,,,,,,,,,,0.000000,beat-sync,0.550000,1.143293,,-0.062910409,0.184221445,right_wrist_yaw,0.589879994,left_wrist_yaw,0.184221445,right_wrist_yaw,0.728300855,left_wrist_yaw,0.130408,-0.045475,0.954762,-0.796438,0.000000000,0.000000000,0.000000000,0.000000000,0.000000000,0.000000000,3.096000,0.000000000,0.000000000,,3.427492,2.868391,52.161840,,0.001260796,0,1,0,1,gPO_sBM_cAll_d10_mPO0_ch01,,73.195200,869.391500,118.480000,1083.306300,accepted,0.794786,,0.872824,0.072274030,65.818651,0.117227,PO,0.719666,0.011679,0.005012,JB3:0.700450;JB1:0.688771;JB5:0.679263;JB2:0.622239;JB4:0.619046,gPO_sBM_cAll_d10_mPO0_ch01:0.580848;gPO_sBM_cAll_d11_mPO0_ch01:0.575835;gPO_sBM_cAll_d11_mPO0_ch02:0.574067;gPO_sBM_cAll_d10_mPO0_ch02:0.573115;gPO_sFM_cAll_d12_mPO1_ch16:0.549873;gPO_sBM_cAll_d11_mPO1_ch09:0.549625;gPO_sBM_cAll_d11_mPO1_ch02:0.548224;gPO_sBM_cAll_d11_mPO1_ch07:0.546524;gPO_sBM_cAll_d10_mPO2_ch02:0.546390;gPO_sBM_cAll_d12_mPO3_ch02:0.546120,Electronic---Electro:0.274608;Electronic---Electroclash:0.213463;Electronic---Synthwave:0.175361;Electronic---Experimental:0.150598;Electronic---Synth-pop:0.146667,WA:v0:k1:r1,,JB3,0.700450,gPO_sBM_cAll_d10_mPO0_ch01,0.580848,96.153846
3.800000,3.827742000,,hermite,loading,,,,,0,1.0,0,gWA_sBM_cAll_d26_mWA0_ch05,,,3.032000,gPO_sBM_cAll_d10_mPO0_ch01;gPO_sBM_cAll_d11_mPO0_ch01;gPO_sBM_cAll_d11_mPO0_ch02;gPO_sBM_cAll_d10_mPO0_ch02;gPO_sBM_cAll_d12_mPO3_ch02,,,,,,0.280776184,,0.000000,,,,,,,,,,0.000000,beat-sync,0.550000,1.143293,,-0.062485212,0.184150821,right_wrist_yaw,0.739394184,left_wrist_yaw,0.184150821,right_wrist_yaw,0.856006196,left_wrist_yaw,0.129812,-0.045850,0.955122,-0.800351,0.000000000,0.000000000,0.000000000,0.000000000,0.000000000,0.000000000,3.096000,0.000000000,0.000000000,,3.527093,2.953613,21.867175,,0.001258495,0,1,0,1,gPO_sBM_cAll_d10_mPO0_ch01,,73.195200,869.391500,118.480000,1083.306300,accepted,0.794786,,0.872824,0.072274030,65.818651,0.117227,PO,0.719666,0.011679,0.005012,JB3:0.700450;JB1:0.688771;JB5:0.679263;JB2:0.622239;JB4:0.619046,gPO_sBM_cAll_d10_mPO0_ch01:0.580848;gPO_sBM_cAll_d11_mPO0_ch01:0.575835;gPO_sBM_cAll_d11_mPO0_ch02:0.574067;gPO_sBM_cAll_d10_mPO0_ch02:0.573115;gPO_sFM_cAll_d12_mPO1_ch16:0.549873;gPO_sBM_cAll_d11_mPO1_ch09:0.549625;gPO_sBM_cAll_d11_mPO1_ch02:0.548224;gPO_sBM_cAll_d11_mPO1_ch07:0.546524;gPO_sBM_cAll_d10_mPO2_ch02:0.546390;gPO_sBM_cAll_d12_mPO3_ch02:0.546120,Electronic---Electro:0.274608;Electronic---Electroclash:0.213463;Electronic---Synthwave:0.175361;Electronic---Experimental:0.150598;Electronic---Synth-pop:0.146667,WA:v0:k1:r1,,JB3,0.700450,gPO_sBM_cAll_d10_mPO0_ch01,0.580848,96.153846
3.800000,3.835529800,,hermite,loading,,,,,0,1.0,0,gWA_sBM_cAll_d26_mWA0_ch05,,,3.032000,gPO_sBM_cAll_d10_mPO0_ch01;gPO_sBM_cAll_d11_mPO0_ch01;gPO_sBM_cAll_d11_mPO0_ch02;gPO_sBM_cAll_d10_mPO0_ch02;gPO_sBM_cAll_d12_mPO3_ch02,,,,,,0.281141300,,0.000000,,,,,,,,,,0.000000,beat-sync,0.550000,1.143293,,-0.062094402,0.183859767,right_wrist_yaw,0.789052649,left_wrist_yaw,0.183859767,right_wrist_yaw,1.006419032,left_wrist_yaw,0.129310,-0.046170,0.955351,-0.804417,0.000000000,0.000000000,0.000000000,0.000000000,0.000000000,0.000000000,3.096000,0.000000000,0.000000000,,3.881112,3.195660,39.021568,,0.001256202,0,1,0,1,gPO_sBM_cAll_d10_mPO0_ch01,,73.195200,869.391500,118.480000,1083.306300,accepted,0.794786,,0.872824,0.072274030,65.818651,0.117227,PO,0.719666,0.011679,0.005012,JB3:0.700450;JB1:0.688771;JB5:0.679263;JB2:0.622239;JB4:0.619046,gPO_sBM_cAll_d10_mPO0_ch01:0.580848;gPO_sBM_cAll_d11_mPO0_ch01:0.575835;gPO_sBM_cAll_d11_mPO0_ch02:0.574067;gPO_sBM_cAll_d10_mPO0_ch02:0.573115;gPO_sFM_cAll_d12_mPO1_ch16:0.549873;gPO_sBM_cAll_d11_mPO1_ch09:0.549625;gPO_sBM_cAll_d11_mPO1_ch02:0.548224;gPO_sBM_cAll_d11_mPO1_ch07:0.546524;gPO_sBM_cAll_d10_mPO2_ch02:0.546390;gPO_sBM_cAll_d12_mPO3_ch02:0.546120,Electronic---Electro:0.274608;Electronic---Electroclash:0.213463;Electronic---Synthwave:0.175361;Electronic---Experimental:0.150598;Electronic---Synth-pop:0.146667,WA:v0:k1:r1,,JB3,0.700450,gPO_sBM_cAll_d10_mPO0_ch01,0.580848,96.153846
3.800000,3.844486000,,hermite,loading,,,,,0,1.0,0,gWA_sBM_cAll_d26_mWA0_ch05,,,3.032000,gPO_sBM_cAll_d10_mPO0_ch01;gPO_sBM_cAll_d11_mPO0_ch01;gPO_sBM_cAll_d11_mPO0_ch02;gPO_sBM_cAll_d10_mPO0_ch02;gPO_sBM_cAll_d12_mPO3_ch02,,,,,,0.281529934,,0.000000,,,,,,,,,,0.000000,beat-sync,0.550000,1.143293,,-0.061678320,0.183327664,right_wrist_yaw,0.941093203,left_wrist_yaw,0.183327664,right_wrist_yaw,1.110135802,left_wrist_yaw,0.128816,-0.046488,0.955501,-0.809180,0.000000000,0.000000000,0.000000000,0.000000000,0.000000000,0.000000000,3.096000,0.000000000,0.000000000,,4.174330,3.525848,39.478743,,0.001253918,0,1,0,1,gPO_sBM_cAll_d10_mPO0_ch01,,73.195200,869.391500,118.480000,1083.306300,accepted,0.794786,,0.872824,0.072274030,65.818651,0.117227,PO,0.719666,0.011679,0.005012,JB3:0.700450;JB1:0.688771;JB5:0.679263;JB2:0.622239;JB4:0.619046,gPO_sBM_cAll_d10_mPO0_ch01:0.580848;gPO_sBM_cAll_d11_mPO0_ch01:0.575835;gPO_sBM_cAll_d11_mPO0_ch02:0.574067;gPO_sBM_cAll_d10_mPO0_ch02:0.573115;gPO_sFM_cAll_d12_mPO1_ch16:0.549873;gPO_sBM_cAll_d11_mPO1_ch09:0.549625;gPO_sBM_cAll_d11_mPO1_ch02:0.548224;gPO_sBM_cAll_d11_mPO1_ch07:0.546524;gPO_sBM_cAll_d10_mPO2_ch02:0.546390;gPO_sBM_cAll_d12_mPO3_ch02:0.546120,Electronic---Electro:0.274608;Electronic---Electroclash:0.213463;Electronic---Synthwave:0.175361;Electronic---Experimental:0.150598;Electronic---Synth-pop:0.146667,WA:v0:k1:r1,,JB3,0.700450,gPO_sBM_cAll_d10_mPO0_ch01,0.580848,96.153846
3.832000,3.851860100,,hermite,loading,,,,,0,1.0,0,gWA_sBM_cAll_d26_mWA0_ch05,,,3.032000,gPO_sBM_cAll_d10_mPO0_ch01;gPO_sBM_cAll_d11_mPO0_ch01;gPO_sBM_cAll_d11_mPO0_ch02;gPO_sBM_cAll_d10_mPO0_ch02;gPO_sBM_cAll_d12_mPO3_ch02,,,,,,0.281898079,,0.000000,,,,,,,,,,0.000000,beat-sync,0.550000,1.143293,,-0.061284085,0.182548859,right_wrist_yaw,1.016636219,left_wrist_yaw,0.182548859,right_wrist_yaw,1.264831593,left_wrist_yaw,0.128349,-0.046790,0.955643,-0.813695,0.000000000,0.000000000,0.000000000,0.000000000,0.000000000,0.000000000,3.096000,0.000000000,0.000000000,,4.420354,3.715441,23.791536,,0.001251643,0,1,0,1,gPO_sBM_cAll_d10_mPO0_ch01,,73.195200,869.391500,118.480000,1083.306300,accepted,0.794786,,0.872824,0.072274030,65.818651,0.117227,PO,0.719666,0.011679,0.005012,JB3:0.700450;JB1:0.688771;JB5:0.679263;JB2:0.622239;JB4:0.619046,gPO_sBM_cAll_d10_mPO0_ch01:0.580848;gPO_sBM_cAll_d11_mPO0_ch01:0.575835;gPO_sBM_cAll_d11_mPO0_ch02:0.574067;gPO_sBM_cAll_d10_mPO0_ch02:0.573115;gPO_sFM_cAll_d12_mPO1_ch16:0.549873;gPO_sBM_cAll_d11_mPO1_ch09:0.549625;gPO_sBM_cAll_d11_mPO1_ch02:0.548224;gPO_sBM_cAll_d11_mPO1_ch07:0.546524;gPO_sBM_cAll_d10_mPO2_ch02:0.546390;gPO_sBM_cAll_d12_mPO3_ch02:0.546120,Electronic---Electro:0.274608;Electronic---Electroclash:0.213463;Electronic---Synthwave:0.175361;Electronic---Experimental:0.150598;Electronic---Synth-pop:0.146667,WA:v0:k1:r1,,JB3,0.700450,gPO_sBM_cAll_d10_mPO0_ch01,0.580848,96.153846
3.864000,3.885242400,,hermite,loading,,,,,0,1.0,0,gWA_sBM_cAll_d26_mWA0_ch05,,,3.032000,gPO_sBM_cAll_d10_mPO0_ch01;gPO_sBM_cAll_d11_mPO0_ch01;gPO_sBM_cAll_d11_mPO0_ch02;gPO_sBM_cAll_d10_mPO0_ch02;gPO_sBM_cAll_d12_mPO3_ch02,,,,,,0.283437325,,0.000000,,,,,,,,,,0.000000,beat-sync,0.550000,1.143293,,-0.059634879,0.175491471,right_wrist_yaw,1.852506838,left_wrist_yaw,0.175491471,right_wrist_yaw,2.275147301,left_wrist_yaw,0.126683,-0.048573,0.955990,-0.833625,0.000000000,0.000000000,0.000000000,0.000000000,0.000000000,0.000000000,3.096000,0.000000000,0.000000000,,4.591809,3.896304,33.921651,,0.001242622,0,1,0,1,gPO_sBM_cAll_d10_mPO0_ch01,,73.195200,869.391500,118.480000,1083.306300,accepted,0.794786,,0.872824,0.072274030,65.818651,0.117227,PO,0.719666,0.011679,0.005012,JB3:0.700450;JB1:0.688771;JB5:0.679263;JB2:0.622239;JB4:0.619046,gPO_sBM_cAll_d10_mPO0_ch01:0.580848;gPO_sBM_cAll_d11_mPO0_ch01:0.575835;gPO_sBM_cAll_d11_mPO0_ch02:0.574067;gPO_sBM_cAll_d10_mPO0_ch02:0.573115;gPO_sFM_cAll_d12_mPO1_ch16:0.549873;gPO_sBM_cAll_d11_mPO1_ch09:0.549625;gPO_sBM_cAll_d11_mPO1_ch02:0.548224;gPO_sBM_cAll_d11_mPO1_ch07:0.546524;gPO_sBM_cAll_d10_mPO2_ch02:0.546390;gPO_sBM_cAll_d12_mPO3_ch02:0.546120,Electronic---Electro:0.274608;Electronic---Electroclash:0.213463;Electronic---Synthwave:0.175361;Electronic---Experimental:0.150598;Electronic---Synth-pop:0.146667,WA:v0:k1:r1,,JB3,0.700450,gPO_sBM_cAll_d10_mPO0_ch01,0.580848,96.153846
3.928000,3.944204100,,hermite,loading,,,,,0,1.0,0,gWA_sBM_cAll_d26_mWA0_ch05,,,3.032000,gPO_sBM_cAll_d10_mPO0_ch01;gPO_sBM_cAll_d11_mPO0_ch01;gPO_sBM_cAll_d11_mPO0_ch02;gPO_sBM_cAll_d10_mPO0_ch02;gPO_sBM_cAll_d12_mPO3_ch02,,,,,,0.286119527,,0.000000,,,,,,,,,,0.000000,beat-sync,0.550000,1.143293,,-0.056758167,0.272442454,left_wrist_yaw,1.764842847,left_wrist_yaw,0.272442454,left_wrist_yaw,2.078496244,left_wrist_yaw,0.123332,-0.052056,0.955988,-0.875315,0.000000000,0.000000000,0.000000000,0.000000000,0.000000000,0.000000000,3.096000,0.000000000,0.000000000,,4.581296,3.755063,27.755690,,0.001227144,0,1,0,1,gPO_sBM_cAll_d10_mPO0_ch01,,73.195200,869.391500,118.480000,1083.306300,accepted,0.794786,,0.872824,0.072274030,65.818651,0.117227,PO,0.719666,0.011679,0.005012,JB3:0.700450;JB1:0.688771;JB5:0.679263;JB2:0.622239;JB4:0.619046,gPO_sBM_cAll_d10_mPO0_ch01:0.580848;gPO_sBM_cAll_d11_mPO0_ch01:0.575835;gPO_sBM_cAll_d11_mPO0_ch02:0.574067;gPO_sBM_cAll_d10_mPO0_ch02:0.573115;gPO_sFM_cAll_d12_mPO1_ch16:0.549873;gPO_sBM_cAll_d11_mPO1_ch09:0.549625;gPO_sBM_cAll_d11_mPO1_ch02:0.548224;gPO_sBM_cAll_d11_mPO1_ch07:0.546524;gPO_sBM_cAll_d10_mPO2_ch02:0.546390;gPO_sBM_cAll_d12_mPO3_ch02:0.546120,Electronic---Electro:0.274608;Electronic---Electroclash:0.213463;Electronic---Synthwave:0.175361;Electronic---Experimental:0.150598;Electronic---Synth-pop:0.146667,WA:v0:k1:r1,,JB3,0.700450,gPO_sBM_cAll_d10_mPO0_ch01,0.580848,96.153846
3.960000,3.977146000,,hermite,loading,,,,,0,1.0,0,gWA_sBM_cAll_d26_mWA0_ch05,,,3.032000,gPO_sBM_cAll_d10_mPO0_ch01;gPO_sBM_cAll_d11_mPO0_ch01;gPO_sBM_cAll_d11_mPO0_ch02;gPO_sBM_cAll_d10_mPO0_ch02;gPO_sBM_cAll_d12_mPO3_ch02,,,,,,0.287633240,,0.000000,,,,,,,,,,0.000000,beat-sync,0.550000,1.143293,,-0.055133337,0.322677690,left_wrist_yaw,1.314507732,left_wrist_yaw,0.322677690,left_wrist_yaw,1.799403894,left_wrist_yaw,0.121481,-0.053295,0.955680,-0.899695,0.000000000,0.000000000,0.000000000,0.000000000,0.000000000,0.000000000,3.096000,0.000000000,0.000000000,,3.960707,3.264809,32.415386,,0.001218472,0,1,0,1,gPO_sBM_cAll_d10_mPO0_ch01,,73.195200,869.391500,118.480000,1083.306300,accepted,0.794786,,0.872824,0.072274030,65.818651,0.117227,PO,0.719666,0.011679,0.005012,JB3:0.700450;JB1:0.688771;JB5:0.679263;JB2:0.622239;JB4:0.619046,gPO_sBM_cAll_d10_mPO0_ch01:0.580848;gPO_sBM_cAll_d11_mPO0_ch01:0.575835;gPO_sBM_cAll_d11_mPO0_ch02:0.574067;gPO_sBM_cAll_d10_mPO0_ch02:0.573115;gPO_sFM_cAll_d12_mPO1_ch16:0.549873;gPO_sBM_cAll_d11_mPO1_ch09:0.549625;gPO_sBM_cAll_d11_mPO1_ch02:0.548224;gPO_sBM_cAll_d11_mPO1_ch07:0.546524;gPO_sBM_cAll_d10_mPO2_ch02:0.546390;gPO_sBM_cAll_d12_mPO3_ch02:0.546120,Electronic---Electro:0.274608;Electronic---Electroclash:0.213463;Electronic---Synthwave:0.175361;Electronic---Experimental:0.150598;Electronic---Synth-pop:0.146667,WA:v0:k1:r1,,JB3,0.700450,gPO_sBM_cAll_d10_mPO0_ch01,0.580848,96.153846
4.024000,4.036653500,,hermite,loading,,,,,0,1.0,0,gWA_sBM_cAll_d26_mWA0_ch05,,,3.032000,gPO_sBM_cAll_d10_mPO0_ch01;gPO_sBM_cAll_d11_mPO0_ch01;gPO_sBM_cAll_d11_mPO0_ch02;gPO_sBM_cAll_d10_mPO0_ch02;gPO_sBM_cAll_d12_mPO3_ch02,,,,,,0.290339722,,0.000000,,,,,,,,,,0.000000,beat-sync,0.550000,1.143293,,-0.052226251,0.392192400,left_wrist_yaw,0.981428318,left_wrist_yaw,0.392192400,left_wrist_yaw,1.012186646,left_wrist_yaw,0.118951,-0.054402,0.957350,-0.955983,0.000000000,0.000000000,0.000000000,0.000000000,0.000000000,0.000000000,3.096000,0.000000000,0.000000000,,1.862436,1.596455,59.680163,,0.001203587,0,1,0,1,gPO_sBM_cAll_d10_mPO0_ch01,,73.195200,869.391500,118.480000,1083.306300,accepted,0.794786,,0.872824,0.072274030,65.818651,0.117227,PO,0.719666,0.011679,0.005012,JB3:0.700450;JB1:0.688771;JB5:0.679263;JB2:0.622239;JB4:0.619046,gPO_sBM_cAll_d10_mPO0_ch01:0.580848;gPO_sBM_cAll_d11_mPO0_ch01:0.575835;gPO_sBM_cAll_d11_mPO0_ch02:0.574067;gPO_sBM_cAll_d10_mPO0_ch02:0.573115;gPO_sFM_cAll_d12_mPO1_ch16:0.549873;gPO_sBM_cAll_d11_mPO1_ch09:0.549625;gPO_sBM_cAll_d11_mPO1_ch02:0.548224;gPO_sBM_cAll_d11_mPO1_ch07:0.546524;gPO_sBM_cAll_d10_mPO2_ch02:0.546390;gPO_sBM_cAll_d12_mPO3_ch02:0.546120,Electronic---Electro:0.274608;Electronic---Electroclash:0.213463;Electronic---Synthwave:0.175361;Electronic---Experimental:0.150598;Electronic---Synth-pop:0.146667,WA:v0:k1:r1,,JB3,0.700450,gPO_sBM_cAll_d10_mPO0_ch01,0.580848,96.153846
4.056000,4.069711900,,hermite,loading,,,,,0,1.0,0,gWA_sBM_cAll_d26_mWA0_ch05,,,3.032000,gPO_sBM_cAll_d10_mPO0_ch01;gPO_sBM_cAll_d11_mPO0_ch01;gPO_sBM_cAll_d11_mPO0_ch02;gPO_sBM_cAll_d10_mPO0_ch02;gPO_sBM_cAll_d12_mPO3_ch02,,,,,,0.291843109,,0.000000,,,,,,,,,,0.000000,beat-sync,0.550000,1.143293,,-0.050610552,0.412747723,left_wrist_yaw,0.481765557,left_wrist_yaw,0.412747723,left_wrist_yaw,0.545121792,left_wrist_yaw,0.118814,-0.054907,0.958649,-0.990739,0.000000000,0.000000000,0.000000000,0.000000000,0.000000000,0.000000000,3.096000,0.000000000,0.000000000,,2.176516,1.816468,28.371353,,0.001195243,0,1,0,1,gPO_sBM_cAll_d10_mPO0_ch01,,73.195200,869.391500,118.480000,1083.306300,accepted,0.794786,,0.872824,0.072274030,65.818651,0.117227,PO,0.719666,0.011679,0.005012,JB3:0.700450;JB1:0.688771;JB5:0.679263;JB2:0.622239;JB4:0.619046,gPO_sBM_cAll_d10_mPO0_ch01:0.580848;gPO_sBM_cAll_d11_mPO0_ch01:0.575835;gPO_sBM_cAll_d11_mPO0_ch02:0.574067;gPO_sBM_cAll_d10_mPO0_ch02:0.573115;gPO_sFM_cAll_d12_mPO1_ch16:0.549873;gPO_sBM_cAll_d11_mPO1_ch09:0.549625;gPO_sBM_cAll_d11_mPO1_ch02:0.548224;gPO_sBM_cAll_d11_mPO1_ch07:0.546524;gPO_sBM_cAll_d10_mPO2_ch02:0.546390;gPO_sBM_cAll_d12_mPO3_ch02:0.546120,Electronic---Electro:0.274608;Electronic---Electroclash:0.213463;Electronic---Synthwave:0.175361;Electronic---Experimental:0.150598;Electronic---Synth-pop:0.146667,WA:v0:k1:r1,,JB3,0.700450,gPO_sBM_cAll_d10_mPO0_ch01,0.580848,96.153846
4.120000,4.135456100,,hermite,loading,,,,,0,1.0,0,gWA_sBM_cAll_d26_mWA0_ch05,,,3.032000,gPO_sBM_cAll_d10_mPO0_ch01;gPO_sBM_cAll_d11_mPO0_ch01;gPO_sBM_cAll_d11_mPO0_ch02;gPO_sBM_cAll_d10_mPO0_ch02;gPO_sBM_cAll_d12_mPO3_ch02,,,,,,0.294903742,,0.000000,,,,,,,,,,0.000000,beat-sync,0.550000,1.143293,,-0.047319733,0.430103592,left_wrist_yaw,0.461240885,right_wrist_yaw,0.430103592,left_wrist_yaw,0.721450916,right_wrist_yaw,0.120166,-0.055514,0.960605,-1.073027,0.000000000,0.000000000,0.000000000,0.000000000,0.000000000,0.000000000,3.096000,0.000000000,0.000000000,,2.197546,1.730294,75.820472,,0.001178898,0,1,0,1,gPO_sBM_cAll_d10_mPO0_ch01,,73.195200,869.391500,118.480000,1083.306300,accepted,0.794786,,0.872824,0.072274030,65.818651,0.117227,PO,0.719666,0.011679,0.005012,JB3:0.700450;JB1:0.688771;JB5:0.679263;JB2:0.622239;JB4:0.619046,gPO_sBM_cAll_d10_mPO0_ch01:0.580848;gPO_sBM_cAll_d11_mPO0_ch01:0.575835;gPO_sBM_cAll_d11_mPO0_ch02:0.574067;gPO_sBM_cAll_d10_mPO0_ch02:0.573115;gPO_sFM_cAll_d12_mPO1_ch16:0.549873;gPO_sBM_cAll_d11_mPO1_ch09:0.549625;gPO_sBM_cAll_d11_mPO1_ch02:0.548224;gPO_sBM_cAll_d11_mPO1_ch07:0.546524;gPO_sBM_cAll_d10_mPO2_ch02:0.546390;gPO_sBM_cAll_d12_mPO3_ch02:0.546120,Electronic---Electro:0.274608;Electronic---Electroclash:0.213463;Electronic---Synthwave:0.175361;Electronic---Experimental:0.150598;Electronic---Synth-pop:0.146667,WA:v0:k1:r1,,JB3,0.700450,gPO_sBM_cAll_d10_mPO0_ch01,0.580848,96.153846
4.120000,4.161842000,match,hermite,loading,,,,,0,1.0,0,gWA_sBM_cAll_d26_mWA0_ch05,,,4.056000,gPO_sBM_cAll_d10_mPO0_ch01;gPO_sBM_cAll_d11_mPO0_ch01;gPO_sBM_cAll_d11_mPO0_ch02;gPO_sBM_cAll_d10_mPO0_ch02;gPO_sBM_cAll_d12_mPO3_ch02,,,,,,0.296064479,,0.000000,,,,,,,,,,0.000000,beat-sync,0.550000,1.143293,,-0.046071252,0.421706958,left_wrist_yaw,0.561584882,right_wrist_yaw,0.421706958,left_wrist_yaw,0.619563648,right_wrist_yaw,0.121136,-0.057034,0.960614,-1.103112,0.000000000,0.000000000,0.000000000,0.000000000,0.000000000,0.000000000,3.096000,0.000000000,0.000000000,,2.009106,1.672152,47.207201,,0.001172883,0,1,0,1,gPO_sBM_cAll_d10_mPO0_ch01,,73.195200,869.391500,118.480000,1083.306300,accepted,0.719384,,0.894825,0.078670253,60.323617,0.123633,PO,0.711953,0.021309,0.004966,JB3:0.708714;JB1:0.687405;JB5:0.685346;JB2:0.626589;JB4:0.620615,gPO_sBM_cAll_d10_mPO0_ch01:0.574638;gPO_sBM_cAll_d11_mPO0_ch01:0.569672;gPO_sBM_cAll_d11_mPO0_ch02:0.567856;gPO_sBM_cAll_d10_mPO0_ch02:0.566896;gPO_sBM_cAll_d11_mPO1_ch09:0.551823;gPO_sFM_cAll_d12_mPO1_ch16:0.551781;gPO_sBM_cAll_d11_mPO1_ch02:0.550185;gPO_sBM_cAll_d11_mPO1_ch07:0.548456;gPO_sFM_cAll_d11_mPO1_ch09:0.548017;gPO_sBM_cAll_d10_mPO1_ch08:0.547649,Electronic---Electro:0.256235;Electronic---Electroclash:0.200350;Electronic---Synthwave:0.170802;Electronic---Experimental:0.167557;Electronic---Synth-pop:0.135345,WA:v0:k1:r1,,JB3,0.708714,gPO_sBM_cAll_d10_mPO0_ch01,0.574638,96.153846
4.152000,4.170019900,,hermite,loading,,,,,0,1.0,0,gWA_sBM_cAll_d26_mWA0_ch05,,,4.056000,gPO_sBM_cAll_d10_mPO0_ch01;gPO_sBM_cAll_d11_mPO0_ch01;gPO_sBM_cAll_d11_mPO0_ch02;gPO_sBM_cAll_d10_mPO0_ch02;gPO_sBM_cAll_d12_mPO3_ch02,,,,,,0.296490147,,0.000000,,,,,,,,,,0.000000,beat-sync,0.550000,1.143293,,-0.045613353,0.416848162,left_wrist_yaw,0.630277720,right_wrist_yaw,0.416848162,left_wrist_yaw,0.703356456,right_wrist_yaw,0.121481,-0.057584,0.960253,-1.115512,0.000000000,0.000000000,0.000000000,0.000000000,0.000000000,0.000000000,3.096000,0.000000000,0.000000000,,2.295310,1.962359,42.837856,,0.001170892,0,1,0,1,gPO_sBM_cAll_d10_mPO0_ch01,,73.195200,869.391500,118.480000,1083.306300,accepted,0.719384,,0.894825,0.078670253,60.323617,0.123633,PO,0.711953,0.021309,0.004966,JB3:0.708714;JB1:0.687405;JB5:0.685346;JB2:0.626589;JB4:0.620615,gPO_sBM_cAll_d10_mPO0_ch01:0.574638;gPO_sBM_cAll_d11_mPO0_ch01:0.569672;gPO_sBM_cAll_d11_mPO0_ch02:0.567856;gPO_sBM_cAll_d10_mPO0_ch02:0.566896;gPO_sBM_cAll_d11_mPO1_ch09:0.551823;gPO_sFM_cAll_d12_mPO1_ch16:0.551781;gPO_sBM_cAll_d11_mPO1_ch02:0.550185;gPO_sBM_cAll_d11_mPO1_ch07:0.548456;gPO_sFM_cAll_d11_mPO1_ch09:0.548017;gPO_sBM_cAll_d10_mPO1_ch08:0.547649,Electronic---Electro:0.256235;Electronic---Electroclash:0.200350;Electronic---Synthwave:0.170802;Electronic---Experimental:0.167557;Electronic---Synth-pop:0.135345,WA:v0:k1:r1,,JB3,0.708714,gPO_sBM_cAll_d10_mPO0_ch01,0.574638,96.153846
4.216000,4.227228900,,hermite,loading,,,,,0,1.0,0,gWA_sBM_cAll_d26_mWA0_ch05,,,4.056000,gPO_sBM_cAll_d10_mPO0_ch01;gPO_sBM_cAll_d11_mPO0_ch01;gPO_sBM_cAll_d11_mPO0_ch02;gPO_sBM_cAll_d10_mPO0_ch02;gPO_sBM_cAll_d12_mPO3_ch02,,,,,,0.299127921,,0.000000,,,,,,,,,,0.000000,beat-sync,0.550000,1.294192,,-0.020312683,0.364853613,left_wrist_yaw,1.175567336,left_wrist_yaw,0.364853613,left_wrist_yaw,1.380512734,left_wrist_yaw,0.122970,-0.062095,0.955173,-1.190430,0.000000000,0.000000000,0.000000000,0.000000000,0.000000000,0.000000000,4.184000,0.000000000,0.000000000,,2.515562,2.120894,29.456925,,0.001157140,0,1,0,2,gPO_sBM_cAll_d10_mPO0_ch01;gPO_sBM_cAll_d11_mPO0_ch01,,67.745800,845.204300,90.055100,2099.890600,accepted,0.719384,,0.894825,0.078670253,60.323617,0.123633,PO,0.711953,0.021309,0.004966,JB3:0.708714;JB1:0.687405;JB5:0.685346;JB2:0.626589;JB4:0.620615,gPO_sBM_cAll_d10_mPO0_ch01:0.574638;gPO_sBM_cAll_d11_mPO0_ch01:0.569672;gPO_sBM_cAll_d11_mPO0_ch02:0.567856;gPO_sBM_cAll_d10_mPO0_ch02:0.566896;gPO_sBM_cAll_d11_mPO1_ch09:0.551823;gPO_sFM_cAll_d12_mPO1_ch16:0.551781;gPO_sBM_cAll_d11_mPO1_ch02:0.550185;gPO_sBM_cAll_d11_mPO1_ch07:0.548456;gPO_sFM_cAll_d11_mPO1_ch09:0.548017;gPO_sBM_cAll_d10_mPO1_ch08:0.547649,Electronic---Electro:0.256235;Electronic---Electroclash:0.200350;Electronic---Synthwave:0.170802;Electronic---Experimental:0.167557;Electronic---Synth-pop:0.135345,WA:v0:k1:r1,,JB3,0.708714,gPO_sBM_cAll_d10_mPO0_ch01,0.574638,96.153846
4.248000,4.260556400,beat_limiter_result,hermite,loading,,,,,0,1.0,0,gWA_sBM_cAll_d26_mWA0_ch05,,,4.056000,gPO_sBM_cAll_d10_mPO0_ch01;gPO_sBM_cAll_d11_mPO0_ch01;gPO_sBM_cAll_d11_mPO0_ch02;gPO_sBM_cAll_d10_mPO0_ch02;gPO_sBM_cAll_d12_mPO3_ch02,,,,,,0.300648068,,0.000000,,,,,,,,,,0.000000,beat-sync,0.550000,1.294192,,-0.018574256,0.322361723,left_wrist_yaw,1.236777232,left_wrist_yaw,0.322361723,left_wrist_yaw,1.910694450,left_wrist_yaw,0.122749,-0.064602,0.950514,-1.223185,0.000000000,0.000000000,0.000000000,0.000000000,0.000000000,0.000000000,4.184000,0.000000000,0.000000000,,3.142129,2.464371,66.886696,,0.001149425,0,1,0,2,gPO_sBM_cAll_d10_mPO0_ch01;gPO_sBM_cAll_d11_mPO0_ch01,,67.745800,845.204300,90.055100,2099.890600,accepted,0.719384,,0.894825,0.078670253,60.323617,0.123633,PO,0.711953,0.021309,0.004966,JB3:0.708714;JB1:0.687405;JB5:0.685346;JB2:0.626589;JB4:0.620615,gPO_sBM_cAll_d10_mPO0_ch01:0.574638;gPO_sBM_cAll_d11_mPO0_ch01:0.569672;gPO_sBM_cAll_d11_mPO0_ch02:0.567856;gPO_sBM_cAll_d10_mPO0_ch02:0.566896;gPO_sBM_cAll_d11_mPO1_ch09:0.551823;gPO_sFM_cAll_d12_mPO1_ch16:0.551781;gPO_sBM_cAll_d11_mPO1_ch02:0.550185;gPO_sBM_cAll_d11_mPO1_ch07:0.548456;gPO_sFM_cAll_d11_mPO1_ch09:0.548017;gPO_sBM_cAll_d10_mPO1_ch08:0.547649,Electronic---Electro:0.256235;Electronic---Electroclash:0.200350;Electronic---Synthwave:0.170802;Electronic---Experimental:0.167557;Electronic---Synth-pop:0.135345,WA:v0:k1:r1,,JB3,0.708714,gPO_sBM_cAll_d10_mPO0_ch01,0.574638,96.153846
4.280000,4.286143300,,hermite,loading,,,,,0,1.0,0,gWA_sBM_cAll_d26_mWA0_ch05,,,4.056000,gPO_sBM_cAll_d10_mPO0_ch01;gPO_sBM_cAll_d11_mPO0_ch01;gPO_sBM_cAll_d11_mPO0_ch02;gPO_sBM_cAll_d10_mPO0_ch02;gPO_sBM_cAll_d12_mPO3_ch02,,,,,,0.301812431,,0.000000,,,,,,,,,,0.000000,beat-sync,0.550000,1.294192,,-0.017212450,0.286228586,left_wrist_yaw,1.524881090,left_wrist_yaw,0.286228586,left_wrist_yaw,1.661546623,left_wrist_yaw,0.121872,-0.066435,0.946340,-1.244342,0.000000000,0.000000000,0.000000000,0.000000000,0.000000000,0.000000000,4.184000,0.000000000,0.000000000,,2.772336,2.328031,24.047500,,0.001143707,0,1,0,2,gPO_sBM_cAll_d10_mPO0_ch01;gPO_sBM_cAll_d11_mPO0_ch01,,67.745800,845.204300,90.055100,2099.890600,accepted,0.719384,,0.894825,0.078670253,60.323617,0.123633,PO,0.711953,0.021309,0.004966,JB3:0.708714;JB1:0.687405;JB5:0.685346;JB2:0.626589;JB4:0.620615,gPO_sBM_cAll_d10_mPO0_ch01:0.574638;gPO_sBM_cAll_d11_mPO0_ch01:0.569672;gPO_sBM_cAll_d11_mPO0_ch02:0.567856;gPO_sBM_cAll_d10_mPO0_ch02:0.566896;gPO_sBM_cAll_d11_mPO1_ch09:0.551823;gPO_sFM_cAll_d12_mPO1_ch16:0.551781;gPO_sBM_cAll_d11_mPO1_ch02:0.550185;gPO_sBM_cAll_d11_mPO1_ch07:0.548456;gPO_sFM_cAll_d11_mPO1_ch09:0.548017;gPO_sBM_cAll_d10_mPO1_ch08:0.547649,Electronic---Electro:0.256235;Electronic---Electroclash:0.200350;Electronic---Synthwave:0.170802;Electronic---Experimental:0.167557;Electronic---Synth-pop:0.135345,WA:v0:k1:r1,,JB3,0.708714,gPO_sBM_cAll_d10_mPO0_ch01,0.574638,96.153846
4.312000,4.336827900,,hermite,loading,,,,,0,1.0,0,gWA_sBM_cAll_d26_mWA0_ch05,,,4.056000,gPO_sBM_cAll_d10_mPO0_ch01;gPO_sBM_cAll_d11_mPO0_ch01;gPO_sBM_cAll_d11_mPO0_ch02;gPO_sBM_cAll_d10_mPO0_ch02;gPO_sBM_cAll_d12_mPO3_ch02,,,,,,0.304105248,,0.000000,,,,,,,,,,0.000000,beat-sync,0.550000,1.294192,,-0.014465996,0.214315995,right_wrist_yaw,1.812388700,left_wrist_yaw,0.214315995,right_wrist_yaw,2.010093451,left_wrist_yaw,0.119911,-0.068533,0.938788,-1.274607,0.000000000,0.000000000,0.000000000,0.000000000,0.000000000,0.000000000,4.184000,0.000000000,0.000000000,,3.288229,2.818058,30.368225,,0.001132439,0,1,0,2,gPO_sBM_cAll_d10_mPO0_ch01;gPO_sBM_cAll_d11_mPO0_ch01,,67.745800,845.204300,90.055100,2099.890600,accepted,0.719384,,0.894825,0.078670253,60.323617,0.123633,PO,0.711953,0.021309,0.004966,JB3:0.708714;JB1:0.687405;JB5:0.685346;JB2:0.626589;JB4:0.620615,gPO_sBM_cAll_d10_mPO0_ch01:0.574638;gPO_sBM_cAll_d11_mPO0_ch01:0.569672;gPO_sBM_cAll_d11_mPO0_ch02:0.567856;gPO_sBM_cAll_d10_mPO0_ch02:0.566896;gPO_sBM_cAll_d11_mPO1_ch09:0.551823;gPO_sFM_cAll_d12_mPO1_ch16:0.551781;gPO_sBM_cAll_d11_mPO1_ch02:0.550185;gPO_sBM_cAll_d11_mPO1_ch07:0.548456;gPO_sFM_cAll_d11_mPO1_ch09:0.548017;gPO_sBM_cAll_d10_mPO1_ch08:0.547649,Electronic---Electro:0.256235;Electronic---Electroclash:0.200350;Electronic---Synthwave:0.170802;Electronic---Experimental:0.167557;Electronic---Synth-pop:0.135345,WA:v0:k1:r1,,JB3,0.708714,gPO_sBM_cAll_d10_mPO0_ch01,0.574638,96.153846
4.376000,4.394406500,,hermite,loading,,,,,0,1.0,0,gWA_sBM_cAll_d26_mWA0_ch05,,,4.056000,gPO_sBM_cAll_d10_mPO0_ch01;gPO_sBM_cAll_d11_mPO0_ch01;gPO_sBM_cAll_d11_mPO0_ch02;gPO_sBM_cAll_d10_mPO0_ch02;gPO_sBM_cAll_d12_mPO3_ch02,,,,,,0.307000313,,0.000000,,,,,,,,,,0.000000,beat-sync,0.644789,1.294192,,-0.011396550,0.271374950,right_wrist_yaw,1.366867704,left_wrist_yaw,0.271374950,right_wrist_yaw,1.612937440,left_wrist_yaw,0.119451,-0.071304,0.931641,-1.277917,0.000000000,0.000000000,0.000000000,0.000000000,0.000000000,0.000000000,4.184000,0.000000000,0.000000000,,2.733536,2.299903,31.393552,,0.001119570,0,1,0,2,gPO_sBM_cAll_d10_mPO0_ch01;gPO_sBM_cAll_d11_mPO0_ch01,,67.745800,845.204300,90.055100,2099.890600,accepted,0.719384,,0.894825,0.078670253,60.323617,0.123633,PO,0.711953,0.021309,0.004966,JB3:0.708714;JB1:0.687405;JB5:0.685346;JB2:0.626589;JB4:0.620615,gPO_sBM_cAll_d10_mPO0_ch01:0.574638;gPO_sBM_cAll_d11_mPO0_ch01:0.569672;gPO_sBM_cAll_d11_mPO0_ch02:0.567856;gPO_sBM_cAll_d10_mPO0_ch02:0.566896;gPO_sBM_cAll_d11_mPO1_ch09:0.551823;gPO_sFM_cAll_d12_mPO1_ch16:0.551781;gPO_sBM_cAll_d11_mPO1_ch02:0.550185;gPO_sBM_cAll_d11_mPO1_ch07:0.548456;gPO_sFM_cAll_d11_mPO1_ch09:0.548017;gPO_sBM_cAll_d10_mPO1_ch08:0.547649,Electronic---Electro:0.256235;Electronic---Electroclash:0.200350;Electronic---Synthwave:0.170802;Electronic---Experimental:0.167557;Electronic---Synth-pop:0.135345,WA:v0:k1:r1,,JB3,0.708714,gPO_sBM_cAll_d10_mPO0_ch01,0.574638,96.153846
4.408000,4.427025000,,hermite,loading,,,,,0,1.0,0,gWA_sBM_cAll_d26_mWA0_ch05,,,4.056000,gPO_sBM_cAll_d10_mPO0_ch01;gPO_sBM_cAll_d11_mPO0_ch01;gPO_sBM_cAll_d11_mPO0_ch02;gPO_sBM_cAll_d10_mPO0_ch02;gPO_sBM_cAll_d12_mPO3_ch02,,,,,,0.308896989,,0.000000,,,,,,,,,,0.000000,beat-sync,0.711034,1.294192,,-0.009866306,0.307824552,right_wrist_yaw,0.975894042,right_wrist_yaw,0.307824552,right_wrist_yaw,1.154292211,right_wrist_yaw,0.121297,-0.072581,0.927833,-1.279160,0.000000000,0.000000000,0.000000000,0.000000000,0.000000000,0.000000000,4.184000,0.000000000,0.000000000,,2.287918,1.938860,44.297180,,0.001112347,0,1,0,2,gPO_sBM_cAll_d10_mPO0_ch01;gPO_sBM_cAll_d11_mPO0_ch01,,67.745800,845.204300,90.055100,2099.890600,accepted,0.719384,,0.894825,0.078670253,60.323617,0.123633,PO,0.711953,0.021309,0.004966,JB3:0.708714;JB1:0.687405;JB5:0.685346;JB2:0.626589;JB4:0.620615,gPO_sBM_cAll_d10_mPO0_ch01:0.574638;gPO_sBM_cAll_d11_mPO0_ch01:0.569672;gPO_sBM_cAll_d11_mPO0_ch02:0.567856;gPO_sBM_cAll_d10_mPO0_ch02:0.566896;gPO_sBM_cAll_d11_mPO1_ch09:0.551823;gPO_sFM_cAll_d12_mPO1_ch16:0.551781;gPO_sBM_cAll_d11_mPO1_ch02:0.550185;gPO_sBM_cAll_d11_mPO1_ch07:0.548456;gPO_sFM_cAll_d11_mPO1_ch09:0.548017;gPO_sBM_cAll_d10_mPO1_ch08:0.547649,Electronic---Electro:0.256235;Electronic---Electroclash:0.200350;Electronic---Synthwave:0.170802;Electronic---Experimental:0.167557;Electronic---Synth-pop:0.135345,WA:v0:k1:r1,,JB3,0.708714,gPO_sBM_cAll_d10_mPO0_ch01,0.574638,96.153846
4.472000,4.487508800,,hermite,loading,,,,,0,1.0,0,gWA_sBM_cAll_d26_mWA0_ch05,,,4.056000,gPO_sBM_cAll_d10_mPO0_ch01;gPO_sBM_cAll_d11_mPO0_ch01;gPO_sBM_cAll_d11_mPO0_ch02;gPO_sBM_cAll_d10_mPO0_ch02;gPO_sBM_cAll_d12_mPO3_ch02,,,,,,0.312831059,,0.000000,,,,,,,,,,0.000000,beat-sync,0.831886,1.294192,,-0.007496484,0.308911762,right_wrist_yaw,1.130296295,left_wrist_yaw,0.308911762,right_wrist_yaw,1.047851350,left_wrist_yaw,0.132250,-0.074356,0.922228,-1.319612,0.000000000,0.000000000,0.000000000,0.000000000,0.000000000,0.000000000,4.184000,0.000000000,0.000000000,,1.402031,1.218727,40.992427,,0.001099929,0,1,0,2,gPO_sBM_cAll_d10_mPO0_ch01;gPO_sBM_cAll_d11_mPO0_ch01,,67.745800,845.204300,90.055100,2099.890600,accepted,0.719384,,0.894825,0.078670253,60.323617,0.123633,PO,0.711953,0.021309,0.004966,JB3:0.708714;JB1:0.687405;JB5:0.685346;JB2:0.626589;JB4:0.620615,gPO_sBM_cAll_d10_mPO0_ch01:0.574638;gPO_sBM_cAll_d11_mPO0_ch01:0.569672;gPO_sBM_cAll_d11_mPO0_ch02:0.567856;gPO_sBM_cAll_d10_mPO0_ch02:0.566896;gPO_sBM_cAll_d11_mPO1_ch09:0.551823;gPO_sFM_cAll_d12_mPO1_ch16:0.551781;gPO_sBM_cAll_d11_mPO1_ch02:0.550185;gPO_sBM_cAll_d11_mPO1_ch07:0.548456;gPO_sFM_cAll_d11_mPO1_ch09:0.548017;gPO_sBM_cAll_d10_mPO1_ch08:0.547649,Electronic---Electro:0.256235;Electronic---Electroclash:0.200350;Electronic---Synthwave:0.170802;Electronic---Experimental:0.167557;Electronic---Synth-pop:0.135345,WA:v0:k1:r1,,JB3,0.708714,gPO_sBM_cAll_d10_mPO0_ch01,0.574638,96.153846
4.504000,4.518840400,,hermite,loading,,,,,0,1.0,0,gWA_sBM_cAll_d26_mWA0_ch05,,,4.056000,gPO_sBM_cAll_d10_mPO0_ch01;gPO_sBM_cAll_d11_mPO0_ch01;gPO_sBM_cAll_d11_mPO0_ch02;gPO_sBM_cAll_d10_mPO0_ch02;gPO_sBM_cAll_d12_mPO3_ch02,,,,,,0.315109166,,0.000000,,,,,,,,,,0.000000,beat-sync,0.894558,1.294192,,-0.006483807,0.274635223,right_wrist_yaw,1.487437877,right_wrist_yaw,0.274635223,right_wrist_yaw,1.921099103,right_wrist_yaw,0.141521,-0.079141,0.918148,-1.357347,0.000000000,0.000000000,0.000000000,0.000000000,0.000000000,0.000000000,4.184000,0.000000000,0.000000000,,2.370653,1.956051,81.260813,,0.001092956,0,1,0,2,gPO_sBM_cAll_d10_mPO0_ch01;gPO_sBM_cAll_d11_mPO0_ch01,,67.745800,845.204300,90.055100,2099.890600,accepted,0.719384,,0.894825,0.078670253,60.323617,0.123633,PO,0.711953,0.021309,0.004966,JB3:0.708714;JB1:0.687405;JB5:0.685346;JB2:0.626589;JB4:0.620615,gPO_sBM_cAll_d10_mPO0_ch01:0.574638;gPO_sBM_cAll_d11_mPO0_ch01:0.569672;gPO_sBM_cAll_d11_mPO0_ch02:0.567856;gPO_sBM_cAll_d10_mPO0_ch02:0.566896;gPO_sBM_cAll_d11_mPO1_ch09:0.551823;gPO_sFM_cAll_d12_mPO1_ch16:0.551781;gPO_sBM_cAll_d11_mPO1_ch02:0.550185;gPO_sBM_cAll_d11_mPO1_ch07:0.548456;gPO_sFM_cAll_d11_mPO1_ch09:0.548017;gPO_sBM_cAll_d10_mPO1_ch08:0.547649,Electronic---Electro:0.256235;Electronic---Electroclash:0.200350;Electronic---Synthwave:0.170802;Electronic---Experimental:0.167557;Electronic---Synth-pop:0.135345,WA:v0:k1:r1,,JB3,0.708714,gPO_sBM_cAll_d10_mPO0_ch01,0.574638,96.153846
4.568000,4.585645300,,hermite,loading,,,,,0,1.0,0,gWA_sBM_cAll_d26_mWA0_ch05,,,4.056000,gPO_sBM_cAll_d10_mPO0_ch01;gPO_sBM_cAll_d11_mPO0_ch01;gPO_sBM_cAll_d11_mPO0_ch02;gPO_sBM_cAll_d10_mPO0_ch02;gPO_sBM_cAll_d12_mPO3_ch02,,,,,,0.320515715,,0.000000,,,,,,,,,,0.000000,beat-sync,1.028180,1.294192,,-0.004834444,0.203158162,left_wrist_yaw,1.552953060,right_wrist_yaw,0.203158162,left_wrist_yaw,1.866054636,right_wrist_yaw,0.165755,-0.095045,0.913815,-1.458776,0.000000000,0.000000000,0.000000000,0.000000000,0.000000000,0.000000000,4.184000,0.000000000,0.000000000,,4.686960,3.952496,63.418541,,0.001079273,0,1,0,2,gPO_sBM_cAll_d10_mPO0_ch01;gPO_sBM_cAll_d11_mPO0_ch01,,67.745800,845.204300,90.055100,2099.890600,accepted,0.719384,,0.894825,0.078670253,60.323617,0.123633,PO,0.711953,0.021309,0.004966,JB3:0.708714;JB1:0.687405;JB5:0.685346;JB2:0.626589;JB4:0.620615,gPO_sBM_cAll_d10_mPO0_ch01:0.574638;gPO_sBM_cAll_d11_mPO0_ch01:0.569672;gPO_sBM_cAll_d11_mPO0_ch02:0.567856;gPO_sBM_cAll_d10_mPO0_ch02:0.566896;gPO_sBM_cAll_d11_mPO1_ch09:0.551823;gPO_sFM_cAll_d12_mPO1_ch16:0.551781;gPO_sBM_cAll_d11_mPO1_ch02:0.550185;gPO_sBM_cAll_d11_mPO1_ch07:0.548456;gPO_sFM_cAll_d11_mPO1_ch09:0.548017;gPO_sBM_cAll_d10_mPO1_ch08:0.547649,Electronic---Electro:0.256235;Electronic---Electroclash:0.200350;Electronic---Synthwave:0.170802;Electronic---Experimental:0.167557;Electronic---Synth-pop:0.135345,WA:v0:k1:r1,,JB3,0.708714,gPO_sBM_cAll_d10_mPO0_ch01,0.574638,96.153846
4.600000,4.618581300,,hermite,loading,,,,,0,1.0,0,gWA_sBM_cAll_d26_mWA0_ch05,,,4.056000,gPO_sBM_cAll_d10_mPO0_ch01;gPO_sBM_cAll_d11_mPO0_ch01;gPO_sBM_cAll_d11_mPO0_ch02;gPO_sBM_cAll_d10_mPO0_ch02;gPO_sBM_cAll_d12_mPO3_ch02,,,,,,0.323424217,,0.000000,,,,,,,,,,0.000000,beat-sync,1.066187,1.294192,,-0.004235681,0.189308453,left_wrist_yaw,0.996197920,right_wrist_yaw,0.189308453,left_wrist_yaw,1.282603219,right_wrist_yaw,0.173801,-0.101983,0.915465,-1.494308,0.000000000,0.000000000,0.000000000,0.000000000,0.000000000,0.000000000,4.184000,0.000000000,0.000000000,,7.423464,6.212456,213.952179,,0.001072559,0,1,0,2,gPO_sBM_cAll_d10_mPO0_ch01;gPO_sBM_cAll_d11_mPO0_ch01,,67.745800,845.204300,90.055100,2099.890600,accepted,0.719384,,0.894825,0.078670253,60.323617,0.123633,PO,0.711953,0.021309,0.004966,JB3:0.708714;JB1:0.687405;JB5:0.685346;JB2:0.626589;JB4:0.620615,gPO_sBM_cAll_d10_mPO0_ch01:0.574638;gPO_sBM_cAll_d11_mPO0_ch01:0.569672;gPO_sBM_cAll_d11_mPO0_ch02:0.567856;gPO_sBM_cAll_d10_mPO0_ch02:0.566896;gPO_sBM_cAll_d11_mPO1_ch09:0.551823;gPO_sFM_cAll_d12_mPO1_ch16:0.551781;gPO_sBM_cAll_d11_mPO1_ch02:0.550185;gPO_sBM_cAll_d11_mPO1_ch07:0.548456;gPO_sFM_cAll_d11_mPO1_ch09:0.548017;gPO_sBM_cAll_d10_mPO1_ch08:0.547649,Electronic---Electro:0.256235;Electronic---Electroclash:0.200350;Electronic---Synthwave:0.170802;Electronic---Experimental:0.167557;Electronic---Synth-pop:0.135345,WA:v0:k1:r1,,JB3,0.708714,gPO_sBM_cAll_d10_mPO0_ch01,0.574638,96.153846
4.600000,4.627912500,,hermite,loading,,,,,0,1.0,0,gWA_sBM_cAll_d26_mWA0_ch05,,,4.056000,gPO_sBM_cAll_d10_mPO0_ch01;gPO_sBM_cAll_d11_mPO0_ch01;gPO_sBM_cAll_d11_mPO0_ch02;gPO_sBM_cAll_d10_mPO0_ch02;gPO_sBM_cAll_d12_mPO3_ch02,,,,,,0.324231670,,0.000000,,,,,,,,,,0.000000,beat-sync,1.074165,1.294192,,-0.004085779,0.178253397,left_wrist_yaw,1.326606647,left_wrist_yaw,0.178253397,left_wrist_yaw,1.396316345,left_wrist_yaw,0.175758,-0.103395,0.916556,-1.500132,0.000000000,0.000000000,0.000000000,0.000000000,0.000000000,0.000000000,4.184000,0.000000000,0.000000000,,6.824054,5.798125,56.971808,,0.001070893,0,1,0,2,gPO_sBM_cAll_d10_mPO0_ch01;gPO_sBM_cAll_d11_mPO0_ch01,,67.745800,845.204300,90.055100,2099.890600,accepted,0.719384,,0.894825,0.078670253,60.323617,0.123633,PO,0.711953,0.021309,0.004966,JB3:0.708714;JB1:0.687405;JB5:0.685346;JB2:0.626589;JB4:0.620615,gPO_sBM_cAll_d10_mPO0_ch01:0.574638;gPO_sBM_cAll_d11_mPO0_ch01:0.569672;gPO_sBM_cAll_d11_mPO0_ch02:0.567856;gPO_sBM_cAll_d10_mPO0_ch02:0.566896;gPO_sBM_cAll_d11_mPO1_ch09:0.551823;gPO_sFM_cAll_d12_mPO1_ch16:0.551781;gPO_sBM_cAll_d11_mPO1_ch02:0.550185;gPO_sBM_cAll_d11_mPO1_ch07:0.548456;gPO_sFM_cAll_d11_mPO1_ch09:0.548017;gPO_sBM_cAll_d10_mPO1_ch08:0.547649,Electronic---Electro:0.256235;Electronic---Electroclash:0.200350;Electronic---Synthwave:0.170802;Electronic---Experimental:0.167557;Electronic---Synth-pop:0.135345,WA:v0:k1:r1,,JB3,0.708714,gPO_sBM_cAll_d10_mPO0_ch01,0.574638,96.153846
4.600000,4.635127100,,hermite,loading,,,,,0,1.0,0,gWA_sBM_cAll_d26_mWA0_ch05,,,4.056000,gPO_sBM_cAll_d10_mPO0_ch01;gPO_sBM_cAll_d11_mPO0_ch01;gPO_sBM_cAll_d11_mPO0_ch02;gPO_sBM_cAll_d10_mPO0_ch02;gPO_sBM_cAll_d12_mPO3_ch02,,,,,,0.324913107,,0.000000,,,,,,,,,,0.000000,beat-sync,1.081360,1.294192,,-0.003964210,0.166233338,left_wrist_yaw,1.442407090,left_wrist_yaw,0.166233338,left_wrist_yaw,2.021605011,left_wrist_yaw,0.177129,-0.104521,0.917560,-1.502959,0.000000000,0.000000000,0.000000000,0.000000000,0.000000000,0.000000000,4.184000,0.000000000,0.000000000,,7.986689,6.572176,107.127663,,0.001069233,0,1,0,2,gPO_sBM_cAll_d10_mPO0_ch01;gPO_sBM_cAll_d11_mPO0_ch01,,67.745800,845.204300,90.055100,2099.890600,accepted,0.719384,,0.894825,0.078670253,60.323617,0.123633,PO,0.711953,0.021309,0.004966,JB3:0.708714;JB1:0.687405;JB5:0.685346;JB2:0.626589;JB4:0.620615,gPO_sBM_cAll_d10_mPO0_ch01:0.574638;gPO_sBM_cAll_d11_mPO0_ch01:0.569672;gPO_sBM_cAll_d11_mPO0_ch02:0.567856;gPO_sBM_cAll_d10_mPO0_ch02:0.566896;gPO_sBM_cAll_d11_mPO1_ch09:0.551823;gPO_sFM_cAll_d12_mPO1_ch16:0.551781;gPO_sBM_cAll_d11_mPO1_ch02:0.550185;gPO_sBM_cAll_d11_mPO1_ch07:0.548456;gPO_sFM_cAll_d11_mPO1_ch09:0.548017;gPO_sBM_cAll_d10_mPO1_ch08:0.547649,Electronic---Electro:0.256235;Electronic---Electroclash:0.200350;Electronic---Synthwave:0.170802;Electronic---Experimental:0.167557;Electronic---Synth-pop:0.135345,WA:v0:k1:r1,,JB3,0.708714,gPO_sBM_cAll_d10_mPO0_ch01,0.574638,96.153846
4.632000,4.644221600,,hermite,loading,,,,,0,1.0,0,gWA_sBM_cAll_d26_mWA0_ch05,,,4.056000,gPO_sBM_cAll_d10_mPO0_ch01;gPO_sBM_cAll_d11_mPO0_ch01;gPO_sBM_cAll_d11_mPO0_ch02;gPO_sBM_cAll_d10_mPO0_ch02;gPO_sBM_cAll_d12_mPO3_ch02,,,,,,0.325691270,,0.000000,,,,,,,,,,0.000000,beat-sync,1.088237,1.294192,,-0.003830636,0.152412143,left_wrist_yaw,1.658543386,left_wrist_yaw,0.152412143,left_wrist_yaw,1.798510680,left_wrist_yaw,0.178663,-0.105798,0.918550,-1.504810,0.000000000,0.000000000,0.000000000,0.000000000,0.000000000,0.000000000,4.184000,0.000000000,0.000000000,,6.180627,5.238839,147.065149,,0.001067578,0,1,0,2,gPO_sBM_cAll_d10_mPO0_ch01;gPO_sBM_cAll_d11_mPO0_ch01,,67.745800,845.204300,90.055100,2099.890600,accepted,0.719384,,0.894825,0.078670253,60.323617,0.123633,PO,0.711953,0.021309,0.004966,JB3:0.708714;JB1:0.687405;JB5:0.685346;JB2:0.626589;JB4:0.620615,gPO_sBM_cAll_d10_mPO0_ch01:0.574638;gPO_sBM_cAll_d11_mPO0_ch01:0.569672;gPO_sBM_cAll_d11_mPO0_ch02:0.567856;gPO_sBM_cAll_d10_mPO0_ch02:0.566896;gPO_sBM_cAll_d11_mPO1_ch09:0.551823;gPO_sFM_cAll_d12_mPO1_ch16:0.551781;gPO_sBM_cAll_d11_mPO1_ch02:0.550185;gPO_sBM_cAll_d11_mPO1_ch07:0.548456;gPO_sFM_cAll_d11_mPO1_ch09:0.548017;gPO_sBM_cAll_d10_mPO1_ch08:0.547649,Electronic---Electro:0.256235;Electronic---Electroclash:0.200350;Electronic---Synthwave:0.170802;Electronic---Experimental:0.167557;Electronic---Synth-pop:0.135345,WA:v0:k1:r1,,JB3,0.708714,gPO_sBM_cAll_d10_mPO0_ch01,0.574638,96.153846
4.664000,4.677298000,,hermite,loading,,,,,0,1.0,0,gWA_sBM_cAll_d26_mWA0_ch05,,,4.056000,gPO_sBM_cAll_d10_mPO0_ch01;gPO_sBM_cAll_d11_mPO0_ch01;gPO_sBM_cAll_d11_mPO0_ch02;gPO_sBM_cAll_d10_mPO0_ch02;gPO_sBM_cAll_d12_mPO3_ch02,,,,,,0.328742400,,0.000000,,,,,,,,,,0.000000,beat-sync,1.114311,1.294192,,-0.003355659,0.117407707,right_wrist_yaw,1.421036465,left_wrist_yaw,0.117407707,right_wrist_yaw,1.790007036,left_wrist_yaw,0.181912,-0.111612,0.919847,-1.513445,0.000000000,0.000000000,0.000000000,0.000000000,0.000000000,0.000000000,4.184000,0.000000000,0.000000000,,4.661378,3.824940,202.381008,,0.001061008,0,1,0,2,gPO_sBM_cAll_d10_mPO0_ch01;gPO_sBM_cAll_d11_mPO0_ch01,,67.745800,845.204300,90.055100,2099.890600,accepted,0.719384,,0.894825,0.078670253,60.323617,0.123633,PO,0.711953,0.021309,0.004966,JB3:0.708714;JB1:0.687405;JB5:0.685346;JB2:0.626589;JB4:0.620615,gPO_sBM_cAll_d10_mPO0_ch01:0.574638;gPO_sBM_cAll_d11_mPO0_ch01:0.569672;gPO_sBM_cAll_d11_mPO0_ch02:0.567856;gPO_sBM_cAll_d10_mPO0_ch02:0.566896;gPO_sBM_cAll_d11_mPO1_ch09:0.551823;gPO_sFM_cAll_d12_mPO1_ch16:0.551781;gPO_sBM_cAll_d11_mPO1_ch02:0.550185;gPO_sBM_cAll_d11_mPO1_ch07:0.548456;gPO_sFM_cAll_d11_mPO1_ch09:0.548017;gPO_sBM_cAll_d10_mPO1_ch08:0.547649,Electronic---Electro:0.256235;Electronic---Electroclash:0.200350;Electronic---Synthwave:0.170802;Electronic---Experimental:0.167557;Electronic---Synth-pop:0.135345,WA:v0:k1:r1,,JB3,0.708714,gPO_sBM_cAll_d10_mPO0_ch01,0.574638,96.153846
4.728000,4.743149900,,hermite,loading,,,,,0,1.0,0,gWA_sBM_cAll_d26_mWA0_ch05,,,4.056000,gPO_sBM_cAll_d10_mPO0_ch01;gPO_sBM_cAll_d11_mPO0_ch01;gPO_sBM_cAll_d11_mPO0_ch02;gPO_sBM_cAll_d10_mPO0_ch02;gPO_sBM_cAll_d12_mPO3_ch02,,,,,,0.335083015,,0.000000,,,,,,,,,,0.000000,beat-sync,1.157065,1.294192,,-0.002569794,0.114353583,right_wrist_yaw,0.031988928,right_wrist_roll,0.114353583,right_wrist_yaw,0.047411234,right_wrist_roll,0.167857,-0.130176,0.917413,-1.609465,0.000000000,0.000000000,0.000000000,0.000000000,0.000000000,0.000000000,4.184000,0.000000000,0.000000000,,0.182662,0.155805,24.591924,,0.001048108,0,1,0,2,gPO_sBM_cAll_d10_mPO0_ch01;gPO_sBM_cAll_d11_mPO0_ch01,,67.745800,845.204300,90.055100,2099.890600,accepted,0.719384,,0.894825,0.078670253,60.323617,0.123633,PO,0.711953,0.021309,0.004966,JB3:0.708714;JB1:0.687405;JB5:0.685346;JB2:0.626589;JB4:0.620615,gPO_sBM_cAll_d10_mPO0_ch01:0.574638;gPO_sBM_cAll_d11_mPO0_ch01:0.569672;gPO_sBM_cAll_d11_mPO0_ch02:0.567856;gPO_sBM_cAll_d10_mPO0_ch02:0.566896;gPO_sBM_cAll_d11_mPO1_ch09:0.551823;gPO_sFM_cAll_d12_mPO1_ch16:0.551781;gPO_sBM_cAll_d11_mPO1_ch02:0.550185;gPO_sBM_cAll_d11_mPO1_ch07:0.548456;gPO_sFM_cAll_d11_mPO1_ch09:0.548017;gPO_sBM_cAll_d10_mPO1_ch08:0.547649,Electronic---Electro:0.256235;Electronic---Electroclash:0.200350;Electronic---Synthwave:0.170802;Electronic---Experimental:0.167557;Electronic---Synth-pop:0.135345,WA:v0:k1:r1,,JB3,0.708714,gPO_sBM_cAll_d10_mPO0_ch01,0.574638,96.153846
4.760000,4.768707900,,hermite,loading,,,,,0,1.0,0,gWA_sBM_cAll_d26_mWA0_ch05,,,4.056000,gPO_sBM_cAll_d10_mPO0_ch01;gPO_sBM_cAll_d11_mPO0_ch01;gPO_sBM_cAll_d11_mPO0_ch02;gPO_sBM_cAll_d10_mPO0_ch02;gPO_sBM_cAll_d12_mPO3_ch02,,,,,,0.337538283,,0.000000,,,,,,,,,,0.000000,beat-sync,1.170225,1.294192,,-0.002323022,0.113988270,right_wrist_yaw,0.026924679,left_wrist_roll,0.113988270,right_wrist_yaw,0.033111333,left_wrist_roll,0.161158,-0.134364,0.916773,-1.639086,0.000000000,0.000000000,0.000000000,0.000000000,0.000000000,0.000000000,4.184000,0.000000000,0.000000000,,0.107094,0.091476,12.379146,,0.001043351,0,1,0,2,gPO_sBM_cAll_d10_mPO0_ch01;gPO_sBM_cAll_d11_mPO0_ch01,,67.745800,845.204300,90.055100,2099.890600,accepted,0.719384,,0.894825,0.078670253,60.323617,0.123633,PO,0.711953,0.021309,0.004966,JB3:0.708714;JB1:0.687405;JB5:0.685346;JB2:0.626589;JB4:0.620615,gPO_sBM_cAll_d10_mPO0_ch01:0.574638;gPO_sBM_cAll_d11_mPO0_ch01:0.569672;gPO_sBM_cAll_d11_mPO0_ch02:0.567856;gPO_sBM_cAll_d10_mPO0_ch02:0.566896;gPO_sBM_cAll_d11_mPO1_ch09:0.551823;gPO_sFM_cAll_d12_mPO1_ch16:0.551781;gPO_sBM_cAll_d11_mPO1_ch02:0.550185;gPO_sBM_cAll_d11_mPO1_ch07:0.548456;gPO_sFM_cAll_d11_mPO1_ch09:0.548017;gPO_sBM_cAll_d10_mPO1_ch08:0.547649,Electronic---Electro:0.256235;Electronic---Electroclash:0.200350;Electronic---Synthwave:0.170802;Electronic---Experimental:0.167557;Electronic---Synth-pop:0.135345,WA:v0:k1:r1,,JB3,0.708714,gPO_sBM_cAll_d10_mPO0_ch01,0.574638,96.153846
4.824000,4.835204700,,hermite,loading,,,,,0,1.0,0,gWA_sBM_cAll_d26_mWA0_ch05,,,4.056000,gPO_sBM_cAll_d10_mPO0_ch01;gPO_sBM_cAll_d11_mPO0_ch01;gPO_sBM_cAll_d11_mPO0_ch02;gPO_sBM_cAll_d10_mPO0_ch02;gPO_sBM_cAll_d12_mPO3_ch02,,,,,,0.344135526,,0.000000,,,,,,,,,,0.000000,beat-sync,1.199393,1.294192,,-0.001779822,0.113086784,right_wrist_yaw,0.023138229,right_wrist_roll,0.113086784,right_wrist_yaw,0.025543620,right_wrist_roll,0.153319,-0.142077,0.920020,-1.735284,0.000000000,0.000000000,0.000000000,0.000000000,0.000000000,0.000000000,4.184000,0.000000000,0.000000000,,0.105451,0.092985,9.980199,,0.001030875,0,1,0,2,gPO_sBM_cAll_d10_mPO0_ch01;gPO_sBM_cAll_d11_mPO0_ch01,,67.745800,845.204300,90.055100,2099.890600,accepted,0.719384,,0.894825,0.078670253,60.323617,0.123633,PO,0.711953,0.021309,0.004966,JB3:0.708714;JB1:0.687405;JB5:0.685346;JB2:0.626589;JB4:0.620615,gPO_sBM_cAll_d10_mPO0_ch01:0.574638;gPO_sBM_cAll_d11_mPO0_ch01:0.569672;gPO_sBM_cAll_d11_mPO0_ch02:0.567856;gPO_sBM_cAll_d10_mPO0_ch02:0.566896;gPO_sBM_cAll_d11_mPO1_ch09:0.551823;gPO_sFM_cAll_d12_mPO1_ch16:0.551781;gPO_sBM_cAll_d11_mPO1_ch02:0.550185;gPO_sBM_cAll_d11_mPO1_ch07:0.548456;gPO_sFM_cAll_d11_mPO1_ch09:0.548017;gPO_sBM_cAll_d10_mPO1_ch08:0.547649,Electronic---Electro:0.256235;Electronic---Electroclash:0.200350;Electronic---Synthwave:0.170802;Electronic---Experimental:0.167557;Electronic---Synth-pop:0.135345,WA:v0:k1:r1,,JB3,0.708714,gPO_sBM_cAll_d10_mPO0_ch01,0.574638,96.153846
4.856000,4.862534200,,hermite,loading,,,,,0,1.0,0,gWA_sBM_cAll_d26_mWA0_ch05,,,4.056000,gPO_sBM_cAll_d10_mPO0_ch01;gPO_sBM_cAll_d11_mPO0_ch01;gPO_sBM_cAll_d11_mPO0_ch02;gPO_sBM_cAll_d10_mPO0_ch02;gPO_sBM_cAll_d12_mPO3_ch02,,,,,,0.346693833,,0.000000,,,,,,,,,,0.000000,beat-sync,1.208589,1.294192,,-0.001607694,0.112771802,right_wrist_yaw,0.026135072,right_wrist_roll,0.112771802,right_wrist_yaw,0.024085936,right_wrist_roll,0.151699,-0.144319,0.922320,-1.766620,0.000000000,0.000000000,0.000000000,0.000000000,0.000000000,0.000000000,4.184000,0.000000000,0.000000000,,0.074984,0.066531,5.866097,,0.001026273,0,1,0,2,gPO_sBM_cAll_d10_mPO0_ch01;gPO_sBM_cAll_d11_mPO0_ch01,,67.745800,845.204300,90.055100,2099.890600,accepted,0.719384,,0.894825,0.078670253,60.323617,0.123633,PO,0.711953,0.021309,0.004966,JB3:0.708714;JB1:0.687405;JB5:0.685346;JB2:0.626589;JB4:0.620615,gPO_sBM_cAll_d10_mPO0_ch01:0.574638;gPO_sBM_cAll_d11_mPO0_ch01:0.569672;gPO_sBM_cAll_d11_mPO0_ch02:0.567856;gPO_sBM_cAll_d10_mPO0_ch02:0.566896;gPO_sBM_cAll_d11_mPO1_ch09:0.551823;gPO_sFM_cAll_d12_mPO1_ch16:0.551781;gPO_sBM_cAll_d11_mPO1_ch02:0.550185;gPO_sBM_cAll_d11_mPO1_ch07:0.548456;gPO_sFM_cAll_d11_mPO1_ch09:0.548017;gPO_sBM_cAll_d10_mPO1_ch08:0.547649,Electronic---Electro:0.256235;Electronic---Electroclash:0.200350;Electronic---Synthwave:0.170802;Electronic---Experimental:0.167557;Electronic---Synth-pop:0.135345,WA:v0:k1:r1,,JB3,0.708714,gPO_sBM_cAll_d10_mPO0_ch01,0.574638,96.153846
4.920000,4.943938500,,hermite,loading,,,,,0,1.0,0,gWA_sBM_cAll_d26_mWA0_ch05,,,4.056000,gPO_sBM_cAll_d10_mPO0_ch01;gPO_sBM_cAll_d11_mPO0_ch01;gPO_sBM_cAll_d11_mPO0_ch02;gPO_sBM_cAll_d10_mPO0_ch02;gPO_sBM_cAll_d12_mPO3_ch02,,,,,,0.355150087,,0.000000,,,,,,,,,,0.000000,beat-sync,1.233008,1.294192,,-0.001154082,0.111710400,right_wrist_yaw,0.039610318,right_wrist_yaw,0.111710400,right_wrist_yaw,0.049776964,right_wrist_yaw,0.142566,-0.146663,0.943635,-2.016761,0.000000000,0.000000000,0.000000000,0.000000000,0.000000000,0.000000000,4.184000,0.000000000,0.000000000,,0.127879,0.105167,12.364354,,0.001011225,0,1,0,2,gPO_sBM_cAll_d10_mPO0_ch01;gPO_sBM_cAll_d11_mPO0_ch01,,67.745800,845.204300,90.055100,2099.890600,accepted,0.719384,,0.894825,0.078670253,60.323617,0.123633,PO,0.711953,0.021309,0.004966,JB3:0.708714;JB1:0.687405;JB5:0.685346;JB2:0.626589;JB4:0.620615,gPO_sBM_cAll_d10_mPO0_ch01:0.574638;gPO_sBM_cAll_d11_mPO0_ch01:0.569672;gPO_sBM_cAll_d11_mPO0_ch02:0.567856;gPO_sBM_cAll_d10_mPO0_ch02:0.566896;gPO_sBM_cAll_d11_mPO1_ch09:0.551823;gPO_sFM_cAll_d12_mPO1_ch16:0.551781;gPO_sBM_cAll_d11_mPO1_ch02:0.550185;gPO_sBM_cAll_d11_mPO1_ch07:0.548456;gPO_sFM_cAll_d11_mPO1_ch09:0.548017;gPO_sBM_cAll_d10_mPO1_ch08:0.547649,Electronic---Electro:0.256235;Electronic---Electroclash:0.200350;Electronic---Synthwave:0.170802;Electronic---Experimental:0.167557;Electronic---Synth-pop:0.135345,WA:v0:k1:r1,,JB3,0.708714,gPO_sBM_cAll_d10_mPO0_ch01,0.574638,96.153846
4.952000,4.977080800,,hermite,loading,,,,,1,1.0,0,gWA_sBM_cAll_d26_mWA0_ch05,,,4.056000,gPO_sBM_cAll_d10_mPO0_ch01;gPO_sBM_cAll_d11_mPO0_ch01;gPO_sBM_cAll_d11_mPO0_ch02;gPO_sBM_cAll_d10_mPO0_ch02;gPO_sBM_cAll_d12_mPO3_ch02,,,,,,0.358565851,,0.000000,,,,,,,,,,0.000000,beat-sync,1.240703,1.294192,,-0.001011103,0.043669754,left_wrist_yaw,7.416182005,right_wrist_yaw,0.054529086,right_wrist_yaw,9.485289241,right_wrist_yaw,0.138521,-0.156231,0.948453,-2.143951,0.000000000,0.000000000,0.000000000,0.000000000,0.000000000,0.000000000,4.184000,0.000000000,0.000000000,,23.953858,8.583172,909.315410,left_hip_pitch;left_knee;left_shoulder_pitch;left_shoulder_roll;left_shoulder_yaw;right_ankle_roll;right_elbow;right_hip_pitch;right_hip_yaw;right_knee;right_shoulder_pitch;right_shoulder_roll;right_shoulder_yaw;right_wrist_yaw;waist_pitch;waist_roll;waist_yaw,0.001859857,0,1,0,2,gPO_sBM_cAll_d10_mPO0_ch01;gPO_sBM_cAll_d11_mPO0_ch01,,67.745800,845.204300,90.055100,2099.890600,accepted,0.719384,,0.894825,0.078670253,60.323617,0.123633,PO,0.711953,0.021309,0.004966,JB3:0.708714;JB1:0.687405;JB5:0.685346;JB2:0.626589;JB4:0.620615,gPO_sBM_cAll_d10_mPO0_ch01:0.574638;gPO_sBM_cAll_d11_mPO0_ch01:0.569672;gPO_sBM_cAll_d11_mPO0_ch02:0.567856;gPO_sBM_cAll_d10_mPO0_ch02:0.566896;gPO_sBM_cAll_d11_mPO1_ch09:0.551823;gPO_sFM_cAll_d12_mPO1_ch16:0.551781;gPO_sBM_cAll_d11_mPO1_ch02:0.550185;gPO_sBM_cAll_d11_mPO1_ch07:0.548456;gPO_sFM_cAll_d11_mPO1_ch09:0.548017;gPO_sBM_cAll_d10_mPO1_ch08:0.547649,Electronic---Electro:0.256235;Electronic---Electroclash:0.200350;Electronic---Synthwave:0.170802;Electronic---Experimental:0.167557;Electronic---Synth-pop:0.135345,WA:v0:k1:r1,,JB3,0.708714,gPO_sBM_cAll_d10_mPO0_ch01,0.574638,96.153846
5.016000,5.036258900,,hermite,loading,,,,,0,1.0,0,gWA_sBM_cAll_d26_mWA0_ch05,,,4.056000,gPO_sBM_cAll_d10_mPO0_ch01;gPO_sBM_cAll_d11_mPO0_ch01;gPO_sBM_cAll_d11_mPO0_ch02;gPO_sBM_cAll_d10_mPO0_ch02;gPO_sBM_cAll_d12_mPO3_ch02,,,,,,0.364711013,,0.000000,,,,,,,,,,0.000000,beat-sync,1.252011,1.294192,,-0.000798437,0.055679844,right_wrist_yaw,1.085720964,left_wrist_yaw,0.055679844,right_wrist_yaw,1.291583946,left_wrist_yaw,0.123434,-0.170625,0.938063,-2.242971,0.000000000,0.000000000,0.000000000,0.000000000,0.000000000,0.000000000,4.184000,0.000000000,0.000000000,,9.177394,7.603345,151.132399,,0.002288899,0,1,0,2,gPO_sBM_cAll_d10_mPO0_ch01;gPO_sBM_cAll_d11_mPO0_ch01,,67.745800,845.204300,90.055100,2099.890600,accepted,0.719384,,0.894825,0.078670253,60.323617,0.123633,PO,0.711953,0.021309,0.004966,JB3:0.708714;JB1:0.687405;JB5:0.685346;JB2:0.626589;JB4:0.620615,gPO_sBM_cAll_d10_mPO0_ch01:0.574638;gPO_sBM_cAll_d11_mPO0_ch01:0.569672;gPO_sBM_cAll_d11_mPO0_ch02:0.567856;gPO_sBM_cAll_d10_mPO0_ch02:0.566896;gPO_sBM_cAll_d11_mPO1_ch09:0.551823;gPO_sFM_cAll_d12_mPO1_ch16:0.551781;gPO_sBM_cAll_d11_mPO1_ch02:0.550185;gPO_sBM_cAll_d11_mPO1_ch07:0.548456;gPO_sFM_cAll_d11_mPO1_ch09:0.548017;gPO_sBM_cAll_d10_mPO1_ch08:0.547649,Electronic---Electro:0.256235;Electronic---Electroclash:0.200350;Electronic---Synthwave:0.170802;Electronic---Experimental:0.167557;Electronic---Synth-pop:0.135345,WA:v0:k1:r1,,JB3,0.708714,gPO_sBM_cAll_d10_mPO0_ch01,0.574638,96.153846
5.080000,5.103086500,,hermite,loading,,,,,0,1.0,0,gWA_sBM_cAll_d26_mWA0_ch05,,,4.056000,gPO_sBM_cAll_d10_mPO0_ch01;gPO_sBM_cAll_d11_mPO0_ch01;gPO_sBM_cAll_d11_mPO0_ch02;gPO_sBM_cAll_d10_mPO0_ch02;gPO_sBM_cAll_d12_mPO3_ch02,,,,,,0.371652739,,0.000000,,,,,,,,,,0.000000,beat-sync,1.261951,1.294192,,-0.000612850,0.180154094,right_wrist_yaw,2.196097648,right_wrist_yaw,0.180154094,right_wrist_yaw,2.957611668,right_wrist_yaw,0.121241,-0.181672,0.925131,-2.215181,0.000000000,0.000000000,0.000000000,0.000000000,0.000000000,0.000000000,4.184000,0.000000000,0.000000000,,5.191371,4.214519,201.063132,,0.002262777,0,1,0,2,gPO_sBM_cAll_d10_mPO0_ch01;gPO_sBM_cAll_d11_mPO0_ch01,,67.745800,845.204300,90.055100,2099.890600,accepted,0.719384,,0.894825,0.078670253,60.323617,0.123633,PO,0.711953,0.021309,0.004966,JB3:0.708714;JB1:0.687405;JB5:0.685346;JB2:0.626589;JB4:0.620615,gPO_sBM_cAll_d10_mPO0_ch01:0.574638;gPO_sBM_cAll_d11_mPO0_ch01:0.569672;gPO_sBM_cAll_d11_mPO0_ch02:0.567856;gPO_sBM_cAll_d10_mPO0_ch02:0.566896;gPO_sBM_cAll_d11_mPO1_ch09:0.551823;gPO_sFM_cAll_d12_mPO1_ch16:0.551781;gPO_sBM_cAll_d11_mPO1_ch02:0.550185;gPO_sBM_cAll_d11_mPO1_ch07:0.548456;gPO_sFM_cAll_d11_mPO1_ch09:0.548017;gPO_sBM_cAll_d10_mPO1_ch08:0.547649,Electronic---Electro:0.256235;Electronic---Electroclash:0.200350;Electronic---Synthwave:0.170802;Electronic---Experimental:0.167557;Electronic---Synth-pop:0.135345,WA:v0:k1:r1,,JB3,0.708714,gPO_sBM_cAll_d10_mPO0_ch01,0.574638,96.153846
5.112000,5.128032000,,hermite,loading,,,,,0,1.0,0,gWA_sBM_cAll_d26_mWA0_ch05,,,4.056000,gPO_sBM_cAll_d10_mPO0_ch01;gPO_sBM_cAll_d11_mPO0_ch01;gPO_sBM_cAll_d11_mPO0_ch02;gPO_sBM_cAll_d10_mPO0_ch02;gPO_sBM_cAll_d12_mPO3_ch02,,,,,,0.374336530,,0.000000,,,,,,,,,,0.000000,beat-sync,1.265045,1.294192,,-0.000553548,0.215019326,right_wrist_yaw,3.474331380,left_wrist_yaw,0.215019326,right_wrist_yaw,3.622038092,left_wrist_yaw,0.122321,-0.192747,0.919192,-2.231675,0.000000000,0.000000000,0.000000000,0.000000000,0.000000000,0.000000000,4.184000,0.000000000,0.000000000,,5.349187,4.531782,130.072165,,0.002253135,0,1,0,2,gPO_sBM_cAll_d10_mPO0_ch01;gPO_sBM_cAll_d11_mPO0_ch01,,67.745800,845.204300,90.055100,2099.890600,accepted,0.719384,,0.894825,0.078670253,60.323617,0.123633,PO,0.711953,0.021309,0.004966,JB3:0.708714;JB1:0.687405;JB5:0.685346;JB2:0.626589;JB4:0.620615,gPO_sBM_cAll_d10_mPO0_ch01:0.574638;gPO_sBM_cAll_d11_mPO0_ch01:0.569672;gPO_sBM_cAll_d11_mPO0_ch02:0.567856;gPO_sBM_cAll_d10_mPO0_ch02:0.566896;gPO_sBM_cAll_d11_mPO1_ch09:0.551823;gPO_sFM_cAll_d12_mPO1_ch16:0.551781;gPO_sBM_cAll_d11_mPO1_ch02:0.550185;gPO_sBM_cAll_d11_mPO1_ch07:0.548456;gPO_sFM_cAll_d11_mPO1_ch09:0.548017;gPO_sBM_cAll_d10_mPO1_ch08:0.547649,Electronic---Electro:0.256235;Electronic---Electroclash:0.200350;Electronic---Synthwave:0.170802;Electronic---Experimental:0.167557;Electronic---Synth-pop:0.135345,WA:v0:k1:r1,,JB3,0.708714,gPO_sBM_cAll_d10_mPO0_ch01,0.574638,96.153846
5.176000,5.196673500,,hermite,loading,,,,,0,1.0,0,gWA_sBM_cAll_d26_mWA0_ch05,,,4.056000,gPO_sBM_cAll_d10_mPO0_ch01;gPO_sBM_cAll_d11_mPO0_ch01;gPO_sBM_cAll_d11_mPO0_ch02;gPO_sBM_cAll_d10_mPO0_ch02;gPO_sBM_cAll_d12_mPO3_ch02,,,,,,0.381810389,,0.000000,,,,,,,,,,0.000000,beat-sync,1.370993,1.185345,,0.026800073,0.348708873,left_wrist_yaw,3.320781354,left_wrist_yaw,0.348708873,left_wrist_yaw,4.223429628,left_wrist_yaw,0.118010,-0.219666,0.907577,-2.331387,0.000000000,0.000000000,0.000000000,0.000000000,0.000000000,0.000000000,5.112000,0.000000000,0.000000000,,6.942815,5.200266,321.393602,,0.002227819,0,1,0,2,gPO_sBM_cAll_d10_mPO0_ch01;gPO_sBM_cAll_d11_mPO0_ch01,,67.745800,845.204300,90.055100,2099.890600,accepted,0.719384,,0.894825,0.078670253,60.323617,0.123633,PO,0.711953,0.021309,0.004966,JB3:0.708714;JB1:0.687405;JB5:0.685346;JB2:0.626589;JB4:0.620615,gPO_sBM_cAll_d10_mPO0_ch01:0.574638;gPO_sBM_cAll_d11_mPO0_ch01:0.569672;gPO_sBM_cAll_d11_mPO0_ch02:0.567856;gPO_sBM_cAll_d10_mPO0_ch02:0.566896;gPO_sBM_cAll_d11_mPO1_ch09:0.551823;gPO_sFM_cAll_d12_mPO1_ch16:0.551781;gPO_sBM_cAll_d11_mPO1_ch02:0.550185;gPO_sBM_cAll_d11_mPO1_ch07:0.548456;gPO_sFM_cAll_d11_mPO1_ch09:0.548017;gPO_sBM_cAll_d10_mPO1_ch08:0.547649,Electronic---Electro:0.256235;Electronic---Electroclash:0.200350;Electronic---Synthwave:0.170802;Electronic---Experimental:0.167557;Electronic---Synth-pop:0.135345,WA:v0:k1:r1,,JB3,0.708714,gPO_sBM_cAll_d10_mPO0_ch01,0.574638,96.153846
5.208000,5.218635900,match,hermite,loading,,,,,0,1.0,0,gWA_sBM_cAll_d26_mWA0_ch05,,,5.080000,gPO_sBM_cAll_d10_mPO0_ch01;gPO_sBM_cAll_d11_mPO0_ch01;gPO_sBM_cAll_d11_mPO0_ch02;gPO_sBM_cAll_d10_mPO0_ch02;gPO_sBM_cAll_d12_mPO3_ch02,,,,,,0.384496827,,0.000000,,,,,,,,,,0.000000,beat-sync,1.416928,1.185345,,0.026536818,0.394857145,left_wrist_yaw,1.606424262,left_wrist_yaw,0.394857145,left_wrist_yaw,2.012457736,left_wrist_yaw,0.117419,-0.224087,0.907301,-2.362531,0.000000000,0.000000000,0.000000000,0.000000000,0.000000000,0.000000000,5.112000,0.000000000,0.000000000,,4.613220,3.828761,343.781571,,0.002218471,0,1,0,3,gPO_sBM_cAll_d10_mPO0_ch01;gPO_sBM_cAll_d11_mPO0_ch01;gPO_sBM_cAll_d11_mPO0_ch02,,68.899600,852.643600,94.141000,3125.686900,accepted,0.930268,,0.873214,0.151778988,43.263060,0.162870,PO,0.727398,0.003675,0.004979,JB3:0.702185;JB1:0.698511;JB5:0.696486;JB2:0.607221;JB4:0.603967,gPO_sBM_cAll_d10_mPO0_ch01:0.585947;gPO_sBM_cAll_d11_mPO0_ch01:0.580968;gPO_sBM_cAll_d11_mPO0_ch02:0.579165;gPO_sBM_cAll_d10_mPO0_ch02:0.578207;gPO_sBM_cAll_d10_mPO2_ch02:0.555003;gPO_sBM_cAll_d12_mPO2_ch02:0.554939;gPO_sBM_cAll_d12_mPO2_ch01:0.553674;gPO_sBM_cAll_d12_mPO3_ch02:0.553667;gPO_sBM_cAll_d12_mPO3_ch01:0.552451;gPO_sBM_cAll_d10_mPO3_ch02:0.552109,Electronic---Electro:0.261323;Electronic---Synthwave:0.207569;Electronic---Ambient:0.162870;Electronic---Synth-pop:0.142390;Electronic---Techno:0.136366,WA:v0:k1:r1,,JB3,0.702185,gPO_sBM_cAll_d10_mPO0_ch01,0.585947,96.153846
5.272000,5.286767900,,hermite,loading,,,,,0,1.0,0,gWA_sBM_cAll_d26_mWA0_ch05,,,5.080000,gPO_sBM_cAll_d10_mPO0_ch01;gPO_sBM_cAll_d11_mPO0_ch01;gPO_sBM_cAll_d11_mPO0_ch02;gPO_sBM_cAll_d10_mPO0_ch02;gPO_sBM_cAll_d12_mPO3_ch02,,,,,,0.392833599,,0.000000,,,,,,,,,,0.000000,beat-sync,1.550823,1.185345,,0.025183342,0.311817300,left_wrist_yaw,4.329470777,left_wrist_yaw,0.311817300,left_wrist_yaw,5.059447925,left_wrist_yaw,0.106100,-0.223191,0.897935,-2.478855,0.000000000,0.000000000,0.000000000,0.000000000,0.000000000,0.000000000,5.112000,0.000000000,0.000000000,,8.990127,7.621179,299.904804,,0.002193924,0,1,0,3,gPO_sBM_cAll_d10_mPO0_ch01;gPO_sBM_cAll_d11_mPO0_ch01;gPO_sBM_cAll_d11_mPO0_ch02,,68.899600,852.643600,94.141000,3125.686900,accepted,0.930268,,0.873214,0.151778988,43.263060,0.162870,PO,0.727398,0.003675,0.004979,JB3:0.702185;JB1:0.698511;JB5:0.696486;JB2:0.607221;JB4:0.603967,gPO_sBM_cAll_d10_mPO0_ch01:0.585947;gPO_sBM_cAll_d11_mPO0_ch01:0.580968;gPO_sBM_cAll_d11_mPO0_ch02:0.579165;gPO_sBM_cAll_d10_mPO0_ch02:0.578207;gPO_sBM_cAll_d10_mPO2_ch02:0.555003;gPO_sBM_cAll_d12_mPO2_ch02:0.554939;gPO_sBM_cAll_d12_mPO2_ch01:0.553674;gPO_sBM_cAll_d12_mPO3_ch02:0.553667;gPO_sBM_cAll_d12_mPO3_ch01:0.552451;gPO_sBM_cAll_d10_mPO3_ch02:0.552109,Electronic---Electro:0.261323;Electronic---Synthwave:0.207569;Electronic---Ambient:0.162870;Electronic---Synth-pop:0.142390;Electronic---Techno:0.136366,WA:v0:k1:r1,,JB3,0.702185,gPO_sBM_cAll_d10_mPO0_ch01,0.585947,96.153846
5.304000,5.310670800,,hermite,loading,,,,,1,1.0,0,gWA_sBM_cAll_d26_mWA0_ch05,,,5.080000,gPO_sBM_cAll_d10_mPO0_ch01;gPO_sBM_cAll_d11_mPO0_ch01;gPO_sBM_cAll_d11_mPO0_ch02;gPO_sBM_cAll_d10_mPO0_ch02;gPO_sBM_cAll_d12_mPO3_ch02,,,,,,0.396133202,,0.000000,,,,,,,,,,0.000000,beat-sync,1.600000,1.185345,,0.024462491,0.222359595,right_wrist_yaw,5.834639930,left_wrist_yaw,0.222359595,right_wrist_yaw,6.915079629,left_wrist_yaw,0.099853,-0.215663,0.897009,-2.527953,0.000000000,0.000000000,0.000000000,0.000000000,0.000000000,0.000000000,5.112000,0.000000000,0.000000000,,19.691499,13.426198,429.097145,right_elbow,0.002279852,0,1,0,3,gPO_sBM_cAll_d10_mPO0_ch01;gPO_sBM_cAll_d11_mPO0_ch01;gPO_sBM_cAll_d11_mPO0_ch02,,68.899600,852.643600,94.141000,3125.686900,accepted,0.930268,,0.873214,0.151778988,43.263060,0.162870,PO,0.727398,0.003675,0.004979,JB3:0.702185;JB1:0.698511;JB5:0.696486;JB2:0.607221;JB4:0.603967,gPO_sBM_cAll_d10_mPO0_ch01:0.585947;gPO_sBM_cAll_d11_mPO0_ch01:0.580968;gPO_sBM_cAll_d11_mPO0_ch02:0.579165;gPO_sBM_cAll_d10_mPO0_ch02:0.578207;gPO_sBM_cAll_d10_mPO2_ch02:0.555003;gPO_sBM_cAll_d12_mPO2_ch02:0.554939;gPO_sBM_cAll_d12_mPO2_ch01:0.553674;gPO_sBM_cAll_d12_mPO3_ch02:0.553667;gPO_sBM_cAll_d12_mPO3_ch01:0.552451;gPO_sBM_cAll_d10_mPO3_ch02:0.552109,Electronic---Electro:0.261323;Electronic---Synthwave:0.207569;Electronic---Ambient:0.162870;Electronic---Synth-pop:0.142390;Electronic---Techno:0.136366,WA:v0:k1:r1,,JB3,0.702185,gPO_sBM_cAll_d10_mPO0_ch01,0.585947,96.153846
5.368000,5.395554300,,hermite,loading,,,,,0,1.0,0,gWA_sBM_cAll_d26_mWA0_ch05,,,5.080000,gPO_sBM_cAll_d10_mPO0_ch01;gPO_sBM_cAll_d11_mPO0_ch01;gPO_sBM_cAll_d11_mPO0_ch02;gPO_sBM_cAll_d10_mPO0_ch02;gPO_sBM_cAll_d12_mPO3_ch02,,,,,,0.407213538,,0.000000,,,,,,,,,,0.000000,beat-sync,1.600000,1.185345,,0.021877876,0.204629866,right_wrist_yaw,5.788132093,left_wrist_yaw,0.204629866,right_wrist_yaw,6.663042936,left_wrist_yaw,0.087396,-0.225913,0.921571,-2.711716,0.000000000,0.000000000,0.000000000,0.000000000,0.000000000,0.000000000,5.112000,0.000000000,0.000000000,,6.663043,5.616819,340.282886,,0.002248876,0,1,0,3,gPO_sBM_cAll_d10_mPO0_ch01;gPO_sBM_cAll_d11_mPO0_ch01;gPO_sBM_cAll_d11_mPO0_ch02,,68.899600,852.643600,94.141000,3125.686900,accepted,0.930268,,0.873214,0.151778988,43.263060,0.162870,PO,0.727398,0.003675,0.004979,JB3:0.702185;JB1:0.698511;JB5:0.696486;JB2:0.607221;JB4:0.603967,gPO_sBM_cAll_d10_mPO0_ch01:0.585947;gPO_sBM_cAll_d11_mPO0_ch01:0.580968;gPO_sBM_cAll_d11_mPO0_ch02:0.579165;gPO_sBM_cAll_d10_mPO0_ch02:0.578207;gPO_sBM_cAll_d10_mPO2_ch02:0.555003;gPO_sBM_cAll_d12_mPO2_ch02:0.554939;gPO_sBM_cAll_d12_mPO2_ch01:0.553674;gPO_sBM_cAll_d12_mPO3_ch02:0.553667;gPO_sBM_cAll_d12_mPO3_ch01:0.552451;gPO_sBM_cAll_d10_mPO3_ch02:0.552109,Electronic---Electro:0.261323;Electronic---Synthwave:0.207569;Electronic---Ambient:0.162870;Electronic---Synth-pop:0.142390;Electronic---Techno:0.136366,WA:v0:k1:r1,,JB3,0.702185,gPO_sBM_cAll_d10_mPO0_ch01,0.585947,96.153846
5.400000,5.420464000,,hermite,loading,,,,,0,1.0,0,gWA_sBM_cAll_d26_mWA0_ch05,,,5.080000,gPO_sBM_cAll_d10_mPO0_ch01;gPO_sBM_cAll_d11_mPO0_ch01;gPO_sBM_cAll_d11_mPO0_ch02;gPO_sBM_cAll_d10_mPO0_ch02;gPO_sBM_cAll_d12_mPO3_ch02,,,,,,0.410779411,,0.000000,,,,,,,,,,0.000000,beat-sync,1.600000,1.185345,,0.021025530,0.356858514,left_wrist_yaw,5.703876024,left_wrist_yaw,0.356858514,left_wrist_yaw,6.886244146,left_wrist_yaw,0.080789,-0.229920,0.933116,-2.757860,0.000000000,0.000000000,0.000000000,0.000000000,0.000000000,0.000000000,5.112000,0.000000000,0.000000000,,10.384224,8.645483,323.539551,,0.002239746,0,1,0,3,gPO_sBM_cAll_d10_mPO0_ch01;gPO_sBM_cAll_d11_mPO0_ch01;gPO_sBM_cAll_d11_mPO0_ch02,,68.899600,852.643600,94.141000,3125.686900,accepted,0.930268,,0.873214,0.151778988,43.263060,0.162870,PO,0.727398,0.003675,0.004979,JB3:0.702185;JB1:0.698511;JB5:0.696486;JB2:0.607221;JB4:0.603967,gPO_sBM_cAll_d10_mPO0_ch01:0.585947;gPO_sBM_cAll_d11_mPO0_ch01:0.580968;gPO_sBM_cAll_d11_mPO0_ch02:0.579165;gPO_sBM_cAll_d10_mPO0_ch02:0.578207;gPO_sBM_cAll_d10_mPO2_ch02:0.555003;gPO_sBM_cAll_d12_mPO2_ch02:0.554939;gPO_sBM_cAll_d12_mPO2_ch01:0.553674;gPO_sBM_cAll_d12_mPO3_ch02:0.553667;gPO_sBM_cAll_d12_mPO3_ch01:0.552451;gPO_sBM_cAll_d10_mPO3_ch02:0.552109,Electronic---Electro:0.261323;Electronic---Synthwave:0.207569;Electronic---Ambient:0.162870;Electronic---Synth-pop:0.142390;Electronic---Techno:0.136366,WA:v0:k1:r1,,JB3,0.702185,gPO_sBM_cAll_d10_mPO0_ch01,0.585947,96.153846
5.464000,5.485704600,,hermite,loading,,,,,0,1.0,0,gWA_sBM_cAll_d26_mWA0_ch05,,,5.080000,gPO_sBM_cAll_d10_mPO0_ch01;gPO_sBM_cAll_d11_mPO0_ch01;gPO_sBM_cAll_d11_mPO0_ch02;gPO_sBM_cAll_d10_mPO0_ch02;gPO_sBM_cAll_d12_mPO3_ch02,,,,,,0.419533930,,0.000000,,,,,,,,,,0.000000,beat-sync,1.600000,1.185345,,0.018900836,0.206354785,left_wrist_yaw,6.689569493,left_wrist_yaw,0.206354785,left_wrist_yaw,7.930126812,left_wrist_yaw,0.057314,-0.227502,0.957186,-2.883740,0.000000000,0.000000000,0.000000000,0.000000000,0.000000000,0.000000000,5.112000,0.000000000,0.000000000,,10.955945,9.287662,235.634238,,0.002862023,0,1,0,3,gPO_sBM_cAll_d10_mPO0_ch01;gPO_sBM_cAll_d11_mPO0_ch01;gPO_sBM_cAll_d11_mPO0_ch02,,68.899600,852.643600,94.141000,3125.686900,accepted,0.930268,,0.873214,0.151778988,43.263060,0.162870,PO,0.727398,0.003675,0.004979,JB3:0.702185;JB1:0.698511;JB5:0.696486;JB2:0.607221;JB4:0.603967,gPO_sBM_cAll_d10_mPO0_ch01:0.585947;gPO_sBM_cAll_d11_mPO0_ch01:0.580968;gPO_sBM_cAll_d11_mPO0_ch02:0.579165;gPO_sBM_cAll_d10_mPO0_ch02:0.578207;gPO_sBM_cAll_d10_mPO2_ch02:0.555003;gPO_sBM_cAll_d12_mPO2_ch02:0.554939;gPO_sBM_cAll_d12_mPO2_ch01:0.553674;gPO_sBM_cAll_d12_mPO3_ch02:0.553667;gPO_sBM_cAll_d12_mPO3_ch01:0.552451;gPO_sBM_cAll_d10_mPO3_ch02:0.552109,Electronic---Electro:0.261323;Electronic---Synthwave:0.207569;Electronic---Ambient:0.162870;Electronic---Synth-pop:0.142390;Electronic---Techno:0.136366,WA:v0:k1:r1,,JB3,0.702185,gPO_sBM_cAll_d10_mPO0_ch01,0.585947,96.153846
5.528000,5.552086900,,hermite,loading,,,,,0,1.0,0,gWA_sBM_cAll_d26_mWA0_ch05,,,5.080000,gPO_sBM_cAll_d10_mPO0_ch01;gPO_sBM_cAll_d11_mPO0_ch01;gPO_sBM_cAll_d11_mPO0_ch02;gPO_sBM_cAll_d10_mPO0_ch02;gPO_sBM_cAll_d12_mPO3_ch02,,,,,,0.428385637,,0.000000,,,,,,,,,,0.000000,beat-sync,1.600000,1.185345,,0.016715652,0.107593229,left_wrist_yaw,0.026302168,right_wrist_roll,0.107593229,left_wrist_yaw,0.031784329,right_wrist_roll,0.030720,-0.235820,0.943262,-2.980229,0.000000000,0.000000000,0.000000000,0.000000000,0.000000000,0.000000000,5.112000,0.000000000,0.000000000,,0.072981,0.061828,5.922893,,0.002831697,0,1,0,3,gPO_sBM_cAll_d10_mPO0_ch01;gPO_sBM_cAll_d11_mPO0_ch01;gPO_sBM_cAll_d11_mPO0_ch02,,68.899600,852.643600,94.141000,3125.686900,accepted,0.930268,,0.873214,0.151778988,43.263060,0.162870,PO,0.727398,0.003675,0.004979,JB3:0.702185;JB1:0.698511;JB5:0.696486;JB2:0.607221;JB4:0.603967,gPO_sBM_cAll_d10_mPO0_ch01:0.585947;gPO_sBM_cAll_d11_mPO0_ch01:0.580968;gPO_sBM_cAll_d11_mPO0_ch02:0.579165;gPO_sBM_cAll_d10_mPO0_ch02:0.578207;gPO_sBM_cAll_d10_mPO2_ch02:0.555003;gPO_sBM_cAll_d12_mPO2_ch02:0.554939;gPO_sBM_cAll_d12_mPO2_ch01:0.553674;gPO_sBM_cAll_d12_mPO3_ch02:0.553667;gPO_sBM_cAll_d12_mPO3_ch01:0.552451;gPO_sBM_cAll_d10_mPO3_ch02:0.552109,Electronic---Electro:0.261323;Electronic---Synthwave:0.207569;Electronic---Ambient:0.162870;Electronic---Synth-pop:0.142390;Electronic---Techno:0.136366,WA:v0:k1:r1,,JB3,0.702185,gPO_sBM_cAll_d10_mPO0_ch01,0.585947,96.153846
5.560000,5.585345800,,hermite,loading,,,,,0,1.0,0,gWA_sBM_cAll_d26_mWA0_ch05,,,5.080000,gPO_sBM_cAll_d10_mPO0_ch01;gPO_sBM_cAll_d11_mPO0_ch01;gPO_sBM_cAll_d11_mPO0_ch02;gPO_sBM_cAll_d10_mPO0_ch02;gPO_sBM_cAll_d12_mPO3_ch02,,,,,,0.432830531,,0.000000,,,,,,,,,,0.000000,beat-sync,1.600000,1.041667,,0.036656279,0.095499265,left_wrist_yaw,2.688194508,right_wrist_yaw,0.095499265,left_wrist_yaw,3.984139452,right_wrist_yaw,0.011743,-0.236340,0.924969,-2.987171,0.000000000,0.000000000,0.000000000,0.000000000,0.000000000,0.000000000,5.528000,0.000000000,0.000000000,,5.421130,4.396438,799.419405,,0.002816773,0,1,0,3,gPO_sBM_cAll_d10_mPO0_ch01;gPO_sBM_cAll_d11_mPO0_ch01;gPO_sBM_cAll_d11_mPO0_ch02,,68.899600,852.643600,94.141000,3125.686900,accepted,0.930268,,0.873214,0.151778988,43.263060,0.162870,PO,0.727398,0.003675,0.004979,JB3:0.702185;JB1:0.698511;JB5:0.696486;JB2:0.607221;JB4:0.603967,gPO_sBM_cAll_d10_mPO0_ch01:0.585947;gPO_sBM_cAll_d11_mPO0_ch01:0.580968;gPO_sBM_cAll_d11_mPO0_ch02:0.579165;gPO_sBM_cAll_d10_mPO0_ch02:0.578207;gPO_sBM_cAll_d10_mPO2_ch02:0.555003;gPO_sBM_cAll_d12_mPO2_ch02:0.554939;gPO_sBM_cAll_d12_mPO2_ch01:0.553674;gPO_sBM_cAll_d12_mPO3_ch02:0.553667;gPO_sBM_cAll_d12_mPO3_ch01:0.552451;gPO_sBM_cAll_d10_mPO3_ch02:0.552109,Electronic---Electro:0.261323;Electronic---Synthwave:0.207569;Electronic---Ambient:0.162870;Electronic---Synth-pop:0.142390;Electronic---Techno:0.136366,WA:v0:k1:r1,,JB3,0.702185,gPO_sBM_cAll_d10_mPO0_ch01,0.585947,96.153846
5.592000,5.635544000,beat_limiter_result,hermite,loading,,,,,1,1.0,0,gWA_sBM_cAll_d26_mWA0_ch05,,,5.080000,gPO_sBM_cAll_d10_mPO0_ch01;gPO_sBM_cAll_d11_mPO0_ch01;gPO_sBM_cAll_d11_mPO0_ch02;gPO_sBM_cAll_d10_mPO0_ch02;gPO_sBM_cAll_d12_mPO3_ch02,,,,,,0.439528901,,0.000000,,,,,,,,,,0.000000,beat-sync,1.600000,1.041667,,0.034845305,0.196169075,right_wrist_yaw,1.669846808,left_wrist_yaw,0.196169075,right_wrist_yaw,2.049092927,left_wrist_yaw,0.003148,-0.233353,0.919671,-2.960093,0.000000000,0.000000000,0.000000000,0.000000000,0.000000000,0.000000000,5.528000,0.000000000,0.000000000,,19.323807,13.355951,967.037514,right_elbow,0.004101871,0,1,0,3,gPO_sBM_cAll_d10_mPO0_ch01;gPO_sBM_cAll_d11_mPO0_ch01;gPO_sBM_cAll_d11_mPO0_ch02,,68.899600,852.643600,94.141000,3125.686900,accepted,0.930268,,0.873214,0.151778988,43.263060,0.162870,PO,0.727398,0.003675,0.004979,JB3:0.702185;JB1:0.698511;JB5:0.696486;JB2:0.607221;JB4:0.603967,gPO_sBM_cAll_d10_mPO0_ch01:0.585947;gPO_sBM_cAll_d11_mPO0_ch01:0.580968;gPO_sBM_cAll_d11_mPO0_ch02:0.579165;gPO_sBM_cAll_d10_mPO0_ch02:0.578207;gPO_sBM_cAll_d10_mPO2_ch02:0.555003;gPO_sBM_cAll_d12_mPO2_ch02:0.554939;gPO_sBM_cAll_d12_mPO2_ch01:0.553674;gPO_sBM_cAll_d12_mPO3_ch02:0.553667;gPO_sBM_cAll_d12_mPO3_ch01:0.552451;gPO_sBM_cAll_d10_mPO3_ch02:0.552109,Electronic---Electro:0.261323;Electronic---Synthwave:0.207569;Electronic---Ambient:0.162870;Electronic---Synth-pop:0.142390;Electronic---Techno:0.136366,WA:v0:k1:r1,,JB3,0.702185,gPO_sBM_cAll_d10_mPO0_ch01,0.585947,96.153846
5.624000,5.643709600,,hermite,loading,,,,,1,1.0,0,gWA_sBM_cAll_d26_mWA0_ch05,,,5.080000,gPO_sBM_cAll_d10_mPO0_ch01;gPO_sBM_cAll_d11_mPO0_ch01;gPO_sBM_cAll_d11_mPO0_ch02;gPO_sBM_cAll_d10_mPO0_ch02;gPO_sBM_cAll_d12_mPO3_ch02,,,,,,0.440599428,,0.000000,,,,,,,,,,0.000000,beat-sync,1.600000,1.041667,,0.034545424,0.182175181,right_wrist_yaw,2.609139859,left_wrist_yaw,0.182175181,right_wrist_yaw,3.191702094,left_wrist_yaw,-0.002735,-0.235070,0.922576,-2.960789,0.000000000,0.000000000,0.000000000,0.000000000,0.000000000,0.000000000,5.528000,0.000000000,0.000000000,,5.841254,4.855199,1391.952130,,0.004096516,0,1,0,3,gPO_sBM_cAll_d10_mPO0_ch01;gPO_sBM_cAll_d11_mPO0_ch01;gPO_sBM_cAll_d11_mPO0_ch02,,68.899600,852.643600,94.141000,3125.686900,accepted,0.930268,,0.873214,0.151778988,43.263060,0.162870,PO,0.727398,0.003675,0.004979,JB3:0.702185;JB1:0.698511;JB5:0.696486;JB2:0.607221;JB4:0.603967,gPO_sBM_cAll_d10_mPO0_ch01:0.585947;gPO_sBM_cAll_d11_mPO0_ch01:0.580968;gPO_sBM_cAll_d11_mPO0_ch02:0.579165;gPO_sBM_cAll_d10_mPO0_ch02:0.578207;gPO_sBM_cAll_d10_mPO2_ch02:0.555003;gPO_sBM_cAll_d12_mPO2_ch02:0.554939;gPO_sBM_cAll_d12_mPO2_ch01:0.553674;gPO_sBM_cAll_d12_mPO3_ch02:0.553667;gPO_sBM_cAll_d12_mPO3_ch01:0.552451;gPO_sBM_cAll_d10_mPO3_ch02:0.552109,Electronic---Electro:0.261323;Electronic---Synthwave:0.207569;Electronic---Ambient:0.162870;Electronic---Synth-pop:0.142390;Electronic---Techno:0.136366,WA:v0:k1:r1,,JB3,0.702185,gPO_sBM_cAll_d10_mPO0_ch01,0.585947,96.153846
5.656000,5.677096900,,hermite,loading,,,,,0,1.0,0,gWA_sBM_cAll_d26_mWA0_ch05,,,5.080000,gPO_sBM_cAll_d10_mPO0_ch01;gPO_sBM_cAll_d11_mPO0_ch01;gPO_sBM_cAll_d11_mPO0_ch02;gPO_sBM_cAll_d10_mPO0_ch02;gPO_sBM_cAll_d12_mPO3_ch02,,,,,,0.445084190,,0.000000,,,,,,,,,,0.000000,beat-sync,1.600000,1.041667,,0.033261483,0.193908121,left_wrist_yaw,4.091958546,left_wrist_yaw,0.193908121,left_wrist_yaw,5.183578763,left_wrist_yaw,-0.016824,-0.234281,0.935518,-2.973112,0.000000000,0.000000000,0.000000000,0.000000000,0.000000000,0.000000000,5.528000,0.000000000,0.000000000,,10.823524,9.083558,198.711310,,0.004075235,0,1,0,3,gPO_sBM_cAll_d10_mPO0_ch01;gPO_sBM_cAll_d11_mPO0_ch01;gPO_sBM_cAll_d11_mPO0_ch02,,68.899600,852.643600,94.141000,3125.686900,accepted,0.930268,,0.873214,0.151778988,43.263060,0.162870,PO,0.727398,0.003675,0.004979,JB3:0.702185;JB1:0.698511;JB5:0.696486;JB2:0.607221;JB4:0.603967,gPO_sBM_cAll_d10_mPO0_ch01:0.585947;gPO_sBM_cAll_d11_mPO0_ch01:0.580968;gPO_sBM_cAll_d11_mPO0_ch02:0.579165;gPO_sBM_cAll_d10_mPO0_ch02:0.578207;gPO_sBM_cAll_d10_mPO2_ch02:0.555003;gPO_sBM_cAll_d12_mPO2_ch02:0.554939;gPO_sBM_cAll_d12_mPO2_ch01:0.553674;gPO_sBM_cAll_d12_mPO3_ch02:0.553667;gPO_sBM_cAll_d12_mPO3_ch01:0.552451;gPO_sBM_cAll_d10_mPO3_ch02:0.552109,Electronic---Electro:0.261323;Electronic---Synthwave:0.207569;Electronic---Ambient:0.162870;Electronic---Synth-pop:0.142390;Electronic---Techno:0.136366,WA:v0:k1:r1,,JB3,0.702185,gPO_sBM_cAll_d10_mPO0_ch01,0.585947,96.153846
5.720000,5.735408100,,hermite,loading,,,,,0,1.0,0,gWA_sBM_cAll_d26_mWA0_ch05,,,5.080000,gPO_sBM_cAll_d10_mPO0_ch01;gPO_sBM_cAll_d11_mPO0_ch01;gPO_sBM_cAll_d11_mPO0_ch02;gPO_sBM_cAll_d10_mPO0_ch02;gPO_sBM_cAll_d12_mPO3_ch02,,,,,,0.452850016,,0.000000,,,,,,,,,,0.000000,beat-sync,1.600000,1.041667,,0.030948141,0.316896249,left_wrist_yaw,0.839669793,left_wrist_yaw,0.316896249,left_wrist_yaw,1.060478354,left_wrist_yaw,-0.028513,-0.216974,0.951194,-3.000112,0.000000000,0.000000000,0.000000000,0.000000000,0.000000000,0.000000000,5.528000,0.000000000,0.000000000,,4.854964,4.021041,454.236087,,0.004038521,0,1,0,3,gPO_sBM_cAll_d10_mPO0_ch01;gPO_sBM_cAll_d11_mPO0_ch01;gPO_sBM_cAll_d11_mPO0_ch02,,68.899600,852.643600,94.141000,3125.686900,accepted,0.930268,,0.873214,0.151778988,43.263060,0.162870,PO,0.727398,0.003675,0.004979,JB3:0.702185;JB1:0.698511;JB5:0.696486;JB2:0.607221;JB4:0.603967,gPO_sBM_cAll_d10_mPO0_ch01:0.585947;gPO_sBM_cAll_d11_mPO0_ch01:0.580968;gPO_sBM_cAll_d11_mPO0_ch02:0.579165;gPO_sBM_cAll_d10_mPO0_ch02:0.578207;gPO_sBM_cAll_d10_mPO2_ch02:0.555003;gPO_sBM_cAll_d12_mPO2_ch02:0.554939;gPO_sBM_cAll_d12_mPO2_ch01:0.553674;gPO_sBM_cAll_d12_mPO3_ch02:0.553667;gPO_sBM_cAll_d12_mPO3_ch01:0.552451;gPO_sBM_cAll_d10_mPO3_ch02:0.552109,Electronic---Electro:0.261323;Electronic---Synthwave:0.207569;Electronic---Ambient:0.162870;Electronic---Synth-pop:0.142390;Electronic---Techno:0.136366,WA:v0:k1:r1,,JB3,0.702185,gPO_sBM_cAll_d10_mPO0_ch01,0.585947,96.153846
5.752000,5.769370000,,hermite,loading,,,,,0,1.0,0,gWA_sBM_cAll_d26_mWA0_ch05,,,5.080000,gPO_sBM_cAll_d10_mPO0_ch01;gPO_sBM_cAll_d11_mPO0_ch01;gPO_sBM_cAll_d11_mPO0_ch02;gPO_sBM_cAll_d10_mPO0_ch02;gPO_sBM_cAll_d12_mPO3_ch02,,,,,,0.457336393,,0.000000,,,,,,,,,,0.000000,beat-sync,1.600000,1.041667,,0.029568596,0.206118689,left_wrist_yaw,4.917563497,left_wrist_yaw,0.206118689,left_wrist_yaw,5.829508488,left_wrist_yaw,-0.030187,-0.193347,0.956713,-3.043443,0.000000000,0.000000000,0.000000000,0.000000000,0.000000000,0.000000000,5.528000,0.000000000,0.000000000,,12.881095,10.729972,300.949510,,0.004017837,0,1,0,3,gPO_sBM_cAll_d10_mPO0_ch01;gPO_sBM_cAll_d11_mPO0_ch01;gPO_sBM_cAll_d11_mPO0_ch02,,68.899600,852.643600,94.141000,3125.686900,accepted,0.930268,,0.873214,0.151778988,43.263060,0.162870,PO,0.727398,0.003675,0.004979,JB3:0.702185;JB1:0.698511;JB5:0.696486;JB2:0.607221;JB4:0.603967,gPO_sBM_cAll_d10_mPO0_ch01:0.585947;gPO_sBM_cAll_d11_mPO0_ch01:0.580968;gPO_sBM_cAll_d11_mPO0_ch02:0.579165;gPO_sBM_cAll_d10_mPO0_ch02:0.578207;gPO_sBM_cAll_d10_mPO2_ch02:0.555003;gPO_sBM_cAll_d12_mPO2_ch02:0.554939;gPO_sBM_cAll_d12_mPO2_ch01:0.553674;gPO_sBM_cAll_d12_mPO3_ch02:0.553667;gPO_sBM_cAll_d12_mPO3_ch01:0.552451;gPO_sBM_cAll_d10_mPO3_ch02:0.552109,Electronic---Electro:0.261323;Electronic---Synthwave:0.207569;Electronic---Ambient:0.162870;Electronic---Synth-pop:0.142390;Electronic---Techno:0.136366,WA:v0:k1:r1,,JB3,0.702185,gPO_sBM_cAll_d10_mPO0_ch01,0.585947,96.153846
5.816000,5.827841400,,hermite,loading,,,,,0,1.0,0,gWA_sBM_cAll_d26_mWA0_ch05,,,5.080000,gPO_sBM_cAll_d10_mPO0_ch01;gPO_sBM_cAll_d11_mPO0_ch01;gPO_sBM_cAll_d11_mPO0_ch02;gPO_sBM_cAll_d10_mPO0_ch02;gPO_sBM_cAll_d12_mPO3_ch02,,,,,,0.465141394,,0.000000,,,,,,,,,,0.000000,beat-sync,1.600000,1.041667,,0.027108745,0.071262185,right_wrist_roll,0.048140473,right_wrist_roll,0.071262185,right_wrist_roll,0.055194558,right_wrist_roll,-0.027904,-0.165934,0.965335,3.041456,0.000000000,0.000000000,0.000000000,0.000000000,0.000000000,0.000000000,5.528000,0.000000000,0.000000000,,0.145884,0.116666,14.873254,,0.004113426,0,1,0,3,gPO_sBM_cAll_d10_mPO0_ch01;gPO_sBM_cAll_d11_mPO0_ch01;gPO_sBM_cAll_d11_mPO0_ch02,,68.899600,852.643600,94.141000,3125.686900,accepted,0.930268,,0.873214,0.151778988,43.263060,0.162870,PO,0.727398,0.003675,0.004979,JB3:0.702185;JB1:0.698511;JB5:0.696486;JB2:0.607221;JB4:0.603967,gPO_sBM_cAll_d10_mPO0_ch01:0.585947;gPO_sBM_cAll_d11_mPO0_ch01:0.580968;gPO_sBM_cAll_d11_mPO0_ch02:0.579165;gPO_sBM_cAll_d10_mPO0_ch02:0.578207;gPO_sBM_cAll_d10_mPO2_ch02:0.555003;gPO_sBM_cAll_d12_mPO2_ch02:0.554939;gPO_sBM_cAll_d12_mPO2_ch01:0.553674;gPO_sBM_cAll_d12_mPO3_ch02:0.553667;gPO_sBM_cAll_d12_mPO3_ch01:0.552451;gPO_sBM_cAll_d10_mPO3_ch02:0.552109,Electronic---Electro:0.261323;Electronic---Synthwave:0.207569;Electronic---Ambient:0.162870;Electronic---Synth-pop:0.142390;Electronic---Techno:0.136366,WA:v0:k1:r1,,JB3,0.702185,gPO_sBM_cAll_d10_mPO0_ch01,0.585947,96.153846
5.880000,5.893662400,,hermite,loading,,,,,1,1.0,0,gWA_sBM_cAll_d26_mWA0_ch05,,,5.080000,gPO_sBM_cAll_d10_mPO0_ch01;gPO_sBM_cAll_d11_mPO0_ch01;gPO_sBM_cAll_d11_mPO0_ch02;gPO_sBM_cAll_d10_mPO0_ch02;gPO_sBM_cAll_d12_mPO3_ch02,,,,,,0.474016053,,0.000000,,,,,,,,,,0.000000,beat-sync,1.600000,1.041667,,0.024238915,0.128909371,left_wrist_yaw,8.746918363,left_wrist_yaw,0.122749551,left_wrist_yaw,10.395396159,left_wrist_yaw,-0.038913,-0.162705,0.975365,2.939794,0.000000000,0.000000000,0.000000000,0.000000000,0.000000000,0.000000000,5.528000,0.000000000,0.000000000,,21.349049,8.900968,1141.566057,left_elbow;left_hip_pitch;left_hip_roll;left_hip_yaw;left_knee;left_shoulder_pitch;left_wrist_yaw;right_elbow;right_hip_roll;right_knee;right_shoulder_pitch;right_shoulder_yaw;waist_roll,0.004635245,0,1,0,3,gPO_sBM_cAll_d10_mPO0_ch01;gPO_sBM_cAll_d11_mPO0_ch01;gPO_sBM_cAll_d11_mPO0_ch02,,68.899600,852.643600,94.141000,3125.686900,accepted,0.930268,,0.873214,0.151778988,43.263060,0.162870,PO,0.727398,0.003675,0.004979,JB3:0.702185;JB1:0.698511;JB5:0.696486;JB2:0.607221;JB4:0.603967,gPO_sBM_cAll_d10_mPO0_ch01:0.585947;gPO_sBM_cAll_d11_mPO0_ch01:0.580968;gPO_sBM_cAll_d11_mPO0_ch02:0.579165;gPO_sBM_cAll_d10_mPO0_ch02:0.578207;gPO_sBM_cAll_d10_mPO2_ch02:0.555003;gPO_sBM_cAll_d12_mPO2_ch02:0.554939;gPO_sBM_cAll_d12_mPO2_ch01:0.553674;gPO_sBM_cAll_d12_mPO3_ch02:0.553667;gPO_sBM_cAll_d12_mPO3_ch01:0.552451;gPO_sBM_cAll_d10_mPO3_ch02:0.552109,Electronic---Electro:0.261323;Electronic---Synthwave:0.207569;Electronic---Ambient:0.162870;Electronic---Synth-pop:0.142390;Electronic---Techno:0.136366,WA:v0:k1:r1,,JB3,0.702185,gPO_sBM_cAll_d10_mPO0_ch01,0.585947,96.153846
5.912000,5.927353200,,hermite,loading,,,,,1,1.0,0,gWA_sBM_cAll_d26_mWA0_ch05,,,5.080000,gPO_sBM_cAll_d10_mPO0_ch01;gPO_sBM_cAll_d11_mPO0_ch01;gPO_sBM_cAll_d11_mPO0_ch02;gPO_sBM_cAll_d10_mPO0_ch02;gPO_sBM_cAll_d12_mPO3_ch02,,,,,,0.478432293,,0.000000,,,,,,,,,,0.000000,beat-sync,1.600000,1.041667,,0.022788135,0.159567298,left_wrist_yaw,1.492517903,right_wrist_yaw,0.159567298,left_wrist_yaw,3.389467008,right_wrist_yaw,-0.047357,-0.167720,0.979309,2.860969,0.000000000,0.000000000,0.000000000,0.000000000,0.000000000,0.000000000,5.528000,0.000000000,0.000000000,,45.382395,11.477051,1604.185549,left_hip_pitch;left_knee;left_shoulder_roll;right_elbow;right_shoulder_pitch,0.005301724,0,1,0,3,gPO_sBM_cAll_d10_mPO0_ch01;gPO_sBM_cAll_d11_mPO0_ch01;gPO_sBM_cAll_d11_mPO0_ch02,,68.899600,852.643600,94.141000,3125.686900,accepted,0.930268,,0.873214,0.151778988,43.263060,0.162870,PO,0.727398,0.003675,0.004979,JB3:0.702185;JB1:0.698511;JB5:0.696486;JB2:0.607221;JB4:0.603967,gPO_sBM_cAll_d10_mPO0_ch01:0.585947;gPO_sBM_cAll_d11_mPO0_ch01:0.580968;gPO_sBM_cAll_d11_mPO0_ch02:0.579165;gPO_sBM_cAll_d10_mPO0_ch02:0.578207;gPO_sBM_cAll_d10_mPO2_ch02:0.555003;gPO_sBM_cAll_d12_mPO2_ch02:0.554939;gPO_sBM_cAll_d12_mPO2_ch01:0.553674;gPO_sBM_cAll_d12_mPO3_ch02:0.553667;gPO_sBM_cAll_d12_mPO3_ch01:0.552451;gPO_sBM_cAll_d10_mPO3_ch02:0.552109,Electronic---Electro:0.261323;Electronic---Synthwave:0.207569;Electronic---Ambient:0.162870;Electronic---Synth-pop:0.142390;Electronic---Techno:0.136366,WA:v0:k1:r1,,JB3,0.702185,gPO_sBM_cAll_d10_mPO0_ch01,0.585947,96.153846
5.976000,5.985235000,,hermite,loading,,,,,1,1.0,0,gWA_sBM_cAll_d26_mWA0_ch05,,,5.080000,gPO_sBM_cAll_d10_mPO0_ch01;gPO_sBM_cAll_d11_mPO0_ch01;gPO_sBM_cAll_d11_mPO0_ch02;gPO_sBM_cAll_d10_mPO0_ch02;gPO_sBM_cAll_d12_mPO3_ch02,,,,,,0.486211057,,0.000000,,,,,,,,,,0.000000,beat-sync,1.600000,1.041667,,0.020203845,0.197831067,right_wrist_yaw,0.648491638,right_wrist_yaw,0.197831067,right_wrist_yaw,0.839536582,right_wrist_yaw,-0.071933,-0.170299,0.990323,2.875000,0.000000000,0.000000000,0.000000000,0.000000000,0.000000000,0.000000000,5.528000,0.000000000,0.000000000,,46.086277,13.178590,1128.251780,left_hip_pitch;left_knee,0.005597573,0,1,0,3,gPO_sBM_cAll_d10_mPO0_ch01;gPO_sBM_cAll_d11_mPO0_ch01;gPO_sBM_cAll_d11_mPO0_ch02,,68.899600,852.643600,94.141000,3125.686900,accepted,0.930268,,0.873214,0.151778988,43.263060,0.162870,PO,0.727398,0.003675,0.004979,JB3:0.702185;JB1:0.698511;JB5:0.696486;JB2:0.607221;JB4:0.603967,gPO_sBM_cAll_d10_mPO0_ch01:0.585947;gPO_sBM_cAll_d11_mPO0_ch01:0.580968;gPO_sBM_cAll_d11_mPO0_ch02:0.579165;gPO_sBM_cAll_d10_mPO0_ch02:0.578207;gPO_sBM_cAll_d10_mPO2_ch02:0.555003;gPO_sBM_cAll_d12_mPO2_ch02:0.554939;gPO_sBM_cAll_d12_mPO2_ch01:0.553674;gPO_sBM_cAll_d12_mPO3_ch02:0.553667;gPO_sBM_cAll_d12_mPO3_ch01:0.552451;gPO_sBM_cAll_d10_mPO3_ch02:0.552109,Electronic---Electro:0.261323;Electronic---Synthwave:0.207569;Electronic---Ambient:0.162870;Electronic---Synth-pop:0.142390;Electronic---Techno:0.136366,WA:v0:k1:r1,,JB3,0.702185,gPO_sBM_cAll_d10_mPO0_ch01,0.585947,96.153846
6.008000,6.018724400,,hermite,loading,,,,,1,1.0,0,gWA_sBM_cAll_d26_mWA0_ch05,,,5.080000,gPO_sBM_cAll_d10_mPO0_ch01;gPO_sBM_cAll_d11_mPO0_ch01;gPO_sBM_cAll_d11_mPO0_ch02;gPO_sBM_cAll_d10_mPO0_ch02;gPO_sBM_cAll_d12_mPO3_ch02,,,,,,0.490690078,,0.000000,,,,,,,,,,0.000000,beat-sync,1.600000,1.041667,,0.018701983,0.203380262,right_wrist_yaw,0.708354186,left_wrist_yaw,0.203380262,right_wrist_yaw,0.814526024,left_wrist_yaw,-0.095327,-0.185594,0.971391,2.914601,0.000000000,0.000000000,0.000000000,0.000000000,0.000000000,0.000000000,5.528000,0.000000000,0.000000000,,37.246345,13.419779,164.754441,,0.005655002,0,1,0,3,gPO_sBM_cAll_d10_mPO0_ch01;gPO_sBM_cAll_d11_mPO0_ch01;gPO_sBM_cAll_d11_mPO0_ch02,,68.899600,852.643600,94.141000,3125.686900,accepted,0.930268,,0.873214,0.151778988,43.263060,0.162870,PO,0.727398,0.003675,0.004979,JB3:0.702185;JB1:0.698511;JB5:0.696486;JB2:0.607221;JB4:0.603967,gPO_sBM_cAll_d10_mPO0_ch01:0.585947;gPO_sBM_cAll_d11_mPO0_ch01:0.580968;gPO_sBM_cAll_d11_mPO0_ch02:0.579165;gPO_sBM_cAll_d10_mPO0_ch02:0.578207;gPO_sBM_cAll_d10_mPO2_ch02:0.555003;gPO_sBM_cAll_d12_mPO2_ch02:0.554939;gPO_sBM_cAll_d12_mPO2_ch01:0.553674;gPO_sBM_cAll_d12_mPO3_ch02:0.553667;gPO_sBM_cAll_d12_mPO3_ch01:0.552451;gPO_sBM_cAll_d10_mPO3_ch02:0.552109,Electronic---Electro:0.261323;Electronic---Synthwave:0.207569;Electronic---Ambient:0.162870;Electronic---Synth-pop:0.142390;Electronic---Techno:0.136366,WA:v0:k1:r1,,JB3,0.702185,gPO_sBM_cAll_d10_mPO0_ch01,0.585947,96.153846
6.072000,6.077252500,,hermite,loading,,,,,0,1.0,0,gWA_sBM_cAll_d26_mWA0_ch05,,,5.080000,gPO_sBM_cAll_d10_mPO0_ch01;gPO_sBM_cAll_d11_mPO0_ch01;gPO_sBM_cAll_d11_mPO0_ch02;gPO_sBM_cAll_d10_mPO0_ch02;gPO_sBM_cAll_d12_mPO3_ch02,,,,,,0.498507082,,0.000000,,,,,,,,,,0.000000,beat-sync,1.600000,1.041667,,0.016061592,0.326246041,left_wrist_yaw,3.814414136,left_wrist_yaw,0.326246041,left_wrist_yaw,4.424478996,left_wrist_yaw,-0.147957,-0.213156,0.943846,2.736027,0.000000000,0.000000000,0.000000000,0.000000000,0.000000000,0.000000000,5.528000,0.000000000,0.000000000,,7.289663,6.135971,447.208404,,0.005690920,0,1,0,3,gPO_sBM_cAll_d10_mPO0_ch01;gPO_sBM_cAll_d11_mPO0_ch01;gPO_sBM_cAll_d11_mPO0_ch02,,68.899600,852.643600,94.141000,3125.686900,accepted,0.930268,,0.873214,0.151778988,43.263060,0.162870,PO,0.727398,0.003675,0.004979,JB3:0.702185;JB1:0.698511;JB5:0.696486;JB2:0.607221;JB4:0.603967,gPO_sBM_cAll_d10_mPO0_ch01:0.585947;gPO_sBM_cAll_d11_mPO0_ch01:0.580968;gPO_sBM_cAll_d11_mPO0_ch02:0.579165;gPO_sBM_cAll_d10_mPO0_ch02:0.578207;gPO_sBM_cAll_d10_mPO2_ch02:0.555003;gPO_sBM_cAll_d12_mPO2_ch02:0.554939;gPO_sBM_cAll_d12_mPO2_ch01:0.553674;gPO_sBM_cAll_d12_mPO3_ch02:0.553667;gPO_sBM_cAll_d12_mPO3_ch01:0.552451;gPO_sBM_cAll_d10_mPO3_ch02:0.552109,Electronic---Electro:0.261323;Electronic---Synthwave:0.207569;Electronic---Ambient:0.162870;Electronic---Synth-pop:0.142390;Electronic---Techno:0.136366,WA:v0:k1:r1,,JB3,0.702185,gPO_sBM_cAll_d10_mPO0_ch01,0.585947,96.153846
6.104000,6.128150200,,hermite,loading,,,,,0,1.0,0,gWA_sBM_cAll_d26_mWA0_ch05,,,5.080000,gPO_sBM_cAll_d10_mPO0_ch01;gPO_sBM_cAll_d11_mPO0_ch01;gPO_sBM_cAll_d11_mPO0_ch02;gPO_sBM_cAll_d10_mPO0_ch02;gPO_sBM_cAll_d12_mPO3_ch02,,,,,,0.505164208,,0.000000,,,,,,,,,,0.000000,beat-sync,1.600000,1.041667,,0.013797393,0.260071479,left_wrist_yaw,4.389828134,left_wrist_yaw,0.260071479,left_wrist_yaw,4.688244258,left_wrist_yaw,-0.205585,-0.231381,0.942155,2.552021,0.000000000,0.000000000,0.000000000,0.000000000,0.000000000,0.000000000,5.528000,0.000000000,0.000000000,,9.966176,8.343713,201.417314,,0.005649481,0,1,0,3,gPO_sBM_cAll_d10_mPO0_ch01;gPO_sBM_cAll_d11_mPO0_ch01;gPO_sBM_cAll_d11_mPO0_ch02,,68.899600,852.643600,94.141000,3125.686900,accepted,0.930268,,0.873214,0.151778988,43.263060,0.162870,PO,0.727398,0.003675,0.004979,JB3:0.702185;JB1:0.698511;JB5:0.696486;JB2:0.607221;JB4:0.603967,gPO_sBM_cAll_d10_mPO0_ch01:0.585947;gPO_sBM_cAll_d11_mPO0_ch01:0.580968;gPO_sBM_cAll_d11_mPO0_ch02:0.579165;gPO_sBM_cAll_d10_mPO0_ch02:0.578207;gPO_sBM_cAll_d10_mPO2_ch02:0.555003;gPO_sBM_cAll_d12_mPO2_ch02:0.554939;gPO_sBM_cAll_d12_mPO2_ch01:0.553674;gPO_sBM_cAll_d12_mPO3_ch02:0.553667;gPO_sBM_cAll_d12_mPO3_ch01:0.552451;gPO_sBM_cAll_d10_mPO3_ch02:0.552109,Electronic---Electro:0.261323;Electronic---Synthwave:0.207569;Electronic---Ambient:0.162870;Electronic---Synth-pop:0.142390;Electronic---Techno:0.136366,WA:v0:k1:r1,,JB3,0.702185,gPO_sBM_cAll_d10_mPO0_ch01,0.585947,96.153846
6.168000,6.185914300,,hermite,loading,,,,,0,1.0,0,gWA_sBM_cAll_d26_mWA0_ch05,,,5.080000,gPO_sBM_cAll_d10_mPO0_ch01;gPO_sBM_cAll_d11_mPO0_ch01;gPO_sBM_cAll_d11_mPO0_ch02;gPO_sBM_cAll_d10_mPO0_ch02;gPO_sBM_cAll_d12_mPO3_ch02,,,,,,0.512977820,,0.000000,,,,,,,,,,0.000000,beat-sync,1.594195,1.041667,,0.011128293,0.084763584,right_wrist_yaw,0.079405307,left_wrist_yaw,0.084763584,right_wrist_yaw,0.097210356,left_wrist_yaw,-0.266990,-0.254530,0.939402,2.496100,0.000000000,0.000000000,0.000000000,0.000000000,0.000000000,0.000000000,5.528000,0.000000000,0.000000000,,0.163279,0.135684,1205.084355,right_shoulder_pitch,0.005684883,0,1,0,3,gPO_sBM_cAll_d10_mPO0_ch01;gPO_sBM_cAll_d11_mPO0_ch01;gPO_sBM_cAll_d11_mPO0_ch02,,68.899600,852.643600,94.141000,3125.686900,accepted,0.930268,,0.873214,0.151778988,43.263060,0.162870,PO,0.727398,0.003675,0.004979,JB3:0.702185;JB1:0.698511;JB5:0.696486;JB2:0.607221;JB4:0.603967,gPO_sBM_cAll_d10_mPO0_ch01:0.585947;gPO_sBM_cAll_d11_mPO0_ch01:0.580968;gPO_sBM_cAll_d11_mPO0_ch02:0.579165;gPO_sBM_cAll_d10_mPO0_ch02:0.578207;gPO_sBM_cAll_d10_mPO2_ch02:0.555003;gPO_sBM_cAll_d12_mPO2_ch02:0.554939;gPO_sBM_cAll_d12_mPO2_ch01:0.553674;gPO_sBM_cAll_d12_mPO3_ch02:0.553667;gPO_sBM_cAll_d12_mPO3_ch01:0.552451;gPO_sBM_cAll_d10_mPO3_ch02:0.552109,Electronic---Electro:0.261323;Electronic---Synthwave:0.207569;Electronic---Ambient:0.162870;Electronic---Synth-pop:0.142390;Electronic---Techno:0.136366,WA:v0:k1:r1,,JB3,0.702185,gPO_sBM_cAll_d10_mPO0_ch01,0.585947,96.153846
6.200000,6.219663600,,hermite,loading,,,,,0,1.0,0,gWA_sBM_cAll_d26_mWA0_ch05,,,5.080000,gPO_sBM_cAll_d10_mPO0_ch01;gPO_sBM_cAll_d11_mPO0_ch01;gPO_sBM_cAll_d11_mPO0_ch02;gPO_sBM_cAll_d10_mPO0_ch02;gPO_sBM_cAll_d12_mPO3_ch02,,,,,,0.517287924,,0.000000,,,,,,,,,,0.000000,beat-sync,1.527661,1.041667,,0.009735462,0.085943264,right_wrist_yaw,0.047887866,left_wrist_roll,0.085943264,right_wrist_yaw,0.062525938,left_wrist_roll,-0.301942,-0.265652,0.939958,2.524233,0.000000000,0.000000000,0.000000000,0.000000000,0.000000000,0.000000000,5.528000,0.000000000,0.000000000,,0.108162,0.088996,11.116087,,0.005657650,0,1,0,3,gPO_sBM_cAll_d10_mPO0_ch01;gPO_sBM_cAll_d11_mPO0_ch01;gPO_sBM_cAll_d11_mPO0_ch02,,68.899600,852.643600,94.141000,3125.686900,accepted,0.930268,,0.873214,0.151778988,43.263060,0.162870,PO,0.727398,0.003675,0.004979,JB3:0.702185;JB1:0.698511;JB5:0.696486;JB2:0.607221;JB4:0.603967,gPO_sBM_cAll_d10_mPO0_ch01:0.585947;gPO_sBM_cAll_d11_mPO0_ch01:0.580968;gPO_sBM_cAll_d11_mPO0_ch02:0.579165;gPO_sBM_cAll_d10_mPO0_ch02:0.578207;gPO_sBM_cAll_d10_mPO2_ch02:0.555003;gPO_sBM_cAll_d12_mPO2_ch02:0.554939;gPO_sBM_cAll_d12_mPO2_ch01:0.553674;gPO_sBM_cAll_d12_mPO3_ch02:0.553667;gPO_sBM_cAll_d12_mPO3_ch01:0.552451;gPO_sBM_cAll_d10_mPO3_ch02:0.552109,Electronic---Electro:0.261323;Electronic---Synthwave:0.207569;Electronic---Ambient:0.162870;Electronic---Synth-pop:0.142390;Electronic---Techno:0.136366,WA:v0:k1:r1,,JB3,0.702185,gPO_sBM_cAll_d10_mPO0_ch01,0.585947,96.153846
6.232000,6.268964900,match,hermite,loading,,,,,1,1.0,0,gWA_sBM_cAll_d26_mWA0_ch05,,,6.104000,gPO_sBM_cAll_d10_mPO0_ch01;gPO_sBM_cAll_d11_mPO0_ch01;gPO_sBM_cAll_d11_mPO0_ch02;gPO_sBM_cAll_d10_mPO0_ch02;gPO_sBM_cAll_d12_mPO3_ch02,,,,,,0.523394124,,0.000000,,,,,,,,,,0.000000,beat-sync,1.437244,1.041667,,0.007979247,0.226007842,right_wrist_yaw,1.714039503,right_wrist_yaw,0.252978402,right_wrist_yaw,3.045018571,left_wrist_yaw,-0.334421,-0.289954,0.953147,2.556821,0.000000000,0.000000000,0.000000000,0.000000000,0.000000000,0.000000000,5.528000,0.000000000,0.000000000,,36.089997,12.904800,1374.066489,left_shoulder_yaw;right_shoulder_pitch,0.007134364,0,1,0,3,gPO_sBM_cAll_d10_mPO0_ch01;gPO_sBM_cAll_d11_mPO0_ch01;gPO_sBM_cAll_d11_mPO0_ch02,,68.899600,852.643600,94.141000,3125.686900,accepted,0.938171,,0.887584,0.187963819,40.226389,0.156645,PO,0.730935,0.002227,0.004924,JB5:0.700351;JB3:0.698125;JB1:0.692455;JB2:0.618941;JB4:0.603145,gPO_sBM_cAll_d10_mPO0_ch01:0.584956;gPO_sBM_cAll_d11_mPO0_ch01:0.580032;gPO_sBM_cAll_d11_mPO0_ch02:0.578172;gPO_sBM_cAll_d10_mPO0_ch02:0.577206;gPO_sBM_cAll_d12_mPO3_ch02:0.550420;gPO_sBM_cAll_d12_mPO2_ch02:0.550029;gPO_sBM_cAll_d10_mPO2_ch02:0.549474;gPO_sBM_cAll_d12_mPO3_ch01:0.549252;gPO_sBM_cAll_d10_mPO3_ch02:0.548890;gPO_sBM_cAll_d12_mPO2_ch01:0.548718,Electronic---Electro:0.243474;Electronic---Techno:0.207788;Electronic---Synthwave:0.159857;Electronic---Ambient:0.156645;Electronic---Berlin-School:0.143156,WA:v0:k1:r1,,JB5,0.700351,gPO_sBM_cAll_d10_mPO0_ch01,0.584956,96.153846
6.264000,6.285233300,,hermite,loading,,,,,1,1.0,0,gWA_sBM_cAll_d26_mWA0_ch05,,,6.104000,gPO_sBM_cAll_d10_mPO0_ch01;gPO_sBM_cAll_d11_mPO0_ch01;gPO_sBM_cAll_d11_mPO0_ch02;gPO_sBM_cAll_d10_mPO0_ch02;gPO_sBM_cAll_d12_mPO3_ch02,,,,,,0.525351146,,0.000000,,,,,,,,,,0.000000,beat-sync,1.411901,1.041667,,0.007468580,0.198341376,right_wrist_yaw,2.512875456,left_wrist_yaw,0.198341376,right_wrist_yaw,3.192120362,left_wrist_yaw,-0.343198,-0.298992,0.957583,2.537401,0.000000000,0.000000000,0.000000000,0.000000000,0.000000000,0.000000000,5.528000,0.000000000,0.000000000,,26.095048,13.268140,1302.243178,,0.007158343,0,1,0,4,gPO_sBM_cAll_d10_mPO0_ch01;gPO_sBM_cAll_d11_mPO0_ch01;gPO_sBM_cAll_d11_mPO0_ch02;gPO_sBM_cAll_d10_mPO0_ch02,,70.478400,907.708800,93.140800,4199.569500,accepted,0.938171,,0.887584,0.187963819,40.226389,0.156645,PO,0.730935,0.002227,0.004924,JB5:0.700351;JB3:0.698125;JB1:0.692455;JB2:0.618941;JB4:0.603145,gPO_sBM_cAll_d10_mPO0_ch01:0.584956;gPO_sBM_cAll_d11_mPO0_ch01:0.580032;gPO_sBM_cAll_d11_mPO0_ch02:0.578172;gPO_sBM_cAll_d10_mPO0_ch02:0.577206;gPO_sBM_cAll_d12_mPO3_ch02:0.550420;gPO_sBM_cAll_d12_mPO2_ch02:0.550029;gPO_sBM_cAll_d10_mPO2_ch02:0.549474;gPO_sBM_cAll_d12_mPO3_ch01:0.549252;gPO_sBM_cAll_d10_mPO3_ch02:0.548890;gPO_sBM_cAll_d12_mPO2_ch01:0.548718,Electronic---Electro:0.243474;Electronic---Techno:0.207788;Electronic---Synthwave:0.159857;Electronic---Ambient:0.156645;Electronic---Berlin-School:0.143156,WA:v0:k1:r1,,JB5,0.700351,gPO_sBM_cAll_d10_mPO0_ch01,0.584956,96.153846
6.328000,6.344021800,,hermite,loading,,,,,1,1.0,0,gWA_sBM_cAll_d26_mWA0_ch05,,,6.104000,gPO_sBM_cAll_d10_mPO0_ch01;gPO_sBM_cAll_d11_mPO0_ch01;gPO_sBM_cAll_d11_mPO0_ch02;gPO_sBM_cAll_d10_mPO0_ch02;gPO_sBM_cAll_d12_mPO3_ch02,,,,,,0.532158922,,0.000000,,,,,,,,,,0.000000,beat-sync,1.414844,1.211240,,0.013296869,0.140255573,left_wrist_yaw,1.998331353,right_wrist_yaw,0.140255573,left_wrist_yaw,2.251194526,right_wrist_yaw,-0.360550,-0.330583,0.973814,2.392111,0.000000000,0.000000000,0.000000000,0.000000000,0.000000000,0.000000000,6.296000,0.000000000,0.000000000,,16.408970,13.314524,218.398321,,0.007139959,0,1,0,4,gPO_sBM_cAll_d10_mPO0_ch01;gPO_sBM_cAll_d11_mPO0_ch01;gPO_sBM_cAll_d11_mPO0_ch02;gPO_sBM_cAll_d10_mPO0_ch02,,70.478400,907.708800,93.140800,4199.569500,accepted,0.938171,,0.887584,0.187963819,40.226389,0.156645,PO,0.730935,0.002227,0.004924,JB5:0.700351;JB3:0.698125;JB1:0.692455;JB2:0.618941;JB4:0.603145,gPO_sBM_cAll_d10_mPO0_ch01:0.584956;gPO_sBM_cAll_d11_mPO0_ch01:0.580032;gPO_sBM_cAll_d11_mPO0_ch02:0.578172;gPO_sBM_cAll_d10_mPO0_ch02:0.577206;gPO_sBM_cAll_d12_mPO3_ch02:0.550420;gPO_sBM_cAll_d12_mPO2_ch02:0.550029;gPO_sBM_cAll_d10_mPO2_ch02:0.549474;gPO_sBM_cAll_d12_mPO3_ch01:0.549252;gPO_sBM_cAll_d10_mPO3_ch02:0.548890;gPO_sBM_cAll_d12_mPO2_ch01:0.548718,Electronic---Electro:0.243474;Electronic---Techno:0.207788;Electronic---Synthwave:0.159857;Electronic---Ambient:0.156645;Electronic---Berlin-School:0.143156,WA:v0:k1:r1,,JB5,0.700351,gPO_sBM_cAll_d10_mPO0_ch01,0.584956,96.153846
6.360000,6.377425000,,hermite,loading,,,,,0,1.0,0,gWA_sBM_cAll_d26_mWA0_ch05,,,6.104000,gPO_sBM_cAll_d10_mPO0_ch01;gPO_sBM_cAll_d11_mPO0_ch01;gPO_sBM_cAll_d11_mPO0_ch02;gPO_sBM_cAll_d10_mPO0_ch02;gPO_sBM_cAll_d12_mPO3_ch02,,,,,,0.536189156,,0.000000,,,,,,,,,,0.000000,beat-sync,1.481171,1.211240,,0.012249701,0.205227113,left_wrist_yaw,3.315362434,left_wrist_yaw,0.205227113,left_wrist_yaw,4.301018162,left_wrist_yaw,-0.360149,-0.348680,0.984016,2.255397,0.000000000,0.000000000,0.000000000,0.000000000,0.000000000,0.000000000,6.296000,0.000000000,0.000000000,,12.937639,10.473374,434.096483,,0.007146895,0,1,0,4,gPO_sBM_cAll_d10_mPO0_ch01;gPO_sBM_cAll_d11_mPO0_ch01;gPO_sBM_cAll_d11_mPO0_ch02;gPO_sBM_cAll_d10_mPO0_ch02,,70.478400,907.708800,93.140800,4199.569500,accepted,0.938171,,0.887584,0.187963819,40.226389,0.156645,PO,0.730935,0.002227,0.004924,JB5:0.700351;JB3:0.698125;JB1:0.692455;JB2:0.618941;JB4:0.603145,gPO_sBM_cAll_d10_mPO0_ch01:0.584956;gPO_sBM_cAll_d11_mPO0_ch01:0.580032;gPO_sBM_cAll_d11_mPO0_ch02:0.578172;gPO_sBM_cAll_d10_mPO0_ch02:0.577206;gPO_sBM_cAll_d12_mPO3_ch02:0.550420;gPO_sBM_cAll_d12_mPO2_ch02:0.550029;gPO_sBM_cAll_d10_mPO2_ch02:0.549474;gPO_sBM_cAll_d12_mPO3_ch01:0.549252;gPO_sBM_cAll_d10_mPO3_ch02:0.548890;gPO_sBM_cAll_d12_mPO2_ch01:0.548718,Electronic---Electro:0.243474;Electronic---Techno:0.207788;Electronic---Synthwave:0.159857;Electronic---Ambient:0.156645;Electronic---Berlin-School:0.143156,WA:v0:k1:r1,,JB5,0.700351,gPO_sBM_cAll_d10_mPO0_ch01,0.584956,96.153846
6.360000,6.393952900,beat_limiter_result,hermite,loading,,,,,0,1.0,0,gWA_sBM_cAll_d26_mWA0_ch05,,,6.104000,gPO_sBM_cAll_d10_mPO0_ch01;gPO_sBM_cAll_d11_mPO0_ch01;gPO_sBM_cAll_d11_mPO0_ch02;gPO_sBM_cAll_d10_mPO0_ch02;gPO_sBM_cAll_d12_mPO3_ch02,,,,,,0.538267924,,0.000000,,,,,,,,,,0.000000,beat-sync,1.514253,1.211240,,0.011678732,0.284615499,left_wrist_yaw,4.745000174,left_wrist_yaw,0.284615499,left_wrist_yaw,6.049919386,left_wrist_yaw,-0.359523,-0.354266,0.989519,2.186118,0.000000000,0.000000000,0.000000000,0.000000000,0.000000000,0.000000000,6.296000,0.000000000,0.000000000,,10.468889,8.456651,400.373483,,0.007130197,0,1,0,4,gPO_sBM_cAll_d10_mPO0_ch01;gPO_sBM_cAll_d11_mPO0_ch01;gPO_sBM_cAll_d11_mPO0_ch02;gPO_sBM_cAll_d10_mPO0_ch02,,70.478400,907.708800,93.140800,4199.569500,accepted,0.938171,,0.887584,0.187963819,40.226389,0.156645,PO,0.730935,0.002227,0.004924,JB5:0.700351;JB3:0.698125;JB1:0.692455;JB2:0.618941;JB4:0.603145,gPO_sBM_cAll_d10_mPO0_ch01:0.584956;gPO_sBM_cAll_d11_mPO0_ch01:0.580032;gPO_sBM_cAll_d11_mPO0_ch02:0.578172;gPO_sBM_cAll_d10_mPO0_ch02:0.577206;gPO_sBM_cAll_d12_mPO3_ch02:0.550420;gPO_sBM_cAll_d12_mPO2_ch02:0.550029;gPO_sBM_cAll_d10_mPO2_ch02:0.549474;gPO_sBM_cAll_d12_mPO3_ch01:0.549252;gPO_sBM_cAll_d10_mPO3_ch02:0.548890;gPO_sBM_cAll_d12_mPO2_ch01:0.548718,Electronic---Electro:0.243474;Electronic---Techno:0.207788;Electronic---Synthwave:0.159857;Electronic---Ambient:0.156645;Electronic---Berlin-School:0.143156,WA:v0:k1:r1,,JB5,0.700351,gPO_sBM_cAll_d10_mPO0_ch01,0.584956,96.153846
6.424000,6.436069300,,hermite,loading,,,,,0,1.0,0,gWA_sBM_cAll_d26_mWA0_ch05,,,6.104000,gPO_sBM_cAll_d10_mPO0_ch01;gPO_sBM_cAll_d11_mPO0_ch01;gPO_sBM_cAll_d11_mPO0_ch02;gPO_sBM_cAll_d10_mPO0_ch02;gPO_sBM_cAll_d12_mPO3_ch02,,,,,,0.543768554,,0.000000,,,,,,,,,,0.000000,beat-sync,1.598490,1.211240,,0.010069905,0.262601392,left_wrist_yaw,3.144253851,left_wrist_pitch,0.262601392,left_wrist_yaw,3.536668432,left_wrist_pitch,-0.356155,-0.367174,1.001450,2.145159,0.000000000,0.000000000,0.000000000,0.000000000,0.000000000,0.000000000,6.296000,0.000000000,0.000000000,,10.431075,8.919852,484.138241,,0.007088790,0,1,0,4,gPO_sBM_cAll_d10_mPO0_ch01;gPO_sBM_cAll_d11_mPO0_ch01;gPO_sBM_cAll_d11_mPO0_ch02;gPO_sBM_cAll_d10_mPO0_ch02,,70.478400,907.708800,93.140800,4199.569500,accepted,0.938171,,0.887584,0.187963819,40.226389,0.156645,PO,0.730935,0.002227,0.004924,JB5:0.700351;JB3:0.698125;JB1:0.692455;JB2:0.618941;JB4:0.603145,gPO_sBM_cAll_d10_mPO0_ch01:0.584956;gPO_sBM_cAll_d11_mPO0_ch01:0.580032;gPO_sBM_cAll_d11_mPO0_ch02:0.578172;gPO_sBM_cAll_d10_mPO0_ch02:0.577206;gPO_sBM_cAll_d12_mPO3_ch02:0.550420;gPO_sBM_cAll_d12_mPO2_ch02:0.550029;gPO_sBM_cAll_d10_mPO2_ch02:0.549474;gPO_sBM_cAll_d12_mPO3_ch01:0.549252;gPO_sBM_cAll_d10_mPO3_ch02:0.548890;gPO_sBM_cAll_d12_mPO2_ch01:0.548718,Electronic---Electro:0.243474;Electronic---Techno:0.207788;Electronic---Synthwave:0.159857;Electronic---Ambient:0.156645;Electronic---Berlin-School:0.143156,WA:v0:k1:r1,,JB5,0.700351,gPO_sBM_cAll_d10_mPO0_ch01,0.584956,96.153846
6.456000,6.468740300,,hermite,loading,,,,,0,1.0,0,gWA_sBM_cAll_d26_mWA0_ch05,,,6.104000,gPO_sBM_cAll_d10_mPO0_ch01;gPO_sBM_cAll_d11_mPO0_ch01;gPO_sBM_cAll_d11_mPO0_ch02;gPO_sBM_cAll_d10_mPO0_ch02;gPO_sBM_cAll_d12_mPO3_ch02,,,,,,0.548105286,,0.000000,,,,,,,,,,0.000000,beat-sync,1.558664,1.211240,,0.008825444,0.208943746,left_wrist_yaw,1.735243135,right_wrist_yaw,0.208943746,left_wrist_yaw,2.089315203,right_wrist_yaw,-0.354579,-0.373161,1.002428,2.182013,0.000000000,0.000000000,0.000000000,0.000000000,0.000000000,0.000000000,6.296000,0.000000000,0.000000000,,11.845968,9.958838,540.159700,,0.007056010,0,1,0,4,gPO_sBM_cAll_d10_mPO0_ch01;gPO_sBM_cAll_d11_mPO0_ch01;gPO_sBM_cAll_d11_mPO0_ch02;gPO_sBM_cAll_d10_mPO0_ch02,,70.478400,907.708800,93.140800,4199.569500,accepted,0.938171,,0.887584,0.187963819,40.226389,0.156645,PO,0.730935,0.002227,0.004924,JB5:0.700351;JB3:0.698125;JB1:0.692455;JB2:0.618941;JB4:0.603145,gPO_sBM_cAll_d10_mPO0_ch01:0.584956;gPO_sBM_cAll_d11_mPO0_ch01:0.580032;gPO_sBM_cAll_d11_mPO0_ch02:0.578172;gPO_sBM_cAll_d10_mPO0_ch02:0.577206;gPO_sBM_cAll_d12_mPO3_ch02:0.550420;gPO_sBM_cAll_d12_mPO2_ch02:0.550029;gPO_sBM_cAll_d10_mPO2_ch02:0.549474;gPO_sBM_cAll_d12_mPO3_ch01:0.549252;gPO_sBM_cAll_d10_mPO3_ch02:0.548890;gPO_sBM_cAll_d12_mPO2_ch01:0.548718,Electronic---Electro:0.243474;Electronic---Techno:0.207788;Electronic---Synthwave:0.159857;Electronic---Ambient:0.156645;Electronic---Berlin-School:0.143156,WA:v0:k1:r1,,JB5,0.700351,gPO_sBM_cAll_d10_mPO0_ch01,0.584956,96.153846
6.520000,6.528450900,,hermite,loading,,,,,1,1.0,0,gWA_sBM_cAll_d26_mWA0_ch05,,,6.104000,gPO_sBM_cAll_d10_mPO0_ch01;gPO_sBM_cAll_d11_mPO0_ch01;gPO_sBM_cAll_d11_mPO0_ch02;gPO_sBM_cAll_d10_mPO0_ch02;gPO_sBM_cAll_d12_mPO3_ch02,,,,,,0.555666920,,0.000000,,,,,,,,,,0.000000,beat-sync,1.487761,1.211240,,0.006949211,0.275361064,right_wrist_yaw,4.226790894,right_wrist_yaw,0.275361064,right_wrist_yaw,4.319540055,right_wrist_yaw,-0.360232,-0.387493,0.976584,2.154719,0.000000000,0.000000000,0.000000000,0.000000000,0.000000000,0.000000000,6.296000,0.000000000,0.000000000,,21.203946,13.774033,304.222867,left_shoulder_pitch,0.007236634,0,1,0,4,gPO_sBM_cAll_d10_mPO0_ch01;gPO_sBM_cAll_d11_mPO0_ch01;gPO_sBM_cAll_d11_mPO0_ch02;gPO_sBM_cAll_d10_mPO0_ch02,,70.478400,907.708800,93.140800,4199.569500,accepted,0.938171,,0.887584,0.187963819,40.226389,0.156645,PO,0.730935,0.002227,0.004924,JB5:0.700351;JB3:0.698125;JB1:0.692455;JB2:0.618941;JB4:0.603145,gPO_sBM_cAll_d10_mPO0_ch01:0.584956;gPO_sBM_cAll_d11_mPO0_ch01:0.580032;gPO_sBM_cAll_d11_mPO0_ch02:0.578172;gPO_sBM_cAll_d10_mPO0_ch02:0.577206;gPO_sBM_cAll_d12_mPO3_ch02:0.550420;gPO_sBM_cAll_d12_mPO2_ch02:0.550029;gPO_sBM_cAll_d10_mPO2_ch02:0.549474;gPO_sBM_cAll_d12_mPO3_ch01:0.549252;gPO_sBM_cAll_d10_mPO3_ch02:0.548890;gPO_sBM_cAll_d12_mPO2_ch01:0.548718,Electronic---Electro:0.243474;Electronic---Techno:0.207788;Electronic---Synthwave:0.159857;Electronic---Ambient:0.156645;Electronic---Berlin-School:0.143156,WA:v0:k1:r1,,JB5,0.700351,gPO_sBM_cAll_d10_mPO0_ch01,0.584956,96.153846
6.552000,6.562407000,,hermite,loading,,,,,0,1.0,0,gWA_sBM_cAll_d26_mWA0_ch05,,,6.104000,gPO_sBM_cAll_d10_mPO0_ch01;gPO_sBM_cAll_d11_mPO0_ch01;gPO_sBM_cAll_d11_mPO0_ch02;gPO_sBM_cAll_d10_mPO0_ch02;gPO_sBM_cAll_d12_mPO3_ch02,,,,,,0.559587419,,0.000000,,,,,,,,,,0.000000,beat-sync,1.454830,1.211240,,0.006113294,0.386150571,right_wrist_yaw,4.231584642,left_wrist_yaw,0.386150571,right_wrist_yaw,4.288988466,left_wrist_yaw,-0.367694,-0.395550,0.952412,2.089126,0.000000000,0.000000000,0.000000000,0.000000000,0.000000000,0.000000000,6.296000,0.000000000,0.000000000,,12.747391,10.939793,260.963691,,0.007203590,0,1,0,4,gPO_sBM_cAll_d10_mPO0_ch01;gPO_sBM_cAll_d11_mPO0_ch01;gPO_sBM_cAll_d11_mPO0_ch02;gPO_sBM_cAll_d10_mPO0_ch02,,70.478400,907.708800,93.140800,4199.569500,accepted,0.938171,,0.887584,0.187963819,40.226389,0.156645,PO,0.730935,0.002227,0.004924,JB5:0.700351;JB3:0.698125;JB1:0.692455;JB2:0.618941;JB4:0.603145,gPO_sBM_cAll_d10_mPO0_ch01:0.584956;gPO_sBM_cAll_d11_mPO0_ch01:0.580032;gPO_sBM_cAll_d11_mPO0_ch02:0.578172;gPO_sBM_cAll_d10_mPO0_ch02:0.577206;gPO_sBM_cAll_d12_mPO3_ch02:0.550420;gPO_sBM_cAll_d12_mPO2_ch02:0.550029;gPO_sBM_cAll_d10_mPO2_ch02:0.549474;gPO_sBM_cAll_d12_mPO3_ch01:0.549252;gPO_sBM_cAll_d10_mPO3_ch02:0.548890;gPO_sBM_cAll_d12_mPO2_ch01:0.548718,Electronic---Electro:0.243474;Electronic---Techno:0.207788;Electronic---Synthwave:0.159857;Electronic---Ambient:0.156645;Electronic---Berlin-School:0.143156,WA:v0:k1:r1,,JB5,0.700351,gPO_sBM_cAll_d10_mPO0_ch01,0.584956,96.153846
6.616000,6.627596200,,hermite,loading,,,,,1,1.0,0,gWA_sBM_cAll_d26_mWA0_ch05,,,6.104000,gPO_sBM_cAll_d10_mPO0_ch01;gPO_sBM_cAll_d11_mPO0_ch01;gPO_sBM_cAll_d11_mPO0_ch02;gPO_sBM_cAll_d10_mPO0_ch02;gPO_sBM_cAll_d12_mPO3_ch02,,,,,,0.567507365,,0.000000,,,,,,,,,,0.000000,beat-sync,1.399271,1.211240,,0.004681211,0.378662289,left_wrist_yaw,3.039149208,right_wrist_yaw,0.378662289,left_wrist_yaw,3.699854411,right_wrist_yaw,-0.380995,-0.396618,0.915472,1.869606,0.000000000,0.000000000,0.000000000,0.000000000,0.000000000,0.000000000,6.296000,0.000000000,0.000000000,,17.024431,13.187304,279.625240,right_shoulder_pitch,0.007333437,0,1,0,4,gPO_sBM_cAll_d10_mPO0_ch01;gPO_sBM_cAll_d11_mPO0_ch01;gPO_sBM_cAll_d11_mPO0_ch02;gPO_sBM_cAll_d10_mPO0_ch02,,70.478400,907.708800,93.140800,4199.569500,accepted,0.938171,,0.887584,0.187963819,40.226389,0.156645,PO,0.730935,0.002227,0.004924,JB5:0.700351;JB3:0.698125;JB1:0.692455;JB2:0.618941;JB4:0.603145,gPO_sBM_cAll_d10_mPO0_ch01:0.584956;gPO_sBM_cAll_d11_mPO0_ch01:0.580032;gPO_sBM_cAll_d11_mPO0_ch02:0.578172;gPO_sBM_cAll_d10_mPO0_ch02:0.577206;gPO_sBM_cAll_d12_mPO3_ch02:0.550420;gPO_sBM_cAll_d12_mPO2_ch02:0.550029;gPO_sBM_cAll_d10_mPO2_ch02:0.549474;gPO_sBM_cAll_d12_mPO3_ch01:0.549252;gPO_sBM_cAll_d10_mPO3_ch02:0.548890;gPO_sBM_cAll_d12_mPO2_ch01:0.548718,Electronic---Electro:0.243474;Electronic---Techno:0.207788;Electronic---Synthwave:0.159857;Electronic---Ambient:0.156645;Electronic---Berlin-School:0.143156,WA:v0:k1:r1,,JB5,0.700351,gPO_sBM_cAll_d10_mPO0_ch01,0.584956,96.153846
6.680000,6.702210900,,hermite,loading,,,,,0,1.0,0,gWA_sBM_cAll_d26_mWA0_ch05,,,6.104000,gPO_sBM_cAll_d10_mPO0_ch01;gPO_sBM_cAll_d11_mPO0_ch01;gPO_sBM_cAll_d11_mPO0_ch02;gPO_sBM_cAll_d10_mPO0_ch02;gPO_sBM_cAll_d12_mPO3_ch02,,,,,,0.576062935,,0.000000,,,,,,,,,,0.000000,beat-sync,1.351710,1.211240,,0.003471530,0.368069001,left_wrist_yaw,3.022043544,right_wrist_yaw,0.368069001,left_wrist_yaw,4.131861561,right_wrist_yaw,-0.377770,-0.383950,0.909901,1.807404,0.000000000,0.000000000,0.000000000,0.000000000,0.000000000,0.000000000,6.296000,0.000000000,0.000000000,,4.897937,3.988420,192.653130,,0.007298143,0,1,0,4,gPO_sBM_cAll_d10_mPO0_ch01;gPO_sBM_cAll_d11_mPO0_ch01;gPO_sBM_cAll_d11_mPO0_ch02;gPO_sBM_cAll_d10_mPO0_ch02,,70.478400,907.708800,93.140800,4199.569500,accepted,0.938171,,0.887584,0.187963819,40.226389,0.156645,PO,0.730935,0.002227,0.004924,JB5:0.700351;JB3:0.698125;JB1:0.692455;JB2:0.618941;JB4:0.603145,gPO_sBM_cAll_d10_mPO0_ch01:0.584956;gPO_sBM_cAll_d11_mPO0_ch01:0.580032;gPO_sBM_cAll_d11_mPO0_ch02:0.578172;gPO_sBM_cAll_d10_mPO0_ch02:0.577206;gPO_sBM_cAll_d12_mPO3_ch02:0.550420;gPO_sBM_cAll_d12_mPO2_ch02:0.550029;gPO_sBM_cAll_d10_mPO2_ch02:0.549474;gPO_sBM_cAll_d12_mPO3_ch01:0.549252;gPO_sBM_cAll_d10_mPO3_ch02:0.548890;gPO_sBM_cAll_d12_mPO2_ch01:0.548718,Electronic---Electro:0.243474;Electronic---Techno:0.207788;Electronic---Synthwave:0.159857;Electronic---Ambient:0.156645;Electronic---Berlin-School:0.143156,WA:v0:k1:r1,,JB5,0.700351,gPO_sBM_cAll_d10_mPO0_ch01,0.584956,96.153846
6.712000,6.735792600,,hermite,loading,,,,,0,1.0,0,gWA_sBM_cAll_d26_mWA0_ch05,,,6.104000,gPO_sBM_cAll_d10_mPO0_ch01;gPO_sBM_cAll_d11_mPO0_ch01;gPO_sBM_cAll_d11_mPO0_ch02;gPO_sBM_cAll_d10_mPO0_ch02;gPO_sBM_cAll_d12_mPO3_ch02,,,,,,0.579828728,,0.000000,,,,,,,,,,0.000000,beat-sync,1.334646,1.211240,,0.003034292,0.400347707,right_wrist_yaw,2.268392815,right_wrist_yaw,0.400347707,right_wrist_yaw,2.729123434,right_wrist_yaw,-0.380734,-0.382523,0.908372,1.812108,0.000000000,0.000000000,0.000000000,0.000000000,0.000000000,0.000000000,6.296000,0.000000000,0.000000000,,9.181424,7.657359,243.189540,,0.007265598,0,1,0,4,gPO_sBM_cAll_d10_mPO0_ch01;gPO_sBM_cAll_d11_mPO0_ch01;gPO_sBM_cAll_d11_mPO0_ch02;gPO_sBM_cAll_d10_mPO0_ch02,,70.478400,907.708800,93.140800,4199.569500,accepted,0.938171,,0.887584,0.187963819,40.226389,0.156645,PO,0.730935,0.002227,0.004924,JB5:0.700351;JB3:0.698125;JB1:0.692455;JB2:0.618941;JB4:0.603145,gPO_sBM_cAll_d10_mPO0_ch01:0.584956;gPO_sBM_cAll_d11_mPO0_ch01:0.580032;gPO_sBM_cAll_d11_mPO0_ch02:0.578172;gPO_sBM_cAll_d10_mPO0_ch02:0.577206;gPO_sBM_cAll_d12_mPO3_ch02:0.550420;gPO_sBM_cAll_d12_mPO2_ch02:0.550029;gPO_sBM_cAll_d10_mPO2_ch02:0.549474;gPO_sBM_cAll_d12_mPO3_ch01:0.549252;gPO_sBM_cAll_d10_mPO3_ch02:0.548890;gPO_sBM_cAll_d12_mPO2_ch01:0.548718,Electronic---Electro:0.243474;Electronic---Techno:0.207788;Electronic---Synthwave:0.159857;Electronic---Ambient:0.156645;Electronic---Berlin-School:0.143156,WA:v0:k1:r1,,JB5,0.700351,gPO_sBM_cAll_d10_mPO0_ch01,0.584956,96.153846
6.776000,6.793824700,,hermite,loading,,,,,0,1.0,0,gWA_sBM_cAll_d26_mWA0_ch05,,,6.104000,gPO_sBM_cAll_d10_mPO0_ch01;gPO_sBM_cAll_d11_mPO0_ch01;gPO_sBM_cAll_d11_mPO0_ch02;gPO_sBM_cAll_d10_mPO0_ch02;gPO_sBM_cAll_d12_mPO3_ch02,,,,,,0.586042538,,0.000000,,,,,,,,,,0.000000,beat-sync,1.230381,0.813802,,0.001069098,0.476763395,right_wrist_yaw,0.588684498,left_wrist_yaw,0.476763395,right_wrist_yaw,0.698519743,left_wrist_yaw,-0.395215,-0.381100,0.907136,1.770012,0.000000000,0.000000000,0.000000000,0.000000000,0.000000000,0.000000000,6.712000,0.000000000,0.000000000,,4.306377,3.599668,241.193490,,0.007209338,0,1,0,4,gPO_sBM_cAll_d10_mPO0_ch01;gPO_sBM_cAll_d11_mPO0_ch01;gPO_sBM_cAll_d11_mPO0_ch02;gPO_sBM_cAll_d10_mPO0_ch02,,70.478400,907.708800,93.140800,4199.569500,accepted,0.938171,,0.887584,0.187963819,40.226389,0.156645,PO,0.730935,0.002227,0.004924,JB5:0.700351;JB3:0.698125;JB1:0.692455;JB2:0.618941;JB4:0.603145,gPO_sBM_cAll_d10_mPO0_ch01:0.584956;gPO_sBM_cAll_d11_mPO0_ch01:0.580032;gPO_sBM_cAll_d11_mPO0_ch02:0.578172;gPO_sBM_cAll_d10_mPO0_ch02:0.577206;gPO_sBM_cAll_d12_mPO3_ch02:0.550420;gPO_sBM_cAll_d12_mPO2_ch02:0.550029;gPO_sBM_cAll_d10_mPO2_ch02:0.549474;gPO_sBM_cAll_d12_mPO3_ch01:0.549252;gPO_sBM_cAll_d10_mPO3_ch02:0.548890;gPO_sBM_cAll_d12_mPO2_ch01:0.548718,Electronic---Electro:0.243474;Electronic---Techno:0.207788;Electronic---Synthwave:0.159857;Electronic---Ambient:0.156645;Electronic---Berlin-School:0.143156,WA:v0:k1:r1,,JB5,0.700351,gPO_sBM_cAll_d10_mPO0_ch01,0.584956,96.153846
6.776000,6.819007400,beat_limiter_result,hermite,loading,,,,,0,1.0,0,gWA_sBM_cAll_d26_mWA0_ch05,,,6.104000,gPO_sBM_cAll_d10_mPO0_ch01;gPO_sBM_cAll_d11_mPO0_ch01;gPO_sBM_cAll_d11_mPO0_ch02;gPO_sBM_cAll_d10_mPO0_ch02;gPO_sBM_cAll_d12_mPO3_ch02,,,,,,0.588517114,,0.000000,,,,,,,,,,0.000000,beat-sync,1.180849,0.813802,,0.000847168,0.487866488,right_wrist_yaw,0.982505225,left_wrist_yaw,0.487866488,right_wrist_yaw,1.190759543,left_wrist_yaw,-0.399353,-0.382563,0.913592,1.723949,0.000000000,0.000000000,0.000000000,0.000000000,0.000000000,0.000000000,6.712000,0.000000000,0.000000000,,2.631902,2.146142,162.975338,,0.007185492,0,1,0,4,gPO_sBM_cAll_d10_mPO0_ch01;gPO_sBM_cAll_d11_mPO0_ch01;gPO_sBM_cAll_d11_mPO0_ch02;gPO_sBM_cAll_d10_mPO0_ch02,,70.478400,907.708800,93.140800,4199.569500,accepted,0.938171,,0.887584,0.187963819,40.226389,0.156645,PO,0.730935,0.002227,0.004924,JB5:0.700351;JB3:0.698125;JB1:0.692455;JB2:0.618941;JB4:0.603145,gPO_sBM_cAll_d10_mPO0_ch01:0.584956;gPO_sBM_cAll_d11_mPO0_ch01:0.580032;gPO_sBM_cAll_d11_mPO0_ch02:0.578172;gPO_sBM_cAll_d10_mPO0_ch02:0.577206;gPO_sBM_cAll_d12_mPO3_ch02:0.550420;gPO_sBM_cAll_d12_mPO2_ch02:0.550029;gPO_sBM_cAll_d10_mPO2_ch02:0.549474;gPO_sBM_cAll_d12_mPO3_ch01:0.549252;gPO_sBM_cAll_d10_mPO3_ch02:0.548890;gPO_sBM_cAll_d12_mPO2_ch01:0.548718,Electronic---Electro:0.243474;Electronic---Techno:0.207788;Electronic---Synthwave:0.159857;Electronic---Ambient:0.156645;Electronic---Berlin-School:0.143156,WA:v0:k1:r1,,JB5,0.700351,gPO_sBM_cAll_d10_mPO0_ch01,0.584956,96.153846
6.808000,6.827098500,,hermite,loading,,,,,0,1.0,0,gWA_sBM_cAll_d26_mWA0_ch05,,,6.104000,gPO_sBM_cAll_d10_mPO0_ch01;gPO_sBM_cAll_d11_mPO0_ch01;gPO_sBM_cAll_d11_mPO0_ch02;gPO_sBM_cAll_d10_mPO0_ch02;gPO_sBM_cAll_d12_mPO3_ch02,,,,,,0.589347084,,0.000000,,,,,,,,,,0.000000,beat-sync,1.163757,0.813802,,0.000779978,0.497380426,right_wrist_yaw,1.141672525,right_wrist_yaw,0.497380426,right_wrist_yaw,1.386345949,right_wrist_yaw,-0.399980,-0.383983,0.916262,1.706488,0.000000000,0.000000000,0.000000000,0.000000000,0.000000000,0.000000000,6.712000,0.000000000,0.000000000,,3.399487,2.875335,230.423034,,0.007177579,0,1,0,4,gPO_sBM_cAll_d10_mPO0_ch01;gPO_sBM_cAll_d11_mPO0_ch01;gPO_sBM_cAll_d11_mPO0_ch02;gPO_sBM_cAll_d10_mPO0_ch02,,70.478400,907.708800,93.140800,4199.569500,accepted,0.938171,,0.887584,0.187963819,40.226389,0.156645,PO,0.730935,0.002227,0.004924,JB5:0.700351;JB3:0.698125;JB1:0.692455;JB2:0.618941;JB4:0.603145,gPO_sBM_cAll_d10_mPO0_ch01:0.584956;gPO_sBM_cAll_d11_mPO0_ch01:0.580032;gPO_sBM_cAll_d11_mPO0_ch02:0.578172;gPO_sBM_cAll_d10_mPO0_ch02:0.577206;gPO_sBM_cAll_d12_mPO3_ch02:0.550420;gPO_sBM_cAll_d12_mPO2_ch02:0.550029;gPO_sBM_cAll_d10_mPO2_ch02:0.549474;gPO_sBM_cAll_d12_mPO3_ch01:0.549252;gPO_sBM_cAll_d10_mPO3_ch02:0.548890;gPO_sBM_cAll_d12_mPO2_ch01:0.548718,Electronic---Electro:0.243474;Electronic---Techno:0.207788;Electronic---Synthwave:0.159857;Electronic---Ambient:0.156645;Electronic---Berlin-School:0.143156,WA:v0:k1:r1,,JB5,0.700351,gPO_sBM_cAll_d10_mPO0_ch01,0.584956,96.153846
6.872000,6.893848900,,hermite,loading,,,,,0,1.0,0,gWA_sBM_cAll_d26_mWA0_ch05,,,6.104000,gPO_sBM_cAll_d10_mPO0_ch01;gPO_sBM_cAll_d11_mPO0_ch01;gPO_sBM_cAll_d11_mPO0_ch02;gPO_sBM_cAll_d10_mPO0_ch02;gPO_sBM_cAll_d12_mPO3_ch02,,,,,,0.595396946,,0.000000,,,,,,,,,,0.000000,beat-sync,1.030592,0.813802,,0.000454629,0.404237505,right_wrist_yaw,3.089189008,right_wrist_yaw,0.404237505,right_wrist_yaw,5.369551708,right_wrist_yaw,-0.400522,-0.395701,0.933671,1.629160,0.000000000,0.000000000,0.000000000,0.000000000,0.000000000,0.000000000,6.712000,0.000000000,0.000000000,,15.188439,11.814380,567.700330,,0.007114892,0,1,0,4,gPO_sBM_cAll_d10_mPO0_ch01;gPO_sBM_cAll_d11_mPO0_ch01;gPO_sBM_cAll_d11_mPO0_ch02;gPO_sBM_cAll_d10_mPO0_ch02,,70.478400,907.708800,93.140800,4199.569500,accepted,0.938171,,0.887584,0.187963819,40.226389,0.156645,PO,0.730935,0.002227,0.004924,JB5:0.700351;JB3:0.698125;JB1:0.692455;JB2:0.618941;JB4:0.603145,gPO_sBM_cAll_d10_mPO0_ch01:0.584956;gPO_sBM_cAll_d11_mPO0_ch01:0.580032;gPO_sBM_cAll_d11_mPO0_ch02:0.578172;gPO_sBM_cAll_d10_mPO0_ch02:0.577206;gPO_sBM_cAll_d12_mPO3_ch02:0.550420;gPO_sBM_cAll_d12_mPO2_ch02:0.550029;gPO_sBM_cAll_d10_mPO2_ch02:0.549474;gPO_sBM_cAll_d12_mPO3_ch01:0.549252;gPO_sBM_cAll_d10_mPO3_ch02:0.548890;gPO_sBM_cAll_d12_mPO2_ch01:0.548718,Electronic---Electro:0.243474;Electronic---Techno:0.207788;Electronic---Synthwave:0.159857;Electronic---Ambient:0.156645;Electronic---Berlin-School:0.143156,WA:v0:k1:r1,,JB5,0.700351,gPO_sBM_cAll_d10_mPO0_ch01,0.584956,96.153846
6.904000,6.919741300,,hermite,loading,,,,,0,1.0,0,gWA_sBM_cAll_d26_mWA0_ch05,,,6.104000,gPO_sBM_cAll_d10_mPO0_ch01;gPO_sBM_cAll_d11_mPO0_ch01;gPO_sBM_cAll_d11_mPO0_ch02;gPO_sBM_cAll_d10_mPO0_ch02;gPO_sBM_cAll_d12_mPO3_ch02,,,,,,0.597590415,,0.000000,,,,,,,,,,0.000000,beat-sync,1.001613,0.813802,,0.000409645,0.307505930,right_wrist_yaw,4.359500516,right_wrist_yaw,0.307505930,right_wrist_yaw,4.643655059,right_wrist_yaw,-0.398351,-0.399072,0.941196,1.625466,0.000000000,0.000000000,0.000000000,0.000000000,0.000000000,0.000000000,6.712000,0.000000000,0.000000000,,6.723143,5.740305,88.414333,,0.007091666,0,1,0,4,gPO_sBM_cAll_d10_mPO0_ch01;gPO_sBM_cAll_d11_mPO0_ch01;gPO_sBM_cAll_d11_mPO0_ch02;gPO_sBM_cAll_d10_mPO0_ch02,,70.478400,907.708800,93.140800,4199.569500,accepted,0.938171,,0.887584,0.187963819,40.226389,0.156645,PO,0.730935,0.002227,0.004924,JB5:0.700351;JB3:0.698125;JB1:0.692455;JB2:0.618941;JB4:0.603145,gPO_sBM_cAll_d10_mPO0_ch01:0.584956;gPO_sBM_cAll_d11_mPO0_ch01:0.580032;gPO_sBM_cAll_d11_mPO0_ch02:0.578172;gPO_sBM_cAll_d10_mPO0_ch02:0.577206;gPO_sBM_cAll_d12_mPO3_ch02:0.550420;gPO_sBM_cAll_d12_mPO2_ch02:0.550029;gPO_sBM_cAll_d10_mPO2_ch02:0.549474;gPO_sBM_cAll_d12_mPO3_ch01:0.549252;gPO_sBM_cAll_d10_mPO3_ch02:0.548890;gPO_sBM_cAll_d12_mPO2_ch01:0.548718,Electronic---Electro:0.243474;Electronic---Techno:0.207788;Electronic---Synthwave:0.159857;Electronic---Ambient:0.156645;Electronic---Berlin-School:0.143156,WA:v0:k1:r1,,JB5,0.700351,gPO_sBM_cAll_d10_mPO0_ch01,0.584956,96.153846
6.968000,6.985381500,,hermite,loading,,,,,0,1.0,0,gWA_sBM_cAll_d26_mWA0_ch05,,,6.104000,gPO_sBM_cAll_d10_mPO0_ch01;gPO_sBM_cAll_d11_mPO0_ch01;gPO_sBM_cAll_d11_mPO0_ch02;gPO_sBM_cAll_d10_mPO0_ch02;gPO_sBM_cAll_d12_mPO3_ch02,,,,,,0.602922711,,0.000000,,,,,,,,,,0.000000,beat-sync,0.953678,0.813802,,0.000315049,0.159678385,right_wrist_yaw,1.944481279,left_wrist_yaw,0.159678385,right_wrist_yaw,2.408264942,left_wrist_yaw,-0.393676,-0.393334,0.958292,1.626897,0.000000000,0.000000000,0.000000000,0.000000000,0.000000000,0.000000000,6.712000,0.000000000,0.000000000,,4.237432,3.554969,121.481040,,0.007030465,0,1,0,4,gPO_sBM_cAll_d10_mPO0_ch01;gPO_sBM_cAll_d11_mPO0_ch01;gPO_sBM_cAll_d11_mPO0_ch02;gPO_sBM_cAll_d10_mPO0_ch02,,70.478400,907.708800,93.140800,4199.569500,accepted,0.938171,,0.887584,0.187963819,40.226389,0.156645,PO,0.730935,0.002227,0.004924,JB5:0.700351;JB3:0.698125;JB1:0.692455;JB2:0.618941;JB4:0.603145,gPO_sBM_cAll_d10_mPO0_ch01:0.584956;gPO_sBM_cAll_d11_mPO0_ch01:0.580032;gPO_sBM_cAll_d11_mPO0_ch02:0.578172;gPO_sBM_cAll_d10_mPO0_ch02:0.577206;gPO_sBM_cAll_d12_mPO3_ch02:0.550420;gPO_sBM_cAll_d12_mPO2_ch02:0.550029;gPO_sBM_cAll_d10_mPO2_ch02:0.549474;gPO_sBM_cAll_d12_mPO3_ch01:0.549252;gPO_sBM_cAll_d10_mPO3_ch02:0.548890;gPO_sBM_cAll_d12_mPO2_ch01:0.548718,Electronic---Electro:0.243474;Electronic---Techno:0.207788;Electronic---Synthwave:0.159857;Electronic---Ambient:0.156645;Electronic---Berlin-School:0.143156,WA:v0:k1:r1,,JB5,0.700351,gPO_sBM_cAll_d10_mPO0_ch01,0.584956,96.153846
7.000000,7.020292400,,hermite,preparing,,,,,0,1.0,0,gWA_sBM_cAll_d26_mWA0_ch05,,,6.104000,gPO_sBM_cAll_d10_mPO0_ch01;gPO_sBM_cAll_d11_mPO0_ch01;gPO_sBM_cAll_d11_mPO0_ch02;gPO_sBM_cAll_d10_mPO0_ch02;gPO_sBM_cAll_d12_mPO3_ch02,,,,,,0.605614274,,0.000000,,,,,,,,,,0.000000,beat-sync,0.933709,0.813802,,0.000274645,0.167026668,right_wrist_yaw,1.244629219,left_wrist_yaw,0.167026668,right_wrist_yaw,1.768592404,left_wrist_yaw,-0.387209,-0.385890,0.966245,1.623388,0.000000000,0.000000000,0.000000000,0.000000000,0.000000000,0.000000000,6.712000,0.000000000,0.000000000,,3.007672,2.436727,98.245899,,0.007007786,0,1,0,5,gPO_sBM_cAll_d10_mPO0_ch01;gPO_sBM_cAll_d11_mPO0_ch01;gPO_sBM_cAll_d11_mPO0_ch02;gPO_sBM_cAll_d10_mPO0_ch02;gPO_sBM_cAll_d12_mPO3_ch02,,51.286900,601.602400,62.409400,4920.014500,accepted,0.938171,,0.887584,0.187963819,40.226389,0.156645,PO,0.730935,0.002227,0.004924,JB5:0.700351;JB3:0.698125;JB1:0.692455;JB2:0.618941;JB4:0.603145,gPO_sBM_cAll_d10_mPO0_ch01:0.584956;gPO_sBM_cAll_d11_mPO0_ch01:0.580032;gPO_sBM_cAll_d11_mPO0_ch02:0.578172;gPO_sBM_cAll_d10_mPO0_ch02:0.577206;gPO_sBM_cAll_d12_mPO3_ch02:0.550420;gPO_sBM_cAll_d12_mPO2_ch02:0.550029;gPO_sBM_cAll_d10_mPO2_ch02:0.549474;gPO_sBM_cAll_d12_mPO3_ch01:0.549252;gPO_sBM_cAll_d10_mPO3_ch02:0.548890;gPO_sBM_cAll_d12_mPO2_ch01:0.548718,Electronic---Electro:0.243474;Electronic---Techno:0.207788;Electronic---Synthwave:0.159857;Electronic---Ambient:0.156645;Electronic---Berlin-School:0.143156,WA:v0:k1:r1,,JB5,0.700351,gPO_sBM_cAll_d10_mPO0_ch01,0.584956,96.153846
7.064000,7.078834200,,hermite,ready,,,,,0,1.0,0,gWA_sBM_cAll_d26_mWA0_ch05,gPO_sBM_cAll_d12_mPO3_ch02,gPO_sBM_cAll_d12_mPO3_ch02,6.104000,gPO_sBM_cAll_d10_mPO0_ch01;gPO_sBM_cAll_d11_mPO0_ch01;gPO_sBM_cAll_d11_mPO0_ch02;gPO_sBM_cAll_d10_mPO0_ch02;gPO_sBM_cAll_d12_mPO3_ch02,,,,,,0.610097869,,0.000000,,,,,,,,,,0.000000,beat-sync,0.906030,0.813802,,0.000217280,0.227303037,right_wrist_yaw,1.484595794,right_wrist_yaw,0.227303037,right_wrist_yaw,1.710844747,right_wrist_yaw,-0.369178,-0.365073,0.979473,1.616525,0.000000000,0.000000000,0.000000000,0.000000000,0.000000000,0.000000000,6.712000,0.000000000,0.000000000,,5.671226,4.770641,118.030227,,0.006955434,0,1,0,5,gPO_sBM_cAll_d10_mPO0_ch01;gPO_sBM_cAll_d11_mPO0_ch01;gPO_sBM_cAll_d11_mPO0_ch02;gPO_sBM_cAll_d10_mPO0_ch02;gPO_sBM_cAll_d12_mPO3_ch02,,51.286900,601.602400,62.409400,4920.014500,accepted,0.938171,,0.887584,0.187963819,40.226389,0.156645,PO,0.730935,0.002227,0.004924,JB5:0.700351;JB3:0.698125;JB1:0.692455;JB2:0.618941;JB4:0.603145,gPO_sBM_cAll_d10_mPO0_ch01:0.584956;gPO_sBM_cAll_d11_mPO0_ch01:0.580032;gPO_sBM_cAll_d11_mPO0_ch02:0.578172;gPO_sBM_cAll_d10_mPO0_ch02:0.577206;gPO_sBM_cAll_d12_mPO3_ch02:0.550420;gPO_sBM_cAll_d12_mPO2_ch02:0.550029;gPO_sBM_cAll_d10_mPO2_ch02:0.549474;gPO_sBM_cAll_d12_mPO3_ch01:0.549252;gPO_sBM_cAll_d10_mPO3_ch02:0.548890;gPO_sBM_cAll_d12_mPO2_ch01:0.548718,Electronic---Electro:0.243474;Electronic---Techno:0.207788;Electronic---Synthwave:0.159857;Electronic---Ambient:0.156645;Electronic---Berlin-School:0.143156,WA:v0:k1:r1,,JB5,0.700351,gPO_sBM_cAll_d10_mPO0_ch01,0.584956,96.153846
7.128000,7.146051800,,hermite,ready,,,,,0,1.0,0,gWA_sBM_cAll_d26_mWA0_ch05,gPO_sBM_cAll_d12_mPO3_ch02,gPO_sBM_cAll_d12_mPO3_ch02,6.104000,gPO_sBM_cAll_d10_mPO0_ch01;gPO_sBM_cAll_d11_mPO0_ch01;gPO_sBM_cAll_d11_mPO0_ch02;gPO_sBM_cAll_d10_mPO0_ch02;gPO_sBM_cAll_d12_mPO3_ch02,,,,,,0.615022339,,0.000000,,,,,,,,,,0.000000,beat-sync,0.882360,0.813802,,0.000166767,0.248425942,right_wrist_yaw,0.000985670,left_wrist_yaw,0.248425942,right_wrist_yaw,0.001139398,left_wrist_yaw,-0.346865,-0.338258,0.980290,1.557556,0.000000000,0.000000000,0.000000000,0.000000000,0.000000000,0.000000000,6.712000,0.000000000,0.000000000,,0.024795,0.020575,1.242521,,0.006896552,0,1,0,5,gPO_sBM_cAll_d10_mPO0_ch01;gPO_sBM_cAll_d11_mPO0_ch01;gPO_sBM_cAll_d11_mPO0_ch02;gPO_sBM_cAll_d10_mPO0_ch02;gPO_sBM_cAll_d12_mPO3_ch02,,51.286900,601.602400,62.409400,4920.014500,accepted,0.938171,,0.887584,0.187963819,40.226389,0.156645,PO,0.730935,0.002227,0.004924,JB5:0.700351;JB3:0.698125;JB1:0.692455;JB2:0.618941;JB4:0.603145,gPO_sBM_cAll_d10_mPO0_ch01:0.584956;gPO_sBM_cAll_d11_mPO0_ch01:0.580032;gPO_sBM_cAll_d11_mPO0_ch02:0.578172;gPO_sBM_cAll_d10_mPO0_ch02:0.577206;gPO_sBM_cAll_d12_mPO3_ch02:0.550420;gPO_sBM_cAll_d12_mPO2_ch02:0.550029;gPO_sBM_cAll_d10_mPO2_ch02:0.549474;gPO_sBM_cAll_d12_mPO3_ch01:0.549252;gPO_sBM_cAll_d10_mPO3_ch02:0.548890;gPO_sBM_cAll_d12_mPO2_ch01:0.548718,Electronic---Electro:0.243474;Electronic---Techno:0.207788;Electronic---Synthwave:0.159857;Electronic---Ambient:0.156645;Electronic---Berlin-School:0.143156,WA:v0:k1:r1,,JB5,0.700351,gPO_sBM_cAll_d10_mPO0_ch01,0.584956,96.153846
7.160000,7.172230400,,hermite,ready,,,,,0,1.0,0,gWA_sBM_cAll_d26_mWA0_ch05,gPO_sBM_cAll_d12_mPO3_ch02,gPO_sBM_cAll_d12_mPO3_ch02,6.104000,gPO_sBM_cAll_d10_mPO0_ch01;gPO_sBM_cAll_d11_mPO0_ch01;gPO_sBM_cAll_d11_mPO0_ch02;gPO_sBM_cAll_d10_mPO0_ch02;gPO_sBM_cAll_d12_mPO3_ch02,,,,,,0.617011024,,0.000000,,,,,,,,,,0.000000,beat-sync,0.874533,0.813802,,0.000149592,0.248477419,right_wrist_yaw,0.000913008,right_wrist_roll,0.248477419,right_wrist_yaw,0.000848252,right_wrist_roll,-0.338001,-0.332551,0.978392,1.521905,0.000000000,0.000000000,0.000000000,0.000000000,0.000000000,0.000000000,6.712000,0.000000000,0.000000000,,0.043091,0.037476,2.965017,,0.006874727,0,1,0,5,gPO_sBM_cAll_d10_mPO0_ch01;gPO_sBM_cAll_d11_mPO0_ch01;gPO_sBM_cAll_d11_mPO0_ch02;gPO_sBM_cAll_d10_mPO0_ch02;gPO_sBM_cAll_d12_mPO3_ch02,,51.286900,601.602400,62.409400,4920.014500,accepted,0.938171,,0.887584,0.187963819,40.226389,0.156645,PO,0.730935,0.002227,0.004924,JB5:0.700351;JB3:0.698125;JB1:0.692455;JB2:0.618941;JB4:0.603145,gPO_sBM_cAll_d10_mPO0_ch01:0.584956;gPO_sBM_cAll_d11_mPO0_ch01:0.580032;gPO_sBM_cAll_d11_mPO0_ch02:0.578172;gPO_sBM_cAll_d10_mPO0_ch02:0.577206;gPO_sBM_cAll_d12_mPO3_ch02:0.550420;gPO_sBM_cAll_d12_mPO2_ch02:0.550029;gPO_sBM_cAll_d10_mPO2_ch02:0.549474;gPO_sBM_cAll_d12_mPO3_ch01:0.549252;gPO_sBM_cAll_d10_mPO3_ch02:0.548890;gPO_sBM_cAll_d12_mPO2_ch01:0.548718,Electronic---Electro:0.243474;Electronic---Techno:0.207788;Electronic---Synthwave:0.159857;Electronic---Ambient:0.156645;Electronic---Berlin-School:0.143156,WA:v0:k1:r1,,JB5,0.700351,gPO_sBM_cAll_d10_mPO0_ch01,0.584956,96.153846
7.224000,7.236862000,,hermite,ready,,,,,0,1.0,0,gWA_sBM_cAll_d26_mWA0_ch05,gPO_sBM_cAll_d12_mPO3_ch02,gPO_sBM_cAll_d12_mPO3_ch02,6.104000,gPO_sBM_cAll_d10_mPO0_ch01;gPO_sBM_cAll_d11_mPO0_ch01;gPO_sBM_cAll_d11_mPO0_ch02;gPO_sBM_cAll_d10_mPO0_ch02;gPO_sBM_cAll_d12_mPO3_ch02,,,,,,0.621704835,,0.000000,,,,,,,,,,0.000000,beat-sync,0.859173,0.813802,,0.000115349,0.248610479,right_wrist_yaw,0.008747199,right_wrist_roll,0.248610479,right_wrist_yaw,0.010540267,right_wrist_roll,-0.320598,-0.328042,0.970815,1.477493,0.000000000,0.000000000,0.000000000,0.000000000,0.000000000,0.000000000,6.712000,0.000000000,0.000000000,,0.118116,0.098549,11.139042,,0.006817198,0,1,0,5,gPO_sBM_cAll_d10_mPO0_ch01;gPO_sBM_cAll_d11_mPO0_ch01;gPO_sBM_cAll_d11_mPO0_ch02;gPO_sBM_cAll_d10_mPO0_ch02;gPO_sBM_cAll_d12_mPO3_ch02,,51.286900,601.602400,62.409400,4920.014500,accepted,0.938171,,0.887584,0.187963819,40.226389,0.156645,PO,0.730935,0.002227,0.004924,JB5:0.700351;JB3:0.698125;JB1:0.692455;JB2:0.618941;JB4:0.603145,gPO_sBM_cAll_d10_mPO0_ch01:0.584956;gPO_sBM_cAll_d11_mPO0_ch01:0.580032;gPO_sBM_cAll_d11_mPO0_ch02:0.578172;gPO_sBM_cAll_d10_mPO0_ch02:0.577206;gPO_sBM_cAll_d12_mPO3_ch02:0.550420;gPO_sBM_cAll_d12_mPO2_ch02:0.550029;gPO_sBM_cAll_d10_mPO2_ch02:0.549474;gPO_sBM_cAll_d12_mPO3_ch01:0.549252;gPO_sBM_cAll_d10_mPO3_ch02:0.548890;gPO_sBM_cAll_d12_mPO2_ch01:0.548718,Electronic---Electro:0.243474;Electronic---Techno:0.207788;Electronic---Synthwave:0.159857;Electronic---Ambient:0.156645;Electronic---Berlin-School:0.143156,WA:v0:k1:r1,,JB5,0.700351,gPO_sBM_cAll_d10_mPO0_ch01,0.584956,96.153846
7.256000,7.269860700,,hermite,ready,,,,,0,1.0,0,gWA_sBM_cAll_d26_mWA0_ch05,gPO_sBM_cAll_d12_mPO3_ch02,gPO_sBM_cAll_d12_mPO3_ch02,6.104000,gPO_sBM_cAll_d10_mPO0_ch01;gPO_sBM_cAll_d11_mPO0_ch01;gPO_sBM_cAll_d11_mPO0_ch02;gPO_sBM_cAll_d10_mPO0_ch02;gPO_sBM_cAll_d12_mPO3_ch02,,,,,,0.624079158,,0.000000,,,,,,,,,,0.000000,beat-sync,0.852899,0.813802,,0.000100976,0.248670571,right_wrist_yaw,0.006707555,right_wrist_roll,0.248670571,right_wrist_yaw,0.007528729,right_wrist_roll,-0.316513,-0.324920,0.964976,1.535856,0.000000000,0.000000000,0.000000000,0.000000000,0.000000000,0.000000000,6.712000,0.000000000,0.000000000,,0.107059,0.091533,9.750968,,0.006788793,0,1,0,5,gPO_sBM_cAll_d10_mPO0_ch01;gPO_sBM_cAll_d11_mPO0_ch01;gPO_sBM_cAll_d11_mPO0_ch02;gPO_sBM_cAll_d10_mPO0_ch02;gPO_sBM_cAll_d12_mPO3_ch02,,51.286900,601.602400,62.409400,4920.014500,accepted,0.938171,,0.887584,0.187963819,40.226389,0.156645,PO,0.730935,0.002227,0.004924,JB5:0.700351;JB3:0.698125;JB1:0.692455;JB2:0.618941;JB4:0.603145,gPO_sBM_cAll_d10_mPO0_ch01:0.584956;gPO_sBM_cAll_d11_mPO0_ch01:0.580032;gPO_sBM_cAll_d11_mPO0_ch02:0.578172;gPO_sBM_cAll_d10_mPO0_ch02:0.577206;gPO_sBM_cAll_d12_mPO3_ch02:0.550420;gPO_sBM_cAll_d12_mPO2_ch02:0.550029;gPO_sBM_cAll_d10_mPO2_ch02:0.549474;gPO_sBM_cAll_d12_mPO3_ch01:0.549252;gPO_sBM_cAll_d10_mPO3_ch02:0.548890;gPO_sBM_cAll_d12_mPO2_ch01:0.548718,Electronic---Electro:0.243474;Electronic---Techno:0.207788;Electronic---Synthwave:0.159857;Electronic---Ambient:0.156645;Electronic---Berlin-School:0.143156,WA:v0:k1:r1,,JB5,0.700351,gPO_sBM_cAll_d10_mPO0_ch01,0.584956,96.153846
7.288000,7.303988900,match,hermite,ready,,,,,0,1.0,0,gWA_sBM_cAll_d26_mWA0_ch05,gPO_sBM_cAll_d12_mPO3_ch02,gPO_sBM_cAll_d12_mPO3_ch02,7.128000,gPO_sBM_cAll_d10_mPO0_ch01;gPO_sBM_cAll_d11_mPO0_ch01;gPO_sBM_cAll_d11_mPO0_ch02;gPO_sBM_cAll_d10_mPO0_ch02;gPO_sBM_cAll_d12_mPO3_ch02,,,,,,0.626415118,,0.000000,,,,,,,,,,0.000000,beat-sync,0.834735,1.108871,,-0.001130896,0.248287150,right_wrist_yaw,0.049260504,right_wrist_yaw,0.248287150,right_wrist_yaw,0.071565036,right_wrist_yaw,-0.314160,-0.323142,0.961303,1.547021,0.000000000,0.000000000,0.000000000,0.000000000,0.000000000,0.000000000,7.288000,0.000000000,0.000000000,,0.081391,0.066642,18.371070,,0.006760624,0,1,0,5,gPO_sBM_cAll_d10_mPO0_ch01;gPO_sBM_cAll_d11_mPO0_ch01;gPO_sBM_cAll_d11_mPO0_ch02;gPO_sBM_cAll_d10_mPO0_ch02;gPO_sBM_cAll_d12_mPO3_ch02,,51.286900,601.602400,62.409400,4920.014500,accepted,0.914580,,0.844691,0.212353268,38.299174,0.144480,PO,0.725267,0.000373,0.005321,JB3:0.691570;JB5:0.691196;JB1:0.685751;JB2:0.624077;JB4:0.600470,gPO_sBM_cAll_d10_mPO0_ch01:0.588297;gPO_sBM_cAll_d11_mPO0_ch01:0.582976;gPO_sBM_cAll_d11_mPO0_ch02:0.581527;gPO_sBM_cAll_d10_mPO0_ch02:0.580622;gPO_sBM_cAll_d12_mPO5_ch02:0.567795;gPO_sBM_cAll_d12_mPO4_ch02:0.565917;gPO_sBM_cAll_d12_mPO5_ch01:0.565387;gPO_sBM_cAll_d12_mPO3_ch02:0.557341;gPO_sBM_cAll_d12_mPO3_ch01:0.555826;gPO_sBM_cAll_d10_mPO3_ch01:0.555658,Electronic---Techno:0.262961;Electronic---Electro:0.239808;Electronic---Ambient:0.144480;Electronic---Synthwave:0.132166;Electronic---Berlin-School:0.132016,WA:v0:k1:r1,,JB3,0.691570,gPO_sBM_cAll_d10_mPO0_ch01,0.588297,120.967742
7.320000,7.328346800,,hermite,ready,,,,,0,1.0,0,gWA_sBM_cAll_d26_mWA0_ch05,gPO_sBM_cAll_d12_mPO3_ch02,gPO_sBM_cAll_d12_mPO3_ch02,7.128000,gPO_sBM_cAll_d10_mPO0_ch01;gPO_sBM_cAll_d11_mPO0_ch01;gPO_sBM_cAll_d11_mPO0_ch02;gPO_sBM_cAll_d10_mPO0_ch02;gPO_sBM_cAll_d12_mPO3_ch02,,,,,,0.628145993,,0.000000,,,,,,,,,,0.000000,beat-sync,0.829936,1.108871,,-0.001028093,0.262763677,right_wrist_yaw,1.521133123,right_wrist_yaw,0.262763677,right_wrist_yaw,1.774992557,right_wrist_yaw,-0.312876,-0.322913,0.960395,1.537434,0.000000000,0.000000000,0.000000000,0.000000000,0.000000000,0.000000000,7.288000,0.000000000,0.000000000,,1.826684,1.531188,149.361321,,0.006739650,0,1,0,5,gPO_sBM_cAll_d10_mPO0_ch01;gPO_sBM_cAll_d11_mPO0_ch01;gPO_sBM_cAll_d11_mPO0_ch02;gPO_sBM_cAll_d10_mPO0_ch02;gPO_sBM_cAll_d12_mPO3_ch02,,51.286900,601.602400,62.409400,4920.014500,accepted,0.914580,,0.844691,0.212353268,38.299174,0.144480,PO,0.725267,0.000373,0.005321,JB3:0.691570;JB5:0.691196;JB1:0.685751;JB2:0.624077;JB4:0.600470,gPO_sBM_cAll_d10_mPO0_ch01:0.588297;gPO_sBM_cAll_d11_mPO0_ch01:0.582976;gPO_sBM_cAll_d11_mPO0_ch02:0.581527;gPO_sBM_cAll_d10_mPO0_ch02:0.580622;gPO_sBM_cAll_d12_mPO5_ch02:0.567795;gPO_sBM_cAll_d12_mPO4_ch02:0.565917;gPO_sBM_cAll_d12_mPO5_ch01:0.565387;gPO_sBM_cAll_d12_mPO3_ch02:0.557341;gPO_sBM_cAll_d12_mPO3_ch01:0.555826;gPO_sBM_cAll_d10_mPO3_ch01:0.555658,Electronic---Techno:0.262961;Electronic---Electro:0.239808;Electronic---Ambient:0.144480;Electronic---Synthwave:0.132166;Electronic---Berlin-School:0.132016,WA:v0:k1:r1,,JB3,0.691570,gPO_sBM_cAll_d10_mPO0_ch01,0.588297,120.967742
7.320000,7.371336000,beat_limiter_result,hermite,ready,,,,,0,1.0,0,gWA_sBM_cAll_d26_mWA0_ch05,gPO_sBM_cAll_d12_mPO3_ch02,gPO_sBM_cAll_d12_mPO3_ch02,7.128000,gPO_sBM_cAll_d10_mPO0_ch01;gPO_sBM_cAll_d11_mPO0_ch01;gPO_sBM_cAll_d11_mPO0_ch02;gPO_sBM_cAll_d10_mPO0_ch02;gPO_sBM_cAll_d12_mPO3_ch02,,,,,,0.631138955,,0.000000,,,,,,,,,,0.000000,beat-sync,0.877197,1.108871,,-0.000869964,0.045483669,left_wrist_roll,4.430819605,right_wrist_yaw,0.045483669,left_wrist_roll,5.007322679,right_wrist_yaw,-0.308179,-0.322149,0.962044,1.509418,0.000000000,0.000000000,0.000000000,0.000000000,0.000000000,0.000000000,7.288000,0.000000000,0.000000000,,10.489506,8.838321,593.348898,,0.006704981,0,1,0,5,gPO_sBM_cAll_d10_mPO0_ch01;gPO_sBM_cAll_d11_mPO0_ch01;gPO_sBM_cAll_d11_mPO0_ch02;gPO_sBM_cAll_d10_mPO0_ch02;gPO_sBM_cAll_d12_mPO3_ch02,,51.286900,601.602400,62.409400,4920.014500,accepted,0.914580,,0.844691,0.212353268,38.299174,0.144480,PO,0.725267,0.000373,0.005321,JB3:0.691570;JB5:0.691196;JB1:0.685751;JB2:0.624077;JB4:0.600470,gPO_sBM_cAll_d10_mPO0_ch01:0.588297;gPO_sBM_cAll_d11_mPO0_ch01:0.582976;gPO_sBM_cAll_d11_mPO0_ch02:0.581527;gPO_sBM_cAll_d10_mPO0_ch02:0.580622;gPO_sBM_cAll_d12_mPO5_ch02:0.567795;gPO_sBM_cAll_d12_mPO4_ch02:0.565917;gPO_sBM_cAll_d12_mPO5_ch01:0.565387;gPO_sBM_cAll_d12_mPO3_ch02:0.557341;gPO_sBM_cAll_d12_mPO3_ch01:0.555826;gPO_sBM_cAll_d10_mPO3_ch01:0.555658,Electronic---Techno:0.262961;Electronic---Electro:0.239808;Electronic---Ambient:0.144480;Electronic---Synthwave:0.132166;Electronic---Berlin-School:0.132016,WA:v0:k1:r1,,JB3,0.691570,gPO_sBM_cAll_d10_mPO0_ch01,0.588297,120.967742
7.352000,7.378150500,,hermite,ready,,,,,0,1.0,0,gWA_sBM_cAll_d26_mWA0_ch05,gPO_sBM_cAll_d12_mPO3_ch02,gPO_sBM_cAll_d12_mPO3_ch02,7.128000,gPO_sBM_cAll_d10_mPO0_ch01;gPO_sBM_cAll_d11_mPO0_ch01;gPO_sBM_cAll_d11_mPO0_ch02;gPO_sBM_cAll_d10_mPO0_ch02;gPO_sBM_cAll_d12_mPO3_ch02,,,,,,0.631731869,,0.000000,,,,,,,,,,0.000000,beat-sync,0.885358,1.108871,,-0.000842481,0.041579188,right_wrist_roll,2.173290451,right_wrist_yaw,0.041579188,right_wrist_roll,2.787985491,right_wrist_yaw,-0.306731,-0.321663,0.962323,1.502003,0.000000000,0.000000000,0.000000000,0.000000000,0.000000000,0.000000000,7.288000,0.000000000,0.000000000,,10.623402,8.702238,554.202405,,0.006698090,0,1,0,5,gPO_sBM_cAll_d10_mPO0_ch01;gPO_sBM_cAll_d11_mPO0_ch01;gPO_sBM_cAll_d11_mPO0_ch02;gPO_sBM_cAll_d10_mPO0_ch02;gPO_sBM_cAll_d12_mPO3_ch02,,51.286900,601.602400,62.409400,4920.014500,accepted,0.914580,,0.844691,0.212353268,38.299174,0.144480,PO,0.725267,0.000373,0.005321,JB3:0.691570;JB5:0.691196;JB1:0.685751;JB2:0.624077;JB4:0.600470,gPO_sBM_cAll_d10_mPO0_ch01:0.588297;gPO_sBM_cAll_d11_mPO0_ch01:0.582976;gPO_sBM_cAll_d11_mPO0_ch02:0.581527;gPO_sBM_cAll_d10_mPO0_ch02:0.580622;gPO_sBM_cAll_d12_mPO5_ch02:0.567795;gPO_sBM_cAll_d12_mPO4_ch02:0.565917;gPO_sBM_cAll_d12_mPO5_ch01:0.565387;gPO_sBM_cAll_d12_mPO3_ch02:0.557341;gPO_sBM_cAll_d12_mPO3_ch01:0.555826;gPO_sBM_cAll_d10_mPO3_ch01:0.555658,Electronic---Techno:0.262961;Electronic---Electro:0.239808;Electronic---Ambient:0.144480;Electronic---Synthwave:0.132166;Electronic---Berlin-School:0.132016,WA:v0:k1:r1,,JB3,0.691570,gPO_sBM_cAll_d10_mPO0_ch01,0.588297,120.967742
7.416000,7.436488300,,hermite,ready,,,,,0,1.0,0,gWA_sBM_cAll_d26_mWA0_ch05,gPO_sBM_cAll_d12_mPO3_ch02,gPO_sBM_cAll_d12_mPO3_ch02,7.128000,gPO_sBM_cAll_d10_mPO0_ch01;gPO_sBM_cAll_d11_mPO0_ch01;gPO_sBM_cAll_d11_mPO0_ch02;gPO_sBM_cAll_d10_mPO0_ch02;gPO_sBM_cAll_d12_mPO3_ch02,,,,,,0.636209651,,0.000000,,,,,,,,,,0.000000,beat-sync,0.936567,1.108871,,-0.000666446,0.083461264,left_wrist_yaw,2.360498444,right_wrist_yaw,0.083461264,left_wrist_yaw,2.771748279,right_wrist_yaw,-0.288967,-0.316264,0.963415,1.445085,0.000000000,0.000000000,0.000000000,0.000000000,0.000000000,0.000000000,7.288000,0.000000000,0.000000000,,8.031809,6.812591,187.262860,,0.006650246,0,1,0,5,gPO_sBM_cAll_d10_mPO0_ch01;gPO_sBM_cAll_d11_mPO0_ch01;gPO_sBM_cAll_d11_mPO0_ch02;gPO_sBM_cAll_d10_mPO0_ch02;gPO_sBM_cAll_d12_mPO3_ch02,,51.286900,601.602400,62.409400,4920.014500,accepted,0.914580,,0.844691,0.212353268,38.299174,0.144480,PO,0.725267,0.000373,0.005321,JB3:0.691570;JB5:0.691196;JB1:0.685751;JB2:0.624077;JB4:0.600470,gPO_sBM_cAll_d10_mPO0_ch01:0.588297;gPO_sBM_cAll_d11_mPO0_ch01:0.582976;gPO_sBM_cAll_d11_mPO0_ch02:0.581527;gPO_sBM_cAll_d10_mPO0_ch02:0.580622;gPO_sBM_cAll_d12_mPO5_ch02:0.567795;gPO_sBM_cAll_d12_mPO4_ch02:0.565917;gPO_sBM_cAll_d12_mPO5_ch01:0.565387;gPO_sBM_cAll_d12_mPO3_ch02:0.557341;gPO_sBM_cAll_d12_mPO3_ch01:0.555826;gPO_sBM_cAll_d10_mPO3_ch01:0.555658,Electronic---Techno:0.262961;Electronic---Electro:0.239808;Electronic---Ambient:0.144480;Electronic---Synthwave:0.132166;Electronic---Berlin-School:0.132016,WA:v0:k1:r1,,JB3,0.691570,gPO_sBM_cAll_d10_mPO0_ch01,0.588297,120.967742
7.480000,7.503602700,,hermite,ready,,,,,0,1.0,0,gWA_sBM_cAll_d26_mWA0_ch05,gPO_sBM_cAll_d12_mPO3_ch02,gPO_sBM_cAll_d12_mPO3_ch02,7.128000,gPO_sBM_cAll_d10_mPO0_ch01;gPO_sBM_cAll_d11_mPO0_ch01;gPO_sBM_cAll_d11_mPO0_ch02;gPO_sBM_cAll_d10_mPO0_ch02;gPO_sBM_cAll_d12_mPO3_ch02,,,,,,0.641566339,,0.000000,,,,,,,,,,0.000000,beat-sync,0.980750,1.108871,,-0.000510398,0.191181304,right_wrist_yaw,1.151809463,left_wrist_pitch,0.191181304,right_wrist_yaw,1.390107200,left_wrist_pitch,-0.258597,-0.310847,0.964271,1.459586,0.000000000,0.000000000,0.000000000,0.000000000,0.000000000,0.000000000,7.288000,0.000000000,0.000000000,,8.377565,7.158908,73.424162,,0.006596398,0,1,0,5,gPO_sBM_cAll_d10_mPO0_ch01;gPO_sBM_cAll_d11_mPO0_ch01;gPO_sBM_cAll_d11_mPO0_ch02;gPO_sBM_cAll_d10_mPO0_ch02;gPO_sBM_cAll_d12_mPO3_ch02,,51.286900,601.602400,62.409400,4920.014500,accepted,0.914580,,0.844691,0.212353268,38.299174,0.144480,PO,0.725267,0.000373,0.005321,JB3:0.691570;JB5:0.691196;JB1:0.685751;JB2:0.624077;JB4:0.600470,gPO_sBM_cAll_d10_mPO0_ch01:0.588297;gPO_sBM_cAll_d11_mPO0_ch01:0.582976;gPO_sBM_cAll_d11_mPO0_ch02:0.581527;gPO_sBM_cAll_d10_mPO0_ch02:0.580622;gPO_sBM_cAll_d12_mPO5_ch02:0.567795;gPO_sBM_cAll_d12_mPO4_ch02:0.565917;gPO_sBM_cAll_d12_mPO5_ch01:0.565387;gPO_sBM_cAll_d12_mPO3_ch02:0.557341;gPO_sBM_cAll_d12_mPO3_ch01:0.555826;gPO_sBM_cAll_d10_mPO3_ch01:0.555658,Electronic---Techno:0.262961;Electronic---Electro:0.239808;Electronic---Ambient:0.144480;Electronic---Synthwave:0.132166;Electronic---Berlin-School:0.132016,WA:v0:k1:r1,,JB3,0.691570,gPO_sBM_cAll_d10_mPO0_ch01,0.588297,120.967742
7.512000,7.527916700,,hermite,ready,,,,,0,1.0,0,gWA_sBM_cAll_d26_mWA0_ch05,gPO_sBM_cAll_d12_mPO3_ch02,gPO_sBM_cAll_d12_mPO3_ch02,7.128000,gPO_sBM_cAll_d10_mPO0_ch01;gPO_sBM_cAll_d11_mPO0_ch01;gPO_sBM_cAll_d11_mPO0_ch02;gPO_sBM_cAll_d10_mPO0_ch02;gPO_sBM_cAll_d12_mPO3_ch02,,,,,,0.643607946,,0.000000,,,,,,,,,,0.000000,beat-sync,0.994067,1.108871,,-0.000462347,0.194537284,right_wrist_yaw,4.654022333,left_wrist_pitch,0.194537284,right_wrist_yaw,6.331693048,left_wrist_pitch,-0.245481,-0.310311,0.963615,1.493113,0.000000000,0.000000000,0.000000000,0.000000000,0.000000000,0.000000000,7.288000,0.000000000,0.000000000,,14.037454,11.525027,584.684871,,0.006576429,0,1,0,5,gPO_sBM_cAll_d10_mPO0_ch01;gPO_sBM_cAll_d11_mPO0_ch01;gPO_sBM_cAll_d11_mPO0_ch02;gPO_sBM_cAll_d10_mPO0_ch02;gPO_sBM_cAll_d12_mPO3_ch02,,51.286900,601.602400,62.409400,4920.014500,accepted,0.914580,,0.844691,0.212353268,38.299174,0.144480,PO,0.725267,0.000373,0.005321,JB3:0.691570;JB5:0.691196;JB1:0.685751;JB2:0.624077;JB4:0.600470,gPO_sBM_cAll_d10_mPO0_ch01:0.588297;gPO_sBM_cAll_d11_mPO0_ch01:0.582976;gPO_sBM_cAll_d11_mPO0_ch02:0.581527;gPO_sBM_cAll_d10_mPO0_ch02:0.580622;gPO_sBM_cAll_d12_mPO5_ch02:0.567795;gPO_sBM_cAll_d12_mPO4_ch02:0.565917;gPO_sBM_cAll_d12_mPO5_ch01:0.565387;gPO_sBM_cAll_d12_mPO3_ch02:0.557341;gPO_sBM_cAll_d12_mPO3_ch01:0.555826;gPO_sBM_cAll_d10_mPO3_ch01:0.555658,Electronic---Techno:0.262961;Electronic---Electro:0.239808;Electronic---Ambient:0.144480;Electronic---Synthwave:0.132166;Electronic---Berlin-School:0.132016,WA:v0:k1:r1,,JB3,0.691570,gPO_sBM_cAll_d10_mPO0_ch01,0.588297,120.967742
7.576000,7.594722900,,hermite,ready,,,,,1,1.0,0,gWA_sBM_cAll_d26_mWA0_ch05,gPO_sBM_cAll_d12_mPO3_ch02,gPO_sBM_cAll_d12_mPO3_ch02,7.128000,gPO_sBM_cAll_d10_mPO0_ch01;gPO_sBM_cAll_d11_mPO0_ch01;gPO_sBM_cAll_d11_mPO0_ch02;gPO_sBM_cAll_d10_mPO0_ch02;gPO_sBM_cAll_d12_mPO3_ch02,,,,,,0.649222564,,0.000000,,,,,,,,,,0.000000,beat-sync,1.023467,1.108871,,-0.000354317,0.198843254,left_wrist_yaw,0.893007265,left_wrist_yaw,0.198843254,left_wrist_yaw,1.818692801,left_wrist_yaw,-0.202998,-0.310607,0.966131,1.527145,0.000000000,0.000000000,0.000000000,0.000000000,0.000000000,0.000000000,7.288000,0.000000000,0.000000000,,13.000859,8.894795,484.011296,,0.006523765,0,1,0,5,gPO_sBM_cAll_d10_mPO0_ch01;gPO_sBM_cAll_d11_mPO0_ch01;gPO_sBM_cAll_d11_mPO0_ch02;gPO_sBM_cAll_d10_mPO0_ch02;gPO_sBM_cAll_d12_mPO3_ch02,,51.286900,601.602400,62.409400,4920.014500,accepted,0.914580,,0.844691,0.212353268,38.299174,0.144480,PO,0.725267,0.000373,0.005321,JB3:0.691570;JB5:0.691196;JB1:0.685751;JB2:0.624077;JB4:0.600470,gPO_sBM_cAll_d10_mPO0_ch01:0.588297;gPO_sBM_cAll_d11_mPO0_ch01:0.582976;gPO_sBM_cAll_d11_mPO0_ch02:0.581527;gPO_sBM_cAll_d10_mPO0_ch02:0.580622;gPO_sBM_cAll_d12_mPO5_ch02:0.567795;gPO_sBM_cAll_d12_mPO4_ch02:0.565917;gPO_sBM_cAll_d12_mPO5_ch01:0.565387;gPO_sBM_cAll_d12_mPO3_ch02:0.557341;gPO_sBM_cAll_d12_mPO3_ch01:0.555826;gPO_sBM_cAll_d10_mPO3_ch01:0.555658,Electronic---Techno:0.262961;Electronic---Electro:0.239808;Electronic---Ambient:0.144480;Electronic---Synthwave:0.132166;Electronic---Berlin-School:0.132016,WA:v0:k1:r1,,JB3,0.691570,gPO_sBM_cAll_d10_mPO0_ch01,0.588297,120.967742
7.608000,7.631317800,,hermite,ready,,,,,0,1.0,0,gWA_sBM_cAll_d26_mWA0_ch05,gPO_sBM_cAll_d12_mPO3_ch02,gPO_sBM_cAll_d12_mPO3_ch02,7.128000,gPO_sBM_cAll_d10_mPO0_ch01;gPO_sBM_cAll_d11_mPO0_ch01;gPO_sBM_cAll_d11_mPO0_ch02;gPO_sBM_cAll_d10_mPO0_ch02;gPO_sBM_cAll_d12_mPO3_ch02,,,,,,0.652112179,,0.000000,,,,,,,,,,0.000000,beat-sync,1.035226,1.108871,,-0.000309773,0.227245521,left_wrist_yaw,0.380963738,left_wrist_roll,0.227245521,left_wrist_yaw,0.341141597,left_wrist_roll,-0.178698,-0.309064,0.968217,1.490427,0.000000000,0.000000000,0.000000000,0.000000000,0.000000000,0.000000000,7.288000,0.000000000,0.000000000,,4.675565,4.121557,150.431119,,0.006497748,0,1,0,5,gPO_sBM_cAll_d10_mPO0_ch01;gPO_sBM_cAll_d11_mPO0_ch01;gPO_sBM_cAll_d11_mPO0_ch02;gPO_sBM_cAll_d10_mPO0_ch02;gPO_sBM_cAll_d12_mPO3_ch02,,51.286900,601.602400,62.409400,4920.014500,accepted,0.914580,,0.844691,0.212353268,38.299174,0.144480,PO,0.725267,0.000373,0.005321,JB3:0.691570;JB5:0.691196;JB1:0.685751;JB2:0.624077;JB4:0.600470,gPO_sBM_cAll_d10_mPO0_ch01:0.588297;gPO_sBM_cAll_d11_mPO0_ch01:0.582976;gPO_sBM_cAll_d11_mPO0_ch02:0.581527;gPO_sBM_cAll_d10_mPO0_ch02:0.580622;gPO_sBM_cAll_d12_mPO5_ch02:0.567795;gPO_sBM_cAll_d12_mPO4_ch02:0.565917;gPO_sBM_cAll_d12_mPO5_ch01:0.565387;gPO_sBM_cAll_d12_mPO3_ch02:0.557341;gPO_sBM_cAll_d12_mPO3_ch01:0.555826;gPO_sBM_cAll_d10_mPO3_ch01:0.555658,Electronic---Techno:0.262961;Electronic---Electro:0.239808;Electronic---Ambient:0.144480;Electronic---Synthwave:0.132166;Electronic---Berlin-School:0.132016,WA:v0:k1:r1,,JB3,0.691570,gPO_sBM_cAll_d10_mPO0_ch01,0.588297,120.967742
7.672000,7.686037500,,hermite,ready,,,,,0,1.0,0,gWA_sBM_cAll_d26_mWA0_ch05,gPO_sBM_cAll_d12_mPO3_ch02,gPO_sBM_cAll_d12_mPO3_ch02,7.128000,gPO_sBM_cAll_d10_mPO0_ch01;gPO_sBM_cAll_d11_mPO0_ch01;gPO_sBM_cAll_d11_mPO0_ch02;gPO_sBM_cAll_d10_mPO0_ch02;gPO_sBM_cAll_d12_mPO3_ch02,,,,,,0.657185301,,0.000000,,,,,,,,,,0.000000,beat-sync,1.051982,1.108871,,-0.000245470,0.204309322,left_wrist_yaw,1.178467941,right_wrist_yaw,0.204309322,left_wrist_yaw,1.521153374,right_wrist_yaw,-0.135880,-0.303928,0.971564,1.354985,0.000000000,0.000000000,0.000000000,0.000000000,0.000000000,0.000000000,7.288000,0.000000000,0.000000000,,10.635075,8.808103,353.690228,,0.006452714,0,1,0,5,gPO_sBM_cAll_d10_mPO0_ch01;gPO_sBM_cAll_d11_mPO0_ch01;gPO_sBM_cAll_d11_mPO0_ch02;gPO_sBM_cAll_d10_mPO0_ch02;gPO_sBM_cAll_d12_mPO3_ch02,,51.286900,601.602400,62.409400,4920.014500,accepted,0.914580,,0.844691,0.212353268,38.299174,0.144480,PO,0.725267,0.000373,0.005321,JB3:0.691570;JB5:0.691196;JB1:0.685751;JB2:0.624077;JB4:0.600470,gPO_sBM_cAll_d10_mPO0_ch01:0.588297;gPO_sBM_cAll_d11_mPO0_ch01:0.582976;gPO_sBM_cAll_d11_mPO0_ch02:0.581527;gPO_sBM_cAll_d10_mPO0_ch02:0.580622;gPO_sBM_cAll_d12_mPO5_ch02:0.567795;gPO_sBM_cAll_d12_mPO4_ch02:0.565917;gPO_sBM_cAll_d12_mPO5_ch01:0.565387;gPO_sBM_cAll_d12_mPO3_ch02:0.557341;gPO_sBM_cAll_d12_mPO3_ch01:0.555826;gPO_sBM_cAll_d10_mPO3_ch01:0.555658,Electronic---Techno:0.262961;Electronic---Electro:0.239808;Electronic---Ambient:0.144480;Electronic---Synthwave:0.132166;Electronic---Berlin-School:0.132016,WA:v0:k1:r1,,JB3,0.691570,gPO_sBM_cAll_d10_mPO0_ch01,0.588297,120.967742
7.704000,7.719672700,,hermite,ready,,,,,0,1.0,0,gWA_sBM_cAll_d26_mWA0_ch05,gPO_sBM_cAll_d12_mPO3_ch02,gPO_sBM_cAll_d12_mPO3_ch02,7.128000,gPO_sBM_cAll_d10_mPO0_ch01;gPO_sBM_cAll_d11_mPO0_ch01;gPO_sBM_cAll_d11_mPO0_ch02;gPO_sBM_cAll_d10_mPO0_ch02;gPO_sBM_cAll_d12_mPO3_ch02,,,,,,0.660154867,,0.000000,,,,,,,,,,0.000000,beat-sync,1.059846,1.108871,,-0.000214542,0.169150952,left_wrist_yaw,1.977417492,right_wrist_yaw,0.169150952,left_wrist_yaw,2.586482356,right_wrist_yaw,-0.122845,-0.300309,0.969129,1.311994,0.000000000,0.000000000,0.000000000,0.000000000,0.000000000,0.000000000,7.288000,0.000000000,0.000000000,,13.287182,11.100093,296.885431,,0.006427260,0,1,0,5,gPO_sBM_cAll_d10_mPO0_ch01;gPO_sBM_cAll_d11_mPO0_ch01;gPO_sBM_cAll_d11_mPO0_ch02;gPO_sBM_cAll_d10_mPO0_ch02;gPO_sBM_cAll_d12_mPO3_ch02,,51.286900,601.602400,62.409400,4920.014500,accepted,0.914580,,0.844691,0.212353268,38.299174,0.144480,PO,0.725267,0.000373,0.005321,JB3:0.691570;JB5:0.691196;JB1:0.685751;JB2:0.624077;JB4:0.600470,gPO_sBM_cAll_d10_mPO0_ch01:0.588297;gPO_sBM_cAll_d11_mPO0_ch01:0.582976;gPO_sBM_cAll_d11_mPO0_ch02:0.581527;gPO_sBM_cAll_d10_mPO0_ch02:0.580622;gPO_sBM_cAll_d12_mPO5_ch02:0.567795;gPO_sBM_cAll_d12_mPO4_ch02:0.565917;gPO_sBM_cAll_d12_mPO5_ch01:0.565387;gPO_sBM_cAll_d12_mPO3_ch02:0.557341;gPO_sBM_cAll_d12_mPO3_ch01:0.555826;gPO_sBM_cAll_d10_mPO3_ch01:0.555658,Electronic---Techno:0.262961;Electronic---Electro:0.239808;Electronic---Ambient:0.144480;Electronic---Synthwave:0.132166;Electronic---Berlin-School:0.132016,WA:v0:k1:r1,,JB3,0.691570,gPO_sBM_cAll_d10_mPO0_ch01,0.588297,120.967742
7.768000,7.778104700,,hermite,ready,,,,,0,1.0,0,gWA_sBM_cAll_d26_mWA0_ch05,gPO_sBM_cAll_d12_mPO3_ch02,gPO_sBM_cAll_d12_mPO3_ch02,7.128000,gPO_sBM_cAll_d10_mPO0_ch01;gPO_sBM_cAll_d11_mPO0_ch01;gPO_sBM_cAll_d11_mPO0_ch02;gPO_sBM_cAll_d10_mPO0_ch02;gPO_sBM_cAll_d12_mPO3_ch02,,,,,,0.665330100,,0.000000,,,,,,,,,,0.000000,beat-sync,1.070975,1.108871,,-0.000170017,0.089016049,left_wrist_yaw,1.286295741,left_wrist_yaw,0.089016049,left_wrist_yaw,1.474007670,left_wrist_yaw,-0.108137,-0.300978,0.970572,1.362101,0.000000000,0.000000000,0.000000000,0.000000000,0.000000000,0.000000000,7.288000,0.000000000,0.000000000,,7.890144,6.680240,261.549503,,0.006383194,0,1,0,5,gPO_sBM_cAll_d10_mPO0_ch01;gPO_sBM_cAll_d11_mPO0_ch01;gPO_sBM_cAll_d11_mPO0_ch02;gPO_sBM_cAll_d10_mPO0_ch02;gPO_sBM_cAll_d12_mPO3_ch02,,51.286900,601.602400,62.409400,4920.014500,accepted,0.914580,,0.844691,0.212353268,38.299174,0.144480,PO,0.725267,0.000373,0.005321,JB3:0.691570;JB5:0.691196;JB1:0.685751;JB2:0.624077;JB4:0.600470,gPO_sBM_cAll_d10_mPO0_ch01:0.588297;gPO_sBM_cAll_d11_mPO0_ch01:0.582976;gPO_sBM_cAll_d11_mPO0_ch02:0.581527;gPO_sBM_cAll_d10_mPO0_ch02:0.580622;gPO_sBM_cAll_d12_mPO5_ch02:0.567795;gPO_sBM_cAll_d12_mPO4_ch02:0.565917;gPO_sBM_cAll_d12_mPO5_ch01:0.565387;gPO_sBM_cAll_d12_mPO3_ch02:0.557341;gPO_sBM_cAll_d12_mPO3_ch01:0.555826;gPO_sBM_cAll_d10_mPO3_ch01:0.555658,Electronic---Techno:0.262961;Electronic---Electro:0.239808;Electronic---Ambient:0.144480;Electronic---Synthwave:0.132166;Electronic---Berlin-School:0.132016,WA:v0:k1:r1,,JB3,0.691570,gPO_sBM_cAll_d10_mPO0_ch01,0.588297,120.967742
7.800000,7.811291500,,hermite,ready,,,,,0,1.0,0,gWA_sBM_cAll_d26_mWA0_ch05,gPO_sBM_cAll_d12_mPO3_ch02,gPO_sBM_cAll_d12_mPO3_ch02,7.128000,gPO_sBM_cAll_d10_mPO0_ch01;gPO_sBM_cAll_d11_mPO0_ch01;gPO_sBM_cAll_d11_mPO0_ch02;gPO_sBM_cAll_d10_mPO0_ch02;gPO_sBM_cAll_d12_mPO3_ch02,,,,,,0.668297692,,0.000000,,,,,,,,,,0.000000,beat-sync,1.076146,1.108871,,-0.000148931,0.063468853,left_wrist_yaw,0.485179983,right_wrist_pitch,0.063468853,left_wrist_yaw,0.609305201,right_wrist_pitch,-0.100466,-0.304233,0.975119,1.423576,0.000000000,0.000000000,0.000000000,0.000000000,0.000000000,0.000000000,7.288000,0.000000000,0.000000000,,4.398219,3.669809,248.156605,,0.006358284,0,1,0,5,gPO_sBM_cAll_d10_mPO0_ch01;gPO_sBM_cAll_d11_mPO0_ch01;gPO_sBM_cAll_d11_mPO0_ch02;gPO_sBM_cAll_d10_mPO0_ch02;gPO_sBM_cAll_d12_mPO3_ch02,,51.286900,601.602400,62.409400,4920.014500,accepted,0.914580,,0.844691,0.212353268,38.299174,0.144480,PO,0.725267,0.000373,0.005321,JB3:0.691570;JB5:0.691196;JB1:0.685751;JB2:0.624077;JB4:0.600470,gPO_sBM_cAll_d10_mPO0_ch01:0.588297;gPO_sBM_cAll_d11_mPO0_ch01:0.582976;gPO_sBM_cAll_d11_mPO0_ch02:0.581527;gPO_sBM_cAll_d10_mPO0_ch02:0.580622;gPO_sBM_cAll_d12_mPO5_ch02:0.567795;gPO_sBM_cAll_d12_mPO4_ch02:0.565917;gPO_sBM_cAll_d12_mPO5_ch01:0.565387;gPO_sBM_cAll_d12_mPO3_ch02:0.557341;gPO_sBM_cAll_d12_mPO3_ch01:0.555826;gPO_sBM_cAll_d10_mPO3_ch01:0.555658,Electronic---Techno:0.262961;Electronic---Electro:0.239808;Electronic---Ambient:0.144480;Electronic---Synthwave:0.132166;Electronic---Berlin-School:0.132016,WA:v0:k1:r1,,JB3,0.691570,gPO_sBM_cAll_d10_mPO0_ch01,0.588297,120.967742
7.864000,7.877756400,,hermite,ready,,,,,0,1.0,0,gWA_sBM_cAll_d26_mWA0_ch05,gPO_sBM_cAll_d12_mPO3_ch02,gPO_sBM_cAll_d12_mPO3_ch02,7.128000,gPO_sBM_cAll_d10_mPO0_ch01;gPO_sBM_cAll_d11_mPO0_ch01;gPO_sBM_cAll_d11_mPO0_ch02;gPO_sBM_cAll_d10_mPO0_ch02;gPO_sBM_cAll_d12_mPO3_ch02,,,,,,0.674313229,,0.000000,,,,,,,,,,0.000000,beat-sync,1.084511,1.108871,,-0.000114064,0.166086094,right_wrist_yaw,3.852652644,right_wrist_yaw,0.166086094,right_wrist_yaw,5.484546567,right_wrist_yaw,-0.086023,-0.284229,0.973899,1.508019,0.000000000,0.000000000,0.000000000,0.000000000,0.000000000,0.000000000,7.288000,0.000000000,0.000000000,,13.600261,11.076928,327.282389,,0.006309043,0,1,0,5,gPO_sBM_cAll_d10_mPO0_ch01;gPO_sBM_cAll_d11_mPO0_ch01;gPO_sBM_cAll_d11_mPO0_ch02;gPO_sBM_cAll_d10_mPO0_ch02;gPO_sBM_cAll_d12_mPO3_ch02,,51.286900,601.602400,62.409400,4920.014500,accepted,0.914580,,0.844691,0.212353268,38.299174,0.144480,PO,0.725267,0.000373,0.005321,JB3:0.691570;JB5:0.691196;JB1:0.685751;JB2:0.624077;JB4:0.600470,gPO_sBM_cAll_d10_mPO0_ch01:0.588297;gPO_sBM_cAll_d11_mPO0_ch01:0.582976;gPO_sBM_cAll_d11_mPO0_ch02:0.581527;gPO_sBM_cAll_d10_mPO0_ch02:0.580622;gPO_sBM_cAll_d12_mPO5_ch02:0.567795;gPO_sBM_cAll_d12_mPO4_ch02:0.565917;gPO_sBM_cAll_d12_mPO5_ch01:0.565387;gPO_sBM_cAll_d12_mPO3_ch02:0.557341;gPO_sBM_cAll_d12_mPO3_ch01:0.555826;gPO_sBM_cAll_d10_mPO3_ch01:0.555658,Electronic---Techno:0.262961;Electronic---Electro:0.239808;Electronic---Ambient:0.144480;Electronic---Synthwave:0.132166;Electronic---Berlin-School:0.132016,WA:v0:k1:r1,,JB3,0.691570,gPO_sBM_cAll_d10_mPO0_ch01,0.588297,120.967742
7.928000,7.936283500,,hermite,ready,,,,,0,1.0,0,gWA_sBM_cAll_d26_mWA0_ch05,gPO_sBM_cAll_d12_mPO3_ch02,gPO_sBM_cAll_d12_mPO3_ch02,7.128000,gPO_sBM_cAll_d10_mPO0_ch01;gPO_sBM_cAll_d11_mPO0_ch01;gPO_sBM_cAll_d11_mPO0_ch02;gPO_sBM_cAll_d10_mPO0_ch02;gPO_sBM_cAll_d12_mPO3_ch02,,,,,,0.679643163,,0.000000,,,,,,,,,,0.000000,beat-sync,1.090069,1.108871,,-0.000090188,0.409544725,right_wrist_yaw,3.296851515,right_wrist_yaw,0.409544725,right_wrist_yaw,4.061702606,right_wrist_yaw,-0.063297,-0.254111,0.959046,1.583910,0.000000000,0.000000000,0.000000000,0.000000000,0.000000000,0.000000000,7.288000,0.000000000,0.000000000,,9.600107,8.129815,151.183701,,0.006266578,0,1,0,5,gPO_sBM_cAll_d10_mPO0_ch01;gPO_sBM_cAll_d11_mPO0_ch01;gPO_sBM_cAll_d11_mPO0_ch02;gPO_sBM_cAll_d10_mPO0_ch02;gPO_sBM_cAll_d12_mPO3_ch02,,51.286900,601.602400,62.409400,4920.014500,accepted,0.914580,,0.844691,0.212353268,38.299174,0.144480,PO,0.725267,0.000373,0.005321,JB3:0.691570;JB5:0.691196;JB1:0.685751;JB2:0.624077;JB4:0.600470,gPO_sBM_cAll_d10_mPO0_ch01:0.588297;gPO_sBM_cAll_d11_mPO0_ch01:0.582976;gPO_sBM_cAll_d11_mPO0_ch02:0.581527;gPO_sBM_cAll_d10_mPO0_ch02:0.580622;gPO_sBM_cAll_d12_mPO5_ch02:0.567795;gPO_sBM_cAll_d12_mPO4_ch02:0.565917;gPO_sBM_cAll_d12_mPO5_ch01:0.565387;gPO_sBM_cAll_d12_mPO3_ch02:0.557341;gPO_sBM_cAll_d12_mPO3_ch01:0.555826;gPO_sBM_cAll_d10_mPO3_ch01:0.555658,Electronic---Techno:0.262961;Electronic---Electro:0.239808;Electronic---Ambient:0.144480;Electronic---Synthwave:0.132166;Electronic---Berlin-School:0.132016,WA:v0:k1:r1,,JB3,0.691570,gPO_sBM_cAll_d10_mPO0_ch01,0.588297,120.967742
7.960000,7.969893000,,hermite,ready,,,,,0,1.0,0,gWA_sBM_cAll_d26_mWA0_ch05,gPO_sBM_cAll_d12_mPO3_ch02,gPO_sBM_cAll_d12_mPO3_ch02,7.128000,gPO_sBM_cAll_d10_mPO0_ch01;gPO_sBM_cAll_d11_mPO0_ch01;gPO_sBM_cAll_d11_mPO0_ch02;gPO_sBM_cAll_d10_mPO0_ch02;gPO_sBM_cAll_d12_mPO3_ch02,,,,,,0.682669210,,0.000000,,,,,,,,,,0.000000,beat-sync,1.092633,1.108871,,-0.000078967,0.498015177,right_wrist_yaw,2.525126415,right_wrist_yaw,0.498015177,right_wrist_yaw,2.790367597,right_wrist_yaw,-0.057481,-0.246292,0.950448,1.683461,0.000000000,0.000000000,0.000000000,0.000000000,0.000000000,0.000000000,7.288000,0.000000000,0.000000000,,8.391305,7.069184,146.685147,,0.006242568,0,1,0,5,gPO_sBM_cAll_d10_mPO0_ch01;gPO_sBM_cAll_d11_mPO0_ch01;gPO_sBM_cAll_d11_mPO0_ch02;gPO_sBM_cAll_d10_mPO0_ch02;gPO_sBM_cAll_d12_mPO3_ch02,,51.286900,601.602400,62.409400,4920.014500,accepted,0.914580,,0.844691,0.212353268,38.299174,0.144480,PO,0.725267,0.000373,0.005321,JB3:0.691570;JB5:0.691196;JB1:0.685751;JB2:0.624077;JB4:0.600470,gPO_sBM_cAll_d10_mPO0_ch01:0.588297;gPO_sBM_cAll_d11_mPO0_ch01:0.582976;gPO_sBM_cAll_d11_mPO0_ch02:0.581527;gPO_sBM_cAll_d10_mPO0_ch02:0.580622;gPO_sBM_cAll_d12_mPO5_ch02:0.567795;gPO_sBM_cAll_d12_mPO4_ch02:0.565917;gPO_sBM_cAll_d12_mPO5_ch01:0.565387;gPO_sBM_cAll_d12_mPO3_ch02:0.557341;gPO_sBM_cAll_d12_mPO3_ch01:0.555826;gPO_sBM_cAll_d10_mPO3_ch01:0.555658,Electronic---Techno:0.262961;Electronic---Electro:0.239808;Electronic---Ambient:0.144480;Electronic---Synthwave:0.132166;Electronic---Berlin-School:0.132016,WA:v0:k1:r1,,JB3,0.691570,gPO_sBM_cAll_d10_mPO0_ch01,0.588297,120.967742
8.024000,8.044609800,,hermite,ready,,,,,0,1.0,0,gWA_sBM_cAll_d26_mWA0_ch05,gPO_sBM_cAll_d12_mPO3_ch02,gPO_sBM_cAll_d12_mPO3_ch02,7.128000,gPO_sBM_cAll_d10_mPO0_ch01;gPO_sBM_cAll_d11_mPO0_ch01;gPO_sBM_cAll_d11_mPO0_ch02;gPO_sBM_cAll_d10_mPO0_ch02;gPO_sBM_cAll_d12_mPO3_ch02,,,,,,0.689541190,,0.000000,,,,,,,,,,0.000000,beat-sync,1.097220,1.108871,,-0.000058457,0.578219985,right_wrist_yaw,0.804118515,right_wrist_yaw,0.578219985,right_wrist_yaw,0.986730813,right_wrist_yaw,-0.057979,-0.253895,0.954140,1.935596,0.000000000,0.000000000,0.000000000,0.000000000,0.000000000,0.000000000,7.288000,0.000000000,0.000000000,,4.993565,4.266547,165.772432,,0.006189213,0,1,0,5,gPO_sBM_cAll_d10_mPO0_ch01;gPO_sBM_cAll_d11_mPO0_ch01;gPO_sBM_cAll_d11_mPO0_ch02;gPO_sBM_cAll_d10_mPO0_ch02;gPO_sBM_cAll_d12_mPO3_ch02,,51.286900,601.602400,62.409400,4920.014500,accepted,0.914580,,0.844691,0.212353268,38.299174,0.144480,PO,0.725267,0.000373,0.005321,JB3:0.691570;JB5:0.691196;JB1:0.685751;JB2:0.624077;JB4:0.600470,gPO_sBM_cAll_d10_mPO0_ch01:0.588297;gPO_sBM_cAll_d11_mPO0_ch01:0.582976;gPO_sBM_cAll_d11_mPO0_ch02:0.581527;gPO_sBM_cAll_d10_mPO0_ch02:0.580622;gPO_sBM_cAll_d12_mPO5_ch02:0.567795;gPO_sBM_cAll_d12_mPO4_ch02:0.565917;gPO_sBM_cAll_d12_mPO5_ch01:0.565387;gPO_sBM_cAll_d12_mPO3_ch02:0.557341;gPO_sBM_cAll_d12_mPO3_ch01:0.555826;gPO_sBM_cAll_d10_mPO3_ch01:0.555658,Electronic---Techno:0.262961;Electronic---Electro:0.239808;Electronic---Ambient:0.144480;Electronic---Synthwave:0.132166;Electronic---Berlin-School:0.132016,WA:v0:k1:r1,,JB3,0.691570,gPO_sBM_cAll_d10_mPO0_ch01,0.588297,120.967742
8.056000,8.078405900,,hermite,ready,,,,,0,1.0,0,gWA_sBM_cAll_d26_mWA0_ch05,gPO_sBM_cAll_d12_mPO3_ch02,gPO_sBM_cAll_d12_mPO3_ch02,7.128000,gPO_sBM_cAll_d10_mPO0_ch01;gPO_sBM_cAll_d11_mPO0_ch01;gPO_sBM_cAll_d11_mPO0_ch02;gPO_sBM_cAll_d10_mPO0_ch02;gPO_sBM_cAll_d12_mPO3_ch02,,,,,,0.692572592,,0.000000,,,,,,,,,,0.000000,beat-sync,1.098801,1.108871,,-0.000051213,0.542612911,right_wrist_yaw,1.803405988,right_wrist_roll,0.542612911,right_wrist_yaw,2.009598870,right_wrist_roll,-0.057748,-0.259071,0.963185,1.975252,0.000000000,0.000000000,0.000000000,0.000000000,0.000000000,0.000000000,7.288000,0.000000000,0.000000000,,5.222949,4.372316,127.209008,,0.006165791,0,1,0,5,gPO_sBM_cAll_d10_mPO0_ch01;gPO_sBM_cAll_d11_mPO0_ch01;gPO_sBM_cAll_d11_mPO0_ch02;gPO_sBM_cAll_d10_mPO0_ch02;gPO_sBM_cAll_d12_mPO3_ch02,,51.286900,601.602400,62.409400,4920.014500,accepted,0.914580,,0.844691,0.212353268,38.299174,0.144480,PO,0.725267,0.000373,0.005321,JB3:0.691570;JB5:0.691196;JB1:0.685751;JB2:0.624077;JB4:0.600470,gPO_sBM_cAll_d10_mPO0_ch01:0.588297;gPO_sBM_cAll_d11_mPO0_ch01:0.582976;gPO_sBM_cAll_d11_mPO0_ch02:0.581527;gPO_sBM_cAll_d10_mPO0_ch02:0.580622;gPO_sBM_cAll_d12_mPO5_ch02:0.567795;gPO_sBM_cAll_d12_mPO4_ch02:0.565917;gPO_sBM_cAll_d12_mPO5_ch01:0.565387;gPO_sBM_cAll_d12_mPO3_ch02:0.557341;gPO_sBM_cAll_d12_mPO3_ch01:0.555826;gPO_sBM_cAll_d10_mPO3_ch01:0.555658,Electronic---Techno:0.262961;Electronic---Electro:0.239808;Electronic---Ambient:0.144480;Electronic---Synthwave:0.132166;Electronic---Berlin-School:0.132016,WA:v0:k1:r1,,JB3,0.691570,gPO_sBM_cAll_d10_mPO0_ch01,0.588297,120.967742
8.120000,8.136526200,,hermite,ready,,,,,0,1.0,0,gWA_sBM_cAll_d26_mWA0_ch05,gPO_sBM_cAll_d12_mPO3_ch02,gPO_sBM_cAll_d12_mPO3_ch02,7.128000,gPO_sBM_cAll_d10_mPO0_ch01;gPO_sBM_cAll_d11_mPO0_ch01;gPO_sBM_cAll_d11_mPO0_ch02;gPO_sBM_cAll_d10_mPO0_ch02;gPO_sBM_cAll_d12_mPO3_ch02,,,,,,0.697932500,,0.000000,,,,,,,,,,0.000000,beat-sync,1.101087,1.108871,,-0.000040547,0.450413929,right_wrist_yaw,2.385956295,right_wrist_yaw,0.450413929,right_wrist_yaw,2.821600059,right_wrist_yaw,-0.053910,-0.263949,0.986924,1.948988,0.000000000,0.000000000,0.000000000,0.000000000,0.000000000,0.000000000,7.288000,0.000000000,0.000000000,,10.074404,8.579009,196.528212,,0.006125227,0,1,0,5,gPO_sBM_cAll_d10_mPO0_ch01;gPO_sBM_cAll_d11_mPO0_ch01;gPO_sBM_cAll_d11_mPO0_ch02;gPO_sBM_cAll_d10_mPO0_ch02;gPO_sBM_cAll_d12_mPO3_ch02,,51.286900,601.602400,62.409400,4920.014500,accepted,0.914580,,0.844691,0.212353268,38.299174,0.144480,PO,0.725267,0.000373,0.005321,JB3:0.691570;JB5:0.691196;JB1:0.685751;JB2:0.624077;JB4:0.600470,gPO_sBM_cAll_d10_mPO0_ch01:0.588297;gPO_sBM_cAll_d11_mPO0_ch01:0.582976;gPO_sBM_cAll_d11_mPO0_ch02:0.581527;gPO_sBM_cAll_d10_mPO0_ch02:0.580622;gPO_sBM_cAll_d12_mPO5_ch02:0.567795;gPO_sBM_cAll_d12_mPO4_ch02:0.565917;gPO_sBM_cAll_d12_mPO5_ch01:0.565387;gPO_sBM_cAll_d12_mPO3_ch02:0.557341;gPO_sBM_cAll_d12_mPO3_ch01:0.555826;gPO_sBM_cAll_d10_mPO3_ch01:0.555658,Electronic---Techno:0.262961;Electronic---Electro:0.239808;Electronic---Ambient:0.144480;Electronic---Synthwave:0.132166;Electronic---Berlin-School:0.132016,WA:v0:k1:r1,,JB3,0.691570,gPO_sBM_cAll_d10_mPO0_ch01,0.588297,120.967742
8.152000,8.170278900,,hermite,ready,,,,,0,1.0,0,gWA_sBM_cAll_d26_mWA0_ch05,gPO_sBM_cAll_d12_mPO3_ch02,gPO_sBM_cAll_d12_mPO3_ch02,7.128000,gPO_sBM_cAll_d10_mPO0_ch01;gPO_sBM_cAll_d11_mPO0_ch01;gPO_sBM_cAll_d11_mPO0_ch02;gPO_sBM_cAll_d10_mPO0_ch02;gPO_sBM_cAll_d12_mPO3_ch02,,,,,,0.700999425,,0.000000,,,,,,,,,,0.000000,beat-sync,1.102150,1.108871,,-0.000035482,0.321587082,right_wrist_yaw,4.550788530,right_wrist_yaw,0.321587082,right_wrist_yaw,3.994695028,right_wrist_yaw,-0.052354,-0.262220,1.002729,1.857841,0.000000000,0.000000000,0.000000000,0.000000000,0.000000000,0.000000000,7.288000,0.000000000,0.000000000,,9.242630,8.655216,273.882412,,0.006102286,0,1,0,5,gPO_sBM_cAll_d10_mPO0_ch01;gPO_sBM_cAll_d11_mPO0_ch01;gPO_sBM_cAll_d11_mPO0_ch02;gPO_sBM_cAll_d10_mPO0_ch02;gPO_sBM_cAll_d12_mPO3_ch02,,51.286900,601.602400,62.409400,4920.014500,accepted,0.914580,,0.844691,0.212353268,38.299174,0.144480,PO,0.725267,0.000373,0.005321,JB3:0.691570;JB5:0.691196;JB1:0.685751;JB2:0.624077;JB4:0.600470,gPO_sBM_cAll_d10_mPO0_ch01:0.588297;gPO_sBM_cAll_d11_mPO0_ch01:0.582976;gPO_sBM_cAll_d11_mPO0_ch02:0.581527;gPO_sBM_cAll_d10_mPO0_ch02:0.580622;gPO_sBM_cAll_d12_mPO5_ch02:0.567795;gPO_sBM_cAll_d12_mPO4_ch02:0.565917;gPO_sBM_cAll_d12_mPO5_ch01:0.565387;gPO_sBM_cAll_d12_mPO3_ch02:0.557341;gPO_sBM_cAll_d12_mPO3_ch01:0.555826;gPO_sBM_cAll_d10_mPO3_ch01:0.555658,Electronic---Techno:0.262961;Electronic---Electro:0.239808;Electronic---Ambient:0.144480;Electronic---Synthwave:0.132166;Electronic---Berlin-School:0.132016,WA:v0:k1:r1,,JB3,0.691570,gPO_sBM_cAll_d10_mPO0_ch01,0.588297,120.967742
8.216000,8.236701900,,hermite,ready,,,,,0,1.0,0,gWA_sBM_cAll_d26_mWA0_ch05,gPO_sBM_cAll_d12_mPO3_ch02,gPO_sBM_cAll_d12_mPO3_ch02,7.128000,gPO_sBM_cAll_d10_mPO0_ch01;gPO_sBM_cAll_d11_mPO0_ch01;gPO_sBM_cAll_d11_mPO0_ch02;gPO_sBM_cAll_d10_mPO0_ch02;gPO_sBM_cAll_d12_mPO3_ch02,,,,,,0.707148286,,0.000000,,,,,,,,,,0.000000,beat-sync,1.103865,1.108871,,-0.000027163,0.232293379,right_wrist_yaw,1.945887299,right_wrist_yaw,0.232293379,right_wrist_yaw,3.103013413,right_wrist_yaw,-0.048932,-0.256400,1.025488,1.743960,0.000000000,0.000000000,0.000000000,0.000000000,0.000000000,0.000000000,7.288000,0.000000000,0.000000000,,7.448114,5.890811,327.342643,,0.006056916,0,1,0,5,gPO_sBM_cAll_d10_mPO0_ch01;gPO_sBM_cAll_d11_mPO0_ch01;gPO_sBM_cAll_d11_mPO0_ch02;gPO_sBM_cAll_d10_mPO0_ch02;gPO_sBM_cAll_d12_mPO3_ch02,,51.286900,601.602400,62.409400,4920.014500,accepted,0.914580,,0.844691,0.212353268,38.299174,0.144480,PO,0.725267,0.000373,0.005321,JB3:0.691570;JB5:0.691196;JB1:0.685751;JB2:0.624077;JB4:0.600470,gPO_sBM_cAll_d10_mPO0_ch01:0.588297;gPO_sBM_cAll_d11_mPO0_ch01:0.582976;gPO_sBM_cAll_d11_mPO0_ch02:0.581527;gPO_sBM_cAll_d10_mPO0_ch02:0.580622;gPO_sBM_cAll_d12_mPO5_ch02:0.567795;gPO_sBM_cAll_d12_mPO4_ch02:0.565917;gPO_sBM_cAll_d12_mPO5_ch01:0.565387;gPO_sBM_cAll_d12_mPO3_ch02:0.557341;gPO_sBM_cAll_d12_mPO3_ch01:0.555826;gPO_sBM_cAll_d10_mPO3_ch01:0.555658,Electronic---Techno:0.262961;Electronic---Electro:0.239808;Electronic---Ambient:0.144480;Electronic---Synthwave:0.132166;Electronic---Berlin-School:0.132016,WA:v0:k1:r1,,JB3,0.691570,gPO_sBM_cAll_d10_mPO0_ch01,0.588297,120.967742
8.280000,8.295903800,,hermite,ready,,,,,0,1.0,0,gWA_sBM_cAll_d26_mWA0_ch05,gPO_sBM_cAll_d12_mPO3_ch02,gPO_sBM_cAll_d12_mPO3_ch02,7.128000,gPO_sBM_cAll_d10_mPO0_ch01;gPO_sBM_cAll_d11_mPO0_ch01;gPO_sBM_cAll_d11_mPO0_ch02;gPO_sBM_cAll_d10_mPO0_ch02;gPO_sBM_cAll_d12_mPO3_ch02,,,,,,0.712284158,,0.000000,,,,,,,,,,0.000000,beat-sync,1.003388,0.793651,,-0.008012632,0.422745040,right_wrist_yaw,3.374740999,right_wrist_roll,0.422745040,right_wrist_yaw,3.991320134,right_wrist_roll,-0.046529,-0.249761,1.024798,1.720858,0.000000000,0.000000000,0.000000000,0.000000000,0.000000000,0.000000000,8.216000,0.000000000,0.000000000,,11.740685,9.628463,173.036501,,0.006017767,0,1,0,5,gPO_sBM_cAll_d10_mPO0_ch01;gPO_sBM_cAll_d11_mPO0_ch01;gPO_sBM_cAll_d11_mPO0_ch02;gPO_sBM_cAll_d10_mPO0_ch02;gPO_sBM_cAll_d12_mPO3_ch02,,51.286900,601.602400,62.409400,4920.014500,accepted,0.914580,,0.844691,0.212353268,38.299174,0.144480,PO,0.725267,0.000373,0.005321,JB3:0.691570;JB5:0.691196;JB1:0.685751;JB2:0.624077;JB4:0.600470,gPO_sBM_cAll_d10_mPO0_ch01:0.588297;gPO_sBM_cAll_d11_mPO0_ch01:0.582976;gPO_sBM_cAll_d11_mPO0_ch02:0.581527;gPO_sBM_cAll_d10_mPO0_ch02:0.580622;gPO_sBM_cAll_d12_mPO5_ch02:0.567795;gPO_sBM_cAll_d12_mPO4_ch02:0.565917;gPO_sBM_cAll_d12_mPO5_ch01:0.565387;gPO_sBM_cAll_d12_mPO3_ch02:0.557341;gPO_sBM_cAll_d12_mPO3_ch01:0.555826;gPO_sBM_cAll_d10_mPO3_ch01:0.555658,Electronic---Techno:0.262961;Electronic---Electro:0.239808;Electronic---Ambient:0.144480;Electronic---Synthwave:0.132166;Electronic---Berlin-School:0.132016,WA:v0:k1:r1,,JB3,0.691570,gPO_sBM_cAll_d10_mPO0_ch01,0.588297,120.967742
8.280000,8.322008200,beat_limiter_result,hermite,ready,,,,,0,1.0,0,gWA_sBM_cAll_d26_mWA0_ch05,gPO_sBM_cAll_d12_mPO3_ch02,gPO_sBM_cAll_d12_mPO3_ch02,7.128000,gPO_sBM_cAll_d10_mPO0_ch01;gPO_sBM_cAll_d11_mPO0_ch01;gPO_sBM_cAll_d11_mPO0_ch02;gPO_sBM_cAll_d10_mPO0_ch02;gPO_sBM_cAll_d12_mPO3_ch02,,,,,,0.714270123,,0.000000,,,,,,,,,,0.000000,beat-sync,0.954354,0.793651,,-0.007903838,0.422427634,right_wrist_yaw,2.381421322,right_wrist_roll,0.422427634,right_wrist_yaw,3.050194843,right_wrist_roll,-0.045906,-0.243512,1.022244,1.731465,0.000000000,0.000000000,0.000000000,0.000000000,0.000000000,0.000000000,8.216000,0.000000000,0.000000000,,11.413752,8.704640,132.445898,,0.006001143,0,1,0,5,gPO_sBM_cAll_d10_mPO0_ch01;gPO_sBM_cAll_d11_mPO0_ch01;gPO_sBM_cAll_d11_mPO0_ch02;gPO_sBM_cAll_d10_mPO0_ch02;gPO_sBM_cAll_d12_mPO3_ch02,,51.286900,601.602400,62.409400,4920.014500,accepted,0.914580,,0.844691,0.212353268,38.299174,0.144480,PO,0.725267,0.000373,0.005321,JB3:0.691570;JB5:0.691196;JB1:0.685751;JB2:0.624077;JB4:0.600470,gPO_sBM_cAll_d10_mPO0_ch01:0.588297;gPO_sBM_cAll_d11_mPO0_ch01:0.582976;gPO_sBM_cAll_d11_mPO0_ch02:0.581527;gPO_sBM_cAll_d10_mPO0_ch02:0.580622;gPO_sBM_cAll_d12_mPO5_ch02:0.567795;gPO_sBM_cAll_d12_mPO4_ch02:0.565917;gPO_sBM_cAll_d12_mPO5_ch01:0.565387;gPO_sBM_cAll_d12_mPO3_ch02:0.557341;gPO_sBM_cAll_d12_mPO3_ch01:0.555826;gPO_sBM_cAll_d10_mPO3_ch01:0.555658,Electronic---Techno:0.262961;Electronic---Electro:0.239808;Electronic---Ambient:0.144480;Electronic---Synthwave:0.132166;Electronic---Berlin-School:0.132016,WA:v0:k1:r1,,JB3,0.691570,gPO_sBM_cAll_d10_mPO0_ch01,0.588297,120.967742
8.312000,8.328680600,,hermite,ready,,,,,0,1.0,0,gWA_sBM_cAll_d26_mWA0_ch05,gPO_sBM_cAll_d12_mPO3_ch02,gPO_sBM_cAll_d12_mPO3_ch02,7.128000,gPO_sBM_cAll_d10_mPO0_ch01;gPO_sBM_cAll_d11_mPO0_ch01;gPO_sBM_cAll_d11_mPO0_ch02;gPO_sBM_cAll_d10_mPO0_ch02;gPO_sBM_cAll_d12_mPO3_ch02,,,,,,0.714936811,,0.000000,,,,,,,,,,0.000000,beat-sync,0.937307,0.793651,,-0.007854323,0.414445475,right_wrist_yaw,1.593530088,right_wrist_roll,0.414445475,right_wrist_yaw,2.082000784,right_wrist_roll,-0.045908,-0.241555,1.021261,1.736546,0.000000000,0.000000000,0.000000000,0.000000000,0.000000000,0.000000000,8.216000,0.000000000,0.000000000,,8.088955,6.647808,265.025005,,0.005995622,0,1,0,5,gPO_sBM_cAll_d10_mPO0_ch01;gPO_sBM_cAll_d11_mPO0_ch01;gPO_sBM_cAll_d11_mPO0_ch02;gPO_sBM_cAll_d10_mPO0_ch02;gPO_sBM_cAll_d12_mPO3_ch02,,51.286900,601.602400,62.409400,4920.014500,accepted,0.914580,,0.844691,0.212353268,38.299174,0.144480,PO,0.725267,0.000373,0.005321,JB3:0.691570;JB5:0.691196;JB1:0.685751;JB2:0.624077;JB4:0.600470,gPO_sBM_cAll_d10_mPO0_ch01:0.588297;gPO_sBM_cAll_d11_mPO0_ch01:0.582976;gPO_sBM_cAll_d11_mPO0_ch02:0.581527;gPO_sBM_cAll_d10_mPO0_ch02:0.580622;gPO_sBM_cAll_d12_mPO5_ch02:0.567795;gPO_sBM_cAll_d12_mPO4_ch02:0.565917;gPO_sBM_cAll_d12_mPO5_ch01:0.565387;gPO_sBM_cAll_d12_mPO3_ch02:0.557341;gPO_sBM_cAll_d12_mPO3_ch01:0.555826;gPO_sBM_cAll_d10_mPO3_ch01:0.555658,Electronic---Techno:0.262961;Electronic---Electro:0.239808;Electronic---Ambient:0.144480;Electronic---Synthwave:0.132166;Electronic---Berlin-School:0.132016,WA:v0:k1:r1,,JB3,0.691570,gPO_sBM_cAll_d10_mPO0_ch01,0.588297,120.967742
8.344000,8.362743700,match,hermite,ready,,,,,0,1.0,0,gWA_sBM_cAll_d26_mWA0_ch05,gPO_sBM_cAll_d12_mPO3_ch02,gPO_sBM_cAll_d12_mPO3_ch02,8.152000,gPO_sBM_cAll_d10_mPO0_ch01;gPO_sBM_cAll_d11_mPO0_ch01;gPO_sBM_cAll_d11_mPO0_ch02;gPO_sBM_cAll_d10_mPO0_ch02;gPO_sBM_cAll_d12_mPO3_ch02,,,,,,0.717444574,,0.000000,,,,,,,,,,0.000000,beat-sync,0.870178,0.793651,,-0.007595739,0.414060960,right_wrist_yaw,0.025965973,left_wrist_roll,0.414060960,right_wrist_yaw,0.032738196,left_wrist_roll,-0.044899,-0.237296,1.018304,1.758599,0.000000000,0.000000000,0.000000000,0.000000000,0.000000000,0.000000000,8.216000,0.000000000,0.000000000,,0.414371,0.320314,37.139508,,0.005973640,0,1,0,5,gPO_sBM_cAll_d10_mPO0_ch01;gPO_sBM_cAll_d11_mPO0_ch01;gPO_sBM_cAll_d11_mPO0_ch02;gPO_sBM_cAll_d10_mPO0_ch02;gPO_sBM_cAll_d12_mPO3_ch02,,51.286900,601.602400,62.409400,4920.014500,accepted,0.924119,,0.862034,0.228110765,36.681152,0.133186,PO,0.726906,0.000654,0.005303,JB3:0.685521;JB5:0.684866;JB1:0.676741;JB2:0.621985;JB4:0.596090,gPO_sBM_cAll_d10_mPO0_ch01:0.587363;gPO_sBM_cAll_d11_mPO0_ch01:0.582060;gPO_sBM_cAll_d11_mPO0_ch02:0.580592;gPO_sBM_cAll_d10_mPO0_ch02:0.579684;gPO_sBM_cAll_d12_mPO5_ch02:0.567620;gPO_sBM_cAll_d12_mPO5_ch01:0.564756;gPO_sBM_cAll_d12_mPO4_ch02:0.564140;gPO_sBM_cAll_d12_mPO3_ch02:0.555911;gPO_sBM_cAll_d12_mPO3_ch01:0.554411;gPO_sBM_cAll_d10_mPO3_ch01:0.554216,Electronic---Techno:0.298418;Electronic---Electro:0.242040;Electronic---EBM:0.136474;Electronic---Ambient:0.133186;Electronic---Industrial:0.131549,WA:v0:k1:r1,,JB3,0.685521,gPO_sBM_cAll_d10_mPO0_ch01,0.587363,120.967742
8.376000,8.387703700,,hermite,ready,,,,,0,1.0,0,gWA_sBM_cAll_d26_mWA0_ch05,gPO_sBM_cAll_d12_mPO3_ch02,gPO_sBM_cAll_d12_mPO3_ch02,8.152000,gPO_sBM_cAll_d10_mPO0_ch01;gPO_sBM_cAll_d11_mPO0_ch01;gPO_sBM_cAll_d11_mPO0_ch02;gPO_sBM_cAll_d10_mPO0_ch02;gPO_sBM_cAll_d12_mPO3_ch02,,,,,,0.719178607,,0.000000,,,,,,,,,,0.000000,beat-sync,0.820530,0.793651,,-0.007333944,0.413569459,right_wrist_yaw,0.021967249,left_wrist_roll,0.413569459,right_wrist_yaw,0.022711364,left_wrist_roll,-0.044405,-0.234425,1.016455,1.754845,0.000000000,0.000000000,0.000000000,0.000000000,0.000000000,0.000000000,8.216000,0.000000000,0.000000000,,0.173877,0.152308,16.714715,,0.005957259,0,1,0,5,gPO_sBM_cAll_d10_mPO0_ch01;gPO_sBM_cAll_d11_mPO0_ch01;gPO_sBM_cAll_d11_mPO0_ch02;gPO_sBM_cAll_d10_mPO0_ch02;gPO_sBM_cAll_d12_mPO3_ch02,,51.286900,601.602400,62.409400,4920.014500,accepted,0.924119,,0.862034,0.228110765,36.681152,0.133186,PO,0.726906,0.000654,0.005303,JB3:0.685521;JB5:0.684866;JB1:0.676741;JB2:0.621985;JB4:0.596090,gPO_sBM_cAll_d10_mPO0_ch01:0.587363;gPO_sBM_cAll_d11_mPO0_ch01:0.582060;gPO_sBM_cAll_d11_mPO0_ch02:0.580592;gPO_sBM_cAll_d10_mPO0_ch02:0.579684;gPO_sBM_cAll_d12_mPO5_ch02:0.567620;gPO_sBM_cAll_d12_mPO5_ch01:0.564756;gPO_sBM_cAll_d12_mPO4_ch02:0.564140;gPO_sBM_cAll_d12_mPO3_ch02:0.555911;gPO_sBM_cAll_d12_mPO3_ch01:0.554411;gPO_sBM_cAll_d10_mPO3_ch01:0.554216,Electronic---Techno:0.298418;Electronic---Electro:0.242040;Electronic---EBM:0.136474;Electronic---Ambient:0.133186;Electronic---Industrial:0.131549,WA:v0:k1:r1,,JB3,0.685521,gPO_sBM_cAll_d10_mPO0_ch01,0.587363,120.967742
8.408000,8.420013300,,hermite,ready,,,,,0,1.0,0,gWA_sBM_cAll_d26_mWA0_ch05,gPO_sBM_cAll_d12_mPO3_ch02,gPO_sBM_cAll_d12_mPO3_ch02,8.152000,gPO_sBM_cAll_d10_mPO0_ch01;gPO_sBM_cAll_d11_mPO0_ch01;gPO_sBM_cAll_d11_mPO0_ch02;gPO_sBM_cAll_d10_mPO0_ch02;gPO_sBM_cAll_d12_mPO3_ch02,,,,,,0.721346025,,0.000000,,,,,,,,,,0.000000,beat-sync,0.753834,0.793651,,-0.006878788,0.412944212,right_wrist_yaw,0.020267911,right_wrist_roll,0.412944212,right_wrist_yaw,0.023051939,right_wrist_roll,-0.045522,-0.229992,1.014432,1.740547,0.000000000,0.000000000,0.000000000,0.000000000,0.000000000,0.000000000,8.216000,0.000000000,0.000000000,,0.296688,0.254335,29.882340,,0.005935557,0,1,0,5,gPO_sBM_cAll_d10_mPO0_ch01;gPO_sBM_cAll_d11_mPO0_ch01;gPO_sBM_cAll_d11_mPO0_ch02;gPO_sBM_cAll_d10_mPO0_ch02;gPO_sBM_cAll_d12_mPO3_ch02,,51.286900,601.602400,62.409400,4920.014500,accepted,0.924119,,0.862034,0.228110765,36.681152,0.133186,PO,0.726906,0.000654,0.005303,JB3:0.685521;JB5:0.684866;JB1:0.676741;JB2:0.621985;JB4:0.596090,gPO_sBM_cAll_d10_mPO0_ch01:0.587363;gPO_sBM_cAll_d11_mPO0_ch01:0.582060;gPO_sBM_cAll_d11_mPO0_ch02:0.580592;gPO_sBM_cAll_d10_mPO0_ch02:0.579684;gPO_sBM_cAll_d12_mPO5_ch02:0.567620;gPO_sBM_cAll_d12_mPO5_ch01:0.564756;gPO_sBM_cAll_d12_mPO4_ch02:0.564140;gPO_sBM_cAll_d12_mPO3_ch02:0.555911;gPO_sBM_cAll_d12_mPO3_ch01:0.554411;gPO_sBM_cAll_d10_mPO3_ch01:0.554216,Electronic---Techno:0.298418;Electronic---Electro:0.242040;Electronic---EBM:0.136474;Electronic---Ambient:0.133186;Electronic---Industrial:0.131549,WA:v0:k1:r1,,JB3,0.685521,gPO_sBM_cAll_d10_mPO0_ch01,0.587363,120.967742
8.472000,8.487500900,,hermite,ready,,,,,0,1.0,0,gWA_sBM_cAll_d26_mWA0_ch05,gPO_sBM_cAll_d12_mPO3_ch02,gPO_sBM_cAll_d12_mPO3_ch02,8.152000,gPO_sBM_cAll_d10_mPO0_ch01;gPO_sBM_cAll_d11_mPO0_ch01;gPO_sBM_cAll_d11_mPO0_ch02;gPO_sBM_cAll_d10_mPO0_ch02;gPO_sBM_cAll_d12_mPO3_ch02,,,,,,0.725127941,,0.000000,,,,,,,,,,0.000000,beat-sync,0.624938,0.793651,,-0.005581776,0.411833949,right_wrist_yaw,0.015241970,right_wrist_roll,0.411833949,right_wrist_yaw,0.016086172,right_wrist_roll,-0.049988,-0.219044,1.009557,1.666857,0.000000000,0.000000000,0.000000000,0.000000000,0.000000000,0.000000000,8.216000,0.000000000,0.000000000,,0.121095,0.107355,12.117711,,0.005892623,0,1,0,5,gPO_sBM_cAll_d10_mPO0_ch01;gPO_sBM_cAll_d11_mPO0_ch01;gPO_sBM_cAll_d11_mPO0_ch02;gPO_sBM_cAll_d10_mPO0_ch02;gPO_sBM_cAll_d12_mPO3_ch02,,51.286900,601.602400,62.409400,4920.014500,accepted,0.924119,,0.862034,0.228110765,36.681152,0.133186,PO,0.726906,0.000654,0.005303,JB3:0.685521;JB5:0.684866;JB1:0.676741;JB2:0.621985;JB4:0.596090,gPO_sBM_cAll_d10_mPO0_ch01:0.587363;gPO_sBM_cAll_d11_mPO0_ch01:0.582060;gPO_sBM_cAll_d11_mPO0_ch02:0.580592;gPO_sBM_cAll_d10_mPO0_ch02:0.579684;gPO_sBM_cAll_d12_mPO5_ch02:0.567620;gPO_sBM_cAll_d12_mPO5_ch01:0.564756;gPO_sBM_cAll_d12_mPO4_ch02:0.564140;gPO_sBM_cAll_d12_mPO3_ch02:0.555911;gPO_sBM_cAll_d12_mPO3_ch01:0.554411;gPO_sBM_cAll_d10_mPO3_ch01:0.554216,Electronic---Techno:0.298418;Electronic---Electro:0.242040;Electronic---EBM:0.136474;Electronic---Ambient:0.133186;Electronic---Industrial:0.131549,WA:v0:k1:r1,,JB3,0.685521,gPO_sBM_cAll_d10_mPO0_ch01,0.587363,120.967742
8.504000,8.511695100,,hermite,ready,,,,,0,1.0,0,gWA_sBM_cAll_d26_mWA0_ch05,gPO_sBM_cAll_d12_mPO3_ch02,gPO_sBM_cAll_d12_mPO3_ch02,8.152000,gPO_sBM_cAll_d10_mPO0_ch01;gPO_sBM_cAll_d11_mPO0_ch01;gPO_sBM_cAll_d11_mPO0_ch02;gPO_sBM_cAll_d10_mPO0_ch02;gPO_sBM_cAll_d12_mPO3_ch02,,,,,,0.726454752,,0.000000,,,,,,,,,,0.000000,beat-sync,0.639771,0.793651,,-0.005049816,0.411436284,right_wrist_yaw,0.019628348,right_wrist_roll,0.411436284,right_wrist_yaw,0.022234700,right_wrist_roll,-0.052326,-0.215005,1.008443,1.635348,0.000000000,0.000000000,0.000000000,0.000000000,0.000000000,0.000000000,8.216000,0.000000000,0.000000000,,0.063403,0.055262,6.607083,,0.005876683,0,1,0,5,gPO_sBM_cAll_d10_mPO0_ch01;gPO_sBM_cAll_d11_mPO0_ch01;gPO_sBM_cAll_d11_mPO0_ch02;gPO_sBM_cAll_d10_mPO0_ch02;gPO_sBM_cAll_d12_mPO3_ch02,,51.286900,601.602400,62.409400,4920.014500,accepted,0.924119,,0.862034,0.228110765,36.681152,0.133186,PO,0.726906,0.000654,0.005303,JB3:0.685521;JB5:0.684866;JB1:0.676741;JB2:0.621985;JB4:0.596090,gPO_sBM_cAll_d10_mPO0_ch01:0.587363;gPO_sBM_cAll_d11_mPO0_ch01:0.582060;gPO_sBM_cAll_d11_mPO0_ch02:0.580592;gPO_sBM_cAll_d10_mPO0_ch02:0.579684;gPO_sBM_cAll_d12_mPO5_ch02:0.567620;gPO_sBM_cAll_d12_mPO5_ch01:0.564756;gPO_sBM_cAll_d12_mPO4_ch02:0.564140;gPO_sBM_cAll_d12_mPO3_ch02:0.555911;gPO_sBM_cAll_d12_mPO3_ch01:0.554411;gPO_sBM_cAll_d10_mPO3_ch01:0.554216,Electronic---Techno:0.298418;Electronic---Electro:0.242040;Electronic---EBM:0.136474;Electronic---Ambient:0.133186;Electronic---Industrial:0.131549,WA:v0:k1:r1,,JB3,0.685521,gPO_sBM_cAll_d10_mPO0_ch01,0.587363,120.967742
8.568000,8.578204100,,hermite,ready,,,,,0,1.0,0,gWA_sBM_cAll_d26_mWA0_ch05,gPO_sBM_cAll_d12_mPO3_ch02,gPO_sBM_cAll_d12_mPO3_ch02,8.152000,gPO_sBM_cAll_d10_mPO0_ch01;gPO_sBM_cAll_d11_mPO0_ch01;gPO_sBM_cAll_d11_mPO0_ch02;gPO_sBM_cAll_d10_mPO0_ch02;gPO_sBM_cAll_d12_mPO3_ch02,,,,,,0.730123747,,0.000000,,,,,,,,,,0.000000,beat-sync,0.673253,0.793651,,-0.003867523,0.410268943,right_wrist_yaw,0.025973931,right_wrist_roll,0.410268943,right_wrist_yaw,0.030943006,right_wrist_roll,-0.058856,-0.201453,1.008819,1.535997,0.000000000,0.000000000,0.000000000,0.000000000,0.000000000,0.000000000,8.216000,0.000000000,0.000000000,,0.178120,0.154819,19.188294,,0.005834594,0,1,0,5,gPO_sBM_cAll_d10_mPO0_ch01;gPO_sBM_cAll_d11_mPO0_ch01;gPO_sBM_cAll_d11_mPO0_ch02;gPO_sBM_cAll_d10_mPO0_ch02;gPO_sBM_cAll_d12_mPO3_ch02,,51.286900,601.602400,62.409400,4920.014500,accepted,0.924119,,0.862034,0.228110765,36.681152,0.133186,PO,0.726906,0.000654,0.005303,JB3:0.685521;JB5:0.684866;JB1:0.676741;JB2:0.621985;JB4:0.596090,gPO_sBM_cAll_d10_mPO0_ch01:0.587363;gPO_sBM_cAll_d11_mPO0_ch01:0.582060;gPO_sBM_cAll_d11_mPO0_ch02:0.580592;gPO_sBM_cAll_d10_mPO0_ch02:0.579684;gPO_sBM_cAll_d12_mPO5_ch02:0.567620;gPO_sBM_cAll_d12_mPO5_ch01:0.564756;gPO_sBM_cAll_d12_mPO4_ch02:0.564140;gPO_sBM_cAll_d12_mPO3_ch02:0.555911;gPO_sBM_cAll_d12_mPO3_ch01:0.554411;gPO_sBM_cAll_d10_mPO3_ch01:0.554216,Electronic---Techno:0.298418;Electronic---Electro:0.242040;Electronic---EBM:0.136474;Electronic---Ambient:0.133186;Electronic---Industrial:0.131549,WA:v0:k1:r1,,JB3,0.685521,gPO_sBM_cAll_d10_mPO0_ch01,0.587363,120.967742
8.600000,8.620123600,,hermite,ready,,,,,0,1.0,0,gWA_sBM_cAll_d26_mWA0_ch05,gPO_sBM_cAll_d12_mPO3_ch02,gPO_sBM_cAll_d12_mPO3_ch02,8.152000,gPO_sBM_cAll_d10_mPO0_ch01;gPO_sBM_cAll_d11_mPO0_ch01;gPO_sBM_cAll_d11_mPO0_ch02;gPO_sBM_cAll_d10_mPO0_ch02;gPO_sBM_cAll_d12_mPO3_ch02,,,,,,0.732498634,,0.000000,,,,,,,,,,0.000000,beat-sync,0.690414,0.793651,,-0.003274426,0.409483413,right_wrist_yaw,0.027021700,left_wrist_roll,0.409483413,right_wrist_yaw,0.031217883,left_wrist_roll,-0.065307,-0.189180,1.012064,1.462231,0.000000000,0.000000000,0.000000000,0.000000000,0.000000000,0.000000000,8.216000,0.000000000,0.000000000,,0.269190,0.226395,26.340827,,0.005808593,0,1,0,5,gPO_sBM_cAll_d10_mPO0_ch01;gPO_sBM_cAll_d11_mPO0_ch01;gPO_sBM_cAll_d11_mPO0_ch02;gPO_sBM_cAll_d10_mPO0_ch02;gPO_sBM_cAll_d12_mPO3_ch02,,51.286900,601.602400,62.409400,4920.014500,accepted,0.924119,,0.862034,0.228110765,36.681152,0.133186,PO,0.726906,0.000654,0.005303,JB3:0.685521;JB5:0.684866;JB1:0.676741;JB2:0.621985;JB4:0.596090,gPO_sBM_cAll_d10_mPO0_ch01:0.587363;gPO_sBM_cAll_d11_mPO0_ch01:0.582060;gPO_sBM_cAll_d11_mPO0_ch02:0.580592;gPO_sBM_cAll_d10_mPO0_ch02:0.579684;gPO_sBM_cAll_d12_mPO5_ch02:0.567620;gPO_sBM_cAll_d12_mPO5_ch01:0.564756;gPO_sBM_cAll_d12_mPO4_ch02:0.564140;gPO_sBM_cAll_d12_mPO3_ch02:0.555911;gPO_sBM_cAll_d12_mPO3_ch01:0.554411;gPO_sBM_cAll_d10_mPO3_ch01:0.554216,Electronic---Techno:0.298418;Electronic---Electro:0.242040;Electronic---EBM:0.136474;Electronic---Ambient:0.133186;Electronic---Industrial:0.131549,WA:v0:k1:r1,,JB3,0.685521,gPO_sBM_cAll_d10_mPO0_ch01,0.587363,120.967742
8.600000,8.628085400,,hermite,ready,,,,,0,1.0,0,gWA_sBM_cAll_d26_mWA0_ch05,gPO_sBM_cAll_d12_mPO3_ch02,gPO_sBM_cAll_d12_mPO3_ch02,8.152000,gPO_sBM_cAll_d10_mPO0_ch01;gPO_sBM_cAll_d11_mPO0_ch01;gPO_sBM_cAll_d11_mPO0_ch02;gPO_sBM_cAll_d10_mPO0_ch02;gPO_sBM_cAll_d12_mPO3_ch02,,,,,,0.732963357,,0.000000,,,,,,,,,,0.000000,beat-sync,0.693585,0.793651,,-0.003170933,0.409326593,right_wrist_yaw,0.026795327,right_wrist_roll,0.409326593,right_wrist_yaw,0.033512590,right_wrist_roll,-0.067092,-0.186577,1.013013,1.450647,0.000000000,0.000000000,0.000000000,0.000000000,0.000000000,0.000000000,8.216000,0.000000000,0.000000000,,0.033513,0.028044,28.383629,,0.005803421,0,1,0,5,gPO_sBM_cAll_d10_mPO0_ch01;gPO_sBM_cAll_d11_mPO0_ch01;gPO_sBM_cAll_d11_mPO0_ch02;gPO_sBM_cAll_d10_mPO0_ch02;gPO_sBM_cAll_d12_mPO3_ch02,,51.286900,601.602400,62.409400,4920.014500,accepted,0.924119,,0.862034,0.228110765,36.681152,0.133186,PO,0.726906,0.000654,0.005303,JB3:0.685521;JB5:0.684866;JB1:0.676741;JB2:0.621985;JB4:0.596090,gPO_sBM_cAll_d10_mPO0_ch01:0.587363;gPO_sBM_cAll_d11_mPO0_ch01:0.582060;gPO_sBM_cAll_d11_mPO0_ch02:0.580592;gPO_sBM_cAll_d10_mPO0_ch02:0.579684;gPO_sBM_cAll_d12_mPO5_ch02:0.567620;gPO_sBM_cAll_d12_mPO5_ch01:0.564756;gPO_sBM_cAll_d12_mPO4_ch02:0.564140;gPO_sBM_cAll_d12_mPO3_ch02:0.555911;gPO_sBM_cAll_d12_mPO3_ch01:0.554411;gPO_sBM_cAll_d10_mPO3_ch01:0.554216,Electronic---Techno:0.298418;Electronic---Electro:0.242040;Electronic---EBM:0.136474;Electronic---Ambient:0.133186;Electronic---Industrial:0.131549,WA:v0:k1:r1,,JB3,0.685521,gPO_sBM_cAll_d10_mPO0_ch01,0.587363,120.967742
8.600000,8.636767200,,hermite,ready,,,,,0,1.0,0,gWA_sBM_cAll_d26_mWA0_ch05,gPO_sBM_cAll_d12_mPO3_ch02,gPO_sBM_cAll_d12_mPO3_ch02,8.152000,gPO_sBM_cAll_d10_mPO0_ch01;gPO_sBM_cAll_d11_mPO0_ch01;gPO_sBM_cAll_d11_mPO0_ch02;gPO_sBM_cAll_d10_mPO0_ch02;gPO_sBM_cAll_d12_mPO3_ch02,,,,,,0.733461280,,0.000000,,,,,,,,,,0.000000,beat-sync,0.696548,0.793651,,-0.003064122,0.409156363,right_wrist_yaw,0.028892944,right_wrist_roll,0.409156363,right_wrist_yaw,0.032590389,right_wrist_roll,-0.069231,-0.183840,1.014079,1.434823,0.000000000,0.000000000,0.000000000,0.000000000,0.000000000,0.000000000,8.216000,0.000000000,0.000000000,,0.032590,0.027749,0.044950,,0.005798257,0,1,0,5,gPO_sBM_cAll_d10_mPO0_ch01;gPO_sBM_cAll_d11_mPO0_ch01;gPO_sBM_cAll_d11_mPO0_ch02;gPO_sBM_cAll_d10_mPO0_ch02;gPO_sBM_cAll_d12_mPO3_ch02,,51.286900,601.602400,62.409400,4920.014500,accepted,0.924119,,0.862034,0.228110765,36.681152,0.133186,PO,0.726906,0.000654,0.005303,JB3:0.685521;JB5:0.684866;JB1:0.676741;JB2:0.621985;JB4:0.596090,gPO_sBM_cAll_d10_mPO0_ch01:0.587363;gPO_sBM_cAll_d11_mPO0_ch01:0.582060;gPO_sBM_cAll_d11_mPO0_ch02:0.580592;gPO_sBM_cAll_d10_mPO0_ch02:0.579684;gPO_sBM_cAll_d12_mPO5_ch02:0.567620;gPO_sBM_cAll_d12_mPO5_ch01:0.564756;gPO_sBM_cAll_d12_mPO4_ch02:0.564140;gPO_sBM_cAll_d12_mPO3_ch02:0.555911;gPO_sBM_cAll_d12_mPO3_ch01:0.554411;gPO_sBM_cAll_d10_mPO3_ch01:0.554216,Electronic---Techno:0.298418;Electronic---Electro:0.242040;Electronic---EBM:0.136474;Electronic---Ambient:0.133186;Electronic---Industrial:0.131549,WA:v0:k1:r1,,JB3,0.685521,gPO_sBM_cAll_d10_mPO0_ch01,0.587363,120.967742
8.600000,8.645203000,,hermite,ready,,,,,0,1.0,0,gWA_sBM_cAll_d26_mWA0_ch05,gPO_sBM_cAll_d12_mPO3_ch02,gPO_sBM_cAll_d12_mPO3_ch02,8.152000,gPO_sBM_cAll_d10_mPO0_ch01;gPO_sBM_cAll_d11_mPO0_ch01;gPO_sBM_cAll_d11_mPO0_ch02;gPO_sBM_cAll_d10_mPO0_ch02;gPO_sBM_cAll_d12_mPO3_ch02,,,,,,0.733956709,,0.000000,,,,,,,,,,0.000000,beat-sync,0.699578,0.793651,,-0.002961854,0.408985084,right_wrist_yaw,0.028909487,right_wrist_roll,0.408985084,right_wrist_yaw,0.033767243,right_wrist_roll,-0.071360,-0.181118,1.015139,1.419072,0.000000000,0.000000000,0.000000000,0.000000000,0.000000000,0.000000000,8.216000,0.000000000,0.000000000,,0.033767,0.028462,0.084227,,0.005793103,0,1,0,5,gPO_sBM_cAll_d10_mPO0_ch01;gPO_sBM_cAll_d11_mPO0_ch01;gPO_sBM_cAll_d11_mPO0_ch02;gPO_sBM_cAll_d10_mPO0_ch02;gPO_sBM_cAll_d12_mPO3_ch02,,51.286900,601.602400,62.409400,4920.014500,accepted,0.924119,,0.862034,0.228110765,36.681152,0.133186,PO,0.726906,0.000654,0.005303,JB3:0.685521;JB5:0.684866;JB1:0.676741;JB2:0.621985;JB4:0.596090,gPO_sBM_cAll_d10_mPO0_ch01:0.587363;gPO_sBM_cAll_d11_mPO0_ch01:0.582060;gPO_sBM_cAll_d11_mPO0_ch02:0.580592;gPO_sBM_cAll_d10_mPO0_ch02:0.579684;gPO_sBM_cAll_d12_mPO5_ch02:0.567620;gPO_sBM_cAll_d12_mPO5_ch01:0.564756;gPO_sBM_cAll_d12_mPO4_ch02:0.564140;gPO_sBM_cAll_d12_mPO3_ch02:0.555911;gPO_sBM_cAll_d12_mPO3_ch01:0.554411;gPO_sBM_cAll_d10_mPO3_ch01:0.554216,Electronic---Techno:0.298418;Electronic---Electro:0.242040;Electronic---EBM:0.136474;Electronic---Ambient:0.133186;Electronic---Industrial:0.131549,WA:v0:k1:r1,,JB3,0.685521,gPO_sBM_cAll_d10_mPO0_ch01,0.587363,120.967742
8.632000,8.653490600,,hermite,ready,,,,,0,1.0,0,gWA_sBM_cAll_d26_mWA0_ch05,gPO_sBM_cAll_d12_mPO3_ch02,gPO_sBM_cAll_d12_mPO3_ch02,8.152000,gPO_sBM_cAll_d10_mPO0_ch01;gPO_sBM_cAll_d11_mPO0_ch01;gPO_sBM_cAll_d11_mPO0_ch02;gPO_sBM_cAll_d10_mPO0_ch02;gPO_sBM_cAll_d12_mPO3_ch02,,,,,,0.734428339,,0.000000,,,,,,,,,,0.000000,beat-sync,0.702467,0.793651,,-0.002868053,0.408827436,right_wrist_yaw,0.026795096,right_wrist_roll,0.408827436,right_wrist_yaw,0.032556092,right_wrist_roll,-0.073468,-0.178453,1.016157,1.403873,0.000000000,0.000000000,0.000000000,0.000000000,0.000000000,0.000000000,8.216000,0.000000000,0.000000000,,0.037029,0.030745,3.727540,,0.005787959,0,1,0,5,gPO_sBM_cAll_d10_mPO0_ch01;gPO_sBM_cAll_d11_mPO0_ch01;gPO_sBM_cAll_d11_mPO0_ch02;gPO_sBM_cAll_d10_mPO0_ch02;gPO_sBM_cAll_d12_mPO3_ch02,,51.286900,601.602400,62.409400,4920.014500,accepted,0.924119,,0.862034,0.228110765,36.681152,0.133186,PO,0.726906,0.000654,0.005303,JB3:0.685521;JB5:0.684866;JB1:0.676741;JB2:0.621985;JB4:0.596090,gPO_sBM_cAll_d10_mPO0_ch01:0.587363;gPO_sBM_cAll_d11_mPO0_ch01:0.582060;gPO_sBM_cAll_d11_mPO0_ch02:0.580592;gPO_sBM_cAll_d10_mPO0_ch02:0.579684;gPO_sBM_cAll_d12_mPO5_ch02:0.567620;gPO_sBM_cAll_d12_mPO5_ch01:0.564756;gPO_sBM_cAll_d12_mPO4_ch02:0.564140;gPO_sBM_cAll_d12_mPO3_ch02:0.555911;gPO_sBM_cAll_d12_mPO3_ch01:0.554411;gPO_sBM_cAll_d10_mPO3_ch01:0.554216,Electronic---Techno:0.298418;Electronic---Electro:0.242040;Electronic---EBM:0.136474;Electronic---Ambient:0.133186;Electronic---Industrial:0.131549,WA:v0:k1:r1,,JB3,0.685521,gPO_sBM_cAll_d10_mPO0_ch01,0.587363,120.967742
8.664000,8.686559400,,hermite,ready,,,,,0,1.0,0,gWA_sBM_cAll_d26_mWA0_ch05,gPO_sBM_cAll_d12_mPO3_ch02,gPO_sBM_cAll_d12_mPO3_ch02,8.152000,gPO_sBM_cAll_d10_mPO0_ch01;gPO_sBM_cAll_d11_mPO0_ch01;gPO_sBM_cAll_d11_mPO0_ch02;gPO_sBM_cAll_d10_mPO0_ch02;gPO_sBM_cAll_d12_mPO3_ch02,,,,,,0.736416316,,0.000000,,,,,,,,,,0.000000,beat-sync,0.713048,0.793651,,-0.002507441,0.408158068,right_wrist_yaw,0.028891587,left_wrist_roll,0.408158068,right_wrist_yaw,0.036333392,left_wrist_roll,-0.083937,-0.164830,1.020521,1.335397,0.000000000,0.000000000,0.000000000,0.000000000,0.000000000,0.000000000,8.216000,0.000000000,0.000000000,,0.082977,0.070505,9.095908,,0.005767470,0,1,0,5,gPO_sBM_cAll_d10_mPO0_ch01;gPO_sBM_cAll_d11_mPO0_ch01;gPO_sBM_cAll_d11_mPO0_ch02;gPO_sBM_cAll_d10_mPO0_ch02;gPO_sBM_cAll_d12_mPO3_ch02,,51.286900,601.602400,62.409400,4920.014500,accepted,0.924119,,0.862034,0.228110765,36.681152,0.133186,PO,0.726906,0.000654,0.005303,JB3:0.685521;JB5:0.684866;JB1:0.676741;JB2:0.621985;JB4:0.596090,gPO_sBM_cAll_d10_mPO0_ch01:0.587363;gPO_sBM_cAll_d11_mPO0_ch01:0.582060;gPO_sBM_cAll_d11_mPO0_ch02:0.580592;gPO_sBM_cAll_d10_mPO0_ch02:0.579684;gPO_sBM_cAll_d12_mPO5_ch02:0.567620;gPO_sBM_cAll_d12_mPO5_ch01:0.564756;gPO_sBM_cAll_d12_mPO4_ch02:0.564140;gPO_sBM_cAll_d12_mPO3_ch02:0.555911;gPO_sBM_cAll_d12_mPO3_ch01:0.554411;gPO_sBM_cAll_d10_mPO3_ch01:0.554216,Electronic---Techno:0.298418;Electronic---Electro:0.242040;Electronic---EBM:0.136474;Electronic---Ambient:0.133186;Electronic---Industrial:0.131549,WA:v0:k1:r1,,JB3,0.685521,gPO_sBM_cAll_d10_mPO0_ch01,0.587363,120.967742
8.728000,8.753412100,,hermite,ready,,,,,0,1.0,0,gWA_sBM_cAll_d26_mWA0_ch05,gPO_sBM_cAll_d12_mPO3_ch02,gPO_sBM_cAll_d12_mPO3_ch02,8.152000,gPO_sBM_cAll_d10_mPO0_ch01;gPO_sBM_cAll_d11_mPO0_ch01;gPO_sBM_cAll_d11_mPO0_ch02;gPO_sBM_cAll_d10_mPO0_ch02;gPO_sBM_cAll_d12_mPO3_ch02,,,,,,0.740440624,,0.000000,,,,,,,,,,0.000000,beat-sync,0.730850,0.793651,,-0.001920541,0.387936625,right_wrist_yaw,2.175087872,right_wrist_yaw,0.387936625,right_wrist_yaw,2.708162597,right_wrist_yaw,-0.102309,-0.131218,1.025172,1.222410,0.000000000,0.000000000,0.000000000,0.000000000,0.000000000,0.000000000,8.216000,0.000000000,0.000000000,,2.910788,2.453023,210.400191,,0.005726926,0,1,0,5,gPO_sBM_cAll_d10_mPO0_ch01;gPO_sBM_cAll_d11_mPO0_ch01;gPO_sBM_cAll_d11_mPO0_ch02;gPO_sBM_cAll_d10_mPO0_ch02;gPO_sBM_cAll_d12_mPO3_ch02,,51.286900,601.602400,62.409400,4920.014500,accepted,0.924119,,0.862034,0.228110765,36.681152,0.133186,PO,0.726906,0.000654,0.005303,JB3:0.685521;JB5:0.684866;JB1:0.676741;JB2:0.621985;JB4:0.596090,gPO_sBM_cAll_d10_mPO0_ch01:0.587363;gPO_sBM_cAll_d11_mPO0_ch01:0.582060;gPO_sBM_cAll_d11_mPO0_ch02:0.580592;gPO_sBM_cAll_d10_mPO0_ch02:0.579684;gPO_sBM_cAll_d12_mPO5_ch02:0.567620;gPO_sBM_cAll_d12_mPO5_ch01:0.564756;gPO_sBM_cAll_d12_mPO4_ch02:0.564140;gPO_sBM_cAll_d12_mPO3_ch02:0.555911;gPO_sBM_cAll_d12_mPO3_ch01:0.554411;gPO_sBM_cAll_d10_mPO3_ch01:0.554216,Electronic---Techno:0.298418;Electronic---Electro:0.242040;Electronic---EBM:0.136474;Electronic---Ambient:0.133186;Electronic---Industrial:0.131549,WA:v0:k1:r1,,JB3,0.685521,gPO_sBM_cAll_d10_mPO0_ch01,0.587363,120.967742
8.760000,8.778768900,,hermite,ready,,,,,0,1.0,0,gWA_sBM_cAll_d26_mWA0_ch05,gPO_sBM_cAll_d12_mPO3_ch02,gPO_sBM_cAll_d12_mPO3_ch02,8.152000,gPO_sBM_cAll_d10_mPO0_ch01;gPO_sBM_cAll_d11_mPO0_ch01;gPO_sBM_cAll_d11_mPO0_ch02;gPO_sBM_cAll_d10_mPO0_ch02;gPO_sBM_cAll_d12_mPO3_ch02,,,,,,0.741951952,,0.000000,,,,,,,,,,0.000000,beat-sync,0.736375,0.793651,,-0.001740172,0.255636990,right_wrist_yaw,7.343483780,right_wrist_yaw,0.255636990,right_wrist_yaw,9.165560553,right_wrist_yaw,-0.107727,-0.118188,1.024958,1.188721,0.000000000,0.000000000,0.000000000,0.000000000,0.000000000,0.000000000,8.216000,0.000000000,0.000000000,,9.552782,7.406240,290.623405,,0.005711868,0,1,0,5,gPO_sBM_cAll_d10_mPO0_ch01;gPO_sBM_cAll_d11_mPO0_ch01;gPO_sBM_cAll_d11_mPO0_ch02;gPO_sBM_cAll_d10_mPO0_ch02;gPO_sBM_cAll_d12_mPO3_ch02,,51.286900,601.602400,62.409400,4920.014500,accepted,0.924119,,0.862034,0.228110765,36.681152,0.133186,PO,0.726906,0.000654,0.005303,JB3:0.685521;JB5:0.684866;JB1:0.676741;JB2:0.621985;JB4:0.596090,gPO_sBM_cAll_d10_mPO0_ch01:0.587363;gPO_sBM_cAll_d11_mPO0_ch01:0.582060;gPO_sBM_cAll_d11_mPO0_ch02:0.580592;gPO_sBM_cAll_d10_mPO0_ch02:0.579684;gPO_sBM_cAll_d12_mPO5_ch02:0.567620;gPO_sBM_cAll_d12_mPO5_ch01:0.564756;gPO_sBM_cAll_d12_mPO4_ch02:0.564140;gPO_sBM_cAll_d12_mPO3_ch02:0.555911;gPO_sBM_cAll_d12_mPO3_ch01:0.554411;gPO_sBM_cAll_d10_mPO3_ch01:0.554216,Electronic---Techno:0.298418;Electronic---Electro:0.242040;Electronic---EBM:0.136474;Electronic---Ambient:0.133186;Electronic---Industrial:0.131549,WA:v0:k1:r1,,JB3,0.685521,gPO_sBM_cAll_d10_mPO0_ch01,0.587363,120.967742
8.824000,8.844377100,,hermite,ready,,,,,0,1.0,0,gWA_sBM_cAll_d26_mWA0_ch05,gPO_sBM_cAll_d12_mPO3_ch02,gPO_sBM_cAll_d12_mPO3_ch02,8.152000,gPO_sBM_cAll_d10_mPO0_ch01;gPO_sBM_cAll_d11_mPO0_ch01;gPO_sBM_cAll_d11_mPO0_ch02;gPO_sBM_cAll_d10_mPO0_ch02;gPO_sBM_cAll_d12_mPO3_ch02,,,,,,0.745630382,,0.000000,,,,,,,,,,0.000000,beat-sync,0.603080,0.806452,,-0.009248701,0.117949020,right_wrist_yaw,0.596268817,right_wrist_pitch,0.117949020,right_wrist_yaw,0.841845150,right_wrist_pitch,-0.122209,-0.092483,1.020283,1.140310,0.000000000,0.000000000,0.000000000,0.000000000,0.000000000,0.000000000,8.760000,0.000000000,0.000000000,,7.934353,6.515084,231.367052,,0.005672099,0,1,0,5,gPO_sBM_cAll_d10_mPO0_ch01;gPO_sBM_cAll_d11_mPO0_ch01;gPO_sBM_cAll_d11_mPO0_ch02;gPO_sBM_cAll_d10_mPO0_ch02;gPO_sBM_cAll_d12_mPO3_ch02,,51.286900,601.602400,62.409400,4920.014500,accepted,0.924119,,0.862034,0.228110765,36.681152,0.133186,PO,0.726906,0.000654,0.005303,JB3:0.685521;JB5:0.684866;JB1:0.676741;JB2:0.621985;JB4:0.596090,gPO_sBM_cAll_d10_mPO0_ch01:0.587363;gPO_sBM_cAll_d11_mPO0_ch01:0.582060;gPO_sBM_cAll_d11_mPO0_ch02:0.580592;gPO_sBM_cAll_d10_mPO0_ch02:0.579684;gPO_sBM_cAll_d12_mPO5_ch02:0.567620;gPO_sBM_cAll_d12_mPO5_ch01:0.564756;gPO_sBM_cAll_d12_mPO4_ch02:0.564140;gPO_sBM_cAll_d12_mPO3_ch02:0.555911;gPO_sBM_cAll_d12_mPO3_ch01:0.554411;gPO_sBM_cAll_d10_mPO3_ch01:0.554216,Electronic---Techno:0.298418;Electronic---Electro:0.242040;Electronic---EBM:0.136474;Electronic---Ambient:0.133186;Electronic---Industrial:0.131549,WA:v0:k1:r1,,JB3,0.685521,gPO_sBM_cAll_d10_mPO0_ch01,0.587363,120.967742
8.824000,8.853885000,beat_limiter_result,hermite,ready,,,,,0,1.0,0,gWA_sBM_cAll_d26_mWA0_ch05,gPO_sBM_cAll_d12_mPO3_ch02,gPO_sBM_cAll_d12_mPO3_ch02,8.152000,gPO_sBM_cAll_d10_mPO0_ch01;gPO_sBM_cAll_d11_mPO0_ch01;gPO_sBM_cAll_d11_mPO0_ch02;gPO_sBM_cAll_d10_mPO0_ch02;gPO_sBM_cAll_d12_mPO3_ch02,,,,,,0.746070711,,0.000000,,,,,,,,,,0.000000,beat-sync,0.585042,0.806452,,-0.009074396,0.112984455,right_wrist_yaw,0.744375967,right_wrist_pitch,0.112984455,right_wrist_yaw,0.783144766,right_wrist_pitch,-0.123397,-0.089982,1.019679,1.134023,0.000000000,0.000000000,0.000000000,0.000000000,0.000000000,0.000000000,8.760000,0.000000000,0.000000000,,6.278975,5.249246,260.192770,,0.005667166,0,1,0,5,gPO_sBM_cAll_d10_mPO0_ch01;gPO_sBM_cAll_d11_mPO0_ch01;gPO_sBM_cAll_d11_mPO0_ch02;gPO_sBM_cAll_d10_mPO0_ch02;gPO_sBM_cAll_d12_mPO3_ch02,,51.286900,601.602400,62.409400,4920.014500,accepted,0.924119,,0.862034,0.228110765,36.681152,0.133186,PO,0.726906,0.000654,0.005303,JB3:0.685521;JB5:0.684866;JB1:0.676741;JB2:0.621985;JB4:0.596090,gPO_sBM_cAll_d10_mPO0_ch01:0.587363;gPO_sBM_cAll_d11_mPO0_ch01:0.582060;gPO_sBM_cAll_d11_mPO0_ch02:0.580592;gPO_sBM_cAll_d10_mPO0_ch02:0.579684;gPO_sBM_cAll_d12_mPO5_ch02:0.567620;gPO_sBM_cAll_d12_mPO5_ch01:0.564756;gPO_sBM_cAll_d12_mPO4_ch02:0.564140;gPO_sBM_cAll_d12_mPO3_ch02:0.555911;gPO_sBM_cAll_d12_mPO3_ch01:0.554411;gPO_sBM_cAll_d10_mPO3_ch01:0.554216,Electronic---Techno:0.298418;Electronic---Electro:0.242040;Electronic---EBM:0.136474;Electronic---Ambient:0.133186;Electronic---Industrial:0.131549,WA:v0:k1:r1,,JB3,0.685521,gPO_sBM_cAll_d10_mPO0_ch01,0.587363,120.967742
8.856000,8.869495100,,hermite,ready,,,,,0,1.0,0,gWA_sBM_cAll_d26_mWA0_ch05,gPO_sBM_cAll_d12_mPO3_ch02,gPO_sBM_cAll_d12_mPO3_ch02,8.152000,gPO_sBM_cAll_d10_mPO0_ch01;gPO_sBM_cAll_d11_mPO0_ch01;gPO_sBM_cAll_d11_mPO0_ch02;gPO_sBM_cAll_d10_mPO0_ch02;gPO_sBM_cAll_d12_mPO3_ch02,,,,,,0.746822195,,0.000000,,,,,,,,,,0.000000,beat-sync,0.552935,0.806452,,-0.008732682,0.105160319,right_wrist_yaw,0.419251474,right_wrist_pitch,0.105160319,right_wrist_yaw,0.523096614,right_wrist_pitch,-0.125424,-0.085714,1.018649,1.123268,0.000000000,0.000000000,0.000000000,0.000000000,0.000000000,0.000000000,8.760000,0.000000000,0.000000000,,6.425633,5.320573,53.897496,,0.005657328,0,1,0,5,gPO_sBM_cAll_d10_mPO0_ch01;gPO_sBM_cAll_d11_mPO0_ch01;gPO_sBM_cAll_d11_mPO0_ch02;gPO_sBM_cAll_d10_mPO0_ch02;gPO_sBM_cAll_d12_mPO3_ch02,,51.286900,601.602400,62.409400,4920.014500,accepted,0.924119,,0.862034,0.228110765,36.681152,0.133186,PO,0.726906,0.000654,0.005303,JB3:0.685521;JB5:0.684866;JB1:0.676741;JB2:0.621985;JB4:0.596090,gPO_sBM_cAll_d10_mPO0_ch01:0.587363;gPO_sBM_cAll_d11_mPO0_ch01:0.582060;gPO_sBM_cAll_d11_mPO0_ch02:0.580592;gPO_sBM_cAll_d10_mPO0_ch02:0.579684;gPO_sBM_cAll_d12_mPO5_ch02:0.567620;gPO_sBM_cAll_d12_mPO5_ch01:0.564756;gPO_sBM_cAll_d12_mPO4_ch02:0.564140;gPO_sBM_cAll_d12_mPO3_ch02:0.555911;gPO_sBM_cAll_d12_mPO3_ch01:0.554411;gPO_sBM_cAll_d10_mPO3_ch01:0.554216,Electronic---Techno:0.298418;Electronic---Electro:0.242040;Electronic---EBM:0.136474;Electronic---Ambient:0.133186;Electronic---Industrial:0.131549,WA:v0:k1:r1,,JB3,0.685521,gPO_sBM_cAll_d10_mPO0_ch01,0.587363,120.967742
8.920000,8.936259300,,hermite,ready,,,,,0,1.0,0,gWA_sBM_cAll_d26_mWA0_ch05,gPO_sBM_cAll_d12_mPO3_ch02,gPO_sBM_cAll_d12_mPO3_ch02,8.152000,gPO_sBM_cAll_d10_mPO0_ch01;gPO_sBM_cAll_d11_mPO0_ch01;gPO_sBM_cAll_d11_mPO0_ch02;gPO_sBM_cAll_d10_mPO0_ch02;gPO_sBM_cAll_d12_mPO3_ch02,,,,,,0.749886867,,0.000000,,,,,,,,,,0.000000,beat-sync,0.550000,0.806452,,-0.007259711,0.100759528,left_wrist_yaw,0.109567790,right_wrist_yaw,0.100759528,left_wrist_yaw,0.130689890,right_wrist_yaw,-0.130588,-0.069707,1.013208,1.065716,0.000000000,0.000000000,0.000000000,0.000000000,0.000000000,0.000000000,8.760000,0.000000000,0.000000000,,6.545855,5.529406,51.417764,,0.005618312,0,1,0,5,gPO_sBM_cAll_d10_mPO0_ch01;gPO_sBM_cAll_d11_mPO0_ch01;gPO_sBM_cAll_d11_mPO0_ch02;gPO_sBM_cAll_d10_mPO0_ch02;gPO_sBM_cAll_d12_mPO3_ch02,,51.286900,601.602400,62.409400,4920.014500,accepted,0.924119,,0.862034,0.228110765,36.681152,0.133186,PO,0.726906,0.000654,0.005303,JB3:0.685521;JB5:0.684866;JB1:0.676741;JB2:0.621985;JB4:0.596090,gPO_sBM_cAll_d10_mPO0_ch01:0.587363;gPO_sBM_cAll_d11_mPO0_ch01:0.582060;gPO_sBM_cAll_d11_mPO0_ch02:0.580592;gPO_sBM_cAll_d10_mPO0_ch02:0.579684;gPO_sBM_cAll_d12_mPO5_ch02:0.567620;gPO_sBM_cAll_d12_mPO5_ch01:0.564756;gPO_sBM_cAll_d12_mPO4_ch02:0.564140;gPO_sBM_cAll_d12_mPO3_ch02:0.555911;gPO_sBM_cAll_d12_mPO3_ch01:0.554411;gPO_sBM_cAll_d10_mPO3_ch01:0.554216,Electronic---Techno:0.298418;Electronic---Electro:0.242040;Electronic---EBM:0.136474;Electronic---Ambient:0.133186;Electronic---Industrial:0.131549,WA:v0:k1:r1,,JB3,0.685521,gPO_sBM_cAll_d10_mPO0_ch01,0.587363,120.967742
8.952000,8.969986800,,hermite,ready,,,,,0,1.0,0,gWA_sBM_cAll_d26_mWA0_ch05,gPO_sBM_cAll_d12_mPO3_ch02,gPO_sBM_cAll_d12_mPO3_ch02,8.152000,gPO_sBM_cAll_d10_mPO0_ch01;gPO_sBM_cAll_d11_mPO0_ch01;gPO_sBM_cAll_d11_mPO0_ch02;gPO_sBM_cAll_d10_mPO0_ch02;gPO_sBM_cAll_d12_mPO3_ch02,,,,,,0.751428050,,0.000000,,,,,,,,,,0.000000,beat-sync,0.550000,0.806452,,-0.006523743,0.093242800,left_wrist_yaw,0.260312723,left_wrist_yaw,0.093242800,left_wrist_yaw,0.323463063,left_wrist_yaw,-0.131307,-0.062756,1.011851,1.054987,0.000000000,0.000000000,0.000000000,0.000000000,0.000000000,0.000000000,8.760000,0.000000000,0.000000000,,5.024352,4.194560,57.735673,,0.005599005,0,1,0,5,gPO_sBM_cAll_d10_mPO0_ch01;gPO_sBM_cAll_d11_mPO0_ch01;gPO_sBM_cAll_d11_mPO0_ch02;gPO_sBM_cAll_d10_mPO0_ch02;gPO_sBM_cAll_d12_mPO3_ch02,,51.286900,601.602400,62.409400,4920.014500,accepted,0.924119,,0.862034,0.228110765,36.681152,0.133186,PO,0.726906,0.000654,0.005303,JB3:0.685521;JB5:0.684866;JB1:0.676741;JB2:0.621985;JB4:0.596090,gPO_sBM_cAll_d10_mPO0_ch01:0.587363;gPO_sBM_cAll_d11_mPO0_ch01:0.582060;gPO_sBM_cAll_d11_mPO0_ch02:0.580592;gPO_sBM_cAll_d10_mPO0_ch02:0.579684;gPO_sBM_cAll_d12_mPO5_ch02:0.567620;gPO_sBM_cAll_d12_mPO5_ch01:0.564756;gPO_sBM_cAll_d12_mPO4_ch02:0.564140;gPO_sBM_cAll_d12_mPO3_ch02:0.555911;gPO_sBM_cAll_d12_mPO3_ch01:0.554411;gPO_sBM_cAll_d10_mPO3_ch01:0.554216,Electronic---Techno:0.298418;Electronic---Electro:0.242040;Electronic---EBM:0.136474;Electronic---Ambient:0.133186;Electronic---Industrial:0.131549,WA:v0:k1:r1,,JB3,0.685521,gPO_sBM_cAll_d10_mPO0_ch01,0.587363,120.967742
9.016000,9.029348200,,hermite,ready,,,,,0,1.0,0,gWA_sBM_cAll_d26_mWA0_ch05,gPO_sBM_cAll_d12_mPO3_ch02,gPO_sBM_cAll_d12_mPO3_ch02,8.152000,gPO_sBM_cAll_d10_mPO0_ch01;gPO_sBM_cAll_d11_mPO0_ch01;gPO_sBM_cAll_d11_mPO0_ch02;gPO_sBM_cAll_d10_mPO0_ch02;gPO_sBM_cAll_d12_mPO3_ch02,,,,,,0.754100452,,0.000000,,,,,,,,,,0.000000,beat-sync,0.554452,0.806452,,-0.005258185,0.110461128,right_wrist_yaw,0.620905660,left_wrist_yaw,0.110461128,right_wrist_yaw,0.636740113,left_wrist_yaw,-0.131385,-0.051579,1.008745,1.034741,0.000000000,0.000000000,0.000000000,0.000000000,0.000000000,0.000000000,8.760000,0.000000000,0.000000000,,1.388220,1.195546,28.733978,,0.005565535,0,1,0,5,gPO_sBM_cAll_d10_mPO0_ch01;gPO_sBM_cAll_d11_mPO0_ch01;gPO_sBM_cAll_d11_mPO0_ch02;gPO_sBM_cAll_d10_mPO0_ch02;gPO_sBM_cAll_d12_mPO3_ch02,,51.286900,601.602400,62.409400,4920.014500,accepted,0.924119,,0.862034,0.228110765,36.681152,0.133186,PO,0.726906,0.000654,0.005303,JB3:0.685521;JB5:0.684866;JB1:0.676741;JB2:0.621985;JB4:0.596090,gPO_sBM_cAll_d10_mPO0_ch01:0.587363;gPO_sBM_cAll_d11_mPO0_ch01:0.582060;gPO_sBM_cAll_d11_mPO0_ch02:0.580592;gPO_sBM_cAll_d10_mPO0_ch02:0.579684;gPO_sBM_cAll_d12_mPO5_ch02:0.567620;gPO_sBM_cAll_d12_mPO5_ch01:0.564756;gPO_sBM_cAll_d12_mPO4_ch02:0.564140;gPO_sBM_cAll_d12_mPO3_ch02:0.555911;gPO_sBM_cAll_d12_mPO3_ch01:0.554411;gPO_sBM_cAll_d10_mPO3_ch01:0.554216,Electronic---Techno:0.298418;Electronic---Electro:0.242040;Electronic---EBM:0.136474;Electronic---Ambient:0.133186;Electronic---Industrial:0.131549,WA:v0:k1:r1,,JB3,0.685521,gPO_sBM_cAll_d10_mPO0_ch01,0.587363,120.967742
9.080000,9.094947100,,hermite,ready,,,,,0,1.0,0,gWA_sBM_cAll_d26_mWA0_ch05,gPO_sBM_cAll_d12_mPO3_ch02,gPO_sBM_cAll_d12_mPO3_ch02,8.152000,gPO_sBM_cAll_d10_mPO0_ch01;gPO_sBM_cAll_d11_mPO0_ch01;gPO_sBM_cAll_d11_mPO0_ch02;gPO_sBM_cAll_d10_mPO0_ch02;gPO_sBM_cAll_d12_mPO3_ch02,,,,,,0.757380576,,0.000000,,,,,,,,,,0.000000,beat-sync,0.613560,0.806452,,-0.004026221,0.143281938,right_wrist_yaw,0.816349852,left_wrist_yaw,0.143281938,right_wrist_yaw,1.021044836,left_wrist_yaw,-0.131785,-0.040696,1.008639,0.982114,0.000000000,0.000000000,0.000000000,0.000000000,0.000000000,0.000000000,8.760000,0.000000000,0.000000000,,2.719323,2.248341,46.747270,,0.005527770,0,1,0,5,gPO_sBM_cAll_d10_mPO0_ch01;gPO_sBM_cAll_d11_mPO0_ch01;gPO_sBM_cAll_d11_mPO0_ch02;gPO_sBM_cAll_d10_mPO0_ch02;gPO_sBM_cAll_d12_mPO3_ch02,,51.286900,601.602400,62.409400,4920.014500,accepted,0.924119,,0.862034,0.228110765,36.681152,0.133186,PO,0.726906,0.000654,0.005303,JB3:0.685521;JB5:0.684866;JB1:0.676741;JB2:0.621985;JB4:0.596090,gPO_sBM_cAll_d10_mPO0_ch01:0.587363;gPO_sBM_cAll_d11_mPO0_ch01:0.582060;gPO_sBM_cAll_d11_mPO0_ch02:0.580592;gPO_sBM_cAll_d10_mPO0_ch02:0.579684;gPO_sBM_cAll_d12_mPO5_ch02:0.567620;gPO_sBM_cAll_d12_mPO5_ch01:0.564756;gPO_sBM_cAll_d12_mPO4_ch02:0.564140;gPO_sBM_cAll_d12_mPO3_ch02:0.555911;gPO_sBM_cAll_d12_mPO3_ch01:0.554411;gPO_sBM_cAll_d10_mPO3_ch01:0.554216,Electronic---Techno:0.298418;Electronic---Electro:0.242040;Electronic---EBM:0.136474;Electronic---Ambient:0.133186;Electronic---Industrial:0.131549,WA:v0:k1:r1,,JB3,0.685521,gPO_sBM_cAll_d10_mPO0_ch01,0.587363,120.967742
9.112000,9.119595200,,hermite,ready,,,,,0,1.0,0,gWA_sBM_cAll_d26_mWA0_ch05,gPO_sBM_cAll_d12_mPO3_ch02,gPO_sBM_cAll_d12_mPO3_ch02,8.152000,gPO_sBM_cAll_d10_mPO0_ch01;gPO_sBM_cAll_d11_mPO0_ch01;gPO_sBM_cAll_d11_mPO0_ch02;gPO_sBM_cAll_d10_mPO0_ch02;gPO_sBM_cAll_d12_mPO3_ch02,,,,,,0.758686578,,0.000000,,,,,,,,,,0.000000,beat-sync,0.631703,0.806452,,-0.003642952,0.158707513,right_wrist_yaw,0.916789688,left_wrist_yaw,0.158707513,right_wrist_yaw,1.121027435,left_wrist_yaw,-0.131806,-0.037679,1.009508,0.963555,0.000000000,0.000000000,0.000000000,0.000000000,0.000000000,0.000000000,8.760000,0.000000000,0.000000000,,2.416212,2.029672,47.312734,,0.005513741,0,1,0,5,gPO_sBM_cAll_d10_mPO0_ch01;gPO_sBM_cAll_d11_mPO0_ch01;gPO_sBM_cAll_d11_mPO0_ch02;gPO_sBM_cAll_d10_mPO0_ch02;gPO_sBM_cAll_d12_mPO3_ch02,,51.286900,601.602400,62.409400,4920.014500,accepted,0.924119,,0.862034,0.228110765,36.681152,0.133186,PO,0.726906,0.000654,0.005303,JB3:0.685521;JB5:0.684866;JB1:0.676741;JB2:0.621985;JB4:0.596090,gPO_sBM_cAll_d10_mPO0_ch01:0.587363;gPO_sBM_cAll_d11_mPO0_ch01:0.582060;gPO_sBM_cAll_d11_mPO0_ch02:0.580592;gPO_sBM_cAll_d10_mPO0_ch02:0.579684;gPO_sBM_cAll_d12_mPO5_ch02:0.567620;gPO_sBM_cAll_d12_mPO5_ch01:0.564756;gPO_sBM_cAll_d12_mPO4_ch02:0.564140;gPO_sBM_cAll_d12_mPO3_ch02:0.555911;gPO_sBM_cAll_d12_mPO3_ch01:0.554411;gPO_sBM_cAll_d10_mPO3_ch01:0.554216,Electronic---Techno:0.298418;Electronic---Electro:0.242040;Electronic---EBM:0.136474;Electronic---Ambient:0.133186;Electronic---Industrial:0.131549,WA:v0:k1:r1,,JB3,0.685521,gPO_sBM_cAll_d10_mPO0_ch01,0.587363,120.967742
9.176000,9.189085000,,hermite,ready,,,,,0,1.0,0,gWA_sBM_cAll_d26_mWA0_ch05,gPO_sBM_cAll_d12_mPO3_ch02,gPO_sBM_cAll_d12_mPO3_ch02,8.152000,gPO_sBM_cAll_d10_mPO0_ch01;gPO_sBM_cAll_d11_mPO0_ch01;gPO_sBM_cAll_d11_mPO0_ch02;gPO_sBM_cAll_d10_mPO0_ch02;gPO_sBM_cAll_d12_mPO3_ch02,,,,,,0.762337877,,0.000000,,,,,,,,,,0.000000,beat-sync,0.672613,0.806452,,-0.002789459,0.209639801,right_wrist_yaw,1.065421474,left_wrist_yaw,0.209639801,right_wrist_yaw,0.964395281,left_wrist_yaw,-0.127714,-0.028815,1.009762,0.936468,0.000000000,0.000000000,0.000000000,0.000000000,0.000000000,0.000000000,8.760000,0.000000000,0.000000000,,2.697507,2.346045,70.932536,,0.005476673,0,1,0,5,gPO_sBM_cAll_d10_mPO0_ch01;gPO_sBM_cAll_d11_mPO0_ch01;gPO_sBM_cAll_d11_mPO0_ch02;gPO_sBM_cAll_d10_mPO0_ch02;gPO_sBM_cAll_d12_mPO3_ch02,,51.286900,601.602400,62.409400,4920.014500,accepted,0.924119,,0.862034,0.228110765,36.681152,0.133186,PO,0.726906,0.000654,0.005303,JB3:0.685521;JB5:0.684866;JB1:0.676741;JB2:0.621985;JB4:0.596090,gPO_sBM_cAll_d10_mPO0_ch01:0.587363;gPO_sBM_cAll_d11_mPO0_ch01:0.582060;gPO_sBM_cAll_d11_mPO0_ch02:0.580592;gPO_sBM_cAll_d10_mPO0_ch02:0.579684;gPO_sBM_cAll_d12_mPO5_ch02:0.567620;gPO_sBM_cAll_d12_mPO5_ch01:0.564756;gPO_sBM_cAll_d12_mPO4_ch02:0.564140;gPO_sBM_cAll_d12_mPO3_ch02:0.555911;gPO_sBM_cAll_d12_mPO3_ch01:0.554411;gPO_sBM_cAll_d10_mPO3_ch01:0.554216,Electronic---Techno:0.298418;Electronic---Electro:0.242040;Electronic---EBM:0.136474;Electronic---Ambient:0.133186;Electronic---Industrial:0.131549,WA:v0:k1:r1,,JB3,0.685521,gPO_sBM_cAll_d10_mPO0_ch01,0.587363,120.967742
9.208000,9.228247400,,hermite,ready,,,,,0,1.0,0,gWA_sBM_cAll_d26_mWA0_ch05,gPO_sBM_cAll_d12_mPO3_ch02,gPO_sBM_cAll_d12_mPO3_ch02,8.152000,gPO_sBM_cAll_d10_mPO0_ch01;gPO_sBM_cAll_d11_mPO0_ch01;gPO_sBM_cAll_d11_mPO0_ch02;gPO_sBM_cAll_d10_mPO0_ch02;gPO_sBM_cAll_d12_mPO3_ch02,,,,,,0.764719025,,0.000000,,,,,,,,,,0.000000,beat-sync,0.693023,0.806452,,-0.002361435,0.248117600,right_wrist_yaw,0.746039188,right_wrist_yaw,0.248117600,right_wrist_yaw,0.884590889,right_wrist_yaw,-0.122487,-0.022158,1.009329,0.927190,0.000000000,0.000000000,0.000000000,0.000000000,0.000000000,0.000000000,8.760000,0.000000000,0.000000000,,3.800746,3.173844,31.746321,,0.005453758,0,1,0,5,gPO_sBM_cAll_d10_mPO0_ch01;gPO_sBM_cAll_d11_mPO0_ch01;gPO_sBM_cAll_d11_mPO0_ch02;gPO_sBM_cAll_d10_mPO0_ch02;gPO_sBM_cAll_d12_mPO3_ch02,,51.286900,601.602400,62.409400,4920.014500,accepted,0.924119,,0.862034,0.228110765,36.681152,0.133186,PO,0.726906,0.000654,0.005303,JB3:0.685521;JB5:0.684866;JB1:0.676741;JB2:0.621985;JB4:0.596090,gPO_sBM_cAll_d10_mPO0_ch01:0.587363;gPO_sBM_cAll_d11_mPO0_ch01:0.582060;gPO_sBM_cAll_d11_mPO0_ch02:0.580592;gPO_sBM_cAll_d10_mPO0_ch02:0.579684;gPO_sBM_cAll_d12_mPO5_ch02:0.567620;gPO_sBM_cAll_d12_mPO5_ch01:0.564756;gPO_sBM_cAll_d12_mPO4_ch02:0.564140;gPO_sBM_cAll_d12_mPO3_ch02:0.555911;gPO_sBM_cAll_d12_mPO3_ch01:0.554411;gPO_sBM_cAll_d10_mPO3_ch01:0.554216,Electronic---Techno:0.298418;Electronic---Electro:0.242040;Electronic---EBM:0.136474;Electronic---Ambient:0.133186;Electronic---Industrial:0.131549,WA:v0:k1:r1,,JB3,0.685521,gPO_sBM_cAll_d10_mPO0_ch01,0.587363,120.967742
9.272000,9.295265900,,hermite,ready,,,,,0,1.0,0,gWA_sBM_cAll_d26_mWA0_ch05,gPO_sBM_cAll_d12_mPO3_ch02,gPO_sBM_cAll_d12_mPO3_ch02,8.152000,gPO_sBM_cAll_d10_mPO0_ch01;gPO_sBM_cAll_d11_mPO0_ch01;gPO_sBM_cAll_d11_mPO0_ch02;gPO_sBM_cAll_d10_mPO0_ch02;gPO_sBM_cAll_d12_mPO3_ch02,,,,,,0.768663463,,0.000000,,,,,,,,,,0.000000,beat-sync,0.719552,0.806452,,-0.001808398,0.279589620,right_wrist_yaw,0.444972624,left_wrist_yaw,0.279589620,right_wrist_yaw,0.551169820,left_wrist_yaw,-0.121748,-0.007108,1.006920,0.912686,0.000000000,0.000000000,0.000000000,0.000000000,0.000000000,0.000000000,8.760000,0.000000000,0.000000000,,4.393421,3.592583,65.747492,,0.005417491,0,1,0,5,gPO_sBM_cAll_d10_mPO0_ch01;gPO_sBM_cAll_d11_mPO0_ch01;gPO_sBM_cAll_d11_mPO0_ch02;gPO_sBM_cAll_d10_mPO0_ch02;gPO_sBM_cAll_d12_mPO3_ch02,,51.286900,601.602400,62.409400,4920.014500,accepted,0.924119,,0.862034,0.228110765,36.681152,0.133186,PO,0.726906,0.000654,0.005303,JB3:0.685521;JB5:0.684866;JB1:0.676741;JB2:0.621985;JB4:0.596090,gPO_sBM_cAll_d10_mPO0_ch01:0.587363;gPO_sBM_cAll_d11_mPO0_ch01:0.582060;gPO_sBM_cAll_d11_mPO0_ch02:0.580592;gPO_sBM_cAll_d10_mPO0_ch02:0.579684;gPO_sBM_cAll_d12_mPO5_ch02:0.567620;gPO_sBM_cAll_d12_mPO5_ch01:0.564756;gPO_sBM_cAll_d12_mPO4_ch02:0.564140;gPO_sBM_cAll_d12_mPO3_ch02:0.555911;gPO_sBM_cAll_d12_mPO3_ch01:0.554411;gPO_sBM_cAll_d10_mPO3_ch01:0.554216,Electronic---Techno:0.298418;Electronic---Electro:0.242040;Electronic---EBM:0.136474;Electronic---Ambient:0.133186;Electronic---Industrial:0.131549,WA:v0:k1:r1,,JB3,0.685521,gPO_sBM_cAll_d10_mPO0_ch01,0.587363,120.967742
9.304000,9.328206000,,hermite,ready,,,,,0,1.0,0,gWA_sBM_cAll_d26_mWA0_ch05,gPO_sBM_cAll_d12_mPO3_ch02,gPO_sBM_cAll_d12_mPO3_ch02,8.152000,gPO_sBM_cAll_d10_mPO0_ch01;gPO_sBM_cAll_d11_mPO0_ch01;gPO_sBM_cAll_d11_mPO0_ch02;gPO_sBM_cAll_d10_mPO0_ch02;gPO_sBM_cAll_d12_mPO3_ch02,,,,,,0.770662921,,0.000000,,,,,,,,,,0.000000,beat-sync,0.730468,0.806452,,-0.001584875,0.271744190,right_wrist_yaw,0.619317057,left_wrist_yaw,0.271744190,right_wrist_yaw,0.902852453,left_wrist_yaw,-0.125956,0.001816,1.005171,0.892524,0.000000000,0.000000000,0.000000000,0.000000000,0.000000000,0.000000000,8.760000,0.000000000,0.000000000,,3.787199,3.082816,75.496087,,0.005399537,0,1,0,5,gPO_sBM_cAll_d10_mPO0_ch01;gPO_sBM_cAll_d11_mPO0_ch01;gPO_sBM_cAll_d11_mPO0_ch02;gPO_sBM_cAll_d10_mPO0_ch02;gPO_sBM_cAll_d12_mPO3_ch02,,51.286900,601.602400,62.409400,4920.014500,accepted,0.924119,,0.862034,0.228110765,36.681152,0.133186,PO,0.726906,0.000654,0.005303,JB3:0.685521;JB5:0.684866;JB1:0.676741;JB2:0.621985;JB4:0.596090,gPO_sBM_cAll_d10_mPO0_ch01:0.587363;gPO_sBM_cAll_d11_mPO0_ch01:0.582060;gPO_sBM_cAll_d11_mPO0_ch02:0.580592;gPO_sBM_cAll_d10_mPO0_ch02:0.579684;gPO_sBM_cAll_d12_mPO5_ch02:0.567620;gPO_sBM_cAll_d12_mPO5_ch01:0.564756;gPO_sBM_cAll_d12_mPO4_ch02:0.564140;gPO_sBM_cAll_d12_mPO3_ch02:0.555911;gPO_sBM_cAll_d12_mPO3_ch01:0.554411;gPO_sBM_cAll_d10_mPO3_ch01:0.554216,Electronic---Techno:0.298418;Electronic---Electro:0.242040;Electronic---EBM:0.136474;Electronic---Ambient:0.133186;Electronic---Industrial:0.131549,WA:v0:k1:r1,,JB3,0.685521,gPO_sBM_cAll_d10_mPO0_ch01,0.587363,120.967742
9.336000,9.369600900,match,hermite,ready,,,,,0,1.0,0,gWA_sBM_cAll_d26_mWA0_ch05,gPO_sBM_cAll_d12_mPO3_ch02,gPO_sBM_cAll_d12_mPO3_ch02,9.176000,gPO_sBM_cAll_d10_mPO0_ch01;gPO_sBM_cAll_d11_mPO0_ch01;gPO_sBM_cAll_d11_mPO0_ch02;gPO_sBM_cAll_d10_mPO0_ch02;gPO_sBM_cAll_d12_mPO3_ch02,,,,,,0.773026451,,0.000000,,,,,,,,,,0.000000,beat-sync,0.647229,0.772849,,-0.008773233,0.251201079,right_wrist_yaw,0.915891839,left_wrist_yaw,0.251201079,right_wrist_yaw,1.119321873,left_wrist_yaw,-0.132495,0.015538,1.005088,0.858268,0.000000000,0.000000000,0.000000000,0.000000000,0.000000000,0.000000000,9.304000,0.000000000,0.000000000,,2.882031,2.390549,51.173716,,0.005377262,0,1,0,5,gPO_sBM_cAll_d10_mPO0_ch01;gPO_sBM_cAll_d11_mPO0_ch01;gPO_sBM_cAll_d11_mPO0_ch02;gPO_sBM_cAll_d10_mPO0_ch02;gPO_sBM_cAll_d12_mPO3_ch02,,51.286900,601.602400,62.409400,4920.014500,accepted,0.866316,,0.863231,0.232230024,35.432814,0.123685,PO,0.724946,0.001745,0.005290,JB3:0.678922;JB5:0.677177;JB1:0.668472;JB2:0.616800;HO5:0.601085,gPO_sBM_cAll_d10_mPO0_ch01:0.585805;gPO_sBM_cAll_d11_mPO0_ch01:0.580515;gPO_sBM_cAll_d11_mPO0_ch02:0.579034;gPO_sBM_cAll_d10_mPO0_ch02:0.578124;gPO_sBM_cAll_d12_mPO5_ch02:0.567124;gPO_sBM_cAll_d12_mPO5_ch01:0.564442;gPO_sBM_cAll_d12_mPO4_ch02:0.563799;gPO_sBM_cAll_d12_mPO3_ch02:0.554625;gPO_sBM_cAll_d12_mPO3_ch01:0.553137;gPO_sBM_cAll_d10_mPO3_ch01:0.552921,Electronic---Techno:0.337149;Electronic---Electro:0.233748;Electronic---EBM:0.139820;Electronic---Ambient:0.123685;Electronic---Industrial:0.121862,WA:v0:k1:r1,,JB3,0.678922,gPO_sBM_cAll_d10_mPO0_ch01,0.585805,120.967742
9.368000,9.386196000,,hermite,ready,,,,,0,1.0,0,gWA_sBM_cAll_d26_mWA0_ch05,gPO_sBM_cAll_d12_mPO3_ch02,gPO_sBM_cAll_d12_mPO3_ch02,9.176000,gPO_sBM_cAll_d10_mPO0_ch01;gPO_sBM_cAll_d11_mPO0_ch01;gPO_sBM_cAll_d11_mPO0_ch02;gPO_sBM_cAll_d10_mPO0_ch02;gPO_sBM_cAll_d12_mPO3_ch02,,,,,,0.773893746,,0.000000,,,,,,,,,,0.000000,beat-sync,0.613820,0.772849,,-0.008525579,0.242422369,right_wrist_yaw,1.181589669,left_wrist_yaw,0.242422369,right_wrist_yaw,1.425780192,left_wrist_yaw,-0.135065,0.021295,1.005618,0.845213,0.000000000,0.000000000,0.000000000,0.000000000,0.000000000,0.000000000,9.304000,0.000000000,0.000000000,,2.921191,2.446672,41.499836,,0.005368403,0,1,0,5,gPO_sBM_cAll_d10_mPO0_ch01;gPO_sBM_cAll_d11_mPO0_ch01;gPO_sBM_cAll_d11_mPO0_ch02;gPO_sBM_cAll_d10_mPO0_ch02;gPO_sBM_cAll_d12_mPO3_ch02,,51.286900,601.602400,62.409400,4920.014500,accepted,0.866316,,0.863231,0.232230024,35.432814,0.123685,PO,0.724946,0.001745,0.005290,JB3:0.678922;JB5:0.677177;JB1:0.668472;JB2:0.616800;HO5:0.601085,gPO_sBM_cAll_d10_mPO0_ch01:0.585805;gPO_sBM_cAll_d11_mPO0_ch01:0.580515;gPO_sBM_cAll_d11_mPO0_ch02:0.579034;gPO_sBM_cAll_d10_mPO0_ch02:0.578124;gPO_sBM_cAll_d12_mPO5_ch02:0.567124;gPO_sBM_cAll_d12_mPO5_ch01:0.564442;gPO_sBM_cAll_d12_mPO4_ch02:0.563799;gPO_sBM_cAll_d12_mPO3_ch02:0.554625;gPO_sBM_cAll_d12_mPO3_ch01:0.553137;gPO_sBM_cAll_d10_mPO3_ch01:0.552921,Electronic---Techno:0.337149;Electronic---Electro:0.233748;Electronic---EBM:0.139820;Electronic---Ambient:0.123685;Electronic---Industrial:0.121862,WA:v0:k1:r1,,JB3,0.678922,gPO_sBM_cAll_d10_mPO0_ch01,0.585805,120.967742
9.368000,9.403181500,beat_limiter_result,hermite,ready,,,,,0,1.0,0,gWA_sBM_cAll_d26_mWA0_ch05,gPO_sBM_cAll_d12_mPO3_ch02,gPO_sBM_cAll_d12_mPO3_ch02,9.176000,gPO_sBM_cAll_d10_mPO0_ch01;gPO_sBM_cAll_d11_mPO0_ch01;gPO_sBM_cAll_d11_mPO0_ch02;gPO_sBM_cAll_d10_mPO0_ch02;gPO_sBM_cAll_d12_mPO3_ch02,,,,,,0.774734527,,0.000000,,,,,,,,,,0.000000,beat-sync,0.579557,0.772849,,-0.008225885,0.232494217,right_wrist_yaw,1.464034361,left_wrist_yaw,0.232494217,right_wrist_yaw,1.664250333,left_wrist_yaw,-0.137694,0.027035,1.006310,0.832520,0.000000000,0.000000000,0.000000000,0.000000000,0.000000000,0.000000000,9.304000,0.000000000,0.000000000,,2.894123,2.453908,27.660797,,0.005359574,0,1,0,5,gPO_sBM_cAll_d10_mPO0_ch01;gPO_sBM_cAll_d11_mPO0_ch01;gPO_sBM_cAll_d11_mPO0_ch02;gPO_sBM_cAll_d10_mPO0_ch02;gPO_sBM_cAll_d12_mPO3_ch02,,51.286900,601.602400,62.409400,4920.014500,accepted,0.866316,,0.863231,0.232230024,35.432814,0.123685,PO,0.724946,0.001745,0.005290,JB3:0.678922;JB5:0.677177;JB1:0.668472;JB2:0.616800;HO5:0.601085,gPO_sBM_cAll_d10_mPO0_ch01:0.585805;gPO_sBM_cAll_d11_mPO0_ch01:0.580515;gPO_sBM_cAll_d11_mPO0_ch02:0.579034;gPO_sBM_cAll_d10_mPO0_ch02:0.578124;gPO_sBM_cAll_d12_mPO5_ch02:0.567124;gPO_sBM_cAll_d12_mPO5_ch01:0.564442;gPO_sBM_cAll_d12_mPO4_ch02:0.563799;gPO_sBM_cAll_d12_mPO3_ch02:0.554625;gPO_sBM_cAll_d12_mPO3_ch01:0.553137;gPO_sBM_cAll_d10_mPO3_ch01:0.552921,Electronic---Techno:0.337149;Electronic---Electro:0.233748;Electronic---EBM:0.139820;Electronic---Ambient:0.123685;Electronic---Industrial:0.121862,WA:v0:k1:r1,,JB3,0.678922,gPO_sBM_cAll_d10_mPO0_ch01,0.585805,120.967742
9.400000,9.419817800,,hermite,ready,,,,,0,1.0,0,gWA_sBM_cAll_d26_mWA0_ch05,gPO_sBM_cAll_d12_mPO3_ch02,gPO_sBM_cAll_d12_mPO3_ch02,9.176000,gPO_sBM_cAll_d10_mPO0_ch01;gPO_sBM_cAll_d11_mPO0_ch01;gPO_sBM_cAll_d11_mPO0_ch02;gPO_sBM_cAll_d10_mPO0_ch02;gPO_sBM_cAll_d12_mPO3_ch02,,,,,,0.775491328,,0.000000,,,,,,,,,,0.000000,beat-sync,0.550000,0.772849,,-0.007900670,0.220281540,right_wrist_yaw,1.638037497,left_wrist_yaw,0.220281540,right_wrist_yaw,1.874296291,left_wrist_yaw,-0.140729,0.032664,1.007070,0.824313,0.000000000,0.000000000,0.000000000,0.000000000,0.000000000,0.000000000,9.304000,0.000000000,0.000000000,,2.991034,2.499615,33.837792,,0.005350773,0,1,0,5,gPO_sBM_cAll_d10_mPO0_ch01;gPO_sBM_cAll_d11_mPO0_ch01;gPO_sBM_cAll_d11_mPO0_ch02;gPO_sBM_cAll_d10_mPO0_ch02;gPO_sBM_cAll_d12_mPO3_ch02,,51.286900,601.602400,62.409400,4920.014500,accepted,0.866316,,0.863231,0.232230024,35.432814,0.123685,PO,0.724946,0.001745,0.005290,JB3:0.678922;JB5:0.677177;JB1:0.668472;JB2:0.616800;HO5:0.601085,gPO_sBM_cAll_d10_mPO0_ch01:0.585805;gPO_sBM_cAll_d11_mPO0_ch01:0.580515;gPO_sBM_cAll_d11_mPO0_ch02:0.579034;gPO_sBM_cAll_d10_mPO0_ch02:0.578124;gPO_sBM_cAll_d12_mPO5_ch02:0.567124;gPO_sBM_cAll_d12_mPO5_ch01:0.564442;gPO_sBM_cAll_d12_mPO4_ch02:0.563799;gPO_sBM_cAll_d12_mPO3_ch02:0.554625;gPO_sBM_cAll_d12_mPO3_ch01:0.553137;gPO_sBM_cAll_d10_mPO3_ch01:0.552921,Electronic---Techno:0.337149;Electronic---Electro:0.233748;Electronic---EBM:0.139820;Electronic---Ambient:0.123685;Electronic---Industrial:0.121862,WA:v0:k1:r1,,JB3,0.678922,gPO_sBM_cAll_d10_mPO0_ch01,0.585805,120.967742
9.464000,9.477668400,,hermite,ready,,,,,0,1.0,0,gWA_sBM_cAll_d26_mWA0_ch05,gPO_sBM_cAll_d12_mPO3_ch02,gPO_sBM_cAll_d12_mPO3_ch02,9.176000,gPO_sBM_cAll_d10_mPO0_ch01;gPO_sBM_cAll_d11_mPO0_ch01;gPO_sBM_cAll_d11_mPO0_ch02;gPO_sBM_cAll_d10_mPO0_ch02;gPO_sBM_cAll_d12_mPO3_ch02,,,,,,0.778163589,,0.000000,,,,,,,,,,0.000000,beat-sync,0.550000,0.772849,,-0.006723451,0.174425704,right_wrist_yaw,1.678247480,left_wrist_yaw,0.174425704,right_wrist_yaw,2.124858802,left_wrist_yaw,-0.153541,0.051554,1.008044,0.791690,0.000000000,0.000000000,0.000000000,0.000000000,0.000000000,0.000000000,9.304000,0.000000000,0.000000000,,2.124859,1.775991,53.774175,,0.005320197,0,1,0,5,gPO_sBM_cAll_d10_mPO0_ch01;gPO_sBM_cAll_d11_mPO0_ch01;gPO_sBM_cAll_d11_mPO0_ch02;gPO_sBM_cAll_d10_mPO0_ch02;gPO_sBM_cAll_d12_mPO3_ch02,,51.286900,601.602400,62.409400,4920.014500,accepted,0.866316,,0.863231,0.232230024,35.432814,0.123685,PO,0.724946,0.001745,0.005290,JB3:0.678922;JB5:0.677177;JB1:0.668472;JB2:0.616800;HO5:0.601085,gPO_sBM_cAll_d10_mPO0_ch01:0.585805;gPO_sBM_cAll_d11_mPO0_ch01:0.580515;gPO_sBM_cAll_d11_mPO0_ch02:0.579034;gPO_sBM_cAll_d10_mPO0_ch02:0.578124;gPO_sBM_cAll_d12_mPO5_ch02:0.567124;gPO_sBM_cAll_d12_mPO5_ch01:0.564442;gPO_sBM_cAll_d12_mPO4_ch02:0.563799;gPO_sBM_cAll_d12_mPO3_ch02:0.554625;gPO_sBM_cAll_d12_mPO3_ch01:0.553137;gPO_sBM_cAll_d10_mPO3_ch01:0.552921,Electronic---Techno:0.337149;Electronic---Electro:0.233748;Electronic---EBM:0.139820;Electronic---Ambient:0.123685;Electronic---Industrial:0.121862,WA:v0:k1:r1,,JB3,0.678922,gPO_sBM_cAll_d10_mPO0_ch01,0.585805,120.967742
9.528000,9.544409000,,hermite,ready,,,,,0,1.0,0,gWA_sBM_cAll_d26_mWA0_ch05,gPO_sBM_cAll_d12_mPO3_ch02,gPO_sBM_cAll_d12_mPO3_ch02,9.176000,gPO_sBM_cAll_d10_mPO0_ch01;gPO_sBM_cAll_d11_mPO0_ch01;gPO_sBM_cAll_d11_mPO0_ch02;gPO_sBM_cAll_d10_mPO0_ch02;gPO_sBM_cAll_d12_mPO3_ch02,,,,,,0.781227563,,0.000000,,,,,,,,,,0.000000,beat-sync,0.550000,0.772849,,-0.005400808,0.198496154,left_wrist_yaw,1.883062122,left_wrist_yaw,0.198496154,left_wrist_yaw,2.382006792,left_wrist_yaw,-0.169884,0.069767,1.008606,0.760323,0.000000000,0.000000000,0.000000000,0.000000000,0.000000000,0.000000000,9.304000,0.000000000,0.000000000,,2.382007,1.997579,32.501837,,0.005285678,0,1,0,5,gPO_sBM_cAll_d10_mPO0_ch01;gPO_sBM_cAll_d11_mPO0_ch01;gPO_sBM_cAll_d11_mPO0_ch02;gPO_sBM_cAll_d10_mPO0_ch02;gPO_sBM_cAll_d12_mPO3_ch02,,51.286900,601.602400,62.409400,4920.014500,accepted,0.866316,,0.863231,0.232230024,35.432814,0.123685,PO,0.724946,0.001745,0.005290,JB3:0.678922;JB5:0.677177;JB1:0.668472;JB2:0.616800;HO5:0.601085,gPO_sBM_cAll_d10_mPO0_ch01:0.585805;gPO_sBM_cAll_d11_mPO0_ch01:0.580515;gPO_sBM_cAll_d11_mPO0_ch02:0.579034;gPO_sBM_cAll_d10_mPO0_ch02:0.578124;gPO_sBM_cAll_d12_mPO5_ch02:0.567124;gPO_sBM_cAll_d12_mPO5_ch01:0.564442;gPO_sBM_cAll_d12_mPO4_ch02:0.563799;gPO_sBM_cAll_d12_mPO3_ch02:0.554625;gPO_sBM_cAll_d12_mPO3_ch01:0.553137;gPO_sBM_cAll_d10_mPO3_ch01:0.552921,Electronic---Techno:0.337149;Electronic---Electro:0.233748;Electronic---EBM:0.139820;Electronic---Ambient:0.123685;Electronic---Industrial:0.121862,WA:v0:k1:r1,,JB3,0.678922,gPO_sBM_cAll_d10_mPO0_ch01,0.585805,120.967742
9.560000,9.578120800,,hermite,ready,,,,,0,1.0,0,gWA_sBM_cAll_d26_mWA0_ch05,gPO_sBM_cAll_d12_mPO3_ch02,gPO_sBM_cAll_d12_mPO3_ch02,9.176000,gPO_sBM_cAll_d10_mPO0_ch01;gPO_sBM_cAll_d11_mPO0_ch01;gPO_sBM_cAll_d11_mPO0_ch02;gPO_sBM_cAll_d10_mPO0_ch02;gPO_sBM_cAll_d12_mPO3_ch02,,,,,,0.782764655,,0.000000,,,,,,,,,,0.000000,beat-sync,0.552163,0.772849,,-0.004748052,0.252060155,left_wrist_yaw,1.479355726,left_wrist_yaw,0.252060155,left_wrist_yaw,1.775135985,left_wrist_yaw,-0.177425,0.077497,1.009480,0.753077,0.000000000,0.000000000,0.000000000,0.000000000,0.000000000,0.000000000,9.304000,0.000000000,0.000000000,,1.775136,1.478014,33.246132,,0.005268586,0,1,0,5,gPO_sBM_cAll_d10_mPO0_ch01;gPO_sBM_cAll_d11_mPO0_ch01;gPO_sBM_cAll_d11_mPO0_ch02;gPO_sBM_cAll_d10_mPO0_ch02;gPO_sBM_cAll_d12_mPO3_ch02,,51.286900,601.602400,62.409400,4920.014500,accepted,0.866316,,0.863231,0.232230024,35.432814,0.123685,PO,0.724946,0.001745,0.005290,JB3:0.678922;JB5:0.677177;JB1:0.668472;JB2:0.616800;HO5:0.601085,gPO_sBM_cAll_d10_mPO0_ch01:0.585805;gPO_sBM_cAll_d11_mPO0_ch01:0.580515;gPO_sBM_cAll_d11_mPO0_ch02:0.579034;gPO_sBM_cAll_d10_mPO0_ch02:0.578124;gPO_sBM_cAll_d12_mPO5_ch02:0.567124;gPO_sBM_cAll_d12_mPO5_ch01:0.564442;gPO_sBM_cAll_d12_mPO4_ch02:0.563799;gPO_sBM_cAll_d12_mPO3_ch02:0.554625;gPO_sBM_cAll_d12_mPO3_ch01:0.553137;gPO_sBM_cAll_d10_mPO3_ch01:0.552921,Electronic---Techno:0.337149;Electronic---Electro:0.233748;Electronic---EBM:0.139820;Electronic---Ambient:0.123685;Electronic---Industrial:0.121862,WA:v0:k1:r1,,JB3,0.678922,gPO_sBM_cAll_d10_mPO0_ch01,0.585805,120.967742
9.624000,9.636991600,,hermite,ready,,,,,0,1.0,0,gWA_sBM_cAll_d26_mWA0_ch05,gPO_sBM_cAll_d12_mPO3_ch02,gPO_sBM_cAll_d12_mPO3_ch02,9.176000,gPO_sBM_cAll_d10_mPO0_ch01;gPO_sBM_cAll_d11_mPO0_ch01;gPO_sBM_cAll_d11_mPO0_ch02;gPO_sBM_cAll_d10_mPO0_ch02;gPO_sBM_cAll_d12_mPO3_ch02,,,,,,0.785592151,,0.000000,,,,,,,,,,0.000000,beat-sync,0.597927,0.772849,,-0.003757531,0.308788862,left_wrist_yaw,0.814694159,left_wrist_yaw,0.308788862,left_wrist_yaw,0.911291004,left_wrist_yaw,-0.188045,0.090213,1.008522,0.723637,0.000000000,0.000000000,0.000000000,0.000000000,0.000000000,0.000000000,9.304000,0.000000000,0.000000000,,1.844377,1.586602,53.501841,,0.005238940,0,1,0,5,gPO_sBM_cAll_d10_mPO0_ch01;gPO_sBM_cAll_d11_mPO0_ch01;gPO_sBM_cAll_d11_mPO0_ch02;gPO_sBM_cAll_d10_mPO0_ch02;gPO_sBM_cAll_d12_mPO3_ch02,,51.286900,601.602400,62.409400,4920.014500,accepted,0.866316,,0.863231,0.232230024,35.432814,0.123685,PO,0.724946,0.001745,0.005290,JB3:0.678922;JB5:0.677177;JB1:0.668472;JB2:0.616800;HO5:0.601085,gPO_sBM_cAll_d10_mPO0_ch01:0.585805;gPO_sBM_cAll_d11_mPO0_ch01:0.580515;gPO_sBM_cAll_d11_mPO0_ch02:0.579034;gPO_sBM_cAll_d10_mPO0_ch02:0.578124;gPO_sBM_cAll_d12_mPO5_ch02:0.567124;gPO_sBM_cAll_d12_mPO5_ch01:0.564442;gPO_sBM_cAll_d12_mPO4_ch02:0.563799;gPO_sBM_cAll_d12_mPO3_ch02:0.554625;gPO_sBM_cAll_d12_mPO3_ch01:0.553137;gPO_sBM_cAll_d10_mPO3_ch01:0.552921,Electronic---Techno:0.337149;Electronic---Electro:0.233748;Electronic---EBM:0.139820;Electronic---Ambient:0.123685;Electronic---Industrial:0.121862,WA:v0:k1:r1,,JB3,0.678922,gPO_sBM_cAll_d10_mPO0_ch01,0.585805,120.967742
9.656000,9.669832500,,hermite,ready,,,,,0,1.0,0,gWA_sBM_cAll_d26_mWA0_ch05,gPO_sBM_cAll_d12_mPO3_ch02,gPO_sBM_cAll_d12_mPO3_ch02,9.176000,gPO_sBM_cAll_d10_mPO0_ch01;gPO_sBM_cAll_d11_mPO0_ch01;gPO_sBM_cAll_d11_mPO0_ch02;gPO_sBM_cAll_d10_mPO0_ch02;gPO_sBM_cAll_d12_mPO3_ch02,,,,,,0.787278389,,0.000000,,,,,,,,,,0.000000,beat-sync,0.619519,0.772849,,-0.003292430,0.333562941,left_wrist_yaw,0.745282435,left_wrist_roll,0.333562941,left_wrist_yaw,0.904649026,left_wrist_roll,-0.197790,0.094480,1.007952,0.684346,0.000000000,0.000000000,0.000000000,0.000000000,0.000000000,0.000000000,9.304000,0.000000000,0.000000000,,4.158687,3.440871,73.182935,,0.005222149,0,1,0,5,gPO_sBM_cAll_d10_mPO0_ch01;gPO_sBM_cAll_d11_mPO0_ch01;gPO_sBM_cAll_d11_mPO0_ch02;gPO_sBM_cAll_d10_mPO0_ch02;gPO_sBM_cAll_d12_mPO3_ch02,,51.286900,601.602400,62.409400,4920.014500,accepted,0.866316,,0.863231,0.232230024,35.432814,0.123685,PO,0.724946,0.001745,0.005290,JB3:0.678922;JB5:0.677177;JB1:0.668472;JB2:0.616800;HO5:0.601085,gPO_sBM_cAll_d10_mPO0_ch01:0.585805;gPO_sBM_cAll_d11_mPO0_ch01:0.580515;gPO_sBM_cAll_d11_mPO0_ch02:0.579034;gPO_sBM_cAll_d10_mPO0_ch02:0.578124;gPO_sBM_cAll_d12_mPO5_ch02:0.567124;gPO_sBM_cAll_d12_mPO5_ch01:0.564442;gPO_sBM_cAll_d12_mPO4_ch02:0.563799;gPO_sBM_cAll_d12_mPO3_ch02:0.554625;gPO_sBM_cAll_d12_mPO3_ch01:0.553137;gPO_sBM_cAll_d10_mPO3_ch01:0.552921,Electronic---Techno:0.337149;Electronic---Electro:0.233748;Electronic---EBM:0.139820;Electronic---Ambient:0.123685;Electronic---Industrial:0.121862,WA:v0:k1:r1,,JB3,0.678922,gPO_sBM_cAll_d10_mPO0_ch01,0.585805,120.967742
9.720000,9.728369800,,hermite,ready,,,,,0,1.0,0,gWA_sBM_cAll_d26_mWA0_ch05,gPO_sBM_cAll_d12_mPO3_ch02,gPO_sBM_cAll_d12_mPO3_ch02,9.176000,gPO_sBM_cAll_d10_mPO0_ch01;gPO_sBM_cAll_d11_mPO0_ch01;gPO_sBM_cAll_d11_mPO0_ch02;gPO_sBM_cAll_d10_mPO0_ch02;gPO_sBM_cAll_d12_mPO3_ch02,,,,,,0.790401122,,0.000000,,,,,,,,,,0.000000,beat-sync,0.651305,0.772849,,-0.002604213,0.329067163,left_wrist_yaw,1.481519524,left_wrist_roll,0.329067163,left_wrist_yaw,1.706450130,left_wrist_roll,-0.218185,0.095800,1.008129,0.593322,0.000000000,0.000000000,0.000000000,0.000000000,0.000000000,0.000000000,9.304000,0.000000000,0.000000000,,5.359305,4.513122,96.890517,,0.005193021,0,1,0,5,gPO_sBM_cAll_d10_mPO0_ch01;gPO_sBM_cAll_d11_mPO0_ch01;gPO_sBM_cAll_d11_mPO0_ch02;gPO_sBM_cAll_d10_mPO0_ch02;gPO_sBM_cAll_d12_mPO3_ch02,,51.286900,601.602400,62.409400,4920.014500,accepted,0.866316,,0.863231,0.232230024,35.432814,0.123685,PO,0.724946,0.001745,0.005290,JB3:0.678922;JB5:0.677177;JB1:0.668472;JB2:0.616800;HO5:0.601085,gPO_sBM_cAll_d10_mPO0_ch01:0.585805;gPO_sBM_cAll_d11_mPO0_ch01:0.580515;gPO_sBM_cAll_d11_mPO0_ch02:0.579034;gPO_sBM_cAll_d10_mPO0_ch02:0.578124;gPO_sBM_cAll_d12_mPO5_ch02:0.567124;gPO_sBM_cAll_d12_mPO5_ch01:0.564442;gPO_sBM_cAll_d12_mPO4_ch02:0.563799;gPO_sBM_cAll_d12_mPO3_ch02:0.554625;gPO_sBM_cAll_d12_mPO3_ch01:0.553137;gPO_sBM_cAll_d10_mPO3_ch01:0.552921,Electronic---Techno:0.337149;Electronic---Electro:0.233748;Electronic---EBM:0.139820;Electronic---Ambient:0.123685;Electronic---Industrial:0.121862,WA:v0:k1:r1,,JB3,0.678922,gPO_sBM_cAll_d10_mPO0_ch01,0.585805,120.967742
9.752000,9.762817400,,hermite,ready,,,,,0,1.0,0,gWA_sBM_cAll_d26_mWA0_ch05,gPO_sBM_cAll_d12_mPO3_ch02,gPO_sBM_cAll_d12_mPO3_ch02,9.176000,gPO_sBM_cAll_d10_mPO0_ch01;gPO_sBM_cAll_d11_mPO0_ch01;gPO_sBM_cAll_d11_mPO0_ch02;gPO_sBM_cAll_d10_mPO0_ch02;gPO_sBM_cAll_d12_mPO3_ch02,,,,,,0.792216578,,0.000000,,,,,,,,,,0.000000,beat-sync,0.666355,0.772849,,-0.002282918,0.272074443,left_wrist_yaw,2.219625306,left_wrist_yaw,0.272074443,left_wrist_yaw,2.230339858,left_wrist_yaw,-0.227792,0.095086,1.009123,0.548617,0.000000000,0.000000000,0.000000000,0.000000000,0.000000000,0.000000000,9.304000,0.000000000,0.000000000,,4.977404,4.253166,102.607025,,0.005176522,0,1,0,5,gPO_sBM_cAll_d10_mPO0_ch01;gPO_sBM_cAll_d11_mPO0_ch01;gPO_sBM_cAll_d11_mPO0_ch02;gPO_sBM_cAll_d10_mPO0_ch02;gPO_sBM_cAll_d12_mPO3_ch02,,51.286900,601.602400,62.409400,4920.014500,accepted,0.866316,,0.863231,0.232230024,35.432814,0.123685,PO,0.724946,0.001745,0.005290,JB3:0.678922;JB5:0.677177;JB1:0.668472;JB2:0.616800;HO5:0.601085,gPO_sBM_cAll_d10_mPO0_ch01:0.585805;gPO_sBM_cAll_d11_mPO0_ch01:0.580515;gPO_sBM_cAll_d11_mPO0_ch02:0.579034;gPO_sBM_cAll_d10_mPO0_ch02:0.578124;gPO_sBM_cAll_d12_mPO5_ch02:0.567124;gPO_sBM_cAll_d12_mPO5_ch01:0.564442;gPO_sBM_cAll_d12_mPO4_ch02:0.563799;gPO_sBM_cAll_d12_mPO3_ch02:0.554625;gPO_sBM_cAll_d12_mPO3_ch01:0.553137;gPO_sBM_cAll_d10_mPO3_ch01:0.552921,Electronic---Techno:0.337149;Electronic---Electro:0.233748;Electronic---EBM:0.139820;Electronic---Ambient:0.123685;Electronic---Industrial:0.121862,WA:v0:k1:r1,,JB3,0.678922,gPO_sBM_cAll_d10_mPO0_ch01,0.585805,120.967742
9.816000,9.837166100,,hermite,ready,,,,,0,1.0,0,gWA_sBM_cAll_d26_mWA0_ch05,gPO_sBM_cAll_d12_mPO3_ch02,gPO_sBM_cAll_d12_mPO3_ch02,9.176000,gPO_sBM_cAll_d10_mPO0_ch01;gPO_sBM_cAll_d11_mPO0_ch01;gPO_sBM_cAll_d11_mPO0_ch02;gPO_sBM_cAll_d10_mPO0_ch02;gPO_sBM_cAll_d12_mPO3_ch02,,,,,,0.796521949,,0.000000,,,,,,,,,,0.000000,beat-sync,0.693899,0.772849,,-0.001687083,0.155203465,right_wrist_yaw,1.243896862,left_wrist_yaw,0.155203465,right_wrist_yaw,1.403877078,left_wrist_yaw,-0.243069,0.091212,1.013636,0.469390,0.000000000,0.000000000,0.000000000,0.000000000,0.000000000,0.000000000,9.304000,0.000000000,0.000000000,,5.410368,4.569934,39.177233,,0.005139780,0,1,0,5,gPO_sBM_cAll_d10_mPO0_ch01;gPO_sBM_cAll_d11_mPO0_ch01;gPO_sBM_cAll_d11_mPO0_ch02;gPO_sBM_cAll_d10_mPO0_ch02;gPO_sBM_cAll_d12_mPO3_ch02,,51.286900,601.602400,62.409400,4920.014500,accepted,0.866316,,0.863231,0.232230024,35.432814,0.123685,PO,0.724946,0.001745,0.005290,JB3:0.678922;JB5:0.677177;JB1:0.668472;JB2:0.616800;HO5:0.601085,gPO_sBM_cAll_d10_mPO0_ch01:0.585805;gPO_sBM_cAll_d11_mPO0_ch01:0.580515;gPO_sBM_cAll_d11_mPO0_ch02:0.579034;gPO_sBM_cAll_d10_mPO0_ch02:0.578124;gPO_sBM_cAll_d12_mPO5_ch02:0.567124;gPO_sBM_cAll_d12_mPO5_ch01:0.564442;gPO_sBM_cAll_d12_mPO4_ch02:0.563799;gPO_sBM_cAll_d12_mPO3_ch02:0.554625;gPO_sBM_cAll_d12_mPO3_ch01:0.553137;gPO_sBM_cAll_d10_mPO3_ch01:0.552921,Electronic---Techno:0.337149;Electronic---Electro:0.233748;Electronic---EBM:0.139820;Electronic---Ambient:0.123685;Electronic---Industrial:0.121862,WA:v0:k1:r1,,JB3,0.678922,gPO_sBM_cAll_d10_mPO0_ch01,0.585805,120.967742
9.880000,9.902787600,,hermite,ready,,,,,0,1.0,0,gWA_sBM_cAll_d26_mWA0_ch05,gPO_sBM_cAll_d12_mPO3_ch02,gPO_sBM_cAll_d12_mPO3_ch02,9.176000,gPO_sBM_cAll_d10_mPO0_ch01;gPO_sBM_cAll_d11_mPO0_ch01;gPO_sBM_cAll_d11_mPO0_ch02;gPO_sBM_cAll_d10_mPO0_ch02;gPO_sBM_cAll_d12_mPO3_ch02,,,,,,0.800409240,,0.000000,,,,,,,,,,0.000000,beat-sync,0.712279,0.772849,,-0.001295060,0.148247027,right_wrist_yaw,0.666522059,left_wrist_yaw,0.148247027,right_wrist_yaw,0.913048919,left_wrist_yaw,-0.251481,0.084605,1.011569,0.394454,0.000000000,0.000000000,0.000000000,0.000000000,0.000000000,0.000000000,9.304000,0.000000000,0.000000000,,6.629850,5.482263,96.950000,,0.005107556,0,1,0,5,gPO_sBM_cAll_d10_mPO0_ch01;gPO_sBM_cAll_d11_mPO0_ch01;gPO_sBM_cAll_d11_mPO0_ch02;gPO_sBM_cAll_d10_mPO0_ch02;gPO_sBM_cAll_d12_mPO3_ch02,,51.286900,601.602400,62.409400,4920.014500,accepted,0.866316,,0.863231,0.232230024,35.432814,0.123685,PO,0.724946,0.001745,0.005290,JB3:0.678922;JB5:0.677177;JB1:0.668472;JB2:0.616800;HO5:0.601085,gPO_sBM_cAll_d10_mPO0_ch01:0.585805;gPO_sBM_cAll_d11_mPO0_ch01:0.580515;gPO_sBM_cAll_d11_mPO0_ch02:0.579034;gPO_sBM_cAll_d10_mPO0_ch02:0.578124;gPO_sBM_cAll_d12_mPO5_ch02:0.567124;gPO_sBM_cAll_d12_mPO5_ch01:0.564442;gPO_sBM_cAll_d12_mPO4_ch02:0.563799;gPO_sBM_cAll_d12_mPO3_ch02:0.554625;gPO_sBM_cAll_d12_mPO3_ch01:0.553137;gPO_sBM_cAll_d10_mPO3_ch01:0.552921,Electronic---Techno:0.337149;Electronic---Electro:0.233748;Electronic---EBM:0.139820;Electronic---Ambient:0.123685;Electronic---Industrial:0.121862,WA:v0:k1:r1,,JB3,0.678922,gPO_sBM_cAll_d10_mPO0_ch01,0.585805,120.967742
9.912000,9.936563800,,hermite,ready,,,,,0,1.0,0,gWA_sBM_cAll_d26_mWA0_ch05,gPO_sBM_cAll_d12_mPO3_ch02,gPO_sBM_cAll_d12_mPO3_ch02,9.176000,gPO_sBM_cAll_d10_mPO0_ch01;gPO_sBM_cAll_d11_mPO0_ch01;gPO_sBM_cAll_d11_mPO0_ch02;gPO_sBM_cAll_d10_mPO0_ch02;gPO_sBM_cAll_d12_mPO3_ch02,,,,,,0.802427422,,0.000000,,,,,,,,,,0.000000,beat-sync,0.719902,0.772849,,-0.001131608,0.141294388,right_wrist_yaw,0.317979406,left_wrist_yaw,0.141294388,right_wrist_yaw,0.441476189,left_wrist_yaw,-0.254001,0.082421,1.007460,0.345763,0.000000000,0.000000000,0.000000000,0.000000000,0.000000000,0.000000000,9.304000,0.000000000,0.000000000,,3.993274,3.296805,50.413763,,0.005091595,0,1,0,5,gPO_sBM_cAll_d10_mPO0_ch01;gPO_sBM_cAll_d11_mPO0_ch01;gPO_sBM_cAll_d11_mPO0_ch02;gPO_sBM_cAll_d10_mPO0_ch02;gPO_sBM_cAll_d12_mPO3_ch02,,51.286900,601.602400,62.409400,4920.014500,accepted,0.866316,,0.863231,0.232230024,35.432814,0.123685,PO,0.724946,0.001745,0.005290,JB3:0.678922;JB5:0.677177;JB1:0.668472;JB2:0.616800;HO5:0.601085,gPO_sBM_cAll_d10_mPO0_ch01:0.585805;gPO_sBM_cAll_d11_mPO0_ch01:0.580515;gPO_sBM_cAll_d11_mPO0_ch02:0.579034;gPO_sBM_cAll_d10_mPO0_ch02:0.578124;gPO_sBM_cAll_d12_mPO5_ch02:0.567124;gPO_sBM_cAll_d12_mPO5_ch01:0.564442;gPO_sBM_cAll_d12_mPO4_ch02:0.563799;gPO_sBM_cAll_d12_mPO3_ch02:0.554625;gPO_sBM_cAll_d12_mPO3_ch01:0.553137;gPO_sBM_cAll_d10_mPO3_ch01:0.552921,Electronic---Techno:0.337149;Electronic---Electro:0.233748;Electronic---EBM:0.139820;Electronic---Ambient:0.123685;Electronic---Industrial:0.121862,WA:v0:k1:r1,,JB3,0.678922,gPO_sBM_cAll_d10_mPO0_ch01,0.585805,120.967742
9.976000,9.994920500,,hermite,ready,,,,,0,1.0,0,gWA_sBM_cAll_d26_mWA0_ch05,gPO_sBM_cAll_d12_mPO3_ch02,gPO_sBM_cAll_d12_mPO3_ch02,9.176000,gPO_sBM_cAll_d10_mPO0_ch01;gPO_sBM_cAll_d11_mPO0_ch01;gPO_sBM_cAll_d11_mPO0_ch02;gPO_sBM_cAll_d10_mPO0_ch02;gPO_sBM_cAll_d12_mPO3_ch02,,,,,,0.805967572,,0.000000,,,,,,,,,,0.000000,beat-sync,0.730783,0.772849,,-0.000895834,0.164893667,right_wrist_yaw,0.881934942,right_wrist_yaw,0.164893667,right_wrist_yaw,1.040454416,right_wrist_yaw,-0.259834,0.078694,0.994786,0.295334,0.000000000,0.000000000,0.000000000,0.000000000,0.000000000,0.000000000,9.304000,0.000000000,0.000000000,,3.782131,3.234363,51.424911,,0.005063902,0,1,0,5,gPO_sBM_cAll_d10_mPO0_ch01;gPO_sBM_cAll_d11_mPO0_ch01;gPO_sBM_cAll_d11_mPO0_ch02;gPO_sBM_cAll_d10_mPO0_ch02;gPO_sBM_cAll_d12_mPO3_ch02,,51.286900,601.602400,62.409400,4920.014500,accepted,0.866316,,0.863231,0.232230024,35.432814,0.123685,PO,0.724946,0.001745,0.005290,JB3:0.678922;JB5:0.677177;JB1:0.668472;JB2:0.616800;HO5:0.601085,gPO_sBM_cAll_d10_mPO0_ch01:0.585805;gPO_sBM_cAll_d11_mPO0_ch01:0.580515;gPO_sBM_cAll_d11_mPO0_ch02:0.579034;gPO_sBM_cAll_d10_mPO0_ch02:0.578124;gPO_sBM_cAll_d12_mPO5_ch02:0.567124;gPO_sBM_cAll_d12_mPO5_ch01:0.564442;gPO_sBM_cAll_d12_mPO4_ch02:0.563799;gPO_sBM_cAll_d12_mPO3_ch02:0.554625;gPO_sBM_cAll_d12_mPO3_ch01:0.553137;gPO_sBM_cAll_d10_mPO3_ch01:0.552921,Electronic---Techno:0.337149;Electronic---Electro:0.233748;Electronic---EBM:0.139820;Electronic---Ambient:0.123685;Electronic---Industrial:0.121862,WA:v0:k1:r1,,JB3,0.678922,gPO_sBM_cAll_d10_mPO0_ch01,0.585805,120.967742
10.008000,10.029058100,,hermite,ready,,,,,0,1.0,0,gWA_sBM_cAll_d26_mWA0_ch05,gPO_sBM_cAll_d12_mPO3_ch02,gPO_sBM_cAll_d12_mPO3_ch02,9.176000,gPO_sBM_cAll_d10_mPO0_ch01;gPO_sBM_cAll_d11_mPO0_ch01;gPO_sBM_cAll_d11_mPO0_ch02;gPO_sBM_cAll_d10_mPO0_ch02;gPO_sBM_cAll_d12_mPO3_ch02,,,,,,0.808059356,,0.000000,,,,,,,,,,0.000000,beat-sync,0.736109,0.772849,,-0.000781478,0.200959609,right_wrist_yaw,1.252780976,right_wrist_yaw,0.200959609,right_wrist_yaw,1.481900591,right_wrist_yaw,-0.267928,0.076132,0.988603,0.271483,0.000000000,0.000000000,0.000000000,0.000000000,0.000000000,0.000000000,9.304000,0.000000000,0.000000000,,5.363312,4.493120,131.835346,,0.005048212,0,1,0,5,gPO_sBM_cAll_d10_mPO0_ch01;gPO_sBM_cAll_d11_mPO0_ch01;gPO_sBM_cAll_d11_mPO0_ch02;gPO_sBM_cAll_d10_mPO0_ch02;gPO_sBM_cAll_d12_mPO3_ch02,,51.286900,601.602400,62.409400,4920.014500,accepted,0.866316,,0.863231,0.232230024,35.432814,0.123685,PO,0.724946,0.001745,0.005290,JB3:0.678922;JB5:0.677177;JB1:0.668472;JB2:0.616800;HO5:0.601085,gPO_sBM_cAll_d10_mPO0_ch01:0.585805;gPO_sBM_cAll_d11_mPO0_ch01:0.580515;gPO_sBM_cAll_d11_mPO0_ch02:0.579034;gPO_sBM_cAll_d10_mPO0_ch02:0.578124;gPO_sBM_cAll_d12_mPO5_ch02:0.567124;gPO_sBM_cAll_d12_mPO5_ch01:0.564442;gPO_sBM_cAll_d12_mPO4_ch02:0.563799;gPO_sBM_cAll_d12_mPO3_ch02:0.554625;gPO_sBM_cAll_d12_mPO3_ch01:0.553137;gPO_sBM_cAll_d10_mPO3_ch01:0.552921,Electronic---Techno:0.337149;Electronic---Electro:0.233748;Electronic---EBM:0.139820;Electronic---Ambient:0.123685;Electronic---Industrial:0.121862,WA:v0:k1:r1,,JB3,0.678922,gPO_sBM_cAll_d10_mPO0_ch01,0.585805,120.967742
10.072000,10.086526000,,hermite,ready,,,,,0,1.0,0,gWA_sBM_cAll_d26_mWA0_ch05,gPO_sBM_cAll_d12_mPO3_ch02,gPO_sBM_cAll_d12_mPO3_ch02,9.176000,gPO_sBM_cAll_d10_mPO0_ch01;gPO_sBM_cAll_d11_mPO0_ch01;gPO_sBM_cAll_d11_mPO0_ch02;gPO_sBM_cAll_d10_mPO0_ch02;gPO_sBM_cAll_d12_mPO3_ch02,,,,,,0.811595901,,0.000000,,,,,,,,,,0.000000,beat-sync,0.743607,0.772849,,-0.000621591,0.284271714,right_wrist_yaw,1.456847992,right_wrist_yaw,0.284271714,right_wrist_yaw,1.557919583,right_wrist_yaw,-0.282567,0.073345,0.975259,0.243194,0.000000000,0.000000000,0.000000000,0.000000000,0.000000000,0.000000000,9.304000,0.000000000,0.000000000,,4.894335,4.185331,142.872590,,0.005020987,0,1,0,5,gPO_sBM_cAll_d10_mPO0_ch01;gPO_sBM_cAll_d11_mPO0_ch01;gPO_sBM_cAll_d11_mPO0_ch02;gPO_sBM_cAll_d10_mPO0_ch02;gPO_sBM_cAll_d12_mPO3_ch02,,51.286900,601.602400,62.409400,4920.014500,accepted,0.866316,,0.863231,0.232230024,35.432814,0.123685,PO,0.724946,0.001745,0.005290,JB3:0.678922;JB5:0.677177;JB1:0.668472;JB2:0.616800;HO5:0.601085,gPO_sBM_cAll_d10_mPO0_ch01:0.585805;gPO_sBM_cAll_d11_mPO0_ch01:0.580515;gPO_sBM_cAll_d11_mPO0_ch02:0.579034;gPO_sBM_cAll_d10_mPO0_ch02:0.578124;gPO_sBM_cAll_d12_mPO5_ch02:0.567124;gPO_sBM_cAll_d12_mPO5_ch01:0.564442;gPO_sBM_cAll_d12_mPO4_ch02:0.563799;gPO_sBM_cAll_d12_mPO3_ch02:0.554625;gPO_sBM_cAll_d12_mPO3_ch01:0.553137;gPO_sBM_cAll_d10_mPO3_ch01:0.552921,Electronic---Techno:0.337149;Electronic---Electro:0.233748;Electronic---EBM:0.139820;Electronic---Ambient:0.123685;Electronic---Industrial:0.121862,WA:v0:k1:r1,,JB3,0.678922,gPO_sBM_cAll_d10_mPO0_ch01,0.585805,120.967742
10.104000,10.119264300,,hermite,ready,,,,,0,1.0,0,gWA_sBM_cAll_d26_mWA0_ch05,gPO_sBM_cAll_d12_mPO3_ch02,gPO_sBM_cAll_d12_mPO3_ch02,9.176000,gPO_sBM_cAll_d10_mPO0_ch01;gPO_sBM_cAll_d11_mPO0_ch01;gPO_sBM_cAll_d11_mPO0_ch02;gPO_sBM_cAll_d10_mPO0_ch02;gPO_sBM_cAll_d12_mPO3_ch02,,,,,,0.813657413,,0.000000,,,,,,,,,,0.000000,beat-sync,0.747244,0.772849,,-0.000544467,0.322809022,right_wrist_yaw,0.971865522,left_wrist_yaw,0.322809022,right_wrist_yaw,1.265983985,left_wrist_yaw,-0.289563,0.075094,0.967598,0.213674,0.000000000,0.000000000,0.000000000,0.000000000,0.000000000,0.000000000,9.304000,0.000000000,0.000000000,,5.837947,4.902417,75.933003,,0.005005562,0,1,0,5,gPO_sBM_cAll_d10_mPO0_ch01;gPO_sBM_cAll_d11_mPO0_ch01;gPO_sBM_cAll_d11_mPO0_ch02;gPO_sBM_cAll_d10_mPO0_ch02;gPO_sBM_cAll_d12_mPO3_ch02,,51.286900,601.602400,62.409400,4920.014500,accepted,0.866316,,0.863231,0.232230024,35.432814,0.123685,PO,0.724946,0.001745,0.005290,JB3:0.678922;JB5:0.677177;JB1:0.668472;JB2:0.616800;HO5:0.601085,gPO_sBM_cAll_d10_mPO0_ch01:0.585805;gPO_sBM_cAll_d11_mPO0_ch01:0.580515;gPO_sBM_cAll_d11_mPO0_ch02:0.579034;gPO_sBM_cAll_d10_mPO0_ch02:0.578124;gPO_sBM_cAll_d12_mPO5_ch02:0.567124;gPO_sBM_cAll_d12_mPO5_ch01:0.564442;gPO_sBM_cAll_d12_mPO4_ch02:0.563799;gPO_sBM_cAll_d12_mPO3_ch02:0.554625;gPO_sBM_cAll_d12_mPO3_ch01:0.553137;gPO_sBM_cAll_d10_mPO3_ch01:0.552921,Electronic---Techno:0.337149;Electronic---Electro:0.233748;Electronic---EBM:0.139820;Electronic---Ambient:0.123685;Electronic---Industrial:0.121862,WA:v0:k1:r1,,JB3,0.678922,gPO_sBM_cAll_d10_mPO0_ch01,0.585805,120.967742
10.168000,10.179789900,,hermite,ready,,,,,0,1.0,0,gWA_sBM_cAll_d26_mWA0_ch05,gPO_sBM_cAll_d12_mPO3_ch02,gPO_sBM_cAll_d12_mPO3_ch02,9.176000,gPO_sBM_cAll_d10_mPO0_ch01;gPO_sBM_cAll_d11_mPO0_ch01;gPO_sBM_cAll_d11_mPO0_ch02;gPO_sBM_cAll_d10_mPO0_ch02;gPO_sBM_cAll_d12_mPO3_ch02,,,,,,0.817335098,,0.000000,,,,,,,,,,0.000000,beat-sync,0.752559,0.772849,,-0.000430471,0.331020151,right_wrist_yaw,1.014506907,left_wrist_yaw,0.331020151,right_wrist_yaw,0.939139114,left_wrist_yaw,-0.297157,0.086559,0.959721,0.145784,0.000000000,0.000000000,0.000000000,0.000000000,0.000000000,0.000000000,9.304000,0.000000000,0.000000000,,4.228777,3.665130,104.466615,,0.004978794,0,1,0,5,gPO_sBM_cAll_d10_mPO0_ch01;gPO_sBM_cAll_d11_mPO0_ch01;gPO_sBM_cAll_d11_mPO0_ch02;gPO_sBM_cAll_d10_mPO0_ch02;gPO_sBM_cAll_d12_mPO3_ch02,,51.286900,601.602400,62.409400,4920.014500,accepted,0.866316,,0.863231,0.232230024,35.432814,0.123685,PO,0.724946,0.001745,0.005290,JB3:0.678922;JB5:0.677177;JB1:0.668472;JB2:0.616800;HO5:0.601085,gPO_sBM_cAll_d10_mPO0_ch01:0.585805;gPO_sBM_cAll_d11_mPO0_ch01:0.580515;gPO_sBM_cAll_d11_mPO0_ch02:0.579034;gPO_sBM_cAll_d10_mPO0_ch02:0.578124;gPO_sBM_cAll_d12_mPO5_ch02:0.567124;gPO_sBM_cAll_d12_mPO5_ch01:0.564442;gPO_sBM_cAll_d12_mPO4_ch02:0.563799;gPO_sBM_cAll_d12_mPO3_ch02:0.554625;gPO_sBM_cAll_d12_mPO3_ch01:0.553137;gPO_sBM_cAll_d10_mPO3_ch01:0.552921,Electronic---Techno:0.337149;Electronic---Electro:0.233748;Electronic---EBM:0.139820;Electronic---Ambient:0.123685;Electronic---Industrial:0.121862,WA:v0:k1:r1,,JB3,0.678922,gPO_sBM_cAll_d10_mPO0_ch01,0.585805,120.967742
10.200000,10.213013600,,hermite,ready,,,,,0,1.0,0,gWA_sBM_cAll_d26_mWA0_ch05,gPO_sBM_cAll_d12_mPO3_ch02,gPO_sBM_cAll_d12_mPO3_ch02,9.176000,gPO_sBM_cAll_d10_mPO0_ch01;gPO_sBM_cAll_d11_mPO0_ch01;gPO_sBM_cAll_d11_mPO0_ch02;gPO_sBM_cAll_d10_mPO0_ch02;gPO_sBM_cAll_d12_mPO3_ch02,,,,,,0.819435522,,0.000000,,,,,,,,,,0.000000,beat-sync,0.755084,0.772849,,-0.000376675,0.301547111,right_wrist_yaw,0.982433207,right_wrist_yaw,0.301547111,right_wrist_yaw,1.017491908,right_wrist_yaw,-0.298545,0.096357,0.958830,0.100018,0.000000000,0.000000000,0.000000000,0.000000000,0.000000000,0.000000000,9.304000,0.000000000,0.000000000,,3.855610,3.301128,113.430858,,0.004963626,0,1,0,5,gPO_sBM_cAll_d10_mPO0_ch01;gPO_sBM_cAll_d11_mPO0_ch01;gPO_sBM_cAll_d11_mPO0_ch02;gPO_sBM_cAll_d10_mPO0_ch02;gPO_sBM_cAll_d12_mPO3_ch02,,51.286900,601.602400,62.409400,4920.014500,accepted,0.866316,,0.863231,0.232230024,35.432814,0.123685,PO,0.724946,0.001745,0.005290,JB3:0.678922;JB5:0.677177;JB1:0.668472;JB2:0.616800;HO5:0.601085,gPO_sBM_cAll_d10_mPO0_ch01:0.585805;gPO_sBM_cAll_d11_mPO0_ch01:0.580515;gPO_sBM_cAll_d11_mPO0_ch02:0.579034;gPO_sBM_cAll_d10_mPO0_ch02:0.578124;gPO_sBM_cAll_d12_mPO5_ch02:0.567124;gPO_sBM_cAll_d12_mPO5_ch01:0.564442;gPO_sBM_cAll_d12_mPO4_ch02:0.563799;gPO_sBM_cAll_d12_mPO3_ch02:0.554625;gPO_sBM_cAll_d12_mPO3_ch01:0.553137;gPO_sBM_cAll_d10_mPO3_ch01:0.552921,Electronic---Techno:0.337149;Electronic---Electro:0.233748;Electronic---EBM:0.139820;Electronic---Ambient:0.123685;Electronic---Industrial:0.121862,WA:v0:k1:r1,,JB3,0.678922,gPO_sBM_cAll_d10_mPO0_ch01,0.585805,120.967742
10.200000,10.220806200,,hermite,ready,,,,,0,1.0,0,gWA_sBM_cAll_d26_mWA0_ch05,gPO_sBM_cAll_d12_mPO3_ch02,gPO_sBM_cAll_d12_mPO3_ch02,9.176000,gPO_sBM_cAll_d10_mPO0_ch01;gPO_sBM_cAll_d11_mPO0_ch01;gPO_sBM_cAll_d11_mPO0_ch02;gPO_sBM_cAll_d10_mPO0_ch02;gPO_sBM_cAll_d12_mPO3_ch02,,,,,,0.819987138,,0.000000,,,,,,,,,,0.000000,beat-sync,0.755684,0.772849,,-0.000363723,0.293389890,right_wrist_yaw,0.978866445,right_wrist_yaw,0.293389890,right_wrist_yaw,1.217859118,right_wrist_yaw,-0.298342,0.098943,0.959067,0.088709,0.000000000,0.000000000,0.000000000,0.000000000,0.000000000,0.000000000,9.304000,0.000000000,0.000000000,,4.423550,3.517121,61.027140,,0.004959849,0,1,0,5,gPO_sBM_cAll_d10_mPO0_ch01;gPO_sBM_cAll_d11_mPO0_ch01;gPO_sBM_cAll_d11_mPO0_ch02;gPO_sBM_cAll_d10_mPO0_ch02;gPO_sBM_cAll_d12_mPO3_ch02,,51.286900,601.602400,62.409400,4920.014500,accepted,0.866316,,0.863231,0.232230024,35.432814,0.123685,PO,0.724946,0.001745,0.005290,JB3:0.678922;JB5:0.677177;JB1:0.668472;JB2:0.616800;HO5:0.601085,gPO_sBM_cAll_d10_mPO0_ch01:0.585805;gPO_sBM_cAll_d11_mPO0_ch01:0.580515;gPO_sBM_cAll_d11_mPO0_ch02:0.579034;gPO_sBM_cAll_d10_mPO0_ch02:0.578124;gPO_sBM_cAll_d12_mPO5_ch02:0.567124;gPO_sBM_cAll_d12_mPO5_ch01:0.564442;gPO_sBM_cAll_d12_mPO4_ch02:0.563799;gPO_sBM_cAll_d12_mPO3_ch02:0.554625;gPO_sBM_cAll_d12_mPO3_ch01:0.553137;gPO_sBM_cAll_d10_mPO3_ch01:0.552921,Electronic---Techno:0.337149;Electronic---Electro:0.233748;Electronic---EBM:0.139820;Electronic---Ambient:0.123685;Electronic---Industrial:0.121862,WA:v0:k1:r1,,JB3,0.678922,gPO_sBM_cAll_d10_mPO0_ch01,0.585805,120.967742
10.200000,10.228298600,,hermite,ready,,,,,0,1.0,0,gWA_sBM_cAll_d26_mWA0_ch05,gPO_sBM_cAll_d12_mPO3_ch02,gPO_sBM_cAll_d12_mPO3_ch02,9.176000,gPO_sBM_cAll_d10_mPO0_ch01;gPO_sBM_cAll_d11_mPO0_ch01;gPO_sBM_cAll_d11_mPO0_ch02;gPO_sBM_cAll_d10_mPO0_ch02;gPO_sBM_cAll_d12_mPO3_ch02,,,,,,0.820473376,,0.000000,,,,,,,,,,0.000000,beat-sync,0.756239,0.772849,,-0.000352685,0.285768147,right_wrist_yaw,0.914609177,right_wrist_yaw,0.285768147,right_wrist_yaw,1.259147073,right_wrist_yaw,-0.298163,0.101222,0.959275,0.078742,0.000000000,0.000000000,0.000000000,0.000000000,0.000000000,0.000000000,9.304000,0.000000000,0.000000000,,4.007266,3.258252,65.212805,,0.004956077,0,1,0,5,gPO_sBM_cAll_d10_mPO0_ch01;gPO_sBM_cAll_d11_mPO0_ch01;gPO_sBM_cAll_d11_mPO0_ch02;gPO_sBM_cAll_d10_mPO0_ch02;gPO_sBM_cAll_d12_mPO3_ch02,,51.286900,601.602400,62.409400,4920.014500,accepted,0.866316,,0.863231,0.232230024,35.432814,0.123685,PO,0.724946,0.001745,0.005290,JB3:0.678922;JB5:0.677177;JB1:0.668472;JB2:0.616800;HO5:0.601085,gPO_sBM_cAll_d10_mPO0_ch01:0.585805;gPO_sBM_cAll_d11_mPO0_ch01:0.580515;gPO_sBM_cAll_d11_mPO0_ch02:0.579034;gPO_sBM_cAll_d10_mPO0_ch02:0.578124;gPO_sBM_cAll_d12_mPO5_ch02:0.567124;gPO_sBM_cAll_d12_mPO5_ch01:0.564442;gPO_sBM_cAll_d12_mPO4_ch02:0.563799;gPO_sBM_cAll_d12_mPO3_ch02:0.554625;gPO_sBM_cAll_d12_mPO3_ch01:0.553137;gPO_sBM_cAll_d10_mPO3_ch01:0.552921,Electronic---Techno:0.337149;Electronic---Electro:0.233748;Electronic---EBM:0.139820;Electronic---Ambient:0.123685;Electronic---Industrial:0.121862,WA:v0:k1:r1,,JB3,0.678922,gPO_sBM_cAll_d10_mPO0_ch01,0.585805,120.967742
10.200000,10.237262200,,hermite,ready,,,,,0,1.0,0,gWA_sBM_cAll_d26_mWA0_ch05,gPO_sBM_cAll_d12_mPO3_ch02,gPO_sBM_cAll_d12_mPO3_ch02,9.176000,gPO_sBM_cAll_d10_mPO0_ch01;gPO_sBM_cAll_d11_mPO0_ch01;gPO_sBM_cAll_d11_mPO0_ch02;gPO_sBM_cAll_d10_mPO0_ch02;gPO_sBM_cAll_d12_mPO3_ch02,,,,,,0.820993978,,0.000000,,,,,,,,,,0.000000,beat-sync,0.756757,0.772849,,-0.000341244,0.276768676,right_wrist_yaw,1.079936529,right_wrist_yaw,0.276768676,right_wrist_yaw,1.339585758,right_wrist_yaw,-0.297648,0.103505,0.959593,0.068421,0.000000000,0.000000000,0.000000000,0.000000000,0.000000000,0.000000000,9.304000,0.000000000,0.000000000,,4.083113,3.265450,82.438088,,0.004952311,0,1,0,5,gPO_sBM_cAll_d10_mPO0_ch01;gPO_sBM_cAll_d11_mPO0_ch01;gPO_sBM_cAll_d11_mPO0_ch02;gPO_sBM_cAll_d10_mPO0_ch02;gPO_sBM_cAll_d12_mPO3_ch02,,51.286900,601.602400,62.409400,4920.014500,accepted,0.866316,,0.863231,0.232230024,35.432814,0.123685,PO,0.724946,0.001745,0.005290,JB3:0.678922;JB5:0.677177;JB1:0.668472;JB2:0.616800;HO5:0.601085,gPO_sBM_cAll_d10_mPO0_ch01:0.585805;gPO_sBM_cAll_d11_mPO0_ch01:0.580515;gPO_sBM_cAll_d11_mPO0_ch02:0.579034;gPO_sBM_cAll_d10_mPO0_ch02:0.578124;gPO_sBM_cAll_d12_mPO5_ch02:0.567124;gPO_sBM_cAll_d12_mPO5_ch01:0.564442;gPO_sBM_cAll_d12_mPO4_ch02:0.563799;gPO_sBM_cAll_d12_mPO3_ch02:0.554625;gPO_sBM_cAll_d12_mPO3_ch01:0.553137;gPO_sBM_cAll_d10_mPO3_ch01:0.552921,Electronic---Techno:0.337149;Electronic---Electro:0.233748;Electronic---EBM:0.139820;Electronic---Ambient:0.123685;Electronic---Industrial:0.121862,WA:v0:k1:r1,,JB3,0.678922,gPO_sBM_cAll_d10_mPO0_ch01,0.585805,120.967742
10.232000,10.244783600,,hermite,ready,,,,,0,1.0,0,gWA_sBM_cAll_d26_mWA0_ch05,gPO_sBM_cAll_d12_mPO3_ch02,gPO_sBM_cAll_d12_mPO3_ch02,9.176000,gPO_sBM_cAll_d10_mPO0_ch01;gPO_sBM_cAll_d11_mPO0_ch01;gPO_sBM_cAll_d11_mPO0_ch02;gPO_sBM_cAll_d10_mPO0_ch02;gPO_sBM_cAll_d12_mPO3_ch02,,,,,,0.821514717,,0.000000,,,,,,,,,,0.000000,beat-sync,0.757277,0.772849,,-0.000330180,0.266951973,right_wrist_yaw,1.178004335,right_wrist_yaw,0.266951973,right_wrist_yaw,1.483490666,right_wrist_yaw,-0.297046,0.105746,0.959936,0.058192,0.000000000,0.000000000,0.000000000,0.000000000,0.000000000,0.000000000,9.304000,0.000000000,0.000000000,,4.418872,3.609600,59.773760,,0.004948551,0,1,0,5,gPO_sBM_cAll_d10_mPO0_ch01;gPO_sBM_cAll_d11_mPO0_ch01;gPO_sBM_cAll_d11_mPO0_ch02;gPO_sBM_cAll_d10_mPO0_ch02;gPO_sBM_cAll_d12_mPO3_ch02,,51.286900,601.602400,62.409400,4920.014500,accepted,0.866316,,0.863231,0.232230024,35.432814,0.123685,PO,0.724946,0.001745,0.005290,JB3:0.678922;JB5:0.677177;JB1:0.668472;JB2:0.616800;HO5:0.601085,gPO_sBM_cAll_d10_mPO0_ch01:0.585805;gPO_sBM_cAll_d11_mPO0_ch01:0.580515;gPO_sBM_cAll_d11_mPO0_ch02:0.579034;gPO_sBM_cAll_d10_mPO0_ch02:0.578124;gPO_sBM_cAll_d12_mPO5_ch02:0.567124;gPO_sBM_cAll_d12_mPO5_ch01:0.564442;gPO_sBM_cAll_d12_mPO4_ch02:0.563799;gPO_sBM_cAll_d12_mPO3_ch02:0.554625;gPO_sBM_cAll_d12_mPO3_ch01:0.553137;gPO_sBM_cAll_d10_mPO3_ch01:0.552921,Electronic---Techno:0.337149;Electronic---Electro:0.233748;Electronic---EBM:0.139820;Electronic---Ambient:0.123685;Electronic---Industrial:0.121862,WA:v0:k1:r1,,JB3,0.678922,gPO_sBM_cAll_d10_mPO0_ch01,0.585805,120.967742
10.264000,10.278134500,,hermite,ready,,,,,0,1.0,0,gWA_sBM_cAll_d26_mWA0_ch05,gPO_sBM_cAll_d12_mPO3_ch02,gPO_sBM_cAll_d12_mPO3_ch02,9.176000,gPO_sBM_cAll_d10_mPO0_ch01;gPO_sBM_cAll_d11_mPO0_ch01;gPO_sBM_cAll_d11_mPO0_ch02;gPO_sBM_cAll_d10_mPO0_ch02;gPO_sBM_cAll_d12_mPO3_ch02,,,,,,0.823707226,,0.000000,,,,,,,,,,0.000000,beat-sync,0.807132,0.843254,,0.001743730,0.250028547,left_wrist_yaw,1.067150912,right_wrist_yaw,0.250028547,left_wrist_yaw,1.317704519,right_wrist_yaw,-0.293635,0.114318,0.961747,0.007874,0.000000000,0.000000000,0.000000000,0.000000000,0.000000000,0.000000000,10.232000,0.000000000,0.000000000,,3.811798,3.181708,82.806813,,0.004933567,0,1,0,5,gPO_sBM_cAll_d10_mPO0_ch01;gPO_sBM_cAll_d11_mPO0_ch01;gPO_sBM_cAll_d11_mPO0_ch02;gPO_sBM_cAll_d10_mPO0_ch02;gPO_sBM_cAll_d12_mPO3_ch02,,51.286900,601.602400,62.409400,4920.014500,accepted,0.866316,,0.863231,0.232230024,35.432814,0.123685,PO,0.724946,0.001745,0.005290,JB3:0.678922;JB5:0.677177;JB1:0.668472;JB2:0.616800;HO5:0.601085,gPO_sBM_cAll_d10_mPO0_ch01:0.585805;gPO_sBM_cAll_d11_mPO0_ch01:0.580515;gPO_sBM_cAll_d11_mPO0_ch02:0.579034;gPO_sBM_cAll_d10_mPO0_ch02:0.578124;gPO_sBM_cAll_d12_mPO5_ch02:0.567124;gPO_sBM_cAll_d12_mPO5_ch01:0.564442;gPO_sBM_cAll_d12_mPO4_ch02:0.563799;gPO_sBM_cAll_d12_mPO3_ch02:0.554625;gPO_sBM_cAll_d12_mPO3_ch01:0.553137;gPO_sBM_cAll_d10_mPO3_ch01:0.552921,Electronic---Techno:0.337149;Electronic---Electro:0.233748;Electronic---EBM:0.139820;Electronic---Ambient:0.123685;Electronic---Industrial:0.121862,WA:v0:k1:r1,,JB3,0.678922,gPO_sBM_cAll_d10_mPO0_ch01,0.585805,120.967742
10.296000,10.328492000,beat_limiter_result,hermite,ready,,,,,0,1.0,0,gWA_sBM_cAll_d26_mWA0_ch05,gPO_sBM_cAll_d12_mPO3_ch02,gPO_sBM_cAll_d12_mPO3_ch02,9.176000,gPO_sBM_cAll_d10_mPO0_ch01;gPO_sBM_cAll_d11_mPO0_ch01;gPO_sBM_cAll_d11_mPO0_ch02;gPO_sBM_cAll_d10_mPO0_ch02;gPO_sBM_cAll_d12_mPO3_ch02,,,,,,0.827260322,,0.000000,,,,,,,,,,0.000000,beat-sync,0.865455,0.843254,,0.001474368,0.275029827,left_wrist_yaw,0.857457930,right_wrist_yaw,0.275029827,left_wrist_yaw,0.963691416,right_wrist_yaw,-0.288477,0.124725,0.966316,-0.044342,0.000000000,0.000000000,0.000000000,0.000000000,0.000000000,0.000000000,10.232000,0.000000000,0.000000000,,4.501958,3.729058,46.190496,,0.004911260,0,1,0,5,gPO_sBM_cAll_d10_mPO0_ch01;gPO_sBM_cAll_d11_mPO0_ch01;gPO_sBM_cAll_d11_mPO0_ch02;gPO_sBM_cAll_d10_mPO0_ch02;gPO_sBM_cAll_d12_mPO3_ch02,,51.286900,601.602400,62.409400,4920.014500,accepted,0.866316,,0.863231,0.232230024,35.432814,0.123685,PO,0.724946,0.001745,0.005290,JB3:0.678922;JB5:0.677177;JB1:0.668472;JB2:0.616800;HO5:0.601085,gPO_sBM_cAll_d10_mPO0_ch01:0.585805;gPO_sBM_cAll_d11_mPO0_ch01:0.580515;gPO_sBM_cAll_d11_mPO0_ch02:0.579034;gPO_sBM_cAll_d10_mPO0_ch02:0.578124;gPO_sBM_cAll_d12_mPO5_ch02:0.567124;gPO_sBM_cAll_d12_mPO5_ch01:0.564442;gPO_sBM_cAll_d12_mPO4_ch02:0.563799;gPO_sBM_cAll_d12_mPO3_ch02:0.554625;gPO_sBM_cAll_d12_mPO3_ch01:0.553137;gPO_sBM_cAll_d10_mPO3_ch01:0.552921,Electronic---Techno:0.337149;Electronic---Electro:0.233748;Electronic---EBM:0.139820;Electronic---Ambient:0.123685;Electronic---Industrial:0.121862,WA:v0:k1:r1,,JB3,0.678922,gPO_sBM_cAll_d10_mPO0_ch01,0.585805,120.967742
10.328000,10.353593600,,hermite,ready,,,,,0,1.0,0,gWA_sBM_cAll_d26_mWA0_ch05,gPO_sBM_cAll_d12_mPO3_ch02,gPO_sBM_cAll_d12_mPO3_ch02,9.176000,gPO_sBM_cAll_d10_mPO0_ch01;gPO_sBM_cAll_d11_mPO0_ch01;gPO_sBM_cAll_d11_mPO0_ch02;gPO_sBM_cAll_d10_mPO0_ch02;gPO_sBM_cAll_d12_mPO3_ch02,,,,,,0.829074417,,0.000000,,,,,,,,,,0.000000,beat-sync,0.863953,0.843254,,0.001333270,0.291260672,left_wrist_yaw,0.677599614,left_wrist_yaw,0.291260672,left_wrist_yaw,0.816723575,left_wrist_yaw,-0.286380,0.127574,0.968799,-0.046706,0.000000000,0.000000000,0.000000000,0.000000000,0.000000000,0.000000000,10.232000,0.000000000,0.000000000,,5.761789,4.783652,74.023127,,0.004900181,0,1,0,5,gPO_sBM_cAll_d10_mPO0_ch01;gPO_sBM_cAll_d11_mPO0_ch01;gPO_sBM_cAll_d11_mPO0_ch02;gPO_sBM_cAll_d10_mPO0_ch02;gPO_sBM_cAll_d12_mPO3_ch02,,51.286900,601.602400,62.409400,4920.014500,accepted,0.866316,,0.863231,0.232230024,35.432814,0.123685,PO,0.724946,0.001745,0.005290,JB3:0.678922;JB5:0.677177;JB1:0.668472;JB2:0.616800;HO5:0.601085,gPO_sBM_cAll_d10_mPO0_ch01:0.585805;gPO_sBM_cAll_d11_mPO0_ch01:0.580515;gPO_sBM_cAll_d11_mPO0_ch02:0.579034;gPO_sBM_cAll_d10_mPO0_ch02:0.578124;gPO_sBM_cAll_d12_mPO5_ch02:0.567124;gPO_sBM_cAll_d12_mPO5_ch01:0.564442;gPO_sBM_cAll_d12_mPO4_ch02:0.563799;gPO_sBM_cAll_d12_mPO3_ch02:0.554625;gPO_sBM_cAll_d12_mPO3_ch01:0.553137;gPO_sBM_cAll_d10_mPO3_ch01:0.552921,Electronic---Techno:0.337149;Electronic---Electro:0.233748;Electronic---EBM:0.139820;Electronic---Ambient:0.123685;Electronic---Industrial:0.121862,WA:v0:k1:r1,,JB3,0.678922,gPO_sBM_cAll_d10_mPO0_ch01,0.585805,120.967742
10.360000,10.370381500,,hermite,ready,,,,,0,1.0,0,gWA_sBM_cAll_d26_mWA0_ch05,gPO_sBM_cAll_d12_mPO3_ch02,gPO_sBM_cAll_d12_mPO3_ch02,9.176000,gPO_sBM_cAll_d10_mPO0_ch01;gPO_sBM_cAll_d11_mPO0_ch01;gPO_sBM_cAll_d11_mPO0_ch02;gPO_sBM_cAll_d10_mPO0_ch02;gPO_sBM_cAll_d12_mPO3_ch02,,,,,,0.830272803,,0.000000,,,,,,,,,,0.000000,beat-sync,0.862908,0.843254,,0.001247434,0.300903336,left_wrist_yaw,0.544718638,left_wrist_yaw,0.300903336,left_wrist_yaw,0.785431356,left_wrist_yaw,-0.285193,0.127823,0.970886,-0.042175,0.000000000,0.000000000,0.000000000,0.000000000,0.000000000,0.000000000,10.232000,0.000000000,0.000000000,,6.690028,5.388759,125.943091,,0.004892824,0,1,0,5,gPO_sBM_cAll_d10_mPO0_ch01;gPO_sBM_cAll_d11_mPO0_ch01;gPO_sBM_cAll_d11_mPO0_ch02;gPO_sBM_cAll_d10_mPO0_ch02;gPO_sBM_cAll_d12_mPO3_ch02,,51.286900,601.602400,62.409400,4920.014500,accepted,0.866316,,0.863231,0.232230024,35.432814,0.123685,PO,0.724946,0.001745,0.005290,JB3:0.678922;JB5:0.677177;JB1:0.668472;JB2:0.616800;HO5:0.601085,gPO_sBM_cAll_d10_mPO0_ch01:0.585805;gPO_sBM_cAll_d11_mPO0_ch01:0.580515;gPO_sBM_cAll_d11_mPO0_ch02:0.579034;gPO_sBM_cAll_d10_mPO0_ch02:0.578124;gPO_sBM_cAll_d12_mPO5_ch02:0.567124;gPO_sBM_cAll_d12_mPO5_ch01:0.564442;gPO_sBM_cAll_d12_mPO4_ch02:0.563799;gPO_sBM_cAll_d12_mPO3_ch02:0.554625;gPO_sBM_cAll_d12_mPO3_ch01:0.553137;gPO_sBM_cAll_d10_mPO3_ch01:0.552921,Electronic---Techno:0.337149;Electronic---Electro:0.233748;Electronic---EBM:0.139820;Electronic---Ambient:0.123685;Electronic---Industrial:0.121862,WA:v0:k1:r1,,JB3,0.678922,gPO_sBM_cAll_d10_mPO0_ch01,0.585805,120.967742
10.360000,10.403188100,match,hermite,ready,,,,,0,1.0,0,gWA_sBM_cAll_d26_mWA0_ch05,gPO_sBM_cAll_d12_mPO3_ch02,gPO_sBM_cAll_d12_mPO3_ch02,10.200000,gPO_sBM_cAll_d10_mPO0_ch01;gPO_sBM_cAll_d11_mPO0_ch01;gPO_sBM_cAll_d11_mPO0_ch02;gPO_sBM_cAll_d10_mPO0_ch02;gPO_sBM_cAll_d12_mPO3_ch02,,,,,,0.832653236,,0.000000,,,,,,,,,,0.000000,beat-sync,0.861130,0.843254,,0.001092744,0.308245460,left_wrist_yaw,0.829468687,right_wrist_yaw,0.308245460,left_wrist_yaw,1.157286208,right_wrist_yaw,-0.282195,0.125384,0.976173,-0.029782,0.000000000,0.000000000,0.000000000,0.000000000,0.000000000,0.000000000,10.232000,0.000000000,0.000000000,,6.350705,5.060906,115.470890,,0.004878175,0,1,0,5,gPO_sBM_cAll_d10_mPO0_ch01;gPO_sBM_cAll_d11_mPO0_ch01;gPO_sBM_cAll_d11_mPO0_ch02;gPO_sBM_cAll_d10_mPO0_ch02;gPO_sBM_cAll_d12_mPO3_ch02,,51.286900,601.602400,62.409400,4920.014500,accepted,0.561802,,0.872405,0.235121872,34.518203,0.122156,HO,0.739618,0.002339,0.002826,JB3:0.678553;JB5:0.676214;JB1:0.665015;JB2:0.615575;HO5:0.604609,gHO_sBM_cAll_d20_mHO5_ch10:0.665760;gHO_sBM_cAll_d21_mHO5_ch10:0.662934;gHO_sBM_cAll_d20_mHO5_ch06:0.662848;gHO_sBM_cAll_d21_mHO5_ch09:0.661733;gHO_sBM_cAll_d21_mHO5_ch03:0.654125;gHO_sBM_cAll_d21_mHO5_ch05:0.647638;gHO_sBM_cAll_d20_mHO5_ch05:0.644517;gHO_sBM_cAll_d21_mHO5_ch02:0.644121;gHO_sBM_cAll_d20_mHO5_ch04:0.643571;gHO_sBM_cAll_d21_mHO5_ch04:0.641417,Electronic---Techno:0.336500;Electronic---Electro:0.221819;Electronic---EBM:0.125628;Electronic---Ambient:0.122156;Electronic---Synthwave:0.104314,WA:v0:k1:r1,,JB3,0.678553,gHO_sBM_cAll_d20_mHO5_ch10,0.665760,120.967742
10.424000,10.444753400,,hermite,ready,,,,,0,1.0,0,gWA_sBM_cAll_d26_mWA0_ch05,gPO_sBM_cAll_d12_mPO3_ch02,gPO_sBM_cAll_d12_mPO3_ch02,10.200000,gPO_sBM_cAll_d10_mPO0_ch01;gPO_sBM_cAll_d11_mPO0_ch01;gPO_sBM_cAll_d11_mPO0_ch02;gPO_sBM_cAll_d10_mPO0_ch02;gPO_sBM_cAll_d12_mPO3_ch02,,,,,,0.835654722,,0.000000,,,,,,,,,,0.000000,beat-sync,0.859093,0.843254,,0.000924391,0.287048789,left_wrist_yaw,0.937042359,right_wrist_yaw,0.287048789,left_wrist_yaw,1.073934663,right_wrist_yaw,-0.278634,0.122049,0.980681,0.001265,0.000000000,0.000000000,0.000000000,0.000000000,0.000000000,0.000000000,10.232000,0.000000000,0.000000000,,6.092185,5.132717,64.250892,,0.004859986,0,1,0,5,gPO_sBM_cAll_d10_mPO0_ch01;gPO_sBM_cAll_d11_mPO0_ch01;gPO_sBM_cAll_d11_mPO0_ch02;gPO_sBM_cAll_d10_mPO0_ch02;gPO_sBM_cAll_d12_mPO3_ch02,,51.286900,601.602400,62.409400,4920.014500,accepted,0.561802,,0.872405,0.235121872,34.518203,0.122156,HO,0.739618,0.002339,0.002826,JB3:0.678553;JB5:0.676214;JB1:0.665015;JB2:0.615575;HO5:0.604609,gHO_sBM_cAll_d20_mHO5_ch10:0.665760;gHO_sBM_cAll_d21_mHO5_ch10:0.662934;gHO_sBM_cAll_d20_mHO5_ch06:0.662848;gHO_sBM_cAll_d21_mHO5_ch09:0.661733;gHO_sBM_cAll_d21_mHO5_ch03:0.654125;gHO_sBM_cAll_d21_mHO5_ch05:0.647638;gHO_sBM_cAll_d20_mHO5_ch05:0.644517;gHO_sBM_cAll_d21_mHO5_ch02:0.644121;gHO_sBM_cAll_d20_mHO5_ch04:0.643571;gHO_sBM_cAll_d21_mHO5_ch04:0.641417,Electronic---Techno:0.336500;Electronic---Electro:0.221819;Electronic---EBM:0.125628;Electronic---Ambient:0.122156;Electronic---Synthwave:0.104314,WA:v0:k1:r1,,JB3,0.678553,gHO_sBM_cAll_d20_mHO5_ch10,0.665760,120.967742
10.456000,10.478408000,,hermite,ready,,,,,0,1.0,0,gWA_sBM_cAll_d26_mWA0_ch05,gPO_sBM_cAll_d12_mPO3_ch02,gPO_sBM_cAll_d12_mPO3_ch02,10.200000,gPO_sBM_cAll_d10_mPO0_ch01;gPO_sBM_cAll_d11_mPO0_ch01;gPO_sBM_cAll_d11_mPO0_ch02;gPO_sBM_cAll_d10_mPO0_ch02;gPO_sBM_cAll_d12_mPO3_ch02,,,,,,0.838037771,,0.000000,,,,,,,,,,0.000000,beat-sync,0.857581,0.843254,,0.000809181,0.262511130,left_wrist_yaw,0.928317250,right_wrist_yaw,0.262511130,left_wrist_yaw,1.097146090,right_wrist_yaw,-0.276197,0.119112,0.982330,0.042055,0.000000000,0.000000000,0.000000000,0.000000000,0.000000000,0.000000000,10.232000,0.000000000,0.000000000,,6.439668,5.391623,142.311202,,0.004845533,0,1,0,5,gPO_sBM_cAll_d10_mPO0_ch01;gPO_sBM_cAll_d11_mPO0_ch01;gPO_sBM_cAll_d11_mPO0_ch02;gPO_sBM_cAll_d10_mPO0_ch02;gPO_sBM_cAll_d12_mPO3_ch02,,51.286900,601.602400,62.409400,4920.014500,accepted,0.561802,,0.872405,0.235121872,34.518203,0.122156,HO,0.739618,0.002339,0.002826,JB3:0.678553;JB5:0.676214;JB1:0.665015;JB2:0.615575;HO5:0.604609,gHO_sBM_cAll_d20_mHO5_ch10:0.665760;gHO_sBM_cAll_d21_mHO5_ch10:0.662934;gHO_sBM_cAll_d20_mHO5_ch06:0.662848;gHO_sBM_cAll_d21_mHO5_ch09:0.661733;gHO_sBM_cAll_d21_mHO5_ch03:0.654125;gHO_sBM_cAll_d21_mHO5_ch05:0.647638;gHO_sBM_cAll_d20_mHO5_ch05:0.644517;gHO_sBM_cAll_d21_mHO5_ch02:0.644121;gHO_sBM_cAll_d20_mHO5_ch04:0.643571;gHO_sBM_cAll_d21_mHO5_ch04:0.641417,Electronic---Techno:0.336500;Electronic---Electro:0.221819;Electronic---EBM:0.125628;Electronic---Ambient:0.122156;Electronic---Synthwave:0.104314,WA:v0:k1:r1,,JB3,0.678553,gHO_sBM_cAll_d20_mHO5_ch10,0.665760,120.967742
10.520000,10.536443100,,hermite,ready,,,,,0,1.0,0,gWA_sBM_cAll_d26_mWA0_ch05,gPO_sBM_cAll_d12_mPO3_ch02,gPO_sBM_cAll_d12_mPO3_ch02,10.200000,gPO_sBM_cAll_d10_mPO0_ch01;gPO_sBM_cAll_d11_mPO0_ch01;gPO_sBM_cAll_d11_mPO0_ch02;gPO_sBM_cAll_d10_mPO0_ch02;gPO_sBM_cAll_d12_mPO3_ch02,,,,,,0.842222234,,0.000000,,,,,,,,,,0.000000,beat-sync,0.855215,0.843254,,0.000640186,0.302108021,right_wrist_yaw,2.214826951,left_wrist_yaw,0.302108021,right_wrist_yaw,2.589568602,left_wrist_yaw,-0.272459,0.116707,0.985841,0.089913,0.000000000,0.000000000,0.000000000,0.000000000,0.000000000,0.000000000,10.232000,0.000000000,0.000000000,,6.866072,5.831347,163.410926,,0.004820445,0,1,0,5,gPO_sBM_cAll_d10_mPO0_ch01;gPO_sBM_cAll_d11_mPO0_ch01;gPO_sBM_cAll_d11_mPO0_ch02;gPO_sBM_cAll_d10_mPO0_ch02;gPO_sBM_cAll_d12_mPO3_ch02,,51.286900,601.602400,62.409400,4920.014500,accepted,0.561802,,0.872405,0.235121872,34.518203,0.122156,HO,0.739618,0.002339,0.002826,JB3:0.678553;JB5:0.676214;JB1:0.665015;JB2:0.615575;HO5:0.604609,gHO_sBM_cAll_d20_mHO5_ch10:0.665760;gHO_sBM_cAll_d21_mHO5_ch10:0.662934;gHO_sBM_cAll_d20_mHO5_ch06:0.662848;gHO_sBM_cAll_d21_mHO5_ch09:0.661733;gHO_sBM_cAll_d21_mHO5_ch03:0.654125;gHO_sBM_cAll_d21_mHO5_ch05:0.647638;gHO_sBM_cAll_d20_mHO5_ch05:0.644517;gHO_sBM_cAll_d21_mHO5_ch02:0.644121;gHO_sBM_cAll_d20_mHO5_ch04:0.643571;gHO_sBM_cAll_d21_mHO5_ch04:0.641417,Electronic---Techno:0.336500;Electronic---Electro:0.221819;Electronic---EBM:0.125628;Electronic---Ambient:0.122156;Electronic---Synthwave:0.104314,WA:v0:k1:r1,,JB3,0.678553,gHO_sBM_cAll_d20_mHO5_ch10,0.665760,120.967742
10.552000,10.570026900,,hermite,ready,,,,,0,1.0,0,gWA_sBM_cAll_d26_mWA0_ch05,gPO_sBM_cAll_d12_mPO3_ch02,gPO_sBM_cAll_d12_mPO3_ch02,10.200000,gPO_sBM_cAll_d10_mPO0_ch01;gPO_sBM_cAll_d11_mPO0_ch01;gPO_sBM_cAll_d11_mPO0_ch02;gPO_sBM_cAll_d10_mPO0_ch02;gPO_sBM_cAll_d12_mPO3_ch02,,,,,,0.844585700,,0.000000,,,,,,,,,,0.000000,beat-sync,0.854034,0.843254,,0.000560693,0.328400750,right_wrist_yaw,1.338959052,left_wrist_yaw,0.328400750,right_wrist_yaw,1.550280950,left_wrist_yaw,-0.270187,0.116720,0.989605,0.089111,0.000000000,0.000000000,0.000000000,0.000000000,0.000000000,0.000000000,10.232000,0.000000000,0.000000000,,4.575909,3.835318,342.231840,,0.004806225,0,1,0,5,gPO_sBM_cAll_d10_mPO0_ch01;gPO_sBM_cAll_d11_mPO0_ch01;gPO_sBM_cAll_d11_mPO0_ch02;gPO_sBM_cAll_d10_mPO0_ch02;gPO_sBM_cAll_d12_mPO3_ch02,,51.286900,601.602400,62.409400,4920.014500,accepted,0.561802,,0.872405,0.235121872,34.518203,0.122156,HO,0.739618,0.002339,0.002826,JB3:0.678553;JB5:0.676214;JB1:0.665015;JB2:0.615575;HO5:0.604609,gHO_sBM_cAll_d20_mHO5_ch10:0.665760;gHO_sBM_cAll_d21_mHO5_ch10:0.662934;gHO_sBM_cAll_d20_mHO5_ch06:0.662848;gHO_sBM_cAll_d21_mHO5_ch09:0.661733;gHO_sBM_cAll_d21_mHO5_ch03:0.654125;gHO_sBM_cAll_d21_mHO5_ch05:0.647638;gHO_sBM_cAll_d20_mHO5_ch05:0.644517;gHO_sBM_cAll_d21_mHO5_ch02:0.644121;gHO_sBM_cAll_d20_mHO5_ch04:0.643571;gHO_sBM_cAll_d21_mHO5_ch04:0.641417,Electronic---Techno:0.336500;Electronic---Electro:0.221819;Electronic---EBM:0.125628;Electronic---Ambient:0.122156;Electronic---Synthwave:0.104314,WA:v0:k1:r1,,JB3,0.678553,gHO_sBM_cAll_d20_mHO5_ch10,0.665760,120.967742
10.616000,10.636716800,,hermite,ready,,,,,0,1.0,0,gWA_sBM_cAll_d26_mWA0_ch05,gPO_sBM_cAll_d12_mPO3_ch02,gPO_sBM_cAll_d12_mPO3_ch02,10.200000,gPO_sBM_cAll_d10_mPO0_ch01;gPO_sBM_cAll_d11_mPO0_ch01;gPO_sBM_cAll_d11_mPO0_ch02;gPO_sBM_cAll_d10_mPO0_ch02;gPO_sBM_cAll_d12_mPO3_ch02,,,,,,0.849348383,,0.000000,,,,,,,,,,0.000000,beat-sync,0.851965,0.843254,,0.000429012,0.297923939,right_wrist_yaw,10.759477071,left_wrist_yaw,0.297923939,right_wrist_yaw,13.780632748,left_wrist_yaw,-0.262193,0.113928,1.000880,0.029618,0.000000000,0.000000000,0.000000000,0.000000000,0.000000000,0.000000000,10.232000,0.000000000,0.000000000,,14.065160,11.587515,909.612535,,0.004778036,0,1,0,5,gPO_sBM_cAll_d10_mPO0_ch01;gPO_sBM_cAll_d11_mPO0_ch01;gPO_sBM_cAll_d11_mPO0_ch02;gPO_sBM_cAll_d10_mPO0_ch02;gPO_sBM_cAll_d12_mPO3_ch02,,51.286900,601.602400,62.409400,4920.014500,accepted,0.561802,,0.872405,0.235121872,34.518203,0.122156,HO,0.739618,0.002339,0.002826,JB3:0.678553;JB5:0.676214;JB1:0.665015;JB2:0.615575;HO5:0.604609,gHO_sBM_cAll_d20_mHO5_ch10:0.665760;gHO_sBM_cAll_d21_mHO5_ch10:0.662934;gHO_sBM_cAll_d20_mHO5_ch06:0.662848;gHO_sBM_cAll_d21_mHO5_ch09:0.661733;gHO_sBM_cAll_d21_mHO5_ch03:0.654125;gHO_sBM_cAll_d21_mHO5_ch05:0.647638;gHO_sBM_cAll_d20_mHO5_ch05:0.644517;gHO_sBM_cAll_d21_mHO5_ch02:0.644121;gHO_sBM_cAll_d20_mHO5_ch04:0.643571;gHO_sBM_cAll_d21_mHO5_ch04:0.641417,Electronic---Techno:0.336500;Electronic---Electro:0.221819;Electronic---EBM:0.125628;Electronic---Ambient:0.122156;Electronic---Synthwave:0.104314,WA:v0:k1:r1,,JB3,0.678553,gHO_sBM_cAll_d20_mHO5_ch10,0.665760,120.967742
10.680000,10.695280600,,hermite,ready,,,,,0,1.0,0,gWA_sBM_cAll_d26_mWA0_ch05,gPO_sBM_cAll_d12_mPO3_ch02,gPO_sBM_cAll_d12_mPO3_ch02,10.200000,gPO_sBM_cAll_d10_mPO0_ch01;gPO_sBM_cAll_d11_mPO0_ch01;gPO_sBM_cAll_d11_mPO0_ch02;gPO_sBM_cAll_d10_mPO0_ch02;gPO_sBM_cAll_d12_mPO3_ch02,,,,,,0.853483513,,0.000000,,,,,,,,,,0.000000,beat-sync,0.850451,0.843254,,0.000339879,0.280934520,right_wrist_yaw,1.391745096,right_wrist_yaw,0.280934520,right_wrist_yaw,1.511537463,right_wrist_yaw,-0.253035,0.105832,1.008281,-0.020247,0.000000000,0.000000000,0.000000000,0.000000000,0.000000000,0.000000000,10.232000,0.000000000,0.000000000,,1.630480,1.404980,126.193528,,0.004753641,0,1,0,5,gPO_sBM_cAll_d10_mPO0_ch01;gPO_sBM_cAll_d11_mPO0_ch01;gPO_sBM_cAll_d11_mPO0_ch02;gPO_sBM_cAll_d10_mPO0_ch02;gPO_sBM_cAll_d12_mPO3_ch02,,51.286900,601.602400,62.409400,4920.014500,accepted,0.561802,,0.872405,0.235121872,34.518203,0.122156,HO,0.739618,0.002339,0.002826,JB3:0.678553;JB5:0.676214;JB1:0.665015;JB2:0.615575;HO5:0.604609,gHO_sBM_cAll_d20_mHO5_ch10:0.665760;gHO_sBM_cAll_d21_mHO5_ch10:0.662934;gHO_sBM_cAll_d20_mHO5_ch06:0.662848;gHO_sBM_cAll_d21_mHO5_ch09:0.661733;gHO_sBM_cAll_d21_mHO5_ch03:0.654125;gHO_sBM_cAll_d21_mHO5_ch05:0.647638;gHO_sBM_cAll_d20_mHO5_ch05:0.644517;gHO_sBM_cAll_d21_mHO5_ch02:0.644121;gHO_sBM_cAll_d20_mHO5_ch04:0.643571;gHO_sBM_cAll_d21_mHO5_ch04:0.641417,Electronic---Techno:0.336500;Electronic---Electro:0.221819;Electronic---EBM:0.125628;Electronic---Ambient:0.122156;Electronic---Synthwave:0.104314,WA:v0:k1:r1,,JB3,0.678553,gHO_sBM_cAll_d20_mHO5_ch10,0.665760,120.967742
10.712000,10.728084500,,hermite,ready,,,,,0,1.0,0,gWA_sBM_cAll_d26_mWA0_ch05,gPO_sBM_cAll_d12_mPO3_ch02,gPO_sBM_cAll_d12_mPO3_ch02,10.200000,gPO_sBM_cAll_d10_mPO0_ch01;gPO_sBM_cAll_d11_mPO0_ch01;gPO_sBM_cAll_d11_mPO0_ch02;gPO_sBM_cAll_d10_mPO0_ch02;gPO_sBM_cAll_d12_mPO3_ch02,,,,,,0.855847961,,0.000000,,,,,,,,,,0.000000,beat-sync,0.849706,0.843254,,0.000297451,0.207155306,left_wrist_roll,3.159008214,right_wrist_yaw,0.207155306,left_wrist_roll,5.578172282,right_wrist_yaw,-0.246954,0.097996,1.011263,-0.016604,0.000000000,0.000000000,0.000000000,0.000000000,0.000000000,0.000000000,10.232000,0.000000000,0.000000000,,11.375105,9.042639,381.428530,,0.004739812,0,1,0,5,gPO_sBM_cAll_d10_mPO0_ch01;gPO_sBM_cAll_d11_mPO0_ch01;gPO_sBM_cAll_d11_mPO0_ch02;gPO_sBM_cAll_d10_mPO0_ch02;gPO_sBM_cAll_d12_mPO3_ch02,,51.286900,601.602400,62.409400,4920.014500,accepted,0.561802,,0.872405,0.235121872,34.518203,0.122156,HO,0.739618,0.002339,0.002826,JB3:0.678553;JB5:0.676214;JB1:0.665015;JB2:0.615575;HO5:0.604609,gHO_sBM_cAll_d20_mHO5_ch10:0.665760;gHO_sBM_cAll_d21_mHO5_ch10:0.662934;gHO_sBM_cAll_d20_mHO5_ch06:0.662848;gHO_sBM_cAll_d21_mHO5_ch09:0.661733;gHO_sBM_cAll_d21_mHO5_ch03:0.654125;gHO_sBM_cAll_d21_mHO5_ch05:0.647638;gHO_sBM_cAll_d20_mHO5_ch05:0.644517;gHO_sBM_cAll_d21_mHO5_ch02:0.644121;gHO_sBM_cAll_d20_mHO5_ch04:0.643571;gHO_sBM_cAll_d21_mHO5_ch04:0.641417,Electronic---Techno:0.336500;Electronic---Electro:0.221819;Electronic---EBM:0.125628;Electronic---Ambient:0.122156;Electronic---Synthwave:0.104314,WA:v0:k1:r1,,JB3,0.678553,gHO_sBM_cAll_d20_mHO5_ch10,0.665760,120.967742
10.776000,10.788151800,,hermite,ready,,,,,0,1.0,0,gWA_sBM_cAll_d26_mWA0_ch05,gPO_sBM_cAll_d12_mPO3_ch02,gPO_sBM_cAll_d12_mPO3_ch02,10.200000,gPO_sBM_cAll_d10_mPO0_ch01;gPO_sBM_cAll_d11_mPO0_ch01;gPO_sBM_cAll_d11_mPO0_ch02;gPO_sBM_cAll_d10_mPO0_ch02;gPO_sBM_cAll_d12_mPO3_ch02,,,,,,0.860037736,,0.000000,,,,,,,,,,0.000000,beat-sync,0.848570,0.843254,,0.000234794,0.213200934,left_wrist_roll,3.964132311,left_wrist_yaw,0.213200934,left_wrist_roll,3.850032739,left_wrist_yaw,-0.237319,0.079007,1.016222,0.008106,0.000000000,0.000000000,0.000000000,0.000000000,0.000000000,0.000000000,10.232000,0.000000000,0.000000000,,6.677904,5.654245,536.935809,,0.004715804,0,1,0,5,gPO_sBM_cAll_d10_mPO0_ch01;gPO_sBM_cAll_d11_mPO0_ch01;gPO_sBM_cAll_d11_mPO0_ch02;gPO_sBM_cAll_d10_mPO0_ch02;gPO_sBM_cAll_d12_mPO3_ch02,,51.286900,601.602400,62.409400,4920.014500,accepted,0.561802,,0.872405,0.235121872,34.518203,0.122156,HO,0.739618,0.002339,0.002826,JB3:0.678553;JB5:0.676214;JB1:0.665015;JB2:0.615575;HO5:0.604609,gHO_sBM_cAll_d20_mHO5_ch10:0.665760;gHO_sBM_cAll_d21_mHO5_ch10:0.662934;gHO_sBM_cAll_d20_mHO5_ch06:0.662848;gHO_sBM_cAll_d21_mHO5_ch09:0.661733;gHO_sBM_cAll_d21_mHO5_ch03:0.654125;gHO_sBM_cAll_d21_mHO5_ch05:0.647638;gHO_sBM_cAll_d20_mHO5_ch05:0.644517;gHO_sBM_cAll_d21_mHO5_ch02:0.644121;gHO_sBM_cAll_d20_mHO5_ch04:0.643571;gHO_sBM_cAll_d21_mHO5_ch04:0.641417,Electronic---Techno:0.336500;Electronic---Electro:0.221819;Electronic---EBM:0.125628;Electronic---Ambient:0.122156;Electronic---Synthwave:0.104314,WA:v0:k1:r1,,JB3,0.678553,gHO_sBM_cAll_d20_mHO5_ch10,0.665760,120.967742
10.808000,10.820683200,,hermite,ready,,,,,0,1.0,0,gWA_sBM_cAll_d26_mWA0_ch05,gPO_sBM_cAll_d12_mPO3_ch02,gPO_sBM_cAll_d12_mPO3_ch02,10.200000,gPO_sBM_cAll_d10_mPO0_ch01;gPO_sBM_cAll_d11_mPO0_ch01;gPO_sBM_cAll_d11_mPO0_ch02;gPO_sBM_cAll_d10_mPO0_ch02;gPO_sBM_cAll_d12_mPO3_ch02,,,,,,0.862329045,,0.000000,,,,,,,,,,0.000000,beat-sync,0.847990,0.843254,,0.000206277,0.225437888,left_wrist_yaw,0.773046039,right_wrist_yaw,0.225437888,left_wrist_yaw,0.824909766,right_wrist_yaw,-0.234876,0.070616,1.015329,0.008333,0.000000000,0.000000000,0.000000000,0.000000000,0.000000000,0.000000000,10.232000,0.000000000,0.000000000,,2.434372,2.114493,262.113448,,0.004702194,0,1,0,5,gPO_sBM_cAll_d10_mPO0_ch01;gPO_sBM_cAll_d11_mPO0_ch01;gPO_sBM_cAll_d11_mPO0_ch02;gPO_sBM_cAll_d10_mPO0_ch02;gPO_sBM_cAll_d12_mPO3_ch02,,51.286900,601.602400,62.409400,4920.014500,accepted,0.561802,,0.872405,0.235121872,34.518203,0.122156,HO,0.739618,0.002339,0.002826,JB3:0.678553;JB5:0.676214;JB1:0.665015;JB2:0.615575;HO5:0.604609,gHO_sBM_cAll_d20_mHO5_ch10:0.665760;gHO_sBM_cAll_d21_mHO5_ch10:0.662934;gHO_sBM_cAll_d20_mHO5_ch06:0.662848;gHO_sBM_cAll_d21_mHO5_ch09:0.661733;gHO_sBM_cAll_d21_mHO5_ch03:0.654125;gHO_sBM_cAll_d21_mHO5_ch05:0.647638;gHO_sBM_cAll_d20_mHO5_ch05:0.644517;gHO_sBM_cAll_d21_mHO5_ch02:0.644121;gHO_sBM_cAll_d20_mHO5_ch04:0.643571;gHO_sBM_cAll_d21_mHO5_ch04:0.641417,Electronic---Techno:0.336500;Electronic---Electro:0.221819;Electronic---EBM:0.125628;Electronic---Ambient:0.122156;Electronic---Synthwave:0.104314,WA:v0:k1:r1,,JB3,0.678553,gHO_sBM_cAll_d20_mHO5_ch10,0.665760,120.967742
10.872000,10.877915700,,hermite,ready,,,,,0,1.0,0,gWA_sBM_cAll_d26_mWA0_ch05,gPO_sBM_cAll_d12_mPO3_ch02,gPO_sBM_cAll_d12_mPO3_ch02,10.200000,gPO_sBM_cAll_d10_mPO0_ch01;gPO_sBM_cAll_d11_mPO0_ch01;gPO_sBM_cAll_d11_mPO0_ch02;gPO_sBM_cAll_d10_mPO0_ch02;gPO_sBM_cAll_d12_mPO3_ch02,,,,,,0.866466191,,0.000000,,,,,,,,,,0.000000,beat-sync,0.847144,0.843254,,0.000163241,0.225586549,left_wrist_yaw,0.001212325,right_wrist_roll,0.225586549,left_wrist_yaw,0.001352636,right_wrist_roll,-0.234342,0.062805,1.010021,-0.001220,0.000000000,0.000000000,0.000000000,0.000000000,0.000000000,0.000000000,10.232000,0.000000000,0.000000000,,0.076992,0.066429,7.177103,,0.004678565,0,1,0,5,gPO_sBM_cAll_d10_mPO0_ch01;gPO_sBM_cAll_d11_mPO0_ch01;gPO_sBM_cAll_d11_mPO0_ch02;gPO_sBM_cAll_d10_mPO0_ch02;gPO_sBM_cAll_d12_mPO3_ch02,,51.286900,601.602400,62.409400,4920.014500,accepted,0.561802,,0.872405,0.235121872,34.518203,0.122156,HO,0.739618,0.002339,0.002826,JB3:0.678553;JB5:0.676214;JB1:0.665015;JB2:0.615575;HO5:0.604609,gHO_sBM_cAll_d20_mHO5_ch10:0.665760;gHO_sBM_cAll_d21_mHO5_ch10:0.662934;gHO_sBM_cAll_d20_mHO5_ch06:0.662848;gHO_sBM_cAll_d21_mHO5_ch09:0.661733;gHO_sBM_cAll_d21_mHO5_ch03:0.654125;gHO_sBM_cAll_d21_mHO5_ch05:0.647638;gHO_sBM_cAll_d20_mHO5_ch05:0.644517;gHO_sBM_cAll_d21_mHO5_ch02:0.644121;gHO_sBM_cAll_d20_mHO5_ch04:0.643571;gHO_sBM_cAll_d21_mHO5_ch04:0.641417,Electronic---Techno:0.336500;Electronic---Electro:0.221819;Electronic---EBM:0.125628;Electronic---Ambient:0.122156;Electronic---Synthwave:0.104314,WA:v0:k1:r1,,JB3,0.678553,gHO_sBM_cAll_d20_mHO5_ch10,0.665760,120.967742
10.904000,10.910693900,,hermite,ready,,,,,0,1.0,0,gWA_sBM_cAll_d26_mWA0_ch05,gPO_sBM_cAll_d12_mPO3_ch02,gPO_sBM_cAll_d12_mPO3_ch02,10.200000,gPO_sBM_cAll_d10_mPO0_ch01;gPO_sBM_cAll_d11_mPO0_ch01;gPO_sBM_cAll_d11_mPO0_ch02;gPO_sBM_cAll_d10_mPO0_ch02;gPO_sBM_cAll_d12_mPO3_ch02,,,,,,0.868792091,,0.000000,,,,,,,,,,0.000000,beat-sync,0.846718,0.843254,,0.000143105,0.225000038,left_wrist_yaw,0.056985701,left_wrist_yaw,0.225000038,left_wrist_yaw,0.075381500,left_wrist_yaw,-0.235426,0.058075,1.002123,0.016459,0.000000000,0.000000000,0.000000000,0.000000000,0.000000000,0.000000000,10.232000,0.000000000,0.000000000,,0.312927,0.264504,32.197491,,0.004665169,0,1,0,5,gPO_sBM_cAll_d10_mPO0_ch01;gPO_sBM_cAll_d11_mPO0_ch01;gPO_sBM_cAll_d11_mPO0_ch02;gPO_sBM_cAll_d10_mPO0_ch02;gPO_sBM_cAll_d12_mPO3_ch02,,51.286900,601.602400,62.409400,4920.014500,accepted,0.561802,,0.872405,0.235121872,34.518203,0.122156,HO,0.739618,0.002339,0.002826,JB3:0.678553;JB5:0.676214;JB1:0.665015;JB2:0.615575;HO5:0.604609,gHO_sBM_cAll_d20_mHO5_ch10:0.665760;gHO_sBM_cAll_d21_mHO5_ch10:0.662934;gHO_sBM_cAll_d20_mHO5_ch06:0.662848;gHO_sBM_cAll_d21_mHO5_ch09:0.661733;gHO_sBM_cAll_d21_mHO5_ch03:0.654125;gHO_sBM_cAll_d21_mHO5_ch05:0.647638;gHO_sBM_cAll_d20_mHO5_ch05:0.644517;gHO_sBM_cAll_d21_mHO5_ch02:0.644121;gHO_sBM_cAll_d20_mHO5_ch04:0.643571;gHO_sBM_cAll_d21_mHO5_ch04:0.641417,Electronic---Techno:0.336500;Electronic---Electro:0.221819;Electronic---EBM:0.125628;Electronic---Ambient:0.122156;Electronic---Synthwave:0.104314,WA:v0:k1:r1,,JB3,0.678553,gHO_sBM_cAll_d20_mHO5_ch10,0.665760,120.967742
10.968000,10.986209000,,hermite,ready,,,,,0,1.0,0,gWA_sBM_cAll_d26_mWA0_ch05,gPO_sBM_cAll_d12_mPO3_ch02,gPO_sBM_cAll_d12_mPO3_ch02,10.200000,gPO_sBM_cAll_d10_mPO0_ch01;gPO_sBM_cAll_d11_mPO0_ch01;gPO_sBM_cAll_d11_mPO0_ch02;gPO_sBM_cAll_d10_mPO0_ch02;gPO_sBM_cAll_d12_mPO3_ch02,,,,,,0.874108568,,0.000000,,,,,,,,,,0.000000,beat-sync,0.845926,0.843254,,0.000105895,0.175207978,right_wrist_yaw,3.131875062,left_wrist_yaw,0.175207978,right_wrist_yaw,3.693336000,left_wrist_yaw,-0.236536,0.047262,0.973812,-0.033928,0.000000000,0.000000000,0.000000000,0.000000000,0.000000000,0.000000000,10.232000,0.000000000,0.000000000,,9.784485,8.349280,501.905703,,0.004635307,0,1,0,5,gPO_sBM_cAll_d10_mPO0_ch01;gPO_sBM_cAll_d11_mPO0_ch01;gPO_sBM_cAll_d11_mPO0_ch02;gPO_sBM_cAll_d10_mPO0_ch02;gPO_sBM_cAll_d12_mPO3_ch02,,51.286900,601.602400,62.409400,4920.014500,accepted,0.561802,,0.872405,0.235121872,34.518203,0.122156,HO,0.739618,0.002339,0.002826,JB3:0.678553;JB5:0.676214;JB1:0.665015;JB2:0.615575;HO5:0.604609,gHO_sBM_cAll_d20_mHO5_ch10:0.665760;gHO_sBM_cAll_d21_mHO5_ch10:0.662934;gHO_sBM_cAll_d20_mHO5_ch06:0.662848;gHO_sBM_cAll_d21_mHO5_ch09:0.661733;gHO_sBM_cAll_d21_mHO5_ch03:0.654125;gHO_sBM_cAll_d21_mHO5_ch05:0.647638;gHO_sBM_cAll_d20_mHO5_ch05:0.644517;gHO_sBM_cAll_d21_mHO5_ch02:0.644121;gHO_sBM_cAll_d20_mHO5_ch04:0.643571;gHO_sBM_cAll_d21_mHO5_ch04:0.641417,Electronic---Techno:0.336500;Electronic---Electro:0.221819;Electronic---EBM:0.125628;Electronic---Ambient:0.122156;Electronic---Synthwave:0.104314,WA:v0:k1:r1,,JB3,0.678553,gHO_sBM_cAll_d20_mHO5_ch10,0.665760,120.967742
11.000000,11.019353600,,hermite,ready,,,,,0,1.0,0,gWA_sBM_cAll_d26_mWA0_ch05,gPO_sBM_cAll_d12_mPO3_ch02,gPO_sBM_cAll_d12_mPO3_ch02,10.200000,gPO_sBM_cAll_d10_mPO0_ch01;gPO_sBM_cAll_d11_mPO0_ch01;gPO_sBM_cAll_d11_mPO0_ch02;gPO_sBM_cAll_d10_mPO0_ch02;gPO_sBM_cAll_d12_mPO3_ch02,,,,,,0.876453860,,0.000000,,,,,,,,,,0.000000,beat-sync,0.845629,0.843254,,0.000092715,0.171109421,right_wrist_yaw,2.235280203,left_wrist_yaw,0.171109421,right_wrist_yaw,2.682276162,left_wrist_yaw,-0.237303,0.040540,0.963180,-0.069403,0.000000000,0.000000000,0.000000000,0.000000000,0.000000000,0.000000000,10.232000,0.000000000,0.000000000,,9.242177,7.844154,146.631746,,0.004622157,0,1,0,5,gPO_sBM_cAll_d10_mPO0_ch01;gPO_sBM_cAll_d11_mPO0_ch01;gPO_sBM_cAll_d11_mPO0_ch02;gPO_sBM_cAll_d10_mPO0_ch02;gPO_sBM_cAll_d12_mPO3_ch02,,51.286900,601.602400,62.409400,4920.014500,accepted,0.561802,,0.872405,0.235121872,34.518203,0.122156,HO,0.739618,0.002339,0.002826,JB3:0.678553;JB5:0.676214;JB1:0.665015;JB2:0.615575;HO5:0.604609,gHO_sBM_cAll_d20_mHO5_ch10:0.665760;gHO_sBM_cAll_d21_mHO5_ch10:0.662934;gHO_sBM_cAll_d20_mHO5_ch06:0.662848;gHO_sBM_cAll_d21_mHO5_ch09:0.661733;gHO_sBM_cAll_d21_mHO5_ch03:0.654125;gHO_sBM_cAll_d21_mHO5_ch05:0.647638;gHO_sBM_cAll_d20_mHO5_ch05:0.644517;gHO_sBM_cAll_d21_mHO5_ch02:0.644121;gHO_sBM_cAll_d20_mHO5_ch04:0.643571;gHO_sBM_cAll_d21_mHO5_ch04:0.641417,Electronic---Techno:0.336500;Electronic---Electro:0.221819;Electronic---EBM:0.125628;Electronic---Ambient:0.122156;Electronic---Synthwave:0.104314,WA:v0:k1:r1,,JB3,0.678553,gHO_sBM_cAll_d20_mHO5_ch10,0.665760,120.967742
11.064000,11.085937900,,hermite,ready,,,,,0,1.0,0,gWA_sBM_cAll_d26_mWA0_ch05,gPO_sBM_cAll_d12_mPO3_ch02,gPO_sBM_cAll_d12_mPO3_ch02,10.200000,gPO_sBM_cAll_d10_mPO0_ch01;gPO_sBM_cAll_d11_mPO0_ch01;gPO_sBM_cAll_d11_mPO0_ch02;gPO_sBM_cAll_d10_mPO0_ch02;gPO_sBM_cAll_d12_mPO3_ch02,,,,,,0.881149810,,0.000000,,,,,,,,,,0.000000,beat-sync,0.845132,0.843254,,0.000071041,0.204224220,right_wrist_yaw,0.779193359,left_wrist_yaw,0.204224220,right_wrist_yaw,1.036817666,left_wrist_yaw,-0.232223,0.020766,0.946788,-0.067118,0.000000000,0.000000000,0.000000000,0.000000000,0.000000000,0.000000000,10.232000,0.000000000,0.000000000,,5.625738,4.695450,491.610977,,0.004596080,0,1,0,5,gPO_sBM_cAll_d10_mPO0_ch01;gPO_sBM_cAll_d11_mPO0_ch01;gPO_sBM_cAll_d11_mPO0_ch02;gPO_sBM_cAll_d10_mPO0_ch02;gPO_sBM_cAll_d12_mPO3_ch02,,51.286900,601.602400,62.409400,4920.014500,accepted,0.561802,,0.872405,0.235121872,34.518203,0.122156,HO,0.739618,0.002339,0.002826,JB3:0.678553;JB5:0.676214;JB1:0.665015;JB2:0.615575;HO5:0.604609,gHO_sBM_cAll_d20_mHO5_ch10:0.665760;gHO_sBM_cAll_d21_mHO5_ch10:0.662934;gHO_sBM_cAll_d20_mHO5_ch06:0.662848;gHO_sBM_cAll_d21_mHO5_ch09:0.661733;gHO_sBM_cAll_d21_mHO5_ch03:0.654125;gHO_sBM_cAll_d21_mHO5_ch05:0.647638;gHO_sBM_cAll_d20_mHO5_ch05:0.644517;gHO_sBM_cAll_d21_mHO5_ch02:0.644121;gHO_sBM_cAll_d20_mHO5_ch04:0.643571;gHO_sBM_cAll_d21_mHO5_ch04:0.641417,Electronic---Techno:0.336500;Electronic---Electro:0.221819;Electronic---EBM:0.125628;Electronic---Ambient:0.122156;Electronic---Synthwave:0.104314,WA:v0:k1:r1,,JB3,0.678553,gHO_sBM_cAll_d20_mHO5_ch10,0.665760,120.967742
11.128000,11.144495000,,hermite,ready,,,,,0,1.0,0,gWA_sBM_cAll_d26_mWA0_ch05,gPO_sBM_cAll_d12_mPO3_ch02,gPO_sBM_cAll_d12_mPO3_ch02,10.200000,gPO_sBM_cAll_d10_mPO0_ch01;gPO_sBM_cAll_d11_mPO0_ch01;gPO_sBM_cAll_d11_mPO0_ch02;gPO_sBM_cAll_d10_mPO0_ch02;gPO_sBM_cAll_d12_mPO3_ch02,,,,,,0.885271747,,0.000000,,,,,,,,,,0.000000,beat-sync,0.844782,0.843254,,0.000056228,0.233608975,right_wrist_yaw,0.443243489,right_wrist_roll,0.233608975,right_wrist_yaw,0.677096301,right_wrist_roll,-0.222813,0.002794,0.938859,-0.004693,0.000000000,0.000000000,0.000000000,0.000000000,0.000000000,0.000000000,10.232000,0.000000000,0.000000000,,7.346453,5.987535,487.760330,,0.004573503,0,1,0,5,gPO_sBM_cAll_d10_mPO0_ch01;gPO_sBM_cAll_d11_mPO0_ch01;gPO_sBM_cAll_d11_mPO0_ch02;gPO_sBM_cAll_d10_mPO0_ch02;gPO_sBM_cAll_d12_mPO3_ch02,,51.286900,601.602400,62.409400,4920.014500,accepted,0.561802,,0.872405,0.235121872,34.518203,0.122156,HO,0.739618,0.002339,0.002826,JB3:0.678553;JB5:0.676214;JB1:0.665015;JB2:0.615575;HO5:0.604609,gHO_sBM_cAll_d20_mHO5_ch10:0.665760;gHO_sBM_cAll_d21_mHO5_ch10:0.662934;gHO_sBM_cAll_d20_mHO5_ch06:0.662848;gHO_sBM_cAll_d21_mHO5_ch09:0.661733;gHO_sBM_cAll_d21_mHO5_ch03:0.654125;gHO_sBM_cAll_d21_mHO5_ch05:0.647638;gHO_sBM_cAll_d20_mHO5_ch05:0.644517;gHO_sBM_cAll_d21_mHO5_ch02:0.644121;gHO_sBM_cAll_d20_mHO5_ch04:0.643571;gHO_sBM_cAll_d21_mHO5_ch04:0.641417,Electronic---Techno:0.336500;Electronic---Electro:0.221819;Electronic---EBM:0.125628;Electronic---Ambient:0.122156;Electronic---Synthwave:0.104314,WA:v0:k1:r1,,JB3,0.678553,gHO_sBM_cAll_d20_mHO5_ch10,0.665760,120.967742
11.160000,11.177761200,,hermite,ready,,,,,0,1.0,0,gWA_sBM_cAll_d26_mWA0_ch05,gPO_sBM_cAll_d12_mPO3_ch02,gPO_sBM_cAll_d12_mPO3_ch02,10.200000,gPO_sBM_cAll_d10_mPO0_ch01;gPO_sBM_cAll_d11_mPO0_ch01;gPO_sBM_cAll_d11_mPO0_ch02;gPO_sBM_cAll_d10_mPO0_ch02;gPO_sBM_cAll_d12_mPO3_ch02,,,,,,0.887623106,,0.000000,,,,,,,,,,0.000000,beat-sync,0.844611,0.843254,,0.000049204,0.248330013,right_wrist_yaw,0.414942983,right_wrist_roll,0.248330013,right_wrist_yaw,0.494488358,right_wrist_roll,-0.213456,-0.004142,0.935919,0.048781,0.000000000,0.000000000,0.000000000,0.000000000,0.000000000,0.000000000,10.232000,0.000000000,0.000000000,,4.582354,3.883964,56.305216,,0.004560701,0,1,0,5,gPO_sBM_cAll_d10_mPO0_ch01;gPO_sBM_cAll_d11_mPO0_ch01;gPO_sBM_cAll_d11_mPO0_ch02;gPO_sBM_cAll_d10_mPO0_ch02;gPO_sBM_cAll_d12_mPO3_ch02,,51.286900,601.602400,62.409400,4920.014500,accepted,0.561802,,0.872405,0.235121872,34.518203,0.122156,HO,0.739618,0.002339,0.002826,JB3:0.678553;JB5:0.676214;JB1:0.665015;JB2:0.615575;HO5:0.604609,gHO_sBM_cAll_d20_mHO5_ch10:0.665760;gHO_sBM_cAll_d21_mHO5_ch10:0.662934;gHO_sBM_cAll_d20_mHO5_ch06:0.662848;gHO_sBM_cAll_d21_mHO5_ch09:0.661733;gHO_sBM_cAll_d21_mHO5_ch03:0.654125;gHO_sBM_cAll_d21_mHO5_ch05:0.647638;gHO_sBM_cAll_d20_mHO5_ch05:0.644517;gHO_sBM_cAll_d21_mHO5_ch02:0.644121;gHO_sBM_cAll_d20_mHO5_ch04:0.643571;gHO_sBM_cAll_d21_mHO5_ch04:0.641417,Electronic---Techno:0.336500;Electronic---Electro:0.221819;Electronic---EBM:0.125628;Electronic---Ambient:0.122156;Electronic---Synthwave:0.104314,WA:v0:k1:r1,,JB3,0.678553,gHO_sBM_cAll_d20_mHO5_ch10,0.665760,120.967742
11.224000,11.240219100,,hermite,ready,,,,,0,1.0,0,gWA_sBM_cAll_d26_mWA0_ch05,gPO_sBM_cAll_d12_mPO3_ch02,gPO_sBM_cAll_d12_mPO3_ch02,10.200000,gPO_sBM_cAll_d10_mPO0_ch01;gPO_sBM_cAll_d11_mPO0_ch01;gPO_sBM_cAll_d11_mPO0_ch02;gPO_sBM_cAll_d10_mPO0_ch02;gPO_sBM_cAll_d12_mPO3_ch02,,,,,,0.891745655,,0.000000,,,,,,,,,,0.000000,beat-sync,0.844354,0.843254,,0.000038938,0.260121786,right_wrist_yaw,0.232508766,left_wrist_yaw,0.260121786,right_wrist_yaw,0.202334254,left_wrist_yaw,-0.203188,-0.008763,0.935501,0.128552,0.000000000,0.000000000,0.000000000,0.000000000,0.000000000,0.000000000,10.232000,0.000000000,0.000000000,,3.622235,2.806360,124.930164,,0.004538469,0,1,0,5,gPO_sBM_cAll_d10_mPO0_ch01;gPO_sBM_cAll_d11_mPO0_ch01;gPO_sBM_cAll_d11_mPO0_ch02;gPO_sBM_cAll_d10_mPO0_ch02;gPO_sBM_cAll_d12_mPO3_ch02,,51.286900,601.602400,62.409400,4920.014500,accepted,0.561802,,0.872405,0.235121872,34.518203,0.122156,HO,0.739618,0.002339,0.002826,JB3:0.678553;JB5:0.676214;JB1:0.665015;JB2:0.615575;HO5:0.604609,gHO_sBM_cAll_d20_mHO5_ch10:0.665760;gHO_sBM_cAll_d21_mHO5_ch10:0.662934;gHO_sBM_cAll_d20_mHO5_ch06:0.662848;gHO_sBM_cAll_d21_mHO5_ch09:0.661733;gHO_sBM_cAll_d21_mHO5_ch03:0.654125;gHO_sBM_cAll_d21_mHO5_ch05:0.647638;gHO_sBM_cAll_d20_mHO5_ch05:0.644517;gHO_sBM_cAll_d21_mHO5_ch02:0.644121;gHO_sBM_cAll_d20_mHO5_ch04:0.643571;gHO_sBM_cAll_d21_mHO5_ch04:0.641417,Electronic---Techno:0.336500;Electronic---Electro:0.221819;Electronic---EBM:0.125628;Electronic---Ambient:0.122156;Electronic---Synthwave:0.104314,WA:v0:k1:r1,,JB3,0.678553,gHO_sBM_cAll_d20_mHO5_ch10,0.665760,120.967742
11.256000,11.270128400,,hermite,ready,,,,,0,1.0,0,gWA_sBM_cAll_d26_mWA0_ch05,gPO_sBM_cAll_d12_mPO3_ch02,gPO_sBM_cAll_d12_mPO3_ch02,10.200000,gPO_sBM_cAll_d10_mPO0_ch01;gPO_sBM_cAll_d11_mPO0_ch01;gPO_sBM_cAll_d11_mPO0_ch02;gPO_sBM_cAll_d10_mPO0_ch02;gPO_sBM_cAll_d12_mPO3_ch02,,,,,,0.894067442,,0.000000,,,,,,,,,,0.000000,beat-sync,0.844230,0.843254,,0.000034129,0.251394593,right_wrist_yaw,0.491649880,right_wrist_yaw,0.251394593,right_wrist_yaw,0.601910198,right_wrist_yaw,-0.198190,-0.009654,0.938127,0.160045,0.000000000,0.000000000,0.000000000,0.000000000,0.000000000,0.000000000,10.232000,0.000000000,0.000000000,,5.390371,4.182332,48.468585,,0.004549808,0,1,0,5,gPO_sBM_cAll_d10_mPO0_ch01;gPO_sBM_cAll_d11_mPO0_ch01;gPO_sBM_cAll_d11_mPO0_ch02;gPO_sBM_cAll_d10_mPO0_ch02;gPO_sBM_cAll_d12_mPO3_ch02,,51.286900,601.602400,62.409400,4920.014500,accepted,0.561802,,0.872405,0.235121872,34.518203,0.122156,HO,0.739618,0.002339,0.002826,JB3:0.678553;JB5:0.676214;JB1:0.665015;JB2:0.615575;HO5:0.604609,gHO_sBM_cAll_d20_mHO5_ch10:0.665760;gHO_sBM_cAll_d21_mHO5_ch10:0.662934;gHO_sBM_cAll_d20_mHO5_ch06:0.662848;gHO_sBM_cAll_d21_mHO5_ch09:0.661733;gHO_sBM_cAll_d21_mHO5_ch03:0.654125;gHO_sBM_cAll_d21_mHO5_ch05:0.647638;gHO_sBM_cAll_d20_mHO5_ch05:0.644517;gHO_sBM_cAll_d21_mHO5_ch02:0.644121;gHO_sBM_cAll_d20_mHO5_ch04:0.643571;gHO_sBM_cAll_d21_mHO5_ch04:0.641417,Electronic---Techno:0.336500;Electronic---Electro:0.221819;Electronic---EBM:0.125628;Electronic---Ambient:0.122156;Electronic---Synthwave:0.104314,WA:v0:k1:r1,,JB3,0.678553,gHO_sBM_cAll_d20_mHO5_ch10,0.665760,120.967742
11.320000,11.329236500,,hermite,ready,,,,,0,1.0,0,gWA_sBM_cAll_d26_mWA0_ch05,gPO_sBM_cAll_d12_mPO3_ch02,gPO_sBM_cAll_d12_mPO3_ch02,10.200000,gPO_sBM_cAll_d10_mPO0_ch01;gPO_sBM_cAll_d11_mPO0_ch01;gPO_sBM_cAll_d11_mPO0_ch02;gPO_sBM_cAll_d10_mPO0_ch02;gPO_sBM_cAll_d12_mPO3_ch02,,,,,,0.898215853,,0.000000,,,,,,,,,,0.000000,beat-sync,0.861230,1.058468,,0.008019170,0.191828637,right_wrist_yaw,0.855909214,left_wrist_yaw,0.191828637,right_wrist_yaw,0.882646337,left_wrist_yaw,-0.191272,-0.010190,0.947915,0.184509,0.000000000,0.000000000,0.000000000,0.000000000,0.000000000,0.000000000,11.320000,0.000000000,0.000000000,,4.736344,4.113175,50.618732,,0.004527798,0,1,0,5,gPO_sBM_cAll_d10_mPO0_ch01;gPO_sBM_cAll_d11_mPO0_ch01;gPO_sBM_cAll_d11_mPO0_ch02;gPO_sBM_cAll_d10_mPO0_ch02;gPO_sBM_cAll_d12_mPO3_ch02,,51.286900,601.602400,62.409400,4920.014500,accepted,0.561802,,0.872405,0.235121872,34.518203,0.122156,HO,0.739618,0.002339,0.002826,JB3:0.678553;JB5:0.676214;JB1:0.665015;JB2:0.615575;HO5:0.604609,gHO_sBM_cAll_d20_mHO5_ch10:0.665760;gHO_sBM_cAll_d21_mHO5_ch10:0.662934;gHO_sBM_cAll_d20_mHO5_ch06:0.662848;gHO_sBM_cAll_d21_mHO5_ch09:0.661733;gHO_sBM_cAll_d21_mHO5_ch03:0.654125;gHO_sBM_cAll_d21_mHO5_ch05:0.647638;gHO_sBM_cAll_d20_mHO5_ch05:0.644517;gHO_sBM_cAll_d21_mHO5_ch02:0.644121;gHO_sBM_cAll_d20_mHO5_ch04:0.643571;gHO_sBM_cAll_d21_mHO5_ch04:0.641417,Electronic---Techno:0.336500;Electronic---Electro:0.221819;Electronic---EBM:0.125628;Electronic---Ambient:0.122156;Electronic---Synthwave:0.104314,WA:v0:k1:r1,,JB3,0.678553,gHO_sBM_cAll_d20_mHO5_ch10,0.665760,120.967742
11.352000,11.361918500,,hermite,ready,,,,,0,1.0,0,gWA_sBM_cAll_d26_mWA0_ch05,gPO_sBM_cAll_d12_mPO3_ch02,gPO_sBM_cAll_d12_mPO3_ch02,10.200000,gPO_sBM_cAll_d10_mPO0_ch01;gPO_sBM_cAll_d11_mPO0_ch01;gPO_sBM_cAll_d11_mPO0_ch02;gPO_sBM_cAll_d10_mPO0_ch02;gPO_sBM_cAll_d12_mPO3_ch02,,,,,,0.900736559,,0.000000,,,,,,,,,,0.000000,beat-sync,0.928128,1.058468,,0.007925928,0.166531089,right_wrist_yaw,1.047977300,left_wrist_yaw,0.166531089,right_wrist_yaw,1.315291980,left_wrist_yaw,-0.188018,-0.011842,0.957541,0.198413,0.000000000,0.000000000,0.000000000,0.000000000,0.000000000,0.000000000,11.320000,0.000000000,0.000000000,,5.758637,4.732015,112.472932,,0.004515316,0,1,0,5,gPO_sBM_cAll_d10_mPO0_ch01;gPO_sBM_cAll_d11_mPO0_ch01;gPO_sBM_cAll_d11_mPO0_ch02;gPO_sBM_cAll_d10_mPO0_ch02;gPO_sBM_cAll_d12_mPO3_ch02,,51.286900,601.602400,62.409400,4920.014500,accepted,0.561802,,0.872405,0.235121872,34.518203,0.122156,HO,0.739618,0.002339,0.002826,JB3:0.678553;JB5:0.676214;JB1:0.665015;JB2:0.615575;HO5:0.604609,gHO_sBM_cAll_d20_mHO5_ch10:0.665760;gHO_sBM_cAll_d21_mHO5_ch10:0.662934;gHO_sBM_cAll_d20_mHO5_ch06:0.662848;gHO_sBM_cAll_d21_mHO5_ch09:0.661733;gHO_sBM_cAll_d21_mHO5_ch03:0.654125;gHO_sBM_cAll_d21_mHO5_ch05:0.647638;gHO_sBM_cAll_d20_mHO5_ch05:0.644517;gHO_sBM_cAll_d21_mHO5_ch02:0.644121;gHO_sBM_cAll_d20_mHO5_ch04:0.643571;gHO_sBM_cAll_d21_mHO5_ch04:0.641417,Electronic---Techno:0.336500;Electronic---Electro:0.221819;Electronic---EBM:0.125628;Electronic---Ambient:0.122156;Electronic---Synthwave:0.104314,WA:v0:k1:r1,,JB3,0.678553,gHO_sBM_cAll_d20_mHO5_ch10,0.665760,120.967742
11.384000,11.395044200,beat_limiter_result,hermite,ready,,,,,0,1.0,0,gWA_sBM_cAll_d26_mWA0_ch05,gPO_sBM_cAll_d12_mPO3_ch02,gPO_sBM_cAll_d12_mPO3_ch02,10.200000,gPO_sBM_cAll_d10_mPO0_ch01;gPO_sBM_cAll_d11_mPO0_ch01;gPO_sBM_cAll_d11_mPO0_ch02;gPO_sBM_cAll_d10_mPO0_ch02;gPO_sBM_cAll_d12_mPO3_ch02,,,,,,0.903412196,,0.000000,,,,,,,,,,0.000000,beat-sync,0.994274,1.058468,,0.007723623,0.151313826,right_wrist_yaw,1.402705917,left_wrist_yaw,0.151313826,right_wrist_yaw,1.764702965,left_wrist_yaw,-0.187122,-0.014077,0.969430,0.226667,0.000000000,0.000000000,0.000000000,0.000000000,0.000000000,0.000000000,11.320000,0.000000000,0.000000000,,2.679130,2.199262,108.934557,,0.004502903,0,1,0,5,gPO_sBM_cAll_d10_mPO0_ch01;gPO_sBM_cAll_d11_mPO0_ch01;gPO_sBM_cAll_d11_mPO0_ch02;gPO_sBM_cAll_d10_mPO0_ch02;gPO_sBM_cAll_d12_mPO3_ch02,,51.286900,601.602400,62.409400,4920.014500,accepted,0.561802,,0.872405,0.235121872,34.518203,0.122156,HO,0.739618,0.002339,0.002826,JB3:0.678553;JB5:0.676214;JB1:0.665015;JB2:0.615575;HO5:0.604609,gHO_sBM_cAll_d20_mHO5_ch10:0.665760;gHO_sBM_cAll_d21_mHO5_ch10:0.662934;gHO_sBM_cAll_d20_mHO5_ch06:0.662848;gHO_sBM_cAll_d21_mHO5_ch09:0.661733;gHO_sBM_cAll_d21_mHO5_ch03:0.654125;gHO_sBM_cAll_d21_mHO5_ch05:0.647638;gHO_sBM_cAll_d20_mHO5_ch05:0.644517;gHO_sBM_cAll_d21_mHO5_ch02:0.644121;gHO_sBM_cAll_d20_mHO5_ch04:0.643571;gHO_sBM_cAll_d21_mHO5_ch04:0.641417,Electronic---Techno:0.336500;Electronic---Electro:0.221819;Electronic---EBM:0.125628;Electronic---Ambient:0.122156;Electronic---Synthwave:0.104314,WA:v0:k1:r1,,JB3,0.678553,gHO_sBM_cAll_d20_mHO5_ch10,0.665760,120.967742
11.416000,11.428763500,,hermite,ready,,,,,0,1.0,0,gWA_sBM_cAll_d26_mWA0_ch05,gPO_sBM_cAll_d12_mPO3_ch02,gPO_sBM_cAll_d12_mPO3_ch02,10.200000,gPO_sBM_cAll_d10_mPO0_ch01;gPO_sBM_cAll_d11_mPO0_ch01;gPO_sBM_cAll_d11_mPO0_ch02;gPO_sBM_cAll_d10_mPO0_ch02;gPO_sBM_cAll_d12_mPO3_ch02,,,,,,0.906303265,,0.000000,,,,,,,,,,0.000000,beat-sync,1.061150,1.058468,,0.007397046,0.148894521,right_wrist_yaw,1.567425880,left_wrist_yaw,0.148894521,right_wrist_yaw,1.955430154,left_wrist_yaw,-0.185088,-0.016191,0.978685,0.286009,0.000000000,0.000000000,0.000000000,0.000000000,0.000000000,0.000000000,11.320000,0.000000000,0.000000000,,3.971855,3.153820,154.694628,,0.004490558,0,1,0,5,gPO_sBM_cAll_d10_mPO0_ch01;gPO_sBM_cAll_d11_mPO0_ch01;gPO_sBM_cAll_d11_mPO0_ch02;gPO_sBM_cAll_d10_mPO0_ch02;gPO_sBM_cAll_d12_mPO3_ch02,,51.286900,601.602400,62.409400,4920.014500,accepted,0.561802,,0.872405,0.235121872,34.518203,0.122156,HO,0.739618,0.002339,0.002826,JB3:0.678553;JB5:0.676214;JB1:0.665015;JB2:0.615575;HO5:0.604609,gHO_sBM_cAll_d20_mHO5_ch10:0.665760;gHO_sBM_cAll_d21_mHO5_ch10:0.662934;gHO_sBM_cAll_d20_mHO5_ch06:0.662848;gHO_sBM_cAll_d21_mHO5_ch09:0.661733;gHO_sBM_cAll_d21_mHO5_ch03:0.654125;gHO_sBM_cAll_d21_mHO5_ch05:0.647638;gHO_sBM_cAll_d20_mHO5_ch05:0.644517;gHO_sBM_cAll_d21_mHO5_ch02:0.644121;gHO_sBM_cAll_d20_mHO5_ch04:0.643571;gHO_sBM_cAll_d21_mHO5_ch04:0.641417,Electronic---Techno:0.336500;Electronic---Electro:0.221819;Electronic---EBM:0.125628;Electronic---Ambient:0.122156;Electronic---Synthwave:0.104314,WA:v0:k1:r1,,JB3,0.678553,gHO_sBM_cAll_d20_mHO5_ch10,0.665760,120.967742
11.448000,11.461776800,match,hermite,ready,,,,,0,1.0,0,gWA_sBM_cAll_d26_mWA0_ch05,gPO_sBM_cAll_d12_mPO3_ch02,gPO_sBM_cAll_d12_mPO3_ch02,11.224000,gPO_sBM_cAll_d10_mPO0_ch01;gPO_sBM_cAll_d11_mPO0_ch01;gPO_sBM_cAll_d11_mPO0_ch02;gPO_sBM_cAll_d10_mPO0_ch02;gPO_sBM_cAll_d12_mPO3_ch02,,,,,,0.909363634,,0.000000,,,,,,,,,,0.000000,beat-sync,1.127664,1.058468,,0.006941900,0.162525028,right_wrist_yaw,0.392117987,right_wrist_yaw,0.162525028,right_wrist_yaw,0.560296621,right_wrist_yaw,-0.180193,-0.015158,0.982903,0.343159,0.000000000,0.000000000,0.000000000,0.000000000,0.000000000,0.000000000,11.320000,0.000000000,0.000000000,,8.085471,6.368267,142.278655,,0.004478280,0,1,0,5,gPO_sBM_cAll_d10_mPO0_ch01;gPO_sBM_cAll_d11_mPO0_ch01;gPO_sBM_cAll_d11_mPO0_ch02;gPO_sBM_cAll_d10_mPO0_ch02;gPO_sBM_cAll_d12_mPO3_ch02,,51.286900,601.602400,62.409400,4920.014500,accepted,0.945341,,0.900620,0.238096797,33.766498,0.117530,HO,0.825141,0.004198,0.002786,JB3:0.677740;JB5:0.673542;JB1:0.660599;JB2:0.612309;LO4:0.611277,gHO_sBM_cAll_d20_mHO5_ch10:0.665438;gHO_sBM_cAll_d21_mHO5_ch10:0.662652;gHO_sBM_cAll_d20_mHO5_ch06:0.662545;gHO_sBM_cAll_d21_mHO5_ch09:0.661468;gHO_sBM_cAll_d21_mHO5_ch03:0.654242;gHO_sBM_cAll_d21_mHO5_ch05:0.647517;gHO_sBM_cAll_d20_mHO5_ch05:0.644325;gHO_sBM_cAll_d21_mHO5_ch02:0.644091;gHO_sBM_cAll_d20_mHO5_ch04:0.643459;gHO_sBM_cAll_d21_mHO5_ch04:0.641393,Electronic---Techno:0.328004;Electronic---Electro:0.213235;Electronic---Ambient:0.117530;Electronic---EBM:0.114195;Electronic---Synthwave:0.100376,WA:v0:k1:r1,,JB3,0.677740,gHO_sBM_cAll_d20_mHO5_ch10,0.665438,120.967742
11.480000,11.486291700,,hermite,ready,,,,,0,1.0,0,gWA_sBM_cAll_d26_mWA0_ch05,gPO_sBM_cAll_d12_mPO3_ch02,gPO_sBM_cAll_d12_mPO3_ch02,11.224000,gPO_sBM_cAll_d10_mPO0_ch01;gPO_sBM_cAll_d11_mPO0_ch01;gPO_sBM_cAll_d11_mPO0_ch02;gPO_sBM_cAll_d10_mPO0_ch02;gPO_sBM_cAll_d12_mPO3_ch02,,,,,,0.911790870,,0.000000,,,,,,,,,,0.000000,beat-sync,1.177766,1.058468,,0.006508456,0.194625705,right_wrist_yaw,1.679077323,right_wrist_yaw,0.194625705,right_wrist_yaw,2.058358738,right_wrist_yaw,-0.177500,-0.016550,0.984538,0.386706,0.000000000,0.000000000,0.000000000,0.000000000,0.000000000,0.000000000,11.320000,0.000000000,0.000000000,,3.393126,2.831896,174.605760,,0.004469116,0,1,0,5,gPO_sBM_cAll_d10_mPO0_ch01;gPO_sBM_cAll_d11_mPO0_ch01;gPO_sBM_cAll_d11_mPO0_ch02;gPO_sBM_cAll_d10_mPO0_ch02;gPO_sBM_cAll_d12_mPO3_ch02,,51.286900,601.602400,62.409400,4920.014500,accepted,0.945341,,0.900620,0.238096797,33.766498,0.117530,HO,0.825141,0.004198,0.002786,JB3:0.677740;JB5:0.673542;JB1:0.660599;JB2:0.612309;LO4:0.611277,gHO_sBM_cAll_d20_mHO5_ch10:0.665438;gHO_sBM_cAll_d21_mHO5_ch10:0.662652;gHO_sBM_cAll_d20_mHO5_ch06:0.662545;gHO_sBM_cAll_d21_mHO5_ch09:0.661468;gHO_sBM_cAll_d21_mHO5_ch03:0.654242;gHO_sBM_cAll_d21_mHO5_ch05:0.647517;gHO_sBM_cAll_d20_mHO5_ch05:0.644325;gHO_sBM_cAll_d21_mHO5_ch02:0.644091;gHO_sBM_cAll_d20_mHO5_ch04:0.643459;gHO_sBM_cAll_d21_mHO5_ch04:0.641393,Electronic---Techno:0.328004;Electronic---Electro:0.213235;Electronic---Ambient:0.117530;Electronic---EBM:0.114195;Electronic---Synthwave:0.100376,WA:v0:k1:r1,,JB3,0.677740,gHO_sBM_cAll_d20_mHO5_ch10,0.665438,120.967742
11.512000,11.519744300,,hermite,ready,,,,,0,1.0,0,gWA_sBM_cAll_d26_mWA0_ch05,gPO_sBM_cAll_d12_mPO3_ch02,gPO_sBM_cAll_d12_mPO3_ch02,11.224000,gPO_sBM_cAll_d10_mPO0_ch01;gPO_sBM_cAll_d11_mPO0_ch01;gPO_sBM_cAll_d11_mPO0_ch02;gPO_sBM_cAll_d10_mPO0_ch02;gPO_sBM_cAll_d12_mPO3_ch02,,,,,,0.915176505,,0.000000,,,,,,,,,,0.000000,beat-sync,1.244311,1.058468,,0.005807166,0.265659558,right_wrist_yaw,1.906998139,right_wrist_yaw,0.265659558,right_wrist_yaw,2.216346986,right_wrist_yaw,-0.173308,-0.017292,0.986635,0.429037,0.000000000,0.000000000,0.000000000,0.000000000,0.000000000,0.000000000,11.320000,0.000000000,0.000000000,,3.892205,3.339583,122.925723,,0.004456955,0,1,0,5,gPO_sBM_cAll_d10_mPO0_ch01;gPO_sBM_cAll_d11_mPO0_ch01;gPO_sBM_cAll_d11_mPO0_ch02;gPO_sBM_cAll_d10_mPO0_ch02;gPO_sBM_cAll_d12_mPO3_ch02,,51.286900,601.602400,62.409400,4920.014500,accepted,0.945341,,0.900620,0.238096797,33.766498,0.117530,HO,0.825141,0.004198,0.002786,JB3:0.677740;JB5:0.673542;JB1:0.660599;JB2:0.612309;LO4:0.611277,gHO_sBM_cAll_d20_mHO5_ch10:0.665438;gHO_sBM_cAll_d21_mHO5_ch10:0.662652;gHO_sBM_cAll_d20_mHO5_ch06:0.662545;gHO_sBM_cAll_d21_mHO5_ch09:0.661468;gHO_sBM_cAll_d21_mHO5_ch03:0.654242;gHO_sBM_cAll_d21_mHO5_ch05:0.647517;gHO_sBM_cAll_d20_mHO5_ch05:0.644325;gHO_sBM_cAll_d21_mHO5_ch02:0.644091;gHO_sBM_cAll_d20_mHO5_ch04:0.643459;gHO_sBM_cAll_d21_mHO5_ch04:0.641393,Electronic---Techno:0.328004;Electronic---Electro:0.213235;Electronic---Ambient:0.117530;Electronic---EBM:0.114195;Electronic---Synthwave:0.100376,WA:v0:k1:r1,,JB3,0.677740,gHO_sBM_cAll_d20_mHO5_ch10,0.665438,120.967742
11.576000,11.594252700,,hermite,ready,,,,,0,1.0,0,gWA_sBM_cAll_d26_mWA0_ch05,gPO_sBM_cAll_d12_mPO3_ch02,gPO_sBM_cAll_d12_mPO3_ch02,11.224000,gPO_sBM_cAll_d10_mPO0_ch01;gPO_sBM_cAll_d11_mPO0_ch01;gPO_sBM_cAll_d11_mPO0_ch02;gPO_sBM_cAll_d10_mPO0_ch02;gPO_sBM_cAll_d12_mPO3_ch02,,,,,,0.922841512,,0.000000,,,,,,,,,,0.000000,beat-sync,1.206607,1.058468,,0.004304578,0.242458454,right_wrist_yaw,1.050178960,right_wrist_yaw,0.242458454,right_wrist_yaw,1.301607967,right_wrist_yaw,-0.171288,-0.008619,0.993257,0.551365,0.000000000,0.000000000,0.000000000,0.000000000,0.000000000,0.000000000,11.320000,0.000000000,0.000000000,,4.904790,4.171876,101.874001,,0.004429834,0,1,0,5,gPO_sBM_cAll_d10_mPO0_ch01;gPO_sBM_cAll_d11_mPO0_ch01;gPO_sBM_cAll_d11_mPO0_ch02;gPO_sBM_cAll_d10_mPO0_ch02;gPO_sBM_cAll_d12_mPO3_ch02,,51.286900,601.602400,62.409400,4920.014500,accepted,0.945341,,0.900620,0.238096797,33.766498,0.117530,HO,0.825141,0.004198,0.002786,JB3:0.677740;JB5:0.673542;JB1:0.660599;JB2:0.612309;LO4:0.611277,gHO_sBM_cAll_d20_mHO5_ch10:0.665438;gHO_sBM_cAll_d21_mHO5_ch10:0.662652;gHO_sBM_cAll_d20_mHO5_ch06:0.662545;gHO_sBM_cAll_d21_mHO5_ch09:0.661468;gHO_sBM_cAll_d21_mHO5_ch03:0.654242;gHO_sBM_cAll_d21_mHO5_ch05:0.647517;gHO_sBM_cAll_d20_mHO5_ch05:0.644325;gHO_sBM_cAll_d21_mHO5_ch02:0.644091;gHO_sBM_cAll_d20_mHO5_ch04:0.643459;gHO_sBM_cAll_d21_mHO5_ch04:0.641393,Electronic---Techno:0.328004;Electronic---Electro:0.213235;Electronic---Ambient:0.117530;Electronic---EBM:0.114195;Electronic---Synthwave:0.100376,WA:v0:k1:r1,,JB3,0.677740,gHO_sBM_cAll_d20_mHO5_ch10,0.665438,120.967742
11.608000,11.627998100,,hermite,ready,,,,,0,1.0,0,gWA_sBM_cAll_d26_mWA0_ch05,gPO_sBM_cAll_d12_mPO3_ch02,gPO_sBM_cAll_d12_mPO3_ch02,11.224000,gPO_sBM_cAll_d10_mPO0_ch01;gPO_sBM_cAll_d11_mPO0_ch01;gPO_sBM_cAll_d11_mPO0_ch02;gPO_sBM_cAll_d10_mPO0_ch02;gPO_sBM_cAll_d12_mPO3_ch02,,,,,,0.926176004,,0.000000,,,,,,,,,,0.000000,beat-sync,1.188915,1.058468,,0.003765930,0.179567664,right_wrist_yaw,2.145094535,right_wrist_yaw,0.179567664,right_wrist_yaw,2.894114528,right_wrist_yaw,-0.176942,-0.004617,0.994354,0.649189,0.000000000,0.000000000,0.000000000,0.000000000,0.000000000,0.000000000,11.320000,0.000000000,0.000000000,,5.267614,4.377818,55.441647,,0.004417885,0,1,0,5,gPO_sBM_cAll_d10_mPO0_ch01;gPO_sBM_cAll_d11_mPO0_ch01;gPO_sBM_cAll_d11_mPO0_ch02;gPO_sBM_cAll_d10_mPO0_ch02;gPO_sBM_cAll_d12_mPO3_ch02,,51.286900,601.602400,62.409400,4920.014500,accepted,0.945341,,0.900620,0.238096797,33.766498,0.117530,HO,0.825141,0.004198,0.002786,JB3:0.677740;JB5:0.673542;JB1:0.660599;JB2:0.612309;LO4:0.611277,gHO_sBM_cAll_d20_mHO5_ch10:0.665438;gHO_sBM_cAll_d21_mHO5_ch10:0.662652;gHO_sBM_cAll_d20_mHO5_ch06:0.662545;gHO_sBM_cAll_d21_mHO5_ch09:0.661468;gHO_sBM_cAll_d21_mHO5_ch03:0.654242;gHO_sBM_cAll_d21_mHO5_ch05:0.647517;gHO_sBM_cAll_d20_mHO5_ch05:0.644325;gHO_sBM_cAll_d21_mHO5_ch02:0.644091;gHO_sBM_cAll_d20_mHO5_ch04:0.643459;gHO_sBM_cAll_d21_mHO5_ch04:0.641393,Electronic---Techno:0.328004;Electronic---Electro:0.213235;Electronic---Ambient:0.117530;Electronic---EBM:0.114195;Electronic---Synthwave:0.100376,WA:v0:k1:r1,,JB3,0.677740,gHO_sBM_cAll_d20_mHO5_ch10,0.665438,120.967742
11.672000,11.686192600,,hermite,ready,,,,,0,1.0,0,gWA_sBM_cAll_d26_mWA0_ch05,gPO_sBM_cAll_d12_mPO3_ch02,gPO_sBM_cAll_d12_mPO3_ch02,11.224000,gPO_sBM_cAll_d10_mPO0_ch01;gPO_sBM_cAll_d11_mPO0_ch01;gPO_sBM_cAll_d11_mPO0_ch02;gPO_sBM_cAll_d10_mPO0_ch02;gPO_sBM_cAll_d12_mPO3_ch02,,,,,,0.931893888,,0.000000,,,,,,,,,,0.000000,beat-sync,1.163285,1.058468,,0.002981782,0.150822207,left_wrist_yaw,1.753679214,right_wrist_yaw,0.150822207,left_wrist_yaw,2.169890190,right_wrist_yaw,-0.188283,0.004079,0.988190,0.836553,0.000000000,0.000000000,0.000000000,0.000000000,0.000000000,0.000000000,11.320000,0.000000000,0.000000000,,2.558664,2.152267,81.407554,,0.004397130,0,1,0,5,gPO_sBM_cAll_d10_mPO0_ch01;gPO_sBM_cAll_d11_mPO0_ch01;gPO_sBM_cAll_d11_mPO0_ch02;gPO_sBM_cAll_d10_mPO0_ch02;gPO_sBM_cAll_d12_mPO3_ch02,,51.286900,601.602400,62.409400,4920.014500,accepted,0.945341,,0.900620,0.238096797,33.766498,0.117530,HO,0.825141,0.004198,0.002786,JB3:0.677740;JB5:0.673542;JB1:0.660599;JB2:0.612309;LO4:0.611277,gHO_sBM_cAll_d20_mHO5_ch10:0.665438;gHO_sBM_cAll_d21_mHO5_ch10:0.662652;gHO_sBM_cAll_d20_mHO5_ch06:0.662545;gHO_sBM_cAll_d21_mHO5_ch09:0.661468;gHO_sBM_cAll_d21_mHO5_ch03:0.654242;gHO_sBM_cAll_d21_mHO5_ch05:0.647517;gHO_sBM_cAll_d20_mHO5_ch05:0.644325;gHO_sBM_cAll_d21_mHO5_ch02:0.644091;gHO_sBM_cAll_d20_mHO5_ch04:0.643459;gHO_sBM_cAll_d21_mHO5_ch04:0.641393,Electronic---Techno:0.328004;Electronic---Electro:0.213235;Electronic---Ambient:0.117530;Electronic---EBM:0.114195;Electronic---Synthwave:0.100376,WA:v0:k1:r1,,JB3,0.677740,gHO_sBM_cAll_d20_mHO5_ch10,0.665438,120.967742
11.704000,11.719284300,,hermite,ready,,,,,0,1.0,0,gWA_sBM_cAll_d26_mWA0_ch05,gPO_sBM_cAll_d12_mPO3_ch02,gPO_sBM_cAll_d12_mPO3_ch02,11.224000,gPO_sBM_cAll_d10_mPO0_ch01;gPO_sBM_cAll_d11_mPO0_ch01;gPO_sBM_cAll_d11_mPO0_ch02;gPO_sBM_cAll_d10_mPO0_ch02;gPO_sBM_cAll_d12_mPO3_ch02,,,,,,0.935088455,,0.000000,,,,,,,,,,0.000000,beat-sync,1.150815,1.058468,,0.002611673,0.091041026,left_wrist_yaw,2.049394730,right_wrist_yaw,0.091041026,left_wrist_yaw,2.545882563,right_wrist_yaw,-0.194349,0.006085,0.976163,0.901877,0.000000000,0.000000000,0.000000000,0.000000000,0.000000000,0.000000000,11.320000,0.000000000,0.000000000,,5.440890,4.597609,117.380497,,0.004385358,0,1,0,5,gPO_sBM_cAll_d10_mPO0_ch01;gPO_sBM_cAll_d11_mPO0_ch01;gPO_sBM_cAll_d11_mPO0_ch02;gPO_sBM_cAll_d10_mPO0_ch02;gPO_sBM_cAll_d12_mPO3_ch02,,51.286900,601.602400,62.409400,4920.014500,accepted,0.945341,,0.900620,0.238096797,33.766498,0.117530,HO,0.825141,0.004198,0.002786,JB3:0.677740;JB5:0.673542;JB1:0.660599;JB2:0.612309;LO4:0.611277,gHO_sBM_cAll_d20_mHO5_ch10:0.665438;gHO_sBM_cAll_d21_mHO5_ch10:0.662652;gHO_sBM_cAll_d20_mHO5_ch06:0.662545;gHO_sBM_cAll_d21_mHO5_ch09:0.661468;gHO_sBM_cAll_d21_mHO5_ch03:0.654242;gHO_sBM_cAll_d21_mHO5_ch05:0.647517;gHO_sBM_cAll_d20_mHO5_ch05:0.644325;gHO_sBM_cAll_d21_mHO5_ch02:0.644091;gHO_sBM_cAll_d20_mHO5_ch04:0.643459;gHO_sBM_cAll_d21_mHO5_ch04:0.641393,Electronic---Techno:0.328004;Electronic---Electro:0.213235;Electronic---Ambient:0.117530;Electronic---EBM:0.114195;Electronic---Synthwave:0.100376,WA:v0:k1:r1,,JB3,0.677740,gHO_sBM_cAll_d20_mHO5_ch10,0.665438,120.967742
11.768000,11.786273300,,hermite,ready,,,,,0,1.0,0,gWA_sBM_cAll_d26_mWA0_ch05,gPO_sBM_cAll_d12_mPO3_ch02,gPO_sBM_cAll_d12_mPO3_ch02,11.224000,gPO_sBM_cAll_d10_mPO0_ch01;gPO_sBM_cAll_d11_mPO0_ch01;gPO_sBM_cAll_d11_mPO0_ch02;gPO_sBM_cAll_d10_mPO0_ch02;gPO_sBM_cAll_d12_mPO3_ch02,,,,,,0.941456898,,0.000000,,,,,,,,,,0.000000,beat-sync,1.130018,1.058468,,0.001997580,0.033481267,left_wrist_pitch,2.935005663,right_wrist_yaw,0.033481267,left_wrist_pitch,4.321726780,right_wrist_yaw,-0.197881,-0.002063,0.956016,0.856378,0.000000000,0.000000000,0.000000000,0.000000000,0.000000000,0.000000000,11.320000,0.000000000,0.000000000,,14.652372,12.089227,326.825908,,0.004362000,0,1,0,5,gPO_sBM_cAll_d10_mPO0_ch01;gPO_sBM_cAll_d11_mPO0_ch01;gPO_sBM_cAll_d11_mPO0_ch02;gPO_sBM_cAll_d10_mPO0_ch02;gPO_sBM_cAll_d12_mPO3_ch02,,51.286900,601.602400,62.409400,4920.014500,accepted,0.945341,,0.900620,0.238096797,33.766498,0.117530,HO,0.825141,0.004198,0.002786,JB3:0.677740;JB5:0.673542;JB1:0.660599;JB2:0.612309;LO4:0.611277,gHO_sBM_cAll_d20_mHO5_ch10:0.665438;gHO_sBM_cAll_d21_mHO5_ch10:0.662652;gHO_sBM_cAll_d20_mHO5_ch06:0.662545;gHO_sBM_cAll_d21_mHO5_ch09:0.661468;gHO_sBM_cAll_d21_mHO5_ch03:0.654242;gHO_sBM_cAll_d21_mHO5_ch05:0.647517;gHO_sBM_cAll_d20_mHO5_ch05:0.644325;gHO_sBM_cAll_d21_mHO5_ch02:0.644091;gHO_sBM_cAll_d20_mHO5_ch04:0.643459;gHO_sBM_cAll_d21_mHO5_ch04:0.641393,Electronic---Techno:0.328004;Electronic---Electro:0.213235;Electronic---Ambient:0.117530;Electronic---EBM:0.114195;Electronic---Synthwave:0.100376,WA:v0:k1:r1,,JB3,0.677740,gHO_sBM_cAll_d20_mHO5_ch10,0.665438,120.967742
11.800000,11.810898500,,hermite,ready,,,,,0,1.0,0,gWA_sBM_cAll_d26_mWA0_ch05,gPO_sBM_cAll_d12_mPO3_ch02,gPO_sBM_cAll_d12_mPO3_ch02,11.224000,gPO_sBM_cAll_d10_mPO0_ch01;gPO_sBM_cAll_d11_mPO0_ch01;gPO_sBM_cAll_d11_mPO0_ch02;gPO_sBM_cAll_d10_mPO0_ch02;gPO_sBM_cAll_d12_mPO3_ch02,,,,,,0.943773821,,0.000000,,,,,,,,,,0.000000,beat-sync,1.123658,1.058468,,0.001809928,0.098485469,right_wrist_yaw,1.618539923,right_wrist_yaw,0.098485469,right_wrist_yaw,2.121862741,right_wrist_yaw,-0.195782,-0.005317,0.953611,0.786390,0.000000000,0.000000000,0.000000000,0.000000000,0.000000000,0.000000000,11.320000,0.000000000,0.000000000,,5.991266,5.001390,736.237495,,0.004353305,0,1,0,5,gPO_sBM_cAll_d10_mPO0_ch01;gPO_sBM_cAll_d11_mPO0_ch01;gPO_sBM_cAll_d11_mPO0_ch02;gPO_sBM_cAll_d10_mPO0_ch02;gPO_sBM_cAll_d12_mPO3_ch02,,51.286900,601.602400,62.409400,4920.014500,accepted,0.945341,,0.900620,0.238096797,33.766498,0.117530,HO,0.825141,0.004198,0.002786,JB3:0.677740;JB5:0.673542;JB1:0.660599;JB2:0.612309;LO4:0.611277,gHO_sBM_cAll_d20_mHO5_ch10:0.665438;gHO_sBM_cAll_d21_mHO5_ch10:0.662652;gHO_sBM_cAll_d20_mHO5_ch06:0.662545;gHO_sBM_cAll_d21_mHO5_ch09:0.661468;gHO_sBM_cAll_d21_mHO5_ch03:0.654242;gHO_sBM_cAll_d21_mHO5_ch05:0.647517;gHO_sBM_cAll_d20_mHO5_ch05:0.644325;gHO_sBM_cAll_d21_mHO5_ch02:0.644091;gHO_sBM_cAll_d20_mHO5_ch04:0.643459;gHO_sBM_cAll_d21_mHO5_ch04:0.641393,Electronic---Techno:0.328004;Electronic---Electro:0.213235;Electronic---Ambient:0.117530;Electronic---EBM:0.114195;Electronic---Synthwave:0.100376,WA:v0:k1:r1,,JB3,0.677740,gHO_sBM_cAll_d20_mHO5_ch10,0.665438,120.967742
11.864000,11.878017900,,hermite,ready,,,,,0,1.0,0,gWA_sBM_cAll_d26_mWA0_ch05,gPO_sBM_cAll_d12_mPO3_ch02,gPO_sBM_cAll_d12_mPO3_ch02,11.224000,gPO_sBM_cAll_d10_mPO0_ch01;gPO_sBM_cAll_d11_mPO0_ch01;gPO_sBM_cAll_d11_mPO0_ch02;gPO_sBM_cAll_d10_mPO0_ch02;gPO_sBM_cAll_d12_mPO3_ch02,,,,,,0.949971121,,0.000000,,,,,,,,,,0.000000,beat-sync,1.108988,1.058468,,0.001386679,0.220689330,right_wrist_yaw,0.710456491,right_wrist_yaw,0.220689330,right_wrist_yaw,0.958873860,right_wrist_yaw,-0.187254,-0.014534,0.957758,0.586305,0.000000000,0.000000000,0.000000000,0.000000000,0.000000000,0.000000000,11.320000,0.000000000,0.000000000,,1.004849,0.817985,266.104446,,0.004330287,0,1,0,5,gPO_sBM_cAll_d10_mPO0_ch01;gPO_sBM_cAll_d11_mPO0_ch01;gPO_sBM_cAll_d11_mPO0_ch02;gPO_sBM_cAll_d10_mPO0_ch02;gPO_sBM_cAll_d12_mPO3_ch02,,51.286900,601.602400,62.409400,4920.014500,accepted,0.945341,,0.900620,0.238096797,33.766498,0.117530,HO,0.825141,0.004198,0.002786,JB3:0.677740;JB5:0.673542;JB1:0.660599;JB2:0.612309;LO4:0.611277,gHO_sBM_cAll_d20_mHO5_ch10:0.665438;gHO_sBM_cAll_d21_mHO5_ch10:0.662652;gHO_sBM_cAll_d20_mHO5_ch06:0.662545;gHO_sBM_cAll_d21_mHO5_ch09:0.661468;gHO_sBM_cAll_d21_mHO5_ch03:0.654242;gHO_sBM_cAll_d21_mHO5_ch05:0.647517;gHO_sBM_cAll_d20_mHO5_ch05:0.644325;gHO_sBM_cAll_d21_mHO5_ch02:0.644091;gHO_sBM_cAll_d20_mHO5_ch04:0.643459;gHO_sBM_cAll_d21_mHO5_ch04:0.641393,Electronic---Techno:0.328004;Electronic---Electro:0.213235;Electronic---Ambient:0.117530;Electronic---EBM:0.114195;Electronic---Synthwave:0.100376,WA:v0:k1:r1,,JB3,0.677740,gHO_sBM_cAll_d20_mHO5_ch10,0.665438,120.967742
11.928000,11.936816300,,hermite,ready,,,,,0,1.0,0,gWA_sBM_cAll_d26_mWA0_ch05,gPO_sBM_cAll_d12_mPO3_ch02,gPO_sBM_cAll_d12_mPO3_ch02,11.224000,gPO_sBM_cAll_d10_mPO0_ch01;gPO_sBM_cAll_d11_mPO0_ch01;gPO_sBM_cAll_d11_mPO0_ch02;gPO_sBM_cAll_d10_mPO0_ch02;gPO_sBM_cAll_d12_mPO3_ch02,,,,,,0.955371804,,0.000000,,,,,,,,,,0.000000,beat-sync,1.098847,1.058468,,0.001096622,0.241676054,right_wrist_yaw,2.294292359,right_wrist_roll,0.241676054,right_wrist_yaw,3.022209699,right_wrist_roll,-0.182581,-0.022987,0.969569,0.501679,0.000000000,0.000000000,0.000000000,0.000000000,0.000000000,0.000000000,11.320000,0.000000000,0.000000000,,3.022210,2.449409,229.836487,,0.004310345,0,1,0,5,gPO_sBM_cAll_d10_mPO0_ch01;gPO_sBM_cAll_d11_mPO0_ch01;gPO_sBM_cAll_d11_mPO0_ch02;gPO_sBM_cAll_d10_mPO0_ch02;gPO_sBM_cAll_d12_mPO3_ch02,,51.286900,601.602400,62.409400,4920.014500,accepted,0.945341,,0.900620,0.238096797,33.766498,0.117530,HO,0.825141,0.004198,0.002786,JB3:0.677740;JB5:0.673542;JB1:0.660599;JB2:0.612309;LO4:0.611277,gHO_sBM_cAll_d20_mHO5_ch10:0.665438;gHO_sBM_cAll_d21_mHO5_ch10:0.662652;gHO_sBM_cAll_d20_mHO5_ch06:0.662545;gHO_sBM_cAll_d21_mHO5_ch09:0.661468;gHO_sBM_cAll_d21_mHO5_ch03:0.654242;gHO_sBM_cAll_d21_mHO5_ch05:0.647517;gHO_sBM_cAll_d20_mHO5_ch05:0.644325;gHO_sBM_cAll_d21_mHO5_ch02:0.644091;gHO_sBM_cAll_d20_mHO5_ch04:0.643459;gHO_sBM_cAll_d21_mHO5_ch04:0.641393,Electronic---Techno:0.328004;Electronic---Electro:0.213235;Electronic---Ambient:0.117530;Electronic---EBM:0.114195;Electronic---Synthwave:0.100376,WA:v0:k1:r1,,JB3,0.677740,gHO_sBM_cAll_d20_mHO5_ch10,0.665438,120.967742
11.960000,11.970782900,,hermite,ready,,,,,0,0.9999995540959185,0,gWA_sBM_cAll_d26_mWA0_ch05,gPO_sBM_cAll_d12_mPO3_ch02,gPO_sBM_cAll_d12_mPO3_ch02,11.224000,gPO_sBM_cAll_d10_mPO0_ch01;gPO_sBM_cAll_d11_mPO0_ch01;gPO_sBM_cAll_d11_mPO0_ch02;gPO_sBM_cAll_d10_mPO0_ch02;gPO_sBM_cAll_d12_mPO3_ch02,,,,,,0.958423604,,0.000000,,,,,,,,,,0.000000,beat-sync,1.094095,1.058468,,0.000959585,0.346035269,left_wrist_yaw,2.264289714,right_wrist_yaw,0.346035269,left_wrist_yaw,2.263701151,right_wrist_yaw,-0.180970,-0.025542,0.978271,0.467660,0.000000000,0.000000000,0.000000000,0.000000000,0.000000000,0.000000000,11.320000,0.000000000,0.000000000,,10.605441,9.296043,386.258415,,0.004321658,0,1,0,5,gPO_sBM_cAll_d10_mPO0_ch01;gPO_sBM_cAll_d11_mPO0_ch01;gPO_sBM_cAll_d11_mPO0_ch02;gPO_sBM_cAll_d10_mPO0_ch02;gPO_sBM_cAll_d12_mPO3_ch02,,51.286900,601.602400,62.409400,4920.014500,accepted,0.945341,,0.900620,0.238096797,33.766498,0.117530,HO,0.825141,0.004198,0.002786,JB3:0.677740;JB5:0.673542;JB1:0.660599;JB2:0.612309;LO4:0.611277,gHO_sBM_cAll_d20_mHO5_ch10:0.665438;gHO_sBM_cAll_d21_mHO5_ch10:0.662652;gHO_sBM_cAll_d20_mHO5_ch06:0.662545;gHO_sBM_cAll_d21_mHO5_ch09:0.661468;gHO_sBM_cAll_d21_mHO5_ch03:0.654242;gHO_sBM_cAll_d21_mHO5_ch05:0.647517;gHO_sBM_cAll_d20_mHO5_ch05:0.644325;gHO_sBM_cAll_d21_mHO5_ch02:0.644091;gHO_sBM_cAll_d20_mHO5_ch04:0.643459;gHO_sBM_cAll_d21_mHO5_ch04:0.641393,Electronic---Techno:0.328004;Electronic---Electro:0.213235;Electronic---Ambient:0.117530;Electronic---EBM:0.114195;Electronic---Synthwave:0.100376,WA:v0:k1:r1,,JB3,0.677740,gHO_sBM_cAll_d20_mHO5_ch10,0.665438,120.967742
12.024000,12.036235400,,hermite,ready,,,,,0,0.9763544963733967,0,gWA_sBM_cAll_d26_mWA0_ch05,gPO_sBM_cAll_d12_mPO3_ch02,gPO_sBM_cAll_d12_mPO3_ch02,11.224000,gPO_sBM_cAll_d10_mPO0_ch01;gPO_sBM_cAll_d11_mPO0_ch01;gPO_sBM_cAll_d11_mPO0_ch02;gPO_sBM_cAll_d10_mPO0_ch02;gPO_sBM_cAll_d12_mPO3_ch02,,,,,,0.964271246,,0.000000,,,,,,,,,,0.000000,beat-sync,1.050166,1.058468,,0.000000000,0.224926964,left_wrist_roll,2.028480448,left_wrist_yaw,0.224926964,left_wrist_roll,2.840722573,left_wrist_yaw,-0.180929,-0.021469,0.988082,0.355007,0.000000000,0.000000000,0.000000000,0.000000000,0.000000000,0.000000000,11.320000,0.000000000,0.000000000,,12.592705,10.313411,214.257164,,0.004299091,0,1,0,5,gPO_sBM_cAll_d10_mPO0_ch01;gPO_sBM_cAll_d11_mPO0_ch01;gPO_sBM_cAll_d11_mPO0_ch02;gPO_sBM_cAll_d10_mPO0_ch02;gPO_sBM_cAll_d12_mPO3_ch02,,51.286900,601.602400,62.409400,4920.014500,accepted,0.945341,,0.900620,0.238096797,33.766498,0.117530,HO,0.825141,0.004198,0.002786,JB3:0.677740;JB5:0.673542;JB1:0.660599;JB2:0.612309;LO4:0.611277,gHO_sBM_cAll_d20_mHO5_ch10:0.665438;gHO_sBM_cAll_d21_mHO5_ch10:0.662652;gHO_sBM_cAll_d20_mHO5_ch06:0.662545;gHO_sBM_cAll_d21_mHO5_ch09:0.661468;gHO_sBM_cAll_d21_mHO5_ch03:0.654242;gHO_sBM_cAll_d21_mHO5_ch05:0.647517;gHO_sBM_cAll_d20_mHO5_ch05:0.644325;gHO_sBM_cAll_d21_mHO5_ch02:0.644091;gHO_sBM_cAll_d20_mHO5_ch04:0.643459;gHO_sBM_cAll_d21_mHO5_ch04:0.641393,Electronic---Techno:0.328004;Electronic---Electro:0.213235;Electronic---Ambient:0.117530;Electronic---EBM:0.114195;Electronic---Synthwave:0.100376,WA:v0:k1:r1,,JB3,0.677740,gHO_sBM_cAll_d20_mHO5_ch10,0.665438,120.967742
12.056000,12.061290300,,hermite,ready,,,,,0,0.9448924918527786,0,gWA_sBM_cAll_d26_mWA0_ch05,gPO_sBM_cAll_d12_mPO3_ch02,gPO_sBM_cAll_d12_mPO3_ch02,11.224000,gPO_sBM_cAll_d10_mPO0_ch01;gPO_sBM_cAll_d11_mPO0_ch01;gPO_sBM_cAll_d11_mPO0_ch02;gPO_sBM_cAll_d10_mPO0_ch02;gPO_sBM_cAll_d12_mPO3_ch02,,,,,,0.966465349,,0.000000,,,,,,,,,,0.000000,beat-sync,1.051060,1.058468,,0.000000000,0.170357928,left_wrist_roll,2.305017200,left_wrist_roll,0.170357928,left_wrist_roll,2.976858425,left_wrist_roll,-0.177965,-0.016927,0.986967,0.332440,0.000000000,0.000000000,0.000000000,0.000000000,0.000000000,0.000000000,11.320000,0.000000000,0.000000000,,12.611692,10.495808,489.338877,,0.004290689,0,1,0,5,gPO_sBM_cAll_d10_mPO0_ch01;gPO_sBM_cAll_d11_mPO0_ch01;gPO_sBM_cAll_d11_mPO0_ch02;gPO_sBM_cAll_d10_mPO0_ch02;gPO_sBM_cAll_d12_mPO3_ch02,,51.286900,601.602400,62.409400,4920.014500,accepted,0.945341,,0.900620,0.238096797,33.766498,0.117530,HO,0.825141,0.004198,0.002786,JB3:0.677740;JB5:0.673542;JB1:0.660599;JB2:0.612309;LO4:0.611277,gHO_sBM_cAll_d20_mHO5_ch10:0.665438;gHO_sBM_cAll_d21_mHO5_ch10:0.662652;gHO_sBM_cAll_d20_mHO5_ch06:0.662545;gHO_sBM_cAll_d21_mHO5_ch09:0.661468;gHO_sBM_cAll_d21_mHO5_ch03:0.654242;gHO_sBM_cAll_d21_mHO5_ch05:0.647517;gHO_sBM_cAll_d20_mHO5_ch05:0.644325;gHO_sBM_cAll_d21_mHO5_ch02:0.644091;gHO_sBM_cAll_d20_mHO5_ch04:0.643459;gHO_sBM_cAll_d21_mHO5_ch04:0.641393,Electronic---Techno:0.328004;Electronic---Electro:0.213235;Electronic---Ambient:0.117530;Electronic---EBM:0.114195;Electronic---Synthwave:0.100376,WA:v0:k1:r1,,JB3,0.677740,gHO_sBM_cAll_d20_mHO5_ch10,0.665438,120.967742
12.120000,12.144586800,,hermite,ready,,,,,0,0.7323833120737466,0,gWA_sBM_cAll_d26_mWA0_ch05,gPO_sBM_cAll_d12_mPO3_ch02,gPO_sBM_cAll_d12_mPO3_ch02,11.224000,gPO_sBM_cAll_d10_mPO0_ch01;gPO_sBM_cAll_d11_mPO0_ch01;gPO_sBM_cAll_d11_mPO0_ch02;gPO_sBM_cAll_d10_mPO0_ch02;gPO_sBM_cAll_d12_mPO3_ch02,,,,,,0.973728957,,0.000000,,,,,,,,,,0.000000,beat-sync,1.053395,1.058468,,0.000000000,0.085301110,right_wrist_yaw,1.157231048,left_wrist_yaw,0.085301110,right_wrist_yaw,1.528787580,left_wrist_yaw,-0.174907,-0.006498,0.987882,0.233594,0.000000000,0.000000000,0.000000000,0.000000000,0.000000000,0.000000000,11.320000,0.000000000,0.000000000,,5.803178,4.867619,173.108515,,0.004262917,0,1,0,5,gPO_sBM_cAll_d10_mPO0_ch01;gPO_sBM_cAll_d11_mPO0_ch01;gPO_sBM_cAll_d11_mPO0_ch02;gPO_sBM_cAll_d10_mPO0_ch02;gPO_sBM_cAll_d12_mPO3_ch02,,51.286900,601.602400,62.409400,4920.014500,accepted,0.945341,,0.900620,0.238096797,33.766498,0.117530,HO,0.825141,0.004198,0.002786,JB3:0.677740;JB5:0.673542;JB1:0.660599;JB2:0.612309;LO4:0.611277,gHO_sBM_cAll_d20_mHO5_ch10:0.665438;gHO_sBM_cAll_d21_mHO5_ch10:0.662652;gHO_sBM_cAll_d20_mHO5_ch06:0.662545;gHO_sBM_cAll_d21_mHO5_ch09:0.661468;gHO_sBM_cAll_d21_mHO5_ch03:0.654242;gHO_sBM_cAll_d21_mHO5_ch05:0.647517;gHO_sBM_cAll_d20_mHO5_ch05:0.644325;gHO_sBM_cAll_d21_mHO5_ch02:0.644091;gHO_sBM_cAll_d20_mHO5_ch04:0.643459;gHO_sBM_cAll_d21_mHO5_ch04:0.641393,Electronic---Techno:0.328004;Electronic---Electro:0.213235;Electronic---Ambient:0.117530;Electronic---EBM:0.114195;Electronic---Synthwave:0.100376,WA:v0:k1:r1,,JB3,0.677740,gHO_sBM_cAll_d20_mHO5_ch10,0.665438,120.967742
12.152000,12.169844600,,hermite,ready,,,,,0,0.6428993422999603,0,gWA_sBM_cAll_d26_mWA0_ch05,gPO_sBM_cAll_d12_mPO3_ch02,gPO_sBM_cAll_d12_mPO3_ch02,11.224000,gPO_sBM_cAll_d10_mPO0_ch01;gPO_sBM_cAll_d11_mPO0_ch01;gPO_sBM_cAll_d11_mPO0_ch02;gPO_sBM_cAll_d10_mPO0_ch02;gPO_sBM_cAll_d12_mPO3_ch02,,,,,,0.975906428,,0.000000,,,,,,,,,,0.000000,beat-sync,1.053943,1.058468,,0.000000000,0.084755662,right_wrist_yaw,1.321733324,left_wrist_yaw,0.084755662,right_wrist_yaw,1.845583843,left_wrist_yaw,-0.176555,-0.005252,0.989296,0.202395,0.000000000,0.000000000,0.000000000,0.000000000,0.000000000,0.000000000,11.320000,0.000000000,0.000000000,,10.200305,8.376852,478.379277,,0.004254656,0,1,0,5,gPO_sBM_cAll_d10_mPO0_ch01;gPO_sBM_cAll_d11_mPO0_ch01;gPO_sBM_cAll_d11_mPO0_ch02;gPO_sBM_cAll_d10_mPO0_ch02;gPO_sBM_cAll_d12_mPO3_ch02,,51.286900,601.602400,62.409400,4920.014500,accepted,0.945341,,0.900620,0.238096797,33.766498,0.117530,HO,0.825141,0.004198,0.002786,JB3:0.677740;JB5:0.673542;JB1:0.660599;JB2:0.612309;LO4:0.611277,gHO_sBM_cAll_d20_mHO5_ch10:0.665438;gHO_sBM_cAll_d21_mHO5_ch10:0.662652;gHO_sBM_cAll_d20_mHO5_ch06:0.662545;gHO_sBM_cAll_d21_mHO5_ch09:0.661468;gHO_sBM_cAll_d21_mHO5_ch03:0.654242;gHO_sBM_cAll_d21_mHO5_ch05:0.647517;gHO_sBM_cAll_d20_mHO5_ch05:0.644325;gHO_sBM_cAll_d21_mHO5_ch02:0.644091;gHO_sBM_cAll_d20_mHO5_ch04:0.643459;gHO_sBM_cAll_d21_mHO5_ch04:0.641393,Electronic---Techno:0.328004;Electronic---Electro:0.213235;Electronic---Ambient:0.117530;Electronic---EBM:0.114195;Electronic---Synthwave:0.100376,WA:v0:k1:r1,,JB3,0.677740,gHO_sBM_cAll_d20_mHO5_ch10,0.665438,120.967742
12.216000,12.236918400,,hermite,ready,,,,,0,0.3895237107025695,0,gWA_sBM_cAll_d26_mWA0_ch05,gPO_sBM_cAll_d12_mPO3_ch02,gPO_sBM_cAll_d12_mPO3_ch02,11.224000,gPO_sBM_cAll_d10_mPO0_ch01;gPO_sBM_cAll_d11_mPO0_ch01;gPO_sBM_cAll_d11_mPO0_ch02;gPO_sBM_cAll_d10_mPO0_ch02;gPO_sBM_cAll_d12_mPO3_ch02,,,,,,0.981619448,,0.000000,,,,,,,,,,0.000000,beat-sync,1.055124,1.058468,,0.000000000,0.094066961,left_wrist_yaw,1.060022961,left_wrist_yaw,0.094066961,left_wrist_yaw,1.211332987,left_wrist_yaw,-0.179797,-0.004724,0.989872,0.102435,0.000000000,0.000000000,0.000000000,0.000000000,0.000000000,0.000000000,11.320000,0.000000000,0.000000000,,11.496101,9.485649,117.867991,,0.004232781,0,1,0,5,gPO_sBM_cAll_d10_mPO0_ch01;gPO_sBM_cAll_d11_mPO0_ch01;gPO_sBM_cAll_d11_mPO0_ch02;gPO_sBM_cAll_d10_mPO0_ch02;gPO_sBM_cAll_d12_mPO3_ch02,,51.286900,601.602400,62.409400,4920.014500,accepted,0.945341,,0.900620,0.238096797,33.766498,0.117530,HO,0.825141,0.004198,0.002786,JB3:0.677740;JB5:0.673542;JB1:0.660599;JB2:0.612309;LO4:0.611277,gHO_sBM_cAll_d20_mHO5_ch10:0.665438;gHO_sBM_cAll_d21_mHO5_ch10:0.662652;gHO_sBM_cAll_d20_mHO5_ch06:0.662545;gHO_sBM_cAll_d21_mHO5_ch09:0.661468;gHO_sBM_cAll_d21_mHO5_ch03:0.654242;gHO_sBM_cAll_d21_mHO5_ch05:0.647517;gHO_sBM_cAll_d20_mHO5_ch05:0.644325;gHO_sBM_cAll_d21_mHO5_ch02:0.644091;gHO_sBM_cAll_d20_mHO5_ch04:0.643459;gHO_sBM_cAll_d21_mHO5_ch04:0.641393,Electronic---Techno:0.328004;Electronic---Electro:0.213235;Electronic---Ambient:0.117530;Electronic---EBM:0.114195;Electronic---Synthwave:0.100376,WA:v0:k1:r1,,JB3,0.677740,gHO_sBM_cAll_d20_mHO5_ch10,0.665438,120.967742
12.280000,12.296986600,,hermite,ready,,,,,0,0.19284765254195294,0,gWA_sBM_cAll_d26_mWA0_ch05,gPO_sBM_cAll_d12_mPO3_ch02,gPO_sBM_cAll_d12_mPO3_ch02,11.224000,gPO_sBM_cAll_d10_mPO0_ch01;gPO_sBM_cAll_d11_mPO0_ch01;gPO_sBM_cAll_d11_mPO0_ch02;gPO_sBM_cAll_d10_mPO0_ch02;gPO_sBM_cAll_d12_mPO3_ch02,,,,,,0.986580118,,0.000000,,,,,,,,,,0.000000,beat-sync,1.055905,1.058468,,0.000000000,0.126176622,left_wrist_yaw,0.740542474,left_wrist_roll,0.126176622,left_wrist_yaw,0.672169403,left_wrist_roll,-0.177068,-0.003601,0.984132,0.024169,0.000000000,0.000000000,0.000000000,0.000000000,0.000000000,0.000000000,11.320000,0.000000000,0.000000000,,9.298125,7.971285,294.031463,,0.004213824,0,1,0,5,gPO_sBM_cAll_d10_mPO0_ch01;gPO_sBM_cAll_d11_mPO0_ch01;gPO_sBM_cAll_d11_mPO0_ch02;gPO_sBM_cAll_d10_mPO0_ch02;gPO_sBM_cAll_d12_mPO3_ch02,,51.286900,601.602400,62.409400,4920.014500,accepted,0.945341,,0.900620,0.238096797,33.766498,0.117530,HO,0.825141,0.004198,0.002786,JB3:0.677740;JB5:0.673542;JB1:0.660599;JB2:0.612309;LO4:0.611277,gHO_sBM_cAll_d20_mHO5_ch10:0.665438;gHO_sBM_cAll_d21_mHO5_ch10:0.662652;gHO_sBM_cAll_d20_mHO5_ch06:0.662545;gHO_sBM_cAll_d21_mHO5_ch09:0.661468;gHO_sBM_cAll_d21_mHO5_ch03:0.654242;gHO_sBM_cAll_d21_mHO5_ch05:0.647517;gHO_sBM_cAll_d20_mHO5_ch05:0.644325;gHO_sBM_cAll_d21_mHO5_ch02:0.644091;gHO_sBM_cAll_d20_mHO5_ch04:0.643459;gHO_sBM_cAll_d21_mHO5_ch04:0.641393,Electronic---Techno:0.328004;Electronic---Electro:0.213235;Electronic---Ambient:0.117530;Electronic---EBM:0.114195;Electronic---Synthwave:0.100376,WA:v0:k1:r1,,JB3,0.677740,gHO_sBM_cAll_d20_mHO5_ch10,0.665438,120.967742
12.312000,12.328122200,,hermite,ready,,,,,0,0.10896119232174531,0,gWA_sBM_cAll_d26_mWA0_ch05,gPO_sBM_cAll_d12_mPO3_ch02,gPO_sBM_cAll_d12_mPO3_ch02,11.224000,gPO_sBM_cAll_d10_mPO0_ch01;gPO_sBM_cAll_d11_mPO0_ch01;gPO_sBM_cAll_d11_mPO0_ch02;gPO_sBM_cAll_d10_mPO0_ch02;gPO_sBM_cAll_d12_mPO3_ch02,,,,,,0.989356294,,0.000000,,,,,,,,,,0.000000,beat-sync,1.056262,1.058468,,0.000000000,0.125648037,right_wrist_yaw,0.543096831,left_wrist_yaw,0.125648037,right_wrist_yaw,0.687854417,left_wrist_yaw,-0.174693,-0.003245,0.980598,-0.017344,0.000000000,0.000000000,0.000000000,0.000000000,0.000000000,0.000000000,11.320000,0.000000000,0.000000000,,6.948420,5.722597,381.871573,,0.004247079,0,1,0,5,gPO_sBM_cAll_d10_mPO0_ch01;gPO_sBM_cAll_d11_mPO0_ch01;gPO_sBM_cAll_d11_mPO0_ch02;gPO_sBM_cAll_d10_mPO0_ch02;gPO_sBM_cAll_d12_mPO3_ch02,,51.286900,601.602400,62.409400,4920.014500,accepted,0.945341,,0.900620,0.238096797,33.766498,0.117530,HO,0.825141,0.004198,0.002786,JB3:0.677740;JB5:0.673542;JB1:0.660599;JB2:0.612309;LO4:0.611277,gHO_sBM_cAll_d20_mHO5_ch10:0.665438;gHO_sBM_cAll_d21_mHO5_ch10:0.662652;gHO_sBM_cAll_d20_mHO5_ch06:0.662545;gHO_sBM_cAll_d21_mHO5_ch09:0.661468;gHO_sBM_cAll_d21_mHO5_ch03:0.654242;gHO_sBM_cAll_d21_mHO5_ch05:0.647517;gHO_sBM_cAll_d20_mHO5_ch05:0.644325;gHO_sBM_cAll_d21_mHO5_ch02:0.644091;gHO_sBM_cAll_d20_mHO5_ch04:0.643459;gHO_sBM_cAll_d21_mHO5_ch04:0.641393,Electronic---Techno:0.328004;Electronic---Electro:0.213235;Electronic---Ambient:0.117530;Electronic---EBM:0.114195;Electronic---Synthwave:0.100376,WA:v0:k1:r1,,JB3,0.677740,gHO_sBM_cAll_d20_mHO5_ch10,0.665438,120.967742
12.376000,12.387574000,,hermite,ready,,,,,0,0.021157018897647397,0,gWA_sBM_cAll_d26_mWA0_ch05,gPO_sBM_cAll_d12_mPO3_ch02,gPO_sBM_cAll_d12_mPO3_ch02,11.224000,gPO_sBM_cAll_d10_mPO0_ch01;gPO_sBM_cAll_d11_mPO0_ch01;gPO_sBM_cAll_d11_mPO0_ch02;gPO_sBM_cAll_d10_mPO0_ch02;gPO_sBM_cAll_d12_mPO3_ch02,,,,,,0.994240419,,0.000000,,,,,,,,,,0.000000,beat-sync,1.056775,1.058468,,0.000000000,0.158934268,right_wrist_yaw,0.862339638,right_wrist_yaw,0.158934268,right_wrist_yaw,0.960485932,right_wrist_yaw,-0.171004,-0.005086,0.976453,-0.102862,0.000000000,0.000000000,0.000000000,0.000000000,0.000000000,0.000000000,11.320000,0.000000000,0.000000000,,3.171597,2.596937,75.613706,,0.004228191,0,1,0,5,gPO_sBM_cAll_d10_mPO0_ch01;gPO_sBM_cAll_d11_mPO0_ch01;gPO_sBM_cAll_d11_mPO0_ch02;gPO_sBM_cAll_d10_mPO0_ch02;gPO_sBM_cAll_d12_mPO3_ch02,,51.286900,601.602400,62.409400,4920.014500,accepted,0.945341,,0.900620,0.238096797,33.766498,0.117530,HO,0.825141,0.004198,0.002786,JB3:0.677740;JB5:0.673542;JB1:0.660599;JB2:0.612309;LO4:0.611277,gHO_sBM_cAll_d20_mHO5_ch10:0.665438;gHO_sBM_cAll_d21_mHO5_ch10:0.662652;gHO_sBM_cAll_d20_mHO5_ch06:0.662545;gHO_sBM_cAll_d21_mHO5_ch09:0.661468;gHO_sBM_cAll_d21_mHO5_ch03:0.654242;gHO_sBM_cAll_d21_mHO5_ch05:0.647517;gHO_sBM_cAll_d20_mHO5_ch05:0.644325;gHO_sBM_cAll_d21_mHO5_ch02:0.644091;gHO_sBM_cAll_d20_mHO5_ch04:0.643459;gHO_sBM_cAll_d21_mHO5_ch04:0.641393,Electronic---Techno:0.328004;Electronic---Electro:0.213235;Electronic---Ambient:0.117530;Electronic---EBM:0.114195;Electronic---Synthwave:0.100376,WA:v0:k1:r1,,JB3,0.677740,gHO_sBM_cAll_d20_mHO5_ch10,0.665438,120.967742
12.408000,12.420061700,,hermite,ready,,,,,0,0.0032240522827023123,0,gWA_sBM_cAll_d26_mWA0_ch05,gPO_sBM_cAll_d12_mPO3_ch02,gPO_sBM_cAll_d12_mPO3_ch02,11.224000,gPO_sBM_cAll_d10_mPO0_ch01;gPO_sBM_cAll_d11_mPO0_ch01;gPO_sBM_cAll_d11_mPO0_ch02;gPO_sBM_cAll_d10_mPO0_ch02;gPO_sBM_cAll_d12_mPO3_ch02,,,,,,0.997032671,,0.000000,,,,,,,,,,0.000000,beat-sync,1.057014,1.058468,,0.000000000,0.186838354,right_wrist_yaw,0.841013198,right_wrist_yaw,0.186838354,right_wrist_yaw,1.216447966,right_wrist_yaw,-0.171561,-0.006069,0.974632,-0.135824,0.000000000,0.000000000,0.000000000,0.000000000,0.000000000,0.000000000,11.320000,0.000000000,0.000000000,,5.071425,4.066428,570.103607,,0.004217473,0,1,0,5,gPO_sBM_cAll_d10_mPO0_ch01;gPO_sBM_cAll_d11_mPO0_ch01;gPO_sBM_cAll_d11_mPO0_ch02;gPO_sBM_cAll_d10_mPO0_ch02;gPO_sBM_cAll_d12_mPO3_ch02,,51.286900,601.602400,62.409400,4920.014500,accepted,0.945341,,0.900620,0.238096797,33.766498,0.117530,HO,0.825141,0.004198,0.002786,JB3:0.677740;JB5:0.673542;JB1:0.660599;JB2:0.612309;LO4:0.611277,gHO_sBM_cAll_d20_mHO5_ch10:0.665438;gHO_sBM_cAll_d21_mHO5_ch10:0.662652;gHO_sBM_cAll_d20_mHO5_ch06:0.662545;gHO_sBM_cAll_d21_mHO5_ch09:0.661468;gHO_sBM_cAll_d21_mHO5_ch03:0.654242;gHO_sBM_cAll_d21_mHO5_ch05:0.647517;gHO_sBM_cAll_d20_mHO5_ch05:0.644325;gHO_sBM_cAll_d21_mHO5_ch02:0.644091;gHO_sBM_cAll_d20_mHO5_ch04:0.643459;gHO_sBM_cAll_d21_mHO5_ch04:0.641393,Electronic---Techno:0.328004;Electronic---Electro:0.213235;Electronic---Ambient:0.117530;Electronic---EBM:0.114195;Electronic---Synthwave:0.100376,WA:v0:k1:r1,,JB3,0.677740,gHO_sBM_cAll_d20_mHO5_ch10,0.665438,120.967742
12.440000,12.462730300,switch_start,hermite,executing,,6.217248937900877e-15,7.612957883143931e-14,4.495270369094512e-13,0,0.0,0,gWA_sBM_cAll_d26_mWA0_ch05,,,11.224000,gPO_sBM_cAll_d10_mPO0_ch01;gPO_sBM_cAll_d11_mPO0_ch01;gPO_sBM_cAll_d11_mPO0_ch02;gPO_sBM_cAll_d10_mPO0_ch02;gPO_sBM_cAll_d12_mPO3_ch02,13.451277,113,,gPO_sBM_cAll_d12_mPO3_ch02,,1.000000000,0.216061185,0.018557,motion_end,0.216061185,0.077234,0.128347,0.034431,0.000000,0.087300,0.000000,4.270833,0.350000,beat-sync,1.057267,1.058468,,0.000000000,0.224200367,left_wrist_yaw,0.627143269,left_wrist_yaw,0.224200367,left_wrist_yaw,0.630459486,left_wrist_yaw,-0.172699,-0.006555,0.974143,-0.152369,0.000000000,0.000000000,0.000000000,0.000000000,0.000000000,0.000000000,11.320000,0.000000000,0.000000000,,1.351345,1.147144,94.208718,,0.004204152,0,1,0,5,gPO_sBM_cAll_d10_mPO0_ch01;gPO_sBM_cAll_d11_mPO0_ch01;gPO_sBM_cAll_d11_mPO0_ch02;gPO_sBM_cAll_d10_mPO0_ch02;gPO_sBM_cAll_d12_mPO3_ch02,,51.286900,601.602400,62.409400,4920.014500,accepted,0.945341,,0.900620,0.238096797,33.766498,0.117530,HO,0.825141,0.004198,0.002786,JB3:0.677740;JB5:0.673542;JB1:0.660599;JB2:0.612309;LO4:0.611277,gHO_sBM_cAll_d20_mHO5_ch10:0.665438;gHO_sBM_cAll_d21_mHO5_ch10:0.662652;gHO_sBM_cAll_d20_mHO5_ch06:0.662545;gHO_sBM_cAll_d21_mHO5_ch09:0.661468;gHO_sBM_cAll_d21_mHO5_ch03:0.654242;gHO_sBM_cAll_d21_mHO5_ch05:0.647517;gHO_sBM_cAll_d20_mHO5_ch05:0.644325;gHO_sBM_cAll_d21_mHO5_ch02:0.644091;gHO_sBM_cAll_d20_mHO5_ch04:0.643459;gHO_sBM_cAll_d21_mHO5_ch04:0.641393,Electronic---Techno:0.328004;Electronic---Electro:0.213235;Electronic---Ambient:0.117530;Electronic---EBM:0.114195;Electronic---Synthwave:0.100376,WA:v0:k1:r1,,JB3,0.677740,gHO_sBM_cAll_d20_mHO5_ch10,0.665438,120.967742
12.472000,12.477745300,,hermite,executing,,6.217248937900877e-15,7.612957883143931e-14,4.495270369094512e-13,0,0.0,0,gWA_sBM_cAll_d26_mWA0_ch05,,,11.224000,gPO_sBM_cAll_d10_mPO0_ch01;gPO_sBM_cAll_d11_mPO0_ch01;gPO_sBM_cAll_d11_mPO0_ch02;gPO_sBM_cAll_d10_mPO0_ch02;gPO_sBM_cAll_d12_mPO3_ch02,13.451277,113,,gPO_sBM_cAll_d12_mPO3_ch02,,1.000000000,0.216061185,0.065128,motion_end,0.216061185,0.077234,0.128347,0.034431,0.000000,0.087300,0.000000,4.270833,0.350000,beat-sync,1.057267,1.058468,,0.000000000,0.221775862,left_wrist_yaw,0.772582776,right_wrist_roll,0.221775862,left_wrist_yaw,0.954456340,right_wrist_roll,-0.172699,-0.006555,0.974210,-0.152368,0.000000000,0.000000000,0.000000000,0.000000000,0.000000000,0.000000000,11.320000,0.000000000,0.000000000,,2.299150,1.908315,79.744467,,0.004198847,0,1,0,5,gPO_sBM_cAll_d10_mPO0_ch01;gPO_sBM_cAll_d11_mPO0_ch01;gPO_sBM_cAll_d11_mPO0_ch02;gPO_sBM_cAll_d10_mPO0_ch02;gPO_sBM_cAll_d12_mPO3_ch02,,51.286900,601.602400,62.409400,4920.014500,accepted,0.945341,,0.900620,0.238096797,33.766498,0.117530,HO,0.825141,0.004198,0.002786,JB3:0.677740;JB5:0.673542;JB1:0.660599;JB2:0.612309;LO4:0.611277,gHO_sBM_cAll_d20_mHO5_ch10:0.665438;gHO_sBM_cAll_d21_mHO5_ch10:0.662652;gHO_sBM_cAll_d20_mHO5_ch06:0.662545;gHO_sBM_cAll_d21_mHO5_ch09:0.661468;gHO_sBM_cAll_d21_mHO5_ch03:0.654242;gHO_sBM_cAll_d21_mHO5_ch05:0.647517;gHO_sBM_cAll_d20_mHO5_ch05:0.644325;gHO_sBM_cAll_d21_mHO5_ch02:0.644091;gHO_sBM_cAll_d20_mHO5_ch04:0.643459;gHO_sBM_cAll_d21_mHO5_ch04:0.641393,Electronic---Techno:0.328004;Electronic---Electro:0.213235;Electronic---Ambient:0.117530;Electronic---EBM:0.114195;Electronic---Synthwave:0.100376,WA:v0:k1:r1,,JB3,0.677740,gHO_sBM_cAll_d20_mHO5_ch10,0.665438,120.967742
12.504000,12.513230400,,hermite,executing,,6.217248937900877e-15,7.612957883143931e-14,4.495270369094512e-13,0,0.0,0,gWA_sBM_cAll_d26_mWA0_ch05,,,11.224000,gPO_sBM_cAll_d10_mPO0_ch01;gPO_sBM_cAll_d11_mPO0_ch01;gPO_sBM_cAll_d11_mPO0_ch02;gPO_sBM_cAll_d10_mPO0_ch02;gPO_sBM_cAll_d12_mPO3_ch02,13.451277,113,,gPO_sBM_cAll_d12_mPO3_ch02,,1.000000000,0.216061185,0.160396,motion_end,0.216061185,0.077234,0.128347,0.034431,0.000000,0.087300,0.000000,4.270833,0.350000,beat-sync,1.057267,1.058468,,0.000000000,0.180922238,left_wrist_yaw,1.622279715,left_wrist_yaw,0.180922238,left_wrist_yaw,1.771937561,left_wrist_yaw,-0.172699,-0.006555,0.975020,-0.152361,0.000000000,0.000000000,0.000000000,0.000000000,0.000000000,0.000000000,11.320000,0.000000000,0.000000000,,4.019443,3.252481,41.823861,,0.004188277,0,1,0,5,gPO_sBM_cAll_d10_mPO0_ch01;gPO_sBM_cAll_d11_mPO0_ch01;gPO_sBM_cAll_d11_mPO0_ch02;gPO_sBM_cAll_d10_mPO0_ch02;gPO_sBM_cAll_d12_mPO3_ch02,,51.286900,601.602400,62.409400,4920.014500,accepted,0.945341,,0.900620,0.238096797,33.766498,0.117530,HO,0.825141,0.004198,0.002786,JB3:0.677740;JB5:0.673542;JB1:0.660599;JB2:0.612309;LO4:0.611277,gHO_sBM_cAll_d20_mHO5_ch10:0.665438;gHO_sBM_cAll_d21_mHO5_ch10:0.662652;gHO_sBM_cAll_d20_mHO5_ch06:0.662545;gHO_sBM_cAll_d21_mHO5_ch09:0.661468;gHO_sBM_cAll_d21_mHO5_ch03:0.654242;gHO_sBM_cAll_d21_mHO5_ch05:0.647517;gHO_sBM_cAll_d20_mHO5_ch05:0.644325;gHO_sBM_cAll_d21_mHO5_ch02:0.644091;gHO_sBM_cAll_d20_mHO5_ch04:0.643459;gHO_sBM_cAll_d21_mHO5_ch04:0.641393,Electronic---Techno:0.328004;Electronic---Electro:0.213235;Electronic---Ambient:0.117530;Electronic---EBM:0.114195;Electronic---Synthwave:0.100376,WA:v0:k1:r1,,JB3,0.677740,gHO_sBM_cAll_d20_mHO5_ch10,0.665438,120.967742
12.504000,12.535990800,match,hermite,executing,,6.217248937900877e-15,7.612957883143931e-14,4.495270369094512e-13,0,0.0,0,gWA_sBM_cAll_d26_mWA0_ch05,,,12.248000,gPO_sBM_cAll_d10_mPO0_ch01;gPO_sBM_cAll_d11_mPO0_ch01;gPO_sBM_cAll_d11_mPO0_ch02;gPO_sBM_cAll_d10_mPO0_ch02;gPO_sBM_cAll_d12_mPO3_ch02,13.451277,113,,gPO_sBM_cAll_d12_mPO3_ch02,,1.000000000,0.216061185,0.231784,motion_end,0.216061185,0.077234,0.128347,0.034431,0.000000,0.087300,0.000000,4.270833,0.350000,beat-sync,1.057267,1.058468,,0.000000000,0.130989286,left_wrist_yaw,2.044189090,left_wrist_yaw,0.130989286,left_wrist_yaw,2.527659597,left_wrist_yaw,-0.172699,-0.006555,0.976485,-0.152348,0.000000000,0.000000000,0.000000000,0.000000000,0.000000000,0.000000000,11.320000,0.000000000,0.000000000,,5.441500,4.502836,53.642493,,0.004180385,0,1,0,5,gPO_sBM_cAll_d10_mPO0_ch01;gPO_sBM_cAll_d11_mPO0_ch01;gPO_sBM_cAll_d11_mPO0_ch02;gPO_sBM_cAll_d10_mPO0_ch02;gPO_sBM_cAll_d12_mPO3_ch02,,51.286900,601.602400,62.409400,4920.014500,accepted,0.947087,,0.903794,0.241870991,33.181416,0.112665,HO,0.846646,0.005274,0.002807,JB3:0.675915;JB5:0.670641;JB1:0.657479;LO4:0.616090;JB2:0.610333,gHO_sBM_cAll_d20_mHO5_ch10:0.666802;gHO_sBM_cAll_d21_mHO5_ch10:0.663995;gHO_sBM_cAll_d20_mHO5_ch06:0.663899;gHO_sBM_cAll_d21_mHO5_ch09:0.662803;gHO_sBM_cAll_d21_mHO5_ch03:0.655689;gHO_sBM_cAll_d21_mHO5_ch05:0.648779;gHO_sBM_cAll_d20_mHO5_ch05:0.645623;gHO_sBM_cAll_d21_mHO5_ch02:0.645307;gHO_sBM_cAll_d20_mHO5_ch04:0.644716;gHO_sBM_cAll_d21_mHO5_ch04:0.642606,Electronic---Techno:0.327413;Electronic---Electro:0.210061;Electronic---Ambient:0.112665;Electronic---Deep Techno:0.107612;Electronic---EBM:0.106975,WA:v0:k1:r1,,JB3,0.675915,gHO_sBM_cAll_d20_mHO5_ch10,0.666802,120.967742
12.568000,12.586518400,,hermite,executing,,6.217248937900877e-15,7.612957883143931e-14,4.495270369094512e-13,0,0.0,0,gWA_sBM_cAll_d26_mWA0_ch05,,,12.248000,gPO_sBM_cAll_d10_mPO0_ch01;gPO_sBM_cAll_d11_mPO0_ch01;gPO_sBM_cAll_d11_mPO0_ch02;gPO_sBM_cAll_d10_mPO0_ch02;gPO_sBM_cAll_d12_mPO3_ch02,13.451277,113,,gPO_sBM_cAll_d12_mPO3_ch02,,1.000000000,0.216061185,0.375777,motion_end,0.216061185,0.077234,0.128347,0.034431,0.000000,0.087300,0.000000,4.270833,0.350000,beat-sync,1.057267,1.058468,,0.000000000,0.066893050,left_wrist_pitch,2.301748593,left_wrist_yaw,0.066893050,left_wrist_pitch,2.827673184,left_wrist_yaw,-0.172699,-0.006555,0.981741,-0.152315,0.000000000,0.000000000,0.000000000,0.000000000,0.000000000,0.000000000,11.320000,0.000000000,0.000000000,,7.833226,6.586415,78.826973,,0.004164689,0,1,0,5,gPO_sBM_cAll_d10_mPO0_ch01;gPO_sBM_cAll_d11_mPO0_ch01;gPO_sBM_cAll_d11_mPO0_ch02;gPO_sBM_cAll_d10_mPO0_ch02;gPO_sBM_cAll_d12_mPO3_ch02,,51.286900,601.602400,62.409400,4920.014500,accepted,0.947087,,0.903794,0.241870991,33.181416,0.112665,HO,0.846646,0.005274,0.002807,JB3:0.675915;JB5:0.670641;JB1:0.657479;LO4:0.616090;JB2:0.610333,gHO_sBM_cAll_d20_mHO5_ch10:0.666802;gHO_sBM_cAll_d21_mHO5_ch10:0.663995;gHO_sBM_cAll_d20_mHO5_ch06:0.663899;gHO_sBM_cAll_d21_mHO5_ch09:0.662803;gHO_sBM_cAll_d21_mHO5_ch03:0.655689;gHO_sBM_cAll_d21_mHO5_ch05:0.648779;gHO_sBM_cAll_d20_mHO5_ch05:0.645623;gHO_sBM_cAll_d21_mHO5_ch02:0.645307;gHO_sBM_cAll_d20_mHO5_ch04:0.644716;gHO_sBM_cAll_d21_mHO5_ch04:0.642606,Electronic---Techno:0.327413;Electronic---Electro:0.210061;Electronic---Ambient:0.112665;Electronic---Deep Techno:0.107612;Electronic---EBM:0.106975,WA:v0:k1:r1,,JB3,0.675915,gHO_sBM_cAll_d20_mHO5_ch10,0.666802,120.967742
12.600000,12.620415600,,hermite,executing,,6.217248937900877e-15,7.612957883143931e-14,4.495270369094512e-13,0,0.0,0,gWA_sBM_cAll_d26_mWA0_ch05,,,12.248000,gPO_sBM_cAll_d10_mPO0_ch01;gPO_sBM_cAll_d11_mPO0_ch01;gPO_sBM_cAll_d11_mPO0_ch02;gPO_sBM_cAll_d10_mPO0_ch02;gPO_sBM_cAll_d12_mPO3_ch02,13.451277,113,,gPO_sBM_cAll_d12_mPO3_ch02,,1.000000000,0.216061185,0.470138,motion_end,0.216061185,0.077234,0.128347,0.034431,0.000000,0.087300,0.000000,4.270833,0.350000,beat-sync,1.057267,1.058468,,0.000000000,0.079780769,right_wrist_roll,2.185913861,right_wrist_yaw,0.079780769,right_wrist_roll,2.213520895,right_wrist_yaw,-0.172699,-0.006555,0.986349,-0.152302,0.000000000,0.000000000,0.000000000,0.000000000,0.000000000,0.000000000,11.320000,0.000000000,0.000000000,,6.789272,5.903784,99.167289,,0.004154290,0,1,0,5,gPO_sBM_cAll_d10_mPO0_ch01;gPO_sBM_cAll_d11_mPO0_ch01;gPO_sBM_cAll_d11_mPO0_ch02;gPO_sBM_cAll_d10_mPO0_ch02;gPO_sBM_cAll_d12_mPO3_ch02,,51.286900,601.602400,62.409400,4920.014500,accepted,0.947087,,0.903794,0.241870991,33.181416,0.112665,HO,0.846646,0.005274,0.002807,JB3:0.675915;JB5:0.670641;JB1:0.657479;LO4:0.616090;JB2:0.610333,gHO_sBM_cAll_d20_mHO5_ch10:0.666802;gHO_sBM_cAll_d21_mHO5_ch10:0.663995;gHO_sBM_cAll_d20_mHO5_ch06:0.663899;gHO_sBM_cAll_d21_mHO5_ch09:0.662803;gHO_sBM_cAll_d21_mHO5_ch03:0.655689;gHO_sBM_cAll_d21_mHO5_ch05:0.648779;gHO_sBM_cAll_d20_mHO5_ch05:0.645623;gHO_sBM_cAll_d21_mHO5_ch02:0.645307;gHO_sBM_cAll_d20_mHO5_ch04:0.644716;gHO_sBM_cAll_d21_mHO5_ch04:0.642606,Electronic---Techno:0.327413;Electronic---Electro:0.210061;Electronic---Ambient:0.112665;Electronic---Deep Techno:0.107612;Electronic---EBM:0.106975,WA:v0:k1:r1,,JB3,0.675915,gHO_sBM_cAll_d20_mHO5_ch10,0.666802,120.967742
12.600000,12.627240000,,hermite,executing,,6.217248937900877e-15,7.612957883143931e-14,4.495270369094512e-13,0,0.0,0,gWA_sBM_cAll_d26_mWA0_ch05,,,12.248000,gPO_sBM_cAll_d10_mPO0_ch01;gPO_sBM_cAll_d11_mPO0_ch01;gPO_sBM_cAll_d11_mPO0_ch02;gPO_sBM_cAll_d10_mPO0_ch02;gPO_sBM_cAll_d12_mPO3_ch02,13.451277,113,,gPO_sBM_cAll_d12_mPO3_ch02,,1.000000000,0.216061185,0.493096,motion_end,0.216061185,0.077234,0.128347,0.034431,0.000000,0.087300,0.000000,4.270833,0.350000,beat-sync,1.057267,1.058468,,0.000000000,0.081166130,right_wrist_roll,2.014858724,right_wrist_yaw,0.081166130,right_wrist_roll,2.920085109,right_wrist_yaw,-0.172699,-0.006555,0.987529,-0.152301,0.000000000,0.000000000,0.000000000,0.000000000,0.000000000,0.000000000,11.320000,0.000000000,0.000000000,,9.167403,7.523273,239.450342,,0.004151698,0,1,0,5,gPO_sBM_cAll_d10_mPO0_ch01;gPO_sBM_cAll_d11_mPO0_ch01;gPO_sBM_cAll_d11_mPO0_ch02;gPO_sBM_cAll_d10_mPO0_ch02;gPO_sBM_cAll_d12_mPO3_ch02,,51.286900,601.602400,62.409400,4920.014500,accepted,0.947087,,0.903794,0.241870991,33.181416,0.112665,HO,0.846646,0.005274,0.002807,JB3:0.675915;JB5:0.670641;JB1:0.657479;LO4:0.616090;JB2:0.610333,gHO_sBM_cAll_d20_mHO5_ch10:0.666802;gHO_sBM_cAll_d21_mHO5_ch10:0.663995;gHO_sBM_cAll_d20_mHO5_ch06:0.663899;gHO_sBM_cAll_d21_mHO5_ch09:0.662803;gHO_sBM_cAll_d21_mHO5_ch03:0.655689;gHO_sBM_cAll_d21_mHO5_ch05:0.648779;gHO_sBM_cAll_d20_mHO5_ch05:0.645623;gHO_sBM_cAll_d21_mHO5_ch02:0.645307;gHO_sBM_cAll_d20_mHO5_ch04:0.644716;gHO_sBM_cAll_d21_mHO5_ch04:0.642606,Electronic---Techno:0.327413;Electronic---Electro:0.210061;Electronic---Ambient:0.112665;Electronic---Deep Techno:0.107612;Electronic---EBM:0.106975,WA:v0:k1:r1,,JB3,0.675915,gHO_sBM_cAll_d20_mHO5_ch10,0.666802,120.967742
12.600000,12.636013600,,hermite,executing,,6.217248937900877e-15,7.612957883143931e-14,4.495270369094512e-13,0,0.0,0,gWA_sBM_cAll_d26_mWA0_ch05,,,12.248000,gPO_sBM_cAll_d10_mPO0_ch01;gPO_sBM_cAll_d11_mPO0_ch01;gPO_sBM_cAll_d11_mPO0_ch02;gPO_sBM_cAll_d10_mPO0_ch02;gPO_sBM_cAll_d12_mPO3_ch02,13.451277,113,,gPO_sBM_cAll_d12_mPO3_ch02,,1.000000000,0.216061185,0.517423,motion_end,0.216061185,0.077234,0.128347,0.034431,0.000000,0.087300,0.000000,4.270833,0.350000,beat-sync,1.057267,1.058468,,0.000000000,0.091945589,right_wrist_yaw,2.070057559,right_wrist_yaw,0.091945589,right_wrist_yaw,2.375150376,right_wrist_yaw,-0.172699,-0.006555,0.988782,-0.152301,0.000000000,0.000000000,0.000000000,0.000000000,0.000000000,0.000000000,11.320000,0.000000000,0.000000000,,7.622373,6.366720,137.839806,,0.004149110,0,1,0,5,gPO_sBM_cAll_d10_mPO0_ch01;gPO_sBM_cAll_d11_mPO0_ch01;gPO_sBM_cAll_d11_mPO0_ch02;gPO_sBM_cAll_d10_mPO0_ch02;gPO_sBM_cAll_d12_mPO3_ch02,,51.286900,601.602400,62.409400,4920.014500,accepted,0.947087,,0.903794,0.241870991,33.181416,0.112665,HO,0.846646,0.005274,0.002807,JB3:0.675915;JB5:0.670641;JB1:0.657479;LO4:0.616090;JB2:0.610333,gHO_sBM_cAll_d20_mHO5_ch10:0.666802;gHO_sBM_cAll_d21_mHO5_ch10:0.663995;gHO_sBM_cAll_d20_mHO5_ch06:0.663899;gHO_sBM_cAll_d21_mHO5_ch09:0.662803;gHO_sBM_cAll_d21_mHO5_ch03:0.655689;gHO_sBM_cAll_d21_mHO5_ch05:0.648779;gHO_sBM_cAll_d20_mHO5_ch05:0.645623;gHO_sBM_cAll_d21_mHO5_ch02:0.645307;gHO_sBM_cAll_d20_mHO5_ch04:0.644716;gHO_sBM_cAll_d21_mHO5_ch04:0.642606,Electronic---Techno:0.327413;Electronic---Electro:0.210061;Electronic---Ambient:0.112665;Electronic---Deep Techno:0.107612;Electronic---EBM:0.106975,WA:v0:k1:r1,,JB3,0.675915,gHO_sBM_cAll_d20_mHO5_ch10,0.666802,120.967742
12.600000,12.644383400,,hermite,executing,,6.217248937900877e-15,7.612957883143931e-14,4.495270369094512e-13,0,0.0,0,gWA_sBM_cAll_d26_mWA0_ch05,,,12.248000,gPO_sBM_cAll_d10_mPO0_ch01;gPO_sBM_cAll_d11_mPO0_ch01;gPO_sBM_cAll_d11_mPO0_ch02;gPO_sBM_cAll_d10_mPO0_ch02;gPO_sBM_cAll_d12_mPO3_ch02,13.451277,113,,gPO_sBM_cAll_d12_mPO3_ch02,,1.000000000,0.216061185,0.541771,motion_end,0.216061185,0.077234,0.128347,0.034431,0.000000,0.087300,0.000000,4.270833,0.350000,beat-sync,1.057267,1.058468,,0.000000000,0.108550569,right_wrist_yaw,1.992597592,right_wrist_yaw,0.108550569,right_wrist_yaw,2.337643058,right_wrist_yaw,-0.172699,-0.006555,0.990027,-0.152303,0.000000000,0.000000000,0.000000000,0.000000000,0.000000000,0.000000000,11.320000,0.000000000,0.000000000,,7.664479,6.460785,38.063075,,0.004146525,0,1,0,5,gPO_sBM_cAll_d10_mPO0_ch01;gPO_sBM_cAll_d11_mPO0_ch01;gPO_sBM_cAll_d11_mPO0_ch02;gPO_sBM_cAll_d10_mPO0_ch02;gPO_sBM_cAll_d12_mPO3_ch02,,51.286900,601.602400,62.409400,4920.014500,accepted,0.947087,,0.903794,0.241870991,33.181416,0.112665,HO,0.846646,0.005274,0.002807,JB3:0.675915;JB5:0.670641;JB1:0.657479;LO4:0.616090;JB2:0.610333,gHO_sBM_cAll_d20_mHO5_ch10:0.666802;gHO_sBM_cAll_d21_mHO5_ch10:0.663995;gHO_sBM_cAll_d20_mHO5_ch06:0.663899;gHO_sBM_cAll_d21_mHO5_ch09:0.662803;gHO_sBM_cAll_d21_mHO5_ch03:0.655689;gHO_sBM_cAll_d21_mHO5_ch05:0.648779;gHO_sBM_cAll_d20_mHO5_ch05:0.645623;gHO_sBM_cAll_d21_mHO5_ch02:0.645307;gHO_sBM_cAll_d20_mHO5_ch04:0.644716;gHO_sBM_cAll_d21_mHO5_ch04:0.642606,Electronic---Techno:0.327413;Electronic---Electro:0.210061;Electronic---Ambient:0.112665;Electronic---Deep Techno:0.107612;Electronic---EBM:0.106975,WA:v0:k1:r1,,JB3,0.675915,gHO_sBM_cAll_d20_mHO5_ch10,0.666802,120.967742
12.632000,12.652586500,,hermite,executing,,6.217248937900877e-15,7.612957883143931e-14,4.495270369094512e-13,0,0.0,0,gWA_sBM_cAll_d26_mWA0_ch05,,,12.248000,gPO_sBM_cAll_d10_mPO0_ch01;gPO_sBM_cAll_d11_mPO0_ch01;gPO_sBM_cAll_d11_mPO0_ch02;gPO_sBM_cAll_d10_mPO0_ch02;gPO_sBM_cAll_d12_mPO3_ch02,13.451277,113,,gPO_sBM_cAll_d12_mPO3_ch02,,1.000000000,0.216061185,0.564688,motion_end,0.216061185,0.077234,0.128347,0.034431,0.000000,0.087300,0.000000,4.270833,0.350000,beat-sync,1.057267,1.058468,,0.000000000,0.123487732,right_wrist_yaw,1.792459560,right_wrist_yaw,0.123487732,right_wrist_yaw,2.230492623,right_wrist_yaw,-0.172699,-0.006555,0.991181,-0.152305,0.000000000,0.000000000,0.000000000,0.000000000,0.000000000,0.000000000,11.320000,0.000000000,0.000000000,,7.458972,6.157166,42.950964,,0.004143943,0,1,0,5,gPO_sBM_cAll_d10_mPO0_ch01;gPO_sBM_cAll_d11_mPO0_ch01;gPO_sBM_cAll_d11_mPO0_ch02;gPO_sBM_cAll_d10_mPO0_ch02;gPO_sBM_cAll_d12_mPO3_ch02,,51.286900,601.602400,62.409400,4920.014500,accepted,0.947087,,0.903794,0.241870991,33.181416,0.112665,HO,0.846646,0.005274,0.002807,JB3:0.675915;JB5:0.670641;JB1:0.657479;LO4:0.616090;JB2:0.610333,gHO_sBM_cAll_d20_mHO5_ch10:0.666802;gHO_sBM_cAll_d21_mHO5_ch10:0.663995;gHO_sBM_cAll_d20_mHO5_ch06:0.663899;gHO_sBM_cAll_d21_mHO5_ch09:0.662803;gHO_sBM_cAll_d21_mHO5_ch03:0.655689;gHO_sBM_cAll_d21_mHO5_ch05:0.648779;gHO_sBM_cAll_d20_mHO5_ch05:0.645623;gHO_sBM_cAll_d21_mHO5_ch02:0.645307;gHO_sBM_cAll_d20_mHO5_ch04:0.644716;gHO_sBM_cAll_d21_mHO5_ch04:0.642606,Electronic---Techno:0.327413;Electronic---Electro:0.210061;Electronic---Ambient:0.112665;Electronic---Deep Techno:0.107612;Electronic---EBM:0.106975,WA:v0:k1:r1,,JB3,0.675915,gHO_sBM_cAll_d20_mHO5_ch10,0.666802,120.967742
12.664000,12.686194400,,hermite,executing,,6.217248937900877e-15,7.612957883143931e-14,4.495270369094512e-13,0,0.0,0,gWA_sBM_cAll_d26_mWA0_ch05,,,12.248000,gPO_sBM_cAll_d10_mPO0_ch01;gPO_sBM_cAll_d11_mPO0_ch01;gPO_sBM_cAll_d11_mPO0_ch02;gPO_sBM_cAll_d10_mPO0_ch02;gPO_sBM_cAll_d12_mPO3_ch02,13.451277,113,,gPO_sBM_cAll_d12_mPO3_ch02,,1.000000000,0.216061185,0.660460,motion_end,0.216061185,0.077234,0.128347,0.034431,0.000000,0.087300,0.000000,4.270833,0.350000,beat-sync,1.057267,1.058468,,0.000000000,0.177152040,right_wrist_yaw,1.305994827,right_wrist_yaw,0.177152040,right_wrist_yaw,1.820313478,right_wrist_yaw,-0.172699,-0.006555,0.995604,-0.152322,0.000000000,0.000000000,0.000000000,0.000000000,0.000000000,0.000000000,11.320000,0.000000000,0.000000000,,7.261995,5.840465,37.935482,,0.004133647,0,1,0,5,gPO_sBM_cAll_d10_mPO0_ch01;gPO_sBM_cAll_d11_mPO0_ch01;gPO_sBM_cAll_d11_mPO0_ch02;gPO_sBM_cAll_d10_mPO0_ch02;gPO_sBM_cAll_d12_mPO3_ch02,,51.286900,601.602400,62.409400,4920.014500,accepted,0.947087,,0.903794,0.241870991,33.181416,0.112665,HO,0.846646,0.005274,0.002807,JB3:0.675915;JB5:0.670641;JB1:0.657479;LO4:0.616090;JB2:0.610333,gHO_sBM_cAll_d20_mHO5_ch10:0.666802;gHO_sBM_cAll_d21_mHO5_ch10:0.663995;gHO_sBM_cAll_d20_mHO5_ch06:0.663899;gHO_sBM_cAll_d21_mHO5_ch09:0.662803;gHO_sBM_cAll_d21_mHO5_ch03:0.655689;gHO_sBM_cAll_d21_mHO5_ch05:0.648779;gHO_sBM_cAll_d20_mHO5_ch05:0.645623;gHO_sBM_cAll_d21_mHO5_ch02:0.645307;gHO_sBM_cAll_d20_mHO5_ch04:0.644716;gHO_sBM_cAll_d21_mHO5_ch04:0.642606,Electronic---Techno:0.327413;Electronic---Electro:0.210061;Electronic---Ambient:0.112665;Electronic---Deep Techno:0.107612;Electronic---EBM:0.106975,WA:v0:k1:r1,,JB3,0.675915,gHO_sBM_cAll_d20_mHO5_ch10,0.666802,120.967742
12.728000,12.744376000,,hermite,executing,,6.217248937900877e-15,7.612957883143931e-14,4.495270369094512e-13,0,0.0,0,gWA_sBM_cAll_d26_mWA0_ch05,,,12.248000,gPO_sBM_cAll_d10_mPO0_ch01;gPO_sBM_cAll_d11_mPO0_ch01;gPO_sBM_cAll_d11_mPO0_ch02;gPO_sBM_cAll_d10_mPO0_ch02;gPO_sBM_cAll_d12_mPO3_ch02,13.451277,113,,gPO_sBM_cAll_d12_mPO3_ch02,,1.000000000,0.216061185,0.826885,motion_end,0.216061185,0.077234,0.128347,0.034431,0.000000,0.087300,0.000000,4.270833,0.350000,beat-sync,1.057267,1.058468,,0.000000000,0.230746503,right_wrist_yaw,0.536073623,right_wrist_yaw,0.230746503,right_wrist_yaw,0.646963098,right_wrist_yaw,-0.172699,-0.006555,1.000546,-0.152357,0.000000000,0.000000000,0.000000000,0.000000000,0.000000000,0.000000000,11.320000,0.000000000,0.000000000,,3.218760,2.672205,71.780809,,0.004115753,0,1,0,5,gPO_sBM_cAll_d10_mPO0_ch01;gPO_sBM_cAll_d11_mPO0_ch01;gPO_sBM_cAll_d11_mPO0_ch02;gPO_sBM_cAll_d10_mPO0_ch02;gPO_sBM_cAll_d12_mPO3_ch02,,51.286900,601.602400,62.409400,4920.014500,accepted,0.947087,,0.903794,0.241870991,33.181416,0.112665,HO,0.846646,0.005274,0.002807,JB3:0.675915;JB5:0.670641;JB1:0.657479;LO4:0.616090;JB2:0.610333,gHO_sBM_cAll_d20_mHO5_ch10:0.666802;gHO_sBM_cAll_d21_mHO5_ch10:0.663995;gHO_sBM_cAll_d20_mHO5_ch06:0.663899;gHO_sBM_cAll_d21_mHO5_ch09:0.662803;gHO_sBM_cAll_d21_mHO5_ch03:0.655689;gHO_sBM_cAll_d21_mHO5_ch05:0.648779;gHO_sBM_cAll_d20_mHO5_ch05:0.645623;gHO_sBM_cAll_d21_mHO5_ch02:0.645307;gHO_sBM_cAll_d20_mHO5_ch04:0.644716;gHO_sBM_cAll_d21_mHO5_ch04:0.642606,Electronic---Techno:0.327413;Electronic---Electro:0.210061;Electronic---Ambient:0.112665;Electronic---Deep Techno:0.107612;Electronic---EBM:0.106975,WA:v0:k1:r1,,JB3,0.675915,gHO_sBM_cAll_d20_mHO5_ch10,0.666802,120.967742
12.760000,12.778083300,,hermite,executing,,6.217248937900877e-15,7.612957883143931e-14,4.495270369094512e-13,0,0.0,0,gWA_sBM_cAll_d26_mWA0_ch05,,,12.248000,gPO_sBM_cAll_d10_mPO0_ch01;gPO_sBM_cAll_d11_mPO0_ch01;gPO_sBM_cAll_d11_mPO0_ch02;gPO_sBM_cAll_d10_mPO0_ch02;gPO_sBM_cAll_d12_mPO3_ch02,13.451277,113,,gPO_sBM_cAll_d12_mPO3_ch02,,1.000000000,0.216061185,0.922625,motion_end,0.216061185,0.077234,0.128347,0.034431,0.000000,0.087300,0.000000,4.270833,0.350000,beat-sync,1.057267,1.058468,,0.000000000,0.240248752,right_wrist_yaw,0.152177281,right_wrist_yaw,0.240248752,right_wrist_yaw,0.178674746,right_wrist_yaw,-0.172699,-0.006555,1.001515,-0.152366,0.000000000,0.000000000,0.000000000,0.000000000,0.000000000,0.000000000,11.320000,0.000000000,0.000000000,,0.977403,0.824336,48.387867,,0.004105597,0,1,0,5,gPO_sBM_cAll_d10_mPO0_ch01;gPO_sBM_cAll_d11_mPO0_ch01;gPO_sBM_cAll_d11_mPO0_ch02;gPO_sBM_cAll_d10_mPO0_ch02;gPO_sBM_cAll_d12_mPO3_ch02,,51.286900,601.602400,62.409400,4920.014500,accepted,0.947087,,0.903794,0.241870991,33.181416,0.112665,HO,0.846646,0.005274,0.002807,JB3:0.675915;JB5:0.670641;JB1:0.657479;LO4:0.616090;JB2:0.610333,gHO_sBM_cAll_d20_mHO5_ch10:0.666802;gHO_sBM_cAll_d21_mHO5_ch10:0.663995;gHO_sBM_cAll_d20_mHO5_ch06:0.663899;gHO_sBM_cAll_d21_mHO5_ch09:0.662803;gHO_sBM_cAll_d21_mHO5_ch03:0.655689;gHO_sBM_cAll_d21_mHO5_ch05:0.648779;gHO_sBM_cAll_d20_mHO5_ch05:0.645623;gHO_sBM_cAll_d21_mHO5_ch02:0.645307;gHO_sBM_cAll_d20_mHO5_ch04:0.644716;gHO_sBM_cAll_d21_mHO5_ch04:0.642606,Electronic---Techno:0.327413;Electronic---Electro:0.210061;Electronic---Ambient:0.112665;Electronic---Deep Techno:0.107612;Electronic---EBM:0.106975,WA:v0:k1:r1,,JB3,0.675915,gHO_sBM_cAll_d20_mHO5_ch10,0.666802,120.967742
12.792000,12.812466300,switch_complete,hermite,awaiting_preparation,,6.217248937900877e-15,7.612957883143931e-14,4.495270369094512e-13,0,1.6292858111256768e-05,1,gPO_sBM_cAll_d12_mPO3_ch02,,,12.248000,gHO_sBM_cAll_d20_mHO5_ch10;gHO_sBM_cAll_d21_mHO5_ch10;gHO_sBM_cAll_d20_mHO5_ch06;gHO_sBM_cAll_d21_mHO5_ch09;gHO_sBM_cAll_d21_mHO5_ch03,13.451277,113,,,,0.216740180,0.216061185,1.000000,motion_end,0.216061185,0.077234,0.128347,0.034431,0.000000,0.087300,0.000000,4.270833,0.350000,beat-sync,1.057267,1.057267,,0.000000000,0.241305063,right_wrist_yaw,0.000097111,right_wrist_roll,0.241305063,right_wrist_yaw,0.000108448,right_wrist_roll,-0.172488,-0.007165,1.001087,-0.147438,0.000000000,0.000000000,0.000000000,0.000000000,0.000000000,0.000000000,12.792000,0.000000000,0.000000000,,0.000507,0.000434,4.760958,,0.004095491,0,1,0,5,gPO_sBM_cAll_d10_mPO0_ch01;gPO_sBM_cAll_d11_mPO0_ch01;gPO_sBM_cAll_d11_mPO0_ch02;gPO_sBM_cAll_d10_mPO0_ch02;gPO_sBM_cAll_d12_mPO3_ch02,,51.286900,601.602400,62.409400,4920.014500,accepted,0.947087,,0.903794,0.241870991,33.181416,0.112665,HO,0.846646,0.005274,0.002807,JB3:0.675915;JB5:0.670641;JB1:0.657479;LO4:0.616090;JB2:0.610333,gHO_sBM_cAll_d20_mHO5_ch10:0.666802;gHO_sBM_cAll_d21_mHO5_ch10:0.663995;gHO_sBM_cAll_d20_mHO5_ch06:0.663899;gHO_sBM_cAll_d21_mHO5_ch09:0.662803;gHO_sBM_cAll_d21_mHO5_ch03:0.655689;gHO_sBM_cAll_d21_mHO5_ch05:0.648779;gHO_sBM_cAll_d20_mHO5_ch05:0.645623;gHO_sBM_cAll_d21_mHO5_ch02:0.645307;gHO_sBM_cAll_d20_mHO5_ch04:0.644716;gHO_sBM_cAll_d21_mHO5_ch04:0.642606,Electronic---Techno:0.327413;Electronic---Electro:0.210061;Electronic---Ambient:0.112665;Electronic---Deep Techno:0.107612;Electronic---EBM:0.106975,PO:v1:k0:r1,,JB3,0.675915,gHO_sBM_cAll_d20_mHO5_ch10,0.666802,120.967742
12.792000,12.822356600,post_switch_continuity,hermite,loading,,6.217248937900877e-15,7.612957883143931e-14,4.495270369094512e-13,0,0.000240102740847983,1,gPO_sBM_cAll_d12_mPO3_ch02,,,12.248000,gHO_sBM_cAll_d20_mHO5_ch10;gHO_sBM_cAll_d21_mHO5_ch10;gHO_sBM_cAll_d20_mHO5_ch06;gHO_sBM_cAll_d21_mHO5_ch09;gHO_sBM_cAll_d21_mHO5_ch03,13.451277,113,,,,0.217740669,0.216061185,0.000000,motion_end,0.216061185,0.077234,0.128347,0.034431,0.000000,0.087300,0.000000,4.270833,0.350000,beat-sync,1.057267,1.057267,,0.000000000,0.241302605,right_wrist_yaw,0.000421249,right_wrist_roll,0.241302605,right_wrist_yaw,0.000416246,right_wrist_roll,-0.172176,-0.008064,1.000290,-0.140142,0.000000000,0.000000000,0.000000000,0.000950786,0.000796964,0.007295884,12.792000,0.000000000,0.000000000,,0.000416,0.000355,0.040056,,0.004092972,0,1,0,5,gPO_sBM_cAll_d10_mPO0_ch01;gPO_sBM_cAll_d11_mPO0_ch01;gPO_sBM_cAll_d11_mPO0_ch02;gPO_sBM_cAll_d10_mPO0_ch02;gPO_sBM_cAll_d12_mPO3_ch02,,51.286900,601.602400,62.409400,4920.014500,accepted,0.947087,,0.903794,0.241870991,33.181416,0.112665,HO,0.846646,0.005274,0.002807,JB3:0.675915;JB5:0.670641;JB1:0.657479;LO4:0.616090;JB2:0.610333,gHO_sBM_cAll_d20_mHO5_ch10:0.666802;gHO_sBM_cAll_d21_mHO5_ch10:0.663995;gHO_sBM_cAll_d20_mHO5_ch06:0.663899;gHO_sBM_cAll_d21_mHO5_ch09:0.662803;gHO_sBM_cAll_d21_mHO5_ch03:0.655689;gHO_sBM_cAll_d21_mHO5_ch05:0.648779;gHO_sBM_cAll_d20_mHO5_ch05:0.645623;gHO_sBM_cAll_d21_mHO5_ch02:0.645307;gHO_sBM_cAll_d20_mHO5_ch04:0.644716;gHO_sBM_cAll_d21_mHO5_ch04:0.642606,Electronic---Techno:0.327413;Electronic---Electro:0.210061;Electronic---Ambient:0.112665;Electronic---Deep Techno:0.107612;Electronic---EBM:0.106975,PO:v1:k0:r1,,JB3,0.675915,gHO_sBM_cAll_d20_mHO5_ch10,0.666802,120.967742
12.824000,12.837779600,,hermite,loading,,6.217248937900877e-15,7.612957883143931e-14,4.495270369094512e-13,0,0.0022363907835853984,1,gPO_sBM_cAll_d12_mPO3_ch02,,,12.248000,gHO_sBM_cAll_d20_mHO5_ch10;gHO_sBM_cAll_d21_mHO5_ch10;gHO_sBM_cAll_d20_mHO5_ch06;gHO_sBM_cAll_d21_mHO5_ch09;gHO_sBM_cAll_d21_mHO5_ch03,13.451277,113,,,,0.219656350,0.216061185,0.000000,motion_end,0.216061185,0.077234,0.128347,0.034431,0.000000,0.087300,0.000000,4.270833,0.350000,beat-sync,1.057267,1.057267,,0.000000000,0.241282006,right_wrist_yaw,0.002352559,right_wrist_roll,0.241282006,right_wrist_yaw,0.002726391,right_wrist_roll,-0.171007,-0.009062,0.999047,-0.131591,0.000000000,0.000000000,0.000000000,0.000950786,0.000796964,0.007295884,12.792000,0.000000000,0.000000000,,0.002726,0.002329,0.111542,,0.004087944,0,1,0,5,gPO_sBM_cAll_d10_mPO0_ch01;gPO_sBM_cAll_d11_mPO0_ch01;gPO_sBM_cAll_d11_mPO0_ch02;gPO_sBM_cAll_d10_mPO0_ch02;gPO_sBM_cAll_d12_mPO3_ch02,,51.286900,601.602400,62.409400,4920.014500,accepted,0.947087,,0.903794,0.241870991,33.181416,0.112665,HO,0.846646,0.005274,0.002807,JB3:0.675915;JB5:0.670641;JB1:0.657479;LO4:0.616090;JB2:0.610333,gHO_sBM_cAll_d20_mHO5_ch10:0.666802;gHO_sBM_cAll_d21_mHO5_ch10:0.663995;gHO_sBM_cAll_d20_mHO5_ch06:0.663899;gHO_sBM_cAll_d21_mHO5_ch09:0.662803;gHO_sBM_cAll_d21_mHO5_ch03:0.655689;gHO_sBM_cAll_d21_mHO5_ch05:0.648779;gHO_sBM_cAll_d20_mHO5_ch05:0.645623;gHO_sBM_cAll_d21_mHO5_ch02:0.645307;gHO_sBM_cAll_d20_mHO5_ch04:0.644716;gHO_sBM_cAll_d21_mHO5_ch04:0.642606,Electronic---Techno:0.327413;Electronic---Electro:0.210061;Electronic---Ambient:0.112665;Electronic---Deep Techno:0.107612;Electronic---EBM:0.106975,PO:v1:k0:r1,,JB3,0.675915,gHO_sBM_cAll_d20_mHO5_ch10,0.666802,120.967742
12.856000,12.870127900,beat_limiter_result,hermite,loading,,6.217248937900877e-15,7.612957883143931e-14,4.495270369094512e-13,0,0.01743146862261892,1,gPO_sBM_cAll_d12_mPO3_ch02,,,12.248000,gHO_sBM_cAll_d20_mHO5_ch10;gHO_sBM_cAll_d21_mHO5_ch10;gHO_sBM_cAll_d20_mHO5_ch06;gHO_sBM_cAll_d21_mHO5_ch09;gHO_sBM_cAll_d21_mHO5_ch03,13.451277,113,,,,0.223446252,0.216061185,0.000000,motion_end,0.216061185,0.077234,0.128347,0.034431,0.000000,0.087300,0.000000,4.270833,0.350000,beat-sync,1.057267,1.057267,,0.000000000,0.241145451,right_wrist_yaw,0.008168217,right_wrist_roll,0.241145451,right_wrist_yaw,0.009916158,right_wrist_roll,-0.167917,-0.012182,0.997547,-0.126239,0.000000000,0.000000000,0.000000000,0.000950786,0.000796964,0.007295884,12.792000,0.000000000,0.000000000,,0.011365,0.009531,0.508816,,0.004077924,0,1,0,5,gPO_sBM_cAll_d10_mPO0_ch01;gPO_sBM_cAll_d11_mPO0_ch01;gPO_sBM_cAll_d11_mPO0_ch02;gPO_sBM_cAll_d10_mPO0_ch02;gPO_sBM_cAll_d12_mPO3_ch02,,51.286900,601.602400,62.409400,4920.014500,accepted,0.947087,,0.903794,0.241870991,33.181416,0.112665,HO,0.846646,0.005274,0.002807,JB3:0.675915;JB5:0.670641;JB1:0.657479;LO4:0.616090;JB2:0.610333,gHO_sBM_cAll_d20_mHO5_ch10:0.666802;gHO_sBM_cAll_d21_mHO5_ch10:0.663995;gHO_sBM_cAll_d20_mHO5_ch06:0.663899;gHO_sBM_cAll_d21_mHO5_ch09:0.662803;gHO_sBM_cAll_d21_mHO5_ch03:0.655689;gHO_sBM_cAll_d21_mHO5_ch05:0.648779;gHO_sBM_cAll_d20_mHO5_ch05:0.645623;gHO_sBM_cAll_d21_mHO5_ch02:0.645307;gHO_sBM_cAll_d20_mHO5_ch04:0.644716;gHO_sBM_cAll_d21_mHO5_ch04:0.642606,Electronic---Techno:0.327413;Electronic---Electro:0.210061;Electronic---Ambient:0.112665;Electronic---Deep Techno:0.107612;Electronic---EBM:0.106975,PO:v1:k0:r1,,JB3,0.675915,gHO_sBM_cAll_d20_mHO5_ch10,0.666802,120.967742
12.920000,12.929632000,,hermite,loading,,6.217248937900877e-15,7.612957883143931e-14,4.495270369094512e-13,0,0.09965208328586792,1,gPO_sBM_cAll_d12_mPO3_ch02,,,12.248000,gHO_sBM_cAll_d20_mHO5_ch10;gHO_sBM_cAll_d21_mHO5_ch10;gHO_sBM_cAll_d20_mHO5_ch06;gHO_sBM_cAll_d21_mHO5_ch09;gHO_sBM_cAll_d21_mHO5_ch03,13.451277,113,,,,0.230189306,0.216061185,0.000000,motion_end,0.216061185,0.077234,0.128347,0.034431,0.000000,0.087300,0.000000,4.270833,0.350000,beat-sync,1.057267,1.057267,,0.000000000,0.240613813,right_wrist_yaw,0.015416904,right_wrist_roll,0.240613813,right_wrist_yaw,0.016434390,right_wrist_roll,-0.163563,-0.015494,0.988499,-0.093070,0.000000000,0.000000000,0.000000000,0.000950786,0.000796964,0.007295884,12.792000,0.000000000,0.000000000,,0.040892,0.035931,1.809546,,0.004060508,0,1,0,5,gPO_sBM_cAll_d10_mPO0_ch01;gPO_sBM_cAll_d11_mPO0_ch01;gPO_sBM_cAll_d11_mPO0_ch02;gPO_sBM_cAll_d10_mPO0_ch02;gPO_sBM_cAll_d12_mPO3_ch02,,51.286900,601.602400,62.409400,4920.014500,accepted,0.947087,,0.903794,0.241870991,33.181416,0.112665,HO,0.846646,0.005274,0.002807,JB3:0.675915;JB5:0.670641;JB1:0.657479;LO4:0.616090;JB2:0.610333,gHO_sBM_cAll_d20_mHO5_ch10:0.666802;gHO_sBM_cAll_d21_mHO5_ch10:0.663995;gHO_sBM_cAll_d20_mHO5_ch06:0.663899;gHO_sBM_cAll_d21_mHO5_ch09:0.662803;gHO_sBM_cAll_d21_mHO5_ch03:0.655689;gHO_sBM_cAll_d21_mHO5_ch05:0.648779;gHO_sBM_cAll_d20_mHO5_ch05:0.645623;gHO_sBM_cAll_d21_mHO5_ch02:0.645307;gHO_sBM_cAll_d20_mHO5_ch04:0.644716;gHO_sBM_cAll_d21_mHO5_ch04:0.642606,Electronic---Techno:0.327413;Electronic---Electro:0.210061;Electronic---Ambient:0.112665;Electronic---Deep Techno:0.107612;Electronic---EBM:0.106975,PO:v1:k0:r1,,JB3,0.675915,gHO_sBM_cAll_d20_mHO5_ch10,0.666802,120.967742
12.952000,12.961716400,,hermite,loading,,6.217248937900877e-15,7.612957883143931e-14,4.495270369094512e-13,0,0.18106285222104132,1,gPO_sBM_cAll_d12_mPO3_ch02,,,12.248000,gHO_sBM_cAll_d20_mHO5_ch10;gHO_sBM_cAll_d21_mHO5_ch10;gHO_sBM_cAll_d20_mHO5_ch06;gHO_sBM_cAll_d21_mHO5_ch09;gHO_sBM_cAll_d21_mHO5_ch03,13.451277,113,,,,0.234030336,0.216061185,0.000000,motion_end,0.216061185,0.077234,0.128347,0.034431,0.000000,0.087300,0.000000,4.270833,0.350000,beat-sync,1.057267,1.057267,,0.000000000,0.240283002,right_wrist_yaw,0.013547231,right_wrist_roll,0.240283002,right_wrist_yaw,0.016209398,right_wrist_roll,-0.156843,-0.017926,0.978179,-0.062727,0.000000000,0.000000000,0.000000000,0.000950786,0.000796964,0.007295884,12.792000,0.000000000,0.000000000,,0.062491,0.053124,2.326551,,0.004050622,0,1,0,5,gPO_sBM_cAll_d10_mPO0_ch01;gPO_sBM_cAll_d11_mPO0_ch01;gPO_sBM_cAll_d11_mPO0_ch02;gPO_sBM_cAll_d10_mPO0_ch02;gPO_sBM_cAll_d12_mPO3_ch02,,51.286900,601.602400,62.409400,4920.014500,accepted,0.947087,,0.903794,0.241870991,33.181416,0.112665,HO,0.846646,0.005274,0.002807,JB3:0.675915;JB5:0.670641;JB1:0.657479;LO4:0.616090;JB2:0.610333,gHO_sBM_cAll_d20_mHO5_ch10:0.666802;gHO_sBM_cAll_d21_mHO5_ch10:0.663995;gHO_sBM_cAll_d20_mHO5_ch06:0.663899;gHO_sBM_cAll_d21_mHO5_ch09:0.662803;gHO_sBM_cAll_d21_mHO5_ch03:0.655689;gHO_sBM_cAll_d21_mHO5_ch05:0.648779;gHO_sBM_cAll_d20_mHO5_ch05:0.645623;gHO_sBM_cAll_d21_mHO5_ch02:0.645307;gHO_sBM_cAll_d20_mHO5_ch04:0.644716;gHO_sBM_cAll_d21_mHO5_ch04:0.642606,Electronic---Techno:0.327413;Electronic---Electro:0.210061;Electronic---Ambient:0.112665;Electronic---Deep Techno:0.107612;Electronic---EBM:0.106975,PO:v1:k0:r1,,JB3,0.675915,gHO_sBM_cAll_d20_mHO5_ch10,0.666802,120.967742
13.016000,13.037815200,,hermite,loading,,6.217248937900877e-15,7.612957883143931e-14,4.495270369094512e-13,0,0.4354166748865976,1,gPO_sBM_cAll_d12_mPO3_ch02,,,12.248000,gHO_sBM_cAll_d20_mHO5_ch10;gHO_sBM_cAll_d21_mHO5_ch10;gHO_sBM_cAll_d20_mHO5_ch06;gHO_sBM_cAll_d21_mHO5_ch09;gHO_sBM_cAll_d21_mHO5_ch03,13.451277,113,,,,0.242759791,0.216061185,0.000000,motion_end,0.216061185,0.077234,0.128347,0.034431,0.000000,0.087300,0.000000,4.270833,0.350000,beat-sync,1.057267,1.057267,,0.000000000,0.240145276,right_wrist_yaw,0.008705323,right_wrist_roll,0.240145276,right_wrist_yaw,0.008868070,right_wrist_roll,-0.129763,-0.027149,0.944382,-0.020067,0.000000000,0.000000000,0.000000000,0.000950786,0.000796964,0.007295884,12.792000,0.000000000,0.000000000,,0.051455,0.045433,1.624466,,0.004028555,0,1,0,5,gPO_sBM_cAll_d10_mPO0_ch01;gPO_sBM_cAll_d11_mPO0_ch01;gPO_sBM_cAll_d11_mPO0_ch02;gPO_sBM_cAll_d10_mPO0_ch02;gPO_sBM_cAll_d12_mPO3_ch02,,51.286900,601.602400,62.409400,4920.014500,accepted,0.947087,,0.903794,0.241870991,33.181416,0.112665,HO,0.846646,0.005274,0.002807,JB3:0.675915;JB5:0.670641;JB1:0.657479;LO4:0.616090;JB2:0.610333,gHO_sBM_cAll_d20_mHO5_ch10:0.666802;gHO_sBM_cAll_d21_mHO5_ch10:0.663995;gHO_sBM_cAll_d20_mHO5_ch06:0.663899;gHO_sBM_cAll_d21_mHO5_ch09:0.662803;gHO_sBM_cAll_d21_mHO5_ch03:0.655689;gHO_sBM_cAll_d21_mHO5_ch05:0.648779;gHO_sBM_cAll_d20_mHO5_ch05:0.645623;gHO_sBM_cAll_d21_mHO5_ch02:0.645307;gHO_sBM_cAll_d20_mHO5_ch04:0.644716;gHO_sBM_cAll_d21_mHO5_ch04:0.642606,Electronic---Techno:0.327413;Electronic---Electro:0.210061;Electronic---Ambient:0.112665;Electronic---Deep Techno:0.107612;Electronic---EBM:0.106975,PO:v1:k0:r1,,JB3,0.675915,gHO_sBM_cAll_d20_mHO5_ch10,0.666802,120.967742
13.080000,13.103841000,,hermite,loading,,6.217248937900877e-15,7.612957883143931e-14,4.495270369094512e-13,0,0.6884349410170321,1,gPO_sBM_cAll_d12_mPO3_ch02,,,12.248000,gHO_sBM_cAll_d20_mHO5_ch10;gHO_sBM_cAll_d21_mHO5_ch10;gHO_sBM_cAll_d20_mHO5_ch06;gHO_sBM_cAll_d21_mHO5_ch09;gHO_sBM_cAll_d21_mHO5_ch03,13.451277,113,,,,0.250673593,0.216061185,0.000000,motion_end,0.216061185,0.077234,0.128347,0.034431,0.000000,0.087300,0.000000,4.270833,0.350000,beat-sync,1.057267,1.057267,,0.000000000,0.241351794,right_wrist_yaw,0.036183972,right_wrist_roll,0.241351794,right_wrist_yaw,0.049002681,right_wrist_roll,-0.130592,-0.029961,0.928343,0.092307,0.000000000,0.000000000,0.000000000,0.000950786,0.000796964,0.007295884,12.792000,0.000000000,0.000000000,,0.408182,0.340004,42.242261,,0.004009140,0,1,0,5,gPO_sBM_cAll_d10_mPO0_ch01;gPO_sBM_cAll_d11_mPO0_ch01;gPO_sBM_cAll_d11_mPO0_ch02;gPO_sBM_cAll_d10_mPO0_ch02;gPO_sBM_cAll_d12_mPO3_ch02,,51.286900,601.602400,62.409400,4920.014500,accepted,0.947087,,0.903794,0.241870991,33.181416,0.112665,HO,0.846646,0.005274,0.002807,JB3:0.675915;JB5:0.670641;JB1:0.657479;LO4:0.616090;JB2:0.610333,gHO_sBM_cAll_d20_mHO5_ch10:0.666802;gHO_sBM_cAll_d21_mHO5_ch10:0.663995;gHO_sBM_cAll_d20_mHO5_ch06:0.663899;gHO_sBM_cAll_d21_mHO5_ch09:0.662803;gHO_sBM_cAll_d21_mHO5_ch03:0.655689;gHO_sBM_cAll_d21_mHO5_ch05:0.648779;gHO_sBM_cAll_d20_mHO5_ch05:0.645623;gHO_sBM_cAll_d21_mHO5_ch02:0.645307;gHO_sBM_cAll_d20_mHO5_ch04:0.644716;gHO_sBM_cAll_d21_mHO5_ch04:0.642606,Electronic---Techno:0.327413;Electronic---Electro:0.210061;Electronic---Ambient:0.112665;Electronic---Deep Techno:0.107612;Electronic---EBM:0.106975,PO:v1:k0:r1,,JB3,0.675915,gHO_sBM_cAll_d20_mHO5_ch10,0.666802,120.967742
13.112000,13.128900800,,hermite,loading,,6.217248937900877e-15,7.612957883143931e-14,4.495270369094512e-13,0,0.7727317173264592,1,gPO_sBM_cAll_d12_mPO3_ch02,,,12.248000,gHO_sBM_cAll_d20_mHO5_ch10;gHO_sBM_cAll_d21_mHO5_ch10;gHO_sBM_cAll_d20_mHO5_ch06;gHO_sBM_cAll_d21_mHO5_ch09;gHO_sBM_cAll_d21_mHO5_ch03,13.451277,113,,,,0.253639976,0.216061185,0.000000,motion_end,0.216061185,0.077234,0.128347,0.034431,0.000000,0.087300,0.000000,4.270833,0.350000,beat-sync,1.057267,1.057267,,0.000000000,0.242149696,right_wrist_yaw,0.047882986,right_wrist_roll,0.242149696,right_wrist_yaw,0.052815301,right_wrist_roll,-0.138198,-0.023678,0.932212,0.080029,0.000000000,0.000000000,0.000000000,0.000950786,0.000796964,0.007295884,12.792000,0.000000000,0.000000000,,0.252469,0.219308,20.746755,,0.004001908,0,1,0,5,gPO_sBM_cAll_d10_mPO0_ch01;gPO_sBM_cAll_d11_mPO0_ch01;gPO_sBM_cAll_d11_mPO0_ch02;gPO_sBM_cAll_d10_mPO0_ch02;gPO_sBM_cAll_d12_mPO3_ch02,,51.286900,601.602400,62.409400,4920.014500,accepted,0.947087,,0.903794,0.241870991,33.181416,0.112665,HO,0.846646,0.005274,0.002807,JB3:0.675915;JB5:0.670641;JB1:0.657479;LO4:0.616090;JB2:0.610333,gHO_sBM_cAll_d20_mHO5_ch10:0.666802;gHO_sBM_cAll_d21_mHO5_ch10:0.663995;gHO_sBM_cAll_d20_mHO5_ch06:0.663899;gHO_sBM_cAll_d21_mHO5_ch09:0.662803;gHO_sBM_cAll_d21_mHO5_ch03:0.655689;gHO_sBM_cAll_d21_mHO5_ch05:0.648779;gHO_sBM_cAll_d20_mHO5_ch05:0.645623;gHO_sBM_cAll_d21_mHO5_ch02:0.645307;gHO_sBM_cAll_d20_mHO5_ch04:0.644716;gHO_sBM_cAll_d21_mHO5_ch04:0.642606,Electronic---Techno:0.327413;Electronic---Electro:0.210061;Electronic---Ambient:0.112665;Electronic---Deep Techno:0.107612;Electronic---EBM:0.106975,PO:v1:k0:r1,,JB3,0.675915,gHO_sBM_cAll_d20_mHO5_ch10,0.666802,120.967742
13.176000,13.195088900,,hermite,loading,,6.217248937900877e-15,7.612957883143931e-14,4.495270369094512e-13,0,0.938422216493603,1,gPO_sBM_cAll_d12_mPO3_ch02,,,12.248000,gHO_sBM_cAll_d20_mHO5_ch10;gHO_sBM_cAll_d21_mHO5_ch10;gHO_sBM_cAll_d20_mHO5_ch06;gHO_sBM_cAll_d21_mHO5_ch09;gHO_sBM_cAll_d21_mHO5_ch03,13.451277,113,,,,0.261681805,0.216061185,0.000000,motion_end,0.216061185,0.077234,0.128347,0.034431,0.000000,0.087300,0.000000,4.270833,0.350000,beat-sync,1.057267,1.057267,,0.000000000,0.244945790,right_wrist_yaw,0.064584346,right_wrist_roll,0.244945790,right_wrist_yaw,0.089488690,right_wrist_roll,-0.156862,-0.003424,0.961046,-0.064825,0.000000000,0.000000000,0.000000000,0.000950786,0.000796964,0.007295884,12.792000,0.000000000,0.000000000,,0.113631,0.095532,9.530306,,0.003982748,0,1,0,5,gPO_sBM_cAll_d10_mPO0_ch01;gPO_sBM_cAll_d11_mPO0_ch01;gPO_sBM_cAll_d11_mPO0_ch02;gPO_sBM_cAll_d10_mPO0_ch02;gPO_sBM_cAll_d12_mPO3_ch02,,51.286900,601.602400,62.409400,4920.014500,accepted,0.947087,,0.903794,0.241870991,33.181416,0.112665,HO,0.846646,0.005274,0.002807,JB3:0.675915;JB5:0.670641;JB1:0.657479;LO4:0.616090;JB2:0.610333,gHO_sBM_cAll_d20_mHO5_ch10:0.666802;gHO_sBM_cAll_d21_mHO5_ch10:0.663995;gHO_sBM_cAll_d20_mHO5_ch06:0.663899;gHO_sBM_cAll_d21_mHO5_ch09:0.662803;gHO_sBM_cAll_d21_mHO5_ch03:0.655689;gHO_sBM_cAll_d21_mHO5_ch05:0.648779;gHO_sBM_cAll_d20_mHO5_ch05:0.645623;gHO_sBM_cAll_d21_mHO5_ch02:0.645307;gHO_sBM_cAll_d20_mHO5_ch04:0.644716;gHO_sBM_cAll_d21_mHO5_ch04:0.642606,Electronic---Techno:0.327413;Electronic---Electro:0.210061;Electronic---Ambient:0.112665;Electronic---Deep Techno:0.107612;Electronic---EBM:0.106975,PO:v1:k0:r1,,JB3,0.675915,gHO_sBM_cAll_d20_mHO5_ch10,0.666802,120.967742
13.208000,13.220198500,,hermite,loading,,6.217248937900877e-15,7.612957883143931e-14,4.495270369094512e-13,0,0.9721859050650447,1,gPO_sBM_cAll_d12_mPO3_ch02,,,12.248000,gHO_sBM_cAll_d20_mHO5_ch10;gHO_sBM_cAll_d21_mHO5_ch10;gHO_sBM_cAll_d20_mHO5_ch06;gHO_sBM_cAll_d21_mHO5_ch09;gHO_sBM_cAll_d21_mHO5_ch03,13.451277,113,,,,0.264678819,0.216061185,0.000000,motion_end,0.216061185,0.077234,0.128347,0.034431,0.000000,0.087300,0.000000,4.270833,0.350000,beat-sync,1.057267,1.057267,,0.000000000,0.246082789,right_wrist_yaw,0.063869653,right_wrist_roll,0.246082789,right_wrist_yaw,0.076797794,right_wrist_roll,-0.163972,0.000646,0.973010,-0.073911,0.000000000,0.000000000,0.000000000,0.000950786,0.000796964,0.007295884,12.792000,0.000000000,0.000000000,,0.180072,0.153412,16.439432,,0.003975611,0,1,0,5,gPO_sBM_cAll_d10_mPO0_ch01;gPO_sBM_cAll_d11_mPO0_ch01;gPO_sBM_cAll_d11_mPO0_ch02;gPO_sBM_cAll_d10_mPO0_ch02;gPO_sBM_cAll_d12_mPO3_ch02,,51.286900,601.602400,62.409400,4920.014500,accepted,0.947087,,0.903794,0.241870991,33.181416,0.112665,HO,0.846646,0.005274,0.002807,JB3:0.675915;JB5:0.670641;JB1:0.657479;LO4:0.616090;JB2:0.610333,gHO_sBM_cAll_d20_mHO5_ch10:0.666802;gHO_sBM_cAll_d21_mHO5_ch10:0.663995;gHO_sBM_cAll_d20_mHO5_ch06:0.663899;gHO_sBM_cAll_d21_mHO5_ch09:0.662803;gHO_sBM_cAll_d21_mHO5_ch03:0.655689;gHO_sBM_cAll_d21_mHO5_ch05:0.648779;gHO_sBM_cAll_d20_mHO5_ch05:0.645623;gHO_sBM_cAll_d21_mHO5_ch02:0.645307;gHO_sBM_cAll_d20_mHO5_ch04:0.644716;gHO_sBM_cAll_d21_mHO5_ch04:0.642606,Electronic---Techno:0.327413;Electronic---Electro:0.210061;Electronic---Ambient:0.112665;Electronic---Deep Techno:0.107612;Electronic---EBM:0.106975,PO:v1:k0:r1,,JB3,0.675915,gHO_sBM_cAll_d20_mHO5_ch10,0.666802,120.967742
13.272000,13.288072100,,hermite,loading,,6.217248937900877e-15,7.612957883143931e-14,4.495270369094512e-13,0,0.9999863020649887,1,gPO_sBM_cAll_d12_mPO3_ch02,,,12.248000,gHO_sBM_cAll_d20_mHO5_ch10;gHO_sBM_cAll_d21_mHO5_ch10;gHO_sBM_cAll_d20_mHO5_ch06;gHO_sBM_cAll_d21_mHO5_ch09;gHO_sBM_cAll_d21_mHO5_ch03,13.451277,113,,,,0.272781934,0.216061185,0.000000,motion_end,0.216061185,0.077234,0.128347,0.034431,0.000000,0.087300,0.000000,4.270833,0.350000,beat-sync,1.057267,1.057267,,0.000000000,0.248948675,right_wrist_yaw,0.055845099,right_wrist_roll,0.248948675,right_wrist_yaw,0.058698799,right_wrist_roll,-0.176355,0.022842,0.986985,-0.119556,0.000000000,0.000000000,0.000000000,0.000950786,0.000796964,0.007295884,12.792000,0.000000000,0.000000000,,0.164089,0.143695,15.905314,,0.003956702,0,1,0,5,gPO_sBM_cAll_d10_mPO0_ch01;gPO_sBM_cAll_d11_mPO0_ch01;gPO_sBM_cAll_d11_mPO0_ch02;gPO_sBM_cAll_d10_mPO0_ch02;gPO_sBM_cAll_d12_mPO3_ch02,,51.286900,601.602400,62.409400,4920.014500,accepted,0.947087,,0.903794,0.241870991,33.181416,0.112665,HO,0.846646,0.005274,0.002807,JB3:0.675915;JB5:0.670641;JB1:0.657479;LO4:0.616090;JB2:0.610333,gHO_sBM_cAll_d20_mHO5_ch10:0.666802;gHO_sBM_cAll_d21_mHO5_ch10:0.663995;gHO_sBM_cAll_d20_mHO5_ch06:0.663899;gHO_sBM_cAll_d21_mHO5_ch09:0.662803;gHO_sBM_cAll_d21_mHO5_ch03:0.655689;gHO_sBM_cAll_d21_mHO5_ch05:0.648779;gHO_sBM_cAll_d20_mHO5_ch05:0.645623;gHO_sBM_cAll_d21_mHO5_ch02:0.645307;gHO_sBM_cAll_d20_mHO5_ch04:0.644716;gHO_sBM_cAll_d21_mHO5_ch04:0.642606,Electronic---Techno:0.327413;Electronic---Electro:0.210061;Electronic---Ambient:0.112665;Electronic---Deep Techno:0.107612;Electronic---EBM:0.106975,PO:v1:k0:r1,,JB3,0.675915,gHO_sBM_cAll_d20_mHO5_ch10,0.666802,120.967742
13.304000,13.312771300,,hermite,loading,,6.217248937900877e-15,7.612957883143931e-14,4.495270369094512e-13,0,1.0,1,gPO_sBM_cAll_d12_mPO3_ch02,,,12.248000,gHO_sBM_cAll_d20_mHO5_ch10;gHO_sBM_cAll_d21_mHO5_ch10;gHO_sBM_cAll_d20_mHO5_ch06;gHO_sBM_cAll_d21_mHO5_ch09;gHO_sBM_cAll_d21_mHO5_ch03,13.451277,113,,,,0.275904126,0.216061185,0.000000,motion_end,0.216061185,0.077234,0.128347,0.034431,0.000000,0.087300,0.000000,4.270833,0.350000,beat-sync,1.057267,1.057267,,0.000000000,0.249979538,right_wrist_yaw,0.057594970,right_wrist_roll,0.249979538,right_wrist_yaw,0.067439206,right_wrist_roll,-0.183143,0.030863,0.988612,-0.123195,0.000000000,0.000000000,0.000000000,0.000950786,0.000796964,0.007295884,12.792000,0.000000000,0.000000000,,0.067439,0.056385,6.745591,,0.003949657,0,1,0,5,gPO_sBM_cAll_d10_mPO0_ch01;gPO_sBM_cAll_d11_mPO0_ch01;gPO_sBM_cAll_d11_mPO0_ch02;gPO_sBM_cAll_d10_mPO0_ch02;gPO_sBM_cAll_d12_mPO3_ch02,,51.286900,601.602400,62.409400,4920.014500,accepted,0.947087,,0.903794,0.241870991,33.181416,0.112665,HO,0.846646,0.005274,0.002807,JB3:0.675915;JB5:0.670641;JB1:0.657479;LO4:0.616090;JB2:0.610333,gHO_sBM_cAll_d20_mHO5_ch10:0.666802;gHO_sBM_cAll_d21_mHO5_ch10:0.663995;gHO_sBM_cAll_d20_mHO5_ch06:0.663899;gHO_sBM_cAll_d21_mHO5_ch09:0.662803;gHO_sBM_cAll_d21_mHO5_ch03:0.655689;gHO_sBM_cAll_d21_mHO5_ch05:0.648779;gHO_sBM_cAll_d20_mHO5_ch05:0.645623;gHO_sBM_cAll_d21_mHO5_ch02:0.645307;gHO_sBM_cAll_d20_mHO5_ch04:0.644716;gHO_sBM_cAll_d21_mHO5_ch04:0.642606,Electronic---Techno:0.327413;Electronic---Electro:0.210061;Electronic---Ambient:0.112665;Electronic---Deep Techno:0.107612;Electronic---EBM:0.106975,PO:v1:k0:r1,,JB3,0.675915,gHO_sBM_cAll_d20_mHO5_ch10,0.666802,120.967742
13.368000,13.395437400,,hermite,loading,,6.217248937900877e-15,7.612957883143931e-14,4.495270369094512e-13,0,1.0,1,gPO_sBM_cAll_d12_mPO3_ch02,,,12.248000,gHO_sBM_cAll_d20_mHO5_ch10;gHO_sBM_cAll_d21_mHO5_ch10;gHO_sBM_cAll_d20_mHO5_ch06;gHO_sBM_cAll_d21_mHO5_ch09;gHO_sBM_cAll_d21_mHO5_ch03,13.451277,113,,,,0.285924239,0.216061185,0.000000,motion_end,0.216061185,0.077234,0.128347,0.034431,0.000000,0.087300,0.000000,4.270833,0.350000,beat-sync,1.057267,1.057267,,0.000000000,0.253187644,right_wrist_yaw,0.045158339,right_wrist_roll,0.253187644,right_wrist_yaw,0.066078928,right_wrist_roll,-0.202387,0.063133,0.979764,-0.075080,0.000000000,0.000000000,0.000000000,0.000950786,0.000796964,0.007295884,12.792000,0.000000000,0.000000000,,0.143447,0.120834,17.431523,,0.003926355,0,1,0,5,gPO_sBM_cAll_d10_mPO0_ch01;gPO_sBM_cAll_d11_mPO0_ch01;gPO_sBM_cAll_d11_mPO0_ch02;gPO_sBM_cAll_d10_mPO0_ch02;gPO_sBM_cAll_d12_mPO3_ch02,,51.286900,601.602400,62.409400,4920.014500,accepted,0.947087,,0.903794,0.241870991,33.181416,0.112665,HO,0.846646,0.005274,0.002807,JB3:0.675915;JB5:0.670641;JB1:0.657479;LO4:0.616090;JB2:0.610333,gHO_sBM_cAll_d20_mHO5_ch10:0.666802;gHO_sBM_cAll_d21_mHO5_ch10:0.663995;gHO_sBM_cAll_d20_mHO5_ch06:0.663899;gHO_sBM_cAll_d21_mHO5_ch09:0.662803;gHO_sBM_cAll_d21_mHO5_ch03:0.655689;gHO_sBM_cAll_d21_mHO5_ch05:0.648779;gHO_sBM_cAll_d20_mHO5_ch05:0.645623;gHO_sBM_cAll_d21_mHO5_ch02:0.645307;gHO_sBM_cAll_d20_mHO5_ch04:0.644716;gHO_sBM_cAll_d21_mHO5_ch04:0.642606,Electronic---Techno:0.327413;Electronic---Electro:0.210061;Electronic---Ambient:0.112665;Electronic---Deep Techno:0.107612;Electronic---EBM:0.106975,PO:v1:k0:r1,,JB3,0.675915,gHO_sBM_cAll_d20_mHO5_ch10,0.666802,120.967742
13.400000,13.404797500,,hermite,loading,,6.217248937900877e-15,7.612957883143931e-14,4.495270369094512e-13,0,1.0,1,gPO_sBM_cAll_d12_mPO3_ch02,,,12.248000,gHO_sBM_cAll_d20_mHO5_ch10;gHO_sBM_cAll_d21_mHO5_ch10;gHO_sBM_cAll_d20_mHO5_ch06;gHO_sBM_cAll_d21_mHO5_ch09;gHO_sBM_cAll_d21_mHO5_ch03,13.451277,113,,,,0.287101165,0.216061185,0.000000,motion_end,0.216061185,0.077234,0.128347,0.034431,0.000000,0.087300,0.000000,4.270833,0.350000,beat-sync,1.057267,1.057267,,0.000000000,0.253525878,right_wrist_yaw,0.063740456,left_wrist_roll,0.253525878,right_wrist_yaw,0.066944415,left_wrist_roll,-0.203937,0.066904,0.977404,-0.063496,0.000000000,0.000000000,0.000000000,0.000950786,0.000796964,0.007295884,12.792000,0.000000000,0.000000000,,0.077517,0.066306,5.878355,,0.003924040,0,1,0,5,gPO_sBM_cAll_d10_mPO0_ch01;gPO_sBM_cAll_d11_mPO0_ch01;gPO_sBM_cAll_d11_mPO0_ch02;gPO_sBM_cAll_d10_mPO0_ch02;gPO_sBM_cAll_d12_mPO3_ch02,,51.286900,601.602400,62.409400,4920.014500,accepted,0.947087,,0.903794,0.241870991,33.181416,0.112665,HO,0.846646,0.005274,0.002807,JB3:0.675915;JB5:0.670641;JB1:0.657479;LO4:0.616090;JB2:0.610333,gHO_sBM_cAll_d20_mHO5_ch10:0.666802;gHO_sBM_cAll_d21_mHO5_ch10:0.663995;gHO_sBM_cAll_d20_mHO5_ch06:0.663899;gHO_sBM_cAll_d21_mHO5_ch09:0.662803;gHO_sBM_cAll_d21_mHO5_ch03:0.655689;gHO_sBM_cAll_d21_mHO5_ch05:0.648779;gHO_sBM_cAll_d20_mHO5_ch05:0.645623;gHO_sBM_cAll_d21_mHO5_ch02:0.645307;gHO_sBM_cAll_d20_mHO5_ch04:0.644716;gHO_sBM_cAll_d21_mHO5_ch04:0.642606,Electronic---Techno:0.327413;Electronic---Electro:0.210061;Electronic---Ambient:0.112665;Electronic---Deep Techno:0.107612;Electronic---EBM:0.106975,PO:v1:k0:r1,,JB3,0.675915,gHO_sBM_cAll_d20_mHO5_ch10,0.666802,120.967742
13.464000,13.487435200,,hermite,loading,,6.217248937900877e-15,7.612957883143931e-14,4.495270369094512e-13,1,1.0,1,gPO_sBM_cAll_d12_mPO3_ch02,,,12.248000,gHO_sBM_cAll_d20_mHO5_ch10;gHO_sBM_cAll_d21_mHO5_ch10;gHO_sBM_cAll_d20_mHO5_ch06;gHO_sBM_cAll_d21_mHO5_ch09;gHO_sBM_cAll_d21_mHO5_ch03,13.451277,113,,,,0.297075514,0.216061185,0.000000,motion_end,0.216061185,0.077234,0.128347,0.034431,0.000000,0.087300,0.000000,4.270833,0.350000,beat-sync,1.057267,1.057267,,0.000000000,0.197498971,right_wrist_yaw,9.235761450,right_wrist_yaw,0.197498971,right_wrist_yaw,11.995741693,right_wrist_yaw,-0.221783,0.096799,0.954766,0.136520,0.000000000,0.000000000,0.000000000,0.000950786,0.000796964,0.007295884,12.792000,0.000000000,0.000000000,,12.471723,10.077018,1250.686033,left_knee,0.003923551,0,1,0,5,gPO_sBM_cAll_d10_mPO0_ch01;gPO_sBM_cAll_d11_mPO0_ch01;gPO_sBM_cAll_d11_mPO0_ch02;gPO_sBM_cAll_d10_mPO0_ch02;gPO_sBM_cAll_d12_mPO3_ch02,,51.286900,601.602400,62.409400,4920.014500,accepted,0.947087,,0.903794,0.241870991,33.181416,0.112665,HO,0.846646,0.005274,0.002807,JB3:0.675915;JB5:0.670641;JB1:0.657479;LO4:0.616090;JB2:0.610333,gHO_sBM_cAll_d20_mHO5_ch10:0.666802;gHO_sBM_cAll_d21_mHO5_ch10:0.663995;gHO_sBM_cAll_d20_mHO5_ch06:0.663899;gHO_sBM_cAll_d21_mHO5_ch09:0.662803;gHO_sBM_cAll_d21_mHO5_ch03:0.655689;gHO_sBM_cAll_d21_mHO5_ch05:0.648779;gHO_sBM_cAll_d20_mHO5_ch05:0.645623;gHO_sBM_cAll_d21_mHO5_ch02:0.645307;gHO_sBM_cAll_d20_mHO5_ch04:0.644716;gHO_sBM_cAll_d21_mHO5_ch04:0.642606,Electronic---Techno:0.327413;Electronic---Electro:0.210061;Electronic---Ambient:0.112665;Electronic---Deep Techno:0.107612;Electronic---EBM:0.106975,PO:v1:k0:r1,,JB3,0.675915,gHO_sBM_cAll_d20_mHO5_ch10,0.666802,120.967742
13.528000,13.550371900,,hermite,loading,,6.217248937900877e-15,7.612957883143931e-14,4.495270369094512e-13,0,1.0,1,gPO_sBM_cAll_d12_mPO3_ch02,,,12.248000,gHO_sBM_cAll_d20_mHO5_ch10;gHO_sBM_cAll_d21_mHO5_ch10;gHO_sBM_cAll_d20_mHO5_ch06;gHO_sBM_cAll_d21_mHO5_ch09;gHO_sBM_cAll_d21_mHO5_ch03,13.451277,113,,,,0.304624230,0.216061185,0.000000,motion_end,0.216061185,0.077234,0.128347,0.034431,0.000000,0.087300,0.000000,4.270833,0.350000,beat-sync,1.057267,1.057267,,0.000000000,0.165588122,right_wrist_yaw,2.493066173,right_wrist_yaw,0.165588122,right_wrist_yaw,2.687652193,right_wrist_yaw,-0.244645,0.127535,0.932381,0.306158,0.000000000,0.000000000,0.000000000,0.000950786,0.000796964,0.007295884,12.792000,0.000000000,0.000000000,,12.946086,11.004557,301.017506,,0.003909793,0,1,0,6,gPO_sBM_cAll_d10_mPO0_ch01;gPO_sBM_cAll_d11_mPO0_ch01;gPO_sBM_cAll_d11_mPO0_ch02;gPO_sBM_cAll_d10_mPO0_ch02;gPO_sBM_cAll_d12_mPO3_ch02;gHO_sBM_cAll_d20_mHO5_ch10,,43.486500,592.452200,56.707400,710.118300,accepted,0.947087,,0.903794,0.241870991,33.181416,0.112665,HO,0.846646,0.005274,0.002807,JB3:0.675915;JB5:0.670641;JB1:0.657479;LO4:0.616090;JB2:0.610333,gHO_sBM_cAll_d20_mHO5_ch10:0.666802;gHO_sBM_cAll_d21_mHO5_ch10:0.663995;gHO_sBM_cAll_d20_mHO5_ch06:0.663899;gHO_sBM_cAll_d21_mHO5_ch09:0.662803;gHO_sBM_cAll_d21_mHO5_ch03:0.655689;gHO_sBM_cAll_d21_mHO5_ch05:0.648779;gHO_sBM_cAll_d20_mHO5_ch05:0.645623;gHO_sBM_cAll_d21_mHO5_ch02:0.645307;gHO_sBM_cAll_d20_mHO5_ch04:0.644716;gHO_sBM_cAll_d21_mHO5_ch04:0.642606,Electronic---Techno:0.327413;Electronic---Electro:0.210061;Electronic---Ambient:0.112665;Electronic---Deep Techno:0.107612;Electronic---EBM:0.106975,PO:v1:k0:r1,,JB3,0.675915,gHO_sBM_cAll_d20_mHO5_ch10,0.666802,120.967742
13.528000,13.556529100,match,hermite,loading,,6.217248937900877e-15,7.612957883143931e-14,4.495270369094512e-13,0,1.0,1,gPO_sBM_cAll_d12_mPO3_ch02,,,13.272000,gHO_sBM_cAll_d20_mHO5_ch10;gHO_sBM_cAll_d21_mHO5_ch10;gHO_sBM_cAll_d20_mHO5_ch06;gHO_sBM_cAll_d21_mHO5_ch09;gHO_sBM_cAll_d21_mHO5_ch03,13.451277,113,,,,0.305356813,0.216061185,0.000000,motion_end,0.216061185,0.077234,0.128347,0.034431,0.000000,0.087300,0.000000,4.270833,0.350000,beat-sync,1.057267,1.057267,,0.000000000,0.155172144,right_wrist_yaw,1.249917343,right_wrist_yaw,0.155172144,right_wrist_yaw,1.912838202,right_wrist_yaw,-0.247048,0.130155,0.930639,0.322720,0.000000000,0.000000000,0.000000000,0.000950786,0.000796964,0.007295884,12.792000,0.000000000,0.000000000,,11.742479,9.291906,334.952683,,0.003907509,0,1,0,6,gPO_sBM_cAll_d10_mPO0_ch01;gPO_sBM_cAll_d11_mPO0_ch01;gPO_sBM_cAll_d11_mPO0_ch02;gPO_sBM_cAll_d10_mPO0_ch02;gPO_sBM_cAll_d12_mPO3_ch02;gHO_sBM_cAll_d20_mHO5_ch10,,43.486500,592.452200,56.707400,710.118300,accepted,0.949838,,0.908796,0.245975719,32.670095,0.109208,HO,0.851377,0.005779,0.002774,JB3:0.674088;JB5:0.668308;JB1:0.655390;LO4:0.617544;JB2:0.609143,gHO_sBM_cAll_d20_mHO5_ch10:0.667133;gHO_sBM_cAll_d21_mHO5_ch10:0.664359;gHO_sBM_cAll_d20_mHO5_ch06:0.664246;gHO_sBM_cAll_d21_mHO5_ch09:0.663181;gHO_sBM_cAll_d21_mHO5_ch03:0.656332;gHO_sBM_cAll_d21_mHO5_ch05:0.649274;gHO_sBM_cAll_d20_mHO5_ch05:0.646060;gHO_sBM_cAll_d21_mHO5_ch02:0.645875;gHO_sBM_cAll_d20_mHO5_ch04:0.645217;gHO_sBM_cAll_d21_mHO5_ch04:0.643179,Electronic---Techno:0.328318;Electronic---Electro:0.211512;Electronic---Ambient:0.109208;Electronic---Deep Techno:0.108626;Electronic---EBM:0.103196,PO:v1:k0:r1,,JB3,0.674088,gHO_sBM_cAll_d20_mHO5_ch10,0.667133,120.967742
13.560000,13.581893800,,hermite,loading,,6.217248937900877e-15,7.612957883143931e-14,4.495270369094512e-13,0,1.0,1,gPO_sBM_cAll_d12_mPO3_ch02,,,13.272000,gHO_sBM_cAll_d20_mHO5_ch10;gHO_sBM_cAll_d21_mHO5_ch10;gHO_sBM_cAll_d20_mHO5_ch06;gHO_sBM_cAll_d21_mHO5_ch09;gHO_sBM_cAll_d21_mHO5_ch03,13.451277,113,,,,0.308500644,0.216061185,0.000000,motion_end,0.216061185,0.077234,0.128347,0.034431,0.000000,0.087300,0.000000,4.270833,0.350000,beat-sync,1.057267,1.057267,,0.000000000,0.129163575,right_wrist_yaw,1.016132438,right_wrist_yaw,0.129163575,right_wrist_yaw,1.124881480,right_wrist_yaw,-0.258830,0.140256,0.925648,0.386863,0.000000000,0.000000000,0.000000000,0.000950786,0.000796964,0.007295884,12.792000,0.000000000,0.000000000,,4.417459,3.679195,236.705633,,0.003900674,0,1,0,6,gPO_sBM_cAll_d10_mPO0_ch01;gPO_sBM_cAll_d11_mPO0_ch01;gPO_sBM_cAll_d11_mPO0_ch02;gPO_sBM_cAll_d10_mPO0_ch02;gPO_sBM_cAll_d12_mPO3_ch02;gHO_sBM_cAll_d20_mHO5_ch10,,43.486500,592.452200,56.707400,710.118300,accepted,0.949838,,0.908796,0.245975719,32.670095,0.109208,HO,0.851377,0.005779,0.002774,JB3:0.674088;JB5:0.668308;JB1:0.655390;LO4:0.617544;JB2:0.609143,gHO_sBM_cAll_d20_mHO5_ch10:0.667133;gHO_sBM_cAll_d21_mHO5_ch10:0.664359;gHO_sBM_cAll_d20_mHO5_ch06:0.664246;gHO_sBM_cAll_d21_mHO5_ch09:0.663181;gHO_sBM_cAll_d21_mHO5_ch03:0.656332;gHO_sBM_cAll_d21_mHO5_ch05:0.649274;gHO_sBM_cAll_d20_mHO5_ch05:0.646060;gHO_sBM_cAll_d21_mHO5_ch02:0.645875;gHO_sBM_cAll_d20_mHO5_ch04:0.645217;gHO_sBM_cAll_d21_mHO5_ch04:0.643179,Electronic---Techno:0.328318;Electronic---Electro:0.211512;Electronic---Ambient:0.109208;Electronic---Deep Techno:0.108626;Electronic---EBM:0.103196,PO:v1:k0:r1,,JB3,0.674088,gHO_sBM_cAll_d20_mHO5_ch10,0.667133,120.967742
13.624000,13.641070500,,hermite,loading,,6.217248937900877e-15,7.612957883143931e-14,4.495270369094512e-13,0,1.0,1,gPO_sBM_cAll_d12_mPO3_ch02,,,13.272000,gHO_sBM_cAll_d20_mHO5_ch10;gHO_sBM_cAll_d21_mHO5_ch10;gHO_sBM_cAll_d20_mHO5_ch06;gHO_sBM_cAll_d21_mHO5_ch09;gHO_sBM_cAll_d21_mHO5_ch03,13.451277,113,,,,0.315710420,0.216061185,0.000000,motion_end,0.216061185,0.077234,0.128347,0.034431,0.000000,0.087300,0.000000,4.270833,0.350000,beat-sync,1.057267,1.057267,,0.000000000,0.094215246,left_wrist_roll,3.707376912,left_wrist_yaw,0.094215246,left_wrist_roll,3.560991665,left_wrist_yaw,-0.286354,0.160169,0.925638,0.488790,0.000000000,0.000000000,0.000000000,0.000950786,0.000796964,0.007295884,12.792000,0.000000000,0.000000000,,5.474804,4.661091,130.203746,,0.003884817,0,1,0,6,gPO_sBM_cAll_d10_mPO0_ch01;gPO_sBM_cAll_d11_mPO0_ch01;gPO_sBM_cAll_d11_mPO0_ch02;gPO_sBM_cAll_d10_mPO0_ch02;gPO_sBM_cAll_d12_mPO3_ch02;gHO_sBM_cAll_d20_mHO5_ch10,,43.486500,592.452200,56.707400,710.118300,accepted,0.949838,,0.908796,0.245975719,32.670095,0.109208,HO,0.851377,0.005779,0.002774,JB3:0.674088;JB5:0.668308;JB1:0.655390;LO4:0.617544;JB2:0.609143,gHO_sBM_cAll_d20_mHO5_ch10:0.667133;gHO_sBM_cAll_d21_mHO5_ch10:0.664359;gHO_sBM_cAll_d20_mHO5_ch06:0.664246;gHO_sBM_cAll_d21_mHO5_ch09:0.663181;gHO_sBM_cAll_d21_mHO5_ch03:0.656332;gHO_sBM_cAll_d21_mHO5_ch05:0.649274;gHO_sBM_cAll_d20_mHO5_ch05:0.646060;gHO_sBM_cAll_d21_mHO5_ch02:0.645875;gHO_sBM_cAll_d20_mHO5_ch04:0.645217;gHO_sBM_cAll_d21_mHO5_ch04:0.643179,Electronic---Techno:0.328318;Electronic---Electro:0.211512;Electronic---Ambient:0.109208;Electronic---Deep Techno:0.108626;Electronic---EBM:0.103196,PO:v1:k0:r1,,JB3,0.674088,gHO_sBM_cAll_d20_mHO5_ch10,0.667133,120.967742
13.656000,13.673222300,,hermite,loading,,6.217248937900877e-15,7.612957883143931e-14,4.495270369094512e-13,0,1.0,1,gPO_sBM_cAll_d12_mPO3_ch02,,,13.272000,gHO_sBM_cAll_d20_mHO5_ch10;gHO_sBM_cAll_d21_mHO5_ch10;gHO_sBM_cAll_d20_mHO5_ch06;gHO_sBM_cAll_d21_mHO5_ch09;gHO_sBM_cAll_d21_mHO5_ch03,13.451277,113,,,,0.319637947,0.216061185,0.000000,motion_end,0.216061185,0.077234,0.128347,0.034431,0.000000,0.087300,0.000000,4.270833,0.350000,beat-sync,1.057267,1.057267,,0.000000000,0.151355194,left_wrist_yaw,3.210014423,left_wrist_yaw,0.151355194,left_wrist_yaw,3.749245977,left_wrist_yaw,-0.298317,0.169024,0.928355,0.515885,0.000000000,0.000000000,0.000000000,0.000950786,0.000796964,0.007295884,12.792000,0.000000000,0.000000000,,7.112274,5.888081,335.335163,,0.003875814,0,1,0,6,gPO_sBM_cAll_d10_mPO0_ch01;gPO_sBM_cAll_d11_mPO0_ch01;gPO_sBM_cAll_d11_mPO0_ch02;gPO_sBM_cAll_d10_mPO0_ch02;gPO_sBM_cAll_d12_mPO3_ch02;gHO_sBM_cAll_d20_mHO5_ch10,,43.486500,592.452200,56.707400,710.118300,accepted,0.949838,,0.908796,0.245975719,32.670095,0.109208,HO,0.851377,0.005779,0.002774,JB3:0.674088;JB5:0.668308;JB1:0.655390;LO4:0.617544;JB2:0.609143,gHO_sBM_cAll_d20_mHO5_ch10:0.667133;gHO_sBM_cAll_d21_mHO5_ch10:0.664359;gHO_sBM_cAll_d20_mHO5_ch06:0.664246;gHO_sBM_cAll_d21_mHO5_ch09:0.663181;gHO_sBM_cAll_d21_mHO5_ch03:0.656332;gHO_sBM_cAll_d21_mHO5_ch05:0.649274;gHO_sBM_cAll_d20_mHO5_ch05:0.646060;gHO_sBM_cAll_d21_mHO5_ch02:0.645875;gHO_sBM_cAll_d20_mHO5_ch04:0.645217;gHO_sBM_cAll_d21_mHO5_ch04:0.643179,Electronic---Techno:0.328318;Electronic---Electro:0.211512;Electronic---Ambient:0.109208;Electronic---Deep Techno:0.108626;Electronic---EBM:0.103196,PO:v1:k0:r1,,JB3,0.674088,gHO_sBM_cAll_d20_mHO5_ch10,0.667133,120.967742
13.720000,13.735980700,,hermite,loading,,6.217248937900877e-15,7.612957883143931e-14,4.495270369094512e-13,0,1.0,1,gPO_sBM_cAll_d12_mPO3_ch02,,,13.272000,gHO_sBM_cAll_d20_mHO5_ch10;gHO_sBM_cAll_d21_mHO5_ch10;gHO_sBM_cAll_d20_mHO5_ch06;gHO_sBM_cAll_d21_mHO5_ch09;gHO_sBM_cAll_d21_mHO5_ch03,13.451277,113,,,,0.327088598,0.216061185,0.000000,motion_end,0.216061185,0.077234,0.128347,0.034431,0.000000,0.087300,0.000000,4.270833,0.350000,beat-sync,1.057267,1.057267,,0.000000000,0.175885810,left_wrist_yaw,0.040348957,right_wrist_roll,0.175885810,left_wrist_yaw,0.037276894,right_wrist_roll,-0.306633,0.175284,0.932461,0.519374,0.000000000,0.000000000,0.000000000,0.000950786,0.000796964,0.007295884,12.792000,0.000000000,0.000000000,,0.037277,0.029530,0.974367,,0.003862388,0,1,0,6,gPO_sBM_cAll_d10_mPO0_ch01;gPO_sBM_cAll_d11_mPO0_ch01;gPO_sBM_cAll_d11_mPO0_ch02;gPO_sBM_cAll_d10_mPO0_ch02;gPO_sBM_cAll_d12_mPO3_ch02;gHO_sBM_cAll_d20_mHO5_ch10,,43.486500,592.452200,56.707400,710.118300,accepted,0.949838,,0.908796,0.245975719,32.670095,0.109208,HO,0.851377,0.005779,0.002774,JB3:0.674088;JB5:0.668308;JB1:0.655390;LO4:0.617544;JB2:0.609143,gHO_sBM_cAll_d20_mHO5_ch10:0.667133;gHO_sBM_cAll_d21_mHO5_ch10:0.664359;gHO_sBM_cAll_d20_mHO5_ch06:0.664246;gHO_sBM_cAll_d21_mHO5_ch09:0.663181;gHO_sBM_cAll_d21_mHO5_ch03:0.656332;gHO_sBM_cAll_d21_mHO5_ch05:0.649274;gHO_sBM_cAll_d20_mHO5_ch05:0.646060;gHO_sBM_cAll_d21_mHO5_ch02:0.645875;gHO_sBM_cAll_d20_mHO5_ch04:0.645217;gHO_sBM_cAll_d21_mHO5_ch04:0.643179,Electronic---Techno:0.328318;Electronic---Electro:0.211512;Electronic---Ambient:0.109208;Electronic---Deep Techno:0.108626;Electronic---EBM:0.103196,PO:v1:k0:r1,,JB3,0.674088,gHO_sBM_cAll_d20_mHO5_ch10,0.667133,120.967742
13.752000,13.770013600,,hermite,loading,,6.217248937900877e-15,7.612957883143931e-14,4.495270369094512e-13,0,1.0,1,gPO_sBM_cAll_d12_mPO3_ch02,,,13.272000,gHO_sBM_cAll_d20_mHO5_ch10;gHO_sBM_cAll_d21_mHO5_ch10;gHO_sBM_cAll_d20_mHO5_ch06;gHO_sBM_cAll_d21_mHO5_ch09;gHO_sBM_cAll_d21_mHO5_ch03,13.451277,113,,,,0.330979845,0.216061185,0.000000,motion_end,0.216061185,0.077234,0.128347,0.034431,0.000000,0.087300,0.000000,4.270833,0.350000,beat-sync,1.057267,1.057267,,0.000000000,0.178770282,left_wrist_yaw,1.977015779,right_wrist_yaw,0.178770282,left_wrist_yaw,1.917876150,right_wrist_yaw,-0.305522,0.174495,0.930744,0.547385,0.000000000,0.000000000,0.000000000,0.000950786,0.000796964,0.007295884,12.792000,0.000000000,0.000000000,,2.382908,1.792444,291.156534,,0.003853488,0,1,0,6,gPO_sBM_cAll_d10_mPO0_ch01;gPO_sBM_cAll_d11_mPO0_ch01;gPO_sBM_cAll_d11_mPO0_ch02;gPO_sBM_cAll_d10_mPO0_ch02;gPO_sBM_cAll_d12_mPO3_ch02;gHO_sBM_cAll_d20_mHO5_ch10,,43.486500,592.452200,56.707400,710.118300,accepted,0.949838,,0.908796,0.245975719,32.670095,0.109208,HO,0.851377,0.005779,0.002774,JB3:0.674088;JB5:0.668308;JB1:0.655390;LO4:0.617544;JB2:0.609143,gHO_sBM_cAll_d20_mHO5_ch10:0.667133;gHO_sBM_cAll_d21_mHO5_ch10:0.664359;gHO_sBM_cAll_d20_mHO5_ch06:0.664246;gHO_sBM_cAll_d21_mHO5_ch09:0.663181;gHO_sBM_cAll_d21_mHO5_ch03:0.656332;gHO_sBM_cAll_d21_mHO5_ch05:0.649274;gHO_sBM_cAll_d20_mHO5_ch05:0.646060;gHO_sBM_cAll_d21_mHO5_ch02:0.645875;gHO_sBM_cAll_d20_mHO5_ch04:0.645217;gHO_sBM_cAll_d21_mHO5_ch04:0.643179,Electronic---Techno:0.328318;Electronic---Electro:0.211512;Electronic---Ambient:0.109208;Electronic---Deep Techno:0.108626;Electronic---EBM:0.103196,PO:v1:k0:r1,,JB3,0.674088,gHO_sBM_cAll_d20_mHO5_ch10,0.667133,120.967742
13.816000,13.832544700,,hermite,loading,,6.217248937900877e-15,7.612957883143931e-14,4.495270369094512e-13,0,1.0,1,gPO_sBM_cAll_d12_mPO3_ch02,,,13.272000,gHO_sBM_cAll_d20_mHO5_ch10;gHO_sBM_cAll_d21_mHO5_ch10;gHO_sBM_cAll_d20_mHO5_ch06;gHO_sBM_cAll_d21_mHO5_ch09;gHO_sBM_cAll_d21_mHO5_ch03,13.451277,113,,,,0.338941672,0.216061185,0.000000,motion_end,0.216061185,0.077234,0.128347,0.034431,0.000000,0.087300,0.000000,4.270833,0.350000,beat-sync,1.057267,1.057267,,0.000000000,0.162911732,left_wrist_yaw,1.103477627,left_wrist_pitch,0.162911732,left_wrist_yaw,1.462481814,left_wrist_pitch,-0.297611,0.173724,0.920059,0.669966,0.000000000,0.000000000,0.000000000,0.000950786,0.000796964,0.007295884,12.792000,0.000000000,0.000000000,,12.737998,10.273433,664.077872,,0.003917146,0,1,0,6,gPO_sBM_cAll_d10_mPO0_ch01;gPO_sBM_cAll_d11_mPO0_ch01;gPO_sBM_cAll_d11_mPO0_ch02;gPO_sBM_cAll_d10_mPO0_ch02;gPO_sBM_cAll_d12_mPO3_ch02;gHO_sBM_cAll_d20_mHO5_ch10,,43.486500,592.452200,56.707400,710.118300,accepted,0.949838,,0.908796,0.245975719,32.670095,0.109208,HO,0.851377,0.005779,0.002774,JB3:0.674088;JB5:0.668308;JB1:0.655390;LO4:0.617544;JB2:0.609143,gHO_sBM_cAll_d20_mHO5_ch10:0.667133;gHO_sBM_cAll_d21_mHO5_ch10:0.664359;gHO_sBM_cAll_d20_mHO5_ch06:0.664246;gHO_sBM_cAll_d21_mHO5_ch09:0.663181;gHO_sBM_cAll_d21_mHO5_ch03:0.656332;gHO_sBM_cAll_d21_mHO5_ch05:0.649274;gHO_sBM_cAll_d20_mHO5_ch05:0.646060;gHO_sBM_cAll_d21_mHO5_ch02:0.645875;gHO_sBM_cAll_d20_mHO5_ch04:0.645217;gHO_sBM_cAll_d21_mHO5_ch04:0.643179,Electronic---Techno:0.328318;Electronic---Electro:0.211512;Electronic---Ambient:0.109208;Electronic---Deep Techno:0.108626;Electronic---EBM:0.103196,PO:v1:k0:r1,,JB3,0.674088,gHO_sBM_cAll_d20_mHO5_ch10,0.667133,120.967742
13.880000,13.891011800,,hermite,loading,,6.217248937900877e-15,7.612957883143931e-14,4.495270369094512e-13,0,1.0,1,gPO_sBM_cAll_d12_mPO3_ch02,,,13.272000,gHO_sBM_cAll_d20_mHO5_ch10;gHO_sBM_cAll_d21_mHO5_ch10;gHO_sBM_cAll_d20_mHO5_ch06;gHO_sBM_cAll_d21_mHO5_ch09;gHO_sBM_cAll_d21_mHO5_ch03,13.451277,113,,,,0.346392089,0.216061185,0.000000,motion_end,0.216061185,0.077234,0.128347,0.034431,0.000000,0.087300,0.000000,4.270833,0.350000,beat-sync,1.157531,1.057943,,0.013615973,0.240764662,right_wrist_yaw,4.777601880,left_wrist_yaw,0.240764662,right_wrist_yaw,5.949839200,left_wrist_yaw,-0.294363,0.170164,0.913420,0.838458,0.000000000,0.000000000,0.000000000,0.000950786,0.000796964,0.007295884,13.816000,0.000000000,0.000000000,,13.771175,11.368661,629.961859,,0.004039409,0,1,0,6,gPO_sBM_cAll_d10_mPO0_ch01;gPO_sBM_cAll_d11_mPO0_ch01;gPO_sBM_cAll_d11_mPO0_ch02;gPO_sBM_cAll_d10_mPO0_ch02;gPO_sBM_cAll_d12_mPO3_ch02;gHO_sBM_cAll_d20_mHO5_ch10,,43.486500,592.452200,56.707400,710.118300,accepted,0.949838,,0.908796,0.245975719,32.670095,0.109208,HO,0.851377,0.005779,0.002774,JB3:0.674088;JB5:0.668308;JB1:0.655390;LO4:0.617544;JB2:0.609143,gHO_sBM_cAll_d20_mHO5_ch10:0.667133;gHO_sBM_cAll_d21_mHO5_ch10:0.664359;gHO_sBM_cAll_d20_mHO5_ch06:0.664246;gHO_sBM_cAll_d21_mHO5_ch09:0.663181;gHO_sBM_cAll_d21_mHO5_ch03:0.656332;gHO_sBM_cAll_d21_mHO5_ch05:0.649274;gHO_sBM_cAll_d20_mHO5_ch05:0.646060;gHO_sBM_cAll_d21_mHO5_ch02:0.645875;gHO_sBM_cAll_d20_mHO5_ch04:0.645217;gHO_sBM_cAll_d21_mHO5_ch04:0.643179,Electronic---Techno:0.328318;Electronic---Electro:0.211512;Electronic---Ambient:0.109208;Electronic---Deep Techno:0.108626;Electronic---EBM:0.103196,PO:v1:k0:r1,,JB3,0.674088,gHO_sBM_cAll_d20_mHO5_ch10,0.667133,120.967742
13.880000,13.916711400,beat_limiter_result,hermite,loading,,6.217248937900877e-15,7.612957883143931e-14,4.495270369094512e-13,0,1.0,1,gPO_sBM_cAll_d12_mPO3_ch02,,,13.272000,gHO_sBM_cAll_d20_mHO5_ch10;gHO_sBM_cAll_d21_mHO5_ch10;gHO_sBM_cAll_d20_mHO5_ch06;gHO_sBM_cAll_d21_mHO5_ch09;gHO_sBM_cAll_d21_mHO5_ch03,13.451277,113,,,,0.349774246,0.216061185,0.000000,motion_end,0.216061185,0.077234,0.128347,0.034431,0.000000,0.087300,0.000000,4.270833,0.350000,beat-sync,1.207056,1.057943,,0.013238558,0.209341761,right_wrist_roll,0.634145149,right_wrist_yaw,0.209341761,right_wrist_roll,0.795900854,right_wrist_yaw,-0.290153,0.166321,0.914194,0.945064,0.000000000,0.000000000,0.000000000,0.000950786,0.000796964,0.007295884,13.816000,0.000000000,0.000000000,,1.496430,1.207756,787.266374,,0.004032496,0,1,0,6,gPO_sBM_cAll_d10_mPO0_ch01;gPO_sBM_cAll_d11_mPO0_ch01;gPO_sBM_cAll_d11_mPO0_ch02;gPO_sBM_cAll_d10_mPO0_ch02;gPO_sBM_cAll_d12_mPO3_ch02;gHO_sBM_cAll_d20_mHO5_ch10,,43.486500,592.452200,56.707400,710.118300,accepted,0.949838,,0.908796,0.245975719,32.670095,0.109208,HO,0.851377,0.005779,0.002774,JB3:0.674088;JB5:0.668308;JB1:0.655390;LO4:0.617544;JB2:0.609143,gHO_sBM_cAll_d20_mHO5_ch10:0.667133;gHO_sBM_cAll_d21_mHO5_ch10:0.664359;gHO_sBM_cAll_d20_mHO5_ch06:0.664246;gHO_sBM_cAll_d21_mHO5_ch09:0.663181;gHO_sBM_cAll_d21_mHO5_ch03:0.656332;gHO_sBM_cAll_d21_mHO5_ch05:0.649274;gHO_sBM_cAll_d20_mHO5_ch05:0.646060;gHO_sBM_cAll_d21_mHO5_ch02:0.645875;gHO_sBM_cAll_d20_mHO5_ch04:0.645217;gHO_sBM_cAll_d21_mHO5_ch04:0.643179,Electronic---Techno:0.328318;Electronic---Electro:0.211512;Electronic---Ambient:0.109208;Electronic---Deep Techno:0.108626;Electronic---EBM:0.103196,PO:v1:k0:r1,,JB3,0.674088,gHO_sBM_cAll_d20_mHO5_ch10,0.667133,120.967742
13.912000,13.924389900,,hermite,loading,,6.217248937900877e-15,7.612957883143931e-14,4.495270369094512e-13,0,1.0,1,gPO_sBM_cAll_d12_mPO3_ch02,,,13.272000,gHO_sBM_cAll_d20_mHO5_ch10;gHO_sBM_cAll_d21_mHO5_ch10;gHO_sBM_cAll_d20_mHO5_ch06;gHO_sBM_cAll_d21_mHO5_ch09;gHO_sBM_cAll_d21_mHO5_ch03,13.451277,113,,,,0.350967634,0.216061185,0.000000,motion_end,0.216061185,0.077234,0.128347,0.034431,0.000000,0.087300,0.000000,4.270833,0.350000,beat-sync,1.224053,1.057943,,0.013076468,0.209297793,right_wrist_roll,0.113513840,right_wrist_yaw,0.209297793,right_wrist_roll,0.136650391,right_wrist_yaw,-0.288090,0.164198,0.914563,0.986390,0.000000000,0.000000000,0.000000000,0.000950786,0.000796964,0.007295884,13.816000,0.000000000,0.000000000,,0.238491,0.195594,143.101217,,0.004030197,0,1,0,6,gPO_sBM_cAll_d10_mPO0_ch01;gPO_sBM_cAll_d11_mPO0_ch01;gPO_sBM_cAll_d11_mPO0_ch02;gPO_sBM_cAll_d10_mPO0_ch02;gPO_sBM_cAll_d12_mPO3_ch02;gHO_sBM_cAll_d20_mHO5_ch10,,43.486500,592.452200,56.707400,710.118300,accepted,0.949838,,0.908796,0.245975719,32.670095,0.109208,HO,0.851377,0.005779,0.002774,JB3:0.674088;JB5:0.668308;JB1:0.655390;LO4:0.617544;JB2:0.609143,gHO_sBM_cAll_d20_mHO5_ch10:0.667133;gHO_sBM_cAll_d21_mHO5_ch10:0.664359;gHO_sBM_cAll_d20_mHO5_ch06:0.664246;gHO_sBM_cAll_d21_mHO5_ch09:0.663181;gHO_sBM_cAll_d21_mHO5_ch03:0.656332;gHO_sBM_cAll_d21_mHO5_ch05:0.649274;gHO_sBM_cAll_d20_mHO5_ch05:0.646060;gHO_sBM_cAll_d21_mHO5_ch02:0.645875;gHO_sBM_cAll_d20_mHO5_ch04:0.645217;gHO_sBM_cAll_d21_mHO5_ch04:0.643179,Electronic---Techno:0.328318;Electronic---Electro:0.211512;Electronic---Ambient:0.109208;Electronic---Deep Techno:0.108626;Electronic---EBM:0.103196,PO:v1:k0:r1,,JB3,0.674088,gHO_sBM_cAll_d20_mHO5_ch10,0.667133,120.967742
13.976000,13.982667800,,hermite,loading,,6.217248937900877e-15,7.612957883143931e-14,4.495270369094512e-13,1,1.0,1,gPO_sBM_cAll_d12_mPO3_ch02,,,13.272000,gHO_sBM_cAll_d20_mHO5_ch10;gHO_sBM_cAll_d21_mHO5_ch10;gHO_sBM_cAll_d20_mHO5_ch06;gHO_sBM_cAll_d21_mHO5_ch09;gHO_sBM_cAll_d21_mHO5_ch03,13.451277,113,,,,0.359615177,0.216061185,0.000000,motion_end,0.216061185,0.077234,0.128347,0.034431,0.000000,0.087300,0.000000,4.270833,0.350000,beat-sync,1.340846,1.057943,,0.011516813,0.294288143,left_wrist_yaw,12.763568137,right_wrist_yaw,0.294288143,left_wrist_yaw,16.000000000,right_wrist_yaw,-0.271234,0.148053,0.914099,1.214381,0.000000000,0.000000000,0.000000000,0.000950786,0.000796964,0.007295884,13.816000,0.000000000,0.000000000,,17.647987,13.162298,1200.007403,left_shoulder_pitch;left_shoulder_roll;left_shoulder_yaw;right_elbow;right_shoulder_pitch,0.004229572,0,1,0,6,gPO_sBM_cAll_d10_mPO0_ch01;gPO_sBM_cAll_d11_mPO0_ch01;gPO_sBM_cAll_d11_mPO0_ch02;gPO_sBM_cAll_d10_mPO0_ch02;gPO_sBM_cAll_d12_mPO3_ch02;gHO_sBM_cAll_d20_mHO5_ch10,,43.486500,592.452200,56.707400,710.118300,accepted,0.949838,,0.908796,0.245975719,32.670095,0.109208,HO,0.851377,0.005779,0.002774,JB3:0.674088;JB5:0.668308;JB1:0.655390;LO4:0.617544;JB2:0.609143,gHO_sBM_cAll_d20_mHO5_ch10:0.667133;gHO_sBM_cAll_d21_mHO5_ch10:0.664359;gHO_sBM_cAll_d20_mHO5_ch06:0.664246;gHO_sBM_cAll_d21_mHO5_ch09:0.663181;gHO_sBM_cAll_d21_mHO5_ch03:0.656332;gHO_sBM_cAll_d21_mHO5_ch05:0.649274;gHO_sBM_cAll_d20_mHO5_ch05:0.646060;gHO_sBM_cAll_d21_mHO5_ch02:0.645875;gHO_sBM_cAll_d20_mHO5_ch04:0.645217;gHO_sBM_cAll_d21_mHO5_ch04:0.643179,Electronic---Techno:0.328318;Electronic---Electro:0.211512;Electronic---Ambient:0.109208;Electronic---Deep Techno:0.108626;Electronic---EBM:0.103196,PO:v1:k0:r1,,JB3,0.674088,gHO_sBM_cAll_d20_mHO5_ch10,0.667133,120.967742
14.008000,14.015202000,,hermite,loading,,6.217248937900877e-15,7.612957883143931e-14,4.495270369094512e-13,1,1.0,1,gPO_sBM_cAll_d12_mPO3_ch02,,,13.272000,gHO_sBM_cAll_d20_mHO5_ch10;gHO_sBM_cAll_d21_mHO5_ch10;gHO_sBM_cAll_d20_mHO5_ch06;gHO_sBM_cAll_d21_mHO5_ch09;gHO_sBM_cAll_d21_mHO5_ch03,13.451277,113,,,,0.364844018,0.216061185,0.000000,motion_end,0.216061185,0.077234,0.128347,0.034431,0.000000,0.087300,0.000000,4.270833,0.350000,beat-sync,1.406802,1.057943,,0.010291636,0.264780767,right_wrist_yaw,1.911368673,left_wrist_yaw,0.264780767,right_wrist_yaw,2.429170700,left_wrist_yaw,-0.262842,0.141347,0.909603,1.268802,0.000000000,0.000000000,0.000000000,0.000950786,0.000796964,0.007295884,13.816000,0.000000000,0.000000000,,17.328581,13.421692,1380.609221,left_shoulder_pitch;left_shoulder_roll;left_shoulder_yaw;right_shoulder_pitch,0.004415356,0,1,0,6,gPO_sBM_cAll_d10_mPO0_ch01;gPO_sBM_cAll_d11_mPO0_ch01;gPO_sBM_cAll_d11_mPO0_ch02;gPO_sBM_cAll_d10_mPO0_ch02;gPO_sBM_cAll_d12_mPO3_ch02;gHO_sBM_cAll_d20_mHO5_ch10,,43.486500,592.452200,56.707400,710.118300,accepted,0.949838,,0.908796,0.245975719,32.670095,0.109208,HO,0.851377,0.005779,0.002774,JB3:0.674088;JB5:0.668308;JB1:0.655390;LO4:0.617544;JB2:0.609143,gHO_sBM_cAll_d20_mHO5_ch10:0.667133;gHO_sBM_cAll_d21_mHO5_ch10:0.664359;gHO_sBM_cAll_d20_mHO5_ch06:0.664246;gHO_sBM_cAll_d21_mHO5_ch09:0.663181;gHO_sBM_cAll_d21_mHO5_ch03:0.656332;gHO_sBM_cAll_d21_mHO5_ch05:0.649274;gHO_sBM_cAll_d20_mHO5_ch05:0.646060;gHO_sBM_cAll_d21_mHO5_ch02:0.645875;gHO_sBM_cAll_d20_mHO5_ch04:0.645217;gHO_sBM_cAll_d21_mHO5_ch04:0.643179,Electronic---Techno:0.328318;Electronic---Electro:0.211512;Electronic---Ambient:0.109208;Electronic---Deep Techno:0.108626;Electronic---EBM:0.103196,PO:v1:k0:r1,,JB3,0.674088,gHO_sBM_cAll_d20_mHO5_ch10,0.667133,120.967742
14.072000,14.090866300,,hermite,loading,,6.217248937900877e-15,7.612957883143931e-14,4.495270369094512e-13,0,1.0,1,gPO_sBM_cAll_d12_mPO3_ch02,,,13.272000,gHO_sBM_cAll_d20_mHO5_ch10;gHO_sBM_cAll_d21_mHO5_ch10;gHO_sBM_cAll_d20_mHO5_ch06;gHO_sBM_cAll_d21_mHO5_ch09;gHO_sBM_cAll_d21_mHO5_ch03,13.451277,113,,,,0.376680215,0.216061185,0.000000,motion_end,0.216061185,0.077234,0.128347,0.034431,0.000000,0.087300,0.000000,4.270833,0.350000,beat-sync,1.328201,1.057943,,0.007611567,0.132666287,left_wrist_yaw,1.850524581,right_wrist_yaw,0.132666287,left_wrist_yaw,2.211028327,right_wrist_yaw,-0.273378,0.143090,0.908560,1.319986,0.000000000,0.000000000,0.000000000,0.000950786,0.000796964,0.007295884,13.816000,0.000000000,0.000000000,,7.282439,5.962844,171.936206,,0.004392956,0,1,0,6,gPO_sBM_cAll_d10_mPO0_ch01;gPO_sBM_cAll_d11_mPO0_ch01;gPO_sBM_cAll_d11_mPO0_ch02;gPO_sBM_cAll_d10_mPO0_ch02;gPO_sBM_cAll_d12_mPO3_ch02;gHO_sBM_cAll_d20_mHO5_ch10,,43.486500,592.452200,56.707400,710.118300,accepted,0.949838,,0.908796,0.245975719,32.670095,0.109208,HO,0.851377,0.005779,0.002774,JB3:0.674088;JB5:0.668308;JB1:0.655390;LO4:0.617544;JB2:0.609143,gHO_sBM_cAll_d20_mHO5_ch10:0.667133;gHO_sBM_cAll_d21_mHO5_ch10:0.664359;gHO_sBM_cAll_d20_mHO5_ch06:0.664246;gHO_sBM_cAll_d21_mHO5_ch09:0.663181;gHO_sBM_cAll_d21_mHO5_ch03:0.656332;gHO_sBM_cAll_d21_mHO5_ch05:0.649274;gHO_sBM_cAll_d20_mHO5_ch05:0.646060;gHO_sBM_cAll_d21_mHO5_ch02:0.645875;gHO_sBM_cAll_d20_mHO5_ch04:0.645217;gHO_sBM_cAll_d21_mHO5_ch04:0.643179,Electronic---Techno:0.328318;Electronic---Electro:0.211512;Electronic---Ambient:0.109208;Electronic---Deep Techno:0.108626;Electronic---EBM:0.103196,PO:v1:k0:r1,,JB3,0.674088,gHO_sBM_cAll_d20_mHO5_ch10,0.667133,120.967742
14.104000,14.124026100,,hermite,loading,,6.217248937900877e-15,7.612957883143931e-14,4.495270369094512e-13,0,1.0,1,gPO_sBM_cAll_d12_mPO3_ch02,,,13.272000,gHO_sBM_cAll_d20_mHO5_ch10;gHO_sBM_cAll_d21_mHO5_ch10;gHO_sBM_cAll_d20_mHO5_ch06;gHO_sBM_cAll_d21_mHO5_ch09;gHO_sBM_cAll_d21_mHO5_ch03,13.451277,113,,,,0.381675041,0.216061185,0.000000,motion_end,0.216061185,0.077234,0.128347,0.034431,0.000000,0.087300,0.000000,4.270833,0.350000,beat-sync,1.294491,1.057943,,0.006661806,0.077851017,left_wrist_yaw,2.950342316,right_wrist_yaw,0.077851017,left_wrist_yaw,3.443636334,right_wrist_yaw,-0.285625,0.149704,0.909001,1.351914,0.000000000,0.000000000,0.000000000,0.000950786,0.000796964,0.007295884,13.816000,0.000000000,0.000000000,,3.443636,2.887126,280.889346,,0.004383073,0,1,0,6,gPO_sBM_cAll_d10_mPO0_ch01;gPO_sBM_cAll_d11_mPO0_ch01;gPO_sBM_cAll_d11_mPO0_ch02;gPO_sBM_cAll_d10_mPO0_ch02;gPO_sBM_cAll_d12_mPO3_ch02;gHO_sBM_cAll_d20_mHO5_ch10,,43.486500,592.452200,56.707400,710.118300,accepted,0.949838,,0.908796,0.245975719,32.670095,0.109208,HO,0.851377,0.005779,0.002774,JB3:0.674088;JB5:0.668308;JB1:0.655390;LO4:0.617544;JB2:0.609143,gHO_sBM_cAll_d20_mHO5_ch10:0.667133;gHO_sBM_cAll_d21_mHO5_ch10:0.664359;gHO_sBM_cAll_d20_mHO5_ch06:0.664246;gHO_sBM_cAll_d21_mHO5_ch09:0.663181;gHO_sBM_cAll_d21_mHO5_ch03:0.656332;gHO_sBM_cAll_d21_mHO5_ch05:0.649274;gHO_sBM_cAll_d20_mHO5_ch05:0.646060;gHO_sBM_cAll_d21_mHO5_ch02:0.645875;gHO_sBM_cAll_d20_mHO5_ch04:0.645217;gHO_sBM_cAll_d21_mHO5_ch04:0.643179,Electronic---Techno:0.328318;Electronic---Electro:0.211512;Electronic---Ambient:0.109208;Electronic---Deep Techno:0.108626;Electronic---EBM:0.103196,PO:v1:k0:r1,,JB3,0.674088,gHO_sBM_cAll_d20_mHO5_ch10,0.667133,120.967742
14.168000,14.190927900,,hermite,loading,,6.217248937900877e-15,7.612957883143931e-14,4.495270369094512e-13,0,1.0,1,gPO_sBM_cAll_d12_mPO3_ch02,,,13.272000,gHO_sBM_cAll_d20_mHO5_ch10;gHO_sBM_cAll_d21_mHO5_ch10;gHO_sBM_cAll_d20_mHO5_ch06;gHO_sBM_cAll_d21_mHO5_ch09;gHO_sBM_cAll_d21_mHO5_ch03,13.451277,113,,,,0.391311335,0.216061185,0.000000,motion_end,0.216061185,0.077234,0.128347,0.034431,0.000000,0.087300,0.000000,4.270833,0.350000,beat-sync,1.239093,1.057943,,0.005104793,0.067410562,right_wrist_roll,0.725716607,left_wrist_yaw,0.067410562,right_wrist_roll,1.241483463,left_wrist_yaw,-0.320442,0.182556,0.912141,1.523175,0.000000000,0.000000000,0.000000000,0.000950786,0.000796964,0.007295884,13.816000,0.000000000,0.000000000,,13.253708,9.908499,490.905725,,0.004363440,0,1,0,6,gPO_sBM_cAll_d10_mPO0_ch01;gPO_sBM_cAll_d11_mPO0_ch01;gPO_sBM_cAll_d11_mPO0_ch02;gPO_sBM_cAll_d10_mPO0_ch02;gPO_sBM_cAll_d12_mPO3_ch02;gHO_sBM_cAll_d20_mHO5_ch10,,43.486500,592.452200,56.707400,710.118300,accepted,0.949838,,0.908796,0.245975719,32.670095,0.109208,HO,0.851377,0.005779,0.002774,JB3:0.674088;JB5:0.668308;JB1:0.655390;LO4:0.617544;JB2:0.609143,gHO_sBM_cAll_d20_mHO5_ch10:0.667133;gHO_sBM_cAll_d21_mHO5_ch10:0.664359;gHO_sBM_cAll_d20_mHO5_ch06:0.664246;gHO_sBM_cAll_d21_mHO5_ch09:0.663181;gHO_sBM_cAll_d21_mHO5_ch03:0.656332;gHO_sBM_cAll_d21_mHO5_ch05:0.649274;gHO_sBM_cAll_d20_mHO5_ch05:0.646060;gHO_sBM_cAll_d21_mHO5_ch02:0.645875;gHO_sBM_cAll_d20_mHO5_ch04:0.645217;gHO_sBM_cAll_d21_mHO5_ch04:0.643179,Electronic---Techno:0.328318;Electronic---Electro:0.211512;Electronic---Ambient:0.109208;Electronic---Deep Techno:0.108626;Electronic---EBM:0.103196,PO:v1:k0:r1,,JB3,0.674088,gHO_sBM_cAll_d20_mHO5_ch10,0.667133,120.967742
14.200000,14.216159200,,hermite,loading,,6.217248937900877e-15,7.612957883143931e-14,4.495270369094512e-13,0,1.0,1,gPO_sBM_cAll_d12_mPO3_ch02,,,13.272000,gHO_sBM_cAll_d20_mHO5_ch10;gHO_sBM_cAll_d21_mHO5_ch10;gHO_sBM_cAll_d20_mHO5_ch06;gHO_sBM_cAll_d21_mHO5_ch09;gHO_sBM_cAll_d21_mHO5_ch03,13.451277,113,,,,0.394855642,0.216061185,0.000000,motion_end,0.216061185,0.077234,0.128347,0.034431,0.000000,0.087300,0.000000,4.270833,0.350000,beat-sync,1.221837,1.057943,,0.004615877,0.068168138,right_wrist_roll,0.650464804,right_wrist_yaw,0.068168138,right_wrist_roll,0.742733045,right_wrist_yaw,-0.338092,0.198617,0.915969,1.588197,0.000000000,0.000000000,0.000000000,0.000950786,0.000796964,0.007295884,13.816000,0.000000000,0.000000000,,10.146375,8.349129,103.821313,,0.004356123,0,1,0,6,gPO_sBM_cAll_d10_mPO0_ch01;gPO_sBM_cAll_d11_mPO0_ch01;gPO_sBM_cAll_d11_mPO0_ch02;gPO_sBM_cAll_d10_mPO0_ch02;gPO_sBM_cAll_d12_mPO3_ch02;gHO_sBM_cAll_d20_mHO5_ch10,,43.486500,592.452200,56.707400,710.118300,accepted,0.949838,,0.908796,0.245975719,32.670095,0.109208,HO,0.851377,0.005779,0.002774,JB3:0.674088;JB5:0.668308;JB1:0.655390;LO4:0.617544;JB2:0.609143,gHO_sBM_cAll_d20_mHO5_ch10:0.667133;gHO_sBM_cAll_d21_mHO5_ch10:0.664359;gHO_sBM_cAll_d20_mHO5_ch06:0.664246;gHO_sBM_cAll_d21_mHO5_ch09:0.663181;gHO_sBM_cAll_d21_mHO5_ch03:0.656332;gHO_sBM_cAll_d21_mHO5_ch05:0.649274;gHO_sBM_cAll_d20_mHO5_ch05:0.646060;gHO_sBM_cAll_d21_mHO5_ch02:0.645875;gHO_sBM_cAll_d20_mHO5_ch04:0.645217;gHO_sBM_cAll_d21_mHO5_ch04:0.643179,Electronic---Techno:0.328318;Electronic---Electro:0.211512;Electronic---Ambient:0.109208;Electronic---Deep Techno:0.108626;Electronic---EBM:0.103196,PO:v1:k0:r1,,JB3,0.674088,gHO_sBM_cAll_d20_mHO5_ch10,0.667133,120.967742
14.200000,14.223756200,,hermite,loading,,6.217248937900877e-15,7.612957883143931e-14,4.495270369094512e-13,0,1.0,1,gPO_sBM_cAll_d12_mPO3_ch02,,,13.272000,gHO_sBM_cAll_d20_mHO5_ch10;gHO_sBM_cAll_d21_mHO5_ch10;gHO_sBM_cAll_d20_mHO5_ch06;gHO_sBM_cAll_d21_mHO5_ch09;gHO_sBM_cAll_d21_mHO5_ch03,13.451277,113,,,,0.395976863,0.216061185,0.000000,motion_end,0.216061185,0.077234,0.128347,0.034431,0.000000,0.087300,0.000000,4.270833,0.350000,beat-sync,1.216509,1.057943,,0.004469901,0.067669523,right_wrist_roll,0.921100004,right_wrist_yaw,0.067669523,right_wrist_roll,1.216513206,right_wrist_yaw,-0.343830,0.204114,0.917243,1.608176,0.000000000,0.000000000,0.000000000,0.000950786,0.000796964,0.007295884,13.816000,0.000000000,0.000000000,,11.246278,9.318168,127.248885,,0.004353689,0,1,0,6,gPO_sBM_cAll_d10_mPO0_ch01;gPO_sBM_cAll_d11_mPO0_ch01;gPO_sBM_cAll_d11_mPO0_ch02;gPO_sBM_cAll_d10_mPO0_ch02;gPO_sBM_cAll_d12_mPO3_ch02;gHO_sBM_cAll_d20_mHO5_ch10,,43.486500,592.452200,56.707400,710.118300,accepted,0.949838,,0.908796,0.245975719,32.670095,0.109208,HO,0.851377,0.005779,0.002774,JB3:0.674088;JB5:0.668308;JB1:0.655390;LO4:0.617544;JB2:0.609143,gHO_sBM_cAll_d20_mHO5_ch10:0.667133;gHO_sBM_cAll_d21_mHO5_ch10:0.664359;gHO_sBM_cAll_d20_mHO5_ch06:0.664246;gHO_sBM_cAll_d21_mHO5_ch09:0.663181;gHO_sBM_cAll_d21_mHO5_ch03:0.656332;gHO_sBM_cAll_d21_mHO5_ch05:0.649274;gHO_sBM_cAll_d20_mHO5_ch05:0.646060;gHO_sBM_cAll_d21_mHO5_ch02:0.645875;gHO_sBM_cAll_d20_mHO5_ch04:0.645217;gHO_sBM_cAll_d21_mHO5_ch04:0.643179,Electronic---Techno:0.328318;Electronic---Electro:0.211512;Electronic---Ambient:0.109208;Electronic---Deep Techno:0.108626;Electronic---EBM:0.103196,PO:v1:k0:r1,,JB3,0.674088,gHO_sBM_cAll_d20_mHO5_ch10,0.667133,120.967742
14.200000,14.232322000,,hermite,loading,,6.217248937900877e-15,7.612957883143931e-14,4.495270369094512e-13,0,1.0,1,gPO_sBM_cAll_d12_mPO3_ch02,,,13.272000,gHO_sBM_cAll_d20_mHO5_ch10;gHO_sBM_cAll_d21_mHO5_ch10;gHO_sBM_cAll_d20_mHO5_ch06;gHO_sBM_cAll_d21_mHO5_ch09;gHO_sBM_cAll_d21_mHO5_ch03,13.451277,113,,,,0.397159479,0.216061185,0.000000,motion_end,0.216061185,0.077234,0.128347,0.034431,0.000000,0.087300,0.000000,4.270833,0.350000,beat-sync,1.211350,1.057943,,0.004320308,0.066234870,right_wrist_roll,1.550588099,right_wrist_yaw,0.066234870,right_wrist_roll,1.770126235,right_wrist_yaw,-0.350258,0.209823,0.918504,1.629158,0.000000000,0.000000000,0.000000000,0.000950786,0.000796964,0.007295884,13.816000,0.000000000,0.000000000,,10.610466,9.042165,105.705733,,0.004351258,0,1,0,6,gPO_sBM_cAll_d10_mPO0_ch01;gPO_sBM_cAll_d11_mPO0_ch01;gPO_sBM_cAll_d11_mPO0_ch02;gPO_sBM_cAll_d10_mPO0_ch02;gPO_sBM_cAll_d12_mPO3_ch02;gHO_sBM_cAll_d20_mHO5_ch10,,43.486500,592.452200,56.707400,710.118300,accepted,0.949838,,0.908796,0.245975719,32.670095,0.109208,HO,0.851377,0.005779,0.002774,JB3:0.674088;JB5:0.668308;JB1:0.655390;LO4:0.617544;JB2:0.609143,gHO_sBM_cAll_d20_mHO5_ch10:0.667133;gHO_sBM_cAll_d21_mHO5_ch10:0.664359;gHO_sBM_cAll_d20_mHO5_ch06:0.664246;gHO_sBM_cAll_d21_mHO5_ch09:0.663181;gHO_sBM_cAll_d21_mHO5_ch03:0.656332;gHO_sBM_cAll_d21_mHO5_ch05:0.649274;gHO_sBM_cAll_d20_mHO5_ch05:0.646060;gHO_sBM_cAll_d21_mHO5_ch02:0.645875;gHO_sBM_cAll_d20_mHO5_ch04:0.645217;gHO_sBM_cAll_d21_mHO5_ch04:0.643179,Electronic---Techno:0.328318;Electronic---Electro:0.211512;Electronic---Ambient:0.109208;Electronic---Deep Techno:0.108626;Electronic---EBM:0.103196,PO:v1:k0:r1,,JB3,0.674088,gHO_sBM_cAll_d20_mHO5_ch10,0.667133,120.967742
14.200000,14.240326500,,hermite,loading,,6.217248937900877e-15,7.612957883143931e-14,4.495270369094512e-13,0,1.0,1,gPO_sBM_cAll_d12_mPO3_ch02,,,13.272000,gHO_sBM_cAll_d20_mHO5_ch10;gHO_sBM_cAll_d21_mHO5_ch10;gHO_sBM_cAll_d20_mHO5_ch06;gHO_sBM_cAll_d21_mHO5_ch09;gHO_sBM_cAll_d21_mHO5_ch03,13.451277,113,,,,0.398272931,0.216061185,0.000000,motion_end,0.216061185,0.077234,0.128347,0.034431,0.000000,0.087300,0.000000,4.270833,0.350000,beat-sync,1.206353,1.057943,,0.004183487,0.065280807,right_wrist_roll,1.057742561,right_wrist_yaw,0.065280807,right_wrist_roll,1.328108205,right_wrist_yaw,-0.356682,0.215454,0.919308,1.647044,0.000000000,0.000000000,0.000000000,0.000950786,0.000796964,0.007295884,13.816000,0.000000000,0.000000000,,10.716473,8.930260,143.324369,,0.004348830,0,1,0,6,gPO_sBM_cAll_d10_mPO0_ch01;gPO_sBM_cAll_d11_mPO0_ch01;gPO_sBM_cAll_d11_mPO0_ch02;gPO_sBM_cAll_d10_mPO0_ch02;gPO_sBM_cAll_d12_mPO3_ch02;gHO_sBM_cAll_d20_mHO5_ch10,,43.486500,592.452200,56.707400,710.118300,accepted,0.949838,,0.908796,0.245975719,32.670095,0.109208,HO,0.851377,0.005779,0.002774,JB3:0.674088;JB5:0.668308;JB1:0.655390;LO4:0.617544;JB2:0.609143,gHO_sBM_cAll_d20_mHO5_ch10:0.667133;gHO_sBM_cAll_d21_mHO5_ch10:0.664359;gHO_sBM_cAll_d20_mHO5_ch06:0.664246;gHO_sBM_cAll_d21_mHO5_ch09:0.663181;gHO_sBM_cAll_d21_mHO5_ch03:0.656332;gHO_sBM_cAll_d21_mHO5_ch05:0.649274;gHO_sBM_cAll_d20_mHO5_ch05:0.646060;gHO_sBM_cAll_d21_mHO5_ch02:0.645875;gHO_sBM_cAll_d20_mHO5_ch04:0.645217;gHO_sBM_cAll_d21_mHO5_ch04:0.643179,Electronic---Techno:0.328318;Electronic---Electro:0.211512;Electronic---Ambient:0.109208;Electronic---Deep Techno:0.108626;Electronic---EBM:0.103196,PO:v1:k0:r1,,JB3,0.674088,gHO_sBM_cAll_d20_mHO5_ch10,0.667133,120.967742
14.232000,14.248734500,,hermite,loading,,6.217248937900877e-15,7.612957883143931e-14,4.495270369094512e-13,0,1.0,1,gPO_sBM_cAll_d12_mPO3_ch02,,,13.272000,gHO_sBM_cAll_d20_mHO5_ch10;gHO_sBM_cAll_d21_mHO5_ch10;gHO_sBM_cAll_d20_mHO5_ch06;gHO_sBM_cAll_d21_mHO5_ch09;gHO_sBM_cAll_d21_mHO5_ch03,13.451277,113,,,,0.399410774,0.216061185,0.000000,motion_end,0.216061185,0.077234,0.128347,0.034431,0.000000,0.087300,0.000000,4.270833,0.350000,beat-sync,1.201594,1.057943,,0.004047617,0.070609980,right_wrist_yaw,0.666792083,right_wrist_yaw,0.070609980,right_wrist_yaw,0.792905249,right_wrist_yaw,-0.363613,0.221460,0.919751,1.663500,0.000000000,0.000000000,0.000000000,0.000950786,0.000796964,0.007295884,13.816000,0.000000000,0.000000000,,10.048401,8.371358,147.270991,,0.004346405,0,1,0,6,gPO_sBM_cAll_d10_mPO0_ch01;gPO_sBM_cAll_d11_mPO0_ch01;gPO_sBM_cAll_d11_mPO0_ch02;gPO_sBM_cAll_d10_mPO0_ch02;gPO_sBM_cAll_d12_mPO3_ch02;gHO_sBM_cAll_d20_mHO5_ch10,,43.486500,592.452200,56.707400,710.118300,accepted,0.949838,,0.908796,0.245975719,32.670095,0.109208,HO,0.851377,0.005779,0.002774,JB3:0.674088;JB5:0.668308;JB1:0.655390;LO4:0.617544;JB2:0.609143,gHO_sBM_cAll_d20_mHO5_ch10:0.667133;gHO_sBM_cAll_d21_mHO5_ch10:0.664359;gHO_sBM_cAll_d20_mHO5_ch06:0.664246;gHO_sBM_cAll_d21_mHO5_ch09:0.663181;gHO_sBM_cAll_d21_mHO5_ch03:0.656332;gHO_sBM_cAll_d21_mHO5_ch05:0.649274;gHO_sBM_cAll_d20_mHO5_ch05:0.646060;gHO_sBM_cAll_d21_mHO5_ch02:0.645875;gHO_sBM_cAll_d20_mHO5_ch04:0.645217;gHO_sBM_cAll_d21_mHO5_ch04:0.643179,Electronic---Techno:0.328318;Electronic---Electro:0.211512;Electronic---Ambient:0.109208;Electronic---Deep Techno:0.108626;Electronic---EBM:0.103196,PO:v1:k0:r1,,JB3,0.674088,gHO_sBM_cAll_d20_mHO5_ch10,0.667133,120.967742
14.264000,14.283780400,,hermite,loading,,6.217248937900877e-15,7.612957883143931e-14,4.495270369094512e-13,0,1.0,1,gPO_sBM_cAll_d12_mPO3_ch02,,,13.272000,gHO_sBM_cAll_d20_mHO5_ch10;gHO_sBM_cAll_d21_mHO5_ch10;gHO_sBM_cAll_d20_mHO5_ch06;gHO_sBM_cAll_d21_mHO5_ch09;gHO_sBM_cAll_d21_mHO5_ch03,13.451277,113,,,,0.404145926,0.216061185,0.000000,motion_end,0.216061185,0.077234,0.128347,0.034431,0.000000,0.087300,0.000000,4.270833,0.350000,beat-sync,1.246332,1.180556,,0.020558403,0.100697903,right_wrist_yaw,0.978339031,left_wrist_yaw,0.100697903,right_wrist_yaw,0.970308756,left_wrist_yaw,-0.390290,0.245218,0.913755,1.720810,0.000000000,0.000000000,0.000000000,0.000950786,0.000796964,0.007295884,14.232000,0.000000000,0.000000000,,10.530565,9.122501,462.208978,,0.004355919,0,1,0,6,gPO_sBM_cAll_d10_mPO0_ch01;gPO_sBM_cAll_d11_mPO0_ch01;gPO_sBM_cAll_d11_mPO0_ch02;gPO_sBM_cAll_d10_mPO0_ch02;gPO_sBM_cAll_d12_mPO3_ch02;gHO_sBM_cAll_d20_mHO5_ch10,,43.486500,592.452200,56.707400,710.118300,accepted,0.949838,,0.908796,0.245975719,32.670095,0.109208,HO,0.851377,0.005779,0.002774,JB3:0.674088;JB5:0.668308;JB1:0.655390;LO4:0.617544;JB2:0.609143,gHO_sBM_cAll_d20_mHO5_ch10:0.667133;gHO_sBM_cAll_d21_mHO5_ch10:0.664359;gHO_sBM_cAll_d20_mHO5_ch06:0.664246;gHO_sBM_cAll_d21_mHO5_ch09:0.663181;gHO_sBM_cAll_d21_mHO5_ch03:0.656332;gHO_sBM_cAll_d21_mHO5_ch05:0.649274;gHO_sBM_cAll_d20_mHO5_ch05:0.646060;gHO_sBM_cAll_d21_mHO5_ch02:0.645875;gHO_sBM_cAll_d20_mHO5_ch04:0.645217;gHO_sBM_cAll_d21_mHO5_ch04:0.643179,Electronic---Techno:0.328318;Electronic---Electro:0.211512;Electronic---Ambient:0.109208;Electronic---Deep Techno:0.108626;Electronic---EBM:0.103196,PO:v1:k0:r1,,JB3,0.674088,gHO_sBM_cAll_d20_mHO5_ch10,0.667133,120.967742
14.296000,14.333121200,beat_limiter_result,hermite,loading,,6.217248937900877e-15,7.612957883143931e-14,4.495270369094512e-13,0,1.0,1,gPO_sBM_cAll_d12_mPO3_ch02,,,13.272000,gHO_sBM_cAll_d20_mHO5_ch10;gHO_sBM_cAll_d21_mHO5_ch10;gHO_sBM_cAll_d20_mHO5_ch06;gHO_sBM_cAll_d21_mHO5_ch09;gHO_sBM_cAll_d21_mHO5_ch03,13.451277,113,,,,0.411592897,0.216061185,0.000000,motion_end,0.216061185,0.077234,0.128347,0.034431,0.000000,0.087300,0.000000,4.270833,0.350000,beat-sync,1.345859,1.180556,,0.019304000,0.158349265,right_wrist_yaw,0.826013274,right_wrist_yaw,0.158349265,right_wrist_yaw,0.961186912,right_wrist_yaw,-0.422488,0.281220,0.897770,1.773185,0.000000000,0.000000000,0.000000000,0.000950786,0.000796964,0.007295884,14.232000,0.000000000,0.000000000,,9.298856,7.460712,587.852069,,0.004341423,0,1,0,7,gPO_sBM_cAll_d10_mPO0_ch01;gPO_sBM_cAll_d11_mPO0_ch01;gPO_sBM_cAll_d11_mPO0_ch02;gPO_sBM_cAll_d10_mPO0_ch02;gPO_sBM_cAll_d12_mPO3_ch02;gHO_sBM_cAll_d20_mHO5_ch10;gHO_sBM_cAll_d21_mHO5_ch10,,52.030800,680.669900,50.844400,1487.775800,accepted,0.949838,,0.908796,0.245975719,32.670095,0.109208,HO,0.851377,0.005779,0.002774,JB3:0.674088;JB5:0.668308;JB1:0.655390;LO4:0.617544;JB2:0.609143,gHO_sBM_cAll_d20_mHO5_ch10:0.667133;gHO_sBM_cAll_d21_mHO5_ch10:0.664359;gHO_sBM_cAll_d20_mHO5_ch06:0.664246;gHO_sBM_cAll_d21_mHO5_ch09:0.663181;gHO_sBM_cAll_d21_mHO5_ch03:0.656332;gHO_sBM_cAll_d21_mHO5_ch05:0.649274;gHO_sBM_cAll_d20_mHO5_ch05:0.646060;gHO_sBM_cAll_d21_mHO5_ch02:0.645875;gHO_sBM_cAll_d20_mHO5_ch04:0.645217;gHO_sBM_cAll_d21_mHO5_ch04:0.643179,Electronic---Techno:0.328318;Electronic---Electro:0.211512;Electronic---Ambient:0.109208;Electronic---Deep Techno:0.108626;Electronic---EBM:0.103196,PO:v1:k0:r1,,JB3,0.674088,gHO_sBM_cAll_d20_mHO5_ch10,0.667133,120.967742
14.328000,14.341299200,,hermite,loading,,6.217248937900877e-15,7.612957883143931e-14,4.495270369094512e-13,0,1.0,1,gPO_sBM_cAll_d12_mPO3_ch02,,,13.272000,gHO_sBM_cAll_d20_mHO5_ch10;gHO_sBM_cAll_d21_mHO5_ch10;gHO_sBM_cAll_d20_mHO5_ch06;gHO_sBM_cAll_d21_mHO5_ch09;gHO_sBM_cAll_d21_mHO5_ch03,13.451277,113,,,,0.412981117,0.216061185,0.000000,motion_end,0.216061185,0.077234,0.128347,0.034431,0.000000,0.087300,0.000000,4.270833,0.350000,beat-sync,1.363607,1.180556,,0.019032668,0.158865624,right_wrist_yaw,0.061963113,right_wrist_yaw,0.158865624,right_wrist_yaw,0.075985472,right_wrist_yaw,-0.426123,0.288018,0.894728,1.794276,0.000000000,0.000000000,0.000000000,0.000950786,0.000796964,0.007295884,14.232000,0.000000000,0.000000000,,1.878345,1.560847,721.449009,,0.004339017,0,1,0,7,gPO_sBM_cAll_d10_mPO0_ch01;gPO_sBM_cAll_d11_mPO0_ch01;gPO_sBM_cAll_d11_mPO0_ch02;gPO_sBM_cAll_d10_mPO0_ch02;gPO_sBM_cAll_d12_mPO3_ch02;gHO_sBM_cAll_d20_mHO5_ch10;gHO_sBM_cAll_d21_mHO5_ch10,,52.030800,680.669900,50.844400,1487.775800,accepted,0.949838,,0.908796,0.245975719,32.670095,0.109208,HO,0.851377,0.005779,0.002774,JB3:0.674088;JB5:0.668308;JB1:0.655390;LO4:0.617544;JB2:0.609143,gHO_sBM_cAll_d20_mHO5_ch10:0.667133;gHO_sBM_cAll_d21_mHO5_ch10:0.664359;gHO_sBM_cAll_d20_mHO5_ch06:0.664246;gHO_sBM_cAll_d21_mHO5_ch09:0.663181;gHO_sBM_cAll_d21_mHO5_ch03:0.656332;gHO_sBM_cAll_d21_mHO5_ch05:0.649274;gHO_sBM_cAll_d20_mHO5_ch05:0.646060;gHO_sBM_cAll_d21_mHO5_ch02:0.645875;gHO_sBM_cAll_d20_mHO5_ch04:0.645217;gHO_sBM_cAll_d21_mHO5_ch04:0.643179,Electronic---Techno:0.328318;Electronic---Electro:0.211512;Electronic---Ambient:0.109208;Electronic---Deep Techno:0.108626;Electronic---EBM:0.103196,PO:v1:k0:r1,,JB3,0.674088,gHO_sBM_cAll_d20_mHO5_ch10,0.667133,120.967742
14.360000,14.374779600,,hermite,loading,,6.217248937900877e-15,7.612957883143931e-14,4.495270369094512e-13,0,1.0,1,gPO_sBM_cAll_d12_mPO3_ch02,,,13.272000,gHO_sBM_cAll_d20_mHO5_ch10;gHO_sBM_cAll_d21_mHO5_ch10;gHO_sBM_cAll_d20_mHO5_ch06;gHO_sBM_cAll_d21_mHO5_ch09;gHO_sBM_cAll_d21_mHO5_ch03,13.451277,113,,,,0.418286801,0.216061185,0.000000,motion_end,0.216061185,0.077234,0.128347,0.034431,0.000000,0.087300,0.000000,4.270833,0.350000,beat-sync,1.429451,1.180556,,0.017898872,0.157993797,right_wrist_yaw,0.040139390,right_wrist_roll,0.157993797,right_wrist_yaw,0.047641383,right_wrist_roll,-0.432121,0.311638,0.888774,1.852399,0.000000000,0.000000000,0.000000000,0.000950786,0.000796964,0.007295884,14.232000,0.000000000,0.000000000,,0.185825,0.155582,16.362895,,0.004329417,0,1,0,7,gPO_sBM_cAll_d10_mPO0_ch01;gPO_sBM_cAll_d11_mPO0_ch01;gPO_sBM_cAll_d11_mPO0_ch02;gPO_sBM_cAll_d10_mPO0_ch02;gPO_sBM_cAll_d12_mPO3_ch02;gHO_sBM_cAll_d20_mHO5_ch10;gHO_sBM_cAll_d21_mHO5_ch10,,52.030800,680.669900,50.844400,1487.775800,accepted,0.949838,,0.908796,0.245975719,32.670095,0.109208,HO,0.851377,0.005779,0.002774,JB3:0.674088;JB5:0.668308;JB1:0.655390;LO4:0.617544;JB2:0.609143,gHO_sBM_cAll_d20_mHO5_ch10:0.667133;gHO_sBM_cAll_d21_mHO5_ch10:0.664359;gHO_sBM_cAll_d20_mHO5_ch06:0.664246;gHO_sBM_cAll_d21_mHO5_ch09:0.663181;gHO_sBM_cAll_d21_mHO5_ch03:0.656332;gHO_sBM_cAll_d21_mHO5_ch05:0.649274;gHO_sBM_cAll_d20_mHO5_ch05:0.646060;gHO_sBM_cAll_d21_mHO5_ch02:0.645875;gHO_sBM_cAll_d20_mHO5_ch04:0.645217;gHO_sBM_cAll_d21_mHO5_ch04:0.643179,Electronic---Techno:0.328318;Electronic---Electro:0.211512;Electronic---Ambient:0.109208;Electronic---Deep Techno:0.108626;Electronic---EBM:0.103196,PO:v1:k0:r1,,JB3,0.674088,gHO_sBM_cAll_d20_mHO5_ch10,0.667133,120.967742
14.424000,14.434738200,,hermite,loading,,6.217248937900877e-15,7.612957883143931e-14,4.495270369094512e-13,0,1.0,1,gPO_sBM_cAll_d12_mPO3_ch02,,,13.272000,gHO_sBM_cAll_d20_mHO5_ch10;gHO_sBM_cAll_d21_mHO5_ch10;gHO_sBM_cAll_d20_mHO5_ch06;gHO_sBM_cAll_d21_mHO5_ch09;gHO_sBM_cAll_d21_mHO5_ch03,13.451277,113,,,,0.428560352,0.216061185,0.000000,motion_end,0.216061185,0.077234,0.128347,0.034431,0.000000,0.087300,0.000000,4.270833,0.350000,beat-sync,1.549026,1.180556,,0.015301846,0.180130878,left_wrist_yaw,5.969473979,left_wrist_yaw,0.180130878,left_wrist_yaw,5.876206827,left_wrist_yaw,-0.448596,0.340800,0.888668,1.871808,0.000000000,0.000000000,0.000000000,0.000950786,0.000796964,0.007295884,14.232000,0.000000000,0.000000000,,11.163192,9.497896,656.052399,,0.004312720,0,1,0,7,gPO_sBM_cAll_d10_mPO0_ch01;gPO_sBM_cAll_d11_mPO0_ch01;gPO_sBM_cAll_d11_mPO0_ch02;gPO_sBM_cAll_d10_mPO0_ch02;gPO_sBM_cAll_d12_mPO3_ch02;gHO_sBM_cAll_d20_mHO5_ch10;gHO_sBM_cAll_d21_mHO5_ch10,,52.030800,680.669900,50.844400,1487.775800,accepted,0.949838,,0.908796,0.245975719,32.670095,0.109208,HO,0.851377,0.005779,0.002774,JB3:0.674088;JB5:0.668308;JB1:0.655390;LO4:0.617544;JB2:0.609143,gHO_sBM_cAll_d20_mHO5_ch10:0.667133;gHO_sBM_cAll_d21_mHO5_ch10:0.664359;gHO_sBM_cAll_d20_mHO5_ch06:0.664246;gHO_sBM_cAll_d21_mHO5_ch09:0.663181;gHO_sBM_cAll_d21_mHO5_ch03:0.656332;gHO_sBM_cAll_d21_mHO5_ch05:0.649274;gHO_sBM_cAll_d20_mHO5_ch05:0.646060;gHO_sBM_cAll_d21_mHO5_ch02:0.645875;gHO_sBM_cAll_d20_mHO5_ch04:0.645217;gHO_sBM_cAll_d21_mHO5_ch04:0.643179,Electronic---Techno:0.328318;Electronic---Electro:0.211512;Electronic---Ambient:0.109208;Electronic---Deep Techno:0.108626;Electronic---EBM:0.103196,PO:v1:k0:r1,,JB3,0.674088,gHO_sBM_cAll_d20_mHO5_ch10,0.667133,120.967742
14.456000,14.466229200,,hermite,loading,,6.217248937900877e-15,7.612957883143931e-14,4.495270369094512e-13,0,1.0,1,gPO_sBM_cAll_d12_mPO3_ch02,,,13.272000,gHO_sBM_cAll_d20_mHO5_ch10;gHO_sBM_cAll_d21_mHO5_ch10;gHO_sBM_cAll_d20_mHO5_ch06;gHO_sBM_cAll_d21_mHO5_ch09;gHO_sBM_cAll_d21_mHO5_ch03,13.451277,113,,,,0.434384893,0.216061185,0.000000,motion_end,0.216061185,0.077234,0.128347,0.034431,0.000000,0.087300,0.000000,4.270833,0.350000,beat-sync,1.600000,1.180556,,0.013631862,0.175498617,left_wrist_yaw,0.053738341,right_wrist_roll,0.175498617,left_wrist_yaw,0.066680490,right_wrist_roll,-0.452868,0.347708,0.887625,1.896297,0.000000000,0.000000000,0.000000000,0.000950786,0.000796964,0.007295884,14.232000,0.000000000,0.000000000,,0.110457,0.091556,13.672289,,0.004435935,0,1,0,7,gPO_sBM_cAll_d10_mPO0_ch01;gPO_sBM_cAll_d11_mPO0_ch01;gPO_sBM_cAll_d11_mPO0_ch02;gPO_sBM_cAll_d10_mPO0_ch02;gPO_sBM_cAll_d12_mPO3_ch02;gHO_sBM_cAll_d20_mHO5_ch10;gHO_sBM_cAll_d21_mHO5_ch10,,52.030800,680.669900,50.844400,1487.775800,accepted,0.949838,,0.908796,0.245975719,32.670095,0.109208,HO,0.851377,0.005779,0.002774,JB3:0.674088;JB5:0.668308;JB1:0.655390;LO4:0.617544;JB2:0.609143,gHO_sBM_cAll_d20_mHO5_ch10:0.667133;gHO_sBM_cAll_d21_mHO5_ch10:0.664359;gHO_sBM_cAll_d20_mHO5_ch06:0.664246;gHO_sBM_cAll_d21_mHO5_ch09:0.663181;gHO_sBM_cAll_d21_mHO5_ch03:0.656332;gHO_sBM_cAll_d21_mHO5_ch05:0.649274;gHO_sBM_cAll_d20_mHO5_ch05:0.646060;gHO_sBM_cAll_d21_mHO5_ch02:0.645875;gHO_sBM_cAll_d20_mHO5_ch04:0.645217;gHO_sBM_cAll_d21_mHO5_ch04:0.643179,Electronic---Techno:0.328318;Electronic---Electro:0.211512;Electronic---Ambient:0.109208;Electronic---Deep Techno:0.108626;Electronic---EBM:0.103196,PO:v1:k0:r1,,JB3,0.674088,gHO_sBM_cAll_d20_mHO5_ch10,0.667133,120.967742
14.520000,14.532637200,,hermite,loading,,6.217248937900877e-15,7.612957883143931e-14,4.495270369094512e-13,0,1.0,1,gPO_sBM_cAll_d12_mPO3_ch02,,,13.272000,gHO_sBM_cAll_d20_mHO5_ch10;gHO_sBM_cAll_d21_mHO5_ch10;gHO_sBM_cAll_d20_mHO5_ch06;gHO_sBM_cAll_d21_mHO5_ch09;gHO_sBM_cAll_d21_mHO5_ch03,13.451277,113,,,,0.446268068,0.216061185,0.000000,motion_end,0.216061185,0.077234,0.128347,0.034431,0.000000,0.087300,0.000000,4.270833,0.350000,beat-sync,1.516526,1.180556,,0.010451084,0.172528912,left_wrist_yaw,0.068209890,right_wrist_roll,0.172528912,left_wrist_yaw,0.109538224,right_wrist_roll,-0.461061,0.351616,0.883926,1.830154,0.000000000,0.000000000,0.000000000,0.000950786,0.000796964,0.007295884,14.232000,0.000000000,0.000000000,,0.123747,0.097626,17.030053,,0.004416511,0,1,0,7,gPO_sBM_cAll_d10_mPO0_ch01;gPO_sBM_cAll_d11_mPO0_ch01;gPO_sBM_cAll_d11_mPO0_ch02;gPO_sBM_cAll_d10_mPO0_ch02;gPO_sBM_cAll_d12_mPO3_ch02;gHO_sBM_cAll_d20_mHO5_ch10;gHO_sBM_cAll_d21_mHO5_ch10,,52.030800,680.669900,50.844400,1487.775800,accepted,0.949838,,0.908796,0.245975719,32.670095,0.109208,HO,0.851377,0.005779,0.002774,JB3:0.674088;JB5:0.668308;JB1:0.655390;LO4:0.617544;JB2:0.609143,gHO_sBM_cAll_d20_mHO5_ch10:0.667133;gHO_sBM_cAll_d21_mHO5_ch10:0.664359;gHO_sBM_cAll_d20_mHO5_ch06:0.664246;gHO_sBM_cAll_d21_mHO5_ch09:0.663181;gHO_sBM_cAll_d21_mHO5_ch03:0.656332;gHO_sBM_cAll_d21_mHO5_ch05:0.649274;gHO_sBM_cAll_d20_mHO5_ch05:0.646060;gHO_sBM_cAll_d21_mHO5_ch02:0.645875;gHO_sBM_cAll_d20_mHO5_ch04:0.645217;gHO_sBM_cAll_d21_mHO5_ch04:0.643179,Electronic---Techno:0.328318;Electronic---Electro:0.211512;Electronic---Ambient:0.109208;Electronic---Deep Techno:0.108626;Electronic---EBM:0.103196,PO:v1:k0:r1,,JB3,0.674088,gHO_sBM_cAll_d20_mHO5_ch10,0.667133,120.967742
14.552000,14.558714400,,hermite,loading,,6.217248937900877e-15,7.612957883143931e-14,4.495270369094512e-13,0,1.0,1,gPO_sBM_cAll_d12_mPO3_ch02,,,13.272000,gHO_sBM_cAll_d20_mHO5_ch10;gHO_sBM_cAll_d21_mHO5_ch10;gHO_sBM_cAll_d20_mHO5_ch06;gHO_sBM_cAll_d21_mHO5_ch09;gHO_sBM_cAll_d21_mHO5_ch03,13.451277,113,,,,0.450621393,0.216061185,0.000000,motion_end,0.216061185,0.077234,0.128347,0.034431,0.000000,0.087300,0.000000,4.270833,0.350000,beat-sync,1.484920,1.180556,,0.009442154,0.171318767,left_wrist_yaw,0.073571656,right_wrist_roll,0.171318767,left_wrist_yaw,0.079423929,right_wrist_roll,-0.468571,0.355990,0.887420,1.825656,0.000000000,0.000000000,0.000000000,0.000950786,0.000796964,0.007295884,14.232000,0.000000000,0.000000000,,0.079424,0.064630,1.426586,,0.004409271,0,1,0,7,gPO_sBM_cAll_d10_mPO0_ch01;gPO_sBM_cAll_d11_mPO0_ch01;gPO_sBM_cAll_d11_mPO0_ch02;gPO_sBM_cAll_d10_mPO0_ch02;gPO_sBM_cAll_d12_mPO3_ch02;gHO_sBM_cAll_d20_mHO5_ch10;gHO_sBM_cAll_d21_mHO5_ch10,,52.030800,680.669900,50.844400,1487.775800,accepted,0.949838,,0.908796,0.245975719,32.670095,0.109208,HO,0.851377,0.005779,0.002774,JB3:0.674088;JB5:0.668308;JB1:0.655390;LO4:0.617544;JB2:0.609143,gHO_sBM_cAll_d20_mHO5_ch10:0.667133;gHO_sBM_cAll_d21_mHO5_ch10:0.664359;gHO_sBM_cAll_d20_mHO5_ch06:0.664246;gHO_sBM_cAll_d21_mHO5_ch09:0.663181;gHO_sBM_cAll_d21_mHO5_ch03:0.656332;gHO_sBM_cAll_d21_mHO5_ch05:0.649274;gHO_sBM_cAll_d20_mHO5_ch05:0.646060;gHO_sBM_cAll_d21_mHO5_ch02:0.645875;gHO_sBM_cAll_d20_mHO5_ch04:0.645217;gHO_sBM_cAll_d21_mHO5_ch04:0.643179,Electronic---Techno:0.328318;Electronic---Electro:0.211512;Electronic---Ambient:0.109208;Electronic---Deep Techno:0.108626;Electronic---EBM:0.103196,PO:v1:k0:r1,,JB3,0.674088,gHO_sBM_cAll_d20_mHO5_ch10,0.667133,120.967742
14.584000,14.634936600,match,hermite,loading,,6.217248937900877e-15,7.612957883143931e-14,4.495270369094512e-13,0,1.0,1,gPO_sBM_cAll_d12_mPO3_ch02,,,14.296000,gHO_sBM_cAll_d20_mHO5_ch10;gHO_sBM_cAll_d21_mHO5_ch10;gHO_sBM_cAll_d20_mHO5_ch06;gHO_sBM_cAll_d21_mHO5_ch09;gHO_sBM_cAll_d21_mHO5_ch03,13.451277,113,,,,0.462964818,0.216061185,0.000000,motion_end,0.216061185,0.077234,0.128347,0.034431,0.000000,0.087300,0.000000,4.270833,0.350000,beat-sync,1.406707,1.180556,,0.007002181,0.167617251,left_wrist_yaw,0.066398832,right_wrist_roll,0.167617251,left_wrist_yaw,0.080903543,right_wrist_roll,-0.496883,0.366020,0.886994,1.833476,0.000000000,0.000000000,0.000000000,0.000950786,0.000796964,0.007295884,14.232000,0.000000000,0.000000000,,0.080904,0.063021,1.097615,,0.004387692,0,1,0,7,gPO_sBM_cAll_d10_mPO0_ch01;gPO_sBM_cAll_d11_mPO0_ch01;gPO_sBM_cAll_d11_mPO0_ch02;gPO_sBM_cAll_d10_mPO0_ch02;gPO_sBM_cAll_d12_mPO3_ch02;gHO_sBM_cAll_d20_mHO5_ch10;gHO_sBM_cAll_d21_mHO5_ch10,,52.030800,680.669900,50.844400,1487.775800,accepted,0.951487,,0.911794,0.248160962,32.281708,0.106702,HO,0.850443,0.005774,0.002792,JB3:0.674896;JB5:0.669122;JB1:0.656030;LO4:0.618615;JB2:0.609021,gHO_sBM_cAll_d20_mHO5_ch10:0.666988;gHO_sBM_cAll_d21_mHO5_ch10:0.664196;gHO_sBM_cAll_d20_mHO5_ch06:0.664093;gHO_sBM_cAll_d21_mHO5_ch09:0.663010;gHO_sBM_cAll_d21_mHO5_ch03:0.656268;gHO_sBM_cAll_d21_mHO5_ch05:0.649037;gHO_sBM_cAll_d20_mHO5_ch05:0.645856;gHO_sBM_cAll_d21_mHO5_ch02:0.645597;gHO_sBM_cAll_d20_mHO5_ch04:0.644977;gHO_sBM_cAll_d21_mHO5_ch04:0.642898,Electronic---Techno:0.319059;Electronic---Electro:0.210035;Electronic---Deep Techno:0.107326;Electronic---Ambient:0.106702;Electronic---Synthwave:0.098299,PO:v1:k0:r1,,JB3,0.674896,gHO_sBM_cAll_d20_mHO5_ch10,0.666988,120.967742
14.616000,14.640415900,,hermite,loading,,6.217248937900877e-15,7.612957883143931e-14,4.495270369094512e-13,0,1.0,1,gPO_sBM_cAll_d12_mPO3_ch02,,,14.296000,gHO_sBM_cAll_d20_mHO5_ch10;gHO_sBM_cAll_d21_mHO5_ch10;gHO_sBM_cAll_d20_mHO5_ch06;gHO_sBM_cAll_d21_mHO5_ch09;gHO_sBM_cAll_d21_mHO5_ch03,13.451277,113,,,,0.464267029,0.216061185,0.000000,motion_end,0.216061185,0.077234,0.128347,0.034431,0.000000,0.087300,0.000000,4.270833,0.350000,beat-sync,1.399709,1.180556,,0.006778689,0.167184505,left_wrist_yaw,0.074185115,right_wrist_roll,0.167184505,left_wrist_yaw,0.101350770,right_wrist_roll,-0.501010,0.367371,0.886262,1.809339,0.000000000,0.000000000,0.000000000,0.000950786,0.000796964,0.007295884,14.232000,0.000000000,0.000000000,,0.101351,0.085671,3.138804,,0.004385307,0,1,0,7,gPO_sBM_cAll_d10_mPO0_ch01;gPO_sBM_cAll_d11_mPO0_ch01;gPO_sBM_cAll_d11_mPO0_ch02;gPO_sBM_cAll_d10_mPO0_ch02;gPO_sBM_cAll_d12_mPO3_ch02;gHO_sBM_cAll_d20_mHO5_ch10;gHO_sBM_cAll_d21_mHO5_ch10,,52.030800,680.669900,50.844400,1487.775800,accepted,0.951487,,0.911794,0.248160962,32.281708,0.106702,HO,0.850443,0.005774,0.002792,JB3:0.674896;JB5:0.669122;JB1:0.656030;LO4:0.618615;JB2:0.609021,gHO_sBM_cAll_d20_mHO5_ch10:0.666988;gHO_sBM_cAll_d21_mHO5_ch10:0.664196;gHO_sBM_cAll_d20_mHO5_ch06:0.664093;gHO_sBM_cAll_d21_mHO5_ch09:0.663010;gHO_sBM_cAll_d21_mHO5_ch03:0.656268;gHO_sBM_cAll_d21_mHO5_ch05:0.649037;gHO_sBM_cAll_d20_mHO5_ch05:0.645856;gHO_sBM_cAll_d21_mHO5_ch02:0.645597;gHO_sBM_cAll_d20_mHO5_ch04:0.644977;gHO_sBM_cAll_d21_mHO5_ch04:0.642898,Electronic---Techno:0.319059;Electronic---Electro:0.210035;Electronic---Deep Techno:0.107326;Electronic---Ambient:0.106702;Electronic---Synthwave:0.098299,PO:v1:k0:r1,,JB3,0.674896,gHO_sBM_cAll_d20_mHO5_ch10,0.666988,120.967742
14.680000,14.706972200,,hermite,loading,,6.217248937900877e-15,7.612957883143931e-14,4.495270369094512e-13,0,1.0,1,gPO_sBM_cAll_d12_mPO3_ch02,,,14.296000,gHO_sBM_cAll_d20_mHO5_ch10;gHO_sBM_cAll_d21_mHO5_ch10;gHO_sBM_cAll_d20_mHO5_ch06;gHO_sBM_cAll_d21_mHO5_ch09;gHO_sBM_cAll_d21_mHO5_ch03,13.451277,113,,,,0.474748818,0.216061185,0.000000,motion_end,0.216061185,0.077234,0.128347,0.034431,0.000000,0.087300,0.000000,4.270833,0.350000,beat-sync,1.348908,1.180556,,0.005191680,0.163845655,left_wrist_yaw,0.066420389,right_wrist_roll,0.163845655,left_wrist_yaw,0.101506215,right_wrist_roll,-0.529094,0.373223,0.869555,1.590085,0.000000000,0.000000000,0.000000000,0.000950786,0.000796964,0.007295884,14.232000,0.000000000,0.000000000,,0.129625,0.108186,17.649223,,0.004366323,0,1,0,7,gPO_sBM_cAll_d10_mPO0_ch01;gPO_sBM_cAll_d11_mPO0_ch01;gPO_sBM_cAll_d11_mPO0_ch02;gPO_sBM_cAll_d10_mPO0_ch02;gPO_sBM_cAll_d12_mPO3_ch02;gHO_sBM_cAll_d20_mHO5_ch10;gHO_sBM_cAll_d21_mHO5_ch10,,52.030800,680.669900,50.844400,1487.775800,accepted,0.951487,,0.911794,0.248160962,32.281708,0.106702,HO,0.850443,0.005774,0.002792,JB3:0.674896;JB5:0.669122;JB1:0.656030;LO4:0.618615;JB2:0.609021,gHO_sBM_cAll_d20_mHO5_ch10:0.666988;gHO_sBM_cAll_d21_mHO5_ch10:0.664196;gHO_sBM_cAll_d20_mHO5_ch06:0.664093;gHO_sBM_cAll_d21_mHO5_ch09:0.663010;gHO_sBM_cAll_d21_mHO5_ch03:0.656268;gHO_sBM_cAll_d21_mHO5_ch05:0.649037;gHO_sBM_cAll_d20_mHO5_ch05:0.645856;gHO_sBM_cAll_d21_mHO5_ch02:0.645597;gHO_sBM_cAll_d20_mHO5_ch04:0.644977;gHO_sBM_cAll_d21_mHO5_ch04:0.642898,Electronic---Techno:0.319059;Electronic---Electro:0.210035;Electronic---Deep Techno:0.107326;Electronic---Ambient:0.106702;Electronic---Synthwave:0.098299,PO:v1:k0:r1,,JB3,0.674896,gHO_sBM_cAll_d20_mHO5_ch10,0.666988,120.967742
14.712000,14.732293300,,hermite,loading,,6.217248937900877e-15,7.612957883143931e-14,4.495270369094512e-13,0,1.0,1,gPO_sBM_cAll_d12_mPO3_ch02,,,14.296000,gHO_sBM_cAll_d20_mHO5_ch10;gHO_sBM_cAll_d21_mHO5_ch10;gHO_sBM_cAll_d20_mHO5_ch06;gHO_sBM_cAll_d21_mHO5_ch09;gHO_sBM_cAll_d21_mHO5_ch03,13.451277,113,,,,0.478620037,0.216061185,0.000000,motion_end,0.216061185,0.077234,0.128347,0.034431,0.000000,0.087300,0.000000,4.270833,0.350000,beat-sync,1.333244,1.180556,,0.004693616,0.162578122,left_wrist_yaw,0.075082134,right_wrist_roll,0.162578122,left_wrist_yaw,0.083031578,right_wrist_roll,-0.532972,0.376942,0.862213,1.540714,0.000000000,0.000000000,0.000000000,0.000950786,0.000796964,0.007295884,14.232000,0.000000000,0.000000000,,0.100926,0.087759,10.984440,,0.004359247,0,1,0,7,gPO_sBM_cAll_d10_mPO0_ch01;gPO_sBM_cAll_d11_mPO0_ch01;gPO_sBM_cAll_d11_mPO0_ch02;gPO_sBM_cAll_d10_mPO0_ch02;gPO_sBM_cAll_d12_mPO3_ch02;gHO_sBM_cAll_d20_mHO5_ch10;gHO_sBM_cAll_d21_mHO5_ch10,,52.030800,680.669900,50.844400,1487.775800,accepted,0.951487,,0.911794,0.248160962,32.281708,0.106702,HO,0.850443,0.005774,0.002792,JB3:0.674896;JB5:0.669122;JB1:0.656030;LO4:0.618615;JB2:0.609021,gHO_sBM_cAll_d20_mHO5_ch10:0.666988;gHO_sBM_cAll_d21_mHO5_ch10:0.664196;gHO_sBM_cAll_d20_mHO5_ch06:0.664093;gHO_sBM_cAll_d21_mHO5_ch09:0.663010;gHO_sBM_cAll_d21_mHO5_ch03:0.656268;gHO_sBM_cAll_d21_mHO5_ch05:0.649037;gHO_sBM_cAll_d20_mHO5_ch05:0.645856;gHO_sBM_cAll_d21_mHO5_ch02:0.645597;gHO_sBM_cAll_d20_mHO5_ch04:0.644977;gHO_sBM_cAll_d21_mHO5_ch04:0.642898,Electronic---Techno:0.319059;Electronic---Electro:0.210035;Electronic---Deep Techno:0.107326;Electronic---Ambient:0.106702;Electronic---Synthwave:0.098299,PO:v1:k0:r1,,JB3,0.674896,gHO_sBM_cAll_d20_mHO5_ch10,0.666988,120.967742
14.776000,14.799651600,,hermite,loading,,6.217248937900877e-15,7.612957883143931e-14,4.495270369094512e-13,0,1.0,1,gPO_sBM_cAll_d12_mPO3_ch02,,,14.296000,gHO_sBM_cAll_d20_mHO5_ch10;gHO_sBM_cAll_d21_mHO5_ch10;gHO_sBM_cAll_d20_mHO5_ch06;gHO_sBM_cAll_d21_mHO5_ch09;gHO_sBM_cAll_d21_mHO5_ch03,13.451277,113,,,,0.488649702,0.216061185,0.000000,motion_end,0.216061185,0.077234,0.128347,0.034431,0.000000,0.087300,0.000000,4.270833,0.350000,beat-sync,1.319014,1.008065,,0.006731703,0.159211369,left_wrist_yaw,0.075476069,right_wrist_roll,0.159211369,left_wrist_yaw,0.082740340,right_wrist_roll,-0.543834,0.402261,0.812216,1.466448,0.000000000,0.000000000,0.000000000,0.000950786,0.000796964,0.007295884,14.776000,0.000000000,0.000000000,,0.082740,0.072167,3.234967,,0.004340487,0,1,0,7,gPO_sBM_cAll_d10_mPO0_ch01;gPO_sBM_cAll_d11_mPO0_ch01;gPO_sBM_cAll_d11_mPO0_ch02;gPO_sBM_cAll_d10_mPO0_ch02;gPO_sBM_cAll_d12_mPO3_ch02;gHO_sBM_cAll_d20_mHO5_ch10;gHO_sBM_cAll_d21_mHO5_ch10,,52.030800,680.669900,50.844400,1487.775800,accepted,0.951487,,0.911794,0.248160962,32.281708,0.106702,HO,0.850443,0.005774,0.002792,JB3:0.674896;JB5:0.669122;JB1:0.656030;LO4:0.618615;JB2:0.609021,gHO_sBM_cAll_d20_mHO5_ch10:0.666988;gHO_sBM_cAll_d21_mHO5_ch10:0.664196;gHO_sBM_cAll_d20_mHO5_ch06:0.664093;gHO_sBM_cAll_d21_mHO5_ch09:0.663010;gHO_sBM_cAll_d21_mHO5_ch03:0.656268;gHO_sBM_cAll_d21_mHO5_ch05:0.649037;gHO_sBM_cAll_d20_mHO5_ch05:0.645856;gHO_sBM_cAll_d21_mHO5_ch02:0.645597;gHO_sBM_cAll_d20_mHO5_ch04:0.644977;gHO_sBM_cAll_d21_mHO5_ch04:0.642898,Electronic---Techno:0.319059;Electronic---Electro:0.210035;Electronic---Deep Techno:0.107326;Electronic---Ambient:0.106702;Electronic---Synthwave:0.098299,PO:v1:k0:r1,,JB3,0.674896,gHO_sBM_cAll_d20_mHO5_ch10,0.666988,120.967742
14.808000,14.832785800,,hermite,loading,,6.217248937900877e-15,7.612957883143931e-14,4.495270369094512e-13,0,1.0,1,gPO_sBM_cAll_d12_mPO3_ch02,,,14.296000,gHO_sBM_cAll_d20_mHO5_ch10;gHO_sBM_cAll_d21_mHO5_ch10;gHO_sBM_cAll_d20_mHO5_ch06;gHO_sBM_cAll_d21_mHO5_ch09;gHO_sBM_cAll_d21_mHO5_ch03,13.451277,113,,,,0.493855869,0.216061185,0.000000,motion_end,0.216061185,0.077234,0.128347,0.034431,0.000000,0.087300,0.000000,4.270833,0.350000,beat-sync,1.352808,1.008065,,0.005954123,0.157430071,left_wrist_yaw,0.072679527,right_wrist_roll,0.157430071,left_wrist_yaw,0.105705835,right_wrist_roll,-0.546143,0.409021,0.785929,1.419340,0.000000000,0.000000000,0.000000000,0.000950786,0.000796964,0.007295884,14.776000,0.000000000,0.000000000,,0.105706,0.088271,3.347578,,0.004331168,0,1,0,7,gPO_sBM_cAll_d10_mPO0_ch01;gPO_sBM_cAll_d11_mPO0_ch01;gPO_sBM_cAll_d11_mPO0_ch02;gPO_sBM_cAll_d10_mPO0_ch02;gPO_sBM_cAll_d12_mPO3_ch02;gHO_sBM_cAll_d20_mHO5_ch10;gHO_sBM_cAll_d21_mHO5_ch10,,52.030800,680.669900,50.844400,1487.775800,accepted,0.951487,,0.911794,0.248160962,32.281708,0.106702,HO,0.850443,0.005774,0.002792,JB3:0.674896;JB5:0.669122;JB1:0.656030;LO4:0.618615;JB2:0.609021,gHO_sBM_cAll_d20_mHO5_ch10:0.666988;gHO_sBM_cAll_d21_mHO5_ch10:0.664196;gHO_sBM_cAll_d20_mHO5_ch06:0.664093;gHO_sBM_cAll_d21_mHO5_ch09:0.663010;gHO_sBM_cAll_d21_mHO5_ch03:0.656268;gHO_sBM_cAll_d21_mHO5_ch05:0.649037;gHO_sBM_cAll_d20_mHO5_ch05:0.645856;gHO_sBM_cAll_d21_mHO5_ch02:0.645597;gHO_sBM_cAll_d20_mHO5_ch04:0.644977;gHO_sBM_cAll_d21_mHO5_ch04:0.642898,Electronic---Techno:0.319059;Electronic---Electro:0.210035;Electronic---Deep Techno:0.107326;Electronic---Ambient:0.106702;Electronic---Synthwave:0.098299,PO:v1:k0:r1,,JB3,0.674896,gHO_sBM_cAll_d20_mHO5_ch10,0.666988,120.967742
14.840000,14.865657500,beat_limiter_result,hermite,loading,,6.217248937900877e-15,7.612957883143931e-14,4.495270369094512e-13,0,1.0,1,gPO_sBM_cAll_d12_mPO3_ch02,,,14.296000,gHO_sBM_cAll_d20_mHO5_ch10;gHO_sBM_cAll_d21_mHO5_ch10;gHO_sBM_cAll_d20_mHO5_ch06;gHO_sBM_cAll_d21_mHO5_ch09;gHO_sBM_cAll_d21_mHO5_ch03,13.451277,113,,,,0.498884794,0.216061185,0.000000,motion_end,0.216061185,0.077234,0.128347,0.034431,0.000000,0.087300,0.000000,4.270833,0.350000,beat-sync,1.308172,1.008065,,0.005215799,0.155698424,left_wrist_yaw,0.075454763,right_wrist_roll,0.155698424,left_wrist_yaw,0.086575568,right_wrist_roll,-0.546649,0.396476,0.775423,1.352220,0.000000000,0.000000000,0.000000000,0.000950786,0.000796964,0.007295884,14.776000,0.000000000,0.000000000,,0.086576,0.072606,23.447098,,0.004321888,0,1,0,7,gPO_sBM_cAll_d10_mPO0_ch01;gPO_sBM_cAll_d11_mPO0_ch01;gPO_sBM_cAll_d11_mPO0_ch02;gPO_sBM_cAll_d10_mPO0_ch02;gPO_sBM_cAll_d12_mPO3_ch02;gHO_sBM_cAll_d20_mHO5_ch10;gHO_sBM_cAll_d21_mHO5_ch10,,52.030800,680.669900,50.844400,1487.775800,accepted,0.951487,,0.911794,0.248160962,32.281708,0.106702,HO,0.850443,0.005774,0.002792,JB3:0.674896;JB5:0.669122;JB1:0.656030;LO4:0.618615;JB2:0.609021,gHO_sBM_cAll_d20_mHO5_ch10:0.666988;gHO_sBM_cAll_d21_mHO5_ch10:0.664196;gHO_sBM_cAll_d20_mHO5_ch06:0.664093;gHO_sBM_cAll_d21_mHO5_ch09:0.663010;gHO_sBM_cAll_d21_mHO5_ch03:0.656268;gHO_sBM_cAll_d21_mHO5_ch05:0.649037;gHO_sBM_cAll_d20_mHO5_ch05:0.645856;gHO_sBM_cAll_d21_mHO5_ch02:0.645597;gHO_sBM_cAll_d20_mHO5_ch04:0.644977;gHO_sBM_cAll_d21_mHO5_ch04:0.642898,Electronic---Techno:0.319059;Electronic---Electro:0.210035;Electronic---Deep Techno:0.107326;Electronic---Ambient:0.106702;Electronic---Synthwave:0.098299,PO:v1:k0:r1,,JB3,0.674896,gHO_sBM_cAll_d20_mHO5_ch10,0.666988,120.967742
14.872000,14.890793100,,hermite,loading,,6.217248937900877e-15,7.612957883143931e-14,4.495270369094512e-13,0,1.0,1,gPO_sBM_cAll_d12_mPO3_ch02,,,14.296000,gHO_sBM_cAll_d20_mHO5_ch10;gHO_sBM_cAll_d21_mHO5_ch10;gHO_sBM_cAll_d20_mHO5_ch06;gHO_sBM_cAll_d21_mHO5_ch09;gHO_sBM_cAll_d21_mHO5_ch03,13.451277,113,,,,0.502582110,0.216061185,0.000000,motion_end,0.216061185,0.077234,0.128347,0.034431,0.000000,0.087300,0.000000,4.270833,0.350000,beat-sync,1.278175,1.008065,,0.004718993,0.154422345,left_wrist_yaw,0.073673111,left_wrist_roll,0.154422345,left_wrist_yaw,0.082738244,left_wrist_roll,-0.541852,0.388895,0.781266,1.361568,0.000000000,0.000000000,0.000000000,0.000950786,0.000796964,0.007295884,14.776000,0.000000000,0.000000000,,0.162575,0.140609,16.382476,,0.004314955,0,1,0,7,gPO_sBM_cAll_d10_mPO0_ch01;gPO_sBM_cAll_d11_mPO0_ch01;gPO_sBM_cAll_d11_mPO0_ch02;gPO_sBM_cAll_d10_mPO0_ch02;gPO_sBM_cAll_d12_mPO3_ch02;gHO_sBM_cAll_d20_mHO5_ch10;gHO_sBM_cAll_d21_mHO5_ch10,,52.030800,680.669900,50.844400,1487.775800,accepted,0.951487,,0.911794,0.248160962,32.281708,0.106702,HO,0.850443,0.005774,0.002792,JB3:0.674896;JB5:0.669122;JB1:0.656030;LO4:0.618615;JB2:0.609021,gHO_sBM_cAll_d20_mHO5_ch10:0.666988;gHO_sBM_cAll_d21_mHO5_ch10:0.664196;gHO_sBM_cAll_d20_mHO5_ch06:0.664093;gHO_sBM_cAll_d21_mHO5_ch09:0.663010;gHO_sBM_cAll_d21_mHO5_ch03:0.656268;gHO_sBM_cAll_d21_mHO5_ch05:0.649037;gHO_sBM_cAll_d20_mHO5_ch05:0.645856;gHO_sBM_cAll_d21_mHO5_ch02:0.645597;gHO_sBM_cAll_d20_mHO5_ch04:0.644977;gHO_sBM_cAll_d21_mHO5_ch04:0.642898,Electronic---Techno:0.319059;Electronic---Electro:0.210035;Electronic---Deep Techno:0.107326;Electronic---Ambient:0.106702;Electronic---Synthwave:0.098299,PO:v1:k0:r1,,JB3,0.674896,gHO_sBM_cAll_d20_mHO5_ch10,0.666988,120.967742
14.904000,14.923428900,,hermite,loading,,6.217248937900877e-15,7.612957883143931e-14,4.495270369094512e-13,0,1.0,1,gPO_sBM_cAll_d12_mPO3_ch02,,,14.296000,gHO_sBM_cAll_d20_mHO5_ch10;gHO_sBM_cAll_d21_mHO5_ch10;gHO_sBM_cAll_d20_mHO5_ch06;gHO_sBM_cAll_d21_mHO5_ch09;gHO_sBM_cAll_d21_mHO5_ch03,13.451277,113,,,,0.507352231,0.216061185,0.000000,motion_end,0.216061185,0.077234,0.128347,0.034431,0.000000,0.087300,0.000000,4.270833,0.350000,beat-sync,1.242929,1.008065,,0.004133618,0.152777406,left_wrist_yaw,0.067721070,right_wrist_roll,0.152777406,left_wrist_yaw,0.086002872,right_wrist_roll,-0.535973,0.380007,0.804163,1.396101,0.000000000,0.000000000,0.000000000,0.000950786,0.000796964,0.007295884,14.776000,0.000000000,0.000000000,,0.158374,0.137008,18.232995,,0.004305745,0,1,0,7,gPO_sBM_cAll_d10_mPO0_ch01;gPO_sBM_cAll_d11_mPO0_ch01;gPO_sBM_cAll_d11_mPO0_ch02;gPO_sBM_cAll_d10_mPO0_ch02;gPO_sBM_cAll_d12_mPO3_ch02;gHO_sBM_cAll_d20_mHO5_ch10;gHO_sBM_cAll_d21_mHO5_ch10,,52.030800,680.669900,50.844400,1487.775800,accepted,0.951487,,0.911794,0.248160962,32.281708,0.106702,HO,0.850443,0.005774,0.002792,JB3:0.674896;JB5:0.669122;JB1:0.656030;LO4:0.618615;JB2:0.609021,gHO_sBM_cAll_d20_mHO5_ch10:0.666988;gHO_sBM_cAll_d21_mHO5_ch10:0.664196;gHO_sBM_cAll_d20_mHO5_ch06:0.664093;gHO_sBM_cAll_d21_mHO5_ch09:0.663010;gHO_sBM_cAll_d21_mHO5_ch03:0.656268;gHO_sBM_cAll_d21_mHO5_ch05:0.649037;gHO_sBM_cAll_d20_mHO5_ch05:0.645856;gHO_sBM_cAll_d21_mHO5_ch02:0.645597;gHO_sBM_cAll_d20_mHO5_ch04:0.644977;gHO_sBM_cAll_d21_mHO5_ch04:0.642898,Electronic---Techno:0.319059;Electronic---Electro:0.210035;Electronic---Deep Techno:0.107326;Electronic---Ambient:0.106702;Electronic---Synthwave:0.098299,PO:v1:k0:r1,,JB3,0.674896,gHO_sBM_cAll_d20_mHO5_ch10,0.666988,120.967742
14.968000,14.982436600,,hermite,loading,,6.217248937900877e-15,7.612957883143931e-14,4.495270369094512e-13,0,1.0,1,gPO_sBM_cAll_d12_mPO3_ch02,,,14.296000,gHO_sBM_cAll_d20_mHO5_ch10;gHO_sBM_cAll_d21_mHO5_ch10;gHO_sBM_cAll_d20_mHO5_ch06;gHO_sBM_cAll_d21_mHO5_ch09;gHO_sBM_cAll_d21_mHO5_ch03,13.451277,113,,,,0.515508964,0.216061185,0.000000,motion_end,0.216061185,0.077234,0.128347,0.034431,0.000000,0.087300,0.000000,4.270833,0.350000,beat-sync,1.191739,1.008065,,0.003269480,0.149984754,left_wrist_yaw,0.067696833,right_wrist_roll,0.149984754,left_wrist_yaw,0.076344531,right_wrist_roll,-0.527921,0.368797,0.847061,1.421868,0.000000000,0.000000000,0.000000000,0.000950786,0.000796964,0.007295884,14.776000,0.000000000,0.000000000,,0.076345,0.066288,7.055665,,0.004289721,0,1,0,7,gPO_sBM_cAll_d10_mPO0_ch01;gPO_sBM_cAll_d11_mPO0_ch01;gPO_sBM_cAll_d11_mPO0_ch02;gPO_sBM_cAll_d10_mPO0_ch02;gPO_sBM_cAll_d12_mPO3_ch02;gHO_sBM_cAll_d20_mHO5_ch10;gHO_sBM_cAll_d21_mHO5_ch10,,52.030800,680.669900,50.844400,1487.775800,accepted,0.951487,,0.911794,0.248160962,32.281708,0.106702,HO,0.850443,0.005774,0.002792,JB3:0.674896;JB5:0.669122;JB1:0.656030;LO4:0.618615;JB2:0.609021,gHO_sBM_cAll_d20_mHO5_ch10:0.666988;gHO_sBM_cAll_d21_mHO5_ch10:0.664196;gHO_sBM_cAll_d20_mHO5_ch06:0.664093;gHO_sBM_cAll_d21_mHO5_ch09:0.663010;gHO_sBM_cAll_d21_mHO5_ch03:0.656268;gHO_sBM_cAll_d21_mHO5_ch05:0.649037;gHO_sBM_cAll_d20_mHO5_ch05:0.645856;gHO_sBM_cAll_d21_mHO5_ch02:0.645597;gHO_sBM_cAll_d20_mHO5_ch04:0.644977;gHO_sBM_cAll_d21_mHO5_ch04:0.642898,Electronic---Techno:0.319059;Electronic---Electro:0.210035;Electronic---Deep Techno:0.107326;Electronic---Ambient:0.106702;Electronic---Synthwave:0.098299,PO:v1:k0:r1,,JB3,0.674896,gHO_sBM_cAll_d20_mHO5_ch10,0.666988,120.967742
15.000000,15.015882800,,hermite,loading,,6.217248937900877e-15,7.612957883143931e-14,4.495270369094512e-13,0,1.0,1,gPO_sBM_cAll_d12_mPO3_ch02,,,14.296000,gHO_sBM_cAll_d20_mHO5_ch10;gHO_sBM_cAll_d21_mHO5_ch10;gHO_sBM_cAll_d20_mHO5_ch06;gHO_sBM_cAll_d21_mHO5_ch09;gHO_sBM_cAll_d21_mHO5_ch03,13.451277,113,,,,0.519994405,0.216061185,0.000000,motion_end,0.216061185,0.077234,0.128347,0.034431,0.000000,0.087300,0.000000,4.270833,0.350000,beat-sync,1.167824,1.008065,,0.002862512,0.148468963,left_wrist_yaw,0.065952146,right_wrist_roll,0.148468963,left_wrist_yaw,0.073675061,right_wrist_roll,-0.518507,0.370127,0.855678,1.422726,0.000000000,0.000000000,0.000000000,0.000950786,0.000796964,0.007295884,14.776000,0.000000000,0.000000000,,0.073675,0.064955,0.286088,,0.004280618,0,1,0,7,gPO_sBM_cAll_d10_mPO0_ch01;gPO_sBM_cAll_d11_mPO0_ch01;gPO_sBM_cAll_d11_mPO0_ch02;gPO_sBM_cAll_d10_mPO0_ch02;gPO_sBM_cAll_d12_mPO3_ch02;gHO_sBM_cAll_d20_mHO5_ch10;gHO_sBM_cAll_d21_mHO5_ch10,,52.030800,680.669900,50.844400,1487.775800,accepted,0.951487,,0.911794,0.248160962,32.281708,0.106702,HO,0.850443,0.005774,0.002792,JB3:0.674896;JB5:0.669122;JB1:0.656030;LO4:0.618615;JB2:0.609021,gHO_sBM_cAll_d20_mHO5_ch10:0.666988;gHO_sBM_cAll_d21_mHO5_ch10:0.664196;gHO_sBM_cAll_d20_mHO5_ch06:0.664093;gHO_sBM_cAll_d21_mHO5_ch09:0.663010;gHO_sBM_cAll_d21_mHO5_ch03:0.656268;gHO_sBM_cAll_d21_mHO5_ch05:0.649037;gHO_sBM_cAll_d20_mHO5_ch05:0.645856;gHO_sBM_cAll_d21_mHO5_ch02:0.645597;gHO_sBM_cAll_d20_mHO5_ch04:0.644977;gHO_sBM_cAll_d21_mHO5_ch04:0.642898,Electronic---Techno:0.319059;Electronic---Electro:0.210035;Electronic---Deep Techno:0.107326;Electronic---Ambient:0.106702;Electronic---Synthwave:0.098299,PO:v1:k0:r1,,JB3,0.674896,gHO_sBM_cAll_d20_mHO5_ch10,0.666988,120.967742
15.064000,15.073891000,,hermite,loading,,6.217248937900877e-15,7.612957883143931e-14,4.495270369094512e-13,0,1.0,1,gPO_sBM_cAll_d12_mPO3_ch02,,,14.296000,gHO_sBM_cAll_d20_mHO5_ch10;gHO_sBM_cAll_d21_mHO5_ch10;gHO_sBM_cAll_d20_mHO5_ch06;gHO_sBM_cAll_d21_mHO5_ch09;gHO_sBM_cAll_d21_mHO5_ch03,13.451277,113,,,,0.527664879,0.216061185,0.000000,motion_end,0.216061185,0.077234,0.128347,0.034431,0.000000,0.087300,0.000000,4.270833,0.350000,beat-sync,1.133163,1.008065,,0.002267301,0.229231801,right_wrist_yaw,0.983967282,right_wrist_yaw,0.229231801,right_wrist_yaw,1.145277299,right_wrist_yaw,-0.501558,0.369965,0.852391,1.473234,0.000000000,0.000000000,0.000000000,0.000950786,0.000796964,0.007295884,14.776000,0.000000000,0.000000000,,1.145277,0.962183,350.481108,,0.004264781,0,1,0,8,gPO_sBM_cAll_d10_mPO0_ch01;gPO_sBM_cAll_d11_mPO0_ch01;gPO_sBM_cAll_d11_mPO0_ch02;gPO_sBM_cAll_d10_mPO0_ch02;gPO_sBM_cAll_d12_mPO3_ch02;gHO_sBM_cAll_d20_mHO5_ch10;gHO_sBM_cAll_d21_mHO5_ch10;gHO_sBM_cAll_d20_mHO5_ch06,,46.788700,625.022600,51.476100,2221.927100,accepted,0.951487,,0.911794,0.248160962,32.281708,0.106702,HO,0.850443,0.005774,0.002792,JB3:0.674896;JB5:0.669122;JB1:0.656030;LO4:0.618615;JB2:0.609021,gHO_sBM_cAll_d20_mHO5_ch10:0.666988;gHO_sBM_cAll_d21_mHO5_ch10:0.664196;gHO_sBM_cAll_d20_mHO5_ch06:0.664093;gHO_sBM_cAll_d21_mHO5_ch09:0.663010;gHO_sBM_cAll_d21_mHO5_ch03:0.656268;gHO_sBM_cAll_d21_mHO5_ch05:0.649037;gHO_sBM_cAll_d20_mHO5_ch05:0.645856;gHO_sBM_cAll_d21_mHO5_ch02:0.645597;gHO_sBM_cAll_d20_mHO5_ch04:0.644977;gHO_sBM_cAll_d21_mHO5_ch04:0.642898,Electronic---Techno:0.319059;Electronic---Electro:0.210035;Electronic---Deep Techno:0.107326;Electronic---Ambient:0.106702;Electronic---Synthwave:0.098299,PO:v1:k0:r1,,JB3,0.674896,gHO_sBM_cAll_d20_mHO5_ch10,0.666988,120.967742
15.128000,15.142081000,,hermite,loading,,6.217248937900877e-15,7.612957883143931e-14,4.495270369094512e-13,0,1.0,1,gPO_sBM_cAll_d12_mPO3_ch02,,,14.296000,gHO_sBM_cAll_d20_mHO5_ch10;gHO_sBM_cAll_d21_mHO5_ch10;gHO_sBM_cAll_d20_mHO5_ch06;gHO_sBM_cAll_d21_mHO5_ch09;gHO_sBM_cAll_d21_mHO5_ch03,13.451277,113,,,,0.536224795,0.216061185,0.000000,motion_end,0.216061185,0.077234,0.128347,0.034431,0.000000,0.087300,0.000000,4.270833,0.350000,beat-sync,1.102571,1.008065,,0.001734938,0.222447833,right_wrist_yaw,8.168593738,left_wrist_yaw,0.222447833,right_wrist_yaw,9.113519933,left_wrist_yaw,-0.474062,0.344822,0.857370,1.353376,0.000000000,0.000000000,0.000000000,0.000950786,0.000796964,0.007295884,14.776000,0.000000000,0.000000000,,9.487317,8.040258,959.460287,,0.004246824,0,1,0,8,gPO_sBM_cAll_d10_mPO0_ch01;gPO_sBM_cAll_d11_mPO0_ch01;gPO_sBM_cAll_d11_mPO0_ch02;gPO_sBM_cAll_d10_mPO0_ch02;gPO_sBM_cAll_d12_mPO3_ch02;gHO_sBM_cAll_d20_mHO5_ch10;gHO_sBM_cAll_d21_mHO5_ch10;gHO_sBM_cAll_d20_mHO5_ch06,,46.788700,625.022600,51.476100,2221.927100,accepted,0.951487,,0.911794,0.248160962,32.281708,0.106702,HO,0.850443,0.005774,0.002792,JB3:0.674896;JB5:0.669122;JB1:0.656030;LO4:0.618615;JB2:0.609021,gHO_sBM_cAll_d20_mHO5_ch10:0.666988;gHO_sBM_cAll_d21_mHO5_ch10:0.664196;gHO_sBM_cAll_d20_mHO5_ch06:0.664093;gHO_sBM_cAll_d21_mHO5_ch09:0.663010;gHO_sBM_cAll_d21_mHO5_ch03:0.656268;gHO_sBM_cAll_d21_mHO5_ch05:0.649037;gHO_sBM_cAll_d20_mHO5_ch05:0.645856;gHO_sBM_cAll_d21_mHO5_ch02:0.645597;gHO_sBM_cAll_d20_mHO5_ch04:0.644977;gHO_sBM_cAll_d21_mHO5_ch04:0.642898,Electronic---Techno:0.319059;Electronic---Electro:0.210035;Electronic---Deep Techno:0.107326;Electronic---Ambient:0.106702;Electronic---Synthwave:0.098299,PO:v1:k0:r1,,JB3,0.674896,gHO_sBM_cAll_d20_mHO5_ch10,0.666988,120.967742
15.160000,15.166487300,,hermite,loading,,6.217248937900877e-15,7.612957883143931e-14,4.495270369094512e-13,0,1.0,1,gPO_sBM_cAll_d12_mPO3_ch02,,,14.296000,gHO_sBM_cAll_d20_mHO5_ch10;gHO_sBM_cAll_d21_mHO5_ch10;gHO_sBM_cAll_d20_mHO5_ch06;gHO_sBM_cAll_d21_mHO5_ch09;gHO_sBM_cAll_d21_mHO5_ch03,13.451277,113,,,,0.539387295,0.216061185,0.000000,motion_end,0.216061185,0.077234,0.128347,0.034431,0.000000,0.087300,0.000000,4.270833,0.350000,beat-sync,1.093128,1.008065,,0.001568910,0.152187659,left_wrist_yaw,7.866955981,right_wrist_yaw,0.152187659,left_wrist_yaw,9.389971851,right_wrist_yaw,-0.461106,0.334481,0.863212,1.308312,0.000000000,0.000000000,0.000000000,0.000950786,0.000796964,0.007295884,14.776000,0.000000000,0.000000000,,12.694031,9.915299,352.926502,,0.004348850,0,1,0,8,gPO_sBM_cAll_d10_mPO0_ch01;gPO_sBM_cAll_d11_mPO0_ch01;gPO_sBM_cAll_d11_mPO0_ch02;gPO_sBM_cAll_d10_mPO0_ch02;gPO_sBM_cAll_d12_mPO3_ch02;gHO_sBM_cAll_d20_mHO5_ch10;gHO_sBM_cAll_d21_mHO5_ch10;gHO_sBM_cAll_d20_mHO5_ch06,,46.788700,625.022600,51.476100,2221.927100,accepted,0.951487,,0.911794,0.248160962,32.281708,0.106702,HO,0.850443,0.005774,0.002792,JB3:0.674896;JB5:0.669122;JB1:0.656030;LO4:0.618615;JB2:0.609021,gHO_sBM_cAll_d20_mHO5_ch10:0.666988;gHO_sBM_cAll_d21_mHO5_ch10:0.664196;gHO_sBM_cAll_d20_mHO5_ch06:0.664093;gHO_sBM_cAll_d21_mHO5_ch09:0.663010;gHO_sBM_cAll_d21_mHO5_ch03:0.656268;gHO_sBM_cAll_d21_mHO5_ch05:0.649037;gHO_sBM_cAll_d20_mHO5_ch05:0.645856;gHO_sBM_cAll_d21_mHO5_ch02:0.645597;gHO_sBM_cAll_d20_mHO5_ch04:0.644977;gHO_sBM_cAll_d21_mHO5_ch04:0.642898,Electronic---Techno:0.319059;Electronic---Electro:0.210035;Electronic---Deep Techno:0.107326;Electronic---Ambient:0.106702;Electronic---Synthwave:0.098299,PO:v1:k0:r1,,JB3,0.674896,gHO_sBM_cAll_d20_mHO5_ch10,0.666988,120.967742
15.224000,15.249934800,,hermite,loading,,6.217248937900877e-15,7.612957883143931e-14,4.495270369094512e-13,1,1.0,1,gPO_sBM_cAll_d12_mPO3_ch02,,,14.296000,gHO_sBM_cAll_d20_mHO5_ch10;gHO_sBM_cAll_d21_mHO5_ch10;gHO_sBM_cAll_d20_mHO5_ch06;gHO_sBM_cAll_d21_mHO5_ch09;gHO_sBM_cAll_d21_mHO5_ch03,13.451277,113,,,,0.549976826,0.216061185,0.000000,motion_end,0.216061185,0.077234,0.128347,0.034431,0.000000,0.087300,0.000000,4.270833,0.350000,beat-sync,1.144220,1.276882,,0.010766650,0.172376378,left_wrist_yaw,1.309543646,right_wrist_yaw,0.172376378,left_wrist_yaw,2.711337855,right_wrist_yaw,-0.424528,0.300185,0.873562,1.159914,0.000000000,0.000000000,0.000000000,0.000950786,0.000796964,0.007295884,15.192000,0.000000000,0.000000000,,15.091623,8.743848,724.168865,right_elbow,0.004344143,0,1,0,8,gPO_sBM_cAll_d10_mPO0_ch01;gPO_sBM_cAll_d11_mPO0_ch01;gPO_sBM_cAll_d11_mPO0_ch02;gPO_sBM_cAll_d10_mPO0_ch02;gPO_sBM_cAll_d12_mPO3_ch02;gHO_sBM_cAll_d20_mHO5_ch10;gHO_sBM_cAll_d21_mHO5_ch10;gHO_sBM_cAll_d20_mHO5_ch06,,46.788700,625.022600,51.476100,2221.927100,accepted,0.951487,,0.911794,0.248160962,32.281708,0.106702,HO,0.850443,0.005774,0.002792,JB3:0.674896;JB5:0.669122;JB1:0.656030;LO4:0.618615;JB2:0.609021,gHO_sBM_cAll_d20_mHO5_ch10:0.666988;gHO_sBM_cAll_d21_mHO5_ch10:0.664196;gHO_sBM_cAll_d20_mHO5_ch06:0.664093;gHO_sBM_cAll_d21_mHO5_ch09:0.663010;gHO_sBM_cAll_d21_mHO5_ch03:0.656268;gHO_sBM_cAll_d21_mHO5_ch05:0.649037;gHO_sBM_cAll_d20_mHO5_ch05:0.645856;gHO_sBM_cAll_d21_mHO5_ch02:0.645597;gHO_sBM_cAll_d20_mHO5_ch04:0.644977;gHO_sBM_cAll_d21_mHO5_ch04:0.642898,Electronic---Techno:0.319059;Electronic---Electro:0.210035;Electronic---Deep Techno:0.107326;Electronic---Ambient:0.106702;Electronic---Synthwave:0.098299,PO:v1:k0:r1,,JB3,0.674896,gHO_sBM_cAll_d20_mHO5_ch10,0.666988,120.967742
15.256000,15.282206600,,hermite,loading,,6.217248937900877e-15,7.612957883143931e-14,4.495270369094512e-13,0,1.0,1,gPO_sBM_cAll_d12_mPO3_ch02,,,14.296000,gHO_sBM_cAll_d20_mHO5_ch10;gHO_sBM_cAll_d21_mHO5_ch10;gHO_sBM_cAll_d20_mHO5_ch06;gHO_sBM_cAll_d21_mHO5_ch09;gHO_sBM_cAll_d21_mHO5_ch03,13.451277,113,,,,0.554356377,0.216061185,0.000000,motion_end,0.216061185,0.077234,0.128347,0.034431,0.000000,0.087300,0.000000,4.270833,0.350000,beat-sync,1.208677,1.276882,,0.010397320,0.148891328,left_wrist_yaw,1.987835486,right_wrist_yaw,0.148891328,left_wrist_yaw,2.459510590,right_wrist_yaw,-0.408436,0.285879,0.869377,1.108205,0.000000000,0.000000000,0.000000000,0.000950786,0.000796964,0.007295884,15.192000,0.000000000,0.000000000,,8.719028,7.256555,178.263966,,0.004335078,0,1,0,8,gPO_sBM_cAll_d10_mPO0_ch01;gPO_sBM_cAll_d11_mPO0_ch01;gPO_sBM_cAll_d11_mPO0_ch02;gPO_sBM_cAll_d10_mPO0_ch02;gPO_sBM_cAll_d12_mPO3_ch02;gHO_sBM_cAll_d20_mHO5_ch10;gHO_sBM_cAll_d21_mHO5_ch10;gHO_sBM_cAll_d20_mHO5_ch06,,46.788700,625.022600,51.476100,2221.927100,accepted,0.951487,,0.911794,0.248160962,32.281708,0.106702,HO,0.850443,0.005774,0.002792,JB3:0.674896;JB5:0.669122;JB1:0.656030;LO4:0.618615;JB2:0.609021,gHO_sBM_cAll_d20_mHO5_ch10:0.666988;gHO_sBM_cAll_d21_mHO5_ch10:0.664196;gHO_sBM_cAll_d20_mHO5_ch06:0.664093;gHO_sBM_cAll_d21_mHO5_ch09:0.663010;gHO_sBM_cAll_d21_mHO5_ch03:0.656268;gHO_sBM_cAll_d21_mHO5_ch05:0.649037;gHO_sBM_cAll_d20_mHO5_ch05:0.645856;gHO_sBM_cAll_d21_mHO5_ch02:0.645597;gHO_sBM_cAll_d20_mHO5_ch04:0.644977;gHO_sBM_cAll_d21_mHO5_ch04:0.642898,Electronic---Techno:0.319059;Electronic---Electro:0.210035;Electronic---Deep Techno:0.107326;Electronic---Ambient:0.106702;Electronic---Synthwave:0.098299,PO:v1:k0:r1,,JB3,0.674896,gHO_sBM_cAll_d20_mHO5_ch10,0.666988,120.967742
15.256000,15.290779900,beat_limiter_result,hermite,loading,,6.217248937900877e-15,7.612957883143931e-14,4.495270369094512e-13,0,1.0,1,gPO_sBM_cAll_d12_mPO3_ch02,,,14.296000,gHO_sBM_cAll_d20_mHO5_ch10;gHO_sBM_cAll_d21_mHO5_ch10;gHO_sBM_cAll_d20_mHO5_ch06;gHO_sBM_cAll_d21_mHO5_ch09;gHO_sBM_cAll_d21_mHO5_ch03,13.451277,113,,,,0.555556178,0.216061185,0.000000,motion_end,0.216061185,0.077234,0.128347,0.034431,0.000000,0.087300,0.000000,4.270833,0.350000,beat-sync,1.225741,1.276882,,0.010276228,0.147268010,left_wrist_yaw,1.125106515,right_wrist_yaw,0.147268010,left_wrist_yaw,1.309829093,right_wrist_yaw,-0.404214,0.282096,0.868361,1.086248,0.000000000,0.000000000,0.000000000,0.000950786,0.000796964,0.007295884,15.192000,0.000000000,0.000000000,,6.860450,5.712466,224.700772,,0.004332818,0,1,0,8,gPO_sBM_cAll_d10_mPO0_ch01;gPO_sBM_cAll_d11_mPO0_ch01;gPO_sBM_cAll_d11_mPO0_ch02;gPO_sBM_cAll_d10_mPO0_ch02;gPO_sBM_cAll_d12_mPO3_ch02;gHO_sBM_cAll_d20_mHO5_ch10;gHO_sBM_cAll_d21_mHO5_ch10;gHO_sBM_cAll_d20_mHO5_ch06,,46.788700,625.022600,51.476100,2221.927100,accepted,0.951487,,0.911794,0.248160962,32.281708,0.106702,HO,0.850443,0.005774,0.002792,JB3:0.674896;JB5:0.669122;JB1:0.656030;LO4:0.618615;JB2:0.609021,gHO_sBM_cAll_d20_mHO5_ch10:0.666988;gHO_sBM_cAll_d21_mHO5_ch10:0.664196;gHO_sBM_cAll_d20_mHO5_ch06:0.664093;gHO_sBM_cAll_d21_mHO5_ch09:0.663010;gHO_sBM_cAll_d21_mHO5_ch03:0.656268;gHO_sBM_cAll_d21_mHO5_ch05:0.649037;gHO_sBM_cAll_d20_mHO5_ch05:0.645856;gHO_sBM_cAll_d21_mHO5_ch02:0.645597;gHO_sBM_cAll_d20_mHO5_ch04:0.644977;gHO_sBM_cAll_d21_mHO5_ch04:0.642898,Electronic---Techno:0.319059;Electronic---Electro:0.210035;Electronic---Deep Techno:0.107326;Electronic---Ambient:0.106702;Electronic---Synthwave:0.098299,PO:v1:k0:r1,,JB3,0.674896,gHO_sBM_cAll_d20_mHO5_ch10,0.666988,120.967742
15.320000,15.342097500,,hermite,loading,,6.217248937900877e-15,7.612957883143931e-14,4.495270369094512e-13,0,1.0,1,gPO_sBM_cAll_d12_mPO3_ch02,,,14.296000,gHO_sBM_cAll_d20_mHO5_ch10;gHO_sBM_cAll_d21_mHO5_ch10;gHO_sBM_cAll_d20_mHO5_ch06;gHO_sBM_cAll_d21_mHO5_ch09;gHO_sBM_cAll_d21_mHO5_ch03,13.451277,113,,,,0.562917654,0.216061185,0.000000,motion_end,0.216061185,0.077234,0.128347,0.034431,0.000000,0.087300,0.000000,4.270833,0.350000,beat-sync,1.325687,1.276882,,0.009355851,0.095178556,left_wrist_yaw,1.566580292,left_wrist_yaw,0.095178556,left_wrist_yaw,1.666135202,left_wrist_yaw,-0.382292,0.263737,0.873651,0.963146,0.000000000,0.000000000,0.000000000,0.000950786,0.000796964,0.007295884,15.192000,0.000000000,0.000000000,,7.327544,6.309604,158.729850,,0.004319306,0,1,0,8,gPO_sBM_cAll_d10_mPO0_ch01;gPO_sBM_cAll_d11_mPO0_ch01;gPO_sBM_cAll_d11_mPO0_ch02;gPO_sBM_cAll_d10_mPO0_ch02;gPO_sBM_cAll_d12_mPO3_ch02;gHO_sBM_cAll_d20_mHO5_ch10;gHO_sBM_cAll_d21_mHO5_ch10;gHO_sBM_cAll_d20_mHO5_ch06,,46.788700,625.022600,51.476100,2221.927100,accepted,0.951487,,0.911794,0.248160962,32.281708,0.106702,HO,0.850443,0.005774,0.002792,JB3:0.674896;JB5:0.669122;JB1:0.656030;LO4:0.618615;JB2:0.609021,gHO_sBM_cAll_d20_mHO5_ch10:0.666988;gHO_sBM_cAll_d21_mHO5_ch10:0.664196;gHO_sBM_cAll_d20_mHO5_ch06:0.664093;gHO_sBM_cAll_d21_mHO5_ch09:0.663010;gHO_sBM_cAll_d21_mHO5_ch03:0.656268;gHO_sBM_cAll_d21_mHO5_ch05:0.649037;gHO_sBM_cAll_d20_mHO5_ch05:0.645856;gHO_sBM_cAll_d21_mHO5_ch02:0.645597;gHO_sBM_cAll_d20_mHO5_ch04:0.644977;gHO_sBM_cAll_d21_mHO5_ch04:0.642898,Electronic---Techno:0.319059;Electronic---Electro:0.210035;Electronic---Deep Techno:0.107326;Electronic---Ambient:0.106702;Electronic---Synthwave:0.098299,PO:v1:k0:r1,,JB3,0.674896,gHO_sBM_cAll_d20_mHO5_ch10,0.666988,120.967742
15.352000,15.374092800,,hermite,loading,,6.217248937900877e-15,7.612957883143931e-14,4.495270369094512e-13,0,1.0,1,gPO_sBM_cAll_d12_mPO3_ch02,,,14.296000,gHO_sBM_cAll_d20_mHO5_ch10;gHO_sBM_cAll_d21_mHO5_ch10;gHO_sBM_cAll_d20_mHO5_ch06;gHO_sBM_cAll_d21_mHO5_ch09;gHO_sBM_cAll_d21_mHO5_ch03,13.451277,113,,,,0.568088214,0.216061185,0.000000,motion_end,0.216061185,0.077234,0.128347,0.034431,0.000000,0.087300,0.000000,4.270833,0.350000,beat-sync,1.391631,1.276882,,0.008535923,0.058612394,right_wrist_yaw,0.962881611,right_wrist_yaw,0.058612394,right_wrist_yaw,1.598122532,right_wrist_yaw,-0.374480,0.256328,0.886605,0.934672,0.000000000,0.000000000,0.000000000,0.000950786,0.000796964,0.007295884,15.192000,0.000000000,0.000000000,,11.652435,9.041356,492.696663,,0.004310345,0,1,0,8,gPO_sBM_cAll_d10_mPO0_ch01;gPO_sBM_cAll_d11_mPO0_ch01;gPO_sBM_cAll_d11_mPO0_ch02;gPO_sBM_cAll_d10_mPO0_ch02;gPO_sBM_cAll_d12_mPO3_ch02;gHO_sBM_cAll_d20_mHO5_ch10;gHO_sBM_cAll_d21_mHO5_ch10;gHO_sBM_cAll_d20_mHO5_ch06,,46.788700,625.022600,51.476100,2221.927100,accepted,0.951487,,0.911794,0.248160962,32.281708,0.106702,HO,0.850443,0.005774,0.002792,JB3:0.674896;JB5:0.669122;JB1:0.656030;LO4:0.618615;JB2:0.609021,gHO_sBM_cAll_d20_mHO5_ch10:0.666988;gHO_sBM_cAll_d21_mHO5_ch10:0.664196;gHO_sBM_cAll_d20_mHO5_ch06:0.664093;gHO_sBM_cAll_d21_mHO5_ch09:0.663010;gHO_sBM_cAll_d21_mHO5_ch03:0.656268;gHO_sBM_cAll_d21_mHO5_ch05:0.649037;gHO_sBM_cAll_d20_mHO5_ch05:0.645856;gHO_sBM_cAll_d21_mHO5_ch02:0.645597;gHO_sBM_cAll_d20_mHO5_ch04:0.644977;gHO_sBM_cAll_d21_mHO5_ch04:0.642898,Electronic---Techno:0.319059;Electronic---Electro:0.210035;Electronic---Deep Techno:0.107326;Electronic---Ambient:0.106702;Electronic---Synthwave:0.098299,PO:v1:k0:r1,,JB3,0.674896,gHO_sBM_cAll_d20_mHO5_ch10,0.666988,120.967742
15.416000,15.432571700,,hermite,loading,,6.217248937900877e-15,7.612957883143931e-14,4.495270369094512e-13,0,1.0,1,gPO_sBM_cAll_d12_mPO3_ch02,,,14.296000,gHO_sBM_cAll_d20_mHO5_ch10;gHO_sBM_cAll_d21_mHO5_ch10;gHO_sBM_cAll_d20_mHO5_ch06;gHO_sBM_cAll_d21_mHO5_ch09;gHO_sBM_cAll_d21_mHO5_ch03,13.451277,113,,,,0.577756143,0.216061185,0.000000,motion_end,0.216061185,0.077234,0.128347,0.034431,0.000000,0.087300,0.000000,4.270833,0.350000,beat-sync,1.426651,1.276882,,0.006803409,0.036294086,right_wrist_yaw,1.462854637,left_wrist_yaw,0.036294086,right_wrist_yaw,1.851189837,left_wrist_yaw,-0.376193,0.251541,0.897675,0.871758,0.000000000,0.000000000,0.000000000,0.000950786,0.000796964,0.007295884,15.192000,0.000000000,0.000000000,,13.901716,11.568865,203.076724,,0.004294752,0,1,0,8,gPO_sBM_cAll_d10_mPO0_ch01;gPO_sBM_cAll_d11_mPO0_ch01;gPO_sBM_cAll_d11_mPO0_ch02;gPO_sBM_cAll_d10_mPO0_ch02;gPO_sBM_cAll_d12_mPO3_ch02;gHO_sBM_cAll_d20_mHO5_ch10;gHO_sBM_cAll_d21_mHO5_ch10;gHO_sBM_cAll_d20_mHO5_ch06,,46.788700,625.022600,51.476100,2221.927100,accepted,0.951487,,0.911794,0.248160962,32.281708,0.106702,HO,0.850443,0.005774,0.002792,JB3:0.674896;JB5:0.669122;JB1:0.656030;LO4:0.618615;JB2:0.609021,gHO_sBM_cAll_d20_mHO5_ch10:0.666988;gHO_sBM_cAll_d21_mHO5_ch10:0.664196;gHO_sBM_cAll_d20_mHO5_ch06:0.664093;gHO_sBM_cAll_d21_mHO5_ch09:0.663010;gHO_sBM_cAll_d21_mHO5_ch03:0.656268;gHO_sBM_cAll_d21_mHO5_ch05:0.649037;gHO_sBM_cAll_d20_mHO5_ch05:0.645856;gHO_sBM_cAll_d21_mHO5_ch02:0.645597;gHO_sBM_cAll_d20_mHO5_ch04:0.644977;gHO_sBM_cAll_d21_mHO5_ch04:0.642898,Electronic---Techno:0.319059;Electronic---Electro:0.210035;Electronic---Deep Techno:0.107326;Electronic---Ambient:0.106702;Electronic---Synthwave:0.098299,PO:v1:k0:r1,,JB3,0.674896,gHO_sBM_cAll_d20_mHO5_ch10,0.666988,120.967742
15.480000,15.499798300,,hermite,loading,,6.217248937900877e-15,7.612957883143931e-14,4.495270369094512e-13,0,1.0,1,gPO_sBM_cAll_d12_mPO3_ch02,,,14.296000,gHO_sBM_cAll_d20_mHO5_ch10;gHO_sBM_cAll_d21_mHO5_ch10;gHO_sBM_cAll_d20_mHO5_ch06;gHO_sBM_cAll_d21_mHO5_ch09;gHO_sBM_cAll_d21_mHO5_ch03,13.451277,113,,,,0.588477527,0.216061185,0.000000,motion_end,0.216061185,0.077234,0.128347,0.034431,0.000000,0.087300,0.000000,4.270833,0.350000,beat-sync,1.393813,1.276882,,0.005216823,0.120691961,right_wrist_yaw,3.155612576,right_wrist_yaw,0.120691961,right_wrist_yaw,5.347480774,right_wrist_yaw,-0.375681,0.256124,0.885263,0.664713,0.000000000,0.000000000,0.000000000,0.000950786,0.000796964,0.007295884,15.192000,0.000000000,0.000000000,,11.436897,8.659556,379.995471,,0.004348058,0,1,0,8,gPO_sBM_cAll_d10_mPO0_ch01;gPO_sBM_cAll_d11_mPO0_ch01;gPO_sBM_cAll_d11_mPO0_ch02;gPO_sBM_cAll_d10_mPO0_ch02;gPO_sBM_cAll_d12_mPO3_ch02;gHO_sBM_cAll_d20_mHO5_ch10;gHO_sBM_cAll_d21_mHO5_ch10;gHO_sBM_cAll_d20_mHO5_ch06,,46.788700,625.022600,51.476100,2221.927100,accepted,0.951487,,0.911794,0.248160962,32.281708,0.106702,HO,0.850443,0.005774,0.002792,JB3:0.674896;JB5:0.669122;JB1:0.656030;LO4:0.618615;JB2:0.609021,gHO_sBM_cAll_d20_mHO5_ch10:0.666988;gHO_sBM_cAll_d21_mHO5_ch10:0.664196;gHO_sBM_cAll_d20_mHO5_ch06:0.664093;gHO_sBM_cAll_d21_mHO5_ch09:0.663010;gHO_sBM_cAll_d21_mHO5_ch03:0.656268;gHO_sBM_cAll_d21_mHO5_ch05:0.649037;gHO_sBM_cAll_d20_mHO5_ch05:0.645856;gHO_sBM_cAll_d21_mHO5_ch02:0.645597;gHO_sBM_cAll_d20_mHO5_ch04:0.644977;gHO_sBM_cAll_d21_mHO5_ch04:0.642898,Electronic---Techno:0.319059;Electronic---Electro:0.210035;Electronic---Deep Techno:0.107326;Electronic---Ambient:0.106702;Electronic---Synthwave:0.098299,PO:v1:k0:r1,,JB3,0.674896,gHO_sBM_cAll_d20_mHO5_ch10,0.666988,120.967742
15.512000,15.524925000,,hermite,loading,,6.217248937900877e-15,7.612957883143931e-14,4.495270369094512e-13,0,1.0,1,gPO_sBM_cAll_d12_mPO3_ch02,,,14.296000,gHO_sBM_cAll_d20_mHO5_ch10;gHO_sBM_cAll_d21_mHO5_ch10;gHO_sBM_cAll_d20_mHO5_ch06;gHO_sBM_cAll_d21_mHO5_ch09;gHO_sBM_cAll_d21_mHO5_ch03,13.451277,113,,,,0.592499966,0.216061185,0.000000,motion_end,0.216061185,0.077234,0.128347,0.034431,0.000000,0.087300,0.000000,4.270833,0.350000,beat-sync,1.383843,1.276882,,0.004715193,0.231452643,right_wrist_yaw,4.890170355,right_wrist_yaw,0.231452643,right_wrist_yaw,5.538081599,right_wrist_yaw,-0.378312,0.259164,0.883533,0.584734,0.000000000,0.000000000,0.000000000,0.000950786,0.000796964,0.007295884,15.192000,0.000000000,0.000000000,,10.386447,8.608654,494.312515,,0.004341355,0,1,0,8,gPO_sBM_cAll_d10_mPO0_ch01;gPO_sBM_cAll_d11_mPO0_ch01;gPO_sBM_cAll_d11_mPO0_ch02;gPO_sBM_cAll_d10_mPO0_ch02;gPO_sBM_cAll_d12_mPO3_ch02;gHO_sBM_cAll_d20_mHO5_ch10;gHO_sBM_cAll_d21_mHO5_ch10;gHO_sBM_cAll_d20_mHO5_ch06,,46.788700,625.022600,51.476100,2221.927100,accepted,0.951487,,0.911794,0.248160962,32.281708,0.106702,HO,0.850443,0.005774,0.002792,JB3:0.674896;JB5:0.669122;JB1:0.656030;LO4:0.618615;JB2:0.609021,gHO_sBM_cAll_d20_mHO5_ch10:0.666988;gHO_sBM_cAll_d21_mHO5_ch10:0.664196;gHO_sBM_cAll_d20_mHO5_ch06:0.664093;gHO_sBM_cAll_d21_mHO5_ch09:0.663010;gHO_sBM_cAll_d21_mHO5_ch03:0.656268;gHO_sBM_cAll_d21_mHO5_ch05:0.649037;gHO_sBM_cAll_d20_mHO5_ch05:0.645856;gHO_sBM_cAll_d21_mHO5_ch02:0.645597;gHO_sBM_cAll_d20_mHO5_ch04:0.644977;gHO_sBM_cAll_d21_mHO5_ch04:0.642898,Electronic---Techno:0.319059;Electronic---Electro:0.210035;Electronic---Deep Techno:0.107326;Electronic---Ambient:0.106702;Electronic---Synthwave:0.098299,PO:v1:k0:r1,,JB3,0.674896,gHO_sBM_cAll_d20_mHO5_ch10,0.666988,120.967742
15.576000,15.583806600,,hermite,loading,,6.217248937900877e-15,7.612957883143931e-14,4.495270369094512e-13,1,1.0,1,gPO_sBM_cAll_d12_mPO3_ch02,,,14.296000,gHO_sBM_cAll_d20_mHO5_ch10;gHO_sBM_cAll_d21_mHO5_ch10;gHO_sBM_cAll_d20_mHO5_ch06;gHO_sBM_cAll_d21_mHO5_ch09;gHO_sBM_cAll_d21_mHO5_ch03,13.451277,113,,,,0.601836400,0.216061185,0.000000,motion_end,0.216061185,0.077234,0.128347,0.034431,0.000000,0.087300,0.000000,4.270833,0.350000,beat-sync,1.363023,1.276882,,0.003718889,0.394052545,right_wrist_yaw,3.121292136,left_wrist_yaw,0.394052545,right_wrist_yaw,3.385364076,left_wrist_yaw,-0.391546,0.267291,0.883540,0.381242,0.000000000,0.000000000,0.000000000,0.000950786,0.000796964,0.007295884,15.192000,0.000000000,0.000000000,,16.791202,13.421490,300.432933,,0.004378763,0,1,0,8,gPO_sBM_cAll_d10_mPO0_ch01;gPO_sBM_cAll_d11_mPO0_ch01;gPO_sBM_cAll_d11_mPO0_ch02;gPO_sBM_cAll_d10_mPO0_ch02;gPO_sBM_cAll_d12_mPO3_ch02;gHO_sBM_cAll_d20_mHO5_ch10;gHO_sBM_cAll_d21_mHO5_ch10;gHO_sBM_cAll_d20_mHO5_ch06,,46.788700,625.022600,51.476100,2221.927100,accepted,0.951487,,0.911794,0.248160962,32.281708,0.106702,HO,0.850443,0.005774,0.002792,JB3:0.674896;JB5:0.669122;JB1:0.656030;LO4:0.618615;JB2:0.609021,gHO_sBM_cAll_d20_mHO5_ch10:0.666988;gHO_sBM_cAll_d21_mHO5_ch10:0.664196;gHO_sBM_cAll_d20_mHO5_ch06:0.664093;gHO_sBM_cAll_d21_mHO5_ch09:0.663010;gHO_sBM_cAll_d21_mHO5_ch03:0.656268;gHO_sBM_cAll_d21_mHO5_ch05:0.649037;gHO_sBM_cAll_d20_mHO5_ch05:0.645856;gHO_sBM_cAll_d21_mHO5_ch02:0.645597;gHO_sBM_cAll_d20_mHO5_ch04:0.644977;gHO_sBM_cAll_d21_mHO5_ch04:0.642898,Electronic---Techno:0.319059;Electronic---Electro:0.210035;Electronic---Deep Techno:0.107326;Electronic---Ambient:0.106702;Electronic---Synthwave:0.098299,PO:v1:k0:r1,,JB3,0.674896,gHO_sBM_cAll_d20_mHO5_ch10,0.666988,120.967742
15.608000,15.615629400,,hermite,loading,,6.217248937900877e-15,7.612957883143931e-14,4.495270369094512e-13,1,1.0,1,gPO_sBM_cAll_d12_mPO3_ch02,,,14.296000,gHO_sBM_cAll_d20_mHO5_ch10;gHO_sBM_cAll_d21_mHO5_ch10;gHO_sBM_cAll_d20_mHO5_ch06;gHO_sBM_cAll_d21_mHO5_ch09;gHO_sBM_cAll_d21_mHO5_ch03,13.451277,113,,,,0.606826720,0.216061185,0.000000,motion_end,0.216061185,0.077234,0.128347,0.034431,0.000000,0.087300,0.000000,4.270833,0.350000,beat-sync,1.353130,1.276882,,0.003271217,0.335639995,right_wrist_yaw,3.658567057,right_wrist_yaw,0.335639995,right_wrist_yaw,4.291554125,right_wrist_yaw,-0.395822,0.274054,0.875015,0.325576,0.000000000,0.000000000,0.000000000,0.000950786,0.000796964,0.007295884,15.192000,0.000000000,0.000000000,,16.080379,13.473105,219.018725,,0.004440294,0,1,0,8,gPO_sBM_cAll_d10_mPO0_ch01;gPO_sBM_cAll_d11_mPO0_ch01;gPO_sBM_cAll_d11_mPO0_ch02;gPO_sBM_cAll_d10_mPO0_ch02;gPO_sBM_cAll_d12_mPO3_ch02;gHO_sBM_cAll_d20_mHO5_ch10;gHO_sBM_cAll_d21_mHO5_ch10;gHO_sBM_cAll_d20_mHO5_ch06,,46.788700,625.022600,51.476100,2221.927100,accepted,0.951487,,0.911794,0.248160962,32.281708,0.106702,HO,0.850443,0.005774,0.002792,JB3:0.674896;JB5:0.669122;JB1:0.656030;LO4:0.618615;JB2:0.609021,gHO_sBM_cAll_d20_mHO5_ch10:0.666988;gHO_sBM_cAll_d21_mHO5_ch10:0.664196;gHO_sBM_cAll_d20_mHO5_ch06:0.664093;gHO_sBM_cAll_d21_mHO5_ch09:0.663010;gHO_sBM_cAll_d21_mHO5_ch03:0.656268;gHO_sBM_cAll_d21_mHO5_ch05:0.649037;gHO_sBM_cAll_d20_mHO5_ch05:0.645856;gHO_sBM_cAll_d21_mHO5_ch02:0.645597;gHO_sBM_cAll_d20_mHO5_ch04:0.644977;gHO_sBM_cAll_d21_mHO5_ch04:0.642898,Electronic---Techno:0.319059;Electronic---Electro:0.210035;Electronic---Deep Techno:0.107326;Electronic---Ambient:0.106702;Electronic---Synthwave:0.098299,PO:v1:k0:r1,,JB3,0.674896,gHO_sBM_cAll_d20_mHO5_ch10,0.666988,120.967742
15.608000,15.641251500,match,hermite,loading,,6.217248937900877e-15,7.612957883143931e-14,4.495270369094512e-13,0,1.0,1,gPO_sBM_cAll_d12_mPO3_ch02,,,15.320000,gHO_sBM_cAll_d20_mHO5_ch10;gHO_sBM_cAll_d21_mHO5_ch10;gHO_sBM_cAll_d20_mHO5_ch06;gHO_sBM_cAll_d21_mHO5_ch09;gHO_sBM_cAll_d21_mHO5_ch03,13.451277,113,,,,0.610638847,0.216061185,0.000000,motion_end,0.216061185,0.077234,0.128347,0.034431,0.000000,0.087300,0.000000,4.270833,0.350000,beat-sync,1.346354,1.276882,,0.002964186,0.257218326,left_wrist_yaw,5.405699833,right_wrist_yaw,0.257218326,left_wrist_yaw,6.585313951,right_wrist_yaw,-0.394531,0.277548,0.867295,0.285294,0.000000000,0.000000000,0.000000000,0.000950786,0.000796964,0.007295884,15.192000,0.000000000,0.000000000,,15.069774,11.814913,372.596677,,0.004486277,0,1,0,8,gPO_sBM_cAll_d10_mPO0_ch01;gPO_sBM_cAll_d11_mPO0_ch01;gPO_sBM_cAll_d11_mPO0_ch02;gPO_sBM_cAll_d10_mPO0_ch02;gPO_sBM_cAll_d12_mPO3_ch02;gHO_sBM_cAll_d20_mHO5_ch10;gHO_sBM_cAll_d21_mHO5_ch10;gHO_sBM_cAll_d20_mHO5_ch06,,46.788700,625.022600,51.476100,2221.927100,accepted,0.952790,,0.914164,0.249799396,31.856939,0.103602,HO,0.853284,0.005876,0.002765,JB3:0.675853;JB5:0.669977;JB1:0.656623;LO4:0.621840;WA4:0.610562,gHO_sBM_cAll_d20_mHO5_ch10:0.666196;gHO_sBM_cAll_d21_mHO5_ch10:0.663431;gHO_sBM_cAll_d20_mHO5_ch06:0.663314;gHO_sBM_cAll_d21_mHO5_ch09:0.662257;gHO_sBM_cAll_d21_mHO5_ch03:0.655642;gHO_sBM_cAll_d21_mHO5_ch05:0.648383;gHO_sBM_cAll_d20_mHO5_ch05:0.645154;gHO_sBM_cAll_d21_mHO5_ch02:0.645004;gHO_sBM_cAll_d20_mHO5_ch04:0.644328;gHO_sBM_cAll_d21_mHO5_ch04:0.642310,Electronic---Techno:0.307331;Electronic---Electro:0.207748;Electronic---Deep Techno:0.109927;Electronic---Ambient:0.103602;Electronic---Synthwave:0.099554,PO:v1:k0:r1,,JB3,0.675853,gHO_sBM_cAll_d20_mHO5_ch10,0.666196,120.967742
15.672000,15.699243500,,hermite,loading,,6.217248937900877e-15,7.612957883143931e-14,4.495270369094512e-13,0,1.0,1,gPO_sBM_cAll_d12_mPO3_ch02,,,15.320000,gHO_sBM_cAll_d20_mHO5_ch10;gHO_sBM_cAll_d21_mHO5_ch10;gHO_sBM_cAll_d20_mHO5_ch06;gHO_sBM_cAll_d21_mHO5_ch09;gHO_sBM_cAll_d21_mHO5_ch03,13.451277,113,,,,0.619642279,0.216061185,0.000000,motion_end,0.216061185,0.077234,0.128347,0.034431,0.000000,0.087300,0.000000,4.270833,0.350000,beat-sync,1.332696,1.276882,,0.002344459,0.154003854,left_wrist_yaw,1.496855867,left_wrist_roll,0.154003854,left_wrist_yaw,2.149691325,left_wrist_roll,-0.381383,0.276341,0.855854,0.254967,0.000000000,0.000000000,0.000000000,0.000950786,0.000796964,0.007295884,15.192000,0.000000000,0.000000000,,12.056099,9.714727,333.481835,,0.004593026,0,1,0,9,gPO_sBM_cAll_d10_mPO0_ch01;gPO_sBM_cAll_d11_mPO0_ch01;gPO_sBM_cAll_d11_mPO0_ch02;gPO_sBM_cAll_d10_mPO0_ch02;gPO_sBM_cAll_d12_mPO3_ch02;gHO_sBM_cAll_d20_mHO5_ch10;gHO_sBM_cAll_d21_mHO5_ch10;gHO_sBM_cAll_d20_mHO5_ch06;gHO_sBM_cAll_d21_mHO5_ch09,,41.960400,507.422100,58.266800,2828.924800,accepted,0.952790,,0.914164,0.249799396,31.856939,0.103602,HO,0.853284,0.005876,0.002765,JB3:0.675853;JB5:0.669977;JB1:0.656623;LO4:0.621840;WA4:0.610562,gHO_sBM_cAll_d20_mHO5_ch10:0.666196;gHO_sBM_cAll_d21_mHO5_ch10:0.663431;gHO_sBM_cAll_d20_mHO5_ch06:0.663314;gHO_sBM_cAll_d21_mHO5_ch09:0.662257;gHO_sBM_cAll_d21_mHO5_ch03:0.655642;gHO_sBM_cAll_d21_mHO5_ch05:0.648383;gHO_sBM_cAll_d20_mHO5_ch05:0.645154;gHO_sBM_cAll_d21_mHO5_ch02:0.645004;gHO_sBM_cAll_d20_mHO5_ch04:0.644328;gHO_sBM_cAll_d21_mHO5_ch04:0.642310,Electronic---Techno:0.307331;Electronic---Electro:0.207748;Electronic---Deep Techno:0.109927;Electronic---Ambient:0.103602;Electronic---Synthwave:0.099554,PO:v1:k0:r1,,JB3,0.675853,gHO_sBM_cAll_d20_mHO5_ch10,0.666196,120.967742
15.704000,15.723892700,,hermite,loading,,6.217248937900877e-15,7.612957883143931e-14,4.495270369094512e-13,0,1.0,1,gPO_sBM_cAll_d12_mPO3_ch02,,,15.320000,gHO_sBM_cAll_d20_mHO5_ch10;gHO_sBM_cAll_d21_mHO5_ch10;gHO_sBM_cAll_d20_mHO5_ch06;gHO_sBM_cAll_d21_mHO5_ch09;gHO_sBM_cAll_d21_mHO5_ch03,13.451277,113,,,,0.623407821,0.216061185,0.000000,motion_end,0.216061185,0.077234,0.128347,0.034431,0.000000,0.087300,0.000000,4.270833,0.350000,beat-sync,1.327810,1.276882,,0.002123994,0.164328984,right_wrist_roll,1.524590269,left_wrist_yaw,0.164328984,right_wrist_roll,1.888224554,left_wrist_yaw,-0.373411,0.272236,0.856034,0.269759,0.000000000,0.000000000,0.000000000,0.000950786,0.000796964,0.007295884,15.192000,0.000000000,0.000000000,,3.788057,3.109917,203.292667,,0.004586032,0,1,0,9,gPO_sBM_cAll_d10_mPO0_ch01;gPO_sBM_cAll_d11_mPO0_ch01;gPO_sBM_cAll_d11_mPO0_ch02;gPO_sBM_cAll_d10_mPO0_ch02;gPO_sBM_cAll_d12_mPO3_ch02;gHO_sBM_cAll_d20_mHO5_ch10;gHO_sBM_cAll_d21_mHO5_ch10;gHO_sBM_cAll_d20_mHO5_ch06;gHO_sBM_cAll_d21_mHO5_ch09,,41.960400,507.422100,58.266800,2828.924800,accepted,0.952790,,0.914164,0.249799396,31.856939,0.103602,HO,0.853284,0.005876,0.002765,JB3:0.675853;JB5:0.669977;JB1:0.656623;LO4:0.621840;WA4:0.610562,gHO_sBM_cAll_d20_mHO5_ch10:0.666196;gHO_sBM_cAll_d21_mHO5_ch10:0.663431;gHO_sBM_cAll_d20_mHO5_ch06:0.663314;gHO_sBM_cAll_d21_mHO5_ch09:0.662257;gHO_sBM_cAll_d21_mHO5_ch03:0.655642;gHO_sBM_cAll_d21_mHO5_ch05:0.648383;gHO_sBM_cAll_d20_mHO5_ch05:0.645154;gHO_sBM_cAll_d21_mHO5_ch02:0.645004;gHO_sBM_cAll_d20_mHO5_ch04:0.644328;gHO_sBM_cAll_d21_mHO5_ch04:0.642310,Electronic---Techno:0.307331;Electronic---Electro:0.207748;Electronic---Deep Techno:0.109927;Electronic---Ambient:0.103602;Electronic---Synthwave:0.099554,PO:v1:k0:r1,,JB3,0.675853,gHO_sBM_cAll_d20_mHO5_ch10,0.666196,120.967742
15.768000,15.790878200,,hermite,loading,,6.217248937900877e-15,7.612957883143931e-14,4.495270369094512e-13,0,1.0,1,gPO_sBM_cAll_d12_mPO3_ch02,,,15.320000,gHO_sBM_cAll_d20_mHO5_ch10;gHO_sBM_cAll_d21_mHO5_ch10;gHO_sBM_cAll_d20_mHO5_ch06;gHO_sBM_cAll_d21_mHO5_ch09;gHO_sBM_cAll_d21_mHO5_ch03,13.451277,113,,,,0.633562100,0.216061185,0.000000,motion_end,0.216061185,0.077234,0.128347,0.034431,0.000000,0.087300,0.000000,4.270833,0.350000,beat-sync,1.316544,1.276882,,0.001624727,0.106716968,right_wrist_yaw,1.983793705,right_wrist_roll,0.106716968,right_wrist_yaw,2.453489789,right_wrist_roll,-0.340876,0.250823,0.876945,0.203713,0.000000000,0.000000000,0.000000000,0.000950786,0.000796964,0.007295884,15.192000,0.000000000,0.000000000,,8.461393,7.003005,210.389543,,0.004567484,0,1,0,9,gPO_sBM_cAll_d10_mPO0_ch01;gPO_sBM_cAll_d11_mPO0_ch01;gPO_sBM_cAll_d11_mPO0_ch02;gPO_sBM_cAll_d10_mPO0_ch02;gPO_sBM_cAll_d12_mPO3_ch02;gHO_sBM_cAll_d20_mHO5_ch10;gHO_sBM_cAll_d21_mHO5_ch10;gHO_sBM_cAll_d20_mHO5_ch06;gHO_sBM_cAll_d21_mHO5_ch09,,41.960400,507.422100,58.266800,2828.924800,accepted,0.952790,,0.914164,0.249799396,31.856939,0.103602,HO,0.853284,0.005876,0.002765,JB3:0.675853;JB5:0.669977;JB1:0.656623;LO4:0.621840;WA4:0.610562,gHO_sBM_cAll_d20_mHO5_ch10:0.666196;gHO_sBM_cAll_d21_mHO5_ch10:0.663431;gHO_sBM_cAll_d20_mHO5_ch06:0.663314;gHO_sBM_cAll_d21_mHO5_ch09:0.662257;gHO_sBM_cAll_d21_mHO5_ch03:0.655642;gHO_sBM_cAll_d21_mHO5_ch05:0.648383;gHO_sBM_cAll_d20_mHO5_ch05:0.645154;gHO_sBM_cAll_d21_mHO5_ch02:0.645004;gHO_sBM_cAll_d20_mHO5_ch04:0.644328;gHO_sBM_cAll_d21_mHO5_ch04:0.642310,Electronic---Techno:0.307331;Electronic---Electro:0.207748;Electronic---Deep Techno:0.109927;Electronic---Ambient:0.103602;Electronic---Synthwave:0.099554,PO:v1:k0:r1,,JB3,0.675853,gHO_sBM_cAll_d20_mHO5_ch10,0.666196,120.967742
15.800000,15.816675900,,hermite,loading,,6.217248937900877e-15,7.612957883143931e-14,4.495270369094512e-13,0,1.0,1,gPO_sBM_cAll_d12_mPO3_ch02,,,15.320000,gHO_sBM_cAll_d20_mHO5_ch10;gHO_sBM_cAll_d21_mHO5_ch10;gHO_sBM_cAll_d20_mHO5_ch06;gHO_sBM_cAll_d21_mHO5_ch09;gHO_sBM_cAll_d21_mHO5_ch03,13.451277,113,,,,0.637487998,0.216061185,0.000000,motion_end,0.216061185,0.077234,0.128347,0.034431,0.000000,0.087300,0.000000,4.270833,0.350000,beat-sync,1.312962,1.276882,,0.001464003,0.140421295,right_wrist_yaw,1.503750595,right_wrist_yaw,0.140421295,right_wrist_yaw,1.597233475,right_wrist_yaw,-0.323793,0.241059,0.893037,0.171112,0.000000000,0.000000000,0.000000000,0.000950786,0.000796964,0.007295884,15.192000,0.000000000,0.000000000,,11.106129,9.526200,65.541023,,0.004560567,0,1,0,9,gPO_sBM_cAll_d10_mPO0_ch01;gPO_sBM_cAll_d11_mPO0_ch01;gPO_sBM_cAll_d11_mPO0_ch02;gPO_sBM_cAll_d10_mPO0_ch02;gPO_sBM_cAll_d12_mPO3_ch02;gHO_sBM_cAll_d20_mHO5_ch10;gHO_sBM_cAll_d21_mHO5_ch10;gHO_sBM_cAll_d20_mHO5_ch06;gHO_sBM_cAll_d21_mHO5_ch09,,41.960400,507.422100,58.266800,2828.924800,accepted,0.952790,,0.914164,0.249799396,31.856939,0.103602,HO,0.853284,0.005876,0.002765,JB3:0.675853;JB5:0.669977;JB1:0.656623;LO4:0.621840;WA4:0.610562,gHO_sBM_cAll_d20_mHO5_ch10:0.666196;gHO_sBM_cAll_d21_mHO5_ch10:0.663431;gHO_sBM_cAll_d20_mHO5_ch06:0.663314;gHO_sBM_cAll_d21_mHO5_ch09:0.662257;gHO_sBM_cAll_d21_mHO5_ch03:0.655642;gHO_sBM_cAll_d21_mHO5_ch05:0.648383;gHO_sBM_cAll_d20_mHO5_ch05:0.645154;gHO_sBM_cAll_d21_mHO5_ch02:0.645004;gHO_sBM_cAll_d20_mHO5_ch04:0.644328;gHO_sBM_cAll_d21_mHO5_ch04:0.642310,Electronic---Techno:0.307331;Electronic---Electro:0.207748;Electronic---Deep Techno:0.109927;Electronic---Ambient:0.103602;Electronic---Synthwave:0.099554,PO:v1:k0:r1,,JB3,0.675853,gHO_sBM_cAll_d20_mHO5_ch10,0.666196,120.967742
15.864000,15.882633000,,hermite,loading,,6.217248937900877e-15,7.612957883143931e-14,4.495270369094512e-13,1,1.0,1,gPO_sBM_cAll_d12_mPO3_ch02,,,15.320000,gHO_sBM_cAll_d20_mHO5_ch10;gHO_sBM_cAll_d21_mHO5_ch10;gHO_sBM_cAll_d20_mHO5_ch06;gHO_sBM_cAll_d21_mHO5_ch09;gHO_sBM_cAll_d21_mHO5_ch03,13.451277,113,,,,0.647175755,0.216061185,0.000000,motion_end,0.216061185,0.077234,0.128347,0.034431,0.000000,0.087300,0.000000,4.270833,0.350000,beat-sync,1.241919,0.883838,,-0.007448658,0.103475836,right_wrist_yaw,1.005440812,left_wrist_yaw,0.103475836,right_wrist_yaw,1.661380361,left_wrist_yaw,-0.274836,0.207015,0.939595,0.057781,0.000000000,0.000000000,0.000000000,0.000950786,0.000796964,0.007295884,15.832000,0.000000000,0.000000000,,14.082476,10.687747,782.189643,,0.004542224,0,1,0,9,gPO_sBM_cAll_d10_mPO0_ch01;gPO_sBM_cAll_d11_mPO0_ch01;gPO_sBM_cAll_d11_mPO0_ch02;gPO_sBM_cAll_d10_mPO0_ch02;gPO_sBM_cAll_d12_mPO3_ch02;gHO_sBM_cAll_d20_mHO5_ch10;gHO_sBM_cAll_d21_mHO5_ch10;gHO_sBM_cAll_d20_mHO5_ch06;gHO_sBM_cAll_d21_mHO5_ch09,,41.960400,507.422100,58.266800,2828.924800,accepted,0.952790,,0.914164,0.249799396,31.856939,0.103602,HO,0.853284,0.005876,0.002765,JB3:0.675853;JB5:0.669977;JB1:0.656623;LO4:0.621840;WA4:0.610562,gHO_sBM_cAll_d20_mHO5_ch10:0.666196;gHO_sBM_cAll_d21_mHO5_ch10:0.663431;gHO_sBM_cAll_d20_mHO5_ch06:0.663314;gHO_sBM_cAll_d21_mHO5_ch09:0.662257;gHO_sBM_cAll_d21_mHO5_ch03:0.655642;gHO_sBM_cAll_d21_mHO5_ch05:0.648383;gHO_sBM_cAll_d20_mHO5_ch05:0.645154;gHO_sBM_cAll_d21_mHO5_ch02:0.645004;gHO_sBM_cAll_d20_mHO5_ch04:0.644328;gHO_sBM_cAll_d21_mHO5_ch04:0.642310,Electronic---Techno:0.307331;Electronic---Electro:0.207748;Electronic---Deep Techno:0.109927;Electronic---Ambient:0.103602;Electronic---Synthwave:0.099554,PO:v1:k0:r1,,JB3,0.675853,gHO_sBM_cAll_d20_mHO5_ch10,0.666196,120.967742
15.896000,15.924602800,beat_limiter_result,hermite,loading,,6.217248937900877e-15,7.612957883143931e-14,4.495270369094512e-13,0,1.0,1,gPO_sBM_cAll_d12_mPO3_ch02,,,15.320000,gHO_sBM_cAll_d20_mHO5_ch10;gHO_sBM_cAll_d21_mHO5_ch10;gHO_sBM_cAll_d20_mHO5_ch06;gHO_sBM_cAll_d21_mHO5_ch09;gHO_sBM_cAll_d21_mHO5_ch03,13.451277,113,,,,0.652942030,0.216061185,0.000000,motion_end,0.216061185,0.077234,0.128347,0.034431,0.000000,0.087300,0.000000,4.270833,0.350000,beat-sync,1.157534,0.883838,,-0.007529169,0.064160569,right_wrist_yaw,0.784851870,right_wrist_yaw,0.064160569,right_wrist_yaw,0.871348935,right_wrist_yaw,-0.241154,0.185185,0.954922,-0.041548,0.000000000,0.000000000,0.000000000,0.000950786,0.000796964,0.007295884,15.832000,0.000000000,0.000000000,,11.536189,9.737620,156.504339,,0.004530834,0,1,0,9,gPO_sBM_cAll_d10_mPO0_ch01;gPO_sBM_cAll_d11_mPO0_ch01;gPO_sBM_cAll_d11_mPO0_ch02;gPO_sBM_cAll_d10_mPO0_ch02;gPO_sBM_cAll_d12_mPO3_ch02;gHO_sBM_cAll_d20_mHO5_ch10;gHO_sBM_cAll_d21_mHO5_ch10;gHO_sBM_cAll_d20_mHO5_ch06;gHO_sBM_cAll_d21_mHO5_ch09,,41.960400,507.422100,58.266800,2828.924800,accepted,0.952790,,0.914164,0.249799396,31.856939,0.103602,HO,0.853284,0.005876,0.002765,JB3:0.675853;JB5:0.669977;JB1:0.656623;LO4:0.621840;WA4:0.610562,gHO_sBM_cAll_d20_mHO5_ch10:0.666196;gHO_sBM_cAll_d21_mHO5_ch10:0.663431;gHO_sBM_cAll_d20_mHO5_ch06:0.663314;gHO_sBM_cAll_d21_mHO5_ch09:0.662257;gHO_sBM_cAll_d21_mHO5_ch03:0.655642;gHO_sBM_cAll_d21_mHO5_ch05:0.648383;gHO_sBM_cAll_d20_mHO5_ch05:0.645154;gHO_sBM_cAll_d21_mHO5_ch02:0.645004;gHO_sBM_cAll_d20_mHO5_ch04:0.644328;gHO_sBM_cAll_d21_mHO5_ch04:0.642310,Electronic---Techno:0.307331;Electronic---Electro:0.207748;Electronic---Deep Techno:0.109927;Electronic---Ambient:0.103602;Electronic---Synthwave:0.099554,PO:v1:k0:r1,,JB3,0.675853,gHO_sBM_cAll_d20_mHO5_ch10,0.666196,120.967742
15.928000,15.941029500,,hermite,loading,,6.217248937900877e-15,7.612957883143931e-14,4.495270369094512e-13,0,1.0,1,gPO_sBM_cAll_d12_mPO3_ch02,,,15.320000,gHO_sBM_cAll_d20_mHO5_ch10;gHO_sBM_cAll_d21_mHO5_ch10;gHO_sBM_cAll_d20_mHO5_ch06;gHO_sBM_cAll_d21_mHO5_ch09;gHO_sBM_cAll_d21_mHO5_ch03,13.451277,113,,,,0.655066512,0.216061185,0.000000,motion_end,0.216061185,0.077234,0.128347,0.034431,0.000000,0.087300,0.000000,4.270833,0.350000,beat-sync,1.124845,0.883838,,-0.007519423,0.062530499,right_wrist_yaw,0.988889829,left_wrist_yaw,0.062530499,right_wrist_yaw,1.167410197,left_wrist_yaw,-0.227341,0.177968,0.956107,-0.074841,0.000000000,0.000000000,0.000000000,0.000950786,0.000796964,0.007295884,15.832000,0.000000000,0.000000000,,12.901092,10.760310,286.870495,,0.004526294,0,1,0,9,gPO_sBM_cAll_d10_mPO0_ch01;gPO_sBM_cAll_d11_mPO0_ch01;gPO_sBM_cAll_d11_mPO0_ch02;gPO_sBM_cAll_d10_mPO0_ch02;gPO_sBM_cAll_d12_mPO3_ch02;gHO_sBM_cAll_d20_mHO5_ch10;gHO_sBM_cAll_d21_mHO5_ch10;gHO_sBM_cAll_d20_mHO5_ch06;gHO_sBM_cAll_d21_mHO5_ch09,,41.960400,507.422100,58.266800,2828.924800,accepted,0.952790,,0.914164,0.249799396,31.856939,0.103602,HO,0.853284,0.005876,0.002765,JB3:0.675853;JB5:0.669977;JB1:0.656623;LO4:0.621840;WA4:0.610562,gHO_sBM_cAll_d20_mHO5_ch10:0.666196;gHO_sBM_cAll_d21_mHO5_ch10:0.663431;gHO_sBM_cAll_d20_mHO5_ch06:0.663314;gHO_sBM_cAll_d21_mHO5_ch09:0.662257;gHO_sBM_cAll_d21_mHO5_ch03:0.655642;gHO_sBM_cAll_d21_mHO5_ch05:0.648383;gHO_sBM_cAll_d20_mHO5_ch05:0.645154;gHO_sBM_cAll_d21_mHO5_ch02:0.645004;gHO_sBM_cAll_d20_mHO5_ch04:0.644328;gHO_sBM_cAll_d21_mHO5_ch04:0.642310,Electronic---Techno:0.307331;Electronic---Electro:0.207748;Electronic---Deep Techno:0.109927;Electronic---Ambient:0.103602;Electronic---Synthwave:0.099554,PO:v1:k0:r1,,JB3,0.675853,gHO_sBM_cAll_d20_mHO5_ch10,0.666196,120.967742
15.960000,15.976074300,,hermite,loading,,6.217248937900877e-15,7.612957883143931e-14,4.495270369094512e-13,0,1.0,1,gPO_sBM_cAll_d12_mPO3_ch02,,,15.320000,gHO_sBM_cAll_d20_mHO5_ch10;gHO_sBM_cAll_d21_mHO5_ch10;gHO_sBM_cAll_d20_mHO5_ch06;gHO_sBM_cAll_d21_mHO5_ch09;gHO_sBM_cAll_d21_mHO5_ch03,13.451277,113,,,,0.659192124,0.216061185,0.000000,motion_end,0.216061185,0.077234,0.128347,0.034431,0.000000,0.087300,0.000000,4.270833,0.350000,beat-sync,1.058454,0.883838,,-0.007413415,0.064332482,right_wrist_yaw,0.042188311,right_wrist_roll,0.064332482,right_wrist_yaw,0.039579989,right_wrist_roll,-0.198122,0.167608,0.957669,-0.146464,0.000000000,0.000000000,0.000000000,0.000950786,0.000796964,0.007295884,15.832000,0.000000000,0.000000000,,0.107632,0.092146,40.749056,,0.004517241,0,1,0,9,gPO_sBM_cAll_d10_mPO0_ch01;gPO_sBM_cAll_d11_mPO0_ch01;gPO_sBM_cAll_d11_mPO0_ch02;gPO_sBM_cAll_d10_mPO0_ch02;gPO_sBM_cAll_d12_mPO3_ch02;gHO_sBM_cAll_d20_mHO5_ch10;gHO_sBM_cAll_d21_mHO5_ch10;gHO_sBM_cAll_d20_mHO5_ch06;gHO_sBM_cAll_d21_mHO5_ch09,,41.960400,507.422100,58.266800,2828.924800,accepted,0.952790,,0.914164,0.249799396,31.856939,0.103602,HO,0.853284,0.005876,0.002765,JB3:0.675853;JB5:0.669977;JB1:0.656623;LO4:0.621840;WA4:0.610562,gHO_sBM_cAll_d20_mHO5_ch10:0.666196;gHO_sBM_cAll_d21_mHO5_ch10:0.663431;gHO_sBM_cAll_d20_mHO5_ch06:0.663314;gHO_sBM_cAll_d21_mHO5_ch09:0.662257;gHO_sBM_cAll_d21_mHO5_ch03:0.655642;gHO_sBM_cAll_d21_mHO5_ch05:0.648383;gHO_sBM_cAll_d20_mHO5_ch05:0.645154;gHO_sBM_cAll_d21_mHO5_ch02:0.645004;gHO_sBM_cAll_d20_mHO5_ch04:0.644328;gHO_sBM_cAll_d21_mHO5_ch04:0.642310,Electronic---Techno:0.307331;Electronic---Electro:0.207748;Electronic---Deep Techno:0.109927;Electronic---Ambient:0.103602;Electronic---Synthwave:0.099554,PO:v1:k0:r1,,JB3,0.675853,gHO_sBM_cAll_d20_mHO5_ch10,0.666196,120.967742
16.024000,16.033498800,,hermite,loading,,6.217248937900877e-15,7.612957883143931e-14,4.495270369094512e-13,0,1.0,1,gPO_sBM_cAll_d12_mPO3_ch02,,,15.320000,gHO_sBM_cAll_d20_mHO5_ch10;gHO_sBM_cAll_d21_mHO5_ch10;gHO_sBM_cAll_d20_mHO5_ch06;gHO_sBM_cAll_d21_mHO5_ch09;gHO_sBM_cAll_d21_mHO5_ch03,13.451277,113,,,,0.665947894,0.216061185,0.000000,motion_end,0.216061185,0.077234,0.128347,0.034431,0.000000,0.087300,0.000000,4.270833,0.350000,beat-sync,0.939548,0.883838,,-0.006883344,0.065491953,right_wrist_yaw,0.036145632,right_wrist_roll,0.065491953,right_wrist_yaw,0.037165758,right_wrist_roll,-0.170939,0.159566,0.967503,-0.211450,0.000000000,0.000000000,0.000000000,0.000950786,0.000796964,0.007295884,15.832000,0.000000000,0.000000000,,0.069630,0.060877,6.006961,,0.004501486,0,1,0,9,gPO_sBM_cAll_d10_mPO0_ch01;gPO_sBM_cAll_d11_mPO0_ch01;gPO_sBM_cAll_d11_mPO0_ch02;gPO_sBM_cAll_d10_mPO0_ch02;gPO_sBM_cAll_d12_mPO3_ch02;gHO_sBM_cAll_d20_mHO5_ch10;gHO_sBM_cAll_d21_mHO5_ch10;gHO_sBM_cAll_d20_mHO5_ch06;gHO_sBM_cAll_d21_mHO5_ch09,,41.960400,507.422100,58.266800,2828.924800,accepted,0.952790,,0.914164,0.249799396,31.856939,0.103602,HO,0.853284,0.005876,0.002765,JB3:0.675853;JB5:0.669977;JB1:0.656623;LO4:0.621840;WA4:0.610562,gHO_sBM_cAll_d20_mHO5_ch10:0.666196;gHO_sBM_cAll_d21_mHO5_ch10:0.663431;gHO_sBM_cAll_d20_mHO5_ch06:0.663314;gHO_sBM_cAll_d21_mHO5_ch09:0.662257;gHO_sBM_cAll_d21_mHO5_ch03:0.655642;gHO_sBM_cAll_d21_mHO5_ch05:0.648383;gHO_sBM_cAll_d20_mHO5_ch05:0.645154;gHO_sBM_cAll_d21_mHO5_ch02:0.645004;gHO_sBM_cAll_d20_mHO5_ch04:0.644328;gHO_sBM_cAll_d21_mHO5_ch04:0.642310,Electronic---Techno:0.307331;Electronic---Electro:0.207748;Electronic---Deep Techno:0.109927;Electronic---Ambient:0.103602;Electronic---Synthwave:0.099554,PO:v1:k0:r1,,JB3,0.675853,gHO_sBM_cAll_d20_mHO5_ch10,0.666196,120.967742
16.056000,16.065795700,,hermite,loading,,6.217248937900877e-15,7.612957883143931e-14,4.495270369094512e-13,0,1.0,1,gPO_sBM_cAll_d12_mPO3_ch02,,,15.320000,gHO_sBM_cAll_d20_mHO5_ch10;gHO_sBM_cAll_d21_mHO5_ch10;gHO_sBM_cAll_d20_mHO5_ch06;gHO_sBM_cAll_d21_mHO5_ch09;gHO_sBM_cAll_d21_mHO5_ch03,13.451277,113,,,,0.669275354,0.216061185,0.000000,motion_end,0.216061185,0.077234,0.128347,0.034431,0.000000,0.087300,0.000000,4.270833,0.350000,beat-sync,0.875036,0.883838,,-0.006387456,0.066051398,right_wrist_yaw,0.023462149,right_wrist_roll,0.066051398,right_wrist_yaw,0.030603707,right_wrist_roll,-0.162573,0.153508,0.973704,-0.217054,0.000000000,0.000000000,0.000000000,0.000950786,0.000796964,0.007295884,15.832000,0.000000000,0.000000000,,0.236608,0.199472,25.770602,,0.004492532,0,1,0,9,gPO_sBM_cAll_d10_mPO0_ch01;gPO_sBM_cAll_d11_mPO0_ch01;gPO_sBM_cAll_d11_mPO0_ch02;gPO_sBM_cAll_d10_mPO0_ch02;gPO_sBM_cAll_d12_mPO3_ch02;gHO_sBM_cAll_d20_mHO5_ch10;gHO_sBM_cAll_d21_mHO5_ch10;gHO_sBM_cAll_d20_mHO5_ch06;gHO_sBM_cAll_d21_mHO5_ch09,,41.960400,507.422100,58.266800,2828.924800,accepted,0.952790,,0.914164,0.249799396,31.856939,0.103602,HO,0.853284,0.005876,0.002765,JB3:0.675853;JB5:0.669977;JB1:0.656623;LO4:0.621840;WA4:0.610562,gHO_sBM_cAll_d20_mHO5_ch10:0.666196;gHO_sBM_cAll_d21_mHO5_ch10:0.663431;gHO_sBM_cAll_d20_mHO5_ch06:0.663314;gHO_sBM_cAll_d21_mHO5_ch09:0.662257;gHO_sBM_cAll_d21_mHO5_ch03:0.655642;gHO_sBM_cAll_d21_mHO5_ch05:0.648383;gHO_sBM_cAll_d20_mHO5_ch05:0.645154;gHO_sBM_cAll_d21_mHO5_ch02:0.645004;gHO_sBM_cAll_d20_mHO5_ch04:0.644328;gHO_sBM_cAll_d21_mHO5_ch04:0.642310,Electronic---Techno:0.307331;Electronic---Electro:0.207748;Electronic---Deep Techno:0.109927;Electronic---Ambient:0.103602;Electronic---Synthwave:0.099554,PO:v1:k0:r1,,JB3,0.675853,gHO_sBM_cAll_d20_mHO5_ch10,0.666196,120.967742
16.120000,16.132538000,,hermite,loading,,6.217248937900877e-15,7.612957883143931e-14,4.495270369094512e-13,0,1.0,1,gPO_sBM_cAll_d12_mPO3_ch02,,,15.320000,gHO_sBM_cAll_d20_mHO5_ch10;gHO_sBM_cAll_d21_mHO5_ch10;gHO_sBM_cAll_d20_mHO5_ch06;gHO_sBM_cAll_d21_mHO5_ch09;gHO_sBM_cAll_d21_mHO5_ch03,13.451277,113,,,,0.675540545,0.216061185,0.000000,motion_end,0.216061185,0.077234,0.128347,0.034431,0.000000,0.087300,0.000000,4.270833,0.350000,beat-sync,0.811015,0.883838,,-0.004993552,0.067219742,right_wrist_yaw,0.025375449,right_wrist_roll,0.067219742,right_wrist_yaw,0.029465906,right_wrist_roll,-0.148365,0.143486,0.982074,-0.201600,0.000000000,0.000000000,0.000000000,0.000950786,0.000796964,0.007295884,15.832000,0.000000000,0.000000000,,0.192761,0.166763,19.491382,,0.004474731,0,1,0,9,gPO_sBM_cAll_d10_mPO0_ch01;gPO_sBM_cAll_d11_mPO0_ch01;gPO_sBM_cAll_d11_mPO0_ch02;gPO_sBM_cAll_d10_mPO0_ch02;gPO_sBM_cAll_d12_mPO3_ch02;gHO_sBM_cAll_d20_mHO5_ch10;gHO_sBM_cAll_d21_mHO5_ch10;gHO_sBM_cAll_d20_mHO5_ch06;gHO_sBM_cAll_d21_mHO5_ch09,,41.960400,507.422100,58.266800,2828.924800,accepted,0.952790,,0.914164,0.249799396,31.856939,0.103602,HO,0.853284,0.005876,0.002765,JB3:0.675853;JB5:0.669977;JB1:0.656623;LO4:0.621840;WA4:0.610562,gHO_sBM_cAll_d20_mHO5_ch10:0.666196;gHO_sBM_cAll_d21_mHO5_ch10:0.663431;gHO_sBM_cAll_d20_mHO5_ch06:0.663314;gHO_sBM_cAll_d21_mHO5_ch09:0.662257;gHO_sBM_cAll_d21_mHO5_ch03:0.655642;gHO_sBM_cAll_d21_mHO5_ch05:0.648383;gHO_sBM_cAll_d20_mHO5_ch05:0.645154;gHO_sBM_cAll_d21_mHO5_ch02:0.645004;gHO_sBM_cAll_d20_mHO5_ch04:0.644328;gHO_sBM_cAll_d21_mHO5_ch04:0.642310,Electronic---Techno:0.307331;Electronic---Electro:0.207748;Electronic---Deep Techno:0.109927;Electronic---Ambient:0.103602;Electronic---Synthwave:0.099554,PO:v1:k0:r1,,JB3,0.675853,gHO_sBM_cAll_d20_mHO5_ch10,0.666196,120.967742
16.152000,16.166631700,,hermite,loading,,6.217248937900877e-15,7.612957883143931e-14,4.495270369094512e-13,0,1.0,1,gPO_sBM_cAll_d12_mPO3_ch02,,,15.320000,gHO_sBM_cAll_d20_mHO5_ch10;gHO_sBM_cAll_d21_mHO5_ch10;gHO_sBM_cAll_d20_mHO5_ch06;gHO_sBM_cAll_d21_mHO5_ch09;gHO_sBM_cAll_d21_mHO5_ch03,13.451277,113,,,,0.678691778,0.216061185,0.000000,motion_end,0.216061185,0.077234,0.128347,0.034431,0.000000,0.087300,0.000000,4.270833,0.350000,beat-sync,0.818362,0.883838,,-0.004364301,0.067862566,right_wrist_yaw,0.029099238,right_wrist_roll,0.067862566,right_wrist_yaw,0.029832154,right_wrist_roll,-0.140381,0.140840,0.981660,-0.184515,0.000000000,0.000000000,0.000000000,0.000950786,0.000796964,0.007295884,15.832000,0.000000000,0.000000000,,0.149369,0.130425,13.450794,,0.004465884,0,1,0,9,gPO_sBM_cAll_d10_mPO0_ch01;gPO_sBM_cAll_d11_mPO0_ch01;gPO_sBM_cAll_d11_mPO0_ch02;gPO_sBM_cAll_d10_mPO0_ch02;gPO_sBM_cAll_d12_mPO3_ch02;gHO_sBM_cAll_d20_mHO5_ch10;gHO_sBM_cAll_d21_mHO5_ch10;gHO_sBM_cAll_d20_mHO5_ch06;gHO_sBM_cAll_d21_mHO5_ch09,,41.960400,507.422100,58.266800,2828.924800,accepted,0.952790,,0.914164,0.249799396,31.856939,0.103602,HO,0.853284,0.005876,0.002765,JB3:0.675853;JB5:0.669977;JB1:0.656623;LO4:0.621840;WA4:0.610562,gHO_sBM_cAll_d20_mHO5_ch10:0.666196;gHO_sBM_cAll_d21_mHO5_ch10:0.663431;gHO_sBM_cAll_d20_mHO5_ch06:0.663314;gHO_sBM_cAll_d21_mHO5_ch09:0.662257;gHO_sBM_cAll_d21_mHO5_ch03:0.655642;gHO_sBM_cAll_d21_mHO5_ch05:0.648383;gHO_sBM_cAll_d20_mHO5_ch05:0.645154;gHO_sBM_cAll_d21_mHO5_ch02:0.645004;gHO_sBM_cAll_d20_mHO5_ch04:0.644328;gHO_sBM_cAll_d21_mHO5_ch04:0.642310,Electronic---Techno:0.307331;Electronic---Electro:0.207748;Electronic---Deep Techno:0.109927;Electronic---Ambient:0.103602;Electronic---Synthwave:0.099554,PO:v1:k0:r1,,JB3,0.675853,gHO_sBM_cAll_d20_mHO5_ch10,0.666196,120.967742
16.216000,16.223950200,,hermite,loading,,6.217248937900877e-15,7.612957883143931e-14,4.495270369094512e-13,0,1.0,1,gPO_sBM_cAll_d12_mPO3_ch02,,,15.320000,gHO_sBM_cAll_d20_mHO5_ch10;gHO_sBM_cAll_d21_mHO5_ch10;gHO_sBM_cAll_d20_mHO5_ch06;gHO_sBM_cAll_d21_mHO5_ch09;gHO_sBM_cAll_d21_mHO5_ch03,13.451277,113,,,,0.684165087,0.216061185,0.000000,motion_end,0.216061185,0.077234,0.128347,0.034431,0.000000,0.087300,0.000000,4.270833,0.350000,beat-sync,0.829891,0.883838,,-0.003463177,0.069062225,right_wrist_yaw,0.029203803,right_wrist_roll,0.069062225,right_wrist_yaw,0.035256497,right_wrist_roll,-0.129588,0.134780,0.978049,-0.217655,0.000000000,0.000000000,0.000000000,0.000950786,0.000796964,0.007295884,15.832000,0.000000000,0.000000000,,0.066521,0.057082,6.422286,,0.004450484,0,1,0,9,gPO_sBM_cAll_d10_mPO0_ch01;gPO_sBM_cAll_d11_mPO0_ch01;gPO_sBM_cAll_d11_mPO0_ch02;gPO_sBM_cAll_d10_mPO0_ch02;gPO_sBM_cAll_d12_mPO3_ch02;gHO_sBM_cAll_d20_mHO5_ch10;gHO_sBM_cAll_d21_mHO5_ch10;gHO_sBM_cAll_d20_mHO5_ch06;gHO_sBM_cAll_d21_mHO5_ch09,,41.960400,507.422100,58.266800,2828.924800,accepted,0.952790,,0.914164,0.249799396,31.856939,0.103602,HO,0.853284,0.005876,0.002765,JB3:0.675853;JB5:0.669977;JB1:0.656623;LO4:0.621840;WA4:0.610562,gHO_sBM_cAll_d20_mHO5_ch10:0.666196;gHO_sBM_cAll_d21_mHO5_ch10:0.663431;gHO_sBM_cAll_d20_mHO5_ch06:0.663314;gHO_sBM_cAll_d21_mHO5_ch09:0.662257;gHO_sBM_cAll_d21_mHO5_ch03:0.655642;gHO_sBM_cAll_d21_mHO5_ch05:0.648383;gHO_sBM_cAll_d20_mHO5_ch05:0.645154;gHO_sBM_cAll_d21_mHO5_ch02:0.645004;gHO_sBM_cAll_d20_mHO5_ch04:0.644328;gHO_sBM_cAll_d21_mHO5_ch04:0.642310,Electronic---Techno:0.307331;Electronic---Electro:0.207748;Electronic---Deep Techno:0.109927;Electronic---Ambient:0.103602;Electronic---Synthwave:0.099554,PO:v1:k0:r1,,JB3,0.675853,gHO_sBM_cAll_d20_mHO5_ch10,0.666196,120.967742
16.280000,16.301500600,,hermite,preparing,,6.217248937900877e-15,7.612957883143931e-14,4.495270369094512e-13,0,1.0,1,gPO_sBM_cAll_d12_mPO3_ch02,,,15.320000,gHO_sBM_cAll_d20_mHO5_ch10;gHO_sBM_cAll_d21_mHO5_ch10;gHO_sBM_cAll_d20_mHO5_ch06;gHO_sBM_cAll_d21_mHO5_ch09;gHO_sBM_cAll_d21_mHO5_ch03,13.451277,113,,,,0.691530271,0.216061185,0.000000,motion_end,0.216061185,0.077234,0.128347,0.034431,0.000000,0.087300,0.000000,4.270833,0.350000,beat-sync,0.894437,1.215278,,-0.002700536,0.070778625,right_wrist_yaw,0.029268521,left_wrist_roll,0.070778625,right_wrist_yaw,0.033102746,left_wrist_roll,-0.124341,0.130535,0.972971,-0.229753,0.000000000,0.000000000,0.000000000,0.000950786,0.000796964,0.007295884,16.248000,0.000000000,0.000000000,,0.079835,0.067266,7.028058,,0.004430840,0,1,0,10,gPO_sBM_cAll_d10_mPO0_ch01;gPO_sBM_cAll_d11_mPO0_ch01;gPO_sBM_cAll_d11_mPO0_ch02;gPO_sBM_cAll_d10_mPO0_ch02;gPO_sBM_cAll_d12_mPO3_ch02;gHO_sBM_cAll_d20_mHO5_ch10;gHO_sBM_cAll_d21_mHO5_ch10;gHO_sBM_cAll_d20_mHO5_ch06;gHO_sBM_cAll_d21_mHO5_ch09;gHO_sBM_cAll_d21_mHO5_ch03,,43.564500,549.950200,53.140800,3477.906400,accepted,0.952790,,0.914164,0.249799396,31.856939,0.103602,HO,0.853284,0.005876,0.002765,JB3:0.675853;JB5:0.669977;JB1:0.656623;LO4:0.621840;WA4:0.610562,gHO_sBM_cAll_d20_mHO5_ch10:0.666196;gHO_sBM_cAll_d21_mHO5_ch10:0.663431;gHO_sBM_cAll_d20_mHO5_ch06:0.663314;gHO_sBM_cAll_d21_mHO5_ch09:0.662257;gHO_sBM_cAll_d21_mHO5_ch03:0.655642;gHO_sBM_cAll_d21_mHO5_ch05:0.648383;gHO_sBM_cAll_d20_mHO5_ch05:0.645154;gHO_sBM_cAll_d21_mHO5_ch02:0.645004;gHO_sBM_cAll_d20_mHO5_ch04:0.644328;gHO_sBM_cAll_d21_mHO5_ch04:0.642310,Electronic---Techno:0.307331;Electronic---Electro:0.207748;Electronic---Deep Techno:0.109927;Electronic---Ambient:0.103602;Electronic---Synthwave:0.099554,PO:v1:k0:r1,,JB3,0.675853,gHO_sBM_cAll_d20_mHO5_ch10,0.666196,120.967742
16.312000,16.343624300,,hermite,preparing,,6.217248937900877e-15,7.612957883143931e-14,4.495270369094512e-13,0,1.0,1,gPO_sBM_cAll_d12_mPO3_ch02,,,15.320000,gHO_sBM_cAll_d20_mHO5_ch10;gHO_sBM_cAll_d21_mHO5_ch10;gHO_sBM_cAll_d20_mHO5_ch06;gHO_sBM_cAll_d21_mHO5_ch09;gHO_sBM_cAll_d21_mHO5_ch03,13.451277,113,,,,0.695474287,0.216061185,0.000000,motion_end,0.216061185,0.077234,0.128347,0.034431,0.000000,0.087300,0.000000,4.270833,0.350000,beat-sync,0.942533,1.215278,,-0.002328390,0.071777765,right_wrist_yaw,0.034240768,left_wrist_roll,0.071777765,right_wrist_yaw,0.037278844,left_wrist_roll,-0.123849,0.127541,0.974565,-0.226318,0.000000000,0.000000000,0.000000000,0.000950786,0.000796964,0.007295884,16.248000,0.000000000,0.000000000,,0.215369,0.183142,21.021767,,0.004424330,0,1,0,10,gPO_sBM_cAll_d10_mPO0_ch01;gPO_sBM_cAll_d11_mPO0_ch01;gPO_sBM_cAll_d11_mPO0_ch02;gPO_sBM_cAll_d10_mPO0_ch02;gPO_sBM_cAll_d12_mPO3_ch02;gHO_sBM_cAll_d20_mHO5_ch10;gHO_sBM_cAll_d21_mHO5_ch10;gHO_sBM_cAll_d20_mHO5_ch06;gHO_sBM_cAll_d21_mHO5_ch09;gHO_sBM_cAll_d21_mHO5_ch03,,43.564500,549.950200,53.140800,3477.906400,accepted,0.952790,,0.914164,0.249799396,31.856939,0.103602,HO,0.853284,0.005876,0.002765,JB3:0.675853;JB5:0.669977;JB1:0.656623;LO4:0.621840;WA4:0.610562,gHO_sBM_cAll_d20_mHO5_ch10:0.666196;gHO_sBM_cAll_d21_mHO5_ch10:0.663431;gHO_sBM_cAll_d20_mHO5_ch06:0.663314;gHO_sBM_cAll_d21_mHO5_ch09:0.662257;gHO_sBM_cAll_d21_mHO5_ch03:0.655642;gHO_sBM_cAll_d21_mHO5_ch05:0.648383;gHO_sBM_cAll_d20_mHO5_ch05:0.645154;gHO_sBM_cAll_d21_mHO5_ch02:0.645004;gHO_sBM_cAll_d20_mHO5_ch04:0.644328;gHO_sBM_cAll_d21_mHO5_ch04:0.642310,Electronic---Techno:0.307331;Electronic---Electro:0.207748;Electronic---Deep Techno:0.109927;Electronic---Ambient:0.103602;Electronic---Synthwave:0.099554,PO:v1:k0:r1,,JB3,0.675853,gHO_sBM_cAll_d20_mHO5_ch10,0.666196,120.967742
16.312000,16.361183400,beat_limiter_result,hermite,preparing,,6.217248937900877e-15,7.612957883143931e-14,4.495270369094512e-13,0,1.0,1,gPO_sBM_cAll_d12_mPO3_ch02,,,15.320000,gHO_sBM_cAll_d20_mHO5_ch10;gHO_sBM_cAll_d21_mHO5_ch10;gHO_sBM_cAll_d20_mHO5_ch06;gHO_sBM_cAll_d21_mHO5_ch09;gHO_sBM_cAll_d21_mHO5_ch03,13.451277,113,,,,0.697724504,0.216061185,0.000000,motion_end,0.216061185,0.077234,0.128347,0.034431,0.000000,0.087300,0.000000,4.270833,0.350000,beat-sync,0.963947,1.215278,,-0.002146385,0.072381568,right_wrist_yaw,0.103563988,left_wrist_roll,0.072381568,right_wrist_yaw,0.044856430,left_wrist_roll,-0.123554,0.125506,0.977632,-0.226509,0.000000000,0.000000000,0.000000000,0.000950786,0.000796964,0.007295884,16.248000,0.000000000,0.000000000,,0.044856,0.041684,9.080046,,0.004422165,0,1,0,10,gPO_sBM_cAll_d10_mPO0_ch01;gPO_sBM_cAll_d11_mPO0_ch01;gPO_sBM_cAll_d11_mPO0_ch02;gPO_sBM_cAll_d10_mPO0_ch02;gPO_sBM_cAll_d12_mPO3_ch02;gHO_sBM_cAll_d20_mHO5_ch10;gHO_sBM_cAll_d21_mHO5_ch10;gHO_sBM_cAll_d20_mHO5_ch06;gHO_sBM_cAll_d21_mHO5_ch09;gHO_sBM_cAll_d21_mHO5_ch03,,43.564500,549.950200,53.140800,3477.906400,accepted,0.952790,,0.914164,0.249799396,31.856939,0.103602,HO,0.853284,0.005876,0.002765,JB3:0.675853;JB5:0.669977;JB1:0.656623;LO4:0.621840;WA4:0.610562,gHO_sBM_cAll_d20_mHO5_ch10:0.666196;gHO_sBM_cAll_d21_mHO5_ch10:0.663431;gHO_sBM_cAll_d20_mHO5_ch06:0.663314;gHO_sBM_cAll_d21_mHO5_ch09:0.662257;gHO_sBM_cAll_d21_mHO5_ch03:0.655642;gHO_sBM_cAll_d21_mHO5_ch05:0.648383;gHO_sBM_cAll_d20_mHO5_ch05:0.645154;gHO_sBM_cAll_d21_mHO5_ch02:0.645004;gHO_sBM_cAll_d20_mHO5_ch04:0.644328;gHO_sBM_cAll_d21_mHO5_ch04:0.642310,Electronic---Techno:0.307331;Electronic---Electro:0.207748;Electronic---Deep Techno:0.109927;Electronic---Ambient:0.103602;Electronic---Synthwave:0.099554,PO:v1:k0:r1,,JB3,0.675853,gHO_sBM_cAll_d20_mHO5_ch10,0.666196,120.967742
16.376000,16.418978000,,hermite,preparing,,6.217248937900877e-15,7.612957883143931e-14,4.495270369094512e-13,0,1.0,1,gPO_sBM_cAll_d12_mPO3_ch02,,,15.320000,gHO_sBM_cAll_d20_mHO5_ch10;gHO_sBM_cAll_d21_mHO5_ch10;gHO_sBM_cAll_d20_mHO5_ch06;gHO_sBM_cAll_d21_mHO5_ch09;gHO_sBM_cAll_d21_mHO5_ch03,13.451277,113,,,,0.704474764,0.216061185,0.000000,motion_end,0.216061185,0.077234,0.128347,0.034431,0.000000,0.087300,0.000000,4.270833,0.350000,beat-sync,1.019285,1.215278,,-0.001697977,0.074236812,right_wrist_yaw,0.182613422,right_wrist_roll,0.074236812,right_wrist_yaw,0.102158840,right_wrist_roll,-0.121508,0.113850,0.987756,-0.233864,0.000000000,0.000000000,0.000000000,0.000950786,0.000796964,0.007295884,16.248000,0.000000000,0.000000000,,0.102159,0.094754,4.808287,,0.004415681,0,1,0,10,gPO_sBM_cAll_d10_mPO0_ch01;gPO_sBM_cAll_d11_mPO0_ch01;gPO_sBM_cAll_d11_mPO0_ch02;gPO_sBM_cAll_d10_mPO0_ch02;gPO_sBM_cAll_d12_mPO3_ch02;gHO_sBM_cAll_d20_mHO5_ch10;gHO_sBM_cAll_d21_mHO5_ch10;gHO_sBM_cAll_d20_mHO5_ch06;gHO_sBM_cAll_d21_mHO5_ch09;gHO_sBM_cAll_d21_mHO5_ch03,,43.564500,549.950200,53.140800,3477.906400,accepted,0.952790,,0.914164,0.249799396,31.856939,0.103602,HO,0.853284,0.005876,0.002765,JB3:0.675853;JB5:0.669977;JB1:0.656623;LO4:0.621840;WA4:0.610562,gHO_sBM_cAll_d20_mHO5_ch10:0.666196;gHO_sBM_cAll_d21_mHO5_ch10:0.663431;gHO_sBM_cAll_d20_mHO5_ch06:0.663314;gHO_sBM_cAll_d21_mHO5_ch09:0.662257;gHO_sBM_cAll_d21_mHO5_ch03:0.655642;gHO_sBM_cAll_d21_mHO5_ch05:0.648383;gHO_sBM_cAll_d20_mHO5_ch05:0.645154;gHO_sBM_cAll_d21_mHO5_ch02:0.645004;gHO_sBM_cAll_d20_mHO5_ch04:0.644328;gHO_sBM_cAll_d21_mHO5_ch04:0.642310,Electronic---Techno:0.307331;Electronic---Electro:0.207748;Electronic---Deep Techno:0.109927;Electronic---Ambient:0.103602;Electronic---Synthwave:0.099554,PO:v1:k0:r1,,JB3,0.675853,gHO_sBM_cAll_d20_mHO5_ch10,0.666196,120.967742
16.408000,16.435378400,,hermite,preparing,,6.217248937900877e-15,7.612957883143931e-14,4.495270369094512e-13,0,1.0,1,gPO_sBM_cAll_d12_mPO3_ch02,,,15.320000,gHO_sBM_cAll_d20_mHO5_ch10;gHO_sBM_cAll_d21_mHO5_ch10;gHO_sBM_cAll_d20_mHO5_ch06;gHO_sBM_cAll_d21_mHO5_ch09;gHO_sBM_cAll_d21_mHO5_ch03,13.451277,113,,,,0.706444925,0.216061185,0.000000,motion_end,0.216061185,0.077234,0.128347,0.034431,0.000000,0.087300,0.000000,4.270833,0.350000,beat-sync,1.034813,1.215278,,-0.001588921,0.074783336,right_wrist_yaw,0.093689821,right_wrist_roll,0.074783336,right_wrist_yaw,0.047098015,right_wrist_roll,-0.122004,0.110904,0.990108,-0.227664,0.000000000,0.000000000,0.000000000,0.000950786,0.000796964,0.007295884,16.248000,0.000000000,0.000000000,,0.221931,0.206911,12.069570,,0.004413524,0,1,0,10,gPO_sBM_cAll_d10_mPO0_ch01;gPO_sBM_cAll_d11_mPO0_ch01;gPO_sBM_cAll_d11_mPO0_ch02;gPO_sBM_cAll_d10_mPO0_ch02;gPO_sBM_cAll_d12_mPO3_ch02;gHO_sBM_cAll_d20_mHO5_ch10;gHO_sBM_cAll_d21_mHO5_ch10;gHO_sBM_cAll_d20_mHO5_ch06;gHO_sBM_cAll_d21_mHO5_ch09;gHO_sBM_cAll_d21_mHO5_ch03,,43.564500,549.950200,53.140800,3477.906400,accepted,0.952790,,0.914164,0.249799396,31.856939,0.103602,HO,0.853284,0.005876,0.002765,JB3:0.675853;JB5:0.669977;JB1:0.656623;LO4:0.621840;WA4:0.610562,gHO_sBM_cAll_d20_mHO5_ch10:0.666196;gHO_sBM_cAll_d21_mHO5_ch10:0.663431;gHO_sBM_cAll_d20_mHO5_ch06:0.663314;gHO_sBM_cAll_d21_mHO5_ch09:0.662257;gHO_sBM_cAll_d21_mHO5_ch03:0.655642;gHO_sBM_cAll_d21_mHO5_ch05:0.648383;gHO_sBM_cAll_d20_mHO5_ch05:0.645154;gHO_sBM_cAll_d21_mHO5_ch02:0.645004;gHO_sBM_cAll_d20_mHO5_ch04:0.644328;gHO_sBM_cAll_d21_mHO5_ch04:0.642310,Electronic---Techno:0.307331;Electronic---Electro:0.207748;Electronic---Deep Techno:0.109927;Electronic---Ambient:0.103602;Electronic---Synthwave:0.099554,PO:v1:k0:r1,,JB3,0.675853,gHO_sBM_cAll_d20_mHO5_ch10,0.666196,120.967742
16.472000,16.503132600,,hermite,preparing,,6.217248937900877e-15,7.612957883143931e-14,4.495270369094512e-13,0,1.0,1,gPO_sBM_cAll_d12_mPO3_ch02,,,15.320000,gHO_sBM_cAll_d20_mHO5_ch10;gHO_sBM_cAll_d21_mHO5_ch10;gHO_sBM_cAll_d20_mHO5_ch06;gHO_sBM_cAll_d21_mHO5_ch09;gHO_sBM_cAll_d21_mHO5_ch03,13.451277,113,,,,0.714301268,0.216061185,0.000000,motion_end,0.216061185,0.077234,0.128347,0.034431,0.000000,0.087300,0.000000,4.270833,0.350000,beat-sync,1.079057,1.215278,,-0.001228070,0.162911192,left_wrist_yaw,17.693369248,left_wrist_yaw,0.162911192,left_wrist_yaw,8.470259428,left_wrist_yaw,-0.127607,0.100854,0.989842,-0.174203,0.000000000,0.000000000,0.000000000,0.000950786,0.000796964,0.007295884,16.248000,0.000000000,0.000000000,,9.926259,9.314313,222.208045,,0.004654836,0,1,0,10,gPO_sBM_cAll_d10_mPO0_ch01;gPO_sBM_cAll_d11_mPO0_ch01;gPO_sBM_cAll_d11_mPO0_ch02;gPO_sBM_cAll_d10_mPO0_ch02;gPO_sBM_cAll_d12_mPO3_ch02;gHO_sBM_cAll_d20_mHO5_ch10;gHO_sBM_cAll_d21_mHO5_ch10;gHO_sBM_cAll_d20_mHO5_ch06;gHO_sBM_cAll_d21_mHO5_ch09;gHO_sBM_cAll_d21_mHO5_ch03,,43.564500,549.950200,53.140800,3477.906400,accepted,0.952790,,0.914164,0.249799396,31.856939,0.103602,HO,0.853284,0.005876,0.002765,JB3:0.675853;JB5:0.669977;JB1:0.656623;LO4:0.621840;WA4:0.610562,gHO_sBM_cAll_d20_mHO5_ch10:0.666196;gHO_sBM_cAll_d21_mHO5_ch10:0.663431;gHO_sBM_cAll_d20_mHO5_ch06:0.663314;gHO_sBM_cAll_d21_mHO5_ch09:0.662257;gHO_sBM_cAll_d21_mHO5_ch03:0.655642;gHO_sBM_cAll_d21_mHO5_ch05:0.648383;gHO_sBM_cAll_d20_mHO5_ch05:0.645154;gHO_sBM_cAll_d21_mHO5_ch02:0.645004;gHO_sBM_cAll_d20_mHO5_ch04:0.644328;gHO_sBM_cAll_d21_mHO5_ch04:0.642310,Electronic---Techno:0.307331;Electronic---Electro:0.207748;Electronic---Deep Techno:0.109927;Electronic---Ambient:0.103602;Electronic---Synthwave:0.099554,PO:v1:k0:r1,,JB3,0.675853,gHO_sBM_cAll_d20_mHO5_ch10,0.666196,120.967742
16.504000,16.527427400,,hermite,preparing,,6.217248937900877e-15,7.612957883143931e-14,4.495270369094512e-13,0,1.0,1,gPO_sBM_cAll_d12_mPO3_ch02,,,15.320000,gHO_sBM_cAll_d20_mHO5_ch10;gHO_sBM_cAll_d21_mHO5_ch10;gHO_sBM_cAll_d20_mHO5_ch06;gHO_sBM_cAll_d21_mHO5_ch09;gHO_sBM_cAll_d21_mHO5_ch03,13.451277,113,,,,0.717880559,0.216061185,0.000000,motion_end,0.216061185,0.077234,0.128347,0.034431,0.000000,0.087300,0.000000,4.270833,0.350000,beat-sync,1.095694,1.215278,,-0.001095426,0.189606687,left_wrist_yaw,5.812260232,right_wrist_yaw,0.189606687,left_wrist_yaw,5.726996705,right_wrist_yaw,-0.128840,0.095516,0.986027,-0.149969,0.000000000,0.000000000,0.000000000,0.000950786,0.000796964,0.007295884,16.248000,0.000000000,0.000000000,,12.304583,10.176589,778.441650,,0.004734244,0,1,0,10,gPO_sBM_cAll_d10_mPO0_ch01;gPO_sBM_cAll_d11_mPO0_ch01;gPO_sBM_cAll_d11_mPO0_ch02;gPO_sBM_cAll_d10_mPO0_ch02;gPO_sBM_cAll_d12_mPO3_ch02;gHO_sBM_cAll_d20_mHO5_ch10;gHO_sBM_cAll_d21_mHO5_ch10;gHO_sBM_cAll_d20_mHO5_ch06;gHO_sBM_cAll_d21_mHO5_ch09;gHO_sBM_cAll_d21_mHO5_ch03,,43.564500,549.950200,53.140800,3477.906400,accepted,0.952790,,0.914164,0.249799396,31.856939,0.103602,HO,0.853284,0.005876,0.002765,JB3:0.675853;JB5:0.669977;JB1:0.656623;LO4:0.621840;WA4:0.610562,gHO_sBM_cAll_d20_mHO5_ch10:0.666196;gHO_sBM_cAll_d21_mHO5_ch10:0.663431;gHO_sBM_cAll_d20_mHO5_ch06:0.663314;gHO_sBM_cAll_d21_mHO5_ch09:0.662257;gHO_sBM_cAll_d21_mHO5_ch03:0.655642;gHO_sBM_cAll_d21_mHO5_ch05:0.648383;gHO_sBM_cAll_d20_mHO5_ch05:0.645154;gHO_sBM_cAll_d21_mHO5_ch02:0.645004;gHO_sBM_cAll_d20_mHO5_ch04:0.644328;gHO_sBM_cAll_d21_mHO5_ch04:0.642310,Electronic---Techno:0.307331;Electronic---Electro:0.207748;Electronic---Deep Techno:0.109927;Electronic---Ambient:0.103602;Electronic---Synthwave:0.099554,PO:v1:k0:r1,,JB3,0.675853,gHO_sBM_cAll_d20_mHO5_ch10,0.666196,120.967742
16.568000,16.582788000,,hermite,preparing,,6.217248937900877e-15,7.612957883143931e-14,4.495270369094512e-13,1,1.0,1,gPO_sBM_cAll_d12_mPO3_ch02,,,15.320000,gHO_sBM_cAll_d20_mHO5_ch10;gHO_sBM_cAll_d21_mHO5_ch10;gHO_sBM_cAll_d20_mHO5_ch06;gHO_sBM_cAll_d21_mHO5_ch09;gHO_sBM_cAll_d21_mHO5_ch03,13.451277,113,,,,0.725032299,0.216061185,0.000000,motion_end,0.216061185,0.077234,0.128347,0.034431,0.000000,0.087300,0.000000,4.270833,0.350000,beat-sync,1.121551,1.215278,,-0.000875345,0.385980886,right_wrist_yaw,2.401202821,right_wrist_roll,0.385980886,right_wrist_yaw,2.400348297,right_wrist_roll,-0.130107,0.079852,0.975797,-0.089205,0.000000000,0.000000000,0.000000000,0.000950786,0.000796964,0.007295884,16.248000,0.000000000,0.000000000,,14.977302,11.746416,1091.280176,right_elbow,0.004806485,0,1,0,10,gPO_sBM_cAll_d10_mPO0_ch01;gPO_sBM_cAll_d11_mPO0_ch01;gPO_sBM_cAll_d11_mPO0_ch02;gPO_sBM_cAll_d10_mPO0_ch02;gPO_sBM_cAll_d12_mPO3_ch02;gHO_sBM_cAll_d20_mHO5_ch10;gHO_sBM_cAll_d21_mHO5_ch10;gHO_sBM_cAll_d20_mHO5_ch06;gHO_sBM_cAll_d21_mHO5_ch09;gHO_sBM_cAll_d21_mHO5_ch03,,43.564500,549.950200,53.140800,3477.906400,accepted,0.952790,,0.914164,0.249799396,31.856939,0.103602,HO,0.853284,0.005876,0.002765,JB3:0.675853;JB5:0.669977;JB1:0.656623;LO4:0.621840;WA4:0.610562,gHO_sBM_cAll_d20_mHO5_ch10:0.666196;gHO_sBM_cAll_d21_mHO5_ch10:0.663431;gHO_sBM_cAll_d20_mHO5_ch06:0.663314;gHO_sBM_cAll_d21_mHO5_ch09:0.662257;gHO_sBM_cAll_d21_mHO5_ch03:0.655642;gHO_sBM_cAll_d21_mHO5_ch05:0.648383;gHO_sBM_cAll_d20_mHO5_ch05:0.645154;gHO_sBM_cAll_d21_mHO5_ch02:0.645004;gHO_sBM_cAll_d20_mHO5_ch04:0.644328;gHO_sBM_cAll_d21_mHO5_ch04:0.642310,Electronic---Techno:0.307331;Electronic---Electro:0.207748;Electronic---Deep Techno:0.109927;Electronic---Ambient:0.103602;Electronic---Synthwave:0.099554,PO:v1:k0:r1,,JB3,0.675853,gHO_sBM_cAll_d20_mHO5_ch10,0.666196,120.967742
16.600000,16.620093900,,hermite,preparing,,6.217248937900877e-15,7.612957883143931e-14,4.495270369094512e-13,0,1.0,1,gPO_sBM_cAll_d12_mPO3_ch02,,,15.320000,gHO_sBM_cAll_d20_mHO5_ch10;gHO_sBM_cAll_d21_mHO5_ch10;gHO_sBM_cAll_d20_mHO5_ch06;gHO_sBM_cAll_d21_mHO5_ch09;gHO_sBM_cAll_d21_mHO5_ch03,13.451277,113,,,,0.729192191,0.216061185,0.000000,motion_end,0.216061185,0.077234,0.128347,0.034431,0.000000,0.087300,0.000000,4.270833,0.350000,beat-sync,1.133412,1.215278,,-0.000769946,0.313795643,right_wrist_yaw,5.996281320,right_wrist_yaw,0.313795643,right_wrist_yaw,3.330112962,right_wrist_yaw,-0.123949,0.071811,0.967278,-0.065563,0.000000000,0.000000000,0.000000000,0.000950786,0.000796964,0.007295884,16.248000,0.000000000,0.000000000,,12.334107,11.229166,174.629736,,0.004801820,0,1,0,10,gPO_sBM_cAll_d10_mPO0_ch01;gPO_sBM_cAll_d11_mPO0_ch01;gPO_sBM_cAll_d11_mPO0_ch02;gPO_sBM_cAll_d10_mPO0_ch02;gPO_sBM_cAll_d12_mPO3_ch02;gHO_sBM_cAll_d20_mHO5_ch10;gHO_sBM_cAll_d21_mHO5_ch10;gHO_sBM_cAll_d20_mHO5_ch06;gHO_sBM_cAll_d21_mHO5_ch09;gHO_sBM_cAll_d21_mHO5_ch03,,43.564500,549.950200,53.140800,3477.906400,accepted,0.952790,,0.914164,0.249799396,31.856939,0.103602,HO,0.853284,0.005876,0.002765,JB3:0.675853;JB5:0.669977;JB1:0.656623;LO4:0.621840;WA4:0.610562,gHO_sBM_cAll_d20_mHO5_ch10:0.666196;gHO_sBM_cAll_d21_mHO5_ch10:0.663431;gHO_sBM_cAll_d20_mHO5_ch06:0.663314;gHO_sBM_cAll_d21_mHO5_ch09:0.662257;gHO_sBM_cAll_d21_mHO5_ch03:0.655642;gHO_sBM_cAll_d21_mHO5_ch05:0.648383;gHO_sBM_cAll_d20_mHO5_ch05:0.645154;gHO_sBM_cAll_d21_mHO5_ch02:0.645004;gHO_sBM_cAll_d20_mHO5_ch04:0.644328;gHO_sBM_cAll_d21_mHO5_ch04:0.642310,Electronic---Techno:0.307331;Electronic---Electro:0.207748;Electronic---Deep Techno:0.109927;Electronic---Ambient:0.103602;Electronic---Synthwave:0.099554,PO:v1:k0:r1,,JB3,0.675853,gHO_sBM_cAll_d20_mHO5_ch10,0.666196,120.967742
16.664000,16.680873700,,hermite,preparing,,6.217248937900877e-15,7.612957883143931e-14,4.495270369094512e-13,0,1.0,1,gPO_sBM_cAll_d12_mPO3_ch02,,,15.320000,gHO_sBM_cAll_d20_mHO5_ch10;gHO_sBM_cAll_d21_mHO5_ch10;gHO_sBM_cAll_d20_mHO5_ch06;gHO_sBM_cAll_d21_mHO5_ch09;gHO_sBM_cAll_d21_mHO5_ch03,13.451277,113,,,,0.737698821,0.216061185,0.000000,motion_end,0.216061185,0.077234,0.128347,0.034431,0.000000,0.087300,0.000000,4.270833,0.350000,beat-sync,1.153830,1.215278,,-0.000594424,0.105542450,right_wrist_yaw,3.040109946,right_wrist_yaw,0.105542450,right_wrist_yaw,3.184615037,right_wrist_yaw,-0.103653,0.062229,0.941114,-0.009393,0.000000000,0.000000000,0.000000000,0.000950786,0.000796964,0.007295884,16.248000,0.000000000,0.000000000,,4.821374,3.410242,357.839493,,0.004790199,0,1,0,10,gPO_sBM_cAll_d10_mPO0_ch01;gPO_sBM_cAll_d11_mPO0_ch01;gPO_sBM_cAll_d11_mPO0_ch02;gPO_sBM_cAll_d10_mPO0_ch02;gPO_sBM_cAll_d12_mPO3_ch02;gHO_sBM_cAll_d20_mHO5_ch10;gHO_sBM_cAll_d21_mHO5_ch10;gHO_sBM_cAll_d20_mHO5_ch06;gHO_sBM_cAll_d21_mHO5_ch09;gHO_sBM_cAll_d21_mHO5_ch03,,43.564500,549.950200,53.140800,3477.906400,accepted,0.952790,,0.914164,0.249799396,31.856939,0.103602,HO,0.853284,0.005876,0.002765,JB3:0.675853;JB5:0.669977;JB1:0.656623;LO4:0.621840;WA4:0.610562,gHO_sBM_cAll_d20_mHO5_ch10:0.666196;gHO_sBM_cAll_d21_mHO5_ch10:0.663431;gHO_sBM_cAll_d20_mHO5_ch06:0.663314;gHO_sBM_cAll_d21_mHO5_ch09:0.662257;gHO_sBM_cAll_d21_mHO5_ch03:0.655642;gHO_sBM_cAll_d21_mHO5_ch05:0.648383;gHO_sBM_cAll_d20_mHO5_ch05:0.645154;gHO_sBM_cAll_d21_mHO5_ch02:0.645004;gHO_sBM_cAll_d20_mHO5_ch04:0.644328;gHO_sBM_cAll_d21_mHO5_ch04:0.642310,Electronic---Techno:0.307331;Electronic---Electro:0.207748;Electronic---Deep Techno:0.109927;Electronic---Ambient:0.103602;Electronic---Synthwave:0.099554,PO:v1:k0:r1,,JB3,0.675853,gHO_sBM_cAll_d20_mHO5_ch10,0.666196,120.967742
16.664000,16.696982900,match,hermite,preparing,,6.217248937900877e-15,7.612957883143931e-14,4.495270369094512e-13,0,1.0,1,gPO_sBM_cAll_d12_mPO3_ch02,,,16.344000,gHO_sBM_cAll_d20_mHO5_ch10;gHO_sBM_cAll_d21_mHO5_ch10;gHO_sBM_cAll_d20_mHO5_ch06;gHO_sBM_cAll_d21_mHO5_ch09;gHO_sBM_cAll_d21_mHO5_ch03,13.451277,113,,,,0.740141554,0.216061185,0.000000,motion_end,0.216061185,0.077234,0.128347,0.034431,0.000000,0.087300,0.000000,4.270833,0.350000,beat-sync,1.158220,1.215278,,-0.000552281,0.071835746,right_wrist_roll,4.756877379,right_wrist_yaw,0.071835746,right_wrist_roll,2.566850662,right_wrist_yaw,-0.095719,0.059165,0.933324,0.012600,0.000000000,0.000000000,0.000000000,0.000950786,0.000796964,0.007295884,16.248000,0.000000000,0.000000000,,4.684015,4.273877,101.166280,,0.004787882,0,1,0,10,gPO_sBM_cAll_d10_mPO0_ch01;gPO_sBM_cAll_d11_mPO0_ch01;gPO_sBM_cAll_d11_mPO0_ch02;gPO_sBM_cAll_d10_mPO0_ch02;gPO_sBM_cAll_d12_mPO3_ch02;gHO_sBM_cAll_d20_mHO5_ch10;gHO_sBM_cAll_d21_mHO5_ch10;gHO_sBM_cAll_d20_mHO5_ch06;gHO_sBM_cAll_d21_mHO5_ch09;gHO_sBM_cAll_d21_mHO5_ch03,,43.564500,549.950200,53.140800,3477.906400,accepted,0.953843,,0.916079,0.252282779,31.496414,0.099925,HO,0.853652,0.005984,0.002782,JB3:0.677540;JB5:0.671556;JB1:0.657159;LO4:0.623434;WA4:0.613443,gHO_sBM_cAll_d20_mHO5_ch10:0.665635;gHO_sBM_cAll_d21_mHO5_ch10:0.662854;gHO_sBM_cAll_d20_mHO5_ch06:0.662745;gHO_sBM_cAll_d21_mHO5_ch09:0.661672;gHO_sBM_cAll_d21_mHO5_ch03:0.655093;gHO_sBM_cAll_d21_mHO5_ch05:0.647738;gHO_sBM_cAll_d20_mHO5_ch05:0.644538;gHO_sBM_cAll_d21_mHO5_ch02:0.644322;gHO_sBM_cAll_d20_mHO5_ch04:0.643680;gHO_sBM_cAll_d21_mHO5_ch04:0.641625,Electronic---Techno:0.295515;Electronic---Electro:0.214331;Electronic---Deep Techno:0.110386;Electronic---Synthwave:0.101876;Electronic---Ambient:0.099925,PO:v1:k0:r1,,JB3,0.677540,gHO_sBM_cAll_d20_mHO5_ch10,0.665635,120.967742
16.728000,16.758664700,,hermite,preparing,,6.217248937900877e-15,7.612957883143931e-14,4.495270369094512e-13,0,1.0,1,gPO_sBM_cAll_d12_mPO3_ch02,,,16.344000,gHO_sBM_cAll_d20_mHO5_ch10;gHO_sBM_cAll_d21_mHO5_ch10;gHO_sBM_cAll_d20_mHO5_ch06;gHO_sBM_cAll_d21_mHO5_ch09;gHO_sBM_cAll_d21_mHO5_ch03,13.451277,113,,,,0.748111850,0.216061185,0.000000,motion_end,0.216061185,0.077234,0.128347,0.034431,0.000000,0.087300,0.000000,4.270833,0.350000,beat-sync,1.171572,1.215278,,-0.000435227,0.046514243,right_wrist_yaw,3.515663506,right_wrist_yaw,0.046514243,right_wrist_yaw,3.072820856,right_wrist_yaw,-0.089004,0.052271,0.913874,0.076905,0.000000000,0.000000000,0.000000000,0.000950786,0.000796964,0.007295884,16.248000,0.000000000,0.000000000,,5.348656,4.559415,249.572353,,0.004892824,0,1,0,10,gPO_sBM_cAll_d10_mPO0_ch01;gPO_sBM_cAll_d11_mPO0_ch01;gPO_sBM_cAll_d11_mPO0_ch02;gPO_sBM_cAll_d10_mPO0_ch02;gPO_sBM_cAll_d12_mPO3_ch02;gHO_sBM_cAll_d20_mHO5_ch10;gHO_sBM_cAll_d21_mHO5_ch10;gHO_sBM_cAll_d20_mHO5_ch06;gHO_sBM_cAll_d21_mHO5_ch09;gHO_sBM_cAll_d21_mHO5_ch03,,43.564500,549.950200,53.140800,3477.906400,accepted,0.953843,,0.916079,0.252282779,31.496414,0.099925,HO,0.853652,0.005984,0.002782,JB3:0.677540;JB5:0.671556;JB1:0.657159;LO4:0.623434;WA4:0.613443,gHO_sBM_cAll_d20_mHO5_ch10:0.665635;gHO_sBM_cAll_d21_mHO5_ch10:0.662854;gHO_sBM_cAll_d20_mHO5_ch06:0.662745;gHO_sBM_cAll_d21_mHO5_ch09:0.661672;gHO_sBM_cAll_d21_mHO5_ch03:0.655093;gHO_sBM_cAll_d21_mHO5_ch05:0.647738;gHO_sBM_cAll_d20_mHO5_ch05:0.644538;gHO_sBM_cAll_d21_mHO5_ch02:0.644322;gHO_sBM_cAll_d20_mHO5_ch04:0.643680;gHO_sBM_cAll_d21_mHO5_ch04:0.641625,Electronic---Techno:0.295515;Electronic---Electro:0.214331;Electronic---Deep Techno:0.110386;Electronic---Synthwave:0.101876;Electronic---Ambient:0.099925,PO:v1:k0:r1,,JB3,0.677540,gHO_sBM_cAll_d20_mHO5_ch10,0.665635,120.967742
16.760000,16.807986700,,hermite,preparing,,6.217248937900877e-15,7.612957883143931e-14,4.495270369094512e-13,0,1.0,1,gPO_sBM_cAll_d12_mPO3_ch02,,,16.344000,gHO_sBM_cAll_d20_mHO5_ch10;gHO_sBM_cAll_d21_mHO5_ch10;gHO_sBM_cAll_d20_mHO5_ch06;gHO_sBM_cAll_d21_mHO5_ch09;gHO_sBM_cAll_d21_mHO5_ch03,13.451277,113,,,,0.754233634,0.216061185,0.000000,motion_end,0.216061185,0.077234,0.128347,0.034431,0.000000,0.087300,0.000000,4.270833,0.350000,beat-sync,1.178934,1.215278,,-0.000363036,0.211533818,right_wrist_yaw,12.037438581,right_wrist_yaw,0.211533818,right_wrist_yaw,5.710641597,right_wrist_yaw,-0.104015,0.064639,0.922259,0.005721,0.000000000,0.000000000,0.000000000,0.000950786,0.000796964,0.007295884,16.248000,0.000000000,0.000000000,,12.368821,11.192990,387.679082,,0.005018695,0,1,0,10,gPO_sBM_cAll_d10_mPO0_ch01;gPO_sBM_cAll_d11_mPO0_ch01;gPO_sBM_cAll_d11_mPO0_ch02;gPO_sBM_cAll_d10_mPO0_ch02;gPO_sBM_cAll_d12_mPO3_ch02;gHO_sBM_cAll_d20_mHO5_ch10;gHO_sBM_cAll_d21_mHO5_ch10;gHO_sBM_cAll_d20_mHO5_ch06;gHO_sBM_cAll_d21_mHO5_ch09;gHO_sBM_cAll_d21_mHO5_ch03,,43.564500,549.950200,53.140800,3477.906400,accepted,0.953843,,0.916079,0.252282779,31.496414,0.099925,HO,0.853652,0.005984,0.002782,JB3:0.677540;JB5:0.671556;JB1:0.657159;LO4:0.623434;WA4:0.613443,gHO_sBM_cAll_d20_mHO5_ch10:0.665635;gHO_sBM_cAll_d21_mHO5_ch10:0.662854;gHO_sBM_cAll_d20_mHO5_ch06:0.662745;gHO_sBM_cAll_d21_mHO5_ch09:0.661672;gHO_sBM_cAll_d21_mHO5_ch03:0.655093;gHO_sBM_cAll_d21_mHO5_ch05:0.647738;gHO_sBM_cAll_d20_mHO5_ch05:0.644538;gHO_sBM_cAll_d21_mHO5_ch02:0.644322;gHO_sBM_cAll_d20_mHO5_ch04:0.643680;gHO_sBM_cAll_d21_mHO5_ch04:0.641625,Electronic---Techno:0.295515;Electronic---Electro:0.214331;Electronic---Deep Techno:0.110386;Electronic---Synthwave:0.101876;Electronic---Ambient:0.099925,PO:v1:k0:r1,,JB3,0.677540,gHO_sBM_cAll_d20_mHO5_ch10,0.665635,120.967742
16.824000,16.851399400,,hermite,preparing,,6.217248937900877e-15,7.612957883143931e-14,4.495270369094512e-13,0,1.0,1,gPO_sBM_cAll_d12_mPO3_ch02,,,16.344000,gHO_sBM_cAll_d20_mHO5_ch10;gHO_sBM_cAll_d21_mHO5_ch10;gHO_sBM_cAll_d20_mHO5_ch06;gHO_sBM_cAll_d21_mHO5_ch09;gHO_sBM_cAll_d21_mHO5_ch03,13.451277,113,,,,0.760042566,0.216061185,0.000000,motion_end,0.216061185,0.077234,0.128347,0.034431,0.000000,0.087300,0.000000,4.270833,0.350000,beat-sync,1.087732,0.944010,,-0.005381083,0.239784381,right_wrist_yaw,7.843245917,left_wrist_yaw,0.239784381,right_wrist_yaw,3.796600892,left_wrist_yaw,-0.117144,0.079463,0.946002,-0.114557,0.000000000,0.000000000,0.000000000,0.000950786,0.000796964,0.007295884,16.792000,0.000000000,0.000000000,,14.188452,13.162048,331.704872,,0.005013863,0,1,0,10,gPO_sBM_cAll_d10_mPO0_ch01;gPO_sBM_cAll_d11_mPO0_ch01;gPO_sBM_cAll_d11_mPO0_ch02;gPO_sBM_cAll_d10_mPO0_ch02;gPO_sBM_cAll_d12_mPO3_ch02;gHO_sBM_cAll_d20_mHO5_ch10;gHO_sBM_cAll_d21_mHO5_ch10;gHO_sBM_cAll_d20_mHO5_ch06;gHO_sBM_cAll_d21_mHO5_ch09;gHO_sBM_cAll_d21_mHO5_ch03,,43.564500,549.950200,53.140800,3477.906400,accepted,0.953843,,0.916079,0.252282779,31.496414,0.099925,HO,0.853652,0.005984,0.002782,JB3:0.677540;JB5:0.671556;JB1:0.657159;LO4:0.623434;WA4:0.613443,gHO_sBM_cAll_d20_mHO5_ch10:0.665635;gHO_sBM_cAll_d21_mHO5_ch10:0.662854;gHO_sBM_cAll_d20_mHO5_ch06:0.662745;gHO_sBM_cAll_d21_mHO5_ch09:0.661672;gHO_sBM_cAll_d21_mHO5_ch03:0.655093;gHO_sBM_cAll_d21_mHO5_ch05:0.647738;gHO_sBM_cAll_d20_mHO5_ch05:0.644538;gHO_sBM_cAll_d21_mHO5_ch02:0.644322;gHO_sBM_cAll_d20_mHO5_ch04:0.643680;gHO_sBM_cAll_d21_mHO5_ch04:0.641625,Electronic---Techno:0.295515;Electronic---Electro:0.214331;Electronic---Deep Techno:0.110386;Electronic---Synthwave:0.101876;Electronic---Ambient:0.099925,PO:v1:k0:r1,,JB3,0.677540,gHO_sBM_cAll_d20_mHO5_ch10,0.665635,120.967742
16.856000,16.873148400,,hermite,preparing,,6.217248937900877e-15,7.612957883143931e-14,4.495270369094512e-13,0,1.0,1,gPO_sBM_cAll_d12_mPO3_ch02,,,16.344000,gHO_sBM_cAll_d20_mHO5_ch10;gHO_sBM_cAll_d21_mHO5_ch10;gHO_sBM_cAll_d20_mHO5_ch06;gHO_sBM_cAll_d21_mHO5_ch09;gHO_sBM_cAll_d21_mHO5_ch03,13.451277,113,,,,0.763308301,0.216061185,0.000000,motion_end,0.216061185,0.077234,0.128347,0.034431,0.000000,0.087300,0.000000,4.270833,0.350000,beat-sync,1.033293,0.944010,,-0.005126442,0.214446287,left_wrist_yaw,3.121712984,right_wrist_yaw,0.214446287,left_wrist_yaw,3.259484893,right_wrist_yaw,-0.127452,0.086786,0.961387,-0.144832,0.000000000,0.000000000,0.000000000,0.000950786,0.000796964,0.007295884,16.792000,0.000000000,0.000000000,,9.515341,8.231667,257.419263,,0.005009039,0,1,0,10,gPO_sBM_cAll_d10_mPO0_ch01;gPO_sBM_cAll_d11_mPO0_ch01;gPO_sBM_cAll_d11_mPO0_ch02;gPO_sBM_cAll_d10_mPO0_ch02;gPO_sBM_cAll_d12_mPO3_ch02;gHO_sBM_cAll_d20_mHO5_ch10;gHO_sBM_cAll_d21_mHO5_ch10;gHO_sBM_cAll_d20_mHO5_ch06;gHO_sBM_cAll_d21_mHO5_ch09;gHO_sBM_cAll_d21_mHO5_ch03,,43.564500,549.950200,53.140800,3477.906400,accepted,0.953843,,0.916079,0.252282779,31.496414,0.099925,HO,0.853652,0.005984,0.002782,JB3:0.677540;JB5:0.671556;JB1:0.657159;LO4:0.623434;WA4:0.613443,gHO_sBM_cAll_d20_mHO5_ch10:0.665635;gHO_sBM_cAll_d21_mHO5_ch10:0.662854;gHO_sBM_cAll_d20_mHO5_ch06:0.662745;gHO_sBM_cAll_d21_mHO5_ch09:0.661672;gHO_sBM_cAll_d21_mHO5_ch03:0.655093;gHO_sBM_cAll_d21_mHO5_ch05:0.647738;gHO_sBM_cAll_d20_mHO5_ch05:0.644538;gHO_sBM_cAll_d21_mHO5_ch02:0.644322;gHO_sBM_cAll_d20_mHO5_ch04:0.643680;gHO_sBM_cAll_d21_mHO5_ch04:0.641625,Electronic---Techno:0.295515;Electronic---Electro:0.214331;Electronic---Deep Techno:0.110386;Electronic---Synthwave:0.101876;Electronic---Ambient:0.099925,PO:v1:k0:r1,,JB3,0.677540,gHO_sBM_cAll_d20_mHO5_ch10,0.665635,120.967742
16.888000,16.931228500,beat_limiter_result,hermite,preparing,,6.217248937900877e-15,7.612957883143931e-14,4.495270369094512e-13,0,1.0,1,gPO_sBM_cAll_d12_mPO3_ch02,,,16.344000,gHO_sBM_cAll_d20_mHO5_ch10;gHO_sBM_cAll_d21_mHO5_ch10;gHO_sBM_cAll_d20_mHO5_ch06;gHO_sBM_cAll_d21_mHO5_ch09;gHO_sBM_cAll_d21_mHO5_ch03,13.451277,113,,,,0.769212562,0.216061185,0.000000,motion_end,0.216061185,0.077234,0.128347,0.034431,0.000000,0.087300,0.000000,4.270833,0.350000,beat-sync,0.930023,0.944010,,-0.004335433,0.226719747,left_wrist_yaw,0.062231764,right_wrist_roll,0.226719747,left_wrist_yaw,0.070291690,right_wrist_roll,-0.139925,0.099364,0.972075,-0.154567,0.000000000,0.000000000,0.000000000,0.000950786,0.000796964,0.007295884,16.792000,0.000000000,0.000000000,,0.103600,0.083491,167.376232,,0.005030115,0,1,0,10,gPO_sBM_cAll_d10_mPO0_ch01;gPO_sBM_cAll_d11_mPO0_ch01;gPO_sBM_cAll_d11_mPO0_ch02;gPO_sBM_cAll_d10_mPO0_ch02;gPO_sBM_cAll_d12_mPO3_ch02;gHO_sBM_cAll_d20_mHO5_ch10;gHO_sBM_cAll_d21_mHO5_ch10;gHO_sBM_cAll_d20_mHO5_ch06;gHO_sBM_cAll_d21_mHO5_ch09;gHO_sBM_cAll_d21_mHO5_ch03,,43.564500,549.950200,53.140800,3477.906400,accepted,0.953843,,0.916079,0.252282779,31.496414,0.099925,HO,0.853652,0.005984,0.002782,JB3:0.677540;JB5:0.671556;JB1:0.657159;LO4:0.623434;WA4:0.613443,gHO_sBM_cAll_d20_mHO5_ch10:0.665635;gHO_sBM_cAll_d21_mHO5_ch10:0.662854;gHO_sBM_cAll_d20_mHO5_ch06:0.662745;gHO_sBM_cAll_d21_mHO5_ch09:0.661672;gHO_sBM_cAll_d21_mHO5_ch03:0.655093;gHO_sBM_cAll_d21_mHO5_ch05:0.647738;gHO_sBM_cAll_d20_mHO5_ch05:0.644538;gHO_sBM_cAll_d21_mHO5_ch02:0.644322;gHO_sBM_cAll_d20_mHO5_ch04:0.643680;gHO_sBM_cAll_d21_mHO5_ch04:0.641625,Electronic---Techno:0.295515;Electronic---Electro:0.214331;Electronic---Deep Techno:0.110386;Electronic---Synthwave:0.101876;Electronic---Ambient:0.099925,PO:v1:k0:r1,,JB3,0.677540,gHO_sBM_cAll_d20_mHO5_ch10,0.665635,120.967742
16.920000,16.946887600,,hermite,preparing,,6.217248937900877e-15,7.612957883143931e-14,4.495270369094512e-13,0,1.0,1,gPO_sBM_cAll_d12_mPO3_ch02,,,16.344000,gHO_sBM_cAll_d20_mHO5_ch10;gHO_sBM_cAll_d21_mHO5_ch10;gHO_sBM_cAll_d20_mHO5_ch06;gHO_sBM_cAll_d21_mHO5_ch09;gHO_sBM_cAll_d21_mHO5_ch03,13.451277,113,,,,0.771025455,0.216061185,0.000000,motion_end,0.216061185,0.077234,0.128347,0.034431,0.000000,0.087300,0.000000,4.270833,0.350000,beat-sync,0.927201,0.944010,,-0.004049725,0.227336703,left_wrist_yaw,0.105426697,left_wrist_roll,0.227336703,left_wrist_yaw,0.069084603,left_wrist_roll,-0.144213,0.103835,0.971624,-0.146714,0.000000000,0.000000000,0.000000000,0.000950786,0.000796964,0.007295884,16.792000,0.000000000,0.000000000,,0.074205,0.065677,5.559604,,0.005027702,0,1,0,10,gPO_sBM_cAll_d10_mPO0_ch01;gPO_sBM_cAll_d11_mPO0_ch01;gPO_sBM_cAll_d11_mPO0_ch02;gPO_sBM_cAll_d10_mPO0_ch02;gPO_sBM_cAll_d12_mPO3_ch02;gHO_sBM_cAll_d20_mHO5_ch10;gHO_sBM_cAll_d21_mHO5_ch10;gHO_sBM_cAll_d20_mHO5_ch06;gHO_sBM_cAll_d21_mHO5_ch09;gHO_sBM_cAll_d21_mHO5_ch03,,43.564500,549.950200,53.140800,3477.906400,accepted,0.953843,,0.916079,0.252282779,31.496414,0.099925,HO,0.853652,0.005984,0.002782,JB3:0.677540;JB5:0.671556;JB1:0.657159;LO4:0.623434;WA4:0.613443,gHO_sBM_cAll_d20_mHO5_ch10:0.665635;gHO_sBM_cAll_d21_mHO5_ch10:0.662854;gHO_sBM_cAll_d20_mHO5_ch06:0.662745;gHO_sBM_cAll_d21_mHO5_ch09:0.661672;gHO_sBM_cAll_d21_mHO5_ch03:0.655093;gHO_sBM_cAll_d21_mHO5_ch05:0.647738;gHO_sBM_cAll_d20_mHO5_ch05:0.644538;gHO_sBM_cAll_d21_mHO5_ch02:0.644322;gHO_sBM_cAll_d20_mHO5_ch04:0.643680;gHO_sBM_cAll_d21_mHO5_ch04:0.641625,Electronic---Techno:0.295515;Electronic---Electro:0.214331;Electronic---Deep Techno:0.110386;Electronic---Synthwave:0.101876;Electronic---Ambient:0.099925,PO:v1:k0:r1,,JB3,0.677540,gHO_sBM_cAll_d20_mHO5_ch10,0.665635,120.967742
16.952000,16.970945200,,hermite,preparing,,6.217248937900877e-15,7.612957883143931e-14,4.495270369094512e-13,0,1.0,1,gPO_sBM_cAll_d12_mPO3_ch02,,,16.344000,gHO_sBM_cAll_d20_mHO5_ch10;gHO_sBM_cAll_d21_mHO5_ch10;gHO_sBM_cAll_d20_mHO5_ch06;gHO_sBM_cAll_d21_mHO5_ch09;gHO_sBM_cAll_d21_mHO5_ch03,13.451277,113,,,,0.773740549,0.216061185,0.000000,motion_end,0.216061185,0.077234,0.128347,0.034431,0.000000,0.087300,0.000000,4.270833,0.350000,beat-sync,0.929341,0.944010,,-0.003657585,0.228243257,left_wrist_yaw,0.054881830,right_wrist_roll,0.228243257,left_wrist_yaw,0.063502115,right_wrist_roll,-0.152688,0.112443,0.970548,-0.139118,0.000000000,0.000000000,0.000000000,0.000950786,0.000796964,0.007295884,16.792000,0.000000000,0.000000000,,0.074113,0.063724,7.522529,,0.005020478,0,1,0,10,gPO_sBM_cAll_d10_mPO0_ch01;gPO_sBM_cAll_d11_mPO0_ch01;gPO_sBM_cAll_d11_mPO0_ch02;gPO_sBM_cAll_d10_mPO0_ch02;gPO_sBM_cAll_d12_mPO3_ch02;gHO_sBM_cAll_d20_mHO5_ch10;gHO_sBM_cAll_d21_mHO5_ch10;gHO_sBM_cAll_d20_mHO5_ch06;gHO_sBM_cAll_d21_mHO5_ch09;gHO_sBM_cAll_d21_mHO5_ch03,,43.564500,549.950200,53.140800,3477.906400,accepted,0.953843,,0.916079,0.252282779,31.496414,0.099925,HO,0.853652,0.005984,0.002782,JB3:0.677540;JB5:0.671556;JB1:0.657159;LO4:0.623434;WA4:0.613443,gHO_sBM_cAll_d20_mHO5_ch10:0.665635;gHO_sBM_cAll_d21_mHO5_ch10:0.662854;gHO_sBM_cAll_d20_mHO5_ch06:0.662745;gHO_sBM_cAll_d21_mHO5_ch09:0.661672;gHO_sBM_cAll_d21_mHO5_ch03:0.655093;gHO_sBM_cAll_d21_mHO5_ch05:0.647738;gHO_sBM_cAll_d20_mHO5_ch05:0.644538;gHO_sBM_cAll_d21_mHO5_ch02:0.644322;gHO_sBM_cAll_d20_mHO5_ch04:0.643680;gHO_sBM_cAll_d21_mHO5_ch04:0.641625,Electronic---Techno:0.295515;Electronic---Electro:0.214331;Electronic---Deep Techno:0.110386;Electronic---Synthwave:0.101876;Electronic---Ambient:0.099925,PO:v1:k0:r1,,JB3,0.677540,gHO_sBM_cAll_d20_mHO5_ch10,0.665635,120.967742
17.016000,17.030564600,,hermite,preparing,,6.217248937900877e-15,7.612957883143931e-14,4.495270369094512e-13,0,1.0,1,gPO_sBM_cAll_d12_mPO3_ch02,,,16.344000,gHO_sBM_cAll_d20_mHO5_ch10;gHO_sBM_cAll_d21_mHO5_ch10;gHO_sBM_cAll_d20_mHO5_ch06;gHO_sBM_cAll_d21_mHO5_ch09;gHO_sBM_cAll_d21_mHO5_ch03,13.451277,113,,,,0.779981275,0.216061185,0.000000,motion_end,0.216061185,0.077234,0.128347,0.034431,0.000000,0.087300,0.000000,4.270833,0.350000,beat-sync,0.929774,0.944010,,-0.002893915,0.230291753,left_wrist_yaw,0.046631301,right_wrist_roll,0.230291753,left_wrist_yaw,0.051351082,right_wrist_roll,-0.167623,0.128758,0.958165,-0.085344,0.000000000,0.000000000,0.000000000,0.000950786,0.000796964,0.007295884,16.792000,0.000000000,0.000000000,,0.051351,0.036031,3.060546,,0.005006093,0,1,0,10,gPO_sBM_cAll_d10_mPO0_ch01;gPO_sBM_cAll_d11_mPO0_ch01;gPO_sBM_cAll_d11_mPO0_ch02;gPO_sBM_cAll_d10_mPO0_ch02;gPO_sBM_cAll_d12_mPO3_ch02;gHO_sBM_cAll_d20_mHO5_ch10;gHO_sBM_cAll_d21_mHO5_ch10;gHO_sBM_cAll_d20_mHO5_ch06;gHO_sBM_cAll_d21_mHO5_ch09;gHO_sBM_cAll_d21_mHO5_ch03,,43.564500,549.950200,53.140800,3477.906400,accepted,0.953843,,0.916079,0.252282779,31.496414,0.099925,HO,0.853652,0.005984,0.002782,JB3:0.677540;JB5:0.671556;JB1:0.657159;LO4:0.623434;WA4:0.613443,gHO_sBM_cAll_d20_mHO5_ch10:0.665635;gHO_sBM_cAll_d21_mHO5_ch10:0.662854;gHO_sBM_cAll_d20_mHO5_ch06:0.662745;gHO_sBM_cAll_d21_mHO5_ch09:0.661672;gHO_sBM_cAll_d21_mHO5_ch03:0.655093;gHO_sBM_cAll_d21_mHO5_ch05:0.647738;gHO_sBM_cAll_d20_mHO5_ch05:0.644538;gHO_sBM_cAll_d21_mHO5_ch02:0.644322;gHO_sBM_cAll_d20_mHO5_ch04:0.643680;gHO_sBM_cAll_d21_mHO5_ch04:0.641625,Electronic---Techno:0.295515;Electronic---Electro:0.214331;Electronic---Deep Techno:0.110386;Electronic---Synthwave:0.101876;Electronic---Ambient:0.099925,PO:v1:k0:r1,,JB3,0.677540,gHO_sBM_cAll_d20_mHO5_ch10,0.665635,120.967742
17.080000,17.095706000,,hermite,failed,Candidates and replay infeasible: Boundary state exceeds joint limits,6.217248937900877e-15,7.612957883143931e-14,4.495270369094512e-13,0,1.0,1,gPO_sBM_cAll_d12_mPO3_ch02,,,16.344000,gHO_sBM_cAll_d20_mHO5_ch10;gHO_sBM_cAll_d21_mHO5_ch10;gHO_sBM_cAll_d20_mHO5_ch06;gHO_sBM_cAll_d21_mHO5_ch09;gHO_sBM_cAll_d21_mHO5_ch03,13.451277,113,,,,0.787102420,0.216061185,0.000000,motion_end,0.216061185,0.077234,0.128347,0.034431,0.000000,0.087300,0.000000,4.270833,0.350000,beat-sync,0.930769,0.944010,,-0.002215927,0.232556471,left_wrist_yaw,0.042036839,right_wrist_roll,0.232556471,left_wrist_yaw,0.060254393,right_wrist_roll,-0.180755,0.150305,0.947709,0.040742,0.000000000,0.000000000,0.000000000,0.000950786,0.000796964,0.007295884,16.792000,0.000000000,0.000000000,,0.312392,0.206417,23.620671,,0.004987040,0,1,0,10,gPO_sBM_cAll_d10_mPO0_ch01;gPO_sBM_cAll_d11_mPO0_ch01;gPO_sBM_cAll_d11_mPO0_ch02;gPO_sBM_cAll_d10_mPO0_ch02;gPO_sBM_cAll_d12_mPO3_ch02;gHO_sBM_cAll_d20_mHO5_ch10;gHO_sBM_cAll_d21_mHO5_ch10;gHO_sBM_cAll_d20_mHO5_ch06;gHO_sBM_cAll_d21_mHO5_ch09;gHO_sBM_cAll_d21_mHO5_ch03,,43.564500,549.950200,53.140800,3477.906400,accepted,0.953843,,0.916079,0.252282779,31.496414,0.099925,HO,0.853652,0.005984,0.002782,JB3:0.677540;JB5:0.671556;JB1:0.657159;LO4:0.623434;WA4:0.613443,gHO_sBM_cAll_d20_mHO5_ch10:0.665635;gHO_sBM_cAll_d21_mHO5_ch10:0.662854;gHO_sBM_cAll_d20_mHO5_ch06:0.662745;gHO_sBM_cAll_d21_mHO5_ch09:0.661672;gHO_sBM_cAll_d21_mHO5_ch03:0.655093;gHO_sBM_cAll_d21_mHO5_ch05:0.647738;gHO_sBM_cAll_d20_mHO5_ch05:0.644538;gHO_sBM_cAll_d21_mHO5_ch02:0.644322;gHO_sBM_cAll_d20_mHO5_ch04:0.643680;gHO_sBM_cAll_d21_mHO5_ch04:0.641625,Electronic---Techno:0.295515;Electronic---Electro:0.214331;Electronic---Deep Techno:0.110386;Electronic---Synthwave:0.101876;Electronic---Ambient:0.099925,PO:v1:k0:r1,,JB3,0.677540,gHO_sBM_cAll_d20_mHO5_ch10,0.665635,120.967742
17.112000,17.117269800,,hermite,failed,Candidates and replay infeasible: Boundary state exceeds joint limits,6.217248937900877e-15,7.612957883143931e-14,4.495270369094512e-13,0,1.0,1,gPO_sBM_cAll_d12_mPO3_ch02,,,16.344000,gHO_sBM_cAll_d20_mHO5_ch10;gHO_sBM_cAll_d21_mHO5_ch10;gHO_sBM_cAll_d20_mHO5_ch06;gHO_sBM_cAll_d21_mHO5_ch09;gHO_sBM_cAll_d21_mHO5_ch03,13.451277,113,,,,0.789756820,0.216061185,0.000000,motion_end,0.216061185,0.077234,0.128347,0.034431,0.000000,0.087300,0.000000,4.270833,0.350000,beat-sync,0.931095,0.944010,,-0.002006223,0.233377283,left_wrist_yaw,0.046478870,right_wrist_roll,0.233377283,left_wrist_yaw,0.058751315,right_wrist_roll,-0.189489,0.162478,0.943531,0.142295,0.000000000,0.000000000,0.000000000,0.000950786,0.000796964,0.007295884,16.792000,0.000000000,0.000000000,,0.233007,0.221171,32.069604,,0.004979933,0,1,0,10,gPO_sBM_cAll_d10_mPO0_ch01;gPO_sBM_cAll_d11_mPO0_ch01;gPO_sBM_cAll_d11_mPO0_ch02;gPO_sBM_cAll_d10_mPO0_ch02;gPO_sBM_cAll_d12_mPO3_ch02;gHO_sBM_cAll_d20_mHO5_ch10;gHO_sBM_cAll_d21_mHO5_ch10;gHO_sBM_cAll_d20_mHO5_ch06;gHO_sBM_cAll_d21_mHO5_ch09;gHO_sBM_cAll_d21_mHO5_ch03,,43.564500,549.950200,53.140800,3477.906400,accepted,0.953843,,0.916079,0.252282779,31.496414,0.099925,HO,0.853652,0.005984,0.002782,JB3:0.677540;JB5:0.671556;JB1:0.657159;LO4:0.623434;WA4:0.613443,gHO_sBM_cAll_d20_mHO5_ch10:0.665635;gHO_sBM_cAll_d21_mHO5_ch10:0.662854;gHO_sBM_cAll_d20_mHO5_ch06:0.662745;gHO_sBM_cAll_d21_mHO5_ch09:0.661672;gHO_sBM_cAll_d21_mHO5_ch03:0.655093;gHO_sBM_cAll_d21_mHO5_ch05:0.647738;gHO_sBM_cAll_d20_mHO5_ch05:0.644538;gHO_sBM_cAll_d21_mHO5_ch02:0.644322;gHO_sBM_cAll_d20_mHO5_ch04:0.643680;gHO_sBM_cAll_d21_mHO5_ch04:0.641625,Electronic---Techno:0.295515;Electronic---Electro:0.214331;Electronic---Deep Techno:0.110386;Electronic---Synthwave:0.101876;Electronic---Ambient:0.099925,PO:v1:k0:r1,,JB3,0.677540,gHO_sBM_cAll_d20_mHO5_ch10,0.665635,120.967742
17.176000,17.188069800,,hermite,failed,Candidates and replay infeasible: Boundary state exceeds joint limits,6.217248937900877e-15,7.612957883143931e-14,4.495270369094512e-13,0,1.0,1,gPO_sBM_cAll_d12_mPO3_ch02,,,16.344000,gHO_sBM_cAll_d20_mHO5_ch10;gHO_sBM_cAll_d21_mHO5_ch10;gHO_sBM_cAll_d20_mHO5_ch06;gHO_sBM_cAll_d21_mHO5_ch09;gHO_sBM_cAll_d21_mHO5_ch03,13.451277,113,,,,0.796953061,0.216061185,0.000000,motion_end,0.216061185,0.077234,0.128347,0.034431,0.000000,0.087300,0.000000,4.270833,0.350000,beat-sync,0.932433,0.944010,,-0.001532649,0.235602694,left_wrist_yaw,0.054896469,left_wrist_roll,0.235602694,left_wrist_yaw,0.054570573,left_wrist_roll,-0.214516,0.196562,0.926032,0.343861,0.000000000,0.000000000,0.000000000,0.000950786,0.000796964,0.007295884,16.792000,0.000000000,0.000000000,,0.215096,0.158730,14.284022,,0.004961078,0,1,0,10,gPO_sBM_cAll_d10_mPO0_ch01;gPO_sBM_cAll_d11_mPO0_ch01;gPO_sBM_cAll_d11_mPO0_ch02;gPO_sBM_cAll_d10_mPO0_ch02;gPO_sBM_cAll_d12_mPO3_ch02;gHO_sBM_cAll_d20_mHO5_ch10;gHO_sBM_cAll_d21_mHO5_ch10;gHO_sBM_cAll_d20_mHO5_ch06;gHO_sBM_cAll_d21_mHO5_ch09;gHO_sBM_cAll_d21_mHO5_ch03,,43.564500,549.950200,53.140800,3477.906400,accepted,0.953843,,0.916079,0.252282779,31.496414,0.099925,HO,0.853652,0.005984,0.002782,JB3:0.677540;JB5:0.671556;JB1:0.657159;LO4:0.623434;WA4:0.613443,gHO_sBM_cAll_d20_mHO5_ch10:0.665635;gHO_sBM_cAll_d21_mHO5_ch10:0.662854;gHO_sBM_cAll_d20_mHO5_ch06:0.662745;gHO_sBM_cAll_d21_mHO5_ch09:0.661672;gHO_sBM_cAll_d21_mHO5_ch03:0.655093;gHO_sBM_cAll_d21_mHO5_ch05:0.647738;gHO_sBM_cAll_d20_mHO5_ch05:0.644538;gHO_sBM_cAll_d21_mHO5_ch02:0.644322;gHO_sBM_cAll_d20_mHO5_ch04:0.643680;gHO_sBM_cAll_d21_mHO5_ch04:0.641625,Electronic---Techno:0.295515;Electronic---Electro:0.214331;Electronic---Deep Techno:0.110386;Electronic---Synthwave:0.101876;Electronic---Ambient:0.099925,PO:v1:k0:r1,,JB3,0.677540,gHO_sBM_cAll_d20_mHO5_ch10,0.665635,120.967742
17.208000,17.227097600,,hermite,failed,Candidates and replay infeasible: Boundary state exceeds joint limits,6.217248937900877e-15,7.612957883143931e-14,4.495270369094512e-13,0,1.0,1,gPO_sBM_cAll_d12_mPO3_ch02,,,16.344000,gHO_sBM_cAll_d20_mHO5_ch10;gHO_sBM_cAll_d21_mHO5_ch10;gHO_sBM_cAll_d20_mHO5_ch06;gHO_sBM_cAll_d21_mHO5_ch09;gHO_sBM_cAll_d21_mHO5_ch03,13.451277,113,,,,0.801368555,0.216061185,0.000000,motion_end,0.216061185,0.077234,0.128347,0.034431,0.000000,0.087300,0.000000,4.270833,0.350000,beat-sync,0.933458,0.944010,,-0.001299533,0.236906303,left_wrist_yaw,0.049815617,left_wrist_roll,0.236906303,left_wrist_yaw,0.048439358,left_wrist_roll,-0.232103,0.213452,0.915141,0.475349,0.000000000,0.000000000,0.000000000,0.000950786,0.000796964,0.007295884,16.792000,0.000000000,0.000000000,,0.273238,0.246505,26.383672,,0.004949367,0,1,0,10,gPO_sBM_cAll_d10_mPO0_ch01;gPO_sBM_cAll_d11_mPO0_ch01;gPO_sBM_cAll_d11_mPO0_ch02;gPO_sBM_cAll_d10_mPO0_ch02;gPO_sBM_cAll_d12_mPO3_ch02;gHO_sBM_cAll_d20_mHO5_ch10;gHO_sBM_cAll_d21_mHO5_ch10;gHO_sBM_cAll_d20_mHO5_ch06;gHO_sBM_cAll_d21_mHO5_ch09;gHO_sBM_cAll_d21_mHO5_ch03,,43.564500,549.950200,53.140800,3477.906400,accepted,0.953843,,0.916079,0.252282779,31.496414,0.099925,HO,0.853652,0.005984,0.002782,JB3:0.677540;JB5:0.671556;JB1:0.657159;LO4:0.623434;WA4:0.613443,gHO_sBM_cAll_d20_mHO5_ch10:0.665635;gHO_sBM_cAll_d21_mHO5_ch10:0.662854;gHO_sBM_cAll_d20_mHO5_ch06:0.662745;gHO_sBM_cAll_d21_mHO5_ch09:0.661672;gHO_sBM_cAll_d21_mHO5_ch03:0.655093;gHO_sBM_cAll_d21_mHO5_ch05:0.647738;gHO_sBM_cAll_d20_mHO5_ch05:0.644538;gHO_sBM_cAll_d21_mHO5_ch02:0.644322;gHO_sBM_cAll_d20_mHO5_ch04:0.643680;gHO_sBM_cAll_d21_mHO5_ch04:0.641625,Electronic---Techno:0.295515;Electronic---Electro:0.214331;Electronic---Deep Techno:0.110386;Electronic---Synthwave:0.101876;Electronic---Ambient:0.099925,PO:v1:k0:r1,,JB3,0.677540,gHO_sBM_cAll_d20_mHO5_ch10,0.665635,120.967742
17.272000,17.295454000,,hermite,failed,Candidates and replay infeasible: Boundary state exceeds joint limits,6.217248937900877e-15,7.612957883143931e-14,4.495270369094512e-13,0,1.0,1,gPO_sBM_cAll_d12_mPO3_ch02,,,16.344000,gHO_sBM_cAll_d20_mHO5_ch10;gHO_sBM_cAll_d21_mHO5_ch10;gHO_sBM_cAll_d20_mHO5_ch06;gHO_sBM_cAll_d21_mHO5_ch09;gHO_sBM_cAll_d21_mHO5_ch03,13.451277,113,,,,0.808471417,0.216061185,0.000000,motion_end,0.216061185,0.077234,0.128347,0.034431,0.000000,0.087300,0.000000,4.270833,0.350000,beat-sync,0.935023,0.944010,,-0.000996943,0.238891726,left_wrist_yaw,0.039093004,right_wrist_roll,0.238891726,left_wrist_yaw,0.052123172,right_wrist_roll,-0.256400,0.234417,0.901663,0.565287,0.000000000,0.000000000,0.000000000,0.000950786,0.000796964,0.007295884,16.792000,0.000000000,0.000000000,,0.192769,0.167374,24.114745,,0.004930743,0,1,0,10,gPO_sBM_cAll_d10_mPO0_ch01;gPO_sBM_cAll_d11_mPO0_ch01;gPO_sBM_cAll_d11_mPO0_ch02;gPO_sBM_cAll_d10_mPO0_ch02;gPO_sBM_cAll_d12_mPO3_ch02;gHO_sBM_cAll_d20_mHO5_ch10;gHO_sBM_cAll_d21_mHO5_ch10;gHO_sBM_cAll_d20_mHO5_ch06;gHO_sBM_cAll_d21_mHO5_ch09;gHO_sBM_cAll_d21_mHO5_ch03,,43.564500,549.950200,53.140800,3477.906400,accepted,0.953843,,0.916079,0.252282779,31.496414,0.099925,HO,0.853652,0.005984,0.002782,JB3:0.677540;JB5:0.671556;JB1:0.657159;LO4:0.623434;WA4:0.613443,gHO_sBM_cAll_d20_mHO5_ch10:0.665635;gHO_sBM_cAll_d21_mHO5_ch10:0.662854;gHO_sBM_cAll_d20_mHO5_ch06:0.662745;gHO_sBM_cAll_d21_mHO5_ch09:0.661672;gHO_sBM_cAll_d21_mHO5_ch03:0.655093;gHO_sBM_cAll_d21_mHO5_ch05:0.647738;gHO_sBM_cAll_d20_mHO5_ch05:0.644538;gHO_sBM_cAll_d21_mHO5_ch02:0.644322;gHO_sBM_cAll_d20_mHO5_ch04:0.643680;gHO_sBM_cAll_d21_mHO5_ch04:0.641625,Electronic---Techno:0.295515;Electronic---Electro:0.214331;Electronic---Deep Techno:0.110386;Electronic---Synthwave:0.101876;Electronic---Ambient:0.099925,PO:v1:k0:r1,,JB3,0.677540,gHO_sBM_cAll_d20_mHO5_ch10,0.665635,120.967742
17.304000,17.325943000,,hermite,failed,Candidates and replay infeasible: Boundary state exceeds joint limits,6.217248937900877e-15,7.612957883143931e-14,4.495270369094512e-13,0,1.0,1,gPO_sBM_cAll_d12_mPO3_ch02,,,16.344000,gHO_sBM_cAll_d20_mHO5_ch10;gHO_sBM_cAll_d21_mHO5_ch10;gHO_sBM_cAll_d20_mHO5_ch06;gHO_sBM_cAll_d21_mHO5_ch09;gHO_sBM_cAll_d21_mHO5_ch03,13.451277,113,,,,0.812087534,0.216061185,0.000000,motion_end,0.216061185,0.077234,0.128347,0.034431,0.000000,0.087300,0.000000,4.270833,0.350000,beat-sync,0.951751,1.411290,,0.005124896,0.239835919,left_wrist_yaw,0.040518174,right_wrist_roll,0.239835919,left_wrist_yaw,0.058640405,right_wrist_roll,-0.267119,0.240961,0.903952,0.578982,0.000000000,0.000000000,0.000000000,0.000950786,0.000796964,0.007295884,17.304000,0.000000000,0.000000000,,0.124319,0.116895,20.037925,,0.004921483,0,1,0,10,gPO_sBM_cAll_d10_mPO0_ch01;gPO_sBM_cAll_d11_mPO0_ch01;gPO_sBM_cAll_d11_mPO0_ch02;gPO_sBM_cAll_d10_mPO0_ch02;gPO_sBM_cAll_d12_mPO3_ch02;gHO_sBM_cAll_d20_mHO5_ch10;gHO_sBM_cAll_d21_mHO5_ch10;gHO_sBM_cAll_d20_mHO5_ch06;gHO_sBM_cAll_d21_mHO5_ch09;gHO_sBM_cAll_d21_mHO5_ch03,,43.564500,549.950200,53.140800,3477.906400,accepted,0.953843,,0.916079,0.252282779,31.496414,0.099925,HO,0.853652,0.005984,0.002782,JB3:0.677540;JB5:0.671556;JB1:0.657159;LO4:0.623434;WA4:0.613443,gHO_sBM_cAll_d20_mHO5_ch10:0.665635;gHO_sBM_cAll_d21_mHO5_ch10:0.662854;gHO_sBM_cAll_d20_mHO5_ch06:0.662745;gHO_sBM_cAll_d21_mHO5_ch09:0.661672;gHO_sBM_cAll_d21_mHO5_ch03:0.655093;gHO_sBM_cAll_d21_mHO5_ch05:0.647738;gHO_sBM_cAll_d20_mHO5_ch05:0.644538;gHO_sBM_cAll_d21_mHO5_ch02:0.644322;gHO_sBM_cAll_d20_mHO5_ch04:0.643680;gHO_sBM_cAll_d21_mHO5_ch04:0.641625,Electronic---Techno:0.295515;Electronic---Electro:0.214331;Electronic---Deep Techno:0.110386;Electronic---Synthwave:0.101876;Electronic---Ambient:0.099925,PO:v1:k0:r1,,JB3,0.677540,gHO_sBM_cAll_d20_mHO5_ch10,0.665635,120.967742
17.368000,17.389949100,,hermite,failed,Candidates and replay infeasible: Boundary state exceeds joint limits,6.217248937900877e-15,7.612957883143931e-14,4.495270369094512e-13,0,1.0,1,gPO_sBM_cAll_d12_mPO3_ch02,,,16.344000,gHO_sBM_cAll_d20_mHO5_ch10;gHO_sBM_cAll_d21_mHO5_ch10;gHO_sBM_cAll_d20_mHO5_ch06;gHO_sBM_cAll_d21_mHO5_ch09;gHO_sBM_cAll_d21_mHO5_ch03,13.451277,113,,,,0.819107564,0.216061185,0.000000,motion_end,0.216061185,0.077234,0.128347,0.034431,0.000000,0.087300,0.000000,4.270833,0.350000,beat-sync,1.071697,1.411290,,0.005288882,0.241474741,left_wrist_yaw,0.039807376,right_wrist_roll,0.241474741,left_wrist_yaw,0.045218595,right_wrist_roll,-0.277320,0.253263,0.915973,0.564191,0.000000000,0.000000000,0.000000000,0.000950786,0.000796964,0.007295884,17.304000,0.000000000,0.000000000,,0.315419,0.270754,30.935598,,0.004905362,0,1,0,10,gPO_sBM_cAll_d10_mPO0_ch01;gPO_sBM_cAll_d11_mPO0_ch01;gPO_sBM_cAll_d11_mPO0_ch02;gPO_sBM_cAll_d10_mPO0_ch02;gPO_sBM_cAll_d12_mPO3_ch02;gHO_sBM_cAll_d20_mHO5_ch10;gHO_sBM_cAll_d21_mHO5_ch10;gHO_sBM_cAll_d20_mHO5_ch06;gHO_sBM_cAll_d21_mHO5_ch09;gHO_sBM_cAll_d21_mHO5_ch03,,43.564500,549.950200,53.140800,3477.906400,accepted,0.953843,,0.916079,0.252282779,31.496414,0.099925,HO,0.853652,0.005984,0.002782,JB3:0.677540;JB5:0.671556;JB1:0.657159;LO4:0.623434;WA4:0.613443,gHO_sBM_cAll_d20_mHO5_ch10:0.665635;gHO_sBM_cAll_d21_mHO5_ch10:0.662854;gHO_sBM_cAll_d20_mHO5_ch06:0.662745;gHO_sBM_cAll_d21_mHO5_ch09:0.661672;gHO_sBM_cAll_d21_mHO5_ch03:0.655093;gHO_sBM_cAll_d21_mHO5_ch05:0.647738;gHO_sBM_cAll_d20_mHO5_ch05:0.644538;gHO_sBM_cAll_d21_mHO5_ch02:0.644322;gHO_sBM_cAll_d20_mHO5_ch04:0.643680;gHO_sBM_cAll_d21_mHO5_ch04:0.641625,Electronic---Techno:0.295515;Electronic---Electro:0.214331;Electronic---Deep Techno:0.110386;Electronic---Synthwave:0.101876;Electronic---Ambient:0.099925,PO:v1:k0:r1,,JB3,0.677540,gHO_sBM_cAll_d20_mHO5_ch10,0.665635,120.967742
17.368000,17.395139400,beat_limiter_result,hermite,failed,Candidates and replay infeasible: Boundary state exceeds joint limits,6.217248937900877e-15,7.612957883143931e-14,4.495270369094512e-13,0,1.0,1,gPO_sBM_cAll_d12_mPO3_ch02,,,16.344000,gHO_sBM_cAll_d20_mHO5_ch10;gHO_sBM_cAll_d21_mHO5_ch10;gHO_sBM_cAll_d20_mHO5_ch06;gHO_sBM_cAll_d21_mHO5_ch09;gHO_sBM_cAll_d21_mHO5_ch03,13.451277,113,,,,0.819993664,0.216061185,0.000000,motion_end,0.216061185,0.077234,0.128347,0.034431,0.000000,0.087300,0.000000,4.270833,0.350000,beat-sync,1.085922,1.411290,,0.005297101,0.241677394,left_wrist_yaw,0.034740517,right_wrist_roll,0.241677394,left_wrist_yaw,0.059775419,right_wrist_roll,-0.277912,0.254315,0.917039,0.562384,0.000000000,0.000000000,0.000000000,0.000950786,0.000796964,0.007295884,17.304000,0.000000000,0.000000000,,0.059775,0.045081,41.128793,,0.004903068,0,1,0,10,gPO_sBM_cAll_d10_mPO0_ch01;gPO_sBM_cAll_d11_mPO0_ch01;gPO_sBM_cAll_d11_mPO0_ch02;gPO_sBM_cAll_d10_mPO0_ch02;gPO_sBM_cAll_d12_mPO3_ch02;gHO_sBM_cAll_d20_mHO5_ch10;gHO_sBM_cAll_d21_mHO5_ch10;gHO_sBM_cAll_d20_mHO5_ch06;gHO_sBM_cAll_d21_mHO5_ch09;gHO_sBM_cAll_d21_mHO5_ch03,,43.564500,549.950200,53.140800,3477.906400,accepted,0.953843,,0.916079,0.252282779,31.496414,0.099925,HO,0.853652,0.005984,0.002782,JB3:0.677540;JB5:0.671556;JB1:0.657159;LO4:0.623434;WA4:0.613443,gHO_sBM_cAll_d20_mHO5_ch10:0.665635;gHO_sBM_cAll_d21_mHO5_ch10:0.662854;gHO_sBM_cAll_d20_mHO5_ch06:0.662745;gHO_sBM_cAll_d21_mHO5_ch09:0.661672;gHO_sBM_cAll_d21_mHO5_ch03:0.655093;gHO_sBM_cAll_d21_mHO5_ch05:0.647738;gHO_sBM_cAll_d20_mHO5_ch05:0.644538;gHO_sBM_cAll_d21_mHO5_ch02:0.644322;gHO_sBM_cAll_d20_mHO5_ch04:0.643680;gHO_sBM_cAll_d21_mHO5_ch04:0.641625,Electronic---Techno:0.295515;Electronic---Electro:0.214331;Electronic---Deep Techno:0.110386;Electronic---Synthwave:0.101876;Electronic---Ambient:0.099925,PO:v1:k0:r1,,JB3,0.677540,gHO_sBM_cAll_d20_mHO5_ch10,0.665635,120.967742
17.400000,17.421025400,,hermite,failed,Candidates and replay infeasible: Boundary state exceeds joint limits,6.217248937900877e-15,7.612957883143931e-14,4.495270369094512e-13,0,1.0,1,gPO_sBM_cAll_d12_mPO3_ch02,,,16.344000,gHO_sBM_cAll_d20_mHO5_ch10;gHO_sBM_cAll_d21_mHO5_ch10;gHO_sBM_cAll_d20_mHO5_ch06;gHO_sBM_cAll_d21_mHO5_ch09;gHO_sBM_cAll_d21_mHO5_ch03,13.451277,113,,,,0.823356902,0.216061185,0.000000,motion_end,0.216061185,0.077234,0.128347,0.034431,0.000000,0.087300,0.000000,4.270833,0.350000,beat-sync,1.138234,1.411290,,0.005294344,0.242395740,left_wrist_yaw,0.036582801,right_wrist_roll,0.242395740,left_wrist_yaw,0.057607082,right_wrist_roll,-0.278444,0.256161,0.919508,0.567129,0.000000000,0.000000000,0.000000000,0.000950786,0.000796964,0.007295884,17.304000,0.000000000,0.000000000,,0.481896,0.388270,58.316677,,0.004896197,0,1,0,10,gPO_sBM_cAll_d10_mPO0_ch01;gPO_sBM_cAll_d11_mPO0_ch01;gPO_sBM_cAll_d11_mPO0_ch02;gPO_sBM_cAll_d10_mPO0_ch02;gPO_sBM_cAll_d12_mPO3_ch02;gHO_sBM_cAll_d20_mHO5_ch10;gHO_sBM_cAll_d21_mHO5_ch10;gHO_sBM_cAll_d20_mHO5_ch06;gHO_sBM_cAll_d21_mHO5_ch09;gHO_sBM_cAll_d21_mHO5_ch03,,43.564500,549.950200,53.140800,3477.906400,accepted,0.953843,,0.916079,0.252282779,31.496414,0.099925,HO,0.853652,0.005984,0.002782,JB3:0.677540;JB5:0.671556;JB1:0.657159;LO4:0.623434;WA4:0.613443,gHO_sBM_cAll_d20_mHO5_ch10:0.665635;gHO_sBM_cAll_d21_mHO5_ch10:0.662854;gHO_sBM_cAll_d20_mHO5_ch06:0.662745;gHO_sBM_cAll_d21_mHO5_ch09:0.661672;gHO_sBM_cAll_d21_mHO5_ch03:0.655093;gHO_sBM_cAll_d21_mHO5_ch05:0.647738;gHO_sBM_cAll_d20_mHO5_ch05:0.644538;gHO_sBM_cAll_d21_mHO5_ch02:0.644322;gHO_sBM_cAll_d20_mHO5_ch04:0.643680;gHO_sBM_cAll_d21_mHO5_ch04:0.641625,Electronic---Techno:0.295515;Electronic---Electro:0.214331;Electronic---Deep Techno:0.110386;Electronic---Synthwave:0.101876;Electronic---Ambient:0.099925,PO:v1:k0:r1,,JB3,0.677540,gHO_sBM_cAll_d20_mHO5_ch10,0.665635,120.967742
17.400000,17.428001300,,hermite,failed,Candidates and replay infeasible: Boundary state exceeds joint limits,6.217248937900877e-15,7.612957883143931e-14,4.495270369094512e-13,0,1.0,1,gPO_sBM_cAll_d12_mPO3_ch02,,,16.344000,gHO_sBM_cAll_d20_mHO5_ch10;gHO_sBM_cAll_d21_mHO5_ch10;gHO_sBM_cAll_d20_mHO5_ch06;gHO_sBM_cAll_d21_mHO5_ch09;gHO_sBM_cAll_d21_mHO5_ch03,13.451277,113,,,,0.824247216,0.216061185,0.000000,motion_end,0.216061185,0.077234,0.128347,0.034431,0.000000,0.087300,0.000000,4.270833,0.350000,beat-sync,1.151711,1.411290,,0.005285153,0.242586369,left_wrist_yaw,0.032679204,right_wrist_roll,0.242586369,left_wrist_yaw,0.048172985,right_wrist_roll,-0.278555,0.256435,0.920055,0.570077,0.000000000,0.000000000,0.000000000,0.000950786,0.000796964,0.007295884,17.304000,0.000000000,0.000000000,,0.048173,0.039865,56.012595,,0.004893912,0,1,0,10,gPO_sBM_cAll_d10_mPO0_ch01;gPO_sBM_cAll_d11_mPO0_ch01;gPO_sBM_cAll_d11_mPO0_ch02;gPO_sBM_cAll_d10_mPO0_ch02;gPO_sBM_cAll_d12_mPO3_ch02;gHO_sBM_cAll_d20_mHO5_ch10;gHO_sBM_cAll_d21_mHO5_ch10;gHO_sBM_cAll_d20_mHO5_ch06;gHO_sBM_cAll_d21_mHO5_ch09;gHO_sBM_cAll_d21_mHO5_ch03,,43.564500,549.950200,53.140800,3477.906400,accepted,0.953843,,0.916079,0.252282779,31.496414,0.099925,HO,0.853652,0.005984,0.002782,JB3:0.677540;JB5:0.671556;JB1:0.657159;LO4:0.623434;WA4:0.613443,gHO_sBM_cAll_d20_mHO5_ch10:0.665635;gHO_sBM_cAll_d21_mHO5_ch10:0.662854;gHO_sBM_cAll_d20_mHO5_ch06:0.662745;gHO_sBM_cAll_d21_mHO5_ch09:0.661672;gHO_sBM_cAll_d21_mHO5_ch03:0.655093;gHO_sBM_cAll_d21_mHO5_ch05:0.647738;gHO_sBM_cAll_d20_mHO5_ch05:0.644538;gHO_sBM_cAll_d21_mHO5_ch02:0.644322;gHO_sBM_cAll_d20_mHO5_ch04:0.643680;gHO_sBM_cAll_d21_mHO5_ch04:0.641625,Electronic---Techno:0.295515;Electronic---Electro:0.214331;Electronic---Deep Techno:0.110386;Electronic---Synthwave:0.101876;Electronic---Ambient:0.099925,PO:v1:k0:r1,,JB3,0.677540,gHO_sBM_cAll_d20_mHO5_ch10,0.665635,120.967742
17.400000,17.437622100,,hermite,failed,Candidates and replay infeasible: Boundary state exceeds joint limits,6.217248937900877e-15,7.612957883143931e-14,4.495270369094512e-13,0,1.0,1,gPO_sBM_cAll_d12_mPO3_ch02,,,16.344000,gHO_sBM_cAll_d20_mHO5_ch10;gHO_sBM_cAll_d21_mHO5_ch10;gHO_sBM_cAll_d20_mHO5_ch06;gHO_sBM_cAll_d21_mHO5_ch09;gHO_sBM_cAll_d21_mHO5_ch03,13.451277,113,,,,0.825468331,0.216061185,0.000000,motion_end,0.216061185,0.077234,0.128347,0.034431,0.000000,0.087300,0.000000,4.270833,0.350000,beat-sync,1.169907,1.411290,,0.005265245,0.242843371,left_wrist_yaw,0.044057425,left_wrist_roll,0.242843371,left_wrist_yaw,0.047098883,left_wrist_roll,-0.278453,0.256418,0.920386,0.571536,0.000000000,0.000000000,0.000000000,0.000950786,0.000796964,0.007295884,17.304000,0.000000000,0.000000000,,0.047099,0.037589,0.233013,,0.004891628,0,1,0,10,gPO_sBM_cAll_d10_mPO0_ch01;gPO_sBM_cAll_d11_mPO0_ch01;gPO_sBM_cAll_d11_mPO0_ch02;gPO_sBM_cAll_d10_mPO0_ch02;gPO_sBM_cAll_d12_mPO3_ch02;gHO_sBM_cAll_d20_mHO5_ch10;gHO_sBM_cAll_d21_mHO5_ch10;gHO_sBM_cAll_d20_mHO5_ch06;gHO_sBM_cAll_d21_mHO5_ch09;gHO_sBM_cAll_d21_mHO5_ch03,,43.564500,549.950200,53.140800,3477.906400,accepted,0.953843,,0.916079,0.252282779,31.496414,0.099925,HO,0.853652,0.005984,0.002782,JB3:0.677540;JB5:0.671556;JB1:0.657159;LO4:0.623434;WA4:0.613443,gHO_sBM_cAll_d20_mHO5_ch10:0.665635;gHO_sBM_cAll_d21_mHO5_ch10:0.662854;gHO_sBM_cAll_d20_mHO5_ch06:0.662745;gHO_sBM_cAll_d21_mHO5_ch09:0.661672;gHO_sBM_cAll_d21_mHO5_ch03:0.655093;gHO_sBM_cAll_d21_mHO5_ch05:0.647738;gHO_sBM_cAll_d20_mHO5_ch05:0.644538;gHO_sBM_cAll_d21_mHO5_ch02:0.644322;gHO_sBM_cAll_d20_mHO5_ch04:0.643680;gHO_sBM_cAll_d21_mHO5_ch04:0.641625,Electronic---Techno:0.295515;Electronic---Electro:0.214331;Electronic---Deep Techno:0.110386;Electronic---Synthwave:0.101876;Electronic---Ambient:0.099925,PO:v1:k0:r1,,JB3,0.677540,gHO_sBM_cAll_d20_mHO5_ch10,0.665635,120.967742
17.400000,17.448603600,,hermite,failed,Candidates and replay infeasible: Boundary state exceeds joint limits,6.217248937900877e-15,7.612957883143931e-14,4.495270369094512e-13,0,1.0,1,gPO_sBM_cAll_d12_mPO3_ch02,,,16.344000,gHO_sBM_cAll_d20_mHO5_ch10;gHO_sBM_cAll_d21_mHO5_ch10;gHO_sBM_cAll_d20_mHO5_ch06;gHO_sBM_cAll_d21_mHO5_ch09;gHO_sBM_cAll_d21_mHO5_ch03,13.451277,113,,,,0.826653907,0.216061185,0.000000,motion_end,0.216061185,0.077234,0.128347,0.034431,0.000000,0.087300,0.000000,4.270833,0.350000,beat-sync,1.187315,1.411290,,0.005238921,0.243070437,left_wrist_yaw,0.038925599,right_wrist_roll,0.243070437,left_wrist_yaw,0.033412990,right_wrist_roll,-0.278053,0.256319,0.920337,0.576976,0.000000000,0.000000000,0.000000000,0.000950786,0.000796964,0.007295884,17.304000,0.000000000,0.000000000,,0.148654,0.131603,11.501274,,0.004889346,0,1,0,10,gPO_sBM_cAll_d10_mPO0_ch01;gPO_sBM_cAll_d11_mPO0_ch01;gPO_sBM_cAll_d11_mPO0_ch02;gPO_sBM_cAll_d10_mPO0_ch02;gPO_sBM_cAll_d12_mPO3_ch02;gHO_sBM_cAll_d20_mHO5_ch10;gHO_sBM_cAll_d21_mHO5_ch10;gHO_sBM_cAll_d20_mHO5_ch06;gHO_sBM_cAll_d21_mHO5_ch09;gHO_sBM_cAll_d21_mHO5_ch03,,43.564500,549.950200,53.140800,3477.906400,accepted,0.953843,,0.916079,0.252282779,31.496414,0.099925,HO,0.853652,0.005984,0.002782,JB3:0.677540;JB5:0.671556;JB1:0.657159;LO4:0.623434;WA4:0.613443,gHO_sBM_cAll_d20_mHO5_ch10:0.665635;gHO_sBM_cAll_d21_mHO5_ch10:0.662854;gHO_sBM_cAll_d20_mHO5_ch06:0.662745;gHO_sBM_cAll_d21_mHO5_ch09:0.661672;gHO_sBM_cAll_d21_mHO5_ch03:0.655093;gHO_sBM_cAll_d21_mHO5_ch05:0.647738;gHO_sBM_cAll_d20_mHO5_ch05:0.644538;gHO_sBM_cAll_d21_mHO5_ch02:0.644322;gHO_sBM_cAll_d20_mHO5_ch04:0.643680;gHO_sBM_cAll_d21_mHO5_ch04:0.641625,Electronic---Techno:0.295515;Electronic---Electro:0.214331;Electronic---Deep Techno:0.110386;Electronic---Synthwave:0.101876;Electronic---Ambient:0.099925,PO:v1:k0:r1,,JB3,0.677540,gHO_sBM_cAll_d20_mHO5_ch10,0.665635,120.967742
17.432000,17.454045200,,hermite,failed,Candidates and replay infeasible: Boundary state exceeds joint limits,6.217248937900877e-15,7.612957883143931e-14,4.495270369094512e-13,0,1.0,1,gPO_sBM_cAll_d12_mPO3_ch02,,,16.344000,gHO_sBM_cAll_d20_mHO5_ch10;gHO_sBM_cAll_d21_mHO5_ch10;gHO_sBM_cAll_d20_mHO5_ch06;gHO_sBM_cAll_d21_mHO5_ch09;gHO_sBM_cAll_d21_mHO5_ch03,13.451277,113,,,,0.827806855,0.216061185,0.000000,motion_end,0.216061185,0.077234,0.128347,0.034431,0.000000,0.087300,0.000000,4.270833,0.350000,beat-sync,1.204009,1.411290,,0.005206631,0.243303304,left_wrist_yaw,0.039920033,right_wrist_roll,0.243303304,left_wrist_yaw,0.079532117,right_wrist_roll,-0.277423,0.256156,0.919994,0.585476,0.000000000,0.000000000,0.000000000,0.000950786,0.000796964,0.007295884,17.304000,0.000000000,0.000000000,,0.079532,0.061488,22.722841,,0.004887067,0,1,0,10,gPO_sBM_cAll_d10_mPO0_ch01;gPO_sBM_cAll_d11_mPO0_ch01;gPO_sBM_cAll_d11_mPO0_ch02;gPO_sBM_cAll_d10_mPO0_ch02;gPO_sBM_cAll_d12_mPO3_ch02;gHO_sBM_cAll_d20_mHO5_ch10;gHO_sBM_cAll_d21_mHO5_ch10;gHO_sBM_cAll_d20_mHO5_ch06;gHO_sBM_cAll_d21_mHO5_ch09;gHO_sBM_cAll_d21_mHO5_ch03,,43.564500,549.950200,53.140800,3477.906400,accepted,0.953843,,0.916079,0.252282779,31.496414,0.099925,HO,0.853652,0.005984,0.002782,JB3:0.677540;JB5:0.671556;JB1:0.657159;LO4:0.623434;WA4:0.613443,gHO_sBM_cAll_d20_mHO5_ch10:0.665635;gHO_sBM_cAll_d21_mHO5_ch10:0.662854;gHO_sBM_cAll_d20_mHO5_ch06:0.662745;gHO_sBM_cAll_d21_mHO5_ch09:0.661672;gHO_sBM_cAll_d21_mHO5_ch03:0.655093;gHO_sBM_cAll_d21_mHO5_ch05:0.647738;gHO_sBM_cAll_d20_mHO5_ch05:0.644538;gHO_sBM_cAll_d21_mHO5_ch02:0.644322;gHO_sBM_cAll_d20_mHO5_ch04:0.643680;gHO_sBM_cAll_d21_mHO5_ch04:0.641625,Electronic---Techno:0.295515;Electronic---Electro:0.214331;Electronic---Deep Techno:0.110386;Electronic---Synthwave:0.101876;Electronic---Ambient:0.099925,PO:v1:k0:r1,,JB3,0.677540,gHO_sBM_cAll_d20_mHO5_ch10,0.665635,120.967742
17.464000,17.479828100,,hermite,failed,Candidates and replay infeasible: Boundary state exceeds joint limits,6.217248937900877e-15,7.612957883143931e-14,4.495270369094512e-13,0,1.0,1,gPO_sBM_cAll_d12_mPO3_ch02,,,16.344000,gHO_sBM_cAll_d20_mHO5_ch10;gHO_sBM_cAll_d21_mHO5_ch10;gHO_sBM_cAll_d20_mHO5_ch06;gHO_sBM_cAll_d21_mHO5_ch09;gHO_sBM_cAll_d21_mHO5_ch03,13.451277,113,,,,0.831157047,0.216061185,0.000000,motion_end,0.216061185,0.077234,0.128347,0.034431,0.000000,0.087300,0.000000,4.270833,0.350000,beat-sync,1.251276,1.411290,,0.005074616,0.243932653,left_wrist_yaw,0.029534908,right_wrist_roll,0.243932653,left_wrist_yaw,0.035505003,right_wrist_roll,-0.274477,0.255515,0.917548,0.623247,0.000000000,0.000000000,0.000000000,0.000950786,0.000796964,0.007295884,17.304000,0.000000000,0.000000000,,0.145563,0.124079,14.459936,,0.004880241,0,1,0,10,gPO_sBM_cAll_d10_mPO0_ch01;gPO_sBM_cAll_d11_mPO0_ch01;gPO_sBM_cAll_d11_mPO0_ch02;gPO_sBM_cAll_d10_mPO0_ch02;gPO_sBM_cAll_d12_mPO3_ch02;gHO_sBM_cAll_d20_mHO5_ch10;gHO_sBM_cAll_d21_mHO5_ch10;gHO_sBM_cAll_d20_mHO5_ch06;gHO_sBM_cAll_d21_mHO5_ch09;gHO_sBM_cAll_d21_mHO5_ch03,,43.564500,549.950200,53.140800,3477.906400,accepted,0.953843,,0.916079,0.252282779,31.496414,0.099925,HO,0.853652,0.005984,0.002782,JB3:0.677540;JB5:0.671556;JB1:0.657159;LO4:0.623434;WA4:0.613443,gHO_sBM_cAll_d20_mHO5_ch10:0.665635;gHO_sBM_cAll_d21_mHO5_ch10:0.662854;gHO_sBM_cAll_d20_mHO5_ch06:0.662745;gHO_sBM_cAll_d21_mHO5_ch09:0.661672;gHO_sBM_cAll_d21_mHO5_ch03:0.655093;gHO_sBM_cAll_d21_mHO5_ch05:0.647738;gHO_sBM_cAll_d20_mHO5_ch05:0.644538;gHO_sBM_cAll_d21_mHO5_ch02:0.644322;gHO_sBM_cAll_d20_mHO5_ch04:0.643680;gHO_sBM_cAll_d21_mHO5_ch04:0.641625,Electronic---Techno:0.295515;Electronic---Electro:0.214331;Electronic---Deep Techno:0.110386;Electronic---Synthwave:0.101876;Electronic---Ambient:0.099925,PO:v1:k0:r1,,JB3,0.677540,gHO_sBM_cAll_d20_mHO5_ch10,0.665635,120.967742
17.528000,17.546172800,,hermite,failed,Candidates and replay infeasible: Boundary state exceeds joint limits,6.217248937900877e-15,7.612957883143931e-14,4.495270369094512e-13,0,1.0,1,gPO_sBM_cAll_d12_mPO3_ch02,,,16.344000,gHO_sBM_cAll_d20_mHO5_ch10;gHO_sBM_cAll_d21_mHO5_ch10;gHO_sBM_cAll_d20_mHO5_ch06;gHO_sBM_cAll_d21_mHO5_ch09;gHO_sBM_cAll_d21_mHO5_ch03,13.451277,113,,,,0.841342220,0.216061185,0.000000,motion_end,0.216061185,0.077234,0.128347,0.034431,0.000000,0.087300,0.000000,4.270833,0.350000,beat-sync,1.385120,1.411290,,0.004320115,0.238274062,left_wrist_yaw,0.069971570,left_wrist_roll,0.238274062,left_wrist_yaw,0.109736603,left_wrist_roll,-0.263225,0.257644,0.902637,0.849435,0.000000000,0.000000000,0.000000000,0.000950786,0.000796964,0.007295884,17.304000,0.000000000,0.000000000,,0.109737,0.084597,20.456340,,0.004862133,0,1,0,10,gPO_sBM_cAll_d10_mPO0_ch01;gPO_sBM_cAll_d11_mPO0_ch01;gPO_sBM_cAll_d11_mPO0_ch02;gPO_sBM_cAll_d10_mPO0_ch02;gPO_sBM_cAll_d12_mPO3_ch02;gHO_sBM_cAll_d20_mHO5_ch10;gHO_sBM_cAll_d21_mHO5_ch10;gHO_sBM_cAll_d20_mHO5_ch06;gHO_sBM_cAll_d21_mHO5_ch09;gHO_sBM_cAll_d21_mHO5_ch03,,43.564500,549.950200,53.140800,3477.906400,accepted,0.953843,,0.916079,0.252282779,31.496414,0.099925,HO,0.853652,0.005984,0.002782,JB3:0.677540;JB5:0.671556;JB1:0.657159;LO4:0.623434;WA4:0.613443,gHO_sBM_cAll_d20_mHO5_ch10:0.665635;gHO_sBM_cAll_d21_mHO5_ch10:0.662854;gHO_sBM_cAll_d20_mHO5_ch06:0.662745;gHO_sBM_cAll_d21_mHO5_ch09:0.661672;gHO_sBM_cAll_d21_mHO5_ch03:0.655093;gHO_sBM_cAll_d21_mHO5_ch05:0.647738;gHO_sBM_cAll_d20_mHO5_ch05:0.644538;gHO_sBM_cAll_d21_mHO5_ch02:0.644322;gHO_sBM_cAll_d20_mHO5_ch04:0.643680;gHO_sBM_cAll_d21_mHO5_ch04:0.641625,Electronic---Techno:0.295515;Electronic---Electro:0.214331;Electronic---Deep Techno:0.110386;Electronic---Synthwave:0.101876;Electronic---Ambient:0.099925,PO:v1:k0:r1,,JB3,0.677540,gHO_sBM_cAll_d20_mHO5_ch10,0.665635,120.967742
17.560000,17.570585600,,hermite,failed,Candidates and replay infeasible: Boundary state exceeds joint limits,6.217248937900877e-15,7.612957883143931e-14,4.495270369094512e-13,0,1.0,1,gPO_sBM_cAll_d12_mPO3_ch02,,,16.344000,gHO_sBM_cAll_d20_mHO5_ch10;gHO_sBM_cAll_d21_mHO5_ch10;gHO_sBM_cAll_d20_mHO5_ch06;gHO_sBM_cAll_d21_mHO5_ch09;gHO_sBM_cAll_d21_mHO5_ch03,13.451277,113,,,,0.845500274,0.216061185,0.000000,motion_end,0.216061185,0.077234,0.128347,0.034431,0.000000,0.087300,0.000000,4.270833,0.350000,beat-sync,1.409870,1.411290,,0.003899343,0.223656796,right_wrist_yaw,20.679533934,right_wrist_roll,0.223656796,right_wrist_yaw,14.831566083,right_wrist_roll,-0.260962,0.254526,0.903423,1.008890,0.000000000,0.000000000,0.000000000,0.000950786,0.000796964,0.007295884,17.304000,0.000000000,0.000000000,,14.831566,12.951161,1037.672091,,0.004857627,0,1,0,10,gPO_sBM_cAll_d10_mPO0_ch01;gPO_sBM_cAll_d11_mPO0_ch01;gPO_sBM_cAll_d11_mPO0_ch02;gPO_sBM_cAll_d10_mPO0_ch02;gPO_sBM_cAll_d12_mPO3_ch02;gHO_sBM_cAll_d20_mHO5_ch10;gHO_sBM_cAll_d21_mHO5_ch10;gHO_sBM_cAll_d20_mHO5_ch06;gHO_sBM_cAll_d21_mHO5_ch09;gHO_sBM_cAll_d21_mHO5_ch03,,43.564500,549.950200,53.140800,3477.906400,accepted,0.953843,,0.916079,0.252282779,31.496414,0.099925,HO,0.853652,0.005984,0.002782,JB3:0.677540;JB5:0.671556;JB1:0.657159;LO4:0.623434;WA4:0.613443,gHO_sBM_cAll_d20_mHO5_ch10:0.665635;gHO_sBM_cAll_d21_mHO5_ch10:0.662854;gHO_sBM_cAll_d20_mHO5_ch06:0.662745;gHO_sBM_cAll_d21_mHO5_ch09:0.661672;gHO_sBM_cAll_d21_mHO5_ch03:0.655093;gHO_sBM_cAll_d21_mHO5_ch05:0.647738;gHO_sBM_cAll_d20_mHO5_ch05:0.644538;gHO_sBM_cAll_d21_mHO5_ch02:0.644322;gHO_sBM_cAll_d20_mHO5_ch04:0.643680;gHO_sBM_cAll_d21_mHO5_ch04:0.641625,Electronic---Techno:0.295515;Electronic---Electro:0.214331;Electronic---Deep Techno:0.110386;Electronic---Synthwave:0.101876;Electronic---Ambient:0.099925,PO:v1:k0:r1,,JB3,0.677540,gHO_sBM_cAll_d20_mHO5_ch10,0.665635,120.967742
17.624000,17.630198500,,hermite,failed,Candidates and replay infeasible: Boundary state exceeds joint limits,6.217248937900877e-15,7.612957883143931e-14,4.495270369094512e-13,1,1.0,1,gPO_sBM_cAll_d12_mPO3_ch02,,,16.344000,gHO_sBM_cAll_d20_mHO5_ch10;gHO_sBM_cAll_d21_mHO5_ch10;gHO_sBM_cAll_d20_mHO5_ch06;gHO_sBM_cAll_d21_mHO5_ch09;gHO_sBM_cAll_d21_mHO5_ch03,13.451277,113,,,,0.855176790,0.216061185,0.000000,motion_end,0.216061185,0.077234,0.128347,0.034431,0.000000,0.087300,0.000000,4.270833,0.350000,beat-sync,1.412483,1.411290,,0.003069761,0.307338108,left_wrist_yaw,12.405983151,right_wrist_yaw,0.307338108,left_wrist_yaw,14.809356173,right_wrist_yaw,-0.245054,0.245630,0.904518,1.312132,0.000000000,0.000000000,0.000000000,0.000950786,0.000796964,0.007295884,17.304000,0.000000000,0.000000000,,19.427868,13.740123,1251.835947,left_shoulder_pitch;left_shoulder_roll;left_shoulder_yaw;right_elbow;right_shoulder_pitch,0.005654217,0,1,0,10,gPO_sBM_cAll_d10_mPO0_ch01;gPO_sBM_cAll_d11_mPO0_ch01;gPO_sBM_cAll_d11_mPO0_ch02;gPO_sBM_cAll_d10_mPO0_ch02;gPO_sBM_cAll_d12_mPO3_ch02;gHO_sBM_cAll_d20_mHO5_ch10;gHO_sBM_cAll_d21_mHO5_ch10;gHO_sBM_cAll_d20_mHO5_ch06;gHO_sBM_cAll_d21_mHO5_ch09;gHO_sBM_cAll_d21_mHO5_ch03,,43.564500,549.950200,53.140800,3477.906400,accepted,0.953843,,0.916079,0.252282779,31.496414,0.099925,HO,0.853652,0.005984,0.002782,JB3:0.677540;JB5:0.671556;JB1:0.657159;LO4:0.623434;WA4:0.613443,gHO_sBM_cAll_d20_mHO5_ch10:0.665635;gHO_sBM_cAll_d21_mHO5_ch10:0.662854;gHO_sBM_cAll_d20_mHO5_ch06:0.662745;gHO_sBM_cAll_d21_mHO5_ch09:0.661672;gHO_sBM_cAll_d21_mHO5_ch03:0.655093;gHO_sBM_cAll_d21_mHO5_ch05:0.647738;gHO_sBM_cAll_d20_mHO5_ch05:0.644538;gHO_sBM_cAll_d21_mHO5_ch02:0.644322;gHO_sBM_cAll_d20_mHO5_ch04:0.643680;gHO_sBM_cAll_d21_mHO5_ch04:0.641625,Electronic---Techno:0.295515;Electronic---Electro:0.214331;Electronic---Deep Techno:0.110386;Electronic---Synthwave:0.101876;Electronic---Ambient:0.099925,PO:v1:k0:r1,,JB3,0.677540,gHO_sBM_cAll_d20_mHO5_ch10,0.665635,120.967742
17.656000,17.662497200,,hermite,failed,Candidates and replay infeasible: Boundary state exceeds joint limits,6.217248937900877e-15,7.612957883143931e-14,4.495270369094512e-13,1,1.0,1,gPO_sBM_cAll_d12_mPO3_ch02,,,16.344000,gHO_sBM_cAll_d20_mHO5_ch10;gHO_sBM_cAll_d21_mHO5_ch10;gHO_sBM_cAll_d20_mHO5_ch06;gHO_sBM_cAll_d21_mHO5_ch09;gHO_sBM_cAll_d21_mHO5_ch03,13.451277,113,,,,0.860268441,0.216061185,0.000000,motion_end,0.216061185,0.077234,0.128347,0.034431,0.000000,0.087300,0.000000,4.270833,0.350000,beat-sync,1.413634,1.411290,,0.002707317,0.292590785,right_wrist_yaw,1.849923652,right_wrist_roll,0.292590785,right_wrist_yaw,1.893605340,right_wrist_roll,-0.234696,0.240135,0.902515,1.383970,0.000000000,0.000000000,0.000000000,0.000950786,0.000796964,0.007295884,17.304000,0.000000000,0.000000000,,20.591928,13.662573,1131.781161,,0.005755075,0,1,0,10,gPO_sBM_cAll_d10_mPO0_ch01;gPO_sBM_cAll_d11_mPO0_ch01;gPO_sBM_cAll_d11_mPO0_ch02;gPO_sBM_cAll_d10_mPO0_ch02;gPO_sBM_cAll_d12_mPO3_ch02;gHO_sBM_cAll_d20_mHO5_ch10;gHO_sBM_cAll_d21_mHO5_ch10;gHO_sBM_cAll_d20_mHO5_ch06;gHO_sBM_cAll_d21_mHO5_ch09;gHO_sBM_cAll_d21_mHO5_ch03,,43.564500,549.950200,53.140800,3477.906400,accepted,0.953843,,0.916079,0.252282779,31.496414,0.099925,HO,0.853652,0.005984,0.002782,JB3:0.677540;JB5:0.671556;JB1:0.657159;LO4:0.623434;WA4:0.613443,gHO_sBM_cAll_d20_mHO5_ch10:0.665635;gHO_sBM_cAll_d21_mHO5_ch10:0.662854;gHO_sBM_cAll_d20_mHO5_ch06:0.662745;gHO_sBM_cAll_d21_mHO5_ch09:0.661672;gHO_sBM_cAll_d21_mHO5_ch03:0.655093;gHO_sBM_cAll_d21_mHO5_ch05:0.647738;gHO_sBM_cAll_d20_mHO5_ch05:0.644538;gHO_sBM_cAll_d21_mHO5_ch02:0.644322;gHO_sBM_cAll_d20_mHO5_ch04:0.643680;gHO_sBM_cAll_d21_mHO5_ch04:0.641625,Electronic---Techno:0.295515;Electronic---Electro:0.214331;Electronic---Deep Techno:0.110386;Electronic---Synthwave:0.101876;Electronic---Ambient:0.099925,PO:v1:k0:r1,,JB3,0.677540,gHO_sBM_cAll_d20_mHO5_ch10,0.665635,120.967742
17.688000,17.711139000,match,hermite,failed,Candidates and replay infeasible: Boundary state exceeds joint limits,6.217248937900877e-15,7.612957883143931e-14,4.495270369094512e-13,0,1.0,1,gPO_sBM_cAll_d12_mPO3_ch02,,,17.368000,gHO_sBM_cAll_d20_mHO5_ch10;gHO_sBM_cAll_d21_mHO5_ch10;gHO_sBM_cAll_d20_mHO5_ch06;gHO_sBM_cAll_d21_mHO5_ch09;gHO_sBM_cAll_d21_mHO5_ch03,13.451277,113,,,,0.868390093,0.216061185,0.000000,motion_end,0.216061185,0.077234,0.128347,0.034431,0.000000,0.087300,0.000000,4.270833,0.350000,beat-sync,1.415276,1.411290,,0.002216174,0.153664999,right_wrist_yaw,3.188846230,right_wrist_yaw,0.153664999,right_wrist_yaw,3.872083022,right_wrist_yaw,-0.226967,0.237868,0.900909,1.447870,0.000000000,0.000000000,0.000000000,0.000950786,0.000796964,0.007295884,17.304000,0.000000000,0.000000000,,9.136514,7.674784,1079.998150,,0.005961157,0,1,0,10,gPO_sBM_cAll_d10_mPO0_ch01;gPO_sBM_cAll_d11_mPO0_ch01;gPO_sBM_cAll_d11_mPO0_ch02;gPO_sBM_cAll_d10_mPO0_ch02;gPO_sBM_cAll_d12_mPO3_ch02;gHO_sBM_cAll_d20_mHO5_ch10;gHO_sBM_cAll_d21_mHO5_ch10;gHO_sBM_cAll_d20_mHO5_ch06;gHO_sBM_cAll_d21_mHO5_ch09;gHO_sBM_cAll_d21_mHO5_ch03,,43.564500,549.950200,53.140800,3477.906400,accepted,0.955760,,0.919564,0.254157622,31.212867,0.097837,HO,0.851451,0.006179,0.002777,JB3:0.678975;JB5:0.672796;JB1:0.657986;LO4:0.624226;WA4:0.614871,gHO_sBM_cAll_d20_mHO5_ch10:0.664596;gHO_sBM_cAll_d21_mHO5_ch10:0.661819;gHO_sBM_cAll_d20_mHO5_ch06:0.661708;gHO_sBM_cAll_d21_mHO5_ch09:0.660639;gHO_sBM_cAll_d21_mHO5_ch03:0.654142;gHO_sBM_cAll_d21_mHO5_ch05:0.646721;gHO_sBM_cAll_d20_mHO5_ch05:0.643513;gHO_sBM_cAll_d21_mHO5_ch02:0.643314;gHO_sBM_cAll_d20_mHO5_ch04:0.642664;gHO_sBM_cAll_d21_mHO5_ch04:0.640618,Electronic---Techno:0.286608;Electronic---Electro:0.213665;Electronic---Deep Techno:0.109608;Electronic---Synthwave:0.104260;Electronic---Ambient:0.097837,PO:v1:k0:r1,,JB3,0.678975,gHO_sBM_cAll_d20_mHO5_ch10,0.664596,120.967742
17.720000,17.745174200,,hermite,failed,Candidates and replay infeasible: Boundary state exceeds joint limits,6.217248937900877e-15,7.612957883143931e-14,4.495270369094512e-13,0,1.0,1,gPO_sBM_cAll_d12_mPO3_ch02,,,17.368000,gHO_sBM_cAll_d20_mHO5_ch10;gHO_sBM_cAll_d21_mHO5_ch10;gHO_sBM_cAll_d20_mHO5_ch06;gHO_sBM_cAll_d21_mHO5_ch09;gHO_sBM_cAll_d21_mHO5_ch03,13.451277,113,,,,0.873799369,0.216061185,0.000000,motion_end,0.216061185,0.077234,0.128347,0.034431,0.000000,0.087300,0.000000,4.270833,0.350000,beat-sync,1.400931,0.840054,,0.000853772,0.101937004,left_wrist_yaw,7.027447603,right_wrist_roll,0.101937004,left_wrist_yaw,8.652275772,right_wrist_roll,-0.230367,0.238317,0.900669,1.442732,0.000000000,0.000000000,0.000000000,0.000950786,0.000796964,0.007295884,17.720000,0.000000000,0.000000000,,9.041981,7.659926,710.438887,,0.005950214,0,1,0,10,gPO_sBM_cAll_d10_mPO0_ch01;gPO_sBM_cAll_d11_mPO0_ch01;gPO_sBM_cAll_d11_mPO0_ch02;gPO_sBM_cAll_d10_mPO0_ch02;gPO_sBM_cAll_d12_mPO3_ch02;gHO_sBM_cAll_d20_mHO5_ch10;gHO_sBM_cAll_d21_mHO5_ch10;gHO_sBM_cAll_d20_mHO5_ch06;gHO_sBM_cAll_d21_mHO5_ch09;gHO_sBM_cAll_d21_mHO5_ch03,,43.564500,549.950200,53.140800,3477.906400,accepted,0.955760,,0.919564,0.254157622,31.212867,0.097837,HO,0.851451,0.006179,0.002777,JB3:0.678975;JB5:0.672796;JB1:0.657986;LO4:0.624226;WA4:0.614871,gHO_sBM_cAll_d20_mHO5_ch10:0.664596;gHO_sBM_cAll_d21_mHO5_ch10:0.661819;gHO_sBM_cAll_d20_mHO5_ch06:0.661708;gHO_sBM_cAll_d21_mHO5_ch09:0.660639;gHO_sBM_cAll_d21_mHO5_ch03:0.654142;gHO_sBM_cAll_d21_mHO5_ch05:0.646721;gHO_sBM_cAll_d20_mHO5_ch05:0.643513;gHO_sBM_cAll_d21_mHO5_ch02:0.643314;gHO_sBM_cAll_d20_mHO5_ch04:0.642664;gHO_sBM_cAll_d21_mHO5_ch04:0.640618,Electronic---Techno:0.286608;Electronic---Electro:0.213665;Electronic---Deep Techno:0.109608;Electronic---Synthwave:0.104260;Electronic---Ambient:0.097837,PO:v1:k0:r1,,JB3,0.678975,gHO_sBM_cAll_d20_mHO5_ch10,0.664596,120.967742
17.752000,17.768684900,,hermite,failed,Candidates and replay infeasible: Boundary state exceeds joint limits,6.217248937900877e-15,7.612957883143931e-14,4.495270369094512e-13,0,1.0,1,gPO_sBM_cAll_d12_mPO3_ch02,,,17.368000,gHO_sBM_cAll_d20_mHO5_ch10;gHO_sBM_cAll_d21_mHO5_ch10;gHO_sBM_cAll_d20_mHO5_ch06;gHO_sBM_cAll_d21_mHO5_ch09;gHO_sBM_cAll_d21_mHO5_ch03,13.451277,113,,,,0.877686413,0.216061185,0.000000,motion_end,0.216061185,0.077234,0.128347,0.034431,0.000000,0.087300,0.000000,4.270833,0.350000,beat-sync,1.351392,0.840054,,0.000640747,0.167683209,right_wrist_roll,3.527887487,right_wrist_roll,0.167683209,right_wrist_roll,3.451282815,right_wrist_roll,-0.237719,0.242123,0.900107,1.447212,0.000000000,0.000000000,0.000000000,0.000950786,0.000796964,0.007295884,17.720000,0.000000000,0.000000000,,3.451283,3.262647,304.831651,,0.005942034,0,1,0,10,gPO_sBM_cAll_d10_mPO0_ch01;gPO_sBM_cAll_d11_mPO0_ch01;gPO_sBM_cAll_d11_mPO0_ch02;gPO_sBM_cAll_d10_mPO0_ch02;gPO_sBM_cAll_d12_mPO3_ch02;gHO_sBM_cAll_d20_mHO5_ch10;gHO_sBM_cAll_d21_mHO5_ch10;gHO_sBM_cAll_d20_mHO5_ch06;gHO_sBM_cAll_d21_mHO5_ch09;gHO_sBM_cAll_d21_mHO5_ch03,,43.564500,549.950200,53.140800,3477.906400,accepted,0.955760,,0.919564,0.254157622,31.212867,0.097837,HO,0.851451,0.006179,0.002777,JB3:0.678975;JB5:0.672796;JB1:0.657986;LO4:0.624226;WA4:0.614871,gHO_sBM_cAll_d20_mHO5_ch10:0.664596;gHO_sBM_cAll_d21_mHO5_ch10:0.661819;gHO_sBM_cAll_d20_mHO5_ch06:0.661708;gHO_sBM_cAll_d21_mHO5_ch09:0.660639;gHO_sBM_cAll_d21_mHO5_ch03:0.654142;gHO_sBM_cAll_d21_mHO5_ch05:0.646721;gHO_sBM_cAll_d20_mHO5_ch05:0.643513;gHO_sBM_cAll_d21_mHO5_ch02:0.643314;gHO_sBM_cAll_d20_mHO5_ch04:0.642664;gHO_sBM_cAll_d21_mHO5_ch04:0.640618,Electronic---Techno:0.286608;Electronic---Electro:0.213665;Electronic---Deep Techno:0.109608;Electronic---Synthwave:0.104260;Electronic---Ambient:0.097837,PO:v1:k0:r1,,JB3,0.678975,gHO_sBM_cAll_d20_mHO5_ch10,0.664596,120.967742
17.784000,17.810729400,beat_limiter_result,hermite,failed,Candidates and replay infeasible: Boundary state exceeds joint limits,6.217248937900877e-15,7.612957883143931e-14,4.495270369094512e-13,0,1.0,1,gPO_sBM_cAll_d12_mPO3_ch02,,,17.368000,gHO_sBM_cAll_d20_mHO5_ch10;gHO_sBM_cAll_d21_mHO5_ch10;gHO_sBM_cAll_d20_mHO5_ch06;gHO_sBM_cAll_d21_mHO5_ch09;gHO_sBM_cAll_d21_mHO5_ch03,13.451277,113,,,,0.883892170,0.216061185,0.000000,motion_end,0.216061185,0.077234,0.128347,0.034431,0.000000,0.087300,0.000000,4.270833,0.350000,beat-sync,1.268266,0.840054,,0.000299229,0.151380656,right_wrist_roll,3.434155743,left_wrist_roll,0.151380656,right_wrist_roll,4.149575807,left_wrist_roll,-0.257725,0.258370,0.898928,1.507448,0.000000000,0.000000000,0.000000000,0.000950786,0.000796964,0.007295884,17.720000,0.000000000,0.000000000,,5.517009,4.688907,216.091591,,0.005928449,0,1,0,10,gPO_sBM_cAll_d10_mPO0_ch01;gPO_sBM_cAll_d11_mPO0_ch01;gPO_sBM_cAll_d11_mPO0_ch02;gPO_sBM_cAll_d10_mPO0_ch02;gPO_sBM_cAll_d12_mPO3_ch02;gHO_sBM_cAll_d20_mHO5_ch10;gHO_sBM_cAll_d21_mHO5_ch10;gHO_sBM_cAll_d20_mHO5_ch06;gHO_sBM_cAll_d21_mHO5_ch09;gHO_sBM_cAll_d21_mHO5_ch03,,43.564500,549.950200,53.140800,3477.906400,accepted,0.955760,,0.919564,0.254157622,31.212867,0.097837,HO,0.851451,0.006179,0.002777,JB3:0.678975;JB5:0.672796;JB1:0.657986;LO4:0.624226;WA4:0.614871,gHO_sBM_cAll_d20_mHO5_ch10:0.664596;gHO_sBM_cAll_d21_mHO5_ch10:0.661819;gHO_sBM_cAll_d20_mHO5_ch06:0.661708;gHO_sBM_cAll_d21_mHO5_ch09:0.660639;gHO_sBM_cAll_d21_mHO5_ch03:0.654142;gHO_sBM_cAll_d21_mHO5_ch05:0.646721;gHO_sBM_cAll_d20_mHO5_ch05:0.643513;gHO_sBM_cAll_d21_mHO5_ch02:0.643314;gHO_sBM_cAll_d20_mHO5_ch04:0.642664;gHO_sBM_cAll_d21_mHO5_ch04:0.640618,Electronic---Techno:0.286608;Electronic---Electro:0.213665;Electronic---Deep Techno:0.109608;Electronic---Synthwave:0.104260;Electronic---Ambient:0.097837,PO:v1:k0:r1,,JB3,0.678975,gHO_sBM_cAll_d20_mHO5_ch10,0.664596,120.967742
17.816000,17.836371200,,hermite,failed,Candidates and replay infeasible: Boundary state exceeds joint limits,6.217248937900877e-15,7.612957883143931e-14,4.495270369094512e-13,0,1.0,1,gPO_sBM_cAll_d12_mPO3_ch02,,,17.368000,gHO_sBM_cAll_d20_mHO5_ch10;gHO_sBM_cAll_d21_mHO5_ch10;gHO_sBM_cAll_d20_mHO5_ch06;gHO_sBM_cAll_d21_mHO5_ch09;gHO_sBM_cAll_d21_mHO5_ch03,13.451277,113,,,,0.887468264,0.216061185,0.000000,motion_end,0.216061185,0.077234,0.128347,0.034431,0.000000,0.087300,0.000000,4.270833,0.350000,beat-sync,1.217769,0.840054,,0.000125384,0.112432306,left_wrist_yaw,3.782296886,right_wrist_roll,0.112432306,left_wrist_yaw,4.640695640,right_wrist_roll,-0.272929,0.269801,0.900900,1.551070,0.000000000,0.000000000,0.000000000,0.000950786,0.000796964,0.007295884,17.720000,0.000000000,0.000000000,,8.523786,7.082802,132.684292,,0.005920328,0,1,0,10,gPO_sBM_cAll_d10_mPO0_ch01;gPO_sBM_cAll_d11_mPO0_ch01;gPO_sBM_cAll_d11_mPO0_ch02;gPO_sBM_cAll_d10_mPO0_ch02;gPO_sBM_cAll_d12_mPO3_ch02;gHO_sBM_cAll_d20_mHO5_ch10;gHO_sBM_cAll_d21_mHO5_ch10;gHO_sBM_cAll_d20_mHO5_ch06;gHO_sBM_cAll_d21_mHO5_ch09;gHO_sBM_cAll_d21_mHO5_ch03,,43.564500,549.950200,53.140800,3477.906400,accepted,0.955760,,0.919564,0.254157622,31.212867,0.097837,HO,0.851451,0.006179,0.002777,JB3:0.678975;JB5:0.672796;JB1:0.657986;LO4:0.624226;WA4:0.614871,gHO_sBM_cAll_d20_mHO5_ch10:0.664596;gHO_sBM_cAll_d21_mHO5_ch10:0.661819;gHO_sBM_cAll_d20_mHO5_ch06:0.661708;gHO_sBM_cAll_d21_mHO5_ch09:0.660639;gHO_sBM_cAll_d21_mHO5_ch03:0.654142;gHO_sBM_cAll_d21_mHO5_ch05:0.646721;gHO_sBM_cAll_d20_mHO5_ch05:0.643513;gHO_sBM_cAll_d21_mHO5_ch02:0.643314;gHO_sBM_cAll_d20_mHO5_ch04:0.642664;gHO_sBM_cAll_d21_mHO5_ch04:0.640618,Electronic---Techno:0.286608;Electronic---Electro:0.213665;Electronic---Deep Techno:0.109608;Electronic---Synthwave:0.104260;Electronic---Ambient:0.097837,PO:v1:k0:r1,,JB3,0.678975,gHO_sBM_cAll_d20_mHO5_ch10,0.664596,120.967742
17.880000,17.894877600,,hermite,failed,Candidates and replay infeasible: Boundary state exceeds joint limits,6.217248937900877e-15,7.612957883143931e-14,4.495270369094512e-13,0,1.0,1,gPO_sBM_cAll_d12_mPO3_ch02,,,17.368000,gHO_sBM_cAll_d20_mHO5_ch10;gHO_sBM_cAll_d21_mHO5_ch10;gHO_sBM_cAll_d20_mHO5_ch06;gHO_sBM_cAll_d21_mHO5_ch09;gHO_sBM_cAll_d21_mHO5_ch03,13.451277,113,,,,0.895153289,0.216061185,0.000000,motion_end,0.216061185,0.077234,0.128347,0.034431,0.000000,0.087300,0.000000,4.270833,0.350000,beat-sync,1.101396,0.840054,,-0.000100092,0.076200637,left_wrist_yaw,1.897661520,right_wrist_yaw,0.076200637,left_wrist_yaw,2.610062390,right_wrist_yaw,-0.313604,0.302745,0.910441,1.638437,0.000000000,0.000000000,0.000000000,0.000950786,0.000796964,0.007295884,17.720000,0.000000000,0.000000000,,11.750448,9.095087,109.299397,,0.005901464,0,1,0,10,gPO_sBM_cAll_d10_mPO0_ch01;gPO_sBM_cAll_d11_mPO0_ch01;gPO_sBM_cAll_d11_mPO0_ch02;gPO_sBM_cAll_d10_mPO0_ch02;gPO_sBM_cAll_d12_mPO3_ch02;gHO_sBM_cAll_d20_mHO5_ch10;gHO_sBM_cAll_d21_mHO5_ch10;gHO_sBM_cAll_d20_mHO5_ch06;gHO_sBM_cAll_d21_mHO5_ch09;gHO_sBM_cAll_d21_mHO5_ch03,,43.564500,549.950200,53.140800,3477.906400,accepted,0.955760,,0.919564,0.254157622,31.212867,0.097837,HO,0.851451,0.006179,0.002777,JB3:0.678975;JB5:0.672796;JB1:0.657986;LO4:0.624226;WA4:0.614871,gHO_sBM_cAll_d20_mHO5_ch10:0.664596;gHO_sBM_cAll_d21_mHO5_ch10:0.661819;gHO_sBM_cAll_d20_mHO5_ch06:0.661708;gHO_sBM_cAll_d21_mHO5_ch09:0.660639;gHO_sBM_cAll_d21_mHO5_ch03:0.654142;gHO_sBM_cAll_d21_mHO5_ch05:0.646721;gHO_sBM_cAll_d20_mHO5_ch05:0.643513;gHO_sBM_cAll_d21_mHO5_ch02:0.643314;gHO_sBM_cAll_d20_mHO5_ch04:0.642664;gHO_sBM_cAll_d21_mHO5_ch04:0.640618,Electronic---Techno:0.286608;Electronic---Electro:0.213665;Electronic---Deep Techno:0.109608;Electronic---Synthwave:0.104260;Electronic---Ambient:0.097837,PO:v1:k0:r1,,JB3,0.678975,gHO_sBM_cAll_d20_mHO5_ch10,0.664596,120.967742
17.912000,17.927906100,,hermite,failed,Candidates and replay infeasible: Boundary state exceeds joint limits,6.217248937900877e-15,7.612957883143931e-14,4.495270369094512e-13,0,1.0,1,gPO_sBM_cAll_d12_mPO3_ch02,,,17.368000,gHO_sBM_cAll_d20_mHO5_ch10;gHO_sBM_cAll_d21_mHO5_ch10;gHO_sBM_cAll_d20_mHO5_ch06;gHO_sBM_cAll_d21_mHO5_ch09;gHO_sBM_cAll_d21_mHO5_ch03,13.451277,113,,,,0.899227513,0.216061185,0.000000,motion_end,0.216061185,0.077234,0.128347,0.034431,0.000000,0.087300,0.000000,4.270833,0.350000,beat-sync,1.048738,0.840054,,-0.000098963,0.062726298,right_wrist_yaw,0.428347563,right_wrist_yaw,0.062726298,right_wrist_yaw,0.551641687,right_wrist_yaw,-0.340315,0.324950,0.914394,1.696959,0.000000000,0.000000000,0.000000000,0.000950786,0.000796964,0.007295884,17.720000,0.000000000,0.000000000,,11.691653,9.448290,91.296034,,0.005890739,0,1,0,10,gPO_sBM_cAll_d10_mPO0_ch01;gPO_sBM_cAll_d11_mPO0_ch01;gPO_sBM_cAll_d11_mPO0_ch02;gPO_sBM_cAll_d10_mPO0_ch02;gPO_sBM_cAll_d12_mPO3_ch02;gHO_sBM_cAll_d20_mHO5_ch10;gHO_sBM_cAll_d21_mHO5_ch10;gHO_sBM_cAll_d20_mHO5_ch06;gHO_sBM_cAll_d21_mHO5_ch09;gHO_sBM_cAll_d21_mHO5_ch03,,43.564500,549.950200,53.140800,3477.906400,accepted,0.955760,,0.919564,0.254157622,31.212867,0.097837,HO,0.851451,0.006179,0.002777,JB3:0.678975;JB5:0.672796;JB1:0.657986;LO4:0.624226;WA4:0.614871,gHO_sBM_cAll_d20_mHO5_ch10:0.664596;gHO_sBM_cAll_d21_mHO5_ch10:0.661819;gHO_sBM_cAll_d20_mHO5_ch06:0.661708;gHO_sBM_cAll_d21_mHO5_ch09:0.660639;gHO_sBM_cAll_d21_mHO5_ch03:0.654142;gHO_sBM_cAll_d21_mHO5_ch05:0.646721;gHO_sBM_cAll_d20_mHO5_ch05:0.643513;gHO_sBM_cAll_d21_mHO5_ch02:0.643314;gHO_sBM_cAll_d20_mHO5_ch04:0.642664;gHO_sBM_cAll_d21_mHO5_ch04:0.640618,Electronic---Techno:0.286608;Electronic---Electro:0.213665;Electronic---Deep Techno:0.109608;Electronic---Synthwave:0.104260;Electronic---Ambient:0.097837,PO:v1:k0:r1,,JB3,0.678975,gHO_sBM_cAll_d20_mHO5_ch10,0.664596,120.967742
17.976000,17.984694600,,hermite,failed,Candidates and replay infeasible: Boundary state exceeds joint limits,6.217248937900877e-15,7.612957883143931e-14,4.495270369094512e-13,0,1.0,1,gPO_sBM_cAll_d12_mPO3_ch02,,,17.368000,gHO_sBM_cAll_d20_mHO5_ch10;gHO_sBM_cAll_d21_mHO5_ch10;gHO_sBM_cAll_d20_mHO5_ch06;gHO_sBM_cAll_d21_mHO5_ch09;gHO_sBM_cAll_d21_mHO5_ch03,13.451277,113,,,,0.906064939,0.216061185,0.000000,motion_end,0.216061185,0.077234,0.128347,0.034431,0.000000,0.087300,0.000000,4.270833,0.350000,beat-sync,0.999965,0.840054,,-0.000078333,0.094355284,right_wrist_yaw,0.256356217,right_wrist_yaw,0.094355284,right_wrist_yaw,0.283566084,right_wrist_yaw,-0.377886,0.361711,0.906355,1.774554,0.000000000,0.000000000,0.000000000,0.000950786,0.000796964,0.007295884,17.720000,0.000000000,0.000000000,,10.868871,10.258690,270.534687,,0.005872064,0,1,0,10,gPO_sBM_cAll_d10_mPO0_ch01;gPO_sBM_cAll_d11_mPO0_ch01;gPO_sBM_cAll_d11_mPO0_ch02;gPO_sBM_cAll_d10_mPO0_ch02;gPO_sBM_cAll_d12_mPO3_ch02;gHO_sBM_cAll_d20_mHO5_ch10;gHO_sBM_cAll_d21_mHO5_ch10;gHO_sBM_cAll_d20_mHO5_ch06;gHO_sBM_cAll_d21_mHO5_ch09;gHO_sBM_cAll_d21_mHO5_ch03,,43.564500,549.950200,53.140800,3477.906400,accepted,0.955760,,0.919564,0.254157622,31.212867,0.097837,HO,0.851451,0.006179,0.002777,JB3:0.678975;JB5:0.672796;JB1:0.657986;LO4:0.624226;WA4:0.614871,gHO_sBM_cAll_d20_mHO5_ch10:0.664596;gHO_sBM_cAll_d21_mHO5_ch10:0.661819;gHO_sBM_cAll_d20_mHO5_ch06:0.661708;gHO_sBM_cAll_d21_mHO5_ch09:0.660639;gHO_sBM_cAll_d21_mHO5_ch03:0.654142;gHO_sBM_cAll_d21_mHO5_ch05:0.646721;gHO_sBM_cAll_d20_mHO5_ch05:0.643513;gHO_sBM_cAll_d21_mHO5_ch02:0.643314;gHO_sBM_cAll_d20_mHO5_ch04:0.642664;gHO_sBM_cAll_d21_mHO5_ch04:0.640618,Electronic---Techno:0.286608;Electronic---Electro:0.213665;Electronic---Deep Techno:0.109608;Electronic---Synthwave:0.104260;Electronic---Ambient:0.097837,PO:v1:k0:r1,,JB3,0.678975,gHO_sBM_cAll_d20_mHO5_ch10,0.664596,120.967742
18.008000,18.019753200,,hermite,failed,Candidates and replay infeasible: Boundary state exceeds joint limits,6.217248937900877e-15,7.612957883143931e-14,4.495270369094512e-13,0,1.0,1,gPO_sBM_cAll_d12_mPO3_ch02,,,17.368000,gHO_sBM_cAll_d20_mHO5_ch10;gHO_sBM_cAll_d21_mHO5_ch10;gHO_sBM_cAll_d20_mHO5_ch06;gHO_sBM_cAll_d21_mHO5_ch09;gHO_sBM_cAll_d21_mHO5_ch03,13.451277,113,,,,0.909851804,0.216061185,0.000000,motion_end,0.216061185,0.077234,0.128347,0.034431,0.000000,0.087300,0.000000,4.270833,0.350000,beat-sync,0.977339,0.840054,,-0.000068512,0.091122535,right_wrist_yaw,0.063276578,left_wrist_roll,0.091122535,right_wrist_yaw,0.075563506,left_wrist_roll,-0.393521,0.383352,0.895964,1.809324,0.000000000,0.000000000,0.000000000,0.000950786,0.000796964,0.007295884,17.720000,0.000000000,0.000000000,,1.613226,1.351174,471.016678,,0.005861445,0,1,0,10,gPO_sBM_cAll_d10_mPO0_ch01;gPO_sBM_cAll_d11_mPO0_ch01;gPO_sBM_cAll_d11_mPO0_ch02;gPO_sBM_cAll_d10_mPO0_ch02;gPO_sBM_cAll_d12_mPO3_ch02;gHO_sBM_cAll_d20_mHO5_ch10;gHO_sBM_cAll_d21_mHO5_ch10;gHO_sBM_cAll_d20_mHO5_ch06;gHO_sBM_cAll_d21_mHO5_ch09;gHO_sBM_cAll_d21_mHO5_ch03,,43.564500,549.950200,53.140800,3477.906400,accepted,0.955760,,0.919564,0.254157622,31.212867,0.097837,HO,0.851451,0.006179,0.002777,JB3:0.678975;JB5:0.672796;JB1:0.657986;LO4:0.624226;WA4:0.614871,gHO_sBM_cAll_d20_mHO5_ch10:0.664596;gHO_sBM_cAll_d21_mHO5_ch10:0.661819;gHO_sBM_cAll_d20_mHO5_ch06:0.661708;gHO_sBM_cAll_d21_mHO5_ch09:0.660639;gHO_sBM_cAll_d21_mHO5_ch03:0.654142;gHO_sBM_cAll_d21_mHO5_ch05:0.646721;gHO_sBM_cAll_d20_mHO5_ch05:0.643513;gHO_sBM_cAll_d21_mHO5_ch02:0.643314;gHO_sBM_cAll_d20_mHO5_ch04:0.642664;gHO_sBM_cAll_d21_mHO5_ch04:0.640618,Electronic---Techno:0.286608;Electronic---Electro:0.213665;Electronic---Deep Techno:0.109608;Electronic---Synthwave:0.104260;Electronic---Ambient:0.097837,PO:v1:k0:r1,,JB3,0.678975,gHO_sBM_cAll_d20_mHO5_ch10,0.664596,120.967742
18.072000,18.085955900,,hermite,failed,Candidates and replay infeasible: Boundary state exceeds joint limits,6.217248937900877e-15,7.612957883143931e-14,4.495270369094512e-13,0,1.0,1,gPO_sBM_cAll_d12_mPO3_ch02,,,17.368000,gHO_sBM_cAll_d20_mHO5_ch10;gHO_sBM_cAll_d21_mHO5_ch10;gHO_sBM_cAll_d20_mHO5_ch06;gHO_sBM_cAll_d21_mHO5_ch09;gHO_sBM_cAll_d21_mHO5_ch03,13.451277,113,,,,0.917153987,0.216061185,0.000000,motion_end,0.216061185,0.077234,0.128347,0.034431,0.000000,0.087300,0.000000,4.270833,0.350000,beat-sync,0.941430,0.840054,,-0.000052497,0.089972931,right_wrist_yaw,0.034449201,right_wrist_roll,0.089972931,right_wrist_yaw,0.051183261,right_wrist_roll,-0.407575,0.415247,0.889575,1.865688,0.000000000,0.000000000,0.000000000,0.000950786,0.000796964,0.007295884,17.720000,0.000000000,0.000000000,,0.142867,0.121335,19.102745,,0.005840323,0,1,0,10,gPO_sBM_cAll_d10_mPO0_ch01;gPO_sBM_cAll_d11_mPO0_ch01;gPO_sBM_cAll_d11_mPO0_ch02;gPO_sBM_cAll_d10_mPO0_ch02;gPO_sBM_cAll_d12_mPO3_ch02;gHO_sBM_cAll_d20_mHO5_ch10;gHO_sBM_cAll_d21_mHO5_ch10;gHO_sBM_cAll_d20_mHO5_ch06;gHO_sBM_cAll_d21_mHO5_ch09;gHO_sBM_cAll_d21_mHO5_ch03,,43.564500,549.950200,53.140800,3477.906400,accepted,0.955760,,0.919564,0.254157622,31.212867,0.097837,HO,0.851451,0.006179,0.002777,JB3:0.678975;JB5:0.672796;JB1:0.657986;LO4:0.624226;WA4:0.614871,gHO_sBM_cAll_d20_mHO5_ch10:0.664596;gHO_sBM_cAll_d21_mHO5_ch10:0.661819;gHO_sBM_cAll_d20_mHO5_ch06:0.661708;gHO_sBM_cAll_d21_mHO5_ch09:0.660639;gHO_sBM_cAll_d21_mHO5_ch03:0.654142;gHO_sBM_cAll_d21_mHO5_ch05:0.646721;gHO_sBM_cAll_d20_mHO5_ch05:0.643513;gHO_sBM_cAll_d21_mHO5_ch02:0.643314;gHO_sBM_cAll_d20_mHO5_ch04:0.642664;gHO_sBM_cAll_d21_mHO5_ch04:0.640618,Electronic---Techno:0.286608;Electronic---Electro:0.213665;Electronic---Deep Techno:0.109608;Electronic---Synthwave:0.104260;Electronic---Ambient:0.097837,PO:v1:k0:r1,,JB3,0.678975,gHO_sBM_cAll_d20_mHO5_ch10,0.664596,120.967742
18.104000,18.111036700,,hermite,failed,Candidates and replay infeasible: Boundary state exceeds joint limits,6.217248937900877e-15,7.612957883143931e-14,4.495270369094512e-13,0,1.0,1,gPO_sBM_cAll_d12_mPO3_ch02,,,17.368000,gHO_sBM_cAll_d20_mHO5_ch10;gHO_sBM_cAll_d21_mHO5_ch10;gHO_sBM_cAll_d20_mHO5_ch06;gHO_sBM_cAll_d21_mHO5_ch09;gHO_sBM_cAll_d21_mHO5_ch03,13.451277,113,,,,0.919810978,0.216061185,0.000000,motion_end,0.216061185,0.077234,0.128347,0.034431,0.000000,0.087300,0.000000,4.270833,0.350000,beat-sync,0.930605,0.840054,,-0.000047540,0.089480185,right_wrist_yaw,0.031134086,right_wrist_roll,0.089480185,right_wrist_yaw,0.038371202,right_wrist_roll,-0.414103,0.422637,0.890115,1.881705,0.000000000,0.000000000,0.000000000,0.000950786,0.000796964,0.007295884,17.720000,0.000000000,0.000000000,,0.072919,0.062187,8.750568,,0.005832441,0,1,0,10,gPO_sBM_cAll_d10_mPO0_ch01;gPO_sBM_cAll_d11_mPO0_ch01;gPO_sBM_cAll_d11_mPO0_ch02;gPO_sBM_cAll_d10_mPO0_ch02;gPO_sBM_cAll_d12_mPO3_ch02;gHO_sBM_cAll_d20_mHO5_ch10;gHO_sBM_cAll_d21_mHO5_ch10;gHO_sBM_cAll_d20_mHO5_ch06;gHO_sBM_cAll_d21_mHO5_ch09;gHO_sBM_cAll_d21_mHO5_ch03,,43.564500,549.950200,53.140800,3477.906400,accepted,0.955760,,0.919564,0.254157622,31.212867,0.097837,HO,0.851451,0.006179,0.002777,JB3:0.678975;JB5:0.672796;JB1:0.657986;LO4:0.624226;WA4:0.614871,gHO_sBM_cAll_d20_mHO5_ch10:0.664596;gHO_sBM_cAll_d21_mHO5_ch10:0.661819;gHO_sBM_cAll_d20_mHO5_ch06:0.661708;gHO_sBM_cAll_d21_mHO5_ch09:0.660639;gHO_sBM_cAll_d21_mHO5_ch03:0.654142;gHO_sBM_cAll_d21_mHO5_ch05:0.646721;gHO_sBM_cAll_d20_mHO5_ch05:0.643513;gHO_sBM_cAll_d21_mHO5_ch02:0.643314;gHO_sBM_cAll_d20_mHO5_ch04:0.642664;gHO_sBM_cAll_d21_mHO5_ch04:0.640618,Electronic---Techno:0.286608;Electronic---Electro:0.213665;Electronic---Deep Techno:0.109608;Electronic---Synthwave:0.104260;Electronic---Ambient:0.097837,PO:v1:k0:r1,,JB3,0.678975,gHO_sBM_cAll_d20_mHO5_ch10,0.664596,120.967742
18.168000,18.179551300,,hermite,failed,Candidates and replay infeasible: Boundary state exceeds joint limits,6.217248937900877e-15,7.612957883143931e-14,4.495270369094512e-13,0,1.0,1,gPO_sBM_cAll_d12_mPO3_ch02,,,17.368000,gHO_sBM_cAll_d20_mHO5_ch10;gHO_sBM_cAll_d21_mHO5_ch10;gHO_sBM_cAll_d20_mHO5_ch06;gHO_sBM_cAll_d21_mHO5_ch09;gHO_sBM_cAll_d21_mHO5_ch03,13.451277,113,,,,0.926835397,0.216061185,0.000000,motion_end,0.216061185,0.077234,0.128347,0.034431,0.000000,0.087300,0.000000,4.270833,0.350000,beat-sync,0.906846,0.840054,,-0.000036393,0.088071959,right_wrist_yaw,0.034392736,right_wrist_roll,0.088071959,right_wrist_yaw,0.031507991,right_wrist_roll,-0.434020,0.435304,0.888245,1.893502,0.000000000,0.000000000,0.000000000,0.000950786,0.000796964,0.007295884,17.720000,0.000000000,0.000000000,,0.052880,0.046511,5.325113,,0.005811527,0,1,0,10,gPO_sBM_cAll_d10_mPO0_ch01;gPO_sBM_cAll_d11_mPO0_ch01;gPO_sBM_cAll_d11_mPO0_ch02;gPO_sBM_cAll_d10_mPO0_ch02;gPO_sBM_cAll_d12_mPO3_ch02;gHO_sBM_cAll_d20_mHO5_ch10;gHO_sBM_cAll_d21_mHO5_ch10;gHO_sBM_cAll_d20_mHO5_ch06;gHO_sBM_cAll_d21_mHO5_ch09;gHO_sBM_cAll_d21_mHO5_ch03,,43.564500,549.950200,53.140800,3477.906400,accepted,0.955760,,0.919564,0.254157622,31.212867,0.097837,HO,0.851451,0.006179,0.002777,JB3:0.678975;JB5:0.672796;JB1:0.657986;LO4:0.624226;WA4:0.614871,gHO_sBM_cAll_d20_mHO5_ch10:0.664596;gHO_sBM_cAll_d21_mHO5_ch10:0.661819;gHO_sBM_cAll_d20_mHO5_ch06:0.661708;gHO_sBM_cAll_d21_mHO5_ch09:0.660639;gHO_sBM_cAll_d21_mHO5_ch03:0.654142;gHO_sBM_cAll_d21_mHO5_ch05:0.646721;gHO_sBM_cAll_d20_mHO5_ch05:0.643513;gHO_sBM_cAll_d21_mHO5_ch02:0.643314;gHO_sBM_cAll_d20_mHO5_ch04:0.642664;gHO_sBM_cAll_d21_mHO5_ch04:0.640618,Electronic---Techno:0.286608;Electronic---Electro:0.213665;Electronic---Deep Techno:0.109608;Electronic---Synthwave:0.104260;Electronic---Ambient:0.097837,PO:v1:k0:r1,,JB3,0.678975,gHO_sBM_cAll_d20_mHO5_ch10,0.664596,120.967742
18.200000,18.219401300,,hermite,failed,Candidates and replay infeasible: Boundary state exceeds joint limits,6.217248937900877e-15,7.612957883143931e-14,4.495270369094512e-13,0,1.0,1,gPO_sBM_cAll_d12_mPO3_ch02,,,17.368000,gHO_sBM_cAll_d20_mHO5_ch10;gHO_sBM_cAll_d21_mHO5_ch10;gHO_sBM_cAll_d20_mHO5_ch06;gHO_sBM_cAll_d21_mHO5_ch09;gHO_sBM_cAll_d21_mHO5_ch03,13.451277,113,,,,0.931147635,0.216061185,0.000000,motion_end,0.216061185,0.077234,0.128347,0.034431,0.000000,0.087300,0.000000,4.270833,0.350000,beat-sync,0.895269,0.840054,,-0.000030793,0.087132416,right_wrist_yaw,0.036514801,right_wrist_roll,0.087132416,right_wrist_yaw,0.041856724,right_wrist_roll,-0.441426,0.442250,0.880242,1.893162,0.000000000,0.000000000,0.000000000,0.000950786,0.000796964,0.007295884,17.720000,0.000000000,0.000000000,,0.066909,0.058358,8.129320,,0.005798532,0,1,0,10,gPO_sBM_cAll_d10_mPO0_ch01;gPO_sBM_cAll_d11_mPO0_ch01;gPO_sBM_cAll_d11_mPO0_ch02;gPO_sBM_cAll_d10_mPO0_ch02;gPO_sBM_cAll_d12_mPO3_ch02;gHO_sBM_cAll_d20_mHO5_ch10;gHO_sBM_cAll_d21_mHO5_ch10;gHO_sBM_cAll_d20_mHO5_ch06;gHO_sBM_cAll_d21_mHO5_ch09;gHO_sBM_cAll_d21_mHO5_ch03,,43.564500,549.950200,53.140800,3477.906400,accepted,0.955760,,0.919564,0.254157622,31.212867,0.097837,HO,0.851451,0.006179,0.002777,JB3:0.678975;JB5:0.672796;JB1:0.657986;LO4:0.624226;WA4:0.614871,gHO_sBM_cAll_d20_mHO5_ch10:0.664596;gHO_sBM_cAll_d21_mHO5_ch10:0.661819;gHO_sBM_cAll_d20_mHO5_ch06:0.661708;gHO_sBM_cAll_d21_mHO5_ch09:0.660639;gHO_sBM_cAll_d21_mHO5_ch03:0.654142;gHO_sBM_cAll_d21_mHO5_ch05:0.646721;gHO_sBM_cAll_d20_mHO5_ch05:0.643513;gHO_sBM_cAll_d21_mHO5_ch02:0.643314;gHO_sBM_cAll_d20_mHO5_ch04:0.642664;gHO_sBM_cAll_d21_mHO5_ch04:0.640618,Electronic---Techno:0.286608;Electronic---Electro:0.213665;Electronic---Deep Techno:0.109608;Electronic---Synthwave:0.104260;Electronic---Ambient:0.097837,PO:v1:k0:r1,,JB3,0.678975,gHO_sBM_cAll_d20_mHO5_ch10,0.664596,120.967742
18.200000,18.227472200,,hermite,failed,Candidates and replay infeasible: Boundary state exceeds joint limits,6.217248937900877e-15,7.612957883143931e-14,4.495270369094512e-13,0,1.0,1,gPO_sBM_cAll_d12_mPO3_ch02,,,17.368000,gHO_sBM_cAll_d20_mHO5_ch10;gHO_sBM_cAll_d21_mHO5_ch10;gHO_sBM_cAll_d20_mHO5_ch06;gHO_sBM_cAll_d21_mHO5_ch09;gHO_sBM_cAll_d21_mHO5_ch03,13.451277,113,,,,0.931984580,0.216061185,0.000000,motion_end,0.216061185,0.077234,0.128347,0.034431,0.000000,0.087300,0.000000,4.270833,0.350000,beat-sync,0.893252,0.840054,,-0.000029803,0.086947760,right_wrist_yaw,0.031655226,right_wrist_roll,0.086947760,right_wrist_yaw,0.038196628,right_wrist_roll,-0.442784,0.443743,0.878406,1.900595,0.000000000,0.000000000,0.000000000,0.000950786,0.000796964,0.007295884,17.720000,0.000000000,0.000000000,,0.038197,0.033120,8.609497,,0.005795940,0,1,0,10,gPO_sBM_cAll_d10_mPO0_ch01;gPO_sBM_cAll_d11_mPO0_ch01;gPO_sBM_cAll_d11_mPO0_ch02;gPO_sBM_cAll_d10_mPO0_ch02;gPO_sBM_cAll_d12_mPO3_ch02;gHO_sBM_cAll_d20_mHO5_ch10;gHO_sBM_cAll_d21_mHO5_ch10;gHO_sBM_cAll_d20_mHO5_ch06;gHO_sBM_cAll_d21_mHO5_ch09;gHO_sBM_cAll_d21_mHO5_ch03,,43.564500,549.950200,53.140800,3477.906400,accepted,0.955760,,0.919564,0.254157622,31.212867,0.097837,HO,0.851451,0.006179,0.002777,JB3:0.678975;JB5:0.672796;JB1:0.657986;LO4:0.624226;WA4:0.614871,gHO_sBM_cAll_d20_mHO5_ch10:0.664596;gHO_sBM_cAll_d21_mHO5_ch10:0.661819;gHO_sBM_cAll_d20_mHO5_ch06:0.661708;gHO_sBM_cAll_d21_mHO5_ch09:0.660639;gHO_sBM_cAll_d21_mHO5_ch03:0.654142;gHO_sBM_cAll_d21_mHO5_ch05:0.646721;gHO_sBM_cAll_d20_mHO5_ch05:0.643513;gHO_sBM_cAll_d21_mHO5_ch02:0.643314;gHO_sBM_cAll_d20_mHO5_ch04:0.642664;gHO_sBM_cAll_d21_mHO5_ch04:0.640618,Electronic---Techno:0.286608;Electronic---Electro:0.213665;Electronic---Deep Techno:0.109608;Electronic---Synthwave:0.104260;Electronic---Ambient:0.097837,PO:v1:k0:r1,,JB3,0.678975,gHO_sBM_cAll_d20_mHO5_ch10,0.664596,120.967742
18.200000,18.236393700,,hermite,failed,Candidates and replay infeasible: Boundary state exceeds joint limits,6.217248937900877e-15,7.612957883143931e-14,4.495270369094512e-13,0,1.0,1,gPO_sBM_cAll_d12_mPO3_ch02,,,17.368000,gHO_sBM_cAll_d20_mHO5_ch10;gHO_sBM_cAll_d21_mHO5_ch10;gHO_sBM_cAll_d20_mHO5_ch06;gHO_sBM_cAll_d21_mHO5_ch09;gHO_sBM_cAll_d21_mHO5_ch03,13.451277,113,,,,0.932855239,0.216061185,0.000000,motion_end,0.216061185,0.077234,0.128347,0.034431,0.000000,0.087300,0.000000,4.270833,0.350000,beat-sync,0.891227,0.840054,,-0.000028805,0.086753177,right_wrist_yaw,0.033357047,right_wrist_roll,0.086753177,right_wrist_yaw,0.036586782,right_wrist_roll,-0.444196,0.445299,0.876504,1.908574,0.000000000,0.000000000,0.000000000,0.000950786,0.000796964,0.007295884,17.720000,0.000000000,0.000000000,,0.036587,0.031379,0.196590,,0.005793350,0,1,0,10,gPO_sBM_cAll_d10_mPO0_ch01;gPO_sBM_cAll_d11_mPO0_ch01;gPO_sBM_cAll_d11_mPO0_ch02;gPO_sBM_cAll_d10_mPO0_ch02;gPO_sBM_cAll_d12_mPO3_ch02;gHO_sBM_cAll_d20_mHO5_ch10;gHO_sBM_cAll_d21_mHO5_ch10;gHO_sBM_cAll_d20_mHO5_ch06;gHO_sBM_cAll_d21_mHO5_ch09;gHO_sBM_cAll_d21_mHO5_ch03,,43.564500,549.950200,53.140800,3477.906400,accepted,0.955760,,0.919564,0.254157622,31.212867,0.097837,HO,0.851451,0.006179,0.002777,JB3:0.678975;JB5:0.672796;JB1:0.657986;LO4:0.624226;WA4:0.614871,gHO_sBM_cAll_d20_mHO5_ch10:0.664596;gHO_sBM_cAll_d21_mHO5_ch10:0.661819;gHO_sBM_cAll_d20_mHO5_ch06:0.661708;gHO_sBM_cAll_d21_mHO5_ch09:0.660639;gHO_sBM_cAll_d21_mHO5_ch03:0.654142;gHO_sBM_cAll_d21_mHO5_ch05:0.646721;gHO_sBM_cAll_d20_mHO5_ch05:0.643513;gHO_sBM_cAll_d21_mHO5_ch02:0.643314;gHO_sBM_cAll_d20_mHO5_ch04:0.642664;gHO_sBM_cAll_d21_mHO5_ch04:0.640618,Electronic---Techno:0.286608;Electronic---Electro:0.213665;Electronic---Deep Techno:0.109608;Electronic---Synthwave:0.104260;Electronic---Ambient:0.097837,PO:v1:k0:r1,,JB3,0.678975,gHO_sBM_cAll_d20_mHO5_ch10,0.664596,120.967742
18.200000,18.244631100,,hermite,failed,Candidates and replay infeasible: Boundary state exceeds joint limits,6.217248937900877e-15,7.612957883143931e-14,4.495270369094512e-13,0,1.0,1,gPO_sBM_cAll_d12_mPO3_ch02,,,17.368000,gHO_sBM_cAll_d20_mHO5_ch10;gHO_sBM_cAll_d21_mHO5_ch10;gHO_sBM_cAll_d20_mHO5_ch06;gHO_sBM_cAll_d21_mHO5_ch09;gHO_sBM_cAll_d21_mHO5_ch03,13.451277,113,,,,0.933694635,0.216061185,0.000000,motion_end,0.216061185,0.077234,0.128347,0.034431,0.000000,0.087300,0.000000,4.270833,0.350000,beat-sync,0.889345,0.840054,,-0.000027872,0.086563215,right_wrist_yaw,0.032567823,right_wrist_roll,0.086563215,right_wrist_yaw,0.039507181,right_wrist_roll,-0.445320,0.446691,0.874111,1.912648,0.000000000,0.000000000,0.000000000,0.000950786,0.000796964,0.007295884,17.720000,0.000000000,0.000000000,,0.039507,0.033216,0.224913,,0.005790763,0,1,0,10,gPO_sBM_cAll_d10_mPO0_ch01;gPO_sBM_cAll_d11_mPO0_ch01;gPO_sBM_cAll_d11_mPO0_ch02;gPO_sBM_cAll_d10_mPO0_ch02;gPO_sBM_cAll_d12_mPO3_ch02;gHO_sBM_cAll_d20_mHO5_ch10;gHO_sBM_cAll_d21_mHO5_ch10;gHO_sBM_cAll_d20_mHO5_ch06;gHO_sBM_cAll_d21_mHO5_ch09;gHO_sBM_cAll_d21_mHO5_ch03,,43.564500,549.950200,53.140800,3477.906400,accepted,0.955760,,0.919564,0.254157622,31.212867,0.097837,HO,0.851451,0.006179,0.002777,JB3:0.678975;JB5:0.672796;JB1:0.657986;LO4:0.624226;WA4:0.614871,gHO_sBM_cAll_d20_mHO5_ch10:0.664596;gHO_sBM_cAll_d21_mHO5_ch10:0.661819;gHO_sBM_cAll_d20_mHO5_ch06:0.661708;gHO_sBM_cAll_d21_mHO5_ch09:0.660639;gHO_sBM_cAll_d21_mHO5_ch03:0.654142;gHO_sBM_cAll_d21_mHO5_ch05:0.646721;gHO_sBM_cAll_d20_mHO5_ch05:0.643513;gHO_sBM_cAll_d21_mHO5_ch02:0.643314;gHO_sBM_cAll_d20_mHO5_ch04:0.642664;gHO_sBM_cAll_d21_mHO5_ch04:0.640618,Electronic---Techno:0.286608;Electronic---Electro:0.213665;Electronic---Deep Techno:0.109608;Electronic---Synthwave:0.104260;Electronic---Ambient:0.097837,PO:v1:k0:r1,,JB3,0.678975,gHO_sBM_cAll_d20_mHO5_ch10,0.664596,120.967742
18.232000,18.252961600,,hermite,failed,Candidates and replay infeasible: Boundary state exceeds joint limits,6.217248937900877e-15,7.612957883143931e-14,4.495270369094512e-13,0,1.0,1,gPO_sBM_cAll_d12_mPO3_ch02,,,17.368000,gHO_sBM_cAll_d20_mHO5_ch10;gHO_sBM_cAll_d21_mHO5_ch10;gHO_sBM_cAll_d20_mHO5_ch06;gHO_sBM_cAll_d21_mHO5_ch09;gHO_sBM_cAll_d21_mHO5_ch03,13.451277,113,,,,0.934519545,0.216061185,0.000000,motion_end,0.216061185,0.077234,0.128347,0.034431,0.000000,0.087300,0.000000,4.270833,0.350000,beat-sync,0.887559,0.840054,,-0.000026984,0.086355320,right_wrist_yaw,0.035641037,right_wrist_roll,0.086355320,right_wrist_yaw,0.039913543,right_wrist_roll,-0.446340,0.448022,0.871560,1.915381,0.000000000,0.000000000,0.000000000,0.000950786,0.000796964,0.007295884,17.720000,0.000000000,0.000000000,,0.039914,0.034605,0.161794,,0.005788177,0,1,0,10,gPO_sBM_cAll_d10_mPO0_ch01;gPO_sBM_cAll_d11_mPO0_ch01;gPO_sBM_cAll_d11_mPO0_ch02;gPO_sBM_cAll_d10_mPO0_ch02;gPO_sBM_cAll_d12_mPO3_ch02;gHO_sBM_cAll_d20_mHO5_ch10;gHO_sBM_cAll_d21_mHO5_ch10;gHO_sBM_cAll_d20_mHO5_ch06;gHO_sBM_cAll_d21_mHO5_ch09;gHO_sBM_cAll_d21_mHO5_ch03,,43.564500,549.950200,53.140800,3477.906400,accepted,0.955760,,0.919564,0.254157622,31.212867,0.097837,HO,0.851451,0.006179,0.002777,JB3:0.678975;JB5:0.672796;JB1:0.657986;LO4:0.624226;WA4:0.614871,gHO_sBM_cAll_d20_mHO5_ch10:0.664596;gHO_sBM_cAll_d21_mHO5_ch10:0.661819;gHO_sBM_cAll_d20_mHO5_ch06:0.661708;gHO_sBM_cAll_d21_mHO5_ch09:0.660639;gHO_sBM_cAll_d21_mHO5_ch03:0.654142;gHO_sBM_cAll_d21_mHO5_ch05:0.646721;gHO_sBM_cAll_d20_mHO5_ch05:0.643513;gHO_sBM_cAll_d21_mHO5_ch02:0.643314;gHO_sBM_cAll_d20_mHO5_ch04:0.642664;gHO_sBM_cAll_d21_mHO5_ch04:0.640618,Electronic---Techno:0.286608;Electronic---Electro:0.213665;Electronic---Deep Techno:0.109608;Electronic---Synthwave:0.104260;Electronic---Ambient:0.097837,PO:v1:k0:r1,,JB3,0.678975,gHO_sBM_cAll_d20_mHO5_ch10,0.664596,120.967742
18.264000,18.286607500,,hermite,failed,Candidates and replay infeasible: Boundary state exceeds joint limits,6.217248937900877e-15,7.612957883143931e-14,4.495270369094512e-13,0,1.0,1,gPO_sBM_cAll_d12_mPO3_ch02,,,17.368000,gHO_sBM_cAll_d20_mHO5_ch10;gHO_sBM_cAll_d21_mHO5_ch10;gHO_sBM_cAll_d20_mHO5_ch06;gHO_sBM_cAll_d21_mHO5_ch09;gHO_sBM_cAll_d21_mHO5_ch03,13.451277,113,,,,0.937904391,0.216061185,0.000000,motion_end,0.216061185,0.077234,0.128347,0.034431,0.000000,0.087300,0.000000,4.270833,0.350000,beat-sync,0.880852,0.840054,,-0.000023609,0.085916643,right_wrist_yaw,0.043050299,right_wrist_roll,0.085916643,right_wrist_yaw,0.060489730,right_wrist_roll,-0.451332,0.455062,0.864139,1.986795,0.000000000,0.000000000,0.000000000,0.000950786,0.000796964,0.007295884,17.720000,0.000000000,0.000000000,,0.087205,0.070249,7.894521,,0.005777860,0,1,0,10,gPO_sBM_cAll_d10_mPO0_ch01;gPO_sBM_cAll_d11_mPO0_ch01;gPO_sBM_cAll_d11_mPO0_ch02;gPO_sBM_cAll_d10_mPO0_ch02;gPO_sBM_cAll_d12_mPO3_ch02;gHO_sBM_cAll_d20_mHO5_ch10;gHO_sBM_cAll_d21_mHO5_ch10;gHO_sBM_cAll_d20_mHO5_ch06;gHO_sBM_cAll_d21_mHO5_ch09;gHO_sBM_cAll_d21_mHO5_ch03,,43.564500,549.950200,53.140800,3477.906400,accepted,0.955760,,0.919564,0.254157622,31.212867,0.097837,HO,0.851451,0.006179,0.002777,JB3:0.678975;JB5:0.672796;JB1:0.657986;LO4:0.624226;WA4:0.614871,gHO_sBM_cAll_d20_mHO5_ch10:0.664596;gHO_sBM_cAll_d21_mHO5_ch10:0.661819;gHO_sBM_cAll_d20_mHO5_ch06:0.661708;gHO_sBM_cAll_d21_mHO5_ch09:0.660639;gHO_sBM_cAll_d21_mHO5_ch03:0.654142;gHO_sBM_cAll_d21_mHO5_ch05:0.646721;gHO_sBM_cAll_d20_mHO5_ch05:0.643513;gHO_sBM_cAll_d21_mHO5_ch02:0.643314;gHO_sBM_cAll_d20_mHO5_ch04:0.642664;gHO_sBM_cAll_d21_mHO5_ch04:0.640618,Electronic---Techno:0.286608;Electronic---Electro:0.213665;Electronic---Deep Techno:0.109608;Electronic---Synthwave:0.104260;Electronic---Ambient:0.097837,PO:v1:k0:r1,,JB3,0.678975,gHO_sBM_cAll_d20_mHO5_ch10,0.664596,120.967742
18.328000,18.353183400,,hermite,failed,Candidates and replay infeasible: Boundary state exceeds joint limits,6.217248937900877e-15,7.612957883143931e-14,4.495270369094512e-13,0,0.9996119346156797,1,gPO_sBM_cAll_d12_mPO3_ch02,,,17.368000,gHO_sBM_cAll_d20_mHO5_ch10;gHO_sBM_cAll_d21_mHO5_ch10;gHO_sBM_cAll_d20_mHO5_ch06;gHO_sBM_cAll_d21_mHO5_ch09;gHO_sBM_cAll_d21_mHO5_ch03,13.451277,113,,,,0.944614806,0.216061185,0.000000,motion_end,0.216061185,0.077234,0.128347,0.034431,0.000000,0.087300,0.000000,4.270833,0.350000,beat-sync,0.870777,0.840054,,0.000000000,0.175035438,left_wrist_yaw,0.596394132,left_wrist_yaw,0.175035438,left_wrist_yaw,0.671960073,left_wrist_yaw,-0.457183,0.463506,0.861621,1.987140,0.000000000,0.000000000,0.000000000,0.000950786,0.000796964,0.007295884,17.720000,0.000000000,0.000000000,,0.812031,0.695728,43.178255,,0.005757334,0,1,0,10,gPO_sBM_cAll_d10_mPO0_ch01;gPO_sBM_cAll_d11_mPO0_ch01;gPO_sBM_cAll_d11_mPO0_ch02;gPO_sBM_cAll_d10_mPO0_ch02;gPO_sBM_cAll_d12_mPO3_ch02;gHO_sBM_cAll_d20_mHO5_ch10;gHO_sBM_cAll_d21_mHO5_ch10;gHO_sBM_cAll_d20_mHO5_ch06;gHO_sBM_cAll_d21_mHO5_ch09;gHO_sBM_cAll_d21_mHO5_ch03,,43.564500,549.950200,53.140800,3477.906400,accepted,0.955760,,0.919564,0.254157622,31.212867,0.097837,HO,0.851451,0.006179,0.002777,JB3:0.678975;JB5:0.672796;JB1:0.657986;LO4:0.624226;WA4:0.614871,gHO_sBM_cAll_d20_mHO5_ch10:0.664596;gHO_sBM_cAll_d21_mHO5_ch10:0.661819;gHO_sBM_cAll_d20_mHO5_ch06:0.661708;gHO_sBM_cAll_d21_mHO5_ch09:0.660639;gHO_sBM_cAll_d21_mHO5_ch03:0.654142;gHO_sBM_cAll_d21_mHO5_ch05:0.646721;gHO_sBM_cAll_d20_mHO5_ch05:0.643513;gHO_sBM_cAll_d21_mHO5_ch02:0.643314;gHO_sBM_cAll_d20_mHO5_ch04:0.642664;gHO_sBM_cAll_d21_mHO5_ch04:0.640618,Electronic---Techno:0.286608;Electronic---Electro:0.213665;Electronic---Deep Techno:0.109608;Electronic---Synthwave:0.104260;Electronic---Ambient:0.097837,PO:v1:k0:r1,,JB3,0.678975,gHO_sBM_cAll_d20_mHO5_ch10,0.664596,120.967742
18.360000,18.381207900,,hermite,failed,Candidates and replay infeasible: Boundary state exceeds joint limits,6.217248937900877e-15,7.612957883143931e-14,4.495270369094512e-13,0,0.9954187626229567,1,gPO_sBM_cAll_d12_mPO3_ch02,,,17.368000,gHO_sBM_cAll_d20_mHO5_ch10;gHO_sBM_cAll_d21_mHO5_ch10;gHO_sBM_cAll_d20_mHO5_ch06;gHO_sBM_cAll_d21_mHO5_ch09;gHO_sBM_cAll_d21_mHO5_ch03,13.451277,113,,,,0.947247215,0.216061185,0.000000,motion_end,0.216061185,0.077234,0.128347,0.034431,0.000000,0.087300,0.000000,4.270833,0.350000,beat-sync,0.867301,0.840054,,0.000000000,0.174274452,left_wrist_yaw,0.051535903,right_wrist_roll,0.174274452,left_wrist_yaw,0.044295380,right_wrist_roll,-0.456459,0.460688,0.862667,1.977928,0.000000000,0.000000000,0.000000000,0.000950786,0.000796964,0.007295884,17.720000,0.000000000,0.000000000,,0.093157,0.081682,11.199899,,0.005749675,0,1,0,10,gPO_sBM_cAll_d10_mPO0_ch01;gPO_sBM_cAll_d11_mPO0_ch01;gPO_sBM_cAll_d11_mPO0_ch02;gPO_sBM_cAll_d10_mPO0_ch02;gPO_sBM_cAll_d12_mPO3_ch02;gHO_sBM_cAll_d20_mHO5_ch10;gHO_sBM_cAll_d21_mHO5_ch10;gHO_sBM_cAll_d20_mHO5_ch06;gHO_sBM_cAll_d21_mHO5_ch09;gHO_sBM_cAll_d21_mHO5_ch03,,43.564500,549.950200,53.140800,3477.906400,accepted,0.955760,,0.919564,0.254157622,31.212867,0.097837,HO,0.851451,0.006179,0.002777,JB3:0.678975;JB5:0.672796;JB1:0.657986;LO4:0.624226;WA4:0.614871,gHO_sBM_cAll_d20_mHO5_ch10:0.664596;gHO_sBM_cAll_d21_mHO5_ch10:0.661819;gHO_sBM_cAll_d20_mHO5_ch06:0.661708;gHO_sBM_cAll_d21_mHO5_ch09:0.660639;gHO_sBM_cAll_d21_mHO5_ch03:0.654142;gHO_sBM_cAll_d21_mHO5_ch05:0.646721;gHO_sBM_cAll_d20_mHO5_ch05:0.643513;gHO_sBM_cAll_d21_mHO5_ch02:0.643314;gHO_sBM_cAll_d20_mHO5_ch04:0.642664;gHO_sBM_cAll_d21_mHO5_ch04:0.640618,Electronic---Techno:0.286608;Electronic---Electro:0.213665;Electronic---Deep Techno:0.109608;Electronic---Synthwave:0.104260;Electronic---Ambient:0.097837,PO:v1:k0:r1,,JB3,0.678975,gHO_sBM_cAll_d20_mHO5_ch10,0.664596,120.967742
18.424000,18.444990500,,hermite,failed,Candidates and replay infeasible: Boundary state exceeds joint limits,6.217248937900877e-15,7.612957883143931e-14,4.495270369094512e-13,0,0.9468012118943823,1,gPO_sBM_cAll_d12_mPO3_ch02,,,17.368000,gHO_sBM_cAll_d20_mHO5_ch10;gHO_sBM_cAll_d21_mHO5_ch10;gHO_sBM_cAll_d20_mHO5_ch06;gHO_sBM_cAll_d21_mHO5_ch09;gHO_sBM_cAll_d21_mHO5_ch03,13.451277,113,,,,0.953749757,0.216061185,0.000000,motion_end,0.216061185,0.077234,0.128347,0.034431,0.000000,0.087300,0.000000,4.270833,0.350000,beat-sync,0.860291,0.840054,,0.000000000,0.171713088,left_wrist_yaw,0.067334049,right_wrist_roll,0.171713088,left_wrist_yaw,0.081302463,right_wrist_roll,-0.462401,0.458731,0.862386,1.962828,0.000000000,0.000000000,0.000000000,0.000950786,0.000796964,0.007295884,17.720000,0.000000000,0.000000000,,0.103601,0.088246,11.115312,,0.005729349,0,1,0,10,gPO_sBM_cAll_d10_mPO0_ch01;gPO_sBM_cAll_d11_mPO0_ch01;gPO_sBM_cAll_d11_mPO0_ch02;gPO_sBM_cAll_d10_mPO0_ch02;gPO_sBM_cAll_d12_mPO3_ch02;gHO_sBM_cAll_d20_mHO5_ch10;gHO_sBM_cAll_d21_mHO5_ch10;gHO_sBM_cAll_d20_mHO5_ch06;gHO_sBM_cAll_d21_mHO5_ch09;gHO_sBM_cAll_d21_mHO5_ch03,,43.564500,549.950200,53.140800,3477.906400,accepted,0.955760,,0.919564,0.254157622,31.212867,0.097837,HO,0.851451,0.006179,0.002777,JB3:0.678975;JB5:0.672796;JB1:0.657986;LO4:0.624226;WA4:0.614871,gHO_sBM_cAll_d20_mHO5_ch10:0.664596;gHO_sBM_cAll_d21_mHO5_ch10:0.661819;gHO_sBM_cAll_d20_mHO5_ch06:0.661708;gHO_sBM_cAll_d21_mHO5_ch09:0.660639;gHO_sBM_cAll_d21_mHO5_ch03:0.654142;gHO_sBM_cAll_d21_mHO5_ch05:0.646721;gHO_sBM_cAll_d20_mHO5_ch05:0.643513;gHO_sBM_cAll_d21_mHO5_ch02:0.643314;gHO_sBM_cAll_d20_mHO5_ch04:0.642664;gHO_sBM_cAll_d21_mHO5_ch04:0.640618,Electronic---Techno:0.286608;Electronic---Electro:0.213665;Electronic---Deep Techno:0.109608;Electronic---Synthwave:0.104260;Electronic---Ambient:0.097837,PO:v1:k0:r1,,JB3,0.678975,gHO_sBM_cAll_d20_mHO5_ch10,0.664596,120.967742
18.456000,18.469551000,,hermite,failed,Candidates and replay infeasible: Boundary state exceeds joint limits,6.217248937900877e-15,7.612957883143931e-14,4.495270369094512e-13,0,0.9096316126606769,1,gPO_sBM_cAll_d12_mPO3_ch02,,,17.368000,gHO_sBM_cAll_d20_mHO5_ch10;gHO_sBM_cAll_d21_mHO5_ch10;gHO_sBM_cAll_d20_mHO5_ch06;gHO_sBM_cAll_d21_mHO5_ch09;gHO_sBM_cAll_d21_mHO5_ch03,13.451277,113,,,,0.956238289,0.216061185,0.000000,motion_end,0.216061185,0.077234,0.128347,0.034431,0.000000,0.087300,0.000000,4.270833,0.350000,beat-sync,0.858119,0.840054,,0.000000000,0.170504581,left_wrist_yaw,0.068703677,right_wrist_roll,0.170504581,left_wrist_yaw,0.087426610,right_wrist_roll,-0.463796,0.458467,0.862008,1.962211,0.000000000,0.000000000,0.000000000,0.000950786,0.000796964,0.007295884,17.720000,0.000000000,0.000000000,,0.087427,0.074802,5.803055,,0.005721764,0,1,0,10,gPO_sBM_cAll_d10_mPO0_ch01;gPO_sBM_cAll_d11_mPO0_ch01;gPO_sBM_cAll_d11_mPO0_ch02;gPO_sBM_cAll_d10_mPO0_ch02;gPO_sBM_cAll_d12_mPO3_ch02;gHO_sBM_cAll_d20_mHO5_ch10;gHO_sBM_cAll_d21_mHO5_ch10;gHO_sBM_cAll_d20_mHO5_ch06;gHO_sBM_cAll_d21_mHO5_ch09;gHO_sBM_cAll_d21_mHO5_ch03,,43.564500,549.950200,53.140800,3477.906400,accepted,0.955760,,0.919564,0.254157622,31.212867,0.097837,HO,0.851451,0.006179,0.002777,JB3:0.678975;JB5:0.672796;JB1:0.657986;LO4:0.624226;WA4:0.614871,gHO_sBM_cAll_d20_mHO5_ch10:0.664596;gHO_sBM_cAll_d21_mHO5_ch10:0.661819;gHO_sBM_cAll_d20_mHO5_ch06:0.661708;gHO_sBM_cAll_d21_mHO5_ch09:0.660639;gHO_sBM_cAll_d21_mHO5_ch03:0.654142;gHO_sBM_cAll_d21_mHO5_ch05:0.646721;gHO_sBM_cAll_d20_mHO5_ch05:0.643513;gHO_sBM_cAll_d21_mHO5_ch02:0.643314;gHO_sBM_cAll_d20_mHO5_ch04:0.642664;gHO_sBM_cAll_d21_mHO5_ch04:0.640618,Electronic---Techno:0.286608;Electronic---Electro:0.213665;Electronic---Deep Techno:0.109608;Electronic---Synthwave:0.104260;Electronic---Ambient:0.097837,PO:v1:k0:r1,,JB3,0.678975,gHO_sBM_cAll_d20_mHO5_ch10,0.664596,120.967742
18.520000,18.536219500,,hermite,failed,Candidates and replay infeasible: Boundary state exceeds joint limits,6.217248937900877e-15,7.612957883143931e-14,4.495270369094512e-13,0,0.7592871977424792,1,gPO_sBM_cAll_d12_mPO3_ch02,,,17.368000,gHO_sBM_cAll_d20_mHO5_ch10;gHO_sBM_cAll_d21_mHO5_ch10;gHO_sBM_cAll_d20_mHO5_ch06;gHO_sBM_cAll_d21_mHO5_ch09;gHO_sBM_cAll_d21_mHO5_ch03,13.451277,113,,,,0.962918948,0.216061185,0.000000,motion_end,0.216061185,0.077234,0.128347,0.034431,0.000000,0.087300,0.000000,4.270833,0.350000,beat-sync,0.853416,0.840054,,0.000000000,0.166773672,left_wrist_yaw,0.079428836,right_wrist_roll,0.166773672,left_wrist_yaw,0.129722090,right_wrist_roll,-0.468376,0.457424,0.860666,1.945971,0.000000000,0.000000000,0.000000000,0.000950786,0.000796964,0.007295884,17.720000,0.000000000,0.000000000,,0.143823,0.113386,14.425582,,0.005701635,0,1,0,10,gPO_sBM_cAll_d10_mPO0_ch01;gPO_sBM_cAll_d11_mPO0_ch01;gPO_sBM_cAll_d11_mPO0_ch02;gPO_sBM_cAll_d10_mPO0_ch02;gPO_sBM_cAll_d12_mPO3_ch02;gHO_sBM_cAll_d20_mHO5_ch10;gHO_sBM_cAll_d21_mHO5_ch10;gHO_sBM_cAll_d20_mHO5_ch06;gHO_sBM_cAll_d21_mHO5_ch09;gHO_sBM_cAll_d21_mHO5_ch03,,43.564500,549.950200,53.140800,3477.906400,accepted,0.955760,,0.919564,0.254157622,31.212867,0.097837,HO,0.851451,0.006179,0.002777,JB3:0.678975;JB5:0.672796;JB1:0.657986;LO4:0.624226;WA4:0.614871,gHO_sBM_cAll_d20_mHO5_ch10:0.664596;gHO_sBM_cAll_d21_mHO5_ch10:0.661819;gHO_sBM_cAll_d20_mHO5_ch06:0.661708;gHO_sBM_cAll_d21_mHO5_ch09:0.660639;gHO_sBM_cAll_d21_mHO5_ch03:0.654142;gHO_sBM_cAll_d21_mHO5_ch05:0.646721;gHO_sBM_cAll_d20_mHO5_ch05:0.643513;gHO_sBM_cAll_d21_mHO5_ch02:0.643314;gHO_sBM_cAll_d20_mHO5_ch04:0.642664;gHO_sBM_cAll_d21_mHO5_ch04:0.640618,Electronic---Techno:0.286608;Electronic---Electro:0.213665;Electronic---Deep Techno:0.109608;Electronic---Synthwave:0.104260;Electronic---Ambient:0.097837,PO:v1:k0:r1,,JB3,0.678975,gHO_sBM_cAll_d20_mHO5_ch10,0.664596,120.967742
18.552000,18.562615500,,hermite,failed,Candidates and replay infeasible: Boundary state exceeds joint limits,6.217248937900877e-15,7.612957883143931e-14,4.495270369094512e-13,0,0.6841972716600251,1,gPO_sBM_cAll_d12_mPO3_ch02,,,17.368000,gHO_sBM_cAll_d20_mHO5_ch10;gHO_sBM_cAll_d21_mHO5_ch10;gHO_sBM_cAll_d20_mHO5_ch06;gHO_sBM_cAll_d21_mHO5_ch09;gHO_sBM_cAll_d21_mHO5_ch03,13.451277,113,,,,0.965528781,0.216061185,0.000000,motion_end,0.216061185,0.077234,0.128347,0.034431,0.000000,0.087300,0.000000,4.270833,0.350000,beat-sync,0.851954,0.840054,,0.000000000,0.165250685,left_wrist_yaw,0.085868142,right_wrist_roll,0.165250685,left_wrist_yaw,0.103378868,right_wrist_roll,-0.470539,0.457522,0.860176,1.939017,0.000000000,0.000000000,0.000000000,0.000950786,0.000796964,0.007295884,17.720000,0.000000000,0.000000000,,0.103379,0.079996,0.262440,,0.005694123,0,1,0,10,gPO_sBM_cAll_d10_mPO0_ch01;gPO_sBM_cAll_d11_mPO0_ch01;gPO_sBM_cAll_d11_mPO0_ch02;gPO_sBM_cAll_d10_mPO0_ch02;gPO_sBM_cAll_d12_mPO3_ch02;gHO_sBM_cAll_d20_mHO5_ch10;gHO_sBM_cAll_d21_mHO5_ch10;gHO_sBM_cAll_d20_mHO5_ch06;gHO_sBM_cAll_d21_mHO5_ch09;gHO_sBM_cAll_d21_mHO5_ch03,,43.564500,549.950200,53.140800,3477.906400,accepted,0.955760,,0.919564,0.254157622,31.212867,0.097837,HO,0.851451,0.006179,0.002777,JB3:0.678975;JB5:0.672796;JB1:0.657986;LO4:0.624226;WA4:0.614871,gHO_sBM_cAll_d20_mHO5_ch10:0.664596;gHO_sBM_cAll_d21_mHO5_ch10:0.661819;gHO_sBM_cAll_d20_mHO5_ch06:0.661708;gHO_sBM_cAll_d21_mHO5_ch09:0.660639;gHO_sBM_cAll_d21_mHO5_ch03:0.654142;gHO_sBM_cAll_d21_mHO5_ch05:0.646721;gHO_sBM_cAll_d20_mHO5_ch05:0.643513;gHO_sBM_cAll_d21_mHO5_ch02:0.643314;gHO_sBM_cAll_d20_mHO5_ch04:0.642664;gHO_sBM_cAll_d21_mHO5_ch04:0.640618,Electronic---Techno:0.286608;Electronic---Electro:0.213665;Electronic---Deep Techno:0.109608;Electronic---Synthwave:0.104260;Electronic---Ambient:0.097837,PO:v1:k0:r1,,JB3,0.678975,gHO_sBM_cAll_d20_mHO5_ch10,0.664596,120.967742
18.616000,18.627872100,,hermite,failed,Candidates and replay infeasible: Boundary state exceeds joint limits,6.217248937900877e-15,7.612957883143931e-14,4.495270369094512e-13,0,0.46261320185494703,1,gPO_sBM_cAll_d12_mPO3_ch02,,,17.368000,gHO_sBM_cAll_d20_mHO5_ch10;gHO_sBM_cAll_d21_mHO5_ch10;gHO_sBM_cAll_d20_mHO5_ch06;gHO_sBM_cAll_d21_mHO5_ch09;gHO_sBM_cAll_d21_mHO5_ch03,13.451277,113,,,,0.972464292,0.216061185,0.000000,motion_end,0.216061185,0.077234,0.128347,0.034431,0.000000,0.087300,0.000000,4.270833,0.350000,beat-sync,0.848861,0.840054,,0.000000000,0.161502633,left_wrist_yaw,0.073658948,right_wrist_roll,0.161502633,left_wrist_yaw,0.090003603,right_wrist_roll,-0.474878,0.460865,0.858627,1.945707,0.000000000,0.000000000,0.000000000,0.000950786,0.000796964,0.007295884,17.720000,0.000000000,0.000000000,,0.090004,0.077145,3.390529,,0.005674187,0,1,0,10,gPO_sBM_cAll_d10_mPO0_ch01;gPO_sBM_cAll_d11_mPO0_ch01;gPO_sBM_cAll_d11_mPO0_ch02;gPO_sBM_cAll_d10_mPO0_ch02;gPO_sBM_cAll_d12_mPO3_ch02;gHO_sBM_cAll_d20_mHO5_ch10;gHO_sBM_cAll_d21_mHO5_ch10;gHO_sBM_cAll_d20_mHO5_ch06;gHO_sBM_cAll_d21_mHO5_ch09;gHO_sBM_cAll_d21_mHO5_ch03,,43.564500,549.950200,53.140800,3477.906400,accepted,0.955760,,0.919564,0.254157622,31.212867,0.097837,HO,0.851451,0.006179,0.002777,JB3:0.678975;JB5:0.672796;JB1:0.657986;LO4:0.624226;WA4:0.614871,gHO_sBM_cAll_d20_mHO5_ch10:0.664596;gHO_sBM_cAll_d21_mHO5_ch10:0.661819;gHO_sBM_cAll_d20_mHO5_ch06:0.661708;gHO_sBM_cAll_d21_mHO5_ch09:0.660639;gHO_sBM_cAll_d21_mHO5_ch03:0.654142;gHO_sBM_cAll_d21_mHO5_ch05:0.646721;gHO_sBM_cAll_d20_mHO5_ch05:0.643513;gHO_sBM_cAll_d21_mHO5_ch02:0.643314;gHO_sBM_cAll_d20_mHO5_ch04:0.642664;gHO_sBM_cAll_d21_mHO5_ch04:0.640618,Electronic---Techno:0.286608;Electronic---Electro:0.213665;Electronic---Deep Techno:0.109608;Electronic---Synthwave:0.104260;Electronic---Ambient:0.097837,PO:v1:k0:r1,,JB3,0.678975,gHO_sBM_cAll_d20_mHO5_ch10,0.664596,120.967742
18.680000,18.687557700,,hermite,failed,Candidates and replay infeasible: Boundary state exceeds joint limits,6.217248937900877e-15,7.612957883143931e-14,4.495270369094512e-13,0,0.26552777614216333,1,gPO_sBM_cAll_d12_mPO3_ch02,,,17.368000,gHO_sBM_cAll_d20_mHO5_ch10;gHO_sBM_cAll_d21_mHO5_ch10;gHO_sBM_cAll_d20_mHO5_ch06;gHO_sBM_cAll_d21_mHO5_ch09;gHO_sBM_cAll_d21_mHO5_ch03,13.451277,113,,,,0.978828581,0.216061185,0.000000,motion_end,0.216061185,0.077234,0.128347,0.034431,0.000000,0.087300,0.000000,4.270833,0.350000,beat-sync,0.846796,0.840054,,0.000000000,0.158971352,left_wrist_yaw,0.054120842,right_wrist_roll,0.158971352,left_wrist_yaw,0.052566758,right_wrist_roll,-0.478486,0.464436,0.856721,1.938759,0.000000000,0.000000000,0.000000000,0.000950786,0.000796964,0.007295884,17.720000,0.000000000,0.000000000,,0.052567,0.046997,1.201312,,0.005656857,0,1,0,10,gPO_sBM_cAll_d10_mPO0_ch01;gPO_sBM_cAll_d11_mPO0_ch01;gPO_sBM_cAll_d11_mPO0_ch02;gPO_sBM_cAll_d10_mPO0_ch02;gPO_sBM_cAll_d12_mPO3_ch02;gHO_sBM_cAll_d20_mHO5_ch10;gHO_sBM_cAll_d21_mHO5_ch10;gHO_sBM_cAll_d20_mHO5_ch06;gHO_sBM_cAll_d21_mHO5_ch09;gHO_sBM_cAll_d21_mHO5_ch03,,43.564500,549.950200,53.140800,3477.906400,accepted,0.955760,,0.919564,0.254157622,31.212867,0.097837,HO,0.851451,0.006179,0.002777,JB3:0.678975;JB5:0.672796;JB1:0.657986;LO4:0.624226;WA4:0.614871,gHO_sBM_cAll_d20_mHO5_ch10:0.664596;gHO_sBM_cAll_d21_mHO5_ch10:0.661819;gHO_sBM_cAll_d20_mHO5_ch06:0.661708;gHO_sBM_cAll_d21_mHO5_ch09:0.660639;gHO_sBM_cAll_d21_mHO5_ch03:0.654142;gHO_sBM_cAll_d21_mHO5_ch05:0.646721;gHO_sBM_cAll_d20_mHO5_ch05:0.643513;gHO_sBM_cAll_d21_mHO5_ch02:0.643314;gHO_sBM_cAll_d20_mHO5_ch04:0.642664;gHO_sBM_cAll_d21_mHO5_ch04:0.640618,Electronic---Techno:0.286608;Electronic---Electro:0.213665;Electronic---Deep Techno:0.109608;Electronic---Synthwave:0.104260;Electronic---Ambient:0.097837,PO:v1:k0:r1,,JB3,0.678975,gHO_sBM_cAll_d20_mHO5_ch10,0.664596,120.967742
18.712000,18.720968100,match,hermite,failed,Candidates and replay infeasible: Boundary state exceeds joint limits,6.217248937900877e-15,7.612957883143931e-14,4.495270369094512e-13,0,0.1701905414744493,1,gPO_sBM_cAll_d12_mPO3_ch02,,,18.392000,gHO_sBM_cAll_d20_mHO5_ch10;gHO_sBM_cAll_d21_mHO5_ch10;gHO_sBM_cAll_d20_mHO5_ch06;gHO_sBM_cAll_d21_mHO5_ch09;gHO_sBM_cAll_d21_mHO5_ch03,13.451277,113,,,,0.982486371,0.216061185,0.000000,motion_end,0.216061185,0.077234,0.128347,0.034431,0.000000,0.087300,0.000000,4.270833,0.350000,beat-sync,0.845856,0.840054,,0.000000000,0.156694208,left_wrist_yaw,0.302995842,right_wrist_yaw,0.156694208,left_wrist_yaw,0.311098080,right_wrist_yaw,-0.479912,0.464796,0.855759,1.930900,0.000000000,0.000000000,0.000000000,0.000950786,0.000796964,0.007295884,17.720000,0.000000000,0.000000000,,0.599824,0.510743,24.561334,,0.005647002,0,1,0,10,gPO_sBM_cAll_d10_mPO0_ch01;gPO_sBM_cAll_d11_mPO0_ch01;gPO_sBM_cAll_d11_mPO0_ch02;gPO_sBM_cAll_d10_mPO0_ch02;gPO_sBM_cAll_d12_mPO3_ch02;gHO_sBM_cAll_d20_mHO5_ch10;gHO_sBM_cAll_d21_mHO5_ch10;gHO_sBM_cAll_d20_mHO5_ch06;gHO_sBM_cAll_d21_mHO5_ch09;gHO_sBM_cAll_d21_mHO5_ch03,,43.564500,549.950200,53.140800,3477.906400,accepted,0.957412,,0.922568,0.255221041,30.936256,0.096035,HO,0.851646,0.006622,0.002773,JB3:0.679591;JB5:0.672970;JB1:0.657533;LO4:0.626375;WA4:0.617435,gHO_sBM_cAll_d20_mHO5_ch10:0.663868;gHO_sBM_cAll_d21_mHO5_ch10:0.661095;gHO_sBM_cAll_d20_mHO5_ch06:0.660982;gHO_sBM_cAll_d21_mHO5_ch09:0.659917;gHO_sBM_cAll_d21_mHO5_ch03:0.653608;gHO_sBM_cAll_d21_mHO5_ch05:0.646012;gHO_sBM_cAll_d20_mHO5_ch05:0.642798;gHO_sBM_cAll_d21_mHO5_ch02:0.642615;gHO_sBM_cAll_d20_mHO5_ch04:0.641956;gHO_sBM_cAll_d21_mHO5_ch04:0.639919,Electronic---Techno:0.279399;Electronic---Electro:0.210278;Electronic---Deep Techno:0.110023;Electronic---Synthwave:0.106969;Electronic---Deep House:0.099071,PO:v1:k0:r1,,JB3,0.679591,gHO_sBM_cAll_d20_mHO5_ch10,0.663868,120.967742
18.776000,18.802316500,,hermite,failed,Candidates and replay infeasible: Boundary state exceeds joint limits,6.217248937900877e-15,7.612957883143931e-14,4.495270369094512e-13,1,0.022682993358600557,1,gPO_sBM_cAll_d12_mPO3_ch02,,,18.392000,gHO_sBM_cAll_d20_mHO5_ch10;gHO_sBM_cAll_d21_mHO5_ch10;gHO_sBM_cAll_d20_mHO5_ch06;gHO_sBM_cAll_d21_mHO5_ch09;gHO_sBM_cAll_d21_mHO5_ch03,13.451277,113,,,,0.991880190,0.216061185,0.000000,motion_end,0.216061185,0.077234,0.128347,0.034431,0.000000,0.087300,0.000000,4.270833,0.350000,beat-sync,0.844033,0.840054,,0.000000000,0.233535530,right_wrist_yaw,0.844240949,right_wrist_yaw,0.233535530,right_wrist_yaw,1.818481505,right_wrist_yaw,-0.479536,0.464526,0.856098,1.927663,0.000000000,0.000000000,0.000000000,0.000950786,0.000796964,0.007295884,17.720000,0.000000000,0.000000000,,18.189366,10.681835,1120.470278,left_shoulder_pitch;left_shoulder_yaw;right_knee;right_shoulder_pitch;right_shoulder_yaw,0.005697281,0,1,0,10,gPO_sBM_cAll_d10_mPO0_ch01;gPO_sBM_cAll_d11_mPO0_ch01;gPO_sBM_cAll_d11_mPO0_ch02;gPO_sBM_cAll_d10_mPO0_ch02;gPO_sBM_cAll_d12_mPO3_ch02;gHO_sBM_cAll_d20_mHO5_ch10;gHO_sBM_cAll_d21_mHO5_ch10;gHO_sBM_cAll_d20_mHO5_ch06;gHO_sBM_cAll_d21_mHO5_ch09;gHO_sBM_cAll_d21_mHO5_ch03,,43.564500,549.950200,53.140800,3477.906400,accepted,0.957412,,0.922568,0.255221041,30.936256,0.096035,HO,0.851646,0.006622,0.002773,JB3:0.679591;JB5:0.672970;JB1:0.657533;LO4:0.626375;WA4:0.617435,gHO_sBM_cAll_d20_mHO5_ch10:0.663868;gHO_sBM_cAll_d21_mHO5_ch10:0.661095;gHO_sBM_cAll_d20_mHO5_ch06:0.660982;gHO_sBM_cAll_d21_mHO5_ch09:0.659917;gHO_sBM_cAll_d21_mHO5_ch03:0.653608;gHO_sBM_cAll_d21_mHO5_ch05:0.646012;gHO_sBM_cAll_d20_mHO5_ch05:0.642798;gHO_sBM_cAll_d21_mHO5_ch02:0.642615;gHO_sBM_cAll_d20_mHO5_ch04:0.641956;gHO_sBM_cAll_d21_mHO5_ch04:0.639919,Electronic---Techno:0.279399;Electronic---Electro:0.210278;Electronic---Deep Techno:0.110023;Electronic---Synthwave:0.106969;Electronic---Deep House:0.099071,PO:v1:k0:r1,,JB3,0.679591,gHO_sBM_cAll_d20_mHO5_ch10,0.663868,120.967742
18.808000,18.828097000,,hermite,failed,Candidates and replay infeasible: Boundary state exceeds joint limits,6.217248937900877e-15,7.612957883143931e-14,4.495270369094512e-13,0,0.006592630054340598,1,gPO_sBM_cAll_d12_mPO3_ch02,,,18.392000,gHO_sBM_cAll_d20_mHO5_ch10;gHO_sBM_cAll_d21_mHO5_ch10;gHO_sBM_cAll_d20_mHO5_ch06;gHO_sBM_cAll_d21_mHO5_ch09;gHO_sBM_cAll_d21_mHO5_ch03,13.451277,113,,,,0.994766704,0.216061185,0.000000,motion_end,0.216061185,0.077234,0.128347,0.034431,0.000000,0.087300,0.000000,4.270833,0.350000,beat-sync,0.843602,0.840054,,0.000000000,0.237803382,right_wrist_yaw,0.247234644,left_wrist_yaw,0.237803382,right_wrist_yaw,0.306144120,left_wrist_yaw,-0.480830,0.467078,0.855160,1.918666,0.000000000,0.000000000,0.000000000,0.000950786,0.000796964,0.007295884,17.720000,0.000000000,0.000000000,,11.043185,9.215161,244.648739,,0.005704813,0,1,0,10,gPO_sBM_cAll_d10_mPO0_ch01;gPO_sBM_cAll_d11_mPO0_ch01;gPO_sBM_cAll_d11_mPO0_ch02;gPO_sBM_cAll_d10_mPO0_ch02;gPO_sBM_cAll_d12_mPO3_ch02;gHO_sBM_cAll_d20_mHO5_ch10;gHO_sBM_cAll_d21_mHO5_ch10;gHO_sBM_cAll_d20_mHO5_ch06;gHO_sBM_cAll_d21_mHO5_ch09;gHO_sBM_cAll_d21_mHO5_ch03,,43.564500,549.950200,53.140800,3477.906400,accepted,0.957412,,0.922568,0.255221041,30.936256,0.096035,HO,0.851646,0.006622,0.002773,JB3:0.679591;JB5:0.672970;JB1:0.657533;LO4:0.626375;WA4:0.617435,gHO_sBM_cAll_d20_mHO5_ch10:0.663868;gHO_sBM_cAll_d21_mHO5_ch10:0.661095;gHO_sBM_cAll_d20_mHO5_ch06:0.660982;gHO_sBM_cAll_d21_mHO5_ch09:0.659917;gHO_sBM_cAll_d21_mHO5_ch03:0.653608;gHO_sBM_cAll_d21_mHO5_ch05:0.646012;gHO_sBM_cAll_d20_mHO5_ch05:0.642798;gHO_sBM_cAll_d21_mHO5_ch02:0.642615;gHO_sBM_cAll_d20_mHO5_ch04:0.641956;gHO_sBM_cAll_d21_mHO5_ch04:0.639919,Electronic---Techno:0.279399;Electronic---Electro:0.210278;Electronic---Deep Techno:0.110023;Electronic---Synthwave:0.106969;Electronic---Deep House:0.099071,PO:v1:k0:r1,,JB3,0.679591,gHO_sBM_cAll_d20_mHO5_ch10,0.663868,120.967742
18.840000,18.877299800,bridge_hold,hermite,terminal_hold,Candidates and replay infeasible: Boundary state exceeds joint limits,,,,0,0.0,1,gPO_sBM_cAll_d12_mPO3_ch02,,,18.392000,gHO_sBM_cAll_d20_mHO5_ch10;gHO_sBM_cAll_d21_mHO5_ch10;gHO_sBM_cAll_d20_mHO5_ch06;gHO_sBM_cAll_d21_mHO5_ch09;gHO_sBM_cAll_d21_mHO5_ch03,19.869282,113,,,,1.000000000,0.216061185,0.000000,motion_end,0.216061185,0.077234,0.128347,0.034431,0.000000,0.087300,0.000000,4.270833,0.350000,beat-sync,0.842880,0.840054,,0.000000000,0.234246373,right_wrist_yaw,0.412301834,left_wrist_yaw,0.234246373,right_wrist_yaw,0.573377270,left_wrist_yaw,-0.479846,0.464869,0.856513,1.913128,0.000000000,0.000000000,0.000000000,0.000950786,0.000796964,0.007295884,17.720000,0.000000000,0.000000000,,1.396497,1.154318,272.178821,,0.005690028,0,1,0,10,gPO_sBM_cAll_d10_mPO0_ch01;gPO_sBM_cAll_d11_mPO0_ch01;gPO_sBM_cAll_d11_mPO0_ch02;gPO_sBM_cAll_d10_mPO0_ch02;gPO_sBM_cAll_d12_mPO3_ch02;gHO_sBM_cAll_d20_mHO5_ch10;gHO_sBM_cAll_d21_mHO5_ch10;gHO_sBM_cAll_d20_mHO5_ch06;gHO_sBM_cAll_d21_mHO5_ch09;gHO_sBM_cAll_d21_mHO5_ch03,,43.564500,549.950200,53.140800,3477.906400,accepted,0.957412,,0.922568,0.255221041,30.936256,0.096035,HO,0.851646,0.006622,0.002773,JB3:0.679591;JB5:0.672970;JB1:0.657533;LO4:0.626375;WA4:0.617435,gHO_sBM_cAll_d20_mHO5_ch10:0.663868;gHO_sBM_cAll_d21_mHO5_ch10:0.661095;gHO_sBM_cAll_d20_mHO5_ch06:0.660982;gHO_sBM_cAll_d21_mHO5_ch09:0.659917;gHO_sBM_cAll_d21_mHO5_ch03:0.653608;gHO_sBM_cAll_d21_mHO5_ch05:0.646012;gHO_sBM_cAll_d20_mHO5_ch05:0.642798;gHO_sBM_cAll_d21_mHO5_ch02:0.642615;gHO_sBM_cAll_d20_mHO5_ch04:0.641956;gHO_sBM_cAll_d21_mHO5_ch04:0.639919,Electronic---Techno:0.279399;Electronic---Electro:0.210278;Electronic---Deep Techno:0.110023;Electronic---Synthwave:0.106969;Electronic---Deep House:0.099071,PO:v1:k0:r1,,JB3,0.679591,gHO_sBM_cAll_d20_mHO5_ch10,0.663868,120.967742
18.872000,18.892824200,,hermite,terminal_hold,Candidates and replay infeasible: Boundary state exceeds joint limits,,,,0,0.0,1,gPO_sBM_cAll_d12_mPO3_ch02,,,18.392000,gHO_sBM_cAll_d20_mHO5_ch10;gHO_sBM_cAll_d21_mHO5_ch10;gHO_sBM_cAll_d20_mHO5_ch06;gHO_sBM_cAll_d21_mHO5_ch09;gHO_sBM_cAll_d21_mHO5_ch03,19.869282,113,,,,1.000000000,0.216061185,0.000000,motion_end,0.216061185,0.077234,0.128347,0.034431,0.000000,0.087300,0.000000,4.270833,0.350000,beat-sync,0.842880,0.840054,,0.000000000,0.234246373,right_wrist_yaw,0.000000000,right_wrist_pitch,0.234246373,right_wrist_yaw,0.000000000,right_wrist_pitch,-0.479846,0.464869,0.856513,1.913128,0.000000000,0.000000000,0.000000000,0.000950786,0.000796964,0.007295884,17.720000,0.000000000,0.000000000,,0.000000,0.000000,0.000000,,0.005685116,0,1,0,10,gPO_sBM_cAll_d10_mPO0_ch01;gPO_sBM_cAll_d11_mPO0_ch01;gPO_sBM_cAll_d11_mPO0_ch02;gPO_sBM_cAll_d10_mPO0_ch02;gPO_sBM_cAll_d12_mPO3_ch02;gHO_sBM_cAll_d20_mHO5_ch10;gHO_sBM_cAll_d21_mHO5_ch10;gHO_sBM_cAll_d20_mHO5_ch06;gHO_sBM_cAll_d21_mHO5_ch09;gHO_sBM_cAll_d21_mHO5_ch03,,43.564500,549.950200,53.140800,3477.906400,accepted,0.957412,,0.922568,0.255221041,30.936256,0.096035,HO,0.851646,0.006622,0.002773,JB3:0.679591;JB5:0.672970;JB1:0.657533;LO4:0.626375;WA4:0.617435,gHO_sBM_cAll_d20_mHO5_ch10:0.663868;gHO_sBM_cAll_d21_mHO5_ch10:0.661095;gHO_sBM_cAll_d20_mHO5_ch06:0.660982;gHO_sBM_cAll_d21_mHO5_ch09:0.659917;gHO_sBM_cAll_d21_mHO5_ch03:0.653608;gHO_sBM_cAll_d21_mHO5_ch05:0.646012;gHO_sBM_cAll_d20_mHO5_ch05:0.642798;gHO_sBM_cAll_d21_mHO5_ch02:0.642615;gHO_sBM_cAll_d20_mHO5_ch04:0.641956;gHO_sBM_cAll_d21_mHO5_ch04:0.639919,Electronic---Techno:0.279399;Electronic---Electro:0.210278;Electronic---Deep Techno:0.110023;Electronic---Synthwave:0.106969;Electronic---Deep House:0.099071,PO:v1:k0:r1,,JB3,0.679591,gHO_sBM_cAll_d20_mHO5_ch10,0.663868,120.967742
18.904000,18.919071200,,hermite,terminal_hold,Candidates and replay infeasible: Boundary state exceeds joint limits,,,,0,0.0,1,gPO_sBM_cAll_d12_mPO3_ch02,,,18.392000,gHO_sBM_cAll_d20_mHO5_ch10;gHO_sBM_cAll_d21_mHO5_ch10;gHO_sBM_cAll_d20_mHO5_ch06;gHO_sBM_cAll_d21_mHO5_ch09;gHO_sBM_cAll_d21_mHO5_ch03,19.869282,113,,,,1.000000000,0.216061185,0.000000,motion_end,0.216061185,0.077234,0.128347,0.034431,0.000000,0.087300,0.000000,4.270833,0.350000,beat-sync,0.842880,0.840054,,0.000000000,0.234246373,right_wrist_yaw,0.000000000,right_wrist_pitch,0.234246373,right_wrist_yaw,0.000000000,right_wrist_pitch,-0.479846,0.464869,0.856513,1.913128,0.000000000,0.000000000,0.000000000,0.000950786,0.000796964,0.007295884,17.720000,0.000000000,0.000000000,,0.000000,0.000000,0.000000,,0.005677765,0,1,0,10,gPO_sBM_cAll_d10_mPO0_ch01;gPO_sBM_cAll_d11_mPO0_ch01;gPO_sBM_cAll_d11_mPO0_ch02;gPO_sBM_cAll_d10_mPO0_ch02;gPO_sBM_cAll_d12_mPO3_ch02;gHO_sBM_cAll_d20_mHO5_ch10;gHO_sBM_cAll_d21_mHO5_ch10;gHO_sBM_cAll_d20_mHO5_ch06;gHO_sBM_cAll_d21_mHO5_ch09;gHO_sBM_cAll_d21_mHO5_ch03,,43.564500,549.950200,53.140800,3477.906400,accepted,0.957412,,0.922568,0.255221041,30.936256,0.096035,HO,0.851646,0.006622,0.002773,JB3:0.679591;JB5:0.672970;JB1:0.657533;LO4:0.626375;WA4:0.617435,gHO_sBM_cAll_d20_mHO5_ch10:0.663868;gHO_sBM_cAll_d21_mHO5_ch10:0.661095;gHO_sBM_cAll_d20_mHO5_ch06:0.660982;gHO_sBM_cAll_d21_mHO5_ch09:0.659917;gHO_sBM_cAll_d21_mHO5_ch03:0.653608;gHO_sBM_cAll_d21_mHO5_ch05:0.646012;gHO_sBM_cAll_d20_mHO5_ch05:0.642798;gHO_sBM_cAll_d21_mHO5_ch02:0.642615;gHO_sBM_cAll_d20_mHO5_ch04:0.641956;gHO_sBM_cAll_d21_mHO5_ch04:0.639919,Electronic---Techno:0.279399;Electronic---Electro:0.210278;Electronic---Deep Techno:0.110023;Electronic---Synthwave:0.106969;Electronic---Deep House:0.099071,PO:v1:k0:r1,,JB3,0.679591,gHO_sBM_cAll_d20_mHO5_ch10,0.663868,120.967742
18.968000,18.985153800,,hermite,terminal_hold,Candidates and replay infeasible: Boundary state exceeds joint limits,,,,0,0.0,1,gPO_sBM_cAll_d12_mPO3_ch02,,,18.392000,gHO_sBM_cAll_d20_mHO5_ch10;gHO_sBM_cAll_d21_mHO5_ch10;gHO_sBM_cAll_d20_mHO5_ch06;gHO_sBM_cAll_d21_mHO5_ch09;gHO_sBM_cAll_d21_mHO5_ch03,19.869282,113,,,,1.000000000,0.216061185,0.000000,motion_end,0.216061185,0.077234,0.128347,0.034431,0.000000,0.087300,0.000000,4.270833,0.350000,beat-sync,0.842880,0.840054,,0.000000000,0.234246373,right_wrist_yaw,0.000000000,right_wrist_pitch,0.234246373,right_wrist_yaw,0.000000000,right_wrist_pitch,-0.479846,0.464869,0.856513,1.913128,0.000000000,0.000000000,0.000000000,0.000950786,0.000796964,0.007295884,17.720000,0.000000000,0.000000000,,0.000000,0.000000,0.000000,,0.005658253,0,1,0,10,gPO_sBM_cAll_d10_mPO0_ch01;gPO_sBM_cAll_d11_mPO0_ch01;gPO_sBM_cAll_d11_mPO0_ch02;gPO_sBM_cAll_d10_mPO0_ch02;gPO_sBM_cAll_d12_mPO3_ch02;gHO_sBM_cAll_d20_mHO5_ch10;gHO_sBM_cAll_d21_mHO5_ch10;gHO_sBM_cAll_d20_mHO5_ch06;gHO_sBM_cAll_d21_mHO5_ch09;gHO_sBM_cAll_d21_mHO5_ch03,,43.564500,549.950200,53.140800,3477.906400,accepted,0.957412,,0.922568,0.255221041,30.936256,0.096035,HO,0.851646,0.006622,0.002773,JB3:0.679591;JB5:0.672970;JB1:0.657533;LO4:0.626375;WA4:0.617435,gHO_sBM_cAll_d20_mHO5_ch10:0.663868;gHO_sBM_cAll_d21_mHO5_ch10:0.661095;gHO_sBM_cAll_d20_mHO5_ch06:0.660982;gHO_sBM_cAll_d21_mHO5_ch09:0.659917;gHO_sBM_cAll_d21_mHO5_ch03:0.653608;gHO_sBM_cAll_d21_mHO5_ch05:0.646012;gHO_sBM_cAll_d20_mHO5_ch05:0.642798;gHO_sBM_cAll_d21_mHO5_ch02:0.642615;gHO_sBM_cAll_d20_mHO5_ch04:0.641956;gHO_sBM_cAll_d21_mHO5_ch04:0.639919,Electronic---Techno:0.279399;Electronic---Electro:0.210278;Electronic---Deep Techno:0.110023;Electronic---Synthwave:0.106969;Electronic---Deep House:0.099071,PO:v1:k0:r1,,JB3,0.679591,gHO_sBM_cAll_d20_mHO5_ch10,0.663868,120.967742
19.000000,19.018830500,,hermite,terminal_hold,Candidates and replay infeasible: Boundary state exceeds joint limits,,,,0,0.0,1,gPO_sBM_cAll_d12_mPO3_ch02,,,18.392000,gHO_sBM_cAll_d20_mHO5_ch10;gHO_sBM_cAll_d21_mHO5_ch10;gHO_sBM_cAll_d20_mHO5_ch06;gHO_sBM_cAll_d21_mHO5_ch09;gHO_sBM_cAll_d21_mHO5_ch03,19.869282,113,,,,1.000000000,0.216061185,0.000000,motion_end,0.216061185,0.077234,0.128347,0.034431,0.000000,0.087300,0.000000,4.270833,0.350000,beat-sync,0.842880,0.840054,,0.000000000,0.234246373,right_wrist_yaw,0.000000000,right_wrist_pitch,0.234246373,right_wrist_yaw,0.000000000,right_wrist_pitch,-0.479846,0.464869,0.856513,1.913128,0.000000000,0.000000000,0.000000000,0.000950786,0.000796964,0.007295884,17.720000,0.000000000,0.000000000,,0.000000,0.000000,0.000000,,0.005648548,0,1,0,10,gPO_sBM_cAll_d10_mPO0_ch01;gPO_sBM_cAll_d11_mPO0_ch01;gPO_sBM_cAll_d11_mPO0_ch02;gPO_sBM_cAll_d10_mPO0_ch02;gPO_sBM_cAll_d12_mPO3_ch02;gHO_sBM_cAll_d20_mHO5_ch10;gHO_sBM_cAll_d21_mHO5_ch10;gHO_sBM_cAll_d20_mHO5_ch06;gHO_sBM_cAll_d21_mHO5_ch09;gHO_sBM_cAll_d21_mHO5_ch03,,43.564500,549.950200,53.140800,3477.906400,accepted,0.957412,,0.922568,0.255221041,30.936256,0.096035,HO,0.851646,0.006622,0.002773,JB3:0.679591;JB5:0.672970;JB1:0.657533;LO4:0.626375;WA4:0.617435,gHO_sBM_cAll_d20_mHO5_ch10:0.663868;gHO_sBM_cAll_d21_mHO5_ch10:0.661095;gHO_sBM_cAll_d20_mHO5_ch06:0.660982;gHO_sBM_cAll_d21_mHO5_ch09:0.659917;gHO_sBM_cAll_d21_mHO5_ch03:0.653608;gHO_sBM_cAll_d21_mHO5_ch05:0.646012;gHO_sBM_cAll_d20_mHO5_ch05:0.642798;gHO_sBM_cAll_d21_mHO5_ch02:0.642615;gHO_sBM_cAll_d20_mHO5_ch04:0.641956;gHO_sBM_cAll_d21_mHO5_ch04:0.639919,Electronic---Techno:0.279399;Electronic---Electro:0.210278;Electronic---Deep Techno:0.110023;Electronic---Synthwave:0.106969;Electronic---Deep House:0.099071,PO:v1:k0:r1,,JB3,0.679591,gHO_sBM_cAll_d20_mHO5_ch10,0.663868,120.967742
19.064000,19.077210800,,hermite,terminal_hold,Candidates and replay infeasible: Boundary state exceeds joint limits,,,,0,0.0,1,gPO_sBM_cAll_d12_mPO3_ch02,,,18.392000,gHO_sBM_cAll_d20_mHO5_ch10;gHO_sBM_cAll_d21_mHO5_ch10;gHO_sBM_cAll_d20_mHO5_ch06;gHO_sBM_cAll_d21_mHO5_ch09;gHO_sBM_cAll_d21_mHO5_ch03,19.869282,113,,,,1.000000000,0.216061185,0.000000,motion_end,0.216061185,0.077234,0.128347,0.034431,0.000000,0.087300,0.000000,4.270833,0.350000,beat-sync,0.842880,0.840054,,0.000000000,0.234246373,right_wrist_yaw,0.000000000,right_wrist_pitch,0.234246373,right_wrist_yaw,0.000000000,right_wrist_pitch,-0.479846,0.464869,0.856513,1.913128,0.000000000,0.000000000,0.000000000,0.000950786,0.000796964,0.007295884,17.720000,0.000000000,0.000000000,,0.000000,0.000000,0.000000,,0.005631643,0,1,0,10,gPO_sBM_cAll_d10_mPO0_ch01;gPO_sBM_cAll_d11_mPO0_ch01;gPO_sBM_cAll_d11_mPO0_ch02;gPO_sBM_cAll_d10_mPO0_ch02;gPO_sBM_cAll_d12_mPO3_ch02;gHO_sBM_cAll_d20_mHO5_ch10;gHO_sBM_cAll_d21_mHO5_ch10;gHO_sBM_cAll_d20_mHO5_ch06;gHO_sBM_cAll_d21_mHO5_ch09;gHO_sBM_cAll_d21_mHO5_ch03,,43.564500,549.950200,53.140800,3477.906400,accepted,0.957412,,0.922568,0.255221041,30.936256,0.096035,HO,0.851646,0.006622,0.002773,JB3:0.679591;JB5:0.672970;JB1:0.657533;LO4:0.626375;WA4:0.617435,gHO_sBM_cAll_d20_mHO5_ch10:0.663868;gHO_sBM_cAll_d21_mHO5_ch10:0.661095;gHO_sBM_cAll_d20_mHO5_ch06:0.660982;gHO_sBM_cAll_d21_mHO5_ch09:0.659917;gHO_sBM_cAll_d21_mHO5_ch03:0.653608;gHO_sBM_cAll_d21_mHO5_ch05:0.646012;gHO_sBM_cAll_d20_mHO5_ch05:0.642798;gHO_sBM_cAll_d21_mHO5_ch02:0.642615;gHO_sBM_cAll_d20_mHO5_ch04:0.641956;gHO_sBM_cAll_d21_mHO5_ch04:0.639919,Electronic---Techno:0.279399;Electronic---Electro:0.210278;Electronic---Deep Techno:0.110023;Electronic---Synthwave:0.106969;Electronic---Deep House:0.099071,PO:v1:k0:r1,,JB3,0.679591,gHO_sBM_cAll_d20_mHO5_ch10,0.663868,120.967742
19.128000,19.143506700,,hermite,terminal_hold,Candidates and replay infeasible: Boundary state exceeds joint limits,,,,0,0.0,1,gPO_sBM_cAll_d12_mPO3_ch02,,,18.392000,gHO_sBM_cAll_d20_mHO5_ch10;gHO_sBM_cAll_d21_mHO5_ch10;gHO_sBM_cAll_d20_mHO5_ch06;gHO_sBM_cAll_d21_mHO5_ch09;gHO_sBM_cAll_d21_mHO5_ch03,19.869282,113,,,,1.000000000,0.216061185,0.000000,motion_end,0.216061185,0.077234,0.128347,0.034431,0.000000,0.087300,0.000000,4.270833,0.350000,beat-sync,0.842880,0.840054,,0.000000000,0.234246373,right_wrist_yaw,0.000000000,right_wrist_pitch,0.234246373,right_wrist_yaw,0.000000000,right_wrist_pitch,-0.479846,0.464869,0.856513,1.913128,0.000000000,0.000000000,0.000000000,0.000950786,0.000796964,0.007295884,17.720000,0.000000000,0.000000000,,0.000000,0.000000,0.000000,,0.005612447,0,1,0,10,gPO_sBM_cAll_d10_mPO0_ch01;gPO_sBM_cAll_d11_mPO0_ch01;gPO_sBM_cAll_d11_mPO0_ch02;gPO_sBM_cAll_d10_mPO0_ch02;gPO_sBM_cAll_d12_mPO3_ch02;gHO_sBM_cAll_d20_mHO5_ch10;gHO_sBM_cAll_d21_mHO5_ch10;gHO_sBM_cAll_d20_mHO5_ch06;gHO_sBM_cAll_d21_mHO5_ch09;gHO_sBM_cAll_d21_mHO5_ch03,,43.564500,549.950200,53.140800,3477.906400,accepted,0.957412,,0.922568,0.255221041,30.936256,0.096035,HO,0.851646,0.006622,0.002773,JB3:0.679591;JB5:0.672970;JB1:0.657533;LO4:0.626375;WA4:0.617435,gHO_sBM_cAll_d20_mHO5_ch10:0.663868;gHO_sBM_cAll_d21_mHO5_ch10:0.661095;gHO_sBM_cAll_d20_mHO5_ch06:0.660982;gHO_sBM_cAll_d21_mHO5_ch09:0.659917;gHO_sBM_cAll_d21_mHO5_ch03:0.653608;gHO_sBM_cAll_d21_mHO5_ch05:0.646012;gHO_sBM_cAll_d20_mHO5_ch05:0.642798;gHO_sBM_cAll_d21_mHO5_ch02:0.642615;gHO_sBM_cAll_d20_mHO5_ch04:0.641956;gHO_sBM_cAll_d21_mHO5_ch04:0.639919,Electronic---Techno:0.279399;Electronic---Electro:0.210278;Electronic---Deep Techno:0.110023;Electronic---Synthwave:0.106969;Electronic---Deep House:0.099071,PO:v1:k0:r1,,JB3,0.679591,gHO_sBM_cAll_d20_mHO5_ch10,0.663868,120.967742
19.160000,19.177435100,,hermite,terminal_hold,Candidates and replay infeasible: Boundary state exceeds joint limits,,,,0,0.0,1,gPO_sBM_cAll_d12_mPO3_ch02,,,18.392000,gHO_sBM_cAll_d20_mHO5_ch10;gHO_sBM_cAll_d21_mHO5_ch10;gHO_sBM_cAll_d20_mHO5_ch06;gHO_sBM_cAll_d21_mHO5_ch09;gHO_sBM_cAll_d21_mHO5_ch03,19.869282,113,,,,1.000000000,0.216061185,0.000000,motion_end,0.216061185,0.077234,0.128347,0.034431,0.000000,0.087300,0.000000,4.270833,0.350000,beat-sync,0.842880,0.840054,,0.000000000,0.234246373,right_wrist_yaw,0.000000000,right_wrist_pitch,0.234246373,right_wrist_yaw,0.000000000,right_wrist_pitch,-0.479846,0.464869,0.856513,1.913128,0.000000000,0.000000000,0.000000000,0.000950786,0.000796964,0.007295884,17.720000,0.000000000,0.000000000,,0.000000,0.000000,0.000000,,0.005602898,0,1,0,10,gPO_sBM_cAll_d10_mPO0_ch01;gPO_sBM_cAll_d11_mPO0_ch01;gPO_sBM_cAll_d11_mPO0_ch02;gPO_sBM_cAll_d10_mPO0_ch02;gPO_sBM_cAll_d12_mPO3_ch02;gHO_sBM_cAll_d20_mHO5_ch10;gHO_sBM_cAll_d21_mHO5_ch10;gHO_sBM_cAll_d20_mHO5_ch06;gHO_sBM_cAll_d21_mHO5_ch09;gHO_sBM_cAll_d21_mHO5_ch03,,43.564500,549.950200,53.140800,3477.906400,accepted,0.957412,,0.922568,0.255221041,30.936256,0.096035,HO,0.851646,0.006622,0.002773,JB3:0.679591;JB5:0.672970;JB1:0.657533;LO4:0.626375;WA4:0.617435,gHO_sBM_cAll_d20_mHO5_ch10:0.663868;gHO_sBM_cAll_d21_mHO5_ch10:0.661095;gHO_sBM_cAll_d20_mHO5_ch06:0.660982;gHO_sBM_cAll_d21_mHO5_ch09:0.659917;gHO_sBM_cAll_d21_mHO5_ch03:0.653608;gHO_sBM_cAll_d21_mHO5_ch05:0.646012;gHO_sBM_cAll_d20_mHO5_ch05:0.642798;gHO_sBM_cAll_d21_mHO5_ch02:0.642615;gHO_sBM_cAll_d20_mHO5_ch04:0.641956;gHO_sBM_cAll_d21_mHO5_ch04:0.639919,Electronic---Techno:0.279399;Electronic---Electro:0.210278;Electronic---Deep Techno:0.110023;Electronic---Synthwave:0.106969;Electronic---Deep House:0.099071,PO:v1:k0:r1,,JB3,0.679591,gHO_sBM_cAll_d20_mHO5_ch10,0.663868,120.967742
19.224000,19.235958700,,hermite,terminal_hold,Candidates and replay infeasible: Boundary state exceeds joint limits,,,,0,0.0,1,gPO_sBM_cAll_d12_mPO3_ch02,,,18.392000,gHO_sBM_cAll_d20_mHO5_ch10;gHO_sBM_cAll_d21_mHO5_ch10;gHO_sBM_cAll_d20_mHO5_ch06;gHO_sBM_cAll_d21_mHO5_ch09;gHO_sBM_cAll_d21_mHO5_ch03,19.869282,113,,,,1.000000000,0.216061185,0.000000,motion_end,0.216061185,0.077234,0.128347,0.034431,0.000000,0.087300,0.000000,4.270833,0.350000,beat-sync,0.842880,0.840054,,0.000000000,0.234246373,right_wrist_yaw,0.000000000,right_wrist_pitch,0.234246373,right_wrist_yaw,0.000000000,right_wrist_pitch,-0.479846,0.464869,0.856513,1.913128,0.000000000,0.000000000,0.000000000,0.000950786,0.000796964,0.007295884,17.720000,0.000000000,0.000000000,,0.000000,0.000000,0.000000,,0.005586265,0,1,0,10,gPO_sBM_cAll_d10_mPO0_ch01;gPO_sBM_cAll_d11_mPO0_ch01;gPO_sBM_cAll_d11_mPO0_ch02;gPO_sBM_cAll_d10_mPO0_ch02;gPO_sBM_cAll_d12_mPO3_ch02;gHO_sBM_cAll_d20_mHO5_ch10;gHO_sBM_cAll_d21_mHO5_ch10;gHO_sBM_cAll_d20_mHO5_ch06;gHO_sBM_cAll_d21_mHO5_ch09;gHO_sBM_cAll_d21_mHO5_ch03,,43.564500,549.950200,53.140800,3477.906400,accepted,0.957412,,0.922568,0.255221041,30.936256,0.096035,HO,0.851646,0.006622,0.002773,JB3:0.679591;JB5:0.672970;JB1:0.657533;LO4:0.626375;WA4:0.617435,gHO_sBM_cAll_d20_mHO5_ch10:0.663868;gHO_sBM_cAll_d21_mHO5_ch10:0.661095;gHO_sBM_cAll_d20_mHO5_ch06:0.660982;gHO_sBM_cAll_d21_mHO5_ch09:0.659917;gHO_sBM_cAll_d21_mHO5_ch03:0.653608;gHO_sBM_cAll_d21_mHO5_ch05:0.646012;gHO_sBM_cAll_d20_mHO5_ch05:0.642798;gHO_sBM_cAll_d21_mHO5_ch02:0.642615;gHO_sBM_cAll_d20_mHO5_ch04:0.641956;gHO_sBM_cAll_d21_mHO5_ch04:0.639919,Electronic---Techno:0.279399;Electronic---Electro:0.210278;Electronic---Deep Techno:0.110023;Electronic---Synthwave:0.106969;Electronic---Deep House:0.099071,PO:v1:k0:r1,,JB3,0.679591,gHO_sBM_cAll_d20_mHO5_ch10,0.663868,120.967742
19.256000,19.268747600,,hermite,terminal_hold,Candidates and replay infeasible: Boundary state exceeds joint limits,,,,0,0.0,1,gPO_sBM_cAll_d12_mPO3_ch02,,,18.392000,gHO_sBM_cAll_d20_mHO5_ch10;gHO_sBM_cAll_d21_mHO5_ch10;gHO_sBM_cAll_d20_mHO5_ch06;gHO_sBM_cAll_d21_mHO5_ch09;gHO_sBM_cAll_d21_mHO5_ch03,19.869282,113,,,,1.000000000,0.216061185,0.000000,motion_end,0.216061185,0.077234,0.128347,0.034431,0.000000,0.087300,0.000000,4.270833,0.350000,beat-sync,0.842880,0.840054,,0.000000000,0.234246373,right_wrist_yaw,0.000000000,right_wrist_pitch,0.234246373,right_wrist_yaw,0.000000000,right_wrist_pitch,-0.479846,0.464869,0.856513,1.913128,0.000000000,0.000000000,0.000000000,0.000950786,0.000796964,0.007295884,17.720000,0.000000000,0.000000000,,0.000000,0.000000,0.000000,,0.005576805,0,1,0,10,gPO_sBM_cAll_d10_mPO0_ch01;gPO_sBM_cAll_d11_mPO0_ch01;gPO_sBM_cAll_d11_mPO0_ch02;gPO_sBM_cAll_d10_mPO0_ch02;gPO_sBM_cAll_d12_mPO3_ch02;gHO_sBM_cAll_d20_mHO5_ch10;gHO_sBM_cAll_d21_mHO5_ch10;gHO_sBM_cAll_d20_mHO5_ch06;gHO_sBM_cAll_d21_mHO5_ch09;gHO_sBM_cAll_d21_mHO5_ch03,,43.564500,549.950200,53.140800,3477.906400,accepted,0.957412,,0.922568,0.255221041,30.936256,0.096035,HO,0.851646,0.006622,0.002773,JB3:0.679591;JB5:0.672970;JB1:0.657533;LO4:0.626375;WA4:0.617435,gHO_sBM_cAll_d20_mHO5_ch10:0.663868;gHO_sBM_cAll_d21_mHO5_ch10:0.661095;gHO_sBM_cAll_d20_mHO5_ch06:0.660982;gHO_sBM_cAll_d21_mHO5_ch09:0.659917;gHO_sBM_cAll_d21_mHO5_ch03:0.653608;gHO_sBM_cAll_d21_mHO5_ch05:0.646012;gHO_sBM_cAll_d20_mHO5_ch05:0.642798;gHO_sBM_cAll_d21_mHO5_ch02:0.642615;gHO_sBM_cAll_d20_mHO5_ch04:0.641956;gHO_sBM_cAll_d21_mHO5_ch04:0.639919,Electronic---Techno:0.279399;Electronic---Electro:0.210278;Electronic---Deep Techno:0.110023;Electronic---Synthwave:0.106969;Electronic---Deep House:0.099071,PO:v1:k0:r1,,JB3,0.679591,gHO_sBM_cAll_d20_mHO5_ch10,0.663868,120.967742
19.320000,19.328292000,,hermite,terminal_hold,Candidates and replay infeasible: Boundary state exceeds joint limits,,,,0,0.0,1,gPO_sBM_cAll_d12_mPO3_ch02,,,18.392000,gHO_sBM_cAll_d20_mHO5_ch10;gHO_sBM_cAll_d21_mHO5_ch10;gHO_sBM_cAll_d20_mHO5_ch06;gHO_sBM_cAll_d21_mHO5_ch09;gHO_sBM_cAll_d21_mHO5_ch03,19.869282,113,,,,1.000000000,0.216061185,0.000000,motion_end,0.216061185,0.077234,0.128347,0.034431,0.000000,0.087300,0.000000,4.270833,0.350000,beat-sync,0.842880,1.120072,,0.033645625,0.234246373,right_wrist_yaw,0.000000000,right_wrist_pitch,0.234246373,right_wrist_yaw,0.000000000,right_wrist_pitch,-0.479846,0.464869,0.856513,1.913128,0.000000000,0.000000000,0.000000000,0.000950786,0.000796964,0.007295884,19.288000,0.000000000,0.000000000,,0.000000,0.000000,0.000000,,0.005560327,0,1,0,10,gPO_sBM_cAll_d10_mPO0_ch01;gPO_sBM_cAll_d11_mPO0_ch01;gPO_sBM_cAll_d11_mPO0_ch02;gPO_sBM_cAll_d10_mPO0_ch02;gPO_sBM_cAll_d12_mPO3_ch02;gHO_sBM_cAll_d20_mHO5_ch10;gHO_sBM_cAll_d21_mHO5_ch10;gHO_sBM_cAll_d20_mHO5_ch06;gHO_sBM_cAll_d21_mHO5_ch09;gHO_sBM_cAll_d21_mHO5_ch03,,43.564500,549.950200,53.140800,3477.906400,accepted,0.957412,,0.922568,0.255221041,30.936256,0.096035,HO,0.851646,0.006622,0.002773,JB3:0.679591;JB5:0.672970;JB1:0.657533;LO4:0.626375;WA4:0.617435,gHO_sBM_cAll_d20_mHO5_ch10:0.663868;gHO_sBM_cAll_d21_mHO5_ch10:0.661095;gHO_sBM_cAll_d20_mHO5_ch06:0.660982;gHO_sBM_cAll_d21_mHO5_ch09:0.659917;gHO_sBM_cAll_d21_mHO5_ch03:0.653608;gHO_sBM_cAll_d21_mHO5_ch05:0.646012;gHO_sBM_cAll_d20_mHO5_ch05:0.642798;gHO_sBM_cAll_d21_mHO5_ch02:0.642615;gHO_sBM_cAll_d20_mHO5_ch04:0.641956;gHO_sBM_cAll_d21_mHO5_ch04:0.639919,Electronic---Techno:0.279399;Electronic---Electro:0.210278;Electronic---Deep Techno:0.110023;Electronic---Synthwave:0.106969;Electronic---Deep House:0.099071,PO:v1:k0:r1,,JB3,0.679591,gHO_sBM_cAll_d20_mHO5_ch10,0.663868,120.967742
19.352000,19.360989700,,hermite,terminal_hold,Candidates and replay infeasible: Boundary state exceeds joint limits,,,,0,0.0,1,gPO_sBM_cAll_d12_mPO3_ch02,,,18.392000,gHO_sBM_cAll_d20_mHO5_ch10;gHO_sBM_cAll_d21_mHO5_ch10;gHO_sBM_cAll_d20_mHO5_ch06;gHO_sBM_cAll_d21_mHO5_ch09;gHO_sBM_cAll_d21_mHO5_ch03,19.869282,113,,,,1.000000000,0.216061185,0.000000,motion_end,0.216061185,0.077234,0.128347,0.034431,0.000000,0.087300,0.000000,4.270833,0.350000,beat-sync,0.842880,1.120072,,0.033645625,0.234246373,right_wrist_yaw,0.000000000,right_wrist_pitch,0.234246373,right_wrist_yaw,0.000000000,right_wrist_pitch,-0.479846,0.464869,0.856513,1.913128,0.000000000,0.000000000,0.000000000,0.000950786,0.000796964,0.007295884,19.288000,0.000000000,0.000000000,,0.000000,0.000000,0.000000,,0.005550954,0,1,0,10,gPO_sBM_cAll_d10_mPO0_ch01;gPO_sBM_cAll_d11_mPO0_ch01;gPO_sBM_cAll_d11_mPO0_ch02;gPO_sBM_cAll_d10_mPO0_ch02;gPO_sBM_cAll_d12_mPO3_ch02;gHO_sBM_cAll_d20_mHO5_ch10;gHO_sBM_cAll_d21_mHO5_ch10;gHO_sBM_cAll_d20_mHO5_ch06;gHO_sBM_cAll_d21_mHO5_ch09;gHO_sBM_cAll_d21_mHO5_ch03,,43.564500,549.950200,53.140800,3477.906400,accepted,0.957412,,0.922568,0.255221041,30.936256,0.096035,HO,0.851646,0.006622,0.002773,JB3:0.679591;JB5:0.672970;JB1:0.657533;LO4:0.626375;WA4:0.617435,gHO_sBM_cAll_d20_mHO5_ch10:0.663868;gHO_sBM_cAll_d21_mHO5_ch10:0.661095;gHO_sBM_cAll_d20_mHO5_ch06:0.660982;gHO_sBM_cAll_d21_mHO5_ch09:0.659917;gHO_sBM_cAll_d21_mHO5_ch03:0.653608;gHO_sBM_cAll_d21_mHO5_ch05:0.646012;gHO_sBM_cAll_d20_mHO5_ch05:0.642798;gHO_sBM_cAll_d21_mHO5_ch02:0.642615;gHO_sBM_cAll_d20_mHO5_ch04:0.641956;gHO_sBM_cAll_d21_mHO5_ch04:0.639919,Electronic---Techno:0.279399;Electronic---Electro:0.210278;Electronic---Deep Techno:0.110023;Electronic---Synthwave:0.106969;Electronic---Deep House:0.099071,PO:v1:k0:r1,,JB3,0.679591,gHO_sBM_cAll_d20_mHO5_ch10,0.663868,120.967742
19.352000,19.369069900,beat_limiter_result,hermite,terminal_hold,Candidates and replay infeasible: Boundary state exceeds joint limits,,,,0,0.0,1,gPO_sBM_cAll_d12_mPO3_ch02,,,18.392000,gHO_sBM_cAll_d20_mHO5_ch10;gHO_sBM_cAll_d21_mHO5_ch10;gHO_sBM_cAll_d20_mHO5_ch06;gHO_sBM_cAll_d21_mHO5_ch09;gHO_sBM_cAll_d21_mHO5_ch03,19.869282,113,,,,1.000000000,0.216061185,0.000000,motion_end,0.216061185,0.077234,0.128347,0.034431,0.000000,0.087300,0.000000,4.270833,0.350000,beat-sync,0.842880,1.120072,,0.033645625,0.234246373,right_wrist_yaw,0.000000000,right_wrist_pitch,0.234246373,right_wrist_yaw,0.000000000,right_wrist_pitch,-0.479846,0.464869,0.856513,1.913128,0.000000000,0.000000000,0.000000000,0.000950786,0.000796964,0.007295884,19.288000,0.000000000,0.000000000,,0.000000,0.000000,0.000000,,0.005548616,0,1,0,10,gPO_sBM_cAll_d10_mPO0_ch01;gPO_sBM_cAll_d11_mPO0_ch01;gPO_sBM_cAll_d11_mPO0_ch02;gPO_sBM_cAll_d10_mPO0_ch02;gPO_sBM_cAll_d12_mPO3_ch02;gHO_sBM_cAll_d20_mHO5_ch10;gHO_sBM_cAll_d21_mHO5_ch10;gHO_sBM_cAll_d20_mHO5_ch06;gHO_sBM_cAll_d21_mHO5_ch09;gHO_sBM_cAll_d21_mHO5_ch03,,43.564500,549.950200,53.140800,3477.906400,accepted,0.957412,,0.922568,0.255221041,30.936256,0.096035,HO,0.851646,0.006622,0.002773,JB3:0.679591;JB5:0.672970;JB1:0.657533;LO4:0.626375;WA4:0.617435,gHO_sBM_cAll_d20_mHO5_ch10:0.663868;gHO_sBM_cAll_d21_mHO5_ch10:0.661095;gHO_sBM_cAll_d20_mHO5_ch06:0.660982;gHO_sBM_cAll_d21_mHO5_ch09:0.659917;gHO_sBM_cAll_d21_mHO5_ch03:0.653608;gHO_sBM_cAll_d21_mHO5_ch05:0.646012;gHO_sBM_cAll_d20_mHO5_ch05:0.642798;gHO_sBM_cAll_d21_mHO5_ch02:0.642615;gHO_sBM_cAll_d20_mHO5_ch04:0.641956;gHO_sBM_cAll_d21_mHO5_ch04:0.639919,Electronic---Techno:0.279399;Electronic---Electro:0.210278;Electronic---Deep Techno:0.110023;Electronic---Synthwave:0.106969;Electronic---Deep House:0.099071,PO:v1:k0:r1,,JB3,0.679591,gHO_sBM_cAll_d20_mHO5_ch10,0.663868,120.967742
19.416000,19.439751700,,hermite,terminal_hold,Candidates and replay infeasible: Boundary state exceeds joint limits,,,,0,0.0,1,gPO_sBM_cAll_d12_mPO3_ch02,,,18.392000,gHO_sBM_cAll_d20_mHO5_ch10;gHO_sBM_cAll_d21_mHO5_ch10;gHO_sBM_cAll_d20_mHO5_ch06;gHO_sBM_cAll_d21_mHO5_ch09;gHO_sBM_cAll_d21_mHO5_ch03,19.869282,113,,,,1.000000000,0.216061185,0.000000,motion_end,0.216061185,0.077234,0.128347,0.034431,0.000000,0.087300,0.000000,4.270833,0.350000,beat-sync,0.842880,1.120072,,0.033645625,0.234246373,right_wrist_yaw,0.000000000,right_wrist_pitch,0.234246373,right_wrist_yaw,0.000000000,right_wrist_pitch,-0.479846,0.464869,0.856513,1.913128,0.000000000,0.000000000,0.000000000,0.000950786,0.000796964,0.007295884,19.288000,0.000000000,0.000000000,,0.000000,0.000000,0.000000,,0.005529981,0,1,0,10,gPO_sBM_cAll_d10_mPO0_ch01;gPO_sBM_cAll_d11_mPO0_ch01;gPO_sBM_cAll_d11_mPO0_ch02;gPO_sBM_cAll_d10_mPO0_ch02;gPO_sBM_cAll_d12_mPO3_ch02;gHO_sBM_cAll_d20_mHO5_ch10;gHO_sBM_cAll_d21_mHO5_ch10;gHO_sBM_cAll_d20_mHO5_ch06;gHO_sBM_cAll_d21_mHO5_ch09;gHO_sBM_cAll_d21_mHO5_ch03,,43.564500,549.950200,53.140800,3477.906400,accepted,0.957412,,0.922568,0.255221041,30.936256,0.096035,HO,0.851646,0.006622,0.002773,JB3:0.679591;JB5:0.672970;JB1:0.657533;LO4:0.626375;WA4:0.617435,gHO_sBM_cAll_d20_mHO5_ch10:0.663868;gHO_sBM_cAll_d21_mHO5_ch10:0.661095;gHO_sBM_cAll_d20_mHO5_ch06:0.660982;gHO_sBM_cAll_d21_mHO5_ch09:0.659917;gHO_sBM_cAll_d21_mHO5_ch03:0.653608;gHO_sBM_cAll_d21_mHO5_ch05:0.646012;gHO_sBM_cAll_d20_mHO5_ch05:0.642798;gHO_sBM_cAll_d21_mHO5_ch02:0.642615;gHO_sBM_cAll_d20_mHO5_ch04:0.641956;gHO_sBM_cAll_d21_mHO5_ch04:0.639919,Electronic---Techno:0.279399;Electronic---Electro:0.210278;Electronic---Deep Techno:0.110023;Electronic---Synthwave:0.106969;Electronic---Deep House:0.099071,PO:v1:k0:r1,,JB3,0.679591,gHO_sBM_cAll_d20_mHO5_ch10,0.663868,120.967742
19.480000,19.502444800,,hermite,terminal_hold,Candidates and replay infeasible: Boundary state exceeds joint limits,,,,0,0.0,1,gPO_sBM_cAll_d12_mPO3_ch02,,,18.392000,gHO_sBM_cAll_d20_mHO5_ch10;gHO_sBM_cAll_d21_mHO5_ch10;gHO_sBM_cAll_d20_mHO5_ch06;gHO_sBM_cAll_d21_mHO5_ch09;gHO_sBM_cAll_d21_mHO5_ch03,19.869282,113,,,,1.000000000,0.216061185,0.000000,motion_end,0.216061185,0.077234,0.128347,0.034431,0.000000,0.087300,0.000000,4.270833,0.350000,beat-sync,0.842880,1.120072,,0.033645625,0.234246373,right_wrist_yaw,0.000000000,right_wrist_pitch,0.234246373,right_wrist_yaw,0.000000000,right_wrist_pitch,-0.479846,0.464869,0.856513,1.913128,0.000000000,0.000000000,0.000000000,0.000950786,0.000796964,0.007295884,19.288000,0.000000000,0.000000000,,0.000000,0.000000,0.000000,,0.005511470,0,1,0,10,gPO_sBM_cAll_d10_mPO0_ch01;gPO_sBM_cAll_d11_mPO0_ch01;gPO_sBM_cAll_d11_mPO0_ch02;gPO_sBM_cAll_d10_mPO0_ch02;gPO_sBM_cAll_d12_mPO3_ch02;gHO_sBM_cAll_d20_mHO5_ch10;gHO_sBM_cAll_d21_mHO5_ch10;gHO_sBM_cAll_d20_mHO5_ch06;gHO_sBM_cAll_d21_mHO5_ch09;gHO_sBM_cAll_d21_mHO5_ch03,,43.564500,549.950200,53.140800,3477.906400,accepted,0.957412,,0.922568,0.255221041,30.936256,0.096035,HO,0.851646,0.006622,0.002773,JB3:0.679591;JB5:0.672970;JB1:0.657533;LO4:0.626375;WA4:0.617435,gHO_sBM_cAll_d20_mHO5_ch10:0.663868;gHO_sBM_cAll_d21_mHO5_ch10:0.661095;gHO_sBM_cAll_d20_mHO5_ch06:0.660982;gHO_sBM_cAll_d21_mHO5_ch09:0.659917;gHO_sBM_cAll_d21_mHO5_ch03:0.653608;gHO_sBM_cAll_d21_mHO5_ch05:0.646012;gHO_sBM_cAll_d20_mHO5_ch05:0.642798;gHO_sBM_cAll_d21_mHO5_ch02:0.642615;gHO_sBM_cAll_d20_mHO5_ch04:0.641956;gHO_sBM_cAll_d21_mHO5_ch04:0.639919,Electronic---Techno:0.279399;Electronic---Electro:0.210278;Electronic---Deep Techno:0.110023;Electronic---Synthwave:0.106969;Electronic---Deep House:0.099071,PO:v1:k0:r1,,JB3,0.679591,gHO_sBM_cAll_d20_mHO5_ch10,0.663868,120.967742
19.512000,19.527780000,,hermite,terminal_hold,Candidates and replay infeasible: Boundary state exceeds joint limits,,,,0,0.0,1,gPO_sBM_cAll_d12_mPO3_ch02,,,18.392000,gHO_sBM_cAll_d20_mHO5_ch10;gHO_sBM_cAll_d21_mHO5_ch10;gHO_sBM_cAll_d20_mHO5_ch06;gHO_sBM_cAll_d21_mHO5_ch09;gHO_sBM_cAll_d21_mHO5_ch03,19.869282,113,,,,1.000000000,0.216061185,0.000000,motion_end,0.216061185,0.077234,0.128347,0.034431,0.000000,0.087300,0.000000,4.270833,0.350000,beat-sync,0.842880,1.120072,,0.033645625,0.234246373,right_wrist_yaw,0.000000000,right_wrist_pitch,0.234246373,right_wrist_yaw,0.000000000,right_wrist_pitch,-0.479846,0.464869,0.856513,1.913128,0.000000000,0.000000000,0.000000000,0.000950786,0.000796964,0.007295884,19.288000,0.000000000,0.000000000,,0.000000,0.000000,0.000000,,0.005504561,0,1,0,10,gPO_sBM_cAll_d10_mPO0_ch01;gPO_sBM_cAll_d11_mPO0_ch01;gPO_sBM_cAll_d11_mPO0_ch02;gPO_sBM_cAll_d10_mPO0_ch02;gPO_sBM_cAll_d12_mPO3_ch02;gHO_sBM_cAll_d20_mHO5_ch10;gHO_sBM_cAll_d21_mHO5_ch10;gHO_sBM_cAll_d20_mHO5_ch06;gHO_sBM_cAll_d21_mHO5_ch09;gHO_sBM_cAll_d21_mHO5_ch03,,43.564500,549.950200,53.140800,3477.906400,accepted,0.957412,,0.922568,0.255221041,30.936256,0.096035,HO,0.851646,0.006622,0.002773,JB3:0.679591;JB5:0.672970;JB1:0.657533;LO4:0.626375;WA4:0.617435,gHO_sBM_cAll_d20_mHO5_ch10:0.663868;gHO_sBM_cAll_d21_mHO5_ch10:0.661095;gHO_sBM_cAll_d20_mHO5_ch06:0.660982;gHO_sBM_cAll_d21_mHO5_ch09:0.659917;gHO_sBM_cAll_d21_mHO5_ch03:0.653608;gHO_sBM_cAll_d21_mHO5_ch05:0.646012;gHO_sBM_cAll_d20_mHO5_ch05:0.642798;gHO_sBM_cAll_d21_mHO5_ch02:0.642615;gHO_sBM_cAll_d20_mHO5_ch04:0.641956;gHO_sBM_cAll_d21_mHO5_ch04:0.639919,Electronic---Techno:0.279399;Electronic---Electro:0.210278;Electronic---Deep Techno:0.110023;Electronic---Synthwave:0.106969;Electronic---Deep House:0.099071,PO:v1:k0:r1,,JB3,0.679591,gHO_sBM_cAll_d20_mHO5_ch10,0.663868,120.967742
19.576000,19.593519700,,hermite,terminal_hold,Candidates and replay infeasible: Boundary state exceeds joint limits,,,,0,0.0,1,gPO_sBM_cAll_d12_mPO3_ch02,,,18.392000,gHO_sBM_cAll_d20_mHO5_ch10;gHO_sBM_cAll_d21_mHO5_ch10;gHO_sBM_cAll_d20_mHO5_ch06;gHO_sBM_cAll_d21_mHO5_ch09;gHO_sBM_cAll_d21_mHO5_ch03,19.869282,113,,,,1.000000000,0.216061185,0.000000,motion_end,0.216061185,0.077234,0.128347,0.034431,0.000000,0.087300,0.000000,4.270833,0.350000,beat-sync,0.842880,1.120072,,0.033645625,0.234246373,right_wrist_yaw,0.000000000,right_wrist_pitch,0.234246373,right_wrist_yaw,0.000000000,right_wrist_pitch,-0.479846,0.464869,0.856513,1.913128,0.000000000,0.000000000,0.000000000,0.000950786,0.000796964,0.007295884,19.288000,0.000000000,0.000000000,,0.000000,0.000000,0.000000,,0.005486220,0,1,0,10,gPO_sBM_cAll_d10_mPO0_ch01;gPO_sBM_cAll_d11_mPO0_ch01;gPO_sBM_cAll_d11_mPO0_ch02;gPO_sBM_cAll_d10_mPO0_ch02;gPO_sBM_cAll_d12_mPO3_ch02;gHO_sBM_cAll_d20_mHO5_ch10;gHO_sBM_cAll_d21_mHO5_ch10;gHO_sBM_cAll_d20_mHO5_ch06;gHO_sBM_cAll_d21_mHO5_ch09;gHO_sBM_cAll_d21_mHO5_ch03,,43.564500,549.950200,53.140800,3477.906400,accepted,0.957412,,0.922568,0.255221041,30.936256,0.096035,HO,0.851646,0.006622,0.002773,JB3:0.679591;JB5:0.672970;JB1:0.657533;LO4:0.626375;WA4:0.617435,gHO_sBM_cAll_d20_mHO5_ch10:0.663868;gHO_sBM_cAll_d21_mHO5_ch10:0.661095;gHO_sBM_cAll_d20_mHO5_ch06:0.660982;gHO_sBM_cAll_d21_mHO5_ch09:0.659917;gHO_sBM_cAll_d21_mHO5_ch03:0.653608;gHO_sBM_cAll_d21_mHO5_ch05:0.646012;gHO_sBM_cAll_d20_mHO5_ch05:0.642798;gHO_sBM_cAll_d21_mHO5_ch02:0.642615;gHO_sBM_cAll_d20_mHO5_ch04:0.641956;gHO_sBM_cAll_d21_mHO5_ch04:0.639919,Electronic---Techno:0.279399;Electronic---Electro:0.210278;Electronic---Deep Techno:0.110023;Electronic---Synthwave:0.106969;Electronic---Deep House:0.099071,PO:v1:k0:r1,,JB3,0.679591,gHO_sBM_cAll_d20_mHO5_ch10,0.663868,120.967742
19.608000,19.627944500,,hermite,terminal_hold,Candidates and replay infeasible: Boundary state exceeds joint limits,,,,0,0.0,1,gPO_sBM_cAll_d12_mPO3_ch02,,,18.392000,gHO_sBM_cAll_d20_mHO5_ch10;gHO_sBM_cAll_d21_mHO5_ch10;gHO_sBM_cAll_d20_mHO5_ch06;gHO_sBM_cAll_d21_mHO5_ch09;gHO_sBM_cAll_d21_mHO5_ch03,19.869282,113,,,,1.000000000,0.216061185,0.000000,motion_end,0.216061185,0.077234,0.128347,0.034431,0.000000,0.087300,0.000000,4.270833,0.350000,beat-sync,0.842880,1.120072,,0.033645625,0.234246373,right_wrist_yaw,0.000000000,right_wrist_pitch,0.234246373,right_wrist_yaw,0.000000000,right_wrist_pitch,-0.479846,0.464869,0.856513,1.913128,0.000000000,0.000000000,0.000000000,0.000950786,0.000796964,0.007295884,19.288000,0.000000000,0.000000000,,0.000000,0.000000,0.000000,,0.005477095,0,1,0,10,gPO_sBM_cAll_d10_mPO0_ch01;gPO_sBM_cAll_d11_mPO0_ch01;gPO_sBM_cAll_d11_mPO0_ch02;gPO_sBM_cAll_d10_mPO0_ch02;gPO_sBM_cAll_d12_mPO3_ch02;gHO_sBM_cAll_d20_mHO5_ch10;gHO_sBM_cAll_d21_mHO5_ch10;gHO_sBM_cAll_d20_mHO5_ch06;gHO_sBM_cAll_d21_mHO5_ch09;gHO_sBM_cAll_d21_mHO5_ch03,,43.564500,549.950200,53.140800,3477.906400,accepted,0.957412,,0.922568,0.255221041,30.936256,0.096035,HO,0.851646,0.006622,0.002773,JB3:0.679591;JB5:0.672970;JB1:0.657533;LO4:0.626375;WA4:0.617435,gHO_sBM_cAll_d20_mHO5_ch10:0.663868;gHO_sBM_cAll_d21_mHO5_ch10:0.661095;gHO_sBM_cAll_d20_mHO5_ch06:0.660982;gHO_sBM_cAll_d21_mHO5_ch09:0.659917;gHO_sBM_cAll_d21_mHO5_ch03:0.653608;gHO_sBM_cAll_d21_mHO5_ch05:0.646012;gHO_sBM_cAll_d20_mHO5_ch05:0.642798;gHO_sBM_cAll_d21_mHO5_ch02:0.642615;gHO_sBM_cAll_d20_mHO5_ch04:0.641956;gHO_sBM_cAll_d21_mHO5_ch04:0.639919,Electronic---Techno:0.279399;Electronic---Electro:0.210278;Electronic---Deep Techno:0.110023;Electronic---Synthwave:0.106969;Electronic---Deep House:0.099071,PO:v1:k0:r1,,JB3,0.679591,gHO_sBM_cAll_d20_mHO5_ch10,0.663868,120.967742
19.672000,19.686442400,,hermite,terminal_hold,Candidates and replay infeasible: Boundary state exceeds joint limits,,,,0,0.0,1,gPO_sBM_cAll_d12_mPO3_ch02,,,18.392000,gHO_sBM_cAll_d20_mHO5_ch10;gHO_sBM_cAll_d21_mHO5_ch10;gHO_sBM_cAll_d20_mHO5_ch06;gHO_sBM_cAll_d21_mHO5_ch09;gHO_sBM_cAll_d21_mHO5_ch03,19.869282,113,,,,1.000000000,0.216061185,0.000000,motion_end,0.216061185,0.077234,0.128347,0.034431,0.000000,0.087300,0.000000,4.270833,0.350000,beat-sync,0.842880,1.120072,,0.033645625,0.234246373,right_wrist_yaw,0.000000000,right_wrist_pitch,0.234246373,right_wrist_yaw,0.000000000,right_wrist_pitch,-0.479846,0.464869,0.856513,1.913128,0.000000000,0.000000000,0.000000000,0.000950786,0.000796964,0.007295884,19.288000,0.000000000,0.000000000,,0.000000,0.000000,0.000000,,0.005461200,0,1,0,10,gPO_sBM_cAll_d10_mPO0_ch01;gPO_sBM_cAll_d11_mPO0_ch01;gPO_sBM_cAll_d11_mPO0_ch02;gPO_sBM_cAll_d10_mPO0_ch02;gPO_sBM_cAll_d12_mPO3_ch02;gHO_sBM_cAll_d20_mHO5_ch10;gHO_sBM_cAll_d21_mHO5_ch10;gHO_sBM_cAll_d20_mHO5_ch06;gHO_sBM_cAll_d21_mHO5_ch09;gHO_sBM_cAll_d21_mHO5_ch03,,43.564500,549.950200,53.140800,3477.906400,accepted,0.957412,,0.922568,0.255221041,30.936256,0.096035,HO,0.851646,0.006622,0.002773,JB3:0.679591;JB5:0.672970;JB1:0.657533;LO4:0.626375;WA4:0.617435,gHO_sBM_cAll_d20_mHO5_ch10:0.663868;gHO_sBM_cAll_d21_mHO5_ch10:0.661095;gHO_sBM_cAll_d20_mHO5_ch06:0.660982;gHO_sBM_cAll_d21_mHO5_ch09:0.659917;gHO_sBM_cAll_d21_mHO5_ch03:0.653608;gHO_sBM_cAll_d21_mHO5_ch05:0.646012;gHO_sBM_cAll_d20_mHO5_ch05:0.642798;gHO_sBM_cAll_d21_mHO5_ch02:0.642615;gHO_sBM_cAll_d20_mHO5_ch04:0.641956;gHO_sBM_cAll_d21_mHO5_ch04:0.639919,Electronic---Techno:0.279399;Electronic---Electro:0.210278;Electronic---Deep Techno:0.110023;Electronic---Synthwave:0.106969;Electronic---Deep House:0.099071,PO:v1:k0:r1,,JB3,0.679591,gHO_sBM_cAll_d20_mHO5_ch10,0.663868,120.967742
19.704000,19.721260900,,hermite,terminal_hold,Candidates and replay infeasible: Boundary state exceeds joint limits,,,,0,0.0,1,gPO_sBM_cAll_d12_mPO3_ch02,,,18.392000,gHO_sBM_cAll_d20_mHO5_ch10;gHO_sBM_cAll_d21_mHO5_ch10;gHO_sBM_cAll_d20_mHO5_ch06;gHO_sBM_cAll_d21_mHO5_ch09;gHO_sBM_cAll_d21_mHO5_ch03,19.869282,113,,,,1.000000000,0.216061185,0.000000,motion_end,0.216061185,0.077234,0.128347,0.034431,0.000000,0.087300,0.000000,4.270833,0.350000,beat-sync,0.842880,1.120072,,0.033645625,0.234246373,right_wrist_yaw,0.000000000,right_wrist_pitch,0.234246373,right_wrist_yaw,0.000000000,right_wrist_pitch,-0.479846,0.464869,0.856513,1.913128,0.000000000,0.000000000,0.000000000,0.000950786,0.000796964,0.007295884,19.288000,0.000000000,0.000000000,,0.000000,0.000000,0.000000,,0.005452158,0,1,0,10,gPO_sBM_cAll_d10_mPO0_ch01;gPO_sBM_cAll_d11_mPO0_ch01;gPO_sBM_cAll_d11_mPO0_ch02;gPO_sBM_cAll_d10_mPO0_ch02;gPO_sBM_cAll_d12_mPO3_ch02;gHO_sBM_cAll_d20_mHO5_ch10;gHO_sBM_cAll_d21_mHO5_ch10;gHO_sBM_cAll_d20_mHO5_ch06;gHO_sBM_cAll_d21_mHO5_ch09;gHO_sBM_cAll_d21_mHO5_ch03,,43.564500,549.950200,53.140800,3477.906400,accepted,0.957412,,0.922568,0.255221041,30.936256,0.096035,HO,0.851646,0.006622,0.002773,JB3:0.679591;JB5:0.672970;JB1:0.657533;LO4:0.626375;WA4:0.617435,gHO_sBM_cAll_d20_mHO5_ch10:0.663868;gHO_sBM_cAll_d21_mHO5_ch10:0.661095;gHO_sBM_cAll_d20_mHO5_ch06:0.660982;gHO_sBM_cAll_d21_mHO5_ch09:0.659917;gHO_sBM_cAll_d21_mHO5_ch03:0.653608;gHO_sBM_cAll_d21_mHO5_ch05:0.646012;gHO_sBM_cAll_d20_mHO5_ch05:0.642798;gHO_sBM_cAll_d21_mHO5_ch02:0.642615;gHO_sBM_cAll_d20_mHO5_ch04:0.641956;gHO_sBM_cAll_d21_mHO5_ch04:0.639919,Electronic---Techno:0.279399;Electronic---Electro:0.210278;Electronic---Deep Techno:0.110023;Electronic---Synthwave:0.106969;Electronic---Deep House:0.099071,PO:v1:k0:r1,,JB3,0.679591,gHO_sBM_cAll_d20_mHO5_ch10,0.663868,120.967742
19.768000,19.777795800,,hermite,terminal_hold,Candidates and replay infeasible: Boundary state exceeds joint limits,,,,0,0.0,1,gPO_sBM_cAll_d12_mPO3_ch02,,,18.392000,gHO_sBM_cAll_d20_mHO5_ch10;gHO_sBM_cAll_d21_mHO5_ch10;gHO_sBM_cAll_d20_mHO5_ch06;gHO_sBM_cAll_d21_mHO5_ch09;gHO_sBM_cAll_d21_mHO5_ch03,19.869282,113,,,,1.000000000,0.216061185,0.000000,motion_end,0.216061185,0.077234,0.128347,0.034431,0.000000,0.087300,0.000000,4.270833,0.350000,beat-sync,0.842880,1.120072,,0.033645625,0.234246373,right_wrist_yaw,0.000000000,right_wrist_pitch,0.234246373,right_wrist_yaw,0.000000000,right_wrist_pitch,-0.479846,0.464869,0.856513,1.913128,0.000000000,0.000000000,0.000000000,0.000950786,0.000796964,0.007295884,19.288000,0.000000000,0.000000000,,0.000000,0.000000,0.000000,,0.005436407,0,1,0,10,gPO_sBM_cAll_d10_mPO0_ch01;gPO_sBM_cAll_d11_mPO0_ch01;gPO_sBM_cAll_d11_mPO0_ch02;gPO_sBM_cAll_d10_mPO0_ch02;gPO_sBM_cAll_d12_mPO3_ch02;gHO_sBM_cAll_d20_mHO5_ch10;gHO_sBM_cAll_d21_mHO5_ch10;gHO_sBM_cAll_d20_mHO5_ch06;gHO_sBM_cAll_d21_mHO5_ch09;gHO_sBM_cAll_d21_mHO5_ch03,,43.564500,549.950200,53.140800,3477.906400,accepted,0.957412,,0.922568,0.255221041,30.936256,0.096035,HO,0.851646,0.006622,0.002773,JB3:0.679591;JB5:0.672970;JB1:0.657533;LO4:0.626375;WA4:0.617435,gHO_sBM_cAll_d20_mHO5_ch10:0.663868;gHO_sBM_cAll_d21_mHO5_ch10:0.661095;gHO_sBM_cAll_d20_mHO5_ch06:0.660982;gHO_sBM_cAll_d21_mHO5_ch09:0.659917;gHO_sBM_cAll_d21_mHO5_ch03:0.653608;gHO_sBM_cAll_d21_mHO5_ch05:0.646012;gHO_sBM_cAll_d20_mHO5_ch05:0.642798;gHO_sBM_cAll_d21_mHO5_ch02:0.642615;gHO_sBM_cAll_d20_mHO5_ch04:0.641956;gHO_sBM_cAll_d21_mHO5_ch04:0.639919,Electronic---Techno:0.279399;Electronic---Electro:0.210278;Electronic---Deep Techno:0.110023;Electronic---Synthwave:0.106969;Electronic---Deep House:0.099071,PO:v1:k0:r1,,JB3,0.679591,gHO_sBM_cAll_d20_mHO5_ch10,0.663868,120.967742
19.800000,19.810502200,,hermite,terminal_hold,Candidates and replay infeasible: Boundary state exceeds joint limits,,,,0,0.0,1,gPO_sBM_cAll_d12_mPO3_ch02,,,18.392000,gHO_sBM_cAll_d20_mHO5_ch10;gHO_sBM_cAll_d21_mHO5_ch10;gHO_sBM_cAll_d20_mHO5_ch06;gHO_sBM_cAll_d21_mHO5_ch09;gHO_sBM_cAll_d21_mHO5_ch03,19.869282,113,,,,1.000000000,0.216061185,0.000000,motion_end,0.216061185,0.077234,0.128347,0.034431,0.000000,0.087300,0.000000,4.270833,0.350000,beat-sync,0.842880,1.120072,,0.033645625,0.234246373,right_wrist_yaw,0.000000000,right_wrist_pitch,0.234246373,right_wrist_yaw,0.000000000,right_wrist_pitch,-0.479846,0.464869,0.856513,1.913128,0.000000000,0.000000000,0.000000000,0.000950786,0.000796964,0.007295884,19.288000,0.000000000,0.000000000,,0.000000,0.000000,0.000000,,0.005427447,0,1,0,10,gPO_sBM_cAll_d10_mPO0_ch01;gPO_sBM_cAll_d11_mPO0_ch01;gPO_sBM_cAll_d11_mPO0_ch02;gPO_sBM_cAll_d10_mPO0_ch02;gPO_sBM_cAll_d12_mPO3_ch02;gHO_sBM_cAll_d20_mHO5_ch10;gHO_sBM_cAll_d21_mHO5_ch10;gHO_sBM_cAll_d20_mHO5_ch06;gHO_sBM_cAll_d21_mHO5_ch09;gHO_sBM_cAll_d21_mHO5_ch03,,43.564500,549.950200,53.140800,3477.906400,accepted,0.957412,,0.922568,0.255221041,30.936256,0.096035,HO,0.851646,0.006622,0.002773,JB3:0.679591;JB5:0.672970;JB1:0.657533;LO4:0.626375;WA4:0.617435,gHO_sBM_cAll_d20_mHO5_ch10:0.663868;gHO_sBM_cAll_d21_mHO5_ch10:0.661095;gHO_sBM_cAll_d20_mHO5_ch06:0.660982;gHO_sBM_cAll_d21_mHO5_ch09:0.659917;gHO_sBM_cAll_d21_mHO5_ch03:0.653608;gHO_sBM_cAll_d21_mHO5_ch05:0.646012;gHO_sBM_cAll_d20_mHO5_ch05:0.642798;gHO_sBM_cAll_d21_mHO5_ch02:0.642615;gHO_sBM_cAll_d20_mHO5_ch04:0.641956;gHO_sBM_cAll_d21_mHO5_ch04:0.639919,Electronic---Techno:0.279399;Electronic---Electro:0.210278;Electronic---Deep Techno:0.110023;Electronic---Synthwave:0.106969;Electronic---Deep House:0.099071,PO:v1:k0:r1,,JB3,0.679591,gHO_sBM_cAll_d20_mHO5_ch10,0.663868,120.967742
19.864000,19.888736000,,hermite,terminal_hold,Candidates and replay infeasible: Boundary state exceeds joint limits,,,,0,0.0,1,gPO_sBM_cAll_d12_mPO3_ch02,,,18.392000,gHO_sBM_cAll_d20_mHO5_ch10;gHO_sBM_cAll_d21_mHO5_ch10;gHO_sBM_cAll_d20_mHO5_ch06;gHO_sBM_cAll_d21_mHO5_ch09;gHO_sBM_cAll_d21_mHO5_ch03,19.869282,113,,,,1.000000000,0.216061185,0.000000,motion_end,0.216061185,0.077234,0.128347,0.034431,0.000000,0.087300,0.000000,4.270833,0.350000,beat-sync,0.842880,1.120072,,0.033645625,0.234246373,right_wrist_yaw,0.000000000,right_wrist_pitch,0.234246373,right_wrist_yaw,0.000000000,right_wrist_pitch,-0.479846,0.464869,0.856513,1.913128,0.000000000,0.000000000,0.000000000,0.000950786,0.000796964,0.007295884,19.288000,0.000000000,0.000000000,,0.000000,0.000000,0.000000,,0.005407395,0,1,0,10,gPO_sBM_cAll_d10_mPO0_ch01;gPO_sBM_cAll_d11_mPO0_ch01;gPO_sBM_cAll_d11_mPO0_ch02;gPO_sBM_cAll_d10_mPO0_ch02;gPO_sBM_cAll_d12_mPO3_ch02;gHO_sBM_cAll_d20_mHO5_ch10;gHO_sBM_cAll_d21_mHO5_ch10;gHO_sBM_cAll_d20_mHO5_ch06;gHO_sBM_cAll_d21_mHO5_ch09;gHO_sBM_cAll_d21_mHO5_ch03,,43.564500,549.950200,53.140800,3477.906400,accepted,0.957412,,0.922568,0.255221041,30.936256,0.096035,HO,0.851646,0.006622,0.002773,JB3:0.679591;JB5:0.672970;JB1:0.657533;LO4:0.626375;WA4:0.617435,gHO_sBM_cAll_d20_mHO5_ch10:0.663868;gHO_sBM_cAll_d21_mHO5_ch10:0.661095;gHO_sBM_cAll_d20_mHO5_ch06:0.660982;gHO_sBM_cAll_d21_mHO5_ch09:0.659917;gHO_sBM_cAll_d21_mHO5_ch03:0.653608;gHO_sBM_cAll_d21_mHO5_ch05:0.646012;gHO_sBM_cAll_d20_mHO5_ch05:0.642798;gHO_sBM_cAll_d21_mHO5_ch02:0.642615;gHO_sBM_cAll_d20_mHO5_ch04:0.641956;gHO_sBM_cAll_d21_mHO5_ch04:0.639919,Electronic---Techno:0.279399;Electronic---Electro:0.210278;Electronic---Deep Techno:0.110023;Electronic---Synthwave:0.106969;Electronic---Deep House:0.099071,PO:v1:k0:r1,,JB3,0.679591,gHO_sBM_cAll_d20_mHO5_ch10,0.663868,120.967742
19.864000,19.894085700,match,hermite,terminal_hold,Candidates and replay infeasible: Boundary state exceeds joint limits,,,,0,0.0,1,gPO_sBM_cAll_d12_mPO3_ch02,,,19.416000,gHO_sBM_cAll_d20_mHO5_ch10;gHO_sBM_cAll_d21_mHO5_ch10;gHO_sBM_cAll_d20_mHO5_ch06;gHO_sBM_cAll_d21_mHO5_ch09;gHO_sBM_cAll_d21_mHO5_ch03,19.869282,113,,,,1.000000000,0.216061185,0.000000,motion_end,0.216061185,0.077234,0.128347,0.034431,0.000000,0.087300,0.000000,4.270833,0.350000,beat-sync,0.842880,1.120072,,0.033645625,0.234246373,right_wrist_yaw,0.000000000,right_wrist_pitch,0.234246373,right_wrist_yaw,0.000000000,right_wrist_pitch,-0.479846,0.464869,0.856513,1.913128,0.000000000,0.000000000,0.000000000,0.000950786,0.000796964,0.007295884,19.288000,0.000000000,0.000000000,,0.000000,0.000000,0.000000,,0.005405176,0,1,0,10,gPO_sBM_cAll_d10_mPO0_ch01;gPO_sBM_cAll_d11_mPO0_ch01;gPO_sBM_cAll_d11_mPO0_ch02;gPO_sBM_cAll_d10_mPO0_ch02;gPO_sBM_cAll_d12_mPO3_ch02;gHO_sBM_cAll_d20_mHO5_ch10;gHO_sBM_cAll_d21_mHO5_ch10;gHO_sBM_cAll_d20_mHO5_ch06;gHO_sBM_cAll_d21_mHO5_ch09;gHO_sBM_cAll_d21_mHO5_ch03,,43.564500,549.950200,53.140800,3477.906400,accepted,0.958464,,0.924479,0.256734843,30.684124,0.094041,HO,0.853105,0.007477,0.002787,JB3:0.680144;JB5:0.672667;JB1:0.656562;LO4:0.628121;WA4:0.619382,gHO_sBM_cAll_d20_mHO5_ch10:0.663599;gHO_sBM_cAll_d21_mHO5_ch10:0.660812;gHO_sBM_cAll_d20_mHO5_ch06:0.660706;gHO_sBM_cAll_d21_mHO5_ch09:0.659629;gHO_sBM_cAll_d21_mHO5_ch03:0.653354;gHO_sBM_cAll_d21_mHO5_ch05:0.645675;gHO_sBM_cAll_d20_mHO5_ch05:0.642485;gHO_sBM_cAll_d21_mHO5_ch02:0.642247;gHO_sBM_cAll_d20_mHO5_ch04:0.641616;gHO_sBM_cAll_d21_mHO5_ch04:0.639550,Electronic---Techno:0.273423;Electronic---Electro:0.206151;Electronic---Deep Techno:0.113520;Electronic---Synthwave:0.105037;Electronic---Deep House:0.104685,PO:v1:k0:r1,,JB3,0.680144,gHO_sBM_cAll_d20_mHO5_ch10,0.663599,120.967742
19.928000,19.951600900,,hermite,terminal_hold,Candidates and replay infeasible: Boundary state exceeds joint limits,,,,0,0.0,1,gPO_sBM_cAll_d12_mPO3_ch02,,,19.416000,gHO_sBM_cAll_d20_mHO5_ch10;gHO_sBM_cAll_d21_mHO5_ch10;gHO_sBM_cAll_d20_mHO5_ch06;gHO_sBM_cAll_d21_mHO5_ch09;gHO_sBM_cAll_d21_mHO5_ch03,19.869282,113,,,,1.000000000,0.216061185,0.000000,motion_end,0.216061185,0.077234,0.128347,0.034431,0.000000,0.087300,0.000000,4.270833,0.350000,beat-sync,0.842880,1.041667,,0.087660535,0.234246373,right_wrist_yaw,0.000000000,right_wrist_pitch,0.234246373,right_wrist_yaw,0.000000000,right_wrist_pitch,-0.479846,0.464869,0.856513,1.913128,0.000000000,0.000000000,0.000000000,0.000950786,0.000796964,0.007295884,19.896000,0.000000000,0.000000000,,0.000000,0.000000,0.000000,,0.005389695,0,1,0,10,gPO_sBM_cAll_d10_mPO0_ch01;gPO_sBM_cAll_d11_mPO0_ch01;gPO_sBM_cAll_d11_mPO0_ch02;gPO_sBM_cAll_d10_mPO0_ch02;gPO_sBM_cAll_d12_mPO3_ch02;gHO_sBM_cAll_d20_mHO5_ch10;gHO_sBM_cAll_d21_mHO5_ch10;gHO_sBM_cAll_d20_mHO5_ch06;gHO_sBM_cAll_d21_mHO5_ch09;gHO_sBM_cAll_d21_mHO5_ch03,,43.564500,549.950200,53.140800,3477.906400,accepted,0.958464,,0.924479,0.256734843,30.684124,0.094041,HO,0.853105,0.007477,0.002787,JB3:0.680144;JB5:0.672667;JB1:0.656562;LO4:0.628121;WA4:0.619382,gHO_sBM_cAll_d20_mHO5_ch10:0.663599;gHO_sBM_cAll_d21_mHO5_ch10:0.660812;gHO_sBM_cAll_d20_mHO5_ch06:0.660706;gHO_sBM_cAll_d21_mHO5_ch09:0.659629;gHO_sBM_cAll_d21_mHO5_ch03:0.653354;gHO_sBM_cAll_d21_mHO5_ch05:0.645675;gHO_sBM_cAll_d20_mHO5_ch05:0.642485;gHO_sBM_cAll_d21_mHO5_ch02:0.642247;gHO_sBM_cAll_d20_mHO5_ch04:0.641616;gHO_sBM_cAll_d21_mHO5_ch04:0.639550,Electronic---Techno:0.273423;Electronic---Electro:0.206151;Electronic---Deep Techno:0.113520;Electronic---Synthwave:0.105037;Electronic---Deep House:0.104685,PO:v1:k0:r1,,JB3,0.680144,gHO_sBM_cAll_d20_mHO5_ch10,0.663599,120.967742
19.960000,19.985602900,,hermite,terminal_hold,Candidates and replay infeasible: Boundary state exceeds joint limits,,,,0,0.0,1,gPO_sBM_cAll_d12_mPO3_ch02,,,19.416000,gHO_sBM_cAll_d20_mHO5_ch10;gHO_sBM_cAll_d21_mHO5_ch10;gHO_sBM_cAll_d20_mHO5_ch06;gHO_sBM_cAll_d21_mHO5_ch09;gHO_sBM_cAll_d21_mHO5_ch03,19.869282,113,,,,1.000000000,0.216061185,0.000000,motion_end,0.216061185,0.077234,0.128347,0.034431,0.000000,0.087300,0.000000,4.270833,0.350000,beat-sync,0.842880,1.041667,,0.087660535,0.234246373,right_wrist_yaw,0.000000000,right_wrist_pitch,0.234246373,right_wrist_yaw,0.000000000,right_wrist_pitch,-0.479846,0.464869,0.856513,1.913128,0.000000000,0.000000000,0.000000000,0.000950786,0.000796964,0.007295884,19.896000,0.000000000,0.000000000,,0.000000,0.000000,0.000000,,0.005380888,0,1,0,10,gPO_sBM_cAll_d10_mPO0_ch01;gPO_sBM_cAll_d11_mPO0_ch01;gPO_sBM_cAll_d11_mPO0_ch02;gPO_sBM_cAll_d10_mPO0_ch02;gPO_sBM_cAll_d12_mPO3_ch02;gHO_sBM_cAll_d20_mHO5_ch10;gHO_sBM_cAll_d21_mHO5_ch10;gHO_sBM_cAll_d20_mHO5_ch06;gHO_sBM_cAll_d21_mHO5_ch09;gHO_sBM_cAll_d21_mHO5_ch03,,43.564500,549.950200,53.140800,3477.906400,accepted,0.958464,,0.924479,0.256734843,30.684124,0.094041,HO,0.853105,0.007477,0.002787,JB3:0.680144;JB5:0.672667;JB1:0.656562;LO4:0.628121;WA4:0.619382,gHO_sBM_cAll_d20_mHO5_ch10:0.663599;gHO_sBM_cAll_d21_mHO5_ch10:0.660812;gHO_sBM_cAll_d20_mHO5_ch06:0.660706;gHO_sBM_cAll_d21_mHO5_ch09:0.659629;gHO_sBM_cAll_d21_mHO5_ch03:0.653354;gHO_sBM_cAll_d21_mHO5_ch05:0.645675;gHO_sBM_cAll_d20_mHO5_ch05:0.642485;gHO_sBM_cAll_d21_mHO5_ch02:0.642247;gHO_sBM_cAll_d20_mHO5_ch04:0.641616;gHO_sBM_cAll_d21_mHO5_ch04:0.639550,Electronic---Techno:0.273423;Electronic---Electro:0.206151;Electronic---Deep Techno:0.113520;Electronic---Synthwave:0.105037;Electronic---Deep House:0.104685,PO:v1:k0:r1,,JB3,0.680144,gHO_sBM_cAll_d20_mHO5_ch10,0.663599,120.967742
19.992000,20.010481000,beat_limiter_result,hermite,terminal_hold,Candidates and replay infeasible: Boundary state exceeds joint limits,,,,0,0.0,1,gPO_sBM_cAll_d12_mPO3_ch02,,,19.416000,gHO_sBM_cAll_d20_mHO5_ch10;gHO_sBM_cAll_d21_mHO5_ch10;gHO_sBM_cAll_d20_mHO5_ch06;gHO_sBM_cAll_d21_mHO5_ch09;gHO_sBM_cAll_d21_mHO5_ch03,19.869282,113,,,,1.000000000,0.216061185,0.000000,motion_end,0.216061185,0.077234,0.128347,0.034431,0.000000,0.087300,0.000000,4.270833,0.350000,beat-sync,0.842880,1.041667,,0.087660535,0.234246373,right_wrist_yaw,0.000000000,right_wrist_pitch,0.234246373,right_wrist_yaw,0.000000000,right_wrist_pitch,-0.479846,0.464869,0.856513,1.913128,0.000000000,0.000000000,0.000000000,0.000950786,0.000796964,0.007295884,19.896000,0.000000000,0.000000000,,0.000000,0.000000,0.000000,,0.005374302,0,1,0,10,gPO_sBM_cAll_d10_mPO0_ch01;gPO_sBM_cAll_d11_mPO0_ch01;gPO_sBM_cAll_d11_mPO0_ch02;gPO_sBM_cAll_d10_mPO0_ch02;gPO_sBM_cAll_d12_mPO3_ch02;gHO_sBM_cAll_d20_mHO5_ch10;gHO_sBM_cAll_d21_mHO5_ch10;gHO_sBM_cAll_d20_mHO5_ch06;gHO_sBM_cAll_d21_mHO5_ch09;gHO_sBM_cAll_d21_mHO5_ch03,,43.564500,549.950200,53.140800,3477.906400,accepted,0.958464,,0.924479,0.256734843,30.684124,0.094041,HO,0.853105,0.007477,0.002787,JB3:0.680144;JB5:0.672667;JB1:0.656562;LO4:0.628121;WA4:0.619382,gHO_sBM_cAll_d20_mHO5_ch10:0.663599;gHO_sBM_cAll_d21_mHO5_ch10:0.660812;gHO_sBM_cAll_d20_mHO5_ch06:0.660706;gHO_sBM_cAll_d21_mHO5_ch09:0.659629;gHO_sBM_cAll_d21_mHO5_ch03:0.653354;gHO_sBM_cAll_d21_mHO5_ch05:0.645675;gHO_sBM_cAll_d20_mHO5_ch05:0.642485;gHO_sBM_cAll_d21_mHO5_ch02:0.642247;gHO_sBM_cAll_d20_mHO5_ch04:0.641616;gHO_sBM_cAll_d21_mHO5_ch04:0.639550,Electronic---Techno:0.273423;Electronic---Electro:0.206151;Electronic---Deep Techno:0.113520;Electronic---Synthwave:0.105037;Electronic---Deep House:0.104685,PO:v1:k0:r1,,JB3,0.680144,gHO_sBM_cAll_d20_mHO5_ch10,0.663599,120.967742
20.024000,20.044071200,,hermite,terminal_hold,Candidates and replay infeasible: Boundary state exceeds joint limits,,,,0,0.0,1,gPO_sBM_cAll_d12_mPO3_ch02,,,19.416000,gHO_sBM_cAll_d20_mHO5_ch10;gHO_sBM_cAll_d21_mHO5_ch10;gHO_sBM_cAll_d20_mHO5_ch06;gHO_sBM_cAll_d21_mHO5_ch09;gHO_sBM_cAll_d21_mHO5_ch03,19.869282,113,,,,1.000000000,0.216061185,0.000000,motion_end,0.216061185,0.077234,0.128347,0.034431,0.000000,0.087300,0.000000,4.270833,0.350000,beat-sync,0.842880,1.041667,,0.087660535,0.234246373,right_wrist_yaw,0.000000000,right_wrist_pitch,0.234246373,right_wrist_yaw,0.000000000,right_wrist_pitch,-0.479846,0.464869,0.856513,1.913128,0.000000000,0.000000000,0.000000000,0.000950786,0.000796964,0.007295884,19.896000,0.000000000,0.000000000,,0.000000,0.000000,0.000000,,0.005365545,0,1,0,10,gPO_sBM_cAll_d10_mPO0_ch01;gPO_sBM_cAll_d11_mPO0_ch01;gPO_sBM_cAll_d11_mPO0_ch02;gPO_sBM_cAll_d10_mPO0_ch02;gPO_sBM_cAll_d12_mPO3_ch02;gHO_sBM_cAll_d20_mHO5_ch10;gHO_sBM_cAll_d21_mHO5_ch10;gHO_sBM_cAll_d20_mHO5_ch06;gHO_sBM_cAll_d21_mHO5_ch09;gHO_sBM_cAll_d21_mHO5_ch03,,43.564500,549.950200,53.140800,3477.906400,accepted,0.958464,,0.924479,0.256734843,30.684124,0.094041,HO,0.853105,0.007477,0.002787,JB3:0.680144;JB5:0.672667;JB1:0.656562;LO4:0.628121;WA4:0.619382,gHO_sBM_cAll_d20_mHO5_ch10:0.663599;gHO_sBM_cAll_d21_mHO5_ch10:0.660812;gHO_sBM_cAll_d20_mHO5_ch06:0.660706;gHO_sBM_cAll_d21_mHO5_ch09:0.659629;gHO_sBM_cAll_d21_mHO5_ch03:0.653354;gHO_sBM_cAll_d21_mHO5_ch05:0.645675;gHO_sBM_cAll_d20_mHO5_ch05:0.642485;gHO_sBM_cAll_d21_mHO5_ch02:0.642247;gHO_sBM_cAll_d20_mHO5_ch04:0.641616;gHO_sBM_cAll_d21_mHO5_ch04:0.639550,Electronic---Techno:0.273423;Electronic---Electro:0.206151;Electronic---Deep Techno:0.113520;Electronic---Synthwave:0.105037;Electronic---Deep House:0.104685,PO:v1:k0:r1,,JB3,0.680144,gHO_sBM_cAll_d20_mHO5_ch10,0.663599,120.967742
20.056000,20.079172500,,hermite,terminal_hold,Candidates and replay infeasible: Boundary state exceeds joint limits,,,,0,0.0,1,gPO_sBM_cAll_d12_mPO3_ch02,,,19.416000,gHO_sBM_cAll_d20_mHO5_ch10;gHO_sBM_cAll_d21_mHO5_ch10;gHO_sBM_cAll_d20_mHO5_ch06;gHO_sBM_cAll_d21_mHO5_ch09;gHO_sBM_cAll_d21_mHO5_ch03,19.869282,113,,,,1.000000000,0.216061185,0.000000,motion_end,0.216061185,0.077234,0.128347,0.034431,0.000000,0.087300,0.000000,4.270833,0.350000,beat-sync,0.842880,1.041667,,0.087660535,0.234246373,right_wrist_yaw,0.000000000,right_wrist_pitch,0.234246373,right_wrist_yaw,0.000000000,right_wrist_pitch,-0.479846,0.464869,0.856513,1.913128,0.000000000,0.000000000,0.000000000,0.000950786,0.000796964,0.007295884,19.896000,0.000000000,0.000000000,,0.000000,0.000000,0.000000,,0.005356817,0,1,0,10,gPO_sBM_cAll_d10_mPO0_ch01;gPO_sBM_cAll_d11_mPO0_ch01;gPO_sBM_cAll_d11_mPO0_ch02;gPO_sBM_cAll_d10_mPO0_ch02;gPO_sBM_cAll_d12_mPO3_ch02;gHO_sBM_cAll_d20_mHO5_ch10;gHO_sBM_cAll_d21_mHO5_ch10;gHO_sBM_cAll_d20_mHO5_ch06;gHO_sBM_cAll_d21_mHO5_ch09;gHO_sBM_cAll_d21_mHO5_ch03,,43.564500,549.950200,53.140800,3477.906400,accepted,0.958464,,0.924479,0.256734843,30.684124,0.094041,HO,0.853105,0.007477,0.002787,JB3:0.680144;JB5:0.672667;JB1:0.656562;LO4:0.628121;WA4:0.619382,gHO_sBM_cAll_d20_mHO5_ch10:0.663599;gHO_sBM_cAll_d21_mHO5_ch10:0.660812;gHO_sBM_cAll_d20_mHO5_ch06:0.660706;gHO_sBM_cAll_d21_mHO5_ch09:0.659629;gHO_sBM_cAll_d21_mHO5_ch03:0.653354;gHO_sBM_cAll_d21_mHO5_ch05:0.645675;gHO_sBM_cAll_d20_mHO5_ch05:0.642485;gHO_sBM_cAll_d21_mHO5_ch02:0.642247;gHO_sBM_cAll_d20_mHO5_ch04:0.641616;gHO_sBM_cAll_d21_mHO5_ch04:0.639550,Electronic---Techno:0.273423;Electronic---Electro:0.206151;Electronic---Deep Techno:0.113520;Electronic---Synthwave:0.105037;Electronic---Deep House:0.104685,PO:v1:k0:r1,,JB3,0.680144,gHO_sBM_cAll_d20_mHO5_ch10,0.663599,120.967742
20.120000,20.135418700,,hermite,terminal_hold,Candidates and replay infeasible: Boundary state exceeds joint limits,,,,0,0.0,1,gPO_sBM_cAll_d12_mPO3_ch02,,,19.416000,gHO_sBM_cAll_d20_mHO5_ch10;gHO_sBM_cAll_d21_mHO5_ch10;gHO_sBM_cAll_d20_mHO5_ch06;gHO_sBM_cAll_d21_mHO5_ch09;gHO_sBM_cAll_d21_mHO5_ch03,19.869282,113,,,,1.000000000,0.216061185,0.000000,motion_end,0.216061185,0.077234,0.128347,0.034431,0.000000,0.087300,0.000000,4.270833,0.350000,beat-sync,0.842880,1.041667,,0.087660535,0.234246373,right_wrist_yaw,0.000000000,right_wrist_pitch,0.234246373,right_wrist_yaw,0.000000000,right_wrist_pitch,-0.479846,0.464869,0.856513,1.913128,0.000000000,0.000000000,0.000000000,0.000950786,0.000796964,0.007295884,19.896000,0.000000000,0.000000000,,0.000000,0.000000,0.000000,,0.005341611,0,1,0,10,gPO_sBM_cAll_d10_mPO0_ch01;gPO_sBM_cAll_d11_mPO0_ch01;gPO_sBM_cAll_d11_mPO0_ch02;gPO_sBM_cAll_d10_mPO0_ch02;gPO_sBM_cAll_d12_mPO3_ch02;gHO_sBM_cAll_d20_mHO5_ch10;gHO_sBM_cAll_d21_mHO5_ch10;gHO_sBM_cAll_d20_mHO5_ch06;gHO_sBM_cAll_d21_mHO5_ch09;gHO_sBM_cAll_d21_mHO5_ch03,,43.564500,549.950200,53.140800,3477.906400,accepted,0.958464,,0.924479,0.256734843,30.684124,0.094041,HO,0.853105,0.007477,0.002787,JB3:0.680144;JB5:0.672667;JB1:0.656562;LO4:0.628121;WA4:0.619382,gHO_sBM_cAll_d20_mHO5_ch10:0.663599;gHO_sBM_cAll_d21_mHO5_ch10:0.660812;gHO_sBM_cAll_d20_mHO5_ch06:0.660706;gHO_sBM_cAll_d21_mHO5_ch09:0.659629;gHO_sBM_cAll_d21_mHO5_ch03:0.653354;gHO_sBM_cAll_d21_mHO5_ch05:0.645675;gHO_sBM_cAll_d20_mHO5_ch05:0.642485;gHO_sBM_cAll_d21_mHO5_ch02:0.642247;gHO_sBM_cAll_d20_mHO5_ch04:0.641616;gHO_sBM_cAll_d21_mHO5_ch04:0.639550,Electronic---Techno:0.273423;Electronic---Electro:0.206151;Electronic---Deep Techno:0.113520;Electronic---Synthwave:0.105037;Electronic---Deep House:0.104685,PO:v1:k0:r1,,JB3,0.680144,gHO_sBM_cAll_d20_mHO5_ch10,0.663599,120.967742
20.152000,20.168590400,,hermite,terminal_hold,Candidates and replay infeasible: Boundary state exceeds joint limits,,,,0,0.0,1,gPO_sBM_cAll_d12_mPO3_ch02,,,19.416000,gHO_sBM_cAll_d20_mHO5_ch10;gHO_sBM_cAll_d21_mHO5_ch10;gHO_sBM_cAll_d20_mHO5_ch06;gHO_sBM_cAll_d21_mHO5_ch09;gHO_sBM_cAll_d21_mHO5_ch03,19.869282,113,,,,1.000000000,0.216061185,0.000000,motion_end,0.216061185,0.077234,0.128347,0.034431,0.000000,0.087300,0.000000,4.270833,0.350000,beat-sync,0.842880,1.041667,,0.087660535,0.234246373,right_wrist_yaw,0.000000000,right_wrist_pitch,0.234246373,right_wrist_yaw,0.000000000,right_wrist_pitch,-0.479846,0.464869,0.856513,1.913128,0.000000000,0.000000000,0.000000000,0.000950786,0.000796964,0.007295884,19.896000,0.000000000,0.000000000,,0.000000,0.000000,0.000000,,0.005332961,0,1,0,10,gPO_sBM_cAll_d10_mPO0_ch01;gPO_sBM_cAll_d11_mPO0_ch01;gPO_sBM_cAll_d11_mPO0_ch02;gPO_sBM_cAll_d10_mPO0_ch02;gPO_sBM_cAll_d12_mPO3_ch02;gHO_sBM_cAll_d20_mHO5_ch10;gHO_sBM_cAll_d21_mHO5_ch10;gHO_sBM_cAll_d20_mHO5_ch06;gHO_sBM_cAll_d21_mHO5_ch09;gHO_sBM_cAll_d21_mHO5_ch03,,43.564500,549.950200,53.140800,3477.906400,accepted,0.958464,,0.924479,0.256734843,30.684124,0.094041,HO,0.853105,0.007477,0.002787,JB3:0.680144;JB5:0.672667;JB1:0.656562;LO4:0.628121;WA4:0.619382,gHO_sBM_cAll_d20_mHO5_ch10:0.663599;gHO_sBM_cAll_d21_mHO5_ch10:0.660812;gHO_sBM_cAll_d20_mHO5_ch06:0.660706;gHO_sBM_cAll_d21_mHO5_ch09:0.659629;gHO_sBM_cAll_d21_mHO5_ch03:0.653354;gHO_sBM_cAll_d21_mHO5_ch05:0.645675;gHO_sBM_cAll_d20_mHO5_ch05:0.642485;gHO_sBM_cAll_d21_mHO5_ch02:0.642247;gHO_sBM_cAll_d20_mHO5_ch04:0.641616;gHO_sBM_cAll_d21_mHO5_ch04:0.639550,Electronic---Techno:0.273423;Electronic---Electro:0.206151;Electronic---Deep Techno:0.113520;Electronic---Synthwave:0.105037;Electronic---Deep House:0.104685,PO:v1:k0:r1,,JB3,0.680144,gHO_sBM_cAll_d20_mHO5_ch10,0.663599,120.967742
20.216000,20.235273200,,hermite,terminal_hold,Candidates and replay infeasible: Boundary state exceeds joint limits,,,,0,0.0,1,gPO_sBM_cAll_d12_mPO3_ch02,,,19.416000,gHO_sBM_cAll_d20_mHO5_ch10;gHO_sBM_cAll_d21_mHO5_ch10;gHO_sBM_cAll_d20_mHO5_ch06;gHO_sBM_cAll_d21_mHO5_ch09;gHO_sBM_cAll_d21_mHO5_ch03,19.869282,113,,,,1.000000000,0.216061185,0.000000,motion_end,0.216061185,0.077234,0.128347,0.034431,0.000000,0.087300,0.000000,4.270833,0.350000,beat-sync,0.842880,1.041667,,0.087660535,0.234246373,right_wrist_yaw,0.000000000,right_wrist_pitch,0.234246373,right_wrist_yaw,0.000000000,right_wrist_pitch,-0.479846,0.464869,0.856513,1.913128,0.000000000,0.000000000,0.000000000,0.000950786,0.000796964,0.007295884,19.896000,0.000000000,0.000000000,,0.000000,0.000000,0.000000,,0.005315744,0,1,0,10,gPO_sBM_cAll_d10_mPO0_ch01;gPO_sBM_cAll_d11_mPO0_ch01;gPO_sBM_cAll_d11_mPO0_ch02;gPO_sBM_cAll_d10_mPO0_ch02;gPO_sBM_cAll_d12_mPO3_ch02;gHO_sBM_cAll_d20_mHO5_ch10;gHO_sBM_cAll_d21_mHO5_ch10;gHO_sBM_cAll_d20_mHO5_ch06;gHO_sBM_cAll_d21_mHO5_ch09;gHO_sBM_cAll_d21_mHO5_ch03,,43.564500,549.950200,53.140800,3477.906400,accepted,0.958464,,0.924479,0.256734843,30.684124,0.094041,HO,0.853105,0.007477,0.002787,JB3:0.680144;JB5:0.672667;JB1:0.656562;LO4:0.628121;WA4:0.619382,gHO_sBM_cAll_d20_mHO5_ch10:0.663599;gHO_sBM_cAll_d21_mHO5_ch10:0.660812;gHO_sBM_cAll_d20_mHO5_ch06:0.660706;gHO_sBM_cAll_d21_mHO5_ch09:0.659629;gHO_sBM_cAll_d21_mHO5_ch03:0.653354;gHO_sBM_cAll_d21_mHO5_ch05:0.645675;gHO_sBM_cAll_d20_mHO5_ch05:0.642485;gHO_sBM_cAll_d21_mHO5_ch02:0.642247;gHO_sBM_cAll_d20_mHO5_ch04:0.641616;gHO_sBM_cAll_d21_mHO5_ch04:0.639550,Electronic---Techno:0.273423;Electronic---Electro:0.206151;Electronic---Deep Techno:0.113520;Electronic---Synthwave:0.105037;Electronic---Deep House:0.104685,PO:v1:k0:r1,,JB3,0.680144,gHO_sBM_cAll_d20_mHO5_ch10,0.663599,120.967742
20.280000,20.293786500,,hermite,terminal_hold,Candidates and replay infeasible: Boundary state exceeds joint limits,,,,0,0.0,1,gPO_sBM_cAll_d12_mPO3_ch02,,,19.416000,gHO_sBM_cAll_d20_mHO5_ch10;gHO_sBM_cAll_d21_mHO5_ch10;gHO_sBM_cAll_d20_mHO5_ch06;gHO_sBM_cAll_d21_mHO5_ch09;gHO_sBM_cAll_d21_mHO5_ch03,19.869282,113,,,,1.000000000,0.216061185,0.000000,motion_end,0.216061185,0.077234,0.128347,0.034431,0.000000,0.087300,0.000000,4.270833,0.350000,beat-sync,0.842880,1.041667,,0.179177679,0.234246373,right_wrist_yaw,0.000000000,right_wrist_pitch,0.234246373,right_wrist_yaw,0.000000000,right_wrist_pitch,-0.479846,0.464869,0.856513,1.913128,0.000000000,0.000000000,0.000000000,0.000950786,0.000796964,0.007295884,20.216000,0.000000000,0.000000000,,0.000000,0.000000,0.000000,,0.005300770,0,1,0,10,gPO_sBM_cAll_d10_mPO0_ch01;gPO_sBM_cAll_d11_mPO0_ch01;gPO_sBM_cAll_d11_mPO0_ch02;gPO_sBM_cAll_d10_mPO0_ch02;gPO_sBM_cAll_d12_mPO3_ch02;gHO_sBM_cAll_d20_mHO5_ch10;gHO_sBM_cAll_d21_mHO5_ch10;gHO_sBM_cAll_d20_mHO5_ch06;gHO_sBM_cAll_d21_mHO5_ch09;gHO_sBM_cAll_d21_mHO5_ch03,,43.564500,549.950200,53.140800,3477.906400,accepted,0.958464,,0.924479,0.256734843,30.684124,0.094041,HO,0.853105,0.007477,0.002787,JB3:0.680144;JB5:0.672667;JB1:0.656562;LO4:0.628121;WA4:0.619382,gHO_sBM_cAll_d20_mHO5_ch10:0.663599;gHO_sBM_cAll_d21_mHO5_ch10:0.660812;gHO_sBM_cAll_d20_mHO5_ch06:0.660706;gHO_sBM_cAll_d21_mHO5_ch09:0.659629;gHO_sBM_cAll_d21_mHO5_ch03:0.653354;gHO_sBM_cAll_d21_mHO5_ch05:0.645675;gHO_sBM_cAll_d20_mHO5_ch05:0.642485;gHO_sBM_cAll_d21_mHO5_ch02:0.642247;gHO_sBM_cAll_d20_mHO5_ch04:0.641616;gHO_sBM_cAll_d21_mHO5_ch04:0.639550,Electronic---Techno:0.273423;Electronic---Electro:0.206151;Electronic---Deep Techno:0.113520;Electronic---Synthwave:0.105037;Electronic---Deep House:0.104685,PO:v1:k0:r1,,JB3,0.680144,gHO_sBM_cAll_d20_mHO5_ch10,0.663599,120.967742
20.280000,20.319633900,beat_limiter_result,hermite,terminal_hold,Candidates and replay infeasible: Boundary state exceeds joint limits,,,,0,0.0,1,gPO_sBM_cAll_d12_mPO3_ch02,,,19.416000,gHO_sBM_cAll_d20_mHO5_ch10;gHO_sBM_cAll_d21_mHO5_ch10;gHO_sBM_cAll_d20_mHO5_ch06;gHO_sBM_cAll_d21_mHO5_ch09;gHO_sBM_cAll_d21_mHO5_ch03,19.869282,113,,,,1.000000000,0.216061185,0.000000,motion_end,0.216061185,0.077234,0.128347,0.034431,0.000000,0.087300,0.000000,4.270833,0.350000,beat-sync,0.842880,1.041667,,0.179177679,0.234246373,right_wrist_yaw,0.000000000,right_wrist_pitch,0.234246373,right_wrist_yaw,0.000000000,right_wrist_pitch,-0.479846,0.464869,0.856513,1.913128,0.000000000,0.000000000,0.000000000,0.000950786,0.000796964,0.007295884,20.216000,0.000000000,0.000000000,,0.000000,0.000000,0.000000,,0.005294379,0,1,0,10,gPO_sBM_cAll_d10_mPO0_ch01;gPO_sBM_cAll_d11_mPO0_ch01;gPO_sBM_cAll_d11_mPO0_ch02;gPO_sBM_cAll_d10_mPO0_ch02;gPO_sBM_cAll_d12_mPO3_ch02;gHO_sBM_cAll_d20_mHO5_ch10;gHO_sBM_cAll_d21_mHO5_ch10;gHO_sBM_cAll_d20_mHO5_ch06;gHO_sBM_cAll_d21_mHO5_ch09;gHO_sBM_cAll_d21_mHO5_ch03,,43.564500,549.950200,53.140800,3477.906400,accepted,0.958464,,0.924479,0.256734843,30.684124,0.094041,HO,0.853105,0.007477,0.002787,JB3:0.680144;JB5:0.672667;JB1:0.656562;LO4:0.628121;WA4:0.619382,gHO_sBM_cAll_d20_mHO5_ch10:0.663599;gHO_sBM_cAll_d21_mHO5_ch10:0.660812;gHO_sBM_cAll_d20_mHO5_ch06:0.660706;gHO_sBM_cAll_d21_mHO5_ch09:0.659629;gHO_sBM_cAll_d21_mHO5_ch03:0.653354;gHO_sBM_cAll_d21_mHO5_ch05:0.645675;gHO_sBM_cAll_d20_mHO5_ch05:0.642485;gHO_sBM_cAll_d21_mHO5_ch02:0.642247;gHO_sBM_cAll_d20_mHO5_ch04:0.641616;gHO_sBM_cAll_d21_mHO5_ch04:0.639550,Electronic---Techno:0.273423;Electronic---Electro:0.206151;Electronic---Deep Techno:0.113520;Electronic---Synthwave:0.105037;Electronic---Deep House:0.104685,PO:v1:k0:r1,,JB3,0.680144,gHO_sBM_cAll_d20_mHO5_ch10,0.663599,120.967742
20.312000,20.327204400,,hermite,terminal_hold,Candidates and replay infeasible: Boundary state exceeds joint limits,,,,0,0.0,1,gPO_sBM_cAll_d12_mPO3_ch02,,,19.416000,gHO_sBM_cAll_d20_mHO5_ch10;gHO_sBM_cAll_d21_mHO5_ch10;gHO_sBM_cAll_d20_mHO5_ch06;gHO_sBM_cAll_d21_mHO5_ch09;gHO_sBM_cAll_d21_mHO5_ch03,19.869282,113,,,,1.000000000,0.216061185,0.000000,motion_end,0.216061185,0.077234,0.128347,0.034431,0.000000,0.087300,0.000000,4.270833,0.350000,beat-sync,0.842880,1.041667,,0.179177679,0.234246373,right_wrist_yaw,0.000000000,right_wrist_pitch,0.234246373,right_wrist_yaw,0.000000000,right_wrist_pitch,-0.479846,0.464869,0.856513,1.913128,0.000000000,0.000000000,0.000000000,0.000950786,0.000796964,0.007295884,20.216000,0.000000000,0.000000000,,0.000000,0.000000,0.000000,,0.005292251,0,1,0,10,gPO_sBM_cAll_d10_mPO0_ch01;gPO_sBM_cAll_d11_mPO0_ch01;gPO_sBM_cAll_d11_mPO0_ch02;gPO_sBM_cAll_d10_mPO0_ch02;gPO_sBM_cAll_d12_mPO3_ch02;gHO_sBM_cAll_d20_mHO5_ch10;gHO_sBM_cAll_d21_mHO5_ch10;gHO_sBM_cAll_d20_mHO5_ch06;gHO_sBM_cAll_d21_mHO5_ch09;gHO_sBM_cAll_d21_mHO5_ch03,,43.564500,549.950200,53.140800,3477.906400,accepted,0.958464,,0.924479,0.256734843,30.684124,0.094041,HO,0.853105,0.007477,0.002787,JB3:0.680144;JB5:0.672667;JB1:0.656562;LO4:0.628121;WA4:0.619382,gHO_sBM_cAll_d20_mHO5_ch10:0.663599;gHO_sBM_cAll_d21_mHO5_ch10:0.660812;gHO_sBM_cAll_d20_mHO5_ch06:0.660706;gHO_sBM_cAll_d21_mHO5_ch09:0.659629;gHO_sBM_cAll_d21_mHO5_ch03:0.653354;gHO_sBM_cAll_d21_mHO5_ch05:0.645675;gHO_sBM_cAll_d20_mHO5_ch05:0.642485;gHO_sBM_cAll_d21_mHO5_ch02:0.642247;gHO_sBM_cAll_d20_mHO5_ch04:0.641616;gHO_sBM_cAll_d21_mHO5_ch04:0.639550,Electronic---Techno:0.273423;Electronic---Electro:0.206151;Electronic---Deep Techno:0.113520;Electronic---Synthwave:0.105037;Electronic---Deep House:0.104685,PO:v1:k0:r1,,JB3,0.680144,gHO_sBM_cAll_d20_mHO5_ch10,0.663599,120.967742
20.376000,20.385352700,,hermite,terminal_hold,Candidates and replay infeasible: Boundary state exceeds joint limits,,,,0,0.0,1,gPO_sBM_cAll_d12_mPO3_ch02,,,19.416000,gHO_sBM_cAll_d20_mHO5_ch10;gHO_sBM_cAll_d21_mHO5_ch10;gHO_sBM_cAll_d20_mHO5_ch06;gHO_sBM_cAll_d21_mHO5_ch09;gHO_sBM_cAll_d21_mHO5_ch03,19.869282,113,,,,1.000000000,0.216061185,0.000000,motion_end,0.216061185,0.077234,0.128347,0.034431,0.000000,0.087300,0.000000,4.270833,0.350000,beat-sync,0.842880,1.041667,,0.179177679,0.234246373,right_wrist_yaw,0.000000000,right_wrist_pitch,0.234246373,right_wrist_yaw,0.000000000,right_wrist_pitch,-0.479846,0.464869,0.856513,1.913128,0.000000000,0.000000000,0.000000000,0.000950786,0.000796964,0.007295884,20.216000,0.000000000,0.000000000,,0.000000,0.000000,0.000000,,0.005277409,0,1,0,10,gPO_sBM_cAll_d10_mPO0_ch01;gPO_sBM_cAll_d11_mPO0_ch01;gPO_sBM_cAll_d11_mPO0_ch02;gPO_sBM_cAll_d10_mPO0_ch02;gPO_sBM_cAll_d12_mPO3_ch02;gHO_sBM_cAll_d20_mHO5_ch10;gHO_sBM_cAll_d21_mHO5_ch10;gHO_sBM_cAll_d20_mHO5_ch06;gHO_sBM_cAll_d21_mHO5_ch09;gHO_sBM_cAll_d21_mHO5_ch03,,43.564500,549.950200,53.140800,3477.906400,accepted,0.958464,,0.924479,0.256734843,30.684124,0.094041,HO,0.853105,0.007477,0.002787,JB3:0.680144;JB5:0.672667;JB1:0.656562;LO4:0.628121;WA4:0.619382,gHO_sBM_cAll_d20_mHO5_ch10:0.663599;gHO_sBM_cAll_d21_mHO5_ch10:0.660812;gHO_sBM_cAll_d20_mHO5_ch06:0.660706;gHO_sBM_cAll_d21_mHO5_ch09:0.659629;gHO_sBM_cAll_d21_mHO5_ch03:0.653354;gHO_sBM_cAll_d21_mHO5_ch05:0.645675;gHO_sBM_cAll_d20_mHO5_ch05:0.642485;gHO_sBM_cAll_d21_mHO5_ch02:0.642247;gHO_sBM_cAll_d20_mHO5_ch04:0.641616;gHO_sBM_cAll_d21_mHO5_ch04:0.639550,Electronic---Techno:0.273423;Electronic---Electro:0.206151;Electronic---Deep Techno:0.113520;Electronic---Synthwave:0.105037;Electronic---Deep House:0.104685,PO:v1:k0:r1,,JB3,0.680144,gHO_sBM_cAll_d20_mHO5_ch10,0.663599,120.967742
20.408000,20.426635900,,hermite,terminal_hold,Candidates and replay infeasible: Boundary state exceeds joint limits,,,,0,0.0,1,gPO_sBM_cAll_d12_mPO3_ch02,,,19.416000,gHO_sBM_cAll_d20_mHO5_ch10;gHO_sBM_cAll_d21_mHO5_ch10;gHO_sBM_cAll_d20_mHO5_ch06;gHO_sBM_cAll_d21_mHO5_ch09;gHO_sBM_cAll_d21_mHO5_ch03,19.869282,113,,,,1.000000000,0.216061185,0.000000,motion_end,0.216061185,0.077234,0.128347,0.034431,0.000000,0.087300,0.000000,4.270833,0.350000,beat-sync,0.842880,1.041667,,0.179177679,0.234246373,right_wrist_yaw,0.000000000,right_wrist_pitch,0.234246373,right_wrist_yaw,0.000000000,right_wrist_pitch,-0.479846,0.464869,0.856513,1.913128,0.000000000,0.000000000,0.000000000,0.000950786,0.000796964,0.007295884,20.216000,0.000000000,0.000000000,,0.000000,0.000000,0.000000,,0.005266859,0,1,0,10,gPO_sBM_cAll_d10_mPO0_ch01;gPO_sBM_cAll_d11_mPO0_ch01;gPO_sBM_cAll_d11_mPO0_ch02;gPO_sBM_cAll_d10_mPO0_ch02;gPO_sBM_cAll_d12_mPO3_ch02;gHO_sBM_cAll_d20_mHO5_ch10;gHO_sBM_cAll_d21_mHO5_ch10;gHO_sBM_cAll_d20_mHO5_ch06;gHO_sBM_cAll_d21_mHO5_ch09;gHO_sBM_cAll_d21_mHO5_ch03,,43.564500,549.950200,53.140800,3477.906400,accepted,0.958464,,0.924479,0.256734843,30.684124,0.094041,HO,0.853105,0.007477,0.002787,JB3:0.680144;JB5:0.672667;JB1:0.656562;LO4:0.628121;WA4:0.619382,gHO_sBM_cAll_d20_mHO5_ch10:0.663599;gHO_sBM_cAll_d21_mHO5_ch10:0.660812;gHO_sBM_cAll_d20_mHO5_ch06:0.660706;gHO_sBM_cAll_d21_mHO5_ch09:0.659629;gHO_sBM_cAll_d21_mHO5_ch03:0.653354;gHO_sBM_cAll_d21_mHO5_ch05:0.645675;gHO_sBM_cAll_d20_mHO5_ch05:0.642485;gHO_sBM_cAll_d21_mHO5_ch02:0.642247;gHO_sBM_cAll_d20_mHO5_ch04:0.641616;gHO_sBM_cAll_d21_mHO5_ch04:0.639550,Electronic---Techno:0.273423;Electronic---Electro:0.206151;Electronic---Deep Techno:0.113520;Electronic---Synthwave:0.105037;Electronic---Deep House:0.104685,PO:v1:k0:r1,,JB3,0.680144,gHO_sBM_cAll_d20_mHO5_ch10,0.663599,120.967742
20.472000,20.499734200,,hermite,terminal_hold,Candidates and replay infeasible: Boundary state exceeds joint limits,,,,0,0.0,1,gPO_sBM_cAll_d12_mPO3_ch02,,,19.416000,gHO_sBM_cAll_d20_mHO5_ch10;gHO_sBM_cAll_d21_mHO5_ch10;gHO_sBM_cAll_d20_mHO5_ch06;gHO_sBM_cAll_d21_mHO5_ch09;gHO_sBM_cAll_d21_mHO5_ch03,19.869282,113,,,,1.000000000,0.216061185,0.000000,motion_end,0.216061185,0.077234,0.128347,0.034431,0.000000,0.087300,0.000000,4.270833,0.350000,beat-sync,0.842880,1.041667,,0.179177679,0.234246373,right_wrist_yaw,0.000000000,right_wrist_pitch,0.234246373,right_wrist_yaw,0.000000000,right_wrist_pitch,-0.479846,0.464869,0.856513,1.913128,0.000000000,0.000000000,0.000000000,0.000950786,0.000796964,0.007295884,20.216000,0.000000000,0.000000000,,0.000000,0.000000,0.000000,,0.005250065,0,1,0,10,gPO_sBM_cAll_d10_mPO0_ch01;gPO_sBM_cAll_d11_mPO0_ch01;gPO_sBM_cAll_d11_mPO0_ch02;gPO_sBM_cAll_d10_mPO0_ch02;gPO_sBM_cAll_d12_mPO3_ch02;gHO_sBM_cAll_d20_mHO5_ch10;gHO_sBM_cAll_d21_mHO5_ch10;gHO_sBM_cAll_d20_mHO5_ch06;gHO_sBM_cAll_d21_mHO5_ch09;gHO_sBM_cAll_d21_mHO5_ch03,,43.564500,549.950200,53.140800,3477.906400,accepted,0.958464,,0.924479,0.256734843,30.684124,0.094041,HO,0.853105,0.007477,0.002787,JB3:0.680144;JB5:0.672667;JB1:0.656562;LO4:0.628121;WA4:0.619382,gHO_sBM_cAll_d20_mHO5_ch10:0.663599;gHO_sBM_cAll_d21_mHO5_ch10:0.660812;gHO_sBM_cAll_d20_mHO5_ch06:0.660706;gHO_sBM_cAll_d21_mHO5_ch09:0.659629;gHO_sBM_cAll_d21_mHO5_ch03:0.653354;gHO_sBM_cAll_d21_mHO5_ch05:0.645675;gHO_sBM_cAll_d20_mHO5_ch05:0.642485;gHO_sBM_cAll_d21_mHO5_ch02:0.642247;gHO_sBM_cAll_d20_mHO5_ch04:0.641616;gHO_sBM_cAll_d21_mHO5_ch04:0.639550,Electronic---Techno:0.273423;Electronic---Electro:0.206151;Electronic---Deep Techno:0.113520;Electronic---Synthwave:0.105037;Electronic---Deep House:0.104685,PO:v1:k0:r1,,JB3,0.680144,gHO_sBM_cAll_d20_mHO5_ch10,0.663599,120.967742
20.504000,20.529419300,,hermite,terminal_hold,Candidates and replay infeasible: Boundary state exceeds joint limits,,,,0,0.0,1,gPO_sBM_cAll_d12_mPO3_ch02,,,19.416000,gHO_sBM_cAll_d20_mHO5_ch10;gHO_sBM_cAll_d21_mHO5_ch10;gHO_sBM_cAll_d20_mHO5_ch06;gHO_sBM_cAll_d21_mHO5_ch09;gHO_sBM_cAll_d21_mHO5_ch03,19.869282,113,,,,1.000000000,0.216061185,0.000000,motion_end,0.216061185,0.077234,0.128347,0.034431,0.000000,0.087300,0.000000,4.270833,0.350000,beat-sync,0.842880,1.041667,,0.179177679,0.234246373,right_wrist_yaw,0.000000000,right_wrist_pitch,0.234246373,right_wrist_yaw,0.000000000,right_wrist_pitch,-0.479846,0.464869,0.856513,1.913128,0.000000000,0.000000000,0.000000000,0.000950786,0.000796964,0.007295884,20.216000,0.000000000,0.000000000,,0.000000,0.000000,0.000000,,0.005243795,0,1,0,10,gPO_sBM_cAll_d10_mPO0_ch01;gPO_sBM_cAll_d11_mPO0_ch01;gPO_sBM_cAll_d11_mPO0_ch02;gPO_sBM_cAll_d10_mPO0_ch02;gPO_sBM_cAll_d12_mPO3_ch02;gHO_sBM_cAll_d20_mHO5_ch10;gHO_sBM_cAll_d21_mHO5_ch10;gHO_sBM_cAll_d20_mHO5_ch06;gHO_sBM_cAll_d21_mHO5_ch09;gHO_sBM_cAll_d21_mHO5_ch03,,43.564500,549.950200,53.140800,3477.906400,accepted,0.958464,,0.924479,0.256734843,30.684124,0.094041,HO,0.853105,0.007477,0.002787,JB3:0.680144;JB5:0.672667;JB1:0.656562;LO4:0.628121;WA4:0.619382,gHO_sBM_cAll_d20_mHO5_ch10:0.663599;gHO_sBM_cAll_d21_mHO5_ch10:0.660812;gHO_sBM_cAll_d20_mHO5_ch06:0.660706;gHO_sBM_cAll_d21_mHO5_ch09:0.659629;gHO_sBM_cAll_d21_mHO5_ch03:0.653354;gHO_sBM_cAll_d21_mHO5_ch05:0.645675;gHO_sBM_cAll_d20_mHO5_ch05:0.642485;gHO_sBM_cAll_d21_mHO5_ch02:0.642247;gHO_sBM_cAll_d20_mHO5_ch04:0.641616;gHO_sBM_cAll_d21_mHO5_ch04:0.639550,Electronic---Techno:0.273423;Electronic---Electro:0.206151;Electronic---Deep Techno:0.113520;Electronic---Synthwave:0.105037;Electronic---Deep House:0.104685,PO:v1:k0:r1,,JB3,0.680144,gHO_sBM_cAll_d20_mHO5_ch10,0.663599,120.967742
20.568000,20.583191700,,hermite,terminal_hold,Candidates and replay infeasible: Boundary state exceeds joint limits,,,,0,0.0,1,gPO_sBM_cAll_d12_mPO3_ch02,,,19.416000,gHO_sBM_cAll_d20_mHO5_ch10;gHO_sBM_cAll_d21_mHO5_ch10;gHO_sBM_cAll_d20_mHO5_ch06;gHO_sBM_cAll_d21_mHO5_ch09;gHO_sBM_cAll_d21_mHO5_ch03,19.869282,113,,,,1.000000000,0.216061185,0.000000,motion_end,0.216061185,0.077234,0.128347,0.034431,0.000000,0.087300,0.000000,4.270833,0.350000,beat-sync,0.842880,1.041667,,0.179177679,0.234246373,right_wrist_yaw,0.000000000,right_wrist_pitch,0.234246373,right_wrist_yaw,0.000000000,right_wrist_pitch,-0.479846,0.464869,0.856513,1.913128,0.000000000,0.000000000,0.000000000,0.000950786,0.000796964,0.007295884,20.216000,0.000000000,0.000000000,,0.000000,0.000000,0.000000,,0.005233379,0,1,0,10,gPO_sBM_cAll_d10_mPO0_ch01;gPO_sBM_cAll_d11_mPO0_ch01;gPO_sBM_cAll_d11_mPO0_ch02;gPO_sBM_cAll_d10_mPO0_ch02;gPO_sBM_cAll_d12_mPO3_ch02;gHO_sBM_cAll_d20_mHO5_ch10;gHO_sBM_cAll_d21_mHO5_ch10;gHO_sBM_cAll_d20_mHO5_ch06;gHO_sBM_cAll_d21_mHO5_ch09;gHO_sBM_cAll_d21_mHO5_ch03,,43.564500,549.950200,53.140800,3477.906400,accepted,0.958464,,0.924479,0.256734843,30.684124,0.094041,HO,0.853105,0.007477,0.002787,JB3:0.680144;JB5:0.672667;JB1:0.656562;LO4:0.628121;WA4:0.619382,gHO_sBM_cAll_d20_mHO5_ch10:0.663599;gHO_sBM_cAll_d21_mHO5_ch10:0.660812;gHO_sBM_cAll_d20_mHO5_ch06:0.660706;gHO_sBM_cAll_d21_mHO5_ch09:0.659629;gHO_sBM_cAll_d21_mHO5_ch03:0.653354;gHO_sBM_cAll_d21_mHO5_ch05:0.645675;gHO_sBM_cAll_d20_mHO5_ch05:0.642485;gHO_sBM_cAll_d21_mHO5_ch02:0.642247;gHO_sBM_cAll_d20_mHO5_ch04:0.641616;gHO_sBM_cAll_d21_mHO5_ch04:0.639550,Electronic---Techno:0.273423;Electronic---Electro:0.206151;Electronic---Deep Techno:0.113520;Electronic---Synthwave:0.105037;Electronic---Deep House:0.104685,PO:v1:k0:r1,,JB3,0.680144,gHO_sBM_cAll_d20_mHO5_ch10,0.663599,120.967742
20.600000,20.614581400,,hermite,terminal_hold,Candidates and replay infeasible: Boundary state exceeds joint limits,,,,0,0.0,1,gPO_sBM_cAll_d12_mPO3_ch02,,,19.416000,gHO_sBM_cAll_d20_mHO5_ch10;gHO_sBM_cAll_d21_mHO5_ch10;gHO_sBM_cAll_d20_mHO5_ch06;gHO_sBM_cAll_d21_mHO5_ch09;gHO_sBM_cAll_d21_mHO5_ch03,19.869282,113,,,,1.000000000,0.216061185,0.000000,motion_end,0.216061185,0.077234,0.128347,0.034431,0.000000,0.087300,0.000000,4.270833,0.350000,beat-sync,0.842880,1.041667,,0.179177679,0.234246373,right_wrist_yaw,0.000000000,right_wrist_pitch,0.234246373,right_wrist_yaw,0.000000000,right_wrist_pitch,-0.479846,0.464869,0.856513,1.913128,0.000000000,0.000000000,0.000000000,0.000950786,0.000796964,0.007295884,20.216000,0.000000000,0.000000000,,0.000000,0.000000,0.000000,,0.005225075,0,1,0,10,gPO_sBM_cAll_d10_mPO0_ch01;gPO_sBM_cAll_d11_mPO0_ch01;gPO_sBM_cAll_d11_mPO0_ch02;gPO_sBM_cAll_d10_mPO0_ch02;gPO_sBM_cAll_d12_mPO3_ch02;gHO_sBM_cAll_d20_mHO5_ch10;gHO_sBM_cAll_d21_mHO5_ch10;gHO_sBM_cAll_d20_mHO5_ch06;gHO_sBM_cAll_d21_mHO5_ch09;gHO_sBM_cAll_d21_mHO5_ch03,,43.564500,549.950200,53.140800,3477.906400,accepted,0.958464,,0.924479,0.256734843,30.684124,0.094041,HO,0.853105,0.007477,0.002787,JB3:0.680144;JB5:0.672667;JB1:0.656562;LO4:0.628121;WA4:0.619382,gHO_sBM_cAll_d20_mHO5_ch10:0.663599;gHO_sBM_cAll_d21_mHO5_ch10:0.660812;gHO_sBM_cAll_d20_mHO5_ch06:0.660706;gHO_sBM_cAll_d21_mHO5_ch09:0.659629;gHO_sBM_cAll_d21_mHO5_ch03:0.653354;gHO_sBM_cAll_d21_mHO5_ch05:0.645675;gHO_sBM_cAll_d20_mHO5_ch05:0.642485;gHO_sBM_cAll_d21_mHO5_ch02:0.642247;gHO_sBM_cAll_d20_mHO5_ch04:0.641616;gHO_sBM_cAll_d21_mHO5_ch04:0.639550,Electronic---Techno:0.273423;Electronic---Electro:0.206151;Electronic---Deep Techno:0.113520;Electronic---Synthwave:0.105037;Electronic---Deep House:0.104685,PO:v1:k0:r1,,JB3,0.680144,gHO_sBM_cAll_d20_mHO5_ch10,0.663599,120.967742
20.664000,20.680754300,,hermite,terminal_hold,Candidates and replay infeasible: Boundary state exceeds joint limits,,,,0,0.0,1,gPO_sBM_cAll_d12_mPO3_ch02,,,19.416000,gHO_sBM_cAll_d20_mHO5_ch10;gHO_sBM_cAll_d21_mHO5_ch10;gHO_sBM_cAll_d20_mHO5_ch06;gHO_sBM_cAll_d21_mHO5_ch09;gHO_sBM_cAll_d21_mHO5_ch03,19.869282,113,,,,1.000000000,0.216061185,0.000000,motion_end,0.216061185,0.077234,0.128347,0.034431,0.000000,0.087300,0.000000,4.270833,0.350000,beat-sync,0.842880,1.041667,,0.179177679,0.234246373,right_wrist_yaw,0.000000000,right_wrist_pitch,0.234246373,right_wrist_yaw,0.000000000,right_wrist_pitch,-0.479846,0.464869,0.856513,1.913128,0.000000000,0.000000000,0.000000000,0.000950786,0.000796964,0.007295884,20.216000,0.000000000,0.000000000,,0.000000,0.000000,0.000000,,0.005208546,0,1,0,10,gPO_sBM_cAll_d10_mPO0_ch01;gPO_sBM_cAll_d11_mPO0_ch01;gPO_sBM_cAll_d11_mPO0_ch02;gPO_sBM_cAll_d10_mPO0_ch02;gPO_sBM_cAll_d12_mPO3_ch02;gHO_sBM_cAll_d20_mHO5_ch10;gHO_sBM_cAll_d21_mHO5_ch10;gHO_sBM_cAll_d20_mHO5_ch06;gHO_sBM_cAll_d21_mHO5_ch09;gHO_sBM_cAll_d21_mHO5_ch03,,43.564500,549.950200,53.140800,3477.906400,accepted,0.958464,,0.924479,0.256734843,30.684124,0.094041,HO,0.853105,0.007477,0.002787,JB3:0.680144;JB5:0.672667;JB1:0.656562;LO4:0.628121;WA4:0.619382,gHO_sBM_cAll_d20_mHO5_ch10:0.663599;gHO_sBM_cAll_d21_mHO5_ch10:0.660812;gHO_sBM_cAll_d20_mHO5_ch06:0.660706;gHO_sBM_cAll_d21_mHO5_ch09:0.659629;gHO_sBM_cAll_d21_mHO5_ch03:0.653354;gHO_sBM_cAll_d21_mHO5_ch05:0.645675;gHO_sBM_cAll_d20_mHO5_ch05:0.642485;gHO_sBM_cAll_d21_mHO5_ch02:0.642247;gHO_sBM_cAll_d20_mHO5_ch04:0.641616;gHO_sBM_cAll_d21_mHO5_ch04:0.639550,Electronic---Techno:0.273423;Electronic---Electro:0.206151;Electronic---Deep Techno:0.113520;Electronic---Synthwave:0.105037;Electronic---Deep House:0.104685,PO:v1:k0:r1,,JB3,0.680144,gHO_sBM_cAll_d20_mHO5_ch10,0.663599,120.967742
20.728000,20.742974400,,hermite,terminal_hold,Candidates and replay infeasible: Boundary state exceeds joint limits,,,,0,0.0,1,gPO_sBM_cAll_d12_mPO3_ch02,,,19.416000,gHO_sBM_cAll_d20_mHO5_ch10;gHO_sBM_cAll_d21_mHO5_ch10;gHO_sBM_cAll_d20_mHO5_ch06;gHO_sBM_cAll_d21_mHO5_ch09;gHO_sBM_cAll_d21_mHO5_ch03,19.869282,113,,,,1.000000000,0.216061185,0.000000,motion_end,0.216061185,0.077234,0.128347,0.034431,0.000000,0.087300,0.000000,4.270833,0.350000,beat-sync,0.842880,1.041667,,0.179177679,0.234246373,right_wrist_yaw,0.000000000,right_wrist_pitch,0.234246373,right_wrist_yaw,0.000000000,right_wrist_pitch,-0.479846,0.464869,0.856513,1.913128,0.000000000,0.000000000,0.000000000,0.000950786,0.000796964,0.007295884,20.216000,0.000000000,0.000000000,,0.000000,0.000000,0.000000,,0.005196218,0,1,0,10,gPO_sBM_cAll_d10_mPO0_ch01;gPO_sBM_cAll_d11_mPO0_ch01;gPO_sBM_cAll_d11_mPO0_ch02;gPO_sBM_cAll_d10_mPO0_ch02;gPO_sBM_cAll_d12_mPO3_ch02;gHO_sBM_cAll_d20_mHO5_ch10;gHO_sBM_cAll_d21_mHO5_ch10;gHO_sBM_cAll_d20_mHO5_ch06;gHO_sBM_cAll_d21_mHO5_ch09;gHO_sBM_cAll_d21_mHO5_ch03,,43.564500,549.950200,53.140800,3477.906400,accepted,0.958464,,0.924479,0.256734843,30.684124,0.094041,HO,0.853105,0.007477,0.002787,JB3:0.680144;JB5:0.672667;JB1:0.656562;LO4:0.628121;WA4:0.619382,gHO_sBM_cAll_d20_mHO5_ch10:0.663599;gHO_sBM_cAll_d21_mHO5_ch10:0.660812;gHO_sBM_cAll_d20_mHO5_ch06:0.660706;gHO_sBM_cAll_d21_mHO5_ch09:0.659629;gHO_sBM_cAll_d21_mHO5_ch03:0.653354;gHO_sBM_cAll_d21_mHO5_ch05:0.645675;gHO_sBM_cAll_d20_mHO5_ch05:0.642485;gHO_sBM_cAll_d21_mHO5_ch02:0.642247;gHO_sBM_cAll_d20_mHO5_ch04:0.641616;gHO_sBM_cAll_d21_mHO5_ch04:0.639550,Electronic---Techno:0.273423;Electronic---Electro:0.206151;Electronic---Deep Techno:0.113520;Electronic---Synthwave:0.105037;Electronic---Deep House:0.104685,PO:v1:k0:r1,,JB3,0.680144,gHO_sBM_cAll_d20_mHO5_ch10,0.663599,120.967742
20.760000,20.773187800,,hermite,terminal_hold,Candidates and replay infeasible: Boundary state exceeds joint limits,,,,0,0.0,1,gPO_sBM_cAll_d12_mPO3_ch02,,,19.416000,gHO_sBM_cAll_d20_mHO5_ch10;gHO_sBM_cAll_d21_mHO5_ch10;gHO_sBM_cAll_d20_mHO5_ch06;gHO_sBM_cAll_d21_mHO5_ch09;gHO_sBM_cAll_d21_mHO5_ch03,19.869282,113,,,,1.000000000,0.216061185,0.000000,motion_end,0.216061185,0.077234,0.128347,0.034431,0.000000,0.087300,0.000000,4.270833,0.350000,beat-sync,0.842880,1.041667,,0.179177679,0.234246373,right_wrist_yaw,0.000000000,right_wrist_pitch,0.234246373,right_wrist_yaw,0.000000000,right_wrist_pitch,-0.479846,0.464869,0.856513,1.913128,0.000000000,0.000000000,0.000000000,0.000950786,0.000796964,0.007295884,20.216000,0.000000000,0.000000000,,0.000000,0.000000,0.000000,,0.005188032,0,1,0,10,gPO_sBM_cAll_d10_mPO0_ch01;gPO_sBM_cAll_d11_mPO0_ch01;gPO_sBM_cAll_d11_mPO0_ch02;gPO_sBM_cAll_d10_mPO0_ch02;gPO_sBM_cAll_d12_mPO3_ch02;gHO_sBM_cAll_d20_mHO5_ch10;gHO_sBM_cAll_d21_mHO5_ch10;gHO_sBM_cAll_d20_mHO5_ch06;gHO_sBM_cAll_d21_mHO5_ch09;gHO_sBM_cAll_d21_mHO5_ch03,,43.564500,549.950200,53.140800,3477.906400,accepted,0.958464,,0.924479,0.256734843,30.684124,0.094041,HO,0.853105,0.007477,0.002787,JB3:0.680144;JB5:0.672667;JB1:0.656562;LO4:0.628121;WA4:0.619382,gHO_sBM_cAll_d20_mHO5_ch10:0.663599;gHO_sBM_cAll_d21_mHO5_ch10:0.660812;gHO_sBM_cAll_d20_mHO5_ch06:0.660706;gHO_sBM_cAll_d21_mHO5_ch09:0.659629;gHO_sBM_cAll_d21_mHO5_ch03:0.653354;gHO_sBM_cAll_d21_mHO5_ch05:0.645675;gHO_sBM_cAll_d20_mHO5_ch05:0.642485;gHO_sBM_cAll_d21_mHO5_ch02:0.642247;gHO_sBM_cAll_d20_mHO5_ch04:0.641616;gHO_sBM_cAll_d21_mHO5_ch04:0.639550,Electronic---Techno:0.273423;Electronic---Electro:0.206151;Electronic---Deep Techno:0.113520;Electronic---Synthwave:0.105037;Electronic---Deep House:0.104685,PO:v1:k0:r1,,JB3,0.680144,gHO_sBM_cAll_d20_mHO5_ch10,0.663599,120.967742
20.824000,20.848489300,,hermite,terminal_hold,Candidates and replay infeasible: Boundary state exceeds joint limits,,,,0,0.0,1,gPO_sBM_cAll_d12_mPO3_ch02,,,19.416000,gHO_sBM_cAll_d20_mHO5_ch10;gHO_sBM_cAll_d21_mHO5_ch10;gHO_sBM_cAll_d20_mHO5_ch06;gHO_sBM_cAll_d21_mHO5_ch09;gHO_sBM_cAll_d21_mHO5_ch03,19.869282,113,,,,1.000000000,0.216061185,0.000000,motion_end,0.216061185,0.077234,0.128347,0.034431,0.000000,0.087300,0.000000,4.270833,0.350000,beat-sync,0.842880,1.176075,,0.300801095,0.234246373,right_wrist_yaw,0.000000000,right_wrist_pitch,0.234246373,right_wrist_yaw,0.000000000,right_wrist_pitch,-0.479846,0.464869,0.856513,1.913128,0.000000000,0.000000000,0.000000000,0.000950786,0.000796964,0.007295884,20.792000,0.000000000,0.000000000,,0.000000,0.000000,0.000000,,0.005169707,0,1,0,10,gPO_sBM_cAll_d10_mPO0_ch01;gPO_sBM_cAll_d11_mPO0_ch01;gPO_sBM_cAll_d11_mPO0_ch02;gPO_sBM_cAll_d10_mPO0_ch02;gPO_sBM_cAll_d12_mPO3_ch02;gHO_sBM_cAll_d20_mHO5_ch10;gHO_sBM_cAll_d21_mHO5_ch10;gHO_sBM_cAll_d20_mHO5_ch06;gHO_sBM_cAll_d21_mHO5_ch09;gHO_sBM_cAll_d21_mHO5_ch03,,43.564500,549.950200,53.140800,3477.906400,accepted,0.958464,,0.924479,0.256734843,30.684124,0.094041,HO,0.853105,0.007477,0.002787,JB3:0.680144;JB5:0.672667;JB1:0.656562;LO4:0.628121;WA4:0.619382,gHO_sBM_cAll_d20_mHO5_ch10:0.663599;gHO_sBM_cAll_d21_mHO5_ch10:0.660812;gHO_sBM_cAll_d20_mHO5_ch06:0.660706;gHO_sBM_cAll_d21_mHO5_ch09:0.659629;gHO_sBM_cAll_d21_mHO5_ch03:0.653354;gHO_sBM_cAll_d21_mHO5_ch05:0.645675;gHO_sBM_cAll_d20_mHO5_ch05:0.642485;gHO_sBM_cAll_d21_mHO5_ch02:0.642247;gHO_sBM_cAll_d20_mHO5_ch04:0.641616;gHO_sBM_cAll_d21_mHO5_ch04:0.639550,Electronic---Techno:0.273423;Electronic---Electro:0.206151;Electronic---Deep Techno:0.113520;Electronic---Synthwave:0.105037;Electronic---Deep House:0.104685,PO:v1:k0:r1,,JB3,0.680144,gHO_sBM_cAll_d20_mHO5_ch10,0.663599,120.967742
20.856000,20.881707300,,hermite,terminal_hold,Candidates and replay infeasible: Boundary state exceeds joint limits,,,,0,0.0,1,gPO_sBM_cAll_d12_mPO3_ch02,,,19.416000,gHO_sBM_cAll_d20_mHO5_ch10;gHO_sBM_cAll_d21_mHO5_ch10;gHO_sBM_cAll_d20_mHO5_ch06;gHO_sBM_cAll_d21_mHO5_ch09;gHO_sBM_cAll_d21_mHO5_ch03,19.869282,113,,,,1.000000000,0.216061185,0.000000,motion_end,0.216061185,0.077234,0.128347,0.034431,0.000000,0.087300,0.000000,4.270833,0.350000,beat-sync,0.842880,1.176075,,0.300801095,0.234246373,right_wrist_yaw,0.000000000,right_wrist_pitch,0.234246373,right_wrist_yaw,0.000000000,right_wrist_pitch,-0.479846,0.464869,0.856513,1.913128,0.000000000,0.000000000,0.000000000,0.000950786,0.000796964,0.007295884,20.792000,0.000000000,0.000000000,,0.000000,0.000000,0.000000,,0.005161604,0,1,0,10,gPO_sBM_cAll_d10_mPO0_ch01;gPO_sBM_cAll_d11_mPO0_ch01;gPO_sBM_cAll_d11_mPO0_ch02;gPO_sBM_cAll_d10_mPO0_ch02;gPO_sBM_cAll_d12_mPO3_ch02;gHO_sBM_cAll_d20_mHO5_ch10;gHO_sBM_cAll_d21_mHO5_ch10;gHO_sBM_cAll_d20_mHO5_ch06;gHO_sBM_cAll_d21_mHO5_ch09;gHO_sBM_cAll_d21_mHO5_ch03,,43.564500,549.950200,53.140800,3477.906400,accepted,0.958464,,0.924479,0.256734843,30.684124,0.094041,HO,0.853105,0.007477,0.002787,JB3:0.680144;JB5:0.672667;JB1:0.656562;LO4:0.628121;WA4:0.619382,gHO_sBM_cAll_d20_mHO5_ch10:0.663599;gHO_sBM_cAll_d21_mHO5_ch10:0.660812;gHO_sBM_cAll_d20_mHO5_ch06:0.660706;gHO_sBM_cAll_d21_mHO5_ch09:0.659629;gHO_sBM_cAll_d21_mHO5_ch03:0.653354;gHO_sBM_cAll_d21_mHO5_ch05:0.645675;gHO_sBM_cAll_d20_mHO5_ch05:0.642485;gHO_sBM_cAll_d21_mHO5_ch02:0.642247;gHO_sBM_cAll_d20_mHO5_ch04:0.641616;gHO_sBM_cAll_d21_mHO5_ch04:0.639550,Electronic---Techno:0.273423;Electronic---Electro:0.206151;Electronic---Deep Techno:0.113520;Electronic---Synthwave:0.105037;Electronic---Deep House:0.104685,PO:v1:k0:r1,,JB3,0.680144,gHO_sBM_cAll_d20_mHO5_ch10,0.663599,120.967742
20.856000,20.889795900,match,hermite,terminal_hold,Candidates and replay infeasible: Boundary state exceeds joint limits,,,,0,0.0,1,gPO_sBM_cAll_d12_mPO3_ch02,,,20.440000,gHO_sBM_cAll_d20_mHO5_ch10;gHO_sBM_cAll_d21_mHO5_ch10;gHO_sBM_cAll_d20_mHO5_ch06;gHO_sBM_cAll_d21_mHO5_ch09;gHO_sBM_cAll_d21_mHO5_ch03,19.869282,113,,,,1.000000000,0.216061185,0.000000,motion_end,0.216061185,0.077234,0.128347,0.034431,0.000000,0.087300,0.000000,4.270833,0.350000,beat-sync,0.842880,1.176075,,0.300801095,0.234246373,right_wrist_yaw,0.000000000,right_wrist_pitch,0.234246373,right_wrist_yaw,0.000000000,right_wrist_pitch,-0.479846,0.464869,0.856513,1.913128,0.000000000,0.000000000,0.000000000,0.000950786,0.000796964,0.007295884,20.792000,0.000000000,0.000000000,,0.000000,0.000000,0.000000,,0.005159582,0,1,0,10,gPO_sBM_cAll_d10_mPO0_ch01;gPO_sBM_cAll_d11_mPO0_ch01;gPO_sBM_cAll_d11_mPO0_ch02;gPO_sBM_cAll_d10_mPO0_ch02;gPO_sBM_cAll_d12_mPO3_ch02;gHO_sBM_cAll_d20_mHO5_ch10;gHO_sBM_cAll_d21_mHO5_ch10;gHO_sBM_cAll_d20_mHO5_ch06;gHO_sBM_cAll_d21_mHO5_ch09;gHO_sBM_cAll_d21_mHO5_ch03,,43.564500,549.950200,53.140800,3477.906400,accepted,0.959602,,0.926549,0.257696772,30.450445,0.092452,HO,0.855799,0.007820,0.002783,JB3:0.679348;JB5:0.671528;JB1:0.654506;LO4:0.629170;WA4:0.620392,gHO_sBM_cAll_d20_mHO5_ch10:0.663334;gHO_sBM_cAll_d21_mHO5_ch10:0.660551;gHO_sBM_cAll_d20_mHO5_ch06:0.660444;gHO_sBM_cAll_d21_mHO5_ch09:0.659370;gHO_sBM_cAll_d21_mHO5_ch03:0.653233;gHO_sBM_cAll_d21_mHO5_ch05:0.645431;gHO_sBM_cAll_d20_mHO5_ch05:0.642233;gHO_sBM_cAll_d21_mHO5_ch02:0.642012;gHO_sBM_cAll_d20_mHO5_ch04:0.641373;gHO_sBM_cAll_d21_mHO5_ch04:0.639315,Electronic---Techno:0.267445;Electronic---Electro:0.205428;Electronic---Deep Techno:0.114513;Electronic---Deep House:0.108966;Electronic---Synthwave:0.103740,PO:v1:k0:r1,,JB3,0.679348,gHO_sBM_cAll_d20_mHO5_ch10,0.663334,120.967742
20.920000,20.939870700,,hermite,terminal_hold,Candidates and replay infeasible: Boundary state exceeds joint limits,,,,0,0.0,1,gPO_sBM_cAll_d12_mPO3_ch02,,,20.440000,gHO_sBM_cAll_d20_mHO5_ch10;gHO_sBM_cAll_d21_mHO5_ch10;gHO_sBM_cAll_d20_mHO5_ch06;gHO_sBM_cAll_d21_mHO5_ch09;gHO_sBM_cAll_d21_mHO5_ch03,19.869282,113,,,,1.000000000,0.216061185,0.000000,motion_end,0.216061185,0.077234,0.128347,0.034431,0.000000,0.087300,0.000000,4.270833,0.350000,beat-sync,0.842880,1.176075,,0.300801095,0.234246373,right_wrist_yaw,0.000000000,right_wrist_pitch,0.234246373,right_wrist_yaw,0.000000000,right_wrist_pitch,-0.479846,0.464869,0.856513,1.913128,0.000000000,0.000000000,0.000000000,0.000950786,0.000796964,0.007295884,20.792000,0.000000000,0.000000000,,0.000000,0.000000,0.000000,,0.005147485,0,1,0,10,gPO_sBM_cAll_d10_mPO0_ch01;gPO_sBM_cAll_d11_mPO0_ch01;gPO_sBM_cAll_d11_mPO0_ch02;gPO_sBM_cAll_d10_mPO0_ch02;gPO_sBM_cAll_d12_mPO3_ch02;gHO_sBM_cAll_d20_mHO5_ch10;gHO_sBM_cAll_d21_mHO5_ch10;gHO_sBM_cAll_d20_mHO5_ch06;gHO_sBM_cAll_d21_mHO5_ch09;gHO_sBM_cAll_d21_mHO5_ch03,,43.564500,549.950200,53.140800,3477.906400,accepted,0.959602,,0.926549,0.257696772,30.450445,0.092452,HO,0.855799,0.007820,0.002783,JB3:0.679348;JB5:0.671528;JB1:0.654506;LO4:0.629170;WA4:0.620392,gHO_sBM_cAll_d20_mHO5_ch10:0.663334;gHO_sBM_cAll_d21_mHO5_ch10:0.660551;gHO_sBM_cAll_d20_mHO5_ch06:0.660444;gHO_sBM_cAll_d21_mHO5_ch09:0.659370;gHO_sBM_cAll_d21_mHO5_ch03:0.653233;gHO_sBM_cAll_d21_mHO5_ch05:0.645431;gHO_sBM_cAll_d20_mHO5_ch05:0.642233;gHO_sBM_cAll_d21_mHO5_ch02:0.642012;gHO_sBM_cAll_d20_mHO5_ch04:0.641373;gHO_sBM_cAll_d21_mHO5_ch04:0.639315,Electronic---Techno:0.267445;Electronic---Electro:0.205428;Electronic---Deep Techno:0.114513;Electronic---Deep House:0.108966;Electronic---Synthwave:0.103740,PO:v1:k0:r1,,JB3,0.679348,gHO_sBM_cAll_d20_mHO5_ch10,0.663334,120.967742
20.952000,20.973168700,,hermite,terminal_hold,Candidates and replay infeasible: Boundary state exceeds joint limits,,,,0,0.0,1,gPO_sBM_cAll_d12_mPO3_ch02,,,20.440000,gHO_sBM_cAll_d20_mHO5_ch10;gHO_sBM_cAll_d21_mHO5_ch10;gHO_sBM_cAll_d20_mHO5_ch06;gHO_sBM_cAll_d21_mHO5_ch09;gHO_sBM_cAll_d21_mHO5_ch03,19.869282,113,,,,1.000000000,0.216061185,0.000000,motion_end,0.216061185,0.077234,0.128347,0.034431,0.000000,0.087300,0.000000,4.270833,0.350000,beat-sync,0.842880,1.176075,,0.300801095,0.234246373,right_wrist_yaw,0.000000000,right_wrist_pitch,0.234246373,right_wrist_yaw,0.000000000,right_wrist_pitch,-0.479846,0.464869,0.856513,1.913128,0.000000000,0.000000000,0.000000000,0.000950786,0.000796964,0.007295884,20.792000,0.000000000,0.000000000,,0.000000,0.000000,0.000000,,0.005139451,0,1,0,10,gPO_sBM_cAll_d10_mPO0_ch01;gPO_sBM_cAll_d11_mPO0_ch01;gPO_sBM_cAll_d11_mPO0_ch02;gPO_sBM_cAll_d10_mPO0_ch02;gPO_sBM_cAll_d12_mPO3_ch02;gHO_sBM_cAll_d20_mHO5_ch10;gHO_sBM_cAll_d21_mHO5_ch10;gHO_sBM_cAll_d20_mHO5_ch06;gHO_sBM_cAll_d21_mHO5_ch09;gHO_sBM_cAll_d21_mHO5_ch03,,43.564500,549.950200,53.140800,3477.906400,accepted,0.959602,,0.926549,0.257696772,30.450445,0.092452,HO,0.855799,0.007820,0.002783,JB3:0.679348;JB5:0.671528;JB1:0.654506;LO4:0.629170;WA4:0.620392,gHO_sBM_cAll_d20_mHO5_ch10:0.663334;gHO_sBM_cAll_d21_mHO5_ch10:0.660551;gHO_sBM_cAll_d20_mHO5_ch06:0.660444;gHO_sBM_cAll_d21_mHO5_ch09:0.659370;gHO_sBM_cAll_d21_mHO5_ch03:0.653233;gHO_sBM_cAll_d21_mHO5_ch05:0.645431;gHO_sBM_cAll_d20_mHO5_ch05:0.642233;gHO_sBM_cAll_d21_mHO5_ch02:0.642012;gHO_sBM_cAll_d20_mHO5_ch04:0.641373;gHO_sBM_cAll_d21_mHO5_ch04:0.639315,Electronic---Techno:0.267445;Electronic---Electro:0.205428;Electronic---Deep Techno:0.114513;Electronic---Deep House:0.108966;Electronic---Synthwave:0.103740,PO:v1:k0:r1,,JB3,0.679348,gHO_sBM_cAll_d20_mHO5_ch10,0.663334,120.967742
21.016000,21.040130500,,hermite,terminal_hold,Candidates and replay infeasible: Boundary state exceeds joint limits,,,,0,0.0,1,gPO_sBM_cAll_d12_mPO3_ch02,,,20.440000,gHO_sBM_cAll_d20_mHO5_ch10;gHO_sBM_cAll_d21_mHO5_ch10;gHO_sBM_cAll_d20_mHO5_ch06;gHO_sBM_cAll_d21_mHO5_ch09;gHO_sBM_cAll_d21_mHO5_ch03,19.869282,113,,,,1.000000000,0.216061185,0.000000,motion_end,0.216061185,0.077234,0.128347,0.034431,0.000000,0.087300,0.000000,4.270833,0.350000,beat-sync,0.842880,1.176075,,0.300801095,0.234246373,right_wrist_yaw,0.000000000,right_wrist_pitch,0.234246373,right_wrist_yaw,0.000000000,right_wrist_pitch,-0.479846,0.464869,0.856513,1.913128,0.000000000,0.000000000,0.000000000,0.000950786,0.000796964,0.007295884,20.792000,0.000000000,0.000000000,,0.000000,0.000000,0.000000,,0.005123459,0,1,0,10,gPO_sBM_cAll_d10_mPO0_ch01;gPO_sBM_cAll_d11_mPO0_ch01;gPO_sBM_cAll_d11_mPO0_ch02;gPO_sBM_cAll_d10_mPO0_ch02;gPO_sBM_cAll_d12_mPO3_ch02;gHO_sBM_cAll_d20_mHO5_ch10;gHO_sBM_cAll_d21_mHO5_ch10;gHO_sBM_cAll_d20_mHO5_ch06;gHO_sBM_cAll_d21_mHO5_ch09;gHO_sBM_cAll_d21_mHO5_ch03,,43.564500,549.950200,53.140800,3477.906400,accepted,0.959602,,0.926549,0.257696772,30.450445,0.092452,HO,0.855799,0.007820,0.002783,JB3:0.679348;JB5:0.671528;JB1:0.654506;LO4:0.629170;WA4:0.620392,gHO_sBM_cAll_d20_mHO5_ch10:0.663334;gHO_sBM_cAll_d21_mHO5_ch10:0.660551;gHO_sBM_cAll_d20_mHO5_ch06:0.660444;gHO_sBM_cAll_d21_mHO5_ch09:0.659370;gHO_sBM_cAll_d21_mHO5_ch03:0.653233;gHO_sBM_cAll_d21_mHO5_ch05:0.645431;gHO_sBM_cAll_d20_mHO5_ch05:0.642233;gHO_sBM_cAll_d21_mHO5_ch02:0.642012;gHO_sBM_cAll_d20_mHO5_ch04:0.641373;gHO_sBM_cAll_d21_mHO5_ch04:0.639315,Electronic---Techno:0.267445;Electronic---Electro:0.205428;Electronic---Deep Techno:0.114513;Electronic---Deep House:0.108966;Electronic---Synthwave:0.103740,PO:v1:k0:r1,,JB3,0.679348,gHO_sBM_cAll_d20_mHO5_ch10,0.663334,120.967742
21.080000,21.097991200,,hermite,terminal_hold,Candidates and replay infeasible: Boundary state exceeds joint limits,,,,0,0.0,1,gPO_sBM_cAll_d12_mPO3_ch02,,,20.440000,gHO_sBM_cAll_d20_mHO5_ch10;gHO_sBM_cAll_d21_mHO5_ch10;gHO_sBM_cAll_d20_mHO5_ch06;gHO_sBM_cAll_d21_mHO5_ch09;gHO_sBM_cAll_d21_mHO5_ch03,19.869282,113,,,,1.000000000,0.216061185,0.000000,motion_end,0.216061185,0.077234,0.128347,0.034431,0.000000,0.087300,0.000000,4.270833,0.350000,beat-sync,0.842880,1.176075,,0.300801095,0.234246373,right_wrist_yaw,0.000000000,right_wrist_pitch,0.234246373,right_wrist_yaw,0.000000000,right_wrist_pitch,-0.479846,0.464869,0.856513,1.913128,0.000000000,0.000000000,0.000000000,0.000950786,0.000796964,0.007295884,20.792000,0.000000000,0.000000000,,0.000000,0.000000,0.000000,,0.005109548,0,1,0,10,gPO_sBM_cAll_d10_mPO0_ch01;gPO_sBM_cAll_d11_mPO0_ch01;gPO_sBM_cAll_d11_mPO0_ch02;gPO_sBM_cAll_d10_mPO0_ch02;gPO_sBM_cAll_d12_mPO3_ch02;gHO_sBM_cAll_d20_mHO5_ch10;gHO_sBM_cAll_d21_mHO5_ch10;gHO_sBM_cAll_d20_mHO5_ch06;gHO_sBM_cAll_d21_mHO5_ch09;gHO_sBM_cAll_d21_mHO5_ch03,,43.564500,549.950200,53.140800,3477.906400,accepted,0.959602,,0.926549,0.257696772,30.450445,0.092452,HO,0.855799,0.007820,0.002783,JB3:0.679348;JB5:0.671528;JB1:0.654506;LO4:0.629170;WA4:0.620392,gHO_sBM_cAll_d20_mHO5_ch10:0.663334;gHO_sBM_cAll_d21_mHO5_ch10:0.660551;gHO_sBM_cAll_d20_mHO5_ch06:0.660444;gHO_sBM_cAll_d21_mHO5_ch09:0.659370;gHO_sBM_cAll_d21_mHO5_ch03:0.653233;gHO_sBM_cAll_d21_mHO5_ch05:0.645431;gHO_sBM_cAll_d20_mHO5_ch05:0.642233;gHO_sBM_cAll_d21_mHO5_ch02:0.642012;gHO_sBM_cAll_d20_mHO5_ch04:0.641373;gHO_sBM_cAll_d21_mHO5_ch04:0.639315,Electronic---Techno:0.267445;Electronic---Electro:0.205428;Electronic---Deep Techno:0.114513;Electronic---Deep House:0.108966;Electronic---Synthwave:0.103740,PO:v1:k0:r1,,JB3,0.679348,gHO_sBM_cAll_d20_mHO5_ch10,0.663334,120.967742
21.112000,21.131069100,,hermite,terminal_hold,Candidates and replay infeasible: Boundary state exceeds joint limits,,,,0,0.0,1,gPO_sBM_cAll_d12_mPO3_ch02,,,20.440000,gHO_sBM_cAll_d20_mHO5_ch10;gHO_sBM_cAll_d21_mHO5_ch10;gHO_sBM_cAll_d20_mHO5_ch06;gHO_sBM_cAll_d21_mHO5_ch09;gHO_sBM_cAll_d21_mHO5_ch03,19.869282,113,,,,1.000000000,0.216061185,0.000000,motion_end,0.216061185,0.077234,0.128347,0.034431,0.000000,0.087300,0.000000,4.270833,0.350000,beat-sync,0.842880,1.176075,,0.300801095,0.234246373,right_wrist_yaw,0.000000000,right_wrist_pitch,0.234246373,right_wrist_yaw,0.000000000,right_wrist_pitch,-0.479846,0.464869,0.856513,1.913128,0.000000000,0.000000000,0.000000000,0.000950786,0.000796964,0.007295884,20.792000,0.000000000,0.000000000,,0.000000,0.000000,0.000000,,0.005101632,0,1,0,10,gPO_sBM_cAll_d10_mPO0_ch01;gPO_sBM_cAll_d11_mPO0_ch01;gPO_sBM_cAll_d11_mPO0_ch02;gPO_sBM_cAll_d10_mPO0_ch02;gPO_sBM_cAll_d12_mPO3_ch02;gHO_sBM_cAll_d20_mHO5_ch10;gHO_sBM_cAll_d21_mHO5_ch10;gHO_sBM_cAll_d20_mHO5_ch06;gHO_sBM_cAll_d21_mHO5_ch09;gHO_sBM_cAll_d21_mHO5_ch03,,43.564500,549.950200,53.140800,3477.906400,accepted,0.959602,,0.926549,0.257696772,30.450445,0.092452,HO,0.855799,0.007820,0.002783,JB3:0.679348;JB5:0.671528;JB1:0.654506;LO4:0.629170;WA4:0.620392,gHO_sBM_cAll_d20_mHO5_ch10:0.663334;gHO_sBM_cAll_d21_mHO5_ch10:0.660551;gHO_sBM_cAll_d20_mHO5_ch06:0.660444;gHO_sBM_cAll_d21_mHO5_ch09:0.659370;gHO_sBM_cAll_d21_mHO5_ch03:0.653233;gHO_sBM_cAll_d21_mHO5_ch05:0.645431;gHO_sBM_cAll_d20_mHO5_ch05:0.642233;gHO_sBM_cAll_d21_mHO5_ch02:0.642012;gHO_sBM_cAll_d20_mHO5_ch04:0.641373;gHO_sBM_cAll_d21_mHO5_ch04:0.639315,Electronic---Techno:0.267445;Electronic---Electro:0.205428;Electronic---Deep Techno:0.114513;Electronic---Deep House:0.108966;Electronic---Synthwave:0.103740,PO:v1:k0:r1,,JB3,0.679348,gHO_sBM_cAll_d20_mHO5_ch10,0.663334,120.967742
21.176000,21.189634200,,hermite,terminal_hold,Candidates and replay infeasible: Boundary state exceeds joint limits,,,,0,0.0,1,gPO_sBM_cAll_d12_mPO3_ch02,,,20.440000,gHO_sBM_cAll_d20_mHO5_ch10;gHO_sBM_cAll_d21_mHO5_ch10;gHO_sBM_cAll_d20_mHO5_ch06;gHO_sBM_cAll_d21_mHO5_ch09;gHO_sBM_cAll_d21_mHO5_ch03,19.869282,113,,,,1.000000000,0.216061185,0.000000,motion_end,0.216061185,0.077234,0.128347,0.034431,0.000000,0.087300,0.000000,4.270833,0.350000,beat-sync,0.842880,1.176075,,0.300801095,0.234246373,right_wrist_yaw,0.000000000,right_wrist_pitch,0.234246373,right_wrist_yaw,0.000000000,right_wrist_pitch,-0.479846,0.464869,0.856513,1.913128,0.000000000,0.000000000,0.000000000,0.000950786,0.000796964,0.007295884,20.792000,0.000000000,0.000000000,,0.000000,0.000000,0.000000,,0.005087838,0,1,0,10,gPO_sBM_cAll_d10_mPO0_ch01;gPO_sBM_cAll_d11_mPO0_ch01;gPO_sBM_cAll_d11_mPO0_ch02;gPO_sBM_cAll_d10_mPO0_ch02;gPO_sBM_cAll_d12_mPO3_ch02;gHO_sBM_cAll_d20_mHO5_ch10;gHO_sBM_cAll_d21_mHO5_ch10;gHO_sBM_cAll_d20_mHO5_ch06;gHO_sBM_cAll_d21_mHO5_ch09;gHO_sBM_cAll_d21_mHO5_ch03,,43.564500,549.950200,53.140800,3477.906400,accepted,0.959602,,0.926549,0.257696772,30.450445,0.092452,HO,0.855799,0.007820,0.002783,JB3:0.679348;JB5:0.671528;JB1:0.654506;LO4:0.629170;WA4:0.620392,gHO_sBM_cAll_d20_mHO5_ch10:0.663334;gHO_sBM_cAll_d21_mHO5_ch10:0.660551;gHO_sBM_cAll_d20_mHO5_ch06:0.660444;gHO_sBM_cAll_d21_mHO5_ch09:0.659370;gHO_sBM_cAll_d21_mHO5_ch03:0.653233;gHO_sBM_cAll_d21_mHO5_ch05:0.645431;gHO_sBM_cAll_d20_mHO5_ch05:0.642233;gHO_sBM_cAll_d21_mHO5_ch02:0.642012;gHO_sBM_cAll_d20_mHO5_ch04:0.641373;gHO_sBM_cAll_d21_mHO5_ch04:0.639315,Electronic---Techno:0.267445;Electronic---Electro:0.205428;Electronic---Deep Techno:0.114513;Electronic---Deep House:0.108966;Electronic---Synthwave:0.103740,PO:v1:k0:r1,,JB3,0.679348,gHO_sBM_cAll_d20_mHO5_ch10,0.663334,120.967742
21.208000,21.223120000,,hermite,terminal_hold,Candidates and replay infeasible: Boundary state exceeds joint limits,,,,0,0.0,1,gPO_sBM_cAll_d12_mPO3_ch02,,,20.440000,gHO_sBM_cAll_d20_mHO5_ch10;gHO_sBM_cAll_d21_mHO5_ch10;gHO_sBM_cAll_d20_mHO5_ch06;gHO_sBM_cAll_d21_mHO5_ch09;gHO_sBM_cAll_d21_mHO5_ch03,19.869282,113,,,,1.000000000,0.216061185,0.000000,motion_end,0.216061185,0.077234,0.128347,0.034431,0.000000,0.087300,0.000000,4.270833,0.350000,beat-sync,0.842880,1.176075,,0.300801095,0.234246373,right_wrist_yaw,0.000000000,right_wrist_pitch,0.234246373,right_wrist_yaw,0.000000000,right_wrist_pitch,-0.479846,0.464869,0.856513,1.913128,0.000000000,0.000000000,0.000000000,0.000950786,0.000796964,0.007295884,20.792000,0.000000000,0.000000000,,0.000000,0.000000,0.000000,,0.005079990,0,1,0,10,gPO_sBM_cAll_d10_mPO0_ch01;gPO_sBM_cAll_d11_mPO0_ch01;gPO_sBM_cAll_d11_mPO0_ch02;gPO_sBM_cAll_d10_mPO0_ch02;gPO_sBM_cAll_d12_mPO3_ch02;gHO_sBM_cAll_d20_mHO5_ch10;gHO_sBM_cAll_d21_mHO5_ch10;gHO_sBM_cAll_d20_mHO5_ch06;gHO_sBM_cAll_d21_mHO5_ch09;gHO_sBM_cAll_d21_mHO5_ch03,,43.564500,549.950200,53.140800,3477.906400,accepted,0.959602,,0.926549,0.257696772,30.450445,0.092452,HO,0.855799,0.007820,0.002783,JB3:0.679348;JB5:0.671528;JB1:0.654506;LO4:0.629170;WA4:0.620392,gHO_sBM_cAll_d20_mHO5_ch10:0.663334;gHO_sBM_cAll_d21_mHO5_ch10:0.660551;gHO_sBM_cAll_d20_mHO5_ch06:0.660444;gHO_sBM_cAll_d21_mHO5_ch09:0.659370;gHO_sBM_cAll_d21_mHO5_ch03:0.653233;gHO_sBM_cAll_d21_mHO5_ch05:0.645431;gHO_sBM_cAll_d20_mHO5_ch05:0.642233;gHO_sBM_cAll_d21_mHO5_ch02:0.642012;gHO_sBM_cAll_d20_mHO5_ch04:0.641373;gHO_sBM_cAll_d21_mHO5_ch04:0.639315,Electronic---Techno:0.267445;Electronic---Electro:0.205428;Electronic---Deep Techno:0.114513;Electronic---Deep House:0.108966;Electronic---Synthwave:0.103740,PO:v1:k0:r1,,JB3,0.679348,gHO_sBM_cAll_d20_mHO5_ch10,0.663334,120.967742
21.272000,21.282007400,,hermite,terminal_hold,Candidates and replay infeasible: Boundary state exceeds joint limits,,,,0,0.0,1,gPO_sBM_cAll_d12_mPO3_ch02,,,20.440000,gHO_sBM_cAll_d20_mHO5_ch10;gHO_sBM_cAll_d21_mHO5_ch10;gHO_sBM_cAll_d20_mHO5_ch06;gHO_sBM_cAll_d21_mHO5_ch09;gHO_sBM_cAll_d21_mHO5_ch03,19.869282,113,,,,1.000000000,0.216061185,0.000000,motion_end,0.216061185,0.077234,0.128347,0.034431,0.000000,0.087300,0.000000,4.270833,0.350000,beat-sync,0.842880,1.176075,,0.300801095,0.234246373,right_wrist_yaw,0.000000000,right_wrist_pitch,0.234246373,right_wrist_yaw,0.000000000,right_wrist_pitch,-0.479846,0.464869,0.856513,1.913128,0.000000000,0.000000000,0.000000000,0.000950786,0.000796964,0.007295884,20.792000,0.000000000,0.000000000,,0.000000,0.000000,0.000000,,0.005066313,0,1,0,10,gPO_sBM_cAll_d10_mPO0_ch01;gPO_sBM_cAll_d11_mPO0_ch01;gPO_sBM_cAll_d11_mPO0_ch02;gPO_sBM_cAll_d10_mPO0_ch02;gPO_sBM_cAll_d12_mPO3_ch02;gHO_sBM_cAll_d20_mHO5_ch10;gHO_sBM_cAll_d21_mHO5_ch10;gHO_sBM_cAll_d20_mHO5_ch06;gHO_sBM_cAll_d21_mHO5_ch09;gHO_sBM_cAll_d21_mHO5_ch03,,43.564500,549.950200,53.140800,3477.906400,accepted,0.959602,,0.926549,0.257696772,30.450445,0.092452,HO,0.855799,0.007820,0.002783,JB3:0.679348;JB5:0.671528;JB1:0.654506;LO4:0.629170;WA4:0.620392,gHO_sBM_cAll_d20_mHO5_ch10:0.663334;gHO_sBM_cAll_d21_mHO5_ch10:0.660551;gHO_sBM_cAll_d20_mHO5_ch06:0.660444;gHO_sBM_cAll_d21_mHO5_ch09:0.659370;gHO_sBM_cAll_d21_mHO5_ch03:0.653233;gHO_sBM_cAll_d21_mHO5_ch05:0.645431;gHO_sBM_cAll_d20_mHO5_ch05:0.642233;gHO_sBM_cAll_d21_mHO5_ch02:0.642012;gHO_sBM_cAll_d20_mHO5_ch04:0.641373;gHO_sBM_cAll_d21_mHO5_ch04:0.639315,Electronic---Techno:0.267445;Electronic---Electro:0.205428;Electronic---Deep Techno:0.114513;Electronic---Deep House:0.108966;Electronic---Synthwave:0.103740,PO:v1:k0:r1,,JB3,0.679348,gHO_sBM_cAll_d20_mHO5_ch10,0.663334,120.967742
21.304000,21.314755800,,hermite,terminal_hold,Candidates and replay infeasible: Boundary state exceeds joint limits,,,,0,0.0,1,gPO_sBM_cAll_d12_mPO3_ch02,,,20.440000,gHO_sBM_cAll_d20_mHO5_ch10;gHO_sBM_cAll_d21_mHO5_ch10;gHO_sBM_cAll_d20_mHO5_ch06;gHO_sBM_cAll_d21_mHO5_ch09;gHO_sBM_cAll_d21_mHO5_ch03,19.869282,113,,,,1.000000000,0.216061185,0.000000,motion_end,0.216061185,0.077234,0.128347,0.034431,0.000000,0.087300,0.000000,4.270833,0.350000,beat-sync,0.842880,1.176075,,0.300801095,0.234246373,right_wrist_yaw,0.000000000,right_wrist_pitch,0.234246373,right_wrist_yaw,0.000000000,right_wrist_pitch,-0.479846,0.464869,0.856513,1.913128,0.000000000,0.000000000,0.000000000,0.000950786,0.000796964,0.007295884,20.792000,0.000000000,0.000000000,,0.000000,0.000000,0.000000,,0.005058531,0,1,0,10,gPO_sBM_cAll_d10_mPO0_ch01;gPO_sBM_cAll_d11_mPO0_ch01;gPO_sBM_cAll_d11_mPO0_ch02;gPO_sBM_cAll_d10_mPO0_ch02;gPO_sBM_cAll_d12_mPO3_ch02;gHO_sBM_cAll_d20_mHO5_ch10;gHO_sBM_cAll_d21_mHO5_ch10;gHO_sBM_cAll_d20_mHO5_ch06;gHO_sBM_cAll_d21_mHO5_ch09;gHO_sBM_cAll_d21_mHO5_ch03,,43.564500,549.950200,53.140800,3477.906400,accepted,0.959602,,0.926549,0.257696772,30.450445,0.092452,HO,0.855799,0.007820,0.002783,JB3:0.679348;JB5:0.671528;JB1:0.654506;LO4:0.629170;WA4:0.620392,gHO_sBM_cAll_d20_mHO5_ch10:0.663334;gHO_sBM_cAll_d21_mHO5_ch10:0.660551;gHO_sBM_cAll_d20_mHO5_ch06:0.660444;gHO_sBM_cAll_d21_mHO5_ch09:0.659370;gHO_sBM_cAll_d21_mHO5_ch03:0.653233;gHO_sBM_cAll_d21_mHO5_ch05:0.645431;gHO_sBM_cAll_d20_mHO5_ch05:0.642233;gHO_sBM_cAll_d21_mHO5_ch02:0.642012;gHO_sBM_cAll_d20_mHO5_ch04:0.641373;gHO_sBM_cAll_d21_mHO5_ch04:0.639315,Electronic---Techno:0.267445;Electronic---Electro:0.205428;Electronic---Deep Techno:0.114513;Electronic---Deep House:0.108966;Electronic---Synthwave:0.103740,PO:v1:k0:r1,,JB3,0.679348,gHO_sBM_cAll_d20_mHO5_ch10,0.663334,120.967742
21.368000,21.373187200,,hermite,terminal_hold,Candidates and replay infeasible: Boundary state exceeds joint limits,,,,0,0.0,1,gPO_sBM_cAll_d12_mPO3_ch02,,,20.440000,gHO_sBM_cAll_d20_mHO5_ch10;gHO_sBM_cAll_d21_mHO5_ch10;gHO_sBM_cAll_d20_mHO5_ch06;gHO_sBM_cAll_d21_mHO5_ch09;gHO_sBM_cAll_d21_mHO5_ch03,19.869282,113,,,,1.000000000,0.216061185,0.000000,motion_end,0.216061185,0.077234,0.128347,0.034431,0.000000,0.087300,0.000000,4.270833,0.350000,beat-sync,0.842880,1.176075,,0.300801095,0.234246373,right_wrist_yaw,0.000000000,right_wrist_pitch,0.234246373,right_wrist_yaw,0.000000000,right_wrist_pitch,-0.479846,0.464869,0.856513,1.913128,0.000000000,0.000000000,0.000000000,0.000950786,0.000796964,0.007295884,20.792000,0.000000000,0.000000000,,0.000000,0.000000,0.000000,,0.005044969,0,1,0,10,gPO_sBM_cAll_d10_mPO0_ch01;gPO_sBM_cAll_d11_mPO0_ch01;gPO_sBM_cAll_d11_mPO0_ch02;gPO_sBM_cAll_d10_mPO0_ch02;gPO_sBM_cAll_d12_mPO3_ch02;gHO_sBM_cAll_d20_mHO5_ch10;gHO_sBM_cAll_d21_mHO5_ch10;gHO_sBM_cAll_d20_mHO5_ch06;gHO_sBM_cAll_d21_mHO5_ch09;gHO_sBM_cAll_d21_mHO5_ch03,,43.564500,549.950200,53.140800,3477.906400,accepted,0.959602,,0.926549,0.257696772,30.450445,0.092452,HO,0.855799,0.007820,0.002783,JB3:0.679348;JB5:0.671528;JB1:0.654506;LO4:0.629170;WA4:0.620392,gHO_sBM_cAll_d20_mHO5_ch10:0.663334;gHO_sBM_cAll_d21_mHO5_ch10:0.660551;gHO_sBM_cAll_d20_mHO5_ch06:0.660444;gHO_sBM_cAll_d21_mHO5_ch09:0.659370;gHO_sBM_cAll_d21_mHO5_ch03:0.653233;gHO_sBM_cAll_d21_mHO5_ch05:0.645431;gHO_sBM_cAll_d20_mHO5_ch05:0.642233;gHO_sBM_cAll_d21_mHO5_ch02:0.642012;gHO_sBM_cAll_d20_mHO5_ch04:0.641373;gHO_sBM_cAll_d21_mHO5_ch04:0.639315,Electronic---Techno:0.267445;Electronic---Electro:0.205428;Electronic---Deep Techno:0.114513;Electronic---Deep House:0.108966;Electronic---Synthwave:0.103740,PO:v1:k0:r1,,JB3,0.679348,gHO_sBM_cAll_d20_mHO5_ch10,0.663334,120.967742
21.400000,21.406714300,,hermite,terminal_hold,Candidates and replay infeasible: Boundary state exceeds joint limits,,,,0,0.0,1,gPO_sBM_cAll_d12_mPO3_ch02,,,20.440000,gHO_sBM_cAll_d20_mHO5_ch10;gHO_sBM_cAll_d21_mHO5_ch10;gHO_sBM_cAll_d20_mHO5_ch06;gHO_sBM_cAll_d21_mHO5_ch09;gHO_sBM_cAll_d21_mHO5_ch03,19.869282,113,,,,1.000000000,0.216061185,0.000000,motion_end,0.216061185,0.077234,0.128347,0.034431,0.000000,0.087300,0.000000,4.270833,0.350000,beat-sync,0.842880,1.176075,,0.300801095,0.234246373,right_wrist_yaw,0.000000000,right_wrist_pitch,0.234246373,right_wrist_yaw,0.000000000,right_wrist_pitch,-0.479846,0.464869,0.856513,1.913128,0.000000000,0.000000000,0.000000000,0.000950786,0.000796964,0.007295884,20.792000,0.000000000,0.000000000,,0.000000,0.000000,0.000000,,0.005037252,0,1,0,10,gPO_sBM_cAll_d10_mPO0_ch01;gPO_sBM_cAll_d11_mPO0_ch01;gPO_sBM_cAll_d11_mPO0_ch02;gPO_sBM_cAll_d10_mPO0_ch02;gPO_sBM_cAll_d12_mPO3_ch02;gHO_sBM_cAll_d20_mHO5_ch10;gHO_sBM_cAll_d21_mHO5_ch10;gHO_sBM_cAll_d20_mHO5_ch06;gHO_sBM_cAll_d21_mHO5_ch09;gHO_sBM_cAll_d21_mHO5_ch03,,43.564500,549.950200,53.140800,3477.906400,accepted,0.959602,,0.926549,0.257696772,30.450445,0.092452,HO,0.855799,0.007820,0.002783,JB3:0.679348;JB5:0.671528;JB1:0.654506;LO4:0.629170;WA4:0.620392,gHO_sBM_cAll_d20_mHO5_ch10:0.663334;gHO_sBM_cAll_d21_mHO5_ch10:0.660551;gHO_sBM_cAll_d20_mHO5_ch06:0.660444;gHO_sBM_cAll_d21_mHO5_ch09:0.659370;gHO_sBM_cAll_d21_mHO5_ch03:0.653233;gHO_sBM_cAll_d21_mHO5_ch05:0.645431;gHO_sBM_cAll_d20_mHO5_ch05:0.642233;gHO_sBM_cAll_d21_mHO5_ch02:0.642012;gHO_sBM_cAll_d20_mHO5_ch04:0.641373;gHO_sBM_cAll_d21_mHO5_ch04:0.639315,Electronic---Techno:0.267445;Electronic---Electro:0.205428;Electronic---Deep Techno:0.114513;Electronic---Deep House:0.108966;Electronic---Synthwave:0.103740,PO:v1:k0:r1,,JB3,0.679348,gHO_sBM_cAll_d20_mHO5_ch10,0.663334,120.967742
21.400000,21.415613300,,hermite,terminal_hold,Candidates and replay infeasible: Boundary state exceeds joint limits,,,,0,0.0,1,gPO_sBM_cAll_d12_mPO3_ch02,,,20.440000,gHO_sBM_cAll_d20_mHO5_ch10;gHO_sBM_cAll_d21_mHO5_ch10;gHO_sBM_cAll_d20_mHO5_ch06;gHO_sBM_cAll_d21_mHO5_ch09;gHO_sBM_cAll_d21_mHO5_ch03,19.869282,113,,,,1.000000000,0.216061185,0.000000,motion_end,0.216061185,0.077234,0.128347,0.034431,0.000000,0.087300,0.000000,4.270833,0.350000,beat-sync,0.842880,1.176075,,0.300801095,0.234246373,right_wrist_yaw,0.000000000,right_wrist_pitch,0.234246373,right_wrist_yaw,0.000000000,right_wrist_pitch,-0.479846,0.464869,0.856513,1.913128,0.000000000,0.000000000,0.000000000,0.000950786,0.000796964,0.007295884,20.792000,0.000000000,0.000000000,,0.000000,0.000000,0.000000,,0.005035326,0,1,0,10,gPO_sBM_cAll_d10_mPO0_ch01;gPO_sBM_cAll_d11_mPO0_ch01;gPO_sBM_cAll_d11_mPO0_ch02;gPO_sBM_cAll_d10_mPO0_ch02;gPO_sBM_cAll_d12_mPO3_ch02;gHO_sBM_cAll_d20_mHO5_ch10;gHO_sBM_cAll_d21_mHO5_ch10;gHO_sBM_cAll_d20_mHO5_ch06;gHO_sBM_cAll_d21_mHO5_ch09;gHO_sBM_cAll_d21_mHO5_ch03,,43.564500,549.950200,53.140800,3477.906400,accepted,0.959602,,0.926549,0.257696772,30.450445,0.092452,HO,0.855799,0.007820,0.002783,JB3:0.679348;JB5:0.671528;JB1:0.654506;LO4:0.629170;WA4:0.620392,gHO_sBM_cAll_d20_mHO5_ch10:0.663334;gHO_sBM_cAll_d21_mHO5_ch10:0.660551;gHO_sBM_cAll_d20_mHO5_ch06:0.660444;gHO_sBM_cAll_d21_mHO5_ch09:0.659370;gHO_sBM_cAll_d21_mHO5_ch03:0.653233;gHO_sBM_cAll_d21_mHO5_ch05:0.645431;gHO_sBM_cAll_d20_mHO5_ch05:0.642233;gHO_sBM_cAll_d21_mHO5_ch02:0.642012;gHO_sBM_cAll_d20_mHO5_ch04:0.641373;gHO_sBM_cAll_d21_mHO5_ch04:0.639315,Electronic---Techno:0.267445;Electronic---Electro:0.205428;Electronic---Deep Techno:0.114513;Electronic---Deep House:0.108966;Electronic---Synthwave:0.103740,PO:v1:k0:r1,,JB3,0.679348,gHO_sBM_cAll_d20_mHO5_ch10,0.663334,120.967742
21.400000,21.424424100,,hermite,terminal_hold,Candidates and replay infeasible: Boundary state exceeds joint limits,,,,0,0.0,1,gPO_sBM_cAll_d12_mPO3_ch02,,,20.440000,gHO_sBM_cAll_d20_mHO5_ch10;gHO_sBM_cAll_d21_mHO5_ch10;gHO_sBM_cAll_d20_mHO5_ch06;gHO_sBM_cAll_d21_mHO5_ch09;gHO_sBM_cAll_d21_mHO5_ch03,19.869282,113,,,,1.000000000,0.216061185,0.000000,motion_end,0.216061185,0.077234,0.128347,0.034431,0.000000,0.087300,0.000000,4.270833,0.350000,beat-sync,0.842880,1.176075,,0.300801095,0.234246373,right_wrist_yaw,0.000000000,right_wrist_pitch,0.234246373,right_wrist_yaw,0.000000000,right_wrist_pitch,-0.479846,0.464869,0.856513,1.913128,0.000000000,0.000000000,0.000000000,0.000950786,0.000796964,0.007295884,20.792000,0.000000000,0.000000000,,0.000000,0.000000,0.000000,,0.005033402,0,1,0,10,gPO_sBM_cAll_d10_mPO0_ch01;gPO_sBM_cAll_d11_mPO0_ch01;gPO_sBM_cAll_d11_mPO0_ch02;gPO_sBM_cAll_d10_mPO0_ch02;gPO_sBM_cAll_d12_mPO3_ch02;gHO_sBM_cAll_d20_mHO5_ch10;gHO_sBM_cAll_d21_mHO5_ch10;gHO_sBM_cAll_d20_mHO5_ch06;gHO_sBM_cAll_d21_mHO5_ch09;gHO_sBM_cAll_d21_mHO5_ch03,,43.564500,549.950200,53.140800,3477.906400,accepted,0.959602,,0.926549,0.257696772,30.450445,0.092452,HO,0.855799,0.007820,0.002783,JB3:0.679348;JB5:0.671528;JB1:0.654506;LO4:0.629170;WA4:0.620392,gHO_sBM_cAll_d20_mHO5_ch10:0.663334;gHO_sBM_cAll_d21_mHO5_ch10:0.660551;gHO_sBM_cAll_d20_mHO5_ch06:0.660444;gHO_sBM_cAll_d21_mHO5_ch09:0.659370;gHO_sBM_cAll_d21_mHO5_ch03:0.653233;gHO_sBM_cAll_d21_mHO5_ch05:0.645431;gHO_sBM_cAll_d20_mHO5_ch05:0.642233;gHO_sBM_cAll_d21_mHO5_ch02:0.642012;gHO_sBM_cAll_d20_mHO5_ch04:0.641373;gHO_sBM_cAll_d21_mHO5_ch04:0.639315,Electronic---Techno:0.267445;Electronic---Electro:0.205428;Electronic---Deep Techno:0.114513;Electronic---Deep House:0.108966;Electronic---Synthwave:0.103740,PO:v1:k0:r1,,JB3,0.679348,gHO_sBM_cAll_d20_mHO5_ch10,0.663334,120.967742
21.400000,21.432679800,,hermite,terminal_hold,Candidates and replay infeasible: Boundary state exceeds joint limits,,,,0,0.0,1,gPO_sBM_cAll_d12_mPO3_ch02,,,20.440000,gHO_sBM_cAll_d20_mHO5_ch10;gHO_sBM_cAll_d21_mHO5_ch10;gHO_sBM_cAll_d20_mHO5_ch06;gHO_sBM_cAll_d21_mHO5_ch09;gHO_sBM_cAll_d21_mHO5_ch03,19.869282,113,,,,1.000000000,0.216061185,0.000000,motion_end,0.216061185,0.077234,0.128347,0.034431,0.000000,0.087300,0.000000,4.270833,0.350000,beat-sync,0.842880,1.176075,,0.300801095,0.234246373,right_wrist_yaw,0.000000000,right_wrist_pitch,0.234246373,right_wrist_yaw,0.000000000,right_wrist_pitch,-0.479846,0.464869,0.856513,1.913128,0.000000000,0.000000000,0.000000000,0.000950786,0.000796964,0.007295884,20.792000,0.000000000,0.000000000,,0.000000,0.000000,0.000000,,0.005031480,0,1,0,10,gPO_sBM_cAll_d10_mPO0_ch01;gPO_sBM_cAll_d11_mPO0_ch01;gPO_sBM_cAll_d11_mPO0_ch02;gPO_sBM_cAll_d10_mPO0_ch02;gPO_sBM_cAll_d12_mPO3_ch02;gHO_sBM_cAll_d20_mHO5_ch10;gHO_sBM_cAll_d21_mHO5_ch10;gHO_sBM_cAll_d20_mHO5_ch06;gHO_sBM_cAll_d21_mHO5_ch09;gHO_sBM_cAll_d21_mHO5_ch03,,43.564500,549.950200,53.140800,3477.906400,accepted,0.959602,,0.926549,0.257696772,30.450445,0.092452,HO,0.855799,0.007820,0.002783,JB3:0.679348;JB5:0.671528;JB1:0.654506;LO4:0.629170;WA4:0.620392,gHO_sBM_cAll_d20_mHO5_ch10:0.663334;gHO_sBM_cAll_d21_mHO5_ch10:0.660551;gHO_sBM_cAll_d20_mHO5_ch06:0.660444;gHO_sBM_cAll_d21_mHO5_ch09:0.659370;gHO_sBM_cAll_d21_mHO5_ch03:0.653233;gHO_sBM_cAll_d21_mHO5_ch05:0.645431;gHO_sBM_cAll_d20_mHO5_ch05:0.642233;gHO_sBM_cAll_d21_mHO5_ch02:0.642012;gHO_sBM_cAll_d20_mHO5_ch04:0.641373;gHO_sBM_cAll_d21_mHO5_ch04:0.639315,Electronic---Techno:0.267445;Electronic---Electro:0.205428;Electronic---Deep Techno:0.114513;Electronic---Deep House:0.108966;Electronic---Synthwave:0.103740,PO:v1:k0:r1,,JB3,0.679348,gHO_sBM_cAll_d20_mHO5_ch10,0.663334,120.967742
21.400000,21.439430400,,hermite,terminal_hold,Candidates and replay infeasible: Boundary state exceeds joint limits,,,,0,0.0,1,gPO_sBM_cAll_d12_mPO3_ch02,,,20.440000,gHO_sBM_cAll_d20_mHO5_ch10;gHO_sBM_cAll_d21_mHO5_ch10;gHO_sBM_cAll_d20_mHO5_ch06;gHO_sBM_cAll_d21_mHO5_ch09;gHO_sBM_cAll_d21_mHO5_ch03,19.869282,113,,,,1.000000000,0.216061185,0.000000,motion_end,0.216061185,0.077234,0.128347,0.034431,0.000000,0.087300,0.000000,4.270833,0.350000,beat-sync,0.842880,1.176075,,0.300801095,0.234246373,right_wrist_yaw,0.000000000,right_wrist_pitch,0.234246373,right_wrist_yaw,0.000000000,right_wrist_pitch,-0.479846,0.464869,0.856513,1.913128,0.000000000,0.000000000,0.000000000,0.000950786,0.000796964,0.007295884,20.792000,0.000000000,0.000000000,,0.000000,0.000000,0.000000,,0.005029559,0,1,0,10,gPO_sBM_cAll_d10_mPO0_ch01;gPO_sBM_cAll_d11_mPO0_ch01;gPO_sBM_cAll_d11_mPO0_ch02;gPO_sBM_cAll_d10_mPO0_ch02;gPO_sBM_cAll_d12_mPO3_ch02;gHO_sBM_cAll_d20_mHO5_ch10;gHO_sBM_cAll_d21_mHO5_ch10;gHO_sBM_cAll_d20_mHO5_ch06;gHO_sBM_cAll_d21_mHO5_ch09;gHO_sBM_cAll_d21_mHO5_ch03,,43.564500,549.950200,53.140800,3477.906400,accepted,0.959602,,0.926549,0.257696772,30.450445,0.092452,HO,0.855799,0.007820,0.002783,JB3:0.679348;JB5:0.671528;JB1:0.654506;LO4:0.629170;WA4:0.620392,gHO_sBM_cAll_d20_mHO5_ch10:0.663334;gHO_sBM_cAll_d21_mHO5_ch10:0.660551;gHO_sBM_cAll_d20_mHO5_ch06:0.660444;gHO_sBM_cAll_d21_mHO5_ch09:0.659370;gHO_sBM_cAll_d21_mHO5_ch03:0.653233;gHO_sBM_cAll_d21_mHO5_ch05:0.645431;gHO_sBM_cAll_d20_mHO5_ch05:0.642233;gHO_sBM_cAll_d21_mHO5_ch02:0.642012;gHO_sBM_cAll_d20_mHO5_ch04:0.641373;gHO_sBM_cAll_d21_mHO5_ch04:0.639315,Electronic---Techno:0.267445;Electronic---Electro:0.205428;Electronic---Deep Techno:0.114513;Electronic---Deep House:0.108966;Electronic---Synthwave:0.103740,PO:v1:k0:r1,,JB3,0.679348,gHO_sBM_cAll_d20_mHO5_ch10,0.663334,120.967742
21.400000,21.449749900,,hermite,terminal_hold,Candidates and replay infeasible: Boundary state exceeds joint limits,,,,0,0.0,1,gPO_sBM_cAll_d12_mPO3_ch02,,,20.440000,gHO_sBM_cAll_d20_mHO5_ch10;gHO_sBM_cAll_d21_mHO5_ch10;gHO_sBM_cAll_d20_mHO5_ch06;gHO_sBM_cAll_d21_mHO5_ch09;gHO_sBM_cAll_d21_mHO5_ch03,19.869282,113,,,,1.000000000,0.216061185,0.000000,motion_end,0.216061185,0.077234,0.128347,0.034431,0.000000,0.087300,0.000000,4.270833,0.350000,beat-sync,0.842880,1.176075,,0.300801095,0.234246373,right_wrist_yaw,0.000000000,right_wrist_pitch,0.234246373,right_wrist_yaw,0.000000000,right_wrist_pitch,-0.479846,0.464869,0.856513,1.913128,0.000000000,0.000000000,0.000000000,0.000950786,0.000796964,0.007295884,20.792000,0.000000000,0.000000000,,0.000000,0.000000,0.000000,,0.005027639,0,1,0,10,gPO_sBM_cAll_d10_mPO0_ch01;gPO_sBM_cAll_d11_mPO0_ch01;gPO_sBM_cAll_d11_mPO0_ch02;gPO_sBM_cAll_d10_mPO0_ch02;gPO_sBM_cAll_d12_mPO3_ch02;gHO_sBM_cAll_d20_mHO5_ch10;gHO_sBM_cAll_d21_mHO5_ch10;gHO_sBM_cAll_d20_mHO5_ch06;gHO_sBM_cAll_d21_mHO5_ch09;gHO_sBM_cAll_d21_mHO5_ch03,,43.564500,549.950200,53.140800,3477.906400,accepted,0.959602,,0.926549,0.257696772,30.450445,0.092452,HO,0.855799,0.007820,0.002783,JB3:0.679348;JB5:0.671528;JB1:0.654506;LO4:0.629170;WA4:0.620392,gHO_sBM_cAll_d20_mHO5_ch10:0.663334;gHO_sBM_cAll_d21_mHO5_ch10:0.660551;gHO_sBM_cAll_d20_mHO5_ch06:0.660444;gHO_sBM_cAll_d21_mHO5_ch09:0.659370;gHO_sBM_cAll_d21_mHO5_ch03:0.653233;gHO_sBM_cAll_d21_mHO5_ch05:0.645431;gHO_sBM_cAll_d20_mHO5_ch05:0.642233;gHO_sBM_cAll_d21_mHO5_ch02:0.642012;gHO_sBM_cAll_d20_mHO5_ch04:0.641373;gHO_sBM_cAll_d21_mHO5_ch04:0.639315,Electronic---Techno:0.267445;Electronic---Electro:0.205428;Electronic---Deep Techno:0.114513;Electronic---Deep House:0.108966;Electronic---Synthwave:0.103740,PO:v1:k0:r1,,JB3,0.679348,gHO_sBM_cAll_d20_mHO5_ch10,0.663334,120.967742
21.432000,21.456592400,,hermite,terminal_hold,Candidates and replay infeasible: Boundary state exceeds joint limits,,,,0,0.0,1,gPO_sBM_cAll_d12_mPO3_ch02,,,20.440000,gHO_sBM_cAll_d20_mHO5_ch10;gHO_sBM_cAll_d21_mHO5_ch10;gHO_sBM_cAll_d20_mHO5_ch06;gHO_sBM_cAll_d21_mHO5_ch09;gHO_sBM_cAll_d21_mHO5_ch03,19.869282,113,,,,1.000000000,0.216061185,0.000000,motion_end,0.216061185,0.077234,0.128347,0.034431,0.000000,0.087300,0.000000,4.270833,0.350000,beat-sync,0.842880,1.176075,,0.300801095,0.234246373,right_wrist_yaw,0.000000000,right_wrist_pitch,0.234246373,right_wrist_yaw,0.000000000,right_wrist_pitch,-0.479846,0.464869,0.856513,1.913128,0.000000000,0.000000000,0.000000000,0.000950786,0.000796964,0.007295884,20.792000,0.000000000,0.000000000,,0.000000,0.000000,0.000000,,0.005025721,0,1,0,10,gPO_sBM_cAll_d10_mPO0_ch01;gPO_sBM_cAll_d11_mPO0_ch01;gPO_sBM_cAll_d11_mPO0_ch02;gPO_sBM_cAll_d10_mPO0_ch02;gPO_sBM_cAll_d12_mPO3_ch02;gHO_sBM_cAll_d20_mHO5_ch10;gHO_sBM_cAll_d21_mHO5_ch10;gHO_sBM_cAll_d20_mHO5_ch06;gHO_sBM_cAll_d21_mHO5_ch09;gHO_sBM_cAll_d21_mHO5_ch03,,43.564500,549.950200,53.140800,3477.906400,accepted,0.959602,,0.926549,0.257696772,30.450445,0.092452,HO,0.855799,0.007820,0.002783,JB3:0.679348;JB5:0.671528;JB1:0.654506;LO4:0.629170;WA4:0.620392,gHO_sBM_cAll_d20_mHO5_ch10:0.663334;gHO_sBM_cAll_d21_mHO5_ch10:0.660551;gHO_sBM_cAll_d20_mHO5_ch06:0.660444;gHO_sBM_cAll_d21_mHO5_ch09:0.659370;gHO_sBM_cAll_d21_mHO5_ch03:0.653233;gHO_sBM_cAll_d21_mHO5_ch05:0.645431;gHO_sBM_cAll_d20_mHO5_ch05:0.642233;gHO_sBM_cAll_d21_mHO5_ch02:0.642012;gHO_sBM_cAll_d20_mHO5_ch04:0.641373;gHO_sBM_cAll_d21_mHO5_ch04:0.639315,Electronic---Techno:0.267445;Electronic---Electro:0.205428;Electronic---Deep Techno:0.114513;Electronic---Deep House:0.108966;Electronic---Synthwave:0.103740,PO:v1:k0:r1,,JB3,0.679348,gHO_sBM_cAll_d20_mHO5_ch10,0.663334,120.967742
21.464000,21.490921300,,hermite,terminal_hold,Candidates and replay infeasible: Boundary state exceeds joint limits,,,,0,0.0,1,gPO_sBM_cAll_d12_mPO3_ch02,,,20.440000,gHO_sBM_cAll_d20_mHO5_ch10;gHO_sBM_cAll_d21_mHO5_ch10;gHO_sBM_cAll_d20_mHO5_ch06;gHO_sBM_cAll_d21_mHO5_ch09;gHO_sBM_cAll_d21_mHO5_ch03,19.869282,113,,,,1.000000000,0.216061185,0.000000,motion_end,0.216061185,0.077234,0.128347,0.034431,0.000000,0.087300,0.000000,4.270833,0.350000,beat-sync,0.842880,1.176075,,0.300801095,0.234246373,right_wrist_yaw,0.000000000,right_wrist_pitch,0.234246373,right_wrist_yaw,0.000000000,right_wrist_pitch,-0.479846,0.464869,0.856513,1.913128,0.000000000,0.000000000,0.000000000,0.000950786,0.000796964,0.007295884,20.792000,0.000000000,0.000000000,,0.000000,0.000000,0.000000,,0.005019975,0,1,0,10,gPO_sBM_cAll_d10_mPO0_ch01;gPO_sBM_cAll_d11_mPO0_ch01;gPO_sBM_cAll_d11_mPO0_ch02;gPO_sBM_cAll_d10_mPO0_ch02;gPO_sBM_cAll_d12_mPO3_ch02;gHO_sBM_cAll_d20_mHO5_ch10;gHO_sBM_cAll_d21_mHO5_ch10;gHO_sBM_cAll_d20_mHO5_ch06;gHO_sBM_cAll_d21_mHO5_ch09;gHO_sBM_cAll_d21_mHO5_ch03,,43.564500,549.950200,53.140800,3477.906400,accepted,0.959602,,0.926549,0.257696772,30.450445,0.092452,HO,0.855799,0.007820,0.002783,JB3:0.679348;JB5:0.671528;JB1:0.654506;LO4:0.629170;WA4:0.620392,gHO_sBM_cAll_d20_mHO5_ch10:0.663334;gHO_sBM_cAll_d21_mHO5_ch10:0.660551;gHO_sBM_cAll_d20_mHO5_ch06:0.660444;gHO_sBM_cAll_d21_mHO5_ch09:0.659370;gHO_sBM_cAll_d21_mHO5_ch03:0.653233;gHO_sBM_cAll_d21_mHO5_ch05:0.645431;gHO_sBM_cAll_d20_mHO5_ch05:0.642233;gHO_sBM_cAll_d21_mHO5_ch02:0.642012;gHO_sBM_cAll_d20_mHO5_ch04:0.641373;gHO_sBM_cAll_d21_mHO5_ch04:0.639315,Electronic---Techno:0.267445;Electronic---Electro:0.205428;Electronic---Deep Techno:0.114513;Electronic---Deep House:0.108966;Electronic---Synthwave:0.103740,PO:v1:k0:r1,,JB3,0.679348,gHO_sBM_cAll_d20_mHO5_ch10,0.663334,120.967742
21.528000,21.547862600,,hermite,terminal_hold,Candidates and replay infeasible: Boundary state exceeds joint limits,,,,0,0.0,1,gPO_sBM_cAll_d12_mPO3_ch02,,,20.440000,gHO_sBM_cAll_d20_mHO5_ch10;gHO_sBM_cAll_d21_mHO5_ch10;gHO_sBM_cAll_d20_mHO5_ch06;gHO_sBM_cAll_d21_mHO5_ch09;gHO_sBM_cAll_d21_mHO5_ch03,19.869282,113,,,,1.000000000,0.216061185,0.000000,motion_end,0.216061185,0.077234,0.128347,0.034431,0.000000,0.087300,0.000000,4.270833,0.350000,beat-sync,0.842880,1.176075,,0.300801095,0.234246373,right_wrist_yaw,0.000000000,right_wrist_pitch,0.234246373,right_wrist_yaw,0.000000000,right_wrist_pitch,-0.479846,0.464869,0.856513,1.913128,0.000000000,0.000000000,0.000000000,0.000950786,0.000796964,0.007295884,20.792000,0.000000000,0.000000000,,0.000000,0.000000,0.000000,,0.005008522,0,1,0,10,gPO_sBM_cAll_d10_mPO0_ch01;gPO_sBM_cAll_d11_mPO0_ch01;gPO_sBM_cAll_d11_mPO0_ch02;gPO_sBM_cAll_d10_mPO0_ch02;gPO_sBM_cAll_d12_mPO3_ch02;gHO_sBM_cAll_d20_mHO5_ch10;gHO_sBM_cAll_d21_mHO5_ch10;gHO_sBM_cAll_d20_mHO5_ch06;gHO_sBM_cAll_d21_mHO5_ch09;gHO_sBM_cAll_d21_mHO5_ch03,,43.564500,549.950200,53.140800,3477.906400,accepted,0.959602,,0.926549,0.257696772,30.450445,0.092452,HO,0.855799,0.007820,0.002783,JB3:0.679348;JB5:0.671528;JB1:0.654506;LO4:0.629170;WA4:0.620392,gHO_sBM_cAll_d20_mHO5_ch10:0.663334;gHO_sBM_cAll_d21_mHO5_ch10:0.660551;gHO_sBM_cAll_d20_mHO5_ch06:0.660444;gHO_sBM_cAll_d21_mHO5_ch09:0.659370;gHO_sBM_cAll_d21_mHO5_ch03:0.653233;gHO_sBM_cAll_d21_mHO5_ch05:0.645431;gHO_sBM_cAll_d20_mHO5_ch05:0.642233;gHO_sBM_cAll_d21_mHO5_ch02:0.642012;gHO_sBM_cAll_d20_mHO5_ch04:0.641373;gHO_sBM_cAll_d21_mHO5_ch04:0.639315,Electronic---Techno:0.267445;Electronic---Electro:0.205428;Electronic---Deep Techno:0.114513;Electronic---Deep House:0.108966;Electronic---Synthwave:0.103740,PO:v1:k0:r1,,JB3,0.679348,gHO_sBM_cAll_d20_mHO5_ch10,0.663334,120.967742
21.560000,21.578834500,,hermite,terminal_hold,Candidates and replay infeasible: Boundary state exceeds joint limits,,,,0,0.0,1,gPO_sBM_cAll_d12_mPO3_ch02,,,20.440000,gHO_sBM_cAll_d20_mHO5_ch10;gHO_sBM_cAll_d21_mHO5_ch10;gHO_sBM_cAll_d20_mHO5_ch06;gHO_sBM_cAll_d21_mHO5_ch09;gHO_sBM_cAll_d21_mHO5_ch03,19.869282,113,,,,1.000000000,0.216061185,0.000000,motion_end,0.216061185,0.077234,0.128347,0.034431,0.000000,0.087300,0.000000,4.270833,0.350000,beat-sync,0.842880,1.176075,,0.300801095,0.234246373,right_wrist_yaw,0.000000000,right_wrist_pitch,0.234246373,right_wrist_yaw,0.000000000,right_wrist_pitch,-0.479846,0.464869,0.856513,1.913128,0.000000000,0.000000000,0.000000000,0.000950786,0.000796964,0.007295884,20.792000,0.000000000,0.000000000,,0.000000,0.000000,0.000000,,0.005000916,0,1,0,10,gPO_sBM_cAll_d10_mPO0_ch01;gPO_sBM_cAll_d11_mPO0_ch01;gPO_sBM_cAll_d11_mPO0_ch02;gPO_sBM_cAll_d10_mPO0_ch02;gPO_sBM_cAll_d12_mPO3_ch02;gHO_sBM_cAll_d20_mHO5_ch10;gHO_sBM_cAll_d21_mHO5_ch10;gHO_sBM_cAll_d20_mHO5_ch06;gHO_sBM_cAll_d21_mHO5_ch09;gHO_sBM_cAll_d21_mHO5_ch03,,43.564500,549.950200,53.140800,3477.906400,accepted,0.959602,,0.926549,0.257696772,30.450445,0.092452,HO,0.855799,0.007820,0.002783,JB3:0.679348;JB5:0.671528;JB1:0.654506;LO4:0.629170;WA4:0.620392,gHO_sBM_cAll_d20_mHO5_ch10:0.663334;gHO_sBM_cAll_d21_mHO5_ch10:0.660551;gHO_sBM_cAll_d20_mHO5_ch06:0.660444;gHO_sBM_cAll_d21_mHO5_ch09:0.659370;gHO_sBM_cAll_d21_mHO5_ch03:0.653233;gHO_sBM_cAll_d21_mHO5_ch05:0.645431;gHO_sBM_cAll_d20_mHO5_ch05:0.642233;gHO_sBM_cAll_d21_mHO5_ch02:0.642012;gHO_sBM_cAll_d20_mHO5_ch04:0.641373;gHO_sBM_cAll_d21_mHO5_ch04:0.639315,Electronic---Techno:0.267445;Electronic---Electro:0.205428;Electronic---Deep Techno:0.114513;Electronic---Deep House:0.108966;Electronic---Synthwave:0.103740,PO:v1:k0:r1,,JB3,0.679348,gHO_sBM_cAll_d20_mHO5_ch10,0.663334,120.967742
21.624000,21.637772400,,hermite,terminal_hold,Candidates and replay infeasible: Boundary state exceeds joint limits,,,,0,0.0,1,gPO_sBM_cAll_d12_mPO3_ch02,,,20.440000,gHO_sBM_cAll_d20_mHO5_ch10;gHO_sBM_cAll_d21_mHO5_ch10;gHO_sBM_cAll_d20_mHO5_ch06;gHO_sBM_cAll_d21_mHO5_ch09;gHO_sBM_cAll_d21_mHO5_ch03,19.869282,113,,,,1.000000000,0.216061185,0.000000,motion_end,0.216061185,0.077234,0.128347,0.034431,0.000000,0.087300,0.000000,4.270833,0.350000,beat-sync,0.842880,1.176075,,0.300801095,0.234246373,right_wrist_yaw,0.000000000,right_wrist_pitch,0.234246373,right_wrist_yaw,0.000000000,right_wrist_pitch,-0.479846,0.464869,0.856513,1.913128,0.000000000,0.000000000,0.000000000,0.000950786,0.000796964,0.007295884,20.792000,0.000000000,0.000000000,,0.000000,0.000000,0.000000,,0.004987661,0,1,0,10,gPO_sBM_cAll_d10_mPO0_ch01;gPO_sBM_cAll_d11_mPO0_ch01;gPO_sBM_cAll_d11_mPO0_ch02;gPO_sBM_cAll_d10_mPO0_ch02;gPO_sBM_cAll_d12_mPO3_ch02;gHO_sBM_cAll_d20_mHO5_ch10;gHO_sBM_cAll_d21_mHO5_ch10;gHO_sBM_cAll_d20_mHO5_ch06;gHO_sBM_cAll_d21_mHO5_ch09;gHO_sBM_cAll_d21_mHO5_ch03,,43.564500,549.950200,53.140800,3477.906400,accepted,0.959602,,0.926549,0.257696772,30.450445,0.092452,HO,0.855799,0.007820,0.002783,JB3:0.679348;JB5:0.671528;JB1:0.654506;LO4:0.629170;WA4:0.620392,gHO_sBM_cAll_d20_mHO5_ch10:0.663334;gHO_sBM_cAll_d21_mHO5_ch10:0.660551;gHO_sBM_cAll_d20_mHO5_ch06:0.660444;gHO_sBM_cAll_d21_mHO5_ch09:0.659370;gHO_sBM_cAll_d21_mHO5_ch03:0.653233;gHO_sBM_cAll_d21_mHO5_ch05:0.645431;gHO_sBM_cAll_d20_mHO5_ch05:0.642233;gHO_sBM_cAll_d21_mHO5_ch02:0.642012;gHO_sBM_cAll_d20_mHO5_ch04:0.641373;gHO_sBM_cAll_d21_mHO5_ch04:0.639315,Electronic---Techno:0.267445;Electronic---Electro:0.205428;Electronic---Deep Techno:0.114513;Electronic---Deep House:0.108966;Electronic---Synthwave:0.103740,PO:v1:k0:r1,,JB3,0.679348,gHO_sBM_cAll_d20_mHO5_ch10,0.663334,120.967742
21.656000,21.669713400,,hermite,terminal_hold,Candidates and replay infeasible: Boundary state exceeds joint limits,,,,0,0.0,1,gPO_sBM_cAll_d12_mPO3_ch02,,,20.440000,gHO_sBM_cAll_d20_mHO5_ch10;gHO_sBM_cAll_d21_mHO5_ch10;gHO_sBM_cAll_d20_mHO5_ch06;gHO_sBM_cAll_d21_mHO5_ch09;gHO_sBM_cAll_d21_mHO5_ch03,19.869282,113,,,,1.000000000,0.216061185,0.000000,motion_end,0.216061185,0.077234,0.128347,0.034431,0.000000,0.087300,0.000000,4.270833,0.350000,beat-sync,0.842880,1.176075,,0.300801095,0.234246373,right_wrist_yaw,0.000000000,right_wrist_pitch,0.234246373,right_wrist_yaw,0.000000000,right_wrist_pitch,-0.479846,0.464869,0.856513,1.913128,0.000000000,0.000000000,0.000000000,0.000950786,0.000796964,0.007295884,20.792000,0.000000000,0.000000000,,0.000000,0.000000,0.000000,,0.004980119,0,1,0,10,gPO_sBM_cAll_d10_mPO0_ch01;gPO_sBM_cAll_d11_mPO0_ch01;gPO_sBM_cAll_d11_mPO0_ch02;gPO_sBM_cAll_d10_mPO0_ch02;gPO_sBM_cAll_d12_mPO3_ch02;gHO_sBM_cAll_d20_mHO5_ch10;gHO_sBM_cAll_d21_mHO5_ch10;gHO_sBM_cAll_d20_mHO5_ch06;gHO_sBM_cAll_d21_mHO5_ch09;gHO_sBM_cAll_d21_mHO5_ch03,,43.564500,549.950200,53.140800,3477.906400,accepted,0.959602,,0.926549,0.257696772,30.450445,0.092452,HO,0.855799,0.007820,0.002783,JB3:0.679348;JB5:0.671528;JB1:0.654506;LO4:0.629170;WA4:0.620392,gHO_sBM_cAll_d20_mHO5_ch10:0.663334;gHO_sBM_cAll_d21_mHO5_ch10:0.660551;gHO_sBM_cAll_d20_mHO5_ch06:0.660444;gHO_sBM_cAll_d21_mHO5_ch09:0.659370;gHO_sBM_cAll_d21_mHO5_ch03:0.653233;gHO_sBM_cAll_d21_mHO5_ch05:0.645431;gHO_sBM_cAll_d20_mHO5_ch05:0.642233;gHO_sBM_cAll_d21_mHO5_ch02:0.642012;gHO_sBM_cAll_d20_mHO5_ch04:0.641373;gHO_sBM_cAll_d21_mHO5_ch04:0.639315,Electronic---Techno:0.267445;Electronic---Electro:0.205428;Electronic---Deep Techno:0.114513;Electronic---Deep House:0.108966;Electronic---Synthwave:0.103740,PO:v1:k0:r1,,JB3,0.679348,gHO_sBM_cAll_d20_mHO5_ch10,0.663334,120.967742
21.720000,21.736986800,,hermite,terminal_hold,Candidates and replay infeasible: Boundary state exceeds joint limits,,,,0,0.0,1,gPO_sBM_cAll_d12_mPO3_ch02,,,20.440000,gHO_sBM_cAll_d20_mHO5_ch10;gHO_sBM_cAll_d21_mHO5_ch10;gHO_sBM_cAll_d20_mHO5_ch06;gHO_sBM_cAll_d21_mHO5_ch09;gHO_sBM_cAll_d21_mHO5_ch03,19.869282,113,,,,1.000000000,0.216061185,0.000000,motion_end,0.216061185,0.077234,0.128347,0.034431,0.000000,0.087300,0.000000,4.270833,0.350000,beat-sync,0.842880,1.176075,,0.300801095,0.234246373,right_wrist_yaw,0.000000000,right_wrist_pitch,0.234246373,right_wrist_yaw,0.000000000,right_wrist_pitch,-0.479846,0.464869,0.856513,1.913128,0.000000000,0.000000000,0.000000000,0.000950786,0.000796964,0.007295884,20.792000,0.000000000,0.000000000,,0.000000,0.000000,0.000000,,0.004965101,0,1,0,10,gPO_sBM_cAll_d10_mPO0_ch01;gPO_sBM_cAll_d11_mPO0_ch01;gPO_sBM_cAll_d11_mPO0_ch02;gPO_sBM_cAll_d10_mPO0_ch02;gPO_sBM_cAll_d12_mPO3_ch02;gHO_sBM_cAll_d20_mHO5_ch10;gHO_sBM_cAll_d21_mHO5_ch10;gHO_sBM_cAll_d20_mHO5_ch06;gHO_sBM_cAll_d21_mHO5_ch09;gHO_sBM_cAll_d21_mHO5_ch03,,43.564500,549.950200,53.140800,3477.906400,accepted,0.959602,,0.926549,0.257696772,30.450445,0.092452,HO,0.855799,0.007820,0.002783,JB3:0.679348;JB5:0.671528;JB1:0.654506;LO4:0.629170;WA4:0.620392,gHO_sBM_cAll_d20_mHO5_ch10:0.663334;gHO_sBM_cAll_d21_mHO5_ch10:0.660551;gHO_sBM_cAll_d20_mHO5_ch06:0.660444;gHO_sBM_cAll_d21_mHO5_ch09:0.659370;gHO_sBM_cAll_d21_mHO5_ch03:0.653233;gHO_sBM_cAll_d21_mHO5_ch05:0.645431;gHO_sBM_cAll_d20_mHO5_ch05:0.642233;gHO_sBM_cAll_d21_mHO5_ch02:0.642012;gHO_sBM_cAll_d20_mHO5_ch04:0.641373;gHO_sBM_cAll_d21_mHO5_ch04:0.639315,Electronic---Techno:0.267445;Electronic---Electro:0.205428;Electronic---Deep Techno:0.114513;Electronic---Deep House:0.108966;Electronic---Synthwave:0.103740,PO:v1:k0:r1,,JB3,0.679348,gHO_sBM_cAll_d20_mHO5_ch10,0.663334,120.967742
21.752000,21.761867800,,hermite,terminal_hold,Candidates and replay infeasible: Boundary state exceeds joint limits,,,,0,0.0,1,gPO_sBM_cAll_d12_mPO3_ch02,,,20.440000,gHO_sBM_cAll_d20_mHO5_ch10;gHO_sBM_cAll_d21_mHO5_ch10;gHO_sBM_cAll_d20_mHO5_ch06;gHO_sBM_cAll_d21_mHO5_ch09;gHO_sBM_cAll_d21_mHO5_ch03,19.869282,113,,,,1.000000000,0.216061185,0.000000,motion_end,0.216061185,0.077234,0.128347,0.034431,0.000000,0.087300,0.000000,4.270833,0.350000,beat-sync,0.842880,1.176075,,0.300801095,0.234246373,right_wrist_yaw,0.000000000,right_wrist_pitch,0.234246373,right_wrist_yaw,0.000000000,right_wrist_pitch,-0.479846,0.464869,0.856513,1.913128,0.000000000,0.000000000,0.000000000,0.000950786,0.000796964,0.007295884,20.792000,0.000000000,0.000000000,,0.000000,0.000000,0.000000,,0.004959493,0,1,0,10,gPO_sBM_cAll_d10_mPO0_ch01;gPO_sBM_cAll_d11_mPO0_ch01;gPO_sBM_cAll_d11_mPO0_ch02;gPO_sBM_cAll_d10_mPO0_ch02;gPO_sBM_cAll_d12_mPO3_ch02;gHO_sBM_cAll_d20_mHO5_ch10;gHO_sBM_cAll_d21_mHO5_ch10;gHO_sBM_cAll_d20_mHO5_ch06;gHO_sBM_cAll_d21_mHO5_ch09;gHO_sBM_cAll_d21_mHO5_ch03,,43.564500,549.950200,53.140800,3477.906400,accepted,0.959602,,0.926549,0.257696772,30.450445,0.092452,HO,0.855799,0.007820,0.002783,JB3:0.679348;JB5:0.671528;JB1:0.654506;LO4:0.629170;WA4:0.620392,gHO_sBM_cAll_d20_mHO5_ch10:0.663334;gHO_sBM_cAll_d21_mHO5_ch10:0.660551;gHO_sBM_cAll_d20_mHO5_ch06:0.660444;gHO_sBM_cAll_d21_mHO5_ch09:0.659370;gHO_sBM_cAll_d21_mHO5_ch03:0.653233;gHO_sBM_cAll_d21_mHO5_ch05:0.645431;gHO_sBM_cAll_d20_mHO5_ch05:0.642233;gHO_sBM_cAll_d21_mHO5_ch02:0.642012;gHO_sBM_cAll_d20_mHO5_ch04:0.641373;gHO_sBM_cAll_d21_mHO5_ch04:0.639315,Electronic---Techno:0.267445;Electronic---Electro:0.205428;Electronic---Deep Techno:0.114513;Electronic---Deep House:0.108966;Electronic---Synthwave:0.103740,PO:v1:k0:r1,,JB3,0.679348,gHO_sBM_cAll_d20_mHO5_ch10,0.663334,120.967742
21.816000,21.827804500,,hermite,terminal_hold,Candidates and replay infeasible: Boundary state exceeds joint limits,,,,0,0.0,1,gPO_sBM_cAll_d12_mPO3_ch02,,,20.440000,gHO_sBM_cAll_d20_mHO5_ch10;gHO_sBM_cAll_d21_mHO5_ch10;gHO_sBM_cAll_d20_mHO5_ch06;gHO_sBM_cAll_d21_mHO5_ch09;gHO_sBM_cAll_d21_mHO5_ch03,19.869282,113,,,,1.000000000,0.216061185,0.000000,motion_end,0.216061185,0.077234,0.128347,0.034431,0.000000,0.087300,0.000000,4.270833,0.350000,beat-sync,0.842880,1.074735,,0.455611634,0.234246373,right_wrist_yaw,0.000000000,right_wrist_pitch,0.234246373,right_wrist_yaw,0.000000000,right_wrist_pitch,-0.479846,0.464869,0.856513,1.913128,0.000000000,0.000000000,0.000000000,0.000950786,0.000796964,0.007295884,21.784000,0.000000000,0.000000000,,0.000000,0.000000,0.000000,,0.004944600,0,1,0,10,gPO_sBM_cAll_d10_mPO0_ch01;gPO_sBM_cAll_d11_mPO0_ch01;gPO_sBM_cAll_d11_mPO0_ch02;gPO_sBM_cAll_d10_mPO0_ch02;gPO_sBM_cAll_d12_mPO3_ch02;gHO_sBM_cAll_d20_mHO5_ch10;gHO_sBM_cAll_d21_mHO5_ch10;gHO_sBM_cAll_d20_mHO5_ch06;gHO_sBM_cAll_d21_mHO5_ch09;gHO_sBM_cAll_d21_mHO5_ch03,,43.564500,549.950200,53.140800,3477.906400,accepted,0.959602,,0.926549,0.257696772,30.450445,0.092452,HO,0.855799,0.007820,0.002783,JB3:0.679348;JB5:0.671528;JB1:0.654506;LO4:0.629170;WA4:0.620392,gHO_sBM_cAll_d20_mHO5_ch10:0.663334;gHO_sBM_cAll_d21_mHO5_ch10:0.660551;gHO_sBM_cAll_d20_mHO5_ch06:0.660444;gHO_sBM_cAll_d21_mHO5_ch09:0.659370;gHO_sBM_cAll_d21_mHO5_ch03:0.653233;gHO_sBM_cAll_d21_mHO5_ch05:0.645431;gHO_sBM_cAll_d20_mHO5_ch05:0.642233;gHO_sBM_cAll_d21_mHO5_ch02:0.642012;gHO_sBM_cAll_d20_mHO5_ch04:0.641373;gHO_sBM_cAll_d21_mHO5_ch04:0.639315,Electronic---Techno:0.267445;Electronic---Electro:0.205428;Electronic---Deep Techno:0.114513;Electronic---Deep House:0.108966;Electronic---Synthwave:0.103740,PO:v1:k0:r1,,JB3,0.679348,gHO_sBM_cAll_d20_mHO5_ch10,0.663334,120.967742
21.848000,21.889040800,beat_limiter_result,hermite,terminal_hold,Candidates and replay infeasible: Boundary state exceeds joint limits,,,,0,0.0,1,gPO_sBM_cAll_d12_mPO3_ch02,,,20.440000,gHO_sBM_cAll_d20_mHO5_ch10;gHO_sBM_cAll_d21_mHO5_ch10;gHO_sBM_cAll_d20_mHO5_ch06;gHO_sBM_cAll_d21_mHO5_ch09;gHO_sBM_cAll_d21_mHO5_ch03,19.869282,113,,,,1.000000000,0.216061185,0.000000,motion_end,0.216061185,0.077234,0.128347,0.034431,0.000000,0.087300,0.000000,4.270833,0.350000,beat-sync,0.842880,1.074735,,0.455611634,0.234246373,right_wrist_yaw,0.000000000,right_wrist_pitch,0.234246373,right_wrist_yaw,0.000000000,right_wrist_pitch,-0.479846,0.464869,0.856513,1.913128,0.000000000,0.000000000,0.000000000,0.000950786,0.000796964,0.007295884,21.784000,0.000000000,0.000000000,,0.000000,0.000000,0.000000,,0.004931641,0,1,0,10,gPO_sBM_cAll_d10_mPO0_ch01;gPO_sBM_cAll_d11_mPO0_ch01;gPO_sBM_cAll_d11_mPO0_ch02;gPO_sBM_cAll_d10_mPO0_ch02;gPO_sBM_cAll_d12_mPO3_ch02;gHO_sBM_cAll_d20_mHO5_ch10;gHO_sBM_cAll_d21_mHO5_ch10;gHO_sBM_cAll_d20_mHO5_ch06;gHO_sBM_cAll_d21_mHO5_ch09;gHO_sBM_cAll_d21_mHO5_ch03,,43.564500,549.950200,53.140800,3477.906400,accepted,0.959602,,0.926549,0.257696772,30.450445,0.092452,HO,0.855799,0.007820,0.002783,JB3:0.679348;JB5:0.671528;JB1:0.654506;LO4:0.629170;WA4:0.620392,gHO_sBM_cAll_d20_mHO5_ch10:0.663334;gHO_sBM_cAll_d21_mHO5_ch10:0.660551;gHO_sBM_cAll_d20_mHO5_ch06:0.660444;gHO_sBM_cAll_d21_mHO5_ch09:0.659370;gHO_sBM_cAll_d21_mHO5_ch03:0.653233;gHO_sBM_cAll_d21_mHO5_ch05:0.645431;gHO_sBM_cAll_d20_mHO5_ch05:0.642233;gHO_sBM_cAll_d21_mHO5_ch02:0.642012;gHO_sBM_cAll_d20_mHO5_ch04:0.641373;gHO_sBM_cAll_d21_mHO5_ch04:0.639315,Electronic---Techno:0.267445;Electronic---Electro:0.205428;Electronic---Deep Techno:0.114513;Electronic---Deep House:0.108966;Electronic---Synthwave:0.103740,PO:v1:k0:r1,,JB3,0.679348,gHO_sBM_cAll_d20_mHO5_ch10,0.663334,120.967742
21.880000,21.903039700,,hermite,terminal_hold,Candidates and replay infeasible: Boundary state exceeds joint limits,,,,0,0.0,1,gPO_sBM_cAll_d12_mPO3_ch02,,,20.440000,gHO_sBM_cAll_d20_mHO5_ch10;gHO_sBM_cAll_d21_mHO5_ch10;gHO_sBM_cAll_d20_mHO5_ch06;gHO_sBM_cAll_d21_mHO5_ch09;gHO_sBM_cAll_d21_mHO5_ch03,19.869282,113,,,,1.000000000,0.216061185,0.000000,motion_end,0.216061185,0.077234,0.128347,0.034431,0.000000,0.087300,0.000000,4.270833,0.350000,beat-sync,0.842880,1.074735,,0.455611634,0.234246373,right_wrist_yaw,0.000000000,right_wrist_pitch,0.234246373,right_wrist_yaw,0.000000000,right_wrist_pitch,-0.479846,0.464869,0.856513,1.913128,0.000000000,0.000000000,0.000000000,0.000950786,0.000796964,0.007295884,21.784000,0.000000000,0.000000000,,0.000000,0.000000,0.000000,,0.004927951,0,1,0,10,gPO_sBM_cAll_d10_mPO0_ch01;gPO_sBM_cAll_d11_mPO0_ch01;gPO_sBM_cAll_d11_mPO0_ch02;gPO_sBM_cAll_d10_mPO0_ch02;gPO_sBM_cAll_d12_mPO3_ch02;gHO_sBM_cAll_d20_mHO5_ch10;gHO_sBM_cAll_d21_mHO5_ch10;gHO_sBM_cAll_d20_mHO5_ch06;gHO_sBM_cAll_d21_mHO5_ch09;gHO_sBM_cAll_d21_mHO5_ch03,,43.564500,549.950200,53.140800,3477.906400,accepted,0.959602,,0.926549,0.257696772,30.450445,0.092452,HO,0.855799,0.007820,0.002783,JB3:0.679348;JB5:0.671528;JB1:0.654506;LO4:0.629170;WA4:0.620392,gHO_sBM_cAll_d20_mHO5_ch10:0.663334;gHO_sBM_cAll_d21_mHO5_ch10:0.660551;gHO_sBM_cAll_d20_mHO5_ch06:0.660444;gHO_sBM_cAll_d21_mHO5_ch09:0.659370;gHO_sBM_cAll_d21_mHO5_ch03:0.653233;gHO_sBM_cAll_d21_mHO5_ch05:0.645431;gHO_sBM_cAll_d20_mHO5_ch05:0.642233;gHO_sBM_cAll_d21_mHO5_ch02:0.642012;gHO_sBM_cAll_d20_mHO5_ch04:0.641373;gHO_sBM_cAll_d21_mHO5_ch04:0.639315,Electronic---Techno:0.267445;Electronic---Electro:0.205428;Electronic---Deep Techno:0.114513;Electronic---Deep House:0.108966;Electronic---Synthwave:0.103740,PO:v1:k0:r1,,JB3,0.679348,gHO_sBM_cAll_d20_mHO5_ch10,0.663334,120.967742
21.912000,21.930666900,,hermite,terminal_hold,Candidates and replay infeasible: Boundary state exceeds joint limits,,,,0,0.0,1,gPO_sBM_cAll_d12_mPO3_ch02,,,20.440000,gHO_sBM_cAll_d20_mHO5_ch10;gHO_sBM_cAll_d21_mHO5_ch10;gHO_sBM_cAll_d20_mHO5_ch06;gHO_sBM_cAll_d21_mHO5_ch09;gHO_sBM_cAll_d21_mHO5_ch03,19.869282,113,,,,1.000000000,0.216061185,0.000000,motion_end,0.216061185,0.077234,0.128347,0.034431,0.000000,0.087300,0.000000,4.270833,0.350000,beat-sync,0.842880,1.074735,,0.455611634,0.234246373,right_wrist_yaw,0.000000000,right_wrist_pitch,0.234246373,right_wrist_yaw,0.000000000,right_wrist_pitch,-0.479846,0.464869,0.856513,1.913128,0.000000000,0.000000000,0.000000000,0.000950786,0.000796964,0.007295884,21.784000,0.000000000,0.000000000,,0.000000,0.000000,0.000000,,0.004922427,0,1,0,10,gPO_sBM_cAll_d10_mPO0_ch01;gPO_sBM_cAll_d11_mPO0_ch01;gPO_sBM_cAll_d11_mPO0_ch02;gPO_sBM_cAll_d10_mPO0_ch02;gPO_sBM_cAll_d12_mPO3_ch02;gHO_sBM_cAll_d20_mHO5_ch10;gHO_sBM_cAll_d21_mHO5_ch10;gHO_sBM_cAll_d20_mHO5_ch06;gHO_sBM_cAll_d21_mHO5_ch09;gHO_sBM_cAll_d21_mHO5_ch03,,43.564500,549.950200,53.140800,3477.906400,accepted,0.959602,,0.926549,0.257696772,30.450445,0.092452,HO,0.855799,0.007820,0.002783,JB3:0.679348;JB5:0.671528;JB1:0.654506;LO4:0.629170;WA4:0.620392,gHO_sBM_cAll_d20_mHO5_ch10:0.663334;gHO_sBM_cAll_d21_mHO5_ch10:0.660551;gHO_sBM_cAll_d20_mHO5_ch06:0.660444;gHO_sBM_cAll_d21_mHO5_ch09:0.659370;gHO_sBM_cAll_d21_mHO5_ch03:0.653233;gHO_sBM_cAll_d21_mHO5_ch05:0.645431;gHO_sBM_cAll_d20_mHO5_ch05:0.642233;gHO_sBM_cAll_d21_mHO5_ch02:0.642012;gHO_sBM_cAll_d20_mHO5_ch04:0.641373;gHO_sBM_cAll_d21_mHO5_ch04:0.639315,Electronic---Techno:0.267445;Electronic---Electro:0.205428;Electronic---Deep Techno:0.114513;Electronic---Deep House:0.108966;Electronic---Synthwave:0.103740,PO:v1:k0:r1,,JB3,0.679348,gHO_sBM_cAll_d20_mHO5_ch10,0.663334,120.967742
21.976000,21.994781400,,hermite,terminal_hold,Candidates and replay infeasible: Boundary state exceeds joint limits,,,,0,0.0,1,gPO_sBM_cAll_d12_mPO3_ch02,,,20.440000,gHO_sBM_cAll_d20_mHO5_ch10;gHO_sBM_cAll_d21_mHO5_ch10;gHO_sBM_cAll_d20_mHO5_ch06;gHO_sBM_cAll_d21_mHO5_ch09;gHO_sBM_cAll_d21_mHO5_ch03,19.869282,113,,,,1.000000000,0.216061185,0.000000,motion_end,0.216061185,0.077234,0.128347,0.034431,0.000000,0.087300,0.000000,4.270833,0.350000,beat-sync,0.842880,1.074735,,0.455611634,0.234246373,right_wrist_yaw,0.000000000,right_wrist_pitch,0.234246373,right_wrist_yaw,0.000000000,right_wrist_pitch,-0.479846,0.464869,0.856513,1.913128,0.000000000,0.000000000,0.000000000,0.000950786,0.000796964,0.007295884,21.784000,0.000000000,0.000000000,,0.000000,0.000000,0.000000,,0.004907755,0,1,0,10,gPO_sBM_cAll_d10_mPO0_ch01;gPO_sBM_cAll_d11_mPO0_ch01;gPO_sBM_cAll_d11_mPO0_ch02;gPO_sBM_cAll_d10_mPO0_ch02;gPO_sBM_cAll_d12_mPO3_ch02;gHO_sBM_cAll_d20_mHO5_ch10;gHO_sBM_cAll_d21_mHO5_ch10;gHO_sBM_cAll_d20_mHO5_ch06;gHO_sBM_cAll_d21_mHO5_ch09;gHO_sBM_cAll_d21_mHO5_ch03,,43.564500,549.950200,53.140800,3477.906400,accepted,0.959602,,0.926549,0.257696772,30.450445,0.092452,HO,0.855799,0.007820,0.002783,JB3:0.679348;JB5:0.671528;JB1:0.654506;LO4:0.629170;WA4:0.620392,gHO_sBM_cAll_d20_mHO5_ch10:0.663334;gHO_sBM_cAll_d21_mHO5_ch10:0.660551;gHO_sBM_cAll_d20_mHO5_ch06:0.660444;gHO_sBM_cAll_d21_mHO5_ch09:0.659370;gHO_sBM_cAll_d21_mHO5_ch03:0.653233;gHO_sBM_cAll_d21_mHO5_ch05:0.645431;gHO_sBM_cAll_d20_mHO5_ch05:0.642233;gHO_sBM_cAll_d21_mHO5_ch02:0.642012;gHO_sBM_cAll_d20_mHO5_ch04:0.641373;gHO_sBM_cAll_d21_mHO5_ch04:0.639315,Electronic---Techno:0.267445;Electronic---Electro:0.205428;Electronic---Deep Techno:0.114513;Electronic---Deep House:0.108966;Electronic---Synthwave:0.103740,PO:v1:k0:r1,,JB3,0.679348,gHO_sBM_cAll_d20_mHO5_ch10,0.663334,120.967742
22.008000,22.028115200,,hermite,terminal_hold,Candidates and replay infeasible: Boundary state exceeds joint limits,,,,0,0.0,1,gPO_sBM_cAll_d12_mPO3_ch02,,,20.440000,gHO_sBM_cAll_d20_mHO5_ch10;gHO_sBM_cAll_d21_mHO5_ch10;gHO_sBM_cAll_d20_mHO5_ch06;gHO_sBM_cAll_d21_mHO5_ch09;gHO_sBM_cAll_d21_mHO5_ch03,19.869282,113,,,,1.000000000,0.216061185,0.000000,motion_end,0.216061185,0.077234,0.128347,0.034431,0.000000,0.087300,0.000000,4.270833,0.350000,beat-sync,0.842880,1.074735,,0.455611634,0.234246373,right_wrist_yaw,0.000000000,right_wrist_pitch,0.234246373,right_wrist_yaw,0.000000000,right_wrist_pitch,-0.479846,0.464869,0.856513,1.913128,0.000000000,0.000000000,0.000000000,0.000950786,0.000796964,0.007295884,21.784000,0.000000000,0.000000000,,0.000000,0.000000,0.000000,,0.004900452,0,1,0,10,gPO_sBM_cAll_d10_mPO0_ch01;gPO_sBM_cAll_d11_mPO0_ch01;gPO_sBM_cAll_d11_mPO0_ch02;gPO_sBM_cAll_d10_mPO0_ch02;gPO_sBM_cAll_d12_mPO3_ch02;gHO_sBM_cAll_d20_mHO5_ch10;gHO_sBM_cAll_d21_mHO5_ch10;gHO_sBM_cAll_d20_mHO5_ch06;gHO_sBM_cAll_d21_mHO5_ch09;gHO_sBM_cAll_d21_mHO5_ch03,,43.564500,549.950200,53.140800,3477.906400,accepted,0.959602,,0.926549,0.257696772,30.450445,0.092452,HO,0.855799,0.007820,0.002783,JB3:0.679348;JB5:0.671528;JB1:0.654506;LO4:0.629170;WA4:0.620392,gHO_sBM_cAll_d20_mHO5_ch10:0.663334;gHO_sBM_cAll_d21_mHO5_ch10:0.660551;gHO_sBM_cAll_d20_mHO5_ch06:0.660444;gHO_sBM_cAll_d21_mHO5_ch09:0.659370;gHO_sBM_cAll_d21_mHO5_ch03:0.653233;gHO_sBM_cAll_d21_mHO5_ch05:0.645431;gHO_sBM_cAll_d20_mHO5_ch05:0.642233;gHO_sBM_cAll_d21_mHO5_ch02:0.642012;gHO_sBM_cAll_d20_mHO5_ch04:0.641373;gHO_sBM_cAll_d21_mHO5_ch04:0.639315,Electronic---Techno:0.267445;Electronic---Electro:0.205428;Electronic---Deep Techno:0.114513;Electronic---Deep House:0.108966;Electronic---Synthwave:0.103740,PO:v1:k0:r1,,JB3,0.679348,gHO_sBM_cAll_d20_mHO5_ch10,0.663334,120.967742
22.040000,22.068619000,match,hermite,terminal_hold,Candidates and replay infeasible: Boundary state exceeds joint limits,,,,0,0.0,1,gPO_sBM_cAll_d12_mPO3_ch02,,,21.464000,gHO_sBM_cAll_d20_mHO5_ch10;gHO_sBM_cAll_d21_mHO5_ch10;gHO_sBM_cAll_d20_mHO5_ch06;gHO_sBM_cAll_d21_mHO5_ch09;gHO_sBM_cAll_d21_mHO5_ch03,19.869282,113,,,,1.000000000,0.216061185,0.000000,motion_end,0.216061185,0.077234,0.128347,0.034431,0.000000,0.087300,0.000000,4.270833,0.350000,beat-sync,0.842880,1.074735,,0.455611634,0.234246373,right_wrist_yaw,0.000000000,right_wrist_pitch,0.234246373,right_wrist_yaw,0.000000000,right_wrist_pitch,-0.479846,0.464869,0.856513,1.913128,0.000000000,0.000000000,0.000000000,0.000950786,0.000796964,0.007295884,21.784000,0.000000000,0.000000000,,0.000000,0.000000,0.000000,,0.004891353,0,1,0,10,gPO_sBM_cAll_d10_mPO0_ch01;gPO_sBM_cAll_d11_mPO0_ch01;gPO_sBM_cAll_d11_mPO0_ch02;gPO_sBM_cAll_d10_mPO0_ch02;gPO_sBM_cAll_d12_mPO3_ch02;gHO_sBM_cAll_d20_mHO5_ch10;gHO_sBM_cAll_d21_mHO5_ch10;gHO_sBM_cAll_d20_mHO5_ch06;gHO_sBM_cAll_d21_mHO5_ch09;gHO_sBM_cAll_d21_mHO5_ch03,,43.564500,549.950200,53.140800,3477.906400,accepted,0.959906,,0.927102,0.258277422,30.191353,0.090629,HO,0.859024,0.007926,0.002764,JB3:0.677868;JB5:0.669942;JB1:0.652486;LO4:0.630921;WA4:0.621112,gHO_sBM_cAll_d20_mHO5_ch10:0.663405;gHO_sBM_cAll_d21_mHO5_ch10:0.660641;gHO_sBM_cAll_d20_mHO5_ch06:0.660523;gHO_sBM_cAll_d21_mHO5_ch09:0.659468;gHO_sBM_cAll_d21_mHO5_ch03:0.653367;gHO_sBM_cAll_d21_mHO5_ch05:0.645597;gHO_sBM_cAll_d20_mHO5_ch05:0.642366;gHO_sBM_cAll_d21_mHO5_ch02:0.642221;gHO_sBM_cAll_d20_mHO5_ch04:0.641543;gHO_sBM_cAll_d21_mHO5_ch04:0.639527,Electronic---Techno:0.264635;Electronic---Electro:0.206588;Electronic---Deep Techno:0.115323;Electronic---Deep House:0.110097;Electronic---Synthwave:0.102563,PO:v1:k0:r1,,JB3,0.677868,gHO_sBM_cAll_d20_mHO5_ch10,0.663405,120.967742
22.072000,22.084788400,,hermite,terminal_hold,Candidates and replay infeasible: Boundary state exceeds joint limits,,,,0,0.0,1,gPO_sBM_cAll_d12_mPO3_ch02,,,21.464000,gHO_sBM_cAll_d20_mHO5_ch10;gHO_sBM_cAll_d21_mHO5_ch10;gHO_sBM_cAll_d20_mHO5_ch06;gHO_sBM_cAll_d21_mHO5_ch09;gHO_sBM_cAll_d21_mHO5_ch03,19.869282,113,,,,1.000000000,0.216061185,0.000000,motion_end,0.216061185,0.077234,0.128347,0.034431,0.000000,0.087300,0.000000,4.270833,0.350000,beat-sync,0.842880,1.074735,,0.455611634,0.234246373,right_wrist_yaw,0.000000000,right_wrist_pitch,0.234246373,right_wrist_yaw,0.000000000,right_wrist_pitch,-0.479846,0.464869,0.856513,1.913128,0.000000000,0.000000000,0.000000000,0.000950786,0.000796964,0.007295884,21.784000,0.000000000,0.000000000,,0.000000,0.000000,0.000000,,0.004887723,0,1,0,10,gPO_sBM_cAll_d10_mPO0_ch01;gPO_sBM_cAll_d11_mPO0_ch01;gPO_sBM_cAll_d11_mPO0_ch02;gPO_sBM_cAll_d10_mPO0_ch02;gPO_sBM_cAll_d12_mPO3_ch02;gHO_sBM_cAll_d20_mHO5_ch10;gHO_sBM_cAll_d21_mHO5_ch10;gHO_sBM_cAll_d20_mHO5_ch06;gHO_sBM_cAll_d21_mHO5_ch09;gHO_sBM_cAll_d21_mHO5_ch03,,43.564500,549.950200,53.140800,3477.906400,accepted,0.959906,,0.927102,0.258277422,30.191353,0.090629,HO,0.859024,0.007926,0.002764,JB3:0.677868;JB5:0.669942;JB1:0.652486;LO4:0.630921;WA4:0.621112,gHO_sBM_cAll_d20_mHO5_ch10:0.663405;gHO_sBM_cAll_d21_mHO5_ch10:0.660641;gHO_sBM_cAll_d20_mHO5_ch06:0.660523;gHO_sBM_cAll_d21_mHO5_ch09:0.659468;gHO_sBM_cAll_d21_mHO5_ch03:0.653367;gHO_sBM_cAll_d21_mHO5_ch05:0.645597;gHO_sBM_cAll_d20_mHO5_ch05:0.642366;gHO_sBM_cAll_d21_mHO5_ch02:0.642221;gHO_sBM_cAll_d20_mHO5_ch04:0.641543;gHO_sBM_cAll_d21_mHO5_ch04:0.639527,Electronic---Techno:0.264635;Electronic---Electro:0.206588;Electronic---Deep Techno:0.115323;Electronic---Deep House:0.110097;Electronic---Synthwave:0.102563,PO:v1:k0:r1,,JB3,0.677868,gHO_sBM_cAll_d20_mHO5_ch10,0.663405,120.967742
22.104000,22.118876200,,hermite,terminal_hold,Candidates and replay infeasible: Boundary state exceeds joint limits,,,,0,0.0,1,gPO_sBM_cAll_d12_mPO3_ch02,,,21.464000,gHO_sBM_cAll_d20_mHO5_ch10;gHO_sBM_cAll_d21_mHO5_ch10;gHO_sBM_cAll_d20_mHO5_ch06;gHO_sBM_cAll_d21_mHO5_ch09;gHO_sBM_cAll_d21_mHO5_ch03,19.869282,113,,,,1.000000000,0.216061185,0.000000,motion_end,0.216061185,0.077234,0.128347,0.034431,0.000000,0.087300,0.000000,4.270833,0.350000,beat-sync,0.842880,1.074735,,0.455611634,0.234246373,right_wrist_yaw,0.000000000,right_wrist_pitch,0.234246373,right_wrist_yaw,0.000000000,right_wrist_pitch,-0.479846,0.464869,0.856513,1.913128,0.000000000,0.000000000,0.000000000,0.000950786,0.000796964,0.007295884,21.784000,0.000000000,0.000000000,,0.000000,0.000000,0.000000,,0.004880479,0,1,0,10,gPO_sBM_cAll_d10_mPO0_ch01;gPO_sBM_cAll_d11_mPO0_ch01;gPO_sBM_cAll_d11_mPO0_ch02;gPO_sBM_cAll_d10_mPO0_ch02;gPO_sBM_cAll_d12_mPO3_ch02;gHO_sBM_cAll_d20_mHO5_ch10;gHO_sBM_cAll_d21_mHO5_ch10;gHO_sBM_cAll_d20_mHO5_ch06;gHO_sBM_cAll_d21_mHO5_ch09;gHO_sBM_cAll_d21_mHO5_ch03,,43.564500,549.950200,53.140800,3477.906400,accepted,0.959906,,0.927102,0.258277422,30.191353,0.090629,HO,0.859024,0.007926,0.002764,JB3:0.677868;JB5:0.669942;JB1:0.652486;LO4:0.630921;WA4:0.621112,gHO_sBM_cAll_d20_mHO5_ch10:0.663405;gHO_sBM_cAll_d21_mHO5_ch10:0.660641;gHO_sBM_cAll_d20_mHO5_ch06:0.660523;gHO_sBM_cAll_d21_mHO5_ch09:0.659468;gHO_sBM_cAll_d21_mHO5_ch03:0.653367;gHO_sBM_cAll_d21_mHO5_ch05:0.645597;gHO_sBM_cAll_d20_mHO5_ch05:0.642366;gHO_sBM_cAll_d21_mHO5_ch02:0.642221;gHO_sBM_cAll_d20_mHO5_ch04:0.641543;gHO_sBM_cAll_d21_mHO5_ch04:0.639527,Electronic---Techno:0.264635;Electronic---Electro:0.206588;Electronic---Deep Techno:0.115323;Electronic---Deep House:0.110097;Electronic---Synthwave:0.102563,PO:v1:k0:r1,,JB3,0.677868,gHO_sBM_cAll_d20_mHO5_ch10,0.663405,120.967742
22.168000,22.177829700,,hermite,terminal_hold,Candidates and replay infeasible: Boundary state exceeds joint limits,,,,0,0.0,1,gPO_sBM_cAll_d12_mPO3_ch02,,,21.464000,gHO_sBM_cAll_d20_mHO5_ch10;gHO_sBM_cAll_d21_mHO5_ch10;gHO_sBM_cAll_d20_mHO5_ch06;gHO_sBM_cAll_d21_mHO5_ch09;gHO_sBM_cAll_d21_mHO5_ch03,19.869282,113,,,,1.000000000,0.216061185,0.000000,motion_end,0.216061185,0.077234,0.128347,0.034431,0.000000,0.087300,0.000000,4.270833,0.350000,beat-sync,0.842880,1.074735,,0.455611634,0.234246373,right_wrist_yaw,0.000000000,right_wrist_pitch,0.234246373,right_wrist_yaw,0.000000000,right_wrist_pitch,-0.479846,0.464869,0.856513,1.913128,0.000000000,0.000000000,0.000000000,0.000950786,0.000796964,0.007295884,21.784000,0.000000000,0.000000000,,0.000000,0.000000,0.000000,,0.004867854,0,1,0,10,gPO_sBM_cAll_d10_mPO0_ch01;gPO_sBM_cAll_d11_mPO0_ch01;gPO_sBM_cAll_d11_mPO0_ch02;gPO_sBM_cAll_d10_mPO0_ch02;gPO_sBM_cAll_d12_mPO3_ch02;gHO_sBM_cAll_d20_mHO5_ch10;gHO_sBM_cAll_d21_mHO5_ch10;gHO_sBM_cAll_d20_mHO5_ch06;gHO_sBM_cAll_d21_mHO5_ch09;gHO_sBM_cAll_d21_mHO5_ch03,,43.564500,549.950200,53.140800,3477.906400,accepted,0.959906,,0.927102,0.258277422,30.191353,0.090629,HO,0.859024,0.007926,0.002764,JB3:0.677868;JB5:0.669942;JB1:0.652486;LO4:0.630921;WA4:0.621112,gHO_sBM_cAll_d20_mHO5_ch10:0.663405;gHO_sBM_cAll_d21_mHO5_ch10:0.660641;gHO_sBM_cAll_d20_mHO5_ch06:0.660523;gHO_sBM_cAll_d21_mHO5_ch09:0.659468;gHO_sBM_cAll_d21_mHO5_ch03:0.653367;gHO_sBM_cAll_d21_mHO5_ch05:0.645597;gHO_sBM_cAll_d20_mHO5_ch05:0.642366;gHO_sBM_cAll_d21_mHO5_ch02:0.642221;gHO_sBM_cAll_d20_mHO5_ch04:0.641543;gHO_sBM_cAll_d21_mHO5_ch04:0.639527,Electronic---Techno:0.264635;Electronic---Electro:0.206588;Electronic---Deep Techno:0.115323;Electronic---Deep House:0.110097;Electronic---Synthwave:0.102563,PO:v1:k0:r1,,JB3,0.677868,gHO_sBM_cAll_d20_mHO5_ch10,0.663405,120.967742
22.200000,22.211415100,,hermite,terminal_hold,Candidates and replay infeasible: Boundary state exceeds joint limits,,,,0,0.0,1,gPO_sBM_cAll_d12_mPO3_ch02,,,21.464000,gHO_sBM_cAll_d20_mHO5_ch10;gHO_sBM_cAll_d21_mHO5_ch10;gHO_sBM_cAll_d20_mHO5_ch06;gHO_sBM_cAll_d21_mHO5_ch09;gHO_sBM_cAll_d21_mHO5_ch03,19.869282,113,,,,1.000000000,0.216061185,0.000000,motion_end,0.216061185,0.077234,0.128347,0.034431,0.000000,0.087300,0.000000,4.270833,0.350000,beat-sync,0.842880,1.074735,,0.455611634,0.234246373,right_wrist_yaw,0.000000000,right_wrist_pitch,0.234246373,right_wrist_yaw,0.000000000,right_wrist_pitch,-0.479846,0.464869,0.856513,1.913128,0.000000000,0.000000000,0.000000000,0.000950786,0.000796964,0.007295884,21.784000,0.000000000,0.000000000,,0.000000,0.000000,0.000000,,0.004860669,0,1,0,10,gPO_sBM_cAll_d10_mPO0_ch01;gPO_sBM_cAll_d11_mPO0_ch01;gPO_sBM_cAll_d11_mPO0_ch02;gPO_sBM_cAll_d10_mPO0_ch02;gPO_sBM_cAll_d12_mPO3_ch02;gHO_sBM_cAll_d20_mHO5_ch10;gHO_sBM_cAll_d21_mHO5_ch10;gHO_sBM_cAll_d20_mHO5_ch06;gHO_sBM_cAll_d21_mHO5_ch09;gHO_sBM_cAll_d21_mHO5_ch03,,43.564500,549.950200,53.140800,3477.906400,accepted,0.959906,,0.927102,0.258277422,30.191353,0.090629,HO,0.859024,0.007926,0.002764,JB3:0.677868;JB5:0.669942;JB1:0.652486;LO4:0.630921;WA4:0.621112,gHO_sBM_cAll_d20_mHO5_ch10:0.663405;gHO_sBM_cAll_d21_mHO5_ch10:0.660641;gHO_sBM_cAll_d20_mHO5_ch06:0.660523;gHO_sBM_cAll_d21_mHO5_ch09:0.659468;gHO_sBM_cAll_d21_mHO5_ch03:0.653367;gHO_sBM_cAll_d21_mHO5_ch05:0.645597;gHO_sBM_cAll_d20_mHO5_ch05:0.642366;gHO_sBM_cAll_d21_mHO5_ch02:0.642221;gHO_sBM_cAll_d20_mHO5_ch04:0.641543;gHO_sBM_cAll_d21_mHO5_ch04:0.639527,Electronic---Techno:0.264635;Electronic---Electro:0.206588;Electronic---Deep Techno:0.115323;Electronic---Deep House:0.110097;Electronic---Synthwave:0.102563,PO:v1:k0:r1,,JB3,0.677868,gHO_sBM_cAll_d20_mHO5_ch10,0.663405,120.967742
22.200000,22.219900200,,hermite,terminal_hold,Candidates and replay infeasible: Boundary state exceeds joint limits,,,,0,0.0,1,gPO_sBM_cAll_d12_mPO3_ch02,,,21.464000,gHO_sBM_cAll_d20_mHO5_ch10;gHO_sBM_cAll_d21_mHO5_ch10;gHO_sBM_cAll_d20_mHO5_ch06;gHO_sBM_cAll_d21_mHO5_ch09;gHO_sBM_cAll_d21_mHO5_ch03,19.869282,113,,,,1.000000000,0.216061185,0.000000,motion_end,0.216061185,0.077234,0.128347,0.034431,0.000000,0.087300,0.000000,4.270833,0.350000,beat-sync,0.842880,1.074735,,0.455611634,0.234246373,right_wrist_yaw,0.000000000,right_wrist_pitch,0.234246373,right_wrist_yaw,0.000000000,right_wrist_pitch,-0.479846,0.464869,0.856513,1.913128,0.000000000,0.000000000,0.000000000,0.000950786,0.000796964,0.007295884,21.784000,0.000000000,0.000000000,,0.000000,0.000000,0.000000,,0.004858876,0,1,0,10,gPO_sBM_cAll_d10_mPO0_ch01;gPO_sBM_cAll_d11_mPO0_ch01;gPO_sBM_cAll_d11_mPO0_ch02;gPO_sBM_cAll_d10_mPO0_ch02;gPO_sBM_cAll_d12_mPO3_ch02;gHO_sBM_cAll_d20_mHO5_ch10;gHO_sBM_cAll_d21_mHO5_ch10;gHO_sBM_cAll_d20_mHO5_ch06;gHO_sBM_cAll_d21_mHO5_ch09;gHO_sBM_cAll_d21_mHO5_ch03,,43.564500,549.950200,53.140800,3477.906400,accepted,0.959906,,0.927102,0.258277422,30.191353,0.090629,HO,0.859024,0.007926,0.002764,JB3:0.677868;JB5:0.669942;JB1:0.652486;LO4:0.630921;WA4:0.621112,gHO_sBM_cAll_d20_mHO5_ch10:0.663405;gHO_sBM_cAll_d21_mHO5_ch10:0.660641;gHO_sBM_cAll_d20_mHO5_ch06:0.660523;gHO_sBM_cAll_d21_mHO5_ch09:0.659468;gHO_sBM_cAll_d21_mHO5_ch03:0.653367;gHO_sBM_cAll_d21_mHO5_ch05:0.645597;gHO_sBM_cAll_d20_mHO5_ch05:0.642366;gHO_sBM_cAll_d21_mHO5_ch02:0.642221;gHO_sBM_cAll_d20_mHO5_ch04:0.641543;gHO_sBM_cAll_d21_mHO5_ch04:0.639527,Electronic---Techno:0.264635;Electronic---Electro:0.206588;Electronic---Deep Techno:0.115323;Electronic---Deep House:0.110097;Electronic---Synthwave:0.102563,PO:v1:k0:r1,,JB3,0.677868,gHO_sBM_cAll_d20_mHO5_ch10,0.663405,120.967742
22.200000,22.227720500,,hermite,terminal_hold,Candidates and replay infeasible: Boundary state exceeds joint limits,,,,0,0.0,1,gPO_sBM_cAll_d12_mPO3_ch02,,,21.464000,gHO_sBM_cAll_d20_mHO5_ch10;gHO_sBM_cAll_d21_mHO5_ch10;gHO_sBM_cAll_d20_mHO5_ch06;gHO_sBM_cAll_d21_mHO5_ch09;gHO_sBM_cAll_d21_mHO5_ch03,19.869282,113,,,,1.000000000,0.216061185,0.000000,motion_end,0.216061185,0.077234,0.128347,0.034431,0.000000,0.087300,0.000000,4.270833,0.350000,beat-sync,0.842880,1.074735,,0.455611634,0.234246373,right_wrist_yaw,0.000000000,right_wrist_pitch,0.234246373,right_wrist_yaw,0.000000000,right_wrist_pitch,-0.479846,0.464869,0.856513,1.913128,0.000000000,0.000000000,0.000000000,0.000950786,0.000796964,0.007295884,21.784000,0.000000000,0.000000000,,0.000000,0.000000,0.000000,,0.004857085,0,1,0,10,gPO_sBM_cAll_d10_mPO0_ch01;gPO_sBM_cAll_d11_mPO0_ch01;gPO_sBM_cAll_d11_mPO0_ch02;gPO_sBM_cAll_d10_mPO0_ch02;gPO_sBM_cAll_d12_mPO3_ch02;gHO_sBM_cAll_d20_mHO5_ch10;gHO_sBM_cAll_d21_mHO5_ch10;gHO_sBM_cAll_d20_mHO5_ch06;gHO_sBM_cAll_d21_mHO5_ch09;gHO_sBM_cAll_d21_mHO5_ch03,,43.564500,549.950200,53.140800,3477.906400,accepted,0.959906,,0.927102,0.258277422,30.191353,0.090629,HO,0.859024,0.007926,0.002764,JB3:0.677868;JB5:0.669942;JB1:0.652486;LO4:0.630921;WA4:0.621112,gHO_sBM_cAll_d20_mHO5_ch10:0.663405;gHO_sBM_cAll_d21_mHO5_ch10:0.660641;gHO_sBM_cAll_d20_mHO5_ch06:0.660523;gHO_sBM_cAll_d21_mHO5_ch09:0.659468;gHO_sBM_cAll_d21_mHO5_ch03:0.653367;gHO_sBM_cAll_d21_mHO5_ch05:0.645597;gHO_sBM_cAll_d20_mHO5_ch05:0.642366;gHO_sBM_cAll_d21_mHO5_ch02:0.642221;gHO_sBM_cAll_d20_mHO5_ch04:0.641543;gHO_sBM_cAll_d21_mHO5_ch04:0.639527,Electronic---Techno:0.264635;Electronic---Electro:0.206588;Electronic---Deep Techno:0.115323;Electronic---Deep House:0.110097;Electronic---Synthwave:0.102563,PO:v1:k0:r1,,JB3,0.677868,gHO_sBM_cAll_d20_mHO5_ch10,0.663405,120.967742
22.200000,22.236617500,,hermite,terminal_hold,Candidates and replay infeasible: Boundary state exceeds joint limits,,,,0,0.0,1,gPO_sBM_cAll_d12_mPO3_ch02,,,21.464000,gHO_sBM_cAll_d20_mHO5_ch10;gHO_sBM_cAll_d21_mHO5_ch10;gHO_sBM_cAll_d20_mHO5_ch06;gHO_sBM_cAll_d21_mHO5_ch09;gHO_sBM_cAll_d21_mHO5_ch03,19.869282,113,,,,1.000000000,0.216061185,0.000000,motion_end,0.216061185,0.077234,0.128347,0.034431,0.000000,0.087300,0.000000,4.270833,0.350000,beat-sync,0.842880,1.074735,,0.455611634,0.234246373,right_wrist_yaw,0.000000000,right_wrist_pitch,0.234246373,right_wrist_yaw,0.000000000,right_wrist_pitch,-0.479846,0.464869,0.856513,1.913128,0.000000000,0.000000000,0.000000000,0.000950786,0.000796964,0.007295884,21.784000,0.000000000,0.000000000,,0.000000,0.000000,0.000000,,0.004855294,0,1,0,10,gPO_sBM_cAll_d10_mPO0_ch01;gPO_sBM_cAll_d11_mPO0_ch01;gPO_sBM_cAll_d11_mPO0_ch02;gPO_sBM_cAll_d10_mPO0_ch02;gPO_sBM_cAll_d12_mPO3_ch02;gHO_sBM_cAll_d20_mHO5_ch10;gHO_sBM_cAll_d21_mHO5_ch10;gHO_sBM_cAll_d20_mHO5_ch06;gHO_sBM_cAll_d21_mHO5_ch09;gHO_sBM_cAll_d21_mHO5_ch03,,43.564500,549.950200,53.140800,3477.906400,accepted,0.959906,,0.927102,0.258277422,30.191353,0.090629,HO,0.859024,0.007926,0.002764,JB3:0.677868;JB5:0.669942;JB1:0.652486;LO4:0.630921;WA4:0.621112,gHO_sBM_cAll_d20_mHO5_ch10:0.663405;gHO_sBM_cAll_d21_mHO5_ch10:0.660641;gHO_sBM_cAll_d20_mHO5_ch06:0.660523;gHO_sBM_cAll_d21_mHO5_ch09:0.659468;gHO_sBM_cAll_d21_mHO5_ch03:0.653367;gHO_sBM_cAll_d21_mHO5_ch05:0.645597;gHO_sBM_cAll_d20_mHO5_ch05:0.642366;gHO_sBM_cAll_d21_mHO5_ch02:0.642221;gHO_sBM_cAll_d20_mHO5_ch04:0.641543;gHO_sBM_cAll_d21_mHO5_ch04:0.639527,Electronic---Techno:0.264635;Electronic---Electro:0.206588;Electronic---Deep Techno:0.115323;Electronic---Deep House:0.110097;Electronic---Synthwave:0.102563,PO:v1:k0:r1,,JB3,0.677868,gHO_sBM_cAll_d20_mHO5_ch10,0.663405,120.967742
22.232000,22.244054000,,hermite,terminal_hold,Candidates and replay infeasible: Boundary state exceeds joint limits,,,,0,0.0,1,gPO_sBM_cAll_d12_mPO3_ch02,,,21.464000,gHO_sBM_cAll_d20_mHO5_ch10;gHO_sBM_cAll_d21_mHO5_ch10;gHO_sBM_cAll_d20_mHO5_ch06;gHO_sBM_cAll_d21_mHO5_ch09;gHO_sBM_cAll_d21_mHO5_ch03,19.869282,113,,,,1.000000000,0.216061185,0.000000,motion_end,0.216061185,0.077234,0.128347,0.034431,0.000000,0.087300,0.000000,4.270833,0.350000,beat-sync,0.842880,1.074735,,0.455611634,0.234246373,right_wrist_yaw,0.000000000,right_wrist_pitch,0.234246373,right_wrist_yaw,0.000000000,right_wrist_pitch,-0.479846,0.464869,0.856513,1.913128,0.000000000,0.000000000,0.000000000,0.000950786,0.000796964,0.007295884,21.784000,0.000000000,0.000000000,,0.000000,0.000000,0.000000,,0.004853505,0,1,0,10,gPO_sBM_cAll_d10_mPO0_ch01;gPO_sBM_cAll_d11_mPO0_ch01;gPO_sBM_cAll_d11_mPO0_ch02;gPO_sBM_cAll_d10_mPO0_ch02;gPO_sBM_cAll_d12_mPO3_ch02;gHO_sBM_cAll_d20_mHO5_ch10;gHO_sBM_cAll_d21_mHO5_ch10;gHO_sBM_cAll_d20_mHO5_ch06;gHO_sBM_cAll_d21_mHO5_ch09;gHO_sBM_cAll_d21_mHO5_ch03,,43.564500,549.950200,53.140800,3477.906400,accepted,0.959906,,0.927102,0.258277422,30.191353,0.090629,HO,0.859024,0.007926,0.002764,JB3:0.677868;JB5:0.669942;JB1:0.652486;LO4:0.630921;WA4:0.621112,gHO_sBM_cAll_d20_mHO5_ch10:0.663405;gHO_sBM_cAll_d21_mHO5_ch10:0.660641;gHO_sBM_cAll_d20_mHO5_ch06:0.660523;gHO_sBM_cAll_d21_mHO5_ch09:0.659468;gHO_sBM_cAll_d21_mHO5_ch03:0.653367;gHO_sBM_cAll_d21_mHO5_ch05:0.645597;gHO_sBM_cAll_d20_mHO5_ch05:0.642366;gHO_sBM_cAll_d21_mHO5_ch02:0.642221;gHO_sBM_cAll_d20_mHO5_ch04:0.641543;gHO_sBM_cAll_d21_mHO5_ch04:0.639527,Electronic---Techno:0.264635;Electronic---Electro:0.206588;Electronic---Deep Techno:0.115323;Electronic---Deep House:0.110097;Electronic---Synthwave:0.102563,PO:v1:k0:r1,,JB3,0.677868,gHO_sBM_cAll_d20_mHO5_ch10,0.663405,120.967742
22.264000,22.269095300,,hermite,terminal_hold,Candidates and replay infeasible: Boundary state exceeds joint limits,,,,0,0.0,1,gPO_sBM_cAll_d12_mPO3_ch02,,,21.464000,gHO_sBM_cAll_d20_mHO5_ch10;gHO_sBM_cAll_d21_mHO5_ch10;gHO_sBM_cAll_d20_mHO5_ch06;gHO_sBM_cAll_d21_mHO5_ch09;gHO_sBM_cAll_d21_mHO5_ch03,19.869282,113,,,,1.000000000,0.216061185,0.000000,motion_end,0.216061185,0.077234,0.128347,0.034431,0.000000,0.087300,0.000000,4.270833,0.350000,beat-sync,0.842880,1.074735,,0.455611634,0.234246373,right_wrist_yaw,0.000000000,right_wrist_pitch,0.234246373,right_wrist_yaw,0.000000000,right_wrist_pitch,-0.479846,0.464869,0.856513,1.913128,0.000000000,0.000000000,0.000000000,0.000950786,0.000796964,0.007295884,21.784000,0.000000000,0.000000000,,0.000000,0.000000,0.000000,,0.004848146,0,1,0,10,gPO_sBM_cAll_d10_mPO0_ch01;gPO_sBM_cAll_d11_mPO0_ch01;gPO_sBM_cAll_d11_mPO0_ch02;gPO_sBM_cAll_d10_mPO0_ch02;gPO_sBM_cAll_d12_mPO3_ch02;gHO_sBM_cAll_d20_mHO5_ch10;gHO_sBM_cAll_d21_mHO5_ch10;gHO_sBM_cAll_d20_mHO5_ch06;gHO_sBM_cAll_d21_mHO5_ch09;gHO_sBM_cAll_d21_mHO5_ch03,,43.564500,549.950200,53.140800,3477.906400,accepted,0.959906,,0.927102,0.258277422,30.191353,0.090629,HO,0.859024,0.007926,0.002764,JB3:0.677868;JB5:0.669942;JB1:0.652486;LO4:0.630921;WA4:0.621112,gHO_sBM_cAll_d20_mHO5_ch10:0.663405;gHO_sBM_cAll_d21_mHO5_ch10:0.660641;gHO_sBM_cAll_d20_mHO5_ch06:0.660523;gHO_sBM_cAll_d21_mHO5_ch09:0.659468;gHO_sBM_cAll_d21_mHO5_ch03:0.653367;gHO_sBM_cAll_d21_mHO5_ch05:0.645597;gHO_sBM_cAll_d20_mHO5_ch05:0.642366;gHO_sBM_cAll_d21_mHO5_ch02:0.642221;gHO_sBM_cAll_d20_mHO5_ch04:0.641543;gHO_sBM_cAll_d21_mHO5_ch04:0.639527,Electronic---Techno:0.264635;Electronic---Electro:0.206588;Electronic---Deep Techno:0.115323;Electronic---Deep House:0.110097;Electronic---Synthwave:0.102563,PO:v1:k0:r1,,JB3,0.677868,gHO_sBM_cAll_d20_mHO5_ch10,0.663405,120.967742
22.328000,22.335676100,,hermite,terminal_hold,Candidates and replay infeasible: Boundary state exceeds joint limits,,,,0,0.0,1,gPO_sBM_cAll_d12_mPO3_ch02,,,21.464000,gHO_sBM_cAll_d20_mHO5_ch10;gHO_sBM_cAll_d21_mHO5_ch10;gHO_sBM_cAll_d20_mHO5_ch06;gHO_sBM_cAll_d21_mHO5_ch09;gHO_sBM_cAll_d21_mHO5_ch03,19.869282,113,,,,1.000000000,0.216061185,0.000000,motion_end,0.216061185,0.077234,0.128347,0.034431,0.000000,0.087300,0.000000,4.270833,0.350000,beat-sync,0.842880,1.142473,,-0.302153205,0.234246373,right_wrist_yaw,0.000000000,right_wrist_pitch,0.234246373,right_wrist_yaw,0.000000000,right_wrist_pitch,-0.479846,0.464869,0.856513,1.913128,0.000000000,0.000000000,0.000000000,0.000950786,0.000796964,0.007295884,22.264000,0.000000000,0.000000000,,0.000000,0.000000,0.000000,,0.004833913,0,1,0,10,gPO_sBM_cAll_d10_mPO0_ch01;gPO_sBM_cAll_d11_mPO0_ch01;gPO_sBM_cAll_d11_mPO0_ch02;gPO_sBM_cAll_d10_mPO0_ch02;gPO_sBM_cAll_d12_mPO3_ch02;gHO_sBM_cAll_d20_mHO5_ch10;gHO_sBM_cAll_d21_mHO5_ch10;gHO_sBM_cAll_d20_mHO5_ch06;gHO_sBM_cAll_d21_mHO5_ch09;gHO_sBM_cAll_d21_mHO5_ch03,,43.564500,549.950200,53.140800,3477.906400,accepted,0.959906,,0.927102,0.258277422,30.191353,0.090629,HO,0.859024,0.007926,0.002764,JB3:0.677868;JB5:0.669942;JB1:0.652486;LO4:0.630921;WA4:0.621112,gHO_sBM_cAll_d20_mHO5_ch10:0.663405;gHO_sBM_cAll_d21_mHO5_ch10:0.660641;gHO_sBM_cAll_d20_mHO5_ch06:0.660523;gHO_sBM_cAll_d21_mHO5_ch09:0.659468;gHO_sBM_cAll_d21_mHO5_ch03:0.653367;gHO_sBM_cAll_d21_mHO5_ch05:0.645597;gHO_sBM_cAll_d20_mHO5_ch05:0.642366;gHO_sBM_cAll_d21_mHO5_ch02:0.642221;gHO_sBM_cAll_d20_mHO5_ch04:0.641543;gHO_sBM_cAll_d21_mHO5_ch04:0.639527,Electronic---Techno:0.264635;Electronic---Electro:0.206588;Electronic---Deep Techno:0.115323;Electronic---Deep House:0.110097;Electronic---Synthwave:0.102563,PO:v1:k0:r1,,JB3,0.677868,gHO_sBM_cAll_d20_mHO5_ch10,0.663405,120.967742
22.328000,22.352248600,beat_limiter_result,hermite,terminal_hold,Candidates and replay infeasible: Boundary state exceeds joint limits,,,,0,0.0,1,gPO_sBM_cAll_d12_mPO3_ch02,,,21.464000,gHO_sBM_cAll_d20_mHO5_ch10;gHO_sBM_cAll_d21_mHO5_ch10;gHO_sBM_cAll_d20_mHO5_ch06;gHO_sBM_cAll_d21_mHO5_ch09;gHO_sBM_cAll_d21_mHO5_ch03,19.869282,113,,,,1.000000000,0.216061185,0.000000,motion_end,0.216061185,0.077234,0.128347,0.034431,0.000000,0.087300,0.000000,4.270833,0.350000,beat-sync,0.842880,1.142473,,-0.302153205,0.234246373,right_wrist_yaw,0.000000000,right_wrist_pitch,0.234246373,right_wrist_yaw,0.000000000,right_wrist_pitch,-0.479846,0.464869,0.856513,1.913128,0.000000000,0.000000000,0.000000000,0.000950786,0.000796964,0.007295884,22.264000,0.000000000,0.000000000,,0.000000,0.000000,0.000000,,0.004830368,0,1,0,10,gPO_sBM_cAll_d10_mPO0_ch01;gPO_sBM_cAll_d11_mPO0_ch01;gPO_sBM_cAll_d11_mPO0_ch02;gPO_sBM_cAll_d10_mPO0_ch02;gPO_sBM_cAll_d12_mPO3_ch02;gHO_sBM_cAll_d20_mHO5_ch10;gHO_sBM_cAll_d21_mHO5_ch10;gHO_sBM_cAll_d20_mHO5_ch06;gHO_sBM_cAll_d21_mHO5_ch09;gHO_sBM_cAll_d21_mHO5_ch03,,43.564500,549.950200,53.140800,3477.906400,accepted,0.959906,,0.927102,0.258277422,30.191353,0.090629,HO,0.859024,0.007926,0.002764,JB3:0.677868;JB5:0.669942;JB1:0.652486;LO4:0.630921;WA4:0.621112,gHO_sBM_cAll_d20_mHO5_ch10:0.663405;gHO_sBM_cAll_d21_mHO5_ch10:0.660641;gHO_sBM_cAll_d20_mHO5_ch06:0.660523;gHO_sBM_cAll_d21_mHO5_ch09:0.659468;gHO_sBM_cAll_d21_mHO5_ch03:0.653367;gHO_sBM_cAll_d21_mHO5_ch05:0.645597;gHO_sBM_cAll_d20_mHO5_ch05:0.642366;gHO_sBM_cAll_d21_mHO5_ch02:0.642221;gHO_sBM_cAll_d20_mHO5_ch04:0.641543;gHO_sBM_cAll_d21_mHO5_ch04:0.639527,Electronic---Techno:0.264635;Electronic---Electro:0.206588;Electronic---Deep Techno:0.115323;Electronic---Deep House:0.110097;Electronic---Synthwave:0.102563,PO:v1:k0:r1,,JB3,0.677868,gHO_sBM_cAll_d20_mHO5_ch10,0.663405,120.967742
22.360000,22.384568600,,hermite,terminal_hold,Candidates and replay infeasible: Boundary state exceeds joint limits,,,,0,0.0,1,gPO_sBM_cAll_d12_mPO3_ch02,,,21.464000,gHO_sBM_cAll_d20_mHO5_ch10;gHO_sBM_cAll_d21_mHO5_ch10;gHO_sBM_cAll_d20_mHO5_ch06;gHO_sBM_cAll_d21_mHO5_ch09;gHO_sBM_cAll_d21_mHO5_ch03,19.869282,113,,,,1.000000000,0.216061185,0.000000,motion_end,0.216061185,0.077234,0.128347,0.034431,0.000000,0.087300,0.000000,4.270833,0.350000,beat-sync,0.842880,1.142473,,-0.302153205,0.234246373,right_wrist_yaw,0.000000000,right_wrist_pitch,0.234246373,right_wrist_yaw,0.000000000,right_wrist_pitch,-0.479846,0.464869,0.856513,1.913128,0.000000000,0.000000000,0.000000000,0.000950786,0.000796964,0.007295884,22.264000,0.000000000,0.000000000,,0.000000,0.000000,0.000000,,0.004823293,0,1,0,10,gPO_sBM_cAll_d10_mPO0_ch01;gPO_sBM_cAll_d11_mPO0_ch01;gPO_sBM_cAll_d11_mPO0_ch02;gPO_sBM_cAll_d10_mPO0_ch02;gPO_sBM_cAll_d12_mPO3_ch02;gHO_sBM_cAll_d20_mHO5_ch10;gHO_sBM_cAll_d21_mHO5_ch10;gHO_sBM_cAll_d20_mHO5_ch06;gHO_sBM_cAll_d21_mHO5_ch09;gHO_sBM_cAll_d21_mHO5_ch03,,43.564500,549.950200,53.140800,3477.906400,accepted,0.959906,,0.927102,0.258277422,30.191353,0.090629,HO,0.859024,0.007926,0.002764,JB3:0.677868;JB5:0.669942;JB1:0.652486;LO4:0.630921;WA4:0.621112,gHO_sBM_cAll_d20_mHO5_ch10:0.663405;gHO_sBM_cAll_d21_mHO5_ch10:0.660641;gHO_sBM_cAll_d20_mHO5_ch06:0.660523;gHO_sBM_cAll_d21_mHO5_ch09:0.659468;gHO_sBM_cAll_d21_mHO5_ch03:0.653367;gHO_sBM_cAll_d21_mHO5_ch05:0.645597;gHO_sBM_cAll_d20_mHO5_ch05:0.642366;gHO_sBM_cAll_d21_mHO5_ch02:0.642221;gHO_sBM_cAll_d20_mHO5_ch04:0.641543;gHO_sBM_cAll_d21_mHO5_ch04:0.639527,Electronic---Techno:0.264635;Electronic---Electro:0.206588;Electronic---Deep Techno:0.115323;Electronic---Deep House:0.110097;Electronic---Synthwave:0.102563,PO:v1:k0:r1,,JB3,0.677868,gHO_sBM_cAll_d20_mHO5_ch10,0.663405,120.967742
22.424000,22.443981900,,hermite,terminal_hold,Candidates and replay infeasible: Boundary state exceeds joint limits,,,,0,0.0,1,gPO_sBM_cAll_d12_mPO3_ch02,,,21.464000,gHO_sBM_cAll_d20_mHO5_ch10;gHO_sBM_cAll_d21_mHO5_ch10;gHO_sBM_cAll_d20_mHO5_ch06;gHO_sBM_cAll_d21_mHO5_ch09;gHO_sBM_cAll_d21_mHO5_ch03,19.869282,113,,,,1.000000000,0.216061185,0.000000,motion_end,0.216061185,0.077234,0.128347,0.034431,0.000000,0.087300,0.000000,4.270833,0.350000,beat-sync,0.842880,1.142473,,-0.302153205,0.234246373,right_wrist_yaw,0.000000000,right_wrist_pitch,0.234246373,right_wrist_yaw,0.000000000,right_wrist_pitch,-0.479846,0.464869,0.856513,1.913128,0.000000000,0.000000000,0.000000000,0.000950786,0.000796964,0.007295884,22.264000,0.000000000,0.000000000,,0.000000,0.000000,0.000000,,0.004810962,0,1,0,10,gPO_sBM_cAll_d10_mPO0_ch01;gPO_sBM_cAll_d11_mPO0_ch01;gPO_sBM_cAll_d11_mPO0_ch02;gPO_sBM_cAll_d10_mPO0_ch02;gPO_sBM_cAll_d12_mPO3_ch02;gHO_sBM_cAll_d20_mHO5_ch10;gHO_sBM_cAll_d21_mHO5_ch10;gHO_sBM_cAll_d20_mHO5_ch06;gHO_sBM_cAll_d21_mHO5_ch09;gHO_sBM_cAll_d21_mHO5_ch03,,43.564500,549.950200,53.140800,3477.906400,accepted,0.959906,,0.927102,0.258277422,30.191353,0.090629,HO,0.859024,0.007926,0.002764,JB3:0.677868;JB5:0.669942;JB1:0.652486;LO4:0.630921;WA4:0.621112,gHO_sBM_cAll_d20_mHO5_ch10:0.663405;gHO_sBM_cAll_d21_mHO5_ch10:0.660641;gHO_sBM_cAll_d20_mHO5_ch06:0.660523;gHO_sBM_cAll_d21_mHO5_ch09:0.659468;gHO_sBM_cAll_d21_mHO5_ch03:0.653367;gHO_sBM_cAll_d21_mHO5_ch05:0.645597;gHO_sBM_cAll_d20_mHO5_ch05:0.642366;gHO_sBM_cAll_d21_mHO5_ch02:0.642221;gHO_sBM_cAll_d20_mHO5_ch04:0.641543;gHO_sBM_cAll_d21_mHO5_ch04:0.639527,Electronic---Techno:0.264635;Electronic---Electro:0.206588;Electronic---Deep Techno:0.115323;Electronic---Deep House:0.110097;Electronic---Synthwave:0.102563,PO:v1:k0:r1,,JB3,0.677868,gHO_sBM_cAll_d20_mHO5_ch10,0.663405,120.967742
22.456000,22.470962500,,hermite,terminal_hold,Candidates and replay infeasible: Boundary state exceeds joint limits,,,,0,0.0,1,gPO_sBM_cAll_d12_mPO3_ch02,,,21.464000,gHO_sBM_cAll_d20_mHO5_ch10;gHO_sBM_cAll_d21_mHO5_ch10;gHO_sBM_cAll_d20_mHO5_ch06;gHO_sBM_cAll_d21_mHO5_ch09;gHO_sBM_cAll_d21_mHO5_ch03,19.869282,113,,,,1.000000000,0.216061185,0.000000,motion_end,0.216061185,0.077234,0.128347,0.034431,0.000000,0.087300,0.000000,4.270833,0.350000,beat-sync,0.842880,1.142473,,-0.302153205,0.234246373,right_wrist_yaw,0.000000000,right_wrist_pitch,0.234246373,right_wrist_yaw,0.000000000,right_wrist_pitch,-0.479846,0.464869,0.856513,1.913128,0.000000000,0.000000000,0.000000000,0.000950786,0.000796964,0.007295884,22.264000,0.000000000,0.000000000,,0.000000,0.000000,0.000000,,0.004805696,0,1,0,10,gPO_sBM_cAll_d10_mPO0_ch01;gPO_sBM_cAll_d11_mPO0_ch01;gPO_sBM_cAll_d11_mPO0_ch02;gPO_sBM_cAll_d10_mPO0_ch02;gPO_sBM_cAll_d12_mPO3_ch02;gHO_sBM_cAll_d20_mHO5_ch10;gHO_sBM_cAll_d21_mHO5_ch10;gHO_sBM_cAll_d20_mHO5_ch06;gHO_sBM_cAll_d21_mHO5_ch09;gHO_sBM_cAll_d21_mHO5_ch03,,43.564500,549.950200,53.140800,3477.906400,accepted,0.959906,,0.927102,0.258277422,30.191353,0.090629,HO,0.859024,0.007926,0.002764,JB3:0.677868;JB5:0.669942;JB1:0.652486;LO4:0.630921;WA4:0.621112,gHO_sBM_cAll_d20_mHO5_ch10:0.663405;gHO_sBM_cAll_d21_mHO5_ch10:0.660641;gHO_sBM_cAll_d20_mHO5_ch06:0.660523;gHO_sBM_cAll_d21_mHO5_ch09:0.659468;gHO_sBM_cAll_d21_mHO5_ch03:0.653367;gHO_sBM_cAll_d21_mHO5_ch05:0.645597;gHO_sBM_cAll_d20_mHO5_ch05:0.642366;gHO_sBM_cAll_d21_mHO5_ch02:0.642221;gHO_sBM_cAll_d20_mHO5_ch04:0.641543;gHO_sBM_cAll_d21_mHO5_ch04:0.639527,Electronic---Techno:0.264635;Electronic---Electro:0.206588;Electronic---Deep Techno:0.115323;Electronic---Deep House:0.110097;Electronic---Synthwave:0.102563,PO:v1:k0:r1,,JB3,0.677868,gHO_sBM_cAll_d20_mHO5_ch10,0.663405,120.967742
22.520000,22.536883900,,hermite,terminal_hold,Candidates and replay infeasible: Boundary state exceeds joint limits,,,,0,0.0,1,gPO_sBM_cAll_d12_mPO3_ch02,,,21.464000,gHO_sBM_cAll_d20_mHO5_ch10;gHO_sBM_cAll_d21_mHO5_ch10;gHO_sBM_cAll_d20_mHO5_ch06;gHO_sBM_cAll_d21_mHO5_ch09;gHO_sBM_cAll_d21_mHO5_ch03,19.869282,113,,,,1.000000000,0.216061185,0.000000,motion_end,0.216061185,0.077234,0.128347,0.034431,0.000000,0.087300,0.000000,4.270833,0.350000,beat-sync,0.842880,1.142473,,-0.302153205,0.234246373,right_wrist_yaw,0.000000000,right_wrist_pitch,0.234246373,right_wrist_yaw,0.000000000,right_wrist_pitch,-0.479846,0.464869,0.856513,1.913128,0.000000000,0.000000000,0.000000000,0.000950786,0.000796964,0.007295884,22.264000,0.000000000,0.000000000,,0.000000,0.000000,0.000000,,0.004791711,0,1,0,10,gPO_sBM_cAll_d10_mPO0_ch01;gPO_sBM_cAll_d11_mPO0_ch01;gPO_sBM_cAll_d11_mPO0_ch02;gPO_sBM_cAll_d10_mPO0_ch02;gPO_sBM_cAll_d12_mPO3_ch02;gHO_sBM_cAll_d20_mHO5_ch10;gHO_sBM_cAll_d21_mHO5_ch10;gHO_sBM_cAll_d20_mHO5_ch06;gHO_sBM_cAll_d21_mHO5_ch09;gHO_sBM_cAll_d21_mHO5_ch03,,43.564500,549.950200,53.140800,3477.906400,accepted,0.959906,,0.927102,0.258277422,30.191353,0.090629,HO,0.859024,0.007926,0.002764,JB3:0.677868;JB5:0.669942;JB1:0.652486;LO4:0.630921;WA4:0.621112,gHO_sBM_cAll_d20_mHO5_ch10:0.663405;gHO_sBM_cAll_d21_mHO5_ch10:0.660641;gHO_sBM_cAll_d20_mHO5_ch06:0.660523;gHO_sBM_cAll_d21_mHO5_ch09:0.659468;gHO_sBM_cAll_d21_mHO5_ch03:0.653367;gHO_sBM_cAll_d21_mHO5_ch05:0.645597;gHO_sBM_cAll_d20_mHO5_ch05:0.642366;gHO_sBM_cAll_d21_mHO5_ch02:0.642221;gHO_sBM_cAll_d20_mHO5_ch04:0.641543;gHO_sBM_cAll_d21_mHO5_ch04:0.639527,Electronic---Techno:0.264635;Electronic---Electro:0.206588;Electronic---Deep Techno:0.115323;Electronic---Deep House:0.110097;Electronic---Synthwave:0.102563,PO:v1:k0:r1,,JB3,0.677868,gHO_sBM_cAll_d20_mHO5_ch10,0.663405,120.967742
22.552000,22.569302300,,hermite,terminal_hold,Candidates and replay infeasible: Boundary state exceeds joint limits,,,,0,0.0,1,gPO_sBM_cAll_d12_mPO3_ch02,,,21.464000,gHO_sBM_cAll_d20_mHO5_ch10;gHO_sBM_cAll_d21_mHO5_ch10;gHO_sBM_cAll_d20_mHO5_ch06;gHO_sBM_cAll_d21_mHO5_ch09;gHO_sBM_cAll_d21_mHO5_ch03,19.869282,113,,,,1.000000000,0.216061185,0.000000,motion_end,0.216061185,0.077234,0.128347,0.034431,0.000000,0.087300,0.000000,4.270833,0.350000,beat-sync,0.842880,1.142473,,-0.302153205,0.234246373,right_wrist_yaw,0.000000000,right_wrist_pitch,0.234246373,right_wrist_yaw,0.000000000,right_wrist_pitch,-0.479846,0.464869,0.856513,1.913128,0.000000000,0.000000000,0.000000000,0.000950786,0.000796964,0.007295884,22.264000,0.000000000,0.000000000,,0.000000,0.000000,0.000000,,0.004784749,0,1,0,10,gPO_sBM_cAll_d10_mPO0_ch01;gPO_sBM_cAll_d11_mPO0_ch01;gPO_sBM_cAll_d11_mPO0_ch02;gPO_sBM_cAll_d10_mPO0_ch02;gPO_sBM_cAll_d12_mPO3_ch02;gHO_sBM_cAll_d20_mHO5_ch10;gHO_sBM_cAll_d21_mHO5_ch10;gHO_sBM_cAll_d20_mHO5_ch06;gHO_sBM_cAll_d21_mHO5_ch09;gHO_sBM_cAll_d21_mHO5_ch03,,43.564500,549.950200,53.140800,3477.906400,accepted,0.959906,,0.927102,0.258277422,30.191353,0.090629,HO,0.859024,0.007926,0.002764,JB3:0.677868;JB5:0.669942;JB1:0.652486;LO4:0.630921;WA4:0.621112,gHO_sBM_cAll_d20_mHO5_ch10:0.663405;gHO_sBM_cAll_d21_mHO5_ch10:0.660641;gHO_sBM_cAll_d20_mHO5_ch06:0.660523;gHO_sBM_cAll_d21_mHO5_ch09:0.659468;gHO_sBM_cAll_d21_mHO5_ch03:0.653367;gHO_sBM_cAll_d21_mHO5_ch05:0.645597;gHO_sBM_cAll_d20_mHO5_ch05:0.642366;gHO_sBM_cAll_d21_mHO5_ch02:0.642221;gHO_sBM_cAll_d20_mHO5_ch04:0.641543;gHO_sBM_cAll_d21_mHO5_ch04:0.639527,Electronic---Techno:0.264635;Electronic---Electro:0.206588;Electronic---Deep Techno:0.115323;Electronic---Deep House:0.110097;Electronic---Synthwave:0.102563,PO:v1:k0:r1,,JB3,0.677868,gHO_sBM_cAll_d20_mHO5_ch10,0.663405,120.967742
22.616000,22.627895000,,hermite,terminal_hold,Candidates and replay infeasible: Boundary state exceeds joint limits,,,,0,0.0,1,gPO_sBM_cAll_d12_mPO3_ch02,,,21.464000,gHO_sBM_cAll_d20_mHO5_ch10;gHO_sBM_cAll_d21_mHO5_ch10;gHO_sBM_cAll_d20_mHO5_ch06;gHO_sBM_cAll_d21_mHO5_ch09;gHO_sBM_cAll_d21_mHO5_ch03,19.869282,113,,,,1.000000000,0.216061185,0.000000,motion_end,0.216061185,0.077234,0.128347,0.034431,0.000000,0.087300,0.000000,4.270833,0.350000,beat-sync,0.842880,1.142473,,-0.302153205,0.234246373,right_wrist_yaw,0.000000000,right_wrist_pitch,0.234246373,right_wrist_yaw,0.000000000,right_wrist_pitch,-0.479846,0.464869,0.856513,1.913128,0.000000000,0.000000000,0.000000000,0.000950786,0.000796964,0.007295884,22.264000,0.000000000,0.000000000,,0.000000,0.000000,0.000000,,0.004772614,0,1,0,10,gPO_sBM_cAll_d10_mPO0_ch01;gPO_sBM_cAll_d11_mPO0_ch01;gPO_sBM_cAll_d11_mPO0_ch02;gPO_sBM_cAll_d10_mPO0_ch02;gPO_sBM_cAll_d12_mPO3_ch02;gHO_sBM_cAll_d20_mHO5_ch10;gHO_sBM_cAll_d21_mHO5_ch10;gHO_sBM_cAll_d20_mHO5_ch06;gHO_sBM_cAll_d21_mHO5_ch09;gHO_sBM_cAll_d21_mHO5_ch03,,43.564500,549.950200,53.140800,3477.906400,accepted,0.959906,,0.927102,0.258277422,30.191353,0.090629,HO,0.859024,0.007926,0.002764,JB3:0.677868;JB5:0.669942;JB1:0.652486;LO4:0.630921;WA4:0.621112,gHO_sBM_cAll_d20_mHO5_ch10:0.663405;gHO_sBM_cAll_d21_mHO5_ch10:0.660641;gHO_sBM_cAll_d20_mHO5_ch06:0.660523;gHO_sBM_cAll_d21_mHO5_ch09:0.659468;gHO_sBM_cAll_d21_mHO5_ch03:0.653367;gHO_sBM_cAll_d21_mHO5_ch05:0.645597;gHO_sBM_cAll_d20_mHO5_ch05:0.642366;gHO_sBM_cAll_d21_mHO5_ch02:0.642221;gHO_sBM_cAll_d20_mHO5_ch04:0.641543;gHO_sBM_cAll_d21_mHO5_ch04:0.639527,Electronic---Techno:0.264635;Electronic---Electro:0.206588;Electronic---Deep Techno:0.115323;Electronic---Deep House:0.110097;Electronic---Synthwave:0.102563,PO:v1:k0:r1,,JB3,0.677868,gHO_sBM_cAll_d20_mHO5_ch10,0.663405,120.967742
22.680000,22.694600400,,hermite,terminal_hold,Candidates and replay infeasible: Boundary state exceeds joint limits,,,,0,0.0,1,gPO_sBM_cAll_d12_mPO3_ch02,,,21.464000,gHO_sBM_cAll_d20_mHO5_ch10;gHO_sBM_cAll_d21_mHO5_ch10;gHO_sBM_cAll_d20_mHO5_ch06;gHO_sBM_cAll_d21_mHO5_ch09;gHO_sBM_cAll_d21_mHO5_ch03,19.869282,113,,,,1.000000000,0.216061185,0.000000,motion_end,0.216061185,0.077234,0.128347,0.034431,0.000000,0.087300,0.000000,4.270833,0.350000,beat-sync,0.842880,1.142473,,-0.302153205,0.234246373,right_wrist_yaw,0.000000000,right_wrist_pitch,0.234246373,right_wrist_yaw,0.000000000,right_wrist_pitch,-0.479846,0.464869,0.856513,1.913128,0.000000000,0.000000000,0.000000000,0.000950786,0.000796964,0.007295884,22.264000,0.000000000,0.000000000,,0.000000,0.000000,0.000000,,0.004758820,0,1,0,10,gPO_sBM_cAll_d10_mPO0_ch01;gPO_sBM_cAll_d11_mPO0_ch01;gPO_sBM_cAll_d11_mPO0_ch02;gPO_sBM_cAll_d10_mPO0_ch02;gPO_sBM_cAll_d12_mPO3_ch02;gHO_sBM_cAll_d20_mHO5_ch10;gHO_sBM_cAll_d21_mHO5_ch10;gHO_sBM_cAll_d20_mHO5_ch06;gHO_sBM_cAll_d21_mHO5_ch09;gHO_sBM_cAll_d21_mHO5_ch03,,43.564500,549.950200,53.140800,3477.906400,accepted,0.959906,,0.927102,0.258277422,30.191353,0.090629,HO,0.859024,0.007926,0.002764,JB3:0.677868;JB5:0.669942;JB1:0.652486;LO4:0.630921;WA4:0.621112,gHO_sBM_cAll_d20_mHO5_ch10:0.663405;gHO_sBM_cAll_d21_mHO5_ch10:0.660641;gHO_sBM_cAll_d20_mHO5_ch06:0.660523;gHO_sBM_cAll_d21_mHO5_ch09:0.659468;gHO_sBM_cAll_d21_mHO5_ch03:0.653367;gHO_sBM_cAll_d21_mHO5_ch05:0.645597;gHO_sBM_cAll_d20_mHO5_ch05:0.642366;gHO_sBM_cAll_d21_mHO5_ch02:0.642221;gHO_sBM_cAll_d20_mHO5_ch04:0.641543;gHO_sBM_cAll_d21_mHO5_ch04:0.639527,Electronic---Techno:0.264635;Electronic---Electro:0.206588;Electronic---Deep Techno:0.115323;Electronic---Deep House:0.110097;Electronic---Synthwave:0.102563,PO:v1:k0:r1,,JB3,0.677868,gHO_sBM_cAll_d20_mHO5_ch10,0.663405,120.967742
22.712000,22.721672800,,hermite,terminal_hold,Candidates and replay infeasible: Boundary state exceeds joint limits,,,,0,0.0,1,gPO_sBM_cAll_d12_mPO3_ch02,,,21.464000,gHO_sBM_cAll_d20_mHO5_ch10;gHO_sBM_cAll_d21_mHO5_ch10;gHO_sBM_cAll_d20_mHO5_ch06;gHO_sBM_cAll_d21_mHO5_ch09;gHO_sBM_cAll_d21_mHO5_ch03,19.869282,113,,,,1.000000000,0.216061185,0.000000,motion_end,0.216061185,0.077234,0.128347,0.034431,0.000000,0.087300,0.000000,4.270833,0.350000,beat-sync,0.842880,1.142473,,-0.302153205,0.234246373,right_wrist_yaw,0.000000000,right_wrist_pitch,0.234246373,right_wrist_yaw,0.000000000,right_wrist_pitch,-0.479846,0.464869,0.856513,1.913128,0.000000000,0.000000000,0.000000000,0.000950786,0.000796964,0.007295884,22.264000,0.000000000,0.000000000,,0.000000,0.000000,0.000000,,0.004753668,0,1,0,10,gPO_sBM_cAll_d10_mPO0_ch01;gPO_sBM_cAll_d11_mPO0_ch01;gPO_sBM_cAll_d11_mPO0_ch02;gPO_sBM_cAll_d10_mPO0_ch02;gPO_sBM_cAll_d12_mPO3_ch02;gHO_sBM_cAll_d20_mHO5_ch10;gHO_sBM_cAll_d21_mHO5_ch10;gHO_sBM_cAll_d20_mHO5_ch06;gHO_sBM_cAll_d21_mHO5_ch09;gHO_sBM_cAll_d21_mHO5_ch03,,43.564500,549.950200,53.140800,3477.906400,accepted,0.959906,,0.927102,0.258277422,30.191353,0.090629,HO,0.859024,0.007926,0.002764,JB3:0.677868;JB5:0.669942;JB1:0.652486;LO4:0.630921;WA4:0.621112,gHO_sBM_cAll_d20_mHO5_ch10:0.663405;gHO_sBM_cAll_d21_mHO5_ch10:0.660641;gHO_sBM_cAll_d20_mHO5_ch06:0.660523;gHO_sBM_cAll_d21_mHO5_ch09:0.659468;gHO_sBM_cAll_d21_mHO5_ch03:0.653367;gHO_sBM_cAll_d21_mHO5_ch05:0.645597;gHO_sBM_cAll_d20_mHO5_ch05:0.642366;gHO_sBM_cAll_d21_mHO5_ch02:0.642221;gHO_sBM_cAll_d20_mHO5_ch04:0.641543;gHO_sBM_cAll_d21_mHO5_ch04:0.639527,Electronic---Techno:0.264635;Electronic---Electro:0.206588;Electronic---Deep Techno:0.115323;Electronic---Deep House:0.110097;Electronic---Synthwave:0.102563,PO:v1:k0:r1,,JB3,0.677868,gHO_sBM_cAll_d20_mHO5_ch10,0.663405,120.967742
22.776000,22.785876100,,hermite,terminal_hold,Candidates and replay infeasible: Boundary state exceeds joint limits,,,,0,0.0,1,gPO_sBM_cAll_d12_mPO3_ch02,,,21.464000,gHO_sBM_cAll_d20_mHO5_ch10;gHO_sBM_cAll_d21_mHO5_ch10;gHO_sBM_cAll_d20_mHO5_ch06;gHO_sBM_cAll_d21_mHO5_ch09;gHO_sBM_cAll_d21_mHO5_ch03,19.869282,113,,,,1.000000000,0.216061185,0.000000,motion_end,0.216061185,0.077234,0.128347,0.034431,0.000000,0.087300,0.000000,4.270833,0.350000,beat-sync,0.842880,1.142473,,-0.302153205,0.234246373,right_wrist_yaw,0.000000000,right_wrist_pitch,0.234246373,right_wrist_yaw,0.000000000,right_wrist_pitch,-0.479846,0.464869,0.856513,1.913128,0.000000000,0.000000000,0.000000000,0.000950786,0.000796964,0.007295884,22.264000,0.000000000,0.000000000,,0.000000,0.000000,0.000000,,0.004739983,0,1,0,10,gPO_sBM_cAll_d10_mPO0_ch01;gPO_sBM_cAll_d11_mPO0_ch01;gPO_sBM_cAll_d11_mPO0_ch02;gPO_sBM_cAll_d10_mPO0_ch02;gPO_sBM_cAll_d12_mPO3_ch02;gHO_sBM_cAll_d20_mHO5_ch10;gHO_sBM_cAll_d21_mHO5_ch10;gHO_sBM_cAll_d20_mHO5_ch06;gHO_sBM_cAll_d21_mHO5_ch09;gHO_sBM_cAll_d21_mHO5_ch03,,43.564500,549.950200,53.140800,3477.906400,accepted,0.959906,,0.927102,0.258277422,30.191353,0.090629,HO,0.859024,0.007926,0.002764,JB3:0.677868;JB5:0.669942;JB1:0.652486;LO4:0.630921;WA4:0.621112,gHO_sBM_cAll_d20_mHO5_ch10:0.663405;gHO_sBM_cAll_d21_mHO5_ch10:0.660641;gHO_sBM_cAll_d20_mHO5_ch06:0.660523;gHO_sBM_cAll_d21_mHO5_ch09:0.659468;gHO_sBM_cAll_d21_mHO5_ch03:0.653367;gHO_sBM_cAll_d21_mHO5_ch05:0.645597;gHO_sBM_cAll_d20_mHO5_ch05:0.642366;gHO_sBM_cAll_d21_mHO5_ch02:0.642221;gHO_sBM_cAll_d20_mHO5_ch04:0.641543;gHO_sBM_cAll_d21_mHO5_ch04:0.639527,Electronic---Techno:0.264635;Electronic---Electro:0.206588;Electronic---Deep Techno:0.115323;Electronic---Deep House:0.110097;Electronic---Synthwave:0.102563,PO:v1:k0:r1,,JB3,0.677868,gHO_sBM_cAll_d20_mHO5_ch10,0.663405,120.967742
22.808000,22.819071300,,hermite,terminal_hold,Candidates and replay infeasible: Boundary state exceeds joint limits,,,,0,0.0,1,gPO_sBM_cAll_d12_mPO3_ch02,,,21.464000,gHO_sBM_cAll_d20_mHO5_ch10;gHO_sBM_cAll_d21_mHO5_ch10;gHO_sBM_cAll_d20_mHO5_ch06;gHO_sBM_cAll_d21_mHO5_ch09;gHO_sBM_cAll_d21_mHO5_ch03,19.869282,113,,,,1.000000000,0.216061185,0.000000,motion_end,0.216061185,0.077234,0.128347,0.034431,0.000000,0.087300,0.000000,4.270833,0.350000,beat-sync,0.842880,0.976562,,-0.112937965,0.234246373,right_wrist_yaw,0.000000000,right_wrist_pitch,0.234246373,right_wrist_yaw,0.000000000,right_wrist_pitch,-0.479846,0.464869,0.856513,1.913128,0.000000000,0.000000000,0.000000000,0.000950786,0.000796964,0.007295884,22.776000,0.000000000,0.000000000,,0.000000,0.000000,0.000000,,0.004733171,0,1,0,10,gPO_sBM_cAll_d10_mPO0_ch01;gPO_sBM_cAll_d11_mPO0_ch01;gPO_sBM_cAll_d11_mPO0_ch02;gPO_sBM_cAll_d10_mPO0_ch02;gPO_sBM_cAll_d12_mPO3_ch02;gHO_sBM_cAll_d20_mHO5_ch10;gHO_sBM_cAll_d21_mHO5_ch10;gHO_sBM_cAll_d20_mHO5_ch06;gHO_sBM_cAll_d21_mHO5_ch09;gHO_sBM_cAll_d21_mHO5_ch03,,43.564500,549.950200,53.140800,3477.906400,accepted,0.959906,,0.927102,0.258277422,30.191353,0.090629,HO,0.859024,0.007926,0.002764,JB3:0.677868;JB5:0.669942;JB1:0.652486;LO4:0.630921;WA4:0.621112,gHO_sBM_cAll_d20_mHO5_ch10:0.663405;gHO_sBM_cAll_d21_mHO5_ch10:0.660641;gHO_sBM_cAll_d20_mHO5_ch06:0.660523;gHO_sBM_cAll_d21_mHO5_ch09:0.659468;gHO_sBM_cAll_d21_mHO5_ch03:0.653367;gHO_sBM_cAll_d21_mHO5_ch05:0.645597;gHO_sBM_cAll_d20_mHO5_ch05:0.642366;gHO_sBM_cAll_d21_mHO5_ch02:0.642221;gHO_sBM_cAll_d20_mHO5_ch04:0.641543;gHO_sBM_cAll_d21_mHO5_ch04:0.639527,Electronic---Techno:0.264635;Electronic---Electro:0.206588;Electronic---Deep Techno:0.115323;Electronic---Deep House:0.110097;Electronic---Synthwave:0.102563,PO:v1:k0:r1,,JB3,0.677868,gHO_sBM_cAll_d20_mHO5_ch10,0.663405,120.967742
22.840000,22.877300400,beat_limiter_result,hermite,terminal_hold,Candidates and replay infeasible: Boundary state exceeds joint limits,,,,0,0.0,1,gPO_sBM_cAll_d12_mPO3_ch02,,,21.464000,gHO_sBM_cAll_d20_mHO5_ch10;gHO_sBM_cAll_d21_mHO5_ch10;gHO_sBM_cAll_d20_mHO5_ch06;gHO_sBM_cAll_d21_mHO5_ch09;gHO_sBM_cAll_d21_mHO5_ch03,19.869282,113,,,,1.000000000,0.216061185,0.000000,motion_end,0.216061185,0.077234,0.128347,0.034431,0.000000,0.087300,0.000000,4.270833,0.350000,beat-sync,0.842880,0.976562,,-0.112937965,0.234246373,right_wrist_yaw,0.000000000,right_wrist_pitch,0.234246373,right_wrist_yaw,0.000000000,right_wrist_pitch,-0.479846,0.464869,0.856513,1.913128,0.000000000,0.000000000,0.000000000,0.000950786,0.000796964,0.007295884,22.776000,0.000000000,0.000000000,,0.000000,0.000000,0.000000,,0.004721295,0,1,0,10,gPO_sBM_cAll_d10_mPO0_ch01;gPO_sBM_cAll_d11_mPO0_ch01;gPO_sBM_cAll_d11_mPO0_ch02;gPO_sBM_cAll_d10_mPO0_ch02;gPO_sBM_cAll_d12_mPO3_ch02;gHO_sBM_cAll_d20_mHO5_ch10;gHO_sBM_cAll_d21_mHO5_ch10;gHO_sBM_cAll_d20_mHO5_ch06;gHO_sBM_cAll_d21_mHO5_ch09;gHO_sBM_cAll_d21_mHO5_ch03,,43.564500,549.950200,53.140800,3477.906400,accepted,0.959906,,0.927102,0.258277422,30.191353,0.090629,HO,0.859024,0.007926,0.002764,JB3:0.677868;JB5:0.669942;JB1:0.652486;LO4:0.630921;WA4:0.621112,gHO_sBM_cAll_d20_mHO5_ch10:0.663405;gHO_sBM_cAll_d21_mHO5_ch10:0.660641;gHO_sBM_cAll_d20_mHO5_ch06:0.660523;gHO_sBM_cAll_d21_mHO5_ch09:0.659468;gHO_sBM_cAll_d21_mHO5_ch03:0.653367;gHO_sBM_cAll_d21_mHO5_ch05:0.645597;gHO_sBM_cAll_d20_mHO5_ch05:0.642366;gHO_sBM_cAll_d21_mHO5_ch02:0.642221;gHO_sBM_cAll_d20_mHO5_ch04:0.641543;gHO_sBM_cAll_d21_mHO5_ch04:0.639527,Electronic---Techno:0.264635;Electronic---Electro:0.206588;Electronic---Deep Techno:0.115323;Electronic---Deep House:0.110097;Electronic---Synthwave:0.102563,PO:v1:k0:r1,,JB3,0.677868,gHO_sBM_cAll_d20_mHO5_ch10,0.663405,120.967742
22.872000,22.894125300,,hermite,terminal_hold,Candidates and replay infeasible: Boundary state exceeds joint limits,,,,0,0.0,1,gPO_sBM_cAll_d12_mPO3_ch02,,,21.464000,gHO_sBM_cAll_d20_mHO5_ch10;gHO_sBM_cAll_d21_mHO5_ch10;gHO_sBM_cAll_d20_mHO5_ch06;gHO_sBM_cAll_d21_mHO5_ch09;gHO_sBM_cAll_d21_mHO5_ch03,19.869282,113,,,,1.000000000,0.216061185,0.000000,motion_end,0.216061185,0.077234,0.128347,0.034431,0.000000,0.087300,0.000000,4.270833,0.350000,beat-sync,0.842880,0.976562,,-0.112937965,0.234246373,right_wrist_yaw,0.000000000,right_wrist_pitch,0.234246373,right_wrist_yaw,0.000000000,right_wrist_pitch,-0.479846,0.464869,0.856513,1.913128,0.000000000,0.000000000,0.000000000,0.000950786,0.000796964,0.007295884,22.776000,0.000000000,0.000000000,,0.000000,0.000000,0.000000,,0.004717913,0,1,0,10,gPO_sBM_cAll_d10_mPO0_ch01;gPO_sBM_cAll_d11_mPO0_ch01;gPO_sBM_cAll_d11_mPO0_ch02;gPO_sBM_cAll_d10_mPO0_ch02;gPO_sBM_cAll_d12_mPO3_ch02;gHO_sBM_cAll_d20_mHO5_ch10;gHO_sBM_cAll_d21_mHO5_ch10;gHO_sBM_cAll_d20_mHO5_ch06;gHO_sBM_cAll_d21_mHO5_ch09;gHO_sBM_cAll_d21_mHO5_ch03,,43.564500,549.950200,53.140800,3477.906400,accepted,0.959906,,0.927102,0.258277422,30.191353,0.090629,HO,0.859024,0.007926,0.002764,JB3:0.677868;JB5:0.669942;JB1:0.652486;LO4:0.630921;WA4:0.621112,gHO_sBM_cAll_d20_mHO5_ch10:0.663405;gHO_sBM_cAll_d21_mHO5_ch10:0.660641;gHO_sBM_cAll_d20_mHO5_ch06:0.660523;gHO_sBM_cAll_d21_mHO5_ch09:0.659468;gHO_sBM_cAll_d21_mHO5_ch03:0.653367;gHO_sBM_cAll_d21_mHO5_ch05:0.645597;gHO_sBM_cAll_d20_mHO5_ch05:0.642366;gHO_sBM_cAll_d21_mHO5_ch02:0.642221;gHO_sBM_cAll_d20_mHO5_ch04:0.641543;gHO_sBM_cAll_d21_mHO5_ch04:0.639527,Electronic---Techno:0.264635;Electronic---Electro:0.206588;Electronic---Deep Techno:0.115323;Electronic---Deep House:0.110097;Electronic---Synthwave:0.102563,PO:v1:k0:r1,,JB3,0.677868,gHO_sBM_cAll_d20_mHO5_ch10,0.663405,120.967742
22.904000,22.927482500,,hermite,terminal_hold,Candidates and replay infeasible: Boundary state exceeds joint limits,,,,0,0.0,1,gPO_sBM_cAll_d12_mPO3_ch02,,,21.464000,gHO_sBM_cAll_d20_mHO5_ch10;gHO_sBM_cAll_d21_mHO5_ch10;gHO_sBM_cAll_d20_mHO5_ch06;gHO_sBM_cAll_d21_mHO5_ch09;gHO_sBM_cAll_d21_mHO5_ch03,19.869282,113,,,,1.000000000,0.216061185,0.000000,motion_end,0.216061185,0.077234,0.128347,0.034431,0.000000,0.087300,0.000000,4.270833,0.350000,beat-sync,0.842880,0.976562,,-0.112937965,0.234246373,right_wrist_yaw,0.000000000,right_wrist_pitch,0.234246373,right_wrist_yaw,0.000000000,right_wrist_pitch,-0.479846,0.464869,0.856513,1.913128,0.000000000,0.000000000,0.000000000,0.000950786,0.000796964,0.007295884,22.776000,0.000000000,0.000000000,,0.000000,0.000000,0.000000,,0.004711164,0,1,0,10,gPO_sBM_cAll_d10_mPO0_ch01;gPO_sBM_cAll_d11_mPO0_ch01;gPO_sBM_cAll_d11_mPO0_ch02;gPO_sBM_cAll_d10_mPO0_ch02;gPO_sBM_cAll_d12_mPO3_ch02;gHO_sBM_cAll_d20_mHO5_ch10;gHO_sBM_cAll_d21_mHO5_ch10;gHO_sBM_cAll_d20_mHO5_ch06;gHO_sBM_cAll_d21_mHO5_ch09;gHO_sBM_cAll_d21_mHO5_ch03,,43.564500,549.950200,53.140800,3477.906400,accepted,0.959906,,0.927102,0.258277422,30.191353,0.090629,HO,0.859024,0.007926,0.002764,JB3:0.677868;JB5:0.669942;JB1:0.652486;LO4:0.630921;WA4:0.621112,gHO_sBM_cAll_d20_mHO5_ch10:0.663405;gHO_sBM_cAll_d21_mHO5_ch10:0.660641;gHO_sBM_cAll_d20_mHO5_ch06:0.660523;gHO_sBM_cAll_d21_mHO5_ch09:0.659468;gHO_sBM_cAll_d21_mHO5_ch03:0.653367;gHO_sBM_cAll_d21_mHO5_ch05:0.645597;gHO_sBM_cAll_d20_mHO5_ch05:0.642366;gHO_sBM_cAll_d21_mHO5_ch02:0.642221;gHO_sBM_cAll_d20_mHO5_ch04:0.641543;gHO_sBM_cAll_d21_mHO5_ch04:0.639527,Electronic---Techno:0.264635;Electronic---Electro:0.206588;Electronic---Deep Techno:0.115323;Electronic---Deep House:0.110097;Electronic---Synthwave:0.102563,PO:v1:k0:r1,,JB3,0.677868,gHO_sBM_cAll_d20_mHO5_ch10,0.663405,120.967742
22.936000,22.977641300,match,hermite,terminal_hold,Candidates and replay infeasible: Boundary state exceeds joint limits,,,,0,0.0,1,gPO_sBM_cAll_d12_mPO3_ch02,,,22.488000,gHO_sBM_cAll_d20_mHO5_ch10;gHO_sBM_cAll_d21_mHO5_ch10;gHO_sBM_cAll_d20_mHO5_ch06;gHO_sBM_cAll_d21_mHO5_ch09;gHO_sBM_cAll_d21_mHO5_ch03,19.869282,113,,,,1.000000000,0.216061185,0.000000,motion_end,0.216061185,0.077234,0.128347,0.034431,0.000000,0.087300,0.000000,4.270833,0.350000,beat-sync,0.842880,0.976562,,-0.112937965,0.234246373,right_wrist_yaw,0.000000000,right_wrist_pitch,0.234246373,right_wrist_yaw,0.000000000,right_wrist_pitch,-0.479846,0.464869,0.856513,1.913128,0.000000000,0.000000000,0.000000000,0.000950786,0.000796964,0.007295884,22.776000,0.000000000,0.000000000,,0.000000,0.000000,0.000000,,0.004701076,0,1,0,10,gPO_sBM_cAll_d10_mPO0_ch01;gPO_sBM_cAll_d11_mPO0_ch01;gPO_sBM_cAll_d11_mPO0_ch02;gPO_sBM_cAll_d10_mPO0_ch02;gPO_sBM_cAll_d12_mPO3_ch02;gHO_sBM_cAll_d20_mHO5_ch10;gHO_sBM_cAll_d21_mHO5_ch10;gHO_sBM_cAll_d20_mHO5_ch06;gHO_sBM_cAll_d21_mHO5_ch09;gHO_sBM_cAll_d21_mHO5_ch03,,43.564500,549.950200,53.140800,3477.906400,accepted,0.960961,,0.929020,0.258379730,30.013378,0.091206,HO,0.862215,0.007877,0.002761,JB3:0.676399;JB5:0.668523;JB1:0.650648;LO4:0.632544;WA4:0.621912,gHO_sBM_cAll_d20_mHO5_ch10:0.663842;gHO_sBM_cAll_d21_mHO5_ch10:0.661080;gHO_sBM_cAll_d20_mHO5_ch06:0.660961;gHO_sBM_cAll_d21_mHO5_ch09:0.659908;gHO_sBM_cAll_d21_mHO5_ch03:0.653930;gHO_sBM_cAll_d21_mHO5_ch05:0.646047;gHO_sBM_cAll_d20_mHO5_ch05:0.642812;gHO_sBM_cAll_d21_mHO5_ch02:0.642677;gHO_sBM_cAll_d20_mHO5_ch04:0.641993;gHO_sBM_cAll_d21_mHO5_ch04:0.639983,Electronic---Techno:0.270227;Electronic---Electro:0.203205;Electronic---Deep Techno:0.120918;Electronic---Deep House:0.113228;Electronic---Synthwave:0.099851,PO:v1:k0:r1,,JB3,0.676399,gHO_sBM_cAll_d20_mHO5_ch10,0.663842,120.967742
22.968000,22.986098800,,hermite,terminal_hold,Candidates and replay infeasible: Boundary state exceeds joint limits,,,,0,0.0,1,gPO_sBM_cAll_d12_mPO3_ch02,,,22.488000,gHO_sBM_cAll_d20_mHO5_ch10;gHO_sBM_cAll_d21_mHO5_ch10;gHO_sBM_cAll_d20_mHO5_ch06;gHO_sBM_cAll_d21_mHO5_ch09;gHO_sBM_cAll_d21_mHO5_ch03,19.869282,113,,,,1.000000000,0.216061185,0.000000,motion_end,0.216061185,0.077234,0.128347,0.034431,0.000000,0.087300,0.000000,4.270833,0.350000,beat-sync,0.842880,0.976562,,-0.112937965,0.234246373,right_wrist_yaw,0.000000000,right_wrist_pitch,0.234246373,right_wrist_yaw,0.000000000,right_wrist_pitch,-0.479846,0.464869,0.856513,1.913128,0.000000000,0.000000000,0.000000000,0.000950786,0.000796964,0.007295884,22.776000,0.000000000,0.000000000,,0.000000,0.000000,0.000000,,0.004699398,0,1,0,10,gPO_sBM_cAll_d10_mPO0_ch01;gPO_sBM_cAll_d11_mPO0_ch01;gPO_sBM_cAll_d11_mPO0_ch02;gPO_sBM_cAll_d10_mPO0_ch02;gPO_sBM_cAll_d12_mPO3_ch02;gHO_sBM_cAll_d20_mHO5_ch10;gHO_sBM_cAll_d21_mHO5_ch10;gHO_sBM_cAll_d20_mHO5_ch06;gHO_sBM_cAll_d21_mHO5_ch09;gHO_sBM_cAll_d21_mHO5_ch03,,43.564500,549.950200,53.140800,3477.906400,accepted,0.960961,,0.929020,0.258379730,30.013378,0.091206,HO,0.862215,0.007877,0.002761,JB3:0.676399;JB5:0.668523;JB1:0.650648;LO4:0.632544;WA4:0.621912,gHO_sBM_cAll_d20_mHO5_ch10:0.663842;gHO_sBM_cAll_d21_mHO5_ch10:0.661080;gHO_sBM_cAll_d20_mHO5_ch06:0.660961;gHO_sBM_cAll_d21_mHO5_ch09:0.659908;gHO_sBM_cAll_d21_mHO5_ch03:0.653930;gHO_sBM_cAll_d21_mHO5_ch05:0.646047;gHO_sBM_cAll_d20_mHO5_ch05:0.642812;gHO_sBM_cAll_d21_mHO5_ch02:0.642677;gHO_sBM_cAll_d20_mHO5_ch04:0.641993;gHO_sBM_cAll_d21_mHO5_ch04:0.639983,Electronic---Techno:0.270227;Electronic---Electro:0.203205;Electronic---Deep Techno:0.120918;Electronic---Deep House:0.113228;Electronic---Synthwave:0.099851,PO:v1:k0:r1,,JB3,0.676399,gHO_sBM_cAll_d20_mHO5_ch10,0.663842,120.967742
23.000000,23.019616600,,hermite,terminal_hold,Candidates and replay infeasible: Boundary state exceeds joint limits,,,,0,0.0,1,gPO_sBM_cAll_d12_mPO3_ch02,,,22.488000,gHO_sBM_cAll_d20_mHO5_ch10;gHO_sBM_cAll_d21_mHO5_ch10;gHO_sBM_cAll_d20_mHO5_ch06;gHO_sBM_cAll_d21_mHO5_ch09;gHO_sBM_cAll_d21_mHO5_ch03,19.869282,113,,,,1.000000000,0.216061185,0.000000,motion_end,0.216061185,0.077234,0.128347,0.034431,0.000000,0.087300,0.000000,4.270833,0.350000,beat-sync,0.842880,0.976562,,-0.112937965,0.234246373,right_wrist_yaw,0.000000000,right_wrist_pitch,0.234246373,right_wrist_yaw,0.000000000,right_wrist_pitch,-0.479846,0.464869,0.856513,1.913128,0.000000000,0.000000000,0.000000000,0.000950786,0.000796964,0.007295884,22.776000,0.000000000,0.000000000,,0.000000,0.000000,0.000000,,0.004692702,0,1,0,10,gPO_sBM_cAll_d10_mPO0_ch01;gPO_sBM_cAll_d11_mPO0_ch01;gPO_sBM_cAll_d11_mPO0_ch02;gPO_sBM_cAll_d10_mPO0_ch02;gPO_sBM_cAll_d12_mPO3_ch02;gHO_sBM_cAll_d20_mHO5_ch10;gHO_sBM_cAll_d21_mHO5_ch10;gHO_sBM_cAll_d20_mHO5_ch06;gHO_sBM_cAll_d21_mHO5_ch09;gHO_sBM_cAll_d21_mHO5_ch03,,43.564500,549.950200,53.140800,3477.906400,accepted,0.960961,,0.929020,0.258379730,30.013378,0.091206,HO,0.862215,0.007877,0.002761,JB3:0.676399;JB5:0.668523;JB1:0.650648;LO4:0.632544;WA4:0.621912,gHO_sBM_cAll_d20_mHO5_ch10:0.663842;gHO_sBM_cAll_d21_mHO5_ch10:0.661080;gHO_sBM_cAll_d20_mHO5_ch06:0.660961;gHO_sBM_cAll_d21_mHO5_ch09:0.659908;gHO_sBM_cAll_d21_mHO5_ch03:0.653930;gHO_sBM_cAll_d21_mHO5_ch05:0.646047;gHO_sBM_cAll_d20_mHO5_ch05:0.642812;gHO_sBM_cAll_d21_mHO5_ch02:0.642677;gHO_sBM_cAll_d20_mHO5_ch04:0.641993;gHO_sBM_cAll_d21_mHO5_ch04:0.639983,Electronic---Techno:0.270227;Electronic---Electro:0.203205;Electronic---Deep Techno:0.120918;Electronic---Deep House:0.113228;Electronic---Synthwave:0.099851,PO:v1:k0:r1,,JB3,0.676399,gHO_sBM_cAll_d20_mHO5_ch10,0.663842,120.967742
23.064000,23.077732500,,hermite,terminal_hold,Candidates and replay infeasible: Boundary state exceeds joint limits,,,,0,0.0,1,gPO_sBM_cAll_d12_mPO3_ch02,,,22.488000,gHO_sBM_cAll_d20_mHO5_ch10;gHO_sBM_cAll_d21_mHO5_ch10;gHO_sBM_cAll_d20_mHO5_ch06;gHO_sBM_cAll_d21_mHO5_ch09;gHO_sBM_cAll_d21_mHO5_ch03,19.869282,113,,,,1.000000000,0.216061185,0.000000,motion_end,0.216061185,0.077234,0.128347,0.034431,0.000000,0.087300,0.000000,4.270833,0.350000,beat-sync,0.842880,0.976562,,-0.112937965,0.234246373,right_wrist_yaw,0.000000000,right_wrist_pitch,0.234246373,right_wrist_yaw,0.000000000,right_wrist_pitch,-0.479846,0.464869,0.856513,1.913128,0.000000000,0.000000000,0.000000000,0.000950786,0.000796964,0.007295884,22.776000,0.000000000,0.000000000,,0.000000,0.000000,0.000000,,0.004681028,0,1,0,10,gPO_sBM_cAll_d10_mPO0_ch01;gPO_sBM_cAll_d11_mPO0_ch01;gPO_sBM_cAll_d11_mPO0_ch02;gPO_sBM_cAll_d10_mPO0_ch02;gPO_sBM_cAll_d12_mPO3_ch02;gHO_sBM_cAll_d20_mHO5_ch10;gHO_sBM_cAll_d21_mHO5_ch10;gHO_sBM_cAll_d20_mHO5_ch06;gHO_sBM_cAll_d21_mHO5_ch09;gHO_sBM_cAll_d21_mHO5_ch03,,43.564500,549.950200,53.140800,3477.906400,accepted,0.960961,,0.929020,0.258379730,30.013378,0.091206,HO,0.862215,0.007877,0.002761,JB3:0.676399;JB5:0.668523;JB1:0.650648;LO4:0.632544;WA4:0.621912,gHO_sBM_cAll_d20_mHO5_ch10:0.663842;gHO_sBM_cAll_d21_mHO5_ch10:0.661080;gHO_sBM_cAll_d20_mHO5_ch06:0.660961;gHO_sBM_cAll_d21_mHO5_ch09:0.659908;gHO_sBM_cAll_d21_mHO5_ch03:0.653930;gHO_sBM_cAll_d21_mHO5_ch05:0.646047;gHO_sBM_cAll_d20_mHO5_ch05:0.642812;gHO_sBM_cAll_d21_mHO5_ch02:0.642677;gHO_sBM_cAll_d20_mHO5_ch04:0.641993;gHO_sBM_cAll_d21_mHO5_ch04:0.639983,Electronic---Techno:0.270227;Electronic---Electro:0.203205;Electronic---Deep Techno:0.120918;Electronic---Deep House:0.113228;Electronic---Synthwave:0.099851,PO:v1:k0:r1,,JB3,0.676399,gHO_sBM_cAll_d20_mHO5_ch10,0.663842,120.967742
23.128000,23.143785400,,hermite,terminal_hold,Candidates and replay infeasible: Boundary state exceeds joint limits,,,,0,0.0,1,gPO_sBM_cAll_d12_mPO3_ch02,,,22.488000,gHO_sBM_cAll_d20_mHO5_ch10;gHO_sBM_cAll_d21_mHO5_ch10;gHO_sBM_cAll_d20_mHO5_ch06;gHO_sBM_cAll_d21_mHO5_ch09;gHO_sBM_cAll_d21_mHO5_ch03,19.869282,113,,,,1.000000000,0.216061185,0.000000,motion_end,0.216061185,0.077234,0.128347,0.034431,0.000000,0.087300,0.000000,4.270833,0.350000,beat-sync,0.842880,0.976562,,-0.112937965,0.234246373,right_wrist_yaw,0.000000000,right_wrist_pitch,0.234246373,right_wrist_yaw,0.000000000,right_wrist_pitch,-0.479846,0.464869,0.856513,1.913128,0.000000000,0.000000000,0.000000000,0.000950786,0.000796964,0.007295884,22.776000,0.000000000,0.000000000,,0.000000,0.000000,0.000000,,0.004667758,0,1,0,10,gPO_sBM_cAll_d10_mPO0_ch01;gPO_sBM_cAll_d11_mPO0_ch01;gPO_sBM_cAll_d11_mPO0_ch02;gPO_sBM_cAll_d10_mPO0_ch02;gPO_sBM_cAll_d12_mPO3_ch02;gHO_sBM_cAll_d20_mHO5_ch10;gHO_sBM_cAll_d21_mHO5_ch10;gHO_sBM_cAll_d20_mHO5_ch06;gHO_sBM_cAll_d21_mHO5_ch09;gHO_sBM_cAll_d21_mHO5_ch03,,43.564500,549.950200,53.140800,3477.906400,accepted,0.960961,,0.929020,0.258379730,30.013378,0.091206,HO,0.862215,0.007877,0.002761,JB3:0.676399;JB5:0.668523;JB1:0.650648;LO4:0.632544;WA4:0.621912,gHO_sBM_cAll_d20_mHO5_ch10:0.663842;gHO_sBM_cAll_d21_mHO5_ch10:0.661080;gHO_sBM_cAll_d20_mHO5_ch06:0.660961;gHO_sBM_cAll_d21_mHO5_ch09:0.659908;gHO_sBM_cAll_d21_mHO5_ch03:0.653930;gHO_sBM_cAll_d21_mHO5_ch05:0.646047;gHO_sBM_cAll_d20_mHO5_ch05:0.642812;gHO_sBM_cAll_d21_mHO5_ch02:0.642677;gHO_sBM_cAll_d20_mHO5_ch04:0.641993;gHO_sBM_cAll_d21_mHO5_ch04:0.639983,Electronic---Techno:0.270227;Electronic---Electro:0.203205;Electronic---Deep Techno:0.120918;Electronic---Deep House:0.113228;Electronic---Synthwave:0.099851,PO:v1:k0:r1,,JB3,0.676399,gHO_sBM_cAll_d20_mHO5_ch10,0.663842,120.967742
23.160000,23.169660100,,hermite,terminal_hold,Candidates and replay infeasible: Boundary state exceeds joint limits,,,,0,0.0,1,gPO_sBM_cAll_d12_mPO3_ch02,,,22.488000,gHO_sBM_cAll_d20_mHO5_ch10;gHO_sBM_cAll_d21_mHO5_ch10;gHO_sBM_cAll_d20_mHO5_ch06;gHO_sBM_cAll_d21_mHO5_ch09;gHO_sBM_cAll_d21_mHO5_ch03,19.869282,113,,,,1.000000000,0.216061185,0.000000,motion_end,0.216061185,0.077234,0.128347,0.034431,0.000000,0.087300,0.000000,4.270833,0.350000,beat-sync,0.842880,0.976562,,-0.112937965,0.234246373,right_wrist_yaw,0.000000000,right_wrist_pitch,0.234246373,right_wrist_yaw,0.000000000,right_wrist_pitch,-0.479846,0.464869,0.856513,1.913128,0.000000000,0.000000000,0.000000000,0.000950786,0.000796964,0.007295884,22.776000,0.000000000,0.000000000,,0.000000,0.000000,0.000000,,0.004662801,0,1,0,10,gPO_sBM_cAll_d10_mPO0_ch01;gPO_sBM_cAll_d11_mPO0_ch01;gPO_sBM_cAll_d11_mPO0_ch02;gPO_sBM_cAll_d10_mPO0_ch02;gPO_sBM_cAll_d12_mPO3_ch02;gHO_sBM_cAll_d20_mHO5_ch10;gHO_sBM_cAll_d21_mHO5_ch10;gHO_sBM_cAll_d20_mHO5_ch06;gHO_sBM_cAll_d21_mHO5_ch09;gHO_sBM_cAll_d21_mHO5_ch03,,43.564500,549.950200,53.140800,3477.906400,accepted,0.960961,,0.929020,0.258379730,30.013378,0.091206,HO,0.862215,0.007877,0.002761,JB3:0.676399;JB5:0.668523;JB1:0.650648;LO4:0.632544;WA4:0.621912,gHO_sBM_cAll_d20_mHO5_ch10:0.663842;gHO_sBM_cAll_d21_mHO5_ch10:0.661080;gHO_sBM_cAll_d20_mHO5_ch06:0.660961;gHO_sBM_cAll_d21_mHO5_ch09:0.659908;gHO_sBM_cAll_d21_mHO5_ch03:0.653930;gHO_sBM_cAll_d21_mHO5_ch05:0.646047;gHO_sBM_cAll_d20_mHO5_ch05:0.642812;gHO_sBM_cAll_d21_mHO5_ch02:0.642677;gHO_sBM_cAll_d20_mHO5_ch04:0.641993;gHO_sBM_cAll_d21_mHO5_ch04:0.639983,Electronic---Techno:0.270227;Electronic---Electro:0.203205;Electronic---Deep Techno:0.120918;Electronic---Deep House:0.113228;Electronic---Synthwave:0.099851,PO:v1:k0:r1,,JB3,0.676399,gHO_sBM_cAll_d20_mHO5_ch10,0.663842,120.967742
23.224000,23.236408500,,hermite,terminal_hold,Candidates and replay infeasible: Boundary state exceeds joint limits,,,,0,0.0,1,gPO_sBM_cAll_d12_mPO3_ch02,,,22.488000,gHO_sBM_cAll_d20_mHO5_ch10;gHO_sBM_cAll_d21_mHO5_ch10;gHO_sBM_cAll_d20_mHO5_ch06;gHO_sBM_cAll_d21_mHO5_ch09;gHO_sBM_cAll_d21_mHO5_ch03,19.869282,113,,,,1.000000000,0.216061185,0.000000,motion_end,0.216061185,0.077234,0.128347,0.034431,0.000000,0.087300,0.000000,4.270833,0.350000,beat-sync,0.842880,1.319444,,-0.333110265,0.234246373,right_wrist_yaw,0.000000000,right_wrist_pitch,0.234246373,right_wrist_yaw,0.000000000,right_wrist_pitch,-0.479846,0.464869,0.856513,1.913128,0.000000000,0.000000000,0.000000000,0.000950786,0.000796964,0.007295884,23.224000,0.000000000,0.000000000,,0.000000,0.000000,0.000000,,0.004649634,0,1,0,10,gPO_sBM_cAll_d10_mPO0_ch01;gPO_sBM_cAll_d11_mPO0_ch01;gPO_sBM_cAll_d11_mPO0_ch02;gPO_sBM_cAll_d10_mPO0_ch02;gPO_sBM_cAll_d12_mPO3_ch02;gHO_sBM_cAll_d20_mHO5_ch10;gHO_sBM_cAll_d21_mHO5_ch10;gHO_sBM_cAll_d20_mHO5_ch06;gHO_sBM_cAll_d21_mHO5_ch09;gHO_sBM_cAll_d21_mHO5_ch03,,43.564500,549.950200,53.140800,3477.906400,accepted,0.960961,,0.929020,0.258379730,30.013378,0.091206,HO,0.862215,0.007877,0.002761,JB3:0.676399;JB5:0.668523;JB1:0.650648;LO4:0.632544;WA4:0.621912,gHO_sBM_cAll_d20_mHO5_ch10:0.663842;gHO_sBM_cAll_d21_mHO5_ch10:0.661080;gHO_sBM_cAll_d20_mHO5_ch06:0.660961;gHO_sBM_cAll_d21_mHO5_ch09:0.659908;gHO_sBM_cAll_d21_mHO5_ch03:0.653930;gHO_sBM_cAll_d21_mHO5_ch05:0.646047;gHO_sBM_cAll_d20_mHO5_ch05:0.642812;gHO_sBM_cAll_d21_mHO5_ch02:0.642677;gHO_sBM_cAll_d20_mHO5_ch04:0.641993;gHO_sBM_cAll_d21_mHO5_ch04:0.639983,Electronic---Techno:0.270227;Electronic---Electro:0.203205;Electronic---Deep Techno:0.120918;Electronic---Deep House:0.113228;Electronic---Synthwave:0.099851,PO:v1:k0:r1,,JB3,0.676399,gHO_sBM_cAll_d20_mHO5_ch10,0.663842,120.967742
23.256000,23.269171800,,hermite,terminal_hold,Candidates and replay infeasible: Boundary state exceeds joint limits,,,,0,0.0,1,gPO_sBM_cAll_d12_mPO3_ch02,,,22.488000,gHO_sBM_cAll_d20_mHO5_ch10;gHO_sBM_cAll_d21_mHO5_ch10;gHO_sBM_cAll_d20_mHO5_ch06;gHO_sBM_cAll_d21_mHO5_ch09;gHO_sBM_cAll_d21_mHO5_ch03,19.869282,113,,,,1.000000000,0.216061185,0.000000,motion_end,0.216061185,0.077234,0.128347,0.034431,0.000000,0.087300,0.000000,4.270833,0.350000,beat-sync,0.842880,1.319444,,-0.333110265,0.234246373,right_wrist_yaw,0.000000000,right_wrist_pitch,0.234246373,right_wrist_yaw,0.000000000,right_wrist_pitch,-0.479846,0.464869,0.856513,1.913128,0.000000000,0.000000000,0.000000000,0.000950786,0.000796964,0.007295884,23.224000,0.000000000,0.000000000,,0.000000,0.000000,0.000000,,0.004643079,0,1,0,10,gPO_sBM_cAll_d10_mPO0_ch01;gPO_sBM_cAll_d11_mPO0_ch01;gPO_sBM_cAll_d11_mPO0_ch02;gPO_sBM_cAll_d10_mPO0_ch02;gPO_sBM_cAll_d12_mPO3_ch02;gHO_sBM_cAll_d20_mHO5_ch10;gHO_sBM_cAll_d21_mHO5_ch10;gHO_sBM_cAll_d20_mHO5_ch06;gHO_sBM_cAll_d21_mHO5_ch09;gHO_sBM_cAll_d21_mHO5_ch03,,43.564500,549.950200,53.140800,3477.906400,accepted,0.960961,,0.929020,0.258379730,30.013378,0.091206,HO,0.862215,0.007877,0.002761,JB3:0.676399;JB5:0.668523;JB1:0.650648;LO4:0.632544;WA4:0.621912,gHO_sBM_cAll_d20_mHO5_ch10:0.663842;gHO_sBM_cAll_d21_mHO5_ch10:0.661080;gHO_sBM_cAll_d20_mHO5_ch06:0.660961;gHO_sBM_cAll_d21_mHO5_ch09:0.659908;gHO_sBM_cAll_d21_mHO5_ch03:0.653930;gHO_sBM_cAll_d21_mHO5_ch05:0.646047;gHO_sBM_cAll_d20_mHO5_ch05:0.642812;gHO_sBM_cAll_d21_mHO5_ch02:0.642677;gHO_sBM_cAll_d20_mHO5_ch04:0.641993;gHO_sBM_cAll_d21_mHO5_ch04:0.639983,Electronic---Techno:0.270227;Electronic---Electro:0.203205;Electronic---Deep Techno:0.120918;Electronic---Deep House:0.113228;Electronic---Synthwave:0.099851,PO:v1:k0:r1,,JB3,0.676399,gHO_sBM_cAll_d20_mHO5_ch10,0.663842,120.967742
23.288000,23.302561500,beat_limiter_result,hermite,terminal_hold,Candidates and replay infeasible: Boundary state exceeds joint limits,,,,0,0.0,1,gPO_sBM_cAll_d12_mPO3_ch02,,,22.488000,gHO_sBM_cAll_d20_mHO5_ch10;gHO_sBM_cAll_d21_mHO5_ch10;gHO_sBM_cAll_d20_mHO5_ch06;gHO_sBM_cAll_d21_mHO5_ch09;gHO_sBM_cAll_d21_mHO5_ch03,19.869282,113,,,,1.000000000,0.216061185,0.000000,motion_end,0.216061185,0.077234,0.128347,0.034431,0.000000,0.087300,0.000000,4.270833,0.350000,beat-sync,0.842880,1.319444,,-0.333110265,0.234246373,right_wrist_yaw,0.000000000,right_wrist_pitch,0.234246373,right_wrist_yaw,0.000000000,right_wrist_pitch,-0.479846,0.464869,0.856513,1.913128,0.000000000,0.000000000,0.000000000,0.000950786,0.000796964,0.007295884,23.224000,0.000000000,0.000000000,,0.000000,0.000000,0.000000,,0.004636541,0,1,0,10,gPO_sBM_cAll_d10_mPO0_ch01;gPO_sBM_cAll_d11_mPO0_ch01;gPO_sBM_cAll_d11_mPO0_ch02;gPO_sBM_cAll_d10_mPO0_ch02;gPO_sBM_cAll_d12_mPO3_ch02;gHO_sBM_cAll_d20_mHO5_ch10;gHO_sBM_cAll_d21_mHO5_ch10;gHO_sBM_cAll_d20_mHO5_ch06;gHO_sBM_cAll_d21_mHO5_ch09;gHO_sBM_cAll_d21_mHO5_ch03,,43.564500,549.950200,53.140800,3477.906400,accepted,0.960961,,0.929020,0.258379730,30.013378,0.091206,HO,0.862215,0.007877,0.002761,JB3:0.676399;JB5:0.668523;JB1:0.650648;LO4:0.632544;WA4:0.621912,gHO_sBM_cAll_d20_mHO5_ch10:0.663842;gHO_sBM_cAll_d21_mHO5_ch10:0.661080;gHO_sBM_cAll_d20_mHO5_ch06:0.660961;gHO_sBM_cAll_d21_mHO5_ch09:0.659908;gHO_sBM_cAll_d21_mHO5_ch03:0.653930;gHO_sBM_cAll_d21_mHO5_ch05:0.646047;gHO_sBM_cAll_d20_mHO5_ch05:0.642812;gHO_sBM_cAll_d21_mHO5_ch02:0.642677;gHO_sBM_cAll_d20_mHO5_ch04:0.641993;gHO_sBM_cAll_d21_mHO5_ch04:0.639983,Electronic---Techno:0.270227;Electronic---Electro:0.203205;Electronic---Deep Techno:0.120918;Electronic---Deep House:0.113228;Electronic---Synthwave:0.099851,PO:v1:k0:r1,,JB3,0.676399,gHO_sBM_cAll_d20_mHO5_ch10,0.663842,120.967742
23.320000,23.327566700,,hermite,terminal_hold,Candidates and replay infeasible: Boundary state exceeds joint limits,,,,0,0.0,1,gPO_sBM_cAll_d12_mPO3_ch02,,,22.488000,gHO_sBM_cAll_d20_mHO5_ch10;gHO_sBM_cAll_d21_mHO5_ch10;gHO_sBM_cAll_d20_mHO5_ch06;gHO_sBM_cAll_d21_mHO5_ch09;gHO_sBM_cAll_d21_mHO5_ch03,19.869282,113,,,,1.000000000,0.216061185,0.000000,motion_end,0.216061185,0.077234,0.128347,0.034431,0.000000,0.087300,0.000000,4.270833,0.350000,beat-sync,0.842880,1.319444,,-0.333110265,0.234246373,right_wrist_yaw,0.000000000,right_wrist_pitch,0.234246373,right_wrist_yaw,0.000000000,right_wrist_pitch,-0.479846,0.464869,0.856513,1.913128,0.000000000,0.000000000,0.000000000,0.000950786,0.000796964,0.007295884,23.224000,0.000000000,0.000000000,,0.000000,0.000000,0.000000,,0.004631650,0,1,0,10,gPO_sBM_cAll_d10_mPO0_ch01;gPO_sBM_cAll_d11_mPO0_ch01;gPO_sBM_cAll_d11_mPO0_ch02;gPO_sBM_cAll_d10_mPO0_ch02;gPO_sBM_cAll_d12_mPO3_ch02;gHO_sBM_cAll_d20_mHO5_ch10;gHO_sBM_cAll_d21_mHO5_ch10;gHO_sBM_cAll_d20_mHO5_ch06;gHO_sBM_cAll_d21_mHO5_ch09;gHO_sBM_cAll_d21_mHO5_ch03,,43.564500,549.950200,53.140800,3477.906400,accepted,0.960961,,0.929020,0.258379730,30.013378,0.091206,HO,0.862215,0.007877,0.002761,JB3:0.676399;JB5:0.668523;JB1:0.650648;LO4:0.632544;WA4:0.621912,gHO_sBM_cAll_d20_mHO5_ch10:0.663842;gHO_sBM_cAll_d21_mHO5_ch10:0.661080;gHO_sBM_cAll_d20_mHO5_ch06:0.660961;gHO_sBM_cAll_d21_mHO5_ch09:0.659908;gHO_sBM_cAll_d21_mHO5_ch03:0.653930;gHO_sBM_cAll_d21_mHO5_ch05:0.646047;gHO_sBM_cAll_d20_mHO5_ch05:0.642812;gHO_sBM_cAll_d21_mHO5_ch02:0.642677;gHO_sBM_cAll_d20_mHO5_ch04:0.641993;gHO_sBM_cAll_d21_mHO5_ch04:0.639983,Electronic---Techno:0.270227;Electronic---Electro:0.203205;Electronic---Deep Techno:0.120918;Electronic---Deep House:0.113228;Electronic---Synthwave:0.099851,PO:v1:k0:r1,,JB3,0.676399,gHO_sBM_cAll_d20_mHO5_ch10,0.663842,120.967742
23.352000,23.360689100,,hermite,terminal_hold,Candidates and replay infeasible: Boundary state exceeds joint limits,,,,0,0.0,1,gPO_sBM_cAll_d12_mPO3_ch02,,,22.488000,gHO_sBM_cAll_d20_mHO5_ch10;gHO_sBM_cAll_d21_mHO5_ch10;gHO_sBM_cAll_d20_mHO5_ch06;gHO_sBM_cAll_d21_mHO5_ch09;gHO_sBM_cAll_d21_mHO5_ch03,19.869282,113,,,,1.000000000,0.216061185,0.000000,motion_end,0.216061185,0.077234,0.128347,0.034431,0.000000,0.087300,0.000000,4.270833,0.350000,beat-sync,0.842880,1.319444,,-0.333110265,0.234246373,right_wrist_yaw,0.000000000,right_wrist_pitch,0.234246373,right_wrist_yaw,0.000000000,right_wrist_pitch,-0.479846,0.464869,0.856513,1.913128,0.000000000,0.000000000,0.000000000,0.000950786,0.000796964,0.007295884,23.224000,0.000000000,0.000000000,,0.000000,0.000000,0.000000,,0.004625145,0,1,0,10,gPO_sBM_cAll_d10_mPO0_ch01;gPO_sBM_cAll_d11_mPO0_ch01;gPO_sBM_cAll_d11_mPO0_ch02;gPO_sBM_cAll_d10_mPO0_ch02;gPO_sBM_cAll_d12_mPO3_ch02;gHO_sBM_cAll_d20_mHO5_ch10;gHO_sBM_cAll_d21_mHO5_ch10;gHO_sBM_cAll_d20_mHO5_ch06;gHO_sBM_cAll_d21_mHO5_ch09;gHO_sBM_cAll_d21_mHO5_ch03,,43.564500,549.950200,53.140800,3477.906400,accepted,0.960961,,0.929020,0.258379730,30.013378,0.091206,HO,0.862215,0.007877,0.002761,JB3:0.676399;JB5:0.668523;JB1:0.650648;LO4:0.632544;WA4:0.621912,gHO_sBM_cAll_d20_mHO5_ch10:0.663842;gHO_sBM_cAll_d21_mHO5_ch10:0.661080;gHO_sBM_cAll_d20_mHO5_ch06:0.660961;gHO_sBM_cAll_d21_mHO5_ch09:0.659908;gHO_sBM_cAll_d21_mHO5_ch03:0.653930;gHO_sBM_cAll_d21_mHO5_ch05:0.646047;gHO_sBM_cAll_d20_mHO5_ch05:0.642812;gHO_sBM_cAll_d21_mHO5_ch02:0.642677;gHO_sBM_cAll_d20_mHO5_ch04:0.641993;gHO_sBM_cAll_d21_mHO5_ch04:0.639983,Electronic---Techno:0.270227;Electronic---Electro:0.203205;Electronic---Deep Techno:0.120918;Electronic---Deep House:0.113228;Electronic---Synthwave:0.099851,PO:v1:k0:r1,,JB3,0.676399,gHO_sBM_cAll_d20_mHO5_ch10,0.663842,120.967742
23.416000,23.436544300,,hermite,terminal_hold,Candidates and replay infeasible: Boundary state exceeds joint limits,,,,0,0.0,1,gPO_sBM_cAll_d12_mPO3_ch02,,,22.488000,gHO_sBM_cAll_d20_mHO5_ch10;gHO_sBM_cAll_d21_mHO5_ch10;gHO_sBM_cAll_d20_mHO5_ch06;gHO_sBM_cAll_d21_mHO5_ch09;gHO_sBM_cAll_d21_mHO5_ch03,19.869282,113,,,,1.000000000,0.216061185,0.000000,motion_end,0.216061185,0.077234,0.128347,0.034431,0.000000,0.087300,0.000000,4.270833,0.350000,beat-sync,0.842880,1.319444,,-0.333110265,0.234246373,right_wrist_yaw,0.000000000,right_wrist_pitch,0.234246373,right_wrist_yaw,0.000000000,right_wrist_pitch,-0.479846,0.464869,0.856513,1.913128,0.000000000,0.000000000,0.000000000,0.000950786,0.000796964,0.007295884,23.224000,0.000000000,0.000000000,,0.000000,0.000000,0.000000,,0.004610575,0,1,0,10,gPO_sBM_cAll_d10_mPO0_ch01;gPO_sBM_cAll_d11_mPO0_ch01;gPO_sBM_cAll_d11_mPO0_ch02;gPO_sBM_cAll_d10_mPO0_ch02;gPO_sBM_cAll_d12_mPO3_ch02;gHO_sBM_cAll_d20_mHO5_ch10;gHO_sBM_cAll_d21_mHO5_ch10;gHO_sBM_cAll_d20_mHO5_ch06;gHO_sBM_cAll_d21_mHO5_ch09;gHO_sBM_cAll_d21_mHO5_ch03,,43.564500,549.950200,53.140800,3477.906400,accepted,0.960961,,0.929020,0.258379730,30.013378,0.091206,HO,0.862215,0.007877,0.002761,JB3:0.676399;JB5:0.668523;JB1:0.650648;LO4:0.632544;WA4:0.621912,gHO_sBM_cAll_d20_mHO5_ch10:0.663842;gHO_sBM_cAll_d21_mHO5_ch10:0.661080;gHO_sBM_cAll_d20_mHO5_ch06:0.660961;gHO_sBM_cAll_d21_mHO5_ch09:0.659908;gHO_sBM_cAll_d21_mHO5_ch03:0.653930;gHO_sBM_cAll_d21_mHO5_ch05:0.646047;gHO_sBM_cAll_d20_mHO5_ch05:0.642812;gHO_sBM_cAll_d21_mHO5_ch02:0.642677;gHO_sBM_cAll_d20_mHO5_ch04:0.641993;gHO_sBM_cAll_d21_mHO5_ch04:0.639983,Electronic---Techno:0.270227;Electronic---Electro:0.203205;Electronic---Deep Techno:0.120918;Electronic---Deep House:0.113228;Electronic---Synthwave:0.099851,PO:v1:k0:r1,,JB3,0.676399,gHO_sBM_cAll_d20_mHO5_ch10,0.663842,120.967742
23.480000,23.502265000,,hermite,terminal_hold,Candidates and replay infeasible: Boundary state exceeds joint limits,,,,0,0.0,1,gPO_sBM_cAll_d12_mPO3_ch02,,,22.488000,gHO_sBM_cAll_d20_mHO5_ch10;gHO_sBM_cAll_d21_mHO5_ch10;gHO_sBM_cAll_d20_mHO5_ch06;gHO_sBM_cAll_d21_mHO5_ch09;gHO_sBM_cAll_d21_mHO5_ch03,19.869282,113,,,,1.000000000,0.216061185,0.000000,motion_end,0.216061185,0.077234,0.128347,0.034431,0.000000,0.087300,0.000000,4.270833,0.350000,beat-sync,0.842880,1.319444,,-0.333110265,0.234246373,right_wrist_yaw,0.000000000,right_wrist_pitch,0.234246373,right_wrist_yaw,0.000000000,right_wrist_pitch,-0.479846,0.464869,0.856513,1.913128,0.000000000,0.000000000,0.000000000,0.000950786,0.000796964,0.007295884,23.224000,0.000000000,0.000000000,,0.000000,0.000000,0.000000,,0.004597701,0,1,0,10,gPO_sBM_cAll_d10_mPO0_ch01;gPO_sBM_cAll_d11_mPO0_ch01;gPO_sBM_cAll_d11_mPO0_ch02;gPO_sBM_cAll_d10_mPO0_ch02;gPO_sBM_cAll_d12_mPO3_ch02;gHO_sBM_cAll_d20_mHO5_ch10;gHO_sBM_cAll_d21_mHO5_ch10;gHO_sBM_cAll_d20_mHO5_ch06;gHO_sBM_cAll_d21_mHO5_ch09;gHO_sBM_cAll_d21_mHO5_ch03,,43.564500,549.950200,53.140800,3477.906400,accepted,0.960961,,0.929020,0.258379730,30.013378,0.091206,HO,0.862215,0.007877,0.002761,JB3:0.676399;JB5:0.668523;JB1:0.650648;LO4:0.632544;WA4:0.621912,gHO_sBM_cAll_d20_mHO5_ch10:0.663842;gHO_sBM_cAll_d21_mHO5_ch10:0.661080;gHO_sBM_cAll_d20_mHO5_ch06:0.660961;gHO_sBM_cAll_d21_mHO5_ch09:0.659908;gHO_sBM_cAll_d21_mHO5_ch03:0.653930;gHO_sBM_cAll_d21_mHO5_ch05:0.646047;gHO_sBM_cAll_d20_mHO5_ch05:0.642812;gHO_sBM_cAll_d21_mHO5_ch02:0.642677;gHO_sBM_cAll_d20_mHO5_ch04:0.641993;gHO_sBM_cAll_d21_mHO5_ch04:0.639983,Electronic---Techno:0.270227;Electronic---Electro:0.203205;Electronic---Deep Techno:0.120918;Electronic---Deep House:0.113228;Electronic---Synthwave:0.099851,PO:v1:k0:r1,,JB3,0.676399,gHO_sBM_cAll_d20_mHO5_ch10,0.663842,120.967742
23.512000,23.530585700,,hermite,terminal_hold,Candidates and replay infeasible: Boundary state exceeds joint limits,,,,0,0.0,1,gPO_sBM_cAll_d12_mPO3_ch02,,,22.488000,gHO_sBM_cAll_d20_mHO5_ch10;gHO_sBM_cAll_d21_mHO5_ch10;gHO_sBM_cAll_d20_mHO5_ch06;gHO_sBM_cAll_d21_mHO5_ch09;gHO_sBM_cAll_d21_mHO5_ch03,19.869282,113,,,,1.000000000,0.216061185,0.000000,motion_end,0.216061185,0.077234,0.128347,0.034431,0.000000,0.087300,0.000000,4.270833,0.350000,beat-sync,0.842880,1.319444,,-0.333110265,0.234246373,right_wrist_yaw,0.000000000,right_wrist_pitch,0.234246373,right_wrist_yaw,0.000000000,right_wrist_pitch,-0.479846,0.464869,0.856513,1.913128,0.000000000,0.000000000,0.000000000,0.000950786,0.000796964,0.007295884,23.224000,0.000000000,0.000000000,,0.000000,0.000000,0.000000,,0.004592892,0,1,0,10,gPO_sBM_cAll_d10_mPO0_ch01;gPO_sBM_cAll_d11_mPO0_ch01;gPO_sBM_cAll_d11_mPO0_ch02;gPO_sBM_cAll_d10_mPO0_ch02;gPO_sBM_cAll_d12_mPO3_ch02;gHO_sBM_cAll_d20_mHO5_ch10;gHO_sBM_cAll_d21_mHO5_ch10;gHO_sBM_cAll_d20_mHO5_ch06;gHO_sBM_cAll_d21_mHO5_ch09;gHO_sBM_cAll_d21_mHO5_ch03,,43.564500,549.950200,53.140800,3477.906400,accepted,0.960961,,0.929020,0.258379730,30.013378,0.091206,HO,0.862215,0.007877,0.002761,JB3:0.676399;JB5:0.668523;JB1:0.650648;LO4:0.632544;WA4:0.621912,gHO_sBM_cAll_d20_mHO5_ch10:0.663842;gHO_sBM_cAll_d21_mHO5_ch10:0.661080;gHO_sBM_cAll_d20_mHO5_ch06:0.660961;gHO_sBM_cAll_d21_mHO5_ch09:0.659908;gHO_sBM_cAll_d21_mHO5_ch03:0.653930;gHO_sBM_cAll_d21_mHO5_ch05:0.646047;gHO_sBM_cAll_d20_mHO5_ch05:0.642812;gHO_sBM_cAll_d21_mHO5_ch02:0.642677;gHO_sBM_cAll_d20_mHO5_ch04:0.641993;gHO_sBM_cAll_d21_mHO5_ch04:0.639983,Electronic---Techno:0.270227;Electronic---Electro:0.203205;Electronic---Deep Techno:0.120918;Electronic---Deep House:0.113228;Electronic---Synthwave:0.099851,PO:v1:k0:r1,,JB3,0.676399,gHO_sBM_cAll_d20_mHO5_ch10,0.663842,120.967742
23.576000,23.594034700,,hermite,terminal_hold,Candidates and replay infeasible: Boundary state exceeds joint limits,,,,0,0.0,1,gPO_sBM_cAll_d12_mPO3_ch02,,,22.488000,gHO_sBM_cAll_d20_mHO5_ch10;gHO_sBM_cAll_d21_mHO5_ch10;gHO_sBM_cAll_d20_mHO5_ch06;gHO_sBM_cAll_d21_mHO5_ch09;gHO_sBM_cAll_d21_mHO5_ch03,19.869282,113,,,,1.000000000,0.216061185,0.000000,motion_end,0.216061185,0.077234,0.128347,0.034431,0.000000,0.087300,0.000000,4.270833,0.350000,beat-sync,0.842880,1.319444,,-0.333110265,0.234246373,right_wrist_yaw,0.000000000,right_wrist_pitch,0.234246373,right_wrist_yaw,0.000000000,right_wrist_pitch,-0.479846,0.464869,0.856513,1.913128,0.000000000,0.000000000,0.000000000,0.000950786,0.000796964,0.007295884,23.224000,0.000000000,0.000000000,,0.000000,0.000000,0.000000,,0.004580116,0,1,0,10,gPO_sBM_cAll_d10_mPO0_ch01;gPO_sBM_cAll_d11_mPO0_ch01;gPO_sBM_cAll_d11_mPO0_ch02;gPO_sBM_cAll_d10_mPO0_ch02;gPO_sBM_cAll_d12_mPO3_ch02;gHO_sBM_cAll_d20_mHO5_ch10;gHO_sBM_cAll_d21_mHO5_ch10;gHO_sBM_cAll_d20_mHO5_ch06;gHO_sBM_cAll_d21_mHO5_ch09;gHO_sBM_cAll_d21_mHO5_ch03,,43.564500,549.950200,53.140800,3477.906400,accepted,0.960961,,0.929020,0.258379730,30.013378,0.091206,HO,0.862215,0.007877,0.002761,JB3:0.676399;JB5:0.668523;JB1:0.650648;LO4:0.632544;WA4:0.621912,gHO_sBM_cAll_d20_mHO5_ch10:0.663842;gHO_sBM_cAll_d21_mHO5_ch10:0.661080;gHO_sBM_cAll_d20_mHO5_ch06:0.660961;gHO_sBM_cAll_d21_mHO5_ch09:0.659908;gHO_sBM_cAll_d21_mHO5_ch03:0.653930;gHO_sBM_cAll_d21_mHO5_ch05:0.646047;gHO_sBM_cAll_d20_mHO5_ch05:0.642812;gHO_sBM_cAll_d21_mHO5_ch02:0.642677;gHO_sBM_cAll_d20_mHO5_ch04:0.641993;gHO_sBM_cAll_d21_mHO5_ch04:0.639983,Electronic---Techno:0.270227;Electronic---Electro:0.203205;Electronic---Deep Techno:0.120918;Electronic---Deep House:0.113228;Electronic---Synthwave:0.099851,PO:v1:k0:r1,,JB3,0.676399,gHO_sBM_cAll_d20_mHO5_ch10,0.663842,120.967742
23.608000,23.620125700,,hermite,terminal_hold,Candidates and replay infeasible: Boundary state exceeds joint limits,,,,0,0.0,1,gPO_sBM_cAll_d12_mPO3_ch02,,,22.488000,gHO_sBM_cAll_d20_mHO5_ch10;gHO_sBM_cAll_d21_mHO5_ch10;gHO_sBM_cAll_d20_mHO5_ch06;gHO_sBM_cAll_d21_mHO5_ch09;gHO_sBM_cAll_d21_mHO5_ch03,19.869282,113,,,,1.000000000,0.216061185,0.000000,motion_end,0.216061185,0.077234,0.128347,0.034431,0.000000,0.087300,0.000000,4.270833,0.350000,beat-sync,0.842880,1.319444,,-0.333110265,0.234246373,right_wrist_yaw,0.000000000,right_wrist_pitch,0.234246373,right_wrist_yaw,0.000000000,right_wrist_pitch,-0.479846,0.464869,0.856513,1.913128,0.000000000,0.000000000,0.000000000,0.000950786,0.000796964,0.007295884,23.224000,0.000000000,0.000000000,,0.000000,0.000000,0.000000,,0.004575343,0,1,0,10,gPO_sBM_cAll_d10_mPO0_ch01;gPO_sBM_cAll_d11_mPO0_ch01;gPO_sBM_cAll_d11_mPO0_ch02;gPO_sBM_cAll_d10_mPO0_ch02;gPO_sBM_cAll_d12_mPO3_ch02;gHO_sBM_cAll_d20_mHO5_ch10;gHO_sBM_cAll_d21_mHO5_ch10;gHO_sBM_cAll_d20_mHO5_ch06;gHO_sBM_cAll_d21_mHO5_ch09;gHO_sBM_cAll_d21_mHO5_ch03,,43.564500,549.950200,53.140800,3477.906400,accepted,0.960961,,0.929020,0.258379730,30.013378,0.091206,HO,0.862215,0.007877,0.002761,JB3:0.676399;JB5:0.668523;JB1:0.650648;LO4:0.632544;WA4:0.621912,gHO_sBM_cAll_d20_mHO5_ch10:0.663842;gHO_sBM_cAll_d21_mHO5_ch10:0.661080;gHO_sBM_cAll_d20_mHO5_ch06:0.660961;gHO_sBM_cAll_d21_mHO5_ch09:0.659908;gHO_sBM_cAll_d21_mHO5_ch03:0.653930;gHO_sBM_cAll_d21_mHO5_ch05:0.646047;gHO_sBM_cAll_d20_mHO5_ch05:0.642812;gHO_sBM_cAll_d21_mHO5_ch02:0.642677;gHO_sBM_cAll_d20_mHO5_ch04:0.641993;gHO_sBM_cAll_d21_mHO5_ch04:0.639983,Electronic---Techno:0.270227;Electronic---Electro:0.203205;Electronic---Deep Techno:0.120918;Electronic---Deep House:0.113228;Electronic---Synthwave:0.099851,PO:v1:k0:r1,,JB3,0.676399,gHO_sBM_cAll_d20_mHO5_ch10,0.663842,120.967742
23.672000,23.687227100,,hermite,terminal_hold,Candidates and replay infeasible: Boundary state exceeds joint limits,,,,0,0.0,1,gPO_sBM_cAll_d12_mPO3_ch02,,,22.488000,gHO_sBM_cAll_d20_mHO5_ch10;gHO_sBM_cAll_d21_mHO5_ch10;gHO_sBM_cAll_d20_mHO5_ch06;gHO_sBM_cAll_d21_mHO5_ch09;gHO_sBM_cAll_d21_mHO5_ch03,19.869282,113,,,,1.000000000,0.216061185,0.000000,motion_end,0.216061185,0.077234,0.128347,0.034431,0.000000,0.087300,0.000000,4.270833,0.350000,beat-sync,0.842880,1.319444,,-0.333110265,0.234246373,right_wrist_yaw,0.000000000,right_wrist_pitch,0.234246373,right_wrist_yaw,0.000000000,right_wrist_pitch,-0.479846,0.464869,0.856513,1.913128,0.000000000,0.000000000,0.000000000,0.000950786,0.000796964,0.007295884,23.224000,0.000000000,0.000000000,,0.000000,0.000000,0.000000,,0.004562665,0,1,0,10,gPO_sBM_cAll_d10_mPO0_ch01;gPO_sBM_cAll_d11_mPO0_ch01;gPO_sBM_cAll_d11_mPO0_ch02;gPO_sBM_cAll_d10_mPO0_ch02;gPO_sBM_cAll_d12_mPO3_ch02;gHO_sBM_cAll_d20_mHO5_ch10;gHO_sBM_cAll_d21_mHO5_ch10;gHO_sBM_cAll_d20_mHO5_ch06;gHO_sBM_cAll_d21_mHO5_ch09;gHO_sBM_cAll_d21_mHO5_ch03,,43.564500,549.950200,53.140800,3477.906400,accepted,0.960961,,0.929020,0.258379730,30.013378,0.091206,HO,0.862215,0.007877,0.002761,JB3:0.676399;JB5:0.668523;JB1:0.650648;LO4:0.632544;WA4:0.621912,gHO_sBM_cAll_d20_mHO5_ch10:0.663842;gHO_sBM_cAll_d21_mHO5_ch10:0.661080;gHO_sBM_cAll_d20_mHO5_ch06:0.660961;gHO_sBM_cAll_d21_mHO5_ch09:0.659908;gHO_sBM_cAll_d21_mHO5_ch03:0.653930;gHO_sBM_cAll_d21_mHO5_ch05:0.646047;gHO_sBM_cAll_d20_mHO5_ch05:0.642812;gHO_sBM_cAll_d21_mHO5_ch02:0.642677;gHO_sBM_cAll_d20_mHO5_ch04:0.641993;gHO_sBM_cAll_d21_mHO5_ch04:0.639983,Electronic---Techno:0.270227;Electronic---Electro:0.203205;Electronic---Deep Techno:0.120918;Electronic---Deep House:0.113228;Electronic---Synthwave:0.099851,PO:v1:k0:r1,,JB3,0.676399,gHO_sBM_cAll_d20_mHO5_ch10,0.663842,120.967742
23.704000,23.719094200,,hermite,terminal_hold,Candidates and replay infeasible: Boundary state exceeds joint limits,,,,0,0.0,1,gPO_sBM_cAll_d12_mPO3_ch02,,,22.488000,gHO_sBM_cAll_d20_mHO5_ch10;gHO_sBM_cAll_d21_mHO5_ch10;gHO_sBM_cAll_d20_mHO5_ch06;gHO_sBM_cAll_d21_mHO5_ch09;gHO_sBM_cAll_d21_mHO5_ch03,19.869282,113,,,,1.000000000,0.216061185,0.000000,motion_end,0.216061185,0.077234,0.128347,0.034431,0.000000,0.087300,0.000000,4.270833,0.350000,beat-sync,0.842880,1.319444,,-0.333110265,0.234246373,right_wrist_yaw,0.000000000,right_wrist_pitch,0.234246373,right_wrist_yaw,0.000000000,right_wrist_pitch,-0.479846,0.464869,0.856513,1.913128,0.000000000,0.000000000,0.000000000,0.000950786,0.000796964,0.007295884,23.224000,0.000000000,0.000000000,,0.000000,0.000000,0.000000,,0.004556352,0,1,0,10,gPO_sBM_cAll_d10_mPO0_ch01;gPO_sBM_cAll_d11_mPO0_ch01;gPO_sBM_cAll_d11_mPO0_ch02;gPO_sBM_cAll_d10_mPO0_ch02;gPO_sBM_cAll_d12_mPO3_ch02;gHO_sBM_cAll_d20_mHO5_ch10;gHO_sBM_cAll_d21_mHO5_ch10;gHO_sBM_cAll_d20_mHO5_ch06;gHO_sBM_cAll_d21_mHO5_ch09;gHO_sBM_cAll_d21_mHO5_ch03,,43.564500,549.950200,53.140800,3477.906400,accepted,0.960961,,0.929020,0.258379730,30.013378,0.091206,HO,0.862215,0.007877,0.002761,JB3:0.676399;JB5:0.668523;JB1:0.650648;LO4:0.632544;WA4:0.621912,gHO_sBM_cAll_d20_mHO5_ch10:0.663842;gHO_sBM_cAll_d21_mHO5_ch10:0.661080;gHO_sBM_cAll_d20_mHO5_ch06:0.660961;gHO_sBM_cAll_d21_mHO5_ch09:0.659908;gHO_sBM_cAll_d21_mHO5_ch03:0.653930;gHO_sBM_cAll_d21_mHO5_ch05:0.646047;gHO_sBM_cAll_d20_mHO5_ch05:0.642812;gHO_sBM_cAll_d21_mHO5_ch02:0.642677;gHO_sBM_cAll_d20_mHO5_ch04:0.641993;gHO_sBM_cAll_d21_mHO5_ch04:0.639983,Electronic---Techno:0.270227;Electronic---Electro:0.203205;Electronic---Deep Techno:0.120918;Electronic---Deep House:0.113228;Electronic---Synthwave:0.099851,PO:v1:k0:r1,,JB3,0.676399,gHO_sBM_cAll_d20_mHO5_ch10,0.663842,120.967742
23.768000,23.778481900,,hermite,terminal_hold,Candidates and replay infeasible: Boundary state exceeds joint limits,,,,0,0.0,1,gPO_sBM_cAll_d12_mPO3_ch02,,,22.488000,gHO_sBM_cAll_d20_mHO5_ch10;gHO_sBM_cAll_d21_mHO5_ch10;gHO_sBM_cAll_d20_mHO5_ch06;gHO_sBM_cAll_d21_mHO5_ch09;gHO_sBM_cAll_d21_mHO5_ch03,19.869282,113,,,,1.000000000,0.216061185,0.000000,motion_end,0.216061185,0.077234,0.128347,0.034431,0.000000,0.087300,0.000000,4.270833,0.350000,beat-sync,0.842880,1.319444,,-0.333110265,0.234246373,right_wrist_yaw,0.000000000,right_wrist_pitch,0.234246373,right_wrist_yaw,0.000000000,right_wrist_pitch,-0.479846,0.464869,0.856513,1.913128,0.000000000,0.000000000,0.000000000,0.000950786,0.000796964,0.007295884,23.224000,0.000000000,0.000000000,,0.000000,0.000000,0.000000,,0.004545346,0,1,0,10,gPO_sBM_cAll_d10_mPO0_ch01;gPO_sBM_cAll_d11_mPO0_ch01;gPO_sBM_cAll_d11_mPO0_ch02;gPO_sBM_cAll_d10_mPO0_ch02;gPO_sBM_cAll_d12_mPO3_ch02;gHO_sBM_cAll_d20_mHO5_ch10;gHO_sBM_cAll_d21_mHO5_ch10;gHO_sBM_cAll_d20_mHO5_ch06;gHO_sBM_cAll_d21_mHO5_ch09;gHO_sBM_cAll_d21_mHO5_ch03,,43.564500,549.950200,53.140800,3477.906400,accepted,0.960961,,0.929020,0.258379730,30.013378,0.091206,HO,0.862215,0.007877,0.002761,JB3:0.676399;JB5:0.668523;JB1:0.650648;LO4:0.632544;WA4:0.621912,gHO_sBM_cAll_d20_mHO5_ch10:0.663842;gHO_sBM_cAll_d21_mHO5_ch10:0.661080;gHO_sBM_cAll_d20_mHO5_ch06:0.660961;gHO_sBM_cAll_d21_mHO5_ch09:0.659908;gHO_sBM_cAll_d21_mHO5_ch03:0.653930;gHO_sBM_cAll_d21_mHO5_ch05:0.646047;gHO_sBM_cAll_d20_mHO5_ch05:0.642812;gHO_sBM_cAll_d21_mHO5_ch02:0.642677;gHO_sBM_cAll_d20_mHO5_ch04:0.641993;gHO_sBM_cAll_d21_mHO5_ch04:0.639983,Electronic---Techno:0.270227;Electronic---Electro:0.203205;Electronic---Deep Techno:0.120918;Electronic---Deep House:0.113228;Electronic---Synthwave:0.099851,PO:v1:k0:r1,,JB3,0.676399,gHO_sBM_cAll_d20_mHO5_ch10,0.663842,120.967742
23.800000,23.813411700,,hermite,terminal_hold,Candidates and replay infeasible: Boundary state exceeds joint limits,,,,0,0.0,1,gPO_sBM_cAll_d12_mPO3_ch02,,,22.488000,gHO_sBM_cAll_d20_mHO5_ch10;gHO_sBM_cAll_d21_mHO5_ch10;gHO_sBM_cAll_d20_mHO5_ch06;gHO_sBM_cAll_d21_mHO5_ch09;gHO_sBM_cAll_d21_mHO5_ch03,19.869282,113,,,,1.000000000,0.216061185,0.000000,motion_end,0.216061185,0.077234,0.128347,0.034431,0.000000,0.087300,0.000000,4.270833,0.350000,beat-sync,0.842880,0.911458,,0.489849434,0.234246373,right_wrist_yaw,0.000000000,right_wrist_pitch,0.234246373,right_wrist_yaw,0.000000000,right_wrist_pitch,-0.479846,0.464869,0.856513,1.913128,0.000000000,0.000000000,0.000000000,0.000950786,0.000796964,0.007295884,23.768000,0.000000000,0.000000000,,0.000000,0.000000,0.000000,,0.004539081,0,1,0,10,gPO_sBM_cAll_d10_mPO0_ch01;gPO_sBM_cAll_d11_mPO0_ch01;gPO_sBM_cAll_d11_mPO0_ch02;gPO_sBM_cAll_d10_mPO0_ch02;gPO_sBM_cAll_d12_mPO3_ch02;gHO_sBM_cAll_d20_mHO5_ch10;gHO_sBM_cAll_d21_mHO5_ch10;gHO_sBM_cAll_d20_mHO5_ch06;gHO_sBM_cAll_d21_mHO5_ch09;gHO_sBM_cAll_d21_mHO5_ch03,,43.564500,549.950200,53.140800,3477.906400,accepted,0.960961,,0.929020,0.258379730,30.013378,0.091206,HO,0.862215,0.007877,0.002761,JB3:0.676399;JB5:0.668523;JB1:0.650648;LO4:0.632544;WA4:0.621912,gHO_sBM_cAll_d20_mHO5_ch10:0.663842;gHO_sBM_cAll_d21_mHO5_ch10:0.661080;gHO_sBM_cAll_d20_mHO5_ch06:0.660961;gHO_sBM_cAll_d21_mHO5_ch09:0.659908;gHO_sBM_cAll_d21_mHO5_ch03:0.653930;gHO_sBM_cAll_d21_mHO5_ch05:0.646047;gHO_sBM_cAll_d20_mHO5_ch05:0.642812;gHO_sBM_cAll_d21_mHO5_ch02:0.642677;gHO_sBM_cAll_d20_mHO5_ch04:0.641993;gHO_sBM_cAll_d21_mHO5_ch04:0.639983,Electronic---Techno:0.270227;Electronic---Electro:0.203205;Electronic---Deep Techno:0.120918;Electronic---Deep House:0.113228;Electronic---Synthwave:0.099851,PO:v1:k0:r1,,JB3,0.676399,gHO_sBM_cAll_d20_mHO5_ch10,0.663842,120.967742
23.832000,23.895871400,beat_limiter_result,hermite,terminal_hold,Candidates and replay infeasible: Boundary state exceeds joint limits,,,,0,0.0,1,gPO_sBM_cAll_d12_mPO3_ch02,,,22.488000,gHO_sBM_cAll_d20_mHO5_ch10;gHO_sBM_cAll_d21_mHO5_ch10;gHO_sBM_cAll_d20_mHO5_ch06;gHO_sBM_cAll_d21_mHO5_ch09;gHO_sBM_cAll_d21_mHO5_ch03,19.869282,113,,,,1.000000000,0.216061185,0.000000,motion_end,0.216061185,0.077234,0.128347,0.034431,0.000000,0.087300,0.000000,4.270833,0.350000,beat-sync,0.842880,0.911458,,0.489849434,0.234246373,right_wrist_yaw,0.000000000,right_wrist_pitch,0.234246373,right_wrist_yaw,0.000000000,right_wrist_pitch,-0.479846,0.464869,0.856513,1.913128,0.000000000,0.000000000,0.000000000,0.000950786,0.000796964,0.007295884,23.768000,0.000000000,0.000000000,,0.000000,0.000000,0.000000,,0.004531274,0,1,0,10,gPO_sBM_cAll_d10_mPO0_ch01;gPO_sBM_cAll_d11_mPO0_ch01;gPO_sBM_cAll_d11_mPO0_ch02;gPO_sBM_cAll_d10_mPO0_ch02;gPO_sBM_cAll_d12_mPO3_ch02;gHO_sBM_cAll_d20_mHO5_ch10;gHO_sBM_cAll_d21_mHO5_ch10;gHO_sBM_cAll_d20_mHO5_ch06;gHO_sBM_cAll_d21_mHO5_ch09;gHO_sBM_cAll_d21_mHO5_ch03,,43.564500,549.950200,53.140800,3477.906400,accepted,0.960961,,0.929020,0.258379730,30.013378,0.091206,HO,0.862215,0.007877,0.002761,JB3:0.676399;JB5:0.668523;JB1:0.650648;LO4:0.632544;WA4:0.621912,gHO_sBM_cAll_d20_mHO5_ch10:0.663842;gHO_sBM_cAll_d21_mHO5_ch10:0.661080;gHO_sBM_cAll_d20_mHO5_ch06:0.660961;gHO_sBM_cAll_d21_mHO5_ch09:0.659908;gHO_sBM_cAll_d21_mHO5_ch03:0.653930;gHO_sBM_cAll_d21_mHO5_ch05:0.646047;gHO_sBM_cAll_d20_mHO5_ch05:0.642812;gHO_sBM_cAll_d21_mHO5_ch02:0.642677;gHO_sBM_cAll_d20_mHO5_ch04:0.641993;gHO_sBM_cAll_d21_mHO5_ch04:0.639983,Electronic---Techno:0.270227;Electronic---Electro:0.203205;Electronic---Deep Techno:0.120918;Electronic---Deep House:0.113228;Electronic---Synthwave:0.099851,PO:v1:k0:r1,,JB3,0.676399,gHO_sBM_cAll_d20_mHO5_ch10,0.663842,120.967742
23.896000,23.939427000,,hermite,terminal_hold,Candidates and replay infeasible: Boundary state exceeds joint limits,,,,0,0.0,1,gPO_sBM_cAll_d12_mPO3_ch02,,,22.488000,gHO_sBM_cAll_d20_mHO5_ch10;gHO_sBM_cAll_d21_mHO5_ch10;gHO_sBM_cAll_d20_mHO5_ch06;gHO_sBM_cAll_d21_mHO5_ch09;gHO_sBM_cAll_d21_mHO5_ch03,19.869282,113,,,,1.000000000,0.216061185,0.000000,motion_end,0.216061185,0.077234,0.128347,0.034431,0.000000,0.087300,0.000000,4.270833,0.350000,beat-sync,0.842880,0.911458,,0.489849434,0.234246373,right_wrist_yaw,0.000000000,right_wrist_pitch,0.234246373,right_wrist_yaw,0.000000000,right_wrist_pitch,-0.479846,0.464869,0.856513,1.913128,0.000000000,0.000000000,0.000000000,0.000950786,0.000796964,0.007295884,23.768000,0.000000000,0.000000000,,0.000000,0.000000,0.000000,,0.004529716,0,1,0,10,gPO_sBM_cAll_d10_mPO0_ch01;gPO_sBM_cAll_d11_mPO0_ch01;gPO_sBM_cAll_d11_mPO0_ch02;gPO_sBM_cAll_d10_mPO0_ch02;gPO_sBM_cAll_d12_mPO3_ch02;gHO_sBM_cAll_d20_mHO5_ch10;gHO_sBM_cAll_d21_mHO5_ch10;gHO_sBM_cAll_d20_mHO5_ch06;gHO_sBM_cAll_d21_mHO5_ch09;gHO_sBM_cAll_d21_mHO5_ch03,,43.564500,549.950200,53.140800,3477.906400,accepted,0.960961,,0.929020,0.258379730,30.013378,0.091206,HO,0.862215,0.007877,0.002761,JB3:0.676399;JB5:0.668523;JB1:0.650648;LO4:0.632544;WA4:0.621912,gHO_sBM_cAll_d20_mHO5_ch10:0.663842;gHO_sBM_cAll_d21_mHO5_ch10:0.661080;gHO_sBM_cAll_d20_mHO5_ch06:0.660961;gHO_sBM_cAll_d21_mHO5_ch09:0.659908;gHO_sBM_cAll_d21_mHO5_ch03:0.653930;gHO_sBM_cAll_d21_mHO5_ch05:0.646047;gHO_sBM_cAll_d20_mHO5_ch05:0.642812;gHO_sBM_cAll_d21_mHO5_ch02:0.642677;gHO_sBM_cAll_d20_mHO5_ch04:0.641993;gHO_sBM_cAll_d21_mHO5_ch04:0.639983,Electronic---Techno:0.270227;Electronic---Electro:0.203205;Electronic---Deep Techno:0.120918;Electronic---Deep House:0.113228;Electronic---Synthwave:0.099851,PO:v1:k0:r1,,JB3,0.676399,gHO_sBM_cAll_d20_mHO5_ch10,0.663842,120.967742
23.928000,23.974585700,,hermite,terminal_hold,Candidates and replay infeasible: Boundary state exceeds joint limits,,,,0,0.0,1,gPO_sBM_cAll_d12_mPO3_ch02,,,22.488000,gHO_sBM_cAll_d20_mHO5_ch10;gHO_sBM_cAll_d21_mHO5_ch10;gHO_sBM_cAll_d20_mHO5_ch06;gHO_sBM_cAll_d21_mHO5_ch09;gHO_sBM_cAll_d21_mHO5_ch03,19.869282,113,,,,1.000000000,0.216061185,0.000000,motion_end,0.216061185,0.077234,0.128347,0.034431,0.000000,0.087300,0.000000,4.270833,0.350000,beat-sync,0.842880,0.911458,,0.489849434,0.234246373,right_wrist_yaw,0.000000000,right_wrist_pitch,0.234246373,right_wrist_yaw,0.000000000,right_wrist_pitch,-0.479846,0.464869,0.856513,1.913128,0.000000000,0.000000000,0.000000000,0.000950786,0.000796964,0.007295884,23.768000,0.000000000,0.000000000,,0.000000,0.000000,0.000000,,0.004528159,0,1,0,10,gPO_sBM_cAll_d10_mPO0_ch01;gPO_sBM_cAll_d11_mPO0_ch01;gPO_sBM_cAll_d11_mPO0_ch02;gPO_sBM_cAll_d10_mPO0_ch02;gPO_sBM_cAll_d12_mPO3_ch02;gHO_sBM_cAll_d20_mHO5_ch10;gHO_sBM_cAll_d21_mHO5_ch10;gHO_sBM_cAll_d20_mHO5_ch06;gHO_sBM_cAll_d21_mHO5_ch09;gHO_sBM_cAll_d21_mHO5_ch03,,43.564500,549.950200,53.140800,3477.906400,accepted,0.960961,,0.929020,0.258379730,30.013378,0.091206,HO,0.862215,0.007877,0.002761,JB3:0.676399;JB5:0.668523;JB1:0.650648;LO4:0.632544;WA4:0.621912,gHO_sBM_cAll_d20_mHO5_ch10:0.663842;gHO_sBM_cAll_d21_mHO5_ch10:0.661080;gHO_sBM_cAll_d20_mHO5_ch06:0.660961;gHO_sBM_cAll_d21_mHO5_ch09:0.659908;gHO_sBM_cAll_d21_mHO5_ch03:0.653930;gHO_sBM_cAll_d21_mHO5_ch05:0.646047;gHO_sBM_cAll_d20_mHO5_ch05:0.642812;gHO_sBM_cAll_d21_mHO5_ch02:0.642677;gHO_sBM_cAll_d20_mHO5_ch04:0.641993;gHO_sBM_cAll_d21_mHO5_ch04:0.639983,Electronic---Techno:0.270227;Electronic---Electro:0.203205;Electronic---Deep Techno:0.120918;Electronic---Deep House:0.113228;Electronic---Synthwave:0.099851,PO:v1:k0:r1,,JB3,0.676399,gHO_sBM_cAll_d20_mHO5_ch10,0.663842,120.967742
23.960000,24.001655900,,hermite,terminal_hold,Candidates and replay infeasible: Boundary state exceeds joint limits,,,,0,0.0,1,gPO_sBM_cAll_d12_mPO3_ch02,,,22.488000,gHO_sBM_cAll_d20_mHO5_ch10;gHO_sBM_cAll_d21_mHO5_ch10;gHO_sBM_cAll_d20_mHO5_ch06;gHO_sBM_cAll_d21_mHO5_ch09;gHO_sBM_cAll_d21_mHO5_ch03,19.869282,113,,,,1.000000000,0.216061185,0.000000,motion_end,0.216061185,0.077234,0.128347,0.034431,0.000000,0.087300,0.000000,4.270833,0.350000,beat-sync,0.842880,0.911458,,0.489849434,0.234246373,right_wrist_yaw,0.000000000,right_wrist_pitch,0.234246373,right_wrist_yaw,0.000000000,right_wrist_pitch,-0.479846,0.464869,0.856513,1.913128,0.000000000,0.000000000,0.000000000,0.000950786,0.000796964,0.007295884,23.768000,0.000000000,0.000000000,,0.000000,0.000000,0.000000,,0.004526603,0,1,0,10,gPO_sBM_cAll_d10_mPO0_ch01;gPO_sBM_cAll_d11_mPO0_ch01;gPO_sBM_cAll_d11_mPO0_ch02;gPO_sBM_cAll_d10_mPO0_ch02;gPO_sBM_cAll_d12_mPO3_ch02;gHO_sBM_cAll_d20_mHO5_ch10;gHO_sBM_cAll_d21_mHO5_ch10;gHO_sBM_cAll_d20_mHO5_ch06;gHO_sBM_cAll_d21_mHO5_ch09;gHO_sBM_cAll_d21_mHO5_ch03,,43.564500,549.950200,53.140800,3477.906400,accepted,0.960961,,0.929020,0.258379730,30.013378,0.091206,HO,0.862215,0.007877,0.002761,JB3:0.676399;JB5:0.668523;JB1:0.650648;LO4:0.632544;WA4:0.621912,gHO_sBM_cAll_d20_mHO5_ch10:0.663842;gHO_sBM_cAll_d21_mHO5_ch10:0.661080;gHO_sBM_cAll_d20_mHO5_ch06:0.660961;gHO_sBM_cAll_d21_mHO5_ch09:0.659908;gHO_sBM_cAll_d21_mHO5_ch03:0.653930;gHO_sBM_cAll_d21_mHO5_ch05:0.646047;gHO_sBM_cAll_d20_mHO5_ch05:0.642812;gHO_sBM_cAll_d21_mHO5_ch02:0.642677;gHO_sBM_cAll_d20_mHO5_ch04:0.641993;gHO_sBM_cAll_d21_mHO5_ch04:0.639983,Electronic---Techno:0.270227;Electronic---Electro:0.203205;Electronic---Deep Techno:0.120918;Electronic---Deep House:0.113228;Electronic---Synthwave:0.099851,PO:v1:k0:r1,,JB3,0.676399,gHO_sBM_cAll_d20_mHO5_ch10,0.663842,120.967742
24.024000,24.049862400,,hermite,terminal_hold,Candidates and replay infeasible: Boundary state exceeds joint limits,,,,0,0.0,1,gPO_sBM_cAll_d12_mPO3_ch02,,,22.488000,gHO_sBM_cAll_d20_mHO5_ch10;gHO_sBM_cAll_d21_mHO5_ch10;gHO_sBM_cAll_d20_mHO5_ch06;gHO_sBM_cAll_d21_mHO5_ch09;gHO_sBM_cAll_d21_mHO5_ch03,19.869282,113,,,,1.000000000,0.216061185,0.000000,motion_end,0.216061185,0.077234,0.128347,0.034431,0.000000,0.087300,0.000000,4.270833,0.350000,beat-sync,0.842880,0.911458,,0.489849434,0.234246373,right_wrist_yaw,0.000000000,right_wrist_pitch,0.234246373,right_wrist_yaw,0.000000000,right_wrist_pitch,-0.479846,0.464869,0.856513,1.913128,0.000000000,0.000000000,0.000000000,0.000950786,0.000796964,0.007295884,23.768000,0.000000000,0.000000000,,0.000000,0.000000,0.000000,,0.004523494,0,1,0,10,gPO_sBM_cAll_d10_mPO0_ch01;gPO_sBM_cAll_d11_mPO0_ch01;gPO_sBM_cAll_d11_mPO0_ch02;gPO_sBM_cAll_d10_mPO0_ch02;gPO_sBM_cAll_d12_mPO3_ch02;gHO_sBM_cAll_d20_mHO5_ch10;gHO_sBM_cAll_d21_mHO5_ch10;gHO_sBM_cAll_d20_mHO5_ch06;gHO_sBM_cAll_d21_mHO5_ch09;gHO_sBM_cAll_d21_mHO5_ch03,,43.564500,549.950200,53.140800,3477.906400,accepted,0.960961,,0.929020,0.258379730,30.013378,0.091206,HO,0.862215,0.007877,0.002761,JB3:0.676399;JB5:0.668523;JB1:0.650648;LO4:0.632544;WA4:0.621912,gHO_sBM_cAll_d20_mHO5_ch10:0.663842;gHO_sBM_cAll_d21_mHO5_ch10:0.661080;gHO_sBM_cAll_d20_mHO5_ch06:0.660961;gHO_sBM_cAll_d21_mHO5_ch09:0.659908;gHO_sBM_cAll_d21_mHO5_ch03:0.653930;gHO_sBM_cAll_d21_mHO5_ch05:0.646047;gHO_sBM_cAll_d20_mHO5_ch05:0.642812;gHO_sBM_cAll_d21_mHO5_ch02:0.642677;gHO_sBM_cAll_d20_mHO5_ch04:0.641993;gHO_sBM_cAll_d21_mHO5_ch04:0.639983,Electronic---Techno:0.270227;Electronic---Electro:0.203205;Electronic---Deep Techno:0.120918;Electronic---Deep House:0.113228;Electronic---Synthwave:0.099851,PO:v1:k0:r1,,JB3,0.676399,gHO_sBM_cAll_d20_mHO5_ch10,0.663842,120.967742
24.056000,24.084766800,,hermite,terminal_hold,Candidates and replay infeasible: Boundary state exceeds joint limits,,,,0,0.0,1,gPO_sBM_cAll_d12_mPO3_ch02,,,22.488000,gHO_sBM_cAll_d20_mHO5_ch10;gHO_sBM_cAll_d21_mHO5_ch10;gHO_sBM_cAll_d20_mHO5_ch06;gHO_sBM_cAll_d21_mHO5_ch09;gHO_sBM_cAll_d21_mHO5_ch03,19.869282,113,,,,1.000000000,0.216061185,0.000000,motion_end,0.216061185,0.077234,0.128347,0.034431,0.000000,0.087300,0.000000,4.270833,0.350000,beat-sync,0.842880,0.911458,,0.489849434,0.234246373,right_wrist_yaw,0.000000000,right_wrist_pitch,0.234246373,right_wrist_yaw,0.000000000,right_wrist_pitch,-0.479846,0.464869,0.856513,1.913128,0.000000000,0.000000000,0.000000000,0.000950786,0.000796964,0.007295884,23.768000,0.000000000,0.000000000,,0.000000,0.000000,0.000000,,0.004520389,0,1,0,10,gPO_sBM_cAll_d10_mPO0_ch01;gPO_sBM_cAll_d11_mPO0_ch01;gPO_sBM_cAll_d11_mPO0_ch02;gPO_sBM_cAll_d10_mPO0_ch02;gPO_sBM_cAll_d12_mPO3_ch02;gHO_sBM_cAll_d20_mHO5_ch10;gHO_sBM_cAll_d21_mHO5_ch10;gHO_sBM_cAll_d20_mHO5_ch06;gHO_sBM_cAll_d21_mHO5_ch09;gHO_sBM_cAll_d21_mHO5_ch03,,43.564500,549.950200,53.140800,3477.906400,accepted,0.960961,,0.929020,0.258379730,30.013378,0.091206,HO,0.862215,0.007877,0.002761,JB3:0.676399;JB5:0.668523;JB1:0.650648;LO4:0.632544;WA4:0.621912,gHO_sBM_cAll_d20_mHO5_ch10:0.663842;gHO_sBM_cAll_d21_mHO5_ch10:0.661080;gHO_sBM_cAll_d20_mHO5_ch06:0.660961;gHO_sBM_cAll_d21_mHO5_ch09:0.659908;gHO_sBM_cAll_d21_mHO5_ch03:0.653930;gHO_sBM_cAll_d21_mHO5_ch05:0.646047;gHO_sBM_cAll_d20_mHO5_ch05:0.642812;gHO_sBM_cAll_d21_mHO5_ch02:0.642677;gHO_sBM_cAll_d20_mHO5_ch04:0.641993;gHO_sBM_cAll_d21_mHO5_ch04:0.639983,Electronic---Techno:0.270227;Electronic---Electro:0.203205;Electronic---Deep Techno:0.120918;Electronic---Deep House:0.113228;Electronic---Synthwave:0.099851,PO:v1:k0:r1,,JB3,0.676399,gHO_sBM_cAll_d20_mHO5_ch10,0.663842,120.967742
24.120000,24.131038800,,hermite,terminal_hold,Candidates and replay infeasible: Boundary state exceeds joint limits,,,,0,0.0,1,gPO_sBM_cAll_d12_mPO3_ch02,,,22.488000,gHO_sBM_cAll_d20_mHO5_ch10;gHO_sBM_cAll_d21_mHO5_ch10;gHO_sBM_cAll_d20_mHO5_ch06;gHO_sBM_cAll_d21_mHO5_ch09;gHO_sBM_cAll_d21_mHO5_ch03,19.869282,113,,,,1.000000000,0.216061185,0.000000,motion_end,0.216061185,0.077234,0.128347,0.034431,0.000000,0.087300,0.000000,4.270833,0.350000,beat-sync,0.842880,0.911458,,0.489849434,0.234246373,right_wrist_yaw,0.000000000,right_wrist_pitch,0.234246373,right_wrist_yaw,0.000000000,right_wrist_pitch,-0.479846,0.464869,0.856513,1.913128,0.000000000,0.000000000,0.000000000,0.000950786,0.000796964,0.007295884,23.768000,0.000000000,0.000000000,,0.000000,0.000000,0.000000,,0.004512646,0,1,0,10,gPO_sBM_cAll_d10_mPO0_ch01;gPO_sBM_cAll_d11_mPO0_ch01;gPO_sBM_cAll_d11_mPO0_ch02;gPO_sBM_cAll_d10_mPO0_ch02;gPO_sBM_cAll_d12_mPO3_ch02;gHO_sBM_cAll_d20_mHO5_ch10;gHO_sBM_cAll_d21_mHO5_ch10;gHO_sBM_cAll_d20_mHO5_ch06;gHO_sBM_cAll_d21_mHO5_ch09;gHO_sBM_cAll_d21_mHO5_ch03,,43.564500,549.950200,53.140800,3477.906400,accepted,0.960961,,0.929020,0.258379730,30.013378,0.091206,HO,0.862215,0.007877,0.002761,JB3:0.676399;JB5:0.668523;JB1:0.650648;LO4:0.632544;WA4:0.621912,gHO_sBM_cAll_d20_mHO5_ch10:0.663842;gHO_sBM_cAll_d21_mHO5_ch10:0.661080;gHO_sBM_cAll_d20_mHO5_ch06:0.660961;gHO_sBM_cAll_d21_mHO5_ch09:0.659908;gHO_sBM_cAll_d21_mHO5_ch03:0.653930;gHO_sBM_cAll_d21_mHO5_ch05:0.646047;gHO_sBM_cAll_d20_mHO5_ch05:0.642812;gHO_sBM_cAll_d21_mHO5_ch02:0.642677;gHO_sBM_cAll_d20_mHO5_ch04:0.641993;gHO_sBM_cAll_d21_mHO5_ch04:0.639983,Electronic---Techno:0.270227;Electronic---Electro:0.203205;Electronic---Deep Techno:0.120918;Electronic---Deep House:0.113228;Electronic---Synthwave:0.099851,PO:v1:k0:r1,,JB3,0.676399,gHO_sBM_cAll_d20_mHO5_ch10,0.663842,120.967742
24.152000,24.165664300,,hermite,terminal_hold,Candidates and replay infeasible: Boundary state exceeds joint limits,,,,0,0.0,1,gPO_sBM_cAll_d12_mPO3_ch02,,,22.488000,gHO_sBM_cAll_d20_mHO5_ch10;gHO_sBM_cAll_d21_mHO5_ch10;gHO_sBM_cAll_d20_mHO5_ch06;gHO_sBM_cAll_d21_mHO5_ch09;gHO_sBM_cAll_d21_mHO5_ch03,19.869282,113,,,,1.000000000,0.216061185,0.000000,motion_end,0.216061185,0.077234,0.128347,0.034431,0.000000,0.087300,0.000000,4.270833,0.350000,beat-sync,0.842880,0.911458,,0.489849434,0.234246373,right_wrist_yaw,0.000000000,right_wrist_pitch,0.234246373,right_wrist_yaw,0.000000000,right_wrist_pitch,-0.479846,0.464869,0.856513,1.913128,0.000000000,0.000000000,0.000000000,0.000950786,0.000796964,0.007295884,23.768000,0.000000000,0.000000000,,0.000000,0.000000,0.000000,,0.004506471,0,1,0,10,gPO_sBM_cAll_d10_mPO0_ch01;gPO_sBM_cAll_d11_mPO0_ch01;gPO_sBM_cAll_d11_mPO0_ch02;gPO_sBM_cAll_d10_mPO0_ch02;gPO_sBM_cAll_d12_mPO3_ch02;gHO_sBM_cAll_d20_mHO5_ch10;gHO_sBM_cAll_d21_mHO5_ch10;gHO_sBM_cAll_d20_mHO5_ch06;gHO_sBM_cAll_d21_mHO5_ch09;gHO_sBM_cAll_d21_mHO5_ch03,,43.564500,549.950200,53.140800,3477.906400,accepted,0.960961,,0.929020,0.258379730,30.013378,0.091206,HO,0.862215,0.007877,0.002761,JB3:0.676399;JB5:0.668523;JB1:0.650648;LO4:0.632544;WA4:0.621912,gHO_sBM_cAll_d20_mHO5_ch10:0.663842;gHO_sBM_cAll_d21_mHO5_ch10:0.661080;gHO_sBM_cAll_d20_mHO5_ch06:0.660961;gHO_sBM_cAll_d21_mHO5_ch09:0.659908;gHO_sBM_cAll_d21_mHO5_ch03:0.653930;gHO_sBM_cAll_d21_mHO5_ch05:0.646047;gHO_sBM_cAll_d20_mHO5_ch05:0.642812;gHO_sBM_cAll_d21_mHO5_ch02:0.642677;gHO_sBM_cAll_d20_mHO5_ch04:0.641993;gHO_sBM_cAll_d21_mHO5_ch04:0.639983,Electronic---Techno:0.270227;Electronic---Electro:0.203205;Electronic---Deep Techno:0.120918;Electronic---Deep House:0.113228;Electronic---Synthwave:0.099851,PO:v1:k0:r1,,JB3,0.676399,gHO_sBM_cAll_d20_mHO5_ch10,0.663842,120.967742
24.216000,24.231574600,,hermite,terminal_hold,Candidates and replay infeasible: Boundary state exceeds joint limits,,,,0,0.0,1,gPO_sBM_cAll_d12_mPO3_ch02,,,22.488000,gHO_sBM_cAll_d20_mHO5_ch10;gHO_sBM_cAll_d21_mHO5_ch10;gHO_sBM_cAll_d20_mHO5_ch06;gHO_sBM_cAll_d21_mHO5_ch09;gHO_sBM_cAll_d21_mHO5_ch03,19.869282,113,,,,1.000000000,0.216061185,0.000000,motion_end,0.216061185,0.077234,0.128347,0.034431,0.000000,0.087300,0.000000,4.270833,0.350000,beat-sync,0.842880,0.911458,,0.489849434,0.234246373,right_wrist_yaw,0.000000000,right_wrist_pitch,0.234246373,right_wrist_yaw,0.000000000,right_wrist_pitch,-0.479846,0.464869,0.856513,1.913128,0.000000000,0.000000000,0.000000000,0.000950786,0.000796964,0.007295884,23.768000,0.000000000,0.000000000,,0.000000,0.000000,0.000000,,0.004494171,0,1,0,10,gPO_sBM_cAll_d10_mPO0_ch01;gPO_sBM_cAll_d11_mPO0_ch01;gPO_sBM_cAll_d11_mPO0_ch02;gPO_sBM_cAll_d10_mPO0_ch02;gPO_sBM_cAll_d12_mPO3_ch02;gHO_sBM_cAll_d20_mHO5_ch10;gHO_sBM_cAll_d21_mHO5_ch10;gHO_sBM_cAll_d20_mHO5_ch06;gHO_sBM_cAll_d21_mHO5_ch09;gHO_sBM_cAll_d21_mHO5_ch03,,43.564500,549.950200,53.140800,3477.906400,accepted,0.960961,,0.929020,0.258379730,30.013378,0.091206,HO,0.862215,0.007877,0.002761,JB3:0.676399;JB5:0.668523;JB1:0.650648;LO4:0.632544;WA4:0.621912,gHO_sBM_cAll_d20_mHO5_ch10:0.663842;gHO_sBM_cAll_d21_mHO5_ch10:0.661080;gHO_sBM_cAll_d20_mHO5_ch06:0.660961;gHO_sBM_cAll_d21_mHO5_ch09:0.659908;gHO_sBM_cAll_d21_mHO5_ch03:0.653930;gHO_sBM_cAll_d21_mHO5_ch05:0.646047;gHO_sBM_cAll_d20_mHO5_ch05:0.642812;gHO_sBM_cAll_d21_mHO5_ch02:0.642677;gHO_sBM_cAll_d20_mHO5_ch04:0.641993;gHO_sBM_cAll_d21_mHO5_ch04:0.639983,Electronic---Techno:0.270227;Electronic---Electro:0.203205;Electronic---Deep Techno:0.120918;Electronic---Deep House:0.113228;Electronic---Synthwave:0.099851,PO:v1:k0:r1,,JB3,0.676399,gHO_sBM_cAll_d20_mHO5_ch10,0.663842,120.967742
24.248000,24.263778500,match,hermite,terminal_hold,Candidates and replay infeasible: Boundary state exceeds joint limits,,,,0,0.0,1,gPO_sBM_cAll_d12_mPO3_ch02,,,23.512000,gHO_sBM_cAll_d20_mHO5_ch10;gHO_sBM_cAll_d21_mHO5_ch10;gHO_sBM_cAll_d20_mHO5_ch06;gHO_sBM_cAll_d21_mHO5_ch09;gHO_sBM_cAll_d21_mHO5_ch03,19.869282,113,,,,1.000000000,0.216061185,0.000000,motion_end,0.216061185,0.077234,0.128347,0.034431,0.000000,0.087300,0.000000,4.270833,0.350000,beat-sync,0.842880,0.911458,,0.489849434,0.234246373,right_wrist_yaw,0.000000000,right_wrist_pitch,0.234246373,right_wrist_yaw,0.000000000,right_wrist_pitch,-0.479846,0.464869,0.856513,1.913128,0.000000000,0.000000000,0.000000000,0.000950786,0.000796964,0.007295884,23.768000,0.000000000,0.000000000,,0.000000,0.000000,0.000000,,0.004488046,0,1,0,10,gPO_sBM_cAll_d10_mPO0_ch01;gPO_sBM_cAll_d11_mPO0_ch01;gPO_sBM_cAll_d11_mPO0_ch02;gPO_sBM_cAll_d10_mPO0_ch02;gPO_sBM_cAll_d12_mPO3_ch02;gHO_sBM_cAll_d20_mHO5_ch10;gHO_sBM_cAll_d21_mHO5_ch10;gHO_sBM_cAll_d20_mHO5_ch06;gHO_sBM_cAll_d21_mHO5_ch09;gHO_sBM_cAll_d21_mHO5_ch03,,43.564500,549.950200,53.140800,3477.906400,accepted,0.960929,,0.928963,0.258845175,29.900430,0.090560,HO,0.865237,0.008534,0.002773,JB3:0.675858;JB5:0.667324;JB1:0.649179;LO4:0.634428;WA4:0.623183,gHO_sBM_cAll_d20_mHO5_ch10:0.664202;gHO_sBM_cAll_d21_mHO5_ch10:0.661429;gHO_sBM_cAll_d20_mHO5_ch06:0.661316;gHO_sBM_cAll_d21_mHO5_ch09:0.660251;gHO_sBM_cAll_d21_mHO5_ch03:0.654173;gHO_sBM_cAll_d21_mHO5_ch05:0.646348;gHO_sBM_cAll_d20_mHO5_ch05:0.643133;gHO_sBM_cAll_d21_mHO5_ch02:0.642951;gHO_sBM_cAll_d20_mHO5_ch04:0.642292;gHO_sBM_cAll_d21_mHO5_ch04:0.640256,Electronic---Techno:0.272284;Electronic---Electro:0.201204;Electronic---Deep Techno:0.129699;Electronic---Deep House:0.118569;Electronic---Synthwave:0.097134,PO:v1:k0:r1,,JB3,0.675858,gHO_sBM_cAll_d20_mHO5_ch10,0.664202,120.967742
24.280000,24.288610300,,hermite,terminal_hold,Candidates and replay infeasible: Boundary state exceeds joint limits,,,,0,0.0,1,gPO_sBM_cAll_d12_mPO3_ch02,,,23.512000,gHO_sBM_cAll_d20_mHO5_ch10;gHO_sBM_cAll_d21_mHO5_ch10;gHO_sBM_cAll_d20_mHO5_ch06;gHO_sBM_cAll_d21_mHO5_ch09;gHO_sBM_cAll_d21_mHO5_ch03,19.869282,113,,,,1.000000000,0.216061185,0.000000,motion_end,0.216061185,0.077234,0.128347,0.034431,0.000000,0.087300,0.000000,4.270833,0.350000,beat-sync,0.842880,0.911458,,0.489849434,0.234246373,right_wrist_yaw,0.000000000,right_wrist_pitch,0.234246373,right_wrist_yaw,0.000000000,right_wrist_pitch,-0.479846,0.464869,0.856513,1.913128,0.000000000,0.000000000,0.000000000,0.000950786,0.000796964,0.007295884,23.768000,0.000000000,0.000000000,,0.000000,0.000000,0.000000,,0.004483463,0,1,0,10,gPO_sBM_cAll_d10_mPO0_ch01;gPO_sBM_cAll_d11_mPO0_ch01;gPO_sBM_cAll_d11_mPO0_ch02;gPO_sBM_cAll_d10_mPO0_ch02;gPO_sBM_cAll_d12_mPO3_ch02;gHO_sBM_cAll_d20_mHO5_ch10;gHO_sBM_cAll_d21_mHO5_ch10;gHO_sBM_cAll_d20_mHO5_ch06;gHO_sBM_cAll_d21_mHO5_ch09;gHO_sBM_cAll_d21_mHO5_ch03,,43.564500,549.950200,53.140800,3477.906400,accepted,0.960929,,0.928963,0.258845175,29.900430,0.090560,HO,0.865237,0.008534,0.002773,JB3:0.675858;JB5:0.667324;JB1:0.649179;LO4:0.634428;WA4:0.623183,gHO_sBM_cAll_d20_mHO5_ch10:0.664202;gHO_sBM_cAll_d21_mHO5_ch10:0.661429;gHO_sBM_cAll_d20_mHO5_ch06:0.661316;gHO_sBM_cAll_d21_mHO5_ch09:0.660251;gHO_sBM_cAll_d21_mHO5_ch03:0.654173;gHO_sBM_cAll_d21_mHO5_ch05:0.646348;gHO_sBM_cAll_d20_mHO5_ch05:0.643133;gHO_sBM_cAll_d21_mHO5_ch02:0.642951;gHO_sBM_cAll_d20_mHO5_ch04:0.642292;gHO_sBM_cAll_d21_mHO5_ch04:0.640256,Electronic---Techno:0.272284;Electronic---Electro:0.201204;Electronic---Deep Techno:0.129699;Electronic---Deep House:0.118569;Electronic---Synthwave:0.097134,PO:v1:k0:r1,,JB3,0.675858,gHO_sBM_cAll_d20_mHO5_ch10,0.664202,120.967742
24.312000,24.322841100,,hermite,terminal_hold,Candidates and replay infeasible: Boundary state exceeds joint limits,,,,0,0.0,1,gPO_sBM_cAll_d12_mPO3_ch02,,,23.512000,gHO_sBM_cAll_d20_mHO5_ch10;gHO_sBM_cAll_d21_mHO5_ch10;gHO_sBM_cAll_d20_mHO5_ch06;gHO_sBM_cAll_d21_mHO5_ch09;gHO_sBM_cAll_d21_mHO5_ch03,19.869282,113,,,,1.000000000,0.216061185,0.000000,motion_end,0.216061185,0.077234,0.128347,0.034431,0.000000,0.087300,0.000000,4.270833,0.350000,beat-sync,0.842880,0.911458,,0.489849434,0.234246373,right_wrist_yaw,0.000000000,right_wrist_pitch,0.234246373,right_wrist_yaw,0.000000000,right_wrist_pitch,-0.479846,0.464869,0.856513,1.913128,0.000000000,0.000000000,0.000000000,0.000950786,0.000796964,0.007295884,23.768000,0.000000000,0.000000000,,0.000000,0.000000,0.000000,,0.004477367,0,1,0,10,gPO_sBM_cAll_d10_mPO0_ch01;gPO_sBM_cAll_d11_mPO0_ch01;gPO_sBM_cAll_d11_mPO0_ch02;gPO_sBM_cAll_d10_mPO0_ch02;gPO_sBM_cAll_d12_mPO3_ch02;gHO_sBM_cAll_d20_mHO5_ch10;gHO_sBM_cAll_d21_mHO5_ch10;gHO_sBM_cAll_d20_mHO5_ch06;gHO_sBM_cAll_d21_mHO5_ch09;gHO_sBM_cAll_d21_mHO5_ch03,,43.564500,549.950200,53.140800,3477.906400,accepted,0.960929,,0.928963,0.258845175,29.900430,0.090560,HO,0.865237,0.008534,0.002773,JB3:0.675858;JB5:0.667324;JB1:0.649179;LO4:0.634428;WA4:0.623183,gHO_sBM_cAll_d20_mHO5_ch10:0.664202;gHO_sBM_cAll_d21_mHO5_ch10:0.661429;gHO_sBM_cAll_d20_mHO5_ch06:0.661316;gHO_sBM_cAll_d21_mHO5_ch09:0.660251;gHO_sBM_cAll_d21_mHO5_ch03:0.654173;gHO_sBM_cAll_d21_mHO5_ch05:0.646348;gHO_sBM_cAll_d20_mHO5_ch05:0.643133;gHO_sBM_cAll_d21_mHO5_ch02:0.642951;gHO_sBM_cAll_d20_mHO5_ch04:0.642292;gHO_sBM_cAll_d21_mHO5_ch04:0.640256,Electronic---Techno:0.272284;Electronic---Electro:0.201204;Electronic---Deep Techno:0.129699;Electronic---Deep House:0.118569;Electronic---Synthwave:0.097134,PO:v1:k0:r1,,JB3,0.675858,gHO_sBM_cAll_d20_mHO5_ch10,0.664202,120.967742
24.376000,24.396897400,beat_limiter_result,hermite,terminal_hold,Candidates and replay infeasible: Boundary state exceeds joint limits,,,,0,0.0,1,gPO_sBM_cAll_d12_mPO3_ch02,,,23.512000,gHO_sBM_cAll_d20_mHO5_ch10;gHO_sBM_cAll_d21_mHO5_ch10;gHO_sBM_cAll_d20_mHO5_ch06;gHO_sBM_cAll_d21_mHO5_ch09;gHO_sBM_cAll_d21_mHO5_ch03,19.869282,113,,,,1.000000000,0.216061185,0.000000,motion_end,0.216061185,0.077234,0.128347,0.034431,0.000000,0.087300,0.000000,4.270833,0.350000,beat-sync,0.842880,1.176075,,0.323499889,0.234246373,right_wrist_yaw,0.000000000,right_wrist_pitch,0.234246373,right_wrist_yaw,0.000000000,right_wrist_pitch,-0.479846,0.464869,0.856513,1.913128,0.000000000,0.000000000,0.000000000,0.000950786,0.000796964,0.007295884,24.312000,0.000000000,0.000000000,,0.000000,0.000000,0.000000,,0.004463712,0,1,0,10,gPO_sBM_cAll_d10_mPO0_ch01;gPO_sBM_cAll_d11_mPO0_ch01;gPO_sBM_cAll_d11_mPO0_ch02;gPO_sBM_cAll_d10_mPO0_ch02;gPO_sBM_cAll_d12_mPO3_ch02;gHO_sBM_cAll_d20_mHO5_ch10;gHO_sBM_cAll_d21_mHO5_ch10;gHO_sBM_cAll_d20_mHO5_ch06;gHO_sBM_cAll_d21_mHO5_ch09;gHO_sBM_cAll_d21_mHO5_ch03,,43.564500,549.950200,53.140800,3477.906400,accepted,0.960929,,0.928963,0.258845175,29.900430,0.090560,HO,0.865237,0.008534,0.002773,JB3:0.675858;JB5:0.667324;JB1:0.649179;LO4:0.634428;WA4:0.623183,gHO_sBM_cAll_d20_mHO5_ch10:0.664202;gHO_sBM_cAll_d21_mHO5_ch10:0.661429;gHO_sBM_cAll_d20_mHO5_ch06:0.661316;gHO_sBM_cAll_d21_mHO5_ch09:0.660251;gHO_sBM_cAll_d21_mHO5_ch03:0.654173;gHO_sBM_cAll_d21_mHO5_ch05:0.646348;gHO_sBM_cAll_d20_mHO5_ch05:0.643133;gHO_sBM_cAll_d21_mHO5_ch02:0.642951;gHO_sBM_cAll_d20_mHO5_ch04:0.642292;gHO_sBM_cAll_d21_mHO5_ch04:0.640256,Electronic---Techno:0.272284;Electronic---Electro:0.201204;Electronic---Deep Techno:0.129699;Electronic---Deep House:0.118569;Electronic---Synthwave:0.097134,PO:v1:k0:r1,,JB3,0.675858,gHO_sBM_cAll_d20_mHO5_ch10,0.664202,120.967742
24.408000,24.431625500,,hermite,terminal_hold,Candidates and replay infeasible: Boundary state exceeds joint limits,,,,0,0.0,1,gPO_sBM_cAll_d12_mPO3_ch02,,,23.512000,gHO_sBM_cAll_d20_mHO5_ch10;gHO_sBM_cAll_d21_mHO5_ch10;gHO_sBM_cAll_d20_mHO5_ch06;gHO_sBM_cAll_d21_mHO5_ch09;gHO_sBM_cAll_d21_mHO5_ch03,19.869282,113,,,,1.000000000,0.216061185,0.000000,motion_end,0.216061185,0.077234,0.128347,0.034431,0.000000,0.087300,0.000000,4.270833,0.350000,beat-sync,0.842880,1.176075,,0.323499889,0.234246373,right_wrist_yaw,0.000000000,right_wrist_pitch,0.234246373,right_wrist_yaw,0.000000000,right_wrist_pitch,-0.479846,0.464869,0.856513,1.913128,0.000000000,0.000000000,0.000000000,0.000950786,0.000796964,0.007295884,24.312000,0.000000000,0.000000000,,0.000000,0.000000,0.000000,,0.004457670,0,1,0,10,gPO_sBM_cAll_d10_mPO0_ch01;gPO_sBM_cAll_d11_mPO0_ch01;gPO_sBM_cAll_d11_mPO0_ch02;gPO_sBM_cAll_d10_mPO0_ch02;gPO_sBM_cAll_d12_mPO3_ch02;gHO_sBM_cAll_d20_mHO5_ch10;gHO_sBM_cAll_d21_mHO5_ch10;gHO_sBM_cAll_d20_mHO5_ch06;gHO_sBM_cAll_d21_mHO5_ch09;gHO_sBM_cAll_d21_mHO5_ch03,,43.564500,549.950200,53.140800,3477.906400,accepted,0.960929,,0.928963,0.258845175,29.900430,0.090560,HO,0.865237,0.008534,0.002773,JB3:0.675858;JB5:0.667324;JB1:0.649179;LO4:0.634428;WA4:0.623183,gHO_sBM_cAll_d20_mHO5_ch10:0.664202;gHO_sBM_cAll_d21_mHO5_ch10:0.661429;gHO_sBM_cAll_d20_mHO5_ch06:0.661316;gHO_sBM_cAll_d21_mHO5_ch09:0.660251;gHO_sBM_cAll_d21_mHO5_ch03:0.654173;gHO_sBM_cAll_d21_mHO5_ch05:0.646348;gHO_sBM_cAll_d20_mHO5_ch05:0.643133;gHO_sBM_cAll_d21_mHO5_ch02:0.642951;gHO_sBM_cAll_d20_mHO5_ch04:0.642292;gHO_sBM_cAll_d21_mHO5_ch04:0.640256,Electronic---Techno:0.272284;Electronic---Electro:0.201204;Electronic---Deep Techno:0.129699;Electronic---Deep House:0.118569;Electronic---Synthwave:0.097134,PO:v1:k0:r1,,JB3,0.675858,gHO_sBM_cAll_d20_mHO5_ch10,0.664202,120.967742
24.472000,24.488704600,,hermite,terminal_hold,Candidates and replay infeasible: Boundary state exceeds joint limits,,,,0,0.0,1,gPO_sBM_cAll_d12_mPO3_ch02,,,23.512000,gHO_sBM_cAll_d20_mHO5_ch10;gHO_sBM_cAll_d21_mHO5_ch10;gHO_sBM_cAll_d20_mHO5_ch06;gHO_sBM_cAll_d21_mHO5_ch09;gHO_sBM_cAll_d21_mHO5_ch03,19.869282,113,,,,1.000000000,0.216061185,0.000000,motion_end,0.216061185,0.077234,0.128347,0.034431,0.000000,0.087300,0.000000,4.270833,0.350000,beat-sync,0.842880,1.176075,,0.323499889,0.234246373,right_wrist_yaw,0.000000000,right_wrist_pitch,0.234246373,right_wrist_yaw,0.000000000,right_wrist_pitch,-0.479846,0.464869,0.856513,1.913128,0.000000000,0.000000000,0.000000000,0.000950786,0.000796964,0.007295884,24.312000,0.000000000,0.000000000,,0.000000,0.000000,0.000000,,0.004447135,0,1,0,10,gPO_sBM_cAll_d10_mPO0_ch01;gPO_sBM_cAll_d11_mPO0_ch01;gPO_sBM_cAll_d11_mPO0_ch02;gPO_sBM_cAll_d10_mPO0_ch02;gPO_sBM_cAll_d12_mPO3_ch02;gHO_sBM_cAll_d20_mHO5_ch10;gHO_sBM_cAll_d21_mHO5_ch10;gHO_sBM_cAll_d20_mHO5_ch06;gHO_sBM_cAll_d21_mHO5_ch09;gHO_sBM_cAll_d21_mHO5_ch03,,43.564500,549.950200,53.140800,3477.906400,accepted,0.960929,,0.928963,0.258845175,29.900430,0.090560,HO,0.865237,0.008534,0.002773,JB3:0.675858;JB5:0.667324;JB1:0.649179;LO4:0.634428;WA4:0.623183,gHO_sBM_cAll_d20_mHO5_ch10:0.664202;gHO_sBM_cAll_d21_mHO5_ch10:0.661429;gHO_sBM_cAll_d20_mHO5_ch06:0.661316;gHO_sBM_cAll_d21_mHO5_ch09:0.660251;gHO_sBM_cAll_d21_mHO5_ch03:0.654173;gHO_sBM_cAll_d21_mHO5_ch05:0.646348;gHO_sBM_cAll_d20_mHO5_ch05:0.643133;gHO_sBM_cAll_d21_mHO5_ch02:0.642951;gHO_sBM_cAll_d20_mHO5_ch04:0.642292;gHO_sBM_cAll_d21_mHO5_ch04:0.640256,Electronic---Techno:0.272284;Electronic---Electro:0.201204;Electronic---Deep Techno:0.129699;Electronic---Deep House:0.118569;Electronic---Synthwave:0.097134,PO:v1:k0:r1,,JB3,0.675858,gHO_sBM_cAll_d20_mHO5_ch10,0.664202,120.967742
24.504000,24.522784500,,hermite,terminal_hold,Candidates and replay infeasible: Boundary state exceeds joint limits,,,,0,0.0,1,gPO_sBM_cAll_d12_mPO3_ch02,,,23.512000,gHO_sBM_cAll_d20_mHO5_ch10;gHO_sBM_cAll_d21_mHO5_ch10;gHO_sBM_cAll_d20_mHO5_ch06;gHO_sBM_cAll_d21_mHO5_ch09;gHO_sBM_cAll_d21_mHO5_ch03,19.869282,113,,,,1.000000000,0.216061185,0.000000,motion_end,0.216061185,0.077234,0.128347,0.034431,0.000000,0.087300,0.000000,4.270833,0.350000,beat-sync,0.842880,1.176075,,0.323499889,0.234246373,right_wrist_yaw,0.000000000,right_wrist_pitch,0.234246373,right_wrist_yaw,0.000000000,right_wrist_pitch,-0.479846,0.464869,0.856513,1.913128,0.000000000,0.000000000,0.000000000,0.000950786,0.000796964,0.007295884,24.312000,0.000000000,0.000000000,,0.000000,0.000000,0.000000,,0.004441137,0,1,0,10,gPO_sBM_cAll_d10_mPO0_ch01;gPO_sBM_cAll_d11_mPO0_ch01;gPO_sBM_cAll_d11_mPO0_ch02;gPO_sBM_cAll_d10_mPO0_ch02;gPO_sBM_cAll_d12_mPO3_ch02;gHO_sBM_cAll_d20_mHO5_ch10;gHO_sBM_cAll_d21_mHO5_ch10;gHO_sBM_cAll_d20_mHO5_ch06;gHO_sBM_cAll_d21_mHO5_ch09;gHO_sBM_cAll_d21_mHO5_ch03,,43.564500,549.950200,53.140800,3477.906400,accepted,0.960929,,0.928963,0.258845175,29.900430,0.090560,HO,0.865237,0.008534,0.002773,JB3:0.675858;JB5:0.667324;JB1:0.649179;LO4:0.634428;WA4:0.623183,gHO_sBM_cAll_d20_mHO5_ch10:0.664202;gHO_sBM_cAll_d21_mHO5_ch10:0.661429;gHO_sBM_cAll_d20_mHO5_ch06:0.661316;gHO_sBM_cAll_d21_mHO5_ch09:0.660251;gHO_sBM_cAll_d21_mHO5_ch03:0.654173;gHO_sBM_cAll_d21_mHO5_ch05:0.646348;gHO_sBM_cAll_d20_mHO5_ch05:0.643133;gHO_sBM_cAll_d21_mHO5_ch02:0.642951;gHO_sBM_cAll_d20_mHO5_ch04:0.642292;gHO_sBM_cAll_d21_mHO5_ch04:0.640256,Electronic---Techno:0.272284;Electronic---Electro:0.201204;Electronic---Deep Techno:0.129699;Electronic---Deep House:0.118569;Electronic---Synthwave:0.097134,PO:v1:k0:r1,,JB3,0.675858,gHO_sBM_cAll_d20_mHO5_ch10,0.664202,120.967742
24.568000,24.589441300,,hermite,terminal_hold,Candidates and replay infeasible: Boundary state exceeds joint limits,,,,0,0.0,1,gPO_sBM_cAll_d12_mPO3_ch02,,,23.512000,gHO_sBM_cAll_d20_mHO5_ch10;gHO_sBM_cAll_d21_mHO5_ch10;gHO_sBM_cAll_d20_mHO5_ch06;gHO_sBM_cAll_d21_mHO5_ch09;gHO_sBM_cAll_d21_mHO5_ch03,19.869282,113,,,,1.000000000,0.216061185,0.000000,motion_end,0.216061185,0.077234,0.128347,0.034431,0.000000,0.087300,0.000000,4.270833,0.350000,beat-sync,0.842880,1.176075,,0.323499889,0.234246373,right_wrist_yaw,0.000000000,right_wrist_pitch,0.234246373,right_wrist_yaw,0.000000000,right_wrist_pitch,-0.479846,0.464869,0.856513,1.913128,0.000000000,0.000000000,0.000000000,0.000950786,0.000796964,0.007295884,24.312000,0.000000000,0.000000000,,0.000000,0.000000,0.000000,,0.004429191,0,1,0,10,gPO_sBM_cAll_d10_mPO0_ch01;gPO_sBM_cAll_d11_mPO0_ch01;gPO_sBM_cAll_d11_mPO0_ch02;gPO_sBM_cAll_d10_mPO0_ch02;gPO_sBM_cAll_d12_mPO3_ch02;gHO_sBM_cAll_d20_mHO5_ch10;gHO_sBM_cAll_d21_mHO5_ch10;gHO_sBM_cAll_d20_mHO5_ch06;gHO_sBM_cAll_d21_mHO5_ch09;gHO_sBM_cAll_d21_mHO5_ch03,,43.564500,549.950200,53.140800,3477.906400,accepted,0.960929,,0.928963,0.258845175,29.900430,0.090560,HO,0.865237,0.008534,0.002773,JB3:0.675858;JB5:0.667324;JB1:0.649179;LO4:0.634428;WA4:0.623183,gHO_sBM_cAll_d20_mHO5_ch10:0.664202;gHO_sBM_cAll_d21_mHO5_ch10:0.661429;gHO_sBM_cAll_d20_mHO5_ch06:0.661316;gHO_sBM_cAll_d21_mHO5_ch09:0.660251;gHO_sBM_cAll_d21_mHO5_ch03:0.654173;gHO_sBM_cAll_d21_mHO5_ch05:0.646348;gHO_sBM_cAll_d20_mHO5_ch05:0.643133;gHO_sBM_cAll_d21_mHO5_ch02:0.642951;gHO_sBM_cAll_d20_mHO5_ch04:0.642292;gHO_sBM_cAll_d21_mHO5_ch04:0.640256,Electronic---Techno:0.272284;Electronic---Electro:0.201204;Electronic---Deep Techno:0.129699;Electronic---Deep House:0.118569;Electronic---Synthwave:0.097134,PO:v1:k0:r1,,JB3,0.675858,gHO_sBM_cAll_d20_mHO5_ch10,0.664202,120.967742
24.600000,24.616109600,,hermite,terminal_hold,Candidates and replay infeasible: Boundary state exceeds joint limits,,,,0,0.0,1,gPO_sBM_cAll_d12_mPO3_ch02,,,23.512000,gHO_sBM_cAll_d20_mHO5_ch10;gHO_sBM_cAll_d21_mHO5_ch10;gHO_sBM_cAll_d20_mHO5_ch06;gHO_sBM_cAll_d21_mHO5_ch09;gHO_sBM_cAll_d21_mHO5_ch03,19.869282,113,,,,1.000000000,0.216061185,0.000000,motion_end,0.216061185,0.077234,0.128347,0.034431,0.000000,0.087300,0.000000,4.270833,0.350000,beat-sync,0.842880,1.176075,,0.323499889,0.234246373,right_wrist_yaw,0.000000000,right_wrist_pitch,0.234246373,right_wrist_yaw,0.000000000,right_wrist_pitch,-0.479846,0.464869,0.856513,1.913128,0.000000000,0.000000000,0.000000000,0.000950786,0.000796964,0.007295884,24.312000,0.000000000,0.000000000,,0.000000,0.000000,0.000000,,0.004424728,0,1,0,10,gPO_sBM_cAll_d10_mPO0_ch01;gPO_sBM_cAll_d11_mPO0_ch01;gPO_sBM_cAll_d11_mPO0_ch02;gPO_sBM_cAll_d10_mPO0_ch02;gPO_sBM_cAll_d12_mPO3_ch02;gHO_sBM_cAll_d20_mHO5_ch10;gHO_sBM_cAll_d21_mHO5_ch10;gHO_sBM_cAll_d20_mHO5_ch06;gHO_sBM_cAll_d21_mHO5_ch09;gHO_sBM_cAll_d21_mHO5_ch03,,43.564500,549.950200,53.140800,3477.906400,accepted,0.960929,,0.928963,0.258845175,29.900430,0.090560,HO,0.865237,0.008534,0.002773,JB3:0.675858;JB5:0.667324;JB1:0.649179;LO4:0.634428;WA4:0.623183,gHO_sBM_cAll_d20_mHO5_ch10:0.664202;gHO_sBM_cAll_d21_mHO5_ch10:0.661429;gHO_sBM_cAll_d20_mHO5_ch06:0.661316;gHO_sBM_cAll_d21_mHO5_ch09:0.660251;gHO_sBM_cAll_d21_mHO5_ch03:0.654173;gHO_sBM_cAll_d21_mHO5_ch05:0.646348;gHO_sBM_cAll_d20_mHO5_ch05:0.643133;gHO_sBM_cAll_d21_mHO5_ch02:0.642951;gHO_sBM_cAll_d20_mHO5_ch04:0.642292;gHO_sBM_cAll_d21_mHO5_ch04:0.640256,Electronic---Techno:0.272284;Electronic---Electro:0.201204;Electronic---Deep Techno:0.129699;Electronic---Deep House:0.118569;Electronic---Synthwave:0.097134,PO:v1:k0:r1,,JB3,0.675858,gHO_sBM_cAll_d20_mHO5_ch10,0.664202,120.967742
24.664000,24.681377300,,hermite,terminal_hold,Candidates and replay infeasible: Boundary state exceeds joint limits,,,,0,0.0,1,gPO_sBM_cAll_d12_mPO3_ch02,,,23.512000,gHO_sBM_cAll_d20_mHO5_ch10;gHO_sBM_cAll_d21_mHO5_ch10;gHO_sBM_cAll_d20_mHO5_ch06;gHO_sBM_cAll_d21_mHO5_ch09;gHO_sBM_cAll_d21_mHO5_ch03,19.869282,113,,,,1.000000000,0.216061185,0.000000,motion_end,0.216061185,0.077234,0.128347,0.034431,0.000000,0.087300,0.000000,4.270833,0.350000,beat-sync,0.842880,1.176075,,0.323499889,0.234246373,right_wrist_yaw,0.000000000,right_wrist_pitch,0.234246373,right_wrist_yaw,0.000000000,right_wrist_pitch,-0.479846,0.464869,0.856513,1.913128,0.000000000,0.000000000,0.000000000,0.000950786,0.000796964,0.007295884,24.312000,0.000000000,0.000000000,,0.000000,0.000000,0.000000,,0.004412869,0,1,0,10,gPO_sBM_cAll_d10_mPO0_ch01;gPO_sBM_cAll_d11_mPO0_ch01;gPO_sBM_cAll_d11_mPO0_ch02;gPO_sBM_cAll_d10_mPO0_ch02;gPO_sBM_cAll_d12_mPO3_ch02;gHO_sBM_cAll_d20_mHO5_ch10;gHO_sBM_cAll_d21_mHO5_ch10;gHO_sBM_cAll_d20_mHO5_ch06;gHO_sBM_cAll_d21_mHO5_ch09;gHO_sBM_cAll_d21_mHO5_ch03,,43.564500,549.950200,53.140800,3477.906400,accepted,0.960929,,0.928963,0.258845175,29.900430,0.090560,HO,0.865237,0.008534,0.002773,JB3:0.675858;JB5:0.667324;JB1:0.649179;LO4:0.634428;WA4:0.623183,gHO_sBM_cAll_d20_mHO5_ch10:0.664202;gHO_sBM_cAll_d21_mHO5_ch10:0.661429;gHO_sBM_cAll_d20_mHO5_ch06:0.661316;gHO_sBM_cAll_d21_mHO5_ch09:0.660251;gHO_sBM_cAll_d21_mHO5_ch03:0.654173;gHO_sBM_cAll_d21_mHO5_ch05:0.646348;gHO_sBM_cAll_d20_mHO5_ch05:0.643133;gHO_sBM_cAll_d21_mHO5_ch02:0.642951;gHO_sBM_cAll_d20_mHO5_ch04:0.642292;gHO_sBM_cAll_d21_mHO5_ch04:0.640256,Electronic---Techno:0.272284;Electronic---Electro:0.201204;Electronic---Deep Techno:0.129699;Electronic---Deep House:0.118569;Electronic---Synthwave:0.097134,PO:v1:k0:r1,,JB3,0.675858,gHO_sBM_cAll_d20_mHO5_ch10,0.664202,120.967742
24.728000,24.747629200,,hermite,terminal_hold,Candidates and replay infeasible: Boundary state exceeds joint limits,,,,0,0.0,1,gPO_sBM_cAll_d12_mPO3_ch02,,,23.512000,gHO_sBM_cAll_d20_mHO5_ch10;gHO_sBM_cAll_d21_mHO5_ch10;gHO_sBM_cAll_d20_mHO5_ch06;gHO_sBM_cAll_d21_mHO5_ch09;gHO_sBM_cAll_d21_mHO5_ch03,19.869282,113,,,,1.000000000,0.216061185,0.000000,motion_end,0.216061185,0.077234,0.128347,0.034431,0.000000,0.087300,0.000000,4.270833,0.350000,beat-sync,0.842880,1.176075,,0.323499889,0.234246373,right_wrist_yaw,0.000000000,right_wrist_pitch,0.234246373,right_wrist_yaw,0.000000000,right_wrist_pitch,-0.479846,0.464869,0.856513,1.913128,0.000000000,0.000000000,0.000000000,0.000950786,0.000796964,0.007295884,24.312000,0.000000000,0.000000000,,0.000000,0.000000,0.000000,,0.004401074,0,1,0,10,gPO_sBM_cAll_d10_mPO0_ch01;gPO_sBM_cAll_d11_mPO0_ch01;gPO_sBM_cAll_d11_mPO0_ch02;gPO_sBM_cAll_d10_mPO0_ch02;gPO_sBM_cAll_d12_mPO3_ch02;gHO_sBM_cAll_d20_mHO5_ch10;gHO_sBM_cAll_d21_mHO5_ch10;gHO_sBM_cAll_d20_mHO5_ch06;gHO_sBM_cAll_d21_mHO5_ch09;gHO_sBM_cAll_d21_mHO5_ch03,,43.564500,549.950200,53.140800,3477.906400,accepted,0.960929,,0.928963,0.258845175,29.900430,0.090560,HO,0.865237,0.008534,0.002773,JB3:0.675858;JB5:0.667324;JB1:0.649179;LO4:0.634428;WA4:0.623183,gHO_sBM_cAll_d20_mHO5_ch10:0.664202;gHO_sBM_cAll_d21_mHO5_ch10:0.661429;gHO_sBM_cAll_d20_mHO5_ch06:0.661316;gHO_sBM_cAll_d21_mHO5_ch09:0.660251;gHO_sBM_cAll_d21_mHO5_ch03:0.654173;gHO_sBM_cAll_d21_mHO5_ch05:0.646348;gHO_sBM_cAll_d20_mHO5_ch05:0.643133;gHO_sBM_cAll_d21_mHO5_ch02:0.642951;gHO_sBM_cAll_d20_mHO5_ch04:0.642292;gHO_sBM_cAll_d21_mHO5_ch04:0.640256,Electronic---Techno:0.272284;Electronic---Electro:0.201204;Electronic---Deep Techno:0.129699;Electronic---Deep House:0.118569;Electronic---Synthwave:0.097134,PO:v1:k0:r1,,JB3,0.675858,gHO_sBM_cAll_d20_mHO5_ch10,0.664202,120.967742
24.760000,24.774514400,,hermite,terminal_hold,Candidates and replay infeasible: Boundary state exceeds joint limits,,,,0,0.0,1,gPO_sBM_cAll_d12_mPO3_ch02,,,23.512000,gHO_sBM_cAll_d20_mHO5_ch10;gHO_sBM_cAll_d21_mHO5_ch10;gHO_sBM_cAll_d20_mHO5_ch06;gHO_sBM_cAll_d21_mHO5_ch09;gHO_sBM_cAll_d21_mHO5_ch03,19.869282,113,,,,1.000000000,0.216061185,0.000000,motion_end,0.216061185,0.077234,0.128347,0.034431,0.000000,0.087300,0.000000,4.270833,0.350000,beat-sync,0.842880,1.176075,,0.323499889,0.234246373,right_wrist_yaw,0.000000000,right_wrist_pitch,0.234246373,right_wrist_yaw,0.000000000,right_wrist_pitch,-0.479846,0.464869,0.856513,1.913128,0.000000000,0.000000000,0.000000000,0.000950786,0.000796964,0.007295884,24.312000,0.000000000,0.000000000,,0.000000,0.000000,0.000000,,0.004396667,0,1,0,10,gPO_sBM_cAll_d10_mPO0_ch01;gPO_sBM_cAll_d11_mPO0_ch01;gPO_sBM_cAll_d11_mPO0_ch02;gPO_sBM_cAll_d10_mPO0_ch02;gPO_sBM_cAll_d12_mPO3_ch02;gHO_sBM_cAll_d20_mHO5_ch10;gHO_sBM_cAll_d21_mHO5_ch10;gHO_sBM_cAll_d20_mHO5_ch06;gHO_sBM_cAll_d21_mHO5_ch09;gHO_sBM_cAll_d21_mHO5_ch03,,43.564500,549.950200,53.140800,3477.906400,accepted,0.960929,,0.928963,0.258845175,29.900430,0.090560,HO,0.865237,0.008534,0.002773,JB3:0.675858;JB5:0.667324;JB1:0.649179;LO4:0.634428;WA4:0.623183,gHO_sBM_cAll_d20_mHO5_ch10:0.664202;gHO_sBM_cAll_d21_mHO5_ch10:0.661429;gHO_sBM_cAll_d20_mHO5_ch06:0.661316;gHO_sBM_cAll_d21_mHO5_ch09:0.660251;gHO_sBM_cAll_d21_mHO5_ch03:0.654173;gHO_sBM_cAll_d21_mHO5_ch05:0.646348;gHO_sBM_cAll_d20_mHO5_ch05:0.643133;gHO_sBM_cAll_d21_mHO5_ch02:0.642951;gHO_sBM_cAll_d20_mHO5_ch04:0.642292;gHO_sBM_cAll_d21_mHO5_ch04:0.640256,Electronic---Techno:0.272284;Electronic---Electro:0.201204;Electronic---Deep Techno:0.129699;Electronic---Deep House:0.118569;Electronic---Synthwave:0.097134,PO:v1:k0:r1,,JB3,0.675858,gHO_sBM_cAll_d20_mHO5_ch10,0.664202,120.967742
24.824000,24.839383000,,hermite,terminal_hold,Candidates and replay infeasible: Boundary state exceeds joint limits,,,,0,0.0,1,gPO_sBM_cAll_d12_mPO3_ch02,,,23.512000,gHO_sBM_cAll_d20_mHO5_ch10;gHO_sBM_cAll_d21_mHO5_ch10;gHO_sBM_cAll_d20_mHO5_ch06;gHO_sBM_cAll_d21_mHO5_ch09;gHO_sBM_cAll_d21_mHO5_ch03,19.869282,113,,,,1.000000000,0.216061185,0.000000,motion_end,0.216061185,0.077234,0.128347,0.034431,0.000000,0.087300,0.000000,4.270833,0.350000,beat-sync,0.842880,1.176075,,0.323499889,0.234246373,right_wrist_yaw,0.000000000,right_wrist_pitch,0.234246373,right_wrist_yaw,0.000000000,right_wrist_pitch,-0.479846,0.464869,0.856513,1.913128,0.000000000,0.000000000,0.000000000,0.000950786,0.000796964,0.007295884,24.312000,0.000000000,0.000000000,,0.000000,0.000000,0.000000,,0.004384958,0,1,0,10,gPO_sBM_cAll_d10_mPO0_ch01;gPO_sBM_cAll_d11_mPO0_ch01;gPO_sBM_cAll_d11_mPO0_ch02;gPO_sBM_cAll_d10_mPO0_ch02;gPO_sBM_cAll_d12_mPO3_ch02;gHO_sBM_cAll_d20_mHO5_ch10;gHO_sBM_cAll_d21_mHO5_ch10;gHO_sBM_cAll_d20_mHO5_ch06;gHO_sBM_cAll_d21_mHO5_ch09;gHO_sBM_cAll_d21_mHO5_ch03,,43.564500,549.950200,53.140800,3477.906400,accepted,0.960929,,0.928963,0.258845175,29.900430,0.090560,HO,0.865237,0.008534,0.002773,JB3:0.675858;JB5:0.667324;JB1:0.649179;LO4:0.634428;WA4:0.623183,gHO_sBM_cAll_d20_mHO5_ch10:0.664202;gHO_sBM_cAll_d21_mHO5_ch10:0.661429;gHO_sBM_cAll_d20_mHO5_ch06:0.661316;gHO_sBM_cAll_d21_mHO5_ch09:0.660251;gHO_sBM_cAll_d21_mHO5_ch03:0.654173;gHO_sBM_cAll_d21_mHO5_ch05:0.646348;gHO_sBM_cAll_d20_mHO5_ch05:0.643133;gHO_sBM_cAll_d21_mHO5_ch02:0.642951;gHO_sBM_cAll_d20_mHO5_ch04:0.642292;gHO_sBM_cAll_d21_mHO5_ch04:0.640256,Electronic---Techno:0.272284;Electronic---Electro:0.201204;Electronic---Deep Techno:0.129699;Electronic---Deep House:0.118569;Electronic---Synthwave:0.097134,PO:v1:k0:r1,,JB3,0.675858,gHO_sBM_cAll_d20_mHO5_ch10,0.664202,120.967742
24.856000,24.864575600,,hermite,terminal_hold,Candidates and replay infeasible: Boundary state exceeds joint limits,,,,0,0.0,1,gPO_sBM_cAll_d12_mPO3_ch02,,,23.512000,gHO_sBM_cAll_d20_mHO5_ch10;gHO_sBM_cAll_d21_mHO5_ch10;gHO_sBM_cAll_d20_mHO5_ch06;gHO_sBM_cAll_d21_mHO5_ch09;gHO_sBM_cAll_d21_mHO5_ch03,19.869282,113,,,,1.000000000,0.216061185,0.000000,motion_end,0.216061185,0.077234,0.128347,0.034431,0.000000,0.087300,0.000000,4.270833,0.350000,beat-sync,0.842880,1.176075,,0.323499889,0.234246373,right_wrist_yaw,0.000000000,right_wrist_pitch,0.234246373,right_wrist_yaw,0.000000000,right_wrist_pitch,-0.479846,0.464869,0.856513,1.913128,0.000000000,0.000000000,0.000000000,0.000950786,0.000796964,0.007295884,24.312000,0.000000000,0.000000000,,0.000000,0.000000,0.000000,,0.004380583,0,1,0,10,gPO_sBM_cAll_d10_mPO0_ch01;gPO_sBM_cAll_d11_mPO0_ch01;gPO_sBM_cAll_d11_mPO0_ch02;gPO_sBM_cAll_d10_mPO0_ch02;gPO_sBM_cAll_d12_mPO3_ch02;gHO_sBM_cAll_d20_mHO5_ch10;gHO_sBM_cAll_d21_mHO5_ch10;gHO_sBM_cAll_d20_mHO5_ch06;gHO_sBM_cAll_d21_mHO5_ch09;gHO_sBM_cAll_d21_mHO5_ch03,,43.564500,549.950200,53.140800,3477.906400,accepted,0.960929,,0.928963,0.258845175,29.900430,0.090560,HO,0.865237,0.008534,0.002773,JB3:0.675858;JB5:0.667324;JB1:0.649179;LO4:0.634428;WA4:0.623183,gHO_sBM_cAll_d20_mHO5_ch10:0.664202;gHO_sBM_cAll_d21_mHO5_ch10:0.661429;gHO_sBM_cAll_d20_mHO5_ch06:0.661316;gHO_sBM_cAll_d21_mHO5_ch09:0.660251;gHO_sBM_cAll_d21_mHO5_ch03:0.654173;gHO_sBM_cAll_d21_mHO5_ch05:0.646348;gHO_sBM_cAll_d20_mHO5_ch05:0.643133;gHO_sBM_cAll_d21_mHO5_ch02:0.642951;gHO_sBM_cAll_d20_mHO5_ch04:0.642292;gHO_sBM_cAll_d21_mHO5_ch04:0.640256,Electronic---Techno:0.272284;Electronic---Electro:0.201204;Electronic---Deep Techno:0.129699;Electronic---Deep House:0.118569;Electronic---Synthwave:0.097134,PO:v1:k0:r1,,JB3,0.675858,gHO_sBM_cAll_d20_mHO5_ch10,0.664202,120.967742
24.920000,24.932458000,,hermite,terminal_hold,Candidates and replay infeasible: Boundary state exceeds joint limits,,,,0,0.0,1,gPO_sBM_cAll_d12_mPO3_ch02,,,23.512000,gHO_sBM_cAll_d20_mHO5_ch10;gHO_sBM_cAll_d21_mHO5_ch10;gHO_sBM_cAll_d20_mHO5_ch06;gHO_sBM_cAll_d21_mHO5_ch09;gHO_sBM_cAll_d21_mHO5_ch03,19.869282,113,,,,1.000000000,0.216061185,0.000000,motion_end,0.216061185,0.077234,0.128347,0.034431,0.000000,0.087300,0.000000,4.270833,0.350000,beat-sync,0.842880,1.176075,,0.323499889,0.234246373,right_wrist_yaw,0.000000000,right_wrist_pitch,0.234246373,right_wrist_yaw,0.000000000,right_wrist_pitch,-0.479846,0.464869,0.856513,1.913128,0.000000000,0.000000000,0.000000000,0.000950786,0.000796964,0.007295884,24.312000,0.000000000,0.000000000,,0.000000,0.000000,0.000000,,0.004368960,0,1,0,10,gPO_sBM_cAll_d10_mPO0_ch01;gPO_sBM_cAll_d11_mPO0_ch01;gPO_sBM_cAll_d11_mPO0_ch02;gPO_sBM_cAll_d10_mPO0_ch02;gPO_sBM_cAll_d12_mPO3_ch02;gHO_sBM_cAll_d20_mHO5_ch10;gHO_sBM_cAll_d21_mHO5_ch10;gHO_sBM_cAll_d20_mHO5_ch06;gHO_sBM_cAll_d21_mHO5_ch09;gHO_sBM_cAll_d21_mHO5_ch03,,43.564500,549.950200,53.140800,3477.906400,accepted,0.960929,,0.928963,0.258845175,29.900430,0.090560,HO,0.865237,0.008534,0.002773,JB3:0.675858;JB5:0.667324;JB1:0.649179;LO4:0.634428;WA4:0.623183,gHO_sBM_cAll_d20_mHO5_ch10:0.664202;gHO_sBM_cAll_d21_mHO5_ch10:0.661429;gHO_sBM_cAll_d20_mHO5_ch06:0.661316;gHO_sBM_cAll_d21_mHO5_ch09:0.660251;gHO_sBM_cAll_d21_mHO5_ch03:0.654173;gHO_sBM_cAll_d21_mHO5_ch05:0.646348;gHO_sBM_cAll_d20_mHO5_ch05:0.643133;gHO_sBM_cAll_d21_mHO5_ch02:0.642951;gHO_sBM_cAll_d20_mHO5_ch04:0.642292;gHO_sBM_cAll_d21_mHO5_ch04:0.640256,Electronic---Techno:0.272284;Electronic---Electro:0.201204;Electronic---Deep Techno:0.129699;Electronic---Deep House:0.118569;Electronic---Synthwave:0.097134,PO:v1:k0:r1,,JB3,0.675858,gHO_sBM_cAll_d20_mHO5_ch10,0.664202,120.967742
24.952000,24.964220000,,hermite,terminal_hold,Candidates and replay infeasible: Boundary state exceeds joint limits,,,,0,0.0,1,gPO_sBM_cAll_d12_mPO3_ch02,,,23.512000,gHO_sBM_cAll_d20_mHO5_ch10;gHO_sBM_cAll_d21_mHO5_ch10;gHO_sBM_cAll_d20_mHO5_ch06;gHO_sBM_cAll_d21_mHO5_ch09;gHO_sBM_cAll_d21_mHO5_ch03,19.869282,113,,,,1.000000000,0.216061185,0.000000,motion_end,0.216061185,0.077234,0.128347,0.034431,0.000000,0.087300,0.000000,4.270833,0.350000,beat-sync,0.842880,1.176075,,0.323499889,0.234246373,right_wrist_yaw,0.000000000,right_wrist_pitch,0.234246373,right_wrist_yaw,0.000000000,right_wrist_pitch,-0.479846,0.464869,0.856513,1.913128,0.000000000,0.000000000,0.000000000,0.000950786,0.000796964,0.007295884,24.312000,0.000000000,0.000000000,,0.000000,0.000000,0.000000,,0.004363171,0,1,0,10,gPO_sBM_cAll_d10_mPO0_ch01;gPO_sBM_cAll_d11_mPO0_ch01;gPO_sBM_cAll_d11_mPO0_ch02;gPO_sBM_cAll_d10_mPO0_ch02;gPO_sBM_cAll_d12_mPO3_ch02;gHO_sBM_cAll_d20_mHO5_ch10;gHO_sBM_cAll_d21_mHO5_ch10;gHO_sBM_cAll_d20_mHO5_ch06;gHO_sBM_cAll_d21_mHO5_ch09;gHO_sBM_cAll_d21_mHO5_ch03,,43.564500,549.950200,53.140800,3477.906400,accepted,0.960929,,0.928963,0.258845175,29.900430,0.090560,HO,0.865237,0.008534,0.002773,JB3:0.675858;JB5:0.667324;JB1:0.649179;LO4:0.634428;WA4:0.623183,gHO_sBM_cAll_d20_mHO5_ch10:0.664202;gHO_sBM_cAll_d21_mHO5_ch10:0.661429;gHO_sBM_cAll_d20_mHO5_ch06:0.661316;gHO_sBM_cAll_d21_mHO5_ch09:0.660251;gHO_sBM_cAll_d21_mHO5_ch03:0.654173;gHO_sBM_cAll_d21_mHO5_ch05:0.646348;gHO_sBM_cAll_d20_mHO5_ch05:0.643133;gHO_sBM_cAll_d21_mHO5_ch02:0.642951;gHO_sBM_cAll_d20_mHO5_ch04:0.642292;gHO_sBM_cAll_d21_mHO5_ch04:0.640256,Electronic---Techno:0.272284;Electronic---Electro:0.201204;Electronic---Deep Techno:0.129699;Electronic---Deep House:0.118569;Electronic---Synthwave:0.097134,PO:v1:k0:r1,,JB3,0.675858,gHO_sBM_cAll_d20_mHO5_ch10,0.664202,120.967742
