clip_id,source_wav,start_frame_60fps,end_frame_exclusive_60fps,start_sample_44100,end_sample_exclusive_44100,audio_path,gmr_artifact,split
finedance_001_0000000_0000586,music_wav/001.wav,0,586,0,430710,audio/finedance_001_0000000_0000586.wav,finedance_001_0000000_0000586.pkl,train
finedance_001_0000586_0001172,music_wav/001.wav,586,1172,430710,861420,audio/finedance_001_0000586_0001172.wav,finedance_001_0000586_0001172.pkl,train
finedance_001_0001172_0001758,music_wav/001.wav,1172,1758,861420,1292130,audio/finedance_001_0001172_0001758.wav,finedance_001_0001172_0001758.pkl,train
finedance_001_0001758_0002344,music_wav/001.wav,1758,2344,1292130,1722840,audio/finedance_001_0001758_0002344.wav,finedance_001_0001758_0002344.pkl,train
finedance_001_0002344_0002930,music_wav/001.wav,2344,2930,1722840,2153550,audio/finedance_001_0002344_0002930.wav,finedance_001_0002344_0002930.pkl,train
finedance_001_0002930_0003516,music_wav/001.wav,2930,3516,2153550,2584260,audio/finedance_001_0002930_0003516.wav,finedance_001_0002930_0003516.pkl,train
finedance_001_0003516_0004101,music_wav/001.wav,3516,4101,2584260,3014235,audio/finedance_001_0003516_0004101.wav,finedance_001_0003516_0004101.pkl,train
finedance_001_0004101_0004686,music_wav/001.wav,4101,4686,3014235,3444210,audio/finedance_001_0004101_0004686.wav,finedance_001_0004101_0004686.pkl,train
finedance_001_0004686_0005271,music_wav/001.wav,4686,5271,3444210,3874185,audio/finedance_001_0004686_0005271.wav,finedance_001_0004686_0005271.pkl,train
finedance_001_0005271_0005856,music_wav/001.wav,5271,5856,3874185,4304160,audio/finedance_001_0005271_0005856.wav,finedance_001_0005271_0005856.pkl,train
finedance_002_0000000_0000622,music_wav/002.wav,0,622,0,457170,audio/finedance_002_0000000_0000622.wav,finedance_002_0000000_0000622.pkl,train
finedance_002_0000622_0001244,music_wav/002.wav,622,1244,457170,914340,audio/finedance_002_0000622_0001244.wav,finedance_002_0000622_0001244.pkl,train
finedance_002_0001244_0001866,music_wav/002.wav,1244,1866,914340,1371510,audio/finedance_002_0001244_0001866.wav,finedance_002_0001244_0001866.pkl,train
finedance_002_0001866_0002487,music_wav/002.wav,1866,2487,1371510,1827945,audio/finedance_002_0001866_0002487.wav,finedance_002_0001866_0002487.pkl,train
finedance_002_0002487_0003108,music_wav/002.wav,2487,3108,1827945,2284380,audio/finedance_002_0002487_0003108.wav,finedance_002_0002487_0003108.pkl,train
finedance_002_0003108_0003729,music_wav/002.wav,3108,3729,2284380,2740815,audio/finedance_002_0003108_0003729.wav,finedance_002_0003108_0003729.pkl,train
finedance_002_0003729_0004350,music_wav/002.wav,3729,4350,2740815,3197250,audio/finedance_002_0003729_0004350.wav,finedance_002_0003729_0004350.pkl,train
finedance_002_0004350_0004971,music_wav/002.wav,4350,4971,3197250,3653685,audio/finedance_002_0004350_0004971.wav,finedance_002_0004350_0004971.pkl,train
finedance_002_0004971_0005592,music_wav/002.wav,4971,5592,3653685,4110120,audio/finedance_002_0004971_0005592.wav,finedance_002_0004971_0005592.pkl,train
finedance_002_0005592_0006213,music_wav/002.wav,5592,6213,4110120,4566555,audio/finedance_002_0005592_0006213.wav,finedance_002_0005592_0006213.pkl,train
finedance_003_0000000_0000592,music_wav/003.wav,0,592,0,435120,audio/finedance_003_0000000_0000592.wav,finedance_003_0000000_0000592.pkl,train
finedance_003_0000592_0001184,music_wav/003.wav,592,1184,435120,870240,audio/finedance_003_0000592_0001184.wav,finedance_003_0000592_0001184.pkl,train
finedance_003_0001184_0001776,music_wav/003.wav,1184,1776,870240,1305360,audio/finedance_003_0001184_0001776.wav,finedance_003_0001184_0001776.pkl,train
finedance_003_0001776_0002368,music_wav/003.wav,1776,2368,1305360,1740480,audio/finedance_003_0001776_0002368.wav,finedance_003_0001776_0002368.pkl,train
finedance_003_0002368_0002960,music_wav/003.wav,2368,2960,1740480,2175600,audio/finedance_003_0002368_0002960.wav,finedance_003_0002368_0002960.pkl,train
finedance_003_0002960_0003552,music_wav/003.wav,2960,3552,2175600,2610720,audio/finedance_003_0002960_0003552.wav,finedance_003_0002960_0003552.pkl,train
finedance_003_0003552_0004144,music_wav/003.wav,3552,4144,2610720,3045840,audio/finedance_003_0003552_0004144.wav,finedance_003_0003552_0004144.pkl,train
finedance_003_0004144_0004736,music_wav/003.wav,4144,4736,3045840,3480960,audio/finedance_003_0004144_0004736.wav,finedance_003_0004144_0004736.pkl,train
finedance_003_0004736_0005328,music_wav/003.wav,4736,5328,3480960,3916080,audio/finedance_003_0004736_0005328.wav,finedance_003_0004736_0005328.pkl,train
finedance_003_0005328_0005920,music_wav/003.wav,5328,5920,3916080,4351200,audio/finedance_003_0005328_0005920.wav,finedance_003_0005328_0005920.pkl,train
finedance_003_0005920_0006512,music_wav/003.wav,5920,6512,4351200,4786320,audio/finedance_003_0005920_0006512.wav,finedance_003_0005920_0006512.pkl,train
finedance_003_0006512_0007104,music_wav/003.wav,6512,7104,4786320,5221440,audio/finedance_003_0006512_0007104.wav,finedance_003_0006512_0007104.pkl,train
finedance_003_0007104_0007696,music_wav/003.wav,7104,7696,5221440,5656560,audio/finedance_003_0007104_0007696.wav,finedance_003_0007104_0007696.pkl,train
finedance_003_0007696_0008288,music_wav/003.wav,7696,8288,5656560,6091680,audio/finedance_003_0007696_0008288.wav,finedance_003_0007696_0008288.pkl,train
finedance_003_0008288_0008879,music_wav/003.wav,8288,8879,6091680,6526065,audio/finedance_003_0008288_0008879.wav,finedance_003_0008288_0008879.pkl,train
finedance_003_0008879_0009470,music_wav/003.wav,8879,9470,6526065,6960450,audio/finedance_003_0008879_0009470.wav,finedance_003_0008879_0009470.pkl,train
finedance_003_0009470_0010061,music_wav/003.wav,9470,10061,6960450,7394835,audio/finedance_003_0009470_0010061.wav,finedance_003_0009470_0010061.pkl,train
finedance_003_0010061_0010652,music_wav/003.wav,10061,10652,7394835,7829220,audio/finedance_003_0010061_0010652.wav,finedance_003_0010061_0010652.pkl,train
finedance_004_0000000_0000578,music_wav/004.wav,0,578,0,424830,audio/finedance_004_0000000_0000578.wav,finedance_004_0000000_0000578.pkl,train
finedance_004_0000578_0001156,music_wav/004.wav,578,1156,424830,849660,audio/finedance_004_0000578_0001156.wav,finedance_004_0000578_0001156.pkl,train
finedance_004_0001156_0001734,music_wav/004.wav,1156,1734,849660,1274490,audio/finedance_004_0001156_0001734.wav,finedance_004_0001156_0001734.pkl,train
finedance_004_0001734_0002312,music_wav/004.wav,1734,2312,1274490,1699320,audio/finedance_004_0001734_0002312.wav,finedance_004_0001734_0002312.pkl,train
finedance_004_0002312_0002890,music_wav/004.wav,2312,2890,1699320,2124150,audio/finedance_004_0002312_0002890.wav,finedance_004_0002312_0002890.pkl,train
finedance_004_0002890_0003468,music_wav/004.wav,2890,3468,2124150,2548980,audio/finedance_004_0002890_0003468.wav,finedance_004_0002890_0003468.pkl,train
finedance_004_0003468_0004045,music_wav/004.wav,3468,4045,2548980,2973075,audio/finedance_004_0003468_0004045.wav,finedance_004_0003468_0004045.pkl,train
finedance_004_0004045_0004622,music_wav/004.wav,4045,4622,2973075,3397170,audio/finedance_004_0004045_0004622.wav,finedance_004_0004045_0004622.pkl,train
finedance_004_0004622_0005199,music_wav/004.wav,4622,5199,3397170,3821265,audio/finedance_004_0004622_0005199.wav,finedance_004_0004622_0005199.pkl,train
finedance_004_0005199_0005776,music_wav/004.wav,5199,5776,3821265,4245360,audio/finedance_004_0005199_0005776.wav,finedance_004_0005199_0005776.pkl,train
finedance_005_0000000_0000577,music_wav/005.wav,0,577,0,424095,audio/finedance_005_0000000_0000577.wav,finedance_005_0000000_0000577.pkl,train
finedance_005_0000577_0001153,music_wav/005.wav,577,1153,424095,847455,audio/finedance_005_0000577_0001153.wav,finedance_005_0000577_0001153.pkl,train
finedance_005_0001153_0001729,music_wav/005.wav,1153,1729,847455,1270815,audio/finedance_005_0001153_0001729.wav,finedance_005_0001153_0001729.pkl,train
finedance_005_0001729_0002305,music_wav/005.wav,1729,2305,1270815,1694175,audio/finedance_005_0001729_0002305.wav,finedance_005_0001729_0002305.pkl,train
finedance_005_0002305_0002881,music_wav/005.wav,2305,2881,1694175,2117535,audio/finedance_005_0002305_0002881.wav,finedance_005_0002305_0002881.pkl,train
finedance_005_0002881_0003457,music_wav/005.wav,2881,3457,2117535,2540895,audio/finedance_005_0002881_0003457.wav,finedance_005_0002881_0003457.pkl,train
finedance_005_0003457_0004033,music_wav/005.wav,3457,4033,2540895,2964255,audio/finedance_005_0003457_0004033.wav,finedance_005_0003457_0004033.pkl,train
finedance_005_0004033_0004609,music_wav/005.wav,4033,4609,2964255,3387615,audio/finedance_005_0004033_0004609.wav,finedance_005_0004033_0004609.pkl,train
finedance_005_0004609_0005185,music_wav/005.wav,4609,5185,3387615,3810975,audio/finedance_005_0004609_0005185.wav,finedance_005_0004609_0005185.pkl,train
finedance_005_0005185_0005761,music_wav/005.wav,5185,5761,3810975,4234335,audio/finedance_005_0005185_0005761.wav,finedance_005_0005185_0005761.pkl,train
finedance_006_0000000_0000562,music_wav/006.wav,0,562,0,413070,audio/finedance_006_0000000_0000562.wav,finedance_006_0000000_0000562.pkl,train
finedance_006_0000562_0001124,music_wav/006.wav,562,1124,413070,826140,audio/finedance_006_0000562_0001124.wav,finedance_006_0000562_0001124.pkl,train
finedance_006_0001124_0001686,music_wav/006.wav,1124,1686,826140,1239210,audio/finedance_006_0001124_0001686.wav,finedance_006_0001124_0001686.pkl,train
finedance_007_0000000_0000625,music_wav/007.wav,0,625,0,459375,audio/finedance_007_0000000_0000625.wav,finedance_007_0000000_0000625.pkl,train
finedance_007_0000625_0001250,music_wav/007.wav,625,1250,459375,918750,audio/finedance_007_0000625_0001250.wav,finedance_007_0000625_0001250.pkl,train
finedance_007_0001250_0001875,music_wav/007.wav,1250,1875,918750,1378125,audio/finedance_007_0001250_0001875.wav,finedance_007_0001250_0001875.pkl,train
finedance_007_0001875_0002500,music_wav/007.wav,1875,2500,1378125,1837500,audio/finedance_007_0001875_0002500.wav,finedance_007_0001875_0002500.pkl,train
finedance_007_0002500_0003125,music_wav/007.wav,2500,3125,1837500,2296875,audio/finedance_007_0002500_0003125.wav,finedance_007_0002500_0003125.pkl,train
finedance_007_0003125_0003750,music_wav/007.wav,3125,3750,2296875,2756250,audio/finedance_007_0003125_0003750.wav,finedance_007_0003125_0003750.pkl,train
finedance_007_0003750_0004374,music_wav/007.wav,3750,4374,2756250,3214890,audio/finedance_007_0003750_0004374.wav,finedance_007_0003750_0004374.pkl,train
finedance_007_0004374_0004998,music_wav/007.wav,4374,4998,3214890,3673530,audio/finedance_007_0004374_0004998.wav,finedance_007_0004374_0004998.pkl,train
finedance_007_0004998_0005622,music_wav/007.wav,4998,5622,3673530,4132170,audio/finedance_007_0004998_0005622.wav,finedance_007_0004998_0005622.pkl,train
finedance_007_0005622_0006246,music_wav/007.wav,5622,6246,4132170,4590810,audio/finedance_007_0005622_0006246.wav,finedance_007_0005622_0006246.pkl,train
finedance_007_0006246_0006870,music_wav/007.wav,6246,6870,4590810,5049450,audio/finedance_007_0006246_0006870.wav,finedance_007_0006246_0006870.pkl,train
finedance_007_0006870_0007494,music_wav/007.wav,6870,7494,5049450,5508090,audio/finedance_007_0006870_0007494.wav,finedance_007_0006870_0007494.pkl,train
finedance_008_0000000_0000610,music_wav/008.wav,0,610,0,448350,audio/finedance_008_0000000_0000610.wav,finedance_008_0000000_0000610.pkl,train
finedance_008_0000610_0001220,music_wav/008.wav,610,1220,448350,896700,audio/finedance_008_0000610_0001220.wav,finedance_008_0000610_0001220.pkl,train
finedance_008_0001220_0001830,music_wav/008.wav,1220,1830,896700,1345050,audio/finedance_008_0001220_0001830.wav,finedance_008_0001220_0001830.pkl,train
finedance_008_0001830_0002439,music_wav/008.wav,1830,2439,1345050,1792665,audio/finedance_008_0001830_0002439.wav,finedance_008_0001830_0002439.pkl,train
finedance_008_0002439_0003048,music_wav/008.wav,2439,3048,1792665,2240280,audio/finedance_008_0002439_0003048.wav,finedance_008_0002439_0003048.pkl,train
finedance_008_0003048_0003657,music_wav/008.wav,3048,3657,2240280,2687895,audio/finedance_008_0003048_0003657.wav,finedance_008_0003048_0003657.pkl,train
finedance_008_0003657_0004266,music_wav/008.wav,3657,4266,2687895,3135510,audio/finedance_008_0003657_0004266.wav,finedance_008_0003657_0004266.pkl,train
finedance_008_0004266_0004875,music_wav/008.wav,4266,4875,3135510,3583125,audio/finedance_008_0004266_0004875.wav,finedance_008_0004266_0004875.pkl,train
finedance_008_0004875_0005484,music_wav/008.wav,4875,5484,3583125,4030740,audio/finedance_008_0004875_0005484.wav,finedance_008_0004875_0005484.pkl,train
finedance_008_0005484_0006093,music_wav/008.wav,5484,6093,4030740,4478355,audio/finedance_008_0005484_0006093.wav,finedance_008_0005484_0006093.pkl,train
finedance_008_0006093_0006702,music_wav/008.wav,6093,6702,4478355,4925970,audio/finedance_008_0006093_0006702.wav,finedance_008_0006093_0006702.pkl,train
finedance_008_0006702_0007311,music_wav/008.wav,6702,7311,4925970,5373585,audio/finedance_008_0006702_0007311.wav,finedance_008_0006702_0007311.pkl,train
finedance_008_0007311_0007920,music_wav/008.wav,7311,7920,5373585,5821200,audio/finedance_008_0007311_0007920.wav,finedance_008_0007311_0007920.pkl,train
finedance_009_0000000_0000599,music_wav/009.wav,0,599,0,440265,audio/finedance_009_0000000_0000599.wav,finedance_009_0000000_0000599.pkl,train
finedance_009_0000599_0001198,music_wav/009.wav,599,1198,440265,880530,audio/finedance_009_0000599_0001198.wav,finedance_009_0000599_0001198.pkl,train
finedance_009_0001198_0001797,music_wav/009.wav,1198,1797,880530,1320795,audio/finedance_009_0001198_0001797.wav,finedance_009_0001198_0001797.pkl,train
finedance_009_0001797_0002396,music_wav/009.wav,1797,2396,1320795,1761060,audio/finedance_009_0001797_0002396.wav,finedance_009_0001797_0002396.pkl,train
finedance_009_0002396_0002995,music_wav/009.wav,2396,2995,1761060,2201325,audio/finedance_009_0002396_0002995.wav,finedance_009_0002396_0002995.pkl,train
finedance_010_0000000_0000611,music_wav/010.wav,0,611,0,449085,audio/finedance_010_0000000_0000611.wav,finedance_010_0000000_0000611.pkl,train
finedance_010_0000611_0001222,music_wav/010.wav,611,1222,449085,898170,audio/finedance_010_0000611_0001222.wav,finedance_010_0000611_0001222.pkl,train
finedance_010_0001222_0001833,music_wav/010.wav,1222,1833,898170,1347255,audio/finedance_010_0001222_0001833.wav,finedance_010_0001222_0001833.pkl,train
finedance_010_0001833_0002444,music_wav/010.wav,1833,2444,1347255,1796340,audio/finedance_010_0001833_0002444.wav,finedance_010_0001833_0002444.pkl,train
finedance_010_0002444_0003055,music_wav/010.wav,2444,3055,1796340,2245425,audio/finedance_010_0002444_0003055.wav,finedance_010_0002444_0003055.pkl,train
finedance_010_0003055_0003666,music_wav/010.wav,3055,3666,2245425,2694510,audio/finedance_010_0003055_0003666.wav,finedance_010_0003055_0003666.pkl,train
finedance_010_0003666_0004277,music_wav/010.wav,3666,4277,2694510,3143595,audio/finedance_010_0003666_0004277.wav,finedance_010_0003666_0004277.pkl,train
finedance_010_0004277_0004888,music_wav/010.wav,4277,4888,3143595,3592680,audio/finedance_010_0004277_0004888.wav,finedance_010_0004277_0004888.pkl,train
finedance_010_0004888_0005499,music_wav/010.wav,4888,5499,3592680,4041765,audio/finedance_010_0004888_0005499.wav,finedance_010_0004888_0005499.pkl,train
finedance_010_0005499_0006110,music_wav/010.wav,5499,6110,4041765,4490850,audio/finedance_010_0005499_0006110.wav,finedance_010_0005499_0006110.pkl,train
finedance_010_0006110_0006721,music_wav/010.wav,6110,6721,4490850,4939935,audio/finedance_010_0006110_0006721.wav,finedance_010_0006110_0006721.pkl,train
finedance_010_0006721_0007332,music_wav/010.wav,6721,7332,4939935,5389020,audio/finedance_010_0006721_0007332.wav,finedance_010_0006721_0007332.pkl,train
finedance_010_0007332_0007943,music_wav/010.wav,7332,7943,5389020,5838105,audio/finedance_010_0007332_0007943.wav,finedance_010_0007332_0007943.pkl,train
finedance_010_0007943_0008554,music_wav/010.wav,7943,8554,5838105,6287190,audio/finedance_010_0007943_0008554.wav,finedance_010_0007943_0008554.pkl,train
finedance_010_0008554_0009165,music_wav/010.wav,8554,9165,6287190,6736275,audio/finedance_010_0008554_0009165.wav,finedance_010_0008554_0009165.pkl,train
finedance_010_0009165_0009775,music_wav/010.wav,9165,9775,6736275,7184625,audio/finedance_010_0009165_0009775.wav,finedance_010_0009165_0009775.pkl,train
finedance_010_0009775_0010385,music_wav/010.wav,9775,10385,7184625,7632975,audio/finedance_010_0009775_0010385.wav,finedance_010_0009775_0010385.pkl,train
finedance_010_0010385_0010995,music_wav/010.wav,10385,10995,7632975,8081325,audio/finedance_010_0010385_0010995.wav,finedance_010_0010385_0010995.pkl,train
finedance_013_0000000_0000634,music_wav/013.wav,0,634,0,465990,audio/finedance_013_0000000_0000634.wav,finedance_013_0000000_0000634.pkl,train
finedance_013_0000634_0001267,music_wav/013.wav,634,1267,465990,931245,audio/finedance_013_0000634_0001267.wav,finedance_013_0000634_0001267.pkl,train
finedance_013_0001267_0001900,music_wav/013.wav,1267,1900,931245,1396500,audio/finedance_013_0001267_0001900.wav,finedance_013_0001267_0001900.pkl,train
finedance_013_0001900_0002533,music_wav/013.wav,1900,2533,1396500,1861755,audio/finedance_013_0001900_0002533.wav,finedance_013_0001900_0002533.pkl,train
finedance_013_0002533_0003166,music_wav/013.wav,2533,3166,1861755,2327010,audio/finedance_013_0002533_0003166.wav,finedance_013_0002533_0003166.pkl,train
finedance_013_0003166_0003799,music_wav/013.wav,3166,3799,2327010,2792265,audio/finedance_013_0003166_0003799.wav,finedance_013_0003166_0003799.pkl,train
finedance_013_0003799_0004432,music_wav/013.wav,3799,4432,2792265,3257520,audio/finedance_013_0003799_0004432.wav,finedance_013_0003799_0004432.pkl,train
finedance_014_0000000_0000604,music_wav/014.wav,0,604,0,443940,audio/finedance_014_0000000_0000604.wav,finedance_014_0000000_0000604.pkl,train
finedance_014_0000604_0001208,music_wav/014.wav,604,1208,443940,887880,audio/finedance_014_0000604_0001208.wav,finedance_014_0000604_0001208.pkl,train
finedance_014_0001208_0001812,music_wav/014.wav,1208,1812,887880,1331820,audio/finedance_014_0001208_0001812.wav,finedance_014_0001208_0001812.pkl,train
finedance_014_0001812_0002415,music_wav/014.wav,1812,2415,1331820,1775025,audio/finedance_014_0001812_0002415.wav,finedance_014_0001812_0002415.pkl,train
finedance_014_0002415_0003018,music_wav/014.wav,2415,3018,1775025,2218230,audio/finedance_014_0002415_0003018.wav,finedance_014_0002415_0003018.pkl,train
finedance_014_0003018_0003621,music_wav/014.wav,3018,3621,2218230,2661435,audio/finedance_014_0003018_0003621.wav,finedance_014_0003018_0003621.pkl,train
finedance_014_0003621_0004224,music_wav/014.wav,3621,4224,2661435,3104640,audio/finedance_014_0003621_0004224.wav,finedance_014_0003621_0004224.pkl,train
finedance_014_0004224_0004827,music_wav/014.wav,4224,4827,3104640,3547845,audio/finedance_014_0004224_0004827.wav,finedance_014_0004224_0004827.pkl,train
finedance_014_0004827_0005430,music_wav/014.wav,4827,5430,3547845,3991050,audio/finedance_014_0004827_0005430.wav,finedance_014_0004827_0005430.pkl,train
finedance_014_0005430_0006033,music_wav/014.wav,5430,6033,3991050,4434255,audio/finedance_014_0005430_0006033.wav,finedance_014_0005430_0006033.pkl,train
finedance_014_0006033_0006636,music_wav/014.wav,6033,6636,4434255,4877460,audio/finedance_014_0006033_0006636.wav,finedance_014_0006033_0006636.pkl,train
finedance_014_0006636_0007239,music_wav/014.wav,6636,7239,4877460,5320665,audio/finedance_014_0006636_0007239.wav,finedance_014_0006636_0007239.pkl,train
finedance_014_0007239_0007842,music_wav/014.wav,7239,7842,5320665,5763870,audio/finedance_014_0007239_0007842.wav,finedance_014_0007239_0007842.pkl,train
finedance_014_0007842_0008445,music_wav/014.wav,7842,8445,5763870,6207075,audio/finedance_014_0007842_0008445.wav,finedance_014_0007842_0008445.pkl,train
finedance_014_0008445_0009048,music_wav/014.wav,8445,9048,6207075,6650280,audio/finedance_014_0008445_0009048.wav,finedance_014_0008445_0009048.pkl,train
finedance_014_0009048_0009651,music_wav/014.wav,9048,9651,6650280,7093485,audio/finedance_014_0009048_0009651.wav,finedance_014_0009048_0009651.pkl,train
finedance_014_0009651_0010254,music_wav/014.wav,9651,10254,7093485,7536690,audio/finedance_014_0009651_0010254.wav,finedance_014_0009651_0010254.pkl,train
finedance_014_0010254_0010857,music_wav/014.wav,10254,10857,7536690,7979895,audio/finedance_014_0010254_0010857.wav,finedance_014_0010254_0010857.pkl,train
finedance_014_0010857_0011460,music_wav/014.wav,10857,11460,7979895,8423100,audio/finedance_014_0010857_0011460.wav,finedance_014_0010857_0011460.pkl,train
finedance_014_0011460_0012063,music_wav/014.wav,11460,12063,8423100,8866305,audio/finedance_014_0011460_0012063.wav,finedance_014_0011460_0012063.pkl,train
finedance_014_0012063_0012666,music_wav/014.wav,12063,12666,8866305,9309510,audio/finedance_014_0012063_0012666.wav,finedance_014_0012063_0012666.pkl,train
finedance_014_0012666_0013269,music_wav/014.wav,12666,13269,9309510,9752715,audio/finedance_014_0012666_0013269.wav,finedance_014_0012666_0013269.pkl,train
finedance_014_0013269_0013872,music_wav/014.wav,13269,13872,9752715,10195920,audio/finedance_014_0013269_0013872.wav,finedance_014_0013269_0013872.pkl,train
finedance_015_0000000_0000585,music_wav/015.wav,0,585,0,429975,audio/finedance_015_0000000_0000585.wav,finedance_015_0000000_0000585.pkl,train
finedance_015_0000585_0001170,music_wav/015.wav,585,1170,429975,859950,audio/finedance_015_0000585_0001170.wav,finedance_015_0000585_0001170.pkl,train
finedance_015_0001170_0001755,music_wav/015.wav,1170,1755,859950,1289925,audio/finedance_015_0001170_0001755.wav,finedance_015_0001170_0001755.pkl,train
finedance_015_0001755_0002340,music_wav/015.wav,1755,2340,1289925,1719900,audio/finedance_015_0001755_0002340.wav,finedance_015_0001755_0002340.pkl,train
finedance_015_0002340_0002925,music_wav/015.wav,2340,2925,1719900,2149875,audio/finedance_015_0002340_0002925.wav,finedance_015_0002340_0002925.pkl,train
finedance_015_0002925_0003510,music_wav/015.wav,2925,3510,2149875,2579850,audio/finedance_015_0002925_0003510.wav,finedance_015_0002925_0003510.pkl,train
finedance_015_0003510_0004095,music_wav/015.wav,3510,4095,2579850,3009825,audio/finedance_015_0003510_0004095.wav,finedance_015_0003510_0004095.pkl,train
finedance_015_0004095_0004680,music_wav/015.wav,4095,4680,3009825,3439800,audio/finedance_015_0004095_0004680.wav,finedance_015_0004095_0004680.pkl,train
finedance_015_0004680_0005264,music_wav/015.wav,4680,5264,3439800,3869040,audio/finedance_015_0004680_0005264.wav,finedance_015_0004680_0005264.pkl,train
finedance_015_0005264_0005848,music_wav/015.wav,5264,5848,3869040,4298280,audio/finedance_015_0005264_0005848.wav,finedance_015_0005264_0005848.pkl,train
finedance_015_0005848_0006432,music_wav/015.wav,5848,6432,4298280,4727520,audio/finedance_015_0005848_0006432.wav,finedance_015_0005848_0006432.pkl,train
finedance_015_0006432_0007016,music_wav/015.wav,6432,7016,4727520,5156760,audio/finedance_015_0006432_0007016.wav,finedance_015_0006432_0007016.pkl,train
finedance_015_0007016_0007600,music_wav/015.wav,7016,7600,5156760,5586000,audio/finedance_015_0007016_0007600.wav,finedance_015_0007016_0007600.pkl,train
finedance_015_0007600_0008184,music_wav/015.wav,7600,8184,5586000,6015240,audio/finedance_015_0007600_0008184.wav,finedance_015_0007600_0008184.pkl,train
finedance_016_0000000_0000594,music_wav/016.wav,0,594,0,436590,audio/finedance_016_0000000_0000594.wav,finedance_016_0000000_0000594.pkl,train
finedance_016_0000594_0001188,music_wav/016.wav,594,1188,436590,873180,audio/finedance_016_0000594_0001188.wav,finedance_016_0000594_0001188.pkl,train
finedance_016_0001188_0001782,music_wav/016.wav,1188,1782,873180,1309770,audio/finedance_016_0001188_0001782.wav,finedance_016_0001188_0001782.pkl,train
finedance_016_0001782_0002376,music_wav/016.wav,1782,2376,1309770,1746360,audio/finedance_016_0001782_0002376.wav,finedance_016_0001782_0002376.pkl,train
finedance_016_0002376_0002970,music_wav/016.wav,2376,2970,1746360,2182950,audio/finedance_016_0002376_0002970.wav,finedance_016_0002376_0002970.pkl,train
finedance_016_0002970_0003564,music_wav/016.wav,2970,3564,2182950,2619540,audio/finedance_016_0002970_0003564.wav,finedance_016_0002970_0003564.pkl,train
finedance_016_0003564_0004157,music_wav/016.wav,3564,4157,2619540,3055395,audio/finedance_016_0003564_0004157.wav,finedance_016_0003564_0004157.pkl,train
finedance_016_0004157_0004750,music_wav/016.wav,4157,4750,3055395,3491250,audio/finedance_016_0004157_0004750.wav,finedance_016_0004157_0004750.pkl,train
finedance_016_0004750_0005343,music_wav/016.wav,4750,5343,3491250,3927105,audio/finedance_016_0004750_0005343.wav,finedance_016_0004750_0005343.pkl,train
finedance_016_0005343_0005936,music_wav/016.wav,5343,5936,3927105,4362960,audio/finedance_016_0005343_0005936.wav,finedance_016_0005343_0005936.pkl,train
finedance_016_0005936_0006529,music_wav/016.wav,5936,6529,4362960,4798815,audio/finedance_016_0005936_0006529.wav,finedance_016_0005936_0006529.pkl,train
finedance_016_0006529_0007122,music_wav/016.wav,6529,7122,4798815,5234670,audio/finedance_016_0006529_0007122.wav,finedance_016_0006529_0007122.pkl,train
finedance_016_0007122_0007715,music_wav/016.wav,7122,7715,5234670,5670525,audio/finedance_016_0007122_0007715.wav,finedance_016_0007122_0007715.pkl,train
finedance_016_0007715_0008308,music_wav/016.wav,7715,8308,5670525,6106380,audio/finedance_016_0007715_0008308.wav,finedance_016_0007715_0008308.pkl,train
finedance_016_0008308_0008901,music_wav/016.wav,8308,8901,6106380,6542235,audio/finedance_016_0008308_0008901.wav,finedance_016_0008308_0008901.pkl,train
finedance_016_0008901_0009494,music_wav/016.wav,8901,9494,6542235,6978090,audio/finedance_016_0008901_0009494.wav,finedance_016_0008901_0009494.pkl,train
finedance_016_0009494_0010087,music_wav/016.wav,9494,10087,6978090,7413945,audio/finedance_016_0009494_0010087.wav,finedance_016_0009494_0010087.pkl,train
finedance_017_0000000_0000584,music_wav/017.wav,0,584,0,429240,audio/finedance_017_0000000_0000584.wav,finedance_017_0000000_0000584.pkl,train
finedance_017_0000584_0001168,music_wav/017.wav,584,1168,429240,858480,audio/finedance_017_0000584_0001168.wav,finedance_017_0000584_0001168.pkl,train
finedance_017_0001168_0001752,music_wav/017.wav,1168,1752,858480,1287720,audio/finedance_017_0001168_0001752.wav,finedance_017_0001168_0001752.pkl,train
finedance_017_0001752_0002336,music_wav/017.wav,1752,2336,1287720,1716960,audio/finedance_017_0001752_0002336.wav,finedance_017_0001752_0002336.pkl,train
finedance_017_0002336_0002920,music_wav/017.wav,2336,2920,1716960,2146200,audio/finedance_017_0002336_0002920.wav,finedance_017_0002336_0002920.pkl,train
finedance_017_0002920_0003504,music_wav/017.wav,2920,3504,2146200,2575440,audio/finedance_017_0002920_0003504.wav,finedance_017_0002920_0003504.pkl,train
finedance_017_0003504_0004088,music_wav/017.wav,3504,4088,2575440,3004680,audio/finedance_017_0003504_0004088.wav,finedance_017_0003504_0004088.pkl,train
finedance_017_0004088_0004672,music_wav/017.wav,4088,4672,3004680,3433920,audio/finedance_017_0004088_0004672.wav,finedance_017_0004088_0004672.pkl,train
finedance_017_0004672_0005256,music_wav/017.wav,4672,5256,3433920,3863160,audio/finedance_017_0004672_0005256.wav,finedance_017_0004672_0005256.pkl,train
finedance_017_0005256_0005840,music_wav/017.wav,5256,5840,3863160,4292400,audio/finedance_017_0005256_0005840.wav,finedance_017_0005256_0005840.pkl,train
finedance_017_0005840_0006424,music_wav/017.wav,5840,6424,4292400,4721640,audio/finedance_017_0005840_0006424.wav,finedance_017_0005840_0006424.pkl,train
finedance_017_0006424_0007008,music_wav/017.wav,6424,7008,4721640,5150880,audio/finedance_017_0006424_0007008.wav,finedance_017_0006424_0007008.pkl,train
finedance_017_0007008_0007592,music_wav/017.wav,7008,7592,5150880,5580120,audio/finedance_017_0007008_0007592.wav,finedance_017_0007008_0007592.pkl,train
finedance_017_0007592_0008176,music_wav/017.wav,7592,8176,5580120,6009360,audio/finedance_017_0007592_0008176.wav,finedance_017_0007592_0008176.pkl,train
finedance_017_0008176_0008760,music_wav/017.wav,8176,8760,6009360,6438600,audio/finedance_017_0008176_0008760.wav,finedance_017_0008176_0008760.pkl,train
finedance_018_0000000_0000600,music_wav/018.wav,0,600,0,441000,audio/finedance_018_0000000_0000600.wav,finedance_018_0000000_0000600.pkl,train
finedance_018_0000600_0001199,music_wav/018.wav,600,1199,441000,881265,audio/finedance_018_0000600_0001199.wav,finedance_018_0000600_0001199.pkl,train
finedance_018_0001199_0001798,music_wav/018.wav,1199,1798,881265,1321530,audio/finedance_018_0001199_0001798.wav,finedance_018_0001199_0001798.pkl,train
finedance_018_0001798_0002397,music_wav/018.wav,1798,2397,1321530,1761795,audio/finedance_018_0001798_0002397.wav,finedance_018_0001798_0002397.pkl,train
finedance_018_0002397_0002996,music_wav/018.wav,2397,2996,1761795,2202060,audio/finedance_018_0002397_0002996.wav,finedance_018_0002397_0002996.pkl,train
finedance_018_0002996_0003595,music_wav/018.wav,2996,3595,2202060,2642325,audio/finedance_018_0002996_0003595.wav,finedance_018_0002996_0003595.pkl,train
finedance_018_0003595_0004194,music_wav/018.wav,3595,4194,2642325,3082590,audio/finedance_018_0003595_0004194.wav,finedance_018_0003595_0004194.pkl,train
finedance_018_0004194_0004793,music_wav/018.wav,4194,4793,3082590,3522855,audio/finedance_018_0004194_0004793.wav,finedance_018_0004194_0004793.pkl,train
finedance_018_0004793_0005392,music_wav/018.wav,4793,5392,3522855,3963120,audio/finedance_018_0004793_0005392.wav,finedance_018_0004793_0005392.pkl,train
finedance_018_0005392_0005991,music_wav/018.wav,5392,5991,3963120,4403385,audio/finedance_018_0005392_0005991.wav,finedance_018_0005392_0005991.pkl,train
finedance_018_0005991_0006590,music_wav/018.wav,5991,6590,4403385,4843650,audio/finedance_018_0005991_0006590.wav,finedance_018_0005991_0006590.pkl,train
finedance_018_0006590_0007189,music_wav/018.wav,6590,7189,4843650,5283915,audio/finedance_018_0006590_0007189.wav,finedance_018_0006590_0007189.pkl,train
finedance_018_0007189_0007788,music_wav/018.wav,7189,7788,5283915,5724180,audio/finedance_018_0007189_0007788.wav,finedance_018_0007189_0007788.pkl,train
finedance_018_0007788_0008387,music_wav/018.wav,7788,8387,5724180,6164445,audio/finedance_018_0007788_0008387.wav,finedance_018_0007788_0008387.pkl,train
finedance_018_0008387_0008986,music_wav/018.wav,8387,8986,6164445,6604710,audio/finedance_018_0008387_0008986.wav,finedance_018_0008387_0008986.pkl,train
finedance_018_0008986_0009585,music_wav/018.wav,8986,9585,6604710,7044975,audio/finedance_018_0008986_0009585.wav,finedance_018_0008986_0009585.pkl,train
finedance_018_0009585_0010184,music_wav/018.wav,9585,10184,7044975,7485240,audio/finedance_018_0009585_0010184.wav,finedance_018_0009585_0010184.pkl,train
finedance_019_0000000_0000606,music_wav/019.wav,0,606,0,445410,audio/finedance_019_0000000_0000606.wav,finedance_019_0000000_0000606.pkl,train
finedance_019_0000606_0001212,music_wav/019.wav,606,1212,445410,890820,audio/finedance_019_0000606_0001212.wav,finedance_019_0000606_0001212.pkl,train
finedance_019_0001212_0001818,music_wav/019.wav,1212,1818,890820,1336230,audio/finedance_019_0001212_0001818.wav,finedance_019_0001212_0001818.pkl,train
finedance_019_0001818_0002424,music_wav/019.wav,1818,2424,1336230,1781640,audio/finedance_019_0001818_0002424.wav,finedance_019_0001818_0002424.pkl,train
finedance_019_0002424_0003030,music_wav/019.wav,2424,3030,1781640,2227050,audio/finedance_019_0002424_0003030.wav,finedance_019_0002424_0003030.pkl,train
finedance_019_0003030_0003636,music_wav/019.wav,3030,3636,2227050,2672460,audio/finedance_019_0003030_0003636.wav,finedance_019_0003030_0003636.pkl,train
finedance_019_0003636_0004242,music_wav/019.wav,3636,4242,2672460,3117870,audio/finedance_019_0003636_0004242.wav,finedance_019_0003636_0004242.pkl,train
finedance_019_0004242_0004848,music_wav/019.wav,4242,4848,3117870,3563280,audio/finedance_019_0004242_0004848.wav,finedance_019_0004242_0004848.pkl,train
finedance_019_0004848_0005454,music_wav/019.wav,4848,5454,3563280,4008690,audio/finedance_019_0004848_0005454.wav,finedance_019_0004848_0005454.pkl,train
finedance_019_0005454_0006060,music_wav/019.wav,5454,6060,4008690,4454100,audio/finedance_019_0005454_0006060.wav,finedance_019_0005454_0006060.pkl,train
finedance_019_0006060_0006666,music_wav/019.wav,6060,6666,4454100,4899510,audio/finedance_019_0006060_0006666.wav,finedance_019_0006060_0006666.pkl,train
finedance_019_0006666_0007272,music_wav/019.wav,6666,7272,4899510,5344920,audio/finedance_019_0006666_0007272.wav,finedance_019_0006666_0007272.pkl,train
finedance_019_0007272_0007878,music_wav/019.wav,7272,7878,5344920,5790330,audio/finedance_019_0007272_0007878.wav,finedance_019_0007272_0007878.pkl,train
finedance_019_0007878_0008484,music_wav/019.wav,7878,8484,5790330,6235740,audio/finedance_019_0007878_0008484.wav,finedance_019_0007878_0008484.pkl,train
finedance_019_0008484_0009090,music_wav/019.wav,8484,9090,6235740,6681150,audio/finedance_019_0008484_0009090.wav,finedance_019_0008484_0009090.pkl,train
finedance_019_0009090_0009696,music_wav/019.wav,9090,9696,6681150,7126560,audio/finedance_019_0009090_0009696.wav,finedance_019_0009090_0009696.pkl,train
finedance_019_0009696_0010302,music_wav/019.wav,9696,10302,7126560,7571970,audio/finedance_019_0009696_0010302.wav,finedance_019_0009696_0010302.pkl,train
finedance_019_0010302_0010908,music_wav/019.wav,10302,10908,7571970,8017380,audio/finedance_019_0010302_0010908.wav,finedance_019_0010302_0010908.pkl,train
finedance_019_0010908_0011514,music_wav/019.wav,10908,11514,8017380,8462790,audio/finedance_019_0010908_0011514.wav,finedance_019_0010908_0011514.pkl,train
finedance_019_0011514_0012120,music_wav/019.wav,11514,12120,8462790,8908200,audio/finedance_019_0011514_0012120.wav,finedance_019_0011514_0012120.pkl,train
finedance_020_0000000_0000596,music_wav/020.wav,0,596,0,438060,audio/finedance_020_0000000_0000596.wav,finedance_020_0000000_0000596.pkl,train
finedance_020_0000596_0001192,music_wav/020.wav,596,1192,438060,876120,audio/finedance_020_0000596_0001192.wav,finedance_020_0000596_0001192.pkl,train
finedance_020_0001192_0001788,music_wav/020.wav,1192,1788,876120,1314180,audio/finedance_020_0001192_0001788.wav,finedance_020_0001192_0001788.pkl,train
finedance_020_0001788_0002384,music_wav/020.wav,1788,2384,1314180,1752240,audio/finedance_020_0001788_0002384.wav,finedance_020_0001788_0002384.pkl,train
finedance_020_0002384_0002980,music_wav/020.wav,2384,2980,1752240,2190300,audio/finedance_020_0002384_0002980.wav,finedance_020_0002384_0002980.pkl,train
finedance_020_0002980_0003576,music_wav/020.wav,2980,3576,2190300,2628360,audio/finedance_020_0002980_0003576.wav,finedance_020_0002980_0003576.pkl,train
finedance_020_0003576_0004172,music_wav/020.wav,3576,4172,2628360,3066420,audio/finedance_020_0003576_0004172.wav,finedance_020_0003576_0004172.pkl,train
finedance_020_0004172_0004768,music_wav/020.wav,4172,4768,3066420,3504480,audio/finedance_020_0004172_0004768.wav,finedance_020_0004172_0004768.pkl,train
finedance_020_0004768_0005364,music_wav/020.wav,4768,5364,3504480,3942540,audio/finedance_020_0004768_0005364.wav,finedance_020_0004768_0005364.pkl,train
finedance_020_0005364_0005960,music_wav/020.wav,5364,5960,3942540,4380600,audio/finedance_020_0005364_0005960.wav,finedance_020_0005364_0005960.pkl,train
finedance_020_0005960_0006556,music_wav/020.wav,5960,6556,4380600,4818660,audio/finedance_020_0005960_0006556.wav,finedance_020_0005960_0006556.pkl,train
finedance_020_0006556_0007152,music_wav/020.wav,6556,7152,4818660,5256720,audio/finedance_020_0006556_0007152.wav,finedance_020_0006556_0007152.pkl,train
finedance_020_0007152_0007748,music_wav/020.wav,7152,7748,5256720,5694780,audio/finedance_020_0007152_0007748.wav,finedance_020_0007152_0007748.pkl,train
finedance_020_0007748_0008344,music_wav/020.wav,7748,8344,5694780,6132840,audio/finedance_020_0007748_0008344.wav,finedance_020_0007748_0008344.pkl,train
finedance_020_0008344_0008940,music_wav/020.wav,8344,8940,6132840,6570900,audio/finedance_020_0008344_0008940.wav,finedance_020_0008344_0008940.pkl,train
finedance_020_0008940_0009535,music_wav/020.wav,8940,9535,6570900,7008225,audio/finedance_020_0008940_0009535.wav,finedance_020_0008940_0009535.pkl,train
finedance_020_0009535_0010130,music_wav/020.wav,9535,10130,7008225,7445550,audio/finedance_020_0009535_0010130.wav,finedance_020_0009535_0010130.pkl,train
finedance_020_0010130_0010725,music_wav/020.wav,10130,10725,7445550,7882875,audio/finedance_020_0010130_0010725.wav,finedance_020_0010130_0010725.pkl,train
finedance_020_0010725_0011320,music_wav/020.wav,10725,11320,7882875,8320200,audio/finedance_020_0010725_0011320.wav,finedance_020_0010725_0011320.pkl,train
finedance_020_0011320_0011915,music_wav/020.wav,11320,11915,8320200,8757525,audio/finedance_020_0011320_0011915.wav,finedance_020_0011320_0011915.pkl,train
finedance_020_0011915_0012510,music_wav/020.wav,11915,12510,8757525,9194850,audio/finedance_020_0011915_0012510.wav,finedance_020_0011915_0012510.pkl,train
finedance_021_0000000_0000580,music_wav/021.wav,0,580,0,426300,audio/finedance_021_0000000_0000580.wav,finedance_021_0000000_0000580.pkl,train
finedance_021_0000580_0001160,music_wav/021.wav,580,1160,426300,852600,audio/finedance_021_0000580_0001160.wav,finedance_021_0000580_0001160.pkl,train
finedance_021_0001160_0001740,music_wav/021.wav,1160,1740,852600,1278900,audio/finedance_021_0001160_0001740.wav,finedance_021_0001160_0001740.pkl,train
finedance_021_0001740_0002320,music_wav/021.wav,1740,2320,1278900,1705200,audio/finedance_021_0001740_0002320.wav,finedance_021_0001740_0002320.pkl,train
finedance_021_0002320_0002900,music_wav/021.wav,2320,2900,1705200,2131500,audio/finedance_021_0002320_0002900.wav,finedance_021_0002320_0002900.pkl,train
finedance_021_0002900_0003480,music_wav/021.wav,2900,3480,2131500,2557800,audio/finedance_021_0002900_0003480.wav,finedance_021_0002900_0003480.pkl,train
finedance_021_0003480_0004060,music_wav/021.wav,3480,4060,2557800,2984100,audio/finedance_021_0003480_0004060.wav,finedance_021_0003480_0004060.pkl,train
finedance_021_0004060_0004639,music_wav/021.wav,4060,4639,2984100,3409665,audio/finedance_021_0004060_0004639.wav,finedance_021_0004060_0004639.pkl,train
finedance_021_0004639_0005218,music_wav/021.wav,4639,5218,3409665,3835230,audio/finedance_021_0004639_0005218.wav,finedance_021_0004639_0005218.pkl,train
finedance_021_0005218_0005797,music_wav/021.wav,5218,5797,3835230,4260795,audio/finedance_021_0005218_0005797.wav,finedance_021_0005218_0005797.pkl,train
finedance_021_0005797_0006376,music_wav/021.wav,5797,6376,4260795,4686360,audio/finedance_021_0005797_0006376.wav,finedance_021_0005797_0006376.pkl,train
finedance_021_0006376_0006955,music_wav/021.wav,6376,6955,4686360,5111925,audio/finedance_021_0006376_0006955.wav,finedance_021_0006376_0006955.pkl,train
finedance_021_0006955_0007534,music_wav/021.wav,6955,7534,5111925,5537490,audio/finedance_021_0006955_0007534.wav,finedance_021_0006955_0007534.pkl,train
finedance_022_0000000_0000598,music_wav/022.wav,0,598,0,439530,audio/finedance_022_0000000_0000598.wav,finedance_022_0000000_0000598.pkl,train
finedance_022_0000598_0001196,music_wav/022.wav,598,1196,439530,879060,audio/finedance_022_0000598_0001196.wav,finedance_022_0000598_0001196.pkl,train
finedance_022_0001196_0001794,music_wav/022.wav,1196,1794,879060,1318590,audio/finedance_022_0001196_0001794.wav,finedance_022_0001196_0001794.pkl,train
finedance_022_0001794_0002392,music_wav/022.wav,1794,2392,1318590,1758120,audio/finedance_022_0001794_0002392.wav,finedance_022_0001794_0002392.pkl,train
finedance_022_0002392_0002990,music_wav/022.wav,2392,2990,1758120,2197650,audio/finedance_022_0002392_0002990.wav,finedance_022_0002392_0002990.pkl,train
finedance_022_0002990_0003588,music_wav/022.wav,2990,3588,2197650,2637180,audio/finedance_022_0002990_0003588.wav,finedance_022_0002990_0003588.pkl,train
finedance_023_0000000_0000583,music_wav/023.wav,0,583,0,428505,audio/finedance_023_0000000_0000583.wav,finedance_023_0000000_0000583.pkl,train
finedance_023_0000583_0001166,music_wav/023.wav,583,1166,428505,857010,audio/finedance_023_0000583_0001166.wav,finedance_023_0000583_0001166.pkl,train
finedance_023_0001166_0001749,music_wav/023.wav,1166,1749,857010,1285515,audio/finedance_023_0001166_0001749.wav,finedance_023_0001166_0001749.pkl,train
finedance_023_0001749_0002332,music_wav/023.wav,1749,2332,1285515,1714020,audio/finedance_023_0001749_0002332.wav,finedance_023_0001749_0002332.pkl,train
finedance_023_0002332_0002915,music_wav/023.wav,2332,2915,1714020,2142525,audio/finedance_023_0002332_0002915.wav,finedance_023_0002332_0002915.pkl,train
finedance_023_0002915_0003498,music_wav/023.wav,2915,3498,2142525,2571030,audio/finedance_023_0002915_0003498.wav,finedance_023_0002915_0003498.pkl,train
finedance_023_0003498_0004081,music_wav/023.wav,3498,4081,2571030,2999535,audio/finedance_023_0003498_0004081.wav,finedance_023_0003498_0004081.pkl,train
finedance_023_0004081_0004664,music_wav/023.wav,4081,4664,2999535,3428040,audio/finedance_023_0004081_0004664.wav,finedance_023_0004081_0004664.pkl,train
finedance_023_0004664_0005246,music_wav/023.wav,4664,5246,3428040,3855810,audio/finedance_023_0004664_0005246.wav,finedance_023_0004664_0005246.pkl,train
finedance_024_0000000_0000586,music_wav/024.wav,0,586,0,430710,audio/finedance_024_0000000_0000586.wav,finedance_024_0000000_0000586.pkl,train
finedance_024_0000586_0001172,music_wav/024.wav,586,1172,430710,861420,audio/finedance_024_0000586_0001172.wav,finedance_024_0000586_0001172.pkl,train
finedance_024_0001172_0001758,music_wav/024.wav,1172,1758,861420,1292130,audio/finedance_024_0001172_0001758.wav,finedance_024_0001172_0001758.pkl,train
finedance_024_0001758_0002344,music_wav/024.wav,1758,2344,1292130,1722840,audio/finedance_024_0001758_0002344.wav,finedance_024_0001758_0002344.pkl,train
finedance_024_0002344_0002929,music_wav/024.wav,2344,2929,1722840,2152815,audio/finedance_024_0002344_0002929.wav,finedance_024_0002344_0002929.pkl,train
finedance_024_0002929_0003514,music_wav/024.wav,2929,3514,2152815,2582790,audio/finedance_024_0002929_0003514.wav,finedance_024_0002929_0003514.pkl,train
finedance_024_0003514_0004099,music_wav/024.wav,3514,4099,2582790,3012765,audio/finedance_024_0003514_0004099.wav,finedance_024_0003514_0004099.pkl,train
finedance_027_0000000_0000585,music_wav/027.wav,0,585,0,429975,audio/finedance_027_0000000_0000585.wav,finedance_027_0000000_0000585.pkl,train
finedance_027_0000585_0001170,music_wav/027.wav,585,1170,429975,859950,audio/finedance_027_0000585_0001170.wav,finedance_027_0000585_0001170.pkl,train
finedance_027_0001170_0001755,music_wav/027.wav,1170,1755,859950,1289925,audio/finedance_027_0001170_0001755.wav,finedance_027_0001170_0001755.pkl,train
finedance_027_0001755_0002340,music_wav/027.wav,1755,2340,1289925,1719900,audio/finedance_027_0001755_0002340.wav,finedance_027_0001755_0002340.pkl,train
finedance_027_0002340_0002925,music_wav/027.wav,2340,2925,1719900,2149875,audio/finedance_027_0002340_0002925.wav,finedance_027_0002340_0002925.pkl,train
finedance_027_0002925_0003510,music_wav/027.wav,2925,3510,2149875,2579850,audio/finedance_027_0002925_0003510.wav,finedance_027_0002925_0003510.pkl,train
finedance_027_0003510_0004094,music_wav/027.wav,3510,4094,2579850,3009090,audio/finedance_027_0003510_0004094.wav,finedance_027_0003510_0004094.pkl,train
finedance_027_0004094_0004678,music_wav/027.wav,4094,4678,3009090,3438330,audio/finedance_027_0004094_0004678.wav,,train
finedance_027_0004678_0005262,music_wav/027.wav,4678,5262,3438330,3867570,audio/finedance_027_0004678_0005262.wav,finedance_027_0004678_0005262.pkl,train
finedance_027_0005262_0005846,music_wav/027.wav,5262,5846,3867570,4296810,audio/finedance_027_0005262_0005846.wav,finedance_027_0005262_0005846.pkl,train
finedance_027_0005846_0006430,music_wav/027.wav,5846,6430,4296810,4726050,audio/finedance_027_0005846_0006430.wav,finedance_027_0005846_0006430.pkl,train
finedance_027_0006430_0007014,music_wav/027.wav,6430,7014,4726050,5155290,audio/finedance_027_0006430_0007014.wav,finedance_027_0006430_0007014.pkl,train
finedance_027_0007014_0007598,music_wav/027.wav,7014,7598,5155290,5584530,audio/finedance_027_0007014_0007598.wav,finedance_027_0007014_0007598.pkl,train
finedance_027_0007598_0008182,music_wav/027.wav,7598,8182,5584530,6013770,audio/finedance_027_0007598_0008182.wav,finedance_027_0007598_0008182.pkl,train
finedance_027_0008182_0008766,music_wav/027.wav,8182,8766,6013770,6443010,audio/finedance_027_0008182_0008766.wav,finedance_027_0008182_0008766.pkl,train
finedance_027_0008766_0009350,music_wav/027.wav,8766,9350,6443010,6872250,audio/finedance_027_0008766_0009350.wav,finedance_027_0008766_0009350.pkl,train
finedance_027_0009350_0009934,music_wav/027.wav,9350,9934,6872250,7301490,audio/finedance_027_0009350_0009934.wav,finedance_027_0009350_0009934.pkl,train
finedance_027_0009934_0010518,music_wav/027.wav,9934,10518,7301490,7730730,audio/finedance_027_0009934_0010518.wav,finedance_027_0009934_0010518.pkl,train
finedance_028_0000000_0000597,music_wav/028.wav,0,597,0,438795,audio/finedance_028_0000000_0000597.wav,finedance_028_0000000_0000597.pkl,train
finedance_028_0000597_0001194,music_wav/028.wav,597,1194,438795,877590,audio/finedance_028_0000597_0001194.wav,finedance_028_0000597_0001194.pkl,train
finedance_028_0001194_0001791,music_wav/028.wav,1194,1791,877590,1316385,audio/finedance_028_0001194_0001791.wav,finedance_028_0001194_0001791.pkl,train
finedance_028_0001791_0002388,music_wav/028.wav,1791,2388,1316385,1755180,audio/finedance_028_0001791_0002388.wav,finedance_028_0001791_0002388.pkl,train
finedance_028_0002388_0002985,music_wav/028.wav,2388,2985,1755180,2193975,audio/finedance_028_0002388_0002985.wav,finedance_028_0002388_0002985.pkl,train
finedance_028_0002985_0003582,music_wav/028.wav,2985,3582,2193975,2632770,audio/finedance_028_0002985_0003582.wav,finedance_028_0002985_0003582.pkl,train
finedance_028_0003582_0004179,music_wav/028.wav,3582,4179,2632770,3071565,audio/finedance_028_0003582_0004179.wav,finedance_028_0003582_0004179.pkl,train
finedance_028_0004179_0004776,music_wav/028.wav,4179,4776,3071565,3510360,audio/finedance_028_0004179_0004776.wav,finedance_028_0004179_0004776.pkl,train
finedance_028_0004776_0005373,music_wav/028.wav,4776,5373,3510360,3949155,audio/finedance_028_0004776_0005373.wav,finedance_028_0004776_0005373.pkl,train
finedance_028_0005373_0005970,music_wav/028.wav,5373,5970,3949155,4387950,audio/finedance_028_0005373_0005970.wav,finedance_028_0005373_0005970.pkl,train
finedance_028_0005970_0006567,music_wav/028.wav,5970,6567,4387950,4826745,audio/finedance_028_0005970_0006567.wav,finedance_028_0005970_0006567.pkl,train
finedance_028_0006567_0007164,music_wav/028.wav,6567,7164,4826745,5265540,audio/finedance_028_0006567_0007164.wav,finedance_028_0006567_0007164.pkl,train
finedance_028_0007164_0007761,music_wav/028.wav,7164,7761,5265540,5704335,audio/finedance_028_0007164_0007761.wav,finedance_028_0007164_0007761.pkl,train
finedance_028_0007761_0008358,music_wav/028.wav,7761,8358,5704335,6143130,audio/finedance_028_0007761_0008358.wav,finedance_028_0007761_0008358.pkl,train
finedance_028_0008358_0008955,music_wav/028.wav,8358,8955,6143130,6581925,audio/finedance_028_0008358_0008955.wav,finedance_028_0008358_0008955.pkl,train
finedance_028_0008955_0009552,music_wav/028.wav,8955,9552,6581925,7020720,audio/finedance_028_0008955_0009552.wav,finedance_028_0008955_0009552.pkl,train
finedance_028_0009552_0010148,music_wav/028.wav,9552,10148,7020720,7458780,audio/finedance_028_0009552_0010148.wav,finedance_028_0009552_0010148.pkl,train
finedance_028_0010148_0010744,music_wav/028.wav,10148,10744,7458780,7896840,audio/finedance_028_0010148_0010744.wav,finedance_028_0010148_0010744.pkl,train
finedance_031_0000000_0000597,music_wav/031.wav,0,597,0,438795,audio/finedance_031_0000000_0000597.wav,finedance_031_0000000_0000597.pkl,train
finedance_031_0000597_0001194,music_wav/031.wav,597,1194,438795,877590,audio/finedance_031_0000597_0001194.wav,finedance_031_0000597_0001194.pkl,train
finedance_031_0001194_0001790,music_wav/031.wav,1194,1790,877590,1315650,audio/finedance_031_0001194_0001790.wav,finedance_031_0001194_0001790.pkl,train
finedance_031_0001790_0002386,music_wav/031.wav,1790,2386,1315650,1753710,audio/finedance_031_0001790_0002386.wav,finedance_031_0001790_0002386.pkl,train
finedance_031_0002386_0002982,music_wav/031.wav,2386,2982,1753710,2191770,audio/finedance_031_0002386_0002982.wav,finedance_031_0002386_0002982.pkl,train
finedance_032_0000000_0000614,music_wav/032.wav,0,614,0,451290,audio/finedance_032_0000000_0000614.wav,finedance_032_0000000_0000614.pkl,train
finedance_032_0000614_0001228,music_wav/032.wav,614,1228,451290,902580,audio/finedance_032_0000614_0001228.wav,finedance_032_0000614_0001228.pkl,train
finedance_032_0001228_0001842,music_wav/032.wav,1228,1842,902580,1353870,audio/finedance_032_0001228_0001842.wav,finedance_032_0001228_0001842.pkl,train
finedance_032_0001842_0002456,music_wav/032.wav,1842,2456,1353870,1805160,audio/finedance_032_0001842_0002456.wav,finedance_032_0001842_0002456.pkl,train
finedance_032_0002456_0003069,music_wav/032.wav,2456,3069,1805160,2255715,audio/finedance_032_0002456_0003069.wav,finedance_032_0002456_0003069.pkl,train
finedance_032_0003069_0003682,music_wav/032.wav,3069,3682,2255715,2706270,audio/finedance_032_0003069_0003682.wav,finedance_032_0003069_0003682.pkl,train
finedance_032_0003682_0004295,music_wav/032.wav,3682,4295,2706270,3156825,audio/finedance_032_0003682_0004295.wav,finedance_032_0003682_0004295.pkl,train
finedance_032_0004295_0004908,music_wav/032.wav,4295,4908,3156825,3607380,audio/finedance_032_0004295_0004908.wav,finedance_032_0004295_0004908.pkl,train
finedance_032_0004908_0005521,music_wav/032.wav,4908,5521,3607380,4057935,audio/finedance_032_0004908_0005521.wav,finedance_032_0004908_0005521.pkl,train
finedance_032_0005521_0006134,music_wav/032.wav,5521,6134,4057935,4508490,audio/finedance_032_0005521_0006134.wav,finedance_032_0005521_0006134.pkl,train
finedance_032_0006134_0006747,music_wav/032.wav,6134,6747,4508490,4959045,audio/finedance_032_0006134_0006747.wav,finedance_032_0006134_0006747.pkl,train
finedance_032_0006747_0007360,music_wav/032.wav,6747,7360,4959045,5409600,audio/finedance_032_0006747_0007360.wav,finedance_032_0006747_0007360.pkl,train
finedance_033_0000000_0000594,music_wav/033.wav,0,594,0,436590,audio/finedance_033_0000000_0000594.wav,finedance_033_0000000_0000594.pkl,train
finedance_033_0000594_0001188,music_wav/033.wav,594,1188,436590,873180,audio/finedance_033_0000594_0001188.wav,finedance_033_0000594_0001188.pkl,train
finedance_033_0001188_0001781,music_wav/033.wav,1188,1781,873180,1309035,audio/finedance_033_0001188_0001781.wav,finedance_033_0001188_0001781.pkl,train
finedance_033_0001781_0002374,music_wav/033.wav,1781,2374,1309035,1744890,audio/finedance_033_0001781_0002374.wav,finedance_033_0001781_0002374.pkl,train
finedance_033_0002374_0002967,music_wav/033.wav,2374,2967,1744890,2180745,audio/finedance_033_0002374_0002967.wav,finedance_033_0002374_0002967.pkl,train
finedance_033_0002967_0003560,music_wav/033.wav,2967,3560,2180745,2616600,audio/finedance_033_0002967_0003560.wav,finedance_033_0002967_0003560.pkl,train
finedance_033_0003560_0004153,music_wav/033.wav,3560,4153,2616600,3052455,audio/finedance_033_0003560_0004153.wav,finedance_033_0003560_0004153.pkl,train
finedance_033_0004153_0004746,music_wav/033.wav,4153,4746,3052455,3488310,audio/finedance_033_0004153_0004746.wav,finedance_033_0004153_0004746.pkl,train
finedance_033_0004746_0005339,music_wav/033.wav,4746,5339,3488310,3924165,audio/finedance_033_0004746_0005339.wav,finedance_033_0004746_0005339.pkl,train
finedance_033_0005339_0005932,music_wav/033.wav,5339,5932,3924165,4360020,audio/finedance_033_0005339_0005932.wav,finedance_033_0005339_0005932.pkl,train
finedance_033_0005932_0006525,music_wav/033.wav,5932,6525,4360020,4795875,audio/finedance_033_0005932_0006525.wav,finedance_033_0005932_0006525.pkl,train
finedance_033_0006525_0007118,music_wav/033.wav,6525,7118,4795875,5231730,audio/finedance_033_0006525_0007118.wav,finedance_033_0006525_0007118.pkl,train
finedance_034_0000000_0000603,music_wav/034.wav,0,603,0,443205,audio/finedance_034_0000000_0000603.wav,finedance_034_0000000_0000603.pkl,train
finedance_034_0000603_0001206,music_wav/034.wav,603,1206,443205,886410,audio/finedance_034_0000603_0001206.wav,finedance_034_0000603_0001206.pkl,train
finedance_034_0001206_0001809,music_wav/034.wav,1206,1809,886410,1329615,audio/finedance_034_0001206_0001809.wav,finedance_034_0001206_0001809.pkl,train
finedance_034_0001809_0002412,music_wav/034.wav,1809,2412,1329615,1772820,audio/finedance_034_0001809_0002412.wav,finedance_034_0001809_0002412.pkl,train
finedance_034_0002412_0003015,music_wav/034.wav,2412,3015,1772820,2216025,audio/finedance_034_0002412_0003015.wav,finedance_034_0002412_0003015.pkl,train
finedance_034_0003015_0003618,music_wav/034.wav,3015,3618,2216025,2659230,audio/finedance_034_0003015_0003618.wav,finedance_034_0003015_0003618.pkl,train
finedance_034_0003618_0004221,music_wav/034.wav,3618,4221,2659230,3102435,audio/finedance_034_0003618_0004221.wav,finedance_034_0003618_0004221.pkl,train
finedance_034_0004221_0004823,music_wav/034.wav,4221,4823,3102435,3544905,audio/finedance_034_0004221_0004823.wav,finedance_034_0004221_0004823.pkl,train
finedance_034_0004823_0005425,music_wav/034.wav,4823,5425,3544905,3987375,audio/finedance_034_0004823_0005425.wav,finedance_034_0004823_0005425.pkl,train
finedance_034_0005425_0006027,music_wav/034.wav,5425,6027,3987375,4429845,audio/finedance_034_0005425_0006027.wav,finedance_034_0005425_0006027.pkl,train
finedance_034_0006027_0006629,music_wav/034.wav,6027,6629,4429845,4872315,audio/finedance_034_0006027_0006629.wav,finedance_034_0006027_0006629.pkl,train
finedance_034_0006629_0007231,music_wav/034.wav,6629,7231,4872315,5314785,audio/finedance_034_0006629_0007231.wav,finedance_034_0006629_0007231.pkl,train
finedance_034_0007231_0007833,music_wav/034.wav,7231,7833,5314785,5757255,audio/finedance_034_0007231_0007833.wav,finedance_034_0007231_0007833.pkl,train
finedance_034_0007833_0008435,music_wav/034.wav,7833,8435,5757255,6199725,audio/finedance_034_0007833_0008435.wav,finedance_034_0007833_0008435.pkl,train
finedance_034_0008435_0009037,music_wav/034.wav,8435,9037,6199725,6642195,audio/finedance_034_0008435_0009037.wav,finedance_034_0008435_0009037.pkl,train
finedance_034_0009037_0009639,music_wav/034.wav,9037,9639,6642195,7084665,audio/finedance_034_0009037_0009639.wav,finedance_034_0009037_0009639.pkl,train
finedance_034_0009639_0010241,music_wav/034.wav,9639,10241,7084665,7527135,audio/finedance_034_0009639_0010241.wav,finedance_034_0009639_0010241.pkl,train
finedance_035_0000000_0000606,music_wav/035.wav,0,606,0,445410,audio/finedance_035_0000000_0000606.wav,finedance_035_0000000_0000606.pkl,train
finedance_035_0000606_0001212,music_wav/035.wav,606,1212,445410,890820,audio/finedance_035_0000606_0001212.wav,finedance_035_0000606_0001212.pkl,train
finedance_035_0001212_0001818,music_wav/035.wav,1212,1818,890820,1336230,audio/finedance_035_0001212_0001818.wav,finedance_035_0001212_0001818.pkl,train
finedance_035_0001818_0002424,music_wav/035.wav,1818,2424,1336230,1781640,audio/finedance_035_0001818_0002424.wav,finedance_035_0001818_0002424.pkl,train
finedance_035_0002424_0003030,music_wav/035.wav,2424,3030,1781640,2227050,audio/finedance_035_0002424_0003030.wav,finedance_035_0002424_0003030.pkl,train
finedance_035_0003030_0003636,music_wav/035.wav,3030,3636,2227050,2672460,audio/finedance_035_0003030_0003636.wav,finedance_035_0003030_0003636.pkl,train
finedance_035_0003636_0004242,music_wav/035.wav,3636,4242,2672460,3117870,audio/finedance_035_0003636_0004242.wav,finedance_035_0003636_0004242.pkl,train
finedance_035_0004242_0004848,music_wav/035.wav,4242,4848,3117870,3563280,audio/finedance_035_0004242_0004848.wav,finedance_035_0004242_0004848.pkl,train
finedance_035_0004848_0005454,music_wav/035.wav,4848,5454,3563280,4008690,audio/finedance_035_0004848_0005454.wav,finedance_035_0004848_0005454.pkl,train
finedance_035_0005454_0006060,music_wav/035.wav,5454,6060,4008690,4454100,audio/finedance_035_0005454_0006060.wav,finedance_035_0005454_0006060.pkl,train
finedance_035_0006060_0006666,music_wav/035.wav,6060,6666,4454100,4899510,audio/finedance_035_0006060_0006666.wav,finedance_035_0006060_0006666.pkl,train
finedance_035_0006666_0007272,music_wav/035.wav,6666,7272,4899510,5344920,audio/finedance_035_0006666_0007272.wav,finedance_035_0006666_0007272.pkl,train
finedance_035_0007272_0007878,music_wav/035.wav,7272,7878,5344920,5790330,audio/finedance_035_0007272_0007878.wav,finedance_035_0007272_0007878.pkl,train
finedance_035_0007878_0008484,music_wav/035.wav,7878,8484,5790330,6235740,audio/finedance_035_0007878_0008484.wav,finedance_035_0007878_0008484.pkl,train
finedance_035_0008484_0009090,music_wav/035.wav,8484,9090,6235740,6681150,audio/finedance_035_0008484_0009090.wav,finedance_035_0008484_0009090.pkl,train
finedance_035_0009090_0009696,music_wav/035.wav,9090,9696,6681150,7126560,audio/finedance_035_0009090_0009696.wav,,train
finedance_035_0009696_0010302,music_wav/035.wav,9696,10302,7126560,7571970,audio/finedance_035_0009696_0010302.wav,finedance_035_0009696_0010302.pkl,train
finedance_035_0010302_0010908,music_wav/035.wav,10302,10908,7571970,8017380,audio/finedance_035_0010302_0010908.wav,finedance_035_0010302_0010908.pkl,train
finedance_035_0010908_0011514,music_wav/035.wav,10908,11514,8017380,8462790,audio/finedance_035_0010908_0011514.wav,finedance_035_0010908_0011514.pkl,train
finedance_035_0011514_0012120,music_wav/035.wav,11514,12120,8462790,8908200,audio/finedance_035_0011514_0012120.wav,finedance_035_0011514_0012120.pkl,train
finedance_037_0000000_0000596,music_wav/037.wav,0,596,0,438060,audio/finedance_037_0000000_0000596.wav,finedance_037_0000000_0000596.pkl,test
finedance_037_0000596_0001192,music_wav/037.wav,596,1192,438060,876120,audio/finedance_037_0000596_0001192.wav,finedance_037_0000596_0001192.pkl,test
finedance_037_0001192_0001788,music_wav/037.wav,1192,1788,876120,1314180,audio/finedance_037_0001192_0001788.wav,finedance_037_0001192_0001788.pkl,test
finedance_037_0001788_0002384,music_wav/037.wav,1788,2384,1314180,1752240,audio/finedance_037_0001788_0002384.wav,finedance_037_0001788_0002384.pkl,test
finedance_037_0002384_0002980,music_wav/037.wav,2384,2980,1752240,2190300,audio/finedance_037_0002384_0002980.wav,finedance_037_0002384_0002980.pkl,test
finedance_037_0002980_0003576,music_wav/037.wav,2980,3576,2190300,2628360,audio/finedance_037_0002980_0003576.wav,finedance_037_0002980_0003576.pkl,test
finedance_037_0003576_0004172,music_wav/037.wav,3576,4172,2628360,3066420,audio/finedance_037_0003576_0004172.wav,finedance_037_0003576_0004172.pkl,test
finedance_037_0004172_0004768,music_wav/037.wav,4172,4768,3066420,3504480,audio/finedance_037_0004172_0004768.wav,finedance_037_0004172_0004768.pkl,test
finedance_037_0004768_0005364,music_wav/037.wav,4768,5364,3504480,3942540,audio/finedance_037_0004768_0005364.wav,finedance_037_0004768_0005364.pkl,test
finedance_037_0005364_0005960,music_wav/037.wav,5364,5960,3942540,4380600,audio/finedance_037_0005364_0005960.wav,finedance_037_0005364_0005960.pkl,test
finedance_038_0000000_0000613,music_wav/038.wav,0,613,0,450555,audio/finedance_038_0000000_0000613.wav,finedance_038_0000000_0000613.pkl,train
finedance_038_0000613_0001226,music_wav/038.wav,613,1226,450555,901110,audio/finedance_038_0000613_0001226.wav,finedance_038_0000613_0001226.pkl,train
finedance_038_0001226_0001839,music_wav/038.wav,1226,1839,901110,1351665,audio/finedance_038_0001226_0001839.wav,finedance_038_0001226_0001839.pkl,train
finedance_038_0001839_0002452,music_wav/038.wav,1839,2452,1351665,1802220,audio/finedance_038_0001839_0002452.wav,finedance_038_0001839_0002452.pkl,train
finedance_038_0002452_0003064,music_wav/038.wav,2452,3064,1802220,2252040,audio/finedance_038_0002452_0003064.wav,finedance_038_0002452_0003064.pkl,train
finedance_038_0003064_0003676,music_wav/038.wav,3064,3676,2252040,2701860,audio/finedance_038_0003064_0003676.wav,finedance_038_0003064_0003676.pkl,train
finedance_038_0003676_0004288,music_wav/038.wav,3676,4288,2701860,3151680,audio/finedance_038_0003676_0004288.wav,finedance_038_0003676_0004288.pkl,train
finedance_038_0004288_0004900,music_wav/038.wav,4288,4900,3151680,3601500,audio/finedance_038_0004288_0004900.wav,finedance_038_0004288_0004900.pkl,train
finedance_038_0004900_0005512,music_wav/038.wav,4900,5512,3601500,4051320,audio/finedance_038_0004900_0005512.wav,finedance_038_0004900_0005512.pkl,train
finedance_038_0005512_0006124,music_wav/038.wav,5512,6124,4051320,4501140,audio/finedance_038_0005512_0006124.wav,finedance_038_0005512_0006124.pkl,train
finedance_038_0006124_0006736,music_wav/038.wav,6124,6736,4501140,4950960,audio/finedance_038_0006124_0006736.wav,finedance_038_0006124_0006736.pkl,train
finedance_038_0006736_0007348,music_wav/038.wav,6736,7348,4950960,5400780,audio/finedance_038_0006736_0007348.wav,finedance_038_0006736_0007348.pkl,train
finedance_038_0007348_0007960,music_wav/038.wav,7348,7960,5400780,5850600,audio/finedance_038_0007348_0007960.wav,finedance_038_0007348_0007960.pkl,train
finedance_039_0000000_0000585,music_wav/039.wav,0,585,0,429975,audio/finedance_039_0000000_0000585.wav,finedance_039_0000000_0000585.pkl,train
finedance_039_0000585_0001170,music_wav/039.wav,585,1170,429975,859950,audio/finedance_039_0000585_0001170.wav,finedance_039_0000585_0001170.pkl,train
finedance_039_0001170_0001755,music_wav/039.wav,1170,1755,859950,1289925,audio/finedance_039_0001170_0001755.wav,finedance_039_0001170_0001755.pkl,train
finedance_039_0001755_0002340,music_wav/039.wav,1755,2340,1289925,1719900,audio/finedance_039_0001755_0002340.wav,finedance_039_0001755_0002340.pkl,train
finedance_039_0002340_0002925,music_wav/039.wav,2340,2925,1719900,2149875,audio/finedance_039_0002340_0002925.wav,finedance_039_0002340_0002925.pkl,train
finedance_039_0002925_0003510,music_wav/039.wav,2925,3510,2149875,2579850,audio/finedance_039_0002925_0003510.wav,finedance_039_0002925_0003510.pkl,train
finedance_039_0003510_0004094,music_wav/039.wav,3510,4094,2579850,3009090,audio/finedance_039_0003510_0004094.wav,finedance_039_0003510_0004094.pkl,train
finedance_039_0004094_0004678,music_wav/039.wav,4094,4678,3009090,3438330,audio/finedance_039_0004094_0004678.wav,finedance_039_0004094_0004678.pkl,train
finedance_039_0004678_0005262,music_wav/039.wav,4678,5262,3438330,3867570,audio/finedance_039_0004678_0005262.wav,finedance_039_0004678_0005262.pkl,train
finedance_039_0005262_0005846,music_wav/039.wav,5262,5846,3867570,4296810,audio/finedance_039_0005262_0005846.wav,finedance_039_0005262_0005846.pkl,train
finedance_039_0005846_0006430,music_wav/039.wav,5846,6430,4296810,4726050,audio/finedance_039_0005846_0006430.wav,finedance_039_0005846_0006430.pkl,train
finedance_039_0006430_0007014,music_wav/039.wav,6430,7014,4726050,5155290,audio/finedance_039_0006430_0007014.wav,finedance_039_0006430_0007014.pkl,train
finedance_039_0007014_0007598,music_wav/039.wav,7014,7598,5155290,5584530,audio/finedance_039_0007014_0007598.wav,finedance_039_0007014_0007598.pkl,train
finedance_039_0007598_0008182,music_wav/039.wav,7598,8182,5584530,6013770,audio/finedance_039_0007598_0008182.wav,finedance_039_0007598_0008182.pkl,train
finedance_039_0008182_0008766,music_wav/039.wav,8182,8766,6013770,6443010,audio/finedance_039_0008182_0008766.wav,finedance_039_0008182_0008766.pkl,train
finedance_042_0000000_0000580,music_wav/042.wav,0,580,0,426300,audio/finedance_042_0000000_0000580.wav,finedance_042_0000000_0000580.pkl,train
finedance_042_0000580_0001160,music_wav/042.wav,580,1160,426300,852600,audio/finedance_042_0000580_0001160.wav,finedance_042_0000580_0001160.pkl,train
finedance_042_0001160_0001740,music_wav/042.wav,1160,1740,852600,1278900,audio/finedance_042_0001160_0001740.wav,finedance_042_0001160_0001740.pkl,train
finedance_042_0001740_0002320,music_wav/042.wav,1740,2320,1278900,1705200,audio/finedance_042_0001740_0002320.wav,finedance_042_0001740_0002320.pkl,train
finedance_042_0002320_0002900,music_wav/042.wav,2320,2900,1705200,2131500,audio/finedance_042_0002320_0002900.wav,finedance_042_0002320_0002900.pkl,train
finedance_042_0002900_0003480,music_wav/042.wav,2900,3480,2131500,2557800,audio/finedance_042_0002900_0003480.wav,finedance_042_0002900_0003480.pkl,train
finedance_042_0003480_0004060,music_wav/042.wav,3480,4060,2557800,2984100,audio/finedance_042_0003480_0004060.wav,finedance_042_0003480_0004060.pkl,train
finedance_042_0004060_0004640,music_wav/042.wav,4060,4640,2984100,3410400,audio/finedance_042_0004060_0004640.wav,finedance_042_0004060_0004640.pkl,train
finedance_042_0004640_0005220,music_wav/042.wav,4640,5220,3410400,3836700,audio/finedance_042_0004640_0005220.wav,finedance_042_0004640_0005220.pkl,train
finedance_042_0005220_0005800,music_wav/042.wav,5220,5800,3836700,4263000,audio/finedance_042_0005220_0005800.wav,finedance_042_0005220_0005800.pkl,train
finedance_042_0005800_0006380,music_wav/042.wav,5800,6380,4263000,4689300,audio/finedance_042_0005800_0006380.wav,finedance_042_0005800_0006380.pkl,train
finedance_042_0006380_0006960,music_wav/042.wav,6380,6960,4689300,5115600,audio/finedance_042_0006380_0006960.wav,finedance_042_0006380_0006960.pkl,train
finedance_042_0006960_0007540,music_wav/042.wav,6960,7540,5115600,5541900,audio/finedance_042_0006960_0007540.wav,finedance_042_0006960_0007540.pkl,train
finedance_042_0007540_0008120,music_wav/042.wav,7540,8120,5541900,5968200,audio/finedance_042_0007540_0008120.wav,finedance_042_0007540_0008120.pkl,train
finedance_044_0000000_0000611,music_wav/044.wav,0,611,0,449085,audio/finedance_044_0000000_0000611.wav,finedance_044_0000000_0000611.pkl,train
finedance_044_0000611_0001222,music_wav/044.wav,611,1222,449085,898170,audio/finedance_044_0000611_0001222.wav,finedance_044_0000611_0001222.pkl,train
finedance_044_0001222_0001833,music_wav/044.wav,1222,1833,898170,1347255,audio/finedance_044_0001222_0001833.wav,finedance_044_0001222_0001833.pkl,train
finedance_044_0001833_0002444,music_wav/044.wav,1833,2444,1347255,1796340,audio/finedance_044_0001833_0002444.wav,finedance_044_0001833_0002444.pkl,train
finedance_044_0002444_0003055,music_wav/044.wav,2444,3055,1796340,2245425,audio/finedance_044_0002444_0003055.wav,finedance_044_0002444_0003055.pkl,train
finedance_044_0003055_0003666,music_wav/044.wav,3055,3666,2245425,2694510,audio/finedance_044_0003055_0003666.wav,finedance_044_0003055_0003666.pkl,train
finedance_044_0003666_0004277,music_wav/044.wav,3666,4277,2694510,3143595,audio/finedance_044_0003666_0004277.wav,finedance_044_0003666_0004277.pkl,train
finedance_044_0004277_0004888,music_wav/044.wav,4277,4888,3143595,3592680,audio/finedance_044_0004277_0004888.wav,finedance_044_0004277_0004888.pkl,train
finedance_044_0004888_0005498,music_wav/044.wav,4888,5498,3592680,4041030,audio/finedance_044_0004888_0005498.wav,finedance_044_0004888_0005498.pkl,train
finedance_044_0005498_0006108,music_wav/044.wav,5498,6108,4041030,4489380,audio/finedance_044_0005498_0006108.wav,finedance_044_0005498_0006108.pkl,train
finedance_044_0006108_0006718,music_wav/044.wav,6108,6718,4489380,4937730,audio/finedance_044_0006108_0006718.wav,finedance_044_0006108_0006718.pkl,train
finedance_044_0006718_0007328,music_wav/044.wav,6718,7328,4937730,5386080,audio/finedance_044_0006718_0007328.wav,,train
finedance_044_0007328_0007938,music_wav/044.wav,7328,7938,5386080,5834430,audio/finedance_044_0007328_0007938.wav,finedance_044_0007328_0007938.pkl,train
finedance_044_0007938_0008548,music_wav/044.wav,7938,8548,5834430,6282780,audio/finedance_044_0007938_0008548.wav,finedance_044_0007938_0008548.pkl,train
finedance_044_0008548_0009158,music_wav/044.wav,8548,9158,6282780,6731130,audio/finedance_044_0008548_0009158.wav,finedance_044_0008548_0009158.pkl,train
finedance_044_0009158_0009768,music_wav/044.wav,9158,9768,6731130,7179480,audio/finedance_044_0009158_0009768.wav,finedance_044_0009158_0009768.pkl,train
finedance_045_0000000_0000596,music_wav/045.wav,0,596,0,438060,audio/finedance_045_0000000_0000596.wav,finedance_045_0000000_0000596.pkl,train
finedance_045_0000596_0001192,music_wav/045.wav,596,1192,438060,876120,audio/finedance_045_0000596_0001192.wav,finedance_045_0000596_0001192.pkl,train
finedance_045_0001192_0001788,music_wav/045.wav,1192,1788,876120,1314180,audio/finedance_045_0001192_0001788.wav,finedance_045_0001192_0001788.pkl,train
finedance_045_0001788_0002384,music_wav/045.wav,1788,2384,1314180,1752240,audio/finedance_045_0001788_0002384.wav,finedance_045_0001788_0002384.pkl,train
finedance_045_0002384_0002980,music_wav/045.wav,2384,2980,1752240,2190300,audio/finedance_045_0002384_0002980.wav,finedance_045_0002384_0002980.pkl,train
finedance_045_0002980_0003576,music_wav/045.wav,2980,3576,2190300,2628360,audio/finedance_045_0002980_0003576.wav,finedance_045_0002980_0003576.pkl,train
finedance_045_0003576_0004172,music_wav/045.wav,3576,4172,2628360,3066420,audio/finedance_045_0003576_0004172.wav,finedance_045_0003576_0004172.pkl,train
finedance_045_0004172_0004768,music_wav/045.wav,4172,4768,3066420,3504480,audio/finedance_045_0004172_0004768.wav,finedance_045_0004172_0004768.pkl,train
finedance_045_0004768_0005364,music_wav/045.wav,4768,5364,3504480,3942540,audio/finedance_045_0004768_0005364.wav,finedance_045_0004768_0005364.pkl,train
finedance_045_0005364_0005960,music_wav/045.wav,5364,5960,3942540,4380600,audio/finedance_045_0005364_0005960.wav,finedance_045_0005364_0005960.pkl,train
finedance_045_0005960_0006556,music_wav/045.wav,5960,6556,4380600,4818660,audio/finedance_045_0005960_0006556.wav,finedance_045_0005960_0006556.pkl,train
finedance_045_0006556_0007152,music_wav/045.wav,6556,7152,4818660,5256720,audio/finedance_045_0006556_0007152.wav,finedance_045_0006556_0007152.pkl,train
finedance_045_0007152_0007748,music_wav/045.wav,7152,7748,5256720,5694780,audio/finedance_045_0007152_0007748.wav,finedance_045_0007152_0007748.pkl,train
finedance_045_0007748_0008344,music_wav/045.wav,7748,8344,5694780,6132840,audio/finedance_045_0007748_0008344.wav,finedance_045_0007748_0008344.pkl,train
finedance_045_0008344_0008940,music_wav/045.wav,8344,8940,6132840,6570900,audio/finedance_045_0008344_0008940.wav,finedance_045_0008344_0008940.pkl,train
finedance_045_0008940_0009536,music_wav/045.wav,8940,9536,6570900,7008960,audio/finedance_045_0008940_0009536.wav,finedance_045_0008940_0009536.pkl,train
finedance_045_0009536_0010132,music_wav/045.wav,9536,10132,7008960,7447020,audio/finedance_045_0009536_0010132.wav,finedance_045_0009536_0010132.pkl,train
finedance_045_0010132_0010728,music_wav/045.wav,10132,10728,7447020,7885080,audio/finedance_045_0010132_0010728.wav,finedance_045_0010132_0010728.pkl,train
finedance_045_0010728_0011324,music_wav/045.wav,10728,11324,7885080,8323140,audio/finedance_045_0010728_0011324.wav,finedance_045_0010728_0011324.pkl,train
finedance_045_0011324_0011920,music_wav/045.wav,11324,11920,8323140,8761200,audio/finedance_045_0011324_0011920.wav,finedance_045_0011324_0011920.pkl,train
finedance_045_0011920_0012516,music_wav/045.wav,11920,12516,8761200,9199260,audio/finedance_045_0011920_0012516.wav,finedance_045_0011920_0012516.pkl,train
finedance_045_0012516_0013112,music_wav/045.wav,12516,13112,9199260,9637320,audio/finedance_045_0012516_0013112.wav,finedance_045_0012516_0013112.pkl,train
finedance_045_0013112_0013708,music_wav/045.wav,13112,13708,9637320,10075380,audio/finedance_045_0013112_0013708.wav,finedance_045_0013112_0013708.pkl,train
finedance_045_0013708_0014304,music_wav/045.wav,13708,14304,10075380,10513440,audio/finedance_045_0013708_0014304.wav,finedance_045_0013708_0014304.pkl,train
finedance_045_0014304_0014900,music_wav/045.wav,14304,14900,10513440,10951500,audio/finedance_045_0014304_0014900.wav,finedance_045_0014304_0014900.pkl,train
finedance_045_0014900_0015496,music_wav/045.wav,14900,15496,10951500,11389560,audio/finedance_045_0014900_0015496.wav,finedance_045_0014900_0015496.pkl,train
finedance_045_0015496_0016092,music_wav/045.wav,15496,16092,11389560,11827620,audio/finedance_045_0015496_0016092.wav,finedance_045_0015496_0016092.pkl,train
finedance_045_0016092_0016688,music_wav/045.wav,16092,16688,11827620,12265680,audio/finedance_045_0016092_0016688.wav,finedance_045_0016092_0016688.pkl,train
finedance_045_0016688_0017283,music_wav/045.wav,16688,17283,12265680,12703005,audio/finedance_045_0016688_0017283.wav,finedance_045_0016688_0017283.pkl,train
finedance_045_0017283_0017878,music_wav/045.wav,17283,17878,12703005,13140330,audio/finedance_045_0017283_0017878.wav,finedance_045_0017283_0017878.pkl,train
finedance_045_0017878_0018473,music_wav/045.wav,17878,18473,13140330,13577655,audio/finedance_045_0017878_0018473.wav,finedance_045_0017878_0018473.pkl,train
finedance_045_0018473_0019068,music_wav/045.wav,18473,19068,13577655,14014980,audio/finedance_045_0018473_0019068.wav,finedance_045_0018473_0019068.pkl,train
finedance_045_0019068_0019663,music_wav/045.wav,19068,19663,14014980,14452305,audio/finedance_045_0019068_0019663.wav,finedance_045_0019068_0019663.pkl,train
finedance_045_0019663_0020258,music_wav/045.wav,19663,20258,14452305,14889630,audio/finedance_045_0019663_0020258.wav,finedance_045_0019663_0020258.pkl,train
finedance_047_0000000_0000604,music_wav/047.wav,0,604,0,443940,audio/finedance_047_0000000_0000604.wav,finedance_047_0000000_0000604.pkl,train
finedance_047_0000604_0001208,music_wav/047.wav,604,1208,443940,887880,audio/finedance_047_0000604_0001208.wav,finedance_047_0000604_0001208.pkl,train
finedance_047_0001208_0001812,music_wav/047.wav,1208,1812,887880,1331820,audio/finedance_047_0001208_0001812.wav,finedance_047_0001208_0001812.pkl,train
finedance_047_0001812_0002416,music_wav/047.wav,1812,2416,1331820,1775760,audio/finedance_047_0001812_0002416.wav,finedance_047_0001812_0002416.pkl,train
finedance_047_0002416_0003020,music_wav/047.wav,2416,3020,1775760,2219700,audio/finedance_047_0002416_0003020.wav,finedance_047_0002416_0003020.pkl,train
finedance_047_0003020_0003623,music_wav/047.wav,3020,3623,2219700,2662905,audio/finedance_047_0003020_0003623.wav,finedance_047_0003020_0003623.pkl,train
finedance_047_0003623_0004226,music_wav/047.wav,3623,4226,2662905,3106110,audio/finedance_047_0003623_0004226.wav,finedance_047_0003623_0004226.pkl,train
finedance_047_0004226_0004829,music_wav/047.wav,4226,4829,3106110,3549315,audio/finedance_047_0004226_0004829.wav,finedance_047_0004226_0004829.pkl,train
finedance_047_0004829_0005432,music_wav/047.wav,4829,5432,3549315,3992520,audio/finedance_047_0004829_0005432.wav,finedance_047_0004829_0005432.pkl,train
finedance_047_0005432_0006035,music_wav/047.wav,5432,6035,3992520,4435725,audio/finedance_047_0005432_0006035.wav,finedance_047_0005432_0006035.pkl,train
finedance_047_0006035_0006638,music_wav/047.wav,6035,6638,4435725,4878930,audio/finedance_047_0006035_0006638.wav,finedance_047_0006035_0006638.pkl,train
finedance_047_0006638_0007241,music_wav/047.wav,6638,7241,4878930,5322135,audio/finedance_047_0006638_0007241.wav,finedance_047_0006638_0007241.pkl,train
finedance_047_0007241_0007844,music_wav/047.wav,7241,7844,5322135,5765340,audio/finedance_047_0007241_0007844.wav,finedance_047_0007241_0007844.pkl,train
finedance_047_0007844_0008447,music_wav/047.wav,7844,8447,5765340,6208545,audio/finedance_047_0007844_0008447.wav,finedance_047_0007844_0008447.pkl,train
finedance_047_0008447_0009050,music_wav/047.wav,8447,9050,6208545,6651750,audio/finedance_047_0008447_0009050.wav,finedance_047_0008447_0009050.pkl,train
finedance_047_0009050_0009653,music_wav/047.wav,9050,9653,6651750,7094955,audio/finedance_047_0009050_0009653.wav,finedance_047_0009050_0009653.pkl,train
finedance_047_0009653_0010256,music_wav/047.wav,9653,10256,7094955,7538160,audio/finedance_047_0009653_0010256.wav,finedance_047_0009653_0010256.pkl,train
finedance_047_0010256_0010859,music_wav/047.wav,10256,10859,7538160,7981365,audio/finedance_047_0010256_0010859.wav,finedance_047_0010256_0010859.pkl,train
finedance_047_0010859_0011462,music_wav/047.wav,10859,11462,7981365,8424570,audio/finedance_047_0010859_0011462.wav,finedance_047_0010859_0011462.pkl,train
finedance_047_0011462_0012065,music_wav/047.wav,11462,12065,8424570,8867775,audio/finedance_047_0011462_0012065.wav,finedance_047_0011462_0012065.pkl,train
finedance_047_0012065_0012668,music_wav/047.wav,12065,12668,8867775,9310980,audio/finedance_047_0012065_0012668.wav,finedance_047_0012065_0012668.pkl,train
finedance_047_0012668_0013271,music_wav/047.wav,12668,13271,9310980,9754185,audio/finedance_047_0012668_0013271.wav,finedance_047_0012668_0013271.pkl,train
finedance_047_0013271_0013874,music_wav/047.wav,13271,13874,9754185,10197390,audio/finedance_047_0013271_0013874.wav,finedance_047_0013271_0013874.pkl,train
finedance_047_0013874_0014477,music_wav/047.wav,13874,14477,10197390,10640595,audio/finedance_047_0013874_0014477.wav,finedance_047_0013874_0014477.pkl,train
finedance_047_0014477_0015080,music_wav/047.wav,14477,15080,10640595,11083800,audio/finedance_047_0014477_0015080.wav,finedance_047_0014477_0015080.pkl,train
finedance_048_0000000_0000605,music_wav/048.wav,0,605,0,444675,audio/finedance_048_0000000_0000605.wav,finedance_048_0000000_0000605.pkl,train
finedance_048_0000605_0001210,music_wav/048.wav,605,1210,444675,889350,audio/finedance_048_0000605_0001210.wav,finedance_048_0000605_0001210.pkl,train
finedance_048_0001210_0001815,music_wav/048.wav,1210,1815,889350,1334025,audio/finedance_048_0001210_0001815.wav,finedance_048_0001210_0001815.pkl,train
finedance_048_0001815_0002419,music_wav/048.wav,1815,2419,1334025,1777965,audio/finedance_048_0001815_0002419.wav,finedance_048_0001815_0002419.pkl,train
finedance_048_0002419_0003023,music_wav/048.wav,2419,3023,1777965,2221905,audio/finedance_048_0002419_0003023.wav,finedance_048_0002419_0003023.pkl,train
finedance_048_0003023_0003627,music_wav/048.wav,3023,3627,2221905,2665845,audio/finedance_048_0003023_0003627.wav,finedance_048_0003023_0003627.pkl,train
finedance_048_0003627_0004231,music_wav/048.wav,3627,4231,2665845,3109785,audio/finedance_048_0003627_0004231.wav,finedance_048_0003627_0004231.pkl,train
finedance_048_0004231_0004835,music_wav/048.wav,4231,4835,3109785,3553725,audio/finedance_048_0004231_0004835.wav,finedance_048_0004231_0004835.pkl,train
finedance_048_0004835_0005439,music_wav/048.wav,4835,5439,3553725,3997665,audio/finedance_048_0004835_0005439.wav,finedance_048_0004835_0005439.pkl,train
finedance_048_0005439_0006043,music_wav/048.wav,5439,6043,3997665,4441605,audio/finedance_048_0005439_0006043.wav,finedance_048_0005439_0006043.pkl,train
finedance_048_0006043_0006647,music_wav/048.wav,6043,6647,4441605,4885545,audio/finedance_048_0006043_0006647.wav,finedance_048_0006043_0006647.pkl,train
finedance_048_0006647_0007251,music_wav/048.wav,6647,7251,4885545,5329485,audio/finedance_048_0006647_0007251.wav,finedance_048_0006647_0007251.pkl,train
finedance_048_0007251_0007855,music_wav/048.wav,7251,7855,5329485,5773425,audio/finedance_048_0007251_0007855.wav,finedance_048_0007251_0007855.pkl,train
finedance_048_0007855_0008459,music_wav/048.wav,7855,8459,5773425,6217365,audio/finedance_048_0007855_0008459.wav,finedance_048_0007855_0008459.pkl,train
finedance_048_0008459_0009063,music_wav/048.wav,8459,9063,6217365,6661305,audio/finedance_048_0008459_0009063.wav,finedance_048_0008459_0009063.pkl,train
finedance_048_0009063_0009667,music_wav/048.wav,9063,9667,6661305,7105245,audio/finedance_048_0009063_0009667.wav,finedance_048_0009063_0009667.pkl,train
finedance_048_0009667_0010271,music_wav/048.wav,9667,10271,7105245,7549185,audio/finedance_048_0009667_0010271.wav,finedance_048_0009667_0010271.pkl,train
finedance_048_0010271_0010875,music_wav/048.wav,10271,10875,7549185,7993125,audio/finedance_048_0010271_0010875.wav,finedance_048_0010271_0010875.pkl,train
finedance_048_0010875_0011479,music_wav/048.wav,10875,11479,7993125,8437065,audio/finedance_048_0010875_0011479.wav,finedance_048_0010875_0011479.pkl,train
finedance_048_0011479_0012083,music_wav/048.wav,11479,12083,8437065,8881005,audio/finedance_048_0011479_0012083.wav,finedance_048_0011479_0012083.pkl,train
finedance_048_0012083_0012687,music_wav/048.wav,12083,12687,8881005,9324945,audio/finedance_048_0012083_0012687.wav,finedance_048_0012083_0012687.pkl,train
finedance_048_0012687_0013291,music_wav/048.wav,12687,13291,9324945,9768885,audio/finedance_048_0012687_0013291.wav,finedance_048_0012687_0013291.pkl,train
finedance_048_0013291_0013895,music_wav/048.wav,13291,13895,9768885,10212825,audio/finedance_048_0013291_0013895.wav,finedance_048_0013291_0013895.pkl,train
finedance_048_0013895_0014499,music_wav/048.wav,13895,14499,10212825,10656765,audio/finedance_048_0013895_0014499.wav,finedance_048_0013895_0014499.pkl,train
finedance_048_0014499_0015103,music_wav/048.wav,14499,15103,10656765,11100705,audio/finedance_048_0014499_0015103.wav,finedance_048_0014499_0015103.pkl,train
finedance_048_0015103_0015707,music_wav/048.wav,15103,15707,11100705,11544645,audio/finedance_048_0015103_0015707.wav,finedance_048_0015103_0015707.pkl,train
finedance_048_0015707_0016311,music_wav/048.wav,15707,16311,11544645,11988585,audio/finedance_048_0015707_0016311.wav,finedance_048_0015707_0016311.pkl,train
finedance_048_0016311_0016915,music_wav/048.wav,16311,16915,11988585,12432525,audio/finedance_048_0016311_0016915.wav,finedance_048_0016311_0016915.pkl,train
finedance_048_0016915_0017519,music_wav/048.wav,16915,17519,12432525,12876465,audio/finedance_048_0016915_0017519.wav,finedance_048_0016915_0017519.pkl,train
finedance_048_0017519_0018123,music_wav/048.wav,17519,18123,12876465,13320405,audio/finedance_048_0017519_0018123.wav,finedance_048_0017519_0018123.pkl,train
finedance_048_0018123_0018727,music_wav/048.wav,18123,18727,13320405,13764345,audio/finedance_048_0018123_0018727.wav,finedance_048_0018123_0018727.pkl,train
finedance_048_0018727_0019331,music_wav/048.wav,18727,19331,13764345,14208285,audio/finedance_048_0018727_0019331.wav,finedance_048_0018727_0019331.pkl,train
finedance_048_0019331_0019935,music_wav/048.wav,19331,19935,14208285,14652225,audio/finedance_048_0019331_0019935.wav,finedance_048_0019331_0019935.pkl,train
finedance_048_0019935_0020539,music_wav/048.wav,19935,20539,14652225,15096165,audio/finedance_048_0019935_0020539.wav,finedance_048_0019935_0020539.pkl,train
finedance_048_0020539_0021143,music_wav/048.wav,20539,21143,15096165,15540105,audio/finedance_048_0020539_0021143.wav,finedance_048_0020539_0021143.pkl,train
finedance_048_0021143_0021747,music_wav/048.wav,21143,21747,15540105,15984045,audio/finedance_048_0021143_0021747.wav,finedance_048_0021143_0021747.pkl,train
finedance_048_0021747_0022351,music_wav/048.wav,21747,22351,15984045,16427985,audio/finedance_048_0021747_0022351.wav,finedance_048_0021747_0022351.pkl,train
finedance_048_0022351_0022955,music_wav/048.wav,22351,22955,16427985,16871925,audio/finedance_048_0022351_0022955.wav,finedance_048_0022351_0022955.pkl,train
finedance_048_0022955_0023559,music_wav/048.wav,22955,23559,16871925,17315865,audio/finedance_048_0022955_0023559.wav,finedance_048_0022955_0023559.pkl,train
finedance_049_0000000_0000591,music_wav/049.wav,0,591,0,434385,audio/finedance_049_0000000_0000591.wav,finedance_049_0000000_0000591.pkl,train
finedance_049_0000591_0001182,music_wav/049.wav,591,1182,434385,868770,audio/finedance_049_0000591_0001182.wav,finedance_049_0000591_0001182.pkl,train
finedance_049_0001182_0001773,music_wav/049.wav,1182,1773,868770,1303155,audio/finedance_049_0001182_0001773.wav,finedance_049_0001182_0001773.pkl,train
finedance_049_0001773_0002364,music_wav/049.wav,1773,2364,1303155,1737540,audio/finedance_049_0001773_0002364.wav,finedance_049_0001773_0002364.pkl,train
finedance_049_0002364_0002955,music_wav/049.wav,2364,2955,1737540,2171925,audio/finedance_049_0002364_0002955.wav,finedance_049_0002364_0002955.pkl,train
finedance_049_0002955_0003546,music_wav/049.wav,2955,3546,2171925,2606310,audio/finedance_049_0002955_0003546.wav,finedance_049_0002955_0003546.pkl,train
finedance_049_0003546_0004137,music_wav/049.wav,3546,4137,2606310,3040695,audio/finedance_049_0003546_0004137.wav,finedance_049_0003546_0004137.pkl,train
finedance_049_0004137_0004728,music_wav/049.wav,4137,4728,3040695,3475080,audio/finedance_049_0004137_0004728.wav,finedance_049_0004137_0004728.pkl,train
finedance_049_0004728_0005319,music_wav/049.wav,4728,5319,3475080,3909465,audio/finedance_049_0004728_0005319.wav,finedance_049_0004728_0005319.pkl,train
finedance_049_0005319_0005910,music_wav/049.wav,5319,5910,3909465,4343850,audio/finedance_049_0005319_0005910.wav,finedance_049_0005319_0005910.pkl,train
finedance_049_0005910_0006501,music_wav/049.wav,5910,6501,4343850,4778235,audio/finedance_049_0005910_0006501.wav,finedance_049_0005910_0006501.pkl,train
finedance_049_0006501_0007092,music_wav/049.wav,6501,7092,4778235,5212620,audio/finedance_049_0006501_0007092.wav,finedance_049_0006501_0007092.pkl,train
finedance_049_0007092_0007683,music_wav/049.wav,7092,7683,5212620,5647005,audio/finedance_049_0007092_0007683.wav,finedance_049_0007092_0007683.pkl,train
finedance_049_0007683_0008274,music_wav/049.wav,7683,8274,5647005,6081390,audio/finedance_049_0007683_0008274.wav,finedance_049_0007683_0008274.pkl,train
finedance_049_0008274_0008865,music_wav/049.wav,8274,8865,6081390,6515775,audio/finedance_049_0008274_0008865.wav,finedance_049_0008274_0008865.pkl,train
finedance_049_0008865_0009456,music_wav/049.wav,8865,9456,6515775,6950160,audio/finedance_049_0008865_0009456.wav,finedance_049_0008865_0009456.pkl,train
finedance_049_0009456_0010047,music_wav/049.wav,9456,10047,6950160,7384545,audio/finedance_049_0009456_0010047.wav,finedance_049_0009456_0010047.pkl,train
finedance_049_0010047_0010638,music_wav/049.wav,10047,10638,7384545,7818930,audio/finedance_049_0010047_0010638.wav,finedance_049_0010047_0010638.pkl,train
finedance_049_0010638_0011229,music_wav/049.wav,10638,11229,7818930,8253315,audio/finedance_049_0010638_0011229.wav,finedance_049_0010638_0011229.pkl,train
finedance_049_0011229_0011820,music_wav/049.wav,11229,11820,8253315,8687700,audio/finedance_049_0011229_0011820.wav,finedance_049_0011229_0011820.pkl,train
finedance_051_0000000_0000604,music_wav/051.wav,0,604,0,443940,audio/finedance_051_0000000_0000604.wav,finedance_051_0000000_0000604.pkl,train
finedance_051_0000604_0001207,music_wav/051.wav,604,1207,443940,887145,audio/finedance_051_0000604_0001207.wav,finedance_051_0000604_0001207.pkl,train
finedance_051_0001207_0001810,music_wav/051.wav,1207,1810,887145,1330350,audio/finedance_051_0001207_0001810.wav,finedance_051_0001207_0001810.pkl,train
finedance_051_0001810_0002413,music_wav/051.wav,1810,2413,1330350,1773555,audio/finedance_051_0001810_0002413.wav,finedance_051_0001810_0002413.pkl,train
finedance_051_0002413_0003016,music_wav/051.wav,2413,3016,1773555,2216760,audio/finedance_051_0002413_0003016.wav,finedance_051_0002413_0003016.pkl,train
finedance_051_0003016_0003619,music_wav/051.wav,3016,3619,2216760,2659965,audio/finedance_051_0003016_0003619.wav,finedance_051_0003016_0003619.pkl,train
finedance_051_0003619_0004222,music_wav/051.wav,3619,4222,2659965,3103170,audio/finedance_051_0003619_0004222.wav,finedance_051_0003619_0004222.pkl,train
finedance_051_0004222_0004825,music_wav/051.wav,4222,4825,3103170,3546375,audio/finedance_051_0004222_0004825.wav,finedance_051_0004222_0004825.pkl,train
finedance_051_0004825_0005428,music_wav/051.wav,4825,5428,3546375,3989580,audio/finedance_051_0004825_0005428.wav,finedance_051_0004825_0005428.pkl,train
finedance_051_0005428_0006031,music_wav/051.wav,5428,6031,3989580,4432785,audio/finedance_051_0005428_0006031.wav,finedance_051_0005428_0006031.pkl,train
finedance_051_0006031_0006634,music_wav/051.wav,6031,6634,4432785,4875990,audio/finedance_051_0006031_0006634.wav,finedance_051_0006031_0006634.pkl,train
finedance_051_0006634_0007237,music_wav/051.wav,6634,7237,4875990,5319195,audio/finedance_051_0006634_0007237.wav,finedance_051_0006634_0007237.pkl,train
finedance_051_0007237_0007840,music_wav/051.wav,7237,7840,5319195,5762400,audio/finedance_051_0007237_0007840.wav,finedance_051_0007237_0007840.pkl,train
finedance_054_0000000_0000600,music_wav/054.wav,0,600,0,441000,audio/finedance_054_0000000_0000600.wav,finedance_054_0000000_0000600.pkl,train
finedance_054_0000600_0001200,music_wav/054.wav,600,1200,441000,882000,audio/finedance_054_0000600_0001200.wav,finedance_054_0000600_0001200.pkl,train
finedance_054_0001200_0001800,music_wav/054.wav,1200,1800,882000,1323000,audio/finedance_054_0001200_0001800.wav,finedance_054_0001200_0001800.pkl,train
finedance_054_0001800_0002400,music_wav/054.wav,1800,2400,1323000,1764000,audio/finedance_054_0001800_0002400.wav,finedance_054_0001800_0002400.pkl,train
finedance_054_0002400_0003000,music_wav/054.wav,2400,3000,1764000,2205000,audio/finedance_054_0002400_0003000.wav,finedance_054_0002400_0003000.pkl,train
finedance_054_0003000_0003600,music_wav/054.wav,3000,3600,2205000,2646000,audio/finedance_054_0003000_0003600.wav,finedance_054_0003000_0003600.pkl,train
finedance_054_0003600_0004200,music_wav/054.wav,3600,4200,2646000,3087000,audio/finedance_054_0003600_0004200.wav,finedance_054_0003600_0004200.pkl,train
finedance_055_0000000_0000616,music_wav/055.wav,0,616,0,452760,audio/finedance_055_0000000_0000616.wav,finedance_055_0000000_0000616.pkl,train
finedance_055_0000616_0001232,music_wav/055.wav,616,1232,452760,905520,audio/finedance_055_0000616_0001232.wav,finedance_055_0000616_0001232.pkl,train
finedance_055_0001232_0001848,music_wav/055.wav,1232,1848,905520,1358280,audio/finedance_055_0001232_0001848.wav,finedance_055_0001232_0001848.pkl,train
finedance_055_0001848_0002464,music_wav/055.wav,1848,2464,1358280,1811040,audio/finedance_055_0001848_0002464.wav,finedance_055_0001848_0002464.pkl,train
finedance_055_0002464_0003080,music_wav/055.wav,2464,3080,1811040,2263800,audio/finedance_055_0002464_0003080.wav,finedance_055_0002464_0003080.pkl,train
finedance_055_0003080_0003696,music_wav/055.wav,3080,3696,2263800,2716560,audio/finedance_055_0003080_0003696.wav,finedance_055_0003080_0003696.pkl,train
finedance_055_0003696_0004311,music_wav/055.wav,3696,4311,2716560,3168585,audio/finedance_055_0003696_0004311.wav,finedance_055_0003696_0004311.pkl,train
finedance_055_0004311_0004926,music_wav/055.wav,4311,4926,3168585,3620610,audio/finedance_055_0004311_0004926.wav,finedance_055_0004311_0004926.pkl,train
finedance_056_0000000_0000594,music_wav/056.wav,0,594,0,436590,audio/finedance_056_0000000_0000594.wav,finedance_056_0000000_0000594.pkl,train
finedance_056_0000594_0001188,music_wav/056.wav,594,1188,436590,873180,audio/finedance_056_0000594_0001188.wav,finedance_056_0000594_0001188.pkl,train
finedance_056_0001188_0001782,music_wav/056.wav,1188,1782,873180,1309770,audio/finedance_056_0001188_0001782.wav,finedance_056_0001188_0001782.pkl,train
finedance_056_0001782_0002376,music_wav/056.wav,1782,2376,1309770,1746360,audio/finedance_056_0001782_0002376.wav,finedance_056_0001782_0002376.pkl,train
finedance_056_0002376_0002970,music_wav/056.wav,2376,2970,1746360,2182950,audio/finedance_056_0002376_0002970.wav,finedance_056_0002376_0002970.pkl,train
finedance_056_0002970_0003564,music_wav/056.wav,2970,3564,2182950,2619540,audio/finedance_056_0002970_0003564.wav,finedance_056_0002970_0003564.pkl,train
finedance_056_0003564_0004158,music_wav/056.wav,3564,4158,2619540,3056130,audio/finedance_056_0003564_0004158.wav,finedance_056_0003564_0004158.pkl,train
finedance_056_0004158_0004752,music_wav/056.wav,4158,4752,3056130,3492720,audio/finedance_056_0004158_0004752.wav,finedance_056_0004158_0004752.pkl,train
finedance_056_0004752_0005345,music_wav/056.wav,4752,5345,3492720,3928575,audio/finedance_056_0004752_0005345.wav,finedance_056_0004752_0005345.pkl,train
finedance_056_0005345_0005938,music_wav/056.wav,5345,5938,3928575,4364430,audio/finedance_056_0005345_0005938.wav,finedance_056_0005345_0005938.pkl,train
finedance_056_0005938_0006531,music_wav/056.wav,5938,6531,4364430,4800285,audio/finedance_056_0005938_0006531.wav,finedance_056_0005938_0006531.pkl,train
finedance_056_0006531_0007124,music_wav/056.wav,6531,7124,4800285,5236140,audio/finedance_056_0006531_0007124.wav,finedance_056_0006531_0007124.pkl,train
finedance_056_0007124_0007717,music_wav/056.wav,7124,7717,5236140,5671995,audio/finedance_056_0007124_0007717.wav,finedance_056_0007124_0007717.pkl,train
finedance_056_0007717_0008310,music_wav/056.wav,7717,8310,5671995,6107850,audio/finedance_056_0007717_0008310.wav,finedance_056_0007717_0008310.pkl,train
finedance_056_0008310_0008903,music_wav/056.wav,8310,8903,6107850,6543705,audio/finedance_056_0008310_0008903.wav,finedance_056_0008310_0008903.pkl,train
finedance_056_0008903_0009496,music_wav/056.wav,8903,9496,6543705,6979560,audio/finedance_056_0008903_0009496.wav,finedance_056_0008903_0009496.pkl,train
finedance_056_0009496_0010089,music_wav/056.wav,9496,10089,6979560,7415415,audio/finedance_056_0009496_0010089.wav,finedance_056_0009496_0010089.pkl,train
finedance_056_0010089_0010682,music_wav/056.wav,10089,10682,7415415,7851270,audio/finedance_056_0010089_0010682.wav,finedance_056_0010089_0010682.pkl,train
finedance_057_0000000_0000587,music_wav/057.wav,0,587,0,431445,audio/finedance_057_0000000_0000587.wav,finedance_057_0000000_0000587.pkl,train
finedance_057_0000587_0001173,music_wav/057.wav,587,1173,431445,862155,audio/finedance_057_0000587_0001173.wav,finedance_057_0000587_0001173.pkl,train
finedance_057_0001173_0001759,music_wav/057.wav,1173,1759,862155,1292865,audio/finedance_057_0001173_0001759.wav,finedance_057_0001173_0001759.pkl,train
finedance_057_0001759_0002345,music_wav/057.wav,1759,2345,1292865,1723575,audio/finedance_057_0001759_0002345.wav,finedance_057_0001759_0002345.pkl,train
finedance_057_0002345_0002931,music_wav/057.wav,2345,2931,1723575,2154285,audio/finedance_057_0002345_0002931.wav,finedance_057_0002345_0002931.pkl,train
finedance_057_0002931_0003517,music_wav/057.wav,2931,3517,2154285,2584995,audio/finedance_057_0002931_0003517.wav,finedance_057_0002931_0003517.pkl,train
finedance_057_0003517_0004103,music_wav/057.wav,3517,4103,2584995,3015705,audio/finedance_057_0003517_0004103.wav,finedance_057_0003517_0004103.pkl,train
finedance_057_0004103_0004689,music_wav/057.wav,4103,4689,3015705,3446415,audio/finedance_057_0004103_0004689.wav,finedance_057_0004103_0004689.pkl,train
finedance_057_0004689_0005275,music_wav/057.wav,4689,5275,3446415,3877125,audio/finedance_057_0004689_0005275.wav,finedance_057_0004689_0005275.pkl,train
finedance_058_0000000_0000637,music_wav/058.wav,0,637,0,468195,audio/finedance_058_0000000_0000637.wav,finedance_058_0000000_0000637.pkl,train
finedance_058_0000637_0001274,music_wav/058.wav,637,1274,468195,936390,audio/finedance_058_0000637_0001274.wav,finedance_058_0000637_0001274.pkl,train
finedance_058_0001274_0001910,music_wav/058.wav,1274,1910,936390,1403850,audio/finedance_058_0001274_0001910.wav,finedance_058_0001274_0001910.pkl,train
finedance_058_0001910_0002546,music_wav/058.wav,1910,2546,1403850,1871310,audio/finedance_058_0001910_0002546.wav,finedance_058_0001910_0002546.pkl,train
finedance_058_0002546_0003182,music_wav/058.wav,2546,3182,1871310,2338770,audio/finedance_058_0002546_0003182.wav,finedance_058_0002546_0003182.pkl,train
finedance_058_0003182_0003818,music_wav/058.wav,3182,3818,2338770,2806230,audio/finedance_058_0003182_0003818.wav,finedance_058_0003182_0003818.pkl,train
finedance_058_0003818_0004454,music_wav/058.wav,3818,4454,2806230,3273690,audio/finedance_058_0003818_0004454.wav,finedance_058_0003818_0004454.pkl,train
finedance_060_0000000_0000588,music_wav/060.wav,0,588,0,432180,audio/finedance_060_0000000_0000588.wav,finedance_060_0000000_0000588.pkl,train
finedance_060_0000588_0001176,music_wav/060.wav,588,1176,432180,864360,audio/finedance_060_0000588_0001176.wav,finedance_060_0000588_0001176.pkl,train
finedance_060_0001176_0001764,music_wav/060.wav,1176,1764,864360,1296540,audio/finedance_060_0001176_0001764.wav,finedance_060_0001176_0001764.pkl,train
finedance_060_0001764_0002352,music_wav/060.wav,1764,2352,1296540,1728720,audio/finedance_060_0001764_0002352.wav,finedance_060_0001764_0002352.pkl,train
finedance_060_0002352_0002939,music_wav/060.wav,2352,2939,1728720,2160165,audio/finedance_060_0002352_0002939.wav,finedance_060_0002352_0002939.pkl,train
finedance_060_0002939_0003526,music_wav/060.wav,2939,3526,2160165,2591610,audio/finedance_060_0002939_0003526.wav,finedance_060_0002939_0003526.pkl,train
finedance_060_0003526_0004113,music_wav/060.wav,3526,4113,2591610,3023055,audio/finedance_060_0003526_0004113.wav,finedance_060_0003526_0004113.pkl,train
finedance_060_0004113_0004700,music_wav/060.wav,4113,4700,3023055,3454500,audio/finedance_060_0004113_0004700.wav,finedance_060_0004113_0004700.pkl,train
finedance_060_0004700_0005287,music_wav/060.wav,4700,5287,3454500,3885945,audio/finedance_060_0004700_0005287.wav,finedance_060_0004700_0005287.pkl,train
finedance_060_0005287_0005874,music_wav/060.wav,5287,5874,3885945,4317390,audio/finedance_060_0005287_0005874.wav,finedance_060_0005287_0005874.pkl,train
finedance_060_0005874_0006461,music_wav/060.wav,5874,6461,4317390,4748835,audio/finedance_060_0005874_0006461.wav,finedance_060_0005874_0006461.pkl,train
finedance_060_0006461_0007048,music_wav/060.wav,6461,7048,4748835,5180280,audio/finedance_060_0006461_0007048.wav,finedance_060_0006461_0007048.pkl,train
finedance_061_0000000_0000629,music_wav/061.wav,0,629,0,462315,audio/finedance_061_0000000_0000629.wav,finedance_061_0000000_0000629.pkl,train
finedance_061_0000629_0001257,music_wav/061.wav,629,1257,462315,923895,audio/finedance_061_0000629_0001257.wav,finedance_061_0000629_0001257.pkl,train
finedance_061_0001257_0001885,music_wav/061.wav,1257,1885,923895,1385475,audio/finedance_061_0001257_0001885.wav,finedance_061_0001257_0001885.pkl,train
finedance_061_0001885_0002513,music_wav/061.wav,1885,2513,1385475,1847055,audio/finedance_061_0001885_0002513.wav,finedance_061_0001885_0002513.pkl,train
finedance_061_0002513_0003141,music_wav/061.wav,2513,3141,1847055,2308635,audio/finedance_061_0002513_0003141.wav,finedance_061_0002513_0003141.pkl,train
finedance_061_0003141_0003769,music_wav/061.wav,3141,3769,2308635,2770215,audio/finedance_061_0003141_0003769.wav,finedance_061_0003141_0003769.pkl,train
finedance_061_0003769_0004397,music_wav/061.wav,3769,4397,2770215,3231795,audio/finedance_061_0003769_0004397.wav,finedance_061_0003769_0004397.pkl,train
finedance_061_0004397_0005025,music_wav/061.wav,4397,5025,3231795,3693375,audio/finedance_061_0004397_0005025.wav,finedance_061_0004397_0005025.pkl,train
finedance_062_0000000_0000604,music_wav/062.wav,0,604,0,443940,audio/finedance_062_0000000_0000604.wav,finedance_062_0000000_0000604.pkl,train
finedance_062_0000604_0001208,music_wav/062.wav,604,1208,443940,887880,audio/finedance_062_0000604_0001208.wav,finedance_062_0000604_0001208.pkl,train
finedance_062_0001208_0001812,music_wav/062.wav,1208,1812,887880,1331820,audio/finedance_062_0001208_0001812.wav,finedance_062_0001208_0001812.pkl,train
finedance_062_0001812_0002416,music_wav/062.wav,1812,2416,1331820,1775760,audio/finedance_062_0001812_0002416.wav,finedance_062_0001812_0002416.pkl,train
finedance_062_0002416_0003020,music_wav/062.wav,2416,3020,1775760,2219700,audio/finedance_062_0002416_0003020.wav,finedance_062_0002416_0003020.pkl,train
finedance_062_0003020_0003624,music_wav/062.wav,3020,3624,2219700,2663640,audio/finedance_062_0003020_0003624.wav,finedance_062_0003020_0003624.pkl,train
finedance_062_0003624_0004228,music_wav/062.wav,3624,4228,2663640,3107580,audio/finedance_062_0003624_0004228.wav,finedance_062_0003624_0004228.pkl,train
finedance_062_0004228_0004832,music_wav/062.wav,4228,4832,3107580,3551520,audio/finedance_062_0004228_0004832.wav,finedance_062_0004228_0004832.pkl,train
finedance_062_0004832_0005435,music_wav/062.wav,4832,5435,3551520,3994725,audio/finedance_062_0004832_0005435.wav,finedance_062_0004832_0005435.pkl,train
finedance_063_0000000_0000615,music_wav/063.wav,0,615,0,452025,audio/finedance_063_0000000_0000615.wav,finedance_063_0000000_0000615.pkl,test
finedance_063_0000615_0001230,music_wav/063.wav,615,1230,452025,904050,audio/finedance_063_0000615_0001230.wav,finedance_063_0000615_0001230.pkl,test
finedance_063_0001230_0001845,music_wav/063.wav,1230,1845,904050,1356075,audio/finedance_063_0001230_0001845.wav,finedance_063_0001230_0001845.pkl,test
finedance_063_0001845_0002460,music_wav/063.wav,1845,2460,1356075,1808100,audio/finedance_063_0001845_0002460.wav,finedance_063_0001845_0002460.pkl,test
finedance_063_0002460_0003075,music_wav/063.wav,2460,3075,1808100,2260125,audio/finedance_063_0002460_0003075.wav,finedance_063_0002460_0003075.pkl,test
finedance_063_0003075_0003690,music_wav/063.wav,3075,3690,2260125,2712150,audio/finedance_063_0003075_0003690.wav,finedance_063_0003075_0003690.pkl,test
finedance_063_0003690_0004305,music_wav/063.wav,3690,4305,2712150,3164175,audio/finedance_063_0003690_0004305.wav,,test
finedance_063_0004305_0004920,music_wav/063.wav,4305,4920,3164175,3616200,audio/finedance_063_0004305_0004920.wav,finedance_063_0004305_0004920.pkl,test
finedance_063_0004920_0005535,music_wav/063.wav,4920,5535,3616200,4068225,audio/finedance_063_0004920_0005535.wav,finedance_063_0004920_0005535.pkl,test
finedance_064_0000000_0000616,music_wav/064.wav,0,616,0,452760,audio/finedance_064_0000000_0000616.wav,finedance_064_0000000_0000616.pkl,train
finedance_064_0000616_0001232,music_wav/064.wav,616,1232,452760,905520,audio/finedance_064_0000616_0001232.wav,finedance_064_0000616_0001232.pkl,train
finedance_064_0001232_0001848,music_wav/064.wav,1232,1848,905520,1358280,audio/finedance_064_0001232_0001848.wav,finedance_064_0001232_0001848.pkl,train
finedance_064_0001848_0002464,music_wav/064.wav,1848,2464,1358280,1811040,audio/finedance_064_0001848_0002464.wav,finedance_064_0001848_0002464.pkl,train
finedance_064_0002464_0003080,music_wav/064.wav,2464,3080,1811040,2263800,audio/finedance_064_0002464_0003080.wav,finedance_064_0002464_0003080.pkl,train
finedance_064_0003080_0003696,music_wav/064.wav,3080,3696,2263800,2716560,audio/finedance_064_0003080_0003696.wav,finedance_064_0003080_0003696.pkl,train
finedance_064_0003696_0004312,music_wav/064.wav,3696,4312,2716560,3169320,audio/finedance_064_0003696_0004312.wav,finedance_064_0003696_0004312.pkl,train
finedance_064_0004312_0004928,music_wav/064.wav,4312,4928,3169320,3622080,audio/finedance_064_0004312_0004928.wav,finedance_064_0004312_0004928.pkl,train
finedance_064_0004928_0005544,music_wav/064.wav,4928,5544,3622080,4074840,audio/finedance_064_0004928_0005544.wav,finedance_064_0004928_0005544.pkl,train
finedance_064_0005544_0006160,music_wav/064.wav,5544,6160,4074840,4527600,audio/finedance_064_0005544_0006160.wav,finedance_064_0005544_0006160.pkl,train
finedance_064_0006160_0006776,music_wav/064.wav,6160,6776,4527600,4980360,audio/finedance_064_0006160_0006776.wav,finedance_064_0006160_0006776.pkl,train
finedance_064_0006776_0007391,music_wav/064.wav,6776,7391,4980360,5432385,audio/finedance_064_0006776_0007391.wav,finedance_064_0006776_0007391.pkl,train
finedance_064_0007391_0008006,music_wav/064.wav,7391,8006,5432385,5884410,audio/finedance_064_0007391_0008006.wav,finedance_064_0007391_0008006.pkl,train
finedance_064_0008006_0008621,music_wav/064.wav,8006,8621,5884410,6336435,audio/finedance_064_0008006_0008621.wav,finedance_064_0008006_0008621.pkl,train
finedance_064_0008621_0009236,music_wav/064.wav,8621,9236,6336435,6788460,audio/finedance_064_0008621_0009236.wav,finedance_064_0008621_0009236.pkl,train
finedance_064_0009236_0009851,music_wav/064.wav,9236,9851,6788460,7240485,audio/finedance_064_0009236_0009851.wav,finedance_064_0009236_0009851.pkl,train
finedance_065_0000000_0000625,music_wav/065.wav,0,625,0,459375,audio/finedance_065_0000000_0000625.wav,finedance_065_0000000_0000625.pkl,test
finedance_065_0000625_0001250,music_wav/065.wav,625,1250,459375,918750,audio/finedance_065_0000625_0001250.wav,finedance_065_0000625_0001250.pkl,test
finedance_065_0001250_0001875,music_wav/065.wav,1250,1875,918750,1378125,audio/finedance_065_0001250_0001875.wav,,test
finedance_065_0001875_0002500,music_wav/065.wav,1875,2500,1378125,1837500,audio/finedance_065_0001875_0002500.wav,finedance_065_0001875_0002500.pkl,test
finedance_065_0002500_0003125,music_wav/065.wav,2500,3125,1837500,2296875,audio/finedance_065_0002500_0003125.wav,finedance_065_0002500_0003125.pkl,test
finedance_065_0003125_0003750,music_wav/065.wav,3125,3750,2296875,2756250,audio/finedance_065_0003125_0003750.wav,finedance_065_0003125_0003750.pkl,test
finedance_065_0003750_0004375,music_wav/065.wav,3750,4375,2756250,3215625,audio/finedance_065_0003750_0004375.wav,finedance_065_0003750_0004375.pkl,test
finedance_065_0004375_0004999,music_wav/065.wav,4375,4999,3215625,3674265,audio/finedance_065_0004375_0004999.wav,finedance_065_0004375_0004999.pkl,test
finedance_065_0004999_0005623,music_wav/065.wav,4999,5623,3674265,4132905,audio/finedance_065_0004999_0005623.wav,finedance_065_0004999_0005623.pkl,test
finedance_065_0005623_0006247,music_wav/065.wav,5623,6247,4132905,4591545,audio/finedance_065_0005623_0006247.wav,finedance_065_0005623_0006247.pkl,test
finedance_065_0006247_0006871,music_wav/065.wav,6247,6871,4591545,5050185,audio/finedance_065_0006247_0006871.wav,finedance_065_0006247_0006871.pkl,test
finedance_065_0006871_0007495,music_wav/065.wav,6871,7495,5050185,5508825,audio/finedance_065_0006871_0007495.wav,finedance_065_0006871_0007495.pkl,test
finedance_066_0000000_0000632,music_wav/066.wav,0,632,0,464520,audio/finedance_066_0000000_0000632.wav,finedance_066_0000000_0000632.pkl,train
finedance_066_0000632_0001264,music_wav/066.wav,632,1264,464520,929040,audio/finedance_066_0000632_0001264.wav,finedance_066_0000632_0001264.pkl,train
finedance_066_0001264_0001896,music_wav/066.wav,1264,1896,929040,1393560,audio/finedance_066_0001264_0001896.wav,finedance_066_0001264_0001896.pkl,train
finedance_066_0001896_0002528,music_wav/066.wav,1896,2528,1393560,1858080,audio/finedance_066_0001896_0002528.wav,finedance_066_0001896_0002528.pkl,train
finedance_066_0002528_0003160,music_wav/066.wav,2528,3160,1858080,2322600,audio/finedance_066_0002528_0003160.wav,finedance_066_0002528_0003160.pkl,train
finedance_066_0003160_0003791,music_wav/066.wav,3160,3791,2322600,2786385,audio/finedance_066_0003160_0003791.wav,finedance_066_0003160_0003791.pkl,train
finedance_066_0003791_0004422,music_wav/066.wav,3791,4422,2786385,3250170,audio/finedance_066_0003791_0004422.wav,finedance_066_0003791_0004422.pkl,train
finedance_067_0000000_0000578,music_wav/067.wav,0,578,0,424830,audio/finedance_067_0000000_0000578.wav,finedance_067_0000000_0000578.pkl,train
finedance_067_0000578_0001156,music_wav/067.wav,578,1156,424830,849660,audio/finedance_067_0000578_0001156.wav,finedance_067_0000578_0001156.pkl,train
finedance_067_0001156_0001734,music_wav/067.wav,1156,1734,849660,1274490,audio/finedance_067_0001156_0001734.wav,finedance_067_0001156_0001734.pkl,train
finedance_067_0001734_0002312,music_wav/067.wav,1734,2312,1274490,1699320,audio/finedance_067_0001734_0002312.wav,finedance_067_0001734_0002312.pkl,train
finedance_067_0002312_0002890,music_wav/067.wav,2312,2890,1699320,2124150,audio/finedance_067_0002312_0002890.wav,finedance_067_0002312_0002890.pkl,train
finedance_067_0002890_0003468,music_wav/067.wav,2890,3468,2124150,2548980,audio/finedance_067_0002890_0003468.wav,finedance_067_0002890_0003468.pkl,train
finedance_067_0003468_0004046,music_wav/067.wav,3468,4046,2548980,2973810,audio/finedance_067_0003468_0004046.wav,finedance_067_0003468_0004046.pkl,train
finedance_067_0004046_0004624,music_wav/067.wav,4046,4624,2973810,3398640,audio/finedance_067_0004046_0004624.wav,finedance_067_0004046_0004624.pkl,train
finedance_067_0004624_0005202,music_wav/067.wav,4624,5202,3398640,3823470,audio/finedance_067_0004624_0005202.wav,finedance_067_0004624_0005202.pkl,train
finedance_067_0005202_0005780,music_wav/067.wav,5202,5780,3823470,4248300,audio/finedance_067_0005202_0005780.wav,finedance_067_0005202_0005780.pkl,train
finedance_067_0005780_0006358,music_wav/067.wav,5780,6358,4248300,4673130,audio/finedance_067_0005780_0006358.wav,finedance_067_0005780_0006358.pkl,train
finedance_067_0006358_0006936,music_wav/067.wav,6358,6936,4673130,5097960,audio/finedance_067_0006358_0006936.wav,finedance_067_0006358_0006936.pkl,train
finedance_068_0000000_0000612,music_wav/068.wav,0,612,0,449820,audio/finedance_068_0000000_0000612.wav,finedance_068_0000000_0000612.pkl,train
finedance_068_0000612_0001224,music_wav/068.wav,612,1224,449820,899640,audio/finedance_068_0000612_0001224.wav,finedance_068_0000612_0001224.pkl,train
finedance_068_0001224_0001835,music_wav/068.wav,1224,1835,899640,1348725,audio/finedance_068_0001224_0001835.wav,finedance_068_0001224_0001835.pkl,train
finedance_068_0001835_0002446,music_wav/068.wav,1835,2446,1348725,1797810,audio/finedance_068_0001835_0002446.wav,finedance_068_0001835_0002446.pkl,train
finedance_068_0002446_0003057,music_wav/068.wav,2446,3057,1797810,2246895,audio/finedance_068_0002446_0003057.wav,finedance_068_0002446_0003057.pkl,train
finedance_068_0003057_0003668,music_wav/068.wav,3057,3668,2246895,2695980,audio/finedance_068_0003057_0003668.wav,finedance_068_0003057_0003668.pkl,train
finedance_068_0003668_0004279,music_wav/068.wav,3668,4279,2695980,3145065,audio/finedance_068_0003668_0004279.wav,finedance_068_0003668_0004279.pkl,train
finedance_068_0004279_0004890,music_wav/068.wav,4279,4890,3145065,3594150,audio/finedance_068_0004279_0004890.wav,finedance_068_0004279_0004890.pkl,train
finedance_068_0004890_0005501,music_wav/068.wav,4890,5501,3594150,4043235,audio/finedance_068_0004890_0005501.wav,finedance_068_0004890_0005501.pkl,train
finedance_068_0005501_0006112,music_wav/068.wav,5501,6112,4043235,4492320,audio/finedance_068_0005501_0006112.wav,finedance_068_0005501_0006112.pkl,train
finedance_068_0006112_0006723,music_wav/068.wav,6112,6723,4492320,4941405,audio/finedance_068_0006112_0006723.wav,finedance_068_0006112_0006723.pkl,train
finedance_068_0006723_0007334,music_wav/068.wav,6723,7334,4941405,5390490,audio/finedance_068_0006723_0007334.wav,finedance_068_0006723_0007334.pkl,train
finedance_068_0007334_0007945,music_wav/068.wav,7334,7945,5390490,5839575,audio/finedance_068_0007334_0007945.wav,finedance_068_0007334_0007945.pkl,train
finedance_068_0007945_0008556,music_wav/068.wav,7945,8556,5839575,6288660,audio/finedance_068_0007945_0008556.wav,finedance_068_0007945_0008556.pkl,train
finedance_069_0000000_0000625,music_wav/069.wav,0,625,0,459375,audio/finedance_069_0000000_0000625.wav,finedance_069_0000000_0000625.pkl,train
finedance_069_0000625_0001250,music_wav/069.wav,625,1250,459375,918750,audio/finedance_069_0000625_0001250.wav,finedance_069_0000625_0001250.pkl,train
finedance_069_0001250_0001874,music_wav/069.wav,1250,1874,918750,1377390,audio/finedance_069_0001250_0001874.wav,finedance_069_0001250_0001874.pkl,train
finedance_069_0001874_0002498,music_wav/069.wav,1874,2498,1377390,1836030,audio/finedance_069_0001874_0002498.wav,finedance_069_0001874_0002498.pkl,train
finedance_069_0002498_0003122,music_wav/069.wav,2498,3122,1836030,2294670,audio/finedance_069_0002498_0003122.wav,finedance_069_0002498_0003122.pkl,train
finedance_069_0003122_0003746,music_wav/069.wav,3122,3746,2294670,2753310,audio/finedance_069_0003122_0003746.wav,finedance_069_0003122_0003746.pkl,train
finedance_069_0003746_0004370,music_wav/069.wav,3746,4370,2753310,3211950,audio/finedance_069_0003746_0004370.wav,finedance_069_0003746_0004370.pkl,train
finedance_069_0004370_0004994,music_wav/069.wav,4370,4994,3211950,3670590,audio/finedance_069_0004370_0004994.wav,finedance_069_0004370_0004994.pkl,train
finedance_069_0004994_0005618,music_wav/069.wav,4994,5618,3670590,4129230,audio/finedance_069_0004994_0005618.wav,finedance_069_0004994_0005618.pkl,train
finedance_069_0005618_0006242,music_wav/069.wav,5618,6242,4129230,4587870,audio/finedance_069_0005618_0006242.wav,finedance_069_0005618_0006242.pkl,train
finedance_069_0006242_0006866,music_wav/069.wav,6242,6866,4587870,5046510,audio/finedance_069_0006242_0006866.wav,finedance_069_0006242_0006866.pkl,train
finedance_070_0000000_0000614,music_wav/070.wav,0,614,0,451290,audio/finedance_070_0000000_0000614.wav,finedance_070_0000000_0000614.pkl,train
finedance_070_0000614_0001228,music_wav/070.wav,614,1228,451290,902580,audio/finedance_070_0000614_0001228.wav,finedance_070_0000614_0001228.pkl,train
finedance_070_0001228_0001842,music_wav/070.wav,1228,1842,902580,1353870,audio/finedance_070_0001228_0001842.wav,finedance_070_0001228_0001842.pkl,train
finedance_070_0001842_0002456,music_wav/070.wav,1842,2456,1353870,1805160,audio/finedance_070_0001842_0002456.wav,finedance_070_0001842_0002456.pkl,train
finedance_070_0002456_0003070,music_wav/070.wav,2456,3070,1805160,2256450,audio/finedance_070_0002456_0003070.wav,finedance_070_0002456_0003070.pkl,train
finedance_070_0003070_0003684,music_wav/070.wav,3070,3684,2256450,2707740,audio/finedance_070_0003070_0003684.wav,finedance_070_0003070_0003684.pkl,train
finedance_070_0003684_0004298,music_wav/070.wav,3684,4298,2707740,3159030,audio/finedance_070_0003684_0004298.wav,finedance_070_0003684_0004298.pkl,train
finedance_070_0004298_0004912,music_wav/070.wav,4298,4912,3159030,3610320,audio/finedance_070_0004298_0004912.wav,finedance_070_0004298_0004912.pkl,train
finedance_070_0004912_0005526,music_wav/070.wav,4912,5526,3610320,4061610,audio/finedance_070_0004912_0005526.wav,finedance_070_0004912_0005526.pkl,train
finedance_070_0005526_0006140,music_wav/070.wav,5526,6140,4061610,4512900,audio/finedance_070_0005526_0006140.wav,finedance_070_0005526_0006140.pkl,train
finedance_071_0000000_0000595,music_wav/071.wav,0,595,0,437325,audio/finedance_071_0000000_0000595.wav,finedance_071_0000000_0000595.pkl,train
finedance_071_0000595_0001190,music_wav/071.wav,595,1190,437325,874650,audio/finedance_071_0000595_0001190.wav,finedance_071_0000595_0001190.pkl,train
finedance_071_0001190_0001785,music_wav/071.wav,1190,1785,874650,1311975,audio/finedance_071_0001190_0001785.wav,finedance_071_0001190_0001785.pkl,train
finedance_071_0001785_0002380,music_wav/071.wav,1785,2380,1311975,1749300,audio/finedance_071_0001785_0002380.wav,finedance_071_0001785_0002380.pkl,train
finedance_071_0002380_0002975,music_wav/071.wav,2380,2975,1749300,2186625,audio/finedance_071_0002380_0002975.wav,finedance_071_0002380_0002975.pkl,train
finedance_071_0002975_0003570,music_wav/071.wav,2975,3570,2186625,2623950,audio/finedance_071_0002975_0003570.wav,finedance_071_0002975_0003570.pkl,train
finedance_071_0003570_0004165,music_wav/071.wav,3570,4165,2623950,3061275,audio/finedance_071_0003570_0004165.wav,finedance_071_0003570_0004165.pkl,train
finedance_071_0004165_0004760,music_wav/071.wav,4165,4760,3061275,3498600,audio/finedance_071_0004165_0004760.wav,finedance_071_0004165_0004760.pkl,train
finedance_071_0004760_0005355,music_wav/071.wav,4760,5355,3498600,3935925,audio/finedance_071_0004760_0005355.wav,finedance_071_0004760_0005355.pkl,train
finedance_071_0005355_0005950,music_wav/071.wav,5355,5950,3935925,4373250,audio/finedance_071_0005355_0005950.wav,finedance_071_0005355_0005950.pkl,train
finedance_071_0005950_0006545,music_wav/071.wav,5950,6545,4373250,4810575,audio/finedance_071_0005950_0006545.wav,finedance_071_0005950_0006545.pkl,train
finedance_071_0006545_0007140,music_wav/071.wav,6545,7140,4810575,5247900,audio/finedance_071_0006545_0007140.wav,finedance_071_0006545_0007140.pkl,train
finedance_071_0007140_0007735,music_wav/071.wav,7140,7735,5247900,5685225,audio/finedance_071_0007140_0007735.wav,finedance_071_0007140_0007735.pkl,train
finedance_071_0007735_0008330,music_wav/071.wav,7735,8330,5685225,6122550,audio/finedance_071_0007735_0008330.wav,finedance_071_0007735_0008330.pkl,train
finedance_071_0008330_0008924,music_wav/071.wav,8330,8924,6122550,6559140,audio/finedance_071_0008330_0008924.wav,finedance_071_0008330_0008924.pkl,train
finedance_071_0008924_0009518,music_wav/071.wav,8924,9518,6559140,6995730,audio/finedance_071_0008924_0009518.wav,finedance_071_0008924_0009518.pkl,train
finedance_071_0009518_0010112,music_wav/071.wav,9518,10112,6995730,7432320,audio/finedance_071_0009518_0010112.wav,finedance_071_0009518_0010112.pkl,train
finedance_071_0010112_0010706,music_wav/071.wav,10112,10706,7432320,7868910,audio/finedance_071_0010112_0010706.wav,finedance_071_0010112_0010706.pkl,train
finedance_071_0010706_0011300,music_wav/071.wav,10706,11300,7868910,8305500,audio/finedance_071_0010706_0011300.wav,finedance_071_0010706_0011300.pkl,train
finedance_071_0011300_0011894,music_wav/071.wav,11300,11894,8305500,8742090,audio/finedance_071_0011300_0011894.wav,finedance_071_0011300_0011894.pkl,train
finedance_072_0000000_0000597,music_wav/072.wav,0,597,0,438795,audio/finedance_072_0000000_0000597.wav,finedance_072_0000000_0000597.pkl,train
finedance_072_0000597_0001194,music_wav/072.wav,597,1194,438795,877590,audio/finedance_072_0000597_0001194.wav,finedance_072_0000597_0001194.pkl,train
finedance_072_0001194_0001791,music_wav/072.wav,1194,1791,877590,1316385,audio/finedance_072_0001194_0001791.wav,finedance_072_0001194_0001791.pkl,train
finedance_072_0001791_0002388,music_wav/072.wav,1791,2388,1316385,1755180,audio/finedance_072_0001791_0002388.wav,finedance_072_0001791_0002388.pkl,train
finedance_072_0002388_0002985,music_wav/072.wav,2388,2985,1755180,2193975,audio/finedance_072_0002388_0002985.wav,finedance_072_0002388_0002985.pkl,train
finedance_072_0002985_0003582,music_wav/072.wav,2985,3582,2193975,2632770,audio/finedance_072_0002985_0003582.wav,finedance_072_0002985_0003582.pkl,train
finedance_072_0003582_0004178,music_wav/072.wav,3582,4178,2632770,3070830,audio/finedance_072_0003582_0004178.wav,finedance_072_0003582_0004178.pkl,train
finedance_072_0004178_0004774,music_wav/072.wav,4178,4774,3070830,3508890,audio/finedance_072_0004178_0004774.wav,finedance_072_0004178_0004774.pkl,train
finedance_072_0004774_0005370,music_wav/072.wav,4774,5370,3508890,3946950,audio/finedance_072_0004774_0005370.wav,finedance_072_0004774_0005370.pkl,train
finedance_072_0005370_0005966,music_wav/072.wav,5370,5966,3946950,4385010,audio/finedance_072_0005370_0005966.wav,finedance_072_0005370_0005966.pkl,train
finedance_072_0005966_0006562,music_wav/072.wav,5966,6562,4385010,4823070,audio/finedance_072_0005966_0006562.wav,finedance_072_0005966_0006562.pkl,train
finedance_072_0006562_0007158,music_wav/072.wav,6562,7158,4823070,5261130,audio/finedance_072_0006562_0007158.wav,finedance_072_0006562_0007158.pkl,train
finedance_072_0007158_0007754,music_wav/072.wav,7158,7754,5261130,5699190,audio/finedance_072_0007158_0007754.wav,finedance_072_0007158_0007754.pkl,train
finedance_072_0007754_0008350,music_wav/072.wav,7754,8350,5699190,6137250,audio/finedance_072_0007754_0008350.wav,finedance_072_0007754_0008350.pkl,train
finedance_072_0008350_0008946,music_wav/072.wav,8350,8946,6137250,6575310,audio/finedance_072_0008350_0008946.wav,finedance_072_0008350_0008946.pkl,train
finedance_072_0008946_0009542,music_wav/072.wav,8946,9542,6575310,7013370,audio/finedance_072_0008946_0009542.wav,finedance_072_0008946_0009542.pkl,train
finedance_073_0000000_0000593,music_wav/073.wav,0,593,0,435855,audio/finedance_073_0000000_0000593.wav,finedance_073_0000000_0000593.pkl,train
finedance_073_0000593_0001186,music_wav/073.wav,593,1186,435855,871710,audio/finedance_073_0000593_0001186.wav,finedance_073_0000593_0001186.pkl,train
finedance_073_0001186_0001778,music_wav/073.wav,1186,1778,871710,1306830,audio/finedance_073_0001186_0001778.wav,finedance_073_0001186_0001778.pkl,train
finedance_073_0001778_0002370,music_wav/073.wav,1778,2370,1306830,1741950,audio/finedance_073_0001778_0002370.wav,finedance_073_0001778_0002370.pkl,train
finedance_073_0002370_0002962,music_wav/073.wav,2370,2962,1741950,2177070,audio/finedance_073_0002370_0002962.wav,finedance_073_0002370_0002962.pkl,train
finedance_073_0002962_0003554,music_wav/073.wav,2962,3554,2177070,2612190,audio/finedance_073_0002962_0003554.wav,finedance_073_0002962_0003554.pkl,train
finedance_073_0003554_0004146,music_wav/073.wav,3554,4146,2612190,3047310,audio/finedance_073_0003554_0004146.wav,finedance_073_0003554_0004146.pkl,train
finedance_073_0004146_0004738,music_wav/073.wav,4146,4738,3047310,3482430,audio/finedance_073_0004146_0004738.wav,finedance_073_0004146_0004738.pkl,train
finedance_073_0004738_0005330,music_wav/073.wav,4738,5330,3482430,3917550,audio/finedance_073_0004738_0005330.wav,finedance_073_0004738_0005330.pkl,train
finedance_073_0005330_0005922,music_wav/073.wav,5330,5922,3917550,4352670,audio/finedance_073_0005330_0005922.wav,finedance_073_0005330_0005922.pkl,train
finedance_073_0005922_0006514,music_wav/073.wav,5922,6514,4352670,4787790,audio/finedance_073_0005922_0006514.wav,finedance_073_0005922_0006514.pkl,train
finedance_073_0006514_0007106,music_wav/073.wav,6514,7106,4787790,5222910,audio/finedance_073_0006514_0007106.wav,finedance_073_0006514_0007106.pkl,train
finedance_073_0007106_0007698,music_wav/073.wav,7106,7698,5222910,5658030,audio/finedance_073_0007106_0007698.wav,finedance_073_0007106_0007698.pkl,train
finedance_073_0007698_0008290,music_wav/073.wav,7698,8290,5658030,6093150,audio/finedance_073_0007698_0008290.wav,finedance_073_0007698_0008290.pkl,train
finedance_073_0008290_0008882,music_wav/073.wav,8290,8882,6093150,6528270,audio/finedance_073_0008290_0008882.wav,finedance_073_0008290_0008882.pkl,train
finedance_073_0008882_0009474,music_wav/073.wav,8882,9474,6528270,6963390,audio/finedance_073_0008882_0009474.wav,finedance_073_0008882_0009474.pkl,train
finedance_073_0009474_0010066,music_wav/073.wav,9474,10066,6963390,7398510,audio/finedance_073_0009474_0010066.wav,finedance_073_0009474_0010066.pkl,train
finedance_073_0010066_0010658,music_wav/073.wav,10066,10658,7398510,7833630,audio/finedance_073_0010066_0010658.wav,finedance_073_0010066_0010658.pkl,train
finedance_073_0010658_0011250,music_wav/073.wav,10658,11250,7833630,8268750,audio/finedance_073_0010658_0011250.wav,finedance_073_0010658_0011250.pkl,train
finedance_073_0011250_0011842,music_wav/073.wav,11250,11842,8268750,8703870,audio/finedance_073_0011250_0011842.wav,finedance_073_0011250_0011842.pkl,train
finedance_074_0000000_0000609,music_wav/074.wav,0,609,0,447615,audio/finedance_074_0000000_0000609.wav,finedance_074_0000000_0000609.pkl,train
finedance_074_0000609_0001218,music_wav/074.wav,609,1218,447615,895230,audio/finedance_074_0000609_0001218.wav,finedance_074_0000609_0001218.pkl,train
finedance_074_0001218_0001827,music_wav/074.wav,1218,1827,895230,1342845,audio/finedance_074_0001218_0001827.wav,finedance_074_0001218_0001827.pkl,train
finedance_074_0001827_0002436,music_wav/074.wav,1827,2436,1342845,1790460,audio/finedance_074_0001827_0002436.wav,finedance_074_0001827_0002436.pkl,train
finedance_074_0002436_0003045,music_wav/074.wav,2436,3045,1790460,2238075,audio/finedance_074_0002436_0003045.wav,finedance_074_0002436_0003045.pkl,train
finedance_074_0003045_0003654,music_wav/074.wav,3045,3654,2238075,2685690,audio/finedance_074_0003045_0003654.wav,finedance_074_0003045_0003654.pkl,train
finedance_074_0003654_0004262,music_wav/074.wav,3654,4262,2685690,3132570,audio/finedance_074_0003654_0004262.wav,finedance_074_0003654_0004262.pkl,train
finedance_074_0004262_0004870,music_wav/074.wav,4262,4870,3132570,3579450,audio/finedance_074_0004262_0004870.wav,finedance_074_0004262_0004870.pkl,train
finedance_074_0004870_0005478,music_wav/074.wav,4870,5478,3579450,4026330,audio/finedance_074_0004870_0005478.wav,finedance_074_0004870_0005478.pkl,train
finedance_074_0005478_0006086,music_wav/074.wav,5478,6086,4026330,4473210,audio/finedance_074_0005478_0006086.wav,finedance_074_0005478_0006086.pkl,train
finedance_074_0006086_0006694,music_wav/074.wav,6086,6694,4473210,4920090,audio/finedance_074_0006086_0006694.wav,finedance_074_0006086_0006694.pkl,train
finedance_074_0006694_0007302,music_wav/074.wav,6694,7302,4920090,5366970,audio/finedance_074_0006694_0007302.wav,finedance_074_0006694_0007302.pkl,train
finedance_074_0007302_0007910,music_wav/074.wav,7302,7910,5366970,5813850,audio/finedance_074_0007302_0007910.wav,finedance_074_0007302_0007910.pkl,train
finedance_074_0007910_0008518,music_wav/074.wav,7910,8518,5813850,6260730,audio/finedance_074_0007910_0008518.wav,finedance_074_0007910_0008518.pkl,train
finedance_075_0000000_0000582,music_wav/075.wav,0,582,0,427770,audio/finedance_075_0000000_0000582.wav,finedance_075_0000000_0000582.pkl,train
finedance_075_0000582_0001164,music_wav/075.wav,582,1164,427770,855540,audio/finedance_075_0000582_0001164.wav,finedance_075_0000582_0001164.pkl,train
finedance_075_0001164_0001746,music_wav/075.wav,1164,1746,855540,1283310,audio/finedance_075_0001164_0001746.wav,finedance_075_0001164_0001746.pkl,train
finedance_075_0001746_0002328,music_wav/075.wav,1746,2328,1283310,1711080,audio/finedance_075_0001746_0002328.wav,finedance_075_0001746_0002328.pkl,train
finedance_075_0002328_0002910,music_wav/075.wav,2328,2910,1711080,2138850,audio/finedance_075_0002328_0002910.wav,finedance_075_0002328_0002910.pkl,train
finedance_075_0002910_0003492,music_wav/075.wav,2910,3492,2138850,2566620,audio/finedance_075_0002910_0003492.wav,finedance_075_0002910_0003492.pkl,train
finedance_075_0003492_0004074,music_wav/075.wav,3492,4074,2566620,2994390,audio/finedance_075_0003492_0004074.wav,finedance_075_0003492_0004074.pkl,train
finedance_075_0004074_0004655,music_wav/075.wav,4074,4655,2994390,3421425,audio/finedance_075_0004074_0004655.wav,finedance_075_0004074_0004655.pkl,train
finedance_075_0004655_0005236,music_wav/075.wav,4655,5236,3421425,3848460,audio/finedance_075_0004655_0005236.wav,finedance_075_0004655_0005236.pkl,train
finedance_075_0005236_0005817,music_wav/075.wav,5236,5817,3848460,4275495,audio/finedance_075_0005236_0005817.wav,finedance_075_0005236_0005817.pkl,train
finedance_075_0005817_0006398,music_wav/075.wav,5817,6398,4275495,4702530,audio/finedance_075_0005817_0006398.wav,finedance_075_0005817_0006398.pkl,train
finedance_075_0006398_0006979,music_wav/075.wav,6398,6979,4702530,5129565,audio/finedance_075_0006398_0006979.wav,finedance_075_0006398_0006979.pkl,train
finedance_075_0006979_0007560,music_wav/075.wav,6979,7560,5129565,5556600,audio/finedance_075_0006979_0007560.wav,finedance_075_0006979_0007560.pkl,train
finedance_076_0000000_0000580,music_wav/076.wav,0,580,0,426300,audio/finedance_076_0000000_0000580.wav,finedance_076_0000000_0000580.pkl,train
finedance_076_0000580_0001160,music_wav/076.wav,580,1160,426300,852600,audio/finedance_076_0000580_0001160.wav,finedance_076_0000580_0001160.pkl,train
finedance_076_0001160_0001740,music_wav/076.wav,1160,1740,852600,1278900,audio/finedance_076_0001160_0001740.wav,finedance_076_0001160_0001740.pkl,train
finedance_076_0001740_0002320,music_wav/076.wav,1740,2320,1278900,1705200,audio/finedance_076_0001740_0002320.wav,finedance_076_0001740_0002320.pkl,train
finedance_076_0002320_0002900,music_wav/076.wav,2320,2900,1705200,2131500,audio/finedance_076_0002320_0002900.wav,finedance_076_0002320_0002900.pkl,train
finedance_076_0002900_0003480,music_wav/076.wav,2900,3480,2131500,2557800,audio/finedance_076_0002900_0003480.wav,finedance_076_0002900_0003480.pkl,train
finedance_076_0003480_0004060,music_wav/076.wav,3480,4060,2557800,2984100,audio/finedance_076_0003480_0004060.wav,finedance_076_0003480_0004060.pkl,train
finedance_076_0004060_0004640,music_wav/076.wav,4060,4640,2984100,3410400,audio/finedance_076_0004060_0004640.wav,finedance_076_0004060_0004640.pkl,train
finedance_076_0004640_0005220,music_wav/076.wav,4640,5220,3410400,3836700,audio/finedance_076_0004640_0005220.wav,finedance_076_0004640_0005220.pkl,train
finedance_076_0005220_0005800,music_wav/076.wav,5220,5800,3836700,4263000,audio/finedance_076_0005220_0005800.wav,finedance_076_0005220_0005800.pkl,train
finedance_076_0005800_0006380,music_wav/076.wav,5800,6380,4263000,4689300,audio/finedance_076_0005800_0006380.wav,finedance_076_0005800_0006380.pkl,train
finedance_076_0006380_0006960,music_wav/076.wav,6380,6960,4689300,5115600,audio/finedance_076_0006380_0006960.wav,finedance_076_0006380_0006960.pkl,train
finedance_076_0006960_0007540,music_wav/076.wav,6960,7540,5115600,5541900,audio/finedance_076_0006960_0007540.wav,finedance_076_0006960_0007540.pkl,train
finedance_077_0000000_0000606,music_wav/077.wav,0,606,0,445410,audio/finedance_077_0000000_0000606.wav,finedance_077_0000000_0000606.pkl,train
finedance_077_0000606_0001212,music_wav/077.wav,606,1212,445410,890820,audio/finedance_077_0000606_0001212.wav,finedance_077_0000606_0001212.pkl,train
finedance_077_0001212_0001818,music_wav/077.wav,1212,1818,890820,1336230,audio/finedance_077_0001212_0001818.wav,finedance_077_0001212_0001818.pkl,train
finedance_077_0001818_0002424,music_wav/077.wav,1818,2424,1336230,1781640,audio/finedance_077_0001818_0002424.wav,finedance_077_0001818_0002424.pkl,train
finedance_077_0002424_0003030,music_wav/077.wav,2424,3030,1781640,2227050,audio/finedance_077_0002424_0003030.wav,finedance_077_0002424_0003030.pkl,train
finedance_077_0003030_0003636,music_wav/077.wav,3030,3636,2227050,2672460,audio/finedance_077_0003030_0003636.wav,finedance_077_0003030_0003636.pkl,train
finedance_077_0003636_0004242,music_wav/077.wav,3636,4242,2672460,3117870,audio/finedance_077_0003636_0004242.wav,finedance_077_0003636_0004242.pkl,train
finedance_077_0004242_0004848,music_wav/077.wav,4242,4848,3117870,3563280,audio/finedance_077_0004242_0004848.wav,finedance_077_0004242_0004848.pkl,train
finedance_077_0004848_0005454,music_wav/077.wav,4848,5454,3563280,4008690,audio/finedance_077_0004848_0005454.wav,finedance_077_0004848_0005454.pkl,train
finedance_077_0005454_0006060,music_wav/077.wav,5454,6060,4008690,4454100,audio/finedance_077_0005454_0006060.wav,finedance_077_0005454_0006060.pkl,train
finedance_077_0006060_0006666,music_wav/077.wav,6060,6666,4454100,4899510,audio/finedance_077_0006060_0006666.wav,finedance_077_0006060_0006666.pkl,train
finedance_077_0006666_0007272,music_wav/077.wav,6666,7272,4899510,5344920,audio/finedance_077_0006666_0007272.wav,finedance_077_0006666_0007272.pkl,train
finedance_077_0007272_0007878,music_wav/077.wav,7272,7878,5344920,5790330,audio/finedance_077_0007272_0007878.wav,finedance_077_0007272_0007878.pkl,train
finedance_077_0007878_0008484,music_wav/077.wav,7878,8484,5790330,6235740,audio/finedance_077_0007878_0008484.wav,finedance_077_0007878_0008484.pkl,train
finedance_077_0008484_0009090,music_wav/077.wav,8484,9090,6235740,6681150,audio/finedance_077_0008484_0009090.wav,finedance_077_0008484_0009090.pkl,train
finedance_077_0009090_0009696,music_wav/077.wav,9090,9696,6681150,7126560,audio/finedance_077_0009090_0009696.wav,finedance_077_0009090_0009696.pkl,train
finedance_077_0009696_0010302,music_wav/077.wav,9696,10302,7126560,7571970,audio/finedance_077_0009696_0010302.wav,finedance_077_0009696_0010302.pkl,train
finedance_077_0010302_0010908,music_wav/077.wav,10302,10908,7571970,8017380,audio/finedance_077_0010302_0010908.wav,finedance_077_0010302_0010908.pkl,train
finedance_077_0010908_0011513,music_wav/077.wav,10908,11513,8017380,8462055,audio/finedance_077_0010908_0011513.wav,finedance_077_0010908_0011513.pkl,train
finedance_077_0011513_0012118,music_wav/077.wav,11513,12118,8462055,8906730,audio/finedance_077_0011513_0012118.wav,finedance_077_0011513_0012118.pkl,train
finedance_077_0012118_0012723,music_wav/077.wav,12118,12723,8906730,9351405,audio/finedance_077_0012118_0012723.wav,finedance_077_0012118_0012723.pkl,train
finedance_077_0012723_0013328,music_wav/077.wav,12723,13328,9351405,9796080,audio/finedance_077_0012723_0013328.wav,finedance_077_0012723_0013328.pkl,train
finedance_077_0013328_0013933,music_wav/077.wav,13328,13933,9796080,10240755,audio/finedance_077_0013328_0013933.wav,finedance_077_0013328_0013933.pkl,train
finedance_077_0013933_0014538,music_wav/077.wav,13933,14538,10240755,10685430,audio/finedance_077_0013933_0014538.wav,finedance_077_0013933_0014538.pkl,train
finedance_078_0000000_0000592,music_wav/078.wav,0,592,0,435120,audio/finedance_078_0000000_0000592.wav,finedance_078_0000000_0000592.pkl,train
finedance_078_0000592_0001184,music_wav/078.wav,592,1184,435120,870240,audio/finedance_078_0000592_0001184.wav,finedance_078_0000592_0001184.pkl,train
finedance_078_0001184_0001776,music_wav/078.wav,1184,1776,870240,1305360,audio/finedance_078_0001184_0001776.wav,finedance_078_0001184_0001776.pkl,train
finedance_078_0001776_0002367,music_wav/078.wav,1776,2367,1305360,1739745,audio/finedance_078_0001776_0002367.wav,finedance_078_0001776_0002367.pkl,train
finedance_078_0002367_0002958,music_wav/078.wav,2367,2958,1739745,2174130,audio/finedance_078_0002367_0002958.wav,finedance_078_0002367_0002958.pkl,train
finedance_078_0002958_0003549,music_wav/078.wav,2958,3549,2174130,2608515,audio/finedance_078_0002958_0003549.wav,finedance_078_0002958_0003549.pkl,train
finedance_078_0003549_0004140,music_wav/078.wav,3549,4140,2608515,3042900,audio/finedance_078_0003549_0004140.wav,finedance_078_0003549_0004140.pkl,train
finedance_078_0004140_0004731,music_wav/078.wav,4140,4731,3042900,3477285,audio/finedance_078_0004140_0004731.wav,finedance_078_0004140_0004731.pkl,train
finedance_078_0004731_0005322,music_wav/078.wav,4731,5322,3477285,3911670,audio/finedance_078_0004731_0005322.wav,finedance_078_0004731_0005322.pkl,train
finedance_078_0005322_0005913,music_wav/078.wav,5322,5913,3911670,4346055,audio/finedance_078_0005322_0005913.wav,finedance_078_0005322_0005913.pkl,train
finedance_078_0005913_0006504,music_wav/078.wav,5913,6504,4346055,4780440,audio/finedance_078_0005913_0006504.wav,finedance_078_0005913_0006504.pkl,train
finedance_078_0006504_0007095,music_wav/078.wav,6504,7095,4780440,5214825,audio/finedance_078_0006504_0007095.wav,finedance_078_0006504_0007095.pkl,train
finedance_078_0007095_0007686,music_wav/078.wav,7095,7686,5214825,5649210,audio/finedance_078_0007095_0007686.wav,finedance_078_0007095_0007686.pkl,train
finedance_078_0007686_0008277,music_wav/078.wav,7686,8277,5649210,6083595,audio/finedance_078_0007686_0008277.wav,finedance_078_0007686_0008277.pkl,train
finedance_078_0008277_0008868,music_wav/078.wav,8277,8868,6083595,6517980,audio/finedance_078_0008277_0008868.wav,finedance_078_0008277_0008868.pkl,train
finedance_078_0008868_0009459,music_wav/078.wav,8868,9459,6517980,6952365,audio/finedance_078_0008868_0009459.wav,finedance_078_0008868_0009459.pkl,train
finedance_079_0000000_0000605,music_wav/079.wav,0,605,0,444675,audio/finedance_079_0000000_0000605.wav,finedance_079_0000000_0000605.pkl,train
finedance_079_0000605_0001210,music_wav/079.wav,605,1210,444675,889350,audio/finedance_079_0000605_0001210.wav,finedance_079_0000605_0001210.pkl,train
finedance_079_0001210_0001815,music_wav/079.wav,1210,1815,889350,1334025,audio/finedance_079_0001210_0001815.wav,finedance_079_0001210_0001815.pkl,train
finedance_079_0001815_0002420,music_wav/079.wav,1815,2420,1334025,1778700,audio/finedance_079_0001815_0002420.wav,finedance_079_0001815_0002420.pkl,train
finedance_079_0002420_0003025,music_wav/079.wav,2420,3025,1778700,2223375,audio/finedance_079_0002420_0003025.wav,finedance_079_0002420_0003025.pkl,train
finedance_079_0003025_0003630,music_wav/079.wav,3025,3630,2223375,2668050,audio/finedance_079_0003025_0003630.wav,finedance_079_0003025_0003630.pkl,train
finedance_079_0003630_0004235,music_wav/079.wav,3630,4235,2668050,3112725,audio/finedance_079_0003630_0004235.wav,finedance_079_0003630_0004235.pkl,train
finedance_079_0004235_0004840,music_wav/079.wav,4235,4840,3112725,3557400,audio/finedance_079_0004235_0004840.wav,finedance_079_0004235_0004840.pkl,train
finedance_079_0004840_0005445,music_wav/079.wav,4840,5445,3557400,4002075,audio/finedance_079_0004840_0005445.wav,finedance_079_0004840_0005445.pkl,train
finedance_079_0005445_0006050,music_wav/079.wav,5445,6050,4002075,4446750,audio/finedance_079_0005445_0006050.wav,finedance_079_0005445_0006050.pkl,train
finedance_079_0006050_0006654,music_wav/079.wav,6050,6654,4446750,4890690,audio/finedance_079_0006050_0006654.wav,finedance_079_0006050_0006654.pkl,train
finedance_079_0006654_0007258,music_wav/079.wav,6654,7258,4890690,5334630,audio/finedance_079_0006654_0007258.wav,finedance_079_0006654_0007258.pkl,train
finedance_080_0000000_0000608,music_wav/080.wav,0,608,0,446880,audio/finedance_080_0000000_0000608.wav,finedance_080_0000000_0000608.pkl,train
finedance_080_0000608_0001216,music_wav/080.wav,608,1216,446880,893760,audio/finedance_080_0000608_0001216.wav,finedance_080_0000608_0001216.pkl,train
finedance_080_0001216_0001823,music_wav/080.wav,1216,1823,893760,1339905,audio/finedance_080_0001216_0001823.wav,finedance_080_0001216_0001823.pkl,train
finedance_080_0001823_0002430,music_wav/080.wav,1823,2430,1339905,1786050,audio/finedance_080_0001823_0002430.wav,finedance_080_0001823_0002430.pkl,train
finedance_080_0002430_0003037,music_wav/080.wav,2430,3037,1786050,2232195,audio/finedance_080_0002430_0003037.wav,finedance_080_0002430_0003037.pkl,train
finedance_080_0003037_0003644,music_wav/080.wav,3037,3644,2232195,2678340,audio/finedance_080_0003037_0003644.wav,finedance_080_0003037_0003644.pkl,train
finedance_080_0003644_0004251,music_wav/080.wav,3644,4251,2678340,3124485,audio/finedance_080_0003644_0004251.wav,finedance_080_0003644_0004251.pkl,train
finedance_080_0004251_0004858,music_wav/080.wav,4251,4858,3124485,3570630,audio/finedance_080_0004251_0004858.wav,finedance_080_0004251_0004858.pkl,train
finedance_080_0004858_0005465,music_wav/080.wav,4858,5465,3570630,4016775,audio/finedance_080_0004858_0005465.wav,finedance_080_0004858_0005465.pkl,train
finedance_080_0005465_0006072,music_wav/080.wav,5465,6072,4016775,4462920,audio/finedance_080_0005465_0006072.wav,finedance_080_0005465_0006072.pkl,train
finedance_080_0006072_0006679,music_wav/080.wav,6072,6679,4462920,4909065,audio/finedance_080_0006072_0006679.wav,finedance_080_0006072_0006679.pkl,train
finedance_080_0006679_0007286,music_wav/080.wav,6679,7286,4909065,5355210,audio/finedance_080_0006679_0007286.wav,finedance_080_0006679_0007286.pkl,train
finedance_080_0007286_0007893,music_wav/080.wav,7286,7893,5355210,5801355,audio/finedance_080_0007286_0007893.wav,finedance_080_0007286_0007893.pkl,train
finedance_080_0007893_0008500,music_wav/080.wav,7893,8500,5801355,6247500,audio/finedance_080_0007893_0008500.wav,finedance_080_0007893_0008500.pkl,train
finedance_080_0008500_0009107,music_wav/080.wav,8500,9107,6247500,6693645,audio/finedance_080_0008500_0009107.wav,finedance_080_0008500_0009107.pkl,train
finedance_080_0009107_0009714,music_wav/080.wav,9107,9714,6693645,7139790,audio/finedance_080_0009107_0009714.wav,finedance_080_0009107_0009714.pkl,train
finedance_081_0000000_0000601,music_wav/081.wav,0,601,0,441735,audio/finedance_081_0000000_0000601.wav,finedance_081_0000000_0000601.pkl,train
finedance_081_0000601_0001202,music_wav/081.wav,601,1202,441735,883470,audio/finedance_081_0000601_0001202.wav,finedance_081_0000601_0001202.pkl,train
finedance_081_0001202_0001803,music_wav/081.wav,1202,1803,883470,1325205,audio/finedance_081_0001202_0001803.wav,finedance_081_0001202_0001803.pkl,train
finedance_081_0001803_0002404,music_wav/081.wav,1803,2404,1325205,1766940,audio/finedance_081_0001803_0002404.wav,finedance_081_0001803_0002404.pkl,train
finedance_081_0002404_0003005,music_wav/081.wav,2404,3005,1766940,2208675,audio/finedance_081_0002404_0003005.wav,finedance_081_0002404_0003005.pkl,train
finedance_081_0003005_0003606,music_wav/081.wav,3005,3606,2208675,2650410,audio/finedance_081_0003005_0003606.wav,finedance_081_0003005_0003606.pkl,train
finedance_081_0003606_0004207,music_wav/081.wav,3606,4207,2650410,3092145,audio/finedance_081_0003606_0004207.wav,finedance_081_0003606_0004207.pkl,train
finedance_081_0004207_0004808,music_wav/081.wav,4207,4808,3092145,3533880,audio/finedance_081_0004207_0004808.wav,finedance_081_0004207_0004808.pkl,train
finedance_081_0004808_0005409,music_wav/081.wav,4808,5409,3533880,3975615,audio/finedance_081_0004808_0005409.wav,finedance_081_0004808_0005409.pkl,train
finedance_081_0005409_0006010,music_wav/081.wav,5409,6010,3975615,4417350,audio/finedance_081_0005409_0006010.wav,finedance_081_0005409_0006010.pkl,train
finedance_081_0006010_0006611,music_wav/081.wav,6010,6611,4417350,4859085,audio/finedance_081_0006010_0006611.wav,finedance_081_0006010_0006611.pkl,train
finedance_081_0006611_0007212,music_wav/081.wav,6611,7212,4859085,5300820,audio/finedance_081_0006611_0007212.wav,finedance_081_0006611_0007212.pkl,train
finedance_081_0007212_0007812,music_wav/081.wav,7212,7812,5300820,5741820,audio/finedance_081_0007212_0007812.wav,finedance_081_0007212_0007812.pkl,train
finedance_082_0000000_0000604,music_wav/082.wav,0,604,0,443940,audio/finedance_082_0000000_0000604.wav,finedance_082_0000000_0000604.pkl,train
finedance_082_0000604_0001208,music_wav/082.wav,604,1208,443940,887880,audio/finedance_082_0000604_0001208.wav,finedance_082_0000604_0001208.pkl,train
finedance_082_0001208_0001812,music_wav/082.wav,1208,1812,887880,1331820,audio/finedance_082_0001208_0001812.wav,finedance_082_0001208_0001812.pkl,train
finedance_082_0001812_0002416,music_wav/082.wav,1812,2416,1331820,1775760,audio/finedance_082_0001812_0002416.wav,finedance_082_0001812_0002416.pkl,train
finedance_082_0002416_0003020,music_wav/082.wav,2416,3020,1775760,2219700,audio/finedance_082_0002416_0003020.wav,finedance_082_0002416_0003020.pkl,train
finedance_082_0003020_0003624,music_wav/082.wav,3020,3624,2219700,2663640,audio/finedance_082_0003020_0003624.wav,finedance_082_0003020_0003624.pkl,train
finedance_082_0003624_0004228,music_wav/082.wav,3624,4228,2663640,3107580,audio/finedance_082_0003624_0004228.wav,finedance_082_0003624_0004228.pkl,train
finedance_082_0004228_0004832,music_wav/082.wav,4228,4832,3107580,3551520,audio/finedance_082_0004228_0004832.wav,finedance_082_0004228_0004832.pkl,train
finedance_082_0004832_0005435,music_wav/082.wav,4832,5435,3551520,3994725,audio/finedance_082_0004832_0005435.wav,finedance_082_0004832_0005435.pkl,train
finedance_082_0005435_0006038,music_wav/082.wav,5435,6038,3994725,4437930,audio/finedance_082_0005435_0006038.wav,finedance_082_0005435_0006038.pkl,train
finedance_082_0006038_0006641,music_wav/082.wav,6038,6641,4437930,4881135,audio/finedance_082_0006038_0006641.wav,finedance_082_0006038_0006641.pkl,train
finedance_082_0006641_0007244,music_wav/082.wav,6641,7244,4881135,5324340,audio/finedance_082_0006641_0007244.wav,finedance_082_0006641_0007244.pkl,train
finedance_082_0007244_0007847,music_wav/082.wav,7244,7847,5324340,5767545,audio/finedance_082_0007244_0007847.wav,finedance_082_0007244_0007847.pkl,train
finedance_082_0007847_0008450,music_wav/082.wav,7847,8450,5767545,6210750,audio/finedance_082_0007847_0008450.wav,finedance_082_0007847_0008450.pkl,train
finedance_082_0008450_0009053,music_wav/082.wav,8450,9053,6210750,6653955,audio/finedance_082_0008450_0009053.wav,finedance_082_0008450_0009053.pkl,train
finedance_082_0009053_0009656,music_wav/082.wav,9053,9656,6653955,7097160,audio/finedance_082_0009053_0009656.wav,finedance_082_0009053_0009656.pkl,train
finedance_082_0009656_0010259,music_wav/082.wav,9656,10259,7097160,7540365,audio/finedance_082_0009656_0010259.wav,finedance_082_0009656_0010259.pkl,train
finedance_082_0010259_0010862,music_wav/082.wav,10259,10862,7540365,7983570,audio/finedance_082_0010259_0010862.wav,finedance_082_0010259_0010862.pkl,train
finedance_082_0010862_0011465,music_wav/082.wav,10862,11465,7983570,8426775,audio/finedance_082_0010862_0011465.wav,finedance_082_0010862_0011465.pkl,train
finedance_082_0011465_0012068,music_wav/082.wav,11465,12068,8426775,8869980,audio/finedance_082_0011465_0012068.wav,finedance_082_0011465_0012068.pkl,train
finedance_082_0012068_0012671,music_wav/082.wav,12068,12671,8869980,9313185,audio/finedance_082_0012068_0012671.wav,finedance_082_0012068_0012671.pkl,train
finedance_082_0012671_0013274,music_wav/082.wav,12671,13274,9313185,9756390,audio/finedance_082_0012671_0013274.wav,finedance_082_0012671_0013274.pkl,train
finedance_083_0000000_0000610,music_wav/083.wav,0,610,0,448350,audio/finedance_083_0000000_0000610.wav,finedance_083_0000000_0000610.pkl,train
finedance_083_0000610_0001220,music_wav/083.wav,610,1220,448350,896700,audio/finedance_083_0000610_0001220.wav,finedance_083_0000610_0001220.pkl,train
finedance_083_0001220_0001830,music_wav/083.wav,1220,1830,896700,1345050,audio/finedance_083_0001220_0001830.wav,finedance_083_0001220_0001830.pkl,train
finedance_083_0001830_0002440,music_wav/083.wav,1830,2440,1345050,1793400,audio/finedance_083_0001830_0002440.wav,finedance_083_0001830_0002440.pkl,train
finedance_083_0002440_0003050,music_wav/083.wav,2440,3050,1793400,2241750,audio/finedance_083_0002440_0003050.wav,finedance_083_0002440_0003050.pkl,train
finedance_083_0003050_0003660,music_wav/083.wav,3050,3660,2241750,2690100,audio/finedance_083_0003050_0003660.wav,,train
finedance_083_0003660_0004270,music_wav/083.wav,3660,4270,2690100,3138450,audio/finedance_083_0003660_0004270.wav,finedance_083_0003660_0004270.pkl,train
finedance_083_0004270_0004880,music_wav/083.wav,4270,4880,3138450,3586800,audio/finedance_083_0004270_0004880.wav,finedance_083_0004270_0004880.pkl,train
finedance_083_0004880_0005490,music_wav/083.wav,4880,5490,3586800,4035150,audio/finedance_083_0004880_0005490.wav,finedance_083_0004880_0005490.pkl,train
finedance_083_0005490_0006100,music_wav/083.wav,5490,6100,4035150,4483500,audio/finedance_083_0005490_0006100.wav,finedance_083_0005490_0006100.pkl,train
finedance_083_0006100_0006710,music_wav/083.wav,6100,6710,4483500,4931850,audio/finedance_083_0006100_0006710.wav,finedance_083_0006100_0006710.pkl,train
finedance_083_0006710_0007320,music_wav/083.wav,6710,7320,4931850,5380200,audio/finedance_083_0006710_0007320.wav,finedance_083_0006710_0007320.pkl,train
finedance_083_0007320_0007930,music_wav/083.wav,7320,7930,5380200,5828550,audio/finedance_083_0007320_0007930.wav,finedance_083_0007320_0007930.pkl,train
finedance_083_0007930_0008540,music_wav/083.wav,7930,8540,5828550,6276900,audio/finedance_083_0007930_0008540.wav,finedance_083_0007930_0008540.pkl,train
finedance_083_0008540_0009150,music_wav/083.wav,8540,9150,6276900,6725250,audio/finedance_083_0008540_0009150.wav,finedance_083_0008540_0009150.pkl,train
finedance_083_0009150_0009760,music_wav/083.wav,9150,9760,6725250,7173600,audio/finedance_083_0009150_0009760.wav,finedance_083_0009150_0009760.pkl,train
finedance_083_0009760_0010370,music_wav/083.wav,9760,10370,7173600,7621950,audio/finedance_083_0009760_0010370.wav,finedance_083_0009760_0010370.pkl,train
finedance_083_0010370_0010980,music_wav/083.wav,10370,10980,7621950,8070300,audio/finedance_083_0010370_0010980.wav,finedance_083_0010370_0010980.pkl,train
finedance_083_0010980_0011590,music_wav/083.wav,10980,11590,8070300,8518650,audio/finedance_083_0010980_0011590.wav,finedance_083_0010980_0011590.pkl,train
finedance_083_0011590_0012200,music_wav/083.wav,11590,12200,8518650,8967000,audio/finedance_083_0011590_0012200.wav,finedance_083_0011590_0012200.pkl,train
finedance_083_0012200_0012810,music_wav/083.wav,12200,12810,8967000,9415350,audio/finedance_083_0012200_0012810.wav,finedance_083_0012200_0012810.pkl,train
finedance_083_0012810_0013420,music_wav/083.wav,12810,13420,9415350,9863700,audio/finedance_083_0012810_0013420.wav,finedance_083_0012810_0013420.pkl,train
finedance_083_0013420_0014030,music_wav/083.wav,13420,14030,9863700,10312050,audio/finedance_083_0013420_0014030.wav,finedance_083_0013420_0014030.pkl,train
finedance_083_0014030_0014640,music_wav/083.wav,14030,14640,10312050,10760400,audio/finedance_083_0014030_0014640.wav,finedance_083_0014030_0014640.pkl,train
finedance_084_0000000_0000616,music_wav/084.wav,0,616,0,452760,audio/finedance_084_0000000_0000616.wav,finedance_084_0000000_0000616.pkl,train
finedance_084_0000616_0001232,music_wav/084.wav,616,1232,452760,905520,audio/finedance_084_0000616_0001232.wav,finedance_084_0000616_0001232.pkl,train
finedance_084_0001232_0001847,music_wav/084.wav,1232,1847,905520,1357545,audio/finedance_084_0001232_0001847.wav,finedance_084_0001232_0001847.pkl,train
finedance_084_0001847_0002462,music_wav/084.wav,1847,2462,1357545,1809570,audio/finedance_084_0001847_0002462.wav,finedance_084_0001847_0002462.pkl,train
finedance_085_0000000_0000582,music_wav/085.wav,0,582,0,427770,audio/finedance_085_0000000_0000582.wav,finedance_085_0000000_0000582.pkl,train
finedance_085_0000582_0001164,music_wav/085.wav,582,1164,427770,855540,audio/finedance_085_0000582_0001164.wav,finedance_085_0000582_0001164.pkl,train
finedance_085_0001164_0001746,music_wav/085.wav,1164,1746,855540,1283310,audio/finedance_085_0001164_0001746.wav,finedance_085_0001164_0001746.pkl,train
finedance_085_0001746_0002328,music_wav/085.wav,1746,2328,1283310,1711080,audio/finedance_085_0001746_0002328.wav,finedance_085_0001746_0002328.pkl,train
finedance_086_0000000_0000546,music_wav/086.wav,0,546,0,401310,audio/finedance_086_0000000_0000546.wav,finedance_086_0000000_0000546.pkl,train
finedance_086_0000546_0001092,music_wav/086.wav,546,1092,401310,802620,audio/finedance_086_0000546_0001092.wav,finedance_086_0000546_0001092.pkl,train
finedance_086_0001092_0001638,music_wav/086.wav,1092,1638,802620,1203930,audio/finedance_086_0001092_0001638.wav,finedance_086_0001092_0001638.pkl,train
finedance_086_0001638_0002183,music_wav/086.wav,1638,2183,1203930,1604505,audio/finedance_086_0001638_0002183.wav,finedance_086_0001638_0002183.pkl,train
finedance_086_0002183_0002728,music_wav/086.wav,2183,2728,1604505,2005080,audio/finedance_086_0002183_0002728.wav,finedance_086_0002183_0002728.pkl,train
finedance_087_0000000_0000586,music_wav/087.wav,0,586,0,430710,audio/finedance_087_0000000_0000586.wav,finedance_087_0000000_0000586.pkl,train
finedance_087_0000586_0001172,music_wav/087.wav,586,1172,430710,861420,audio/finedance_087_0000586_0001172.wav,finedance_087_0000586_0001172.pkl,train
finedance_087_0001172_0001758,music_wav/087.wav,1172,1758,861420,1292130,audio/finedance_087_0001172_0001758.wav,,train
finedance_087_0001758_0002344,music_wav/087.wav,1758,2344,1292130,1722840,audio/finedance_087_0001758_0002344.wav,finedance_087_0001758_0002344.pkl,train
finedance_087_0002344_0002930,music_wav/087.wav,2344,2930,1722840,2153550,audio/finedance_087_0002344_0002930.wav,finedance_087_0002344_0002930.pkl,train
finedance_087_0002930_0003516,music_wav/087.wav,2930,3516,2153550,2584260,audio/finedance_087_0002930_0003516.wav,finedance_087_0002930_0003516.pkl,train
finedance_087_0003516_0004102,music_wav/087.wav,3516,4102,2584260,3014970,audio/finedance_087_0003516_0004102.wav,finedance_087_0003516_0004102.pkl,train
finedance_087_0004102_0004687,music_wav/087.wav,4102,4687,3014970,3444945,audio/finedance_087_0004102_0004687.wav,finedance_087_0004102_0004687.pkl,train
finedance_087_0004687_0005272,music_wav/087.wav,4687,5272,3444945,3874920,audio/finedance_087_0004687_0005272.wav,finedance_087_0004687_0005272.pkl,train
finedance_087_0005272_0005857,music_wav/087.wav,5272,5857,3874920,4304895,audio/finedance_087_0005272_0005857.wav,finedance_087_0005272_0005857.pkl,train
finedance_087_0005857_0006442,music_wav/087.wav,5857,6442,4304895,4734870,audio/finedance_087_0005857_0006442.wav,finedance_087_0005857_0006442.pkl,train
finedance_087_0006442_0007027,music_wav/087.wav,6442,7027,4734870,5164845,audio/finedance_087_0006442_0007027.wav,finedance_087_0006442_0007027.pkl,train
finedance_087_0007027_0007612,music_wav/087.wav,7027,7612,5164845,5594820,audio/finedance_087_0007027_0007612.wav,finedance_087_0007027_0007612.pkl,train
finedance_088_0000000_0000607,music_wav/088.wav,0,607,0,446145,audio/finedance_088_0000000_0000607.wav,finedance_088_0000000_0000607.pkl,train
finedance_088_0000607_0001214,music_wav/088.wav,607,1214,446145,892290,audio/finedance_088_0000607_0001214.wav,finedance_088_0000607_0001214.pkl,train
finedance_088_0001214_0001821,music_wav/088.wav,1214,1821,892290,1338435,audio/finedance_088_0001214_0001821.wav,finedance_088_0001214_0001821.pkl,train
finedance_088_0001821_0002428,music_wav/088.wav,1821,2428,1338435,1784580,audio/finedance_088_0001821_0002428.wav,finedance_088_0001821_0002428.pkl,train
finedance_089_0000000_0000586,music_wav/089.wav,0,586,0,430710,audio/finedance_089_0000000_0000586.wav,finedance_089_0000000_0000586.pkl,train
finedance_089_0000586_0001172,music_wav/089.wav,586,1172,430710,861420,audio/finedance_089_0000586_0001172.wav,finedance_089_0000586_0001172.pkl,train
finedance_089_0001172_0001758,music_wav/089.wav,1172,1758,861420,1292130,audio/finedance_089_0001172_0001758.wav,finedance_089_0001172_0001758.pkl,train
finedance_089_0001758_0002344,music_wav/089.wav,1758,2344,1292130,1722840,audio/finedance_089_0001758_0002344.wav,finedance_089_0001758_0002344.pkl,train
finedance_089_0002344_0002930,music_wav/089.wav,2344,2930,1722840,2153550,audio/finedance_089_0002344_0002930.wav,finedance_089_0002344_0002930.pkl,train
finedance_089_0002930_0003515,music_wav/089.wav,2930,3515,2153550,2583525,audio/finedance_089_0002930_0003515.wav,finedance_089_0002930_0003515.pkl,train
finedance_089_0003515_0004100,music_wav/089.wav,3515,4100,2583525,3013500,audio/finedance_089_0003515_0004100.wav,finedance_089_0003515_0004100.pkl,train
finedance_090_0000000_0000566,music_wav/090.wav,0,566,0,416010,audio/finedance_090_0000000_0000566.wav,finedance_090_0000000_0000566.pkl,train
finedance_090_0000566_0001132,music_wav/090.wav,566,1132,416010,832020,audio/finedance_090_0000566_0001132.wav,finedance_090_0000566_0001132.pkl,train
finedance_090_0001132_0001697,music_wav/090.wav,1132,1697,832020,1247295,audio/finedance_090_0001132_0001697.wav,finedance_090_0001132_0001697.pkl,train
finedance_090_0001697_0002262,music_wav/090.wav,1697,2262,1247295,1662570,audio/finedance_090_0001697_0002262.wav,finedance_090_0001697_0002262.pkl,train
finedance_090_0002262_0002827,music_wav/090.wav,2262,2827,1662570,2077845,audio/finedance_090_0002262_0002827.wav,finedance_090_0002262_0002827.pkl,train
finedance_090_0002827_0003392,music_wav/090.wav,2827,3392,2077845,2493120,audio/finedance_090_0002827_0003392.wav,finedance_090_0002827_0003392.pkl,train
finedance_091_0000000_0000595,music_wav/091.wav,0,595,0,437325,audio/finedance_091_0000000_0000595.wav,finedance_091_0000000_0000595.pkl,train
finedance_091_0000595_0001190,music_wav/091.wav,595,1190,437325,874650,audio/finedance_091_0000595_0001190.wav,finedance_091_0000595_0001190.pkl,train
finedance_091_0001190_0001784,music_wav/091.wav,1190,1784,874650,1311240,audio/finedance_091_0001190_0001784.wav,finedance_091_0001190_0001784.pkl,train
finedance_091_0001784_0002378,music_wav/091.wav,1784,2378,1311240,1747830,audio/finedance_091_0001784_0002378.wav,finedance_091_0001784_0002378.pkl,train
finedance_091_0002378_0002972,music_wav/091.wav,2378,2972,1747830,2184420,audio/finedance_091_0002378_0002972.wav,finedance_091_0002378_0002972.pkl,train
finedance_091_0002972_0003566,music_wav/091.wav,2972,3566,2184420,2621010,audio/finedance_091_0002972_0003566.wav,finedance_091_0002972_0003566.pkl,train
finedance_091_0003566_0004160,music_wav/091.wav,3566,4160,2621010,3057600,audio/finedance_091_0003566_0004160.wav,finedance_091_0003566_0004160.pkl,train
finedance_092_0000000_0000621,music_wav/092.wav,0,621,0,456435,audio/finedance_092_0000000_0000621.wav,finedance_092_0000000_0000621.pkl,test
finedance_092_0000621_0001242,music_wav/092.wav,621,1242,456435,912870,audio/finedance_092_0000621_0001242.wav,finedance_092_0000621_0001242.pkl,test
finedance_092_0001242_0001862,music_wav/092.wav,1242,1862,912870,1368570,audio/finedance_092_0001242_0001862.wav,finedance_092_0001242_0001862.pkl,test
finedance_092_0001862_0002482,music_wav/092.wav,1862,2482,1368570,1824270,audio/finedance_092_0001862_0002482.wav,finedance_092_0001862_0002482.pkl,test
finedance_092_0002482_0003102,music_wav/092.wav,2482,3102,1824270,2279970,audio/finedance_092_0002482_0003102.wav,finedance_092_0002482_0003102.pkl,test
finedance_092_0003102_0003722,music_wav/092.wav,3102,3722,2279970,2735670,audio/finedance_092_0003102_0003722.wav,finedance_092_0003102_0003722.pkl,test
finedance_093_0000000_0000624,music_wav/093.wav,0,624,0,458640,audio/finedance_093_0000000_0000624.wav,finedance_093_0000000_0000624.pkl,train
finedance_093_0000624_0001248,music_wav/093.wav,624,1248,458640,917280,audio/finedance_093_0000624_0001248.wav,finedance_093_0000624_0001248.pkl,train
finedance_093_0001248_0001872,music_wav/093.wav,1248,1872,917280,1375920,audio/finedance_093_0001248_0001872.wav,finedance_093_0001248_0001872.pkl,train
finedance_093_0001872_0002496,music_wav/093.wav,1872,2496,1375920,1834560,audio/finedance_093_0001872_0002496.wav,finedance_093_0001872_0002496.pkl,train
finedance_093_0002496_0003119,music_wav/093.wav,2496,3119,1834560,2292465,audio/finedance_093_0002496_0003119.wav,finedance_093_0002496_0003119.pkl,train
finedance_093_0003119_0003742,music_wav/093.wav,3119,3742,2292465,2750370,audio/finedance_093_0003119_0003742.wav,finedance_093_0003119_0003742.pkl,train
finedance_094_0000000_0000618,music_wav/094.wav,0,618,0,454230,audio/finedance_094_0000000_0000618.wav,finedance_094_0000000_0000618.pkl,train
finedance_094_0000618_0001236,music_wav/094.wav,618,1236,454230,908460,audio/finedance_094_0000618_0001236.wav,finedance_094_0000618_0001236.pkl,train
finedance_094_0001236_0001853,music_wav/094.wav,1236,1853,908460,1361955,audio/finedance_094_0001236_0001853.wav,finedance_094_0001236_0001853.pkl,train
finedance_094_0001853_0002470,music_wav/094.wav,1853,2470,1361955,1815450,audio/finedance_094_0001853_0002470.wav,finedance_094_0001853_0002470.pkl,train
finedance_094_0002470_0003087,music_wav/094.wav,2470,3087,1815450,2268945,audio/finedance_094_0002470_0003087.wav,finedance_094_0002470_0003087.pkl,train
finedance_094_0003087_0003704,music_wav/094.wav,3087,3704,2268945,2722440,audio/finedance_094_0003087_0003704.wav,finedance_094_0003087_0003704.pkl,train
finedance_094_0003704_0004321,music_wav/094.wav,3704,4321,2722440,3175935,audio/finedance_094_0003704_0004321.wav,finedance_094_0003704_0004321.pkl,train
finedance_094_0004321_0004938,music_wav/094.wav,4321,4938,3175935,3629430,audio/finedance_094_0004321_0004938.wav,finedance_094_0004321_0004938.pkl,train
finedance_094_0004938_0005555,music_wav/094.wav,4938,5555,3629430,4082925,audio/finedance_094_0004938_0005555.wav,finedance_094_0004938_0005555.pkl,train
finedance_094_0005555_0006172,music_wav/094.wav,5555,6172,4082925,4536420,audio/finedance_094_0005555_0006172.wav,finedance_094_0005555_0006172.pkl,train
finedance_094_0006172_0006789,music_wav/094.wav,6172,6789,4536420,4989915,audio/finedance_094_0006172_0006789.wav,finedance_094_0006172_0006789.pkl,train
finedance_094_0006789_0007406,music_wav/094.wav,6789,7406,4989915,5443410,audio/finedance_094_0006789_0007406.wav,finedance_094_0006789_0007406.pkl,train
finedance_094_0007406_0008023,music_wav/094.wav,7406,8023,5443410,5896905,audio/finedance_094_0007406_0008023.wav,finedance_094_0007406_0008023.pkl,train
finedance_094_0008023_0008640,music_wav/094.wav,8023,8640,5896905,6350400,audio/finedance_094_0008023_0008640.wav,finedance_094_0008023_0008640.pkl,train
finedance_094_0008640_0009257,music_wav/094.wav,8640,9257,6350400,6803895,audio/finedance_094_0008640_0009257.wav,finedance_094_0008640_0009257.pkl,train
finedance_094_0009257_0009874,music_wav/094.wav,9257,9874,6803895,7257390,audio/finedance_094_0009257_0009874.wav,finedance_094_0009257_0009874.pkl,train
finedance_095_0000000_0000577,music_wav/095.wav,0,577,0,424095,audio/finedance_095_0000000_0000577.wav,finedance_095_0000000_0000577.pkl,train
finedance_095_0000577_0001154,music_wav/095.wav,577,1154,424095,848190,audio/finedance_095_0000577_0001154.wav,finedance_095_0000577_0001154.pkl,train
finedance_095_0001154_0001731,music_wav/095.wav,1154,1731,848190,1272285,audio/finedance_095_0001154_0001731.wav,finedance_095_0001154_0001731.pkl,train
finedance_095_0001731_0002308,music_wav/095.wav,1731,2308,1272285,1696380,audio/finedance_095_0001731_0002308.wav,finedance_095_0001731_0002308.pkl,train
finedance_095_0002308_0002885,music_wav/095.wav,2308,2885,1696380,2120475,audio/finedance_095_0002308_0002885.wav,finedance_095_0002308_0002885.pkl,train
finedance_095_0002885_0003462,music_wav/095.wav,2885,3462,2120475,2544570,audio/finedance_095_0002885_0003462.wav,finedance_095_0002885_0003462.pkl,train
finedance_095_0003462_0004039,music_wav/095.wav,3462,4039,2544570,2968665,audio/finedance_095_0003462_0004039.wav,finedance_095_0003462_0004039.pkl,train
finedance_095_0004039_0004616,music_wav/095.wav,4039,4616,2968665,3392760,audio/finedance_095_0004039_0004616.wav,finedance_095_0004039_0004616.pkl,train
finedance_095_0004616_0005193,music_wav/095.wav,4616,5193,3392760,3816855,audio/finedance_095_0004616_0005193.wav,finedance_095_0004616_0005193.pkl,train
finedance_095_0005193_0005770,music_wav/095.wav,5193,5770,3816855,4240950,audio/finedance_095_0005193_0005770.wav,finedance_095_0005193_0005770.pkl,train
finedance_095_0005770_0006346,music_wav/095.wav,5770,6346,4240950,4664310,audio/finedance_095_0005770_0006346.wav,finedance_095_0005770_0006346.pkl,train
finedance_095_0006346_0006922,music_wav/095.wav,6346,6922,4664310,5087670,audio/finedance_095_0006346_0006922.wav,finedance_095_0006346_0006922.pkl,train
finedance_096_0000000_0000590,music_wav/096.wav,0,590,0,433650,audio/finedance_096_0000000_0000590.wav,finedance_096_0000000_0000590.pkl,train
finedance_096_0000590_0001180,music_wav/096.wav,590,1180,433650,867300,audio/finedance_096_0000590_0001180.wav,finedance_096_0000590_0001180.pkl,train
finedance_096_0001180_0001770,music_wav/096.wav,1180,1770,867300,1300950,audio/finedance_096_0001180_0001770.wav,finedance_096_0001180_0001770.pkl,train
finedance_096_0001770_0002360,music_wav/096.wav,1770,2360,1300950,1734600,audio/finedance_096_0001770_0002360.wav,finedance_096_0001770_0002360.pkl,train
finedance_096_0002360_0002950,music_wav/096.wav,2360,2950,1734600,2168250,audio/finedance_096_0002360_0002950.wav,finedance_096_0002360_0002950.pkl,train
finedance_096_0002950_0003540,music_wav/096.wav,2950,3540,2168250,2601900,audio/finedance_096_0002950_0003540.wav,finedance_096_0002950_0003540.pkl,train
finedance_096_0003540_0004130,music_wav/096.wav,3540,4130,2601900,3035550,audio/finedance_096_0003540_0004130.wav,finedance_096_0003540_0004130.pkl,train
finedance_096_0004130_0004720,music_wav/096.wav,4130,4720,3035550,3469200,audio/finedance_096_0004130_0004720.wav,finedance_096_0004130_0004720.pkl,train
finedance_096_0004720_0005310,music_wav/096.wav,4720,5310,3469200,3902850,audio/finedance_096_0004720_0005310.wav,finedance_096_0004720_0005310.pkl,train
finedance_096_0005310_0005900,music_wav/096.wav,5310,5900,3902850,4336500,audio/finedance_096_0005310_0005900.wav,finedance_096_0005310_0005900.pkl,train
finedance_096_0005900_0006490,music_wav/096.wav,5900,6490,4336500,4770150,audio/finedance_096_0005900_0006490.wav,finedance_096_0005900_0006490.pkl,train
finedance_096_0006490_0007080,music_wav/096.wav,6490,7080,4770150,5203800,audio/finedance_096_0006490_0007080.wav,finedance_096_0006490_0007080.pkl,train
finedance_096_0007080_0007670,music_wav/096.wav,7080,7670,5203800,5637450,audio/finedance_096_0007080_0007670.wav,finedance_096_0007080_0007670.pkl,train
finedance_096_0007670_0008260,music_wav/096.wav,7670,8260,5637450,6071100,audio/finedance_096_0007670_0008260.wav,finedance_096_0007670_0008260.pkl,train
finedance_096_0008260_0008850,music_wav/096.wav,8260,8850,6071100,6504750,audio/finedance_096_0008260_0008850.wav,finedance_096_0008260_0008850.pkl,train
finedance_096_0008850_0009440,music_wav/096.wav,8850,9440,6504750,6938400,audio/finedance_096_0008850_0009440.wav,finedance_096_0008850_0009440.pkl,train
finedance_096_0009440_0010030,music_wav/096.wav,9440,10030,6938400,7372050,audio/finedance_096_0009440_0010030.wav,finedance_096_0009440_0010030.pkl,train
finedance_096_0010030_0010620,music_wav/096.wav,10030,10620,7372050,7805700,audio/finedance_096_0010030_0010620.wav,finedance_096_0010030_0010620.pkl,train
finedance_097_0000000_0000590,music_wav/097.wav,0,590,0,433650,audio/finedance_097_0000000_0000590.wav,finedance_097_0000000_0000590.pkl,train
finedance_097_0000590_0001180,music_wav/097.wav,590,1180,433650,867300,audio/finedance_097_0000590_0001180.wav,finedance_097_0000590_0001180.pkl,train
finedance_097_0001180_0001770,music_wav/097.wav,1180,1770,867300,1300950,audio/finedance_097_0001180_0001770.wav,finedance_097_0001180_0001770.pkl,train
finedance_097_0001770_0002360,music_wav/097.wav,1770,2360,1300950,1734600,audio/finedance_097_0001770_0002360.wav,finedance_097_0001770_0002360.pkl,train
finedance_097_0002360_0002950,music_wav/097.wav,2360,2950,1734600,2168250,audio/finedance_097_0002360_0002950.wav,finedance_097_0002360_0002950.pkl,train
finedance_097_0002950_0003540,music_wav/097.wav,2950,3540,2168250,2601900,audio/finedance_097_0002950_0003540.wav,finedance_097_0002950_0003540.pkl,train
finedance_097_0003540_0004130,music_wav/097.wav,3540,4130,2601900,3035550,audio/finedance_097_0003540_0004130.wav,finedance_097_0003540_0004130.pkl,train
finedance_097_0004130_0004720,music_wav/097.wav,4130,4720,3035550,3469200,audio/finedance_097_0004130_0004720.wav,finedance_097_0004130_0004720.pkl,train
finedance_097_0004720_0005309,music_wav/097.wav,4720,5309,3469200,3902115,audio/finedance_097_0004720_0005309.wav,finedance_097_0004720_0005309.pkl,train
finedance_097_0005309_0005898,music_wav/097.wav,5309,5898,3902115,4335030,audio/finedance_097_0005309_0005898.wav,finedance_097_0005309_0005898.pkl,train
finedance_097_0005898_0006487,music_wav/097.wav,5898,6487,4335030,4767945,audio/finedance_097_0005898_0006487.wav,finedance_097_0005898_0006487.pkl,train
finedance_097_0006487_0007076,music_wav/097.wav,6487,7076,4767945,5200860,audio/finedance_097_0006487_0007076.wav,finedance_097_0006487_0007076.pkl,train
finedance_097_0007076_0007665,music_wav/097.wav,7076,7665,5200860,5633775,audio/finedance_097_0007076_0007665.wav,finedance_097_0007076_0007665.pkl,train
finedance_097_0007665_0008254,music_wav/097.wav,7665,8254,5633775,6066690,audio/finedance_097_0007665_0008254.wav,finedance_097_0007665_0008254.pkl,train
finedance_097_0008254_0008843,music_wav/097.wav,8254,8843,6066690,6499605,audio/finedance_097_0008254_0008843.wav,finedance_097_0008254_0008843.pkl,train
finedance_097_0008843_0009432,music_wav/097.wav,8843,9432,6499605,6932520,audio/finedance_097_0008843_0009432.wav,finedance_097_0008843_0009432.pkl,train
finedance_097_0009432_0010021,music_wav/097.wav,9432,10021,6932520,7365435,audio/finedance_097_0009432_0010021.wav,finedance_097_0009432_0010021.pkl,train
finedance_097_0010021_0010610,music_wav/097.wav,10021,10610,7365435,7798350,audio/finedance_097_0010021_0010610.wav,finedance_097_0010021_0010610.pkl,train
finedance_097_0010610_0011199,music_wav/097.wav,10610,11199,7798350,8231265,audio/finedance_097_0010610_0011199.wav,finedance_097_0010610_0011199.pkl,train
finedance_097_0011199_0011788,music_wav/097.wav,11199,11788,8231265,8664180,audio/finedance_097_0011199_0011788.wav,finedance_097_0011199_0011788.pkl,train
finedance_098_0000000_0000596,music_wav/098.wav,0,596,0,438060,audio/finedance_098_0000000_0000596.wav,finedance_098_0000000_0000596.pkl,test
finedance_098_0000596_0001192,music_wav/098.wav,596,1192,438060,876120,audio/finedance_098_0000596_0001192.wav,finedance_098_0000596_0001192.pkl,test
finedance_098_0001192_0001788,music_wav/098.wav,1192,1788,876120,1314180,audio/finedance_098_0001192_0001788.wav,finedance_098_0001192_0001788.pkl,test
finedance_098_0001788_0002384,music_wav/098.wav,1788,2384,1314180,1752240,audio/finedance_098_0001788_0002384.wav,finedance_098_0001788_0002384.pkl,test
finedance_098_0002384_0002980,music_wav/098.wav,2384,2980,1752240,2190300,audio/finedance_098_0002384_0002980.wav,finedance_098_0002384_0002980.pkl,test
finedance_098_0002980_0003576,music_wav/098.wav,2980,3576,2190300,2628360,audio/finedance_098_0002980_0003576.wav,finedance_098_0002980_0003576.pkl,test
finedance_098_0003576_0004172,music_wav/098.wav,3576,4172,2628360,3066420,audio/finedance_098_0003576_0004172.wav,finedance_098_0003576_0004172.pkl,test
finedance_098_0004172_0004768,music_wav/098.wav,4172,4768,3066420,3504480,audio/finedance_098_0004172_0004768.wav,finedance_098_0004172_0004768.pkl,test
finedance_098_0004768_0005364,music_wav/098.wav,4768,5364,3504480,3942540,audio/finedance_098_0004768_0005364.wav,finedance_098_0004768_0005364.pkl,test
finedance_098_0005364_0005960,music_wav/098.wav,5364,5960,3942540,4380600,audio/finedance_098_0005364_0005960.wav,finedance_098_0005364_0005960.pkl,test
finedance_099_0000000_0000614,music_wav/099.wav,0,614,0,451290,audio/finedance_099_0000000_0000614.wav,finedance_099_0000000_0000614.pkl,train
finedance_099_0000614_0001228,music_wav/099.wav,614,1228,451290,902580,audio/finedance_099_0000614_0001228.wav,finedance_099_0000614_0001228.pkl,train
finedance_099_0001228_0001842,music_wav/099.wav,1228,1842,902580,1353870,audio/finedance_099_0001228_0001842.wav,finedance_099_0001228_0001842.pkl,train
finedance_099_0001842_0002456,music_wav/099.wav,1842,2456,1353870,1805160,audio/finedance_099_0001842_0002456.wav,finedance_099_0001842_0002456.pkl,train
finedance_099_0002456_0003070,music_wav/099.wav,2456,3070,1805160,2256450,audio/finedance_099_0002456_0003070.wav,finedance_099_0002456_0003070.pkl,train
finedance_099_0003070_0003684,music_wav/099.wav,3070,3684,2256450,2707740,audio/finedance_099_0003070_0003684.wav,finedance_099_0003070_0003684.pkl,train
finedance_099_0003684_0004298,music_wav/099.wav,3684,4298,2707740,3159030,audio/finedance_099_0003684_0004298.wav,finedance_099_0003684_0004298.pkl,train
finedance_099_0004298_0004912,music_wav/099.wav,4298,4912,3159030,3610320,audio/finedance_099_0004298_0004912.wav,finedance_099_0004298_0004912.pkl,train
finedance_099_0004912_0005526,music_wav/099.wav,4912,5526,3610320,4061610,audio/finedance_099_0004912_0005526.wav,finedance_099_0004912_0005526.pkl,train
finedance_099_0005526_0006140,music_wav/099.wav,5526,6140,4061610,4512900,audio/finedance_099_0005526_0006140.wav,finedance_099_0005526_0006140.pkl,train
finedance_099_0006140_0006753,music_wav/099.wav,6140,6753,4512900,4963455,audio/finedance_099_0006140_0006753.wav,finedance_099_0006140_0006753.pkl,train
finedance_099_0006753_0007366,music_wav/099.wav,6753,7366,4963455,5414010,audio/finedance_099_0006753_0007366.wav,finedance_099_0006753_0007366.pkl,train
finedance_099_0007366_0007979,music_wav/099.wav,7366,7979,5414010,5864565,audio/finedance_099_0007366_0007979.wav,finedance_099_0007366_0007979.pkl,train
finedance_099_0007979_0008592,music_wav/099.wav,7979,8592,5864565,6315120,audio/finedance_099_0007979_0008592.wav,finedance_099_0007979_0008592.pkl,train
finedance_099_0008592_0009205,music_wav/099.wav,8592,9205,6315120,6765675,audio/finedance_099_0008592_0009205.wav,finedance_099_0008592_0009205.pkl,train
finedance_099_0009205_0009818,music_wav/099.wav,9205,9818,6765675,7216230,audio/finedance_099_0009205_0009818.wav,finedance_099_0009205_0009818.pkl,train
finedance_099_0009818_0010431,music_wav/099.wav,9818,10431,7216230,7666785,audio/finedance_099_0009818_0010431.wav,finedance_099_0009818_0010431.pkl,train
finedance_099_0010431_0011044,music_wav/099.wav,10431,11044,7666785,8117340,audio/finedance_099_0010431_0011044.wav,finedance_099_0010431_0011044.pkl,train
finedance_100_0000000_0000608,music_wav/100.wav,0,608,0,446880,audio/finedance_100_0000000_0000608.wav,finedance_100_0000000_0000608.pkl,train
finedance_100_0000608_0001216,music_wav/100.wav,608,1216,446880,893760,audio/finedance_100_0000608_0001216.wav,finedance_100_0000608_0001216.pkl,train
finedance_100_0001216_0001824,music_wav/100.wav,1216,1824,893760,1340640,audio/finedance_100_0001216_0001824.wav,finedance_100_0001216_0001824.pkl,train
finedance_100_0001824_0002432,music_wav/100.wav,1824,2432,1340640,1787520,audio/finedance_100_0001824_0002432.wav,finedance_100_0001824_0002432.pkl,train
finedance_100_0002432_0003040,music_wav/100.wav,2432,3040,1787520,2234400,audio/finedance_100_0002432_0003040.wav,finedance_100_0002432_0003040.pkl,train
finedance_100_0003040_0003648,music_wav/100.wav,3040,3648,2234400,2681280,audio/finedance_100_0003040_0003648.wav,finedance_100_0003040_0003648.pkl,train
finedance_100_0003648_0004256,music_wav/100.wav,3648,4256,2681280,3128160,audio/finedance_100_0003648_0004256.wav,finedance_100_0003648_0004256.pkl,train
finedance_100_0004256_0004864,music_wav/100.wav,4256,4864,3128160,3575040,audio/finedance_100_0004256_0004864.wav,finedance_100_0004256_0004864.pkl,train
finedance_100_0004864_0005472,music_wav/100.wav,4864,5472,3575040,4021920,audio/finedance_100_0004864_0005472.wav,finedance_100_0004864_0005472.pkl,train
finedance_100_0005472_0006080,music_wav/100.wav,5472,6080,4021920,4468800,audio/finedance_100_0005472_0006080.wav,finedance_100_0005472_0006080.pkl,train
finedance_100_0006080_0006688,music_wav/100.wav,6080,6688,4468800,4915680,audio/finedance_100_0006080_0006688.wav,finedance_100_0006080_0006688.pkl,train
finedance_100_0006688_0007296,music_wav/100.wav,6688,7296,4915680,5362560,audio/finedance_100_0006688_0007296.wav,finedance_100_0006688_0007296.pkl,train
finedance_100_0007296_0007904,music_wav/100.wav,7296,7904,5362560,5809440,audio/finedance_100_0007296_0007904.wav,finedance_100_0007296_0007904.pkl,train
finedance_100_0007904_0008512,music_wav/100.wav,7904,8512,5809440,6256320,audio/finedance_100_0007904_0008512.wav,finedance_100_0007904_0008512.pkl,train
finedance_100_0008512_0009120,music_wav/100.wav,8512,9120,6256320,6703200,audio/finedance_100_0008512_0009120.wav,finedance_100_0008512_0009120.pkl,train
finedance_100_0009120_0009728,music_wav/100.wav,9120,9728,6703200,7150080,audio/finedance_100_0009120_0009728.wav,finedance_100_0009120_0009728.pkl,train
finedance_100_0009728_0010336,music_wav/100.wav,9728,10336,7150080,7596960,audio/finedance_100_0009728_0010336.wav,finedance_100_0009728_0010336.pkl,train
finedance_100_0010336_0010944,music_wav/100.wav,10336,10944,7596960,8043840,audio/finedance_100_0010336_0010944.wav,finedance_100_0010336_0010944.pkl,train
finedance_100_0010944_0011552,music_wav/100.wav,10944,11552,8043840,8490720,audio/finedance_100_0010944_0011552.wav,finedance_100_0010944_0011552.pkl,train
finedance_100_0011552_0012160,music_wav/100.wav,11552,12160,8490720,8937600,audio/finedance_100_0011552_0012160.wav,finedance_100_0011552_0012160.pkl,train
finedance_100_0012160_0012767,music_wav/100.wav,12160,12767,8937600,9383745,audio/finedance_100_0012160_0012767.wav,finedance_100_0012160_0012767.pkl,train
finedance_100_0012767_0013374,music_wav/100.wav,12767,13374,9383745,9829890,audio/finedance_100_0012767_0013374.wav,finedance_100_0012767_0013374.pkl,train
finedance_100_0013374_0013981,music_wav/100.wav,13374,13981,9829890,10276035,audio/finedance_100_0013374_0013981.wav,finedance_100_0013374_0013981.pkl,train
finedance_100_0013981_0014588,music_wav/100.wav,13981,14588,10276035,10722180,audio/finedance_100_0013981_0014588.wav,finedance_100_0013981_0014588.pkl,train
finedance_101_0000000_0000594,music_wav/101.wav,0,594,0,436590,audio/finedance_101_0000000_0000594.wav,finedance_101_0000000_0000594.pkl,train
finedance_101_0000594_0001188,music_wav/101.wav,594,1188,436590,873180,audio/finedance_101_0000594_0001188.wav,finedance_101_0000594_0001188.pkl,train
finedance_101_0001188_0001782,music_wav/101.wav,1188,1782,873180,1309770,audio/finedance_101_0001188_0001782.wav,finedance_101_0001188_0001782.pkl,train
finedance_101_0001782_0002376,music_wav/101.wav,1782,2376,1309770,1746360,audio/finedance_101_0001782_0002376.wav,finedance_101_0001782_0002376.pkl,train
finedance_101_0002376_0002970,music_wav/101.wav,2376,2970,1746360,2182950,audio/finedance_101_0002376_0002970.wav,finedance_101_0002376_0002970.pkl,train
finedance_101_0002970_0003564,music_wav/101.wav,2970,3564,2182950,2619540,audio/finedance_101_0002970_0003564.wav,finedance_101_0002970_0003564.pkl,train
finedance_101_0003564_0004158,music_wav/101.wav,3564,4158,2619540,3056130,audio/finedance_101_0003564_0004158.wav,finedance_101_0003564_0004158.pkl,train
finedance_101_0004158_0004752,music_wav/101.wav,4158,4752,3056130,3492720,audio/finedance_101_0004158_0004752.wav,finedance_101_0004158_0004752.pkl,train
finedance_101_0004752_0005346,music_wav/101.wav,4752,5346,3492720,3929310,audio/finedance_101_0004752_0005346.wav,finedance_101_0004752_0005346.pkl,train
finedance_101_0005346_0005940,music_wav/101.wav,5346,5940,3929310,4365900,audio/finedance_101_0005346_0005940.wav,finedance_101_0005346_0005940.pkl,train
finedance_101_0005940_0006534,music_wav/101.wav,5940,6534,4365900,4802490,audio/finedance_101_0005940_0006534.wav,finedance_101_0005940_0006534.pkl,train
finedance_101_0006534_0007128,music_wav/101.wav,6534,7128,4802490,5239080,audio/finedance_101_0006534_0007128.wav,finedance_101_0006534_0007128.pkl,train
finedance_101_0007128_0007722,music_wav/101.wav,7128,7722,5239080,5675670,audio/finedance_101_0007128_0007722.wav,finedance_101_0007128_0007722.pkl,train
finedance_101_0007722_0008316,music_wav/101.wav,7722,8316,5675670,6112260,audio/finedance_101_0007722_0008316.wav,finedance_101_0007722_0008316.pkl,train
finedance_101_0008316_0008910,music_wav/101.wav,8316,8910,6112260,6548850,audio/finedance_101_0008316_0008910.wav,finedance_101_0008316_0008910.pkl,train
finedance_101_0008910_0009504,music_wav/101.wav,8910,9504,6548850,6985440,audio/finedance_101_0008910_0009504.wav,finedance_101_0008910_0009504.pkl,train
finedance_101_0009504_0010098,music_wav/101.wav,9504,10098,6985440,7422030,audio/finedance_101_0009504_0010098.wav,finedance_101_0009504_0010098.pkl,train
finedance_101_0010098_0010692,music_wav/101.wav,10098,10692,7422030,7858620,audio/finedance_101_0010098_0010692.wav,finedance_101_0010098_0010692.pkl,train
finedance_101_0010692_0011286,music_wav/101.wav,10692,11286,7858620,8295210,audio/finedance_101_0010692_0011286.wav,finedance_101_0010692_0011286.pkl,train
finedance_101_0011286_0011879,music_wav/101.wav,11286,11879,8295210,8731065,audio/finedance_101_0011286_0011879.wav,finedance_101_0011286_0011879.pkl,train
finedance_101_0011879_0012472,music_wav/101.wav,11879,12472,8731065,9166920,audio/finedance_101_0011879_0012472.wav,finedance_101_0011879_0012472.pkl,train
finedance_101_0012472_0013065,music_wav/101.wav,12472,13065,9166920,9602775,audio/finedance_101_0012472_0013065.wav,finedance_101_0012472_0013065.pkl,train
finedance_101_0013065_0013658,music_wav/101.wav,13065,13658,9602775,10038630,audio/finedance_101_0013065_0013658.wav,finedance_101_0013065_0013658.pkl,train
finedance_101_0013658_0014251,music_wav/101.wav,13658,14251,10038630,10474485,audio/finedance_101_0013658_0014251.wav,finedance_101_0013658_0014251.pkl,train
finedance_101_0014251_0014844,music_wav/101.wav,14251,14844,10474485,10910340,audio/finedance_101_0014251_0014844.wav,finedance_101_0014251_0014844.pkl,train
finedance_102_0000000_0000596,music_wav/102.wav,0,596,0,438060,audio/finedance_102_0000000_0000596.wav,finedance_102_0000000_0000596.pkl,train
finedance_102_0000596_0001192,music_wav/102.wav,596,1192,438060,876120,audio/finedance_102_0000596_0001192.wav,finedance_102_0000596_0001192.pkl,train
finedance_102_0001192_0001788,music_wav/102.wav,1192,1788,876120,1314180,audio/finedance_102_0001192_0001788.wav,finedance_102_0001192_0001788.pkl,train
finedance_102_0001788_0002384,music_wav/102.wav,1788,2384,1314180,1752240,audio/finedance_102_0001788_0002384.wav,finedance_102_0001788_0002384.pkl,train
finedance_102_0002384_0002980,music_wav/102.wav,2384,2980,1752240,2190300,audio/finedance_102_0002384_0002980.wav,finedance_102_0002384_0002980.pkl,train
finedance_102_0002980_0003576,music_wav/102.wav,2980,3576,2190300,2628360,audio/finedance_102_0002980_0003576.wav,finedance_102_0002980_0003576.pkl,train
finedance_102_0003576_0004172,music_wav/102.wav,3576,4172,2628360,3066420,audio/finedance_102_0003576_0004172.wav,finedance_102_0003576_0004172.pkl,train
finedance_102_0004172_0004768,music_wav/102.wav,4172,4768,3066420,3504480,audio/finedance_102_0004172_0004768.wav,finedance_102_0004172_0004768.pkl,train
finedance_102_0004768_0005364,music_wav/102.wav,4768,5364,3504480,3942540,audio/finedance_102_0004768_0005364.wav,finedance_102_0004768_0005364.pkl,train
finedance_102_0005364_0005960,music_wav/102.wav,5364,5960,3942540,4380600,audio/finedance_102_0005364_0005960.wav,finedance_102_0005364_0005960.pkl,train
finedance_102_0005960_0006556,music_wav/102.wav,5960,6556,4380600,4818660,audio/finedance_102_0005960_0006556.wav,finedance_102_0005960_0006556.pkl,train
finedance_102_0006556_0007152,music_wav/102.wav,6556,7152,4818660,5256720,audio/finedance_102_0006556_0007152.wav,finedance_102_0006556_0007152.pkl,train
finedance_102_0007152_0007748,music_wav/102.wav,7152,7748,5256720,5694780,audio/finedance_102_0007152_0007748.wav,finedance_102_0007152_0007748.pkl,train
finedance_102_0007748_0008344,music_wav/102.wav,7748,8344,5694780,6132840,audio/finedance_102_0007748_0008344.wav,finedance_102_0007748_0008344.pkl,train
finedance_102_0008344_0008940,music_wav/102.wav,8344,8940,6132840,6570900,audio/finedance_102_0008344_0008940.wav,finedance_102_0008344_0008940.pkl,train
finedance_102_0008940_0009536,music_wav/102.wav,8940,9536,6570900,7008960,audio/finedance_102_0008940_0009536.wav,finedance_102_0008940_0009536.pkl,train
finedance_103_0000000_0000605,music_wav/103.wav,0,605,0,444675,audio/finedance_103_0000000_0000605.wav,finedance_103_0000000_0000605.pkl,train
finedance_103_0000605_0001210,music_wav/103.wav,605,1210,444675,889350,audio/finedance_103_0000605_0001210.wav,finedance_103_0000605_0001210.pkl,train
finedance_103_0001210_0001815,music_wav/103.wav,1210,1815,889350,1334025,audio/finedance_103_0001210_0001815.wav,finedance_103_0001210_0001815.pkl,train
finedance_103_0001815_0002420,music_wav/103.wav,1815,2420,1334025,1778700,audio/finedance_103_0001815_0002420.wav,finedance_103_0001815_0002420.pkl,train
finedance_103_0002420_0003025,music_wav/103.wav,2420,3025,1778700,2223375,audio/finedance_103_0002420_0003025.wav,finedance_103_0002420_0003025.pkl,train
finedance_103_0003025_0003630,music_wav/103.wav,3025,3630,2223375,2668050,audio/finedance_103_0003025_0003630.wav,finedance_103_0003025_0003630.pkl,train
finedance_103_0003630_0004235,music_wav/103.wav,3630,4235,2668050,3112725,audio/finedance_103_0003630_0004235.wav,finedance_103_0003630_0004235.pkl,train
finedance_103_0004235_0004840,music_wav/103.wav,4235,4840,3112725,3557400,audio/finedance_103_0004235_0004840.wav,finedance_103_0004235_0004840.pkl,train
finedance_103_0004840_0005445,music_wav/103.wav,4840,5445,3557400,4002075,audio/finedance_103_0004840_0005445.wav,finedance_103_0004840_0005445.pkl,train
finedance_103_0005445_0006050,music_wav/103.wav,5445,6050,4002075,4446750,audio/finedance_103_0005445_0006050.wav,finedance_103_0005445_0006050.pkl,train
finedance_103_0006050_0006655,music_wav/103.wav,6050,6655,4446750,4891425,audio/finedance_103_0006050_0006655.wav,finedance_103_0006050_0006655.pkl,train
finedance_103_0006655_0007260,music_wav/103.wav,6655,7260,4891425,5336100,audio/finedance_103_0006655_0007260.wav,finedance_103_0006655_0007260.pkl,train
finedance_103_0007260_0007865,music_wav/103.wav,7260,7865,5336100,5780775,audio/finedance_103_0007260_0007865.wav,finedance_103_0007260_0007865.pkl,train
finedance_103_0007865_0008470,music_wav/103.wav,7865,8470,5780775,6225450,audio/finedance_103_0007865_0008470.wav,finedance_103_0007865_0008470.pkl,train
finedance_103_0008470_0009075,music_wav/103.wav,8470,9075,6225450,6670125,audio/finedance_103_0008470_0009075.wav,finedance_103_0008470_0009075.pkl,train
finedance_103_0009075_0009680,music_wav/103.wav,9075,9680,6670125,7114800,audio/finedance_103_0009075_0009680.wav,finedance_103_0009075_0009680.pkl,train
finedance_103_0009680_0010285,music_wav/103.wav,9680,10285,7114800,7559475,audio/finedance_103_0009680_0010285.wav,finedance_103_0009680_0010285.pkl,train
finedance_103_0010285_0010890,music_wav/103.wav,10285,10890,7559475,8004150,audio/finedance_103_0010285_0010890.wav,finedance_103_0010285_0010890.pkl,train
finedance_103_0010890_0011495,music_wav/103.wav,10890,11495,8004150,8448825,audio/finedance_103_0010890_0011495.wav,finedance_103_0010890_0011495.pkl,train
finedance_103_0011495_0012100,music_wav/103.wav,11495,12100,8448825,8893500,audio/finedance_103_0011495_0012100.wav,finedance_103_0011495_0012100.pkl,train
finedance_103_0012100_0012705,music_wav/103.wav,12100,12705,8893500,9338175,audio/finedance_103_0012100_0012705.wav,finedance_103_0012100_0012705.pkl,train
finedance_103_0012705_0013310,music_wav/103.wav,12705,13310,9338175,9782850,audio/finedance_103_0012705_0013310.wav,finedance_103_0012705_0013310.pkl,train
finedance_103_0013310_0013915,music_wav/103.wav,13310,13915,9782850,10227525,audio/finedance_103_0013310_0013915.wav,finedance_103_0013310_0013915.pkl,train
finedance_103_0013915_0014520,music_wav/103.wav,13915,14520,10227525,10672200,audio/finedance_103_0013915_0014520.wav,finedance_103_0013915_0014520.pkl,train
finedance_104_0000000_0000616,music_wav/104.wav,0,616,0,452760,audio/finedance_104_0000000_0000616.wav,finedance_104_0000000_0000616.pkl,train
finedance_104_0000616_0001232,music_wav/104.wav,616,1232,452760,905520,audio/finedance_104_0000616_0001232.wav,finedance_104_0000616_0001232.pkl,train
finedance_104_0001232_0001848,music_wav/104.wav,1232,1848,905520,1358280,audio/finedance_104_0001232_0001848.wav,finedance_104_0001232_0001848.pkl,train
finedance_104_0001848_0002464,music_wav/104.wav,1848,2464,1358280,1811040,audio/finedance_104_0001848_0002464.wav,finedance_104_0001848_0002464.pkl,train
finedance_104_0002464_0003080,music_wav/104.wav,2464,3080,1811040,2263800,audio/finedance_104_0002464_0003080.wav,finedance_104_0002464_0003080.pkl,train
finedance_104_0003080_0003696,music_wav/104.wav,3080,3696,2263800,2716560,audio/finedance_104_0003080_0003696.wav,finedance_104_0003080_0003696.pkl,train
finedance_104_0003696_0004312,music_wav/104.wav,3696,4312,2716560,3169320,audio/finedance_104_0003696_0004312.wav,finedance_104_0003696_0004312.pkl,train
finedance_104_0004312_0004928,music_wav/104.wav,4312,4928,3169320,3622080,audio/finedance_104_0004312_0004928.wav,finedance_104_0004312_0004928.pkl,train
finedance_104_0004928_0005544,music_wav/104.wav,4928,5544,3622080,4074840,audio/finedance_104_0004928_0005544.wav,finedance_104_0004928_0005544.pkl,train
finedance_105_0000000_0000616,music_wav/105.wav,0,616,0,452760,audio/finedance_105_0000000_0000616.wav,finedance_105_0000000_0000616.pkl,train
finedance_105_0000616_0001232,music_wav/105.wav,616,1232,452760,905520,audio/finedance_105_0000616_0001232.wav,finedance_105_0000616_0001232.pkl,train
finedance_105_0001232_0001848,music_wav/105.wav,1232,1848,905520,1358280,audio/finedance_105_0001232_0001848.wav,finedance_105_0001232_0001848.pkl,train
finedance_105_0001848_0002464,music_wav/105.wav,1848,2464,1358280,1811040,audio/finedance_105_0001848_0002464.wav,finedance_105_0001848_0002464.pkl,train
finedance_105_0002464_0003080,music_wav/105.wav,2464,3080,1811040,2263800,audio/finedance_105_0002464_0003080.wav,finedance_105_0002464_0003080.pkl,train
finedance_105_0003080_0003696,music_wav/105.wav,3080,3696,2263800,2716560,audio/finedance_105_0003080_0003696.wav,finedance_105_0003080_0003696.pkl,train
finedance_105_0003696_0004312,music_wav/105.wav,3696,4312,2716560,3169320,audio/finedance_105_0003696_0004312.wav,finedance_105_0003696_0004312.pkl,train
finedance_105_0004312_0004928,music_wav/105.wav,4312,4928,3169320,3622080,audio/finedance_105_0004312_0004928.wav,finedance_105_0004312_0004928.pkl,train
finedance_105_0004928_0005544,music_wav/105.wav,4928,5544,3622080,4074840,audio/finedance_105_0004928_0005544.wav,finedance_105_0004928_0005544.pkl,train
finedance_106_0000000_0000599,music_wav/106.wav,0,599,0,440265,audio/finedance_106_0000000_0000599.wav,finedance_106_0000000_0000599.pkl,train
finedance_106_0000599_0001198,music_wav/106.wav,599,1198,440265,880530,audio/finedance_106_0000599_0001198.wav,finedance_106_0000599_0001198.pkl,train
finedance_106_0001198_0001797,music_wav/106.wav,1198,1797,880530,1320795,audio/finedance_106_0001198_0001797.wav,finedance_106_0001198_0001797.pkl,train
finedance_106_0001797_0002396,music_wav/106.wav,1797,2396,1320795,1761060,audio/finedance_106_0001797_0002396.wav,finedance_106_0001797_0002396.pkl,train
finedance_106_0002396_0002995,music_wav/106.wav,2396,2995,1761060,2201325,audio/finedance_106_0002396_0002995.wav,finedance_106_0002396_0002995.pkl,train
finedance_106_0002995_0003594,music_wav/106.wav,2995,3594,2201325,2641590,audio/finedance_106_0002995_0003594.wav,finedance_106_0002995_0003594.pkl,train
finedance_106_0003594_0004193,music_wav/106.wav,3594,4193,2641590,3081855,audio/finedance_106_0003594_0004193.wav,finedance_106_0003594_0004193.pkl,train
finedance_106_0004193_0004792,music_wav/106.wav,4193,4792,3081855,3522120,audio/finedance_106_0004193_0004792.wav,finedance_106_0004193_0004792.pkl,train
finedance_106_0004792_0005391,music_wav/106.wav,4792,5391,3522120,3962385,audio/finedance_106_0004792_0005391.wav,finedance_106_0004792_0005391.pkl,train
finedance_106_0005391_0005990,music_wav/106.wav,5391,5990,3962385,4402650,audio/finedance_106_0005391_0005990.wav,finedance_106_0005391_0005990.pkl,train
finedance_106_0005990_0006588,music_wav/106.wav,5990,6588,4402650,4842180,audio/finedance_106_0005990_0006588.wav,finedance_106_0005990_0006588.pkl,train
finedance_106_0006588_0007186,music_wav/106.wav,6588,7186,4842180,5281710,audio/finedance_106_0006588_0007186.wav,finedance_106_0006588_0007186.pkl,train
finedance_106_0007186_0007784,music_wav/106.wav,7186,7784,5281710,5721240,audio/finedance_106_0007186_0007784.wav,finedance_106_0007186_0007784.pkl,train
finedance_107_0000000_0000599,music_wav/107.wav,0,599,0,440265,audio/finedance_107_0000000_0000599.wav,finedance_107_0000000_0000599.pkl,train
finedance_107_0000599_0001198,music_wav/107.wav,599,1198,440265,880530,audio/finedance_107_0000599_0001198.wav,finedance_107_0000599_0001198.pkl,train
finedance_107_0001198_0001797,music_wav/107.wav,1198,1797,880530,1320795,audio/finedance_107_0001198_0001797.wav,finedance_107_0001198_0001797.pkl,train
finedance_107_0001797_0002396,music_wav/107.wav,1797,2396,1320795,1761060,audio/finedance_107_0001797_0002396.wav,finedance_107_0001797_0002396.pkl,train
finedance_107_0002396_0002995,music_wav/107.wav,2396,2995,1761060,2201325,audio/finedance_107_0002396_0002995.wav,finedance_107_0002396_0002995.pkl,train
finedance_107_0002995_0003594,music_wav/107.wav,2995,3594,2201325,2641590,audio/finedance_107_0002995_0003594.wav,finedance_107_0002995_0003594.pkl,train
finedance_107_0003594_0004193,music_wav/107.wav,3594,4193,2641590,3081855,audio/finedance_107_0003594_0004193.wav,finedance_107_0003594_0004193.pkl,train
finedance_107_0004193_0004792,music_wav/107.wav,4193,4792,3081855,3522120,audio/finedance_107_0004193_0004792.wav,finedance_107_0004193_0004792.pkl,train
finedance_107_0004792_0005391,music_wav/107.wav,4792,5391,3522120,3962385,audio/finedance_107_0004792_0005391.wav,finedance_107_0004792_0005391.pkl,train
finedance_107_0005391_0005990,music_wav/107.wav,5391,5990,3962385,4402650,audio/finedance_107_0005391_0005990.wav,finedance_107_0005391_0005990.pkl,train
finedance_107_0005990_0006588,music_wav/107.wav,5990,6588,4402650,4842180,audio/finedance_107_0005990_0006588.wav,finedance_107_0005990_0006588.pkl,train
finedance_107_0006588_0007186,music_wav/107.wav,6588,7186,4842180,5281710,audio/finedance_107_0006588_0007186.wav,finedance_107_0006588_0007186.pkl,train
finedance_107_0007186_0007784,music_wav/107.wav,7186,7784,5281710,5721240,audio/finedance_107_0007186_0007784.wav,finedance_107_0007186_0007784.pkl,train
finedance_108_0000000_0000601,music_wav/108.wav,0,601,0,441735,audio/finedance_108_0000000_0000601.wav,finedance_108_0000000_0000601.pkl,train
finedance_108_0000601_0001202,music_wav/108.wav,601,1202,441735,883470,audio/finedance_108_0000601_0001202.wav,finedance_108_0000601_0001202.pkl,train
finedance_108_0001202_0001803,music_wav/108.wav,1202,1803,883470,1325205,audio/finedance_108_0001202_0001803.wav,finedance_108_0001202_0001803.pkl,train
finedance_108_0001803_0002404,music_wav/108.wav,1803,2404,1325205,1766940,audio/finedance_108_0001803_0002404.wav,finedance_108_0001803_0002404.pkl,train
finedance_108_0002404_0003005,music_wav/108.wav,2404,3005,1766940,2208675,audio/finedance_108_0002404_0003005.wav,finedance_108_0002404_0003005.pkl,train
finedance_108_0003005_0003606,music_wav/108.wav,3005,3606,2208675,2650410,audio/finedance_108_0003005_0003606.wav,finedance_108_0003005_0003606.pkl,train
finedance_108_0003606_0004207,music_wav/108.wav,3606,4207,2650410,3092145,audio/finedance_108_0003606_0004207.wav,finedance_108_0003606_0004207.pkl,train
finedance_108_0004207_0004808,music_wav/108.wav,4207,4808,3092145,3533880,audio/finedance_108_0004207_0004808.wav,finedance_108_0004207_0004808.pkl,train
finedance_108_0004808_0005409,music_wav/108.wav,4808,5409,3533880,3975615,audio/finedance_108_0004808_0005409.wav,finedance_108_0004808_0005409.pkl,train
finedance_108_0005409_0006010,music_wav/108.wav,5409,6010,3975615,4417350,audio/finedance_108_0005409_0006010.wav,finedance_108_0005409_0006010.pkl,train
finedance_108_0006010_0006611,music_wav/108.wav,6010,6611,4417350,4859085,audio/finedance_108_0006010_0006611.wav,finedance_108_0006010_0006611.pkl,train
finedance_108_0006611_0007212,music_wav/108.wav,6611,7212,4859085,5300820,audio/finedance_108_0006611_0007212.wav,finedance_108_0006611_0007212.pkl,train
finedance_109_0000000_0000601,music_wav/109.wav,0,601,0,441735,audio/finedance_109_0000000_0000601.wav,finedance_109_0000000_0000601.pkl,test
finedance_109_0000601_0001202,music_wav/109.wav,601,1202,441735,883470,audio/finedance_109_0000601_0001202.wav,finedance_109_0000601_0001202.pkl,test
finedance_109_0001202_0001803,music_wav/109.wav,1202,1803,883470,1325205,audio/finedance_109_0001202_0001803.wav,finedance_109_0001202_0001803.pkl,test
finedance_109_0001803_0002404,music_wav/109.wav,1803,2404,1325205,1766940,audio/finedance_109_0001803_0002404.wav,finedance_109_0001803_0002404.pkl,test
finedance_109_0002404_0003005,music_wav/109.wav,2404,3005,1766940,2208675,audio/finedance_109_0002404_0003005.wav,finedance_109_0002404_0003005.pkl,test
finedance_109_0003005_0003606,music_wav/109.wav,3005,3606,2208675,2650410,audio/finedance_109_0003005_0003606.wav,finedance_109_0003005_0003606.pkl,test
finedance_109_0003606_0004207,music_wav/109.wav,3606,4207,2650410,3092145,audio/finedance_109_0003606_0004207.wav,finedance_109_0003606_0004207.pkl,test
finedance_109_0004207_0004808,music_wav/109.wav,4207,4808,3092145,3533880,audio/finedance_109_0004207_0004808.wav,finedance_109_0004207_0004808.pkl,test
finedance_109_0004808_0005409,music_wav/109.wav,4808,5409,3533880,3975615,audio/finedance_109_0004808_0005409.wav,finedance_109_0004808_0005409.pkl,test
finedance_109_0005409_0006010,music_wav/109.wav,5409,6010,3975615,4417350,audio/finedance_109_0005409_0006010.wav,finedance_109_0005409_0006010.pkl,test
finedance_109_0006010_0006611,music_wav/109.wav,6010,6611,4417350,4859085,audio/finedance_109_0006010_0006611.wav,finedance_109_0006010_0006611.pkl,test
finedance_109_0006611_0007212,music_wav/109.wav,6611,7212,4859085,5300820,audio/finedance_109_0006611_0007212.wav,finedance_109_0006611_0007212.pkl,test
finedance_110_0000000_0000604,music_wav/110.wav,0,604,0,443940,audio/finedance_110_0000000_0000604.wav,finedance_110_0000000_0000604.pkl,train
finedance_110_0000604_0001208,music_wav/110.wav,604,1208,443940,887880,audio/finedance_110_0000604_0001208.wav,finedance_110_0000604_0001208.pkl,train
finedance_110_0001208_0001812,music_wav/110.wav,1208,1812,887880,1331820,audio/finedance_110_0001208_0001812.wav,finedance_110_0001208_0001812.pkl,train
finedance_110_0001812_0002416,music_wav/110.wav,1812,2416,1331820,1775760,audio/finedance_110_0001812_0002416.wav,finedance_110_0001812_0002416.pkl,train
finedance_110_0002416_0003020,music_wav/110.wav,2416,3020,1775760,2219700,audio/finedance_110_0002416_0003020.wav,finedance_110_0002416_0003020.pkl,train
finedance_110_0003020_0003624,music_wav/110.wav,3020,3624,2219700,2663640,audio/finedance_110_0003020_0003624.wav,finedance_110_0003020_0003624.pkl,train
finedance_110_0003624_0004228,music_wav/110.wav,3624,4228,2663640,3107580,audio/finedance_110_0003624_0004228.wav,finedance_110_0003624_0004228.pkl,train
finedance_110_0004228_0004832,music_wav/110.wav,4228,4832,3107580,3551520,audio/finedance_110_0004228_0004832.wav,finedance_110_0004228_0004832.pkl,train
finedance_110_0004832_0005436,music_wav/110.wav,4832,5436,3551520,3995460,audio/finedance_110_0004832_0005436.wav,finedance_110_0004832_0005436.pkl,train
finedance_110_0005436_0006040,music_wav/110.wav,5436,6040,3995460,4439400,audio/finedance_110_0005436_0006040.wav,finedance_110_0005436_0006040.pkl,train
finedance_110_0006040_0006644,music_wav/110.wav,6040,6644,4439400,4883340,audio/finedance_110_0006040_0006644.wav,finedance_110_0006040_0006644.pkl,train
finedance_110_0006644_0007248,music_wav/110.wav,6644,7248,4883340,5327280,audio/finedance_110_0006644_0007248.wav,finedance_110_0006644_0007248.pkl,train
finedance_110_0007248_0007852,music_wav/110.wav,7248,7852,5327280,5771220,audio/finedance_110_0007248_0007852.wav,finedance_110_0007248_0007852.pkl,train
finedance_110_0007852_0008456,music_wav/110.wav,7852,8456,5771220,6215160,audio/finedance_110_0007852_0008456.wav,finedance_110_0007852_0008456.pkl,train
finedance_110_0008456_0009060,music_wav/110.wav,8456,9060,6215160,6659100,audio/finedance_110_0008456_0009060.wav,finedance_110_0008456_0009060.pkl,train
finedance_110_0009060_0009664,music_wav/110.wav,9060,9664,6659100,7103040,audio/finedance_110_0009060_0009664.wav,finedance_110_0009060_0009664.pkl,train
finedance_110_0009664_0010268,music_wav/110.wav,9664,10268,7103040,7546980,audio/finedance_110_0009664_0010268.wav,finedance_110_0009664_0010268.pkl,train
finedance_111_0000000_0000604,music_wav/111.wav,0,604,0,443940,audio/finedance_111_0000000_0000604.wav,finedance_111_0000000_0000604.pkl,train
finedance_111_0000604_0001208,music_wav/111.wav,604,1208,443940,887880,audio/finedance_111_0000604_0001208.wav,finedance_111_0000604_0001208.pkl,train
finedance_111_0001208_0001812,music_wav/111.wav,1208,1812,887880,1331820,audio/finedance_111_0001208_0001812.wav,finedance_111_0001208_0001812.pkl,train
finedance_111_0001812_0002416,music_wav/111.wav,1812,2416,1331820,1775760,audio/finedance_111_0001812_0002416.wav,finedance_111_0001812_0002416.pkl,train
finedance_111_0002416_0003020,music_wav/111.wav,2416,3020,1775760,2219700,audio/finedance_111_0002416_0003020.wav,finedance_111_0002416_0003020.pkl,train
finedance_111_0003020_0003624,music_wav/111.wav,3020,3624,2219700,2663640,audio/finedance_111_0003020_0003624.wav,finedance_111_0003020_0003624.pkl,train
finedance_111_0003624_0004228,music_wav/111.wav,3624,4228,2663640,3107580,audio/finedance_111_0003624_0004228.wav,finedance_111_0003624_0004228.pkl,train
finedance_111_0004228_0004832,music_wav/111.wav,4228,4832,3107580,3551520,audio/finedance_111_0004228_0004832.wav,finedance_111_0004228_0004832.pkl,train
finedance_111_0004832_0005436,music_wav/111.wav,4832,5436,3551520,3995460,audio/finedance_111_0004832_0005436.wav,finedance_111_0004832_0005436.pkl,train
finedance_111_0005436_0006040,music_wav/111.wav,5436,6040,3995460,4439400,audio/finedance_111_0005436_0006040.wav,finedance_111_0005436_0006040.pkl,train
finedance_111_0006040_0006644,music_wav/111.wav,6040,6644,4439400,4883340,audio/finedance_111_0006040_0006644.wav,finedance_111_0006040_0006644.pkl,train
finedance_111_0006644_0007248,music_wav/111.wav,6644,7248,4883340,5327280,audio/finedance_111_0006644_0007248.wav,finedance_111_0006644_0007248.pkl,train
finedance_111_0007248_0007852,music_wav/111.wav,7248,7852,5327280,5771220,audio/finedance_111_0007248_0007852.wav,finedance_111_0007248_0007852.pkl,train
finedance_111_0007852_0008456,music_wav/111.wav,7852,8456,5771220,6215160,audio/finedance_111_0007852_0008456.wav,finedance_111_0007852_0008456.pkl,train
finedance_111_0008456_0009060,music_wav/111.wav,8456,9060,6215160,6659100,audio/finedance_111_0008456_0009060.wav,finedance_111_0008456_0009060.pkl,train
finedance_111_0009060_0009664,music_wav/111.wav,9060,9664,6659100,7103040,audio/finedance_111_0009060_0009664.wav,finedance_111_0009060_0009664.pkl,train
finedance_111_0009664_0010268,music_wav/111.wav,9664,10268,7103040,7546980,audio/finedance_111_0009664_0010268.wav,finedance_111_0009664_0010268.pkl,train
finedance_112_0000000_0000611,music_wav/112.wav,0,611,0,449085,audio/finedance_112_0000000_0000611.wav,finedance_112_0000000_0000611.pkl,train
finedance_112_0000611_0001222,music_wav/112.wav,611,1222,449085,898170,audio/finedance_112_0000611_0001222.wav,finedance_112_0000611_0001222.pkl,train
finedance_112_0001222_0001833,music_wav/112.wav,1222,1833,898170,1347255,audio/finedance_112_0001222_0001833.wav,finedance_112_0001222_0001833.pkl,train
finedance_112_0001833_0002444,music_wav/112.wav,1833,2444,1347255,1796340,audio/finedance_112_0001833_0002444.wav,finedance_112_0001833_0002444.pkl,train
finedance_112_0002444_0003054,music_wav/112.wav,2444,3054,1796340,2244690,audio/finedance_112_0002444_0003054.wav,finedance_112_0002444_0003054.pkl,train
finedance_112_0003054_0003664,music_wav/112.wav,3054,3664,2244690,2693040,audio/finedance_112_0003054_0003664.wav,finedance_112_0003054_0003664.pkl,train
finedance_112_0003664_0004274,music_wav/112.wav,3664,4274,2693040,3141390,audio/finedance_112_0003664_0004274.wav,finedance_112_0003664_0004274.pkl,train
finedance_112_0004274_0004884,music_wav/112.wav,4274,4884,3141390,3589740,audio/finedance_112_0004274_0004884.wav,finedance_112_0004274_0004884.pkl,train
finedance_112_0004884_0005494,music_wav/112.wav,4884,5494,3589740,4038090,audio/finedance_112_0004884_0005494.wav,finedance_112_0004884_0005494.pkl,train
finedance_112_0005494_0006104,music_wav/112.wav,5494,6104,4038090,4486440,audio/finedance_112_0005494_0006104.wav,finedance_112_0005494_0006104.pkl,train
finedance_112_0006104_0006714,music_wav/112.wav,6104,6714,4486440,4934790,audio/finedance_112_0006104_0006714.wav,finedance_112_0006104_0006714.pkl,train
finedance_112_0006714_0007324,music_wav/112.wav,6714,7324,4934790,5383140,audio/finedance_112_0006714_0007324.wav,finedance_112_0006714_0007324.pkl,train
finedance_112_0007324_0007934,music_wav/112.wav,7324,7934,5383140,5831490,audio/finedance_112_0007324_0007934.wav,finedance_112_0007324_0007934.pkl,train
finedance_112_0007934_0008544,music_wav/112.wav,7934,8544,5831490,6279840,audio/finedance_112_0007934_0008544.wav,finedance_112_0007934_0008544.pkl,train
finedance_112_0008544_0009154,music_wav/112.wav,8544,9154,6279840,6728190,audio/finedance_112_0008544_0009154.wav,finedance_112_0008544_0009154.pkl,train
finedance_112_0009154_0009764,music_wav/112.wav,9154,9764,6728190,7176540,audio/finedance_112_0009154_0009764.wav,finedance_112_0009154_0009764.pkl,train
finedance_112_0009764_0010374,music_wav/112.wav,9764,10374,7176540,7624890,audio/finedance_112_0009764_0010374.wav,finedance_112_0009764_0010374.pkl,train
finedance_112_0010374_0010984,music_wav/112.wav,10374,10984,7624890,8073240,audio/finedance_112_0010374_0010984.wav,finedance_112_0010374_0010984.pkl,train
finedance_112_0010984_0011594,music_wav/112.wav,10984,11594,8073240,8521590,audio/finedance_112_0010984_0011594.wav,finedance_112_0010984_0011594.pkl,train
finedance_112_0011594_0012204,music_wav/112.wav,11594,12204,8521590,8969940,audio/finedance_112_0011594_0012204.wav,finedance_112_0011594_0012204.pkl,train
finedance_112_0012204_0012814,music_wav/112.wav,12204,12814,8969940,9418290,audio/finedance_112_0012204_0012814.wav,finedance_112_0012204_0012814.pkl,train
finedance_112_0012814_0013424,music_wav/112.wav,12814,13424,9418290,9866640,audio/finedance_112_0012814_0013424.wav,finedance_112_0012814_0013424.pkl,train
finedance_112_0013424_0014034,music_wav/112.wav,13424,14034,9866640,10314990,audio/finedance_112_0013424_0014034.wav,finedance_112_0013424_0014034.pkl,train
finedance_112_0014034_0014644,music_wav/112.wav,14034,14644,10314990,10763340,audio/finedance_112_0014034_0014644.wav,finedance_112_0014034_0014644.pkl,train
finedance_112_0014644_0015254,music_wav/112.wav,14644,15254,10763340,11211690,audio/finedance_112_0014644_0015254.wav,finedance_112_0014644_0015254.pkl,train
finedance_113_0000000_0000611,music_wav/113.wav,0,611,0,449085,audio/finedance_113_0000000_0000611.wav,finedance_113_0000000_0000611.pkl,train
finedance_113_0000611_0001222,music_wav/113.wav,611,1222,449085,898170,audio/finedance_113_0000611_0001222.wav,finedance_113_0000611_0001222.pkl,train
finedance_113_0001222_0001833,music_wav/113.wav,1222,1833,898170,1347255,audio/finedance_113_0001222_0001833.wav,finedance_113_0001222_0001833.pkl,train
finedance_113_0001833_0002444,music_wav/113.wav,1833,2444,1347255,1796340,audio/finedance_113_0001833_0002444.wav,finedance_113_0001833_0002444.pkl,train
finedance_113_0002444_0003054,music_wav/113.wav,2444,3054,1796340,2244690,audio/finedance_113_0002444_0003054.wav,finedance_113_0002444_0003054.pkl,train
finedance_113_0003054_0003664,music_wav/113.wav,3054,3664,2244690,2693040,audio/finedance_113_0003054_0003664.wav,finedance_113_0003054_0003664.pkl,train
finedance_113_0003664_0004274,music_wav/113.wav,3664,4274,2693040,3141390,audio/finedance_113_0003664_0004274.wav,finedance_113_0003664_0004274.pkl,train
finedance_113_0004274_0004884,music_wav/113.wav,4274,4884,3141390,3589740,audio/finedance_113_0004274_0004884.wav,finedance_113_0004274_0004884.pkl,train
finedance_113_0004884_0005494,music_wav/113.wav,4884,5494,3589740,4038090,audio/finedance_113_0004884_0005494.wav,finedance_113_0004884_0005494.pkl,train
finedance_113_0005494_0006104,music_wav/113.wav,5494,6104,4038090,4486440,audio/finedance_113_0005494_0006104.wav,finedance_113_0005494_0006104.pkl,train
finedance_113_0006104_0006714,music_wav/113.wav,6104,6714,4486440,4934790,audio/finedance_113_0006104_0006714.wav,finedance_113_0006104_0006714.pkl,train
finedance_113_0006714_0007324,music_wav/113.wav,6714,7324,4934790,5383140,audio/finedance_113_0006714_0007324.wav,finedance_113_0006714_0007324.pkl,train
finedance_113_0007324_0007934,music_wav/113.wav,7324,7934,5383140,5831490,audio/finedance_113_0007324_0007934.wav,finedance_113_0007324_0007934.pkl,train
finedance_113_0007934_0008544,music_wav/113.wav,7934,8544,5831490,6279840,audio/finedance_113_0007934_0008544.wav,finedance_113_0007934_0008544.pkl,train
finedance_113_0008544_0009154,music_wav/113.wav,8544,9154,6279840,6728190,audio/finedance_113_0008544_0009154.wav,finedance_113_0008544_0009154.pkl,train
finedance_113_0009154_0009764,music_wav/113.wav,9154,9764,6728190,7176540,audio/finedance_113_0009154_0009764.wav,finedance_113_0009154_0009764.pkl,train
finedance_113_0009764_0010374,music_wav/113.wav,9764,10374,7176540,7624890,audio/finedance_113_0009764_0010374.wav,finedance_113_0009764_0010374.pkl,train
finedance_113_0010374_0010984,music_wav/113.wav,10374,10984,7624890,8073240,audio/finedance_113_0010374_0010984.wav,finedance_113_0010374_0010984.pkl,train
finedance_113_0010984_0011594,music_wav/113.wav,10984,11594,8073240,8521590,audio/finedance_113_0010984_0011594.wav,finedance_113_0010984_0011594.pkl,train
finedance_113_0011594_0012204,music_wav/113.wav,11594,12204,8521590,8969940,audio/finedance_113_0011594_0012204.wav,finedance_113_0011594_0012204.pkl,train
finedance_113_0012204_0012814,music_wav/113.wav,12204,12814,8969940,9418290,audio/finedance_113_0012204_0012814.wav,finedance_113_0012204_0012814.pkl,train
finedance_113_0012814_0013424,music_wav/113.wav,12814,13424,9418290,9866640,audio/finedance_113_0012814_0013424.wav,finedance_113_0012814_0013424.pkl,train
finedance_113_0013424_0014034,music_wav/113.wav,13424,14034,9866640,10314990,audio/finedance_113_0013424_0014034.wav,finedance_113_0013424_0014034.pkl,train
finedance_113_0014034_0014644,music_wav/113.wav,14034,14644,10314990,10763340,audio/finedance_113_0014034_0014644.wav,finedance_113_0014034_0014644.pkl,train
finedance_113_0014644_0015254,music_wav/113.wav,14644,15254,10763340,11211690,audio/finedance_113_0014644_0015254.wav,finedance_113_0014644_0015254.pkl,train
finedance_114_0000000_0000594,music_wav/114.wav,0,594,0,436590,audio/finedance_114_0000000_0000594.wav,finedance_114_0000000_0000594.pkl,train
finedance_114_0000594_0001188,music_wav/114.wav,594,1188,436590,873180,audio/finedance_114_0000594_0001188.wav,finedance_114_0000594_0001188.pkl,train
finedance_114_0001188_0001782,music_wav/114.wav,1188,1782,873180,1309770,audio/finedance_114_0001188_0001782.wav,finedance_114_0001188_0001782.pkl,train
finedance_114_0001782_0002376,music_wav/114.wav,1782,2376,1309770,1746360,audio/finedance_114_0001782_0002376.wav,finedance_114_0001782_0002376.pkl,train
finedance_114_0002376_0002970,music_wav/114.wav,2376,2970,1746360,2182950,audio/finedance_114_0002376_0002970.wav,finedance_114_0002376_0002970.pkl,train
finedance_114_0002970_0003564,music_wav/114.wav,2970,3564,2182950,2619540,audio/finedance_114_0002970_0003564.wav,finedance_114_0002970_0003564.pkl,train
finedance_114_0003564_0004158,music_wav/114.wav,3564,4158,2619540,3056130,audio/finedance_114_0003564_0004158.wav,finedance_114_0003564_0004158.pkl,train
finedance_114_0004158_0004752,music_wav/114.wav,4158,4752,3056130,3492720,audio/finedance_114_0004158_0004752.wav,finedance_114_0004158_0004752.pkl,train
finedance_114_0004752_0005346,music_wav/114.wav,4752,5346,3492720,3929310,audio/finedance_114_0004752_0005346.wav,finedance_114_0004752_0005346.pkl,train
finedance_114_0005346_0005940,music_wav/114.wav,5346,5940,3929310,4365900,audio/finedance_114_0005346_0005940.wav,finedance_114_0005346_0005940.pkl,train
finedance_114_0005940_0006534,music_wav/114.wav,5940,6534,4365900,4802490,audio/finedance_114_0005940_0006534.wav,finedance_114_0005940_0006534.pkl,train
finedance_114_0006534_0007128,music_wav/114.wav,6534,7128,4802490,5239080,audio/finedance_114_0006534_0007128.wav,finedance_114_0006534_0007128.pkl,train
finedance_114_0007128_0007721,music_wav/114.wav,7128,7721,5239080,5674935,audio/finedance_114_0007128_0007721.wav,finedance_114_0007128_0007721.pkl,train
finedance_114_0007721_0008314,music_wav/114.wav,7721,8314,5674935,6110790,audio/finedance_114_0007721_0008314.wav,finedance_114_0007721_0008314.pkl,train
finedance_114_0008314_0008907,music_wav/114.wav,8314,8907,6110790,6546645,audio/finedance_114_0008314_0008907.wav,finedance_114_0008314_0008907.pkl,train
finedance_114_0008907_0009500,music_wav/114.wav,8907,9500,6546645,6982500,audio/finedance_114_0008907_0009500.wav,finedance_114_0008907_0009500.pkl,train
finedance_114_0009500_0010093,music_wav/114.wav,9500,10093,6982500,7418355,audio/finedance_114_0009500_0010093.wav,finedance_114_0009500_0010093.pkl,train
finedance_114_0010093_0010686,music_wav/114.wav,10093,10686,7418355,7854210,audio/finedance_114_0010093_0010686.wav,finedance_114_0010093_0010686.pkl,train
finedance_114_0010686_0011279,music_wav/114.wav,10686,11279,7854210,8290065,audio/finedance_114_0010686_0011279.wav,finedance_114_0010686_0011279.pkl,train
finedance_114_0011279_0011872,music_wav/114.wav,11279,11872,8290065,8725920,audio/finedance_114_0011279_0011872.wav,finedance_114_0011279_0011872.pkl,train
finedance_114_0011872_0012465,music_wav/114.wav,11872,12465,8725920,9161775,audio/finedance_114_0011872_0012465.wav,finedance_114_0011872_0012465.pkl,train
finedance_114_0012465_0013058,music_wav/114.wav,12465,13058,9161775,9597630,audio/finedance_114_0012465_0013058.wav,finedance_114_0012465_0013058.pkl,train
finedance_114_0013058_0013651,music_wav/114.wav,13058,13651,9597630,10033485,audio/finedance_114_0013058_0013651.wav,finedance_114_0013058_0013651.pkl,train
finedance_114_0013651_0014244,music_wav/114.wav,13651,14244,10033485,10469340,audio/finedance_114_0013651_0014244.wav,finedance_114_0013651_0014244.pkl,train
finedance_114_0014244_0014837,music_wav/114.wav,14244,14837,10469340,10905195,audio/finedance_114_0014244_0014837.wav,finedance_114_0014244_0014837.pkl,train
finedance_114_0014837_0015430,music_wav/114.wav,14837,15430,10905195,11341050,audio/finedance_114_0014837_0015430.wav,finedance_114_0014837_0015430.pkl,train
finedance_115_0000000_0000594,music_wav/115.wav,0,594,0,436590,audio/finedance_115_0000000_0000594.wav,finedance_115_0000000_0000594.pkl,train
finedance_115_0000594_0001188,music_wav/115.wav,594,1188,436590,873180,audio/finedance_115_0000594_0001188.wav,finedance_115_0000594_0001188.pkl,train
finedance_115_0001188_0001782,music_wav/115.wav,1188,1782,873180,1309770,audio/finedance_115_0001188_0001782.wav,finedance_115_0001188_0001782.pkl,train
finedance_115_0001782_0002376,music_wav/115.wav,1782,2376,1309770,1746360,audio/finedance_115_0001782_0002376.wav,finedance_115_0001782_0002376.pkl,train
finedance_115_0002376_0002970,music_wav/115.wav,2376,2970,1746360,2182950,audio/finedance_115_0002376_0002970.wav,finedance_115_0002376_0002970.pkl,train
finedance_115_0002970_0003564,music_wav/115.wav,2970,3564,2182950,2619540,audio/finedance_115_0002970_0003564.wav,finedance_115_0002970_0003564.pkl,train
finedance_115_0003564_0004158,music_wav/115.wav,3564,4158,2619540,3056130,audio/finedance_115_0003564_0004158.wav,finedance_115_0003564_0004158.pkl,train
finedance_115_0004158_0004752,music_wav/115.wav,4158,4752,3056130,3492720,audio/finedance_115_0004158_0004752.wav,finedance_115_0004158_0004752.pkl,train
finedance_115_0004752_0005346,music_wav/115.wav,4752,5346,3492720,3929310,audio/finedance_115_0004752_0005346.wav,finedance_115_0004752_0005346.pkl,train
finedance_115_0005346_0005940,music_wav/115.wav,5346,5940,3929310,4365900,audio/finedance_115_0005346_0005940.wav,finedance_115_0005346_0005940.pkl,train
finedance_115_0005940_0006534,music_wav/115.wav,5940,6534,4365900,4802490,audio/finedance_115_0005940_0006534.wav,finedance_115_0005940_0006534.pkl,train
finedance_115_0006534_0007128,music_wav/115.wav,6534,7128,4802490,5239080,audio/finedance_115_0006534_0007128.wav,finedance_115_0006534_0007128.pkl,train
finedance_115_0007128_0007721,music_wav/115.wav,7128,7721,5239080,5674935,audio/finedance_115_0007128_0007721.wav,finedance_115_0007128_0007721.pkl,train
finedance_115_0007721_0008314,music_wav/115.wav,7721,8314,5674935,6110790,audio/finedance_115_0007721_0008314.wav,finedance_115_0007721_0008314.pkl,train
finedance_115_0008314_0008907,music_wav/115.wav,8314,8907,6110790,6546645,audio/finedance_115_0008314_0008907.wav,finedance_115_0008314_0008907.pkl,train
finedance_115_0008907_0009500,music_wav/115.wav,8907,9500,6546645,6982500,audio/finedance_115_0008907_0009500.wav,finedance_115_0008907_0009500.pkl,train
finedance_115_0009500_0010093,music_wav/115.wav,9500,10093,6982500,7418355,audio/finedance_115_0009500_0010093.wav,finedance_115_0009500_0010093.pkl,train
finedance_115_0010093_0010686,music_wav/115.wav,10093,10686,7418355,7854210,audio/finedance_115_0010093_0010686.wav,finedance_115_0010093_0010686.pkl,train
finedance_115_0010686_0011279,music_wav/115.wav,10686,11279,7854210,8290065,audio/finedance_115_0010686_0011279.wav,finedance_115_0010686_0011279.pkl,train
finedance_115_0011279_0011872,music_wav/115.wav,11279,11872,8290065,8725920,audio/finedance_115_0011279_0011872.wav,finedance_115_0011279_0011872.pkl,train
finedance_115_0011872_0012465,music_wav/115.wav,11872,12465,8725920,9161775,audio/finedance_115_0011872_0012465.wav,finedance_115_0011872_0012465.pkl,train
finedance_115_0012465_0013058,music_wav/115.wav,12465,13058,9161775,9597630,audio/finedance_115_0012465_0013058.wav,finedance_115_0012465_0013058.pkl,train
finedance_115_0013058_0013651,music_wav/115.wav,13058,13651,9597630,10033485,audio/finedance_115_0013058_0013651.wav,finedance_115_0013058_0013651.pkl,train
finedance_115_0013651_0014244,music_wav/115.wav,13651,14244,10033485,10469340,audio/finedance_115_0013651_0014244.wav,finedance_115_0013651_0014244.pkl,train
finedance_115_0014244_0014837,music_wav/115.wav,14244,14837,10469340,10905195,audio/finedance_115_0014244_0014837.wav,finedance_115_0014244_0014837.pkl,train
finedance_115_0014837_0015430,music_wav/115.wav,14837,15430,10905195,11341050,audio/finedance_115_0014837_0015430.wav,finedance_115_0014837_0015430.pkl,train
finedance_124_0000000_0000611,music_wav/124.wav,0,611,0,449085,audio/finedance_124_0000000_0000611.wav,finedance_124_0000000_0000611.pkl,train
finedance_124_0000611_0001222,music_wav/124.wav,611,1222,449085,898170,audio/finedance_124_0000611_0001222.wav,finedance_124_0000611_0001222.pkl,train
finedance_124_0001222_0001833,music_wav/124.wav,1222,1833,898170,1347255,audio/finedance_124_0001222_0001833.wav,finedance_124_0001222_0001833.pkl,train
finedance_124_0001833_0002444,music_wav/124.wav,1833,2444,1347255,1796340,audio/finedance_124_0001833_0002444.wav,finedance_124_0001833_0002444.pkl,train
finedance_124_0002444_0003055,music_wav/124.wav,2444,3055,1796340,2245425,audio/finedance_124_0002444_0003055.wav,finedance_124_0002444_0003055.pkl,train
finedance_124_0003055_0003666,music_wav/124.wav,3055,3666,2245425,2694510,audio/finedance_124_0003055_0003666.wav,finedance_124_0003055_0003666.pkl,train
finedance_124_0003666_0004277,music_wav/124.wav,3666,4277,2694510,3143595,audio/finedance_124_0003666_0004277.wav,finedance_124_0003666_0004277.pkl,train
finedance_124_0004277_0004888,music_wav/124.wav,4277,4888,3143595,3592680,audio/finedance_124_0004277_0004888.wav,finedance_124_0004277_0004888.pkl,train
finedance_124_0004888_0005499,music_wav/124.wav,4888,5499,3592680,4041765,audio/finedance_124_0004888_0005499.wav,finedance_124_0004888_0005499.pkl,train
finedance_124_0005499_0006110,music_wav/124.wav,5499,6110,4041765,4490850,audio/finedance_124_0005499_0006110.wav,finedance_124_0005499_0006110.pkl,train
finedance_124_0006110_0006721,music_wav/124.wav,6110,6721,4490850,4939935,audio/finedance_124_0006110_0006721.wav,finedance_124_0006110_0006721.pkl,train
finedance_124_0006721_0007332,music_wav/124.wav,6721,7332,4939935,5389020,audio/finedance_124_0006721_0007332.wav,finedance_124_0006721_0007332.pkl,train
finedance_124_0007332_0007943,music_wav/124.wav,7332,7943,5389020,5838105,audio/finedance_124_0007332_0007943.wav,finedance_124_0007332_0007943.pkl,train
finedance_124_0007943_0008554,music_wav/124.wav,7943,8554,5838105,6287190,audio/finedance_124_0007943_0008554.wav,finedance_124_0007943_0008554.pkl,train
finedance_124_0008554_0009165,music_wav/124.wav,8554,9165,6287190,6736275,audio/finedance_124_0008554_0009165.wav,finedance_124_0008554_0009165.pkl,train
finedance_124_0009165_0009776,music_wav/124.wav,9165,9776,6736275,7185360,audio/finedance_124_0009165_0009776.wav,finedance_124_0009165_0009776.pkl,train
finedance_124_0009776_0010386,music_wav/124.wav,9776,10386,7185360,7633710,audio/finedance_124_0009776_0010386.wav,finedance_124_0009776_0010386.pkl,train
finedance_124_0010386_0010996,music_wav/124.wav,10386,10996,7633710,8082060,audio/finedance_124_0010386_0010996.wav,finedance_124_0010386_0010996.pkl,train
finedance_124_0010996_0011606,music_wav/124.wav,10996,11606,8082060,8530410,audio/finedance_124_0010996_0011606.wav,finedance_124_0010996_0011606.pkl,train
finedance_125_0000000_0000611,music_wav/125.wav,0,611,0,449085,audio/finedance_125_0000000_0000611.wav,finedance_125_0000000_0000611.pkl,train
finedance_125_0000611_0001222,music_wav/125.wav,611,1222,449085,898170,audio/finedance_125_0000611_0001222.wav,finedance_125_0000611_0001222.pkl,train
finedance_125_0001222_0001833,music_wav/125.wav,1222,1833,898170,1347255,audio/finedance_125_0001222_0001833.wav,finedance_125_0001222_0001833.pkl,train
finedance_125_0001833_0002444,music_wav/125.wav,1833,2444,1347255,1796340,audio/finedance_125_0001833_0002444.wav,finedance_125_0001833_0002444.pkl,train
finedance_125_0002444_0003055,music_wav/125.wav,2444,3055,1796340,2245425,audio/finedance_125_0002444_0003055.wav,finedance_125_0002444_0003055.pkl,train
finedance_125_0003055_0003666,music_wav/125.wav,3055,3666,2245425,2694510,audio/finedance_125_0003055_0003666.wav,finedance_125_0003055_0003666.pkl,train
finedance_125_0003666_0004277,music_wav/125.wav,3666,4277,2694510,3143595,audio/finedance_125_0003666_0004277.wav,finedance_125_0003666_0004277.pkl,train
finedance_125_0004277_0004888,music_wav/125.wav,4277,4888,3143595,3592680,audio/finedance_125_0004277_0004888.wav,finedance_125_0004277_0004888.pkl,train
finedance_125_0004888_0005499,music_wav/125.wav,4888,5499,3592680,4041765,audio/finedance_125_0004888_0005499.wav,finedance_125_0004888_0005499.pkl,train
finedance_125_0005499_0006110,music_wav/125.wav,5499,6110,4041765,4490850,audio/finedance_125_0005499_0006110.wav,finedance_125_0005499_0006110.pkl,train
finedance_125_0006110_0006721,music_wav/125.wav,6110,6721,4490850,4939935,audio/finedance_125_0006110_0006721.wav,finedance_125_0006110_0006721.pkl,train
finedance_125_0006721_0007332,music_wav/125.wav,6721,7332,4939935,5389020,audio/finedance_125_0006721_0007332.wav,finedance_125_0006721_0007332.pkl,train
finedance_125_0007332_0007943,music_wav/125.wav,7332,7943,5389020,5838105,audio/finedance_125_0007332_0007943.wav,finedance_125_0007332_0007943.pkl,train
finedance_125_0007943_0008554,music_wav/125.wav,7943,8554,5838105,6287190,audio/finedance_125_0007943_0008554.wav,finedance_125_0007943_0008554.pkl,train
finedance_125_0008554_0009165,music_wav/125.wav,8554,9165,6287190,6736275,audio/finedance_125_0008554_0009165.wav,finedance_125_0008554_0009165.pkl,train
finedance_125_0009165_0009776,music_wav/125.wav,9165,9776,6736275,7185360,audio/finedance_125_0009165_0009776.wav,finedance_125_0009165_0009776.pkl,train
finedance_125_0009776_0010386,music_wav/125.wav,9776,10386,7185360,7633710,audio/finedance_125_0009776_0010386.wav,finedance_125_0009776_0010386.pkl,train
finedance_125_0010386_0010996,music_wav/125.wav,10386,10996,7633710,8082060,audio/finedance_125_0010386_0010996.wav,finedance_125_0010386_0010996.pkl,train
finedance_125_0010996_0011606,music_wav/125.wav,10996,11606,8082060,8530410,audio/finedance_125_0010996_0011606.wav,finedance_125_0010996_0011606.pkl,train
finedance_126_0000000_0000617,music_wav/126.wav,0,617,0,453495,audio/finedance_126_0000000_0000617.wav,finedance_126_0000000_0000617.pkl,train
finedance_126_0000617_0001234,music_wav/126.wav,617,1234,453495,906990,audio/finedance_126_0000617_0001234.wav,finedance_126_0000617_0001234.pkl,train
finedance_126_0001234_0001851,music_wav/126.wav,1234,1851,906990,1360485,audio/finedance_126_0001234_0001851.wav,finedance_126_0001234_0001851.pkl,train
finedance_126_0001851_0002468,music_wav/126.wav,1851,2468,1360485,1813980,audio/finedance_126_0001851_0002468.wav,finedance_126_0001851_0002468.pkl,train
finedance_126_0002468_0003085,music_wav/126.wav,2468,3085,1813980,2267475,audio/finedance_126_0002468_0003085.wav,finedance_126_0002468_0003085.pkl,train
finedance_126_0003085_0003702,music_wav/126.wav,3085,3702,2267475,2720970,audio/finedance_126_0003085_0003702.wav,finedance_126_0003085_0003702.pkl,train
finedance_126_0003702_0004319,music_wav/126.wav,3702,4319,2720970,3174465,audio/finedance_126_0003702_0004319.wav,finedance_126_0003702_0004319.pkl,train
finedance_126_0004319_0004936,music_wav/126.wav,4319,4936,3174465,3627960,audio/finedance_126_0004319_0004936.wav,finedance_126_0004319_0004936.pkl,train
finedance_126_0004936_0005552,music_wav/126.wav,4936,5552,3627960,4080720,audio/finedance_126_0004936_0005552.wav,finedance_126_0004936_0005552.pkl,train
finedance_126_0005552_0006168,music_wav/126.wav,5552,6168,4080720,4533480,audio/finedance_126_0005552_0006168.wav,finedance_126_0005552_0006168.pkl,train
finedance_126_0006168_0006784,music_wav/126.wav,6168,6784,4533480,4986240,audio/finedance_126_0006168_0006784.wav,finedance_126_0006168_0006784.pkl,train
finedance_126_0006784_0007400,music_wav/126.wav,6784,7400,4986240,5439000,audio/finedance_126_0006784_0007400.wav,finedance_126_0006784_0007400.pkl,train
finedance_126_0007400_0008016,music_wav/126.wav,7400,8016,5439000,5891760,audio/finedance_126_0007400_0008016.wav,finedance_126_0007400_0008016.pkl,train
finedance_126_0008016_0008632,music_wav/126.wav,8016,8632,5891760,6344520,audio/finedance_126_0008016_0008632.wav,finedance_126_0008016_0008632.pkl,train
finedance_126_0008632_0009248,music_wav/126.wav,8632,9248,6344520,6797280,audio/finedance_126_0008632_0009248.wav,finedance_126_0008632_0009248.pkl,train
finedance_126_0009248_0009864,music_wav/126.wav,9248,9864,6797280,7250040,audio/finedance_126_0009248_0009864.wav,finedance_126_0009248_0009864.pkl,train
finedance_126_0009864_0010480,music_wav/126.wav,9864,10480,7250040,7702800,audio/finedance_126_0009864_0010480.wav,finedance_126_0009864_0010480.pkl,train
finedance_126_0010480_0011096,music_wav/126.wav,10480,11096,7702800,8155560,audio/finedance_126_0010480_0011096.wav,finedance_126_0010480_0011096.pkl,train
finedance_127_0000000_0000617,music_wav/127.wav,0,617,0,453495,audio/finedance_127_0000000_0000617.wav,finedance_127_0000000_0000617.pkl,train
finedance_127_0000617_0001234,music_wav/127.wav,617,1234,453495,906990,audio/finedance_127_0000617_0001234.wav,finedance_127_0000617_0001234.pkl,train
finedance_127_0001234_0001851,music_wav/127.wav,1234,1851,906990,1360485,audio/finedance_127_0001234_0001851.wav,finedance_127_0001234_0001851.pkl,train
finedance_127_0001851_0002468,music_wav/127.wav,1851,2468,1360485,1813980,audio/finedance_127_0001851_0002468.wav,finedance_127_0001851_0002468.pkl,train
finedance_127_0002468_0003085,music_wav/127.wav,2468,3085,1813980,2267475,audio/finedance_127_0002468_0003085.wav,finedance_127_0002468_0003085.pkl,train
finedance_127_0003085_0003702,music_wav/127.wav,3085,3702,2267475,2720970,audio/finedance_127_0003085_0003702.wav,finedance_127_0003085_0003702.pkl,train
finedance_127_0003702_0004319,music_wav/127.wav,3702,4319,2720970,3174465,audio/finedance_127_0003702_0004319.wav,finedance_127_0003702_0004319.pkl,train
finedance_127_0004319_0004936,music_wav/127.wav,4319,4936,3174465,3627960,audio/finedance_127_0004319_0004936.wav,finedance_127_0004319_0004936.pkl,train
finedance_127_0004936_0005552,music_wav/127.wav,4936,5552,3627960,4080720,audio/finedance_127_0004936_0005552.wav,finedance_127_0004936_0005552.pkl,train
finedance_127_0005552_0006168,music_wav/127.wav,5552,6168,4080720,4533480,audio/finedance_127_0005552_0006168.wav,finedance_127_0005552_0006168.pkl,train
finedance_127_0006168_0006784,music_wav/127.wav,6168,6784,4533480,4986240,audio/finedance_127_0006168_0006784.wav,finedance_127_0006168_0006784.pkl,train
finedance_127_0006784_0007400,music_wav/127.wav,6784,7400,4986240,5439000,audio/finedance_127_0006784_0007400.wav,finedance_127_0006784_0007400.pkl,train
finedance_127_0007400_0008016,music_wav/127.wav,7400,8016,5439000,5891760,audio/finedance_127_0007400_0008016.wav,finedance_127_0007400_0008016.pkl,train
finedance_127_0008016_0008632,music_wav/127.wav,8016,8632,5891760,6344520,audio/finedance_127_0008016_0008632.wav,finedance_127_0008016_0008632.pkl,train
finedance_127_0008632_0009248,music_wav/127.wav,8632,9248,6344520,6797280,audio/finedance_127_0008632_0009248.wav,finedance_127_0008632_0009248.pkl,train
finedance_127_0009248_0009864,music_wav/127.wav,9248,9864,6797280,7250040,audio/finedance_127_0009248_0009864.wav,finedance_127_0009248_0009864.pkl,train
finedance_127_0009864_0010480,music_wav/127.wav,9864,10480,7250040,7702800,audio/finedance_127_0009864_0010480.wav,finedance_127_0009864_0010480.pkl,train
finedance_127_0010480_0011096,music_wav/127.wav,10480,11096,7702800,8155560,audio/finedance_127_0010480_0011096.wav,finedance_127_0010480_0011096.pkl,train
finedance_128_0000000_0000602,music_wav/128.wav,0,602,0,442470,audio/finedance_128_0000000_0000602.wav,finedance_128_0000000_0000602.pkl,train
finedance_128_0000602_0001204,music_wav/128.wav,602,1204,442470,884940,audio/finedance_128_0000602_0001204.wav,finedance_128_0000602_0001204.pkl,train
finedance_128_0001204_0001806,music_wav/128.wav,1204,1806,884940,1327410,audio/finedance_128_0001204_0001806.wav,finedance_128_0001204_0001806.pkl,train
finedance_128_0001806_0002408,music_wav/128.wav,1806,2408,1327410,1769880,audio/finedance_128_0001806_0002408.wav,finedance_128_0001806_0002408.pkl,train
finedance_128_0002408_0003010,music_wav/128.wav,2408,3010,1769880,2212350,audio/finedance_128_0002408_0003010.wav,finedance_128_0002408_0003010.pkl,train
finedance_128_0003010_0003612,music_wav/128.wav,3010,3612,2212350,2654820,audio/finedance_128_0003010_0003612.wav,finedance_128_0003010_0003612.pkl,train
finedance_128_0003612_0004214,music_wav/128.wav,3612,4214,2654820,3097290,audio/finedance_128_0003612_0004214.wav,finedance_128_0003612_0004214.pkl,train
finedance_128_0004214_0004816,music_wav/128.wav,4214,4816,3097290,3539760,audio/finedance_128_0004214_0004816.wav,finedance_128_0004214_0004816.pkl,train
finedance_128_0004816_0005418,music_wav/128.wav,4816,5418,3539760,3982230,audio/finedance_128_0004816_0005418.wav,finedance_128_0004816_0005418.pkl,train
finedance_128_0005418_0006020,music_wav/128.wav,5418,6020,3982230,4424700,audio/finedance_128_0005418_0006020.wav,finedance_128_0005418_0006020.pkl,train
finedance_128_0006020_0006622,music_wav/128.wav,6020,6622,4424700,4867170,audio/finedance_128_0006020_0006622.wav,finedance_128_0006020_0006622.pkl,train
finedance_128_0006622_0007224,music_wav/128.wav,6622,7224,4867170,5309640,audio/finedance_128_0006622_0007224.wav,finedance_128_0006622_0007224.pkl,train
finedance_128_0007224_0007825,music_wav/128.wav,7224,7825,5309640,5751375,audio/finedance_128_0007224_0007825.wav,finedance_128_0007224_0007825.pkl,train
finedance_128_0007825_0008426,music_wav/128.wav,7825,8426,5751375,6193110,audio/finedance_128_0007825_0008426.wav,finedance_128_0007825_0008426.pkl,train
finedance_128_0008426_0009027,music_wav/128.wav,8426,9027,6193110,6634845,audio/finedance_128_0008426_0009027.wav,finedance_128_0008426_0009027.pkl,train
finedance_128_0009027_0009628,music_wav/128.wav,9027,9628,6634845,7076580,audio/finedance_128_0009027_0009628.wav,finedance_128_0009027_0009628.pkl,train
finedance_128_0009628_0010229,music_wav/128.wav,9628,10229,7076580,7518315,audio/finedance_128_0009628_0010229.wav,finedance_128_0009628_0010229.pkl,train
finedance_128_0010229_0010830,music_wav/128.wav,10229,10830,7518315,7960050,audio/finedance_128_0010229_0010830.wav,finedance_128_0010229_0010830.pkl,train
finedance_128_0010830_0011431,music_wav/128.wav,10830,11431,7960050,8401785,audio/finedance_128_0010830_0011431.wav,finedance_128_0010830_0011431.pkl,train
finedance_128_0011431_0012032,music_wav/128.wav,11431,12032,8401785,8843520,audio/finedance_128_0011431_0012032.wav,finedance_128_0011431_0012032.pkl,train
finedance_128_0012032_0012633,music_wav/128.wav,12032,12633,8843520,9285255,audio/finedance_128_0012032_0012633.wav,finedance_128_0012032_0012633.pkl,train
finedance_128_0012633_0013234,music_wav/128.wav,12633,13234,9285255,9726990,audio/finedance_128_0012633_0013234.wav,finedance_128_0012633_0013234.pkl,train
finedance_129_0000000_0000602,music_wav/129.wav,0,602,0,442470,audio/finedance_129_0000000_0000602.wav,finedance_129_0000000_0000602.pkl,train
finedance_129_0000602_0001204,music_wav/129.wav,602,1204,442470,884940,audio/finedance_129_0000602_0001204.wav,finedance_129_0000602_0001204.pkl,train
finedance_129_0001204_0001806,music_wav/129.wav,1204,1806,884940,1327410,audio/finedance_129_0001204_0001806.wav,finedance_129_0001204_0001806.pkl,train
finedance_129_0001806_0002408,music_wav/129.wav,1806,2408,1327410,1769880,audio/finedance_129_0001806_0002408.wav,finedance_129_0001806_0002408.pkl,train
finedance_129_0002408_0003010,music_wav/129.wav,2408,3010,1769880,2212350,audio/finedance_129_0002408_0003010.wav,finedance_129_0002408_0003010.pkl,train
finedance_129_0003010_0003612,music_wav/129.wav,3010,3612,2212350,2654820,audio/finedance_129_0003010_0003612.wav,finedance_129_0003010_0003612.pkl,train
finedance_129_0003612_0004214,music_wav/129.wav,3612,4214,2654820,3097290,audio/finedance_129_0003612_0004214.wav,finedance_129_0003612_0004214.pkl,train
finedance_129_0004214_0004816,music_wav/129.wav,4214,4816,3097290,3539760,audio/finedance_129_0004214_0004816.wav,finedance_129_0004214_0004816.pkl,train
finedance_129_0004816_0005418,music_wav/129.wav,4816,5418,3539760,3982230,audio/finedance_129_0004816_0005418.wav,finedance_129_0004816_0005418.pkl,train
finedance_129_0005418_0006020,music_wav/129.wav,5418,6020,3982230,4424700,audio/finedance_129_0005418_0006020.wav,finedance_129_0005418_0006020.pkl,train
finedance_129_0006020_0006622,music_wav/129.wav,6020,6622,4424700,4867170,audio/finedance_129_0006020_0006622.wav,finedance_129_0006020_0006622.pkl,train
finedance_129_0006622_0007224,music_wav/129.wav,6622,7224,4867170,5309640,audio/finedance_129_0006622_0007224.wav,finedance_129_0006622_0007224.pkl,train
finedance_129_0007224_0007825,music_wav/129.wav,7224,7825,5309640,5751375,audio/finedance_129_0007224_0007825.wav,finedance_129_0007224_0007825.pkl,train
finedance_129_0007825_0008426,music_wav/129.wav,7825,8426,5751375,6193110,audio/finedance_129_0007825_0008426.wav,finedance_129_0007825_0008426.pkl,train
finedance_129_0008426_0009027,music_wav/129.wav,8426,9027,6193110,6634845,audio/finedance_129_0008426_0009027.wav,finedance_129_0008426_0009027.pkl,train
finedance_129_0009027_0009628,music_wav/129.wav,9027,9628,6634845,7076580,audio/finedance_129_0009027_0009628.wav,finedance_129_0009027_0009628.pkl,train
finedance_129_0009628_0010229,music_wav/129.wav,9628,10229,7076580,7518315,audio/finedance_129_0009628_0010229.wav,finedance_129_0009628_0010229.pkl,train
finedance_129_0010229_0010830,music_wav/129.wav,10229,10830,7518315,7960050,audio/finedance_129_0010229_0010830.wav,finedance_129_0010229_0010830.pkl,train
finedance_129_0010830_0011431,music_wav/129.wav,10830,11431,7960050,8401785,audio/finedance_129_0010830_0011431.wav,finedance_129_0010830_0011431.pkl,train
finedance_129_0011431_0012032,music_wav/129.wav,11431,12032,8401785,8843520,audio/finedance_129_0011431_0012032.wav,finedance_129_0011431_0012032.pkl,train
finedance_129_0012032_0012633,music_wav/129.wav,12032,12633,8843520,9285255,audio/finedance_129_0012032_0012633.wav,finedance_129_0012032_0012633.pkl,train
finedance_129_0012633_0013234,music_wav/129.wav,12633,13234,9285255,9726990,audio/finedance_129_0012633_0013234.wav,finedance_129_0012633_0013234.pkl,train
finedance_132_0000000_0000625,music_wav/132.wav,0,625,0,459375,audio/finedance_132_0000000_0000625.wav,finedance_132_0000000_0000625.pkl,test
finedance_132_0000625_0001250,music_wav/132.wav,625,1250,459375,918750,audio/finedance_132_0000625_0001250.wav,finedance_132_0000625_0001250.pkl,test
finedance_132_0001250_0001875,music_wav/132.wav,1250,1875,918750,1378125,audio/finedance_132_0001250_0001875.wav,finedance_132_0001250_0001875.pkl,test
finedance_132_0001875_0002500,music_wav/132.wav,1875,2500,1378125,1837500,audio/finedance_132_0001875_0002500.wav,finedance_132_0001875_0002500.pkl,test
finedance_132_0002500_0003125,music_wav/132.wav,2500,3125,1837500,2296875,audio/finedance_132_0002500_0003125.wav,finedance_132_0002500_0003125.pkl,test
finedance_132_0003125_0003750,music_wav/132.wav,3125,3750,2296875,2756250,audio/finedance_132_0003125_0003750.wav,finedance_132_0003125_0003750.pkl,test
finedance_133_0000000_0000625,music_wav/133.wav,0,625,0,459375,audio/finedance_133_0000000_0000625.wav,finedance_133_0000000_0000625.pkl,train
finedance_133_0000625_0001250,music_wav/133.wav,625,1250,459375,918750,audio/finedance_133_0000625_0001250.wav,finedance_133_0000625_0001250.pkl,train
finedance_133_0001250_0001875,music_wav/133.wav,1250,1875,918750,1378125,audio/finedance_133_0001250_0001875.wav,finedance_133_0001250_0001875.pkl,train
finedance_133_0001875_0002500,music_wav/133.wav,1875,2500,1378125,1837500,audio/finedance_133_0001875_0002500.wav,finedance_133_0001875_0002500.pkl,train
finedance_133_0002500_0003125,music_wav/133.wav,2500,3125,1837500,2296875,audio/finedance_133_0002500_0003125.wav,finedance_133_0002500_0003125.pkl,train
finedance_133_0003125_0003750,music_wav/133.wav,3125,3750,2296875,2756250,audio/finedance_133_0003125_0003750.wav,finedance_133_0003125_0003750.pkl,train
finedance_134_0000000_0000593,music_wav/134.wav,0,593,0,435855,audio/finedance_134_0000000_0000593.wav,finedance_134_0000000_0000593.pkl,train
finedance_134_0000593_0001186,music_wav/134.wav,593,1186,435855,871710,audio/finedance_134_0000593_0001186.wav,finedance_134_0000593_0001186.pkl,train
finedance_134_0001186_0001779,music_wav/134.wav,1186,1779,871710,1307565,audio/finedance_134_0001186_0001779.wav,finedance_134_0001186_0001779.pkl,train
finedance_134_0001779_0002372,music_wav/134.wav,1779,2372,1307565,1743420,audio/finedance_134_0001779_0002372.wav,finedance_134_0001779_0002372.pkl,train
finedance_134_0002372_0002965,music_wav/134.wav,2372,2965,1743420,2179275,audio/finedance_134_0002372_0002965.wav,finedance_134_0002372_0002965.pkl,train
finedance_134_0002965_0003558,music_wav/134.wav,2965,3558,2179275,2615130,audio/finedance_134_0002965_0003558.wav,finedance_134_0002965_0003558.pkl,train
finedance_134_0003558_0004151,music_wav/134.wav,3558,4151,2615130,3050985,audio/finedance_134_0003558_0004151.wav,finedance_134_0003558_0004151.pkl,train
finedance_134_0004151_0004744,music_wav/134.wav,4151,4744,3050985,3486840,audio/finedance_134_0004151_0004744.wav,finedance_134_0004151_0004744.pkl,train
finedance_134_0004744_0005337,music_wav/134.wav,4744,5337,3486840,3922695,audio/finedance_134_0004744_0005337.wav,finedance_134_0004744_0005337.pkl,train
finedance_134_0005337_0005930,music_wav/134.wav,5337,5930,3922695,4358550,audio/finedance_134_0005337_0005930.wav,finedance_134_0005337_0005930.pkl,train
finedance_134_0005930_0006523,music_wav/134.wav,5930,6523,4358550,4794405,audio/finedance_134_0005930_0006523.wav,finedance_134_0005930_0006523.pkl,train
finedance_134_0006523_0007116,music_wav/134.wav,6523,7116,4794405,5230260,audio/finedance_134_0006523_0007116.wav,finedance_134_0006523_0007116.pkl,train
finedance_134_0007116_0007708,music_wav/134.wav,7116,7708,5230260,5665380,audio/finedance_134_0007116_0007708.wav,finedance_134_0007116_0007708.pkl,train
finedance_134_0007708_0008300,music_wav/134.wav,7708,8300,5665380,6100500,audio/finedance_134_0007708_0008300.wav,finedance_134_0007708_0008300.pkl,train
finedance_134_0008300_0008892,music_wav/134.wav,8300,8892,6100500,6535620,audio/finedance_134_0008300_0008892.wav,finedance_134_0008300_0008892.pkl,train
finedance_134_0008892_0009484,music_wav/134.wav,8892,9484,6535620,6970740,audio/finedance_134_0008892_0009484.wav,finedance_134_0008892_0009484.pkl,train
finedance_134_0009484_0010076,music_wav/134.wav,9484,10076,6970740,7405860,audio/finedance_134_0009484_0010076.wav,finedance_134_0009484_0010076.pkl,train
finedance_134_0010076_0010668,music_wav/134.wav,10076,10668,7405860,7840980,audio/finedance_134_0010076_0010668.wav,finedance_134_0010076_0010668.pkl,train
finedance_134_0010668_0011260,music_wav/134.wav,10668,11260,7840980,8276100,audio/finedance_134_0010668_0011260.wav,finedance_134_0010668_0011260.pkl,train
finedance_134_0011260_0011852,music_wav/134.wav,11260,11852,8276100,8711220,audio/finedance_134_0011260_0011852.wav,finedance_134_0011260_0011852.pkl,train
finedance_134_0011852_0012444,music_wav/134.wav,11852,12444,8711220,9146340,audio/finedance_134_0011852_0012444.wav,finedance_134_0011852_0012444.pkl,train
finedance_134_0012444_0013036,music_wav/134.wav,12444,13036,9146340,9581460,audio/finedance_134_0012444_0013036.wav,finedance_134_0012444_0013036.pkl,train
finedance_134_0013036_0013628,music_wav/134.wav,13036,13628,9581460,10016580,audio/finedance_134_0013036_0013628.wav,finedance_134_0013036_0013628.pkl,train
finedance_135_0000000_0000593,music_wav/135.wav,0,593,0,435855,audio/finedance_135_0000000_0000593.wav,finedance_135_0000000_0000593.pkl,train
finedance_135_0000593_0001186,music_wav/135.wav,593,1186,435855,871710,audio/finedance_135_0000593_0001186.wav,finedance_135_0000593_0001186.pkl,train
finedance_135_0001186_0001779,music_wav/135.wav,1186,1779,871710,1307565,audio/finedance_135_0001186_0001779.wav,finedance_135_0001186_0001779.pkl,train
finedance_135_0001779_0002372,music_wav/135.wav,1779,2372,1307565,1743420,audio/finedance_135_0001779_0002372.wav,finedance_135_0001779_0002372.pkl,train
finedance_135_0002372_0002965,music_wav/135.wav,2372,2965,1743420,2179275,audio/finedance_135_0002372_0002965.wav,finedance_135_0002372_0002965.pkl,train
finedance_135_0002965_0003558,music_wav/135.wav,2965,3558,2179275,2615130,audio/finedance_135_0002965_0003558.wav,finedance_135_0002965_0003558.pkl,train
finedance_135_0003558_0004151,music_wav/135.wav,3558,4151,2615130,3050985,audio/finedance_135_0003558_0004151.wav,finedance_135_0003558_0004151.pkl,train
finedance_135_0004151_0004744,music_wav/135.wav,4151,4744,3050985,3486840,audio/finedance_135_0004151_0004744.wav,finedance_135_0004151_0004744.pkl,train
finedance_135_0004744_0005337,music_wav/135.wav,4744,5337,3486840,3922695,audio/finedance_135_0004744_0005337.wav,finedance_135_0004744_0005337.pkl,train
finedance_135_0005337_0005930,music_wav/135.wav,5337,5930,3922695,4358550,audio/finedance_135_0005337_0005930.wav,finedance_135_0005337_0005930.pkl,train
finedance_135_0005930_0006523,music_wav/135.wav,5930,6523,4358550,4794405,audio/finedance_135_0005930_0006523.wav,finedance_135_0005930_0006523.pkl,train
finedance_135_0006523_0007116,music_wav/135.wav,6523,7116,4794405,5230260,audio/finedance_135_0006523_0007116.wav,finedance_135_0006523_0007116.pkl,train
finedance_135_0007116_0007708,music_wav/135.wav,7116,7708,5230260,5665380,audio/finedance_135_0007116_0007708.wav,finedance_135_0007116_0007708.pkl,train
finedance_135_0007708_0008300,music_wav/135.wav,7708,8300,5665380,6100500,audio/finedance_135_0007708_0008300.wav,finedance_135_0007708_0008300.pkl,train
finedance_135_0008300_0008892,music_wav/135.wav,8300,8892,6100500,6535620,audio/finedance_135_0008300_0008892.wav,finedance_135_0008300_0008892.pkl,train
finedance_135_0008892_0009484,music_wav/135.wav,8892,9484,6535620,6970740,audio/finedance_135_0008892_0009484.wav,finedance_135_0008892_0009484.pkl,train
finedance_135_0009484_0010076,music_wav/135.wav,9484,10076,6970740,7405860,audio/finedance_135_0009484_0010076.wav,finedance_135_0009484_0010076.pkl,train
finedance_135_0010076_0010668,music_wav/135.wav,10076,10668,7405860,7840980,audio/finedance_135_0010076_0010668.wav,finedance_135_0010076_0010668.pkl,train
finedance_135_0010668_0011260,music_wav/135.wav,10668,11260,7840980,8276100,audio/finedance_135_0010668_0011260.wav,finedance_135_0010668_0011260.pkl,train
finedance_135_0011260_0011852,music_wav/135.wav,11260,11852,8276100,8711220,audio/finedance_135_0011260_0011852.wav,finedance_135_0011260_0011852.pkl,train
finedance_135_0011852_0012444,music_wav/135.wav,11852,12444,8711220,9146340,audio/finedance_135_0011852_0012444.wav,finedance_135_0011852_0012444.pkl,train
finedance_135_0012444_0013036,music_wav/135.wav,12444,13036,9146340,9581460,audio/finedance_135_0012444_0013036.wav,finedance_135_0012444_0013036.pkl,train
finedance_135_0013036_0013628,music_wav/135.wav,13036,13628,9581460,10016580,audio/finedance_135_0013036_0013628.wav,finedance_135_0013036_0013628.pkl,train
finedance_136_0000000_0000614,music_wav/136.wav,0,614,0,451290,audio/finedance_136_0000000_0000614.wav,finedance_136_0000000_0000614.pkl,train
finedance_136_0000614_0001228,music_wav/136.wav,614,1228,451290,902580,audio/finedance_136_0000614_0001228.wav,finedance_136_0000614_0001228.pkl,train
finedance_136_0001228_0001842,music_wav/136.wav,1228,1842,902580,1353870,audio/finedance_136_0001228_0001842.wav,finedance_136_0001228_0001842.pkl,train
finedance_136_0001842_0002456,music_wav/136.wav,1842,2456,1353870,1805160,audio/finedance_136_0001842_0002456.wav,finedance_136_0001842_0002456.pkl,train
finedance_136_0002456_0003070,music_wav/136.wav,2456,3070,1805160,2256450,audio/finedance_136_0002456_0003070.wav,finedance_136_0002456_0003070.pkl,train
finedance_136_0003070_0003684,music_wav/136.wav,3070,3684,2256450,2707740,audio/finedance_136_0003070_0003684.wav,finedance_136_0003070_0003684.pkl,train
finedance_136_0003684_0004297,music_wav/136.wav,3684,4297,2707740,3158295,audio/finedance_136_0003684_0004297.wav,finedance_136_0003684_0004297.pkl,train
finedance_136_0004297_0004910,music_wav/136.wav,4297,4910,3158295,3608850,audio/finedance_136_0004297_0004910.wav,finedance_136_0004297_0004910.pkl,train
finedance_136_0004910_0005523,music_wav/136.wav,4910,5523,3608850,4059405,audio/finedance_136_0004910_0005523.wav,finedance_136_0004910_0005523.pkl,train
finedance_136_0005523_0006136,music_wav/136.wav,5523,6136,4059405,4509960,audio/finedance_136_0005523_0006136.wav,finedance_136_0005523_0006136.pkl,train
finedance_137_0000000_0000614,music_wav/137.wav,0,614,0,451290,audio/finedance_137_0000000_0000614.wav,finedance_137_0000000_0000614.pkl,test
finedance_137_0000614_0001228,music_wav/137.wav,614,1228,451290,902580,audio/finedance_137_0000614_0001228.wav,finedance_137_0000614_0001228.pkl,test
finedance_137_0001228_0001842,music_wav/137.wav,1228,1842,902580,1353870,audio/finedance_137_0001228_0001842.wav,finedance_137_0001228_0001842.pkl,test
finedance_137_0001842_0002456,music_wav/137.wav,1842,2456,1353870,1805160,audio/finedance_137_0001842_0002456.wav,finedance_137_0001842_0002456.pkl,test
finedance_137_0002456_0003070,music_wav/137.wav,2456,3070,1805160,2256450,audio/finedance_137_0002456_0003070.wav,finedance_137_0002456_0003070.pkl,test
finedance_137_0003070_0003684,music_wav/137.wav,3070,3684,2256450,2707740,audio/finedance_137_0003070_0003684.wav,finedance_137_0003070_0003684.pkl,test
finedance_137_0003684_0004297,music_wav/137.wav,3684,4297,2707740,3158295,audio/finedance_137_0003684_0004297.wav,finedance_137_0003684_0004297.pkl,test
finedance_137_0004297_0004910,music_wav/137.wav,4297,4910,3158295,3608850,audio/finedance_137_0004297_0004910.wav,finedance_137_0004297_0004910.pkl,test
finedance_137_0004910_0005523,music_wav/137.wav,4910,5523,3608850,4059405,audio/finedance_137_0004910_0005523.wav,finedance_137_0004910_0005523.pkl,test
finedance_137_0005523_0006136,music_wav/137.wav,5523,6136,4059405,4509960,audio/finedance_137_0005523_0006136.wav,finedance_137_0005523_0006136.pkl,test
finedance_138_0000000_0000597,music_wav/138.wav,0,597,0,438795,audio/finedance_138_0000000_0000597.wav,finedance_138_0000000_0000597.pkl,train
finedance_138_0000597_0001194,music_wav/138.wav,597,1194,438795,877590,audio/finedance_138_0000597_0001194.wav,finedance_138_0000597_0001194.pkl,train
finedance_138_0001194_0001791,music_wav/138.wav,1194,1791,877590,1316385,audio/finedance_138_0001194_0001791.wav,finedance_138_0001194_0001791.pkl,train
finedance_138_0001791_0002388,music_wav/138.wav,1791,2388,1316385,1755180,audio/finedance_138_0001791_0002388.wav,finedance_138_0001791_0002388.pkl,train
finedance_138_0002388_0002985,music_wav/138.wav,2388,2985,1755180,2193975,audio/finedance_138_0002388_0002985.wav,finedance_138_0002388_0002985.pkl,train
finedance_138_0002985_0003582,music_wav/138.wav,2985,3582,2193975,2632770,audio/finedance_138_0002985_0003582.wav,finedance_138_0002985_0003582.pkl,train
finedance_138_0003582_0004179,music_wav/138.wav,3582,4179,2632770,3071565,audio/finedance_138_0003582_0004179.wav,finedance_138_0003582_0004179.pkl,train
finedance_138_0004179_0004776,music_wav/138.wav,4179,4776,3071565,3510360,audio/finedance_138_0004179_0004776.wav,finedance_138_0004179_0004776.pkl,train
finedance_138_0004776_0005373,music_wav/138.wav,4776,5373,3510360,3949155,audio/finedance_138_0004776_0005373.wav,finedance_138_0004776_0005373.pkl,train
finedance_138_0005373_0005970,music_wav/138.wav,5373,5970,3949155,4387950,audio/finedance_138_0005373_0005970.wav,finedance_138_0005373_0005970.pkl,train
finedance_138_0005970_0006567,music_wav/138.wav,5970,6567,4387950,4826745,audio/finedance_138_0005970_0006567.wav,finedance_138_0005970_0006567.pkl,train
finedance_138_0006567_0007164,music_wav/138.wav,6567,7164,4826745,5265540,audio/finedance_138_0006567_0007164.wav,finedance_138_0006567_0007164.pkl,train
finedance_138_0007164_0007761,music_wav/138.wav,7164,7761,5265540,5704335,audio/finedance_138_0007164_0007761.wav,finedance_138_0007164_0007761.pkl,train
finedance_138_0007761_0008358,music_wav/138.wav,7761,8358,5704335,6143130,audio/finedance_138_0007761_0008358.wav,finedance_138_0007761_0008358.pkl,train
finedance_138_0008358_0008954,music_wav/138.wav,8358,8954,6143130,6581190,audio/finedance_138_0008358_0008954.wav,finedance_138_0008358_0008954.pkl,train
finedance_138_0008954_0009550,music_wav/138.wav,8954,9550,6581190,7019250,audio/finedance_138_0008954_0009550.wav,finedance_138_0008954_0009550.pkl,train
finedance_139_0000000_0000597,music_wav/139.wav,0,597,0,438795,audio/finedance_139_0000000_0000597.wav,finedance_139_0000000_0000597.pkl,train
finedance_139_0000597_0001194,music_wav/139.wav,597,1194,438795,877590,audio/finedance_139_0000597_0001194.wav,finedance_139_0000597_0001194.pkl,train
finedance_139_0001194_0001791,music_wav/139.wav,1194,1791,877590,1316385,audio/finedance_139_0001194_0001791.wav,finedance_139_0001194_0001791.pkl,train
finedance_139_0001791_0002388,music_wav/139.wav,1791,2388,1316385,1755180,audio/finedance_139_0001791_0002388.wav,finedance_139_0001791_0002388.pkl,train
finedance_139_0002388_0002985,music_wav/139.wav,2388,2985,1755180,2193975,audio/finedance_139_0002388_0002985.wav,finedance_139_0002388_0002985.pkl,train
finedance_139_0002985_0003582,music_wav/139.wav,2985,3582,2193975,2632770,audio/finedance_139_0002985_0003582.wav,finedance_139_0002985_0003582.pkl,train
finedance_139_0003582_0004179,music_wav/139.wav,3582,4179,2632770,3071565,audio/finedance_139_0003582_0004179.wav,finedance_139_0003582_0004179.pkl,train
finedance_139_0004179_0004776,music_wav/139.wav,4179,4776,3071565,3510360,audio/finedance_139_0004179_0004776.wav,finedance_139_0004179_0004776.pkl,train
finedance_139_0004776_0005373,music_wav/139.wav,4776,5373,3510360,3949155,audio/finedance_139_0004776_0005373.wav,finedance_139_0004776_0005373.pkl,train
finedance_139_0005373_0005970,music_wav/139.wav,5373,5970,3949155,4387950,audio/finedance_139_0005373_0005970.wav,finedance_139_0005373_0005970.pkl,train
finedance_139_0005970_0006567,music_wav/139.wav,5970,6567,4387950,4826745,audio/finedance_139_0005970_0006567.wav,finedance_139_0005970_0006567.pkl,train
finedance_139_0006567_0007164,music_wav/139.wav,6567,7164,4826745,5265540,audio/finedance_139_0006567_0007164.wav,finedance_139_0006567_0007164.pkl,train
finedance_139_0007164_0007761,music_wav/139.wav,7164,7761,5265540,5704335,audio/finedance_139_0007164_0007761.wav,finedance_139_0007164_0007761.pkl,train
finedance_139_0007761_0008358,music_wav/139.wav,7761,8358,5704335,6143130,audio/finedance_139_0007761_0008358.wav,finedance_139_0007761_0008358.pkl,train
finedance_139_0008358_0008954,music_wav/139.wav,8358,8954,6143130,6581190,audio/finedance_139_0008358_0008954.wav,finedance_139_0008358_0008954.pkl,train
finedance_139_0008954_0009550,music_wav/139.wav,8954,9550,6581190,7019250,audio/finedance_139_0008954_0009550.wav,finedance_139_0008954_0009550.pkl,train
finedance_140_0000000_0000611,music_wav/140.wav,0,611,0,449085,audio/finedance_140_0000000_0000611.wav,finedance_140_0000000_0000611.pkl,train
finedance_140_0000611_0001222,music_wav/140.wav,611,1222,449085,898170,audio/finedance_140_0000611_0001222.wav,finedance_140_0000611_0001222.pkl,train
finedance_140_0001222_0001833,music_wav/140.wav,1222,1833,898170,1347255,audio/finedance_140_0001222_0001833.wav,finedance_140_0001222_0001833.pkl,train
finedance_140_0001833_0002444,music_wav/140.wav,1833,2444,1347255,1796340,audio/finedance_140_0001833_0002444.wav,finedance_140_0001833_0002444.pkl,train
finedance_140_0002444_0003055,music_wav/140.wav,2444,3055,1796340,2245425,audio/finedance_140_0002444_0003055.wav,finedance_140_0002444_0003055.pkl,train
finedance_140_0003055_0003666,music_wav/140.wav,3055,3666,2245425,2694510,audio/finedance_140_0003055_0003666.wav,finedance_140_0003055_0003666.pkl,train
finedance_140_0003666_0004277,music_wav/140.wav,3666,4277,2694510,3143595,audio/finedance_140_0003666_0004277.wav,finedance_140_0003666_0004277.pkl,train
finedance_140_0004277_0004888,music_wav/140.wav,4277,4888,3143595,3592680,audio/finedance_140_0004277_0004888.wav,finedance_140_0004277_0004888.pkl,train
finedance_140_0004888_0005499,music_wav/140.wav,4888,5499,3592680,4041765,audio/finedance_140_0004888_0005499.wav,finedance_140_0004888_0005499.pkl,train
finedance_140_0005499_0006110,music_wav/140.wav,5499,6110,4041765,4490850,audio/finedance_140_0005499_0006110.wav,finedance_140_0005499_0006110.pkl,train
finedance_140_0006110_0006720,music_wav/140.wav,6110,6720,4490850,4939200,audio/finedance_140_0006110_0006720.wav,finedance_140_0006110_0006720.pkl,train
finedance_140_0006720_0007330,music_wav/140.wav,6720,7330,4939200,5387550,audio/finedance_140_0006720_0007330.wav,finedance_140_0006720_0007330.pkl,train
finedance_140_0007330_0007940,music_wav/140.wav,7330,7940,5387550,5835900,audio/finedance_140_0007330_0007940.wav,finedance_140_0007330_0007940.pkl,train
finedance_140_0007940_0008550,music_wav/140.wav,7940,8550,5835900,6284250,audio/finedance_140_0007940_0008550.wav,finedance_140_0007940_0008550.pkl,train
finedance_140_0008550_0009160,music_wav/140.wav,8550,9160,6284250,6732600,audio/finedance_140_0008550_0009160.wav,finedance_140_0008550_0009160.pkl,train
finedance_140_0009160_0009770,music_wav/140.wav,9160,9770,6732600,7180950,audio/finedance_140_0009160_0009770.wav,finedance_140_0009160_0009770.pkl,train
finedance_140_0009770_0010380,music_wav/140.wav,9770,10380,7180950,7629300,audio/finedance_140_0009770_0010380.wav,finedance_140_0009770_0010380.pkl,train
finedance_140_0010380_0010990,music_wav/140.wav,10380,10990,7629300,8077650,audio/finedance_140_0010380_0010990.wav,finedance_140_0010380_0010990.pkl,train
finedance_140_0010990_0011600,music_wav/140.wav,10990,11600,8077650,8526000,audio/finedance_140_0010990_0011600.wav,finedance_140_0010990_0011600.pkl,train
finedance_140_0011600_0012210,music_wav/140.wav,11600,12210,8526000,8974350,audio/finedance_140_0011600_0012210.wav,finedance_140_0011600_0012210.pkl,train
finedance_140_0012210_0012820,music_wav/140.wav,12210,12820,8974350,9422700,audio/finedance_140_0012210_0012820.wav,finedance_140_0012210_0012820.pkl,train
finedance_140_0012820_0013430,music_wav/140.wav,12820,13430,9422700,9871050,audio/finedance_140_0012820_0013430.wav,finedance_140_0012820_0013430.pkl,train
finedance_140_0013430_0014040,music_wav/140.wav,13430,14040,9871050,10319400,audio/finedance_140_0013430_0014040.wav,finedance_140_0013430_0014040.pkl,train
finedance_141_0000000_0000611,music_wav/141.wav,0,611,0,449085,audio/finedance_141_0000000_0000611.wav,finedance_141_0000000_0000611.pkl,train
finedance_141_0000611_0001222,music_wav/141.wav,611,1222,449085,898170,audio/finedance_141_0000611_0001222.wav,finedance_141_0000611_0001222.pkl,train
finedance_141_0001222_0001833,music_wav/141.wav,1222,1833,898170,1347255,audio/finedance_141_0001222_0001833.wav,finedance_141_0001222_0001833.pkl,train
finedance_141_0001833_0002444,music_wav/141.wav,1833,2444,1347255,1796340,audio/finedance_141_0001833_0002444.wav,finedance_141_0001833_0002444.pkl,train
finedance_141_0002444_0003055,music_wav/141.wav,2444,3055,1796340,2245425,audio/finedance_141_0002444_0003055.wav,finedance_141_0002444_0003055.pkl,train
finedance_141_0003055_0003666,music_wav/141.wav,3055,3666,2245425,2694510,audio/finedance_141_0003055_0003666.wav,finedance_141_0003055_0003666.pkl,train
finedance_141_0003666_0004277,music_wav/141.wav,3666,4277,2694510,3143595,audio/finedance_141_0003666_0004277.wav,finedance_141_0003666_0004277.pkl,train
finedance_141_0004277_0004888,music_wav/141.wav,4277,4888,3143595,3592680,audio/finedance_141_0004277_0004888.wav,finedance_141_0004277_0004888.pkl,train
finedance_141_0004888_0005499,music_wav/141.wav,4888,5499,3592680,4041765,audio/finedance_141_0004888_0005499.wav,finedance_141_0004888_0005499.pkl,train
finedance_141_0005499_0006110,music_wav/141.wav,5499,6110,4041765,4490850,audio/finedance_141_0005499_0006110.wav,finedance_141_0005499_0006110.pkl,train
finedance_141_0006110_0006720,music_wav/141.wav,6110,6720,4490850,4939200,audio/finedance_141_0006110_0006720.wav,finedance_141_0006110_0006720.pkl,train
finedance_141_0006720_0007330,music_wav/141.wav,6720,7330,4939200,5387550,audio/finedance_141_0006720_0007330.wav,finedance_141_0006720_0007330.pkl,train
finedance_141_0007330_0007940,music_wav/141.wav,7330,7940,5387550,5835900,audio/finedance_141_0007330_0007940.wav,finedance_141_0007330_0007940.pkl,train
finedance_141_0007940_0008550,music_wav/141.wav,7940,8550,5835900,6284250,audio/finedance_141_0007940_0008550.wav,finedance_141_0007940_0008550.pkl,train
finedance_141_0008550_0009160,music_wav/141.wav,8550,9160,6284250,6732600,audio/finedance_141_0008550_0009160.wav,finedance_141_0008550_0009160.pkl,train
finedance_141_0009160_0009770,music_wav/141.wav,9160,9770,6732600,7180950,audio/finedance_141_0009160_0009770.wav,finedance_141_0009160_0009770.pkl,train
finedance_141_0009770_0010380,music_wav/141.wav,9770,10380,7180950,7629300,audio/finedance_141_0009770_0010380.wav,finedance_141_0009770_0010380.pkl,train
finedance_141_0010380_0010990,music_wav/141.wav,10380,10990,7629300,8077650,audio/finedance_141_0010380_0010990.wav,finedance_141_0010380_0010990.pkl,train
finedance_141_0010990_0011600,music_wav/141.wav,10990,11600,8077650,8526000,audio/finedance_141_0010990_0011600.wav,finedance_141_0010990_0011600.pkl,train
finedance_141_0011600_0012210,music_wav/141.wav,11600,12210,8526000,8974350,audio/finedance_141_0011600_0012210.wav,finedance_141_0011600_0012210.pkl,train
finedance_141_0012210_0012820,music_wav/141.wav,12210,12820,8974350,9422700,audio/finedance_141_0012210_0012820.wav,finedance_141_0012210_0012820.pkl,train
finedance_141_0012820_0013430,music_wav/141.wav,12820,13430,9422700,9871050,audio/finedance_141_0012820_0013430.wav,finedance_141_0012820_0013430.pkl,train
finedance_141_0013430_0014040,music_wav/141.wav,13430,14040,9871050,10319400,audio/finedance_141_0013430_0014040.wav,finedance_141_0013430_0014040.pkl,train
finedance_142_0000000_0000611,music_wav/142.wav,0,611,0,449085,audio/finedance_142_0000000_0000611.wav,finedance_142_0000000_0000611.pkl,train
finedance_142_0000611_0001222,music_wav/142.wav,611,1222,449085,898170,audio/finedance_142_0000611_0001222.wav,finedance_142_0000611_0001222.pkl,train
finedance_142_0001222_0001833,music_wav/142.wav,1222,1833,898170,1347255,audio/finedance_142_0001222_0001833.wav,finedance_142_0001222_0001833.pkl,train
finedance_142_0001833_0002444,music_wav/142.wav,1833,2444,1347255,1796340,audio/finedance_142_0001833_0002444.wav,finedance_142_0001833_0002444.pkl,train
finedance_142_0002444_0003055,music_wav/142.wav,2444,3055,1796340,2245425,audio/finedance_142_0002444_0003055.wav,finedance_142_0002444_0003055.pkl,train
finedance_142_0003055_0003666,music_wav/142.wav,3055,3666,2245425,2694510,audio/finedance_142_0003055_0003666.wav,finedance_142_0003055_0003666.pkl,train
finedance_142_0003666_0004277,music_wav/142.wav,3666,4277,2694510,3143595,audio/finedance_142_0003666_0004277.wav,finedance_142_0003666_0004277.pkl,train
finedance_142_0004277_0004888,music_wav/142.wav,4277,4888,3143595,3592680,audio/finedance_142_0004277_0004888.wav,finedance_142_0004277_0004888.pkl,train
finedance_142_0004888_0005499,music_wav/142.wav,4888,5499,3592680,4041765,audio/finedance_142_0004888_0005499.wav,finedance_142_0004888_0005499.pkl,train
finedance_142_0005499_0006110,music_wav/142.wav,5499,6110,4041765,4490850,audio/finedance_142_0005499_0006110.wav,finedance_142_0005499_0006110.pkl,train
finedance_142_0006110_0006720,music_wav/142.wav,6110,6720,4490850,4939200,audio/finedance_142_0006110_0006720.wav,finedance_142_0006110_0006720.pkl,train
finedance_142_0006720_0007330,music_wav/142.wav,6720,7330,4939200,5387550,audio/finedance_142_0006720_0007330.wav,finedance_142_0006720_0007330.pkl,train
finedance_142_0007330_0007940,music_wav/142.wav,7330,7940,5387550,5835900,audio/finedance_142_0007330_0007940.wav,finedance_142_0007330_0007940.pkl,train
finedance_142_0007940_0008550,music_wav/142.wav,7940,8550,5835900,6284250,audio/finedance_142_0007940_0008550.wav,finedance_142_0007940_0008550.pkl,train
finedance_142_0008550_0009160,music_wav/142.wav,8550,9160,6284250,6732600,audio/finedance_142_0008550_0009160.wav,finedance_142_0008550_0009160.pkl,train
finedance_142_0009160_0009770,music_wav/142.wav,9160,9770,6732600,7180950,audio/finedance_142_0009160_0009770.wav,finedance_142_0009160_0009770.pkl,train
finedance_142_0009770_0010380,music_wav/142.wav,9770,10380,7180950,7629300,audio/finedance_142_0009770_0010380.wav,finedance_142_0009770_0010380.pkl,train
finedance_142_0010380_0010990,music_wav/142.wav,10380,10990,7629300,8077650,audio/finedance_142_0010380_0010990.wav,finedance_142_0010380_0010990.pkl,train
finedance_142_0010990_0011600,music_wav/142.wav,10990,11600,8077650,8526000,audio/finedance_142_0010990_0011600.wav,finedance_142_0010990_0011600.pkl,train
finedance_143_0000000_0000611,music_wav/143.wav,0,611,0,449085,audio/finedance_143_0000000_0000611.wav,finedance_143_0000000_0000611.pkl,test
finedance_143_0000611_0001222,music_wav/143.wav,611,1222,449085,898170,audio/finedance_143_0000611_0001222.wav,finedance_143_0000611_0001222.pkl,test
finedance_143_0001222_0001833,music_wav/143.wav,1222,1833,898170,1347255,audio/finedance_143_0001222_0001833.wav,finedance_143_0001222_0001833.pkl,test
finedance_143_0001833_0002444,music_wav/143.wav,1833,2444,1347255,1796340,audio/finedance_143_0001833_0002444.wav,finedance_143_0001833_0002444.pkl,test
finedance_143_0002444_0003055,music_wav/143.wav,2444,3055,1796340,2245425,audio/finedance_143_0002444_0003055.wav,finedance_143_0002444_0003055.pkl,test
finedance_143_0003055_0003666,music_wav/143.wav,3055,3666,2245425,2694510,audio/finedance_143_0003055_0003666.wav,finedance_143_0003055_0003666.pkl,test
finedance_143_0003666_0004277,music_wav/143.wav,3666,4277,2694510,3143595,audio/finedance_143_0003666_0004277.wav,finedance_143_0003666_0004277.pkl,test
finedance_143_0004277_0004888,music_wav/143.wav,4277,4888,3143595,3592680,audio/finedance_143_0004277_0004888.wav,finedance_143_0004277_0004888.pkl,test
finedance_143_0004888_0005499,music_wav/143.wav,4888,5499,3592680,4041765,audio/finedance_143_0004888_0005499.wav,finedance_143_0004888_0005499.pkl,test
finedance_143_0005499_0006110,music_wav/143.wav,5499,6110,4041765,4490850,audio/finedance_143_0005499_0006110.wav,finedance_143_0005499_0006110.pkl,test
finedance_143_0006110_0006720,music_wav/143.wav,6110,6720,4490850,4939200,audio/finedance_143_0006110_0006720.wav,finedance_143_0006110_0006720.pkl,test
finedance_143_0006720_0007330,music_wav/143.wav,6720,7330,4939200,5387550,audio/finedance_143_0006720_0007330.wav,finedance_143_0006720_0007330.pkl,test
finedance_143_0007330_0007940,music_wav/143.wav,7330,7940,5387550,5835900,audio/finedance_143_0007330_0007940.wav,finedance_143_0007330_0007940.pkl,test
finedance_143_0007940_0008550,music_wav/143.wav,7940,8550,5835900,6284250,audio/finedance_143_0007940_0008550.wav,finedance_143_0007940_0008550.pkl,test
finedance_143_0008550_0009160,music_wav/143.wav,8550,9160,6284250,6732600,audio/finedance_143_0008550_0009160.wav,finedance_143_0008550_0009160.pkl,test
finedance_143_0009160_0009770,music_wav/143.wav,9160,9770,6732600,7180950,audio/finedance_143_0009160_0009770.wav,finedance_143_0009160_0009770.pkl,test
finedance_143_0009770_0010380,music_wav/143.wav,9770,10380,7180950,7629300,audio/finedance_143_0009770_0010380.wav,finedance_143_0009770_0010380.pkl,test
finedance_143_0010380_0010990,music_wav/143.wav,10380,10990,7629300,8077650,audio/finedance_143_0010380_0010990.wav,finedance_143_0010380_0010990.pkl,test
finedance_143_0010990_0011600,music_wav/143.wav,10990,11600,8077650,8526000,audio/finedance_143_0010990_0011600.wav,finedance_143_0010990_0011600.pkl,test
finedance_144_0000000_0000592,music_wav/144.wav,0,592,0,435120,audio/finedance_144_0000000_0000592.wav,finedance_144_0000000_0000592.pkl,test
finedance_144_0000592_0001184,music_wav/144.wav,592,1184,435120,870240,audio/finedance_144_0000592_0001184.wav,finedance_144_0000592_0001184.pkl,test
finedance_144_0001184_0001776,music_wav/144.wav,1184,1776,870240,1305360,audio/finedance_144_0001184_0001776.wav,finedance_144_0001184_0001776.pkl,test
finedance_144_0001776_0002367,music_wav/144.wav,1776,2367,1305360,1739745,audio/finedance_144_0001776_0002367.wav,finedance_144_0001776_0002367.pkl,test
finedance_144_0002367_0002958,music_wav/144.wav,2367,2958,1739745,2174130,audio/finedance_144_0002367_0002958.wav,finedance_144_0002367_0002958.pkl,test
finedance_144_0002958_0003549,music_wav/144.wav,2958,3549,2174130,2608515,audio/finedance_144_0002958_0003549.wav,finedance_144_0002958_0003549.pkl,test
finedance_144_0003549_0004140,music_wav/144.wav,3549,4140,2608515,3042900,audio/finedance_144_0003549_0004140.wav,finedance_144_0003549_0004140.pkl,test
finedance_144_0004140_0004731,music_wav/144.wav,4140,4731,3042900,3477285,audio/finedance_144_0004140_0004731.wav,finedance_144_0004140_0004731.pkl,test
finedance_144_0004731_0005322,music_wav/144.wav,4731,5322,3477285,3911670,audio/finedance_144_0004731_0005322.wav,finedance_144_0004731_0005322.pkl,test
finedance_144_0005322_0005913,music_wav/144.wav,5322,5913,3911670,4346055,audio/finedance_144_0005322_0005913.wav,finedance_144_0005322_0005913.pkl,test
finedance_144_0005913_0006504,music_wav/144.wav,5913,6504,4346055,4780440,audio/finedance_144_0005913_0006504.wav,finedance_144_0005913_0006504.pkl,test
finedance_145_0000000_0000592,music_wav/145.wav,0,592,0,435120,audio/finedance_145_0000000_0000592.wav,finedance_145_0000000_0000592.pkl,train
finedance_145_0000592_0001184,music_wav/145.wav,592,1184,435120,870240,audio/finedance_145_0000592_0001184.wav,finedance_145_0000592_0001184.pkl,train
finedance_145_0001184_0001776,music_wav/145.wav,1184,1776,870240,1305360,audio/finedance_145_0001184_0001776.wav,finedance_145_0001184_0001776.pkl,train
finedance_145_0001776_0002367,music_wav/145.wav,1776,2367,1305360,1739745,audio/finedance_145_0001776_0002367.wav,finedance_145_0001776_0002367.pkl,train
finedance_145_0002367_0002958,music_wav/145.wav,2367,2958,1739745,2174130,audio/finedance_145_0002367_0002958.wav,finedance_145_0002367_0002958.pkl,train
finedance_145_0002958_0003549,music_wav/145.wav,2958,3549,2174130,2608515,audio/finedance_145_0002958_0003549.wav,finedance_145_0002958_0003549.pkl,train
finedance_145_0003549_0004140,music_wav/145.wav,3549,4140,2608515,3042900,audio/finedance_145_0003549_0004140.wav,finedance_145_0003549_0004140.pkl,train
finedance_145_0004140_0004731,music_wav/145.wav,4140,4731,3042900,3477285,audio/finedance_145_0004140_0004731.wav,finedance_145_0004140_0004731.pkl,train
finedance_145_0004731_0005322,music_wav/145.wav,4731,5322,3477285,3911670,audio/finedance_145_0004731_0005322.wav,finedance_145_0004731_0005322.pkl,train
finedance_145_0005322_0005913,music_wav/145.wav,5322,5913,3911670,4346055,audio/finedance_145_0005322_0005913.wav,finedance_145_0005322_0005913.pkl,train
finedance_145_0005913_0006504,music_wav/145.wav,5913,6504,4346055,4780440,audio/finedance_145_0005913_0006504.wav,finedance_145_0005913_0006504.pkl,train
finedance_146_0000000_0000598,music_wav/146.wav,0,598,0,439530,audio/finedance_146_0000000_0000598.wav,finedance_146_0000000_0000598.pkl,train
finedance_146_0000598_0001196,music_wav/146.wav,598,1196,439530,879060,audio/finedance_146_0000598_0001196.wav,finedance_146_0000598_0001196.pkl,train
finedance_146_0001196_0001794,music_wav/146.wav,1196,1794,879060,1318590,audio/finedance_146_0001196_0001794.wav,finedance_146_0001196_0001794.pkl,train
finedance_146_0001794_0002392,music_wav/146.wav,1794,2392,1318590,1758120,audio/finedance_146_0001794_0002392.wav,finedance_146_0001794_0002392.pkl,train
finedance_146_0002392_0002990,music_wav/146.wav,2392,2990,1758120,2197650,audio/finedance_146_0002392_0002990.wav,finedance_146_0002392_0002990.pkl,train
finedance_146_0002990_0003588,music_wav/146.wav,2990,3588,2197650,2637180,audio/finedance_146_0002990_0003588.wav,finedance_146_0002990_0003588.pkl,train
finedance_146_0003588_0004186,music_wav/146.wav,3588,4186,2637180,3076710,audio/finedance_146_0003588_0004186.wav,finedance_146_0003588_0004186.pkl,train
finedance_146_0004186_0004784,music_wav/146.wav,4186,4784,3076710,3516240,audio/finedance_146_0004186_0004784.wav,finedance_146_0004186_0004784.pkl,train
finedance_146_0004784_0005382,music_wav/146.wav,4784,5382,3516240,3955770,audio/finedance_146_0004784_0005382.wav,finedance_146_0004784_0005382.pkl,train
finedance_146_0005382_0005980,music_wav/146.wav,5382,5980,3955770,4395300,audio/finedance_146_0005382_0005980.wav,finedance_146_0005382_0005980.pkl,train
finedance_146_0005980_0006578,music_wav/146.wav,5980,6578,4395300,4834830,audio/finedance_146_0005980_0006578.wav,finedance_146_0005980_0006578.pkl,train
finedance_146_0006578_0007176,music_wav/146.wav,6578,7176,4834830,5274360,audio/finedance_146_0006578_0007176.wav,finedance_146_0006578_0007176.pkl,train
finedance_146_0007176_0007774,music_wav/146.wav,7176,7774,5274360,5713890,audio/finedance_146_0007176_0007774.wav,finedance_146_0007176_0007774.pkl,train
finedance_146_0007774_0008372,music_wav/146.wav,7774,8372,5713890,6153420,audio/finedance_146_0007774_0008372.wav,finedance_146_0007774_0008372.pkl,train
finedance_146_0008372_0008970,music_wav/146.wav,8372,8970,6153420,6592950,audio/finedance_146_0008372_0008970.wav,finedance_146_0008372_0008970.pkl,train
finedance_146_0008970_0009568,music_wav/146.wav,8970,9568,6592950,7032480,audio/finedance_146_0008970_0009568.wav,finedance_146_0008970_0009568.pkl,train
finedance_146_0009568_0010166,music_wav/146.wav,9568,10166,7032480,7472010,audio/finedance_146_0009568_0010166.wav,finedance_146_0009568_0010166.pkl,train
finedance_146_0010166_0010764,music_wav/146.wav,10166,10764,7472010,7911540,audio/finedance_146_0010166_0010764.wav,finedance_146_0010166_0010764.pkl,train
finedance_146_0010764_0011362,music_wav/146.wav,10764,11362,7911540,8351070,audio/finedance_146_0010764_0011362.wav,finedance_146_0010764_0011362.pkl,train
finedance_146_0011362_0011960,music_wav/146.wav,11362,11960,8351070,8790600,audio/finedance_146_0011362_0011960.wav,finedance_146_0011362_0011960.pkl,train
finedance_146_0011960_0012558,music_wav/146.wav,11960,12558,8790600,9230130,audio/finedance_146_0011960_0012558.wav,finedance_146_0011960_0012558.pkl,train
finedance_146_0012558_0013156,music_wav/146.wav,12558,13156,9230130,9669660,audio/finedance_146_0012558_0013156.wav,finedance_146_0012558_0013156.pkl,train
finedance_146_0013156_0013754,music_wav/146.wav,13156,13754,9669660,10109190,audio/finedance_146_0013156_0013754.wav,finedance_146_0013156_0013754.pkl,train
finedance_146_0013754_0014352,music_wav/146.wav,13754,14352,10109190,10548720,audio/finedance_146_0013754_0014352.wav,finedance_146_0013754_0014352.pkl,train
finedance_146_0014352_0014950,music_wav/146.wav,14352,14950,10548720,10988250,audio/finedance_146_0014352_0014950.wav,finedance_146_0014352_0014950.pkl,train
finedance_146_0014950_0015548,music_wav/146.wav,14950,15548,10988250,11427780,audio/finedance_146_0014950_0015548.wav,finedance_146_0014950_0015548.pkl,train
finedance_146_0015548_0016146,music_wav/146.wav,15548,16146,11427780,11867310,audio/finedance_146_0015548_0016146.wav,finedance_146_0015548_0016146.pkl,train
finedance_146_0016146_0016744,music_wav/146.wav,16146,16744,11867310,12306840,audio/finedance_146_0016146_0016744.wav,finedance_146_0016146_0016744.pkl,train
finedance_146_0016744_0017342,music_wav/146.wav,16744,17342,12306840,12746370,audio/finedance_146_0016744_0017342.wav,finedance_146_0016744_0017342.pkl,train
finedance_146_0017342_0017940,music_wav/146.wav,17342,17940,12746370,13185900,audio/finedance_146_0017342_0017940.wav,finedance_146_0017342_0017940.pkl,train
finedance_146_0017940_0018538,music_wav/146.wav,17940,18538,13185900,13625430,audio/finedance_146_0017940_0018538.wav,finedance_146_0017940_0018538.pkl,train
finedance_146_0018538_0019136,music_wav/146.wav,18538,19136,13625430,14064960,audio/finedance_146_0018538_0019136.wav,finedance_146_0018538_0019136.pkl,train
finedance_146_0019136_0019734,music_wav/146.wav,19136,19734,14064960,14504490,audio/finedance_146_0019136_0019734.wav,finedance_146_0019136_0019734.pkl,train
finedance_146_0019734_0020332,music_wav/146.wav,19734,20332,14504490,14944020,audio/finedance_146_0019734_0020332.wav,finedance_146_0019734_0020332.pkl,train
finedance_146_0020332_0020930,music_wav/146.wav,20332,20930,14944020,15383550,audio/finedance_146_0020332_0020930.wav,finedance_146_0020332_0020930.pkl,train
finedance_147_0000000_0000598,music_wav/147.wav,0,598,0,439530,audio/finedance_147_0000000_0000598.wav,finedance_147_0000000_0000598.pkl,train
finedance_147_0000598_0001196,music_wav/147.wav,598,1196,439530,879060,audio/finedance_147_0000598_0001196.wav,finedance_147_0000598_0001196.pkl,train
finedance_147_0001196_0001794,music_wav/147.wav,1196,1794,879060,1318590,audio/finedance_147_0001196_0001794.wav,finedance_147_0001196_0001794.pkl,train
finedance_147_0001794_0002392,music_wav/147.wav,1794,2392,1318590,1758120,audio/finedance_147_0001794_0002392.wav,finedance_147_0001794_0002392.pkl,train
finedance_147_0002392_0002990,music_wav/147.wav,2392,2990,1758120,2197650,audio/finedance_147_0002392_0002990.wav,finedance_147_0002392_0002990.pkl,train
finedance_147_0002990_0003588,music_wav/147.wav,2990,3588,2197650,2637180,audio/finedance_147_0002990_0003588.wav,finedance_147_0002990_0003588.pkl,train
finedance_147_0003588_0004186,music_wav/147.wav,3588,4186,2637180,3076710,audio/finedance_147_0003588_0004186.wav,finedance_147_0003588_0004186.pkl,train
finedance_147_0004186_0004784,music_wav/147.wav,4186,4784,3076710,3516240,audio/finedance_147_0004186_0004784.wav,finedance_147_0004186_0004784.pkl,train
finedance_147_0004784_0005382,music_wav/147.wav,4784,5382,3516240,3955770,audio/finedance_147_0004784_0005382.wav,finedance_147_0004784_0005382.pkl,train
finedance_147_0005382_0005980,music_wav/147.wav,5382,5980,3955770,4395300,audio/finedance_147_0005382_0005980.wav,finedance_147_0005382_0005980.pkl,train
finedance_147_0005980_0006578,music_wav/147.wav,5980,6578,4395300,4834830,audio/finedance_147_0005980_0006578.wav,finedance_147_0005980_0006578.pkl,train
finedance_147_0006578_0007176,music_wav/147.wav,6578,7176,4834830,5274360,audio/finedance_147_0006578_0007176.wav,finedance_147_0006578_0007176.pkl,train
finedance_147_0007176_0007774,music_wav/147.wav,7176,7774,5274360,5713890,audio/finedance_147_0007176_0007774.wav,finedance_147_0007176_0007774.pkl,train
finedance_147_0007774_0008372,music_wav/147.wav,7774,8372,5713890,6153420,audio/finedance_147_0007774_0008372.wav,finedance_147_0007774_0008372.pkl,train
finedance_147_0008372_0008970,music_wav/147.wav,8372,8970,6153420,6592950,audio/finedance_147_0008372_0008970.wav,finedance_147_0008372_0008970.pkl,train
finedance_147_0008970_0009568,music_wav/147.wav,8970,9568,6592950,7032480,audio/finedance_147_0008970_0009568.wav,finedance_147_0008970_0009568.pkl,train
finedance_147_0009568_0010166,music_wav/147.wav,9568,10166,7032480,7472010,audio/finedance_147_0009568_0010166.wav,finedance_147_0009568_0010166.pkl,train
finedance_147_0010166_0010764,music_wav/147.wav,10166,10764,7472010,7911540,audio/finedance_147_0010166_0010764.wav,finedance_147_0010166_0010764.pkl,train
finedance_147_0010764_0011362,music_wav/147.wav,10764,11362,7911540,8351070,audio/finedance_147_0010764_0011362.wav,finedance_147_0010764_0011362.pkl,train
finedance_147_0011362_0011960,music_wav/147.wav,11362,11960,8351070,8790600,audio/finedance_147_0011362_0011960.wav,finedance_147_0011362_0011960.pkl,train
finedance_147_0011960_0012558,music_wav/147.wav,11960,12558,8790600,9230130,audio/finedance_147_0011960_0012558.wav,finedance_147_0011960_0012558.pkl,train
finedance_147_0012558_0013156,music_wav/147.wav,12558,13156,9230130,9669660,audio/finedance_147_0012558_0013156.wav,finedance_147_0012558_0013156.pkl,train
finedance_147_0013156_0013754,music_wav/147.wav,13156,13754,9669660,10109190,audio/finedance_147_0013156_0013754.wav,finedance_147_0013156_0013754.pkl,train
finedance_147_0013754_0014352,music_wav/147.wav,13754,14352,10109190,10548720,audio/finedance_147_0013754_0014352.wav,finedance_147_0013754_0014352.pkl,train
finedance_147_0014352_0014950,music_wav/147.wav,14352,14950,10548720,10988250,audio/finedance_147_0014352_0014950.wav,finedance_147_0014352_0014950.pkl,train
finedance_147_0014950_0015548,music_wav/147.wav,14950,15548,10988250,11427780,audio/finedance_147_0014950_0015548.wav,finedance_147_0014950_0015548.pkl,train
finedance_147_0015548_0016146,music_wav/147.wav,15548,16146,11427780,11867310,audio/finedance_147_0015548_0016146.wav,finedance_147_0015548_0016146.pkl,train
finedance_147_0016146_0016744,music_wav/147.wav,16146,16744,11867310,12306840,audio/finedance_147_0016146_0016744.wav,finedance_147_0016146_0016744.pkl,train
finedance_147_0016744_0017342,music_wav/147.wav,16744,17342,12306840,12746370,audio/finedance_147_0016744_0017342.wav,finedance_147_0016744_0017342.pkl,train
finedance_147_0017342_0017940,music_wav/147.wav,17342,17940,12746370,13185900,audio/finedance_147_0017342_0017940.wav,finedance_147_0017342_0017940.pkl,train
finedance_147_0017940_0018538,music_wav/147.wav,17940,18538,13185900,13625430,audio/finedance_147_0017940_0018538.wav,finedance_147_0017940_0018538.pkl,train
finedance_147_0018538_0019136,music_wav/147.wav,18538,19136,13625430,14064960,audio/finedance_147_0018538_0019136.wav,finedance_147_0018538_0019136.pkl,train
finedance_147_0019136_0019734,music_wav/147.wav,19136,19734,14064960,14504490,audio/finedance_147_0019136_0019734.wav,finedance_147_0019136_0019734.pkl,train
finedance_147_0019734_0020332,music_wav/147.wav,19734,20332,14504490,14944020,audio/finedance_147_0019734_0020332.wav,finedance_147_0019734_0020332.pkl,train
finedance_147_0020332_0020930,music_wav/147.wav,20332,20930,14944020,15383550,audio/finedance_147_0020332_0020930.wav,finedance_147_0020332_0020930.pkl,train
finedance_148_0000000_0000607,music_wav/148.wav,0,607,0,446145,audio/finedance_148_0000000_0000607.wav,finedance_148_0000000_0000607.pkl,train
finedance_148_0000607_0001214,music_wav/148.wav,607,1214,446145,892290,audio/finedance_148_0000607_0001214.wav,finedance_148_0000607_0001214.pkl,train
finedance_148_0001214_0001821,music_wav/148.wav,1214,1821,892290,1338435,audio/finedance_148_0001214_0001821.wav,finedance_148_0001214_0001821.pkl,train
finedance_148_0001821_0002428,music_wav/148.wav,1821,2428,1338435,1784580,audio/finedance_148_0001821_0002428.wav,finedance_148_0001821_0002428.pkl,train
finedance_148_0002428_0003035,music_wav/148.wav,2428,3035,1784580,2230725,audio/finedance_148_0002428_0003035.wav,finedance_148_0002428_0003035.pkl,train
finedance_148_0003035_0003642,music_wav/148.wav,3035,3642,2230725,2676870,audio/finedance_148_0003035_0003642.wav,finedance_148_0003035_0003642.pkl,train
finedance_148_0003642_0004248,music_wav/148.wav,3642,4248,2676870,3122280,audio/finedance_148_0003642_0004248.wav,finedance_148_0003642_0004248.pkl,train
finedance_148_0004248_0004854,music_wav/148.wav,4248,4854,3122280,3567690,audio/finedance_148_0004248_0004854.wav,finedance_148_0004248_0004854.pkl,train
finedance_148_0004854_0005460,music_wav/148.wav,4854,5460,3567690,4013100,audio/finedance_148_0004854_0005460.wav,finedance_148_0004854_0005460.pkl,train
finedance_148_0005460_0006066,music_wav/148.wav,5460,6066,4013100,4458510,audio/finedance_148_0005460_0006066.wav,finedance_148_0005460_0006066.pkl,train
finedance_148_0006066_0006672,music_wav/148.wav,6066,6672,4458510,4903920,audio/finedance_148_0006066_0006672.wav,finedance_148_0006066_0006672.pkl,train
finedance_148_0006672_0007278,music_wav/148.wav,6672,7278,4903920,5349330,audio/finedance_148_0006672_0007278.wav,finedance_148_0006672_0007278.pkl,train
finedance_148_0007278_0007884,music_wav/148.wav,7278,7884,5349330,5794740,audio/finedance_148_0007278_0007884.wav,finedance_148_0007278_0007884.pkl,train
finedance_148_0007884_0008490,music_wav/148.wav,7884,8490,5794740,6240150,audio/finedance_148_0007884_0008490.wav,finedance_148_0007884_0008490.pkl,train
finedance_148_0008490_0009096,music_wav/148.wav,8490,9096,6240150,6685560,audio/finedance_148_0008490_0009096.wav,finedance_148_0008490_0009096.pkl,train
finedance_148_0009096_0009702,music_wav/148.wav,9096,9702,6685560,7130970,audio/finedance_148_0009096_0009702.wav,finedance_148_0009096_0009702.pkl,train
finedance_148_0009702_0010308,music_wav/148.wav,9702,10308,7130970,7576380,audio/finedance_148_0009702_0010308.wav,finedance_148_0009702_0010308.pkl,train
finedance_148_0010308_0010914,music_wav/148.wav,10308,10914,7576380,8021790,audio/finedance_148_0010308_0010914.wav,finedance_148_0010308_0010914.pkl,train
finedance_148_0010914_0011520,music_wav/148.wav,10914,11520,8021790,8467200,audio/finedance_148_0010914_0011520.wav,finedance_148_0010914_0011520.pkl,train
finedance_149_0000000_0000597,music_wav/149.wav,0,597,0,438795,audio/finedance_149_0000000_0000597.wav,finedance_149_0000000_0000597.pkl,train
finedance_149_0000597_0001194,music_wav/149.wav,597,1194,438795,877590,audio/finedance_149_0000597_0001194.wav,finedance_149_0000597_0001194.pkl,train
finedance_149_0001194_0001791,music_wav/149.wav,1194,1791,877590,1316385,audio/finedance_149_0001194_0001791.wav,finedance_149_0001194_0001791.pkl,train
finedance_149_0001791_0002388,music_wav/149.wav,1791,2388,1316385,1755180,audio/finedance_149_0001791_0002388.wav,finedance_149_0001791_0002388.pkl,train
finedance_149_0002388_0002985,music_wav/149.wav,2388,2985,1755180,2193975,audio/finedance_149_0002388_0002985.wav,finedance_149_0002388_0002985.pkl,train
finedance_149_0002985_0003582,music_wav/149.wav,2985,3582,2193975,2632770,audio/finedance_149_0002985_0003582.wav,finedance_149_0002985_0003582.pkl,train
finedance_149_0003582_0004179,music_wav/149.wav,3582,4179,2632770,3071565,audio/finedance_149_0003582_0004179.wav,finedance_149_0003582_0004179.pkl,train
finedance_149_0004179_0004776,music_wav/149.wav,4179,4776,3071565,3510360,audio/finedance_149_0004179_0004776.wav,finedance_149_0004179_0004776.pkl,train
finedance_149_0004776_0005373,music_wav/149.wav,4776,5373,3510360,3949155,audio/finedance_149_0004776_0005373.wav,finedance_149_0004776_0005373.pkl,train
finedance_149_0005373_0005970,music_wav/149.wav,5373,5970,3949155,4387950,audio/finedance_149_0005373_0005970.wav,finedance_149_0005373_0005970.pkl,train
finedance_149_0005970_0006567,music_wav/149.wav,5970,6567,4387950,4826745,audio/finedance_149_0005970_0006567.wav,finedance_149_0005970_0006567.pkl,train
finedance_149_0006567_0007164,music_wav/149.wav,6567,7164,4826745,5265540,audio/finedance_149_0006567_0007164.wav,finedance_149_0006567_0007164.pkl,train
finedance_149_0007164_0007761,music_wav/149.wav,7164,7761,5265540,5704335,audio/finedance_149_0007164_0007761.wav,finedance_149_0007164_0007761.pkl,train
finedance_149_0007761_0008358,music_wav/149.wav,7761,8358,5704335,6143130,audio/finedance_149_0007761_0008358.wav,finedance_149_0007761_0008358.pkl,train
finedance_149_0008358_0008955,music_wav/149.wav,8358,8955,6143130,6581925,audio/finedance_149_0008358_0008955.wav,finedance_149_0008358_0008955.pkl,train
finedance_149_0008955_0009552,music_wav/149.wav,8955,9552,6581925,7020720,audio/finedance_149_0008955_0009552.wav,finedance_149_0008955_0009552.pkl,train
finedance_149_0009552_0010149,music_wav/149.wav,9552,10149,7020720,7459515,audio/finedance_149_0009552_0010149.wav,finedance_149_0009552_0010149.pkl,train
finedance_149_0010149_0010745,music_wav/149.wav,10149,10745,7459515,7897575,audio/finedance_149_0010149_0010745.wav,finedance_149_0010149_0010745.pkl,train
finedance_149_0010745_0011341,music_wav/149.wav,10745,11341,7897575,8335635,audio/finedance_149_0010745_0011341.wav,finedance_149_0010745_0011341.pkl,train
finedance_149_0011341_0011937,music_wav/149.wav,11341,11937,8335635,8773695,audio/finedance_149_0011341_0011937.wav,finedance_149_0011341_0011937.pkl,train
finedance_149_0011937_0012533,music_wav/149.wav,11937,12533,8773695,9211755,audio/finedance_149_0011937_0012533.wav,finedance_149_0011937_0012533.pkl,train
finedance_149_0012533_0013129,music_wav/149.wav,12533,13129,9211755,9649815,audio/finedance_149_0012533_0013129.wav,finedance_149_0012533_0013129.pkl,train
finedance_150_0000000_0000600,music_wav/150.wav,0,600,0,441000,audio/finedance_150_0000000_0000600.wav,finedance_150_0000000_0000600.pkl,train
finedance_150_0000600_0001200,music_wav/150.wav,600,1200,441000,882000,audio/finedance_150_0000600_0001200.wav,finedance_150_0000600_0001200.pkl,train
finedance_150_0001200_0001800,music_wav/150.wav,1200,1800,882000,1323000,audio/finedance_150_0001200_0001800.wav,finedance_150_0001200_0001800.pkl,train
finedance_150_0001800_0002400,music_wav/150.wav,1800,2400,1323000,1764000,audio/finedance_150_0001800_0002400.wav,finedance_150_0001800_0002400.pkl,train
finedance_150_0002400_0003000,music_wav/150.wav,2400,3000,1764000,2205000,audio/finedance_150_0002400_0003000.wav,finedance_150_0002400_0003000.pkl,train
finedance_150_0003000_0003600,music_wav/150.wav,3000,3600,2205000,2646000,audio/finedance_150_0003000_0003600.wav,finedance_150_0003000_0003600.pkl,train
finedance_150_0003600_0004200,music_wav/150.wav,3600,4200,2646000,3087000,audio/finedance_150_0003600_0004200.wav,finedance_150_0003600_0004200.pkl,train
finedance_150_0004200_0004800,music_wav/150.wav,4200,4800,3087000,3528000,audio/finedance_150_0004200_0004800.wav,finedance_150_0004200_0004800.pkl,train
finedance_150_0004800_0005400,music_wav/150.wav,4800,5400,3528000,3969000,audio/finedance_150_0004800_0005400.wav,finedance_150_0004800_0005400.pkl,train
finedance_150_0005400_0006000,music_wav/150.wav,5400,6000,3969000,4410000,audio/finedance_150_0005400_0006000.wav,finedance_150_0005400_0006000.pkl,train
finedance_150_0006000_0006600,music_wav/150.wav,6000,6600,4410000,4851000,audio/finedance_150_0006000_0006600.wav,finedance_150_0006000_0006600.pkl,train
finedance_150_0006600_0007200,music_wav/150.wav,6600,7200,4851000,5292000,audio/finedance_150_0006600_0007200.wav,finedance_150_0006600_0007200.pkl,train
finedance_151_0000000_0000560,music_wav/151.wav,0,560,0,411600,audio/finedance_151_0000000_0000560.wav,finedance_151_0000000_0000560.pkl,train
finedance_151_0000560_0001120,music_wav/151.wav,560,1120,411600,823200,audio/finedance_151_0000560_0001120.wav,finedance_151_0000560_0001120.pkl,train
finedance_151_0001120_0001680,music_wav/151.wav,1120,1680,823200,1234800,audio/finedance_151_0001120_0001680.wav,finedance_151_0001120_0001680.pkl,train
finedance_151_0001680_0002240,music_wav/151.wav,1680,2240,1234800,1646400,audio/finedance_151_0001680_0002240.wav,finedance_151_0001680_0002240.pkl,train
finedance_151_0002240_0002800,music_wav/151.wav,2240,2800,1646400,2058000,audio/finedance_151_0002240_0002800.wav,finedance_151_0002240_0002800.pkl,train
finedance_151_0002800_0003360,music_wav/151.wav,2800,3360,2058000,2469600,audio/finedance_151_0002800_0003360.wav,finedance_151_0002800_0003360.pkl,train
finedance_152_0000000_0000593,music_wav/152.wav,0,593,0,435855,audio/finedance_152_0000000_0000593.wav,finedance_152_0000000_0000593.pkl,train
finedance_152_0000593_0001186,music_wav/152.wav,593,1186,435855,871710,audio/finedance_152_0000593_0001186.wav,finedance_152_0000593_0001186.pkl,train
finedance_152_0001186_0001779,music_wav/152.wav,1186,1779,871710,1307565,audio/finedance_152_0001186_0001779.wav,finedance_152_0001186_0001779.pkl,train
finedance_152_0001779_0002372,music_wav/152.wav,1779,2372,1307565,1743420,audio/finedance_152_0001779_0002372.wav,finedance_152_0001779_0002372.pkl,train
finedance_152_0002372_0002964,music_wav/152.wav,2372,2964,1743420,2178540,audio/finedance_152_0002372_0002964.wav,finedance_152_0002372_0002964.pkl,train
finedance_152_0002964_0003556,music_wav/152.wav,2964,3556,2178540,2613660,audio/finedance_152_0002964_0003556.wav,finedance_152_0002964_0003556.pkl,train
finedance_152_0003556_0004148,music_wav/152.wav,3556,4148,2613660,3048780,audio/finedance_152_0003556_0004148.wav,finedance_152_0003556_0004148.pkl,train
finedance_152_0004148_0004740,music_wav/152.wav,4148,4740,3048780,3483900,audio/finedance_152_0004148_0004740.wav,finedance_152_0004148_0004740.pkl,train
finedance_152_0004740_0005332,music_wav/152.wav,4740,5332,3483900,3919020,audio/finedance_152_0004740_0005332.wav,finedance_152_0004740_0005332.pkl,train
finedance_152_0005332_0005924,music_wav/152.wav,5332,5924,3919020,4354140,audio/finedance_152_0005332_0005924.wav,finedance_152_0005332_0005924.pkl,train
finedance_152_0005924_0006516,music_wav/152.wav,5924,6516,4354140,4789260,audio/finedance_152_0005924_0006516.wav,finedance_152_0005924_0006516.pkl,train
finedance_152_0006516_0007108,music_wav/152.wav,6516,7108,4789260,5224380,audio/finedance_152_0006516_0007108.wav,finedance_152_0006516_0007108.pkl,train
finedance_152_0007108_0007700,music_wav/152.wav,7108,7700,5224380,5659500,audio/finedance_152_0007108_0007700.wav,finedance_152_0007108_0007700.pkl,train
finedance_152_0007700_0008292,music_wav/152.wav,7700,8292,5659500,6094620,audio/finedance_152_0007700_0008292.wav,finedance_152_0007700_0008292.pkl,train
finedance_152_0008292_0008884,music_wav/152.wav,8292,8884,6094620,6529740,audio/finedance_152_0008292_0008884.wav,finedance_152_0008292_0008884.pkl,train
finedance_152_0008884_0009476,music_wav/152.wav,8884,9476,6529740,6964860,audio/finedance_152_0008884_0009476.wav,finedance_152_0008884_0009476.pkl,train
finedance_152_0009476_0010068,music_wav/152.wav,9476,10068,6964860,7399980,audio/finedance_152_0009476_0010068.wav,finedance_152_0009476_0010068.pkl,train
finedance_152_0010068_0010660,music_wav/152.wav,10068,10660,7399980,7835100,audio/finedance_152_0010068_0010660.wav,finedance_152_0010068_0010660.pkl,train
finedance_152_0010660_0011252,music_wav/152.wav,10660,11252,7835100,8270220,audio/finedance_152_0010660_0011252.wav,finedance_152_0010660_0011252.pkl,train
finedance_152_0011252_0011844,music_wav/152.wav,11252,11844,8270220,8705340,audio/finedance_152_0011252_0011844.wav,finedance_152_0011252_0011844.pkl,train
finedance_152_0011844_0012436,music_wav/152.wav,11844,12436,8705340,9140460,audio/finedance_152_0011844_0012436.wav,finedance_152_0011844_0012436.pkl,train
finedance_152_0012436_0013028,music_wav/152.wav,12436,13028,9140460,9575580,audio/finedance_152_0012436_0013028.wav,finedance_152_0012436_0013028.pkl,train
finedance_152_0013028_0013620,music_wav/152.wav,13028,13620,9575580,10010700,audio/finedance_152_0013028_0013620.wav,finedance_152_0013028_0013620.pkl,train
finedance_152_0013620_0014212,music_wav/152.wav,13620,14212,10010700,10445820,audio/finedance_152_0013620_0014212.wav,finedance_152_0013620_0014212.pkl,train
finedance_152_0014212_0014804,music_wav/152.wav,14212,14804,10445820,10880940,audio/finedance_152_0014212_0014804.wav,finedance_152_0014212_0014804.pkl,train
finedance_152_0014804_0015396,music_wav/152.wav,14804,15396,10880940,11316060,audio/finedance_152_0014804_0015396.wav,finedance_152_0014804_0015396.pkl,train
finedance_152_0015396_0015988,music_wav/152.wav,15396,15988,11316060,11751180,audio/finedance_152_0015396_0015988.wav,finedance_152_0015396_0015988.pkl,train
finedance_153_0000000_0000605,music_wav/153.wav,0,605,0,444675,audio/finedance_153_0000000_0000605.wav,finedance_153_0000000_0000605.pkl,train
finedance_153_0000605_0001210,music_wav/153.wav,605,1210,444675,889350,audio/finedance_153_0000605_0001210.wav,finedance_153_0000605_0001210.pkl,train
finedance_153_0001210_0001815,music_wav/153.wav,1210,1815,889350,1334025,audio/finedance_153_0001210_0001815.wav,finedance_153_0001210_0001815.pkl,train
finedance_153_0001815_0002420,music_wav/153.wav,1815,2420,1334025,1778700,audio/finedance_153_0001815_0002420.wav,finedance_153_0001815_0002420.pkl,train
finedance_153_0002420_0003025,music_wav/153.wav,2420,3025,1778700,2223375,audio/finedance_153_0002420_0003025.wav,finedance_153_0002420_0003025.pkl,train
finedance_153_0003025_0003630,music_wav/153.wav,3025,3630,2223375,2668050,audio/finedance_153_0003025_0003630.wav,finedance_153_0003025_0003630.pkl,train
finedance_153_0003630_0004235,music_wav/153.wav,3630,4235,2668050,3112725,audio/finedance_153_0003630_0004235.wav,finedance_153_0003630_0004235.pkl,train
finedance_153_0004235_0004840,music_wav/153.wav,4235,4840,3112725,3557400,audio/finedance_153_0004235_0004840.wav,finedance_153_0004235_0004840.pkl,train
finedance_153_0004840_0005445,music_wav/153.wav,4840,5445,3557400,4002075,audio/finedance_153_0004840_0005445.wav,finedance_153_0004840_0005445.pkl,train
finedance_153_0005445_0006050,music_wav/153.wav,5445,6050,4002075,4446750,audio/finedance_153_0005445_0006050.wav,finedance_153_0005445_0006050.pkl,train
finedance_153_0006050_0006655,music_wav/153.wav,6050,6655,4446750,4891425,audio/finedance_153_0006050_0006655.wav,finedance_153_0006050_0006655.pkl,train
finedance_153_0006655_0007260,music_wav/153.wav,6655,7260,4891425,5336100,audio/finedance_153_0006655_0007260.wav,finedance_153_0006655_0007260.pkl,train
finedance_153_0007260_0007865,music_wav/153.wav,7260,7865,5336100,5780775,audio/finedance_153_0007260_0007865.wav,finedance_153_0007260_0007865.pkl,train
finedance_153_0007865_0008470,music_wav/153.wav,7865,8470,5780775,6225450,audio/finedance_153_0007865_0008470.wav,finedance_153_0007865_0008470.pkl,train
finedance_153_0008470_0009075,music_wav/153.wav,8470,9075,6225450,6670125,audio/finedance_153_0008470_0009075.wav,finedance_153_0008470_0009075.pkl,train
finedance_153_0009075_0009680,music_wav/153.wav,9075,9680,6670125,7114800,audio/finedance_153_0009075_0009680.wav,finedance_153_0009075_0009680.pkl,train
finedance_153_0009680_0010285,music_wav/153.wav,9680,10285,7114800,7559475,audio/finedance_153_0009680_0010285.wav,finedance_153_0009680_0010285.pkl,train
finedance_153_0010285_0010890,music_wav/153.wav,10285,10890,7559475,8004150,audio/finedance_153_0010285_0010890.wav,finedance_153_0010285_0010890.pkl,train
finedance_153_0010890_0011495,music_wav/153.wav,10890,11495,8004150,8448825,audio/finedance_153_0010890_0011495.wav,finedance_153_0010890_0011495.pkl,train
finedance_153_0011495_0012100,music_wav/153.wav,11495,12100,8448825,8893500,audio/finedance_153_0011495_0012100.wav,finedance_153_0011495_0012100.pkl,train
finedance_153_0012100_0012705,music_wav/153.wav,12100,12705,8893500,9338175,audio/finedance_153_0012100_0012705.wav,finedance_153_0012100_0012705.pkl,train
finedance_153_0012705_0013310,music_wav/153.wav,12705,13310,9338175,9782850,audio/finedance_153_0012705_0013310.wav,finedance_153_0012705_0013310.pkl,train
finedance_153_0013310_0013915,music_wav/153.wav,13310,13915,9782850,10227525,audio/finedance_153_0013310_0013915.wav,finedance_153_0013310_0013915.pkl,train
finedance_153_0013915_0014520,music_wav/153.wav,13915,14520,10227525,10672200,audio/finedance_153_0013915_0014520.wav,finedance_153_0013915_0014520.pkl,train
finedance_153_0014520_0015125,music_wav/153.wav,14520,15125,10672200,11116875,audio/finedance_153_0014520_0015125.wav,finedance_153_0014520_0015125.pkl,train
finedance_153_0015125_0015730,music_wav/153.wav,15125,15730,11116875,11561550,audio/finedance_153_0015125_0015730.wav,finedance_153_0015125_0015730.pkl,train
finedance_153_0015730_0016334,music_wav/153.wav,15730,16334,11561550,12005490,audio/finedance_153_0015730_0016334.wav,finedance_153_0015730_0016334.pkl,train
finedance_154_0000000_0000578,music_wav/154.wav,0,578,0,424830,audio/finedance_154_0000000_0000578.wav,finedance_154_0000000_0000578.pkl,train
finedance_154_0000578_0001156,music_wav/154.wav,578,1156,424830,849660,audio/finedance_154_0000578_0001156.wav,finedance_154_0000578_0001156.pkl,train
finedance_154_0001156_0001733,music_wav/154.wav,1156,1733,849660,1273755,audio/finedance_154_0001156_0001733.wav,finedance_154_0001156_0001733.pkl,train
finedance_154_0001733_0002310,music_wav/154.wav,1733,2310,1273755,1697850,audio/finedance_154_0001733_0002310.wav,finedance_154_0001733_0002310.pkl,train
finedance_154_0002310_0002887,music_wav/154.wav,2310,2887,1697850,2121945,audio/finedance_154_0002310_0002887.wav,finedance_154_0002310_0002887.pkl,train
finedance_154_0002887_0003464,music_wav/154.wav,2887,3464,2121945,2546040,audio/finedance_154_0002887_0003464.wav,finedance_154_0002887_0003464.pkl,train
finedance_154_0003464_0004041,music_wav/154.wav,3464,4041,2546040,2970135,audio/finedance_154_0003464_0004041.wav,finedance_154_0003464_0004041.pkl,train
finedance_154_0004041_0004618,music_wav/154.wav,4041,4618,2970135,3394230,audio/finedance_154_0004041_0004618.wav,finedance_154_0004041_0004618.pkl,train
finedance_154_0004618_0005195,music_wav/154.wav,4618,5195,3394230,3818325,audio/finedance_154_0004618_0005195.wav,finedance_154_0004618_0005195.pkl,train
finedance_154_0005195_0005772,music_wav/154.wav,5195,5772,3818325,4242420,audio/finedance_154_0005195_0005772.wav,finedance_154_0005195_0005772.pkl,train
finedance_154_0005772_0006349,music_wav/154.wav,5772,6349,4242420,4666515,audio/finedance_154_0005772_0006349.wav,finedance_154_0005772_0006349.pkl,train
finedance_154_0006349_0006926,music_wav/154.wav,6349,6926,4666515,5090610,audio/finedance_154_0006349_0006926.wav,finedance_154_0006349_0006926.pkl,train
finedance_155_0000000_0000587,music_wav/155.wav,0,587,0,431445,audio/finedance_155_0000000_0000587.wav,finedance_155_0000000_0000587.pkl,train
finedance_155_0000587_0001174,music_wav/155.wav,587,1174,431445,862890,audio/finedance_155_0000587_0001174.wav,finedance_155_0000587_0001174.pkl,train
finedance_155_0001174_0001760,music_wav/155.wav,1174,1760,862890,1293600,audio/finedance_155_0001174_0001760.wav,finedance_155_0001174_0001760.pkl,train
finedance_155_0001760_0002346,music_wav/155.wav,1760,2346,1293600,1724310,audio/finedance_155_0001760_0002346.wav,finedance_155_0001760_0002346.pkl,train
finedance_155_0002346_0002932,music_wav/155.wav,2346,2932,1724310,2155020,audio/finedance_155_0002346_0002932.wav,finedance_155_0002346_0002932.pkl,train
finedance_155_0002932_0003518,music_wav/155.wav,2932,3518,2155020,2585730,audio/finedance_155_0002932_0003518.wav,finedance_155_0002932_0003518.pkl,train
finedance_155_0003518_0004104,music_wav/155.wav,3518,4104,2585730,3016440,audio/finedance_155_0003518_0004104.wav,finedance_155_0003518_0004104.pkl,train
finedance_155_0004104_0004690,music_wav/155.wav,4104,4690,3016440,3447150,audio/finedance_155_0004104_0004690.wav,finedance_155_0004104_0004690.pkl,train
finedance_155_0004690_0005276,music_wav/155.wav,4690,5276,3447150,3877860,audio/finedance_155_0004690_0005276.wav,finedance_155_0004690_0005276.pkl,train
finedance_155_0005276_0005862,music_wav/155.wav,5276,5862,3877860,4308570,audio/finedance_155_0005276_0005862.wav,finedance_155_0005276_0005862.pkl,train
finedance_155_0005862_0006448,music_wav/155.wav,5862,6448,4308570,4739280,audio/finedance_155_0005862_0006448.wav,finedance_155_0005862_0006448.pkl,train
finedance_155_0006448_0007034,music_wav/155.wav,6448,7034,4739280,5169990,audio/finedance_155_0006448_0007034.wav,finedance_155_0006448_0007034.pkl,train
finedance_155_0007034_0007620,music_wav/155.wav,7034,7620,5169990,5600700,audio/finedance_155_0007034_0007620.wav,finedance_155_0007034_0007620.pkl,train
finedance_155_0007620_0008206,music_wav/155.wav,7620,8206,5600700,6031410,audio/finedance_155_0007620_0008206.wav,finedance_155_0007620_0008206.pkl,train
finedance_155_0008206_0008792,music_wav/155.wav,8206,8792,6031410,6462120,audio/finedance_155_0008206_0008792.wav,finedance_155_0008206_0008792.pkl,train
finedance_155_0008792_0009378,music_wav/155.wav,8792,9378,6462120,6892830,audio/finedance_155_0008792_0009378.wav,finedance_155_0008792_0009378.pkl,train
finedance_155_0009378_0009964,music_wav/155.wav,9378,9964,6892830,7323540,audio/finedance_155_0009378_0009964.wav,finedance_155_0009378_0009964.pkl,train
finedance_156_0000000_0000589,music_wav/156.wav,0,589,0,432915,audio/finedance_156_0000000_0000589.wav,finedance_156_0000000_0000589.pkl,train
finedance_156_0000589_0001178,music_wav/156.wav,589,1178,432915,865830,audio/finedance_156_0000589_0001178.wav,finedance_156_0000589_0001178.pkl,train
finedance_156_0001178_0001767,music_wav/156.wav,1178,1767,865830,1298745,audio/finedance_156_0001178_0001767.wav,finedance_156_0001178_0001767.pkl,train
finedance_156_0001767_0002356,music_wav/156.wav,1767,2356,1298745,1731660,audio/finedance_156_0001767_0002356.wav,finedance_156_0001767_0002356.pkl,train
finedance_156_0002356_0002945,music_wav/156.wav,2356,2945,1731660,2164575,audio/finedance_156_0002356_0002945.wav,finedance_156_0002356_0002945.pkl,train
finedance_156_0002945_0003534,music_wav/156.wav,2945,3534,2164575,2597490,audio/finedance_156_0002945_0003534.wav,finedance_156_0002945_0003534.pkl,train
finedance_156_0003534_0004123,music_wav/156.wav,3534,4123,2597490,3030405,audio/finedance_156_0003534_0004123.wav,finedance_156_0003534_0004123.pkl,train
finedance_156_0004123_0004712,music_wav/156.wav,4123,4712,3030405,3463320,audio/finedance_156_0004123_0004712.wav,finedance_156_0004123_0004712.pkl,train
finedance_156_0004712_0005301,music_wav/156.wav,4712,5301,3463320,3896235,audio/finedance_156_0004712_0005301.wav,finedance_156_0004712_0005301.pkl,train
finedance_156_0005301_0005890,music_wav/156.wav,5301,5890,3896235,4329150,audio/finedance_156_0005301_0005890.wav,finedance_156_0005301_0005890.pkl,train
finedance_156_0005890_0006479,music_wav/156.wav,5890,6479,4329150,4762065,audio/finedance_156_0005890_0006479.wav,finedance_156_0005890_0006479.pkl,train
finedance_156_0006479_0007068,music_wav/156.wav,6479,7068,4762065,5194980,audio/finedance_156_0006479_0007068.wav,finedance_156_0006479_0007068.pkl,train
finedance_156_0007068_0007657,music_wav/156.wav,7068,7657,5194980,5627895,audio/finedance_156_0007068_0007657.wav,finedance_156_0007068_0007657.pkl,train
finedance_156_0007657_0008246,music_wav/156.wav,7657,8246,5627895,6060810,audio/finedance_156_0007657_0008246.wav,finedance_156_0007657_0008246.pkl,train
finedance_156_0008246_0008835,music_wav/156.wav,8246,8835,6060810,6493725,audio/finedance_156_0008246_0008835.wav,finedance_156_0008246_0008835.pkl,train
finedance_156_0008835_0009424,music_wav/156.wav,8835,9424,6493725,6926640,audio/finedance_156_0008835_0009424.wav,finedance_156_0008835_0009424.pkl,train
finedance_156_0009424_0010012,music_wav/156.wav,9424,10012,6926640,7358820,audio/finedance_156_0009424_0010012.wav,finedance_156_0009424_0010012.pkl,train
finedance_156_0010012_0010600,music_wav/156.wav,10012,10600,7358820,7791000,audio/finedance_156_0010012_0010600.wav,finedance_156_0010012_0010600.pkl,train
finedance_157_0000000_0000586,music_wav/157.wav,0,586,0,430710,audio/finedance_157_0000000_0000586.wav,finedance_157_0000000_0000586.pkl,train
finedance_157_0000586_0001172,music_wav/157.wav,586,1172,430710,861420,audio/finedance_157_0000586_0001172.wav,finedance_157_0000586_0001172.pkl,train
finedance_157_0001172_0001758,music_wav/157.wav,1172,1758,861420,1292130,audio/finedance_157_0001172_0001758.wav,finedance_157_0001172_0001758.pkl,train
finedance_157_0001758_0002344,music_wav/157.wav,1758,2344,1292130,1722840,audio/finedance_157_0001758_0002344.wav,finedance_157_0001758_0002344.pkl,train
finedance_157_0002344_0002930,music_wav/157.wav,2344,2930,1722840,2153550,audio/finedance_157_0002344_0002930.wav,finedance_157_0002344_0002930.pkl,train
finedance_157_0002930_0003515,music_wav/157.wav,2930,3515,2153550,2583525,audio/finedance_157_0002930_0003515.wav,finedance_157_0002930_0003515.pkl,train
finedance_157_0003515_0004100,music_wav/157.wav,3515,4100,2583525,3013500,audio/finedance_157_0003515_0004100.wav,finedance_157_0003515_0004100.pkl,train
finedance_157_0004100_0004685,music_wav/157.wav,4100,4685,3013500,3443475,audio/finedance_157_0004100_0004685.wav,finedance_157_0004100_0004685.pkl,train
finedance_157_0004685_0005270,music_wav/157.wav,4685,5270,3443475,3873450,audio/finedance_157_0004685_0005270.wav,finedance_157_0004685_0005270.pkl,train
finedance_157_0005270_0005855,music_wav/157.wav,5270,5855,3873450,4303425,audio/finedance_157_0005270_0005855.wav,finedance_157_0005270_0005855.pkl,train
finedance_157_0005855_0006440,music_wav/157.wav,5855,6440,4303425,4733400,audio/finedance_157_0005855_0006440.wav,finedance_157_0005855_0006440.pkl,train
finedance_157_0006440_0007025,music_wav/157.wav,6440,7025,4733400,5163375,audio/finedance_157_0006440_0007025.wav,finedance_157_0006440_0007025.pkl,train
finedance_157_0007025_0007610,music_wav/157.wav,7025,7610,5163375,5593350,audio/finedance_157_0007025_0007610.wav,finedance_157_0007025_0007610.pkl,train
finedance_157_0007610_0008195,music_wav/157.wav,7610,8195,5593350,6023325,audio/finedance_157_0007610_0008195.wav,finedance_157_0007610_0008195.pkl,train
finedance_157_0008195_0008780,music_wav/157.wav,8195,8780,6023325,6453300,audio/finedance_157_0008195_0008780.wav,finedance_157_0008195_0008780.pkl,train
finedance_157_0008780_0009365,music_wav/157.wav,8780,9365,6453300,6883275,audio/finedance_157_0008780_0009365.wav,finedance_157_0008780_0009365.pkl,train
finedance_157_0009365_0009950,music_wav/157.wav,9365,9950,6883275,7313250,audio/finedance_157_0009365_0009950.wav,finedance_157_0009365_0009950.pkl,train
finedance_158_0000000_0000619,music_wav/158.wav,0,619,0,454965,audio/finedance_158_0000000_0000619.wav,finedance_158_0000000_0000619.pkl,train
finedance_158_0000619_0001238,music_wav/158.wav,619,1238,454965,909930,audio/finedance_158_0000619_0001238.wav,finedance_158_0000619_0001238.pkl,train
finedance_158_0001238_0001857,music_wav/158.wav,1238,1857,909930,1364895,audio/finedance_158_0001238_0001857.wav,finedance_158_0001238_0001857.pkl,train
finedance_158_0001857_0002476,music_wav/158.wav,1857,2476,1364895,1819860,audio/finedance_158_0001857_0002476.wav,finedance_158_0001857_0002476.pkl,train
finedance_158_0002476_0003095,music_wav/158.wav,2476,3095,1819860,2274825,audio/finedance_158_0002476_0003095.wav,finedance_158_0002476_0003095.pkl,train
finedance_158_0003095_0003714,music_wav/158.wav,3095,3714,2274825,2729790,audio/finedance_158_0003095_0003714.wav,finedance_158_0003095_0003714.pkl,train
finedance_158_0003714_0004332,music_wav/158.wav,3714,4332,2729790,3184020,audio/finedance_158_0003714_0004332.wav,finedance_158_0003714_0004332.pkl,train
finedance_158_0004332_0004950,music_wav/158.wav,4332,4950,3184020,3638250,audio/finedance_158_0004332_0004950.wav,finedance_158_0004332_0004950.pkl,train
finedance_158_0004950_0005568,music_wav/158.wav,4950,5568,3638250,4092480,audio/finedance_158_0004950_0005568.wav,finedance_158_0004950_0005568.pkl,train
finedance_158_0005568_0006186,music_wav/158.wav,5568,6186,4092480,4546710,audio/finedance_158_0005568_0006186.wav,finedance_158_0005568_0006186.pkl,train
finedance_158_0006186_0006804,music_wav/158.wav,6186,6804,4546710,5000940,audio/finedance_158_0006186_0006804.wav,finedance_158_0006186_0006804.pkl,train
finedance_158_0006804_0007422,music_wav/158.wav,6804,7422,5000940,5455170,audio/finedance_158_0006804_0007422.wav,finedance_158_0006804_0007422.pkl,train
finedance_158_0007422_0008040,music_wav/158.wav,7422,8040,5455170,5909400,audio/finedance_158_0007422_0008040.wav,finedance_158_0007422_0008040.pkl,train
finedance_159_0000000_0000600,music_wav/159.wav,0,600,0,441000,audio/finedance_159_0000000_0000600.wav,finedance_159_0000000_0000600.pkl,train
finedance_159_0000600_0001200,music_wav/159.wav,600,1200,441000,882000,audio/finedance_159_0000600_0001200.wav,finedance_159_0000600_0001200.pkl,train
finedance_159_0001200_0001800,music_wav/159.wav,1200,1800,882000,1323000,audio/finedance_159_0001200_0001800.wav,finedance_159_0001200_0001800.pkl,train
finedance_159_0001800_0002400,music_wav/159.wav,1800,2400,1323000,1764000,audio/finedance_159_0001800_0002400.wav,finedance_159_0001800_0002400.pkl,train
finedance_159_0002400_0003000,music_wav/159.wav,2400,3000,1764000,2205000,audio/finedance_159_0002400_0003000.wav,finedance_159_0002400_0003000.pkl,train
finedance_159_0003000_0003600,music_wav/159.wav,3000,3600,2205000,2646000,audio/finedance_159_0003000_0003600.wav,finedance_159_0003000_0003600.pkl,train
finedance_159_0003600_0004200,music_wav/159.wav,3600,4200,2646000,3087000,audio/finedance_159_0003600_0004200.wav,finedance_159_0003600_0004200.pkl,train
finedance_159_0004200_0004800,music_wav/159.wav,4200,4800,3087000,3528000,audio/finedance_159_0004200_0004800.wav,finedance_159_0004200_0004800.pkl,train
finedance_159_0004800_0005400,music_wav/159.wav,4800,5400,3528000,3969000,audio/finedance_159_0004800_0005400.wav,finedance_159_0004800_0005400.pkl,train
finedance_159_0005400_0006000,music_wav/159.wav,5400,6000,3969000,4410000,audio/finedance_159_0005400_0006000.wav,finedance_159_0005400_0006000.pkl,train
finedance_159_0006000_0006600,music_wav/159.wav,6000,6600,4410000,4851000,audio/finedance_159_0006000_0006600.wav,finedance_159_0006000_0006600.pkl,train
finedance_159_0006600_0007200,music_wav/159.wav,6600,7200,4851000,5292000,audio/finedance_159_0006600_0007200.wav,finedance_159_0006600_0007200.pkl,train
finedance_160_0000000_0000595,music_wav/160.wav,0,595,0,437325,audio/finedance_160_0000000_0000595.wav,finedance_160_0000000_0000595.pkl,train
finedance_160_0000595_0001190,music_wav/160.wav,595,1190,437325,874650,audio/finedance_160_0000595_0001190.wav,finedance_160_0000595_0001190.pkl,train
finedance_160_0001190_0001785,music_wav/160.wav,1190,1785,874650,1311975,audio/finedance_160_0001190_0001785.wav,finedance_160_0001190_0001785.pkl,train
finedance_160_0001785_0002380,music_wav/160.wav,1785,2380,1311975,1749300,audio/finedance_160_0001785_0002380.wav,finedance_160_0001785_0002380.pkl,train
finedance_160_0002380_0002975,music_wav/160.wav,2380,2975,1749300,2186625,audio/finedance_160_0002380_0002975.wav,finedance_160_0002380_0002975.pkl,train
finedance_160_0002975_0003570,music_wav/160.wav,2975,3570,2186625,2623950,audio/finedance_160_0002975_0003570.wav,finedance_160_0002975_0003570.pkl,train
finedance_160_0003570_0004165,music_wav/160.wav,3570,4165,2623950,3061275,audio/finedance_160_0003570_0004165.wav,finedance_160_0003570_0004165.pkl,train
finedance_160_0004165_0004760,music_wav/160.wav,4165,4760,3061275,3498600,audio/finedance_160_0004165_0004760.wav,finedance_160_0004165_0004760.pkl,train
finedance_160_0004760_0005355,music_wav/160.wav,4760,5355,3498600,3935925,audio/finedance_160_0004760_0005355.wav,finedance_160_0004760_0005355.pkl,train
finedance_160_0005355_0005950,music_wav/160.wav,5355,5950,3935925,4373250,audio/finedance_160_0005355_0005950.wav,finedance_160_0005355_0005950.pkl,train
finedance_160_0005950_0006545,music_wav/160.wav,5950,6545,4373250,4810575,audio/finedance_160_0005950_0006545.wav,finedance_160_0005950_0006545.pkl,train
finedance_160_0006545_0007140,music_wav/160.wav,6545,7140,4810575,5247900,audio/finedance_160_0006545_0007140.wav,finedance_160_0006545_0007140.pkl,train
finedance_160_0007140_0007735,music_wav/160.wav,7140,7735,5247900,5685225,audio/finedance_160_0007140_0007735.wav,finedance_160_0007140_0007735.pkl,train
finedance_160_0007735_0008330,music_wav/160.wav,7735,8330,5685225,6122550,audio/finedance_160_0007735_0008330.wav,finedance_160_0007735_0008330.pkl,train
finedance_160_0008330_0008925,music_wav/160.wav,8330,8925,6122550,6559875,audio/finedance_160_0008330_0008925.wav,finedance_160_0008330_0008925.pkl,train
finedance_160_0008925_0009520,music_wav/160.wav,8925,9520,6559875,6997200,audio/finedance_160_0008925_0009520.wav,finedance_160_0008925_0009520.pkl,train
finedance_160_0009520_0010115,music_wav/160.wav,9520,10115,6997200,7434525,audio/finedance_160_0009520_0010115.wav,finedance_160_0009520_0010115.pkl,train
finedance_160_0010115_0010710,music_wav/160.wav,10115,10710,7434525,7871850,audio/finedance_160_0010115_0010710.wav,finedance_160_0010115_0010710.pkl,train
finedance_160_0010710_0011305,music_wav/160.wav,10710,11305,7871850,8309175,audio/finedance_160_0010710_0011305.wav,finedance_160_0010710_0011305.pkl,train
finedance_160_0011305_0011900,music_wav/160.wav,11305,11900,8309175,8746500,audio/finedance_160_0011305_0011900.wav,finedance_160_0011305_0011900.pkl,train
finedance_161_0000000_0000598,music_wav/161.wav,0,598,0,439530,audio/finedance_161_0000000_0000598.wav,finedance_161_0000000_0000598.pkl,test
finedance_161_0000598_0001196,music_wav/161.wav,598,1196,439530,879060,audio/finedance_161_0000598_0001196.wav,finedance_161_0000598_0001196.pkl,test
finedance_161_0001196_0001793,music_wav/161.wav,1196,1793,879060,1317855,audio/finedance_161_0001196_0001793.wav,finedance_161_0001196_0001793.pkl,test
finedance_161_0001793_0002390,music_wav/161.wav,1793,2390,1317855,1756650,audio/finedance_161_0001793_0002390.wav,finedance_161_0001793_0002390.pkl,test
finedance_161_0002390_0002987,music_wav/161.wav,2390,2987,1756650,2195445,audio/finedance_161_0002390_0002987.wav,finedance_161_0002390_0002987.pkl,test
finedance_161_0002987_0003584,music_wav/161.wav,2987,3584,2195445,2634240,audio/finedance_161_0002987_0003584.wav,finedance_161_0002987_0003584.pkl,test
finedance_161_0003584_0004181,music_wav/161.wav,3584,4181,2634240,3073035,audio/finedance_161_0003584_0004181.wav,finedance_161_0003584_0004181.pkl,test
finedance_161_0004181_0004778,music_wav/161.wav,4181,4778,3073035,3511830,audio/finedance_161_0004181_0004778.wav,finedance_161_0004181_0004778.pkl,test
finedance_161_0004778_0005375,music_wav/161.wav,4778,5375,3511830,3950625,audio/finedance_161_0004778_0005375.wav,finedance_161_0004778_0005375.pkl,test
finedance_161_0005375_0005972,music_wav/161.wav,5375,5972,3950625,4389420,audio/finedance_161_0005375_0005972.wav,finedance_161_0005375_0005972.pkl,test
finedance_161_0005972_0006569,music_wav/161.wav,5972,6569,4389420,4828215,audio/finedance_161_0005972_0006569.wav,finedance_161_0005972_0006569.pkl,test
finedance_161_0006569_0007166,music_wav/161.wav,6569,7166,4828215,5267010,audio/finedance_161_0006569_0007166.wav,finedance_161_0006569_0007166.pkl,test
finedance_161_0007166_0007763,music_wav/161.wav,7166,7763,5267010,5705805,audio/finedance_161_0007166_0007763.wav,finedance_161_0007166_0007763.pkl,test
finedance_161_0007763_0008360,music_wav/161.wav,7763,8360,5705805,6144600,audio/finedance_161_0007763_0008360.wav,finedance_161_0007763_0008360.pkl,test
finedance_162_0000000_0000607,music_wav/162.wav,0,607,0,446145,audio/finedance_162_0000000_0000607.wav,finedance_162_0000000_0000607.pkl,train
finedance_162_0000607_0001214,music_wav/162.wav,607,1214,446145,892290,audio/finedance_162_0000607_0001214.wav,finedance_162_0000607_0001214.pkl,train
finedance_162_0001214_0001820,music_wav/162.wav,1214,1820,892290,1337700,audio/finedance_162_0001214_0001820.wav,finedance_162_0001214_0001820.pkl,train
finedance_162_0001820_0002426,music_wav/162.wav,1820,2426,1337700,1783110,audio/finedance_162_0001820_0002426.wav,finedance_162_0001820_0002426.pkl,train
finedance_162_0002426_0003032,music_wav/162.wav,2426,3032,1783110,2228520,audio/finedance_162_0002426_0003032.wav,finedance_162_0002426_0003032.pkl,train
finedance_162_0003032_0003638,music_wav/162.wav,3032,3638,2228520,2673930,audio/finedance_162_0003032_0003638.wav,finedance_162_0003032_0003638.pkl,train
finedance_162_0003638_0004244,music_wav/162.wav,3638,4244,2673930,3119340,audio/finedance_162_0003638_0004244.wav,finedance_162_0003638_0004244.pkl,train
finedance_162_0004244_0004850,music_wav/162.wav,4244,4850,3119340,3564750,audio/finedance_162_0004244_0004850.wav,finedance_162_0004244_0004850.pkl,train
finedance_162_0004850_0005456,music_wav/162.wav,4850,5456,3564750,4010160,audio/finedance_162_0004850_0005456.wav,finedance_162_0004850_0005456.pkl,train
finedance_162_0005456_0006062,music_wav/162.wav,5456,6062,4010160,4455570,audio/finedance_162_0005456_0006062.wav,finedance_162_0005456_0006062.pkl,train
finedance_162_0006062_0006668,music_wav/162.wav,6062,6668,4455570,4900980,audio/finedance_162_0006062_0006668.wav,finedance_162_0006062_0006668.pkl,train
finedance_162_0006668_0007274,music_wav/162.wav,6668,7274,4900980,5346390,audio/finedance_162_0006668_0007274.wav,finedance_162_0006668_0007274.pkl,train
finedance_162_0007274_0007880,music_wav/162.wav,7274,7880,5346390,5791800,audio/finedance_162_0007274_0007880.wav,finedance_162_0007274_0007880.pkl,train
finedance_163_0000000_0000619,music_wav/163.wav,0,619,0,454965,audio/finedance_163_0000000_0000619.wav,finedance_163_0000000_0000619.pkl,train
finedance_163_0000619_0001238,music_wav/163.wav,619,1238,454965,909930,audio/finedance_163_0000619_0001238.wav,finedance_163_0000619_0001238.pkl,train
finedance_163_0001238_0001856,music_wav/163.wav,1238,1856,909930,1364160,audio/finedance_163_0001238_0001856.wav,finedance_163_0001238_0001856.pkl,train
finedance_163_0001856_0002474,music_wav/163.wav,1856,2474,1364160,1818390,audio/finedance_163_0001856_0002474.wav,finedance_163_0001856_0002474.pkl,train
finedance_163_0002474_0003092,music_wav/163.wav,2474,3092,1818390,2272620,audio/finedance_163_0002474_0003092.wav,finedance_163_0002474_0003092.pkl,train
finedance_163_0003092_0003710,music_wav/163.wav,3092,3710,2272620,2726850,audio/finedance_163_0003092_0003710.wav,finedance_163_0003092_0003710.pkl,train
finedance_163_0003710_0004328,music_wav/163.wav,3710,4328,2726850,3181080,audio/finedance_163_0003710_0004328.wav,finedance_163_0003710_0004328.pkl,train
finedance_163_0004328_0004946,music_wav/163.wav,4328,4946,3181080,3635310,audio/finedance_163_0004328_0004946.wav,finedance_163_0004328_0004946.pkl,train
finedance_164_0000000_0000593,music_wav/164.wav,0,593,0,435855,audio/finedance_164_0000000_0000593.wav,finedance_164_0000000_0000593.pkl,train
finedance_164_0000593_0001186,music_wav/164.wav,593,1186,435855,871710,audio/finedance_164_0000593_0001186.wav,finedance_164_0000593_0001186.pkl,train
finedance_164_0001186_0001779,music_wav/164.wav,1186,1779,871710,1307565,audio/finedance_164_0001186_0001779.wav,finedance_164_0001186_0001779.pkl,train
finedance_164_0001779_0002372,music_wav/164.wav,1779,2372,1307565,1743420,audio/finedance_164_0001779_0002372.wav,finedance_164_0001779_0002372.pkl,train
finedance_164_0002372_0002965,music_wav/164.wav,2372,2965,1743420,2179275,audio/finedance_164_0002372_0002965.wav,finedance_164_0002372_0002965.pkl,train
finedance_164_0002965_0003558,music_wav/164.wav,2965,3558,2179275,2615130,audio/finedance_164_0002965_0003558.wav,finedance_164_0002965_0003558.pkl,train
finedance_164_0003558_0004151,music_wav/164.wav,3558,4151,2615130,3050985,audio/finedance_164_0003558_0004151.wav,finedance_164_0003558_0004151.pkl,train
finedance_164_0004151_0004744,music_wav/164.wav,4151,4744,3050985,3486840,audio/finedance_164_0004151_0004744.wav,finedance_164_0004151_0004744.pkl,train
finedance_164_0004744_0005337,music_wav/164.wav,4744,5337,3486840,3922695,audio/finedance_164_0004744_0005337.wav,finedance_164_0004744_0005337.pkl,train
finedance_164_0005337_0005930,music_wav/164.wav,5337,5930,3922695,4358550,audio/finedance_164_0005337_0005930.wav,finedance_164_0005337_0005930.pkl,train
finedance_164_0005930_0006523,music_wav/164.wav,5930,6523,4358550,4794405,audio/finedance_164_0005930_0006523.wav,finedance_164_0005930_0006523.pkl,train
finedance_164_0006523_0007116,music_wav/164.wav,6523,7116,4794405,5230260,audio/finedance_164_0006523_0007116.wav,finedance_164_0006523_0007116.pkl,train
finedance_164_0007116_0007709,music_wav/164.wav,7116,7709,5230260,5666115,audio/finedance_164_0007116_0007709.wav,finedance_164_0007116_0007709.pkl,train
finedance_164_0007709_0008302,music_wav/164.wav,7709,8302,5666115,6101970,audio/finedance_164_0007709_0008302.wav,finedance_164_0007709_0008302.pkl,train
finedance_164_0008302_0008894,music_wav/164.wav,8302,8894,6101970,6537090,audio/finedance_164_0008302_0008894.wav,finedance_164_0008302_0008894.pkl,train
finedance_164_0008894_0009486,music_wav/164.wav,8894,9486,6537090,6972210,audio/finedance_164_0008894_0009486.wav,finedance_164_0008894_0009486.pkl,train
finedance_164_0009486_0010078,music_wav/164.wav,9486,10078,6972210,7407330,audio/finedance_164_0009486_0010078.wav,finedance_164_0009486_0010078.pkl,train
finedance_164_0010078_0010670,music_wav/164.wav,10078,10670,7407330,7842450,audio/finedance_164_0010078_0010670.wav,finedance_164_0010078_0010670.pkl,train
finedance_165_0000000_0000586,music_wav/165.wav,0,586,0,430710,audio/finedance_165_0000000_0000586.wav,finedance_165_0000000_0000586.pkl,train
finedance_165_0000586_0001172,music_wav/165.wav,586,1172,430710,861420,audio/finedance_165_0000586_0001172.wav,finedance_165_0000586_0001172.pkl,train
finedance_165_0001172_0001758,music_wav/165.wav,1172,1758,861420,1292130,audio/finedance_165_0001172_0001758.wav,finedance_165_0001172_0001758.pkl,train
finedance_165_0001758_0002344,music_wav/165.wav,1758,2344,1292130,1722840,audio/finedance_165_0001758_0002344.wav,finedance_165_0001758_0002344.pkl,train
finedance_165_0002344_0002930,music_wav/165.wav,2344,2930,1722840,2153550,audio/finedance_165_0002344_0002930.wav,finedance_165_0002344_0002930.pkl,train
finedance_165_0002930_0003516,music_wav/165.wav,2930,3516,2153550,2584260,audio/finedance_165_0002930_0003516.wav,finedance_165_0002930_0003516.pkl,train
finedance_165_0003516_0004102,music_wav/165.wav,3516,4102,2584260,3014970,audio/finedance_165_0003516_0004102.wav,finedance_165_0003516_0004102.pkl,train
finedance_165_0004102_0004688,music_wav/165.wav,4102,4688,3014970,3445680,audio/finedance_165_0004102_0004688.wav,finedance_165_0004102_0004688.pkl,train
finedance_165_0004688_0005274,music_wav/165.wav,4688,5274,3445680,3876390,audio/finedance_165_0004688_0005274.wav,finedance_165_0004688_0005274.pkl,train
finedance_165_0005274_0005860,music_wav/165.wav,5274,5860,3876390,4307100,audio/finedance_165_0005274_0005860.wav,finedance_165_0005274_0005860.pkl,train
finedance_165_0005860_0006445,music_wav/165.wav,5860,6445,4307100,4737075,audio/finedance_165_0005860_0006445.wav,finedance_165_0005860_0006445.pkl,train
finedance_165_0006445_0007030,music_wav/165.wav,6445,7030,4737075,5167050,audio/finedance_165_0006445_0007030.wav,finedance_165_0006445_0007030.pkl,train
finedance_165_0007030_0007615,music_wav/165.wav,7030,7615,5167050,5597025,audio/finedance_165_0007030_0007615.wav,finedance_165_0007030_0007615.pkl,train
finedance_165_0007615_0008200,music_wav/165.wav,7615,8200,5597025,6027000,audio/finedance_165_0007615_0008200.wav,finedance_165_0007615_0008200.pkl,train
finedance_165_0008200_0008785,music_wav/165.wav,8200,8785,6027000,6456975,audio/finedance_165_0008200_0008785.wav,finedance_165_0008200_0008785.pkl,train
finedance_165_0008785_0009370,music_wav/165.wav,8785,9370,6456975,6886950,audio/finedance_165_0008785_0009370.wav,finedance_165_0008785_0009370.pkl,train
finedance_165_0009370_0009955,music_wav/165.wav,9370,9955,6886950,7316925,audio/finedance_165_0009370_0009955.wav,finedance_165_0009370_0009955.pkl,train
finedance_165_0009955_0010540,music_wav/165.wav,9955,10540,7316925,7746900,audio/finedance_165_0009955_0010540.wav,finedance_165_0009955_0010540.pkl,train
finedance_166_0000000_0000596,music_wav/166.wav,0,596,0,438060,audio/finedance_166_0000000_0000596.wav,finedance_166_0000000_0000596.pkl,train
finedance_166_0000596_0001192,music_wav/166.wav,596,1192,438060,876120,audio/finedance_166_0000596_0001192.wav,finedance_166_0000596_0001192.pkl,train
finedance_166_0001192_0001788,music_wav/166.wav,1192,1788,876120,1314180,audio/finedance_166_0001192_0001788.wav,finedance_166_0001192_0001788.pkl,train
finedance_166_0001788_0002384,music_wav/166.wav,1788,2384,1314180,1752240,audio/finedance_166_0001788_0002384.wav,finedance_166_0001788_0002384.pkl,train
finedance_166_0002384_0002980,music_wav/166.wav,2384,2980,1752240,2190300,audio/finedance_166_0002384_0002980.wav,finedance_166_0002384_0002980.pkl,train
finedance_166_0002980_0003575,music_wav/166.wav,2980,3575,2190300,2627625,audio/finedance_166_0002980_0003575.wav,finedance_166_0002980_0003575.pkl,train
finedance_166_0003575_0004170,music_wav/166.wav,3575,4170,2627625,3064950,audio/finedance_166_0003575_0004170.wav,finedance_166_0003575_0004170.pkl,train
finedance_166_0004170_0004765,music_wav/166.wav,4170,4765,3064950,3502275,audio/finedance_166_0004170_0004765.wav,finedance_166_0004170_0004765.pkl,train
finedance_166_0004765_0005360,music_wav/166.wav,4765,5360,3502275,3939600,audio/finedance_166_0004765_0005360.wav,finedance_166_0004765_0005360.pkl,train
finedance_166_0005360_0005955,music_wav/166.wav,5360,5955,3939600,4376925,audio/finedance_166_0005360_0005955.wav,finedance_166_0005360_0005955.pkl,train
finedance_166_0005955_0006550,music_wav/166.wav,5955,6550,4376925,4814250,audio/finedance_166_0005955_0006550.wav,finedance_166_0005955_0006550.pkl,train
finedance_166_0006550_0007145,music_wav/166.wav,6550,7145,4814250,5251575,audio/finedance_166_0006550_0007145.wav,finedance_166_0006550_0007145.pkl,train
finedance_166_0007145_0007740,music_wav/166.wav,7145,7740,5251575,5688900,audio/finedance_166_0007145_0007740.wav,finedance_166_0007145_0007740.pkl,train
finedance_166_0007740_0008335,music_wav/166.wav,7740,8335,5688900,6126225,audio/finedance_166_0007740_0008335.wav,finedance_166_0007740_0008335.pkl,train
finedance_166_0008335_0008930,music_wav/166.wav,8335,8930,6126225,6563550,audio/finedance_166_0008335_0008930.wav,finedance_166_0008335_0008930.pkl,train
finedance_166_0008930_0009525,music_wav/166.wav,8930,9525,6563550,7000875,audio/finedance_166_0008930_0009525.wav,finedance_166_0008930_0009525.pkl,train
finedance_166_0009525_0010120,music_wav/166.wav,9525,10120,7000875,7438200,audio/finedance_166_0009525_0010120.wav,finedance_166_0009525_0010120.pkl,train
finedance_167_0000000_0000603,music_wav/167.wav,0,603,0,443205,audio/finedance_167_0000000_0000603.wav,finedance_167_0000000_0000603.pkl,train
finedance_167_0000603_0001206,music_wav/167.wav,603,1206,443205,886410,audio/finedance_167_0000603_0001206.wav,finedance_167_0000603_0001206.pkl,train
finedance_167_0001206_0001809,music_wav/167.wav,1206,1809,886410,1329615,audio/finedance_167_0001206_0001809.wav,finedance_167_0001206_0001809.pkl,train
finedance_167_0001809_0002412,music_wav/167.wav,1809,2412,1329615,1772820,audio/finedance_167_0001809_0002412.wav,finedance_167_0001809_0002412.pkl,train
finedance_167_0002412_0003014,music_wav/167.wav,2412,3014,1772820,2215290,audio/finedance_167_0002412_0003014.wav,finedance_167_0002412_0003014.pkl,train
finedance_167_0003014_0003616,music_wav/167.wav,3014,3616,2215290,2657760,audio/finedance_167_0003014_0003616.wav,finedance_167_0003014_0003616.pkl,train
finedance_167_0003616_0004218,music_wav/167.wav,3616,4218,2657760,3100230,audio/finedance_167_0003616_0004218.wav,finedance_167_0003616_0004218.pkl,train
finedance_167_0004218_0004820,music_wav/167.wav,4218,4820,3100230,3542700,audio/finedance_167_0004218_0004820.wav,finedance_167_0004218_0004820.pkl,train
finedance_167_0004820_0005422,music_wav/167.wav,4820,5422,3542700,3985170,audio/finedance_167_0004820_0005422.wav,finedance_167_0004820_0005422.pkl,train
finedance_167_0005422_0006024,music_wav/167.wav,5422,6024,3985170,4427640,audio/finedance_167_0005422_0006024.wav,finedance_167_0005422_0006024.pkl,train
finedance_167_0006024_0006626,music_wav/167.wav,6024,6626,4427640,4870110,audio/finedance_167_0006024_0006626.wav,finedance_167_0006024_0006626.pkl,train
finedance_167_0006626_0007228,music_wav/167.wav,6626,7228,4870110,5312580,audio/finedance_167_0006626_0007228.wav,finedance_167_0006626_0007228.pkl,train
finedance_167_0007228_0007830,music_wav/167.wav,7228,7830,5312580,5755050,audio/finedance_167_0007228_0007830.wav,finedance_167_0007228_0007830.pkl,train
finedance_167_0007830_0008432,music_wav/167.wav,7830,8432,5755050,6197520,audio/finedance_167_0007830_0008432.wav,finedance_167_0007830_0008432.pkl,train
finedance_167_0008432_0009034,music_wav/167.wav,8432,9034,6197520,6639990,audio/finedance_167_0008432_0009034.wav,finedance_167_0008432_0009034.pkl,train
finedance_167_0009034_0009636,music_wav/167.wav,9034,9636,6639990,7082460,audio/finedance_167_0009034_0009636.wav,finedance_167_0009034_0009636.pkl,train
finedance_167_0009636_0010238,music_wav/167.wav,9636,10238,7082460,7524930,audio/finedance_167_0009636_0010238.wav,finedance_167_0009636_0010238.pkl,train
finedance_167_0010238_0010840,music_wav/167.wav,10238,10840,7524930,7967400,audio/finedance_167_0010238_0010840.wav,finedance_167_0010238_0010840.pkl,train
finedance_168_0000000_0000602,music_wav/168.wav,0,602,0,442470,audio/finedance_168_0000000_0000602.wav,finedance_168_0000000_0000602.pkl,train
finedance_168_0000602_0001204,music_wav/168.wav,602,1204,442470,884940,audio/finedance_168_0000602_0001204.wav,finedance_168_0000602_0001204.pkl,train
finedance_168_0001204_0001806,music_wav/168.wav,1204,1806,884940,1327410,audio/finedance_168_0001204_0001806.wav,finedance_168_0001204_0001806.pkl,train
finedance_168_0001806_0002408,music_wav/168.wav,1806,2408,1327410,1769880,audio/finedance_168_0001806_0002408.wav,finedance_168_0001806_0002408.pkl,train
finedance_168_0002408_0003010,music_wav/168.wav,2408,3010,1769880,2212350,audio/finedance_168_0002408_0003010.wav,finedance_168_0002408_0003010.pkl,train
finedance_168_0003010_0003612,music_wav/168.wav,3010,3612,2212350,2654820,audio/finedance_168_0003010_0003612.wav,finedance_168_0003010_0003612.pkl,train
finedance_168_0003612_0004214,music_wav/168.wav,3612,4214,2654820,3097290,audio/finedance_168_0003612_0004214.wav,finedance_168_0003612_0004214.pkl,train
finedance_168_0004214_0004816,music_wav/168.wav,4214,4816,3097290,3539760,audio/finedance_168_0004214_0004816.wav,finedance_168_0004214_0004816.pkl,train
finedance_168_0004816_0005418,music_wav/168.wav,4816,5418,3539760,3982230,audio/finedance_168_0004816_0005418.wav,finedance_168_0004816_0005418.pkl,train
finedance_168_0005418_0006020,music_wav/168.wav,5418,6020,3982230,4424700,audio/finedance_168_0005418_0006020.wav,finedance_168_0005418_0006020.pkl,train
finedance_168_0006020_0006622,music_wav/168.wav,6020,6622,4424700,4867170,audio/finedance_168_0006020_0006622.wav,finedance_168_0006020_0006622.pkl,train
finedance_168_0006622_0007224,music_wav/168.wav,6622,7224,4867170,5309640,audio/finedance_168_0006622_0007224.wav,finedance_168_0006622_0007224.pkl,train
finedance_168_0007224_0007826,music_wav/168.wav,7224,7826,5309640,5752110,audio/finedance_168_0007224_0007826.wav,finedance_168_0007224_0007826.pkl,train
finedance_168_0007826_0008428,music_wav/168.wav,7826,8428,5752110,6194580,audio/finedance_168_0007826_0008428.wav,finedance_168_0007826_0008428.pkl,train
finedance_168_0008428_0009030,music_wav/168.wav,8428,9030,6194580,6637050,audio/finedance_168_0008428_0009030.wav,finedance_168_0008428_0009030.pkl,train
finedance_168_0009030_0009632,music_wav/168.wav,9030,9632,6637050,7079520,audio/finedance_168_0009030_0009632.wav,finedance_168_0009030_0009632.pkl,train
finedance_168_0009632_0010234,music_wav/168.wav,9632,10234,7079520,7521990,audio/finedance_168_0009632_0010234.wav,finedance_168_0009632_0010234.pkl,train
finedance_168_0010234_0010836,music_wav/168.wav,10234,10836,7521990,7964460,audio/finedance_168_0010234_0010836.wav,finedance_168_0010234_0010836.pkl,train
finedance_168_0010836_0011438,music_wav/168.wav,10836,11438,7964460,8406930,audio/finedance_168_0010836_0011438.wav,finedance_168_0010836_0011438.pkl,train
finedance_168_0011438_0012040,music_wav/168.wav,11438,12040,8406930,8849400,audio/finedance_168_0011438_0012040.wav,finedance_168_0011438_0012040.pkl,train
finedance_169_0000000_0000605,music_wav/169.wav,0,605,0,444675,audio/finedance_169_0000000_0000605.wav,finedance_169_0000000_0000605.pkl,train
finedance_169_0000605_0001210,music_wav/169.wav,605,1210,444675,889350,audio/finedance_169_0000605_0001210.wav,finedance_169_0000605_0001210.pkl,train
finedance_169_0001210_0001815,music_wav/169.wav,1210,1815,889350,1334025,audio/finedance_169_0001210_0001815.wav,finedance_169_0001210_0001815.pkl,train
finedance_169_0001815_0002420,music_wav/169.wav,1815,2420,1334025,1778700,audio/finedance_169_0001815_0002420.wav,finedance_169_0001815_0002420.pkl,train
finedance_169_0002420_0003024,music_wav/169.wav,2420,3024,1778700,2222640,audio/finedance_169_0002420_0003024.wav,finedance_169_0002420_0003024.pkl,train
finedance_169_0003024_0003628,music_wav/169.wav,3024,3628,2222640,2666580,audio/finedance_169_0003024_0003628.wav,finedance_169_0003024_0003628.pkl,train
finedance_169_0003628_0004232,music_wav/169.wav,3628,4232,2666580,3110520,audio/finedance_169_0003628_0004232.wav,finedance_169_0003628_0004232.pkl,train
finedance_169_0004232_0004836,music_wav/169.wav,4232,4836,3110520,3554460,audio/finedance_169_0004232_0004836.wav,finedance_169_0004232_0004836.pkl,train
finedance_169_0004836_0005440,music_wav/169.wav,4836,5440,3554460,3998400,audio/finedance_169_0004836_0005440.wav,finedance_169_0004836_0005440.pkl,train
finedance_169_0005440_0006044,music_wav/169.wav,5440,6044,3998400,4442340,audio/finedance_169_0005440_0006044.wav,finedance_169_0005440_0006044.pkl,train
finedance_169_0006044_0006648,music_wav/169.wav,6044,6648,4442340,4886280,audio/finedance_169_0006044_0006648.wav,finedance_169_0006044_0006648.pkl,train
finedance_169_0006648_0007252,music_wav/169.wav,6648,7252,4886280,5330220,audio/finedance_169_0006648_0007252.wav,finedance_169_0006648_0007252.pkl,train
finedance_169_0007252_0007856,music_wav/169.wav,7252,7856,5330220,5774160,audio/finedance_169_0007252_0007856.wav,finedance_169_0007252_0007856.pkl,train
finedance_169_0007856_0008460,music_wav/169.wav,7856,8460,5774160,6218100,audio/finedance_169_0007856_0008460.wav,finedance_169_0007856_0008460.pkl,train
finedance_170_0000000_0000592,music_wav/170.wav,0,592,0,435120,audio/finedance_170_0000000_0000592.wav,finedance_170_0000000_0000592.pkl,train
finedance_170_0000592_0001184,music_wav/170.wav,592,1184,435120,870240,audio/finedance_170_0000592_0001184.wav,finedance_170_0000592_0001184.pkl,train
finedance_170_0001184_0001776,music_wav/170.wav,1184,1776,870240,1305360,audio/finedance_170_0001184_0001776.wav,finedance_170_0001184_0001776.pkl,train
finedance_170_0001776_0002368,music_wav/170.wav,1776,2368,1305360,1740480,audio/finedance_170_0001776_0002368.wav,finedance_170_0001776_0002368.pkl,train
finedance_170_0002368_0002960,music_wav/170.wav,2368,2960,1740480,2175600,audio/finedance_170_0002368_0002960.wav,finedance_170_0002368_0002960.pkl,train
finedance_170_0002960_0003551,music_wav/170.wav,2960,3551,2175600,2609985,audio/finedance_170_0002960_0003551.wav,finedance_170_0002960_0003551.pkl,train
finedance_170_0003551_0004142,music_wav/170.wav,3551,4142,2609985,3044370,audio/finedance_170_0003551_0004142.wav,finedance_170_0003551_0004142.pkl,train
finedance_170_0004142_0004733,music_wav/170.wav,4142,4733,3044370,3478755,audio/finedance_170_0004142_0004733.wav,finedance_170_0004142_0004733.pkl,train
finedance_170_0004733_0005324,music_wav/170.wav,4733,5324,3478755,3913140,audio/finedance_170_0004733_0005324.wav,finedance_170_0004733_0005324.pkl,train
finedance_170_0005324_0005915,music_wav/170.wav,5324,5915,3913140,4347525,audio/finedance_170_0005324_0005915.wav,finedance_170_0005324_0005915.pkl,train
finedance_170_0005915_0006506,music_wav/170.wav,5915,6506,4347525,4781910,audio/finedance_170_0005915_0006506.wav,finedance_170_0005915_0006506.pkl,train
finedance_170_0006506_0007097,music_wav/170.wav,6506,7097,4781910,5216295,audio/finedance_170_0006506_0007097.wav,finedance_170_0006506_0007097.pkl,train
finedance_170_0007097_0007688,music_wav/170.wav,7097,7688,5216295,5650680,audio/finedance_170_0007097_0007688.wav,finedance_170_0007097_0007688.pkl,train
finedance_170_0007688_0008279,music_wav/170.wav,7688,8279,5650680,6085065,audio/finedance_170_0007688_0008279.wav,finedance_170_0007688_0008279.pkl,train
finedance_170_0008279_0008870,music_wav/170.wav,8279,8870,6085065,6519450,audio/finedance_170_0008279_0008870.wav,finedance_170_0008279_0008870.pkl,train
finedance_170_0008870_0009461,music_wav/170.wav,8870,9461,6519450,6953835,audio/finedance_170_0008870_0009461.wav,finedance_170_0008870_0009461.pkl,train
finedance_170_0009461_0010052,music_wav/170.wav,9461,10052,6953835,7388220,audio/finedance_170_0009461_0010052.wav,finedance_170_0009461_0010052.pkl,train
finedance_170_0010052_0010643,music_wav/170.wav,10052,10643,7388220,7822605,audio/finedance_170_0010052_0010643.wav,finedance_170_0010052_0010643.pkl,train
finedance_170_0010643_0011234,music_wav/170.wav,10643,11234,7822605,8256990,audio/finedance_170_0010643_0011234.wav,finedance_170_0010643_0011234.pkl,train
finedance_170_0011234_0011825,music_wav/170.wav,11234,11825,8256990,8691375,audio/finedance_170_0011234_0011825.wav,finedance_170_0011234_0011825.pkl,train
finedance_170_0011825_0012416,music_wav/170.wav,11825,12416,8691375,9125760,audio/finedance_170_0011825_0012416.wav,finedance_170_0011825_0012416.pkl,train
finedance_170_0012416_0013007,music_wav/170.wav,12416,13007,9125760,9560145,audio/finedance_170_0012416_0013007.wav,finedance_170_0012416_0013007.pkl,train
finedance_170_0013007_0013598,music_wav/170.wav,13007,13598,9560145,9994530,audio/finedance_170_0013007_0013598.wav,finedance_170_0013007_0013598.pkl,train
finedance_170_0013598_0014189,music_wav/170.wav,13598,14189,9994530,10428915,audio/finedance_170_0013598_0014189.wav,finedance_170_0013598_0014189.pkl,train
finedance_170_0014189_0014780,music_wav/170.wav,14189,14780,10428915,10863300,audio/finedance_170_0014189_0014780.wav,finedance_170_0014189_0014780.pkl,train
finedance_171_0000000_0000607,music_wav/171.wav,0,607,0,446145,audio/finedance_171_0000000_0000607.wav,finedance_171_0000000_0000607.pkl,train
finedance_171_0000607_0001214,music_wav/171.wav,607,1214,446145,892290,audio/finedance_171_0000607_0001214.wav,finedance_171_0000607_0001214.pkl,train
finedance_171_0001214_0001820,music_wav/171.wav,1214,1820,892290,1337700,audio/finedance_171_0001214_0001820.wav,finedance_171_0001214_0001820.pkl,train
finedance_172_0000000_0000615,music_wav/172.wav,0,615,0,452025,audio/finedance_172_0000000_0000615.wav,finedance_172_0000000_0000615.pkl,train
finedance_172_0000615_0001230,music_wav/172.wav,615,1230,452025,904050,audio/finedance_172_0000615_0001230.wav,finedance_172_0000615_0001230.pkl,train
finedance_172_0001230_0001844,music_wav/172.wav,1230,1844,904050,1355340,audio/finedance_172_0001230_0001844.wav,finedance_172_0001230_0001844.pkl,train
finedance_172_0001844_0002458,music_wav/172.wav,1844,2458,1355340,1806630,audio/finedance_172_0001844_0002458.wav,finedance_172_0001844_0002458.pkl,train
finedance_172_0002458_0003072,music_wav/172.wav,2458,3072,1806630,2257920,audio/finedance_172_0002458_0003072.wav,finedance_172_0002458_0003072.pkl,train
finedance_172_0003072_0003686,music_wav/172.wav,3072,3686,2257920,2709210,audio/finedance_172_0003072_0003686.wav,finedance_172_0003072_0003686.pkl,train
finedance_172_0003686_0004300,music_wav/172.wav,3686,4300,2709210,3160500,audio/finedance_172_0003686_0004300.wav,finedance_172_0003686_0004300.pkl,train
finedance_173_0000000_0000621,music_wav/173.wav,0,621,0,456435,audio/finedance_173_0000000_0000621.wav,finedance_173_0000000_0000621.pkl,train
finedance_173_0000621_0001242,music_wav/173.wav,621,1242,456435,912870,audio/finedance_173_0000621_0001242.wav,finedance_173_0000621_0001242.pkl,train
finedance_173_0001242_0001863,music_wav/173.wav,1242,1863,912870,1369305,audio/finedance_173_0001242_0001863.wav,finedance_173_0001242_0001863.pkl,train
finedance_173_0001863_0002484,music_wav/173.wav,1863,2484,1369305,1825740,audio/finedance_173_0001863_0002484.wav,finedance_173_0001863_0002484.pkl,train
finedance_173_0002484_0003105,music_wav/173.wav,2484,3105,1825740,2282175,audio/finedance_173_0002484_0003105.wav,finedance_173_0002484_0003105.pkl,train
finedance_173_0003105_0003726,music_wav/173.wav,3105,3726,2282175,2738610,audio/finedance_173_0003105_0003726.wav,finedance_173_0003105_0003726.pkl,train
finedance_174_0000000_0000576,music_wav/174.wav,0,576,0,423360,audio/finedance_174_0000000_0000576.wav,finedance_174_0000000_0000576.pkl,train
finedance_174_0000576_0001152,music_wav/174.wav,576,1152,423360,846720,audio/finedance_174_0000576_0001152.wav,finedance_174_0000576_0001152.pkl,train
finedance_174_0001152_0001728,music_wav/174.wav,1152,1728,846720,1270080,audio/finedance_174_0001152_0001728.wav,finedance_174_0001152_0001728.pkl,train
finedance_174_0001728_0002304,music_wav/174.wav,1728,2304,1270080,1693440,audio/finedance_174_0001728_0002304.wav,finedance_174_0001728_0002304.pkl,train
finedance_174_0002304_0002880,music_wav/174.wav,2304,2880,1693440,2116800,audio/finedance_174_0002304_0002880.wav,finedance_174_0002304_0002880.pkl,train
finedance_175_0000000_0000525,music_wav/175.wav,0,525,0,385875,audio/finedance_175_0000000_0000525.wav,finedance_175_0000000_0000525.pkl,train
finedance_175_0000525_0001050,music_wav/175.wav,525,1050,385875,771750,audio/finedance_175_0000525_0001050.wav,finedance_175_0000525_0001050.pkl,train
finedance_175_0001050_0001575,music_wav/175.wav,1050,1575,771750,1157625,audio/finedance_175_0001050_0001575.wav,finedance_175_0001050_0001575.pkl,train
finedance_175_0001575_0002100,music_wav/175.wav,1575,2100,1157625,1543500,audio/finedance_175_0001575_0002100.wav,finedance_175_0001575_0002100.pkl,train
finedance_176_0000000_0000609,music_wav/176.wav,0,609,0,447615,audio/finedance_176_0000000_0000609.wav,finedance_176_0000000_0000609.pkl,train
finedance_176_0000609_0001218,music_wav/176.wav,609,1218,447615,895230,audio/finedance_176_0000609_0001218.wav,finedance_176_0000609_0001218.pkl,train
finedance_176_0001218_0001827,music_wav/176.wav,1218,1827,895230,1342845,audio/finedance_176_0001218_0001827.wav,finedance_176_0001218_0001827.pkl,train
finedance_176_0001827_0002436,music_wav/176.wav,1827,2436,1342845,1790460,audio/finedance_176_0001827_0002436.wav,finedance_176_0001827_0002436.pkl,train
finedance_176_0002436_0003045,music_wav/176.wav,2436,3045,1790460,2238075,audio/finedance_176_0002436_0003045.wav,finedance_176_0002436_0003045.pkl,train
finedance_176_0003045_0003654,music_wav/176.wav,3045,3654,2238075,2685690,audio/finedance_176_0003045_0003654.wav,finedance_176_0003045_0003654.pkl,train
finedance_176_0003654_0004263,music_wav/176.wav,3654,4263,2685690,3133305,audio/finedance_176_0003654_0004263.wav,finedance_176_0003654_0004263.pkl,train
finedance_176_0004263_0004872,music_wav/176.wav,4263,4872,3133305,3580920,audio/finedance_176_0004263_0004872.wav,finedance_176_0004263_0004872.pkl,train
finedance_176_0004872_0005480,music_wav/176.wav,4872,5480,3580920,4027800,audio/finedance_176_0004872_0005480.wav,finedance_176_0004872_0005480.pkl,train
finedance_176_0005480_0006088,music_wav/176.wav,5480,6088,4027800,4474680,audio/finedance_176_0005480_0006088.wav,finedance_176_0005480_0006088.pkl,train
finedance_176_0006088_0006696,music_wav/176.wav,6088,6696,4474680,4921560,audio/finedance_176_0006088_0006696.wav,finedance_176_0006088_0006696.pkl,train
finedance_176_0006696_0007304,music_wav/176.wav,6696,7304,4921560,5368440,audio/finedance_176_0006696_0007304.wav,finedance_176_0006696_0007304.pkl,train
finedance_176_0007304_0007912,music_wav/176.wav,7304,7912,5368440,5815320,audio/finedance_176_0007304_0007912.wav,finedance_176_0007304_0007912.pkl,train
finedance_176_0007912_0008520,music_wav/176.wav,7912,8520,5815320,6262200,audio/finedance_176_0007912_0008520.wav,finedance_176_0007912_0008520.pkl,train
finedance_176_0008520_0009128,music_wav/176.wav,8520,9128,6262200,6709080,audio/finedance_176_0008520_0009128.wav,finedance_176_0008520_0009128.pkl,train
finedance_176_0009128_0009736,music_wav/176.wav,9128,9736,6709080,7155960,audio/finedance_176_0009128_0009736.wav,finedance_176_0009128_0009736.pkl,train
finedance_176_0009736_0010344,music_wav/176.wav,9736,10344,7155960,7602840,audio/finedance_176_0009736_0010344.wav,finedance_176_0009736_0010344.pkl,train
finedance_176_0010344_0010952,music_wav/176.wav,10344,10952,7602840,8049720,audio/finedance_176_0010344_0010952.wav,finedance_176_0010344_0010952.pkl,train
finedance_176_0010952_0011560,music_wav/176.wav,10952,11560,8049720,8496600,audio/finedance_176_0010952_0011560.wav,finedance_176_0010952_0011560.pkl,train
finedance_177_0000000_0000547,music_wav/177.wav,0,547,0,402045,audio/finedance_177_0000000_0000547.wav,finedance_177_0000000_0000547.pkl,train
finedance_177_0000547_0001094,music_wav/177.wav,547,1094,402045,804090,audio/finedance_177_0000547_0001094.wav,finedance_177_0000547_0001094.pkl,train
finedance_177_0001094_0001640,music_wav/177.wav,1094,1640,804090,1205400,audio/finedance_177_0001094_0001640.wav,finedance_177_0001094_0001640.pkl,train
finedance_178_0000000_0000688,music_wav/178.wav,0,688,0,505680,audio/finedance_178_0000000_0000688.wav,finedance_178_0000000_0000688.pkl,train
finedance_178_0000688_0001376,music_wav/178.wav,688,1376,505680,1011360,audio/finedance_178_0000688_0001376.wav,finedance_178_0000688_0001376.pkl,train
finedance_178_0001376_0002064,music_wav/178.wav,1376,2064,1011360,1517040,audio/finedance_178_0001376_0002064.wav,finedance_178_0001376_0002064.pkl,train
finedance_179_0000000_0000646,music_wav/179.wav,0,646,0,474810,audio/finedance_179_0000000_0000646.wav,finedance_179_0000000_0000646.pkl,test
finedance_179_0000646_0001292,music_wav/179.wav,646,1292,474810,949620,audio/finedance_179_0000646_0001292.wav,finedance_179_0000646_0001292.pkl,test
finedance_179_0001292_0001938,music_wav/179.wav,1292,1938,949620,1424430,audio/finedance_179_0001292_0001938.wav,finedance_179_0001292_0001938.pkl,test
finedance_179_0001938_0002584,music_wav/179.wav,1938,2584,1424430,1899240,audio/finedance_179_0001938_0002584.wav,finedance_179_0001938_0002584.pkl,test
finedance_179_0002584_0003229,music_wav/179.wav,2584,3229,1899240,2373315,audio/finedance_179_0002584_0003229.wav,finedance_179_0002584_0003229.pkl,test
finedance_180_0000000_0000617,music_wav/180.wav,0,617,0,453495,audio/finedance_180_0000000_0000617.wav,finedance_180_0000000_0000617.pkl,train
finedance_180_0000617_0001234,music_wav/180.wav,617,1234,453495,906990,audio/finedance_180_0000617_0001234.wav,finedance_180_0000617_0001234.pkl,train
finedance_180_0001234_0001851,music_wav/180.wav,1234,1851,906990,1360485,audio/finedance_180_0001234_0001851.wav,finedance_180_0001234_0001851.pkl,train
finedance_180_0001851_0002468,music_wav/180.wav,1851,2468,1360485,1813980,audio/finedance_180_0001851_0002468.wav,finedance_180_0001851_0002468.pkl,train
finedance_180_0002468_0003084,music_wav/180.wav,2468,3084,1813980,2266740,audio/finedance_180_0002468_0003084.wav,finedance_180_0002468_0003084.pkl,train
finedance_180_0003084_0003700,music_wav/180.wav,3084,3700,2266740,2719500,audio/finedance_180_0003084_0003700.wav,finedance_180_0003084_0003700.pkl,train
finedance_181_0000000_0000603,music_wav/181.wav,0,603,0,443205,audio/finedance_181_0000000_0000603.wav,finedance_181_0000000_0000603.pkl,train
finedance_181_0000603_0001206,music_wav/181.wav,603,1206,443205,886410,audio/finedance_181_0000603_0001206.wav,finedance_181_0000603_0001206.pkl,train
finedance_181_0001206_0001809,music_wav/181.wav,1206,1809,886410,1329615,audio/finedance_181_0001206_0001809.wav,finedance_181_0001206_0001809.pkl,train
finedance_181_0001809_0002412,music_wav/181.wav,1809,2412,1329615,1772820,audio/finedance_181_0001809_0002412.wav,finedance_181_0001809_0002412.pkl,train
finedance_181_0002412_0003014,music_wav/181.wav,2412,3014,1772820,2215290,audio/finedance_181_0002412_0003014.wav,finedance_181_0002412_0003014.pkl,train
finedance_181_0003014_0003616,music_wav/181.wav,3014,3616,2215290,2657760,audio/finedance_181_0003014_0003616.wav,finedance_181_0003014_0003616.pkl,train
finedance_181_0003616_0004218,music_wav/181.wav,3616,4218,2657760,3100230,audio/finedance_181_0003616_0004218.wav,finedance_181_0003616_0004218.pkl,train
finedance_181_0004218_0004820,music_wav/181.wav,4218,4820,3100230,3542700,audio/finedance_181_0004218_0004820.wav,finedance_181_0004218_0004820.pkl,train
finedance_182_0000000_0000589,music_wav/182.wav,0,589,0,432915,audio/finedance_182_0000000_0000589.wav,finedance_182_0000000_0000589.pkl,train
finedance_182_0000589_0001178,music_wav/182.wav,589,1178,432915,865830,audio/finedance_182_0000589_0001178.wav,finedance_182_0000589_0001178.pkl,train
finedance_182_0001178_0001767,music_wav/182.wav,1178,1767,865830,1298745,audio/finedance_182_0001178_0001767.wav,finedance_182_0001178_0001767.pkl,train
finedance_182_0001767_0002356,music_wav/182.wav,1767,2356,1298745,1731660,audio/finedance_182_0001767_0002356.wav,finedance_182_0001767_0002356.pkl,train
finedance_182_0002356_0002944,music_wav/182.wav,2356,2944,1731660,2163840,audio/finedance_182_0002356_0002944.wav,finedance_182_0002356_0002944.pkl,train
finedance_182_0002944_0003532,music_wav/182.wav,2944,3532,2163840,2596020,audio/finedance_182_0002944_0003532.wav,finedance_182_0002944_0003532.pkl,train
finedance_182_0003532_0004120,music_wav/182.wav,3532,4120,2596020,3028200,audio/finedance_182_0003532_0004120.wav,finedance_182_0003532_0004120.pkl,train
finedance_182_0004120_0004708,music_wav/182.wav,4120,4708,3028200,3460380,audio/finedance_182_0004120_0004708.wav,finedance_182_0004120_0004708.pkl,train
finedance_182_0004708_0005296,music_wav/182.wav,4708,5296,3460380,3892560,audio/finedance_182_0004708_0005296.wav,finedance_182_0004708_0005296.pkl,train
finedance_182_0005296_0005884,music_wav/182.wav,5296,5884,3892560,4324740,audio/finedance_182_0005296_0005884.wav,finedance_182_0005296_0005884.pkl,train
finedance_182_0005884_0006472,music_wav/182.wav,5884,6472,4324740,4756920,audio/finedance_182_0005884_0006472.wav,finedance_182_0005884_0006472.pkl,train
finedance_182_0006472_0007060,music_wav/182.wav,6472,7060,4756920,5189100,audio/finedance_182_0006472_0007060.wav,finedance_182_0006472_0007060.pkl,train
finedance_182_0007060_0007648,music_wav/182.wav,7060,7648,5189100,5621280,audio/finedance_182_0007060_0007648.wav,finedance_182_0007060_0007648.pkl,train
finedance_182_0007648_0008236,music_wav/182.wav,7648,8236,5621280,6053460,audio/finedance_182_0007648_0008236.wav,finedance_182_0007648_0008236.pkl,train
finedance_182_0008236_0008824,music_wav/182.wav,8236,8824,6053460,6485640,audio/finedance_182_0008236_0008824.wav,finedance_182_0008236_0008824.pkl,train
finedance_182_0008824_0009412,music_wav/182.wav,8824,9412,6485640,6917820,audio/finedance_182_0008824_0009412.wav,finedance_182_0008824_0009412.pkl,train
finedance_182_0009412_0010000,music_wav/182.wav,9412,10000,6917820,7350000,audio/finedance_182_0009412_0010000.wav,finedance_182_0009412_0010000.pkl,train
finedance_182_0010000_0010588,music_wav/182.wav,10000,10588,7350000,7782180,audio/finedance_182_0010000_0010588.wav,finedance_182_0010000_0010588.pkl,train
finedance_182_0010588_0011176,music_wav/182.wav,10588,11176,7782180,8214360,audio/finedance_182_0010588_0011176.wav,finedance_182_0010588_0011176.pkl,train
finedance_182_0011176_0011764,music_wav/182.wav,11176,11764,8214360,8646540,audio/finedance_182_0011176_0011764.wav,finedance_182_0011176_0011764.pkl,train
finedance_182_0011764_0012352,music_wav/182.wav,11764,12352,8646540,9078720,audio/finedance_182_0011764_0012352.wav,finedance_182_0011764_0012352.pkl,train
finedance_182_0012352_0012940,music_wav/182.wav,12352,12940,9078720,9510900,audio/finedance_182_0012352_0012940.wav,finedance_182_0012352_0012940.pkl,train
finedance_183_0000000_0000604,music_wav/183.wav,0,604,0,443940,audio/finedance_183_0000000_0000604.wav,finedance_183_0000000_0000604.pkl,train
finedance_183_0000604_0001208,music_wav/183.wav,604,1208,443940,887880,audio/finedance_183_0000604_0001208.wav,finedance_183_0000604_0001208.pkl,train
finedance_183_0001208_0001812,music_wav/183.wav,1208,1812,887880,1331820,audio/finedance_183_0001208_0001812.wav,finedance_183_0001208_0001812.pkl,train
finedance_183_0001812_0002416,music_wav/183.wav,1812,2416,1331820,1775760,audio/finedance_183_0001812_0002416.wav,finedance_183_0001812_0002416.pkl,train
finedance_183_0002416_0003020,music_wav/183.wav,2416,3020,1775760,2219700,audio/finedance_183_0002416_0003020.wav,finedance_183_0002416_0003020.pkl,train
finedance_183_0003020_0003624,music_wav/183.wav,3020,3624,2219700,2663640,audio/finedance_183_0003020_0003624.wav,finedance_183_0003020_0003624.pkl,train
finedance_183_0003624_0004228,music_wav/183.wav,3624,4228,2663640,3107580,audio/finedance_183_0003624_0004228.wav,finedance_183_0003624_0004228.pkl,train
finedance_183_0004228_0004832,music_wav/183.wav,4228,4832,3107580,3551520,audio/finedance_183_0004228_0004832.wav,finedance_183_0004228_0004832.pkl,train
finedance_183_0004832_0005436,music_wav/183.wav,4832,5436,3551520,3995460,audio/finedance_183_0004832_0005436.wav,finedance_183_0004832_0005436.pkl,train
finedance_183_0005436_0006040,music_wav/183.wav,5436,6040,3995460,4439400,audio/finedance_183_0005436_0006040.wav,finedance_183_0005436_0006040.pkl,train
finedance_183_0006040_0006644,music_wav/183.wav,6040,6644,4439400,4883340,audio/finedance_183_0006040_0006644.wav,finedance_183_0006040_0006644.pkl,train
finedance_183_0006644_0007248,music_wav/183.wav,6644,7248,4883340,5327280,audio/finedance_183_0006644_0007248.wav,finedance_183_0006644_0007248.pkl,train
finedance_183_0007248_0007852,music_wav/183.wav,7248,7852,5327280,5771220,audio/finedance_183_0007248_0007852.wav,finedance_183_0007248_0007852.pkl,train
finedance_183_0007852_0008456,music_wav/183.wav,7852,8456,5771220,6215160,audio/finedance_183_0007852_0008456.wav,finedance_183_0007852_0008456.pkl,train
finedance_183_0008456_0009059,music_wav/183.wav,8456,9059,6215160,6658365,audio/finedance_183_0008456_0009059.wav,finedance_183_0008456_0009059.pkl,train
finedance_183_0009059_0009662,music_wav/183.wav,9059,9662,6658365,7101570,audio/finedance_183_0009059_0009662.wav,finedance_183_0009059_0009662.pkl,train
finedance_183_0009662_0010265,music_wav/183.wav,9662,10265,7101570,7544775,audio/finedance_183_0009662_0010265.wav,finedance_183_0009662_0010265.pkl,train
finedance_183_0010265_0010868,music_wav/183.wav,10265,10868,7544775,7987980,audio/finedance_183_0010265_0010868.wav,finedance_183_0010265_0010868.pkl,train
finedance_183_0010868_0011471,music_wav/183.wav,10868,11471,7987980,8431185,audio/finedance_183_0010868_0011471.wav,finedance_183_0010868_0011471.pkl,train
finedance_183_0011471_0012074,music_wav/183.wav,11471,12074,8431185,8874390,audio/finedance_183_0011471_0012074.wav,finedance_183_0011471_0012074.pkl,train
finedance_183_0012074_0012677,music_wav/183.wav,12074,12677,8874390,9317595,audio/finedance_183_0012074_0012677.wav,finedance_183_0012074_0012677.pkl,train
finedance_183_0012677_0013280,music_wav/183.wav,12677,13280,9317595,9760800,audio/finedance_183_0012677_0013280.wav,finedance_183_0012677_0013280.pkl,train
finedance_184_0000000_0000591,music_wav/184.wav,0,591,0,434385,audio/finedance_184_0000000_0000591.wav,finedance_184_0000000_0000591.pkl,train
finedance_184_0000591_0001182,music_wav/184.wav,591,1182,434385,868770,audio/finedance_184_0000591_0001182.wav,finedance_184_0000591_0001182.pkl,train
finedance_184_0001182_0001773,music_wav/184.wav,1182,1773,868770,1303155,audio/finedance_184_0001182_0001773.wav,finedance_184_0001182_0001773.pkl,train
finedance_184_0001773_0002364,music_wav/184.wav,1773,2364,1303155,1737540,audio/finedance_184_0001773_0002364.wav,finedance_184_0001773_0002364.pkl,train
finedance_184_0002364_0002955,music_wav/184.wav,2364,2955,1737540,2171925,audio/finedance_184_0002364_0002955.wav,finedance_184_0002364_0002955.pkl,train
finedance_184_0002955_0003546,music_wav/184.wav,2955,3546,2171925,2606310,audio/finedance_184_0002955_0003546.wav,finedance_184_0002955_0003546.pkl,train
finedance_184_0003546_0004137,music_wav/184.wav,3546,4137,2606310,3040695,audio/finedance_184_0003546_0004137.wav,finedance_184_0003546_0004137.pkl,train
finedance_184_0004137_0004728,music_wav/184.wav,4137,4728,3040695,3475080,audio/finedance_184_0004137_0004728.wav,finedance_184_0004137_0004728.pkl,train
finedance_184_0004728_0005319,music_wav/184.wav,4728,5319,3475080,3909465,audio/finedance_184_0004728_0005319.wav,finedance_184_0004728_0005319.pkl,train
finedance_184_0005319_0005910,music_wav/184.wav,5319,5910,3909465,4343850,audio/finedance_184_0005319_0005910.wav,finedance_184_0005319_0005910.pkl,train
finedance_184_0005910_0006500,music_wav/184.wav,5910,6500,4343850,4777500,audio/finedance_184_0005910_0006500.wav,finedance_184_0005910_0006500.pkl,train
finedance_184_0006500_0007090,music_wav/184.wav,6500,7090,4777500,5211150,audio/finedance_184_0006500_0007090.wav,finedance_184_0006500_0007090.pkl,train
finedance_184_0007090_0007680,music_wav/184.wav,7090,7680,5211150,5644800,audio/finedance_184_0007090_0007680.wav,finedance_184_0007090_0007680.pkl,train
finedance_184_0007680_0008270,music_wav/184.wav,7680,8270,5644800,6078450,audio/finedance_184_0007680_0008270.wav,finedance_184_0007680_0008270.pkl,train
finedance_184_0008270_0008860,music_wav/184.wav,8270,8860,6078450,6512100,audio/finedance_184_0008270_0008860.wav,finedance_184_0008270_0008860.pkl,train
finedance_184_0008860_0009450,music_wav/184.wav,8860,9450,6512100,6945750,audio/finedance_184_0008860_0009450.wav,finedance_184_0008860_0009450.pkl,train
finedance_184_0009450_0010040,music_wav/184.wav,9450,10040,6945750,7379400,audio/finedance_184_0009450_0010040.wav,finedance_184_0009450_0010040.pkl,train
finedance_185_0000000_0000617,music_wav/185.wav,0,617,0,453495,audio/finedance_185_0000000_0000617.wav,finedance_185_0000000_0000617.pkl,train
finedance_185_0000617_0001234,music_wav/185.wav,617,1234,453495,906990,audio/finedance_185_0000617_0001234.wav,finedance_185_0000617_0001234.pkl,train
finedance_185_0001234_0001851,music_wav/185.wav,1234,1851,906990,1360485,audio/finedance_185_0001234_0001851.wav,finedance_185_0001234_0001851.pkl,train
finedance_185_0001851_0002468,music_wav/185.wav,1851,2468,1360485,1813980,audio/finedance_185_0001851_0002468.wav,finedance_185_0001851_0002468.pkl,train
finedance_185_0002468_0003084,music_wav/185.wav,2468,3084,1813980,2266740,audio/finedance_185_0002468_0003084.wav,finedance_185_0002468_0003084.pkl,train
finedance_185_0003084_0003700,music_wav/185.wav,3084,3700,2266740,2719500,audio/finedance_185_0003084_0003700.wav,finedance_185_0003084_0003700.pkl,train
finedance_186_0000000_0000614,music_wav/186.wav,0,614,0,451290,audio/finedance_186_0000000_0000614.wav,finedance_186_0000000_0000614.pkl,train
finedance_186_0000614_0001228,music_wav/186.wav,614,1228,451290,902580,audio/finedance_186_0000614_0001228.wav,finedance_186_0000614_0001228.pkl,train
finedance_186_0001228_0001841,music_wav/186.wav,1228,1841,902580,1353135,audio/finedance_186_0001228_0001841.wav,finedance_186_0001228_0001841.pkl,train
finedance_186_0001841_0002454,music_wav/186.wav,1841,2454,1353135,1803690,audio/finedance_186_0001841_0002454.wav,finedance_186_0001841_0002454.pkl,train
finedance_186_0002454_0003067,music_wav/186.wav,2454,3067,1803690,2254245,audio/finedance_186_0002454_0003067.wav,finedance_186_0002454_0003067.pkl,train
finedance_186_0003067_0003680,music_wav/186.wav,3067,3680,2254245,2704800,audio/finedance_186_0003067_0003680.wav,finedance_186_0003067_0003680.pkl,train
finedance_187_0000000_0000694,music_wav/187.wav,0,694,0,510090,audio/finedance_187_0000000_0000694.wav,finedance_187_0000000_0000694.pkl,train
finedance_187_0000694_0001387,music_wav/187.wav,694,1387,510090,1019445,audio/finedance_187_0000694_0001387.wav,finedance_187_0000694_0001387.pkl,train
finedance_187_0001387_0002080,music_wav/187.wav,1387,2080,1019445,1528800,audio/finedance_187_0001387_0002080.wav,finedance_187_0001387_0002080.pkl,train
finedance_188_0000000_0000575,music_wav/188.wav,0,575,0,422625,audio/finedance_188_0000000_0000575.wav,finedance_188_0000000_0000575.pkl,train
finedance_188_0000575_0001150,music_wav/188.wav,575,1150,422625,845250,audio/finedance_188_0000575_0001150.wav,finedance_188_0000575_0001150.pkl,train
finedance_188_0001150_0001725,music_wav/188.wav,1150,1725,845250,1267875,audio/finedance_188_0001150_0001725.wav,finedance_188_0001150_0001725.pkl,train
finedance_188_0001725_0002300,music_wav/188.wav,1725,2300,1267875,1690500,audio/finedance_188_0001725_0002300.wav,finedance_188_0001725_0002300.pkl,train
finedance_188_0002300_0002875,music_wav/188.wav,2300,2875,1690500,2113125,audio/finedance_188_0002300_0002875.wav,finedance_188_0002300_0002875.pkl,train
finedance_188_0002875_0003450,music_wav/188.wav,2875,3450,2113125,2535750,audio/finedance_188_0002875_0003450.wav,finedance_188_0002875_0003450.pkl,train
finedance_189_0000000_0000680,music_wav/189.wav,0,680,0,499800,audio/finedance_189_0000000_0000680.wav,finedance_189_0000000_0000680.pkl,train
finedance_189_0000680_0001360,music_wav/189.wav,680,1360,499800,999600,audio/finedance_189_0000680_0001360.wav,finedance_189_0000680_0001360.pkl,train
finedance_190_0000000_0000660,music_wav/190.wav,0,660,0,485100,audio/finedance_190_0000000_0000660.wav,finedance_190_0000000_0000660.pkl,train
finedance_190_0000660_0001320,music_wav/190.wav,660,1320,485100,970200,audio/finedance_190_0000660_0001320.wav,finedance_190_0000660_0001320.pkl,train
finedance_191_0000000_0000540,music_wav/191.wav,0,540,0,396900,audio/finedance_191_0000000_0000540.wav,finedance_191_0000000_0000540.pkl,train
finedance_191_0000540_0001080,music_wav/191.wav,540,1080,396900,793800,audio/finedance_191_0000540_0001080.wav,finedance_191_0000540_0001080.pkl,train
finedance_191_0001080_0001620,music_wav/191.wav,1080,1620,793800,1190700,audio/finedance_191_0001080_0001620.wav,finedance_191_0001080_0001620.pkl,train
finedance_191_0001620_0002160,music_wav/191.wav,1620,2160,1190700,1587600,audio/finedance_191_0001620_0002160.wav,finedance_191_0001620_0002160.pkl,train
finedance_192_0000000_0000520,music_wav/192.wav,0,520,0,382200,audio/finedance_192_0000000_0000520.wav,finedance_192_0000000_0000520.pkl,train
finedance_192_0000520_0001040,music_wav/192.wav,520,1040,382200,764400,audio/finedance_192_0000520_0001040.wav,finedance_192_0000520_0001040.pkl,train
finedance_193_0000000_0000586,music_wav/193.wav,0,586,0,430710,audio/finedance_193_0000000_0000586.wav,finedance_193_0000000_0000586.pkl,test
finedance_193_0000586_0001172,music_wav/193.wav,586,1172,430710,861420,audio/finedance_193_0000586_0001172.wav,finedance_193_0000586_0001172.pkl,test
finedance_193_0001172_0001758,music_wav/193.wav,1172,1758,861420,1292130,audio/finedance_193_0001172_0001758.wav,finedance_193_0001172_0001758.pkl,test
finedance_193_0001758_0002344,music_wav/193.wav,1758,2344,1292130,1722840,audio/finedance_193_0001758_0002344.wav,finedance_193_0001758_0002344.pkl,test
finedance_193_0002344_0002930,music_wav/193.wav,2344,2930,1722840,2153550,audio/finedance_193_0002344_0002930.wav,finedance_193_0002344_0002930.pkl,test
finedance_193_0002930_0003515,music_wav/193.wav,2930,3515,2153550,2583525,audio/finedance_193_0002930_0003515.wav,finedance_193_0002930_0003515.pkl,test
finedance_193_0003515_0004100,music_wav/193.wav,3515,4100,2583525,3013500,audio/finedance_193_0003515_0004100.wav,finedance_193_0003515_0004100.pkl,test
finedance_194_0000000_0000562,music_wav/194.wav,0,562,0,413070,audio/finedance_194_0000000_0000562.wav,finedance_194_0000000_0000562.pkl,train
finedance_194_0000562_0001124,music_wav/194.wav,562,1124,413070,826140,audio/finedance_194_0000562_0001124.wav,finedance_194_0000562_0001124.pkl,train
finedance_194_0001124_0001686,music_wav/194.wav,1124,1686,826140,1239210,audio/finedance_194_0001124_0001686.wav,finedance_194_0001124_0001686.pkl,train
finedance_194_0001686_0002247,music_wav/194.wav,1686,2247,1239210,1651545,audio/finedance_194_0001686_0002247.wav,finedance_194_0001686_0002247.pkl,train
finedance_194_0002247_0002808,music_wav/194.wav,2247,2808,1651545,2063880,audio/finedance_194_0002247_0002808.wav,finedance_194_0002247_0002808.pkl,train
finedance_194_0002808_0003369,music_wav/194.wav,2808,3369,2063880,2476215,audio/finedance_194_0002808_0003369.wav,finedance_194_0002808_0003369.pkl,train
finedance_194_0003369_0003930,music_wav/194.wav,3369,3930,2476215,2888550,audio/finedance_194_0003369_0003930.wav,finedance_194_0003369_0003930.pkl,train
finedance_195_0000000_0000613,music_wav/195.wav,0,613,0,450555,audio/finedance_195_0000000_0000613.wav,finedance_195_0000000_0000613.pkl,train
finedance_195_0000613_0001226,music_wav/195.wav,613,1226,450555,901110,audio/finedance_195_0000613_0001226.wav,finedance_195_0000613_0001226.pkl,train
finedance_195_0001226_0001839,music_wav/195.wav,1226,1839,901110,1351665,audio/finedance_195_0001226_0001839.wav,finedance_195_0001226_0001839.pkl,train
finedance_195_0001839_0002452,music_wav/195.wav,1839,2452,1351665,1802220,audio/finedance_195_0001839_0002452.wav,finedance_195_0001839_0002452.pkl,train
finedance_195_0002452_0003064,music_wav/195.wav,2452,3064,1802220,2252040,audio/finedance_195_0002452_0003064.wav,finedance_195_0002452_0003064.pkl,train
finedance_195_0003064_0003676,music_wav/195.wav,3064,3676,2252040,2701860,audio/finedance_195_0003064_0003676.wav,finedance_195_0003064_0003676.pkl,train
finedance_195_0003676_0004288,music_wav/195.wav,3676,4288,2701860,3151680,audio/finedance_195_0003676_0004288.wav,finedance_195_0003676_0004288.pkl,train
finedance_195_0004288_0004900,music_wav/195.wav,4288,4900,3151680,3601500,audio/finedance_195_0004288_0004900.wav,finedance_195_0004288_0004900.pkl,train
finedance_196_0000000_0000580,music_wav/196.wav,0,580,0,426300,audio/finedance_196_0000000_0000580.wav,finedance_196_0000000_0000580.pkl,train
finedance_196_0000580_0001160,music_wav/196.wav,580,1160,426300,852600,audio/finedance_196_0000580_0001160.wav,finedance_196_0000580_0001160.pkl,train
finedance_196_0001160_0001740,music_wav/196.wav,1160,1740,852600,1278900,audio/finedance_196_0001160_0001740.wav,finedance_196_0001160_0001740.pkl,train
finedance_196_0001740_0002320,music_wav/196.wav,1740,2320,1278900,1705200,audio/finedance_196_0001740_0002320.wav,finedance_196_0001740_0002320.pkl,train
finedance_196_0002320_0002900,music_wav/196.wav,2320,2900,1705200,2131500,audio/finedance_196_0002320_0002900.wav,finedance_196_0002320_0002900.pkl,train
finedance_196_0002900_0003480,music_wav/196.wav,2900,3480,2131500,2557800,audio/finedance_196_0002900_0003480.wav,finedance_196_0002900_0003480.pkl,train
finedance_196_0003480_0004060,music_wav/196.wav,3480,4060,2557800,2984100,audio/finedance_196_0003480_0004060.wav,finedance_196_0003480_0004060.pkl,train
finedance_196_0004060_0004640,music_wav/196.wav,4060,4640,2984100,3410400,audio/finedance_196_0004060_0004640.wav,finedance_196_0004060_0004640.pkl,train
finedance_196_0004640_0005220,music_wav/196.wav,4640,5220,3410400,3836700,audio/finedance_196_0004640_0005220.wav,finedance_196_0004640_0005220.pkl,train
finedance_196_0005220_0005800,music_wav/196.wav,5220,5800,3836700,4263000,audio/finedance_196_0005220_0005800.wav,finedance_196_0005220_0005800.pkl,train
finedance_196_0005800_0006380,music_wav/196.wav,5800,6380,4263000,4689300,audio/finedance_196_0005800_0006380.wav,finedance_196_0005800_0006380.pkl,train
finedance_196_0006380_0006960,music_wav/196.wav,6380,6960,4689300,5115600,audio/finedance_196_0006380_0006960.wav,finedance_196_0006380_0006960.pkl,train
finedance_196_0006960_0007540,music_wav/196.wav,6960,7540,5115600,5541900,audio/finedance_196_0006960_0007540.wav,finedance_196_0006960_0007540.pkl,train
finedance_196_0007540_0008120,music_wav/196.wav,7540,8120,5541900,5968200,audio/finedance_196_0007540_0008120.wav,finedance_196_0007540_0008120.pkl,train
finedance_197_0000000_0000617,music_wav/197.wav,0,617,0,453495,audio/finedance_197_0000000_0000617.wav,finedance_197_0000000_0000617.pkl,train
finedance_197_0000617_0001234,music_wav/197.wav,617,1234,453495,906990,audio/finedance_197_0000617_0001234.wav,finedance_197_0000617_0001234.pkl,train
finedance_197_0001234_0001851,music_wav/197.wav,1234,1851,906990,1360485,audio/finedance_197_0001234_0001851.wav,finedance_197_0001234_0001851.pkl,train
finedance_197_0001851_0002468,music_wav/197.wav,1851,2468,1360485,1813980,audio/finedance_197_0001851_0002468.wav,finedance_197_0001851_0002468.pkl,train
finedance_197_0002468_0003085,music_wav/197.wav,2468,3085,1813980,2267475,audio/finedance_197_0002468_0003085.wav,finedance_197_0002468_0003085.pkl,train
finedance_197_0003085_0003702,music_wav/197.wav,3085,3702,2267475,2720970,audio/finedance_197_0003085_0003702.wav,finedance_197_0003085_0003702.pkl,train
finedance_197_0003702_0004318,music_wav/197.wav,3702,4318,2720970,3173730,audio/finedance_197_0003702_0004318.wav,finedance_197_0003702_0004318.pkl,train
finedance_197_0004318_0004934,music_wav/197.wav,4318,4934,3173730,3626490,audio/finedance_197_0004318_0004934.wav,finedance_197_0004318_0004934.pkl,train
finedance_197_0004934_0005550,music_wav/197.wav,4934,5550,3626490,4079250,audio/finedance_197_0004934_0005550.wav,finedance_197_0004934_0005550.pkl,train
finedance_198_0000000_0000585,music_wav/198.wav,0,585,0,429975,audio/finedance_198_0000000_0000585.wav,finedance_198_0000000_0000585.pkl,test
finedance_198_0000585_0001170,music_wav/198.wav,585,1170,429975,859950,audio/finedance_198_0000585_0001170.wav,finedance_198_0000585_0001170.pkl,test
finedance_198_0001170_0001755,music_wav/198.wav,1170,1755,859950,1289925,audio/finedance_198_0001170_0001755.wav,finedance_198_0001170_0001755.pkl,test
finedance_198_0001755_0002340,music_wav/198.wav,1755,2340,1289925,1719900,audio/finedance_198_0001755_0002340.wav,finedance_198_0001755_0002340.pkl,test
finedance_199_0000000_0000584,music_wav/199.wav,0,584,0,429240,audio/finedance_199_0000000_0000584.wav,finedance_199_0000000_0000584.pkl,train
finedance_199_0000584_0001168,music_wav/199.wav,584,1168,429240,858480,audio/finedance_199_0000584_0001168.wav,finedance_199_0000584_0001168.pkl,train
finedance_199_0001168_0001752,music_wav/199.wav,1168,1752,858480,1287720,audio/finedance_199_0001168_0001752.wav,finedance_199_0001168_0001752.pkl,train
finedance_199_0001752_0002336,music_wav/199.wav,1752,2336,1287720,1716960,audio/finedance_199_0001752_0002336.wav,finedance_199_0001752_0002336.pkl,train
finedance_199_0002336_0002920,music_wav/199.wav,2336,2920,1716960,2146200,audio/finedance_199_0002336_0002920.wav,finedance_199_0002336_0002920.pkl,train
finedance_200_0000000_0000590,music_wav/200.wav,0,590,0,433650,audio/finedance_200_0000000_0000590.wav,finedance_200_0000000_0000590.pkl,train
finedance_200_0000590_0001180,music_wav/200.wav,590,1180,433650,867300,audio/finedance_200_0000590_0001180.wav,finedance_200_0000590_0001180.pkl,train
finedance_200_0001180_0001770,music_wav/200.wav,1180,1770,867300,1300950,audio/finedance_200_0001180_0001770.wav,finedance_200_0001180_0001770.pkl,train
finedance_200_0001770_0002360,music_wav/200.wav,1770,2360,1300950,1734600,audio/finedance_200_0001770_0002360.wav,finedance_200_0001770_0002360.pkl,train
finedance_200_0002360_0002950,music_wav/200.wav,2360,2950,1734600,2168250,audio/finedance_200_0002360_0002950.wav,finedance_200_0002360_0002950.pkl,train
finedance_200_0002950_0003540,music_wav/200.wav,2950,3540,2168250,2601900,audio/finedance_200_0002950_0003540.wav,finedance_200_0002950_0003540.pkl,train
finedance_200_0003540_0004130,music_wav/200.wav,3540,4130,2601900,3035550,audio/finedance_200_0003540_0004130.wav,finedance_200_0003540_0004130.pkl,train
finedance_200_0004130_0004720,music_wav/200.wav,4130,4720,3035550,3469200,audio/finedance_200_0004130_0004720.wav,finedance_200_0004130_0004720.pkl,train
finedance_200_0004720_0005310,music_wav/200.wav,4720,5310,3469200,3902850,audio/finedance_200_0004720_0005310.wav,finedance_200_0004720_0005310.pkl,train
finedance_200_0005310_0005900,music_wav/200.wav,5310,5900,3902850,4336500,audio/finedance_200_0005310_0005900.wav,finedance_200_0005310_0005900.pkl,train
finedance_200_0005900_0006490,music_wav/200.wav,5900,6490,4336500,4770150,audio/finedance_200_0005900_0006490.wav,finedance_200_0005900_0006490.pkl,train
finedance_200_0006490_0007080,music_wav/200.wav,6490,7080,4770150,5203800,audio/finedance_200_0006490_0007080.wav,finedance_200_0006490_0007080.pkl,train
finedance_200_0007080_0007670,music_wav/200.wav,7080,7670,5203800,5637450,audio/finedance_200_0007080_0007670.wav,finedance_200_0007080_0007670.pkl,train
finedance_200_0007670_0008260,music_wav/200.wav,7670,8260,5637450,6071100,audio/finedance_200_0007670_0008260.wav,finedance_200_0007670_0008260.pkl,train
finedance_200_0008260_0008850,music_wav/200.wav,8260,8850,6071100,6504750,audio/finedance_200_0008260_0008850.wav,finedance_200_0008260_0008850.pkl,train
finedance_200_0008850_0009440,music_wav/200.wav,8850,9440,6504750,6938400,audio/finedance_200_0008850_0009440.wav,finedance_200_0008850_0009440.pkl,train
finedance_200_0009440_0010030,music_wav/200.wav,9440,10030,6938400,7372050,audio/finedance_200_0009440_0010030.wav,finedance_200_0009440_0010030.pkl,train
finedance_200_0010030_0010620,music_wav/200.wav,10030,10620,7372050,7805700,audio/finedance_200_0010030_0010620.wav,finedance_200_0010030_0010620.pkl,train
finedance_200_0010620_0011210,music_wav/200.wav,10620,11210,7805700,8239350,audio/finedance_200_0010620_0011210.wav,finedance_200_0010620_0011210.pkl,train
finedance_201_0000000_0000590,music_wav/201.wav,0,590,0,433650,audio/finedance_201_0000000_0000590.wav,finedance_201_0000000_0000590.pkl,train
finedance_201_0000590_0001180,music_wav/201.wav,590,1180,433650,867300,audio/finedance_201_0000590_0001180.wav,finedance_201_0000590_0001180.pkl,train
finedance_201_0001180_0001770,music_wav/201.wav,1180,1770,867300,1300950,audio/finedance_201_0001180_0001770.wav,finedance_201_0001180_0001770.pkl,train
finedance_201_0001770_0002360,music_wav/201.wav,1770,2360,1300950,1734600,audio/finedance_201_0001770_0002360.wav,finedance_201_0001770_0002360.pkl,train
finedance_201_0002360_0002950,music_wav/201.wav,2360,2950,1734600,2168250,audio/finedance_201_0002360_0002950.wav,finedance_201_0002360_0002950.pkl,train
finedance_201_0002950_0003540,music_wav/201.wav,2950,3540,2168250,2601900,audio/finedance_201_0002950_0003540.wav,finedance_201_0002950_0003540.pkl,train
finedance_201_0003540_0004130,music_wav/201.wav,3540,4130,2601900,3035550,audio/finedance_201_0003540_0004130.wav,finedance_201_0003540_0004130.pkl,train
finedance_201_0004130_0004720,music_wav/201.wav,4130,4720,3035550,3469200,audio/finedance_201_0004130_0004720.wav,finedance_201_0004130_0004720.pkl,train
finedance_201_0004720_0005310,music_wav/201.wav,4720,5310,3469200,3902850,audio/finedance_201_0004720_0005310.wav,finedance_201_0004720_0005310.pkl,train
finedance_201_0005310_0005900,music_wav/201.wav,5310,5900,3902850,4336500,audio/finedance_201_0005310_0005900.wav,finedance_201_0005310_0005900.pkl,train
finedance_201_0005900_0006490,music_wav/201.wav,5900,6490,4336500,4770150,audio/finedance_201_0005900_0006490.wav,finedance_201_0005900_0006490.pkl,train
finedance_201_0006490_0007080,music_wav/201.wav,6490,7080,4770150,5203800,audio/finedance_201_0006490_0007080.wav,finedance_201_0006490_0007080.pkl,train
finedance_201_0007080_0007670,music_wav/201.wav,7080,7670,5203800,5637450,audio/finedance_201_0007080_0007670.wav,finedance_201_0007080_0007670.pkl,train
finedance_201_0007670_0008260,music_wav/201.wav,7670,8260,5637450,6071100,audio/finedance_201_0007670_0008260.wav,finedance_201_0007670_0008260.pkl,train
finedance_201_0008260_0008850,music_wav/201.wav,8260,8850,6071100,6504750,audio/finedance_201_0008260_0008850.wav,finedance_201_0008260_0008850.pkl,train
finedance_201_0008850_0009440,music_wav/201.wav,8850,9440,6504750,6938400,audio/finedance_201_0008850_0009440.wav,finedance_201_0008850_0009440.pkl,train
finedance_201_0009440_0010030,music_wav/201.wav,9440,10030,6938400,7372050,audio/finedance_201_0009440_0010030.wav,,train
finedance_201_0010030_0010620,music_wav/201.wav,10030,10620,7372050,7805700,audio/finedance_201_0010030_0010620.wav,finedance_201_0010030_0010620.pkl,train
finedance_203_0000000_0000670,music_wav/203.wav,0,670,0,492450,audio/finedance_203_0000000_0000670.wav,finedance_203_0000000_0000670.pkl,train
finedance_203_0000670_0001340,music_wav/203.wav,670,1340,492450,984900,audio/finedance_203_0000670_0001340.wav,finedance_203_0000670_0001340.pkl,train
finedance_203_0001340_0002010,music_wav/203.wav,1340,2010,984900,1477350,audio/finedance_203_0001340_0002010.wav,finedance_203_0001340_0002010.pkl,train
finedance_203_0002010_0002680,music_wav/203.wav,2010,2680,1477350,1969800,audio/finedance_203_0002010_0002680.wav,finedance_203_0002010_0002680.pkl,train
finedance_204_0000000_0000645,music_wav/204.wav,0,645,0,474075,audio/finedance_204_0000000_0000645.wav,finedance_204_0000000_0000645.pkl,test
finedance_204_0000645_0001290,music_wav/204.wav,645,1290,474075,948150,audio/finedance_204_0000645_0001290.wav,finedance_204_0000645_0001290.pkl,test
finedance_204_0001290_0001935,music_wav/204.wav,1290,1935,948150,1422225,audio/finedance_204_0001290_0001935.wav,finedance_204_0001290_0001935.pkl,test
finedance_204_0001935_0002580,music_wav/204.wav,1935,2580,1422225,1896300,audio/finedance_204_0001935_0002580.wav,finedance_204_0001935_0002580.pkl,test
finedance_205_0000000_0000654,music_wav/205.wav,0,654,0,480690,audio/finedance_205_0000000_0000654.wav,finedance_205_0000000_0000654.pkl,train
finedance_205_0000654_0001307,music_wav/205.wav,654,1307,480690,960645,audio/finedance_205_0000654_0001307.wav,finedance_205_0000654_0001307.pkl,train
finedance_205_0001307_0001960,music_wav/205.wav,1307,1960,960645,1440600,audio/finedance_205_0001307_0001960.wav,finedance_205_0001307_0001960.pkl,train
finedance_206_0000000_0000544,music_wav/206.wav,0,544,0,399840,audio/finedance_206_0000000_0000544.wav,finedance_206_0000000_0000544.pkl,train
finedance_206_0000544_0001088,music_wav/206.wav,544,1088,399840,799680,audio/finedance_206_0000544_0001088.wav,finedance_206_0000544_0001088.pkl,train
finedance_206_0001088_0001632,music_wav/206.wav,1088,1632,799680,1199520,audio/finedance_206_0001088_0001632.wav,finedance_206_0001088_0001632.pkl,train
finedance_206_0001632_0002176,music_wav/206.wav,1632,2176,1199520,1599360,audio/finedance_206_0001632_0002176.wav,finedance_206_0001632_0002176.pkl,train
finedance_206_0002176_0002720,music_wav/206.wav,2176,2720,1599360,1999200,audio/finedance_206_0002176_0002720.wav,finedance_206_0002176_0002720.pkl,train
finedance_207_0000000_0000605,music_wav/207.wav,0,605,0,444675,audio/finedance_207_0000000_0000605.wav,finedance_207_0000000_0000605.pkl,train
finedance_207_0000605_0001210,music_wav/207.wav,605,1210,444675,889350,audio/finedance_207_0000605_0001210.wav,finedance_207_0000605_0001210.pkl,train
finedance_207_0001210_0001815,music_wav/207.wav,1210,1815,889350,1334025,audio/finedance_207_0001210_0001815.wav,finedance_207_0001210_0001815.pkl,train
finedance_207_0001815_0002420,music_wav/207.wav,1815,2420,1334025,1778700,audio/finedance_207_0001815_0002420.wav,finedance_207_0001815_0002420.pkl,train
finedance_208_0000000_0000623,music_wav/208.wav,0,623,0,457905,audio/finedance_208_0000000_0000623.wav,finedance_208_0000000_0000623.pkl,train
finedance_208_0000623_0001246,music_wav/208.wav,623,1246,457905,915810,audio/finedance_208_0000623_0001246.wav,finedance_208_0000623_0001246.pkl,train
finedance_208_0001246_0001869,music_wav/208.wav,1246,1869,915810,1373715,audio/finedance_208_0001246_0001869.wav,finedance_208_0001246_0001869.pkl,train
finedance_208_0001869_0002492,music_wav/208.wav,1869,2492,1373715,1831620,audio/finedance_208_0001869_0002492.wav,finedance_208_0001869_0002492.pkl,train
finedance_208_0002492_0003115,music_wav/208.wav,2492,3115,1831620,2289525,audio/finedance_208_0002492_0003115.wav,finedance_208_0002492_0003115.pkl,train
finedance_208_0003115_0003738,music_wav/208.wav,3115,3738,2289525,2747430,audio/finedance_208_0003115_0003738.wav,finedance_208_0003115_0003738.pkl,train
finedance_208_0003738_0004360,music_wav/208.wav,3738,4360,2747430,3204600,audio/finedance_208_0003738_0004360.wav,finedance_208_0003738_0004360.pkl,train
finedance_209_0000000_0000592,music_wav/209.wav,0,592,0,435120,audio/finedance_209_0000000_0000592.wav,finedance_209_0000000_0000592.pkl,train
finedance_209_0000592_0001184,music_wav/209.wav,592,1184,435120,870240,audio/finedance_209_0000592_0001184.wav,finedance_209_0000592_0001184.pkl,train
finedance_209_0001184_0001776,music_wav/209.wav,1184,1776,870240,1305360,audio/finedance_209_0001184_0001776.wav,finedance_209_0001184_0001776.pkl,train
finedance_209_0001776_0002368,music_wav/209.wav,1776,2368,1305360,1740480,audio/finedance_209_0001776_0002368.wav,finedance_209_0001776_0002368.pkl,train
finedance_209_0002368_0002960,music_wav/209.wav,2368,2960,1740480,2175600,audio/finedance_209_0002368_0002960.wav,finedance_209_0002368_0002960.pkl,train
finedance_209_0002960_0003552,music_wav/209.wav,2960,3552,2175600,2610720,audio/finedance_209_0002960_0003552.wav,finedance_209_0002960_0003552.pkl,train
finedance_209_0003552_0004144,music_wav/209.wav,3552,4144,2610720,3045840,audio/finedance_209_0003552_0004144.wav,finedance_209_0003552_0004144.pkl,train
finedance_209_0004144_0004736,music_wav/209.wav,4144,4736,3045840,3480960,audio/finedance_209_0004144_0004736.wav,finedance_209_0004144_0004736.pkl,train
finedance_209_0004736_0005328,music_wav/209.wav,4736,5328,3480960,3916080,audio/finedance_209_0004736_0005328.wav,finedance_209_0004736_0005328.pkl,train
finedance_209_0005328_0005920,music_wav/209.wav,5328,5920,3916080,4351200,audio/finedance_209_0005328_0005920.wav,finedance_209_0005328_0005920.pkl,train
finedance_209_0005920_0006512,music_wav/209.wav,5920,6512,4351200,4786320,audio/finedance_209_0005920_0006512.wav,finedance_209_0005920_0006512.pkl,train
finedance_209_0006512_0007104,music_wav/209.wav,6512,7104,4786320,5221440,audio/finedance_209_0006512_0007104.wav,finedance_209_0006512_0007104.pkl,train
finedance_209_0007104_0007696,music_wav/209.wav,7104,7696,5221440,5656560,audio/finedance_209_0007104_0007696.wav,finedance_209_0007104_0007696.pkl,train
finedance_209_0007696_0008288,music_wav/209.wav,7696,8288,5656560,6091680,audio/finedance_209_0007696_0008288.wav,finedance_209_0007696_0008288.pkl,train
finedance_209_0008288_0008880,music_wav/209.wav,8288,8880,6091680,6526800,audio/finedance_209_0008288_0008880.wav,finedance_209_0008288_0008880.pkl,train
finedance_209_0008880_0009472,music_wav/209.wav,8880,9472,6526800,6961920,audio/finedance_209_0008880_0009472.wav,finedance_209_0008880_0009472.pkl,train
finedance_209_0009472_0010064,music_wav/209.wav,9472,10064,6961920,7397040,audio/finedance_209_0009472_0010064.wav,finedance_209_0009472_0010064.pkl,train
finedance_209_0010064_0010656,music_wav/209.wav,10064,10656,7397040,7832160,audio/finedance_209_0010064_0010656.wav,finedance_209_0010064_0010656.pkl,train
finedance_209_0010656_0011247,music_wav/209.wav,10656,11247,7832160,8266545,audio/finedance_209_0010656_0011247.wav,finedance_209_0010656_0011247.pkl,train
finedance_209_0011247_0011838,music_wav/209.wav,11247,11838,8266545,8700930,audio/finedance_209_0011247_0011838.wav,finedance_209_0011247_0011838.pkl,train
finedance_209_0011838_0012429,music_wav/209.wav,11838,12429,8700930,9135315,audio/finedance_209_0011838_0012429.wav,finedance_209_0011838_0012429.pkl,train
finedance_209_0012429_0013020,music_wav/209.wav,12429,13020,9135315,9569700,audio/finedance_209_0012429_0013020.wav,finedance_209_0012429_0013020.pkl,train
finedance_210_0000000_0000592,music_wav/210.wav,0,592,0,435120,audio/finedance_210_0000000_0000592.wav,finedance_210_0000000_0000592.pkl,train
finedance_210_0000592_0001184,music_wav/210.wav,592,1184,435120,870240,audio/finedance_210_0000592_0001184.wav,finedance_210_0000592_0001184.pkl,train
finedance_210_0001184_0001776,music_wav/210.wav,1184,1776,870240,1305360,audio/finedance_210_0001184_0001776.wav,finedance_210_0001184_0001776.pkl,train
finedance_210_0001776_0002367,music_wav/210.wav,1776,2367,1305360,1739745,audio/finedance_210_0001776_0002367.wav,finedance_210_0001776_0002367.pkl,train
finedance_210_0002367_0002958,music_wav/210.wav,2367,2958,1739745,2174130,audio/finedance_210_0002367_0002958.wav,finedance_210_0002367_0002958.pkl,train
finedance_210_0002958_0003549,music_wav/210.wav,2958,3549,2174130,2608515,audio/finedance_210_0002958_0003549.wav,finedance_210_0002958_0003549.pkl,train
finedance_210_0003549_0004140,music_wav/210.wav,3549,4140,2608515,3042900,audio/finedance_210_0003549_0004140.wav,finedance_210_0003549_0004140.pkl,train
finedance_211_0000000_0000593,music_wav/211.wav,0,593,0,435855,audio/finedance_211_0000000_0000593.wav,finedance_211_0000000_0000593.pkl,test
finedance_211_0000593_0001186,music_wav/211.wav,593,1186,435855,871710,audio/finedance_211_0000593_0001186.wav,finedance_211_0000593_0001186.pkl,test
finedance_211_0001186_0001779,music_wav/211.wav,1186,1779,871710,1307565,audio/finedance_211_0001186_0001779.wav,finedance_211_0001186_0001779.pkl,test
finedance_211_0001779_0002372,music_wav/211.wav,1779,2372,1307565,1743420,audio/finedance_211_0001779_0002372.wav,finedance_211_0001779_0002372.pkl,test
finedance_211_0002372_0002965,music_wav/211.wav,2372,2965,1743420,2179275,audio/finedance_211_0002372_0002965.wav,finedance_211_0002372_0002965.pkl,test
finedance_211_0002965_0003558,music_wav/211.wav,2965,3558,2179275,2615130,audio/finedance_211_0002965_0003558.wav,finedance_211_0002965_0003558.pkl,test
finedance_211_0003558_0004151,music_wav/211.wav,3558,4151,2615130,3050985,audio/finedance_211_0003558_0004151.wav,finedance_211_0003558_0004151.pkl,test
finedance_211_0004151_0004744,music_wav/211.wav,4151,4744,3050985,3486840,audio/finedance_211_0004151_0004744.wav,finedance_211_0004151_0004744.pkl,test
finedance_211_0004744_0005336,music_wav/211.wav,4744,5336,3486840,3921960,audio/finedance_211_0004744_0005336.wav,finedance_211_0004744_0005336.pkl,test
finedance_211_0005336_0005928,music_wav/211.wav,5336,5928,3921960,4357080,audio/finedance_211_0005336_0005928.wav,finedance_211_0005336_0005928.pkl,test
finedance_211_0005928_0006520,music_wav/211.wav,5928,6520,4357080,4792200,audio/finedance_211_0005928_0006520.wav,finedance_211_0005928_0006520.pkl,test
