audio_time_seconds,wall_time_seconds,event,current_motion_id,pending_motion_id,preferred_motion_id,transition_motion_id,fallback_reason,current_phase,transition_phase,transition_blend,transition_reason,entry_phase,entry_total_score,entry_pose_score,entry_velocity_score,entry_contact_score,entry_root_score,entry_music_score,entry_remaining_seconds,transition_duration_seconds,motion_timing,speed_multiplier,target_speed_multiplier,transition_speed_multiplier,phase_correction_remaining,raw_max_wrist_abs_rad,raw_max_wrist_angle_joint,raw_max_wrist_speed_rad_s,raw_max_wrist_speed_joint,output_max_wrist_abs_rad,output_max_wrist_angle_joint,output_max_wrist_speed_rad_s,output_max_wrist_speed_joint,root_x,root_y,root_z,root_yaw,switch_anchor_xy_delta_m,switch_anchor_z_delta_m,switch_anchor_yaw_delta_rad,post_switch_xy_delta_m,post_switch_z_delta_m,post_switch_yaw_delta_rad,accepted_beat_time_seconds,accepted_beat_pose_error_rad,accepted_beat_delay_seconds,accepted_beat_limiter_joints,target_max_joint_speed_rad_s,output_max_joint_speed_rad_s,output_max_joint_acceleration_rad_s2,limiter_activated_joints,limiter_activation_rate,collision_override,limiter_enabled,terminal_safe_idle_active,ready_pool_size,ready_motion_ids,failed_motion_ids,motion_load_ms,motion_grounding_ms,entry_feature_ms,motion_fully_ready_ms,match_state,match_confidence,match_rejection_reason,beat_quality,signal_rms,dynamic_range_db,negative_style_score,top_genre,top_genre_score,track_margin,motion_margin,ranked_tracks,ranked_motions,query_tags,current_motion_cluster_id,pending_motion_cluster_id,top_track_id,top_track_score,top_motion_id,top_motion_score,query_bpm
0.000000,-0.998471700,,gWA_sFM_cAll_d25_mWA0_ch01,,,,,0.000000000,,0.000000,,,,,,,,,,0.500000,beat-sync,1.000000,1.000000,,0.000000000,0.415788710,right_wrist_roll,0.000000000,,0.415788710,right_wrist_roll,0.000000000,,0.000000,0.000000,0.882814,0.000000,0.000000000,0.000000000,0.000000000,0.000000000,0.000000000,0.000000000,,0.000000000,,,0.000000,0.000000,0.000000,,0.000000000,0,1,0,0,,,,,,,warming_up,,,,,,,,,,,,,,WA:v1:k1:r0,,,,,,
0.056000,0.070773700,,gWA_sFM_cAll_d25_mWA0_ch01,,,,,0.022245348,,0.000000,,,,,,,,,,0.500000,beat-sync,1.000000,1.000000,,0.000000000,0.144628574,right_wrist_yaw,0.000050083,left_wrist_roll,0.144345499,right_wrist_yaw,0.001458845,right_wrist_yaw,-0.034489,0.117827,0.892425,-0.023051,0.000000000,0.000000000,0.000000000,0.000000000,0.000000000,0.000000000,,0.000000000,,,0.167285,0.008272,16.674175,,0.000000000,1,1,0,0,,,,,,,warming_up,,,,,,,,,,,,,,WA:v1:k1:r0,,,,,,
0.120000,0.137344900,,gWA_sFM_cAll_d25_mWA0_ch01,,,,,0.023630210,,0.000000,,,,,,,,,,0.500000,beat-sync,1.000000,1.000000,,0.000000000,0.144592183,right_wrist_yaw,0.003066021,left_wrist_roll,0.144345499,right_wrist_yaw,0.000000000,left_wrist_yaw,-0.034489,0.117827,0.892425,-0.023051,0.000000000,0.000000000,0.000000000,0.000000000,0.000000000,0.000000000,,0.000000000,,,0.412448,0.000000,0.000000,,0.000000000,1,1,0,0,,,,,,,warming_up,,,,,,,,,,,,,,WA:v1:k1:r0,,,,,,
0.152000,0.172148000,,gWA_sFM_cAll_d25_mWA0_ch01,,,,,0.024331609,,0.000000,,,,,,,,,,0.500000,beat-sync,1.000000,1.000000,,0.000000000,0.144592565,right_wrist_yaw,0.000084050,left_wrist_roll,0.144345499,right_wrist_yaw,0.000000000,left_wrist_yaw,-0.034489,0.117827,0.892425,-0.023051,0.000000000,0.000000000,0.000000000,0.000000000,0.000000000,0.000000000,,0.000000000,,,0.511635,0.000000,0.000000,,0.000000000,1,1,0,0,,,,,,,warming_up,,,,,,,,,,,,,,WA:v1:k1:r0,,,,,,
0.216000,0.237810000,,gWA_sFM_cAll_d25_mWA0_ch01,,,,,0.025722304,,0.000000,,,,,,,,,,0.500000,beat-sync,1.000000,1.000000,,0.000000000,0.144675109,right_wrist_yaw,0.021725883,left_wrist_yaw,0.144345499,right_wrist_yaw,0.000000000,left_wrist_yaw,-0.034489,0.117827,0.892425,-0.023051,0.000000000,0.000000000,0.000000000,0.000000000,0.000000000,0.000000000,,0.000000000,,,0.751013,0.000000,0.000000,,0.000000000,1,1,0,0,,,,,,,warming_up,,,,,,,,,,,,,,WA:v1:k1:r0,,,,,,
0.280000,0.302544200,,gWA_sFM_cAll_d25_mWA0_ch01,,,,,0.027095965,,0.000000,,,,,,,,,,0.500000,beat-sync,0.967748,1.000000,,-0.020157970,0.216389387,right_wrist_yaw,2.087065528,left_wrist_yaw,0.216389387,right_wrist_yaw,2.322135282,left_wrist_yaw,0.016422,0.093216,0.864257,-0.159454,0.000000000,0.000000000,0.000000000,0.000000000,0.000000000,0.000000000,0.280000,0.000000000,,,9.815430,9.341243,431.504113,,0.000000000,0,1,0,0,,,,,,,warming_up,,,,,,,,,,,,,,WA:v1:k1:r0,,,,,,
0.312000,0.318871100,,gWA_sFM_cAll_d25_mWA0_ch01,,,,,0.027420793,,0.000000,,,,,,,,,,0.500000,beat-sync,0.934399,1.000000,,-0.020135165,0.200229908,right_wrist_yaw,0.969568751,right_wrist_yaw,0.200229908,right_wrist_yaw,1.037007418,right_wrist_yaw,0.021624,0.086612,0.864201,-0.172962,0.000000000,0.000000000,0.000000000,0.000000000,0.000000000,0.000000000,0.280000,0.000000000,,,4.316606,4.119397,663.741921,,0.000000000,0,1,0,0,,,,,,,warming_up,,,,,,,,,,,,,,WA:v1:k1:r0,,,,,,
0.376000,0.385572800,,gWA_sFM_cAll_d25_mWA0_ch01,,,,,0.028607830,,0.000000,,,,,,,,,,0.500000,beat-sync,0.800542,1.000000,,-0.019926894,0.172181890,right_wrist_yaw,0.377160835,left_wrist_yaw,0.172181890,right_wrist_yaw,0.384630356,left_wrist_yaw,0.041186,0.066008,0.858448,-0.197007,0.000000000,0.000000000,0.000000000,0.000000000,0.000000000,0.000000000,0.280000,0.000000000,,,6.911854,6.600084,73.522652,,0.000000000,0,1,0,0,,,,,,,warming_up,,,,,,,,,,,,,,WA:v1:k1:r0,,,,,,
0.408000,0.418656800,,gWA_sFM_cAll_d25_mWA0_ch01,,,,,0.029124400,,0.000000,,,,,,,,,,0.500000,beat-sync,0.734560,1.000000,,-0.019755672,0.162740311,right_wrist_yaw,0.315521661,right_wrist_yaw,0.162740311,right_wrist_yaw,0.342267097,right_wrist_yaw,0.047505,0.057751,0.857891,-0.219123,0.000000000,0.000000000,0.000000000,0.000000000,0.000000000,0.000000000,0.280000,0.000000000,,,7.341133,6.989308,160.558714,,0.000000000,0,1,0,0,,,,,,,warming_up,,,,,,,,,,,,,,WA:v1:k1:r0,,,,,,
0.408000,0.435234000,beat_limiter_result,gWA_sFM_cAll_d25_mWA0_ch01,,,,,0.029368096,,0.000000,,,,,,,,,,0.500000,beat-sync,0.701220,1.000000,,-0.019651837,0.160022428,right_wrist_yaw,0.515428009,left_wrist_yaw,0.160022428,right_wrist_yaw,0.544048209,left_wrist_yaw,0.049728,0.054318,0.857833,-0.224763,0.000000000,0.000000000,0.000000000,0.000000000,0.000000000,0.000000000,0.280000,0.000000000,0.000000000,,6.573842,6.259592,44.004977,,0.000000000,0,1,0,0,,,,,,,warming_up,,,,,,,,,,,,,,WA:v1:k1:r0,,,,,,
0.472000,0.502687300,,gWA_sFM_cAll_d25_mWA0_ch01,,,,,0.030229699,,0.000000,,,,,,,,,,0.500000,beat-sync,0.567374,1.000000,,-0.019118244,0.157877119,right_wrist_yaw,0.079126829,left_wrist_roll,0.157877119,right_wrist_yaw,0.084660403,left_wrist_roll,0.054086,0.042375,0.861426,-0.232628,0.000000000,0.000000000,0.000000000,0.000000000,0.000000000,0.000000000,0.280000,0.000000000,0.000000000,,5.433479,5.086443,22.465386,,0.000000000,0,1,0,0,,,,,,,warming_up,,,,,,,,,,,,,,WA:v1:k1:r0,,,,,,
0.504000,0.518661800,,gWA_sFM_cAll_d25_mWA0_ch01,,,,,0.030418014,,0.000000,,,,,,,,,,0.500000,beat-sync,0.550000,1.000000,,-0.018964168,0.156772352,right_wrist_yaw,0.316007302,left_wrist_yaw,0.156772352,right_wrist_yaw,0.347610674,left_wrist_yaw,0.055765,0.039035,0.861392,-0.220979,0.000000000,0.000000000,0.000000000,0.000000000,0.000000000,0.000000000,0.280000,0.000000000,0.000000000,,5.425270,5.144537,119.916857,,0.000000000,0,1,0,0,,,,,,,warming_up,,,,,,,,,,,,,,WA:v1:k1:r0,,,,,,
0.568000,0.585602700,,gWA_sFM_cAll_d25_mWA0_ch01,,,,,0.031185863,,0.000000,,,,,,,,,,0.500000,beat-sync,0.550000,1.000000,,-0.018335928,0.139577700,right_wrist_yaw,1.119090260,left_wrist_yaw,0.139577700,right_wrist_yaw,1.178215469,left_wrist_yaw,0.064949,0.021628,0.862997,-0.171398,0.000000000,0.000000000,0.000000000,0.000000000,0.000000000,0.000000000,0.280000,0.000000000,0.000000000,,4.394876,4.174274,51.858328,,0.000000000,0,1,0,0,,,,,,,warming_up,,,,,,,,,,,,,,WA:v1:k1:r0,,,,,,
0.600000,0.619350900,,gWA_sFM_cAll_d25_mWA0_ch01,,,,,0.031565726,,0.000000,,,,,,,,,,0.500000,beat-sync,0.550000,1.000000,,-0.018025131,0.131384351,right_wrist_yaw,1.271856898,left_wrist_yaw,0.131384351,right_wrist_yaw,1.330221706,left_wrist_yaw,0.070143,0.010895,0.864104,-0.146060,0.000000000,0.000000000,0.000000000,0.000000000,0.000000000,0.000000000,0.280000,0.000000000,0.000000000,,4.107538,3.830212,42.559923,,0.000000000,0,1,0,0,,,,,,,warming_up,,,,,,,,,,,,,,WA:v1:k1:r0,,,,,,
0.600000,0.635158600,,gWA_sFM_cAll_d25_mWA0_ch01,,,,,0.031754301,,0.000000,,,,,,,,,,0.500000,beat-sync,0.550000,1.000000,,-0.017870842,0.128991390,right_wrist_yaw,2.091614818,left_wrist_yaw,0.128991390,right_wrist_yaw,2.319809876,left_wrist_yaw,0.072664,0.004915,0.864752,-0.134579,0.000000000,0.000000000,0.000000000,0.000000000,0.000000000,0.000000000,0.280000,0.000000000,0.000000000,,4.611368,4.380275,60.881505,,0.000000000,0,1,0,0,,,,,,,warming_up,,,,,,,,,,,,,,WA:v1:k1:r0,,,,,,
0.632000,0.651825900,,gWA_sFM_cAll_d25_mWA0_ch01,,,,,0.031946269,,0.000000,,,,,,,,,,0.500000,beat-sync,0.550000,1.000000,,-0.017713778,0.127714635,right_wrist_yaw,2.571476561,left_wrist_yaw,0.127714635,right_wrist_yaw,2.692673810,left_wrist_yaw,0.075221,-0.001409,0.865414,-0.123387,0.000000000,0.000000000,0.000000000,0.000000000,0.000000000,0.000000000,0.280000,0.000000000,0.000000000,,4.579783,4.370964,29.907816,,0.000000000,0,1,0,0,,,,,,,warming_up,,,,,,,,,,,,,,WA:v1:k1:r0,,,,,,
0.664000,0.685640500,,gWA_sFM_cAll_d25_mWA0_ch01,,,,,0.032333139,,0.000000,,,,,,,,,,0.500000,beat-sync,0.550000,1.000000,,-0.017397247,0.130785450,left_wrist_yaw,1.814771772,left_wrist_yaw,0.130785450,left_wrist_yaw,1.892232189,left_wrist_yaw,0.080449,-0.014898,0.867279,-0.100117,0.000000000,0.000000000,0.000000000,0.000000000,0.000000000,0.000000000,0.280000,0.000000000,0.000000000,,5.479518,5.217289,37.766672,,0.000000000,0,1,0,0,,,,,,,warming_up,,,,,,,,,,,,,,WA:v1:k1:r0,,,,,,
0.728000,0.751965100,,gWA_sFM_cAll_d25_mWA0_ch01,,,,,0.033093463,,0.000000,,,,,,,,,,0.500000,beat-sync,0.550000,1.000000,,-0.016775165,0.226096825,left_wrist_yaw,0.866848454,left_wrist_yaw,0.226096825,left_wrist_yaw,0.991787949,left_wrist_yaw,0.091990,-0.044596,0.871201,-0.042946,0.000000000,0.000000000,0.000000000,0.000000000,0.000000000,0.000000000,0.280000,0.000000000,0.000000000,,5.779833,5.489012,41.306920,,0.000000000,0,1,0,0,,,,,,,warming_up,,,,,,,,,,,,,,WA:v1:k1:r0,,,,,,
0.760000,0.768625800,,gWA_sFM_cAll_d25_mWA0_ch01,,,,,0.033285751,,0.000000,,,,,,,,,,0.500000,beat-sync,0.550000,1.000000,,-0.016617838,0.228730680,left_wrist_yaw,0.321290424,left_wrist_roll,0.228730680,left_wrist_yaw,0.336939230,left_wrist_roll,0.094603,-0.053020,0.872517,-0.033477,0.000000000,0.000000000,0.000000000,0.000000000,0.000000000,0.000000000,0.280000,0.000000000,0.000000000,,5.469522,5.229227,47.130000,,0.000000000,0,1,0,0,,,,,,,warming_up,,,,,,,,,,,,,,WA:v1:k1:r0,,,,,,
0.824000,0.835402700,,gWA_sFM_cAll_d25_mWA0_ch01,,,,,0.034048407,,0.000000,,,,,,,,,,0.500000,beat-sync,0.550000,1.000000,,-0.015993847,0.200865305,left_wrist_yaw,0.439222253,left_wrist_yaw,0.200865305,left_wrist_yaw,0.456709666,left_wrist_yaw,0.105126,-0.088787,0.876894,-0.033145,0.000000000,0.000000000,0.000000000,0.000000000,0.000000000,0.000000000,0.280000,0.000000000,0.000000000,,4.428961,4.209236,23.555411,,0.000000000,0,1,0,0,,,,,,,warming_up,,,,,,,,,,,,,,WA:v1:k1:r0,,,,,,
0.856000,0.868782700,,gWA_sFM_cAll_d25_mWA0_ch01,,,,,0.034431426,,0.000000,,,,,,,,,,0.500000,beat-sync,0.550000,0.550000,,-0.026470957,0.218948886,left_wrist_yaw,0.608144472,left_wrist_yaw,0.218948886,left_wrist_yaw,0.655220774,left_wrist_yaw,0.109842,-0.105662,0.878950,-0.036233,0.000000000,0.000000000,0.000000000,0.000000000,0.000000000,0.000000000,0.856000,0.000000000,0.000000000,,3.040358,2.887412,17.272121,,0.000000000,0,1,0,0,,,,,,,warming_up,,,,,,,,,,,,,,WA:v1:k1:r0,,,,,,
0.920000,0.935258400,,gWA_sFM_cAll_d25_mWA0_ch01,,,,,0.035195297,,0.000000,,,,,,,,,,0.500000,beat-sync,0.550000,0.550000,,-0.025989847,0.330947069,left_wrist_yaw,2.382456009,left_wrist_yaw,0.330947069,left_wrist_yaw,2.489879364,left_wrist_yaw,0.119537,-0.133997,0.879309,-0.028207,0.000000000,0.000000000,0.000000000,0.000000000,0.000000000,0.000000000,0.856000,0.000000000,0.000000000,,3.257581,3.099419,33.073836,,0.000000000,0,1,0,0,,,,,,,warming_up,,,,,,,,,,,,,,WA:v1:k1:r0,,,,,,
0.952000,0.968865400,,gWA_sFM_cAll_d25_mWA0_ch01,,,,,0.035578495,,0.000000,,,,,,,,,,0.500000,beat-sync,0.550000,0.550000,,-0.025798151,0.430623408,left_wrist_yaw,3.100491660,left_wrist_yaw,0.430623408,left_wrist_yaw,3.384254643,left_wrist_yaw,0.122590,-0.145456,0.878171,-0.022531,0.000000000,0.000000000,0.000000000,0.000000000,0.000000000,0.000000000,0.856000,0.000000000,0.000000000,,3.571760,3.372117,48.016258,,0.000000000,0,1,0,0,,,,,,,warming_up,,,,,,,,,,,,,,WA:v1:k1:r0,,,,,,
0.984000,1.002276400,beat_limiter_result,gWA_sFM_cAll_d25_mWA0_ch01,,,,,0.035961318,,0.000000,,,,,,,,,,0.500000,beat-sync,0.550000,0.550000,,-0.025633616,0.546913786,left_wrist_yaw,3.682999320,left_wrist_yaw,0.546913786,left_wrist_yaw,3.859057229,left_wrist_yaw,0.122915,-0.154910,0.876496,-0.014756,0.000000000,0.000000000,0.000000000,0.000000000,0.000000000,0.000000000,0.856000,0.000000000,0.000000000,,3.859057,3.675736,48.095775,,0.000000000,0,1,0,0,,,,,,,warming_up,,,,,,,,,,,,,,WA:v1:k1:r0,,,,,,
1.016000,1.020054400,,gWA_sFM_cAll_d25_mWA0_ch01,,,,,0.036151475,,0.000000,,,,,,,,,,0.500000,beat-sync,0.550000,0.550000,,-0.025560694,0.609839615,left_wrist_yaw,3.775549741,left_wrist_yaw,0.609839615,left_wrist_yaw,3.741820967,left_wrist_yaw,0.123946,-0.158879,0.875560,-0.007686,0.000000000,0.000000000,0.000000000,0.000000000,0.000000000,0.000000000,0.856000,0.000000000,0.000000000,,3.741821,3.542782,13.137948,,0.000000000,0,1,0,0,,,,,,,warming_up,,,,,,,,,,,,,,WA:v1:k1:r0,,,,,,
1.080000,1.102020300,,gWA_sFM_cAll_d25_mWA0_ch01,,,,,0.037108100,,0.000000,,,,,,,,,,0.500000,beat-sync,0.550000,0.550000,,-0.025266823,0.928221880,left_wrist_yaw,4.353182038,left_wrist_yaw,0.928221880,left_wrist_yaw,4.535500070,left_wrist_yaw,0.136508,-0.171888,0.863417,0.075162,0.000000000,0.000000000,0.000000000,0.000000000,0.000000000,0.000000000,0.856000,0.000000000,0.000000000,,4.535500,4.325972,61.901903,,0.000000000,0,1,0,0,,,,,,,warming_up,,,,,,,,,,,,,,WA:v1:k1:r0,,,,,,
1.112000,1.136651300,,gWA_sFM_cAll_d25_mWA0_ch01,,,,,0.037493164,,0.000000,,,,,,,,,,0.500000,beat-sync,0.550000,0.550000,,-0.025176628,1.094006498,left_wrist_yaw,5.241850755,left_wrist_yaw,1.094006498,left_wrist_yaw,5.238414356,left_wrist_yaw,0.142054,-0.173924,0.858349,0.112224,0.000000000,0.000000000,0.000000000,0.000000000,0.000000000,0.000000000,0.856000,0.000000000,0.000000000,,5.238414,4.833426,49.093924,,0.000000000,0,1,0,0,,,,,,,warming_up,,,,,,,,,,,,,,WA:v1:k1:r0,,,,,,
1.176000,1.202448200,,gWA_sFM_cAll_d25_mWA0_ch01,,,,,0.038253467,,0.000000,,,,,,,,,,0.500000,beat-sync,0.550000,0.550000,,-0.025034239,1.436294241,left_wrist_yaw,5.106070686,left_wrist_yaw,1.436294241,left_wrist_yaw,5.349112984,left_wrist_yaw,0.159089,-0.173955,0.847274,0.182139,0.000000000,0.000000000,0.000000000,0.000000000,0.000000000,0.000000000,0.856000,0.000000000,0.000000000,,5.349113,5.004745,51.487527,,0.000000000,0,1,0,0,,,,,,,warming_up,,,,,,,,,,,,,,WA:v1:k1:r0,,,,,,
1.208000,1.235351700,,gWA_sFM_cAll_d25_mWA0_ch01,,,,,0.038635229,,0.000000,,,,,,,,,,0.500000,beat-sync,0.550000,0.550000,,-0.024977401,1.553761662,left_wrist_yaw,4.671055377,left_wrist_pitch,1.553761662,left_wrist_yaw,5.240862961,left_wrist_pitch,0.159215,-0.170998,0.844103,0.216919,0.000000000,0.000000000,0.000000000,0.000000000,0.000000000,0.000000000,0.856000,0.000000000,0.000000000,,5.240863,4.949200,162.181479,,0.000000000,0,1,0,0,,,,,,,warming_up,,,,,,,,,,,,,,WA:v1:k1:r0,,,,,,
1.272000,1.286158800,,gWA_sFM_cAll_d25_mWA0_ch01,,,,,0.039212254,,0.000000,,,,,,,,,,0.500000,beat-sync,0.550000,0.550000,,-0.024906290,1.368466759,left_wrist_yaw,5.300700265,left_wrist_roll,1.368466759,left_wrist_yaw,5.349412011,left_wrist_roll,0.161025,-0.176981,0.846037,0.274708,0.000000000,0.000000000,0.000000000,0.000000000,0.000000000,0.000000000,0.856000,0.000000000,0.000000000,,5.360856,5.037869,284.035723,,0.000000000,0,1,0,0,,,,,,,warming_up,,,,,,,,,,,,,,WA:v1:k1:r0,,,,,,
1.304000,1.318892900,,gWA_sFM_cAll_d25_mWA0_ch01,,,,,0.039594259,,0.000000,,,,,,,,,,0.500000,beat-sync,0.550000,1.375000,,-0.031479093,1.195898145,left_wrist_yaw,5.173522265,left_wrist_roll,1.195898145,left_wrist_yaw,5.527515406,left_wrist_roll,0.159489,-0.181937,0.848211,0.319780,0.000000000,0.000000000,0.000000000,0.000000000,0.000000000,0.000000000,1.272000,0.000000000,0.000000000,,5.527515,5.260596,187.639955,,0.000000000,0,1,0,0,,,,,,,warming_up,,,,,,,,,,,,,,WA:v1:k1:r0,,,,,,
1.368000,1.385232000,,gWA_sFM_cAll_d25_mWA0_ch01,,,,,0.040354942,,0.000000,,,,,,,,,,0.500000,beat-sync,0.550000,1.375000,,-0.031091252,0.852244842,left_wrist_yaw,5.149150777,left_wrist_yaw,0.852244842,left_wrist_yaw,5.442720220,left_wrist_yaw,0.162432,-0.190428,0.850911,0.365699,0.000000000,0.000000000,0.000000000,0.000000000,0.000000000,0.000000000,1.272000,0.000000000,0.000000000,,5.458520,5.197487,17.159704,,0.000000000,0,1,0,0,,,,,,,warming_up,,,,,,,,,,,,,,WA:v1:k1:r0,,,,,,
1.400000,1.418956100,,gWA_sFM_cAll_d25_mWA0_ch01,,,,,0.040740244,,0.000000,,,,,,,,,,0.500000,beat-sync,0.550000,1.375000,,-0.030816280,0.678169776,left_wrist_yaw,5.251495864,left_wrist_yaw,0.678169776,left_wrist_yaw,5.602922361,left_wrist_yaw,0.165750,-0.192848,0.852017,0.393738,0.000000000,0.000000000,0.000000000,0.000000000,0.000000000,0.000000000,1.272000,0.000000000,0.000000000,,5.617021,5.332594,55.309920,,0.000000000,0,1,0,0,,,,,,,warming_up,,,,,,,,,,,,,,WA:v1:k1:r0,,,,,,
1.400000,1.435430000,beat_limiter_result,gWA_sFM_cAll_d25_mWA0_ch01,,,,,0.040931174,,0.000000,,,,,,,,,,0.500000,beat-sync,0.550000,1.375000,,-0.030663764,0.591897493,left_wrist_yaw,5.176336970,left_wrist_yaw,0.591897493,left_wrist_yaw,5.487849245,left_wrist_yaw,0.167571,-0.193490,0.851852,0.410446,0.000000000,0.000000000,0.000000000,0.000000000,0.000000000,0.000000000,1.272000,0.000000000,0.000000000,,5.490839,5.231789,119.907767,,0.000000000,0,1,0,0,,,,,,,warming_up,,,,,,,,,,,,,,WA:v1:k1:r0,,,,,,
1.432000,1.452160900,,gWA_sFM_cAll_d25_mWA0_ch01,,,,,0.041122569,,0.000000,,,,,,,,,,0.500000,beat-sync,0.550000,1.375000,,-0.030501071,0.510786499,left_wrist_roll,5.188959679,left_wrist_yaw,0.510786499,left_wrist_roll,5.429633619,left_wrist_yaw,0.169389,-0.193938,0.852054,0.426161,0.000000000,0.000000000,0.000000000,0.000000000,0.000000000,0.000000000,1.272000,0.000000000,0.000000000,,5.466341,5.209744,192.003557,,0.000000000,0,1,0,0,,,,,,,warming_up,,,,,,,,,,,,,,WA:v1:k1:r0,,,,,,
1.464000,1.485761800,,gWA_sFM_cAll_d25_mWA0_ch01,,,,,0.041505548,,0.000000,,,,,,,,,,0.500000,beat-sync,0.550000,1.375000,,-0.030148898,0.540195800,left_wrist_roll,3.632120498,right_wrist_roll,0.540195800,left_wrist_roll,3.749757903,right_wrist_roll,0.172939,-0.193865,0.852892,0.456770,0.000000000,0.000000000,0.000000000,0.000000000,0.000000000,0.000000000,1.272000,0.000000000,0.000000000,,5.470955,5.183582,162.421689,,0.000000000,0,1,0,0,,,,,,,warming_up,,,,,,,,,,,,,,WA:v1:k1:r0,,,,,,
1.528000,1.535940600,,gWA_sFM_cAll_d25_mWA0_ch01,,,,,0.042079608,,0.000000,,,,,,,,,,0.500000,beat-sync,0.550000,1.375000,,-0.029563780,0.542699758,left_wrist_roll,2.859627831,right_wrist_roll,0.542699758,left_wrist_roll,3.100795285,right_wrist_roll,0.175653,-0.193309,0.854320,0.504224,0.000000000,0.000000000,0.000000000,0.000000000,0.000000000,0.000000000,1.272000,0.000000000,0.000000000,,5.745629,5.470272,64.714204,,0.000000000,0,1,0,0,,,,,,,warming_up,,,,,,,,,,,,,,WA:v1:k1:r0,,,,,,
1.560000,1.568508300,,gWA_sFM_cAll_d25_mWA0_ch01,,,,,0.042457042,,0.000000,,,,,,,,,,0.500000,beat-sync,0.550000,1.375000,,-0.029147782,0.617134770,right_wrist_roll,2.885014034,right_wrist_roll,0.617134770,right_wrist_roll,3.319312938,right_wrist_roll,0.177369,-0.191144,0.856631,0.531128,0.000000000,0.000000000,0.000000000,0.000000000,0.000000000,0.000000000,1.272000,0.000000000,0.000000000,,5.902296,5.609654,48.130062,,0.000000000,0,1,0,0,,,,,,,warming_up,,,,,,,,,,,,,,WA:v1:k1:r0,,,,,,
1.624000,1.635087900,,gWA_sFM_cAll_d25_mWA0_ch01,,,,,0.043221237,,0.000000,,,,,,,,,,0.500000,beat-sync,0.550000,1.375000,,-0.028244518,0.767553650,right_wrist_roll,3.276680725,left_wrist_yaw,0.767553650,right_wrist_roll,3.540696284,left_wrist_yaw,0.181545,-0.182349,0.861482,0.585228,0.000000000,0.000000000,0.000000000,0.000000000,0.000000000,0.000000000,1.272000,0.000000000,0.000000000,,5.555414,5.307583,110.486711,,0.000000000,0,1,0,0,,,,,,,warming_up,,,,,,,,,,,,,,WA:v1:k1:r0,,,,,,
1.656000,1.685718100,,gWA_sFM_cAll_d25_mWA0_ch01,,,,,0.043794877,,0.000000,,,,,,,,,,0.500000,beat-sync,0.550000,1.375000,,-0.027523758,0.866550136,left_wrist_yaw,3.837921716,left_wrist_roll,0.866550136,left_wrist_yaw,4.228220273,left_wrist_roll,0.183171,-0.174998,0.864379,0.610791,0.000000000,0.000000000,0.000000000,0.000000000,0.000000000,0.000000000,1.272000,0.000000000,0.000000000,,5.707440,5.333256,30.752830,,0.000000000,0,1,0,0,,,,,,,warming_up,,,,,,,,,,,,,,WA:v1:k1:r0,,,,,,
1.720000,1.751980700,,gWA_sFM_cAll_d25_mWA0_ch01,,,,,0.044559675,,0.000000,,,,,,,,,,0.500000,beat-sync,0.550000,1.375000,,-0.026519654,0.978467633,left_wrist_yaw,2.836228255,left_wrist_roll,0.978467633,left_wrist_yaw,3.122285839,left_wrist_roll,0.181773,-0.167664,0.872320,0.627318,0.000000000,0.000000000,0.000000000,0.000000000,0.000000000,0.000000000,1.272000,0.000000000,0.000000000,,5.628892,5.364489,112.161097,,0.000000000,0,1,0,0,,,,,,,warming_up,,,,,,,,,,,,,,WA:v1:k1:r0,,,,,,
1.752000,1.769251000,,gWA_sFM_cAll_d25_mWA0_ch01,,,,,0.044754786,,0.000000,,,,,,,,,,0.500000,beat-sync,0.550000,1.375000,,-0.026257037,1.006842956,left_wrist_yaw,1.719626666,left_wrist_roll,1.006842956,left_wrist_yaw,1.771459573,left_wrist_roll,0.182127,-0.164107,0.873673,0.633298,0.000000000,0.000000000,0.000000000,0.000000000,0.000000000,0.000000000,1.272000,0.000000000,0.000000000,,5.449903,5.108485,135.022423,,0.000000000,0,1,0,0,,,,,,,warming_up,,,,,,,,,,,,,,WA:v1:k1:r0,,,,,,
1.816000,1.836094100,,gWA_sFM_cAll_d25_mWA0_ch01,,,,,0.045515342,,0.000000,,,,,,,,,,0.500000,beat-sync,0.550000,1.375000,,-0.025213565,1.103778843,left_wrist_yaw,4.008001685,left_wrist_pitch,1.103778843,left_wrist_yaw,4.138172024,left_wrist_pitch,0.189987,-0.142544,0.877498,0.662758,0.000000000,0.000000000,0.000000000,0.000000000,0.000000000,0.000000000,1.272000,0.000000000,0.000000000,,4.510496,4.201035,81.676232,,0.000000000,0,1,0,0,,,,,,,warming_up,,,,,,,,,,,,,,WA:v1:k1:r0,,,,,,
1.880000,1.904032900,,gWA_sFM_cAll_d25_mWA0_ch01,,,,,0.046282980,,0.000000,,,,,,,,,,0.500000,beat-sync,0.550000,1.375000,,-0.024134674,1.154307213,left_wrist_yaw,2.860618830,left_wrist_pitch,1.154038945,left_wrist_yaw,2.773201706,left_wrist_pitch,0.189825,-0.121013,0.880347,0.716663,0.000000000,0.000000000,0.000000000,0.000000000,0.000000000,0.000000000,1.272000,0.000000000,0.000000000,,3.193181,2.590662,90.576222,,0.000000000,1,1,0,0,,,,,,,warming_up,,,,,,,,,,,,,,WA:v1:k1:r0,,,,,,
1.912000,1.938198000,,gWA_sFM_cAll_d25_mWA0_ch01,,,,,0.046665451,,0.000000,,,,,,,,,,0.500000,beat-sync,0.550000,1.375000,,-0.023589675,1.154311598,left_wrist_yaw,0.001032751,left_wrist_roll,1.154042803,left_wrist_yaw,0.000000000,left_wrist_yaw,0.189820,-0.120963,0.880345,0.716931,0.000000000,0.000000000,0.000000000,0.000000000,0.000000000,0.000000000,1.272000,0.000000000,0.000000000,,0.220269,0.000000,0.144244,,0.000000000,1,1,0,0,,,,,,,warming_up,,,,,,,,,,,,,,WA:v1:k1:r0,,,,,,
1.976000,1.987281400,,gWA_sFM_cAll_d25_mWA0_ch01,,,,,0.047239417,,0.000000,,,,,,,,,,0.500000,beat-sync,0.550000,1.375000,,-0.022764409,1.154372732,left_wrist_yaw,0.004694841,left_wrist_roll,1.154042803,left_wrist_yaw,0.000000000,left_wrist_yaw,0.189820,-0.120963,0.880345,0.716931,0.000000000,0.000000000,0.000000000,0.000000000,0.000000000,0.000000000,1.272000,0.000000000,0.000000000,,0.211651,0.000000,0.000000,,0.000000000,1,1,0,0,,,,,,,warming_up,,,,,,,,,,,,,,WA:v1:k1:r0,,,,,,
2.008000,2.020521600,,gWA_sFM_cAll_d25_mWA0_ch01,,,,,0.047620160,,0.000000,,,,,,,,,,0.500000,beat-sync,0.550000,1.375000,,-0.022212864,1.154469600,left_wrist_yaw,0.007222769,right_wrist_roll,1.154042803,left_wrist_yaw,0.000000000,left_wrist_yaw,0.189820,-0.120963,0.880345,0.716931,0.000000000,0.000000000,0.000000000,0.000000000,0.000000000,0.000000000,1.272000,0.000000000,0.000000000,,0.207120,0.000000,0.000000,,0.000000000,1,1,0,0,,,,,,,warming_up,,,,,,,,,,,,,,WA:v1:k1:r0,,,,,,
2.072000,2.087267300,,gWA_sFM_cAll_d25_mWA0_ch01,,,,,0.048385064,,0.000000,,,,,,,,,,0.500000,beat-sync,0.550000,1.375000,,-0.021096921,1.154632666,left_wrist_yaw,0.005444572,left_wrist_roll,1.154042803,left_wrist_yaw,0.000000000,left_wrist_yaw,0.189820,-0.120963,0.880345,0.716931,0.000000000,0.000000000,0.000000000,0.000000000,0.000000000,0.000000000,1.272000,0.000000000,0.000000000,,0.217826,0.000000,0.000000,,0.000000000,1,1,0,0,,,,,,,warming_up,,,,,,,,,,,,,,WA:v1:k1:r0,,,,,,
2.104000,2.120279900,,gWA_sFM_cAll_d25_mWA0_ch01,,,,,0.048765770,,0.000000,,,,,,,,,,0.500000,beat-sync,0.550000,1.375000,,-0.020538286,1.154671563,left_wrist_yaw,0.002201906,left_wrist_roll,1.154042803,left_wrist_yaw,0.000000000,left_wrist_yaw,0.189820,-0.120963,0.880345,0.716931,0.000000000,0.000000000,0.000000000,0.000000000,0.000000000,0.000000000,1.272000,0.000000000,0.000000000,,0.248132,0.000000,0.000000,,0.000000000,1,1,0,0,,,,,,,warming_up,,,,,,,,,,,,,,WA:v1:k1:r0,,,,,,
2.168000,2.187461900,,gWA_sFM_cAll_d25_mWA0_ch01,,,,,0.049529898,,0.000000,,,,,,,,,,0.500000,beat-sync,0.550000,1.375000,,-0.019412025,1.154744063,left_wrist_yaw,0.001889235,right_wrist_roll,1.154042803,left_wrist_yaw,0.000000000,left_wrist_yaw,0.189820,-0.120963,0.880345,0.716931,0.000000000,0.000000000,0.000000000,0.000000000,0.000000000,0.000000000,1.272000,0.000000000,0.000000000,,0.319685,0.000000,0.000000,,0.000000000,1,1,0,0,,,,,,,warming_up,,,,,,,,,,,,,,WA:v1:k1:r0,,,,,,
2.200000,2.220200400,,gWA_sFM_cAll_d25_mWA0_ch01,,,,,0.049909606,,0.000000,,,,,,,,,,0.500000,beat-sync,0.550000,1.375000,,-0.018850337,1.155054257,left_wrist_yaw,0.025414674,right_wrist_roll,1.154042803,left_wrist_yaw,0.000000000,left_wrist_yaw,0.189820,-0.120963,0.880345,0.716931,0.000000000,0.000000000,0.000000000,0.000000000,0.000000000,0.000000000,1.272000,0.000000000,0.000000000,,0.378899,0.000000,0.000000,,0.000000000,1,1,0,0,,,,,,,warming_up,,,,,,,,,,,,,,WA:v1:k1:r0,,,,,,
2.264000,2.287476600,,gWA_sFM_cAll_d25_mWA0_ch01,,,,,0.050676195,,0.000000,,,,,,,,,,0.500000,beat-sync,0.550000,1.375000,,-0.017713151,1.155876301,left_wrist_yaw,0.000793726,right_wrist_roll,1.154042803,left_wrist_yaw,0.000000000,left_wrist_yaw,0.189820,-0.120963,0.880345,0.716931,0.000000000,0.000000000,0.000000000,0.000000000,0.000000000,0.000000000,1.272000,0.000000000,0.000000000,,0.386346,0.000000,0.000000,,0.000000000,1,1,0,0,,,,,,,warming_up,,,,,,,,,,,,,,WA:v1:k1:r0,,,,,,
2.328000,2.352079200,,gWA_sFM_cAll_d25_mWA0_ch01,,,,,0.051440885,,0.000000,,,,,,,,,,0.500000,beat-sync,0.550000,0.815217,,-0.020217669,0.841959883,left_wrist_yaw,5.163367749,right_wrist_roll,0.841959883,left_wrist_yaw,5.482189990,right_wrist_roll,0.164227,-0.187562,0.877344,0.753882,0.000000000,0.000000000,0.000000000,0.000000000,0.000000000,0.000000000,2.296000,0.000000000,0.000000000,,5.482190,5.212648,64.112354,,0.000000000,0,1,0,0,,,,,,,warming_up,,,,,,,,,,,,,,WA:v1:k1:r0,,,,,,
2.360000,2.385224900,,gWA_sFM_cAll_d25_mWA0_ch01,,,,,0.051820954,,0.000000,,,,,,,,,,0.500000,beat-sync,0.550000,0.815217,,-0.019762741,0.684801199,left_wrist_yaw,5.161938071,left_wrist_pitch,0.684801199,left_wrist_yaw,5.442567749,left_wrist_pitch,0.165423,-0.188694,0.874202,0.731270,0.000000000,0.000000000,0.000000000,0.000000000,0.000000000,0.000000000,2.296000,0.000000000,0.000000000,,5.443770,5.175614,82.073420,,0.000000000,0,1,0,0,,,,,,,warming_up,,,,,,,,,,,,,,WA:v1:k1:r0,,,,,,
2.424000,2.435259300,,gWA_sFM_cAll_d25_mWA0_ch01,,,,,0.052393839,,0.000000,,,,,,,,,,0.500000,beat-sync,0.550000,0.815217,,-0.019147179,0.516354333,left_wrist_yaw,3.196663298,left_wrist_yaw,0.516354333,left_wrist_yaw,3.443581895,left_wrist_yaw,0.165031,-0.189264,0.871539,0.706168,0.000000000,0.000000000,0.000000000,0.000000000,0.000000000,0.000000000,2.296000,0.000000000,0.000000000,,5.444261,5.174397,254.028908,,0.000000000,0,1,0,0,,,,,,,warming_up,,,,,,,,,,,,,,WA:v1:k1:r0,,,,,,
2.424000,2.452044100,beat_limiter_result,gWA_sFM_cAll_d25_mWA0_ch01,,,,,0.052585633,,0.000000,,,,,,,,,,0.500000,beat-sync,0.550000,0.815217,,-0.018957269,0.495573585,right_wrist_roll,3.001760333,left_wrist_yaw,0.495573585,right_wrist_roll,3.158677094,left_wrist_yaw,0.165603,-0.188416,0.870391,0.706337,0.000000000,0.000000000,0.000000000,0.000000000,0.000000000,0.000000000,2.296000,0.000000000,0.000000000,,5.474158,5.172996,84.449880,,0.000000000,0,1,0,0,,,,,,,warming_up,,,,,,,,,,,,,,WA:v1:k1:r0,,,,,,
2.456000,2.468564200,,gWA_sFM_cAll_d25_mWA0_ch01,,,,,0.052775800,,0.000000,,,,,,,,,,0.500000,beat-sync,0.550000,0.815217,,-0.018775983,0.501923534,right_wrist_roll,2.712728145,left_wrist_yaw,0.501923534,right_wrist_roll,2.887164872,left_wrist_yaw,0.166184,-0.187385,0.868918,0.712630,0.000000000,0.000000000,0.000000000,0.000000000,0.000000000,0.000000000,2.296000,0.000000000,0.000000000,,5.487980,5.195582,77.160275,,0.000000000,0,1,0,0,,,,,,,warming_up,,,,,,,,,,,,,,WA:v1:k1:r0,,,,,,
2.520000,2.535364500,,gWA_sFM_cAll_d25_mWA0_ch01,,,,,0.053541861,,0.000000,,,,,,,,,,0.500000,beat-sync,0.550000,0.815217,,-0.018107016,0.527424068,right_wrist_roll,3.194115530,right_wrist_yaw,0.527424068,right_wrist_roll,3.713526478,right_wrist_yaw,0.165929,-0.178955,0.858135,0.748578,0.000000000,0.000000000,0.000000000,0.000000000,0.000000000,0.000000000,2.296000,0.000000000,0.000000000,,6.024410,5.686261,52.739775,,0.000000000,0,1,0,0,,,,,,,warming_up,,,,,,,,,,,,,,WA:v1:k1:r0,,,,,,
2.552000,2.569049000,,gWA_sFM_cAll_d25_mWA0_ch01,,,,,0.053927282,,0.000000,,,,,,,,,,0.500000,beat-sync,0.550000,0.815217,,-0.017801573,0.492922580,right_wrist_roll,2.417527770,right_wrist_yaw,0.492922580,right_wrist_roll,2.583673476,right_wrist_yaw,0.162602,-0.176495,0.853585,0.775475,0.000000000,0.000000000,0.000000000,0.000000000,0.000000000,0.000000000,2.296000,0.000000000,0.000000000,,5.515066,5.220133,19.748458,,0.000000000,0,1,0,0,,,,,,,warming_up,,,,,,,,,,,,,,WA:v1:k1:r0,,,,,,
2.616000,2.635463800,,gWA_sFM_cAll_d25_mWA0_ch01,,,,,0.054689566,,0.000000,,,,,,,,,,0.500000,beat-sync,0.550000,0.815217,,-0.017244976,0.452277831,right_wrist_roll,1.183686715,left_wrist_roll,0.452277831,right_wrist_roll,1.354757343,left_wrist_roll,0.154037,-0.175679,0.850067,0.850823,0.000000000,0.000000000,0.000000000,0.000000000,0.000000000,0.000000000,2.296000,0.000000000,0.000000000,,5.935183,5.587041,210.405966,,0.000000000,0,1,0,0,,,,,,,warming_up,,,,,,,,,,,,,,WA:v1:k1:r0,,,,,,
2.680000,2.702301300,,gWA_sFM_cAll_d25_mWA0_ch01,,,,,0.055455749,,0.000000,,,,,,,,,,0.500000,beat-sync,0.550000,0.815217,,-0.016735206,0.463313895,right_wrist_roll,0.746506178,right_wrist_yaw,0.463313895,right_wrist_roll,0.795972697,right_wrist_yaw,0.146525,-0.175725,0.849040,0.886190,0.000000000,0.000000000,0.000000000,0.000000000,0.000000000,0.000000000,2.296000,0.000000000,0.000000000,,5.560805,5.261238,433.629375,,0.000000000,0,1,0,0,,,,,,,warming_up,,,,,,,,,,,,,,WA:v1:k1:r0,,,,,,
2.712000,2.735526700,,gWA_sFM_cAll_d25_mWA0_ch01,,,,,0.055837790,,0.000000,,,,,,,,,,0.500000,beat-sync,0.550000,0.815217,,-0.016495415,0.485695400,right_wrist_roll,1.137100796,right_wrist_yaw,0.485695400,right_wrist_roll,1.249410286,right_wrist_yaw,0.142573,-0.174704,0.850607,0.894608,0.000000000,0.000000000,0.000000000,0.000000000,0.000000000,0.000000000,2.296000,0.000000000,0.000000000,,5.723256,5.424503,201.629760,,0.000000000,0,1,0,0,,,,,,,warming_up,,,,,,,,,,,,,,WA:v1:k1:r0,,,,,,
2.776000,2.803787100,,gWA_sFM_cAll_d25_mWA0_ch01,,,,,0.056602352,,0.000000,,,,,,,,,,0.500000,beat-sync,0.550000,0.815217,,-0.016037887,0.554752873,right_wrist_roll,1.684424190,right_wrist_yaw,0.554752873,right_wrist_roll,1.808828155,right_wrist_yaw,0.130651,-0.169604,0.853252,0.914062,0.000000000,0.000000000,0.000000000,0.000000000,0.000000000,0.000000000,2.296000,0.000000000,0.000000000,,5.556868,4.855198,100.699984,,0.000000000,0,1,0,0,,,,,,,warming_up,,,,,,,,,,,,,,WA:v1:k1:r0,,,,,,
2.808000,2.835607400,,gWA_sFM_cAll_d25_mWA0_ch01,,,,,0.056985179,,0.000000,,,,,,,,,,0.500000,beat-sync,0.550000,0.815217,,-0.015817949,0.603518435,right_wrist_roll,2.209490684,left_wrist_roll,0.603518435,right_wrist_roll,2.907492379,left_wrist_roll,0.124620,-0.164514,0.855097,0.921164,0.000000000,0.000000000,0.000000000,0.000000000,0.000000000,0.000000000,2.296000,0.000000000,0.000000000,,6.814229,6.399788,124.536111,,0.000000000,0,1,0,0,,,,,,,warming_up,,,,,,,,,,,,,,WA:v1:k1:r0,,,,,,
2.872000,2.885285400,,gWA_sFM_cAll_d25_mWA0_ch01,,,,,0.057555499,,0.000000,,,,,,,,,,0.500000,beat-sync,0.550000,0.815217,,-0.015499293,0.747600792,right_wrist_roll,4.211368113,left_wrist_roll,0.747600792,right_wrist_roll,4.440966058,left_wrist_roll,0.115571,-0.154500,0.858625,0.955662,0.000000000,0.000000000,0.000000000,0.000000000,0.000000000,0.000000000,2.296000,0.000000000,0.000000000,,5.442144,5.188262,127.911147,,0.000000000,0,1,0,0,,,,,,,warming_up,,,,,,,,,,,,,,WA:v1:k1:r0,,,,,,
2.904000,2.918480200,,gWA_sFM_cAll_d25_mWA0_ch01,,,,,0.057936060,,0.000000,,,,,,,,,,0.500000,beat-sync,0.550000,0.815217,,-0.015291694,0.823821544,left_wrist_roll,2.634567419,left_wrist_roll,0.823821544,left_wrist_roll,2.793417923,left_wrist_roll,0.110067,-0.148037,0.860843,0.965946,0.000000000,0.000000000,0.000000000,0.000000000,0.000000000,0.000000000,2.296000,0.000000000,0.000000000,,5.458145,5.202786,220.951206,,0.000000000,0,1,0,0,,,,,,,warming_up,,,,,,,,,,,,,,WA:v1:k1:r0,,,,,,
2.968000,2.985292900,,gWA_sFM_cAll_d25_mWA0_ch01,,,,,0.058701974,,0.000000,,,,,,,,,,0.500000,beat-sync,0.550000,0.985360,,-0.016199778,0.893391972,right_wrist_roll,3.164847607,left_wrist_roll,0.893391972,right_wrist_roll,3.492931695,left_wrist_roll,0.097636,-0.130735,0.864510,0.956579,0.000000000,0.000000000,0.000000000,0.000000000,0.000000000,0.000000000,2.936000,0.000000000,0.000000000,,5.687515,5.412980,81.459736,,0.000000000,0,1,0,0,,,,,,,warming_up,,,,,,,,,,,,,,WA:v1:k1:r0,,,,,,
3.000000,3.019431200,,gWA_sFM_cAll_d25_mWA0_ch01,,,,,0.059084869,,0.000000,,,,,,,,,,0.500000,beat-sync,0.550000,0.985360,,-0.015972318,0.887586910,right_wrist_roll,5.246910307,left_wrist_roll,0.887586910,right_wrist_roll,5.391233632,left_wrist_roll,0.091267,-0.120683,0.867503,0.941589,0.000000000,0.000000000,0.000000000,0.000000000,0.000000000,0.000000000,2.936000,0.000000000,0.000000000,,5.399063,5.013137,16.220851,,0.000000000,0,1,0,0,,,,,,,warming_up,,,,,,,,,,,,,,WA:v1:k1:r0,,,,,,
3.064000,3.069437100,,gWA_sFM_cAll_d25_mWA0_ch01,,,,,0.059660706,,0.000000,,,,,,,,,,0.500000,beat-sync,0.550000,0.985360,,-0.015610660,0.839615631,right_wrist_roll,5.159805639,left_wrist_roll,0.839615631,right_wrist_roll,6.386546207,left_wrist_roll,0.081061,-0.103072,0.872861,0.915628,0.000000000,0.000000000,0.000000000,0.000000000,0.000000000,0.000000000,2.936000,0.000000000,0.000000000,,6.389533,5.943381,128.853021,,0.000000000,0,1,0,0,,,,,,,warming_up,,,,,,,,,,,,,,WA:v1:k1:r0,,,,,,
3.096000,3.102190300,beat_limiter_result,gWA_sFM_cAll_d25_mWA0_ch01,,,,,0.060041109,,0.000000,,,,,,,,,,0.500000,beat-sync,0.550000,0.985360,,-0.015360962,0.818767844,right_wrist_roll,4.666069812,left_wrist_roll,0.818767844,right_wrist_roll,4.881541033,left_wrist_roll,0.073970,-0.091281,0.875673,0.896566,0.000000000,0.000000000,0.000000000,0.000000000,0.000000000,0.000000000,2.936000,0.000000000,0.000000000,,5.475931,5.202716,68.498328,,0.000000000,0,1,0,0,,,,,,,warming_up,,,,,,,,,,,,,,WA:v1:k1:r0,,,,,,
3.128000,3.135558400,,gWA_sFM_cAll_d25_mWA0_ch01,,,,,0.060424094,,0.000000,,,,,,,,,,0.500000,beat-sync,0.550000,0.985360,,-0.015102290,0.828510980,right_wrist_roll,1.632284398,left_wrist_roll,0.828510980,right_wrist_roll,1.698862833,left_wrist_roll,0.063859,-0.080732,0.878727,0.869949,0.000000000,0.000000000,0.000000000,0.000000000,0.000000000,0.000000000,2.936000,0.000000000,0.000000000,,5.456783,5.194365,85.862884,,0.000000000,0,1,0,0,,,,,,,warming_up,,,,,,,,,,,,,,WA:v1:k1:r0,,,,,,
3.160000,3.185597200,,gWA_sFM_cAll_d25_mWA0_ch01,,,,,0.060998198,,0.000000,,,,,,,,,,0.500000,beat-sync,0.550000,0.985360,,-0.014703077,0.848817835,right_wrist_roll,2.366888523,left_wrist_pitch,0.848817835,right_wrist_roll,2.727898627,left_wrist_pitch,0.052017,-0.059144,0.883093,0.851592,0.000000000,0.000000000,0.000000000,0.000000000,0.000000000,0.000000000,2.936000,0.000000000,0.000000000,,5.998220,5.684270,102.171361,,0.000000000,0,1,0,0,,,,,,,warming_up,,,,,,,,,,,,,,WA:v1:k1:r0,,,,,,
3.224000,3.252233400,,gWA_sFM_cAll_d25_mWA0_ch01,,,,,0.061761013,,0.000000,,,,,,,,,,0.500000,beat-sync,0.550000,0.985360,,-0.014155661,0.875079054,left_wrist_yaw,2.583653927,left_wrist_pitch,0.875079054,left_wrist_yaw,2.701470456,left_wrist_pitch,0.034693,-0.029738,0.886552,0.831069,0.000000000,0.000000000,0.000000000,0.000000000,0.000000000,0.000000000,2.936000,0.000000000,0.000000000,,2.701470,2.563591,201.941280,,0.000000000,0,1,0,0,,,,,,,warming_up,,,,,,,,,,,,,,WA:v1:k1:r0,,,,,,
3.256000,3.285287300,,gWA_sFM_cAll_d25_mWA0_ch01,,,,,0.062141892,,0.000000,,,,,,,,,,0.500000,beat-sync,0.550000,0.985360,,-0.013876557,0.961188070,left_wrist_yaw,4.532859921,left_wrist_pitch,0.961188070,left_wrist_yaw,5.411840180,left_wrist_pitch,0.025014,-0.012433,0.887571,0.844499,0.000000000,0.000000000,0.000000000,0.000000000,0.000000000,0.000000000,2.936000,0.000000000,0.000000000,,5.411840,5.126672,135.075434,,0.000000000,0,1,0,0,,,,,,,warming_up,,,,,,,,,,,,,,WA:v1:k1:r0,,,,,,
3.320000,3.335682700,,gWA_sFM_cAll_d25_mWA0_ch01,,,,,0.062718835,,0.000000,,,,,,,,,,0.500000,beat-sync,0.550000,0.985360,,-0.013447939,1.096877445,left_wrist_yaw,4.199023247,left_wrist_pitch,1.096877445,left_wrist_yaw,4.309501630,left_wrist_pitch,0.009927,0.017319,0.888425,0.862953,0.000000000,0.000000000,0.000000000,0.000000000,0.000000000,0.000000000,2.936000,0.000000000,0.000000000,,5.433113,5.167263,71.333031,,0.000000000,0,1,0,0,,,,,,,warming_up,,,,,,,,,,,,,,WA:v1:k1:r0,,,,,,
3.352000,3.368805600,,gWA_sFM_cAll_d25_mWA0_ch01,,,,,0.063098839,,0.000000,,,,,,,,,,0.500000,beat-sync,0.550000,0.985360,,-0.013162425,1.163094064,left_wrist_yaw,4.091286825,right_wrist_roll,1.163094064,left_wrist_yaw,4.322652477,right_wrist_roll,-0.002842,0.032050,0.889548,0.857503,0.000000000,0.000000000,0.000000000,0.000000000,0.000000000,0.000000000,2.936000,0.000000000,0.000000000,,5.458420,5.183483,93.055221,,0.000000000,0,1,0,0,,,,,,,warming_up,,,,,,,,,,,,,,WA:v1:k1:r0,,,,,,
3.416000,3.435417100,,gWA_sFM_cAll_d25_mWA0_ch01,,,,,0.063863176,,0.000000,,,,,,,,,,0.500000,beat-sync,0.550000,0.985360,,-0.012581968,1.207073414,left_wrist_yaw,1.071812898,right_wrist_yaw,1.207073414,left_wrist_yaw,1.150786793,right_wrist_yaw,-0.018878,0.064101,0.894306,0.854553,0.000000000,0.000000000,0.000000000,0.000000000,0.000000000,0.000000000,2.936000,0.000000000,0.000000000,,1.654449,1.575864,143.023868,,0.000000000,0,1,0,0,,,,,,,warming_up,,,,,,,,,,,,,,WA:v1:k1:r0,,,,,,
3.480000,3.503899400,,gWA_sFM_cAll_d25_mWA0_ch01,,,,,0.064629019,,0.000000,,,,,,,,,,0.500000,beat-sync,0.550000,0.985360,,-0.011993928,1.215915466,left_wrist_yaw,0.004781272,right_wrist_roll,1.214981766,left_wrist_yaw,0.000000000,left_wrist_yaw,-0.025178,0.078597,0.897868,0.833054,0.000000000,0.000000000,0.000000000,0.000000000,0.000000000,0.000000000,2.936000,0.000000000,0.000000000,,0.342469,0.000000,1.745965,,0.000000000,1,1,0,0,,,,,,,warming_up,,,,,,,,,,,,,,WA:v1:k1:r0,,,,,,
3.512000,3.537071200,,gWA_sFM_cAll_d25_mWA0_ch01,,,,,0.065010546,,0.000000,,,,,,,,,,0.500000,beat-sync,0.550000,0.985360,,-0.011699118,1.215954083,left_wrist_yaw,0.001980991,left_wrist_roll,1.214981766,left_wrist_yaw,0.000000000,left_wrist_yaw,-0.025178,0.078597,0.897868,0.833054,0.000000000,0.000000000,0.000000000,0.000000000,0.000000000,0.000000000,2.936000,0.000000000,0.000000000,,0.281026,0.000000,0.000000,,0.000000000,1,1,0,0,,,,,,,warming_up,,,,,,,,,,,,,,WA:v1:k1:r0,,,,,,
3.576000,3.585213200,,gWA_sFM_cAll_d25_mWA0_ch01,,,,,0.065581324,,0.000000,,,,,,,,,,0.500000,beat-sync,0.550000,0.985360,,-0.011256231,1.210691110,left_wrist_yaw,5.170741081,right_wrist_pitch,1.210691110,left_wrist_yaw,5.473282230,right_wrist_pitch,-0.038857,0.117434,0.908532,0.755686,0.000000000,0.000000000,0.000000000,0.000000000,0.000000000,0.000000000,2.936000,0.000000000,0.000000000,,5.500838,5.248026,238.749361,,0.000000000,0,1,0,0,,,,,,,warming_up,,,,,,,,,,,,,,WA:v1:k1:r0,,,,,,
3.608000,3.618776800,,gWA_sFM_cAll_d25_mWA0_ch01,,,,,0.065966375,,0.000000,,,,,,,,,,0.500000,beat-sync,0.550000,0.985360,,-0.010956410,1.165177487,left_wrist_yaw,5.272808075,left_wrist_pitch,1.165177487,left_wrist_yaw,5.742185829,left_wrist_pitch,-0.048555,0.125182,0.909479,0.750254,0.000000000,0.000000000,0.000000000,0.000000000,0.000000000,0.000000000,2.936000,0.000000000,0.000000000,,5.766261,5.490794,146.468795,,0.000000000,0,1,0,0,,,,,,,warming_up,,,,,,,,,,,,,,WA:v1:k1:r0,,,,,,
3.672000,3.685649800,,gWA_sFM_cAll_d25_mWA0_ch01,,,,,0.066731826,,0.000000,,,,,,,,,,0.500000,beat-sync,0.550000,0.985360,,-0.010358398,1.060622189,left_wrist_yaw,5.298299789,left_wrist_pitch,1.060622189,left_wrist_yaw,5.476754353,left_wrist_pitch,-0.074540,0.131353,0.911314,0.762940,0.000000000,0.000000000,0.000000000,0.000000000,0.000000000,0.000000000,2.936000,0.000000000,0.000000000,,5.492977,5.225875,69.588260,,0.000000000,0,1,0,0,,,,,,,warming_up,,,,,,,,,,,,,,WA:v1:k1:r0,,,,,,
3.704000,3.718942300,,gWA_sFM_cAll_d25_mWA0_ch01,,,,,0.067114103,,0.000000,,,,,,,,,,0.500000,beat-sync,0.550000,0.985360,,-0.010058931,0.959169325,left_wrist_yaw,5.284903944,left_wrist_pitch,0.959169325,left_wrist_yaw,5.806463743,left_wrist_pitch,-0.085554,0.132555,0.912545,0.761151,0.000000000,0.000000000,0.000000000,0.000000000,0.000000000,0.000000000,2.936000,0.000000000,0.000000000,,5.820915,5.524127,41.119405,,0.000000000,0,1,0,0,,,,,,,warming_up,,,,,,,,,,,,,,WA:v1:k1:r0,,,,,,
3.768000,3.786335000,,gWA_sFM_cAll_d25_mWA0_ch01,,,,,0.067879091,,0.000000,,,,,,,,,,0.500000,beat-sync,0.550000,0.985360,,-0.009458399,0.650537380,left_wrist_yaw,4.690503698,left_wrist_yaw,0.650537380,left_wrist_yaw,4.905071129,left_wrist_yaw,-0.104688,0.137249,0.907977,0.676553,0.000000000,0.000000000,0.000000000,0.000000000,0.000000000,0.000000000,2.936000,0.000000000,0.000000000,,5.486903,5.082712,160.840597,,0.000000000,0,1,0,0,,,,,,,warming_up,,,,,,,,,,,,,,WA:v1:k1:r0,,,,,,
3.800000,3.818592000,,gWA_sFM_cAll_d25_mWA0_ch01,,,,,0.068257398,,0.000000,,,,,,,,,,0.500000,beat-sync,0.550000,0.985360,,-0.009160912,0.534226250,left_wrist_yaw,2.758190239,left_wrist_yaw,0.534226250,left_wrist_yaw,3.271106240,left_wrist_yaw,-0.116371,0.140558,0.905232,0.624458,0.000000000,0.000000000,0.000000000,0.000000000,0.000000000,0.000000000,2.936000,0.000000000,0.000000000,,6.000328,5.689216,195.778379,,0.000000000,0,1,0,0,,,,,,,warming_up,,,,,,,,,,,,,,WA:v1:k1:r0,,,,,,
3.800000,3.835675100,,gWA_sFM_cAll_d25_mWA0_ch01,,,,,0.068451266,,0.000000,,,,,,,,,,0.500000,beat-sync,0.550000,0.985360,,-0.009008353,0.496248969,left_wrist_yaw,2.278636863,left_wrist_yaw,0.496248969,left_wrist_yaw,2.329322930,left_wrist_yaw,-0.122852,0.142572,0.903587,0.594458,0.000000000,0.000000000,0.000000000,0.000000000,0.000000000,0.000000000,2.936000,0.000000000,0.000000000,,5.374566,5.129721,59.590491,,0.000000000,0,1,0,0,,,,,,,warming_up,,,,,,,,,,,,,,WA:v1:k1:r0,,,,,,
3.832000,3.852267000,,gWA_sFM_cAll_d25_mWA0_ch01,,,,,0.068642833,,0.000000,,,,,,,,,,0.500000,beat-sync,0.550000,0.985360,,-0.008857538,0.474855331,left_wrist_yaw,1.385445626,right_wrist_yaw,0.474855331,left_wrist_yaw,1.461218577,right_wrist_yaw,-0.130148,0.144042,0.903215,0.569284,0.000000000,0.000000000,0.000000000,0.000000000,0.000000000,0.000000000,2.936000,0.000000000,0.000000000,,5.485738,5.228047,180.416859,,0.000000000,0,1,0,0,,,,,,,warming_up,,,,,,,,,,,,,,WA:v1:k1:r0,,,,,,
3.864000,3.885452100,,gWA_sFM_cAll_d25_mWA0_ch01,,,,,0.069022443,,0.000000,,,,,,,,,,0.500000,beat-sync,0.550000,0.985360,,-0.008558511,0.450550193,left_wrist_yaw,1.313082139,right_wrist_roll,0.450550193,left_wrist_yaw,1.398204850,right_wrist_roll,-0.145249,0.146124,0.903611,0.523906,0.000000000,0.000000000,0.000000000,0.000000000,0.000000000,0.000000000,2.936000,0.000000000,0.000000000,,5.452123,5.169818,263.918292,,0.000000000,0,1,0,0,,,,,,,warming_up,,,,,,,,,,,,,,WA:v1:k1:r0,,,,,,
3.928000,3.952481800,,gWA_sFM_cAll_d25_mWA0_ch01,,,,,0.069787259,,0.000000,,,,,,,,,,0.500000,beat-sync,0.550000,0.881410,,-0.005527887,0.441228405,left_wrist_yaw,2.056707985,right_wrist_yaw,0.441228405,left_wrist_yaw,2.101245995,right_wrist_yaw,-0.174276,0.152158,0.904946,0.452157,0.000000000,0.000000000,0.000000000,0.000000000,0.000000000,0.000000000,3.928000,0.000000000,0.000000000,,5.298322,5.045864,61.269855,,0.000000000,0,1,0,0,,,,,,,warming_up,,,,,,,,,,,,,,WA:v1:k1:r0,,,,,,
3.960000,3.985350700,,gWA_sFM_cAll_d25_mWA0_ch01,,,,,0.070168919,,0.000000,,,,,,,,,,0.500000,beat-sync,0.550000,0.881410,,-0.005239101,0.440174048,left_wrist_yaw,2.754592466,left_wrist_roll,0.440174048,left_wrist_yaw,2.887231900,left_wrist_roll,-0.185954,0.158513,0.902969,0.423953,0.000000000,0.000000000,0.000000000,0.000000000,0.000000000,0.000000000,3.928000,0.000000000,0.000000000,,5.462899,5.205270,252.740856,,0.000000000,0,1,0,0,,,,,,,warming_up,,,,,,,,,,,,,,WA:v1:k1:r0,,,,,,
4.024000,4.035987800,,gWA_sFM_cAll_d25_mWA0_ch01,,,,,0.070740978,,0.000000,,,,,,,,,,0.500000,beat-sync,0.550000,0.881410,,-0.004821344,0.502222555,left_wrist_yaw,1.909121592,left_wrist_roll,0.502222555,left_wrist_yaw,1.975813190,left_wrist_roll,-0.203322,0.166580,0.897992,0.379181,0.000000000,0.000000000,0.000000000,0.000000000,0.000000000,0.000000000,3.928000,0.000000000,0.000000000,,5.356138,5.004775,481.317647,,0.000000000,0,1,0,0,,,,,,,warming_up,,,,,,,,,,,,,,WA:v1:k1:r0,,,,,,
4.056000,4.068706600,,gWA_sFM_cAll_d25_mWA0_ch01,,,,,0.071122765,,0.000000,,,,,,,,,,0.500000,beat-sync,0.550000,0.881410,,-0.004550987,0.565507576,left_wrist_yaw,2.046865554,left_wrist_yaw,0.565507576,left_wrist_yaw,2.156261316,left_wrist_yaw,-0.216080,0.171148,0.895765,0.329740,0.000000000,0.000000000,0.000000000,0.000000000,0.000000000,0.000000000,3.928000,0.000000000,0.000000000,,5.391935,5.116528,161.881249,,0.000000000,0,1,0,0,,,,,,,warming_up,,,,,,,,,,,,,,WA:v1:k1:r0,,,,,,
4.056000,4.085558200,beat_limiter_result,gWA_sFM_cAll_d25_mWA0_ch01,,,,,0.071318472,,0.000000,,,,,,,,,,0.500000,beat-sync,0.550000,0.881410,,-0.004414664,0.600107979,left_wrist_yaw,2.076024147,left_wrist_yaw,0.600107979,left_wrist_yaw,2.151873380,left_wrist_yaw,-0.222859,0.173095,0.894650,0.304814,0.000000000,0.000000000,0.000000000,0.000000000,0.000000000,0.000000000,3.928000,0.000000000,0.000000000,,5.500487,5.245350,85.915109,,0.000000000,0,1,0,0,,,,,,,warming_up,,,,,,,,,,,,,,WA:v1:k1:r0,,,,,,
4.120000,4.136201800,,gWA_sFM_cAll_d25_mWA0_ch01,,,,,0.071889910,,0.000000,,,,,,,,,,0.500000,beat-sync,0.550000,0.881410,,-0.004024060,0.674947075,left_wrist_yaw,3.257232516,left_wrist_roll,0.674947075,left_wrist_yaw,3.336788221,left_wrist_roll,-0.241501,0.178573,0.891444,0.270006,0.000000000,0.000000000,0.000000000,0.000000000,0.000000000,0.000000000,3.928000,0.000000000,0.000000000,,5.348512,5.027417,52.141971,,0.000000000,0,1,0,0,,,,,,,warming_up,,,,,,,,,,,,,,WA:v1:k1:r0,,,,,,
4.152000,4.168758400,,gWA_sFM_cAll_d25_mWA0_ch01,,,,,0.072270599,,0.000000,,,,,,,,,,0.500000,beat-sync,0.550000,0.881410,,-0.003769175,0.669453993,left_wrist_yaw,3.426028690,left_wrist_roll,0.669453993,left_wrist_yaw,3.580663212,left_wrist_roll,-0.252936,0.182444,0.890211,0.258151,0.000000000,0.000000000,0.000000000,0.000000000,0.000000000,0.000000000,3.928000,0.000000000,0.000000000,,5.385328,5.140071,27.469269,,0.000000000,0,1,0,0,,,,,,,warming_up,,,,,,,,,,,,,,WA:v1:k1:r0,,,,,,
4.216000,4.236581700,,gWA_sFM_cAll_d25_mWA0_ch01,,,,,0.073036584,,0.000000,,,,,,,,,,0.500000,beat-sync,0.550000,0.881410,,-0.003266641,0.514020087,left_wrist_yaw,2.948577446,left_wrist_yaw,0.514020087,left_wrist_yaw,3.022452223,left_wrist_yaw,-0.274960,0.194187,0.887332,0.244980,0.000000000,0.000000000,0.000000000,0.000000000,0.000000000,0.000000000,3.928000,0.000000000,0.000000000,,5.277847,4.949795,8.683765,,0.000000000,0,1,0,0,,,,,,,warming_up,,,,,,,,,,,,,,WA:v1:k1:r0,,,,,,
4.280000,4.285491000,,gWA_sFM_cAll_d25_mWA0_ch01,,,,,0.073611335,,0.000000,,,,,,,,,,0.500000,beat-sync,0.550000,0.881410,,-0.002896783,0.369590578,left_wrist_yaw,2.582451656,left_wrist_yaw,0.369590578,left_wrist_yaw,2.659371312,left_wrist_yaw,-0.289835,0.206700,0.887080,0.234244,0.000000000,0.000000000,0.000000000,0.000000000,0.000000000,0.000000000,3.928000,0.000000000,0.000000000,,5.474555,5.234756,40.760385,,0.000000000,0,1,0,0,,,,,,,warming_up,,,,,,,,,,,,,,WA:v1:k1:r0,,,,,,
4.312000,4.336310800,,gWA_sFM_cAll_d25_mWA0_ch01,,,,,0.074184796,,0.000000,,,,,,,,,,0.500000,beat-sync,0.550000,0.881410,,-0.002532533,0.266939945,left_wrist_yaw,1.996767140,left_wrist_yaw,0.266939945,left_wrist_yaw,1.981108459,left_wrist_yaw,-0.299286,0.220522,0.887119,0.220915,0.000000000,0.000000000,0.000000000,0.000000000,0.000000000,0.000000000,3.928000,0.000000000,0.000000000,,5.275815,4.967226,271.320082,,0.000000000,0,1,0,0,,,,,,,warming_up,,,,,,,,,,,,,,WA:v1:k1:r0,,,,,,
4.376000,4.401944500,,gWA_sFM_cAll_d25_mWA0_ch01,,,,,0.074946351,,0.000000,,,,,,,,,,0.500000,beat-sync,0.550000,0.881410,,-0.002054550,0.175880126,left_wrist_yaw,1.517871487,right_wrist_yaw,0.175880126,left_wrist_yaw,1.587715073,right_wrist_yaw,-0.305944,0.240027,0.888115,0.179977,0.000000000,0.000000000,0.000000000,0.000000000,0.000000000,0.000000000,3.928000,0.000000000,0.000000000,,5.429099,5.181899,110.069567,,0.000000000,0,1,0,0,,,,,,,warming_up,,,,,,,,,,,,,,WA:v1:k1:r0,,,,,,
4.408000,4.436091400,,gWA_sFM_cAll_d25_mWA0_ch01,,,,,0.075331378,,0.000000,,,,,,,,,,0.500000,beat-sync,0.550000,0.881410,,-0.001814879,0.156223168,left_wrist_yaw,0.894603092,right_wrist_yaw,0.156223168,left_wrist_yaw,0.934120109,right_wrist_yaw,-0.307378,0.250259,0.890401,0.166212,0.000000000,0.000000000,0.000000000,0.000000000,0.000000000,0.000000000,3.928000,0.000000000,0.000000000,,5.539359,5.154971,84.341319,,0.000000000,0,1,0,0,,,,,,,warming_up,,,,,,,,,,,,,,WA:v1:k1:r0,,,,,,
4.472000,4.485455200,,gWA_sFM_cAll_d25_mWA0_ch01,,,,,0.075929364,,0.000000,,,,,,,,,,0.500000,beat-sync,0.594967,0.881410,,-0.001486493,0.143802452,left_wrist_yaw,1.083138571,right_wrist_pitch,0.143802452,left_wrist_yaw,1.140385946,right_wrist_pitch,-0.309577,0.265969,0.895128,0.172897,0.000000000,0.000000000,0.000000000,0.000000000,0.000000000,0.000000000,3.928000,0.000000000,0.000000000,,5.849117,5.591140,129.399654,,0.000000000,0,1,0,0,,,,,,,warming_up,,,,,,,,,,,,,,WA:v1:k1:r0,,,,,,
4.504000,4.518406700,,gWA_sFM_cAll_d25_mWA0_ch01,,,,,0.076357737,,0.000000,,,,,,,,,,0.500000,beat-sync,0.630310,0.881410,,-0.001302426,0.149242026,left_wrist_roll,1.456278097,right_wrist_yaw,0.149242026,left_wrist_roll,1.541720232,right_wrist_yaw,-0.310921,0.277165,0.898353,0.182669,0.000000000,0.000000000,0.000000000,0.000000000,0.000000000,0.000000000,3.928000,0.000000000,0.000000000,,6.226979,5.955152,97.469221,,0.000000000,0,1,0,0,,,,,,,warming_up,,,,,,,,,,,,,,WA:v1:k1:r0,,,,,,
4.568000,4.585284800,,gWA_sFM_cAll_d25_mWA0_ch01,,,,,0.077289241,,0.000000,,,,,,,,,,0.500000,beat-sync,0.688963,0.881410,,-0.000996741,0.226122054,left_wrist_roll,1.687299586,left_wrist_roll,0.226122054,left_wrist_roll,1.871832301,left_wrist_roll,-0.316063,0.304151,0.907964,0.188494,0.000000000,0.000000000,0.000000000,0.000000000,0.000000000,0.000000000,3.928000,0.000000000,0.000000000,,7.221731,6.887873,73.834122,,0.000000000,0,1,0,0,,,,,,,warming_up,,,,,,,,,,,,,,WA:v1:k1:r0,,,,,,
4.600000,4.618735700,,gWA_sFM_cAll_d25_mWA0_ch01,,,,,0.077803606,,0.000000,,,,,,,,,,0.500000,beat-sync,0.755732,1.295732,,0.005334540,0.345384843,left_wrist_roll,4.539642315,left_wrist_roll,0.345384843,left_wrist_roll,4.939945891,left_wrist_roll,-0.320706,0.320709,0.912751,0.192731,0.000000000,0.000000000,0.000000000,0.000000000,0.000000000,0.000000000,4.568000,0.000000000,0.000000000,,7.669999,7.306489,235.652301,,0.000000000,0,1,0,0,,,,,,,warming_up,,,,,,,,,,,,,,WA:v1:k1:r0,,,,,,
4.600000,4.635414100,,gWA_sFM_cAll_d25_mWA0_ch01,,,,,0.078077663,,0.000000,,,,,,,,,,0.500000,beat-sync,0.789052,1.295732,,0.005397372,0.460361669,left_wrist_roll,6.898609573,left_wrist_roll,0.460361669,left_wrist_roll,7.227701267,left_wrist_roll,-0.322651,0.329125,0.915315,0.194995,0.000000000,0.000000000,0.000000000,0.000000000,0.000000000,0.000000000,4.568000,0.000000000,0.000000000,,7.786485,7.425610,604.466053,,0.000000000,0,1,0,0,,,,,,,warming_up,,,,,,,,,,,,,,WA:v1:k1:r0,,,,,,
4.632000,4.652090200,,gWA_sFM_cAll_d25_mWA0_ch01,,,,,0.078361968,,0.000000,,,,,,,,,,0.500000,beat-sync,0.822223,1.295732,,0.005456634,0.588917917,left_wrist_roll,7.713374893,left_wrist_roll,0.588917917,left_wrist_roll,8.111469598,left_wrist_roll,-0.324259,0.337914,0.918415,0.190424,0.000000000,0.000000000,0.000000000,0.000000000,0.000000000,0.000000000,4.568000,0.000000000,0.000000000,,8.111470,7.709983,237.207256,,0.000000000,0,1,0,0,,,,,,,warming_up,,,,,,,,,,,,,,WA:v1:k1:r0,,,,,,
4.664000,4.686275100,,gWA_sFM_cAll_d25_mWA0_ch01,,,,,0.078967951,,0.000000,,,,,,,,,,0.500000,beat-sync,0.888874,1.295732,,0.005563384,0.710107702,left_wrist_roll,4.731159210,left_wrist_pitch,0.710107702,left_wrist_roll,4.771516698,left_wrist_pitch,-0.328881,0.357446,0.926082,0.179443,0.000000000,0.000000000,0.000000000,0.000000000,0.000000000,0.000000000,4.568000,0.000000000,0.000000000,,8.516475,7.987554,381.596198,,0.000000000,0,1,0,0,,,,,,,warming_up,,,,,,,,,,,,,,WA:v1:k1:r0,,,,,,
4.728000,4.735455700,beat_limiter_result,gWA_sFM_cAll_d25_mWA0_ch01,,,,,0.079967624,,0.000000,,,,,,,,,,0.500000,beat-sync,0.989214,1.295732,,0.005685239,0.614708538,left_wrist_yaw,3.457379524,left_wrist_roll,0.614708538,left_wrist_yaw,3.668314972,left_wrist_roll,-0.343750,0.388668,0.937814,0.200460,0.000000000,0.000000000,0.000000000,0.000000000,0.000000000,0.000000000,4.568000,0.000000000,0.000000000,,9.915690,9.459984,363.660097,,0.000000000,0,1,0,0,,,,,,,warming_up,,,,,,,,,,,,,,WA:v1:k1:r0,,,,,,
4.760000,4.768492900,,gWA_sFM_cAll_d25_mWA0_ch01,,,,,0.080681753,,0.000000,,,,,,,,,,0.500000,beat-sync,1.055172,1.295732,,0.005734875,0.555604161,left_wrist_yaw,2.667470593,left_wrist_roll,0.555604161,left_wrist_yaw,2.830195514,left_wrist_roll,-0.358837,0.409975,0.944935,0.161509,0.000000000,0.000000000,0.000000000,0.000000000,0.000000000,0.000000000,4.568000,0.000000000,0.000000000,,8.703369,8.285768,166.295281,,0.000000000,0,1,0,0,,,,,,,warming_up,,,,,,,,,,,,,,WA:v1:k1:r0,,,,,,
4.824000,4.852299300,,gWA_sFM_cAll_d25_mWA0_ch01,,,,,0.082698165,,0.000000,,,,,,,,,,0.500000,beat-sync,1.222565,1.295732,,0.005730833,0.244391521,left_wrist_yaw,4.070514525,left_wrist_yaw,0.244391521,left_wrist_yaw,4.271703202,left_wrist_yaw,-0.407162,0.454025,0.947401,0.083659,0.000000000,0.000000000,0.000000000,0.000000000,0.000000000,0.000000000,4.568000,0.000000000,0.000000000,,12.136768,11.584520,214.767547,,0.000000000,0,1,0,0,,,,,,,warming_up,,,,,,,,,,,,,,WA:v1:k1:r0,,,,,,
4.856000,4.885466600,,gWA_sFM_cAll_d25_mWA0_ch01,,,,,0.083578953,,0.000000,,,,,,,,,,0.500000,beat-sync,1.288974,1.295732,,0.005671766,0.227560196,left_wrist_yaw,1.071100358,left_wrist_yaw,0.227560196,left_wrist_yaw,1.130654175,left_wrist_yaw,-0.423491,0.473639,0.939927,0.079795,0.000000000,0.000000000,0.000000000,0.000000000,0.000000000,0.000000000,4.568000,0.000000000,0.000000000,,12.765547,12.145020,270.632135,,0.000000000,0,1,0,0,,,,,,,warming_up,,,,,,,,,,,,,,WA:v1:k1:r0,,,,,,
4.920000,4.935712600,,gWA_sFM_cAll_d25_mWA0_ch01,,,,,0.084991522,,0.000000,,,,,,,,,,0.500000,beat-sync,1.388937,1.539855,,0.012616508,0.461289986,left_wrist_yaw,4.379575180,left_wrist_yaw,0.461289986,left_wrist_yaw,4.571285762,left_wrist_yaw,-0.442974,0.506617,0.914774,0.086977,0.000000000,0.000000000,0.000000000,0.000000000,0.000000000,0.000000000,4.920000,0.000000000,0.000000000,,13.481758,12.840371,554.676945,,0.000000000,0,1,0,0,,,,,,,warming_up,,,,,,,,,,,,,,WA:v1:k1:r0,,,,,,
4.952000,4.968812900,,gWA_sFM_cAll_d25_mWA0_ch01,,,,,0.085996249,,0.000000,,,,,,,,,,0.500000,beat-sync,1.455911,1.539855,,0.012493666,0.500598647,left_wrist_yaw,4.781358461,left_wrist_roll,0.500598647,left_wrist_yaw,5.010645604,left_wrist_roll,-0.458781,0.524690,0.903770,0.064915,0.000000000,0.000000000,0.000000000,0.000000000,0.000000000,0.000000000,4.920000,0.000000000,0.000000000,,14.240660,13.585557,629.683846,,0.000000000,0,1,0,0,,,,,,,warming_up,,,,,,,,,,,,,,WA:v1:k1:r0,,,,,,
5.016000,5.035413500,,gWA_sFM_cAll_d25_mWA0_ch01,,,,,0.088127808,,0.000000,,,,,,,,,,0.500000,beat-sync,1.588785,1.539855,,0.012188623,0.592777644,left_wrist_roll,11.295661218,left_wrist_roll,0.592777644,left_wrist_roll,11.892448046,left_wrist_roll,-0.500358,0.541618,0.909458,0.132887,0.000000000,0.000000000,0.000000000,0.000000000,0.000000000,0.000000000,4.920000,0.000000000,0.000000000,,13.698436,13.044886,384.435531,,0.000000000,0,1,0,0,,,,,,,warming_up,,,,,,,,,,,,,,WA:v1:k1:r0,,,,,,
5.048000,5.068581400,beat_limiter_result,gWA_sFM_cAll_d25_mWA0_ch01,,,,,0.089233909,,0.000000,,,,,,,,,,0.500000,beat-sync,1.600000,1.539855,,0.012025482,0.752215969,left_wrist_roll,11.696886047,left_wrist_yaw,0.752215969,left_wrist_roll,12.680953394,left_wrist_yaw,-0.508908,0.542104,0.901861,0.217261,0.000000000,0.000000000,0.000000000,0.000000000,0.000000000,0.000000000,4.920000,0.000000000,0.000000000,,12.680953,12.019736,405.156584,,0.000000000,0,1,0,0,,,,,,,warming_up,,,,,,,,,,,,,,WA:v1:k1:r0,,,,,,
5.080000,5.104985100,,gWA_sFM_cAll_d25_mWA0_ch01,,,,,0.090354384,,0.000000,,,,,,,,,,0.500000,beat-sync,1.600000,1.539855,,0.011877607,0.746361367,left_wrist_roll,0.004300615,left_wrist_roll,0.751690762,left_wrist_roll,0.000000000,left_wrist_yaw,-0.508877,0.542033,0.901457,0.220862,0.000000000,0.000000000,0.000000000,0.000000000,0.000000000,0.000000000,4.920000,0.000000000,0.000000000,,1.724017,0.000000,6.803797,,0.000000000,1,1,0,0,,,,,,,warming_up,,,,,,,,,,,,,,WA:v1:k1:r0,,,,,,
5.112000,5.122101600,,gWA_sFM_cAll_d25_mWA0_ch01,,,,,0.090902641,,0.000000,,,,,,,,,,0.500000,beat-sync,1.600000,1.539855,,0.011810804,0.746306067,left_wrist_roll,0.003317950,left_wrist_roll,0.751690762,left_wrist_roll,0.000000000,left_wrist_yaw,-0.508877,0.542033,0.901457,0.220862,0.000000000,0.000000000,0.000000000,0.000000000,0.000000000,0.000000000,4.920000,0.000000000,0.000000000,,1.681214,0.000000,0.000000,,0.000000000,1,1,0,0,,,,,,,warming_up,,,,,,,,,,,,,,WA:v1:k1:r0,,,,,,
5.176000,5.202183600,,gWA_sFM_cAll_d25_mWA0_ch01,,,,,0.093690424,,0.000000,,,,,,,,,,0.500000,beat-sync,1.600000,1.539855,,0.011517926,0.660104471,left_wrist_roll,5.160946548,left_wrist_pitch,0.660104471,left_wrist_roll,6.680839388,left_wrist_roll,-0.493013,0.535382,0.887125,0.437308,0.000000000,0.000000000,0.000000000,0.000000000,0.000000000,0.000000000,4.920000,0.000000000,0.000000000,,7.907036,7.451688,512.266703,,0.000000000,0,1,0,0,,,,,,,warming_up,,,,,,,,,,,,,,WA:v1:k1:r0,,,,,,
5.208000,5.235435200,,gWA_sFM_cAll_d25_mWA0_ch01,,,,,0.094802619,,0.000000,,,,,,,,,,0.500000,beat-sync,1.600000,1.539855,,0.011418872,0.337731255,left_wrist_yaw,15.283859343,left_wrist_roll,0.328822587,left_wrist_yaw,16.000000000,left_wrist_roll,-0.499816,0.537822,0.903202,0.516008,0.000000000,0.000000000,0.000000000,0.000000000,0.000000000,0.000000000,4.920000,0.000000000,0.000000000,,16.580163,15.218266,1104.397921,left_wrist_roll;left_wrist_yaw;right_elbow;right_hip_pitch;right_shoulder_yaw;waist_yaw,0.000553199,0,1,0,0,,,,,,,warming_up,,,,,,,,,,,,,,WA:v1:k1:r0,,,,,,
5.272000,5.304537900,,gWA_sFM_cAll_d25_mWA0_ch01,,,,,0.097031317,,0.000000,,,,,,,,,,0.500000,beat-sync,1.600000,1.539855,,0.011243479,0.494144444,left_wrist_roll,4.383940270,left_wrist_yaw,0.492005357,left_wrist_roll,4.310405627,left_wrist_yaw,-0.506217,0.547967,0.949943,0.537320,0.000000000,0.000000000,0.000000000,0.000000000,0.000000000,0.000000000,4.920000,0.000000000,0.000000000,,12.195309,9.503726,403.032018,,0.000547345,1,1,0,0,,,,,,,warming_up,,,,,,,,,,,,,,WA:v1:k1:r0,,,,,,
5.304000,5.321477300,,gWA_sFM_cAll_d25_mWA0_ch01,,,,,0.097586246,,0.000000,,,,,,,,,,0.500000,beat-sync,1.600000,1.539855,,0.011203813,0.494163615,left_wrist_roll,0.001151995,right_wrist_roll,0.492020111,left_wrist_roll,0.002771940,left_wrist_yaw,-0.506218,0.548002,0.950032,0.537336,0.000000000,0.000000000,0.000000000,0.000000000,0.000000000,0.000000000,4.920000,0.000000000,0.000000000,,1.058339,0.005998,560.681918,,0.000545901,1,1,0,0,,,,,,,warming_up,,,,,,,,,,,,,,WA:v1:k1:r0,,,,,,
5.368000,5.387237300,,gWA_sFM_cAll_d25_mWA0_ch01,,,,,0.099807348,,0.000000,,,,,,,,,,0.500000,beat-sync,1.600000,1.539855,,0.011057801,0.494350376,left_wrist_roll,0.005034343,left_wrist_roll,0.492020111,left_wrist_roll,0.000000000,left_wrist_yaw,-0.506218,0.548002,0.950032,0.537336,0.000000000,0.000000000,0.000000000,0.000000000,0.000000000,0.000000000,4.920000,0.000000000,0.000000000,,1.047721,0.000000,0.000000,,0.000540200,1,1,0,0,,,,,,,warming_up,,,,,,,,,,,,,,WA:v1:k1:r0,,,,,,
5.400000,5.420611700,,gWA_sFM_cAll_d25_mWA0_ch01,,,,,0.100920641,,0.000000,,,,,,,,,,0.500000,beat-sync,1.600000,1.539855,,0.010991056,0.494456612,left_wrist_roll,0.004465754,right_wrist_roll,0.492020111,left_wrist_roll,0.000000000,left_wrist_yaw,-0.506218,0.548002,0.950032,0.537336,0.000000000,0.000000000,0.000000000,0.000000000,0.000000000,0.000000000,4.920000,0.000000000,0.000000000,,1.033896,0.000000,0.000000,,0.000537394,1,1,0,0,,,,,,,warming_up,,,,,,,,,,,,,,WA:v1:k1:r0,,,,,,
5.464000,5.487802700,,gWA_sFM_cAll_d25_mWA0_ch01,,,,,0.103136794,,0.000000,,,,,,,,,,0.500000,beat-sync,1.600000,1.539855,,0.010868132,0.467739766,right_wrist_roll,0.008849601,left_wrist_roll,0.449165374,left_wrist_yaw,0.000000000,left_wrist_yaw,-0.507987,0.552844,0.934797,0.576384,0.000000000,0.000000000,0.000000000,0.000000000,0.000000000,0.000000000,4.920000,0.000000000,0.000000000,,2.602593,0.000000,0.000000,,0.000531868,1,1,0,0,,,,,,,warming_up,,,,,,,,,,,,,,WA:v1:k1:r0,,,,,,
5.528000,5.537017700,,gWA_sFM_cAll_d25_mWA0_ch01,,,,,0.104815323,,0.000000,,,,,,,,,,0.500000,beat-sync,1.600000,1.539855,,0.010782068,0.526617628,right_wrist_roll,2.637406290,left_wrist_pitch,0.526617628,right_wrist_roll,2.634918926,left_wrist_pitch,-0.523573,0.567494,0.911609,0.421672,0.000000000,0.000000000,0.000000000,0.000000000,0.000000000,0.000000000,4.920000,0.000000000,0.000000000,,15.059461,14.012458,804.748856,,0.000527797,0,1,0,0,,,,,,,warming_up,,,,,,,,,,,,,,WA:v1:k1:r0,,,,,,
5.560000,5.570488100,,gWA_sFM_cAll_d25_mWA0_ch01,,,,,0.105923352,,0.000000,,,,,,,,,,0.500000,beat-sync,1.600000,1.539855,,0.010727888,0.555065837,right_wrist_roll,0.006087415,right_wrist_roll,0.552011341,right_wrist_roll,0.000812036,right_wrist_yaw,-0.521666,0.576042,0.904253,0.438303,0.000000000,0.000000000,0.000000000,0.000000000,0.000000000,0.000000000,4.920000,0.000000000,0.000000000,,1.488063,0.003727,620.419727,,0.000525118,1,1,0,0,,,,,,,warming_up,,,,,,,,,,,,,,WA:v1:k1:r0,,,,,,
5.624000,5.636900500,,gWA_sFM_cAll_d25_mWA0_ch01,,,,,0.108144948,,0.000000,,,,,,,,,,0.500000,beat-sync,1.600000,1.539855,,0.010624299,0.555185561,right_wrist_roll,0.002020861,left_wrist_roll,0.552011341,right_wrist_roll,0.000000000,left_wrist_yaw,-0.521666,0.576042,0.904253,0.438303,0.000000000,0.000000000,0.000000000,0.000000000,0.000000000,0.000000000,4.920000,0.000000000,0.000000000,,1.609157,0.000000,0.000000,,0.000519841,1,1,0,0,,,,,,,warming_up,,,,,,,,,,,,,,WA:v1:k1:r0,,,,,,
5.656000,5.687180000,,gWA_sFM_cAll_d25_mWA0_ch01,,,,,0.109815735,,0.000000,,,,,,,,,,0.500000,beat-sync,1.600000,1.539855,,0.010549932,0.555263024,right_wrist_roll,0.002041044,right_wrist_roll,0.552011341,right_wrist_roll,0.000000000,left_wrist_yaw,-0.521666,0.576042,0.904253,0.438303,0.000000000,0.000000000,0.000000000,0.000000000,0.000000000,0.000000000,4.920000,0.000000000,0.000000000,,1.605268,0.000000,0.000000,,0.000515952,1,1,0,0,,,,,,,warming_up,,,,,,,,,,,,,,WA:v1:k1:r0,,,,,,
5.720000,5.737888700,,gWA_sFM_cAll_d25_mWA0_ch01,,,,,0.111495182,,0.000000,,,,,,,,,,0.500000,beat-sync,1.600000,1.539855,,0.010477552,0.999847005,left_wrist_yaw,12.810090996,left_wrist_roll,0.999847005,left_wrist_yaw,12.624635106,left_wrist_roll,-0.511680,0.659473,0.937278,0.202957,0.000000000,0.000000000,0.000000000,0.000000000,0.000000000,0.000000000,4.920000,0.000000000,0.000000000,,15.034920,13.445175,1186.252928,,0.000512120,0,1,0,0,,,,,,,warming_up,,,,,,,,,,,,,,WA:v1:k1:r0,,,,,,
5.752000,5.768827200,,gWA_sFM_cAll_d25_mWA0_ch01,,,,,0.112593494,,0.000000,,,,,,,,,,0.500000,beat-sync,1.600000,1.539855,,0.010431263,0.611208120,left_wrist_yaw,14.949129420,left_wrist_yaw,0.625480277,left_wrist_yaw,16.000000000,left_wrist_yaw,-0.520767,0.674433,0.954842,0.128009,0.000000000,0.000000000,0.000000000,0.000000000,0.000000000,0.000000000,4.920000,0.000000000,0.000000000,,18.317400,15.099094,611.743496,left_elbow;left_wrist_pitch;left_wrist_yaw;right_shoulder_pitch;right_shoulder_roll;right_wrist_roll;waist_yaw,0.001613725,0,1,0,0,,,,,,,warming_up,,,,,,,,,,,,,,WA:v1:k1:r0,,,,,,
5.816000,5.835272600,,gWA_sFM_cAll_d25_mWA0_ch01,,,,,0.114810994,,0.000000,,,,,,,,,,0.500000,beat-sync,1.600000,1.134259,,0.013686851,0.344259996,right_wrist_roll,7.108119143,right_wrist_yaw,0.344259996,right_wrist_roll,7.579325830,right_wrist_yaw,-0.545399,0.725168,0.952946,0.116291,0.000000000,0.000000000,0.000000000,0.000000000,0.000000000,0.000000000,5.752000,0.026422527,0.000000000,,16.150872,15.265930,442.721928,,0.001934399,0,1,0,0,,,,,,,warming_up,,,,,,,,,,,,,,WA:v1:k1:r0,,,,,,
5.880000,5.902535000,,gWA_sFM_cAll_d25_mWA0_ch01,,,,,0.117043935,,0.000000,,,,,,,,,,0.500000,beat-sync,1.600000,1.134259,,0.013378074,0.681407058,right_wrist_yaw,10.906098671,right_wrist_roll,0.681407058,right_wrist_yaw,11.625508380,right_wrist_roll,-0.569003,0.762738,0.921237,0.067361,0.000000000,0.000000000,0.000000000,0.000000000,0.000000000,0.000000000,5.752000,0.026422527,0.000000000,,17.125875,15.006797,672.625899,,0.002082292,0,1,0,0,,,,,,,warming_up,,,,,,,,,,,,,,WA:v1:k1:r0,,,,,,
5.880000,5.919096300,beat_limiter_result,gWA_sFM_cAll_d25_mWA0_ch01,,,,,0.117591358,,0.000000,,,,,,,,,,0.500000,beat-sync,1.600000,1.134259,,0.013287740,0.661318703,right_wrist_yaw,8.438903978,right_wrist_roll,0.661318703,right_wrist_yaw,8.996373243,right_wrist_roll,-0.574094,0.767843,0.919623,0.056966,0.000000000,0.000000000,0.000000000,0.000000000,0.000000000,0.000000000,5.752000,0.026422527,0.000000000,,16.949960,15.149954,289.194239,,0.002077275,0,1,0,0,,,,,,,warming_up,,,,,,,,,,,,,,WA:v1:k1:r0,,,,,,
5.912000,5.938448600,,gWA_sFM_cAll_d25_mWA0_ch01,,,,,0.118146257,,0.000000,,,,,,,,,,0.500000,beat-sync,1.600000,1.134259,,0.013191078,0.672519875,right_wrist_yaw,6.528539839,left_wrist_roll,0.672355795,right_wrist_yaw,6.951548026,left_wrist_roll,-0.578167,0.771608,0.920287,0.054006,0.000000000,0.000000000,0.000000000,0.000000000,0.000000000,0.000000000,5.752000,0.026422527,0.000000000,,13.063235,10.246851,268.984974,,0.002072281,1,1,0,0,,,,,,,warming_up,,,,,,,,,,,,,,WA:v1:k1:r0,,,,,,
5.976000,5.987804700,,gWA_sFM_cAll_d25_mWA0_ch01,,,,,0.119822501,,0.000000,,,,,,,,,,0.500000,beat-sync,1.600000,1.134259,,0.012871727,0.673900457,right_wrist_yaw,0.001514673,left_wrist_roll,0.672366715,right_wrist_yaw,0.000000000,left_wrist_yaw,-0.578207,0.771643,0.920302,0.054102,0.000000000,0.000000000,0.000000000,0.000000000,0.000000000,0.000000000,5.752000,0.026422527,0.000000000,,1.088850,0.000000,0.000000,,0.002057444,1,1,0,0,,,,,,,warming_up,,,,,,,,,,,,,,WA:v1:k1:r0,,,,,,
6.008000,6.021571400,,gWA_sFM_cAll_d25_mWA0_ch01,,,,,0.120931378,,0.000000,,,,,,,,,,0.500000,beat-sync,1.600000,1.134259,,0.012641107,0.673894941,right_wrist_yaw,0.000082388,left_wrist_roll,0.672366715,right_wrist_yaw,0.000000000,left_wrist_yaw,-0.578207,0.771643,0.920302,0.054102,0.000000000,0.000000000,0.000000000,0.000000000,0.000000000,0.000000000,5.752000,0.026422527,0.000000000,,1.007244,0.000000,0.000000,,0.002047670,1,1,0,0,,,,,,,warming_up,,,,,,,,,,,,,,WA:v1:k1:r0,,,,,,
6.072000,6.088530000,,gWA_sFM_cAll_d25_mWA0_ch01,,,,,0.123154742,,0.000000,,,,,,,,,,0.500000,beat-sync,1.600000,1.134259,,0.012141579,0.673888424,right_wrist_yaw,0.000010173,left_wrist_roll,0.672366715,right_wrist_yaw,0.000000000,left_wrist_yaw,-0.578207,0.771643,0.920302,0.054102,0.000000000,0.000000000,0.000000000,0.000000000,0.000000000,0.000000000,5.752000,0.026422527,0.000000000,,0.989007,0.000000,0.000000,,0.002028398,1,1,0,0,,,,,,,warming_up,,,,,,,,,,,,,,WA:v1:k1:r0,,,,,,
6.104000,6.121491900,,gWA_sFM_cAll_d25_mWA0_ch01,,,,,0.124261484,,0.000000,,,,,,,,,,0.500000,beat-sync,1.600000,1.134259,,0.011877845,0.673887779,right_wrist_yaw,0.000067590,left_wrist_roll,0.672366715,right_wrist_yaw,0.000000000,left_wrist_yaw,-0.578207,0.771643,0.920302,0.054102,0.000000000,0.000000000,0.000000000,0.000000000,0.000000000,0.000000000,5.752000,0.026422527,0.000000000,,1.066410,0.000000,0.000000,,0.002018897,1,1,0,0,,,,,,,warming_up,,,,,,,,,,,,,,WA:v1:k1:r0,,,,,,
6.168000,6.187693900,,gWA_sFM_cAll_d25_mWA0_ch01,,,,,0.126486008,,0.000000,,,,,,,,,,0.500000,beat-sync,1.600000,1.282051,,0.015182948,0.673797678,right_wrist_yaw,0.003447208,right_wrist_roll,0.672366715,right_wrist_yaw,0.000000000,left_wrist_yaw,-0.578207,0.771643,0.920302,0.054102,0.000000000,0.000000000,0.000000000,0.000000000,0.000000000,0.000000000,6.104000,0.000158811,0.000000000,,1.069291,0.000000,0.000000,,0.002000160,1,1,0,0,,,,,,,warming_up,,,,,,,,,,,,,,WA:v1:k1:r0,,,,,,
6.200000,6.218806700,,gWA_sFM_cAll_d25_mWA0_ch01,,,,,0.127593911,,0.000000,,,,,,,,,,0.500000,beat-sync,1.600000,1.282051,,0.014932397,0.762676969,right_wrist_yaw,4.714274344,left_wrist_yaw,0.762676969,right_wrist_yaw,5.365605153,left_wrist_yaw,-0.459011,0.582811,0.923707,0.174960,0.000000000,0.000000000,0.000000000,0.000000000,0.000000000,0.000000000,6.104000,0.000158811,0.000000000,,17.909100,14.942633,693.840536,left_elbow,0.002309469,0,1,0,0,,,,,,,warming_up,,,,,,,,,,,,,,WA:v1:k1:r0,,,,,,
6.232000,6.268626700,beat_limiter_result,gWA_sFM_cAll_d25_mWA0_ch01,,,,,0.129265292,,0.000000,,,,,,,,,,0.500000,beat-sync,1.600000,1.282051,,0.014562288,0.672195968,left_wrist_yaw,7.713385271,left_wrist_yaw,0.672195968,left_wrist_yaw,8.396672928,left_wrist_yaw,-0.414254,0.502414,0.945338,0.127265,0.000000000,0.000000000,0.000000000,0.000000000,0.000000000,0.000000000,6.104000,0.000158811,0.000000000,,11.669266,11.072482,302.224868,,0.002372667,0,1,0,0,,,,,,,warming_up,,,,,,,,,,,,,,WA:v1:k1:r0,,,,,,
6.264000,6.285681800,,gWA_sFM_cAll_d25_mWA0_ch01,,,,,0.129833860,,0.000000,,,,,,,,,,0.500000,beat-sync,1.600000,1.282051,,0.014438243,0.764908132,left_wrist_yaw,5.562729876,left_wrist_yaw,0.764908132,left_wrist_yaw,5.715775480,left_wrist_yaw,-0.398078,0.479552,0.947649,0.095309,0.000000000,0.000000000,0.000000000,0.000000000,0.000000000,0.000000000,6.104000,0.000158811,0.000000000,,9.760150,9.282802,574.683289,,0.002367237,0,1,0,0,,,,,,,warming_up,,,,,,,,,,,,,,WA:v1:k1:r0,,,,,,
6.328000,6.352345800,,gWA_sFM_cAll_d25_mWA0_ch01,,,,,0.132054509,,0.000000,,,,,,,,,,0.500000,beat-sync,1.600000,1.282051,,0.013961077,0.858486000,left_wrist_yaw,6.967067444,left_wrist_yaw,0.858486000,left_wrist_yaw,7.534587655,left_wrist_yaw,-0.370749,0.410288,0.934231,0.001760,0.000000000,0.000000000,0.000000000,0.000000000,0.000000000,0.000000000,6.104000,0.000158811,0.000000000,,15.586951,14.837165,534.747537,,0.002345766,0,1,0,0,,,,,,,warming_up,,,,,,,,,,,,,,WA:v1:k1:r0,,,,,,
6.360000,6.385407200,,gWA_sFM_cAll_d25_mWA0_ch01,,,,,0.133161071,,0.000000,,,,,,,,,,0.500000,beat-sync,1.600000,1.282051,,0.013726969,0.584456946,left_wrist_roll,9.868103593,left_wrist_yaw,0.584456946,left_wrist_roll,10.648787503,left_wrist_yaw,-0.362527,0.379281,0.923106,0.062096,0.000000000,0.000000000,0.000000000,0.000000000,0.000000000,0.000000000,6.104000,0.000158811,0.000000000,,16.128798,15.222832,547.448884,left_elbow,0.002413015,0,1,0,0,,,,,,,warming_up,,,,,,,,,,,,,,WA:v1:k1:r0,,,,,,
6.424000,6.435633500,,gWA_sFM_cAll_d25_mWA0_ch01,,,,,0.134832315,,0.000000,,,,,,,,,,0.500000,beat-sync,1.600000,1.282051,,0.013377080,0.544692287,right_wrist_yaw,4.435946014,left_wrist_roll,0.544692287,right_wrist_yaw,4.792156598,left_wrist_roll,-0.342043,0.329160,0.898567,0.263840,0.000000000,0.000000000,0.000000000,0.000000000,0.000000000,0.000000000,6.104000,0.000158811,0.000000000,,15.907028,14.894754,547.354607,,0.002396784,0,1,0,0,,,,,,,warming_up,,,,,,,,,,,,,,WA:v1:k1:r0,,,,,,
6.456000,6.468402500,,gWA_sFM_cAll_d25_mWA0_ch01,,,,,0.135933142,,0.000000,,,,,,,,,,0.500000,beat-sync,1.600000,1.282051,,0.013148635,0.531692323,right_wrist_yaw,4.272470829,left_wrist_yaw,0.531692323,right_wrist_yaw,4.569643913,left_wrist_yaw,-0.316249,0.300234,0.884863,0.350839,0.000000000,0.000000000,0.000000000,0.000000000,0.000000000,0.000000000,6.104000,0.000158811,0.000000000,,12.068988,11.506610,356.230980,,0.002386084,0,1,0,0,,,,,,,warming_up,,,,,,,,,,,,,,WA:v1:k1:r0,,,,,,
6.520000,6.535485000,,gWA_sFM_cAll_d25_mWA0_ch01,,,,,0.138167067,,0.000000,,,,,,,,,,0.500000,beat-sync,1.600000,1.282051,,0.012689010,1.125743157,left_wrist_yaw,13.870134679,left_wrist_yaw,1.125743157,left_wrist_yaw,15.519170721,left_wrist_yaw,-0.249797,0.239007,0.865370,0.506643,0.000000000,0.000000000,0.000000000,0.000000000,0.000000000,0.000000000,6.104000,0.000158811,0.000000000,,16.745929,15.168737,404.982903,left_elbow,0.002441257,0,1,0,0,,,,,,,warming_up,,,,,,,,,,,,,,WA:v1:k1:r0,,,,,,
6.552000,6.569056700,,gWA_sFM_cAll_d25_mWA0_ch01,,,,,0.139279786,,0.000000,,,,,,,,,,0.500000,beat-sync,1.600000,1.282051,,0.012461682,1.230958420,left_wrist_yaw,15.044497401,left_wrist_pitch,1.230958420,left_wrist_yaw,15.730340235,left_wrist_pitch,-0.208372,0.204284,0.870853,0.479632,0.000000000,0.000000000,0.000000000,0.000000000,0.000000000,0.000000000,6.104000,0.000158811,0.000000000,,15.730340,15.006740,937.378980,,0.002430503,0,1,0,0,,,,,,,warming_up,,,,,,,,,,,,,,WA:v1:k1:r0,,,,,,
6.616000,6.636797700,,gWA_sFM_cAll_d25_mWA0_ch01,,,,,0.141507353,,0.000000,,,,,,,,,,0.500000,beat-sync,1.600000,1.282051,,0.012009094,1.302557395,left_wrist_yaw,15.302903652,left_wrist_pitch,1.302557395,left_wrist_yaw,15.068972916,left_wrist_pitch,-0.130908,0.102756,0.896372,0.602356,0.000000000,0.000000000,0.000000000,0.000000000,0.000000000,0.000000000,6.104000,0.000158811,0.000000000,,15.068973,14.120092,722.528982,,0.002484566,0,1,0,0,,,,,,,warming_up,,,,,,,,,,,,,,WA:v1:k1:r0,,,,,,
6.680000,6.702015000,,gWA_sFM_cAll_d25_mWA0_ch01,,,,,0.143724543,,0.000000,,,,,,,,,,0.500000,beat-sync,1.600000,1.282051,,0.011561196,0.300447648,left_wrist_yaw,14.959285460,left_wrist_yaw,0.309843795,left_wrist_yaw,16.000000000,left_wrist_yaw,-0.048068,-0.016099,0.926946,0.692498,0.000000000,0.000000000,0.000000000,0.000000000,0.000000000,0.000000000,6.104000,0.000158811,0.000000000,,16.603199,15.239176,855.517901,left_elbow;left_wrist_yaw;right_elbow;right_shoulder_pitch;right_shoulder_roll,0.003358710,0,1,0,0,,,,,,,warming_up,,,,,,,,,,,,,,WA:v1:k1:r0,,,,,,
6.712000,6.735502400,,gWA_sFM_cAll_d25_mWA0_ch01,,,,,0.144842359,,0.000000,,,,,,,,,,0.500000,beat-sync,1.600000,1.282051,,0.011336141,0.186618268,right_wrist_roll,9.464762848,right_wrist_roll,0.186618268,right_wrist_roll,9.820276498,right_wrist_roll,-0.033159,-0.043877,0.930817,0.793177,0.000000000,0.000000000,0.000000000,0.000000000,0.000000000,0.000000000,6.104000,0.000158811,0.000000000,,16.206724,15.269387,916.636397,,0.003344233,0,1,0,0,,,,,,,warming_up,,,,,,,,,,,,,,WA:v1:k1:r0,,,,,,
6.776000,6.802390000,,gWA_sFM_cAll_d25_mWA0_ch01,,,,,0.147060863,,0.000000,,,,,,,,,,0.500000,beat-sync,1.600000,1.282051,,0.010890647,0.346132504,left_wrist_yaw,6.526753116,left_wrist_yaw,0.346132504,left_wrist_yaw,6.705742803,left_wrist_yaw,-0.008037,-0.039977,0.909262,1.102515,0.000000000,0.000000000,0.000000000,0.000000000,0.000000000,0.000000000,6.104000,0.000158811,0.000000000,,16.560403,15.245963,324.137805,,0.003463012,0,1,0,0,,,,,,,warming_up,,,,,,,,,,,,,,WA:v1:k1:r0,,,,,,
6.808000,6.835636600,,gWA_sFM_cAll_d25_mWA0_ch01,,,,,0.148172378,,0.000000,,,,,,,,,,0.500000,beat-sync,1.600000,1.282051,,0.010667922,0.601608113,left_wrist_yaw,8.158562817,left_wrist_yaw,0.601608113,left_wrist_yaw,8.514147680,left_wrist_yaw,0.016890,-0.067610,0.907024,1.150820,0.000000000,0.000000000,0.000000000,0.000000000,0.000000000,0.000000000,6.104000,0.000158811,0.000000000,,16.009429,15.193545,1088.934205,,0.003521643,0,1,0,0,,,,,,,warming_up,,,,,,,,,,,,,,WA:v1:k1:r0,,,,,,
6.872000,6.885570500,,gWA_sFM_cAll_d25_mWA0_ch01,,,,,0.149843229,,0.000000,,,,,,,,,,0.500000,beat-sync,1.600000,1.282051,,0.010333595,0.588622504,left_wrist_yaw,7.387925911,left_wrist_yaw,0.588622504,left_wrist_yaw,7.755717549,left_wrist_yaw,0.067499,-0.097526,0.907550,1.221118,0.000000000,0.000000000,0.000000000,0.000000000,0.000000000,0.000000000,6.104000,0.000158811,0.000000000,,15.875207,15.072603,958.369386,,0.003499307,0,1,0,0,,,,,,,warming_up,,,,,,,,,,,,,,WA:v1:k1:r0,,,,,,
6.904000,6.919036600,,gWA_sFM_cAll_d25_mWA0_ch01,,,,,0.150958320,,0.000000,,,,,,,,,,0.500000,beat-sync,1.600000,1.282051,,0.010110739,0.286425969,left_wrist_roll,8.601936598,left_wrist_roll,0.286425969,left_wrist_roll,9.164196723,left_wrist_roll,0.058871,-0.095678,0.889506,1.117734,0.000000000,0.000000000,0.000000000,0.000000000,0.000000000,0.000000000,6.104000,0.000158811,0.000000000,,16.038576,15.169577,1307.715722,left_shoulder_roll,0.003557169,0,1,0,0,,,,,,,warming_up,,,,,,,,,,,,,,WA:v1:k1:r0,,,,,,
6.968000,6.985253800,,gWA_sFM_cAll_d25_mWA0_ch01,,,,,0.153167087,,0.000000,,,,,,,,,,0.500000,beat-sync,1.600000,1.282051,,0.009669809,0.189181445,right_wrist_roll,7.534122689,right_wrist_roll,0.189181445,right_wrist_roll,8.517117262,right_wrist_roll,0.068925,-0.045976,0.870359,0.941201,0.000000000,0.000000000,0.000000000,0.000000000,0.000000000,0.000000000,6.104000,0.000158811,0.000000000,,16.997042,15.146178,935.231379,left_elbow;left_knee;right_shoulder_pitch,0.003887409,0,1,0,0,,,,,,,warming_up,,,,,,,,,,,,,,WA:v1:k1:r0,,,,,,
7.000000,7.018751800,,gWA_sFM_cAll_d25_mWA0_ch01,,,,,0.154280580,,0.000000,,,,,,,,,,0.500000,beat-sync,1.600000,1.282051,,0.009447733,0.325088294,right_wrist_roll,5.541870403,right_wrist_yaw,0.325088294,right_wrist_roll,5.772601276,right_wrist_yaw,0.084472,-0.025678,0.870625,0.982936,0.000000000,0.000000000,0.000000000,0.000000000,0.000000000,0.000000000,6.104000,0.000158811,0.000000000,,12.385346,11.773581,456.211795,,0.003871245,0,1,0,0,,,,,,,warming_up,,,,,,,,,,,,,,WA:v1:k1:r0,,,,,,
7.064000,7.085639600,,gWA_sFM_cAll_d25_mWA0_ch01,,,,,0.156516867,,0.000000,,,,,,,,,,0.500000,beat-sync,1.600000,1.282051,,0.009002053,0.683793705,right_wrist_yaw,8.414935401,right_wrist_yaw,0.683793705,right_wrist_yaw,9.725123487,right_wrist_yaw,0.114131,0.032247,0.876424,0.794938,0.000000000,0.000000000,0.000000000,0.000000000,0.000000000,0.000000000,6.104000,0.000158811,0.000000000,,9.725123,9.188035,231.737959,,0.003839317,0,1,0,0,,,,,,,warming_up,,,,,,,,,,,,,,WA:v1:k1:r0,,,,,,
7.128000,7.135505100,,gWA_sFM_cAll_d25_mWA0_ch01,,,,,0.158178524,,0.000000,,,,,,,,,,0.500000,beat-sync,1.600000,1.145833,,0.007880937,1.121592638,right_wrist_yaw,14.903491098,right_wrist_roll,1.121592638,right_wrist_yaw,16.000000000,right_wrist_roll,0.137122,0.080847,0.888823,0.652976,0.000000000,0.000000000,0.000000000,0.000000000,0.000000000,0.000000000,7.096000,0.000000000,0.000000000,,16.504397,15.169278,488.229224,right_shoulder_roll;right_wrist_roll,0.003957038,0,1,0,0,,,,,,,warming_up,,,,,,,,,,,,,,WA:v1:k1:r0,,,,,,
7.160000,7.168652700,,gWA_sFM_cAll_d25_mWA0_ch01,,,,,0.159287774,,0.000000,,,,,,,,,,0.500000,beat-sync,1.600000,1.145833,,0.007638216,1.161047855,right_wrist_yaw,14.940937757,right_wrist_pitch,1.161047855,right_wrist_yaw,15.889509709,right_wrist_pitch,0.153653,0.105700,0.893795,0.549236,0.000000000,0.000000000,0.000000000,0.000000000,0.000000000,0.000000000,7.096000,0.000000000,0.000000000,,15.889510,15.115675,596.667150,,0.003940887,0,1,0,0,,,,,,,warming_up,,,,,,,,,,,,,,WA:v1:k1:r0,,,,,,
7.224000,7.235338200,,gWA_sFM_cAll_d25_mWA0_ch01,,,,,0.161507629,,0.000000,,,,,,,,,,0.500000,beat-sync,1.600000,1.145833,,0.007123503,1.198177013,right_wrist_yaw,14.931893349,right_wrist_pitch,1.198177013,right_wrist_yaw,15.825361614,right_wrist_pitch,0.162489,0.119879,0.895071,0.390452,0.000000000,0.000000000,0.000000000,0.000000000,0.000000000,0.000000000,7.096000,0.000000000,0.000000000,,15.825362,15.067379,750.947868,,0.003908977,0,1,0,0,,,,,,,warming_up,,,,,,,,,,,,,,WA:v1:k1:r0,,,,,,
7.224000,7.252341200,beat_limiter_result,gWA_sFM_cAll_d25_mWA0_ch01,,,,,0.162077928,,0.000000,,,,,,,,,,0.500000,beat-sync,1.600000,1.145833,,0.006986024,1.245208304,right_wrist_yaw,15.463714600,right_wrist_pitch,1.245208304,right_wrist_yaw,15.939574662,right_wrist_pitch,0.152492,0.114694,0.886363,0.400532,0.000000000,0.000000000,0.000000000,0.000000000,0.000000000,0.000000000,7.096000,0.000000000,0.000000000,,15.941014,15.160001,548.811594,,0.003901080,0,1,0,0,,,,,,,warming_up,,,,,,,,,,,,,,WA:v1:k1:r0,,,,,,
7.256000,7.286419500,,gWA_sFM_cAll_d25_mWA0_ch01,,,,,0.163181435,,0.000000,,,,,,,,,,0.500000,beat-sync,1.600000,1.145833,,0.006715001,0.882501010,right_wrist_yaw,15.004973263,right_wrist_pitch,0.882501010,right_wrist_yaw,15.293812200,right_wrist_pitch,0.128118,0.100312,0.879235,0.303627,0.000000000,0.000000000,0.000000000,0.000000000,0.000000000,0.000000000,7.096000,0.000000000,0.000000000,,15.297864,14.251969,486.221431,,0.003885381,0,1,0,0,,,,,,,warming_up,,,,,,,,,,,,,,WA:v1:k1:r0,,,,,,
7.320000,7.352085600,,gWA_sFM_cAll_d25_mWA0_ch01,,,,,0.165404632,,0.000000,,,,,,,,,,0.500000,beat-sync,1.600000,1.145833,,0.006151907,0.397950809,right_wrist_yaw,4.935706202,right_wrist_pitch,0.397950809,right_wrist_yaw,5.514447464,right_wrist_pitch,0.074339,0.065790,0.866385,0.101305,0.000000000,0.000000000,0.000000000,0.000000000,0.000000000,0.000000000,7.096000,0.000000000,0.000000000,,16.843919,15.170564,502.861946,left_shoulder_pitch;right_elbow;right_shoulder_pitch;right_shoulder_yaw,0.004542639,0,1,0,0,,,,,,,warming_up,,,,,,,,,,,,,,WA:v1:k1:r0,,,,,,
7.352000,7.368501300,,gWA_sFM_cAll_d25_mWA0_ch01,,,,,0.165956832,,0.000000,,,,,,,,,,0.500000,beat-sync,1.600000,1.145833,,0.006009091,0.436397199,right_wrist_yaw,6.039377964,right_wrist_roll,0.436397199,right_wrist_yaw,6.427276984,right_wrist_roll,0.063323,0.058375,0.865238,0.052702,0.000000000,0.000000000,0.000000000,0.000000000,0.000000000,0.000000000,7.096000,0.000000000,0.000000000,,16.716554,15.254831,620.744126,,0.004533590,0,1,0,0,,,,,,,warming_up,,,,,,,,,,,,,,WA:v1:k1:r0,,,,,,
7.416000,7.437916400,,gWA_sFM_cAll_d25_mWA0_ch01,,,,,0.168188459,,0.000000,,,,,,,,,,0.500000,beat-sync,1.600000,1.145833,,0.005422344,0.513108546,right_wrist_roll,3.332739669,right_wrist_roll,0.507467190,right_wrist_roll,3.152395041,right_wrist_roll,0.030358,0.035268,0.870519,-0.056382,0.000000000,0.000000000,0.000000000,0.000000000,0.000000000,0.000000000,7.096000,0.000000000,0.000000000,,4.917571,3.708505,636.041053,,0.004702194,1,1,0,0,,,,,,,warming_up,,,,,,,,,,,,,,WA:v1:k1:r0,,,,,,
7.480000,7.504823400,,gWA_sFM_cAll_d25_mWA0_ch01,,,,,0.170410268,,0.000000,,,,,,,,,,0.500000,beat-sync,1.600000,1.145833,,0.004826013,0.513283000,right_wrist_roll,0.002030134,left_wrist_roll,0.507489450,right_wrist_roll,0.000000000,left_wrist_yaw,0.030349,0.035254,0.870525,-0.056313,0.000000000,0.000000000,0.000000000,0.000000000,0.000000000,0.000000000,7.096000,0.000000000,0.000000000,,0.539651,0.000000,0.000000,,0.004665314,1,1,0,0,,,,,,,warming_up,,,,,,,,,,,,,,WA:v1:k1:r0,,,,,,
7.512000,7.537727100,,gWA_sFM_cAll_d25_mWA0_ch01,,,,,0.171525903,,0.000000,,,,,,,,,,0.500000,beat-sync,1.600000,1.145833,,0.004523030,0.513381055,right_wrist_roll,0.002395900,right_wrist_roll,0.507489450,right_wrist_roll,0.000000000,left_wrist_yaw,0.030349,0.035254,0.870525,-0.056313,0.000000000,0.000000000,0.000000000,0.000000000,0.000000000,0.000000000,7.096000,0.000000000,0.000000000,,0.593124,0.000000,0.000000,,0.004647091,1,1,0,0,,,,,,,warming_up,,,,,,,,,,,,,,WA:v1:k1:r0,,,,,,
7.576000,7.585591100,,gWA_sFM_cAll_d25_mWA0_ch01,,,,,0.173196880,,0.000000,,,,,,,,,,0.500000,beat-sync,1.600000,1.344086,,0.003107973,0.590447133,right_wrist_yaw,11.746265712,left_wrist_yaw,0.590447133,right_wrist_yaw,13.073612565,left_wrist_yaw,0.053695,0.011464,0.894604,-0.145333,0.000000000,0.000000000,0.000000000,0.000000000,0.000000000,0.000000000,7.512000,0.000000000,0.000000000,,14.328050,13.666879,898.826479,,0.004887847,0,1,0,0,,,,,,,warming_up,,,,,,,,,,,,,,WA:v1:k1:r0,,,,,,
7.608000,7.619930300,,gWA_sFM_cAll_d25_mWA0_ch01,,,,,0.174308025,,0.000000,,,,,,,,,,0.500000,beat-sync,1.600000,1.344086,,0.002841640,0.745530364,left_wrist_yaw,5.150617426,left_wrist_yaw,0.745530364,left_wrist_yaw,5.126461540,left_wrist_yaw,0.060429,0.009348,0.904204,-0.150167,0.000000000,0.000000000,0.000000000,0.000000000,0.000000000,0.000000000,7.512000,0.000000000,0.000000000,,14.140765,13.187232,180.082303,,0.004868939,0,1,0,0,,,,,,,warming_up,,,,,,,,,,,,,,WA:v1:k1:r0,,,,,,
7.672000,7.685220600,beat_limiter_result,gWA_sFM_cAll_d25_mWA0_ch01,,,,,0.176520735,,0.000000,,,,,,,,,,0.500000,beat-sync,1.600000,1.344086,,0.002346611,1.230281339,left_wrist_yaw,7.425959048,left_wrist_yaw,1.230281339,left_wrist_yaw,8.047726389,left_wrist_yaw,0.071854,0.007706,0.908594,-0.181629,0.000000000,0.000000000,0.000000000,0.000000000,0.000000000,0.000000000,7.512000,0.000000000,0.000000000,,9.506424,9.050795,514.477700,,0.004831557,0,1,0,0,,,,,,,warming_up,,,,,,,,,,,,,,WA:v1:k1:r0,,,,,,
7.704000,7.719103200,,gWA_sFM_cAll_d25_mWA0_ch01,,,,,0.177637474,,0.000000,,,,,,,,,,0.500000,beat-sync,1.600000,1.344086,,0.002111408,1.125962437,left_wrist_yaw,13.279201916,left_wrist_roll,1.125962437,left_wrist_yaw,13.872124252,left_wrist_roll,0.071225,0.004432,0.902041,-0.186742,0.000000000,0.000000000,0.000000000,0.000000000,0.000000000,0.000000000,7.512000,0.000000000,0.000000000,,15.775096,14.884593,615.085840,,0.004813081,0,1,0,0,,,,,,,warming_up,,,,,,,,,,,,,,WA:v1:k1:r0,,,,,,
7.768000,7.785976000,,gWA_sFM_cAll_d25_mWA0_ch01,,,,,0.179869344,,0.000000,,,,,,,,,,0.500000,beat-sync,1.600000,1.344086,,0.001664145,0.468074750,left_wrist_roll,15.239648861,left_wrist_yaw,0.468074750,left_wrist_roll,16.000000000,left_wrist_yaw,0.075216,-0.011710,0.907586,-0.212822,0.000000000,0.000000000,0.000000000,0.000000000,0.000000000,0.000000000,7.512000,0.000000000,0.000000000,,16.414427,15.209071,1012.359769,,0.004972846,0,1,0,0,,,,,,,warming_up,,,,,,,,,,,,,,WA:v1:k1:r0,,,,,,
7.800000,7.818568800,,gWA_sFM_cAll_d25_mWA0_ch01,,,,,0.180962097,,0.000000,,,,,,,,,,0.500000,beat-sync,1.584025,1.344086,,0.001458773,0.794056628,left_wrist_roll,11.182821235,right_wrist_roll,0.794056628,left_wrist_roll,11.688806280,right_wrist_roll,0.076396,-0.012486,0.903895,-0.212846,0.000000000,0.000000000,0.000000000,0.000000000,0.000000000,0.000000000,7.512000,0.000000000,0.000000000,,15.795341,15.064561,994.988915,,0.005019230,0,1,0,0,,,,,,,warming_up,,,,,,,,,,,,,,WA:v1:k1:r0,,,,,,
7.864000,7.885755800,,gWA_sFM_cAll_d25_mWA0_ch01,,,,,0.183123895,,0.000000,,,,,,,,,,0.500000,beat-sync,1.528983,1.344086,,0.001115990,0.640469022,left_wrist_roll,14.436798983,right_wrist_roll,0.640469022,left_wrist_roll,15.000643158,right_wrist_roll,0.085841,-0.009995,0.898693,-0.195975,0.000000000,0.000000000,0.000000000,0.000000000,0.000000000,0.000000000,7.512000,0.000000000,0.000000000,,15.003923,14.287253,602.747547,,0.005240344,0,1,0,0,,,,,,,warming_up,,,,,,,,,,,,,,WA:v1:k1:r0,,,,,,
7.928000,7.955094100,,gWA_sFM_cAll_d25_mWA0_ch01,,,,,0.185207122,,0.000000,,,,,,,,,,0.500000,beat-sync,1.486793,1.344086,,0.000855200,0.589171451,left_wrist_roll,0.001548071,right_wrist_roll,0.589803643,left_wrist_roll,0.000000000,left_wrist_yaw,0.088007,-0.011490,0.896671,-0.192385,0.000000000,0.000000000,0.000000000,0.000000000,0.000000000,0.000000000,7.512000,0.000000000,0.000000000,,0.106340,0.000000,0.000000,,0.005201310,1,1,0,0,,,,,,,warming_up,,,,,,,,,,,,,,WA:v1:k1:r0,,,,,,
7.960000,7.987749100,,gWA_sFM_cAll_d25_mWA0_ch01,,,,,0.186227082,,0.000000,,,,,,,,,,0.500000,beat-sync,1.469449,1.344086,,0.000748848,0.589063910,left_wrist_roll,0.002085278,right_wrist_roll,0.589803643,left_wrist_roll,0.000000000,left_wrist_yaw,0.088007,-0.011490,0.896671,-0.192385,0.000000000,0.000000000,0.000000000,0.000000000,0.000000000,0.000000000,7.512000,0.000000000,0.000000000,,0.149016,0.000000,0.000000,,0.005182010,1,1,0,0,,,,,,,warming_up,,,,,,,,,,,,,,WA:v1:k1:r0,,,,,,
8.024000,8.037197600,,gWA_sFM_cAll_d25_mWA0_ch01,,,,,0.187751829,,0.000000,,,,,,,,,,0.500000,beat-sync,1.447138,1.344086,,0.000612390,0.588994515,left_wrist_roll,0.001729666,right_wrist_roll,0.589803643,left_wrist_roll,0.000000000,left_wrist_yaw,0.088007,-0.011490,0.896671,-0.192385,0.000000000,0.000000000,0.000000000,0.000000000,0.000000000,0.000000000,7.512000,0.000000000,0.000000000,,0.128979,0.000000,0.000000,,0.005153327,1,1,0,0,,,,,,,warming_up,,,,,,,,,,,,,,WA:v1:k1:r0,,,,,,
8.056000,8.071757500,,gWA_sFM_cAll_d25_mWA0_ch01,,,,,0.188750847,,0.000000,,,,,,,,,,0.500000,beat-sync,1.434634,1.344086,,0.000535947,0.588923348,left_wrist_roll,0.000130434,left_wrist_roll,0.589803643,left_wrist_roll,0.000000000,left_wrist_yaw,0.088007,-0.011490,0.896671,-0.192385,0.000000000,0.000000000,0.000000000,0.000000000,0.000000000,0.000000000,7.512000,0.000000000,0.000000000,,0.128264,0.000000,0.000000,,0.005134381,1,1,0,0,,,,,,,warming_up,,,,,,,,,,,,,,WA:v1:k1:r0,,,,,,
8.120000,8.135566700,,gWA_sFM_cAll_d25_mWA0_ch01,,,,,0.190726262,,0.000000,,,,,,,,,,0.500000,beat-sync,1.413868,1.344086,,0.000410485,0.866661723,left_wrist_roll,8.159221645,left_wrist_yaw,0.866661723,left_wrist_roll,8.444353692,left_wrist_yaw,0.141743,0.002503,0.887643,-0.112630,0.000000000,0.000000000,0.000000000,0.000000000,0.000000000,0.000000000,7.512000,0.000000000,0.000000000,,14.140403,13.494579,559.471828,,0.005096904,0,1,0,0,,,,,,,warming_up,,,,,,,,,,,,,,WA:v1:k1:r0,,,,,,
8.152000,8.168911000,,gWA_sFM_cAll_d25_mWA0_ch01,,,,,0.191701132,,0.000000,,,,,,,,,,0.500000,beat-sync,1.405313,1.344086,,0.000359400,0.771248857,left_wrist_yaw,13.265711462,left_wrist_yaw,0.771248857,left_wrist_yaw,13.888412317,left_wrist_yaw,0.136928,0.002471,0.884007,-0.076583,0.000000000,0.000000000,0.000000000,0.000000000,0.000000000,0.000000000,7.512000,0.000000000,0.000000000,,13.900583,13.247582,392.359729,,0.005078370,0,1,0,0,,,,,,,warming_up,,,,,,,,,,,,,,WA:v1:k1:r0,,,,,,
8.216000,8.235782800,,gWA_sFM_cAll_d25_mWA0_ch01,,,,,0.193647326,,0.000000,,,,,,,,,,0.500000,beat-sync,1.391262,1.344086,,0.000275061,0.650385251,left_wrist_yaw,12.935580863,left_wrist_yaw,0.650385251,left_wrist_yaw,13.963549447,left_wrist_yaw,0.128562,-0.000169,0.881734,-0.094737,0.000000000,0.000000000,0.000000000,0.000000000,0.000000000,0.000000000,7.512000,0.000000000,0.000000000,,14.471972,13.807091,488.035517,,0.005041703,0,1,0,0,,,,,,,warming_up,,,,,,,,,,,,,,WA:v1:k1:r0,,,,,,
8.280000,8.302019300,,gWA_sFM_cAll_d25_mWA0_ch01,,,,,0.195562608,,0.000000,,,,,,,,,,0.500000,beat-sync,1.380428,1.344086,,0.000210929,0.523963116,left_wrist_yaw,7.056818157,left_wrist_pitch,0.523963116,left_wrist_yaw,7.852530810,left_wrist_pitch,0.124723,-0.005203,0.879105,-0.108502,0.000000000,0.000000000,0.000000000,0.000000000,0.000000000,0.000000000,7.512000,0.000000000,0.000000000,,14.415352,13.700150,260.586025,,0.005005562,0,1,0,0,,,,,,,warming_up,,,,,,,,,,,,,,WA:v1:k1:r0,,,,,,
8.312000,8.348166900,match,gWA_sFM_cAll_d25_mWA0_ch01,,,,,0.196513095,,0.000000,,,,,,,,,,0.500000,beat-sync,1.376007,1.344086,,0.000184766,0.434250841,left_wrist_yaw,5.324584510,right_wrist_roll,0.434250841,left_wrist_yaw,5.036954273,right_wrist_roll,0.114029,-0.007076,0.881231,-0.089713,0.000000000,0.000000000,0.000000000,0.000000000,0.000000000,0.000000000,7.512000,0.000000000,0.000000000,,12.220869,7.307387,239.856764,,0.004987685,0,1,0,0,,,,,,,accepted,0.569834,,0.841721,0.194018996,30.456488,0.021137,BR,0.730476,0.268274,0.023751,BR0:0.978288;BR1:0.710015;BR4:0.659388;LH0:0.641914;BR3:0.627952,gBR_sBM_cAll_d04_mBR0_ch03:0.929381;gBR_sBM_cAll_d04_mBR0_ch05:0.905630;gBR_sBM_cAll_d05_mBR0_ch05:0.903401;gBR_sBM_cAll_d05_mBR0_ch03:0.899435;gBR_sBM_cAll_d05_mBR0_ch09:0.898986;gBR_sBM_cAll_d04_mBR0_ch04:0.889029;gBR_sBM_cAll_d05_mBR0_ch01:0.887535;gBR_sBM_cAll_d04_mBR0_ch01:0.884301;gBR_sBM_cAll_d05_mBR0_ch04:0.883490;gBR_sBM_cAll_d05_mBR0_ch02:0.882600,Electronic---Drum n Bass:0.134455;Electronic---Downtempo:0.111264;Hip Hop---Trip Hop:0.081362;Hip Hop---Instrumental:0.079864;Electronic---Hip Hop:0.076568,WA:v1:k1:r0,,BR0,0.978288,gBR_sBM_cAll_d04_mBR0_ch03,0.929381,107.142857
8.344000,8.411886500,match,gWA_sFM_cAll_d25_mWA0_ch01,,,,,0.197957752,,0.000000,,,,,,,,,,0.500000,beat-sync,1.370276,1.344086,,0.000150970,0.693995730,right_wrist_roll,7.524308860,left_wrist_pitch,0.693995730,right_wrist_roll,4.000477119,left_wrist_pitch,0.120649,-0.005976,0.879740,-0.103672,0.000000000,0.000000000,0.000000000,0.000000000,0.000000000,0.000000000,7.512000,0.000000000,0.000000000,,5.027051,4.847786,299.695962,,0.005879831,0,1,0,0,,,,,,,accepted,0.577454,,0.832695,0.198936343,28.051155,0.027304,MH,0.713370,0.278703,0.006159,BR0:0.965989;BR1:0.687285;BR4:0.647479;LH0:0.635974;BR3:0.635321,gMH_sBM_cAll_d24_mMH3_ch08:0.629022;gMH_sBM_cAll_d22_mMH3_ch08:0.622863;gMH_sBM_cAll_d23_mMH1_ch01:0.621747;gMH_sBM_cAll_d22_mMH3_ch09:0.620901;gMH_sBM_cAll_d24_mMH3_ch05:0.620221;gMH_sBM_cAll_d24_mMH3_ch09:0.620128;gMH_sBM_cAll_d24_mMH3_ch01:0.618852;gMH_sBM_cAll_d22_mMH0_ch01:0.613260;gMH_sBM_cAll_d22_mMH3_ch04:0.612755;gMH_sBM_cAll_d23_mMH0_ch01:0.611496,Hip Hop---Instrumental:0.096803;Electronic---Drum n Bass:0.091894;Electronic---Downtempo:0.091401;Hip Hop---Jazzy Hip-Hop:0.089000;Hip Hop---Trip Hop:0.078594,WA:v1:k1:r0,,BR0,0.965989,gMH_sBM_cAll_d24_mMH3_ch08,0.629022,107.142857
8.408000,8.435255000,,gWA_sFM_cAll_d25_mWA0_ch01,,,,,0.199250368,,0.000000,,,,,,,,,,0.500000,beat-sync,1.367515,1.344086,,0.000125930,0.556778442,left_wrist_yaw,26.061310143,left_wrist_roll,0.556778442,left_wrist_yaw,16.000000000,left_wrist_roll,0.120129,-0.003516,0.875215,-0.054824,0.000000000,0.000000000,0.000000000,0.000000000,0.000000000,0.000000000,7.512000,0.000000000,0.000000000,,25.999714,14.934353,821.824553,left_elbow;left_wrist_roll;right_elbow,0.006052825,0,1,0,0,,,88.866900,,,,accepted,0.577454,,0.832695,0.198936343,28.051155,0.027304,MH,0.713370,0.278703,0.006159,BR0:0.965989;BR1:0.687285;BR4:0.647479;LH0:0.635974;BR3:0.635321,gMH_sBM_cAll_d24_mMH3_ch08:0.629022;gMH_sBM_cAll_d22_mMH3_ch08:0.622863;gMH_sBM_cAll_d23_mMH1_ch01:0.621747;gMH_sBM_cAll_d22_mMH3_ch09:0.620901;gMH_sBM_cAll_d24_mMH3_ch05:0.620221;gMH_sBM_cAll_d24_mMH3_ch09:0.620128;gMH_sBM_cAll_d24_mMH3_ch01:0.618852;gMH_sBM_cAll_d22_mMH0_ch01:0.613260;gMH_sBM_cAll_d22_mMH3_ch04:0.612755;gMH_sBM_cAll_d23_mMH0_ch01:0.611496,Hip Hop---Instrumental:0.096803;Electronic---Drum n Bass:0.091894;Electronic---Downtempo:0.091401;Hip Hop---Jazzy Hip-Hop:0.089000;Hip Hop---Trip Hop:0.078594,WA:v1:k1:r0,,BR0,0.965989,gMH_sBM_cAll_d24_mMH3_ch08,0.629022,107.142857
8.472000,8.513441100,,gWA_sFM_cAll_d25_mWA0_ch01,,,,,0.201128451,,0.000000,,,,,,,,,,0.500000,beat-sync,1.360995,1.344086,,0.000096670,0.122174964,right_wrist_roll,8.761785100,left_wrist_yaw,0.122174964,right_wrist_roll,4.936272578,left_wrist_yaw,0.125755,-0.000648,0.871446,-0.053532,0.000000000,0.000000000,0.000000000,0.000000000,0.000000000,0.000000000,7.512000,0.000000000,0.000000000,,14.030116,13.001526,250.978607,,0.006253035,0,1,0,0,,,70.237600,,,,accepted,0.577454,,0.832695,0.198936343,28.051155,0.027304,MH,0.713370,0.278703,0.006159,BR0:0.965989;BR1:0.687285;BR4:0.647479;LH0:0.635974;BR3:0.635321,gMH_sBM_cAll_d24_mMH3_ch08:0.629022;gMH_sBM_cAll_d22_mMH3_ch08:0.622863;gMH_sBM_cAll_d23_mMH1_ch01:0.621747;gMH_sBM_cAll_d22_mMH3_ch09:0.620901;gMH_sBM_cAll_d24_mMH3_ch05:0.620221;gMH_sBM_cAll_d24_mMH3_ch09:0.620128;gMH_sBM_cAll_d24_mMH3_ch01:0.618852;gMH_sBM_cAll_d22_mMH0_ch01:0.613260;gMH_sBM_cAll_d22_mMH3_ch04:0.612755;gMH_sBM_cAll_d23_mMH0_ch01:0.611496,Hip Hop---Instrumental:0.096803;Electronic---Drum n Bass:0.091894;Electronic---Downtempo:0.091401;Hip Hop---Jazzy Hip-Hop:0.089000;Hip Hop---Trip Hop:0.078594,WA:v1:k1:r0,,BR0,0.965989,gMH_sBM_cAll_d24_mMH3_ch08,0.629022,107.142857
8.504000,8.534016900,,gWA_sFM_cAll_d25_mWA0_ch01,,,,,0.202119920,,0.000000,,,,,,,,,,0.500000,beat-sync,1.359461,1.344086,,0.000084047,0.226848024,right_wrist_yaw,12.021519777,right_wrist_yaw,0.226848024,right_wrist_yaw,10.819729179,right_wrist_yaw,0.124942,-0.000784,0.871509,-0.069264,0.000000000,0.000000000,0.000000000,0.000000000,0.000000000,0.000000000,7.512000,0.000000000,0.000000000,,14.145600,13.174543,358.108251,,0.006242046,0,1,0,0,,,70.237600,,,,accepted,0.577454,,0.832695,0.198936343,28.051155,0.027304,MH,0.713370,0.278703,0.006159,BR0:0.965989;BR1:0.687285;BR4:0.647479;LH0:0.635974;BR3:0.635321,gMH_sBM_cAll_d24_mMH3_ch08:0.629022;gMH_sBM_cAll_d22_mMH3_ch08:0.622863;gMH_sBM_cAll_d23_mMH1_ch01:0.621747;gMH_sBM_cAll_d22_mMH3_ch09:0.620901;gMH_sBM_cAll_d24_mMH3_ch05:0.620221;gMH_sBM_cAll_d24_mMH3_ch09:0.620128;gMH_sBM_cAll_d24_mMH3_ch01:0.618852;gMH_sBM_cAll_d22_mMH0_ch01:0.613260;gMH_sBM_cAll_d22_mMH3_ch04:0.612755;gMH_sBM_cAll_d23_mMH0_ch01:0.611496,Hip Hop---Instrumental:0.096803;Electronic---Drum n Bass:0.091894;Electronic---Downtempo:0.091401;Hip Hop---Jazzy Hip-Hop:0.089000;Hip Hop---Trip Hop:0.078594,WA:v1:k1:r0,,BR0,0.965989,gMH_sBM_cAll_d24_mMH3_ch08,0.629022,107.142857
8.568000,8.622397900,,gWA_sFM_cAll_d25_mWA0_ch01,,,,,0.203996633,,0.000000,,,,,,,,,,0.500000,beat-sync,1.355439,1.344086,,0.000064454,0.332221055,right_wrist_yaw,0.523866932,right_wrist_roll,0.332221055,right_wrist_yaw,0.242775111,right_wrist_roll,0.128592,-0.001317,0.870750,-0.077259,0.000000000,0.000000000,0.000000000,0.000000000,0.000000000,0.000000000,7.512000,0.000000000,0.000000000,,0.702027,0.671775,33.295134,,0.006198471,0,1,0,0,,,78.932900,,,,accepted,0.577454,,0.832695,0.198936343,28.051155,0.027304,MH,0.713370,0.278703,0.006159,BR0:0.965989;BR1:0.687285;BR4:0.647479;LH0:0.635974;BR3:0.635321,gMH_sBM_cAll_d24_mMH3_ch08:0.629022;gMH_sBM_cAll_d22_mMH3_ch08:0.622863;gMH_sBM_cAll_d23_mMH1_ch01:0.621747;gMH_sBM_cAll_d22_mMH3_ch09:0.620901;gMH_sBM_cAll_d24_mMH3_ch05:0.620221;gMH_sBM_cAll_d24_mMH3_ch09:0.620128;gMH_sBM_cAll_d24_mMH3_ch01:0.618852;gMH_sBM_cAll_d22_mMH0_ch01:0.613260;gMH_sBM_cAll_d22_mMH3_ch04:0.612755;gMH_sBM_cAll_d23_mMH0_ch01:0.611496,Hip Hop---Instrumental:0.096803;Electronic---Drum n Bass:0.091894;Electronic---Downtempo:0.091401;Hip Hop---Jazzy Hip-Hop:0.089000;Hip Hop---Trip Hop:0.078594,WA:v1:k1:r0,,BR0,0.965989,gMH_sBM_cAll_d24_mMH3_ch08,0.629022,107.142857
8.632000,8.642259100,,gWA_sFM_cAll_d25_mWA0_ch01,,,,,0.205197206,,0.000000,,,,,,,,,,0.500000,beat-sync,1.354279,1.344086,,0.000054373,0.337056842,right_wrist_yaw,1.207734522,left_wrist_roll,0.337056842,right_wrist_yaw,1.083737601,left_wrist_roll,0.131378,-0.002695,0.871385,-0.077862,0.000000000,0.000000000,0.000000000,0.000000000,0.000000000,0.000000000,7.512000,0.000000000,0.000000000,,3.147773,2.873321,108.196344,,0.006187673,0,1,0,0,,,78.932900,,,,accepted,0.577454,,0.832695,0.198936343,28.051155,0.027304,MH,0.713370,0.278703,0.006159,BR0:0.965989;BR1:0.687285;BR4:0.647479;LH0:0.635974;BR3:0.635321,gMH_sBM_cAll_d24_mMH3_ch08:0.629022;gMH_sBM_cAll_d22_mMH3_ch08:0.622863;gMH_sBM_cAll_d23_mMH1_ch01:0.621747;gMH_sBM_cAll_d22_mMH3_ch09:0.620901;gMH_sBM_cAll_d24_mMH3_ch05:0.620221;gMH_sBM_cAll_d24_mMH3_ch09:0.620128;gMH_sBM_cAll_d24_mMH3_ch01:0.618852;gMH_sBM_cAll_d22_mMH0_ch01:0.613260;gMH_sBM_cAll_d22_mMH3_ch04:0.612755;gMH_sBM_cAll_d23_mMH0_ch01:0.611496,Hip Hop---Instrumental:0.096803;Electronic---Drum n Bass:0.091894;Electronic---Downtempo:0.091401;Hip Hop---Jazzy Hip-Hop:0.089000;Hip Hop---Trip Hop:0.078594,WA:v1:k1:r0,,BR0,0.965989,gMH_sBM_cAll_d24_mMH3_ch08,0.629022,107.142857
8.664000,8.677826300,,gWA_sFM_cAll_d25_mWA0_ch01,,,,,0.206139470,,0.000000,,,,,,,,,,0.500000,beat-sync,1.352519,1.344086,,0.000047571,0.358330645,right_wrist_yaw,0.804317200,right_wrist_yaw,0.358330645,right_wrist_yaw,0.832626502,right_wrist_yaw,0.131360,-0.004283,0.872038,-0.079684,0.000000000,0.000000000,0.000000000,0.000000000,0.000000000,0.000000000,7.512000,0.000000000,0.000000000,,1.168347,1.086195,33.559879,,0.006166188,0,1,0,0,,,72.794200,,,,accepted,0.577454,,0.832695,0.198936343,28.051155,0.027304,MH,0.713370,0.278703,0.006159,BR0:0.965989;BR1:0.687285;BR4:0.647479;LH0:0.635974;BR3:0.635321,gMH_sBM_cAll_d24_mMH3_ch08:0.629022;gMH_sBM_cAll_d22_mMH3_ch08:0.622863;gMH_sBM_cAll_d23_mMH1_ch01:0.621747;gMH_sBM_cAll_d22_mMH3_ch09:0.620901;gMH_sBM_cAll_d24_mMH3_ch05:0.620221;gMH_sBM_cAll_d24_mMH3_ch09:0.620128;gMH_sBM_cAll_d24_mMH3_ch01:0.618852;gMH_sBM_cAll_d22_mMH0_ch01:0.613260;gMH_sBM_cAll_d22_mMH3_ch04:0.612755;gMH_sBM_cAll_d23_mMH0_ch01:0.611496,Hip Hop---Instrumental:0.096803;Electronic---Drum n Bass:0.091894;Electronic---Downtempo:0.091401;Hip Hop---Jazzy Hip-Hop:0.089000;Hip Hop---Trip Hop:0.078594,WA:v1:k1:r0,,BR0,0.965989,gMH_sBM_cAll_d24_mMH3_ch08,0.629022,107.142857
8.728000,8.746634100,,gWA_sFM_cAll_d25_mWA0_ch01,,,,,0.208133426,,0.000000,,,,,,,,,,0.500000,beat-sync,1.350769,1.344086,,0.000035841,0.336825913,right_wrist_yaw,16.670793533,left_wrist_yaw,0.336825913,right_wrist_yaw,15.327689420,left_wrist_yaw,0.133544,-0.002529,0.873377,-0.105688,0.000000000,0.000000000,0.000000000,0.000000000,0.000000000,0.000000000,7.512000,0.000000000,0.000000000,,15.327689,14.143373,630.638500,,0.006134239,0,1,0,0,,,69.643500,,,,accepted,0.577454,,0.832695,0.198936343,28.051155,0.027304,MH,0.713370,0.278703,0.006159,BR0:0.965989;BR1:0.687285;BR4:0.647479;LH0:0.635974;BR3:0.635321,gMH_sBM_cAll_d24_mMH3_ch08:0.629022;gMH_sBM_cAll_d22_mMH3_ch08:0.622863;gMH_sBM_cAll_d23_mMH1_ch01:0.621747;gMH_sBM_cAll_d22_mMH3_ch09:0.620901;gMH_sBM_cAll_d24_mMH3_ch05:0.620221;gMH_sBM_cAll_d24_mMH3_ch09:0.620128;gMH_sBM_cAll_d24_mMH3_ch01:0.618852;gMH_sBM_cAll_d22_mMH0_ch01:0.613260;gMH_sBM_cAll_d22_mMH3_ch04:0.612755;gMH_sBM_cAll_d23_mMH0_ch01:0.611496,Hip Hop---Instrumental:0.096803;Electronic---Drum n Bass:0.091894;Electronic---Downtempo:0.091401;Hip Hop---Jazzy Hip-Hop:0.089000;Hip Hop---Trip Hop:0.078594,WA:v1:k1:r0,,BR0,0.965989,gMH_sBM_cAll_d24_mMH3_ch08,0.629022,107.142857
8.760000,8.789117100,,gWA_sFM_cAll_d25_mWA0_ch01,,,,,0.209100792,,0.000000,,,,,,,,,,0.500000,beat-sync,1.314049,0.813356,,-0.009620619,0.500127876,left_wrist_yaw,11.331567364,left_wrist_yaw,0.500127876,left_wrist_yaw,13.989900225,left_wrist_yaw,0.136136,-0.002845,0.872981,-0.111378,0.000000000,0.000000000,0.000000000,0.000000000,0.000000000,0.000000000,8.760000,0.000000000,0.000000000,,13.989900,12.419980,287.904782,,0.006113122,0,1,0,0,,,57.777400,,,,accepted,0.577454,,0.832695,0.198936343,28.051155,0.027304,MH,0.713370,0.278703,0.006159,BR0:0.965989;BR1:0.687285;BR4:0.647479;LH0:0.635974;BR3:0.635321,gMH_sBM_cAll_d24_mMH3_ch08:0.629022;gMH_sBM_cAll_d22_mMH3_ch08:0.622863;gMH_sBM_cAll_d23_mMH1_ch01:0.621747;gMH_sBM_cAll_d22_mMH3_ch09:0.620901;gMH_sBM_cAll_d24_mMH3_ch05:0.620221;gMH_sBM_cAll_d24_mMH3_ch09:0.620128;gMH_sBM_cAll_d24_mMH3_ch01:0.618852;gMH_sBM_cAll_d22_mMH0_ch01:0.613260;gMH_sBM_cAll_d22_mMH3_ch04:0.612755;gMH_sBM_cAll_d23_mMH0_ch01:0.611496,Hip Hop---Instrumental:0.096803;Electronic---Drum n Bass:0.091894;Electronic---Downtempo:0.091401;Hip Hop---Jazzy Hip-Hop:0.089000;Hip Hop---Trip Hop:0.078594,WA:v1:k1:r0,,BR0,0.965989,gMH_sBM_cAll_d24_mMH3_ch08,0.629022,107.142857
8.824000,8.845252400,,gWA_sFM_cAll_d25_mWA0_ch01,,,,,0.210774644,,0.000000,,,,,,,,,,0.500000,beat-sync,1.183773,0.813356,,-0.009636842,0.530586203,left_wrist_yaw,9.421415379,left_wrist_yaw,0.530586203,left_wrist_yaw,10.035187519,left_wrist_yaw,0.124746,-0.004915,0.879343,-0.135392,0.000000000,0.000000000,0.000000000,0.000000000,0.000000000,0.000000000,8.760000,0.000000000,0.000000000,,11.829691,11.171629,495.655917,,0.006071323,0,1,0,0,,,53.686200,,,,accepted,0.577454,,0.832695,0.198936343,28.051155,0.027304,MH,0.713370,0.278703,0.006159,BR0:0.965989;BR1:0.687285;BR4:0.647479;LH0:0.635974;BR3:0.635321,gMH_sBM_cAll_d24_mMH3_ch08:0.629022;gMH_sBM_cAll_d22_mMH3_ch08:0.622863;gMH_sBM_cAll_d23_mMH1_ch01:0.621747;gMH_sBM_cAll_d22_mMH3_ch09:0.620901;gMH_sBM_cAll_d24_mMH3_ch05:0.620221;gMH_sBM_cAll_d24_mMH3_ch09:0.620128;gMH_sBM_cAll_d24_mMH3_ch01:0.618852;gMH_sBM_cAll_d22_mMH0_ch01:0.613260;gMH_sBM_cAll_d22_mMH3_ch04:0.612755;gMH_sBM_cAll_d23_mMH0_ch01:0.611496,Hip Hop---Instrumental:0.096803;Electronic---Drum n Bass:0.091894;Electronic---Downtempo:0.091401;Hip Hop---Jazzy Hip-Hop:0.089000;Hip Hop---Trip Hop:0.078594,WA:v1:k1:r0,,BR0,0.965989,gMH_sBM_cAll_d24_mMH3_ch08,0.629022,107.142857
8.856000,8.878458400,,gWA_sFM_cAll_d25_mWA0_ch01,,,,,0.211565665,,0.000000,,,,,,,,,,0.500000,beat-sync,1.116829,0.813356,,-0.009633985,0.220918172,left_wrist_yaw,8.334957956,left_wrist_yaw,0.220918172,left_wrist_yaw,8.787589096,left_wrist_yaw,0.111223,-0.008875,0.887263,-0.161672,0.000000000,0.000000000,0.000000000,0.000000000,0.000000000,0.000000000,8.760000,0.000000000,0.000000000,,11.210274,10.711823,305.713283,,0.006050637,0,1,0,0,,,53.686200,,,,accepted,0.577454,,0.832695,0.198936343,28.051155,0.027304,MH,0.713370,0.278703,0.006159,BR0:0.965989;BR1:0.687285;BR4:0.647479;LH0:0.635974;BR3:0.635321,gMH_sBM_cAll_d24_mMH3_ch08:0.629022;gMH_sBM_cAll_d22_mMH3_ch08:0.622863;gMH_sBM_cAll_d23_mMH1_ch01:0.621747;gMH_sBM_cAll_d22_mMH3_ch09:0.620901;gMH_sBM_cAll_d24_mMH3_ch05:0.620221;gMH_sBM_cAll_d24_mMH3_ch09:0.620128;gMH_sBM_cAll_d24_mMH3_ch01:0.618852;gMH_sBM_cAll_d22_mMH0_ch01:0.613260;gMH_sBM_cAll_d22_mMH3_ch04:0.612755;gMH_sBM_cAll_d23_mMH0_ch01:0.611496,Hip Hop---Instrumental:0.096803;Electronic---Drum n Bass:0.091894;Electronic---Downtempo:0.091401;Hip Hop---Jazzy Hip-Hop:0.089000;Hip Hop---Trip Hop:0.078594,WA:v1:k1:r0,,BR0,0.965989,gMH_sBM_cAll_d24_mMH3_ch08,0.629022,107.142857
8.888000,8.913363100,beat_limiter_result,gWA_sFM_cAll_d25_mWA0_ch01,,,,,0.212308160,,0.000000,,,,,,,,,,0.500000,beat-sync,1.050055,0.813356,,-0.009616429,0.167026701,left_wrist_roll,8.823874416,left_wrist_yaw,0.167026701,left_wrist_roll,8.843861543,left_wrist_yaw,0.101091,-0.009677,0.893109,-0.196894,0.000000000,0.000000000,0.000000000,0.000000000,0.000000000,0.000000000,8.760000,0.000000000,0.000000000,,10.070999,9.480848,515.144495,,0.006030092,0,1,0,0,,,53.686200,,,,accepted,0.577454,,0.832695,0.198936343,28.051155,0.027304,MH,0.713370,0.278703,0.006159,BR0:0.965989;BR1:0.687285;BR4:0.647479;LH0:0.635974;BR3:0.635321,gMH_sBM_cAll_d24_mMH3_ch08:0.629022;gMH_sBM_cAll_d22_mMH3_ch08:0.622863;gMH_sBM_cAll_d23_mMH1_ch01:0.621747;gMH_sBM_cAll_d22_mMH3_ch09:0.620901;gMH_sBM_cAll_d24_mMH3_ch05:0.620221;gMH_sBM_cAll_d24_mMH3_ch09:0.620128;gMH_sBM_cAll_d24_mMH3_ch01:0.618852;gMH_sBM_cAll_d22_mMH0_ch01:0.613260;gMH_sBM_cAll_d22_mMH3_ch04:0.612755;gMH_sBM_cAll_d23_mMH0_ch01:0.611496,Hip Hop---Instrumental:0.096803;Electronic---Drum n Bass:0.091894;Electronic---Downtempo:0.091401;Hip Hop---Jazzy Hip-Hop:0.089000;Hip Hop---Trip Hop:0.078594,WA:v1:k1:r0,,BR0,0.965989,gMH_sBM_cAll_d24_mMH3_ch08,0.629022,107.142857
8.920000,8.944957100,,gWA_sFM_cAll_d25_mWA0_ch01,,,,,0.212998064,,0.000000,,,,,,,,,,0.500000,beat-sync,0.983899,0.813356,,-0.009580184,0.320597417,left_wrist_yaw,8.166381670,left_wrist_yaw,0.320597417,left_wrist_yaw,8.462010467,left_wrist_yaw,0.099201,-0.010507,0.895905,-0.219450,0.000000000,0.000000000,0.000000000,0.000000000,0.000000000,0.000000000,8.760000,0.000000000,0.000000000,,9.618699,9.203072,186.878688,,0.006009686,0,1,0,0,,,53.686200,,,,accepted,0.577454,,0.832695,0.198936343,28.051155,0.027304,MH,0.713370,0.278703,0.006159,BR0:0.965989;BR1:0.687285;BR4:0.647479;LH0:0.635974;BR3:0.635321,gMH_sBM_cAll_d24_mMH3_ch08:0.629022;gMH_sBM_cAll_d22_mMH3_ch08:0.622863;gMH_sBM_cAll_d23_mMH1_ch01:0.621747;gMH_sBM_cAll_d22_mMH3_ch09:0.620901;gMH_sBM_cAll_d24_mMH3_ch05:0.620221;gMH_sBM_cAll_d24_mMH3_ch09:0.620128;gMH_sBM_cAll_d24_mMH3_ch01:0.618852;gMH_sBM_cAll_d22_mMH0_ch01:0.613260;gMH_sBM_cAll_d22_mMH3_ch04:0.612755;gMH_sBM_cAll_d23_mMH0_ch01:0.611496,Hip Hop---Instrumental:0.096803;Electronic---Drum n Bass:0.091894;Electronic---Downtempo:0.091401;Hip Hop---Jazzy Hip-Hop:0.089000;Hip Hop---Trip Hop:0.078594,WA:v1:k1:r0,,BR0,0.965989,gMH_sBM_cAll_d24_mMH3_ch08,0.629022,107.142857
8.952000,8.978568200,,gWA_sFM_cAll_d25_mWA0_ch01,,,,,0.213648230,,0.000000,,,,,,,,,,0.500000,beat-sync,0.917104,0.813356,,-0.009520647,0.558874815,left_wrist_yaw,5.960154214,left_wrist_yaw,0.558874815,left_wrist_yaw,6.929606109,left_wrist_yaw,0.102360,-0.009140,0.898301,-0.207368,0.000000000,0.000000000,0.000000000,0.000000000,0.000000000,0.000000000,8.760000,0.000000000,0.000000000,,9.755287,9.183700,125.324670,,0.005989417,0,1,0,0,,,53.686200,,,,accepted,0.577454,,0.832695,0.198936343,28.051155,0.027304,MH,0.713370,0.278703,0.006159,BR0:0.965989;BR1:0.687285;BR4:0.647479;LH0:0.635974;BR3:0.635321,gMH_sBM_cAll_d24_mMH3_ch08:0.629022;gMH_sBM_cAll_d22_mMH3_ch08:0.622863;gMH_sBM_cAll_d23_mMH1_ch01:0.621747;gMH_sBM_cAll_d22_mMH3_ch09:0.620901;gMH_sBM_cAll_d24_mMH3_ch05:0.620221;gMH_sBM_cAll_d24_mMH3_ch09:0.620128;gMH_sBM_cAll_d24_mMH3_ch01:0.618852;gMH_sBM_cAll_d22_mMH0_ch01:0.613260;gMH_sBM_cAll_d22_mMH3_ch04:0.612755;gMH_sBM_cAll_d23_mMH0_ch01:0.611496,Hip Hop---Instrumental:0.096803;Electronic---Drum n Bass:0.091894;Electronic---Downtempo:0.091401;Hip Hop---Jazzy Hip-Hop:0.089000;Hip Hop---Trip Hop:0.078594,WA:v1:k1:r0,,BR0,0.965989,gMH_sBM_cAll_d24_mMH3_ch08,0.629022,107.142857
9.016000,9.028283300,,gWA_sFM_cAll_d25_mWA0_ch01,,,,,0.214531375,,0.000000,,,,,,,,,,0.500000,beat-sync,0.817512,0.813356,,-0.009382204,0.717690078,left_wrist_yaw,4.328607018,left_wrist_roll,0.717690078,left_wrist_yaw,4.959505744,left_wrist_roll,0.108077,-0.008470,0.898425,-0.166486,0.000000000,0.000000000,0.000000000,0.000000000,0.000000000,0.000000000,8.760000,0.000000000,0.000000000,,8.578922,8.081944,76.683871,,0.005959269,0,1,0,0,,,53.686200,,,,accepted,0.577454,,0.832695,0.198936343,28.051155,0.027304,MH,0.713370,0.278703,0.006159,BR0:0.965989;BR1:0.687285;BR4:0.647479;LH0:0.635974;BR3:0.635321,gMH_sBM_cAll_d24_mMH3_ch08:0.629022;gMH_sBM_cAll_d22_mMH3_ch08:0.622863;gMH_sBM_cAll_d23_mMH1_ch01:0.621747;gMH_sBM_cAll_d22_mMH3_ch09:0.620901;gMH_sBM_cAll_d24_mMH3_ch05:0.620221;gMH_sBM_cAll_d24_mMH3_ch09:0.620128;gMH_sBM_cAll_d24_mMH3_ch01:0.618852;gMH_sBM_cAll_d22_mMH0_ch01:0.613260;gMH_sBM_cAll_d22_mMH3_ch04:0.612755;gMH_sBM_cAll_d23_mMH0_ch01:0.611496,Hip Hop---Instrumental:0.096803;Electronic---Drum n Bass:0.091894;Electronic---Downtempo:0.091401;Hip Hop---Jazzy Hip-Hop:0.089000;Hip Hop---Trip Hop:0.078594,WA:v1:k1:r0,,BR0,0.965989,gMH_sBM_cAll_d24_mMH3_ch08,0.629022,107.142857
9.080000,9.095205100,,gWA_sFM_cAll_d25_mWA0_ch01,,,,,0.215554842,,0.000000,,,,,,,,,,0.500000,beat-sync,0.683726,0.813356,,-0.009088511,0.733910767,left_wrist_yaw,2.017520154,left_wrist_roll,0.733910767,left_wrist_yaw,2.092585377,left_wrist_roll,0.122336,-0.006725,0.892885,-0.116696,0.000000000,0.000000000,0.000000000,0.000000000,0.000000000,0.000000000,8.760000,0.000000000,0.000000000,,3.854828,3.686963,106.956759,,0.005919540,0,1,0,0,,,53.686200,,,,accepted,0.577454,,0.832695,0.198936343,28.051155,0.027304,MH,0.713370,0.278703,0.006159,BR0:0.965989;BR1:0.687285;BR4:0.647479;LH0:0.635974;BR3:0.635321,gMH_sBM_cAll_d24_mMH3_ch08:0.629022;gMH_sBM_cAll_d22_mMH3_ch08:0.622863;gMH_sBM_cAll_d23_mMH1_ch01:0.621747;gMH_sBM_cAll_d22_mMH3_ch09:0.620901;gMH_sBM_cAll_d24_mMH3_ch05:0.620221;gMH_sBM_cAll_d24_mMH3_ch09:0.620128;gMH_sBM_cAll_d24_mMH3_ch01:0.618852;gMH_sBM_cAll_d22_mMH0_ch01:0.613260;gMH_sBM_cAll_d22_mMH3_ch04:0.612755;gMH_sBM_cAll_d23_mMH0_ch01:0.611496,Hip Hop---Instrumental:0.096803;Electronic---Drum n Bass:0.091894;Electronic---Downtempo:0.091401;Hip Hop---Jazzy Hip-Hop:0.089000;Hip Hop---Trip Hop:0.078594,WA:v1:k1:r0,,BR0,0.965989,gMH_sBM_cAll_d24_mMH3_ch08,0.629022,107.142857
9.112000,9.129305400,,gWA_sFM_cAll_d25_mWA0_ch01,,,,,0.215993116,,0.000000,,,,,,,,,,0.500000,beat-sync,0.617407,0.813356,,-0.008892484,0.754248434,left_wrist_yaw,1.547041386,right_wrist_pitch,0.754248434,left_wrist_yaw,1.587246336,right_wrist_pitch,0.129041,-0.006214,0.888111,-0.102701,0.000000000,0.000000000,0.000000000,0.000000000,0.000000000,0.000000000,8.760000,0.000000000,0.000000000,,4.086777,3.792453,96.097779,,0.005899874,0,1,0,0,,,53.686200,,,,accepted,0.577454,,0.832695,0.198936343,28.051155,0.027304,MH,0.713370,0.278703,0.006159,BR0:0.965989;BR1:0.687285;BR4:0.647479;LH0:0.635974;BR3:0.635321,gMH_sBM_cAll_d24_mMH3_ch08:0.629022;gMH_sBM_cAll_d22_mMH3_ch08:0.622863;gMH_sBM_cAll_d23_mMH1_ch01:0.621747;gMH_sBM_cAll_d22_mMH3_ch09:0.620901;gMH_sBM_cAll_d24_mMH3_ch05:0.620221;gMH_sBM_cAll_d24_mMH3_ch09:0.620128;gMH_sBM_cAll_d24_mMH3_ch01:0.618852;gMH_sBM_cAll_d22_mMH0_ch01:0.613260;gMH_sBM_cAll_d22_mMH3_ch04:0.612755;gMH_sBM_cAll_d23_mMH0_ch01:0.611496,Hip Hop---Instrumental:0.096803;Electronic---Drum n Bass:0.091894;Electronic---Downtempo:0.091401;Hip Hop---Jazzy Hip-Hop:0.089000;Hip Hop---Trip Hop:0.078594,WA:v1:k1:r0,,BR0,0.965989,gMH_sBM_cAll_d24_mMH3_ch08,0.629022,107.142857
9.176000,9.195045000,,gWA_sFM_cAll_d25_mWA0_ch01,,,,,0.216769540,,0.000000,,,,,,,,,,0.500000,beat-sync,0.550000,1.527778,,-0.014072542,0.750716268,left_wrist_yaw,1.852335334,right_wrist_pitch,0.750716268,left_wrist_yaw,2.042991375,right_wrist_pitch,0.140735,-0.002047,0.879437,-0.078482,0.000000000,0.000000000,0.000000000,0.000000000,0.000000000,0.000000000,9.144000,0.000000000,0.000000000,,5.222135,4.926874,144.299800,,0.005860931,0,1,0,0,,,53.686200,,,,accepted,0.577454,,0.832695,0.198936343,28.051155,0.027304,MH,0.713370,0.278703,0.006159,BR0:0.965989;BR1:0.687285;BR4:0.647479;LH0:0.635974;BR3:0.635321,gMH_sBM_cAll_d24_mMH3_ch08:0.629022;gMH_sBM_cAll_d22_mMH3_ch08:0.622863;gMH_sBM_cAll_d23_mMH1_ch01:0.621747;gMH_sBM_cAll_d22_mMH3_ch09:0.620901;gMH_sBM_cAll_d24_mMH3_ch05:0.620221;gMH_sBM_cAll_d24_mMH3_ch09:0.620128;gMH_sBM_cAll_d24_mMH3_ch01:0.618852;gMH_sBM_cAll_d22_mMH0_ch01:0.613260;gMH_sBM_cAll_d22_mMH3_ch04:0.612755;gMH_sBM_cAll_d23_mMH0_ch01:0.611496,Hip Hop---Instrumental:0.096803;Electronic---Drum n Bass:0.091894;Electronic---Downtempo:0.091401;Hip Hop---Jazzy Hip-Hop:0.089000;Hip Hop---Trip Hop:0.078594,WA:v1:k1:r0,,BR0,0.965989,gMH_sBM_cAll_d24_mMH3_ch08,0.629022,107.142857
9.208000,9.229726300,,gWA_sFM_cAll_d25_mWA0_ch01,,,,,0.217154668,,0.000000,,,,,,,,,,0.500000,beat-sync,0.550000,1.527778,,-0.013725612,0.745740313,left_wrist_yaw,0.003326069,left_wrist_roll,0.745740313,left_wrist_yaw,0.342150782,right_wrist_yaw,0.145659,-0.000394,0.876638,-0.059654,0.000000000,0.000000000,0.000000000,0.000000000,0.000000000,0.000000000,9.144000,0.000000000,0.000000000,,1.196789,0.705253,119.529673,,0.005841652,0,1,0,0,,,53.686200,,,,accepted,0.577454,,0.832695,0.198936343,28.051155,0.027304,MH,0.713370,0.278703,0.006159,BR0:0.965989;BR1:0.687285;BR4:0.647479;LH0:0.635974;BR3:0.635321,gMH_sBM_cAll_d24_mMH3_ch08:0.629022;gMH_sBM_cAll_d22_mMH3_ch08:0.622863;gMH_sBM_cAll_d23_mMH1_ch01:0.621747;gMH_sBM_cAll_d22_mMH3_ch09:0.620901;gMH_sBM_cAll_d24_mMH3_ch05:0.620221;gMH_sBM_cAll_d24_mMH3_ch09:0.620128;gMH_sBM_cAll_d24_mMH3_ch01:0.618852;gMH_sBM_cAll_d22_mMH0_ch01:0.613260;gMH_sBM_cAll_d22_mMH3_ch04:0.612755;gMH_sBM_cAll_d23_mMH0_ch01:0.611496,Hip Hop---Instrumental:0.096803;Electronic---Drum n Bass:0.091894;Electronic---Downtempo:0.091401;Hip Hop---Jazzy Hip-Hop:0.089000;Hip Hop---Trip Hop:0.078594,WA:v1:k1:r0,,BR0,0.965989,gMH_sBM_cAll_d24_mMH3_ch08,0.629022,107.142857
9.272000,9.278852000,,gWA_sFM_cAll_d25_mWA0_ch01,,,,,0.217724609,,0.000000,,,,,,,,,,0.500000,beat-sync,0.550000,1.527778,,-0.013126691,0.725168763,left_wrist_yaw,0.961381096,left_wrist_roll,0.725168763,left_wrist_yaw,0.994464956,left_wrist_roll,0.153766,0.001809,0.874460,-0.032874,0.000000000,0.000000000,0.000000000,0.000000000,0.000000000,0.000000000,9.144000,0.000000000,0.000000000,,3.945165,3.737178,140.025498,,0.005812969,0,1,0,0,,,53.686200,,,,accepted,0.577454,,0.832695,0.198936343,28.051155,0.027304,MH,0.713370,0.278703,0.006159,BR0:0.965989;BR1:0.687285;BR4:0.647479;LH0:0.635974;BR3:0.635321,gMH_sBM_cAll_d24_mMH3_ch08:0.629022;gMH_sBM_cAll_d22_mMH3_ch08:0.622863;gMH_sBM_cAll_d23_mMH1_ch01:0.621747;gMH_sBM_cAll_d22_mMH3_ch09:0.620901;gMH_sBM_cAll_d24_mMH3_ch05:0.620221;gMH_sBM_cAll_d24_mMH3_ch09:0.620128;gMH_sBM_cAll_d24_mMH3_ch01:0.618852;gMH_sBM_cAll_d22_mMH0_ch01:0.613260;gMH_sBM_cAll_d22_mMH3_ch04:0.612755;gMH_sBM_cAll_d23_mMH0_ch01:0.611496,Hip Hop---Instrumental:0.096803;Electronic---Drum n Bass:0.091894;Electronic---Downtempo:0.091401;Hip Hop---Jazzy Hip-Hop:0.089000;Hip Hop---Trip Hop:0.078594,WA:v1:k1:r0,,BR0,0.965989,gMH_sBM_cAll_d24_mMH3_ch08,0.629022,107.142857
9.272000,9.313628400,beat_limiter_result,gWA_sFM_cAll_d25_mWA0_ch01,,,,,0.218106327,,0.000000,,,,,,,,,,0.500000,beat-sync,0.550000,1.527778,,-0.012677552,0.715635295,left_wrist_yaw,0.084774000,left_wrist_roll,0.716401355,left_wrist_yaw,0.006606015,left_wrist_roll,0.156548,0.002994,0.873916,-0.025688,0.000000000,0.000000000,0.000000000,0.000000000,0.000000000,0.000000000,9.144000,0.000000000,0.000000000,,0.349068,0.021676,183.884897,,0.005794003,1,1,0,0,,,53.686200,,,,accepted,0.577454,,0.832695,0.198936343,28.051155,0.027304,MH,0.713370,0.278703,0.006159,BR0:0.965989;BR1:0.687285;BR4:0.647479;LH0:0.635974;BR3:0.635321,gMH_sBM_cAll_d24_mMH3_ch08:0.629022;gMH_sBM_cAll_d22_mMH3_ch08:0.622863;gMH_sBM_cAll_d23_mMH1_ch01:0.621747;gMH_sBM_cAll_d22_mMH3_ch09:0.620901;gMH_sBM_cAll_d24_mMH3_ch05:0.620221;gMH_sBM_cAll_d24_mMH3_ch09:0.620128;gMH_sBM_cAll_d24_mMH3_ch01:0.618852;gMH_sBM_cAll_d22_mMH0_ch01:0.613260;gMH_sBM_cAll_d22_mMH3_ch04:0.612755;gMH_sBM_cAll_d23_mMH0_ch01:0.611496,Hip Hop---Instrumental:0.096803;Electronic---Drum n Bass:0.091894;Electronic---Downtempo:0.091401;Hip Hop---Jazzy Hip-Hop:0.089000;Hip Hop---Trip Hop:0.078594,WA:v1:k1:r0,,BR0,0.965989,gMH_sBM_cAll_d24_mMH3_ch08,0.629022,107.142857
9.304000,9.328468500,,gWA_sFM_cAll_d25_mWA0_ch01,,,,,0.218299237,,0.000000,,,,,,,,,,0.500000,beat-sync,0.550000,1.527778,,-0.012437969,0.715438727,left_wrist_yaw,0.442068279,right_wrist_pitch,0.715438727,left_wrist_yaw,0.588095711,right_wrist_pitch,0.164894,0.006193,0.873218,-0.017534,0.000000000,0.000000000,0.000000000,0.000000000,0.000000000,0.000000000,9.144000,0.000000000,0.000000000,,0.848462,0.797853,51.942909,,0.005784567,0,1,0,0,,,53.686200,,,,accepted,0.577454,,0.832695,0.198936343,28.051155,0.027304,MH,0.713370,0.278703,0.006159,BR0:0.965989;BR1:0.687285;BR4:0.647479;LH0:0.635974;BR3:0.635321,gMH_sBM_cAll_d24_mMH3_ch08:0.629022;gMH_sBM_cAll_d22_mMH3_ch08:0.622863;gMH_sBM_cAll_d23_mMH1_ch01:0.621747;gMH_sBM_cAll_d22_mMH3_ch09:0.620901;gMH_sBM_cAll_d24_mMH3_ch05:0.620221;gMH_sBM_cAll_d24_mMH3_ch09:0.620128;gMH_sBM_cAll_d24_mMH3_ch01:0.618852;gMH_sBM_cAll_d22_mMH0_ch01:0.613260;gMH_sBM_cAll_d22_mMH3_ch04:0.612755;gMH_sBM_cAll_d23_mMH0_ch01:0.611496,Hip Hop---Instrumental:0.096803;Electronic---Drum n Bass:0.091894;Electronic---Downtempo:0.091401;Hip Hop---Jazzy Hip-Hop:0.089000;Hip Hop---Trip Hop:0.078594,WA:v1:k1:r0,,BR0,0.965989,gMH_sBM_cAll_d24_mMH3_ch08,0.629022,107.142857
9.368000,9.395203800,,gWA_sFM_cAll_d25_mWA0_ch01,,,,,0.219063677,,0.000000,,,,,,,,,,0.500000,beat-sync,0.550000,1.527778,,-0.011419121,0.720256646,left_wrist_yaw,2.475543916,right_wrist_pitch,0.720256646,left_wrist_yaw,2.626577368,right_wrist_pitch,0.169294,0.010755,0.873971,0.017327,0.000000000,0.000000000,0.000000000,0.000000000,0.000000000,0.000000000,9.144000,0.000000000,0.000000000,,4.956491,4.713614,127.065731,,0.005747126,0,1,0,0,,,53.686200,,,,accepted,0.577454,,0.832695,0.198936343,28.051155,0.027304,MH,0.713370,0.278703,0.006159,BR0:0.965989;BR1:0.687285;BR4:0.647479;LH0:0.635974;BR3:0.635321,gMH_sBM_cAll_d24_mMH3_ch08:0.629022;gMH_sBM_cAll_d22_mMH3_ch08:0.622863;gMH_sBM_cAll_d23_mMH1_ch01:0.621747;gMH_sBM_cAll_d22_mMH3_ch09:0.620901;gMH_sBM_cAll_d24_mMH3_ch05:0.620221;gMH_sBM_cAll_d24_mMH3_ch09:0.620128;gMH_sBM_cAll_d24_mMH3_ch01:0.618852;gMH_sBM_cAll_d22_mMH0_ch01:0.613260;gMH_sBM_cAll_d22_mMH3_ch04:0.612755;gMH_sBM_cAll_d23_mMH0_ch01:0.611496,Hip Hop---Instrumental:0.096803;Electronic---Drum n Bass:0.091894;Electronic---Downtempo:0.091401;Hip Hop---Jazzy Hip-Hop:0.089000;Hip Hop---Trip Hop:0.078594,WA:v1:k1:r0,,BR0,0.965989,gMH_sBM_cAll_d24_mMH3_ch08,0.629022,107.142857
9.368000,9.412379000,match,gWA_sFM_cAll_d25_mWA0_ch01,,,,,0.219253359,,0.000000,,,,,,,,,,0.500000,beat-sync,0.550000,1.527778,,-0.011151538,0.697549141,left_wrist_yaw,2.801915333,right_wrist_pitch,0.697549141,left_wrist_yaw,2.973617982,right_wrist_pitch,0.167319,0.011085,0.874451,0.020477,0.000000000,0.000000000,0.000000000,0.000000000,0.000000000,0.000000000,9.144000,0.000000000,0.000000000,,5.458434,5.069542,143.372267,,0.005737842,0,1,0,0,,,53.686200,,,,accepted,0.870454,,0.941328,0.190548013,28.750907,0.029944,BR,0.796244,0.230077,0.022382,BR0:0.935303;BR1:0.705225;LH0:0.657165;BR4:0.641170;BR3:0.581046,gBR_sBM_cAll_d04_mBR0_ch03:0.902666;gBR_sBM_cAll_d05_mBR0_ch05:0.880283;gBR_sBM_cAll_d04_mBR0_ch05:0.878028;gBR_sBM_cAll_d05_mBR0_ch09:0.871728;gBR_sBM_cAll_d05_mBR0_ch03:0.871574;gBR_sBM_cAll_d04_mBR0_ch04:0.860326;gBR_sBM_cAll_d05_mBR0_ch01:0.859043;gBR_sBM_cAll_d05_mBR0_ch04:0.856399;gBR_sBM_cAll_d05_mBR0_ch06:0.856155;gBR_sBM_cAll_d04_mBR0_ch01:0.855385,Electronic---Drum n Bass:0.121921;Electronic---Downtempo:0.103184;Electronic---Dubstep:0.099976;Electronic---Glitch:0.089898;Electronic---Hip Hop:0.080107,WA:v1:k1:r0,,BR0,0.935303,gBR_sBM_cAll_d04_mBR0_ch03,0.902666,107.142857
9.400000,9.431662900,,gWA_sFM_cAll_d25_mWA0_ch01,,,,,0.219444653,,0.000000,,,,,,,,,,0.500000,beat-sync,0.550000,1.527778,,-0.010876552,0.688106351,left_wrist_yaw,1.358979770,right_wrist_roll,0.688106351,left_wrist_yaw,1.451417658,right_wrist_roll,0.167054,0.011575,0.874567,0.023514,0.000000000,0.000000000,0.000000000,0.000000000,0.000000000,0.000000000,9.144000,0.000000000,0.000000000,,5.539783,4.723702,94.160865,,0.005728587,0,1,0,0,,,53.686200,,,,accepted,0.870454,,0.941328,0.190548013,28.750907,0.029944,BR,0.796244,0.230077,0.022382,BR0:0.935303;BR1:0.705225;LH0:0.657165;BR4:0.641170;BR3:0.581046,gBR_sBM_cAll_d04_mBR0_ch03:0.902666;gBR_sBM_cAll_d05_mBR0_ch05:0.880283;gBR_sBM_cAll_d04_mBR0_ch05:0.878028;gBR_sBM_cAll_d05_mBR0_ch09:0.871728;gBR_sBM_cAll_d05_mBR0_ch03:0.871574;gBR_sBM_cAll_d04_mBR0_ch04:0.860326;gBR_sBM_cAll_d05_mBR0_ch01:0.859043;gBR_sBM_cAll_d05_mBR0_ch04:0.856399;gBR_sBM_cAll_d05_mBR0_ch06:0.856155;gBR_sBM_cAll_d04_mBR0_ch01:0.855385,Electronic---Drum n Bass:0.121921;Electronic---Downtempo:0.103184;Electronic---Dubstep:0.099976;Electronic---Glitch:0.089898;Electronic---Hip Hop:0.080107,WA:v1:k1:r0,,BR0,0.935303,gBR_sBM_cAll_d04_mBR0_ch03,0.902666,107.142857
9.464000,9.502592100,,gWA_sFM_cAll_d25_mWA0_ch01,,,,,0.220167332,,0.000000,,,,,,,,,,0.500000,beat-sync,0.550000,1.527778,,-0.009788051,0.711445168,left_wrist_yaw,1.969369501,right_wrist_pitch,0.711445168,left_wrist_yaw,1.579189641,right_wrist_pitch,0.171211,0.013213,0.875731,0.045597,0.000000000,0.000000000,0.000000000,0.000000000,0.000000000,0.000000000,9.144000,0.000000000,0.000000000,,10.699359,8.196265,221.984576,,0.005710167,0,1,0,0,,,53.686200,,,,accepted,0.870454,,0.941328,0.190548013,28.750907,0.029944,BR,0.796244,0.230077,0.022382,BR0:0.935303;BR1:0.705225;LH0:0.657165;BR4:0.641170;BR3:0.581046,gBR_sBM_cAll_d04_mBR0_ch03:0.902666;gBR_sBM_cAll_d05_mBR0_ch05:0.880283;gBR_sBM_cAll_d04_mBR0_ch05:0.878028;gBR_sBM_cAll_d05_mBR0_ch09:0.871728;gBR_sBM_cAll_d05_mBR0_ch03:0.871574;gBR_sBM_cAll_d04_mBR0_ch04:0.860326;gBR_sBM_cAll_d05_mBR0_ch01:0.859043;gBR_sBM_cAll_d05_mBR0_ch04:0.856399;gBR_sBM_cAll_d05_mBR0_ch06:0.856155;gBR_sBM_cAll_d04_mBR0_ch01:0.855385,Electronic---Drum n Bass:0.121921;Electronic---Downtempo:0.103184;Electronic---Dubstep:0.099976;Electronic---Glitch:0.089898;Electronic---Hip Hop:0.080107,WA:v1:k1:r0,,BR0,0.935303,gBR_sBM_cAll_d04_mBR0_ch03,0.902666,107.142857
9.528000,9.584855600,,gWA_sFM_cAll_d25_mWA0_ch01,,,,,0.220925203,,0.000000,,,,,,,,,,0.500000,beat-sync,0.550000,1.527778,,-0.008601761,0.678294209,left_wrist_yaw,0.925126124,left_wrist_yaw,0.678294209,left_wrist_yaw,0.407499669,left_wrist_yaw,0.166625,0.014716,0.875178,0.049418,0.000000000,0.000000000,0.000000000,0.000000000,0.000000000,0.000000000,9.144000,0.000000000,0.000000000,,1.850059,1.758225,62.103714,,0.005673681,0,1,0,0,,,101.101400,,,,accepted,0.870454,,0.941328,0.190548013,28.750907,0.029944,BR,0.796244,0.230077,0.022382,BR0:0.935303;BR1:0.705225;LH0:0.657165;BR4:0.641170;BR3:0.581046,gBR_sBM_cAll_d04_mBR0_ch03:0.902666;gBR_sBM_cAll_d05_mBR0_ch05:0.880283;gBR_sBM_cAll_d04_mBR0_ch05:0.878028;gBR_sBM_cAll_d05_mBR0_ch09:0.871728;gBR_sBM_cAll_d05_mBR0_ch03:0.871574;gBR_sBM_cAll_d04_mBR0_ch04:0.860326;gBR_sBM_cAll_d05_mBR0_ch01:0.859043;gBR_sBM_cAll_d05_mBR0_ch04:0.856399;gBR_sBM_cAll_d05_mBR0_ch06:0.856155;gBR_sBM_cAll_d04_mBR0_ch01:0.855385,Electronic---Drum n Bass:0.121921;Electronic---Downtempo:0.103184;Electronic---Dubstep:0.099976;Electronic---Glitch:0.089898;Electronic---Hip Hop:0.080107,WA:v1:k1:r0,,BR0,0.935303,gBR_sBM_cAll_d04_mBR0_ch03,0.902666,107.142857
9.592000,9.606452800,,gWA_sFM_cAll_d25_mWA0_ch01,,,,,0.221476199,,0.000000,,,,,,,,,,0.500000,beat-sync,0.550000,1.527778,,-0.007706010,0.629263360,left_wrist_yaw,3.291075043,left_wrist_pitch,0.629263360,left_wrist_yaw,2.581867126,left_wrist_pitch,0.167013,0.015620,0.873094,0.037374,0.000000000,0.000000000,0.000000000,0.000000000,0.000000000,0.000000000,9.144000,0.000000000,0.000000000,,8.740107,8.395093,300.067731,,0.005664632,0,1,0,0,,,101.101400,,,,accepted,0.870454,,0.941328,0.190548013,28.750907,0.029944,BR,0.796244,0.230077,0.022382,BR0:0.935303;BR1:0.705225;LH0:0.657165;BR4:0.641170;BR3:0.581046,gBR_sBM_cAll_d04_mBR0_ch03:0.902666;gBR_sBM_cAll_d05_mBR0_ch05:0.880283;gBR_sBM_cAll_d04_mBR0_ch05:0.878028;gBR_sBM_cAll_d05_mBR0_ch09:0.871728;gBR_sBM_cAll_d05_mBR0_ch03:0.871574;gBR_sBM_cAll_d04_mBR0_ch04:0.860326;gBR_sBM_cAll_d05_mBR0_ch01:0.859043;gBR_sBM_cAll_d05_mBR0_ch04:0.856399;gBR_sBM_cAll_d05_mBR0_ch06:0.856155;gBR_sBM_cAll_d04_mBR0_ch01:0.855385,Electronic---Drum n Bass:0.121921;Electronic---Downtempo:0.103184;Electronic---Dubstep:0.099976;Electronic---Glitch:0.089898;Electronic---Hip Hop:0.080107,WA:v1:k1:r0,,BR0,0.935303,gBR_sBM_cAll_d04_mBR0_ch03,0.902666,107.142857
9.624000,9.655145200,,gWA_sFM_cAll_d25_mWA0_ch01,,,,,0.222024520,,0.000000,,,,,,,,,,0.500000,beat-sync,0.550000,1.527778,,-0.006803467,0.603599470,left_wrist_yaw,2.112433741,right_wrist_yaw,0.603599470,left_wrist_yaw,2.566966499,right_wrist_yaw,0.169058,0.017493,0.869932,0.023422,0.000000000,0.000000000,0.000000000,0.000000000,0.000000000,0.000000000,9.144000,0.000000000,0.000000000,,3.377447,3.040230,45.753537,,0.005637657,0,1,0,0,,,97.744600,,,,accepted,0.870454,,0.941328,0.190548013,28.750907,0.029944,BR,0.796244,0.230077,0.022382,BR0:0.935303;BR1:0.705225;LH0:0.657165;BR4:0.641170;BR3:0.581046,gBR_sBM_cAll_d04_mBR0_ch03:0.902666;gBR_sBM_cAll_d05_mBR0_ch05:0.880283;gBR_sBM_cAll_d04_mBR0_ch05:0.878028;gBR_sBM_cAll_d05_mBR0_ch09:0.871728;gBR_sBM_cAll_d05_mBR0_ch03:0.871574;gBR_sBM_cAll_d04_mBR0_ch04:0.860326;gBR_sBM_cAll_d05_mBR0_ch01:0.859043;gBR_sBM_cAll_d05_mBR0_ch04:0.856399;gBR_sBM_cAll_d05_mBR0_ch06:0.856155;gBR_sBM_cAll_d04_mBR0_ch01:0.855385,Electronic---Drum n Bass:0.121921;Electronic---Downtempo:0.103184;Electronic---Dubstep:0.099976;Electronic---Glitch:0.089898;Electronic---Hip Hop:0.080107,WA:v1:k1:r0,,BR0,0.935303,gBR_sBM_cAll_d04_mBR0_ch03,0.902666,107.142857
9.656000,9.695743000,,gWA_sFM_cAll_d25_mWA0_ch01,,,,,0.222221930,,0.000000,,,,,,,,,,0.500000,beat-sync,0.550000,1.527778,,-0.006474853,0.594133321,left_wrist_yaw,2.463346632,right_wrist_yaw,0.594133321,left_wrist_yaw,1.058359534,right_wrist_yaw,0.169017,0.017964,0.869038,0.015303,0.000000000,0.000000000,0.000000000,0.000000000,0.000000000,0.000000000,9.144000,0.000000000,0.000000000,,1.108841,1.048734,49.558887,,0.005628723,0,1,0,0,,,97.744600,,,,accepted,0.870454,,0.941328,0.190548013,28.750907,0.029944,BR,0.796244,0.230077,0.022382,BR0:0.935303;BR1:0.705225;LH0:0.657165;BR4:0.641170;BR3:0.581046,gBR_sBM_cAll_d04_mBR0_ch03:0.902666;gBR_sBM_cAll_d05_mBR0_ch05:0.880283;gBR_sBM_cAll_d04_mBR0_ch05:0.878028;gBR_sBM_cAll_d05_mBR0_ch09:0.871728;gBR_sBM_cAll_d05_mBR0_ch03:0.871574;gBR_sBM_cAll_d04_mBR0_ch04:0.860326;gBR_sBM_cAll_d05_mBR0_ch01:0.859043;gBR_sBM_cAll_d05_mBR0_ch04:0.856399;gBR_sBM_cAll_d05_mBR0_ch06:0.856155;gBR_sBM_cAll_d04_mBR0_ch01:0.855385,Electronic---Drum n Bass:0.121921;Electronic---Downtempo:0.103184;Electronic---Dubstep:0.099976;Electronic---Glitch:0.089898;Electronic---Hip Hop:0.080107,WA:v1:k1:r0,,BR0,0.935303,gBR_sBM_cAll_d04_mBR0_ch03,0.902666,107.142857
9.720000,9.766481100,,gWA_sFM_cAll_d25_mWA0_ch01,,,,,0.223303948,,0.000000,,,,,,,,,,0.500000,beat-sync,0.563534,1.527778,,-0.004656729,0.708239350,right_wrist_yaw,3.883203900,right_wrist_yaw,0.708239350,right_wrist_yaw,5.440947036,right_wrist_yaw,0.166644,0.020448,0.865464,-0.048692,0.000000000,0.000000000,0.000000000,0.000000000,0.000000000,0.000000000,9.144000,0.000000000,0.000000000,,5.440947,4.858645,131.837787,,0.005593266,0,1,0,0,,,97.797900,,,,accepted,0.870454,,0.941328,0.190548013,28.750907,0.029944,BR,0.796244,0.230077,0.022382,BR0:0.935303;BR1:0.705225;LH0:0.657165;BR4:0.641170;BR3:0.581046,gBR_sBM_cAll_d04_mBR0_ch03:0.902666;gBR_sBM_cAll_d05_mBR0_ch05:0.880283;gBR_sBM_cAll_d04_mBR0_ch05:0.878028;gBR_sBM_cAll_d05_mBR0_ch09:0.871728;gBR_sBM_cAll_d05_mBR0_ch03:0.871574;gBR_sBM_cAll_d04_mBR0_ch04:0.860326;gBR_sBM_cAll_d05_mBR0_ch01:0.859043;gBR_sBM_cAll_d05_mBR0_ch04:0.856399;gBR_sBM_cAll_d05_mBR0_ch06:0.856155;gBR_sBM_cAll_d04_mBR0_ch01:0.855385,Electronic---Drum n Bass:0.121921;Electronic---Downtempo:0.103184;Electronic---Dubstep:0.099976;Electronic---Glitch:0.089898;Electronic---Hip Hop:0.080107,WA:v1:k1:r0,,BR0,0.935303,gBR_sBM_cAll_d04_mBR0_ch03,0.902666,107.142857
9.752000,9.801546900,,gWA_sFM_cAll_d25_mWA0_ch01,,,,,0.223510062,,0.000000,,,,,,,,,,0.500000,beat-sync,0.596673,1.527778,,-0.004348097,0.777854201,right_wrist_yaw,4.176891073,right_wrist_yaw,0.777854201,right_wrist_yaw,2.006706366,right_wrist_yaw,0.166392,0.020625,0.864648,-0.064304,0.000000000,0.000000000,0.000000000,0.000000000,0.000000000,0.000000000,9.144000,0.000000000,0.000000000,,2.006706,1.944310,81.396000,,0.005584472,0,1,0,0,,,97.797900,,,,accepted,0.870454,,0.941328,0.190548013,28.750907,0.029944,BR,0.796244,0.230077,0.022382,BR0:0.935303;BR1:0.705225;LH0:0.657165;BR4:0.641170;BR3:0.581046,gBR_sBM_cAll_d04_mBR0_ch03:0.902666;gBR_sBM_cAll_d05_mBR0_ch05:0.880283;gBR_sBM_cAll_d04_mBR0_ch05:0.878028;gBR_sBM_cAll_d05_mBR0_ch09:0.871728;gBR_sBM_cAll_d05_mBR0_ch03:0.871574;gBR_sBM_cAll_d04_mBR0_ch04:0.860326;gBR_sBM_cAll_d05_mBR0_ch01:0.859043;gBR_sBM_cAll_d05_mBR0_ch04:0.856399;gBR_sBM_cAll_d05_mBR0_ch06:0.856155;gBR_sBM_cAll_d04_mBR0_ch01:0.855385,Electronic---Drum n Bass:0.121921;Electronic---Downtempo:0.103184;Electronic---Dubstep:0.099976;Electronic---Glitch:0.089898;Electronic---Hip Hop:0.080107,WA:v1:k1:r0,,BR0,0.935303,gBR_sBM_cAll_d04_mBR0_ch03,0.902666,107.142857
9.816000,9.853989700,,gWA_sFM_cAll_d25_mWA0_ch01,,,,,0.224542087,,0.000000,,,,,,,,,,0.500000,beat-sync,0.675511,1.388889,,-0.004740140,1.083787305,right_wrist_yaw,4.484758757,right_wrist_roll,1.083787305,right_wrist_yaw,5.038930226,right_wrist_roll,0.167648,0.015753,0.862076,-0.118831,0.000000000,0.000000000,0.000000000,0.000000000,0.000000000,0.000000000,9.816000,0.000000000,0.000000000,,6.745322,6.426998,41.643135,,0.005558254,0,1,0,0,,,40.525200,,,,accepted,0.870454,,0.941328,0.190548013,28.750907,0.029944,BR,0.796244,0.230077,0.022382,BR0:0.935303;BR1:0.705225;LH0:0.657165;BR4:0.641170;BR3:0.581046,gBR_sBM_cAll_d04_mBR0_ch03:0.902666;gBR_sBM_cAll_d05_mBR0_ch05:0.880283;gBR_sBM_cAll_d04_mBR0_ch05:0.878028;gBR_sBM_cAll_d05_mBR0_ch09:0.871728;gBR_sBM_cAll_d05_mBR0_ch03:0.871574;gBR_sBM_cAll_d04_mBR0_ch04:0.860326;gBR_sBM_cAll_d05_mBR0_ch01:0.859043;gBR_sBM_cAll_d05_mBR0_ch04:0.856399;gBR_sBM_cAll_d05_mBR0_ch06:0.856155;gBR_sBM_cAll_d04_mBR0_ch01:0.855385,Electronic---Drum n Bass:0.121921;Electronic---Downtempo:0.103184;Electronic---Dubstep:0.099976;Electronic---Glitch:0.089898;Electronic---Hip Hop:0.080107,WA:v1:k1:r0,,BR0,0.935303,gBR_sBM_cAll_d04_mBR0_ch03,0.902666,107.142857
9.880000,9.903292600,,gWA_sFM_cAll_d25_mWA0_ch01,,,,,0.225229351,,0.000000,,,,,,,,,,0.500000,beat-sync,0.684204,1.388889,,-0.003887650,1.176755241,right_wrist_yaw,1.666153180,right_wrist_yaw,1.176755241,right_wrist_yaw,1.829401667,right_wrist_yaw,0.169781,0.009419,0.859537,-0.164419,0.000000000,0.000000000,0.000000000,0.000000000,0.000000000,0.000000000,9.816000,0.000000000,0.000000000,,2.420918,2.307196,103.776971,,0.005532281,0,1,0,0,,,40.525200,,,,accepted,0.870454,,0.941328,0.190548013,28.750907,0.029944,BR,0.796244,0.230077,0.022382,BR0:0.935303;BR1:0.705225;LH0:0.657165;BR4:0.641170;BR3:0.581046,gBR_sBM_cAll_d04_mBR0_ch03:0.902666;gBR_sBM_cAll_d05_mBR0_ch05:0.880283;gBR_sBM_cAll_d04_mBR0_ch05:0.878028;gBR_sBM_cAll_d05_mBR0_ch09:0.871728;gBR_sBM_cAll_d05_mBR0_ch03:0.871574;gBR_sBM_cAll_d04_mBR0_ch04:0.860326;gBR_sBM_cAll_d05_mBR0_ch01:0.859043;gBR_sBM_cAll_d05_mBR0_ch04:0.856399;gBR_sBM_cAll_d05_mBR0_ch06:0.856155;gBR_sBM_cAll_d04_mBR0_ch01:0.855385,Electronic---Drum n Bass:0.121921;Electronic---Downtempo:0.103184;Electronic---Dubstep:0.099976;Electronic---Glitch:0.089898;Electronic---Hip Hop:0.080107,WA:v1:k1:r0,,BR0,0.935303,gBR_sBM_cAll_d04_mBR0_ch03,0.902666,107.142857
9.912000,9.936939500,,gWA_sFM_cAll_d25_mWA0_ch01,,,,,0.225738225,,0.000000,,,,,,,,,,0.500000,beat-sync,0.750706,1.388889,,-0.003383515,1.213265466,right_wrist_yaw,0.981148187,right_wrist_yaw,1.213265466,right_wrist_yaw,1.024327696,right_wrist_yaw,0.170187,0.007459,0.858048,-0.176032,0.000000000,0.000000000,0.000000000,0.000000000,0.000000000,0.000000000,9.816000,0.000000000,0.000000000,,2.804657,2.684362,74.082895,,0.005515100,0,1,0,0,,,40.525200,,,,accepted,0.870454,,0.941328,0.190548013,28.750907,0.029944,BR,0.796244,0.230077,0.022382,BR0:0.935303;BR1:0.705225;LH0:0.657165;BR4:0.641170;BR3:0.581046,gBR_sBM_cAll_d04_mBR0_ch03:0.902666;gBR_sBM_cAll_d05_mBR0_ch05:0.880283;gBR_sBM_cAll_d04_mBR0_ch05:0.878028;gBR_sBM_cAll_d05_mBR0_ch09:0.871728;gBR_sBM_cAll_d05_mBR0_ch03:0.871574;gBR_sBM_cAll_d04_mBR0_ch04:0.860326;gBR_sBM_cAll_d05_mBR0_ch01:0.859043;gBR_sBM_cAll_d05_mBR0_ch04:0.856399;gBR_sBM_cAll_d05_mBR0_ch06:0.856155;gBR_sBM_cAll_d04_mBR0_ch01:0.855385,Electronic---Drum n Bass:0.121921;Electronic---Downtempo:0.103184;Electronic---Dubstep:0.099976;Electronic---Glitch:0.089898;Electronic---Hip Hop:0.080107,WA:v1:k1:r0,,BR0,0.935303,gBR_sBM_cAll_d04_mBR0_ch03,0.902666,107.142857
9.976000,9.988154700,beat_limiter_result,gWA_sFM_cAll_d25_mWA0_ch01,,,,,0.226599821,,0.000000,,,,,,,,,,0.500000,beat-sync,0.851744,1.388889,,-0.002719205,1.226564363,right_wrist_yaw,8.012417257,right_wrist_pitch,1.226564363,right_wrist_yaw,8.021883079,right_wrist_pitch,0.162494,0.008752,0.859721,-0.250895,0.000000000,0.000000000,0.000000000,0.000000000,0.000000000,0.000000000,9.816000,0.000000000,0.000000000,,8.021883,7.568466,150.910601,,0.005489527,0,1,0,0,,,40.525200,,,,accepted,0.870454,,0.941328,0.190548013,28.750907,0.029944,BR,0.796244,0.230077,0.022382,BR0:0.935303;BR1:0.705225;LH0:0.657165;BR4:0.641170;BR3:0.581046,gBR_sBM_cAll_d04_mBR0_ch03:0.902666;gBR_sBM_cAll_d05_mBR0_ch05:0.880283;gBR_sBM_cAll_d04_mBR0_ch05:0.878028;gBR_sBM_cAll_d05_mBR0_ch09:0.871728;gBR_sBM_cAll_d05_mBR0_ch03:0.871574;gBR_sBM_cAll_d04_mBR0_ch04:0.860326;gBR_sBM_cAll_d05_mBR0_ch01:0.859043;gBR_sBM_cAll_d05_mBR0_ch04:0.856399;gBR_sBM_cAll_d05_mBR0_ch06:0.856155;gBR_sBM_cAll_d04_mBR0_ch01:0.855385,Electronic---Drum n Bass:0.121921;Electronic---Downtempo:0.103184;Electronic---Dubstep:0.099976;Electronic---Glitch:0.089898;Electronic---Hip Hop:0.080107,WA:v1:k1:r0,,BR0,0.935303,gBR_sBM_cAll_d04_mBR0_ch03,0.902666,107.142857
