v 0.1072412 -0.2209082 1.5639682
v 0.1006416 -0.2264763 1.5493175
v 0.1108632 -0.2165753 1.5459328
v 0.1161316 -0.2080274 1.5573618
v 0.1061373 -0.2220033 1.5362537
v 0.0970659 -0.2297743 1.5380223
v 0.1158656 -0.2052531 1.5405543
v 0.1199301 -0.1953157 1.5490278
v 0.1149746 -0.1883654 1.5070505
v 0.1171687 -0.1778698 1.5037895
v 0.1190979 -0.1814685 1.5149490
v 0.1153340 -0.1909857 1.5156884
v 0.1105208 -0.1810983 1.4814940
v 0.1047549 -0.1891259 1.4716633
v 0.1045863 -0.1773438 1.4639239
v 0.1092423 -0.1687838 1.4735743
v 0.0767779 -0.2198697 1.4860252
v 0.0814831 -0.2171469 1.4789477
v 0.0860136 -0.2166436 1.4851634
v 0.0805438 -0.2191263 1.4915731
v 0.0694024 -0.2283184 1.4958867
v 0.0709013 -0.2255336 1.5016252
v 0.0673015 -0.2317967 1.5051530
v 0.0666658 -0.2354352 1.4984753
v 0.0707542 -0.2202883 1.4814003
v 0.0760007 -0.2169634 1.4739781
v 0.0727628 -0.2225496 1.4919192
v 0.0705112 -0.2246604 1.4876670
v 0.0679239 -0.2346585 1.4804097
v 0.0698024 -0.2335808 1.4851274
v 0.0672988 -0.2407829 1.4857287
v 0.0654169 -0.2396412 1.4806073
v 0.0696928 -0.2249715 1.4810377
v 0.0706359 -0.2279500 1.4834166
v 0.0681079 -0.2301567 1.4796459
v 0.0664149 -0.2269979 1.4781103
v 0.0683904 -0.2306912 1.4915757
v 0.0665137 -0.2382535 1.4926641
v 0.0638883 -0.2460497 1.4935346
v 0.0640654 -0.2481998 1.4848529
v 0.0896905 -0.2060220 1.4652474
v 0.0862565 -0.2124070 1.4721124
v 0.0807035 -0.2131946 1.4676044
v 0.0842588 -0.2083079 1.4620484
v 0.0671307 -0.2230604 1.4752719
v 0.0688019 -0.2195268 1.4594214
v 0.0697030 -0.2205578 1.4629433
v 0.0643234 -0.2256175 1.4639896
v 0.0641244 -0.2244333 1.4606015
v 0.0913107 -0.1936696 1.4518565
v 0.0864004 -0.1994544 1.4505547
v 0.0856131 -0.1953611 1.4439698
v 0.0896980 -0.1881282 1.4439790
v 0.0829437 -0.1937062 1.4380652
v 0.0871075 -0.1833908 1.4363700
v 0.0760907 -0.1817121 1.4231959
v 0.0815970 -0.1819729 1.4289546
v 0.0788212 -0.1939444 1.4324543
v 0.0732783 -0.1970580 1.4277436
v 0.0629148 -0.2089754 1.4331351
v 0.0574734 -0.2129699 1.4319224
v 0.0600344 -0.2070236 1.4193191
v 0.0666600 -0.2026290 1.4223913
v 0.0672501 -0.2143438 1.4539143
v 0.0706850 -0.2107953 1.4540087
v 0.0714370 -0.2132748 1.4550396
v 0.0679316 -0.2174077 1.4561949
v 0.0738356 -0.2082675 1.4535668
v 0.0752397 -0.2072282 1.4531795
v 0.0754063 -0.2087198 1.4543145
v 0.0739150 -0.2087799 1.4544423
v 0.0720944 -0.2096773 1.4541674
v 0.0710280 -0.2099731 1.4523044
v 0.0729753 -0.2087578 1.4527664
v 0.0678684 -0.2132749 1.4514804
v 0.0565436 -0.2235487 1.4497089
v 0.0600843 -0.2212430 1.4496589
v 0.0589717 -0.2214529 1.4543415
v 0.0560231 -0.2234283 1.4548181
v 0.0743447 -0.2108798 1.4565843
v 0.0769155 -0.2105540 1.4573931
v 0.0741839 -0.2151640 1.4599444
v 0.0724729 -0.2142075 1.4575445
v 0.0798640 -0.2101445 1.4590510
v 0.0776102 -0.2078229 1.4554029
v 0.0807712 -0.2067536 1.4560360
v 0.0745874 -0.2070014 1.4514765
v 0.0768469 -0.2049216 1.4495842
v 0.0777835 -0.2061937 1.4520534
v 0.0744990 -0.2048888 1.4466588
v 0.0722073 -0.2081212 1.4497467
v 0.0688759 -0.2111212 1.4480139
v 0.0647131 -0.2151938 1.4464759
v 0.0660262 -0.2107920 1.4418267
v 0.0707482 -0.2071226 1.4439426
v 0.0766551 -0.2146932 1.4638526
v 0.0815846 -0.2034127 1.4511980
v 0.0857975 -0.2036836 1.4571820
v 0.0807569 -0.2014855 1.4465700
v 0.0782574 -0.2005881 1.4422573
v 0.0741099 -0.2019911 1.4385525
v 0.0684320 -0.2050441 1.4357213
v 0.0591264 -0.1923584 1.4126850
v 0.0673767 -0.1878277 1.4170438
v 0.0933985 -0.2267117 1.5309378
v 0.1013125 -0.2221917 1.5298587
v 0.1002140 -0.2163958 1.5230707
v 0.1022441 -0.2161780 1.5247168
v 0.0977111 -0.2206585 1.5264609
v 0.0965959 -0.2196099 1.5240507
v 0.1105731 -0.1979464 1.5170197
v 0.1067497 -0.2035345 1.5184273
v 0.1062743 -0.2015895 1.5148879
v 0.1110320 -0.1960539 1.5105354
v 0.0988106 -0.2085515 1.5072585
v 0.1027630 -0.2048701 1.5084560
v 0.1005256 -0.2093438 1.5150294
v 0.0977139 -0.2121188 1.5141129
v 0.0943348 -0.2148278 1.5138679
v 0.0902877 -0.2168463 1.5140479
v 0.0896124 -0.2149986 1.5091300
v 0.0942045 -0.2122068 1.5079061
v 0.0917372 -0.2231173 1.5280335
v 0.0845890 -0.2244112 1.5278646
v 0.0854982 -0.2226764 1.5253216
v 0.0915367 -0.2222027 1.5250954
v 0.0738662 -0.2188393 1.5211109
v 0.0755075 -0.2199522 1.5231658
v 0.0723981 -0.2220394 1.5246586
v 0.0708645 -0.2207348 1.5205837
v 0.0727218 -0.2199042 1.5175902
v 0.0749142 -0.2187979 1.5194033
v 0.1011837 -0.2232792 1.5855705
v 0.0958876 -0.2318695 1.5687424
v 0.1137149 -0.2101678 1.5795297
v 0.1198818 -0.1959408 1.5701532
v 0.1244433 -0.1835775 1.5581088
v 0.0979952 -0.1860322 1.4564216
v 0.0969481 -0.1776849 1.4484802
v 0.1035637 -0.1658469 1.4573611
v 0.0988239 -0.1583844 1.4486785
v 0.0925553 -0.1713346 1.4395054
v 0.0755011 -0.1654227 1.4239572
v 0.0850902 -0.1668351 1.4307518
v 0.0906171 -0.1502819 1.4412957
v 0.0970244 -0.1372455 1.4560966
v 0.1039307 -0.1475230 1.4603592
v 0.1014844 -0.1278645 1.4732083
v 0.0889614 -0.1234583 1.4531340
v 0.0978192 -0.1188026 1.4742890
v 0.0680159 -0.1111894 1.4228562
v 0.0661371 -0.0988996 1.4168212
v 0.0725002 -0.0871146 1.4281118
v 0.0767047 -0.0987160 1.4332736
v 0.1075100 -0.1569710 1.4663087
v 0.1219073 -0.1754106 1.5262493
v 0.1186082 -0.1869736 1.5250575
v 0.1213773 -0.1690599 1.5141530
v 0.1307513 -0.1653764 1.5886314
v 0.1269208 -0.1829423 1.5807411
v 0.1314759 -0.1725483 1.5662176
v 0.1342114 -0.1579146 1.5748003
v 0.1096481 -0.1844455 1.6229945
v 0.1078061 -0.2066686 1.6063120
v 0.1169982 -0.1958739 1.5955370
v 0.1216895 -0.1773445 1.6085271
v 0.1346926 -0.1449730 1.5777620
v 0.1331359 -0.1270793 1.5820823
v 0.1297624 -0.1240383 1.5993118
v 0.1317477 -0.1464386 1.5965125
v 0.1204293 -0.1233312 1.6213146
v 0.1215844 -0.1499189 1.6181795
v 0.0906142 -0.1045073 1.4660554
v 0.0973968 -0.1075807 1.4817877
v 0.0812462 -0.1127788 1.4411085
v 0.0847079 -0.0979900 1.4532126
v 0.1036326 -0.1239644 1.6386075
v 0.1067284 -0.1552165 1.6361000
v 0.1121483 -0.0777573 1.5716805
v 0.1191875 -0.0882431 1.5862691
v 0.1246845 -0.1001024 1.5706441
v 0.1177258 -0.0887668 1.5587141
v 0.1007570 -0.0674511 1.5854311
v 0.1073534 -0.0795684 1.6031693
v 0.0905811 -0.0673251 1.5210531
v 0.0791872 -0.0734631 1.5069265
v 0.0706952 -0.0618450 1.5126969
v 0.0800018 -0.0542987 1.5277732
v 0.1116507 -0.2128167 1.5334633
v 0.1068596 -0.2162493 1.5275262
v 0.1095509 -0.2093401 1.5250542
v 0.1140537 -0.2041323 1.5293118
v 0.1180717 -0.1952012 1.5337890
v 0.1217275 -0.1848476 1.5384949
v 0.1295648 -0.1638187 1.5532709
v 0.1331338 -0.1509527 1.5621192
v 0.1322784 -0.1267023 1.5682423
v 0.1338736 -0.1405868 1.5652359
v 0.1246143 -0.1053276 1.5562941
v 0.1214257 -0.0973797 1.5485864
v 0.0959253 -0.0955519 1.4955159
v 0.0867780 -0.0906360 1.4776358
v 0.0762598 -0.0814234 1.4883073
v 0.0867839 -0.0831417 1.5025201
v 0.0604173 -0.0668541 1.4984330
v 0.0688459 -0.0745381 1.4942400
v 0.0732616 -0.0761729 1.4560771
v 0.0671911 -0.0648645 1.4507064
v 0.0589215 -0.0559506 1.4624443
v 0.0647595 -0.0668685 1.4655093
v 0.0480556 -0.0489349 1.4708130
v 0.0354321 -0.0462411 1.4769156
v 0.0431251 -0.0539482 1.4804974
v 0.0540053 -0.0594216 1.4754728
v 0.0484163 -0.1189760 1.4017964
v 0.0464375 -0.1083226 1.3982632
v 0.0556560 -0.0993306 1.4039946
v 0.0567829 -0.1096878 1.4084387
v 0.0624937 -0.0525208 1.4488025
v 0.0547420 -0.0443427 1.4624355
v 0.0983835 -0.0810344 1.5152441
v 0.1045749 -0.0916097 1.5122510
v 0.0431768 -0.0369692 1.4706156
v 0.0606986 -0.0679594 1.4820809
v 0.0708912 -0.0746318 1.4733906
v 0.0495353 -0.0614866 1.5027522
v 0.0587165 -0.0554792 1.5166226
v 0.0753368 -0.2212390 1.4972644
v 0.0800766 -0.2183052 1.5129813
v 0.0813931 -0.2188831 1.5166631
v 0.0777521 -0.2193281 1.5180426
v 0.0761331 -0.2193147 1.5150476
v 0.0770801 -0.2417094 1.5503128
v 0.0724933 -0.2383327 1.5343357
v 0.0860069 -0.2361966 1.5369266
v 0.0893205 -0.2357373 1.5503828
v 0.1036687 -0.2022790 1.4820426
v 0.0958268 -0.2115612 1.4875322
v 0.0919029 -0.2122018 1.4781814
v 0.0963620 -0.2045944 1.4714694
v 0.1042051 -0.2070765 1.5193505
v 0.1062114 -0.2072248 1.5208015
v 0.1037971 -0.2099216 1.5206255
v 0.0908359 -0.2002606 1.4590921
v 0.0974617 -0.1950988 1.4640776
v 0.1176883 -0.1650867 1.5005094
v 0.1147210 -0.1965550 1.5236602
v 0.0898381 -0.1931408 1.6350555
v 0.0896284 -0.2176185 1.6145155
v 0.0852588 -0.1271500 1.6530700
v 0.0884665 -0.1606298 1.6480585
v 0.0921205 -0.0717702 1.6177388
v 0.0838885 -0.0570981 1.5993693
v 0.0671613 -0.0539157 1.6072588
v 0.0715040 -0.0724775 1.6305850
v 0.0652231 -0.0506907 1.5334103
v 0.0252384 -0.0445890 1.4784780
v 0.0331787 -0.0521245 1.4841613
v 0.0869282 -0.2306666 1.5911603
v 0.0820643 -0.2392450 1.5697196
v 0.1250090 -0.1725924 1.5466842
v 0.1131744 -0.1896980 1.4972728
v 0.1104939 -0.1971619 1.5036832
v 0.1079850 -0.2002952 1.4989692
v 0.1102962 -0.1927420 1.4897489
v 0.1137094 -0.1783453 1.4908122
v 0.1129175 -0.1640273 1.4861447
v 0.1117509 -0.1473928 1.4826432
v 0.1066512 -0.1368430 1.4752139
v 0.1291999 -0.1115796 1.5809788
v 0.1246511 -0.1025330 1.5983644
v 0.1138284 -0.0977900 1.6164799
v 0.0981229 -0.0959417 1.6317624
v 0.1288368 -0.1136552 1.5687985
v 0.0783471 -0.0970142 1.6446003
v 0.0641282 -0.2261015 1.4686436
v 0.0706991 -0.2201400 1.4688499
v 0.0629610 -0.2273655 1.4729648
v 0.0604421 -0.2186335 1.4454157
v 0.0564014 -0.2209964 1.4449977
v 0.0561279 -0.2164340 1.4401864
v 0.0609405 -0.2140880 1.4406696
v 0.0570546 -0.1741537 1.4131418
v 0.0659388 -0.1686714 1.4178229
v 0.0506088 -0.1305568 1.4051494
v 0.0585013 -0.1215746 1.4128562
v 0.0638776 -0.2336208 1.4802976
v 0.0623688 -0.2343034 1.4806920
v 0.0617942 -0.2319378 1.4802721
v 0.0638150 -0.2313162 1.4801176
v 0.0727399 -0.2109483 1.4547667
v 0.0595692 -0.2275349 1.4606255
v 0.0565600 -0.2287250 1.4606962
v 0.0562627 -0.2263314 1.4577483
v 0.0593747 -0.2251339 1.4575707
v 0.0776237 -0.1422720 1.4329138
v 0.0714767 -0.1251968 1.4286994
v 0.0720182 -0.0760969 1.4372148
v 0.0781203 -0.0873769 1.4438034
v 0.0794381 -0.0847206 1.4646524
v 0.0521530 -0.0617359 1.4895626
v 0.0418507 -0.0571170 1.4920929
v 0.0209849 -0.0608930 1.4969692
v 0.0253749 -0.0604679 1.5091506
v 0.0376228 -0.0580994 1.5064545
v 0.0305351 -0.0577836 1.4954167
v 0.0641812 -0.1502854 1.4191127
v 0.0551581 -0.1568079 1.4131478
v 0.0531074 -0.1427833 1.4102241
v 0.0610375 -0.1350045 1.4174936
v 0.0584330 -0.2348906 1.4777923
v 0.0571229 -0.2364140 1.4765941
v 0.0572059 -0.2331410 1.4751143
v 0.0590978 -0.2326157 1.4771362
v 0.0641385 -0.2289927 1.4786355
v 0.0619270 -0.2292364 1.4778803
v 0.0622305 -0.2285415 1.4759658
v 0.0652466 -0.2339329 1.4796777
v 0.0653254 -0.2309382 1.4791918
v 0.0612105 -0.2395080 1.4799290
v 0.0637162 -0.2374175 1.4796618
v 0.0616386 -0.2441076 1.4786097
v 0.0598801 -0.2336267 1.4788031
v 0.0601854 -0.2316739 1.4779983
v 0.0631893 -0.2299145 1.4795268
v 0.0615184 -0.2303347 1.4792018
v 0.0612481 -0.2375457 1.4803156
v 0.0628831 -0.2359040 1.4801214
v 0.0637279 -0.2424312 1.5009074
v 0.0582593 -0.2460924 1.5018825
v 0.0576043 -0.2495970 1.4940262
v 0.0571107 -0.2520617 1.4850485
v 0.0557930 -0.2476098 1.4784029
v 0.0458181 -0.1474872 1.4061754
v 0.0432262 -0.1359212 1.4014900
v 0.0657938 -0.2429352 1.5712486
v 0.0634881 -0.2434065 1.5506487
v 0.0731045 -0.2088440 1.4540190
v 0.0846225 -0.2283765 1.5307852
v 0.1024189 -0.2062264 1.4964365
v 0.0826259 -0.2177149 1.4983670
v 0.0885667 -0.2153294 1.4931193
v 0.0893143 -0.2148533 1.5016267
v 0.0837383 -0.2168012 1.5049658
v 0.0751286 -0.2294087 1.5296917
v 0.0664918 -0.2347983 1.5253363
v 0.0691849 -0.2275022 1.5252427
v 0.0673145 -0.2254759 1.5192260
v 0.0653255 -0.2335857 1.5166426
v 0.0681128 -0.2275431 1.5106217
v 0.0695611 -0.2225221 1.5144673
v 0.1025789 -0.2130969 1.5220034
v 0.1050927 -0.2119536 1.5230436
v 0.0721833 -0.2227253 1.5065643
v 0.0771095 -0.2197721 1.5025576
v 0.0784267 -0.2183451 1.5079821
v 0.0736912 -0.2201252 1.5110014
v 0.0956088 -0.2116354 1.4981673
v 0.1103681 -0.2032846 1.5217165
v 0.1051939 -0.2022990 1.5113501
v 0.1101445 -0.1011737 1.5136944
v 0.1057201 -0.1047765 1.5016675
v 0.1122489 -0.1193652 1.4849951
v 0.1088641 -0.1205384 1.4810071
v 0.1040559 -0.1183458 1.4859099
v 0.1105395 -0.1161029 1.4884753
v 0.1279741 -0.1183782 1.5396314
v 0.1281199 -0.1170102 1.5480398
v 0.1294855 -0.1241285 1.5465027
v 0.1279459 -0.1209291 1.5394793
v 0.1285482 -0.1280410 1.5403229
v 0.1290562 -0.1316639 1.5426007
v 0.1274651 -0.1304933 1.5344580
v 0.1275260 -0.1270394 1.5355276
v 0.1320282 -0.1359333 1.5530527
v 0.1307796 -0.1453094 1.5477870
v 0.1272405 -0.1384521 1.5380642
v 0.1239792 -0.1604885 1.5290672
v 0.1219610 -0.1451215 1.5214281
v 0.1248829 -0.1425838 1.5310569
v 0.1266696 -0.1536691 1.5404977
v 0.1095757 -0.1266987 1.4854680
v 0.1113657 -0.1333401 1.4911040
v 0.1033502 -0.1112952 1.4921844
v 0.0457680 -0.0588945 1.6170032
v 0.0501045 -0.0762867 1.6411678
v 0.1050137 -0.0703486 1.5554370
v 0.0941729 -0.0600220 1.5658448
v 0.1128376 -0.0813342 1.5456082
v 0.1174692 -0.0920296 1.5375484
v 0.0789816 -0.0529643 1.5774258
v 0.0608713 -0.0471006 1.5842331
v 0.1213395 -0.1557336 1.5126509
v 0.1176800 -0.1428660 1.5116693
v 0.0988252 -0.0655289 1.5382698
v 0.0864255 -0.0578829 1.5466399
v 0.1071184 -0.0777394 1.5307396
v 0.1119537 -0.0899183 1.5255662
v 0.0721161 -0.0498006 1.5560836
v 0.0487577 -0.0511472 1.5401683
v 0.0514508 -0.0471601 1.5619710
v 0.1144031 -0.1219349 1.4961873
v 0.1121887 -0.1260196 1.4942496
v 0.1109120 -0.1226434 1.4890108
v 0.1152946 -0.1214432 1.4902075
v 0.1163890 -0.1505736 1.4996072
v 0.1144517 -0.1375004 1.5012084
v 0.0645823 -0.2387359 1.5082859
v 0.0591251 -0.2395278 1.5178416
v 0.0588216 -0.2427782 1.5098548
v 0.0601005 -0.2380373 1.5265121
v 0.0661165 -0.1693832 1.6535759
v 0.0688981 -0.2000937 1.6398073
v 0.0550195 -0.1036259 1.6544087
v 0.0615600 -0.1359537 1.6587851
v 0.0531207 -0.2159114 1.4319772
v 0.0530472 -0.2103726 1.4184005
v 0.0595451 -0.2294681 1.4684862
v 0.0565565 -0.2303705 1.4680795
v 0.0566532 -0.2297343 1.4641757
v 0.0597380 -0.2287693 1.4643590
v 0.0776382 -0.2237015 1.5271211
v 0.0419412 -0.0554784 1.5214551
v 0.0227421 -0.0533730 1.4859392
v 0.0145489 -0.0467382 1.4797789
v 0.0296127 -0.0335101 1.4753859
v 0.0176975 -0.0338641 1.4775514
v 0.0565774 -0.2314692 1.4717412
v 0.0592089 -0.2302966 1.4721894
v 0.0601870 -0.2360211 1.4801711
v 0.0635404 -0.2220102 1.4570055
v 0.0592856 -0.2308954 1.4750510
v 0.0602238 -0.2311184 1.4769960
v 0.0551174 -0.2339204 1.4744425
v 0.0549272 -0.2316105 1.4715941
v 0.0848941 -0.2172006 1.5107643
v 0.0857153 -0.2180696 1.5149475
v 0.0583372 -0.2403265 1.4771031
v 0.0589481 -0.2380234 1.4787011
v 0.0549521 -0.2410550 1.4763644
v 0.0639692 -0.0875814 1.4121116
v 0.0678024 -0.0752873 1.4233676
v 0.0544667 -0.2291100 1.4608486
v 0.0540269 -0.2268863 1.4577159
v 0.0694868 -0.2251484 1.6186701
v 0.0284420 -0.0497411 1.5392282
v 0.0328441 -0.0454273 1.5600058
v 0.1206147 -0.1352426 1.5178046
v 0.1207051 -0.1287441 1.5154269
v 0.1233197 -0.1286432 1.5223920
v 0.1234879 -0.1353711 1.5250539
v 0.0408513 -0.1252426 1.3979480
v 0.0671755 -0.0629981 1.4356875
v 0.0059080 -0.0378078 1.4776337
v 0.1036556 -0.2063014 1.5178631
v 0.1022745 -0.2071758 1.5163566
v 0.0797383 -0.2217282 1.5245780
v 0.0369032 -0.0463021 1.5875402
v 0.0640342 -0.2178481 1.4502743
v 0.0631301 -0.2186967 1.4543180
v 0.0134253 -0.0578893 1.4869598
v 0.0476115 -0.1618848 1.4091991
v 0.0556079 -0.2373274 1.4757858
v 0.0278621 -0.0578402 1.5238321
v 0.1262631 -0.1221357 1.5304974
v 0.1278813 -0.1246060 1.5277868
v 0.1266901 -0.1235443 1.5246755
v 0.1250353 -0.1224725 1.5260060
v 0.1299248 -0.1300239 1.5293380
v 0.1300711 -0.1265845 1.5265439
v 0.1321179 -0.1261153 1.5293448
v 0.1318483 -0.1288490 1.5327443
v 0.1264334 -0.1336053 1.5304257
v 0.1274547 -0.1300452 1.5256149
v 0.1335565 -0.1248167 1.5318207
v 0.1343191 -0.1269684 1.5340929
v 0.1318461 -0.1267076 1.5362989
v 0.1278880 -0.1238717 1.5379628
v 0.1366262 -0.1234626 1.5357676
v 0.1333432 -0.1228714 1.5386996
v 0.1389829 -0.1185073 1.5364419
v 0.1343013 -0.1178327 1.5397932
v 0.1389974 -0.1119517 1.5353339
v 0.1336654 -0.1115639 1.5381869
v 0.1146007 -0.1289695 1.5004926
v 0.1146994 -0.1224715 1.5023818
v 0.1386101 -0.1071802 1.5307814
v 0.1317536 -0.1066956 1.5329622
v 0.1367202 -0.1035119 1.5248884
v 0.1305179 -0.1036979 1.5262733
v 0.1340730 -0.1019568 1.5185100
v 0.1292343 -0.1012385 1.5195838
v 0.1312912 -0.1013783 1.5112884
v 0.1260346 -0.1000447 1.5110919
v 0.1282644 -0.1030749 1.5037216
v 0.1223704 -0.1012870 1.5019320
v 0.1348018 -0.1171515 1.5353913
v 0.1352440 -0.1125136 1.5332991
v 0.1249814 -0.1159511 1.5372450
v 0.1341973 -0.1219066 1.5345561
v 0.1237331 -0.1159440 1.5223820
v 0.1219256 -0.1163072 1.5259230
v 0.1219616 -0.1162533 1.5241630
v 0.1211186 -0.1136481 1.5235758
v 0.1179691 -0.1265888 1.5084234
v 0.1195430 -0.1226788 1.5090996
v 0.1212698 -0.1248208 1.5139368
v 0.1171746 -0.1208902 1.5054286
v 0.1167047 -0.1205340 1.5071821
v 0.1171874 -0.1220734 1.5106342
v 0.1175931 -0.1233800 1.5153596
v 0.1167662 -0.1181731 1.5064742
v 0.1172881 -0.1174393 1.5045969
v 0.1157714 -0.1183168 1.5083465
v 0.1156039 -0.1197917 1.5087886
v 0.1151676 -0.1199290 1.5115196
v 0.1164965 -0.1185619 1.5153939
v 0.1171308 -0.1328739 1.5092859
v 0.1159854 -0.1075104 1.5139055
v 0.1128142 -0.1089754 1.5044680
v 0.1244170 -0.1068611 1.4977629
v 0.1201647 -0.1046405 1.4919730
v 0.1190172 -0.1177115 1.4865234
v 0.1205010 -0.1106048 1.4852063
v 0.1227396 -0.1125221 1.5328706
v 0.1213846 -0.1082485 1.5273001
v 0.1111069 -0.1124525 1.4958586
v 0.1199418 -0.1055247 1.5211600
v 0.1264309 -0.1056509 1.5074902
v 0.1229233 -0.1084800 1.5037851
v 0.1295847 -0.1041715 1.5131001
v 0.1175274 -0.1173351 1.5007108
v 0.1187694 -0.1171770 1.4943835
v 0.1220734 -0.1117997 1.4945752
v 0.1196820 -0.1124675 1.5014144
v 0.1260348 -0.1091132 1.5097117
v 0.1218868 -0.1108663 1.5074358
v 0.1233501 -0.1106064 1.5128350
v 0.1198264 -0.1124674 1.5109562
v 0.1175607 -0.1150541 1.5083536
v 0.1186807 -0.1137780 1.5054618
v 0.1166528 -0.1137764 1.5140076
v 0.1204897 -0.1125297 1.5170210
v 0.1157893 -0.1165426 1.5104335
v 0.1267353 -0.1106166 1.5155488
v 0.1297649 -0.1106812 1.5190964
v 0.1279042 -0.1141976 1.5213820
v 0.1242096 -0.1131326 1.5190635
v 0.1320322 -0.1044758 1.5190069
v 0.1320232 -0.1075521 1.5181726
v 0.1289682 -0.1078330 1.5137031
v 0.1338438 -0.1084481 1.5236367
v 0.1335118 -0.1060220 1.5248555
v 0.1317362 -0.1108031 1.5233519
v 0.1303079 -0.1131665 1.5239517
v 0.1344774 -0.1138107 1.5311093
v 0.1345187 -0.1107687 1.5279535
v 0.1351932 -0.1089092 1.5298304
v 0.1332531 -0.1126593 1.5263748
v 0.1329382 -0.1147773 1.5289468
v 0.1308119 -0.1149512 1.5272808
v 0.1315580 -0.1134173 1.5260935
v 0.1313329 -0.1234540 1.5320544
v 0.1296842 -0.1245678 1.5302831
v 0.1324535 -0.1208313 1.5329648
v 0.1300633 -0.1215833 1.5340698
v 0.1301541 -0.1200105 1.5316517
v 0.1283518 -0.1218748 1.5332294
v 0.1285163 -0.1198788 1.5297900
v 0.1261327 -0.1198849 1.5269957
v 0.0449288 -0.0898760 1.3869397
v 0.0455778 -0.0982412 1.3931837
v 0.0371176 -0.1044340 1.3897769
v 0.0354088 -0.0955449 1.3846903
v 0.1298209 -0.1175231 1.5284335
v 0.1315984 -0.1173558 1.5305802
v 0.1334332 -0.1172273 1.5327705
v 0.1264651 -0.1168302 1.5243322
v 0.1279188 -0.1155195 1.5236130
v 0.1291854 -0.1153408 1.5252395
v 0.1277738 -0.1174838 1.5262053
v 0.1217583 -0.1250756 1.5182500
v 0.1199904 -0.1214854 1.5177947
v 0.1198363 -0.1170538 1.5174823
v 0.0614284 -0.0521958 1.3925175
v 0.0694263 -0.0384405 1.4067107
v 0.0655138 -0.0456945 1.4122830
v 0.0594320 -0.0587890 1.3991067
v 0.0731037 -0.0537526 1.3687759
v 0.0755009 -0.0536271 1.3485805
v 0.0882901 -0.0436929 1.3588057
v 0.0865621 -0.0340323 1.3856383
v 0.0890317 -0.0466230 1.3353162
v 0.0763881 -0.0531458 1.3271913
v 0.0901069 -0.0450813 1.2759084
v 0.0895797 -0.0456907 1.2932826
v 0.0782058 -0.0524729 1.2878005
v 0.0791593 -0.0532132 1.2709991
v 0.1134505 -0.0200275 1.2253353
v 0.1066096 -0.0302935 1.2237905
v 0.1009394 -0.0289580 1.2109337
v 0.1078595 -0.0163375 1.2121144
v 0.1305031 -0.0164059 1.3212806
v 0.1337660 -0.0073458 1.3150255
v 0.1382133 -0.0152298 1.3318111
v 0.1346079 -0.0220743 1.3386814
v 0.0902582 0.0003566 1.4372110
v 0.0821025 -0.0056883 1.4402739
v 0.0802015 -0.0178601 1.4183644
v 0.0902835 -0.0138487 1.4144645
v 0.1209982 0.0307542 1.2482570
v 0.1229141 0.0166295 1.2493001
v 0.1228368 0.0165409 1.2400487
v 0.1211208 0.0287778 1.2383469
v 0.1025949 0.0446468 1.1741879
v 0.1020782 0.0235435 1.1704006
v 0.1070836 0.0245903 1.1544808
v 0.1068882 0.0469593 1.1572969
v 0.0882209 0.1128475 1.2063096
v 0.0876433 0.1163026 1.1889916
v 0.0724432 0.1378597 1.1926610
v 0.0737152 0.1348677 1.2108768
v 0.1080688 -0.0294717 1.2838406
v 0.1090724 -0.0322482 1.3024486
v 0.0997622 -0.0386709 1.2981620
v 0.0997356 -0.0373727 1.2803577
v 0.1779056 -0.0816915 1.2541892
v 0.1702318 -0.0676945 1.2746696
v 0.1565034 -0.0641941 1.2652593
v 0.1646242 -0.0780609 1.2445358
v 0.1128947 0.1069450 1.0970851
v 0.1192087 0.1038253 1.0763877
v 0.1027132 0.1266096 1.0783715
v 0.0961147 0.1282647 1.0989430
v 0.1656107 -0.0163748 1.3653498
v 0.1795880 -0.0035364 1.3749317
v 0.1756912 0.0018123 1.3863272
v 0.1638430 -0.0129556 1.3743730
v 0.1280133 0.0042916 1.2869932
v 0.1307845 -0.0006710 1.3003438
v 0.1285280 -0.0118796 1.3053065
v 0.1255999 -0.0069873 1.2896798
v 0.0841770 0.1307765 1.2472670
v 0.0909671 0.1237802 1.2651664
v 0.0993717 0.1076302 1.2583481
v 0.0955197 0.1128831 1.2406243
v 0.0917488 0.1141707 1.2234518
v 0.0784171 0.1336039 1.2290595
v 0.1206611 -0.0144198 1.2884573
v 0.1233362 -0.0195413 1.3076970
v 0.1167643 -0.0253568 1.3053747
v 0.1146836 -0.0214963 1.2864338
v 0.0924000 -0.0266335 1.1999921
v 0.1008378 -0.0107483 1.2010959
v 0.1311792 0.0770002 1.0731302
v 0.1249061 0.0815091 1.0940752
v 0.1300980 0.0550992 1.0897660
v 0.1364718 0.0501055 1.0686786
v 0.0930367 0.0023266 1.1819905
v 0.0977941 0.0201734 1.1850823
v 0.1011133 0.0113027 1.1951445
v 0.0949770 -0.0042423 1.1923297
v 0.1374645 0.0233682 1.0652869
v 0.1310613 0.0293312 1.0858256
v 0.1299146 0.0041088 1.0829788
v 0.1370656 -0.0026341 1.0608677
v 0.0894041 -0.0457254 1.3132356
v 0.0775201 -0.0527021 1.3070212
v 0.1208870 0.0002193 1.2315559
v 0.1184453 -0.0096779 1.2284107
v 0.1139025 -0.0046074 1.2152858
v 0.1176345 0.0059565 1.2199565
v 0.1296846 0.0275532 1.2987151
v 0.1336389 0.0218274 1.3091939
v 0.1382312 -0.0020024 1.3219960
v 0.1344039 0.0071395 1.3063462
v 0.1082619 0.1259063 1.0569857
v 0.1257176 0.1014888 1.0553412
v 0.1417970 0.0206475 1.0428697
v 0.1408617 -0.0050353 1.0379407
v 0.1241300 0.0649267 1.3109420
v 0.1251224 0.0541380 1.3127391
v 0.1226198 0.0653842 1.3106131
v 0.1221040 0.0749434 1.3107358
v 0.0784525 -0.0539156 1.2154868
v 0.0842077 -0.0422389 1.2038987
v 0.0943872 -0.0402972 1.2138518
v 0.0893461 -0.0481844 1.2222542
v 0.1111361 0.0151551 1.2092557
v 0.1068499 0.0028470 1.2042123
v 0.1051431 0.0263782 1.1995455
v 0.0650411 -0.0576636 1.2093268
v 0.0712166 -0.0420895 1.1932491
v 0.0648022 -0.0607098 1.3006725
v 0.0661188 -0.0611917 1.2828112
v 0.0637040 -0.0611157 1.3197154
v 0.0619819 -0.0628047 1.3386150
v 0.0492126 -0.0718245 1.3315576
v 0.0505672 -0.0701047 1.3129360
v 0.0596037 -0.0650056 1.3564589
v 0.0471651 -0.0740554 1.3483315
v 0.0517315 -0.0655178 1.3814807
v 0.0509491 -0.0712998 1.3888096
v 0.1302790 0.0139603 1.2938646
v 0.1268363 0.0192910 1.2824820
v 0.1407850 0.0474670 1.0472154
v 0.0609599 0.1057634 1.4177234
v 0.0832914 0.1035194 1.4137538
v 0.0738978 0.1112171 1.4014002
v 0.0519229 0.1142449 1.4045782
v 0.1016479 -0.0107141 1.4145778
v 0.0993778 0.0053404 1.4367801
v 0.1168494 0.1089689 1.3307642
v 0.1144074 0.1081647 1.3255011
v 0.1038623 0.1161587 1.3301599
v 0.1059310 0.1158297 1.3367449
v 0.1261920 0.0809986 1.3091966
v 0.1295114 0.0849559 1.3097204
v 0.1372843 0.0750422 1.2975420
v 0.1335831 0.0718133 1.2972452
v 0.0820509 0.1432589 1.0796059
v 0.0748095 0.1442061 1.0997729
v 0.0207158 0.1682487 1.2406217
v 0.0342404 0.1639186 1.2644990
v 0.0489219 0.1588383 1.2494979
v 0.0392341 0.1624969 1.2272063
v -0.0563955 0.0598050 1.3977596
v -0.0365391 0.0739545 1.4043847
v -0.0419770 0.0822441 1.3923650
v -0.0621520 0.0677820 1.3858427
v 0.0180973 0.0919887 1.4300340
v -0.0078427 0.0807896 1.4237115
v -0.0026665 0.0716148 1.4334542
v 0.0240950 0.0817426 1.4406104
v 0.0359787 0.1047105 1.4188990
v 0.0282521 0.1136405 1.4054049
v 0.0720714 0.1434127 1.2573530
v 0.0816755 0.1360740 1.2743979
v 0.0982689 0.1204651 1.2955347
v 0.1048589 0.1127068 1.3019597
v 0.1086629 0.1021972 1.2958691
v 0.1037404 0.1093010 1.2883515
v 0.0747356 -0.0125630 1.4451945
v 0.0764336 0.0083625 1.4579408
v 0.0666269 0.0003190 1.4627788
v 0.0111455 0.0257652 1.4613692
v 0.0241474 0.0254519 1.4635492
v 0.0256069 0.0347144 1.4608082
v 0.0085243 0.0328512 1.4581744
v -0.0682797 0.1257594 1.3206410
v -0.0724791 0.1361058 1.2884894
v -0.0919266 0.1181321 1.2895270
v -0.0872416 0.1084754 1.3198557
v 0.1076558 0.1115661 1.3120200
v 0.1052561 0.1147806 1.3172599
v 0.1126455 0.1048091 1.3163302
v 0.1133972 0.1014874 1.3118614
v 0.0980067 0.1240397 1.3157982
v 0.1011629 0.1197208 1.3086427
v 0.0934862 0.1280559 1.3031611
v 0.0889200 0.1325353 1.3116404
v 0.0487067 0.1566577 1.2821916
v 0.0650029 0.1490698 1.2956389
v 0.0733909 0.1438589 1.2846607
v 0.0602437 0.1518243 1.2691684
v -0.0873442 0.1254861 1.1865907
v -0.0928199 0.1277110 1.2192012
v -0.0757662 0.1432203 1.2178289
v -0.0722524 0.1415734 1.1845841
v 0.1295083 0.0257706 1.3133930
v 0.1299630 0.0165041 1.3033048
v 0.1279436 0.0019062 1.3104363
v 0.1285119 0.0096725 1.3175358
v 0.1555849 0.0734448 1.2988270
v 0.1601106 0.0732104 1.3032103
v 0.1678298 0.0643895 1.2944866
v 0.1632566 0.0653524 1.2905292
v 0.1323073 0.0167110 1.2785398
v 0.1342557 0.0046606 1.2581867
v 0.1321791 -0.0074221 1.2694215
v 0.1303293 0.0054405 1.2881707
v 0.1042032 0.0317460 1.4502311
v 0.0944343 0.0243035 1.4525539
v 0.1088706 0.0104629 1.4360848
v 0.1321238 0.0479847 1.2850365
v 0.1347742 0.0561849 1.2824890
v 0.1409315 0.0461633 1.2638594
v 0.1357089 0.0377372 1.2658880
v 0.1955515 -0.0800422 1.2599499
v 0.1876678 -0.0652698 1.2799371
v 0.1440400 0.0021457 1.2302219
v 0.1365824 0.0154660 1.2499991
v 0.1419593 0.0255633 1.2450967
v 0.1520404 0.0118155 1.2250438
v 0.0329751 0.1638454 1.2042542
v 0.0117593 0.1694448 1.2144514
v 0.0359561 0.1576026 1.0797663
v 0.0283803 0.1583513 1.1005891
v 0.0515150 0.1542912 1.1006852
v 0.0592229 0.1536308 1.0801867
v 0.0876313 0.1431674 1.0586092
v 0.0418303 0.1576454 1.0575640
v 0.0649970 0.1536924 1.0584286
v 0.0549023 -0.0193769 1.4649940
v 0.0595340 -0.0090035 1.4648597
v 0.0424312 -0.0005138 1.4705516
v 0.0403166 -0.0119649 1.4719848
v 0.1107213 0.1496752 0.9363539
v 0.1334594 0.1267843 0.9379492
v 0.1371883 0.1241607 0.9068799
v 0.1110831 0.1486244 0.9040843
v 0.0019486 0.0012684 1.4691852
v 0.0057010 -0.0106138 1.4731316
v 0.0229474 -0.0100875 1.4739330
v 0.0226236 0.0020966 1.4706989
v 0.1084183 0.1496698 0.9643165
v 0.1293457 0.1283093 0.9632577
v 0.0635046 -0.0304580 1.4485070
v 0.0684101 -0.0208747 1.4481932
v 0.0656961 -0.0410917 1.4311918
v 0.0686729 -0.0322878 1.4287527
v 0.0639719 -0.0540591 1.4166513
v 0.1507823 0.1011628 0.9343787
v 0.1573486 0.0983141 0.9055805
v 0.0402756 -0.0239656 1.4718387
v 0.0250443 -0.0218149 1.4745942
v 0.0108691 -0.0224341 1.4758210
v -0.0022153 -0.0269909 1.4764192
v -0.0155943 -0.0343214 1.4756291
v -0.0064310 -0.0419134 1.4770464
v 0.1135067 0.1241913 1.0372620
v 0.0925289 0.1434760 1.0377465
v 0.0372330 0.1471214 0.7873112
v 0.0503248 0.1332366 0.7698077
v 0.0183827 0.1215201 0.7686982
v 0.0086483 0.1374386 0.7853231
v -0.0488568 0.0971172 0.7915891
v -0.0202592 0.1202496 0.7861748
v -0.0109430 0.1020743 0.7735835
v -0.0394230 0.0773718 0.7802419
v -0.0660993 0.1429332 0.9205193
v -0.0626504 0.1412316 0.9435680
v -0.0395909 0.1590322 0.9440346
v -0.0432928 0.1620202 0.9212487
v 0.0695086 0.1546732 1.0376685
v 0.0461900 0.1588423 1.0362062
v 0.1289313 0.0993855 1.0353519
v 0.1791597 0.0552851 0.7736616
v 0.1772843 0.0505764 0.7425614
v 0.1552015 0.0838582 0.7375766
v 0.1590405 0.0907748 0.7693729
v 0.0927596 0.1145671 0.7291489
v 0.0577377 0.1092984 0.7281324
v 0.0554500 0.1202762 0.7495787
v 0.0908745 0.1252584 0.7552989
v 0.1370331 -0.0294327 1.0332158
v 0.1355113 -0.0298265 1.0097775
v 0.1402476 -0.0058938 1.0156460
v 0.1044226 -0.0874956 1.0182893
v 0.1015986 -0.0869255 0.9957783
v 0.1153791 -0.0706301 0.9998243
v 0.1193899 -0.0708714 1.0233529
v 0.0990567 -0.0812605 0.8965601
v 0.1038327 -0.0769411 0.9186356
v 0.0915242 -0.0875772 0.9182116
v 0.0893773 -0.0881675 0.8983509
v 0.1621741 0.0734569 0.9295408
v 0.1538782 0.0746842 0.9537099
v 0.1553787 0.0434027 0.9476863
v 0.1629832 0.0383774 0.9243870
v -0.0054501 0.0846018 0.7639954
v -0.0285877 0.0570660 0.7749463
v 0.1866066 0.0163024 0.7826096
v 0.1869629 0.0122109 0.7492377
v 0.1799912 -0.0236838 0.7565206
v 0.1782449 -0.0172027 0.7894956
v 0.1573591 -0.0433864 0.7922846
v 0.1582469 -0.0506635 0.7612118
v 0.0679852 -0.0725610 0.8067923
v 0.0614417 -0.0650977 0.8037338
v 0.0880133 -0.0690348 0.8223033
v 0.0920339 -0.0786933 0.8324345
v -0.0638602 0.1246773 0.8286646
v -0.0387717 0.1452164 0.8251911
v -0.0310608 0.1351388 0.8033297
v -0.0579229 0.1140266 0.8098823
v 0.0237916 0.1576362 1.0340120
v 0.0195339 0.1555758 1.0560906
v -0.0007056 0.1500228 1.0550577
v -0.0062682 0.1499282 1.0784941
v 0.0140863 0.1562204 1.0796220
v -0.0308724 0.1645625 1.2376557
v -0.0191677 0.1641274 1.2678786
v 0.0012981 0.1693686 1.2521947
v -0.0090930 0.1699142 1.2259118
v -0.0135882 0.0888670 1.4119990
v -0.0198508 0.0969734 1.3992855
v 0.0233820 0.0951903 0.7334344
v 0.0318293 0.0884250 0.7083197
v 0.0077305 0.0631237 0.7164761
v -0.0058604 0.0616991 0.7483071
v 0.0932363 0.1043396 0.7021441
v 0.1261995 0.1064309 0.7337955
v 0.1239270 0.0975583 0.7042205
v 0.1761352 0.0415735 0.7112456
v 0.1530949 0.0745041 0.7073635
v 0.1799553 -0.0321590 0.7236146
v 0.1575418 -0.0578610 0.7287756
v 0.0665357 -0.0645502 0.7574903
v 0.0634191 -0.0632445 0.7315455
v 0.0936266 -0.0696697 0.7322766
v 0.0957001 -0.0683300 0.7599185
v 0.1269963 -0.0546672 0.8843161
v 0.1309429 -0.0481308 0.8656821
v 0.1477414 -0.0238864 0.8821624
v 0.1443297 -0.0212069 0.9035247
v 0.1186785 -0.0689094 1.0499324
v 0.1070476 -0.0838182 1.0439697
v 0.1340162 -0.0270291 1.0577889
v 0.1279609 -0.0501108 1.0544735
v 0.1302775 -0.0525117 1.0286129
v 0.0948199 -0.0481038 1.1343959
v 0.0999566 -0.0541982 1.1181047
v 0.1101969 -0.0320823 1.1191020
v 0.1053426 -0.0258047 1.1350750
v 0.0987012 -0.0202865 1.1503504
v 0.0878237 -0.0416220 1.1493031
v 0.0710850 -0.0332499 1.1795802
v 0.0843379 -0.0156449 1.1800418
v 0.0849607 -0.0218900 1.1905572
v 0.0514849 -0.0690606 1.2944470
v 0.0529517 -0.0689258 1.2775265
v 0.1696748 0.0637006 0.9012067
v -0.0093353 0.0214885 0.7511786
v -0.0024155 0.0282833 0.7226476
v 0.0039120 -0.0030734 0.7262399
v 0.0031227 -0.0080137 0.7518099
v 0.1442683 0.1033201 0.9582178
v 0.1361413 0.0743312 1.0516825
v 0.1386607 0.0729132 1.0316234
v 0.1002318 0.0828995 1.2041595
v 0.0970899 0.0915502 1.1852769
v 0.1005798 -0.0374880 1.2212059
v 0.0986569 -0.0408200 1.2279147
v 0.1274449 0.1168463 0.7635106
v 0.1774989 -0.0399145 0.6923420
v 0.1549178 -0.0634098 0.6967111
v 0.1516857 -0.0688449 0.6659626
v 0.1745103 -0.0468770 0.6621821
v 0.0388639 -0.0465761 0.7014195
v 0.0407766 -0.0443009 0.6707478
v 0.0616130 -0.0604698 0.6734618
v 0.0620432 -0.0613816 0.7032703
v 0.0440349 -0.0448434 0.6402225
v 0.0453036 -0.0456616 0.6103532
v 0.0635556 -0.0633816 0.6109388
v 0.0637722 -0.0623883 0.6420759
v 0.1859882 0.0042652 0.7169817
v 0.1739265 0.0192080 0.6538172
v 0.1750155 0.0296500 0.6823625
v 0.1838699 -0.0055630 0.6865923
v 0.1822406 -0.0142773 0.6568444
v 0.0607642 0.1010437 0.7035186
v 0.0413359 -0.0533577 0.7548282
v 0.0396715 -0.0495829 0.7299691
v 0.0161072 -0.0002918 0.6640314
v 0.0086725 -0.0009343 0.6958662
v 0.0055158 0.0296827 0.6908832
v 0.0153148 0.0285922 0.6595324
v 0.1011472 0.0837993 0.6502360
v 0.0961022 0.0939378 0.6764473
v 0.1264546 0.0839754 0.6779728
v 0.1297659 0.0725381 0.6517199
v 0.1537652 0.0607557 0.6798646
v 0.1548643 0.0490980 0.6523046
v 0.1717559 -0.0018735 0.5978366
v 0.1722554 0.0088582 0.6254035
v 0.1794104 -0.0238952 0.6278073
v 0.1761059 -0.0330830 0.5993778
v 0.1555689 0.0268850 0.5985702
v 0.1548544 0.0380202 0.6254850
v 0.1342373 0.0485140 0.6003211
v 0.1324607 0.0602887 0.6258656
v 0.1097176 0.0592631 0.6013094
v 0.1058906 0.0714982 0.6257558
v 0.0856922 0.0615119 0.6021678
v 0.0793731 0.0724044 0.6256584
v 0.0545207 0.0642697 0.6267915
v 0.0630031 0.0544383 0.6029877
v 0.0449153 0.0398441 0.6041349
v 0.0355952 0.0470587 0.6296024
v 0.0289776 -0.0028320 0.6070724
v 0.0237912 -0.0012249 0.6348234
v 0.0242959 0.0244011 0.6320527
v 0.0321891 0.0198238 0.6055412
v 0.0456828 -0.0011618 0.5058215
v 0.0383859 -0.0031075 0.5307306
v 0.0508819 0.0120507 0.5338680
v 0.0582001 0.0115446 0.5104157
v 0.0706940 0.0234625 0.5149827
v 0.0656910 0.0232173 0.5367791
v 0.0808099 0.0320146 0.5391273
v 0.0859189 0.0325463 0.5177339
v 0.1188909 0.0308333 0.5362220
v 0.1227018 0.0315383 0.5145435
v 0.1031198 0.0358477 0.5180501
v 0.0989679 0.0355155 0.5390890
v 0.1405725 0.0224303 0.5316691
v 0.1433207 0.0219744 0.5093894
v 0.1579827 0.0030733 0.5256500
v 0.1564944 0.0007276 0.5008111
v 0.1653585 -0.0256660 0.5183370
v 0.1631743 -0.0263281 0.4927116
v 0.0550673 -0.0593409 0.5215286
v 0.0404089 -0.0427676 0.5251620
v 0.0421619 -0.0356090 0.4982006
v 0.0538974 -0.0526471 0.4937878
v 0.1004521 -0.0816584 0.5146322
v 0.0958836 -0.0709349 0.4852744
v 0.1223105 -0.0804647 0.4855049
v 0.1294181 -0.0898896 0.5137226
v 0.1713351 -0.0120161 0.5708874
v 0.1558404 0.0163814 0.5737089
v 0.1359129 0.0373944 0.5767286
v 0.1126960 0.0470046 0.5791436
v 0.0318908 -0.0037630 0.5810399
v 0.0386977 0.0173330 0.5807640
v 0.0616494 -0.0641677 0.5799850
v 0.0449811 -0.0468858 0.5811067
v 0.1597762 -0.0778712 0.5423596
v 0.1706286 -0.0516097 0.5423139
v 0.1732604 -0.0427287 0.5706867
v 0.1617536 -0.0693924 0.5726779
v 0.1570065 0.0082811 0.5495664
v 0.1378556 0.0278389 0.5541696
v 0.1160443 0.0364683 0.5573949
v 0.0763002 0.0375612 0.5592487
v 0.0955907 0.0408915 0.5594216
v 0.0599292 0.0281502 0.5580699
v 0.0352917 -0.0036431 0.5555171
v 0.0437908 0.0155979 0.5571983
v 0.0585368 -0.0625758 0.5499238
v 0.0427674 -0.0459479 0.5526517
v 0.1500834 -0.0735932 0.4857531
v 0.1649598 -0.0521689 0.4875107
v 0.1684346 -0.0548538 0.5137193
v 0.1572052 -0.0805762 0.5121045
v 0.1411788 -0.0609913 0.4619945
v 0.1186622 -0.0657044 0.4616811
v 0.0897298 0.0387595 0.4982970
v 0.0738216 0.0299152 0.4957265
v 0.1067127 0.0422352 0.4970197
v 0.1568494 0.0015842 0.4749370
v 0.1455488 0.0257897 0.4859148
v 0.1601812 -0.0247001 0.4657682
v 0.1565861 -0.0472385 0.4639152
v 0.0502329 -0.0146846 0.4499075
v 0.0597755 -0.0295251 0.4436207
v 0.0579148 -0.0418646 0.4700945
v 0.0483749 -0.0267754 0.4744681
v 0.0495429 0.0173506 0.4632034
v 0.0531266 0.0029829 0.4842602
v 0.0622940 0.0169127 0.4901308
v 0.0573078 0.0337051 0.4703662
v 0.0891078 0.0544909 0.4770149
v 0.0713030 0.0466321 0.4754881
v 0.1090124 0.0570930 0.4766114
v 0.1458214 0.0324525 0.4596653
v 0.1304340 0.0508530 0.4703906
v 0.1273270 0.0389134 0.4943166
v 0.1575364 0.0066633 0.4474188
v 0.1474959 -0.0083690 0.4064396
v 0.1571456 0.0168169 0.4178406
v 0.1509668 -0.0215597 0.4354374
v 0.1062851 0.0218779 0.3131150
v 0.0988959 0.0378183 0.2818806
v 0.1172345 0.0481538 0.2860583
v 0.1274166 0.0340301 0.3171278
v 0.0439964 -0.0012036 0.4238357
v 0.0563671 -0.0167751 0.4172110
v 0.0517033 0.0514531 0.4471470
v 0.0426105 0.0341982 0.4392345
v 0.1451893 0.0599734 0.4043140
v 0.1293251 0.0796245 0.4160063
v 0.1318925 0.0644327 0.4440539
v 0.1477576 0.0448227 0.4326293
v 0.0368962 0.0249426 0.3285787
v 0.0412191 0.0100260 0.3586199
v 0.0291845 0.0274803 0.3667792
v 0.0256251 0.0411664 0.3360842
v 0.0446921 0.0667872 0.4196834
v 0.0392377 0.0807482 0.3897567
v 0.0288874 0.0633961 0.3824727
v 0.0354191 0.0492511 0.4117478
v 0.1307309 0.0845110 0.3404934
v 0.1159147 0.1033172 0.3505711
v 0.1235315 0.0929766 0.3852115
v 0.1394341 0.0734395 0.3736696
v 0.1433100 0.0055414 0.3774538
v 0.1366762 0.0205572 0.3479483
v 0.1457641 0.0457249 0.3602697
v 0.1526754 0.0316145 0.3895850
v 0.1206038 -0.0082338 0.3736618
v 0.1146136 0.0063856 0.3441195
v 0.0292729 0.0714566 0.2697873
v 0.0370805 0.0590405 0.2611328
v 0.0368628 0.0419474 0.2955745
v 0.0276406 0.0562953 0.3039216
v 0.0372132 0.0926816 0.3571060
v 0.0380262 0.1019029 0.3214913
v 0.0286711 0.0868850 0.3164908
v 0.0259926 0.0760640 0.3509269
v 0.1098591 0.1054401 0.2695864
v 0.0968374 0.1195339 0.2772977
v 0.1068390 0.1116519 0.3140599
v 0.1202918 0.0952171 0.3056236
v 0.1066328 0.0637424 0.2527167
v 0.1154723 0.0845840 0.2604865
v 0.1269759 0.0709538 0.2953054
v 0.0904330 0.0538597 0.2488717
v 0.0839017 0.0683044 0.2160701
v 0.0975579 0.0766806 0.2191670
v 0.0294981 0.0853170 0.2362067
v 0.0381698 0.0744556 0.2289554
v 0.0281686 0.1071987 0.2465839
v 0.0298798 0.0974609 0.2809287
v 0.0375309 0.1109097 0.2860969
v 0.0349441 0.1195244 0.2517968
v 0.0667850 0.1277602 0.2851906
v 0.0623289 0.1344431 0.2507945
v 0.0471066 0.1293764 0.2532471
v 0.0511843 0.1220878 0.2876602
v 0.0879171 0.1263802 0.2438618
v 0.0748711 0.1326478 0.2480633
v 0.0825106 0.1272251 0.2828922
v 0.1007392 0.1136942 0.2367490
v 0.1051876 0.0948212 0.2270009
v -0.0052081 -0.0030219 0.7780067
v -0.0082526 0.0102967 0.7707040
v 0.0062123 -0.0153422 0.7697367
v 0.0105037 -0.0250653 0.7795910
v 0.0915242 -0.0728529 0.6720986
v 0.0922558 -0.0709340 0.7031071
v 0.0869851 -0.0773029 0.6093748
v 0.0904990 -0.0759452 0.6405419
v 0.0844798 -0.0775231 0.5779958
v 0.0753069 -0.0712466 0.5163593
v 0.0806219 -0.0755212 0.5469872
v 0.0738896 -0.0632102 0.4881040
v 0.0753932 -0.0523313 0.4625671
v 0.0772183 -0.0397329 0.4364411
v 0.0706461 -0.0144307 0.3824353
v 0.0762432 -0.0262644 0.4105672
v 0.0489230 -0.0038646 0.3881183
v 0.0582235 0.0145964 0.3205256
v 0.0639587 -0.0010634 0.3519352
v 0.0526025 0.0516393 0.2537344
v 0.0550022 0.0329458 0.2871817
v 0.0526364 0.0681523 0.2223077
v 0.1290175 -0.0533412 0.8135041
v 0.1304217 -0.0476613 0.8339194
v 0.1053702 -0.0618674 0.8212282
v 0.1018478 -0.0633192 0.8049895
v 0.0376105 -0.0540742 0.7932090
v 0.0318194 -0.0479489 0.7927929
v 0.0448205 -0.0570954 0.7961009
v 0.0504580 -0.0631971 0.7968624
v 0.1691165 -0.0206780 0.5445829
v 0.0908514 0.0507564 0.5804160
v 0.0529425 0.0335468 0.5809930
v 0.0705789 0.0452003 0.5805894
v 0.1058561 -0.0887244 0.5445457
v 0.1351164 -0.0909850 0.5435418
v 0.1386689 -0.0859368 0.5744205
v 0.1110244 -0.0865687 0.5756834
v 0.1254234 -0.0215888 0.3993658
v 0.1002813 -0.0277844 0.4037053
v 0.0955790 -0.0131199 0.3769868
v 0.1304243 -0.0345802 0.4231524
v 0.1100603 0.0735690 0.4519110
v 0.0881578 0.0731441 0.4543954
v 0.0623964 0.0811772 0.4255232
v 0.0681570 0.0650708 0.4524647
v 0.0839399 0.0898245 0.4273238
v 0.1187465 -0.0820757 0.6369456
v 0.1149260 -0.0846221 0.6066110
v 0.1428382 -0.0794933 0.6047306
v 0.1472886 -0.0743938 0.6354024
v 0.0203444 0.1576655 1.1209183
v 0.0427014 0.1540330 1.1200236
v 0.1160994 0.0367423 1.2243019
v 0.1140754 0.0267525 1.2154188
v 0.1071727 0.0411966 1.2063402
v 0.1087195 0.0555929 1.2158114
v 0.1108017 0.0637721 1.2269565
v 0.1172062 0.0435623 1.2342623
v 0.1114999 0.0670455 1.2395747
v 0.1169655 0.0470061 1.2451846
v 0.1231822 0.0463706 1.2976918
v 0.1269419 0.0409894 1.3057824
v 0.0551017 -0.0489287 1.1766591
v 0.0636155 -0.0539043 1.1629458
v 0.0792657 -0.0362428 1.1643067
v 0.1278245 -0.0532100 1.0045739
v 0.1296198 -0.0426004 0.9201477
v 0.1164219 -0.0627999 0.9188172
v 0.1111077 -0.0691061 0.8932068
v 0.0782951 -0.0830438 0.8309363
v 0.0649997 -0.0808518 0.8163629
v 0.0496757 -0.0685524 0.8004396
v 0.0377682 -0.0589863 0.7936312
v -0.0538896 0.1532527 1.1809290
v -0.0559639 0.1549704 1.2139940
v -0.0514043 0.0516058 1.4082635
v -0.0304218 0.0657449 1.4150112
v -0.0214988 0.0499791 1.4335001
v -0.0425141 0.0363480 1.4262860
v -0.0383979 0.0286481 1.4346358
v -0.0180561 0.0415943 1.4410505
v -0.0110939 -0.0162445 1.4732471
v -0.0176014 -0.0054891 1.4663003
v 0.0188599 -0.0355443 0.7914914
v 0.0111201 -0.0271823 0.7887618
v 0.0249722 -0.0415439 0.7911460
v 0.0693748 -0.0649819 0.7793322
v 0.0731962 -0.0660491 0.7961714
v 0.0467958 -0.0574353 0.7885388
v 0.0447564 -0.0563462 0.7744484
v 0.1617758 0.0941376 0.8033085
v 0.1813654 0.0558815 0.8066507
v 0.0220762 0.1065858 0.7522558
v 0.1760640 -0.0210236 1.1873173
v 0.1639417 -0.0038243 1.2062790
v 0.1770151 0.0025328 1.2046983
v 0.1890429 -0.0162977 1.1861845
v -0.0444908 0.1392952 1.3237781
v -0.0428912 0.1512249 1.2899836
v 0.0736641 -0.0243954 1.4243996
v 0.1335822 0.0143893 1.4280623
v 0.1201773 0.0133874 1.4329165
v 0.1225157 -0.0047486 1.4130485
v 0.1326400 -0.0045783 1.4097160
v 0.1111543 0.0935680 1.4206528
v 0.0926760 0.0950073 1.4256578
v 0.1020370 0.0806722 1.4368034
v 0.1181806 0.0792958 1.4308697
v -0.0463605 0.1622756 0.8956456
v -0.0687920 0.1423137 0.8962566
v -0.0518300 0.1311072 1.1019786
v -0.0594844 0.1337433 1.1264753
v -0.0419555 0.1454760 1.1248983
v -0.0337367 0.1441555 1.1007472
v -0.0119594 0.1555017 1.3087491
v 0.0014062 0.1628284 1.2887069
v 0.0612298 -0.0651634 1.2242901
v 0.0746765 -0.0594699 1.2282279
v 0.0716724 -0.0616048 1.2403143
v 0.0584426 -0.0687890 1.2368202
v 0.1882357 0.0288956 1.2426436
v 0.1779527 0.0240526 1.2277543
v 0.1627394 0.0392896 1.2468453
v 0.1693058 0.0448388 1.2560757
v 0.0847102 0.1374104 0.7795464
v 0.1251807 0.1274328 0.7994996
v 0.0556614 0.1528561 1.1559881
v 0.0591507 0.1485165 1.1369431
v 0.0356961 0.1572612 1.1393301
v 0.0321753 0.1623462 1.1593150
v 0.0570078 0.1510993 1.2174789
v 0.0534729 0.1531780 1.1973244
v 0.0640264 0.1488288 1.2377296
v 0.1242127 0.0752144 1.3094551
v 0.1203591 0.0839252 1.3119903
v 0.1198087 0.0898185 1.3139283
v 0.0986213 -0.0649586 0.7849149
v 0.1116736 -0.0646020 0.8446281
v 0.1107994 -0.0721301 0.8568973
v 0.0261804 -0.0444848 0.7915267
v 0.0280213 -0.0496348 0.7911359
v 0.0648928 -0.0635020 1.4202587
v 0.0649416 -0.0505635 1.4333212
v 0.1328464 0.0275476 1.2710646
v 0.1306601 0.0387529 1.2897413
v 0.1134865 0.0954035 1.3016131
v 0.1183172 0.0867947 1.3058918
v 0.1203367 0.0744416 1.3047402
v 0.1159371 0.0814314 1.2985022
v 0.1105625 0.1051924 1.3061108
v 0.1158796 0.0956614 1.3082496
v 0.1254811 -0.0231880 1.3250396
v 0.1283812 -0.0263360 1.3430593
v 0.1206632 -0.0299858 1.3455632
v 0.1189231 -0.0285430 1.3262558
v 0.1098471 -0.0334175 1.3231525
v 0.1110196 -0.0336883 1.3449420
v 0.1005971 -0.0397263 1.3416919
v 0.1002651 -0.0398324 1.3188739
v 0.0760258 -0.0351311 1.3993914
v 0.0671019 -0.0513407 1.3839637
v 0.0558269 -0.0648597 1.3718145
v 0.0445431 -0.0752205 1.3624553
v -0.0225238 0.0056264 1.4592304
v 0.0009148 0.0156986 1.4629113
v -0.0093008 0.0248088 1.4547118
v -0.0286322 0.0135955 1.4504628
v -0.0480690 0.0010686 1.4455889
v -0.0421680 -0.0071588 1.4550570
v 0.0596029 -0.0677747 1.4040366
v 0.0528520 -0.0803277 1.3940689
v 0.0440702 -0.0823956 1.3806095
v 0.2121986 -0.0730855 1.2592531
v 0.2046706 -0.0579108 1.2793282
v 0.0531118 -0.0312710 1.4632829
v 0.0617758 -0.0401271 1.4487529
v 0.2250950 -0.0609611 1.2538597
v 0.2179361 -0.0458410 1.2744480
v 0.1132771 -0.0195118 1.3894513
v 0.1226436 -0.0164997 1.3900019
v 0.1116060 -0.0064345 1.4143682
v 0.0614953 -0.0767385 1.4080781
v 0.0548734 -0.0890353 1.3988402
v 0.1641105 0.0931832 0.8374342
v 0.1806442 0.0558061 0.8385168
v 0.1050477 0.1101874 1.1159493
v 0.1172984 0.0862915 1.1128645
v 0.0627227 -0.0830763 1.1318268
v 0.0686209 -0.0873553 1.1148805
v 0.0863006 -0.0728455 1.1164443
v 0.0801687 -0.0668267 1.1334896
v 0.0377758 -0.0644503 1.1739657
v 0.0454357 -0.0696072 1.1608643
v 0.0386200 -0.1148343 1.3943966
v 0.1126671 -0.0655721 1.0766175
v 0.1051636 -0.0599119 1.0992455
v 0.0916892 -0.0780682 1.0958785
v 0.0984101 -0.0835922 1.0703273
v 0.0964041 -0.0931947 1.0414024
v 0.0969717 -0.0952063 1.0274076
v 0.0958153 -0.0851423 0.8783406
v 0.0880361 -0.0901924 0.8798926
v 0.1541035 -0.0364711 1.3251896
v 0.1712214 -0.0339718 1.3327688
v 0.1678272 -0.0272671 1.3459057
v 0.1523269 -0.0304604 1.3361938
v 0.1274606 -0.0210524 1.0814679
v 0.1219836 -0.0450050 1.0801400
v 0.1252838 0.0330331 1.2879803
v 0.1188108 0.0522741 1.2879845
v 0.0520628 -0.0523416 1.1898523
v 0.0858429 -0.0520158 1.2331081
v 0.0832812 -0.0537111 1.2442576
v 0.0959451 -0.0431830 1.2386157
v 0.0935794 -0.0444617 1.2489474
v 0.0182625 -0.0390168 0.7893085
v 0.0172014 -0.0334048 0.7931579
v 0.1907575 0.0518203 1.3200480
v 0.1861219 0.0548006 1.3123865
v 0.1784483 0.0662627 1.3230722
v 0.1839114 0.0625131 1.3310651
v 0.0202503 -0.0341508 0.7537102
v 0.0236178 -0.0385602 0.7708882
v -0.0165081 0.0336767 0.7739230
v -0.0159025 0.0097579 0.7783225
v -0.0253679 0.0140706 0.7841278
v -0.0330800 0.0216220 0.7848182
v 0.1264111 -0.0699017 0.7300979
v 0.1280934 -0.0643772 0.7616636
v 0.1243935 -0.0740890 0.6990462
v 0.1220765 -0.0786806 0.6677150
v 0.0972204 -0.0583692 0.4593514
v 0.1044105 -0.0444350 0.4317524
v 0.0894613 0.0013571 0.3470064
v 0.0830727 0.0167967 0.3157826
v 0.0771655 0.0340501 0.2827345
v 0.0688319 0.0663228 0.2173970
v 0.0715823 0.0510308 0.2491130
v 0.2327009 -0.0494556 1.2439045
v 0.2356628 -0.0388794 1.2308581
v 0.2267037 -0.0199044 1.2517866
v 0.2246149 -0.0315242 1.2657771
v 0.1397554 -0.0089353 1.2395082
v 0.1483027 -0.0227870 1.2211901
v 0.1450884 -0.0346105 1.2314566
v 0.1375073 -0.0209988 1.2506127
v 0.1579946 -0.0374594 1.2017857
v 0.1541446 -0.0121437 1.2124634
v 0.1656149 -0.0280679 1.1932878
v 0.2037107 -0.0147468 1.1908359
v 0.1909427 0.0051721 1.2089188
v 0.2039729 0.0043049 1.2185354
v 0.2165092 -0.0169008 1.1982308
v 0.2335929 -0.0296518 1.2181353
v 0.2268272 -0.0222707 1.2069800
v 0.2163754 -0.0028504 1.2269913
v 0.2242133 -0.0119615 1.2381444
v 0.1563265 -0.0703929 1.2338959
v 0.1476954 -0.0566088 1.2543053
v 0.1444826 -0.0464871 1.2427526
v 0.1529352 -0.0602135 1.2229489
v 0.1881943 -0.0244806 1.3350636
v 0.1842507 -0.0171610 1.3508073
v 0.1316706 0.0191351 1.3172491
v 0.1290302 0.0163014 1.3216595
v 0.1333045 -0.0041927 1.3255883
v 0.1369319 0.0001417 1.3249056
v 0.1802939 -0.0516156 1.2997481
v 0.1980708 -0.0441606 1.2988694
v 0.1922966 -0.0330685 1.3182583
v 0.1751388 -0.0413268 1.3173548
v 0.1401959 -0.0438605 1.2732454
v 0.1328036 -0.0325730 1.2913218
v 0.1307499 -0.0208086 1.2804844
v 0.1369222 -0.0331817 1.2618668
v 0.1506593 0.0337804 1.2443092
v 0.1636485 0.0194184 1.2241130
v 0.1377725 -0.0254900 1.3257275
v 0.1386996 -0.0325135 1.3155056
v 0.1214552 0.0382927 1.2780419
v 0.1120253 0.0871626 1.2914065
v 0.1080897 0.0940069 1.2825657
v 0.1195160 0.0155262 1.2242860
v 0.1222594 0.0088123 1.2332249
v 0.1064259 0.0876323 1.2538045
v 0.1051453 0.0906218 1.2379397
v 0.1223030 0.0156827 1.2341644
v 0.1206435 0.0234064 1.2303081
v 0.0986918 0.0035317 1.1678377
v 0.0428835 -0.0770524 1.3728171
v 0.1424932 -0.0409907 1.3018692
v 0.1575948 -0.0442099 1.3107330
v 0.1564788 0.0558117 1.2696733
v 0.1489926 0.0519040 1.2649089
v 0.1393776 0.0622408 1.2823292
v 0.1456782 0.0654704 1.2834926
v 0.0417898 0.1487883 1.3317469
v 0.0489500 0.1514650 1.3189518
v 0.0241262 0.1578293 1.3057246
v 0.0140635 0.1546812 1.3213180
v 0.1993192 0.0398083 1.3286958
v 0.1942366 0.0489369 1.3422835
v 0.1983285 0.0360613 1.3463499
v 0.2033776 0.0267597 1.3308925
v 0.1999526 0.0192721 1.3499744
v 0.1969202 -0.0003050 1.3519827
v 0.2003866 -0.0090518 1.3351025
v 0.2044784 0.0099130 1.3331020
v 0.1385464 0.1213368 0.8738361
v 0.1102130 0.1468061 0.8740200
v 0.1420030 0.0195964 1.0210563
v 0.1422738 0.0463358 1.0258810
v 0.1422758 -0.0174482 0.9290176
v 0.0559282 -0.0621749 0.8010408
v 0.0829915 -0.0683493 0.8151084
v 0.0192744 -0.0294937 0.7279258
v 0.1610843 0.0956072 0.8701176
v 0.0260016 -0.0247399 0.6676655
v 0.0214124 -0.0264246 0.6986190
v 0.0265527 0.0547704 0.6555681
v 0.0169237 0.0602609 0.6845797
v 0.0392872 0.0807266 0.6798142
v 0.0463629 0.0733393 0.6524836
v 0.0664516 0.0927221 0.6772178
v 0.0723917 0.0831945 0.6504157
v 0.1647047 -0.0606037 0.6032296
v 0.0572558 0.0952003 0.3941844
v 0.0747240 0.1130582 0.3603881
v 0.0542994 0.1057658 0.3602067
v 0.0791248 0.1032013 0.3956921
v 0.1070988 0.0891142 0.4241221
v 0.1020251 0.1022779 0.3928510
v 0.1369345 0.0573171 0.3283909
v 0.0529722 0.1142268 0.3240442
v 0.0710610 0.1211412 0.3227877
v 0.0965925 0.1121958 0.3574739
v 0.0899518 0.1205382 0.3203200
v 0.0274544 -0.0438274 0.7833772
v -0.0432233 0.0349535 0.7845019
v 0.1830430 0.0233804 0.8424115
v 0.1863026 0.0207552 0.8125798
v 0.1315443 -0.0455971 0.8499862
v 0.1506063 -0.0268698 0.8621187
v 0.1251006 0.0360909 1.1046534
v 0.1235006 0.0114695 1.1026018
v 0.1126771 0.0457685 1.1400412
v 0.1185496 0.0422605 1.1222640
v 0.1166514 0.0660762 1.1268731
v 0.1100842 0.0693636 1.1441258
v 0.0930426 0.1164526 1.1512158
v 0.0976743 0.1131481 1.1332728
v 0.0804522 0.1330426 1.1349212
v 0.0763165 0.1373713 1.1538200
v 0.0663540 0.1456010 1.1189240
v 0.0880598 0.1309650 1.1174393
v -0.0287744 0.1559016 1.1478789
v -0.0335710 0.1608742 1.1758914
v -0.0128746 0.1650484 1.1701754
v -0.0081040 0.1599776 1.1449549
v 0.1043118 -0.0786777 0.8698807
v 0.0378160 -0.0521805 0.7949074
v 0.1291455 -0.0588634 0.7897715
v 0.1553370 -0.0351893 0.8191414
v 0.1765333 -0.0097568 0.8176190
v 0.1304548 0.0282577 1.2962642
v 0.0934515 0.1245617 1.3315948
v 0.0933516 0.1227085 1.3401936
v 0.2050467 -0.0188691 1.3165681
v 0.2095868 0.0001382 1.3140901
v 0.1288050 -0.0227948 1.3062558
v 0.1658793 -0.0213191 1.3564052
v 0.1521877 -0.0213198 1.3523694
v 0.1513239 -0.0251044 1.3452964
v 0.1563696 0.0083737 0.9160708
v 0.1624020 0.0032562 0.8913702
v 0.1719961 0.0327807 0.8968219
v -0.0085492 -0.0038207 0.7826708
v -0.0138647 0.0000150 0.7841242
v 0.1099418 -0.0615294 0.8337703
v 0.0329016 -0.0254548 0.6088673
v 0.0302872 -0.0251427 0.6379030
v 0.0338914 -0.0262628 0.5816033
v 0.0335522 -0.0255942 0.5551074
v 0.0340388 -0.0224618 0.5282148
v 0.0393232 -0.0170041 0.5028433
v 0.0466169 -0.0109985 0.4800100
v 0.0468436 0.0012416 0.4567712
v 0.0360281 0.0133320 0.3958184
v 0.0402553 0.0163749 0.4315900
v 0.0326162 0.0313516 0.4039656
v 0.0256023 0.0453933 0.3746785
v 0.0254414 0.0717855 0.3106468
v 0.0228374 0.0589553 0.3441314
v 0.0276767 0.0847875 0.2766513
v 0.0270021 0.0957548 0.2415446
v 0.0108387 -0.0271902 0.7888968
v 0.0012307 -0.0153675 0.7861870
v 0.1019496 -0.0240755 1.3879184
v 0.1187344 0.0643471 1.2977896
v 0.1224979 0.0589077 1.3046925
v 0.1277993 -0.0151345 1.3171370
v -0.0550614 0.0518245 0.7896351
v -0.0661413 0.0692952 0.7993352
v 0.2127075 0.0076358 1.2564762
v 0.2168858 -0.0000315 1.2707670
v 0.1278937 -0.0081604 1.2978328
v 0.1274110 0.0379497 1.3143104
v 0.1270964 0.0334913 1.3189431
v 0.2323483 -0.2056258 1.2126543
v 0.2256732 -0.2242350 1.2149095
v 0.2352752 -0.2268177 1.2082426
v 0.2423138 -0.2078128 1.2049217
v 0.2199371 -0.2029136 1.2156891
v 0.2140097 -0.2213533 1.2167442
v 0.1781061 -0.1989177 1.1704150
v 0.1779423 -0.2197694 1.1714498
v 0.1796198 -0.2174274 1.1847760
v 0.1807014 -0.1966455 1.1845304
v 0.1975644 -0.2369912 1.2149749
v 0.2023506 -0.2185353 1.2142827
v 0.1925038 -0.2166753 1.2071440
v 0.1889551 -0.2358302 1.2075224
v 0.1928422 -0.2049594 1.1455324
v 0.1914486 -0.1839941 1.1430921
v 0.2049471 -0.1859966 1.1372255
v 0.2060623 -0.2067962 1.1413341
v 0.1858863 -0.1193502 1.1745821
v 0.1864475 -0.1084615 1.1778274
v 0.1828175 -0.1072503 1.1642772
v 0.1826818 -0.1198195 1.1607307
v 0.2452475 -0.1671886 1.2090582
v 0.2387001 -0.1863815 1.2107744
v 0.2485657 -0.1879357 1.2014944
v 0.2543780 -0.1676368 1.1977067
v 0.2035683 -0.1581256 1.2070645
v 0.2083068 -0.1389617 1.2061145
v 0.1968742 -0.1363444 1.1961449
v 0.1924262 -0.1557388 1.1960552
v 0.2582273 -0.1468510 1.1929501
v 0.2517149 -0.1479761 1.2064654
v 0.1961200 -0.1971999 1.2070382
v 0.1993933 -0.1776858 1.2072588
v 0.1892749 -0.1756474 1.1966796
v 0.1872374 -0.1959746 1.1967595
v 0.1937957 -0.2449165 1.1541457
v 0.1937364 -0.2251385 1.1494271
v 0.2062872 -0.2267148 1.1463064
v 0.2056188 -0.2464604 1.1522623
v 0.1829346 -0.2361243 1.1972819
v 0.1851399 -0.2161773 1.1969266
v 0.1784932 -0.2375511 1.1856321
v 0.2357518 -0.2491226 1.1887726
v 0.2419925 -0.2294242 1.1822868
v 0.2406481 -0.2284359 1.1966097
v 0.2339441 -0.2475913 1.2016286
v 0.1801053 -0.1564742 1.1705736
v 0.1786285 -0.1774502 1.1702970
v 0.1823044 -0.1757894 1.1841332
v 0.1845019 -0.1552580 1.1839196
v 0.2318212 -0.1645242 1.2145365
v 0.2258459 -0.1837766 1.2150165
v 0.2477617 -0.2094364 1.1757533
v 0.2524012 -0.1886412 1.1694169
v 0.2523201 -0.1881128 1.1866740
v 0.2469908 -0.2084847 1.1918717
v 0.2472411 -0.1668394 1.1475880
v 0.2457044 -0.1882389 1.1541273
v 0.2336485 -0.1875035 1.1436362
v 0.2337509 -0.1659329 1.1377821
v 0.1816478 -0.1378418 1.1574842
v 0.1826308 -0.1361443 1.1723226
v 0.1895413 -0.1622643 1.1420538
v 0.1875406 -0.1403828 1.1419296
v 0.2011194 -0.1420894 1.1321504
v 0.2035448 -0.1643969 1.1343196
v 0.2315151 -0.1160953 1.2122387
v 0.2282834 -0.1263029 1.2127641
v 0.2439593 -0.1290205 1.2118186
v 0.2473098 -0.1162443 1.2097325
v 0.2560187 -0.1293148 1.2026398
v 0.2587133 -0.1142777 1.1995886
v 0.2589677 -0.0870501 1.1867150
v 0.2610837 -0.0964560 1.1838598
v 0.2582175 -0.0892434 1.1697313
v 0.2557353 -0.0796601 1.1737311
v 0.2470391 -0.1218357 1.1341968
v 0.2478191 -0.1444971 1.1404542
v 0.2325194 -0.1433887 1.1319611
v 0.2302561 -0.1196362 1.1270308
v 0.2096037 -0.0999117 1.1265584
v 0.2135813 -0.1193351 1.1264374
v 0.1984071 -0.1205082 1.1320288
v 0.1951813 -0.1036587 1.1345694
v 0.1867624 -0.0552637 1.1595048
v 0.1932841 -0.0667810 1.1485889
v 0.1827216 -0.0727427 1.1562739
v 0.1772514 -0.0625464 1.1665581
v 0.1746677 -0.0876844 1.1802982
v 0.1784861 -0.0948881 1.1918590
v 0.1727897 -0.0897365 1.2007756
v 0.1695770 -0.0808357 1.1893569
v 0.2276794 -0.0956289 1.2240457
v 0.2310353 -0.0996068 1.2177805
v 0.2458744 -0.0938318 1.2136498
v 0.2417651 -0.0866126 1.2193190
v 0.2451601 -0.1021077 1.1303444
v 0.2264577 -0.0967735 1.1240865
v 0.1790816 -0.0930538 1.1741499
v 0.1818788 -0.0995140 1.1687811
v 0.1855726 -0.1029110 1.1820998
v 0.1828067 -0.0983068 1.1863932
v 0.2022144 -0.1048425 1.2050225
v 0.2036738 -0.1073529 1.2012339
v 0.2169590 -0.1082588 1.2083279
v 0.2161223 -0.1049537 1.2108402
v 0.2323191 -0.1035630 1.2140983
v 0.2327939 -0.1084303 1.2125031
v 0.2483002 -0.1066646 1.2094169
v 0.2475812 -0.0998225 1.2109341
v 0.2435069 -0.0894596 1.1315490
v 0.2395299 -0.0794216 1.1351750
v 0.2482657 -0.0807167 1.1456262
v 0.2521364 -0.0905502 1.1432167
v 0.1916272 -0.0916484 1.1398294
v 0.2047401 -0.0872770 1.1322679
v 0.2039486 -0.1127511 1.1979573
v 0.1932127 -0.1060622 1.1931916
v 0.1941854 -0.1108185 1.1890161
v 0.2585479 -0.1025355 1.1991594
v 0.1978611 -0.0508070 1.1561003
v 0.1885825 -0.0378855 1.1690461
v 0.2010955 -0.0343351 1.1688308
v 0.2097950 -0.0474904 1.1557696
v 0.1773182 -0.0438724 1.1731206
v 0.1689739 -0.0515901 1.1813711
v 0.1655635 -0.0822373 1.2146780
v 0.1624130 -0.0727881 1.2034742
v 0.1740224 -0.0895293 1.2249943
v 0.1814936 -0.0972444 1.2108504
v 0.1937087 -0.1013014 1.2190030
v 0.1863329 -0.0934449 1.2341606
v 0.2200307 -0.0846895 1.2394383
v 0.2337232 -0.0749740 1.2338702
v 0.2488237 -0.0776464 1.2096210
v 0.2413062 -0.0650817 1.2233859
v 0.1759763 -0.0800967 1.1680171
v 0.1801150 -0.0874798 1.1605057
v 0.2428782 -0.2093799 1.1605539
v 0.2388764 -0.2298862 1.1678051
v 0.2298633 -0.2288639 1.1566930
v 0.2324729 -0.2085052 1.1498608
v 0.2187749 -0.2277653 1.1491881
v 0.2168735 -0.2473925 1.1559981
v 0.2120355 -0.1809429 1.2137550
v 0.2073984 -0.1998981 1.2139953
v 0.2079001 -0.2391851 1.2187098
v 0.2159493 -0.1146653 1.2064839
v 0.2130475 -0.1237349 1.2058964
v 0.2508610 -0.0746235 1.1616717
v 0.2476119 -0.0652430 1.1678685
v 0.2528914 -0.0709385 1.1793127
v 0.2565753 -0.1041139 1.1451794
v 0.2601077 -0.1019425 1.1652281
v 0.2605991 -0.1239844 1.1707252
v 0.2585301 -0.1225564 1.1506130
v 0.2346190 -0.0693835 1.1409536
v 0.2292475 -0.0589249 1.1491710
v 0.2398755 -0.0608861 1.1576214
v 0.2442648 -0.0711373 1.1504072
v 0.2099687 -0.1005889 1.2235728
v 0.2140594 -0.1029945 1.2154965
v 0.2428267 -0.0468262 1.1996939
v 0.2442029 -0.0563182 1.2105279
v 0.2508635 -0.0691035 1.1982958
v 0.2487637 -0.0608690 1.1877709
v 0.2555310 -0.0784781 1.1912879
v 0.2363283 -0.0392313 1.1896647
v 0.2433684 -0.0539936 1.1768917
v 0.2024445 -0.0920553 1.2397797
v 0.2227100 -0.0468295 1.1598820
v 0.2146407 -0.0327519 1.1734783
v 0.2268538 -0.0345516 1.1807064
v 0.2341190 -0.0491677 1.1676468
v 0.2198263 -0.2075648 1.1433104
v 0.2198486 -0.1866265 1.1381450
v 0.1843601 -0.1057651 1.1480694
v 0.1857287 -0.1204110 1.1442119
v 0.1827689 -0.0955987 1.1536965
v 0.1822167 -0.2019297 1.1559361
v 0.1829249 -0.2226596 1.1582634
v 0.1808062 -0.1590741 1.1553526
v 0.1813952 -0.1806425 1.1552894
v 0.2556262 -0.1671435 1.1630995
v 0.2108979 -0.0734905 1.1361296
v 0.2171128 -0.0828824 1.1287639
v 0.1992251 -0.0771195 1.1393512
v 0.1639411 -0.0617292 1.1923723
v 0.1709125 -0.0712942 1.1773779
v 0.2333953 -0.0865510 1.1265229
v 0.1543016 -0.0485285 1.2117181
v 0.2622770 -0.1090882 1.1832799
v 0.2536707 -0.0864556 1.2035064
v 0.2568653 -0.0942506 1.2004686
v 0.2284397 -0.2451833 1.2122248
v 0.2170235 -0.1614652 1.2135971
v 0.2019794 -0.1217441 1.1958953
v 0.1924652 -0.1202953 1.1859712
v 0.2052561 -0.0632780 1.1448916
v 0.2167590 -0.0601511 1.1443091
v 0.2224641 -0.0708658 1.1359779
v 0.1873467 -0.1010912 1.2020679
v 0.1986198 -0.1044754 1.2100176
v 0.1836432 -0.2425573 1.1613601
v 0.1905165 -0.1026420 1.1971341
v 0.2613144 -0.1271488 1.1872621
v -0.0467870 0.0439582 1.4176188
v -0.0704989 0.0370932 1.4041070
v -0.0663516 0.0299440 1.4134071
v 0.1030566 0.0889396 1.2223940
v 0.1003546 0.0386337 1.1891072
v 0.1015616 0.0586888 1.1945049
v 0.1151679 0.0695516 1.2895356
v 0.1114044 0.0761626 1.2795046
v 0.1253112 0.0452033 1.3148346
v 0.1239500 0.0529632 1.3120719
v 0.1121250 0.0665864 1.2531702
v 0.1253417 -0.1107564 1.5460691
v 0.1226320 -0.1052518 1.5403918
v 0.1287885 -0.1152377 1.5581205
v 0.0926141 -0.0924661 1.0561735
v 0.0868873 -0.1033238 1.0256855
v 0.0870529 -0.1035166 1.0115666
v 0.1242383 -0.1185658 1.5248456
v 0.1214383 -0.1126903 1.5215560
v 0.1258553 -0.1157956 1.5225881
v 0.1247950 -0.1209783 1.5257451
v 0.1241845 -0.1205050 1.5249814
v 0.1313048 -0.1256866 1.5568597
v 0.1191973 -0.1018182 1.5332845
v 0.1153410 -0.1006535 1.5243497
v 0.1284728 -0.1258527 1.5420128
v -0.0344090 0.1324383 1.0290353
v -0.0338826 0.1382087 1.0087530
v -0.0550406 0.1225722 1.0076901
v -0.0541894 0.1172490 1.0274723
v -0.0803596 0.1099083 0.9898383
v -0.0771530 0.1041870 1.0080100
v -0.0567509 0.1301541 0.9869619
v 0.0557336 0.1760440 0.9547364
v 0.0542082 0.1719043 0.9782941
v 0.0803448 0.1632508 0.9825516
v 0.0833102 0.1658910 0.9598138
v 0.1005497 0.1461064 1.0027772
v 0.1048458 0.1486349 0.9845996
v 0.0766943 0.1598473 1.0020145
v 0.1209974 0.1250884 1.0016552
v 0.1248594 0.1269606 0.9833822
v 0.1348100 0.1010991 0.9982010
v 0.1387926 0.1028620 0.9789969
v 0.1477832 0.0763728 0.9737178
v 0.1508802 0.0468288 0.9687945
v 0.1512789 0.0134290 0.9387762
v 0.1471776 0.0157089 0.9608278
v 0.1408687 -0.0124337 0.9522342
v 0.1306454 -0.0383385 0.9459855
v 0.1193820 -0.0593054 0.9429113
v 0.1068244 -0.0747379 0.9414343
v 0.0937985 -0.0874600 0.9398760
v 0.0810056 -0.0961642 0.9384836
v 0.0804854 -0.0947326 0.9175540
v 0.1008391 -0.0356770 1.3642487
v 0.0604605 0.0215631 1.4641483
v 0.0854748 0.0161549 1.4547254
v 0.0695732 0.0310502 1.4602587
v 0.0701801 0.0972562 1.4289477
v 0.0441432 0.0972184 1.4307925
v 0.0520025 0.0855068 1.4414705
v 0.0803918 0.0821882 1.4403510
v 0.0434897 0.0310953 1.4629631
v 0.0379496 0.0237623 1.4648048
v 0.0492831 0.0419042 1.4603116
v 0.0276945 0.0454199 1.4576012
v 0.0066263 0.0419187 1.4534741
v 0.1311717 0.0373136 1.4398962
v 0.1461070 0.0368882 1.4310877
v 0.1395418 0.0593253 1.4317381
v 0.1252575 0.0606582 1.4392769
v 0.1031330 0.1033236 1.4085493
v 0.1194795 0.1006709 1.4027407
v 0.1119149 0.1076455 1.3911278
v 0.0943361 0.1101437 1.3962045
v 0.1806433 0.0218280 1.3937304
v 0.1874937 0.0149373 1.3802261
v 0.1875962 0.0357379 1.3810506
v 0.1783654 0.0426379 1.3961349
v 0.1264238 0.0886984 1.4151690
v -0.0170501 0.1450493 1.3327540
v 0.0093026 0.1481219 1.3394837
v 0.0356862 0.1449642 1.3450467
v 0.0943417 0.1213140 1.3489478
v 0.0798257 0.1321831 1.3400335
v 0.0799610 0.1288970 1.3505980
v 0.1083793 0.1151451 1.3456563
v 0.1192065 0.1097829 1.3396601
v 0.1529326 -0.0197869 1.3580084
v 0.1441321 -0.0165882 1.3395594
v 0.1411478 -0.0172513 1.3376814
v 0.1372179 0.0923747 1.3195776
v 0.1347742 0.0902384 1.3151113
v 0.1260353 0.0986216 1.3222132
v 0.1283347 0.1005083 1.3265791
v 0.1163415 0.0356973 1.4458593
v 0.1837318 0.0540132 1.3778580
v 0.1793627 0.0659674 1.3689969
v 0.1682388 0.0741131 1.3836883
v 0.1731116 0.0608753 1.3924231
v 0.1726599 0.0769085 1.3632679
v 0.1659235 0.0843781 1.3566441
v 0.1546155 0.0924402 1.3678406
v 0.1615303 0.0852836 1.3763634
v 0.1422756 0.0923392 1.3237618
v 0.1303582 0.1021686 1.3329988
v 0.1818416 -0.0094668 1.3639078
v 0.1595321 0.0087869 1.4107862
v 0.1475947 0.0115064 1.4208500
v 0.1436650 -0.0075351 1.4031169
v 0.1520126 -0.0077701 1.3943277
v 0.1287022 0.0386827 1.3089501
v 0.1286233 0.0485060 1.3047104
v 0.1286539 0.0591419 1.3005663
v 0.1207081 0.0940708 1.3166624
v 0.1303802 0.0662168 1.2978624
v 0.1289863 -0.0084419 1.3228808
v 0.1382332 -0.0210884 1.3325740
v 0.1380200 -0.0178019 1.3812540
v 0.1450195 -0.0187122 1.3739038
v 0.1929196 0.0079115 1.3665099
v 0.1948748 0.0286259 1.3654580
v 0.1522478 0.0715576 1.2939870
v 0.1434291 0.0800441 1.3037922
v 0.1464113 0.0823434 1.3085002
v 0.1128478 0.1066432 1.3210406
v 0.1228337 0.0966247 1.3182938
v 0.1593238 0.0338599 1.4201882
v 0.1871580 0.0586336 1.3544306
v 0.1917142 0.0462756 1.3612544
v 0.1486935 0.0919066 1.3872207
v 0.1344880 0.0970971 1.3961848
v 0.1407231 0.0869440 1.4069333
v 0.1549842 0.0817769 1.3962398
v 0.1690553 0.0792297 1.3340201
v 0.1754822 0.0754200 1.3430253
v 0.1271004 0.1030498 1.3862150
v 0.1416789 0.0985445 1.3780258
v 0.1505606 0.0828130 1.3138715
v 0.1317080 -0.0175338 1.3872928
v 0.1218192 -0.0262387 1.3669224
v 0.1300755 -0.0249935 1.3648365
v 0.1362074 -0.0244239 1.3591480
v 0.1418446 -0.0220475 1.3520664
v 0.1443610 -0.0184386 1.3445009
v 0.1122440 -0.0297687 1.3664304
v 0.2284501 -0.0789196 1.1298270
v 0.1498341 0.0683762 1.2876799
v 0.1614119 0.0630261 1.2845227
v 0.1596493 0.0598136 1.2772649
v 0.2035308 0.0173588 1.2473236
v 0.0531945 -0.2221476 1.4450857
v 0.0524576 -0.2181035 1.4401746
v 0.0548598 -0.2306064 1.4677839
v 0.0546907 -0.2300034 1.4641648
v 0.2539326 -0.0834941 1.1576506
v 0.2561955 -0.0919646 1.1544961
v 0.2579486 -0.1453609 1.1566800
v 0.2597330 -0.1459130 1.1759191
v 0.2569897 -0.1673758 1.1811532
v 0.2384308 -0.1456807 1.2133329
v 0.2228897 -0.1423067 1.2134405
v 0.1882540 -0.1358994 1.1844431
v 0.2168890 -0.1428860 1.1291569
v 0.2054246 -0.2776067 1.2251449
v 0.1979281 -0.2955897 1.2290034
v 0.2075109 -0.2989485 1.2265621
v 0.2147725 -0.2809334 1.2213229
v 0.1897899 -0.3129050 1.2326504
v 0.1888455 -0.2932744 1.2261550
v 0.1816169 -0.3102464 1.2281480
v 0.1817062 -0.2915727 1.2197519
v 0.1762611 -0.3086178 1.2214523
v 0.1729695 -0.3083094 1.2126352
v 0.1770361 -0.2913184 1.2109215
v 0.1744961 -0.2927600 1.2013575
v 0.1714210 -0.3099099 1.2032728
v 0.1758388 -0.2761231 1.1889906
v 0.1775632 -0.2784237 1.1785176
v 0.1775816 -0.2972993 1.1825377
v 0.1746333 -0.2949815 1.1917216
v 0.1901168 -0.3197882 1.1771734
v 0.1916745 -0.3023333 1.1708504
v 0.2009426 -0.3036812 1.1727569
v 0.1981025 -0.3211537 1.1789049
v 0.2196867 -0.2878126 1.1792983
v 0.2165496 -0.3064123 1.1860792
v 0.2095800 -0.3048512 1.1780713
v 0.2120296 -0.2862848 1.1708251
v 0.2136349 -0.3238449 1.1917438
v 0.2189586 -0.3057591 1.1962785
v 0.2153123 -0.3231335 1.2023156
v 0.2015837 -0.2569207 1.2215765
v 0.2124903 -0.2597967 1.2214583
v 0.2190555 -0.2420813 1.2177438
v 0.1808103 -0.2730490 1.2095883
v 0.1866907 -0.2733614 1.2182639
v 0.1921281 -0.2551335 1.2165605
v 0.1849201 -0.2544262 1.2082152
v 0.1777306 -0.2397711 1.1728484
v 0.1780437 -0.2594348 1.1751846
v 0.1774411 -0.2568647 1.1869872
v 0.1775233 -0.2740497 1.1996935
v 0.1802603 -0.2551241 1.1982385
v 0.1834778 -0.2809565 1.1697127
v 0.1831684 -0.2999805 1.1745652
v 0.2207049 -0.2840509 1.2122664
v 0.2142530 -0.3020570 1.2181916
v 0.2177721 -0.3044696 1.2075535
v 0.2233753 -0.2863130 1.2015871
v 0.1838291 -0.2619838 1.1653058
v 0.2270816 -0.2659006 1.2069381
v 0.2294183 -0.2680388 1.1952582
v 0.2234720 -0.2874056 1.1897871
v 0.2286640 -0.2689013 1.1827589
v 0.2083952 -0.3190232 1.2235758
v 0.2003455 -0.3162077 1.2311283
v 0.2218936 -0.2630321 1.2164630
v 0.1926654 -0.2833146 1.1647229
v 0.1933005 -0.2642168 1.1594198
v 0.2044182 -0.2657614 1.1586235
v 0.2027962 -0.2849806 1.1653905
v 0.2257844 -0.2483229 1.1642719
v 0.2228228 -0.2685379 1.1717414
v 0.2142696 -0.2670250 1.1635677
v 0.2067764 -0.3224058 1.1836088
v 0.2336054 -0.2495459 1.1753700
v 0.1539190 -0.3909226 1.2192990
v 0.1470780 -0.3935090 1.2268574
v 0.1444971 -0.3838589 1.2250905
v 0.1523462 -0.3810617 1.2172139
v 0.1379684 -0.3608628 1.2234758
v 0.1321833 -0.3670265 1.2332577
v 0.1334503 -0.3586857 1.2399646
v 0.1390322 -0.3510619 1.2305322
v 0.1432931 -0.3948990 1.2353795
v 0.1397275 -0.3856238 1.2328431
v 0.1446307 -0.3926065 1.2431478
v 0.1463392 -0.4031707 1.2382560
v 0.1500258 -0.4023364 1.2454443
v 0.1518913 -0.4110633 1.2466469
v 0.1615506 -0.4109449 1.2483276
v 0.1612064 -0.3981155 1.2493808
v 0.1834379 -0.3982963 1.2344974
v 0.1786371 -0.4122704 1.2350464
v 0.1850916 -0.4121452 1.2262653
v 0.1889547 -0.3977902 1.2255191
v 0.1919096 -0.4072196 1.2075020
v 0.1951064 -0.3936839 1.2082508
v 0.1920286 -0.3960018 1.2169233
v 0.1882553 -0.4106654 1.2170935
v 0.1646168 -0.3883489 1.2077860
v 0.1606856 -0.3886709 1.2126231
v 0.1605778 -0.3791195 1.2101239
v 0.1649219 -0.3785449 1.2048655
v 0.1426167 -0.3881253 1.2538590
v 0.1400760 -0.3893841 1.2503435
v 0.1498383 -0.3918106 1.2486880
v 0.1532468 -0.3862736 1.2514240
v 0.1676043 -0.3562326 1.1869538
v 0.1643716 -0.3541773 1.1934533
v 0.1664193 -0.3433918 1.1953159
v 0.1704117 -0.3448393 1.1877967
v 0.1516480 -0.3404631 1.2166644
v 0.1583004 -0.3358267 1.2288765
v 0.1633082 -0.3313967 1.2241920
v 0.1589030 -0.3379111 1.2116250
v 0.1452037 -0.3450207 1.2226572
v 0.1464824 -0.3477440 1.2398626
v 0.1524402 -0.3407971 1.2337954
v 0.1397671 -0.3564745 1.2478002
v 0.1773161 -0.3461607 1.1809371
v 0.1765581 -0.3543481 1.1779692
v 0.1388613 -0.4605891 1.2437809
v 0.1397256 -0.4549723 1.2435235
v 0.1413033 -0.4568465 1.2385185
v 0.1406783 -0.4626351 1.2390000
v 0.1963524 -0.3556241 1.1822665
v 0.1949793 -0.3488695 1.1819176
v 0.2018318 -0.3505021 1.1884368
v 0.2020373 -0.3572538 1.1902906
v 0.1972572 -0.3648379 1.1819400
v 0.2017744 -0.3664264 1.1917865
v 0.1489770 -0.4633818 1.2526899
v 0.1509898 -0.4576536 1.2521271
v 0.1459397 -0.4558621 1.2513209
v 0.1439689 -0.4613918 1.2516036
v 0.1533899 -0.3999114 1.2218138
v 0.1473728 -0.4020636 1.2292945
v 0.1460464 -0.4212173 1.2298647
v 0.1445329 -0.4185647 1.2356575
v 0.1461074 -0.4104424 1.2325390
v 0.1511864 -0.4106207 1.2244648
v 0.1637697 -0.4080459 1.2082179
v 0.1591053 -0.4106889 1.2143878
v 0.1613932 -0.3999547 1.2131126
v 0.1658917 -0.3978673 1.2066078
v 0.1694766 -0.3970135 1.1953364
v 0.1707009 -0.3980192 1.1894754
v 0.1702213 -0.4069085 1.1903757
v 0.1684806 -0.4069962 1.1968209
v 0.1637985 -0.4265517 1.2044526
v 0.1662997 -0.4263866 1.1997275
v 0.1674002 -0.4356820 1.2024247
v 0.1648769 -0.4361790 1.2066162
v 0.1951210 -0.3421429 1.1812140
v 0.2026296 -0.3437815 1.1870867
v 0.1959008 -0.4012275 1.1885431
v 0.1947904 -0.4110729 1.1867269
v 0.1923664 -0.4079190 1.1766442
v 0.1931971 -0.3974525 1.1786974
v 0.2039690 -0.3593163 1.2002530
v 0.2052887 -0.3523522 1.1983378
v 0.1536933 -0.4659481 1.2503884
v 0.1558927 -0.4601622 1.2498923
v 0.1484494 -0.3597221 1.2532511
v 0.1566159 -0.3508724 1.2453659
v 0.1634100 -0.3435012 1.2389678
v 0.1684027 -0.3379177 1.2347422
v 0.1719839 -0.3323902 1.2327238
v 0.1525944 -0.4171391 1.2211016
v 0.1589648 -0.3959285 1.2155497
v 0.1667875 -0.3877631 1.2038266
v 0.1746591 -0.3883085 1.1759016
v 0.1714166 -0.3895886 1.1828163
v 0.1701534 -0.3817835 1.1829933
v 0.1760095 -0.3802696 1.1743722
v 0.1867945 -0.3962298 1.1725563
v 0.1853824 -0.4062744 1.1717860
v 0.1784007 -0.4062347 1.1730002
v 0.1793343 -0.3971016 1.1727828
v 0.1435963 -0.3854425 1.2586046
v 0.1530474 -0.3795165 1.2545964
v 0.1873630 -0.3548547 1.1771872
v 0.1865350 -0.3475364 1.1785389
v 0.1866829 -0.3408516 1.1804037
v 0.1645085 -0.3664364 1.1984101
v 0.1623849 -0.3668960 1.2021187
v 0.1583554 -0.3526135 1.2019978
v 0.1621215 -0.3530440 1.1976601
v 0.1485304 -0.3698279 1.2140608
v 0.1406407 -0.3733515 1.2226677
v 0.1452830 -0.3563234 1.2141465
v 0.1631513 -0.3412451 1.2019509
v 0.1663796 -0.3328182 1.2046502
v 0.1694557 -0.3351798 1.1968297
v 0.1735857 -0.3372522 1.1888154
v 0.1796028 -0.3390487 1.1825230
v 0.1691768 -0.3237641 1.2046905
v 0.1716424 -0.3261780 1.1963290
v 0.1760206 -0.3287430 1.1883156
v 0.1817635 -0.3311488 1.1824066
v 0.2106339 -0.3362173 1.1949885
v 0.2073755 -0.3447903 1.1966197
v 0.2043723 -0.3355459 1.1859315
v 0.1699199 -0.3223272 1.2232074
v 0.1687062 -0.3221322 1.2139784
v 0.1645008 -0.3309360 1.2140412
v 0.1751291 -0.3241365 1.2304476
v 0.1288027 -0.3714567 1.2411588
v 0.1326514 -0.3791893 1.2390704
v 0.1288266 -0.3826720 1.2444323
v 0.1251105 -0.3767136 1.2468191
v 0.1472632 -0.4105789 1.2405987
v 0.1467014 -0.4185001 1.2421048
v 0.1518496 -0.4194717 1.2469882
v 0.1769268 -0.3630410 1.1756580
v 0.1690107 -0.3650045 1.1836588
v 0.1487339 -0.4252552 1.2258143
v 0.1529271 -0.4506505 1.2511525
v 0.1555864 -0.4385764 1.2495966
v 0.1493429 -0.4363729 1.2483260
v 0.1473946 -0.4489066 1.2504346
v 0.1526029 -0.4356906 1.2267634
v 0.1524287 -0.4430908 1.2301242
v 0.1470354 -0.4394679 1.2310512
v 0.1478755 -0.4317541 1.2289184
v 0.1685865 -0.4256306 1.1935805
v 0.1695107 -0.4331734 1.1958046
v 0.1723243 -0.4262563 1.2337327
v 0.1724361 -0.4113138 1.2440878
v 0.1683337 -0.4229285 1.2435343
v 0.1666992 -0.4072065 1.2023711
v 0.1669652 -0.4168503 1.1980424
v 0.1648010 -0.4169588 1.2031247
v 0.1533308 -0.4214816 1.2197072
v 0.1570336 -0.4187535 1.2154143
v 0.1556157 -0.4266108 1.2177989
v 0.1515409 -0.4277566 1.2225741
v 0.1866400 -0.3841117 1.1723333
v 0.1954837 -0.3860676 1.1803821
v 0.1417280 -0.4547919 1.2481897
v 0.1403808 -0.4603364 1.2483771
v 0.1962677 -0.3344227 1.1812412
v 0.1885718 -0.3328574 1.1798747
v 0.1681157 -0.3969996 1.2011416
v 0.1749093 -0.3981853 1.2429251
v 0.1682720 -0.3869551 1.1991565
v 0.1866317 -0.4259922 1.1974412
v 0.1861154 -0.4336256 1.1980578
v 0.1815208 -0.4333301 1.1931425
v 0.1827121 -0.4262027 1.1910936
v 0.1519290 -0.4546705 1.2336733
v 0.1516720 -0.4618541 1.2354513
v 0.1459516 -0.4596074 1.2356081
v 0.1460038 -0.4519889 1.2341058
v 0.1451186 -0.4282436 1.2324269
v 0.1434460 -0.4364406 1.2343602
v 0.1424646 -0.4346246 1.2393839
v 0.1439552 -0.4256796 1.2375755
v 0.1461405 -0.4258193 1.2429286
v 0.1449901 -0.4349272 1.2444680
v 0.1579009 -0.4564151 1.2368690
v 0.1587042 -0.4453477 1.2337388
v 0.1629792 -0.4438321 1.2402338
v 0.1604576 -0.4554940 1.2431704
v 0.1983416 -0.3804501 1.2091197
v 0.1972949 -0.3917457 1.1988852
v 0.1999874 -0.3789806 1.2001808
v 0.1889135 -0.4198143 1.2067111
v 0.1895888 -0.4162476 1.1956494
v 0.1941715 -0.4044170 1.1976336
v 0.1980120 -0.3894019 1.1903685
v 0.1638236 -0.4357609 1.2271738
v 0.1697596 -0.4351659 1.2293511
v 0.1652696 -0.4345731 1.2356290
v 0.1691267 -0.3869139 1.1921545
v 0.1429817 -0.4477996 1.2472148
v 0.1872716 -0.3476442 1.2367245
v 0.1840765 -0.3552123 1.2383811
v 0.1949087 -0.3607417 1.2307896
v 0.1967319 -0.3515294 1.2303026
v 0.1416474 -0.4495130 1.2374677
v 0.1403305 -0.4479321 1.2423529
v 0.1719736 -0.4264965 1.1883938
v 0.1763017 -0.4290583 1.1864699
v 0.1766957 -0.4337722 1.1897304
v 0.1728793 -0.4328314 1.1916073
v 0.2005115 -0.3772631 1.1916831
v 0.1940386 -0.4179987 1.1847202
v 0.1908866 -0.4162792 1.1750525
v 0.2025509 -0.3676675 1.2007717
v 0.2034739 -0.3599385 1.2104958
v 0.2012451 -0.3687542 1.2100205
v 0.1826740 -0.4258167 1.2164588
v 0.1959601 -0.3822790 1.2170218
v 0.1988799 -0.3702774 1.2180604
v 0.2009956 -0.3604021 1.2198692
v 0.2028531 -0.3525971 1.2200419
v 0.2050428 -0.3529773 1.2099664
v 0.1581477 -0.4532299 1.2488259
v 0.1583896 -0.4624348 1.2444943
v 0.2110635 -0.3351642 1.2063188
v 0.2073653 -0.3447186 1.2085110
v 0.2087119 -0.3337814 1.2168963
v 0.2053179 -0.3442846 1.2190035
v 0.1900948 -0.3710125 1.2334783
v 0.1953582 -0.3710542 1.2259342
v 0.1870895 -0.3844965 1.2336109
v 0.1926518 -0.3837552 1.2250326
v 0.1811962 -0.4253156 1.2267375
v 0.1529418 -0.4771031 1.2420459
v 0.1498982 -0.4764908 1.2384560
v 0.1510939 -0.4682714 1.2365611
v 0.1549288 -0.4693099 1.2403764
v 0.1565180 -0.4631249 1.2387667
v 0.1564782 -0.4683723 1.2455559
v 0.1775525 -0.3840575 1.2417388
v 0.1562297 -0.4344037 1.2209219
v 0.1775959 -0.3677005 1.2414877
v 0.1646665 -0.3743962 1.2500659
v 0.1658393 -0.3857206 1.2496543
v 0.1670040 -0.3572964 1.2467947
v 0.1738277 -0.3484349 1.2417421
v 0.1805530 -0.3359380 1.2364894
v 0.1778094 -0.3418764 1.2380001
v 0.1836737 -0.3272211 1.2351601
v 0.1577150 -0.3655593 1.2534299
v 0.1401254 -0.4703880 1.2391846
v 0.1374810 -0.4684279 1.2438098
v 0.1900590 -0.3401738 1.2356432
v 0.1940895 -0.3303876 1.2341122
v 0.1354641 -0.3769333 1.2314113
v 0.1673803 -0.3771005 1.1973316
v 0.1677426 -0.3760647 1.1916787
v 0.1693485 -0.3738306 1.1831257
v 0.1763477 -0.3718824 1.1746950
v 0.2035703 -0.3324810 1.2273659
v 0.1733798 -0.3124938 1.1943677
v 0.1777057 -0.3150125 1.1862634
v 0.2129148 -0.3210670 1.2130241
v 0.1384318 -0.4680053 1.2483809
v 0.1720266 -0.4390466 1.2075810
v 0.1704152 -0.4401400 1.2091356
v 0.1294620 -0.3648860 1.2464599
v 0.1254323 -0.3719506 1.2519700
v 0.1350494 -0.3755714 1.2627107
v 0.1412673 -0.3671740 1.2589419
v 0.1342228 -0.3633751 1.2537963
v 0.1292666 -0.3718500 1.2580972
v 0.1655765 -0.3661895 1.1950152
v 0.1668674 -0.3662477 1.1904051
v 0.1971057 -0.3748503 1.1815084
v 0.1883406 -0.3730632 1.1737776
v 0.1510389 -0.4271514 1.2469828
v 0.1577984 -0.4291219 1.2477971
v 0.1601239 -0.4210381 1.2477886
v 0.1615073 -0.4409847 1.2465166
v 0.1590274 -0.4381033 1.2303268
v 0.1592612 -0.4369529 1.2255169
v 0.1570365 -0.3677094 1.2071340
v 0.1526367 -0.3535168 1.2070796
v 0.1356625 -0.3877980 1.2454914
v 0.1377056 -0.3857654 1.2397821
v 0.1613725 -0.4171202 1.2092518
v 0.1792041 -0.4371454 1.2196498
v 0.1779837 -0.4354401 1.2273204
v 0.1600539 -0.4256024 1.2109005
v 0.1415262 -0.4693117 1.2517148
v 0.1464322 -0.4712638 1.2530152
v 0.1647728 -0.4315579 1.2442988
v 0.1689882 -0.4165761 1.1915478
v 0.1755504 -0.4395446 1.2138982
v 0.1800466 -0.4336592 1.2115626
v 0.1842799 -0.4137120 1.1718764
v 0.1995148 -0.3430054 1.2291095
v 0.1455370 -0.4656583 1.2360649
v 0.1447918 -0.4734015 1.2367213
v 0.1537401 -0.4758384 1.2462828
v 0.1514411 -0.4734164 1.2506977
v 0.1883785 -0.3633971 1.1755761
v 0.1665538 -0.3782555 1.2012295
v 0.1832949 -0.3175460 1.1799007
v 0.1490549 -0.3727340 1.2590207
v 0.1410678 -0.3807128 1.2628980
v 0.1602812 -0.4338086 1.2128022
v 0.1887322 -0.4215306 1.1903039
v 0.1816989 -0.4377812 1.2104830
v 0.1871206 -0.4352918 1.2059759
v 0.1876992 -0.4285973 1.2060877
v 0.1763607 -0.4403299 1.2094095
v 0.1497530 -0.4802192 1.2513685
v 0.1519451 -0.4823527 1.2470194
v 0.1446843 -0.4782719 1.2537488
v 0.1401440 -0.4757921 1.2519577
v 0.1375521 -0.4740044 1.2486446
v 0.1513394 -0.4834303 1.2429665
v 0.1486519 -0.4825320 1.2396588
v 0.1440443 -0.4792558 1.2377925
v 0.1499403 -0.4887975 1.2433073
v 0.1502208 -0.4889696 1.2475385
v 0.1403921 -0.4909513 1.2542181
v 0.1430362 -0.4929179 1.2540668
v 0.1443612 -0.4895115 1.2537590
v 0.1432774 -0.4858536 1.2543261
v 0.1392005 -0.4958549 1.2535808
v 0.1420655 -0.4975427 1.2539671
v 0.1463689 -0.4943237 1.2522250
v 0.1470480 -0.4898310 1.2520618
v 0.1456031 -0.4992950 1.2522735
v 0.1473052 -0.4999310 1.2488078
v 0.1478757 -0.4951017 1.2487589
v 0.1484279 -0.4911998 1.2493811
v 0.1481422 -0.4862212 1.2519115
v 0.1393897 -0.5003804 1.2524154
v 0.1421243 -0.5038753 1.2498696
v 0.1444491 -0.5032497 1.2519018
v 0.1416782 -0.5008029 1.2535052
v 0.1390898 -0.4820561 1.2523100
v 0.1377021 -0.4887377 1.2520462
v 0.1368390 -0.4944631 1.2512452
v 0.1374922 -0.4993599 1.2498525
v 0.1356173 -0.4881581 1.2488658
v 0.1357426 -0.4941808 1.2482558
v 0.1367628 -0.4982491 1.2471772
v 0.1355284 -0.4886899 1.2450605
v 0.1361431 -0.4947105 1.2453182
v 0.1365943 -0.4799800 1.2489340
v 0.1360430 -0.4797117 1.2447234
v 0.1370333 -0.4975025 1.2454053
v 0.1404701 -0.5027474 1.2474023
v 0.1488360 -0.4949094 1.2458491
v 0.1474233 -0.4999136 1.2457619
v 0.1482368 -0.4945820 1.2430541
v 0.1464427 -0.4995246 1.2434807
v 0.1465262 -0.5031994 1.2491055
v 0.1456397 -0.5036431 1.2467809
v 0.1369353 -0.4737912 1.2442375
v 0.1398452 -0.4758465 1.2397417
v 0.1389615 -0.4814851 1.2404764
v 0.1380376 -0.4900859 1.2408948
v 0.1432701 -0.4844959 1.2387230
v 0.1474889 -0.4879323 1.2402120
v 0.1461831 -0.4938994 1.2409079
v 0.1424625 -0.4920733 1.2394309
v 0.1443220 -0.4985281 1.2417789
v 0.1415143 -0.4972033 1.2409859
v 0.1383457 -0.4959024 1.2424130
v 0.1422727 -0.5010199 1.2430440
v 0.1440853 -0.5026532 1.2445682
v 0.1394232 -0.5007310 1.2452594
v 0.1387898 -0.4987457 1.2437301
v 0.1408043 -0.4993961 1.2424118
v 0.1575650 -0.4749018 1.2213617
v 0.1583198 -0.4672501 1.2216190
v 0.1601658 -0.4679708 1.2170467
v 0.1597717 -0.4758723 1.2168137
v 0.1663771 -0.4749679 1.2316555
v 0.1678921 -0.4680645 1.2316613
v 0.1624309 -0.4673091 1.2295367
v 0.1609391 -0.4744311 1.2292108
v 0.1721251 -0.4760245 1.2287720
v 0.1738499 -0.4691713 1.2289045
v 0.1690901 -0.4598051 1.2316500
v 0.1694226 -0.4457496 1.2301232
v 0.1638871 -0.4453300 1.2271429
v 0.1634721 -0.4591992 1.2291935
v 0.1696574 -0.4481480 1.2107714
v 0.1648138 -0.4456874 1.2109025
v 0.1594624 -0.4671416 1.2257139
v 0.1580231 -0.4745089 1.2254341
v 0.1692899 -0.4620252 1.2128085
v 0.1691978 -0.4709855 1.2135945
v 0.1641670 -0.4694493 1.2139993
v 0.1640994 -0.4604479 1.2130750
v 0.1605868 -0.4438231 1.2148439
v 0.1578441 -0.4435318 1.2202305
v 0.1597927 -0.4445415 1.2242938
v 0.1743808 -0.4630856 1.2157815
v 0.1751475 -0.4494881 1.2146556
v 0.1783235 -0.4486361 1.2210311
v 0.1769377 -0.4626636 1.2218640
v 0.1597438 -0.4586078 1.2255896
v 0.1600216 -0.4587819 1.2164939
v 0.1580636 -0.4582951 1.2212998
v 0.1751216 -0.4609349 1.2286514
v 0.1756220 -0.4708685 1.2222117
v 0.1714394 -0.4885084 1.2183606
v 0.1682141 -0.4887323 1.2147300
v 0.1689158 -0.4787306 1.2137335
v 0.1725780 -0.4790646 1.2172213
v 0.1732730 -0.4716405 1.2166198
v 0.1741769 -0.4778047 1.2227192
v 0.1592961 -0.4870257 1.2165545
v 0.1565964 -0.4855579 1.2210084
v 0.1565918 -0.4850412 1.2250322
v 0.1768365 -0.4469935 1.2282162
v 0.1592737 -0.4846947 1.2285385
v 0.1644595 -0.4847605 1.2311632
v 0.1639181 -0.4773852 1.2137202
v 0.1633425 -0.4879093 1.2138323
v 0.1725243 -0.4871652 1.2231393
v 0.1704715 -0.4853702 1.2287454
v 0.1690790 -0.4937326 1.2283091
v 0.1712475 -0.4950874 1.2231762
v 0.1635145 -0.4931696 1.2310076
v 0.1586680 -0.4921898 1.2284660
v 0.1563178 -0.4917712 1.2251076
v 0.1704455 -0.4960477 1.2191450
v 0.1677033 -0.4958526 1.2158182
v 0.1631748 -0.4944109 1.2146173
v 0.1695336 -0.5032178 1.2194405
v 0.1702561 -0.5036843 1.2232269
v 0.1604175 -0.5136104 1.2291570
v 0.1636187 -0.5146327 1.2297021
v 0.1640685 -0.5094379 1.2298214
v 0.1611154 -0.5078471 1.2301763
v 0.1651092 -0.5058314 1.2298357
v 0.1632223 -0.5019570 1.2307836
v 0.1670073 -0.5116060 1.2279136
v 0.1677030 -0.5058683 1.2277663
v 0.1675645 -0.5161174 1.2279912
v 0.1690200 -0.5161753 1.2244460
v 0.1688516 -0.5101983 1.2246106
v 0.1689919 -0.5064705 1.2249166
v 0.1613049 -0.5189194 1.2280565
v 0.1635943 -0.5187063 1.2294325
v 0.1683869 -0.5014073 1.2280331
v 0.1586083 -0.4988767 1.2284938
v 0.1578725 -0.5063168 1.2281816
v 0.1579768 -0.5131456 1.2271221
v 0.1593157 -0.5183016 1.2257184
v 0.1556630 -0.5055370 1.2247825
v 0.1564309 -0.5125486 1.2243497
v 0.1584398 -0.5168531 1.2231825
v 0.1557216 -0.5056445 1.2205786
v 0.1569130 -0.5125870 1.2209562
v 0.1561418 -0.4976657 1.2250031
v 0.1561966 -0.4972622 1.2208890
v 0.1583715 -0.5157629 1.2212668
v 0.1626442 -0.5209445 1.2235616
v 0.1646578 -0.5220787 1.2259222
v 0.1671616 -0.5212777 1.2281942
v 0.1688562 -0.5099728 1.2220904
v 0.1681311 -0.5161441 1.2220476
v 0.1686218 -0.5101479 1.2195142
v 0.1675002 -0.5161462 1.2199605
v 0.1688878 -0.5204600 1.2247414
v 0.1674944 -0.5207775 1.2230165
v 0.1565517 -0.4920431 1.2210546
v 0.1590683 -0.4930428 1.2170384
v 0.1587168 -0.4981928 1.2169298
v 0.1586408 -0.5065306 1.2167639
v 0.1630577 -0.4998494 1.2148288
v 0.1673875 -0.5022216 1.2164004
v 0.1667423 -0.5092168 1.2172154
v 0.1631823 -0.5077575 1.2156227
v 0.1657038 -0.5150108 1.2182976
v 0.1631188 -0.5138443 1.2170993
v 0.1594378 -0.5130189 1.2178746
v 0.1642790 -0.5184402 1.2195578
v 0.1658903 -0.5201215 1.2210834
v 0.1611528 -0.5187908 1.2213346
v 0.1603569 -0.5165945 1.2195706
v 0.1627548 -0.5166406 1.2184943
v 0.1706964 -0.4684143 1.2009426
v 0.1712489 -0.4622035 1.2015621
v 0.1716637 -0.4614224 1.1966234
v 0.1712522 -0.4677353 1.1957844
v 0.1807194 -0.4694678 1.2076582
v 0.1815660 -0.4623970 1.2090875
v 0.1769921 -0.4629935 1.2084132
v 0.1766866 -0.4695217 1.2073536
v 0.1843969 -0.4694074 1.2044760
v 0.1856421 -0.4619197 1.2053362
v 0.1818110 -0.4552118 1.2097688
v 0.1818299 -0.4451263 1.2098828
v 0.1763175 -0.4461810 1.2086079
v 0.1766619 -0.4562342 1.2089635
v 0.1733871 -0.4629450 1.2056777
v 0.1731650 -0.4692399 1.2049874
v 0.1778175 -0.4539622 1.1914555
v 0.1783707 -0.4616021 1.1916986
v 0.1745126 -0.4613206 1.1929340
v 0.1739401 -0.4536634 1.1929215
v 0.1705725 -0.4415869 1.1966128
v 0.1698380 -0.4433219 1.2016249
v 0.1721655 -0.4452724 1.2054351
v 0.1828742 -0.4544517 1.1933048
v 0.1821269 -0.4425213 1.1934076
v 0.1866866 -0.4430866 1.1985317
v 0.1867679 -0.4542819 1.1988811
v 0.1728227 -0.4563016 1.2058585
v 0.1707731 -0.4540521 1.1965352
v 0.1704548 -0.4552581 1.2016548
v 0.1861081 -0.4542368 1.2056406
v 0.1860262 -0.4617806 1.1988966
v 0.1826388 -0.4796716 1.1939115
v 0.1791998 -0.4793249 1.1910587
v 0.1786404 -0.4685190 1.1909455
v 0.1828627 -0.4690510 1.1935347
v 0.1828693 -0.4618422 1.1933911
v 0.1851678 -0.4693546 1.1988066
v 0.1713845 -0.4775525 1.1948965
v 0.1702100 -0.4776829 1.1996428
v 0.1724820 -0.4783762 1.2035417
v 0.1866407 -0.4439103 1.2058920
v 0.1769444 -0.4416965 1.1912916
v 0.1754465 -0.4789236 1.2056744
v 0.1792190 -0.4793348 1.2063182
v 0.1744888 -0.4678149 1.1920299
v 0.1748515 -0.4780089 1.1913341
v 0.1843467 -0.4795829 1.1987017
v 0.1833069 -0.4792574 1.2037809
v 0.1826318 -0.4864907 1.2032717
v 0.1841889 -0.4866791 1.1983205
v 0.1785508 -0.4867068 1.2058771
v 0.1747855 -0.4858522 1.2047148
v 0.1720655 -0.4847209 1.2025938
v 0.1824218 -0.4866801 1.1939090
v 0.1793610 -0.4862570 1.1915574
v 0.1751598 -0.4841896 1.1915241
v 0.1822494 -0.4919759 1.1934522
v 0.1833595 -0.4931521 1.1977686
v 0.1756545 -0.5042986 1.2038926
v 0.1780533 -0.5048871 1.2035996
v 0.1780162 -0.5000259 1.2036125
v 0.1759815 -0.4993229 1.2046387
v 0.1789359 -0.4965332 1.2040005
v 0.1780034 -0.4934723 1.2051657
v 0.1816108 -0.5003272 1.2019866
v 0.1815335 -0.4959661 1.2022970
v 0.1816817 -0.5052925 1.2015630
v 0.1826865 -0.5044127 1.1976059
v 0.1824045 -0.4994649 1.1981145
v 0.1827336 -0.4960039 1.1992968
v 0.1765627 -0.5086630 1.2026083
v 0.1785497 -0.5083121 1.2030891
v 0.1818183 -0.4921520 1.2025696
v 0.1744479 -0.4913968 1.2042504
v 0.1734151 -0.4979503 1.2035553
v 0.1732066 -0.5034658 1.2026509
v 0.1741468 -0.5075612 1.2008079
v 0.1713451 -0.4966686 1.2011174
v 0.1716532 -0.5023748 1.2002555
v 0.1726470 -0.5058316 1.1987392
v 0.1702057 -0.4956345 1.1979889
v 0.1710774 -0.5015605 1.1975597
v 0.1719188 -0.4899783 1.2018064
v 0.1705898 -0.4885184 1.1985374
v 0.1722895 -0.5043849 1.1971821
v 0.1768688 -0.5093205 1.1973283
v 0.1794435 -0.5104931 1.1994644
v 0.1816188 -0.5095788 1.2011700
v 0.1827009 -0.4985850 1.1954154
v 0.1821232 -0.5038163 1.1950107
v 0.1813121 -0.4975972 1.1929007
v 0.1806268 -0.5031744 1.1931064
v 0.1826171 -0.5079711 1.1980056
v 0.1816151 -0.5081312 1.1962221
v 0.1706043 -0.4835666 1.1992341
v 0.1717581 -0.4832134 1.1948916
v 0.1717476 -0.4880915 1.1947092
v 0.1716877 -0.4955411 1.1941764
v 0.1752530 -0.4888475 1.1915775
v 0.1791701 -0.4907499 1.1916141
v 0.1786778 -0.4966423 1.1914514
v 0.1751835 -0.4955842 1.1916170
v 0.1781769 -0.5022761 1.1919850
v 0.1753036 -0.5014428 1.1921110
v 0.1724387 -0.5013289 1.1943079
v 0.1772380 -0.5057074 1.1933347
v 0.1796377 -0.5071331 1.1944340
v 0.1748275 -0.5070509 1.1959876
v 0.1735866 -0.5047313 1.1950439
v 0.1753199 -0.5043290 1.1931029
v 0.1734598 -0.4410078 1.1931598
v 0.1810143 -0.4494998 1.1763697
v 0.1808651 -0.4447177 1.1779746
v 0.1808542 -0.4433816 1.1739864
v 0.1810742 -0.4480422 1.1723644
v 0.1916656 -0.4509195 1.1806802
v 0.1918184 -0.4454559 1.1826621
v 0.1872420 -0.4460789 1.1834023
v 0.1872806 -0.4515071 1.1814880
v 0.1943730 -0.4494627 1.1765566
v 0.1948199 -0.4438518 1.1782907
v 0.1910862 -0.4390315 1.1844430
v 0.1897602 -0.4287935 1.1875765
v 0.1845607 -0.4308387 1.1873146
v 0.1863062 -0.4397776 1.1851692
v 0.1836030 -0.4192885 1.1722205
v 0.1838365 -0.4261858 1.1712060
v 0.1801759 -0.4275134 1.1733553
v 0.1789739 -0.4198371 1.1740394
v 0.1832164 -0.4457142 1.1814800
v 0.1834733 -0.4508620 1.1795955
v 0.1851935 -0.4357224 1.1695324
v 0.1861374 -0.4415032 1.1683576
v 0.1827102 -0.4423368 1.1705367
v 0.1815554 -0.4369104 1.1716161
v 0.1760893 -0.4218832 1.1777333
v 0.1780710 -0.4291173 1.1767498
v 0.1780806 -0.4302387 1.1807785
v 0.1748315 -0.4247399 1.1820998
v 0.1801253 -0.4313139 1.1841415
v 0.1897416 -0.4351120 1.1702702
v 0.1882712 -0.4252657 1.1718465
v 0.1928450 -0.4247281 1.1753173
v 0.1936058 -0.4357079 1.1739269
v 0.1823275 -0.4399641 1.1828111
v 0.1797947 -0.4379833 1.1750727
v 0.1798827 -0.4392238 1.1791315
v 0.1943158 -0.4372098 1.1801927
v 0.1939842 -0.4422753 1.1727081
v 0.1909026 -0.4534474 1.1656007
v 0.1874135 -0.4531472 1.1650732
v 0.1865835 -0.4465313 1.1667760
v 0.1908465 -0.4466180 1.1674078
v 0.1905964 -0.4413879 1.1689398
v 0.1938707 -0.4477612 1.1710671
v 0.1816795 -0.4542957 1.1703175
v 0.1814085 -0.4560552 1.1741610
v 0.1836386 -0.4573145 1.1772687
v 0.1940943 -0.4261544 1.1831391
v 0.1869822 -0.4582703 1.1789643
v 0.1909420 -0.4579788 1.1782883
v 0.1830430 -0.4470823 1.1688781
v 0.1839689 -0.4534691 1.1670054
v 0.1935754 -0.4546348 1.1690377
v 0.1937153 -0.4562635 1.1743925
v 0.1937174 -0.4619064 1.1729585
v 0.1936891 -0.4603738 1.1677411
v 0.1906130 -0.4633129 1.1766323
v 0.1869577 -0.4633799 1.1772851
v 0.1838579 -0.4617814 1.1754512
v 0.1908213 -0.4586988 1.1643935
v 0.1878234 -0.4581117 1.1642618
v 0.1848156 -0.4579571 1.1661906
v 0.1911502 -0.4639040 1.1635830
v 0.1935606 -0.4661170 1.1667795
v 0.1883218 -0.4770599 1.1729156
v 0.1903589 -0.4767908 1.1724317
v 0.1901440 -0.4735171 1.1729832
v 0.1885318 -0.4730519 1.1742753
v 0.1912180 -0.4703446 1.1734755
v 0.1900391 -0.4682650 1.1750199
v 0.1930720 -0.4726961 1.1707693
v 0.1930202 -0.4691814 1.1712906
v 0.1933148 -0.4767220 1.1698486
v 0.1932191 -0.4755279 1.1655431
v 0.1934750 -0.4717235 1.1664930
v 0.1937458 -0.4689296 1.1680472
v 0.1889709 -0.4803968 1.1709436
v 0.1908154 -0.4796930 1.1713882
v 0.1932304 -0.4662349 1.1719538
v 0.1869033 -0.4674107 1.1757888
v 0.1862266 -0.4724087 1.1743203
v 0.1859608 -0.4774524 1.1723670
v 0.1867377 -0.4802612 1.1693913
v 0.1842484 -0.4711026 1.1728564
v 0.1843387 -0.4758998 1.1706928
v 0.1850931 -0.4784326 1.1681772
v 0.1829087 -0.4690869 1.1707186
v 0.1834679 -0.4741578 1.1689710
v 0.1844132 -0.4658442 1.1745533
v 0.1828377 -0.4636752 1.1722059
v 0.1843583 -0.4767470 1.1677135
v 0.1883939 -0.4802542 1.1663342
v 0.1907191 -0.4809233 1.1673659
v 0.1931208 -0.4801018 1.1687885
v 0.1928047 -0.4706150 1.1641944
v 0.1920979 -0.4750660 1.1633514
v 0.1907492 -0.4689962 1.1626885
v 0.1899615 -0.4745285 1.1624267
v 0.1932060 -0.4785071 1.1656735
v 0.1916853 -0.4787104 1.1643787
v 0.1821749 -0.4602595 1.1727337
v 0.1824934 -0.4588590 1.1695029
v 0.1829460 -0.4622804 1.1686816
v 0.1830904 -0.4676581 1.1676045
v 0.1851981 -0.4618575 1.1653958
v 0.1879545 -0.4623234 1.1634577
v 0.1880485 -0.4679494 1.1626468
v 0.1851055 -0.4673060 1.1642890
v 0.1876240 -0.4735273 1.1626968
v 0.1853450 -0.4729466 1.1640925
v 0.1837339 -0.4731223 1.1665668
v 0.1872226 -0.4771443 1.1640231
v 0.1893014 -0.4782133 1.1637568
v 0.1864154 -0.4786530 1.1659504
v 0.1850044 -0.4765971 1.1660884
v 0.1858180 -0.4759762 1.1645904
v 0.1875648 -0.4194372 1.1725064
v 0.1364139 -0.3933558 1.2627840
v 0.1357041 -0.3953584 1.2579336
v 0.1283590 -0.3932887 1.2501081
v 0.1228237 -0.3888694 1.2494309
v 0.1195008 -0.3836837 1.2526731
v 0.1202708 -0.3813617 1.2580176
v 0.1234930 -0.3818489 1.2632434
v 0.1332549 -0.3958411 1.2533576
v 0.1346082 -0.3892356 1.2669941
v 0.1289989 -0.3845102 1.2670647
v 0.1233230 -0.3925949 1.2712822
v 0.1295017 -0.3967041 1.2711760
v 0.1177840 -0.3895272 1.2678214
v 0.1149935 -0.3881926 1.2620980
v 0.1149799 -0.3891947 1.2562951
v 0.1321289 -0.4001173 1.2666168
v 0.1317339 -0.4014945 1.2610603
v 0.1289474 -0.4007593 1.2557037
v 0.1279658 -0.4065117 1.2706631
v 0.1236192 -0.4059456 1.2762051
v 0.1056145 -0.4064083 1.2754119
v 0.1079158 -0.4067685 1.2792753
v 0.1102012 -0.4035892 1.2767946
v 0.1080188 -0.4022191 1.2732530
v 0.1124023 -0.4019313 1.2756025
v 0.1122890 -0.3982632 1.2723088
v 0.1145071 -0.4061984 1.2803549
v 0.1159829 -0.4043230 1.2781544
v 0.1189630 -0.4100890 1.2807930
v 0.1195925 -0.4069618 1.2794008
v 0.1121327 -0.4091361 1.2833788
v 0.1066767 -0.4099082 1.2813558
v 0.1098276 -0.4124699 1.2839502
v 0.1049992 -0.4109878 1.2786520
v 0.1180634 -0.4008289 1.2756197
v 0.1104085 -0.3950820 1.2659235
v 0.1064677 -0.4013599 1.2690423
v 0.1043720 -0.4070972 1.2717701
v 0.1048179 -0.4126248 1.2747920
v 0.1071995 -0.4027998 1.2639227
v 0.1057141 -0.4091096 1.2680330
v 0.1065416 -0.4135249 1.2714756
v 0.1107606 -0.4054104 1.2606850
v 0.1087878 -0.4111028 1.2661068
v 0.1110193 -0.3949405 1.2593145
v 0.1151926 -0.3975253 1.2554348
v 0.1083652 -0.4140779 1.2695689
v 0.1085073 -0.4168131 1.2775171
v 0.1080718 -0.4156491 1.2817026
v 0.1217045 -0.4120318 1.2782939
v 0.1164711 -0.4126890 1.2831718
v 0.1182815 -0.4154758 1.2803974
v 0.1235941 -0.4128548 1.2739418
v 0.1187864 -0.4169447 1.2765149
v 0.1136200 -0.4145671 1.2843153
v 0.1138112 -0.4171030 1.2819730
v 0.1187771 -0.3929790 1.2524811
v 0.1238859 -0.3974694 1.2525169
v 0.1206836 -0.4017612 1.2553945
v 0.1161468 -0.4085733 1.2611565
v 0.1255598 -0.4055579 1.2590495
v 0.1285261 -0.4070822 1.2648778
v 0.1232900 -0.4130658 1.2692599
v 0.1207744 -0.4117686 1.2642651
v 0.1180605 -0.4168699 1.2725343
v 0.1161695 -0.4155162 1.2691141
v 0.1126426 -0.4135392 1.2668026
v 0.1136953 -0.4178088 1.2741459
v 0.1136989 -0.4183356 1.2779782
v 0.1095938 -0.4164981 1.2737541
v 0.1109130 -0.4156081 1.2706849
v 0.1135531 -0.4167014 1.2715538
v 0.1778836 -0.4134338 1.1733228
v 0.1742436 -0.4152096 1.1780012
v 0.1745221 -0.4070134 1.1777654
v 0.1745492 -0.3975987 1.1768503
v 0.1794582 -0.3891296 1.1725138
v 0.1720916 -0.3983299 1.1832214
v 0.1721453 -0.4077327 1.1837043
v 0.1719055 -0.4181818 1.1844226
v 0.1704188 -0.3913842 1.1883107
v 0.0965519 -0.2186336 1.5220873
v 0.0990942 -0.2154640 1.5218915
v 0.0995214 -0.2111906 1.5173494
v 0.0971889 -0.2133397 1.5167960
v 0.0941075 -0.2154013 1.5163986
v 0.0902448 -0.2168453 1.5168208
v 0.0859900 -0.2212285 1.5237173
v 0.0916058 -0.2205817 1.5233726
v 0.0754196 -0.2182702 1.5209743
v 0.0775470 -0.2185373 1.5218965
v 0.0760949 -0.2182757 1.5199777
v 0.0821688 -0.2184440 1.5184386
v 0.0784722 -0.2181858 1.5195475
v 0.1022792 -0.2104506 1.5205886
v 0.1028465 -0.2088221 1.5198513
v 0.1009128 -0.2127708 1.5210909
v 0.0860958 -0.2178652 1.5175109
v 0.1024361 -0.2083539 1.5189866
v 0.1012307 -0.2091934 1.5181713
v 0.0811265 -0.2202386 1.5233264
v 0.0947220 -0.2159080 1.5184363
v 0.0908650 -0.2177291 1.5188188
v 0.0865276 -0.2202338 1.5216600
v 0.0914965 -0.2191335 1.5211992
v 0.0827828 -0.2190699 1.5201780
v 0.0802052 -0.2186839 1.5205371
v 0.0975772 -0.2139257 1.5184772
v 0.0866248 -0.2188415 1.5194297
v 0.0956800 -0.2170465 1.5208474
v 0.0798841 -0.2191855 1.5211821
v 0.0822592 -0.2199867 1.5219129
v 0.1018271 -0.2093413 1.5191667
v 0.1016747 -0.2092858 1.5191264
v 0.0374780 -0.0798127 1.3264460
v 0.0389143 -0.0783946 1.3072222
v 0.0981898 -0.2145447 1.5202172
v 0.1006985 -0.2102234 1.5188002
v 0.0993054 -0.2118803 1.5185391
v 0.0998990 -0.2123651 1.5198910
v 0.1011713 -0.2105561 1.5196467
v 0.1623359 -0.0541186 1.2939569
v 0.1486121 -0.0512567 1.2846397
v 0.2110076 -0.0306673 1.2956298
v 0.2162338 -0.0092281 1.2898723
v 0.1147067 -0.0384659 1.1012245
v 0.0131683 0.1607378 1.1419305
v 0.0085472 0.1660254 1.1641452
v -0.0671084 0.1379665 1.1541834
v -0.0488245 0.1490289 1.1514491
v 0.1043306 0.0933337 1.1483325
v 0.1095363 0.0900063 1.1308666
v 0.1123034 0.0228086 1.1374064
v 0.1173995 0.0182407 1.1201540
v 0.1240237 0.0614061 1.1088696
v -0.0141739 0.1531676 1.1011157
v -0.0219033 0.1533737 1.1226848
v -0.0008543 0.1573305 1.1219582
v 0.0063143 0.1580064 1.1008543
v -0.0733806 0.1167049 1.1279024
v -0.0816490 0.1219599 1.1562923
v 0.0900546 0.1182679 1.1698760
v 0.0738095 0.1387388 1.1734352
v 0.0309851 0.1643661 1.1817041
v 0.0080530 0.1689940 1.1885891
v -0.0345352 0.1631987 1.2057961
v -0.0132908 0.1682647 1.1973360
v 0.1050735 0.0024713 1.1523015
v 0.0909394 -0.0163720 1.1658907
v 0.1004400 0.0940523 1.1664687
v 0.0724893 -0.0599824 1.1482673
v -0.0759542 0.1418906 1.2527132
v -0.0540270 0.1547703 1.2511709
v 0.0534401 0.1541928 1.1771286
v 0.0546327 -0.0696014 1.2631652
v 0.0566513 -0.0686057 1.2483671
v 0.0691935 -0.0619613 1.2523317
v 0.0671341 -0.0614844 1.2667991
v 0.0808897 -0.0538179 1.2565758
v 0.0914734 -0.0451040 1.2611192
v 0.1005289 -0.0361169 1.2653195
v 0.1190465 -0.0098474 1.2724711
v 0.1143560 -0.0185049 1.2709709
v 0.1246020 0.0086958 1.2742591
v 0.1227364 -0.0014246 1.2737330
v 0.1232485 0.0241614 1.2710415
v 0.1186292 0.0432474 1.2677580
v 0.1135159 0.0638469 1.2645933
v 0.1154329 0.0585750 1.2775897
v 0.1174139 0.0466001 1.2566564
v 0.1214881 0.0287555 1.2595137
v 0.1234616 0.0139091 1.2604393
v 0.0472837 -0.0682465 1.2208972
v 0.0494675 -0.0617392 1.2046670
v 0.0354543 -0.0816315 1.3438058
v 0.2188680 -0.1651673 1.1335645
v 0.1954358 -0.2750260 1.2242288
v -0.0139572 0.0330876 1.4480544
v -0.0350522 0.0209481 1.4425633
v -0.0573386 0.0157220 1.4301090
v -0.0528110 0.0092701 1.4377992
v 0.0782400 0.0424180 1.4558972
v 0.0541546 0.0544678 1.4564089
v 0.0283027 0.0573360 1.4538573
v 0.0040861 0.0518635 1.4483199
v 0.1015514 0.0671708 1.1794323
v -0.0260850 0.0588406 1.4240766
v 0.0011170 0.0620920 1.4415471
v 0.0279408 0.0699456 1.4484282
v 0.0571730 0.0695412 1.4506527
v 0.0898907 0.0586007 1.4499294
v 0.1102289 0.0602440 1.4453585
v 0.1327191 0.0772227 1.4246397
v 0.1470181 0.0733222 1.4161483
v 0.1538891 0.0557905 1.4216849
v 0.1667006 0.0503454 1.4095125
v 0.1609259 0.0678207 1.4049416
v 0.2075356 0.0194924 1.3147080
v 0.2094707 0.0152497 1.2982733
v 0.2079336 0.0181859 1.2838321
v 0.2027766 0.0239506 1.2718909
v 0.1944305 0.0319179 1.2645905
v 0.1830901 0.0407421 1.2634592
v 0.1706839 0.0505316 1.2686863
v 0.1407046 0.0767596 1.2994729
v 0.1322964 0.0869244 1.3109063
v 0.1039599 0.1161628 1.3236773
v 0.0953010 0.1251336 1.3235119
v 0.0366959 0.1579509 1.2938285
v 0.0569627 0.1514542 1.3067064
v 0.0176478 0.1652706 1.2749244
v 0.0057033 0.1644508 0.9920967
v 0.0046721 0.1576192 1.0121093
v 0.0267207 0.1619390 1.0148750
v 0.0275440 0.1688110 0.9949751
v -0.0545557 0.1131283 1.0508652
v -0.0374928 0.1294115 1.0522604
v 0.1173984 0.1233149 1.0194402
v 0.0962269 0.1433422 1.0196157
v 0.0729265 0.1557134 1.0187876
v 0.0493182 0.1612862 1.0171304
v 0.1314854 0.0991124 1.0175092
v 0.1342780 -0.0315434 0.9890499
v 0.1401511 -0.0073516 0.9949411
v 0.0991614 -0.0877320 0.9782760
v 0.1130053 -0.0723894 0.9805621
v 0.1401350 0.0732309 1.0128073
v 0.1249635 -0.0538147 0.9841768
v 0.1430942 0.0188070 1.0009070
v 0.1439363 0.0466261 1.0068779
v 0.0029609 0.1525046 1.0320619
v -0.0159877 0.1438065 1.0311327
v -0.0196162 0.1415892 1.0541401
v -0.0638749 0.1136283 1.3468021
v -0.0420881 0.1271363 1.3502157
v -0.0183940 0.1348014 1.3539132
v 0.0141593 0.1293478 1.3754362
v 0.0397063 0.1300601 1.3763311
v 0.0355827 0.1379106 1.3605677
v 0.0092331 0.1380836 1.3578619
v 0.0822394 0.1208520 1.3722881
v 0.0994839 0.1166614 1.3686148
v 0.0956356 0.1190459 1.3584712
v 0.0801346 0.1252018 1.3609070
v 0.1102785 0.1146795 1.3547335
v 0.1235616 0.1092068 1.3480067
v 0.1350851 0.1012241 1.3392035
v 0.1476671 0.0919736 1.3296184
v 0.1598819 0.0886012 1.3472276
v 0.1479288 0.0973202 1.3585705
v 0.0869965 0.1159260 1.3838072
v 0.0666097 0.1189768 1.3881292
v -0.0493722 0.0916823 1.3790646
v -0.0680963 0.0771518 1.3726543
v 0.1084562 0.0827151 1.2668256
v 0.1035548 0.1018384 1.2711990
v 0.0969405 0.1170326 1.2779270
v 0.0902378 0.1286698 1.2858568
v 0.0842612 0.1363781 1.2951509
v 0.0782584 0.1418089 1.3047954
v 0.0721442 0.1443444 1.3149355
v 0.0848159 0.1349675 1.3203542
v 0.0665402 0.1444536 1.3255318
v 0.0810719 0.1346627 1.3299331
v 0.0611078 0.1426084 1.3368706
v 0.0588636 0.1382687 1.3495249
v 0.0596558 0.1319779 1.3624149
v 0.0622989 0.1257315 1.3748403
v 0.0208573 0.1215248 1.3911685
v 0.0453363 0.1220434 1.3899104
v 0.0038908 0.1080252 1.4044451
v 0.0118525 0.1006160 1.4173960
v -0.0127833 0.1248762 1.3736135
v -0.0035374 0.1161672 1.3900982
v 0.0466216 0.0131832 1.4676944
v 0.0235784 0.0149571 1.4668738
v 0.1744321 0.0560133 1.2856375
v 0.1790771 0.0489101 1.2758798
v 0.1701565 0.0556746 1.2780916
v 0.1690999 0.0593474 1.2848151
v 0.1873340 0.0425554 1.2777091
v 0.1874374 0.0486440 1.2941852
v 0.1948007 0.0368514 1.2840865
v 0.1814200 0.0518506 1.2885239
v 0.1999060 0.0326784 1.2935443
v 0.1931126 0.0448968 1.3019943
v 0.2028458 0.0314091 1.3042607
v 0.1967672 0.0427710 1.3104009
v 0.1983704 0.0412938 1.3172882
v 0.2026178 0.0330941 1.3159866
v 0.1812168 0.0685649 1.3499693
v 0.1888238 0.0582269 1.3378704
v 0.1947410 0.0487390 1.3260029
v 0.1564443 0.0824810 1.3188449
v 0.1662019 0.0717522 1.3083464
v 0.1742223 0.0615991 1.2981436
v 0.1804382 0.0590725 1.3043833
v 0.1722926 0.0698928 1.3147798
v 0.1627934 0.0815847 1.3259137
v -0.0566333 0.1017325 1.3652918
v -0.0367574 0.1155517 1.3698011
v 0.1147926 0.1125432 1.3639812
v 0.1277011 0.1074826 1.3585521
v 0.1402994 0.1006667 1.3502014
v 0.1526546 0.0916730 1.3384371
v 0.1347100 0.1043961 1.3676110
v 0.1203399 0.1086973 1.3745055
v 0.1048925 0.1126365 1.3795170
v -0.0280933 0.1057067 1.3856374
v -0.0745626 0.0869300 1.3597023
v 0.1505814 -0.0183940 1.3659007
v 0.1596593 -0.0096203 1.3841866
v 0.1690757 0.0066319 1.3984409
v 0.1710039 0.0282727 1.4074015
v -0.0350233 -0.0156967 1.4642069
v 0.1870564 -0.0815929 1.1475047
v -0.1089266 0.1008817 1.2913765
v -0.1045402 0.0921460 1.3190795
v -0.1016044 0.1085164 1.1897380
v -0.1086828 0.1116081 1.2225843
v -0.0432876 0.1286020 1.0780629
v -0.0588642 0.1126396 1.0781178
v -0.0663673 0.1142622 1.1023923
v -0.0739544 0.0991067 1.0258265
v -0.0710491 0.0937020 1.0488832
v -0.0788699 0.0961445 1.1030586
v -0.0852349 0.0992266 1.1298729
v -0.0938605 0.1247814 1.2559855
v -0.0820067 0.0989769 1.3436824
v -0.0926435 0.0727262 1.3555739
v -0.0866094 0.0633348 1.3681992
v -0.0798181 0.0538257 1.3818525
v 0.1113039 -0.0236439 1.2463449
v 0.1093784 -0.0252084 1.2562196
v 0.1024416 -0.0346127 1.2532248
v 0.1047001 -0.0333258 1.2434995
v 0.1199447 -0.0045303 1.2503742
v 0.1192021 -0.0064503 1.2602573
v 0.1150016 -0.0156975 1.2585954
v 0.1162455 -0.0140467 1.2485313
v 0.1221239 0.0029635 1.2608970
v 0.1221847 0.0056069 1.2507742
v 0.1133763 -0.0226700 1.2365576
v 0.1181959 -0.0126071 1.2391407
v 0.1067014 -0.0322717 1.2337470
v 0.1226270 0.0066500 1.2414443
v 0.1210564 -0.0029139 1.2409347
v 0.0493131 -0.1778691 1.4106858
v 0.0512438 -0.1953700 1.4111730
v 0.0536956 -0.2246811 1.4498344
v 0.0535556 -0.2241949 1.4548219
v 0.0391114 -0.1490660 1.4059237
v 0.0361527 -0.1391476 1.4016645
v 0.0481892 -0.2165275 1.4326677
v 0.0465127 -0.2116696 1.4187539
v 0.0540982 -0.2340592 1.4744871
v 0.0536328 -0.2317085 1.4716494
v 0.0528038 -0.2294158 1.4609402
v 0.0523074 -0.2271319 1.4576838
v 0.0335972 -0.1287050 1.3975921
v 0.0410954 -0.1623676 1.4083288
v 0.0298610 -0.1088059 1.3888564
v 0.0278182 -0.1004741 1.3837407
v 0.0335935 -0.0881396 1.3783799
v 0.0328041 -0.0837629 1.3689419
v 0.0452190 -0.0721471 1.2337008
v 0.0407817 -0.0764454 1.2723505
v 0.0420766 -0.0765007 1.2594262
v 0.0391890 -0.0764003 1.2883294
v 0.0339239 -0.0825431 1.3573101
v 0.0316111 -0.1178701 1.3935978
v 0.0506365 -0.2228325 1.4457685
v 0.0492039 -0.2187142 1.4406598
v 0.0532307 -0.2304996 1.4679849
v 0.0529654 -0.2299811 1.4644732
v 0.0267851 -0.0870165 1.3233831
v 0.0281770 -0.0856596 1.3040752
v 0.0435676 -0.0733994 1.2447958
v 0.0339039 -0.0731120 1.2204445
v 0.0345195 -0.0695859 1.2037839
v 0.0254348 -0.0885510 1.3414197
v 0.0344338 -0.0651384 1.1885944
v 0.0904849 0.1490773 0.8176906
v 0.0654283 0.1502174 0.7986551
v 0.0473384 0.1627461 0.8150451
v 0.0659260 0.1631778 0.8293835
v 0.0807429 0.1631981 0.8755444
v 0.0825498 0.1654917 0.9035155
v 0.0835066 0.1658691 0.9310634
v 0.0233753 0.1588676 0.8070070
v -0.0126976 0.1609003 0.8244905
v -0.0026653 0.1503409 0.8030510
v 0.0560528 0.1763520 0.9273211
v 0.0546676 0.1759292 0.9006892
v 0.0503367 0.1691285 0.8373234
v 0.0524528 0.1721257 0.8517060
v 0.0765271 0.1637067 0.8495968
v 0.0130593 0.1678171 0.8266741
v 0.0352170 0.1698466 0.8312816
v -0.0339366 0.1460297 0.9878476
v -0.0360897 0.1537289 0.9662785
v -0.0588388 0.1370526 0.9656048
v 0.0520534 0.1669415 0.9989368
v 0.0291019 0.1740419 0.9742130
v -0.0746647 0.0861302 0.8146694
v 0.0300915 0.1753831 0.8494050
v -0.0188343 0.1667743 0.8476392
v 0.0069138 0.1744590 0.8483242
v -0.0193651 0.1743577 0.9218850
v 0.0050806 0.1800923 0.9222174
v 0.0027316 0.1799428 0.8968451
v -0.0219253 0.1742809 0.8965505
v 0.0297190 0.1808663 0.9234362
v 0.0296996 0.1790428 0.9507106
v -0.0169557 0.1707047 0.9457183
v 0.0062167 0.1770595 0.9477118
v 0.0063061 0.1713764 0.9714161
v 0.0282081 0.1801115 0.8974175
v -0.0224451 0.1717070 0.8711918
v -0.0479224 0.1582054 0.8707463
v -0.0698228 0.1380960 0.8719806
v -0.0903168 0.1155566 0.8699729
v -0.0917522 0.1196835 0.8940076
v -0.0151426 0.1646391 0.9684801
v -0.0145206 0.1489992 1.0106709
v -0.0137664 0.1567781 0.9901441
v -0.0250244 0.1406284 1.0782852
v 0.1696887 -0.0544885 0.6317517
v 0.0029070 -0.0162557 0.7837684
v 0.0175792 -0.0344189 0.7869635
v 0.1765965 0.0614074 0.8708359
v 0.1373011 0.1251145 0.8377934
v 0.1064897 0.1475582 0.8444383
v 0.0517975 -0.0601785 0.7970123
v 0.0777505 -0.0670037 0.8076580
v 0.1788227 0.0241982 0.8702790
v 0.1529418 -0.0302437 0.8426156
v 0.0324125 -0.0481536 0.7907386
v 0.0533377 0.1752496 0.8749288
v 0.0282067 0.1787831 0.8717168
v 0.0033454 0.1782207 0.8714631
v -0.0447910 0.1530526 0.8475201
v -0.0683396 0.1321822 0.8495132
v -0.0865293 0.1087477 0.8500930
v 0.0947545 -0.0830579 0.8547148
v 0.0879079 -0.0897158 0.8655851
v 0.0924414 -0.0865375 0.8670620
v 0.0814677 -0.0935281 0.8793854
v 0.0810447 -0.0926271 0.8635509
v 0.0858845 -0.0874330 0.8491952
v 0.0784055 -0.0902436 0.8471938
v 0.0721750 -0.0852336 0.8329322
v 0.1319008 -0.0329892 0.9693190
v 0.1391698 -0.0085803 0.9746781
v 0.0962939 -0.0874380 0.9600869
v 0.1095874 -0.0730364 0.9619158
v 0.1424810 0.0751611 0.9935658
v 0.1216733 -0.0549898 0.9646930
v 0.1439663 0.0180069 0.9808675
v 0.1452224 0.0475696 0.9881004
v -0.0891153 0.1186117 0.9440061
v -0.0849526 0.1147768 0.9678666
v 0.0806419 -0.0973320 0.9586590
v 0.0439477 -0.1970327 1.4117350
v 0.0422564 -0.1785315 1.4105080
v 0.0686651 -0.2380701 1.5938489
v 0.0044985 -0.0513524 1.4800704
v 0.0617618 -0.2409407 1.5362123
v 0.0516629 -0.2244993 1.4546015
v 0.0547226 -0.2373415 1.4757187
v 0.0249816 -0.0934915 1.3775323
v 0.0233046 -0.0890544 1.3676392
v 0.0073561 -0.0254977 0.7883411
v 0.0241428 -0.0887470 1.3554466
v -0.0022503 -0.0133458 0.7860847
v -0.0938151 0.1044883 1.1589574
v 0.0396767 0.0851116 0.1993274
v 0.0299260 0.0952798 0.2056358
v 0.0311742 0.1023630 0.1774930
v 0.0394168 0.0912869 0.1720004
v 0.0310005 0.1267336 0.2206305
v 0.0253542 0.1144202 0.2152476
v 0.0427476 0.1360397 0.2227087
v 0.0569650 0.1393553 0.2207380
v 0.0506370 0.1434070 0.1923760
v 0.0377431 0.1422677 0.1943480
v 0.0689945 0.1371663 0.2173315
v 0.0739433 0.1378327 0.1859216
v 0.0800805 0.1320049 0.2134765
v 0.0921964 0.1196260 0.2069632
v 0.0849218 0.1252246 0.1806512
v 0.0967843 0.1013291 0.1968443
v 0.0900348 0.1073902 0.1715221
v 0.0908823 0.0848821 0.1893906
v 0.0535581 0.0779674 0.1928765
v 0.0519951 0.0817829 0.1660782
v 0.0272532 0.1337754 0.1923302
v 0.0240707 0.1222368 0.1869621
v 0.0269418 0.1118266 0.1818948
v 0.0258429 0.1050696 0.2106046
v 0.0299623 0.1074384 0.1497218
v 0.0357095 0.0929537 0.1448148
v 0.0223543 0.1414318 0.1653892
v 0.0236810 0.1280271 0.1587770
v 0.0442371 0.1498683 0.1662764
v 0.0316346 0.1506848 0.1684574
v 0.0712680 0.1464638 0.1611115
v 0.0579978 0.1490198 0.1637921
v 0.0621862 0.1415111 0.1893835
v 0.0813015 0.1333794 0.1559423
v 0.0889022 0.1128348 0.1475273
v 0.0501968 0.0820528 0.1396442
v 0.0265060 0.1177225 0.1537127
v 0.1672506 0.0297755 0.0075399
v 0.1669963 0.0281163 0.0120578
v 0.1636835 0.0248486 0.0118965
v 0.1617951 0.0252051 0.0065811
v 0.1399800 -0.0014515 0.0016711
v 0.1418641 -0.0071579 0.0106593
v 0.1332668 -0.0097042 0.0100808
v 0.1289251 -0.0054016 0.0000000
v 0.1533942 0.0104368 0.0025663
v 0.1519463 0.0144027 0.0007173
v 0.1557511 0.0177569 0.0007472
v 0.1600074 0.0152263 0.0027024
v 0.1694315 0.0637169 0.0212567
v 0.1670560 0.0668676 0.0177876
v 0.1697964 0.0706590 0.0187179
v 0.1726020 0.0693208 0.0218940
v 0.1671855 0.0431942 0.0117422
v 0.1647252 0.0466790 0.0086245
v 0.1674704 0.0501052 0.0097976
v 0.1708419 0.0488468 0.0123724
v 0.1326567 0.0108803 0.0237369
v 0.1205157 0.0043399 0.0261113
v 0.1271662 -0.0041403 0.0157792
v 0.1390367 0.0007550 0.0168223
v 0.1182260 -0.0023778 0.0091136
v 0.1104321 0.0074826 0.0179544
v 0.1132934 0.0149619 0.0108812
v 0.1212023 0.0051188 0.0054857
v 0.1251973 0.0201213 0.0092288
v 0.1314226 0.0107309 0.0043251
v 0.1345772 0.0187519 0.0139405
v 0.1432067 0.0093662 0.0087638
v 0.1517087 0.0288926 0.0153375
v 0.1501491 0.0231359 0.0225144
v 0.1568843 0.0165163 0.0137693
v 0.1597739 0.0228877 0.0080106
v 0.1417924 0.0154049 0.0210829
v 0.1505939 0.0111803 0.0128001
v 0.1356552 0.0168802 0.0113791
v 0.1372736 0.0242129 0.0083210
v 0.1460897 0.0171999 0.0033043
v 0.1444936 0.0096858 0.0062150
v 0.1449126 0.0302104 0.0094477
v 0.1529086 0.0235044 0.0036612
v 0.1609729 0.0387162 0.0253809
v 0.1533157 0.0313196 0.0231164
v 0.1594741 0.0272387 0.0155830
v 0.1650344 0.0321876 0.0163175
v 0.1538629 0.0268396 0.0081673
v 0.1478419 0.0322696 0.0137471
v 0.1498871 0.0387887 0.0108176
v 0.1565975 0.0324977 0.0060014
v 0.1571810 0.0449027 0.0123073
v 0.1624485 0.0373407 0.0063885
v 0.1630353 0.0438209 0.0189070
v 0.1674443 0.0367164 0.0111787
v 0.1681579 0.0625118 0.0240225
v 0.1673995 0.0577625 0.0305049
v 0.1703055 0.0513278 0.0220181
v 0.1709307 0.0557671 0.0167039
v 0.1626236 0.0507045 0.0283745
v 0.1663590 0.0462237 0.0213896
v 0.1618879 0.0440482 0.0167863
v 0.1595902 0.0490702 0.0221135
v 0.1576060 0.0556488 0.0157093
v 0.1604898 0.0494623 0.0106623
v 0.1626321 0.0629427 0.0170483
v 0.1658957 0.0554175 0.0114416
v 0.1701366 0.0781534 0.0366063
v 0.1729602 0.0719334 0.0303448
v 0.1721772 0.0757391 0.0256247
v 0.1673629 0.0828348 0.0313204
v 0.1675718 0.0705776 0.0351437
v 0.1700311 0.0666072 0.0299017
v 0.1655268 0.0653133 0.0252088
v 0.1643342 0.0691990 0.0291742
v 0.1604822 0.0743455 0.0224686
v 0.1627183 0.0695683 0.0189822
v 0.1635724 0.0811223 0.0248435
v 0.1676101 0.0755942 0.0200790
v 0.1292656 0.0228831 0.0306737
v 0.1146863 0.0138271 0.0356188
v 0.1279184 -0.0008025 0.0018272
v 0.1044400 0.0180081 0.0255606
v 0.1336522 0.0024984 0.0011736
v 0.1231012 0.0309713 0.0144754
v 0.1079310 0.0260851 0.0175579
v 0.1308753 0.0219293 0.0170800
v 0.1594656 0.0127139 0.0083380
v 0.1388655 0.0437409 0.0156106
v 0.1451105 0.0352018 0.0180526
v 0.1555060 0.0094310 0.0080448
v 0.1438205 0.0349988 0.0314065
v 0.1537557 0.0522795 0.0336940
v 0.1609468 0.0290938 0.0038628
v 0.1638928 0.0317074 0.0038352
v 0.1507370 0.0594496 0.0185467
v 0.1591741 0.0504266 0.0241218
v 0.1712962 0.0470201 0.0168858
v 0.1571341 0.0759393 0.0234619
v 0.1650952 0.0695402 0.0296865
v 0.1691056 0.0441444 0.0166438
v 0.1616163 0.0699931 0.0391932
v 0.1730412 0.0683051 0.0257354
v 0.1589076 0.0901619 0.0287535
v 0.1626566 0.0932510 0.0378605
v 0.1716399 0.0650054 0.0255921
v 0.1647622 0.0854241 0.0436719
v 0.0663462 0.0785070 0.1617129
v 0.0673996 0.0746059 0.1880575
v 0.0800947 0.0766323 0.1861665
v 0.0783407 0.0814717 0.1604270
v 0.0865921 0.0911242 0.1640434
v 0.0664159 0.0785229 0.1370221
v 0.0795366 0.0831833 0.1368450
v 0.0866412 0.0949406 0.1401376
v 0.0807930 0.1431279 0.1358638
v 0.0688482 0.1560544 0.1423913
v 0.0532294 0.1565520 0.1443691
v 0.0393353 0.1590145 0.1470310
v 0.0257583 0.1602894 0.1492423
v 0.0504198 0.0845047 0.1172070
v 0.0690975 0.0765490 0.1158900
v 0.0848505 0.0802701 0.1168816
v 0.0925004 0.0951888 0.1203701
v 0.1048328 0.0224886 0.0465047
v 0.1208168 0.0312669 0.0487614
v 0.1101660 0.0408481 0.0632949
v 0.0944152 0.0383192 0.0537649
v 0.1330882 0.0445709 0.0473014
v 0.1231945 0.0542145 0.0643144
v 0.1425564 0.0612868 0.0480379
v 0.1311940 0.0711118 0.0637268
v 0.1500348 0.0788175 0.0507550
v 0.1368755 0.0885626 0.0637360
v 0.1555439 0.0950499 0.0522303
v 0.1411498 0.1059179 0.0623104
v 0.1560833 0.1058277 0.0458440
v 0.1427867 0.1184492 0.0555321
v 0.0939155 0.0284493 0.0326225
v 0.0855597 0.0455149 0.0408343
v 0.0979505 0.0402625 0.0229631
v 0.0894888 0.0570961 0.0303179
v 0.1105606 0.0501584 0.0231865
v 0.1005930 0.0674821 0.0308068
v 0.1383724 0.1183419 0.0426638
v 0.1507421 0.1036577 0.0338715
v 0.1238932 0.0638192 0.0250993
v 0.1128176 0.0808221 0.0335219
v 0.1349842 0.0787176 0.0266811
v 0.1228412 0.0954922 0.0350117
v 0.1435615 0.0924921 0.0293317
v 0.1310681 0.1086856 0.0373983
v 0.0944707 0.0544429 0.0763647
v 0.1103043 0.0637841 0.0829027
v 0.1167601 0.0809357 0.0821313
v 0.1212233 0.0996811 0.0804829
v 0.1237112 0.1184937 0.0749335
v 0.1261004 0.1319987 0.0666033
v 0.1056838 0.1158920 0.1017993
v 0.1048331 0.1340824 0.0858428
v 0.1065647 0.1447521 0.0747046
v 0.0883302 0.1580696 0.0830803
v 0.0877714 0.1504257 0.0956674
v 0.0566086 0.1760246 0.1083752
v 0.0708040 0.1647709 0.1035114
v 0.0720587 0.1728916 0.0911277
v 0.0572557 0.1854662 0.0951144
v 0.0905871 0.1381844 0.1110184
v 0.0741452 0.1531812 0.1192445
v 0.0594207 0.1619473 0.1247688
v 0.0306920 0.1928930 0.1000181
v 0.0318402 0.1864725 0.1153630
v 0.0449992 0.1829283 0.1119098
v 0.0447584 0.1920531 0.0978974
v 0.0141167 0.1872607 0.0981719
v 0.0144785 0.1827668 0.1150467
v 0.0070991 0.1655033 0.1074010
v 0.0055649 0.1707942 0.0919604
v 0.0354415 0.1715824 0.1314523
v 0.0473021 0.1673975 0.1278605
v 0.0206412 0.1706169 0.1325498
v 0.0136485 0.1558233 0.1262482
v 0.0124962 0.1475102 0.0995965
v 0.0181905 0.1400598 0.1190851
v 0.0091540 0.1526956 0.0846591
v 0.0814863 0.0572795 0.0622066
v 0.0770695 0.0652326 0.0516574
v 0.1043120 0.0894697 0.1025496
v 0.0960762 0.0728311 0.1006098
v 0.0753268 0.0697327 0.0941897
v 0.0645968 0.0747941 0.0730475
v 0.0635103 0.0856112 0.0605404
v 0.0479127 0.0929441 0.0791433
v 0.0491140 0.1029667 0.0675974
v 0.0801029 0.0754997 0.0432138
v 0.0678144 0.0949001 0.0552522
v 0.0528059 0.1117854 0.0623077
v 0.0344170 0.1092196 0.0849049
v 0.0348585 0.1175802 0.0728993
v 0.0262315 0.1235463 0.0908116
v 0.0246710 0.1298494 0.0772625
v 0.0165261 0.1403082 0.0805689
v 0.0200030 0.1349612 0.0951076
v 0.0282686 0.1180094 0.1092579
v 0.0234484 0.1287164 0.1140357
v 0.0366361 0.1036903 0.1028558
v 0.0509102 0.0867090 0.0977110
v 0.1226371 0.1336362 0.0536045
v 0.1045110 0.1471277 0.0637272
v 0.0858694 0.1593186 0.0729245
v 0.0689274 0.1739327 0.0788853
v 0.0534932 0.1843570 0.0822667
v 0.0420629 0.1896313 0.0847084
v 0.0300704 0.1905139 0.0869354
v 0.0174813 0.1841408 0.0865486
v 0.0107969 0.1724818 0.0824050
v 0.0136390 0.1589485 0.0757350
v 0.0194601 0.1482338 0.0707584
v 0.0382474 0.1263123 0.0657314
v 0.0272102 0.1380745 0.0677060
v 0.0350309 0.0971206 0.1216121
v 0.0271922 0.1113566 0.1278780
v 0.0243786 0.1221986 0.1325729
v 0.0190911 0.1474377 0.1439173
v 0.0222117 0.1329602 0.1373057
v 0.0885278 0.0867718 0.0415328
v 0.0992745 0.1000174 0.0437342
v 0.1083266 0.1139089 0.0452597
v 0.1158827 0.1257722 0.0476699
v 0.0988637 0.1412518 0.0578153
v 0.0914749 0.1311504 0.0553066
v 0.0824595 0.1182876 0.0529922
v 0.0741861 0.1050779 0.0529104
v 0.0806851 0.1541484 0.0660369
v 0.0742436 0.1453378 0.0627983
v 0.0652356 0.1341849 0.0604114
v 0.0584234 0.1220453 0.0597724
v 0.0429999 0.1362259 0.0629394
v 0.0486882 0.1472720 0.0648229
v 0.0570116 0.1573063 0.0677463
v 0.0627847 0.1663766 0.0717289
v 0.0486152 0.1757779 0.0759158
v 0.0436352 0.1664240 0.0721156
v 0.0365477 0.1569405 0.0689409
v 0.0318324 0.1474818 0.0666412
v 0.0393424 0.1806292 0.0785121
v 0.0220231 0.1795810 0.0807109
v 0.0307594 0.1823524 0.0803187
v 0.0170055 0.1725556 0.0778910
v 0.0198643 0.1635946 0.0735599
v 0.0250565 0.1555893 0.0697711
v 0.0252828 0.1681375 0.0746919
v 0.0300877 0.1631098 0.0719934
v 0.0359128 0.1717698 0.0749693
v 0.0298103 0.1748639 0.0771375
v 0.0222983 0.1723040 0.0771129
v 0.0247149 0.1756812 0.0783250
v 0.0904059 0.1189412 0.1247326
v -0.0255998 -0.0258100 1.4718434
v -0.0622169 0.0222459 1.4219478
v 0.1197994 -0.0520132 0.4453404
v 0.1349396 -0.0469362 0.4430286
v 0.1483333 -0.0396415 0.4460374
v 0.1687749 -0.0062016 0.8691098
v 0.1207396 -0.0137672 1.1019313
v 0.1106677 -0.0011053 1.1362847
v 0.1158104 -0.0067738 1.1197167
v 0.1727606 -0.0082594 0.8445498
v 0.1053807 0.0702418 1.1618568
v -0.0815288 0.0991476 0.8326339
v -0.0749614 0.0455407 1.3938830
v 0.1079971 -0.0272708 1.2687143
v -0.0915645 0.1209968 0.9197525
v 0.1274314 -0.1262653 1.5238519
v 0.1243992 -0.1245190 1.5234594
v 0.1232909 -0.1227318 1.5204627
v 0.1214973 -0.1184087 1.5208682
v 0.1205310 -0.1150471 1.5207200
v 0.1205629 -0.1128669 1.5205108
v 0.1242712 -0.1202997 1.5221958
v 0.1228647 -0.1186771 1.5262013
v 0.1241350 -0.1213709 1.5243262
v 0.1253889 -0.1222008 1.5230626
v 0.0281939 -0.0833219 1.2855307
v 0.0298461 -0.0822963 1.2703512
v 0.0310198 -0.0799588 1.2571715
v 0.0319668 -0.0780291 1.2443755
v 0.0514161 -0.2252409 1.4499617
v 0.0845112 -0.1018568 1.0400370
v 0.0811582 -0.0987426 1.0569097
v -0.0726794 0.0936041 1.0778011
v 0.0835423 -0.1002263 0.9932988
v 0.0791934 -0.0974341 1.0738764
v -0.1101880 0.1079363 1.2593500
v 0.0329967 -0.0753302 1.2335967
v 0.0819436 -0.0987391 0.9762681
v -0.0999718 0.0833111 1.3415403
v 0.0744452 -0.0932293 1.0950568
v 0.0814552 -0.0939208 0.8977007
v 0.0543068 -0.0760651 1.1463085
v 0.0216895 -0.2334155 1.5732625
v 0.0072920 -0.2234580 1.5680390
v 0.0132398 -0.2294450 1.5564885
v 0.0254371 -0.2373805 1.5582776
v 0.0162367 -0.2334618 1.5468636
v 0.0270051 -0.2385127 1.5462234
v -0.0008962 -0.2129526 1.5611040
v 0.0046084 -0.2202367 1.5525394
v -0.0070719 -0.2065577 1.5208109
v -0.0039333 -0.2080089 1.5294821
v -0.0098358 -0.2005669 1.5296844
v -0.0133292 -0.1973704 1.5179654
v -0.0109516 -0.2004095 1.4943417
v -0.0151375 -0.1885030 1.4884982
v -0.0097791 -0.1962482 1.4776942
v -0.0049548 -0.2060195 1.4846034
v 0.0302379 -0.2256223 1.4918969
v 0.0278442 -0.2258715 1.4983510
v 0.0214341 -0.2248515 1.4934154
v 0.0245784 -0.2238922 1.4862217
v 0.0412312 -0.2317546 1.5001062
v 0.0466850 -0.2377044 1.5016579
v 0.0464601 -0.2341618 1.5081600
v 0.0403958 -0.2295071 1.5057476
v 0.0347059 -0.2248154 1.4859757
v 0.0290206 -0.2222563 1.4803268
v 0.0370683 -0.2292820 1.4917529
v 0.0356130 -0.2276395 1.4967314
v 0.0412491 -0.2379321 1.4837683
v 0.0447871 -0.2421241 1.4829944
v 0.0446539 -0.2436801 1.4886173
v 0.0403926 -0.2376336 1.4890555
v 0.0364050 -0.2293091 1.4847825
v 0.0401623 -0.2304105 1.4810560
v 0.0395403 -0.2336793 1.4831855
v 0.0372608 -0.2325984 1.4874869
v 0.0414149 -0.2345210 1.4943744
v 0.0461183 -0.2410785 1.4952271
v 0.0509736 -0.2471648 1.4949468
v 0.0498353 -0.2492590 1.4866903
v 0.0128809 -0.2178375 1.4752493
v 0.0179741 -0.2183579 1.4709489
v 0.0231209 -0.2205836 1.4756222
v 0.0185131 -0.2215131 1.4807829
v 0.0384457 -0.2266584 1.4789520
v 0.0347145 -0.2254733 1.4635568
v 0.0408262 -0.2283538 1.4633294
v 0.0410230 -0.2291251 1.4673438
v 0.0343606 -0.2260711 1.4676368
v 0.0042587 -0.2077753 1.4627553
v 0.0029542 -0.2027246 1.4547761
v 0.0104119 -0.2078302 1.4536240
v 0.0110370 -0.2112019 1.4601255
v 0.0122351 -0.2055805 1.4466581
v 0.0046439 -0.1988068 1.4456439
v 0.0134055 -0.1963926 1.4284592
v 0.0201498 -0.2069027 1.4334876
v 0.0158036 -0.2051522 1.4402945
v 0.0082005 -0.1966689 1.4370349
v 0.0329932 -0.2142112 1.4371876
v 0.0260647 -0.2096187 1.4271064
v 0.0327033 -0.2118611 1.4224164
v 0.0388976 -0.2156308 1.4348222
v 0.0343919 -0.2208261 1.4580086
v 0.0347921 -0.2234847 1.4602719
v 0.0301941 -0.2207766 1.4604270
v 0.0301417 -0.2189012 1.4586060
v 0.0254848 -0.2165697 1.4592087
v 0.0259670 -0.2174340 1.4598333
v 0.0244510 -0.2174716 1.4607435
v 0.0236795 -0.2158828 1.4592849
v 0.0275149 -0.2175285 1.4588997
v 0.0264987 -0.2167146 1.4579564
v 0.0287946 -0.2177959 1.4566366
v 0.0324113 -0.2201106 1.4549737
v 0.0463229 -0.2252742 1.4505989
v 0.0474863 -0.2247928 1.4552018
v 0.0442787 -0.2240097 1.4557887
v 0.0421560 -0.2245725 1.4514964
v 0.0262635 -0.2193753 1.4619069
v 0.0296482 -0.2219617 1.4628502
v 0.0285354 -0.2226676 1.4661913
v 0.0243788 -0.2197361 1.4641957
v 0.0215530 -0.2192733 1.4672130
v 0.0182411 -0.2160593 1.4636737
v 0.0218446 -0.2171554 1.4619186
v 0.0243896 -0.2152561 1.4573965
v 0.0206358 -0.2148142 1.4593630
v 0.0211568 -0.2131902 1.4563614
v 0.0231418 -0.2135711 1.4529937
v 0.0265274 -0.2162320 1.4551018
v 0.0300362 -0.2182814 1.4525736
v 0.0265232 -0.2151546 1.4494196
v 0.0315350 -0.2171163 1.4460356
v 0.0348617 -0.2208963 1.4497255
v 0.0265715 -0.2221624 1.4705830
v 0.0164755 -0.2130795 1.4596921
v 0.0137634 -0.2144906 1.4660933
v 0.0166610 -0.2109891 1.4547330
v 0.0187304 -0.2102567 1.4499819
v 0.0271077 -0.2129534 1.4406600
v 0.0220386 -0.2113026 1.4450300
v 0.0200068 -0.1976144 1.4200742
v 0.0286156 -0.1987036 1.4147349
v 0.0187416 -0.2329291 1.5399601
v 0.0275854 -0.2355689 1.5390904
v 0.0169728 -0.2278719 1.5331097
v 0.0209474 -0.2295493 1.5329990
v 0.0204216 -0.2308180 1.5356389
v 0.0156324 -0.2281536 1.5358057
v 0.0024907 -0.2129119 1.5300502
v -0.0003247 -0.2118864 1.5236511
v 0.0061656 -0.2157655 1.5266798
v 0.0076791 -0.2173835 1.5305172
v 0.0126111 -0.2205545 1.5168738
v 0.0164073 -0.2227557 1.5232082
v 0.0133059 -0.2214356 1.5247827
v 0.0085639 -0.2186563 1.5190806
v 0.0201661 -0.2240948 1.5220881
v 0.0177077 -0.2223368 1.5161126
v 0.0228040 -0.2236457 1.5163643
v 0.0242778 -0.2248630 1.5216866
v 0.0275378 -0.2316420 1.5353455
v 0.0264597 -0.2305275 1.5325884
v 0.0323106 -0.2289471 1.5317024
v 0.0344839 -0.2301250 1.5344927
v 0.0404091 -0.2227260 1.5247246
v 0.0433948 -0.2239992 1.5238760
v 0.0436935 -0.2252512 1.5278650
v 0.0401907 -0.2238496 1.5270752
v 0.0388404 -0.2230821 1.5231027
v 0.0405278 -0.2238267 1.5211085
v 0.0319229 -0.2344567 1.5943885
v 0.0158302 -0.2248858 1.5898674
v 0.0357506 -0.2396478 1.5749278
v 0.0017478 -0.2138258 1.5809711
v -0.0059658 -0.2027688 1.5705804
v -0.0127295 -0.1875742 1.4698451
v -0.0050300 -0.1957992 1.4604096
v -0.0029042 -0.2027174 1.4687469
v -0.0127291 -0.1802359 1.4601955
v -0.0042391 -0.1902235 1.4502930
v 0.0066757 -0.1808776 1.4288000
v -0.0009330 -0.1848214 1.4386613
v -0.0195810 -0.1676075 1.4740873
v -0.0189171 -0.1597561 1.4664449
v -0.0097642 -0.1720175 1.4493245
v -0.0227043 -0.1504107 1.4840212
v -0.0204117 -0.1430507 1.4830364
v -0.0161266 -0.1494236 1.4599622
v -0.0037855 -0.1407166 1.4257870
v -0.0172372 -0.1367969 1.4374761
v -0.0222508 -0.1297725 1.4316554
v -0.0077627 -0.1333293 1.4199408
v -0.0185887 -0.1766676 1.4820219
v -0.0114161 -0.1947041 1.5426950
v -0.0160402 -0.1894543 1.5297649
v -0.0054298 -0.2047481 1.5395611
v -0.0066566 -0.1843016 1.6069495
v -0.0152776 -0.1782281 1.5912864
v -0.0100309 -0.1906733 1.5809194
v -0.0017402 -0.1998346 1.5947074
v 0.0266059 -0.1964801 1.6339934
v 0.0076455 -0.1910429 1.6221705
v 0.0112807 -0.2103231 1.6069342
v 0.0290373 -0.2196705 1.6155959
v -0.0185800 -0.1632675 1.5982480
v -0.0096957 -0.1640794 1.6147076
v -0.0151256 -0.1420535 1.6170796
v -0.0216839 -0.1465531 1.6008642
v 0.0029892 -0.1651774 1.6324272
v -0.0018011 -0.1380581 1.6349280
v -0.0204974 -0.1334616 1.4909452
v -0.0222256 -0.1341467 1.4727045
v -0.0236871 -0.1322090 1.4593056
v -0.0139302 -0.1429599 1.4463293
v 0.0152523 -0.1337306 1.6480274
v 0.0216357 -0.1659070 1.6452183
v -0.0192619 -0.0966760 1.5863177
v -0.0253912 -0.1093970 1.5758887
v -0.0256061 -0.1209315 1.5876975
v -0.0187682 -0.1076670 1.6023420
v -0.0104090 -0.0826011 1.5968069
v -0.0084804 -0.0949092 1.6149294
v -0.0144812 -0.0913798 1.5340174
v -0.0049930 -0.0779046 1.5399275
v -0.0045910 -0.0831822 1.5218907
v -0.0143734 -0.0941979 1.5172399
v 0.0081415 -0.2270544 1.5448129
v 0.0029325 -0.2193813 1.5415259
v 0.0083161 -0.2231044 1.5376401
v 0.0126761 -0.2286069 1.5395054
v -0.0064534 -0.2025983 1.5523657
v -0.0011150 -0.2118710 1.5466833
v -0.0161086 -0.1814394 1.5692541
v -0.0193191 -0.1717118 1.5774739
v -0.0255674 -0.1472676 1.5870640
v -0.0231023 -0.1599703 1.5833693
v -0.0273665 -0.1191217 1.5660240
v -0.0280534 -0.1260336 1.5736879
v -0.0214991 -0.1208146 1.5071314
v -0.0190597 -0.1075368 1.5125519
v -0.0214833 -0.1081784 1.4935234
v -0.0241864 -0.1202349 1.4862535
v -0.0090084 -0.0850554 1.5055005
v -0.0148208 -0.0962763 1.5006782
v -0.0315627 -0.1160786 1.4614581
v -0.0282960 -0.1036592 1.4704676
v -0.0341257 -0.1009537 1.4635354
v -0.0360730 -0.1121481 1.4542672
v -0.0316613 -0.0887583 1.4709073
v -0.0236434 -0.0922919 1.4778830
v -0.0179583 -0.0820199 1.4837956
v -0.0275464 -0.0775235 1.4762193
v 0.0165111 -0.1329494 1.4043123
v 0.0057010 -0.1335848 1.4112803
v 0.0013463 -0.1262153 1.4060123
v 0.0133685 -0.1244539 1.3994769
v -0.0412709 -0.1085181 1.4489790
v -0.0426508 -0.0982333 1.4603453
v -0.0183531 -0.1046040 1.5300972
v -0.0215713 -0.1161848 1.5274051
v -0.0418136 -0.0856685 1.4682364
v -0.0232751 -0.1064644 1.4807355
v -0.0181007 -0.0958555 1.4871940
v 0.0001688 -0.0751936 1.5080661
v 0.0053561 -0.0720553 1.5251491
v 0.0341347 -0.2268988 1.5023994
v 0.0327943 -0.2243309 1.5181355
v 0.0370371 -0.2241399 1.5192921
v 0.0364572 -0.2241007 1.5223577
v 0.0328112 -0.2247186 1.5218110
v 0.0512099 -0.2441502 1.5531266
v 0.0384824 -0.2422508 1.5563630
v 0.0383271 -0.2411137 1.5426594
v 0.0507060 -0.2402606 1.5372213
v 0.0025223 -0.2169551 1.4941205
v 0.0070485 -0.2176622 1.4822158
v 0.0143455 -0.2226057 1.4879506
v 0.0125813 -0.2226414 1.4978113
v 0.0108019 -0.2204043 1.5305570
v 0.0122226 -0.2229517 1.5319135
v 0.0098453 -0.2208379 1.5332523
v 0.0079128 -0.2129852 1.4694126
v 0.0013010 -0.2102210 1.4756790
v -0.0184467 -0.1844742 1.5158232
v -0.0001045 -0.2122586 1.5369164
v 0.0475955 -0.2000221 1.6397396
v 0.0486446 -0.2251895 1.6194695
v 0.0440986 -0.1670823 1.6524325
v 0.0389398 -0.1323619 1.6554837
v 0.0071067 -0.0844603 1.6259068
v 0.0250103 -0.0754535 1.6341468
v 0.0225771 -0.0601185 1.6126165
v 0.0031823 -0.0702388 1.6043577
v 0.0033546 -0.0626392 1.5435504
v -0.0105066 -0.0722709 1.4870748
v -0.0194904 -0.0672253 1.4789062
v 0.0501551 -0.2396249 1.5953854
v 0.0507333 -0.2430961 1.5735906
v -0.0118521 -0.1921302 1.5593019
v -0.0083118 -0.2073883 1.5115855
v -0.0053935 -0.2106128 1.5023150
v 0.0010474 -0.2165654 1.5112505
v -0.0012157 -0.2133986 1.5172803
v -0.0136646 -0.1966998 1.5057059
v -0.0180163 -0.1829188 1.5010156
v -0.0222232 -0.1673135 1.4975672
v -0.0237470 -0.1575906 1.4888035
v -0.0163601 -0.1213946 1.6137202
v -0.0239752 -0.1310579 1.5986648
v 0.0092002 -0.1050841 1.6421976
v -0.0065358 -0.1142127 1.6291118
v -0.0265636 -0.1343345 1.5871421
v 0.0312852 -0.1003857 1.6518089
v 0.0416021 -0.2293561 1.4716560
v 0.0433784 -0.2298917 1.4755414
v 0.0339900 -0.2253430 1.4737037
v 0.0399374 -0.2223977 1.4475377
v 0.0375115 -0.2187454 1.4433243
v 0.0422967 -0.2185302 1.4419802
v 0.0446211 -0.2228084 1.4463651
v 0.0268515 -0.1813289 1.4138872
v 0.0170411 -0.1804999 1.4201004
v 0.0198175 -0.1425167 1.4087663
v 0.0092641 -0.1417105 1.4161973
v 0.0448932 -0.2358889 1.4820289
v 0.0436785 -0.2336017 1.4819219
v 0.0460278 -0.2341884 1.4818879
v 0.0463998 -0.2361789 1.4819546
v 0.0273649 -0.2187895 1.4605117
v 0.0456721 -0.2295524 1.4622930
v 0.0451393 -0.2273718 1.4591051
v 0.0482218 -0.2275483 1.4583384
v 0.0489358 -0.2297380 1.4614764
v -0.0021085 -0.1630524 1.4362475
v -0.0013792 -0.1502915 1.4316316
v -0.0324689 -0.1225785 1.4434222
v -0.0274899 -0.1275885 1.4504959
v -0.0277242 -0.1190557 1.4714380
v -0.0136475 -0.0847307 1.4936771
v -0.0045876 -0.0751068 1.4967680
v 0.0064296 -0.0671750 1.4972390
v 0.0123672 -0.0667443 1.5097109
v 0.0131643 -0.1651397 1.4207068
v 0.0113824 -0.1523602 1.4191180
v 0.0225662 -0.1538493 1.4121579
v 0.0246805 -0.1661872 1.4134654
v 0.0502762 -0.2359903 1.4784936
v 0.0490836 -0.2336808 1.4782279
v 0.0508860 -0.2336616 1.4756640
v 0.0518277 -0.2369129 1.4768974
v 0.0429169 -0.2319294 1.4808740
v 0.0446207 -0.2305927 1.4781703
v 0.0451591 -0.2310840 1.4799700
v 0.0425009 -0.2337410 1.4817374
v 0.0434885 -0.2364866 1.4821923
v 0.0486979 -0.2404834 1.4809934
v 0.0497904 -0.2452298 1.4802843
v 0.0455892 -0.2393763 1.4816210
v 0.0483659 -0.2352776 1.4803356
v 0.0477887 -0.2331975 1.4797802
v 0.0456920 -0.2320642 1.4812504
v 0.0441307 -0.2323537 1.4816505
v 0.0481761 -0.2385418 1.4813998
v 0.0462537 -0.2375397 1.4818002
v 0.0519031 -0.2433323 1.5022513
v 0.0287841 -0.1412350 1.4043244
v 0.0314339 -0.1528183 1.4080258
v 0.0262743 -0.2171098 1.4592775
v 0.0366150 -0.2349869 1.5373245
v 0.0068680 -0.2202303 1.5077327
v 0.0269462 -0.2251329 1.5050004
v 0.0272044 -0.2243770 1.5111296
v 0.0210348 -0.2235307 1.5093452
v 0.0206066 -0.2245983 1.5013550
v 0.0446885 -0.2326585 1.5335064
v 0.0484769 -0.2291781 1.5278123
v 0.0534510 -0.2350056 1.5271857
v 0.0477855 -0.2275926 1.5217010
v 0.0435855 -0.2257293 1.5177127
v 0.0456251 -0.2301487 1.5134687
v 0.0517305 -0.2346963 1.5180652
v 0.0124446 -0.2244485 1.5350790
v 0.0142528 -0.2253611 1.5329076
v 0.0395329 -0.2270571 1.5106676
v 0.0384244 -0.2248309 1.5152966
v 0.0331864 -0.2245682 1.5132950
v 0.0333774 -0.2256281 1.5078610
v 0.0141929 -0.2223237 1.5078002
v 0.0054210 -0.2172779 1.5347865
v 0.0065111 -0.2164816 1.5227322
v -0.0230437 -0.1278006 1.5157703
v -0.0251244 -0.1235599 1.5288674
v -0.0248362 -0.1425530 1.5017643
v -0.0235557 -0.1388037 1.5047971
v -0.0199700 -0.1395474 1.4978160
v -0.0229181 -0.1443640 1.4961485
v -0.0279347 -0.1385528 1.5591696
v -0.0268060 -0.1427905 1.5577672
v -0.0262126 -0.1451962 1.5638117
v -0.0266689 -0.1376214 1.5656424
v -0.0262964 -0.1501185 1.5580106
v -0.0263264 -0.1492075 1.5547819
v -0.0263759 -0.1522402 1.5529970
v -0.0250187 -0.1527234 1.5602499
v -0.0244284 -0.1591829 1.5550406
v -0.0217701 -0.1652594 1.5649661
v -0.0242354 -0.1562043 1.5706064
v -0.0177449 -0.1805524 1.5452571
v -0.0188500 -0.1724549 1.5570906
v -0.0231150 -0.1632984 1.5480774
v -0.0215933 -0.1651873 1.5388787
v -0.0242949 -0.1548646 1.5049647
v -0.0254977 -0.1503828 1.4975880
v -0.0201224 -0.1332921 1.5046025
v -0.0099204 -0.0761843 1.5774423
v -0.0193996 -0.0914164 1.5694458
v -0.0243270 -0.1040647 1.5610163
v -0.0254318 -0.1148053 1.5542954
v 0.0007642 -0.0617174 1.5845421
v 0.0153066 -0.0507817 1.5852948
v -0.0210685 -0.1761058 1.5287928
v -0.0231918 -0.1626594 1.5267891
v -0.0156998 -0.0895515 1.5517079
v -0.0081073 -0.0738003 1.5584462
v -0.0203263 -0.1027656 1.5451643
v -0.0233213 -0.1136763 1.5411761
v 0.0022573 -0.0599547 1.5644293
v 0.0147016 -0.0475846 1.5638291
v 0.0135816 -0.0511439 1.5413768
v -0.0287506 -0.1460829 1.5104173
v -0.0301682 -0.1455761 1.5043497
v -0.0280720 -0.1462404 1.5020631
v -0.0265060 -0.1491935 1.5075393
v -0.0241642 -0.1590335 1.5151635
v -0.0225236 -0.1708440 1.5136931
v 0.0520215 -0.2395890 1.5097673
v 0.0398867 -0.2126241 1.4201189
v 0.0438481 -0.2167265 1.4335288
v 0.0467296 -0.2307674 1.4699733
v 0.0462551 -0.2305960 1.4661365
v 0.0494750 -0.2305404 1.4649748
v 0.0500563 -0.2310454 1.4687092
v 0.0405493 -0.2278425 1.5318888
v 0.0134727 -0.0618792 1.5258557
v 0.0007144 -0.0649386 1.4883133
v -0.0085870 -0.0589517 1.4802449
v -0.0381941 -0.0731137 1.4720474
v -0.0302683 -0.0620169 1.4746469
v 0.0506547 -0.2319217 1.4723804
v 0.0476631 -0.2314695 1.4733354
v 0.0483718 -0.2374243 1.4809562
v 0.0403955 -0.2261281 1.4598104
v 0.0475191 -0.2324264 1.4785806
v 0.0480556 -0.2320471 1.4763868
v 0.0529772 -0.2341170 1.4745946
v 0.0523367 -0.2319591 1.4718034
v 0.0279676 -0.2243866 1.5173690
v 0.0286076 -0.2250875 1.5217056
v 0.0501818 -0.2388302 1.4794610
v 0.0515963 -0.2407995 1.4779304
v -0.0131552 -0.1267754 1.4146211
v -0.0277906 -0.1244865 1.4255961
v 0.0504278 -0.2273919 1.4580227
v 0.0510159 -0.2295851 1.4610509
v -0.0238718 -0.1552545 1.5349510
v -0.0242248 -0.1556970 1.5426290
v -0.0273058 -0.1497151 1.5392855
v -0.0265331 -0.1489390 1.5328190
v 0.0255308 -0.1314533 1.3997845
v -0.0369948 -0.1175271 1.4372322
v -0.0194058 -0.0513184 1.4766382
v 0.0112606 -0.2201404 1.5265798
v 0.0104443 -0.2195239 1.5286783
v 0.0373625 -0.2262195 1.5300012
v 0.0373701 -0.2229946 1.4532899
v 0.0396658 -0.2228530 1.4569881
v 0.0334010 -0.1662145 1.4101592
v 0.0534842 -0.2374375 1.4758817
v -0.0269722 -0.1443148 1.5489756
v -0.0270803 -0.1437165 1.5456035
v -0.0297251 -0.1458048 1.5445111
v -0.0291193 -0.1472986 1.5473499
v -0.0292962 -0.1530677 1.5496131
v -0.0298802 -0.1525885 1.5535341
v -0.0321030 -0.1503436 1.5506755
v -0.0311294 -0.1498805 1.5476680
v -0.0258012 -0.1548412 1.5487605
v -0.0279792 -0.1519925 1.5449889
v -0.0320169 -0.1512737 1.5556811
v -0.0323375 -0.1494695 1.5532382
v -0.0266022 -0.1470356 1.5560925
v -0.0289705 -0.1499045 1.5568354
v -0.0301167 -0.1460624 1.5600780
v -0.0342764 -0.1480492 1.5582731
v -0.0330195 -0.1403666 1.5620719
v -0.0373987 -0.1430203 1.5596330
v -0.0351119 -0.1344368 1.5600666
v -0.0395753 -0.1373170 1.5584091
v -0.0255756 -0.1510571 1.5155171
v -0.0253889 -0.1446550 1.5187507
v -0.0362189 -0.1308618 1.5548440
v -0.0409029 -0.1331577 1.5541145
v -0.0365754 -0.1273869 1.5479231
v -0.0412605 -0.1298721 1.5477450
v -0.0369371 -0.1253213 1.5405379
v -0.0411526 -0.1276495 1.5404909
v -0.0366113 -0.1246931 1.5316187
v -0.0406147 -0.1274972 1.5325474
v -0.0355266 -0.1266465 1.5201879
v -0.0392202 -0.1295641 1.5241234
v -0.0362320 -0.1369099 1.5558014
v -0.0344059 -0.1413263 1.5573425
v -0.0281835 -0.1354139 1.5563957
v -0.0331318 -0.1463123 1.5561908
v -0.0277444 -0.1349471 1.5422864
v -0.0275881 -0.1356222 1.5388603
v -0.0301374 -0.1391417 1.5387634
v -0.0275070 -0.1378377 1.5414929
v -0.0281299 -0.1455134 1.5322648
v -0.0284624 -0.1438377 1.5267795
v -0.0269198 -0.1477969 1.5256028
v -0.0271247 -0.1420944 1.5229817
v -0.0260541 -0.1420126 1.5275589
v -0.0267253 -0.1409533 1.5247053
v -0.0244862 -0.1429175 1.5311808
v -0.0273149 -0.1396029 1.5234966
v -0.0282250 -0.1404365 1.5217516
v -0.0264672 -0.1389652 1.5245883
v -0.0259160 -0.1398225 1.5252374
v -0.0248594 -0.1393990 1.5269001
v -0.0247133 -0.1383829 1.5299721
v -0.0250866 -0.1530626 1.5250735
v -0.0255285 -0.1311691 1.5211996
v -0.0282075 -0.1300347 1.5304047
v -0.0369225 -0.1338962 1.5165207
v -0.0339666 -0.1317207 1.5104584
v -0.0317297 -0.1430467 1.5028316
v -0.0330516 -0.1375991 1.5045678
v -0.0283989 -0.1326946 1.5520364
v -0.0293960 -0.1301521 1.5462377
v -0.0234352 -0.1356683 1.5121795
v -0.0288893 -0.1293088 1.5392429
v -0.0369733 -0.1316314 1.5270860
v -0.0349870 -0.1345139 1.5217394
v -0.0386163 -0.1298505 1.5332301
v -0.0294339 -0.1422714 1.5180526
v -0.0328019 -0.1387809 1.5185637
v -0.0342278 -0.1391756 1.5128007
v -0.0319124 -0.1436838 1.5110118
v -0.0326778 -0.1356654 1.5248013
v -0.0351832 -0.1342022 1.5289176
v -0.0292980 -0.1347588 1.5269119
v -0.0320087 -0.1338937 1.5307665
v -0.0282036 -0.1374294 1.5244463
v -0.0302058 -0.1380529 1.5223100
v -0.0257882 -0.1343275 1.5281431
v -0.0277546 -0.1330290 1.5334389
v -0.0261760 -0.1373107 1.5255760
v -0.0341027 -0.1346871 1.5341695
v -0.0307919 -0.1343352 1.5370042
v -0.0332438 -0.1377966 1.5398602
v -0.0356506 -0.1360760 1.5381792
v -0.0370437 -0.1330008 1.5334510
v -0.0379866 -0.1330931 1.5385455
v -0.0385543 -0.1294871 1.5398326
v -0.0375441 -0.1336338 1.5442032
v -0.0380590 -0.1305673 1.5463414
v -0.0357899 -0.1360242 1.5423940
v -0.0344777 -0.1386778 1.5422911
v -0.0375918 -0.1332229 1.5522335
v -0.0366816 -0.1354250 1.5489612
v -0.0355209 -0.1380183 1.5522876
v -0.0353214 -0.1373243 1.5463657
v -0.0343723 -0.1395685 1.5489530
v -0.0345034 -0.1387633 1.5447884
v -0.0337163 -0.1405696 1.5459395
v -0.0303650 -0.1475745 1.5525939
v -0.0295119 -0.1480962 1.5501240
v -0.0320637 -0.1451130 1.5536656
v -0.0312517 -0.1444578 1.5509579
v -0.0299871 -0.1459415 1.5511494
v -0.0287899 -0.1456927 1.5497405
v -0.0307499 -0.1443502 1.5481686
v -0.0293355 -0.1420361 1.5466755
v 0.0072099 -0.1108355 1.3872525
v 0.0188871 -0.1063997 1.3841514
v 0.0211028 -0.1136008 1.3900634
v 0.0100024 -0.1171910 1.3939084
v -0.0330038 -0.1422691 1.5503500
v -0.0324665 -0.1429124 1.5469338
v -0.0336053 -0.1415530 1.5539021
v -0.0314632 -0.1390464 1.5437471
v -0.0317891 -0.1413778 1.5448056
v -0.0335203 -0.1403777 1.5436270
v -0.0327705 -0.1392872 1.5424055
v -0.0272886 -0.1453992 1.5362101
v -0.0255215 -0.1412553 1.5350841
v -0.0262333 -0.1370245 1.5334432
v -0.0289064 -0.1122712 1.3871731
v -0.0263204 -0.1120112 1.3958590
v -0.0420959 -0.1147294 1.4071242
v -0.0460520 -0.1167241 1.3999908
v -0.0242972 -0.1231133 1.3607284
v -0.0462436 -0.1311846 1.3747572
v -0.0330871 -0.1333793 1.3467061
v -0.0208643 -0.1226820 1.3384999
v -0.0281626 -0.1312837 1.3222916
v -0.0189712 -0.1206405 1.3167052
v -0.0220793 -0.1254053 1.2635824
v -0.0109397 -0.1172548 1.2618636
v -0.0133769 -0.1180270 1.2786147
v -0.0238178 -0.1266829 1.2811001
v -0.0376486 -0.1325790 1.2053107
v -0.0362896 -0.1245110 1.1934433
v -0.0234854 -0.1203770 1.1963484
v -0.0266939 -0.1281682 1.2072155
v -0.0641406 -0.1605537 1.2983848
v -0.0605899 -0.1680681 1.3198870
v -0.0681464 -0.1696685 1.3121922
v -0.0732883 -0.1593572 1.2902159
v -0.0863322 -0.1272925 1.4209934
v -0.0684904 -0.1298443 1.4016493
v -0.0658284 -0.1217638 1.4078515
v -0.0804243 -0.1216782 1.4263785
v -0.0968189 -0.1315919 1.2175910
v -0.0910571 -0.1310433 1.2074765
v -0.0812215 -0.1352263 1.2112460
v -0.0850392 -0.1360440 1.2207700
v -0.0785166 -0.0987806 1.1488825
v -0.0788405 -0.0998602 1.1322469
v -0.0566745 -0.1035549 1.1323994
v -0.0577963 -0.1016916 1.1486488
v -0.1521796 -0.0775777 1.1736851
v -0.1718560 -0.0600181 1.1780182
v -0.1695650 -0.0551180 1.1600872
v -0.1509469 -0.0736514 1.1566495
v -0.0442714 -0.1377738 1.2652708
v -0.0336583 -0.1321191 1.2648280
v -0.0343257 -0.1340171 1.2827492
v -0.0445175 -0.1401364 1.2836190
v -0.0297406 -0.2524978 1.2421329
v -0.0268031 -0.2387103 1.2323955
v -0.0358656 -0.2250512 1.2506126
v -0.0392226 -0.2385252 1.2599156
v -0.1307021 -0.0857603 1.0697991
v -0.1467810 -0.0644283 1.0721784
v -0.1449557 -0.0700723 1.0563731
v -0.1269115 -0.0913252 1.0534725
v -0.0848157 -0.2025397 1.3543088
v -0.0864891 -0.1966958 1.3637349
v -0.1066848 -0.1999571 1.3753939
v -0.1048527 -0.2083349 1.3649643
v -0.0811668 -0.1451432 1.2587391
v -0.0707854 -0.1468832 1.2627235
v -0.0677505 -0.1528128 1.2797959
v -0.0779889 -0.1507551 1.2729514
v -0.1778571 -0.0722142 1.2122365
v -0.1615182 -0.0853788 1.2069754
v -0.1618410 -0.0906563 1.2249744
v -0.1764706 -0.0798353 1.2311731
v -0.1587307 -0.0813492 1.1894528
v -0.1762746 -0.0658635 1.1941927
v -0.0627845 -0.1460904 1.2649059
v -0.0540334 -0.1425865 1.2653748
v -0.0528886 -0.1468266 1.2846538
v -0.0595185 -0.1513979 1.2847977
v -0.0364926 -0.1153290 1.1832633
v -0.0207965 -0.1104798 1.1875621
v -0.1050078 -0.1078049 1.0508280
v -0.0813835 -0.1194084 1.0482882
v -0.0866382 -0.1147720 1.0663559
v -0.1099347 -0.1029061 1.0678698
v -0.0389262 -0.1015633 1.1640209
v -0.0375282 -0.1068141 1.1746995
v -0.0547547 -0.1094772 1.1729643
v -0.0575398 -0.1025852 1.1622661
v -0.0563009 -0.1259682 1.0459967
v -0.0297257 -0.1302009 1.0447762
v -0.0352900 -0.1240081 1.0652102
v -0.0613318 -0.1211824 1.0653964
v -0.0257214 -0.1284473 1.3004505
v -0.0163435 -0.1190750 1.2969273
v -0.0602985 -0.1363038 1.2053104
v -0.0614035 -0.1296992 1.1938185
v -0.0491708 -0.1280041 1.1927448
v -0.0493109 -0.1355197 1.2052288
v -0.1027547 -0.1414876 1.2712645
v -0.0862282 -0.1532310 1.2801561
v -0.0782100 -0.1663175 1.3013407
v -0.0981259 -0.1497298 1.2831129
v -0.1436578 -0.0737225 1.0402219
v -0.1255595 -0.0944330 1.0375937
v -0.0547079 -0.1292103 1.0268948
v -0.0277418 -0.1335036 1.0244831
v -0.1420855 -0.1363896 1.2784826
v -0.1480768 -0.1276212 1.2766064
v -0.1367158 -0.1320890 1.2772556
v -0.1309902 -0.1396131 1.2813991
v 0.0019583 -0.1056304 1.2090010
v -0.0079509 -0.1162547 1.2127549
v -0.0134991 -0.1171582 1.2021627
v -0.0071345 -0.1063474 1.1957790
v -0.0653894 -0.1208811 1.1825564
v -0.0716111 -0.1113380 1.1733997
v -0.0517656 -0.1187849 1.1814929
v 0.0107049 -0.0933373 1.2056797
v -0.0000661 -0.0934055 1.1869266
v -0.0057065 -0.1097954 1.2933510
v -0.0030158 -0.1092583 1.2760017
v -0.0070429 -0.1114970 1.3119054
v 0.0048854 -0.1025544 1.3078913
v 0.0048592 -0.1038842 1.3266169
v -0.0075661 -0.1125049 1.3314570
v 0.0050575 -0.1050368 1.3445945
v -0.0082235 -0.1133532 1.3504245
v -0.0118275 -0.1069059 1.3773906
v -0.0101916 -0.1083754 1.3867596
v -0.0908077 -0.1449652 1.2658300
v -0.0944706 -0.1397926 1.2536773
v -0.0798936 -0.1219009 1.0301526
v -0.1720737 -0.0653643 1.3899283
v -0.1760411 -0.0543628 1.3778922
v -0.1801070 -0.0747768 1.3712732
v -0.1774662 -0.0852463 1.3828055
v -0.0923841 -0.1335491 1.4186825
v -0.0734988 -0.1378530 1.4000780
v -0.1835986 -0.1124592 1.3013234
v -0.1871930 -0.0987692 1.3068513
v -0.1862146 -0.0974690 1.2993843
v -0.1815958 -0.1102289 1.2950839
v -0.1583481 -0.1327585 1.2780418
v -0.1521087 -0.1446152 1.2704854
v -0.1566126 -0.1475502 1.2721478
v -0.1624319 -0.1344759 1.2808095
v -0.1559720 -0.0465784 1.0586740
v -0.1565531 -0.0401000 1.0738954
v -0.1973414 -0.0034794 1.2138583
v -0.1931040 -0.0227718 1.1970191
v -0.1959323 -0.0337628 1.2174026
v -0.2001931 -0.0188604 1.2362251
v -0.0943669 0.0306240 1.3940263
v -0.0990954 0.0395166 1.3822976
v -0.1193320 0.0230102 1.3848883
v -0.1148509 0.0129105 1.3967327
v -0.1482594 -0.0349909 1.4102394
v -0.1413622 -0.0428084 1.4204086
v -0.1235491 -0.0223223 1.4188917
v -0.1300265 -0.0136684 1.4091127
v -0.1647126 -0.0442923 1.3951238
v -0.1687347 -0.0344476 1.3829716
v -0.1861214 -0.0686617 1.2410682
v -0.1891367 -0.0584513 1.2225757
v -0.1813061 -0.0879619 1.2617172
v -0.1704313 -0.0950612 1.2547942
v -0.1670454 -0.1025470 1.2616442
v -0.1779743 -0.0973986 1.2669226
v -0.0743929 -0.1169643 1.4318407
v -0.0853127 -0.1054905 1.4436395
v -0.0944844 -0.1126123 1.4384470
v -0.0871064 -0.0489542 1.4485522
v -0.0923545 -0.0447683 1.4447548
v -0.0999244 -0.0598892 1.4441307
v -0.0917743 -0.0610963 1.4481588
v -0.1465503 0.0665718 1.3118882
v -0.1260925 0.0802507 1.3150843
v -0.1295321 0.0904007 1.2858717
v -0.1519111 0.0754213 1.2793797
v -0.1792443 -0.1010269 1.2769508
v -0.1711202 -0.1113095 1.2774580
v -0.1762829 -0.1096426 1.2832535
v -0.1830824 -0.0982318 1.2842485
v -0.1883927 -0.0876995 1.2830384
v -0.1928699 -0.0770741 1.2800041
v -0.1885834 -0.0820898 1.2701891
v -0.1845085 -0.0917017 1.2748425
v -0.1996378 -0.0346278 1.2528705
v -0.1962369 -0.0461084 1.2365773
v -0.1926790 -0.0590626 1.2533504
v -0.1985600 -0.0509462 1.2665673
v -0.1203365 0.1006795 1.1825626
v -0.1388121 0.0895323 1.1757107
v -0.1457581 0.0888748 1.2090902
v -0.1272917 0.1012994 1.2153491
v -0.1040247 -0.1584906 1.2884521
v -0.0889765 -0.1640984 1.2937282
v -0.0831051 -0.1688478 1.2885471
v -0.0983428 -0.1646613 1.2799318
v -0.1615319 -0.1692547 1.2736251
v -0.1569145 -0.1802717 1.2660903
v -0.1583420 -0.1848141 1.2703469
v -0.1634323 -0.1735554 1.2786152
v -0.1009509 -0.1679133 1.2564987
v -0.0901908 -0.1711389 1.2668718
v -0.0795937 -0.1789283 1.2501841
v -0.0915580 -0.1759420 1.2386376
v -0.1193115 -0.1295552 1.4262472
v -0.0976878 -0.1403954 1.4170356
v -0.1110149 -0.1239983 1.4295825
v -0.1292865 -0.1543971 1.2592918
v -0.1214401 -0.1640953 1.2437766
v -0.1302679 -0.1655922 1.2417852
v -0.1379692 -0.1539530 1.2572093
v -0.0401320 -0.2662889 1.2478470
v -0.0497615 -0.2521190 1.2659169
v -0.0925919 -0.1883952 1.2126999
v -0.1035898 -0.1928534 1.2077632
v -0.1117116 -0.1770599 1.2255393
v -0.1017418 -0.1756388 1.2302595
v -0.1921222 0.0080443 1.1883777
v -0.1884388 -0.0135823 1.1761979
v -0.1596921 0.0025480 1.0625006
v -0.1610784 -0.0213597 1.0610730
v -0.1603181 -0.0151783 1.0774601
v -0.1591597 0.0079612 1.0802816
v -0.1549911 -0.0497202 1.0426800
v -0.1588319 -0.0017624 1.0452091
v -0.1601995 -0.0255976 1.0443154
v -0.0646800 -0.0983261 1.4545745
v -0.0645975 -0.0826031 1.4617430
v -0.0754826 -0.0828113 1.4559043
v -0.0751613 -0.1005222 1.4482753
v -0.1691012 -0.0734593 0.9408166
v -0.1665728 -0.0792298 0.9136034
v -0.1505510 -0.1081266 0.9186911
v -0.1535619 -0.0992794 0.9443220
v -0.0633555 -0.0455364 1.4616046
v -0.0709861 -0.0642503 1.4594360
v -0.0597797 -0.0659057 1.4649748
v -0.0519669 -0.0501971 1.4664904
v -0.1536578 -0.0927674 0.9659966
v -0.1696473 -0.0675597 0.9669422
v -0.0586490 -0.1090216 1.4410069
v -0.0669223 -0.1128604 1.4361926
v -0.0552897 -0.1154869 1.4215906
v -0.0489302 -0.1137599 1.4261839
v -0.0368402 -0.1153211 1.4136609
v -0.1298067 -0.1338390 0.9220749
v -0.1321909 -0.1221145 0.9425374
v -0.0530804 -0.0834264 1.4656091
v -0.0487909 -0.0686062 1.4687782
v -0.0414047 -0.0555476 1.4711068
v -0.0298903 -0.0442340 1.4732088
v -0.1562298 -0.0524268 1.0275471
v -0.1445959 -0.0753487 1.0254712
v -0.1499413 -0.0356092 0.7962100
v -0.1373804 -0.0070314 0.7871441
v -0.1255352 -0.0298761 0.7732105
v -0.1405786 -0.0607009 0.7827412
v -0.0919425 0.0518808 0.7896794
v -0.0788988 0.0324133 0.7779506
v -0.1053542 0.0023888 0.7719043
v -0.1179965 0.0219076 0.7844934
v -0.1187054 0.0987572 0.9191906
v -0.1415841 0.0782715 0.9193099
v -0.1387269 0.0759281 0.9431913
v -0.1161553 0.0960031 0.9434416
v -0.1614274 -0.0041344 1.0289683
v -0.1623108 -0.0279650 1.0288179
v -0.1261559 -0.0953054 1.0231660
v -0.0871748 -0.2035165 0.8384129
v -0.1182961 -0.1796886 0.8237407
v -0.1094787 -0.1923297 0.7998439
v -0.0817035 -0.2161925 0.8129648
v -0.1301178 -0.1312719 0.7641478
v -0.1398331 -0.1136410 0.7852609
v -0.1304727 -0.0806348 0.7668190
v -0.1204244 -0.0987160 0.7485577
v -0.0010970 -0.1347645 1.0222702
v -0.0278181 -0.1332841 1.0061265
v -0.0018752 -0.1336909 1.0022632
v 0.0661859 -0.1172089 1.0154640
v 0.0449730 -0.1278671 1.0181444
v 0.0453568 -0.1246744 0.9970173
v 0.0653596 -0.1143258 0.9949677
v 0.0580132 -0.1080710 0.8978545
v 0.0692394 -0.0996264 0.8980600
v 0.0680645 -0.1015010 0.9174650
v 0.0536748 -0.1082063 0.9171777
v -0.1050506 -0.1375952 0.9403100
v -0.0725636 -0.1461569 0.9382946
v -0.0791123 -0.1372943 0.9534681
v -0.1090618 -0.1280904 0.9576372
v -0.0632449 0.0135713 0.7720938
v -0.0888750 -0.0144385 0.7625594
v -0.0453539 -0.2285395 0.8234627
v -0.0499033 -0.2117317 0.8490367
v -0.0057276 -0.2247438 0.8288065
v 0.0251662 -0.2041554 0.8243088
v 0.0194053 -0.1873866 0.8484909
v -0.0120424 -0.2068232 0.8526829
v 0.0521451 -0.0860415 0.8114156
v 0.0602645 -0.1041595 0.8382131
v 0.0520111 -0.1044875 0.8320472
v 0.0458707 -0.0821136 0.8101996
v -0.1081284 0.0816392 0.8260855
v -0.1010873 0.0699055 0.8077495
v -0.1262307 0.0430580 0.8003664
v -0.1326361 0.0577155 0.8216199
v -0.1516220 0.0201998 1.0457047
v -0.1545265 0.0185162 1.0282707
v -0.1411199 0.0390428 1.0457069
v -0.1533716 0.0245296 1.0638611
v -0.1426168 0.0433779 1.0656607
v -0.1815717 0.0483117 1.2187607
v -0.1898979 0.0291423 1.2025120
v -0.1954755 0.0170222 1.2292186
v -0.1874873 0.0349548 1.2489364
v -0.1385728 0.0043039 1.3874490
v -0.1343233 -0.0055877 1.3984474
v -0.1004661 -0.0599681 0.7399353
v -0.0664415 -0.0290930 0.7476917
v -0.0664250 -0.0644882 0.7173133
v -0.0939614 -0.0881816 0.7200654
v -0.1195242 -0.1463685 0.7414619
v -0.1157582 -0.1757920 0.7573253
v -0.1275607 -0.1618049 0.7823875
v -0.1008278 -0.2076251 0.7738030
v -0.0732174 -0.2339424 0.7875600
v 0.0021413 -0.2412214 0.8041697
v 0.0321954 -0.2201694 0.7979331
v 0.0480156 -0.1170196 0.7804240
v 0.0494988 -0.1457354 0.7943500
v 0.0512594 -0.1583776 0.7725449
v 0.0471400 -0.1284313 0.7581747
v 0.0297461 -0.1308733 0.8971440
v -0.0058948 -0.1425812 0.9181307
v -0.0022780 -0.1457937 0.9047454
v 0.0246345 -0.1329910 0.8846168
v 0.0621179 -0.1208866 1.0403206
v 0.0436348 -0.1282751 1.0426489
v 0.0245125 -0.1338412 1.0205011
v 0.0224794 -0.1323660 1.0437462
v -0.0027020 -0.1325591 1.0439457
v 0.0198548 -0.1058150 1.1236252
v -0.0043679 -0.1111867 1.1195169
v 0.0034280 -0.1157185 1.1042140
v 0.0280782 -0.1111036 1.1081265
v 0.0114123 -0.0996287 1.1393076
v -0.0116368 -0.1051249 1.1361648
v -0.0008310 -0.0883341 1.1715617
v -0.0194874 -0.1017752 1.1786513
v -0.0199245 -0.0971200 1.1676150
v 0.0062477 -0.1012885 1.2899493
v 0.0085866 -0.1002358 1.2735895
v -0.0993889 -0.1518128 0.9233283
v -0.0300664 -0.0334214 0.7466263
v -0.0021077 -0.0492083 0.7490833
v -0.0047868 -0.0648538 0.7237018
v -0.0341864 -0.0570506 0.7179930
v -0.1340923 -0.1130647 0.9620118
v -0.1033176 -0.1100941 1.0345765
v -0.1040320 -0.1106747 1.0189214
v -0.1253101 -0.0940533 1.1733338
v -0.1268452 -0.0860266 1.1548091
v -0.0179760 -0.1243795 1.2153676
v -0.0192877 -0.1238907 1.2073677
v -0.1382407 -0.1464577 0.8047130
v 0.0095146 -0.2556317 0.7771328
v 0.0172271 -0.2701788 0.7492281
v 0.0444551 -0.2498419 0.7441284
v 0.0386545 -0.2345655 0.7720143
v 0.0333217 -0.1214122 0.7200088
v 0.0457004 -0.1442900 0.7337666
v 0.0443672 -0.1620565 0.7085412
v 0.0306493 -0.1410212 0.6956661
v 0.0292905 -0.1622995 0.6721998
v 0.0453132 -0.1824474 0.6837918
v 0.0465703 -0.1984860 0.6579855
v 0.0290341 -0.1809166 0.6494668
v -0.0367270 -0.2474121 0.7983919
v -0.0518149 -0.2667226 0.7377766
v -0.0187319 -0.2769122 0.7469371
v -0.0285004 -0.2625065 0.7724230
v -0.0625752 -0.2507384 0.7632751
v -0.1119656 -0.1180166 0.7280232
v 0.0372396 -0.1036478 0.7441600
v 0.0391587 -0.0923987 0.7666414
v -0.0104915 -0.1173179 0.6758427
v -0.0363663 -0.1149363 0.6706240
v -0.0369241 -0.0867243 0.6932572
v -0.0088267 -0.0908169 0.6989418
v -0.1018042 -0.1909770 0.7000680
v -0.0950094 -0.2180513 0.7143212
v -0.1057257 -0.1976136 0.7357399
v -0.1109654 -0.1690790 0.7204806
v -0.0897638 -0.2268458 0.7509971
v -0.0779573 -0.2446409 0.7269762
v -0.0305854 -0.2994030 0.6880920
v 0.0014410 -0.3062858 0.6937740
v -0.0085406 -0.2911020 0.7209313
v -0.0414677 -0.2832214 0.7129896
v -0.0565923 -0.2809846 0.6804133
v -0.0669711 -0.2629644 0.7036781
v -0.0848979 -0.2381549 0.6924600
v -0.0751230 -0.2575496 0.6712010
v -0.0825090 -0.2331240 0.6614086
v -0.0922590 -0.2124814 0.6804603
v -0.0895814 -0.1879538 0.6685433
v -0.0807435 -0.2099881 0.6516252
v -0.0778604 -0.1654393 0.6581101
v -0.0581960 -0.1494801 0.6528639
v -0.0543831 -0.1746599 0.6374569
v -0.0709142 -0.1895244 0.6424894
v -0.0114416 -0.1633965 0.6365526
v -0.0339317 -0.1651056 0.6349616
v -0.0348775 -0.1407303 0.6512397
v -0.0109919 -0.1417031 0.6548918
v -0.0182026 -0.2295699 0.5714117
v -0.0333116 -0.2391669 0.5743692
v -0.0338920 -0.2251036 0.5897506
v -0.0179414 -0.2152924 0.5861348
v -0.0485877 -0.2491351 0.5766414
v -0.0598090 -0.2639241 0.5793433
v -0.0594541 -0.2510641 0.5972820
v -0.0495086 -0.2375098 0.5946561
v -0.0635499 -0.2883997 0.6041471
v -0.0652930 -0.2685428 0.6002512
v -0.0638985 -0.2813609 0.5816805
v -0.0609607 -0.3006679 0.5835801
v -0.0504453 -0.3209531 0.5859714
v -0.0548323 -0.3105337 0.6088219
v -0.0292691 -0.3357499 0.5868397
v -0.0348624 -0.3290842 0.6117626
v -0.0052950 -0.3390469 0.6128415
v -0.0001787 -0.3437262 0.5870350
v 0.0357835 -0.2319523 0.5925768
v 0.0310489 -0.2388295 0.5741487
v 0.0150166 -0.2262859 0.5717942
v 0.0200400 -0.2173392 0.5888913
v 0.0578014 -0.2770461 0.6052790
v 0.0664024 -0.3049068 0.6110022
v 0.0610979 -0.3044388 0.5871204
v 0.0513603 -0.2789792 0.5824119
v -0.0476251 -0.2982658 0.6575686
v -0.0203022 -0.3155982 0.6636668
v -0.0742077 -0.2529309 0.6429096
v -0.0663812 -0.2765463 0.6504686
v -0.0130467 -0.1822322 0.6189636
v -0.0336308 -0.1870254 0.6193579
v 0.0455694 -0.2130770 0.6353524
v 0.0284871 -0.1961734 0.6279645
v 0.0506760 -0.3261999 0.6412922
v 0.0422006 -0.3127487 0.6669524
v 0.0121839 -0.3222098 0.6676302
v 0.0213848 -0.3363577 0.6415239
v -0.0409015 -0.3155228 0.6351066
v -0.0601990 -0.2947211 0.6306305
v -0.0674993 -0.2720570 0.6238432
v -0.0686462 -0.2517867 0.6179795
v -0.0613581 -0.2340696 0.6129254
v -0.0487973 -0.2194269 0.6085599
v -0.0336688 -0.2066597 0.6042693
v -0.0151008 -0.1996742 0.6017996
v 0.0252833 -0.2077922 0.6075083
v 0.0408285 -0.2237500 0.6132395
v 0.0540083 -0.3310855 0.5893877
v 0.0558407 -0.3330212 0.6147538
v 0.0272937 -0.3450918 0.6148772
v 0.0298896 -0.3457096 0.5886891
v 0.0477360 -0.3247101 0.5659485
v 0.0532690 -0.3035148 0.5650113
v -0.0519001 -0.2559182 0.5623102
v -0.0613675 -0.2713135 0.5630886
v -0.0645923 -0.2879905 0.5632745
v -0.0482128 -0.3267507 0.5623965
v -0.0234230 -0.3389649 0.5604664
v 0.0065723 -0.3441650 0.5599617
v 0.0304511 -0.3400659 0.5650415
v 0.0095960 -0.2346742 0.5408390
v 0.0123973 -0.2342046 0.5584815
v 0.0271466 -0.2454670 0.5591866
v 0.0239891 -0.2475007 0.5397295
v -0.0259026 -0.2327988 0.5422243
v -0.0444087 -0.2398047 0.5428426
v -0.0361019 -0.2449704 0.5612310
v -0.0188692 -0.2376292 0.5599330
v -0.0596298 -0.2532102 0.5424756
v -0.0682204 -0.2704565 0.5417970
v -0.0707785 -0.2895368 0.5411569
v -0.0471125 -0.3282208 0.5345004
v -0.0612464 -0.3080050 0.5643125
v -0.0643273 -0.3101799 0.5383371
v -0.0167182 -0.3393571 0.5308293
v 0.0171108 -0.3280399 0.4986749
v 0.0168634 -0.3352981 0.5301984
v -0.0137521 -0.3363415 0.4988940
v 0.0266184 -0.2764402 0.4041335
v 0.0126176 -0.2985562 0.4004627
v 0.0117473 -0.2836124 0.3671714
v 0.0241254 -0.2637405 0.3702039
v 0.0220024 -0.2402984 0.5158708
v 0.0058339 -0.2260429 0.5173909
v -0.0321334 -0.2213935 0.5191333
v -0.0521507 -0.2304892 0.5191713
v -0.0489147 -0.3206473 0.4710676
v -0.0458416 -0.3268533 0.5034580
v -0.0671634 -0.3095563 0.5080998
v -0.0705470 -0.3030505 0.4764987
v 0.0184659 -0.2064117 0.4248658
v 0.0019560 -0.1941821 0.4262014
v 0.0028586 -0.2018476 0.4595001
v 0.0207848 -0.2155856 0.4574193
v -0.0555118 -0.2193379 0.4913180
v -0.0350316 -0.2098880 0.4915969
v -0.0370313 -0.2005870 0.4604394
v -0.0565113 -0.2101326 0.4594380
v -0.0453254 -0.2979459 0.4034616
v -0.0490115 -0.3106400 0.4378392
v -0.0709530 -0.2944358 0.4429051
v -0.0667091 -0.2831281 0.4074776
v 0.0156626 -0.3208363 0.4663225
v -0.0166950 -0.3295829 0.4665730
v -0.0175729 -0.3195436 0.4344186
v 0.0135943 -0.3112136 0.4334463
v 0.0315293 -0.2966580 0.4709039
v 0.0290224 -0.2874168 0.4385438
v -0.0009081 -0.1890767 0.3531736
v 0.0001853 -0.1912279 0.3904633
v 0.0154792 -0.2013397 0.3877054
v 0.0118809 -0.1975011 0.3494292
v -0.0545691 -0.2050547 0.4243950
v -0.0358040 -0.1943515 0.4261612
v -0.0332182 -0.1918375 0.3898359
v -0.0493262 -0.2014510 0.3878126
v -0.0348714 -0.2691004 0.3312908
v -0.0411800 -0.2838255 0.3679829
v -0.0601227 -0.2694661 0.3710926
v -0.0520123 -0.2547131 0.3347880
v 0.0106995 -0.2683403 0.3311219
v -0.0136996 -0.2923237 0.3661858
v -0.0114972 -0.2761343 0.3296690
v 0.0134407 -0.2533607 0.2959547
v 0.0230856 -0.2392485 0.2983436
v 0.0225704 -0.2504570 0.3343573
v 0.0105321 -0.1937868 0.3132253
v -0.0003405 -0.1849019 0.3166022
v -0.0244320 -0.1834863 0.3173765
v -0.0379902 -0.1903686 0.3169914
v -0.0433112 -0.1968066 0.3518663
v -0.0289274 -0.1887584 0.3530527
v -0.0611694 -0.2244715 0.3423505
v -0.0548531 -0.2095811 0.3479840
v -0.0482838 -0.2020870 0.3135109
v -0.0529929 -0.2157943 0.3082565
v -0.0432770 -0.2412729 0.3018952
v -0.0609227 -0.2398676 0.3383103
v -0.0508529 -0.2278618 0.3048786
v -0.0283399 -0.2541358 0.2985923
v -0.0067172 -0.2609178 0.2952290
v -0.0126573 -0.0209746 0.7762485
v 0.0083271 -0.0422494 0.7789057
v 0.0009916 -0.0428714 0.7689867
v -0.0237123 -0.0217369 0.7698015
v 0.0552414 -0.1909514 0.7209682
v 0.0526218 -0.1740117 0.7480747
v 0.0589700 -0.2230525 0.6682033
v 0.0574096 -0.2093752 0.6944131
v 0.0574209 -0.2362615 0.6438185
v 0.0529832 -0.2463699 0.6213564
v 0.0474433 -0.2522354 0.5993075
v 0.0422893 -0.2579298 0.5784293
v 0.0387353 -0.2623640 0.5595469
v 0.0361029 -0.2636244 0.5381764
v 0.0333599 -0.2492579 0.4851756
v 0.0211503 -0.2280107 0.4880023
v 0.0338251 -0.2588435 0.5128729
v 0.0309677 -0.2277456 0.4195231
v 0.0329633 -0.2380345 0.4539957
v 0.0263513 -0.2190187 0.3821542
v 0.0223795 -0.2120883 0.3438257
v 0.0198886 -0.2074269 0.3079601
v 0.0343254 -0.1500480 0.8527042
v 0.0448438 -0.1265654 0.8315991
v 0.0433460 -0.1225230 0.8432805
v 0.0301201 -0.1421639 0.8663854
v 0.0322652 -0.0593860 0.7952444
v 0.0417651 -0.0709548 0.8003876
v 0.0360457 -0.0671332 0.8001599
v 0.0265277 -0.0549156 0.7947089
v -0.0113852 -0.3302810 0.6389235
v -0.0733817 -0.2317151 0.6351406
v -0.0648621 -0.2132082 0.6279614
v -0.0509910 -0.1982561 0.6228222
v 0.0638482 -0.2718751 0.6282183
v 0.0647605 -0.2628882 0.6525176
v 0.0620569 -0.2899073 0.6614652
v 0.0660488 -0.3002617 0.6360134
v 0.0345409 -0.3039643 0.4986906
v 0.0355027 -0.2723278 0.4781366
v 0.0384598 -0.2806034 0.5064928
v 0.0375655 -0.3127328 0.5240175
v -0.0763872 -0.2669657 0.5156791
v -0.0777051 -0.2882617 0.5128595
v -0.0720078 -0.2368477 0.4894172
v -0.0824635 -0.2581873 0.4861674
v -0.0665954 -0.2471447 0.5180677
v 0.0594198 -0.2387036 0.7051064
v 0.0498676 -0.2644620 0.7156168
v 0.0561074 -0.2775469 0.6882731
v 0.0633929 -0.2509292 0.6784940
v -0.1622018 -0.0085926 1.0930999
v -0.1606794 0.0129647 1.0984665
v -0.0921591 -0.1233138 1.1922193
v -0.1067457 -0.1107812 1.1832744
v -0.0891926 -0.1116902 1.1757137
v -0.0789308 -0.1222894 1.1857783
v -0.1183012 -0.1112446 1.1938165
v -0.1023667 -0.1237911 1.2009660
v -0.1096575 -0.1240494 1.2124670
v -0.1250806 -0.1125578 1.2067557
v -0.1180293 -0.1305873 1.2686864
v -0.1150948 -0.1372201 1.2769805
v 0.0048439 -0.0938180 1.1555849
v 0.0261884 -0.0836754 1.1580609
v 0.0189733 -0.0780501 1.1721651
v 0.0239141 -0.1321799 0.9990541
v 0.0146617 -0.1239421 0.9230499
v 0.0458597 -0.1155752 0.8957489
v 0.0367806 -0.1150777 0.9180313
v 0.0673680 -0.0906366 0.8323205
v -0.1538232 0.0744967 1.1669651
v -0.1615386 0.0726990 1.1999370
v -0.1109760 0.0048341 1.4069249
v -0.0901585 0.0221712 1.4049859
v -0.0987252 -0.0105377 1.4249844
v -0.0923917 -0.0166541 1.4327885
v -0.0751264 -0.0002746 1.4302605
v -0.0803013 0.0066758 1.4224529
v -0.0402979 -0.0358606 1.4692109
v -0.0499956 -0.0285381 1.4633273
v 0.0167415 -0.0420445 0.7900282
v 0.0218663 -0.0504677 0.7912540
v 0.0089603 -0.0352959 0.7865944
v 0.0476990 -0.1086868 0.7990297
v 0.0394118 -0.0858064 0.7846141
v 0.0393478 -0.0815430 0.7965300
v 0.0468797 -0.1036946 0.8118500
v -0.0907119 -0.1917149 0.8621465
v -0.1245552 -0.1686204 0.8495416
v -0.1129320 -0.0464801 0.7582117
v -0.0826798 -0.2313091 1.1740320
v -0.0920265 -0.2415780 1.1728847
v -0.1037534 -0.2215200 1.1890576
v -0.0937621 -0.2116460 1.1907541
v -0.1661179 0.0468324 1.3099960
v -0.1730681 0.0518290 1.2753222
v -0.0610498 -0.1181994 1.4153643
v -0.1051934 -0.1571547 1.4075171
v -0.0839172 -0.1634371 1.3931475
v -0.0820020 -0.1536337 1.3963570
v -0.1023663 -0.1481987 1.4122224
v -0.1742413 -0.1132948 1.3884883
v -0.1641401 -0.1236580 1.4002850
v -0.1617342 -0.1094673 1.4074881
v -0.1717453 -0.0971992 1.3955219
v -0.1178832 0.0990017 0.8949861
v -0.1417057 0.0791769 0.8952896
v -0.1149040 0.0786306 1.0931501
v -0.1314374 0.0649881 1.0885699
v -0.1378854 0.0705349 1.1110431
v -0.1220897 0.0841248 1.1171950
v -0.1867512 0.0229296 1.2919667
v -0.1944530 0.0128545 1.2685392
v 0.0148703 -0.0943341 1.2206179
v 0.0146754 -0.0951093 1.2330663
v 0.0038727 -0.1062615 1.2337343
v 0.0042745 -0.1056487 1.2221770
v -0.1335619 -0.2193850 1.2236674
v -0.1407658 -0.1941782 1.2361211
v -0.1323762 -0.1901785 1.2274166
v -0.1241652 -0.2122103 1.2101585
v -0.1480307 -0.1264772 0.8309409
v -0.1507033 -0.0948608 0.8034179
v -0.1742252 -0.0281444 1.1268037
v -0.1787114 -0.0035399 1.1328948
v -0.1704686 -0.0040503 1.1120546
v -0.1664944 -0.0289177 1.1073371
v -0.1847676 -0.0419148 1.1853736
v -0.1813373 -0.0347059 1.1665109
v -0.1881507 -0.0498378 1.2034155
v -0.1636173 -0.1215263 1.2805208
v -0.1577247 -0.1228683 1.2775775
v -0.1509050 -0.1330772 1.2772257
v 0.0471570 -0.1338770 0.8157306
v 0.0433651 -0.1214535 0.8600128
v 0.0505945 -0.1195531 0.8668713
v 0.0236152 -0.0486758 0.7920640
v -0.0428219 -0.1137668 1.4314962
v -0.0328009 -0.1190614 1.4197371
v -0.1196024 -0.1570747 1.2642198
v -0.1116287 -0.1649952 1.2483375
v -0.1626410 -0.1101400 1.2666889
v -0.1490338 -0.1156770 1.2652948
v -0.1436232 -0.1237745 1.2708976
v -0.1553640 -0.1189551 1.2711120
v -0.1643936 -0.1149928 1.2733049
v -0.1727073 -0.1048513 1.2709043
v -0.0565143 -0.1575643 1.3044958
v -0.0507590 -0.1520097 1.3066157
v -0.0495493 -0.1568035 1.3277382
v -0.0545331 -0.1635068 1.3248998
v -0.0445155 -0.1442369 1.3048470
v -0.0353716 -0.1367990 1.3031568
v -0.0372821 -0.1398914 1.3257641
v -0.0450568 -0.1482611 1.3276724
v -0.0470514 -0.1224972 1.3909287
v -0.0275871 -0.1185352 1.3769854
v -0.0102737 -0.1109623 1.3662141
v 0.0045199 -0.1046058 1.3589692
v -0.0588085 -0.0222671 1.4554520
v -0.0649563 -0.0147308 1.4455681
v -0.0808490 -0.0308950 1.4452717
v -0.0756258 -0.0411705 1.4535860
v -0.0229190 -0.1159440 1.4031057
v -0.0069054 -0.1138180 1.3941270
v 0.0047354 -0.1056841 1.3795055
v -0.0544047 -0.2781897 1.2475158
v -0.0647728 -0.2640558 1.2656720
v -0.0530788 -0.0971305 1.4577796
v -0.0496610 -0.1076819 1.4449280
v -0.0813692 -0.2720700 1.2603899
v -0.0703561 -0.2867428 1.2413312
v -0.0622961 -0.1496815 1.3759865
v -0.0782545 -0.1454486 1.3987781
v -0.0667020 -0.1566762 1.3750301
v -0.0192287 -0.1209129 1.4092062
v -0.0035334 -0.1198523 1.4003269
v -0.1243463 -0.1561528 0.8743698
v -0.0906976 -0.1774842 0.8831854
v -0.1152852 -0.0965853 1.0844180
v -0.1348017 -0.0793403 1.0854689
v 0.0424087 -0.0961027 1.1277139
v 0.0506521 -0.1014374 1.1118104
v 0.0230672 -0.1220370 1.3952836
v 0.0404436 -0.1227602 1.0681482
v 0.0631594 -0.1134803 1.0667968
v 0.0577035 -0.1074937 1.0920169
v 0.0349867 -0.1169108 1.0901745
v 0.0747549 -0.1128562 1.0397427
v 0.0769775 -0.1125132 1.0265157
v 0.0631327 -0.1042765 0.8793341
v 0.0720957 -0.0986188 0.8805101
v -0.0613424 -0.2087977 1.3072698
v -0.0659468 -0.2024919 1.3199985
v -0.0767421 -0.2133935 1.3317900
v -0.0721541 -0.2215273 1.3169846
v 0.0173463 -0.1268316 1.0675241
v -0.0085100 -0.1267514 1.0659497
v -0.1065001 -0.1348444 1.2605936
v -0.1221596 -0.1247102 1.2595406
v 0.0174721 -0.0793357 1.1868886
v -0.0065946 -0.1159309 1.2238686
v -0.0075899 -0.1159864 1.2349241
v -0.0193195 -0.1242215 1.2363208
v -0.0181317 -0.1243663 1.2260645
v 0.0159596 -0.0379661 0.7920879
v -0.1603590 -0.2061773 1.3027809
v -0.1680000 -0.1945885 1.3127513
v -0.1682822 -0.1894554 1.3029621
v -0.1605641 -0.2019952 1.2934582
v 0.0230065 -0.0640606 0.7738895
v 0.0204439 -0.0700015 0.7566030
v -0.0438610 -0.0019850 0.7717582
v -0.0253218 -0.0026770 0.7760681
v 0.0485784 -0.1901480 0.7855997
v 0.0441098 -0.1760904 0.8112377
v 0.0522357 -0.2060124 0.7611565
v 0.0559344 -0.2230110 0.7327162
v 0.0459984 -0.2823065 0.5615058
v 0.0432043 -0.2881188 0.5355510
v 0.0324238 -0.2627202 0.4459317
v 0.0296699 -0.2519377 0.4118829
v 0.0267857 -0.2412987 0.3752028
v 0.0242724 -0.2303697 0.3377672
v 0.0245231 -0.2230873 0.3020924
v -0.0844021 -0.2905604 1.2306636
v -0.0982083 -0.2749098 1.2507480
v -0.1080773 -0.2730723 1.2364152
v -0.0942084 -0.2900139 1.2173633
v -0.0813837 -0.1880450 1.2211824
v -0.0693765 -0.1904100 1.2327333
v -0.0599853 -0.2038224 1.2150999
v -0.0721533 -0.2030018 1.2046185
v -0.0624681 -0.2193384 1.1874179
v -0.0729729 -0.2234563 1.1792017
v -0.0832873 -0.2049579 1.1963515
v -0.0996977 -0.2530642 1.1769057
v -0.1039992 -0.2651011 1.1843172
v -0.1178689 -0.2447839 1.2022651
v -0.1118736 -0.2338699 1.1924602
v -0.1005767 -0.2852527 1.2043494
v -0.1137691 -0.2678124 1.2228398
v -0.1175091 -0.2584159 1.2116949
v -0.1042581 -0.2765593 1.1928394
v -0.0309362 -0.2276433 1.2206684
v -0.0399789 -0.2210257 1.2087912
v -0.0486784 -0.2071524 1.2270548
v -0.0395190 -0.2143267 1.2390111
v -0.0946927 -0.2233066 1.3392531
v -0.0889628 -0.2323105 1.3221311
v -0.0937902 -0.1565521 1.2947274
v -0.0794966 -0.1684235 1.3047007
v -0.0764733 -0.1705039 1.3043609
v -0.0925725 -0.1599071 1.2976937
v -0.0584802 -0.2390372 1.2835252
v -0.0658615 -0.2293820 1.3007666
v -0.0816117 -0.2409413 1.3033812
v -0.0738478 -0.2511480 1.2841922
v -0.0476844 -0.2015826 1.2573144
v -0.0568137 -0.1944957 1.2452119
v -0.0670019 -0.1834315 1.2621827
v -0.0560789 -0.1903482 1.2733862
v -0.1141713 -0.2015150 1.2064369
v -0.1223696 -0.1819956 1.2242501
v -0.0630661 -0.1891449 1.3066900
v -0.0580644 -0.1946538 1.2956154
v -0.1102765 -0.1301227 1.2496164
v -0.1557240 -0.1029011 1.2504725
v -0.1524866 -0.1093949 1.2588052
v -0.0727943 -0.1305340 1.1961055
v -0.0704045 -0.1356895 1.2056347
v -0.1426751 -0.0988488 1.2050584
v -0.1449522 -0.1020590 1.2214997
v -0.0829173 -0.1309041 1.2004542
v -0.0779410 -0.1344382 1.2055767
v -0.0372642 -0.1022729 1.1500976
v 0.0038578 -0.1032032 1.3703718
v -0.0555491 -0.2159991 1.2926821
v -0.0523015 -0.2016070 1.2833004
v -0.1458975 -0.1756098 1.2481997
v -0.1507573 -0.1605671 1.2602138
v -0.1452080 -0.1564161 1.2579105
v -0.1389137 -0.1708226 1.2433140
v -0.1975771 -0.0299686 1.3087170
v -0.1945683 -0.0021599 1.3017647
v -0.1990947 -0.0099541 1.2836496
v -0.2002094 -0.0361886 1.2944187
v -0.1529568 -0.2178049 1.3144625
v -0.1434144 -0.2260924 1.3175175
v -0.1508867 -0.2155239 1.3335054
v -0.1600989 -0.2074670 1.3270558
v -0.1369572 -0.2231708 1.3387758
v -0.1289590 -0.2339311 1.3205967
v -0.1097758 -0.2371020 1.3222841
v -0.1170501 -0.2270864 1.3409835
v -0.1643676 -0.0843145 0.8878719
v -0.1492076 -0.1194365 0.8936899
v -0.0803689 -0.1214278 1.0140724
v -0.0551459 -0.1290332 1.0097265
v -0.0152242 -0.1349575 0.9358732
v 0.0491518 -0.1017829 0.8267062
v 0.0424948 -0.0793153 0.8062106
v 0.0189069 -0.0822820 0.7331824
v -0.1269013 -0.1449432 0.8978120
v 0.0145837 -0.1037238 0.7090095
v 0.0118137 -0.1267531 0.6852898
v -0.0624076 -0.1233329 0.6707397
v -0.0840436 -0.1410942 0.6764411
v -0.0894218 -0.1153217 0.6974804
v -0.0658162 -0.0951949 0.6925875
v -0.0977320 -0.1647490 0.6867378
v -0.1055677 -0.1414398 0.7070005
v 0.0334735 -0.2982730 0.6944587
v -0.0729501 -0.2272374 0.4564248
v -0.0780644 -0.2404272 0.4162032
v -0.0833125 -0.2486877 0.4528921
v -0.0693564 -0.2207724 0.4206745
v -0.0830971 -0.2724200 0.4479359
v -0.0823532 -0.2814094 0.4818322
v -0.0163285 -0.3073031 0.4012729
v -0.0622476 -0.2161259 0.3843475
v -0.0691206 -0.2333266 0.3796440
v -0.0777388 -0.2625396 0.4124630
v -0.0691791 -0.2520097 0.3752851
v 0.0259983 -0.0617838 0.7852817
v -0.0535548 -0.1996985 0.8714493
v -0.0563237 -0.1854520 0.8919590
v 0.0032256 -0.1533496 0.8954196
v 0.0256012 -0.1372733 0.8762416
v -0.0417099 -0.1178880 1.0826957
v -0.0673541 -0.1156862 1.0822489
v -0.0768916 -0.1035606 1.1155646
v -0.1004953 -0.0975744 1.1161320
v -0.0973815 -0.1029638 1.0993581
v -0.0730184 -0.1097923 1.0989584
v -0.1455675 -0.0720314 1.1190827
v -0.1632884 -0.0513639 1.1223420
v -0.1563076 -0.0529464 1.1038198
v -0.1397825 -0.0743420 1.1021090
v -0.1498842 -0.0575863 1.0879530
v -0.1590991 -0.0331304 1.0896637
v -0.1584281 0.0571903 1.1300269
v -0.1662749 0.0383611 1.1238974
v -0.1740483 0.0389472 1.1494276
v -0.1655546 0.0573721 1.1580348
v 0.0567544 -0.1114493 0.8751647
v 0.0322891 -0.0633434 0.7966314
v 0.0389903 -0.1615946 0.8343198
v 0.0143133 -0.1722005 0.8675777
v -0.0166783 -0.1908165 0.8737524
v -0.1096797 -0.1606700 1.2712808
v -0.1896040 -0.0859288 1.3108235
v -0.1902985 -0.0847207 1.3012791
v -0.1208463 -0.2439651 1.2998145
v -0.1013670 -0.2465984 1.3018425
v -0.0628651 -0.1820192 1.2863305
v -0.0809706 -0.2071344 1.3439840
v -0.0694421 -0.1969609 1.3301489
v -0.0713185 -0.1936449 1.3388449
v -0.0398569 -0.1481020 0.9300587
v -0.0662428 -0.1606487 0.9226813
v -0.0331179 -0.1567876 0.9174610
v -0.0117475 -0.0122464 0.7806649
v 0.0426015 -0.1217207 0.8517053
v 0.0104095 -0.1492219 0.6630035
v 0.0096250 -0.1691868 0.6421082
v 0.0083591 -0.1851857 0.6219073
v 0.0047570 -0.1996776 0.6038973
v 0.0007984 -0.2115479 0.5857262
v -0.0022748 -0.2233447 0.5694254
v -0.0041529 -0.2318836 0.5573906
v -0.0080972 -0.2299471 0.5411490
v 0.0043530 -0.2135362 0.4900152
v -0.0153145 -0.2079773 0.4912047
v -0.0126494 -0.2202788 0.5184380
v -0.0167690 -0.1973386 0.4603030
v -0.0166638 -0.1903462 0.4265436
v -0.0162043 -0.1880433 0.3910567
v -0.0143887 -0.1858897 0.3542630
v -0.0116094 -0.1815446 0.3179659
v 0.0096864 -0.0328716 0.7880545
v -0.0006501 -0.0225784 0.7850807
v -0.0572119 -0.1414139 1.3749360
v -0.1336191 -0.1224830 1.2669272
v -0.1302704 -0.1289192 1.2732789
v -0.0686247 -0.1762785 1.2962457
v -0.1266418 -0.2498010 1.2398805
v -0.1224508 -0.2555698 1.2542274
v -0.0763695 -0.1747013 1.2777252
v -0.1098147 -0.1464521 1.2872577
v -0.1066860 -0.1518445 1.2938309
v 0.0729268 -0.3600044 1.1783801
v 0.0680138 -0.3701386 1.1683318
v 0.0888583 -0.3714215 1.1669974
v 0.0930599 -0.3610065 1.1756552
v 0.0769155 -0.3469537 1.1823140
v 0.0963301 -0.3484971 1.1782411
v 0.0823625 -0.3054082 1.1337791
v 0.0821115 -0.3065454 1.1485836
v 0.1006368 -0.3134714 1.1444759
v 0.1005968 -0.3135509 1.1301356
v 0.1172129 -0.3385045 1.1714773
v 0.1181605 -0.3290595 1.1641405
v 0.0996354 -0.3250942 1.1682627
v 0.0985047 -0.3360093 1.1756149
v 0.0754140 -0.3221577 1.1085612
v 0.0701776 -0.3352524 1.1042991
v 0.0516540 -0.3262257 1.1048107
v 0.0578577 -0.3131565 1.1103449
v 0.0095830 -0.2800409 1.1566132
v 0.0088554 -0.2788543 1.1415103
v -0.0023785 -0.2738279 1.1484247
v 0.0005270 -0.2766094 1.1631803
v 0.0318858 -0.3568327 1.1835098
v 0.0253589 -0.3648181 1.1708983
v 0.0464921 -0.3679717 1.1696807
v 0.0524457 -0.3582687 1.1813349
v 0.0438644 -0.3143551 1.1825346
v 0.0436263 -0.3028987 1.1713720
v 0.0250779 -0.2997211 1.1760281
v 0.0249644 -0.3116373 1.1870839
v 0.0119446 -0.3544101 1.1847442
v 0.0053093 -0.3597726 1.1711987
v 0.0812603 -0.3212434 1.1735008
v 0.0815666 -0.3120587 1.1620021
v 0.0629344 -0.3070959 1.1670100
v 0.0624476 -0.3177646 1.1782627
v 0.1121753 -0.3385442 1.1088281
v 0.1079678 -0.3506685 1.1067140
v 0.0888695 -0.3435901 1.1050002
v 0.0938989 -0.3308048 1.1080838
v 0.1186940 -0.3230413 1.1535161
v 0.1190155 -0.3203602 1.1411455
v 0.1000975 -0.3175832 1.1572620
v 0.1038192 -0.3817336 1.1414627
v 0.1061514 -0.3792684 1.1541417
v 0.0846956 -0.3778065 1.1547625
v 0.0820057 -0.3791691 1.1406116
v 0.0447564 -0.2910899 1.1439313
v 0.0442279 -0.2945462 1.1583512
v 0.0635634 -0.3002820 1.1532887
v 0.0638038 -0.2979100 1.1384083
v 0.0386452 -0.3431144 1.1907691
v 0.0576480 -0.3450201 1.1865360
v 0.0591072 -0.3759577 1.1394281
v 0.0632817 -0.3755595 1.1548001
v 0.0412737 -0.3719550 1.1549464
v 0.0383912 -0.3713299 1.1391196
v 0.0178799 -0.3573114 1.1225405
v 0.0207462 -0.3442783 1.1122569
v 0.0412141 -0.3535069 1.1130389
v 0.0385511 -0.3646338 1.1240322
v 0.0253483 -0.2853008 1.1500082
v 0.0248945 -0.2853689 1.1342952
v 0.0395893 -0.3035394 1.1140161
v 0.0330478 -0.3163822 1.1068720
v 0.0147399 -0.3060400 1.1100104
v 0.0215339 -0.2932429 1.1190651
v -0.0079290 -0.3212956 1.2017160
v -0.0178493 -0.3356505 1.1969304
v -0.0031607 -0.3387342 1.1948651
v 0.0028850 -0.3237505 1.1975355
v -0.0082804 -0.3501539 1.1850133
v -0.0248400 -0.3449861 1.1860566
v -0.0562217 -0.3340497 1.1772884
v -0.0611225 -0.3299739 1.1639481
v -0.0521073 -0.3370470 1.1597003
v -0.0462088 -0.3408604 1.1736746
v -0.0228446 -0.3389214 1.1191112
v -0.0190698 -0.3233173 1.1118245
v 0.0009660 -0.3341153 1.1117880
v -0.0029326 -0.3487895 1.1205287
v -0.0260885 -0.2979014 1.1135060
v -0.0151253 -0.2861458 1.1195539
v -0.0020309 -0.2955241 1.1140976
v -0.0112896 -0.3086837 1.1102872
v -0.0563355 -0.2556604 1.1496191
v -0.0465341 -0.2492313 1.1565359
v -0.0389632 -0.2603030 1.1456079
v -0.0479080 -0.2682880 1.1383287
v -0.0220507 -0.2554060 1.1697950
v -0.0268815 -0.2457867 1.1786654
v -0.0189429 -0.2514441 1.1905200
v -0.0152588 -0.2603144 1.1822920
v -0.0380992 -0.3061107 1.2165106
v -0.0529515 -0.3159681 1.2099250
v -0.0469975 -0.3230570 1.2057569
v -0.0338312 -0.3122475 1.2116923
v -0.0404264 -0.3297420 1.1187731
v -0.0379044 -0.3118643 1.1126247
v -0.0162042 -0.2623194 1.1631543
v -0.0103437 -0.2666238 1.1765451
v -0.0052706 -0.2724826 1.1699408
v -0.0094155 -0.2690659 1.1559120
v -0.0120365 -0.2879934 1.1982274
v -0.0173561 -0.3017653 1.2059089
v -0.0095396 -0.3041878 1.2028302
v -0.0055529 -0.2913707 1.1932944
v -0.0267241 -0.3161763 1.2089674
v -0.0389963 -0.3281328 1.2033062
v -0.0270153 -0.3323294 1.2009189
v -0.0165240 -0.3192236 1.2065026
v -0.0519664 -0.3228734 1.1206328
v -0.0515572 -0.3319157 1.1323158
v -0.0594151 -0.3243898 1.1342605
v -0.0585838 -0.3152616 1.1243236
v -0.0351824 -0.2877542 1.1198603
v -0.0245825 -0.2780761 1.1269984
v -0.0001500 -0.2938403 1.1858799
v 0.0018954 -0.2841310 1.1755604
v -0.0032488 -0.2804331 1.1827925
v -0.0367500 -0.3396879 1.1887889
v -0.0643603 -0.2642933 1.1459626
v -0.0720972 -0.2740060 1.1449411
v -0.0805943 -0.2596303 1.1570681
v -0.0724175 -0.2498833 1.1576404
v -0.0633950 -0.2421145 1.1618515
v -0.0531120 -0.2364514 1.1694193
v -0.0318562 -0.2345214 1.1918284
v -0.0234145 -0.2406569 1.2039643
v -0.0191728 -0.2514640 1.2151661
v -0.0215383 -0.2648687 1.2243474
v -0.0165200 -0.2765117 1.2104392
v -0.0148579 -0.2621057 1.2012709
v -0.0447756 -0.2924119 1.2299211
v -0.0603602 -0.3016733 1.2236789
v -0.0639603 -0.3192584 1.1995570
v -0.0727089 -0.3062349 1.2122614
v -0.0235293 -0.2635476 1.1485569
v -0.0301056 -0.2556376 1.1567261
v 0.0593050 -0.3709403 1.1253191
v 0.0611987 -0.3611767 1.1139108
v 0.0819694 -0.3671257 1.1157014
v 0.0814404 -0.3751968 1.1273095
v 0.1044790 -0.3623289 1.1099370
v 0.0844367 -0.3561596 1.1079089
v 0.0798335 -0.3336192 1.1805287
v 0.0611269 -0.3309588 1.1848973
v 0.1149687 -0.3501094 1.1749437
v -0.0026710 -0.3061152 1.1960076
v 0.0077817 -0.3083415 1.1911408
v -0.0647248 -0.3241537 1.1504642
v -0.0694077 -0.3221831 1.1686677
v -0.0724972 -0.3161115 1.1561819
v -0.0403907 -0.3405015 1.1332466
v -0.0234074 -0.3499343 1.1353091
v -0.0196514 -0.3524032 1.1548966
v -0.0408101 -0.3439229 1.1526252
v -0.0631817 -0.3072679 1.1296835
v -0.0657507 -0.3169568 1.1383021
v -0.0727104 -0.3078284 1.1458230
v -0.0697516 -0.2975055 1.1380517
v -0.0244350 -0.2914615 1.2160765
v -0.0223475 -0.2974875 1.2095364
v -0.0884501 -0.3011970 1.1869224
v -0.0782864 -0.3125545 1.1764693
v -0.0722771 -0.3177055 1.1877827
v -0.0812922 -0.3061804 1.1986731
v -0.0643229 -0.3264931 1.1811493
v -0.0921731 -0.2928346 1.1767218
v -0.0818237 -0.3058537 1.1652023
v -0.0302165 -0.2793958 1.2301758
v -0.0789324 -0.2852943 1.1489274
v -0.0817535 -0.2962916 1.1562155
v -0.0919674 -0.2824073 1.1682344
v -0.0879701 -0.2706410 1.1612751
v 0.0650315 -0.3489240 1.1067280
v 0.0454318 -0.3402027 1.1062509
v -0.0066730 -0.2770911 1.1318686
v 0.0054102 -0.2841449 1.1251278
v -0.0157975 -0.2708709 1.1398950
v 0.0803593 -0.3110489 1.1185158
v 0.0982678 -0.3196855 1.1166650
v 0.0436691 -0.2936173 1.1275420
v 0.0621646 -0.3020461 1.1223819
v 0.0166048 -0.3651078 1.1382368
v -0.0500977 -0.2880738 1.1249895
v -0.0410385 -0.2785992 1.1286219
v -0.0452462 -0.2979142 1.1172891
v -0.0423348 -0.2330742 1.1800974
v -0.0364066 -0.2452656 1.1667598
v -0.0498499 -0.3132780 1.1153593
v -0.0506636 -0.2180750 1.1978024
v -0.0328202 -0.3464815 1.1711668
v -0.0490819 -0.3338138 1.1914609
v -0.0570525 -0.3275116 1.1943260
v 0.1092540 -0.3721815 1.1654366
v 0.0420775 -0.3284086 1.1894717
v 0.0094889 -0.2974045 1.1804222
v 0.0101218 -0.2870330 1.1692897
v -0.0577435 -0.2972912 1.1247173
v -0.0641029 -0.2867494 1.1336897
v -0.0558805 -0.2773568 1.1347707
v -0.0146322 -0.2834759 1.2023432
v -0.0118987 -0.2701241 1.1935043
v 0.1160794 -0.3279071 1.1160655
v -0.0093270 -0.2758428 1.1884683
v -0.0162956 -0.3542544 1.1701208
v -0.0858558 0.0140841 1.4139780
v -0.1371153 -0.0965672 1.1896925
v -0.0772647 -0.1018693 1.1638120
v -0.0988996 -0.0986438 1.1665900
v -0.1402046 -0.1112602 1.2492024
v -0.1365638 -0.1172318 1.2588051
v -0.1230882 -0.1392468 1.2807859
v -0.1190395 -0.1445351 1.2869917
v -0.1288070 -0.1132047 1.2210791
v -0.0280749 -0.1311059 1.5633874
v -0.0274639 -0.1267480 1.5576298
v -0.0276461 -0.1358956 1.5760747
v 0.0734281 -0.1088539 1.0549090
v -0.0278562 -0.1383021 1.5459858
v -0.0273362 -0.1334008 1.5381617
v -0.0312744 -0.1370171 1.5418206
v -0.0269955 -0.1401998 1.5465652
v -0.0268709 -0.1411476 1.5473905
v -0.0263623 -0.1466023 1.5744946
v -0.0264907 -0.1235810 1.5496058
v -0.0260698 -0.1225222 1.5400456
v -0.0261398 -0.1481467 1.5593607
v -0.1136901 0.0687583 1.0247376
v -0.0943161 0.0840382 1.0242480
v -0.0995357 0.0870194 1.0052539
v -0.1189763 0.0691265 1.0056195
v -0.1057932 0.0905190 0.9857612
v -0.1802337 -0.0122317 0.9556872
v -0.1781241 -0.0398604 0.9625359
v -0.1742367 -0.0359396 0.9827783
v -0.1762648 -0.0099755 0.9780115
v -0.1631382 -0.0575071 1.0008756
v -0.1693243 -0.0322887 0.9989160
v -0.1660297 -0.0624886 0.9863951
v -0.1517259 -0.0864715 0.9848317
v -0.1496044 -0.0810955 0.9993853
v -0.1326038 -0.1064441 0.9797479
v -0.1299291 -0.1008590 0.9955097
v -0.1101628 -0.1208244 0.9738944
v -0.0834320 -0.1286234 0.9684762
v -0.0462548 -0.1387947 0.9465335
v -0.0213944 -0.1305357 0.9549288
v -0.0526564 -0.1324469 0.9622976
v 0.0302713 -0.1182936 0.9408926
v 0.0069660 -0.1258126 0.9465798
v 0.0670081 -0.1043356 0.9383668
v 0.0502672 -0.1110646 0.9385365
v -0.0437921 -0.1423737 1.3509240
v -0.1011214 -0.0946895 1.4427920
v -0.1117773 -0.1007100 1.4380501
v -0.1022204 -0.1189977 1.4334108
v -0.1664413 -0.0774931 1.4016233
v -0.1565807 -0.0912831 1.4127754
v -0.1515888 -0.0671562 1.4175117
v -0.1588370 -0.0556778 1.4066292
v -0.1028478 -0.0765600 1.4436217
v -0.0949420 -0.0737031 1.4469571
v -0.1139254 -0.0794136 1.4400238
v -0.1007110 -0.0404706 1.4396145
v -0.1099059 -0.0589600 1.4404101
v -0.1287142 -0.1475088 1.4141205
v -0.1489741 -0.1352159 1.4103259
v -0.1506056 -0.1471236 1.4042623
v -0.1308886 -0.1594162 1.4075847
v -0.1802012 -0.1029297 1.3758024
v -0.1831026 -0.0935729 1.3633898
v -0.1850679 -0.1080607 1.3590693
v -0.1821940 -0.1170101 1.3711344
v -0.1290906 -0.1963286 1.3818645
v -0.1495270 -0.1865291 1.3805045
v -0.1471602 -0.1998081 1.3684155
v -0.1271372 -0.2072816 1.3697878
v -0.1755887 -0.1266296 1.3835488
v -0.1781123 0.0233799 1.3173574
v -0.1878995 -0.0011413 1.3210373
v -0.1939192 -0.0266178 1.3232671
v -0.1887040 -0.0872520 1.3194656
v -0.1909826 -0.0739541 1.3223013
v -0.1930698 -0.0715612 1.3120308
v -0.1875713 -0.0996093 1.3159274
v -0.1855342 -0.1136866 1.3093894
v -0.0691271 -0.1827619 1.3206888
v -0.0693887 -0.1810978 1.3239200
v -0.0723510 -0.1901024 1.3463113
v -0.1732659 -0.1398198 1.2913463
v -0.1791266 -0.1255124 1.2984680
v -0.1760416 -0.1238492 1.2932144
v -0.1700850 -0.1379402 1.2871126
v -0.1250803 -0.1375092 1.4203170
v -0.1619254 -0.1903868 1.3613366
v -0.1644270 -0.1763579 1.3731460
v -0.1747460 -0.1689184 1.3619582
v -0.1709066 -0.1836726 1.3507327
v -0.1775884 -0.1748795 1.3417162
v -0.1819715 -0.1601641 1.3517796
v -0.1854298 -0.1515373 1.3414514
v -0.1811513 -0.1664437 1.3328546
v -0.1754649 -0.1436567 1.2966308
v -0.1815779 -0.1280897 1.3049147
v -0.1004411 -0.2156788 1.3531919
v -0.1074209 -0.1792136 1.3947743
v -0.0857193 -0.1806524 1.3807073
v -0.0849201 -0.1714357 1.3872659
v -0.1067660 -0.1678935 1.4019145
v -0.1275817 -0.1479135 1.2765701
v -0.1166676 -0.1522424 1.2819295
v -0.1373359 -0.1444989 1.2718247
v -0.1689267 -0.1216313 1.2848420
v -0.1457637 -0.1433788 1.2698783
v -0.0737809 -0.1722086 1.3022338
v -0.0671034 -0.1849069 1.3149713
v -0.0712276 -0.1786637 1.3605930
v -0.0700405 -0.1717621 1.3670153
v -0.1239739 -0.2172080 1.3566745
v -0.1437544 -0.2117617 1.3541914
v -0.1667969 -0.1552515 1.2827572
v -0.1638274 -0.1526499 1.2785912
v -0.1583705 -0.1663789 1.2692071
v -0.1791871 -0.1093932 1.2890504
v -0.1727303 -0.1228452 1.2885111
v -0.1314119 -0.1714374 1.4006214
v -0.1579718 -0.2030028 1.3473201
v -0.1664695 -0.1956104 1.3382281
v -0.1840098 -0.1452211 1.3595577
v -0.1770326 -0.1537120 1.3710514
v -0.1772644 -0.1396769 1.3778277
v -0.1839129 -0.1309713 1.3658043
v -0.1761317 -0.1807009 1.3225683
v -0.1755988 -0.1751337 1.3123955
v -0.1864960 -0.1225310 1.3540387
v -0.1870161 -0.1367391 1.3484022
v -0.1695511 -0.1590995 1.2872918
v -0.0690600 -0.1640702 1.3724376
v -0.0583879 -0.1657360 1.3498288
v -0.0540414 -0.1587354 1.3520643
v -0.0646654 -0.1768273 1.3370852
v -0.0615551 -0.1716996 1.3443406
v -0.0676364 -0.1798715 1.3288772
v -0.0499146 -0.1514165 1.3516630
v -0.0532136 -0.3059935 1.1184613
v -0.1551194 -0.1642275 1.2640128
v -0.1510161 -0.1779014 1.2546489
v -0.1543977 -0.1789612 1.2607287
v -0.1307801 -0.2384143 1.2293603
v 0.0465026 -0.2191616 1.4409559
v 0.0481936 -0.2232055 1.4457486
v 0.0515005 -0.2304032 1.4643680
v 0.0518964 -0.2308979 1.4679914
v -0.0570937 -0.3311577 1.1466506
v -0.0503363 -0.3359981 1.1434818
v -0.0033114 -0.3580555 1.1373137
v 0.0204386 -0.3666619 1.1555136
v -0.0002359 -0.3600158 1.1552840
v 0.0184157 -0.3415653 1.1939220
v 0.0224159 -0.3254891 1.1941833
v 0.0249639 -0.2902461 1.1633672
v 0.0071484 -0.3195162 1.1082857
v 0.1520932 -0.3636813 1.1717033
v 0.1496960 -0.3741593 1.1655513
v 0.1708396 -0.3750685 1.1662407
v 0.1725646 -0.3640726 1.1711490
v 0.1928503 -0.3650914 1.1708506
v 0.1937939 -0.3546876 1.1681307
v 0.1742510 -0.3531349 1.1699891
v 0.1933324 -0.3478777 1.1609475
v 0.1745725 -0.3452203 1.1633044
v 0.1919777 -0.3443451 1.1513324
v 0.1913689 -0.3439855 1.1421444
v 0.1738928 -0.3390469 1.1445899
v 0.1741253 -0.3405677 1.1543004
v 0.1554938 -0.3334301 1.1367259
v 0.1736525 -0.3400850 1.1344570
v 0.1728165 -0.3434601 1.1244781
v 0.1548690 -0.3362205 1.1255310
v 0.1869490 -0.3656851 1.1131663
v 0.1853091 -0.3742851 1.1138542
v 0.1663669 -0.3693436 1.1117737
v 0.1685492 -0.3595214 1.1111398
v 0.1441892 -0.3806152 1.1224974
v 0.1449048 -0.3727056 1.1145348
v 0.1650422 -0.3781544 1.1168241
v 0.1644313 -0.3856677 1.1245914
v 0.1827978 -0.3908484 1.1257912
v 0.1844034 -0.3928738 1.1364089
v 0.1651063 -0.3892562 1.1339922
v 0.1121612 -0.3621012 1.1728567
v 0.1321189 -0.3631944 1.1720459
v 0.1344582 -0.3511562 1.1729171
v 0.1554792 -0.3366148 1.1575234
v 0.1367450 -0.3327962 1.1606255
v 0.1359126 -0.3404196 1.1686845
v 0.1552556 -0.3426887 1.1660876
v 0.1186256 -0.3214544 1.1277956
v 0.1370804 -0.3270285 1.1387535
v 0.1365564 -0.3290252 1.1266281
v 0.1556714 -0.3337573 1.1474892
v 0.1370794 -0.3285869 1.1501652
v 0.1526054 -0.3429883 1.1158653
v 0.1708601 -0.3503703 1.1161143
v 0.1485544 -0.3816905 1.1555240
v 0.1467023 -0.3856697 1.1440953
v 0.1671874 -0.3877152 1.1455507
v 0.1693111 -0.3832396 1.1568375
v 0.1344124 -0.3356342 1.1163160
v 0.1255380 -0.3837927 1.1426302
v 0.1275449 -0.3803289 1.1543589
v 0.1453731 -0.3855951 1.1325956
v 0.1244241 -0.3821703 1.1306812
v 0.1892832 -0.3847857 1.1580922
v 0.1913737 -0.3761146 1.1667924
v 0.1301530 -0.3734237 1.1652191
v 0.1496034 -0.3524971 1.1102351
v 0.1469044 -0.3633533 1.1101075
v 0.1274230 -0.3571085 1.1082565
v 0.1309571 -0.3456108 1.1095298
v 0.1032214 -0.3718211 1.1177542
v 0.1255487 -0.3674592 1.1124335
v 0.1242254 -0.3760691 1.1201082
v 0.1843811 -0.3827269 1.1181470
v 0.1024834 -0.3789676 1.1287594
v 0.2771586 -0.3626852 1.1394490
v 0.2686745 -0.3571053 1.1401203
v 0.2760551 -0.3518229 1.1469936
v 0.2838532 -0.3580509 1.1462756
v 0.2590624 -0.3361841 1.1510394
v 0.2515984 -0.3339761 1.1606001
v 0.2628316 -0.3327976 1.1671867
v 0.2692479 -0.3346497 1.1590010
v 0.2883210 -0.3562016 1.1542295
v 0.2816893 -0.3490015 1.1539211
v 0.2878053 -0.3565178 1.1614715
v 0.2944885 -0.3657462 1.1617585
v 0.2952725 -0.3620736 1.1552263
v 0.3018697 -0.3708624 1.1617610
v 0.2867164 -0.3742618 1.1656383
v 0.2980186 -0.3796656 1.1623341
v 0.2751271 -0.3950138 1.1512316
v 0.2704925 -0.4002462 1.1424166
v 0.2849829 -0.4025892 1.1402358
v 0.2895555 -0.3963721 1.1492754
v 0.2737174 -0.4068426 1.1219167
v 0.2803586 -0.4051797 1.1311453
v 0.2659526 -0.4029697 1.1344570
v 0.2606950 -0.4044480 1.1260310
v 0.2678387 -0.3705140 1.1289190
v 0.2581764 -0.3666616 1.1286375
v 0.2618691 -0.3632163 1.1337376
v 0.2708745 -0.3676803 1.1335582
v 0.2861762 -0.3531904 1.1717640
v 0.2796917 -0.3621607 1.1702088
v 0.2858245 -0.3616063 1.1665119
v 0.2881706 -0.3512851 1.1685143
v 0.2333088 -0.3598980 1.1151393
v 0.2217890 -0.3583935 1.1186246
v 0.2236690 -0.3545227 1.1267949
v 0.2338631 -0.3569828 1.1226671
v 0.2332581 -0.3398768 1.1492359
v 0.2262575 -0.3448963 1.1445833
v 0.2207860 -0.3463922 1.1586485
v 0.2290250 -0.3445277 1.1622374
v 0.2415127 -0.3361765 1.1545213
v 0.2369871 -0.3421202 1.1662169
v 0.2475723 -0.3400583 1.1701085
v 0.2599359 -0.3379115 1.1749369
v 0.2190465 -0.3651229 1.1108182
v 0.2265807 -0.3669759 1.1061892
v 0.3508969 -0.3802866 1.1482352
v 0.3506917 -0.3818201 1.1426813
v 0.3453342 -0.3800544 1.1438108
v 0.3454853 -0.3786236 1.1494624
v 0.2214885 -0.3868869 1.1086049
v 0.2222371 -0.3939043 1.1157652
v 0.2157352 -0.3911271 1.1159250
v 0.2157243 -0.3828891 1.1102285
v 0.2293242 -0.3914116 1.1059556
v 0.2308527 -0.3974022 1.1152528
v 0.3510727 -0.3911372 1.1553962
v 0.3512355 -0.3857786 1.1555045
v 0.3454066 -0.3851736 1.1565063
v 0.3449726 -0.3906805 1.1561238
v 0.2919906 -0.3623231 1.1466693
v 0.2861418 -0.3661362 1.1395993
v 0.3097079 -0.3691910 1.1430026
v 0.2971596 -0.3686942 1.1396163
v 0.3006330 -0.3648668 1.1481382
v 0.3092963 -0.3670623 1.1496943
v 0.2860360 -0.3777786 1.1237900
v 0.2757079 -0.3752625 1.1248298
v 0.2808969 -0.3727526 1.1308656
v 0.2915939 -0.3750737 1.1295178
v 0.2711613 -0.3776254 1.1126011
v 0.2807583 -0.3811316 1.1116638
v 0.2783915 -0.3822561 1.1048525
v 0.2700778 -0.3789070 1.1061876
v 0.3017828 -0.3862326 1.1155183
v 0.3103430 -0.3910380 1.1156901
v 0.3076345 -0.3937620 1.1109917
v 0.2994747 -0.3882240 1.1104662
v 0.2088749 -0.3892424 1.1162205
v 0.2089282 -0.3803909 1.1115974
v 0.2633166 -0.4060834 1.1031756
v 0.2591630 -0.4011729 1.0947965
v 0.2677823 -0.4038768 1.0896435
v 0.2719550 -0.4086003 1.0986353
v 0.2249093 -0.3975573 1.1255019
v 0.2173824 -0.3957499 1.1256834
v 0.3506964 -0.3960513 1.1521646
v 0.3445456 -0.3956930 1.1529595
v 0.2468030 -0.3509023 1.1735306
v 0.2598513 -0.3470423 1.1784600
v 0.2360256 -0.3536063 1.1697372
v 0.2281542 -0.3551870 1.1675395
v 0.2198475 -0.3556105 1.1673552
v 0.3015731 -0.3726407 1.1349411
v 0.2788229 -0.3693419 1.1343678
v 0.2655344 -0.3717288 1.1247792
v 0.2572594 -0.3787261 1.0952340
v 0.2497505 -0.3766092 1.0962946
v 0.2549902 -0.3723134 1.1042059
v 0.2609294 -0.3761913 1.1018318
v 0.2588213 -0.3931632 1.0891144
v 0.2623263 -0.3864492 1.0898726
v 0.2704454 -0.3895571 1.0875816
v 0.2674312 -0.3960110 1.0855208
v 0.2841785 -0.3531987 1.1770857
v 0.2741146 -0.3593425 1.1747778
v 0.2229558 -0.3774541 1.1046049
v 0.2167051 -0.3739352 1.1081724
v 0.2099920 -0.3717519 1.1112462
v 0.2457266 -0.3616203 1.1249187
v 0.2344701 -0.3546630 1.1274704
v 0.2369288 -0.3505804 1.1323620
v 0.2478739 -0.3596300 1.1290309
v 0.2597632 -0.3485178 1.1398926
v 0.2493740 -0.3401263 1.1435174
v 0.2683835 -0.3436913 1.1473223
v 0.2246019 -0.3502452 1.1340468
v 0.2147776 -0.3531209 1.1297166
v 0.2159003 -0.3490978 1.1382392
v 0.2133135 -0.3583823 1.1213729
v 0.2116237 -0.3646673 1.1146802
v 0.2049738 -0.3509073 1.1314701
v 0.2057034 -0.3475758 1.1402113
v 0.2036885 -0.3567059 1.1231481
v 0.2024005 -0.3632358 1.1167632
v 0.1974791 -0.3944280 1.1269088
v 0.1977752 -0.3873030 1.1179595
v 0.2089164 -0.3949430 1.1260355
v 0.2090024 -0.3484745 1.1600174
v 0.2174609 -0.3466477 1.1482885
v 0.2070545 -0.3468001 1.1495972
v 0.2093324 -0.3558430 1.1676849
v 0.2759431 -0.3339097 1.1646256
v 0.2826728 -0.3329259 1.1689299
v 0.2864274 -0.3382014 1.1649704
v 0.2807151 -0.3401880 1.1610961
v 0.3094801 -0.3748143 1.1604535
v 0.3099871 -0.3689264 1.1563922
v 0.3022530 -0.3657481 1.1562016
v 0.2408016 -0.3645153 1.1092076
v 0.2345148 -0.3706381 1.1014653
v 0.3114267 -0.3729286 1.1381449
v 0.3377120 -0.3894567 1.1570598
v 0.3384242 -0.3835883 1.1573549
v 0.3261532 -0.3801087 1.1584456
v 0.3257361 -0.3868421 1.1583494
v 0.3192942 -0.3812540 1.1366882
v 0.3183670 -0.3753208 1.1398533
v 0.3263339 -0.3777149 1.1399406
v 0.3269784 -0.3841150 1.1380007
v 0.3029187 -0.3940364 1.1046648
v 0.2962604 -0.3897459 1.1041048
v 0.3041816 -0.3952709 1.1448741
v 0.3047582 -0.3910039 1.1557745
v 0.2929555 -0.3895065 1.1582639
v 0.2829274 -0.3798405 1.1176727
v 0.2925325 -0.3827672 1.1163718
v 0.2903990 -0.3845215 1.1108503
v 0.3044739 -0.3754078 1.1328234
v 0.3113753 -0.3769379 1.1345722
v 0.3076154 -0.3794140 1.1296481
v 0.2996488 -0.3770389 1.1288195
v 0.2486504 -0.3985487 1.0995180
v 0.2486803 -0.3882704 1.0921127
v 0.3510700 -0.3818957 1.1529074
v 0.3456063 -0.3807421 1.1541400
v 0.1999042 -0.3778349 1.1134664
v 0.2010931 -0.3698314 1.1133555
v 0.2729130 -0.3765553 1.1191572
v 0.2796377 -0.3870117 1.1598385
v 0.2634376 -0.3723683 1.1198189
v 0.2899993 -0.4077925 1.1070213
v 0.2898155 -0.4042651 1.0997434
v 0.2975404 -0.4050229 1.1011970
v 0.2972118 -0.4099275 1.1060416
v 0.3377780 -0.3883270 1.1385352
v 0.3381392 -0.3819337 1.1401573
v 0.3450031 -0.3848286 1.1397514
v 0.3445096 -0.3909111 1.1386594
v 0.3171127 -0.3715017 1.1443414
v 0.3166725 -0.3698284 1.1502195
v 0.3257772 -0.3725137 1.1500216
v 0.3258870 -0.3736447 1.1442812
v 0.3171466 -0.3722864 1.1556697
v 0.3260922 -0.3750859 1.1553635
v 0.3374340 -0.3948676 1.1409544
v 0.3369678 -0.3972830 1.1471777
v 0.3252348 -0.3948344 1.1472764
v 0.3268564 -0.3913045 1.1407700
v 0.2481896 -0.4016599 1.1295258
v 0.2443751 -0.4021121 1.1210853
v 0.2564132 -0.4047764 1.1166536
v 0.2683710 -0.4072632 1.1119705
v 0.2799349 -0.4070442 1.1071480
v 0.2855670 -0.4090027 1.1185643
v 0.2524607 -0.4035577 1.1086385
v 0.3151350 -0.3913541 1.1372138
v 0.3152598 -0.3924638 1.1452885
v 0.3125560 -0.3965281 1.1391838
v 0.2611624 -0.3733076 1.1121807
v 0.3387211 -0.3788356 1.1549775
v 0.2279449 -0.3779459 1.1648907
v 0.2259119 -0.3877264 1.1572449
v 0.2363048 -0.3896347 1.1551034
v 0.2370743 -0.3781062 1.1643074
v 0.3383304 -0.3775725 1.1443477
v 0.3387315 -0.3762057 1.1498503
v 0.2940839 -0.3929984 1.0982051
v 0.3002193 -0.3966633 1.1001406
v 0.2989006 -0.4005356 1.0977097
v 0.2935275 -0.3986703 1.0947906
v 0.2411693 -0.4009143 1.1131442
v 0.2746233 -0.4052814 1.0858568
v 0.2771694 -0.4108470 1.0946620
v 0.2334749 -0.3997485 1.1241431
v 0.2368847 -0.3995028 1.1330503
v 0.2279247 -0.3976928 1.1357851
v 0.2958331 -0.4053438 1.1271124
v 0.2524968 -0.4001891 1.1373202
v 0.2408577 -0.3976650 1.1404664
v 0.2308964 -0.3951423 1.1445861
v 0.2225712 -0.3935137 1.1468743
v 0.2199265 -0.3962732 1.1372171
v 0.3372476 -0.3948177 1.1535709
v 0.3442194 -0.3982588 1.1469428
v 0.2107394 -0.3951538 1.1381410
v 0.1992991 -0.3948762 1.1382337
v 0.2016449 -0.3912293 1.1483913
v 0.2132331 -0.3921912 1.1481575
v 0.2446047 -0.3943988 1.1482745
v 0.2481434 -0.3898897 1.1556909
v 0.2567100 -0.3974304 1.1448009
v 0.2613405 -0.3927444 1.1529260
v 0.2983574 -0.4036629 1.1378918
v 0.3588732 -0.3986234 1.1407975
v 0.3504842 -0.3970837 1.1411996
v 0.3505003 -0.3927658 1.1381019
v 0.3588157 -0.3952280 1.1377175
v 0.3442345 -0.3961954 1.1412204
v 0.3504113 -0.3987352 1.1465598
v 0.2658577 -0.3842609 1.1617585
v 0.3149512 -0.3837214 1.1311427
v 0.2512468 -0.3775005 1.1650043
v 0.2733428 -0.3738148 1.1689347
v 0.2635045 -0.3680899 1.1720335
v 0.2365330 -0.3656615 1.1699926
v 0.2468988 -0.3629817 1.1725400
v 0.2195455 -0.3666816 1.1689527
v 0.2280376 -0.3665063 1.1689239
v 0.2086059 -0.3662262 1.1700682
v 0.2600379 -0.3578997 1.1769737
v 0.3584429 -0.3819830 1.1461687
v 0.3580777 -0.3842249 1.1407827
v 0.2187861 -0.3775248 1.1656356
v 0.2074597 -0.3769014 1.1666147
v 0.2758950 -0.3412492 1.1546885
v 0.2524550 -0.3682171 1.1144551
v 0.2543320 -0.3680316 1.1204323
v 0.2426045 -0.3740547 1.0980667
v 0.2487734 -0.3685372 1.1063265
v 0.2047090 -0.3858087 1.1587085
v 0.1911965 -0.3463043 1.1328882
v 0.1898498 -0.3512945 1.1240375
v 0.1868705 -0.3897612 1.1470814
v 0.3590818 -0.3832944 1.1509677
v 0.3120479 -0.3980046 1.1169205
v 0.3100142 -0.3997717 1.1153711
v 0.2713355 -0.3320721 1.1717976
v 0.2799895 -0.3318999 1.1749707
v 0.2802472 -0.3414029 1.1831633
v 0.2795902 -0.3353018 1.1800860
v 0.2699095 -0.3359709 1.1787095
v 0.2702628 -0.3437571 1.1818148
v 0.2446709 -0.3624750 1.1209715
v 0.2437099 -0.3633910 1.1157089
v 0.2384613 -0.3953085 1.1031917
v 0.2386093 -0.3857006 1.0961549
v 0.3168831 -0.3776850 1.1591490
v 0.3075903 -0.3826251 1.1600316
v 0.3158592 -0.3847631 1.1587746
v 0.3248171 -0.3926789 1.1544019
v 0.3173973 -0.3878937 1.1351546
v 0.3198591 -0.3882729 1.1392878
v 0.2420217 -0.3453920 1.1373102
v 0.2525636 -0.3549784 1.1339740
v 0.2843134 -0.3476089 1.1601975
v 0.2881036 -0.3464244 1.1647856
v 0.2951514 -0.3799787 1.1227878
v 0.3081523 -0.4058590 1.1275813
v 0.3088193 -0.4042525 1.1360407
v 0.3037063 -0.3826032 1.1226467
v 0.3595695 -0.3921383 1.1537295
v 0.3596835 -0.3868175 1.1536643
v 0.3145987 -0.3914113 1.1545402
v 0.2875491 -0.3859372 1.1039443
v 0.3028549 -0.4055454 1.1204154
v 0.3102998 -0.4032387 1.1214648
v 0.2736761 -0.3980193 1.0837797
v 0.2163844 -0.3867283 1.1581964
v 0.3505019 -0.3866775 1.1384268
v 0.3581018 -0.3892191 1.1369936
v 0.3586069 -0.3994200 1.1454044
v 0.3587982 -0.3970387 1.1506423
v 0.2302251 -0.3818869 1.1002205
v 0.2560983 -0.3677226 1.1247595
v 0.1884638 -0.3582353 1.1171215
v 0.2712306 -0.3527470 1.1803897
v 0.2819485 -0.3485523 1.1820702
v 0.3115253 -0.3858291 1.1226963
v 0.2833329 -0.4079912 1.0994678
v 0.2937894 -0.4106233 1.1157266
v 0.2999262 -0.4125591 1.1136307
v 0.3055592 -0.4088558 1.1183033
v 0.3098032 -0.4048004 1.1169107
v 0.3649952 -0.4005488 1.1444679
v 0.3654650 -0.3981706 1.1495742
v 0.3665503 -0.3935452 1.1527252
v 0.3661799 -0.3882653 1.1524038
v 0.3648528 -0.3848800 1.1495769
v 0.3651418 -0.3997822 1.1402591
v 0.3647351 -0.3964361 1.1373224
v 0.3637112 -0.3907369 1.1366590
v 0.3704488 -0.4006468 1.1392467
v 0.3715709 -0.4016085 1.1434171
v 0.3793774 -0.3943775 1.1504211
v 0.3736488 -0.3951222 1.1515070
v 0.3762237 -0.3975695 1.1496775
v 0.3798645 -0.3976917 1.1492616
v 0.3839566 -0.3983974 1.1481288
v 0.3838232 -0.3949282 1.1484690
v 0.3746361 -0.3998597 1.1477147
v 0.3787621 -0.4009231 1.1468070
v 0.3778663 -0.4022957 1.1431326
v 0.3820543 -0.4032156 1.1421355
v 0.3831448 -0.4019135 1.1457028
v 0.3745522 -0.4013535 1.1446820
v 0.3709853 -0.3992408 1.1485745
v 0.3872699 -0.3967773 1.1460811
v 0.3867377 -0.3992150 1.1468891
v 0.3870049 -0.4021149 1.1446052
v 0.3884201 -0.4001422 1.1427061
v 0.3716519 -0.3897000 1.1511312
v 0.3780486 -0.3908785 1.1492078
v 0.3832257 -0.3921826 1.1467306
v 0.3868143 -0.3944041 1.1440388
v 0.3774212 -0.3886324 1.1462364
v 0.3824946 -0.3909358 1.1438773
v 0.3854405 -0.3930730 1.1416142
v 0.3771712 -0.3882823 1.1422369
v 0.3820772 -0.3909479 1.1408465
v 0.3693198 -0.3854866 1.1440658
v 0.3701326 -0.3864287 1.1483579
v 0.3843378 -0.3927227 1.1401166
v 0.3877527 -0.3977902 1.1406201
v 0.3765517 -0.4024124 1.1403971
v 0.3814763 -0.4029789 1.1392692
v 0.3760429 -0.4012509 1.1377671
v 0.3812189 -0.4014782 1.1369462
v 0.3860194 -0.4027751 1.1396015
v 0.3855391 -0.4036451 1.1418931
v 0.3637364 -0.3836740 1.1449062
v 0.3633964 -0.3862673 1.1398426
v 0.3689409 -0.3877384 1.1390240
v 0.3765189 -0.3900585 1.1375440
v 0.3688213 -0.3921627 1.1362126
v 0.3699005 -0.3973815 1.1366456
v 0.3757100 -0.3985181 1.1359467
v 0.3756254 -0.3944418 1.1353250
v 0.3808480 -0.3989076 1.1355488
v 0.3809462 -0.3958314 1.1355614
v 0.3816883 -0.3927756 1.1376382
v 0.3845702 -0.3982120 1.1365327
v 0.3856034 -0.4006747 1.1376740
v 0.3861762 -0.3959481 1.1390572
v 0.3835942 -0.3962751 1.1364824
v 0.3842657 -0.3944583 1.1382289
v 0.3505378 -0.4001208 1.1223631
v 0.3493378 -0.4015951 1.1171409
v 0.3425050 -0.3997074 1.1193287
v 0.3437481 -0.3982430 1.1243821
v 0.3495454 -0.4090449 1.1315801
v 0.3510070 -0.4034545 1.1304357
v 0.3444571 -0.4022942 1.1325142
v 0.3429327 -0.4079560 1.1334728
v 0.3471226 -0.4139499 1.1278709
v 0.3404756 -0.4130297 1.1294204
v 0.3353114 -0.4057312 1.1353227
v 0.3369156 -0.4000349 1.1342405
v 0.3237650 -0.3949707 1.1354305
v 0.3222891 -0.4004847 1.1375164
v 0.3198768 -0.3943460 1.1174655
v 0.3196006 -0.4000185 1.1170146
v 0.3513438 -0.4005488 1.1268571
v 0.3446167 -0.3990068 1.1288304
v 0.3324024 -0.4050034 1.1159851
v 0.3335509 -0.3998484 1.1167876
v 0.3412740 -0.4030576 1.1156556
v 0.3401980 -0.4078297 1.1146010
v 0.3226064 -0.3889976 1.1280486
v 0.3208896 -0.3902773 1.1221656
v 0.3237936 -0.3913108 1.1321965
v 0.3315593 -0.4101820 1.1181467
v 0.3315700 -0.4128919 1.1236740
v 0.3186088 -0.4088624 1.1265259
v 0.3190479 -0.4059622 1.1202933
v 0.3369269 -0.3964415 1.1304494
v 0.3346548 -0.3962290 1.1207338
v 0.3360963 -0.3949129 1.1258374
v 0.3328071 -0.4110167 1.1310657
v 0.3392496 -0.4145647 1.1219361
v 0.3552883 -0.4161405 1.1145783
v 0.3461815 -0.4138586 1.1158285
v 0.3468856 -0.4100197 1.1129541
v 0.3561623 -0.4128292 1.1114294
v 0.3394865 -0.4119542 1.1168839
v 0.3459629 -0.4157867 1.1209909
v 0.3604510 -0.4027094 1.1194883
v 0.3591410 -0.4046529 1.1144186
v 0.3610581 -0.4028706 1.1240332
v 0.3196544 -0.4072652 1.1342024
v 0.3589161 -0.4108012 1.1289675
v 0.3605194 -0.4055389 1.1273730
v 0.3480839 -0.4051503 1.1135209
v 0.3574012 -0.4082575 1.1112204
v 0.3551109 -0.4177065 1.1195449
v 0.3561967 -0.4156334 1.1257661
v 0.3625755 -0.4191176 1.1178543
v 0.3638936 -0.4171493 1.1234934
v 0.3664583 -0.4126403 1.1267233
v 0.3672921 -0.4073935 1.1252426
v 0.3670051 -0.4049526 1.1220760
v 0.3623212 -0.4179501 1.1133866
v 0.3624986 -0.4149075 1.1106700
v 0.3630588 -0.4102922 1.1102494
v 0.3689613 -0.4196940 1.1116868
v 0.3701233 -0.4211953 1.1157032
v 0.3848396 -0.4163562 1.1202262
v 0.3797545 -0.4150517 1.1226785
v 0.3795444 -0.4182341 1.1212867
v 0.3843038 -0.4196383 1.1202358
v 0.3737624 -0.4150358 1.1242904
v 0.3759022 -0.4179212 1.1220053
v 0.3744506 -0.4200489 1.1198339
v 0.3783834 -0.4216325 1.1187978
v 0.3770975 -0.4226029 1.1149486
v 0.3814950 -0.4243182 1.1137237
v 0.3831864 -0.4235345 1.1177802
v 0.3737002 -0.4213625 1.1166894
v 0.3876258 -0.4211098 1.1186801
v 0.3882895 -0.4190463 1.1172076
v 0.3703919 -0.4190341 1.1213586
v 0.3730651 -0.4095193 1.1236735
v 0.3793099 -0.4113372 1.1213585
v 0.3845415 -0.4136257 1.1181560
v 0.3878446 -0.4167081 1.1147034
v 0.3788680 -0.4091447 1.1179877
v 0.3840642 -0.4120704 1.1151763
v 0.3867469 -0.4152489 1.1126348
v 0.3780394 -0.4087099 1.1136785
v 0.3833497 -0.4120782 1.1119572
v 0.3706117 -0.4062097 1.1162707
v 0.3719383 -0.4067145 1.1205820
v 0.3854808 -0.4145486 1.1112015
v 0.3890136 -0.4229662 1.1140258
v 0.3884509 -0.4204069 1.1117758
v 0.3879046 -0.4248639 1.1166061
v 0.3760310 -0.4220768 1.1124867
v 0.3808884 -0.4234902 1.1111186
v 0.3751359 -0.4214356 1.1099401
v 0.3806341 -0.4227900 1.1087944
v 0.3856576 -0.4247025 1.1112221
v 0.3852956 -0.4256076 1.1133472
v 0.3659504 -0.4046459 1.1178577
v 0.3644512 -0.4065295 1.1132020
v 0.3692135 -0.4078757 1.1115019
v 0.3766619 -0.4106180 1.1091123
v 0.3677483 -0.4117472 1.1089606
v 0.3682057 -0.4166065 1.1093037
v 0.3747849 -0.4186850 1.1078242
v 0.3751584 -0.4145839 1.1070809
v 0.3804347 -0.4202389 1.1072311
v 0.3806820 -0.4167778 1.1066460
v 0.3819791 -0.4136387 1.1084834
v 0.3847123 -0.4202323 1.1078499
v 0.3855179 -0.4229397 1.1091167
v 0.3869202 -0.4179530 1.1100710
v 0.3838593 -0.4177986 1.1073935
v 0.3850008 -0.4160497 1.1090581
v 0.3346691 -0.4094627 1.1008667
v 0.3326593 -0.4089913 1.0957809
v 0.3270748 -0.4073517 1.0981296
v 0.3293490 -0.4077500 1.1030688
v 0.3330000 -0.4192540 1.1063583
v 0.3346969 -0.4160560 1.1064902
v 0.3292982 -0.4139317 1.1092304
v 0.3269228 -0.4174741 1.1096855
v 0.3303930 -0.4224216 1.1030920
v 0.3236460 -0.4206411 1.1059080
v 0.3209697 -0.4153321 1.1124859
v 0.3238369 -0.4112257 1.1116703
v 0.3147924 -0.4068412 1.1144042
v 0.3118485 -0.4116564 1.1158461
v 0.3354035 -0.4125486 1.1044273
v 0.3301080 -0.4104492 1.1068460
v 0.3168492 -0.4091742 1.0948006
v 0.3186661 -0.4058546 1.0962901
v 0.3248444 -0.4091836 1.0944029
v 0.3231979 -0.4123700 1.0931857
v 0.3129940 -0.3991431 1.1079432
v 0.3100820 -0.3986248 1.1031775
v 0.3148729 -0.4023754 1.1115741
v 0.3155399 -0.4143164 1.0963348
v 0.3150301 -0.4185486 1.1014264
v 0.3051342 -0.4138485 1.1041533
v 0.3054112 -0.4088441 1.0995953
v 0.3247434 -0.4075023 1.1088894
v 0.3211982 -0.4037069 1.0998844
v 0.3236691 -0.4044743 1.1050058
v 0.3170509 -0.4184550 1.1082756
v 0.3215180 -0.4205903 1.0994000
v 0.3374707 -0.4228598 1.0898794
v 0.3278062 -0.4192505 1.0925136
v 0.3288184 -0.4146523 1.0905585
v 0.3381314 -0.4189018 1.0876911
v 0.3217788 -0.4169407 1.0944178
v 0.3282509 -0.4227082 1.0972388
v 0.3432833 -0.4124582 1.0970431
v 0.3412543 -0.4122912 1.0921870
v 0.3438069 -0.4152027 1.1004525
v 0.3075363 -0.4151533 1.1113921
v 0.3062198 -0.4035921 1.0974202
v 0.3422918 -0.4217913 1.1024639
v 0.3435744 -0.4186012 1.1025331
v 0.3303118 -0.4109667 1.0917244
v 0.3391832 -0.4147543 1.0884100
v 0.3378810 -0.4256032 1.0942206
v 0.3397047 -0.4250293 1.0997087
v 0.3443106 -0.4277580 1.0920341
v 0.3462378 -0.4269469 1.0972575
v 0.3489424 -0.4240223 1.1001816
v 0.3497831 -0.4203513 1.0998662
v 0.3493764 -0.4170468 1.0977771
v 0.3440707 -0.4251643 1.0878453
v 0.3443083 -0.4215391 1.0861784
v 0.3445548 -0.4171456 1.0868856
v 0.3487591 -0.4267567 1.0861334
v 0.3501315 -0.4293154 1.0900824
v 0.3654853 -0.4281174 1.0940497
v 0.3610805 -0.4265838 1.0960685
v 0.3603518 -0.4284787 1.0947047
v 0.3644666 -0.4302508 1.0934954
v 0.3550935 -0.4261623 1.0978415
v 0.3568238 -0.4280375 1.0958257
v 0.3546989 -0.4296479 1.0939186
v 0.3585394 -0.4313016 1.0926364
v 0.3562543 -0.4309342 1.0888674
v 0.3602593 -0.4324821 1.0874921
v 0.3626822 -0.4327701 1.0911823
v 0.3534023 -0.4302858 1.0909123
v 0.3669703 -0.4316125 1.0921474
v 0.3682266 -0.4300885 1.0916838
v 0.3513650 -0.4285647 1.0952748
v 0.3551130 -0.4217005 1.0979104
v 0.3608468 -0.4231428 1.0957433
v 0.3656950 -0.4252204 1.0930864
v 0.3680120 -0.4272631 1.0902035
v 0.3598640 -0.4202260 1.0935087
v 0.3646393 -0.4224640 1.0910215
v 0.3666943 -0.4245223 1.0885486
v 0.3582799 -0.4184960 1.0904372
v 0.3631272 -0.4211914 1.0884509
v 0.3523804 -0.4165466 1.0927668
v 0.3540256 -0.4184198 1.0958097
v 0.3651169 -0.4231789 1.0873935
v 0.3674288 -0.4321960 1.0881897
v 0.3672243 -0.4293350 1.0863060
v 0.3660762 -0.4337544 1.0898818
v 0.3547338 -0.4300681 1.0866467
v 0.3592557 -0.4313544 1.0852158
v 0.3540217 -0.4278985 1.0844309
v 0.3590739 -0.4293991 1.0833383
v 0.3635149 -0.4324755 1.0853943
v 0.3634232 -0.4334844 1.0871555
v 0.3480853 -0.4148576 1.0946279
v 0.3460514 -0.4147546 1.0905313
v 0.3504044 -0.4164745 1.0890005
v 0.3565982 -0.4187320 1.0865466
v 0.3488315 -0.4186879 1.0856142
v 0.3487981 -0.4229542 1.0848844
v 0.3540957 -0.4248136 1.0832972
v 0.3547469 -0.4211658 1.0836461
v 0.3591131 -0.4266518 1.0823951
v 0.3598248 -0.4236260 1.0825949
v 0.3615922 -0.4215381 1.0851383
v 0.3630983 -0.4274749 1.0829649
v 0.3633932 -0.4302033 1.0837372
v 0.3659758 -0.4264170 1.0853494
v 0.3625794 -0.4251348 1.0830053
v 0.3643204 -0.4240399 1.0850565
v 0.3075227 -0.4005307 1.0994705
v 0.3055376 -0.4113522 1.0777424
v 0.3033343 -0.4100192 1.0745368
v 0.2999634 -0.4082109 1.0773082
v 0.3019475 -0.4094598 1.0803907
v 0.3040422 -0.4213954 1.0815026
v 0.3062781 -0.4179969 1.0820916
v 0.3026006 -0.4158750 1.0853630
v 0.3000515 -0.4196188 1.0849954
v 0.3003402 -0.4226003 1.0776508
v 0.2961230 -0.4209467 1.0809055
v 0.2958433 -0.4166014 1.0887069
v 0.2987223 -0.4127450 1.0889731
v 0.2921395 -0.4077250 1.0940453
v 0.2886335 -0.4117215 1.0947047
v 0.2785692 -0.3995765 1.0825211
v 0.2811858 -0.3962064 1.0844748
v 0.2867553 -0.4000832 1.0811115
v 0.2836969 -0.4024844 1.0791663
v 0.3066281 -0.4143015 1.0804077
v 0.3030879 -0.4121203 1.0834059
v 0.2910994 -0.4074316 1.0746160
v 0.2940109 -0.4052780 1.0765921
v 0.2975142 -0.4084313 1.0742816
v 0.2950315 -0.4103888 1.0722262
v 0.2847244 -0.3946995 1.0874571
v 0.2889693 -0.3951724 1.0911699
v 0.2919958 -0.4006548 1.0881428
v 0.2897874 -0.3995593 1.0840978
v 0.2930189 -0.4035451 1.0909155
v 0.2890528 -0.4112414 1.0751403
v 0.2891848 -0.4157184 1.0788044
v 0.2807697 -0.4106726 1.0834621
v 0.2816593 -0.4062601 1.0798962
v 0.2994137 -0.4090947 1.0863393
v 0.2965129 -0.4050466 1.0797879
v 0.2986891 -0.4064418 1.0834051
v 0.2916458 -0.4182779 1.0845678
v 0.2937619 -0.4184840 1.0757855
v 0.3024388 -0.4188458 1.0660265
v 0.2969274 -0.4162278 1.0697939
v 0.2981102 -0.4123509 1.0691548
v 0.3031793 -0.4152940 1.0654312
v 0.2934495 -0.4141779 1.0725586
v 0.2976949 -0.4202609 1.0728721
v 0.3108639 -0.4140133 1.0740839
v 0.3082741 -0.4123688 1.0708160
v 0.3118174 -0.4169496 1.0765188
v 0.2836112 -0.4141758 1.0906718
v 0.3096212 -0.4236043 1.0774661
v 0.3116979 -0.4203159 1.0778867
v 0.3007358 -0.4102632 1.0713864
v 0.3054772 -0.4129538 1.0674385
v 0.3033670 -0.4225845 1.0690995
v 0.3060120 -0.4246494 1.0738906
v 0.3080089 -0.4248916 1.0660314
v 0.3105642 -0.4269612 1.0709275
v 0.3141191 -0.4255192 1.0745470
v 0.3157187 -0.4221051 1.0752522
v 0.3154080 -0.4187471 1.0739273
v 0.3071318 -0.4211522 1.0631565
v 0.3076668 -0.4177709 1.0631731
v 0.3092495 -0.4154518 1.0653763
v 0.3112857 -0.4230385 1.0614726
v 0.3127601 -0.4270028 1.0639827
v 0.3268015 -0.4283883 1.0672253
v 0.3234630 -0.4273495 1.0696036
v 0.3223647 -0.4288153 1.0681975
v 0.3254336 -0.4299805 1.0666859
v 0.3185188 -0.4270919 1.0715760
v 0.3192195 -0.4283489 1.0694757
v 0.3168301 -0.4288808 1.0675359
v 0.3198450 -0.4303382 1.0661777
v 0.3178193 -0.4292714 1.0627727
v 0.3211327 -0.4306821 1.0609398
v 0.3230740 -0.4319391 1.0645246
v 0.3155568 -0.4288718 1.0647056
v 0.3273721 -0.4313953 1.0653622
v 0.3286940 -0.4300057 1.0647897
v 0.3143485 -0.4282635 1.0688397
v 0.3192791 -0.4237000 1.0726277
v 0.3238820 -0.4250883 1.0698757
v 0.3276148 -0.4264800 1.0667652
v 0.3290376 -0.4276672 1.0635930
v 0.3229266 -0.4224730 1.0690368
v 0.3269055 -0.4242367 1.0658009
v 0.3281880 -0.4255382 1.0628198
v 0.3212768 -0.4200567 1.0672054
v 0.3253516 -0.4223259 1.0643212
v 0.3170110 -0.4179036 1.0695965
v 0.3187440 -0.4206269 1.0717209
v 0.3271364 -0.4240451 1.0625012
v 0.3274129 -0.4310184 1.0612679
v 0.3277900 -0.4283298 1.0604730
v 0.3258228 -0.4329277 1.0627413
v 0.3165205 -0.4277775 1.0608108
v 0.3207787 -0.4290156 1.0588265
v 0.3157770 -0.4247653 1.0595923
v 0.3209383 -0.4264221 1.0579154
v 0.3244066 -0.4302537 1.0588941
v 0.3236689 -0.4318471 1.0602027
v 0.3140427 -0.4160401 1.0717062
v 0.3116024 -0.4147298 1.0685654
v 0.3146632 -0.4165364 1.0666632
v 0.3191350 -0.4187008 1.0643987
v 0.3126475 -0.4172422 1.0635790
v 0.3113594 -0.4195048 1.0615057
v 0.3162647 -0.4218252 1.0595009
v 0.3174705 -0.4193681 1.0612707
v 0.3213428 -0.4239267 1.0583035
v 0.3223737 -0.4220245 1.0596853
v 0.3237495 -0.4214283 1.0621523
v 0.3251473 -0.4255028 1.0588769
v 0.3249921 -0.4277986 1.0583915
v 0.3273006 -0.4259453 1.0605570
v 0.3250090 -0.4238686 1.0596078
v 0.3262740 -0.4239228 1.0609752
v 0.2776529 -0.4032128 1.0825222
v 0.2949678 -0.3496767 1.1800184
v 0.2967126 -0.3499542 1.1749995
v 0.2945318 -0.3353264 1.1684331
v 0.2966600 -0.3416215 1.1684451
v 0.2918899 -0.3310871 1.1725166
v 0.2900949 -0.3333425 1.1822903
v 0.2906703 -0.3307633 1.1778554
v 0.2976504 -0.3473570 1.1709438
v 0.2927957 -0.3457759 1.1846557
v 0.2906207 -0.3388945 1.1855963
v 0.3025151 -0.3436613 1.1876459
v 0.3007218 -0.3365218 1.1887399
v 0.2997282 -0.3303991 1.1852122
v 0.2991321 -0.3282647 1.1799186
v 0.2992299 -0.3291478 1.1745217
v 0.3038263 -0.3483712 1.1830559
v 0.3045709 -0.3487038 1.1775587
v 0.3040170 -0.3452257 1.1729112
v 0.3125170 -0.3467649 1.1857340
v 0.3142918 -0.3415691 1.1907179
v 0.3213123 -0.3256252 1.1905950
v 0.3162272 -0.3262440 1.1890946
v 0.3173199 -0.3287063 1.1922298
v 0.3210418 -0.3276947 1.1940365
v 0.3104926 -0.3282647 1.1884508
v 0.3145617 -0.3300793 1.1915445
v 0.3156618 -0.3343609 1.1928600
v 0.3184121 -0.3336109 1.1947694
v 0.3171749 -0.3384021 1.1931676
v 0.3200570 -0.3389677 1.1946751
v 0.3220621 -0.3324056 1.1969310
v 0.3246267 -0.3278376 1.1955030
v 0.3258389 -0.3315252 1.1974927
v 0.3259898 -0.3266881 1.1927876
v 0.3113797 -0.3352041 1.1909263
v 0.3074760 -0.3263256 1.1825364
v 0.3151528 -0.3252535 1.1847982
v 0.3221347 -0.3250888 1.1866936
v 0.3271533 -0.3273289 1.1887702
v 0.3154394 -0.3266948 1.1796544
v 0.3226658 -0.3276511 1.1826783
v 0.3267314 -0.3296510 1.1852203
v 0.3164803 -0.3311458 1.1761905
v 0.3229727 -0.3314280 1.1805334
v 0.3069671 -0.3319599 1.1725305
v 0.3065176 -0.3274194 1.1767871
v 0.3259291 -0.3318049 1.1831666
v 0.3290059 -0.3312241 1.1948152
v 0.3295432 -0.3322422 1.1903198
v 0.3206171 -0.3423054 1.1918321
v 0.3235100 -0.3379616 1.1962517
v 0.3250454 -0.3408185 1.1933583
v 0.3201350 -0.3449837 1.1877503
v 0.3256928 -0.3420444 1.1893145
v 0.3282188 -0.3374358 1.1947434
v 0.3262214 -0.3359931 1.1975505
v 0.3003629 -0.3329786 1.1707663
v 0.3023901 -0.3391005 1.1705258
v 0.3089770 -0.3385146 1.1722612
v 0.3173379 -0.3369035 1.1758041
v 0.3103424 -0.3444797 1.1752163
v 0.3117497 -0.3479693 1.1799640
v 0.3199463 -0.3453173 1.1826765
v 0.3190198 -0.3424526 1.1781961
v 0.3256490 -0.3417399 1.1851669
v 0.3246181 -0.3393368 1.1819310
v 0.3237744 -0.3355379 1.1803623
v 0.3281524 -0.3376592 1.1866073
v 0.3288629 -0.3378059 1.1905180
v 0.3284442 -0.3333591 1.1865423
v 0.3269455 -0.3371544 1.1841184
v 0.3267597 -0.3343542 1.1836081
v 0.2765328 -0.3925244 1.0858256
v 0.2806288 -0.3900079 1.0899982
v 0.2737615 -0.3864645 1.0919749
v 0.2655104 -0.3824410 1.0936546
v 0.2556859 -0.3836197 1.0914635
v 0.2683176 -0.3803392 1.0997941
v 0.2765898 -0.3846329 1.0978622
v 0.2857870 -0.3892886 1.0959479
v 0.2640118 -0.3759065 1.1066828
v 0.0178109 -0.2263256 1.5316387
v 0.0211647 -0.2278163 1.5316427
v 0.0177073 -0.2236207 1.5260111
v 0.0152474 -0.2226986 1.5271105
v 0.0249113 -0.2249777 1.5243830
v 0.0208775 -0.2246863 1.5248270
v 0.0258707 -0.2286266 1.5312641
v 0.0309219 -0.2275784 1.5303653
v 0.0375562 -0.2226871 1.5265200
v 0.0389899 -0.2222898 1.5250736
v 0.0380480 -0.2224362 1.5242338
v 0.0359124 -0.2227384 1.5244617
v 0.0324516 -0.2240366 1.5242449
v 0.0126191 -0.2214483 1.5306058
v 0.0136562 -0.2227172 1.5312119
v 0.0155295 -0.2244986 1.5318206
v 0.0287693 -0.2249008 1.5241913
v 0.0134474 -0.2216136 1.5283706
v 0.0125961 -0.2210331 1.5295364
v 0.0348594 -0.2249794 1.5292688
v 0.0248292 -0.2260558 1.5264652
v 0.0210254 -0.2256578 1.5271565
v 0.0252663 -0.2274389 1.5289834
v 0.0297800 -0.2269322 1.5283815
v 0.0345920 -0.2237633 1.5254202
v 0.0323442 -0.2248545 1.5258064
v 0.0179299 -0.2245542 1.5278657
v 0.0289295 -0.2259533 1.5261420
v 0.0210295 -0.2265873 1.5295327
v 0.0333218 -0.2253577 1.5275673
v 0.0354677 -0.2239820 1.5264428
v 0.0134925 -0.2220156 1.5300225
v 0.0134248 -0.2218592 1.5295846
v 0.0161009 -0.0951982 1.3239836
v 0.0169466 -0.0939227 1.3047453
v 0.0181098 -0.2254215 1.5296716
v 0.0142763 -0.2225308 1.5291200
v 0.0158450 -0.2234884 1.5284642
v 0.0159144 -0.2239558 1.5300495
v 0.0143969 -0.2227766 1.5301749
v -0.0444247 -0.2121176 1.2683161
v -0.0478858 -0.2255345 1.2774072
v -0.0925327 -0.2579393 1.2805599
v -0.1146263 -0.2557634 1.2743675
v 0.0107718 -0.1211688 1.0877460
v -0.1699618 0.0183313 1.1178152
v -0.1786433 0.0193659 1.1404646
v -0.1307794 0.0879726 1.1444919
v -0.1462740 0.0740401 1.1364365
v -0.1201925 -0.0915633 1.1006474
v -0.1242612 -0.0876752 1.1171035
v -0.0480651 -0.1123984 1.0988695
v -0.0536129 -0.1073626 1.1151682
v -0.0925166 -0.1091853 1.0831205
v -0.1446983 0.0481564 1.0856218
v -0.1539491 0.0292402 1.0828301
v -0.1579759 0.0343963 1.1021439
v -0.1502561 0.0534459 1.1058698
v -0.1125542 0.0977900 1.1515854
v -0.1041179 0.0927165 1.1241437
v -0.1497781 -0.0721936 1.1379596
v -0.1679573 -0.0526734 1.1410301
v -0.1839005 -0.0065808 1.1546262
v -0.1854724 0.0156472 1.1641947
v -0.1816329 0.0356347 1.1755635
v -0.1732135 0.0547101 1.1875213
v -0.0345317 -0.1061953 1.1334662
v -0.0163342 -0.1001987 1.1524838
v -0.1266921 -0.0866632 1.1354089
v 0.0337257 -0.0899370 1.1427843
v -0.1681500 0.0661731 1.2371127
v -0.1503049 0.0842015 1.2438403
v -0.1784644 -0.0300567 1.1468741
v 0.0107212 -0.0977086 1.2587260
v -0.0003166 -0.1080548 1.2603689
v 0.0021323 -0.1070205 1.2462017
v 0.0121722 -0.0961223 1.2445875
v -0.0089851 -0.1164310 1.2474221
v -0.0207268 -0.1245035 1.2485078
v -0.0323744 -0.1311475 1.2494977
v -0.0640411 -0.1422998 1.2493336
v -0.0543009 -0.1400872 1.2498644
v -0.0835143 -0.1412358 1.2462854
v -0.0734277 -0.1428148 1.2481849
v -0.0969900 -0.1357363 1.2417478
v -0.1121870 -0.1261502 1.2379680
v -0.1258539 -0.1186851 1.2490207
v -0.1281485 -0.1148971 1.2350164
v -0.1132156 -0.1245190 1.2251730
v -0.0983346 -0.1327547 1.2295918
v -0.0853640 -0.1378076 1.2333709
v 0.0208328 -0.0809216 1.2032088
v 0.0229139 -0.0821171 1.2196844
v 0.0156270 -0.0963295 1.3419836
v 0.0263163 -0.3302270 1.1069702
v 0.1539543 -0.3520261 1.1716726
v -0.0696142 -0.0071455 1.4379455
v -0.0863145 -0.0240528 1.4388188
v -0.1261486 -0.0815395 1.4358154
v -0.1229403 -0.1043606 1.4324294
v -0.1215667 -0.0562036 1.4355820
v -0.1086238 -0.0354464 1.4342668
v -0.1017533 -0.0941396 1.1511879
v -0.1049965 -0.0035823 1.4161041
v -0.1170079 -0.0291400 1.4270188
v -0.1325577 -0.0507260 1.4284283
v -0.1396330 -0.0776362 1.4270732
v -0.1396015 -0.1070294 1.4240956
v -0.1458259 -0.1232393 1.4171283
v -0.1656250 -0.1359504 1.3948288
v -0.1663154 -0.1487101 1.3888298
v -0.1661746 -0.1624302 1.3816714
v -0.1513704 -0.1729154 1.3900972
v -0.1515238 -0.1596863 1.3975978
v -0.1365133 -0.2348453 1.3003214
v -0.1327607 -0.2396690 1.2823468
v -0.1342282 -0.2391238 1.2667015
v -0.1370477 -0.2340859 1.2535613
v -0.1403567 -0.2237000 1.2450673
v -0.1432893 -0.2095664 1.2423679
v -0.1470021 -0.1929484 1.2469106
v -0.1599398 -0.1512047 1.2745603
v -0.1657315 -0.1371272 1.2835517
v -0.1845343 -0.0977458 1.2917182
v -0.1900407 -0.0853548 1.2919176
v -0.2007128 -0.0439546 1.2805628
v -0.2006623 -0.0220639 1.2683902
v -0.1995810 -0.0018207 1.2506884
v -0.1547878 0.0358677 0.9909266
v -0.1644666 0.0156047 0.9932510
v -0.1591638 0.0174951 1.0118679
v -0.1486413 0.0367185 1.0088670
v -0.1104862 0.0696678 1.0460722
v -0.0911786 0.0831666 1.0464632
v -0.1586155 -0.0544139 1.0147783
v -0.1464557 -0.0772369 1.0128705
v -0.1646535 -0.0052848 1.0134788
v -0.1647912 -0.0292000 1.0145591
v -0.1274623 -0.0969597 1.0093152
v -0.0277022 -0.1309975 0.9891470
v -0.0013448 -0.1303598 0.9844884
v 0.0457005 -0.1207141 0.9780381
v 0.0651607 -0.1113009 0.9768483
v -0.1062579 -0.1114426 1.0046244
v 0.0236817 -0.1271592 0.9806965
v -0.0826446 -0.1213399 0.9990780
v -0.0564874 -0.1276729 0.9938310
v -0.1270941 0.0550837 1.0458210
v -0.1304044 0.0541240 1.0256250
v -0.1439089 0.0377314 1.0268111
v -0.1394086 0.0566909 1.3381549
v -0.1575740 0.0399068 1.3371430
v -0.1715017 0.0188650 1.3376085
v -0.1766629 -0.0136080 1.3568968
v -0.1820087 -0.0050903 1.3400698
v -0.1885812 -0.0296643 1.3387155
v -0.1840901 -0.0370623 1.3531923
v -0.1872974 -0.0788587 1.3420113
v -0.1887314 -0.0754931 1.3318904
v -0.1880251 -0.0893893 1.3289473
v -0.1873769 -0.0932452 1.3381916
v -0.1878332 -0.1023004 1.3248314
v -0.1874014 -0.1168284 1.3185889
v -0.1830407 -0.1324838 1.3113225
v -0.1782665 -0.1486512 1.3031134
v -0.1821711 -0.1595248 1.3229855
v -0.1861201 -0.1438447 1.3313218
v -0.1853267 -0.0849069 1.3524823
v -0.1836464 -0.0653433 1.3593133
v -0.1235998 0.0339937 1.3716262
v -0.1047715 0.0493004 1.3692361
v -0.1432630 -0.1056031 1.2365397
v -0.1590709 -0.0955922 1.2391102
v -0.1730980 -0.0865601 1.2449769
v -0.1830438 -0.0780410 1.2529135
v -0.1914013 -0.0710640 1.2628783
v -0.1961832 -0.0646506 1.2743916
v -0.1947098 -0.0732200 1.2904815
v -0.1982644 -0.0599093 1.2866349
v -0.1946208 -0.0713420 1.3013356
v -0.1981616 -0.0565758 1.2994108
v -0.1966080 -0.0538599 1.3117300
v -0.1942470 -0.0522315 1.3240085
v -0.1904084 -0.0549688 1.3366267
v -0.1869335 -0.0595873 1.3480679
v -0.1802441 -0.0455290 1.3657981
v -0.1724416 -0.0245456 1.3706353
v -0.1562574 -0.0147273 1.3871044
v -0.1530480 -0.0246418 1.3983190
v -0.1598052 -0.0040073 1.3737119
v -0.1648313 0.0095285 1.3576922
v -0.0885653 -0.0838702 1.4489791
v -0.0825034 -0.0624116 1.4532808
v -0.1537085 -0.1945270 1.2625078
v -0.1538482 -0.1884014 1.2606347
v -0.1511092 -0.1907588 1.2548261
v -0.1493160 -0.2018342 1.2537892
v -0.1476979 -0.2124702 1.2572695
v -0.1534053 -0.2086630 1.2745665
v -0.1531296 -0.2026497 1.2666158
v -0.1460320 -0.2205783 1.2650623
v -0.1449787 -0.2253634 1.2760475
v -0.1532618 -0.2135613 1.2842195
v -0.1449287 -0.2270036 1.2884256
v -0.1532710 -0.2164381 1.2941965
v -0.1473021 -0.2246841 1.3014220
v -0.1533029 -0.2171986 1.3021269
v -0.1726969 -0.1874037 1.3313794
v -0.1664326 -0.1995377 1.3211301
v -0.1592291 -0.2102302 1.3104171
v -0.1718587 -0.1642905 1.2936438
v -0.1653634 -0.1788762 1.2847954
v -0.1592638 -0.1917342 1.2754513
v -0.1606434 -0.1970385 1.2839413
v -0.1672827 -0.1841433 1.2929536
v -0.1743444 -0.1696984 1.3022124
v -0.1298455 0.0449945 1.3580091
v -0.1493046 0.0291836 1.3584367
v -0.1882149 -0.1075345 1.3336396
v -0.1879262 -0.1211099 1.3287445
v -0.1856376 -0.1361786 1.3217728
v -0.1811608 -0.1536672 1.3125314
v -0.1883160 -0.1287241 1.3379861
v -0.1879337 -0.1144390 1.3435066
v -0.1865126 -0.0997577 1.3482983
v -0.1440191 0.0167599 1.3736147
v -0.1104441 0.0593662 1.3562737
v -0.0725865 -0.1853281 1.3536852
v -0.0862146 -0.1893214 1.3722981
v -0.1075056 -0.1901345 1.3855029
v -0.1307444 -0.1841947 1.3921167
v -0.0319832 -0.2694736 1.1361075
v -0.0969785 0.0887102 1.0982317
v -0.0919375 0.0852773 1.0732785
v -0.1110643 0.0739570 1.0695230
v -0.1302480 0.0973630 1.2519386
v -0.1202448 0.0704928 1.3399619
v -0.0409246 -0.1357079 1.2267110
v -0.0297538 -0.1309840 1.2271080
v -0.0310900 -0.1309079 1.2372077
v -0.0424792 -0.1357312 1.2372451
v -0.0632222 -0.1395602 1.2255950
v -0.0522876 -0.1385640 1.2262587
v -0.0538735 -0.1388791 1.2370106
v -0.0644620 -0.1402500 1.2365584
v -0.0737916 -0.1388072 1.2241685
v -0.0745924 -0.1403232 1.2356270
v -0.0500914 -0.1384272 1.2159547
v -0.0389874 -0.1354481 1.2165197
v -0.0282150 -0.1309076 1.2172548
v -0.0713169 -0.1378454 1.2141891
v -0.0613254 -0.1389776 1.2154979
v 0.0347863 -0.1814152 1.4113063
v 0.0365400 -0.1981875 1.4126608
v 0.0490947 -0.2253817 1.4502029
v 0.0496279 -0.2248032 1.4548742
v 0.0149332 -0.0970136 1.3680420
v 0.0164409 -0.1004940 1.3772990
v 0.0226606 -0.0833720 1.2317168
v 0.0208105 -0.0877273 1.2570152
v 0.0194494 -0.0905033 1.2708291
v 0.0178457 -0.0924976 1.2866371
v 0.0146738 -0.0970161 1.3564340
v 0.0213935 -0.0855150 1.2428809
v -0.1617924 -0.0819806 0.8355145
v -0.1587147 -0.0616534 0.8125941
v -0.1684508 -0.0504701 0.8388477
v -0.1643306 -0.0355078 0.8227843
v -0.1754587 -0.0498206 0.9093608
v -0.1733672 -0.0532885 0.8822130
v -0.1779732 -0.0450290 0.9360323
v -0.1573251 -0.0128287 0.8101868
v -0.1447097 0.0129892 0.8024180
v -0.1509664 0.0314829 0.8223727
v -0.1800236 -0.0169404 0.9295887
v -0.1784204 -0.0210237 0.9026287
v -0.1704746 -0.0307467 0.8424428
v -0.1709923 -0.0546136 0.8585780
v -0.1733437 -0.0284807 0.8560152
v -0.1621894 0.0056289 0.8273840
v -0.1683216 -0.0168292 0.8346583
v -0.1260786 0.0709999 0.9858329
v -0.1122389 0.0926843 0.9657747
v -0.1334382 0.0731513 0.9660992
v -0.1693772 -0.0076380 0.9968046
v -0.1708364 0.0143582 0.9755752
v -0.1719198 -0.0057052 0.8511752
v -0.1659691 0.0189770 0.8472804
v -0.1544619 0.0442378 0.8451566
v -0.1584316 0.0565040 0.9207797
v -0.1588122 0.0562963 0.8966042
v -0.1700617 0.0320373 0.8966466
v -0.1699574 0.0331538 0.9223179
v -0.1756716 0.0122933 0.9517165
v -0.1766023 0.0091880 0.9257040
v -0.1552715 0.0561672 0.9452557
v -0.1672349 0.0352645 0.9478378
v -0.1618922 0.0359037 0.9712540
v -0.1760685 0.0058289 0.8984609
v -0.1394337 0.0774304 0.8697391
v -0.1573680 0.0531039 0.8704386
v -0.1152468 0.0972388 0.8704761
v -0.1492401 0.0550628 0.9678769
v -0.1417515 0.0537255 0.9882913
v -0.1345626 0.0533174 1.0075065
v -0.1278551 0.0593147 1.0666367
v 0.0250837 -0.2842343 0.7213348
v 0.0159160 -0.0457858 0.7865244
v -0.0010052 -0.0278363 0.7820911
v -0.0950901 -0.1642929 0.9057106
v -0.1497417 -0.1261748 0.8669619
v -0.1634854 -0.0885471 0.8623646
v 0.0476147 -0.1008760 0.8211843
v 0.0405278 -0.0791351 0.8029238
v -0.0601323 -0.1743498 0.9084299
v 0.0094129 -0.1616855 0.8843994
v 0.0292183 -0.0612571 0.7929856
v -0.1764860 -0.0240715 0.8781211
v -0.1744934 0.0009123 0.8736605
v -0.1681134 0.0271245 0.8710539
v -0.1370329 0.0696550 0.8443401
v -0.1128624 0.0910214 0.8471133
v 0.0647548 -0.1031750 0.8585193
v 0.0673021 -0.1022874 0.8689572
v 0.0736650 -0.0971077 0.8658624
v 0.0719818 -0.0951188 0.8499842
v -0.0258260 -0.1294154 0.9720180
v 0.0017485 -0.1270683 0.9664249
v 0.0479936 -0.1155214 0.9591678
v 0.0659741 -0.1069406 0.9582416
v -0.1087522 -0.1144595 0.9899724
v 0.0263058 -0.1220122 0.9620038
v -0.0841455 -0.1241747 0.9838071
v -0.0565096 -0.1285573 0.9777833
v 0.0118365 -0.1924527 0.2817202
v 0.0166657 -0.1891641 0.2544404
v 0.0040096 -0.1817423 0.2568196
v 0.0003919 -0.1836554 0.2843284
v -0.0326129 -0.1834906 0.2856834
v -0.0196551 -0.1777162 0.2860615
v -0.0421615 -0.1936676 0.2829743
v -0.0375979 -0.1850036 0.2542688
v -0.0388456 -0.1976997 0.2503168
v -0.0452020 -0.2056763 0.2785821
v -0.0420504 -0.2179000 0.2752467
v -0.0293953 -0.2202503 0.2447714
v -0.0150201 -0.2318172 0.2439292
v -0.0204801 -0.2416415 0.2699975
v -0.0348307 -0.2297509 0.2726637
v -0.0005916 -0.2480719 0.2658983
v 0.0036222 -0.2390757 0.2411765
v 0.0170099 -0.2419879 0.2664424
v 0.0226455 -0.2046753 0.2776399
v 0.0289085 -0.2011388 0.2514789
v -0.0282263 -0.1752403 0.2572801
v -0.0146761 -0.1730267 0.2577162
v -0.0076230 -0.1776314 0.2852549
v -0.0048990 -0.1771495 0.2575476
v 0.0105618 -0.1777230 0.2299719
v 0.0256849 -0.1831598 0.2303467
v -0.0248873 -0.1679934 0.2308998
v -0.0112639 -0.1705827 0.2307049
v -0.0325490 -0.1900758 0.2246851
v -0.0347751 -0.1768764 0.2280340
v -0.0274051 -0.2150643 0.2182919
v -0.0354857 -0.2088491 0.2472521
v -0.0310262 -0.2026769 0.2211411
v -0.0129893 -0.2266613 0.2185429
v 0.0087091 -0.2346902 0.2182742
v 0.0380018 -0.1972148 0.2287875
v -0.0002146 -0.1740977 0.2305891
v 0.1411397 -0.3098228 0.1141679
v 0.1464386 -0.3052401 0.1144027
v 0.1443980 -0.3070485 0.1196568
v 0.1410292 -0.3100515 0.1185950
v 0.1702094 -0.2863661 0.1219495
v 0.1759559 -0.2752613 0.1218596
v 0.1764874 -0.2803944 0.1331767
v 0.1726480 -0.2883214 0.1323474
v 0.1606035 -0.2994079 0.1166161
v 0.1554358 -0.3049864 0.1146655
v 0.1541605 -0.3008917 0.1120377
v 0.1575535 -0.2973853 0.1134393
v 0.1053178 -0.3088389 0.1164240
v 0.0990847 -0.3124087 0.1144678
v 0.0994706 -0.3081504 0.1121727
v 0.1029350 -0.3063434 0.1117437
v 0.1272372 -0.3093466 0.1134062
v 0.1218728 -0.3119646 0.1121876
v 0.1212580 -0.3087659 0.1094173
v 0.1246922 -0.3064613 0.1095695
v 0.1528398 -0.2805248 0.1405552
v 0.1645375 -0.2872516 0.1369171
v 0.1703906 -0.2747893 0.1384152
v 0.1600133 -0.2676600 0.1460821
v 0.1711803 -0.2652937 0.1312589
v 0.1644024 -0.2685307 0.1237105
v 0.1542010 -0.2595990 0.1265700
v 0.1599695 -0.2566909 0.1370369
v 0.1585703 -0.2796549 0.1195160
v 0.1484167 -0.2721175 0.1221266
v 0.1464524 -0.2824486 0.1273801
v 0.1579859 -0.2919682 0.1250109
v 0.1380663 -0.2977165 0.1231840
v 0.1460955 -0.3056208 0.1172009
v 0.1503335 -0.3035370 0.1251815
v 0.1419615 -0.2964815 0.1323612
v 0.1563446 -0.2975752 0.1270436
v 0.1494468 -0.2883236 0.1343646
v 0.1498919 -0.2817319 0.1249972
v 0.1601390 -0.2910333 0.1214130
v 0.1540250 -0.2911385 0.1157611
v 0.1446725 -0.2822361 0.1191929
v 0.1393088 -0.2894121 0.1172966
v 0.1480523 -0.2975919 0.1131386
v 0.1262330 -0.3049633 0.1282089
v 0.1356687 -0.3084987 0.1213398
v 0.1407836 -0.3031666 0.1229766
v 0.1340045 -0.2978460 0.1300049
v 0.1436845 -0.2977664 0.1163761
v 0.1391727 -0.2998400 0.1120328
v 0.1320727 -0.2927922 0.1157018
v 0.1364258 -0.2920178 0.1205565
v 0.1258445 -0.2993493 0.1144991
v 0.1341925 -0.3050535 0.1099702
v 0.1246018 -0.3063163 0.1208151
v 0.1326145 -0.3105008 0.1147302
v 0.1049940 -0.3093070 0.1189907
v 0.1136376 -0.3125658 0.1132744
v 0.1161365 -0.3127407 0.1192474
v 0.1065818 -0.3102496 0.1258747
v 0.1210297 -0.3093461 0.1210075
v 0.1146186 -0.3062214 0.1268242
v 0.1246516 -0.3044670 0.1176019
v 0.1214089 -0.3024960 0.1109238
v 0.1143976 -0.2993147 0.1140982
v 0.1187801 -0.3028405 0.1212315
v 0.1160703 -0.3064787 0.1095844
v 0.1069858 -0.3030993 0.1132513
v 0.0850349 -0.3103309 0.1254164
v 0.0817358 -0.3082659 0.1185532
v 0.0919343 -0.3102906 0.1169161
v 0.0939456 -0.3112114 0.1223224
v 0.0987109 -0.3101948 0.1228735
v 0.0930423 -0.3085658 0.1269641
v 0.1020162 -0.3049845 0.1197380
v 0.0996201 -0.3019240 0.1131812
v 0.0939813 -0.2999351 0.1147438
v 0.0966627 -0.3046086 0.1218517
v 0.0942547 -0.3056938 0.1123020
v 0.0866834 -0.3028865 0.1146785
v 0.1488307 -0.2605649 0.1519037
v 0.1400168 -0.2757003 0.1425125
v 0.1706272 -0.2752548 0.1215742
v 0.1485045 -0.2490949 0.1405741
v 0.1671643 -0.2812262 0.1191952
v 0.1367815 -0.2685747 0.1235660
v 0.1425622 -0.2522816 0.1295229
v 0.1428458 -0.2772606 0.1288114
v 0.1554041 -0.3052671 0.1204725
v 0.1320605 -0.2897055 0.1242910
v 0.1252233 -0.2824319 0.1192537
v 0.1587841 -0.3018553 0.1216321
v 0.1281732 -0.2890200 0.1378445
v 0.1113923 -0.2967747 0.1339596
v 0.1435564 -0.3037606 0.1109479
v 0.1408408 -0.3060347 0.1101777
v 0.1099202 -0.2921851 0.1162700
v 0.1163114 -0.3029119 0.1224794
v 0.1215415 -0.3134853 0.1159492
v 0.0956868 -0.3068038 0.1215146
v 0.0923467 -0.2972108 0.1148264
v 0.1246354 -0.3109513 0.1175978
v 0.0923746 -0.3030870 0.1324992
v 0.0987118 -0.3122486 0.1184004
v 0.0700872 -0.3032142 0.1208737
v 0.0763332 -0.2990138 0.1141907
v 0.1018790 -0.3112949 0.1194474
v 0.0751790 -0.3061386 0.1297087
v 0.0284318 -0.2181029 0.2723670
v 0.0344947 -0.2147448 0.2479046
v 0.0264475 -0.2307756 0.2681189
v 0.0216539 -0.2349620 0.2417786
v 0.0313649 -0.2267515 0.2433544
v 0.0439422 -0.2140484 0.2259282
v 0.0270867 -0.2328045 0.2191057
v 0.0386430 -0.2268951 0.2219324
v -0.0287204 -0.2089831 0.1978954
v -0.0137843 -0.2225744 0.1971958
v -0.0302280 -0.1953031 0.2011891
v -0.0350475 -0.1691496 0.2076919
v -0.0335157 -0.1826961 0.2045393
v 0.0544173 -0.2165709 0.2067790
v 0.0454788 -0.1969108 0.2078591
v 0.0497324 -0.2320216 0.2038233
v 0.0349849 -0.2388881 0.2004130
v 0.1371964 -0.2496344 0.1592903
v 0.1199295 -0.2373512 0.1625111
v 0.1127444 -0.2550299 0.1686674
v 0.1272261 -0.2653534 0.1563606
v 0.0976185 -0.2673961 0.1632157
v 0.1133303 -0.2772808 0.1500040
v 0.0808212 -0.2755860 0.1565877
v 0.0963321 -0.2868318 0.1453391
v 0.0640616 -0.2806225 0.1494323
v 0.0782965 -0.2933176 0.1403196
v 0.0489802 -0.2826076 0.1396224
v 0.0624918 -0.2973262 0.1342761
v 0.0408776 -0.2819478 0.1270780
v 0.0555016 -0.2957178 0.1231200
v 0.1366998 -0.2379217 0.1446888
v 0.1196856 -0.2270567 0.1478430
v 0.1291024 -0.2408888 0.1309807
v 0.1121087 -0.2293142 0.1319732
v 0.1182016 -0.2534098 0.1262910
v 0.1007719 -0.2408405 0.1279742
v 0.0464442 -0.2764079 0.1160009
v 0.0623467 -0.2896312 0.1135024
v 0.1039814 -0.2656721 0.1219762
v 0.0863410 -0.2527464 0.1248188
v 0.0889298 -0.2754756 0.1173334
v 0.0713829 -0.2620722 0.1202011
v 0.0747026 -0.2830285 0.1140828
v 0.0577717 -0.2694883 0.1162776
v 0.0944640 -0.2398391 0.1777952
v 0.0809877 -0.2561120 0.1777127
v 0.0637059 -0.2626703 0.1703560
v 0.0472666 -0.2645175 0.1601431
v 0.0334866 -0.2641039 0.1466111
v 0.0256778 -0.2646181 0.1338019
v 0.0246965 -0.2484523 0.1738976
v 0.0159061 -0.2440833 0.1521112
v 0.0108779 -0.2447869 0.1381529
v -0.0029576 -0.2254218 0.1560708
v -0.0041705 -0.2251865 0.1416950
v -0.0312833 -0.1930560 0.1603180
v -0.0340000 -0.1922416 0.1442134
v -0.0205801 -0.2073597 0.1444597
v -0.0191636 -0.2073715 0.1592411
v 0.0020647 -0.2286076 0.1750653
v -0.0162775 -0.2127228 0.1784853
v -0.0277424 -0.1985877 0.1804130
v -0.0426534 -0.1658906 0.1487398
v -0.0408086 -0.1793907 0.1455136
v -0.0386462 -0.1815874 0.1618575
v -0.0429392 -0.1688359 0.1650846
v -0.0396353 -0.1520487 0.1688060
v -0.0359536 -0.1506023 0.1517223
v -0.0214080 -0.1453312 0.1702739
v -0.0194986 -0.1424073 0.1538486
v -0.0377558 -0.1753238 0.1852594
v -0.0331439 -0.1865115 0.1823385
v -0.0371408 -0.1606448 0.1888972
v -0.0214858 -0.1545574 0.1906686
v -0.0062351 -0.1627264 0.1894553
v -0.0037920 -0.1538899 0.1692291
v -0.0009931 -0.1475202 0.1540519
v 0.0980939 -0.2246026 0.1646766
v 0.0964911 -0.2177487 0.1519248
v 0.0474345 -0.2507566 0.1856078
v 0.0649110 -0.2431600 0.1917970
v 0.0712136 -0.2213931 0.1892382
v 0.0757847 -0.2089631 0.1694291
v 0.0715832 -0.2066329 0.1542353
v 0.0508594 -0.1932515 0.1551056
v 0.0549102 -0.1926410 0.1693368
v 0.0897061 -0.2197152 0.1395262
v 0.0650240 -0.2099576 0.1451897
v 0.0454756 -0.1958567 0.1468184
v 0.0353267 -0.1779648 0.1551785
v 0.0374991 -0.1782821 0.1691363
v 0.0223708 -0.1664267 0.1552639
v 0.0219766 -0.1695908 0.1698991
v 0.0095105 -0.1625879 0.1699406
v 0.0115927 -0.1569492 0.1548641
v 0.0190798 -0.1736530 0.1894723
v 0.0069762 -0.1683905 0.1898907
v 0.0353886 -0.1817691 0.1884559
v 0.0535776 -0.1962770 0.1888756
v 0.0298471 -0.2598062 0.1221684
v 0.0141255 -0.2414592 0.1278109
v -0.0012616 -0.2224962 0.1325093
v -0.0166145 -0.2039893 0.1339317
v -0.0273500 -0.1878634 0.1344735
v -0.0326403 -0.1761637 0.1358431
v -0.0286722 -0.1526678 0.1421689
v -0.0344492 -0.1645427 0.1386600
v -0.0168941 -0.1468623 0.1438143
v -0.0022763 -0.1513248 0.1430395
v 0.0090124 -0.1586438 0.1423453
v 0.0309096 -0.1797799 0.1453396
v 0.0194220 -0.1676443 0.1429509
v 0.0319368 -0.1806261 0.2085366
v 0.0156038 -0.1733634 0.2089136
v 0.0043692 -0.1694600 0.2098985
v -0.0214055 -0.1614752 0.2107674
v -0.0071537 -0.1663549 0.2100928
v 0.0793331 -0.2279659 0.1328675
v 0.0655672 -0.2384129 0.1293045
v 0.0514984 -0.2467985 0.1245790
v 0.0394923 -0.2535021 0.1211454
v 0.0217810 -0.2364381 0.1257583
v 0.0319011 -0.2300202 0.1285302
v 0.0442981 -0.2223517 0.1324876
v 0.0565126 -0.2150202 0.1382567
v 0.0066481 -0.2175267 0.1293297
v 0.0159986 -0.2119129 0.1309658
v 0.0268768 -0.2044713 0.1340537
v 0.0378781 -0.1993380 0.1393022
v 0.0235054 -0.1828473 0.1378861
v 0.0129003 -0.1868206 0.1341307
v 0.0028404 -0.1935527 0.1319653
v -0.0070344 -0.1986125 0.1312712
v -0.0171376 -0.1838902 0.1327391
v -0.0071763 -0.1796764 0.1335197
v 0.0025650 -0.1741229 0.1351834
v 0.0116133 -0.1706511 0.1375204
v -0.0222148 -0.1741356 0.1342214
v -0.0222934 -0.1573506 0.1381265
v -0.0240674 -0.1655381 0.1360950
v -0.0151235 -0.1526599 0.1389643
v -0.0054478 -0.1565832 0.1384445
v 0.0031030 -0.1628206 0.1377632
v -0.0042092 -0.1669091 0.1361207
v -0.0098122 -0.1616020 0.1370138
v -0.0128697 -0.1717236 0.1347346
v -0.0165431 -0.1652877 0.1361807
v -0.0145527 -0.1580487 0.1377848
v -0.0178653 -0.1599974 0.1372815
v 0.0128897 -0.2341401 0.1955099
v 0.0418777 -0.3188846 0.5458176
v 0.0461149 -0.3037346 0.5495095
v 0.0308576 -0.3319791 0.5468522
v -0.0259255 -0.1666552 0.9048247
v -0.0157096 -0.1203845 1.0847767
v -0.0296150 -0.1107714 1.1165244
v -0.0227417 -0.1153697 1.1004396
v -0.0202707 -0.1776138 0.8913222
v -0.1020788 -0.0949524 1.1334908
v -0.0435313 -0.1363455 1.2500555
v -0.0298692 -0.1488980 1.5441370
v -0.0290353 -0.1468234 1.5408111
v -0.0287598 -0.1438595 1.5386138
v -0.0289552 -0.1404782 1.5367793
v -0.0286956 -0.1371216 1.5354952
v -0.0268499 -0.1337238 1.5364183
v -0.0305349 -0.1418976 1.5408324
v -0.0274933 -0.1396066 1.5435430
v -0.0273920 -0.1415704 1.5449980
v -0.0302853 -0.1441886 1.5425203
f 2 3 1
f 1 3 4
f 3 2 5
f 5 2 6
f 3 7 4
f 4 7 8
f 10 11 9
f 9 11 12
f 14 15 13
f 13 15 16
f 18 19 17
f 17 19 20
f 22 23 21
f 21 23 24
f 26 18 25
f 25 18 17
f 27 28 17
f 17 28 25
f 30 31 29
f 29 31 32
f 34 35 33
f 33 35 36
f 21 24 37
f 37 24 38
f 40 31 39
f 39 31 38
f 34 33 28
f 28 33 25
f 41 42 44
f 44 42 43
f 36 45 33
f 33 45 25
f 46 47 49
f 49 47 48
f 51 52 50
f 50 52 53
f 55 53 54
f 54 53 52
f 57 58 56
f 56 58 59
f 61 62 60
f 60 62 63
f 65 66 64
f 64 66 67
f 69 70 68
f 68 70 71
f 65 73 72
f 72 73 74
f 64 75 65
f 65 75 73
f 77 78 76
f 76 78 79
f 80 81 83
f 83 81 82
f 81 85 84
f 84 85 86
f 88 89 87
f 87 89 69
f 88 87 90
f 90 87 91
f 93 94 92
f 92 94 95
f 96 84 43
f 43 84 44
f 51 98 97
f 97 98 86
f 97 99 51
f 51 99 52
f 54 52 100
f 100 52 99
f 58 101 59
f 59 101 102
f 62 103 63
f 63 103 104
f 105 106 6
f 6 106 5
f 108 109 107
f 107 109 110
f 112 113 111
f 111 113 114
f 116 117 115
f 115 117 118
f 120 121 119
f 119 121 122
f 124 125 123
f 123 125 126
f 128 129 127
f 127 129 130
f 130 131 127
f 127 131 132
f 134 1 133
f 133 1 135
f 1 4 135
f 135 4 136
f 4 8 136
f 136 8 137
f 138 139 15
f 15 139 140
f 140 139 141
f 141 139 142
f 144 57 143
f 143 57 56
f 145 146 141
f 141 146 147
f 146 149 148
f 148 149 150
f 152 153 151
f 151 153 154
f 141 147 140
f 140 147 155
f 157 11 156
f 156 11 158
f 160 161 159
f 159 161 162
f 164 165 163
f 163 165 166
f 165 160 166
f 166 160 159
f 168 169 167
f 167 169 170
f 169 171 170
f 170 171 172
f 149 173 150
f 150 173 174
f 175 176 149
f 149 176 173
f 178 172 177
f 177 172 171
f 180 181 179
f 179 181 182
f 184 180 183
f 183 180 179
f 186 187 185
f 185 187 188
f 190 191 189
f 189 191 192
f 7 193 8
f 8 193 194
f 196 162 195
f 195 162 161
f 197 168 198
f 198 168 167
f 181 199 182
f 182 199 200
f 202 203 201
f 201 203 204
f 187 186 205
f 205 186 206
f 208 209 207
f 207 209 210
f 212 213 211
f 211 213 214
f 215 216 218
f 218 216 217
f 220 209 219
f 219 209 208
f 204 186 221
f 221 186 185
f 201 204 222
f 222 204 221
f 223 211 220
f 220 211 209
f 224 225 214
f 214 225 210
f 203 206 204
f 204 206 186
f 227 187 226
f 226 187 205
f 27 228 21
f 21 228 22
f 230 231 229
f 229 231 232
f 234 235 233
f 233 235 236
f 238 239 237
f 237 239 240
f 119 122 118
f 118 122 115
f 112 242 241
f 241 242 243
f 98 51 244
f 244 51 50
f 245 138 14
f 14 138 15
f 11 10 158
f 158 10 246
f 89 85 69
f 69 85 70
f 11 157 12
f 12 157 247
f 249 164 248
f 248 164 163
f 177 250 178
f 178 250 251
f 253 254 252
f 252 254 255
f 187 227 188
f 188 227 256
f 212 257 213
f 213 257 258
f 260 134 259
f 259 134 133
f 165 164 135
f 135 164 133
f 160 165 136
f 136 165 135
f 136 137 160
f 160 137 161
f 137 261 161
f 161 261 195
f 263 264 262
f 262 264 265
f 13 16 266
f 266 16 267
f 268 267 155
f 155 267 16
f 147 269 155
f 155 269 268
f 162 196 167
f 167 196 198
f 167 170 162
f 162 170 159
f 170 172 159
f 159 172 166
f 172 178 166
f 166 178 163
f 178 251 163
f 163 251 248
f 168 270 169
f 169 270 271
f 272 273 171
f 171 273 177
f 271 272 169
f 169 272 171
f 168 197 270
f 270 197 274
f 250 177 275
f 275 177 273
f 277 45 276
f 276 45 278
f 280 281 279
f 279 281 282
f 284 104 283
f 283 104 103
f 285 215 286
f 286 215 218
f 288 289 287
f 287 289 290
f 291 80 66
f 66 80 83
f 293 294 292
f 292 294 295
f 73 91 74
f 74 91 87
f 91 73 92
f 92 73 75
f 279 77 280
f 280 77 76
f 80 291 70
f 70 291 71
f 277 47 96
f 96 47 82
f 297 175 296
f 296 175 149
f 299 154 298
f 298 154 153
f 225 300 210
f 210 300 207
f 224 301 206
f 206 301 205
f 210 209 214
f 214 209 211
f 226 205 302
f 302 205 301
f 304 305 303
f 303 305 306
f 308 309 307
f 307 309 310
f 72 291 65
f 65 291 66
f 66 83 67
f 67 83 46
f 312 313 311
f 311 313 314
f 316 317 315
f 315 317 36
f 29 318 35
f 35 318 319
f 321 32 320
f 320 32 322
f 311 314 323
f 323 314 324
f 315 325 316
f 316 325 326
f 318 287 319
f 319 287 290
f 328 321 327
f 327 321 320
f 329 330 39
f 39 330 331
f 332 333 40
f 40 333 322
f 309 334 285
f 285 334 335
f 236 2 134
f 134 2 1
f 260 336 233
f 233 336 337
f 237 14 265
f 265 14 13
f 84 86 44
f 44 86 98
f 189 192 7
f 7 192 193
f 44 98 41
f 41 98 244
f 237 240 14
f 14 240 245
f 7 3 189
f 189 3 5
f 338 71 72
f 72 71 291
f 262 265 266
f 266 265 13
f 124 123 339
f 339 123 105
f 123 109 105
f 105 109 106
f 189 5 190
f 190 5 106
f 111 114 12
f 12 114 9
f 264 340 265
f 265 340 237
f 342 343 341
f 341 343 344
f 6 235 105
f 105 235 339
f 234 346 345
f 345 346 347
f 349 350 348
f 348 350 351
f 107 352 108
f 108 352 353
f 355 356 354
f 354 356 357
f 237 340 238
f 238 340 358
f 12 247 111
f 111 247 359
f 264 263 116
f 116 263 360
f 361 362 222
f 222 362 201
f 364 365 363
f 363 365 366
f 368 369 367
f 367 369 370
f 372 373 371
f 371 373 374
f 375 376 372
f 372 376 377
f 378 379 381
f 381 379 380
f 382 383 269
f 269 383 268
f 150 174 365
f 365 174 384
f 380 377 381
f 381 377 376
f 271 270 180
f 180 270 181
f 273 272 252
f 252 272 184
f 272 271 184
f 184 271 180
f 181 270 274
f 252 255 273
f 273 255 275
f 254 385 255
f 255 385 386
f 387 388 179
f 179 388 183
f 389 387 182
f 182 387 179
f 182 200 389
f 389 200 390
f 388 391 183
f 183 391 253
f 391 392 253
f 253 392 254
f 394 379 393
f 393 379 378
f 185 188 395
f 395 188 396
f 221 185 397
f 397 185 395
f 222 221 398
f 398 221 397
f 188 256 396
f 396 256 399
f 400 401 256
f 256 401 399
f 402 403 405
f 405 403 404
f 148 150 364
f 364 150 365
f 393 406 394
f 394 406 407
f 158 246 393
f 393 246 406
f 342 19 238
f 238 19 239
f 23 22 350
f 350 22 354
f 244 50 245
f 245 50 138
f 55 142 53
f 53 142 139
f 145 144 296
f 296 144 143
f 355 228 341
f 341 228 20
f 41 240 42
f 42 240 239
f 283 308 284
f 284 308 307
f 349 409 408
f 408 409 410
f 244 245 41
f 41 245 240
f 268 383 406
f 406 383 407
f 346 411 349
f 349 411 409
f 251 412 248
f 248 412 413
f 275 414 250
f 250 414 415
f 25 45 26
f 26 45 277
f 43 26 96
f 96 26 277
f 416 417 61
f 61 417 62
f 329 24 408
f 408 24 23
f 31 40 32
f 32 40 322
f 39 38 329
f 329 38 24
f 37 38 30
f 30 38 31
f 418 419 421
f 421 419 420
f 78 295 79
f 79 295 294
f 124 339 422
f 422 339 345
f 232 131 357
f 357 131 351
f 2 236 6
f 6 236 235
f 252 184 253
f 253 184 183
f 227 423 256
f 256 423 400
f 423 227 305
f 305 227 226
f 424 258 425
f 425 258 257
f 426 427 212
f 212 427 257
f 259 133 249
f 249 133 164
f 419 418 428
f 428 418 429
f 327 430 328
f 328 430 288
f 49 431 46
f 46 431 67
f 306 302 424
f 424 302 258
f 313 432 314
f 314 432 433
f 32 321 29
f 29 321 318
f 324 314 433
f 287 318 328
f 328 318 321
f 134 260 236
f 236 260 233
f 345 339 234
f 234 339 235
f 357 351 354
f 354 351 350
f 408 23 349
f 349 23 350
f 317 278 36
f 36 278 45
f 432 313 429
f 429 313 428
f 435 428 434
f 434 428 313
f 42 239 18
f 18 239 19
f 43 42 26
f 26 42 18
f 121 120 436
f 436 120 437
f 302 301 258
f 258 301 213
f 110 109 126
f 126 109 123
f 238 358 342
f 342 358 343
f 341 20 342
f 342 20 19
f 322 438 320
f 320 438 439
f 320 439 327
f 327 439 430
f 333 440 322
f 322 440 438
f 289 288 323
f 323 288 430
f 115 340 116
f 116 340 264
f 146 145 149
f 149 145 296
f 15 140 16
f 16 140 155
f 441 442 152
f 152 442 153
f 225 224 203
f 203 224 206
f 175 297 154
f 154 297 151
f 293 443 294
f 294 443 444
f 248 413 249
f 249 413 445
f 446 447 400
f 400 447 401
f 388 387 396
f 396 387 395
f 387 389 395
f 395 389 397
f 391 388 399
f 399 388 396
f 401 392 399
f 399 392 391
f 255 386 275
f 275 386 414
f 449 450 448
f 448 450 451
f 335 452 285
f 285 452 215
f 453 298 442
f 442 298 153
f 211 223 212
f 212 223 426
f 425 257 454
f 454 257 427
f 266 10 262
f 262 10 9
f 360 113 456
f 456 113 455
f 8 194 137
f 137 194 261
f 10 266 246
f 246 266 267
f 203 202 225
f 225 202 300
f 262 9 263
f 263 9 114
f 108 353 190
f 190 353 191
f 389 390 397
f 397 390 398
f 457 422 128
f 128 422 129
f 156 158 378
f 378 158 393
f 347 346 348
f 348 346 349
f 447 458 401
f 401 458 392
f 364 382 148
f 148 382 269
f 55 54 57
f 57 54 58
f 75 64 459
f 459 64 460
f 100 90 101
f 101 90 95
f 101 58 100
f 100 58 54
f 142 55 144
f 144 55 57
f 147 146 269
f 269 146 148
f 459 93 75
f 75 93 92
f 144 145 142
f 142 145 141
f 228 27 20
f 20 27 17
f 154 299 175
f 175 299 176
f 214 213 224
f 224 213 301
f 424 461 306
f 306 461 303
f 285 286 309
f 309 286 310
f 462 334 308
f 308 334 309
f 302 306 226
f 226 306 305
f 37 28 21
f 21 28 27
f 29 35 30
f 30 35 34
f 30 34 37
f 37 34 28
f 344 436 356
f 356 436 229
f 325 290 326
f 326 290 289
f 311 439 312
f 312 439 438
f 35 319 36
f 36 319 315
f 439 311 430
f 430 311 323
f 315 319 325
f 325 319 290
f 440 463 438
f 438 463 312
f 341 344 355
f 355 344 356
f 360 456 116
f 116 456 117
f 354 22 355
f 355 22 228
f 326 289 324
f 324 289 323
f 74 87 68
f 68 87 69
f 50 53 138
f 138 53 139
f 268 406 267
f 267 406 246
f 190 106 108
f 108 106 109
f 241 455 112
f 112 455 113
f 358 122 343
f 343 122 121
f 129 347 130
f 130 347 348
f 348 351 130
f 130 351 131
f 229 232 356
f 356 232 357
f 340 115 358
f 358 115 122
f 111 359 112
f 112 359 242
f 125 124 457
f 457 124 422
f 231 132 232
f 232 132 131
f 343 121 344
f 344 121 436
f 263 114 360
f 360 114 113
f 347 129 345
f 345 129 422
f 230 229 437
f 437 229 436
f 464 446 423
f 423 446 400
f 465 466 468
f 468 466 467
f 470 471 469
f 469 471 472
f 469 472 373
f 373 472 374
f 474 469 473
f 473 469 373
f 471 475 472
f 472 475 476
f 472 477 374
f 374 477 478
f 477 472 476
f 479 480 476
f 476 480 477
f 473 373 377
f 377 373 372
f 481 482 479
f 479 482 480
f 483 484 481
f 481 484 482
f 403 402 485
f 485 402 486
f 487 488 483
f 483 488 484
f 487 489 488
f 488 489 490
f 489 491 490
f 490 491 492
f 491 493 492
f 492 493 494
f 493 495 494
f 494 495 496
f 497 498 481
f 481 498 483
f 484 499 482
f 482 499 367
f 370 480 367
f 367 480 482
f 480 370 477
f 477 370 478
f 500 497 479
f 479 497 481
f 451 473 380
f 380 473 377
f 448 451 379
f 379 451 380
f 501 502 504
f 504 502 503
f 449 505 507
f 507 505 506
f 486 508 505
f 505 508 506
f 508 509 506
f 506 509 510
f 511 507 510
f 510 507 506
f 509 508 512
f 512 508 513
f 515 509 514
f 514 509 512
f 509 515 510
f 510 515 516
f 510 516 511
f 511 516 517
f 486 505 485
f 485 505 518
f 505 449 518
f 518 449 448
f 383 382 403
f 403 382 404
f 363 404 364
f 364 404 382
f 403 485 383
f 383 485 407
f 519 520 361
f 361 520 362
f 522 496 521
f 521 496 495
f 450 474 451
f 451 474 473
f 363 366 523
f 523 366 524
f 525 499 488
f 488 499 484
f 488 490 525
f 525 490 526
f 496 522 520
f 520 522 527
f 494 496 519
f 519 496 520
f 492 494 528
f 528 494 519
f 529 530 495
f 495 530 521
f 490 492 526
f 526 492 528
f 529 495 531
f 531 495 493
f 533 534 532
f 532 534 535
f 523 524 533
f 533 524 534
f 486 402 532
f 532 402 533
f 529 536 530
f 530 536 537
f 536 538 537
f 537 538 539
f 540 541 539
f 539 541 537
f 530 537 535
f 535 537 541
f 542 539 543
f 543 539 538
f 539 542 540
f 540 542 544
f 541 540 513
f 513 540 512
f 540 544 512
f 512 544 514
f 546 547 545
f 545 547 548
f 549 550 531
f 531 550 551
f 550 549 552
f 552 549 553
f 546 550 554
f 554 550 552
f 547 546 555
f 555 546 554
f 498 556 558
f 558 556 557
f 559 557 560
f 560 557 556
f 561 562 560
f 560 562 559
f 557 559 552
f 552 559 554
f 559 562 554
f 554 562 555
f 558 557 553
f 553 557 552
f 475 471 563
f 563 471 564
f 565 563 567
f 567 563 566
f 471 470 564
f 564 470 466
f 564 466 568
f 568 466 465
f 568 465 569
f 569 465 570
f 572 573 571
f 571 573 574
f 569 575 567
f 567 575 576
f 577 565 576
f 576 565 567
f 578 579 581
f 581 579 580
f 575 561 576
f 576 561 560
f 556 577 560
f 560 577 576
f 577 556 497
f 497 556 498
f 565 577 500
f 500 577 497
f 563 565 475
f 475 565 500
f 553 489 558
f 558 489 487
f 531 493 549
f 549 493 491
f 489 553 491
f 491 553 549
f 394 407 518
f 518 407 485
f 518 448 394
f 394 448 379
f 545 548 538
f 538 548 543
f 551 545 536
f 536 545 538
f 536 529 551
f 551 529 531
f 507 582 449
f 449 582 450
f 511 583 507
f 507 583 582
f 511 517 583
f 583 517 584
f 585 586 588
f 588 586 587
f 590 591 589
f 589 591 592
f 591 590 593
f 593 590 594
f 596 597 595
f 595 597 598
f 599 600 602
f 602 600 601
f 604 605 603
f 603 605 606
f 608 609 607
f 607 609 610
f 612 613 611
f 611 613 614
f 615 616 618
f 618 616 617
f 620 621 619
f 619 621 622
f 624 625 623
f 623 625 626
f 628 629 627
f 627 629 630
f 632 633 631
f 631 633 634
f 635 636 638
f 638 636 637
f 639 640 642
f 642 640 641
f 644 645 643
f 643 645 646
f 619 622 647
f 647 622 648
f 650 651 649
f 649 651 652
f 601 653 602
f 602 653 654
f 656 657 655
f 655 657 658
f 660 661 659
f 659 661 662
f 664 665 663
f 663 665 666
f 593 594 667
f 667 594 668
f 669 670 672
f 672 670 671
f 673 674 676
f 676 674 675
f 633 632 677
f 677 632 678
f 663 666 679
f 679 666 680
f 681 682 684
f 684 682 683
f 686 687 685
f 685 687 688
f 690 661 689
f 689 661 691
f 693 686 692
f 692 686 685
f 695 597 694
f 694 597 668
f 594 696 668
f 668 696 694
f 697 698 696
f 696 698 699
f 700 701 697
f 697 701 698
f 702 585 703
f 703 585 588
f 671 690 672
f 672 690 689
f 640 639 704
f 704 639 705
f 679 706 663
f 663 706 658
f 708 709 707
f 707 709 710
f 711 712 610
f 610 712 607
f 713 714 716
f 716 714 715
f 717 718 720
f 720 718 719
f 722 634 721
f 721 634 633
f 724 725 723
f 723 725 726
f 728 729 727
f 727 729 730
f 732 733 731
f 731 733 734
f 707 710 735
f 735 710 736
f 643 737 644
f 644 737 738
f 740 741 739
f 739 741 742
f 608 744 743
f 743 744 745
f 747 748 746
f 746 748 749
f 751 752 750
f 750 752 753
f 754 755 757
f 757 755 756
f 758 759 761
f 761 759 760
f 763 764 762
f 762 764 765
f 767 768 766
f 766 768 769
f 771 772 770
f 770 772 773
f 775 776 774
f 774 776 777
f 779 780 778
f 778 780 781
f 783 712 782
f 782 712 784
f 785 786 788
f 788 786 787
f 790 628 789
f 789 628 627
f 792 793 791
f 791 793 794
f 795 796 726
f 726 796 723
f 798 799 797
f 797 799 800
f 721 633 801
f 801 633 677
f 797 800 802
f 802 800 803
f 805 806 804
f 804 806 807
f 809 810 808
f 808 810 811
f 813 814 812
f 812 814 815
f 809 808 817
f 817 808 816
f 818 819 804
f 804 819 805
f 820 821 818
f 818 821 819
f 821 820 587
f 587 820 822
f 809 823 810
f 810 823 824
f 814 807 815
f 815 807 806
f 826 426 825
f 825 426 223
f 426 826 427
f 427 826 827
f 828 829 454
f 454 829 830
f 831 832 677
f 677 832 801
f 834 835 833
f 833 835 836
f 838 839 837
f 837 839 840
f 841 842 844
f 844 842 843
f 845 846 803
f 803 846 802
f 847 831 678
f 678 831 677
f 848 849 851
f 851 849 850
f 853 854 852
f 852 854 855
f 857 858 856
f 856 858 680
f 860 861 859
f 859 861 862
f 864 865 863
f 863 865 866
f 868 869 867
f 867 869 870
f 839 871 840
f 840 871 872
f 849 848 874
f 874 848 873
f 876 877 875
f 875 877 878
f 880 881 879
f 879 881 882
f 883 884 886
f 886 884 885
f 846 887 802
f 802 887 888
f 890 891 889
f 889 891 888
f 893 894 892
f 892 894 895
f 896 897 728
f 728 897 729
f 899 900 898
f 898 900 901
f 902 852 904
f 904 852 903
f 849 905 850
f 850 905 906
f 875 878 907
f 907 878 908
f 910 911 909
f 909 911 912
f 914 915 913
f 913 915 916
f 917 918 862
f 862 918 859
f 919 920 856
f 856 920 921
f 923 924 922
f 922 924 925
f 926 927 925
f 925 927 922
f 929 930 928
f 928 930 693
f 932 695 931
f 931 695 694
f 823 867 824
f 824 867 933
f 935 936 934
f 934 936 937
f 938 868 823
f 823 868 867
f 940 847 939
f 939 847 678
f 632 655 678
f 678 655 939
f 941 942 619
f 619 942 620
f 687 943 688
f 688 943 944
f 851 850 945
f 945 850 903
f 850 906 903
f 903 906 904
f 946 947 949
f 949 947 948
f 951 952 950
f 950 952 953
f 955 956 954
f 954 956 957
f 907 958 875
f 875 958 874
f 960 961 959
f 959 961 962
f 963 853 902
f 902 853 852
f 909 964 910
f 910 964 965
f 967 968 966
f 966 968 969
f 971 972 970
f 970 972 973
f 974 960 975
f 975 960 959
f 977 978 976
f 976 978 979
f 981 977 980
f 980 977 976
f 980 982 981
f 981 982 983
f 985 983 984
f 984 983 982
f 984 986 985
f 985 986 987
f 989 990 988
f 988 990 991
f 993 994 992
f 992 994 995
f 997 998 996
f 996 998 999
f 1001 1002 1000
f 1000 1002 1003
f 1005 1006 1004
f 1004 1006 1007
f 1004 1008 1005
f 1005 1008 1009
f 1008 1010 1009
f 1009 1010 1011
f 1013 1011 1012
f 1012 1011 1010
f 1014 1015 1017
f 1017 1015 1016
f 1019 1020 1018
f 1018 1020 1021
f 1022 1023 976
f 976 1023 980
f 1024 1025 982
f 982 1025 984
f 992 995 1026
f 1026 995 1027
f 956 955 1028
f 1028 955 1029
f 1030 1031 1033
f 1033 1031 1032
f 1010 1008 1034
f 1034 1008 1035
f 1008 1004 1035
f 1035 1004 1036
f 1037 1038 1002
f 1002 1038 1007
f 1002 1001 1037
f 1037 1001 1039
f 1040 1041 997
f 997 1041 998
f 1015 1014 1043
f 1043 1014 1042
f 1044 1045 1047
f 1047 1045 1046
f 1044 1020 1048
f 1048 1020 1049
f 1050 1051 1003
f 1003 1051 1000
f 1052 1050 1006
f 1006 1050 1003
f 1053 1054 1011
f 1011 1054 1009
f 1013 1045 1055
f 1055 1045 1056
f 1058 1059 1057
f 1057 1059 1060
f 1062 1063 1061
f 1061 1063 1064
f 1065 1066 1050
f 1050 1066 1051
f 1067 1065 1052
f 1052 1065 1050
f 1068 1069 1054
f 1054 1069 1070
f 1071 1068 1053
f 1053 1068 1054
f 1073 1071 1072
f 1072 1071 1074
f 1074 1071 1055
f 1055 1071 1053
f 1076 1077 1075
f 1075 1077 1078
f 1079 1080 1057
f 1057 1080 1058
f 1081 1082 1064
f 1064 1082 1061
f 1084 1085 1083
f 1083 1085 1086
f 1088 1089 1087
f 1087 1089 1090
f 1092 1093 1091
f 1091 1093 1094
f 1096 1097 1095
f 1095 1097 1098
f 1099 1100 1102
f 1102 1100 1101
f 1103 1104 1099
f 1099 1104 1100
f 1106 1107 1105
f 1105 1107 1108
f 1110 1111 1109
f 1109 1111 1112
f 1114 1115 1113
f 1113 1115 1116
f 1118 1119 1117
f 1117 1119 1077
f 1117 1120 1122
f 1122 1120 1121
f 1105 1123 1106
f 1106 1123 1124
f 1125 1126 1128
f 1128 1126 1127
f 1130 1131 1129
f 1129 1131 1132
f 1134 1135 1133
f 1133 1135 1114
f 1113 1136 1114
f 1114 1136 1133
f 1118 1137 1113
f 1113 1137 1136
f 1118 1117 1137
f 1137 1117 1122
f 1139 1140 1138
f 1138 1140 1141
f 1143 953 1142
f 1142 953 952
f 1145 957 1144
f 1144 957 956
f 1028 1146 956
f 956 1146 1144
f 1014 1147 1042
f 1042 1147 1148
f 1014 1017 1147
f 1147 1017 1149
f 1059 1058 1150
f 1150 1058 1151
f 1153 1080 1152
f 1152 1080 1154
f 1156 1088 1155
f 1155 1088 1087
f 1157 1158 1106
f 1106 1158 1107
f 1106 1124 1157
f 1157 1124 1159
f 1161 1162 1160
f 1160 1162 1163
f 1165 1166 1164
f 1164 1166 1167
f 1168 1031 1012
f 1012 1031 1046
f 1024 1023 1035
f 1035 1023 1034
f 1036 1038 1025
f 1025 1038 1169
f 1170 1171 1039
f 1039 1171 1037
f 1028 1029 1042
f 1042 1029 1043
f 1172 1173 1175
f 1175 1173 1174
f 1055 1053 1013
f 1013 1053 1011
f 1005 1009 1070
f 1070 1009 1054
f 996 999 1062
f 1062 999 1063
f 1016 1060 1017
f 1017 1060 1059
f 1017 1059 1149
f 1149 1059 1150
f 1177 1178 1176
f 1176 1178 1103
f 1176 1072 1179
f 1179 1072 1074
f 1073 1102 1086
f 1086 1102 1083
f 1180 1181 1067
f 1067 1181 1065
f 1182 1183 1184
f 1184 1183 1181
f 1186 1187 1185
f 1185 1187 1188
f 1189 1190 798
f 798 1190 799
f 1192 1193 1191
f 1191 1193 1194
f 1195 1196 1194
f 1194 1196 1191
f 1196 1195 1198
f 1198 1195 1197
f 1200 674 1199
f 1199 674 673
f 928 1201 1203
f 1203 1201 1202
f 861 1204 862
f 862 1204 921
f 1205 1206 913
f 913 1206 1207
f 882 1208 879
f 879 1208 1209
f 1210 1211 1167
f 1167 1211 1164
f 1212 769 1213
f 1213 769 768
f 727 1214 728
f 728 1214 1215
f 1217 1218 1216
f 1216 1218 1219
f 1220 813 1221
f 1221 813 812
f 827 828 427
f 427 828 454
f 1223 1224 1222
f 1222 1224 1165
f 1226 1227 1225
f 1225 1227 1228
f 851 1229 848
f 848 1229 1230
f 834 854 835
f 835 854 1231
f 1233 1234 1232
f 1232 1234 1235
f 1237 751 1236
f 1236 751 750
f 743 819 1238
f 1238 819 821
f 1240 1241 1239
f 1239 1241 1242
f 1244 1245 1243
f 1243 1245 1246
f 844 1247 841
f 841 1247 1248
f 1250 1251 1249
f 1249 1251 1252
f 1254 893 1253
f 1253 893 1237
f 1255 1256 1258
f 1258 1256 1257
f 1260 1261 1259
f 1259 1261 1262
f 945 903 855
f 855 903 852
f 855 1263 945
f 945 1263 1264
f 832 845 801
f 801 845 803
f 800 721 803
f 803 721 801
f 721 800 722
f 722 800 799
f 1266 1267 1265
f 1265 1267 1268
f 1270 795 1269
f 1269 795 726
f 725 1271 726
f 726 1271 1269
f 737 765 738
f 738 765 764
f 759 740 760
f 760 740 739
f 717 1272 1274
f 1274 1272 1273
f 1163 1226 1275
f 1275 1226 1225
f 1277 882 1276
f 1276 882 881
f 1041 1040 1027
f 1027 1040 1026
f 900 935 901
f 901 935 934
f 1164 1278 1165
f 1165 1278 1222
f 1211 1279 1164
f 1164 1279 1278
f 442 1280 453
f 453 1280 1281
f 788 1282 785
f 785 1282 1283
f 1285 1286 1284
f 1284 1286 1287
f 1284 1288 1285
f 1285 1288 1289
f 757 1289 754
f 754 1289 1288
f 605 604 675
f 675 604 676
f 1290 1291 1293
f 1293 1291 1292
f 1295 1296 1294
f 1294 1296 1297
f 696 699 694
f 694 699 931
f 1298 1299 592
f 592 1299 589
f 1299 1300 589
f 589 1300 700
f 1300 1301 700
f 700 1301 701
f 743 745 819
f 819 745 805
f 1303 1304 1302
f 1302 1304 1305
f 1306 1307 1305
f 1305 1307 1302
f 609 1298 610
f 610 1298 592
f 587 822 588
f 588 822 1308
f 703 588 1309
f 1309 588 1308
f 1310 703 571
f 571 703 1309
f 1311 1312 789
f 789 1312 790
f 825 223 1313
f 1313 223 220
f 219 1314 220
f 220 1314 1313
f 1315 1316 1311
f 1311 1316 1312
f 1317 1318 1319
f 1319 1318 1241
f 441 1320 442
f 442 1320 1280
f 1321 217 572
f 572 217 216
f 1323 1230 1322
f 1322 1230 1229
f 1324 1325 631
f 631 1325 656
f 1034 1168 1010
f 1010 1168 1012
f 1327 1328 1326
f 1326 1328 1329
f 1331 1202 1330
f 1330 1202 1201
f 571 1309 572
f 572 1309 1321
f 573 572 1332
f 1332 572 216
f 1334 1335 1333
f 1333 1335 1336
f 1337 1338 918
f 918 1338 859
f 1339 863 1340
f 1340 863 866
f 1341 1342 1344
f 1344 1342 1343
f 1345 1346 919
f 919 1346 920
f 1347 1348 673
f 673 1348 1199
f 693 1349 928
f 928 1349 1201
f 1351 1257 1350
f 1350 1257 1256
f 1350 1352 1351
f 1351 1352 1353
f 653 930 654
f 654 930 662
f 1279 1354 1278
f 1278 1354 1355
f 1357 1358 1356
f 1356 1358 1359
f 937 1360 1140
f 1140 1360 1361
f 1225 1228 909
f 909 1228 964
f 901 934 1362
f 1362 934 1139
f 1364 1365 1363
f 1363 1365 1362
f 1367 912 1366
f 1366 912 911
f 1143 1142 1368
f 1368 1142 1369
f 1144 1186 1145
f 1145 1186 1185
f 1146 1175 1144
f 1144 1175 1186
f 1175 1146 1172
f 1172 1146 1148
f 1147 1018 1148
f 1148 1018 1172
f 1018 1147 1019
f 1019 1147 1149
f 1149 1150 1019
f 1019 1150 1370
f 1150 1151 1370
f 1370 1151 1371
f 1151 1153 1371
f 1371 1153 1177
f 1152 1156 1178
f 1178 1156 1372
f 1155 1158 1373
f 1373 1158 1374
f 1157 1159 1376
f 1376 1159 1375
f 1378 1379 1377
f 1377 1379 1380
f 1382 1383 1381
f 1381 1383 1384
f 1382 1386 1385
f 1385 1386 1387
f 1386 1233 1387
f 1387 1233 1232
f 1389 1390 1388
f 1388 1390 1391
f 1393 1394 1392
f 1392 1394 1395
f 1397 1398 1396
f 1396 1398 1399
f 629 1397 630
f 630 1397 1396
f 1342 1400 1343
f 1343 1400 1401
f 1403 1404 1402
f 1402 1404 1405
f 1407 1408 1406
f 1406 1408 1409
f 1411 1412 1410
f 1410 1412 1413
f 793 1414 794
f 794 1414 1415
f 1417 1341 1416
f 1416 1341 1344
f 704 705 1347
f 1347 705 1418
f 741 1419 742
f 742 1419 1420
f 1422 669 1421
f 1421 669 672
f 645 1423 646
f 646 1423 1424
f 1196 1198 614
f 614 1198 611
f 613 1425 614
f 614 1425 1426
f 1427 616 659
f 659 616 660
f 614 1426 1196
f 1196 1426 1191
f 696 594 697
f 697 594 590
f 697 590 700
f 700 590 589
f 703 1310 702
f 702 1310 1428
f 1421 672 1192
f 1192 672 689
f 1271 648 1269
f 1269 648 622
f 621 1270 622
f 622 1270 1269
f 1429 1430 1417
f 1417 1430 1341
f 1431 1432 1434
f 1434 1432 1433
f 1436 1437 1435
f 1435 1437 1438
f 1440 1441 1439
f 1439 1441 1442
f 1443 1444 1446
f 1446 1444 1445
f 823 809 938
f 938 809 817
f 810 1447 811
f 811 1447 1448
f 1449 1450 679
f 679 1450 706
f 913 916 1205
f 1205 916 1451
f 1275 1225 912
f 912 1225 909
f 1452 1453 880
f 880 1453 881
f 1444 1401 1445
f 1445 1401 1400
f 936 1454 937
f 937 1454 1360
f 824 1455 810
f 810 1455 1447
f 631 656 632
f 632 656 655
f 966 1456 967
f 967 1456 1457
f 1459 1460 1458
f 1458 1460 1461
f 1460 1462 1461
f 1461 1462 1463
f 972 974 973
f 973 974 975
f 990 995 991
f 991 995 994
f 1464 1187 1033
f 1033 1187 1174
f 1018 1021 1172
f 1172 1021 1173
f 1000 999 1001
f 1001 999 998
f 976 979 1022
f 1022 979 1032
f 1023 1024 980
f 980 1024 982
f 989 986 1171
f 1171 986 1169
f 1171 1170 989
f 989 1170 990
f 1170 1027 990
f 990 1027 995
f 1041 1039 998
f 998 1039 1001
f 1051 1063 1000
f 1000 1063 999
f 1066 1064 1051
f 1051 1064 1063
f 1183 1081 1066
f 1066 1081 1064
f 1178 1372 1103
f 1103 1372 1104
f 1092 1091 1465
f 1465 1091 1182
f 1467 1465 1466
f 1466 1465 1468
f 1469 1470 1184
f 1184 1470 1468
f 1095 1098 1471
f 1471 1098 1101
f 1076 1374 1120
f 1120 1374 1376
f 1110 1472 1127
f 1127 1472 1132
f 1472 1473 1132
f 1132 1473 1129
f 1474 1475 1466
f 1466 1475 1473
f 1119 1118 1116
f 1116 1118 1113
f 1375 1121 1376
f 1376 1121 1120
f 1127 1132 1128
f 1128 1132 1131
f 1227 1476 1228
f 1228 1476 1361
f 1365 1477 1362
f 1362 1477 872
f 1478 1479 1323
f 1323 1479 1230
f 1480 1481 914
f 914 1481 915
f 913 1277 914
f 914 1277 1276
f 1168 1034 1022
f 1022 1034 1023
f 1035 1036 1024
f 1024 1036 1025
f 1039 1041 1170
f 1170 1041 1027
f 1042 1148 1028
f 1028 1148 1146
f 968 1459 969
f 969 1459 1458
f 1482 1483 664
f 664 1483 665
f 1485 1486 1484
f 1484 1486 1487
f 1489 1490 1488
f 1488 1490 1491
f 1492 1493 722
f 722 1493 634
f 1495 1496 1494
f 1494 1496 1497
f 1498 1207 1339
f 1339 1207 863
f 1224 1499 1165
f 1165 1499 1166
f 1160 1163 1500
f 1500 1163 1275
f 1500 877 1160
f 1160 877 1501
f 876 873 1502
f 1502 873 1479
f 945 1264 851
f 851 1264 1229
f 835 1231 839
f 839 1231 871
f 1503 1283 778
f 778 1283 1282
f 716 715 1505
f 1505 715 1504
f 1446 1445 1507
f 1507 1445 1506
f 779 792 1381
f 1381 792 791
f 1430 1409 1341
f 1341 1409 1342
f 1411 1429 1508
f 1508 1429 1417
f 635 1510 1509
f 1509 1510 1511
f 1377 1380 1315
f 1315 1380 1316
f 1445 1400 1506
f 1506 1400 1408
f 918 917 1336
f 1336 917 1333
f 1513 1514 1512
f 1512 1514 870
f 1515 1516 1363
f 1363 1516 1364
f 1453 1517 881
f 881 1517 1276
f 992 1518 993
f 993 1518 1519
f 1520 1029 1518
f 1518 1029 955
f 1520 1026 1521
f 1521 1026 1040
f 1522 1015 1521
f 1521 1015 1043
f 996 1523 997
f 997 1523 1522
f 1060 1016 1524
f 1524 1016 1523
f 1061 1525 1062
f 1062 1525 1524
f 1079 1527 1526
f 1526 1527 1528
f 1093 1529 1094
f 1094 1529 1528
f 1111 1530 1112
f 1112 1530 1531
f 1532 1533 1105
f 1105 1533 1123
f 934 937 1139
f 1139 937 1140
f 1138 1363 1139
f 1139 1363 1362
f 1534 1222 1355
f 1355 1222 1278
f 1535 1223 1534
f 1534 1223 1222
f 821 587 1238
f 1238 587 586
f 1319 711 1317
f 1317 711 1536
f 1538 1200 1537
f 1537 1200 1199
f 1508 1417 1539
f 1539 1417 1416
f 1540 1541 840
f 840 1541 837
f 1231 898 871
f 871 898 901
f 1500 1275 1367
f 1367 1275 912
f 1543 1379 1542
f 1542 1379 1395
f 1539 772 1508
f 1508 772 1544
f 1546 1403 1545
f 1545 1403 1402
f 1548 1549 1547
f 1547 1549 1550
f 1552 1548 1551
f 1551 1548 1547
f 1554 1555 1553
f 1553 1555 1556
f 1558 1559 1557
f 1557 1559 1560
f 1562 1563 1561
f 1561 1563 1564
f 1566 1567 1565
f 1565 1567 1568
f 1570 1571 1569
f 1569 1571 1572
f 1574 1575 1573
f 1573 1575 1576
f 1577 1578 1572
f 1572 1578 1569
f 1580 1581 1579
f 1579 1581 1582
f 1584 1585 1583
f 1583 1585 1586
f 1588 1555 1587
f 1587 1555 1589
f 1591 1592 1590
f 1590 1592 1593
f 1595 1596 1594
f 1594 1596 1597
f 1596 1581 1597
f 1597 1581 1576
f 1599 1570 1598
f 1598 1570 1569
f 1601 1602 1600
f 1600 1602 1603
f 1605 1606 1604
f 1604 1606 1607
f 1608 1609 1568
f 1568 1609 1565
f 1611 1612 1610
f 1610 1612 1613
f 1615 1616 1614
f 1614 1616 1617
f 1619 1617 1618
f 1618 1617 1616
f 1621 1622 1620
f 1620 1622 1623
f 1625 1626 1624
f 1624 1626 1627
f 1629 1630 1628
f 1628 1630 1631
f 1633 1634 1632
f 1632 1634 1635
f 1636 1637 1639
f 1639 1637 1638
f 1641 1642 1640
f 1640 1642 1643
f 1624 1627 1644
f 1644 1627 1645
f 1647 1648 1646
f 1646 1648 1649
f 1651 1652 1650
f 1650 1652 1653
f 1655 1656 1654
f 1654 1656 1657
f 1659 1660 1658
f 1658 1660 1661
f 1662 1663 1631
f 1631 1663 1628
f 1651 1665 1664
f 1664 1665 1666
f 1667 1656 1619
f 1619 1656 1617
f 1669 1670 1668
f 1668 1670 1671
f 1632 1635 1672
f 1672 1635 1673
f 1674 1675 1638
f 1638 1675 1639
f 1677 1678 1676
f 1676 1678 1679
f 1680 1640 1681
f 1681 1640 1643
f 1682 1683 1643
f 1643 1683 1681
f 1670 1669 1235
f 1235 1669 1232
f 1396 1399 1674
f 1674 1399 1675
f 627 630 1679
f 1679 630 1676
f 1681 1315 1680
f 1680 1315 1311
f 1683 1377 1681
f 1681 1377 1315
f 1672 1673 1387
f 1387 1673 1385
f 1636 1684 1646
f 1646 1684 1685
f 1687 1688 1686
f 1686 1688 1689
f 1585 1690 1586
f 1586 1690 1691
f 1599 1692 1551
f 1551 1692 1693
f 1552 1558 1694
f 1694 1558 1557
f 1696 1615 1695
f 1695 1615 1614
f 1698 1699 1697
f 1697 1699 1623
f 1700 1701 1703
f 1703 1701 1702
f 1705 1706 1704
f 1704 1706 1707
f 1708 1709 1640
f 1640 1709 1641
f 1710 1711 1713
f 1713 1711 1712
f 1652 1655 1653
f 1653 1655 1654
f 1714 1699 1712
f 1712 1699 1713
f 1715 1710 1716
f 1716 1710 1713
f 1717 1708 1680
f 1680 1708 1640
f 1393 1392 1715
f 1715 1392 1710
f 1719 1720 1718
f 1718 1720 1721
f 1680 1311 1717
f 1717 1311 789
f 1378 1711 1392
f 1392 1711 1710
f 1388 1391 1719
f 1719 1391 1720
f 1723 1606 1722
f 1722 1606 1689
f 1725 1568 1724
f 1724 1568 1567
f 1726 1647 1685
f 1685 1647 1646
f 1728 1554 1727
f 1727 1554 1553
f 1591 1687 1600
f 1600 1687 1686
f 1730 1595 1729
f 1729 1595 1594
f 1601 1605 1731
f 1731 1605 1604
f 1733 1663 1732
f 1732 1663 1734
f 1736 1639 1735
f 1735 1639 1675
f 1658 1644 1737
f 1737 1644 1645
f 1726 1662 1724
f 1724 1662 1631
f 1399 1738 1675
f 1675 1738 1735
f 1621 1667 1739
f 1739 1667 1619
f 1714 1740 1620
f 1620 1740 1741
f 1592 1549 1593
f 1593 1549 1742
f 1602 1571 1603
f 1603 1571 1550
f 1688 1690 1689
f 1689 1690 1722
f 1588 1559 1582
f 1582 1559 1579
f 1673 1735 1385
f 1385 1735 1738
f 1387 1232 1672
f 1672 1232 1669
f 1580 1692 1573
f 1573 1692 1743
f 1377 1683 1378
f 1378 1683 1711
f 1664 1666 1744
f 1744 1666 1745
f 1744 1696 1664
f 1664 1696 1695
f 1746 1747 1732
f 1732 1747 1748
f 1749 1750 1677
f 1677 1750 1678
f 1709 1708 1750
f 1750 1708 1678
f 1668 1632 1669
f 1669 1632 1672
f 1633 1746 1734
f 1734 1746 1732
f 1679 1678 1717
f 1717 1678 1708
f 789 627 1717
f 1717 627 1679
f 1563 1723 1564
f 1564 1723 1722
f 1728 1584 1751
f 1751 1584 1583
f 1674 1676 1396
f 1396 1676 630
f 1666 1566 1745
f 1745 1566 1565
f 1627 1629 1645
f 1645 1629 1628
f 1637 1749 1638
f 1638 1749 1677
f 1648 1665 1649
f 1649 1665 1752
f 1740 1642 1741
f 1741 1642 1657
f 1676 1674 1677
f 1677 1674 1638
f 1683 1682 1711
f 1711 1682 1712
f 1618 1753 1619
f 1619 1753 1739
f 1701 1739 1702
f 1702 1739 1753
f 1754 1214 1756
f 1756 1214 1755
f 647 1757 619
f 619 1757 941
f 1759 1193 1758
f 1758 1193 691
f 1419 1760 1420
f 1420 1760 1761
f 682 1762 683
f 683 1762 1763
f 1412 780 1413
f 1413 780 1384
f 1383 1398 1384
f 1384 1398 1413
f 1197 1424 1764
f 1764 1424 1423
f 1537 1287 1538
f 1538 1287 1286
f 1634 1684 1635
f 1635 1684 1736
f 1724 1631 1725
f 1725 1631 1630
f 1562 1730 1610
f 1610 1730 1729
f 1735 1673 1736
f 1736 1673 1635
f 1757 1195 941
f 941 1195 1194
f 1766 200 1765
f 1765 200 199
f 475 500 476
f 476 500 479
f 498 558 483
f 483 558 487
f 545 551 546
f 546 551 550
f 453 1281 219
f 219 1281 1314
f 298 453 208
f 208 453 219
f 368 1765 1767
f 1767 1765 199
f 523 405 363
f 363 405 404
f 523 533 405
f 405 533 402
f 298 208 299
f 299 208 207
f 299 207 176
f 176 207 300
f 176 300 173
f 173 300 202
f 173 202 174
f 174 202 201
f 1337 918 1768
f 1768 918 1336
f 1769 1770 1338
f 1338 1770 859
f 581 570 578
f 578 570 1771
f 555 562 580
f 580 562 561
f 504 1772 501
f 501 1772 548
f 517 542 584
f 584 542 543
f 515 514 516
f 516 514 544
f 542 517 544
f 544 517 516
f 561 575 580
f 580 575 581
f 575 569 581
f 581 569 570
f 501 548 1773
f 1773 548 547
f 1774 1775 570
f 570 1775 1771
f 369 368 1776
f 1776 368 1767
f 372 369 375
f 375 369 1776
f 822 1280 1308
f 1308 1280 1320
f 820 1281 822
f 822 1281 1280
f 818 1314 820
f 820 1314 1281
f 1314 818 1313
f 1313 818 804
f 807 814 825
f 825 814 826
f 814 813 826
f 826 813 827
f 813 1220 827
f 827 1220 828
f 580 579 555
f 555 579 547
f 1477 1540 872
f 872 1540 840
f 367 499 368
f 368 499 1765
f 1766 1765 525
f 525 1765 499
f 1777 1766 526
f 526 1766 525
f 520 527 362
f 362 527 384
f 361 1778 519
f 519 1778 528
f 371 1779 372
f 372 1779 369
f 369 1779 370
f 370 1779 478
f 1779 371 478
f 478 371 374
f 1778 1777 528
f 528 1777 526
f 1781 1782 1780
f 1780 1782 1783
f 431 460 67
f 67 460 64
f 68 338 74
f 74 338 72
f 1785 1782 1784
f 1784 1782 1786
f 1787 1788 1790
f 1790 1788 1789
f 1792 1789 1791
f 1791 1789 1793
f 1791 1794 1792
f 1792 1794 1795
f 1794 1796 1795
f 1795 1796 1797
f 1797 1798 938
f 938 1798 868
f 1798 1799 868
f 868 1799 869
f 1801 1802 1800
f 1800 1802 1451
f 1803 1804 1205
f 1205 1804 1206
f 1805 1806 864
f 864 1806 865
f 1806 1807 865
f 865 1807 1808
f 68 71 338
f 287 328 288
f 1320 1321 1308
f 1308 1321 1309
f 1320 441 1321
f 1321 441 217
f 441 152 217
f 217 152 218
f 151 286 152
f 152 286 218
f 297 310 151
f 151 310 286
f 296 307 297
f 297 307 310
f 296 143 307
f 307 143 284
f 143 56 284
f 284 56 104
f 56 59 104
f 104 59 63
f 59 102 63
f 63 102 60
f 102 94 60
f 60 94 282
f 93 459 279
f 279 459 77
f 459 460 77
f 77 460 78
f 460 431 78
f 78 431 295
f 431 49 295
f 295 49 292
f 48 421 49
f 49 421 292
f 276 278 418
f 418 278 429
f 317 432 278
f 278 432 429
f 432 317 433
f 433 317 316
f 326 324 316
f 316 324 433
f 1536 592 1809
f 1809 592 591
f 1810 744 1812
f 1812 744 1811
f 1814 1815 1813
f 1813 1815 1816
f 1817 748 1818
f 1818 748 747
f 1812 1819 1810
f 1810 1819 1817
f 1820 1821 748
f 748 1821 749
f 1823 1824 1822
f 1822 1824 1825
f 1827 1828 1826
f 1826 1828 1829
f 1831 1832 1830
f 1830 1832 1833
f 1834 1827 1243
f 1243 1827 1826
f 1313 804 825
f 825 804 807
f 1835 1253 1236
f 1236 1253 1237
f 1836 1837 1438
f 1438 1837 1435
f 1838 1505 1840
f 1840 1505 1839
f 1841 1842 716
f 716 1842 713
f 1843 1844 1510
f 1510 1844 1845
f 1847 1848 1846
f 1846 1848 1849
f 1850 1240 1822
f 1822 1240 1239
f 636 1831 637
f 637 1831 1830
f 1852 1853 1851
f 1851 1853 1854
f 1855 1856 1858
f 1858 1856 1857
f 1846 1849 1859
f 1859 1849 1860
f 1343 1401 1509
f 1509 1401 1861
f 1509 1861 635
f 635 1861 636
f 1863 1864 1862
f 1862 1864 1865
f 1283 1503 1867
f 1867 1503 1866
f 1868 1867 681
f 681 1867 682
f 1286 1285 683
f 683 1285 684
f 757 756 1274
f 1274 756 1869
f 1274 1869 717
f 717 1869 718
f 1434 1433 719
f 719 1433 720
f 1200 1538 1545
f 1545 1538 1763
f 1285 1289 684
f 684 1289 1273
f 684 1273 681
f 681 1273 1272
f 785 1283 1868
f 1868 1283 1867
f 786 785 1870
f 1870 785 1868
f 1289 757 1273
f 1273 757 1274
f 1539 1416 1871
f 1871 1416 1872
f 773 1871 1403
f 1403 1871 1404
f 675 674 1405
f 1405 674 1402
f 1864 1873 1865
f 1865 1873 1874
f 638 1843 635
f 635 1843 1510
f 1344 1343 1511
f 1511 1343 1509
f 772 1539 773
f 773 1539 1871
f 674 1200 1402
f 1402 1200 1545
f 1538 1286 1763
f 1763 1286 683
f 1444 1443 1875
f 1875 1443 1876
f 1875 1876 1831
f 1831 1876 1832
f 1416 1344 1872
f 1872 1344 1511
f 1877 1878 774
f 774 1878 1879
f 1878 1847 1879
f 1879 1847 1846
f 1880 714 1881
f 1881 714 1848
f 1401 1444 1861
f 1861 1444 1875
f 1861 1875 636
f 636 1875 1831
f 1823 1863 1882
f 1882 1863 1862
f 1441 1440 1884
f 1884 1440 1883
f 1883 1852 1884
f 1884 1852 1851
f 1886 1887 1885
f 1885 1887 1888
f 1358 1889 1359
f 1359 1889 1890
f 1891 1886 1892
f 1892 1886 1885
f 774 1879 775
f 775 1879 1893
f 1859 1893 1846
f 1846 1893 1879
f 713 1842 1849
f 1849 1842 1860
f 1318 1895 1894
f 1894 1895 1896
f 1873 1897 1874
f 1874 1897 1898
f 1898 605 1899
f 1899 605 675
f 1405 1844 675
f 675 1844 1899
f 1404 1845 1405
f 1405 1845 1844
f 593 1296 591
f 591 1296 1809
f 1295 1292 1900
f 1900 1292 1895
f 606 1897 1291
f 1291 1897 1896
f 1510 1845 1511
f 1511 1845 1872
f 1871 1872 1404
f 1404 1872 1845
f 1866 770 1762
f 1762 770 1546
f 1762 682 1866
f 1866 682 1867
f 1870 1868 1272
f 1272 1868 681
f 1272 717 1870
f 1870 717 720
f 1870 720 786
f 786 720 1433
f 786 1433 787
f 787 1433 1432
f 1261 1414 1432
f 1432 1414 787
f 1389 1234 1260
f 1260 1234 1415
f 1719 1670 1388
f 1388 1670 1235
f 1718 1671 1719
f 1719 1671 1670
f 1705 1747 1718
f 1718 1747 1671
f 1659 1901 1704
f 1704 1901 1748
f 1877 1903 1902
f 1902 1903 1904
f 1259 1905 1390
f 1390 1905 1394
f 1715 1720 1393
f 1393 1720 1391
f 1716 1721 1715
f 1715 1721 1720
f 1698 1706 1716
f 1716 1706 1721
f 277 276 47
f 47 276 48
f 84 96 81
f 81 96 82
f 80 70 81
f 81 70 85
f 99 97 88
f 88 97 89
f 90 100 88
f 88 100 99
f 101 95 102
f 102 95 94
f 1906 1907 280
f 280 1907 281
f 97 86 89
f 89 86 85
f 60 282 61
f 61 282 281
f 83 82 46
f 46 82 47
f 293 292 420
f 420 292 421
f 419 1908 420
f 420 1908 1909
f 92 95 91
f 91 95 90
f 279 282 93
f 93 282 94
f 276 418 48
f 48 418 421
f 1910 1660 1697
f 1697 1660 1707
f 1703 1624 1700
f 1700 1624 1644
f 1622 1910 1623
f 1623 1910 1697
f 1701 1700 1911
f 1911 1700 1661
f 1700 1644 1661
f 1661 1644 1658
f 1901 1737 1733
f 1733 1737 1645
f 1625 1912 1604
f 1604 1912 1731
f 1912 1913 1731
f 1731 1913 1914
f 1913 1577 1914
f 1914 1577 1572
f 1915 1578 1616
f 1616 1578 1618
f 1915 1916 1598
f 1598 1916 1743
f 1916 1574 1743
f 1743 1574 1573
f 1575 1917 1576
f 1576 1917 1597
f 1917 1609 1597
f 1597 1609 1594
f 1608 1611 1729
f 1729 1611 1610
f 1918 1612 1629
f 1629 1612 1630
f 1626 1918 1627
f 1627 1918 1629
f 1920 1921 1919
f 1919 1921 1922
f 1920 1924 1923
f 1923 1924 1925
f 1926 1927 1924
f 1924 1927 1925
f 1929 1930 1928
f 1928 1930 1931
f 1932 1933 1935
f 1935 1933 1934
f 1937 1938 1936
f 1936 1938 1939
f 1941 1942 1940
f 1940 1942 1943
f 1941 1945 1944
f 1944 1945 1946
f 1947 1948 1694
f 1694 1948 1949
f 1950 1951 1953
f 1953 1951 1952
f 1955 1956 1954
f 1954 1956 1589
f 1958 1956 1957
f 1957 1956 1932
f 1960 1934 1959
f 1959 1934 1933
f 1962 1963 1961
f 1961 1963 1964
f 1965 1955 1751
f 1751 1955 1954
f 1935 1930 1932
f 1932 1930 1957
f 1951 1950 1926
f 1926 1950 1929
f 1966 1967 1593
f 1593 1967 1590
f 1969 1967 1968
f 1968 1967 1964
f 1962 1921 1970
f 1970 1921 1971
f 1963 1945 1964
f 1964 1945 1968
f 1972 1948 1922
f 1922 1948 1919
f 1966 1972 1961
f 1961 1972 1922
f 1958 1953 1587
f 1587 1953 1560
f 1974 1975 1973
f 1973 1975 1976
f 1978 1979 1977
f 1977 1979 1691
f 1979 1975 1691
f 1691 1975 1586
f 1938 1942 1939
f 1939 1942 1980
f 1952 1947 1557
f 1557 1947 1694
f 1969 1978 1981
f 1981 1978 1977
f 1983 1984 1982
f 1982 1984 1985
f 1986 1987 1989
f 1989 1987 1988
f 1990 1991 1983
f 1983 1991 1984
f 1990 1993 1992
f 1992 1993 1994
f 1995 1996 1994
f 1994 1996 1997
f 1999 2000 1998
f 1998 2000 2001
f 2003 2004 2002
f 2002 2004 2005
f 2007 2008 2006
f 2006 2008 2009
f 2011 2012 2010
f 2010 2012 2013
f 2014 2015 2017
f 2017 2015 2016
f 2018 2019 2021
f 2021 2019 2020
f 2022 1989 2024
f 2024 1989 2023
f 1989 1988 2023
f 2023 1988 2025
f 2026 2027 2017
f 2017 2027 2014
f 2029 2030 2028
f 2028 2030 2031
f 2033 2034 2032
f 2032 2034 2035
f 2032 2035 2036
f 2036 2035 2037
f 2039 2040 2038
f 2038 2040 2041
f 1982 2042 1983
f 1983 2042 2043
f 2045 2046 2044
f 2044 2046 2047
f 2049 2050 2048
f 2048 2050 2051
f 2053 2054 2052
f 2052 2054 2055
f 2057 2058 2056
f 2056 2058 2059
f 2060 2061 2033
f 2033 2061 2034
f 2063 2064 2062
f 2062 2064 2065
f 2066 2035 2067
f 2067 2035 2034
f 2069 2039 2068
f 2068 2039 2038
f 2025 2070 2023
f 2023 2070 2071
f 2072 2024 2071
f 2071 2024 2023
f 2074 2020 2073
f 2073 2020 2019
f 2050 2049 2047
f 2047 2049 2075
f 1983 2043 1990
f 1990 2043 1993
f 2006 2050 2007
f 2007 2050 2076
f 2050 2006 2051
f 2051 2006 2077
f 2079 2080 2078
f 2078 2080 2081
f 2082 2083 2085
f 2085 2083 2084
f 2010 2013 2086
f 2086 2013 2087
f 2089 2033 2088
f 2088 2033 2032
f 2090 2060 2089
f 2089 2060 2033
f 2092 2093 2091
f 2091 2093 2094
f 2096 1986 2095
f 2095 1986 2097
f 2097 1986 2022
f 2022 1986 1989
f 2015 2094 2016
f 2016 2094 2098
f 2016 2098 2100
f 2100 2098 2099
f 2017 2016 2101
f 2101 2016 2100
f 2017 2101 2026
f 2026 2101 2102
f 2100 2099 2104
f 2104 2099 2103
f 2104 2105 2100
f 2100 2105 2101
f 2105 2106 2101
f 2101 2106 2102
f 2108 2061 2107
f 2107 2061 2109
f 2111 2112 2110
f 2110 2112 2020
f 2020 2074 2110
f 2110 2074 2113
f 2115 2116 2114
f 2114 2116 2117
f 2118 2119 1995
f 1995 2119 2120
f 2121 2122 2027
f 2027 2122 2014
f 2047 2075 2044
f 2044 2075 2123
f 2124 2125 2127
f 2127 2125 2126
f 2129 2130 2128
f 2128 2130 2131
f 2132 2133 2057
f 2057 2133 2058
f 2134 1999 2136
f 2136 1999 2135
f 2055 2138 2137
f 2137 2138 2139
f 2141 2142 2140
f 2140 2142 2143
f 2083 2082 2064
f 2064 2082 2065
f 2082 2144 2065
f 2065 2144 2145
f 2040 2146 2041
f 2041 2146 2147
f 2060 2090 2148
f 2148 2090 2149
f 2048 2051 2137
f 2137 2051 2150
f 2151 1997 2135
f 2135 1997 1996
f 2152 2150 2077
f 2077 2150 2051
f 2046 2045 2118
f 2118 2045 2119
f 2154 2155 2153
f 2153 2155 2156
f 2158 2159 2157
f 2157 2159 2160
f 2162 2163 2161
f 2161 2163 2164
f 2164 2163 2165
f 2165 2163 2166
f 2168 2169 2167
f 2167 2169 2170
f 2003 2172 2171
f 2171 2172 2173
f 2174 2175 2002
f 2002 2175 2176
f 2145 2177 2065
f 2065 2177 2062
f 2178 2179 2180
f 2180 2179 2134
f 2181 2052 2152
f 2152 2052 2150
f 2040 2127 2146
f 2146 2127 2182
f 2130 2162 2131
f 2131 2162 2161
f 2052 2055 2150
f 2150 2055 2137
f 2184 2185 2183
f 2183 2185 2186
f 2159 2030 2160
f 2160 2030 2187
f 2146 2182 2029
f 2029 2182 2188
f 2189 2190 2192
f 2192 2190 2191
f 2172 2003 2176
f 2176 2003 2002
f 1998 2151 1999
f 1999 2151 2135
f 2177 2172 2062
f 2062 2172 2176
f 2172 2177 2173
f 2173 2177 2193
f 2063 2194 2064
f 2064 2194 2195
f 2066 2197 2196
f 2196 2197 2198
f 2002 2005 2174
f 2174 2005 2199
f 2004 2003 2200
f 2200 2003 2171
f 2198 2201 2171
f 2171 2201 2200
f 2197 2202 2198
f 2198 2202 2201
f 2202 2197 2203
f 2203 2197 2204
f 2196 2198 2173
f 2173 2198 2171
f 2205 2069 2170
f 2170 2069 2206
f 2197 2066 2204
f 2204 2066 2067
f 2107 2207 2108
f 2108 2207 2208
f 2210 2208 2209
f 2209 2208 2207
f 2185 2211 2212
f 2213 2214 2211
f 2211 2214 2212
f 1998 2001 2213
f 2213 2001 2214
f 2134 2215 1999
f 1999 2215 2000
f 2216 2217 2219
f 2219 2217 2218
f 2206 2220 2170
f 2170 2220 2167
f 2069 2068 2206
f 2206 2068 2221
f 2151 1998 2222
f 2222 1998 2213
f 2124 2039 2205
f 2205 2039 2069
f 2142 2223 2143
f 2143 2223 2128
f 2203 2186 2202
f 2202 2186 2185
f 2185 2184 2211
f 2211 2184 2224
f 2224 2225 2222
f 2222 2225 2226
f 2071 2227 2072
f 2072 2227 2228
f 2229 2074 2230
f 2230 2074 2073
f 2074 2229 2113
f 2113 2229 2231
f 2232 2225 2227
f 2227 2225 2224
f 2233 2234 2031
f 2031 2234 2028
f 2236 2231 2235
f 2235 2231 2229
f 2230 2183 2229
f 2229 2183 2235
f 2237 1987 2096
f 2096 1987 1986
f 2152 2238 2181
f 2181 2238 2239
f 2080 2240 2081
f 2081 2240 2241
f 2236 2242 1971
f 1971 2242 1970
f 1925 2113 1923
f 1923 2113 2231
f 2110 1927 2111
f 2111 1927 1928
f 2103 2111 1931
f 1931 2111 1928
f 1931 2243 2103
f 2103 2243 2104
f 2105 2104 2244
f 2244 2104 2243
f 1939 1980 2148
f 2148 1980 2109
f 1980 1944 2109
f 2109 1944 2107
f 1946 2245 2207
f 2207 2245 2209
f 2245 1970 2209
f 2209 1970 2242
f 2231 2236 1923
f 1923 2236 1971
f 2113 1925 2110
f 2110 1925 1927
f 2234 2246 2028
f 2028 2246 2147
f 2247 2248 2058
f 2058 2248 2059
f 2114 2117 2249
f 2249 2117 2250
f 2252 2253 2251
f 2251 2253 2254
f 2094 2015 2091
f 2091 2015 2255
f 2256 2255 2014
f 2014 2255 2015
f 2257 2145 2258
f 2258 2145 2144
f 2131 2161 2123
f 2123 2161 2044
f 2045 2044 2164
f 2164 2044 2161
f 2045 2164 2119
f 2119 2164 2165
f 2259 2120 2165
f 2165 2120 2119
f 2260 2261 2259
f 2259 2261 2120
f 2205 2262 2124
f 2124 2262 2125
f 2180 2263 2178
f 2178 2263 2264
f 2265 2266 2092
f 2092 2266 2093
f 1992 2267 2268
f 2184 2228 2224
f 2224 2228 2227
f 2048 2269 2049
f 2049 2269 2141
f 2129 2168 2157
f 2157 2168 2167
f 2049 2141 2075
f 2075 2141 2140
f 2199 2215 2270
f 2270 2215 2271
f 2142 2141 2272
f 2272 2141 2269
f 2089 2026 2090
f 2090 2026 2102
f 2146 2029 2147
f 2147 2029 2028
f 2111 2103 2112
f 2112 2103 2099
f 2061 2060 2109
f 2109 2060 2148
f 2273 2274 2041
f 2041 2274 2038
f 2260 2275 2261
f 2261 2275 2136
f 2057 2138 2132
f 2132 2138 2276
f 2272 2269 2056
f 2056 2269 2139
f 2277 2278 2270
f 2270 2278 2199
f 2029 2188 2030
f 2030 2188 2187
f 2040 2039 2127
f 2127 2039 2124
f 2064 2195 2083
f 2083 2195 2279
f 2056 2139 2057
f 2057 2139 2138
f 2278 2277 2247
f 2247 2277 2248
f 2062 2176 2063
f 2063 2176 2175
f 2280 2210 2242
f 2242 2210 2209
f 2282 2233 2281
f 2281 2233 2031
f 2216 2219 2283
f 2283 2219 2221
f 2158 2220 2218
f 2218 2220 2219
f 2217 2282 2218
f 2218 2282 2281
f 2220 2158 2167
f 2167 2158 2157
f 2223 2264 2128
f 2128 2264 2263
f 2261 1996 2120
f 2120 1996 1995
f 2213 2211 2222
f 2222 2211 2224
f 2283 2221 2284
f 2284 2221 2068
f 2135 1996 2136
f 2136 1996 2261
f 2144 2081 2258
f 2258 2081 2241
f 2235 2280 2236
f 2236 2280 2242
f 2246 2273 2147
f 2147 2273 2041
f 2036 2285 2032
f 2032 2285 2088
f 2077 2286 2152
f 2152 2286 2238
f 1937 1960 1973
f 1973 1960 1959
f 2070 2232 2071
f 2071 2232 2227
f 2244 2287 2105
f 2105 2287 2106
f 1936 1939 2149
f 2149 1939 2148
f 1944 1946 2107
f 2107 1946 2207
f 2285 2121 2088
f 2088 2121 2027
f 2253 2249 2254
f 2254 2249 2250
f 2006 2009 2077
f 2077 2009 2286
f 2289 2086 2288
f 2288 2086 2087
f 2223 2142 2290
f 2290 2142 2272
f 2128 2131 2143
f 2143 2131 2123
f 2156 2291 2153
f 2153 2291 2175
f 2292 2293 2278
f 2278 2293 2294
f 2075 2140 2123
f 2123 2140 2143
f 2262 2169 2275
f 2275 2169 2180
f 2275 2180 2136
f 2136 2180 2134
f 2274 2284 2038
f 2038 2284 2068
f 2127 2126 2182
f 2182 2126 2166
f 2094 2093 2098
f 2098 2093 2021
f 2098 2021 2099
f 2099 2021 2112
f 2018 2021 2266
f 2266 2021 2093
f 2251 2289 2252
f 2252 2289 2288
f 1997 2151 2226
f 2226 2151 2222
f 2206 2221 2220
f 2220 2221 2219
f 2269 2048 2139
f 2139 2048 2137
f 2159 2158 2281
f 2281 2158 2218
f 2156 2155 2190
f 2190 2155 2191
f 1974 1965 1583
f 1583 1965 1751
f 2088 2027 2089
f 2089 2027 2026
f 2030 2159 2031
f 2031 2159 2281
f 2106 2149 2102
f 2102 2149 2090
f 2287 1936 2106
f 2106 1936 2149
f 2293 2154 2294
f 2294 2154 2153
f 2021 2020 2112
f 2247 2295 2278
f 2278 2295 2292
f 2284 2296 2283
f 2283 2296 2297
f 2298 2296 2274
f 2274 2296 2284
f 2273 2299 2274
f 2274 2299 2298
f 2246 2300 2273
f 2273 2300 2299
f 2283 2297 2216
f 2216 2297 2301
f 2216 2301 2217
f 2217 2301 2302
f 2302 2303 2217
f 2217 2303 2282
f 2304 2301 2305
f 2305 2301 2297
f 2307 2308 2306
f 2306 2308 2309
f 2306 2310 2307
f 2307 2310 2311
f 2307 2312 2308
f 2308 2312 2313
f 2314 2315 2312
f 2312 2315 2316
f 2316 2317 2312
f 2312 2317 2313
f 2317 2305 2313
f 2313 2305 2318
f 2314 2312 2311
f 2311 2312 2307
f 2319 2320 2322
f 2322 2320 2321
f 2322 2311 2319
f 2319 2311 2310
f 2313 2318 2308
f 2308 2318 2309
f 2296 2298 2318
f 2318 2298 2309
f 2309 2298 2323
f 2323 2298 2299
f 2306 2309 2324
f 2324 2309 2323
f 2310 2306 2325
f 2325 2306 2324
f 2296 2318 2297
f 2297 2318 2305
f 2319 2310 2326
f 2326 2310 2325
f 2328 2325 2327
f 2327 2325 2324
f 2325 2328 2326
f 2326 2328 2329
f 2331 2328 2330
f 2330 2328 2327
f 2332 2333 2327
f 2327 2333 2330
f 2328 2331 2329
f 2329 2331 2334
f 2324 2323 2327
f 2327 2323 2332
f 2300 2332 2299
f 2299 2332 2323
f 2326 2335 2319
f 2319 2335 2320
f 2305 2317 2336
f 2336 2317 2316
f 2336 2316 2337
f 2337 2316 2315
f 2338 2304 2336
f 2336 2304 2305
f 2337 2339 2336
f 2336 2339 2338
f 2337 2315 2341
f 2341 2315 2340
f 2342 2300 2234
f 2234 2300 2246
f 2303 2343 2282
f 2282 2343 2233
f 2234 2233 2342
f 2342 2233 2343
f 2342 2343 2333
f 2333 2343 2344
f 2333 2344 2330
f 2330 2344 2345
f 2346 2344 2303
f 2303 2344 2343
f 2332 2300 2333
f 2333 2300 2342
f 2347 2346 2302
f 2302 2346 2303
f 2301 2304 2302
f 2302 2304 2347
f 2304 2338 2347
f 2347 2338 2348
f 2348 2349 2347
f 2347 2349 2346
f 2350 2351 2348
f 2348 2351 2349
f 2349 2345 2346
f 2346 2345 2344
f 2345 2349 2352
f 2352 2349 2351
f 2338 2339 2348
f 2348 2339 2350
f 2350 2339 2353
f 2353 2339 2354
f 2356 2357 2355
f 2355 2357 2353
f 2351 2350 2357
f 2357 2350 2353
f 2353 2354 2355
f 2355 2354 2335
f 2320 2335 2341
f 2341 2335 2354
f 2339 2337 2354
f 2354 2337 2341
f 2352 2331 2345
f 2345 2331 2330
f 2356 2334 2352
f 2352 2334 2331
f 2356 2352 2357
f 2357 2352 2351
f 2355 2329 2356
f 2356 2329 2334
f 2335 2326 2355
f 2355 2326 2329
f 2321 2314 2322
f 2322 2314 2311
f 2321 2320 2340
f 2340 2320 2341
f 2315 2314 2340
f 2340 2314 2321
f 2125 2260 2126
f 2126 2260 2259
f 2157 2160 2129
f 2129 2160 2130
f 2188 2163 2187
f 2187 2163 2162
f 2182 2166 2188
f 2188 2166 2163
f 2180 2169 2263
f 2263 2169 2168
f 2160 2187 2130
f 2130 2187 2162
f 2275 2260 2262
f 2262 2260 2125
f 2128 2263 2129
f 2129 2263 2168
f 2262 2205 2169
f 2169 2205 2170
f 2165 2166 2259
f 2259 2166 2126
f 2359 2360 2358
f 2358 2360 2361
f 2363 2364 2362
f 2362 2364 2365
f 2367 2363 2366
f 2366 2363 2362
f 2368 2369 2371
f 2371 2369 2370
f 2372 2373 2248
f 2248 2373 2059
f 2364 2374 2365
f 2365 2374 2375
f 2377 2378 2376
f 2376 2378 2379
f 2290 2380 2223
f 2223 2380 2381
f 2223 2381 2264
f 2264 2381 2382
f 2384 2385 2383
f 2383 2385 2386
f 2364 2371 2374
f 2374 2371 2387
f 2059 2373 2290
f 2290 2373 2380
f 2378 2360 2379
f 2379 2360 2388
f 2374 2387 2359
f 2359 2387 2389
f 2390 2367 2386
f 2386 2367 2391
f 2393 2394 2392
f 2392 2394 2395
f 2386 2391 2383
f 2383 2391 2396
f 2367 2366 2391
f 2391 2366 2397
f 2363 2367 2368
f 2368 2367 2390
f 2398 2399 2361
f 2361 2399 2358
f 2399 2400 2358
f 2358 2400 2375
f 2390 2401 2368
f 2368 2401 2369
f 2372 2384 2376
f 2376 2384 2383
f 2374 2359 2375
f 2375 2359 2358
f 2402 2403 2365
f 2365 2403 2362
f 2359 2389 2360
f 2360 2389 2388
f 2364 2363 2371
f 2371 2363 2368
f 2405 2398 2404
f 2404 2398 2361
f 2392 2395 2406
f 2406 2395 2397
f 2377 2396 2394
f 2394 2396 2395
f 2394 2393 2404
f 2404 2393 2405
f 2396 2377 2383
f 2383 2377 2376
f 2406 2397 2407
f 2407 2397 2366
f 2400 2402 2375
f 2375 2402 2365
f 2385 2270 2401
f 2401 2270 2271
f 2403 2407 2362
f 2362 2407 2366
f 2371 2370 2387
f 2387 2370 2382
f 2391 2397 2396
f 2396 2397 2395
f 2378 2377 2404
f 2404 2377 2394
f 2360 2378 2361
f 2361 2378 2404
f 2407 2408 2406
f 2406 2408 2409
f 2410 2408 2403
f 2403 2408 2407
f 2411 2410 2402
f 2402 2410 2403
f 2412 2411 2400
f 2400 2411 2402
f 2406 2409 2392
f 2392 2409 2413
f 2392 2413 2393
f 2393 2413 2414
f 2415 2405 2414
f 2414 2405 2393
f 2416 2413 2417
f 2417 2413 2409
f 2419 2420 2418
f 2418 2420 2421
f 2420 2422 2421
f 2421 2422 2423
f 2420 2424 2422
f 2422 2424 2425
f 2426 2427 2424
f 2424 2427 2428
f 2428 2429 2424
f 2424 2429 2425
f 2426 2424 2419
f 2419 2424 2420
f 2419 2418 2431
f 2431 2418 2430
f 2425 2432 2422
f 2422 2432 2423
f 2408 2410 2432
f 2432 2410 2423
f 2423 2410 2433
f 2433 2410 2411
f 2421 2423 2434
f 2434 2423 2433
f 2435 2418 2434
f 2434 2418 2421
f 2429 2417 2425
f 2425 2417 2432
f 2408 2432 2409
f 2409 2432 2417
f 2418 2435 2430
f 2430 2435 2436
f 2438 2435 2437
f 2437 2435 2434
f 2435 2438 2436
f 2436 2438 2439
f 2441 2438 2440
f 2440 2438 2437
f 2442 2443 2437
f 2437 2443 2440
f 2439 2438 2444
f 2444 2438 2441
f 2433 2442 2434
f 2434 2442 2437
f 2412 2442 2411
f 2411 2442 2433
f 2436 2445 2430
f 2430 2445 2446
f 2430 2446 2431
f 2431 2446 2447
f 2417 2429 2448
f 2448 2429 2428
f 2427 2449 2428
f 2428 2449 2448
f 2450 2416 2448
f 2448 2416 2417
f 2451 2450 2449
f 2449 2450 2448
f 2427 2452 2449
f 2449 2452 2453
f 2447 2446 2452
f 2452 2446 2453
f 2454 2412 2399
f 2399 2412 2400
f 2415 2455 2405
f 2405 2455 2398
f 2399 2398 2454
f 2454 2398 2455
f 2454 2455 2443
f 2443 2455 2456
f 2443 2456 2440
f 2440 2456 2457
f 2458 2456 2415
f 2415 2456 2455
f 2443 2442 2454
f 2454 2442 2412
f 2459 2458 2414
f 2414 2458 2415
f 2413 2416 2414
f 2414 2416 2459
f 2459 2416 2460
f 2460 2416 2450
f 2460 2461 2459
f 2459 2461 2458
f 2462 2463 2460
f 2460 2463 2461
f 2461 2457 2458
f 2458 2457 2456
f 2457 2461 2464
f 2464 2461 2463
f 2451 2462 2450
f 2450 2462 2460
f 2462 2451 2465
f 2465 2451 2466
f 2468 2469 2467
f 2467 2469 2465
f 2463 2462 2469
f 2469 2462 2465
f 2465 2466 2467
f 2467 2466 2445
f 2446 2445 2453
f 2453 2445 2466
f 2451 2449 2466
f 2466 2449 2453
f 2464 2441 2457
f 2457 2441 2440
f 2468 2444 2464
f 2464 2444 2441
f 2468 2464 2469
f 2469 2464 2463
f 2467 2439 2468
f 2468 2439 2444
f 2445 2436 2467
f 2467 2436 2439
f 2447 2426 2431
f 2431 2426 2419
f 2427 2426 2452
f 2452 2426 2447
f 2369 2179 2370
f 2370 2179 2178
f 2376 2379 2372
f 2372 2379 2373
f 2389 2381 2388
f 2388 2381 2380
f 2387 2382 2389
f 2389 2382 2381
f 2270 2385 2277
f 2277 2385 2384
f 2379 2388 2373
f 2373 2388 2380
f 2401 2271 2369
f 2369 2271 2179
f 2248 2277 2372
f 2372 2277 2384
f 2401 2390 2385
f 2385 2390 2386
f 2264 2382 2178
f 2178 2382 2370
f 2215 2134 2271
f 2271 2134 2179
f 2005 2000 2199
f 2199 2000 2215
f 2004 2001 2005
f 2005 2001 2000
f 2200 2214 2004
f 2004 2214 2001
f 2470 2471 2473
f 2473 2471 2472
f 2475 2476 2474
f 2474 2476 2477
f 2479 2475 2478
f 2478 2475 2474
f 2481 2482 2480
f 2480 2482 2483
f 2476 2484 2477
f 2477 2484 2485
f 2487 2488 2486
f 2486 2488 2489
f 2133 2490 2058
f 2058 2490 2491
f 2058 2491 2247
f 2247 2491 2492
f 2494 2495 2493
f 2493 2495 2496
f 2476 2483 2484
f 2484 2483 2497
f 2472 2498 2488
f 2488 2498 2489
f 2484 2497 2471
f 2471 2497 2499
f 2500 2479 2496
f 2496 2479 2501
f 2502 2503 2505
f 2505 2503 2504
f 2496 2501 2493
f 2493 2501 2506
f 2479 2478 2501
f 2501 2478 2507
f 2475 2479 2480
f 2480 2479 2500
f 2508 2509 2473
f 2473 2509 2470
f 2509 2510 2470
f 2470 2510 2485
f 2511 2481 2500
f 2500 2481 2480
f 2512 2494 2486
f 2486 2494 2493
f 2485 2484 2470
f 2470 2484 2471
f 2513 2514 2477
f 2477 2514 2474
f 2471 2499 2472
f 2472 2499 2498
f 2476 2475 2483
f 2483 2475 2480
f 2516 2508 2515
f 2515 2508 2473
f 2502 2505 2517
f 2517 2505 2507
f 2504 2487 2505
f 2505 2487 2506
f 2503 2516 2504
f 2504 2516 2515
f 2506 2487 2493
f 2493 2487 2486
f 2517 2507 2518
f 2518 2507 2478
f 2510 2513 2485
f 2485 2513 2477
f 2511 2495 2293
f 2293 2495 2154
f 2514 2518 2474
f 2474 2518 2478
f 2483 2482 2497
f 2497 2482 2492
f 2501 2507 2506
f 2506 2507 2505
f 2488 2487 2515
f 2515 2487 2504
f 2472 2488 2473
f 2473 2488 2515
f 2518 2519 2517
f 2517 2519 2520
f 2521 2519 2514
f 2514 2519 2518
f 2522 2521 2513
f 2513 2521 2514
f 2523 2522 2510
f 2510 2522 2513
f 2517 2520 2502
f 2502 2520 2524
f 2502 2524 2503
f 2503 2524 2525
f 2525 2526 2503
f 2503 2526 2516
f 2527 2524 2528
f 2528 2524 2520
f 2530 2531 2529
f 2529 2531 2532
f 2531 2533 2532
f 2532 2533 2534
f 2531 2535 2533
f 2533 2535 2536
f 2537 2538 2535
f 2535 2538 2539
f 2539 2540 2535
f 2535 2540 2536
f 2537 2535 2530
f 2530 2535 2531
f 2529 2541 2530
f 2530 2541 2542
f 2543 2534 2536
f 2536 2534 2533
f 2519 2521 2543
f 2543 2521 2534
f 2534 2521 2544
f 2544 2521 2522
f 2532 2534 2545
f 2545 2534 2544
f 2529 2532 2546
f 2546 2532 2545
f 2536 2540 2543
f 2543 2540 2528
f 2519 2543 2520
f 2520 2543 2528
f 2541 2529 2547
f 2547 2529 2546
f 2548 2549 2545
f 2545 2549 2546
f 2549 2550 2546
f 2546 2550 2547
f 2551 2552 2548
f 2548 2552 2549
f 2548 2553 2551
f 2551 2553 2554
f 2550 2549 2555
f 2555 2549 2552
f 2545 2544 2548
f 2548 2544 2553
f 2523 2553 2522
f 2522 2553 2544
f 2547 2556 2541
f 2541 2556 2557
f 2541 2557 2542
f 2542 2557 2558
f 2528 2540 2559
f 2559 2540 2539
f 2538 2560 2539
f 2539 2560 2559
f 2561 2527 2559
f 2559 2527 2528
f 2560 2562 2559
f 2559 2562 2561
f 2560 2538 2564
f 2564 2538 2563
f 2558 2557 2563
f 2563 2557 2564
f 2565 2523 2509
f 2509 2523 2510
f 2526 2566 2516
f 2516 2566 2508
f 2509 2508 2565
f 2565 2508 2566
f 2565 2566 2554
f 2554 2566 2567
f 2554 2567 2551
f 2551 2567 2568
f 2569 2567 2526
f 2526 2567 2566
f 2553 2523 2554
f 2554 2523 2565
f 2570 2569 2525
f 2525 2569 2526
f 2524 2527 2525
f 2525 2527 2570
f 2527 2561 2570
f 2570 2561 2571
f 2571 2572 2570
f 2570 2572 2569
f 2573 2574 2571
f 2571 2574 2572
f 2572 2568 2569
f 2569 2568 2567
f 2568 2572 2575
f 2575 2572 2574
f 2562 2573 2561
f 2561 2573 2571
f 2573 2562 2576
f 2576 2562 2577
f 2579 2580 2578
f 2578 2580 2576
f 2574 2573 2580
f 2580 2573 2576
f 2576 2577 2578
f 2578 2577 2556
f 2557 2556 2564
f 2564 2556 2577
f 2562 2560 2577
f 2577 2560 2564
f 2575 2552 2568
f 2568 2552 2551
f 2579 2555 2575
f 2575 2555 2552
f 2579 2575 2580
f 2580 2575 2574
f 2550 2555 2578
f 2578 2555 2579
f 2556 2547 2578
f 2578 2547 2550
f 2558 2537 2542
f 2542 2537 2530
f 2538 2537 2563
f 2563 2537 2558
f 2292 2295 2481
f 2481 2295 2482
f 2486 2489 2512
f 2512 2489 2581
f 2499 2491 2498
f 2498 2491 2490
f 2497 2492 2499
f 2499 2492 2491
f 2155 2154 2494
f 2494 2154 2495
f 2581 2489 2490
f 2490 2489 2498
f 2293 2292 2511
f 2511 2292 2481
f 2191 2155 2512
f 2512 2155 2494
f 2500 2496 2511
f 2511 2496 2495
f 2247 2492 2295
f 2295 2492 2482
f 2583 2584 2582
f 2582 2584 2585
f 2587 2588 2586
f 2586 2588 2589
f 2591 2587 2590
f 2590 2587 2586
f 2593 2594 2592
f 2592 2594 2595
f 2596 2597 2599
f 2599 2597 2598
f 2588 2600 2589
f 2589 2600 2601
f 2602 2603 2605
f 2605 2603 2604
f 2606 2607 2609
f 2609 2607 2608
f 2609 2608 2190
f 2190 2608 2610
f 2611 2612 2614
f 2614 2612 2613
f 2600 2588 2615
f 2615 2588 2595
f 2599 2598 2606
f 2606 2598 2607
f 2584 2616 2604
f 2604 2616 2605
f 2600 2615 2583
f 2583 2615 2617
f 2591 2619 2618
f 2618 2619 2614
f 2621 2622 2620
f 2620 2622 2623
f 2619 2624 2614
f 2614 2624 2611
f 2591 2590 2619
f 2619 2590 2625
f 2587 2591 2592
f 2592 2591 2618
f 2626 2627 2585
f 2585 2627 2582
f 2627 2628 2582
f 2582 2628 2601
f 2629 2593 2618
f 2618 2593 2592
f 2602 2597 2611
f 2611 2597 2612
f 2600 2583 2601
f 2601 2583 2582
f 2630 2631 2589
f 2589 2631 2586
f 2583 2617 2584
f 2584 2617 2616
f 2588 2587 2595
f 2595 2587 2592
f 2633 2626 2632
f 2632 2626 2585
f 2620 2623 2634
f 2634 2623 2625
f 2622 2603 2623
f 2623 2603 2624
f 2621 2633 2622
f 2622 2633 2632
f 2611 2624 2602
f 2602 2624 2603
f 2634 2625 2635
f 2635 2625 2590
f 2628 2630 2601
f 2601 2630 2589
f 2613 2195 2629
f 2629 2195 2194
f 2631 2635 2586
f 2586 2635 2590
f 2595 2594 2615
f 2615 2594 2610
f 2619 2625 2624
f 2624 2625 2623
f 2632 2604 2622
f 2622 2604 2603
f 2585 2584 2632
f 2632 2584 2604
f 2635 2636 2634
f 2634 2636 2637
f 2638 2636 2631
f 2631 2636 2635
f 2639 2638 2630
f 2630 2638 2631
f 2640 2639 2628
f 2628 2639 2630
f 2634 2637 2620
f 2620 2637 2641
f 2620 2641 2621
f 2621 2641 2642
f 2642 2643 2621
f 2621 2643 2633
f 2641 2637 2644
f 2644 2637 2645
f 2646 2647 2649
f 2649 2647 2648
f 2648 2650 2649
f 2649 2650 2651
f 2648 2652 2650
f 2650 2652 2653
f 2652 2654 2656
f 2656 2654 2655
f 2656 2657 2652
f 2652 2657 2653
f 2654 2652 2647
f 2647 2652 2648
f 2647 2646 2659
f 2659 2646 2658
f 2660 2651 2653
f 2653 2651 2650
f 2636 2638 2660
f 2660 2638 2651
f 2651 2638 2661
f 2661 2638 2639
f 2651 2661 2649
f 2649 2661 2662
f 2663 2646 2662
f 2662 2646 2649
f 2653 2657 2660
f 2660 2657 2645
f 2636 2660 2637
f 2637 2660 2645
f 2646 2663 2658
f 2658 2663 2664
f 2665 2666 2662
f 2662 2666 2663
f 2666 2667 2663
f 2663 2667 2664
f 2668 2669 2665
f 2665 2669 2666
f 2665 2670 2668
f 2668 2670 2671
f 2667 2666 2672
f 2672 2666 2669
f 2662 2661 2665
f 2665 2661 2670
f 2640 2670 2639
f 2639 2670 2661
f 2673 2674 2664
f 2664 2674 2658
f 2658 2674 2659
f 2659 2674 2675
f 2645 2657 2676
f 2676 2657 2656
f 2677 2676 2655
f 2655 2676 2656
f 2676 2678 2645
f 2645 2678 2644
f 2677 2679 2676
f 2676 2679 2678
f 2655 2680 2677
f 2677 2680 2681
f 2675 2674 2680
f 2680 2674 2681
f 2682 2640 2627
f 2627 2640 2628
f 2643 2683 2633
f 2633 2683 2626
f 2682 2627 2683
f 2683 2627 2626
f 2683 2684 2682
f 2682 2684 2671
f 2684 2685 2671
f 2671 2685 2668
f 2686 2684 2643
f 2643 2684 2683
f 2670 2640 2671
f 2671 2640 2682
f 2687 2686 2642
f 2642 2686 2643
f 2642 2641 2687
f 2687 2641 2644
f 2687 2644 2688
f 2688 2644 2678
f 2688 2689 2687
f 2687 2689 2686
f 2690 2691 2688
f 2688 2691 2689
f 2689 2685 2686
f 2686 2685 2684
f 2685 2689 2692
f 2692 2689 2691
f 2679 2690 2678
f 2678 2690 2688
f 2690 2679 2693
f 2693 2679 2694
f 2696 2697 2695
f 2695 2697 2693
f 2691 2690 2697
f 2697 2690 2693
f 2693 2694 2695
f 2695 2694 2673
f 2674 2673 2681
f 2681 2673 2694
f 2679 2677 2694
f 2694 2677 2681
f 2685 2692 2668
f 2668 2692 2669
f 2696 2672 2692
f 2692 2672 2669
f 2696 2692 2697
f 2697 2692 2691
f 2695 2667 2696
f 2696 2667 2672
f 2673 2664 2695
f 2695 2664 2667
f 2675 2654 2659
f 2659 2654 2647
f 2655 2654 2680
f 2680 2654 2675
f 2291 2156 2593
f 2593 2156 2594
f 2597 2602 2598
f 2598 2602 2605
f 2616 2617 2607
f 2607 2617 2608
f 2615 2610 2617
f 2617 2610 2608
f 2597 2596 2612
f 2612 2596 2698
f 2598 2605 2607
f 2607 2605 2616
f 2194 2291 2629
f 2629 2291 2593
f 2629 2618 2613
f 2613 2618 2614
f 2190 2610 2156
f 2156 2610 2594
f 2700 2010 2699
f 2699 2010 2086
f 2267 2701 2116
f 2116 2701 2702
f 2116 2702 2117
f 2117 2702 2703
f 2704 2705 2250
f 2250 2705 2254
f 2011 2706 2267
f 2267 2706 2701
f 2699 2086 2707
f 2707 2086 2289
f 2010 2700 2011
f 2011 2700 2706
f 2708 2707 2251
f 2251 2707 2289
f 2703 2704 2117
f 2117 2704 2250
f 2705 2708 2254
f 2254 2708 2251
f 2709 2710 2708
f 2708 2710 2707
f 2711 2709 2705
f 2705 2709 2708
f 2712 2711 2704
f 2704 2711 2705
f 2713 2712 2703
f 2703 2712 2704
f 2707 2710 2699
f 2699 2710 2714
f 2699 2714 2700
f 2700 2714 2715
f 2716 2706 2715
f 2715 2706 2700
f 2714 2710 2717
f 2717 2710 2718
f 2720 2721 2719
f 2719 2721 2722
f 2721 2723 2722
f 2722 2723 2724
f 2721 2725 2723
f 2723 2725 2726
f 2727 2728 2725
f 2725 2728 2726
f 2729 2725 2720
f 2720 2725 2721
f 2731 2729 2730
f 2730 2729 2720
f 2719 2732 2720
f 2720 2732 2730
f 2726 2733 2723
f 2723 2733 2724
f 2709 2711 2733
f 2733 2711 2724
f 2724 2711 2734
f 2734 2711 2712
f 2722 2724 2735
f 2735 2724 2734
f 2719 2722 2736
f 2736 2722 2735
f 2726 2728 2733
f 2733 2728 2718
f 2709 2733 2710
f 2710 2733 2718
f 2732 2719 2737
f 2737 2719 2736
f 2738 2739 2735
f 2735 2739 2736
f 2739 2740 2736
f 2736 2740 2737
f 2741 2742 2738
f 2738 2742 2739
f 2738 2743 2741
f 2741 2743 2744
f 2740 2739 2745
f 2745 2739 2742
f 2735 2734 2738
f 2738 2734 2743
f 2713 2743 2712
f 2712 2743 2734
f 2737 2746 2732
f 2732 2746 2747
f 2732 2747 2730
f 2730 2747 2731
f 2718 2728 2748
f 2748 2728 2727
f 2749 2750 2727
f 2727 2750 2748
f 2748 2751 2718
f 2718 2751 2717
f 2750 2752 2748
f 2748 2752 2751
f 2750 2749 2754
f 2754 2749 2753
f 2731 2747 2753
f 2753 2747 2754
f 2727 2725 2749
f 2749 2725 2729
f 2749 2729 2753
f 2753 2729 2731
f 2702 2755 2703
f 2703 2755 2713
f 2706 2716 2701
f 2701 2716 2756
f 2755 2702 2756
f 2756 2702 2701
f 2756 2757 2755
f 2755 2757 2744
f 2757 2758 2744
f 2744 2758 2741
f 2759 2757 2716
f 2716 2757 2756
f 2743 2713 2744
f 2744 2713 2755
f 2760 2759 2715
f 2715 2759 2716
f 2715 2714 2760
f 2760 2714 2717
f 2760 2717 2761
f 2761 2717 2751
f 2761 2762 2760
f 2760 2762 2759
f 2763 2764 2761
f 2761 2764 2762
f 2762 2758 2759
f 2759 2758 2757
f 2758 2762 2765
f 2765 2762 2764
f 2752 2763 2751
f 2751 2763 2761
f 2763 2752 2766
f 2766 2752 2767
f 2768 2769 2766
f 2766 2769 2770
f 2764 2763 2770
f 2770 2763 2766
f 2766 2767 2768
f 2768 2767 2746
f 2747 2746 2754
f 2754 2746 2767
f 2752 2750 2767
f 2767 2750 2754
f 2758 2765 2741
f 2741 2765 2742
f 2769 2745 2765
f 2765 2745 2742
f 2769 2765 2770
f 2770 2765 2764
f 2768 2740 2769
f 2769 2740 2745
f 2746 2737 2768
f 2768 2737 2740
f 2201 2212 2200
f 2200 2212 2214
f 2201 2202 2212
f 2212 2202 2185
f 2512 2581 2191
f 2191 2581 2192
f 2059 2290 2056
f 2056 2290 2272
f 2174 2199 2294
f 2294 2199 2278
f 2063 2175 2194
f 2194 2175 2291
f 2192 2581 2133
f 2133 2581 2490
f 2133 2132 2192
f 2192 2132 2189
f 2054 2276 2055
f 2055 2276 2138
f 2083 2279 2084
f 2084 2279 2771
f 2771 2279 2599
f 2599 2279 2596
f 2606 2772 2599
f 2599 2772 2771
f 2772 2773 2771
f 2771 2773 2084
f 2773 2774 2084
f 2084 2774 2085
f 2085 2775 2082
f 2082 2775 2144
f 2774 2078 2085
f 2085 2078 2775
f 2078 2774 2079
f 2079 2774 2776
f 2774 2773 2776
f 2776 2773 2777
f 2773 2772 2777
f 2777 2772 2778
f 2190 2189 2609
f 2609 2189 2778
f 2053 2052 2779
f 2779 2052 2181
f 2144 2775 2081
f 2081 2775 2078
f 2294 2153 2174
f 2174 2153 2175
f 2132 2276 2189
f 2189 2276 2778
f 2606 2609 2772
f 2772 2609 2778
f 2195 2613 2698
f 2698 2613 2612
f 2596 2279 2698
f 2698 2279 2195
f 2054 2777 2276
f 2276 2777 2778
f 2777 2054 2776
f 2776 2054 2053
f 2053 2779 2776
f 2776 2779 2079
f 2779 2181 2079
f 2079 2181 2080
f 2181 2239 2080
f 2080 2239 2240
f 2122 2256 2014
f 2042 1982 2076
f 2076 1982 2007
f 1982 1985 2007
f 2007 1985 2008
f 2095 2097 2265
f 2265 2097 2266
f 2076 2050 2042
f 2042 2050 2047
f 2046 2043 2047
f 2047 2043 2042
f 2118 1993 2046
f 2046 1993 2043
f 1995 1994 2118
f 2118 1994 1993
f 2267 1992 2011
f 2011 1992 2012
f 1997 2012 1994
f 1994 2012 1992
f 2226 2013 1997
f 1997 2013 2012
f 2225 2087 2226
f 2226 2087 2013
f 2225 2232 2087
f 2087 2232 2288
f 2232 2070 2288
f 2288 2070 2252
f 2070 2025 2252
f 2252 2025 2253
f 1988 2249 2025
f 2025 2249 2253
f 2116 2115 2267
f 2267 2115 2268
f 2096 1984 2237
f 2237 1984 1991
f 2095 1985 2096
f 2096 1985 1984
f 2265 2008 2095
f 2095 2008 1985
f 2092 2009 2265
f 2265 2009 2008
f 2091 2286 2092
f 2092 2286 2009
f 2255 2238 2091
f 2091 2238 2286
f 2256 2239 2255
f 2255 2239 2238
f 2122 2240 2256
f 2256 2240 2239
f 2121 2241 2122
f 2122 2241 2240
f 2022 2018 2097
f 2097 2018 2266
f 2022 2024 2018
f 2018 2024 2019
f 2024 2072 2019
f 2019 2072 2073
f 2072 2228 2073
f 2073 2228 2230
f 2228 2184 2230
f 2230 2184 2183
f 2121 2285 2241
f 2241 2285 2258
f 2285 2036 2258
f 2258 2036 2257
f 2177 2145 2193
f 2193 2145 2257
f 2173 2193 2196
f 2196 2193 2037
f 2036 2037 2257
f 2257 2037 2193
f 2196 2037 2066
f 2066 2037 2035
f 2061 2108 2034
f 2034 2108 2067
f 2108 2208 2067
f 2067 2208 2204
f 2208 2210 2204
f 2204 2210 2203
f 2210 2280 2203
f 2203 2280 2186
f 2183 2186 2235
f 2235 2186 2280
f 1987 2114 1988
f 1988 2114 2249
f 2237 2115 1987
f 1987 2115 2114
f 1991 2268 2237
f 2237 2268 2115
f 1991 1990 2268
f 2268 1990 1992
f 107 110 2781
f 2781 110 2780
f 117 2782 118
f 118 2782 2783
f 119 2784 120
f 120 2784 2785
f 125 2786 126
f 126 2786 2787
f 127 2788 128
f 128 2788 2789
f 127 132 2788
f 2788 132 2790
f 231 230 2792
f 2792 230 2791
f 118 2783 119
f 119 2783 2784
f 241 243 2794
f 2794 243 2793
f 2781 2795 107
f 107 2795 352
f 120 2785 437
f 437 2785 2796
f 126 2787 110
f 110 2787 2780
f 455 2797 456
f 456 2797 2798
f 128 2789 457
f 457 2789 2799
f 456 2798 117
f 117 2798 2782
f 2794 2797 241
f 241 2797 455
f 457 2799 125
f 125 2799 2786
f 132 231 2790
f 2790 231 2792
f 230 437 2791
f 2791 437 2796
f 2792 2789 2790
f 2790 2789 2788
f 2785 2784 2801
f 2801 2784 2800
f 2786 2802 2787
f 2787 2802 2803
f 2792 2791 2805
f 2805 2791 2804
f 2784 2783 2800
f 2800 2783 2806
f 2785 2801 2796
f 2796 2801 2807
f 2787 2803 2780
f 2780 2803 2808
f 2789 2809 2799
f 2799 2809 2810
f 2799 2810 2786
f 2786 2810 2802
f 2791 2796 2804
f 2804 2796 2807
f 2789 2792 2809
f 2809 2792 2805
f 2812 2797 2811
f 2811 2797 2794
f 2809 2805 2810
f 2810 2805 2804
f 2810 2804 2802
f 2802 2804 2807
f 2802 2807 2803
f 2803 2807 2801
f 2808 2803 2800
f 2800 2803 2801
f 2814 699 2813
f 2813 699 698
f 2808 2815 2780
f 2780 2815 2781
f 2817 2782 2816
f 2816 2782 2798
f 2815 2818 2781
f 2781 2818 2795
f 2797 2812 2798
f 2798 2812 2816
f 2783 2782 2806
f 2806 2782 2817
f 2800 2806 2808
f 2808 2806 2815
f 2794 2793 2811
f 2811 2793 2819
f 174 201 384
f 384 201 362
f 200 1766 390
f 390 1766 1777
f 1777 1778 390
f 390 1778 398
f 1778 361 398
f 398 361 222
f 2820 2821 628
f 628 2821 629
f 1406 2820 790
f 790 2820 628
f 794 1415 1233
f 1233 1415 1234
f 1406 790 1407
f 1407 790 1312
f 1407 1312 2822
f 2822 1312 1316
f 2823 1380 1543
f 1543 1380 1379
f 1385 1738 1382
f 1382 1738 1383
f 1381 791 1382
f 1382 791 1386
f 791 794 1386
f 1386 794 1233
f 1259 1390 1260
f 1260 1390 1389
f 1905 1542 1394
f 1394 1542 1395
f 1410 1413 1397
f 1397 1413 1398
f 2821 1410 629
f 629 1410 1397
f 2823 2822 1380
f 1380 2822 1316
f 1392 1395 1378
f 1378 1395 1379
f 1738 1399 1383
f 1383 1399 1398
f 1388 1235 1389
f 1389 1235 1234
f 1393 1391 1394
f 1394 1391 1390
f 1381 1384 779
f 779 1384 780
f 1282 788 792
f 792 788 793
f 1431 1262 1432
f 1432 1262 1261
f 1400 1342 1408
f 1408 1342 1409
f 1508 1544 1411
f 1411 1544 1412
f 788 787 793
f 793 787 1414
f 2821 2820 1429
f 1429 2820 1430
f 2822 2823 1506
f 1506 2823 1507
f 778 1282 779
f 779 1282 792
f 2820 1406 1430
f 1430 1406 1409
f 1410 2821 1411
f 1411 2821 1429
f 1407 2822 1408
f 1408 2822 1506
f 1544 781 1412
f 1412 781 780
f 1260 1415 1261
f 1261 1415 1414
f 1334 2824 923
f 923 2824 924
f 2826 1268 2825
f 2825 1268 1267
f 769 1212 2827
f 2827 1212 2828
f 1492 1190 1266
f 1266 1190 1267
f 1488 2829 1489
f 1489 2829 2830
f 922 1329 923
f 923 1329 1328
f 1484 2831 1485
f 1485 2831 2832
f 1482 2833 1485
f 1485 2833 1486
f 1324 1493 1489
f 1489 1493 1490
f 1265 1491 1266
f 1266 1491 1490
f 2835 2836 2834
f 2834 2836 2837
f 1250 2838 2827
f 2827 2838 2839
f 1488 1491 2840
f 2840 1491 2841
f 1268 2826 2842
f 2842 2826 2843
f 2844 2845 1495
f 1495 2845 1496
f 1427 2847 2846
f 2846 2847 926
f 2829 1488 2848
f 2848 1488 2840
f 1329 922 2849
f 2849 922 927
f 2850 2851 768
f 768 2851 1213
f 1265 1268 2852
f 2852 1268 2842
f 1491 1265 2841
f 2841 1265 2852
f 2854 2855 2853
f 2853 2855 2856
f 2855 2857 2856
f 2856 2857 598
f 2857 2858 598
f 598 2858 595
f 2858 2859 595
f 595 2859 626
f 649 652 2860
f 2860 652 2861
f 639 642 2862
f 2862 642 2863
f 2864 705 2862
f 2862 705 639
f 2865 1418 2864
f 2864 1418 705
f 2866 2867 2865
f 2865 2867 1418
f 1760 1348 1761
f 1761 1348 2867
f 1764 2868 1197
f 1197 2868 1198
f 2869 611 2868
f 2868 611 1198
f 2870 612 2869
f 2869 612 611
f 1352 1350 944
f 944 1350 688
f 1350 1256 688
f 688 1256 685
f 1256 1255 685
f 685 1255 692
f 1255 2871 692
f 692 2871 2872
f 701 2873 698
f 698 2873 2813
f 2872 1349 692
f 692 1349 693
f 1696 1744 1574
f 1574 1744 1575
f 1753 1618 1577
f 1577 1618 1578
f 1729 1594 1608
f 1608 1594 1609
f 1725 1630 1611
f 1611 1630 1612
f 1604 1607 1625
f 1625 1607 1626
f 1624 1703 1625
f 1625 1703 1912
f 1703 1702 1912
f 1912 1702 1913
f 1702 1753 1913
f 1913 1753 1577
f 1598 1569 1915
f 1915 1569 1578
f 1616 1615 1915
f 1915 1615 1916
f 1615 1696 1916
f 1916 1696 1574
f 1744 1745 1575
f 1575 1745 1917
f 1745 1565 1917
f 1917 1565 1609
f 1568 1725 1608
f 1608 1725 1611
f 2874 1613 1918
f 1918 1613 1612
f 1607 2874 1626
f 1626 2874 1918
f 1610 1613 1562
f 1562 1613 1563
f 1547 1550 1570
f 1570 1550 1571
f 1573 1576 1580
f 1580 1576 1581
f 1553 1556 1595
f 1595 1556 1596
f 1556 1582 1596
f 1596 1582 1581
f 1551 1547 1599
f 1599 1547 1570
f 1731 1914 1601
f 1601 1914 1602
f 1686 1689 1605
f 1605 1689 1606
f 1598 1743 1599
f 1599 1743 1692
f 2874 1607 1723
f 1723 1607 1606
f 1727 1553 1730
f 1730 1553 1595
f 1600 1686 1601
f 1601 1686 1605
f 1914 1572 1602
f 1602 1572 1571
f 1579 1693 1580
f 1580 1693 1692
f 1613 2874 1563
f 1563 2874 1723
f 1561 1727 1562
f 1562 1727 1730
f 1949 1742 1548
f 1548 1742 1549
f 1694 1949 1552
f 1552 1949 1548
f 1954 1589 1554
f 1554 1589 1555
f 1693 1579 1558
f 1558 1579 1559
f 1561 1564 1584
f 1584 1564 1585
f 1582 1556 1588
f 1588 1556 1555
f 1600 1603 1591
f 1591 1603 1592
f 1981 1977 1687
f 1687 1977 1688
f 1564 1722 1585
f 1585 1722 1690
f 1551 1693 1552
f 1552 1693 1558
f 1751 1954 1728
f 1728 1954 1554
f 1590 1981 1591
f 1591 1981 1687
f 1603 1550 1592
f 1592 1550 1549
f 1977 1691 1688
f 1688 1691 1690
f 1587 1560 1588
f 1588 1560 1559
f 1727 1561 1728
f 1728 1561 1584
f 2875 1919 1947
f 1947 1919 1948
f 1557 1560 1952
f 1952 1560 1953
f 1933 1932 1955
f 1955 1932 1956
f 1587 1589 1958
f 1958 1589 1956
f 1959 1933 1965
f 1965 1933 1955
f 1961 1964 1966
f 1966 1964 1967
f 1981 1590 1969
f 1969 1590 1967
f 1742 1949 1972
f 1972 1949 1948
f 1593 1742 1966
f 1966 1742 1972
f 1957 1950 1958
f 1958 1950 1953
f 1583 1586 1974
f 1974 1586 1975
f 1940 1943 1978
f 1978 1943 1979
f 1943 1976 1979
f 1979 1976 1975
f 1951 2875 1952
f 1952 2875 1947
f 1968 1940 1969
f 1969 1940 1978
f 1973 1959 1974
f 1974 1959 1965
f 1923 1971 1920
f 1920 1971 1921
f 1919 2875 1920
f 1920 2875 1924
f 2875 1951 1924
f 1924 1951 1926
f 1950 1957 1929
f 1929 1957 1930
f 2244 2243 1934
f 1934 2243 1935
f 1973 1976 1937
f 1937 1976 1938
f 1944 1980 1941
f 1941 1980 1942
f 1940 1968 1941
f 1941 1968 1945
f 2287 2244 1960
f 1960 2244 1934
f 1970 2245 1962
f 1962 2245 1963
f 2243 1931 1935
f 1935 1931 1930
f 1927 1926 1928
f 1928 1926 1929
f 1961 1922 1962
f 1962 1922 1921
f 2245 1946 1963
f 1963 1946 1945
f 1976 1943 1938
f 1938 1943 1942
f 1936 2287 1937
f 1937 2287 1960
f 743 1238 608
f 608 1238 609
f 607 1811 608
f 608 1811 744
f 1304 2876 1305
f 1305 2876 2877
f 586 585 1298
f 1298 585 1299
f 585 702 1299
f 1299 702 1300
f 702 1428 1300
f 1300 1428 1301
f 1238 586 609
f 609 586 1298
f 2878 2879 1218
f 1218 2879 2877
f 2880 2881 1812
f 1812 2881 1819
f 2883 1821 2882
f 2882 1821 1820
f 2840 2841 620
f 620 2841 621
f 2842 2843 795
f 795 2843 796
f 892 895 2844
f 2844 895 2845
f 2848 2840 942
f 942 2840 620
f 2849 927 1202
f 1202 927 1203
f 2852 2842 1270
f 1270 2842 795
f 2841 2852 621
f 621 2852 1270
f 941 1759 942
f 942 1759 2884
f 659 929 1427
f 1427 929 2847
f 1237 2851 751
f 751 2851 2850
f 1216 2885 1217
f 1217 2885 1754
f 2887 734 2886
f 2886 734 733
f 2889 1816 2888
f 2888 1816 1815
f 2890 1245 2889
f 2889 1245 1816
f 1824 2891 1825
f 1825 2891 1246
f 2892 2893 2895
f 2895 2893 2894
f 1854 1833 1851
f 1851 1833 1832
f 1851 1832 1884
f 1884 1832 1876
f 1884 1876 1441
f 1441 1876 1443
f 1441 1443 1442
f 1442 1443 1446
f 1442 1446 2896
f 2896 1446 1507
f 2897 2823 2898
f 2898 2823 1543
f 1542 2899 1543
f 1543 2899 2898
f 1542 1905 2899
f 2899 1905 2900
f 1905 1259 2900
f 2900 1259 2901
f 1262 1431 2902
f 2902 1431 1904
f 1431 1434 1904
f 1904 1434 1902
f 1902 1434 2903
f 2903 1434 719
f 2903 719 2904
f 2904 719 718
f 1869 1881 718
f 718 1881 2904
f 1881 1869 1880
f 1880 1869 756
f 1880 756 2905
f 2905 756 755
f 2905 755 2906
f 2906 755 758
f 762 2907 763
f 763 2907 2908
f 724 723 2909
f 2909 723 894
f 796 895 723
f 723 895 894
f 2843 2845 796
f 796 2845 895
f 2826 1496 2843
f 2843 1496 2845
f 2825 1497 2826
f 2826 1497 1496
f 1189 2836 2825
f 2825 2836 1497
f 797 891 798
f 798 891 2837
f 802 888 797
f 797 888 891
f 2910 2911 2913
f 2913 2911 2912
f 1780 1783 2915
f 2915 1783 2914
f 2916 2917 831
f 831 2917 832
f 2918 2919 845
f 845 2919 846
f 2920 2916 847
f 847 2916 831
f 2921 2922 857
f 857 2922 858
f 2923 2924 860
f 860 2924 861
f 2919 2912 846
f 846 2912 887
f 2925 2920 940
f 940 2920 847
f 2924 2926 861
f 861 2926 1204
f 2917 2918 832
f 832 2918 845
f 2927 2928 1449
f 1449 2928 1450
f 2929 2930 889
f 889 2930 2931
f 2896 1507 2897
f 2897 1507 2823
f 2902 2901 1262
f 1262 2901 1259
f 2932 2933 750
f 750 2933 1236
f 2933 2934 1236
f 1236 2934 1835
f 2936 2937 2935
f 2935 2937 2938
f 2940 2941 2939
f 2939 2941 2942
f 2943 2944 1841
f 1841 2944 1842
f 2945 1860 2944
f 2944 1860 1842
f 2945 2946 1860
f 1860 2946 1859
f 1889 2947 1890
f 1890 2947 1856
f 1856 2947 1857
f 1857 2947 2948
f 2950 709 2949
f 2949 709 1829
f 2952 730 2951
f 2951 730 729
f 2866 2953 2867
f 2867 2953 1761
f 2953 2954 1761
f 1761 2954 1420
f 2954 2955 1420
f 1420 2955 742
f 2955 2956 742
f 742 2956 739
f 2956 2957 739
f 739 2957 760
f 2957 2958 760
f 760 2958 761
f 2958 2959 761
f 761 2959 2960
f 2959 2961 2960
f 2960 2961 2962
f 2963 2964 1839
f 1839 2964 1840
f 2964 2965 1840
f 1840 2965 2942
f 2966 2950 2939
f 2939 2950 2949
f 2935 2967 2936
f 2936 2967 2968
f 2969 2970 736
f 736 2970 735
f 734 2887 1815
f 1815 2887 2888
f 2887 2882 2888
f 2888 2882 2881
f 1819 1820 1817
f 1817 1820 748
f 1195 1757 1197
f 1197 1757 1424
f 1757 647 1424
f 1424 647 646
f 647 648 646
f 646 648 643
f 648 1271 643
f 643 1271 737
f 1271 725 737
f 737 725 765
f 725 724 765
f 765 724 762
f 762 724 2907
f 2907 724 2909
f 1254 1437 2909
f 2909 1437 2907
f 1438 1253 1836
f 1836 1253 1835
f 1836 1835 2938
f 2938 1835 2934
f 2971 2972 2935
f 2935 2972 2967
f 897 896 2969
f 2969 896 2970
f 1815 1814 734
f 734 1814 731
f 728 1215 896
f 896 1215 732
f 2885 1216 733
f 733 1216 2886
f 1216 1219 2886
f 2886 1219 2883
f 2876 1304 1821
f 1821 1304 749
f 1304 1303 749
f 749 1303 746
f 1818 2973 1817
f 1817 2973 1810
f 747 2974 1818
f 1818 2974 2973
f 747 746 2974
f 2974 746 1303
f 2976 2977 2975
f 2975 2977 2978
f 2976 2979 2901
f 2901 2979 2900
f 2980 2981 2982
f 2982 2981 2979
f 2981 2980 2983
f 2983 2980 2984
f 2985 2897 2983
f 2983 2897 2898
f 2987 2988 2986
f 2986 2988 2985
f 2896 2988 1442
f 1442 2988 1439
f 1903 2977 1904
f 1904 2977 2902
f 1856 1855 1890
f 1890 1855 2989
f 2989 2990 1890
f 1890 2990 1359
f 2990 2991 1359
f 1359 2991 1356
f 2946 2992 1859
f 1859 2992 1893
f 2992 2993 1893
f 1893 2993 775
f 2993 2994 775
f 775 2994 776
f 2986 1356 2987
f 2987 1356 2991
f 2975 2978 776
f 776 2978 777
f 2982 2994 2980
f 2980 2994 2995
f 1357 2984 2995
f 2995 2984 2980
f 2995 2996 1357
f 1357 2996 1358
f 2996 2997 1358
f 1358 2997 1889
f 2998 2999 2932
f 2932 2999 2933
f 2999 2971 2933
f 2933 2971 2934
f 1837 1836 2937
f 2937 1836 2938
f 2943 1841 2941
f 2941 1841 1838
f 3001 2944 3000
f 3000 2944 2943
f 3001 3002 2944
f 2944 3002 2945
f 3002 3003 2945
f 2945 3003 2946
f 2997 3003 1889
f 1889 3003 2947
f 2947 3003 2948
f 2948 3003 3002
f 3001 3004 3002
f 3002 3004 2948
f 3000 3005 3001
f 3001 3005 3004
f 2940 3006 3000
f 3000 3006 3005
f 2999 3007 2971
f 2971 3007 2972
f 2998 2951 2999
f 2999 2951 3007
f 3008 2952 2998
f 2998 2952 2951
f 2966 2965 2936
f 2936 2965 2937
f 2935 2938 2971
f 2971 2938 2934
f 3003 2997 2946
f 2946 2997 2992
f 2997 2996 2992
f 2992 2996 2993
f 2996 2995 2993
f 2993 2995 2994
f 1356 2986 1357
f 1357 2986 2984
f 2982 2975 2994
f 2994 2975 776
f 1844 1843 1899
f 1899 1843 3009
f 1843 638 3009
f 3009 638 3010
f 638 637 3010
f 3010 637 3011
f 637 1830 3011
f 3011 1830 3012
f 1830 1833 3012
f 3012 1833 2894
f 1833 1854 2894
f 2894 1854 2895
f 1854 1853 2895
f 2895 1853 1888
f 1858 1857 1885
f 1885 1857 1892
f 1899 3009 1898
f 1898 3009 1874
f 3009 3010 1874
f 1874 3010 1865
f 3010 3011 1865
f 1865 3011 1862
f 3011 3012 1862
f 1862 3012 1882
f 3012 2894 1882
f 1882 2894 2893
f 1850 2890 782
f 782 2890 2889
f 783 2880 1811
f 1811 2880 1812
f 744 1810 745
f 745 1810 2973
f 745 2973 805
f 805 2973 806
f 2973 2974 806
f 806 2974 815
f 1303 812 2974
f 2974 812 815
f 1303 1302 812
f 812 1302 1221
f 1307 3013 1302
f 1302 3013 1221
f 1734 3014 1633
f 1633 3014 1634
f 1646 1649 1636
f 1636 1649 1637
f 1654 1657 1641
f 1641 1657 1642
f 1639 1736 1636
f 1636 1736 1684
f 1716 1713 1698
f 1698 1713 1699
f 1718 1721 1705
f 1705 1721 1706
f 1653 1654 1709
f 1709 1654 1641
f 1620 1623 1714
f 1714 1623 1699
f 1712 1682 1714
f 1714 1682 1740
f 1668 1671 1746
f 1746 1671 1747
f 1752 1650 1749
f 1749 1650 1750
f 1750 1650 1709
f 1709 1650 1653
f 1632 1668 1633
f 1633 1668 1746
f 1649 1752 1637
f 1637 1752 1749
f 1682 1643 1740
f 1740 1643 1642
f 3014 1685 1634
f 1634 1685 1684
f 1704 1748 1705
f 1705 1748 1747
f 1697 1707 1698
f 1698 1707 1706
f 1739 1701 1621
f 1621 1701 1622
f 1567 1566 1647
f 1647 1566 1648
f 1664 1695 1651
f 1651 1695 1652
f 1614 1617 1655
f 1655 1617 1656
f 1704 1707 1659
f 1659 1707 1660
f 3014 1734 1662
f 1662 1734 1663
f 1650 1752 1651
f 1651 1752 1665
f 1741 1657 1667
f 1667 1657 1656
f 1695 1614 1652
f 1652 1614 1655
f 1724 1567 1726
f 1726 1567 1647
f 1645 1628 1733
f 1733 1628 1663
f 1685 3014 1726
f 1726 3014 1662
f 1620 1741 1621
f 1621 1741 1667
f 1566 1666 1648
f 1648 1666 1665
f 1658 1737 1659
f 1659 1737 1901
f 1911 1661 1910
f 1910 1661 1660
f 1701 1911 1622
f 1622 1911 1910
f 1732 1748 1733
f 1733 1748 1901
f 1857 2948 1892
f 1892 2948 3004
f 1892 3004 1891
f 1891 3004 3005
f 1828 3006 1829
f 1829 3006 2949
f 2967 736 2968
f 2968 736 710
f 2972 2969 2967
f 2967 2969 736
f 2969 2972 897
f 897 2972 3007
f 897 3007 729
f 729 3007 2951
f 3016 753 3015
f 3015 753 752
f 3018 767 3017
f 3017 767 766
f 3019 3020 1249
f 1249 3020 3021
f 2915 2914 3019
f 3019 2914 3020
f 3023 2914 3022
f 3022 2914 1783
f 2827 2839 769
f 769 2839 766
f 3025 2838 3024
f 3024 2838 3021
f 768 767 2850
f 2850 767 3026
f 2850 3026 751
f 751 3026 752
f 750 753 2932
f 2932 753 3027
f 3008 2998 3027
f 3027 2998 2932
f 3028 3029 3008
f 3008 3029 2952
f 3029 3030 2952
f 2952 3030 730
f 3032 3033 3031
f 3031 3033 3034
f 3036 3037 3035
f 3035 3037 3038
f 2870 3039 612
f 612 3039 3040
f 3041 3042 3031
f 3031 3042 3038
f 3034 1352 3043
f 3043 1352 944
f 612 3040 613
f 613 3040 3044
f 613 3044 1425
f 1425 3044 1422
f 3045 3042 669
f 669 3042 670
f 3041 3043 599
f 599 3043 600
f 772 771 1544
f 1544 771 781
f 1503 771 1866
f 1866 771 770
f 771 1503 781
f 781 1503 778
f 61 281 416
f 416 281 1907
f 283 103 3046
f 3046 103 3047
f 76 79 3048
f 3048 79 3049
f 280 76 1906
f 1906 76 3048
f 3051 335 3050
f 3050 335 334
f 3053 417 3052
f 3052 417 416
f 3055 435 3054
f 3054 435 434
f 428 435 419
f 419 435 1908
f 420 1909 293
f 293 1909 443
f 79 294 3049
f 3049 294 444
f 3057 444 3056
f 3056 444 443
f 3051 3058 335
f 335 3058 452
f 216 215 1332
f 1332 215 452
f 308 283 462
f 462 283 3046
f 3050 334 3059
f 3059 334 462
f 103 62 3047
f 3047 62 417
f 313 312 434
f 434 312 463
f 3061 574 3060
f 3060 574 573
f 1310 3062 1428
f 1428 3062 3063
f 1258 3064 1255
f 1255 3064 2871
f 932 3065 2853
f 2853 3065 3066
f 699 2814 931
f 931 2814 3067
f 3068 1301 3063
f 3063 1301 1428
f 571 574 1310
f 1310 574 3062
f 3060 573 3069
f 3069 573 1332
f 3070 3071 1906
f 1906 3071 1907
f 3072 3073 1908
f 1908 3073 1909
f 3075 2814 3074
f 3074 2814 2813
f 2854 3076 1258
f 1258 3076 3064
f 2871 3077 2872
f 2872 3077 3078
f 3074 2813 3079
f 3079 2813 2873
f 2872 3078 1349
f 1349 3078 3080
f 2873 701 3068
f 3068 701 1301
f 1330 1201 3080
f 3080 1201 1349
f 1264 1263 3081
f 3081 1263 3082
f 3083 3084 3082
f 3082 3084 3081
f 811 1448 3086
f 3086 1448 3085
f 808 811 3087
f 3087 811 3086
f 3088 3083 833
f 833 3083 3082
f 884 3089 885
f 885 3089 3090
f 3087 1790 808
f 808 1790 816
f 1790 3087 1787
f 1787 3087 3091
f 3092 3091 3086
f 3086 3091 3087
f 3093 3094 3084
f 3084 3094 3095
f 3089 3096 3090
f 3090 3096 3088
f 3097 3093 3083
f 3083 3093 3084
f 3099 3100 3098
f 3098 3100 1786
f 3101 1788 2913
f 2913 1788 3102
f 838 837 885
f 885 837 886
f 886 837 3103
f 3103 837 1541
f 3094 3093 3104
f 3104 3093 3097
f 3105 3106 3089
f 3089 3106 3096
f 3108 3109 3107
f 3107 3109 3110
f 3111 3112 3091
f 3091 3112 1787
f 3114 3108 3113
f 3113 3108 3107
f 3114 3115 3112
f 3112 3115 3102
f 3091 3092 3111
f 3111 3092 3116
f 839 838 835
f 835 838 836
f 885 3090 838
f 838 3090 836
f 3110 3117 1247
f 1247 3117 3118
f 1247 3118 1248
f 1248 3118 3119
f 3120 3121 3119
f 3119 3121 1248
f 1247 844 3110
f 3110 844 3107
f 844 843 3107
f 3107 843 3113
f 843 3099 3113
f 3113 3099 3122
f 1781 3123 3098
f 3098 3123 3124
f 2915 2931 1780
f 1780 2931 2930
f 3019 3125 2915
f 2915 3125 2931
f 890 3125 2834
f 2834 3125 1252
f 3125 3019 1252
f 1252 3019 1249
f 907 908 946
f 946 908 947
f 1185 1188 1369
f 1369 1188 948
f 954 957 951
f 951 957 952
f 910 965 953
f 953 965 950
f 905 958 960
f 960 958 961
f 3126 978 949
f 949 978 962
f 936 935 967
f 967 935 968
f 994 993 969
f 969 993 966
f 902 904 971
f 971 904 972
f 983 985 973
f 973 985 970
f 906 905 974
f 974 905 960
f 977 981 959
f 959 981 975
f 911 910 1143
f 1143 910 953
f 952 957 1142
f 1142 957 1145
f 911 1143 1366
f 1366 1143 1368
f 1185 1369 1145
f 1145 1369 1142
f 993 1519 966
f 966 1519 1456
f 965 1454 950
f 950 1454 1457
f 900 899 1459
f 1459 899 1460
f 988 991 1461
f 1461 991 1458
f 899 963 1460
f 1460 963 1462
f 985 987 970
f 970 987 1463
f 904 906 972
f 972 906 974
f 981 983 975
f 975 983 973
f 935 900 968
f 968 900 1459
f 991 994 1458
f 1458 994 969
f 1154 1526 1088
f 1088 1526 1089
f 1109 1112 1092
f 1092 1112 1093
f 1083 1098 1084
f 1084 1098 1097
f 1078 1471 1100
f 1100 1471 1101
f 1075 1078 1104
f 1104 1078 1100
f 1152 1154 1156
f 1156 1154 1088
f 1156 1155 1372
f 1372 1155 1373
f 1372 1373 1104
f 1104 1373 1075
f 1467 1109 1465
f 1465 1109 1092
f 1465 1182 1468
f 1468 1182 1184
f 1474 1470 1096
f 1096 1470 1097
f 1102 1101 1083
f 1083 1101 1098
f 1112 1531 1093
f 1093 1531 1529
f 1102 1073 1099
f 1099 1073 1072
f 1526 1154 1079
f 1079 1154 1080
f 1081 1091 1082
f 1082 1091 1094
f 1069 1068 1085
f 1085 1068 1086
f 1153 1151 1080
f 1080 1151 1058
f 1371 1177 1179
f 1179 1177 1176
f 1099 1072 1103
f 1103 1072 1176
f 1068 1071 1086
f 1086 1071 1073
f 1085 1084 1180
f 1180 1084 1469
f 1066 1065 1183
f 1183 1065 1181
f 1153 1152 1177
f 1177 1152 1178
f 1091 1081 1182
f 1182 1081 1183
f 1057 1525 1079
f 1079 1525 1527
f 1120 1117 1076
f 1076 1117 1077
f 1087 1090 1107
f 1107 1090 1108
f 1127 1126 1110
f 1110 1126 1111
f 1095 1116 1096
f 1096 1116 1115
f 1471 1078 1119
f 1119 1078 1077
f 1087 1107 1155
f 1155 1107 1158
f 1376 1374 1157
f 1157 1374 1158
f 1076 1075 1374
f 1374 1075 1373
f 1109 1467 1110
f 1110 1467 1472
f 1467 1466 1472
f 1472 1466 1473
f 1135 1475 1114
f 1114 1475 1115
f 1471 1119 1095
f 1095 1119 1116
f 1126 1532 1111
f 1111 1532 1530
f 914 1276 1480
f 1480 1276 1517
f 3127 3128 1223
f 1223 3128 1224
f 824 933 1455
f 1455 933 3129
f 3131 1448 3130
f 3130 1448 1447
f 3132 3133 1452
f 1452 3133 1453
f 3130 1447 1322
f 1322 1447 1455
f 933 1514 3129
f 3129 1514 3134
f 1161 3135 1480
f 1480 3135 1481
f 3128 3136 1224
f 1224 3136 1499
f 3133 1162 1453
f 1453 1162 1517
f 1515 3127 1535
f 1535 3127 1223
f 3095 3085 3131
f 3131 3085 1448
f 3137 3092 3085
f 3085 3092 3086
f 3138 3116 3137
f 3137 3116 3092
f 3110 3109 3117
f 3117 3109 3139
f 3105 3140 3117
f 3117 3140 3118
f 3140 3141 3118
f 3118 3141 3119
f 3142 3120 3141
f 3141 3120 3119
f 1498 3143 1277
f 1277 3143 882
f 3144 3145 1340
f 1340 3145 1339
f 1340 3146 3144
f 3144 3146 3147
f 3145 3144 3143
f 3143 3144 3148
f 871 901 872
f 872 901 1362
f 3149 3148 3147
f 3147 3148 3144
f 1208 3150 1209
f 3098 1786 1781
f 1781 1786 1782
f 2930 2929 3123
f 3123 2929 2911
f 1794 1791 2916
f 2916 1791 2917
f 1793 3101 2918
f 2918 3101 2919
f 1796 1794 2920
f 2920 1794 2916
f 3151 3152 2921
f 2921 3152 2922
f 3153 3154 2923
f 2923 3154 2924
f 2919 3101 2912
f 2912 3101 2913
f 3155 1796 2925
f 2925 1796 2920
f 3154 3156 2924
f 2924 3156 2926
f 1791 1793 2917
f 2917 1793 2918
f 3157 3158 2927
f 2927 3158 2928
f 1780 2930 1781
f 1781 2930 3123
f 2825 1267 1189
f 1189 1267 1190
f 2827 2828 1250
f 1250 2828 1251
f 1489 2830 1324
f 1324 2830 1325
f 923 1328 1334
f 1334 1328 1335
f 1485 2832 1482
f 1482 2832 1483
f 1266 1490 1492
f 1492 1490 1493
f 1333 1346 1334
f 1334 1346 2824
f 722 799 1492
f 1492 799 1190
f 664 657 1482
f 1482 657 2833
f 631 634 1324
f 1324 634 1493
f 2828 1494 1251
f 1251 1494 2835
f 1249 3021 1250
f 1250 3021 2838
f 798 2837 1189
f 1189 2837 2836
f 3100 842 3160
f 3160 842 3159
f 1788 3101 1789
f 1789 3101 1793
f 1792 816 1789
f 1789 816 1790
f 817 816 1795
f 1795 816 1792
f 938 817 1797
f 1797 817 1795
f 1796 3155 1797
f 1797 3155 1798
f 3155 3158 1798
f 1798 3158 1799
f 3157 3152 1801
f 1801 3152 1802
f 3151 3156 1803
f 1803 3156 1804
f 3154 3153 1805
f 1805 3153 1806
f 3153 3161 1806
f 1806 3161 1807
f 3099 843 3100
f 3100 843 842
f 1788 1787 3102
f 3102 1787 3112
f 2910 3115 3124
f 3124 3115 3122
f 3099 3098 3122
f 3122 3098 3124
f 416 1907 3052
f 3052 1907 3071
f 3046 3047 3163
f 3163 3047 3162
f 249 445 259
f 259 445 3164
f 425 3165 424
f 424 3165 461
f 408 410 329
f 329 410 330
f 39 331 40
f 40 331 332
f 305 304 423
f 423 304 464
f 385 254 458
f 458 254 392
f 250 415 251
f 251 415 412
f 233 337 234
f 234 337 3166
f 435 3055 1908
f 1908 3055 3072
f 443 1909 3056
f 3056 1909 3073
f 3167 3049 3057
f 3057 3049 444
f 452 3058 1332
f 1332 3058 3069
f 234 3166 346
f 346 3166 411
f 3046 3163 462
f 462 3163 3059
f 259 3164 260
f 260 3164 336
f 3047 417 3162
f 3162 417 3053
f 463 3168 434
f 434 3168 3054
f 454 830 425
f 425 830 3165
f 3062 3169 3063
f 3063 3169 3170
f 1355 1354 1534
f 1534 1354 3171
f 3063 3170 3068
f 3068 3170 3172
f 574 3061 3062
f 3062 3061 3169
f 1534 3171 1535
f 1535 3171 3173
f 3079 2873 3172
f 3172 2873 3068
f 2838 3025 2839
f 2839 3025 3174
f 3176 3177 3175
f 3175 3177 3178
f 3180 1125 3179
f 3179 1125 1128
f 3182 3183 3181
f 3181 3183 3184
f 1134 3185 1130
f 1130 3185 3182
f 3186 3187 3189
f 3189 3187 3188
f 3191 3189 3190
f 3190 3189 3188
f 1137 1122 3190
f 3190 1122 3192
f 3175 3178 3193
f 3193 3178 3194
f 3181 3184 3179
f 3179 3184 3195
f 3197 3198 3196
f 3196 3198 3180
f 3200 3178 3199
f 3199 3178 3177
f 3202 3196 3201
f 3201 3196 3195
f 3204 3184 3203
f 3203 3184 3183
f 3206 3207 3205
f 3205 3207 3186
f 3205 3186 3208
f 3208 3186 3189
f 3209 3208 3191
f 3191 3208 3189
f 3210 3194 3200
f 3200 3194 3178
f 3201 3195 3204
f 3204 3195 3184
f 3197 3211 3177
f 3177 3211 3199
f 3213 3214 3212
f 3212 3214 3215
f 3217 3218 3216
f 3216 3218 3219
f 3221 3222 3220
f 3220 3222 3223
f 3225 3226 3224
f 3224 3226 3227
f 3229 3230 3228
f 3228 3230 3231
f 3233 3234 3232
f 3232 3234 3235
f 3237 3238 3236
f 3236 3238 3239
f 3238 3240 3239
f 3239 3240 3241
f 3232 3235 3242
f 3242 3235 3243
f 3245 3246 3244
f 3244 3246 3247
f 3248 3249 3245
f 3245 3249 3246
f 3251 3252 3250
f 3250 3252 3253
f 3255 3252 3254
f 3254 3252 3251
f 3256 3257 3259
f 3259 3257 3258
f 3261 3262 3260
f 3260 3262 3263
f 3265 3263 3264
f 3264 3263 3262
f 3256 3259 3266
f 3266 3259 3267
f 3269 3270 3268
f 3268 3270 3271
f 3269 3272 3270
f 3270 3272 3273
f 3274 3275 3277
f 3277 3275 3276
f 3278 3279 3276
f 3276 3279 3277
f 3281 3282 3280
f 3280 3282 3283
f 3280 3284 3281
f 3281 3284 3285
f 3287 3288 3286
f 3286 3288 3289
f 3290 3291 3288
f 3288 3291 3289
f 3234 3218 3235
f 3235 3218 3217
f 3232 3292 3233
f 3233 3292 3293
f 3239 3294 3236
f 3236 3294 3219
f 3233 3293 3237
f 3237 3293 3295
f 3296 3294 3241
f 3241 3294 3239
f 3240 3238 3297
f 3297 3238 3298
f 3217 3216 3235
f 3235 3216 3243
f 3297 3299 3240
f 3240 3299 3242
f 3246 3300 3247
f 3247 3300 3223
f 3301 3302 3254
f 3254 3302 3244
f 3249 3303 3246
f 3246 3303 3300
f 3245 3304 3248
f 3248 3304 3292
f 3252 3221 3253
f 3253 3221 3220
f 3250 3248 3299
f 3299 3248 3292
f 3222 3221 3255
f 3255 3221 3252
f 3297 3301 3251
f 3251 3301 3254
f 3258 3214 3259
f 3259 3214 3213
f 3257 3256 3304
f 3304 3256 3305
f 3263 3306 3260
f 3260 3306 3215
f 3261 3257 3302
f 3302 3257 3304
f 3307 3306 3265
f 3265 3306 3263
f 3262 3301 3264
f 3264 3301 3308
f 3259 3213 3267
f 3267 3213 3212
f 3308 3309 3264
f 3264 3309 3266
f 3270 3310 3271
f 3271 3310 3231
f 3311 3312 3278
f 3278 3312 3268
f 3270 3273 3310
f 3310 3273 3313
f 3272 3269 3305
f 3305 3269 3314
f 3277 3229 3274
f 3274 3229 3228
f 3275 3272 3309
f 3309 3272 3305
f 3279 3230 3277
f 3277 3230 3229
f 3276 3308 3278
f 3278 3308 3311
f 3281 3315 3282
f 3282 3315 3227
f 3290 3316 3283
f 3283 3316 3317
f 3281 3285 3315
f 3315 3285 3318
f 3284 3280 3314
f 3314 3280 3319
f 3289 3225 3286
f 3286 3225 3224
f 3287 3284 3312
f 3284 3314 3312
f 3291 3226 3289
f 3289 3226 3225
f 3288 3311 3290
f 3290 3311 3316
f 3212 3215 3307
f 3307 3215 3306
f 3294 3296 3219
f 3219 3296 3216
f 3303 3220 3300
f 3300 3220 3223
f 3224 3227 3318
f 3318 3227 3315
f 3228 3231 3313
f 3313 3231 3310
f 3234 3233 3236
f 3236 3233 3237
f 3243 3241 3242
f 3242 3241 3240
f 3247 3255 3244
f 3244 3255 3254
f 3253 3249 3250
f 3250 3249 3248
f 3260 3258 3261
f 3261 3258 3257
f 3266 3267 3264
f 3264 3267 3265
f 3268 3271 3278
f 3278 3271 3279
f 3274 3273 3275
f 3275 3273 3272
f 3283 3282 3290
f 3290 3282 3291
f 3286 3285 3287
f 3287 3285 3284
f 3218 3234 3219
f 3219 3234 3236
f 3295 3298 3237
f 3237 3298 3238
f 3216 3296 3243
f 3243 3296 3241
f 3242 3299 3232
f 3232 3299 3292
f 3223 3222 3247
f 3247 3222 3255
f 3244 3302 3245
f 3245 3302 3304
f 3303 3249 3220
f 3220 3249 3253
f 3297 3251 3299
f 3299 3251 3250
f 3215 3214 3260
f 3260 3214 3258
f 3301 3262 3302
f 3302 3262 3261
f 3212 3307 3267
f 3267 3307 3265
f 3266 3309 3256
f 3256 3309 3305
f 3271 3231 3279
f 3279 3231 3230
f 3268 3312 3269
f 3269 3312 3314
f 3228 3313 3274
f 3274 3313 3273
f 3308 3276 3309
f 3309 3276 3275
f 3282 3227 3291
f 3291 3227 3226
f 3317 3319 3283
f 3283 3319 3280
f 3224 3318 3286
f 3286 3318 3285
f 3312 3311 3287
f 3311 3288 3287
f 3320 3321 3194
f 3194 3321 3193
f 1375 3321 1121
f 1121 3321 3322
f 3323 3324 3322
f 3322 3324 3192
f 3175 1124 3176
f 3176 1124 1123
f 3179 3195 3180
f 3180 3195 3196
f 3181 1131 3182
f 3182 1131 1130
f 3207 3185 3186
f 3186 3185 3187
f 1136 3188 1133
f 1133 3188 3187
f 3190 3188 1137
f 1137 3188 1136
f 3193 1159 3175
f 3175 1159 1124
f 3179 1128 3181
f 3181 1128 1131
f 1533 3198 1123
f 1123 3198 3176
f 3321 1375 3193
f 3193 1375 1159
f 3321 3320 3322
f 3322 3320 3323
f 1122 1121 3192
f 3192 1121 3322
f 3194 3210 3320
f 3320 3210 3325
f 3324 3323 3327
f 3327 3323 3326
f 3320 3325 3323
f 3323 3325 3326
f 3208 3328 3205
f 3205 3328 3329
f 3330 3206 3329
f 3329 3206 3205
f 3203 3331 3204
f 3204 3331 3332
f 3210 3333 3325
f 3325 3333 3334
f 3325 3334 3326
f 3326 3334 3335
f 3327 3326 3336
f 3336 3326 3335
f 3327 3209 3324
f 3324 3209 3191
f 3190 3192 3191
f 3191 3192 3324
f 3338 3339 3337
f 3337 3339 3340
f 3338 3341 3339
f 3339 3341 3342
f 3341 3343 3342
f 3342 3343 3344
f 3343 3345 3344
f 3344 3345 3346
f 3345 3347 3346
f 3346 3347 3348
f 3347 3349 3348
f 3348 3349 3350
f 3337 3340 3351
f 3351 3340 3352
f 3351 3352 3353
f 3353 3352 3354
f 3353 3354 3355
f 3355 3354 3356
f 3350 3349 3357
f 3357 3349 3358
f 3355 3356 3359
f 3359 3356 3360
f 3359 3360 3361
f 3361 3360 3362
f 3361 3362 3363
f 3363 3362 3364
f 3363 3364 3358
f 3358 3364 3357
f 3339 3342 3365
f 3365 3342 3366
f 3342 3344 3366
f 3366 3344 3367
f 3344 3346 3367
f 3367 3346 3368
f 3346 3348 3368
f 3368 3348 3369
f 3348 3350 3369
f 3369 3350 3370
f 3368 3369 3371
f 3371 3369 3372
f 3369 3370 3372
f 3372 3370 3373
f 3373 3374 3372
f 3372 3374 3375
f 3377 3378 3376
f 3376 3378 3379
f 3377 3375 3378
f 3378 3375 3374
f 3375 3380 3372
f 3372 3380 3371
f 3377 3381 3375
f 3375 3381 3380
f 3376 3382 3377
f 3377 3382 3381
f 3384 3385 3383
f 3383 3385 3386
f 3384 3383 3388
f 3388 3383 3387
f 3388 3387 3389
f 3389 3387 3390
f 3392 3385 3391
f 3391 3385 3384
f 3388 3393 3384
f 3384 3393 3391
f 3389 3394 3388
f 3388 3394 3393
f 3389 3395 3394
f 3394 3395 3396
f 3395 3389 3397
f 3397 3389 3390
f 3339 3365 3340
f 3340 3365 3398
f 3340 3398 3352
f 3352 3398 3399
f 3371 3400 3368
f 3368 3400 3367
f 3400 3401 3367
f 3367 3401 3366
f 3366 3401 3365
f 3365 3401 3402
f 3398 3365 3403
f 3403 3365 3402
f 3398 3403 3399
f 3399 3403 3404
f 3403 3405 3404
f 3404 3405 3406
f 3352 3399 3354
f 3354 3399 3407
f 3399 3404 3407
f 3407 3404 3408
f 3404 3406 3408
f 3408 3406 3409
f 3405 3410 3406
f 3406 3410 3411
f 3410 3412 3411
f 3411 3412 3413
f 3397 3414 3395
f 3395 3414 3415
f 3417 3415 3416
f 3416 3415 3412
f 3410 3418 3412
f 3412 3418 3416
f 3410 3405 3418
f 3418 3405 3419
f 3405 3403 3419
f 3419 3403 3402
f 3370 3350 3420
f 3420 3350 3357
f 3373 3370 3421
f 3421 3370 3420
f 3374 3373 3422
f 3422 3373 3421
f 3378 3374 3423
f 3423 3374 3422
f 3378 3423 3379
f 3379 3423 3424
f 3424 3425 3379
f 3379 3425 3386
f 3383 3426 3387
f 3387 3426 3427
f 3387 3427 3390
f 3390 3427 3428
f 3390 3428 3397
f 3397 3428 3429
f 3429 3430 3397
f 3397 3430 3414
f 3411 3413 3431
f 3431 3413 3432
f 3406 3411 3409
f 3409 3411 3431
f 3401 3400 3335
f 3335 3400 3336
f 3401 3335 3402
f 3402 3335 3334
f 3402 3334 3419
f 3419 3334 3333
f 3419 3333 3418
f 3418 3333 3433
f 3418 3433 3416
f 3416 3433 3434
f 3435 3417 3434
f 3434 3417 3416
f 3394 3396 3436
f 3436 3396 3437
f 3393 3394 3332
f 3332 3394 3436
f 3393 3332 3391
f 3391 3332 3331
f 3330 3392 3331
f 3331 3392 3391
f 3382 3329 3381
f 3381 3329 3328
f 3354 3407 3356
f 3356 3407 3438
f 3356 3438 3360
f 3360 3438 3439
f 3360 3439 3362
f 3362 3439 3440
f 3362 3440 3364
f 3364 3440 3441
f 3364 3441 3357
f 3357 3441 3420
f 3421 3420 3442
f 3442 3420 3441
f 3442 3441 3443
f 3443 3441 3440
f 3443 3440 3444
f 3444 3440 3439
f 3444 3439 3445
f 3445 3439 3438
f 3445 3438 3408
f 3408 3438 3407
f 3422 3421 3446
f 3446 3421 3442
f 3446 3442 3447
f 3447 3442 3443
f 3447 3443 3448
f 3448 3443 3444
f 3448 3444 3449
f 3449 3444 3445
f 3449 3445 3409
f 3409 3445 3408
f 3409 3431 3449
f 3449 3431 3450
f 3449 3450 3448
f 3448 3450 3451
f 3451 3452 3448
f 3448 3452 3447
f 3447 3452 3446
f 3446 3452 3453
f 3446 3453 3422
f 3422 3453 3423
f 3424 3423 3454
f 3454 3423 3453
f 3452 3455 3453
f 3453 3455 3454
f 3452 3451 3455
f 3455 3451 3456
f 3450 3457 3451
f 3451 3457 3456
f 3431 3432 3450
f 3450 3432 3457
f 3454 3458 3424
f 3424 3458 3425
f 3427 3426 3459
f 3459 3426 3460
f 3428 3427 3461
f 3461 3427 3459
f 3428 3461 3429
f 3429 3461 3462
f 3462 3463 3429
f 3429 3463 3430
f 3464 3465 3462
f 3462 3465 3463
f 3455 3466 3454
f 3454 3466 3458
f 3465 3464 3466
f 3466 3464 3467
f 3461 3459 3468
f 3468 3459 3469
f 3468 3469 3464
f 3464 3469 3467
f 3464 3462 3468
f 3468 3462 3461
f 3459 3460 3469
f 3469 3460 3467
f 3295 3351 3298
f 3298 3351 3353
f 3353 3355 3298
f 3298 3355 3297
f 3297 3355 3301
f 3301 3355 3359
f 3301 3359 3308
f 3308 3359 3361
f 3308 3361 3311
f 3311 3361 3363
f 3311 3363 3316
f 3316 3363 3358
f 3316 3358 3317
f 3317 3358 3349
f 3349 3347 3317
f 3317 3347 3319
f 3347 3345 3319
f 3319 3345 3314
f 3345 3343 3314
f 3314 3343 3305
f 3343 3341 3305
f 3305 3341 3304
f 3304 3341 3292
f 3292 3341 3338
f 3292 3338 3293
f 3293 3338 3337
f 3293 3337 3295
f 3295 3337 3351
f 3437 3202 3436
f 3436 3202 3201
f 3436 3201 3332
f 3332 3201 3204
f 3433 3200 3434
f 3434 3200 3199
f 3211 3435 3199
f 3199 3435 3434
f 3333 3210 3433
f 3433 3210 3200
f 3380 3470 3371
f 3400 3371 3336
f 3336 3371 3470
f 3381 3328 3380
f 3380 3328 3470
f 3470 3328 3209
f 3209 3328 3208
f 3336 3470 3327
f 3327 3470 3209
f 1545 1763 1546
f 1546 1763 1762
f 1403 1546 773
f 773 1546 770
f 1221 3013 1220
f 1220 3013 3471
f 1305 2877 1306
f 1306 2877 2879
f 1220 3471 828
f 828 3471 829
f 1217 1754 3472
f 3472 1754 1756
f 1049 3473 1048
f 1048 3473 3474
f 1371 1179 3473
f 3473 1179 3474
f 1074 3475 1179
f 1179 3475 3474
f 3474 3475 1048
f 1048 3475 1056
f 919 666 1345
f 1345 666 665
f 856 680 919
f 919 680 666
f 679 680 1449
f 1449 680 858
f 1367 878 1500
f 1500 878 877
f 1366 908 1367
f 1367 908 878
f 1512 916 1513
f 1513 916 915
f 947 1368 948
f 948 1368 1369
f 1047 1021 1044
f 1044 1021 1020
f 1370 1049 1019
f 1019 1049 1020
f 1173 1030 1174
f 1174 1030 1033
f 3126 1188 1464
f 1464 1188 1187
f 1800 1451 1512
f 1512 1451 916
f 1175 1174 1186
f 1186 1174 1187
f 1030 1173 1047
f 1047 1173 1021
f 1513 915 3476
f 3476 915 1481
f 1345 665 3477
f 3477 665 1483
f 1502 1501 876
f 876 1501 877
f 1205 1451 1803
f 1803 1451 1802
f 3479 2832 3478
f 3478 2832 2831
f 1449 858 2927
f 2927 858 2922
f 908 1366 947
f 947 1366 1368
f 949 948 3126
f 3126 948 1188
f 3480 3135 1502
f 1502 3135 1501
f 2927 2922 3157
f 3157 2922 3152
f 3477 1483 3479
f 3479 1483 2832
f 1803 1802 3151
f 3151 1802 3152
f 663 658 664
f 664 658 657
f 655 658 939
f 939 658 706
f 1512 870 1800
f 1800 870 869
f 875 874 876
f 876 874 873
f 849 874 905
f 905 874 958
f 949 962 946
f 946 962 961
f 978 3126 979
f 979 3126 1464
f 1031 1168 1032
f 1032 1168 1022
f 1045 1013 1046
f 1046 1013 1012
f 1045 1044 1056
f 1056 1044 1048
f 1047 1046 1030
f 1030 1046 1031
f 939 706 940
f 940 706 1450
f 979 1464 1032
f 1032 1464 1033
f 3480 1478 3476
f 3476 1478 3134
f 2829 1487 2830
f 2830 1487 1486
f 848 1230 873
f 873 1230 1479
f 867 870 933
f 933 870 1514
f 1800 869 1801
f 1801 869 1799
f 2830 1486 1325
f 1325 1486 2833
f 940 1450 2925
f 2925 1450 2928
f 946 961 907
f 907 961 958
f 959 962 977
f 977 962 978
f 3476 3134 1513
f 1513 3134 1514
f 2925 2928 3155
f 3155 2928 3158
f 1325 2833 656
f 656 2833 657
f 1801 1799 3157
f 3157 1799 3158
f 1074 1055 3475
f 3475 1055 1056
f 1371 3473 1370
f 1370 3473 1049
f 2884 615 3481
f 3481 615 618
f 3478 2831 2846
f 2846 2831 617
f 2831 1484 617
f 617 1484 618
f 1484 1487 618
f 618 1487 3481
f 2848 3481 2829
f 2829 3481 1487
f 1480 1517 1161
f 1161 1517 1162
f 3129 1323 1455
f 1455 1323 1322
f 3129 3134 1323
f 1323 3134 1478
f 1535 3173 1515
f 1515 3173 1516
f 3085 3095 3137
f 3137 3095 3094
f 3137 3094 3138
f 3138 3094 3104
f 3117 3139 3105
f 3105 3139 3106
f 1138 1141 3127
f 3127 1141 3128
f 3081 3131 1264
f 1264 3131 3130
f 1227 1226 3132
f 3132 1226 3133
f 1264 3130 1229
f 1229 3130 1322
f 1160 1501 1161
f 1161 1501 3135
f 1141 1476 3128
f 3128 1476 3136
f 1226 1163 3133
f 3133 1163 1162
f 1363 1138 1515
f 1515 1138 3127
f 3084 3095 3081
f 3081 3095 3131
f 3089 884 3105
f 3105 884 3140
f 884 883 3140
f 3140 883 3141
f 883 3482 3141
f 3141 3482 3142
f 3476 1481 3480
f 3480 1481 3135
f 1502 1479 3480
f 3480 1479 1478
f 3168 463 440
f 714 1880 715
f 715 1880 2905
f 896 732 2970
f 2970 732 731
f 1263 834 3082
f 3082 834 833
f 898 1231 853
f 853 1231 854
f 3125 890 2931
f 2931 890 889
f 1237 893 2851
f 2851 893 892
f 898 853 899
f 899 853 963
f 988 987 989
f 989 987 986
f 1002 1007 1003
f 1003 1007 1006
f 1038 1036 1007
f 1007 1036 1004
f 1070 1052 1005
f 1005 1052 1006
f 1069 1067 1070
f 1070 1067 1052
f 1130 1129 1134
f 1134 1129 1135
f 879 1167 880
f 880 1167 1166
f 1171 1169 1037
f 1037 1169 1038
f 1085 1180 1069
f 1069 1180 1067
f 1209 1210 879
f 879 1210 1167
f 2885 1215 1754
f 1754 1215 1214
f 1263 855 834
f 834 855 854
f 708 1244 1826
f 1826 1244 1243
f 2909 894 1254
f 1254 894 893
f 1228 1361 964
f 964 1361 1360
f 2908 2907 1436
f 1436 2907 1437
f 2990 1440 2991
f 2991 1440 1439
f 964 1360 965
f 965 1360 1454
f 950 1457 951
f 951 1457 1456
f 970 1463 971
f 971 1463 1462
f 1025 1169 984
f 984 1169 986
f 1084 1097 1469
f 1469 1097 1470
f 1096 1115 1474
f 1474 1115 1475
f 1140 1361 1141
f 1141 1361 1476
f 1212 1495 2828
f 2828 1495 1494
f 880 1166 1452
f 1452 1166 1499
f 715 2905 1504
f 1504 2905 2906
f 954 1519 955
f 955 1519 1518
f 1026 1520 992
f 992 1520 1518
f 1029 1520 1043
f 1043 1520 1521
f 997 1522 1040
f 1040 1522 1521
f 1015 1522 1016
f 1016 1522 1523
f 1523 996 1524
f 1524 996 1062
f 1057 1060 1525
f 1525 1060 1524
f 1094 1528 1082
f 1082 1528 1527
f 1526 1528 1089
f 1089 1528 1529
f 1090 1531 1108
f 1108 1531 1530
f 1125 1533 1126
f 1126 1533 1532
f 3483 1755 727
f 727 1755 1214
f 735 1814 707
f 707 1814 1813
f 2891 1834 1246
f 1246 1834 1243
f 2904 1881 1847
f 1847 1881 1848
f 1852 1855 1853
f 1853 1855 1858
f 1902 2903 1877
f 1877 2903 1878
f 2903 2904 1878
f 1878 2904 1847
f 714 713 1848
f 1848 713 1849
f 1440 2990 1883
f 1883 2990 2989
f 1883 2989 1852
f 1852 2989 1855
f 2895 1888 2892
f 2892 1888 1887
f 774 777 1877
f 1877 777 1903
f 1251 2835 1252
f 1252 2835 2834
f 1213 2844 1212
f 1212 2844 1495
f 2851 892 1213
f 1213 892 2844
f 3123 2911 3124
f 3124 2911 2910
f 887 2929 888
f 888 2929 889
f 1435 2963 1436
f 1436 2963 2961
f 1253 1438 1254
f 1254 1438 1437
f 2970 731 735
f 735 731 1814
f 733 732 2885
f 2885 732 1215
f 2901 2902 2976
f 2976 2902 2977
f 2975 2982 2976
f 2976 2982 2979
f 2899 2900 2981
f 2981 2900 2979
f 2899 2981 2898
f 2898 2981 2983
f 2986 2985 2984
f 2984 2985 2983
f 2897 2985 2896
f 2896 2985 2988
f 2991 1439 2987
f 2987 1439 2988
f 777 2978 1903
f 1903 2978 2977
f 1885 1888 1858
f 1858 1888 1853
f 3090 3088 836
f 836 3088 833
f 3083 3088 3097
f 3097 3088 3096
f 3097 3096 3104
f 3104 3096 3106
f 3111 3116 3108
f 3108 3116 3109
f 3112 3111 3114
f 3114 3111 3108
f 3113 3122 3114
f 3114 3122 3115
f 891 890 2837
f 2837 890 2834
f 951 1456 954
f 954 1456 1519
f 967 1457 936
f 936 1457 1454
f 971 1462 902
f 902 1462 963
f 1461 1463 988
f 988 1463 987
f 1466 1468 1474
f 1474 1468 1470
f 1089 1529 1090
f 1090 1529 1531
f 1184 1181 1469
f 1469 1181 1180
f 1082 1527 1061
f 1061 1527 1525
f 1129 1473 1135
f 1135 1473 1475
f 1108 1530 1105
f 1105 1530 1532
f 1452 1499 3132
f 3132 1499 3136
f 3109 3116 3139
f 3139 3116 3138
f 2912 2911 887
f 887 2911 2929
f 2836 2835 1497
f 1497 2835 1494
f 2913 3102 2910
f 2910 3102 3115
f 1133 3187 1134
f 1134 3187 3185
f 3177 3176 3197
f 3197 3176 3198
f 3203 3183 3206
f 3206 3183 3207
f 3196 3202 3197
f 3197 3202 3211
f 3183 3182 3207
f 3207 3182 3185
f 1125 3180 1533
f 1533 3180 3198
f 3331 3203 3330
f 3330 3203 3206
f 3376 3379 3385
f 3385 3379 3386
f 3382 3376 3392
f 3392 3376 3385
f 3412 3415 3413
f 3413 3415 3414
f 3417 3396 3415
f 3415 3396 3395
f 3383 3386 3426
f 3426 3386 3425
f 3413 3414 3432
f 3432 3414 3430
f 3437 3396 3435
f 3435 3396 3417
f 3329 3382 3330
f 3330 3382 3392
f 3426 3425 3460
f 3460 3425 3458
f 3432 3430 3457
f 3457 3430 3463
f 3457 3463 3456
f 3456 3463 3465
f 3460 3458 3467
f 3467 3458 3466
f 3466 3455 3465
f 3465 3455 3456
f 3202 3437 3211
f 3211 3437 3435
f 3104 3106 3138
f 3138 3106 3139
f 3132 3136 1227
f 1227 3136 1476
f 943 687 600
f 600 687 601
f 596 625 667
f 667 625 1297
f 687 686 601
f 601 686 653
f 1319 784 711
f 711 784 712
f 1811 607 783
f 783 607 712
f 862 921 917
f 917 921 920
f 3478 925 3479
f 3479 925 924
f 2846 926 3478
f 3478 926 925
f 659 662 929
f 929 662 930
f 856 921 857
f 857 921 1204
f 1206 864 1207
f 1207 864 863
f 2876 1219 2877
f 2877 1219 1218
f 667 1297 593
f 593 1297 1296
f 917 920 1333
f 1333 920 1346
f 686 693 653
f 653 693 930
f 1277 913 1498
f 1498 913 1207
f 592 1536 610
f 610 1536 711
f 864 1206 1805
f 1805 1206 1804
f 1317 1536 1900
f 1900 1536 1809
f 1900 1809 1295
f 1295 1809 1296
f 3479 924 3477
f 3477 924 2824
f 927 926 1203
f 1203 926 2847
f 3484 2859 3032
f 3032 2859 3033
f 3472 2878 1217
f 1217 2878 1218
f 2889 2888 2880
f 2880 2888 2881
f 2886 2883 2887
f 2887 2883 2882
f 929 928 2847
f 2847 928 1203
f 857 1204 2921
f 2921 1204 2926
f 1820 1819 2882
f 2882 1819 2881
f 1821 2883 2876
f 2876 2883 1219
f 782 2889 783
f 783 2889 2880
f 1352 3034 1353
f 1353 3034 3033
f 3031 3034 3041
f 3041 3034 3043
f 944 943 3043
f 3043 943 600
f 1339 3145 1498
f 1498 3145 3143
f 1208 882 3148
f 3148 882 3143
f 2921 2926 3151
f 3151 2926 3156
f 3477 2824 1345
f 1345 2824 1346
f 1805 1804 3154
f 3154 1804 3156
f 886 3103 883
f 883 3103 3482
f 841 1248 3485
f 3485 1248 3121
f 2811 2819 2812
f 2812 2819 2816
f 2818 2815 2817
f 2817 2815 2806
f 2817 2816 2818
f 2818 2816 2819
f 2793 2795 2819
f 2819 2795 2818
f 243 352 2793
f 2793 352 2795
f 242 353 243
f 243 353 352
f 359 191 242
f 242 191 353
f 247 192 359
f 359 192 191
f 157 193 247
f 247 193 192
f 156 194 157
f 157 194 193
f 378 261 156
f 156 261 194
f 378 381 261
f 261 381 195
f 195 381 196
f 196 381 376
f 196 376 198
f 198 376 375
f 375 1776 198
f 198 1776 197
f 1776 1767 197
f 197 1767 274
f 181 274 199
f 199 274 1767
f 568 566 564
f 564 566 563
f 568 569 566
f 566 569 567
f 501 1773 1771
f 1771 1773 578
f 547 579 1773
f 1773 579 578
f 3486 470 474
f 474 470 469
f 450 582 3487
f 3487 582 3488
f 582 583 3488
f 3488 583 3489
f 583 584 3489
f 3489 584 3490
f 3490 584 3491
f 3491 584 543
f 470 3486 466
f 466 3486 467
f 3489 3490 503
f 503 3490 504
f 503 3492 3489
f 3489 3492 3488
f 3492 503 3493
f 3493 503 502
f 3495 3492 3494
f 3494 3492 3493
f 3487 3488 3495
f 3495 3488 3492
f 468 1774 465
f 465 1774 570
f 3494 3493 1775
f 1775 3493 1771
f 3490 3491 504
f 504 3491 1772
f 3491 543 1772
f 1772 543 548
f 450 3487 474
f 474 3487 3486
f 3495 467 3487
f 3487 467 3486
f 3494 468 3495
f 3495 468 467
f 468 3494 1774
f 1774 3494 1775
f 501 1771 502
f 502 1771 3493
f 527 366 384
f 384 366 365
f 522 524 527
f 527 524 366
f 521 534 522
f 522 534 524
f 530 535 521
f 521 535 534
f 508 486 513
f 513 486 532
f 513 532 541
f 541 532 535
f 667 668 596
f 596 668 597
f 1294 1297 624
f 624 1297 625
f 603 641 604
f 604 641 640
f 1290 1293 650
f 650 1293 651
f 1758 691 660
f 660 691 661
f 602 671 599
f 599 671 670
f 654 662 690
f 690 662 661
f 2856 598 695
f 695 598 597
f 602 654 671
f 671 654 690
f 604 640 676
f 676 640 704
f 1826 1829 708
f 708 1829 709
f 1288 1284 740
f 740 1284 741
f 755 754 758
f 758 754 759
f 2853 2856 932
f 932 2856 695
f 689 691 1192
f 1192 691 1193
f 784 1319 1240
f 1240 1319 1241
f 1813 1816 1244
f 1244 1816 1245
f 754 1288 759
f 759 1288 740
f 1894 1242 1318
f 1318 1242 1241
f 2867 1348 1418
f 1418 1348 1347
f 676 704 673
f 673 704 1347
f 1284 1287 741
f 741 1287 1419
f 1421 1426 1422
f 1422 1426 1425
f 1758 660 615
f 615 660 616
f 1192 1191 1421
f 1421 1191 1426
f 2962 1839 1504
f 1504 1839 1505
f 941 1194 1759
f 1759 1194 1193
f 1287 1537 1419
f 1419 1537 1760
f 1882 2893 1823
f 1823 2893 1824
f 1886 1891 1827
f 1827 1891 1828
f 1887 1886 1834
f 1834 1886 1827
f 1841 716 1838
f 1838 716 1505
f 782 784 1850
f 1850 784 1240
f 1239 1242 1863
f 1863 1242 1864
f 1242 1894 1864
f 1864 1894 1873
f 1822 1239 1823
f 1823 1239 1863
f 1318 1317 1895
f 1895 1317 1900
f 1894 1896 1873
f 1873 1896 1897
f 1291 1896 1292
f 1292 1896 1895
f 605 1898 606
f 606 1898 1897
f 1258 1257 2854
f 2854 1257 2855
f 1257 1351 2855
f 2855 1351 2857
f 1351 1353 2857
f 2857 1353 2858
f 1353 3033 2858
f 2858 3033 2859
f 2860 2861 3036
f 3036 2861 3037
f 2862 2863 2870
f 2870 2863 3039
f 2870 2869 2862
f 2862 2869 2864
f 2868 2865 2869
f 2869 2865 2864
f 1764 2866 2868
f 2868 2866 2865
f 1537 1199 1760
f 1760 1199 1348
f 615 2884 1758
f 1758 2884 1759
f 1825 1246 2890
f 2890 1246 1245
f 2893 2892 1824
f 1824 2892 2891
f 761 2960 758
f 758 2960 2906
f 3000 2943 2940
f 2940 2943 2941
f 2968 710 2950
f 2950 710 709
f 1764 1423 2866
f 2866 1423 2953
f 1423 645 2953
f 2953 645 2954
f 645 644 2954
f 2954 644 2955
f 644 738 2955
f 2955 738 2956
f 738 764 2956
f 2956 764 2957
f 764 763 2957
f 2957 763 2958
f 763 2908 2958
f 2958 2908 2959
f 2908 1436 2959
f 2959 1436 2961
f 1837 2964 1435
f 1435 2964 2963
f 1837 2937 2964
f 2964 2937 2965
f 2936 2968 2966
f 2966 2968 2950
f 1840 2942 1838
f 1838 2942 2941
f 2939 2949 2940
f 2940 2949 3006
f 2939 2942 2966
f 2966 2942 2965
f 1822 1825 1850
f 1850 1825 2890
f 1891 3005 1828
f 1828 3005 3006
f 3035 3038 3045
f 3045 3038 3042
f 3045 3044 3035
f 3035 3044 3040
f 669 1422 3045
f 3045 1422 3044
f 599 670 3041
f 3041 670 3042
f 931 3067 932
f 932 3067 3065
f 2853 3066 2854
f 2854 3066 3076
f 3067 3496 3065
f 3065 3496 3497
f 3066 3498 3076
f 3076 3498 3499
f 707 1813 708
f 708 1813 1244
f 2960 2962 2906
f 2906 2962 1504
f 2892 1887 2891
f 2891 1887 1834
f 1839 2962 2963
f 2963 2962 2961
f 595 626 596
f 596 626 625
f 623 626 3484
f 3484 626 2859
f 1291 1290 606
f 606 1290 603
f 1290 650 603
f 603 650 641
f 641 650 642
f 642 650 649
f 2860 2863 649
f 649 2863 642
f 3036 3039 2860
f 2860 3039 2863
f 3035 3040 3036
f 3036 3040 3039
f 1294 1293 1295
f 1295 1293 1292
f 624 651 1294
f 1294 651 1293
f 623 652 624
f 624 652 651
f 3484 2861 623
f 623 2861 652
f 3032 3037 3484
f 3484 3037 2861
f 3031 3038 3032
f 3032 3038 3037
f 3481 2848 2884
f 2884 2848 942
f 2846 617 1427
f 1427 617 616
f 3049 3167 3048
f 3048 3167 3500
f 1906 3048 3070
f 3070 3048 3500
f 1337 1768 3501
f 3501 1768 3502
f 3020 3503 3021
f 3021 3503 3024
f 2914 3023 3020
f 3020 3023 3503
f 859 1770 860
f 860 1770 3504
f 1336 3505 1768
f 1768 3505 3502
f 3065 3497 3066
f 3066 3497 3498
f 2814 3075 3067
f 3067 3075 3496
f 2839 3174 766
f 766 3174 3017
f 1337 3501 1338
f 1338 3501 1769
f 767 3018 3026
f 3026 3018 3506
f 3076 3499 3064
f 3064 3499 3507
f 727 730 3483
f 3483 730 3030
f 3064 3507 2871
f 2871 3507 3077
f 3100 3160 1786
f 1786 3160 1784
f 3026 3506 752
f 752 3506 3015
f 860 3504 2923
f 2923 3504 3508
f 753 3016 3027
f 3027 3016 3509
f 3027 3509 3008
f 3008 3509 3028
f 1782 1785 1783
f 1783 1785 3022
f 2923 3508 3153
f 3153 3508 3161
f 3148 3149 1208
f 1208 3149 3150
f 1335 1328 3510
f 3510 1328 1327
f 1336 1335 3505
f 3505 1335 3510
f 866 3511 1340
f 1340 3511 3146
f 865 1808 866
f 866 1808 3511
f 842 841 3159
f 3159 841 3485
f 2849 3512 1329
f 1329 3512 1326
f 1202 1331 2849
f 2849 1331 3512
f 3514 3515 3513
f 3513 3515 3516
f 3518 3516 3517
f 3517 3516 3515
f 3519 3520 3514
f 3514 3520 3515
f 3522 3523 3521
f 3521 3523 3524
f 3526 3527 3525
f 3525 3527 3528
f 3530 3531 3529
f 3529 3531 3532
f 3534 3535 3533
f 3533 3535 3536
f 3529 3532 3537
f 3537 3532 3538
f 3537 3539 3529
f 3529 3539 3540
f 3542 3543 3541
f 3541 3543 3544
f 3546 3547 3545
f 3545 3547 3548
f 3550 3534 3549
f 3549 3534 3533
f 3550 3543 3551
f 3551 3543 3552
f 3537 3545 3539
f 3539 3545 3548
f 3553 3554 3556
f 3556 3554 3555
f 3537 3557 3545
f 3545 3557 3546
f 3558 3559 3561
f 3561 3559 3560
f 3563 3564 3562
f 3562 3564 3565
f 3564 3563 3566
f 3566 3563 3567
f 3569 3570 3568
f 3568 3570 3571
f 3573 3574 3572
f 3572 3574 3575
f 3577 3578 3576
f 3576 3578 3579
f 3581 3582 3580
f 3580 3582 3583
f 3585 3586 3584
f 3584 3586 3579
f 3586 3587 3579
f 3579 3587 3576
f 3589 3590 3588
f 3588 3590 3591
f 3592 3593 3595
f 3595 3593 3594
f 3597 3598 3596
f 3596 3598 3595
f 3583 3600 3599
f 3599 3600 3601
f 3603 3599 3602
f 3602 3599 3601
f 3605 3606 3604
f 3604 3606 3607
f 3608 3555 3596
f 3596 3555 3554
f 3597 3610 3609
f 3609 3610 3565
f 3564 3611 3565
f 3565 3611 3609
f 3611 3564 3612
f 3612 3564 3566
f 3613 3614 3569
f 3569 3614 3570
f 3615 3616 3573
f 3573 3616 3574
f 3517 3617 3518
f 3518 3617 3618
f 3620 3621 3619
f 3619 3621 3622
f 3624 3625 3623
f 3623 3625 3626
f 3628 3629 3627
f 3627 3629 3630
f 3632 3633 3631
f 3631 3633 3634
f 3636 3637 3635
f 3635 3637 3638
f 3640 3641 3639
f 3639 3641 3642
f 3643 3644 3639
f 3639 3644 3640
f 3646 3513 3645
f 3645 3513 3647
f 3648 3514 3646
f 3646 3514 3513
f 3649 3519 3648
f 3648 3519 3514
f 3650 3651 3527
f 3527 3651 3652
f 3654 3651 3653
f 3653 3651 3650
f 3568 3571 3655
f 3655 3571 3656
f 3657 3658 3653
f 3653 3658 3659
f 3661 3662 3660
f 3660 3662 3658
f 3664 3665 3663
f 3663 3665 3666
f 3667 3657 3650
f 3650 3657 3653
f 3669 3523 3668
f 3668 3523 3670
f 3672 3673 3671
f 3671 3673 3674
f 3676 3677 3675
f 3675 3677 3678
f 3671 3674 3676
f 3676 3674 3677
f 3680 3681 3679
f 3679 3681 3682
f 3683 3684 3680
f 3680 3684 3681
f 3685 3686 3661
f 3661 3686 3662
f 3686 3687 3662
f 3662 3687 3688
f 3684 3683 3689
f 3689 3683 3690
f 3692 3693 3691
f 3691 3693 3694
f 3691 3694 3695
f 3695 3694 3696
f 3698 3699 3697
f 3697 3699 3700
f 3702 3703 3701
f 3701 3703 3704
f 3705 3706 3519
f 3519 3706 3520
f 3673 3672 3707
f 3707 3672 3708
f 3709 3710 3682
f 3682 3710 3679
f 3711 3712 3692
f 3692 3712 3693
f 3714 3715 3713
f 3713 3715 3716
f 3718 3700 3717
f 3717 3700 3699
f 3720 3721 3719
f 3719 3721 3722
f 3724 3725 3723
f 3723 3725 3726
f 3727 3728 3730
f 3730 3728 3729
f 3722 3721 3731
f 3731 3721 3732
f 3697 3700 3733
f 3733 3700 3714
f 3733 3714 3734
f 3734 3714 3713
f 3721 3723 3732
f 3732 3723 3735
f 3720 3736 3724
f 3724 3736 3737
f 3700 3718 3714
f 3714 3718 3715
f 3717 3699 3738
f 3738 3699 3739
f 3536 3740 3533
f 3533 3740 3540
f 3742 3743 3741
f 3741 3743 3744
f 3746 3747 3745
f 3745 3747 3748
f 3750 3751 3749
f 3749 3751 3752
f 3627 3632 3628
f 3628 3632 3631
f 3754 3755 3753
f 3753 3755 3626
f 3562 3565 3756
f 3756 3565 3610
f 3527 3652 3528
f 3528 3652 3757
f 3758 3524 3669
f 3669 3524 3523
f 3582 3598 3583
f 3583 3598 3600
f 3759 3670 3522
f 3522 3670 3523
f 3675 3678 3760
f 3760 3678 3761
f 3762 3763 3690
f 3690 3763 3689
f 3765 3766 3764
f 3764 3766 3767
f 3768 3739 3698
f 3698 3739 3699
f 3726 3725 3770
f 3770 3725 3769
f 3645 3647 3771
f 3771 3647 3772
f 3645 3678 3646
f 3646 3678 3677
f 3646 3677 3648
f 3648 3677 3674
f 3673 3649 3674
f 3674 3649 3648
f 3707 3773 3673
f 3673 3773 3649
f 3775 3776 3774
f 3774 3776 3777
f 3779 3526 3778
f 3778 3526 3525
f 3526 3779 3667
f 3667 3779 3780
f 3780 3781 3667
f 3667 3781 3657
f 3672 3679 3708
f 3708 3679 3710
f 3671 3680 3672
f 3672 3680 3679
f 3676 3683 3671
f 3671 3683 3680
f 3675 3690 3676
f 3676 3690 3683
f 3760 3762 3675
f 3675 3762 3690
f 3682 3681 3783
f 3783 3681 3782
f 3689 3784 3684
f 3684 3784 3785
f 3684 3785 3681
f 3681 3785 3782
f 3786 3709 3783
f 3783 3709 3682
f 3784 3689 3787
f 3787 3689 3763
f 3789 3557 3788
f 3788 3557 3790
f 3792 3793 3791
f 3791 3793 3794
f 3616 3615 3795
f 3795 3615 3796
f 3797 3798 3727
f 3727 3798 3728
f 3800 3801 3799
f 3799 3801 3802
f 3803 3578 3592
f 3592 3578 3593
f 3805 3806 3804
f 3804 3806 3807
f 3599 3603 3585
f 3585 3603 3586
f 3587 3586 3604
f 3604 3586 3603
f 3588 3591 3794
f 3794 3591 3791
f 3581 3803 3582
f 3582 3803 3592
f 3594 3561 3608
f 3608 3561 3790
f 3662 3688 3808
f 3808 3688 3809
f 3665 3664 3810
f 3810 3664 3811
f 3719 3812 3720
f 3720 3812 3736
f 3717 3813 3718
f 3718 3813 3737
f 3723 3721 3724
f 3724 3721 3720
f 3813 3717 3814
f 3814 3717 3738
f 3815 3816 303
f 303 3816 304
f 3818 3819 3817
f 3817 3819 3820
f 3578 3803 3579
f 3579 3803 3584
f 3558 3593 3577
f 3577 3593 3578
f 3822 3823 3821
f 3821 3823 3824
f 3546 3826 3825
f 3825 3826 3827
f 3828 3829 3547
f 3547 3829 3541
f 3831 3542 3830
f 3830 3542 3832
f 3834 3822 3833
f 3833 3822 3821
f 3835 3836 3827
f 3827 3836 3825
f 3800 3799 3828
f 3828 3799 3829
f 3830 3832 3837
f 3837 3832 3838
f 331 330 3551
f 3551 330 3839
f 3831 333 3552
f 3552 333 332
f 3819 3797 3841
f 3841 3797 3840
f 3513 3516 3647
f 3647 3516 3746
f 337 336 3745
f 3745 336 3772
f 3525 3528 3775
f 3775 3528 3749
f 3610 3597 3554
f 3554 3597 3596
f 3706 3702 3520
f 3520 3702 3701
f 3756 3610 3553
f 3553 3610 3554
f 3757 3750 3528
f 3528 3750 3749
f 3517 3515 3701
f 3701 3515 3520
f 3842 3584 3581
f 3581 3584 3803
f 3525 3775 3778
f 3778 3775 3774
f 3638 3843 3635
f 3635 3843 3618
f 3617 3621 3618
f 3618 3621 3635
f 3617 3517 3704
f 3704 3517 3701
f 3521 3624 3522
f 3522 3624 3623
f 3749 3844 3775
f 3775 3844 3776
f 3846 3847 3845
f 3845 3847 3848
f 3843 3747 3618
f 3618 3747 3518
f 3850 3851 3849
f 3849 3851 3748
f 3853 3854 3852
f 3852 3854 3855
f 3856 3857 3622
f 3622 3857 3619
f 3859 3860 3858
f 3858 3860 3861
f 3862 3844 3752
f 3752 3844 3749
f 3863 3759 3623
f 3623 3759 3522
f 3864 3777 3630
f 3630 3777 3776
f 3713 3865 3734
f 3734 3865 3866
f 3868 3869 3867
f 3867 3869 3870
f 3872 3873 3871
f 3871 3873 3874
f 3876 3877 3875
f 3875 3877 3878
f 3879 3880 3878
f 3878 3880 3881
f 3882 3883 3885
f 3885 3883 3884
f 3780 3886 3781
f 3781 3886 3887
f 3888 3685 3869
f 3869 3685 3661
f 3880 3879 3883
f 3883 3879 3884
f 3693 3783 3694
f 3694 3783 3782
f 3696 3785 3764
f 3764 3785 3784
f 3694 3782 3696
f 3696 3782 3785
f 3693 3786 3783
f 3787 3765 3784
f 3784 3765 3764
f 386 385 3765
f 3765 385 3766
f 3695 3889 3691
f 3691 3889 3890
f 3691 3890 3692
f 3692 3890 3891
f 3892 3711 3891
f 3891 3711 3692
f 3767 3893 3695
f 3695 3893 3889
f 3766 3894 3767
f 3767 3894 3893
f 3882 3885 3895
f 3895 3885 3896
f 3898 3698 3897
f 3897 3698 3697
f 3897 3697 3899
f 3899 3697 3733
f 3899 3733 3900
f 3900 3733 3734
f 3901 3768 3898
f 3898 3768 3698
f 3901 3902 3768
f 3768 3902 3903
f 3904 3905 3907
f 3907 3905 3906
f 3869 3661 3870
f 3870 3661 3660
f 3908 3909 3896
f 3896 3909 3895
f 3909 3758 3895
f 3895 3758 3669
f 3751 3531 3752
f 3752 3531 3848
f 3858 3536 3854
f 3854 3536 3535
f 3652 3562 3757
f 3757 3562 3756
f 3651 3654 3563
f 3563 3654 3567
f 3655 3656 3808
f 3808 3656 3659
f 3530 3740 3845
f 3845 3740 3861
f 3751 3750 3556
f 3556 3750 3553
f 3817 3820 3796
f 3796 3820 3795
f 410 409 3910
f 3910 409 3855
f 3750 3757 3553
f 3553 3757 3756
f 3908 3886 3909
f 3909 3886 3780
f 409 411 3855
f 3855 411 3851
f 413 412 3760
f 3760 412 3762
f 415 414 3763
f 3763 414 3787
f 3790 3557 3538
f 3538 3557 3537
f 3555 3608 3538
f 3538 3608 3790
f 3574 3911 3575
f 3575 3911 3912
f 3535 3534 3910
f 3910 3534 3839
f 3831 3552 3542
f 3542 3552 3543
f 3534 3550 3839
f 3839 3550 3551
f 3543 3550 3544
f 3544 3550 3549
f 3913 3914 3916
f 3916 3914 3915
f 3806 3805 3589
f 3589 3805 3590
f 3849 3843 3917
f 3917 3843 3638
f 3853 3644 3859
f 3859 3644 3742
f 3747 3746 3518
f 3518 3746 3516
f 3695 3696 3767
f 3767 3696 3764
f 3903 3918 3768
f 3768 3918 3739
f 3738 3739 3816
f 3816 3739 3918
f 3919 3920 3769
f 3769 3920 3770
f 3921 3726 3922
f 3922 3726 3770
f 3678 3645 3761
f 3761 3645 3771
f 3924 3913 3923
f 3923 3913 3916
f 3802 3925 3838
f 3838 3925 3837
f 3577 3926 3558
f 3558 3926 3559
f 3815 3919 3814
f 3814 3919 3769
f 3927 3928 3822
f 3822 3928 3823
f 3829 3832 3541
f 3541 3832 3542
f 3834 3927 3822
f 3832 3829 3838
f 3838 3829 3799
f 3745 3772 3746
f 3746 3772 3647
f 3849 3748 3843
f 3843 3748 3747
f 3854 3853 3858
f 3858 3853 3859
f 3854 3535 3855
f 3855 3535 3910
f 3557 3789 3546
f 3546 3789 3826
f 3923 3823 3924
f 3924 3823 3928
f 3823 3923 3929
f 3929 3923 3930
f 3531 3751 3532
f 3532 3751 3556
f 3532 3556 3538
f 3538 3556 3555
f 3932 3634 3931
f 3931 3634 3633
f 3814 3769 3813
f 3813 3769 3725
f 3620 3636 3621
f 3621 3636 3635
f 3847 3862 3848
f 3848 3862 3752
f 3531 3530 3848
f 3848 3530 3845
f 3933 3934 3830
f 3830 3934 3831
f 3925 3933 3837
f 3837 3933 3830
f 3934 440 3831
f 3831 440 333
f 3925 3802 3833
f 3833 3802 3801
f 3776 3844 3630
f 3630 3844 3627
f 3808 3659 3662
f 3662 3659 3658
f 3667 3650 3526
f 3526 3650 3527
f 3935 3666 3936
f 3936 3666 3665
f 3718 3737 3715
f 3715 3737 3736
f 3663 3809 3664
f 3664 3809 3688
f 3807 3806 3938
f 3938 3806 3937
f 445 413 3761
f 3761 413 3760
f 3902 447 3903
f 3903 447 446
f 3897 3890 3898
f 3898 3890 3889
f 3899 3891 3897
f 3897 3891 3890
f 3898 3889 3901
f 3901 3889 3893
f 3893 3894 3901
f 3901 3894 3902
f 414 386 3787
f 3787 386 3765
f 3940 3941 3939
f 3939 3941 3942
f 3840 3797 3943
f 3943 3797 3727
f 3665 3810 3936
f 3936 3810 3944
f 3921 3735 3726
f 3726 3735 3723
f 3920 3945 3770
f 3770 3945 3922
f 3521 3524 3774
f 3774 3524 3778
f 3864 3946 3625
f 3625 3946 3947
f 3773 3705 3649
f 3649 3705 3519
f 3779 3778 3758
f 3758 3778 3524
f 3812 3716 3736
f 3736 3716 3715
f 3624 3521 3777
f 3777 3521 3774
f 3703 3856 3704
f 3704 3856 3622
f 3900 3892 3899
f 3899 3892 3891
f 3641 3917 3642
f 3642 3917 3948
f 3895 3669 3882
f 3882 3669 3668
f 3855 3851 3852
f 3852 3851 3850
f 3894 458 3902
f 3902 458 447
f 3781 3887 3660
f 3660 3887 3870
f 3570 3566 3571
f 3571 3566 3567
f 3950 3576 3949
f 3949 3576 3587
f 3605 3602 3614
f 3614 3602 3612
f 3614 3612 3570
f 3570 3612 3566
f 3571 3567 3656
f 3656 3567 3654
f 3660 3658 3781
f 3781 3658 3657
f 3604 3607 3587
f 3587 3607 3949
f 3653 3659 3654
f 3654 3659 3656
f 3529 3540 3530
f 3530 3540 3740
f 3687 3811 3688
f 3688 3811 3664
f 3813 3725 3737
f 3737 3725 3724
f 3919 3815 461
f 461 3815 303
f 3818 3798 3819
f 3819 3798 3797
f 3819 3841 3820
f 3820 3841 3951
f 3816 3815 3738
f 3738 3815 3814
f 3540 3539 3533
f 3533 3539 3549
f 3548 3547 3544
f 3544 3547 3541
f 3539 3548 3549
f 3549 3548 3544
f 3741 3931 3860
f 3860 3931 3846
f 3801 3800 3835
f 3835 3800 3836
f 3934 3933 3824
f 3824 3933 3821
f 3825 3828 3546
f 3546 3828 3547
f 3833 3821 3925
f 3925 3821 3933
f 3800 3828 3836
f 3836 3828 3825
f 3824 3952 3934
f 3934 3952 440
f 3860 3846 3861
f 3861 3846 3845
f 3629 3946 3630
f 3630 3946 3864
f 3740 3536 3861
f 3861 3536 3858
f 3833 3801 3834
f 3834 3801 3835
f 3583 3599 3580
f 3580 3599 3585
f 3651 3563 3652
f 3652 3563 3562
f 3758 3909 3779
f 3779 3909 3780
f 3621 3617 3622
f 3622 3617 3704
f 3625 3947 3626
f 3626 3947 3753
f 3633 3632 3847
f 3847 3632 3862
f 3852 3850 3640
f 3640 3850 3641
f 3644 3853 3640
f 3640 3853 3852
f 3859 3742 3860
f 3860 3742 3741
f 3632 3627 3862
f 3862 3627 3844
f 3755 3863 3626
f 3626 3863 3623
f 3917 3638 3948
f 3948 3638 3637
f 3644 3643 3742
f 3742 3643 3743
f 3931 3633 3846
f 3846 3633 3847
f 3625 3624 3864
f 3864 3624 3777
f 3917 3641 3849
f 3849 3641 3850
f 3744 3932 3741
f 3741 3932 3931
f 3903 446 3918
f 3918 446 464
f 3953 3954 3956
f 3956 3954 3955
f 3958 3959 3957
f 3957 3959 3960
f 3876 3958 3877
f 3877 3958 3957
f 3877 3957 3961
f 3961 3957 3962
f 3963 3964 3958
f 3958 3964 3959
f 3965 3966 3876
f 3876 3966 3958
f 3966 3963 3958
f 3966 3967 3963
f 3963 3967 3968
f 3878 3877 3879
f 3879 3877 3961
f 3967 3969 3968
f 3968 3969 3970
f 3969 3971 3970
f 3970 3971 3972
f 3974 3904 3973
f 3973 3904 3907
f 3971 3975 3972
f 3972 3975 3976
f 3976 3975 3978
f 3978 3975 3977
f 3979 3980 3977
f 3977 3980 3978
f 3981 3982 3979
f 3979 3982 3980
f 3983 3984 3981
f 3981 3984 3982
f 3972 3985 3970
f 3970 3985 3986
f 3871 3987 3969
f 3969 3987 3971
f 3872 3871 3967
f 3967 3871 3969
f 3965 3872 3966
f 3966 3872 3967
f 3970 3986 3968
f 3968 3986 3988
f 3879 3961 3884
f 3884 3961 3940
f 3884 3940 3885
f 3885 3940 3939
f 3989 3990 3992
f 3992 3990 3991
f 3942 3993 3995
f 3995 3993 3994
f 3994 3996 3995
f 3995 3996 3974
f 3997 3998 3994
f 3994 3998 3996
f 3999 3997 3993
f 3993 3997 3994
f 4001 3996 4000
f 4000 3996 3998
f 4000 3998 4002
f 4002 3998 4003
f 4004 4003 3997
f 3997 4003 3998
f 3997 3999 4004
f 4004 3999 4005
f 4006 3995 3973
f 3973 3995 3974
f 3939 3942 4006
f 4006 3942 3995
f 3906 3887 3907
f 3907 3887 3886
f 3887 3906 3870
f 3870 3906 3867
f 3908 3973 3886
f 3886 3973 3907
f 3865 4007 3866
f 3866 4007 4008
f 3984 3983 4009
f 4009 3983 4010
f 3961 3962 3940
f 3940 3962 3941
f 4012 3868 4011
f 4011 3868 3867
f 4013 3975 3987
f 3987 3975 3971
f 4014 3977 4013
f 4013 3977 3975
f 4015 4010 4007
f 4007 4010 3983
f 4007 3983 4008
f 4008 3983 3981
f 4008 3981 4016
f 4016 3981 3979
f 4017 3984 4018
f 4018 3984 4009
f 3977 4014 3979
f 3979 4014 4016
f 3982 3984 4019
f 4019 3984 4017
f 4021 4022 4020
f 4020 4022 4023
f 4022 4012 4023
f 4023 4012 4011
f 4023 3904 4020
f 4020 3904 3974
f 4024 4025 4018
f 4018 4025 4017
f 4026 4027 4024
f 4024 4027 4025
f 4028 4026 4029
f 4029 4026 4024
f 4018 4021 4024
f 4024 4021 4029
f 4030 4031 4026
f 4026 4031 4027
f 4032 4030 4028
f 4028 4030 4026
f 4029 4001 4028
f 4028 4001 4000
f 4028 4000 4032
f 4032 4000 4002
f 4034 4035 4033
f 4033 4035 4036
f 4037 4038 4019
f 4019 4038 4039
f 4041 4039 4040
f 4040 4039 4038
f 4040 4038 4042
f 4042 4038 4036
f 4042 4036 4043
f 4043 4036 4035
f 3985 4044 4046
f 4046 4044 4045
f 4047 4048 4045
f 4045 4048 4046
f 4047 4049 4048
f 4048 4049 4050
f 4042 4047 4040
f 4040 4047 4045
f 4043 4049 4042
f 4042 4049 4047
f 4040 4045 4041
f 4041 4045 4044
f 4052 3959 4051
f 4051 3959 3964
f 4053 4054 4051
f 4051 4054 4055
f 3956 3960 4052
f 4052 3960 3959
f 3953 3956 4056
f 4056 3956 4052
f 4058 3953 4057
f 4057 3953 4056
f 4060 4061 4059
f 4059 4061 4062
f 4063 4064 4054
f 4054 4064 4057
f 4054 4053 4063
f 4063 4053 4065
f 4066 4067 4069
f 4069 4067 4068
f 4048 4050 4063
f 4063 4050 4064
f 4063 4065 4048
f 4048 4065 4046
f 3985 4046 3986
f 3986 4046 4065
f 3986 4065 3988
f 3988 4065 4053
f 3988 4053 3964
f 3964 4053 4051
f 3976 3978 4044
f 4044 3978 4041
f 3980 3982 4039
f 4039 3982 4019
f 4039 4041 3980
f 3980 4041 3978
f 3973 3908 4006
f 4006 3908 3896
f 3885 3939 3896
f 3896 3939 4006
f 4031 4034 4027
f 4027 4034 4033
f 4027 4033 4025
f 4025 4033 4037
f 4019 4017 4037
f 4037 4017 4025
f 3993 3942 4070
f 4070 3942 3941
f 3999 3993 4071
f 4071 3993 4070
f 3999 4071 4005
f 4005 4071 4072
f 4073 4074 4076
f 4076 4074 4075
f 4078 4079 4077
f 4077 4079 4080
f 4082 4080 4081
f 4081 4080 4079
f 4084 4085 4083
f 4083 4085 4086
f 4087 4088 4090
f 4090 4088 4089
f 4092 4093 4091
f 4091 4093 4094
f 4096 4097 4095
f 4095 4097 4098
f 4100 4101 4099
f 4099 4101 4102
f 4103 4104 4106
f 4106 4104 4105
f 4108 4109 4107
f 4107 4109 4110
f 4112 4113 4111
f 4111 4113 4114
f 4116 4117 4115
f 4115 4117 4118
f 4120 4121 4119
f 4119 4121 4122
f 4123 4124 4126
f 4126 4124 4125
f 4127 4128 4130
f 4130 4128 4129
f 4132 4133 4131
f 4131 4133 4134
f 4136 4108 4135
f 4135 4108 4107
f 4138 4139 4137
f 4137 4139 4140
f 4141 4142 4088
f 4088 4142 4089
f 4144 4145 4143
f 4143 4145 4146
f 4148 4149 4147
f 4147 4149 4150
f 4152 4153 4151
f 4151 4153 4154
f 4156 4082 4155
f 4155 4082 4081
f 4157 4158 4160
f 4160 4158 4159
f 4161 4162 4164
f 4164 4162 4163
f 4166 4122 4165
f 4165 4122 4121
f 4168 4152 4167
f 4167 4152 4151
f 4169 4170 4172
f 4172 4170 4171
f 4174 4175 4173
f 4173 4175 4176
f 4178 4149 4177
f 4177 4149 4179
f 4173 4176 4180
f 4180 4176 4181
f 4156 4085 4182
f 4182 4085 4183
f 4182 4184 4156
f 4156 4184 4082
f 4185 4186 4184
f 4184 4186 4187
f 4186 4188 4187
f 4187 4188 4189
f 4190 4191 4073
f 4073 4191 4074
f 4177 4179 4158
f 4158 4179 4159
f 4193 4127 4192
f 4192 4127 4130
f 4144 4194 4151
f 4151 4194 4167
f 4196 4197 4195
f 4195 4197 4198
f 4095 4199 4096
f 4096 4199 4200
f 4201 4202 4204
f 4204 4202 4203
f 4205 4206 4208
f 4208 4206 4207
f 4121 4120 4209
f 4209 4120 4210
f 4212 4213 4211
f 4211 4213 4214
f 4216 4217 4215
f 4215 4217 4218
f 4220 4221 4219
f 4219 4221 4222
f 4224 4196 4223
f 4223 4196 4195
f 4225 4226 4134
f 4134 4226 4131
f 4228 4229 4227
f 4227 4229 4230
f 4232 4233 4231
f 4231 4233 4098
f 4235 4236 4234
f 4234 4236 4237
f 4239 4240 4238
f 4238 4240 4241
f 4242 4243 4245
f 4245 4243 4244
f 4246 4247 4249
f 4249 4247 4248
f 4251 4252 4250
f 4250 4252 4253
f 4255 4256 4254
f 4254 4256 4257
f 4259 4260 4258
f 4258 4260 4261
f 4263 4264 4262
f 4262 4264 4265
f 4267 4268 4266
f 4266 4268 4269
f 4271 4199 4270
f 4270 4199 4272
f 4273 4274 4276
f 4276 4274 4275
f 4115 4118 4277
f 4277 4118 4278
f 4280 4281 4279
f 4279 4281 4282
f 4211 4283 4212
f 4212 4283 4284
f 4286 4287 4285
f 4285 4287 4288
f 4165 4121 4289
f 4289 4121 4209
f 4291 4286 4290
f 4290 4286 4285
f 4293 4294 4292
f 4292 4294 4295
f 4297 4298 4296
f 4296 4298 4299
f 4301 4302 4300
f 4300 4302 4303
f 4299 4304 4296
f 4296 4304 4305
f 4306 4292 4307
f 4307 4292 4295
f 4307 4308 4306
f 4306 4308 4309
f 4310 4309 4075
f 4075 4309 4308
f 4299 4298 4312
f 4312 4298 4311
f 4302 4301 4293
f 4293 4301 4294
f 3735 3921 4313
f 4313 3921 4314
f 4315 4314 3922
f 3922 4314 3921
f 4316 3945 829
f 829 3945 830
f 4289 4317 4165
f 4165 4317 4318
f 4320 4321 4319
f 4319 4321 4322
f 4324 4325 4323
f 4323 4325 4326
f 4327 4328 4330
f 4330 4328 4329
f 4290 4331 4291
f 4291 4331 4332
f 4165 4318 4166
f 4166 4318 4333
f 4334 4335 4337
f 4337 4335 4336
f 4339 4340 4338
f 4338 4340 4341
f 4168 4343 4342
f 4342 4343 4344
f 4346 4347 4345
f 4345 4347 4348
f 4350 4351 4349
f 4349 4351 4352
f 4354 4355 4353
f 4353 4355 4356
f 4357 4358 4324
f 4324 4358 4325
f 4337 4359 4334
f 4334 4359 4360
f 4362 4363 4361
f 4361 4363 4364
f 4366 4367 4365
f 4365 4367 4368
f 4369 4370 4372
f 4372 4370 4371
f 4331 4290 4374
f 4374 4290 4373
f 4373 4376 4375
f 4375 4376 4377
f 4379 4380 4378
f 4378 4380 4381
f 4217 4382 4218
f 4218 4382 4383
f 4385 4386 4384
f 4384 4386 4387
f 4388 4389 4338
f 4338 4389 4390
f 4337 4336 4392
f 4392 4336 4391
f 4394 4362 4393
f 4393 4362 4361
f 4396 4397 4395
f 4395 4397 4398
f 4400 4401 4399
f 4399 4401 4402
f 4345 4403 4346
f 4346 4403 4404
f 4405 4406 4342
f 4342 4406 4407
f 4409 4410 4408
f 4408 4410 4411
f 4408 4412 4409
f 4409 4412 4413
f 4181 4415 4414
f 4414 4415 4416
f 4182 4183 4417
f 4417 4183 4418
f 4419 4353 4311
f 4311 4353 4312
f 4421 4422 4420
f 4420 4422 4423
f 4353 4356 4312
f 4312 4356 4424
f 4166 4333 4425
f 4425 4333 4426
f 4425 4143 4166
f 4166 4143 4122
f 4427 4107 4428
f 4428 4107 4110
f 4429 4430 4174
f 4174 4430 4175
f 4335 4431 4336
f 4336 4431 4390
f 4336 4390 4391
f 4391 4390 4389
f 4432 4433 4435
f 4435 4433 4434
f 4437 4438 4436
f 4436 4438 4439
f 4441 4442 4440
f 4440 4442 4443
f 4359 4444 4361
f 4361 4444 4393
f 4446 4447 4445
f 4445 4447 4448
f 4338 4341 4388
f 4388 4341 4449
f 4450 4451 4398
f 4398 4451 4395
f 4453 4454 4452
f 4452 4454 4455
f 4457 4458 4456
f 4456 4458 4459
f 4460 4461 4448
f 4448 4461 4445
f 4463 4464 4462
f 4462 4464 4465
f 4462 4465 4466
f 4466 4465 4467
f 4468 4469 4467
f 4467 4469 4466
f 4469 4468 4470
f 4470 4468 4471
f 4472 4473 4471
f 4471 4473 4470
f 4475 4476 4474
f 4474 4476 4477
f 4479 4480 4478
f 4478 4480 4481
f 4483 4484 4482
f 4482 4484 4485
f 4487 4488 4486
f 4486 4488 4489
f 4491 4492 4490
f 4490 4492 4493
f 4494 4495 4493
f 4493 4495 4490
f 4496 4497 4494
f 4494 4497 4495
f 4497 4496 4498
f 4498 4496 4499
f 4500 4501 4503
f 4503 4501 4502
f 4505 4506 4504
f 4504 4506 4507
f 4466 4508 4462
f 4462 4508 4509
f 4470 4510 4469
f 4469 4510 4511
f 4513 4479 4512
f 4512 4479 4478
f 4515 4443 4514
f 4514 4443 4442
f 4516 4517 4519
f 4519 4517 4518
f 4521 4495 4520
f 4520 4495 4497
f 4522 4490 4521
f 4521 4490 4495
f 4491 4523 4488
f 4488 4523 4524
f 4525 4489 4524
f 4524 4489 4488
f 4484 4526 4485
f 4485 4526 4527
f 4503 4528 4500
f 4500 4528 4529
f 4530 4531 4533
f 4533 4531 4532
f 4535 4506 4534
f 4534 4506 4530
f 4486 4536 4487
f 4487 4536 4537
f 4487 4537 4492
f 4492 4537 4538
f 4494 4539 4496
f 4496 4539 4540
f 4542 4533 4541
f 4541 4533 4499
f 4544 4545 4543
f 4543 4545 4546
f 4548 4549 4547
f 4547 4549 4550
f 4536 4551 4537
f 4537 4551 4552
f 4537 4552 4538
f 4538 4552 4553
f 4554 4539 4556
f 4556 4539 4555
f 4557 4540 4554
f 4554 4540 4539
f 4559 4557 4558
f 4558 4557 4560
f 4540 4557 4541
f 4541 4557 4559
f 4562 4563 4561
f 4561 4563 4564
f 4546 4565 4543
f 4543 4565 4566
f 4547 4567 4548
f 4548 4567 4568
f 4570 4571 4569
f 4569 4571 4572
f 4574 4575 4573
f 4573 4575 4576
f 4578 4579 4577
f 4577 4579 4580
f 4582 4583 4581
f 4581 4583 4584
f 4585 4586 4588
f 4588 4586 4587
f 4589 4585 4590
f 4590 4585 4588
f 4592 4593 4591
f 4591 4593 4594
f 4596 4597 4595
f 4595 4597 4598
f 4600 4601 4599
f 4599 4601 4602
f 4563 4604 4603
f 4603 4604 4605
f 4603 4606 4608
f 4608 4606 4607
f 4609 4610 4594
f 4594 4610 4591
f 4611 4612 4614
f 4614 4612 4613
f 4616 4617 4615
f 4615 4617 4618
f 4602 4620 4619
f 4619 4620 4621
f 4619 4622 4602
f 4602 4622 4599
f 4605 4599 4623
f 4623 4599 4622
f 4605 4623 4603
f 4603 4623 4606
f 4625 4626 4624
f 4624 4626 4627
f 4438 4437 4628
f 4628 4437 4629
f 4442 4441 4630
f 4630 4441 4631
f 4630 4632 4442
f 4442 4632 4514
f 4633 4634 4529
f 4529 4634 4500
f 4500 4634 4501
f 4501 4634 4635
f 4637 4546 4636
f 4636 4546 4545
f 4639 4565 4638
f 4638 4565 4640
f 4573 4576 4641
f 4641 4576 4642
f 4593 4643 4594
f 4594 4643 4644
f 4645 4609 4644
f 4644 4609 4594
f 4647 4648 4646
f 4646 4648 4649
f 4651 4652 4650
f 4650 4652 4653
f 4654 4498 4519
f 4519 4498 4532
f 4520 4508 4521
f 4521 4508 4511
f 4522 4510 4523
f 4523 4510 4655
f 4524 4656 4525
f 4525 4656 4657
f 4514 4529 4515
f 4515 4529 4528
f 4658 4659 4661
f 4661 4659 4660
f 4496 4540 4499
f 4499 4540 4541
f 4493 4555 4494
f 4494 4555 4539
f 4549 4483 4550
f 4550 4483 4482
f 4545 4544 4501
f 4501 4544 4502
f 4636 4545 4635
f 4635 4545 4501
f 4589 4663 4662
f 4662 4663 4664
f 4662 4665 4558
f 4558 4665 4559
f 4569 4586 4570
f 4570 4586 4560
f 4552 4666 4553
f 4553 4666 4667
f 4668 4669 4670
f 4670 4669 4666
f 4672 4673 4671
f 4671 4673 4674
f 4287 4675 4288
f 4288 4675 4676
f 4678 4679 4677
f 4677 4679 4680
f 4681 4678 4682
f 4682 4678 4677
f 4682 4683 4681
f 4681 4683 4684
f 4161 4164 4685
f 4685 4164 4686
f 4414 4687 4689
f 4689 4687 4688
f 4405 4690 4346
f 4346 4690 4347
f 4691 4399 4693
f 4693 4399 4692
f 1209 4694 4365
f 4365 4694 4366
f 4650 1211 4651
f 4651 1211 1210
f 4695 4696 4255
f 4255 4696 4256
f 4697 4698 4218
f 4218 4698 4215
f 4700 4701 4699
f 4699 4701 4702
f 4703 4704 4303
f 4303 4704 4300
f 4315 3922 4316
f 4316 3922 3945
f 4653 4706 4705
f 4705 4706 4707
f 4709 4710 4708
f 4708 4710 4711
f 4335 4334 4713
f 4713 4334 4712
f 4714 4340 4321
f 4321 4340 4322
f 4716 4717 4715
f 4715 4717 4718
f 4238 4241 4719
f 4719 4241 4720
f 4231 4721 4307
f 4307 4721 4308
f 4723 4724 4722
f 4722 4724 4725
f 4727 4728 4726
f 4726 4728 4729
f 4730 4731 4327
f 4327 4731 4328
f 4733 4734 4732
f 4732 4734 4735
f 4720 4381 4736
f 4736 4381 4737
f 4738 4739 4741
f 4741 4739 4740
f 4743 4744 4742
f 4742 4744 4745
f 4338 4390 4339
f 4339 4390 4431
f 4746 4747 4431
f 4431 4747 4339
f 4291 4332 4289
f 4289 4332 4317
f 4289 4209 4291
f 4291 4209 4286
f 4287 4286 4210
f 4210 4286 4209
f 4749 4750 4748
f 4748 4750 4751
f 4212 4284 4752
f 4752 4284 4753
f 4752 4754 4212
f 4212 4754 4213
f 4252 4251 4225
f 4225 4251 4226
f 4227 4230 4248
f 4248 4230 4249
f 4205 4755 4757
f 4757 4755 4756
f 4708 4711 4758
f 4758 4711 4647
f 4367 4366 4759
f 4759 4366 4760
f 4526 4513 4527
f 4527 4513 4512
f 4420 4423 4385
f 4385 4423 4386
f 4705 4761 4653
f 4653 4761 4650
f 4761 1279 4650
f 4650 1279 1211
f 4762 4763 3944
f 3944 4763 3936
f 4274 4273 4765
f 4765 4273 4764
f 4767 4768 4766
f 4766 4768 4769
f 4770 4771 4769
f 4769 4771 4766
f 4771 4770 4242
f 4242 4770 4243
f 4093 4163 4094
f 4094 4163 4162
f 4772 4773 4775
f 4775 4773 4774
f 4777 4778 4776
f 4776 4778 4779
f 4417 4185 4182
f 4182 4185 4184
f 4780 4078 4781
f 4781 4078 4077
f 4781 4077 4782
f 4782 4077 4189
f 4188 4783 4189
f 4189 4783 4782
f 4295 4232 4307
f 4307 4232 4231
f 4785 4786 4784
f 4784 4786 4787
f 4784 1307 4785
f 4785 1307 1306
f 4078 4780 4096
f 4096 4780 4097
f 4075 4074 4310
f 4310 4074 4788
f 4788 4074 4789
f 4789 4074 4191
f 4789 4191 4059
f 4059 4191 4790
f 4791 4277 4792
f 4792 4277 4278
f 3732 3735 4793
f 4793 3735 4313
f 4793 4794 3732
f 3732 4794 3731
f 4792 4795 4791
f 4791 4795 4796
f 4797 4798 4799
f 4799 4798 4724
f 4763 4800 3936
f 3936 4800 3935
f 4801 4062 3729
f 3729 4062 3730
f 4713 4712 4802
f 4802 4712 4803
f 4146 4804 4119
f 4119 4804 4805
f 4498 4654 4497
f 4497 4654 4520
f 4806 4807 1326
f 1326 4807 1327
f 4689 4688 1330
f 1330 4688 1331
f 4801 4789 4062
f 4062 4789 4059
f 3730 4062 4808
f 4808 4062 4061
f 4810 4811 4809
f 4809 4811 4812
f 4813 4403 4814
f 4814 4403 4345
f 4815 4816 4349
f 4349 4816 4350
f 4817 4818 4820
f 4820 4818 4819
f 4406 4821 4407
f 4407 4821 4822
f 4823 4161 4824
f 4824 4161 4685
f 4181 4414 4825
f 4825 4414 4689
f 4741 4740 4826
f 4826 4740 4827
f 4828 4829 4827
f 4827 4829 4826
f 4142 4141 4415
f 4415 4141 4148
f 4830 1354 4761
f 4761 1354 1279
f 4832 4833 4831
f 4831 4833 4834
f 4835 4836 4626
f 4626 4836 4421
f 4451 4709 4395
f 4395 4709 4708
f 4627 4420 4837
f 4837 4420 4385
f 4837 1365 4838
f 4838 1365 1364
f 4397 4396 4839
f 4839 4396 4840
f 4842 4628 4841
f 4841 4628 4629
f 4671 4674 4631
f 4631 4674 4630
f 4674 4659 4630
f 4630 4659 4632
f 4633 4632 4658
f 4658 4632 4659
f 4658 4504 4633
f 4633 4504 4634
f 4635 4634 4507
f 4507 4634 4504
f 4843 4636 4507
f 4507 4636 4635
f 4844 4637 4843
f 4843 4637 4636
f 4637 4844 4640
f 4640 4844 4664
f 4638 4663 4642
f 4642 4663 4845
f 4847 4643 4846
f 4846 4643 4641
f 4644 4848 4645
f 4645 4848 4849
f 4851 4852 4850
f 4850 4852 4853
f 4855 4856 4854
f 4854 4856 4857
f 4859 4860 4858
f 4858 4860 4857
f 4715 4718 4859
f 4859 4718 4860
f 4862 4863 4861
f 4861 4863 4864
f 4866 4867 4865
f 4865 4867 4868
f 4870 4871 4869
f 4869 4871 4872
f 4869 4872 4116
f 4116 4872 4117
f 4820 4819 4874
f 4874 4819 4873
f 4876 4877 4875
f 4875 4877 4878
f 4880 4881 4879
f 4879 4881 4882
f 4884 4885 4883
f 4883 4885 4886
f 4887 4888 4280
f 4280 4888 4281
f 4818 4817 4889
f 4889 4817 4890
f 4891 4193 4823
f 4823 4193 4192
f 4892 4893 4228
f 4228 4893 4229
f 4158 4157 4894
f 4894 4157 4895
f 4896 4897 4132
f 4132 4897 4133
f 4099 4683 4100
f 4100 4683 4682
f 4101 4100 4899
f 4899 4100 4898
f 4150 4106 4147
f 4147 4106 4900
f 4100 4682 4898
f 4898 4682 4677
f 4080 4082 4187
f 4187 4082 4184
f 4077 4080 4189
f 4189 4080 4187
f 4191 4190 4790
f 4790 4190 4901
f 4177 4158 4680
f 4680 4158 4894
f 4108 4136 4752
f 4752 4136 4754
f 4752 4753 4108
f 4108 4753 4109
f 4817 4902 4890
f 4890 4902 4903
f 4904 4905 4907
f 4907 4905 4906
f 4909 4910 4908
f 4908 4910 4911
f 4913 4914 4912
f 4912 4914 4915
f 4916 4917 4919
f 4919 4917 4918
f 4312 4424 4299
f 4299 4424 4304
f 4920 4921 4297
f 4297 4921 4298
f 4194 4922 4167
f 4167 4922 4923
f 4924 4400 4691
f 4691 4400 4399
f 4395 4708 4396
f 4396 4708 4758
f 4367 4925 4368
f 4368 4925 4926
f 4919 4918 4873
f 4873 4918 4874
f 4836 4927 4421
f 4421 4927 4422
f 4921 4928 4298
f 4298 4928 4311
f 4143 4146 4122
f 4122 4146 4119
f 4929 4930 4455
f 4455 4930 4452
f 4932 4933 4931
f 4931 4933 4934
f 4935 4936 4932
f 4932 4936 4933
f 4461 4460 4457
f 4457 4460 4458
f 4480 4479 4475
f 4475 4479 4476
f 4660 4673 4517
f 4517 4673 4937
f 4661 4505 4658
f 4658 4505 4504
f 4484 4483 4489
f 4489 4483 4486
f 4462 4509 4463
f 4463 4509 4518
f 4469 4511 4466
f 4466 4511 4508
f 4655 4473 4656
f 4656 4473 4477
f 4476 4657 4477
f 4477 4657 4656
f 4479 4513 4476
f 4476 4513 4657
f 4489 4525 4484
f 4484 4525 4526
f 4483 4549 4486
f 4486 4549 4536
f 4549 4548 4536
f 4536 4548 4551
f 4548 4568 4551
f 4551 4568 4670
f 4663 4589 4845
f 4845 4589 4590
f 4668 4577 4938
f 4938 4577 4580
f 4940 4938 4939
f 4939 4938 4941
f 4940 4942 4669
f 4669 4942 4943
f 4587 4582 4944
f 4944 4582 4581
f 4848 4847 4608
f 4608 4847 4564
f 4616 4945 4613
f 4613 4945 4598
f 4615 4946 4616
f 4616 4946 4945
f 4947 4939 4948
f 4948 4939 4946
f 4599 4605 4600
f 4600 4605 4604
f 4608 4607 4848
f 4848 4607 4849
f 4613 4612 4616
f 4616 4612 4617
f 4835 4949 4709
f 4709 4949 4710
f 4357 1477 4837
f 4837 1477 1365
f 4712 4950 4803
f 4803 4950 4951
f 4401 4952 4402
f 4402 4952 4953
f 4759 4760 4402
f 4402 4760 4399
f 4508 4520 4509
f 4509 4520 4654
f 4510 4522 4511
f 4511 4522 4521
f 4513 4526 4657
f 4657 4526 4525
f 4632 4633 4514
f 4514 4633 4529
f 4931 4934 4453
f 4453 4934 4454
f 4153 4954 4154
f 4154 4954 4955
f 4957 4958 4956
f 4956 4958 4959
f 4961 4962 4960
f 4960 4962 4963
f 4120 4964 4210
f 4210 4964 4965
f 4967 4968 4966
f 4966 4968 4969
f 4349 4692 4815
f 4815 4692 4970
f 4652 4971 4653
f 4653 4971 4706
f 4758 4647 4972
f 4972 4647 4646
f 4973 4363 4646
f 4646 4363 4972
f 4950 4360 4974
f 4974 4360 4364
f 4431 4335 4746
f 4746 4335 4713
f 4358 4714 4325
f 4325 4714 4321
f 4765 4764 4266
f 4266 4764 4975
f 4202 4976 4203
f 4203 4976 4977
f 4917 4978 4918
f 4918 4978 4979
f 4279 4282 4854
f 4854 4282 4269
f 4820 4880 4817
f 4817 4880 4902
f 4890 4903 4980
f 4980 4903 4886
f 4982 4983 4981
f 4981 4983 4123
f 4795 4851 4796
f 4796 4851 4850
f 4918 4979 4874
f 4874 4979 4881
f 4809 4404 4810
f 4810 4404 4403
f 4354 4985 4984
f 4984 4985 4986
f 1364 1516 4838
f 4838 1516 4987
f 4759 4988 4367
f 4367 4988 4925
f 4989 4990 4481
f 4481 4990 4478
f 4443 4515 4990
f 4990 4515 4991
f 4527 4512 4992
f 4992 4512 4991
f 4528 4503 4992
f 4992 4503 4993
f 4993 4994 4485
f 4485 4994 4482
f 4544 4995 4502
f 4502 4995 4994
f 4995 4996 4550
f 4550 4996 4547
f 4998 4999 4997
f 4997 4999 4566
f 4998 5000 4578
f 4578 5000 4579
f 5001 5002 4596
f 4596 5002 4597
f 5003 4591 5004
f 5004 4591 4610
f 4626 4421 4627
f 4627 4421 4420
f 4837 4838 4627
f 4627 4838 4624
f 4761 4705 4830
f 4830 4705 5005
f 4705 4707 5005
f 5005 4707 5006
f 4308 4721 4075
f 4075 4721 4076
f 5007 4200 4797
f 4797 4200 4798
f 4685 4686 5008
f 5008 4686 5009
f 4889 4890 5010
f 5010 4890 4980
f 4323 1541 4324
f 4324 1541 1540
f 4385 4384 4358
f 4358 4384 4714
f 4396 4758 4840
f 4840 4758 4972
f 4866 4852 5011
f 5011 4852 5012
f 5013 4260 4980
f 4980 4260 5010
f 4875 4878 5014
f 5014 4878 5015
f 5017 5018 5016
f 5016 5018 5019
f 5016 5019 5020
f 5020 5019 5021
f 5023 5024 5022
f 5022 5024 5025
f 5027 5028 5026
f 5026 5028 5029
f 5031 5032 5030
f 5030 5032 5033
f 5035 5036 5034
f 5034 5036 5037
f 5039 5040 5038
f 5038 5040 5041
f 5043 5044 5042
f 5042 5044 5045
f 5038 5046 5039
f 5039 5046 5047
f 5049 5050 5048
f 5048 5050 5051
f 5053 5054 5052
f 5052 5054 5055
f 5057 5024 5056
f 5056 5024 5058
f 5060 5061 5059
f 5059 5061 5062
f 5064 5065 5063
f 5063 5065 5066
f 5043 5050 5064
f 5064 5050 5065
f 5038 5041 5067
f 5067 5041 5068
f 5070 5071 5069
f 5069 5071 5072
f 5074 5075 5073
f 5073 5075 5076
f 5034 5077 5035
f 5035 5077 5078
f 5080 5081 5079
f 5079 5081 5082
f 5084 5085 5083
f 5083 5085 5086
f 5085 5084 5087
f 5087 5084 5088
f 5090 5091 5089
f 5089 5091 5092
f 5094 5095 5093
f 5093 5095 5096
f 5098 5099 5097
f 5097 5099 5100
f 5102 5103 5101
f 5101 5103 5104
f 5105 5106 5108
f 5108 5106 5107
f 5110 5111 5109
f 5109 5111 5112
f 5114 5094 5113
f 5113 5094 5093
f 5116 5117 5115
f 5115 5117 5118
f 5120 5121 5119
f 5119 5121 5122
f 5124 5125 5123
f 5123 5125 5126
f 5128 5129 5127
f 5127 5129 5130
f 5097 5131 5098
f 5098 5131 5132
f 5134 5135 5133
f 5133 5135 5122
f 5084 5125 5088
f 5088 5125 5136
f 5138 5139 5137
f 5137 5139 5140
f 5142 5102 5141
f 5141 5102 5101
f 5106 5143 5107
f 5107 5143 5144
f 5146 5147 5145
f 5145 5147 5148
f 5149 5150 5109
f 5109 5150 5110
f 5151 5110 5152
f 5152 5110 5150
f 4715 5140 4716
f 4716 5140 5139
f 5143 4870 5144
f 5144 4870 4869
f 4115 5146 4116
f 4116 5146 5145
f 4791 4796 5149
f 5149 4796 5150
f 4796 4850 5150
f 5150 4850 5152
f 4858 5142 4859
f 4859 5142 5141
f 5153 5154 5115
f 5115 5154 5105
f 5156 5157 5155
f 5155 5157 5158
f 5159 5160 5053
f 5053 5160 5054
f 5161 5162 5020
f 5020 5162 5068
f 5026 5029 5163
f 5163 5029 5021
f 5083 5086 5164
f 5164 5086 5165
f 5090 5167 5166
f 5166 5167 5168
f 5169 5170 5172
f 5172 5170 5171
f 5174 5175 5173
f 5173 5175 5176
f 5177 5109 5178
f 5178 5109 5112
f 5179 5180 5182
f 5182 5180 5181
f 5123 5126 5120
f 5120 5126 5121
f 5180 5167 5181
f 5181 5167 5183
f 5184 5185 5179
f 5179 5185 5180
f 5186 5149 5177
f 5177 5149 5109
f 4868 5184 4865
f 4865 5184 5179
f 5188 5189 5187
f 5187 5189 5190
f 4277 4791 5186
f 5186 4791 5149
f 5179 5182 4865
f 4865 5182 4853
f 5189 4862 5190
f 5190 4862 4861
f 5156 5075 5191
f 5191 5075 5192
f 5036 5035 5193
f 5193 5035 5194
f 5115 5118 5153
f 5153 5118 5195
f 5022 5025 5196
f 5196 5025 5197
f 5155 5158 5069
f 5069 5158 5062
f 5063 5066 5198
f 5198 5066 5199
f 5073 5076 5200
f 5200 5076 5072
f 5202 5131 5201
f 5201 5131 5203
f 5143 5106 5204
f 5204 5106 5205
f 5114 5113 5206
f 5206 5113 5127
f 5098 5132 5193
f 5193 5132 5195
f 5204 5207 5143
f 5143 5207 4870
f 5088 5136 5208
f 5208 5136 5092
f 5209 5210 5089
f 5089 5210 5183
f 5211 5018 5060
f 5060 5018 5061
f 5017 5040 5070
f 5070 5040 5071
f 5191 5160 5156
f 5156 5160 5157
f 5048 5028 5049
f 5049 5028 5058
f 5207 5204 4858
f 4858 5204 5142
f 4859 5141 4715
f 4715 5141 5140
f 5212 5162 5042
f 5042 5162 5051
f 5182 5152 4853
f 4853 5152 4850
f 5214 5134 5213
f 5213 5134 5133
f 5164 5165 5133
f 5133 5165 5213
f 5215 5216 5201
f 5201 5216 5217
f 5147 5218 5148
f 5148 5218 5219
f 5147 5177 5218
f 5218 5177 5178
f 5141 5101 5140
f 5140 5101 5137
f 5201 5217 5202
f 5202 5217 5104
f 5146 5186 5147
f 5147 5186 5177
f 4277 5186 4115
f 4115 5186 5146
f 5191 5192 5031
f 5031 5192 5032
f 5052 5055 5220
f 5220 5055 5197
f 4116 5145 4869
f 4869 5145 5144
f 5034 5037 5214
f 5214 5037 5134
f 5097 5100 5114
f 5114 5100 5094
f 5108 5107 5219
f 5219 5107 5148
f 5221 5135 5116
f 5116 5135 5117
f 5124 5111 5209
f 5209 5111 5210
f 5107 5144 5148
f 5148 5144 5145
f 5152 5182 5151
f 5151 5182 5181
f 5208 5222 5088
f 5088 5222 5087
f 5222 5208 5171
f 5171 5208 5172
f 5223 1756 4698
f 4698 1756 1755
f 4427 5224 4107
f 4107 5224 4135
f 4178 4679 5225
f 5225 4679 5226
f 5227 5228 4892
f 4892 5228 4893
f 5229 5230 4171
f 4171 5230 4172
f 4855 4268 4884
f 4884 4268 4885
f 4884 4871 4855
f 4855 4871 4856
f 4684 5231 4896
f 4896 5231 4897
f 4768 4767 5009
f 5009 4767 5008
f 5205 5154 5102
f 5102 5154 5103
f 5099 5098 5194
f 5194 5098 5193
f 5198 5199 5079
f 5079 5199 5033
f 5102 5142 5205
f 5205 5142 5204
f 5224 4427 4681
f 4681 4427 4678
f 3712 3711 5232
f 5232 3711 5233
f 3968 3988 3963
f 3963 3988 3964
f 3976 4044 3972
f 3972 4044 3985
f 4038 4037 4036
f 4036 4037 4033
f 4794 4762 3731
f 3731 4762 3944
f 3731 3944 3722
f 3722 3944 3810
f 3874 5234 5232
f 5232 5234 3712
f 3906 3905 3867
f 3867 3905 4011
f 3904 4023 3905
f 3905 4023 4011
f 3719 3722 3811
f 3811 3722 3810
f 3812 3719 3687
f 3687 3719 3811
f 3716 3812 3686
f 3686 3812 3687
f 3713 3716 3685
f 3685 3716 3686
f 4810 4403 5235
f 5235 4403 4813
f 4345 1770 4814
f 4814 1770 1769
f 4067 4066 4058
f 4058 4066 5236
f 4043 4068 4049
f 4049 4068 4050
f 4034 5237 3989
f 3989 5237 3990
f 4031 4030 4072
f 4072 4030 4005
f 4003 4004 4002
f 4002 4004 4032
f 4004 4005 4032
f 4032 4005 4030
f 4067 4064 4068
f 4068 4064 4050
f 4058 4057 4067
f 4067 4057 4064
f 4035 4034 5238
f 5238 4034 3989
f 5236 5239 4058
f 4058 5239 5240
f 5234 3874 5241
f 5241 3874 3873
f 5241 3873 3881
f 3881 3873 3878
f 4800 4763 4788
f 4788 4763 4310
f 4763 4762 4310
f 4310 4762 4309
f 4762 4794 4309
f 4309 4794 4306
f 4794 4793 4306
f 4306 4793 4292
f 4293 4313 4302
f 4302 4313 4314
f 4302 4314 4303
f 4303 4314 4315
f 4303 4315 4703
f 4703 4315 4316
f 4035 4069 4043
f 4043 4069 4068
f 4324 1540 4357
f 4357 1540 1477
f 5232 3987 3874
f 3874 3987 3871
f 3987 5232 4013
f 4013 5232 5233
f 4013 5233 4014
f 4014 5233 5242
f 3888 4015 3865
f 3865 4015 4007
f 3866 4008 5243
f 5243 4008 4016
f 3873 5244 3878
f 3878 5244 3875
f 3965 5244 3872
f 3872 5244 3873
f 3876 3875 3965
f 3965 3875 5244
f 5243 4016 5242
f 5242 4016 4014
f 5246 5247 5245
f 5245 5247 5248
f 3576 3950 3577
f 3577 3950 3926
f 3584 3842 3585
f 3585 3842 3580
f 5249 5247 1784
f 1784 5247 1785
f 5250 5251 5253
f 5253 5251 5252
f 5255 5252 5254
f 5254 5252 5256
f 5254 5256 5258
f 5258 5256 5257
f 5258 5257 5260
f 5260 5257 5259
f 4356 5261 4424
f 4424 5261 5259
f 4355 5262 4356
f 4356 5262 5261
f 4924 5264 5263
f 5263 5264 5265
f 4693 5266 4691
f 4691 5266 5267
f 4351 5268 4352
f 4352 5268 5269
f 1808 1807 4351
f 4351 1807 5268
f 3580 3842 3581
f 3799 3802 3838
f 4800 4788 4801
f 4801 4788 4789
f 3729 3935 4801
f 4801 3935 4800
f 3728 3666 3729
f 3729 3666 3935
f 3728 3798 3666
f 3666 3798 3663
f 3798 3818 3663
f 3663 3818 3809
f 3818 3817 3809
f 3809 3817 3808
f 3796 3655 3817
f 3817 3655 3808
f 3615 3568 3796
f 3796 3568 3655
f 3573 3569 3615
f 3615 3569 3568
f 3572 3613 3573
f 3573 3613 3569
f 3792 3606 3572
f 3572 3606 3613
f 3607 3791 3949
f 3949 3791 3591
f 3590 3950 3591
f 3591 3950 3949
f 3805 3926 3590
f 3590 3926 3950
f 3804 3559 3805
f 3805 3559 3926
f 3804 3914 3559
f 3559 3914 3560
f 3924 3789 3913
f 3913 3789 3788
f 3924 3928 3789
f 3789 3928 3826
f 3928 3927 3826
f 3826 3927 3827
f 3927 3834 3827
f 3827 3834 3835
f 4079 4078 5270
f 5270 4078 5007
f 5271 5272 4233
f 4233 5272 5273
f 5275 5276 5274
f 5274 5276 5277
f 5278 5279 4236
f 4236 5279 4237
f 5278 5280 5271
f 5271 5280 5272
f 4235 5281 4236
f 4236 5281 5282
f 5284 5285 5283
f 5283 5285 5286
f 5288 5289 5287
f 5287 5289 5290
f 5292 5293 5291
f 5291 5293 5294
f 5287 5290 4726
f 4726 5290 5295
f 4293 4292 4313
f 4313 4292 4793
f 4720 4736 4719
f 4719 4736 5296
f 5297 4909 5298
f 5298 4909 4908
f 5299 5300 4976
f 4976 5300 5301
f 5302 4202 5303
f 5303 4202 4201
f 5304 5305 4983
f 4983 5305 5306
f 5308 5309 5307
f 5307 5309 5310
f 4722 4725 5283
f 5283 4725 5311
f 5291 5294 4125
f 4125 5294 4126
f 5313 5314 5312
f 5312 5314 5315
f 5316 5317 5319
f 5319 5317 5318
f 5321 5308 5320
f 5320 5308 5307
f 4819 4981 4873
f 4873 4981 5322
f 4981 4123 5322
f 5322 4123 4126
f 5324 5325 5323
f 5323 5325 5326
f 4764 5327 4975
f 4975 5327 5328
f 4172 5327 4169
f 4169 5327 5329
f 4768 4171 4769
f 4769 4171 4170
f 4243 4755 4244
f 4244 4755 5330
f 4755 4205 5330
f 5330 4205 4208
f 4206 4906 4207
f 4207 4906 4905
f 4686 5014 5009
f 5009 5014 5229
f 4756 4770 4170
f 4170 4770 4769
f 4170 4169 4756
f 4756 4169 4757
f 4273 5329 4764
f 4764 5329 5327
f 4276 5331 4273
f 4273 5331 5329
f 4770 4756 4243
f 4243 4756 4755
f 5333 4889 5332
f 5332 4889 5010
f 4877 5332 4878
f 4878 5332 4259
f 4875 4164 4876
f 4876 4164 4163
f 5334 5335 5324
f 5324 5335 5325
f 4983 5306 4123
f 4123 5306 4124
f 4818 4982 4819
f 4819 4982 4981
f 5332 5010 4259
f 4259 5010 4260
f 5014 4686 4875
f 4875 4686 4164
f 4171 4768 5229
f 5229 4768 5009
f 5337 4916 5336
f 5336 4916 4919
f 5293 5337 5294
f 5294 5337 5336
f 4982 4818 5333
f 5333 4818 4889
f 5338 5339 4262
f 4262 5339 5340
f 5307 5310 5338
f 5338 5310 5339
f 5341 5342 4204
f 4204 5342 5309
f 5336 4919 5322
f 5322 4919 4873
f 5294 5336 4126
f 4126 5336 5322
f 5323 5326 5343
f 5343 5326 5286
f 4914 5344 4915
f 4915 5344 5345
f 5312 5315 5344
f 5344 5315 5345
f 5347 5348 5346
f 5346 5348 5349
f 5350 5351 4832
f 4832 5351 4833
f 5352 5353 5349
f 5349 5353 5346
f 5354 5338 4265
f 4265 5338 4262
f 5320 5307 5354
f 5354 5307 5338
f 4201 5308 5303
f 5303 5308 5321
f 5356 5357 5355
f 5355 5357 4799
f 5358 5359 5334
f 5334 5359 5335
f 5358 5360 4093
f 4093 5360 4163
f 5360 5305 4163
f 4163 5305 4876
f 5305 5304 4876
f 4876 5304 4877
f 5270 4778 4079
f 4079 4778 4081
f 4779 5361 4774
f 4774 5361 5357
f 5356 5359 4775
f 4775 5359 4092
f 5333 5304 4982
f 4982 5304 4983
f 5332 4877 5333
f 5333 4877 5304
f 5015 4258 5230
f 5230 4258 5328
f 5327 4172 5328
f 5328 4172 5230
f 4169 5329 4757
f 4757 5329 5331
f 4757 5331 4205
f 4205 5331 4206
f 5331 4276 4206
f 4206 4276 4906
f 4276 4275 4906
f 4906 4275 4907
f 4275 4888 4907
f 4907 4888 4744
f 4887 4717 4745
f 4745 4717 4864
f 4716 5139 4861
f 4861 5139 5190
f 5139 5138 5190
f 5190 5138 5187
f 5138 5216 5187
f 5187 5216 5176
f 5215 5362 5173
f 5173 5362 5130
f 5364 5365 5363
f 5363 5365 5340
f 4742 4863 5366
f 5366 4863 4867
f 4862 5189 4868
f 4868 5189 5184
f 5189 5188 5184
f 5184 5188 5185
f 5188 5175 5185
f 5185 5175 5168
f 3560 3788 3561
f 3561 3788 3790
f 3596 3595 3608
f 3608 3595 3594
f 3598 3582 3595
f 3595 3582 3592
f 3600 3609 3601
f 3601 3609 3611
f 3602 3601 3612
f 3612 3601 3611
f 3606 3605 3613
f 3613 3605 3614
f 3793 5367 3794
f 3794 5367 5368
f 3598 3597 3600
f 3600 3597 3609
f 3793 3792 3575
f 3575 3792 3572
f 3561 3594 3558
f 3558 3594 3593
f 3807 3915 3804
f 3804 3915 3914
f 3916 3915 5370
f 5370 3915 5369
f 3602 3605 3603
f 3603 3605 3604
f 3606 3792 3607
f 3607 3792 3791
f 3914 3913 3560
f 3560 3913 3788
f 5174 5129 5166
f 5166 5129 5371
f 5170 5169 5093
f 5093 5169 5113
f 5166 5371 5090
f 5090 5371 5091
f 5128 5169 5372
f 5372 5169 5172
f 5127 5113 5128
f 5128 5113 5169
f 5114 5206 5203
f 5203 5206 5362
f 5200 5373 5073
f 5073 5373 5096
f 5374 5375 5200
f 5200 5375 5373
f 5039 5047 5374
f 5374 5047 5375
f 5087 5046 5085
f 5085 5046 5376
f 5212 5377 5067
f 5067 5377 5376
f 5042 5045 5212
f 5212 5045 5377
f 5064 5378 5043
f 5043 5378 5044
f 5063 5077 5064
f 5064 5077 5378
f 5079 5082 5198
f 5198 5082 5078
f 5099 5081 5100
f 5100 5081 5379
f 5100 5379 5094
f 5094 5379 5095
f 5381 5382 5380
f 5380 5382 5383
f 5385 5386 5384
f 5384 5386 5383
f 5385 5387 5386
f 5386 5387 5388
f 5390 5391 5389
f 5389 5391 5392
f 5393 5394 5396
f 5396 5394 5395
f 5398 5399 5397
f 5397 5399 5400
f 5402 5403 5401
f 5401 5403 5404
f 5406 5407 5405
f 5405 5407 5404
f 5408 5409 5163
f 5163 5409 5410
f 5411 5412 5414
f 5414 5412 5413
f 5057 5416 5415
f 5415 5416 5417
f 5393 5416 5418
f 5418 5416 5419
f 5396 5395 5420
f 5420 5395 5421
f 5423 5424 5422
f 5422 5424 5425
f 5415 5417 5220
f 5220 5417 5426
f 5418 5391 5393
f 5393 5391 5394
f 5414 5388 5411
f 5411 5388 5392
f 5059 5427 5060
f 5060 5427 5428
f 5423 5427 5429
f 5429 5427 5430
f 5432 5382 5431
f 5431 5382 5425
f 5429 5407 5423
f 5423 5407 5424
f 5380 5409 5381
f 5381 5409 5433
f 5381 5433 5422
f 5422 5433 5428
f 5027 5412 5056
f 5056 5412 5419
f 5435 5436 5434
f 5434 5436 5437
f 5159 5439 5438
f 5438 5439 5440
f 5053 5436 5159
f 5159 5436 5439
f 5441 5403 5398
f 5398 5403 5399
f 5163 5410 5026
f 5026 5410 5413
f 5438 5440 5442
f 5442 5440 5430
f 5444 5445 5443
f 5443 5445 5446
f 5447 5448 5450
f 5450 5448 5449
f 5451 5446 5452
f 5452 5446 5445
f 5454 5455 5453
f 5453 5455 5451
f 5456 5454 5458
f 5458 5454 5457
f 5460 5461 5459
f 5459 5461 5462
f 5464 5465 5463
f 5463 5465 5466
f 5468 5469 5467
f 5467 5469 5470
f 5472 5473 5471
f 5471 5473 5474
f 5475 5476 5478
f 5478 5476 5477
f 5479 5480 5482
f 5482 5480 5481
f 5483 5484 5448
f 5448 5484 5485
f 5448 5485 5449
f 5449 5485 5486
f 5487 5476 5488
f 5488 5476 5475
f 5490 5491 5489
f 5489 5491 5492
f 5494 5495 5493
f 5493 5495 5496
f 5498 5494 5497
f 5497 5494 5493
f 5500 5501 5499
f 5499 5501 5502
f 5503 5504 5446
f 5446 5504 5443
f 5506 5507 5505
f 5505 5507 5508
f 5510 5511 5509
f 5509 5511 5512
f 5514 5515 5513
f 5513 5515 5516
f 5518 5519 5517
f 5517 5519 5520
f 5495 5521 5496
f 5496 5521 5522
f 5524 5525 5523
f 5523 5525 5526
f 5527 5528 5494
f 5494 5528 5495
f 5499 5502 5529
f 5529 5502 5530
f 5531 5532 5485
f 5485 5532 5486
f 5485 5484 5531
f 5531 5484 5533
f 5482 5481 5534
f 5534 5481 5535
f 5536 5512 5506
f 5506 5512 5511
f 5455 5503 5451
f 5451 5503 5446
f 5467 5470 5511
f 5511 5470 5537
f 5538 5467 5510
f 5510 5467 5511
f 5540 5541 5539
f 5539 5541 5542
f 5543 5544 5546
f 5546 5544 5545
f 5548 5472 5547
f 5547 5472 5471
f 5493 5496 5549
f 5549 5496 5550
f 5496 5522 5550
f 5550 5522 5551
f 5553 5554 5552
f 5552 5554 5555
f 5557 5447 5556
f 5556 5447 5558
f 5557 5483 5447
f 5447 5483 5448
f 5478 5477 5553
f 5553 5477 5559
f 5477 5560 5559
f 5559 5560 5561
f 5476 5562 5477
f 5477 5562 5560
f 5476 5487 5562
f 5562 5487 5563
f 5560 5564 5561
f 5561 5564 5565
f 5564 5560 5566
f 5566 5560 5562
f 5563 5567 5562
f 5562 5567 5566
f 5569 5521 5568
f 5568 5521 5570
f 5481 5572 5571
f 5571 5572 5573
f 5574 5535 5571
f 5571 5535 5481
f 5576 5577 5575
f 5575 5577 5578
f 5579 5580 5456
f 5456 5580 5581
f 5475 5582 5488
f 5488 5582 5583
f 5584 5536 5505
f 5505 5536 5506
f 5585 5586 5588
f 5588 5586 5587
f 5590 5591 5589
f 5589 5591 5592
f 5519 5593 5520
f 5520 5593 5594
f 5595 5596 5462
f 5462 5596 5597
f 5599 5600 5598
f 5598 5600 5514
f 5602 5603 5601
f 5601 5603 5604
f 5524 5543 5525
f 5525 5543 5546
f 5543 5524 5606
f 5606 5524 5605
f 5607 5608 5500
f 5500 5608 5501
f 5610 5551 5609
f 5609 5551 5522
f 5611 5510 5598
f 5598 5510 5509
f 5612 5597 5457
f 5457 5597 5458
f 5510 5611 5538
f 5538 5611 5613
f 5580 5508 5581
f 5581 5508 5507
f 5615 5616 5614
f 5614 5616 5617
f 5619 5620 5618
f 5618 5620 5621
f 5623 5624 5622
f 5622 5624 5625
f 5627 5624 5626
f 5626 5624 5623
f 5629 5630 5628
f 5628 5630 5631
f 5633 5634 5632
f 5632 5634 5466
f 5635 5636 5463
f 5463 5636 5637
f 5523 5638 5524
f 5524 5638 5605
f 5639 5640 5641
f 5641 5640 5595
f 5611 5513 5613
f 5613 5513 5642
f 5643 5586 5608
f 5608 5586 5501
f 5622 5625 5590
f 5590 5625 5591
f 5598 5514 5611
f 5611 5514 5513
f 5645 5646 5644
f 5644 5646 5647
f 5620 5619 5491
f 5491 5619 5648
f 5649 5643 5492
f 5492 5643 5608
f 5650 5651 5653
f 5653 5651 5652
f 5463 5466 5635
f 5635 5466 5634
f 5597 5612 5462
f 5462 5612 5459
f 5635 5634 5523
f 5523 5634 5638
f 5654 5638 5633
f 5633 5638 5634
f 5655 5656 5525
f 5525 5656 5526
f 5658 5659 5657
f 5657 5659 5527
f 5660 5464 5637
f 5637 5464 5463
f 5632 5466 5661
f 5661 5466 5465
f 5661 5662 5632
f 5632 5662 5658
f 5662 5663 5658
f 5658 5663 5659
f 5665 5659 5664
f 5664 5659 5663
f 5632 5658 5633
f 5633 5658 5657
f 5666 5629 5530
f 5530 5629 5667
f 5528 5527 5665
f 5665 5527 5659
f 5668 5669 5570
f 5570 5669 5568
f 5669 5668 5670
f 5670 5668 5671
f 5646 5672 5673
f 5672 5674 5673
f 5673 5674 5675
f 5674 5460 5675
f 5675 5460 5459
f 5461 5676 5462
f 5462 5676 5595
f 5677 5678 5680
f 5680 5678 5679
f 5628 5681 5629
f 5629 5681 5667
f 5682 5529 5667
f 5667 5529 5530
f 5675 5459 5683
f 5683 5459 5612
f 5585 5666 5502
f 5502 5666 5530
f 5589 5684 5602
f 5602 5684 5603
f 5646 5645 5663
f 5663 5645 5664
f 5685 5647 5673
f 5673 5647 5646
f 5686 5687 5683
f 5683 5687 5685
f 5688 5689 5533
f 5533 5689 5531
f 5690 5691 5535
f 5535 5691 5534
f 5692 5690 5574
f 5574 5690 5535
f 5685 5687 5689
f 5689 5687 5693
f 5489 5694 5490
f 5490 5694 5695
f 5690 5692 5696
f 5696 5692 5697
f 5696 5644 5690
f 5690 5644 5691
f 5447 5450 5558
f 5558 5450 5698
f 5699 5700 5642
f 5642 5700 5613
f 5701 5702 5540
f 5540 5702 5541
f 5431 5703 5432
f 5432 5703 5697
f 5385 5384 5574
f 5574 5384 5692
f 5389 5387 5573
f 5573 5387 5571
f 5565 5390 5573
f 5573 5390 5389
f 5390 5565 5704
f 5704 5565 5564
f 5566 5705 5564
f 5564 5705 5704
f 5569 5441 5609
f 5609 5441 5398
f 5568 5405 5569
f 5569 5405 5441
f 5670 5706 5669
f 5669 5706 5406
f 5703 5431 5670
f 5670 5431 5706
f 5432 5697 5384
f 5384 5697 5692
f 5574 5571 5385
f 5385 5571 5387
f 5607 5707 5489
f 5489 5707 5694
f 5518 5708 5519
f 5519 5708 5709
f 5711 5576 5710
f 5710 5576 5575
f 5713 5714 5712
f 5712 5714 5715
f 5553 5552 5478
f 5478 5552 5716
f 5717 5475 5716
f 5716 5475 5478
f 5718 5719 5605
f 5605 5719 5606
f 5505 5622 5584
f 5584 5622 5590
f 5508 5623 5505
f 5505 5623 5622
f 5626 5623 5580
f 5580 5623 5508
f 5580 5579 5626
f 5626 5579 5720
f 5579 5721 5720
f 5720 5721 5722
f 5666 5585 5723
f 5723 5585 5588
f 5724 5725 5639
f 5639 5725 5640
f 5554 5726 5555
f 5555 5726 5727
f 5453 5728 5729
f 5689 5688 5685
f 5685 5688 5647
f 5604 5730 5512
f 5512 5730 5509
f 5628 5631 5618
f 5618 5631 5592
f 5601 5604 5536
f 5536 5604 5512
f 5732 5676 5731
f 5731 5676 5660
f 5730 5604 5733
f 5733 5604 5603
f 5563 5487 5551
f 5551 5487 5550
f 5489 5492 5607
f 5607 5492 5608
f 5573 5572 5565
f 5565 5572 5561
f 5609 5522 5569
f 5569 5522 5521
f 5499 5734 5500
f 5500 5734 5735
f 5596 5736 5721
f 5721 5736 5722
f 5737 5600 5594
f 5594 5600 5520
f 5599 5730 5517
f 5517 5730 5733
f 5660 5738 5731
f 5731 5738 5739
f 5648 5649 5491
f 5491 5649 5492
f 5501 5586 5502
f 5502 5586 5585
f 5525 5546 5655
f 5655 5546 5740
f 5600 5599 5520
f 5520 5599 5517
f 5708 5739 5709
f 5709 5739 5738
f 5636 5635 5526
f 5526 5635 5523
f 5670 5671 5703
f 5703 5671 5741
f 5490 5695 5742
f 5742 5695 5743
f 5682 5678 5744
f 5744 5678 5677
f 5678 5681 5679
f 5679 5681 5621
f 5742 5743 5679
f 5679 5743 5680
f 5618 5621 5628
f 5628 5621 5681
f 5725 5724 5589
f 5589 5724 5684
f 5456 5458 5579
f 5579 5458 5721
f 5675 5683 5673
f 5673 5683 5685
f 5529 5682 5745
f 5745 5682 5744
f 5721 5458 5596
f 5596 5458 5597
f 5701 5540 5719
f 5719 5540 5606
f 5703 5741 5697
f 5697 5741 5696
f 5500 5735 5607
f 5607 5735 5707
f 5549 5746 5493
f 5493 5746 5497
f 5700 5747 5613
f 5613 5747 5538
f 5420 5421 5434
f 5434 5421 5400
f 5689 5693 5531
f 5531 5693 5532
f 5705 5566 5748
f 5748 5566 5567
f 5609 5398 5610
f 5610 5398 5397
f 5669 5406 5568
f 5568 5406 5405
f 5488 5583 5549
f 5549 5583 5746
f 5714 5713 5710
f 5710 5713 5711
f 5747 5468 5538
f 5538 5468 5467
f 5548 5547 5749
f 5749 5547 5750
f 5733 5603 5751
f 5751 5603 5684
f 5589 5602 5590
f 5590 5602 5584
f 5636 5752 5614
f 5614 5752 5615
f 5753 5754 5738
f 5738 5754 5755
f 5602 5601 5584
f 5584 5601 5536
f 5723 5736 5630
f 5630 5736 5640
f 5595 5640 5596
f 5596 5640 5736
f 5734 5499 5745
f 5745 5499 5529
f 5627 5587 5643
f 5643 5587 5586
f 5553 5559 5554
f 5554 5559 5480
f 5559 5561 5480
f 5480 5561 5572
f 5554 5480 5726
f 5726 5480 5479
f 5749 5750 5715
f 5715 5750 5712
f 5683 5612 5686
f 5686 5612 5457
f 5678 5682 5681
f 5681 5682 5667
f 5598 5509 5599
f 5599 5509 5730
f 5679 5621 5742
f 5742 5621 5620
f 5652 5616 5653
f 5653 5616 5615
f 5220 5426 5052
f 5052 5426 5437
f 5487 5488 5550
f 5550 5488 5549
f 5742 5620 5490
f 5490 5620 5491
f 5551 5610 5563
f 5563 5610 5567
f 5610 5397 5567
f 5567 5397 5748
f 5614 5617 5753
f 5753 5617 5754
f 5480 5572 5481
f 5755 5756 5738
f 5738 5756 5709
f 5745 5744 5758
f 5758 5744 5757
f 5745 5758 5734
f 5734 5758 5759
f 5735 5734 5760
f 5760 5734 5759
f 5707 5735 5761
f 5761 5735 5760
f 5744 5677 5757
f 5757 5677 5762
f 5677 5680 5762
f 5762 5680 5763
f 5763 5680 5764
f 5764 5680 5743
f 5765 5766 5762
f 5762 5766 5757
f 5768 5769 5767
f 5767 5769 5770
f 5771 5772 5770
f 5770 5772 5767
f 5770 5769 5774
f 5774 5769 5773
f 5775 5776 5774
f 5774 5776 5777
f 5773 5778 5774
f 5774 5778 5775
f 5779 5766 5773
f 5773 5766 5778
f 5777 5771 5774
f 5774 5771 5770
f 5780 5781 5783
f 5783 5781 5782
f 5781 5780 5771
f 5771 5780 5772
f 5773 5769 5779
f 5779 5769 5768
f 5768 5759 5779
f 5779 5759 5758
f 5768 5784 5759
f 5759 5784 5760
f 5767 5785 5768
f 5768 5785 5784
f 5785 5767 5786
f 5786 5767 5772
f 5766 5779 5757
f 5757 5779 5758
f 5780 5787 5772
f 5772 5787 5786
f 5785 5786 5788
f 5788 5786 5789
f 5786 5787 5789
f 5789 5787 5790
f 5788 5789 5791
f 5791 5789 5792
f 5791 5793 5788
f 5788 5793 5794
f 5795 5792 5790
f 5790 5792 5789
f 5785 5788 5784
f 5784 5788 5794
f 5784 5794 5760
f 5760 5794 5761
f 5787 5780 5796
f 5796 5780 5783
f 5775 5778 5797
f 5797 5778 5766
f 5797 5798 5775
f 5775 5798 5776
f 5766 5765 5797
f 5797 5765 5799
f 5798 5797 5800
f 5800 5797 5799
f 5798 5801 5776
f 5776 5801 5802
f 5707 5761 5694
f 5694 5761 5803
f 5695 5804 5743
f 5743 5804 5764
f 5804 5695 5803
f 5803 5695 5694
f 5803 5793 5804
f 5804 5793 5805
f 5793 5791 5805
f 5805 5791 5806
f 5804 5805 5764
f 5764 5805 5807
f 5803 5761 5793
f 5793 5761 5794
f 5808 5763 5807
f 5807 5763 5764
f 5808 5765 5763
f 5763 5765 5762
f 5809 5799 5808
f 5808 5799 5765
f 5809 5808 5810
f 5810 5808 5807
f 5811 5809 5812
f 5812 5809 5810
f 5805 5806 5807
f 5807 5806 5810
f 5806 5813 5810
f 5810 5813 5812
f 5799 5809 5800
f 5800 5809 5811
f 5815 5800 5814
f 5814 5800 5811
f 5814 5817 5816
f 5816 5817 5818
f 5814 5811 5817
f 5817 5811 5812
f 5814 5816 5815
f 5815 5816 5796
f 5815 5796 5801
f 5801 5796 5783
f 5801 5798 5815
f 5815 5798 5800
f 5791 5792 5806
f 5806 5792 5813
f 5818 5813 5795
f 5795 5813 5792
f 5818 5817 5813
f 5813 5817 5812
f 5816 5818 5790
f 5790 5818 5795
f 5790 5787 5816
f 5816 5787 5796
f 5771 5777 5781
f 5781 5777 5782
f 5782 5802 5783
f 5783 5802 5801
f 5782 5777 5802
f 5802 5777 5776
f 5588 5587 5722
f 5722 5587 5720
f 5591 5619 5592
f 5592 5619 5618
f 5625 5624 5648
f 5648 5624 5649
f 5624 5627 5649
f 5649 5627 5643
f 5631 5630 5725
f 5725 5630 5640
f 5625 5648 5591
f 5591 5648 5619
f 5588 5722 5723
f 5723 5722 5736
f 5631 5725 5592
f 5592 5725 5589
f 5723 5630 5666
f 5666 5630 5629
f 5587 5627 5720
f 5720 5627 5626
f 5820 5821 5819
f 5819 5821 5822
f 5824 5825 5823
f 5823 5825 5826
f 5823 5826 5827
f 5827 5826 5828
f 5829 5830 5832
f 5832 5830 5831
f 5518 5833 5708
f 5708 5833 5834
f 5835 5836 5824
f 5824 5836 5825
f 5838 5839 5837
f 5837 5839 5840
f 5751 5684 5842
f 5842 5684 5841
f 5843 5841 5724
f 5724 5841 5684
f 5845 5846 5844
f 5844 5846 5847
f 5848 5830 5836
f 5836 5830 5825
f 5518 5751 5833
f 5833 5751 5842
f 5839 5838 5821
f 5821 5838 5849
f 5850 5848 5822
f 5822 5848 5836
f 5851 5845 5828
f 5828 5845 5852
f 5854 5855 5853
f 5853 5855 5856
f 5845 5844 5852
f 5852 5844 5857
f 5858 5827 5852
f 5852 5827 5828
f 5851 5828 5829
f 5829 5828 5826
f 5819 5859 5820
f 5820 5859 5860
f 5835 5861 5819
f 5819 5861 5859
f 5851 5829 5862
f 5862 5829 5832
f 5844 5847 5837
f 5837 5847 5834
f 5819 5822 5835
f 5835 5822 5836
f 5823 5863 5824
f 5824 5863 5864
f 5849 5850 5821
f 5821 5850 5822
f 5825 5830 5826
f 5826 5830 5829
f 5820 5860 5865
f 5865 5860 5866
f 5858 5854 5867
f 5867 5854 5853
f 5854 5857 5855
f 5855 5857 5840
f 5855 5865 5856
f 5856 5865 5866
f 5837 5840 5844
f 5844 5840 5857
f 5827 5858 5868
f 5868 5858 5867
f 5824 5864 5835
f 5835 5864 5861
f 5732 5731 5862
f 5862 5731 5846
f 5863 5823 5868
f 5868 5823 5827
f 5843 5831 5848
f 5848 5831 5830
f 5854 5858 5857
f 5857 5858 5852
f 5855 5840 5865
f 5865 5840 5839
f 5865 5839 5820
f 5820 5839 5821
f 5868 5867 5870
f 5870 5867 5869
f 5868 5870 5863
f 5863 5870 5871
f 5863 5871 5864
f 5864 5871 5872
f 5864 5872 5861
f 5861 5872 5873
f 5867 5853 5869
f 5869 5853 5874
f 5853 5856 5874
f 5874 5856 5875
f 5856 5866 5875
f 5875 5866 5876
f 5877 5878 5874
f 5874 5878 5869
f 5880 5881 5879
f 5879 5881 5882
f 5883 5884 5880
f 5880 5884 5881
f 5881 5884 5886
f 5886 5884 5885
f 5887 5888 5886
f 5886 5888 5889
f 5885 5890 5886
f 5886 5890 5887
f 5889 5882 5886
f 5886 5882 5881
f 5882 5891 5879
f 5879 5891 5892
f 5885 5884 5893
f 5893 5884 5883
f 5883 5871 5893
f 5893 5871 5870
f 5883 5894 5871
f 5871 5894 5872
f 5880 5895 5883
f 5883 5895 5894
f 5896 5895 5879
f 5879 5895 5880
f 5893 5878 5885
f 5885 5878 5890
f 5878 5893 5869
f 5869 5893 5870
f 5897 5896 5892
f 5892 5896 5879
f 5895 5896 5898
f 5898 5896 5899
f 5896 5897 5899
f 5899 5897 5900
f 5898 5899 5901
f 5901 5899 5902
f 5901 5903 5898
f 5898 5903 5904
f 5900 5905 5899
f 5899 5905 5902
f 5898 5904 5895
f 5895 5904 5894
f 5894 5904 5872
f 5872 5904 5873
f 5897 5892 5907
f 5907 5892 5906
f 5892 5891 5906
f 5906 5891 5908
f 5887 5890 5909
f 5909 5890 5878
f 5888 5887 5910
f 5910 5887 5909
f 5878 5877 5909
f 5909 5877 5911
f 5909 5911 5910
f 5910 5911 5912
f 5913 5914 5910
f 5910 5914 5888
f 5908 5914 5906
f 5906 5914 5913
f 5861 5873 5859
f 5859 5873 5915
f 5860 5916 5866
f 5866 5916 5876
f 5916 5860 5915
f 5915 5860 5859
f 5915 5903 5916
f 5916 5903 5917
f 5903 5901 5917
f 5917 5901 5918
f 5916 5917 5876
f 5876 5917 5919
f 5903 5915 5904
f 5904 5915 5873
f 5920 5875 5919
f 5919 5875 5876
f 5920 5877 5875
f 5875 5877 5874
f 5920 5921 5877
f 5877 5921 5911
f 5921 5920 5922
f 5922 5920 5919
f 5923 5921 5924
f 5924 5921 5922
f 5917 5918 5919
f 5919 5918 5922
f 5918 5925 5922
f 5922 5925 5924
f 5921 5923 5911
f 5911 5923 5912
f 5927 5912 5926
f 5926 5912 5923
f 5926 5929 5928
f 5928 5929 5930
f 5926 5923 5929
f 5929 5923 5924
f 5926 5928 5927
f 5927 5928 5907
f 5927 5907 5913
f 5913 5907 5906
f 5913 5910 5927
f 5927 5910 5912
f 5901 5902 5918
f 5918 5902 5925
f 5930 5925 5905
f 5905 5925 5902
f 5930 5929 5925
f 5925 5929 5924
f 5928 5930 5900
f 5900 5930 5905
f 5900 5897 5928
f 5928 5897 5907
f 5882 5889 5891
f 5891 5889 5908
f 5908 5889 5914
f 5914 5889 5888
f 5832 5831 5641
f 5641 5831 5639
f 5833 5838 5834
f 5834 5838 5837
f 5842 5841 5849
f 5849 5841 5850
f 5841 5843 5850
f 5850 5843 5848
f 5847 5846 5739
f 5739 5846 5731
f 5842 5849 5833
f 5833 5849 5838
f 5862 5832 5732
f 5732 5832 5641
f 5847 5739 5834
f 5834 5739 5708
f 5862 5846 5851
f 5851 5846 5845
f 5831 5843 5639
f 5639 5843 5724
f 5676 5732 5595
f 5595 5732 5641
f 5676 5461 5660
f 5660 5461 5464
f 5461 5460 5464
f 5464 5460 5465
f 5460 5674 5465
f 5465 5674 5661
f 5931 5932 5934
f 5934 5932 5933
f 5936 5937 5935
f 5935 5937 5938
f 5935 5938 5939
f 5939 5938 5940
f 5942 5943 5941
f 5941 5943 5944
f 5945 5946 5936
f 5936 5946 5937
f 5948 5949 5947
f 5947 5949 5950
f 5951 5952 5519
f 5519 5952 5593
f 5953 5951 5709
f 5709 5951 5519
f 5955 5956 5954
f 5954 5956 5957
f 5958 5942 5946
f 5946 5942 5937
f 5948 5959 5949
f 5949 5959 5933
f 5960 5958 5934
f 5934 5958 5946
f 5961 5955 5940
f 5940 5955 5962
f 5963 5964 5966
f 5966 5964 5965
f 5955 5954 5962
f 5962 5954 5967
f 5968 5939 5962
f 5962 5939 5940
f 5961 5940 5941
f 5941 5940 5938
f 5931 5969 5932
f 5932 5969 5970
f 5945 5971 5931
f 5931 5971 5969
f 5941 5944 5961
f 5961 5944 5972
f 5954 5957 5947
f 5947 5957 5973
f 5945 5931 5946
f 5946 5931 5934
f 5935 5974 5936
f 5936 5974 5975
f 5959 5960 5933
f 5933 5960 5934
f 5937 5942 5938
f 5938 5942 5941
f 5932 5970 5976
f 5976 5970 5977
f 5968 5964 5978
f 5978 5964 5963
f 5965 5964 5950
f 5950 5964 5967
f 5976 5977 5965
f 5965 5977 5966
f 5947 5950 5954
f 5954 5950 5967
f 5939 5968 5979
f 5979 5968 5978
f 5936 5975 5945
f 5945 5975 5971
f 5972 5754 5956
f 5956 5754 5617
f 5974 5935 5979
f 5979 5935 5939
f 5953 5943 5958
f 5958 5943 5942
f 5964 5968 5967
f 5967 5968 5962
f 5965 5950 5976
f 5976 5950 5949
f 5976 5949 5932
f 5932 5949 5933
f 5979 5978 5981
f 5981 5978 5980
f 5979 5981 5974
f 5974 5981 5982
f 5974 5982 5975
f 5975 5982 5983
f 5975 5983 5971
f 5971 5983 5984
f 5978 5963 5980
f 5980 5963 5985
f 5963 5966 5985
f 5985 5966 5986
f 5986 5966 5987
f 5987 5966 5977
f 5988 5989 5985
f 5985 5989 5980
f 5991 5992 5990
f 5990 5992 5993
f 5994 5995 5991
f 5991 5995 5992
f 5992 5995 5997
f 5997 5995 5996
f 5998 5999 5997
f 5997 5999 6000
f 5996 6001 5997
f 5997 6001 5998
f 6000 5993 5997
f 5997 5993 5992
f 6002 6003 5993
f 5993 6003 5990
f 5995 5994 5996
f 5996 5994 6004
f 5994 5982 6004
f 6004 5982 5981
f 5994 6005 5982
f 5982 6005 5983
f 5991 6006 5994
f 5994 6006 6005
f 6006 5991 6007
f 6007 5991 5990
f 5996 6004 6001
f 6001 6004 5989
f 5989 6004 5980
f 5980 6004 5981
f 6003 6008 5990
f 5990 6008 6007
f 6009 6006 6010
f 6010 6006 6007
f 6008 6011 6007
f 6007 6011 6010
f 6012 6009 6013
f 6013 6009 6010
f 6009 6012 6015
f 6015 6012 6014
f 6011 6016 6010
f 6010 6016 6013
f 6006 6009 6005
f 6005 6009 6015
f 6005 6015 5983
f 5983 6015 5984
f 6008 6003 6018
f 6018 6003 6017
f 6003 6002 6017
f 6017 6002 6019
f 5998 6001 6020
f 6020 6001 5989
f 5999 5998 6021
f 6021 5998 6020
f 5989 5988 6020
f 6020 5988 6022
f 6021 6020 6023
f 6023 6020 6022
f 6021 6024 5999
f 5999 6024 6025
f 6019 6025 6017
f 6017 6025 6024
f 5971 5984 5969
f 5969 5984 6026
f 5970 6027 5977
f 5977 6027 5987
f 6027 5970 6026
f 6026 5970 5969
f 6026 6014 6027
f 6027 6014 6028
f 6014 6012 6028
f 6028 6012 6029
f 6027 6028 5987
f 5987 6028 6030
f 6026 5984 6014
f 6014 5984 6015
f 6031 5986 6030
f 6030 5986 5987
f 6031 5988 5986
f 5986 5988 5985
f 6032 6022 6031
f 6031 6022 5988
f 6032 6031 6033
f 6033 6031 6030
f 6034 6032 6035
f 6035 6032 6033
f 6028 6029 6030
f 6030 6029 6033
f 6029 6036 6033
f 6033 6036 6035
f 6032 6034 6022
f 6022 6034 6023
f 6038 6023 6037
f 6037 6023 6034
f 6037 6040 6039
f 6039 6040 6041
f 6037 6034 6040
f 6040 6034 6035
f 6037 6039 6038
f 6038 6039 6018
f 6038 6018 6024
f 6024 6018 6017
f 6024 6021 6038
f 6038 6021 6023
f 6012 6013 6029
f 6029 6013 6036
f 6041 6036 6016
f 6016 6036 6013
f 6041 6040 6036
f 6036 6040 6035
f 6041 6016 6039
f 6039 6016 6011
f 6011 6008 6039
f 6039 6008 6018
f 5993 6000 6002
f 6002 6000 6019
f 6019 6000 6025
f 6025 6000 5999
f 5943 5756 5944
f 5944 5756 5755
f 6042 5948 5973
f 5973 5948 5947
f 5952 5951 5959
f 5959 5951 5960
f 5951 5953 5960
f 5960 5953 5958
f 5616 5957 5617
f 5617 5957 5956
f 6042 5952 5948
f 5948 5952 5959
f 5944 5755 5972
f 5972 5755 5754
f 5957 5616 5973
f 5973 5616 5652
f 5956 5955 5972
f 5972 5955 5961
f 5943 5953 5756
f 5756 5953 5709
f 6044 6045 6043
f 6043 6045 6046
f 6048 6049 6047
f 6047 6049 6050
f 6047 6050 6051
f 6051 6050 6052
f 6054 6055 6053
f 6053 6055 6056
f 6057 6058 6060
f 6060 6058 6059
f 6061 6062 6048
f 6048 6062 6049
f 6063 6064 6066
f 6066 6064 6065
f 6067 6068 6070
f 6070 6068 6069
f 6071 6069 5653
f 5653 6069 6068
f 6072 6073 6075
f 6075 6073 6074
f 6062 6076 6049
f 6049 6076 6054
f 6058 6067 6059
f 6059 6067 6070
f 6064 6077 6065
f 6065 6077 6045
f 6078 6076 6046
f 6046 6076 6062
f 6073 6080 6079
f 6079 6080 6052
f 6082 6083 6081
f 6081 6083 6084
f 6072 6085 6073
f 6073 6085 6080
f 6086 6051 6080
f 6080 6051 6052
f 6079 6052 6053
f 6053 6052 6050
f 6043 6087 6044
f 6044 6087 6088
f 6061 6089 6043
f 6043 6089 6087
f 6053 6056 6079
f 6079 6056 6090
f 6063 6072 6060
f 6060 6072 6075
f 6043 6046 6061
f 6061 6046 6062
f 6047 6091 6048
f 6048 6091 6092
f 6077 6078 6045
f 6045 6078 6046
f 6049 6054 6050
f 6050 6054 6053
f 6044 6088 6093
f 6093 6088 6094
f 6086 6082 6095
f 6095 6082 6081
f 6083 6082 6066
f 6066 6082 6085
f 6093 6094 6083
f 6083 6094 6084
f 6072 6063 6085
f 6085 6063 6066
f 6051 6086 6096
f 6096 6086 6095
f 6048 6092 6061
f 6061 6092 6089
f 5656 5655 6090
f 6090 5655 6074
f 6091 6047 6096
f 6096 6047 6051
f 6071 6055 6076
f 6076 6055 6054
f 6082 6086 6085
f 6085 6086 6080
f 6093 6083 6065
f 6065 6083 6066
f 6044 6093 6045
f 6045 6093 6065
f 6096 6095 6098
f 6098 6095 6097
f 6096 6098 6091
f 6091 6098 6099
f 6091 6099 6092
f 6092 6099 6100
f 6092 6100 6089
f 6089 6100 6101
f 6095 6081 6097
f 6097 6081 6102
f 6081 6084 6102
f 6102 6084 6103
f 6103 6084 6104
f 6104 6084 6094
f 6106 6097 6105
f 6105 6097 6102
f 6107 6108 6110
f 6110 6108 6109
f 6111 6112 6108
f 6108 6112 6109
f 6109 6112 6114
f 6114 6112 6113
f 6114 6115 6117
f 6117 6115 6116
f 6113 6118 6114
f 6114 6118 6115
f 6117 6110 6114
f 6114 6110 6109
f 6110 6119 6107
f 6107 6119 6120
f 6112 6111 6113
f 6113 6111 6121
f 6111 6099 6121
f 6121 6099 6098
f 6111 6122 6099
f 6099 6122 6100
f 6123 6122 6108
f 6108 6122 6111
f 6124 6123 6107
f 6107 6123 6108
f 6113 6121 6118
f 6118 6121 6106
f 6106 6121 6097
f 6097 6121 6098
f 6125 6124 6120
f 6120 6124 6107
f 6126 6123 6127
f 6127 6123 6124
f 6125 6128 6124
f 6124 6128 6127
f 6129 6126 6130
f 6130 6126 6127
f 6126 6129 6132
f 6132 6129 6131
f 6128 6133 6127
f 6127 6133 6130
f 6123 6126 6122
f 6122 6126 6132
f 6122 6132 6100
f 6100 6132 6101
f 6120 6134 6125
f 6125 6134 6135
f 6120 6119 6134
f 6134 6119 6136
f 6115 6118 6137
f 6137 6118 6106
f 6115 6137 6116
f 6116 6137 6138
f 6137 6106 6139
f 6139 6106 6105
f 6138 6137 6140
f 6140 6137 6139
f 6141 6142 6138
f 6138 6142 6116
f 6136 6142 6134
f 6134 6142 6141
f 6089 6101 6087
f 6087 6101 6143
f 6088 6144 6094
f 6094 6144 6104
f 6143 6144 6087
f 6087 6144 6088
f 6131 6145 6143
f 6143 6145 6144
f 6129 6146 6131
f 6131 6146 6145
f 6144 6145 6104
f 6104 6145 6147
f 6143 6101 6131
f 6131 6101 6132
f 6148 6103 6147
f 6147 6103 6104
f 6103 6148 6102
f 6102 6148 6105
f 6148 6149 6105
f 6105 6149 6139
f 6149 6148 6150
f 6150 6148 6147
f 6151 6149 6152
f 6152 6149 6150
f 6145 6146 6147
f 6147 6146 6150
f 6146 6153 6150
f 6150 6153 6152
f 6149 6151 6139
f 6139 6151 6140
f 6155 6140 6154
f 6154 6140 6151
f 6154 6157 6156
f 6156 6157 6158
f 6154 6151 6157
f 6157 6151 6152
f 6154 6156 6155
f 6155 6156 6135
f 6155 6135 6141
f 6141 6135 6134
f 6141 6138 6155
f 6155 6138 6140
f 6146 6129 6153
f 6153 6129 6130
f 6158 6153 6133
f 6133 6153 6130
f 6158 6157 6153
f 6153 6157 6152
f 6156 6158 6128
f 6128 6158 6133
f 6128 6125 6156
f 6156 6125 6135
f 6110 6117 6119
f 6119 6117 6136
f 6136 6117 6142
f 6142 6117 6116
f 6055 5615 6056
f 6056 5615 5752
f 6060 6059 6063
f 6063 6059 6064
f 6077 6070 6078
f 6078 6070 6069
f 6069 6071 6078
f 6078 6071 6076
f 6159 6057 6075
f 6075 6057 6060
f 6059 6070 6064
f 6064 6070 6077
f 6056 5752 6090
f 6090 5752 5656
f 6090 6074 6079
f 6079 6074 6073
f 6055 6071 5615
f 5615 6071 5653
f 5547 5471 6160
f 6160 5471 6161
f 5729 5577 6163
f 6163 5577 6162
f 5577 5576 6162
f 6162 5576 6164
f 5713 6165 5711
f 5711 6165 6166
f 5474 5729 6167
f 6167 5729 6163
f 5750 5547 6168
f 6168 5547 6160
f 5471 5474 6161
f 6161 5474 6167
f 6169 5712 6168
f 6168 5712 5750
f 5711 6166 5576
f 5576 6166 6164
f 6165 5713 6169
f 6169 5713 5712
f 6168 6170 6169
f 6169 6170 6171
f 6169 6171 6165
f 6165 6171 6172
f 6165 6172 6166
f 6166 6172 6173
f 6166 6173 6164
f 6164 6173 6174
f 6168 6160 6170
f 6170 6160 6175
f 6160 6161 6175
f 6175 6161 6176
f 6161 6167 6176
f 6176 6167 6177
f 6179 6170 6178
f 6178 6170 6175
f 6181 6182 6180
f 6180 6182 6183
f 6184 6185 6181
f 6181 6185 6182
f 6186 6187 6185
f 6185 6187 6182
f 6186 6188 6187
f 6187 6188 6189
f 6190 6183 6187
f 6187 6183 6182
f 6183 6190 6191
f 6191 6190 6192
f 6191 6193 6183
f 6183 6193 6180
f 6186 6185 6194
f 6194 6185 6184
f 6184 6172 6194
f 6194 6172 6171
f 6184 6195 6172
f 6172 6195 6173
f 6181 6196 6184
f 6184 6196 6195
f 6196 6181 6197
f 6197 6181 6180
f 6186 6194 6188
f 6188 6194 6179
f 6179 6194 6170
f 6170 6194 6171
f 6193 6198 6180
f 6180 6198 6197
f 6199 6196 6200
f 6200 6196 6197
f 6198 6201 6197
f 6197 6201 6200
f 6202 6199 6203
f 6203 6199 6200
f 6199 6202 6205
f 6205 6202 6204
f 6201 6206 6200
f 6200 6206 6203
f 6196 6199 6195
f 6195 6199 6205
f 6195 6205 6173
f 6173 6205 6174
f 6198 6193 6208
f 6208 6193 6207
f 6193 6191 6207
f 6207 6191 6192
f 6189 6188 6209
f 6209 6188 6179
f 6210 6189 6211
f 6211 6189 6209
f 6209 6179 6212
f 6212 6179 6178
f 6211 6209 6213
f 6213 6209 6212
f 6211 6214 6210
f 6210 6214 6215
f 6192 6215 6207
f 6207 6215 6214
f 6190 6187 6210
f 6210 6187 6189
f 6192 6190 6215
f 6215 6190 6210
f 6162 6164 6216
f 6216 6164 6174
f 6167 6163 6177
f 6177 6163 6217
f 6216 6217 6162
f 6162 6217 6163
f 6204 6218 6216
f 6216 6218 6217
f 6202 6219 6204
f 6204 6219 6218
f 6217 6218 6177
f 6177 6218 6220
f 6216 6174 6204
f 6204 6174 6205
f 6221 6176 6220
f 6220 6176 6177
f 6176 6221 6175
f 6175 6221 6178
f 6221 6222 6178
f 6178 6222 6212
f 6222 6221 6223
f 6223 6221 6220
f 6224 6222 6225
f 6225 6222 6223
f 6218 6219 6220
f 6220 6219 6223
f 6219 6226 6223
f 6223 6226 6225
f 6222 6224 6212
f 6212 6224 6213
f 6228 6213 6227
f 6227 6213 6224
f 6229 6227 6231
f 6231 6227 6230
f 6227 6224 6230
f 6230 6224 6225
f 6227 6229 6228
f 6228 6229 6208
f 6228 6208 6214
f 6214 6208 6207
f 6214 6211 6228
f 6228 6211 6213
f 6219 6202 6226
f 6226 6202 6203
f 6231 6226 6206
f 6206 6226 6203
f 6231 6230 6226
f 6226 6230 6225
f 6229 6231 6201
f 6201 6231 6206
f 6201 6198 6229
f 6229 6198 6208
f 5674 5672 5661
f 5661 5672 5662
f 5662 5672 5663
f 5663 5672 5646
f 5651 6042 5652
f 5652 6042 5973
f 5518 5517 5751
f 5751 5517 5733
f 5738 5660 5753
f 5753 5660 5637
f 5752 5636 5656
f 5656 5636 5526
f 5952 6042 5593
f 5593 6042 5651
f 5593 5651 5594
f 5594 5651 5650
f 5600 5737 5514
f 5514 5737 5515
f 5546 5545 5740
f 5740 5545 6232
f 6232 6058 5740
f 5740 6058 6057
f 6067 6058 6233
f 6233 6058 6232
f 6233 6232 6234
f 6234 6232 5545
f 6234 5545 6235
f 6235 5545 5544
f 5606 6236 5543
f 5543 6236 5544
f 6235 5544 5539
f 5539 5544 6236
f 6237 6235 5542
f 5542 6235 5539
f 6235 6237 6234
f 6234 6237 6238
f 6234 6238 6233
f 6233 6238 6239
f 5653 6068 5650
f 5650 6068 6239
f 5642 5513 6240
f 6240 5513 5516
f 5539 6236 5540
f 5540 6236 5606
f 5636 5614 5637
f 5637 5614 5753
f 6239 5737 5650
f 5650 5737 5594
f 6239 6068 6233
f 6233 6068 6067
f 6075 6074 6159
f 6159 6074 5655
f 6057 6159 5740
f 5740 6159 5655
f 5515 5737 6238
f 6238 5737 6239
f 6238 6237 5515
f 5515 6237 5516
f 5542 6240 6237
f 6237 6240 5516
f 6240 5542 5642
f 5642 5542 5541
f 5702 5699 5541
f 5541 5699 5642
f 5582 5475 5717
f 5470 5443 5537
f 5537 5443 5504
f 5469 5444 5470
f 5470 5444 5443
f 5726 5557 5727
f 5727 5557 5556
f 5537 5504 5511
f 5511 5504 5506
f 5504 5503 5506
f 5506 5503 5507
f 5503 5455 5507
f 5507 5455 5581
f 5455 5454 5581
f 5581 5454 5456
f 5473 5453 5474
f 5474 5453 5729
f 5457 5454 5473
f 5473 5454 5453
f 5473 5472 5457
f 5457 5472 5686
f 5472 5548 5686
f 5686 5548 5687
f 5749 5693 5548
f 5548 5693 5687
f 5715 5532 5749
f 5749 5532 5693
f 5714 5486 5715
f 5715 5486 5532
f 5714 5710 5486
f 5486 5710 5449
f 5728 5578 5729
f 5729 5578 5577
f 5452 5445 5698
f 5698 5445 5558
f 5445 5444 5558
f 5558 5444 5556
f 5444 5469 5556
f 5556 5469 5727
f 5469 5468 5727
f 5727 5468 5555
f 5468 5747 5555
f 5555 5747 5552
f 5747 5700 5552
f 5552 5700 5716
f 5700 5699 5716
f 5716 5699 5717
f 5699 5702 5717
f 5717 5702 5582
f 5702 5701 5582
f 5582 5701 5583
f 5726 5479 5557
f 5557 5479 5483
f 5483 5479 5484
f 5484 5479 5482
f 5534 5533 5482
f 5482 5533 5484
f 5691 5688 5534
f 5534 5688 5533
f 5644 5647 5691
f 5691 5647 5688
f 5719 5746 5701
f 5701 5746 5583
f 5718 5497 5719
f 5719 5497 5746
f 5718 5605 5654
f 5654 5605 5638
f 5498 5654 5657
f 5657 5654 5633
f 5497 5718 5498
f 5498 5718 5654
f 5657 5527 5498
f 5498 5527 5494
f 5528 5570 5495
f 5495 5570 5521
f 5665 5668 5528
f 5528 5668 5570
f 5664 5671 5665
f 5665 5671 5668
f 5645 5741 5664
f 5664 5741 5671
f 5644 5696 5645
f 5645 5696 5741
f 5710 5575 5449
f 5449 5575 5450
f 5575 5578 5450
f 5450 5578 5698
f 5578 5728 5698
f 5698 5728 5452
f 5452 5728 5451
f 5451 5728 5453
f 3619 6241 3620
f 3620 6241 6242
f 6243 6244 3628
f 3628 6244 3629
f 6245 6246 3634
f 3634 6246 3631
f 6247 6248 3636
f 3636 6248 3637
f 6249 6250 3642
f 3642 6250 3639
f 3639 6250 3643
f 3643 6250 6251
f 3743 6252 3744
f 3744 6252 6253
f 6246 6243 3631
f 3631 6243 3628
f 3753 6254 3754
f 3754 6254 6255
f 3857 6256 3619
f 3619 6256 6241
f 6257 6245 3932
f 3932 6245 3634
f 6242 6247 3620
f 3620 6247 3636
f 6258 6259 3946
f 3946 6259 3947
f 6260 6249 3948
f 3948 6249 3642
f 6244 6258 3629
f 3629 6258 3946
f 3947 6259 3753
f 3753 6259 6254
f 6248 6260 3637
f 3637 6260 3948
f 3643 6251 3743
f 3743 6251 6252
f 3744 6253 3932
f 3932 6253 6257
f 6250 6249 6251
f 6251 6249 6252
f 6245 6261 6246
f 6246 6261 6262
f 6263 6264 6247
f 6247 6264 6248
f 6252 6265 6253
f 6253 6265 6266
f 6246 6262 6243
f 6243 6262 6267
f 6268 6261 6257
f 6257 6261 6245
f 6269 6263 6242
f 6242 6263 6247
f 6270 6271 6260
f 6260 6271 6249
f 6264 6270 6248
f 6248 6270 6260
f 6253 6266 6257
f 6257 6266 6268
f 6249 6271 6252
f 6252 6271 6265
f 6254 6259 6272
f 6272 6259 6273
f 6266 6265 6270
f 6270 6265 6271
f 6268 6266 6264
f 6264 6266 6270
f 6261 6268 6263
f 6263 6268 6264
f 6269 6262 6263
f 6263 6262 6261
f 4186 4185 6274
f 6274 4185 6275
f 6241 6276 6242
f 6242 6276 6269
f 6258 6244 6277
f 6277 6244 6278
f 6256 6279 6241
f 6241 6279 6276
f 6259 6258 6273
f 6273 6258 6277
f 6243 6267 6244
f 6244 6267 6278
f 6276 6267 6269
f 6269 6267 6262
f 6254 6272 6255
f 6255 6272 6280
f 3865 3713 3888
f 3888 3713 3685
f 5242 5233 3892
f 3892 5233 3711
f 3900 5243 3892
f 3892 5243 5242
f 3734 3866 3900
f 3900 3866 5243
f 4117 6281 4118
f 4118 6281 6282
f 4118 6282 4278
f 4278 6282 4879
f 4717 4887 4718
f 4718 4887 4280
f 4792 4278 4882
f 4882 4278 4879
f 4795 4792 6283
f 6283 4792 4882
f 4852 4851 5012
f 5012 4851 6284
f 4856 5207 4857
f 4857 5207 4858
f 4860 4279 4857
f 4857 4279 4854
f 4718 4280 4860
f 4860 4280 4279
f 4864 4863 4745
f 4745 4863 4742
f 5366 4867 5011
f 5011 4867 4866
f 4871 4884 4872
f 4872 4884 4883
f 4872 4883 4117
f 4117 4883 6281
f 6284 4851 6283
f 6283 4851 4795
f 4852 4866 4853
f 4853 4866 4865
f 4871 4870 4856
f 4856 4870 5207
f 4717 4716 4864
f 4864 4716 4861
f 4868 4867 4862
f 4862 4867 4863
f 4268 4855 4269
f 4269 4855 4854
f 4281 4274 4282
f 4282 4274 4765
f 4744 4743 4907
f 4907 4743 4904
f 4874 4881 4820
f 4820 4881 4880
f 4885 5013 4886
f 4886 5013 4980
f 4888 4275 4281
f 4281 4275 4274
f 4902 6282 4903
f 4903 6282 6281
f 6283 4979 6284
f 6284 4979 4978
f 4282 4765 4269
f 4269 4765 4266
f 4880 4879 4902
f 4902 4879 6282
f 4903 6281 4886
f 4886 6281 4883
f 4882 4881 6283
f 6283 4881 4979
f 5013 4885 4267
f 4267 4885 4268
f 4888 4887 4744
f 4744 4887 4745
f 4410 6285 4411
f 4411 6285 4812
f 4750 4749 6286
f 6286 4749 6287
f 6289 4695 6288
f 6288 4695 4255
f 4750 4675 4751
f 4751 4675 4965
f 6290 6291 4963
f 4963 6291 4960
f 4807 4806 4411
f 4411 4806 4408
f 6292 6293 4959
f 4959 6293 4956
f 4958 6294 4959
f 4959 6294 4955
f 4962 4964 4963
f 4963 4964 4805
f 4962 4961 4751
f 4751 4961 4748
f 6296 6297 6295
f 6295 6297 6298
f 6299 6300 6288
f 6288 6300 4735
f 6302 4961 6301
f 6301 4961 4960
f 6304 6287 6303
f 6303 6287 4749
f 4968 6305 4969
f 4969 6305 6306
f 4413 6308 6307
f 6307 6308 4900
f 6301 4960 6309
f 6309 4960 6291
f 4412 4408 6310
f 6310 4408 4806
f 4696 6311 4256
f 4256 6311 6312
f 6303 4749 6313
f 6313 4749 4748
f 6313 4748 6302
f 6302 4748 4961
f 6315 6316 6314
f 6314 6316 6317
f 4084 6318 6315
f 6315 6318 6316
f 4083 6319 4084
f 4084 6319 6318
f 4112 6320 4083
f 4083 6320 6319
f 6322 4138 6321
f 6321 4138 4137
f 6324 4128 6323
f 6323 4128 4127
f 4127 4193 6323
f 6323 4193 6325
f 4193 4891 6325
f 6325 4891 6326
f 4891 6327 6326
f 6326 6327 6328
f 6327 4824 5227
f 5227 4824 5228
f 5231 4684 6329
f 6329 4684 4683
f 4683 4099 6329
f 6329 4099 6330
f 4099 4102 6330
f 6330 4102 6331
f 4174 4826 4429
f 4429 4826 4829
f 4173 4741 4174
f 4174 4741 4826
f 4180 4738 4173
f 4173 4738 4741
f 6332 6333 4180
f 4180 6333 4738
f 6274 6334 4186
f 4186 6334 4188
f 4181 4825 4180
f 4180 4825 6332
f 5044 5213 5045
f 5045 5213 5165
f 5046 5087 5047
f 5047 5087 5222
f 5077 5063 5078
f 5078 5063 5198
f 5081 5099 5082
f 5082 5099 5194
f 5095 5074 5096
f 5096 5074 5073
f 5373 5170 5096
f 5096 5170 5093
f 5375 5171 5373
f 5373 5171 5170
f 5047 5222 5375
f 5375 5222 5171
f 5046 5038 5376
f 5376 5038 5067
f 5377 5086 5376
f 5376 5086 5085
f 5045 5165 5377
f 5377 5165 5086
f 5378 5214 5044
f 5044 5214 5213
f 5077 5034 5378
f 5378 5034 5214
f 5082 5194 5078
f 5078 5194 5035
f 5081 5080 5379
f 5379 5080 6335
f 5379 6335 5095
f 5095 6335 5074
f 5032 5080 5033
f 5033 5080 5079
f 5040 5017 5041
f 5041 5017 5016
f 5050 5043 5051
f 5051 5043 5042
f 5065 5023 5066
f 5066 5023 5022
f 5050 5049 5065
f 5065 5049 5023
f 5041 5016 5068
f 5068 5016 5020
f 5071 5374 5072
f 5072 5374 5200
f 5075 5156 5076
f 5076 5156 5155
f 5162 5212 5068
f 5068 5212 5067
f 5075 5074 5192
f 5192 5074 6335
f 5066 5022 5199
f 5199 5022 5196
f 5076 5155 5072
f 5072 5155 5069
f 5040 5039 5071
f 5071 5039 5374
f 5162 5161 5051
f 5051 5161 5048
f 5192 6335 5032
f 5032 6335 5080
f 5199 5196 5033
f 5033 5196 5030
f 5018 5211 5019
f 5019 5211 5408
f 5019 5408 5021
f 5021 5408 5163
f 5024 5057 5025
f 5025 5057 5415
f 5028 5048 5029
f 5029 5048 5161
f 5054 5031 5055
f 5055 5031 5030
f 5024 5023 5058
f 5058 5023 5049
f 5061 5070 5062
f 5062 5070 5069
f 5157 5438 5158
f 5158 5438 5442
f 5160 5191 5054
f 5054 5191 5031
f 5029 5161 5021
f 5021 5161 5020
f 5025 5415 5197
f 5197 5415 5220
f 5158 5442 5062
f 5062 5442 5059
f 5018 5017 5061
f 5061 5017 5070
f 5160 5159 5157
f 5157 5159 5438
f 5028 5027 5058
f 5058 5027 5056
f 5055 5030 5197
f 5197 5030 5196
f 5409 5380 5410
f 5410 5380 6336
f 5026 5413 5027
f 5027 5413 5412
f 5396 5417 5393
f 5393 5417 5416
f 5416 5057 5419
f 5419 5057 5056
f 5417 5396 5426
f 5426 5396 5420
f 5427 5423 5428
f 5428 5423 5422
f 5427 5059 5430
f 5430 5059 5442
f 5409 5408 5433
f 5433 5408 5211
f 5433 5211 5428
f 5428 5211 5060
f 5412 5411 5419
f 5419 5411 5418
f 5436 5053 5437
f 5437 5053 5052
f 5439 5402 5440
f 5440 5402 5401
f 5436 5435 5439
f 5439 5435 5402
f 5410 6336 5413
f 5413 6336 5414
f 5440 5401 5430
f 5430 5401 5429
f 5426 5420 5437
f 5437 5420 5434
f 5382 5432 5383
f 5383 5432 5384
f 5386 6336 5383
f 5383 6336 5380
f 6336 5386 5414
f 5414 5386 5388
f 5391 5418 5392
f 5392 5418 5411
f 5705 5395 5704
f 5704 5395 5394
f 5399 5435 5400
f 5400 5435 5434
f 5403 5441 5404
f 5404 5441 5405
f 5407 5429 5404
f 5404 5429 5401
f 5395 5705 5421
f 5421 5705 5748
f 5424 5706 5425
f 5425 5706 5431
f 5391 5390 5394
f 5394 5390 5704
f 5392 5388 5389
f 5389 5388 5387
f 5382 5381 5425
f 5425 5381 5422
f 5407 5406 5424
f 5424 5406 5706
f 5403 5402 5399
f 5399 5402 5435
f 5421 5748 5400
f 5400 5748 5397
f 4097 4721 4098
f 4098 4721 4231
f 4233 5273 4098
f 4098 5273 4095
f 6337 6338 4785
f 4785 6338 4786
f 4076 4780 4073
f 4073 4780 4781
f 4782 4190 4781
f 4781 4190 4073
f 4783 4901 4782
f 4782 4901 4190
f 4780 4076 4097
f 4097 4076 4721
f 6337 2879 4701
f 4701 2879 2878
f 5280 6339 5272
f 5272 6339 6340
f 5282 5281 6341
f 6341 5281 6342
f 4109 6302 4110
f 4110 6302 6301
f 4283 6304 4284
f 4284 6304 6303
f 6305 4379 6306
f 6306 4379 4378
f 4110 6301 4428
f 4428 6301 6309
f 6310 4688 4412
f 4412 4688 4687
f 4284 6303 4753
f 4753 6303 6313
f 4753 6313 4109
f 4109 6313 6302
f 6343 5226 4428
f 4428 5226 4427
f 4147 4900 4416
f 4416 4900 6308
f 6312 6311 4241
f 4241 6311 4720
f 5223 6344 4702
f 4702 6344 4699
f 4221 4220 6345
f 6345 4220 6346
f 5276 5275 6347
f 6347 5275 6348
f 5275 4728 6348
f 6348 4728 6349
f 4727 6350 5284
f 5284 6350 5285
f 6351 6352 6354
f 6354 6352 6353
f 5313 5312 5292
f 5292 5312 5293
f 5312 5344 5293
f 5293 5344 5337
f 5344 4914 5337
f 5337 4914 4916
f 4914 4913 4916
f 4916 4913 4917
f 4913 6355 4917
f 4917 6355 4978
f 6356 6357 6284
f 6284 6357 5012
f 6357 6358 5012
f 5012 6358 5011
f 5011 6358 5366
f 5366 6358 6359
f 6360 4742 6359
f 6359 4742 5366
f 4743 6361 4904
f 4904 6361 5364
f 5363 4905 5364
f 5364 4905 4904
f 5363 6362 4905
f 4905 6362 4207
f 6362 6363 4207
f 4207 6363 4208
f 6363 5342 4208
f 4208 5342 5330
f 5342 5341 5330
f 5330 5341 4244
f 5341 6364 4244
f 4244 6364 4245
f 6364 6365 4245
f 4245 6365 4246
f 6366 6367 4253
f 4253 6367 4250
f 4214 6368 4211
f 4211 6368 4380
f 4380 4379 4211
f 4211 4379 4283
f 4379 6305 4283
f 4283 6305 6304
f 6305 4968 6304
f 6304 4968 6287
f 4968 4967 6287
f 6287 4967 6286
f 4967 6297 6286
f 6286 6297 4676
f 6296 4376 4288
f 4288 4376 4285
f 4376 4373 4285
f 4285 4373 4290
f 6369 6370 6372
f 6372 6370 6371
f 5245 6373 5246
f 5246 6373 6374
f 4317 6375 4318
f 4318 6375 6376
f 4331 6377 4332
f 4332 6377 6378
f 6379 4333 6376
f 6376 4333 4318
f 4343 6380 4344
f 4344 6380 6381
f 4347 6382 4348
f 4348 6382 6383
f 4374 6371 4331
f 4331 6371 6377
f 4333 6379 4426
f 4426 6379 6384
f 4690 6385 4347
f 4347 6385 6382
f 4332 6378 4317
f 4317 6378 6375
f 4922 6386 4923
f 4923 6386 6387
f 6388 6389 4375
f 4375 6389 6390
f 6355 6356 4978
f 4978 6356 6284
f 4742 6360 4743
f 4743 6360 6361
f 6391 4238 6392
f 6392 4238 4719
f 6392 4719 6393
f 6393 4719 5296
f 6395 6396 6394
f 6394 6396 6397
f 6399 6400 6398
f 6398 6400 6401
f 6402 5302 6403
f 6403 5302 5303
f 5303 5321 6403
f 6403 5321 6404
f 5320 6405 5321
f 5321 6405 6404
f 5319 6406 5350
f 5350 6406 5351
f 5319 5318 6406
f 6406 5318 6407
f 5288 4197 6408
f 6408 4197 6409
f 4217 4216 6410
f 6410 4216 6411
f 5227 6412 6327
f 6327 6412 6328
f 4892 6413 5227
f 5227 6413 6412
f 4228 6414 4892
f 4892 6414 6413
f 4227 6415 4228
f 4228 6415 6414
f 4248 6416 4227
f 4227 6416 6415
f 4247 6417 4248
f 4248 6417 6416
f 6417 4247 6419
f 6419 4247 6418
f 6419 6418 6421
f 6421 6418 6420
f 6422 5301 6423
f 6423 5301 5300
f 6423 5300 6424
f 6424 5300 6399
f 6408 6409 6398
f 6398 6409 6425
f 6426 6427 6397
f 6397 6427 6394
f 6428 4224 6429
f 6429 4224 4223
f 6347 6346 5276
f 5276 6346 4220
f 6346 6347 6341
f 6341 6347 6339
f 5280 5278 5282
f 5282 5278 4236
f 4896 5224 4684
f 4684 5224 4681
f 4132 4135 4896
f 4896 4135 5224
f 4131 4136 4132
f 4132 4136 4135
f 4226 4754 4131
f 4131 4754 4136
f 4251 4213 4226
f 4226 4213 4754
f 4250 4214 4251
f 4251 4214 4213
f 4250 6367 4214
f 4214 6367 6368
f 6367 4910 6368
f 6368 4910 4737
f 4909 5297 4736
f 4736 5297 5296
f 5297 6395 5296
f 5296 6395 6393
f 6427 6430 6394
f 6394 6430 6431
f 6429 4383 6428
f 6428 4383 4382
f 4219 5277 4220
f 4220 5277 5276
f 4222 4697 4383
f 4383 4697 4218
f 6345 4699 4221
f 4221 4699 6344
f 6342 4700 6345
f 6345 4700 4699
f 4235 4786 5281
f 5281 4786 6338
f 4234 4787 4235
f 4235 4787 4786
f 5279 5278 6432
f 6432 5278 5271
f 4237 5279 6433
f 6433 5279 6432
f 4787 4234 6433
f 6433 4234 4237
f 6435 6436 6434
f 6434 6436 6437
f 6359 6438 6360
f 6360 6438 6437
f 6439 6440 6441
f 6441 6440 6438
f 6443 6439 6442
f 6442 6439 6441
f 6357 6356 6442
f 6442 6356 6444
f 6444 6446 6445
f 6445 6446 6447
f 4912 6446 4913
f 4913 6446 6355
f 6361 6436 5364
f 5364 6436 5365
f 5319 5350 5316
f 5316 5350 6448
f 4832 6449 5350
f 5350 6449 6448
f 4831 6450 4832
f 4832 6450 6449
f 5354 6451 5320
f 5320 6451 6405
f 4265 6452 5354
f 5354 6452 6451
f 4264 6453 4265
f 4265 6453 6452
f 6450 4831 6447
f 6447 4831 6445
f 4263 6435 4264
f 4264 6435 6434
f 6454 6453 6439
f 6439 6453 6440
f 6439 6443 6454
f 6454 6443 4834
f 4833 6455 4834
f 4834 6455 6454
f 5351 6456 4833
f 4833 6456 6455
f 6457 6391 6458
f 6458 6391 6392
f 6458 6392 6431
f 6431 6392 6393
f 5298 6396 5297
f 5297 6396 6395
f 6402 6400 5302
f 5302 6400 5299
f 6402 6403 6459
f 6459 6403 6460
f 6460 6403 6461
f 6461 6403 6404
f 6405 6462 6404
f 6404 6462 6461
f 6406 6462 5351
f 5351 6462 6456
f 6406 6407 6462
f 6462 6407 6461
f 6407 6463 6461
f 6461 6463 6460
f 6463 6464 6460
f 6460 6464 6459
f 6464 6465 6459
f 6459 6465 6401
f 6430 6466 6431
f 6431 6466 6458
f 6466 6410 6458
f 6458 6410 6457
f 6410 6411 6457
f 6457 6411 6467
f 6396 6424 6397
f 6397 6424 6425
f 6393 6395 6431
f 6431 6395 6394
f 6451 6456 6405
f 6405 6456 6462
f 6452 6455 6451
f 6451 6455 6456
f 6453 6454 6452
f 6452 6454 6455
f 6443 6445 4834
f 4834 6445 4831
f 6440 6453 6434
f 6434 6453 4264
f 6468 5306 5360
f 5360 5306 5305
f 6469 4124 6468
f 6468 4124 5306
f 6470 4125 6469
f 6469 4125 4124
f 6471 5291 6470
f 6470 5291 4125
f 6353 5292 6471
f 6471 5292 5291
f 5292 6353 5313
f 5313 6353 6352
f 5347 5314 6352
f 6352 5314 5313
f 5353 5318 5346
f 5346 5318 5317
f 5334 6468 5358
f 5358 6468 5360
f 5324 6469 5334
f 5334 6469 6468
f 5323 6470 5324
f 5324 6470 6469
f 5343 6471 5323
f 5323 6471 6470
f 6354 6353 5343
f 5343 6353 6471
f 6348 6349 4270
f 4270 6349 5311
f 5272 6340 5273
f 5273 6340 4272
f 6432 5271 4232
f 4232 5271 4233
f 4294 6432 4295
f 4295 6432 4232
f 6432 4294 6433
f 6433 4294 4301
f 4301 4300 6433
f 6433 4300 4787
f 4704 4784 4300
f 4300 4784 4787
f 4704 3013 4784
f 4784 3013 1307
f 5103 6472 5104
f 5104 6472 5202
f 5108 5116 5105
f 5105 5116 5115
f 5111 5124 5112
f 5112 5124 5123
f 5154 5205 5105
f 5105 5205 5106
f 5167 5180 5168
f 5168 5180 5185
f 5175 5188 5176
f 5176 5188 5187
f 5112 5123 5178
f 5178 5123 5120
f 5167 5090 5183
f 5183 5090 5089
f 5210 5151 5183
f 5183 5151 5181
f 5216 5138 5217
f 5217 5138 5137
f 5218 5119 5219
f 5219 5119 5221
f 5218 5178 5119
f 5119 5178 5120
f 5217 5137 5104
f 5104 5137 5101
f 5116 5108 5221
f 5221 5108 5219
f 5111 5110 5210
f 5210 5110 5151
f 5154 5153 5103
f 5103 5153 6472
f 5216 5215 5176
f 5176 5215 5173
f 5175 5174 5168
f 5168 5174 5166
f 5091 5172 5092
f 5092 5172 5208
f 5117 5037 5118
f 5118 5037 5036
f 5121 5164 5122
f 5122 5164 5133
f 5125 5084 5126
f 5126 5084 5083
f 5129 5174 5130
f 5130 5174 5173
f 5131 5202 5132
f 5132 5202 6472
f 5135 5221 5122
f 5122 5221 5119
f 5125 5124 5136
f 5136 5124 5209
f 5126 5083 5121
f 5121 5083 5164
f 5118 5036 5195
f 5195 5036 5193
f 5131 5097 5203
f 5203 5097 5114
f 5132 6472 5195
f 5195 6472 5153
f 5136 5209 5092
f 5092 5209 5089
f 5135 5134 5117
f 5117 5134 5037
f 5362 5206 5130
f 5130 5206 5127
f 5372 5371 5128
f 5128 5371 5129
f 5371 5372 5091
f 5091 5372 5172
f 5362 5215 5203
f 5203 5215 5201
f 6463 6407 5353
f 5353 6407 5318
f 6464 6463 5352
f 5352 6463 5353
f 6408 6465 5288
f 5288 6465 5289
f 4196 4224 6426
f 6426 4224 6427
f 6430 6427 6428
f 6428 6427 4224
f 6466 6430 4382
f 4382 6430 6428
f 6410 6466 4217
f 4217 6466 4382
f 4240 4239 3015
f 3015 4239 3016
f 4254 4257 3017
f 3017 4257 3018
f 6473 6474 4732
f 4732 6474 6475
f 6474 6374 6475
f 6475 6374 6373
f 5246 6374 3022
f 3022 6374 3023
f 4254 6299 4255
f 4255 6299 6288
f 6473 6300 3024
f 3024 6300 3025
f 6476 4257 6312
f 6312 4257 4256
f 4240 6476 4241
f 4241 6476 6312
f 6477 4239 6391
f 6391 4239 4238
f 6467 6477 6457
f 6457 6477 6391
f 6411 3029 6467
f 6467 3029 3028
f 4216 3030 6411
f 6411 3030 3029
f 6479 6480 6478
f 6478 6480 6481
f 6483 6484 6482
f 6482 6484 6485
f 6486 6487 4102
f 4102 6487 6331
f 6483 6488 6478
f 6478 6488 6489
f 4429 4829 6490
f 6490 4829 6479
f 6491 6486 4101
f 4101 6486 4102
f 4895 6491 4899
f 4899 6491 4101
f 4160 6488 4157
f 4157 6488 6492
f 6489 4087 6490
f 6490 4087 4090
f 4267 4261 5013
f 5013 4261 4260
f 4258 4261 5328
f 5328 4261 4975
f 4261 4267 4975
f 4975 4267 4266
f 5367 3793 3912
f 3912 3793 3575
f 6494 3616 6493
f 6493 3616 3795
f 6496 3589 6495
f 6495 3589 3588
f 6495 3588 5368
f 5368 3588 3794
f 3841 3840 3050
f 3050 3840 3051
f 3912 3911 3052
f 3052 3911 3053
f 3929 3930 3054
f 3054 3930 3055
f 5370 3930 3916
f 3916 3930 3923
f 3938 5369 3807
f 3807 5369 3915
f 3589 6496 3806
f 3806 6496 3937
f 3938 3937 3056
f 3056 3937 3057
f 3051 3840 3058
f 3058 3840 3943
f 3730 4808 3727
f 3727 4808 3943
f 3820 3951 3795
f 3795 3951 6493
f 3951 3841 3059
f 3059 3841 3050
f 3911 3574 6494
f 6494 3574 3616
f 3823 3929 3824
f 3824 3929 3952
f 4061 4060 3060
f 3060 4060 3061
f 6497 6498 4901
f 4901 6498 4790
f 6333 6499 4738
f 4738 6499 4739
f 6500 6501 6314
f 6314 6501 4418
f 6502 6275 4417
f 4417 6275 4185
f 6503 6497 4783
f 4783 6497 4901
f 6498 4060 4790
f 4790 4060 4059
f 4808 4061 3069
f 3069 4061 3060
f 5367 3071 5368
f 5368 3071 3070
f 5369 3073 5370
f 5370 3073 3072
f 6274 6275 3074
f 3074 6275 3075
f 6499 6504 4739
f 4739 6504 6317
f 6333 6332 3077
f 3077 6332 3078
f 6334 6274 3079
f 3079 6274 3074
f 6332 4825 3078
f 3078 4825 3080
f 6334 6503 4188
f 4188 6503 4783
f 4825 4689 3080
f 3080 4689 1330
f 6506 4747 6505
f 6505 4747 4746
f 6505 6507 6506
f 6506 6507 6508
f 4297 6509 4920
f 4920 6509 6510
f 4296 6511 4297
f 4297 6511 6509
f 6506 6508 4319
f 4319 6508 6512
f 4372 4371 6514
f 6514 4371 6513
f 6511 4296 5251
f 5251 4296 4305
f 5251 5250 6511
f 6511 5250 6515
f 6516 6509 6515
f 6515 6509 6511
f 6517 6507 6519
f 6519 6507 6518
f 6512 6520 6513
f 6513 6520 6514
f 6507 6517 6508
f 6508 6517 6521
f 5249 6523 6522
f 6522 6523 6524
f 6525 6370 5253
f 5253 6370 6526
f 4370 4323 4371
f 4371 4323 4326
f 4370 3103 4323
f 4323 3103 1541
f 6521 6517 6527
f 6527 6517 6519
f 6520 6528 6514
f 6514 6528 6529
f 6531 6532 6530
f 6530 6532 6533
f 5250 6534 6515
f 6515 6534 6535
f 6530 6533 6536
f 6536 6533 6537
f 6526 6538 6534
f 6534 6538 6537
f 6515 6535 6516
f 6516 6535 6539
f 4325 4321 4326
f 4326 4321 4320
f 4371 4326 6513
f 6513 4326 4320
f 6531 4731 6541
f 6541 4731 6540
f 4731 4730 6540
f 6540 4730 6542
f 4730 3121 6542
f 6542 3121 3120
f 6530 4328 6531
f 6531 4328 4731
f 4328 6530 4329
f 4329 6530 6536
f 4329 6536 6524
f 6524 6536 6543
f 6544 6545 6522
f 6522 6545 5248
f 6389 6388 5245
f 5245 6388 6373
f 6388 6546 6373
f 6373 6546 6475
f 4733 6546 6295
f 6295 6546 4377
f 4732 6475 4733
f 4733 6475 6546
f 4393 4432 4394
f 4394 4432 4435
f 4434 4672 4842
f 4842 4672 4671
f 4440 4439 4441
f 4441 4439 4438
f 4436 4450 4437
f 4437 4450 4398
f 4447 4444 4448
f 4448 4444 4392
f 4446 4464 4433
f 4433 4464 6547
f 4454 4423 4455
f 4455 4423 4422
f 4452 4481 4453
f 4453 4481 4480
f 4458 4389 4459
f 4459 4389 4388
f 4456 4471 4457
f 4457 4471 4468
f 4391 4460 4392
f 4392 4460 4448
f 4461 4467 4445
f 4445 4467 4465
f 4437 4398 4629
f 4629 4398 4397
f 4438 4628 4441
f 4441 4628 4631
f 4841 4629 4839
f 4839 4629 4397
f 4628 4842 4631
f 4631 4842 4671
f 4930 4989 4452
f 4452 4989 4481
f 4929 4927 4436
f 4436 4927 4450
f 4933 4387 4934
f 4934 4387 4386
f 4931 4475 4932
f 4932 4475 4474
f 4936 4449 4933
f 4933 4449 4387
f 4935 4472 4456
f 4456 4472 4471
f 4389 4458 4391
f 4391 4458 4460
f 4457 4468 4461
f 4461 4468 4467
f 4934 4386 4454
f 4454 4386 4423
f 4453 4480 4931
f 4931 4480 4475
f 4575 4997 4576
f 4576 4997 4639
f 4579 4596 4580
f 4580 4596 4595
f 4583 4582 4572
f 4572 4582 4569
f 4587 4944 4588
f 4588 4944 4562
f 4588 4562 4590
f 4590 4562 4561
f 4576 4639 4642
f 4642 4639 4638
f 4642 4845 4641
f 4641 4845 4846
f 4845 4590 4846
f 4846 4590 4561
f 4941 4938 4595
f 4595 4938 4580
f 4938 4940 4668
f 4668 4940 4669
f 4583 4942 4584
f 4584 4942 4947
f 4582 4587 4569
f 4569 4587 4586
f 5000 5001 4579
f 4579 5001 4596
f 4558 4560 4585
f 4585 4560 4586
f 4565 4639 4566
f 4566 4639 4997
f 4568 4567 4577
f 4577 4567 4578
f 4570 4554 4571
f 4571 4554 4556
f 4640 4565 4637
f 4637 4565 4546
f 4662 4664 4665
f 4665 4664 4844
f 4662 4558 4589
f 4589 4558 4585
f 4554 4570 4557
f 4557 4570 4560
f 4571 4667 4572
f 4572 4667 4943
f 4551 4670 4552
f 4552 4670 4666
f 4640 4664 4638
f 4638 4664 4663
f 4670 4568 4668
f 4668 4568 4577
f 4999 4996 4566
f 4566 4996 4543
f 4608 4564 4603
f 4603 4564 4563
f 4573 4593 4574
f 4574 4593 4592
f 4597 4614 4598
f 4598 4614 4613
f 4601 4600 4584
f 4584 4600 4581
f 4563 4562 4604
f 4604 4562 4944
f 4643 4593 4641
f 4641 4593 4573
f 4643 4847 4644
f 4644 4847 4848
f 4564 4847 4561
f 4561 4847 4846
f 4945 4941 4598
f 4598 4941 4595
f 4941 4945 4939
f 4939 4945 4946
f 4601 4948 4602
f 4602 4948 4620
f 4600 4604 4581
f 4581 4604 4944
f 5002 5003 4597
f 4597 5003 4614
f 4988 4759 4953
f 4953 4759 4402
f 4706 6548 4707
f 4707 6548 6549
f 4311 4928 4419
f 4419 4928 6550
f 4921 4920 6551
f 6551 4920 6552
f 4925 6553 4926
f 4926 6553 6554
f 4928 4921 4802
f 4802 4921 6551
f 6555 4985 6550
f 6550 4985 4419
f 4952 6556 4953
f 4953 6556 4649
f 4971 6557 4706
f 4706 6557 6548
f 4988 4648 4925
f 4925 4648 6553
f 4707 6549 5006
f 5006 6549 4987
f 4920 6510 6552
f 6552 6510 6518
f 6558 6510 6516
f 6516 6510 6509
f 6559 6558 6539
f 6539 6558 6516
f 6531 6541 6532
f 6532 6541 6560
f 6540 6561 6541
f 6541 6561 6529
f 6542 6562 6540
f 6540 6562 6561
f 6542 3120 6562
f 6562 3120 3142
f 4366 6563 4760
f 4760 6563 4970
f 4815 6564 4816
f 4816 6564 6565
f 3147 3146 6565
f 6565 3146 4816
f 6564 6563 6565
f 6565 6563 6566
f 4837 4385 4357
f 4357 4385 4358
f 6565 6566 3147
f 3147 6566 3149
f 4694 1209 3150
f 5247 5249 5248
f 5248 5249 6522
f 6372 6390 6545
f 6545 6390 6389
f 6375 5254 6376
f 6376 5254 5258
f 6377 6525 6378
f 6378 6525 5255
f 5260 6379 5258
f 5258 6379 6376
f 6380 6567 6381
f 6381 6567 6568
f 6382 6569 6383
f 6383 6569 6570
f 6377 6371 6525
f 6525 6371 6370
f 6379 5260 6384
f 6384 5260 6571
f 6385 6572 6382
f 6382 6572 6569
f 6378 5255 6375
f 6375 5255 5254
f 6386 6573 6387
f 6387 6573 6574
f 6545 6389 5248
f 5248 6389 5245
f 4675 4750 4676
f 4676 4750 6286
f 4734 6289 4735
f 4735 6289 6288
f 4804 6290 4805
f 4805 6290 4963
f 4811 4807 4812
f 4812 4807 4411
f 4954 6292 4955
f 4955 6292 4959
f 4964 4962 4965
f 4965 4962 4751
f 6285 4821 4812
f 4812 4821 4809
f 4675 4287 4965
f 4965 4287 4210
f 6294 4145 4955
f 4955 4145 4154
f 4964 4120 4805
f 4805 4120 4119
f 6298 4966 4734
f 4734 4966 6289
f 6300 6473 4735
f 4735 6473 4732
f 6297 6296 4676
f 4676 6296 4288
f 6523 3160 4330
f 4330 3160 3159
f 5253 5252 6525
f 6525 5252 5255
f 5256 5252 4305
f 4305 5252 5251
f 4304 5257 4305
f 4305 5257 5256
f 4424 5259 4304
f 4304 5259 5257
f 5261 6571 5259
f 5259 6571 5260
f 5262 6573 5261
f 5261 6573 6571
f 5264 6567 5265
f 5265 6567 6574
f 5266 6572 5267
f 5267 6572 6568
f 5268 6570 5269
f 5269 6570 6569
f 1807 3161 5268
f 5268 3161 6570
f 6524 6523 4329
f 4329 6523 4330
f 5253 6526 5250
f 5250 6526 6534
f 6543 6538 6544
f 6544 6538 6369
f 6524 6543 6522
f 6522 6543 6544
f 3071 5367 3052
f 3052 5367 3912
f 6493 3163 6494
f 6494 3163 3162
f 3164 445 3771
f 3771 445 3761
f 461 3165 3919
f 3919 3165 3920
f 330 410 3839
f 3839 410 3910
f 332 331 3552
f 3552 331 3551
f 464 304 3918
f 3918 304 3816
f 385 458 3766
f 3766 458 3894
f 412 415 3762
f 3762 415 3763
f 3166 337 3748
f 3748 337 3745
f 3072 3055 5370
f 5370 3055 3930
f 3073 5369 3056
f 3056 5369 3938
f 3167 3057 6496
f 6496 3057 3937
f 3069 3058 4808
f 4808 3058 3943
f 411 3166 3851
f 3851 3166 3748
f 3059 3163 3951
f 3951 3163 6493
f 336 3164 3772
f 3772 3164 3771
f 3053 3911 3162
f 3162 3911 6494
f 3054 3168 3929
f 3929 3168 3952
f 3165 830 3920
f 3920 830 3945
f 3170 3169 6497
f 6497 3169 6498
f 3171 1354 5005
f 5005 1354 4830
f 3172 3170 6503
f 6503 3170 6497
f 3169 3061 6498
f 6498 3061 4060
f 3173 3171 5006
f 5006 3171 5005
f 3079 3172 6334
f 6334 3172 6503
f 3174 3025 6299
f 6299 3025 6300
f 6576 6577 6575
f 6575 6577 6578
f 4612 4611 6579
f 6579 4611 6580
f 6582 6583 6581
f 6581 6583 6584
f 6584 6585 4618
f 4618 6585 4621
f 6586 6587 6589
f 6589 6587 6588
f 6588 6587 6590
f 6590 6587 6591
f 6592 4606 6590
f 6590 4606 4623
f 6594 6576 6593
f 6593 6576 6575
f 6595 6582 6579
f 6579 6582 6581
f 6580 6597 6596
f 6596 6597 6598
f 6577 6576 6599
f 6599 6576 6600
f 6595 6596 6601
f 6601 6596 6602
f 6583 6582 6603
f 6603 6582 6604
f 6586 6606 6605
f 6605 6606 6607
f 6587 6586 6608
f 6608 6586 6605
f 6587 6608 6591
f 6591 6608 6609
f 6576 6594 6600
f 6600 6594 6610
f 6582 6595 6604
f 6604 6595 6601
f 6599 6611 6577
f 6577 6611 6598
f 6613 6614 6612
f 6612 6614 6615
f 6617 6618 6616
f 6616 6618 6619
f 6621 6622 6620
f 6620 6622 6623
f 6625 6626 6624
f 6624 6626 6627
f 6629 6630 6628
f 6628 6630 6631
f 6633 6634 6632
f 6632 6634 6635
f 6637 6638 6636
f 6636 6638 6639
f 6640 6641 6637
f 6637 6641 6638
f 6643 6633 6642
f 6642 6633 6632
f 6645 6646 6644
f 6644 6646 6647
f 6646 6648 6647
f 6647 6648 6649
f 6651 6652 6650
f 6650 6652 6653
f 6653 6652 6654
f 6654 6652 6655
f 6656 6657 6659
f 6659 6657 6658
f 6661 6662 6660
f 6660 6662 6663
f 6662 6661 6664
f 6664 6661 6665
f 6667 6657 6666
f 6666 6657 6656
f 6669 6670 6668
f 6668 6670 6671
f 6672 6673 6670
f 6670 6673 6671
f 6674 6675 6677
f 6677 6675 6676
f 6675 6678 6676
f 6676 6678 6679
f 6681 6682 6680
f 6680 6682 6683
f 6684 6685 6683
f 6683 6685 6680
f 6687 6688 6686
f 6686 6688 6689
f 6687 6690 6688
f 6688 6690 6691
f 6619 6618 6633
f 6633 6618 6634
f 6632 6635 6693
f 6693 6635 6692
f 6617 6694 6636
f 6636 6694 6637
f 6695 6692 6639
f 6639 6692 6635
f 6637 6694 6640
f 6640 6694 6696
f 6698 6638 6697
f 6697 6638 6641
f 6643 6616 6633
f 6633 6616 6619
f 6642 6699 6641
f 6641 6699 6697
f 6646 6645 6700
f 6700 6645 6621
f 6644 6701 6654
f 6654 6701 6702
f 6700 6703 6646
f 6646 6703 6648
f 6693 6704 6649
f 6649 6704 6647
f 6620 6623 6651
f 6651 6623 6652
f 6693 6649 6699
f 6699 6649 6650
f 6652 6623 6655
f 6655 6623 6622
f 6654 6702 6653
f 6653 6702 6697
f 6615 6614 6657
f 6657 6614 6658
f 6705 6656 6704
f 6704 6656 6659
f 6613 6706 6660
f 6660 6706 6661
f 6704 6659 6701
f 6701 6659 6663
f 6661 6706 6665
f 6665 6706 6707
f 6708 6702 6664
f 6664 6702 6662
f 6612 6615 6667
f 6667 6615 6657
f 6666 6709 6664
f 6664 6709 6708
f 6629 6710 6669
f 6669 6710 6670
f 6668 6711 6679
f 6679 6711 6712
f 6713 6672 6710
f 6710 6672 6670
f 6714 6671 6705
f 6705 6671 6673
f 6628 6631 6674
f 6674 6631 6675
f 6705 6673 6709
f 6709 6673 6677
f 6631 6630 6675
f 6675 6630 6678
f 6712 6708 6679
f 6679 6708 6676
f 6625 6715 6682
f 6682 6715 6683
f 6716 6717 6681
f 6681 6717 6691
f 6718 6684 6715
f 6715 6684 6683
f 6719 6680 6714
f 6714 6680 6685
f 6624 6627 6686
f 6686 6627 6687
f 6689 6711 6685
f 6685 6711 6714
f 6627 6626 6687
f 6687 6626 6690
f 6717 6712 6691
f 6691 6712 6688
f 6612 6707 6613
f 6613 6707 6706
f 6616 6696 6617
f 6617 6696 6694
f 6703 6700 6620
f 6620 6700 6621
f 6715 6625 6718
f 6718 6625 6624
f 6710 6629 6713
f 6713 6629 6628
f 6639 6635 6636
f 6636 6635 6634
f 6641 6640 6642
f 6642 6640 6643
f 6654 6655 6644
f 6644 6655 6645
f 6651 6650 6648
f 6648 6650 6649
f 6659 6658 6663
f 6663 6658 6660
f 6665 6667 6664
f 6664 6667 6666
f 6678 6669 6679
f 6679 6669 6668
f 6673 6672 6677
f 6677 6672 6674
f 6690 6682 6691
f 6691 6682 6681
f 6685 6684 6689
f 6689 6684 6686
f 6636 6634 6617
f 6617 6634 6618
f 6638 6698 6639
f 6639 6698 6695
f 6640 6696 6643
f 6643 6696 6616
f 6693 6699 6632
f 6632 6699 6642
f 6655 6622 6645
f 6645 6622 6621
f 6704 6701 6647
f 6647 6701 6644
f 6651 6648 6620
f 6620 6648 6703
f 6650 6653 6699
f 6699 6653 6697
f 6613 6660 6614
f 6614 6660 6658
f 6663 6662 6701
f 6701 6662 6702
f 6665 6707 6667
f 6667 6707 6612
f 6705 6709 6656
f 6656 6709 6666
f 6630 6629 6678
f 6678 6629 6669
f 6714 6711 6671
f 6671 6711 6668
f 6672 6713 6674
f 6674 6713 6628
f 6677 6676 6709
f 6709 6676 6708
f 6626 6625 6690
f 6690 6625 6682
f 6680 6719 6681
f 6681 6719 6716
f 6684 6718 6686
f 6686 6718 6624
f 6711 6689 6712
f 6689 6688 6712
f 6593 6720 6594
f 6594 6720 6721
f 6722 6720 4607
f 4607 6720 4849
f 6592 6723 6722
f 6722 6723 6724
f 4610 4609 6578
f 6578 4609 6575
f 6596 6595 6580
f 6580 6595 6579
f 4618 4617 6584
f 6584 4617 6581
f 6589 6585 6586
f 6586 6585 6606
f 4622 4619 6588
f 6588 4619 6589
f 4622 6588 4623
f 4623 6588 6590
f 4609 4645 6575
f 6575 4645 6593
f 4617 4612 6581
f 6581 4612 6579
f 5004 4610 6597
f 6597 4610 6578
f 4645 4849 6593
f 6593 4849 6720
f 6724 6721 6722
f 6722 6721 6720
f 6722 4607 6592
f 6592 4607 4606
f 6725 6610 6721
f 6721 6610 6594
f 6723 6726 6724
f 6724 6726 6727
f 6727 6725 6724
f 6724 6725 6721
f 6728 6729 6605
f 6605 6729 6608
f 6605 6607 6728
f 6728 6607 6730
f 6731 6732 6604
f 6604 6732 6603
f 6733 6734 6725
f 6725 6734 6610
f 6735 6733 6727
f 6727 6733 6725
f 6735 6727 6736
f 6736 6727 6726
f 6591 6609 6723
f 6723 6609 6726
f 6723 6592 6591
f 6591 6592 6590
f 6738 6739 6737
f 6737 6739 6740
f 6740 6739 6742
f 6742 6739 6741
f 6743 6744 6741
f 6741 6744 6742
f 6745 6746 6743
f 6743 6746 6744
f 6747 6748 6745
f 6745 6748 6746
f 6749 6750 6747
f 6747 6750 6748
f 6752 6738 6751
f 6751 6738 6737
f 6754 6752 6753
f 6753 6752 6751
f 6756 6754 6755
f 6755 6754 6753
f 6758 6750 6757
f 6757 6750 6749
f 6760 6756 6759
f 6759 6756 6755
f 6762 6760 6761
f 6761 6760 6759
f 6764 6762 6763
f 6763 6762 6761
f 6757 6764 6758
f 6758 6764 6763
f 6766 6741 6765
f 6765 6741 6739
f 6767 6743 6766
f 6766 6743 6741
f 6768 6745 6767
f 6767 6745 6743
f 6769 6747 6768
f 6768 6747 6745
f 6770 6749 6769
f 6769 6749 6747
f 6772 6769 6771
f 6771 6769 6768
f 6773 6770 6772
f 6772 6770 6769
f 6774 6775 6772
f 6772 6775 6773
f 6777 6778 6776
f 6776 6778 6779
f 6775 6774 6778
f 6778 6774 6779
f 6771 6780 6772
f 6772 6780 6774
f 6780 6781 6774
f 6774 6781 6779
f 6781 6782 6779
f 6779 6782 6776
f 6784 6785 6783
f 6783 6785 6786
f 6786 6787 6783
f 6783 6787 6788
f 6790 6788 6789
f 6789 6788 6787
f 6786 6785 6791
f 6791 6785 6792
f 6791 6793 6786
f 6786 6793 6787
f 6793 6794 6787
f 6787 6794 6789
f 6795 6796 6794
f 6794 6796 6789
f 6790 6789 6797
f 6797 6789 6796
f 6798 6765 6738
f 6738 6765 6739
f 6799 6798 6752
f 6752 6798 6738
f 6767 6800 6768
f 6768 6800 6771
f 6766 6801 6767
f 6767 6801 6800
f 6802 6801 6765
f 6765 6801 6766
f 6798 6803 6765
f 6765 6803 6802
f 6804 6803 6799
f 6799 6803 6798
f 6805 6806 6804
f 6804 6806 6803
f 6807 6799 6754
f 6754 6799 6752
f 6808 6804 6807
f 6807 6804 6799
f 6809 6805 6808
f 6808 6805 6804
f 6810 6811 6805
f 6805 6811 6806
f 6812 6813 6810
f 6810 6813 6811
f 6814 6815 6796
f 6796 6815 6797
f 6813 6814 6816
f 6816 6814 6817
f 6816 6818 6813
f 6813 6818 6811
f 6819 6806 6818
f 6818 6806 6811
f 6802 6803 6819
f 6819 6803 6806
f 6757 6749 6820
f 6820 6749 6770
f 6820 6770 6821
f 6821 6770 6773
f 6821 6773 6822
f 6822 6773 6775
f 6822 6775 6823
f 6823 6775 6778
f 6824 6823 6777
f 6777 6823 6778
f 6784 6825 6777
f 6777 6825 6824
f 6826 6827 6788
f 6788 6827 6783
f 6828 6826 6790
f 6790 6826 6788
f 6829 6828 6797
f 6797 6828 6790
f 6815 6830 6797
f 6797 6830 6829
f 6832 6812 6831
f 6831 6812 6810
f 6831 6810 6809
f 6809 6810 6805
f 6736 6800 6735
f 6735 6800 6801
f 6733 6735 6802
f 6802 6735 6801
f 6734 6733 6819
f 6819 6733 6802
f 6833 6734 6818
f 6818 6734 6819
f 6834 6833 6816
f 6816 6833 6818
f 6816 6817 6834
f 6834 6817 6835
f 6837 6795 6836
f 6836 6795 6794
f 6836 6794 6731
f 6731 6794 6793
f 6732 6731 6791
f 6791 6731 6793
f 6791 6792 6732
f 6732 6792 6730
f 6729 6728 6781
f 6781 6728 6782
f 6838 6807 6756
f 6756 6807 6754
f 6839 6838 6760
f 6760 6838 6756
f 6840 6839 6762
f 6762 6839 6760
f 6841 6840 6764
f 6764 6840 6762
f 6820 6841 6757
f 6757 6841 6764
f 6841 6820 6842
f 6842 6820 6821
f 6840 6841 6843
f 6843 6841 6842
f 6839 6840 6844
f 6844 6840 6843
f 6838 6839 6845
f 6845 6839 6844
f 6807 6838 6808
f 6808 6838 6845
f 6842 6821 6846
f 6846 6821 6822
f 6843 6842 6847
f 6847 6842 6846
f 6844 6843 6848
f 6848 6843 6847
f 6845 6844 6849
f 6849 6844 6848
f 6808 6845 6809
f 6809 6845 6849
f 6850 6831 6849
f 6849 6831 6809
f 6851 6850 6848
f 6848 6850 6849
f 6847 6852 6848
f 6848 6852 6851
f 6853 6852 6846
f 6846 6852 6847
f 6846 6822 6853
f 6853 6822 6823
f 6853 6823 6854
f 6854 6823 6824
f 6854 6855 6853
f 6853 6855 6852
f 6856 6851 6855
f 6855 6851 6852
f 6856 6857 6851
f 6851 6857 6850
f 6857 6832 6850
f 6850 6832 6831
f 6825 6858 6824
f 6824 6858 6854
f 6860 6827 6859
f 6859 6827 6826
f 6859 6826 6861
f 6861 6826 6828
f 6862 6861 6829
f 6829 6861 6828
f 6830 6863 6829
f 6829 6863 6862
f 6863 6864 6862
f 6862 6864 6865
f 6858 6866 6854
f 6854 6866 6855
f 6867 6865 6866
f 6866 6865 6864
f 6869 6859 6868
f 6868 6859 6861
f 6867 6869 6865
f 6865 6869 6868
f 6861 6862 6868
f 6868 6862 6865
f 6867 6860 6869
f 6869 6860 6859
f 6753 6751 6698
f 6698 6751 6695
f 6697 6755 6698
f 6698 6755 6753
f 6759 6755 6702
f 6702 6755 6697
f 6761 6759 6708
f 6708 6759 6702
f 6763 6761 6712
f 6712 6761 6708
f 6758 6763 6717
f 6717 6763 6712
f 6750 6758 6716
f 6716 6758 6717
f 6719 6748 6716
f 6716 6748 6750
f 6714 6746 6719
f 6719 6746 6748
f 6705 6744 6714
f 6714 6744 6746
f 6704 6742 6705
f 6705 6742 6744
f 6740 6742 6693
f 6693 6742 6704
f 6737 6740 6692
f 6692 6740 6693
f 6751 6737 6695
f 6695 6737 6692
f 6601 6602 6836
f 6836 6602 6837
f 6604 6601 6731
f 6731 6601 6836
f 6599 6600 6834
f 6834 6600 6833
f 6834 6835 6599
f 6599 6835 6611
f 6600 6610 6833
f 6833 6610 6734
f 6780 6771 6870
f 6870 6771 6736
f 6736 6771 6800
f 6870 6729 6780
f 6780 6729 6781
f 6608 6729 6609
f 6609 6729 6870
f 6609 6870 6726
f 6726 6870 6736
f 5014 5015 5229
f 5229 5015 5230
f 4258 5015 4259
f 4259 5015 4878
f 3471 3013 4703
f 4703 3013 4704
f 2879 6337 1306
f 1306 6337 4785
f 829 3471 4316
f 4316 3471 4703
f 4702 3472 5223
f 5223 3472 1756
f 6871 6872 4534
f 4534 6872 4535
f 6871 4665 6872
f 6872 4665 4844
f 6871 6873 4665
f 4665 6873 4559
f 6871 4534 6873
f 6873 4534 4542
f 4153 4152 4822
f 4822 4152 4407
f 4152 4168 4407
f 4407 4168 4342
f 4343 4168 4923
f 4923 4168 4167
f 4363 4362 4972
f 4972 4362 4840
f 4362 4394 4840
f 4840 4394 4839
f 4401 4400 4986
f 4986 4400 4984
f 4435 4434 4841
f 4841 4434 4842
f 4506 4505 4530
f 4530 4505 4531
f 4506 4535 4507
f 4507 4535 4843
f 4661 4660 4516
f 4516 4660 4517
f 4673 4672 4937
f 4937 4672 6547
f 4400 4924 4984
f 4984 4924 5263
f 4673 4660 4674
f 4674 4660 4659
f 4505 4661 4531
f 4531 4661 4516
f 4952 4401 6874
f 6874 4401 4986
f 4954 4153 6875
f 6875 4153 4822
f 4363 4973 4364
f 4364 4973 4974
f 5264 4924 5267
f 5267 4924 4691
f 6293 6292 6876
f 6876 6292 6877
f 6380 4343 6387
f 6387 4343 4923
f 4394 4435 4839
f 4839 4435 4841
f 4672 4434 6547
f 6547 4434 4433
f 4973 6556 4974
f 4974 6556 6878
f 6567 6380 6574
f 6574 6380 6387
f 6292 4954 6877
f 6877 4954 6875
f 6567 5264 6568
f 6568 5264 5267
f 4145 4144 4154
f 4154 4144 4151
f 4194 4144 4425
f 4425 4144 4143
f 4355 4354 5263
f 5263 4354 4984
f 4360 4359 4364
f 4364 4359 4361
f 4444 4359 4392
f 4392 4359 4337
f 4447 4446 4432
f 4432 4446 4433
f 4464 4463 6547
f 6547 4463 4937
f 4519 4518 4654
f 4654 4518 4509
f 4533 4532 4499
f 4499 4532 4498
f 4533 4542 4530
f 4530 4542 4534
f 4519 4532 4516
f 4516 4532 4531
f 4922 4194 4426
f 4426 4194 4425
f 4463 4518 4937
f 4937 4518 4517
f 6555 4951 6874
f 6874 4951 6878
f 4958 4957 6290
f 6290 4957 6291
f 4334 4360 4712
f 4712 4360 4950
f 4985 4354 4419
f 4419 4354 4353
f 5262 4355 5265
f 5265 4355 5263
f 6294 4958 4804
f 4804 4958 6290
f 6386 4922 6384
f 6384 4922 4426
f 4444 4447 4393
f 4393 4447 4432
f 4464 4446 4465
f 4465 4446 4445
f 4985 6555 4986
f 4986 6555 6874
f 6573 6386 6571
f 6571 6386 6384
f 4145 6294 4146
f 4146 6294 4804
f 6573 5262 6574
f 6574 5262 5265
f 4542 4541 6873
f 6873 4541 4559
f 4535 6872 4843
f 4843 6872 4844
f 4104 4103 6879
f 6879 4103 6343
f 4105 6293 6307
f 6307 6293 6876
f 4104 4956 4105
f 4105 4956 6293
f 4956 4104 4957
f 4957 4104 6879
f 4957 6879 6291
f 6291 6879 6309
f 4648 4988 4649
f 4649 4988 4953
f 4802 4803 4928
f 4928 4803 6550
f 6550 4803 6555
f 6555 4803 4951
f 1516 3173 4987
f 4987 3173 5006
f 6519 6518 6558
f 6558 6518 6510
f 6527 6519 6559
f 6559 6519 6558
f 6528 6560 6529
f 6529 6560 6541
f 6548 4625 6549
f 6549 4625 4624
f 6551 6552 4746
f 4746 6552 6505
f 6553 4711 6554
f 6554 4711 4710
f 4802 6551 4713
f 4713 6551 4746
f 6556 4973 4649
f 4649 4973 4646
f 6557 4949 6548
f 6548 4949 4625
f 4648 4647 6553
f 6553 4647 4711
f 6549 4624 4987
f 4987 4624 4838
f 6552 6518 6505
f 6505 6518 6507
f 6561 4372 6529
f 6529 4372 6514
f 6562 4369 6561
f 6561 4369 4372
f 3142 3482 6562
f 6562 3482 4369
f 6556 4952 6878
f 6878 4952 6874
f 4951 4950 6878
f 6878 4950 4974
f 3168 440 3952
f 4204 4203 5341
f 5341 4203 6364
f 4219 4222 6429
f 6429 4222 4383
f 4319 4322 6506
f 6506 4322 4747
f 4340 4714 4341
f 4341 4714 4384
f 4375 4377 6388
f 6388 4377 6546
f 4378 4381 6311
f 6311 4381 4720
f 4449 4341 4387
f 4387 4341 4384
f 4473 4472 4477
f 4477 4472 4474
f 4492 4491 4487
f 4487 4491 4488
f 4523 4491 4522
f 4522 4491 4490
f 4492 4538 4493
f 4493 4538 4555
f 4538 4553 4555
f 4555 4553 4556
f 4620 4615 4621
f 4621 4615 4618
f 4652 4651 4368
f 4368 4651 4365
f 4523 4655 4524
f 4524 4655 4656
f 4553 4667 4556
f 4556 4667 4571
f 4651 1210 4365
f 4365 1210 1209
f 4698 4697 5223
f 5223 4697 6344
f 4340 4339 4322
f 4322 4339 4747
f 4726 4729 5287
f 5287 4729 4198
f 4381 4380 4737
f 4737 4380 6368
f 4836 4835 4451
f 4451 4835 4709
f 4910 6367 4911
f 4911 6367 6366
f 4912 4915 6450
f 6450 4915 6449
f 4927 4836 4450
f 4450 4836 4451
f 4930 4929 4439
f 4439 4929 4436
f 4936 4935 4459
f 4459 4935 4456
f 4473 4655 4470
f 4470 4655 4510
f 4942 4583 4943
f 4943 4583 4572
f 4948 4601 4947
f 4947 4601 4584
f 4949 4835 4625
f 4625 4835 4626
f 4966 4969 6289
f 6289 4969 4695
f 4971 4652 4926
f 4926 4652 4368
f 4203 4977 6364
f 6364 4977 6365
f 4990 4989 4443
f 4443 4989 4440
f 4990 4991 4478
f 4478 4991 4512
f 4992 4991 4528
f 4528 4991 4515
f 4992 4993 4527
f 4527 4993 4485
f 4994 4993 4502
f 4502 4993 4503
f 4994 4995 4482
f 4482 4995 4550
f 4543 4996 4544
f 4544 4996 4995
f 4999 4998 4567
f 4567 4998 4578
f 5000 4998 4575
f 4575 4998 4997
f 5002 5001 4592
f 4592 5001 4574
f 5003 5004 4614
f 4614 5004 4611
f 3483 4215 1755
f 1755 4215 4698
f 5274 5277 4195
f 4195 5277 4223
f 4726 5295 4727
f 4727 5295 6350
f 5309 5342 5310
f 5310 5342 6363
f 5315 5314 5316
f 5316 5314 5317
f 5339 6362 5340
f 5340 6362 5363
f 5310 6363 5339
f 5339 6363 6362
f 4204 5309 4201
f 4201 5309 5308
f 4915 5345 6449
f 6449 5345 6448
f 5345 5315 6448
f 6448 5315 5316
f 5348 5347 6351
f 6351 5347 6352
f 5365 4263 5340
f 5340 4263 4262
f 6295 6298 4733
f 4733 6298 4734
f 4969 6306 4695
f 4695 6306 4696
f 6306 4378 4696
f 4696 4378 6311
f 6369 6372 6544
f 6544 6372 6545
f 4375 6390 4373
f 4373 6390 4374
f 6421 6422 4911
f 4911 6422 4908
f 4910 4909 4737
f 4737 4909 4736
f 5277 4219 4223
f 4223 4219 6429
f 4697 4222 6344
f 6344 4222 4221
f 6436 6361 6437
f 6437 6361 6360
f 6438 6440 6437
f 6437 6440 6434
f 6438 6359 6441
f 6441 6359 6358
f 6442 6441 6357
f 6357 6441 6358
f 6442 6444 6443
f 6443 6444 6445
f 6446 6444 6355
f 6355 6444 6356
f 6446 4912 6447
f 6447 4912 6450
f 6436 6435 5365
f 5365 6435 4263
f 5314 5347 5317
f 5317 5347 5346
f 4319 6512 4320
f 4320 6512 6513
f 6520 6512 6521
f 6521 6512 6508
f 6528 6520 6527
f 6527 6520 6521
f 6532 6539 6533
f 6533 6539 6535
f 6533 6535 6537
f 6537 6535 6534
f 6538 6543 6537
f 6537 6543 6536
f 6295 4377 6296
f 6296 4377 4376
f 4989 4930 4440
f 4440 4930 4439
f 4927 4929 4422
f 4422 4929 4455
f 4449 4936 4388
f 4388 4936 4459
f 4472 4935 4474
f 4474 4935 4932
f 4942 4940 4947
f 4947 4940 4939
f 5001 5000 4574
f 4574 5000 4575
f 4669 4943 4666
f 4666 4943 4667
f 4996 4999 4547
f 4547 4999 4567
f 4948 4946 4620
f 4620 4946 4615
f 5003 5002 4591
f 4591 5002 4592
f 6557 4971 6554
f 6554 4971 4926
f 6532 6560 6539
f 6539 6560 6559
f 6390 6372 4374
f 4374 6372 6371
f 4966 6298 4967
f 4967 6298 6297
f 6538 6526 6369
f 6369 6526 6370
f 6585 6589 4621
f 4621 6589 4619
f 6597 6578 6598
f 6598 6578 6577
f 6606 6583 6607
f 6607 6583 6603
f 6611 6602 6598
f 6598 6602 6596
f 6585 6584 6606
f 6606 6584 6583
f 6597 6580 5004
f 5004 6580 4611
f 6607 6603 6730
f 6730 6603 6732
f 6776 6785 6777
f 6777 6785 6784
f 6785 6776 6792
f 6792 6776 6782
f 6815 6814 6812
f 6812 6814 6813
f 6817 6814 6795
f 6795 6814 6796
f 6825 6784 6827
f 6827 6784 6783
f 6830 6815 6832
f 6832 6815 6812
f 6817 6795 6835
f 6835 6795 6837
f 6792 6782 6730
f 6730 6782 6728
f 6858 6825 6860
f 6860 6825 6827
f 6863 6830 6857
f 6857 6830 6832
f 6864 6863 6856
f 6856 6863 6857
f 6866 6858 6867
f 6867 6858 6860
f 6866 6864 6855
f 6855 6864 6856
f 6835 6837 6611
f 6611 6837 6602
f 6560 6528 6559
f 6559 6528 6527
f 4949 6557 4710
f 4710 6557 6554
f 4430 4090 4175
f 4175 4090 4089
f 4777 4113 4155
f 4155 4113 4086
f 4175 4089 4176
f 4176 4089 4142
f 4199 4271 4200
f 4200 4271 4798
f 4199 4095 4272
f 4272 4095 5273
f 4406 4405 4404
f 4404 4405 4346
f 4410 4409 6877
f 6877 4409 6876
f 4409 4413 6876
f 6876 4413 6307
f 4415 4148 4416
f 4416 4148 4147
f 4690 4405 4344
f 4344 4405 4342
f 4693 4692 4352
f 4352 4692 4349
f 4701 4700 6337
f 6337 4700 6338
f 4778 4777 4081
f 4081 4777 4155
f 4821 4406 4809
f 4809 4406 4404
f 4176 4142 4181
f 4181 4142 4415
f 4760 4970 4399
f 4399 4970 4692
f 4200 5007 4096
f 4096 5007 4078
f 5266 4693 5269
f 5269 4693 4352
f 5270 5007 5361
f 5361 5007 4797
f 4778 5270 4779
f 4779 5270 5361
f 6285 4410 6875
f 6875 4410 6877
f 6308 4413 4687
f 4687 4413 4412
f 6480 6320 6481
f 6481 6320 6880
f 4701 2878 4702
f 4702 2878 3472
f 6339 6347 6340
f 6340 6347 6348
f 6341 6342 6346
f 6346 6342 6345
f 4416 6308 4414
f 4414 6308 4687
f 6385 4690 6381
f 6381 4690 4344
f 5282 6341 5280
f 5280 6341 6339
f 4700 6342 6338
f 6338 6342 5281
f 6340 6348 4272
f 4272 6348 4270
f 6480 6479 4828
f 4828 6479 4829
f 6490 6479 6489
f 6489 6479 6478
f 4090 4430 6490
f 6490 4430 4429
f 6563 6564 4970
f 4970 6564 4815
f 4694 6566 4366
f 4366 6566 6563
f 6572 6385 6568
f 6568 6385 6381
f 4821 6285 4822
f 4822 6285 6875
f 6572 5266 6569
f 6569 5266 5269
f 3482 3103 4369
f 4369 3103 4370
f 3121 4730 3485
f 3485 4730 4327
f 6277 6280 6273
f 6273 6280 6272
f 6267 6276 6278
f 6278 6276 6279
f 6278 6279 6277
f 6277 6279 6280
f 6279 6256 6280
f 6280 6256 6255
f 6256 3857 6255
f 6255 3857 3754
f 3857 3856 3754
f 3754 3856 3755
f 3856 3703 3755
f 3755 3703 3863
f 3703 3702 3863
f 3863 3702 3759
f 3702 3706 3759
f 3759 3706 3670
f 3706 3705 3670
f 3670 3705 3668
f 3705 3773 3668
f 3668 3773 3882
f 3882 3773 3883
f 3883 3773 3707
f 3707 3708 3883
f 3883 3708 3880
f 3708 3710 3880
f 3880 3710 3881
f 3709 5241 3710
f 3710 5241 3881
f 5241 3709 5234
f 5234 3709 3786
f 3693 3712 3786
f 3786 3712 5234
f 4051 4055 4052
f 4052 4055 4056
f 4056 4055 4057
f 4057 4055 4054
f 4066 5238 5236
f 5236 5238 3989
f 4066 4069 5238
f 5238 4069 4035
f 6881 3962 3960
f 3960 3962 3957
f 6883 4070 6882
f 6882 4070 3941
f 4070 6883 4071
f 4071 6883 6884
f 4071 6884 4072
f 4072 6884 6885
f 6885 6886 4072
f 4072 6886 4031
f 3955 6881 3956
f 3956 6881 3960
f 6884 3991 6885
f 6885 3991 3990
f 6883 6887 6884
f 6884 6887 3991
f 6887 6888 3991
f 3991 6888 3992
f 6888 6887 6889
f 6889 6887 6890
f 6887 6883 6890
f 6890 6883 6882
f 4058 5240 3953
f 3953 5240 3954
f 5236 6888 5239
f 5239 6888 6889
f 5237 6886 3990
f 3990 6886 6885
f 4034 4031 5237
f 5237 4031 6886
f 6881 6882 3962
f 3962 6882 3941
f 6881 3955 6882
f 6882 3955 6890
f 3955 3954 6890
f 6890 3954 6889
f 5239 6889 5240
f 5240 6889 3954
f 6888 5236 3992
f 3992 5236 3989
f 3869 3868 3888
f 3888 3868 4015
f 3868 4012 4015
f 4015 4012 4010
f 4012 4022 4010
f 4010 4022 4009
f 4022 4021 4009
f 4009 4021 4018
f 4020 3974 4001
f 4001 3974 3996
f 4021 4020 4029
f 4029 4020 4001
f 4085 4156 4086
f 4086 4156 4155
f 4113 4777 4114
f 4114 4777 4776
f 4130 4129 4094
f 4094 4129 4091
f 4139 4773 4140
f 4140 4773 4772
f 4149 4178 4150
f 4150 4178 5225
f 4160 4159 4087
f 4087 4159 4088
f 4149 4148 4179
f 4179 4148 4141
f 4085 4084 4183
f 4183 4084 6315
f 4179 4141 4159
f 4159 4141 4088
f 4192 4130 4162
f 4162 4130 4094
f 4197 5288 4198
f 4198 5288 5287
f 4229 4766 4230
f 4230 4766 4771
f 4245 4246 4242
f 4242 4246 4249
f 4183 6315 4418
f 4418 6315 6314
f 4679 4178 4680
f 4680 4178 4177
f 4724 4798 4725
f 4725 4798 4271
f 4728 5275 4729
f 4729 5275 5274
f 4230 4771 4249
f 4249 4771 4242
f 4724 4723 4799
f 4799 4723 5355
f 4823 4824 4891
f 4891 4824 6327
f 4823 4192 4161
f 4161 4192 4162
f 4893 4767 4229
f 4229 4767 4766
f 4894 4895 4898
f 4898 4895 4899
f 4106 4150 4103
f 4103 4150 5225
f 4680 4894 4677
f 4677 4894 4898
f 6420 4977 5301
f 5301 4977 4976
f 4679 4678 5226
f 5226 4678 4427
f 5228 5008 4893
f 4893 5008 4767
f 5285 6354 5286
f 5286 6354 5343
f 5289 5352 5290
f 5290 5352 5349
f 5290 5349 5295
f 5295 5349 5348
f 5302 5299 4202
f 4202 5299 4976
f 4725 4271 5311
f 5311 4271 4270
f 5325 4723 5326
f 5326 4723 4722
f 5335 5355 5325
f 5325 5355 4723
f 5326 4722 5286
f 5286 4722 5283
f 4799 5357 4797
f 4797 5357 5361
f 5359 5356 5335
f 5335 5356 5355
f 4775 4774 5356
f 5356 4774 5357
f 5359 5358 4092
f 4092 5358 4093
f 6316 4740 6317
f 6317 4740 4739
f 6318 4827 6316
f 6316 4827 4740
f 6319 4828 6318
f 6318 4828 4827
f 6320 6480 6319
f 6319 6480 4828
f 6484 6322 6485
f 6485 6322 6321
f 6487 6324 6331
f 6331 6324 6323
f 6331 6323 6330
f 6330 6323 6325
f 6325 6326 6330
f 6330 6326 6329
f 6326 6328 6329
f 6329 6328 5231
f 4824 4685 5228
f 5228 4685 5008
f 5226 6343 5225
f 5225 6343 4103
f 4728 4727 6349
f 6349 4727 5284
f 6350 6351 5285
f 5285 6351 6354
f 4247 4246 6418
f 6418 4246 6365
f 6400 6402 6401
f 6401 6402 6459
f 4197 4196 6409
f 6409 4196 6426
f 6412 4897 6328
f 6328 4897 5231
f 6413 4133 6412
f 6412 4133 4897
f 6414 4134 6413
f 6413 4134 4133
f 6415 4225 6414
f 6414 4225 4134
f 6416 4252 6415
f 6415 4252 4225
f 6417 4253 6416
f 6416 4253 4252
f 4253 6417 6366
f 6366 6417 6419
f 6366 6419 4911
f 4911 6419 6421
f 6422 6423 4908
f 4908 6423 5298
f 5298 6423 6396
f 6396 6423 6424
f 6409 6426 6425
f 6425 6426 6397
f 5300 5299 6399
f 6399 5299 6400
f 6465 6408 6401
f 6401 6408 6398
f 6424 6399 6425
f 6425 6399 6398
f 6349 5284 5311
f 5311 5284 5283
f 6465 6464 5289
f 5289 6464 5352
f 6488 6483 6492
f 6492 6483 6482
f 6486 6491 6482
f 6482 6491 6492
f 6491 4895 6492
f 6492 4895 4157
f 6488 4160 6489
f 6489 4160 4087
f 6501 6502 4418
f 4418 6502 4417
f 6504 6500 6317
f 6317 6500 6314
f 3497 3496 6501
f 6501 3496 6502
f 3499 3498 6504
f 6504 3498 6500
f 4729 5274 4198
f 4198 5274 4195
f 6418 6365 6420
f 6420 6365 4977
f 5295 5348 6350
f 6350 5348 6351
f 5301 6422 6420
f 6420 6422 6421
f 4113 4112 4086
f 4086 4112 4083
f 6320 4112 6880
f 6880 4112 4111
f 4091 4772 4092
f 4092 4772 4775
f 4129 4140 4091
f 4091 4140 4772
f 4137 4140 4128
f 4128 4140 4129
f 4128 6324 4137
f 4137 6324 6321
f 6324 6487 6321
f 6321 6487 6485
f 6487 6486 6485
f 6485 6486 6482
f 4774 4773 4779
f 4779 4773 4776
f 4773 4139 4776
f 4776 4139 4114
f 4139 4138 4114
f 4114 4138 4111
f 4138 6322 4111
f 4111 6322 6880
f 6322 6484 6880
f 6880 6484 6481
f 6484 6483 6481
f 6481 6483 6478
f 6879 6343 6309
f 6309 6343 4428
f 4106 4105 4900
f 4900 4105 6307
f 3500 3167 6495
f 6495 3167 6496
f 3500 6495 3070
f 3070 6495 5368
f 3502 5235 3501
f 3501 5235 4813
f 3024 3503 6473
f 6473 3503 6474
f 3503 3023 6474
f 6474 3023 6374
f 3504 1770 4348
f 4348 1770 4345
f 3502 3505 5235
f 5235 3505 4810
f 3498 3497 6500
f 6500 3497 6501
f 3496 3075 6502
f 6502 3075 6275
f 6299 4254 3174
f 3174 4254 3017
f 1769 3501 4814
f 4814 3501 4813
f 3506 3018 6476
f 6476 3018 4257
f 3507 3499 6499
f 6499 3499 6504
f 3030 4216 3483
f 3483 4216 4215
f 3077 3507 6333
f 6333 3507 6499
f 1784 3160 5249
f 5249 3160 6523
f 3015 3506 4240
f 4240 3506 6476
f 3508 3504 6383
f 6383 3504 4348
f 3509 3016 6477
f 6477 3016 4239
f 3028 3509 6467
f 6467 3509 6477
f 3022 1785 5246
f 5246 1785 5247
f 3161 3508 6570
f 6570 3508 6383
f 3150 3149 4694
f 4694 3149 6566
f 1327 4807 3510
f 3510 4807 4811
f 3510 4811 3505
f 3505 4811 4810
f 3146 3511 4816
f 4816 3511 4350
f 3511 1808 4350
f 4350 1808 4351
f 3485 4327 3159
f 3159 4327 4330
f 1326 3512 4806
f 4806 3512 6310
f 3512 1331 6310
f 6310 1331 4688
