v 0.0879466 -0.2081575 1.5728245
v 0.0813798 -0.2142155 1.5584892
v 0.0914167 -0.2040880 1.5546913
v 0.0965271 -0.1952287 1.5659271
v 0.0866163 -0.2098214 1.5452578
v 0.0778381 -0.2176621 1.5473392
v 0.0961846 -0.1927712 1.5491097
v 0.1000229 -0.1825650 1.5573509
v 0.0947271 -0.1765849 1.5154677
v 0.0967648 -0.1660949 1.5119105
v 0.0987391 -0.1695010 1.5231437
v 0.0951726 -0.1790368 1.5240414
v 0.0900116 -0.1699359 1.4898421
v 0.0842168 -0.1783166 1.4802778
v 0.0838706 -0.1667133 1.4723260
v 0.0884585 -0.1579009 1.4817352
v 0.0567473 -0.2091296 1.4955704
v 0.0613270 -0.2064885 1.4883640
v 0.0659390 -0.2058061 1.4945321
v 0.0605720 -0.2082318 1.5010358
v 0.0494846 -0.2174529 1.5055668
v 0.0510270 -0.2145331 1.5112050
v 0.0475347 -0.2207341 1.5149022
v 0.0468642 -0.2245300 1.5083277
v 0.0506125 -0.2096953 1.4910354
v 0.0557415 -0.2064371 1.4835003
v 0.0527862 -0.2117346 1.5015458
v 0.0504443 -0.2139551 1.4972736
v 0.0479330 -0.2241094 1.4903049
v 0.0498635 -0.2229046 1.4949521
v 0.0474692 -0.2300824 1.4957118
v 0.0455382 -0.2291293 1.4906256
v 0.0495989 -0.2143828 1.4906641
v 0.0505948 -0.2172751 1.4931123
v 0.0480585 -0.2196107 1.4894390
v 0.0463330 -0.2165268 1.4877930
v 0.0484664 -0.2198902 1.5013090
v 0.0467224 -0.2274424 1.5025893
v 0.0441841 -0.2352392 1.5036528
v 0.0443717 -0.2375421 1.4950036
v 0.0692821 -0.1955699 1.4744173
v 0.0659841 -0.2018167 1.4813997
v 0.0603784 -0.2027413 1.4770525
v 0.0638177 -0.1979435 1.4713714
v 0.0469387 -0.2126617 1.4848993
v 0.0484207 -0.2094605 1.4689952
v 0.0493538 -0.2103757 1.4725286
v 0.0440506 -0.2154811 1.4737186
v 0.0438178 -0.2143851 1.4703042
v 0.0706177 -0.1834722 1.4607947
v 0.0657318 -0.1893192 1.4596952
v 0.0648340 -0.1854034 1.4530508
v 0.0688631 -0.1781210 1.4528623
v 0.0620676 -0.1838636 1.4471802
v 0.0662030 -0.1735406 1.4452229
v 0.0550948 -0.1722945 1.4322813
v 0.0606527 -0.1723570 1.4379154
v 0.0579007 -0.1842848 1.4416974
v 0.0524157 -0.1875996 1.4370901
v 0.0422953 -0.1996012 1.4427587
v 0.0368997 -0.2036722 1.4416382
v 0.0392994 -0.1979655 1.4289562
v 0.0458299 -0.1933502 1.4319091
v 0.0467975 -0.2044143 1.4635232
v 0.0501833 -0.2008295 1.4635125
v 0.0509789 -0.2032779 1.4645815
v 0.0475459 -0.2074319 1.4658416
v 0.0533123 -0.1982641 1.4630059
v 0.0546915 -0.1972194 1.4625864
v 0.0548835 -0.1986818 1.4637477
v 0.0534015 -0.1987258 1.4638874
v 0.0515975 -0.1996537 1.4636445
v 0.0505000 -0.1999869 1.4618154
v 0.0524440 -0.1987751 1.4622336
v 0.0473948 -0.2033581 1.4610817
v 0.0361427 -0.2138338 1.4595263
v 0.0397048 -0.2115180 1.4595014
v 0.0386411 -0.2116401 1.4641727
v 0.0356767 -0.2136295 1.4645874
v 0.0538315 -0.2007740 1.4659742
v 0.0564270 -0.2004125 1.4668429
v 0.0537869 -0.2049780 1.4694960
v 0.0520473 -0.2041272 1.4670900
v 0.0593962 -0.1998762 1.4684697
v 0.0570861 -0.1977010 1.4648006
v 0.0601914 -0.1965716 1.4653077
v 0.0540293 -0.1970303 1.4608973
v 0.0562502 -0.1949528 1.4589439
v 0.0572139 -0.1961607 1.4614248
v 0.0538826 -0.1950225 1.4560691
v 0.0516313 -0.1982016 1.4592320
v 0.0483305 -0.2012760 1.4575990
v 0.0442409 -0.2054698 1.4561639
v 0.0454794 -0.2011712 1.4514278
v 0.0501344 -0.1973594 1.4534526
v 0.0562485 -0.2043980 1.4732870
v 0.0609675 -0.1933177 1.4604883
v 0.0652412 -0.1933880 1.4664221
v 0.0600717 -0.1915116 1.4558337
v 0.0575284 -0.1907567 1.4515654
v 0.0533907 -0.1922493 1.4479155
v 0.0477899 -0.1955407 1.4452219
v 0.0382135 -0.1834735 1.4220708
v 0.0464153 -0.1787045 1.4263201
v 0.0739015 -0.2148627 1.5403201
v 0.0817189 -0.2102273 1.5390218
v 0.0804677 -0.2045466 1.5322004
v 0.0825651 -0.2042989 1.5338861
v 0.0781079 -0.2087955 1.5356781
v 0.0769292 -0.2077790 1.5332970
v 0.0905551 -0.1861015 1.5255388
v 0.0867956 -0.1917208 1.5271593
v 0.0862590 -0.1898746 1.5236109
v 0.0909361 -0.1843921 1.5190934
v 0.0788743 -0.1971393 1.5162178
v 0.0827473 -0.1933793 1.5172905
v 0.0806678 -0.1976933 1.5239684
v 0.0779027 -0.2005460 1.5231450
v 0.0745273 -0.2032726 1.5229694
v 0.0704947 -0.2054310 1.5232281
v 0.0697442 -0.2036023 1.5182894
v 0.0743006 -0.2007936 1.5169671
v 0.0722129 -0.2112889 1.5372955
v 0.0650436 -0.2127667 1.5372583
v 0.0659152 -0.2110088 1.5346476
v 0.0719397 -0.2104378 1.5343968
v 0.0541402 -0.2074267 1.5305363
v 0.0558253 -0.2084901 1.5325877
v 0.0527356 -0.2105488 1.5342069
v 0.0511825 -0.2093677 1.5300782
v 0.0529816 -0.2085685 1.5270333
v 0.0551952 -0.2074162 1.5288083
v 0.0821751 -0.2102114 1.5945594
v 0.0767175 -0.2190146 1.5779564
v 0.0945525 -0.1970235 1.5881352
v 0.1004147 -0.1827097 1.5782704
v 0.1047145 -0.1706466 1.5659813
v 0.0772907 -0.1756548 1.4651095
v 0.0761202 -0.1675127 1.4570036
v 0.0826954 -0.1552870 1.4655315
v 0.0777861 -0.1480844 1.4568504
v 0.0716300 -0.1613543 1.4479879
v 0.0544207 -0.1560567 1.4326244
v 0.0640769 -0.1571632 1.4393351
v 0.0694514 -0.1402916 1.4495462
v 0.0756458 -0.1268814 1.4640096
v 0.0826536 -0.1369778 1.4681817
v 0.0799412 -0.1172000 1.4808799
v 0.0672990 -0.1134835 1.4609417
v 0.0760919 -0.1082114 1.4819462
v 0.0473016 -0.1019501 1.4306535
v 0.0458025 -0.0897932 1.4244484
v 0.0518439 -0.0778881 1.4355762
v 0.0557391 -0.0893153 1.4409198
v 0.0864636 -0.1462890 1.4742942
v 0.1015152 -0.1631704 1.5342743
v 0.0984312 -0.1747780 1.5333154
v 0.1008793 -0.1570874 1.5220367
v 0.1109926 -0.1517015 1.5961821
v 0.1074014 -0.1694352 1.5885616
v 0.1116924 -0.1594134 1.5736928
v 0.1142833 -0.1445381 1.5820924
v 0.0905356 -0.1702439 1.6311871
v 0.0887218 -0.1929927 1.6148860
v 0.0978376 -0.1822287 1.6038092
v 0.1023171 -0.1632788 1.6164329
v 0.1144655 -0.1315107 1.5848867
v 0.1126637 -0.1135457 1.5887638
v 0.1094306 -0.1101772 1.6059102
v 0.1117573 -0.1326275 1.6035853
v 0.1001392 -0.1091862 1.6281188
v 0.1017794 -0.1356832 1.6254915
v 0.0688195 -0.0942919 1.4733698
v 0.0756665 -0.0967480 1.4889778
v 0.0599587 -0.1031755 1.4488712
v 0.0632001 -0.0882621 1.4606030
v 0.0836118 -0.1094545 1.6455642
v 0.0872866 -0.1406776 1.6437084
v 0.0907992 -0.0646534 1.5776077
v 0.0983186 -0.0746671 1.5923744
v 0.1037237 -0.0868446 1.5769241
v 0.0965833 -0.0759270 1.5647412
v 0.0795346 -0.0540290 1.5909439
v 0.0864435 -0.0658965 1.6090817
v 0.0683522 -0.0561439 1.5270351
v 0.0570459 -0.0624623 1.5131617
v 0.0481904 -0.0510119 1.5186919
v 0.0574298 -0.0431265 1.5336051
v 0.0919772 -0.2006306 1.5421907
v 0.0871810 -0.2042560 1.5364581
v 0.0897349 -0.1973915 1.5337566
v 0.0941500 -0.1919362 1.5378842
v 0.0980884 -0.1828347 1.5421528
v 0.1016483 -0.1722520 1.5466600
v 0.1095081 -0.1509827 1.5606499
v 0.1130098 -0.1377629 1.5693849
v 0.1117613 -0.1134085 1.5750210
v 0.1135185 -0.1273704 1.5722668
v 0.1036552 -0.0923939 1.5626905
v 0.1002520 -0.0846442 1.5548207
v 0.0739298 -0.0845977 1.5024972
v 0.0649416 -0.0801211 1.4845201
v 0.0544345 -0.0707634 1.4947527
v 0.0647303 -0.0720567 1.5090243
v 0.0382949 -0.0560879 1.5044714
v 0.0467873 -0.0638198 1.5006182
v 0.0516243 -0.0665383 1.4631534
v 0.0458171 -0.0553020 1.4576352
v 0.0373560 -0.0461764 1.4689834
v 0.0429209 -0.0571106 1.4721230
v 0.0263208 -0.0391391 1.4768721
v 0.0136315 -0.0364750 1.4825544
v 0.0214688 -0.0440015 1.4863675
v 0.0321479 -0.0494188 1.4815867
v 0.0284053 -0.1100182 1.4095233
v 0.0267514 -0.0993676 1.4057346
v 0.0358541 -0.0903631 1.4114823
v 0.0366560 -0.1006564 1.4161363
v 0.0414147 -0.0429456 1.4554113
v 0.0333761 -0.0345848 1.4686456
v 0.0764641 -0.0694266 1.5213068
v 0.0828737 -0.0800397 1.5185158
v 0.0216711 -0.0271924 1.4762994
v 0.0388394 -0.0576920 1.4883639
v 0.0490632 -0.0645027 1.4800426
v 0.0272458 -0.0506191 1.5086869
v 0.0363654 -0.0445974 1.5226470
v 0.0553981 -0.2103033 1.5067102
v 0.0602711 -0.2070106 1.5222971
v 0.0616623 -0.2074933 1.5259763
v 0.0580165 -0.2079945 1.5274140
v 0.0563417 -0.2079806 1.5244168
v 0.0580458 -0.2296116 1.5600973
v 0.0532118 -0.2266268 1.5441837
v 0.0667835 -0.2242611 1.5465664
v 0.0702451 -0.2233293 1.5598583
v 0.0833127 -0.1912141 1.4908406
v 0.0756720 -0.2004999 1.4965968
v 0.0716747 -0.2013637 1.4873848
v 0.0759794 -0.1938599 1.4804036
v 0.0843286 -0.1953028 1.5282007
v 0.0863741 -0.1953865 1.5297276
v 0.0839604 -0.1981062 1.5295458
v 0.0703149 -0.1899282 1.4681501
v 0.0769370 -0.1845815 1.4729140
v 0.0968949 -0.1534734 1.5084385
v 0.0946633 -0.1844595 1.5320843
v 0.0709962 -0.1790747 1.6435341
v 0.0708815 -0.2039347 1.6235225
v 0.0657049 -0.1125285 1.6602225
v 0.0692731 -0.1462035 1.6560294
v 0.0714097 -0.0581832 1.6238148
v 0.0625102 -0.0440904 1.6046887
v 0.0454429 -0.0416007 1.6130148
v 0.0508915 -0.0589823 1.6367553
v 0.0430004 -0.0391603 1.5392173
v 0.0038203 -0.0346411 1.4836407
v 0.0115806 -0.0420659 1.4897148
v 0.0681057 -0.2175976 1.6003567
v 0.0633236 -0.2266611 1.5793276
v 0.1047227 -0.1598760 1.5543459
v 0.0928578 -0.1782567 1.5056767
v 0.0903440 -0.1856645 1.5122977
v 0.0878877 -0.1888824 1.5077546
v 0.0900143 -0.1814728 1.4983516
v 0.0931791 -0.1670364 1.4990810
v 0.0921155 -0.1528436 1.4941861
v 0.0905898 -0.1362983 1.4903895
v 0.0852316 -0.1260014 1.4828864
v 0.1084553 -0.0980139 1.5874513
v 0.1040078 -0.0886763 1.6046509
v 0.0933679 -0.0837004 1.6227573
v 0.0777155 -0.0816854 1.6383233
v 0.1080590 -0.1004004 1.5753104
v 0.0584717 -0.0827975 1.6515452
v 0.0439084 -0.2158662 1.4783993
v 0.0504797 -0.2097522 1.4784066
v 0.0429185 -0.2170134 1.4827260
v 0.0400167 -0.2089840 1.4551967
v 0.0359957 -0.2114055 1.4548601
v 0.0356647 -0.2070032 1.4499521
v 0.0404512 -0.2045673 1.4503600
v 0.0360775 -0.1651491 1.4220615
v 0.0449091 -0.1594911 1.4265886
v 0.0303148 -0.1216594 1.4131418
v 0.0380410 -0.1125157 1.4207498
v 0.0440380 -0.2231078 1.4901897
v 0.0425528 -0.2237978 1.4906347
v 0.0419320 -0.2214458 1.4901866
v 0.0439254 -0.2208066 1.4899698
v 0.0522647 -0.2009212 1.4642565
v 0.0393082 -0.2175387 1.4704475
v 0.0363317 -0.2187865 1.4705579
v 0.0359954 -0.2164680 1.4675543
v 0.0390740 -0.2152381 1.4673282
v 0.0563833 -0.1327142 1.4410720
v 0.0503393 -0.1158199 1.4367003
v 0.0510124 -0.0667421 1.4444671
v 0.0568331 -0.0778730 1.4511917
v 0.0577263 -0.0747500 1.4717388
v 0.0301683 -0.0513166 1.4956339
v 0.0198694 -0.0468330 1.4979447
v -0.0010291 -0.0505386 1.5028285
v 0.0031077 -0.0495998 1.5150513
v 0.0153647 -0.0472902 1.5123927
v 0.0084351 -0.0474341 1.5011001
v 0.0431857 -0.1410915 1.4274555
v 0.0342338 -0.1477820 1.4216708
v 0.0324610 -0.1337942 1.4184225
v 0.0402257 -0.1258414 1.4255798
v 0.0385877 -0.2245072 1.4877538
v 0.0372589 -0.2260735 1.4866004
v 0.0372939 -0.2228469 1.4850271
v 0.0392145 -0.2222414 1.4870437
v 0.0440842 -0.2185657 1.4884284
v 0.0419843 -0.2188088 1.4876970
v 0.0422408 -0.2181496 1.4857423
v 0.0453783 -0.2234276 1.4895428
v 0.0453975 -0.2204407 1.4889882
v 0.0414549 -0.2290206 1.4899557
v 0.0437957 -0.2269508 1.4896347
v 0.0417944 -0.2336827 1.4887554
v 0.0398948 -0.2232341 1.4887762
v 0.0401715 -0.2213060 1.4879182
v 0.0431524 -0.2194624 1.4893697
v 0.0414770 -0.2199090 1.4890909
v 0.0413506 -0.2271000 1.4903252
v 0.0429546 -0.2254542 1.4901028
v 0.0440717 -0.2315259 1.5109348
v 0.0386724 -0.2352677 1.5120605
v 0.0379498 -0.2388911 1.5042894
v 0.0375240 -0.2414836 1.4953823
v 0.0361437 -0.2372328 1.4886587
v 0.0252524 -0.1386595 1.4145455
v 0.0230242 -0.1270695 1.4095743
v 0.0470349 -0.2304863 1.5811253
v 0.0446808 -0.2314700 1.5606606
v 0.0526031 -0.1988344 1.4634665
v 0.0652494 -0.2165754 1.5402959
v 0.0823560 -0.1949108 1.5054188
v 0.0626788 -0.2066412 1.5076679
v 0.0685777 -0.2042894 1.5024266
v 0.0693763 -0.2036268 1.5107930
v 0.0638460 -0.2055821 1.5142246
v 0.0556680 -0.2177716 1.5393586
v 0.0470002 -0.2233146 1.5352051
v 0.0496100 -0.2160345 1.5349292
v 0.0476486 -0.2141282 1.5288322
v 0.0457391 -0.2222833 1.5264382
v 0.0483584 -0.2163640 1.5202583
v 0.0497785 -0.2112766 1.5239866
v 0.0827800 -0.2012161 1.5310240
v 0.0852741 -0.2000901 1.5319354
v 0.0523370 -0.2116153 1.5160619
v 0.0571944 -0.2086952 1.5119431
v 0.0585638 -0.2071135 1.5173197
v 0.0538509 -0.2089076 1.5204213
v 0.0755859 -0.2004349 1.5072232
v 0.0904274 -0.1913893 1.5303262
v 0.0851696 -0.1906989 1.5200968
v 0.0884610 -0.0894809 1.5204066
v 0.0838467 -0.0935181 1.5085878
v 0.0904852 -0.1081573 1.4923152
v 0.0871270 -0.1096958 1.4885735
v 0.0823750 -0.1071833 1.4933221
v 0.0887232 -0.1047686 1.4956445
v 0.1068705 -0.1059061 1.5462303
v 0.1072687 -0.1042072 1.5545931
v 0.1087090 -0.1113728 1.5532001
v 0.1069832 -0.1084047 1.5461214
v 0.1077699 -0.1154700 1.5471927
v 0.1084144 -0.1189709 1.5495134
v 0.1067197 -0.1179823 1.5414333
v 0.1066712 -0.1145665 1.5424280
v 0.1115621 -0.1230466 1.5600067
v 0.1104590 -0.1324640 1.5549560
v 0.1067277 -0.1258728 1.5450561
v 0.1033959 -0.1481330 1.5366330
v 0.1011157 -0.1330237 1.5287671
v 0.1041340 -0.1302868 1.5382978
v 0.1064013 -0.1410425 1.5479073
v 0.0880872 -0.1155777 1.4930399
v 0.0900623 -0.1220862 1.4986991
v 0.0816924 -0.1000772 1.4992611
v 0.0252846 -0.0461056 1.6231871
v 0.0297478 -0.0626729 1.6478507
v 0.0831919 -0.0579858 1.5612394
v 0.0722897 -0.0472557 1.5715297
v 0.0914000 -0.0689493 1.5515554
v 0.0960316 -0.0797490 1.5436583
v 0.0574684 -0.0397360 1.5827776
v 0.0392584 -0.0342810 1.5897354
v 0.1004619 -0.1438185 1.5205125
v 0.0966965 -0.1310270 1.5191203
v 0.0766837 -0.0537366 1.5441528
v 0.0640458 -0.0460618 1.5525807
v 0.0852013 -0.0660431 1.5367929
v 0.0903720 -0.0780024 1.5318626
v 0.0502502 -0.0375080 1.5618281
v 0.0266628 -0.0394604 1.5463121
v 0.0294353 -0.0350489 1.5677136
v 0.0929904 -0.1103619 1.5034665
v 0.0907747 -0.1145722 1.5016441
v 0.0893951 -0.1113538 1.4963410
v 0.0937878 -0.1100273 1.4974017
v 0.0953884 -0.1391046 1.5074354
v 0.0932722 -0.1260335 1.5088581
v 0.0450571 -0.2276076 1.5181895
v 0.0396091 -0.2282899 1.5278244
v 0.0393488 -0.2316907 1.5199113
v 0.0407713 -0.2266065 1.5364601
v 0.0472442 -0.1551189 1.6620648
v 0.0501948 -0.1860979 1.6487776
v 0.0352386 -0.0895213 1.6615832
v 0.0423476 -0.1215946 1.6665543
v 0.0324744 -0.2066076 1.4416239
v 0.0323420 -0.2014139 1.4280909
v 0.0393647 -0.2192922 1.4783260
v 0.0363944 -0.2202457 1.4779570
v 0.0364539 -0.2197149 1.4740476
v 0.0395203 -0.2186828 1.4741959
v 0.0581698 -0.2120804 1.5366298
v 0.0197019 -0.0448333 1.5275156
v 0.0011342 -0.0433654 1.4913593
v -0.0068274 -0.0367399 1.4846381
v 0.0081412 -0.0237472 1.4806455
v -0.0037396 -0.0241356 1.4824047
v 0.0364725 -0.2212683 1.4816462
v 0.0390883 -0.2200468 1.4820498
v 0.0402686 -0.2255981 1.4901789
v 0.0432244 -0.2120665 1.4667760
v 0.0392285 -0.2206093 1.4849251
v 0.0401906 -0.2207714 1.4868924
v 0.0350780 -0.2237101 1.4844017
v 0.0348258 -0.2214538 1.4815164
v 0.0650535 -0.2058844 1.5200163
v 0.0659969 -0.2066574 1.5243060
v 0.0384322 -0.2299911 1.4871830
v 0.0390422 -0.2276538 1.4887352
v 0.0350453 -0.2308100 1.4864883
v 0.0439513 -0.0785729 1.4195789
v 0.0473405 -0.0661596 1.4306132
v 0.0342554 -0.2191991 1.4707282
v 0.0337645 -0.2170505 1.4675411
v 0.0509199 -0.2116688 1.6282192
v 0.0062699 -0.0384459 1.5454223
v 0.0106712 -0.0332707 1.5658797
v 0.0995356 -0.1233369 1.5250776
v 0.0995132 -0.1168455 1.5225711
v 0.1022846 -0.1165687 1.5293793
v 0.1026697 -0.1232438 1.5321258
v 0.0209380 -0.1163527 1.4057009
v 0.0463071 -0.0536863 1.4426731
v -0.0155279 -0.0280400 1.4821703
v 0.0837598 -0.1945785 1.5267067
v 0.0823938 -0.1955174 1.5252334
v 0.0601335 -0.2101979 1.5339745
v 0.0162141 -0.0339156 1.5937368
v 0.0436183 -0.2080177 1.4599910
v 0.0429221 -0.2087643 1.4639928
v -0.0083859 -0.0477096 1.4924312
v 0.0267165 -0.1530400 1.4178914
v 0.0356286 -0.2270696 1.4858341
v 0.0057557 -0.0470757 1.5299329
v 0.1052130 -0.1099071 1.5375126
v 0.1068571 -0.1124594 1.5346967
v 0.1056039 -0.1114235 1.5316094
v 0.1039036 -0.1103079 1.5329637
v 0.1090903 -0.1176921 1.5362160
v 0.1091099 -0.1143799 1.5334268
v 0.1111968 -0.1138244 1.5362079
v 0.1109923 -0.1164716 1.5395644
v 0.1056650 -0.1212942 1.5373999
v 0.1065019 -0.1178771 1.5325170
v 0.1125964 -0.1124414 1.5385078
v 0.1134180 -0.1145650 1.5408270
v 0.1109419 -0.1142699 1.5430421
v 0.1070029 -0.1113787 1.5446688
v 0.1156544 -0.1110251 1.5424389
v 0.1123479 -0.1103910 1.5453648
v 0.1178611 -0.1060026 1.5429772
v 0.1132034 -0.1052891 1.5463889
v 0.1177388 -0.0994392 1.5416974
v 0.1124486 -0.0990790 1.5446773
v 0.0933709 -0.1174730 1.5079168
v 0.0933744 -0.1108125 1.5097141
v 0.1172374 -0.0947174 1.5371858
v 0.1103511 -0.0942642 1.5394174
v 0.1151941 -0.0913012 1.5312726
v 0.1089113 -0.0915459 1.5326732
v 0.1124132 -0.0900250 1.5249381
v 0.1075297 -0.0894831 1.5260653
v 0.1095404 -0.0896032 1.5178093
v 0.1042496 -0.0883400 1.5176678
v 0.1064435 -0.0914540 1.5103698
v 0.1004334 -0.0897869 1.5086059
v 0.1136772 -0.1047178 1.5418860
v 0.1140554 -0.1000824 1.5397372
v 0.1038287 -0.1035973 1.5437946
v 0.1132225 -0.1094568 1.5412901
v 0.1024635 -0.1036684 1.5293562
v 0.1007510 -0.1040456 1.5329021
v 0.1007589 -0.1040523 1.5311123
v 0.0998355 -0.1014153 1.5304863
v 0.0966457 -0.1148407 1.5157407
v 0.0982192 -0.1108489 1.5162964
v 0.0999930 -0.1128231 1.5211069
v 0.0957616 -0.1091509 1.5126720
v 0.0953245 -0.1087255 1.5143606
v 0.0958856 -0.1101576 1.5178361
v 0.0962976 -0.1114851 1.5224730
v 0.0952915 -0.1064419 1.5136374
v 0.0958365 -0.1057062 1.5116718
v 0.0943070 -0.1066016 1.5153758
v 0.0941856 -0.1080653 1.5158678
v 0.0938227 -0.1081383 1.5185849
v 0.0951685 -0.1066916 1.5223825
v 0.0959813 -0.1211711 1.5167309
v 0.0943391 -0.0957955 1.5207405
v 0.0910580 -0.0974759 1.5114394
v 0.1027627 -0.0954060 1.5045395
v 0.0983018 -0.0934943 1.4988792
v 0.0972885 -0.1064167 1.4937185
v 0.0987061 -0.0995262 1.4923174
v 0.1015622 -0.1002328 1.5393698
v 0.0999996 -0.0961824 1.5339232
v 0.0893395 -0.1009934 1.5028784
v 0.0983583 -0.0936691 1.5278196
v 0.1047790 -0.0939057 1.5141615
v 0.1013558 -0.0968665 1.5105202
v 0.1079153 -0.0923053 1.5196159
v 0.0961178 -0.1056897 1.5078619
v 0.0973331 -0.1058376 1.5015419
v 0.1005571 -0.1004200 1.5016009
v 0.0982220 -0.1008866 1.5083830
v 0.1045196 -0.0972253 1.5163812
v 0.1003824 -0.0990978 1.5142729
v 0.1018971 -0.0985208 1.5195177
v 0.0984039 -0.1005405 1.5178336
v 0.0961197 -0.1032618 1.5152831
v 0.0972120 -0.1020315 1.5124525
v 0.0953055 -0.1017898 1.5209440
v 0.0990837 -0.1005588 1.5237723
v 0.0943766 -0.1046921 1.5173629
v 0.1053178 -0.0985711 1.5222337
v 0.1083809 -0.0986288 1.5257539
v 0.1064639 -0.1020653 1.5281183
v 0.1028086 -0.1010298 1.5258202
v 0.1104945 -0.0924785 1.5254316
v 0.1105875 -0.0955158 1.5247430
v 0.1074414 -0.0958859 1.5203379
v 0.1124877 -0.0962786 1.5300837
v 0.1120448 -0.0938262 1.5313141
v 0.1104270 -0.0986735 1.5298411
v 0.1090009 -0.1010096 1.5305665
v 0.1132990 -0.1014453 1.5376208
v 0.1132540 -0.0984593 1.5344325
v 0.1138531 -0.0965243 1.5363072
v 0.1120225 -0.1004351 1.5328868
v 0.1117542 -0.1024705 1.5355061
v 0.1095960 -0.1027545 1.5340026
v 0.1102940 -0.1012777 1.5326816
v 0.1103474 -0.1111134 1.5389028
v 0.1086745 -0.1123038 1.5371998
v 0.1114290 -0.1084598 1.5396581
v 0.1090485 -0.1092424 1.5408847
v 0.1090734 -0.1077285 1.5383771
v 0.1073134 -0.1095618 1.5401303
v 0.1074098 -0.1076632 1.5366444
v 0.1049653 -0.1077120 1.5339616
v 0.0262296 -0.0811037 1.3941134
v 0.0263046 -0.0893452 1.4004983
v 0.0179519 -0.0955035 1.3969990
v 0.0168048 -0.0867490 1.3916738
v 0.1087193 -0.1052264 1.5352194
v 0.1105172 -0.1049972 1.5372272
v 0.1123794 -0.1047906 1.5394333
v 0.1052196 -0.1046731 1.5312779
v 0.1066288 -0.1033285 1.5304637
v 0.1079492 -0.1031118 1.5320381
v 0.1065888 -0.1052720 1.5330540
v 0.1004305 -0.1130610 1.5252575
v 0.0985981 -0.1094570 1.5249489
v 0.0985303 -0.1051217 1.5243891
v 0.0429915 -0.0434562 1.3999778
v 0.0505401 -0.0295673 1.4142991
v 0.0461721 -0.0366988 1.4195696
v 0.0404166 -0.0498909 1.4064058
v 0.0557418 -0.0452750 1.3769038
v 0.0588791 -0.0452017 1.3569029
v 0.0712332 -0.0352902 1.3676465
v 0.0686692 -0.0253678 1.3942641
v 0.0728144 -0.0380967 1.3442847
v 0.0604797 -0.0446493 1.3356401
v 0.0759478 -0.0366748 1.2851884
v 0.0749715 -0.0372631 1.3024627
v 0.0637094 -0.0440151 1.2965879
v 0.0650685 -0.0449056 1.2798947
v 0.1014047 -0.0137512 1.2375517
v 0.0944449 -0.0238899 1.2356466
v 0.0896112 -0.0228583 1.2226828
v 0.0968031 -0.0104493 1.2243371
v 0.1144727 -0.0073490 1.3317953
v 0.1179601 0.0017792 1.3254842
v 0.1216827 -0.0058576 1.3426155
v 0.1179783 -0.0129735 1.3494233
v 0.0699911 0.0094510 1.4455025
v 0.0617416 0.0036185 1.4481345
v 0.0608458 -0.0087728 1.4262188
v 0.0710269 -0.0049731 1.4228777
v 0.1087732 0.0380246 1.2589969
v 0.1103567 0.0240713 1.2599617
v 0.1106655 0.0234566 1.2513039
v 0.1093473 0.0354103 1.2498429
v 0.0958376 0.0492833 1.1857172
v 0.0950221 0.0281161 1.1822179
v 0.1007649 0.0288078 1.1666707
v 0.1010176 0.0511756 1.1691487
v 0.0802659 0.1185117 1.2160075
v 0.0808550 0.1214168 1.1985134
v 0.0656558 0.1430868 1.2010445
v 0.0653621 0.1407087 1.2192947
v 0.0937040 -0.0209415 1.2936852
v 0.0940007 -0.0236085 1.3122513
v 0.0849676 -0.0301812 1.3076741
v 0.0854405 -0.0288760 1.2899508
v 0.1676431 -0.0757237 1.2721297
v 0.1583667 -0.0610344 1.2913728
v 0.1458899 -0.0570986 1.2804233
v 0.1556527 -0.0717241 1.2609443
v 0.1128758 0.1091292 1.1057305
v 0.1203872 0.1051042 1.0841050
v 0.1043861 0.1281000 1.0848405
v 0.0966611 0.1307453 1.1063130
v 0.1466782 -0.0071586 1.3787595
v 0.1602364 0.0051740 1.3895858
v 0.1559749 0.0107847 1.4002674
v 0.1446453 -0.0035997 1.3873059
v 0.1137201 0.0127596 1.2973168
v 0.1157286 0.0080804 1.3106628
v 0.1131938 -0.0030031 1.3156704
v 0.1111739 0.0015369 1.3000350
v 0.0728616 0.1378391 1.2553383
v 0.0783833 0.1313689 1.2732626
v 0.0871393 0.1150518 1.2671099
v 0.0845037 0.1198135 1.2495993
v 0.0821323 0.1203252 1.2328415
v 0.0684485 0.1399459 1.2372936
v 0.1061819 -0.0058712 1.2986696
v 0.1080508 -0.0106891 1.3180026
v 0.1015685 -0.0165069 1.3154299
v 0.1002732 -0.0129911 1.2964631
v 0.0819408 -0.0208593 1.2114878
v 0.0907493 -0.0052496 1.2131027
v 0.1317170 0.0780981 1.0819811
v 0.1242462 0.0834980 1.1038406
v 0.1290353 0.0570912 1.1002531
v 0.1364391 0.0511459 1.0783729
v 0.0849052 0.0072526 1.1935072
v 0.0897498 0.0251132 1.1968079
v 0.0922296 0.0164202 1.2071928
v 0.0858181 0.0009596 1.2041031
v 0.1367855 0.0244508 1.0755919
v 0.1295343 0.0313032 1.0969405
v 0.1280147 0.0061370 1.0944612
v 0.1360082 -0.0015171 1.0716725
v 0.0740111 -0.0372081 1.3223199
v 0.0623591 -0.0441921 1.3156406
v 0.1088281 0.0064313 1.2439895
v 0.1063861 -0.0035230 1.2408847
v 0.1029052 0.0011415 1.2278266
v 0.1065783 0.0116570 1.2326525
v 0.1150153 0.0364334 1.3086418
v 0.1183290 0.0312401 1.3191489
v 0.1220090 0.0076224 1.3325217
v 0.1190583 0.0161862 1.3166057
v 0.1110426 0.1262635 1.0623644
v 0.1279144 0.1015584 1.0618499
v 0.1422484 0.0204735 1.0519010
v 0.1407467 -0.0051260 1.0476076
v 0.1115408 0.0743615 1.3195512
v 0.1121057 0.0636507 1.3214280
v 0.1086727 0.0747992 1.3189796
v 0.1084042 0.0842680 1.3190710
v 0.0662450 -0.0470372 1.2256423
v 0.0730156 -0.0360213 1.2146931
v 0.0825933 -0.0338204 1.2249185
v 0.0769161 -0.0412132 1.2326703
v 0.1011704 0.0205066 1.2217001
v 0.0969105 0.0082270 1.2165136
v 0.0962964 0.0315079 1.2115255
v 0.0530532 -0.0508912 1.2190567
v 0.0607740 -0.0361261 1.2036212
v 0.0497308 -0.0521874 1.3088252
v 0.0515534 -0.0527374 1.2910714
v 0.0481054 -0.0525684 1.3277579
v 0.0457208 -0.0543937 1.3464837
v 0.0331972 -0.0632399 1.3390951
v 0.0351332 -0.0615320 1.3205908
v 0.0427429 -0.0566376 1.3641798
v 0.0305648 -0.0655389 1.3556385
v 0.0337719 -0.0568633 1.3886807
v 0.0324054 -0.0624980 1.3959572
v 0.1156438 0.0226041 1.3040292
v 0.1128760 0.0276982 1.2927070
v 0.1418923 0.0472735 1.0555320
v 0.0409856 0.1145263 1.4244836
v 0.0634511 0.1124712 1.4215217
v 0.0546110 0.1201430 1.4088292
v 0.0324607 0.1231072 1.4110460
v 0.0822979 -0.0019646 1.4233951
v 0.0790359 0.0143004 1.4454261
v 0.1021031 0.1180626 1.3395881
v 0.0998440 0.1172326 1.3340601
v 0.0884861 0.1249672 1.3382511
v 0.0901694 0.1247206 1.3451179
v 0.1138067 0.0903547 1.3180762
v 0.1174288 0.0941417 1.3191047
v 0.1270233 0.0838189 1.3078127
v 0.1229984 0.0807807 1.3070869
v 0.0842693 0.1451723 1.0848372
v 0.0758118 0.1470968 1.1058044
v 0.0107604 0.1749476 1.2447622
v 0.0224854 0.1710970 1.2693811
v 0.0379908 0.1657084 1.2553203
v 0.0300852 0.1688620 1.2327221
v -0.0745271 0.0690230 1.3992759
v -0.0550725 0.0829677 1.4067366
v -0.0599330 0.0911400 1.3942991
v -0.0798597 0.0767779 1.3869172
v -0.0019633 0.1009217 1.4350184
v -0.0273621 0.0896585 1.4274813
v -0.0226501 0.0805711 1.4376088
v 0.0034787 0.0906610 1.4459587
v 0.0161309 0.1136014 1.4246855
v 0.0088708 0.1224605 1.4107430
v 0.0602025 0.1505657 1.2645038
v 0.0686089 0.1436766 1.2818439
v 0.0839579 0.1285810 1.3035638
v 0.0903053 0.1210641 1.3101196
v 0.0943187 0.1105874 1.3043400
v 0.0897442 0.1174313 1.2967229
v 0.0542022 -0.0032070 1.4526931
v 0.0553681 0.0177397 1.4656593
v 0.0454079 0.0098149 1.4700025
v -0.0096520 0.0352124 1.4660083
v 0.0031802 0.0349165 1.4687546
v 0.0046980 0.0440311 1.4661022
v -0.0121552 0.0422162 1.4627034
v -0.0825868 0.1338368 1.3202364
v -0.0849862 0.1441924 1.2875589
v -0.1045256 0.1263481 1.2880263
v -0.1016153 0.1168066 1.3188791
v 0.0933537 0.1201751 1.3200580
v 0.0905189 0.1234549 1.3251666
v 0.0984692 0.1137708 1.3244670
v 0.0993742 0.1104149 1.3199285
v 0.0829814 0.1324796 1.3235043
v 0.0864068 0.1280558 1.3165557
v 0.0788347 0.1361271 1.3108718
v 0.0739474 0.1406718 1.3190611
v 0.0356066 0.1641147 1.2878501
v 0.0509762 0.1567975 1.3020151
v 0.0598971 0.1515728 1.2915205
v 0.0477970 0.1591846 1.2755428
v -0.0927770 0.1331604 1.1846327
v -0.1005787 0.1357861 1.2169882
v -0.0831679 0.1509891 1.2161052
v -0.0772802 0.1488916 1.1830798
v 0.1158986 0.0354937 1.3228796
v 0.1175737 0.0259292 1.3133353
v 0.1147065 0.0116891 1.3205623
v 0.1142596 0.0197130 1.3272337
v 0.1456824 0.0815042 1.3110071
v 0.1497694 0.0811694 1.3158222
v 0.1582358 0.0718161 1.3081081
v 0.1541022 0.0728907 1.3036821
v 0.1226326 0.0254477 1.2890789
v 0.1266358 0.0127961 1.2693535
v 0.1231057 0.0010867 1.2805887
v 0.1194863 0.0144981 1.2986987
v 0.0831659 0.0409082 1.4589969
v 0.0734285 0.0333721 1.4610397
v 0.0883310 0.0194165 1.4451105
v 0.1223376 0.0568412 1.2949620
v 0.1256705 0.0648397 1.2926374
v 0.1337488 0.0541780 1.2748204
v 0.1279964 0.0460225 1.2764262
v 0.1845120 -0.0746381 1.2797023
v 0.1752169 -0.0591292 1.2984159
v 0.1391067 0.0090840 1.2425203
v 0.1299783 0.0232781 1.2611668
v 0.1361217 0.0330326 1.2566435
v 0.1478697 0.0183687 1.2379588
v 0.0257032 0.1698004 1.2096049
v 0.0039690 0.1758446 1.2182631
v 0.0388896 0.1601765 1.0824989
v 0.0299540 0.1618805 1.1037797
v 0.0528478 0.1574433 1.1052048
v 0.0618226 0.1558177 1.0840419
v 0.0908473 0.1438012 1.0627512
v 0.0457656 0.1591795 1.0596985
v 0.0686019 0.1547559 1.0614954
v 0.0337294 -0.0097435 1.4713693
v 0.0383054 0.0005779 1.4715984
v 0.0210827 0.0090263 1.4765839
v 0.0190130 -0.0023217 1.4777768
v 0.1139182 0.1454099 0.9369999
v 0.1362129 0.1222634 0.9386479
v 0.1389754 0.1198973 0.9080183
v 0.1133329 0.1444084 0.9053665
v -0.0189291 0.0108020 1.4735193
v -0.0153635 -0.0009121 1.4776656
v 0.0016797 -0.0004779 1.4790077
v 0.0015005 0.0116297 1.4757362
v 0.1124675 0.1460466 0.9646535
v 0.1327934 0.1240745 0.9640558
v 0.0427462 -0.0209901 1.4552005
v 0.0477397 -0.0114556 1.4553320
v 0.0455265 -0.0318596 1.4381557
v 0.0487235 -0.0231481 1.4360289
v 0.0442079 -0.0449929 1.4237658
v 0.1529304 0.0964901 0.9354174
v 0.1586987 0.0941076 0.9066276
v 0.0189299 -0.0142377 1.4774366
v 0.0037251 -0.0121023 1.4796032
v -0.0103788 -0.0127142 1.4803784
v -0.0234478 -0.0172138 1.4805418
v -0.0368398 -0.0243641 1.4795155
v -0.0275766 -0.0317408 1.4812139
v 0.1170804 0.1234911 1.0412581
v 0.0965330 0.1430481 1.0407554
v 0.0373150 0.1463061 0.7908940
v 0.0493173 0.1335911 0.7739497
v 0.0180530 0.1211970 0.7733764
v 0.0090475 0.1362396 0.7891395
v -0.0483970 0.0957583 0.7957120
v -0.0195410 0.1189218 0.7902449
v -0.0106954 0.1014677 0.7782247
v -0.0394035 0.0770805 0.7845311
v -0.0622075 0.1431354 0.9217422
v -0.0583494 0.1419173 0.9442788
v -0.0350445 0.1592819 0.9443091
v -0.0391804 0.1619133 0.9218426
v 0.0737607 0.1545967 1.0397817
v 0.0507469 0.1591833 1.0375766
v 0.1320243 0.0983181 1.0403093
v 0.1755507 0.0578476 0.7736931
v 0.1726795 0.0550526 0.7423911
v 0.1511247 0.0882651 0.7393573
v 0.1559427 0.0934446 0.7711842
v 0.0896999 0.1183290 0.7337903
v 0.0552727 0.1126174 0.7331405
v 0.0535943 0.1221085 0.7542137
v 0.0886645 0.1275869 0.7593301
v 0.1363497 -0.0293724 1.0435107
v 0.1353219 -0.0310046 1.0187867
v 0.1406298 -0.0072667 1.0238714
v 0.1024086 -0.0867885 1.0294073
v 0.1000019 -0.0875232 1.0059117
v 0.1140540 -0.0713367 1.0098009
v 0.1177546 -0.0704074 1.0344450
v 0.0976032 -0.0853371 0.9011682
v 0.1026344 -0.0809785 0.9241292
v 0.0900404 -0.0912780 0.9242928
v 0.0877872 -0.0922087 0.9036248
v 0.1636738 0.0684726 0.9308204
v 0.1559970 0.0698570 0.9553418
v 0.1566962 0.0387528 0.9496993
v 0.1636779 0.0339639 0.9256777
v -0.0057738 0.0847079 0.7692306
v -0.0290019 0.0573332 0.7794163
v 0.1830240 0.0187260 0.7809050
v 0.1823467 0.0166113 0.7473121
v 0.1758468 -0.0195232 0.7528850
v 0.1750801 -0.0152489 0.7865197
v 0.1545116 -0.0417306 0.7886752
v 0.1544266 -0.0468657 0.7568648
v 0.0668054 -0.0739902 0.8092566
v 0.0606104 -0.0668210 0.8052138
v 0.0872778 -0.0715326 0.8233925
v 0.0913820 -0.0817124 0.8348466
v -0.0619079 0.1235429 0.8319736
v -0.0367544 0.1436265 0.8280086
v -0.0298070 0.1336636 0.8068463
v -0.0566069 0.1126968 0.8136107
v 0.0286201 0.1584938 1.0348484
v 0.0237248 0.1576400 1.0575661
v 0.0035592 0.1524552 1.0559407
v -0.0030233 0.1532227 1.0796051
v 0.0169717 0.1593154 1.0815321
v -0.0401274 0.1716855 1.2385219
v -0.0306202 0.1714654 1.2695340
v -0.0092459 0.1763825 1.2550098
v -0.0175684 0.1766010 1.2281979
v -0.0325468 0.0976084 1.4152380
v -0.0381923 0.1055236 1.4020968
v 0.0210137 0.0976283 0.7383905
v 0.0287012 0.0924132 0.7137996
v 0.0047668 0.0663370 0.7214618
v -0.0079174 0.0632248 0.7526649
v 0.0892081 0.1098323 0.7069291
v 0.1226057 0.1106200 0.7372749
v 0.1193418 0.1033698 0.7077939
v 0.1704584 0.0481937 0.7109066
v 0.1479684 0.0808041 0.7091375
v 0.1748997 -0.0257799 0.7194693
v 0.1528083 -0.0517684 0.7239857
v 0.0638291 -0.0629299 0.7554165
v 0.0598237 -0.0596833 0.7295866
v 0.0895704 -0.0656015 0.7289411
v 0.0926123 -0.0662980 0.7566129
v 0.1259073 -0.0582131 0.8870987
v 0.1298280 -0.0510262 0.8666783
v 0.1469483 -0.0270937 0.8830019
v 0.1437133 -0.0247888 0.9054094
v 0.1163728 -0.0672087 1.0616424
v 0.1046092 -0.0820456 1.0555528
v 0.1324531 -0.0257134 1.0690420
v 0.1259079 -0.0485491 1.0661126
v 0.1290584 -0.0522160 1.0394135
v 0.0884342 -0.0437233 1.1467369
v 0.0947997 -0.0503257 1.1303788
v 0.1052041 -0.0284199 1.1316844
v 0.0992672 -0.0216614 1.1476530
v 0.0918668 -0.0158050 1.1625580
v 0.0806766 -0.0369453 1.1611058
v 0.0622739 -0.0278910 1.1897889
v 0.0759255 -0.0105962 1.1910344
v 0.0753683 -0.0164968 1.2017177
v 0.0365523 -0.0604633 1.3022167
v 0.0385099 -0.0603686 1.2853013
v 0.1702344 0.0602702 0.9018589
v -0.0118452 0.0226566 0.7543542
v -0.0054751 0.0311821 0.7262513
v 0.0007327 -0.0002720 0.7284245
v 0.0005239 -0.0070161 0.7537003
v 0.1469772 0.0985993 0.9594039
v 0.1377671 0.0741907 1.0591868
v 0.1411321 0.0714770 1.0374338
v 0.0919337 0.0884433 1.2149953
v 0.0902251 0.0965895 1.1957762
v 0.0883807 -0.0308428 1.2323269
v 0.0860967 -0.0337974 1.2385988
v 0.1248642 0.1193931 0.7668664
v 0.1713358 -0.0312739 0.6879002
v 0.1489921 -0.0549858 0.6916861
v 0.1446976 -0.0581926 0.6608663
v 0.1673061 -0.0359246 0.6576861
v 0.0343648 -0.0412368 0.7008318
v 0.0350532 -0.0366672 0.6702437
v 0.0556614 -0.0526672 0.6714043
v 0.0573486 -0.0557380 0.7013389
v 0.0371504 -0.0347844 0.6395987
v 0.0373725 -0.0331991 0.6097824
v 0.0553748 -0.0504782 0.6090152
v 0.0566448 -0.0520198 0.6399864
v 0.1802928 0.0109299 0.7145827
v 0.1661386 0.0301883 0.6526570
v 0.1682336 0.0385897 0.6816325
v 0.1772756 0.0033066 0.6838148
v 0.1746327 -0.0031336 0.6538087
v 0.0572125 0.1060066 0.7088572
v 0.0388569 -0.0521227 0.7539068
v 0.0362973 -0.0464489 0.7292337
v 0.0109917 0.0072281 0.6662450
v 0.0046766 0.0041854 0.6980845
v 0.0017059 0.0347467 0.6946183
v 0.0103228 0.0361941 0.6632147
v 0.0944497 0.0935214 0.6540010
v 0.0907096 0.1013569 0.6807390
v 0.1205438 0.0919311 0.6809200
v 0.1225936 0.0827365 0.6540503
v 0.1474044 0.0691302 0.6811256
v 0.1471292 0.0597081 0.6529806
v 0.1621581 0.0135980 0.5961216
v 0.1635353 0.0220205 0.6239817
v 0.1709348 -0.0105984 0.6246516
v 0.1666785 -0.0174497 0.5962867
v 0.1458248 0.0420364 0.5983878
v 0.1461165 0.0509279 0.6257172
v 0.1248200 0.0634400 0.6012508
v 0.1241288 0.0729227 0.6274820
v 0.1008573 0.0739509 0.6032150
v 0.0980643 0.0837781 0.6285549
v 0.0770572 0.0756459 0.6047367
v 0.0719504 0.0840698 0.6292693
v 0.0476050 0.0750625 0.6308255
v 0.0549360 0.0676673 0.6059858
v 0.0373199 0.0525286 0.6070983
v 0.0290420 0.0573563 0.6333657
v 0.0217366 0.0094122 0.6087423
v 0.0174787 0.0087858 0.6367525
v 0.0180790 0.0344556 0.6351451
v 0.0249164 0.0321390 0.6080242
v 0.0355310 0.0173411 0.5039647
v 0.0287459 0.0143584 0.5305127
v 0.0408384 0.0299201 0.5333810
v 0.0477740 0.0304497 0.5080895
v 0.0596338 0.0430776 0.5119713
v 0.0551097 0.0416893 0.5357912
v 0.0699039 0.0513140 0.5375318
v 0.0744770 0.0527632 0.5143674
v 0.1076539 0.0506417 0.5344125
v 0.1113269 0.0520852 0.5111977
v 0.0916990 0.0564937 0.5144594
v 0.0877177 0.0552769 0.5372788
v 0.1293273 0.0428752 0.5299283
v 0.1322005 0.0429707 0.5065608
v 0.1468935 0.0238394 0.5239522
v 0.1456473 0.0216826 0.4989693
v 0.1539973 -0.0050956 0.5172819
v 0.1526989 -0.0057022 0.4919589
v 0.0450851 -0.0416090 0.5204017
v 0.0305729 -0.0253520 0.5242291
v 0.0321505 -0.0176636 0.4965602
v 0.0439443 -0.0346520 0.4921718
v 0.0905813 -0.0615745 0.5139425
v 0.0866377 -0.0513750 0.4847751
v 0.1128476 -0.0602788 0.4855907
v 0.1190886 -0.0691907 0.5134027
v 0.1608151 0.0056151 0.5691894
v 0.1452519 0.0336727 0.5729686
v 0.1255695 0.0543867 0.5768438
v 0.1026472 0.0636986 0.5798793
v 0.0237413 0.0104899 0.5823267
v 0.0304263 0.0316318 0.5827236
v 0.0526024 -0.0490446 0.5785065
v 0.0361485 -0.0322871 0.5806109
v 0.1490628 -0.0583972 0.5405461
v 0.1595820 -0.0319403 0.5407045
v 0.1627895 -0.0249139 0.5682286
v 0.1516052 -0.0518244 0.5696474
v 0.1459618 0.0277544 0.5483887
v 0.1268933 0.0467911 0.5533928
v 0.1051595 0.0548984 0.5570451
v 0.0660628 0.0550379 0.5596286
v 0.0847920 0.0591405 0.5593403
v 0.0504376 0.0447879 0.5589403
v 0.0266055 0.0123657 0.5564273
v 0.0346405 0.0317899 0.5582103
v 0.0488463 -0.0457047 0.5487891
v 0.0333946 -0.0295544 0.5520813
v 0.1397225 -0.0529227 0.4863320
v 0.1543236 -0.0314306 0.4877962
v 0.1570799 -0.0340724 0.5131375
v 0.1460110 -0.0598749 0.5118398
v 0.1323458 -0.0416129 0.4624560
v 0.1100810 -0.0468133 0.4616088
v 0.0788110 0.0586004 0.4921472
v 0.0635055 0.0493382 0.4897621
v 0.0958406 0.0622596 0.4911273
v 0.1469175 0.0216460 0.4728737
v 0.1349688 0.0462292 0.4821397
v 0.1508129 -0.0049885 0.4652230
v 0.1473686 -0.0274535 0.4642047
v 0.0423375 0.0015905 0.4442383
v 0.0521445 -0.0134768 0.4391338
v 0.0487645 -0.0241902 0.4672062
v 0.0390173 -0.0089912 0.4710578
v 0.0412673 0.0343920 0.4552484
v 0.0437440 0.0214062 0.4797462
v 0.0525957 0.0357885 0.4848660
v 0.0485745 0.0511038 0.4615301
v 0.0793912 0.0725754 0.4677218
v 0.0620061 0.0644780 0.4661119
v 0.0990747 0.0754480 0.4678794
v 0.1367195 0.0508841 0.4550019
v 0.1205611 0.0693846 0.4634766
v 0.1163047 0.0592480 0.4889517
v 0.1495700 0.0246211 0.4451507
v 0.1429953 0.0057645 0.4049358
v 0.1513831 0.0319323 0.4150378
v 0.1438688 -0.0043520 0.4347703
v 0.1095818 0.0250091 0.3070172
v 0.1049194 0.0374523 0.2740960
v 0.1227600 0.0486138 0.2785861
v 0.1301867 0.0378869 0.3114113
v 0.0383764 0.0127392 0.4158273
v 0.0509109 -0.0030322 0.4110346
v 0.0445044 0.0665304 0.4349973
v 0.0359922 0.0488235 0.4281392
v 0.1401595 0.0726158 0.3970984
v 0.1231479 0.0925658 0.4059890
v 0.1235599 0.0803623 0.4356634
v 0.1405931 0.0605430 0.4268520
v 0.0391909 0.0289268 0.3173853
v 0.0408894 0.0173317 0.3489650
v 0.0282815 0.0351943 0.3547322
v 0.0273379 0.0455025 0.3225610
v 0.0394326 0.0789665 0.4050484
v 0.0362027 0.0899155 0.3732359
v 0.0265845 0.0719833 0.3669269
v 0.0308462 0.0609265 0.3981811
v 0.1309306 0.0901529 0.3304017
v 0.1153868 0.1094163 0.3376545
v 0.1200240 0.1026233 0.3735636
v 0.1368628 0.0826668 0.3650041
v 0.1410753 0.0162518 0.3748970
v 0.1368088 0.0278899 0.3438457
v 0.1445850 0.0542216 0.3545038
v 0.1491786 0.0434404 0.3854272
v 0.1187925 0.0019551 0.3707319
v 0.1152849 0.0130948 0.3397906
v 0.0362871 0.0686631 0.2535289
v 0.0449273 0.0556026 0.2467910
v 0.0419061 0.0422587 0.2827539
v 0.0318765 0.0571298 0.2889892
v 0.0366581 0.0984881 0.3392773
v 0.0402555 0.1040673 0.3028247
v 0.0315359 0.0885092 0.2985921
v 0.0261946 0.0813214 0.3339176
v 0.1161570 0.1035467 0.2562679
v 0.1024709 0.1180261 0.2616750
v 0.1092810 0.1140391 0.2998064
v 0.1234555 0.0971543 0.2939029
v 0.1149366 0.0605409 0.2432218
v 0.1228215 0.0820875 0.2496107
v 0.1313559 0.0723046 0.2863764
v 0.0991841 0.0499339 0.2392009
v 0.0953012 0.0608282 0.2047143
v 0.1086331 0.0696967 0.2079712
v 0.0393452 0.0789065 0.2187906
v 0.0486325 0.0675555 0.2133936
v 0.0369992 0.1015170 0.2267618
v 0.0357458 0.0953984 0.2621331
v 0.0427851 0.1093284 0.2665091
v 0.0431390 0.1143308 0.2312951
v 0.0718878 0.1264684 0.2664143
v 0.0703397 0.1296624 0.2310947
v 0.0549902 0.1245423 0.2328082
v 0.0561298 0.1207232 0.2681429
v 0.0963757 0.1212310 0.2270670
v 0.0830737 0.1277918 0.2296091
v 0.0877583 0.1258647 0.2653752
v 0.1098224 0.1082969 0.2221270
v 0.1152678 0.0886315 0.2144556
v -0.0063216 -0.0036493 0.7809001
v -0.0102818 0.0102735 0.7734802
v 0.0044917 -0.0156859 0.7715025
v 0.0097892 -0.0261861 0.7814275
v 0.0851352 -0.0640105 0.6684260
v 0.0870656 -0.0645784 0.6996109
v 0.0786506 -0.0634876 0.6062853
v 0.0831507 -0.0645829 0.6369480
v 0.0753411 -0.0613064 0.5757373
v 0.0652917 -0.0525531 0.5153293
v 0.0709064 -0.0575183 0.5455896
v 0.0641461 -0.0446931 0.4869194
v 0.0666271 -0.0345748 0.4605727
v 0.0701866 -0.0238850 0.4333479
v 0.0680899 -0.0038267 0.3768149
v 0.0712811 -0.0127800 0.4062091
v 0.0460556 0.0068192 0.3802682
v 0.0611264 0.0181751 0.3118668
v 0.0640983 0.0060827 0.3448732
v 0.0610726 0.0476830 0.2413846
v 0.0607173 0.0327079 0.2766890
v 0.0635566 0.0608350 0.2085465
v 0.1272241 -0.0537185 0.8109537
v 0.1297424 -0.0494874 0.8321006
v 0.1050613 -0.0637267 0.8195200
v 0.1007320 -0.0642080 0.8025496
v 0.0368995 -0.0543987 0.7960047
v 0.0312118 -0.0488690 0.7950416
v 0.0440939 -0.0584119 0.7979728
v 0.0495749 -0.0640015 0.7994239
v 0.1579287 -0.0010502 0.5431047
v 0.0809856 0.0670620 0.5816748
v 0.0442403 0.0482052 0.5830158
v 0.0613871 0.0606691 0.5824775
v 0.0958602 -0.0696928 0.5429029
v 0.1246012 -0.0714099 0.5418777
v 0.1289563 -0.0684055 0.5711297
v 0.1017661 -0.0693925 0.5728661
v 0.1213434 -0.0084768 0.3976508
v 0.0958348 -0.0144633 0.4009078
v 0.0933894 -0.0027850 0.3728311
v 0.1241925 -0.0186965 0.4224615
v 0.1014877 0.0894120 0.4411937
v 0.0799027 0.0888033 0.4422915
v 0.0564295 0.0938784 0.4106783
v 0.0603978 0.0804588 0.4399694
v 0.0774808 0.1027663 0.4131249
v 0.1111438 -0.0696556 0.6324369
v 0.1064318 -0.0699165 0.6027198
v 0.1339026 -0.0642712 0.6005217
v 0.1393030 -0.0615837 0.6305375
v 0.0201596 0.1622070 1.1244500
v 0.0424717 0.1581748 1.1250416
v 0.1055912 0.0426625 1.2364646
v 0.1039606 0.0322839 1.2278100
v 0.0980649 0.0466074 1.2182121
v 0.0991441 0.0614020 1.2273745
v 0.1005782 0.0701251 1.2380421
v 0.1061612 0.0499633 1.2458967
v 0.1003482 0.0740065 1.2500461
v 0.1053195 0.0540253 1.2560694
v 0.1087254 0.0552580 1.3069363
v 0.1122222 0.0503007 1.3149295
v 0.0461220 -0.0434042 1.1860958
v 0.0554582 -0.0486773 1.1733537
v 0.0713566 -0.0312426 1.1753445
v 0.1269961 -0.0542894 1.0142225
v 0.1291650 -0.0470733 0.9238643
v 0.1155435 -0.0671321 0.9234403
v 0.1099161 -0.0733914 0.8970389
v 0.0771398 -0.0855847 0.8344165
v 0.0641352 -0.0824347 0.8200693
v 0.0490491 -0.0690880 0.8040536
v 0.0371218 -0.0587125 0.7972421
v -0.0585891 0.1602022 1.1802778
v -0.0631499 0.1623265 1.2132190
v -0.0699732 0.0608900 1.4102456
v -0.0494159 0.0748718 1.4178069
v -0.0412509 0.0592240 1.4370824
v -0.0618281 0.0458103 1.4290718
v -0.0579494 0.0381807 1.4375442
v -0.0380629 0.0508428 1.4447097
v -0.0320523 -0.0064534 1.4769690
v -0.0382090 0.0043850 1.4699323
v 0.0183742 -0.0362488 0.7944264
v 0.0106186 -0.0280599 0.7915625
v 0.0245029 -0.0428799 0.7931657
v 0.0674918 -0.0649587 0.7774533
v 0.0724641 -0.0672474 0.7942850
v 0.0457073 -0.0585647 0.7878127
v 0.0431290 -0.0565782 0.7736478
v 0.1598102 0.0951894 0.8047373
v 0.1789415 0.0570062 0.8067877
v 0.0207851 0.1077080 0.7572517
v 0.1745452 -0.0165033 1.2037066
v 0.1611636 0.0017380 1.2208136
v 0.1745394 0.0075655 1.2205261
v 0.1876890 -0.0123092 1.2039535
v -0.0590539 0.1472026 1.3243741
v -0.0556480 0.1589961 1.2904018
v 0.0539871 -0.0152426 1.4319381
v 0.1130140 0.0236386 1.4383150
v 0.0995260 0.0224614 1.4423876
v 0.1027985 0.0042650 1.4228402
v 0.1128328 0.0045805 1.4201318
v 0.0911440 0.1028763 1.4293919
v 0.0725406 0.1042921 1.4336573
v 0.0813095 0.0899152 1.4451952
v 0.0976413 0.0886317 1.4400309
v -0.0427082 0.1618344 0.8965595
v -0.0653722 0.1421781 0.8978120
v -0.0507508 0.1359690 1.1017525
v -0.0601607 0.1394152 1.1259944
v -0.0422911 0.1507539 1.1250462
v -0.0322818 0.1485763 1.1011827
v -0.0260179 0.1630813 1.3109041
v -0.0116133 0.1702854 1.2915902
v 0.0483289 -0.0577110 1.2333777
v 0.0617716 -0.0519710 1.2376656
v 0.0582637 -0.0535177 1.2491517
v 0.0450854 -0.0606699 1.2452755
v 0.1826422 0.0343486 1.2591232
v 0.1738586 0.0296158 1.2432337
v 0.1571873 0.0458777 1.2604380
v 0.1630117 0.0514189 1.2702240
v 0.0834368 0.1382512 0.7830323
v 0.1239717 0.1281484 0.8022001
v 0.0520342 0.1573751 1.1627092
v 0.0571205 0.1527355 1.1436327
v 0.0338583 0.1618796 1.1443578
v 0.0286529 0.1672922 1.1643420
v 0.0483002 0.1572156 1.2244266
v 0.0464504 0.1587227 1.2042542
v 0.0536434 0.1553718 1.2447313
v 0.1115703 0.0846452 1.3181178
v 0.1068862 0.0932299 1.3202184
v 0.1063293 0.0991088 1.3221987
v 0.0963806 -0.0643552 0.7819876
v 0.1104440 -0.0670913 0.8456708
v 0.1094217 -0.0752683 0.8593959
v 0.0255818 -0.0444930 0.7947547
v 0.0274315 -0.0489454 0.7948965
v 0.0446783 -0.0543687 1.4273314
v 0.0444324 -0.0412199 1.4401125
v 0.1242232 0.0360623 1.2815093
v 0.1200810 0.0478147 1.2995669
v 0.0990857 0.1041028 1.3100134
v 0.1042313 0.0958229 1.3142064
v 0.1060643 0.0835708 1.3132499
v 0.1015346 0.0901837 1.3071544
v 0.0961344 0.1138580 1.3142840
v 0.1019005 0.1046295 1.3164159
v 0.1094028 -0.0141690 1.3354258
v 0.1116931 -0.0172939 1.3535763
v 0.1039189 -0.0211095 1.3556967
v 0.1028548 -0.0195516 1.3364183
v 0.0939969 -0.0246639 1.3330187
v 0.0944399 -0.0248735 1.3548279
v 0.0841464 -0.0310420 1.3511082
v 0.0846821 -0.0312368 1.3283948
v 0.0574948 -0.0263151 1.4073652
v 0.0491355 -0.0427059 1.3917538
v 0.0383833 -0.0563393 1.3793042
v 0.0275001 -0.0666267 1.3696701
v -0.0428735 0.0153034 1.4627800
v -0.0198313 0.0251993 1.4672411
v -0.0297003 0.0342192 1.4587152
v -0.0486770 0.0232053 1.4538267
v -0.0676028 0.0108670 1.4483075
v -0.0621102 0.0027660 1.4579503
v 0.0400913 -0.0588333 1.4112776
v 0.0338345 -0.0714879 1.4012850
v 0.0259577 -0.0737268 1.3877331
v 0.2012980 -0.0682307 1.2806525
v 0.1923742 -0.0523475 1.2994518
v 0.0319199 -0.0215622 1.4693514
v 0.0408716 -0.0305570 1.4552307
v 0.2149763 -0.0566470 1.2765276
v 0.2063509 -0.0407721 1.2957544
v 0.0948659 -0.0106659 1.3989784
v 0.1040591 -0.0074410 1.3999494
v 0.0920638 0.0023578 1.4236339
v 0.0417190 -0.0677664 1.4153419
v 0.0354248 -0.0801268 1.4061838
v 0.1631551 0.0924302 0.8388737
v 0.1791658 0.0553181 0.8388879
v 0.1038530 0.1132649 1.1252799
v 0.1155657 0.0890983 1.1232789
v 0.0562827 -0.0782271 1.1428294
v 0.0633799 -0.0830414 1.1262113
v 0.0810164 -0.0687548 1.1282931
v 0.0736998 -0.0622595 1.1452616
v 0.0286704 -0.0585693 1.1825864
v 0.0371400 -0.0640742 1.1704543
v 0.0190205 -0.1059111 1.4018570
v 0.1095936 -0.0629314 1.0885352
v 0.1011343 -0.0566310 1.1113974
v 0.0873252 -0.0744343 1.1075649
v 0.0952305 -0.0807469 1.0819927
v 0.0939778 -0.0911102 1.0528998
v 0.0946819 -0.0936426 1.0387633
v 0.0941413 -0.0890380 0.8824466
v 0.0863079 -0.0940677 0.8845445
v 0.1380784 -0.0279772 1.3388385
v 0.1543914 -0.0260172 1.3481313
v 0.1499414 -0.0187992 1.3604648
v 0.1354107 -0.0214918 1.3492202
v 0.1250753 -0.0188615 1.0933630
v 0.1190933 -0.0425583 1.0922526
v 0.1111002 0.0415318 1.2979126
v 0.1048713 0.0607408 1.2973570
v 0.0416420 -0.0462479 1.1990949
v 0.0729440 -0.0445123 1.2429892
v 0.0699025 -0.0457006 1.2536404
v 0.0828859 -0.0357163 1.2488977
v 0.0801215 -0.0365552 1.2587688
v 0.0175903 -0.0381283 0.7934984
v 0.0168934 -0.0337283 0.7970005
v 0.1779783 0.0587266 1.3360982
v 0.1741920 0.0617566 1.3279356
v 0.1656692 0.0737605 1.3374616
v 0.1702395 0.0699289 1.3460943
v 0.0174571 -0.0331173 0.7538440
v 0.0219218 -0.0389455 0.7712879
v -0.0176588 0.0340272 0.7776913
v -0.0171213 0.0098411 0.7818522
v -0.0261198 0.0143937 0.7892858
v -0.0337971 0.0220215 0.7898203
v 0.1221113 -0.0646085 0.7256161
v 0.1247893 -0.0613188 0.7575101
v 0.1189641 -0.0664439 0.6943093
v 0.1155882 -0.0687044 0.6629464
v 0.0886932 -0.0401422 0.4584541
v 0.0977172 -0.0282566 0.4302754
v 0.0898928 0.0082024 0.3413767
v 0.0862150 0.0200736 0.3085252
v 0.0830943 0.0336110 0.2737910
v 0.0800653 0.0588672 0.2052924
v 0.0803401 0.0469517 0.2383863
v 0.2238910 -0.0455567 1.2670602
v 0.2284964 -0.0353640 1.2541042
v 0.2180119 -0.0157325 1.2734464
v 0.2142042 -0.0269220 1.2874170
v 0.1335679 -0.0015836 1.2515624
v 0.1435233 -0.0163296 1.2345242
v 0.1390275 -0.0277361 1.2446961
v 0.1299596 -0.0132530 1.2626709
v 0.1546474 -0.0319298 1.2165663
v 0.1504793 -0.0061167 1.2261508
v 0.1633497 -0.0230345 1.2085958
v 0.2018921 -0.0112511 1.2101242
v 0.1879927 0.0097040 1.2262593
v 0.1998963 0.0085141 1.2373418
v 0.2136677 -0.0137081 1.2190399
v 0.2281624 -0.0264380 1.2409807
v 0.2228981 -0.0191998 1.2289739
v 0.2110728 0.0010731 1.2472919
v 0.2172639 -0.0080703 1.2594183
v 0.1488285 -0.0639329 1.2492758
v 0.1386341 -0.0493117 1.2683590
v 0.1369945 -0.0392908 1.2562098
v 0.1468278 -0.0539503 1.2376701
v 0.1713094 -0.0171572 1.3521445
v 0.1661769 -0.0092600 1.3668537
v 0.1163843 0.0290573 1.3267949
v 0.1140345 0.0264492 1.3310504
v 0.1174829 0.0061868 1.3356452
v 0.1207928 0.0102290 1.3351195
v 0.1662520 -0.0446996 1.3168849
v 0.1841665 -0.0378885 1.3177682
v 0.1768375 -0.0261730 1.3360932
v 0.1596179 -0.0338307 1.3334961
v 0.1296574 -0.0357303 1.2861492
v 0.1207643 -0.0236858 1.3029908
v 0.1202527 -0.0119915 1.2917907
v 0.1279675 -0.0251425 1.2741981
v 0.1451204 0.0408759 1.2566249
v 0.1597721 0.0254264 1.2381904
v 0.1220597 -0.0159041 1.3372217
v 0.1239128 -0.0234454 1.3275057
v 0.1077450 0.0464834 1.2878223
v 0.0978450 0.0956174 1.3001138
v 0.0943832 0.1021690 1.2911941
v 0.1083640 0.0214397 1.2366911
v 0.1103017 0.0151246 1.2453840
v 0.0944023 0.0950356 1.2631559
v 0.0941951 0.0974561 1.2477810
v 0.1103974 0.0221455 1.2459500
v 0.1092378 0.0295755 1.2423713
v 0.0912947 0.0081490 1.1797071
v 0.0253902 -0.0684388 1.3798390
v 0.1288629 -0.0324690 1.3146866
v 0.1427534 -0.0362669 1.3252264
v 0.1491100 0.0631671 1.2823000
v 0.1419321 0.0595446 1.2766890
v 0.1305989 0.0706417 1.2929484
v 0.1370583 0.0736060 1.2947876
v 0.0261014 0.1569394 1.3368544
v 0.0338065 0.1593814 1.3244473
v 0.0098117 0.1654688 1.3099386
v -0.0010613 0.1625712 1.3249029
v 0.1853827 0.0466647 1.3457793
v 0.1792053 0.0562237 1.3585580
v 0.1825658 0.0432566 1.3633173
v 0.1887860 0.0334837 1.3487018
v 0.1832375 0.0265203 1.3673225
v 0.1792301 0.0070929 1.3693097
v 0.1840139 -0.0020685 1.3530737
v 0.1890094 0.0167031 1.3511805
v 0.1393434 0.1185423 0.8749652
v 0.1118118 0.1435892 0.8755073
v 0.1431671 0.0180703 1.0285535
v 0.1441017 0.0447496 1.0325872
v 0.1422495 -0.0216083 0.9317337
v 0.0559631 -0.0642784 0.8014687
v 0.0831917 -0.0706276 0.8146833
v 0.0160338 -0.0265108 0.7286297
v 0.1608726 0.0928269 0.8714186
v 0.0205530 -0.0171509 0.6685332
v 0.0171922 -0.0212285 0.6994667
v 0.0213373 0.0626144 0.6601723
v 0.0129769 0.0658190 0.6895287
v 0.0349648 0.0871200 0.6850924
v 0.0406237 0.0817429 0.6572546
v 0.0616252 0.0995841 0.6821646
v 0.0661782 0.0923616 0.6548900
v 0.1555228 -0.0448709 0.5991477
v 0.0535578 0.1047160 0.3776267
v 0.0734408 0.1193928 0.3434238
v 0.0531965 0.1119460 0.3423783
v 0.0750347 0.1130350 0.3800050
v 0.1004596 0.1021376 0.4116405
v 0.0979476 0.1121256 0.3787814
v 0.1384415 0.0623980 0.3211991
v 0.0548390 0.1167565 0.3053525
v 0.0729348 0.1237437 0.3048421
v 0.0954850 0.1185598 0.3422299
v 0.0920086 0.1231049 0.3038877
v 0.0265210 -0.0451852 0.7838429
v -0.0435881 0.0353438 0.7893447
v 0.1814617 0.0220381 0.8413245
v 0.1839155 0.0210022 0.8113088
v 0.1304311 -0.0482386 0.8494673
v 0.1494000 -0.0291445 0.8615273
v 0.1225055 0.0387405 1.1164105
v 0.1205734 0.0141965 1.1146315
v 0.1076567 0.0495163 1.1521773
v 0.1147100 0.0455041 1.1343615
v 0.1132107 0.0693729 1.1384947
v 0.1054006 0.0732089 1.1557153
v 0.0889227 0.1204799 1.1609049
v 0.0951024 0.1168398 1.1430117
v 0.0782105 0.1369463 1.1431958
v 0.0724308 0.1416063 1.1620544
v 0.0659534 0.1492358 1.1254198
v 0.0873039 0.1343059 1.1254834
v -0.0308873 0.1615833 1.1489157
v -0.0378143 0.1672916 1.1764352
v -0.0167193 0.1709630 1.1720547
v -0.0100430 0.1653393 1.1471893
v 0.1028158 -0.0823225 0.8733005
v 0.0375811 -0.0538839 0.7961639
v 0.1266075 -0.0578337 0.7864163
v 0.1534787 -0.0354722 0.8162800
v 0.1742049 -0.0100467 0.8153452
v 0.1189575 0.0374908 1.3061741
v 0.0777289 0.1331242 1.3392480
v 0.0771482 0.1314048 1.3480007
v 0.1901169 -0.0125231 1.3355134
v 0.1955557 0.0062153 1.3331250
v 0.1155508 -0.0132017 1.3171104
v 0.1473366 -0.0123793 1.3702681
v 0.1340858 -0.0115781 1.3644829
v 0.1336693 -0.0156373 1.3577244
v 0.1563440 0.0042257 0.9174231
v 0.1620452 -0.0003678 0.8919788
v 0.1718781 0.0290092 0.8974374
v -0.0094019 -0.0039074 0.7863866
v -0.0147695 0.0005992 0.7890074
v 0.1097850 -0.0641411 0.8329944
v 0.0253145 -0.0131919 0.6094098
v 0.0236641 -0.0151762 0.6384946
v 0.0255351 -0.0119224 0.5819820
v 0.0246387 -0.0094765 0.5550515
v 0.0245940 -0.0050402 0.5277187
v 0.0293845 0.0011603 0.5012102
v 0.0373650 0.0073224 0.4760040
v 0.0388171 0.0180386 0.4499122
v 0.0327480 0.0242862 0.3856274
v 0.0341324 0.0307161 0.4219011
v 0.0286690 0.0426893 0.3918906
v 0.0240412 0.0534778 0.3606377
v 0.0290028 0.0729735 0.2940318
v 0.0237638 0.0635754 0.3285950
v 0.0340348 0.0822898 0.2589009
v 0.0362756 0.0898107 0.2228487
v 0.0102518 -0.0272234 0.7927174
v 0.0006033 -0.0155368 0.7900812
v 0.0838043 -0.0153899 1.3970922
v 0.1043552 0.0731819 1.3066607
v 0.1080461 0.0681681 1.3133584
v 0.1134698 -0.0051455 1.3274869
v -0.0551879 0.0519977 0.7941653
v -0.0658967 0.0687135 0.8036935
v 0.2045779 0.0122570 1.2760822
v 0.2069898 0.0048118 1.2909280
v 0.1159254 0.0012734 1.3083718
v 0.1126747 0.0477063 1.3231911
v 0.1126024 0.0433715 1.3278555
v 0.2250749 -0.2031979 1.2375199
v 0.2182528 -0.2218003 1.2391160
v 0.2286941 -0.2243605 1.2337860
v 0.2359851 -0.2053611 1.2311701
v 0.2122961 -0.2005082 1.2388538
v 0.2063686 -0.2189713 1.2393849
v 0.1767214 -0.1972562 1.1884592
v 0.1765443 -0.2181174 1.1898006
v 0.1764247 -0.2156220 1.2031595
v 0.1773351 -0.1948312 1.2027893
v 0.1903095 -0.2347560 1.2356986
v 0.1950944 -0.2162702 1.2353854
v 0.1862148 -0.2145564 1.2269986
v 0.1827277 -0.2337518 1.2272291
v 0.1946816 -0.2035190 1.1658467
v 0.1934870 -0.1825957 1.1629312
v 0.2076661 -0.1845451 1.1589643
v 0.2084137 -0.2053441 1.1634287
v 0.1832790 -0.1175824 1.1929380
v 0.1833764 -0.1065471 1.1963881
v 0.1815823 -0.1054609 1.1823948
v 0.1819142 -0.1181606 1.1787460
v 0.2380681 -0.1649646 1.2351182
v 0.2314900 -0.1840031 1.2362452
v 0.2425745 -0.1856281 1.2283536
v 0.2486979 -0.1654563 1.2251030
v 0.1968483 -0.1559844 1.2277194
v 0.2014251 -0.1368958 1.2273286
v 0.1913968 -0.1343790 1.2159193
v 0.1871818 -0.1537391 1.2153830
v 0.2530081 -0.1448148 1.2206206
v 0.2447287 -0.1457347 1.2332161
v 0.1897165 -0.1950610 1.2271274
v 0.1928520 -0.1755386 1.2275579
v 0.1841458 -0.1736537 1.2157088
v 0.1822225 -0.1939947 1.2157512
v 0.1947390 -0.2434043 1.1751092
v 0.1952272 -0.2236734 1.1701296
v 0.2080565 -0.2251691 1.1687371
v 0.2067336 -0.2448727 1.1748439
v 0.1781213 -0.2341759 1.2162773
v 0.1802248 -0.2142065 1.2159086
v 0.1753565 -0.2357641 1.2042031
v 0.2319016 -0.2468774 1.2148992
v 0.2387482 -0.2271994 1.2089826
v 0.2355543 -0.2260772 1.2230053
v 0.2283811 -0.2452062 1.2274063
v 0.1783254 -0.1547857 1.1883969
v 0.1770877 -0.1757930 1.1881496
v 0.1788699 -0.1739620 1.2023441
v 0.1809324 -0.1534038 1.2022542
v 0.2239611 -0.1622578 1.2388485
v 0.2181601 -0.1813980 1.2387607
v 0.2451668 -0.2072864 1.2029869
v 0.2505110 -0.1866044 1.1970787
v 0.2481442 -0.1859039 1.2141307
v 0.2423290 -0.2061574 1.2188600
v 0.2481676 -0.1650846 1.1744855
v 0.2459351 -0.1863767 1.1810365
v 0.2353348 -0.1857717 1.1690731
v 0.2360639 -0.1642951 1.1630044
v 0.1814425 -0.1362916 1.1754671
v 0.1804590 -0.1344220 1.1902949
v 0.1915376 -0.1608519 1.1614034
v 0.1893669 -0.1390179 1.1608255
v 0.2041717 -0.1407584 1.1528504
v 0.2065182 -0.1629917 1.1555885
v 0.2236310 -0.1139273 1.2366459
v 0.2203104 -0.1241754 1.2365117
v 0.2361415 -0.1269093 1.2375529
v 0.2397539 -0.1141298 1.2361145
v 0.2492897 -0.1272745 1.2299128
v 0.2524035 -0.1122845 1.2272881
v 0.2547795 -0.0850168 1.2142369
v 0.2568898 -0.0945673 1.2117327
v 0.2559489 -0.0874490 1.1971338
v 0.2532375 -0.0777763 1.2006520
v 0.2494806 -0.1203206 1.1605480
v 0.2495580 -0.1428694 1.1671483
v 0.2354971 -0.1418716 1.1567464
v 0.2337681 -0.1182085 1.1511910
v 0.2130872 -0.0984426 1.1476450
v 0.2172332 -0.1179351 1.1484208
v 0.2013494 -0.1191164 1.1521234
v 0.1976322 -0.1021524 1.1541014
v 0.1870045 -0.0521722 1.1780366
v 0.1944283 -0.0644904 1.1681282
v 0.1829903 -0.0700029 1.1747472
v 0.1765942 -0.0590188 1.1842377
v 0.1719031 -0.0841376 1.1983211
v 0.1741888 -0.0911361 1.2104927
v 0.1677895 -0.0851571 1.2186112
v 0.1660737 -0.0764578 1.2066294
v 0.2195894 -0.0921898 1.2482651
v 0.2233402 -0.0964839 1.2426200
v 0.2387676 -0.0909849 1.2399758
v 0.2343777 -0.0835054 1.2447988
v 0.2479554 -0.1006709 1.1562748
v 0.2302643 -0.0953214 1.1473020
v 0.1768549 -0.0902745 1.1925199
v 0.1801029 -0.0973017 1.1871579
v 0.1820605 -0.1005004 1.2010443
v 0.1789588 -0.0953338 1.2053534
v 0.1958850 -0.1017216 1.2264862
v 0.1974552 -0.1049310 1.2225524
v 0.2098070 -0.1058556 1.2313102
v 0.2089580 -0.1020892 1.2339809
v 0.2247259 -0.1008060 1.2391764
v 0.2250239 -0.1061234 1.2373631
v 0.2408810 -0.1044714 1.2360922
v 0.2403685 -0.0972915 1.2376835
v 0.2460421 -0.0881048 1.1570709
v 0.2416567 -0.0780965 1.1600299
v 0.2490501 -0.0792576 1.1715876
v 0.2531027 -0.0890315 1.1699186
v 0.1933918 -0.0899548 1.1590161
v 0.2073826 -0.0857829 1.1529075
v 0.1980671 -0.1106001 1.2188792
v 0.1882046 -0.1035668 1.2131536
v 0.1895341 -0.1087116 1.2086295
v 0.2524526 -0.1005097 1.2268666
v 0.1985194 -0.0481348 1.1757885
v 0.1882654 -0.0343744 1.1872976
v 0.2008506 -0.0313048 1.1884696
v 0.2104855 -0.0451793 1.1767759
v 0.1764477 -0.0399313 1.1902849
v 0.1670766 -0.0471815 1.1978311
v 0.1595110 -0.0767449 1.2314554
v 0.1577662 -0.0675508 1.2196680
v 0.1665768 -0.0840872 1.2428287
v 0.1751161 -0.0926884 1.2297952
v 0.1863150 -0.0968738 1.2393082
v 0.1776882 -0.0882583 1.2533942
v 0.2107786 -0.0805964 1.2622763
v 0.2252356 -0.0713495 1.2579719
v 0.2426678 -0.0748813 1.2355519
v 0.2341258 -0.0618328 1.2479759
v 0.1748109 -0.0768793 1.1859646
v 0.1795721 -0.0849969 1.1788454
v 0.2424114 -0.2074430 1.1872906
v 0.2376306 -0.2278769 1.1942671
v 0.2301203 -0.2270404 1.1820972
v 0.2334791 -0.2067430 1.1753553
v 0.2201032 -0.2261073 1.1732198
v 0.2174379 -0.2457069 1.1800143
v 0.2045306 -0.1786336 1.2356849
v 0.2000598 -0.1976114 1.2354944
v 0.2001397 -0.2367867 1.2407656
v 0.2088500 -0.1124928 1.2289672
v 0.2060073 -0.1216452 1.2277904
v 0.2498619 -0.0729387 1.1877765
v 0.2462269 -0.0634555 1.1933002
v 0.2500869 -0.0689188 1.2055800
v 0.2573641 -0.1025859 1.1725554
v 0.2583511 -0.1002229 1.1928815
v 0.2580777 -0.1221961 1.1986258
v 0.2586992 -0.1208618 1.1784003
v 0.2362005 -0.0680445 1.1650474
v 0.2301759 -0.0573772 1.1725660
v 0.2396586 -0.0592976 1.1822018
v 0.2446134 -0.0696281 1.1756683
v 0.2019465 -0.0966561 1.2457857
v 0.2066092 -0.0995925 1.2384311
v 0.2387574 -0.0442415 1.2240607
v 0.2386719 -0.0534518 1.2352498
v 0.2461599 -0.0666471 1.2242416
v 0.2454445 -0.0586454 1.2131988
v 0.2512142 -0.0762356 1.2181346
v 0.2335786 -0.0368073 1.2131833
v 0.2413954 -0.0519914 1.2015678
v 0.1931026 -0.0873444 1.2607864
v 0.2229296 -0.0448664 1.1822964
v 0.2139275 -0.0301369 1.1945815
v 0.2252122 -0.0321775 1.2031357
v 0.2332784 -0.0472921 1.1913029
v 0.2217935 -0.2059554 1.1671919
v 0.2223519 -0.1850449 1.1618264
v 0.1852106 -0.1041278 1.1663449
v 0.1871323 -0.1189258 1.1626740
v 0.1828940 -0.0936858 1.1720409
v 0.1827582 -0.2004272 1.1747377
v 0.1832860 -0.2211279 1.1774548
v 0.1810510 -0.1575972 1.1734009
v 0.1818855 -0.1791522 1.1736853
v 0.2544360 -0.1652437 1.1909383
v 0.2131583 -0.0720099 1.1576161
v 0.2201798 -0.0814707 1.1508414
v 0.2011964 -0.0754336 1.1595627
v 0.1607896 -0.0568303 1.2084687
v 0.1688399 -0.0672960 1.1946128
v 0.2367533 -0.0851662 1.1506865
v 0.1496888 -0.0426143 1.2263158
v 0.2579630 -0.1072849 1.2113377
v 0.2478438 -0.0839337 1.2304315
v 0.2509451 -0.0919753 1.2280414
v 0.2214940 -0.2427253 1.2371129
v 0.2094008 -0.1592308 1.2359687
v 0.1965922 -0.1196816 1.2163510
v 0.1882229 -0.1183460 1.2052013
v 0.2068613 -0.0613767 1.1656891
v 0.2183409 -0.0584680 1.1662969
v 0.2247130 -0.0695265 1.1586889
v 0.1816663 -0.0973115 1.2218304
v 0.1919552 -0.1006509 1.2310991
v 0.1837023 -0.2410158 1.1809502
v 0.1852043 -0.0995505 1.2171611
v 0.2565563 -0.1252585 1.2152494
v -0.0657289 0.0533441 1.4200218
v -0.0887401 0.0465888 1.4055536
v -0.0849091 0.0395966 1.4151400
v 0.0933355 0.0950710 1.2327975
v 0.0924876 0.0436561 1.2006442
v 0.0938254 0.0639312 1.2057754
v 0.1011997 0.0780587 1.2984957
v 0.0979431 0.0843344 1.2885386
v 0.1113931 0.0548983 1.3234812
v 0.1096756 0.0625503 1.3205468
v 0.1001639 0.0740073 1.2631979
v 0.1042261 -0.0982108 1.5524955
v 0.1013707 -0.0928222 1.5468344
v 0.1079019 -0.1022456 1.5647246
v 0.0898060 -0.0898652 1.0676352
v 0.0845182 -0.1016454 1.0370258
v 0.0849255 -0.1028318 1.0226240
v 0.1029773 -0.1063834 1.5317789
v 0.1001005 -0.1005787 1.5283597
v 0.1045453 -0.1036383 1.5295301
v 0.1035943 -0.1088012 1.5326993
v 0.1029694 -0.1083404 1.5319497
v 0.1106099 -0.1126699 1.5636229
v 0.0978647 -0.0896081 1.5396899
v 0.0938192 -0.0886694 1.5309676
v 0.1077287 -0.1132217 1.5487961
v -0.0297727 0.1347285 1.0292987
v -0.0290042 0.1400348 1.0088064
v -0.0504657 0.1250097 1.0080298
v -0.0496511 0.1200672 1.0277899
v -0.0763490 0.1126609 0.9905276
v -0.0729573 0.1072932 1.0086846
v -0.0522760 0.1320555 0.9872319
v 0.0602645 0.1741294 0.9542853
v 0.0589996 0.1704840 0.9778350
v 0.0850638 0.1610649 0.9824621
v 0.0876542 0.1630061 0.9597495
v 0.1050061 0.1439476 1.0036215
v 0.1092260 0.1457856 0.9850545
v 0.0814589 0.1583643 1.0023794
v 0.1250539 0.1222437 1.0031940
v 0.1288753 0.1233770 0.9845112
v 0.1382999 0.0977476 1.0005008
v 0.1421116 0.0987112 0.9806558
v 0.1503461 0.0718371 0.9758291
v 0.1527894 0.0422309 0.9714498
v 0.1518839 0.0090482 0.9411553
v 0.1484832 0.0114006 0.9642377
v 0.1413410 -0.0165094 0.9564791
v 0.1304519 -0.0421499 0.9509908
v 0.1185883 -0.0629567 0.9486923
v 0.1055743 -0.0781819 0.9479298
v 0.0923263 -0.0905929 0.9469562
v 0.0793431 -0.0990339 0.9459568
v 0.0788933 -0.0981900 0.9240968
v 0.0836014 -0.0270805 1.3735739
v 0.0391928 0.0309181 1.4712237
v 0.0644661 0.0253771 1.4628577
v 0.0483489 0.0402580 1.4676823
v 0.0500429 0.1063703 1.4358945
v 0.0239358 0.1062865 1.4368113
v 0.0313539 0.0947309 1.4477588
v 0.0597263 0.0913106 1.4478284
v 0.0223687 0.0404164 1.4691706
v 0.0168253 0.0332138 1.4707004
v 0.0281812 0.0510715 1.4667387
v 0.0068386 0.0545717 1.4630944
v -0.0139169 0.0511074 1.4581077
v 0.1100602 0.0466666 1.4498325
v 0.1251813 0.0462495 1.4419607
v 0.1187064 0.0686917 1.4421513
v 0.1042269 0.0700325 1.4488035
v 0.0837091 0.1125906 1.4169423
v 0.1003254 0.1099978 1.4121057
v 0.0933397 0.1169231 1.4000489
v 0.0756074 0.1193515 1.4043032
v 0.1608633 0.0305203 1.4081018
v 0.1682673 0.0232210 1.3955444
v 0.1688061 0.0439052 1.3963249
v 0.1588368 0.0512366 1.4102220
v 0.1064058 0.0978869 1.4248779
v -0.0324133 0.1527628 1.3347142
v -0.0066657 0.1561939 1.3428538
v 0.0193429 0.1533902 1.3499553
v 0.0776119 0.1301015 1.3569663
v 0.0635791 0.1407290 1.3471550
v 0.0631059 0.1375351 1.3578467
v 0.0920528 0.1240711 1.3543112
v 0.1037484 0.1188069 1.3488062
v 0.1347124 -0.0101864 1.3701564
v 0.1270332 -0.0067410 1.3507175
v 0.1241396 -0.0070738 1.3485926
v 0.1245471 0.1013586 1.3298256
v 0.1225134 0.0992861 1.3250940
v 0.1124971 0.1078397 1.3314529
v 0.1145009 0.1097116 1.3360172
v 0.0952687 0.0449795 1.4550566
v 0.1657033 0.0623019 1.3926217
v 0.1624355 0.0741054 1.3834244
v 0.1502534 0.0826949 1.3969542
v 0.1542463 0.0696256 1.4059089
v 0.1563228 0.0852519 1.3769201
v 0.1502284 0.0928819 1.3695379
v 0.1379619 0.1012991 1.3797129
v 0.1442266 0.0940076 1.3888864
v 0.1293540 0.1012860 1.3343497
v 0.1160584 0.1113517 1.3426475
v 0.1629712 -0.0010559 1.3792652
v 0.1391334 0.0181602 1.4228644
v 0.1269905 0.0209013 1.4319121
v 0.1239446 0.0017998 1.4141250
v 0.1323607 0.0015660 1.4061809
v 0.1157477 0.0482631 1.3181973
v 0.1170399 0.0578753 1.3140266
v 0.1171515 0.0684342 1.3098741
v 0.1076380 0.1032974 1.3252233
v 0.1198894 0.0752998 1.3073589
v 0.1139165 0.0018693 1.3329759
v 0.1218785 -0.0111235 1.3436291
v 0.1193468 -0.0085843 1.3922428
v 0.1264149 -0.0093958 1.3853418
v 0.1744131 0.0157335 1.3829467
v 0.1770724 0.0362484 1.3819360
v 0.1427990 0.0796748 1.3058543
v 0.1327929 0.0887027 1.3146189
v 0.1353358 0.0909863 1.3195810
v 0.0985185 0.1156384 1.3293424
v 0.1095660 0.1058865 1.3272025
v 0.1387219 0.0431872 1.4321568
v 0.1713678 0.0663208 1.3698182
v 0.1749156 0.0539989 1.3772803
v 0.1305507 0.1009886 1.3986064
v 0.1156810 0.1063206 1.4063864
v 0.1212975 0.0961619 1.4176226
v 0.1361894 0.0907302 1.4082219
v 0.1555120 0.0874091 1.3472312
v 0.1609953 0.0835494 1.3569746
v 0.1086357 0.1121931 1.3961329
v 0.1238801 0.1075310 1.3889705
v 0.1388160 0.0912835 1.3254119
v 0.1130212 -0.0082900 1.3977325
v 0.1042948 -0.0173042 1.3769807
v 0.1124808 -0.0160117 1.3754681
v 0.1186391 -0.0153362 1.3700623
v 0.1243005 -0.0126990 1.3632027
v 0.1269590 -0.0087820 1.3556514
v 0.0947738 -0.0209182 1.3760966
v 0.2313519 -0.0775887 1.1532245
v 0.1410131 0.0764297 1.2993743
v 0.1528583 0.0705061 1.2975520
v 0.1517145 0.0672035 1.2901767
v 0.1968833 0.0222064 1.2656969
v 0.0328029 -0.2125972 1.4549825
v 0.0319966 -0.2087097 1.4499934
v 0.0347049 -0.2205107 1.4776801
v 0.0345030 -0.2200096 1.4740567
v 0.2533049 -0.0818409 1.1843233
v 0.2558999 -0.0903561 1.1815991
v 0.2574656 -0.1435928 1.1845982
v 0.2566391 -0.1440118 1.2038992
v 0.2533758 -0.1653470 1.2089943
v 0.2305142 -0.1435634 1.2383029
v 0.2149861 -0.1401919 1.2364447
v 0.1843960 -0.1340575 1.2031377
v 0.2202920 -0.1414844 1.1519355
v 0.1970406 -0.2750221 1.2474417
v 0.1892286 -0.2929967 1.2505794
v 0.1991147 -0.2963350 1.2494038
v 0.2068816 -0.2783957 1.2449467
v 0.1807910 -0.3103337 1.2533434
v 0.1806111 -0.2908105 1.2464759
v 0.1732477 -0.3078183 1.2477396
v 0.1742929 -0.2892747 1.2391311
v 0.1687570 -0.3063815 1.2403684
v 0.1666462 -0.3062561 1.2311741
v 0.1707870 -0.2892160 1.2297890
v 0.1696011 -0.2908551 1.2200323
v 0.1663991 -0.3080236 1.2217813
v 0.1724621 -0.2743403 1.2077651
v 0.1755667 -0.2767456 1.1976708
v 0.1752031 -0.2956253 1.2020055
v 0.1710130 -0.2931936 1.2106372
v 0.1886150 -0.3180245 1.1987586
v 0.1908200 -0.3006326 1.1923801
v 0.1997840 -0.3019064 1.1954729
v 0.1962988 -0.3193206 1.2014520
v 0.2174610 -0.2857018 1.2041064
v 0.2135693 -0.3042649 1.2106967
v 0.2076056 -0.3029671 1.2018366
v 0.2109427 -0.2843817 1.1947258
v 0.2101232 -0.3216254 1.2162546
v 0.2146176 -0.3035508 1.2210888
v 0.2103757 -0.3207498 1.2269201
v 0.1936015 -0.2544791 1.2430627
v 0.2044466 -0.2572498 1.2444451
v 0.2113867 -0.2395982 1.2412733
v 0.1746516 -0.2709052 1.2286982
v 0.1793390 -0.2710611 1.2380935
v 0.1848452 -0.2528142 1.2368478
v 0.1787851 -0.2522544 1.2276271
v 0.1762952 -0.2380918 1.1914314
v 0.1763456 -0.2577842 1.1941264
v 0.1742392 -0.2550617 1.2057047
v 0.1726936 -0.2720896 1.2185266
v 0.1754837 -0.2531419 1.2171503
v 0.1826680 -0.2793508 1.1898961
v 0.1819025 -0.2983219 1.1949479
v 0.2140526 -0.2816000 1.2367922
v 0.2069758 -0.2995370 1.2420652
v 0.2119524 -0.3020878 1.2320218
v 0.2181691 -0.2839782 1.2265648
v 0.1834758 -0.2604283 1.1851795
v 0.2210094 -0.2634968 1.2320136
v 0.2248873 -0.2657588 1.2208113
v 0.2198046 -0.2852569 1.2149247
v 0.2257659 -0.2668023 1.2083466
v 0.2005603 -0.3164617 1.2469512
v 0.1914883 -0.3135806 1.2533278
v 0.2145015 -0.2605375 1.2407620
v 0.1924702 -0.2817222 1.1861082
v 0.1936409 -0.2626601 1.1805953
v 0.2048085 -0.2641522 1.1812798
v 0.2024703 -0.2832674 1.1880979
v 0.2252599 -0.2464080 1.1893154
v 0.2214282 -0.2665437 1.1966978
v 0.2139641 -0.2652151 1.1874773
v 0.2042490 -0.3205261 1.2072055
v 0.2315239 -0.2474827 1.2013585
v 0.1471165 -0.3888160 1.2367199
v 0.1393567 -0.3913113 1.2433990
v 0.1370894 -0.3816704 1.2411797
v 0.1458473 -0.3789910 1.2343026
v 0.1308502 -0.3587541 1.2383606
v 0.1239339 -0.3647821 1.2474117
v 0.1243018 -0.3563381 1.2540539
v 0.1310215 -0.3488384 1.2453295
v 0.1344220 -0.3926467 1.2513913
v 0.1312955 -0.3834284 1.2482412
v 0.1348509 -0.3902051 1.2592582
v 0.1371028 -0.4008128 1.2548081
v 0.1400025 -0.3998186 1.2624263
v 0.1417156 -0.4085237 1.2641571
v 0.1510522 -0.4083219 1.2670232
v 0.1505534 -0.3954698 1.2677820
v 0.1744732 -0.3957103 1.2559083
v 0.1697117 -0.4097146 1.2560971
v 0.1771480 -0.4096433 1.2481702
v 0.1810489 -0.3953173 1.2476739
v 0.1862771 -0.4049476 1.2303186
v 0.1893657 -0.3914381 1.2312482
v 0.1852060 -0.3936332 1.2395058
v 0.1814656 -0.4082823 1.2394332
v 0.1591911 -0.3863696 1.2266488
v 0.1546831 -0.3866623 1.2309216
v 0.1548894 -0.3771464 1.2282814
v 0.1598868 -0.3765962 1.2236503
v 0.1316142 -0.3854931 1.2695185
v 0.1295165 -0.3868470 1.2657407
v 0.1394034 -0.3892327 1.2653833
v 0.1424323 -0.3836242 1.2685139
v 0.1649706 -0.3544430 1.2059391
v 0.1608564 -0.3523017 1.2118980
v 0.1626643 -0.3414950 1.2138243
v 0.1676476 -0.3430291 1.2069409
v 0.1450977 -0.3383505 1.2329831
v 0.1501356 -0.3334402 1.2459489
v 0.1557293 -0.3291381 1.2418266
v 0.1529675 -0.3358779 1.2288631
v 0.1380480 -0.3428599 1.2382170
v 0.1371316 -0.3453372 1.2554766
v 0.1437800 -0.3384380 1.2501114
v 0.1294988 -0.3539749 1.2625587
v 0.1755063 -0.3444056 1.2010937
v 0.1750879 -0.3526933 1.1981323
v 0.1296575 -0.4584265 1.2604008
v 0.1305214 -0.4527912 1.2601751
v 0.1327011 -0.4546884 1.2554350
v 0.1320502 -0.4604988 1.2559100
v 0.1941958 -0.3538117 1.2049734
v 0.1929079 -0.3470484 1.2043542
v 0.1988351 -0.3485445 1.2117656
v 0.1987843 -0.3552804 1.2137176
v 0.1950957 -0.3630715 1.2048696
v 0.1983030 -0.3644353 1.2153033
v 0.1384803 -0.4610209 1.2705096
v 0.1405238 -0.4552644 1.2701527
v 0.1356425 -0.4535338 1.2687116
v 0.1336825 -0.4591080 1.2687948
v 0.1462618 -0.3977734 1.2393080
v 0.1392945 -0.3998465 1.2460051
v 0.1381420 -0.4189413 1.2468510
v 0.1359289 -0.4162155 1.2523919
v 0.1377221 -0.4081512 1.2492874
v 0.1437711 -0.4084330 1.2418639
v 0.1582650 -0.4060054 1.2273292
v 0.1528467 -0.4085932 1.2328794
v 0.1552887 -0.3979048 1.2317103
v 0.1605927 -0.3958550 1.2258280
v 0.1656080 -0.3951254 1.2150933
v 0.1675319 -0.3962227 1.2094480
v 0.1669690 -0.4050567 1.2104565
v 0.1644244 -0.4050618 1.2166397
v 0.1588769 -0.4244920 1.2240134
v 0.1619935 -0.4243587 1.2196520
v 0.1628440 -0.4335614 1.2226384
v 0.1597518 -0.4340591 1.2264944
v 0.1931232 -0.3404303 1.2035543
v 0.1998415 -0.3418407 1.2104487
v 0.1927253 -0.3992365 1.2119159
v 0.1919542 -0.4090972 1.2101718
v 0.1908862 -0.4061105 1.1998094
v 0.1913624 -0.3956567 1.2017723
v 0.1993643 -0.3571664 1.2238920
v 0.2009528 -0.3502146 1.2220751
v 0.1434230 -0.4635729 1.2688085
v 0.1456531 -0.4577694 1.2685639
v 0.1373991 -0.3571215 1.2691391
v 0.1464429 -0.3483347 1.2622805
v 0.1539573 -0.3410103 1.2567553
v 0.1593954 -0.3354672 1.2531345
v 0.1631728 -0.3299635 1.2514609
v 0.1456262 -0.4149752 1.2388741
v 0.1526117 -0.3938678 1.2337295
v 0.1618559 -0.3858009 1.2230090
v 0.1734258 -0.3866787 1.1963933
v 0.1692375 -0.3878797 1.2028331
v 0.1680175 -0.3800777 1.2027141
v 0.1749083 -0.3787786 1.1948988
v 0.1858445 -0.3946140 1.1947706
v 0.1846068 -0.4045942 1.1939929
v 0.1775068 -0.4045856 1.1943218
v 0.1784071 -0.3955380 1.1940416
v 0.1320394 -0.3827184 1.2743285
v 0.1418378 -0.3768262 1.2714523
v 0.1859049 -0.3531819 1.1986455
v 0.1849163 -0.3458758 1.1998223
v 0.1848903 -0.3390908 1.2017006
v 0.1603270 -0.3644970 1.2170308
v 0.1577429 -0.3649323 1.2204412
v 0.1537718 -0.3506440 1.2195764
v 0.1580676 -0.3511015 1.2157587
v 0.1424865 -0.3678155 1.2304959
v 0.1336626 -0.3711979 1.2381451
v 0.1392327 -0.3543073 1.2299443
v 0.1585108 -0.3392600 1.2199140
v 0.1613442 -0.3308401 1.2228358
v 0.1655117 -0.3332648 1.2155930
v 0.1707183 -0.3354561 1.2082695
v 0.1775479 -0.3373322 1.2028713
v 0.1640795 -0.3218064 1.2231050
v 0.1676935 -0.3243134 1.2152184
v 0.1731717 -0.3269552 1.2079979
v 0.1796942 -0.3294012 1.2029634
v 0.2067441 -0.3340350 1.2192549
v 0.2032959 -0.3426591 1.2205584
v 0.2017041 -0.3335742 1.2094629
v 0.1623575 -0.3201119 1.2415153
v 0.1623707 -0.3200946 1.2321388
v 0.1582057 -0.3289112 1.2318192
v 0.1665868 -0.3216410 1.2494063
v 0.1195880 -0.3691286 1.2548511
v 0.1235956 -0.3769266 1.2533923
v 0.1191760 -0.3803512 1.2582531
v 0.1152803 -0.3743344 1.2600888
v 0.1378898 -0.4081590 1.2574591
v 0.1372568 -0.4160644 1.2591182
v 0.1417277 -0.4169634 1.2646908
v 0.1757166 -0.3614958 1.1960003
v 0.1668125 -0.3633366 1.2029612
v 0.1413392 -0.4230526 1.2432621
v 0.1425123 -0.4482434 1.2693509
v 0.1452535 -0.4361433 1.2679858
v 0.1392557 -0.4339833 1.2659270
v 0.1371423 -0.4465623 1.2679271
v 0.1451697 -0.4334818 1.2448984
v 0.1446145 -0.4408861 1.2482914
v 0.1391686 -0.4372874 1.2485022
v 0.1402104 -0.4295493 1.2463801
v 0.1650765 -0.4236543 1.2138495
v 0.1657600 -0.4311344 1.2163081
v 0.1636666 -0.4237856 1.2542103
v 0.1623607 -0.4086714 1.2642130
v 0.1584604 -0.4203541 1.2633586
v 0.1619306 -0.4052173 1.2219071
v 0.1628092 -0.4148724 1.2178670
v 0.1599670 -0.4149419 1.2226117
v 0.1465545 -0.4193371 1.2376912
v 0.1506909 -0.4166317 1.2338173
v 0.1490770 -0.4244624 1.2361903
v 0.1445652 -0.4255545 1.2404569
v 0.1857457 -0.3825363 1.1942805
v 0.1934727 -0.3843185 1.2035059
v 0.1318997 -0.4525445 1.2650483
v 0.1305747 -0.4581195 1.2651373
v 0.1942447 -0.3326150 1.2037196
v 0.1867859 -0.3311390 1.2013410
v 0.1635150 -0.3950424 1.2206730
v 0.1649357 -0.3955330 1.2631566
v 0.1639332 -0.3850311 1.2185589
v 0.1825213 -0.4237647 1.2199863
v 0.1819701 -0.4314037 1.2206547
v 0.1780577 -0.4311876 1.2151824
v 0.1795147 -0.4240724 1.2131887
v 0.1437375 -0.4524557 1.2518801
v 0.1433004 -0.4596370 1.2537086
v 0.1376444 -0.4574409 1.2531508
v 0.1378390 -0.4498176 1.2515582
v 0.1370437 -0.4259780 1.2494733
v 0.1352151 -0.4342244 1.2513115
v 0.1336385 -0.4323361 1.2561612
v 0.1352576 -0.4233305 1.2544089
v 0.1367328 -0.4234220 1.2600293
v 0.1354637 -0.4325927 1.2615401
v 0.1492314 -0.4541058 1.2558408
v 0.1503685 -0.4430412 1.2527138
v 0.1537604 -0.4414077 1.2596988
v 0.1509640 -0.4531076 1.2624136
v 0.1924994 -0.3782214 1.2322947
v 0.1927876 -0.3896576 1.2221947
v 0.1953407 -0.3768913 1.2236025
v 0.1834878 -0.4175084 1.2293623
v 0.1855466 -0.4140696 1.2184087
v 0.1898196 -0.4022957 1.2207764
v 0.1946360 -0.3874562 1.2138011
v 0.1561670 -0.4334559 1.2467791
v 0.1617162 -0.4327650 1.2496958
v 0.1565140 -0.4321427 1.2553174
v 0.1657084 -0.3850498 1.2117234
v 0.1332388 -0.4454758 1.2641694
v 0.1779765 -0.3449905 1.2577500
v 0.1745971 -0.3525621 1.2590809
v 0.1863089 -0.3581204 1.2530753
v 0.1882381 -0.3488785 1.2527161
v 0.1331460 -0.4472620 1.2543476
v 0.1312527 -0.4456587 1.2590189
v 0.1692163 -0.4245066 1.2091718
v 0.1737911 -0.4270222 1.2078229
v 0.1737119 -0.4317329 1.2112030
v 0.1696565 -0.4308097 1.2125677
v 0.1970088 -0.3753200 1.2152016
v 0.1916376 -0.4159925 1.2081922
v 0.1897703 -0.4144065 1.1981842
v 0.1978270 -0.3655813 1.2243204
v 0.1974854 -0.3577011 1.2339868
v 0.1952647 -0.3665182 1.2333566
v 0.1760357 -0.4234264 1.2383260
v 0.1891071 -0.3799373 1.2398788
v 0.1919007 -0.3678666 1.2410865
v 0.1937889 -0.3579368 1.2429890
v 0.1956266 -0.3501043 1.2433160
v 0.1991341 -0.3506344 1.2336020
v 0.1479861 -0.4507816 1.2677240
v 0.1487989 -0.4600653 1.2635316
v 0.2056472 -0.3328298 1.2305445
v 0.2016422 -0.3423804 1.2323513
v 0.2018553 -0.3313296 1.2406419
v 0.1981945 -0.3417817 1.2424949
v 0.1811611 -0.3684522 1.2552488
v 0.1873861 -0.3686049 1.2484674
v 0.1781882 -0.3819544 1.2552464
v 0.1848334 -0.3812976 1.2474426
v 0.1732656 -0.4228340 1.2483553
v 0.1437343 -0.4747934 1.2605647
v 0.1412061 -0.4742556 1.2566108
v 0.1425980 -0.4660459 1.2548047
v 0.1458875 -0.4670019 1.2590813
v 0.1476576 -0.4608283 1.2576198
v 0.1467694 -0.4660107 1.2643908
v 0.1677317 -0.3814293 1.2620924
v 0.1494251 -0.4322000 1.2395475
v 0.1677665 -0.3650859 1.2615258
v 0.1539096 -0.3717084 1.2684622
v 0.1551444 -0.3830426 1.2684703
v 0.1565723 -0.3546735 1.2651854
v 0.1639332 -0.3458849 1.2609200
v 0.1712160 -0.3333874 1.2564095
v 0.1683449 -0.3393365 1.2576646
v 0.1744370 -0.3246682 1.2553301
v 0.1465787 -0.3628745 1.2706816
v 0.1315002 -0.4682554 1.2561004
v 0.1283112 -0.4662704 1.2603381
v 0.1808197 -0.3375820 1.2568734
v 0.1849578 -0.3277984 1.2557214
v 0.1273753 -0.3747231 1.2461611
v 0.1633186 -0.3752105 1.2164962
v 0.1644543 -0.3742542 1.2109253
v 0.1672309 -0.3721579 1.2026176
v 0.1752766 -0.3703428 1.1951033
v 0.1953320 -0.3298923 1.2503460
v 0.1695552 -0.3107350 1.2132994
v 0.1749816 -0.3133405 1.2059682
v 0.2064977 -0.3186144 1.2371562
v 0.1286752 -0.4658095 1.2649905
v 0.1667571 -0.4368295 1.2283808
v 0.1649404 -0.4379217 1.2297417
v 0.1195064 -0.3624603 1.2600429
v 0.1149217 -0.3694810 1.2651073
v 0.1230265 -0.3728709 1.2770070
v 0.1296065 -0.3645182 1.2739282
v 0.1232282 -0.3607987 1.2678956
v 0.1178669 -0.3692490 1.2716509
v 0.1618573 -0.3643430 1.2137976
v 0.1637762 -0.3644648 1.2093914
v 0.1949758 -0.3731115 1.2046055
v 0.1872872 -0.3714913 1.1957701
v 0.1410340 -0.4246958 1.2647001
v 0.1475997 -0.4266411 1.2663442
v 0.1498070 -0.4184783 1.2665347
v 0.1515004 -0.4385144 1.2656993
v 0.1510747 -0.4358050 1.2492882
v 0.1518871 -0.4346956 1.2445519
v 0.1517747 -0.3657809 1.2247104
v 0.1474012 -0.3515878 1.2238658
v 0.1257211 -0.3854023 1.2602912
v 0.1284103 -0.3834955 1.2548571
v 0.1557819 -0.4150479 1.2282414
v 0.1722708 -0.4347440 1.2412329
v 0.1700645 -0.4329770 1.2486700
v 0.1543363 -0.4234990 1.2299021
v 0.1312872 -0.4670499 1.2686913
v 0.1359467 -0.4689378 1.2705764
v 0.1549302 -0.4290522 1.2637975
v 0.1656901 -0.4146480 1.2116855
v 0.1694111 -0.4372214 1.2351068
v 0.1741486 -0.4313202 1.2332628
v 0.1835571 -0.4119419 1.1940989
v 0.1911051 -0.3404592 1.2517185
v 0.1372031 -0.4634709 1.2536174
v 0.1363974 -0.4712415 1.2542295
v 0.1439761 -0.4734865 1.2648344
v 0.1411773 -0.4710623 1.2689021
v 0.1871374 -0.3617436 1.1974154
v 0.1619561 -0.3763051 1.2202504
v 0.1814346 -0.3158336 1.2005202
v 0.1373338 -0.3700285 1.2751260
v 0.1289804 -0.3779727 1.2780898
v 0.1543668 -0.4316548 1.2319721
v 0.1856252 -0.4194027 1.2130776
v 0.1759933 -0.4354717 1.2324740
v 0.1819649 -0.4329811 1.2286492
v 0.1824526 -0.4262686 1.2287355
v 0.1708325 -0.4380709 1.2307606
v 0.1394320 -0.4778630 1.2694257
v 0.1421499 -0.4800068 1.2654131
v 0.1341517 -0.4759496 1.2711798
v 0.1299158 -0.4735388 1.2688324
v 0.1277973 -0.4718147 1.2652024
v 0.1420757 -0.4811061 1.2613473
v 0.1398572 -0.4802717 1.2577023
v 0.1355419 -0.4770577 1.2552505
v 0.1406715 -0.4864940 1.2615644
v 0.1404221 -0.4866298 1.2657925
v 0.1299058 -0.4886409 1.2712531
v 0.1325459 -0.4905921 1.2714485
v 0.1338713 -0.4871742 1.2712581
v 0.1327133 -0.4835166 1.2716629
v 0.1288344 -0.4935604 1.2705198
v 0.1316254 -0.4952244 1.2712826
v 0.1360701 -0.4919742 1.2700328
v 0.1367388 -0.4874781 1.2699052
v 0.1353497 -0.4969551 1.2700512
v 0.1374774 -0.4976071 1.2668203
v 0.1379952 -0.4927660 1.2667793
v 0.1384360 -0.4888536 1.2674192
v 0.1378127 -0.4838641 1.2698496
v 0.1292074 -0.4981009 1.2694149
v 0.1322511 -0.5015920 1.2672528
v 0.1342855 -0.5009236 1.2695662
v 0.1313225 -0.4984911 1.2708088
v 0.1288390 -0.4797989 1.2691251
v 0.1275308 -0.4864930 1.2687463
v 0.1268049 -0.4922241 1.2678788
v 0.1276493 -0.4971228 1.2666191
v 0.1258844 -0.4859615 1.2653110
v 0.1260936 -0.4919766 1.2647632
v 0.1272501 -0.4960439 1.2638541
v 0.1262583 -0.4865207 1.2615219
v 0.1268601 -0.4925262 1.2618900
v 0.1268204 -0.4777870 1.2654277
v 0.1268278 -0.4775516 1.2611664
v 0.1277375 -0.4953093 1.2621108
v 0.1309188 -0.5005069 1.2645796
v 0.1393072 -0.4925924 1.2640055
v 0.1379522 -0.4976096 1.2637998
v 0.1390646 -0.4923001 1.2611526
v 0.1372704 -0.4972593 1.2613910
v 0.1366846 -0.5008694 1.2670551
v 0.1361127 -0.5013553 1.2646158
v 0.1277308 -0.4716449 1.2607494
v 0.1311654 -0.4737151 1.2566662
v 0.1302058 -0.4793444 1.2573339
v 0.1292451 -0.4879308 1.2577035
v 0.1346667 -0.4823144 1.2561277
v 0.1386418 -0.4856814 1.2581778
v 0.1372982 -0.4916565 1.2587585
v 0.1338019 -0.4898829 1.2568172
v 0.1353950 -0.4962959 1.2594185
v 0.1326989 -0.4950111 1.2582875
v 0.1293810 -0.4937293 1.2593024
v 0.1332091 -0.4988082 1.2604615
v 0.1348421 -0.5004065 1.2622075
v 0.1301178 -0.4985232 1.2623161
v 0.1296694 -0.4965577 1.2606950
v 0.1318273 -0.4972015 1.2596358
v 0.1508637 -0.4727009 1.2406678
v 0.1515524 -0.4650445 1.2409285
v 0.1539238 -0.4657784 1.2366170
v 0.1535770 -0.4736724 1.2364257
v 0.1582424 -0.4725924 1.2519655
v 0.1597027 -0.4656752 1.2520787
v 0.1545771 -0.4649886 1.2493092
v 0.1531666 -0.4721305 1.2488929
v 0.1642756 -0.4736178 1.2498090
v 0.1659194 -0.4667449 1.2500740
v 0.1608385 -0.4573928 1.2521157
v 0.1613315 -0.4433228 1.2505251
v 0.1562514 -0.4430163 1.2468893
v 0.1556179 -0.4568685 1.2490177
v 0.1640010 -0.4459237 1.2313669
v 0.1591815 -0.4435044 1.2308466
v 0.1521356 -0.4648925 1.2451504
v 0.1507865 -0.4722700 1.2447749
v 0.1634194 -0.4597868 1.2334865
v 0.1632568 -0.4687384 1.2343658
v 0.1582432 -0.4672468 1.2341217
v 0.1582654 -0.4582541 1.2330890
v 0.1544766 -0.4416530 1.2341808
v 0.1511550 -0.4413414 1.2392036
v 0.1525859 -0.4422984 1.2435206
v 0.1680639 -0.4607669 1.2370970
v 0.1689339 -0.4471785 1.2359317
v 0.1712670 -0.4462323 1.2426356
v 0.1698267 -0.4602703 1.2434293
v 0.1524169 -0.4563513 1.2449615
v 0.1537905 -0.4565900 1.2359228
v 0.1512970 -0.4560891 1.2404604
v 0.1671660 -0.4584939 1.2498914
v 0.1685235 -0.4684851 1.2436923
v 0.1649401 -0.4861789 1.2395617
v 0.1622209 -0.4864710 1.2355657
v 0.1629890 -0.4764786 1.2345684
v 0.1661622 -0.4767453 1.2384759
v 0.1668989 -0.4693287 1.2378822
v 0.1670787 -0.4754321 1.2440998
v 0.1531821 -0.4848298 1.2362260
v 0.1499887 -0.4833584 1.2403038
v 0.1494877 -0.4828087 1.2443032
v 0.1688841 -0.4445366 1.2495560
v 0.1516549 -0.4824032 1.2481320
v 0.1564482 -0.4824000 1.2513624
v 0.1580470 -0.4751822 1.2339132
v 0.1575254 -0.4856996 1.2340674
v 0.1654230 -0.4847893 1.2444089
v 0.1626889 -0.4829715 1.2496795
v 0.1614075 -0.4913350 1.2491546
v 0.1641881 -0.4927110 1.2443723
v 0.1555756 -0.4907988 1.2511293
v 0.1511323 -0.4898943 1.2480240
v 0.1492493 -0.4895291 1.2444070
v 0.1638972 -0.4937078 1.2403003
v 0.1616062 -0.4935660 1.2366711
v 0.1573021 -0.4921818 1.2349033
v 0.1629835 -0.5008683 1.2405518
v 0.1632389 -0.5012983 1.2443841
v 0.1528611 -0.5112526 1.2491385
v 0.1559598 -0.5122412 1.2500683
v 0.1563503 -0.5070398 1.2501844
v 0.1533819 -0.5054762 1.2501747
v 0.1573567 -0.5034281 1.2502992
v 0.1553589 -0.4995695 1.2509667
v 0.1594779 -0.5090910 1.2486731
v 0.1601788 -0.5034670 1.2485744
v 0.1600799 -0.5137064 1.2488837
v 0.1619624 -0.5137748 1.2455495
v 0.1617285 -0.5078136 1.2456333
v 0.1617986 -0.5040803 1.2459233
v 0.1539257 -0.5165576 1.2482023
v 0.1560061 -0.5163130 1.2498430
v 0.1608006 -0.4990033 1.2488709
v 0.1510920 -0.4965645 1.2480986
v 0.1504364 -0.5039974 1.2477804
v 0.1507253 -0.5108252 1.2468106
v 0.1522451 -0.5159822 1.2456339
v 0.1486986 -0.5032742 1.2441377
v 0.1495445 -0.5102737 1.2438687
v 0.1516892 -0.5145733 1.2430020
v 0.1492782 -0.5034236 1.2399887
v 0.1504379 -0.5103405 1.2405714
v 0.1490993 -0.4954061 1.2443359
v 0.1496659 -0.4950475 1.2402699
v 0.1518664 -0.5134995 1.2410931
v 0.1558246 -0.5186089 1.2439384
v 0.1575303 -0.5197033 1.2465355
v 0.1597027 -0.5188704 1.2490926
v 0.1620417 -0.5076059 1.2431385
v 0.1613866 -0.5137691 1.2430679
v 0.1621348 -0.5077969 1.2405624
v 0.1610307 -0.5137951 1.2409235
v 0.1618381 -0.5180638 1.2458739
v 0.1606811 -0.5184006 1.2439982
v 0.1499653 -0.4898305 1.2404180
v 0.1529439 -0.4908363 1.2367569
v 0.1526431 -0.4959865 1.2366655
v 0.1526367 -0.5043191 1.2365849
v 0.1571893 -0.4976127 1.2351578
v 0.1612581 -0.4999233 1.2372751
v 0.1605746 -0.5069132 1.2380503
v 0.1572529 -0.5055103 1.2360228
v 0.1594546 -0.5126871 1.2390392
v 0.1570459 -0.5115792 1.2375144
v 0.1533211 -0.5107820 1.2378357
v 0.1579166 -0.5161364 1.2401410
v 0.1593315 -0.5177767 1.2418756
v 0.1546033 -0.5164801 1.2415250
v 0.1540377 -0.5143308 1.2396601
v 0.1565325 -0.5143660 1.2388806
v 0.1665390 -0.4662959 1.2218416
v 0.1668868 -0.4600808 1.2225383
v 0.1679129 -0.4593425 1.2176796
v 0.1676331 -0.4656649 1.2168538
v 0.1755349 -0.4671978 1.2298220
v 0.1761517 -0.4601084 1.2312757
v 0.1717083 -0.4607538 1.2300582
v 0.1715783 -0.4672895 1.2290280
v 0.1796079 -0.4671357 1.2271183
v 0.1806981 -0.4596328 1.2280573
v 0.1762730 -0.4529190 1.2319339
v 0.1762320 -0.4428285 1.2319604
v 0.1709235 -0.4439459 1.2300216
v 0.1712744 -0.4539963 1.2305147
v 0.1684832 -0.4607609 1.2269036
v 0.1683895 -0.4670610 1.2262472
v 0.1746425 -0.4518734 1.2132811
v 0.1751953 -0.4595045 1.2136394
v 0.1712049 -0.4592484 1.2143807
v 0.1705944 -0.4515981 1.2142244
v 0.1667326 -0.4395206 1.2173378
v 0.1654059 -0.4412054 1.2222354
v 0.1672145 -0.4431000 1.2263400
v 0.1794383 -0.4523015 1.2157499
v 0.1786344 -0.4403799 1.2156482
v 0.1825379 -0.4408591 1.2212938
v 0.1826268 -0.4520555 1.2217461
v 0.1678614 -0.4541239 1.2269538
v 0.1670049 -0.4519818 1.2174080
v 0.1660781 -0.4531415 1.2224627
v 0.1810870 -0.4519483 1.2283625
v 0.1819176 -0.4595550 1.2217235
v 0.1792091 -0.4775027 1.2165297
v 0.1761536 -0.4772168 1.2132680
v 0.1755791 -0.4664284 1.2129798
v 0.1794418 -0.4668967 1.2160662
v 0.1794529 -0.4596923 1.2158734
v 0.1810911 -0.4671308 1.2215873
v 0.1679193 -0.4754861 1.2160863
v 0.1661678 -0.4755773 1.2206545
v 0.1679500 -0.4762160 1.2248186
v 0.1815587 -0.4416146 1.2286047
v 0.1737642 -0.4396258 1.2129009
v 0.1706151 -0.4767179 1.2273188
v 0.1742679 -0.4770830 1.2284074
v 0.1713290 -0.4657542 1.2135529
v 0.1718108 -0.4759427 1.2129963
v 0.1803160 -0.4773592 1.2214794
v 0.1786570 -0.4769981 1.2263897
v 0.1780735 -0.4842320 1.2258849
v 0.1802228 -0.4844500 1.2211627
v 0.1736974 -0.4844582 1.2279792
v 0.1701067 -0.4836559 1.2263679
v 0.1676846 -0.4825704 1.2238953
v 0.1790062 -0.4845081 1.2165812
v 0.1762780 -0.4841331 1.2138661
v 0.1721139 -0.4821095 1.2132864
v 0.1789267 -0.4898055 1.2161560
v 0.1794936 -0.4909262 1.2205919
v 0.1711784 -0.5020763 1.2258614
v 0.1735879 -0.5026394 1.2258647
v 0.1735304 -0.4977873 1.2258351
v 0.1713829 -0.4970982 1.2266036
v 0.1743726 -0.4942854 1.2262960
v 0.1732808 -0.4912289 1.2273034
v 0.1772882 -0.4980707 1.2246505
v 0.1771550 -0.4937126 1.2249051
v 0.1774364 -0.5030280 1.2242913
v 0.1789180 -0.5021738 1.2204749
v 0.1785497 -0.4972370 1.2208929
v 0.1787062 -0.4937684 1.2220676
v 0.1722570 -0.5064323 1.2247476
v 0.1741608 -0.5060559 1.2254538
v 0.1773761 -0.4898979 1.2251583
v 0.1698583 -0.4892059 1.2259363
v 0.1689594 -0.4957630 1.2251994
v 0.1689053 -0.5012793 1.2243196
v 0.1700917 -0.5053648 1.2226385
v 0.1672238 -0.4945257 1.2224845
v 0.1676569 -0.5002273 1.2217284
v 0.1688520 -0.5036787 1.2203738
v 0.1664681 -0.4935286 1.2192088
v 0.1674073 -0.4994456 1.2189507
v 0.1676744 -0.4878366 1.2231606
v 0.1667447 -0.4864157 1.2197239
v 0.1686774 -0.5022572 1.2187601
v 0.1732320 -0.5071231 1.2195343
v 0.1755125 -0.5082416 1.2219894
v 0.1774417 -0.5073047 1.2239431
v 0.1791688 -0.4963802 1.2182334
v 0.1786796 -0.5016058 1.2178173
v 0.1781033 -0.4954331 1.2155518
v 0.1774391 -0.5010076 1.2157272
v 0.1788164 -0.5057164 1.2209049
v 0.1780524 -0.5059017 1.2190084
v 0.1666289 -0.4814591 1.2203552
v 0.1683143 -0.4811364 1.2161887
v 0.1683593 -0.4860118 1.2160661
v 0.1684006 -0.4934554 1.2155999
v 0.1722253 -0.4867624 1.2134101
v 0.1761065 -0.4886265 1.2139422
v 0.1756780 -0.4945212 1.2137747
v 0.1721900 -0.4934940 1.2134974
v 0.1751492 -0.5001468 1.2142958
v 0.1722843 -0.4993392 1.2140614
v 0.1691655 -0.4992308 1.2158873
v 0.1740741 -0.5035699 1.2155587
v 0.1763209 -0.5049490 1.2169729
v 0.1713645 -0.5049006 1.2179202
v 0.1702326 -0.5026113 1.2167986
v 0.1721921 -0.5022138 1.2150772
v 0.1700524 -0.4389544 1.2142836
v 0.1800069 -0.4475073 1.1986016
v 0.1795979 -0.4427165 1.2001211
v 0.1800997 -0.4414188 1.1961579
v 0.1805983 -0.4460905 1.1946404
v 0.1900168 -0.4487842 1.2041460
v 0.1898810 -0.4433201 1.2061160
v 0.1852311 -0.4439710 1.2062852
v 0.1855700 -0.4494006 1.2044172
v 0.1932481 -0.4473474 1.2003954
v 0.1934441 -0.4417404 1.2021400
v 0.1888740 -0.4368997 1.2077642
v 0.1870868 -0.4266593 1.2106131
v 0.1819397 -0.4287351 1.2097277
v 0.1840148 -0.4376751 1.2078851
v 0.1829278 -0.4174245 1.1944762
v 0.1833185 -0.4242857 1.1935725
v 0.1793849 -0.4256096 1.1952390
v 0.1780486 -0.4179873 1.1956265
v 0.1814857 -0.4436634 1.2038890
v 0.1820175 -0.4488206 1.2021084
v 0.1849400 -0.4337929 1.1922128
v 0.1860814 -0.4395593 1.1912380
v 0.1824072 -0.4403991 1.1929775
v 0.1810661 -0.4349851 1.1938344
v 0.1747024 -0.4200012 1.1990015
v 0.1768502 -0.4271797 1.1983751
v 0.1763380 -0.4282589 1.2024038
v 0.1728994 -0.4227895 1.2032225
v 0.1779504 -0.4292693 1.2060131
v 0.1893585 -0.4331466 1.1934821
v 0.1876483 -0.4233337 1.1947505
v 0.1917319 -0.4227454 1.1987821
v 0.1927425 -0.4336694 1.1975932
v 0.1803692 -0.4379103 1.2050574
v 0.1788642 -0.4360352 1.1970500
v 0.1784219 -0.4372164 1.2010876
v 0.1926652 -0.4351055 1.2039301
v 0.1933307 -0.4402155 1.1964804
v 0.1912619 -0.4514463 1.1891820
v 0.1878858 -0.4511899 1.1882644
v 0.1867854 -0.4445853 1.1897949
v 0.1909176 -0.4446175 1.1909041
v 0.1904294 -0.4393926 1.1923347
v 0.1934588 -0.4456916 1.1948912
v 0.1815219 -0.4523506 1.1927476
v 0.1807572 -0.4540702 1.1965223
v 0.1825546 -0.4552784 1.1998734
v 0.1919850 -0.4240883 1.2067331
v 0.1856525 -0.4561807 1.2019538
v 0.1896684 -0.4558564 1.2017580
v 0.1830061 -0.4451509 1.1914345
v 0.1842237 -0.4515347 1.1897589
v 0.1934617 -0.4525753 1.1929026
v 0.1929137 -0.4541552 1.1982276
v 0.1931438 -0.4597921 1.1968448
v 0.1937947 -0.4583044 1.1916686
v 0.1895996 -0.4611834 1.2001067
v 0.1858813 -0.4612719 1.2003194
v 0.1830666 -0.4597426 1.1981151
v 0.1913880 -0.4567018 1.1880097
v 0.1884143 -0.4561458 1.1875430
v 0.1851649 -0.4559883 1.1891010
v 0.1918436 -0.4618884 1.1872680
v 0.1938462 -0.4640356 1.1907215
v 0.1879159 -0.4749541 1.1962273
v 0.1899996 -0.4746661 1.1959922
v 0.1897124 -0.4713809 1.1964978
v 0.1879186 -0.4709425 1.1975706
v 0.1906743 -0.4682137 1.1970948
v 0.1892945 -0.4661360 1.1984611
v 0.1928742 -0.4705715 1.1946575
v 0.1927382 -0.4670600 1.1951443
v 0.1932540 -0.4745960 1.1938080
v 0.1937174 -0.4734519 1.1895226
v 0.1938259 -0.4696408 1.1904645
v 0.1938755 -0.4668338 1.1920191
v 0.1888426 -0.4782804 1.1943829
v 0.1906029 -0.4775689 1.1950482
v 0.1928410 -0.4641117 1.1958077
v 0.1860625 -0.4653118 1.1988505
v 0.1856318 -0.4703170 1.1973309
v 0.1856641 -0.4753650 1.1954010
v 0.1868205 -0.4781848 1.1925929
v 0.1838489 -0.4690600 1.1956611
v 0.1842340 -0.4738565 1.1935703
v 0.1852980 -0.4763737 1.1912009
v 0.1827781 -0.4670786 1.1933769
v 0.1835901 -0.4721525 1.1917480
v 0.1837550 -0.4637942 1.1973264
v 0.1824806 -0.4616730 1.1948062
v 0.1846627 -0.4747372 1.1906281
v 0.1888602 -0.4782069 1.1897580
v 0.1910370 -0.4788476 1.1910619
v 0.1932227 -0.4779808 1.1927604
v 0.1934568 -0.4685630 1.1880968
v 0.1928891 -0.4730252 1.1872072
v 0.1915944 -0.4669815 1.1863588
v 0.1908822 -0.4725131 1.1860346
v 0.1937034 -0.4764272 1.1896728
v 0.1923662 -0.4766571 1.1882027
v 0.1817257 -0.4582715 1.1952337
v 0.1824688 -0.4569022 1.1920768
v 0.1830427 -0.4603145 1.1913313
v 0.1833555 -0.4656849 1.1903111
v 0.1857060 -0.4599040 1.1883585
v 0.1886966 -0.4603458 1.1867620
v 0.1889085 -0.4659742 1.1860040
v 0.1857891 -0.4653472 1.1872815
v 0.1885184 -0.4715399 1.1860268
v 0.1860866 -0.4709684 1.1871424
v 0.1841626 -0.4711397 1.1893992
v 0.1879765 -0.4751405 1.1873089
v 0.1900770 -0.4761897 1.1872982
v 0.1869413 -0.4766310 1.1891350
v 0.1855116 -0.4745964 1.1890943
v 0.1865079 -0.4739818 1.1877059
v 0.1868362 -0.4175621 1.1952708
v 0.1244421 -0.3906073 1.2776782
v 0.1243492 -0.3926974 1.2727994
v 0.1180015 -0.3908446 1.2639978
v 0.1126715 -0.3864553 1.2625435
v 0.1090064 -0.3812072 1.2652739
v 0.1091266 -0.3787924 1.2705979
v 0.1115946 -0.3791894 1.2762039
v 0.1223799 -0.3932441 1.2679717
v 0.1221371 -0.3864416 1.2815521
v 0.1165799 -0.3817548 1.2807359
v 0.1104670 -0.3897135 1.2844469
v 0.1165830 -0.3938249 1.2852070
v 0.1054268 -0.3867511 1.2801529
v 0.1033498 -0.3855486 1.2741030
v 0.1041033 -0.3866693 1.2683759
v 0.1197165 -0.3972888 1.2810471
v 0.1200382 -0.3987746 1.2754949
v 0.1179176 -0.3981561 1.2698125
v 0.1150636 -0.4036674 1.2846209
v 0.1100610 -0.4029940 1.2895252
v 0.0924324 -0.4035420 1.2864514
v 0.0941906 -0.4038090 1.2905917
v 0.0967732 -0.4006800 1.2883454
v 0.0950571 -0.3993829 1.2845326
v 0.0990869 -0.3990489 1.2874025
v 0.0993638 -0.3954333 1.2840581
v 0.1005621 -0.4032274 1.2924777
v 0.1022885 -0.4013805 1.2904454
v 0.1048943 -0.4070730 1.2935526
v 0.1056891 -0.4039775 1.2921935
v 0.0978422 -0.4060825 1.2952699
v 0.0927083 -0.4069148 1.2925727
v 0.0955132 -0.4094060 1.2955766
v 0.0914087 -0.4080571 1.2896736
v 0.1046914 -0.3979151 1.2881550
v 0.0983861 -0.3923823 1.2774174
v 0.0941399 -0.3986247 1.2801176
v 0.0916895 -0.4043285 1.2826875
v 0.0917421 -0.4097781 1.2858401
v 0.0955599 -0.4001490 1.2752099
v 0.0935138 -0.4064129 1.2791925
v 0.0938790 -0.4107540 1.2827762
v 0.0994473 -0.4028069 1.2725356
v 0.0967928 -0.4084151 1.2777282
v 0.0998600 -0.3923725 1.2709891
v 0.1044364 -0.3950076 1.2676898
v 0.0959245 -0.4113416 1.2811221
v 0.0950480 -0.4138990 1.2890902
v 0.0940803 -0.4126245 1.2931743
v 0.1079186 -0.4090641 1.2914308
v 0.1021803 -0.4096236 1.2956674
v 0.1043291 -0.4124615 1.2931872
v 0.1103892 -0.4099702 1.2873917
v 0.1053265 -0.4140089 1.2894148
v 0.0992240 -0.4114778 1.2964790
v 0.0997203 -0.4140574 1.2942058
v 0.1083181 -0.3904949 1.2651595
v 0.1133139 -0.3949803 1.2658998
v 0.1098036 -0.3992112 1.2684581
v 0.1046397 -0.4059797 1.2736728
v 0.1141825 -0.4029045 1.2728116
v 0.1163822 -0.4043234 1.2789706
v 0.1106932 -0.4102647 1.2827168
v 0.1088310 -0.4090935 1.2773944
v 0.1051217 -0.4140275 1.2853442
v 0.1036820 -0.4127726 1.2816663
v 0.1004916 -0.4108402 1.2789132
v 0.1006110 -0.4149510 1.2864160
v 0.1001309 -0.4153942 1.2902367
v 0.0966070 -0.4136717 1.2854754
v 0.0983009 -0.4128391 1.2825743
v 0.1008005 -0.4139080 1.2837846
v 0.1770183 -0.4116917 1.1947104
v 0.1727618 -0.4134066 1.1989259
v 0.1730038 -0.4052981 1.1985655
v 0.1731310 -0.3959441 1.1974774
v 0.1786085 -0.3875517 1.1936572
v 0.1697533 -0.3966140 1.2034639
v 0.1697736 -0.4059385 1.2041390
v 0.1695773 -0.4163079 1.2050515
v 0.1674493 -0.3896052 1.2081552
v 0.0768430 -0.2068057 1.5314120
v 0.0793807 -0.2036177 1.5311154
v 0.0797025 -0.1994859 1.5263350
v 0.0774228 -0.2017021 1.5258509
v 0.0743844 -0.2038105 1.5256198
v 0.0705371 -0.2053331 1.5261006
v 0.0664036 -0.2095866 1.5331458
v 0.0719972 -0.2088345 1.5327674
v 0.0556925 -0.2068610 1.5303584
v 0.0578292 -0.2071220 1.5312503
v 0.0563554 -0.2068896 1.5293460
v 0.0624176 -0.2070510 1.5277369
v 0.0587202 -0.2068294 1.5288840
v 0.0824361 -0.1986175 1.5295513
v 0.0829836 -0.1970105 1.5287598
v 0.0811498 -0.2009208 1.5302518
v 0.0663989 -0.2063988 1.5268575
v 0.0825626 -0.1965747 1.5278926
v 0.0813775 -0.1974506 1.5271057
v 0.0614670 -0.2087375 1.5326727
v 0.0750145 -0.2042541 1.5276845
v 0.0711880 -0.2061494 1.5281225
v 0.0669019 -0.2086493 1.5310455
v 0.0718422 -0.2074489 1.5305382
v 0.0630685 -0.2076166 1.5294591
v 0.0604877 -0.2072398 1.5298514
v 0.0778063 -0.2022329 1.5275430
v 0.0669479 -0.2073181 1.5287845
v 0.0759501 -0.2053252 1.5300132
v 0.0601670 -0.2077610 1.5305242
v 0.0625818 -0.2084774 1.5312348
v 0.0820130 -0.1975824 1.5282389
v 0.0818256 -0.1975494 1.5280728
v 0.0215786 -0.0711094 1.3335829
v 0.0235293 -0.0697407 1.3144667
v 0.0784314 -0.2028331 1.5293165
v 0.0808667 -0.1985070 1.5277785
v 0.0795005 -0.2001864 1.5275671
v 0.0800982 -0.2006229 1.5289347
v 0.0813358 -0.1988010 1.5286391
v 0.1489191 -0.0467456 1.3093888
v 0.1364640 -0.0434112 1.2985757
v 0.1977236 -0.0249483 1.3156342
v 0.2041732 -0.0039089 1.3099777
v 0.1108662 -0.0353506 1.1135564
v 0.0112882 0.1657624 1.1454779
v 0.0049327 0.1713800 1.1675934
v -0.0699153 0.1444779 1.1531539
v -0.0512443 0.1551051 1.1512625
v 0.0998956 0.0972501 1.1591211
v 0.1065462 0.0935256 1.1417042
v 0.1069549 0.0265906 1.1498455
v 0.1133925 0.0215848 1.1323674
v 0.1217709 0.0641007 1.1200584
v -0.0127041 0.1573901 1.1022769
v -0.0219621 0.1582871 1.1239118
v -0.0009010 0.1620051 1.1241565
v 0.0080432 0.1619484 1.1028610
v -0.0745423 0.1227829 1.1270323
v -0.0849486 0.1289394 1.1547505
v 0.0845811 0.1227688 1.1795212
v 0.0684849 0.1434834 1.1817837
v 0.0257836 0.1699122 1.1867559
v 0.0025773 0.1749915 1.1919417
v -0.0411090 0.1701570 1.2062649
v -0.0192973 0.1747243 1.1992100
v 0.0983830 0.0068124 1.1646675
v 0.0833253 -0.0116017 1.1774112
v 0.0947740 0.0984923 1.1772113
v 0.0651286 -0.0550555 1.1595652
v -0.0859040 0.1500423 1.2512032
v -0.0641463 0.1623638 1.2508462
v 0.0481821 0.1592616 1.1839275
v 0.0405447 -0.0613307 1.2710777
v 0.0429065 -0.0605505 1.2566163
v 0.0554715 -0.0538133 1.2609696
v 0.0530703 -0.0532229 1.2752149
v 0.0671467 -0.0455111 1.2655707
v 0.0776451 -0.0368173 1.2705535
v 0.0866387 -0.0278570 1.2751082
v 0.1052762 -0.0016730 1.2827719
v 0.1004512 -0.0102796 1.2811653
v 0.1108832 0.0168544 1.2845906
v 0.1089427 0.0067494 1.2840703
v 0.1098454 0.0322423 1.2812729
v 0.1056524 0.0512053 1.2777524
v 0.1008611 0.0716216 1.2742659
v 0.1019925 0.0667173 1.2869842
v 0.1050464 0.0541698 1.2669368
v 0.1087580 0.0365657 1.2697889
v 0.1104367 0.0217550 1.2708092
v 0.0343640 -0.0608100 1.2294083
v 0.0377144 -0.0550191 1.2137002
v 0.0190034 -0.0729711 1.3508598
v 0.2218264 -0.1636141 1.1568721
v 0.1872395 -0.2725658 1.2452186
v -0.0341257 0.0423963 1.4519357
v -0.0548647 0.0305501 1.4456613
v -0.0763278 0.0255546 1.4324911
v -0.0720940 0.0191227 1.4404131
v 0.0570644 0.0514038 1.4636541
v 0.0330388 0.0635306 1.4629516
v 0.0074650 0.0663249 1.4592655
v -0.0163750 0.0609720 1.4528093
v 0.0948306 0.0719670 1.1906528
v -0.0454293 0.0681945 1.4271334
v -0.0191409 0.0710885 1.4459386
v 0.0071777 0.0788480 1.4538745
v 0.0362724 0.0786152 1.4571953
v 0.0687734 0.0676502 1.4579255
v 0.0891210 0.0695127 1.4541467
v 0.1123216 0.0865944 1.4346958
v 0.1269980 0.0825551 1.4272578
v 0.1333852 0.0650591 1.4331554
v 0.1466896 0.0593298 1.4222988
v 0.1414326 0.0768238 1.4173085
v 0.1942546 0.0257638 1.3331494
v 0.1976600 0.0210423 1.3171410
v 0.1975882 0.0237298 1.3025656
v 0.1938838 0.0294134 1.2899986
v 0.1866531 0.0375600 1.2816601
v 0.1757094 0.0467564 1.2792530
v 0.1631851 0.0571825 1.2829841
v 0.1304842 0.0853461 1.3101891
v 0.1205452 0.0960186 1.3206673
v 0.0889428 0.1249135 1.3316370
v 0.0799691 0.1336522 1.3311230
v 0.0229352 0.1655322 1.2986765
v 0.0424397 0.1592924 1.3126269
v 0.0054175 0.1725389 1.2787682
v 0.0106844 0.1646690 0.9918157
v 0.0097573 0.1581441 1.0121726
v 0.0316676 0.1621091 1.0151982
v 0.0325411 0.1685521 0.9947885
v -0.0508398 0.1166699 1.0511083
v -0.0335794 0.1326560 1.0526404
v 0.1212521 0.1215625 1.0220116
v 0.1005652 0.1419874 1.0214152
v 0.0775487 0.1548274 1.0198855
v 0.0541480 0.1608630 1.0178314
v 0.1348352 0.0969574 1.0208728
v 0.1342067 -0.0340713 0.9966009
v 0.1407636 -0.0100579 1.0017936
v 0.0976468 -0.0895326 0.9872837
v 0.1118283 -0.0744013 0.9893431
v 0.1430020 0.0705882 1.0170547
v 0.1242360 -0.0560780 0.9924369
v 0.1445666 0.0159713 1.0068623
v 0.1461408 0.0438310 1.0119689
v 0.0078932 0.1538692 1.0325587
v -0.0110835 0.1456588 1.0314187
v -0.0156076 0.1444965 1.0545960
v -0.0797160 0.1219432 1.3469697
v -0.0579814 0.1352080 1.3511684
v -0.0346495 0.1428933 1.3558567
v -0.0034545 0.1379754 1.3795410
v 0.0216071 0.1388771 1.3819892
v 0.0184156 0.1465858 1.3656947
v -0.0074598 0.1463865 1.3614173
v 0.0641131 0.1296569 1.3799004
v 0.0818997 0.1257309 1.3768857
v 0.0783709 0.1279031 1.3666312
v 0.0626694 0.1339564 1.3683389
v 0.0935545 0.1237680 1.3634882
v 0.1077276 0.1183895 1.3574520
v 0.1204113 0.1104045 1.3492464
v 0.1342443 0.1008383 1.3406808
v 0.1450269 0.0972463 1.3594858
v 0.1319048 0.1062729 1.3698236
v 0.0686684 0.1250274 1.3915460
v 0.0480591 0.1279584 1.3950863
v -0.0668157 0.1004266 1.3804521
v -0.0852425 0.0859946 1.3733382
v 0.0956324 0.0905032 1.2759274
v 0.0904159 0.1096131 1.2798331
v 0.0835278 0.1248832 1.2860495
v 0.0765218 0.1365894 1.2935199
v 0.0701357 0.1443489 1.3024692
v 0.0636534 0.1497618 1.3117336
v 0.0570768 0.1523415 1.3215324
v 0.0695482 0.1432275 1.3275058
v 0.0510129 0.1526550 1.3318683
v 0.0653565 0.1430607 1.3369854
v 0.0450485 0.1510206 1.3430671
v 0.0421606 0.1468500 1.3556495
v 0.0421412 0.1407193 1.3688407
v 0.0441115 0.1345191 1.3815881
v 0.0023641 0.1302467 1.3959333
v 0.0265898 0.1309193 1.3960488
v -0.0150293 0.1166708 1.4084532
v -0.0076726 0.1094280 1.4220430
v -0.0300857 0.1332496 1.3761516
v -0.0216098 0.1245965 1.3934704
v 0.0253104 0.0226110 1.4740293
v 0.0025359 0.0244598 1.4720555
v 0.1655158 0.0629558 1.3001601
v 0.1708759 0.0554223 1.2910405
v 0.1620302 0.0626318 1.2922174
v 0.1604035 0.0664952 1.2987320
v 0.1786814 0.0487544 1.2938433
v 0.1773556 0.0552557 1.3101032
v 0.1852607 0.0428952 1.3010414
v 0.1720343 0.0585566 1.3038241
v 0.1892602 0.0387296 1.3110692
v 0.1821395 0.0514438 1.3185606
v 0.1910727 0.0376436 1.3220871
v 0.1848438 0.0493323 1.3273703
v 0.1856953 0.0479332 1.3344089
v 0.1897528 0.0395403 1.3337200
v 0.1659640 0.0765170 1.3645142
v 0.1744995 0.0657305 1.3534324
v 0.1813839 0.0557458 1.3424713
v 0.1443954 0.0909221 1.3308236
v 0.1552695 0.0795653 1.3215735
v 0.1641668 0.0688296 1.3124656
v 0.1696515 0.0661813 1.3193467
v 0.1606314 0.0775751 1.3285890
v 0.1500051 0.0898810 1.3384940
v -0.0732839 0.1103847 1.3661395
v -0.0536651 0.1238553 1.3713199
v 0.0977114 0.1217034 1.3729858
v 0.1112154 0.1167358 1.3682981
v 0.1246303 0.1097962 1.3607487
v 0.1383880 0.1004677 1.3499648
v 0.1177176 0.1135649 1.3778248
v 0.1027885 0.1180197 1.3838410
v 0.0868955 0.1219183 1.3880715
v -0.0457733 0.1142197 1.3877612
v -0.0909535 0.0958180 1.3599437
v 0.1320421 -0.0088404 1.3777287
v 0.1401910 -0.0002196 1.3967152
v 0.1489888 0.0158089 1.4116446
v 0.1507739 0.0373334 1.4205800
v -0.0553485 -0.0057055 1.4672483
v 0.1881007 -0.0794962 1.1664308
v -0.1214620 0.1094239 1.2895124
v -0.1186859 0.1008825 1.3176454
v -0.1078457 0.1164627 1.1874681
v -0.1170227 0.1199533 1.2200526
v -0.0405617 0.1326216 1.0781081
v -0.0564159 0.1168644 1.0779924
v -0.0653744 0.1191717 1.1019965
v -0.0697602 0.1024204 1.0263514
v -0.0675406 0.0975903 1.0491515
v -0.0783938 0.1013389 1.1024914
v -0.0870022 0.1058710 1.1284407
v -0.1041167 0.1331227 1.2540362
v -0.0975142 0.1076707 1.3432779
v -0.1086476 0.0819038 1.3552336
v -0.1031765 0.0726321 1.3682589
v -0.0969776 0.0631947 1.3824826
v 0.0980808 -0.0163003 1.2572611
v 0.0958237 -0.0173556 1.2665544
v 0.0888842 -0.0267111 1.2633332
v 0.0914625 -0.0258879 1.2541322
v 0.1069255 0.0027959 1.2614001
v 0.1058938 0.0013447 1.2708095
v 0.1015669 -0.0078743 1.2691096
v 0.1031937 -0.0068075 1.2596385
v 0.1089065 0.0107755 1.2714246
v 0.1093434 0.0129920 1.2616981
v 0.1006645 -0.0159023 1.2481670
v 0.1055340 -0.0059081 1.2509456
v 0.0939507 -0.0253758 1.2450549
v 0.1101953 0.0134670 1.2530011
v 0.1084271 0.0038120 1.2527109
v 0.0283731 -0.1690981 1.4197898
v 0.0303975 -0.1866198 1.4206341
v 0.0333220 -0.2149768 1.4596590
v 0.0332310 -0.2144320 1.4645829
v 0.0186258 -0.1402086 1.4143491
v 0.0159654 -0.1302626 1.4097277
v 0.0276610 -0.2073429 1.4425006
v 0.0258233 -0.2028259 1.4285498
v 0.0340706 -0.2238600 1.4844371
v 0.0335385 -0.2215546 1.4815688
v 0.0325985 -0.2195107 1.4708378
v 0.0320416 -0.2173091 1.4675348
v 0.0137210 -0.1198165 1.4052867
v 0.0203253 -0.1535808 1.4171344
v 0.0108077 -0.0998436 1.3959277
v 0.0093605 -0.0915827 1.3904951
v 0.0157166 -0.0794272 1.3851717
v 0.0155038 -0.0751833 1.3757152
v 0.0317683 -0.0642309 1.2417151
v 0.0261846 -0.0677338 1.2796388
v 0.0278665 -0.0681214 1.2670077
v 0.0243350 -0.0676673 1.2956054
v 0.0170379 -0.0739592 1.3641749
v 0.0121235 -0.1089534 1.4009155
v 0.0302177 -0.2132914 1.4555690
v 0.0287636 -0.2093512 1.4504897
v 0.0330894 -0.2204438 1.4778880
v 0.0327921 -0.2200163 1.4743713
v 0.0108684 -0.0783019 1.3302031
v 0.0127749 -0.0769283 1.3109411
v 0.0298409 -0.0653736 1.2525889
v 0.0208306 -0.0656851 1.2283963
v 0.0226263 -0.0628054 1.2120958
v 0.0090293 -0.0798015 1.3481742
v 0.0238350 -0.0588010 1.1970856
v 0.0907172 0.1482562 0.8199459
v 0.0653562 0.1498599 0.8015195
v 0.0482342 0.1613665 0.8175196
v 0.0670135 0.1614773 0.8314909
v 0.0828741 0.1602810 0.8765195
v 0.0853435 0.1619706 0.9041157
v 0.0871400 0.1623216 0.9311492
v 0.0243427 0.1574457 0.8097413
v -0.0108003 0.1591638 0.8268497
v -0.0014754 0.1488032 0.8061791
v 0.0600452 0.1737344 0.9271754
v 0.0579581 0.1731609 0.9010618
v 0.0518628 0.1671263 0.8390993
v 0.0544394 0.1698241 0.8530995
v 0.0780627 0.1613001 0.8512845
v 0.0147822 0.1660023 0.8287331
v 0.0367894 0.1680230 0.8332456
v -0.0291885 0.1472479 0.9877934
v -0.0313121 0.1543652 0.9662022
v -0.0543521 0.1382264 0.9659408
v 0.0569434 0.1660790 0.9989321
v 0.0340005 0.1732578 0.9736809
v -0.0733929 0.0851142 0.8187885
v 0.0321931 0.1734088 0.8508770
v -0.0162766 0.1651418 0.8492163
v 0.0092487 0.1726372 0.8496756
v -0.0151713 0.1738058 0.9221347
v 0.0092445 0.1789559 0.9222819
v 0.0063929 0.1785240 0.8971545
v -0.0181809 0.1734108 0.8970308
v 0.0338339 0.1790698 0.9234457
v 0.0343510 0.1777663 0.9503890
v -0.0123433 0.1705271 0.9456276
v 0.0108255 0.1763623 0.9473879
v 0.0111969 0.1712536 0.9709092
v 0.0317751 0.1780593 0.8977395
v -0.0192745 0.1704829 0.8720809
v -0.0447695 0.1574213 0.8721972
v -0.0667976 0.1375549 0.8740838
v -0.0875707 0.1151938 0.8727594
v -0.0886339 0.1199400 0.8960724
v -0.0103053 0.1649040 0.9682388
v -0.0094691 0.1502594 1.0106886
v -0.0088525 0.1575221 0.9899402
v -0.0218408 0.1442764 1.0787877
v 0.1615143 -0.0414398 0.6273189
v 0.0022991 -0.0171845 0.7866473
v 0.0171573 -0.0358280 0.7888190
v 0.1762455 0.0586456 0.8713561
v 0.1371694 0.1234229 0.8397915
v 0.1074294 0.1454219 0.8464166
v 0.0517119 -0.0620786 0.7967779
v 0.0778380 -0.0689607 0.8063566
v 0.1779553 0.0220699 0.8700705
v 0.1513887 -0.0316085 0.8410662
v 0.0320072 -0.0498927 0.7917038
v 0.0557650 0.1725465 0.8758072
v 0.0310204 0.1767130 0.8725792
v 0.0063116 0.1765903 0.8722929
v -0.0422173 0.1518731 0.8497184
v -0.0657744 0.1313379 0.8521721
v -0.0840633 0.1079154 0.8532369
v 0.0931667 -0.0865574 0.8580661
v 0.0864914 -0.0935606 0.8698079
v 0.0907181 -0.0904429 0.8708726
v 0.0796880 -0.0973432 0.8845560
v 0.0796307 -0.0961134 0.8682228
v 0.0848016 -0.0908114 0.8528415
v 0.0772600 -0.0932451 0.8514114
v 0.0712960 -0.0877109 0.8368257
v 0.1317913 -0.0364372 0.9755978
v 0.1398923 -0.0122624 0.9801602
v 0.0947262 -0.0899245 0.9680479
v 0.1083171 -0.0758802 0.9694950
v 0.1453903 0.0715138 0.9965411
v 0.1209198 -0.0581587 0.9716445
v 0.1454665 0.0141313 0.9855519
v 0.1474711 0.0437274 0.9918923
v -0.0853955 0.1199765 0.9453861
v -0.0810588 0.1168815 0.9688175
v 0.0788604 -0.0992897 0.9668325
v 0.0230691 -0.1883646 1.4212630
v 0.0213693 -0.1698271 1.4196869
v 0.0499669 -0.2251722 1.6036465
v -0.0169922 -0.0412211 1.4849367
v 0.0426781 -0.2293129 1.5461909
v 0.0313252 -0.2147586 1.4644173
v 0.0348580 -0.2270616 1.4857405
v 0.0071781 -0.0846586 1.3840430
v 0.0060147 -0.0802934 1.3741069
v 0.0066299 -0.0247278 0.7929251
v 0.0073155 -0.0800411 1.3620257
v -0.0030862 -0.0126869 0.7909115
v -0.0978754 0.1119855 1.1569875
v 0.0525925 0.0751615 0.1829373
v 0.0423323 0.0858062 0.1874078
v 0.0460480 0.0900301 0.1587117
v 0.0546220 0.0786034 0.1550755
v 0.0418846 0.1184189 0.1992491
v 0.0368355 0.1055908 0.1946323
v 0.0532582 0.1281631 0.2013844
v 0.0675708 0.1315332 0.2002791
v 0.0636682 0.1327050 0.1711259
v 0.0506963 0.1315284 0.1721069
v 0.0798440 0.1291206 0.1981389
v 0.0876967 0.1268585 0.1672434
v 0.0912944 0.1237460 0.1957349
v 0.1039261 0.1110072 0.1913408
v 0.0990535 0.1138642 0.1640244
v 0.1096109 0.0919900 0.1833284
v 0.1051465 0.0953880 0.1570678
v 0.1044363 0.0748313 0.1771647
v 0.0668494 0.0676559 0.1783931
v 0.0676196 0.0686954 0.1511813
v 0.0405824 0.1226522 0.1700506
v 0.0380392 0.1105874 0.1655314
v 0.0414213 0.0998025 0.1617427
v 0.0377973 0.0958659 0.1909695
v 0.0469613 0.0924091 0.1303803
v 0.0530286 0.0774128 0.1274393
v 0.0379480 0.1275971 0.1418801
v 0.0401145 0.1138015 0.1368333
v 0.0594838 0.1362808 0.1438085
v 0.0467639 0.1373371 0.1448566
v 0.0870489 0.1329793 0.1412759
v 0.0734100 0.1353176 0.1425404
v 0.0755290 0.1305546 0.1693419
v 0.0975134 0.1194283 0.1382904
v 0.1061119 0.0983995 0.1325904
v 0.0678015 0.0662196 0.1245017
v 0.0432821 0.1030807 0.1330591
v 0.1957806 0.0027062 0.0072611
v 0.1952282 0.0014274 0.0118953
v 0.1919540 -0.0018701 0.0118163
v 0.1904322 -0.0019997 0.0063597
v 0.1689817 -0.0294855 0.0021328
v 0.1703064 -0.0343602 0.0118018
v 0.1617543 -0.0369987 0.0108459
v 0.1580434 -0.0337336 0.0000000
v 0.1824409 -0.0171240 0.0032179
v 0.1810515 -0.0133869 0.0008782
v 0.1848441 -0.0099924 0.0008600
v 0.1890018 -0.0122424 0.0033206
v 0.1968944 0.0381737 0.0180343
v 0.1947332 0.0409836 0.0141583
v 0.1973733 0.0448824 0.0149528
v 0.1999392 0.0438613 0.0184181
v 0.1954096 0.0164693 0.0101063
v 0.1931301 0.0196450 0.0065449
v 0.1957808 0.0232210 0.0076646
v 0.1989799 0.0222042 0.0105312
v 0.1599397 -0.0153212 0.0225504
v 0.1476172 -0.0217457 0.0246358
v 0.1551733 -0.0310077 0.0156538
v 0.1669406 -0.0260105 0.0169959
v 0.1465838 -0.0299566 0.0082271
v 0.1380042 -0.0194631 0.0155757
v 0.1412646 -0.0126786 0.0081508
v 0.1497146 -0.0228646 0.0041741
v 0.1533439 -0.0075569 0.0069235
v 0.1600612 -0.0172589 0.0032541
v 0.1624867 -0.0083788 0.0123191
v 0.1716281 -0.0181075 0.0085346
v 0.1796032 0.0022537 0.0141044
v 0.1775815 -0.0028288 0.0216058
v 0.1850842 -0.0100998 0.0140554
v 0.1883075 -0.0042010 0.0079110
v 0.1693107 -0.0107626 0.0202475
v 0.1788598 -0.0155581 0.0130751
v 0.1638683 -0.0102294 0.0101352
v 0.1655921 -0.0032086 0.0066083
v 0.1749357 -0.0104940 0.0028742
v 0.1732389 -0.0177036 0.0062646
v 0.1731363 0.0029796 0.0076792
v 0.1816905 -0.0040666 0.0030734
v 0.1880950 0.0131125 0.0237004
v 0.1806464 0.0054250 0.0216513
v 0.1874265 0.0007537 0.0150075
v 0.1929379 0.0059242 0.0156987
v 0.1823372 -0.0003452 0.0072512
v 0.1758298 0.0054834 0.0119006
v 0.1779977 0.0117566 0.0085172
v 0.1851605 0.0051392 0.0047743
v 0.1851479 0.0180434 0.0099489
v 0.1909938 0.0100824 0.0050661
v 0.1906146 0.0176071 0.0169933
v 0.1956914 0.0100313 0.0103615
v 0.1952494 0.0367941 0.0207176
v 0.1940704 0.0326515 0.0275651
v 0.1977008 0.0256589 0.0199648
v 0.1986468 0.0294725 0.0141952
v 0.1894818 0.0253622 0.0257187
v 0.1938561 0.0204536 0.0195363
v 0.1897038 0.0177343 0.0147352
v 0.1869260 0.0231315 0.0194334
v 0.1853372 0.0291159 0.0123867
v 0.1886990 0.0225535 0.0080831
v 0.1902191 0.0366688 0.0134407
v 0.1940055 0.0286769 0.0087049
v 0.1962782 0.0536813 0.0319798
v 0.1996661 0.0471910 0.0266332
v 0.1991937 0.0505613 0.0215673
v 0.1939640 0.0581043 0.0263337
v 0.1938384 0.0459223 0.0309771
v 0.1967788 0.0416013 0.0262525
v 0.1926279 0.0398785 0.0214572
v 0.1911135 0.0441578 0.0250928
v 0.1876637 0.0486757 0.0177291
v 0.1902665 0.0437078 0.0148396
v 0.1905824 0.0557312 0.0197400
v 0.1950210 0.0498543 0.0157264
v 0.1559333 -0.0026603 0.0282632
v 0.1409513 -0.0115112 0.0329373
v 0.1567879 -0.0289995 0.0014313
v 0.1312445 -0.0084946 0.0217696
v 0.1626114 -0.0256918 0.0008861
v 0.1507563 0.0037752 0.0110539
v 0.1352009 -0.0011309 0.0133692
v 0.1584852 -0.0048608 0.0149056
v 0.1880731 -0.0142483 0.0091304
v 0.1664482 0.0169125 0.0121722
v 0.1726788 0.0087201 0.0157288
v 0.1841456 -0.0175667 0.0088545
v 0.1704652 0.0096832 0.0289552
v 0.1801363 0.0272951 0.0303043
v 0.1897703 0.0017163 0.0033274
v 0.1927187 0.0043607 0.0032225
v 0.1780842 0.0330141 0.0144937
v 0.1862899 0.0246250 0.0212960
v 0.1991514 0.0209343 0.0153505
v 0.1841144 0.0500595 0.0182372
v 0.1916942 0.0442964 0.0255009
v 0.1969968 0.0178631 0.0151354
v 0.1875004 0.0455968 0.0347178
v 0.2000755 0.0429749 0.0221762
v 0.1855410 0.0648371 0.0223564
v 0.1886791 0.0688311 0.0314748
v 0.1987068 0.0396718 0.0221884
v 0.1903205 0.0615302 0.0380810
v 0.0822079 0.0653120 0.1483376
v 0.0810427 0.0640233 0.1750699
v 0.0939485 0.0661922 0.1739878
v 0.0943188 0.0684572 0.1477636
v 0.1023066 0.0783521 0.1510694
v 0.0842449 0.0628495 0.1235655
v 0.0973249 0.0678212 0.1240603
v 0.1043589 0.0797960 0.1267876
v 0.0988765 0.1274410 0.1173809
v 0.0861823 0.1405805 0.1215418
v 0.0703582 0.1409798 0.1221357
v 0.0562898 0.1435589 0.1233383
v 0.0425428 0.1450295 0.1243630
v 0.0696920 0.0661041 0.1018536
v 0.0884952 0.0585818 0.1028060
v 0.1040856 0.0626670 0.1046912
v 0.1115569 0.0779463 0.1073613
v 0.1301600 -0.0020793 0.0421792
v 0.1460128 0.0071969 0.0447318
v 0.1338758 0.0180713 0.0575072
v 0.1189309 0.0142955 0.0472028
v 0.1583024 0.0205955 0.0430852
v 0.1468110 0.0318469 0.0582861
v 0.1676993 0.0374911 0.0430159
v 0.1548735 0.0487508 0.0567809
v 0.1749308 0.0553905 0.0447138
v 0.1606505 0.0662273 0.0556490
v 0.1803468 0.0718585 0.0451826
v 0.1651162 0.0834810 0.0529815
v 0.1813541 0.0819709 0.0378051
v 0.1673821 0.0953418 0.0451287
v 0.1201044 0.0024201 0.0271455
v 0.1110014 0.0200955 0.0329933
v 0.1247427 0.0132964 0.0168273
v 0.1156320 0.0306749 0.0218023
v 0.1373755 0.0234375 0.0173622
v 0.1267920 0.0412235 0.0224012
v 0.1638880 0.0938010 0.0320177
v 0.1768691 0.0785301 0.0256812
v 0.1505598 0.0374870 0.0190171
v 0.1387893 0.0550413 0.0247625
v 0.1615291 0.0526739 0.0199637
v 0.1487632 0.0699595 0.0256593
v 0.1699591 0.0668278 0.0218146
v 0.1568827 0.0834950 0.0272930
v 0.1170072 0.0327074 0.0680035
v 0.1322479 0.0430807 0.0747419
v 0.1388196 0.0602270 0.0728748
v 0.1435076 0.0787956 0.0698283
v 0.1466263 0.0970077 0.0627891
v 0.1498609 0.1096439 0.0533281
v 0.1262420 0.0968857 0.0880690
v 0.1268180 0.1132797 0.0703614
v 0.1294964 0.1227582 0.0583731
v 0.1105976 0.1366642 0.0638161
v 0.1090842 0.1304700 0.0770877
v 0.0768799 0.1568709 0.0845424
v 0.0915257 0.1452899 0.0820449
v 0.0937378 0.1521363 0.0690113
v 0.0785473 0.1649359 0.0704642
v 0.1104440 0.1197298 0.0937471
v 0.0935614 0.1354263 0.0990953
v 0.0783018 0.1444747 0.1025003
v 0.0515989 0.1726448 0.0724548
v 0.0515000 0.1678287 0.0884727
v 0.0649406 0.1640119 0.0864187
v 0.0658283 0.1716850 0.0715444
v 0.0352096 0.1664575 0.0698811
v 0.0342029 0.1637682 0.0870921
v 0.0274713 0.1455445 0.0806404
v 0.0271338 0.1492013 0.0646644
v 0.0537590 0.1545409 0.1062322
v 0.0659155 0.1502447 0.1041056
v 0.0389494 0.1535339 0.1062402
v 0.0326074 0.1381031 0.1009311
v 0.0333973 0.1267702 0.0751171
v 0.0376775 0.1214745 0.0956708
v 0.0312259 0.1304329 0.0594444
v 0.1051901 0.0339126 0.0526301
v 0.1016030 0.0407529 0.0410061
v 0.1247777 0.0705833 0.0912679
v 0.1165371 0.0537082 0.0902090
v 0.0964447 0.0495734 0.0825363
v 0.0874403 0.0523406 0.0601944
v 0.0872517 0.0618026 0.0466491
v 0.0702446 0.0708118 0.0630567
v 0.0723360 0.0796443 0.0507036
v 0.1052225 0.0501942 0.0319353
v 0.0919485 0.0706155 0.0408227
v 0.0765706 0.0879098 0.0447910
v 0.0564301 0.0874303 0.0660562
v 0.0578674 0.0945125 0.0533019
v 0.0479101 0.1023153 0.0698869
v 0.0473266 0.1070829 0.0555993
v 0.0389126 0.1177413 0.0572206
v 0.0412613 0.1140241 0.0725307
v 0.0485249 0.0987950 0.0890204
v 0.0433070 0.1098557 0.0923050
v 0.0573369 0.0839450 0.0847254
v 0.0718859 0.0664312 0.0823067
v 0.1473767 0.1099452 0.0399867
v 0.1283842 0.1240639 0.0471108
v 0.1089174 0.1368289 0.0534478
v 0.0915065 0.1518593 0.0565048
v 0.0758101 0.1624654 0.0575456
v 0.0641839 0.1678346 0.0585131
v 0.0520298 0.1687653 0.0596984
v 0.0395278 0.1620949 0.0590036
v 0.0331328 0.1499732 0.0554350
v 0.0364507 0.1358286 0.0503640
v 0.0426425 0.1247125 0.0469188
v 0.0617771 0.1025962 0.0455480
v 0.0505886 0.1143868 0.0454637
v 0.0542089 0.0792879 0.1038922
v 0.0459307 0.0940805 0.1080995
v 0.0427158 0.1053125 0.1114782
v 0.0365130 0.1316189 0.1198116
v 0.0402748 0.1165089 0.1148987
v 0.1138429 0.0614031 0.0298372
v 0.1244676 0.0749778 0.0316129
v 0.1335226 0.0890809 0.0327018
v 0.1409839 0.1012961 0.0344878
v 0.1231709 0.1175128 0.0414414
v 0.1159040 0.1070472 0.0393946
v 0.1069095 0.0939078 0.0375574
v 0.0985521 0.0806362 0.0380664
v 0.1042905 0.1309537 0.0466988
v 0.0980688 0.1217387 0.0438795
v 0.0892073 0.1102441 0.0418237
v 0.0823818 0.0979556 0.0416997
v 0.0667625 0.1122465 0.0422388
v 0.0723501 0.1235525 0.0436764
v 0.0804420 0.1339622 0.0462536
v 0.0859224 0.1435079 0.0497162
v 0.0714194 0.1531396 0.0517913
v 0.0667260 0.1433308 0.0486558
v 0.0598927 0.1334595 0.0458678
v 0.0553377 0.1237281 0.0439928
v 0.0619473 0.1581163 0.0531565
v 0.0444891 0.1570464 0.0540259
v 0.0532366 0.1599039 0.0540762
v 0.0396826 0.1496860 0.0514694
v 0.0428697 0.1403454 0.0483084
v 0.0483209 0.1320390 0.0457252
v 0.0482063 0.1450582 0.0495127
v 0.0532065 0.1398286 0.0477464
v 0.0587963 0.1488445 0.0503354
v 0.0525379 0.1520711 0.0516693
v 0.0450355 0.1494217 0.0512324
v 0.0473547 0.1529467 0.0523112
v 0.1092599 0.1021731 0.1093486
v -0.0464174 -0.0158227 1.4751099
v -0.0810423 0.0319292 1.4239706
v 0.1120723 -0.0341775 0.4449647
v 0.1272217 -0.0289958 0.4430978
v 0.1402855 -0.0212481 0.4462204
v 0.1677760 -0.0083323 0.8684231
v 0.1173693 -0.0108733 1.1141818
v 0.1049857 0.0028336 1.1488730
v 0.1112655 -0.0033259 1.1322443
v 0.1710510 -0.0093631 0.8430888
v 0.0996628 0.0745138 1.1733303
v -0.0796356 0.0980943 0.8361243
v -0.0928149 0.0548395 1.3949012
v 0.0940829 -0.0190329 1.2787483
v -0.0880474 0.1216815 0.9215060
v 0.1063651 -0.1140797 1.5308864
v 0.1032435 -0.1124042 1.5304444
v 0.1020468 -0.1107088 1.5275125
v 0.1002674 -0.1063394 1.5278808
v 0.0992267 -0.1029658 1.5276522
v 0.0992410 -0.1006781 1.5274110
v 0.1030760 -0.1082470 1.5291769
v 0.1016937 -0.1065383 1.5331688
v 0.1029534 -0.1092356 1.5313024
v 0.1042617 -0.1101268 1.5300209
v 0.0132377 -0.0746121 1.2924465
v 0.0151832 -0.0737840 1.2773499
v 0.0167235 -0.0716834 1.2644139
v 0.0179532 -0.0697602 1.2517132
v 0.0310592 -0.2155914 1.4598006
v 0.0820083 -0.0995015 1.0513327
v 0.0783947 -0.0958444 1.0680565
v -0.0705497 0.0981169 1.0776926
v 0.0816862 -0.1007050 1.0032564
v 0.0758231 -0.0940789 1.0851282
v -0.1208240 0.1164878 1.2570815
v 0.0193599 -0.0674727 1.2412205
v 0.0802077 -0.1001475 0.9852918
v -0.1153405 0.0923590 1.3407627
v 0.0701398 -0.0893215 1.1063970
v 0.0798111 -0.0977094 0.9034723
v 0.0468899 -0.0708199 1.1567786
v 0.0030058 -0.2214064 1.5835061
v -0.0116239 -0.2117370 1.5784025
v -0.0056389 -0.2177802 1.5669186
v 0.0067623 -0.2253782 1.5686247
v -0.0027616 -0.2221144 1.5572256
v 0.0080667 -0.2270601 1.5565312
v -0.0201966 -0.2015932 1.5711714
v -0.0145187 -0.2089589 1.5628242
v -0.0269273 -0.1962796 1.5308614
v -0.0235655 -0.1974148 1.5395303
v -0.0297371 -0.1901016 1.5395346
v -0.0333587 -0.1872399 1.5279124
v -0.0311857 -0.1906583 1.5042514
v -0.0355234 -0.1789638 1.4981154
v -0.0301851 -0.1868385 1.4874453
v -0.0251685 -0.1963778 1.4945735
v 0.0103198 -0.2154732 1.5018616
v 0.0080145 -0.2156260 1.5083409
v 0.0015358 -0.2147698 1.5034657
v 0.0045819 -0.2139290 1.4962250
v 0.0214806 -0.2212683 1.5100897
v 0.0270145 -0.2270992 1.5117241
v 0.0268443 -0.2233943 1.5181273
v 0.0207000 -0.2189019 1.5156727
v 0.0147665 -0.2147246 1.4958834
v 0.0089038 -0.2123381 1.4902785
v 0.0171649 -0.2190787 1.5017412
v 0.0157671 -0.2173577 1.5066794
v 0.0214303 -0.2277544 1.4939314
v 0.0249839 -0.2318985 1.4932122
v 0.0249228 -0.2333473 1.4988713
v 0.0206228 -0.2273651 1.4991978
v 0.0164214 -0.2192256 1.4947926
v 0.0201829 -0.2203247 1.4910728
v 0.0196515 -0.2235522 1.4932698
v 0.0173931 -0.2224399 1.4975548
v 0.0216217 -0.2241804 1.5044525
v 0.0264095 -0.2305993 1.5054095
v 0.0313311 -0.2365863 1.5052089
v 0.0301599 -0.2388723 1.4970363
v -0.0072821 -0.2081705 1.4852342
v -0.0022478 -0.2087361 1.4808851
v 0.0029607 -0.2108373 1.4855659
v -0.0015673 -0.2117062 1.4908261
v 0.0183915 -0.2166261 1.4888894
v 0.0144735 -0.2158651 1.4735147
v 0.0206207 -0.2186165 1.4732944
v 0.0208641 -0.2192813 1.4772906
v 0.0141618 -0.2163662 1.4776033
v -0.0161246 -0.1984505 1.4726620
v -0.0176110 -0.1935873 1.4645400
v -0.0100604 -0.1985848 1.4634891
v -0.0093270 -0.2018015 1.4700843
v -0.0083727 -0.1964981 1.4564255
v -0.0160727 -0.1898160 1.4552982
v -0.0075161 -0.1876793 1.4379511
v -0.0005847 -0.1980515 1.4432275
v -0.0048928 -0.1961805 1.4500157
v -0.0126346 -0.1878287 1.4465758
v 0.0124665 -0.2052122 1.4470136
v 0.0053280 -0.2008763 1.4368783
v 0.0120329 -0.2031582 1.4322708
v 0.0183767 -0.2065734 1.4446819
v 0.0140564 -0.2113879 1.4679449
v 0.0145332 -0.2139456 1.4702741
v 0.0098892 -0.2113254 1.4703977
v 0.0097816 -0.2095174 1.4685323
v 0.0051303 -0.2072421 1.4691174
v 0.0057506 -0.2080153 1.4697419
v 0.0042360 -0.2080432 1.4706582
v 0.0033284 -0.2065551 1.4691909
v 0.0071410 -0.2081842 1.4688151
v 0.0061164 -0.2074079 1.4678657
v 0.0083995 -0.2084888 1.4665545
v 0.0120379 -0.2107693 1.4649222
v 0.0259774 -0.2156904 1.4605083
v 0.0271762 -0.2151029 1.4650731
v 0.0239620 -0.2143684 1.4656677
v 0.0218495 -0.2150763 1.4614885
v 0.0059584 -0.2099473 1.4718825
v 0.0093863 -0.2124438 1.4728649
v 0.0083030 -0.2130928 1.4762210
v 0.0041081 -0.2102542 1.4742023
v 0.0013330 -0.2097441 1.4772344
v -0.0020077 -0.2066302 1.4736696
v 0.0015502 -0.2077692 1.4718854
v 0.0040189 -0.2059948 1.4672876
v 0.0003092 -0.2055027 1.4692856
v 0.0007824 -0.2039450 1.4662346
v 0.0027190 -0.2043972 1.4628507
v 0.0061392 -0.2069849 1.4649996
v 0.0096535 -0.2090239 1.4624929
v 0.0060834 -0.2060014 1.4592965
v 0.0111086 -0.2079693 1.4559197
v 0.0145146 -0.2115907 1.4596777
v 0.0063654 -0.2124939 1.4805334
v -0.0038489 -0.2037429 1.4696367
v -0.0064919 -0.2050055 1.4761177
v -0.0037789 -0.2017063 1.4646090
v -0.0018146 -0.2011144 1.4597005
v 0.0064937 -0.2039025 1.4503698
v 0.0014319 -0.2022267 1.4547406
v -0.0009153 -0.1890275 1.4296053
v 0.0076997 -0.1900947 1.4242858
v -0.0003896 -0.2218553 1.5502483
v 0.0084488 -0.2244937 1.5492546
v -0.0023359 -0.2170007 1.5433374
v 0.0016278 -0.2186657 1.5432211
v 0.0011924 -0.2198206 1.5459013
v -0.0036391 -0.2172259 1.5459787
v -0.0170387 -0.2021949 1.5401514
v -0.0199987 -0.2013858 1.5337287
v -0.0134402 -0.2051506 1.5367754
v -0.0118107 -0.2066422 1.5406345
v -0.0070384 -0.2101483 1.5270004
v -0.0031638 -0.2121249 1.5333352
v -0.0062994 -0.2108688 1.5348424
v -0.0110987 -0.2082273 1.5292096
v 0.0005726 -0.2134929 1.5321341
v -0.0019686 -0.2118949 1.5261466
v 0.0031502 -0.2131174 1.5263693
v 0.0047001 -0.2141815 1.5317095
v 0.0082787 -0.2205758 1.5456015
v 0.0071307 -0.2195634 1.5427508
v 0.0129497 -0.2179478 1.5417879
v 0.0151941 -0.2190296 1.5446056
v 0.0208484 -0.2117906 1.5345728
v 0.0238162 -0.2130223 1.5337123
v 0.0242186 -0.2142755 1.5377002
v 0.0208204 -0.2128352 1.5369460
v 0.0192913 -0.2122191 1.5329973
v 0.0209162 -0.2129480 1.5310086
v 0.0134175 -0.2218871 1.6045581
v -0.0028900 -0.2127291 1.6001871
v 0.0170591 -0.2275157 1.5852521
v -0.0170076 -0.2017928 1.5912300
v -0.0252818 -0.1913566 1.5805387
v -0.0333451 -0.1783763 1.4793712
v -0.0256139 -0.1866339 1.4700804
v -0.0233012 -0.1933731 1.4785911
v -0.0335836 -0.1712018 1.4693948
v -0.0250624 -0.1812598 1.4596859
v -0.0142941 -0.1721059 1.4379082
v -0.0218546 -0.1759279 1.4479250
v -0.0403458 -0.1583727 1.4831571
v -0.0398549 -0.1505544 1.4752084
v -0.0307607 -0.1630793 1.4583200
v -0.0437174 -0.1409581 1.4925939
v -0.0416498 -0.1336486 1.4912928
v -0.0372918 -0.1403211 1.4683021
v -0.0245402 -0.1316331 1.4333755
v -0.0382070 -0.1275258 1.4447981
v -0.0429511 -0.1203622 1.4383691
v -0.0282679 -0.1241893 1.4268588
v -0.0391632 -0.1673250 1.4914049
v -0.0311032 -0.1839673 1.5524138
v -0.0361656 -0.1791386 1.5394460
v -0.0250066 -0.1939116 1.5494821
v -0.0258778 -0.1721818 1.6165023
v -0.0349231 -0.1665728 1.6007310
v -0.0295880 -0.1792413 1.5906620
v -0.0209422 -0.1879196 1.6046163
v 0.0078524 -0.1834481 1.6433985
v -0.0113333 -0.1785308 1.6316603
v -0.0075012 -0.1981609 1.6169344
v 0.0104321 -0.2070769 1.6254460
v -0.0383696 -0.1515620 1.6073202
v -0.0291529 -0.1518015 1.6238059
v -0.0347416 -0.1297568 1.6256774
v -0.0415600 -0.1347021 1.6096295
v -0.0162858 -0.1523235 1.6414327
v -0.0214911 -0.1252554 1.6435240
v -0.0418177 -0.1238958 1.4989091
v -0.0435176 -0.1247413 1.4804294
v -0.0449020 -0.1227772 1.4667246
v -0.0350263 -0.1337739 1.4542135
v -0.0043056 -0.1205167 1.6563572
v 0.0025890 -0.1526739 1.6541279
v -0.0401376 -0.0850529 1.5938604
v -0.0460684 -0.0980883 1.5838569
v -0.0459592 -0.1093390 1.5960241
v -0.0391023 -0.0957297 1.6101146
v -0.0312372 -0.0706131 1.6040651
v -0.0289701 -0.0826364 1.6224695
v -0.0360229 -0.0808197 1.5410585
v -0.0268910 -0.0670849 1.5466265
v -0.0263744 -0.0727917 1.5285086
v -0.0358840 -0.0841401 1.5241789
v -0.0109622 -0.2158684 1.5551372
v -0.0163006 -0.2083719 1.5517400
v -0.0109661 -0.2121692 1.5478486
v -0.0065253 -0.2175524 1.5497492
v -0.0259729 -0.1915161 1.5621451
v -0.0204823 -0.2007715 1.5567466
v -0.0357130 -0.1702120 1.5788214
v -0.0391394 -0.1603937 1.5868814
v -0.0455992 -0.1357512 1.5958609
v -0.0430333 -0.1486035 1.5925011
v -0.0479666 -0.1080421 1.5741841
v -0.0485978 -0.1148386 1.5820887
v -0.0429172 -0.1107833 1.5147487
v -0.0405610 -0.0975675 1.5196842
v -0.0427516 -0.0982937 1.5005509
v -0.0455041 -0.1104393 1.4934755
v -0.0306705 -0.0750930 1.5121499
v -0.0363266 -0.0864769 1.5073034
v -0.0527694 -0.1061596 1.4679089
v -0.0496235 -0.0935728 1.4766611
v -0.0555747 -0.0909650 1.4692379
v -0.0572188 -0.1023492 1.4601827
v -0.0532868 -0.0787412 1.4762550
v -0.0451002 -0.0821651 1.4838073
v -0.0394421 -0.0717366 1.4894481
v -0.0488405 -0.0672569 1.4811691
v -0.0035792 -0.1240121 1.4117773
v -0.0145867 -0.1245871 1.4184579
v -0.0186033 -0.1173447 1.4126491
v -0.0063380 -0.1156299 1.4064864
v -0.0622220 -0.0985029 1.4541704
v -0.0638615 -0.0880038 1.4651831
v -0.0398194 -0.0943354 1.5374759
v -0.0430169 -0.1057800 1.5350317
v -0.0631086 -0.0753519 1.4727089
v -0.0445328 -0.0964400 1.4873646
v -0.0393929 -0.0858138 1.4935891
v -0.0217178 -0.0647925 1.5144560
v -0.0165338 -0.0612318 1.5317480
v 0.0143655 -0.2164838 1.5123348
v 0.0131654 -0.2136022 1.5281336
v 0.0174192 -0.2133406 1.5292360
v 0.0168630 -0.2132539 1.5323039
v 0.0132228 -0.2138978 1.5318151
v 0.0322962 -0.2323780 1.5634199
v 0.0197223 -0.2306475 1.5666969
v 0.0193945 -0.2297315 1.5529597
v 0.0315681 -0.2287962 1.5474257
v -0.0174744 -0.2070448 1.5041787
v -0.0130442 -0.2078956 1.4923361
v -0.0056095 -0.2126784 1.4980981
v -0.0072837 -0.2125573 1.5078796
v -0.0086323 -0.2096525 1.5407190
v -0.0071679 -0.2121783 1.5420294
v -0.0095554 -0.2100640 1.5433453
v -0.0123477 -0.2034617 1.4794299
v -0.0189139 -0.2006679 1.4856944
v -0.0386902 -0.1743947 1.5254157
v -0.0195506 -0.2014170 1.5470713
v 0.0289778 -0.1863769 1.6490073
v 0.0301976 -0.2119280 1.6292698
v 0.0251304 -0.1531853 1.6611363
v 0.0195022 -0.1185793 1.6635259
v -0.0133725 -0.0715925 1.6331431
v 0.0045571 -0.0622429 1.6410677
v 0.0013036 -0.0474077 1.6192435
v -0.0179709 -0.0578884 1.6114306
v -0.0189246 -0.0514934 1.5499398
v -0.0320349 -0.0617981 1.4925660
v -0.0407115 -0.0568063 1.4837200
v 0.0316997 -0.2268348 1.6054686
v 0.0320627 -0.2308430 1.5837376
v -0.0313664 -0.1809583 1.5689708
v -0.0282612 -0.1973444 1.5216425
v -0.0253807 -0.2007176 1.5123952
v -0.0187672 -0.2064183 1.5214054
v -0.0209866 -0.2031259 1.5273973
v -0.0338322 -0.1867924 1.5155518
v -0.0383242 -0.1731553 1.5105807
v -0.0428286 -0.1577661 1.5067307
v -0.0445216 -0.1481026 1.4976470
v -0.0364275 -0.1092446 1.6218658
v -0.0440552 -0.1192224 1.6070791
v -0.0108746 -0.0920444 1.6497327
v -0.0265594 -0.1015274 1.6370557
v -0.0467271 -0.1228030 1.5957424
v 0.0115465 -0.0867945 1.6588126
v 0.0215027 -0.2193827 1.4816005
v 0.0233106 -0.2198517 1.4854807
v 0.0138489 -0.2154757 1.4836356
v 0.0196027 -0.2130269 1.4574892
v 0.0170227 -0.2094742 1.4530879
v 0.0218745 -0.2092627 1.4518545
v 0.0242771 -0.2133561 1.4563044
v 0.0059530 -0.1726499 1.4231105
v -0.0038422 -0.1717881 1.4292667
v -0.0006165 -0.1335676 1.4167638
v -0.0112898 -0.1326446 1.4239504
v 0.0251162 -0.2256247 1.4920462
v 0.0237074 -0.2233827 1.4919886
v 0.0260625 -0.2239783 1.4918442
v 0.0266079 -0.2258922 1.4919707
v 0.0070093 -0.2094114 1.4703664
v 0.0255057 -0.2197025 1.4723383
v 0.0249028 -0.2176251 1.4690423
v 0.0279743 -0.2177677 1.4682456
v 0.0287427 -0.2198758 1.4714173
v -0.0230046 -0.1541265 1.4450014
v -0.0222397 -0.1412154 1.4398310
v -0.0534244 -0.1129166 1.4496876
v -0.0485811 -0.1179909 1.4573861
v -0.0489987 -0.1092185 1.4783259
v -0.0351393 -0.0745394 1.4998629
v -0.0261163 -0.0649172 1.5028125
v -0.0154484 -0.0567824 1.5031579
v -0.0097260 -0.0561564 1.5159022
v -0.0076602 -0.1563532 1.4294545
v -0.0092753 -0.1433644 1.4274089
v 0.0018943 -0.1449840 1.4206140
v 0.0038474 -0.1574841 1.4223084
v 0.0304371 -0.2257462 1.4884592
v 0.0292028 -0.2234795 1.4881465
v 0.0309817 -0.2234716 1.4855856
v 0.0319858 -0.2266919 1.4868878
v 0.0229298 -0.2218001 1.4908442
v 0.0247047 -0.2204670 1.4880879
v 0.0252634 -0.2209222 1.4898623
v 0.0226798 -0.2235464 1.4917567
v 0.0237160 -0.2262651 1.4922619
v 0.0289560 -0.2301873 1.4911218
v 0.0300811 -0.2349234 1.4905329
v 0.0257323 -0.2291626 1.4917410
v 0.0285244 -0.2250052 1.4902894
v 0.0277807 -0.2230347 1.4896899
v 0.0256868 -0.2219045 1.4911539
v 0.0242698 -0.2221502 1.4915865
v 0.0283994 -0.2282481 1.4914642
v 0.0264729 -0.2272706 1.4918686
v 0.0323028 -0.2325842 1.5124012
v 0.0084897 -0.1323325 1.4123716
v 0.0108008 -0.1440404 1.4166249
v 0.0059185 -0.2077679 1.4691923
v 0.0174519 -0.2237114 1.5475491
v -0.0129399 -0.2100619 1.5178020
v 0.0071718 -0.2147457 1.5149696
v 0.0075469 -0.2138205 1.5211810
v 0.0013021 -0.2131174 1.5193455
v 0.0007679 -0.2143121 1.5113626
v 0.0253800 -0.2214256 1.5434807
v 0.0290246 -0.2180661 1.5377179
v 0.0340612 -0.2237610 1.5371385
v 0.0281945 -0.2166246 1.5315063
v 0.0239303 -0.2149365 1.5275281
v 0.0260130 -0.2193367 1.5233486
v 0.0322236 -0.2236453 1.5280006
v -0.0068758 -0.2135792 1.5452094
v -0.0051048 -0.2145316 1.5430440
v 0.0198672 -0.2163791 1.5205349
v 0.0187779 -0.2141085 1.5251488
v 0.0135117 -0.2139302 1.5232082
v 0.0136547 -0.2151011 1.5177733
v -0.0055574 -0.2120188 1.5178532
v -0.0138385 -0.2064563 1.5449431
v -0.0131555 -0.2059944 1.5327529
v -0.0442237 -0.1176500 1.5237719
v -0.0462869 -0.1131980 1.5369170
v -0.0459933 -0.1327930 1.5101951
v -0.0447695 -0.1290509 1.5132376
v -0.0410785 -0.1298055 1.5061207
v -0.0440254 -0.1346675 1.5045640
v -0.0483514 -0.1276787 1.5678426
v -0.0471899 -0.1319463 1.5665642
v -0.0464054 -0.1341954 1.5726064
v -0.0470565 -0.1265903 1.5742774
v -0.0465218 -0.1392500 1.5669655
v -0.0466092 -0.1384068 1.5636872
v -0.0465606 -0.1414583 1.5619844
v -0.0450897 -0.1417982 1.5692379
v -0.0443567 -0.1483346 1.5641946
v -0.0414374 -0.1541021 1.5742083
v -0.0441404 -0.1450551 1.5796448
v -0.0378449 -0.1698731 1.5546807
v -0.0387785 -0.1616425 1.5664012
v -0.0432940 -0.1525380 1.5573370
v -0.0417905 -0.1546184 1.5481701
v -0.0450170 -0.1451808 1.5138746
v -0.0464530 -0.1408569 1.5063495
v -0.0412718 -0.1234295 1.5127579
v -0.0313122 -0.0643980 1.5844780
v -0.0408132 -0.0799675 1.5769286
v -0.0452687 -0.0930759 1.5687847
v -0.0464387 -0.1039854 1.5622122
v -0.0204461 -0.0497636 1.5912557
v -0.0063897 -0.0384694 1.5915499
v -0.0414019 -0.1657911 1.5382333
v -0.0436775 -0.1524710 1.5359355
v -0.0373861 -0.0784355 1.5589468
v -0.0299731 -0.0625268 1.5652099
v -0.0416617 -0.0920961 1.5526839
v -0.0447856 -0.1031116 1.5489081
v -0.0195853 -0.0483756 1.5710734
v -0.0074440 -0.0358003 1.5701146
v -0.0085696 -0.0401262 1.5478292
v -0.0497570 -0.1363600 1.5191496
v -0.0512205 -0.1359053 1.5130689
v -0.0490932 -0.1365908 1.5107160
v -0.0474551 -0.1395951 1.5163546
v -0.0449443 -0.1492131 1.5241970
v -0.0430132 -0.1608879 1.5229618
v 0.0325547 -0.2286392 1.5198073
v 0.0192224 -0.2038593 1.4299890
v 0.0233271 -0.2075846 1.4433764
v 0.0266251 -0.2207101 1.4800093
v 0.0261094 -0.2206728 1.4760786
v 0.0293179 -0.2205992 1.4749044
v 0.0299377 -0.2210054 1.4786308
v 0.0212779 -0.2167477 1.5417377
v -0.0084864 -0.0511440 1.5322588
v -0.0209602 -0.0544954 1.4937448
v -0.0300047 -0.0485164 1.4851134
v -0.0593406 -0.0628670 1.4762015
v -0.0514580 -0.0518939 1.4786374
v 0.0305869 -0.2218238 1.4823051
v 0.0276275 -0.2213725 1.4833612
v 0.0284623 -0.2271827 1.4910043
v 0.0201462 -0.2164842 1.4697483
v 0.0274905 -0.2223037 1.4884997
v 0.0280128 -0.2219382 1.4863168
v 0.0329546 -0.2239533 1.4845484
v 0.0322581 -0.2218369 1.4817357
v 0.0083269 -0.2137769 1.5273282
v 0.0090132 -0.2143633 1.5316583
v 0.0304043 -0.2285369 1.4895174
v 0.0318220 -0.2305231 1.4880367
v -0.0332654 -0.1175750 1.4209980
v -0.0482368 -0.1150434 1.4316161
v 0.0301704 -0.2175901 1.4678904
v 0.0308155 -0.2197136 1.4709587
v -0.0442095 -0.1448108 1.5440432
v -0.0445080 -0.1450759 1.5516958
v -0.0476589 -0.1392462 1.5483225
v -0.0469866 -0.1386729 1.5418058
v 0.0055629 -0.1225944 1.4074443
v -0.0577931 -0.1078677 1.4428377
v -0.0404702 -0.0410533 1.4806878
v -0.0082813 -0.2095231 1.5367142
v -0.0090776 -0.2088548 1.5388097
v 0.0180626 -0.2151591 1.5399702
v 0.0170130 -0.2135892 1.4631723
v 0.0193310 -0.2133205 1.4668259
v 0.0125687 -0.1575517 1.4191352
v 0.0335214 -0.2272351 1.4859271
v -0.0474183 -0.1336982 1.5577053
v -0.0475461 -0.1331713 1.5543252
v -0.0501199 -0.1352511 1.5533847
v -0.0494651 -0.1366902 1.5562202
v -0.0494803 -0.1423521 1.5586307
v -0.0500876 -0.1418379 1.5625443
v -0.0523644 -0.1397088 1.5596551
v -0.0513996 -0.1392619 1.5566544
v -0.0459193 -0.1440988 1.5578481
v -0.0483347 -0.1414233 1.5540233
v -0.0523510 -0.1404922 1.5646650
v -0.0526984 -0.1387666 1.5621566
v -0.0469312 -0.1362163 1.5649869
v -0.0492766 -0.1391122 1.5657988
v -0.0504096 -0.1351990 1.5689881
v -0.0546124 -0.1372415 1.5671965
v -0.0533892 -0.1294491 1.5708096
v -0.0577841 -0.1322134 1.5684919
v -0.0555655 -0.1235880 1.5686562
v -0.0600496 -0.1265391 1.5671422
v -0.0463058 -0.1412896 1.5243942
v -0.0463751 -0.1346924 1.5274986
v -0.0568383 -0.1201179 1.5633534
v -0.0615849 -0.1224757 1.5627651
v -0.0575169 -0.1166688 1.5563581
v -0.0621664 -0.1192460 1.5562953
v -0.0579607 -0.1147941 1.5488211
v -0.0621334 -0.1172760 1.5489431
v -0.0576672 -0.1146174 1.5399874
v -0.0616109 -0.1173707 1.5410169
v -0.0566973 -0.1168183 1.5285518
v -0.0603423 -0.1197165 1.5326406
v -0.0567619 -0.1261555 1.5644820
v -0.0548491 -0.1305155 1.5661375
v -0.0486714 -0.1245669 1.5649490
v -0.0535504 -0.1355236 1.5650364
v -0.0483626 -0.1245286 1.5507590
v -0.0482292 -0.1252351 1.5474195
v -0.0507659 -0.1287845 1.5474811
v -0.0480772 -0.1273596 1.5500961
v -0.0486784 -0.1352847 1.5411008
v -0.0492347 -0.1337670 1.5355358
v -0.0476580 -0.1377187 1.5344705
v -0.0480566 -0.1320607 1.5316788
v -0.0467579 -0.1318568 1.5362283
v -0.0475612 -0.1308374 1.5333559
v -0.0450813 -0.1326847 1.5398793
v -0.0482520 -0.1295856 1.5321243
v -0.0491993 -0.1304133 1.5304100
v -0.0473309 -0.1288716 1.5331993
v -0.0467207 -0.1297151 1.5338528
v -0.0456324 -0.1292460 1.5355019
v -0.0454723 -0.1281952 1.5385415
v -0.0457995 -0.1429861 1.5340678
v -0.0465890 -0.1210474 1.5294668
v -0.0492492 -0.1197439 1.5387070
v -0.0580450 -0.1241968 1.5251333
v -0.0552670 -0.1221530 1.5190218
v -0.0528918 -0.1334280 1.5114572
v -0.0543508 -0.1280917 1.5131662
v -0.0491160 -0.1219384 1.5604876
v -0.0503147 -0.1193884 1.5546469
v -0.0445818 -0.1257144 1.5206177
v -0.0498305 -0.1187303 1.5475687
v -0.0579740 -0.1216585 1.5356368
v -0.0560548 -0.1246176 1.5303756
v -0.0596035 -0.1196976 1.5417474
v -0.0503828 -0.1322735 1.5266860
v -0.0538145 -0.1288689 1.5272145
v -0.0553694 -0.1294220 1.5214503
v -0.0528580 -0.1337959 1.5196834
v -0.0535961 -0.1256057 1.5334170
v -0.0560618 -0.1240868 1.5375081
v -0.0501823 -0.1246468 1.5354686
v -0.0528222 -0.1237106 1.5392981
v -0.0491205 -0.1273278 1.5330222
v -0.0511557 -0.1280017 1.5309157
v -0.0466406 -0.1241212 1.5366239
v -0.0485292 -0.1226893 1.5419011
v -0.0470418 -0.1271799 1.5341330
v -0.0548936 -0.1244930 1.5427525
v -0.0514759 -0.1240119 1.5455206
v -0.0538962 -0.1273830 1.5485214
v -0.0563415 -0.1256893 1.5468544
v -0.0578963 -0.1228174 1.5420235
v -0.0587933 -0.1227072 1.5471607
v -0.0594009 -0.1190935 1.5483443
v -0.0582636 -0.1231226 1.5528402
v -0.0588616 -0.1200424 1.5548953
v -0.0564954 -0.1255480 1.5511159
v -0.0551483 -0.1282158 1.5510436
v -0.0582524 -0.1225674 1.5608404
v -0.0573879 -0.1248629 1.5576562
v -0.0561122 -0.1273805 1.5610189
v -0.0560181 -0.1268088 1.5550910
v -0.0549962 -0.1289659 1.5576987
v -0.0551506 -0.1282420 1.5535529
v -0.0543259 -0.1300339 1.5547110
v -0.0507245 -0.1368561 1.5614188
v -0.0498506 -0.1374015 1.5589949
v -0.0525280 -0.1344086 1.5624456
v -0.0517182 -0.1337893 1.5597154
v -0.0503948 -0.1352487 1.5599640
v -0.0491917 -0.1350196 1.5585484
v -0.0512103 -0.1337329 1.5569401
v -0.0498013 -0.1314725 1.5553532
v -0.0114676 -0.1021475 1.3934661
v 0.0003758 -0.0976392 1.3907120
v 0.0019822 -0.1047504 1.3969579
v -0.0092662 -0.1083978 1.4004555
v -0.0535274 -0.1316121 1.5591110
v -0.0529919 -0.1323461 1.5556964
v -0.0540982 -0.1308157 1.5626843
v -0.0520324 -0.1285944 1.5523745
v -0.0523316 -0.1308730 1.5535128
v -0.0541625 -0.1298886 1.5523603
v -0.0533725 -0.1288398 1.5510752
v -0.0476982 -0.1350671 1.5451218
v -0.0461749 -0.1309784 1.5437204
v -0.0469739 -0.1267800 1.5420030
v -0.0469486 -0.1027937 1.3920501
v -0.0449890 -0.1028010 1.4010790
v -0.0610565 -0.1053058 1.4119080
v -0.0644503 -0.1068417 1.4044028
v -0.0415697 -0.1136232 1.3657244
v -0.0638604 -0.1211240 1.3791125
v -0.0504612 -0.1237897 1.3514046
v -0.0377314 -0.1135228 1.3438019
v -0.0451101 -0.1220394 1.3273437
v -0.0354530 -0.1116621 1.3221979
v -0.0376165 -0.1163357 1.2691149
v -0.0261379 -0.1084223 1.2677561
v -0.0289707 -0.1091558 1.2844903
v -0.0397902 -0.1175840 1.2865991
v -0.0514304 -0.1244470 1.2103276
v -0.0490413 -0.1168214 1.1983428
v -0.0363365 -0.1128783 1.2019019
v -0.0405096 -0.1202821 1.2127291
v -0.0816991 -0.1507983 1.3025507
v -0.0785664 -0.1581692 1.3242368
v -0.0863359 -0.1597360 1.3164573
v -0.0907950 -0.1495928 1.2941127
v -0.1041024 -0.1157457 1.4252112
v -0.0862150 -0.1186998 1.4057686
v -0.0840044 -0.1108700 1.4118003
v -0.0988378 -0.1103226 1.4304131
v -0.1104727 -0.1221334 1.2199352
v -0.1044264 -0.1217477 1.2099214
v -0.0947877 -0.1260276 1.2143621
v -0.0988684 -0.1266743 1.2237822
v -0.0867413 -0.0913357 1.1507374
v -0.0855448 -0.0926392 1.1344622
v -0.0634376 -0.0966219 1.1361312
v -0.0659253 -0.0945962 1.1518332
v -0.1619451 -0.0683987 1.1712444
v -0.1815662 -0.0504154 1.1742290
v -0.1778501 -0.0458803 1.1559806
v -0.1592500 -0.0646972 1.1538152
v -0.0599924 -0.1284105 1.2701547
v -0.0492874 -0.1228632 1.2700455
v -0.0506203 -0.1246303 1.2878210
v -0.0609755 -0.1306171 1.2883105
v -0.0529786 -0.2487268 1.2514232
v -0.0503216 -0.2356020 1.2405994
v -0.0584186 -0.2206465 1.2582188
v -0.0614196 -0.2334682 1.2685641
v -0.1328190 -0.0791900 1.0713178
v -0.1485515 -0.0575473 1.0723832
v -0.1462455 -0.0634171 1.0580657
v -0.1286172 -0.0851587 1.0564953
v -0.1029316 -0.1918645 1.3614029
v -0.1041597 -0.1857991 1.3707247
v -0.1239206 -0.1887568 1.3834052
v -0.1224801 -0.1972912 1.3731528
v -0.0969399 -0.1354263 1.2625233
v -0.0867926 -0.1371815 1.2667939
v -0.0846158 -0.1429438 1.2838539
v -0.0946257 -0.1410222 1.2767694
v -0.1902081 -0.0624227 1.2096392
v -0.1739748 -0.0758424 1.2051537
v -0.1753237 -0.0809390 1.2239474
v -0.1900331 -0.0700385 1.2295241
v -0.1698291 -0.0719654 1.1870306
v -0.1873793 -0.0562231 1.1908068
v -0.0787903 -0.1364707 1.2691676
v -0.0698868 -0.1330500 1.2699382
v -0.0695527 -0.1371248 1.2890967
v -0.0764605 -0.1416052 1.2890184
v -0.0481515 -0.1079303 1.1879454
v -0.0326375 -0.1033200 1.1931371
v -0.1071044 -0.1021373 1.0551283
v -0.0835470 -0.1141334 1.0537937
v -0.0890902 -0.1089564 1.0705279
v -0.1121795 -0.0966977 1.0706659
v -0.0483770 -0.0945772 1.1681653
v -0.0481893 -0.0997008 1.1790470
v -0.0654127 -0.1020883 1.1763979
v -0.0669319 -0.0953772 1.1652302
v -0.0586307 -0.1211396 1.0526394
v -0.0321942 -0.1256703 1.0525301
v -0.0381106 -0.1188339 1.0719917
v -0.0640524 -0.1157514 1.0709316
v -0.0421719 -0.1193548 1.3058234
v -0.0324164 -0.1101943 1.3026245
v -0.0740614 -0.1275152 1.2092193
v -0.0743006 -0.1213028 1.1974273
v -0.0619965 -0.1199708 1.1969850
v -0.0631553 -0.1270076 1.2096625
v -0.1194177 -0.1317696 1.2743661
v -0.1034508 -0.1433753 1.2837245
v -0.0965269 -0.1563967 1.3053517
v -0.1157860 -0.1399562 1.2864488
v -0.1446721 -0.0674019 1.0435173
v -0.1269710 -0.0886206 1.0419475
v -0.0568207 -0.1249426 1.0344681
v -0.0299897 -0.1297288 1.0329598
v -0.1613557 -0.1276341 1.2813479
v -0.1663957 -0.1184395 1.2784747
v -0.1548382 -0.1227976 1.2791665
v -0.1501320 -0.1307101 1.2841778
v -0.0112893 -0.0982294 1.2155890
v -0.0216957 -0.1085462 1.2189754
v -0.0266514 -0.1096805 1.2081877
v -0.0194735 -0.0992222 1.2019906
v -0.0772231 -0.1128029 1.1857482
v -0.0824436 -0.1034909 1.1758110
v -0.0634624 -0.1110486 1.1853371
v -0.0019102 -0.0861978 1.2127048
v -0.0113194 -0.0865624 1.1933953
v -0.0213652 -0.1010905 1.2994225
v -0.0181961 -0.1005359 1.2821717
v -0.0231688 -0.1028035 1.3178462
v -0.0108478 -0.0939399 1.3141918
v -0.0113259 -0.0953487 1.3328810
v -0.0240459 -0.1037898 1.3373157
v -0.0115772 -0.0964015 1.3507904
v -0.0250961 -0.1044679 1.3561396
v -0.0295666 -0.0977059 1.3827165
v -0.0284953 -0.0994174 1.3922919
v -0.1070684 -0.1353238 1.2692678
v -0.1099240 -0.1301488 1.2569948
v -0.0819367 -0.1172526 1.0367182
v -0.1889597 -0.0539556 1.3934788
v -0.1935447 -0.0434824 1.3807270
v -0.1973601 -0.0640057 1.3750804
v -0.1942173 -0.0739439 1.3872521
v -0.1095680 -0.1219307 1.4233126
v -0.0905259 -0.1267220 1.4045359
v -0.2023048 -0.1031483 1.3054793
v -0.2054466 -0.0890984 1.3101233
v -0.2042772 -0.0876314 1.3016471
v -0.2001844 -0.1008227 1.2984382
v -0.1780251 -0.1241771 1.2815751
v -0.1725894 -0.1369658 1.2752885
v -0.1771938 -0.1400082 1.2775791
v -0.1822729 -0.1260584 1.2851019
v -0.1566919 -0.0395510 1.0592354
v -0.1578152 -0.0329499 1.0729320
v -0.2080653 0.0066150 1.2085668
v -0.2034487 -0.0127744 1.1919277
v -0.2076332 -0.0236062 1.2131078
v -0.2125316 -0.0086642 1.2319356
v -0.1118186 0.0406539 1.3946268
v -0.1161503 0.0493140 1.3824715
v -0.1366562 0.0331115 1.3847362
v -0.1326116 0.0231472 1.3972034
v -0.1656545 -0.0239369 1.4124009
v -0.1591766 -0.0315431 1.4228026
v -0.1416705 -0.0113750 1.4206970
v -0.1479675 -0.0029801 1.4105325
v -0.1821327 -0.0329140 1.3975016
v -0.1865043 -0.0235295 1.3846189
v -0.2000134 -0.0586837 1.2390497
v -0.2017598 -0.0484582 1.2194395
v -0.1968268 -0.0780116 1.2616244
v -0.1857515 -0.0852864 1.2549906
v -0.1829606 -0.0927470 1.2624508
v -0.1939573 -0.0873934 1.2673622
v -0.0933228 -0.1058989 1.4359201
v -0.1045972 -0.0941490 1.4475524
v -0.1129611 -0.1010980 1.4425312
v -0.1065396 -0.0380010 1.4512802
v -0.1115013 -0.0337775 1.4474608
v -0.1190036 -0.0487071 1.4471413
v -0.1112086 -0.0500282 1.4509965
v -0.1606420 0.0760192 1.3089237
v -0.1399110 0.0895172 1.3127240
v -0.1418025 0.0994684 1.2829606
v -0.1643004 0.0848768 1.2756371
v -0.1961852 -0.0910980 1.2777516
v -0.1888885 -0.1017487 1.2788184
v -0.1943956 -0.1000671 1.2850086
v -0.2003926 -0.0882512 1.2852859
v -0.2050311 -0.0774722 1.2834428
v -0.2089292 -0.0667369 1.2797199
v -0.2044344 -0.0719524 1.2699030
v -0.2008268 -0.0815812 1.2752046
v -0.2132919 -0.0242939 1.2496046
v -0.2093111 -0.0359852 1.2332908
v -0.2071255 -0.0489730 1.2512123
v -0.2133373 -0.0406179 1.2644016
v -0.1261369 0.1089514 1.1791324
v -0.1441424 0.0981997 1.1712250
v -0.1533441 0.0980308 1.2044524
v -0.1352402 0.1099952 1.2117337
v -0.1239106 -0.1498172 1.2925443
v -0.1088949 -0.1553514 1.2979772
v -0.1034473 -0.1608465 1.2934105
v -0.1187857 -0.1569580 1.2848044
v -0.1824228 -0.1619124 1.2811282
v -0.1781134 -0.1734563 1.2742293
v -0.1794567 -0.1778327 1.2788712
v -0.1841814 -0.1660334 1.2865174
v -0.1222332 -0.1618264 1.2618636
v -0.1112305 -0.1646228 1.2722113
v -0.1013283 -0.1737353 1.2558375
v -0.1135303 -0.1711859 1.2443491
v -0.1359456 -0.1175874 1.4312743
v -0.1142452 -0.1286369 1.4221915
v -0.1282013 -0.1121444 1.4341825
v -0.1502846 -0.1476539 1.2641810
v -0.1431460 -0.1585358 1.2492799
v -0.1521255 -0.1601062 1.2476285
v -0.1590897 -0.1473604 1.2623995
v -0.0632339 -0.2620165 1.2584550
v -0.0718376 -0.2465833 1.2758035
v -0.1155490 -0.1852874 1.2190723
v -0.1268379 -0.1899052 1.2146274
v -0.1341507 -0.1728306 1.2317840
v -0.1239630 -0.1712325 1.2361879
v -0.2006986 0.0181608 1.1825178
v -0.1967773 -0.0037044 1.1705871
v -0.1594224 0.0096450 1.0615554
v -0.1614419 -0.0142361 1.0607059
v -0.1613265 -0.0078840 1.0756127
v -0.1596722 0.0153347 1.0779023
v -0.1554462 -0.0431637 1.0448898
v -0.1581133 0.0050735 1.0457643
v -0.1601471 -0.0187143 1.0456091
v -0.0850609 -0.0873779 1.4584062
v -0.0851635 -0.0718338 1.4654981
v -0.0956358 -0.0717723 1.4595671
v -0.0949856 -0.0892824 1.4519486
v -0.1709113 -0.0713042 0.9468327
v -0.1684844 -0.0788098 0.9193021
v -0.1530954 -0.1084172 0.9243988
v -0.1558875 -0.0977225 0.9507256
v -0.0834307 -0.0350789 1.4644049
v -0.0911164 -0.0534675 1.4625711
v -0.0802697 -0.0553448 1.4683313
v -0.0724755 -0.0398864 1.4693799
v -0.1557328 -0.0896538 0.9723848
v -0.1709818 -0.0635542 0.9726464
v -0.0787048 -0.0985258 1.4452315
v -0.0864496 -0.1019880 1.4401941
v -0.0747345 -0.1053787 1.4259608
v -0.0688386 -0.1039909 1.4308511
v -0.0564868 -0.1061819 1.4188334
v -0.1314911 -0.1348931 0.9275415
v -0.1344912 -0.1214854 0.9489568
v -0.0740369 -0.0728917 1.4694558
v -0.0696819 -0.0582390 1.4723148
v -0.0622579 -0.0453619 1.4744542
v -0.0508744 -0.0342034 1.4766915
v -0.1567178 -0.0461471 1.0311295
v -0.1456570 -0.0694741 1.0299549
v -0.1497070 -0.0360334 0.8008993
v -0.1369713 -0.0073608 0.7919259
v -0.1254571 -0.0297068 0.7777525
v -0.1403776 -0.0608647 0.7868712
v -0.0915241 0.0514000 0.7940049
v -0.0788521 0.0324625 0.7826965
v -0.1051949 0.0028344 0.7768097
v -0.1178661 0.0217236 0.7890127
v -0.1156165 0.1000940 0.9213923
v -0.1389503 0.0802930 0.9219335
v -0.1359266 0.0786121 0.9452717
v -0.1129480 0.0981114 0.9451710
v -0.1606247 0.0024757 1.0307737
v -0.1622465 -0.0213688 1.0313560
v -0.1277911 -0.0901516 1.0286271
v -0.0853493 -0.2052934 0.8376415
v -0.1165895 -0.1813227 0.8240008
v -0.1068749 -0.1929332 0.7988404
v -0.0790396 -0.2168173 0.8112499
v -0.1279371 -0.1307280 0.7656232
v -0.1384000 -0.1141604 0.7876612
v -0.1295383 -0.0804172 0.7700275
v -0.1187722 -0.0970963 0.7511498
v -0.0034262 -0.1315042 1.0316495
v -0.0300442 -0.1306217 1.0150664
v -0.0040595 -0.1314946 1.0118334
v 0.0637178 -0.1157017 1.0264347
v 0.0424616 -0.1257317 1.0287586
v 0.0431525 -0.1237992 1.0073429
v 0.0633270 -0.1140570 1.0052698
v 0.0564877 -0.1116581 0.9042013
v 0.0673172 -0.1033849 0.9041660
v 0.0662304 -0.1048454 0.9244076
v 0.0516425 -0.1114616 0.9243532
v -0.1073446 -0.1381571 0.9464130
v -0.0746369 -0.1478967 0.9439868
v -0.0814897 -0.1374366 0.9602831
v -0.1119418 -0.1270720 0.9646551
v -0.0632216 0.0141995 0.7772332
v -0.0888368 -0.0132760 0.7672435
v -0.0428363 -0.2290824 0.8213538
v -0.0487710 -0.2135614 0.8482808
v -0.0031611 -0.2249879 0.8273298
v 0.0276056 -0.2036347 0.8243232
v 0.0204757 -0.1882116 0.8491815
v -0.0108462 -0.2084586 0.8521330
v 0.0516547 -0.0865085 0.8153440
v 0.0599234 -0.1061119 0.8427053
v 0.0520680 -0.1052461 0.8364676
v 0.0460296 -0.0814018 0.8147009
v -0.1066195 0.0810059 0.8296859
v -0.1000872 0.0691849 0.8116155
v -0.1257590 0.0427430 0.8046938
v -0.1316485 0.0576592 0.8257110
v -0.1503170 0.0267900 1.0458236
v -0.1529783 0.0247899 1.0294280
v -0.1392630 0.0453297 1.0454769
v -0.1525312 0.0314333 1.0624398
v -0.1412740 0.0500569 1.0640206
v -0.1905952 0.0584767 1.2130812
v -0.1985796 0.0394071 1.1965633
v -0.2064739 0.0272021 1.2238864
v -0.1991359 0.0449538 1.2439253
v -0.1561041 0.0145774 1.3875813
v -0.1521418 0.0049060 1.3992626
v -0.0995219 -0.0576959 0.7436426
v -0.0656139 -0.0270218 0.7527420
v -0.0643582 -0.0604209 0.7222508
v -0.0916517 -0.0846672 0.7237353
v -0.1166409 -0.1443695 0.7422534
v -0.1125070 -0.1747500 0.7566354
v -0.1249094 -0.1620349 0.7825179
v -0.0973191 -0.2067255 0.7714054
v -0.0691715 -0.2330276 0.7844091
v 0.0059963 -0.2400100 0.8015520
v 0.0359999 -0.2182391 0.7967293
v 0.0496807 -0.1139616 0.7855494
v 0.0513055 -0.1433779 0.7979686
v 0.0540635 -0.1550144 0.7751439
v 0.0497320 -0.1245001 0.7625354
v 0.0283823 -0.1337599 0.9030060
v -0.0076711 -0.1457383 0.9238857
v -0.0046033 -0.1489734 0.9094149
v 0.0227160 -0.1357198 0.8895226
v 0.0591885 -0.1180797 1.0513601
v 0.0407205 -0.1249545 1.0531819
v 0.0220409 -0.1311749 1.0306754
v 0.0196794 -0.1285339 1.0534919
v -0.0052786 -0.1283106 1.0527783
v 0.0136032 -0.1003597 1.1324995
v -0.0104169 -0.1052529 1.1269591
v -0.0014652 -0.1102931 1.1123246
v 0.0229853 -0.1059292 1.1175443
v 0.0039399 -0.0934535 1.1472265
v -0.0189740 -0.0985566 1.1427845
v -0.0107120 -0.0817661 1.1780452
v -0.0303158 -0.0948889 1.1841181
v -0.0295682 -0.0903461 1.1728922
v -0.0091234 -0.0926673 1.2962458
v -0.0063597 -0.0916592 1.2800486
v -0.1012602 -0.1540648 0.9282196
v -0.0290944 -0.0309491 0.7528140
v -0.0004822 -0.0461831 0.7561886
v -0.0021915 -0.0603074 0.7298373
v -0.0318537 -0.0527960 0.7236249
v -0.1366476 -0.1107800 0.9688952
v -0.1052282 -0.1049177 1.0401072
v -0.1060027 -0.1062121 1.0252841
v -0.1357892 -0.0855005 1.1724083
v -0.1354658 -0.0777285 1.1535116
v -0.0319952 -0.1162511 1.2210558
v -0.0329466 -0.1160358 1.2130571
v -0.1366020 -0.1475868 0.8060461
v 0.0145415 -0.2533408 0.7736207
v 0.0231861 -0.2669535 0.7446243
v 0.0504175 -0.2461167 0.7411477
v 0.0435482 -0.2316785 0.7699723
v 0.0374100 -0.1156741 0.7241730
v 0.0497659 -0.1391568 0.7369465
v 0.0497158 -0.1557839 0.7104451
v 0.0360599 -0.1340719 0.6985192
v 0.0359387 -0.1542685 0.6736311
v 0.0520742 -0.1751741 0.6842375
v 0.0550032 -0.1897069 0.6566381
v 0.0373078 -0.1716995 0.6493004
v -0.0323776 -0.2464724 0.7949743
v -0.0455594 -0.2633769 0.7327991
v -0.0126450 -0.2736780 0.7415915
v -0.0230896 -0.2604141 0.7681806
v -0.0572160 -0.2484891 0.7590719
v -0.1094285 -0.1151672 0.7300769
v 0.0398655 -0.0991033 0.7497032
v 0.0408943 -0.0888681 0.7729057
v -0.0052623 -0.1098107 0.6795060
v -0.0313592 -0.1074373 0.6741791
v -0.0332738 -0.0805648 0.6979949
v -0.0049242 -0.0846662 0.7038085
v -0.0968975 -0.1866842 0.6989960
v -0.0897646 -0.2141955 0.7115747
v -0.1015126 -0.1951682 0.7338693
v -0.1070483 -0.1659309 0.7201703
v -0.0849725 -0.2246364 0.7476230
v -0.0721116 -0.2410978 0.7229079
v -0.0225862 -0.2935861 0.6813118
v 0.0094958 -0.3009141 0.6863126
v -0.0015967 -0.2868309 0.7146505
v -0.0343624 -0.2786884 0.7070828
v -0.0487632 -0.2750164 0.6749394
v -0.0600730 -0.2582116 0.6989720
v -0.0783913 -0.2330397 0.6891377
v -0.0675822 -0.2512378 0.6673949
v -0.0752110 -0.2265323 0.6593511
v -0.0860894 -0.2070384 0.6788739
v -0.0834219 -0.1817498 0.6684825
v -0.0732838 -0.2028416 0.6510109
v -0.0717050 -0.1582290 0.6592686
v -0.0518778 -0.1414867 0.6549930
v -0.0465651 -0.1657855 0.6385431
v -0.0633456 -0.1814095 0.6427904
v -0.0033591 -0.1537003 0.6379947
v -0.0259259 -0.1556778 0.6364315
v -0.0282815 -0.1321701 0.6538403
v -0.0045721 -0.1331306 0.6573731
v -0.0062462 -0.2152082 0.5722909
v -0.0217572 -0.2248195 0.5765693
v -0.0218937 -0.2126799 0.5904833
v -0.0060124 -0.2022038 0.5858799
v -0.0375710 -0.2352710 0.5802915
v -0.0493154 -0.2505400 0.5834199
v -0.0481277 -0.2398071 0.5988775
v -0.0380621 -0.2253294 0.5960516
v -0.0544635 -0.2776818 0.6033823
v -0.0548921 -0.2576988 0.6010690
v -0.0543074 -0.2682251 0.5848138
v -0.0532584 -0.2874858 0.5848215
v -0.0435263 -0.3074943 0.5840517
v -0.0460269 -0.2997302 0.6056356
v -0.0229552 -0.3217907 0.5804427
v -0.0263796 -0.3179470 0.6051407
v 0.0024091 -0.3281235 0.6021249
v 0.0054166 -0.3299633 0.5756153
v 0.0473826 -0.2194625 0.5870651
v 0.0415006 -0.2249143 0.5684907
v 0.0260868 -0.2122106 0.5687641
v 0.0319576 -0.2045783 0.5856259
v 0.0694118 -0.2652112 0.5931053
v 0.0769529 -0.2938255 0.5953186
v 0.0690496 -0.2909452 0.5708504
v 0.0601508 -0.2649837 0.5695311
v -0.0390703 -0.2910699 0.6516541
v -0.0115539 -0.3084836 0.6556189
v -0.0658270 -0.2451085 0.6406976
v -0.0578141 -0.2690279 0.6465124
v -0.0032837 -0.1713165 0.6193091
v -0.0241368 -0.1765652 0.6198724
v 0.0561192 -0.2030193 0.6321143
v 0.0387641 -0.1856366 0.6263856
v 0.0607253 -0.3183095 0.6277676
v 0.0516513 -0.3061817 0.6569260
v 0.0211678 -0.3156956 0.6580570
v 0.0307024 -0.3282384 0.6293748
v -0.0319161 -0.3067379 0.6286967
v -0.0510071 -0.2857972 0.6268831
v -0.0581723 -0.2630571 0.6220530
v -0.0587246 -0.2424309 0.6175703
v -0.0509081 -0.2241210 0.6131766
v -0.0379387 -0.2087933 0.6089198
v -0.0225342 -0.1954063 0.6044965
v -0.0037998 -0.1877999 0.6014910
v 0.0368715 -0.1960752 0.6048255
v 0.0526343 -0.2123892 0.6082406
v 0.0607402 -0.3178891 0.5715621
v 0.0649339 -0.3228068 0.5980868
v 0.0354018 -0.3347847 0.6000627
v 0.0356142 -0.3323442 0.5726377
v 0.0511264 -0.3086103 0.5488909
v 0.0578356 -0.2875096 0.5496334
v -0.0431671 -0.2391480 0.5701999
v -0.0538132 -0.2547135 0.5711351
v -0.0583447 -0.2716775 0.5706007
v -0.0450872 -0.3100284 0.5625174
v -0.0213719 -0.3215650 0.5546591
v 0.0078956 -0.3271678 0.5480757
v 0.0328305 -0.3234896 0.5495519
v 0.0146195 -0.2152771 0.5418722
v 0.0217393 -0.2179566 0.5568944
v 0.0352553 -0.2295367 0.5542141
v 0.0275473 -0.2282810 0.5365945
v -0.0200748 -0.2126208 0.5514237
v -0.0390521 -0.2197655 0.5551845
v -0.0266902 -0.2278255 0.5672661
v -0.0087608 -0.2207154 0.5635245
v -0.0556161 -0.2331897 0.5562179
v -0.0658400 -0.2503308 0.5557728
v -0.0699495 -0.2693964 0.5537171
v -0.0503318 -0.3071734 0.5368096
v -0.0568683 -0.2916182 0.5686977
v -0.0654943 -0.2898170 0.5467121
v -0.0215212 -0.3172054 0.5255630
v 0.0037946 -0.3006539 0.4887970
v 0.0115946 -0.3135418 0.5181197
v -0.0267183 -0.3090155 0.4949803
v -0.0114320 -0.2326643 0.4035299
v -0.0267346 -0.2540144 0.4000908
v -0.0361370 -0.2332031 0.3711713
v -0.0228105 -0.2140708 0.3739688
v 0.0193506 -0.2170420 0.5157040
v 0.0048279 -0.2026562 0.5227027
v -0.0324176 -0.1978594 0.5342669
v -0.0530236 -0.2067891 0.5378613
v -0.0682991 -0.2887371 0.4794033
v -0.0567121 -0.3005110 0.5081394
v -0.0758611 -0.2842754 0.5201209
v -0.0873364 -0.2723147 0.4927246
v -0.0091178 -0.1670361 0.4357155
v -0.0244395 -0.1549096 0.4431478
v -0.0142271 -0.1686166 0.4731153
v 0.0020551 -0.1821635 0.4644420
v -0.0635869 -0.1912481 0.5155172
v -0.0428346 -0.1820073 0.5117628
v -0.0531722 -0.1673957 0.4848129
v -0.0732022 -0.1766216 0.4875159
v -0.0824296 -0.2542547 0.4180828
v -0.0772063 -0.2729557 0.4495851
v -0.0965803 -0.2577624 0.4626185
v -0.1014604 -0.2401589 0.4299491
v -0.0065574 -0.2879404 0.4587619
v -0.0383098 -0.2966474 0.4657247
v -0.0476186 -0.2809490 0.4368848
v -0.0173537 -0.2727774 0.4290708
v 0.0112510 -0.2649124 0.4630319
v 0.0000159 -0.2498553 0.4340035
v -0.0478693 -0.1371963 0.3764166
v -0.0361663 -0.1456914 0.4107785
v -0.0222123 -0.1557037 0.4028829
v -0.0371179 -0.1449137 0.3681069
v -0.0809145 -0.1653768 0.4549459
v -0.0616068 -0.1550022 0.4530648
v -0.0691621 -0.1460547 0.4190723
v -0.0857518 -0.1553865 0.4199829
v -0.0905001 -0.2126514 0.3519859
v -0.0873618 -0.2338941 0.3858411
v -0.1042371 -0.2201446 0.3962129
v -0.1056161 -0.1991351 0.3622364
v -0.0466528 -0.2116662 0.3398107
v -0.0613964 -0.2417665 0.3755299
v -0.0687755 -0.2192243 0.3431410
v -0.0529393 -0.1905842 0.3081999
v -0.0425636 -0.1770418 0.3101997
v -0.0337094 -0.1945967 0.3425650
v -0.0485345 -0.1348924 0.3348565
v -0.0576083 -0.1266680 0.3424449
v -0.0802053 -0.1253236 0.3499490
v -0.0937069 -0.1321756 0.3520954
v -0.0896664 -0.1446034 0.3853699
v -0.0750831 -0.1367623 0.3839238
v -0.1107779 -0.1704140 0.3767610
v -0.1024146 -0.1566285 0.3827590
v -0.1051376 -0.1431530 0.3496846
v -0.1117377 -0.1557755 0.3437659
v -0.1054000 -0.1799809 0.3309786
v -0.1124371 -0.1849684 0.3703876
v -0.1115445 -0.1672911 0.3380333
v -0.0926238 -0.1920689 0.3218354
v -0.0729311 -0.1979192 0.3117641
v -0.0124445 -0.0185654 0.7827808
v 0.0083046 -0.0395035 0.7859643
v 0.0014567 -0.0405394 0.7763415
v -0.0229319 -0.0198778 0.7764032
v 0.0607796 -0.1854782 0.7214592
v 0.0566830 -0.1696040 0.7496618
v 0.0676680 -0.2149314 0.6654200
v 0.0645845 -0.2028584 0.6935177
v 0.0678596 -0.2267331 0.6385971
v 0.0647197 -0.2355149 0.6136908
v 0.0590045 -0.2400721 0.5902239
v 0.0518398 -0.2440145 0.5689335
v 0.0450121 -0.2462975 0.5508216
v 0.0370502 -0.2442675 0.5308296
v 0.0208668 -0.2209363 0.4828691
v 0.0109501 -0.1999509 0.4915035
v 0.0284978 -0.2352687 0.5078690
v 0.0001372 -0.1874218 0.4241260
v 0.0117276 -0.2040807 0.4547984
v -0.0150461 -0.1719641 0.3916788
v -0.0295624 -0.1584011 0.3576073
v -0.0416185 -0.1474208 0.3251279
v 0.0345734 -0.1505816 0.8556999
v 0.0452866 -0.1259687 0.8358998
v 0.0433173 -0.1225613 0.8475896
v 0.0297903 -0.1434719 0.8697380
v 0.0318120 -0.0582681 0.7995243
v 0.0413379 -0.0704246 0.8043952
v 0.0361363 -0.0655523 0.8049691
v 0.0265276 -0.0529869 0.7998261
v -0.0025754 -0.3215676 0.6293229
v -0.0646456 -0.2236101 0.6343019
v -0.0558766 -0.2042550 0.6277956
v -0.0417322 -0.1885616 0.6231531
v 0.0754999 -0.2618758 0.6183537
v 0.0752618 -0.2542398 0.6452019
v 0.0722398 -0.2824326 0.6522746
v 0.0773120 -0.2913895 0.6232060
v 0.0219284 -0.2773925 0.4878095
v 0.0188355 -0.2426425 0.4723237
v 0.0293862 -0.2557749 0.4977381
v 0.0317811 -0.2905610 0.5104248
v -0.0805655 -0.2426613 0.5359156
v -0.0839584 -0.2636336 0.5305627
v -0.0814798 -0.2082460 0.5153802
v -0.0939838 -0.2290521 0.5119425
v -0.0689141 -0.2230600 0.5381261
v 0.0668456 -0.2328943 0.7023236
v 0.0572243 -0.2595933 0.7112985
v 0.0649269 -0.2714027 0.6820774
v 0.0723347 -0.2436777 0.6739113
v -0.1638335 -0.0009216 1.0899845
v -0.1621542 0.0207602 1.0948879
v -0.1046055 -0.1143612 1.1940135
v -0.1182528 -0.1020638 1.1839947
v -0.1002164 -0.1034629 1.1772860
v -0.0909861 -0.1137988 1.1882015
v -0.1304507 -0.1021661 1.1942141
v -0.1152547 -0.1144858 1.2024595
v -0.1230026 -0.1144298 1.2138398
v -0.1379568 -0.1031424 1.2070669
v -0.1345716 -0.1210319 1.2710790
v -0.1324575 -0.1275945 1.2795581
v -0.0038636 -0.0873351 1.1627447
v 0.0176286 -0.0776563 1.1664837
v 0.0093909 -0.0716966 1.1796957
v 0.0216729 -0.1307337 1.0092451
v 0.0119262 -0.1269271 0.9299995
v 0.0440370 -0.1188767 0.9020813
v 0.0344215 -0.1181935 0.9251812
v 0.0660815 -0.0926794 0.8365240
v -0.1588858 0.0834250 1.1619316
v -0.1688930 0.0821571 1.1946835
v -0.1290117 0.0152062 1.4080706
v -0.1081610 0.0320725 1.4062274
v -0.1172138 0.0001184 1.4268088
v -0.1109966 -0.0060458 1.4348753
v -0.0939003 0.0099192 1.4322842
v -0.0988514 0.0167838 1.4242215
v -0.0608874 -0.0257545 1.4722745
v -0.0702728 -0.0183487 1.4660764
v 0.0163086 -0.0401306 0.7953674
v 0.0216071 -0.0479292 0.7969497
v 0.0085344 -0.0329897 0.7923898
v 0.0486131 -0.1063155 0.8045613
v 0.0401549 -0.0828627 0.7911240
v 0.0396672 -0.0788901 0.8027645
v 0.0474266 -0.1016827 0.8173713
v -0.0896630 -0.1944568 0.8627542
v -0.1237394 -0.1709707 0.8510104
v -0.1121235 -0.0454727 0.7622444
v -0.1072119 -0.2310007 1.1827653
v -0.1166399 -0.2412005 1.1826081
v -0.1278660 -0.2199013 1.1978359
v -0.1177174 -0.2099961 1.1985507
v -0.1804226 0.0569020 1.3065611
v -0.1857222 0.0617622 1.2710247
v -0.0799069 -0.1076892 1.4194441
v -0.1213909 -0.1454442 1.4138842
v -0.1000768 -0.1522929 1.3992625
v -0.0983375 -0.1423974 1.4019885
v -0.1186020 -0.1364517 1.4180100
v -0.1906553 -0.1015999 1.3941525
v -0.1804050 -0.1116438 1.4062389
v -0.1780313 -0.0974516 1.4126383
v -0.1882026 -0.0855069 1.4003998
v -0.1152170 0.0998598 0.8974457
v -0.1394228 0.0806448 0.8981969
v -0.1144299 0.0849509 1.0909108
v -0.1308309 0.0717431 1.0858555
v -0.1387202 0.0778947 1.1073277
v -0.1232262 0.0912304 1.1140419
v -0.2009184 0.0333477 1.2879733
v -0.2077277 0.0232796 1.2641299
v 0.0012826 -0.0867494 1.2275735
v 0.0005322 -0.0871237 1.2398172
v -0.0105148 -0.0980187 1.2400638
v -0.0097159 -0.0978921 1.2287531
v -0.1563732 -0.2153175 1.2335751
v -0.1630289 -0.1893724 1.2445919
v -0.1549507 -0.1858659 1.2352464
v -0.1474589 -0.2090440 1.2191542
v -0.1481809 -0.1282234 0.8339526
v -0.1496487 -0.0959272 0.8070635
v -0.1789924 -0.0194624 1.1220607
v -0.1835767 0.0053429 1.1274084
v -0.1733551 0.0041449 1.1076184
v -0.1696351 -0.0208002 1.1036404
v -0.1945840 -0.0319970 1.1806689
v -0.1895527 -0.0251015 1.1614770
v -0.1994328 -0.0398413 1.1993837
v -0.1823201 -0.1122794 1.2827500
v -0.1761644 -0.1136573 1.2794628
v -0.1703461 -0.1244316 1.2802898
v 0.0481391 -0.1325314 0.8197776
v 0.0426149 -0.1234001 0.8646445
v 0.0495889 -0.1221969 0.8717779
v 0.0230812 -0.0473020 0.7966242
v -0.0633032 -0.1041780 1.4365696
v -0.0529660 -0.1097647 1.4252392
v -0.1404577 -0.1501137 1.2690376
v -0.1331600 -0.1592746 1.2536878
v -0.1791751 -0.1003948 1.2678011
v -0.1655204 -0.1060967 1.2667835
v -0.1608199 -0.1142464 1.2724933
v -0.1726723 -0.1094523 1.2724845
v -0.1818939 -0.1054722 1.2745762
v -0.1893794 -0.0950167 1.2718084
v -0.0740709 -0.1477118 1.3086969
v -0.0681919 -0.1421234 1.3108830
v -0.0671740 -0.1468537 1.3319640
v -0.0723317 -0.1537131 1.3292820
v -0.0616897 -0.1345097 1.3093306
v -0.0522504 -0.1274186 1.3080790
v -0.0545775 -0.1302812 1.3304242
v -0.0626552 -0.1384500 1.3320282
v -0.0649320 -0.1121736 1.3951653
v -0.0452481 -0.1087202 1.3817386
v -0.0276115 -0.1016964 1.3716522
v -0.0125699 -0.0957424 1.3650008
v -0.0786954 -0.0120163 1.4580257
v -0.0843894 -0.0044663 1.4480204
v -0.1001475 -0.0200985 1.4478677
v -0.0953030 -0.0305167 1.4562237
v -0.0422587 -0.1067960 1.4086759
v -0.0258686 -0.1049400 1.3999949
v -0.0132706 -0.0969301 1.3855018
v -0.0777826 -0.2736616 1.2592238
v -0.0870012 -0.2581754 1.2766501
v -0.0739312 -0.0865908 1.4618763
v -0.0702649 -0.0974164 1.4494453
v -0.1037953 -0.2661727 1.2722349
v -0.0940602 -0.2821962 1.2539177
v -0.0793753 -0.1390591 1.3805183
v -0.0948603 -0.1342008 1.4037877
v -0.0836221 -0.1459440 1.3800391
v -0.0390192 -0.1117201 1.4151269
v -0.0230251 -0.1109336 1.4065036
v -0.1255288 -0.1592281 0.8771749
v -0.0917485 -0.1810879 0.8850498
v -0.1182963 -0.0899030 1.0860096
v -0.1375690 -0.0723280 1.0856026
v 0.0360716 -0.0910061 1.1378354
v 0.0454200 -0.0966684 1.1223735
v 0.0034776 -0.1132029 1.4025354
v 0.0369985 -0.1185953 1.0782568
v 0.0597348 -0.1098603 1.0776638
v 0.0533604 -0.1032208 1.1027676
v 0.0307734 -0.1121132 1.0999635
v 0.0720581 -0.1103668 1.0510323
v 0.0744633 -0.1106195 1.0378314
v 0.0611604 -0.1077844 0.8851256
v 0.0702027 -0.1023681 0.8861197
v -0.0813535 -0.2004064 1.3143582
v -0.0855227 -0.1933240 1.3266307
v -0.0958434 -0.2036259 1.3394034
v -0.0918771 -0.2125575 1.3251531
v 0.0141180 -0.1222764 1.0765953
v -0.0114692 -0.1218791 1.0739199
v -0.1224052 -0.1253155 1.2634491
v -0.1380208 -0.1152938 1.2616758
v 0.0064751 -0.0725585 1.1943539
v -0.0208309 -0.1078942 1.2300092
v -0.0221691 -0.1076422 1.2409531
v -0.0341299 -0.1156495 1.2419553
v -0.0326422 -0.1160754 1.2318192
v 0.0154185 -0.0367672 0.7969862
v -0.1806968 -0.1976617 1.3126376
v -0.1878161 -0.1854798 1.3221498
v -0.1884320 -0.1808004 1.3120651
v -0.1811912 -0.1939230 1.3030871
v 0.0235990 -0.0611128 0.7811172
v 0.0220013 -0.0663669 0.7635072
v -0.0442261 -0.0006237 0.7772638
v -0.0258609 -0.0010219 0.7817399
v 0.0518424 -0.1874038 0.7863291
v 0.0460968 -0.1746094 0.8129967
v 0.0566697 -0.2023536 0.7606463
v 0.0617997 -0.2182421 0.7312179
v 0.0510492 -0.2661018 0.5489855
v 0.0413940 -0.2680809 0.5236859
v 0.0070389 -0.2270995 0.4436958
v -0.0050590 -0.2099040 0.4139262
v -0.0178662 -0.1927217 0.3815483
v -0.0302838 -0.1753050 0.3484818
v -0.0394673 -0.1617791 0.3158476
v -0.1084971 -0.2863527 1.2437499
v -0.1209079 -0.2693248 1.2631479
v -0.1312149 -0.2682408 1.2490040
v -0.1185852 -0.2864686 1.2306670
v -0.1040618 -0.1846031 1.2274102
v -0.0917353 -0.1864521 1.2389270
v -0.0831290 -0.2011822 1.2218024
v -0.0955311 -0.2007585 1.2114043
v -0.0865171 -0.2184849 1.1949289
v -0.0972615 -0.2229515 1.1871448
v -0.1069689 -0.2030682 1.2034067
v -0.1242820 -0.2523829 1.1877574
v -0.1284983 -0.2638146 1.1961889
v -0.1417178 -0.2422838 1.2132470
v -0.1358852 -0.2319965 1.2024681
v -0.1252049 -0.2825579 1.2174816
v -0.1373918 -0.2639109 1.2352140
v -0.1413143 -0.2552769 1.2235548
v -0.1288259 -0.2746439 1.2054830
v -0.0546038 -0.2252567 1.2282440
v -0.0637141 -0.2192512 1.2161456
v -0.0716306 -0.2040228 1.2337633
v -0.0622580 -0.2105863 1.2460011
v -0.1135327 -0.2130923 1.3480147
v -0.1085685 -0.2228893 1.3313969
v -0.1123911 -0.1468443 1.2980551
v -0.0984387 -0.1586142 1.3086237
v -0.0960821 -0.1611891 1.3085314
v -0.1118921 -0.1505563 1.3012744
v -0.0796615 -0.2322084 1.2926949
v -0.0862629 -0.2214115 1.3094010
v -0.1020578 -0.2326354 1.3131262
v -0.0951186 -0.2439852 1.2944913
v -0.0695452 -0.1965064 1.2638207
v -0.0789062 -0.1900032 1.2514654
v -0.0884474 -0.1776546 1.2679359
v -0.0772347 -0.1840475 1.2793200
v -0.1375593 -0.1986142 1.2142915
v -0.1449703 -0.1778257 1.2310928
v -0.0831193 -0.1804969 1.3123796
v -0.0784564 -0.1867541 1.3017192
v -0.1254232 -0.1205021 1.2521180
v -0.1708832 -0.0932715 1.2510859
v -0.1683277 -0.0998030 1.2599857
v -0.0857633 -0.1218719 1.1992083
v -0.0840253 -0.1267398 1.2090911
v -0.1553078 -0.0895133 1.2041314
v -0.1585240 -0.0925551 1.2212020
v -0.0960509 -0.1219098 1.2031058
v -0.0913885 -0.1253741 1.2087321
v -0.0455740 -0.0954364 1.1546024
v -0.0135850 -0.0943404 1.3762618
v -0.0761711 -0.2085756 1.3002150
v -0.0732121 -0.1947122 1.2898350
v -0.1677294 -0.1699492 1.2554312
v -0.1720099 -0.1539903 1.2665198
v -0.1664093 -0.1498278 1.2635888
v -0.1608631 -0.1653439 1.2498970
v -0.2138012 -0.0192340 1.3070199
v -0.2099702 0.0085709 1.2986425
v -0.2137733 0.0006733 1.2803033
v -0.2159103 -0.0255238 1.2924506
v -0.1727948 -0.2085656 1.3249267
v -0.1630834 -0.2166519 1.3282459
v -0.1698807 -0.2052852 1.3437955
v -0.1793362 -0.1975459 1.3371228
v -0.1557628 -0.2127050 1.3490379
v -0.1485344 -0.2243100 1.3312383
v -0.1293737 -0.2275574 1.3324101
v -0.1358076 -0.2165933 1.3508010
v -0.1661449 -0.0851184 0.8932944
v -0.1499673 -0.1208719 0.8985704
v -0.0824596 -0.1175644 1.0213343
v -0.0573201 -0.1258054 1.0178420
v -0.0171289 -0.1372088 0.9422262
v 0.0492584 -0.1011490 0.8314535
v 0.0426246 -0.0774122 0.8113072
v 0.0215062 -0.0775848 0.7392518
v -0.1285995 -0.1471182 0.9019415
v 0.0186689 -0.0977058 0.7136720
v 0.0170763 -0.1194203 0.6886007
v -0.0575792 -0.1164148 0.6736666
v -0.0793014 -0.1349442 0.6783751
v -0.0859181 -0.1104526 0.7002811
v -0.0624167 -0.0895796 0.6966166
v -0.0929055 -0.1595690 0.6872474
v -0.1017236 -0.1374171 0.7081945
v 0.0418484 -0.2927946 0.6870962
v -0.0910659 -0.1929951 0.4864183
v -0.1078620 -0.1991011 0.4481180
v -0.1035174 -0.2137745 0.4825282
v -0.0971826 -0.1802832 0.4530559
v -0.1059640 -0.2366786 0.4740609
v -0.0964728 -0.2515987 0.5041449
v -0.0549028 -0.2629139 0.4070926
v -0.0999877 -0.1694730 0.4178815
v -0.1089029 -0.1857399 0.4124168
v -0.1099151 -0.2204546 0.4408728
v -0.1111157 -0.2035442 0.4053509
v 0.0261761 -0.0588754 0.7922849
v -0.0526072 -0.2023614 0.8716928
v -0.0560197 -0.1888964 0.8931852
v 0.0019317 -0.1562629 0.8985279
v 0.0245517 -0.1392928 0.8799936
v -0.0450627 -0.1121557 1.0884754
v -0.0706295 -0.1097027 1.0866106
v -0.0821154 -0.0964975 1.1184540
v -0.1057066 -0.0900662 1.1174435
v -0.1014579 -0.0960214 1.1014726
v -0.0771230 -0.1031731 1.1025734
v -0.1505975 -0.0637945 1.1170204
v -0.1681579 -0.0429085 1.1187528
v -0.1597005 -0.0450995 1.1012839
v -0.1434981 -0.0667227 1.1009728
v -0.1524674 -0.0503550 1.0868000
v -0.1610478 -0.0257220 1.0873079
v -0.1610703 0.0655110 1.1251958
v -0.1689103 0.0467714 1.1189213
v -0.1789126 0.0481673 1.1434942
v -0.1704383 0.0665214 1.1525103
v 0.0553474 -0.1143595 0.8807783
v 0.0322023 -0.0608947 0.8020569
v 0.0398927 -0.1612688 0.8367722
v 0.0144220 -0.1740398 0.8690935
v -0.0164921 -0.1934756 0.8743589
v -0.1303159 -0.1533509 1.2761212
v -0.2074691 -0.0758364 1.3128418
v -0.2077947 -0.0745252 1.3025519
v -0.1413323 -0.2356684 1.3107313
v -0.1218499 -0.2382210 1.3124232
v -0.0834992 -0.1746359 1.2917667
v -0.0995176 -0.1967674 1.3511948
v -0.0887062 -0.1871357 1.3362456
v -0.0902059 -0.1834217 1.3447248
v -0.0414976 -0.1507858 0.9352774
v -0.0677324 -0.1637184 0.9267749
v -0.0346848 -0.1600065 0.9215981
v -0.0123639 -0.0104562 0.7863042
v 0.0418970 -0.1225928 0.8561526
v 0.0169360 -0.1407922 0.6650274
v 0.0177407 -0.1595545 0.6428317
v 0.0181789 -0.1743059 0.6215231
v 0.0159689 -0.1876310 0.6025822
v 0.0126512 -0.1982948 0.5842249
v 0.0090971 -0.2086257 0.5686613
v 0.0057877 -0.2150684 0.5588304
v -0.0021167 -0.2099923 0.5465015
v -0.0043368 -0.1855616 0.4995203
v -0.0231811 -0.1801099 0.5065632
v -0.0128880 -0.1968840 0.5290126
v -0.0332123 -0.1641585 0.4797062
v -0.0425631 -0.1511263 0.4493389
v -0.0523635 -0.1425725 0.4162833
v -0.0608193 -0.1343169 0.3815340
v -0.0679181 -0.1236193 0.3472605
v 0.0090614 -0.0312487 0.7930921
v -0.0013120 -0.0208200 0.7905231
v -0.0745773 -0.1310137 1.3791969
v -0.1501348 -0.1129991 1.2688075
v -0.1474951 -0.1194586 1.2752259
v -0.0888792 -0.1680259 1.3012548
v -0.1492349 -0.2448356 1.2514566
v -0.1445738 -0.2496931 1.2660166
v -0.0972284 -0.1677138 1.2830411
v -0.1280764 -0.1367546 1.2899083
v -0.1257734 -0.1424154 1.2969334
v 0.0395286 -0.3653686 1.2080127
v 0.0346108 -0.3764286 1.1990928
v 0.0552240 -0.3792511 1.1998543
v 0.0595511 -0.3680708 1.2072443
v 0.0442574 -0.3522176 1.2104173
v 0.0635949 -0.3556248 1.2084168
v 0.0564695 -0.3180511 1.1574456
v 0.0550116 -0.3171530 1.1721869
v 0.0732055 -0.3257820 1.1707474
v 0.0741995 -0.3278990 1.1566270
v 0.0855789 -0.3480607 1.2022136
v 0.0877984 -0.3398333 1.1937954
v 0.0694989 -0.3340466 1.1956076
v 0.0669766 -0.3437927 1.2042789
v 0.0500671 -0.3378420 1.1343204
v 0.0441681 -0.3511132 1.1314834
v 0.0263241 -0.3408120 1.1291022
v 0.0331345 -0.3274142 1.1332894
v -0.0154202 -0.2844258 1.1696851
v -0.0154305 -0.2852777 1.1547236
v -0.0268251 -0.2783741 1.1597353
v -0.0246761 -0.2793930 1.1747882
v -0.0008700 -0.3588254 1.2090778
v -0.0071135 -0.3680656 1.1972796
v 0.0134391 -0.3726792 1.1983498
v 0.0192818 -0.3619167 1.2089123
v 0.0143555 -0.3176050 1.2033379
v 0.0157633 -0.3077434 1.1906706
v -0.0024955 -0.3025319 1.1932079
v -0.0041656 -0.3128800 1.2057766
v -0.0202223 -0.3550663 1.2083637
v -0.0263986 -0.3618360 1.1952670
v 0.0512290 -0.3282749 1.1985975
v 0.0530770 -0.3207762 1.1860517
v 0.0347061 -0.3138539 1.1886726
v 0.0326416 -0.3228753 1.2011686
v 0.0853757 -0.3565636 1.1401683
v 0.0803823 -0.3685558 1.1393516
v 0.0620899 -0.3605033 1.1350337
v 0.0678810 -0.3477351 1.1366984
v 0.0896629 -0.3353559 1.1825698
v 0.0911495 -0.3343558 1.1700695
v 0.0713630 -0.3281662 1.1838374
v 0.0710588 -0.3940159 1.1774844
v 0.0726416 -0.3899850 1.1898452
v 0.0514446 -0.3869947 1.1883401
v 0.0496916 -0.3901767 1.1743521
v 0.0194972 -0.2998372 1.1620987
v 0.0178229 -0.3012590 1.1767164
v 0.0367984 -0.3090371 1.1742592
v 0.0382478 -0.3087280 1.1592959
v 0.0062707 -0.3447176 1.2149803
v 0.0250927 -0.3484552 1.2126630
v 0.0275308 -0.3856620 1.1706010
v 0.0304505 -0.3833131 1.1861436
v 0.0090418 -0.3782901 1.1839028
v 0.0072991 -0.3797674 1.1679931
v -0.0108455 -0.3669976 1.1479000
v -0.0063046 -0.3557327 1.1362051
v 0.0132962 -0.3660255 1.1400814
v 0.0090149 -0.3753387 1.1522317
v 0.0002604 -0.2918380 1.1654953
v 0.0006542 -0.2940627 1.1500800
v 0.0153586 -0.3160598 1.1339607
v 0.0083360 -0.3294613 1.1281195
v -0.0094942 -0.3173035 1.1281204
v -0.0023503 -0.3036743 1.1358448
v -0.0375448 -0.3191414 1.2188544
v -0.0478688 -0.3337479 1.2152743
v -0.0339330 -0.3375250 1.2147789
v -0.0269796 -0.3224266 1.2157830
v -0.0394329 -0.3497995 1.2064524
v -0.0550251 -0.3439027 1.2055730
v -0.0843681 -0.3334242 1.1938139
v -0.0887669 -0.3304286 1.1799416
v -0.0803088 -0.3382044 1.1768509
v -0.0750058 -0.3406517 1.1914421
v -0.0497890 -0.3464575 1.1385749
v -0.0446730 -0.3321075 1.1293564
v -0.0252871 -0.3442880 1.1325211
v -0.0307200 -0.3573999 1.1428515
v -0.0504886 -0.3055127 1.1269699
v -0.0391214 -0.2935412 1.1323293
v -0.0260259 -0.3048743 1.1293080
v -0.0359156 -0.3180574 1.1265058
v -0.0810968 -0.2575957 1.1590079
v -0.0712210 -0.2508164 1.1653160
v -0.0635816 -0.2631104 1.1549985
v -0.0725565 -0.2715369 1.1484430
v -0.0468279 -0.2565722 1.1785460
v -0.0515622 -0.2461961 1.1870069
v -0.0437791 -0.2511535 1.1991835
v -0.0403192 -0.2606178 1.1914590
v -0.0641057 -0.3034268 1.2300507
v -0.0794258 -0.3133343 1.2245649
v -0.0744888 -0.3205595 1.2210611
v -0.0609582 -0.3095144 1.2258499
v -0.0667698 -0.3361905 1.1358175
v -0.0630584 -0.3191254 1.1270813
v -0.0410212 -0.2642857 1.1724097
v -0.0356710 -0.2674825 1.1862957
v -0.0305767 -0.2741292 1.1804555
v -0.0341647 -0.2721286 1.1661227
v -0.0384937 -0.2867599 1.2100821
v -0.0447513 -0.2995115 1.2192902
v -0.0376532 -0.3021596 1.2171595
v -0.0325692 -0.2905509 1.2061276
v -0.0548701 -0.3134179 1.2239021
v -0.0674631 -0.3256091 1.2194341
v -0.0565728 -0.3299226 1.2184110
v -0.0456324 -0.3165340 1.2226392
v -0.0781097 -0.3283346 1.1363495
v -0.0786182 -0.3360306 1.1491672
v -0.0861315 -0.3278448 1.1499146
v -0.0844820 -0.3198135 1.1389082
v -0.0595412 -0.2937044 1.1316020
v -0.0487293 -0.2836384 1.1380959
v -0.0272664 -0.2938780 1.1996791
v -0.0241631 -0.2853817 1.1880910
v -0.0293009 -0.2807471 1.1942435
v -0.0662596 -0.3381822 1.2069521
v -0.0893039 -0.2663953 1.1561857
v -0.0972192 -0.2760089 1.1561369
v -0.1055833 -0.2605762 1.1676262
v -0.0973034 -0.2509063 1.1672009
v -0.0880931 -0.2429656 1.1706884
v -0.0776681 -0.2369623 1.1777496
v -0.0562530 -0.2340188 1.1997746
v -0.0478755 -0.2395034 1.2121642
v -0.0435577 -0.2495728 1.2240633
v -0.0458423 -0.2623065 1.2342464
v -0.0416575 -0.2748415 1.2209795
v -0.0398726 -0.2611330 1.2106661
v -0.0694397 -0.2890595 1.2424358
v -0.0854183 -0.2982879 1.2371776
v -0.0906337 -0.3171267 1.2144377
v -0.0981293 -0.3032729 1.2262629
v -0.0480108 -0.2666951 1.1580272
v -0.0547193 -0.2576868 1.1655826
v 0.0290129 -0.3827294 1.1561853
v 0.0325257 -0.3747683 1.1437819
v 0.0525131 -0.3817665 1.1482174
v 0.0504054 -0.3881029 1.1607818
v 0.0757013 -0.3793780 1.1439167
v 0.0564735 -0.3722057 1.1392514
v 0.0483325 -0.3394477 1.2071587
v 0.0298000 -0.3349456 1.2094028
v 0.0821930 -0.3589193 1.2070070
v -0.0310179 -0.3048515 1.2112779
v -0.0208691 -0.3080538 1.2078070
v -0.0917457 -0.3256553 1.1659084
v -0.0964619 -0.3221488 1.1836902
v -0.0990193 -0.3169676 1.1707214
v -0.0680335 -0.3450963 1.1516792
v -0.0519638 -0.3551489 1.1561025
v -0.0495046 -0.3553532 1.1761830
v -0.0694834 -0.3462519 1.1712203
v -0.0888652 -0.3109554 1.1433079
v -0.0921259 -0.3196773 1.1529973
v -0.0987117 -0.3096801 1.1597154
v -0.0952997 -0.3001447 1.1509496
v -0.0498794 -0.2891880 1.2279896
v -0.0487986 -0.2952785 1.2220175
v -0.1141000 -0.2997758 1.2007653
v -0.1047306 -0.3119236 1.1907993
v -0.0989485 -0.3163252 1.2025457
v -0.1069791 -0.3040074 1.2127707
v -0.0917752 -0.3255678 1.1966857
v -0.1175861 -0.2921051 1.1900627
v -0.1078568 -0.3059434 1.1791115
v -0.0545398 -0.2763225 1.2413647
v -0.1043069 -0.2868065 1.1611636
v -0.1074174 -0.2971521 1.1694314
v -0.1170901 -0.2823368 1.1808568
v -0.1130199 -0.2711329 1.1729067
v 0.0378452 -0.3639379 1.1353443
v 0.0189930 -0.3540664 1.1319128
v -0.0306671 -0.2834064 1.1437677
v -0.0184302 -0.2924491 1.1391530
v -0.0400372 -0.2754235 1.1502915
v 0.0551435 -0.3256747 1.1430281
v 0.0724312 -0.3358195 1.1440257
v 0.0192788 -0.3045146 1.1462018
v 0.0374291 -0.3149520 1.1439951
v -0.0136461 -0.3723689 1.1643056
v -0.0747329 -0.2927056 1.1366424
v -0.0655114 -0.2831340 1.1394479
v -0.0699699 -0.3038007 1.1297821
v -0.0667812 -0.2331198 1.1880544
v -0.0610744 -0.2463697 1.1751789
v -0.0752879 -0.3194656 1.1297581
v -0.0745645 -0.2168375 1.2051341
v -0.0625556 -0.3468476 1.1906190
v -0.0775249 -0.3321102 1.2080753
v -0.0846484 -0.3256974 1.2099673
v 0.0754843 -0.3816660 1.2002942
v 0.0110016 -0.3304671 1.2119120
v -0.0177234 -0.2984795 1.1957473
v -0.0159345 -0.2896649 1.1832920
v -0.0828066 -0.3016863 1.1373108
v -0.0891863 -0.2899723 1.1455449
v -0.0807218 -0.2807364 1.1457134
v -0.0403816 -0.2821709 1.2135060
v -0.0372805 -0.2695798 1.2034684
v 0.0895484 -0.3452376 1.1461228
v -0.0349891 -0.2755927 1.1989134
v -0.0467983 -0.3554694 1.1913642
v -0.1041630 0.0241452 1.4154785
v -0.1488162 -0.0875574 1.1885569
v -0.0870234 -0.0944543 1.1654697
v -0.1089531 -0.0907341 1.1669550
v -0.1553604 -0.1017753 1.2502844
v -0.1524407 -0.1078223 1.2604761
v -0.1412382 -0.1299100 1.2830270
v -0.1380988 -0.1353919 1.2897779
v -0.1424604 -0.1035961 1.2216507
v -0.0485995 -0.1200725 1.5718405
v -0.0481434 -0.1158141 1.5659723
v -0.0479894 -0.1246384 1.5846758
v 0.0704907 -0.1058475 1.0660058
v -0.0483504 -0.1277628 1.5545216
v -0.0480093 -0.1229959 1.5466331
v -0.0518617 -0.1265851 1.5503924
v -0.0474599 -0.1296080 1.5551723
v -0.0473243 -0.1305309 1.5560174
v -0.0464915 -0.1353743 1.5833142
v -0.0474068 -0.1127860 1.5577923
v -0.0471912 -0.1119457 1.5481159
v -0.0463836 -0.1372515 1.5682822
v -0.1105778 0.0735214 1.0250065
v -0.0908490 0.0881439 1.0244917
v -0.0959764 0.0907735 1.0061338
v -0.1158475 0.0735696 1.0067339
v -0.1024572 0.0939104 0.9868873
v -0.1799525 -0.0080559 0.9603033
v -0.1787538 -0.0358070 0.9676839
v -0.1745289 -0.0309576 0.9876090
v -0.1758058 -0.0048995 0.9820770
v -0.1639645 -0.0520650 1.0060010
v -0.1693066 -0.0266322 1.0032280
v -0.1671025 -0.0575306 0.9919489
v -0.1534084 -0.0820060 0.9911186
v -0.1510234 -0.0760644 1.0053035
v -0.1348053 -0.1028830 0.9867181
v -0.1318742 -0.0965209 1.0022231
v -0.1126808 -0.1183312 0.9811642
v -0.0861352 -0.1274770 0.9760083
v -0.0484185 -0.1401728 0.9536745
v -0.0236194 -0.1315103 0.9627615
v -0.0549799 -0.1324847 0.9700024
v 0.0278454 -0.1204486 0.9490312
v 0.0049125 -0.1275229 0.9545440
v 0.0650643 -0.1069624 0.9461726
v 0.0480815 -0.1134689 0.9466277
v -0.0614510 -0.1322814 1.3551517
v -0.1199275 -0.0831137 1.4464684
v -0.1298711 -0.0889536 1.4419562
v -0.1200791 -0.1072783 1.4376685
v -0.1830577 -0.0657028 1.4055811
v -0.1731554 -0.0793015 1.4169488
v -0.1688574 -0.0557440 1.4207230
v -0.1762415 -0.0443863 1.4095514
v -0.1217647 -0.0651574 1.4468887
v -0.1143789 -0.0623814 1.4499919
v -0.1322508 -0.0677888 1.4434470
v -0.1194438 -0.0293746 1.4422327
v -0.1285523 -0.0475975 1.4432245
v -0.1447348 -0.1352403 1.4204588
v -0.1650783 -0.1229661 1.4165209
v -0.1667732 -0.1348567 1.4110771
v -0.1469985 -0.1471698 1.4144858
v -0.1968950 -0.0915933 1.3811658
v -0.2001142 -0.0825889 1.3683192
v -0.2022275 -0.0970367 1.3648322
v -0.1989621 -0.1056441 1.3772505
v -0.1461098 -0.1847089 1.3903155
v -0.1665018 -0.1747925 1.3890067
v -0.1646235 -0.1884523 1.3775767
v -0.1445631 -0.1959622 1.3787374
v -0.1920946 -0.1150572 1.3898939
v -0.1933343 0.0338246 1.3142369
v -0.2039892 0.0096882 1.3185476
v -0.2106122 -0.0158768 1.3219643
v -0.2067415 -0.0772786 1.3223646
v -0.2086949 -0.0636123 1.3239055
v -0.2104686 -0.0611423 1.3128761
v -0.2056043 -0.0896977 1.3201801
v -0.2039246 -0.1039367 1.3142905
v -0.0886030 -0.1730105 1.3255501
v -0.0884095 -0.1710508 1.3285980
v -0.0908155 -0.1796060 1.3520961
v -0.1930270 -0.1313723 1.2970554
v -0.1980269 -0.1162391 1.3037870
v -0.1951053 -0.1147339 1.2979004
v -0.1899537 -0.1295670 1.2923826
v -0.1411985 -0.1252661 1.4260185
v -0.1795093 -0.1791346 1.3704706
v -0.1814517 -0.1646742 1.3815902
v -0.1920508 -0.1575555 1.3703921
v -0.1888142 -0.1727820 1.3598461
v -0.1957929 -0.1643104 1.3505346
v -0.1995746 -0.1491137 1.3599819
v -0.2033816 -0.1408916 1.3492696
v -0.1996609 -0.1561829 1.3412636
v -0.1949871 -0.1348339 1.3031844
v -0.2004186 -0.1187780 1.3107186
v -0.1185878 -0.2049232 1.3616563
v -0.1239724 -0.1676445 1.4020511
v -0.1025265 -0.1695909 1.3873732
v -0.1015267 -0.1603250 1.3936337
v -0.1231320 -0.1562279 1.4087203
v -0.1476146 -0.1398412 1.2805794
v -0.1366167 -0.1438452 1.2858872
v -0.1575033 -0.1366821 1.2758450
v -0.1879171 -0.1124881 1.2877939
v -0.1661023 -0.1356612 1.2741937
v -0.0937916 -0.1633162 1.3067820
v -0.0869171 -0.1756783 1.3202222
v -0.0887098 -0.1680488 1.3662772
v -0.0871363 -0.1611141 1.3725581
v -0.1419930 -0.2062580 1.3660282
v -0.1618690 -0.2009098 1.3638549
v -0.1872096 -0.1474537 1.2892857
v -0.1843563 -0.1449833 1.2847708
v -0.1794112 -0.1594479 1.2763382
v -0.1975986 -0.0999195 1.2915447
v -0.1919244 -0.1139115 1.2924302
v -0.1477749 -0.1595381 1.4079593
v -0.1762536 -0.1921822 1.3570734
v -0.1850931 -0.1851315 1.3478250
v -0.2011383 -0.1339382 1.3671057
v -0.1938248 -0.1420738 1.3787692
v -0.1937613 -0.1279570 1.3848885
v -0.2007704 -0.1195994 1.3726610
v -0.1952348 -0.1708995 1.3314679
v -0.1951450 -0.1657975 1.3209533
v -0.2038070 -0.1114917 1.3604763
v -0.2045418 -0.1258274 1.3555448
v -0.1897363 -0.1508258 1.2944811
v -0.0860131 -0.1533611 1.3777737
v -0.0758562 -0.1555216 1.3545747
v -0.0713808 -0.1485131 1.3565265
v -0.0827700 -0.1665838 1.3419607
v -0.0792854 -0.1614478 1.3491676
v -0.0862146 -0.1696888 1.3336593
v -0.0673095 -0.1413514 1.3559578
v -0.0784796 -0.3113538 1.1319320
v -0.1763336 -0.1575266 1.2707460
v -0.1726284 -0.1718592 1.2622193
v -0.1757628 -0.1724145 1.2687346
v -0.1536108 -0.2339869 1.2404088
v 0.0260094 -0.2098247 1.4507153
v 0.0277781 -0.2136747 1.4555824
v 0.0313284 -0.2204391 1.4742986
v 0.0317573 -0.2208407 1.4779207
v -0.0845274 -0.3334303 1.1630451
v -0.0780334 -0.3389288 1.1607562
v -0.0328212 -0.3641892 1.1607642
v -0.0111250 -0.3716577 1.1819563
v -0.0309684 -0.3638762 1.1790928
v -0.0134205 -0.3414674 1.2161425
v -0.0082916 -0.3256603 1.2145862
v -0.0011368 -0.2948400 1.1792879
v -0.0179245 -0.3306294 1.1275664
v 0.1181556 -0.3753121 1.2091582
v 0.1154569 -0.3863567 1.2044380
v 0.1362356 -0.3886045 1.2071555
v 0.1384676 -0.3771842 1.2105797
v 0.1585539 -0.3797044 1.2122263
v 0.1605645 -0.3698846 1.2082221
v 0.1410964 -0.3667465 1.2080614
v 0.1612781 -0.3641495 1.2001825
v 0.1425962 -0.3598282 1.2004346
v 0.1610146 -0.3618187 1.1901298
v 0.1611706 -0.3625946 1.1809257
v 0.1439549 -0.3561567 1.1810651
v 0.1432942 -0.3563581 1.1908638
v 0.1266849 -0.3504920 1.1708758
v 0.1443754 -0.3586355 1.1712222
v 0.1440130 -0.3634023 1.1617697
v 0.1266726 -0.3547969 1.1601519
v 0.1570430 -0.3880357 1.1551938
v 0.1546557 -0.3963009 1.1569225
v 0.1364257 -0.3903492 1.1523644
v 0.1394339 -0.3809281 1.1505783
v 0.1126957 -0.3983906 1.1623229
v 0.1146472 -0.3917818 1.1534993
v 0.1340071 -0.3982549 1.1584206
v 0.1322193 -0.4044980 1.1670182
v 0.1499033 -0.4107285 1.1706871
v 0.1505204 -0.4112455 1.1815752
v 0.1319207 -0.4066054 1.1768122
v 0.0786280 -0.3708915 1.2063897
v 0.0983704 -0.3734098 1.2075134
v 0.1015684 -0.3615809 1.2069827
v 0.1248076 -0.3507480 1.1917923
v 0.1062337 -0.3453125 1.1926527
v 0.1041580 -0.3517258 1.2015213
v 0.1233903 -0.3555841 1.2010312
v 0.0916974 -0.3373098 1.1569775
v 0.1087622 -0.3426099 1.1702999
v 0.1089895 -0.3462742 1.1585804
v 0.1260028 -0.3492962 1.1815271
v 0.1077197 -0.3425757 1.1817727
v 0.1246108 -0.3627628 1.1513722
v 0.1421322 -0.3713276 1.1543568
v 0.1144111 -0.3949987 1.1954819
v 0.1130857 -0.4003541 1.1846163
v 0.1331857 -0.4036474 1.1881491
v 0.1348314 -0.3978025 1.1988738
v 0.1071121 -0.3541406 1.1491164
v 0.0923507 -0.3973186 1.1809609
v 0.0937357 -0.3924059 1.1921684
v 0.1126264 -0.4018388 1.1731669
v 0.0922677 -0.3973443 1.1688641
v 0.1543960 -0.4005603 1.2021826
v 0.1564768 -0.3909783 1.2096954
v 0.0960637 -0.3842543 1.2021635
v 0.1212795 -0.3727528 1.1469115
v 0.1177566 -0.3832965 1.1480147
v 0.0990625 -0.3760143 1.1435033
v 0.1034228 -0.3647495 1.1434454
v 0.0730437 -0.3875574 1.1528165
v 0.0959525 -0.3855226 1.1489738
v 0.0933401 -0.3928604 1.1575938
v 0.1526645 -0.4039693 1.1622345
v 0.0709437 -0.3930505 1.1645195
v 0.2447849 -0.3877653 1.1883874
v 0.2367558 -0.3815763 1.1876032
v 0.2440121 -0.3758506 1.1942496
v 0.2513154 -0.3826602 1.1950477
v 0.2281245 -0.3586532 1.1946226
v 0.2202130 -0.3545250 1.2030802
v 0.2309825 -0.3531679 1.2103579
v 0.2378053 -0.3565802 1.2030962
v 0.2553359 -0.3799566 1.2030147
v 0.2493440 -0.3724051 1.2011681
v 0.2542298 -0.3791237 1.2101513
v 0.2600778 -0.3887457 1.2122677
v 0.2616382 -0.3861304 1.2053618
v 0.2669219 -0.3943368 1.2135955
v 0.2514101 -0.3959623 1.2167078
v 0.2623535 -0.4026450 1.2151611
v 0.2392547 -0.4178171 1.2044785
v 0.2348789 -0.4239361 1.1961738
v 0.2492314 -0.4276202 1.1955736
v 0.2535937 -0.4205097 1.2039751
v 0.2390766 -0.4336351 1.1772088
v 0.2451055 -0.4311468 1.1866138
v 0.2307532 -0.4274198 1.1883432
v 0.2260696 -0.4297003 1.1798054
v 0.2357001 -0.3964067 1.1783188
v 0.2264463 -0.3919836 1.1766969
v 0.2300075 -0.3880753 1.1815529
v 0.2385925 -0.3931121 1.1827408
v 0.2522452 -0.3741604 1.2198105
v 0.2451878 -0.3828246 1.2189925
v 0.2515368 -0.3832565 1.2157029
v 0.2545723 -0.3728943 1.2164476
v 0.2033956 -0.3854898 1.1602661
v 0.1918459 -0.3826363 1.1625019
v 0.1934312 -0.3777578 1.1701878
v 0.2036399 -0.3815475 1.1673136
v 0.2023981 -0.3606542 1.1910988
v 0.1954340 -0.3658527 1.1866028
v 0.1888451 -0.3649457 1.2002191
v 0.1968639 -0.3631195 1.2041889
v 0.2105057 -0.3567867 1.1965216
v 0.2046696 -0.3606394 1.2085579
v 0.2150611 -0.3587809 1.2129923
v 0.2271521 -0.3567913 1.2185261
v 0.1891291 -0.3902492 1.1555916
v 0.1967745 -0.3933505 1.1519683
v 0.3160131 -0.4089162 1.2061524
v 0.3161077 -0.4112564 1.2008819
v 0.3108352 -0.4089602 1.2012273
v 0.3106763 -0.4067016 1.2066224
v 0.1898536 -0.4123041 1.1568277
v 0.1894994 -0.4181816 1.1649789
v 0.1832206 -0.4149596 1.1641879
v 0.1843554 -0.4076708 1.1573678
v 0.1974521 -0.4177303 1.1555348
v 0.1978115 -0.4223273 1.1657011
v 0.3147555 -0.4185303 1.2147954
v 0.3153505 -0.4132459 1.2141572
v 0.3095205 -0.4121069 1.2145135
v 0.3086626 -0.4175582 1.2148880
v 0.2590258 -0.3873843 1.1966789
v 0.2534374 -0.3917687 1.1897636
v 0.2762515 -0.3959554 1.1956031
v 0.2641105 -0.3950819 1.1911012
v 0.2672169 -0.3903170 1.1992419
v 0.2754909 -0.3928547 1.2018417
v 0.2534962 -0.4056812 1.1759020
v 0.2433943 -0.4022934 1.1756727
v 0.2482915 -0.3992718 1.1817073
v 0.2588169 -0.4025268 1.1816091
v 0.2395618 -0.4061748 1.1636159
v 0.2488664 -0.4104337 1.1640385
v 0.2469206 -0.4123869 1.1573128
v 0.2388418 -0.4083228 1.1574141
v 0.2690668 -0.4162479 1.1702884
v 0.2771972 -0.4215583 1.1718498
v 0.2746022 -0.4247440 1.1674728
v 0.2669839 -0.4187978 1.1654568
v 0.1765731 -0.4125219 1.1635644
v 0.1777322 -0.4044608 1.1577564
v 0.2301410 -0.4351106 1.1578439
v 0.2270032 -0.4311450 1.1485270
v 0.2357260 -0.4352875 1.1444566
v 0.2388575 -0.4388888 1.1544526
v 0.1911280 -0.4205373 1.1753023
v 0.1837756 -0.4182071 1.1745787
v 0.3142352 -0.4238050 1.2122661
v 0.3080825 -0.4229239 1.2124428
v 0.2131644 -0.3689389 1.2177837
v 0.2260716 -0.3652892 1.2232845
v 0.2025142 -0.3714375 1.2135003
v 0.1947324 -0.3728140 1.2108231
v 0.1864525 -0.3726887 1.2099621
v 0.2685350 -0.3999739 1.1874344
v 0.2462851 -0.3951876 1.1844495
v 0.2336165 -0.3980770 1.1742262
v 0.2269550 -0.4088414 1.1454942
v 0.2196116 -0.4060508 1.1456006
v 0.2245832 -0.4010105 1.1531915
v 0.2302978 -0.4056465 1.1519401
v 0.2277334 -0.4241147 1.1416338
v 0.2317395 -0.4175865 1.1417331
v 0.2397358 -0.4215389 1.1406082
v 0.2363341 -0.4280604 1.1391878
v 0.2498718 -0.3732165 1.2249571
v 0.2395247 -0.3789502 1.2226657
v 0.1923996 -0.4036925 1.1516382
v 0.1862356 -0.3991994 1.1541068
v 0.1795557 -0.3960636 1.1562099
v 0.2148357 -0.3866698 1.1712223
v 0.2040725 -0.3786009 1.1717979
v 0.2064710 -0.3740146 1.1762352
v 0.2168048 -0.3842491 1.1751979
v 0.2286312 -0.3725194 1.1854321
v 0.2187684 -0.3629264 1.1868969
v 0.2369834 -0.3672723 1.1928321
v 0.1941639 -0.3725449 1.1768246
v 0.1845319 -0.3753007 1.1721277
v 0.1853569 -0.3701274 1.1800467
v 0.1832660 -0.3815836 1.1644678
v 0.1815409 -0.3886197 1.1586479
v 0.1748669 -0.3720691 1.1726716
v 0.1752698 -0.3674746 1.1808662
v 0.1737338 -0.3789130 1.1651411
v 0.1723774 -0.3862049 1.1596577
v 0.1640392 -0.4152394 1.1737248
v 0.1656060 -0.4095344 1.1639042
v 0.1754119 -0.4167309 1.1740466
v 0.1769077 -0.3659328 1.2008104
v 0.1863555 -0.3664038 1.1897589
v 0.1759832 -0.3655504 1.1901746
v 0.1759913 -0.3721252 1.2093907
v 0.2441015 -0.3554638 1.2091688
v 0.2505875 -0.3542492 1.2138534
v 0.2541305 -0.3603490 1.2110516
v 0.2485941 -0.3625026 1.2069730
v 0.2742341 -0.3989297 1.2135694
v 0.2754922 -0.3937903 1.2087544
v 0.2681269 -0.3901434 1.2074329
v 0.2108621 -0.3915033 1.1557723
v 0.2046807 -0.3982666 1.1485453
v 0.2780272 -0.4004930 1.1915279
v 0.3014634 -0.4157403 1.2149780
v 0.3026271 -0.4099631 1.2144786
v 0.2906009 -0.4055632 1.2139131
v 0.2896552 -0.4121850 1.2148058
v 0.2853229 -0.4094303 1.1919863
v 0.2846312 -0.4030912 1.1942071
v 0.2923851 -0.4059593 1.1953514
v 0.2926722 -0.4125619 1.1944120
v 0.2703739 -0.4256483 1.1609328
v 0.2641328 -0.4210579 1.1591990
v 0.2685204 -0.4210822 1.2007084
v 0.2686410 -0.4152496 1.2109209
v 0.2568772 -0.4125951 1.2121550
v 0.2506880 -0.4084139 1.1699336
v 0.2600930 -0.4120990 1.1698719
v 0.2582230 -0.4145325 1.1645421
v 0.2713489 -0.4032316 1.1860085
v 0.2779536 -0.4049587 1.1885594
v 0.2743734 -0.4078607 1.1837171
v 0.2666933 -0.4051142 1.1818866
v 0.2164930 -0.4271356 1.1518454
v 0.2178653 -0.4181334 1.1430674
v 0.3157043 -0.4097843 1.2110280
v 0.3102643 -0.4080943 1.2115686
v 0.1688251 -0.4009614 1.1584163
v 0.1707454 -0.3931556 1.1572083
v 0.2409172 -0.4042522 1.1700550
v 0.2437900 -0.4088962 1.2121453
v 0.2318170 -0.3993460 1.1692850
v 0.2562759 -0.4379658 1.1641254
v 0.2569282 -0.4354930 1.1564966
v 0.2644457 -0.4365641 1.1586649
v 0.2633737 -0.4406823 1.1640675
v 0.3030381 -0.4173696 1.1965505
v 0.3037970 -0.4108616 1.1972300
v 0.3104345 -0.4142366 1.1978850
v 0.3095342 -0.4203465 1.1976699
v 0.2833347 -0.3985767 1.1979388
v 0.2825529 -0.3960252 1.2034253
v 0.2914454 -0.3993292 1.2044504
v 0.2919210 -0.4013019 1.1989895
v 0.2824179 -0.3976797 1.2091884
v 0.2911642 -0.4010664 1.2101269
v 0.3019919 -0.4234183 1.1998328
v 0.3008624 -0.4248305 1.2062809
v 0.2893665 -0.4216070 1.2049384
v 0.2917714 -0.4192226 1.1981588
v 0.2136072 -0.4256001 1.1818088
v 0.2103954 -0.4270754 1.1732661
v 0.2224465 -0.4311981 1.1702989
v 0.2344675 -0.4351621 1.1670524
v 0.2463184 -0.4365298 1.1632783
v 0.2509296 -0.4371381 1.1752618
v 0.2191987 -0.4309807 1.1619230
v 0.2803390 -0.4190178 1.1935133
v 0.2797595 -0.4189191 1.2016826
v 0.2771914 -0.4236776 1.1959262
v 0.2300278 -0.4012781 1.1617144
v 0.3034863 -0.4056481 1.2114657
v 0.1928491 -0.3955936 1.2113866
v 0.1905675 -0.4062627 1.2051358
v 0.2008583 -0.4091912 1.2042436
v 0.2019571 -0.3964639 1.2116829
v 0.3040078 -0.4059725 1.2007298
v 0.3040985 -0.4038292 1.2060131
v 0.2621660 -0.4249805 1.1537068
v 0.2678272 -0.4287114 1.1566472
v 0.2664255 -0.4327593 1.1547138
v 0.2614187 -0.4309677 1.1511432
v 0.2078961 -0.4268838 1.1650029
v 0.2427507 -0.4376005 1.1415461
v 0.2441847 -0.4419671 1.1513273
v 0.1995558 -0.4235093 1.1750109
v 0.2022989 -0.4221631 1.1840163
v 0.1933529 -0.4193325 1.1856790
v 0.2607772 -0.4330198 1.1839382
v 0.2174101 -0.4233386 1.1896294
v 0.2058130 -0.4195841 1.1914019
v 0.1958411 -0.4158138 1.1942287
v 0.1875348 -0.4132689 1.1955369
v 0.1854207 -0.4171630 1.1861993
v 0.3008358 -0.4214928 1.2122638
v 0.3080230 -0.4263063 1.2068468
v 0.1762659 -0.4152729 1.1861959
v 0.1649300 -0.4141316 1.1851980
v 0.1668470 -0.4092246 1.1947966
v 0.1782943 -0.4110709 1.1957948
v 0.2092309 -0.4154926 1.1989209
v 0.2125774 -0.4101783 1.2058812
v 0.2212510 -0.4198549 1.1969753
v 0.2256545 -0.4143137 1.2046760
v 0.2625944 -0.4299404 1.1945287
v 0.3230257 -0.4285933 1.2022121
v 0.3147902 -0.4264295 1.2016097
v 0.3153852 -0.4226653 1.1979460
v 0.3234717 -0.4257284 1.1986898
v 0.3086384 -0.4251234 1.2009253
v 0.3141729 -0.4272377 1.2071059
v 0.2302303 -0.4049203 1.2124996
v 0.2811911 -0.4123897 1.1864307
v 0.2160264 -0.3967714 1.2135341
v 0.2379924 -0.3940795 1.2188434
v 0.2285026 -0.3872461 1.2201910
v 0.2020028 -0.3833461 1.2155089
v 0.2123575 -0.3810115 1.2185530
v 0.1851046 -0.3833261 1.2130690
v 0.1935638 -0.3837522 1.2137876
v 0.1742165 -0.3819561 1.2130984
v 0.2254944 -0.3761952 1.2233625
v 0.3235170 -0.4114587 1.2050566
v 0.3233922 -0.4144248 1.2000318
v 0.1837031 -0.3944278 1.2112443
v 0.1723914 -0.3928978 1.2111075
v 0.2441357 -0.3642333 1.2003639
v 0.2216867 -0.3952430 1.1624574
v 0.2231311 -0.3943117 1.1684752
v 0.2126373 -0.4027536 1.1463744
v 0.2186024 -0.3965077 1.1542104
v 0.1695487 -0.4026550 1.2044416
v 0.1614563 -0.3662769 1.1721572
v 0.1603479 -0.3724511 1.1640071
v 0.1524193 -0.4068424 1.1918225
v 0.3236809 -0.4120461 1.2100361
v 0.2782448 -0.4283658 1.1742069
v 0.2761868 -0.4301688 1.1728258
v 0.2391710 -0.3522694 1.2155994
v 0.2475450 -0.3521802 1.2194792
v 0.2464575 -0.3603508 1.2289565
v 0.2465212 -0.3547334 1.2249899
v 0.2369353 -0.3549538 1.2228906
v 0.2364397 -0.3622172 1.2271329
v 0.2140099 -0.3880273 1.1673637
v 0.2133573 -0.3896473 1.1622449
v 0.2063903 -0.4226585 1.1541399
v 0.2078453 -0.4142494 1.1458453
v 0.2814837 -0.4024497 1.2133897
v 0.2717896 -0.4065531 1.2141595
v 0.2799536 -0.4094029 1.2139953
v 0.2885605 -0.4184591 1.2116529
v 0.2830229 -0.4160622 1.1912017
v 0.2851344 -0.4159887 1.1955817
v 0.2115365 -0.3685151 1.1808760
v 0.2214297 -0.3792637 1.1798502
v 0.2516104 -0.3702270 1.2074059
v 0.2551324 -0.3686073 1.2121216
v 0.2624406 -0.4085801 1.1759853
v 0.2729412 -0.4342857 1.1854605
v 0.2730915 -0.4315181 1.1936186
v 0.2707443 -0.4117724 1.1769278
v 0.3232340 -0.4203664 1.2140503
v 0.3237866 -0.4151525 1.2132480
v 0.2784929 -0.4164882 1.2106490
v 0.2557946 -0.4167420 1.1577360
v 0.2682294 -0.4346556 1.1779997
v 0.2757477 -0.4327492 1.1792554
v 0.2425342 -0.4306629 1.1382795
v 0.1811067 -0.4044603 1.2051329
v 0.3158533 -0.4166430 1.1973758
v 0.3232975 -0.4198952 1.1970350
v 0.3223386 -0.4286818 1.2068235
v 0.3223124 -0.4255783 1.2116446
v 0.1995695 -0.4092653 1.1485894
v 0.2245899 -0.3934815 1.1728491
v 0.1589114 -0.3802072 1.1581132
v 0.2367766 -0.3713704 1.2270677
v 0.2476610 -0.3676875 1.2290412
v 0.2782490 -0.4154871 1.1780788
v 0.2502149 -0.4388062 1.1562026
v 0.2591704 -0.4397333 1.1733971
v 0.2652902 -0.4423506 1.1721380
v 0.2708362 -0.4383954 1.1766889
v 0.2754781 -0.4348830 1.1750894
v 0.3286581 -0.4304220 1.2066663
v 0.3289190 -0.4273638 1.2113827
v 0.3301263 -0.4224164 1.2138949
v 0.3302112 -0.4172450 1.2127988
v 0.3293819 -0.4142464 1.2094167
v 0.3291908 -0.4302945 1.2024289
v 0.3292755 -0.4274246 1.1990076
v 0.3287688 -0.4218476 1.1974377
v 0.3344622 -0.4317119 1.2020347
v 0.3351782 -0.4321295 1.2063838
v 0.3429807 -0.4245334 1.2129363
v 0.3371448 -0.4246860 1.2135827
v 0.3396477 -0.4275615 1.2123777
v 0.3432880 -0.4280100 1.2123259
v 0.3473885 -0.4291724 1.2117158
v 0.3475069 -0.4256819 1.2115310
v 0.3380407 -0.4299843 1.2106601
v 0.3421231 -0.4314745 1.2102934
v 0.3414023 -0.4333242 1.2067967
v 0.3455687 -0.4346899 1.2063211
v 0.3464871 -0.4329563 1.2097563
v 0.3380688 -0.4319074 1.2078835
v 0.3343989 -0.4289678 1.2110848
v 0.3509649 -0.4281145 1.2097553
v 0.3501823 -0.4303682 1.2108617
v 0.3503923 -0.4335932 1.2090502
v 0.3521031 -0.4320194 1.2070141
v 0.3356315 -0.4192340 1.2122779
v 0.3420388 -0.4211539 1.2111422
v 0.3472603 -0.4231867 1.2093661
v 0.3508475 -0.4260448 1.2073578
v 0.3418140 -0.4193518 1.2078363
v 0.3468411 -0.4223469 1.2063061
v 0.3497629 -0.4250015 1.2046540
v 0.3418938 -0.4195965 1.2038093
v 0.3466524 -0.4227857 1.2032704
v 0.3341880 -0.4159954 1.2044921
v 0.3345937 -0.4163264 1.2089390
v 0.3488047 -0.4248077 1.2030153
v 0.3517772 -0.4299575 1.2045603
v 0.3402941 -0.4337342 1.2039906
v 0.3452299 -0.4348272 1.2034041
v 0.3400788 -0.4329439 1.2011782
v 0.3452642 -0.4336684 1.2008727
v 0.3497383 -0.4349189 1.2040968
v 0.3490166 -0.4354098 1.2064451
v 0.3287268 -0.4136871 1.2045412
v 0.3285720 -0.4169632 1.1999008
v 0.3340139 -0.4189398 1.1998148
v 0.3414618 -0.4219972 1.1993867
v 0.3337588 -0.4236977 1.1976608
v 0.3343774 -0.4288497 1.1989561
v 0.3401089 -0.4305081 1.1989475
v 0.3403992 -0.4265750 1.1977393
v 0.3452048 -0.4313143 1.1990899
v 0.3455462 -0.4282853 1.1986723
v 0.3463681 -0.4250254 1.2003500
v 0.3488782 -0.4307504 1.2003066
v 0.3496306 -0.4330827 1.2018762
v 0.3504670 -0.4282594 1.2026129
v 0.3480651 -0.4287789 1.1998907
v 0.3487465 -0.4267809 1.2014098
v 0.3159325 -0.4324761 1.1831621
v 0.3150309 -0.4345981 1.1781293
v 0.3082415 -0.4318397 1.1793888
v 0.3092037 -0.4297727 1.1842879
v 0.3135017 -0.4398219 1.1934037
v 0.3154956 -0.4345908 1.1915989
v 0.3089324 -0.4326394 1.1929180
v 0.3068878 -0.4379776 1.1945657
v 0.3109951 -0.4450219 1.1902897
v 0.3043548 -0.4433932 1.1911243
v 0.2993502 -0.4349485 1.1954085
v 0.3014950 -0.4295837 1.1936504
v 0.2887575 -0.4234718 1.1929760
v 0.2866785 -0.4285178 1.1956800
v 0.2862904 -0.4252110 1.1748462
v 0.2856141 -0.4308682 1.1752185
v 0.3163439 -0.4322976 1.1877079
v 0.3096509 -0.4299389 1.1888499
v 0.2980328 -0.4368447 1.1760175
v 0.2995317 -0.4316773 1.1761135
v 0.3070365 -0.4356113 1.1761544
v 0.3056615 -0.4404242 1.1757526
v 0.2886369 -0.4185874 1.1847798
v 0.2872597 -0.4206133 1.1790146
v 0.2893322 -0.4203281 1.1892958
v 0.2966095 -0.4415932 1.1788199
v 0.2959732 -0.4434593 1.1846669
v 0.2832061 -0.4381073 1.1857441
v 0.2843515 -0.4362225 1.1792338
v 0.3021045 -0.4265719 1.1894196
v 0.3006042 -0.4276131 1.1796081
v 0.3017561 -0.4256856 1.1845958
v 0.2967749 -0.4405997 1.1917971
v 0.3035995 -0.4459189 1.1838619
v 0.3199263 -0.4498121 1.1782571
v 0.3110073 -0.4466657 1.1783470
v 0.3122447 -0.4433447 1.1750510
v 0.3212997 -0.4470940 1.1747731
v 0.3044320 -0.4441279 1.1785381
v 0.3102302 -0.4477710 1.1836840
v 0.3257596 -0.4362330 1.1815976
v 0.3247024 -0.4388025 1.1767831
v 0.3259997 -0.4357454 1.1861286
v 0.2837668 -0.4355153 1.1931805
v 0.3228424 -0.4426486 1.1918888
v 0.3249953 -0.4378183 1.1897340
v 0.3137843 -0.4385397 1.1749654
v 0.3229349 -0.4426896 1.1740002
v 0.3192464 -0.4505843 1.1833387
v 0.3200110 -0.4476826 1.1892484
v 0.3266478 -0.4528279 1.1825518
v 0.3276827 -0.4501362 1.1879246
v 0.3303374 -0.4454003 1.1906394
v 0.3317140 -0.4405006 1.1885184
v 0.3318681 -0.4385641 1.1850388
v 0.3268377 -0.4523288 1.1779717
v 0.3274726 -0.4497584 1.1748756
v 0.3284401 -0.4453208 1.1738607
v 0.3334023 -0.4548268 1.1771455
v 0.3341207 -0.4557957 1.1814151
v 0.3487507 -0.4514600 1.1864616
v 0.3436220 -0.4494383 1.1882245
v 0.3432644 -0.4527711 1.1873048
v 0.3479517 -0.4546595 1.1869046
v 0.3375615 -0.4487190 1.1892586
v 0.3396230 -0.4520811 1.1876352
v 0.3381809 -0.4543903 1.1856960
v 0.3420260 -0.4564196 1.1852657
v 0.3409683 -0.4578428 1.1815038
v 0.3452996 -0.4600354 1.1809370
v 0.3467187 -0.4587933 1.1849661
v 0.3375695 -0.4561020 1.1827280
v 0.3512526 -0.4565753 1.1858872
v 0.3521945 -0.4548066 1.1842023
v 0.3341306 -0.4528403 1.1866896
v 0.3373608 -0.4433183 1.1877819
v 0.3435841 -0.4459372 1.1863467
v 0.3488297 -0.4490700 1.1840088
v 0.3521337 -0.4528496 1.1813688
v 0.3435764 -0.4442592 1.1826932
v 0.3487119 -0.4479445 1.1808295
v 0.3513149 -0.4516391 1.1790331
v 0.3431244 -0.4444160 1.1783464
v 0.3482566 -0.4483649 1.1776102
v 0.3357747 -0.4409987 1.1798591
v 0.3367180 -0.4409293 1.1842637
v 0.3502280 -0.4510667 1.1774136
v 0.3528514 -0.4591872 1.1817085
v 0.3526694 -0.4569583 1.1790782
v 0.3513932 -0.4606054 1.1844201
v 0.3401527 -0.4575932 1.1789100
v 0.3449759 -0.4595401 1.1781989
v 0.3395219 -0.4572684 1.1762300
v 0.3449617 -0.4591738 1.1757890
v 0.3496015 -0.4610664 1.1789001
v 0.3489992 -0.4616430 1.1810905
v 0.3311730 -0.4388364 1.1807728
v 0.3298945 -0.4412921 1.1763520
v 0.3346232 -0.4432581 1.1753013
v 0.3419602 -0.4468696 1.1740139
v 0.3330589 -0.4473233 1.1732064
v 0.3330930 -0.4520875 1.1742835
v 0.3395598 -0.4548471 1.1737143
v 0.3403143 -0.4509427 1.1724367
v 0.3450894 -0.4568778 1.1738679
v 0.3456513 -0.4535774 1.1728200
v 0.3470398 -0.4503158 1.1743000
v 0.3492788 -0.4570928 1.1748631
v 0.3497694 -0.4596298 1.1765631
v 0.3514807 -0.4546834 1.1769107
v 0.3486581 -0.4547044 1.1739893
v 0.3498015 -0.4528224 1.1754771
v 0.3010456 -0.4435161 1.1621071
v 0.2994906 -0.4436426 1.1568646
v 0.2938986 -0.4412893 1.1584645
v 0.2957411 -0.4411229 1.1635789
v 0.2981933 -0.4522356 1.1688301
v 0.3001165 -0.4491829 1.1686203
v 0.2947225 -0.4463141 1.1705580
v 0.2920459 -0.4495856 1.1713333
v 0.2956085 -0.4556300 1.1658391
v 0.2888310 -0.4530187 1.1677784
v 0.2860814 -0.4466704 1.1732754
v 0.2893267 -0.4429159 1.1720954
v 0.2804862 -0.4375800 1.1733648
v 0.2770533 -0.4419497 1.1752619
v 0.3012446 -0.4460991 1.1661163
v 0.2959845 -0.4432861 1.1677545
v 0.2838329 -0.4429094 1.1545973
v 0.2857717 -0.4395596 1.1557482
v 0.2918221 -0.4435005 1.1548740
v 0.2900328 -0.4467102 1.1539857
v 0.2797772 -0.4308291 1.1657242
v 0.2772756 -0.4308457 1.1607350
v 0.2811241 -0.4336015 1.1699243
v 0.2820086 -0.4476619 1.1567163
v 0.2807814 -0.4510336 1.1623231
v 0.2711045 -0.4453419 1.1634513
v 0.2721107 -0.4411132 1.1582780
v 0.2907332 -0.4397116 1.1688891
v 0.2882067 -0.4370522 1.1591755
v 0.2902116 -0.4372122 1.1645343
v 0.2822621 -0.4500941 1.1692418
v 0.2872279 -0.4537668 1.1611673
v 0.3036203 -0.4584910 1.1534977
v 0.2941174 -0.4538820 1.1547170
v 0.2956423 -0.4497235 1.1522362
v 0.3047578 -0.4549815 1.1508316
v 0.2881652 -0.4509197 1.1557442
v 0.2939153 -0.4566181 1.1599243
v 0.3096295 -0.4476278 1.1595530
v 0.3080282 -0.4480367 1.1545732
v 0.3096636 -0.4498977 1.1633278
v 0.2728296 -0.4457543 1.1709939
v 0.2734975 -0.4363025 1.1554659
v 0.3074996 -0.4559503 1.1661696
v 0.3090096 -0.4529044 1.1658634
v 0.2973252 -0.4460241 1.1529618
v 0.3060748 -0.4508661 1.1510317
v 0.3034701 -0.4605702 1.1582217
v 0.3048906 -0.4593531 1.1637065
v 0.3098414 -0.4634518 1.1569440
v 0.3114086 -0.4620391 1.1621318
v 0.3140896 -0.4589477 1.1648226
v 0.3152341 -0.4554567 1.1640497
v 0.3152583 -0.4524794 1.1614720
v 0.3101304 -0.4615222 1.1524136
v 0.3107882 -0.4582333 1.1502599
v 0.3113273 -0.4538265 1.1503443
v 0.3147813 -0.4636744 1.1513787
v 0.3156330 -0.4656952 1.1557557
v 0.3306393 -0.4650368 1.1608285
v 0.3262376 -0.4629166 1.1622032
v 0.3254725 -0.4649287 1.1610737
v 0.3295094 -0.4671493 1.1605074
v 0.3201969 -0.4618265 1.1633643
v 0.3219229 -0.4640819 1.1618013
v 0.3198353 -0.4657984 1.1599830
v 0.3236103 -0.4678806 1.1592886
v 0.3216629 -0.4679123 1.1553343
v 0.3256220 -0.4699335 1.1545582
v 0.3277175 -0.4698506 1.1584431
v 0.3187299 -0.4667697 1.1570026
v 0.3319954 -0.4688685 1.1596030
v 0.3333952 -0.4675223 1.1590384
v 0.3165123 -0.4642936 1.1608664
v 0.3205609 -0.4574404 1.1627912
v 0.3263022 -0.4595806 1.1613724
v 0.3311537 -0.4623471 1.1594852
v 0.3335181 -0.4649463 1.1571541
v 0.3257363 -0.4569777 1.1586692
v 0.3304836 -0.4598814 1.1569684
v 0.3325529 -0.4624105 1.1550166
v 0.3245415 -0.4556300 1.1552596
v 0.3292887 -0.4589074 1.1541274
v 0.3186683 -0.4529404 1.1567444
v 0.3199104 -0.4544557 1.1601490
v 0.3311860 -0.4611541 1.1535502
v 0.3327135 -0.4700671 1.1558356
v 0.3328730 -0.4675091 1.1535557
v 0.3311152 -0.4712518 1.1576042
v 0.3204001 -0.4672782 1.1528975
v 0.3248967 -0.4690803 1.1520767
v 0.3200400 -0.4654185 1.1503490
v 0.3250148 -0.4674237 1.1499313
v 0.3290176 -0.4704741 1.1527824
v 0.3287107 -0.4712022 1.1546512
v 0.3144031 -0.4506903 1.1579467
v 0.3127172 -0.4510455 1.1537250
v 0.3170109 -0.4532790 1.1528566
v 0.3231641 -0.4563094 1.1513238
v 0.3155399 -0.4558362 1.1497006
v 0.3152202 -0.4601281 1.1496019
v 0.3204471 -0.4625626 1.1488026
v 0.3213580 -0.4589870 1.1486685
v 0.3253481 -0.4648655 1.1486232
v 0.3262786 -0.4619245 1.1484480
v 0.3279996 -0.4596289 1.1507897
v 0.3291893 -0.4658792 1.1496385
v 0.3292039 -0.4684709 1.1508149
v 0.3319389 -0.4646922 1.1520845
v 0.3288599 -0.4635388 1.1493013
v 0.3305115 -0.4622844 1.1513055
v 0.2748508 -0.4331158 1.1571731
v 0.2737668 -0.4467399 1.1372807
v 0.2719353 -0.4457572 1.1337342
v 0.2684926 -0.4433384 1.1358921
v 0.2701211 -0.4442553 1.1392906
v 0.2711940 -0.4559539 1.1422836
v 0.2736422 -0.4526910 1.1425967
v 0.2699011 -0.4498795 1.1452048
v 0.2670926 -0.4534455 1.1451326
v 0.2677149 -0.4574781 1.1383348
v 0.2633909 -0.4550990 1.1409390
v 0.2628371 -0.4496840 1.1480139
v 0.2659939 -0.4460216 1.1479841
v 0.2594403 -0.4398783 1.1516470
v 0.2555661 -0.4435110 1.1525468
v 0.2474331 -0.4326469 1.1377932
v 0.2501428 -0.4292002 1.1394878
v 0.2556519 -0.4338895 1.1372626
v 0.2525674 -0.4363335 1.1353821
v 0.2743970 -0.4493412 1.1404370
v 0.2708186 -0.4465073 1.1427569
v 0.2599180 -0.4423793 1.1323054
v 0.2628373 -0.4401572 1.1342156
v 0.2662784 -0.4438416 1.1327245
v 0.2638095 -0.4459041 1.1307445
v 0.2535495 -0.4275337 1.1425874
v 0.2574358 -0.4277444 1.1466897
v 0.2602729 -0.4337756 1.1447636
v 0.2584779 -0.4331365 1.1404174
v 0.2608613 -0.4362659 1.1480135
v 0.2575385 -0.4459264 1.1331854
v 0.2570396 -0.4497992 1.1374673
v 0.2486726 -0.4436115 1.1405495
v 0.2501818 -0.4398249 1.1364514
v 0.2671428 -0.4428515 1.1448789
v 0.2651081 -0.4396126 1.1375596
v 0.2668495 -0.4406229 1.1415216
v 0.2588294 -0.4516599 1.1437671
v 0.2616406 -0.4532537 1.1353207
v 0.2709962 -0.4556485 1.1265561
v 0.2654364 -0.4521427 1.1293723
v 0.2669770 -0.4485012 1.1283122
v 0.2720677 -0.4522991 1.1255436
v 0.2619041 -0.4494795 1.1314722
v 0.2656466 -0.4557008 1.1330552
v 0.2791280 -0.4502677 1.1345541
v 0.2769374 -0.4489769 1.1308661
v 0.2796446 -0.4528715 1.1374570
v 0.2506584 -0.4462194 1.1484457
v 0.2768737 -0.4591044 1.1391256
v 0.2791516 -0.4559679 1.1392668
v 0.2695803 -0.4462824 1.1304366
v 0.2743807 -0.4498564 1.1273827
v 0.2713857 -0.4589310 1.1301967
v 0.2734781 -0.4604371 1.1354417
v 0.2760575 -0.4619452 1.1279568
v 0.2780436 -0.4634388 1.1332811
v 0.2814074 -0.4617226 1.1369396
v 0.2832099 -0.4583952 1.1373133
v 0.2832657 -0.4552599 1.1355143
v 0.2756975 -0.4586543 1.1245229
v 0.2764936 -0.4553868 1.1241049
v 0.2780774 -0.4528934 1.1260742
v 0.2798038 -0.4610527 1.1235200
v 0.2807728 -0.4646545 1.1266879
v 0.2943195 -0.4665482 1.1313284
v 0.2909079 -0.4649295 1.1332133
v 0.2898156 -0.4665014 1.1319459
v 0.2928802 -0.4680960 1.1309075
v 0.2858717 -0.4640213 1.1346667
v 0.2866079 -0.4656476 1.1328747
v 0.2843316 -0.4663002 1.1308480
v 0.2873539 -0.4681186 1.1299575
v 0.2856212 -0.4674961 1.1263395
v 0.2890061 -0.4693244 1.1249747
v 0.2905538 -0.4701724 1.1288526
v 0.2833310 -0.4665776 1.1279160
v 0.2947953 -0.4698291 1.1299870
v 0.2962628 -0.4686412 1.1293385
v 0.2818587 -0.4652849 1.1317676
v 0.2868203 -0.4606011 1.1352985
v 0.2914833 -0.4627085 1.1332026
v 0.2953282 -0.4648060 1.1306861
v 0.2968920 -0.4665539 1.1278594
v 0.2908076 -0.4601996 1.1319152
v 0.2948684 -0.4626964 1.1293510
v 0.2962638 -0.4645169 1.1267209
v 0.2894968 -0.4579946 1.1296268
v 0.2935823 -0.4609348 1.1274821
v 0.2852419 -0.4552028 1.1312951
v 0.2865918 -0.4576656 1.1339407
v 0.2953477 -0.4630246 1.1261059
v 0.2951751 -0.4700675 1.1259082
v 0.2958315 -0.4675860 1.1247726
v 0.2933341 -0.4716111 1.1274857
v 0.2846783 -0.4661656 1.1240155
v 0.2889466 -0.4679855 1.1226315
v 0.2842641 -0.4633510 1.1223269
v 0.2893743 -0.4655994 1.1213794
v 0.2924376 -0.4694618 1.1232006
v 0.2914794 -0.4707748 1.1246428
v 0.2822935 -0.4528456 1.1328108
v 0.2802244 -0.4518631 1.1293084
v 0.2832607 -0.4541392 1.1279890
v 0.2876966 -0.4569358 1.1264796
v 0.2814387 -0.4551733 1.1248893
v 0.2801511 -0.4576071 1.1230600
v 0.2849805 -0.4605300 1.1218660
v 0.2862268 -0.4579529 1.1233626
v 0.2899453 -0.4631373 1.1214414
v 0.2910020 -0.4611431 1.1226255
v 0.2922245 -0.4602824 1.1250813
v 0.2935498 -0.4648686 1.1225679
v 0.2932540 -0.4671773 1.1224023
v 0.2955237 -0.4652049 1.1244751
v 0.2934800 -0.4631493 1.1230443
v 0.2946302 -0.4630831 1.1245074
v 0.2462204 -0.4362125 1.1382287
v 0.2606664 -0.3700229 1.2282729
v 0.2627262 -0.3711923 1.2234732
v 0.2621479 -0.3575721 1.2147927
v 0.2637761 -0.3639541 1.2157175
v 0.2596053 -0.3525214 1.2179887
v 0.2569878 -0.3531351 1.2277891
v 0.2580721 -0.3512653 1.2230938
v 0.2641250 -0.3692982 1.2191094
v 0.2584750 -0.3653064 1.2321287
v 0.2568028 -0.3581790 1.2318996
v 0.2681230 -0.3633783 1.2355625
v 0.2668487 -0.3560132 1.2354868
v 0.2666030 -0.3503784 1.2310708
v 0.2665485 -0.3490331 1.2255079
v 0.2669224 -0.3508085 1.2203307
v 0.2693517 -0.3688294 1.2318298
v 0.2704436 -0.3700409 1.2264976
v 0.2704934 -0.3673257 1.2212932
v 0.2779269 -0.3673345 1.2349774
v 0.2798334 -0.3615732 1.2392136
v 0.2880563 -0.3463205 1.2375222
v 0.2830747 -0.3467914 1.2356980
v 0.2837303 -0.3488370 1.2392182
v 0.2873764 -0.3478159 1.2412067
v 0.2772469 -0.3484981 1.2348744
v 0.2809424 -0.3500919 1.2385075
v 0.2815995 -0.3542178 1.2404645
v 0.2842566 -0.3533743 1.2424600
v 0.2827740 -0.3582594 1.2414262
v 0.2854787 -0.3587716 1.2432165
v 0.2878183 -0.3521162 1.2447964
v 0.2908289 -0.3480238 1.2429479
v 0.2916005 -0.3514376 1.2455601
v 0.2924668 -0.3473749 1.2402226
v 0.2774491 -0.3550973 1.2382841
v 0.2748275 -0.3472916 1.2285085
v 0.2823901 -0.3464065 1.2312328
v 0.2891757 -0.3464672 1.2336616
v 0.2938335 -0.3487075 1.2364444
v 0.2829127 -0.3486635 1.2263807
v 0.2897752 -0.3496689 1.2301029
v 0.2934638 -0.3515219 1.2332356
v 0.2838110 -0.3536763 1.2236734
v 0.2899235 -0.3537541 1.2285427
v 0.2745506 -0.3543821 1.2193651
v 0.2741944 -0.3491730 1.2228830
v 0.2926454 -0.3539222 1.2314404
v 0.2949483 -0.3517590 1.2431072
v 0.2957147 -0.3534702 1.2388641
v 0.2859491 -0.3625108 1.2409766
v 0.2888698 -0.3577816 1.2449677
v 0.2903560 -0.3611219 1.2426564
v 0.2855408 -0.3657340 1.2373037
v 0.2911947 -0.3630048 1.2389113
v 0.2936785 -0.3578283 1.2438407
v 0.2916128 -0.3558623 1.2462405
v 0.2679753 -0.3552934 1.2172605
v 0.2695177 -0.3615192 1.2179988
v 0.2759843 -0.3610695 1.2202155
v 0.2842306 -0.3595320 1.2241601
v 0.2766987 -0.3666095 1.2240220
v 0.2774774 -0.3693555 1.2293867
v 0.2856748 -0.3667996 1.2323287
v 0.2853354 -0.3647136 1.2274076
v 0.2914548 -0.3633165 1.2347690
v 0.2908832 -0.3614271 1.2311153
v 0.2904244 -0.3578841 1.2290141
v 0.2941677 -0.3592781 1.2358408
v 0.2945768 -0.3588680 1.2397844
v 0.2947966 -0.3550768 1.2351966
v 0.2932019 -0.3591008 1.2331906
v 0.2932584 -0.3564067 1.2322931
v 0.2457011 -0.4250932 1.1398505
v 0.2496557 -0.4222595 1.1439935
v 0.2429685 -0.4180350 1.1448005
v 0.2349581 -0.4132928 1.1451684
v 0.2252646 -0.4141210 1.1423870
v 0.2374497 -0.4105242 1.1511805
v 0.2454577 -0.4155894 1.1506435
v 0.2543924 -0.4210638 1.1502294
v 0.2330275 -0.4048696 1.1569451
v -0.0015843 -0.2155106 1.5418269
v 0.0017740 -0.2169239 1.5418260
v -0.0018124 -0.2128979 1.5361290
v -0.0043033 -0.2120396 1.5371646
v 0.0054804 -0.2141535 1.5344599
v 0.0014519 -0.2139158 1.5349336
v 0.0064970 -0.2176770 1.5414236
v 0.0115240 -0.2165574 1.5404757
v 0.0180244 -0.2117391 1.5364074
v 0.0194075 -0.2113723 1.5348595
v 0.0184601 -0.2115508 1.5340384
v 0.0163326 -0.2118611 1.5342989
v 0.0128832 -0.2131715 1.5341539
v -0.0068476 -0.2107125 1.5406792
v -0.0057451 -0.2119414 1.5413697
v -0.0038851 -0.2137000 1.5419088
v 0.0092134 -0.2140888 1.5341583
v -0.0060943 -0.2109451 1.5384250
v -0.0069185 -0.2103351 1.5395923
v 0.0153813 -0.2139912 1.5391991
v 0.0053316 -0.2152226 1.5365670
v 0.0015256 -0.2148874 1.5372285
v 0.0058071 -0.2165901 1.5390586
v 0.0103189 -0.2160365 1.5384004
v 0.0150577 -0.2128375 1.5353844
v 0.0128107 -0.2139664 1.5357434
v -0.0015816 -0.2138220 1.5379341
v 0.0094184 -0.2151117 1.5361424
v 0.0015689 -0.2157855 1.5396204
v 0.0138313 -0.2144500 1.5375025
v 0.0160427 -0.2129561 1.5363840
v -0.0059952 -0.2112788 1.5400871
v -0.0060827 -0.2111383 1.5396481
v 0.0000933 -0.0866022 1.3305147
v 0.0013914 -0.0852995 1.3113142
v -0.0013798 -0.2146544 1.5397500
v -0.0052332 -0.2118110 1.5391859
v -0.0036762 -0.2127668 1.5385313
v -0.0035699 -0.2131962 1.5401240
v -0.0050799 -0.2120261 1.5402409
v -0.0659506 -0.2063518 1.2754251
v -0.0691365 -0.2191571 1.2854936
v -0.1139261 -0.2507772 1.2916970
v -0.1360746 -0.2488039 1.2858661
v 0.0068458 -0.1161155 1.0963573
v -0.1727184 0.0266517 1.1130031
v -0.1835185 0.0284643 1.1345972
v -0.1339755 0.0958965 1.1405494
v -0.1491412 0.0822352 1.1319896
v -0.1240446 -0.0841760 1.1010715
v -0.1294111 -0.0798239 1.1166506
v -0.0524726 -0.1061309 1.1039543
v -0.0590293 -0.1005437 1.1195141
v -0.0956573 -0.1028621 1.0861513
v -0.1443097 0.0551856 1.0827625
v -0.1540254 0.0364776 1.0801190
v -0.1590320 0.0420974 1.0982265
v -0.1509672 0.0609825 1.1019468
v -0.1161826 0.1054130 1.1485186
v -0.1056445 0.0996197 1.1217401
v -0.1565832 -0.0636479 1.1352348
v -0.1746384 -0.0438478 1.1368415
v -0.1906430 0.0028675 1.1488319
v -0.1923055 0.0253923 1.1581144
v -0.1885963 0.0454727 1.1694932
v -0.1802503 0.0644615 1.1817742
v -0.0415527 -0.0994498 1.1386871
v -0.0247964 -0.0934942 1.1582361
v -0.1334983 -0.0785015 1.1343867
v 0.0262053 -0.0842049 1.1520583
v -0.1779816 0.0759976 1.2321571
v -0.1602651 0.0937265 1.2394639
v -0.1851126 -0.0208926 1.1416600
v -0.0038755 -0.0892729 1.2652905
v -0.0152356 -0.0993547 1.2665569
v -0.0125871 -0.0985150 1.2524034
v -0.0021173 -0.0878307 1.2512400
v -0.0238778 -0.1077521 1.2533003
v -0.0358169 -0.1156873 1.2540985
v -0.0475850 -0.1220781 1.2547733
v -0.0792723 -0.1327999 1.2535262
v -0.0695322 -0.1306565 1.2543990
v -0.0985923 -0.1316011 1.2498833
v -0.0886300 -0.1332642 1.2520870
v -0.1117561 -0.1260799 1.2447389
v -0.1266537 -0.1165090 1.2400789
v -0.1409383 -0.1090854 1.2507166
v -0.1424500 -0.1051875 1.2360893
v -0.1270158 -0.1148307 1.2267809
v -0.1123965 -0.1231911 1.2321624
v -0.0996958 -0.1282844 1.2366019
v 0.0088421 -0.0738363 1.2107087
v 0.0099095 -0.0746352 1.2271054
v -0.0008776 -0.0876903 1.3484127
v 0.0005830 -0.3428294 1.1294749
v 0.1209144 -0.3639726 1.2076988
v -0.0887239 0.0031364 1.4402792
v -0.1052040 -0.0133061 1.4411938
v -0.1435114 -0.0699460 1.4392696
v -0.1403922 -0.0926113 1.4366044
v -0.1396812 -0.0448112 1.4383344
v -0.1270741 -0.0243483 1.4365793
v -0.1102797 -0.0863708 1.1514968
v -0.1231051 0.0072280 1.4174892
v -0.1352475 -0.0180957 1.4289552
v -0.1504652 -0.0393064 1.4310367
v -0.1569476 -0.0660433 1.4305439
v -0.1562227 -0.0949801 1.4286222
v -0.1620146 -0.1110417 1.4225575
v -0.1818707 -0.1239187 1.4014291
v -0.1826931 -0.1367630 1.3960473
v -0.1827748 -0.1505806 1.3894931
v -0.1678715 -0.1608568 1.3979942
v -0.1678223 -0.1475137 1.4049609
v -0.1569470 -0.2264408 1.3113188
v -0.1538002 -0.2322396 1.2935581
v -0.1557369 -0.2324553 1.2779484
v -0.1589269 -0.2281575 1.2646286
v -0.1624198 -0.2182616 1.2556322
v -0.1652712 -0.2044207 1.2520473
v -0.1688741 -0.1873791 1.2556037
v -0.1805786 -0.1437716 1.2805730
v -0.1856990 -0.1289185 1.2886217
v -0.2022101 -0.0877582 1.2933121
v -0.2070996 -0.0750971 1.2926176
v -0.2159746 -0.0334409 1.2785361
v -0.2148164 -0.0115088 1.2649481
v -0.2122456 0.0086189 1.2461983
v -0.1527332 0.0410509 0.9933292
v -0.1628566 0.0210866 0.9960825
v -0.1576672 0.0234072 1.0139528
v -0.1463995 0.0422746 1.0105876
v -0.1077950 0.0749757 1.0455473
v -0.0883562 0.0879010 1.0462617
v -0.1593193 -0.0486021 1.0192178
v -0.1477807 -0.0718350 1.0181337
v -0.1638485 0.0009039 1.0161719
v -0.1648101 -0.0232185 1.0181266
v -0.1292945 -0.0921855 1.0155338
v -0.0300661 -0.1295215 0.9979723
v -0.0037029 -0.1295390 0.9936881
v 0.0435657 -0.1210547 0.9877013
v 0.0632564 -0.1120994 0.9863494
v -0.1083009 -0.1074732 1.0115544
v 0.0214002 -0.1270125 0.9902755
v -0.0849001 -0.1182164 1.0067144
v -0.0588241 -0.1252932 1.0020148
v -0.1247096 0.0609850 1.0453510
v -0.1276139 0.0596097 1.0261844
v -0.1416290 0.0436765 1.0276764
v -0.1546936 0.0663492 1.3359989
v -0.1729749 0.0499123 1.3345518
v -0.1874612 0.0294009 1.3350899
v -0.1941959 -0.0028560 1.3565863
v -0.1988524 0.0056660 1.3386703
v -0.2058260 -0.0189602 1.3382700
v -0.2016998 -0.0263356 1.3540149
v -0.2051161 -0.0686301 1.3454645
v -0.2065632 -0.0652632 1.3344372
v -0.2060687 -0.0794347 1.3326774
v -0.2050667 -0.0828008 1.3427924
v -0.2057761 -0.0921884 1.3296914
v -0.2055756 -0.1068390 1.3242825
v -0.2017366 -0.1228711 1.3177676
v -0.1976651 -0.1396187 1.3101771
v -0.2010428 -0.1496659 1.3310361
v -0.2043802 -0.1335683 1.3386888
v -0.2026895 -0.0741908 1.3567911
v -0.2011256 -0.0547787 1.3623881
v -0.1402252 0.0439972 1.3709794
v -0.1215150 0.0587805 1.3689518
v -0.1576467 -0.0960672 1.2369319
v -0.1734671 -0.0859452 1.2388896
v -0.1876810 -0.0768432 1.2442678
v -0.1979342 -0.0681582 1.2519221
v -0.2066207 -0.0609737 1.2617566
v -0.2117615 -0.0542815 1.2732146
v -0.2111731 -0.0628091 1.2903878
v -0.2141394 -0.0494055 1.2856043
v -0.2115742 -0.0609274 1.3016659
v -0.2145739 -0.0459627 1.2986811
v -0.2134043 -0.0431406 1.3113038
v -0.2114304 -0.0415496 1.3240296
v -0.2079837 -0.0443820 1.3376915
v -0.2045723 -0.0490045 1.3502370
v -0.1978470 -0.0347767 1.3677174
v -0.1901626 -0.0137722 1.3713561
v -0.1739828 -0.0039227 1.3878425
v -0.1708837 -0.0137410 1.3998398
v -0.1772428 0.0065440 1.3732863
v -0.1816321 0.0199701 1.3561187
v -0.1080286 -0.0725535 1.4524199
v -0.1022448 -0.0514487 1.4561700
v -0.1749840 -0.1879274 1.2717276
v -0.1751774 -0.1819153 1.2693694
v -0.1726486 -0.1846298 1.2636570
v -0.1709003 -0.1957449 1.2633338
v -0.1692957 -0.2062365 1.2674246
v -0.1744969 -0.2014455 1.2845982
v -0.1744167 -0.1958718 1.2763034
v -0.1674977 -0.2139439 1.2756193
v -0.1661423 -0.2181550 1.2868157
v -0.1741378 -0.2058702 1.2945062
v -0.1657091 -0.2191556 1.2992724
v -0.1738349 -0.2082585 1.3046390
v -0.1676500 -0.2161506 1.3121906
v -0.1735931 -0.2086163 1.3125765
v -0.1914817 -0.1772614 1.3406180
v -0.1857728 -0.1898884 1.3308466
v -0.1791197 -0.2011655 1.3205701
v -0.1919208 -0.1558322 1.3013409
v -0.1858948 -0.1710347 1.2932586
v -0.1801813 -0.1843958 1.2846806
v -0.1813549 -0.1892590 1.2934364
v -0.1876296 -0.1758997 1.3018243
v -0.1941721 -0.1608693 1.3103644
v -0.1458673 0.0548556 1.3566929
v -0.1655862 0.0393160 1.3566192
v -0.2060529 -0.0971373 1.3391439
v -0.2059361 -0.1108738 1.3349054
v -0.2041331 -0.1261126 1.3285438
v -0.2003558 -0.1441700 1.3201115
v -0.2061898 -0.1181343 1.3446916
v -0.2055781 -0.1037040 1.3494979
v -0.2039885 -0.0889854 1.3535256
v -0.1610348 0.0269332 1.3726757
v -0.1263860 0.0688681 1.3555786
v -0.0905333 -0.1746707 1.3594341
v -0.1034317 -0.1783936 1.3791711
v -0.1243076 -0.1786591 1.3932580
v -0.1472949 -0.1722281 1.4000883
v -0.0563590 -0.2735666 1.1461642
v -0.0965921 0.0944953 1.0966872
v -0.0901568 0.0906088 1.0722626
v -0.1092333 0.0798150 1.0680299
v -0.1406003 0.1063314 1.2485918
v -0.1356031 0.0797555 1.3384995
v -0.0556630 -0.1268881 1.2315184
v -0.0444495 -0.1223714 1.2323478
v -0.0460191 -0.1220367 1.2424131
v -0.0574113 -0.1267230 1.2420874
v -0.0776812 -0.1302977 1.2295587
v -0.0669654 -0.1295232 1.2306700
v -0.0687639 -0.1296282 1.2414347
v -0.0791859 -0.1308531 1.2406282
v -0.0879846 -0.1294383 1.2277201
v -0.0892131 -0.1308346 1.2392756
v -0.0644849 -0.1296088 1.2204166
v -0.0534660 -0.1269386 1.2214768
v -0.0426246 -0.1226725 1.2226834
v -0.0852558 -0.1286853 1.2177345
v -0.0755707 -0.1298434 1.2194525
v 0.0139058 -0.1728388 1.4205725
v 0.0157224 -0.1896126 1.4222405
v 0.0287474 -0.2157670 1.4600602
v 0.0293147 -0.2150885 1.4647067
v -0.0024050 -0.0882501 1.3742952
v -0.0014513 -0.0917528 1.3836084
v 0.0091010 -0.0755879 1.2388751
v 0.0066420 -0.0794159 1.2639875
v 0.0047426 -0.0819894 1.2775211
v 0.0026914 -0.0838144 1.2932344
v -0.0022794 -0.0883016 1.3627757
v 0.0074995 -0.0774124 1.2499056
v -0.1623692 -0.0832819 0.8399296
v -0.1588572 -0.0626458 0.8169470
v -0.1686761 -0.0510217 0.8439714
v -0.1644038 -0.0360878 0.8277065
v -0.1767503 -0.0485891 0.9149735
v -0.1745644 -0.0531477 0.8878669
v -0.1789088 -0.0424597 0.9415353
v -0.1570862 -0.0132019 0.8151205
v -0.1444081 0.0126555 0.8070955
v -0.1503681 0.0315253 0.8269513
v -0.1801055 -0.0140068 0.9345383
v -0.1788455 -0.0192046 0.9080121
v -0.1707347 -0.0308273 0.8476467
v -0.1716817 -0.0550159 0.8639306
v -0.1737315 -0.0282008 0.8613139
v -0.1619238 0.0057276 0.8322881
v -0.1682085 -0.0168477 0.8397166
v -0.1229935 0.0749811 0.9874209
v -0.1089321 0.0955826 0.9671325
v -0.1306829 0.0766554 0.9679226
v -0.1685411 -0.0020138 1.0002151
v -0.1697976 0.0194188 0.9788675
v -0.1720271 -0.0052537 0.8562531
v -0.1655173 0.0195707 0.8520673
v -0.1535407 0.0447753 0.8493971
v -0.1564563 0.0590852 0.9238261
v -0.1571986 0.0581693 0.9000403
v -0.1691302 0.0341015 0.9006105
v -0.1687051 0.0360818 0.9258312
v -0.1746517 0.0164801 0.9556235
v -0.1760491 0.0123118 0.9299209
v -0.1530288 0.0593797 0.9478336
v -0.1655654 0.0389892 0.9511201
v -0.1601120 0.0404536 0.9741022
v -0.1757548 0.0079675 0.9031590
v -0.1375239 0.0782431 0.8730072
v -0.1559373 0.0542225 0.8742974
v -0.1129517 0.0974442 0.8733724
v -0.1468609 0.0590812 0.9701574
v -0.1392090 0.0584007 0.9901995
v -0.1318051 0.0584019 1.0089021
v -0.1258676 0.0656233 1.0649894
v 0.0322628 -0.2800260 0.7157707
v 0.0156828 -0.0429368 0.7928610
v -0.0011973 -0.0252815 0.7883631
v -0.0959387 -0.1676902 0.9088494
v -0.1496823 -0.1282605 0.8706956
v -0.1637632 -0.0898267 0.8674203
v 0.0479024 -0.0995498 0.8262414
v 0.0406892 -0.0766596 0.8086929
v -0.0604238 -0.1778118 0.9111205
v 0.0091662 -0.1640781 0.8868195
v 0.0291817 -0.0583605 0.7991786
v -0.1772691 -0.0232691 0.8833088
v -0.1745309 0.0020813 0.8784721
v -0.1674593 0.0283275 0.8754115
v -0.1354544 0.0698381 0.8480280
v -0.1107597 0.0907466 0.8504429
v 0.0635302 -0.1060046 0.8635958
v 0.0657551 -0.1055393 0.8743209
v 0.0722015 -0.1005076 0.8709925
v 0.0707507 -0.0979556 0.8547139
v -0.0283911 -0.1290778 0.9804574
v -0.0007347 -0.1276441 0.9751872
v 0.0458160 -0.1170052 0.9680863
v 0.0639869 -0.1087054 0.9669762
v -0.1109152 -0.1109437 0.9972020
v 0.0239694 -0.1231026 0.9708573
v -0.0864908 -0.1215494 0.9914753
v -0.0590602 -0.1270664 0.9857208
v -0.0557487 -0.1278663 0.3050960
v -0.0584906 -0.1197480 0.2786912
v -0.0698172 -0.1127874 0.2852199
v -0.0655926 -0.1196384 0.3120576
v -0.0968317 -0.1199060 0.3221845
v -0.0840532 -0.1140697 0.3200647
v -0.1073474 -0.1294931 0.3205331
v -0.1103226 -0.1161304 0.2934957
v -0.1134049 -0.1278764 0.2880726
v -0.1121483 -0.1408576 0.3151892
v -0.1106113 -0.1522970 0.3091861
v -0.1066976 -0.1489119 0.2766632
v -0.0934623 -0.1602048 0.2702494
v -0.0921234 -0.1745830 0.2947689
v -0.1048310 -0.1633121 0.3029635
v -0.0743231 -0.1799904 0.2844686
v -0.0767050 -0.1667372 0.2615044
v -0.0571866 -0.1740709 0.2810488
v -0.0473234 -0.1392805 0.2961067
v -0.0479734 -0.1311200 0.2706019
v -0.1000509 -0.1069647 0.2953939
v -0.0868517 -0.1045475 0.2926536
v -0.0727254 -0.1140603 0.3159542
v -0.0779368 -0.1083877 0.2890976
v -0.0704425 -0.1042343 0.2590956
v -0.0561100 -0.1098008 0.2545387
v -0.1035546 -0.0952192 0.2708531
v -0.0907064 -0.0972125 0.2668084
v -0.1143028 -0.1158938 0.2636679
v -0.1144102 -0.1035136 0.2694702
v -0.1118862 -0.1393548 0.2522266
v -0.1115699 -0.1382421 0.2824525
v -0.1143920 -0.1277226 0.2578505
v -0.0983158 -0.1506600 0.2467701
v -0.0781156 -0.1583682 0.2393948
v -0.0453278 -0.1234925 0.2475351
v -0.0807641 -0.1005453 0.2628377
v 0.0176329 -0.2152405 0.0922628
v 0.0231561 -0.2108374 0.0918951
v 0.0226056 -0.2135300 0.0971412
v 0.0189437 -0.2163147 0.0966183
v 0.0490771 -0.1935989 0.0955053
v 0.0550978 -0.1826669 0.0955843
v 0.0583981 -0.1896125 0.1053688
v 0.0540979 -0.1972465 0.1043897
v 0.0376936 -0.2054330 0.0909806
v 0.0319385 -0.2106390 0.0895906
v 0.0302338 -0.2061327 0.0881544
v 0.0340299 -0.2028972 0.0891333
v -0.0162496 -0.2143981 0.1041223
v -0.0227246 -0.2176370 0.1037923
v -0.0230249 -0.2130435 0.1016553
v -0.0194803 -0.2112375 0.1008923
v 0.0040546 -0.2145108 0.0953607
v -0.0015478 -0.2169117 0.0951862
v -0.0027813 -0.2132618 0.0932107
v 0.0005849 -0.2109413 0.0927421
v 0.0374750 -0.1906089 0.1187705
v 0.0474973 -0.1968273 0.1111089
v 0.0541447 -0.1848183 0.1128982
v 0.0464380 -0.1788592 0.1241126
v 0.0533535 -0.1742424 0.1073636
v 0.0446414 -0.1762370 0.1014700
v 0.0359146 -0.1678655 0.1083902
v 0.0444347 -0.1666686 0.1172676
v 0.0374198 -0.1864603 0.0973611
v 0.0286110 -0.1794102 0.1037491
v 0.0276902 -0.1904087 0.1076637
v 0.0377970 -0.1995004 0.1008542
v 0.0177356 -0.2046522 0.1035471
v 0.0236011 -0.2115935 0.0945094
v 0.0298108 -0.2107829 0.1012438
v 0.0238185 -0.2047362 0.1113765
v 0.0363538 -0.2052186 0.1022811
v 0.0320680 -0.1972485 0.1124965
v 0.0303269 -0.1892611 0.1045242
v 0.0388804 -0.1979440 0.0969166
v 0.0315057 -0.1971113 0.0932355
v 0.0237284 -0.1888101 0.1003845
v 0.0177697 -0.1955673 0.0989238
v 0.0247004 -0.2030223 0.0913141
v 0.0073922 -0.2126646 0.1105863
v 0.0144737 -0.2151558 0.1009614
v 0.0200042 -0.2100998 0.1018809
v 0.0155987 -0.2058773 0.1111072
v 0.0213836 -0.2037212 0.0956232
v 0.0157846 -0.2050482 0.0924315
v 0.0101544 -0.1986585 0.0987181
v 0.0157479 -0.1986859 0.1023942
v 0.0033895 -0.2048683 0.0981967
v 0.0101997 -0.2098199 0.0910597
v 0.0036199 -0.2127834 0.1034725
v 0.0096977 -0.2159624 0.0952305
v -0.0159730 -0.2152422 0.1065819
v -0.0092146 -0.2175534 0.0987414
v -0.0050959 -0.2187602 0.1036704
v -0.0124201 -0.2172869 0.1128889
v 0.0002207 -0.2157445 0.1045322
v -0.0042657 -0.2135059 0.1121791
v 0.0029116 -0.2103734 0.1007876
v -0.0020220 -0.2072615 0.0955133
v -0.0077666 -0.2046369 0.1009437
v -0.0017547 -0.2092660 0.1062091
v -0.0077495 -0.2109643 0.0950143
v -0.0153291 -0.2081919 0.1014534
v -0.0332083 -0.2171922 0.1182431
v -0.0381248 -0.2139923 0.1130148
v -0.0291242 -0.2158745 0.1078254
v -0.0257973 -0.2176744 0.1123214
v -0.0207419 -0.2167846 0.1121780
v -0.0251490 -0.2157289 0.1178300
v -0.0183527 -0.2111038 0.1087836
v -0.0222861 -0.2070457 0.1035768
v -0.0272031 -0.2053014 0.1069329
v -0.0229536 -0.2110393 0.1122873
v -0.0279197 -0.2106109 0.1034948
v -0.0343246 -0.2081462 0.1084835
v 0.0376102 -0.1727784 0.1337850
v 0.0257931 -0.1860856 0.1247703
v 0.0498438 -0.1825798 0.0967130
v 0.0347137 -0.1597541 0.1249573
v 0.0456060 -0.1880526 0.0944715
v 0.0179198 -0.1760487 0.1088223
v 0.0258309 -0.1611399 0.1155620
v 0.0247838 -0.1854844 0.1107630
v 0.0334776 -0.2118417 0.0951438
v 0.0126136 -0.1969314 0.1074424
v 0.0049843 -0.1889125 0.1056836
v 0.0371104 -0.2086083 0.0958692
v 0.0124584 -0.1983195 0.1213914
v -0.0053174 -0.2052188 0.1208643
v 0.0194462 -0.2087639 0.0894484
v 0.0164786 -0.2108623 0.0890035
v -0.0111869 -0.1979622 0.1052222
v -0.0036287 -0.2096286 0.1080799
v -0.0008534 -0.2189759 0.0989972
v -0.0239735 -0.2131039 0.1122630
v -0.0286438 -0.2025887 0.1079199
v 0.0026345 -0.2168222 0.0998259
v -0.0242103 -0.2111892 0.1237376
v -0.0220360 -0.2181058 0.1076564
v -0.0483951 -0.2093415 0.1191970
v -0.0440215 -0.2042162 0.1117898
v -0.0186666 -0.2173060 0.1079280
v -0.0413726 -0.2137097 0.1257056
v -0.0435640 -0.1516096 0.2875747
v -0.0441036 -0.1439003 0.2634427
v -0.0470413 -0.1632706 0.2819953
v -0.0593433 -0.1626921 0.2576160
v -0.0487840 -0.1549592 0.2579212
v -0.0409610 -0.1393982 0.2405731
v -0.0600769 -0.1567338 0.2356931
v -0.0477245 -0.1513046 0.2361276
v -0.1184121 -0.1298551 0.2344538
v -0.1046369 -0.1429144 0.2274568
v -0.1185644 -0.1170344 0.2400352
v -0.1196869 -0.0924367 0.2514710
v -0.1201070 -0.1051576 0.2460824
v -0.0361204 -0.1386341 0.2191463
v -0.0438079 -0.1195502 0.2258042
v -0.0419990 -0.1534371 0.2151643
v -0.0576926 -0.1597598 0.2148799
v 0.0288985 -0.1630998 0.1457942
v 0.0136177 -0.1516808 0.1553945
v 0.0078337 -0.1700333 0.1605349
v 0.0177041 -0.1780081 0.1431223
v -0.0087781 -0.1811611 0.1574923
v 0.0019982 -0.1886261 0.1390019
v -0.0270471 -0.1881272 0.1545202
v -0.0159324 -0.1972528 0.1377569
v -0.0452468 -0.1920711 0.1516078
v -0.0347997 -0.2028150 0.1369230
v -0.0624575 -0.1923675 0.1460998
v -0.0516989 -0.2058426 0.1349217
v -0.0735974 -0.1896643 0.1364712
v -0.0613345 -0.2024392 0.1265524
v 0.0248783 -0.1493789 0.1338987
v 0.0098185 -0.1391063 0.1432890
v 0.0137058 -0.1500630 0.1223832
v -0.0018589 -0.1387327 0.1298745
v 0.0013982 -0.1614776 0.1187217
v -0.0143915 -0.1492898 0.1271102
v -0.0711890 -0.1823372 0.1251713
v -0.0571829 -0.1948428 0.1164557
v -0.0139872 -0.1727549 0.1165657
v -0.0296072 -0.1604635 0.1261082
v -0.0301174 -0.1815951 0.1148011
v -0.0455831 -0.1688586 0.1244134
v -0.0449549 -0.1884588 0.1145365
v -0.0599774 -0.1755358 0.1233550
v -0.0065313 -0.1565992 0.1766734
v -0.0199912 -0.1726327 0.1777740
v -0.0389759 -0.1779502 0.1744904
v -0.0577720 -0.1782554 0.1690568
v -0.0746756 -0.1755522 0.1600745
v -0.0855487 -0.1738034 0.1498918
v -0.0751306 -0.1647886 0.1909208
v -0.0893317 -0.1570373 0.1734050
v -0.0979423 -0.1553569 0.1613739
v -0.1054988 -0.1392234 0.1851674
v -0.1105189 -0.1365947 0.1719491
v -0.1301071 -0.1079801 0.2020258
v -0.1369765 -0.1045320 0.1876493
v -0.1246912 -0.1194250 0.1818494
v -0.1194054 -0.1219252 0.1954437
v -0.0955016 -0.1460276 0.2010105
v -0.1117027 -0.1303415 0.2121402
v -0.1216849 -0.1167612 0.2192721
v -0.1429815 -0.0793564 0.1984115
v -0.1426278 -0.0920725 0.1927497
v -0.1363187 -0.0969022 0.2073133
v -0.1389881 -0.0849464 0.2135610
v -0.1340805 -0.0690774 0.2188786
v -0.1350543 -0.0648473 0.2018510
v -0.1158611 -0.0626809 0.2163727
v -0.1183371 -0.0571994 0.2007190
v -0.1288831 -0.0946492 0.2302131
v -0.1258101 -0.1051665 0.2244472
v -0.1266832 -0.0808250 0.2358969
v -0.1107179 -0.0749752 0.2342472
v -0.0968034 -0.0827233 0.2276343
v -0.0997192 -0.0708582 0.2091239
v -0.1008493 -0.0621462 0.1949568
v -0.0061746 -0.1394875 0.1656397
v -0.0109078 -0.1307249 0.1550584
v -0.0501153 -0.1688840 0.1954211
v -0.0309815 -0.1624287 0.1977791
v -0.0248866 -0.1404452 0.1970964
v -0.0253979 -0.1249272 0.1790135
v -0.0336381 -0.1203545 0.1660837
v -0.0527580 -0.1074081 0.1747601
v -0.0449409 -0.1090254 0.1872741
v -0.0209096 -0.1304417 0.1447446
v -0.0424989 -0.1221551 0.1587149
v -0.0602709 -0.1085833 0.1678803
v -0.0670684 -0.0922656 0.1814153
v -0.0610812 -0.0949236 0.1940115
v -0.0789504 -0.0809159 0.1867595
v -0.0755031 -0.0865029 0.2002660
v -0.0871576 -0.0795778 0.2047712
v -0.0889698 -0.0714686 0.1907891
v -0.0730843 -0.0936148 0.2190812
v -0.0843384 -0.0884587 0.2235686
v -0.0580189 -0.1014182 0.2124533
v -0.0410837 -0.1157520 0.2056228
v -0.0845921 -0.1670941 0.1384169
v -0.0973721 -0.1500940 0.1511876
v -0.1100353 -0.1322683 0.1629331
v -0.1235526 -0.1142039 0.1713290
v -0.1330421 -0.0984835 0.1772374
v -0.1372250 -0.0872286 0.1818024
v -0.1308244 -0.0652117 0.1903356
v -0.1377754 -0.0762949 0.1867446
v -0.1188317 -0.0597677 0.1895854
v -0.1051884 -0.0639303 0.1840961
v -0.0948856 -0.0709994 0.1792881
v -0.0740177 -0.0924486 0.1729297
v -0.0851194 -0.0801156 0.1755877
v -0.0558437 -0.1036281 0.2326371
v -0.0711326 -0.0963699 0.2385733
v -0.0818424 -0.0926412 0.2427618
v -0.1059743 -0.0851815 0.2517580
v -0.0926041 -0.0896042 0.2467461
v -0.0329940 -0.1376414 0.1399760
v -0.0475939 -0.1473102 0.1386830
v -0.0627276 -0.1546756 0.1366033
v -0.0754716 -0.1606480 0.1356086
v -0.0903737 -0.1447256 0.1477357
v -0.0796888 -0.1388573 0.1485442
v -0.0663298 -0.1321148 0.1502755
v -0.0527582 -0.1258816 0.1535460
v -0.1031159 -0.1267785 0.1583684
v -0.0935043 -0.1215282 0.1581799
v -0.0819622 -0.1147932 0.1593442
v -0.0697732 -0.1106838 0.1621989
v -0.0832777 -0.0941573 0.1672929
v -0.0946480 -0.0973943 0.1658768
v -0.1051166 -0.1036299 0.1655717
v -0.1149476 -0.1084777 0.1668766
v -0.1236053 -0.0942346 0.1732731
v -0.1137421 -0.0902039 0.1718238
v -0.1037297 -0.0850302 0.1716012
v -0.0942644 -0.0820361 0.1720214
v -0.1276648 -0.0849003 0.1775730
v -0.1259990 -0.0690829 0.1839489
v -0.1286692 -0.0767502 0.1812488
v -0.1187342 -0.0646332 0.1835411
v -0.1097522 -0.0683375 0.1797329
v -0.1020158 -0.0743563 0.1757693
v -0.1096637 -0.0780823 0.1754656
v -0.1145649 -0.0730210 0.1787112
v -0.1185475 -0.0825848 0.1757561
v -0.1214045 -0.0765100 0.1791778
v -0.1187593 -0.0696967 0.1813291
v -0.1221534 -0.0715327 0.1814497
v -0.0802018 -0.1544562 0.2170384
v 0.0413676 -0.2999312 0.5301834
v 0.0474080 -0.2855505 0.5348822
v 0.0299084 -0.3130498 0.5320239
v -0.0275761 -0.1702948 0.9076593
v -0.0193386 -0.1149718 1.0920606
v -0.0353689 -0.1043374 1.1224230
v -0.0273194 -0.1095830 1.1070976
v -0.0209523 -0.1810844 0.8929495
v -0.1088901 -0.0872891 1.1341271
v -0.0588131 -0.1270897 1.2549663
v -0.0502101 -0.1383475 1.5531355
v -0.0494300 -0.1363343 1.5497501
v -0.0491808 -0.1334066 1.5474615
v -0.0495283 -0.1301208 1.5454411
v -0.0492940 -0.1268088 1.5441416
v -0.0475527 -0.1233423 1.5449112
v -0.0510072 -0.1314565 1.5495493
v -0.0480059 -0.1290820 1.5521710
v -0.0478531 -0.1310075 1.5536751
v -0.0507100 -0.1336765 1.5513438
f 2 3 1
f 1 3 4
f 3 2 5
f 5 2 6
f 3 7 4
f 4 7 8
f 10 11 9
f 9 11 12
f 14 15 13
f 13 15 16
f 18 19 17
f 17 19 20
f 22 23 21
f 21 23 24
f 26 18 25
f 25 18 17
f 27 28 17
f 17 28 25
f 30 31 29
f 29 31 32
f 34 35 33
f 33 35 36
f 21 24 37
f 37 24 38
f 40 31 39
f 39 31 38
f 34 33 28
f 28 33 25
f 41 42 44
f 44 42 43
f 36 45 33
f 33 45 25
f 46 47 49
f 49 47 48
f 51 52 50
f 50 52 53
f 55 53 54
f 54 53 52
f 57 58 56
f 56 58 59
f 61 62 60
f 60 62 63
f 65 66 64
f 64 66 67
f 69 70 68
f 68 70 71
f 65 73 72
f 72 73 74
f 64 75 65
f 65 75 73
f 77 78 76
f 76 78 79
f 80 81 83
f 83 81 82
f 81 85 84
f 84 85 86
f 88 89 87
f 87 89 69
f 88 87 90
f 90 87 91
f 93 94 92
f 92 94 95
f 96 84 43
f 43 84 44
f 51 98 97
f 97 98 86
f 97 99 51
f 51 99 52
f 54 52 100
f 100 52 99
f 58 101 59
f 59 101 102
f 62 103 63
f 63 103 104
f 105 106 6
f 6 106 5
f 108 109 107
f 107 109 110
f 112 113 111
f 111 113 114
f 116 117 115
f 115 117 118
f 120 121 119
f 119 121 122
f 124 125 123
f 123 125 126
f 128 129 127
f 127 129 130
f 130 131 127
f 127 131 132
f 134 1 133
f 133 1 135
f 1 4 135
f 135 4 136
f 4 8 136
f 136 8 137
f 138 139 15
f 15 139 140
f 140 139 141
f 141 139 142
f 144 57 143
f 143 57 56
f 145 146 141
f 141 146 147
f 146 149 148
f 148 149 150
f 152 153 151
f 151 153 154
f 141 147 140
f 140 147 155
f 157 11 156
f 156 11 158
f 160 161 159
f 159 161 162
f 164 165 163
f 163 165 166
f 165 160 166
f 166 160 159
f 168 169 167
f 167 169 170
f 169 171 170
f 170 171 172
f 149 173 150
f 150 173 174
f 175 176 149
f 149 176 173
f 178 172 177
f 177 172 171
f 180 181 179
f 179 181 182
f 184 180 183
f 183 180 179
f 186 187 185
f 185 187 188
f 190 191 189
f 189 191 192
f 7 193 8
f 8 193 194
f 196 162 195
f 195 162 161
f 197 168 198
f 198 168 167
f 181 199 182
f 182 199 200
f 202 203 201
f 201 203 204
f 187 186 205
f 205 186 206
f 208 209 207
f 207 209 210
f 212 213 211
f 211 213 214
f 215 216 218
f 218 216 217
f 220 209 219
f 219 209 208
f 204 186 221
f 221 186 185
f 201 204 222
f 222 204 221
f 223 211 220
f 220 211 209
f 224 225 214
f 214 225 210
f 203 206 204
f 204 206 186
f 227 187 226
f 226 187 205
f 27 228 21
f 21 228 22
f 230 231 229
f 229 231 232
f 234 235 233
f 233 235 236
f 238 239 237
f 237 239 240
f 119 122 118
f 118 122 115
f 112 242 241
f 241 242 243
f 98 51 244
f 244 51 50
f 245 138 14
f 14 138 15
f 11 10 158
f 158 10 246
f 89 85 69
f 69 85 70
f 11 157 12
f 12 157 247
f 249 164 248
f 248 164 163
f 177 250 178
f 178 250 251
f 253 254 252
f 252 254 255
f 187 227 188
f 188 227 256
f 212 257 213
f 213 257 258
f 260 134 259
f 259 134 133
f 165 164 135
f 135 164 133
f 160 165 136
f 136 165 135
f 136 137 160
f 160 137 161
f 137 261 161
f 161 261 195
f 263 264 262
f 262 264 265
f 13 16 266
f 266 16 267
f 268 267 155
f 155 267 16
f 147 269 155
f 155 269 268
f 162 196 167
f 167 196 198
f 167 170 162
f 162 170 159
f 170 172 159
f 159 172 166
f 172 178 166
f 166 178 163
f 178 251 163
f 163 251 248
f 168 270 169
f 169 270 271
f 272 273 171
f 171 273 177
f 271 272 169
f 169 272 171
f 168 197 270
f 270 197 274
f 250 177 275
f 275 177 273
f 277 45 276
f 276 45 278
f 280 281 279
f 279 281 282
f 284 104 283
f 283 104 103
f 285 215 286
f 286 215 218
f 288 289 287
f 287 289 290
f 291 80 66
f 66 80 83
f 293 294 292
f 292 294 295
f 73 91 74
f 74 91 87
f 91 73 92
f 92 73 75
f 279 77 280
f 280 77 76
f 80 291 70
f 70 291 71
f 277 47 96
f 96 47 82
f 297 175 296
f 296 175 149
f 299 154 298
f 298 154 153
f 225 300 210
f 210 300 207
f 224 301 206
f 206 301 205
f 210 209 214
f 214 209 211
f 226 205 302
f 302 205 301
f 304 305 303
f 303 305 306
f 308 309 307
f 307 309 310
f 72 291 65
f 65 291 66
f 66 83 67
f 67 83 46
f 312 313 311
f 311 313 314
f 316 317 315
f 315 317 36
f 29 318 35
f 35 318 319
f 321 32 320
f 320 32 322
f 311 314 323
f 323 314 324
f 315 325 316
f 316 325 326
f 318 287 319
f 319 287 290
f 328 321 327
f 327 321 320
f 329 330 39
f 39 330 331
f 332 333 40
f 40 333 322
f 309 334 285
f 285 334 335
f 236 2 134
f 134 2 1
f 260 336 233
f 233 336 337
f 237 14 265
f 265 14 13
f 84 86 44
f 44 86 98
f 189 192 7
f 7 192 193
f 44 98 41
f 41 98 244
f 237 240 14
f 14 240 245
f 7 3 189
f 189 3 5
f 338 71 72
f 72 71 291
f 262 265 266
f 266 265 13
f 124 123 339
f 339 123 105
f 123 109 105
f 105 109 106
f 189 5 190
f 190 5 106
f 111 114 12
f 12 114 9
f 264 340 265
f 265 340 237
f 342 343 341
f 341 343 344
f 6 235 105
f 105 235 339
f 234 346 345
f 345 346 347
f 349 350 348
f 348 350 351
f 107 352 108
f 108 352 353
f 355 356 354
f 354 356 357
f 237 340 238
f 238 340 358
f 12 247 111
f 111 247 359
f 264 263 116
f 116 263 360
f 361 362 222
f 222 362 201
f 364 365 363
f 363 365 366
f 368 369 367
f 367 369 370
f 372 373 371
f 371 373 374
f 375 376 372
f 372 376 377
f 378 379 381
f 381 379 380
f 382 383 269
f 269 383 268
f 150 174 365
f 365 174 384
f 380 377 381
f 381 377 376
f 271 270 180
f 180 270 181
f 273 272 252
f 252 272 184
f 272 271 184
f 184 271 180
f 181 270 274
f 252 255 273
f 273 255 275
f 254 385 255
f 255 385 386
f 387 388 179
f 179 388 183
f 389 387 182
f 182 387 179
f 182 200 389
f 389 200 390
f 388 391 183
f 183 391 253
f 391 392 253
f 253 392 254
f 394 379 393
f 393 379 378
f 185 188 395
f 395 188 396
f 221 185 397
f 397 185 395
f 222 221 398
f 398 221 397
f 188 256 396
f 396 256 399
f 400 401 256
f 256 401 399
f 402 403 405
f 405 403 404
f 148 150 364
f 364 150 365
f 393 406 394
f 394 406 407
f 158 246 393
f 393 246 406
f 342 19 238
f 238 19 239
f 23 22 350
f 350 22 354
f 244 50 245
f 245 50 138
f 55 142 53
f 53 142 139
f 145 144 296
f 296 144 143
f 355 228 341
f 341 228 20
f 41 240 42
f 42 240 239
f 283 308 284
f 284 308 307
f 349 409 408
f 408 409 410
f 244 245 41
f 41 245 240
f 268 383 406
f 406 383 407
f 346 411 349
f 349 411 409
f 251 412 248
f 248 412 413
f 275 414 250
f 250 414 415
f 25 45 26
f 26 45 277
f 43 26 96
f 96 26 277
f 416 417 61
f 61 417 62
f 329 24 408
f 408 24 23
f 31 40 32
f 32 40 322
f 39 38 329
f 329 38 24
f 37 38 30
f 30 38 31
f 418 419 421
f 421 419 420
f 78 295 79
f 79 295 294
f 124 339 422
f 422 339 345
f 232 131 357
f 357 131 351
f 2 236 6
f 6 236 235
f 252 184 253
f 253 184 183
f 227 423 256
f 256 423 400
f 423 227 305
f 305 227 226
f 424 258 425
f 425 258 257
f 426 427 212
f 212 427 257
f 259 133 249
f 249 133 164
f 419 418 428
f 428 418 429
f 327 430 328
f 328 430 288
f 49 431 46
f 46 431 67
f 306 302 424
f 424 302 258
f 313 432 314
f 314 432 433
f 32 321 29
f 29 321 318
f 324 314 433
f 287 318 328
f 328 318 321
f 134 260 236
f 236 260 233
f 345 339 234
f 234 339 235
f 357 351 354
f 354 351 350
f 408 23 349
f 349 23 350
f 317 278 36
f 36 278 45
f 432 313 429
f 429 313 428
f 435 428 434
f 434 428 313
f 42 239 18
f 18 239 19
f 43 42 26
f 26 42 18
f 121 120 436
f 436 120 437
f 302 301 258
f 258 301 213
f 110 109 126
f 126 109 123
f 238 358 342
f 342 358 343
f 341 20 342
f 342 20 19
f 322 438 320
f 320 438 439
f 320 439 327
f 327 439 430
f 333 440 322
f 322 440 438
f 289 288 323
f 323 288 430
f 115 340 116
f 116 340 264
f 146 145 149
f 149 145 296
f 15 140 16
f 16 140 155
f 441 442 152
f 152 442 153
f 225 224 203
f 203 224 206
f 175 297 154
f 154 297 151
f 293 443 294
f 294 443 444
f 248 413 249
f 249 413 445
f 446 447 400
f 400 447 401
f 388 387 396
f 396 387 395
f 387 389 395
f 395 389 397
f 391 388 399
f 399 388 396
f 401 392 399
f 399 392 391
f 255 386 275
f 275 386 414
f 449 450 448
f 448 450 451
f 335 452 285
f 285 452 215
f 453 298 442
f 442 298 153
f 211 223 212
f 212 223 426
f 425 257 454
f 454 257 427
f 266 10 262
f 262 10 9
f 360 113 456
f 456 113 455
f 8 194 137
f 137 194 261
f 10 266 246
f 246 266 267
f 203 202 225
f 225 202 300
f 262 9 263
f 263 9 114
f 108 353 190
f 190 353 191
f 389 390 397
f 397 390 398
f 457 422 128
f 128 422 129
f 156 158 378
f 378 158 393
f 347 346 348
f 348 346 349
f 447 458 401
f 401 458 392
f 364 382 148
f 148 382 269
f 55 54 57
f 57 54 58
f 75 64 459
f 459 64 460
f 100 90 101
f 101 90 95
f 101 58 100
f 100 58 54
f 142 55 144
f 144 55 57
f 147 146 269
f 269 146 148
f 459 93 75
f 75 93 92
f 144 145 142
f 142 145 141
f 228 27 20
f 20 27 17
f 154 299 175
f 175 299 176
f 214 213 224
f 224 213 301
f 424 461 306
f 306 461 303
f 285 286 309
f 309 286 310
f 462 334 308
f 308 334 309
f 302 306 226
f 226 306 305
f 37 28 21
f 21 28 27
f 29 35 30
f 30 35 34
f 30 34 37
f 37 34 28
f 344 436 356
f 356 436 229
f 325 290 326
f 326 290 289
f 311 439 312
f 312 439 438
f 35 319 36
f 36 319 315
f 439 311 430
f 430 311 323
f 315 319 325
f 325 319 290
f 440 463 438
f 438 463 312
f 341 344 355
f 355 344 356
f 360 456 116
f 116 456 117
f 354 22 355
f 355 22 228
f 326 289 324
f 324 289 323
f 74 87 68
f 68 87 69
f 50 53 138
f 138 53 139
f 268 406 267
f 267 406 246
f 190 106 108
f 108 106 109
f 241 455 112
f 112 455 113
f 358 122 343
f 343 122 121
f 129 347 130
f 130 347 348
f 348 351 130
f 130 351 131
f 229 232 356
f 356 232 357
f 340 115 358
f 358 115 122
f 111 359 112
f 112 359 242
f 125 124 457
f 457 124 422
f 231 132 232
f 232 132 131
f 343 121 344
f 344 121 436
f 263 114 360
f 360 114 113
f 347 129 345
f 345 129 422
f 230 229 437
f 437 229 436
f 464 446 423
f 423 446 400
f 465 466 468
f 468 466 467
f 470 471 469
f 469 471 472
f 469 472 373
f 373 472 374
f 474 469 473
f 473 469 373
f 471 475 472
f 472 475 476
f 472 477 374
f 374 477 478
f 477 472 476
f 479 480 476
f 476 480 477
f 473 373 377
f 377 373 372
f 481 482 479
f 479 482 480
f 483 484 481
f 481 484 482
f 403 402 485
f 485 402 486
f 487 488 483
f 483 488 484
f 487 489 488
f 488 489 490
f 489 491 490
f 490 491 492
f 491 493 492
f 492 493 494
f 493 495 494
f 494 495 496
f 497 498 481
f 481 498 483
f 484 499 482
f 482 499 367
f 370 480 367
f 367 480 482
f 480 370 477
f 477 370 478
f 500 497 479
f 479 497 481
f 451 473 380
f 380 473 377
f 448 451 379
f 379 451 380
f 501 502 504
f 504 502 503
f 449 505 507
f 507 505 506
f 486 508 505
f 505 508 506
f 508 509 506
f 506 509 510
f 511 507 510
f 510 507 506
f 509 508 512
f 512 508 513
f 515 509 514
f 514 509 512
f 509 515 510
f 510 515 516
f 510 516 511
f 511 516 517
f 486 505 485
f 485 505 518
f 505 449 518
f 518 449 448
f 383 382 403
f 403 382 404
f 363 404 364
f 364 404 382
f 403 485 383
f 383 485 407
f 519 520 361
f 361 520 362
f 522 496 521
f 521 496 495
f 450 474 451
f 451 474 473
f 363 366 523
f 523 366 524
f 525 499 488
f 488 499 484
f 488 490 525
f 525 490 526
f 496 522 520
f 520 522 527
f 494 496 519
f 519 496 520
f 492 494 528
f 528 494 519
f 529 530 495
f 495 530 521
f 490 492 526
f 526 492 528
f 529 495 531
f 531 495 493
f 533 534 532
f 532 534 535
f 523 524 533
f 533 524 534
f 486 402 532
f 532 402 533
f 529 536 530
f 530 536 537
f 536 538 537
f 537 538 539
f 540 541 539
f 539 541 537
f 530 537 535
f 535 537 541
f 542 539 543
f 543 539 538
f 539 542 540
f 540 542 544
f 541 540 513
f 513 540 512
f 540 544 512
f 512 544 514
f 546 547 545
f 545 547 548
f 549 550 531
f 531 550 551
f 550 549 552
f 552 549 553
f 546 550 554
f 554 550 552
f 547 546 555
f 555 546 554
f 498 556 558
f 558 556 557
f 559 557 560
f 560 557 556
f 561 562 560
f 560 562 559
f 557 559 552
f 552 559 554
f 559 562 554
f 554 562 555
f 558 557 553
f 553 557 552
f 475 471 563
f 563 471 564
f 565 563 567
f 567 563 566
f 471 470 564
f 564 470 466
f 564 466 568
f 568 466 465
f 568 465 569
f 569 465 570
f 572 573 571
f 571 573 574
f 569 575 567
f 567 575 576
f 577 565 576
f 576 565 567
f 578 579 581
f 581 579 580
f 575 561 576
f 576 561 560
f 556 577 560
f 560 577 576
f 577 556 497
f 497 556 498
f 565 577 500
f 500 577 497
f 563 565 475
f 475 565 500
f 553 489 558
f 558 489 487
f 531 493 549
f 549 493 491
f 489 553 491
f 491 553 549
f 394 407 518
f 518 407 485
f 518 448 394
f 394 448 379
f 545 548 538
f 538 548 543
f 551 545 536
f 536 545 538
f 536 529 551
f 551 529 531
f 507 582 449
f 449 582 450
f 511 583 507
f 507 583 582
f 511 517 583
f 583 517 584
f 585 586 588
f 588 586 587
f 590 591 589
f 589 591 592
f 591 590 593
f 593 590 594
f 596 597 595
f 595 597 598
f 599 600 602
f 602 600 601
f 604 605 603
f 603 605 606
f 608 609 607
f 607 609 610
f 612 613 611
f 611 613 614
f 615 616 618
f 618 616 617
f 620 621 619
f 619 621 622
f 624 625 623
f 623 625 626
f 628 629 627
f 627 629 630
f 632 633 631
f 631 633 634
f 635 636 638
f 638 636 637
f 639 640 642
f 642 640 641
f 644 645 643
f 643 645 646
f 619 622 647
f 647 622 648
f 650 651 649
f 649 651 652
f 601 653 602
f 602 653 654
f 656 657 655
f 655 657 658
f 660 661 659
f 659 661 662
f 664 665 663
f 663 665 666
f 593 594 667
f 667 594 668
f 669 670 672
f 672 670 671
f 673 674 676
f 676 674 675
f 633 632 677
f 677 632 678
f 663 666 679
f 679 666 680
f 681 682 684
f 684 682 683
f 686 687 685
f 685 687 688
f 690 661 689
f 689 661 691
f 693 686 692
f 692 686 685
f 695 597 694
f 694 597 668
f 594 696 668
f 668 696 694
f 697 698 696
f 696 698 699
f 700 701 697
f 697 701 698
f 702 585 703
f 703 585 588
f 671 690 672
f 672 690 689
f 640 639 704
f 704 639 705
f 679 706 663
f 663 706 658
f 708 709 707
f 707 709 710
f 711 712 610
f 610 712 607
f 713 714 716
f 716 714 715
f 717 718 720
f 720 718 719
f 722 634 721
f 721 634 633
f 724 725 723
f 723 725 726
f 728 729 727
f 727 729 730
f 732 733 731
f 731 733 734
f 707 710 735
f 735 710 736
f 643 737 644
f 644 737 738
f 740 741 739
f 739 741 742
f 608 744 743
f 743 744 745
f 747 748 746
f 746 748 749
f 751 752 750
f 750 752 753
f 754 755 757
f 757 755 756
f 758 759 761
f 761 759 760
f 763 764 762
f 762 764 765
f 767 768 766
f 766 768 769
f 771 772 770
f 770 772 773
f 775 776 774
f 774 776 777
f 779 780 778
f 778 780 781
f 783 712 782
f 782 712 784
f 785 786 788
f 788 786 787
f 790 628 789
f 789 628 627
f 792 793 791
f 791 793 794
f 795 796 726
f 726 796 723
f 798 799 797
f 797 799 800
f 721 633 801
f 801 633 677
f 797 800 802
f 802 800 803
f 805 806 804
f 804 806 807
f 809 810 808
f 808 810 811
f 813 814 812
f 812 814 815
f 809 808 817
f 817 808 816
f 818 819 804
f 804 819 805
f 820 821 818
f 818 821 819
f 821 820 587
f 587 820 822
f 809 823 810
f 810 823 824
f 814 807 815
f 815 807 806
f 826 426 825
f 825 426 223
f 426 826 427
f 427 826 827
f 828 829 454
f 454 829 830
f 831 832 677
f 677 832 801
f 834 835 833
f 833 835 836
f 838 839 837
f 837 839 840
f 841 842 844
f 844 842 843
f 845 846 803
f 803 846 802
f 847 831 678
f 678 831 677
f 848 849 851
f 851 849 850
f 853 854 852
f 852 854 855
f 857 858 856
f 856 858 680
f 860 861 859
f 859 861 862
f 864 865 863
f 863 865 866
f 868 869 867
f 867 869 870
f 839 871 840
f 840 871 872
f 849 848 874
f 874 848 873
f 876 877 875
f 875 877 878
f 880 881 879
f 879 881 882
f 883 884 886
f 886 884 885
f 846 887 802
f 802 887 888
f 890 891 889
f 889 891 888
f 893 894 892
f 892 894 895
f 896 897 728
f 728 897 729
f 899 900 898
f 898 900 901
f 902 852 904
f 904 852 903
f 849 905 850
f 850 905 906
f 875 878 907
f 907 878 908
f 910 911 909
f 909 911 912
f 914 915 913
f 913 915 916
f 917 918 862
f 862 918 859
f 919 920 856
f 856 920 921
f 923 924 922
f 922 924 925
f 926 927 925
f 925 927 922
f 929 930 928
f 928 930 693
f 932 695 931
f 931 695 694
f 823 867 824
f 824 867 933
f 935 936 934
f 934 936 937
f 938 868 823
f 823 868 867
f 940 847 939
f 939 847 678
f 632 655 678
f 678 655 939
f 941 942 619
f 619 942 620
f 687 943 688
f 688 943 944
f 851 850 945
f 945 850 903
f 850 906 903
f 903 906 904
f 946 947 949
f 949 947 948
f 951 952 950
f 950 952 953
f 955 956 954
f 954 956 957
f 907 958 875
f 875 958 874
f 960 961 959
f 959 961 962
f 963 853 902
f 902 853 852
f 909 964 910
f 910 964 965
f 967 968 966
f 966 968 969
f 971 972 970
f 970 972 973
f 974 960 975
f 975 960 959
f 977 978 976
f 976 978 979
f 981 977 980
f 980 977 976
f 980 982 981
f 981 982 983
f 985 983 984
f 984 983 982
f 984 986 985
f 985 986 987
f 989 990 988
f 988 990 991
f 993 994 992
f 992 994 995
f 997 998 996
f 996 998 999
f 1001 1002 1000
f 1000 1002 1003
f 1005 1006 1004
f 1004 1006 1007
f 1004 1008 1005
f 1005 1008 1009
f 1008 1010 1009
f 1009 1010 1011
f 1013 1011 1012
f 1012 1011 1010
f 1014 1015 1017
f 1017 1015 1016
f 1019 1020 1018
f 1018 1020 1021
f 1022 1023 976
f 976 1023 980
f 1024 1025 982
f 982 1025 984
f 992 995 1026
f 1026 995 1027
f 956 955 1028
f 1028 955 1029
f 1030 1031 1033
f 1033 1031 1032
f 1010 1008 1034
f 1034 1008 1035
f 1008 1004 1035
f 1035 1004 1036
f 1037 1038 1002
f 1002 1038 1007
f 1002 1001 1037
f 1037 1001 1039
f 1040 1041 997
f 997 1041 998
f 1015 1014 1043
f 1043 1014 1042
f 1044 1045 1047
f 1047 1045 1046
f 1044 1020 1048
f 1048 1020 1049
f 1050 1051 1003
f 1003 1051 1000
f 1052 1050 1006
f 1006 1050 1003
f 1053 1054 1011
f 1011 1054 1009
f 1013 1045 1055
f 1055 1045 1056
f 1058 1059 1057
f 1057 1059 1060
f 1062 1063 1061
f 1061 1063 1064
f 1065 1066 1050
f 1050 1066 1051
f 1067 1065 1052
f 1052 1065 1050
f 1068 1069 1054
f 1054 1069 1070
f 1071 1068 1053
f 1053 1068 1054
f 1073 1071 1072
f 1072 1071 1074
f 1074 1071 1055
f 1055 1071 1053
f 1076 1077 1075
f 1075 1077 1078
f 1079 1080 1057
f 1057 1080 1058
f 1081 1082 1064
f 1064 1082 1061
f 1084 1085 1083
f 1083 1085 1086
f 1088 1089 1087
f 1087 1089 1090
f 1092 1093 1091
f 1091 1093 1094
f 1096 1097 1095
f 1095 1097 1098
f 1099 1100 1102
f 1102 1100 1101
f 1103 1104 1099
f 1099 1104 1100
f 1106 1107 1105
f 1105 1107 1108
f 1110 1111 1109
f 1109 1111 1112
f 1114 1115 1113
f 1113 1115 1116
f 1118 1119 1117
f 1117 1119 1077
f 1117 1120 1122
f 1122 1120 1121
f 1105 1123 1106
f 1106 1123 1124
f 1125 1126 1128
f 1128 1126 1127
f 1130 1131 1129
f 1129 1131 1132
f 1134 1135 1133
f 1133 1135 1114
f 1113 1136 1114
f 1114 1136 1133
f 1118 1137 1113
f 1113 1137 1136
f 1118 1117 1137
f 1137 1117 1122
f 1139 1140 1138
f 1138 1140 1141
f 1143 953 1142
f 1142 953 952
f 1145 957 1144
f 1144 957 956
f 1028 1146 956
f 956 1146 1144
f 1014 1147 1042
f 1042 1147 1148
f 1014 1017 1147
f 1147 1017 1149
f 1059 1058 1150
f 1150 1058 1151
f 1153 1080 1152
f 1152 1080 1154
f 1156 1088 1155
f 1155 1088 1087
f 1157 1158 1106
f 1106 1158 1107
f 1106 1124 1157
f 1157 1124 1159
f 1161 1162 1160
f 1160 1162 1163
f 1165 1166 1164
f 1164 1166 1167
f 1168 1031 1012
f 1012 1031 1046
f 1024 1023 1035
f 1035 1023 1034
f 1036 1038 1025
f 1025 1038 1169
f 1170 1171 1039
f 1039 1171 1037
f 1028 1029 1042
f 1042 1029 1043
f 1172 1173 1175
f 1175 1173 1174
f 1055 1053 1013
f 1013 1053 1011
f 1005 1009 1070
f 1070 1009 1054
f 996 999 1062
f 1062 999 1063
f 1016 1060 1017
f 1017 1060 1059
f 1017 1059 1149
f 1149 1059 1150
f 1177 1178 1176
f 1176 1178 1103
f 1176 1072 1179
f 1179 1072 1074
f 1073 1102 1086
f 1086 1102 1083
f 1180 1181 1067
f 1067 1181 1065
f 1182 1183 1184
f 1184 1183 1181
f 1186 1187 1185
f 1185 1187 1188
f 1189 1190 798
f 798 1190 799
f 1192 1193 1191
f 1191 1193 1194
f 1195 1196 1194
f 1194 1196 1191
f 1196 1195 1198
f 1198 1195 1197
f 1200 674 1199
f 1199 674 673
f 928 1201 1203
f 1203 1201 1202
f 861 1204 862
f 862 1204 921
f 1205 1206 913
f 913 1206 1207
f 882 1208 879
f 879 1208 1209
f 1210 1211 1167
f 1167 1211 1164
f 1212 769 1213
f 1213 769 768
f 727 1214 728
f 728 1214 1215
f 1217 1218 1216
f 1216 1218 1219
f 1220 813 1221
f 1221 813 812
f 827 828 427
f 427 828 454
f 1223 1224 1222
f 1222 1224 1165
f 1226 1227 1225
f 1225 1227 1228
f 851 1229 848
f 848 1229 1230
f 834 854 835
f 835 854 1231
f 1233 1234 1232
f 1232 1234 1235
f 1237 751 1236
f 1236 751 750
f 743 819 1238
f 1238 819 821
f 1240 1241 1239
f 1239 1241 1242
f 1244 1245 1243
f 1243 1245 1246
f 844 1247 841
f 841 1247 1248
f 1250 1251 1249
f 1249 1251 1252
f 1254 893 1253
f 1253 893 1237
f 1255 1256 1258
f 1258 1256 1257
f 1260 1261 1259
f 1259 1261 1262
f 945 903 855
f 855 903 852
f 855 1263 945
f 945 1263 1264
f 832 845 801
f 801 845 803
f 800 721 803
f 803 721 801
f 721 800 722
f 722 800 799
f 1266 1267 1265
f 1265 1267 1268
f 1270 795 1269
f 1269 795 726
f 725 1271 726
f 726 1271 1269
f 737 765 738
f 738 765 764
f 759 740 760
f 760 740 739
f 717 1272 1274
f 1274 1272 1273
f 1163 1226 1275
f 1275 1226 1225
f 1277 882 1276
f 1276 882 881
f 1041 1040 1027
f 1027 1040 1026
f 900 935 901
f 901 935 934
f 1164 1278 1165
f 1165 1278 1222
f 1211 1279 1164
f 1164 1279 1278
f 442 1280 453
f 453 1280 1281
f 788 1282 785
f 785 1282 1283
f 1285 1286 1284
f 1284 1286 1287
f 1284 1288 1285
f 1285 1288 1289
f 757 1289 754
f 754 1289 1288
f 605 604 675
f 675 604 676
f 1290 1291 1293
f 1293 1291 1292
f 1295 1296 1294
f 1294 1296 1297
f 696 699 694
f 694 699 931
f 1298 1299 592
f 592 1299 589
f 1299 1300 589
f 589 1300 700
f 1300 1301 700
f 700 1301 701
f 743 745 819
f 819 745 805
f 1303 1304 1302
f 1302 1304 1305
f 1306 1307 1305
f 1305 1307 1302
f 609 1298 610
f 610 1298 592
f 587 822 588
f 588 822 1308
f 703 588 1309
f 1309 588 1308
f 1310 703 571
f 571 703 1309
f 1311 1312 789
f 789 1312 790
f 825 223 1313
f 1313 223 220
f 219 1314 220
f 220 1314 1313
f 1315 1316 1311
f 1311 1316 1312
f 1317 1318 1319
f 1319 1318 1241
f 441 1320 442
f 442 1320 1280
f 1321 217 572
f 572 217 216
f 1323 1230 1322
f 1322 1230 1229
f 1324 1325 631
f 631 1325 656
f 1034 1168 1010
f 1010 1168 1012
f 1327 1328 1326
f 1326 1328 1329
f 1331 1202 1330
f 1330 1202 1201
f 571 1309 572
f 572 1309 1321
f 573 572 1332
f 1332 572 216
f 1334 1335 1333
f 1333 1335 1336
f 1337 1338 918
f 918 1338 859
f 1339 863 1340
f 1340 863 866
f 1341 1342 1344
f 1344 1342 1343
f 1345 1346 919
f 919 1346 920
f 1347 1348 673
f 673 1348 1199
f 693 1349 928
f 928 1349 1201
f 1351 1257 1350
f 1350 1257 1256
f 1350 1352 1351
f 1351 1352 1353
f 653 930 654
f 654 930 662
f 1279 1354 1278
f 1278 1354 1355
f 1357 1358 1356
f 1356 1358 1359
f 937 1360 1140
f 1140 1360 1361
f 1225 1228 909
f 909 1228 964
f 901 934 1362
f 1362 934 1139
f 1364 1365 1363
f 1363 1365 1362
f 1367 912 1366
f 1366 912 911
f 1143 1142 1368
f 1368 1142 1369
f 1144 1186 1145
f 1145 1186 1185
f 1146 1175 1144
f 1144 1175 1186
f 1175 1146 1172
f 1172 1146 1148
f 1147 1018 1148
f 1148 1018 1172
f 1018 1147 1019
f 1019 1147 1149
f 1149 1150 1019
f 1019 1150 1370
f 1150 1151 1370
f 1370 1151 1371
f 1151 1153 1371
f 1371 1153 1177
f 1152 1156 1178
f 1178 1156 1372
f 1155 1158 1373
f 1373 1158 1374
f 1157 1159 1376
f 1376 1159 1375
f 1378 1379 1377
f 1377 1379 1380
f 1382 1383 1381
f 1381 1383 1384
f 1382 1386 1385
f 1385 1386 1387
f 1386 1233 1387
f 1387 1233 1232
f 1389 1390 1388
f 1388 1390 1391
f 1393 1394 1392
f 1392 1394 1395
f 1397 1398 1396
f 1396 1398 1399
f 629 1397 630
f 630 1397 1396
f 1342 1400 1343
f 1343 1400 1401
f 1403 1404 1402
f 1402 1404 1405
f 1407 1408 1406
f 1406 1408 1409
f 1411 1412 1410
f 1410 1412 1413
f 793 1414 794
f 794 1414 1415
f 1417 1341 1416
f 1416 1341 1344
f 704 705 1347
f 1347 705 1418
f 741 1419 742
f 742 1419 1420
f 1422 669 1421
f 1421 669 672
f 645 1423 646
f 646 1423 1424
f 1196 1198 614
f 614 1198 611
f 613 1425 614
f 614 1425 1426
f 1427 616 659
f 659 616 660
f 614 1426 1196
f 1196 1426 1191
f 696 594 697
f 697 594 590
f 697 590 700
f 700 590 589
f 703 1310 702
f 702 1310 1428
f 1421 672 1192
f 1192 672 689
f 1271 648 1269
f 1269 648 622
f 621 1270 622
f 622 1270 1269
f 1429 1430 1417
f 1417 1430 1341
f 1431 1432 1434
f 1434 1432 1433
f 1436 1437 1435
f 1435 1437 1438
f 1440 1441 1439
f 1439 1441 1442
f 1443 1444 1446
f 1446 1444 1445
f 823 809 938
f 938 809 817
f 810 1447 811
f 811 1447 1448
f 1449 1450 679
f 679 1450 706
f 913 916 1205
f 1205 916 1451
f 1275 1225 912
f 912 1225 909
f 1452 1453 880
f 880 1453 881
f 1444 1401 1445
f 1445 1401 1400
f 936 1454 937
f 937 1454 1360
f 824 1455 810
f 810 1455 1447
f 631 656 632
f 632 656 655
f 966 1456 967
f 967 1456 1457
f 1459 1460 1458
f 1458 1460 1461
f 1460 1462 1461
f 1461 1462 1463
f 972 974 973
f 973 974 975
f 990 995 991
f 991 995 994
f 1464 1187 1033
f 1033 1187 1174
f 1018 1021 1172
f 1172 1021 1173
f 1000 999 1001
f 1001 999 998
f 976 979 1022
f 1022 979 1032
f 1023 1024 980
f 980 1024 982
f 989 986 1171
f 1171 986 1169
f 1171 1170 989
f 989 1170 990
f 1170 1027 990
f 990 1027 995
f 1041 1039 998
f 998 1039 1001
f 1051 1063 1000
f 1000 1063 999
f 1066 1064 1051
f 1051 1064 1063
f 1183 1081 1066
f 1066 1081 1064
f 1178 1372 1103
f 1103 1372 1104
f 1092 1091 1465
f 1465 1091 1182
f 1467 1465 1466
f 1466 1465 1468
f 1469 1470 1184
f 1184 1470 1468
f 1095 1098 1471
f 1471 1098 1101
f 1076 1374 1120
f 1120 1374 1376
f 1110 1472 1127
f 1127 1472 1132
f 1472 1473 1132
f 1132 1473 1129
f 1474 1475 1466
f 1466 1475 1473
f 1119 1118 1116
f 1116 1118 1113
f 1375 1121 1376
f 1376 1121 1120
f 1127 1132 1128
f 1128 1132 1131
f 1227 1476 1228
f 1228 1476 1361
f 1365 1477 1362
f 1362 1477 872
f 1478 1479 1323
f 1323 1479 1230
f 1480 1481 914
f 914 1481 915
f 913 1277 914
f 914 1277 1276
f 1168 1034 1022
f 1022 1034 1023
f 1035 1036 1024
f 1024 1036 1025
f 1039 1041 1170
f 1170 1041 1027
f 1042 1148 1028
f 1028 1148 1146
f 968 1459 969
f 969 1459 1458
f 1482 1483 664
f 664 1483 665
f 1485 1486 1484
f 1484 1486 1487
f 1489 1490 1488
f 1488 1490 1491
f 1492 1493 722
f 722 1493 634
f 1495 1496 1494
f 1494 1496 1497
f 1498 1207 1339
f 1339 1207 863
f 1224 1499 1165
f 1165 1499 1166
f 1160 1163 1500
f 1500 1163 1275
f 1500 877 1160
f 1160 877 1501
f 876 873 1502
f 1502 873 1479
f 945 1264 851
f 851 1264 1229
f 835 1231 839
f 839 1231 871
f 1503 1283 778
f 778 1283 1282
f 716 715 1505
f 1505 715 1504
f 1446 1445 1507
f 1507 1445 1506
f 779 792 1381
f 1381 792 791
f 1430 1409 1341
f 1341 1409 1342
f 1411 1429 1508
f 1508 1429 1417
f 635 1510 1509
f 1509 1510 1511
f 1377 1380 1315
f 1315 1380 1316
f 1445 1400 1506
f 1506 1400 1408
f 918 917 1336
f 1336 917 1333
f 1513 1514 1512
f 1512 1514 870
f 1515 1516 1363
f 1363 1516 1364
f 1453 1517 881
f 881 1517 1276
f 992 1518 993
f 993 1518 1519
f 1520 1029 1518
f 1518 1029 955
f 1520 1026 1521
f 1521 1026 1040
f 1522 1015 1521
f 1521 1015 1043
f 996 1523 997
f 997 1523 1522
f 1060 1016 1524
f 1524 1016 1523
f 1061 1525 1062
f 1062 1525 1524
f 1079 1527 1526
f 1526 1527 1528
f 1093 1529 1094
f 1094 1529 1528
f 1111 1530 1112
f 1112 1530 1531
f 1532 1533 1105
f 1105 1533 1123
f 934 937 1139
f 1139 937 1140
f 1138 1363 1139
f 1139 1363 1362
f 1534 1222 1355
f 1355 1222 1278
f 1535 1223 1534
f 1534 1223 1222
f 821 587 1238
f 1238 587 586
f 1319 711 1317
f 1317 711 1536
f 1538 1200 1537
f 1537 1200 1199
f 1508 1417 1539
f 1539 1417 1416
f 1540 1541 840
f 840 1541 837
f 1231 898 871
f 871 898 901
f 1500 1275 1367
f 1367 1275 912
f 1543 1379 1542
f 1542 1379 1395
f 1539 772 1508
f 1508 772 1544
f 1546 1403 1545
f 1545 1403 1402
f 1548 1549 1547
f 1547 1549 1550
f 1552 1548 1551
f 1551 1548 1547
f 1554 1555 1553
f 1553 1555 1556
f 1558 1559 1557
f 1557 1559 1560
f 1562 1563 1561
f 1561 1563 1564
f 1566 1567 1565
f 1565 1567 1568
f 1570 1571 1569
f 1569 1571 1572
f 1574 1575 1573
f 1573 1575 1576
f 1577 1578 1572
f 1572 1578 1569
f 1580 1581 1579
f 1579 1581 1582
f 1584 1585 1583
f 1583 1585 1586
f 1588 1555 1587
f 1587 1555 1589
f 1591 1592 1590
f 1590 1592 1593
f 1595 1596 1594
f 1594 1596 1597
f 1596 1581 1597
f 1597 1581 1576
f 1599 1570 1598
f 1598 1570 1569
f 1601 1602 1600
f 1600 1602 1603
f 1605 1606 1604
f 1604 1606 1607
f 1608 1609 1568
f 1568 1609 1565
f 1611 1612 1610
f 1610 1612 1613
f 1615 1616 1614
f 1614 1616 1617
f 1619 1617 1618
f 1618 1617 1616
f 1621 1622 1620
f 1620 1622 1623
f 1625 1626 1624
f 1624 1626 1627
f 1629 1630 1628
f 1628 1630 1631
f 1633 1634 1632
f 1632 1634 1635
f 1636 1637 1639
f 1639 1637 1638
f 1641 1642 1640
f 1640 1642 1643
f 1624 1627 1644
f 1644 1627 1645
f 1647 1648 1646
f 1646 1648 1649
f 1651 1652 1650
f 1650 1652 1653
f 1655 1656 1654
f 1654 1656 1657
f 1659 1660 1658
f 1658 1660 1661
f 1662 1663 1631
f 1631 1663 1628
f 1651 1665 1664
f 1664 1665 1666
f 1667 1656 1619
f 1619 1656 1617
f 1669 1670 1668
f 1668 1670 1671
f 1632 1635 1672
f 1672 1635 1673
f 1674 1675 1638
f 1638 1675 1639
f 1677 1678 1676
f 1676 1678 1679
f 1680 1640 1681
f 1681 1640 1643
f 1682 1683 1643
f 1643 1683 1681
f 1670 1669 1235
f 1235 1669 1232
f 1396 1399 1674
f 1674 1399 1675
f 627 630 1679
f 1679 630 1676
f 1681 1315 1680
f 1680 1315 1311
f 1683 1377 1681
f 1681 1377 1315
f 1672 1673 1387
f 1387 1673 1385
f 1636 1684 1646
f 1646 1684 1685
f 1687 1688 1686
f 1686 1688 1689
f 1585 1690 1586
f 1586 1690 1691
f 1599 1692 1551
f 1551 1692 1693
f 1552 1558 1694
f 1694 1558 1557
f 1696 1615 1695
f 1695 1615 1614
f 1698 1699 1697
f 1697 1699 1623
f 1700 1701 1703
f 1703 1701 1702
f 1705 1706 1704
f 1704 1706 1707
f 1708 1709 1640
f 1640 1709 1641
f 1710 1711 1713
f 1713 1711 1712
f 1652 1655 1653
f 1653 1655 1654
f 1714 1699 1712
f 1712 1699 1713
f 1715 1710 1716
f 1716 1710 1713
f 1717 1708 1680
f 1680 1708 1640
f 1393 1392 1715
f 1715 1392 1710
f 1719 1720 1718
f 1718 1720 1721
f 1680 1311 1717
f 1717 1311 789
f 1378 1711 1392
f 1392 1711 1710
f 1388 1391 1719
f 1719 1391 1720
f 1723 1606 1722
f 1722 1606 1689
f 1725 1568 1724
f 1724 1568 1567
f 1726 1647 1685
f 1685 1647 1646
f 1728 1554 1727
f 1727 1554 1553
f 1591 1687 1600
f 1600 1687 1686
f 1730 1595 1729
f 1729 1595 1594
f 1601 1605 1731
f 1731 1605 1604
f 1733 1663 1732
f 1732 1663 1734
f 1736 1639 1735
f 1735 1639 1675
f 1658 1644 1737
f 1737 1644 1645
f 1726 1662 1724
f 1724 1662 1631
f 1399 1738 1675
f 1675 1738 1735
f 1621 1667 1739
f 1739 1667 1619
f 1714 1740 1620
f 1620 1740 1741
f 1592 1549 1593
f 1593 1549 1742
f 1602 1571 1603
f 1603 1571 1550
f 1688 1690 1689
f 1689 1690 1722
f 1588 1559 1582
f 1582 1559 1579
f 1673 1735 1385
f 1385 1735 1738
f 1387 1232 1672
f 1672 1232 1669
f 1580 1692 1573
f 1573 1692 1743
f 1377 1683 1378
f 1378 1683 1711
f 1664 1666 1744
f 1744 1666 1745
f 1744 1696 1664
f 1664 1696 1695
f 1746 1747 1732
f 1732 1747 1748
f 1749 1750 1677
f 1677 1750 1678
f 1709 1708 1750
f 1750 1708 1678
f 1668 1632 1669
f 1669 1632 1672
f 1633 1746 1734
f 1734 1746 1732
f 1679 1678 1717
f 1717 1678 1708
f 789 627 1717
f 1717 627 1679
f 1563 1723 1564
f 1564 1723 1722
f 1728 1584 1751
f 1751 1584 1583
f 1674 1676 1396
f 1396 1676 630
f 1666 1566 1745
f 1745 1566 1565
f 1627 1629 1645
f 1645 1629 1628
f 1637 1749 1638
f 1638 1749 1677
f 1648 1665 1649
f 1649 1665 1752
f 1740 1642 1741
f 1741 1642 1657
f 1676 1674 1677
f 1677 1674 1638
f 1683 1682 1711
f 1711 1682 1712
f 1618 1753 1619
f 1619 1753 1739
f 1701 1739 1702
f 1702 1739 1753
f 1754 1214 1756
f 1756 1214 1755
f 647 1757 619
f 619 1757 941
f 1759 1193 1758
f 1758 1193 691
f 1419 1760 1420
f 1420 1760 1761
f 682 1762 683
f 683 1762 1763
f 1412 780 1413
f 1413 780 1384
f 1383 1398 1384
f 1384 1398 1413
f 1197 1424 1764
f 1764 1424 1423
f 1537 1287 1538
f 1538 1287 1286
f 1634 1684 1635
f 1635 1684 1736
f 1724 1631 1725
f 1725 1631 1630
f 1562 1730 1610
f 1610 1730 1729
f 1735 1673 1736
f 1736 1673 1635
f 1757 1195 941
f 941 1195 1194
f 1766 200 1765
f 1765 200 199
f 475 500 476
f 476 500 479
f 498 558 483
f 483 558 487
f 545 551 546
f 546 551 550
f 453 1281 219
f 219 1281 1314
f 298 453 208
f 208 453 219
f 368 1765 1767
f 1767 1765 199
f 523 405 363
f 363 405 404
f 523 533 405
f 405 533 402
f 298 208 299
f 299 208 207
f 299 207 176
f 176 207 300
f 176 300 173
f 173 300 202
f 173 202 174
f 174 202 201
f 1337 918 1768
f 1768 918 1336
f 1769 1770 1338
f 1338 1770 859
f 581 570 578
f 578 570 1771
f 555 562 580
f 580 562 561
f 504 1772 501
f 501 1772 548
f 517 542 584
f 584 542 543
f 515 514 516
f 516 514 544
f 542 517 544
f 544 517 516
f 561 575 580
f 580 575 581
f 575 569 581
f 581 569 570
f 501 548 1773
f 1773 548 547
f 1774 1775 570
f 570 1775 1771
f 369 368 1776
f 1776 368 1767
f 372 369 375
f 375 369 1776
f 822 1280 1308
f 1308 1280 1320
f 820 1281 822
f 822 1281 1280
f 818 1314 820
f 820 1314 1281
f 1314 818 1313
f 1313 818 804
f 807 814 825
f 825 814 826
f 814 813 826
f 826 813 827
f 813 1220 827
f 827 1220 828
f 580 579 555
f 555 579 547
f 1477 1540 872
f 872 1540 840
f 367 499 368
f 368 499 1765
f 1766 1765 525
f 525 1765 499
f 1777 1766 526
f 526 1766 525
f 520 527 362
f 362 527 384
f 361 1778 519
f 519 1778 528
f 371 1779 372
f 372 1779 369
f 369 1779 370
f 370 1779 478
f 1779 371 478
f 478 371 374
f 1778 1777 528
f 528 1777 526
f 1781 1782 1780
f 1780 1782 1783
f 431 460 67
f 67 460 64
f 68 338 74
f 74 338 72
f 1785 1782 1784
f 1784 1782 1786
f 1787 1788 1790
f 1790 1788 1789
f 1792 1789 1791
f 1791 1789 1793
f 1791 1794 1792
f 1792 1794 1795
f 1794 1796 1795
f 1795 1796 1797
f 1797 1798 938
f 938 1798 868
f 1798 1799 868
f 868 1799 869
f 1801 1802 1800
f 1800 1802 1451
f 1803 1804 1205
f 1205 1804 1206
f 1805 1806 864
f 864 1806 865
f 1806 1807 865
f 865 1807 1808
f 68 71 338
f 287 328 288
f 1320 1321 1308
f 1308 1321 1309
f 1320 441 1321
f 1321 441 217
f 441 152 217
f 217 152 218
f 151 286 152
f 152 286 218
f 297 310 151
f 151 310 286
f 296 307 297
f 297 307 310
f 296 143 307
f 307 143 284
f 143 56 284
f 284 56 104
f 56 59 104
f 104 59 63
f 59 102 63
f 63 102 60
f 102 94 60
f 60 94 282
f 93 459 279
f 279 459 77
f 459 460 77
f 77 460 78
f 460 431 78
f 78 431 295
f 431 49 295
f 295 49 292
f 48 421 49
f 49 421 292
f 276 278 418
f 418 278 429
f 317 432 278
f 278 432 429
f 432 317 433
f 433 317 316
f 326 324 316
f 316 324 433
f 1536 592 1809
f 1809 592 591
f 1810 744 1812
f 1812 744 1811
f 1814 1815 1813
f 1813 1815 1816
f 1817 748 1818
f 1818 748 747
f 1812 1819 1810
f 1810 1819 1817
f 1820 1821 748
f 748 1821 749
f 1823 1824 1822
f 1822 1824 1825
f 1827 1828 1826
f 1826 1828 1829
f 1831 1832 1830
f 1830 1832 1833
f 1834 1827 1243
f 1243 1827 1826
f 1313 804 825
f 825 804 807
f 1835 1253 1236
f 1236 1253 1237
f 1836 1837 1438
f 1438 1837 1435
f 1838 1505 1840
f 1840 1505 1839
f 1841 1842 716
f 716 1842 713
f 1843 1844 1510
f 1510 1844 1845
f 1847 1848 1846
f 1846 1848 1849
f 1850 1240 1822
f 1822 1240 1239
f 636 1831 637
f 637 1831 1830
f 1852 1853 1851
f 1851 1853 1854
f 1855 1856 1858
f 1858 1856 1857
f 1846 1849 1859
f 1859 1849 1860
f 1343 1401 1509
f 1509 1401 1861
f 1509 1861 635
f 635 1861 636
f 1863 1864 1862
f 1862 1864 1865
f 1283 1503 1867
f 1867 1503 1866
f 1868 1867 681
f 681 1867 682
f 1286 1285 683
f 683 1285 684
f 757 756 1274
f 1274 756 1869
f 1274 1869 717
f 717 1869 718
f 1434 1433 719
f 719 1433 720
f 1200 1538 1545
f 1545 1538 1763
f 1285 1289 684
f 684 1289 1273
f 684 1273 681
f 681 1273 1272
f 785 1283 1868
f 1868 1283 1867
f 786 785 1870
f 1870 785 1868
f 1289 757 1273
f 1273 757 1274
f 1539 1416 1871
f 1871 1416 1872
f 773 1871 1403
f 1403 1871 1404
f 675 674 1405
f 1405 674 1402
f 1864 1873 1865
f 1865 1873 1874
f 638 1843 635
f 635 1843 1510
f 1344 1343 1511
f 1511 1343 1509
f 772 1539 773
f 773 1539 1871
f 674 1200 1402
f 1402 1200 1545
f 1538 1286 1763
f 1763 1286 683
f 1444 1443 1875
f 1875 1443 1876
f 1875 1876 1831
f 1831 1876 1832
f 1416 1344 1872
f 1872 1344 1511
f 1877 1878 774
f 774 1878 1879
f 1878 1847 1879
f 1879 1847 1846
f 1880 714 1881
f 1881 714 1848
f 1401 1444 1861
f 1861 1444 1875
f 1861 1875 636
f 636 1875 1831
f 1823 1863 1882
f 1882 1863 1862
f 1441 1440 1884
f 1884 1440 1883
f 1883 1852 1884
f 1884 1852 1851
f 1886 1887 1885
f 1885 1887 1888
f 1358 1889 1359
f 1359 1889 1890
f 1891 1886 1892
f 1892 1886 1885
f 774 1879 775
f 775 1879 1893
f 1859 1893 1846
f 1846 1893 1879
f 713 1842 1849
f 1849 1842 1860
f 1318 1895 1894
f 1894 1895 1896
f 1873 1897 1874
f 1874 1897 1898
f 1898 605 1899
f 1899 605 675
f 1405 1844 675
f 675 1844 1899
f 1404 1845 1405
f 1405 1845 1844
f 593 1296 591
f 591 1296 1809
f 1295 1292 1900
f 1900 1292 1895
f 606 1897 1291
f 1291 1897 1896
f 1510 1845 1511
f 1511 1845 1872
f 1871 1872 1404
f 1404 1872 1845
f 1866 770 1762
f 1762 770 1546
f 1762 682 1866
f 1866 682 1867
f 1870 1868 1272
f 1272 1868 681
f 1272 717 1870
f 1870 717 720
f 1870 720 786
f 786 720 1433
f 786 1433 787
f 787 1433 1432
f 1261 1414 1432
f 1432 1414 787
f 1389 1234 1260
f 1260 1234 1415
f 1719 1670 1388
f 1388 1670 1235
f 1718 1671 1719
f 1719 1671 1670
f 1705 1747 1718
f 1718 1747 1671
f 1659 1901 1704
f 1704 1901 1748
f 1877 1903 1902
f 1902 1903 1904
f 1259 1905 1390
f 1390 1905 1394
f 1715 1720 1393
f 1393 1720 1391
f 1716 1721 1715
f 1715 1721 1720
f 1698 1706 1716
f 1716 1706 1721
f 277 276 47
f 47 276 48
f 84 96 81
f 81 96 82
f 80 70 81
f 81 70 85
f 99 97 88
f 88 97 89
f 90 100 88
f 88 100 99
f 101 95 102
f 102 95 94
f 1906 1907 280
f 280 1907 281
f 97 86 89
f 89 86 85
f 60 282 61
f 61 282 281
f 83 82 46
f 46 82 47
f 293 292 420
f 420 292 421
f 419 1908 420
f 420 1908 1909
f 92 95 91
f 91 95 90
f 279 282 93
f 93 282 94
f 276 418 48
f 48 418 421
f 1910 1660 1697
f 1697 1660 1707
f 1703 1624 1700
f 1700 1624 1644
f 1622 1910 1623
f 1623 1910 1697
f 1701 1700 1911
f 1911 1700 1661
f 1700 1644 1661
f 1661 1644 1658
f 1901 1737 1733
f 1733 1737 1645
f 1625 1912 1604
f 1604 1912 1731
f 1912 1913 1731
f 1731 1913 1914
f 1913 1577 1914
f 1914 1577 1572
f 1915 1578 1616
f 1616 1578 1618
f 1915 1916 1598
f 1598 1916 1743
f 1916 1574 1743
f 1743 1574 1573
f 1575 1917 1576
f 1576 1917 1597
f 1917 1609 1597
f 1597 1609 1594
f 1608 1611 1729
f 1729 1611 1610
f 1918 1612 1629
f 1629 1612 1630
f 1626 1918 1627
f 1627 1918 1629
f 1920 1921 1919
f 1919 1921 1922
f 1920 1924 1923
f 1923 1924 1925
f 1926 1927 1924
f 1924 1927 1925
f 1929 1930 1928
f 1928 1930 1931
f 1932 1933 1935
f 1935 1933 1934
f 1937 1938 1936
f 1936 1938 1939
f 1941 1942 1940
f 1940 1942 1943
f 1941 1945 1944
f 1944 1945 1946
f 1947 1948 1694
f 1694 1948 1949
f 1950 1951 1953
f 1953 1951 1952
f 1955 1956 1954
f 1954 1956 1589
f 1958 1956 1957
f 1957 1956 1932
f 1960 1934 1959
f 1959 1934 1933
f 1962 1963 1961
f 1961 1963 1964
f 1965 1955 1751
f 1751 1955 1954
f 1935 1930 1932
f 1932 1930 1957
f 1951 1950 1926
f 1926 1950 1929
f 1966 1967 1593
f 1593 1967 1590
f 1969 1967 1968
f 1968 1967 1964
f 1962 1921 1970
f 1970 1921 1971
f 1963 1945 1964
f 1964 1945 1968
f 1972 1948 1922
f 1922 1948 1919
f 1966 1972 1961
f 1961 1972 1922
f 1958 1953 1587
f 1587 1953 1560
f 1974 1975 1973
f 1973 1975 1976
f 1978 1979 1977
f 1977 1979 1691
f 1979 1975 1691
f 1691 1975 1586
f 1938 1942 1939
f 1939 1942 1980
f 1952 1947 1557
f 1557 1947 1694
f 1969 1978 1981
f 1981 1978 1977
f 1983 1984 1982
f 1982 1984 1985
f 1986 1987 1989
f 1989 1987 1988
f 1990 1991 1983
f 1983 1991 1984
f 1990 1993 1992
f 1992 1993 1994
f 1995 1996 1994
f 1994 1996 1997
f 1999 2000 1998
f 1998 2000 2001
f 2003 2004 2002
f 2002 2004 2005
f 2007 2008 2006
f 2006 2008 2009
f 2011 2012 2010
f 2010 2012 2013
f 2014 2015 2017
f 2017 2015 2016
f 2018 2019 2021
f 2021 2019 2020
f 2022 1989 2024
f 2024 1989 2023
f 1989 1988 2023
f 2023 1988 2025
f 2026 2027 2017
f 2017 2027 2014
f 2029 2030 2028
f 2028 2030 2031
f 2033 2034 2032
f 2032 2034 2035
f 2032 2035 2036
f 2036 2035 2037
f 2039 2040 2038
f 2038 2040 2041
f 1982 2042 1983
f 1983 2042 2043
f 2045 2046 2044
f 2044 2046 2047
f 2049 2050 2048
f 2048 2050 2051
f 2053 2054 2052
f 2052 2054 2055
f 2057 2058 2056
f 2056 2058 2059
f 2060 2061 2033
f 2033 2061 2034
f 2063 2064 2062
f 2062 2064 2065
f 2066 2035 2067
f 2067 2035 2034
f 2069 2039 2068
f 2068 2039 2038
f 2025 2070 2023
f 2023 2070 2071
f 2072 2024 2071
f 2071 2024 2023
f 2074 2020 2073
f 2073 2020 2019
f 2050 2049 2047
f 2047 2049 2075
f 1983 2043 1990
f 1990 2043 1993
f 2006 2050 2007
f 2007 2050 2076
f 2050 2006 2051
f 2051 2006 2077
f 2079 2080 2078
f 2078 2080 2081
f 2082 2083 2085
f 2085 2083 2084
f 2010 2013 2086
f 2086 2013 2087
f 2089 2033 2088
f 2088 2033 2032
f 2090 2060 2089
f 2089 2060 2033
f 2092 2093 2091
f 2091 2093 2094
f 2096 1986 2095
f 2095 1986 2097
f 2097 1986 2022
f 2022 1986 1989
f 2015 2094 2016
f 2016 2094 2098
f 2016 2098 2100
f 2100 2098 2099
f 2017 2016 2101
f 2101 2016 2100
f 2017 2101 2026
f 2026 2101 2102
f 2100 2099 2104
f 2104 2099 2103
f 2104 2105 2100
f 2100 2105 2101
f 2105 2106 2101
f 2101 2106 2102
f 2108 2061 2107
f 2107 2061 2109
f 2111 2112 2110
f 2110 2112 2020
f 2020 2074 2110
f 2110 2074 2113
f 2115 2116 2114
f 2114 2116 2117
f 2118 2119 1995
f 1995 2119 2120
f 2121 2122 2027
f 2027 2122 2014
f 2047 2075 2044
f 2044 2075 2123
f 2124 2125 2127
f 2127 2125 2126
f 2129 2130 2128
f 2128 2130 2131
f 2132 2133 2057
f 2057 2133 2058
f 2134 1999 2136
f 2136 1999 2135
f 2055 2138 2137
f 2137 2138 2139
f 2141 2142 2140
f 2140 2142 2143
f 2083 2082 2064
f 2064 2082 2065
f 2082 2144 2065
f 2065 2144 2145
f 2040 2146 2041
f 2041 2146 2147
f 2060 2090 2148
f 2148 2090 2149
f 2048 2051 2137
f 2137 2051 2150
f 2151 1997 2135
f 2135 1997 1996
f 2152 2150 2077
f 2077 2150 2051
f 2046 2045 2118
f 2118 2045 2119
f 2154 2155 2153
f 2153 2155 2156
f 2158 2159 2157
f 2157 2159 2160
f 2162 2163 2161
f 2161 2163 2164
f 2164 2163 2165
f 2165 2163 2166
f 2168 2169 2167
f 2167 2169 2170
f 2003 2172 2171
f 2171 2172 2173
f 2174 2175 2002
f 2002 2175 2176
f 2145 2177 2065
f 2065 2177 2062
f 2178 2179 2180
f 2180 2179 2134
f 2181 2052 2152
f 2152 2052 2150
f 2040 2127 2146
f 2146 2127 2182
f 2130 2162 2131
f 2131 2162 2161
f 2052 2055 2150
f 2150 2055 2137
f 2184 2185 2183
f 2183 2185 2186
f 2159 2030 2160
f 2160 2030 2187
f 2146 2182 2029
f 2029 2182 2188
f 2189 2190 2192
f 2192 2190 2191
f 2172 2003 2176
f 2176 2003 2002
f 1998 2151 1999
f 1999 2151 2135
f 2177 2172 2062
f 2062 2172 2176
f 2172 2177 2173
f 2173 2177 2193
f 2063 2194 2064
f 2064 2194 2195
f 2066 2197 2196
f 2196 2197 2198
f 2002 2005 2174
f 2174 2005 2199
f 2004 2003 2200
f 2200 2003 2171
f 2198 2201 2171
f 2171 2201 2200
f 2197 2202 2198
f 2198 2202 2201
f 2202 2197 2203
f 2203 2197 2204
f 2196 2198 2173
f 2173 2198 2171
f 2205 2069 2170
f 2170 2069 2206
f 2197 2066 2204
f 2204 2066 2067
f 2107 2207 2108
f 2108 2207 2208
f 2210 2208 2209
f 2209 2208 2207
f 2185 2211 2212
f 2213 2214 2211
f 2211 2214 2212
f 1998 2001 2213
f 2213 2001 2214
f 2134 2215 1999
f 1999 2215 2000
f 2216 2217 2219
f 2219 2217 2218
f 2206 2220 2170
f 2170 2220 2167
f 2069 2068 2206
f 2206 2068 2221
f 2151 1998 2222
f 2222 1998 2213
f 2124 2039 2205
f 2205 2039 2069
f 2142 2223 2143
f 2143 2223 2128
f 2203 2186 2202
f 2202 2186 2185
f 2185 2184 2211
f 2211 2184 2224
f 2224 2225 2222
f 2222 2225 2226
f 2071 2227 2072
f 2072 2227 2228
f 2229 2074 2230
f 2230 2074 2073
f 2074 2229 2113
f 2113 2229 2231
f 2232 2225 2227
f 2227 2225 2224
f 2233 2234 2031
f 2031 2234 2028
f 2236 2231 2235
f 2235 2231 2229
f 2230 2183 2229
f 2229 2183 2235
f 2237 1987 2096
f 2096 1987 1986
f 2152 2238 2181
f 2181 2238 2239
f 2080 2240 2081
f 2081 2240 2241
f 2236 2242 1971
f 1971 2242 1970
f 1925 2113 1923
f 1923 2113 2231
f 2110 1927 2111
f 2111 1927 1928
f 2103 2111 1931
f 1931 2111 1928
f 1931 2243 2103
f 2103 2243 2104
f 2105 2104 2244
f 2244 2104 2243
f 1939 1980 2148
f 2148 1980 2109
f 1980 1944 2109
f 2109 1944 2107
f 1946 2245 2207
f 2207 2245 2209
f 2245 1970 2209
f 2209 1970 2242
f 2231 2236 1923
f 1923 2236 1971
f 2113 1925 2110
f 2110 1925 1927
f 2234 2246 2028
f 2028 2246 2147
f 2247 2248 2058
f 2058 2248 2059
f 2114 2117 2249
f 2249 2117 2250
f 2252 2253 2251
f 2251 2253 2254
f 2094 2015 2091
f 2091 2015 2255
f 2256 2255 2014
f 2014 2255 2015
f 2257 2145 2258
f 2258 2145 2144
f 2131 2161 2123
f 2123 2161 2044
f 2045 2044 2164
f 2164 2044 2161
f 2045 2164 2119
f 2119 2164 2165
f 2259 2120 2165
f 2165 2120 2119
f 2260 2261 2259
f 2259 2261 2120
f 2205 2262 2124
f 2124 2262 2125
f 2180 2263 2178
f 2178 2263 2264
f 2265 2266 2092
f 2092 2266 2093
f 1992 2267 2268
f 2184 2228 2224
f 2224 2228 2227
f 2048 2269 2049
f 2049 2269 2141
f 2129 2168 2157
f 2157 2168 2167
f 2049 2141 2075
f 2075 2141 2140
f 2199 2215 2270
f 2270 2215 2271
f 2142 2141 2272
f 2272 2141 2269
f 2089 2026 2090
f 2090 2026 2102
f 2146 2029 2147
f 2147 2029 2028
f 2111 2103 2112
f 2112 2103 2099
f 2061 2060 2109
f 2109 2060 2148
f 2273 2274 2041
f 2041 2274 2038
f 2260 2275 2261
f 2261 2275 2136
f 2057 2138 2132
f 2132 2138 2276
f 2272 2269 2056
f 2056 2269 2139
f 2277 2278 2270
f 2270 2278 2199
f 2029 2188 2030
f 2030 2188 2187
f 2040 2039 2127
f 2127 2039 2124
f 2064 2195 2083
f 2083 2195 2279
f 2056 2139 2057
f 2057 2139 2138
f 2278 2277 2247
f 2247 2277 2248
f 2062 2176 2063
f 2063 2176 2175
f 2280 2210 2242
f 2242 2210 2209
f 2282 2233 2281
f 2281 2233 2031
f 2216 2219 2283
f 2283 2219 2221
f 2158 2220 2218
f 2218 2220 2219
f 2217 2282 2218
f 2218 2282 2281
f 2220 2158 2167
f 2167 2158 2157
f 2223 2264 2128
f 2128 2264 2263
f 2261 1996 2120
f 2120 1996 1995
f 2213 2211 2222
f 2222 2211 2224
f 2283 2221 2284
f 2284 2221 2068
f 2135 1996 2136
f 2136 1996 2261
f 2144 2081 2258
f 2258 2081 2241
f 2235 2280 2236
f 2236 2280 2242
f 2246 2273 2147
f 2147 2273 2041
f 2036 2285 2032
f 2032 2285 2088
f 2077 2286 2152
f 2152 2286 2238
f 1937 1960 1973
f 1973 1960 1959
f 2070 2232 2071
f 2071 2232 2227
f 2244 2287 2105
f 2105 2287 2106
f 1936 1939 2149
f 2149 1939 2148
f 1944 1946 2107
f 2107 1946 2207
f 2285 2121 2088
f 2088 2121 2027
f 2253 2249 2254
f 2254 2249 2250
f 2006 2009 2077
f 2077 2009 2286
f 2289 2086 2288
f 2288 2086 2087
f 2223 2142 2290
f 2290 2142 2272
f 2128 2131 2143
f 2143 2131 2123
f 2156 2291 2153
f 2153 2291 2175
f 2292 2293 2278
f 2278 2293 2294
f 2075 2140 2123
f 2123 2140 2143
f 2262 2169 2275
f 2275 2169 2180
f 2275 2180 2136
f 2136 2180 2134
f 2274 2284 2038
f 2038 2284 2068
f 2127 2126 2182
f 2182 2126 2166
f 2094 2093 2098
f 2098 2093 2021
f 2098 2021 2099
f 2099 2021 2112
f 2018 2021 2266
f 2266 2021 2093
f 2251 2289 2252
f 2252 2289 2288
f 1997 2151 2226
f 2226 2151 2222
f 2206 2221 2220
f 2220 2221 2219
f 2269 2048 2139
f 2139 2048 2137
f 2159 2158 2281
f 2281 2158 2218
f 2156 2155 2190
f 2190 2155 2191
f 1974 1965 1583
f 1583 1965 1751
f 2088 2027 2089
f 2089 2027 2026
f 2030 2159 2031
f 2031 2159 2281
f 2106 2149 2102
f 2102 2149 2090
f 2287 1936 2106
f 2106 1936 2149
f 2293 2154 2294
f 2294 2154 2153
f 2021 2020 2112
f 2247 2295 2278
f 2278 2295 2292
f 2284 2296 2283
f 2283 2296 2297
f 2298 2296 2274
f 2274 2296 2284
f 2273 2299 2274
f 2274 2299 2298
f 2246 2300 2273
f 2273 2300 2299
f 2283 2297 2216
f 2216 2297 2301
f 2216 2301 2217
f 2217 2301 2302
f 2302 2303 2217
f 2217 2303 2282
f 2304 2301 2305
f 2305 2301 2297
f 2307 2308 2306
f 2306 2308 2309
f 2306 2310 2307
f 2307 2310 2311
f 2307 2312 2308
f 2308 2312 2313
f 2314 2315 2312
f 2312 2315 2316
f 2316 2317 2312
f 2312 2317 2313
f 2317 2305 2313
f 2313 2305 2318
f 2314 2312 2311
f 2311 2312 2307
f 2319 2320 2322
f 2322 2320 2321
f 2322 2311 2319
f 2319 2311 2310
f 2313 2318 2308
f 2308 2318 2309
f 2296 2298 2318
f 2318 2298 2309
f 2309 2298 2323
f 2323 2298 2299
f 2306 2309 2324
f 2324 2309 2323
f 2310 2306 2325
f 2325 2306 2324
f 2296 2318 2297
f 2297 2318 2305
f 2319 2310 2326
f 2326 2310 2325
f 2328 2325 2327
f 2327 2325 2324
f 2325 2328 2326
f 2326 2328 2329
f 2331 2328 2330
f 2330 2328 2327
f 2332 2333 2327
f 2327 2333 2330
f 2328 2331 2329
f 2329 2331 2334
f 2324 2323 2327
f 2327 2323 2332
f 2300 2332 2299
f 2299 2332 2323
f 2326 2335 2319
f 2319 2335 2320
f 2305 2317 2336
f 2336 2317 2316
f 2336 2316 2337
f 2337 2316 2315
f 2338 2304 2336
f 2336 2304 2305
f 2337 2339 2336
f 2336 2339 2338
f 2337 2315 2341
f 2341 2315 2340
f 2342 2300 2234
f 2234 2300 2246
f 2303 2343 2282
f 2282 2343 2233
f 2234 2233 2342
f 2342 2233 2343
f 2342 2343 2333
f 2333 2343 2344
f 2333 2344 2330
f 2330 2344 2345
f 2346 2344 2303
f 2303 2344 2343
f 2332 2300 2333
f 2333 2300 2342
f 2347 2346 2302
f 2302 2346 2303
f 2301 2304 2302
f 2302 2304 2347
f 2304 2338 2347
f 2347 2338 2348
f 2348 2349 2347
f 2347 2349 2346
f 2350 2351 2348
f 2348 2351 2349
f 2349 2345 2346
f 2346 2345 2344
f 2345 2349 2352
f 2352 2349 2351
f 2338 2339 2348
f 2348 2339 2350
f 2350 2339 2353
f 2353 2339 2354
f 2356 2357 2355
f 2355 2357 2353
f 2351 2350 2357
f 2357 2350 2353
f 2353 2354 2355
f 2355 2354 2335
f 2320 2335 2341
f 2341 2335 2354
f 2339 2337 2354
f 2354 2337 2341
f 2352 2331 2345
f 2345 2331 2330
f 2356 2334 2352
f 2352 2334 2331
f 2356 2352 2357
f 2357 2352 2351
f 2355 2329 2356
f 2356 2329 2334
f 2335 2326 2355
f 2355 2326 2329
f 2321 2314 2322
f 2322 2314 2311
f 2321 2320 2340
f 2340 2320 2341
f 2315 2314 2340
f 2340 2314 2321
f 2125 2260 2126
f 2126 2260 2259
f 2157 2160 2129
f 2129 2160 2130
f 2188 2163 2187
f 2187 2163 2162
f 2182 2166 2188
f 2188 2166 2163
f 2180 2169 2263
f 2263 2169 2168
f 2160 2187 2130
f 2130 2187 2162
f 2275 2260 2262
f 2262 2260 2125
f 2128 2263 2129
f 2129 2263 2168
f 2262 2205 2169
f 2169 2205 2170
f 2165 2166 2259
f 2259 2166 2126
f 2359 2360 2358
f 2358 2360 2361
f 2363 2364 2362
f 2362 2364 2365
f 2367 2363 2366
f 2366 2363 2362
f 2368 2369 2371
f 2371 2369 2370
f 2372 2373 2248
f 2248 2373 2059
f 2364 2374 2365
f 2365 2374 2375
f 2377 2378 2376
f 2376 2378 2379
f 2290 2380 2223
f 2223 2380 2381
f 2223 2381 2264
f 2264 2381 2382
f 2384 2385 2383
f 2383 2385 2386
f 2364 2371 2374
f 2374 2371 2387
f 2059 2373 2290
f 2290 2373 2380
f 2378 2360 2379
f 2379 2360 2388
f 2374 2387 2359
f 2359 2387 2389
f 2390 2367 2386
f 2386 2367 2391
f 2393 2394 2392
f 2392 2394 2395
f 2386 2391 2383
f 2383 2391 2396
f 2367 2366 2391
f 2391 2366 2397
f 2363 2367 2368
f 2368 2367 2390
f 2398 2399 2361
f 2361 2399 2358
f 2399 2400 2358
f 2358 2400 2375
f 2390 2401 2368
f 2368 2401 2369
f 2372 2384 2376
f 2376 2384 2383
f 2374 2359 2375
f 2375 2359 2358
f 2402 2403 2365
f 2365 2403 2362
f 2359 2389 2360
f 2360 2389 2388
f 2364 2363 2371
f 2371 2363 2368
f 2405 2398 2404
f 2404 2398 2361
f 2392 2395 2406
f 2406 2395 2397
f 2377 2396 2394
f 2394 2396 2395
f 2394 2393 2404
f 2404 2393 2405
f 2396 2377 2383
f 2383 2377 2376
f 2406 2397 2407
f 2407 2397 2366
f 2400 2402 2375
f 2375 2402 2365
f 2385 2270 2401
f 2401 2270 2271
f 2403 2407 2362
f 2362 2407 2366
f 2371 2370 2387
f 2387 2370 2382
f 2391 2397 2396
f 2396 2397 2395
f 2378 2377 2404
f 2404 2377 2394
f 2360 2378 2361
f 2361 2378 2404
f 2407 2408 2406
f 2406 2408 2409
f 2410 2408 2403
f 2403 2408 2407
f 2411 2410 2402
f 2402 2410 2403
f 2412 2411 2400
f 2400 2411 2402
f 2406 2409 2392
f 2392 2409 2413
f 2392 2413 2393
f 2393 2413 2414
f 2415 2405 2414
f 2414 2405 2393
f 2416 2413 2417
f 2417 2413 2409
f 2419 2420 2418
f 2418 2420 2421
f 2420 2422 2421
f 2421 2422 2423
f 2420 2424 2422
f 2422 2424 2425
f 2426 2427 2424
f 2424 2427 2428
f 2428 2429 2424
f 2424 2429 2425
f 2426 2424 2419
f 2419 2424 2420
f 2419 2418 2431
f 2431 2418 2430
f 2425 2432 2422
f 2422 2432 2423
f 2408 2410 2432
f 2432 2410 2423
f 2423 2410 2433
f 2433 2410 2411
f 2421 2423 2434
f 2434 2423 2433
f 2435 2418 2434
f 2434 2418 2421
f 2429 2417 2425
f 2425 2417 2432
f 2408 2432 2409
f 2409 2432 2417
f 2418 2435 2430
f 2430 2435 2436
f 2438 2435 2437
f 2437 2435 2434
f 2435 2438 2436
f 2436 2438 2439
f 2441 2438 2440
f 2440 2438 2437
f 2442 2443 2437
f 2437 2443 2440
f 2439 2438 2444
f 2444 2438 2441
f 2433 2442 2434
f 2434 2442 2437
f 2412 2442 2411
f 2411 2442 2433
f 2436 2445 2430
f 2430 2445 2446
f 2430 2446 2431
f 2431 2446 2447
f 2417 2429 2448
f 2448 2429 2428
f 2427 2449 2428
f 2428 2449 2448
f 2450 2416 2448
f 2448 2416 2417
f 2451 2450 2449
f 2449 2450 2448
f 2427 2452 2449
f 2449 2452 2453
f 2447 2446 2452
f 2452 2446 2453
f 2454 2412 2399
f 2399 2412 2400
f 2415 2455 2405
f 2405 2455 2398
f 2399 2398 2454
f 2454 2398 2455
f 2454 2455 2443
f 2443 2455 2456
f 2443 2456 2440
f 2440 2456 2457
f 2458 2456 2415
f 2415 2456 2455
f 2443 2442 2454
f 2454 2442 2412
f 2459 2458 2414
f 2414 2458 2415
f 2413 2416 2414
f 2414 2416 2459
f 2459 2416 2460
f 2460 2416 2450
f 2460 2461 2459
f 2459 2461 2458
f 2462 2463 2460
f 2460 2463 2461
f 2461 2457 2458
f 2458 2457 2456
f 2457 2461 2464
f 2464 2461 2463
f 2451 2462 2450
f 2450 2462 2460
f 2462 2451 2465
f 2465 2451 2466
f 2468 2469 2467
f 2467 2469 2465
f 2463 2462 2469
f 2469 2462 2465
f 2465 2466 2467
f 2467 2466 2445
f 2446 2445 2453
f 2453 2445 2466
f 2451 2449 2466
f 2466 2449 2453
f 2464 2441 2457
f 2457 2441 2440
f 2468 2444 2464
f 2464 2444 2441
f 2468 2464 2469
f 2469 2464 2463
f 2467 2439 2468
f 2468 2439 2444
f 2445 2436 2467
f 2467 2436 2439
f 2447 2426 2431
f 2431 2426 2419
f 2427 2426 2452
f 2452 2426 2447
f 2369 2179 2370
f 2370 2179 2178
f 2376 2379 2372
f 2372 2379 2373
f 2389 2381 2388
f 2388 2381 2380
f 2387 2382 2389
f 2389 2382 2381
f 2270 2385 2277
f 2277 2385 2384
f 2379 2388 2373
f 2373 2388 2380
f 2401 2271 2369
f 2369 2271 2179
f 2248 2277 2372
f 2372 2277 2384
f 2401 2390 2385
f 2385 2390 2386
f 2264 2382 2178
f 2178 2382 2370
f 2215 2134 2271
f 2271 2134 2179
f 2005 2000 2199
f 2199 2000 2215
f 2004 2001 2005
f 2005 2001 2000
f 2200 2214 2004
f 2004 2214 2001
f 2470 2471 2473
f 2473 2471 2472
f 2475 2476 2474
f 2474 2476 2477
f 2479 2475 2478
f 2478 2475 2474
f 2481 2482 2480
f 2480 2482 2483
f 2476 2484 2477
f 2477 2484 2485
f 2487 2488 2486
f 2486 2488 2489
f 2133 2490 2058
f 2058 2490 2491
f 2058 2491 2247
f 2247 2491 2492
f 2494 2495 2493
f 2493 2495 2496
f 2476 2483 2484
f 2484 2483 2497
f 2472 2498 2488
f 2488 2498 2489
f 2484 2497 2471
f 2471 2497 2499
f 2500 2479 2496
f 2496 2479 2501
f 2502 2503 2505
f 2505 2503 2504
f 2496 2501 2493
f 2493 2501 2506
f 2479 2478 2501
f 2501 2478 2507
f 2475 2479 2480
f 2480 2479 2500
f 2508 2509 2473
f 2473 2509 2470
f 2509 2510 2470
f 2470 2510 2485
f 2511 2481 2500
f 2500 2481 2480
f 2512 2494 2486
f 2486 2494 2493
f 2485 2484 2470
f 2470 2484 2471
f 2513 2514 2477
f 2477 2514 2474
f 2471 2499 2472
f 2472 2499 2498
f 2476 2475 2483
f 2483 2475 2480
f 2516 2508 2515
f 2515 2508 2473
f 2502 2505 2517
f 2517 2505 2507
f 2504 2487 2505
f 2505 2487 2506
f 2503 2516 2504
f 2504 2516 2515
f 2506 2487 2493
f 2493 2487 2486
f 2517 2507 2518
f 2518 2507 2478
f 2510 2513 2485
f 2485 2513 2477
f 2511 2495 2293
f 2293 2495 2154
f 2514 2518 2474
f 2474 2518 2478
f 2483 2482 2497
f 2497 2482 2492
f 2501 2507 2506
f 2506 2507 2505
f 2488 2487 2515
f 2515 2487 2504
f 2472 2488 2473
f 2473 2488 2515
f 2518 2519 2517
f 2517 2519 2520
f 2521 2519 2514
f 2514 2519 2518
f 2522 2521 2513
f 2513 2521 2514
f 2523 2522 2510
f 2510 2522 2513
f 2517 2520 2502
f 2502 2520 2524
f 2502 2524 2503
f 2503 2524 2525
f 2525 2526 2503
f 2503 2526 2516
f 2527 2524 2528
f 2528 2524 2520
f 2530 2531 2529
f 2529 2531 2532
f 2531 2533 2532
f 2532 2533 2534
f 2531 2535 2533
f 2533 2535 2536
f 2537 2538 2535
f 2535 2538 2539
f 2539 2540 2535
f 2535 2540 2536
f 2537 2535 2530
f 2530 2535 2531
f 2529 2541 2530
f 2530 2541 2542
f 2543 2534 2536
f 2536 2534 2533
f 2519 2521 2543
f 2543 2521 2534
f 2534 2521 2544
f 2544 2521 2522
f 2532 2534 2545
f 2545 2534 2544
f 2529 2532 2546
f 2546 2532 2545
f 2536 2540 2543
f 2543 2540 2528
f 2519 2543 2520
f 2520 2543 2528
f 2541 2529 2547
f 2547 2529 2546
f 2548 2549 2545
f 2545 2549 2546
f 2549 2550 2546
f 2546 2550 2547
f 2551 2552 2548
f 2548 2552 2549
f 2548 2553 2551
f 2551 2553 2554
f 2550 2549 2555
f 2555 2549 2552
f 2545 2544 2548
f 2548 2544 2553
f 2523 2553 2522
f 2522 2553 2544
f 2547 2556 2541
f 2541 2556 2557
f 2541 2557 2542
f 2542 2557 2558
f 2528 2540 2559
f 2559 2540 2539
f 2538 2560 2539
f 2539 2560 2559
f 2561 2527 2559
f 2559 2527 2528
f 2560 2562 2559
f 2559 2562 2561
f 2560 2538 2564
f 2564 2538 2563
f 2558 2557 2563
f 2563 2557 2564
f 2565 2523 2509
f 2509 2523 2510
f 2526 2566 2516
f 2516 2566 2508
f 2509 2508 2565
f 2565 2508 2566
f 2565 2566 2554
f 2554 2566 2567
f 2554 2567 2551
f 2551 2567 2568
f 2569 2567 2526
f 2526 2567 2566
f 2553 2523 2554
f 2554 2523 2565
f 2570 2569 2525
f 2525 2569 2526
f 2524 2527 2525
f 2525 2527 2570
f 2527 2561 2570
f 2570 2561 2571
f 2571 2572 2570
f 2570 2572 2569
f 2573 2574 2571
f 2571 2574 2572
f 2572 2568 2569
f 2569 2568 2567
f 2568 2572 2575
f 2575 2572 2574
f 2562 2573 2561
f 2561 2573 2571
f 2573 2562 2576
f 2576 2562 2577
f 2579 2580 2578
f 2578 2580 2576
f 2574 2573 2580
f 2580 2573 2576
f 2576 2577 2578
f 2578 2577 2556
f 2557 2556 2564
f 2564 2556 2577
f 2562 2560 2577
f 2577 2560 2564
f 2575 2552 2568
f 2568 2552 2551
f 2579 2555 2575
f 2575 2555 2552
f 2579 2575 2580
f 2580 2575 2574
f 2550 2555 2578
f 2578 2555 2579
f 2556 2547 2578
f 2578 2547 2550
f 2558 2537 2542
f 2542 2537 2530
f 2538 2537 2563
f 2563 2537 2558
f 2292 2295 2481
f 2481 2295 2482
f 2486 2489 2512
f 2512 2489 2581
f 2499 2491 2498
f 2498 2491 2490
f 2497 2492 2499
f 2499 2492 2491
f 2155 2154 2494
f 2494 2154 2495
f 2581 2489 2490
f 2490 2489 2498
f 2293 2292 2511
f 2511 2292 2481
f 2191 2155 2512
f 2512 2155 2494
f 2500 2496 2511
f 2511 2496 2495
f 2247 2492 2295
f 2295 2492 2482
f 2583 2584 2582
f 2582 2584 2585
f 2587 2588 2586
f 2586 2588 2589
f 2591 2587 2590
f 2590 2587 2586
f 2593 2594 2592
f 2592 2594 2595
f 2596 2597 2599
f 2599 2597 2598
f 2588 2600 2589
f 2589 2600 2601
f 2602 2603 2605
f 2605 2603 2604
f 2606 2607 2609
f 2609 2607 2608
f 2609 2608 2190
f 2190 2608 2610
f 2611 2612 2614
f 2614 2612 2613
f 2600 2588 2615
f 2615 2588 2595
f 2599 2598 2606
f 2606 2598 2607
f 2584 2616 2604
f 2604 2616 2605
f 2600 2615 2583
f 2583 2615 2617
f 2591 2619 2618
f 2618 2619 2614
f 2621 2622 2620
f 2620 2622 2623
f 2619 2624 2614
f 2614 2624 2611
f 2591 2590 2619
f 2619 2590 2625
f 2587 2591 2592
f 2592 2591 2618
f 2626 2627 2585
f 2585 2627 2582
f 2627 2628 2582
f 2582 2628 2601
f 2629 2593 2618
f 2618 2593 2592
f 2602 2597 2611
f 2611 2597 2612
f 2600 2583 2601
f 2601 2583 2582
f 2630 2631 2589
f 2589 2631 2586
f 2583 2617 2584
f 2584 2617 2616
f 2588 2587 2595
f 2595 2587 2592
f 2633 2626 2632
f 2632 2626 2585
f 2620 2623 2634
f 2634 2623 2625
f 2622 2603 2623
f 2623 2603 2624
f 2621 2633 2622
f 2622 2633 2632
f 2611 2624 2602
f 2602 2624 2603
f 2634 2625 2635
f 2635 2625 2590
f 2628 2630 2601
f 2601 2630 2589
f 2613 2195 2629
f 2629 2195 2194
f 2631 2635 2586
f 2586 2635 2590
f 2595 2594 2615
f 2615 2594 2610
f 2619 2625 2624
f 2624 2625 2623
f 2632 2604 2622
f 2622 2604 2603
f 2585 2584 2632
f 2632 2584 2604
f 2635 2636 2634
f 2634 2636 2637
f 2638 2636 2631
f 2631 2636 2635
f 2639 2638 2630
f 2630 2638 2631
f 2640 2639 2628
f 2628 2639 2630
f 2634 2637 2620
f 2620 2637 2641
f 2620 2641 2621
f 2621 2641 2642
f 2642 2643 2621
f 2621 2643 2633
f 2641 2637 2644
f 2644 2637 2645
f 2646 2647 2649
f 2649 2647 2648
f 2648 2650 2649
f 2649 2650 2651
f 2648 2652 2650
f 2650 2652 2653
f 2652 2654 2656
f 2656 2654 2655
f 2656 2657 2652
f 2652 2657 2653
f 2654 2652 2647
f 2647 2652 2648
f 2647 2646 2659
f 2659 2646 2658
f 2660 2651 2653
f 2653 2651 2650
f 2636 2638 2660
f 2660 2638 2651
f 2651 2638 2661
f 2661 2638 2639
f 2651 2661 2649
f 2649 2661 2662
f 2663 2646 2662
f 2662 2646 2649
f 2653 2657 2660
f 2660 2657 2645
f 2636 2660 2637
f 2637 2660 2645
f 2646 2663 2658
f 2658 2663 2664
f 2665 2666 2662
f 2662 2666 2663
f 2666 2667 2663
f 2663 2667 2664
f 2668 2669 2665
f 2665 2669 2666
f 2665 2670 2668
f 2668 2670 2671
f 2667 2666 2672
f 2672 2666 2669
f 2662 2661 2665
f 2665 2661 2670
f 2640 2670 2639
f 2639 2670 2661
f 2673 2674 2664
f 2664 2674 2658
f 2658 2674 2659
f 2659 2674 2675
f 2645 2657 2676
f 2676 2657 2656
f 2677 2676 2655
f 2655 2676 2656
f 2676 2678 2645
f 2645 2678 2644
f 2677 2679 2676
f 2676 2679 2678
f 2655 2680 2677
f 2677 2680 2681
f 2675 2674 2680
f 2680 2674 2681
f 2682 2640 2627
f 2627 2640 2628
f 2643 2683 2633
f 2633 2683 2626
f 2682 2627 2683
f 2683 2627 2626
f 2683 2684 2682
f 2682 2684 2671
f 2684 2685 2671
f 2671 2685 2668
f 2686 2684 2643
f 2643 2684 2683
f 2670 2640 2671
f 2671 2640 2682
f 2687 2686 2642
f 2642 2686 2643
f 2642 2641 2687
f 2687 2641 2644
f 2687 2644 2688
f 2688 2644 2678
f 2688 2689 2687
f 2687 2689 2686
f 2690 2691 2688
f 2688 2691 2689
f 2689 2685 2686
f 2686 2685 2684
f 2685 2689 2692
f 2692 2689 2691
f 2679 2690 2678
f 2678 2690 2688
f 2690 2679 2693
f 2693 2679 2694
f 2696 2697 2695
f 2695 2697 2693
f 2691 2690 2697
f 2697 2690 2693
f 2693 2694 2695
f 2695 2694 2673
f 2674 2673 2681
f 2681 2673 2694
f 2679 2677 2694
f 2694 2677 2681
f 2685 2692 2668
f 2668 2692 2669
f 2696 2672 2692
f 2692 2672 2669
f 2696 2692 2697
f 2697 2692 2691
f 2695 2667 2696
f 2696 2667 2672
f 2673 2664 2695
f 2695 2664 2667
f 2675 2654 2659
f 2659 2654 2647
f 2655 2654 2680
f 2680 2654 2675
f 2291 2156 2593
f 2593 2156 2594
f 2597 2602 2598
f 2598 2602 2605
f 2616 2617 2607
f 2607 2617 2608
f 2615 2610 2617
f 2617 2610 2608
f 2597 2596 2612
f 2612 2596 2698
f 2598 2605 2607
f 2607 2605 2616
f 2194 2291 2629
f 2629 2291 2593
f 2629 2618 2613
f 2613 2618 2614
f 2190 2610 2156
f 2156 2610 2594
f 2700 2010 2699
f 2699 2010 2086
f 2267 2701 2116
f 2116 2701 2702
f 2116 2702 2117
f 2117 2702 2703
f 2704 2705 2250
f 2250 2705 2254
f 2011 2706 2267
f 2267 2706 2701
f 2699 2086 2707
f 2707 2086 2289
f 2010 2700 2011
f 2011 2700 2706
f 2708 2707 2251
f 2251 2707 2289
f 2703 2704 2117
f 2117 2704 2250
f 2705 2708 2254
f 2254 2708 2251
f 2709 2710 2708
f 2708 2710 2707
f 2711 2709 2705
f 2705 2709 2708
f 2712 2711 2704
f 2704 2711 2705
f 2713 2712 2703
f 2703 2712 2704
f 2707 2710 2699
f 2699 2710 2714
f 2699 2714 2700
f 2700 2714 2715
f 2716 2706 2715
f 2715 2706 2700
f 2714 2710 2717
f 2717 2710 2718
f 2720 2721 2719
f 2719 2721 2722
f 2721 2723 2722
f 2722 2723 2724
f 2721 2725 2723
f 2723 2725 2726
f 2727 2728 2725
f 2725 2728 2726
f 2729 2725 2720
f 2720 2725 2721
f 2731 2729 2730
f 2730 2729 2720
f 2719 2732 2720
f 2720 2732 2730
f 2726 2733 2723
f 2723 2733 2724
f 2709 2711 2733
f 2733 2711 2724
f 2724 2711 2734
f 2734 2711 2712
f 2722 2724 2735
f 2735 2724 2734
f 2719 2722 2736
f 2736 2722 2735
f 2726 2728 2733
f 2733 2728 2718
f 2709 2733 2710
f 2710 2733 2718
f 2732 2719 2737
f 2737 2719 2736
f 2738 2739 2735
f 2735 2739 2736
f 2739 2740 2736
f 2736 2740 2737
f 2741 2742 2738
f 2738 2742 2739
f 2738 2743 2741
f 2741 2743 2744
f 2740 2739 2745
f 2745 2739 2742
f 2735 2734 2738
f 2738 2734 2743
f 2713 2743 2712
f 2712 2743 2734
f 2737 2746 2732
f 2732 2746 2747
f 2732 2747 2730
f 2730 2747 2731
f 2718 2728 2748
f 2748 2728 2727
f 2749 2750 2727
f 2727 2750 2748
f 2748 2751 2718
f 2718 2751 2717
f 2750 2752 2748
f 2748 2752 2751
f 2750 2749 2754
f 2754 2749 2753
f 2731 2747 2753
f 2753 2747 2754
f 2727 2725 2749
f 2749 2725 2729
f 2749 2729 2753
f 2753 2729 2731
f 2702 2755 2703
f 2703 2755 2713
f 2706 2716 2701
f 2701 2716 2756
f 2755 2702 2756
f 2756 2702 2701
f 2756 2757 2755
f 2755 2757 2744
f 2757 2758 2744
f 2744 2758 2741
f 2759 2757 2716
f 2716 2757 2756
f 2743 2713 2744
f 2744 2713 2755
f 2760 2759 2715
f 2715 2759 2716
f 2715 2714 2760
f 2760 2714 2717
f 2760 2717 2761
f 2761 2717 2751
f 2761 2762 2760
f 2760 2762 2759
f 2763 2764 2761
f 2761 2764 2762
f 2762 2758 2759
f 2759 2758 2757
f 2758 2762 2765
f 2765 2762 2764
f 2752 2763 2751
f 2751 2763 2761
f 2763 2752 2766
f 2766 2752 2767
f 2768 2769 2766
f 2766 2769 2770
f 2764 2763 2770
f 2770 2763 2766
f 2766 2767 2768
f 2768 2767 2746
f 2747 2746 2754
f 2754 2746 2767
f 2752 2750 2767
f 2767 2750 2754
f 2758 2765 2741
f 2741 2765 2742
f 2769 2745 2765
f 2765 2745 2742
f 2769 2765 2770
f 2770 2765 2764
f 2768 2740 2769
f 2769 2740 2745
f 2746 2737 2768
f 2768 2737 2740
f 2201 2212 2200
f 2200 2212 2214
f 2201 2202 2212
f 2212 2202 2185
f 2512 2581 2191
f 2191 2581 2192
f 2059 2290 2056
f 2056 2290 2272
f 2174 2199 2294
f 2294 2199 2278
f 2063 2175 2194
f 2194 2175 2291
f 2192 2581 2133
f 2133 2581 2490
f 2133 2132 2192
f 2192 2132 2189
f 2054 2276 2055
f 2055 2276 2138
f 2083 2279 2084
f 2084 2279 2771
f 2771 2279 2599
f 2599 2279 2596
f 2606 2772 2599
f 2599 2772 2771
f 2772 2773 2771
f 2771 2773 2084
f 2773 2774 2084
f 2084 2774 2085
f 2085 2775 2082
f 2082 2775 2144
f 2774 2078 2085
f 2085 2078 2775
f 2078 2774 2079
f 2079 2774 2776
f 2774 2773 2776
f 2776 2773 2777
f 2773 2772 2777
f 2777 2772 2778
f 2190 2189 2609
f 2609 2189 2778
f 2053 2052 2779
f 2779 2052 2181
f 2144 2775 2081
f 2081 2775 2078
f 2294 2153 2174
f 2174 2153 2175
f 2132 2276 2189
f 2189 2276 2778
f 2606 2609 2772
f 2772 2609 2778
f 2195 2613 2698
f 2698 2613 2612
f 2596 2279 2698
f 2698 2279 2195
f 2054 2777 2276
f 2276 2777 2778
f 2777 2054 2776
f 2776 2054 2053
f 2053 2779 2776
f 2776 2779 2079
f 2779 2181 2079
f 2079 2181 2080
f 2181 2239 2080
f 2080 2239 2240
f 2122 2256 2014
f 2042 1982 2076
f 2076 1982 2007
f 1982 1985 2007
f 2007 1985 2008
f 2095 2097 2265
f 2265 2097 2266
f 2076 2050 2042
f 2042 2050 2047
f 2046 2043 2047
f 2047 2043 2042
f 2118 1993 2046
f 2046 1993 2043
f 1995 1994 2118
f 2118 1994 1993
f 2267 1992 2011
f 2011 1992 2012
f 1997 2012 1994
f 1994 2012 1992
f 2226 2013 1997
f 1997 2013 2012
f 2225 2087 2226
f 2226 2087 2013
f 2225 2232 2087
f 2087 2232 2288
f 2232 2070 2288
f 2288 2070 2252
f 2070 2025 2252
f 2252 2025 2253
f 1988 2249 2025
f 2025 2249 2253
f 2116 2115 2267
f 2267 2115 2268
f 2096 1984 2237
f 2237 1984 1991
f 2095 1985 2096
f 2096 1985 1984
f 2265 2008 2095
f 2095 2008 1985
f 2092 2009 2265
f 2265 2009 2008
f 2091 2286 2092
f 2092 2286 2009
f 2255 2238 2091
f 2091 2238 2286
f 2256 2239 2255
f 2255 2239 2238
f 2122 2240 2256
f 2256 2240 2239
f 2121 2241 2122
f 2122 2241 2240
f 2022 2018 2097
f 2097 2018 2266
f 2022 2024 2018
f 2018 2024 2019
f 2024 2072 2019
f 2019 2072 2073
f 2072 2228 2073
f 2073 2228 2230
f 2228 2184 2230
f 2230 2184 2183
f 2121 2285 2241
f 2241 2285 2258
f 2285 2036 2258
f 2258 2036 2257
f 2177 2145 2193
f 2193 2145 2257
f 2173 2193 2196
f 2196 2193 2037
f 2036 2037 2257
f 2257 2037 2193
f 2196 2037 2066
f 2066 2037 2035
f 2061 2108 2034
f 2034 2108 2067
f 2108 2208 2067
f 2067 2208 2204
f 2208 2210 2204
f 2204 2210 2203
f 2210 2280 2203
f 2203 2280 2186
f 2183 2186 2235
f 2235 2186 2280
f 1987 2114 1988
f 1988 2114 2249
f 2237 2115 1987
f 1987 2115 2114
f 1991 2268 2237
f 2237 2268 2115
f 1991 1990 2268
f 2268 1990 1992
f 107 110 2781
f 2781 110 2780
f 117 2782 118
f 118 2782 2783
f 119 2784 120
f 120 2784 2785
f 125 2786 126
f 126 2786 2787
f 127 2788 128
f 128 2788 2789
f 127 132 2788
f 2788 132 2790
f 231 230 2792
f 2792 230 2791
f 118 2783 119
f 119 2783 2784
f 241 243 2794
f 2794 243 2793
f 2781 2795 107
f 107 2795 352
f 120 2785 437
f 437 2785 2796
f 126 2787 110
f 110 2787 2780
f 455 2797 456
f 456 2797 2798
f 128 2789 457
f 457 2789 2799
f 456 2798 117
f 117 2798 2782
f 2794 2797 241
f 241 2797 455
f 457 2799 125
f 125 2799 2786
f 132 231 2790
f 2790 231 2792
f 230 437 2791
f 2791 437 2796
f 2792 2789 2790
f 2790 2789 2788
f 2785 2784 2801
f 2801 2784 2800
f 2786 2802 2787
f 2787 2802 2803
f 2792 2791 2805
f 2805 2791 2804
f 2784 2783 2800
f 2800 2783 2806
f 2785 2801 2796
f 2796 2801 2807
f 2787 2803 2780
f 2780 2803 2808
f 2789 2809 2799
f 2799 2809 2810
f 2799 2810 2786
f 2786 2810 2802
f 2791 2796 2804
f 2804 2796 2807
f 2789 2792 2809
f 2809 2792 2805
f 2812 2797 2811
f 2811 2797 2794
f 2809 2805 2810
f 2810 2805 2804
f 2810 2804 2802
f 2802 2804 2807
f 2802 2807 2803
f 2803 2807 2801
f 2808 2803 2800
f 2800 2803 2801
f 2814 699 2813
f 2813 699 698
f 2808 2815 2780
f 2780 2815 2781
f 2817 2782 2816
f 2816 2782 2798
f 2815 2818 2781
f 2781 2818 2795
f 2797 2812 2798
f 2798 2812 2816
f 2783 2782 2806
f 2806 2782 2817
f 2800 2806 2808
f 2808 2806 2815
f 2794 2793 2811
f 2811 2793 2819
f 174 201 384
f 384 201 362
f 200 1766 390
f 390 1766 1777
f 1777 1778 390
f 390 1778 398
f 1778 361 398
f 398 361 222
f 2820 2821 628
f 628 2821 629
f 1406 2820 790
f 790 2820 628
f 794 1415 1233
f 1233 1415 1234
f 1406 790 1407
f 1407 790 1312
f 1407 1312 2822
f 2822 1312 1316
f 2823 1380 1543
f 1543 1380 1379
f 1385 1738 1382
f 1382 1738 1383
f 1381 791 1382
f 1382 791 1386
f 791 794 1386
f 1386 794 1233
f 1259 1390 1260
f 1260 1390 1389
f 1905 1542 1394
f 1394 1542 1395
f 1410 1413 1397
f 1397 1413 1398
f 2821 1410 629
f 629 1410 1397
f 2823 2822 1380
f 1380 2822 1316
f 1392 1395 1378
f 1378 1395 1379
f 1738 1399 1383
f 1383 1399 1398
f 1388 1235 1389
f 1389 1235 1234
f 1393 1391 1394
f 1394 1391 1390
f 1381 1384 779
f 779 1384 780
f 1282 788 792
f 792 788 793
f 1431 1262 1432
f 1432 1262 1261
f 1400 1342 1408
f 1408 1342 1409
f 1508 1544 1411
f 1411 1544 1412
f 788 787 793
f 793 787 1414
f 2821 2820 1429
f 1429 2820 1430
f 2822 2823 1506
f 1506 2823 1507
f 778 1282 779
f 779 1282 792
f 2820 1406 1430
f 1430 1406 1409
f 1410 2821 1411
f 1411 2821 1429
f 1407 2822 1408
f 1408 2822 1506
f 1544 781 1412
f 1412 781 780
f 1260 1415 1261
f 1261 1415 1414
f 1334 2824 923
f 923 2824 924
f 2826 1268 2825
f 2825 1268 1267
f 769 1212 2827
f 2827 1212 2828
f 1492 1190 1266
f 1266 1190 1267
f 1488 2829 1489
f 1489 2829 2830
f 922 1329 923
f 923 1329 1328
f 1484 2831 1485
f 1485 2831 2832
f 1482 2833 1485
f 1485 2833 1486
f 1324 1493 1489
f 1489 1493 1490
f 1265 1491 1266
f 1266 1491 1490
f 2835 2836 2834
f 2834 2836 2837
f 1250 2838 2827
f 2827 2838 2839
f 1488 1491 2840
f 2840 1491 2841
f 1268 2826 2842
f 2842 2826 2843
f 2844 2845 1495
f 1495 2845 1496
f 1427 2847 2846
f 2846 2847 926
f 2829 1488 2848
f 2848 1488 2840
f 1329 922 2849
f 2849 922 927
f 2850 2851 768
f 768 2851 1213
f 1265 1268 2852
f 2852 1268 2842
f 1491 1265 2841
f 2841 1265 2852
f 2854 2855 2853
f 2853 2855 2856
f 2855 2857 2856
f 2856 2857 598
f 2857 2858 598
f 598 2858 595
f 2858 2859 595
f 595 2859 626
f 649 652 2860
f 2860 652 2861
f 639 642 2862
f 2862 642 2863
f 2864 705 2862
f 2862 705 639
f 2865 1418 2864
f 2864 1418 705
f 2866 2867 2865
f 2865 2867 1418
f 1760 1348 1761
f 1761 1348 2867
f 1764 2868 1197
f 1197 2868 1198
f 2869 611 2868
f 2868 611 1198
f 2870 612 2869
f 2869 612 611
f 1352 1350 944
f 944 1350 688
f 1350 1256 688
f 688 1256 685
f 1256 1255 685
f 685 1255 692
f 1255 2871 692
f 692 2871 2872
f 701 2873 698
f 698 2873 2813
f 2872 1349 692
f 692 1349 693
f 1696 1744 1574
f 1574 1744 1575
f 1753 1618 1577
f 1577 1618 1578
f 1729 1594 1608
f 1608 1594 1609
f 1725 1630 1611
f 1611 1630 1612
f 1604 1607 1625
f 1625 1607 1626
f 1624 1703 1625
f 1625 1703 1912
f 1703 1702 1912
f 1912 1702 1913
f 1702 1753 1913
f 1913 1753 1577
f 1598 1569 1915
f 1915 1569 1578
f 1616 1615 1915
f 1915 1615 1916
f 1615 1696 1916
f 1916 1696 1574
f 1744 1745 1575
f 1575 1745 1917
f 1745 1565 1917
f 1917 1565 1609
f 1568 1725 1608
f 1608 1725 1611
f 2874 1613 1918
f 1918 1613 1612
f 1607 2874 1626
f 1626 2874 1918
f 1610 1613 1562
f 1562 1613 1563
f 1547 1550 1570
f 1570 1550 1571
f 1573 1576 1580
f 1580 1576 1581
f 1553 1556 1595
f 1595 1556 1596
f 1556 1582 1596
f 1596 1582 1581
f 1551 1547 1599
f 1599 1547 1570
f 1731 1914 1601
f 1601 1914 1602
f 1686 1689 1605
f 1605 1689 1606
f 1598 1743 1599
f 1599 1743 1692
f 2874 1607 1723
f 1723 1607 1606
f 1727 1553 1730
f 1730 1553 1595
f 1600 1686 1601
f 1601 1686 1605
f 1914 1572 1602
f 1602 1572 1571
f 1579 1693 1580
f 1580 1693 1692
f 1613 2874 1563
f 1563 2874 1723
f 1561 1727 1562
f 1562 1727 1730
f 1949 1742 1548
f 1548 1742 1549
f 1694 1949 1552
f 1552 1949 1548
f 1954 1589 1554
f 1554 1589 1555
f 1693 1579 1558
f 1558 1579 1559
f 1561 1564 1584
f 1584 1564 1585
f 1582 1556 1588
f 1588 1556 1555
f 1600 1603 1591
f 1591 1603 1592
f 1981 1977 1687
f 1687 1977 1688
f 1564 1722 1585
f 1585 1722 1690
f 1551 1693 1552
f 1552 1693 1558
f 1751 1954 1728
f 1728 1954 1554
f 1590 1981 1591
f 1591 1981 1687
f 1603 1550 1592
f 1592 1550 1549
f 1977 1691 1688
f 1688 1691 1690
f 1587 1560 1588
f 1588 1560 1559
f 1727 1561 1728
f 1728 1561 1584
f 2875 1919 1947
f 1947 1919 1948
f 1557 1560 1952
f 1952 1560 1953
f 1933 1932 1955
f 1955 1932 1956
f 1587 1589 1958
f 1958 1589 1956
f 1959 1933 1965
f 1965 1933 1955
f 1961 1964 1966
f 1966 1964 1967
f 1981 1590 1969
f 1969 1590 1967
f 1742 1949 1972
f 1972 1949 1948
f 1593 1742 1966
f 1966 1742 1972
f 1957 1950 1958
f 1958 1950 1953
f 1583 1586 1974
f 1974 1586 1975
f 1940 1943 1978
f 1978 1943 1979
f 1943 1976 1979
f 1979 1976 1975
f 1951 2875 1952
f 1952 2875 1947
f 1968 1940 1969
f 1969 1940 1978
f 1973 1959 1974
f 1974 1959 1965
f 1923 1971 1920
f 1920 1971 1921
f 1919 2875 1920
f 1920 2875 1924
f 2875 1951 1924
f 1924 1951 1926
f 1950 1957 1929
f 1929 1957 1930
f 2244 2243 1934
f 1934 2243 1935
f 1973 1976 1937
f 1937 1976 1938
f 1944 1980 1941
f 1941 1980 1942
f 1940 1968 1941
f 1941 1968 1945
f 2287 2244 1960
f 1960 2244 1934
f 1970 2245 1962
f 1962 2245 1963
f 2243 1931 1935
f 1935 1931 1930
f 1927 1926 1928
f 1928 1926 1929
f 1961 1922 1962
f 1962 1922 1921
f 2245 1946 1963
f 1963 1946 1945
f 1976 1943 1938
f 1938 1943 1942
f 1936 2287 1937
f 1937 2287 1960
f 743 1238 608
f 608 1238 609
f 607 1811 608
f 608 1811 744
f 1304 2876 1305
f 1305 2876 2877
f 586 585 1298
f 1298 585 1299
f 585 702 1299
f 1299 702 1300
f 702 1428 1300
f 1300 1428 1301
f 1238 586 609
f 609 586 1298
f 2878 2879 1218
f 1218 2879 2877
f 2880 2881 1812
f 1812 2881 1819
f 2883 1821 2882
f 2882 1821 1820
f 2840 2841 620
f 620 2841 621
f 2842 2843 795
f 795 2843 796
f 892 895 2844
f 2844 895 2845
f 2848 2840 942
f 942 2840 620
f 2849 927 1202
f 1202 927 1203
f 2852 2842 1270
f 1270 2842 795
f 2841 2852 621
f 621 2852 1270
f 941 1759 942
f 942 1759 2884
f 659 929 1427
f 1427 929 2847
f 1237 2851 751
f 751 2851 2850
f 1216 2885 1217
f 1217 2885 1754
f 2887 734 2886
f 2886 734 733
f 2889 1816 2888
f 2888 1816 1815
f 2890 1245 2889
f 2889 1245 1816
f 1824 2891 1825
f 1825 2891 1246
f 2892 2893 2895
f 2895 2893 2894
f 1854 1833 1851
f 1851 1833 1832
f 1851 1832 1884
f 1884 1832 1876
f 1884 1876 1441
f 1441 1876 1443
f 1441 1443 1442
f 1442 1443 1446
f 1442 1446 2896
f 2896 1446 1507
f 2897 2823 2898
f 2898 2823 1543
f 1542 2899 1543
f 1543 2899 2898
f 1542 1905 2899
f 2899 1905 2900
f 1905 1259 2900
f 2900 1259 2901
f 1262 1431 2902
f 2902 1431 1904
f 1431 1434 1904
f 1904 1434 1902
f 1902 1434 2903
f 2903 1434 719
f 2903 719 2904
f 2904 719 718
f 1869 1881 718
f 718 1881 2904
f 1881 1869 1880
f 1880 1869 756
f 1880 756 2905
f 2905 756 755
f 2905 755 2906
f 2906 755 758
f 762 2907 763
f 763 2907 2908
f 724 723 2909
f 2909 723 894
f 796 895 723
f 723 895 894
f 2843 2845 796
f 796 2845 895
f 2826 1496 2843
f 2843 1496 2845
f 2825 1497 2826
f 2826 1497 1496
f 1189 2836 2825
f 2825 2836 1497
f 797 891 798
f 798 891 2837
f 802 888 797
f 797 888 891
f 2910 2911 2913
f 2913 2911 2912
f 1780 1783 2915
f 2915 1783 2914
f 2916 2917 831
f 831 2917 832
f 2918 2919 845
f 845 2919 846
f 2920 2916 847
f 847 2916 831
f 2921 2922 857
f 857 2922 858
f 2923 2924 860
f 860 2924 861
f 2919 2912 846
f 846 2912 887
f 2925 2920 940
f 940 2920 847
f 2924 2926 861
f 861 2926 1204
f 2917 2918 832
f 832 2918 845
f 2927 2928 1449
f 1449 2928 1450
f 2929 2930 889
f 889 2930 2931
f 2896 1507 2897
f 2897 1507 2823
f 2902 2901 1262
f 1262 2901 1259
f 2932 2933 750
f 750 2933 1236
f 2933 2934 1236
f 1236 2934 1835
f 2936 2937 2935
f 2935 2937 2938
f 2940 2941 2939
f 2939 2941 2942
f 2943 2944 1841
f 1841 2944 1842
f 2945 1860 2944
f 2944 1860 1842
f 2945 2946 1860
f 1860 2946 1859
f 1889 2947 1890
f 1890 2947 1856
f 1856 2947 1857
f 1857 2947 2948
f 2950 709 2949
f 2949 709 1829
f 2952 730 2951
f 2951 730 729
f 2866 2953 2867
f 2867 2953 1761
f 2953 2954 1761
f 1761 2954 1420
f 2954 2955 1420
f 1420 2955 742
f 2955 2956 742
f 742 2956 739
f 2956 2957 739
f 739 2957 760
f 2957 2958 760
f 760 2958 761
f 2958 2959 761
f 761 2959 2960
f 2959 2961 2960
f 2960 2961 2962
f 2963 2964 1839
f 1839 2964 1840
f 2964 2965 1840
f 1840 2965 2942
f 2966 2950 2939
f 2939 2950 2949
f 2935 2967 2936
f 2936 2967 2968
f 2969 2970 736
f 736 2970 735
f 734 2887 1815
f 1815 2887 2888
f 2887 2882 2888
f 2888 2882 2881
f 1819 1820 1817
f 1817 1820 748
f 1195 1757 1197
f 1197 1757 1424
f 1757 647 1424
f 1424 647 646
f 647 648 646
f 646 648 643
f 648 1271 643
f 643 1271 737
f 1271 725 737
f 737 725 765
f 725 724 765
f 765 724 762
f 762 724 2907
f 2907 724 2909
f 1254 1437 2909
f 2909 1437 2907
f 1438 1253 1836
f 1836 1253 1835
f 1836 1835 2938
f 2938 1835 2934
f 2971 2972 2935
f 2935 2972 2967
f 897 896 2969
f 2969 896 2970
f 1815 1814 734
f 734 1814 731
f 728 1215 896
f 896 1215 732
f 2885 1216 733
f 733 1216 2886
f 1216 1219 2886
f 2886 1219 2883
f 2876 1304 1821
f 1821 1304 749
f 1304 1303 749
f 749 1303 746
f 1818 2973 1817
f 1817 2973 1810
f 747 2974 1818
f 1818 2974 2973
f 747 746 2974
f 2974 746 1303
f 2976 2977 2975
f 2975 2977 2978
f 2976 2979 2901
f 2901 2979 2900
f 2980 2981 2982
f 2982 2981 2979
f 2981 2980 2983
f 2983 2980 2984
f 2985 2897 2983
f 2983 2897 2898
f 2987 2988 2986
f 2986 2988 2985
f 2896 2988 1442
f 1442 2988 1439
f 1903 2977 1904
f 1904 2977 2902
f 1856 1855 1890
f 1890 1855 2989
f 2989 2990 1890
f 1890 2990 1359
f 2990 2991 1359
f 1359 2991 1356
f 2946 2992 1859
f 1859 2992 1893
f 2992 2993 1893
f 1893 2993 775
f 2993 2994 775
f 775 2994 776
f 2986 1356 2987
f 2987 1356 2991
f 2975 2978 776
f 776 2978 777
f 2982 2994 2980
f 2980 2994 2995
f 1357 2984 2995
f 2995 2984 2980
f 2995 2996 1357
f 1357 2996 1358
f 2996 2997 1358
f 1358 2997 1889
f 2998 2999 2932
f 2932 2999 2933
f 2999 2971 2933
f 2933 2971 2934
f 1837 1836 2937
f 2937 1836 2938
f 2943 1841 2941
f 2941 1841 1838
f 3001 2944 3000
f 3000 2944 2943
f 3001 3002 2944
f 2944 3002 2945
f 3002 3003 2945
f 2945 3003 2946
f 2997 3003 1889
f 1889 3003 2947
f 2947 3003 2948
f 2948 3003 3002
f 3001 3004 3002
f 3002 3004 2948
f 3000 3005 3001
f 3001 3005 3004
f 2940 3006 3000
f 3000 3006 3005
f 2999 3007 2971
f 2971 3007 2972
f 2998 2951 2999
f 2999 2951 3007
f 3008 2952 2998
f 2998 2952 2951
f 2966 2965 2936
f 2936 2965 2937
f 2935 2938 2971
f 2971 2938 2934
f 3003 2997 2946
f 2946 2997 2992
f 2997 2996 2992
f 2992 2996 2993
f 2996 2995 2993
f 2993 2995 2994
f 1356 2986 1357
f 1357 2986 2984
f 2982 2975 2994
f 2994 2975 776
f 1844 1843 1899
f 1899 1843 3009
f 1843 638 3009
f 3009 638 3010
f 638 637 3010
f 3010 637 3011
f 637 1830 3011
f 3011 1830 3012
f 1830 1833 3012
f 3012 1833 2894
f 1833 1854 2894
f 2894 1854 2895
f 1854 1853 2895
f 2895 1853 1888
f 1858 1857 1885
f 1885 1857 1892
f 1899 3009 1898
f 1898 3009 1874
f 3009 3010 1874
f 1874 3010 1865
f 3010 3011 1865
f 1865 3011 1862
f 3011 3012 1862
f 1862 3012 1882
f 3012 2894 1882
f 1882 2894 2893
f 1850 2890 782
f 782 2890 2889
f 783 2880 1811
f 1811 2880 1812
f 744 1810 745
f 745 1810 2973
f 745 2973 805
f 805 2973 806
f 2973 2974 806
f 806 2974 815
f 1303 812 2974
f 2974 812 815
f 1303 1302 812
f 812 1302 1221
f 1307 3013 1302
f 1302 3013 1221
f 1734 3014 1633
f 1633 3014 1634
f 1646 1649 1636
f 1636 1649 1637
f 1654 1657 1641
f 1641 1657 1642
f 1639 1736 1636
f 1636 1736 1684
f 1716 1713 1698
f 1698 1713 1699
f 1718 1721 1705
f 1705 1721 1706
f 1653 1654 1709
f 1709 1654 1641
f 1620 1623 1714
f 1714 1623 1699
f 1712 1682 1714
f 1714 1682 1740
f 1668 1671 1746
f 1746 1671 1747
f 1752 1650 1749
f 1749 1650 1750
f 1750 1650 1709
f 1709 1650 1653
f 1632 1668 1633
f 1633 1668 1746
f 1649 1752 1637
f 1637 1752 1749
f 1682 1643 1740
f 1740 1643 1642
f 3014 1685 1634
f 1634 1685 1684
f 1704 1748 1705
f 1705 1748 1747
f 1697 1707 1698
f 1698 1707 1706
f 1739 1701 1621
f 1621 1701 1622
f 1567 1566 1647
f 1647 1566 1648
f 1664 1695 1651
f 1651 1695 1652
f 1614 1617 1655
f 1655 1617 1656
f 1704 1707 1659
f 1659 1707 1660
f 3014 1734 1662
f 1662 1734 1663
f 1650 1752 1651
f 1651 1752 1665
f 1741 1657 1667
f 1667 1657 1656
f 1695 1614 1652
f 1652 1614 1655
f 1724 1567 1726
f 1726 1567 1647
f 1645 1628 1733
f 1733 1628 1663
f 1685 3014 1726
f 1726 3014 1662
f 1620 1741 1621
f 1621 1741 1667
f 1566 1666 1648
f 1648 1666 1665
f 1658 1737 1659
f 1659 1737 1901
f 1911 1661 1910
f 1910 1661 1660
f 1701 1911 1622
f 1622 1911 1910
f 1732 1748 1733
f 1733 1748 1901
f 1857 2948 1892
f 1892 2948 3004
f 1892 3004 1891
f 1891 3004 3005
f 1828 3006 1829
f 1829 3006 2949
f 2967 736 2968
f 2968 736 710
f 2972 2969 2967
f 2967 2969 736
f 2969 2972 897
f 897 2972 3007
f 897 3007 729
f 729 3007 2951
f 3016 753 3015
f 3015 753 752
f 3018 767 3017
f 3017 767 766
f 3019 3020 1249
f 1249 3020 3021
f 2915 2914 3019
f 3019 2914 3020
f 3023 2914 3022
f 3022 2914 1783
f 2827 2839 769
f 769 2839 766
f 3025 2838 3024
f 3024 2838 3021
f 768 767 2850
f 2850 767 3026
f 2850 3026 751
f 751 3026 752
f 750 753 2932
f 2932 753 3027
f 3008 2998 3027
f 3027 2998 2932
f 3028 3029 3008
f 3008 3029 2952
f 3029 3030 2952
f 2952 3030 730
f 3032 3033 3031
f 3031 3033 3034
f 3036 3037 3035
f 3035 3037 3038
f 2870 3039 612
f 612 3039 3040
f 3041 3042 3031
f 3031 3042 3038
f 3034 1352 3043
f 3043 1352 944
f 612 3040 613
f 613 3040 3044
f 613 3044 1425
f 1425 3044 1422
f 3045 3042 669
f 669 3042 670
f 3041 3043 599
f 599 3043 600
f 772 771 1544
f 1544 771 781
f 1503 771 1866
f 1866 771 770
f 771 1503 781
f 781 1503 778
f 61 281 416
f 416 281 1907
f 283 103 3046
f 3046 103 3047
f 76 79 3048
f 3048 79 3049
f 280 76 1906
f 1906 76 3048
f 3051 335 3050
f 3050 335 334
f 3053 417 3052
f 3052 417 416
f 3055 435 3054
f 3054 435 434
f 428 435 419
f 419 435 1908
f 420 1909 293
f 293 1909 443
f 79 294 3049
f 3049 294 444
f 3057 444 3056
f 3056 444 443
f 3051 3058 335
f 335 3058 452
f 216 215 1332
f 1332 215 452
f 308 283 462
f 462 283 3046
f 3050 334 3059
f 3059 334 462
f 103 62 3047
f 3047 62 417
f 313 312 434
f 434 312 463
f 3061 574 3060
f 3060 574 573
f 1310 3062 1428
f 1428 3062 3063
f 1258 3064 1255
f 1255 3064 2871
f 932 3065 2853
f 2853 3065 3066
f 699 2814 931
f 931 2814 3067
f 3068 1301 3063
f 3063 1301 1428
f 571 574 1310
f 1310 574 3062
f 3060 573 3069
f 3069 573 1332
f 3070 3071 1906
f 1906 3071 1907
f 3072 3073 1908
f 1908 3073 1909
f 3075 2814 3074
f 3074 2814 2813
f 2854 3076 1258
f 1258 3076 3064
f 2871 3077 2872
f 2872 3077 3078
f 3074 2813 3079
f 3079 2813 2873
f 2872 3078 1349
f 1349 3078 3080
f 2873 701 3068
f 3068 701 1301
f 1330 1201 3080
f 3080 1201 1349
f 1264 1263 3081
f 3081 1263 3082
f 3083 3084 3082
f 3082 3084 3081
f 811 1448 3086
f 3086 1448 3085
f 808 811 3087
f 3087 811 3086
f 3088 3083 833
f 833 3083 3082
f 884 3089 885
f 885 3089 3090
f 3087 1790 808
f 808 1790 816
f 1790 3087 1787
f 1787 3087 3091
f 3092 3091 3086
f 3086 3091 3087
f 3093 3094 3084
f 3084 3094 3095
f 3089 3096 3090
f 3090 3096 3088
f 3097 3093 3083
f 3083 3093 3084
f 3099 3100 3098
f 3098 3100 1786
f 3101 1788 2913
f 2913 1788 3102
f 838 837 885
f 885 837 886
f 886 837 3103
f 3103 837 1541
f 3094 3093 3104
f 3104 3093 3097
f 3105 3106 3089
f 3089 3106 3096
f 3108 3109 3107
f 3107 3109 3110
f 3111 3112 3091
f 3091 3112 1787
f 3114 3108 3113
f 3113 3108 3107
f 3114 3115 3112
f 3112 3115 3102
f 3091 3092 3111
f 3111 3092 3116
f 839 838 835
f 835 838 836
f 885 3090 838
f 838 3090 836
f 3110 3117 1247
f 1247 3117 3118
f 1247 3118 1248
f 1248 3118 3119
f 3120 3121 3119
f 3119 3121 1248
f 1247 844 3110
f 3110 844 3107
f 844 843 3107
f 3107 843 3113
f 843 3099 3113
f 3113 3099 3122
f 1781 3123 3098
f 3098 3123 3124
f 2915 2931 1780
f 1780 2931 2930
f 3019 3125 2915
f 2915 3125 2931
f 890 3125 2834
f 2834 3125 1252
f 3125 3019 1252
f 1252 3019 1249
f 907 908 946
f 946 908 947
f 1185 1188 1369
f 1369 1188 948
f 954 957 951
f 951 957 952
f 910 965 953
f 953 965 950
f 905 958 960
f 960 958 961
f 3126 978 949
f 949 978 962
f 936 935 967
f 967 935 968
f 994 993 969
f 969 993 966
f 902 904 971
f 971 904 972
f 983 985 973
f 973 985 970
f 906 905 974
f 974 905 960
f 977 981 959
f 959 981 975
f 911 910 1143
f 1143 910 953
f 952 957 1142
f 1142 957 1145
f 911 1143 1366
f 1366 1143 1368
f 1185 1369 1145
f 1145 1369 1142
f 993 1519 966
f 966 1519 1456
f 965 1454 950
f 950 1454 1457
f 900 899 1459
f 1459 899 1460
f 988 991 1461
f 1461 991 1458
f 899 963 1460
f 1460 963 1462
f 985 987 970
f 970 987 1463
f 904 906 972
f 972 906 974
f 981 983 975
f 975 983 973
f 935 900 968
f 968 900 1459
f 991 994 1458
f 1458 994 969
f 1154 1526 1088
f 1088 1526 1089
f 1109 1112 1092
f 1092 1112 1093
f 1083 1098 1084
f 1084 1098 1097
f 1078 1471 1100
f 1100 1471 1101
f 1075 1078 1104
f 1104 1078 1100
f 1152 1154 1156
f 1156 1154 1088
f 1156 1155 1372
f 1372 1155 1373
f 1372 1373 1104
f 1104 1373 1075
f 1467 1109 1465
f 1465 1109 1092
f 1465 1182 1468
f 1468 1182 1184
f 1474 1470 1096
f 1096 1470 1097
f 1102 1101 1083
f 1083 1101 1098
f 1112 1531 1093
f 1093 1531 1529
f 1102 1073 1099
f 1099 1073 1072
f 1526 1154 1079
f 1079 1154 1080
f 1081 1091 1082
f 1082 1091 1094
f 1069 1068 1085
f 1085 1068 1086
f 1153 1151 1080
f 1080 1151 1058
f 1371 1177 1179
f 1179 1177 1176
f 1099 1072 1103
f 1103 1072 1176
f 1068 1071 1086
f 1086 1071 1073
f 1085 1084 1180
f 1180 1084 1469
f 1066 1065 1183
f 1183 1065 1181
f 1153 1152 1177
f 1177 1152 1178
f 1091 1081 1182
f 1182 1081 1183
f 1057 1525 1079
f 1079 1525 1527
f 1120 1117 1076
f 1076 1117 1077
f 1087 1090 1107
f 1107 1090 1108
f 1127 1126 1110
f 1110 1126 1111
f 1095 1116 1096
f 1096 1116 1115
f 1471 1078 1119
f 1119 1078 1077
f 1087 1107 1155
f 1155 1107 1158
f 1376 1374 1157
f 1157 1374 1158
f 1076 1075 1374
f 1374 1075 1373
f 1109 1467 1110
f 1110 1467 1472
f 1467 1466 1472
f 1472 1466 1473
f 1135 1475 1114
f 1114 1475 1115
f 1471 1119 1095
f 1095 1119 1116
f 1126 1532 1111
f 1111 1532 1530
f 914 1276 1480
f 1480 1276 1517
f 3127 3128 1223
f 1223 3128 1224
f 824 933 1455
f 1455 933 3129
f 3131 1448 3130
f 3130 1448 1447
f 3132 3133 1452
f 1452 3133 1453
f 3130 1447 1322
f 1322 1447 1455
f 933 1514 3129
f 3129 1514 3134
f 1161 3135 1480
f 1480 3135 1481
f 3128 3136 1224
f 1224 3136 1499
f 3133 1162 1453
f 1453 1162 1517
f 1515 3127 1535
f 1535 3127 1223
f 3095 3085 3131
f 3131 3085 1448
f 3137 3092 3085
f 3085 3092 3086
f 3138 3116 3137
f 3137 3116 3092
f 3110 3109 3117
f 3117 3109 3139
f 3105 3140 3117
f 3117 3140 3118
f 3140 3141 3118
f 3118 3141 3119
f 3142 3120 3141
f 3141 3120 3119
f 1498 3143 1277
f 1277 3143 882
f 3144 3145 1340
f 1340 3145 1339
f 1340 3146 3144
f 3144 3146 3147
f 3145 3144 3143
f 3143 3144 3148
f 871 901 872
f 872 901 1362
f 3149 3148 3147
f 3147 3148 3144
f 1208 3150 1209
f 3098 1786 1781
f 1781 1786 1782
f 2930 2929 3123
f 3123 2929 2911
f 1794 1791 2916
f 2916 1791 2917
f 1793 3101 2918
f 2918 3101 2919
f 1796 1794 2920
f 2920 1794 2916
f 3151 3152 2921
f 2921 3152 2922
f 3153 3154 2923
f 2923 3154 2924
f 2919 3101 2912
f 2912 3101 2913
f 3155 1796 2925
f 2925 1796 2920
f 3154 3156 2924
f 2924 3156 2926
f 1791 1793 2917
f 2917 1793 2918
f 3157 3158 2927
f 2927 3158 2928
f 1780 2930 1781
f 1781 2930 3123
f 2825 1267 1189
f 1189 1267 1190
f 2827 2828 1250
f 1250 2828 1251
f 1489 2830 1324
f 1324 2830 1325
f 923 1328 1334
f 1334 1328 1335
f 1485 2832 1482
f 1482 2832 1483
f 1266 1490 1492
f 1492 1490 1493
f 1333 1346 1334
f 1334 1346 2824
f 722 799 1492
f 1492 799 1190
f 664 657 1482
f 1482 657 2833
f 631 634 1324
f 1324 634 1493
f 2828 1494 1251
f 1251 1494 2835
f 1249 3021 1250
f 1250 3021 2838
f 798 2837 1189
f 1189 2837 2836
f 3100 842 3160
f 3160 842 3159
f 1788 3101 1789
f 1789 3101 1793
f 1792 816 1789
f 1789 816 1790
f 817 816 1795
f 1795 816 1792
f 938 817 1797
f 1797 817 1795
f 1796 3155 1797
f 1797 3155 1798
f 3155 3158 1798
f 1798 3158 1799
f 3157 3152 1801
f 1801 3152 1802
f 3151 3156 1803
f 1803 3156 1804
f 3154 3153 1805
f 1805 3153 1806
f 3153 3161 1806
f 1806 3161 1807
f 3099 843 3100
f 3100 843 842
f 1788 1787 3102
f 3102 1787 3112
f 2910 3115 3124
f 3124 3115 3122
f 3099 3098 3122
f 3122 3098 3124
f 416 1907 3052
f 3052 1907 3071
f 3046 3047 3163
f 3163 3047 3162
f 249 445 259
f 259 445 3164
f 425 3165 424
f 424 3165 461
f 408 410 329
f 329 410 330
f 39 331 40
f 40 331 332
f 305 304 423
f 423 304 464
f 385 254 458
f 458 254 392
f 250 415 251
f 251 415 412
f 233 337 234
f 234 337 3166
f 435 3055 1908
f 1908 3055 3072
f 443 1909 3056
f 3056 1909 3073
f 3167 3049 3057
f 3057 3049 444
f 452 3058 1332
f 1332 3058 3069
f 234 3166 346
f 346 3166 411
f 3046 3163 462
f 462 3163 3059
f 259 3164 260
f 260 3164 336
f 3047 417 3162
f 3162 417 3053
f 463 3168 434
f 434 3168 3054
f 454 830 425
f 425 830 3165
f 3062 3169 3063
f 3063 3169 3170
f 1355 1354 1534
f 1534 1354 3171
f 3063 3170 3068
f 3068 3170 3172
f 574 3061 3062
f 3062 3061 3169
f 1534 3171 1535
f 1535 3171 3173
f 3079 2873 3172
f 3172 2873 3068
f 2838 3025 2839
f 2839 3025 3174
f 3176 3177 3175
f 3175 3177 3178
f 3180 1125 3179
f 3179 1125 1128
f 3182 3183 3181
f 3181 3183 3184
f 1134 3185 1130
f 1130 3185 3182
f 3186 3187 3189
f 3189 3187 3188
f 3191 3189 3190
f 3190 3189 3188
f 1137 1122 3190
f 3190 1122 3192
f 3175 3178 3193
f 3193 3178 3194
f 3181 3184 3179
f 3179 3184 3195
f 3197 3198 3196
f 3196 3198 3180
f 3200 3178 3199
f 3199 3178 3177
f 3202 3196 3201
f 3201 3196 3195
f 3204 3184 3203
f 3203 3184 3183
f 3206 3207 3205
f 3205 3207 3186
f 3205 3186 3208
f 3208 3186 3189
f 3209 3208 3191
f 3191 3208 3189
f 3210 3194 3200
f 3200 3194 3178
f 3201 3195 3204
f 3204 3195 3184
f 3197 3211 3177
f 3177 3211 3199
f 3213 3214 3212
f 3212 3214 3215
f 3217 3218 3216
f 3216 3218 3219
f 3221 3222 3220
f 3220 3222 3223
f 3225 3226 3224
f 3224 3226 3227
f 3229 3230 3228
f 3228 3230 3231
f 3233 3234 3232
f 3232 3234 3235
f 3237 3238 3236
f 3236 3238 3239
f 3238 3240 3239
f 3239 3240 3241
f 3232 3235 3242
f 3242 3235 3243
f 3245 3246 3244
f 3244 3246 3247
f 3248 3249 3245
f 3245 3249 3246
f 3251 3252 3250
f 3250 3252 3253
f 3255 3252 3254
f 3254 3252 3251
f 3256 3257 3259
f 3259 3257 3258
f 3261 3262 3260
f 3260 3262 3263
f 3265 3263 3264
f 3264 3263 3262
f 3256 3259 3266
f 3266 3259 3267
f 3269 3270 3268
f 3268 3270 3271
f 3269 3272 3270
f 3270 3272 3273
f 3274 3275 3277
f 3277 3275 3276
f 3278 3279 3276
f 3276 3279 3277
f 3281 3282 3280
f 3280 3282 3283
f 3280 3284 3281
f 3281 3284 3285
f 3287 3288 3286
f 3286 3288 3289
f 3290 3291 3288
f 3288 3291 3289
f 3234 3218 3235
f 3235 3218 3217
f 3232 3292 3233
f 3233 3292 3293
f 3239 3294 3236
f 3236 3294 3219
f 3233 3293 3237
f 3237 3293 3295
f 3296 3294 3241
f 3241 3294 3239
f 3240 3238 3297
f 3297 3238 3298
f 3217 3216 3235
f 3235 3216 3243
f 3297 3299 3240
f 3240 3299 3242
f 3246 3300 3247
f 3247 3300 3223
f 3301 3302 3254
f 3254 3302 3244
f 3249 3303 3246
f 3246 3303 3300
f 3245 3304 3248
f 3248 3304 3292
f 3252 3221 3253
f 3253 3221 3220
f 3250 3248 3299
f 3299 3248 3292
f 3222 3221 3255
f 3255 3221 3252
f 3297 3301 3251
f 3251 3301 3254
f 3258 3214 3259
f 3259 3214 3213
f 3257 3256 3304
f 3304 3256 3305
f 3263 3306 3260
f 3260 3306 3215
f 3261 3257 3302
f 3302 3257 3304
f 3307 3306 3265
f 3265 3306 3263
f 3262 3301 3264
f 3264 3301 3308
f 3259 3213 3267
f 3267 3213 3212
f 3308 3309 3264
f 3264 3309 3266
f 3270 3310 3271
f 3271 3310 3231
f 3311 3312 3278
f 3278 3312 3268
f 3270 3273 3310
f 3310 3273 3313
f 3272 3269 3305
f 3305 3269 3314
f 3277 3229 3274
f 3274 3229 3228
f 3275 3272 3309
f 3309 3272 3305
f 3279 3230 3277
f 3277 3230 3229
f 3276 3308 3278
f 3278 3308 3311
f 3281 3315 3282
f 3282 3315 3227
f 3290 3316 3283
f 3283 3316 3317
f 3281 3285 3315
f 3315 3285 3318
f 3284 3280 3314
f 3314 3280 3319
f 3289 3225 3286
f 3286 3225 3224
f 3287 3284 3312
f 3284 3314 3312
f 3291 3226 3289
f 3289 3226 3225
f 3288 3311 3290
f 3290 3311 3316
f 3212 3215 3307
f 3307 3215 3306
f 3294 3296 3219
f 3219 3296 3216
f 3303 3220 3300
f 3300 3220 3223
f 3224 3227 3318
f 3318 3227 3315
f 3228 3231 3313
f 3313 3231 3310
f 3234 3233 3236
f 3236 3233 3237
f 3243 3241 3242
f 3242 3241 3240
f 3247 3255 3244
f 3244 3255 3254
f 3253 3249 3250
f 3250 3249 3248
f 3260 3258 3261
f 3261 3258 3257
f 3266 3267 3264
f 3264 3267 3265
f 3268 3271 3278
f 3278 3271 3279
f 3274 3273 3275
f 3275 3273 3272
f 3283 3282 3290
f 3290 3282 3291
f 3286 3285 3287
f 3287 3285 3284
f 3218 3234 3219
f 3219 3234 3236
f 3295 3298 3237
f 3237 3298 3238
f 3216 3296 3243
f 3243 3296 3241
f 3242 3299 3232
f 3232 3299 3292
f 3223 3222 3247
f 3247 3222 3255
f 3244 3302 3245
f 3245 3302 3304
f 3303 3249 3220
f 3220 3249 3253
f 3297 3251 3299
f 3299 3251 3250
f 3215 3214 3260
f 3260 3214 3258
f 3301 3262 3302
f 3302 3262 3261
f 3212 3307 3267
f 3267 3307 3265
f 3266 3309 3256
f 3256 3309 3305
f 3271 3231 3279
f 3279 3231 3230
f 3268 3312 3269
f 3269 3312 3314
f 3228 3313 3274
f 3274 3313 3273
f 3308 3276 3309
f 3309 3276 3275
f 3282 3227 3291
f 3291 3227 3226
f 3317 3319 3283
f 3283 3319 3280
f 3224 3318 3286
f 3286 3318 3285
f 3312 3311 3287
f 3311 3288 3287
f 3320 3321 3194
f 3194 3321 3193
f 1375 3321 1121
f 1121 3321 3322
f 3323 3324 3322
f 3322 3324 3192
f 3175 1124 3176
f 3176 1124 1123
f 3179 3195 3180
f 3180 3195 3196
f 3181 1131 3182
f 3182 1131 1130
f 3207 3185 3186
f 3186 3185 3187
f 1136 3188 1133
f 1133 3188 3187
f 3190 3188 1137
f 1137 3188 1136
f 3193 1159 3175
f 3175 1159 1124
f 3179 1128 3181
f 3181 1128 1131
f 1533 3198 1123
f 1123 3198 3176
f 3321 1375 3193
f 3193 1375 1159
f 3321 3320 3322
f 3322 3320 3323
f 1122 1121 3192
f 3192 1121 3322
f 3194 3210 3320
f 3320 3210 3325
f 3324 3323 3327
f 3327 3323 3326
f 3320 3325 3323
f 3323 3325 3326
f 3208 3328 3205
f 3205 3328 3329
f 3330 3206 3329
f 3329 3206 3205
f 3203 3331 3204
f 3204 3331 3332
f 3210 3333 3325
f 3325 3333 3334
f 3325 3334 3326
f 3326 3334 3335
f 3327 3326 3336
f 3336 3326 3335
f 3327 3209 3324
f 3324 3209 3191
f 3190 3192 3191
f 3191 3192 3324
f 3338 3339 3337
f 3337 3339 3340
f 3338 3341 3339
f 3339 3341 3342
f 3341 3343 3342
f 3342 3343 3344
f 3343 3345 3344
f 3344 3345 3346
f 3345 3347 3346
f 3346 3347 3348
f 3347 3349 3348
f 3348 3349 3350
f 3337 3340 3351
f 3351 3340 3352
f 3351 3352 3353
f 3353 3352 3354
f 3353 3354 3355
f 3355 3354 3356
f 3350 3349 3357
f 3357 3349 3358
f 3355 3356 3359
f 3359 3356 3360
f 3359 3360 3361
f 3361 3360 3362
f 3361 3362 3363
f 3363 3362 3364
f 3363 3364 3358
f 3358 3364 3357
f 3339 3342 3365
f 3365 3342 3366
f 3342 3344 3366
f 3366 3344 3367
f 3344 3346 3367
f 3367 3346 3368
f 3346 3348 3368
f 3368 3348 3369
f 3348 3350 3369
f 3369 3350 3370
f 3368 3369 3371
f 3371 3369 3372
f 3369 3370 3372
f 3372 3370 3373
f 3373 3374 3372
f 3372 3374 3375
f 3377 3378 3376
f 3376 3378 3379
f 3377 3375 3378
f 3378 3375 3374
f 3375 3380 3372
f 3372 3380 3371
f 3377 3381 3375
f 3375 3381 3380
f 3376 3382 3377
f 3377 3382 3381
f 3384 3385 3383
f 3383 3385 3386
f 3384 3383 3388
f 3388 3383 3387
f 3388 3387 3389
f 3389 3387 3390
f 3392 3385 3391
f 3391 3385 3384
f 3388 3393 3384
f 3384 3393 3391
f 3389 3394 3388
f 3388 3394 3393
f 3389 3395 3394
f 3394 3395 3396
f 3395 3389 3397
f 3397 3389 3390
f 3339 3365 3340
f 3340 3365 3398
f 3340 3398 3352
f 3352 3398 3399
f 3371 3400 3368
f 3368 3400 3367
f 3400 3401 3367
f 3367 3401 3366
f 3366 3401 3365
f 3365 3401 3402
f 3398 3365 3403
f 3403 3365 3402
f 3398 3403 3399
f 3399 3403 3404
f 3403 3405 3404
f 3404 3405 3406
f 3352 3399 3354
f 3354 3399 3407
f 3399 3404 3407
f 3407 3404 3408
f 3404 3406 3408
f 3408 3406 3409
f 3405 3410 3406
f 3406 3410 3411
f 3410 3412 3411
f 3411 3412 3413
f 3397 3414 3395
f 3395 3414 3415
f 3417 3415 3416
f 3416 3415 3412
f 3410 3418 3412
f 3412 3418 3416
f 3410 3405 3418
f 3418 3405 3419
f 3405 3403 3419
f 3419 3403 3402
f 3370 3350 3420
f 3420 3350 3357
f 3373 3370 3421
f 3421 3370 3420
f 3374 3373 3422
f 3422 3373 3421
f 3378 3374 3423
f 3423 3374 3422
f 3378 3423 3379
f 3379 3423 3424
f 3424 3425 3379
f 3379 3425 3386
f 3383 3426 3387
f 3387 3426 3427
f 3387 3427 3390
f 3390 3427 3428
f 3390 3428 3397
f 3397 3428 3429
f 3429 3430 3397
f 3397 3430 3414
f 3411 3413 3431
f 3431 3413 3432
f 3406 3411 3409
f 3409 3411 3431
f 3401 3400 3335
f 3335 3400 3336
f 3401 3335 3402
f 3402 3335 3334
f 3402 3334 3419
f 3419 3334 3333
f 3419 3333 3418
f 3418 3333 3433
f 3418 3433 3416
f 3416 3433 3434
f 3435 3417 3434
f 3434 3417 3416
f 3394 3396 3436
f 3436 3396 3437
f 3393 3394 3332
f 3332 3394 3436
f 3393 3332 3391
f 3391 3332 3331
f 3330 3392 3331
f 3331 3392 3391
f 3382 3329 3381
f 3381 3329 3328
f 3354 3407 3356
f 3356 3407 3438
f 3356 3438 3360
f 3360 3438 3439
f 3360 3439 3362
f 3362 3439 3440
f 3362 3440 3364
f 3364 3440 3441
f 3364 3441 3357
f 3357 3441 3420
f 3421 3420 3442
f 3442 3420 3441
f 3442 3441 3443
f 3443 3441 3440
f 3443 3440 3444
f 3444 3440 3439
f 3444 3439 3445
f 3445 3439 3438
f 3445 3438 3408
f 3408 3438 3407
f 3422 3421 3446
f 3446 3421 3442
f 3446 3442 3447
f 3447 3442 3443
f 3447 3443 3448
f 3448 3443 3444
f 3448 3444 3449
f 3449 3444 3445
f 3449 3445 3409
f 3409 3445 3408
f 3409 3431 3449
f 3449 3431 3450
f 3449 3450 3448
f 3448 3450 3451
f 3451 3452 3448
f 3448 3452 3447
f 3447 3452 3446
f 3446 3452 3453
f 3446 3453 3422
f 3422 3453 3423
f 3424 3423 3454
f 3454 3423 3453
f 3452 3455 3453
f 3453 3455 3454
f 3452 3451 3455
f 3455 3451 3456
f 3450 3457 3451
f 3451 3457 3456
f 3431 3432 3450
f 3450 3432 3457
f 3454 3458 3424
f 3424 3458 3425
f 3427 3426 3459
f 3459 3426 3460
f 3428 3427 3461
f 3461 3427 3459
f 3428 3461 3429
f 3429 3461 3462
f 3462 3463 3429
f 3429 3463 3430
f 3464 3465 3462
f 3462 3465 3463
f 3455 3466 3454
f 3454 3466 3458
f 3465 3464 3466
f 3466 3464 3467
f 3461 3459 3468
f 3468 3459 3469
f 3468 3469 3464
f 3464 3469 3467
f 3464 3462 3468
f 3468 3462 3461
f 3459 3460 3469
f 3469 3460 3467
f 3295 3351 3298
f 3298 3351 3353
f 3353 3355 3298
f 3298 3355 3297
f 3297 3355 3301
f 3301 3355 3359
f 3301 3359 3308
f 3308 3359 3361
f 3308 3361 3311
f 3311 3361 3363
f 3311 3363 3316
f 3316 3363 3358
f 3316 3358 3317
f 3317 3358 3349
f 3349 3347 3317
f 3317 3347 3319
f 3347 3345 3319
f 3319 3345 3314
f 3345 3343 3314
f 3314 3343 3305
f 3343 3341 3305
f 3305 3341 3304
f 3304 3341 3292
f 3292 3341 3338
f 3292 3338 3293
f 3293 3338 3337
f 3293 3337 3295
f 3295 3337 3351
f 3437 3202 3436
f 3436 3202 3201
f 3436 3201 3332
f 3332 3201 3204
f 3433 3200 3434
f 3434 3200 3199
f 3211 3435 3199
f 3199 3435 3434
f 3333 3210 3433
f 3433 3210 3200
f 3380 3470 3371
f 3400 3371 3336
f 3336 3371 3470
f 3381 3328 3380
f 3380 3328 3470
f 3470 3328 3209
f 3209 3328 3208
f 3336 3470 3327
f 3327 3470 3209
f 1545 1763 1546
f 1546 1763 1762
f 1403 1546 773
f 773 1546 770
f 1221 3013 1220
f 1220 3013 3471
f 1305 2877 1306
f 1306 2877 2879
f 1220 3471 828
f 828 3471 829
f 1217 1754 3472
f 3472 1754 1756
f 1049 3473 1048
f 1048 3473 3474
f 1371 1179 3473
f 3473 1179 3474
f 1074 3475 1179
f 1179 3475 3474
f 3474 3475 1048
f 1048 3475 1056
f 919 666 1345
f 1345 666 665
f 856 680 919
f 919 680 666
f 679 680 1449
f 1449 680 858
f 1367 878 1500
f 1500 878 877
f 1366 908 1367
f 1367 908 878
f 1512 916 1513
f 1513 916 915
f 947 1368 948
f 948 1368 1369
f 1047 1021 1044
f 1044 1021 1020
f 1370 1049 1019
f 1019 1049 1020
f 1173 1030 1174
f 1174 1030 1033
f 3126 1188 1464
f 1464 1188 1187
f 1800 1451 1512
f 1512 1451 916
f 1175 1174 1186
f 1186 1174 1187
f 1030 1173 1047
f 1047 1173 1021
f 1513 915 3476
f 3476 915 1481
f 1345 665 3477
f 3477 665 1483
f 1502 1501 876
f 876 1501 877
f 1205 1451 1803
f 1803 1451 1802
f 3479 2832 3478
f 3478 2832 2831
f 1449 858 2927
f 2927 858 2922
f 908 1366 947
f 947 1366 1368
f 949 948 3126
f 3126 948 1188
f 3480 3135 1502
f 1502 3135 1501
f 2927 2922 3157
f 3157 2922 3152
f 3477 1483 3479
f 3479 1483 2832
f 1803 1802 3151
f 3151 1802 3152
f 663 658 664
f 664 658 657
f 655 658 939
f 939 658 706
f 1512 870 1800
f 1800 870 869
f 875 874 876
f 876 874 873
f 849 874 905
f 905 874 958
f 949 962 946
f 946 962 961
f 978 3126 979
f 979 3126 1464
f 1031 1168 1032
f 1032 1168 1022
f 1045 1013 1046
f 1046 1013 1012
f 1045 1044 1056
f 1056 1044 1048
f 1047 1046 1030
f 1030 1046 1031
f 939 706 940
f 940 706 1450
f 979 1464 1032
f 1032 1464 1033
f 3480 1478 3476
f 3476 1478 3134
f 2829 1487 2830
f 2830 1487 1486
f 848 1230 873
f 873 1230 1479
f 867 870 933
f 933 870 1514
f 1800 869 1801
f 1801 869 1799
f 2830 1486 1325
f 1325 1486 2833
f 940 1450 2925
f 2925 1450 2928
f 946 961 907
f 907 961 958
f 959 962 977
f 977 962 978
f 3476 3134 1513
f 1513 3134 1514
f 2925 2928 3155
f 3155 2928 3158
f 1325 2833 656
f 656 2833 657
f 1801 1799 3157
f 3157 1799 3158
f 1074 1055 3475
f 3475 1055 1056
f 1371 3473 1370
f 1370 3473 1049
f 2884 615 3481
f 3481 615 618
f 3478 2831 2846
f 2846 2831 617
f 2831 1484 617
f 617 1484 618
f 1484 1487 618
f 618 1487 3481
f 2848 3481 2829
f 2829 3481 1487
f 1480 1517 1161
f 1161 1517 1162
f 3129 1323 1455
f 1455 1323 1322
f 3129 3134 1323
f 1323 3134 1478
f 1535 3173 1515
f 1515 3173 1516
f 3085 3095 3137
f 3137 3095 3094
f 3137 3094 3138
f 3138 3094 3104
f 3117 3139 3105
f 3105 3139 3106
f 1138 1141 3127
f 3127 1141 3128
f 3081 3131 1264
f 1264 3131 3130
f 1227 1226 3132
f 3132 1226 3133
f 1264 3130 1229
f 1229 3130 1322
f 1160 1501 1161
f 1161 1501 3135
f 1141 1476 3128
f 3128 1476 3136
f 1226 1163 3133
f 3133 1163 1162
f 1363 1138 1515
f 1515 1138 3127
f 3084 3095 3081
f 3081 3095 3131
f 3089 884 3105
f 3105 884 3140
f 884 883 3140
f 3140 883 3141
f 883 3482 3141
f 3141 3482 3142
f 3476 1481 3480
f 3480 1481 3135
f 1502 1479 3480
f 3480 1479 1478
f 3168 463 440
f 714 1880 715
f 715 1880 2905
f 896 732 2970
f 2970 732 731
f 1263 834 3082
f 3082 834 833
f 898 1231 853
f 853 1231 854
f 3125 890 2931
f 2931 890 889
f 1237 893 2851
f 2851 893 892
f 898 853 899
f 899 853 963
f 988 987 989
f 989 987 986
f 1002 1007 1003
f 1003 1007 1006
f 1038 1036 1007
f 1007 1036 1004
f 1070 1052 1005
f 1005 1052 1006
f 1069 1067 1070
f 1070 1067 1052
f 1130 1129 1134
f 1134 1129 1135
f 879 1167 880
f 880 1167 1166
f 1171 1169 1037
f 1037 1169 1038
f 1085 1180 1069
f 1069 1180 1067
f 1209 1210 879
f 879 1210 1167
f 2885 1215 1754
f 1754 1215 1214
f 1263 855 834
f 834 855 854
f 708 1244 1826
f 1826 1244 1243
f 2909 894 1254
f 1254 894 893
f 1228 1361 964
f 964 1361 1360
f 2908 2907 1436
f 1436 2907 1437
f 2990 1440 2991
f 2991 1440 1439
f 964 1360 965
f 965 1360 1454
f 950 1457 951
f 951 1457 1456
f 970 1463 971
f 971 1463 1462
f 1025 1169 984
f 984 1169 986
f 1084 1097 1469
f 1469 1097 1470
f 1096 1115 1474
f 1474 1115 1475
f 1140 1361 1141
f 1141 1361 1476
f 1212 1495 2828
f 2828 1495 1494
f 880 1166 1452
f 1452 1166 1499
f 715 2905 1504
f 1504 2905 2906
f 954 1519 955
f 955 1519 1518
f 1026 1520 992
f 992 1520 1518
f 1029 1520 1043
f 1043 1520 1521
f 997 1522 1040
f 1040 1522 1521
f 1015 1522 1016
f 1016 1522 1523
f 1523 996 1524
f 1524 996 1062
f 1057 1060 1525
f 1525 1060 1524
f 1094 1528 1082
f 1082 1528 1527
f 1526 1528 1089
f 1089 1528 1529
f 1090 1531 1108
f 1108 1531 1530
f 1125 1533 1126
f 1126 1533 1532
f 3483 1755 727
f 727 1755 1214
f 735 1814 707
f 707 1814 1813
f 2891 1834 1246
f 1246 1834 1243
f 2904 1881 1847
f 1847 1881 1848
f 1852 1855 1853
f 1853 1855 1858
f 1902 2903 1877
f 1877 2903 1878
f 2903 2904 1878
f 1878 2904 1847
f 714 713 1848
f 1848 713 1849
f 1440 2990 1883
f 1883 2990 2989
f 1883 2989 1852
f 1852 2989 1855
f 2895 1888 2892
f 2892 1888 1887
f 774 777 1877
f 1877 777 1903
f 1251 2835 1252
f 1252 2835 2834
f 1213 2844 1212
f 1212 2844 1495
f 2851 892 1213
f 1213 892 2844
f 3123 2911 3124
f 3124 2911 2910
f 887 2929 888
f 888 2929 889
f 1435 2963 1436
f 1436 2963 2961
f 1253 1438 1254
f 1254 1438 1437
f 2970 731 735
f 735 731 1814
f 733 732 2885
f 2885 732 1215
f 2901 2902 2976
f 2976 2902 2977
f 2975 2982 2976
f 2976 2982 2979
f 2899 2900 2981
f 2981 2900 2979
f 2899 2981 2898
f 2898 2981 2983
f 2986 2985 2984
f 2984 2985 2983
f 2897 2985 2896
f 2896 2985 2988
f 2991 1439 2987
f 2987 1439 2988
f 777 2978 1903
f 1903 2978 2977
f 1885 1888 1858
f 1858 1888 1853
f 3090 3088 836
f 836 3088 833
f 3083 3088 3097
f 3097 3088 3096
f 3097 3096 3104
f 3104 3096 3106
f 3111 3116 3108
f 3108 3116 3109
f 3112 3111 3114
f 3114 3111 3108
f 3113 3122 3114
f 3114 3122 3115
f 891 890 2837
f 2837 890 2834
f 951 1456 954
f 954 1456 1519
f 967 1457 936
f 936 1457 1454
f 971 1462 902
f 902 1462 963
f 1461 1463 988
f 988 1463 987
f 1466 1468 1474
f 1474 1468 1470
f 1089 1529 1090
f 1090 1529 1531
f 1184 1181 1469
f 1469 1181 1180
f 1082 1527 1061
f 1061 1527 1525
f 1129 1473 1135
f 1135 1473 1475
f 1108 1530 1105
f 1105 1530 1532
f 1452 1499 3132
f 3132 1499 3136
f 3109 3116 3139
f 3139 3116 3138
f 2912 2911 887
f 887 2911 2929
f 2836 2835 1497
f 1497 2835 1494
f 2913 3102 2910
f 2910 3102 3115
f 1133 3187 1134
f 1134 3187 3185
f 3177 3176 3197
f 3197 3176 3198
f 3203 3183 3206
f 3206 3183 3207
f 3196 3202 3197
f 3197 3202 3211
f 3183 3182 3207
f 3207 3182 3185
f 1125 3180 1533
f 1533 3180 3198
f 3331 3203 3330
f 3330 3203 3206
f 3376 3379 3385
f 3385 3379 3386
f 3382 3376 3392
f 3392 3376 3385
f 3412 3415 3413
f 3413 3415 3414
f 3417 3396 3415
f 3415 3396 3395
f 3383 3386 3426
f 3426 3386 3425
f 3413 3414 3432
f 3432 3414 3430
f 3437 3396 3435
f 3435 3396 3417
f 3329 3382 3330
f 3330 3382 3392
f 3426 3425 3460
f 3460 3425 3458
f 3432 3430 3457
f 3457 3430 3463
f 3457 3463 3456
f 3456 3463 3465
f 3460 3458 3467
f 3467 3458 3466
f 3466 3455 3465
f 3465 3455 3456
f 3202 3437 3211
f 3211 3437 3435
f 3104 3106 3138
f 3138 3106 3139
f 3132 3136 1227
f 1227 3136 1476
f 943 687 600
f 600 687 601
f 596 625 667
f 667 625 1297
f 687 686 601
f 601 686 653
f 1319 784 711
f 711 784 712
f 1811 607 783
f 783 607 712
f 862 921 917
f 917 921 920
f 3478 925 3479
f 3479 925 924
f 2846 926 3478
f 3478 926 925
f 659 662 929
f 929 662 930
f 856 921 857
f 857 921 1204
f 1206 864 1207
f 1207 864 863
f 2876 1219 2877
f 2877 1219 1218
f 667 1297 593
f 593 1297 1296
f 917 920 1333
f 1333 920 1346
f 686 693 653
f 653 693 930
f 1277 913 1498
f 1498 913 1207
f 592 1536 610
f 610 1536 711
f 864 1206 1805
f 1805 1206 1804
f 1317 1536 1900
f 1900 1536 1809
f 1900 1809 1295
f 1295 1809 1296
f 3479 924 3477
f 3477 924 2824
f 927 926 1203
f 1203 926 2847
f 3484 2859 3032
f 3032 2859 3033
f 3472 2878 1217
f 1217 2878 1218
f 2889 2888 2880
f 2880 2888 2881
f 2886 2883 2887
f 2887 2883 2882
f 929 928 2847
f 2847 928 1203
f 857 1204 2921
f 2921 1204 2926
f 1820 1819 2882
f 2882 1819 2881
f 1821 2883 2876
f 2876 2883 1219
f 782 2889 783
f 783 2889 2880
f 1352 3034 1353
f 1353 3034 3033
f 3031 3034 3041
f 3041 3034 3043
f 944 943 3043
f 3043 943 600
f 1339 3145 1498
f 1498 3145 3143
f 1208 882 3148
f 3148 882 3143
f 2921 2926 3151
f 3151 2926 3156
f 3477 2824 1345
f 1345 2824 1346
f 1805 1804 3154
f 3154 1804 3156
f 886 3103 883
f 883 3103 3482
f 841 1248 3485
f 3485 1248 3121
f 2811 2819 2812
f 2812 2819 2816
f 2818 2815 2817
f 2817 2815 2806
f 2817 2816 2818
f 2818 2816 2819
f 2793 2795 2819
f 2819 2795 2818
f 243 352 2793
f 2793 352 2795
f 242 353 243
f 243 353 352
f 359 191 242
f 242 191 353
f 247 192 359
f 359 192 191
f 157 193 247
f 247 193 192
f 156 194 157
f 157 194 193
f 378 261 156
f 156 261 194
f 378 381 261
f 261 381 195
f 195 381 196
f 196 381 376
f 196 376 198
f 198 376 375
f 375 1776 198
f 198 1776 197
f 1776 1767 197
f 197 1767 274
f 181 274 199
f 199 274 1767
f 568 566 564
f 564 566 563
f 568 569 566
f 566 569 567
f 501 1773 1771
f 1771 1773 578
f 547 579 1773
f 1773 579 578
f 3486 470 474
f 474 470 469
f 450 582 3487
f 3487 582 3488
f 582 583 3488
f 3488 583 3489
f 583 584 3489
f 3489 584 3490
f 3490 584 3491
f 3491 584 543
f 470 3486 466
f 466 3486 467
f 3489 3490 503
f 503 3490 504
f 503 3492 3489
f 3489 3492 3488
f 3492 503 3493
f 3493 503 502
f 3495 3492 3494
f 3494 3492 3493
f 3487 3488 3495
f 3495 3488 3492
f 468 1774 465
f 465 1774 570
f 3494 3493 1775
f 1775 3493 1771
f 3490 3491 504
f 504 3491 1772
f 3491 543 1772
f 1772 543 548
f 450 3487 474
f 474 3487 3486
f 3495 467 3487
f 3487 467 3486
f 3494 468 3495
f 3495 468 467
f 468 3494 1774
f 1774 3494 1775
f 501 1771 502
f 502 1771 3493
f 527 366 384
f 384 366 365
f 522 524 527
f 527 524 366
f 521 534 522
f 522 534 524
f 530 535 521
f 521 535 534
f 508 486 513
f 513 486 532
f 513 532 541
f 541 532 535
f 667 668 596
f 596 668 597
f 1294 1297 624
f 624 1297 625
f 603 641 604
f 604 641 640
f 1290 1293 650
f 650 1293 651
f 1758 691 660
f 660 691 661
f 602 671 599
f 599 671 670
f 654 662 690
f 690 662 661
f 2856 598 695
f 695 598 597
f 602 654 671
f 671 654 690
f 604 640 676
f 676 640 704
f 1826 1829 708
f 708 1829 709
f 1288 1284 740
f 740 1284 741
f 755 754 758
f 758 754 759
f 2853 2856 932
f 932 2856 695
f 689 691 1192
f 1192 691 1193
f 784 1319 1240
f 1240 1319 1241
f 1813 1816 1244
f 1244 1816 1245
f 754 1288 759
f 759 1288 740
f 1894 1242 1318
f 1318 1242 1241
f 2867 1348 1418
f 1418 1348 1347
f 676 704 673
f 673 704 1347
f 1284 1287 741
f 741 1287 1419
f 1421 1426 1422
f 1422 1426 1425
f 1758 660 615
f 615 660 616
f 1192 1191 1421
f 1421 1191 1426
f 2962 1839 1504
f 1504 1839 1505
f 941 1194 1759
f 1759 1194 1193
f 1287 1537 1419
f 1419 1537 1760
f 1882 2893 1823
f 1823 2893 1824
f 1886 1891 1827
f 1827 1891 1828
f 1887 1886 1834
f 1834 1886 1827
f 1841 716 1838
f 1838 716 1505
f 782 784 1850
f 1850 784 1240
f 1239 1242 1863
f 1863 1242 1864
f 1242 1894 1864
f 1864 1894 1873
f 1822 1239 1823
f 1823 1239 1863
f 1318 1317 1895
f 1895 1317 1900
f 1894 1896 1873
f 1873 1896 1897
f 1291 1896 1292
f 1292 1896 1895
f 605 1898 606
f 606 1898 1897
f 1258 1257 2854
f 2854 1257 2855
f 1257 1351 2855
f 2855 1351 2857
f 1351 1353 2857
f 2857 1353 2858
f 1353 3033 2858
f 2858 3033 2859
f 2860 2861 3036
f 3036 2861 3037
f 2862 2863 2870
f 2870 2863 3039
f 2870 2869 2862
f 2862 2869 2864
f 2868 2865 2869
f 2869 2865 2864
f 1764 2866 2868
f 2868 2866 2865
f 1537 1199 1760
f 1760 1199 1348
f 615 2884 1758
f 1758 2884 1759
f 1825 1246 2890
f 2890 1246 1245
f 2893 2892 1824
f 1824 2892 2891
f 761 2960 758
f 758 2960 2906
f 3000 2943 2940
f 2940 2943 2941
f 2968 710 2950
f 2950 710 709
f 1764 1423 2866
f 2866 1423 2953
f 1423 645 2953
f 2953 645 2954
f 645 644 2954
f 2954 644 2955
f 644 738 2955
f 2955 738 2956
f 738 764 2956
f 2956 764 2957
f 764 763 2957
f 2957 763 2958
f 763 2908 2958
f 2958 2908 2959
f 2908 1436 2959
f 2959 1436 2961
f 1837 2964 1435
f 1435 2964 2963
f 1837 2937 2964
f 2964 2937 2965
f 2936 2968 2966
f 2966 2968 2950
f 1840 2942 1838
f 1838 2942 2941
f 2939 2949 2940
f 2940 2949 3006
f 2939 2942 2966
f 2966 2942 2965
f 1822 1825 1850
f 1850 1825 2890
f 1891 3005 1828
f 1828 3005 3006
f 3035 3038 3045
f 3045 3038 3042
f 3045 3044 3035
f 3035 3044 3040
f 669 1422 3045
f 3045 1422 3044
f 599 670 3041
f 3041 670 3042
f 931 3067 932
f 932 3067 3065
f 2853 3066 2854
f 2854 3066 3076
f 3067 3496 3065
f 3065 3496 3497
f 3066 3498 3076
f 3076 3498 3499
f 707 1813 708
f 708 1813 1244
f 2960 2962 2906
f 2906 2962 1504
f 2892 1887 2891
f 2891 1887 1834
f 1839 2962 2963
f 2963 2962 2961
f 595 626 596
f 596 626 625
f 623 626 3484
f 3484 626 2859
f 1291 1290 606
f 606 1290 603
f 1290 650 603
f 603 650 641
f 641 650 642
f 642 650 649
f 2860 2863 649
f 649 2863 642
f 3036 3039 2860
f 2860 3039 2863
f 3035 3040 3036
f 3036 3040 3039
f 1294 1293 1295
f 1295 1293 1292
f 624 651 1294
f 1294 651 1293
f 623 652 624
f 624 652 651
f 3484 2861 623
f 623 2861 652
f 3032 3037 3484
f 3484 3037 2861
f 3031 3038 3032
f 3032 3038 3037
f 3481 2848 2884
f 2884 2848 942
f 2846 617 1427
f 1427 617 616
f 3049 3167 3048
f 3048 3167 3500
f 1906 3048 3070
f 3070 3048 3500
f 1337 1768 3501
f 3501 1768 3502
f 3020 3503 3021
f 3021 3503 3024
f 2914 3023 3020
f 3020 3023 3503
f 859 1770 860
f 860 1770 3504
f 1336 3505 1768
f 1768 3505 3502
f 3065 3497 3066
f 3066 3497 3498
f 2814 3075 3067
f 3067 3075 3496
f 2839 3174 766
f 766 3174 3017
f 1337 3501 1338
f 1338 3501 1769
f 767 3018 3026
f 3026 3018 3506
f 3076 3499 3064
f 3064 3499 3507
f 727 730 3483
f 3483 730 3030
f 3064 3507 2871
f 2871 3507 3077
f 3100 3160 1786
f 1786 3160 1784
f 3026 3506 752
f 752 3506 3015
f 860 3504 2923
f 2923 3504 3508
f 753 3016 3027
f 3027 3016 3509
f 3027 3509 3008
f 3008 3509 3028
f 1782 1785 1783
f 1783 1785 3022
f 2923 3508 3153
f 3153 3508 3161
f 3148 3149 1208
f 1208 3149 3150
f 1335 1328 3510
f 3510 1328 1327
f 1336 1335 3505
f 3505 1335 3510
f 866 3511 1340
f 1340 3511 3146
f 865 1808 866
f 866 1808 3511
f 842 841 3159
f 3159 841 3485
f 2849 3512 1329
f 1329 3512 1326
f 1202 1331 2849
f 2849 1331 3512
f 3514 3515 3513
f 3513 3515 3516
f 3518 3516 3517
f 3517 3516 3515
f 3519 3520 3514
f 3514 3520 3515
f 3522 3523 3521
f 3521 3523 3524
f 3526 3527 3525
f 3525 3527 3528
f 3530 3531 3529
f 3529 3531 3532
f 3534 3535 3533
f 3533 3535 3536
f 3529 3532 3537
f 3537 3532 3538
f 3537 3539 3529
f 3529 3539 3540
f 3542 3543 3541
f 3541 3543 3544
f 3546 3547 3545
f 3545 3547 3548
f 3550 3534 3549
f 3549 3534 3533
f 3550 3543 3551
f 3551 3543 3552
f 3537 3545 3539
f 3539 3545 3548
f 3553 3554 3556
f 3556 3554 3555
f 3537 3557 3545
f 3545 3557 3546
f 3558 3559 3561
f 3561 3559 3560
f 3563 3564 3562
f 3562 3564 3565
f 3564 3563 3566
f 3566 3563 3567
f 3569 3570 3568
f 3568 3570 3571
f 3573 3574 3572
f 3572 3574 3575
f 3577 3578 3576
f 3576 3578 3579
f 3581 3582 3580
f 3580 3582 3583
f 3585 3586 3584
f 3584 3586 3579
f 3586 3587 3579
f 3579 3587 3576
f 3589 3590 3588
f 3588 3590 3591
f 3592 3593 3595
f 3595 3593 3594
f 3597 3598 3596
f 3596 3598 3595
f 3583 3600 3599
f 3599 3600 3601
f 3603 3599 3602
f 3602 3599 3601
f 3605 3606 3604
f 3604 3606 3607
f 3608 3555 3596
f 3596 3555 3554
f 3597 3610 3609
f 3609 3610 3565
f 3564 3611 3565
f 3565 3611 3609
f 3611 3564 3612
f 3612 3564 3566
f 3613 3614 3569
f 3569 3614 3570
f 3615 3616 3573
f 3573 3616 3574
f 3517 3617 3518
f 3518 3617 3618
f 3620 3621 3619
f 3619 3621 3622
f 3624 3625 3623
f 3623 3625 3626
f 3628 3629 3627
f 3627 3629 3630
f 3632 3633 3631
f 3631 3633 3634
f 3636 3637 3635
f 3635 3637 3638
f 3640 3641 3639
f 3639 3641 3642
f 3643 3644 3639
f 3639 3644 3640
f 3646 3513 3645
f 3645 3513 3647
f 3648 3514 3646
f 3646 3514 3513
f 3649 3519 3648
f 3648 3519 3514
f 3650 3651 3527
f 3527 3651 3652
f 3654 3651 3653
f 3653 3651 3650
f 3568 3571 3655
f 3655 3571 3656
f 3657 3658 3653
f 3653 3658 3659
f 3661 3662 3660
f 3660 3662 3658
f 3664 3665 3663
f 3663 3665 3666
f 3667 3657 3650
f 3650 3657 3653
f 3669 3523 3668
f 3668 3523 3670
f 3672 3673 3671
f 3671 3673 3674
f 3676 3677 3675
f 3675 3677 3678
f 3671 3674 3676
f 3676 3674 3677
f 3680 3681 3679
f 3679 3681 3682
f 3683 3684 3680
f 3680 3684 3681
f 3685 3686 3661
f 3661 3686 3662
f 3686 3687 3662
f 3662 3687 3688
f 3684 3683 3689
f 3689 3683 3690
f 3692 3693 3691
f 3691 3693 3694
f 3691 3694 3695
f 3695 3694 3696
f 3698 3699 3697
f 3697 3699 3700
f 3702 3703 3701
f 3701 3703 3704
f 3705 3706 3519
f 3519 3706 3520
f 3673 3672 3707
f 3707 3672 3708
f 3709 3710 3682
f 3682 3710 3679
f 3711 3712 3692
f 3692 3712 3693
f 3714 3715 3713
f 3713 3715 3716
f 3718 3700 3717
f 3717 3700 3699
f 3720 3721 3719
f 3719 3721 3722
f 3724 3725 3723
f 3723 3725 3726
f 3727 3728 3730
f 3730 3728 3729
f 3722 3721 3731
f 3731 3721 3732
f 3697 3700 3733
f 3733 3700 3714
f 3733 3714 3734
f 3734 3714 3713
f 3721 3723 3732
f 3732 3723 3735
f 3720 3736 3724
f 3724 3736 3737
f 3700 3718 3714
f 3714 3718 3715
f 3717 3699 3738
f 3738 3699 3739
f 3536 3740 3533
f 3533 3740 3540
f 3742 3743 3741
f 3741 3743 3744
f 3746 3747 3745
f 3745 3747 3748
f 3750 3751 3749
f 3749 3751 3752
f 3627 3632 3628
f 3628 3632 3631
f 3754 3755 3753
f 3753 3755 3626
f 3562 3565 3756
f 3756 3565 3610
f 3527 3652 3528
f 3528 3652 3757
f 3758 3524 3669
f 3669 3524 3523
f 3582 3598 3583
f 3583 3598 3600
f 3759 3670 3522
f 3522 3670 3523
f 3675 3678 3760
f 3760 3678 3761
f 3762 3763 3690
f 3690 3763 3689
f 3765 3766 3764
f 3764 3766 3767
f 3768 3739 3698
f 3698 3739 3699
f 3726 3725 3770
f 3770 3725 3769
f 3645 3647 3771
f 3771 3647 3772
f 3645 3678 3646
f 3646 3678 3677
f 3646 3677 3648
f 3648 3677 3674
f 3673 3649 3674
f 3674 3649 3648
f 3707 3773 3673
f 3673 3773 3649
f 3775 3776 3774
f 3774 3776 3777
f 3779 3526 3778
f 3778 3526 3525
f 3526 3779 3667
f 3667 3779 3780
f 3780 3781 3667
f 3667 3781 3657
f 3672 3679 3708
f 3708 3679 3710
f 3671 3680 3672
f 3672 3680 3679
f 3676 3683 3671
f 3671 3683 3680
f 3675 3690 3676
f 3676 3690 3683
f 3760 3762 3675
f 3675 3762 3690
f 3682 3681 3783
f 3783 3681 3782
f 3689 3784 3684
f 3684 3784 3785
f 3684 3785 3681
f 3681 3785 3782
f 3786 3709 3783
f 3783 3709 3682
f 3784 3689 3787
f 3787 3689 3763
f 3789 3557 3788
f 3788 3557 3790
f 3792 3793 3791
f 3791 3793 3794
f 3616 3615 3795
f 3795 3615 3796
f 3797 3798 3727
f 3727 3798 3728
f 3800 3801 3799
f 3799 3801 3802
f 3803 3578 3592
f 3592 3578 3593
f 3805 3806 3804
f 3804 3806 3807
f 3599 3603 3585
f 3585 3603 3586
f 3587 3586 3604
f 3604 3586 3603
f 3588 3591 3794
f 3794 3591 3791
f 3581 3803 3582
f 3582 3803 3592
f 3594 3561 3608
f 3608 3561 3790
f 3662 3688 3808
f 3808 3688 3809
f 3665 3664 3810
f 3810 3664 3811
f 3719 3812 3720
f 3720 3812 3736
f 3717 3813 3718
f 3718 3813 3737
f 3723 3721 3724
f 3724 3721 3720
f 3813 3717 3814
f 3814 3717 3738
f 3815 3816 303
f 303 3816 304
f 3818 3819 3817
f 3817 3819 3820
f 3578 3803 3579
f 3579 3803 3584
f 3558 3593 3577
f 3577 3593 3578
f 3822 3823 3821
f 3821 3823 3824
f 3546 3826 3825
f 3825 3826 3827
f 3828 3829 3547
f 3547 3829 3541
f 3831 3542 3830
f 3830 3542 3832
f 3834 3822 3833
f 3833 3822 3821
f 3835 3836 3827
f 3827 3836 3825
f 3800 3799 3828
f 3828 3799 3829
f 3830 3832 3837
f 3837 3832 3838
f 331 330 3551
f 3551 330 3839
f 3831 333 3552
f 3552 333 332
f 3819 3797 3841
f 3841 3797 3840
f 3513 3516 3647
f 3647 3516 3746
f 337 336 3745
f 3745 336 3772
f 3525 3528 3775
f 3775 3528 3749
f 3610 3597 3554
f 3554 3597 3596
f 3706 3702 3520
f 3520 3702 3701
f 3756 3610 3553
f 3553 3610 3554
f 3757 3750 3528
f 3528 3750 3749
f 3517 3515 3701
f 3701 3515 3520
f 3842 3584 3581
f 3581 3584 3803
f 3525 3775 3778
f 3778 3775 3774
f 3638 3843 3635
f 3635 3843 3618
f 3617 3621 3618
f 3618 3621 3635
f 3617 3517 3704
f 3704 3517 3701
f 3521 3624 3522
f 3522 3624 3623
f 3749 3844 3775
f 3775 3844 3776
f 3846 3847 3845
f 3845 3847 3848
f 3843 3747 3618
f 3618 3747 3518
f 3850 3851 3849
f 3849 3851 3748
f 3853 3854 3852
f 3852 3854 3855
f 3856 3857 3622
f 3622 3857 3619
f 3859 3860 3858
f 3858 3860 3861
f 3862 3844 3752
f 3752 3844 3749
f 3863 3759 3623
f 3623 3759 3522
f 3864 3777 3630
f 3630 3777 3776
f 3713 3865 3734
f 3734 3865 3866
f 3868 3869 3867
f 3867 3869 3870
f 3872 3873 3871
f 3871 3873 3874
f 3876 3877 3875
f 3875 3877 3878
f 3879 3880 3878
f 3878 3880 3881
f 3882 3883 3885
f 3885 3883 3884
f 3780 3886 3781
f 3781 3886 3887
f 3888 3685 3869
f 3869 3685 3661
f 3880 3879 3883
f 3883 3879 3884
f 3693 3783 3694
f 3694 3783 3782
f 3696 3785 3764
f 3764 3785 3784
f 3694 3782 3696
f 3696 3782 3785
f 3693 3786 3783
f 3787 3765 3784
f 3784 3765 3764
f 386 385 3765
f 3765 385 3766
f 3695 3889 3691
f 3691 3889 3890
f 3691 3890 3692
f 3692 3890 3891
f 3892 3711 3891
f 3891 3711 3692
f 3767 3893 3695
f 3695 3893 3889
f 3766 3894 3767
f 3767 3894 3893
f 3882 3885 3895
f 3895 3885 3896
f 3898 3698 3897
f 3897 3698 3697
f 3897 3697 3899
f 3899 3697 3733
f 3899 3733 3900
f 3900 3733 3734
f 3901 3768 3898
f 3898 3768 3698
f 3901 3902 3768
f 3768 3902 3903
f 3904 3905 3907
f 3907 3905 3906
f 3869 3661 3870
f 3870 3661 3660
f 3908 3909 3896
f 3896 3909 3895
f 3909 3758 3895
f 3895 3758 3669
f 3751 3531 3752
f 3752 3531 3848
f 3858 3536 3854
f 3854 3536 3535
f 3652 3562 3757
f 3757 3562 3756
f 3651 3654 3563
f 3563 3654 3567
f 3655 3656 3808
f 3808 3656 3659
f 3530 3740 3845
f 3845 3740 3861
f 3751 3750 3556
f 3556 3750 3553
f 3817 3820 3796
f 3796 3820 3795
f 410 409 3910
f 3910 409 3855
f 3750 3757 3553
f 3553 3757 3756
f 3908 3886 3909
f 3909 3886 3780
f 409 411 3855
f 3855 411 3851
f 413 412 3760
f 3760 412 3762
f 415 414 3763
f 3763 414 3787
f 3790 3557 3538
f 3538 3557 3537
f 3555 3608 3538
f 3538 3608 3790
f 3574 3911 3575
f 3575 3911 3912
f 3535 3534 3910
f 3910 3534 3839
f 3831 3552 3542
f 3542 3552 3543
f 3534 3550 3839
f 3839 3550 3551
f 3543 3550 3544
f 3544 3550 3549
f 3913 3914 3916
f 3916 3914 3915
f 3806 3805 3589
f 3589 3805 3590
f 3849 3843 3917
f 3917 3843 3638
f 3853 3644 3859
f 3859 3644 3742
f 3747 3746 3518
f 3518 3746 3516
f 3695 3696 3767
f 3767 3696 3764
f 3903 3918 3768
f 3768 3918 3739
f 3738 3739 3816
f 3816 3739 3918
f 3919 3920 3769
f 3769 3920 3770
f 3921 3726 3922
f 3922 3726 3770
f 3678 3645 3761
f 3761 3645 3771
f 3924 3913 3923
f 3923 3913 3916
f 3802 3925 3838
f 3838 3925 3837
f 3577 3926 3558
f 3558 3926 3559
f 3815 3919 3814
f 3814 3919 3769
f 3927 3928 3822
f 3822 3928 3823
f 3829 3832 3541
f 3541 3832 3542
f 3834 3927 3822
f 3832 3829 3838
f 3838 3829 3799
f 3745 3772 3746
f 3746 3772 3647
f 3849 3748 3843
f 3843 3748 3747
f 3854 3853 3858
f 3858 3853 3859
f 3854 3535 3855
f 3855 3535 3910
f 3557 3789 3546
f 3546 3789 3826
f 3923 3823 3924
f 3924 3823 3928
f 3823 3923 3929
f 3929 3923 3930
f 3531 3751 3532
f 3532 3751 3556
f 3532 3556 3538
f 3538 3556 3555
f 3932 3634 3931
f 3931 3634 3633
f 3814 3769 3813
f 3813 3769 3725
f 3620 3636 3621
f 3621 3636 3635
f 3847 3862 3848
f 3848 3862 3752
f 3531 3530 3848
f 3848 3530 3845
f 3933 3934 3830
f 3830 3934 3831
f 3925 3933 3837
f 3837 3933 3830
f 3934 440 3831
f 3831 440 333
f 3925 3802 3833
f 3833 3802 3801
f 3776 3844 3630
f 3630 3844 3627
f 3808 3659 3662
f 3662 3659 3658
f 3667 3650 3526
f 3526 3650 3527
f 3935 3666 3936
f 3936 3666 3665
f 3718 3737 3715
f 3715 3737 3736
f 3663 3809 3664
f 3664 3809 3688
f 3807 3806 3938
f 3938 3806 3937
f 445 413 3761
f 3761 413 3760
f 3902 447 3903
f 3903 447 446
f 3897 3890 3898
f 3898 3890 3889
f 3899 3891 3897
f 3897 3891 3890
f 3898 3889 3901
f 3901 3889 3893
f 3893 3894 3901
f 3901 3894 3902
f 414 386 3787
f 3787 386 3765
f 3940 3941 3939
f 3939 3941 3942
f 3840 3797 3943
f 3943 3797 3727
f 3665 3810 3936
f 3936 3810 3944
f 3921 3735 3726
f 3726 3735 3723
f 3920 3945 3770
f 3770 3945 3922
f 3521 3524 3774
f 3774 3524 3778
f 3864 3946 3625
f 3625 3946 3947
f 3773 3705 3649
f 3649 3705 3519
f 3779 3778 3758
f 3758 3778 3524
f 3812 3716 3736
f 3736 3716 3715
f 3624 3521 3777
f 3777 3521 3774
f 3703 3856 3704
f 3704 3856 3622
f 3900 3892 3899
f 3899 3892 3891
f 3641 3917 3642
f 3642 3917 3948
f 3895 3669 3882
f 3882 3669 3668
f 3855 3851 3852
f 3852 3851 3850
f 3894 458 3902
f 3902 458 447
f 3781 3887 3660
f 3660 3887 3870
f 3570 3566 3571
f 3571 3566 3567
f 3950 3576 3949
f 3949 3576 3587
f 3605 3602 3614
f 3614 3602 3612
f 3614 3612 3570
f 3570 3612 3566
f 3571 3567 3656
f 3656 3567 3654
f 3660 3658 3781
f 3781 3658 3657
f 3604 3607 3587
f 3587 3607 3949
f 3653 3659 3654
f 3654 3659 3656
f 3529 3540 3530
f 3530 3540 3740
f 3687 3811 3688
f 3688 3811 3664
f 3813 3725 3737
f 3737 3725 3724
f 3919 3815 461
f 461 3815 303
f 3818 3798 3819
f 3819 3798 3797
f 3819 3841 3820
f 3820 3841 3951
f 3816 3815 3738
f 3738 3815 3814
f 3540 3539 3533
f 3533 3539 3549
f 3548 3547 3544
f 3544 3547 3541
f 3539 3548 3549
f 3549 3548 3544
f 3741 3931 3860
f 3860 3931 3846
f 3801 3800 3835
f 3835 3800 3836
f 3934 3933 3824
f 3824 3933 3821
f 3825 3828 3546
f 3546 3828 3547
f 3833 3821 3925
f 3925 3821 3933
f 3800 3828 3836
f 3836 3828 3825
f 3824 3952 3934
f 3934 3952 440
f 3860 3846 3861
f 3861 3846 3845
f 3629 3946 3630
f 3630 3946 3864
f 3740 3536 3861
f 3861 3536 3858
f 3833 3801 3834
f 3834 3801 3835
f 3583 3599 3580
f 3580 3599 3585
f 3651 3563 3652
f 3652 3563 3562
f 3758 3909 3779
f 3779 3909 3780
f 3621 3617 3622
f 3622 3617 3704
f 3625 3947 3626
f 3626 3947 3753
f 3633 3632 3847
f 3847 3632 3862
f 3852 3850 3640
f 3640 3850 3641
f 3644 3853 3640
f 3640 3853 3852
f 3859 3742 3860
f 3860 3742 3741
f 3632 3627 3862
f 3862 3627 3844
f 3755 3863 3626
f 3626 3863 3623
f 3917 3638 3948
f 3948 3638 3637
f 3644 3643 3742
f 3742 3643 3743
f 3931 3633 3846
f 3846 3633 3847
f 3625 3624 3864
f 3864 3624 3777
f 3917 3641 3849
f 3849 3641 3850
f 3744 3932 3741
f 3741 3932 3931
f 3903 446 3918
f 3918 446 464
f 3953 3954 3956
f 3956 3954 3955
f 3958 3959 3957
f 3957 3959 3960
f 3876 3958 3877
f 3877 3958 3957
f 3877 3957 3961
f 3961 3957 3962
f 3963 3964 3958
f 3958 3964 3959
f 3965 3966 3876
f 3876 3966 3958
f 3966 3963 3958
f 3966 3967 3963
f 3963 3967 3968
f 3878 3877 3879
f 3879 3877 3961
f 3967 3969 3968
f 3968 3969 3970
f 3969 3971 3970
f 3970 3971 3972
f 3974 3904 3973
f 3973 3904 3907
f 3971 3975 3972
f 3972 3975 3976
f 3976 3975 3978
f 3978 3975 3977
f 3979 3980 3977
f 3977 3980 3978
f 3981 3982 3979
f 3979 3982 3980
f 3983 3984 3981
f 3981 3984 3982
f 3972 3985 3970
f 3970 3985 3986
f 3871 3987 3969
f 3969 3987 3971
f 3872 3871 3967
f 3967 3871 3969
f 3965 3872 3966
f 3966 3872 3967
f 3970 3986 3968
f 3968 3986 3988
f 3879 3961 3884
f 3884 3961 3940
f 3884 3940 3885
f 3885 3940 3939
f 3989 3990 3992
f 3992 3990 3991
f 3942 3993 3995
f 3995 3993 3994
f 3994 3996 3995
f 3995 3996 3974
f 3997 3998 3994
f 3994 3998 3996
f 3999 3997 3993
f 3993 3997 3994
f 4001 3996 4000
f 4000 3996 3998
f 4000 3998 4002
f 4002 3998 4003
f 4004 4003 3997
f 3997 4003 3998
f 3997 3999 4004
f 4004 3999 4005
f 4006 3995 3973
f 3973 3995 3974
f 3939 3942 4006
f 4006 3942 3995
f 3906 3887 3907
f 3907 3887 3886
f 3887 3906 3870
f 3870 3906 3867
f 3908 3973 3886
f 3886 3973 3907
f 3865 4007 3866
f 3866 4007 4008
f 3984 3983 4009
f 4009 3983 4010
f 3961 3962 3940
f 3940 3962 3941
f 4012 3868 4011
f 4011 3868 3867
f 4013 3975 3987
f 3987 3975 3971
f 4014 3977 4013
f 4013 3977 3975
f 4015 4010 4007
f 4007 4010 3983
f 4007 3983 4008
f 4008 3983 3981
f 4008 3981 4016
f 4016 3981 3979
f 4017 3984 4018
f 4018 3984 4009
f 3977 4014 3979
f 3979 4014 4016
f 3982 3984 4019
f 4019 3984 4017
f 4021 4022 4020
f 4020 4022 4023
f 4022 4012 4023
f 4023 4012 4011
f 4023 3904 4020
f 4020 3904 3974
f 4024 4025 4018
f 4018 4025 4017
f 4026 4027 4024
f 4024 4027 4025
f 4028 4026 4029
f 4029 4026 4024
f 4018 4021 4024
f 4024 4021 4029
f 4030 4031 4026
f 4026 4031 4027
f 4032 4030 4028
f 4028 4030 4026
f 4029 4001 4028
f 4028 4001 4000
f 4028 4000 4032
f 4032 4000 4002
f 4034 4035 4033
f 4033 4035 4036
f 4037 4038 4019
f 4019 4038 4039
f 4041 4039 4040
f 4040 4039 4038
f 4040 4038 4042
f 4042 4038 4036
f 4042 4036 4043
f 4043 4036 4035
f 3985 4044 4046
f 4046 4044 4045
f 4047 4048 4045
f 4045 4048 4046
f 4047 4049 4048
f 4048 4049 4050
f 4042 4047 4040
f 4040 4047 4045
f 4043 4049 4042
f 4042 4049 4047
f 4040 4045 4041
f 4041 4045 4044
f 4052 3959 4051
f 4051 3959 3964
f 4053 4054 4051
f 4051 4054 4055
f 3956 3960 4052
f 4052 3960 3959
f 3953 3956 4056
f 4056 3956 4052
f 4058 3953 4057
f 4057 3953 4056
f 4060 4061 4059
f 4059 4061 4062
f 4063 4064 4054
f 4054 4064 4057
f 4054 4053 4063
f 4063 4053 4065
f 4066 4067 4069
f 4069 4067 4068
f 4048 4050 4063
f 4063 4050 4064
f 4063 4065 4048
f 4048 4065 4046
f 3985 4046 3986
f 3986 4046 4065
f 3986 4065 3988
f 3988 4065 4053
f 3988 4053 3964
f 3964 4053 4051
f 3976 3978 4044
f 4044 3978 4041
f 3980 3982 4039
f 4039 3982 4019
f 4039 4041 3980
f 3980 4041 3978
f 3973 3908 4006
f 4006 3908 3896
f 3885 3939 3896
f 3896 3939 4006
f 4031 4034 4027
f 4027 4034 4033
f 4027 4033 4025
f 4025 4033 4037
f 4019 4017 4037
f 4037 4017 4025
f 3993 3942 4070
f 4070 3942 3941
f 3999 3993 4071
f 4071 3993 4070
f 3999 4071 4005
f 4005 4071 4072
f 4073 4074 4076
f 4076 4074 4075
f 4078 4079 4077
f 4077 4079 4080
f 4082 4080 4081
f 4081 4080 4079
f 4084 4085 4083
f 4083 4085 4086
f 4087 4088 4090
f 4090 4088 4089
f 4092 4093 4091
f 4091 4093 4094
f 4096 4097 4095
f 4095 4097 4098
f 4100 4101 4099
f 4099 4101 4102
f 4103 4104 4106
f 4106 4104 4105
f 4108 4109 4107
f 4107 4109 4110
f 4112 4113 4111
f 4111 4113 4114
f 4116 4117 4115
f 4115 4117 4118
f 4120 4121 4119
f 4119 4121 4122
f 4123 4124 4126
f 4126 4124 4125
f 4127 4128 4130
f 4130 4128 4129
f 4132 4133 4131
f 4131 4133 4134
f 4136 4108 4135
f 4135 4108 4107
f 4138 4139 4137
f 4137 4139 4140
f 4141 4142 4088
f 4088 4142 4089
f 4144 4145 4143
f 4143 4145 4146
f 4148 4149 4147
f 4147 4149 4150
f 4152 4153 4151
f 4151 4153 4154
f 4156 4082 4155
f 4155 4082 4081
f 4157 4158 4160
f 4160 4158 4159
f 4161 4162 4164
f 4164 4162 4163
f 4166 4122 4165
f 4165 4122 4121
f 4168 4152 4167
f 4167 4152 4151
f 4169 4170 4172
f 4172 4170 4171
f 4174 4175 4173
f 4173 4175 4176
f 4178 4149 4177
f 4177 4149 4179
f 4173 4176 4180
f 4180 4176 4181
f 4156 4085 4182
f 4182 4085 4183
f 4182 4184 4156
f 4156 4184 4082
f 4185 4186 4184
f 4184 4186 4187
f 4186 4188 4187
f 4187 4188 4189
f 4190 4191 4073
f 4073 4191 4074
f 4177 4179 4158
f 4158 4179 4159
f 4193 4127 4192
f 4192 4127 4130
f 4144 4194 4151
f 4151 4194 4167
f 4196 4197 4195
f 4195 4197 4198
f 4095 4199 4096
f 4096 4199 4200
f 4201 4202 4204
f 4204 4202 4203
f 4205 4206 4208
f 4208 4206 4207
f 4121 4120 4209
f 4209 4120 4210
f 4212 4213 4211
f 4211 4213 4214
f 4216 4217 4215
f 4215 4217 4218
f 4220 4221 4219
f 4219 4221 4222
f 4224 4196 4223
f 4223 4196 4195
f 4225 4226 4134
f 4134 4226 4131
f 4228 4229 4227
f 4227 4229 4230
f 4232 4233 4231
f 4231 4233 4098
f 4235 4236 4234
f 4234 4236 4237
f 4239 4240 4238
f 4238 4240 4241
f 4242 4243 4245
f 4245 4243 4244
f 4246 4247 4249
f 4249 4247 4248
f 4251 4252 4250
f 4250 4252 4253
f 4255 4256 4254
f 4254 4256 4257
f 4259 4260 4258
f 4258 4260 4261
f 4263 4264 4262
f 4262 4264 4265
f 4267 4268 4266
f 4266 4268 4269
f 4271 4199 4270
f 4270 4199 4272
f 4273 4274 4276
f 4276 4274 4275
f 4115 4118 4277
f 4277 4118 4278
f 4280 4281 4279
f 4279 4281 4282
f 4211 4283 4212
f 4212 4283 4284
f 4286 4287 4285
f 4285 4287 4288
f 4165 4121 4289
f 4289 4121 4209
f 4291 4286 4290
f 4290 4286 4285
f 4293 4294 4292
f 4292 4294 4295
f 4297 4298 4296
f 4296 4298 4299
f 4301 4302 4300
f 4300 4302 4303
f 4299 4304 4296
f 4296 4304 4305
f 4306 4292 4307
f 4307 4292 4295
f 4307 4308 4306
f 4306 4308 4309
f 4310 4309 4075
f 4075 4309 4308
f 4299 4298 4312
f 4312 4298 4311
f 4302 4301 4293
f 4293 4301 4294
f 3735 3921 4313
f 4313 3921 4314
f 4315 4314 3922
f 3922 4314 3921
f 4316 3945 829
f 829 3945 830
f 4289 4317 4165
f 4165 4317 4318
f 4320 4321 4319
f 4319 4321 4322
f 4324 4325 4323
f 4323 4325 4326
f 4327 4328 4330
f 4330 4328 4329
f 4290 4331 4291
f 4291 4331 4332
f 4165 4318 4166
f 4166 4318 4333
f 4334 4335 4337
f 4337 4335 4336
f 4339 4340 4338
f 4338 4340 4341
f 4168 4343 4342
f 4342 4343 4344
f 4346 4347 4345
f 4345 4347 4348
f 4350 4351 4349
f 4349 4351 4352
f 4354 4355 4353
f 4353 4355 4356
f 4357 4358 4324
f 4324 4358 4325
f 4337 4359 4334
f 4334 4359 4360
f 4362 4363 4361
f 4361 4363 4364
f 4366 4367 4365
f 4365 4367 4368
f 4369 4370 4372
f 4372 4370 4371
f 4331 4290 4374
f 4374 4290 4373
f 4373 4376 4375
f 4375 4376 4377
f 4379 4380 4378
f 4378 4380 4381
f 4217 4382 4218
f 4218 4382 4383
f 4385 4386 4384
f 4384 4386 4387
f 4388 4389 4338
f 4338 4389 4390
f 4337 4336 4392
f 4392 4336 4391
f 4394 4362 4393
f 4393 4362 4361
f 4396 4397 4395
f 4395 4397 4398
f 4400 4401 4399
f 4399 4401 4402
f 4345 4403 4346
f 4346 4403 4404
f 4405 4406 4342
f 4342 4406 4407
f 4409 4410 4408
f 4408 4410 4411
f 4408 4412 4409
f 4409 4412 4413
f 4181 4415 4414
f 4414 4415 4416
f 4182 4183 4417
f 4417 4183 4418
f 4419 4353 4311
f 4311 4353 4312
f 4421 4422 4420
f 4420 4422 4423
f 4353 4356 4312
f 4312 4356 4424
f 4166 4333 4425
f 4425 4333 4426
f 4425 4143 4166
f 4166 4143 4122
f 4427 4107 4428
f 4428 4107 4110
f 4429 4430 4174
f 4174 4430 4175
f 4335 4431 4336
f 4336 4431 4390
f 4336 4390 4391
f 4391 4390 4389
f 4432 4433 4435
f 4435 4433 4434
f 4437 4438 4436
f 4436 4438 4439
f 4441 4442 4440
f 4440 4442 4443
f 4359 4444 4361
f 4361 4444 4393
f 4446 4447 4445
f 4445 4447 4448
f 4338 4341 4388
f 4388 4341 4449
f 4450 4451 4398
f 4398 4451 4395
f 4453 4454 4452
f 4452 4454 4455
f 4457 4458 4456
f 4456 4458 4459
f 4460 4461 4448
f 4448 4461 4445
f 4463 4464 4462
f 4462 4464 4465
f 4462 4465 4466
f 4466 4465 4467
f 4468 4469 4467
f 4467 4469 4466
f 4469 4468 4470
f 4470 4468 4471
f 4472 4473 4471
f 4471 4473 4470
f 4475 4476 4474
f 4474 4476 4477
f 4479 4480 4478
f 4478 4480 4481
f 4483 4484 4482
f 4482 4484 4485
f 4487 4488 4486
f 4486 4488 4489
f 4491 4492 4490
f 4490 4492 4493
f 4494 4495 4493
f 4493 4495 4490
f 4496 4497 4494
f 4494 4497 4495
f 4497 4496 4498
f 4498 4496 4499
f 4500 4501 4503
f 4503 4501 4502
f 4505 4506 4504
f 4504 4506 4507
f 4466 4508 4462
f 4462 4508 4509
f 4470 4510 4469
f 4469 4510 4511
f 4513 4479 4512
f 4512 4479 4478
f 4515 4443 4514
f 4514 4443 4442
f 4516 4517 4519
f 4519 4517 4518
f 4521 4495 4520
f 4520 4495 4497
f 4522 4490 4521
f 4521 4490 4495
f 4491 4523 4488
f 4488 4523 4524
f 4525 4489 4524
f 4524 4489 4488
f 4484 4526 4485
f 4485 4526 4527
f 4503 4528 4500
f 4500 4528 4529
f 4530 4531 4533
f 4533 4531 4532
f 4535 4506 4534
f 4534 4506 4530
f 4486 4536 4487
f 4487 4536 4537
f 4487 4537 4492
f 4492 4537 4538
f 4494 4539 4496
f 4496 4539 4540
f 4542 4533 4541
f 4541 4533 4499
f 4544 4545 4543
f 4543 4545 4546
f 4548 4549 4547
f 4547 4549 4550
f 4536 4551 4537
f 4537 4551 4552
f 4537 4552 4538
f 4538 4552 4553
f 4554 4539 4556
f 4556 4539 4555
f 4557 4540 4554
f 4554 4540 4539
f 4559 4557 4558
f 4558 4557 4560
f 4540 4557 4541
f 4541 4557 4559
f 4562 4563 4561
f 4561 4563 4564
f 4546 4565 4543
f 4543 4565 4566
f 4547 4567 4548
f 4548 4567 4568
f 4570 4571 4569
f 4569 4571 4572
f 4574 4575 4573
f 4573 4575 4576
f 4578 4579 4577
f 4577 4579 4580
f 4582 4583 4581
f 4581 4583 4584
f 4585 4586 4588
f 4588 4586 4587
f 4589 4585 4590
f 4590 4585 4588
f 4592 4593 4591
f 4591 4593 4594
f 4596 4597 4595
f 4595 4597 4598
f 4600 4601 4599
f 4599 4601 4602
f 4563 4604 4603
f 4603 4604 4605
f 4603 4606 4608
f 4608 4606 4607
f 4609 4610 4594
f 4594 4610 4591
f 4611 4612 4614
f 4614 4612 4613
f 4616 4617 4615
f 4615 4617 4618
f 4602 4620 4619
f 4619 4620 4621
f 4619 4622 4602
f 4602 4622 4599
f 4605 4599 4623
f 4623 4599 4622
f 4605 4623 4603
f 4603 4623 4606
f 4625 4626 4624
f 4624 4626 4627
f 4438 4437 4628
f 4628 4437 4629
f 4442 4441 4630
f 4630 4441 4631
f 4630 4632 4442
f 4442 4632 4514
f 4633 4634 4529
f 4529 4634 4500
f 4500 4634 4501
f 4501 4634 4635
f 4637 4546 4636
f 4636 4546 4545
f 4639 4565 4638
f 4638 4565 4640
f 4573 4576 4641
f 4641 4576 4642
f 4593 4643 4594
f 4594 4643 4644
f 4645 4609 4644
f 4644 4609 4594
f 4647 4648 4646
f 4646 4648 4649
f 4651 4652 4650
f 4650 4652 4653
f 4654 4498 4519
f 4519 4498 4532
f 4520 4508 4521
f 4521 4508 4511
f 4522 4510 4523
f 4523 4510 4655
f 4524 4656 4525
f 4525 4656 4657
f 4514 4529 4515
f 4515 4529 4528
f 4658 4659 4661
f 4661 4659 4660
f 4496 4540 4499
f 4499 4540 4541
f 4493 4555 4494
f 4494 4555 4539
f 4549 4483 4550
f 4550 4483 4482
f 4545 4544 4501
f 4501 4544 4502
f 4636 4545 4635
f 4635 4545 4501
f 4589 4663 4662
f 4662 4663 4664
f 4662 4665 4558
f 4558 4665 4559
f 4569 4586 4570
f 4570 4586 4560
f 4552 4666 4553
f 4553 4666 4667
f 4668 4669 4670
f 4670 4669 4666
f 4672 4673 4671
f 4671 4673 4674
f 4287 4675 4288
f 4288 4675 4676
f 4678 4679 4677
f 4677 4679 4680
f 4681 4678 4682
f 4682 4678 4677
f 4682 4683 4681
f 4681 4683 4684
f 4161 4164 4685
f 4685 4164 4686
f 4414 4687 4689
f 4689 4687 4688
f 4405 4690 4346
f 4346 4690 4347
f 4691 4399 4693
f 4693 4399 4692
f 1209 4694 4365
f 4365 4694 4366
f 4650 1211 4651
f 4651 1211 1210
f 4695 4696 4255
f 4255 4696 4256
f 4697 4698 4218
f 4218 4698 4215
f 4700 4701 4699
f 4699 4701 4702
f 4703 4704 4303
f 4303 4704 4300
f 4315 3922 4316
f 4316 3922 3945
f 4653 4706 4705
f 4705 4706 4707
f 4709 4710 4708
f 4708 4710 4711
f 4335 4334 4713
f 4713 4334 4712
f 4714 4340 4321
f 4321 4340 4322
f 4716 4717 4715
f 4715 4717 4718
f 4238 4241 4719
f 4719 4241 4720
f 4231 4721 4307
f 4307 4721 4308
f 4723 4724 4722
f 4722 4724 4725
f 4727 4728 4726
f 4726 4728 4729
f 4730 4731 4327
f 4327 4731 4328
f 4733 4734 4732
f 4732 4734 4735
f 4720 4381 4736
f 4736 4381 4737
f 4738 4739 4741
f 4741 4739 4740
f 4743 4744 4742
f 4742 4744 4745
f 4338 4390 4339
f 4339 4390 4431
f 4746 4747 4431
f 4431 4747 4339
f 4291 4332 4289
f 4289 4332 4317
f 4289 4209 4291
f 4291 4209 4286
f 4287 4286 4210
f 4210 4286 4209
f 4749 4750 4748
f 4748 4750 4751
f 4212 4284 4752
f 4752 4284 4753
f 4752 4754 4212
f 4212 4754 4213
f 4252 4251 4225
f 4225 4251 4226
f 4227 4230 4248
f 4248 4230 4249
f 4205 4755 4757
f 4757 4755 4756
f 4708 4711 4758
f 4758 4711 4647
f 4367 4366 4759
f 4759 4366 4760
f 4526 4513 4527
f 4527 4513 4512
f 4420 4423 4385
f 4385 4423 4386
f 4705 4761 4653
f 4653 4761 4650
f 4761 1279 4650
f 4650 1279 1211
f 4762 4763 3944
f 3944 4763 3936
f 4274 4273 4765
f 4765 4273 4764
f 4767 4768 4766
f 4766 4768 4769
f 4770 4771 4769
f 4769 4771 4766
f 4771 4770 4242
f 4242 4770 4243
f 4093 4163 4094
f 4094 4163 4162
f 4772 4773 4775
f 4775 4773 4774
f 4777 4778 4776
f 4776 4778 4779
f 4417 4185 4182
f 4182 4185 4184
f 4780 4078 4781
f 4781 4078 4077
f 4781 4077 4782
f 4782 4077 4189
f 4188 4783 4189
f 4189 4783 4782
f 4295 4232 4307
f 4307 4232 4231
f 4785 4786 4784
f 4784 4786 4787
f 4784 1307 4785
f 4785 1307 1306
f 4078 4780 4096
f 4096 4780 4097
f 4075 4074 4310
f 4310 4074 4788
f 4788 4074 4789
f 4789 4074 4191
f 4789 4191 4059
f 4059 4191 4790
f 4791 4277 4792
f 4792 4277 4278
f 3732 3735 4793
f 4793 3735 4313
f 4793 4794 3732
f 3732 4794 3731
f 4792 4795 4791
f 4791 4795 4796
f 4797 4798 4799
f 4799 4798 4724
f 4763 4800 3936
f 3936 4800 3935
f 4801 4062 3729
f 3729 4062 3730
f 4713 4712 4802
f 4802 4712 4803
f 4146 4804 4119
f 4119 4804 4805
f 4498 4654 4497
f 4497 4654 4520
f 4806 4807 1326
f 1326 4807 1327
f 4689 4688 1330
f 1330 4688 1331
f 4801 4789 4062
f 4062 4789 4059
f 3730 4062 4808
f 4808 4062 4061
f 4810 4811 4809
f 4809 4811 4812
f 4813 4403 4814
f 4814 4403 4345
f 4815 4816 4349
f 4349 4816 4350
f 4817 4818 4820
f 4820 4818 4819
f 4406 4821 4407
f 4407 4821 4822
f 4823 4161 4824
f 4824 4161 4685
f 4181 4414 4825
f 4825 4414 4689
f 4741 4740 4826
f 4826 4740 4827
f 4828 4829 4827
f 4827 4829 4826
f 4142 4141 4415
f 4415 4141 4148
f 4830 1354 4761
f 4761 1354 1279
f 4832 4833 4831
f 4831 4833 4834
f 4835 4836 4626
f 4626 4836 4421
f 4451 4709 4395
f 4395 4709 4708
f 4627 4420 4837
f 4837 4420 4385
f 4837 1365 4838
f 4838 1365 1364
f 4397 4396 4839
f 4839 4396 4840
f 4842 4628 4841
f 4841 4628 4629
f 4671 4674 4631
f 4631 4674 4630
f 4674 4659 4630
f 4630 4659 4632
f 4633 4632 4658
f 4658 4632 4659
f 4658 4504 4633
f 4633 4504 4634
f 4635 4634 4507
f 4507 4634 4504
f 4843 4636 4507
f 4507 4636 4635
f 4844 4637 4843
f 4843 4637 4636
f 4637 4844 4640
f 4640 4844 4664
f 4638 4663 4642
f 4642 4663 4845
f 4847 4643 4846
f 4846 4643 4641
f 4644 4848 4645
f 4645 4848 4849
f 4851 4852 4850
f 4850 4852 4853
f 4855 4856 4854
f 4854 4856 4857
f 4859 4860 4858
f 4858 4860 4857
f 4715 4718 4859
f 4859 4718 4860
f 4862 4863 4861
f 4861 4863 4864
f 4866 4867 4865
f 4865 4867 4868
f 4870 4871 4869
f 4869 4871 4872
f 4869 4872 4116
f 4116 4872 4117
f 4820 4819 4874
f 4874 4819 4873
f 4876 4877 4875
f 4875 4877 4878
f 4880 4881 4879
f 4879 4881 4882
f 4884 4885 4883
f 4883 4885 4886
f 4887 4888 4280
f 4280 4888 4281
f 4818 4817 4889
f 4889 4817 4890
f 4891 4193 4823
f 4823 4193 4192
f 4892 4893 4228
f 4228 4893 4229
f 4158 4157 4894
f 4894 4157 4895
f 4896 4897 4132
f 4132 4897 4133
f 4099 4683 4100
f 4100 4683 4682
f 4101 4100 4899
f 4899 4100 4898
f 4150 4106 4147
f 4147 4106 4900
f 4100 4682 4898
f 4898 4682 4677
f 4080 4082 4187
f 4187 4082 4184
f 4077 4080 4189
f 4189 4080 4187
f 4191 4190 4790
f 4790 4190 4901
f 4177 4158 4680
f 4680 4158 4894
f 4108 4136 4752
f 4752 4136 4754
f 4752 4753 4108
f 4108 4753 4109
f 4817 4902 4890
f 4890 4902 4903
f 4904 4905 4907
f 4907 4905 4906
f 4909 4910 4908
f 4908 4910 4911
f 4913 4914 4912
f 4912 4914 4915
f 4916 4917 4919
f 4919 4917 4918
f 4312 4424 4299
f 4299 4424 4304
f 4920 4921 4297
f 4297 4921 4298
f 4194 4922 4167
f 4167 4922 4923
f 4924 4400 4691
f 4691 4400 4399
f 4395 4708 4396
f 4396 4708 4758
f 4367 4925 4368
f 4368 4925 4926
f 4919 4918 4873
f 4873 4918 4874
f 4836 4927 4421
f 4421 4927 4422
f 4921 4928 4298
f 4298 4928 4311
f 4143 4146 4122
f 4122 4146 4119
f 4929 4930 4455
f 4455 4930 4452
f 4932 4933 4931
f 4931 4933 4934
f 4935 4936 4932
f 4932 4936 4933
f 4461 4460 4457
f 4457 4460 4458
f 4480 4479 4475
f 4475 4479 4476
f 4660 4673 4517
f 4517 4673 4937
f 4661 4505 4658
f 4658 4505 4504
f 4484 4483 4489
f 4489 4483 4486
f 4462 4509 4463
f 4463 4509 4518
f 4469 4511 4466
f 4466 4511 4508
f 4655 4473 4656
f 4656 4473 4477
f 4476 4657 4477
f 4477 4657 4656
f 4479 4513 4476
f 4476 4513 4657
f 4489 4525 4484
f 4484 4525 4526
f 4483 4549 4486
f 4486 4549 4536
f 4549 4548 4536
f 4536 4548 4551
f 4548 4568 4551
f 4551 4568 4670
f 4663 4589 4845
f 4845 4589 4590
f 4668 4577 4938
f 4938 4577 4580
f 4940 4938 4939
f 4939 4938 4941
f 4940 4942 4669
f 4669 4942 4943
f 4587 4582 4944
f 4944 4582 4581
f 4848 4847 4608
f 4608 4847 4564
f 4616 4945 4613
f 4613 4945 4598
f 4615 4946 4616
f 4616 4946 4945
f 4947 4939 4948
f 4948 4939 4946
f 4599 4605 4600
f 4600 4605 4604
f 4608 4607 4848
f 4848 4607 4849
f 4613 4612 4616
f 4616 4612 4617
f 4835 4949 4709
f 4709 4949 4710
f 4357 1477 4837
f 4837 1477 1365
f 4712 4950 4803
f 4803 4950 4951
f 4401 4952 4402
f 4402 4952 4953
f 4759 4760 4402
f 4402 4760 4399
f 4508 4520 4509
f 4509 4520 4654
f 4510 4522 4511
f 4511 4522 4521
f 4513 4526 4657
f 4657 4526 4525
f 4632 4633 4514
f 4514 4633 4529
f 4931 4934 4453
f 4453 4934 4454
f 4153 4954 4154
f 4154 4954 4955
f 4957 4958 4956
f 4956 4958 4959
f 4961 4962 4960
f 4960 4962 4963
f 4120 4964 4210
f 4210 4964 4965
f 4967 4968 4966
f 4966 4968 4969
f 4349 4692 4815
f 4815 4692 4970
f 4652 4971 4653
f 4653 4971 4706
f 4758 4647 4972
f 4972 4647 4646
f 4973 4363 4646
f 4646 4363 4972
f 4950 4360 4974
f 4974 4360 4364
f 4431 4335 4746
f 4746 4335 4713
f 4358 4714 4325
f 4325 4714 4321
f 4765 4764 4266
f 4266 4764 4975
f 4202 4976 4203
f 4203 4976 4977
f 4917 4978 4918
f 4918 4978 4979
f 4279 4282 4854
f 4854 4282 4269
f 4820 4880 4817
f 4817 4880 4902
f 4890 4903 4980
f 4980 4903 4886
f 4982 4983 4981
f 4981 4983 4123
f 4795 4851 4796
f 4796 4851 4850
f 4918 4979 4874
f 4874 4979 4881
f 4809 4404 4810
f 4810 4404 4403
f 4354 4985 4984
f 4984 4985 4986
f 1364 1516 4838
f 4838 1516 4987
f 4759 4988 4367
f 4367 4988 4925
f 4989 4990 4481
f 4481 4990 4478
f 4443 4515 4990
f 4990 4515 4991
f 4527 4512 4992
f 4992 4512 4991
f 4528 4503 4992
f 4992 4503 4993
f 4993 4994 4485
f 4485 4994 4482
f 4544 4995 4502
f 4502 4995 4994
f 4995 4996 4550
f 4550 4996 4547
f 4998 4999 4997
f 4997 4999 4566
f 4998 5000 4578
f 4578 5000 4579
f 5001 5002 4596
f 4596 5002 4597
f 5003 4591 5004
f 5004 4591 4610
f 4626 4421 4627
f 4627 4421 4420
f 4837 4838 4627
f 4627 4838 4624
f 4761 4705 4830
f 4830 4705 5005
f 4705 4707 5005
f 5005 4707 5006
f 4308 4721 4075
f 4075 4721 4076
f 5007 4200 4797
f 4797 4200 4798
f 4685 4686 5008
f 5008 4686 5009
f 4889 4890 5010
f 5010 4890 4980
f 4323 1541 4324
f 4324 1541 1540
f 4385 4384 4358
f 4358 4384 4714
f 4396 4758 4840
f 4840 4758 4972
f 4866 4852 5011
f 5011 4852 5012
f 5013 4260 4980
f 4980 4260 5010
f 4875 4878 5014
f 5014 4878 5015
f 5017 5018 5016
f 5016 5018 5019
f 5016 5019 5020
f 5020 5019 5021
f 5023 5024 5022
f 5022 5024 5025
f 5027 5028 5026
f 5026 5028 5029
f 5031 5032 5030
f 5030 5032 5033
f 5035 5036 5034
f 5034 5036 5037
f 5039 5040 5038
f 5038 5040 5041
f 5043 5044 5042
f 5042 5044 5045
f 5038 5046 5039
f 5039 5046 5047
f 5049 5050 5048
f 5048 5050 5051
f 5053 5054 5052
f 5052 5054 5055
f 5057 5024 5056
f 5056 5024 5058
f 5060 5061 5059
f 5059 5061 5062
f 5064 5065 5063
f 5063 5065 5066
f 5043 5050 5064
f 5064 5050 5065
f 5038 5041 5067
f 5067 5041 5068
f 5070 5071 5069
f 5069 5071 5072
f 5074 5075 5073
f 5073 5075 5076
f 5034 5077 5035
f 5035 5077 5078
f 5080 5081 5079
f 5079 5081 5082
f 5084 5085 5083
f 5083 5085 5086
f 5085 5084 5087
f 5087 5084 5088
f 5090 5091 5089
f 5089 5091 5092
f 5094 5095 5093
f 5093 5095 5096
f 5098 5099 5097
f 5097 5099 5100
f 5102 5103 5101
f 5101 5103 5104
f 5105 5106 5108
f 5108 5106 5107
f 5110 5111 5109
f 5109 5111 5112
f 5114 5094 5113
f 5113 5094 5093
f 5116 5117 5115
f 5115 5117 5118
f 5120 5121 5119
f 5119 5121 5122
f 5124 5125 5123
f 5123 5125 5126
f 5128 5129 5127
f 5127 5129 5130
f 5097 5131 5098
f 5098 5131 5132
f 5134 5135 5133
f 5133 5135 5122
f 5084 5125 5088
f 5088 5125 5136
f 5138 5139 5137
f 5137 5139 5140
f 5142 5102 5141
f 5141 5102 5101
f 5106 5143 5107
f 5107 5143 5144
f 5146 5147 5145
f 5145 5147 5148
f 5149 5150 5109
f 5109 5150 5110
f 5151 5110 5152
f 5152 5110 5150
f 4715 5140 4716
f 4716 5140 5139
f 5143 4870 5144
f 5144 4870 4869
f 4115 5146 4116
f 4116 5146 5145
f 4791 4796 5149
f 5149 4796 5150
f 4796 4850 5150
f 5150 4850 5152
f 4858 5142 4859
f 4859 5142 5141
f 5153 5154 5115
f 5115 5154 5105
f 5156 5157 5155
f 5155 5157 5158
f 5159 5160 5053
f 5053 5160 5054
f 5161 5162 5020
f 5020 5162 5068
f 5026 5029 5163
f 5163 5029 5021
f 5083 5086 5164
f 5164 5086 5165
f 5090 5167 5166
f 5166 5167 5168
f 5169 5170 5172
f 5172 5170 5171
f 5174 5175 5173
f 5173 5175 5176
f 5177 5109 5178
f 5178 5109 5112
f 5179 5180 5182
f 5182 5180 5181
f 5123 5126 5120
f 5120 5126 5121
f 5180 5167 5181
f 5181 5167 5183
f 5184 5185 5179
f 5179 5185 5180
f 5186 5149 5177
f 5177 5149 5109
f 4868 5184 4865
f 4865 5184 5179
f 5188 5189 5187
f 5187 5189 5190
f 4277 4791 5186
f 5186 4791 5149
f 5179 5182 4865
f 4865 5182 4853
f 5189 4862 5190
f 5190 4862 4861
f 5156 5075 5191
f 5191 5075 5192
f 5036 5035 5193
f 5193 5035 5194
f 5115 5118 5153
f 5153 5118 5195
f 5022 5025 5196
f 5196 5025 5197
f 5155 5158 5069
f 5069 5158 5062
f 5063 5066 5198
f 5198 5066 5199
f 5073 5076 5200
f 5200 5076 5072
f 5202 5131 5201
f 5201 5131 5203
f 5143 5106 5204
f 5204 5106 5205
f 5114 5113 5206
f 5206 5113 5127
f 5098 5132 5193
f 5193 5132 5195
f 5204 5207 5143
f 5143 5207 4870
f 5088 5136 5208
f 5208 5136 5092
f 5209 5210 5089
f 5089 5210 5183
f 5211 5018 5060
f 5060 5018 5061
f 5017 5040 5070
f 5070 5040 5071
f 5191 5160 5156
f 5156 5160 5157
f 5048 5028 5049
f 5049 5028 5058
f 5207 5204 4858
f 4858 5204 5142
f 4859 5141 4715
f 4715 5141 5140
f 5212 5162 5042
f 5042 5162 5051
f 5182 5152 4853
f 4853 5152 4850
f 5214 5134 5213
f 5213 5134 5133
f 5164 5165 5133
f 5133 5165 5213
f 5215 5216 5201
f 5201 5216 5217
f 5147 5218 5148
f 5148 5218 5219
f 5147 5177 5218
f 5218 5177 5178
f 5141 5101 5140
f 5140 5101 5137
f 5201 5217 5202
f 5202 5217 5104
f 5146 5186 5147
f 5147 5186 5177
f 4277 5186 4115
f 4115 5186 5146
f 5191 5192 5031
f 5031 5192 5032
f 5052 5055 5220
f 5220 5055 5197
f 4116 5145 4869
f 4869 5145 5144
f 5034 5037 5214
f 5214 5037 5134
f 5097 5100 5114
f 5114 5100 5094
f 5108 5107 5219
f 5219 5107 5148
f 5221 5135 5116
f 5116 5135 5117
f 5124 5111 5209
f 5209 5111 5210
f 5107 5144 5148
f 5148 5144 5145
f 5152 5182 5151
f 5151 5182 5181
f 5208 5222 5088
f 5088 5222 5087
f 5222 5208 5171
f 5171 5208 5172
f 5223 1756 4698
f 4698 1756 1755
f 4427 5224 4107
f 4107 5224 4135
f 4178 4679 5225
f 5225 4679 5226
f 5227 5228 4892
f 4892 5228 4893
f 5229 5230 4171
f 4171 5230 4172
f 4855 4268 4884
f 4884 4268 4885
f 4884 4871 4855
f 4855 4871 4856
f 4684 5231 4896
f 4896 5231 4897
f 4768 4767 5009
f 5009 4767 5008
f 5205 5154 5102
f 5102 5154 5103
f 5099 5098 5194
f 5194 5098 5193
f 5198 5199 5079
f 5079 5199 5033
f 5102 5142 5205
f 5205 5142 5204
f 5224 4427 4681
f 4681 4427 4678
f 3712 3711 5232
f 5232 3711 5233
f 3968 3988 3963
f 3963 3988 3964
f 3976 4044 3972
f 3972 4044 3985
f 4038 4037 4036
f 4036 4037 4033
f 4794 4762 3731
f 3731 4762 3944
f 3731 3944 3722
f 3722 3944 3810
f 3874 5234 5232
f 5232 5234 3712
f 3906 3905 3867
f 3867 3905 4011
f 3904 4023 3905
f 3905 4023 4011
f 3719 3722 3811
f 3811 3722 3810
f 3812 3719 3687
f 3687 3719 3811
f 3716 3812 3686
f 3686 3812 3687
f 3713 3716 3685
f 3685 3716 3686
f 4810 4403 5235
f 5235 4403 4813
f 4345 1770 4814
f 4814 1770 1769
f 4067 4066 4058
f 4058 4066 5236
f 4043 4068 4049
f 4049 4068 4050
f 4034 5237 3989
f 3989 5237 3990
f 4031 4030 4072
f 4072 4030 4005
f 4003 4004 4002
f 4002 4004 4032
f 4004 4005 4032
f 4032 4005 4030
f 4067 4064 4068
f 4068 4064 4050
f 4058 4057 4067
f 4067 4057 4064
f 4035 4034 5238
f 5238 4034 3989
f 5236 5239 4058
f 4058 5239 5240
f 5234 3874 5241
f 5241 3874 3873
f 5241 3873 3881
f 3881 3873 3878
f 4800 4763 4788
f 4788 4763 4310
f 4763 4762 4310
f 4310 4762 4309
f 4762 4794 4309
f 4309 4794 4306
f 4794 4793 4306
f 4306 4793 4292
f 4293 4313 4302
f 4302 4313 4314
f 4302 4314 4303
f 4303 4314 4315
f 4303 4315 4703
f 4703 4315 4316
f 4035 4069 4043
f 4043 4069 4068
f 4324 1540 4357
f 4357 1540 1477
f 5232 3987 3874
f 3874 3987 3871
f 3987 5232 4013
f 4013 5232 5233
f 4013 5233 4014
f 4014 5233 5242
f 3888 4015 3865
f 3865 4015 4007
f 3866 4008 5243
f 5243 4008 4016
f 3873 5244 3878
f 3878 5244 3875
f 3965 5244 3872
f 3872 5244 3873
f 3876 3875 3965
f 3965 3875 5244
f 5243 4016 5242
f 5242 4016 4014
f 5246 5247 5245
f 5245 5247 5248
f 3576 3950 3577
f 3577 3950 3926
f 3584 3842 3585
f 3585 3842 3580
f 5249 5247 1784
f 1784 5247 1785
f 5250 5251 5253
f 5253 5251 5252
f 5255 5252 5254
f 5254 5252 5256
f 5254 5256 5258
f 5258 5256 5257
f 5258 5257 5260
f 5260 5257 5259
f 4356 5261 4424
f 4424 5261 5259
f 4355 5262 4356
f 4356 5262 5261
f 4924 5264 5263
f 5263 5264 5265
f 4693 5266 4691
f 4691 5266 5267
f 4351 5268 4352
f 4352 5268 5269
f 1808 1807 4351
f 4351 1807 5268
f 3580 3842 3581
f 3799 3802 3838
f 4800 4788 4801
f 4801 4788 4789
f 3729 3935 4801
f 4801 3935 4800
f 3728 3666 3729
f 3729 3666 3935
f 3728 3798 3666
f 3666 3798 3663
f 3798 3818 3663
f 3663 3818 3809
f 3818 3817 3809
f 3809 3817 3808
f 3796 3655 3817
f 3817 3655 3808
f 3615 3568 3796
f 3796 3568 3655
f 3573 3569 3615
f 3615 3569 3568
f 3572 3613 3573
f 3573 3613 3569
f 3792 3606 3572
f 3572 3606 3613
f 3607 3791 3949
f 3949 3791 3591
f 3590 3950 3591
f 3591 3950 3949
f 3805 3926 3590
f 3590 3926 3950
f 3804 3559 3805
f 3805 3559 3926
f 3804 3914 3559
f 3559 3914 3560
f 3924 3789 3913
f 3913 3789 3788
f 3924 3928 3789
f 3789 3928 3826
f 3928 3927 3826
f 3826 3927 3827
f 3927 3834 3827
f 3827 3834 3835
f 4079 4078 5270
f 5270 4078 5007
f 5271 5272 4233
f 4233 5272 5273
f 5275 5276 5274
f 5274 5276 5277
f 5278 5279 4236
f 4236 5279 4237
f 5278 5280 5271
f 5271 5280 5272
f 4235 5281 4236
f 4236 5281 5282
f 5284 5285 5283
f 5283 5285 5286
f 5288 5289 5287
f 5287 5289 5290
f 5292 5293 5291
f 5291 5293 5294
f 5287 5290 4726
f 4726 5290 5295
f 4293 4292 4313
f 4313 4292 4793
f 4720 4736 4719
f 4719 4736 5296
f 5297 4909 5298
f 5298 4909 4908
f 5299 5300 4976
f 4976 5300 5301
f 5302 4202 5303
f 5303 4202 4201
f 5304 5305 4983
f 4983 5305 5306
f 5308 5309 5307
f 5307 5309 5310
f 4722 4725 5283
f 5283 4725 5311
f 5291 5294 4125
f 4125 5294 4126
f 5313 5314 5312
f 5312 5314 5315
f 5316 5317 5319
f 5319 5317 5318
f 5321 5308 5320
f 5320 5308 5307
f 4819 4981 4873
f 4873 4981 5322
f 4981 4123 5322
f 5322 4123 4126
f 5324 5325 5323
f 5323 5325 5326
f 4764 5327 4975
f 4975 5327 5328
f 4172 5327 4169
f 4169 5327 5329
f 4768 4171 4769
f 4769 4171 4170
f 4243 4755 4244
f 4244 4755 5330
f 4755 4205 5330
f 5330 4205 4208
f 4206 4906 4207
f 4207 4906 4905
f 4686 5014 5009
f 5009 5014 5229
f 4756 4770 4170
f 4170 4770 4769
f 4170 4169 4756
f 4756 4169 4757
f 4273 5329 4764
f 4764 5329 5327
f 4276 5331 4273
f 4273 5331 5329
f 4770 4756 4243
f 4243 4756 4755
f 5333 4889 5332
f 5332 4889 5010
f 4877 5332 4878
f 4878 5332 4259
f 4875 4164 4876
f 4876 4164 4163
f 5334 5335 5324
f 5324 5335 5325
f 4983 5306 4123
f 4123 5306 4124
f 4818 4982 4819
f 4819 4982 4981
f 5332 5010 4259
f 4259 5010 4260
f 5014 4686 4875
f 4875 4686 4164
f 4171 4768 5229
f 5229 4768 5009
f 5337 4916 5336
f 5336 4916 4919
f 5293 5337 5294
f 5294 5337 5336
f 4982 4818 5333
f 5333 4818 4889
f 5338 5339 4262
f 4262 5339 5340
f 5307 5310 5338
f 5338 5310 5339
f 5341 5342 4204
f 4204 5342 5309
f 5336 4919 5322
f 5322 4919 4873
f 5294 5336 4126
f 4126 5336 5322
f 5323 5326 5343
f 5343 5326 5286
f 4914 5344 4915
f 4915 5344 5345
f 5312 5315 5344
f 5344 5315 5345
f 5347 5348 5346
f 5346 5348 5349
f 5350 5351 4832
f 4832 5351 4833
f 5352 5353 5349
f 5349 5353 5346
f 5354 5338 4265
f 4265 5338 4262
f 5320 5307 5354
f 5354 5307 5338
f 4201 5308 5303
f 5303 5308 5321
f 5356 5357 5355
f 5355 5357 4799
f 5358 5359 5334
f 5334 5359 5335
f 5358 5360 4093
f 4093 5360 4163
f 5360 5305 4163
f 4163 5305 4876
f 5305 5304 4876
f 4876 5304 4877
f 5270 4778 4079
f 4079 4778 4081
f 4779 5361 4774
f 4774 5361 5357
f 5356 5359 4775
f 4775 5359 4092
f 5333 5304 4982
f 4982 5304 4983
f 5332 4877 5333
f 5333 4877 5304
f 5015 4258 5230
f 5230 4258 5328
f 5327 4172 5328
f 5328 4172 5230
f 4169 5329 4757
f 4757 5329 5331
f 4757 5331 4205
f 4205 5331 4206
f 5331 4276 4206
f 4206 4276 4906
f 4276 4275 4906
f 4906 4275 4907
f 4275 4888 4907
f 4907 4888 4744
f 4887 4717 4745
f 4745 4717 4864
f 4716 5139 4861
f 4861 5139 5190
f 5139 5138 5190
f 5190 5138 5187
f 5138 5216 5187
f 5187 5216 5176
f 5215 5362 5173
f 5173 5362 5130
f 5364 5365 5363
f 5363 5365 5340
f 4742 4863 5366
f 5366 4863 4867
f 4862 5189 4868
f 4868 5189 5184
f 5189 5188 5184
f 5184 5188 5185
f 5188 5175 5185
f 5185 5175 5168
f 3560 3788 3561
f 3561 3788 3790
f 3596 3595 3608
f 3608 3595 3594
f 3598 3582 3595
f 3595 3582 3592
f 3600 3609 3601
f 3601 3609 3611
f 3602 3601 3612
f 3612 3601 3611
f 3606 3605 3613
f 3613 3605 3614
f 3793 5367 3794
f 3794 5367 5368
f 3598 3597 3600
f 3600 3597 3609
f 3793 3792 3575
f 3575 3792 3572
f 3561 3594 3558
f 3558 3594 3593
f 3807 3915 3804
f 3804 3915 3914
f 3916 3915 5370
f 5370 3915 5369
f 3602 3605 3603
f 3603 3605 3604
f 3606 3792 3607
f 3607 3792 3791
f 3914 3913 3560
f 3560 3913 3788
f 5174 5129 5166
f 5166 5129 5371
f 5170 5169 5093
f 5093 5169 5113
f 5166 5371 5090
f 5090 5371 5091
f 5128 5169 5372
f 5372 5169 5172
f 5127 5113 5128
f 5128 5113 5169
f 5114 5206 5203
f 5203 5206 5362
f 5200 5373 5073
f 5073 5373 5096
f 5374 5375 5200
f 5200 5375 5373
f 5039 5047 5374
f 5374 5047 5375
f 5087 5046 5085
f 5085 5046 5376
f 5212 5377 5067
f 5067 5377 5376
f 5042 5045 5212
f 5212 5045 5377
f 5064 5378 5043
f 5043 5378 5044
f 5063 5077 5064
f 5064 5077 5378
f 5079 5082 5198
f 5198 5082 5078
f 5099 5081 5100
f 5100 5081 5379
f 5100 5379 5094
f 5094 5379 5095
f 5381 5382 5380
f 5380 5382 5383
f 5385 5386 5384
f 5384 5386 5383
f 5385 5387 5386
f 5386 5387 5388
f 5390 5391 5389
f 5389 5391 5392
f 5393 5394 5396
f 5396 5394 5395
f 5398 5399 5397
f 5397 5399 5400
f 5402 5403 5401
f 5401 5403 5404
f 5406 5407 5405
f 5405 5407 5404
f 5408 5409 5163
f 5163 5409 5410
f 5411 5412 5414
f 5414 5412 5413
f 5057 5416 5415
f 5415 5416 5417
f 5393 5416 5418
f 5418 5416 5419
f 5396 5395 5420
f 5420 5395 5421
f 5423 5424 5422
f 5422 5424 5425
f 5415 5417 5220
f 5220 5417 5426
f 5418 5391 5393
f 5393 5391 5394
f 5414 5388 5411
f 5411 5388 5392
f 5059 5427 5060
f 5060 5427 5428
f 5423 5427 5429
f 5429 5427 5430
f 5432 5382 5431
f 5431 5382 5425
f 5429 5407 5423
f 5423 5407 5424
f 5380 5409 5381
f 5381 5409 5433
f 5381 5433 5422
f 5422 5433 5428
f 5027 5412 5056
f 5056 5412 5419
f 5435 5436 5434
f 5434 5436 5437
f 5159 5439 5438
f 5438 5439 5440
f 5053 5436 5159
f 5159 5436 5439
f 5441 5403 5398
f 5398 5403 5399
f 5163 5410 5026
f 5026 5410 5413
f 5438 5440 5442
f 5442 5440 5430
f 5444 5445 5443
f 5443 5445 5446
f 5447 5448 5450
f 5450 5448 5449
f 5451 5446 5452
f 5452 5446 5445
f 5454 5455 5453
f 5453 5455 5451
f 5456 5454 5458
f 5458 5454 5457
f 5460 5461 5459
f 5459 5461 5462
f 5464 5465 5463
f 5463 5465 5466
f 5468 5469 5467
f 5467 5469 5470
f 5472 5473 5471
f 5471 5473 5474
f 5475 5476 5478
f 5478 5476 5477
f 5479 5480 5482
f 5482 5480 5481
f 5483 5484 5448
f 5448 5484 5485
f 5448 5485 5449
f 5449 5485 5486
f 5487 5476 5488
f 5488 5476 5475
f 5490 5491 5489
f 5489 5491 5492
f 5494 5495 5493
f 5493 5495 5496
f 5498 5494 5497
f 5497 5494 5493
f 5500 5501 5499
f 5499 5501 5502
f 5503 5504 5446
f 5446 5504 5443
f 5506 5507 5505
f 5505 5507 5508
f 5510 5511 5509
f 5509 5511 5512
f 5514 5515 5513
f 5513 5515 5516
f 5518 5519 5517
f 5517 5519 5520
f 5495 5521 5496
f 5496 5521 5522
f 5524 5525 5523
f 5523 5525 5526
f 5527 5528 5494
f 5494 5528 5495
f 5499 5502 5529
f 5529 5502 5530
f 5531 5532 5485
f 5485 5532 5486
f 5485 5484 5531
f 5531 5484 5533
f 5482 5481 5534
f 5534 5481 5535
f 5536 5512 5506
f 5506 5512 5511
f 5455 5503 5451
f 5451 5503 5446
f 5467 5470 5511
f 5511 5470 5537
f 5538 5467 5510
f 5510 5467 5511
f 5540 5541 5539
f 5539 5541 5542
f 5543 5544 5546
f 5546 5544 5545
f 5548 5472 5547
f 5547 5472 5471
f 5493 5496 5549
f 5549 5496 5550
f 5496 5522 5550
f 5550 5522 5551
f 5553 5554 5552
f 5552 5554 5555
f 5557 5447 5556
f 5556 5447 5558
f 5557 5483 5447
f 5447 5483 5448
f 5478 5477 5553
f 5553 5477 5559
f 5477 5560 5559
f 5559 5560 5561
f 5476 5562 5477
f 5477 5562 5560
f 5476 5487 5562
f 5562 5487 5563
f 5560 5564 5561
f 5561 5564 5565
f 5564 5560 5566
f 5566 5560 5562
f 5563 5567 5562
f 5562 5567 5566
f 5569 5521 5568
f 5568 5521 5570
f 5481 5572 5571
f 5571 5572 5573
f 5574 5535 5571
f 5571 5535 5481
f 5576 5577 5575
f 5575 5577 5578
f 5579 5580 5456
f 5456 5580 5581
f 5475 5582 5488
f 5488 5582 5583
f 5584 5536 5505
f 5505 5536 5506
f 5585 5586 5588
f 5588 5586 5587
f 5590 5591 5589
f 5589 5591 5592
f 5519 5593 5520
f 5520 5593 5594
f 5595 5596 5462
f 5462 5596 5597
f 5599 5600 5598
f 5598 5600 5514
f 5602 5603 5601
f 5601 5603 5604
f 5524 5543 5525
f 5525 5543 5546
f 5543 5524 5606
f 5606 5524 5605
f 5607 5608 5500
f 5500 5608 5501
f 5610 5551 5609
f 5609 5551 5522
f 5611 5510 5598
f 5598 5510 5509
f 5612 5597 5457
f 5457 5597 5458
f 5510 5611 5538
f 5538 5611 5613
f 5580 5508 5581
f 5581 5508 5507
f 5615 5616 5614
f 5614 5616 5617
f 5619 5620 5618
f 5618 5620 5621
f 5623 5624 5622
f 5622 5624 5625
f 5627 5624 5626
f 5626 5624 5623
f 5629 5630 5628
f 5628 5630 5631
f 5633 5634 5632
f 5632 5634 5466
f 5635 5636 5463
f 5463 5636 5637
f 5523 5638 5524
f 5524 5638 5605
f 5639 5640 5641
f 5641 5640 5595
f 5611 5513 5613
f 5613 5513 5642
f 5643 5586 5608
f 5608 5586 5501
f 5622 5625 5590
f 5590 5625 5591
f 5598 5514 5611
f 5611 5514 5513
f 5645 5646 5644
f 5644 5646 5647
f 5620 5619 5491
f 5491 5619 5648
f 5649 5643 5492
f 5492 5643 5608
f 5650 5651 5653
f 5653 5651 5652
f 5463 5466 5635
f 5635 5466 5634
f 5597 5612 5462
f 5462 5612 5459
f 5635 5634 5523
f 5523 5634 5638
f 5654 5638 5633
f 5633 5638 5634
f 5655 5656 5525
f 5525 5656 5526
f 5658 5659 5657
f 5657 5659 5527
f 5660 5464 5637
f 5637 5464 5463
f 5632 5466 5661
f 5661 5466 5465
f 5661 5662 5632
f 5632 5662 5658
f 5662 5663 5658
f 5658 5663 5659
f 5665 5659 5664
f 5664 5659 5663
f 5632 5658 5633
f 5633 5658 5657
f 5666 5629 5530
f 5530 5629 5667
f 5528 5527 5665
f 5665 5527 5659
f 5668 5669 5570
f 5570 5669 5568
f 5669 5668 5670
f 5670 5668 5671
f 5646 5672 5673
f 5672 5674 5673
f 5673 5674 5675
f 5674 5460 5675
f 5675 5460 5459
f 5461 5676 5462
f 5462 5676 5595
f 5677 5678 5680
f 5680 5678 5679
f 5628 5681 5629
f 5629 5681 5667
f 5682 5529 5667
f 5667 5529 5530
f 5675 5459 5683
f 5683 5459 5612
f 5585 5666 5502
f 5502 5666 5530
f 5589 5684 5602
f 5602 5684 5603
f 5646 5645 5663
f 5663 5645 5664
f 5685 5647 5673
f 5673 5647 5646
f 5686 5687 5683
f 5683 5687 5685
f 5688 5689 5533
f 5533 5689 5531
f 5690 5691 5535
f 5535 5691 5534
f 5692 5690 5574
f 5574 5690 5535
f 5685 5687 5689
f 5689 5687 5693
f 5489 5694 5490
f 5490 5694 5695
f 5690 5692 5696
f 5696 5692 5697
f 5696 5644 5690
f 5690 5644 5691
f 5447 5450 5558
f 5558 5450 5698
f 5699 5700 5642
f 5642 5700 5613
f 5701 5702 5540
f 5540 5702 5541
f 5431 5703 5432
f 5432 5703 5697
f 5385 5384 5574
f 5574 5384 5692
f 5389 5387 5573
f 5573 5387 5571
f 5565 5390 5573
f 5573 5390 5389
f 5390 5565 5704
f 5704 5565 5564
f 5566 5705 5564
f 5564 5705 5704
f 5569 5441 5609
f 5609 5441 5398
f 5568 5405 5569
f 5569 5405 5441
f 5670 5706 5669
f 5669 5706 5406
f 5703 5431 5670
f 5670 5431 5706
f 5432 5697 5384
f 5384 5697 5692
f 5574 5571 5385
f 5385 5571 5387
f 5607 5707 5489
f 5489 5707 5694
f 5518 5708 5519
f 5519 5708 5709
f 5711 5576 5710
f 5710 5576 5575
f 5713 5714 5712
f 5712 5714 5715
f 5553 5552 5478
f 5478 5552 5716
f 5717 5475 5716
f 5716 5475 5478
f 5718 5719 5605
f 5605 5719 5606
f 5505 5622 5584
f 5584 5622 5590
f 5508 5623 5505
f 5505 5623 5622
f 5626 5623 5580
f 5580 5623 5508
f 5580 5579 5626
f 5626 5579 5720
f 5579 5721 5720
f 5720 5721 5722
f 5666 5585 5723
f 5723 5585 5588
f 5724 5725 5639
f 5639 5725 5640
f 5554 5726 5555
f 5555 5726 5727
f 5453 5728 5729
f 5689 5688 5685
f 5685 5688 5647
f 5604 5730 5512
f 5512 5730 5509
f 5628 5631 5618
f 5618 5631 5592
f 5601 5604 5536
f 5536 5604 5512
f 5732 5676 5731
f 5731 5676 5660
f 5730 5604 5733
f 5733 5604 5603
f 5563 5487 5551
f 5551 5487 5550
f 5489 5492 5607
f 5607 5492 5608
f 5573 5572 5565
f 5565 5572 5561
f 5609 5522 5569
f 5569 5522 5521
f 5499 5734 5500
f 5500 5734 5735
f 5596 5736 5721
f 5721 5736 5722
f 5737 5600 5594
f 5594 5600 5520
f 5599 5730 5517
f 5517 5730 5733
f 5660 5738 5731
f 5731 5738 5739
f 5648 5649 5491
f 5491 5649 5492
f 5501 5586 5502
f 5502 5586 5585
f 5525 5546 5655
f 5655 5546 5740
f 5600 5599 5520
f 5520 5599 5517
f 5708 5739 5709
f 5709 5739 5738
f 5636 5635 5526
f 5526 5635 5523
f 5670 5671 5703
f 5703 5671 5741
f 5490 5695 5742
f 5742 5695 5743
f 5682 5678 5744
f 5744 5678 5677
f 5678 5681 5679
f 5679 5681 5621
f 5742 5743 5679
f 5679 5743 5680
f 5618 5621 5628
f 5628 5621 5681
f 5725 5724 5589
f 5589 5724 5684
f 5456 5458 5579
f 5579 5458 5721
f 5675 5683 5673
f 5673 5683 5685
f 5529 5682 5745
f 5745 5682 5744
f 5721 5458 5596
f 5596 5458 5597
f 5701 5540 5719
f 5719 5540 5606
f 5703 5741 5697
f 5697 5741 5696
f 5500 5735 5607
f 5607 5735 5707
f 5549 5746 5493
f 5493 5746 5497
f 5700 5747 5613
f 5613 5747 5538
f 5420 5421 5434
f 5434 5421 5400
f 5689 5693 5531
f 5531 5693 5532
f 5705 5566 5748
f 5748 5566 5567
f 5609 5398 5610
f 5610 5398 5397
f 5669 5406 5568
f 5568 5406 5405
f 5488 5583 5549
f 5549 5583 5746
f 5714 5713 5710
f 5710 5713 5711
f 5747 5468 5538
f 5538 5468 5467
f 5548 5547 5749
f 5749 5547 5750
f 5733 5603 5751
f 5751 5603 5684
f 5589 5602 5590
f 5590 5602 5584
f 5636 5752 5614
f 5614 5752 5615
f 5753 5754 5738
f 5738 5754 5755
f 5602 5601 5584
f 5584 5601 5536
f 5723 5736 5630
f 5630 5736 5640
f 5595 5640 5596
f 5596 5640 5736
f 5734 5499 5745
f 5745 5499 5529
f 5627 5587 5643
f 5643 5587 5586
f 5553 5559 5554
f 5554 5559 5480
f 5559 5561 5480
f 5480 5561 5572
f 5554 5480 5726
f 5726 5480 5479
f 5749 5750 5715
f 5715 5750 5712
f 5683 5612 5686
f 5686 5612 5457
f 5678 5682 5681
f 5681 5682 5667
f 5598 5509 5599
f 5599 5509 5730
f 5679 5621 5742
f 5742 5621 5620
f 5652 5616 5653
f 5653 5616 5615
f 5220 5426 5052
f 5052 5426 5437
f 5487 5488 5550
f 5550 5488 5549
f 5742 5620 5490
f 5490 5620 5491
f 5551 5610 5563
f 5563 5610 5567
f 5610 5397 5567
f 5567 5397 5748
f 5614 5617 5753
f 5753 5617 5754
f 5480 5572 5481
f 5755 5756 5738
f 5738 5756 5709
f 5745 5744 5758
f 5758 5744 5757
f 5745 5758 5734
f 5734 5758 5759
f 5735 5734 5760
f 5760 5734 5759
f 5707 5735 5761
f 5761 5735 5760
f 5744 5677 5757
f 5757 5677 5762
f 5677 5680 5762
f 5762 5680 5763
f 5763 5680 5764
f 5764 5680 5743
f 5765 5766 5762
f 5762 5766 5757
f 5768 5769 5767
f 5767 5769 5770
f 5771 5772 5770
f 5770 5772 5767
f 5770 5769 5774
f 5774 5769 5773
f 5775 5776 5774
f 5774 5776 5777
f 5773 5778 5774
f 5774 5778 5775
f 5779 5766 5773
f 5773 5766 5778
f 5777 5771 5774
f 5774 5771 5770
f 5780 5781 5783
f 5783 5781 5782
f 5781 5780 5771
f 5771 5780 5772
f 5773 5769 5779
f 5779 5769 5768
f 5768 5759 5779
f 5779 5759 5758
f 5768 5784 5759
f 5759 5784 5760
f 5767 5785 5768
f 5768 5785 5784
f 5785 5767 5786
f 5786 5767 5772
f 5766 5779 5757
f 5757 5779 5758
f 5780 5787 5772
f 5772 5787 5786
f 5785 5786 5788
f 5788 5786 5789
f 5786 5787 5789
f 5789 5787 5790
f 5788 5789 5791
f 5791 5789 5792
f 5791 5793 5788
f 5788 5793 5794
f 5795 5792 5790
f 5790 5792 5789
f 5785 5788 5784
f 5784 5788 5794
f 5784 5794 5760
f 5760 5794 5761
f 5787 5780 5796
f 5796 5780 5783
f 5775 5778 5797
f 5797 5778 5766
f 5797 5798 5775
f 5775 5798 5776
f 5766 5765 5797
f 5797 5765 5799
f 5798 5797 5800
f 5800 5797 5799
f 5798 5801 5776
f 5776 5801 5802
f 5707 5761 5694
f 5694 5761 5803
f 5695 5804 5743
f 5743 5804 5764
f 5804 5695 5803
f 5803 5695 5694
f 5803 5793 5804
f 5804 5793 5805
f 5793 5791 5805
f 5805 5791 5806
f 5804 5805 5764
f 5764 5805 5807
f 5803 5761 5793
f 5793 5761 5794
f 5808 5763 5807
f 5807 5763 5764
f 5808 5765 5763
f 5763 5765 5762
f 5809 5799 5808
f 5808 5799 5765
f 5809 5808 5810
f 5810 5808 5807
f 5811 5809 5812
f 5812 5809 5810
f 5805 5806 5807
f 5807 5806 5810
f 5806 5813 5810
f 5810 5813 5812
f 5799 5809 5800
f 5800 5809 5811
f 5815 5800 5814
f 5814 5800 5811
f 5814 5817 5816
f 5816 5817 5818
f 5814 5811 5817
f 5817 5811 5812
f 5814 5816 5815
f 5815 5816 5796
f 5815 5796 5801
f 5801 5796 5783
f 5801 5798 5815
f 5815 5798 5800
f 5791 5792 5806
f 5806 5792 5813
f 5818 5813 5795
f 5795 5813 5792
f 5818 5817 5813
f 5813 5817 5812
f 5816 5818 5790
f 5790 5818 5795
f 5790 5787 5816
f 5816 5787 5796
f 5771 5777 5781
f 5781 5777 5782
f 5782 5802 5783
f 5783 5802 5801
f 5782 5777 5802
f 5802 5777 5776
f 5588 5587 5722
f 5722 5587 5720
f 5591 5619 5592
f 5592 5619 5618
f 5625 5624 5648
f 5648 5624 5649
f 5624 5627 5649
f 5649 5627 5643
f 5631 5630 5725
f 5725 5630 5640
f 5625 5648 5591
f 5591 5648 5619
f 5588 5722 5723
f 5723 5722 5736
f 5631 5725 5592
f 5592 5725 5589
f 5723 5630 5666
f 5666 5630 5629
f 5587 5627 5720
f 5720 5627 5626
f 5820 5821 5819
f 5819 5821 5822
f 5824 5825 5823
f 5823 5825 5826
f 5823 5826 5827
f 5827 5826 5828
f 5829 5830 5832
f 5832 5830 5831
f 5518 5833 5708
f 5708 5833 5834
f 5835 5836 5824
f 5824 5836 5825
f 5838 5839 5837
f 5837 5839 5840
f 5751 5684 5842
f 5842 5684 5841
f 5843 5841 5724
f 5724 5841 5684
f 5845 5846 5844
f 5844 5846 5847
f 5848 5830 5836
f 5836 5830 5825
f 5518 5751 5833
f 5833 5751 5842
f 5839 5838 5821
f 5821 5838 5849
f 5850 5848 5822
f 5822 5848 5836
f 5851 5845 5828
f 5828 5845 5852
f 5854 5855 5853
f 5853 5855 5856
f 5845 5844 5852
f 5852 5844 5857
f 5858 5827 5852
f 5852 5827 5828
f 5851 5828 5829
f 5829 5828 5826
f 5819 5859 5820
f 5820 5859 5860
f 5835 5861 5819
f 5819 5861 5859
f 5851 5829 5862
f 5862 5829 5832
f 5844 5847 5837
f 5837 5847 5834
f 5819 5822 5835
f 5835 5822 5836
f 5823 5863 5824
f 5824 5863 5864
f 5849 5850 5821
f 5821 5850 5822
f 5825 5830 5826
f 5826 5830 5829
f 5820 5860 5865
f 5865 5860 5866
f 5858 5854 5867
f 5867 5854 5853
f 5854 5857 5855
f 5855 5857 5840
f 5855 5865 5856
f 5856 5865 5866
f 5837 5840 5844
f 5844 5840 5857
f 5827 5858 5868
f 5868 5858 5867
f 5824 5864 5835
f 5835 5864 5861
f 5732 5731 5862
f 5862 5731 5846
f 5863 5823 5868
f 5868 5823 5827
f 5843 5831 5848
f 5848 5831 5830
f 5854 5858 5857
f 5857 5858 5852
f 5855 5840 5865
f 5865 5840 5839
f 5865 5839 5820
f 5820 5839 5821
f 5868 5867 5870
f 5870 5867 5869
f 5868 5870 5863
f 5863 5870 5871
f 5863 5871 5864
f 5864 5871 5872
f 5864 5872 5861
f 5861 5872 5873
f 5867 5853 5869
f 5869 5853 5874
f 5853 5856 5874
f 5874 5856 5875
f 5856 5866 5875
f 5875 5866 5876
f 5877 5878 5874
f 5874 5878 5869
f 5880 5881 5879
f 5879 5881 5882
f 5883 5884 5880
f 5880 5884 5881
f 5881 5884 5886
f 5886 5884 5885
f 5887 5888 5886
f 5886 5888 5889
f 5885 5890 5886
f 5886 5890 5887
f 5889 5882 5886
f 5886 5882 5881
f 5882 5891 5879
f 5879 5891 5892
f 5885 5884 5893
f 5893 5884 5883
f 5883 5871 5893
f 5893 5871 5870
f 5883 5894 5871
f 5871 5894 5872
f 5880 5895 5883
f 5883 5895 5894
f 5896 5895 5879
f 5879 5895 5880
f 5893 5878 5885
f 5885 5878 5890
f 5878 5893 5869
f 5869 5893 5870
f 5897 5896 5892
f 5892 5896 5879
f 5895 5896 5898
f 5898 5896 5899
f 5896 5897 5899
f 5899 5897 5900
f 5898 5899 5901
f 5901 5899 5902
f 5901 5903 5898
f 5898 5903 5904
f 5900 5905 5899
f 5899 5905 5902
f 5898 5904 5895
f 5895 5904 5894
f 5894 5904 5872
f 5872 5904 5873
f 5897 5892 5907
f 5907 5892 5906
f 5892 5891 5906
f 5906 5891 5908
f 5887 5890 5909
f 5909 5890 5878
f 5888 5887 5910
f 5910 5887 5909
f 5878 5877 5909
f 5909 5877 5911
f 5909 5911 5910
f 5910 5911 5912
f 5913 5914 5910
f 5910 5914 5888
f 5908 5914 5906
f 5906 5914 5913
f 5861 5873 5859
f 5859 5873 5915
f 5860 5916 5866
f 5866 5916 5876
f 5916 5860 5915
f 5915 5860 5859
f 5915 5903 5916
f 5916 5903 5917
f 5903 5901 5917
f 5917 5901 5918
f 5916 5917 5876
f 5876 5917 5919
f 5903 5915 5904
f 5904 5915 5873
f 5920 5875 5919
f 5919 5875 5876
f 5920 5877 5875
f 5875 5877 5874
f 5920 5921 5877
f 5877 5921 5911
f 5921 5920 5922
f 5922 5920 5919
f 5923 5921 5924
f 5924 5921 5922
f 5917 5918 5919
f 5919 5918 5922
f 5918 5925 5922
f 5922 5925 5924
f 5921 5923 5911
f 5911 5923 5912
f 5927 5912 5926
f 5926 5912 5923
f 5926 5929 5928
f 5928 5929 5930
f 5926 5923 5929
f 5929 5923 5924
f 5926 5928 5927
f 5927 5928 5907
f 5927 5907 5913
f 5913 5907 5906
f 5913 5910 5927
f 5927 5910 5912
f 5901 5902 5918
f 5918 5902 5925
f 5930 5925 5905
f 5905 5925 5902
f 5930 5929 5925
f 5925 5929 5924
f 5928 5930 5900
f 5900 5930 5905
f 5900 5897 5928
f 5928 5897 5907
f 5882 5889 5891
f 5891 5889 5908
f 5908 5889 5914
f 5914 5889 5888
f 5832 5831 5641
f 5641 5831 5639
f 5833 5838 5834
f 5834 5838 5837
f 5842 5841 5849
f 5849 5841 5850
f 5841 5843 5850
f 5850 5843 5848
f 5847 5846 5739
f 5739 5846 5731
f 5842 5849 5833
f 5833 5849 5838
f 5862 5832 5732
f 5732 5832 5641
f 5847 5739 5834
f 5834 5739 5708
f 5862 5846 5851
f 5851 5846 5845
f 5831 5843 5639
f 5639 5843 5724
f 5676 5732 5595
f 5595 5732 5641
f 5676 5461 5660
f 5660 5461 5464
f 5461 5460 5464
f 5464 5460 5465
f 5460 5674 5465
f 5465 5674 5661
f 5931 5932 5934
f 5934 5932 5933
f 5936 5937 5935
f 5935 5937 5938
f 5935 5938 5939
f 5939 5938 5940
f 5942 5943 5941
f 5941 5943 5944
f 5945 5946 5936
f 5936 5946 5937
f 5948 5949 5947
f 5947 5949 5950
f 5951 5952 5519
f 5519 5952 5593
f 5953 5951 5709
f 5709 5951 5519
f 5955 5956 5954
f 5954 5956 5957
f 5958 5942 5946
f 5946 5942 5937
f 5948 5959 5949
f 5949 5959 5933
f 5960 5958 5934
f 5934 5958 5946
f 5961 5955 5940
f 5940 5955 5962
f 5963 5964 5966
f 5966 5964 5965
f 5955 5954 5962
f 5962 5954 5967
f 5968 5939 5962
f 5962 5939 5940
f 5961 5940 5941
f 5941 5940 5938
f 5931 5969 5932
f 5932 5969 5970
f 5945 5971 5931
f 5931 5971 5969
f 5941 5944 5961
f 5961 5944 5972
f 5954 5957 5947
f 5947 5957 5973
f 5945 5931 5946
f 5946 5931 5934
f 5935 5974 5936
f 5936 5974 5975
f 5959 5960 5933
f 5933 5960 5934
f 5937 5942 5938
f 5938 5942 5941
f 5932 5970 5976
f 5976 5970 5977
f 5968 5964 5978
f 5978 5964 5963
f 5965 5964 5950
f 5950 5964 5967
f 5976 5977 5965
f 5965 5977 5966
f 5947 5950 5954
f 5954 5950 5967
f 5939 5968 5979
f 5979 5968 5978
f 5936 5975 5945
f 5945 5975 5971
f 5972 5754 5956
f 5956 5754 5617
f 5974 5935 5979
f 5979 5935 5939
f 5953 5943 5958
f 5958 5943 5942
f 5964 5968 5967
f 5967 5968 5962
f 5965 5950 5976
f 5976 5950 5949
f 5976 5949 5932
f 5932 5949 5933
f 5979 5978 5981
f 5981 5978 5980
f 5979 5981 5974
f 5974 5981 5982
f 5974 5982 5975
f 5975 5982 5983
f 5975 5983 5971
f 5971 5983 5984
f 5978 5963 5980
f 5980 5963 5985
f 5963 5966 5985
f 5985 5966 5986
f 5986 5966 5987
f 5987 5966 5977
f 5988 5989 5985
f 5985 5989 5980
f 5991 5992 5990
f 5990 5992 5993
f 5994 5995 5991
f 5991 5995 5992
f 5992 5995 5997
f 5997 5995 5996
f 5998 5999 5997
f 5997 5999 6000
f 5996 6001 5997
f 5997 6001 5998
f 6000 5993 5997
f 5997 5993 5992
f 6002 6003 5993
f 5993 6003 5990
f 5995 5994 5996
f 5996 5994 6004
f 5994 5982 6004
f 6004 5982 5981
f 5994 6005 5982
f 5982 6005 5983
f 5991 6006 5994
f 5994 6006 6005
f 6006 5991 6007
f 6007 5991 5990
f 5996 6004 6001
f 6001 6004 5989
f 5989 6004 5980
f 5980 6004 5981
f 6003 6008 5990
f 5990 6008 6007
f 6009 6006 6010
f 6010 6006 6007
f 6008 6011 6007
f 6007 6011 6010
f 6012 6009 6013
f 6013 6009 6010
f 6009 6012 6015
f 6015 6012 6014
f 6011 6016 6010
f 6010 6016 6013
f 6006 6009 6005
f 6005 6009 6015
f 6005 6015 5983
f 5983 6015 5984
f 6008 6003 6018
f 6018 6003 6017
f 6003 6002 6017
f 6017 6002 6019
f 5998 6001 6020
f 6020 6001 5989
f 5999 5998 6021
f 6021 5998 6020
f 5989 5988 6020
f 6020 5988 6022
f 6021 6020 6023
f 6023 6020 6022
f 6021 6024 5999
f 5999 6024 6025
f 6019 6025 6017
f 6017 6025 6024
f 5971 5984 5969
f 5969 5984 6026
f 5970 6027 5977
f 5977 6027 5987
f 6027 5970 6026
f 6026 5970 5969
f 6026 6014 6027
f 6027 6014 6028
f 6014 6012 6028
f 6028 6012 6029
f 6027 6028 5987
f 5987 6028 6030
f 6026 5984 6014
f 6014 5984 6015
f 6031 5986 6030
f 6030 5986 5987
f 6031 5988 5986
f 5986 5988 5985
f 6032 6022 6031
f 6031 6022 5988
f 6032 6031 6033
f 6033 6031 6030
f 6034 6032 6035
f 6035 6032 6033
f 6028 6029 6030
f 6030 6029 6033
f 6029 6036 6033
f 6033 6036 6035
f 6032 6034 6022
f 6022 6034 6023
f 6038 6023 6037
f 6037 6023 6034
f 6037 6040 6039
f 6039 6040 6041
f 6037 6034 6040
f 6040 6034 6035
f 6037 6039 6038
f 6038 6039 6018
f 6038 6018 6024
f 6024 6018 6017
f 6024 6021 6038
f 6038 6021 6023
f 6012 6013 6029
f 6029 6013 6036
f 6041 6036 6016
f 6016 6036 6013
f 6041 6040 6036
f 6036 6040 6035
f 6041 6016 6039
f 6039 6016 6011
f 6011 6008 6039
f 6039 6008 6018
f 5993 6000 6002
f 6002 6000 6019
f 6019 6000 6025
f 6025 6000 5999
f 5943 5756 5944
f 5944 5756 5755
f 6042 5948 5973
f 5973 5948 5947
f 5952 5951 5959
f 5959 5951 5960
f 5951 5953 5960
f 5960 5953 5958
f 5616 5957 5617
f 5617 5957 5956
f 6042 5952 5948
f 5948 5952 5959
f 5944 5755 5972
f 5972 5755 5754
f 5957 5616 5973
f 5973 5616 5652
f 5956 5955 5972
f 5972 5955 5961
f 5943 5953 5756
f 5756 5953 5709
f 6044 6045 6043
f 6043 6045 6046
f 6048 6049 6047
f 6047 6049 6050
f 6047 6050 6051
f 6051 6050 6052
f 6054 6055 6053
f 6053 6055 6056
f 6057 6058 6060
f 6060 6058 6059
f 6061 6062 6048
f 6048 6062 6049
f 6063 6064 6066
f 6066 6064 6065
f 6067 6068 6070
f 6070 6068 6069
f 6071 6069 5653
f 5653 6069 6068
f 6072 6073 6075
f 6075 6073 6074
f 6062 6076 6049
f 6049 6076 6054
f 6058 6067 6059
f 6059 6067 6070
f 6064 6077 6065
f 6065 6077 6045
f 6078 6076 6046
f 6046 6076 6062
f 6073 6080 6079
f 6079 6080 6052
f 6082 6083 6081
f 6081 6083 6084
f 6072 6085 6073
f 6073 6085 6080
f 6086 6051 6080
f 6080 6051 6052
f 6079 6052 6053
f 6053 6052 6050
f 6043 6087 6044
f 6044 6087 6088
f 6061 6089 6043
f 6043 6089 6087
f 6053 6056 6079
f 6079 6056 6090
f 6063 6072 6060
f 6060 6072 6075
f 6043 6046 6061
f 6061 6046 6062
f 6047 6091 6048
f 6048 6091 6092
f 6077 6078 6045
f 6045 6078 6046
f 6049 6054 6050
f 6050 6054 6053
f 6044 6088 6093
f 6093 6088 6094
f 6086 6082 6095
f 6095 6082 6081
f 6083 6082 6066
f 6066 6082 6085
f 6093 6094 6083
f 6083 6094 6084
f 6072 6063 6085
f 6085 6063 6066
f 6051 6086 6096
f 6096 6086 6095
f 6048 6092 6061
f 6061 6092 6089
f 5656 5655 6090
f 6090 5655 6074
f 6091 6047 6096
f 6096 6047 6051
f 6071 6055 6076
f 6076 6055 6054
f 6082 6086 6085
f 6085 6086 6080
f 6093 6083 6065
f 6065 6083 6066
f 6044 6093 6045
f 6045 6093 6065
f 6096 6095 6098
f 6098 6095 6097
f 6096 6098 6091
f 6091 6098 6099
f 6091 6099 6092
f 6092 6099 6100
f 6092 6100 6089
f 6089 6100 6101
f 6095 6081 6097
f 6097 6081 6102
f 6081 6084 6102
f 6102 6084 6103
f 6103 6084 6104
f 6104 6084 6094
f 6106 6097 6105
f 6105 6097 6102
f 6107 6108 6110
f 6110 6108 6109
f 6111 6112 6108
f 6108 6112 6109
f 6109 6112 6114
f 6114 6112 6113
f 6114 6115 6117
f 6117 6115 6116
f 6113 6118 6114
f 6114 6118 6115
f 6117 6110 6114
f 6114 6110 6109
f 6110 6119 6107
f 6107 6119 6120
f 6112 6111 6113
f 6113 6111 6121
f 6111 6099 6121
f 6121 6099 6098
f 6111 6122 6099
f 6099 6122 6100
f 6123 6122 6108
f 6108 6122 6111
f 6124 6123 6107
f 6107 6123 6108
f 6113 6121 6118
f 6118 6121 6106
f 6106 6121 6097
f 6097 6121 6098
f 6125 6124 6120
f 6120 6124 6107
f 6126 6123 6127
f 6127 6123 6124
f 6125 6128 6124
f 6124 6128 6127
f 6129 6126 6130
f 6130 6126 6127
f 6126 6129 6132
f 6132 6129 6131
f 6128 6133 6127
f 6127 6133 6130
f 6123 6126 6122
f 6122 6126 6132
f 6122 6132 6100
f 6100 6132 6101
f 6120 6134 6125
f 6125 6134 6135
f 6120 6119 6134
f 6134 6119 6136
f 6115 6118 6137
f 6137 6118 6106
f 6115 6137 6116
f 6116 6137 6138
f 6137 6106 6139
f 6139 6106 6105
f 6138 6137 6140
f 6140 6137 6139
f 6141 6142 6138
f 6138 6142 6116
f 6136 6142 6134
f 6134 6142 6141
f 6089 6101 6087
f 6087 6101 6143
f 6088 6144 6094
f 6094 6144 6104
f 6143 6144 6087
f 6087 6144 6088
f 6131 6145 6143
f 6143 6145 6144
f 6129 6146 6131
f 6131 6146 6145
f 6144 6145 6104
f 6104 6145 6147
f 6143 6101 6131
f 6131 6101 6132
f 6148 6103 6147
f 6147 6103 6104
f 6103 6148 6102
f 6102 6148 6105
f 6148 6149 6105
f 6105 6149 6139
f 6149 6148 6150
f 6150 6148 6147
f 6151 6149 6152
f 6152 6149 6150
f 6145 6146 6147
f 6147 6146 6150
f 6146 6153 6150
f 6150 6153 6152
f 6149 6151 6139
f 6139 6151 6140
f 6155 6140 6154
f 6154 6140 6151
f 6154 6157 6156
f 6156 6157 6158
f 6154 6151 6157
f 6157 6151 6152
f 6154 6156 6155
f 6155 6156 6135
f 6155 6135 6141
f 6141 6135 6134
f 6141 6138 6155
f 6155 6138 6140
f 6146 6129 6153
f 6153 6129 6130
f 6158 6153 6133
f 6133 6153 6130
f 6158 6157 6153
f 6153 6157 6152
f 6156 6158 6128
f 6128 6158 6133
f 6128 6125 6156
f 6156 6125 6135
f 6110 6117 6119
f 6119 6117 6136
f 6136 6117 6142
f 6142 6117 6116
f 6055 5615 6056
f 6056 5615 5752
f 6060 6059 6063
f 6063 6059 6064
f 6077 6070 6078
f 6078 6070 6069
f 6069 6071 6078
f 6078 6071 6076
f 6159 6057 6075
f 6075 6057 6060
f 6059 6070 6064
f 6064 6070 6077
f 6056 5752 6090
f 6090 5752 5656
f 6090 6074 6079
f 6079 6074 6073
f 6055 6071 5615
f 5615 6071 5653
f 5547 5471 6160
f 6160 5471 6161
f 5729 5577 6163
f 6163 5577 6162
f 5577 5576 6162
f 6162 5576 6164
f 5713 6165 5711
f 5711 6165 6166
f 5474 5729 6167
f 6167 5729 6163
f 5750 5547 6168
f 6168 5547 6160
f 5471 5474 6161
f 6161 5474 6167
f 6169 5712 6168
f 6168 5712 5750
f 5711 6166 5576
f 5576 6166 6164
f 6165 5713 6169
f 6169 5713 5712
f 6168 6170 6169
f 6169 6170 6171
f 6169 6171 6165
f 6165 6171 6172
f 6165 6172 6166
f 6166 6172 6173
f 6166 6173 6164
f 6164 6173 6174
f 6168 6160 6170
f 6170 6160 6175
f 6160 6161 6175
f 6175 6161 6176
f 6161 6167 6176
f 6176 6167 6177
f 6179 6170 6178
f 6178 6170 6175
f 6181 6182 6180
f 6180 6182 6183
f 6184 6185 6181
f 6181 6185 6182
f 6186 6187 6185
f 6185 6187 6182
f 6186 6188 6187
f 6187 6188 6189
f 6190 6183 6187
f 6187 6183 6182
f 6183 6190 6191
f 6191 6190 6192
f 6191 6193 6183
f 6183 6193 6180
f 6186 6185 6194
f 6194 6185 6184
f 6184 6172 6194
f 6194 6172 6171
f 6184 6195 6172
f 6172 6195 6173
f 6181 6196 6184
f 6184 6196 6195
f 6196 6181 6197
f 6197 6181 6180
f 6186 6194 6188
f 6188 6194 6179
f 6179 6194 6170
f 6170 6194 6171
f 6193 6198 6180
f 6180 6198 6197
f 6199 6196 6200
f 6200 6196 6197
f 6198 6201 6197
f 6197 6201 6200
f 6202 6199 6203
f 6203 6199 6200
f 6199 6202 6205
f 6205 6202 6204
f 6201 6206 6200
f 6200 6206 6203
f 6196 6199 6195
f 6195 6199 6205
f 6195 6205 6173
f 6173 6205 6174
f 6198 6193 6208
f 6208 6193 6207
f 6193 6191 6207
f 6207 6191 6192
f 6189 6188 6209
f 6209 6188 6179
f 6210 6189 6211
f 6211 6189 6209
f 6209 6179 6212
f 6212 6179 6178
f 6211 6209 6213
f 6213 6209 6212
f 6211 6214 6210
f 6210 6214 6215
f 6192 6215 6207
f 6207 6215 6214
f 6190 6187 6210
f 6210 6187 6189
f 6192 6190 6215
f 6215 6190 6210
f 6162 6164 6216
f 6216 6164 6174
f 6167 6163 6177
f 6177 6163 6217
f 6216 6217 6162
f 6162 6217 6163
f 6204 6218 6216
f 6216 6218 6217
f 6202 6219 6204
f 6204 6219 6218
f 6217 6218 6177
f 6177 6218 6220
f 6216 6174 6204
f 6204 6174 6205
f 6221 6176 6220
f 6220 6176 6177
f 6176 6221 6175
f 6175 6221 6178
f 6221 6222 6178
f 6178 6222 6212
f 6222 6221 6223
f 6223 6221 6220
f 6224 6222 6225
f 6225 6222 6223
f 6218 6219 6220
f 6220 6219 6223
f 6219 6226 6223
f 6223 6226 6225
f 6222 6224 6212
f 6212 6224 6213
f 6228 6213 6227
f 6227 6213 6224
f 6229 6227 6231
f 6231 6227 6230
f 6227 6224 6230
f 6230 6224 6225
f 6227 6229 6228
f 6228 6229 6208
f 6228 6208 6214
f 6214 6208 6207
f 6214 6211 6228
f 6228 6211 6213
f 6219 6202 6226
f 6226 6202 6203
f 6231 6226 6206
f 6206 6226 6203
f 6231 6230 6226
f 6226 6230 6225
f 6229 6231 6201
f 6201 6231 6206
f 6201 6198 6229
f 6229 6198 6208
f 5674 5672 5661
f 5661 5672 5662
f 5662 5672 5663
f 5663 5672 5646
f 5651 6042 5652
f 5652 6042 5973
f 5518 5517 5751
f 5751 5517 5733
f 5738 5660 5753
f 5753 5660 5637
f 5752 5636 5656
f 5656 5636 5526
f 5952 6042 5593
f 5593 6042 5651
f 5593 5651 5594
f 5594 5651 5650
f 5600 5737 5514
f 5514 5737 5515
f 5546 5545 5740
f 5740 5545 6232
f 6232 6058 5740
f 5740 6058 6057
f 6067 6058 6233
f 6233 6058 6232
f 6233 6232 6234
f 6234 6232 5545
f 6234 5545 6235
f 6235 5545 5544
f 5606 6236 5543
f 5543 6236 5544
f 6235 5544 5539
f 5539 5544 6236
f 6237 6235 5542
f 5542 6235 5539
f 6235 6237 6234
f 6234 6237 6238
f 6234 6238 6233
f 6233 6238 6239
f 5653 6068 5650
f 5650 6068 6239
f 5642 5513 6240
f 6240 5513 5516
f 5539 6236 5540
f 5540 6236 5606
f 5636 5614 5637
f 5637 5614 5753
f 6239 5737 5650
f 5650 5737 5594
f 6239 6068 6233
f 6233 6068 6067
f 6075 6074 6159
f 6159 6074 5655
f 6057 6159 5740
f 5740 6159 5655
f 5515 5737 6238
f 6238 5737 6239
f 6238 6237 5515
f 5515 6237 5516
f 5542 6240 6237
f 6237 6240 5516
f 6240 5542 5642
f 5642 5542 5541
f 5702 5699 5541
f 5541 5699 5642
f 5582 5475 5717
f 5470 5443 5537
f 5537 5443 5504
f 5469 5444 5470
f 5470 5444 5443
f 5726 5557 5727
f 5727 5557 5556
f 5537 5504 5511
f 5511 5504 5506
f 5504 5503 5506
f 5506 5503 5507
f 5503 5455 5507
f 5507 5455 5581
f 5455 5454 5581
f 5581 5454 5456
f 5473 5453 5474
f 5474 5453 5729
f 5457 5454 5473
f 5473 5454 5453
f 5473 5472 5457
f 5457 5472 5686
f 5472 5548 5686
f 5686 5548 5687
f 5749 5693 5548
f 5548 5693 5687
f 5715 5532 5749
f 5749 5532 5693
f 5714 5486 5715
f 5715 5486 5532
f 5714 5710 5486
f 5486 5710 5449
f 5728 5578 5729
f 5729 5578 5577
f 5452 5445 5698
f 5698 5445 5558
f 5445 5444 5558
f 5558 5444 5556
f 5444 5469 5556
f 5556 5469 5727
f 5469 5468 5727
f 5727 5468 5555
f 5468 5747 5555
f 5555 5747 5552
f 5747 5700 5552
f 5552 5700 5716
f 5700 5699 5716
f 5716 5699 5717
f 5699 5702 5717
f 5717 5702 5582
f 5702 5701 5582
f 5582 5701 5583
f 5726 5479 5557
f 5557 5479 5483
f 5483 5479 5484
f 5484 5479 5482
f 5534 5533 5482
f 5482 5533 5484
f 5691 5688 5534
f 5534 5688 5533
f 5644 5647 5691
f 5691 5647 5688
f 5719 5746 5701
f 5701 5746 5583
f 5718 5497 5719
f 5719 5497 5746
f 5718 5605 5654
f 5654 5605 5638
f 5498 5654 5657
f 5657 5654 5633
f 5497 5718 5498
f 5498 5718 5654
f 5657 5527 5498
f 5498 5527 5494
f 5528 5570 5495
f 5495 5570 5521
f 5665 5668 5528
f 5528 5668 5570
f 5664 5671 5665
f 5665 5671 5668
f 5645 5741 5664
f 5664 5741 5671
f 5644 5696 5645
f 5645 5696 5741
f 5710 5575 5449
f 5449 5575 5450
f 5575 5578 5450
f 5450 5578 5698
f 5578 5728 5698
f 5698 5728 5452
f 5452 5728 5451
f 5451 5728 5453
f 3619 6241 3620
f 3620 6241 6242
f 6243 6244 3628
f 3628 6244 3629
f 6245 6246 3634
f 3634 6246 3631
f 6247 6248 3636
f 3636 6248 3637
f 6249 6250 3642
f 3642 6250 3639
f 3639 6250 3643
f 3643 6250 6251
f 3743 6252 3744
f 3744 6252 6253
f 6246 6243 3631
f 3631 6243 3628
f 3753 6254 3754
f 3754 6254 6255
f 3857 6256 3619
f 3619 6256 6241
f 6257 6245 3932
f 3932 6245 3634
f 6242 6247 3620
f 3620 6247 3636
f 6258 6259 3946
f 3946 6259 3947
f 6260 6249 3948
f 3948 6249 3642
f 6244 6258 3629
f 3629 6258 3946
f 3947 6259 3753
f 3753 6259 6254
f 6248 6260 3637
f 3637 6260 3948
f 3643 6251 3743
f 3743 6251 6252
f 3744 6253 3932
f 3932 6253 6257
f 6250 6249 6251
f 6251 6249 6252
f 6245 6261 6246
f 6246 6261 6262
f 6263 6264 6247
f 6247 6264 6248
f 6252 6265 6253
f 6253 6265 6266
f 6246 6262 6243
f 6243 6262 6267
f 6268 6261 6257
f 6257 6261 6245
f 6269 6263 6242
f 6242 6263 6247
f 6270 6271 6260
f 6260 6271 6249
f 6264 6270 6248
f 6248 6270 6260
f 6253 6266 6257
f 6257 6266 6268
f 6249 6271 6252
f 6252 6271 6265
f 6254 6259 6272
f 6272 6259 6273
f 6266 6265 6270
f 6270 6265 6271
f 6268 6266 6264
f 6264 6266 6270
f 6261 6268 6263
f 6263 6268 6264
f 6269 6262 6263
f 6263 6262 6261
f 4186 4185 6274
f 6274 4185 6275
f 6241 6276 6242
f 6242 6276 6269
f 6258 6244 6277
f 6277 6244 6278
f 6256 6279 6241
f 6241 6279 6276
f 6259 6258 6273
f 6273 6258 6277
f 6243 6267 6244
f 6244 6267 6278
f 6276 6267 6269
f 6269 6267 6262
f 6254 6272 6255
f 6255 6272 6280
f 3865 3713 3888
f 3888 3713 3685
f 5242 5233 3892
f 3892 5233 3711
f 3900 5243 3892
f 3892 5243 5242
f 3734 3866 3900
f 3900 3866 5243
f 4117 6281 4118
f 4118 6281 6282
f 4118 6282 4278
f 4278 6282 4879
f 4717 4887 4718
f 4718 4887 4280
f 4792 4278 4882
f 4882 4278 4879
f 4795 4792 6283
f 6283 4792 4882
f 4852 4851 5012
f 5012 4851 6284
f 4856 5207 4857
f 4857 5207 4858
f 4860 4279 4857
f 4857 4279 4854
f 4718 4280 4860
f 4860 4280 4279
f 4864 4863 4745
f 4745 4863 4742
f 5366 4867 5011
f 5011 4867 4866
f 4871 4884 4872
f 4872 4884 4883
f 4872 4883 4117
f 4117 4883 6281
f 6284 4851 6283
f 6283 4851 4795
f 4852 4866 4853
f 4853 4866 4865
f 4871 4870 4856
f 4856 4870 5207
f 4717 4716 4864
f 4864 4716 4861
f 4868 4867 4862
f 4862 4867 4863
f 4268 4855 4269
f 4269 4855 4854
f 4281 4274 4282
f 4282 4274 4765
f 4744 4743 4907
f 4907 4743 4904
f 4874 4881 4820
f 4820 4881 4880
f 4885 5013 4886
f 4886 5013 4980
f 4888 4275 4281
f 4281 4275 4274
f 4902 6282 4903
f 4903 6282 6281
f 6283 4979 6284
f 6284 4979 4978
f 4282 4765 4269
f 4269 4765 4266
f 4880 4879 4902
f 4902 4879 6282
f 4903 6281 4886
f 4886 6281 4883
f 4882 4881 6283
f 6283 4881 4979
f 5013 4885 4267
f 4267 4885 4268
f 4888 4887 4744
f 4744 4887 4745
f 4410 6285 4411
f 4411 6285 4812
f 4750 4749 6286
f 6286 4749 6287
f 6289 4695 6288
f 6288 4695 4255
f 4750 4675 4751
f 4751 4675 4965
f 6290 6291 4963
f 4963 6291 4960
f 4807 4806 4411
f 4411 4806 4408
f 6292 6293 4959
f 4959 6293 4956
f 4958 6294 4959
f 4959 6294 4955
f 4962 4964 4963
f 4963 4964 4805
f 4962 4961 4751
f 4751 4961 4748
f 6296 6297 6295
f 6295 6297 6298
f 6299 6300 6288
f 6288 6300 4735
f 6302 4961 6301
f 6301 4961 4960
f 6304 6287 6303
f 6303 6287 4749
f 4968 6305 4969
f 4969 6305 6306
f 4413 6308 6307
f 6307 6308 4900
f 6301 4960 6309
f 6309 4960 6291
f 4412 4408 6310
f 6310 4408 4806
f 4696 6311 4256
f 4256 6311 6312
f 6303 4749 6313
f 6313 4749 4748
f 6313 4748 6302
f 6302 4748 4961
f 6315 6316 6314
f 6314 6316 6317
f 4084 6318 6315
f 6315 6318 6316
f 4083 6319 4084
f 4084 6319 6318
f 4112 6320 4083
f 4083 6320 6319
f 6322 4138 6321
f 6321 4138 4137
f 6324 4128 6323
f 6323 4128 4127
f 4127 4193 6323
f 6323 4193 6325
f 4193 4891 6325
f 6325 4891 6326
f 4891 6327 6326
f 6326 6327 6328
f 6327 4824 5227
f 5227 4824 5228
f 5231 4684 6329
f 6329 4684 4683
f 4683 4099 6329
f 6329 4099 6330
f 4099 4102 6330
f 6330 4102 6331
f 4174 4826 4429
f 4429 4826 4829
f 4173 4741 4174
f 4174 4741 4826
f 4180 4738 4173
f 4173 4738 4741
f 6332 6333 4180
f 4180 6333 4738
f 6274 6334 4186
f 4186 6334 4188
f 4181 4825 4180
f 4180 4825 6332
f 5044 5213 5045
f 5045 5213 5165
f 5046 5087 5047
f 5047 5087 5222
f 5077 5063 5078
f 5078 5063 5198
f 5081 5099 5082
f 5082 5099 5194
f 5095 5074 5096
f 5096 5074 5073
f 5373 5170 5096
f 5096 5170 5093
f 5375 5171 5373
f 5373 5171 5170
f 5047 5222 5375
f 5375 5222 5171
f 5046 5038 5376
f 5376 5038 5067
f 5377 5086 5376
f 5376 5086 5085
f 5045 5165 5377
f 5377 5165 5086
f 5378 5214 5044
f 5044 5214 5213
f 5077 5034 5378
f 5378 5034 5214
f 5082 5194 5078
f 5078 5194 5035
f 5081 5080 5379
f 5379 5080 6335
f 5379 6335 5095
f 5095 6335 5074
f 5032 5080 5033
f 5033 5080 5079
f 5040 5017 5041
f 5041 5017 5016
f 5050 5043 5051
f 5051 5043 5042
f 5065 5023 5066
f 5066 5023 5022
f 5050 5049 5065
f 5065 5049 5023
f 5041 5016 5068
f 5068 5016 5020
f 5071 5374 5072
f 5072 5374 5200
f 5075 5156 5076
f 5076 5156 5155
f 5162 5212 5068
f 5068 5212 5067
f 5075 5074 5192
f 5192 5074 6335
f 5066 5022 5199
f 5199 5022 5196
f 5076 5155 5072
f 5072 5155 5069
f 5040 5039 5071
f 5071 5039 5374
f 5162 5161 5051
f 5051 5161 5048
f 5192 6335 5032
f 5032 6335 5080
f 5199 5196 5033
f 5033 5196 5030
f 5018 5211 5019
f 5019 5211 5408
f 5019 5408 5021
f 5021 5408 5163
f 5024 5057 5025
f 5025 5057 5415
f 5028 5048 5029
f 5029 5048 5161
f 5054 5031 5055
f 5055 5031 5030
f 5024 5023 5058
f 5058 5023 5049
f 5061 5070 5062
f 5062 5070 5069
f 5157 5438 5158
f 5158 5438 5442
f 5160 5191 5054
f 5054 5191 5031
f 5029 5161 5021
f 5021 5161 5020
f 5025 5415 5197
f 5197 5415 5220
f 5158 5442 5062
f 5062 5442 5059
f 5018 5017 5061
f 5061 5017 5070
f 5160 5159 5157
f 5157 5159 5438
f 5028 5027 5058
f 5058 5027 5056
f 5055 5030 5197
f 5197 5030 5196
f 5409 5380 5410
f 5410 5380 6336
f 5026 5413 5027
f 5027 5413 5412
f 5396 5417 5393
f 5393 5417 5416
f 5416 5057 5419
f 5419 5057 5056
f 5417 5396 5426
f 5426 5396 5420
f 5427 5423 5428
f 5428 5423 5422
f 5427 5059 5430
f 5430 5059 5442
f 5409 5408 5433
f 5433 5408 5211
f 5433 5211 5428
f 5428 5211 5060
f 5412 5411 5419
f 5419 5411 5418
f 5436 5053 5437
f 5437 5053 5052
f 5439 5402 5440
f 5440 5402 5401
f 5436 5435 5439
f 5439 5435 5402
f 5410 6336 5413
f 5413 6336 5414
f 5440 5401 5430
f 5430 5401 5429
f 5426 5420 5437
f 5437 5420 5434
f 5382 5432 5383
f 5383 5432 5384
f 5386 6336 5383
f 5383 6336 5380
f 6336 5386 5414
f 5414 5386 5388
f 5391 5418 5392
f 5392 5418 5411
f 5705 5395 5704
f 5704 5395 5394
f 5399 5435 5400
f 5400 5435 5434
f 5403 5441 5404
f 5404 5441 5405
f 5407 5429 5404
f 5404 5429 5401
f 5395 5705 5421
f 5421 5705 5748
f 5424 5706 5425
f 5425 5706 5431
f 5391 5390 5394
f 5394 5390 5704
f 5392 5388 5389
f 5389 5388 5387
f 5382 5381 5425
f 5425 5381 5422
f 5407 5406 5424
f 5424 5406 5706
f 5403 5402 5399
f 5399 5402 5435
f 5421 5748 5400
f 5400 5748 5397
f 4097 4721 4098
f 4098 4721 4231
f 4233 5273 4098
f 4098 5273 4095
f 6337 6338 4785
f 4785 6338 4786
f 4076 4780 4073
f 4073 4780 4781
f 4782 4190 4781
f 4781 4190 4073
f 4783 4901 4782
f 4782 4901 4190
f 4780 4076 4097
f 4097 4076 4721
f 6337 2879 4701
f 4701 2879 2878
f 5280 6339 5272
f 5272 6339 6340
f 5282 5281 6341
f 6341 5281 6342
f 4109 6302 4110
f 4110 6302 6301
f 4283 6304 4284
f 4284 6304 6303
f 6305 4379 6306
f 6306 4379 4378
f 4110 6301 4428
f 4428 6301 6309
f 6310 4688 4412
f 4412 4688 4687
f 4284 6303 4753
f 4753 6303 6313
f 4753 6313 4109
f 4109 6313 6302
f 6343 5226 4428
f 4428 5226 4427
f 4147 4900 4416
f 4416 4900 6308
f 6312 6311 4241
f 4241 6311 4720
f 5223 6344 4702
f 4702 6344 4699
f 4221 4220 6345
f 6345 4220 6346
f 5276 5275 6347
f 6347 5275 6348
f 5275 4728 6348
f 6348 4728 6349
f 4727 6350 5284
f 5284 6350 5285
f 6351 6352 6354
f 6354 6352 6353
f 5313 5312 5292
f 5292 5312 5293
f 5312 5344 5293
f 5293 5344 5337
f 5344 4914 5337
f 5337 4914 4916
f 4914 4913 4916
f 4916 4913 4917
f 4913 6355 4917
f 4917 6355 4978
f 6356 6357 6284
f 6284 6357 5012
f 6357 6358 5012
f 5012 6358 5011
f 5011 6358 5366
f 5366 6358 6359
f 6360 4742 6359
f 6359 4742 5366
f 4743 6361 4904
f 4904 6361 5364
f 5363 4905 5364
f 5364 4905 4904
f 5363 6362 4905
f 4905 6362 4207
f 6362 6363 4207
f 4207 6363 4208
f 6363 5342 4208
f 4208 5342 5330
f 5342 5341 5330
f 5330 5341 4244
f 5341 6364 4244
f 4244 6364 4245
f 6364 6365 4245
f 4245 6365 4246
f 6366 6367 4253
f 4253 6367 4250
f 4214 6368 4211
f 4211 6368 4380
f 4380 4379 4211
f 4211 4379 4283
f 4379 6305 4283
f 4283 6305 6304
f 6305 4968 6304
f 6304 4968 6287
f 4968 4967 6287
f 6287 4967 6286
f 4967 6297 6286
f 6286 6297 4676
f 6296 4376 4288
f 4288 4376 4285
f 4376 4373 4285
f 4285 4373 4290
f 6369 6370 6372
f 6372 6370 6371
f 5245 6373 5246
f 5246 6373 6374
f 4317 6375 4318
f 4318 6375 6376
f 4331 6377 4332
f 4332 6377 6378
f 6379 4333 6376
f 6376 4333 4318
f 4343 6380 4344
f 4344 6380 6381
f 4347 6382 4348
f 4348 6382 6383
f 4374 6371 4331
f 4331 6371 6377
f 4333 6379 4426
f 4426 6379 6384
f 4690 6385 4347
f 4347 6385 6382
f 4332 6378 4317
f 4317 6378 6375
f 4922 6386 4923
f 4923 6386 6387
f 6388 6389 4375
f 4375 6389 6390
f 6355 6356 4978
f 4978 6356 6284
f 4742 6360 4743
f 4743 6360 6361
f 6391 4238 6392
f 6392 4238 4719
f 6392 4719 6393
f 6393 4719 5296
f 6395 6396 6394
f 6394 6396 6397
f 6399 6400 6398
f 6398 6400 6401
f 6402 5302 6403
f 6403 5302 5303
f 5303 5321 6403
f 6403 5321 6404
f 5320 6405 5321
f 5321 6405 6404
f 5319 6406 5350
f 5350 6406 5351
f 5319 5318 6406
f 6406 5318 6407
f 5288 4197 6408
f 6408 4197 6409
f 4217 4216 6410
f 6410 4216 6411
f 5227 6412 6327
f 6327 6412 6328
f 4892 6413 5227
f 5227 6413 6412
f 4228 6414 4892
f 4892 6414 6413
f 4227 6415 4228
f 4228 6415 6414
f 4248 6416 4227
f 4227 6416 6415
f 4247 6417 4248
f 4248 6417 6416
f 6417 4247 6419
f 6419 4247 6418
f 6419 6418 6421
f 6421 6418 6420
f 6422 5301 6423
f 6423 5301 5300
f 6423 5300 6424
f 6424 5300 6399
f 6408 6409 6398
f 6398 6409 6425
f 6426 6427 6397
f 6397 6427 6394
f 6428 4224 6429
f 6429 4224 4223
f 6347 6346 5276
f 5276 6346 4220
f 6346 6347 6341
f 6341 6347 6339
f 5280 5278 5282
f 5282 5278 4236
f 4896 5224 4684
f 4684 5224 4681
f 4132 4135 4896
f 4896 4135 5224
f 4131 4136 4132
f 4132 4136 4135
f 4226 4754 4131
f 4131 4754 4136
f 4251 4213 4226
f 4226 4213 4754
f 4250 4214 4251
f 4251 4214 4213
f 4250 6367 4214
f 4214 6367 6368
f 6367 4910 6368
f 6368 4910 4737
f 4909 5297 4736
f 4736 5297 5296
f 5297 6395 5296
f 5296 6395 6393
f 6427 6430 6394
f 6394 6430 6431
f 6429 4383 6428
f 6428 4383 4382
f 4219 5277 4220
f 4220 5277 5276
f 4222 4697 4383
f 4383 4697 4218
f 6345 4699 4221
f 4221 4699 6344
f 6342 4700 6345
f 6345 4700 4699
f 4235 4786 5281
f 5281 4786 6338
f 4234 4787 4235
f 4235 4787 4786
f 5279 5278 6432
f 6432 5278 5271
f 4237 5279 6433
f 6433 5279 6432
f 4787 4234 6433
f 6433 4234 4237
f 6435 6436 6434
f 6434 6436 6437
f 6359 6438 6360
f 6360 6438 6437
f 6439 6440 6441
f 6441 6440 6438
f 6443 6439 6442
f 6442 6439 6441
f 6357 6356 6442
f 6442 6356 6444
f 6444 6446 6445
f 6445 6446 6447
f 4912 6446 4913
f 4913 6446 6355
f 6361 6436 5364
f 5364 6436 5365
f 5319 5350 5316
f 5316 5350 6448
f 4832 6449 5350
f 5350 6449 6448
f 4831 6450 4832
f 4832 6450 6449
f 5354 6451 5320
f 5320 6451 6405
f 4265 6452 5354
f 5354 6452 6451
f 4264 6453 4265
f 4265 6453 6452
f 6450 4831 6447
f 6447 4831 6445
f 4263 6435 4264
f 4264 6435 6434
f 6454 6453 6439
f 6439 6453 6440
f 6439 6443 6454
f 6454 6443 4834
f 4833 6455 4834
f 4834 6455 6454
f 5351 6456 4833
f 4833 6456 6455
f 6457 6391 6458
f 6458 6391 6392
f 6458 6392 6431
f 6431 6392 6393
f 5298 6396 5297
f 5297 6396 6395
f 6402 6400 5302
f 5302 6400 5299
f 6402 6403 6459
f 6459 6403 6460
f 6460 6403 6461
f 6461 6403 6404
f 6405 6462 6404
f 6404 6462 6461
f 6406 6462 5351
f 5351 6462 6456
f 6406 6407 6462
f 6462 6407 6461
f 6407 6463 6461
f 6461 6463 6460
f 6463 6464 6460
f 6460 6464 6459
f 6464 6465 6459
f 6459 6465 6401
f 6430 6466 6431
f 6431 6466 6458
f 6466 6410 6458
f 6458 6410 6457
f 6410 6411 6457
f 6457 6411 6467
f 6396 6424 6397
f 6397 6424 6425
f 6393 6395 6431
f 6431 6395 6394
f 6451 6456 6405
f 6405 6456 6462
f 6452 6455 6451
f 6451 6455 6456
f 6453 6454 6452
f 6452 6454 6455
f 6443 6445 4834
f 4834 6445 4831
f 6440 6453 6434
f 6434 6453 4264
f 6468 5306 5360
f 5360 5306 5305
f 6469 4124 6468
f 6468 4124 5306
f 6470 4125 6469
f 6469 4125 4124
f 6471 5291 6470
f 6470 5291 4125
f 6353 5292 6471
f 6471 5292 5291
f 5292 6353 5313
f 5313 6353 6352
f 5347 5314 6352
f 6352 5314 5313
f 5353 5318 5346
f 5346 5318 5317
f 5334 6468 5358
f 5358 6468 5360
f 5324 6469 5334
f 5334 6469 6468
f 5323 6470 5324
f 5324 6470 6469
f 5343 6471 5323
f 5323 6471 6470
f 6354 6353 5343
f 5343 6353 6471
f 6348 6349 4270
f 4270 6349 5311
f 5272 6340 5273
f 5273 6340 4272
f 6432 5271 4232
f 4232 5271 4233
f 4294 6432 4295
f 4295 6432 4232
f 6432 4294 6433
f 6433 4294 4301
f 4301 4300 6433
f 6433 4300 4787
f 4704 4784 4300
f 4300 4784 4787
f 4704 3013 4784
f 4784 3013 1307
f 5103 6472 5104
f 5104 6472 5202
f 5108 5116 5105
f 5105 5116 5115
f 5111 5124 5112
f 5112 5124 5123
f 5154 5205 5105
f 5105 5205 5106
f 5167 5180 5168
f 5168 5180 5185
f 5175 5188 5176
f 5176 5188 5187
f 5112 5123 5178
f 5178 5123 5120
f 5167 5090 5183
f 5183 5090 5089
f 5210 5151 5183
f 5183 5151 5181
f 5216 5138 5217
f 5217 5138 5137
f 5218 5119 5219
f 5219 5119 5221
f 5218 5178 5119
f 5119 5178 5120
f 5217 5137 5104
f 5104 5137 5101
f 5116 5108 5221
f 5221 5108 5219
f 5111 5110 5210
f 5210 5110 5151
f 5154 5153 5103
f 5103 5153 6472
f 5216 5215 5176
f 5176 5215 5173
f 5175 5174 5168
f 5168 5174 5166
f 5091 5172 5092
f 5092 5172 5208
f 5117 5037 5118
f 5118 5037 5036
f 5121 5164 5122
f 5122 5164 5133
f 5125 5084 5126
f 5126 5084 5083
f 5129 5174 5130
f 5130 5174 5173
f 5131 5202 5132
f 5132 5202 6472
f 5135 5221 5122
f 5122 5221 5119
f 5125 5124 5136
f 5136 5124 5209
f 5126 5083 5121
f 5121 5083 5164
f 5118 5036 5195
f 5195 5036 5193
f 5131 5097 5203
f 5203 5097 5114
f 5132 6472 5195
f 5195 6472 5153
f 5136 5209 5092
f 5092 5209 5089
f 5135 5134 5117
f 5117 5134 5037
f 5362 5206 5130
f 5130 5206 5127
f 5372 5371 5128
f 5128 5371 5129
f 5371 5372 5091
f 5091 5372 5172
f 5362 5215 5203
f 5203 5215 5201
f 6463 6407 5353
f 5353 6407 5318
f 6464 6463 5352
f 5352 6463 5353
f 6408 6465 5288
f 5288 6465 5289
f 4196 4224 6426
f 6426 4224 6427
f 6430 6427 6428
f 6428 6427 4224
f 6466 6430 4382
f 4382 6430 6428
f 6410 6466 4217
f 4217 6466 4382
f 4240 4239 3015
f 3015 4239 3016
f 4254 4257 3017
f 3017 4257 3018
f 6473 6474 4732
f 4732 6474 6475
f 6474 6374 6475
f 6475 6374 6373
f 5246 6374 3022
f 3022 6374 3023
f 4254 6299 4255
f 4255 6299 6288
f 6473 6300 3024
f 3024 6300 3025
f 6476 4257 6312
f 6312 4257 4256
f 4240 6476 4241
f 4241 6476 6312
f 6477 4239 6391
f 6391 4239 4238
f 6467 6477 6457
f 6457 6477 6391
f 6411 3029 6467
f 6467 3029 3028
f 4216 3030 6411
f 6411 3030 3029
f 6479 6480 6478
f 6478 6480 6481
f 6483 6484 6482
f 6482 6484 6485
f 6486 6487 4102
f 4102 6487 6331
f 6483 6488 6478
f 6478 6488 6489
f 4429 4829 6490
f 6490 4829 6479
f 6491 6486 4101
f 4101 6486 4102
f 4895 6491 4899
f 4899 6491 4101
f 4160 6488 4157
f 4157 6488 6492
f 6489 4087 6490
f 6490 4087 4090
f 4267 4261 5013
f 5013 4261 4260
f 4258 4261 5328
f 5328 4261 4975
f 4261 4267 4975
f 4975 4267 4266
f 5367 3793 3912
f 3912 3793 3575
f 6494 3616 6493
f 6493 3616 3795
f 6496 3589 6495
f 6495 3589 3588
f 6495 3588 5368
f 5368 3588 3794
f 3841 3840 3050
f 3050 3840 3051
f 3912 3911 3052
f 3052 3911 3053
f 3929 3930 3054
f 3054 3930 3055
f 5370 3930 3916
f 3916 3930 3923
f 3938 5369 3807
f 3807 5369 3915
f 3589 6496 3806
f 3806 6496 3937
f 3938 3937 3056
f 3056 3937 3057
f 3051 3840 3058
f 3058 3840 3943
f 3730 4808 3727
f 3727 4808 3943
f 3820 3951 3795
f 3795 3951 6493
f 3951 3841 3059
f 3059 3841 3050
f 3911 3574 6494
f 6494 3574 3616
f 3823 3929 3824
f 3824 3929 3952
f 4061 4060 3060
f 3060 4060 3061
f 6497 6498 4901
f 4901 6498 4790
f 6333 6499 4738
f 4738 6499 4739
f 6500 6501 6314
f 6314 6501 4418
f 6502 6275 4417
f 4417 6275 4185
f 6503 6497 4783
f 4783 6497 4901
f 6498 4060 4790
f 4790 4060 4059
f 4808 4061 3069
f 3069 4061 3060
f 5367 3071 5368
f 5368 3071 3070
f 5369 3073 5370
f 5370 3073 3072
f 6274 6275 3074
f 3074 6275 3075
f 6499 6504 4739
f 4739 6504 6317
f 6333 6332 3077
f 3077 6332 3078
f 6334 6274 3079
f 3079 6274 3074
f 6332 4825 3078
f 3078 4825 3080
f 6334 6503 4188
f 4188 6503 4783
f 4825 4689 3080
f 3080 4689 1330
f 6506 4747 6505
f 6505 4747 4746
f 6505 6507 6506
f 6506 6507 6508
f 4297 6509 4920
f 4920 6509 6510
f 4296 6511 4297
f 4297 6511 6509
f 6506 6508 4319
f 4319 6508 6512
f 4372 4371 6514
f 6514 4371 6513
f 6511 4296 5251
f 5251 4296 4305
f 5251 5250 6511
f 6511 5250 6515
f 6516 6509 6515
f 6515 6509 6511
f 6517 6507 6519
f 6519 6507 6518
f 6512 6520 6513
f 6513 6520 6514
f 6507 6517 6508
f 6508 6517 6521
f 5249 6523 6522
f 6522 6523 6524
f 6525 6370 5253
f 5253 6370 6526
f 4370 4323 4371
f 4371 4323 4326
f 4370 3103 4323
f 4323 3103 1541
f 6521 6517 6527
f 6527 6517 6519
f 6520 6528 6514
f 6514 6528 6529
f 6531 6532 6530
f 6530 6532 6533
f 5250 6534 6515
f 6515 6534 6535
f 6530 6533 6536
f 6536 6533 6537
f 6526 6538 6534
f 6534 6538 6537
f 6515 6535 6516
f 6516 6535 6539
f 4325 4321 4326
f 4326 4321 4320
f 4371 4326 6513
f 6513 4326 4320
f 6531 4731 6541
f 6541 4731 6540
f 4731 4730 6540
f 6540 4730 6542
f 4730 3121 6542
f 6542 3121 3120
f 6530 4328 6531
f 6531 4328 4731
f 4328 6530 4329
f 4329 6530 6536
f 4329 6536 6524
f 6524 6536 6543
f 6544 6545 6522
f 6522 6545 5248
f 6389 6388 5245
f 5245 6388 6373
f 6388 6546 6373
f 6373 6546 6475
f 4733 6546 6295
f 6295 6546 4377
f 4732 6475 4733
f 4733 6475 6546
f 4393 4432 4394
f 4394 4432 4435
f 4434 4672 4842
f 4842 4672 4671
f 4440 4439 4441
f 4441 4439 4438
f 4436 4450 4437
f 4437 4450 4398
f 4447 4444 4448
f 4448 4444 4392
f 4446 4464 4433
f 4433 4464 6547
f 4454 4423 4455
f 4455 4423 4422
f 4452 4481 4453
f 4453 4481 4480
f 4458 4389 4459
f 4459 4389 4388
f 4456 4471 4457
f 4457 4471 4468
f 4391 4460 4392
f 4392 4460 4448
f 4461 4467 4445
f 4445 4467 4465
f 4437 4398 4629
f 4629 4398 4397
f 4438 4628 4441
f 4441 4628 4631
f 4841 4629 4839
f 4839 4629 4397
f 4628 4842 4631
f 4631 4842 4671
f 4930 4989 4452
f 4452 4989 4481
f 4929 4927 4436
f 4436 4927 4450
f 4933 4387 4934
f 4934 4387 4386
f 4931 4475 4932
f 4932 4475 4474
f 4936 4449 4933
f 4933 4449 4387
f 4935 4472 4456
f 4456 4472 4471
f 4389 4458 4391
f 4391 4458 4460
f 4457 4468 4461
f 4461 4468 4467
f 4934 4386 4454
f 4454 4386 4423
f 4453 4480 4931
f 4931 4480 4475
f 4575 4997 4576
f 4576 4997 4639
f 4579 4596 4580
f 4580 4596 4595
f 4583 4582 4572
f 4572 4582 4569
f 4587 4944 4588
f 4588 4944 4562
f 4588 4562 4590
f 4590 4562 4561
f 4576 4639 4642
f 4642 4639 4638
f 4642 4845 4641
f 4641 4845 4846
f 4845 4590 4846
f 4846 4590 4561
f 4941 4938 4595
f 4595 4938 4580
f 4938 4940 4668
f 4668 4940 4669
f 4583 4942 4584
f 4584 4942 4947
f 4582 4587 4569
f 4569 4587 4586
f 5000 5001 4579
f 4579 5001 4596
f 4558 4560 4585
f 4585 4560 4586
f 4565 4639 4566
f 4566 4639 4997
f 4568 4567 4577
f 4577 4567 4578
f 4570 4554 4571
f 4571 4554 4556
f 4640 4565 4637
f 4637 4565 4546
f 4662 4664 4665
f 4665 4664 4844
f 4662 4558 4589
f 4589 4558 4585
f 4554 4570 4557
f 4557 4570 4560
f 4571 4667 4572
f 4572 4667 4943
f 4551 4670 4552
f 4552 4670 4666
f 4640 4664 4638
f 4638 4664 4663
f 4670 4568 4668
f 4668 4568 4577
f 4999 4996 4566
f 4566 4996 4543
f 4608 4564 4603
f 4603 4564 4563
f 4573 4593 4574
f 4574 4593 4592
f 4597 4614 4598
f 4598 4614 4613
f 4601 4600 4584
f 4584 4600 4581
f 4563 4562 4604
f 4604 4562 4944
f 4643 4593 4641
f 4641 4593 4573
f 4643 4847 4644
f 4644 4847 4848
f 4564 4847 4561
f 4561 4847 4846
f 4945 4941 4598
f 4598 4941 4595
f 4941 4945 4939
f 4939 4945 4946
f 4601 4948 4602
f 4602 4948 4620
f 4600 4604 4581
f 4581 4604 4944
f 5002 5003 4597
f 4597 5003 4614
f 4988 4759 4953
f 4953 4759 4402
f 4706 6548 4707
f 4707 6548 6549
f 4311 4928 4419
f 4419 4928 6550
f 4921 4920 6551
f 6551 4920 6552
f 4925 6553 4926
f 4926 6553 6554
f 4928 4921 4802
f 4802 4921 6551
f 6555 4985 6550
f 6550 4985 4419
f 4952 6556 4953
f 4953 6556 4649
f 4971 6557 4706
f 4706 6557 6548
f 4988 4648 4925
f 4925 4648 6553
f 4707 6549 5006
f 5006 6549 4987
f 4920 6510 6552
f 6552 6510 6518
f 6558 6510 6516
f 6516 6510 6509
f 6559 6558 6539
f 6539 6558 6516
f 6531 6541 6532
f 6532 6541 6560
f 6540 6561 6541
f 6541 6561 6529
f 6542 6562 6540
f 6540 6562 6561
f 6542 3120 6562
f 6562 3120 3142
f 4366 6563 4760
f 4760 6563 4970
f 4815 6564 4816
f 4816 6564 6565
f 3147 3146 6565
f 6565 3146 4816
f 6564 6563 6565
f 6565 6563 6566
f 4837 4385 4357
f 4357 4385 4358
f 6565 6566 3147
f 3147 6566 3149
f 4694 1209 3150
f 5247 5249 5248
f 5248 5249 6522
f 6372 6390 6545
f 6545 6390 6389
f 6375 5254 6376
f 6376 5254 5258
f 6377 6525 6378
f 6378 6525 5255
f 5260 6379 5258
f 5258 6379 6376
f 6380 6567 6381
f 6381 6567 6568
f 6382 6569 6383
f 6383 6569 6570
f 6377 6371 6525
f 6525 6371 6370
f 6379 5260 6384
f 6384 5260 6571
f 6385 6572 6382
f 6382 6572 6569
f 6378 5255 6375
f 6375 5255 5254
f 6386 6573 6387
f 6387 6573 6574
f 6545 6389 5248
f 5248 6389 5245
f 4675 4750 4676
f 4676 4750 6286
f 4734 6289 4735
f 4735 6289 6288
f 4804 6290 4805
f 4805 6290 4963
f 4811 4807 4812
f 4812 4807 4411
f 4954 6292 4955
f 4955 6292 4959
f 4964 4962 4965
f 4965 4962 4751
f 6285 4821 4812
f 4812 4821 4809
f 4675 4287 4965
f 4965 4287 4210
f 6294 4145 4955
f 4955 4145 4154
f 4964 4120 4805
f 4805 4120 4119
f 6298 4966 4734
f 4734 4966 6289
f 6300 6473 4735
f 4735 6473 4732
f 6297 6296 4676
f 4676 6296 4288
f 6523 3160 4330
f 4330 3160 3159
f 5253 5252 6525
f 6525 5252 5255
f 5256 5252 4305
f 4305 5252 5251
f 4304 5257 4305
f 4305 5257 5256
f 4424 5259 4304
f 4304 5259 5257
f 5261 6571 5259
f 5259 6571 5260
f 5262 6573 5261
f 5261 6573 6571
f 5264 6567 5265
f 5265 6567 6574
f 5266 6572 5267
f 5267 6572 6568
f 5268 6570 5269
f 5269 6570 6569
f 1807 3161 5268
f 5268 3161 6570
f 6524 6523 4329
f 4329 6523 4330
f 5253 6526 5250
f 5250 6526 6534
f 6543 6538 6544
f 6544 6538 6369
f 6524 6543 6522
f 6522 6543 6544
f 3071 5367 3052
f 3052 5367 3912
f 6493 3163 6494
f 6494 3163 3162
f 3164 445 3771
f 3771 445 3761
f 461 3165 3919
f 3919 3165 3920
f 330 410 3839
f 3839 410 3910
f 332 331 3552
f 3552 331 3551
f 464 304 3918
f 3918 304 3816
f 385 458 3766
f 3766 458 3894
f 412 415 3762
f 3762 415 3763
f 3166 337 3748
f 3748 337 3745
f 3072 3055 5370
f 5370 3055 3930
f 3073 5369 3056
f 3056 5369 3938
f 3167 3057 6496
f 6496 3057 3937
f 3069 3058 4808
f 4808 3058 3943
f 411 3166 3851
f 3851 3166 3748
f 3059 3163 3951
f 3951 3163 6493
f 336 3164 3772
f 3772 3164 3771
f 3053 3911 3162
f 3162 3911 6494
f 3054 3168 3929
f 3929 3168 3952
f 3165 830 3920
f 3920 830 3945
f 3170 3169 6497
f 6497 3169 6498
f 3171 1354 5005
f 5005 1354 4830
f 3172 3170 6503
f 6503 3170 6497
f 3169 3061 6498
f 6498 3061 4060
f 3173 3171 5006
f 5006 3171 5005
f 3079 3172 6334
f 6334 3172 6503
f 3174 3025 6299
f 6299 3025 6300
f 6576 6577 6575
f 6575 6577 6578
f 4612 4611 6579
f 6579 4611 6580
f 6582 6583 6581
f 6581 6583 6584
f 6584 6585 4618
f 4618 6585 4621
f 6586 6587 6589
f 6589 6587 6588
f 6588 6587 6590
f 6590 6587 6591
f 6592 4606 6590
f 6590 4606 4623
f 6594 6576 6593
f 6593 6576 6575
f 6595 6582 6579
f 6579 6582 6581
f 6580 6597 6596
f 6596 6597 6598
f 6577 6576 6599
f 6599 6576 6600
f 6595 6596 6601
f 6601 6596 6602
f 6583 6582 6603
f 6603 6582 6604
f 6586 6606 6605
f 6605 6606 6607
f 6587 6586 6608
f 6608 6586 6605
f 6587 6608 6591
f 6591 6608 6609
f 6576 6594 6600
f 6600 6594 6610
f 6582 6595 6604
f 6604 6595 6601
f 6599 6611 6577
f 6577 6611 6598
f 6613 6614 6612
f 6612 6614 6615
f 6617 6618 6616
f 6616 6618 6619
f 6621 6622 6620
f 6620 6622 6623
f 6625 6626 6624
f 6624 6626 6627
f 6629 6630 6628
f 6628 6630 6631
f 6633 6634 6632
f 6632 6634 6635
f 6637 6638 6636
f 6636 6638 6639
f 6640 6641 6637
f 6637 6641 6638
f 6643 6633 6642
f 6642 6633 6632
f 6645 6646 6644
f 6644 6646 6647
f 6646 6648 6647
f 6647 6648 6649
f 6651 6652 6650
f 6650 6652 6653
f 6653 6652 6654
f 6654 6652 6655
f 6656 6657 6659
f 6659 6657 6658
f 6661 6662 6660
f 6660 6662 6663
f 6662 6661 6664
f 6664 6661 6665
f 6667 6657 6666
f 6666 6657 6656
f 6669 6670 6668
f 6668 6670 6671
f 6672 6673 6670
f 6670 6673 6671
f 6674 6675 6677
f 6677 6675 6676
f 6675 6678 6676
f 6676 6678 6679
f 6681 6682 6680
f 6680 6682 6683
f 6684 6685 6683
f 6683 6685 6680
f 6687 6688 6686
f 6686 6688 6689
f 6687 6690 6688
f 6688 6690 6691
f 6619 6618 6633
f 6633 6618 6634
f 6632 6635 6693
f 6693 6635 6692
f 6617 6694 6636
f 6636 6694 6637
f 6695 6692 6639
f 6639 6692 6635
f 6637 6694 6640
f 6640 6694 6696
f 6698 6638 6697
f 6697 6638 6641
f 6643 6616 6633
f 6633 6616 6619
f 6642 6699 6641
f 6641 6699 6697
f 6646 6645 6700
f 6700 6645 6621
f 6644 6701 6654
f 6654 6701 6702
f 6700 6703 6646
f 6646 6703 6648
f 6693 6704 6649
f 6649 6704 6647
f 6620 6623 6651
f 6651 6623 6652
f 6693 6649 6699
f 6699 6649 6650
f 6652 6623 6655
f 6655 6623 6622
f 6654 6702 6653
f 6653 6702 6697
f 6615 6614 6657
f 6657 6614 6658
f 6705 6656 6704
f 6704 6656 6659
f 6613 6706 6660
f 6660 6706 6661
f 6704 6659 6701
f 6701 6659 6663
f 6661 6706 6665
f 6665 6706 6707
f 6708 6702 6664
f 6664 6702 6662
f 6612 6615 6667
f 6667 6615 6657
f 6666 6709 6664
f 6664 6709 6708
f 6629 6710 6669
f 6669 6710 6670
f 6668 6711 6679
f 6679 6711 6712
f 6713 6672 6710
f 6710 6672 6670
f 6714 6671 6705
f 6705 6671 6673
f 6628 6631 6674
f 6674 6631 6675
f 6705 6673 6709
f 6709 6673 6677
f 6631 6630 6675
f 6675 6630 6678
f 6712 6708 6679
f 6679 6708 6676
f 6625 6715 6682
f 6682 6715 6683
f 6716 6717 6681
f 6681 6717 6691
f 6718 6684 6715
f 6715 6684 6683
f 6719 6680 6714
f 6714 6680 6685
f 6624 6627 6686
f 6686 6627 6687
f 6689 6711 6685
f 6685 6711 6714
f 6627 6626 6687
f 6687 6626 6690
f 6717 6712 6691
f 6691 6712 6688
f 6612 6707 6613
f 6613 6707 6706
f 6616 6696 6617
f 6617 6696 6694
f 6703 6700 6620
f 6620 6700 6621
f 6715 6625 6718
f 6718 6625 6624
f 6710 6629 6713
f 6713 6629 6628
f 6639 6635 6636
f 6636 6635 6634
f 6641 6640 6642
f 6642 6640 6643
f 6654 6655 6644
f 6644 6655 6645
f 6651 6650 6648
f 6648 6650 6649
f 6659 6658 6663
f 6663 6658 6660
f 6665 6667 6664
f 6664 6667 6666
f 6678 6669 6679
f 6679 6669 6668
f 6673 6672 6677
f 6677 6672 6674
f 6690 6682 6691
f 6691 6682 6681
f 6685 6684 6689
f 6689 6684 6686
f 6636 6634 6617
f 6617 6634 6618
f 6638 6698 6639
f 6639 6698 6695
f 6640 6696 6643
f 6643 6696 6616
f 6693 6699 6632
f 6632 6699 6642
f 6655 6622 6645
f 6645 6622 6621
f 6704 6701 6647
f 6647 6701 6644
f 6651 6648 6620
f 6620 6648 6703
f 6650 6653 6699
f 6699 6653 6697
f 6613 6660 6614
f 6614 6660 6658
f 6663 6662 6701
f 6701 6662 6702
f 6665 6707 6667
f 6667 6707 6612
f 6705 6709 6656
f 6656 6709 6666
f 6630 6629 6678
f 6678 6629 6669
f 6714 6711 6671
f 6671 6711 6668
f 6672 6713 6674
f 6674 6713 6628
f 6677 6676 6709
f 6709 6676 6708
f 6626 6625 6690
f 6690 6625 6682
f 6680 6719 6681
f 6681 6719 6716
f 6684 6718 6686
f 6686 6718 6624
f 6711 6689 6712
f 6689 6688 6712
f 6593 6720 6594
f 6594 6720 6721
f 6722 6720 4607
f 4607 6720 4849
f 6592 6723 6722
f 6722 6723 6724
f 4610 4609 6578
f 6578 4609 6575
f 6596 6595 6580
f 6580 6595 6579
f 4618 4617 6584
f 6584 4617 6581
f 6589 6585 6586
f 6586 6585 6606
f 4622 4619 6588
f 6588 4619 6589
f 4622 6588 4623
f 4623 6588 6590
f 4609 4645 6575
f 6575 4645 6593
f 4617 4612 6581
f 6581 4612 6579
f 5004 4610 6597
f 6597 4610 6578
f 4645 4849 6593
f 6593 4849 6720
f 6724 6721 6722
f 6722 6721 6720
f 6722 4607 6592
f 6592 4607 4606
f 6725 6610 6721
f 6721 6610 6594
f 6723 6726 6724
f 6724 6726 6727
f 6727 6725 6724
f 6724 6725 6721
f 6728 6729 6605
f 6605 6729 6608
f 6605 6607 6728
f 6728 6607 6730
f 6731 6732 6604
f 6604 6732 6603
f 6733 6734 6725
f 6725 6734 6610
f 6735 6733 6727
f 6727 6733 6725
f 6735 6727 6736
f 6736 6727 6726
f 6591 6609 6723
f 6723 6609 6726
f 6723 6592 6591
f 6591 6592 6590
f 6738 6739 6737
f 6737 6739 6740
f 6740 6739 6742
f 6742 6739 6741
f 6743 6744 6741
f 6741 6744 6742
f 6745 6746 6743
f 6743 6746 6744
f 6747 6748 6745
f 6745 6748 6746
f 6749 6750 6747
f 6747 6750 6748
f 6752 6738 6751
f 6751 6738 6737
f 6754 6752 6753
f 6753 6752 6751
f 6756 6754 6755
f 6755 6754 6753
f 6758 6750 6757
f 6757 6750 6749
f 6760 6756 6759
f 6759 6756 6755
f 6762 6760 6761
f 6761 6760 6759
f 6764 6762 6763
f 6763 6762 6761
f 6757 6764 6758
f 6758 6764 6763
f 6766 6741 6765
f 6765 6741 6739
f 6767 6743 6766
f 6766 6743 6741
f 6768 6745 6767
f 6767 6745 6743
f 6769 6747 6768
f 6768 6747 6745
f 6770 6749 6769
f 6769 6749 6747
f 6772 6769 6771
f 6771 6769 6768
f 6773 6770 6772
f 6772 6770 6769
f 6774 6775 6772
f 6772 6775 6773
f 6777 6778 6776
f 6776 6778 6779
f 6775 6774 6778
f 6778 6774 6779
f 6771 6780 6772
f 6772 6780 6774
f 6780 6781 6774
f 6774 6781 6779
f 6781 6782 6779
f 6779 6782 6776
f 6784 6785 6783
f 6783 6785 6786
f 6786 6787 6783
f 6783 6787 6788
f 6790 6788 6789
f 6789 6788 6787
f 6786 6785 6791
f 6791 6785 6792
f 6791 6793 6786
f 6786 6793 6787
f 6793 6794 6787
f 6787 6794 6789
f 6795 6796 6794
f 6794 6796 6789
f 6790 6789 6797
f 6797 6789 6796
f 6798 6765 6738
f 6738 6765 6739
f 6799 6798 6752
f 6752 6798 6738
f 6767 6800 6768
f 6768 6800 6771
f 6766 6801 6767
f 6767 6801 6800
f 6802 6801 6765
f 6765 6801 6766
f 6798 6803 6765
f 6765 6803 6802
f 6804 6803 6799
f 6799 6803 6798
f 6805 6806 6804
f 6804 6806 6803
f 6807 6799 6754
f 6754 6799 6752
f 6808 6804 6807
f 6807 6804 6799
f 6809 6805 6808
f 6808 6805 6804
f 6810 6811 6805
f 6805 6811 6806
f 6812 6813 6810
f 6810 6813 6811
f 6814 6815 6796
f 6796 6815 6797
f 6813 6814 6816
f 6816 6814 6817
f 6816 6818 6813
f 6813 6818 6811
f 6819 6806 6818
f 6818 6806 6811
f 6802 6803 6819
f 6819 6803 6806
f 6757 6749 6820
f 6820 6749 6770
f 6820 6770 6821
f 6821 6770 6773
f 6821 6773 6822
f 6822 6773 6775
f 6822 6775 6823
f 6823 6775 6778
f 6824 6823 6777
f 6777 6823 6778
f 6784 6825 6777
f 6777 6825 6824
f 6826 6827 6788
f 6788 6827 6783
f 6828 6826 6790
f 6790 6826 6788
f 6829 6828 6797
f 6797 6828 6790
f 6815 6830 6797
f 6797 6830 6829
f 6832 6812 6831
f 6831 6812 6810
f 6831 6810 6809
f 6809 6810 6805
f 6736 6800 6735
f 6735 6800 6801
f 6733 6735 6802
f 6802 6735 6801
f 6734 6733 6819
f 6819 6733 6802
f 6833 6734 6818
f 6818 6734 6819
f 6834 6833 6816
f 6816 6833 6818
f 6816 6817 6834
f 6834 6817 6835
f 6837 6795 6836
f 6836 6795 6794
f 6836 6794 6731
f 6731 6794 6793
f 6732 6731 6791
f 6791 6731 6793
f 6791 6792 6732
f 6732 6792 6730
f 6729 6728 6781
f 6781 6728 6782
f 6838 6807 6756
f 6756 6807 6754
f 6839 6838 6760
f 6760 6838 6756
f 6840 6839 6762
f 6762 6839 6760
f 6841 6840 6764
f 6764 6840 6762
f 6820 6841 6757
f 6757 6841 6764
f 6841 6820 6842
f 6842 6820 6821
f 6840 6841 6843
f 6843 6841 6842
f 6839 6840 6844
f 6844 6840 6843
f 6838 6839 6845
f 6845 6839 6844
f 6807 6838 6808
f 6808 6838 6845
f 6842 6821 6846
f 6846 6821 6822
f 6843 6842 6847
f 6847 6842 6846
f 6844 6843 6848
f 6848 6843 6847
f 6845 6844 6849
f 6849 6844 6848
f 6808 6845 6809
f 6809 6845 6849
f 6850 6831 6849
f 6849 6831 6809
f 6851 6850 6848
f 6848 6850 6849
f 6847 6852 6848
f 6848 6852 6851
f 6853 6852 6846
f 6846 6852 6847
f 6846 6822 6853
f 6853 6822 6823
f 6853 6823 6854
f 6854 6823 6824
f 6854 6855 6853
f 6853 6855 6852
f 6856 6851 6855
f 6855 6851 6852
f 6856 6857 6851
f 6851 6857 6850
f 6857 6832 6850
f 6850 6832 6831
f 6825 6858 6824
f 6824 6858 6854
f 6860 6827 6859
f 6859 6827 6826
f 6859 6826 6861
f 6861 6826 6828
f 6862 6861 6829
f 6829 6861 6828
f 6830 6863 6829
f 6829 6863 6862
f 6863 6864 6862
f 6862 6864 6865
f 6858 6866 6854
f 6854 6866 6855
f 6867 6865 6866
f 6866 6865 6864
f 6869 6859 6868
f 6868 6859 6861
f 6867 6869 6865
f 6865 6869 6868
f 6861 6862 6868
f 6868 6862 6865
f 6867 6860 6869
f 6869 6860 6859
f 6753 6751 6698
f 6698 6751 6695
f 6697 6755 6698
f 6698 6755 6753
f 6759 6755 6702
f 6702 6755 6697
f 6761 6759 6708
f 6708 6759 6702
f 6763 6761 6712
f 6712 6761 6708
f 6758 6763 6717
f 6717 6763 6712
f 6750 6758 6716
f 6716 6758 6717
f 6719 6748 6716
f 6716 6748 6750
f 6714 6746 6719
f 6719 6746 6748
f 6705 6744 6714
f 6714 6744 6746
f 6704 6742 6705
f 6705 6742 6744
f 6740 6742 6693
f 6693 6742 6704
f 6737 6740 6692
f 6692 6740 6693
f 6751 6737 6695
f 6695 6737 6692
f 6601 6602 6836
f 6836 6602 6837
f 6604 6601 6731
f 6731 6601 6836
f 6599 6600 6834
f 6834 6600 6833
f 6834 6835 6599
f 6599 6835 6611
f 6600 6610 6833
f 6833 6610 6734
f 6780 6771 6870
f 6870 6771 6736
f 6736 6771 6800
f 6870 6729 6780
f 6780 6729 6781
f 6608 6729 6609
f 6609 6729 6870
f 6609 6870 6726
f 6726 6870 6736
f 5014 5015 5229
f 5229 5015 5230
f 4258 5015 4259
f 4259 5015 4878
f 3471 3013 4703
f 4703 3013 4704
f 2879 6337 1306
f 1306 6337 4785
f 829 3471 4316
f 4316 3471 4703
f 4702 3472 5223
f 5223 3472 1756
f 6871 6872 4534
f 4534 6872 4535
f 6871 4665 6872
f 6872 4665 4844
f 6871 6873 4665
f 4665 6873 4559
f 6871 4534 6873
f 6873 4534 4542
f 4153 4152 4822
f 4822 4152 4407
f 4152 4168 4407
f 4407 4168 4342
f 4343 4168 4923
f 4923 4168 4167
f 4363 4362 4972
f 4972 4362 4840
f 4362 4394 4840
f 4840 4394 4839
f 4401 4400 4986
f 4986 4400 4984
f 4435 4434 4841
f 4841 4434 4842
f 4506 4505 4530
f 4530 4505 4531
f 4506 4535 4507
f 4507 4535 4843
f 4661 4660 4516
f 4516 4660 4517
f 4673 4672 4937
f 4937 4672 6547
f 4400 4924 4984
f 4984 4924 5263
f 4673 4660 4674
f 4674 4660 4659
f 4505 4661 4531
f 4531 4661 4516
f 4952 4401 6874
f 6874 4401 4986
f 4954 4153 6875
f 6875 4153 4822
f 4363 4973 4364
f 4364 4973 4974
f 5264 4924 5267
f 5267 4924 4691
f 6293 6292 6876
f 6876 6292 6877
f 6380 4343 6387
f 6387 4343 4923
f 4394 4435 4839
f 4839 4435 4841
f 4672 4434 6547
f 6547 4434 4433
f 4973 6556 4974
f 4974 6556 6878
f 6567 6380 6574
f 6574 6380 6387
f 6292 4954 6877
f 6877 4954 6875
f 6567 5264 6568
f 6568 5264 5267
f 4145 4144 4154
f 4154 4144 4151
f 4194 4144 4425
f 4425 4144 4143
f 4355 4354 5263
f 5263 4354 4984
f 4360 4359 4364
f 4364 4359 4361
f 4444 4359 4392
f 4392 4359 4337
f 4447 4446 4432
f 4432 4446 4433
f 4464 4463 6547
f 6547 4463 4937
f 4519 4518 4654
f 4654 4518 4509
f 4533 4532 4499
f 4499 4532 4498
f 4533 4542 4530
f 4530 4542 4534
f 4519 4532 4516
f 4516 4532 4531
f 4922 4194 4426
f 4426 4194 4425
f 4463 4518 4937
f 4937 4518 4517
f 6555 4951 6874
f 6874 4951 6878
f 4958 4957 6290
f 6290 4957 6291
f 4334 4360 4712
f 4712 4360 4950
f 4985 4354 4419
f 4419 4354 4353
f 5262 4355 5265
f 5265 4355 5263
f 6294 4958 4804
f 4804 4958 6290
f 6386 4922 6384
f 6384 4922 4426
f 4444 4447 4393
f 4393 4447 4432
f 4464 4446 4465
f 4465 4446 4445
f 4985 6555 4986
f 4986 6555 6874
f 6573 6386 6571
f 6571 6386 6384
f 4145 6294 4146
f 4146 6294 4804
f 6573 5262 6574
f 6574 5262 5265
f 4542 4541 6873
f 6873 4541 4559
f 4535 6872 4843
f 4843 6872 4844
f 4104 4103 6879
f 6879 4103 6343
f 4105 6293 6307
f 6307 6293 6876
f 4104 4956 4105
f 4105 4956 6293
f 4956 4104 4957
f 4957 4104 6879
f 4957 6879 6291
f 6291 6879 6309
f 4648 4988 4649
f 4649 4988 4953
f 4802 4803 4928
f 4928 4803 6550
f 6550 4803 6555
f 6555 4803 4951
f 1516 3173 4987
f 4987 3173 5006
f 6519 6518 6558
f 6558 6518 6510
f 6527 6519 6559
f 6559 6519 6558
f 6528 6560 6529
f 6529 6560 6541
f 6548 4625 6549
f 6549 4625 4624
f 6551 6552 4746
f 4746 6552 6505
f 6553 4711 6554
f 6554 4711 4710
f 4802 6551 4713
f 4713 6551 4746
f 6556 4973 4649
f 4649 4973 4646
f 6557 4949 6548
f 6548 4949 4625
f 4648 4647 6553
f 6553 4647 4711
f 6549 4624 4987
f 4987 4624 4838
f 6552 6518 6505
f 6505 6518 6507
f 6561 4372 6529
f 6529 4372 6514
f 6562 4369 6561
f 6561 4369 4372
f 3142 3482 6562
f 6562 3482 4369
f 6556 4952 6878
f 6878 4952 6874
f 4951 4950 6878
f 6878 4950 4974
f 3168 440 3952
f 4204 4203 5341
f 5341 4203 6364
f 4219 4222 6429
f 6429 4222 4383
f 4319 4322 6506
f 6506 4322 4747
f 4340 4714 4341
f 4341 4714 4384
f 4375 4377 6388
f 6388 4377 6546
f 4378 4381 6311
f 6311 4381 4720
f 4449 4341 4387
f 4387 4341 4384
f 4473 4472 4477
f 4477 4472 4474
f 4492 4491 4487
f 4487 4491 4488
f 4523 4491 4522
f 4522 4491 4490
f 4492 4538 4493
f 4493 4538 4555
f 4538 4553 4555
f 4555 4553 4556
f 4620 4615 4621
f 4621 4615 4618
f 4652 4651 4368
f 4368 4651 4365
f 4523 4655 4524
f 4524 4655 4656
f 4553 4667 4556
f 4556 4667 4571
f 4651 1210 4365
f 4365 1210 1209
f 4698 4697 5223
f 5223 4697 6344
f 4340 4339 4322
f 4322 4339 4747
f 4726 4729 5287
f 5287 4729 4198
f 4381 4380 4737
f 4737 4380 6368
f 4836 4835 4451
f 4451 4835 4709
f 4910 6367 4911
f 4911 6367 6366
f 4912 4915 6450
f 6450 4915 6449
f 4927 4836 4450
f 4450 4836 4451
f 4930 4929 4439
f 4439 4929 4436
f 4936 4935 4459
f 4459 4935 4456
f 4473 4655 4470
f 4470 4655 4510
f 4942 4583 4943
f 4943 4583 4572
f 4948 4601 4947
f 4947 4601 4584
f 4949 4835 4625
f 4625 4835 4626
f 4966 4969 6289
f 6289 4969 4695
f 4971 4652 4926
f 4926 4652 4368
f 4203 4977 6364
f 6364 4977 6365
f 4990 4989 4443
f 4443 4989 4440
f 4990 4991 4478
f 4478 4991 4512
f 4992 4991 4528
f 4528 4991 4515
f 4992 4993 4527
f 4527 4993 4485
f 4994 4993 4502
f 4502 4993 4503
f 4994 4995 4482
f 4482 4995 4550
f 4543 4996 4544
f 4544 4996 4995
f 4999 4998 4567
f 4567 4998 4578
f 5000 4998 4575
f 4575 4998 4997
f 5002 5001 4592
f 4592 5001 4574
f 5003 5004 4614
f 4614 5004 4611
f 3483 4215 1755
f 1755 4215 4698
f 5274 5277 4195
f 4195 5277 4223
f 4726 5295 4727
f 4727 5295 6350
f 5309 5342 5310
f 5310 5342 6363
f 5315 5314 5316
f 5316 5314 5317
f 5339 6362 5340
f 5340 6362 5363
f 5310 6363 5339
f 5339 6363 6362
f 4204 5309 4201
f 4201 5309 5308
f 4915 5345 6449
f 6449 5345 6448
f 5345 5315 6448
f 6448 5315 5316
f 5348 5347 6351
f 6351 5347 6352
f 5365 4263 5340
f 5340 4263 4262
f 6295 6298 4733
f 4733 6298 4734
f 4969 6306 4695
f 4695 6306 4696
f 6306 4378 4696
f 4696 4378 6311
f 6369 6372 6544
f 6544 6372 6545
f 4375 6390 4373
f 4373 6390 4374
f 6421 6422 4911
f 4911 6422 4908
f 4910 4909 4737
f 4737 4909 4736
f 5277 4219 4223
f 4223 4219 6429
f 4697 4222 6344
f 6344 4222 4221
f 6436 6361 6437
f 6437 6361 6360
f 6438 6440 6437
f 6437 6440 6434
f 6438 6359 6441
f 6441 6359 6358
f 6442 6441 6357
f 6357 6441 6358
f 6442 6444 6443
f 6443 6444 6445
f 6446 6444 6355
f 6355 6444 6356
f 6446 4912 6447
f 6447 4912 6450
f 6436 6435 5365
f 5365 6435 4263
f 5314 5347 5317
f 5317 5347 5346
f 4319 6512 4320
f 4320 6512 6513
f 6520 6512 6521
f 6521 6512 6508
f 6528 6520 6527
f 6527 6520 6521
f 6532 6539 6533
f 6533 6539 6535
f 6533 6535 6537
f 6537 6535 6534
f 6538 6543 6537
f 6537 6543 6536
f 6295 4377 6296
f 6296 4377 4376
f 4989 4930 4440
f 4440 4930 4439
f 4927 4929 4422
f 4422 4929 4455
f 4449 4936 4388
f 4388 4936 4459
f 4472 4935 4474
f 4474 4935 4932
f 4942 4940 4947
f 4947 4940 4939
f 5001 5000 4574
f 4574 5000 4575
f 4669 4943 4666
f 4666 4943 4667
f 4996 4999 4547
f 4547 4999 4567
f 4948 4946 4620
f 4620 4946 4615
f 5003 5002 4591
f 4591 5002 4592
f 6557 4971 6554
f 6554 4971 4926
f 6532 6560 6539
f 6539 6560 6559
f 6390 6372 4374
f 4374 6372 6371
f 4966 6298 4967
f 4967 6298 6297
f 6538 6526 6369
f 6369 6526 6370
f 6585 6589 4621
f 4621 6589 4619
f 6597 6578 6598
f 6598 6578 6577
f 6606 6583 6607
f 6607 6583 6603
f 6611 6602 6598
f 6598 6602 6596
f 6585 6584 6606
f 6606 6584 6583
f 6597 6580 5004
f 5004 6580 4611
f 6607 6603 6730
f 6730 6603 6732
f 6776 6785 6777
f 6777 6785 6784
f 6785 6776 6792
f 6792 6776 6782
f 6815 6814 6812
f 6812 6814 6813
f 6817 6814 6795
f 6795 6814 6796
f 6825 6784 6827
f 6827 6784 6783
f 6830 6815 6832
f 6832 6815 6812
f 6817 6795 6835
f 6835 6795 6837
f 6792 6782 6730
f 6730 6782 6728
f 6858 6825 6860
f 6860 6825 6827
f 6863 6830 6857
f 6857 6830 6832
f 6864 6863 6856
f 6856 6863 6857
f 6866 6858 6867
f 6867 6858 6860
f 6866 6864 6855
f 6855 6864 6856
f 6835 6837 6611
f 6611 6837 6602
f 6560 6528 6559
f 6559 6528 6527
f 4949 6557 4710
f 4710 6557 6554
f 4430 4090 4175
f 4175 4090 4089
f 4777 4113 4155
f 4155 4113 4086
f 4175 4089 4176
f 4176 4089 4142
f 4199 4271 4200
f 4200 4271 4798
f 4199 4095 4272
f 4272 4095 5273
f 4406 4405 4404
f 4404 4405 4346
f 4410 4409 6877
f 6877 4409 6876
f 4409 4413 6876
f 6876 4413 6307
f 4415 4148 4416
f 4416 4148 4147
f 4690 4405 4344
f 4344 4405 4342
f 4693 4692 4352
f 4352 4692 4349
f 4701 4700 6337
f 6337 4700 6338
f 4778 4777 4081
f 4081 4777 4155
f 4821 4406 4809
f 4809 4406 4404
f 4176 4142 4181
f 4181 4142 4415
f 4760 4970 4399
f 4399 4970 4692
f 4200 5007 4096
f 4096 5007 4078
f 5266 4693 5269
f 5269 4693 4352
f 5270 5007 5361
f 5361 5007 4797
f 4778 5270 4779
f 4779 5270 5361
f 6285 4410 6875
f 6875 4410 6877
f 6308 4413 4687
f 4687 4413 4412
f 6480 6320 6481
f 6481 6320 6880
f 4701 2878 4702
f 4702 2878 3472
f 6339 6347 6340
f 6340 6347 6348
f 6341 6342 6346
f 6346 6342 6345
f 4416 6308 4414
f 4414 6308 4687
f 6385 4690 6381
f 6381 4690 4344
f 5282 6341 5280
f 5280 6341 6339
f 4700 6342 6338
f 6338 6342 5281
f 6340 6348 4272
f 4272 6348 4270
f 6480 6479 4828
f 4828 6479 4829
f 6490 6479 6489
f 6489 6479 6478
f 4090 4430 6490
f 6490 4430 4429
f 6563 6564 4970
f 4970 6564 4815
f 4694 6566 4366
f 4366 6566 6563
f 6572 6385 6568
f 6568 6385 6381
f 4821 6285 4822
f 4822 6285 6875
f 6572 5266 6569
f 6569 5266 5269
f 3482 3103 4369
f 4369 3103 4370
f 3121 4730 3485
f 3485 4730 4327
f 6277 6280 6273
f 6273 6280 6272
f 6267 6276 6278
f 6278 6276 6279
f 6278 6279 6277
f 6277 6279 6280
f 6279 6256 6280
f 6280 6256 6255
f 6256 3857 6255
f 6255 3857 3754
f 3857 3856 3754
f 3754 3856 3755
f 3856 3703 3755
f 3755 3703 3863
f 3703 3702 3863
f 3863 3702 3759
f 3702 3706 3759
f 3759 3706 3670
f 3706 3705 3670
f 3670 3705 3668
f 3705 3773 3668
f 3668 3773 3882
f 3882 3773 3883
f 3883 3773 3707
f 3707 3708 3883
f 3883 3708 3880
f 3708 3710 3880
f 3880 3710 3881
f 3709 5241 3710
f 3710 5241 3881
f 5241 3709 5234
f 5234 3709 3786
f 3693 3712 3786
f 3786 3712 5234
f 4051 4055 4052
f 4052 4055 4056
f 4056 4055 4057
f 4057 4055 4054
f 4066 5238 5236
f 5236 5238 3989
f 4066 4069 5238
f 5238 4069 4035
f 6881 3962 3960
f 3960 3962 3957
f 6883 4070 6882
f 6882 4070 3941
f 4070 6883 4071
f 4071 6883 6884
f 4071 6884 4072
f 4072 6884 6885
f 6885 6886 4072
f 4072 6886 4031
f 3955 6881 3956
f 3956 6881 3960
f 6884 3991 6885
f 6885 3991 3990
f 6883 6887 6884
f 6884 6887 3991
f 6887 6888 3991
f 3991 6888 3992
f 6888 6887 6889
f 6889 6887 6890
f 6887 6883 6890
f 6890 6883 6882
f 4058 5240 3953
f 3953 5240 3954
f 5236 6888 5239
f 5239 6888 6889
f 5237 6886 3990
f 3990 6886 6885
f 4034 4031 5237
f 5237 4031 6886
f 6881 6882 3962
f 3962 6882 3941
f 6881 3955 6882
f 6882 3955 6890
f 3955 3954 6890
f 6890 3954 6889
f 5239 6889 5240
f 5240 6889 3954
f 6888 5236 3992
f 3992 5236 3989
f 3869 3868 3888
f 3888 3868 4015
f 3868 4012 4015
f 4015 4012 4010
f 4012 4022 4010
f 4010 4022 4009
f 4022 4021 4009
f 4009 4021 4018
f 4020 3974 4001
f 4001 3974 3996
f 4021 4020 4029
f 4029 4020 4001
f 4085 4156 4086
f 4086 4156 4155
f 4113 4777 4114
f 4114 4777 4776
f 4130 4129 4094
f 4094 4129 4091
f 4139 4773 4140
f 4140 4773 4772
f 4149 4178 4150
f 4150 4178 5225
f 4160 4159 4087
f 4087 4159 4088
f 4149 4148 4179
f 4179 4148 4141
f 4085 4084 4183
f 4183 4084 6315
f 4179 4141 4159
f 4159 4141 4088
f 4192 4130 4162
f 4162 4130 4094
f 4197 5288 4198
f 4198 5288 5287
f 4229 4766 4230
f 4230 4766 4771
f 4245 4246 4242
f 4242 4246 4249
f 4183 6315 4418
f 4418 6315 6314
f 4679 4178 4680
f 4680 4178 4177
f 4724 4798 4725
f 4725 4798 4271
f 4728 5275 4729
f 4729 5275 5274
f 4230 4771 4249
f 4249 4771 4242
f 4724 4723 4799
f 4799 4723 5355
f 4823 4824 4891
f 4891 4824 6327
f 4823 4192 4161
f 4161 4192 4162
f 4893 4767 4229
f 4229 4767 4766
f 4894 4895 4898
f 4898 4895 4899
f 4106 4150 4103
f 4103 4150 5225
f 4680 4894 4677
f 4677 4894 4898
f 6420 4977 5301
f 5301 4977 4976
f 4679 4678 5226
f 5226 4678 4427
f 5228 5008 4893
f 4893 5008 4767
f 5285 6354 5286
f 5286 6354 5343
f 5289 5352 5290
f 5290 5352 5349
f 5290 5349 5295
f 5295 5349 5348
f 5302 5299 4202
f 4202 5299 4976
f 4725 4271 5311
f 5311 4271 4270
f 5325 4723 5326
f 5326 4723 4722
f 5335 5355 5325
f 5325 5355 4723
f 5326 4722 5286
f 5286 4722 5283
f 4799 5357 4797
f 4797 5357 5361
f 5359 5356 5335
f 5335 5356 5355
f 4775 4774 5356
f 5356 4774 5357
f 5359 5358 4092
f 4092 5358 4093
f 6316 4740 6317
f 6317 4740 4739
f 6318 4827 6316
f 6316 4827 4740
f 6319 4828 6318
f 6318 4828 4827
f 6320 6480 6319
f 6319 6480 4828
f 6484 6322 6485
f 6485 6322 6321
f 6487 6324 6331
f 6331 6324 6323
f 6331 6323 6330
f 6330 6323 6325
f 6325 6326 6330
f 6330 6326 6329
f 6326 6328 6329
f 6329 6328 5231
f 4824 4685 5228
f 5228 4685 5008
f 5226 6343 5225
f 5225 6343 4103
f 4728 4727 6349
f 6349 4727 5284
f 6350 6351 5285
f 5285 6351 6354
f 4247 4246 6418
f 6418 4246 6365
f 6400 6402 6401
f 6401 6402 6459
f 4197 4196 6409
f 6409 4196 6426
f 6412 4897 6328
f 6328 4897 5231
f 6413 4133 6412
f 6412 4133 4897
f 6414 4134 6413
f 6413 4134 4133
f 6415 4225 6414
f 6414 4225 4134
f 6416 4252 6415
f 6415 4252 4225
f 6417 4253 6416
f 6416 4253 4252
f 4253 6417 6366
f 6366 6417 6419
f 6366 6419 4911
f 4911 6419 6421
f 6422 6423 4908
f 4908 6423 5298
f 5298 6423 6396
f 6396 6423 6424
f 6409 6426 6425
f 6425 6426 6397
f 5300 5299 6399
f 6399 5299 6400
f 6465 6408 6401
f 6401 6408 6398
f 6424 6399 6425
f 6425 6399 6398
f 6349 5284 5311
f 5311 5284 5283
f 6465 6464 5289
f 5289 6464 5352
f 6488 6483 6492
f 6492 6483 6482
f 6486 6491 6482
f 6482 6491 6492
f 6491 4895 6492
f 6492 4895 4157
f 6488 4160 6489
f 6489 4160 4087
f 6501 6502 4418
f 4418 6502 4417
f 6504 6500 6317
f 6317 6500 6314
f 3497 3496 6501
f 6501 3496 6502
f 3499 3498 6504
f 6504 3498 6500
f 4729 5274 4198
f 4198 5274 4195
f 6418 6365 6420
f 6420 6365 4977
f 5295 5348 6350
f 6350 5348 6351
f 5301 6422 6420
f 6420 6422 6421
f 4113 4112 4086
f 4086 4112 4083
f 6320 4112 6880
f 6880 4112 4111
f 4091 4772 4092
f 4092 4772 4775
f 4129 4140 4091
f 4091 4140 4772
f 4137 4140 4128
f 4128 4140 4129
f 4128 6324 4137
f 4137 6324 6321
f 6324 6487 6321
f 6321 6487 6485
f 6487 6486 6485
f 6485 6486 6482
f 4774 4773 4779
f 4779 4773 4776
f 4773 4139 4776
f 4776 4139 4114
f 4139 4138 4114
f 4114 4138 4111
f 4138 6322 4111
f 4111 6322 6880
f 6322 6484 6880
f 6880 6484 6481
f 6484 6483 6481
f 6481 6483 6478
f 6879 6343 6309
f 6309 6343 4428
f 4106 4105 4900
f 4900 4105 6307
f 3500 3167 6495
f 6495 3167 6496
f 3500 6495 3070
f 3070 6495 5368
f 3502 5235 3501
f 3501 5235 4813
f 3024 3503 6473
f 6473 3503 6474
f 3503 3023 6474
f 6474 3023 6374
f 3504 1770 4348
f 4348 1770 4345
f 3502 3505 5235
f 5235 3505 4810
f 3498 3497 6500
f 6500 3497 6501
f 3496 3075 6502
f 6502 3075 6275
f 6299 4254 3174
f 3174 4254 3017
f 1769 3501 4814
f 4814 3501 4813
f 3506 3018 6476
f 6476 3018 4257
f 3507 3499 6499
f 6499 3499 6504
f 3030 4216 3483
f 3483 4216 4215
f 3077 3507 6333
f 6333 3507 6499
f 1784 3160 5249
f 5249 3160 6523
f 3015 3506 4240
f 4240 3506 6476
f 3508 3504 6383
f 6383 3504 4348
f 3509 3016 6477
f 6477 3016 4239
f 3028 3509 6467
f 6467 3509 6477
f 3022 1785 5246
f 5246 1785 5247
f 3161 3508 6570
f 6570 3508 6383
f 3150 3149 4694
f 4694 3149 6566
f 1327 4807 3510
f 3510 4807 4811
f 3510 4811 3505
f 3505 4811 4810
f 3146 3511 4816
f 4816 3511 4350
f 3511 1808 4350
f 4350 1808 4351
f 3485 4327 3159
f 3159 4327 4330
f 1326 3512 4806
f 4806 3512 6310
f 3512 1331 6310
f 6310 1331 4688
