v -0.2085570 -0.2194302 1.5415653
v -0.2098821 -0.2227882 1.5249203
v -0.1967523 -0.2172844 1.5270703
v -0.1939690 -0.2112069 1.5403275
v -0.1979585 -0.2213371 1.5155631
v -0.2083026 -0.2256337 1.5125842
v -0.1856667 -0.2097465 1.5253525
v -0.1819967 -0.2016053 1.5356651
v -0.1647233 -0.1961997 1.4962151
v -0.1576716 -0.1880952 1.4954854
v -0.1632326 -0.1909598 1.5060082
v -0.1695952 -0.1978777 1.5037481
v -0.1551171 -0.1908493 1.4723111
v -0.1586793 -0.1966554 1.4603126
v -0.1518842 -0.1868030 1.4543710
v -0.1490080 -0.1797293 1.4657557
v -0.1976841 -0.2126320 1.4580431
v -0.1902571 -0.2123844 1.4539209
v -0.1888889 -0.2128307 1.4616255
v -0.1966805 -0.2126100 1.4647542
v -0.2108118 -0.2173915 1.4629200
v -0.2109939 -0.2149003 1.4690266
v -0.2177375 -0.2192776 1.4701321
v -0.2167502 -0.2228284 1.4634957
v -0.2006176 -0.2113928 1.4511158
v -0.1928248 -0.2106040 1.4469637
v -0.2041673 -0.2134825 1.4613511
v -0.2050978 -0.2149535 1.4561600
v -0.2075581 -0.2240922 1.4476344
v -0.2076981 -0.2232883 1.4529254
v -0.2124231 -0.2292900 1.4518306
v -0.2113685 -0.2279675 1.4462488
v -0.2027343 -0.2157590 1.4497390
v -0.2040310 -0.2186689 1.4521706
v -0.2052659 -0.2201552 1.4474097
v -0.2050520 -0.2166961 1.4453975
v -0.2104317 -0.2197209 1.4583115
v -0.2151497 -0.2260915 1.4579509
v -0.2205539 -0.2322008 1.4569012
v -0.2174610 -0.2349189 1.4489596
v -0.1742495 -0.2072896 1.4462252
v -0.1819123 -0.2109725 1.4504274
v -0.1848990 -0.2098728 1.4436982
v -0.1780189 -0.2075047 1.4406954
v -0.2021861 -0.2133044 1.4435777
v -0.1934650 -0.2122041 1.4301155
v -0.1945451 -0.2129397 1.4337164
v -0.2011460 -0.2155079 1.4318440
v -0.1995241 -0.2147425 1.4286937
v -0.1631724 -0.1981390 1.4361297
v -0.1686608 -0.2013527 1.4321844
v -0.1654849 -0.1980399 1.4263386
v -0.1600014 -0.1934060 1.4288306
v -0.1657259 -0.1956500 1.4197937
v -0.1580183 -0.1890836 1.4210407
v -0.1607226 -0.1846631 1.4040736
v -0.1589988 -0.1865248 1.4118587
v -0.1674119 -0.1942852 1.4128779
v -0.1709671 -0.1950010 1.4056156
v -0.1844738 -0.2016755 1.4051435
v -0.1897915 -0.2031175 1.4014272
v -0.1806799 -0.1996991 1.3915802
v -0.1760115 -0.1976144 1.3974559
v -0.1908807 -0.2071324 1.4250280
v -0.1868047 -0.2053240 1.4269626
v -0.1872667 -0.2079504 1.4280201
v -0.1919619 -0.2102660 1.4271104
v -0.1830287 -0.2043589 1.4283449
v -0.1812283 -0.2041162 1.4287010
v -0.1820269 -0.2054401 1.4296245
v -0.1832723 -0.2051273 1.4291083
v -0.1851237 -0.2051339 1.4279240
v -0.1856381 -0.2048729 1.4257471
v -0.1837793 -0.2044460 1.4271668
v -0.1890702 -0.2066799 1.4232568
v -0.2012030 -0.2115806 1.4155893
v -0.1974935 -0.2108589 1.4173545
v -0.2001381 -0.2103209 1.4210225
v -0.2035074 -0.2108605 1.4199502
v -0.1845202 -0.2072033 1.4308380
v -0.1827235 -0.2073367 1.4328609
v -0.1876695 -0.2100482 1.4336076
v -0.1877877 -0.2088703 1.4306847
v -0.1808200 -0.2079378 1.4358277
v -0.1802468 -0.2055333 1.4316883
v -0.1777789 -0.2056341 1.4336383
v -0.1813382 -0.2035096 1.4270051
v -0.1779915 -0.2025427 1.4266255
v -0.1783710 -0.2041958 1.4290371
v -0.1790280 -0.2017904 1.4229098
v -0.1832701 -0.2035223 1.4242284
v -0.1863814 -0.2050689 1.4208713
v -0.1904728 -0.2073639 1.4171864
v -0.1860687 -0.2041994 1.4140758
v -0.1819109 -0.2025220 1.4184895
v -0.1872242 -0.2101781 1.4381920
v -0.1740508 -0.2031267 1.4302606
v -0.1732293 -0.2044227 1.4373365
v -0.1724410 -0.2011812 1.4260469
v -0.1729003 -0.1996239 1.4210955
v -0.1759988 -0.1990113 1.4155534
v -0.1797485 -0.2002262 1.4102620
v -0.1729524 -0.1868777 1.3859551
v -0.1672778 -0.1860179 1.3939051
v -0.2065438 -0.2225201 1.5048475
v -0.1980014 -0.2212029 1.5078514
v -0.1933585 -0.2162137 1.5016098
v -0.1925540 -0.2163815 1.5042169
v -0.1986371 -0.2187908 1.5032738
v -0.1978775 -0.2176520 1.5007124
v -0.1762780 -0.2025483 1.5024116
v -0.1817975 -0.2064785 1.5015112
v -0.1801677 -0.2043141 1.4981297
v -0.1724956 -0.2011594 1.4967608
v -0.1851837 -0.2085948 1.4875077
v -0.1815070 -0.2063344 1.4905186
v -0.1873900 -0.2095600 1.4951568
v -0.1901057 -0.2112796 1.4929242
v -0.1936669 -0.2124255 1.4909707
v -0.1978662 -0.2124531 1.4891809
v -0.1954025 -0.2111932 1.4846913
v -0.1902284 -0.2102738 1.4858679
v -0.2051187 -0.2188140 1.5019998
v -0.2114547 -0.2170184 1.4987157
v -0.2088163 -0.2161127 1.4969749
v -0.2034663 -0.2179772 1.4993704
v -0.2146675 -0.2084739 1.4883086
v -0.2146996 -0.2100228 1.4907662
v -0.2185647 -0.2110452 1.4905405
v -0.2174775 -0.2092974 1.4863992
v -0.2142298 -0.2094129 1.4846069
v -0.2128167 -0.2089547 1.4873182
v -0.2242835 -0.2190567 1.5583733
v -0.2245382 -0.2250070 1.5393636
v -0.2065530 -0.2104894 1.5596110
v -0.1920370 -0.2005236 1.5555178
v -0.1786305 -0.1913647 1.5470480
v -0.1570276 -0.1933456 1.4440019
v -0.1521838 -0.1862854 1.4371275
v -0.1460317 -0.1771343 1.4487993
v -0.1435096 -0.1709469 1.4394654
v -0.1498552 -0.1807304 1.4274085
v -0.1544451 -0.1719408 1.4051784
v -0.1501516 -0.1762274 1.4161060
v -0.1427657 -0.1638399 1.4294048
v -0.1382045 -0.1529697 1.4469212
v -0.1401847 -0.1611524 1.4528041
v -0.1385696 -0.1443221 1.4649835
v -0.1385514 -0.1409841 1.4418403
v -0.1397652 -0.1361703 1.4654576
v -0.1397741 -0.1337848 1.4095129
v -0.1329927 -0.1286734 1.4059376
v -0.1233146 -0.1254716 1.4210084
v -0.1298035 -0.1293149 1.4247491
v -0.1431406 -0.1694262 1.4595066
v -0.1637704 -0.1859134 1.5179344
v -0.1696444 -0.1948366 1.5145660
v -0.1568615 -0.1806354 1.5075518
v -0.1810290 -0.1748606 1.5786235
v -0.1874236 -0.1893402 1.5692041
v -0.1736155 -0.1827747 1.5584004
v -0.1695223 -0.1696716 1.5686394
v -0.2210025 -0.1802912 1.5977105
v -0.2218584 -0.2031895 1.5806298
v -0.2056142 -0.1973597 1.5766541
v -0.2019983 -0.1798133 1.5912350
v -0.1657528 -0.1566065 1.5727100
v -0.1626085 -0.1390956 1.5774339
v -0.1717099 -0.1330594 1.5908623
v -0.1772375 -0.1551310 1.5872937
v -0.1887090 -0.1263850 1.6064847
v -0.1961247 -0.1529530 1.6020700
v -0.1364310 -0.1253851 1.4571992
v -0.1406430 -0.1254997 1.4735091
v -0.1371484 -0.1352293 1.4298357
v -0.1311777 -0.1245571 1.4452089
v -0.2101582 -0.1193483 1.6142462
v -0.2181016 -0.1505958 1.6106110
v -0.1566484 -0.0867490 1.5630047
v -0.1620700 -0.0970071 1.5783959
v -0.1536947 -0.1124295 1.5658566
v -0.1496570 -0.1013340 1.5532091
v -0.1684638 -0.0704446 1.5710159
v -0.1746348 -0.0824942 1.5886905
v -0.1464418 -0.0797454 1.5104789
v -0.1484064 -0.0845152 1.4942042
v -0.1538852 -0.0696956 1.4966019
v -0.1536456 -0.0630599 1.5131208
v -0.1883682 -0.2154094 1.5165055
v -0.1905814 -0.2175647 1.5087819
v -0.1845527 -0.2125030 1.5084148
v -0.1812867 -0.2088584 1.5145811
v -0.1771493 -0.2015010 1.5211871
v -0.1727588 -0.1925303 1.5279614
v -0.1662765 -0.1747757 1.5466462
v -0.1629234 -0.1633154 1.5582783
v -0.1567381 -0.1398744 1.5648396
v -0.1595640 -0.1536304 1.5620290
v -0.1495001 -0.1187536 1.5525809
v -0.1454937 -0.1117107 1.5451215
v -0.1415489 -0.1121349 1.4874190
v -0.1366793 -0.1118874 1.4691676
v -0.1418914 -0.0983562 1.4756866
v -0.1452371 -0.0978670 1.4917875
v -0.1520516 -0.0750928 1.4814254
v -0.1470133 -0.0870152 1.4793301
v -0.1254240 -0.1088615 1.4480763
v -0.1181992 -0.1049621 1.4440148
v -0.1200870 -0.0921154 1.4534134
v -0.1284227 -0.0953919 1.4550295
v -0.1219802 -0.0793869 1.4596131
v -0.1269033 -0.0678217 1.4624835
v -0.1355535 -0.0719713 1.4653395
v -0.1319458 -0.0832443 1.4624062
v -0.1509395 -0.1283524 1.3821816
v -0.1457993 -0.1216322 1.3798288
v -0.1364733 -0.1235366 1.3905550
v -0.1428905 -0.1286470 1.3929817
v -0.1103872 -0.1010137 1.4435339
v -0.1113873 -0.0892228 1.4552976
v -0.1434928 -0.0956328 1.5072064
v -0.1414206 -0.1074483 1.5059604
v -0.1120995 -0.0757249 1.4609923
v -0.1396105 -0.0866163 1.4676454
v -0.1344195 -0.0978429 1.4628171
v -0.1583795 -0.0626237 1.4819583
v -0.1616310 -0.0565909 1.4956951
v -0.2038583 -0.2127636 1.4673461
v -0.2058387 -0.2105301 1.4838464
v -0.2064240 -0.2111636 1.4876317
v -0.2104471 -0.2100040 1.4871875
v -0.2104948 -0.2098690 1.4837766
v -0.2347200 -0.2281314 1.5138728
v -0.2293039 -0.2252021 1.4980414
v -0.2191817 -0.2276373 1.5062319
v -0.2229874 -0.2275405 1.5200161
v -0.1692811 -0.2065318 1.4677069
v -0.1810384 -0.2111180 1.4682756
v -0.1804469 -0.2113979 1.4582924
v -0.1715429 -0.2072156 1.4548626
v -0.1853233 -0.2089085 1.5009204
v -0.1844541 -0.2095772 1.5032953
v -0.1872206 -0.2114558 1.5016204
v -0.1687741 -0.2032441 1.4417394
v -0.1635099 -0.2007065 1.4497664
v -0.1513466 -0.1770378 1.4938287
v -0.1753092 -0.2024617 1.5103636
v -0.2443883 -0.1800225 1.5995789
v -0.2444506 -0.2058979 1.5786997
v -0.2333661 -0.1144939 1.6182021
v -0.2403406 -0.1475155 1.6129004
v -0.1914630 -0.0670382 1.5951187
v -0.1827168 -0.0535377 1.5765638
v -0.1973960 -0.0423493 1.5767474
v -0.2135343 -0.0586934 1.5986679
v -0.1641927 -0.0491629 1.5126453
v -0.1332679 -0.0578210 1.4608438
v -0.1433043 -0.0619750 1.4653598
v -0.2404415 -0.2197762 1.5557057
v -0.2380540 -0.2269333 1.5335067
v -0.1687890 -0.1825947 1.5373682
v -0.1624528 -0.1979306 1.4866738
v -0.1702464 -0.2026638 1.4904326
v -0.1710821 -0.2053560 1.4850377
v -0.1625927 -0.2007279 1.4786465
v -0.1550086 -0.1884741 1.4824889
v -0.1486186 -0.1757863 1.4793222
v -0.1425034 -0.1615704 1.4769123
v -0.1395502 -0.1517344 1.4685014
v -0.1589139 -0.1231335 1.5761431
v -0.1671952 -0.1110997 1.5897189
v -0.1819113 -0.1003484 1.6011329
v -0.2014866 -0.0911018 1.6073896
v -0.1544943 -0.1267590 1.5651139
v -0.2235426 -0.0842877 1.6100248
v -0.2033083 -0.2155063 1.4359721
v -0.1960807 -0.2122581 1.4395926
v -0.2063136 -0.2159753 1.4392589
v -0.1946321 -0.2088430 1.4139867
v -0.1984484 -0.2093490 1.4117224
v -0.1951148 -0.2054121 1.4077793
v -0.1906930 -0.2051657 1.4104768
v -0.1683022 -0.1705325 1.3867173
v -0.1609393 -0.1704200 1.3950986
v -0.1557648 -0.1365086 1.3842839
v -0.1486533 -0.1355699 1.3954029
v -0.2104079 -0.2217252 1.4457488
v -0.2120622 -0.2217880 1.4453810
v -0.2115633 -0.2193569 1.4449568
v -0.2096340 -0.2195339 1.4457079
v -0.1852509 -0.2063482 1.4286580
v -0.2043258 -0.2158037 1.4265164
v -0.2072025 -0.2157533 1.4251557
v -0.2054376 -0.2135010 1.4225142
v -0.2024302 -0.2137088 1.4237640
v -0.1467386 -0.1546194 1.4162439
v -0.1447036 -0.1419939 1.4129399
v -0.1181015 -0.1176393 1.4316394
v -0.1246559 -0.1212380 1.4370848
v -0.1312099 -0.1112047 1.4562051
v -0.1455433 -0.0749411 1.4724249
v -0.1515585 -0.0632419 1.4720178
v -0.1726544 -0.0477745 1.4663996
v -0.1812354 -0.0450427 1.4755870
v -0.1687187 -0.0520932 1.4796879
v -0.1623211 -0.0539464 1.4700201
v -0.1558569 -0.1559142 1.3974527
v -0.1634254 -0.1564056 1.3880549
v -0.1595902 -0.1457136 1.3875208
v -0.1528995 -0.1446311 1.3979351
v -0.2143959 -0.2210866 1.4410268
v -0.2155671 -0.2221193 1.4392540
v -0.2137930 -0.2191399 1.4382182
v -0.2127477 -0.2192371 1.4409292
v -0.2079157 -0.2176169 1.4447206
v -0.2094793 -0.2170639 1.4431011
v -0.2083136 -0.2166676 1.4415430
v -0.2090162 -0.2226278 1.4458087
v -0.2077936 -0.2198006 1.4456180
v -0.2144696 -0.2262516 1.4437427
v -0.2115789 -0.2252126 1.4447505
v -0.2153560 -0.2308106 1.4424688
v -0.2131900 -0.2202778 1.4426869
v -0.2119365 -0.2185942 1.4422720
v -0.2094367 -0.2179885 1.4450205
v -0.2108487 -0.2177213 1.4440226
v -0.2140066 -0.2243332 1.4442505
v -0.2119809 -0.2234370 1.4449691
v -0.2225757 -0.2281432 1.4637833
v -0.2288752 -0.2294529 1.4619621
v -0.2271397 -0.2332795 1.4543663
v -0.2247513 -0.2358674 1.4459160
v -0.2212363 -0.2321330 1.4396127
v -0.1660850 -0.1451128 1.3802954
v -0.1622147 -0.1353483 1.3772197
v -0.2528146 -0.2245384 1.5272508
v -0.2456333 -0.2256113 1.5081779
v -0.1839241 -0.2046144 1.4283858
v -0.2140659 -0.2205745 1.5010850
v -0.1766465 -0.2086829 1.4799805
v -0.1973406 -0.2116710 1.4718205
v -0.1895664 -0.2118065 1.4700386
v -0.1924523 -0.2110460 1.4779070
v -0.1989755 -0.2108122 1.4783008
v -0.2211897 -0.2185562 1.4956727
v -0.2281597 -0.2209534 1.4875517
v -0.2232528 -0.2150462 1.4892624
v -0.2213397 -0.2128120 1.4832499
v -0.2247762 -0.2197930 1.4795493
v -0.2179345 -0.2152203 1.4756816
v -0.2166282 -0.2108114 1.4801343
v -0.1899487 -0.2140164 1.5020099
v -0.1883256 -0.2134551 1.5042047
v -0.2111016 -0.2123170 1.4741823
v -0.2043359 -0.2113289 1.4729911
v -0.2050158 -0.2103633 1.4785600
v -0.2109573 -0.2100933 1.4790137
v -0.1851378 -0.2103505 1.4777912
v -0.1804349 -0.2072447 1.5060800
v -0.1797281 -0.2047513 1.4943914
v -0.1411467 -0.1153725 1.5084944
v -0.1411658 -0.1190228 1.4949610
v -0.1332870 -0.1361265 1.4814157
v -0.1344736 -0.1383409 1.4762856
v -0.1400169 -0.1336645 1.4788313
v -0.1353940 -0.1309769 1.4840049
v -0.1457450 -0.1329095 1.5377402
v -0.1486358 -0.1313217 1.5455297
v -0.1501639 -0.1386373 1.5442443
v -0.1466157 -0.1357186 1.5374096
v -0.1495521 -0.1423234 1.5380130
v -0.1522055 -0.1453723 1.5401428
v -0.1480709 -0.1451411 1.5320710
v -0.1475691 -0.1416975 1.5335264
v -0.1557090 -0.1494811 1.5504007
v -0.1581391 -0.1579094 1.5446482
v -0.1540568 -0.1515204 1.5345071
v -0.1596067 -0.1720439 1.5229345
v -0.1514532 -0.1583681 1.5165601
v -0.1532861 -0.1554845 1.5262778
v -0.1601944 -0.1650183 1.5354372
v -0.1374487 -0.1431471 1.4801800
v -0.1416896 -0.1478378 1.4860480
v -0.1414243 -0.1258954 1.4844400
v -0.2262440 -0.0387536 1.5746481
v -0.2367091 -0.0560382 1.5966862
v -0.1511473 -0.0801485 1.5466203
v -0.1616244 -0.0645185 1.5513994
v -0.1449433 -0.0950247 1.5396564
v -0.1421485 -0.1073472 1.5338037
v -0.1753898 -0.0502221 1.5564306
v -0.1873355 -0.0359638 1.5533722
v -0.1507575 -0.1684790 1.5073996
v -0.1493368 -0.1563234 1.5058096
v -0.1476219 -0.0776732 1.5286800
v -0.1580322 -0.0626485 1.5323666
v -0.1420126 -0.0932126 1.5241586
v -0.1411688 -0.1061730 1.5209920
v -0.1700464 -0.0473978 1.5346235
v -0.1778916 -0.0399465 1.5101417
v -0.1839283 -0.0349112 1.5301424
v -0.1373115 -0.1377823 1.4927381
v -0.1394476 -0.1416682 1.4895149
v -0.1360299 -0.1391069 1.4842075
v -0.1335590 -0.1378251 1.4875386
v -0.1462641 -0.1646230 1.4938484
v -0.1449231 -0.1521510 1.4959167
v -0.2235412 -0.2246555 1.4712212
v -0.2324229 -0.2227078 1.4775202
v -0.2304534 -0.2260100 1.4698026
v -0.2350776 -0.2213068 1.4857180
v -0.2636713 -0.1469530 1.6072427
v -0.2663051 -0.1776289 1.5939356
v -0.2496563 -0.0821278 1.6092044
v -0.2577816 -0.1138135 1.6131662
v -0.1950267 -0.2036680 1.3990356
v -0.1864291 -0.2002786 1.3876361
v -0.2081054 -0.2169706 1.4335222
v -0.2107781 -0.2167232 1.4317795
v -0.2089360 -0.2164805 1.4283057
v -0.2062224 -0.2166006 1.4299190
v -0.2163290 -0.2140681 1.4950185
v -0.1738623 -0.0454991 1.4925873
v -0.1532738 -0.0529896 1.4624588
v -0.1428073 -0.0490042 1.4577528
v -0.1159433 -0.0625593 1.4618832
v -0.1227788 -0.0513420 1.4588338
v -0.2125346 -0.2174553 1.4350338
v -0.2100852 -0.2173160 1.4366811
v -0.2141985 -0.2225846 1.4437757
v -0.1976600 -0.2126310 1.4254260
v -0.2112774 -0.2177788 1.4392656
v -0.2113391 -0.2181145 1.4414109
v -0.2156547 -0.2191612 1.4366640
v -0.2139559 -0.2171389 1.4341594
v -0.2007984 -0.2110632 1.4839219
v -0.2020665 -0.2118114 1.4881558
v -0.2161840 -0.2261300 1.4399823
v -0.2154642 -0.2240756 1.4418001
v -0.2189964 -0.2256885 1.4378589
v -0.1255174 -0.1244001 1.4031155
v -0.1162242 -0.1209731 1.4171171
v -0.2090963 -0.2152928 1.4243526
v -0.2074024 -0.2131616 1.4215002
v -0.2650544 -0.2038714 1.5730557
v -0.1939758 -0.0333403 1.5018947
v -0.1993634 -0.0287309 1.5216418
v -0.1473829 -0.1497480 1.5138126
v -0.1442756 -0.1441783 1.5123924
v -0.1446825 -0.1443600 1.5199536
v -0.1483630 -0.1499452 1.5215809
v -0.1575532 -0.1267140 1.3748869
v -0.1112849 -0.1122614 1.4306417
v -0.1326931 -0.0411938 1.4554405
v -0.1848178 -0.2079672 1.4993625
v -0.1855880 -0.2082249 1.4973112
v -0.2126782 -0.2129407 1.4938732
v -0.2098800 -0.0301277 1.5463104
v -0.1933068 -0.2091320 1.4200991
v -0.1959002 -0.2092467 1.4231267
v -0.1642675 -0.0470645 1.4584103
v -0.1705154 -0.1560283 1.3813156
v -0.2169876 -0.2224104 1.4378801
v -0.1878843 -0.0408747 1.4876080
v -0.1440671 -0.1375329 1.5289448
v -0.1426337 -0.1409825 1.5270062
v -0.1417242 -0.1400154 1.5238740
v -0.1428340 -0.1384038 1.5244741
v -0.1434220 -0.1465600 1.5287789
v -0.1411127 -0.1437626 1.5267824
v -0.1404901 -0.1433679 1.5301827
v -0.1432068 -0.1453427 1.5327471
v -0.1482897 -0.1483101 1.5277155
v -0.1441372 -0.1460994 1.5242612
v -0.1399058 -0.1421607 1.5327796
v -0.1411052 -0.1440008 1.5348551
v -0.1441538 -0.1428846 1.5359641
v -0.1471562 -0.1388761 1.5360413
v -0.1387709 -0.1413006 1.5374508
v -0.1427234 -0.1392203 1.5387413
v -0.1356250 -0.1369730 1.5394579
v -0.1405838 -0.1345088 1.5404850
v -0.1324289 -0.1310492 1.5391631
v -0.1380244 -0.1284529 1.5392994
v -0.1430751 -0.1438726 1.4962029
v -0.1409561 -0.1374798 1.4987033
v -0.1291461 -0.1266082 1.5355902
v -0.1354378 -0.1233461 1.5346561
v -0.1270082 -0.1229075 1.5297862
v -0.1324864 -0.1196488 1.5287229
v -0.1257048 -0.1209737 1.5227612
v -0.1294945 -0.1177336 1.5215144
v -0.1244150 -0.1201653 1.5153073
v -0.1279548 -0.1163694 1.5128189
v -0.1242947 -0.1216834 1.5069936
v -0.1273345 -0.1180126 1.5022372
v -0.1378207 -0.1347207 1.5367798
v -0.1348717 -0.1305680 1.5356674
v -0.1456379 -0.1294263 1.5343580
v -0.1394894 -0.1390582 1.5356197
v -0.1404942 -0.1315360 1.5207652
v -0.1434523 -0.1311460 1.5230433
v -0.1425073 -0.1314270 1.5215995
v -0.1420841 -0.1287287 1.5207895
v -0.1437011 -0.1410863 1.5049143
v -0.1413585 -0.1380803 1.5064908
v -0.1429244 -0.1401682 1.5111980
v -0.1407750 -0.1359412 1.5023918
v -0.1417063 -0.1351390 1.5037197
v -0.1434353 -0.1365414 1.5067731
v -0.1452767 -0.1375577 1.5110623
v -0.1401995 -0.1323719 1.5034858
v -0.1383508 -0.1330815 1.5021403
v -0.1419230 -0.1325907 1.5044848
v -0.1428858 -0.1338888 1.5046018
v -0.1444277 -0.1336047 1.5068435
v -0.1442788 -0.1324414 1.5109960
v -0.1455079 -0.1475090 1.5048926
v -0.1388594 -0.1211997 1.5104728
v -0.1383253 -0.1223729 1.4999849
v -0.1257195 -0.1249949 1.4994252
v -0.1259675 -0.1220203 1.4923362
v -0.1285325 -0.1350968 1.4860374
v -0.1251947 -0.1285224 1.4863035
v -0.1435420 -0.1259760 1.5301847
v -0.1407958 -0.1223388 1.5252068
v -0.1371319 -0.1266854 1.4911040
v -0.1384162 -0.1199283 1.5191149
v -0.1278081 -0.1233502 1.5096850
v -0.1297968 -0.1256994 1.5044547
v -0.1273756 -0.1223662 1.5160616
v -0.1359856 -0.1335115 1.4988236
v -0.1322638 -0.1336209 1.4931126
v -0.1282753 -0.1293042 1.4949930
v -0.1327623 -0.1289512 1.5005653
v -0.1307890 -0.1258217 1.5112704
v -0.1332592 -0.1270382 1.5071658
v -0.1345128 -0.1263418 1.5126328
v -0.1372296 -0.1276207 1.5091837
v -0.1389273 -0.1301060 1.5055489
v -0.1359760 -0.1296320 1.5039023
v -0.1417662 -0.1276595 1.5102888
v -0.1397268 -0.1274593 1.5147562
v -0.1419841 -0.1306896 1.5063973
v -0.1333204 -0.1270211 1.5166978
v -0.1327616 -0.1279261 1.5210652
v -0.1363853 -0.1307493 1.5218068
v -0.1379063 -0.1289080 1.5181262
v -0.1286351 -0.1226031 1.5220720
v -0.1294646 -0.1256935 1.5214341
v -0.1298219 -0.1252992 1.5161562
v -0.1309116 -0.1267439 1.5267372
v -0.1306476 -0.1240061 1.5280353
v -0.1331768 -0.1284531 1.5254594
v -0.1353518 -0.1303581 1.5251380
v -0.1353061 -0.1317698 1.5331672
v -0.1331560 -0.1289275 1.5306581
v -0.1324295 -0.1272157 1.5329679
v -0.1341884 -0.1304195 1.5286577
v -0.1360677 -0.1323193 1.5305562
v -0.1368679 -0.1320092 1.5282974
v -0.1355579 -0.1306934 1.5276049
v -0.1413856 -0.1401367 1.5322942
v -0.1422362 -0.1411849 1.5300583
v -0.1400657 -0.1378283 1.5335414
v -0.1424611 -0.1379100 1.5336743
v -0.1408133 -0.1365874 1.5315306
v -0.1434277 -0.1377799 1.5322339
v -0.1409950 -0.1362825 1.5293354
v -0.1418114 -0.1357264 1.5259091
v -0.1348316 -0.1126675 1.3724774
v -0.1402350 -0.1162439 1.3768368
v -0.1494493 -0.1124713 1.3692242
v -0.1453002 -0.1072619 1.3655918
v -0.1387225 -0.1343489 1.5286653
v -0.1384137 -0.1344487 1.5312780
v -0.1378081 -0.1344857 1.5341122
v -0.1394753 -0.1328941 1.5236975
v -0.1376202 -0.1320727 1.5237610
v -0.1372272 -0.1321295 1.5257506
v -0.1394815 -0.1336910 1.5258617
v -0.1434630 -0.1405986 1.5155437
v -0.1435284 -0.1361939 1.5147465
v -0.1421889 -0.1317710 1.5146186
v -0.0972223 -0.1212432 1.3857351
v -0.0832102 -0.1241798 1.4022806
v -0.0918323 -0.1190149 1.4074679
v -0.1031533 -0.1179045 1.3919553
v -0.0904137 -0.1349904 1.3607504
v -0.0877090 -0.1389807 1.3399718
v -0.0727889 -0.1484948 1.3516150
v -0.0678414 -0.1420995 1.3798662
v -0.0747470 -0.1533094 1.3279789
v -0.0862180 -0.1427110 1.3186356
v -0.0699291 -0.1635296 1.2682548
v -0.0715275 -0.1601498 1.2861658
v -0.0836589 -0.1510764 1.2796697
v -0.0817731 -0.1548034 1.2618204
v -0.0258088 -0.1810384 1.2014722
v -0.0379226 -0.1777175 1.1984385
v -0.0352245 -0.1695890 1.1837898
v -0.0201527 -0.1717031 1.1861709
v -0.0233544 -0.1871080 1.3121132
v -0.0124464 -0.1879029 1.3060270
v -0.0148934 -0.1908375 1.3203777
v -0.0243461 -0.1886051 1.3284267
v -0.0400951 -0.1342416 1.4335307
v -0.0522319 -0.1252850 1.4369704
v -0.0621345 -0.1298876 1.4152362
v -0.0522388 -0.1407334 1.4103518
v 0.0198926 -0.1731189 1.2415715
v 0.0055894 -0.1799876 1.2435990
v 0.0077684 -0.1796780 1.2300041
v 0.0207591 -0.1730971 1.2266585
v 0.0465550 -0.1361143 1.1542463
v 0.0274002 -0.1411311 1.1458816
v 0.0345429 -0.1400983 1.1275785
v 0.0549447 -0.1337677 1.1356355
v 0.0965406 -0.1072484 1.2054914
v 0.1045603 -0.1012373 1.1868939
v 0.1184920 -0.0806296 1.1969733
v 0.1113325 -0.0867306 1.2155992
v -0.0476739 -0.1767085 1.2781093
v -0.0503178 -0.1751151 1.2961859
v -0.0605541 -0.1682258 1.2918057
v -0.0585698 -0.1708137 1.2736942
v 0.0460919 -0.2199860 1.1954699
v 0.0394873 -0.2155036 1.2198597
v 0.0297517 -0.2044132 1.2129911
v 0.0367020 -0.2085139 1.1893161
v 0.1277468 -0.0944974 1.0829954
v 0.1297160 -0.0949192 1.0614614
v 0.1445298 -0.0730812 1.0704440
v 0.1413054 -0.0731858 1.0923800
v 0.0243391 -0.2113548 1.3362323
v 0.0432452 -0.2104061 1.3484160
v 0.0375478 -0.2073264 1.3644610
v 0.0186710 -0.2092868 1.3502024
v -0.0051726 -0.1831190 1.2829456
v -0.0089477 -0.1852339 1.2942481
v -0.0209470 -0.1861323 1.2979640
v -0.0171891 -0.1848673 1.2844019
v 0.1017866 -0.1005400 1.2527068
v 0.0951554 -0.1067669 1.2710869
v 0.0835388 -0.1219007 1.2625934
v 0.0893107 -0.1181524 1.2436128
v 0.0932822 -0.1127454 1.2246973
v 0.1064420 -0.0933724 1.2341075
v -0.0271941 -0.1835330 1.2834735
v -0.0308173 -0.1839461 1.3001824
v -0.0401367 -0.1805137 1.2990385
v -0.0371159 -0.1806445 1.2811936
v -0.0326282 -0.1581214 1.1716379
v -0.0141932 -0.1601305 1.1747146
v 0.1098752 -0.1134440 1.0514193
v 0.1089808 -0.1124110 1.0730904
v 0.0877219 -0.1253766 1.0630040
v 0.0880441 -0.1264000 1.0416967
v 0.0008196 -0.1430954 1.1548604
v 0.0186168 -0.1422848 1.1615762
v 0.0089180 -0.1505922 1.1715311
v -0.0075332 -0.1498244 1.1661283
v 0.0643751 -0.1355845 1.0335391
v 0.0648835 -0.1342034 1.0543037
v 0.0416925 -0.1409984 1.0466585
v 0.0411723 -0.1430725 1.0243698
v -0.0735798 -0.1570801 1.3061523
v -0.0849586 -0.1471280 1.2986651
v -0.0044302 -0.1814551 1.2110648
v -0.0144036 -0.1821986 1.2059275
v -0.0071420 -0.1730124 1.1909813
v 0.0036460 -0.1732606 1.1971935
v 0.0181271 -0.1717612 1.2947646
v 0.0141941 -0.1748734 1.3024781
v -0.0025155 -0.1883052 1.3107232
v 0.0012539 -0.1834293 1.2995711
v 0.1484812 -0.0727621 1.0489801
v 0.1324816 -0.0958260 1.0410119
v 0.0662356 -0.1352378 1.0132260
v 0.0427841 -0.1424707 1.0041430
v 0.0482428 -0.1324146 1.3090387
v 0.0396487 -0.1418966 1.3082990
v 0.0457678 -0.1387344 1.3100533
v 0.0545911 -0.1305752 1.3124879
v -0.0708817 -0.1569498 1.1896452
v -0.0533249 -0.1569717 1.1758079
v -0.0512099 -0.1682123 1.1882473
v -0.0639782 -0.1671097 1.1999271
v 0.0126192 -0.1611950 1.1869220
v 0.0002778 -0.1609284 1.1800888
v 0.0229980 -0.1501670 1.1793290
v -0.0760652 -0.1434820 1.1802913
v -0.0538372 -0.1415815 1.1633190
v -0.0964179 -0.1365770 1.2902074
v -0.0956326 -0.1411643 1.2725516
v -0.0986804 -0.1324707 1.3091231
v -0.1019094 -0.1287872 1.3278404
v -0.1156925 -0.1186017 1.3180415
v -0.1117673 -0.1220095 1.2996580
v -0.1063438 -0.1257016 1.3460617
v -0.1202999 -0.1163339 1.3349516
v -0.1120782 -0.1159184 1.3714532
v -0.1169151 -0.1144939 1.3785704
v 0.0053415 -0.1798216 1.2898964
v 0.0094758 -0.1771149 1.2799469
v 0.0898670 -0.1260949 1.0221536
v 0.0466960 -0.0567303 1.4082613
v 0.0545651 -0.0764019 1.4049014
v 0.0589890 -0.0646649 1.3932923
v 0.0520660 -0.0459658 1.3959350
v -0.0405356 -0.1533936 1.4099744
v -0.0287580 -0.1433745 1.4328080
v 0.0784409 -0.0965316 1.3306148
v 0.0771425 -0.0973924 1.3267472
v 0.0812895 -0.0893577 1.3312854
v 0.0811135 -0.0879901 1.3355684
v 0.0616871 -0.1169773 1.3100656
v 0.0659929 -0.1127968 1.3103640
v 0.0657546 -0.1125616 1.2946695
v 0.0609692 -0.1155944 1.2935965
v 0.1525370 -0.0494035 1.0787979
v 0.1484434 -0.0488237 1.1007629
v 0.1197010 -0.0264197 1.2516561
v 0.1152038 -0.0399975 1.2724775
v 0.1171315 -0.0565927 1.2579734
v 0.1226794 -0.0456561 1.2377538
v -0.0254186 0.0250734 1.3828236
v -0.0097022 0.0136847 1.3917118
v -0.0008281 0.0201975 1.3800759
v -0.0169585 0.0313549 1.3709932
v 0.0169940 -0.0266293 1.4184848
v 0.0008259 -0.0079297 1.4121342
v -0.0071273 -0.0152290 1.4219616
v 0.0091033 -0.0355052 1.4294237
v 0.0361078 -0.0361996 1.4092380
v 0.0430484 -0.0258598 1.3967866
v 0.1087961 -0.0835771 1.2641112
v 0.1021354 -0.0920866 1.2810709
v 0.0893318 -0.1041679 1.3018648
v 0.0837971 -0.1089476 1.3078514
v 0.0765340 -0.1196217 1.3010321
v 0.0825158 -0.1161283 1.2942947
v -0.0640300 -0.1169503 1.4412673
v -0.0426290 -0.1115283 1.4524716
v -0.0574187 -0.1017105 1.4564897
v -0.0530728 -0.0391265 1.4518330
v -0.0494179 -0.0511813 1.4553589
v -0.0384280 -0.0501458 1.4529907
v -0.0461497 -0.0349554 1.4484577
v 0.0435699 0.0442779 1.3183252
v 0.0560563 0.0485812 1.2931781
v 0.0363636 0.0612742 1.2898507
v 0.0250473 0.0569163 1.3135356
v 0.0817529 -0.1048381 1.3177494
v 0.0823600 -0.0977657 1.3224409
v 0.0753299 -0.1034642 1.3211924
v 0.0737851 -0.1089595 1.3173321
v 0.0889020 -0.0921792 1.3214695
v 0.0875989 -0.0997946 1.3144959
v 0.0928914 -0.0939952 1.3093726
v 0.0937451 -0.0850148 1.3173372
v 0.1097283 -0.0536274 1.2890124
v 0.1028942 -0.0668186 1.3024749
v 0.1034014 -0.0792391 1.2923836
v 0.1111198 -0.0679565 1.2765562
v 0.0585565 0.0670436 1.2068350
v 0.0538003 0.0672652 1.2349129
v 0.0723336 0.0564450 1.2361868
v 0.0774628 0.0588991 1.2075616
v 0.0211433 -0.1591767 1.2963553
v 0.0203950 -0.1560367 1.2812992
v 0.0100986 -0.1689038 1.2833185
v 0.0104342 -0.1709006 1.2943980
v 0.0813410 -0.1162503 1.2953834
v 0.0849898 -0.1191515 1.2992531
v 0.0883235 -0.1232769 1.2892071
v 0.0850531 -0.1198509 1.2860327
v 0.0302780 -0.1427734 1.2578404
v 0.0332575 -0.1421923 1.2369087
v 0.0234935 -0.1553145 1.2415123
v 0.0207595 -0.1545726 1.2627180
v 0.0004419 -0.1353899 1.4439147
v -0.0134432 -0.1276492 1.4470816
v -0.0163180 -0.1529416 1.4310899
v 0.0456903 -0.1254502 1.2750732
v 0.0541364 -0.1182546 1.2754582
v 0.0575390 -0.1165845 1.2568118
v 0.0481584 -0.1227496 1.2547925
v 0.0609411 -0.2270715 1.2013895
v 0.0550344 -0.2215955 1.2257601
v 0.0480000 -0.1342202 1.2132868
v 0.0418605 -0.1308723 1.2338115
v 0.0520495 -0.1229159 1.2344155
v 0.0599362 -0.1276871 1.2136878
v 0.1273008 -0.0367388 1.2170553
v 0.1235351 -0.0157515 1.2289564
v 0.1499523 -0.0024058 1.0909102
v 0.1444207 -0.0014240 1.1141403
v 0.1493604 -0.0242698 1.1087897
v 0.1542719 -0.0251126 1.0861322
v 0.1566473 -0.0485782 1.0572804
v 0.1547203 -0.0016356 1.0670258
v 0.1588637 -0.0243872 1.0629575
v -0.0850938 -0.0903701 1.4578138
v -0.0709405 -0.0948474 1.4576217
v -0.0710609 -0.0741983 1.4613822
v -0.0857705 -0.0727826 1.4621918
v 0.1823039 -0.0479403 0.9387051
v 0.1687795 -0.0779769 0.9371780
v 0.1695931 -0.0793823 0.9093598
v 0.1829976 -0.0458374 0.9091321
v -0.0830043 -0.0353759 1.4543070
v -0.0976820 -0.0398335 1.4565419
v -0.0908412 -0.0555242 1.4605662
v -0.0757200 -0.0537573 1.4594279
v 0.1791705 -0.0490190 0.9641953
v 0.1669037 -0.0761366 0.9605479
v -0.0894505 -0.1040473 1.4440695
v -0.0761138 -0.1101694 1.4435131
v -0.0933414 -0.1115166 1.4271453
v -0.0825638 -0.1161944 1.4251171
v -0.1005919 -0.1163647 1.4113166
v 0.1511625 -0.1022937 0.9318649
v 0.1517441 -0.1077532 0.9059187
v -0.1006028 -0.0728401 1.4620352
v -0.1049603 -0.0577989 1.4611593
v -0.1107323 -0.0447416 1.4580846
v -0.1210963 -0.0337805 1.4545313
v -0.1333316 -0.0238958 1.4495234
v -0.1431855 -0.0324686 1.4511184
v 0.1513239 -0.0733517 1.0299713
v 0.1613876 -0.0481735 1.0361898
v 0.1601991 0.0301635 0.7988404
v 0.1531948 0.0132612 0.7802434
v 0.1311907 0.0425754 0.7807425
v 0.1407997 0.0547661 0.7969181
v 0.0849092 0.0990774 0.8058240
v 0.1154732 0.0786726 0.7994951
v 0.1041479 0.0653134 0.7866639
v 0.0723793 0.0860464 0.7952807
v 0.1124097 0.1164328 0.9342619
v 0.1111044 0.1099651 0.9582979
v 0.1360408 0.0939432 0.9580809
v 0.1383508 0.1005918 0.9345716
v 0.1637300 -0.0234687 1.0416919
v 0.1598284 -0.0002768 1.0447729
v 0.1343228 -0.0952245 1.0230577
v 0.1246504 -0.1405026 0.7713403
v 0.1199600 -0.1403489 0.7395366
v 0.1438177 -0.1075259 0.7377791
v 0.1511166 -0.1089217 0.7705935
v 0.1512748 -0.0351956 0.7339817
v 0.1351176 -0.0015835 0.7342312
v 0.1435335 0.0042227 0.7583112
v 0.1611127 -0.0302016 0.7619425
v 0.0190411 -0.1468977 0.9958957
v 0.0199813 -0.1412635 0.9772753
v 0.0434468 -0.1383063 0.9861208
v -0.0459815 -0.1333609 0.9772677
v -0.0450279 -0.1268302 0.9603772
v -0.0249024 -0.1349597 0.9640211
v -0.0253254 -0.1426642 0.9820532
v -0.0374573 -0.1128977 0.8808899
v -0.0329080 -0.1165122 0.9006901
v -0.0471200 -0.1088703 0.8999617
v -0.0480817 -0.1061508 0.8826310
v 0.1284165 -0.1216886 0.9264483
v 0.1271160 -0.1164432 0.9466624
v 0.0994462 -0.1278811 0.9389746
v 0.0978601 -0.1353171 0.9186891
v 0.0905270 0.0543571 0.7758551
v 0.0594628 0.0698434 0.7887882
v 0.0897555 -0.1611313 0.7769127
v 0.0860224 -0.1625315 0.7435617
v 0.0479613 -0.1684625 0.7485503
v 0.0524362 -0.1650659 0.7812183
v 0.0196765 -0.1529900 0.7823217
v 0.0150249 -0.1557308 0.7515168
v -0.0330162 -0.0705219 0.8012633
v -0.0297349 -0.0620491 0.7961621
v -0.0278847 -0.0916313 0.8119568
v -0.0348227 -0.0988076 0.8225489
v 0.1003466 0.1169125 0.8412769
v 0.1282638 0.0998610 0.8368592
v 0.1235891 0.0911498 0.8162217
v 0.0940481 0.1096030 0.8226484
v 0.1514187 0.0206784 1.0457762
v 0.1454608 0.0185562 1.0689530
v 0.1330524 0.0358319 1.0706668
v 0.1278240 0.0345711 1.0964731
v 0.1404570 0.0169144 1.0939005
v 0.1010342 0.0204311 1.2523651
v 0.0989900 0.0098479 1.2773296
v 0.1121599 -0.0076703 1.2631369
v 0.1147496 0.0027774 1.2409326
v 0.0081317 0.0002674 1.4009540
v 0.0156630 0.0083764 1.3888531
v 0.1097709 0.0268787 0.7414775
v 0.1073099 0.0158993 0.7122584
v 0.0753908 0.0309482 0.7191206
v 0.0694610 0.0458124 0.7570935
v 0.1429404 -0.0392060 0.7057177
v 0.1552925 -0.0713064 0.7367382
v 0.1464364 -0.0716459 0.7065535
v 0.1121346 -0.1419332 0.7077970
v 0.1352932 -0.1085891 0.7066880
v 0.0415695 -0.1707706 0.7156172
v 0.0099847 -0.1570963 0.7192771
v -0.0273268 -0.0687399 0.7478333
v -0.0253288 -0.0657526 0.7224617
v -0.0222977 -0.0978552 0.7223998
v -0.0220237 -0.0995203 0.7499381
v -0.0029082 -0.1286304 0.8733737
v 0.0048937 -0.1293947 0.8540139
v 0.0334342 -0.1390125 0.8731517
v 0.0345223 -0.1365295 0.8939669
v -0.0257443 -0.1468450 1.0039696
v -0.0434552 -0.1401597 0.9982799
v 0.0178130 -0.1481612 1.0169977
v -0.0053512 -0.1497958 1.0101995
v -0.0044740 -0.1473467 0.9882570
v -0.0311536 -0.1451345 1.0899073
v -0.0298626 -0.1454586 1.0707327
v -0.0062557 -0.1480801 1.0756340
v -0.0072871 -0.1482453 1.0950885
v -0.0097658 -0.1462725 1.1145170
v -0.0328478 -0.1427463 1.1091984
v -0.0409750 -0.1349560 1.1474288
v -0.0192143 -0.1410831 1.1500790
v -0.0283346 -0.1469555 1.1619808
v -0.1087484 -0.1252842 1.2815067
v -0.1069322 -0.1292308 1.2644071
v 0.1259963 -0.1314657 0.8989516
v 0.0311202 0.0354439 0.7542030
v 0.0396187 0.0295394 0.7229427
v 0.0117423 0.0128181 0.7233222
v 0.0068382 0.0129235 0.7502222
v 0.1496052 -0.0979620 0.9536460
v 0.1121243 -0.1135489 1.0318132
v 0.1140211 -0.1122949 1.0142559
v 0.0719514 -0.1279698 1.1973403
v 0.0851452 -0.1184086 1.1774734
v -0.0489324 -0.1744323 1.1983081
v -0.0554036 -0.1746215 1.2081233
v 0.1651598 -0.0690092 0.7673263
v 0.0351278 -0.1711610 0.6840977
v 0.0051791 -0.1568800 0.6870050
v 0.0002428 -0.1554524 0.6560082
v 0.0289260 -0.1703501 0.6531197
v -0.0165333 -0.0369794 0.6939258
v -0.0119820 -0.0391523 0.6635570
v -0.0209523 -0.0652251 0.6650421
v -0.0231311 -0.0648753 0.6944096
v -0.0097036 -0.0432953 0.6332337
v -0.0082747 -0.0460421 0.6035551
v -0.0202689 -0.0694284 0.6028877
v -0.0205280 -0.0685708 0.6338784
v 0.0787336 -0.1647160 0.7110822
v 0.0924169 -0.1479856 0.6486431
v 0.1012993 -0.1452927 0.6780629
v 0.0705810 -0.1656948 0.6800678
v 0.0629501 -0.1670007 0.6497347
v 0.1293731 -0.0084861 0.7076205
v -0.0244503 -0.0402108 0.7470006
v -0.0206996 -0.0377198 0.7222161
v 0.0221407 -0.0000860 0.6600145
v 0.0171360 0.0079949 0.6918719
v 0.0451015 0.0212883 0.6891718
v 0.0490719 0.0102633 0.6574732
v 0.1291544 -0.0550422 0.6511212
v 0.1354335 -0.0467588 0.6784183
v 0.1363027 -0.0795035 0.6784046
v 0.1278968 -0.0870961 0.6510711
v 0.1241388 -0.1143229 0.6779517
v 0.1145634 -0.1193725 0.6493193
v 0.0748735 -0.1528002 0.5904684
v 0.0832327 -0.1501370 0.6195218
v 0.0544449 -0.1673833 0.6196568
v 0.0460999 -0.1675269 0.5901497
v 0.0973621 -0.1279988 0.5930543
v 0.1054706 -0.1236275 0.6215791
v 0.1107081 -0.1004607 0.5968872
v 0.1191356 -0.0941491 0.6239186
v 0.1126906 -0.0728588 0.5990215
v 0.1209804 -0.0644123 0.6250719
v 0.1073061 -0.0489274 0.6007217
v 0.1135298 -0.0382847 0.6256851
v 0.0976090 -0.0164402 0.6265915
v 0.0935473 -0.0289186 0.6017711
v 0.0740039 -0.0160427 0.6025522
v 0.0754830 -0.0039290 0.6286167
v 0.0278055 -0.0152683 0.6032176
v 0.0255960 -0.0089071 0.6307881
v 0.0501038 -0.0006875 0.6297800
v 0.0507992 -0.0107583 0.6031238
v 0.0413933 -0.0316477 0.5048023
v 0.0372102 -0.0267943 0.5289761
v 0.0559596 -0.0338627 0.5312634
v 0.0578480 -0.0395286 0.5078755
v 0.0736325 -0.0480936 0.5107955
v 0.0715018 -0.0443116 0.5330926
v 0.0853482 -0.0566253 0.5334404
v 0.0875291 -0.0599158 0.5112409
v 0.0965738 -0.0925866 0.5270345
v 0.0983535 -0.0947241 0.5034133
v 0.0964005 -0.0752686 0.5089153
v 0.0947147 -0.0727131 0.5314669
v 0.0944087 -0.1153556 0.5210982
v 0.0947127 -0.1166353 0.4959771
v 0.0807461 -0.1384305 0.5126745
v 0.0778856 -0.1350558 0.4862274
v 0.0553559 -0.1540648 0.5046132
v 0.0529461 -0.1487212 0.4778678
v -0.0113010 -0.0602877 0.5183230
v -0.0001056 -0.0417833 0.5228954
v 0.0071746 -0.0394286 0.4984255
v -0.0055621 -0.0557152 0.4933657
v -0.0196286 -0.1102608 0.5075071
v -0.0117394 -0.0998460 0.4806465
v -0.0126721 -0.1275798 0.4773874
v -0.0189028 -0.1401230 0.5037513
v 0.0672803 -0.1550439 0.5612158
v 0.0897362 -0.1317653 0.5661245
v 0.1030093 -0.1058917 0.5712727
v 0.1047165 -0.0806792 0.5750034
v 0.0305313 -0.0198712 0.5778123
v 0.0527712 -0.0192572 0.5782404
v -0.0183955 -0.0683902 0.5729685
v -0.0069123 -0.0468001 0.5752987
v 0.0018095 -0.1666832 0.5294852
v 0.0309734 -0.1688241 0.5295092
v 0.0379565 -0.1679262 0.5596880
v 0.0082737 -0.1660917 0.5606351
v 0.0841366 -0.1358552 0.5396948
v 0.0970129 -0.1108908 0.5462606
v 0.0987766 -0.0874815 0.5509602
v 0.0868947 -0.0495214 0.5552803
v 0.0965527 -0.0668794 0.5542496
v 0.0726087 -0.0365234 0.5549623
v 0.0342186 -0.0232610 0.5528243
v 0.0553571 -0.0262663 0.5546071
v -0.0150273 -0.0654749 0.5448220
v -0.0041014 -0.0447438 0.5483972
v 0.0026426 -0.1516216 0.4737769
v 0.0282639 -0.1589013 0.4729267
v 0.0282628 -0.1663261 0.4998993
v -0.0005183 -0.1633440 0.4992448
v 0.0098807 -0.1352807 0.4514685
v -0.0014565 -0.1157166 0.4551732
v 0.0924047 -0.0592842 0.4913124
v 0.0795865 -0.0462605 0.4922286
v 0.1014527 -0.0740458 0.4872420
v 0.0766221 -0.1302806 0.4591336
v 0.0970498 -0.1142988 0.4705964
v 0.0512974 -0.1407603 0.4505411
v 0.0283977 -0.1450195 0.4501555
v 0.0244883 -0.0323981 0.4555988
v 0.0127692 -0.0453783 0.4483906
v 0.0030555 -0.0527508 0.4720868
v 0.0153818 -0.0393243 0.4774257
v 0.0555760 -0.0225239 0.4676296
v 0.0460388 -0.0344233 0.4852226
v 0.0627417 -0.0388241 0.4891516
v 0.0742446 -0.0249249 0.4723700
v 0.1049759 -0.0492395 0.4705098
v 0.0916413 -0.0347029 0.4732720
v 0.1135734 -0.0670006 0.4656504
v 0.1005869 -0.1066263 0.4434057
v 0.1141217 -0.0880610 0.4558827
v 0.1042211 -0.0941067 0.4809283
v 0.0776578 -0.1229406 0.4303312
v 0.0541293 -0.1096053 0.3933550
v 0.0823820 -0.1119550 0.4003714
v 0.0473910 -0.1244504 0.4220419
v 0.0559697 -0.0397845 0.3116579
v 0.0639847 -0.0199500 0.2826667
v 0.0803658 -0.0342636 0.2813691
v 0.0746362 -0.0558403 0.3093225
v 0.0313239 -0.0160363 0.4330533
v 0.0198098 -0.0321629 0.4246700
v 0.0860543 -0.0088613 0.4511502
v 0.0656116 -0.0049366 0.4465530
v 0.1173042 -0.0830359 0.3872124
v 0.1330630 -0.0641844 0.4012065
v 0.1238689 -0.0784182 0.4286206
v 0.1084905 -0.0972127 0.4151912
v 0.0389766 0.0216839 0.3432196
v 0.0307868 0.0055593 0.3717166
v 0.0444511 0.0211417 0.3814395
v 0.0517488 0.0360387 0.3523995
v 0.0940557 0.0090485 0.4260026
v 0.1011653 0.0255204 0.3981728
v 0.0803504 0.0304740 0.3947281
v 0.0729514 0.0132334 0.4217017
v 0.1260968 -0.0465578 0.3277736
v 0.1409674 -0.0285390 0.3402420
v 0.1390183 -0.0471582 0.3720413
v 0.1232074 -0.0659830 0.3581609
v 0.0614374 -0.0941079 0.3654030
v 0.0692685 -0.0761676 0.3376058
v 0.0973846 -0.0783591 0.3454609
v 0.0908455 -0.0963394 0.3731070
v 0.0407690 -0.0772695 0.3680094
v 0.0484871 -0.0598273 0.3402411
v 0.0718132 0.0584923 0.2866375
v 0.0616884 0.0489474 0.2771432
v 0.0502459 0.0355130 0.3110562
v 0.0618478 0.0470351 0.3204434
v 0.1070013 0.0387344 0.3667808
v 0.1106809 0.0492851 0.3320875
v 0.0927276 0.0540725 0.3305356
v 0.0867798 0.0447391 0.3645953
v 0.1291238 -0.0041193 0.2639732
v 0.1396334 0.0111905 0.2739763
v 0.1407263 -0.0090109 0.3071448
v 0.1281971 -0.0253147 0.2965826
v 0.0868489 -0.0117802 0.2511696
v 0.1100989 -0.0144138 0.2550439
v 0.1059741 -0.0374108 0.2863309
v 0.0718167 0.0009054 0.2524634
v 0.0779495 0.0189465 0.2216105
v 0.0907077 0.0087231 0.2205007
v 0.0799135 0.0706540 0.2536797
v 0.0715680 0.0605707 0.2452587
v 0.1012984 0.0773186 0.2626381
v 0.0978482 0.0646184 0.2957328
v 0.1134796 0.0608785 0.2978351
v 0.1155973 0.0741980 0.2651676
v 0.1387079 0.0399112 0.2886357
v 0.1383504 0.0542591 0.2562888
v 0.1290686 0.0658485 0.2628273
v 0.1281791 0.0520149 0.2954056
v 0.1377987 0.0295645 0.2435782
v 0.1403129 0.0428764 0.2505930
v 0.1427151 0.0259944 0.2823240
v 0.1289532 0.0148987 0.2342699
v 0.1111724 0.0061723 0.2248926
v 0.0099182 0.0248504 0.7808068
v 0.0214513 0.0316913 0.7748680
v 0.0010438 0.0077910 0.7684804
v -0.0067314 0.0012936 0.7771567
v -0.0231965 -0.0984728 0.6625226
v -0.0226461 -0.0978395 0.6934917
v -0.0260370 -0.0969133 0.5998374
v -0.0250106 -0.0989920 0.6309103
v -0.0247797 -0.0948616 0.5692087
v -0.0170926 -0.0838003 0.5120063
v -0.0214696 -0.0905994 0.5399321
v -0.0107947 -0.0771880 0.4861864
v -0.0019374 -0.0712112 0.4628635
v 0.0075269 -0.0634890 0.4387110
v 0.0215982 -0.0361555 0.3888331
v 0.0161895 -0.0522162 0.4145347
v 0.0250422 -0.0134241 0.3986494
v 0.0349878 0.0004888 0.3311632
v 0.0271642 -0.0177555 0.3607310
v 0.0582968 0.0337528 0.2666217
v 0.0462646 0.0176504 0.2991511
v 0.0691830 0.0466878 0.2355914
v -0.0001441 -0.1275763 0.8021129
v 0.0039363 -0.1286230 0.8213396
v -0.0159548 -0.1075500 0.8082986
v -0.0179505 -0.1039427 0.7933406
v -0.0233481 -0.0337837 0.7908589
v -0.0211179 -0.0263703 0.7891883
v -0.0264707 -0.0424257 0.7904745
v -0.0288950 -0.0497987 0.7929534
v 0.0602100 -0.1562101 0.5330345
v 0.1012453 -0.0585086 0.5771618
v 0.0728387 -0.0273444 0.5785780
v 0.0896334 -0.0404028 0.5779220
v -0.0263139 -0.1187512 0.5353119
v -0.0193931 -0.1477271 0.5316360
v -0.0159041 -0.1496268 0.5626975
v -0.0256371 -0.1233311 0.5650007
v 0.0337048 -0.0924874 0.3925853
v 0.0209771 -0.0729954 0.4027067
v 0.0291349 -0.0571243 0.3775799
v 0.0266069 -0.1079848 0.4147065
v 0.1263314 -0.0566690 0.4406763
v 0.1189394 -0.0368687 0.4480035
v 0.1142233 -0.0036042 0.4263323
v 0.1046480 -0.0205502 0.4513172
v 0.1296293 -0.0209684 0.4223273
v -0.0212346 -0.1284941 0.6264517
v -0.0237351 -0.1258967 0.5957488
v -0.0099137 -0.1510692 0.5934547
v -0.0047234 -0.1532205 0.6247358
v 0.1370740 -0.0015206 1.1365350
v 0.1419877 -0.0231310 1.1303426
v 0.0317508 -0.1615198 1.2077055
v 0.0233903 -0.1613012 1.1958535
v 0.0367483 -0.1483532 1.1894393
v 0.0483585 -0.1469330 1.2032066
v 0.0533177 -0.1481106 1.2185970
v 0.0360714 -0.1623534 1.2216348
v 0.0533608 -0.1499725 1.2351283
v 0.0361776 -0.1628909 1.2372563
v 0.0317386 -0.1578118 1.2956621
v 0.0272728 -0.1601387 1.3013783
v -0.0605758 -0.1242997 1.1418818
v -0.0573525 -0.1292144 1.1237386
v -0.0361752 -0.1386819 1.1282251
v -0.0042094 -0.1403100 0.9693283
v 0.0076119 -0.1296760 0.9059765
v -0.0156077 -0.1235761 0.9019756
v -0.0232869 -0.1197459 0.8788466
v -0.0436165 -0.0874029 0.8224894
v -0.0430022 -0.0723626 0.8113103
v -0.0340719 -0.0520804 0.7976357
v -0.0269116 -0.0360669 0.7925704
v 0.0943815 0.0464524 1.2046924
v 0.0894141 0.0424983 1.2333472
v -0.0334643 0.0187317 1.3934958
v -0.0168743 0.0061901 1.4025940
v -0.0325534 -0.0061572 1.4212505
v -0.0488995 0.0070812 1.4119825
v -0.0575294 0.0017850 1.4202366
v -0.0410603 -0.0113843 1.4292135
v -0.1100041 -0.0261764 1.4520284
v -0.0972359 -0.0195523 1.4483846
v -0.0129600 -0.0093789 0.7905809
v -0.0076836 0.0008306 0.7886588
v -0.0182602 -0.0179822 0.7872316
v -0.0281282 -0.0715976 0.7691397
v -0.0283142 -0.0767209 0.7851610
v -0.0277254 -0.0478850 0.7797755
v -0.0266285 -0.0440985 0.7660567
v 0.1553730 -0.1105587 0.8046898
v 0.1259514 -0.1427000 0.8048690
v 0.1197599 0.0334669 0.7624582
v 0.0760913 -0.1421053 1.1724986
v 0.0679507 -0.1348003 1.1937024
v 0.0819164 -0.1336120 1.1954394
v 0.0895185 -0.1420783 1.1739301
v 0.0608534 0.0285748 1.3234824
v 0.0771551 0.0275587 1.2959769
v -0.0723608 -0.1222117 1.4211295
v 0.0053302 -0.1758443 1.4204290
v -0.0054401 -0.1637093 1.4269602
v -0.0188810 -0.1754493 1.4057420
v -0.0114129 -0.1852285 1.4005924
v 0.0578565 -0.1056093 1.4110486
v 0.0505096 -0.0900767 1.4165519
v 0.0422437 -0.1061015 1.4281006
v 0.0491592 -0.1205052 1.4211308
v 0.1384462 0.1062529 0.9090724
v 0.1117215 0.1212846 0.9095382
v 0.0892375 0.0616040 1.1261365
v 0.0852192 0.0616186 1.1520166
v 0.1023507 0.0501644 1.1495895
v 0.1078618 0.0501723 1.1236795
v 0.0855835 0.0041393 1.3129775
v 0.0997486 -0.0075826 1.2960348
v -0.0898720 -0.1432879 1.1992366
v -0.0818611 -0.1556615 1.2067900
v -0.0883948 -0.1527120 1.2234133
v -0.0984263 -0.1403362 1.2162907
v 0.0970562 -0.1339418 1.2353897
v 0.0872060 -0.1278174 1.2217043
v 0.0761611 -0.1195962 1.2416755
v 0.0845415 -0.1219301 1.2509211
v 0.1703127 -0.0200012 0.7881933
v 0.1745670 -0.0629205 0.8051756
v 0.1359153 -0.0489486 1.1644772
v 0.1381906 -0.0467690 1.1432345
v 0.1370055 -0.0229357 1.1518466
v 0.1352463 -0.0248990 1.1733693
v 0.1197576 -0.0659825 1.2259296
v 0.1251839 -0.0586191 1.2065415
v 0.1142351 -0.0744692 1.2452662
v 0.0561760 -0.1226746 1.3096644
v 0.0612042 -0.1217299 1.3157053
v 0.0652581 -0.1150857 1.3181674
v -0.0202257 -0.1014691 0.7745278
v -0.0161968 -0.1147639 0.8324089
v -0.0240650 -0.1172981 0.8444332
v -0.0171726 -0.0187747 0.7913447
v -0.0200389 -0.0226538 0.7916621
v -0.1088627 -0.1174154 1.4147715
v -0.1031237 -0.1097159 1.4289785
v 0.0388417 -0.1319262 1.2553411
v 0.0379486 -0.1348056 1.2756383
v 0.0709669 -0.1230836 1.3060457
v 0.0638172 -0.1265485 1.3094992
v 0.0535690 -0.1364110 1.3056490
v 0.0597917 -0.1338674 1.3008903
v 0.0779581 -0.1132364 1.3116770
v 0.0703718 -0.1172090 1.3133324
v -0.0331386 -0.1838137 1.3163771
v -0.0332865 -0.1834995 1.3339748
v -0.0419166 -0.1778422 1.3373480
v -0.0423254 -0.1795133 1.3182717
v -0.0519450 -0.1731164 1.3164390
v -0.0516684 -0.1708375 1.3375103
v -0.0622993 -0.1625848 1.3345308
v -0.0622600 -0.1657570 1.3122510
v -0.0769496 -0.1323539 1.3950722
v -0.0937798 -0.1295217 1.3772010
v -0.1097675 -0.1215503 1.3617093
v -0.1238544 -0.1128595 1.3491848
v -0.0828406 -0.0144356 1.4423016
v -0.0661479 -0.0320749 1.4504219
v -0.0582108 -0.0219054 1.4424478
v -0.0731245 -0.0086059 1.4349035
v -0.0886976 0.0047716 1.4271610
v -0.0988163 -0.0010896 1.4349721
v -0.1104973 -0.1180829 1.3967807
v -0.1230979 -0.1164498 1.3835810
v -0.1297769 -0.1101916 1.3670809
v 0.0783119 -0.2273383 1.2041944
v 0.0734026 -0.2216886 1.2285638
v -0.0999708 -0.0879713 1.4566863
v -0.1007038 -0.1005675 1.4441788
v 0.0955255 -0.2206610 1.2054289
v 0.0908085 -0.2154798 1.2302487
v -0.0393452 -0.1678818 1.3829432
v -0.0290956 -0.1778043 1.3816850
v -0.0285230 -0.1645424 1.4086982
v -0.1177743 -0.1206185 1.4002846
v -0.1294146 -0.1195171 1.3875728
v 0.1548616 -0.1136222 0.8392162
v 0.1254330 -0.1423045 0.8379268
v 0.1250606 -0.0934403 1.1042907
v 0.1076191 -0.1113595 1.0939299
v -0.0732459 -0.1253248 1.0829190
v -0.0709449 -0.1259229 1.0644434
v -0.0513571 -0.1378477 1.0668240
v -0.0528674 -0.1368456 1.0862452
v -0.0793003 -0.1108972 1.1366880
v -0.0766616 -0.1160253 1.1193699
v -0.1531771 -0.1189787 1.3723445
v -0.0275949 -0.1466817 1.0283757
v -0.0288775 -0.1458306 1.0507736
v -0.0500166 -0.1377231 1.0462397
v -0.0492493 -0.1380966 1.0221844
v -0.0558315 -0.1330694 0.9953663
v -0.0562211 -0.1308099 0.9839614
v -0.0418577 -0.1102740 0.8638041
v -0.0494850 -0.1047211 0.8655321
v 0.0227589 -0.2081009 1.2816580
v 0.0386806 -0.2137613 1.2899610
v 0.0335373 -0.2131434 1.3074468
v 0.0186552 -0.2074402 1.2971178
v 0.0178290 -0.1470670 1.0401233
v -0.0059550 -0.1496190 1.0342669
v 0.0217916 -0.1687405 1.2862604
v 0.0368074 -0.1553152 1.2876801
v -0.0695502 -0.1256499 1.1580783
v -0.0717828 -0.1652434 1.2143285
v -0.0773004 -0.1625057 1.2297326
v -0.0609563 -0.1730329 1.2217781
v -0.0651849 -0.1704143 1.2361460
v -0.0124952 -0.0080146 0.7922966
v -0.0114843 -0.0079702 0.7932621
v 0.0958422 -0.1495697 1.3102159
v 0.0949890 -0.1424193 1.3042495
v 0.0926871 -0.1366131 1.3167874
v 0.0937645 -0.1445517 1.3230578
v -0.0132309 -0.0141461 0.7488636
v -0.0161909 -0.0176545 0.7655600
v 0.0416430 0.0506979 0.7847246
v 0.0208725 0.0420353 0.7858979
v 0.0202460 0.0505342 0.7926147
v 0.0265588 0.0622022 0.7959681
v -0.0114315 -0.1302477 0.7201258
v -0.0081389 -0.1304869 0.7515940
v -0.0142031 -0.1301214 0.6890203
v -0.0175492 -0.1296129 0.6574378
v -0.0016665 -0.0929003 0.4566280
v 0.0104401 -0.0890547 0.4292236
v 0.0365975 -0.0390504 0.3498078
v 0.0446585 -0.0203410 0.3205927
v 0.0540869 -0.0013513 0.2893744
v 0.0711825 0.0320294 0.2274746
v 0.0633169 0.0172438 0.2574303
v 0.1078801 -0.2096118 1.2037421
v 0.1159813 -0.1961193 1.1990160
v 0.1117562 -0.1879363 1.2248739
v 0.1034829 -0.2026773 1.2307238
v 0.0375701 -0.1450778 1.2161797
v 0.0438779 -0.1499522 1.1960921
v 0.0347862 -0.1627872 1.1987286
v 0.0287390 -0.1586154 1.2199348
v 0.0511071 -0.1549111 1.1750659
v 0.0549554 -0.1402700 1.1946343
v 0.0628457 -0.1467380 1.1737017
v 0.1021369 -0.1466806 1.1788525
v 0.0946370 -0.1375891 1.2004702
v 0.1047597 -0.1459305 1.2082201
v 0.1123003 -0.1556884 1.1838709
v 0.1193749 -0.1815214 1.1940272
v 0.1181758 -0.1675365 1.1886053
v 0.1119960 -0.1591534 1.2127642
v 0.1139803 -0.1741343 1.2180467
v 0.0330370 -0.1949711 1.1842014
v 0.0262544 -0.1909846 1.2071359
v 0.0283182 -0.1766386 1.2021458
v 0.0347987 -0.1806404 1.1801564
v 0.0577246 -0.2136349 1.2964340
v 0.0519633 -0.2131165 1.3160344
v 0.0117286 -0.1733155 1.3059194
v 0.0106025 -0.1715730 1.3048533
v 0.0024574 -0.1866325 1.3036960
v 0.0019666 -0.1865499 1.3094966
v 0.0480579 -0.2174138 1.2500551
v 0.0674167 -0.2171413 1.2528424
v 0.0616937 -0.2144080 1.2757498
v 0.0427920 -0.2148607 1.2712515
v 0.0188956 -0.1874072 1.2295040
v 0.0114845 -0.1841869 1.2505168
v 0.0154014 -0.1698224 1.2457047
v 0.0220290 -0.1728024 1.2239282
v 0.0637672 -0.1193052 1.2376317
v 0.0729027 -0.1252376 1.2168059
v 0.0075773 -0.1975193 1.2883077
v 0.0111976 -0.1975144 1.2739855
v 0.0256548 -0.1659308 1.2774148
v 0.0649606 -0.1315230 1.2950139
v 0.0713888 -0.1289801 1.2871575
v 0.0118167 -0.1729095 1.2046230
v 0.0032214 -0.1801986 1.2159096
v 0.0677837 -0.1366296 1.2551644
v 0.0717032 -0.1347058 1.2372585
v 0.0090647 -0.1785692 1.2199990
v 0.0179500 -0.1728100 1.2140815
v 0.0077261 -0.1439354 1.1391141
v -0.1263184 -0.1101470 1.3595865
v 0.0155936 -0.1983680 1.2567116
v 0.0270128 -0.2093209 1.2635934
v 0.0755126 -0.1157743 1.2655577
v 0.0672787 -0.1146937 1.2600897
v 0.0618903 -0.1139341 1.2780653
v 0.0687500 -0.1126238 1.2799226
v 0.0885728 -0.0372954 1.3343016
v 0.0949887 -0.0457708 1.3232924
v 0.0975047 -0.0268851 1.3103788
v 0.0886267 -0.0162971 1.3240871
v 0.0968770 -0.1663626 1.3132313
v 0.0939478 -0.1630676 1.3288062
v 0.0907799 -0.1762013 1.3289835
v 0.0942324 -0.1784048 1.3109279
v 0.0833220 -0.1907914 1.3269763
v 0.0711859 -0.2056879 1.3222948
v 0.0753417 -0.2061840 1.3018935
v 0.0872156 -0.1923017 1.3070633
v 0.1706331 -0.0802013 0.8774936
v 0.1827439 -0.0447108 0.8806782
v 0.0673253 -0.1321949 0.9954544
v 0.0914858 -0.1239948 1.0042686
v 0.0373762 -0.1345628 0.9165789
v -0.0286149 -0.0570836 0.7917675
v -0.0272038 -0.0871104 0.8031661
v -0.0082068 -0.0110640 0.7223280
v 0.1533048 -0.1094247 0.8742741
v 0.0021717 -0.0180407 0.6619500
v -0.0029061 -0.0128268 0.6929517
v 0.0774738 0.0083870 0.6551537
v 0.0776053 0.0204214 0.6851770
v 0.1042850 0.0055785 0.6816235
v 0.1012759 -0.0049294 0.6531815
v 0.1242712 -0.0174907 0.6795966
v 0.1191894 -0.0273696 0.6517033
v 0.0148884 -0.1669435 0.5930304
v 0.1212738 0.0131825 0.3973114
v 0.1386805 0.0108267 0.3595904
v 0.1251330 0.0271520 0.3648911
v 0.1362276 -0.0045112 0.3928553
v 0.1362535 -0.0421398 0.4136676
v 0.1422955 -0.0255392 0.3842861
v 0.1011069 -0.0589646 0.3161473
v 0.1272261 0.0391845 0.3301471
v 0.1392023 0.0252752 0.3238993
v 0.1444842 -0.0090358 0.3513290
v 0.1442445 0.0081613 0.3167617
v -0.0201659 -0.0229446 0.7772843
v 0.0353059 0.0766220 0.7975597
v 0.0910201 -0.1560749 0.8374666
v 0.0913012 -0.1590269 0.8079708
v 0.0057519 -0.1283647 0.8379510
v 0.0316166 -0.1417792 0.8516441
v 0.0656619 -0.1334128 1.0744503
v 0.0427442 -0.1395982 1.0673424
v 0.0612650 -0.1333656 1.1155641
v 0.0648603 -0.1328451 1.0949304
v 0.0857185 -0.1243356 1.1047568
v 0.0813853 -0.1241440 1.1251279
v 0.1173977 -0.0946030 1.1453468
v 0.1209352 -0.0927063 1.1247925
v 0.1326387 -0.0709739 1.1340970
v 0.1297182 -0.0727123 1.1554176
v 0.1431512 -0.0471975 1.1225776
v 0.1377584 -0.0715622 1.1136573
v 0.1121633 0.0340033 1.1717581
v 0.1086332 0.0313078 1.1989273
v 0.1200946 0.0148133 1.1913301
v 0.1234484 0.0169255 1.1660234
v -0.0325692 -0.1146087 0.8562064
v -0.0246639 -0.0350932 0.7880975
v -0.0038999 -0.1294150 0.7790436
v 0.0243436 -0.1483310 0.8090858
v 0.0571131 -0.1599067 0.8092207
v 0.0297689 -0.1453210 1.2781699
v 0.0856191 -0.0810200 1.3334350
v 0.0831604 -0.0782947 1.3396529
v 0.0796553 -0.2071043 1.2806802
v 0.0915719 -0.1930248 1.2862927
v 0.0058558 -0.1835708 1.2690964
v 0.0288054 -0.2123929 1.3223674
v 0.0097952 -0.2069853 1.3231609
v 0.0144965 -0.2072526 1.3107580
v 0.0668049 -0.1389526 0.9087361
v 0.0637399 -0.1446090 0.8851974
v 0.0958811 -0.1434141 0.8935776
v 0.0098334 0.0290803 0.7878099
v 0.0120618 0.0355685 0.7910656
v -0.0146217 -0.1124573 0.8206407
v 0.0072111 -0.0272193 0.6034440
v 0.0049454 -0.0237706 0.6323063
v 0.0096641 -0.0294029 0.5770204
v 0.0127207 -0.0300463 0.5518658
v 0.0175035 -0.0292761 0.5266277
v 0.0237067 -0.0306702 0.5025936
v 0.0305336 -0.0328970 0.4821119
v 0.0392300 -0.0249166 0.4620309
v 0.0379149 0.0029862 0.4081059
v 0.0469353 -0.0078938 0.4403365
v 0.0544325 0.0109512 0.4156484
v 0.0612498 0.0287710 0.3890351
v 0.0765808 0.0530336 0.3267121
v 0.0682965 0.0432761 0.3600102
v 0.0840424 0.0633476 0.2929547
v 0.0898063 0.0751206 0.2597388
v -0.0063068 0.0023769 0.7914182
v 0.0014581 0.0155228 0.7898411
v -0.0509098 -0.1558377 1.3824776
v 0.0455763 -0.1453825 1.2979689
v 0.0402984 -0.1475858 1.3029566
v 0.0031059 -0.1843825 1.2835200
v 0.0447148 0.0919105 0.8039656
v 0.0538842 0.1059682 0.8132829
v 0.1091428 -0.1636012 1.2404975
v 0.1078685 -0.1777609 1.2491267
v 0.0113296 -0.1683876 1.2666611
v 0.0234209 -0.1604258 1.3072914
v 0.0212399 -0.1593380 1.3079679
v 0.0797215 -0.2641602 1.0088171
v 0.0713873 -0.2654276 0.9900715
v 0.0824423 -0.2626155 0.9861217
v 0.0915301 -0.2603120 1.0049949
v 0.0673635 -0.2622126 1.0126143
v 0.0602332 -0.2628418 0.9938223
v 0.0454021 -0.2041445 1.0105607
v 0.0437023 -0.2071110 0.9895202
v 0.0403938 -0.2200516 0.9939653
v 0.0426904 -0.2179913 1.0148587
v 0.0443520 -0.2568343 0.9779712
v 0.0503688 -0.2559529 0.9967869
v 0.0436690 -0.2455021 0.9979704
v 0.0392134 -0.2464388 0.9784305
v 0.0673134 -0.1865666 0.9998197
v 0.0680514 -0.1818858 1.0198377
v 0.0823186 -0.1815378 1.0164690
v 0.0808273 -0.1874895 0.9968060
v 0.0569036 -0.2022830 1.0944509
v 0.0576882 -0.2033882 1.1094534
v 0.0574211 -0.1899053 1.1037965
v 0.0577248 -0.1887127 1.0885059
v 0.0972248 -0.2613897 1.0487341
v 0.0883397 -0.2628902 1.0284684
v 0.1003436 -0.2574777 1.0248802
v 0.1089841 -0.2536189 1.0454267
v 0.0602626 -0.2425535 1.0588680
v 0.0683542 -0.2409375 1.0803080
v 0.0607780 -0.2273157 1.0807817
v 0.0536076 -0.2282841 1.0594548
v 0.1172356 -0.2481644 1.0664121
v 0.1068390 -0.2582447 1.0695556
v 0.0483079 -0.2447463 1.0178774
v 0.0535545 -0.2437785 1.0381092
v 0.0479703 -0.2299735 1.0384423
v 0.0441973 -0.2315494 1.0175677
v 0.0629913 -0.1989061 0.9611829
v 0.0656188 -0.1924732 0.9802525
v 0.0783349 -0.1943739 0.9776161
v 0.0746431 -0.2015575 0.9589903
v 0.0373943 -0.2347065 0.9769710
v 0.0408437 -0.2330442 0.9969576
v 0.0379065 -0.2223613 0.9738521
v 0.0887685 -0.2472917 0.9606814
v 0.0979892 -0.2416213 0.9794413
v 0.0916127 -0.2541147 0.9826596
v 0.0824263 -0.2581248 0.9641218
v 0.0503209 -0.2006886 1.0530171
v 0.0472033 -0.2021749 1.0316610
v 0.0457347 -0.2159427 1.0359987
v 0.0501731 -0.2142699 1.0572153
v 0.0831946 -0.2611159 1.0528980
v 0.0748163 -0.2617427 1.0323726
v 0.1066842 -0.2355373 0.9985650
v 0.1145602 -0.2291925 1.0183020
v 0.1089693 -0.2449510 1.0215634
v 0.1005005 -0.2499073 1.0019562
v 0.1178994 -0.2051783 1.0360779
v 0.1130471 -0.2125493 1.0162582
v 0.1054328 -0.1984763 1.0156124
v 0.1084866 -0.1915096 1.0355173
v 0.0573006 -0.1875516 1.0685998
v 0.0545270 -0.2009392 1.0746420
v 0.0680383 -0.1783827 1.0407543
v 0.0676613 -0.1757662 1.0617844
v 0.0827610 -0.1719045 1.0572682
v 0.0829781 -0.1764489 1.0366410
v 0.0929466 -0.2471959 1.1143631
v 0.0878541 -0.2505713 1.0986702
v 0.1017393 -0.2559468 1.0947235
v 0.1077040 -0.2507911 1.1118359
v 0.1155720 -0.2527132 1.0907147
v 0.1217316 -0.2459588 1.1087145
v 0.1304930 -0.2213220 1.1332615
v 0.1316302 -0.2262545 1.1207435
v 0.1319127 -0.2109247 1.1194745
v 0.1314094 -0.2067270 1.1317936
v 0.1243874 -0.1881249 1.0749072
v 0.1219861 -0.1969178 1.0559044
v 0.1101531 -0.1839965 1.0555398
v 0.1108480 -0.1767050 1.0754184
v 0.0950581 -0.1666837 1.0927581
v 0.0966646 -0.1697844 1.0758464
v 0.0813427 -0.1686710 1.0767555
v 0.0793094 -0.1675690 1.0926683
v 0.0785517 -0.1556176 1.1374896
v 0.0831859 -0.1583676 1.1255251
v 0.0692778 -0.1641858 1.1258377
v 0.0657482 -0.1621243 1.1377554
v 0.0518778 -0.1886886 1.1327693
v 0.0514823 -0.2028659 1.1363066
v 0.0466276 -0.2011687 1.1478312
v 0.0478100 -0.1869373 1.1440649
v 0.0912679 -0.2363220 1.1595017
v 0.0940034 -0.2396220 1.1469657
v 0.1097541 -0.2380010 1.1479454
v 0.1072617 -0.2322666 1.1610232
v 0.1256622 -0.1808682 1.0911657
v 0.1103237 -0.1705987 1.0945953
v 0.0550328 -0.1898659 1.1236236
v 0.0565736 -0.1898874 1.1149024
v 0.0567677 -0.2035163 1.1200516
v 0.0550170 -0.2037939 1.1278805
v 0.0699073 -0.2259590 1.1345440
v 0.0720033 -0.2254636 1.1255184
v 0.0821662 -0.2353985 1.1267209
v 0.0812890 -0.2344967 1.1359354
v 0.0949904 -0.2417771 1.1370777
v 0.0949928 -0.2442943 1.1269691
v 0.1103255 -0.2462388 1.1255809
v 0.1106272 -0.2420382 1.1370778
v 0.1260590 -0.1771737 1.1022037
v 0.1243254 -0.1737016 1.1119084
v 0.1287749 -0.1848082 1.1159572
v 0.1307276 -0.1890263 1.1057865
v 0.0762044 -0.1666199 1.1052901
v 0.0915835 -0.1641612 1.1053879
v 0.0721161 -0.2254599 1.1146486
v 0.0626238 -0.2159832 1.1234960
v 0.0629555 -0.2152660 1.1127519
v 0.1239284 -0.2401002 1.1234825
v 0.0910585 -0.1535353 1.1381075
v 0.0845313 -0.1490644 1.1519993
v 0.0968642 -0.1493380 1.1541261
v 0.1030922 -0.1542743 1.1398038
v 0.0718568 -0.1521878 1.1513942
v 0.0598413 -0.1595345 1.1524977
v 0.0402715 -0.1988705 1.1630813
v 0.0420396 -0.1847387 1.1591755
v 0.0444398 -0.2121644 1.1675870
v 0.0513711 -0.2146865 1.1514085
v 0.0604713 -0.2251391 1.1554002
v 0.0532034 -0.2229896 1.1727345
v 0.0852702 -0.2312455 1.1804736
v 0.1014846 -0.2261463 1.1813496
v 0.1181023 -0.2223724 1.1601147
v 0.1130576 -0.2156667 1.1789996
v 0.0583645 -0.1752431 1.1286041
v 0.0611048 -0.1759580 1.1190606
v 0.1071399 -0.2198903 0.9965582
v 0.0997942 -0.2270062 0.9772528
v 0.0956432 -0.2131132 0.9768390
v 0.1013845 -0.2058666 0.9958809
v 0.0885516 -0.2017493 0.9767439
v 0.0834353 -0.2093746 0.9582109
v 0.0628723 -0.2550335 1.0357536
v 0.0563261 -0.2556591 1.0159147
v 0.0524811 -0.2641355 0.9757791
v 0.0812415 -0.2366570 1.1151486
v 0.0768977 -0.2387319 1.1003861
v 0.1298437 -0.1933351 1.1296388
v 0.1293368 -0.1885873 1.1400291
v 0.1295444 -0.2020057 1.1432015
v 0.1320269 -0.1964925 1.0947059
v 0.1308854 -0.2136679 1.1043613
v 0.1279462 -0.2246355 1.0839978
v 0.1309293 -0.2059602 1.0784423
v 0.1218446 -0.1694339 1.1217574
v 0.1187596 -0.1648909 1.1317286
v 0.1260679 -0.1755523 1.1359119
v 0.1275391 -0.1805543 1.1256979
v 0.0745567 -0.2330328 1.1583445
v 0.0788606 -0.2339149 1.1456445
v 0.1240302 -0.1890937 1.1717179
v 0.1202742 -0.2028851 1.1747374
v 0.1244430 -0.2099423 1.1577195
v 0.1270521 -0.1964908 1.1557127
v 0.1277622 -0.2159523 1.1451787
v 0.1232429 -0.1752417 1.1680540
v 0.1270771 -0.1826692 1.1520651
v 0.0672359 -0.2303913 1.1775780
v 0.1146777 -0.1596792 1.1437508
v 0.1090368 -0.1538334 1.1586284
v 0.1185297 -0.1633157 1.1633120
v 0.1229288 -0.1699641 1.1479604
v 0.0925421 -0.1946653 0.9959252
v 0.0950484 -0.1879251 1.0155691
v 0.0648162 -0.1758174 1.0971385
v 0.0662695 -0.1750178 1.0814508
v 0.0631767 -0.1761904 1.1093126
v 0.0539720 -0.1922647 1.0047383
v 0.0527546 -0.1966489 0.9843993
v 0.0559386 -0.1875348 1.0471165
v 0.0548660 -0.1893018 1.0255884
v 0.1209307 -0.2222588 1.0385840
v 0.1002548 -0.1607970 1.1169893
v 0.1046673 -0.1646130 1.1073286
v 0.0875428 -0.1608842 1.1156041
v 0.0487603 -0.1711327 1.1561074
v 0.0548703 -0.1733099 1.1400950
v 0.1181441 -0.1699027 1.1027614
v 0.0418256 -0.1669192 1.1767847
v 0.1299005 -0.2322016 1.1058803
v 0.1212715 -0.2288755 1.1469685
v 0.1232390 -0.2343203 1.1354548
v 0.0735761 -0.2654282 0.9681071
v 0.0701411 -0.2542338 1.0565274
v 0.0685146 -0.2260215 1.1002606
v 0.0609323 -0.2143782 1.0980114
v 0.0958830 -0.1570813 1.1266585
v 0.1075946 -0.1582590 1.1283388
v 0.1116338 -0.1626731 1.1188714
v 0.0567761 -0.2161241 1.1398237
v 0.0658705 -0.2257521 1.1434126
v 0.0509405 -0.2019759 0.9650614
v 0.0605157 -0.2160395 1.1314131
v 0.1245799 -0.2407519 1.0873012
v -0.0413334 0.0126470 1.4029147
v -0.0486887 0.0308976 1.3862563
v -0.0565822 0.0253407 1.3960411
v 0.0734924 -0.1313549 1.2185885
v 0.0354528 -0.1397182 1.1699159
v 0.0527576 -0.1349629 1.1808950
v 0.0507673 -0.1434735 1.2910381
v 0.0568920 -0.1408798 1.2817754
v 0.0306587 -0.1488175 1.3078560
v 0.0347756 -0.1482809 1.3082973
v 0.0510805 -0.1504968 1.2512153
v -0.1469760 -0.1246814 1.5430159
v -0.1452066 -0.1193142 1.5373559
v -0.1514561 -0.1287934 1.5548805
v -0.0576974 -0.1319598 1.0088900
v -0.0669458 -0.1228981 0.9826845
v -0.0662209 -0.1197680 0.9718579
v -0.1417783 -0.1343379 1.5232138
v -0.1410625 -0.1277045 1.5190920
v -0.1389066 -0.1316559 1.5219445
v -0.1423773 -0.1369695 1.5242774
v -0.1424318 -0.1363142 1.5233231
v -0.1526447 -0.1396588 1.5545124
v -0.1428472 -0.1163362 1.5298059
v -0.1415192 -0.1147123 1.5200724
v -0.1491183 -0.1403413 1.5397809
v 0.1074065 0.0673184 1.0458669
v 0.1146557 0.0730402 1.0245507
v 0.0925693 0.0874440 1.0250892
v 0.0859524 0.0807892 1.0458309
v 0.0729950 0.1096473 1.0076343
v 0.0679711 0.1019925 1.0267464
v 0.1003324 0.0950947 1.0031814
v 0.1848165 0.0093064 0.9620389
v 0.1794699 0.0066177 0.9854246
v 0.1805726 -0.0213286 0.9863952
v 0.1855463 -0.0199852 0.9641290
v 0.1700469 -0.0481760 1.0020333
v 0.1760926 -0.0491186 0.9842240
v 0.1742625 -0.0217088 1.0055521
v 0.1582139 -0.0734988 0.9967315
v 0.1633303 -0.0746121 0.9794315
v 0.1415951 -0.0940413 0.9899429
v 0.1460901 -0.0952670 0.9724908
v 0.1251833 -0.1116188 0.9646150
v 0.0992431 -0.1235588 0.9570202
v 0.0693188 -0.1332360 0.9291545
v 0.0694790 -0.1301993 0.9467339
v 0.0408119 -0.1328368 0.9362269
v 0.0132088 -0.1307328 0.9273167
v -0.0106062 -0.1265914 0.9217908
v -0.0301317 -0.1197659 0.9195267
v -0.0467104 -0.1120505 0.9181997
v -0.0596650 -0.1031715 0.9174198
v -0.0582698 -0.1013797 0.8996394
v -0.0590395 -0.1585697 1.3575961
v -0.0365553 -0.0893273 1.4573091
v -0.0280322 -0.1203187 1.4492516
v -0.0210182 -0.0970999 1.4539228
v 0.0426756 -0.0700818 1.4202703
v 0.0318935 -0.0474175 1.4216085
v 0.0238576 -0.0598553 1.4330033
v 0.0336492 -0.0860379 1.4325841
v -0.0344171 -0.0686532 1.4561076
v -0.0454176 -0.0649611 1.4571956
v -0.0196143 -0.0719636 1.4536627
v -0.0248266 -0.0496816 1.4496819
v -0.0354831 -0.0316294 1.4434503
v 0.0227481 -0.1585703 1.4316369
v 0.0326436 -0.1709424 1.4216023
v 0.0456949 -0.1497398 1.4216295
v 0.0381820 -0.1381924 1.4301552
v 0.0638347 -0.0930024 1.3998678
v 0.0694239 -0.1057503 1.3943557
v 0.0734298 -0.0954188 1.3837697
v 0.0676047 -0.0817183 1.3886220
v 0.0545790 -0.1958405 1.3752822
v 0.0605018 -0.2003809 1.3582026
v 0.0726931 -0.1840354 1.3635618
v 0.0663316 -0.1784895 1.3807745
v 0.0609065 -0.1182332 1.4047392
v 0.0716666 0.0095948 1.3325374
v 0.0783004 -0.0102940 1.3397944
v 0.0817918 -0.0302239 1.3460818
v 0.0813818 -0.0773242 1.3463910
v 0.0864466 -0.0667851 1.3411668
v 0.0822526 -0.0653255 1.3499390
v 0.0815582 -0.0877209 1.3426813
v 0.0802731 -0.0962425 1.3384900
v 0.0049694 -0.2059020 1.3346269
v -0.0021431 -0.1990073 1.3194523
v 0.0019072 -0.1989913 1.3114684
v 0.0756564 -0.1095294 1.3189863
v 0.0725322 -0.1095905 1.3153308
v 0.0734947 -0.1053673 1.3233452
v 0.0766205 -0.1050380 1.3262204
v 0.0118526 -0.1457550 1.4385004
v 0.0811943 -0.1684302 1.3638761
v 0.0862371 -0.1537017 1.3590308
v 0.0806391 -0.1474813 1.3739252
v 0.0747680 -0.1621992 1.3797183
v 0.0888637 -0.1420442 1.3557042
v 0.0900521 -0.1326008 1.3505666
v 0.0864011 -0.1250422 1.3619117
v 0.0845930 -0.1353175 1.3685512
v 0.0801065 -0.1116508 1.3217091
v 0.0794541 -0.1050295 1.3313002
v 0.0479854 -0.2123034 1.3328545
v 0.0216291 -0.1974835 1.3965882
v 0.0132190 -0.1884609 1.4102677
v -0.0047818 -0.1955089 1.3911415
v 0.0037084 -0.2009734 1.3793548
v 0.0305591 -0.1482107 1.2958684
v 0.0393464 -0.1390882 1.2943815
v 0.0474146 -0.1281577 1.2931396
v 0.0686060 -0.1099292 1.3204480
v 0.0548586 -0.1208287 1.2927701
v 0.0020855 -0.1848163 1.2943910
v 0.0045730 -0.1979617 1.3003642
v -0.0160695 -0.1924162 1.3687674
v -0.0090678 -0.1980048 1.3583993
v 0.0665744 -0.2035672 1.3406613
v 0.0786753 -0.1877137 1.3457610
v 0.0775088 -0.1143606 1.2906487
v 0.0738190 -0.1120989 1.3015079
v 0.0776918 -0.1132083 1.3060880
v 0.0760415 -0.0995210 1.3242964
v 0.0701279 -0.1063078 1.3211555
v 0.0408959 -0.1813215 1.4081244
v 0.0912326 -0.1582087 1.3438356
v 0.0868172 -0.1723065 1.3465339
v 0.0797854 -0.1271139 1.3792925
v 0.0746550 -0.1170175 1.3879646
v 0.0689141 -0.1289459 1.3968533
v 0.0751381 -0.1387596 1.3863324
v 0.0922650 -0.1303176 1.3293688
v 0.0937459 -0.1386476 1.3365550
v 0.0764513 -0.1065908 1.3788075
v 0.0812412 -0.1163866 1.3716086
v 0.0804945 -0.1152003 1.3113924
v -0.0225525 -0.1869000 1.3768624
v -0.0367992 -0.1766780 1.3583827
v -0.0288923 -0.1840783 1.3546542
v -0.0224993 -0.1895856 1.3472188
v -0.0148943 -0.1947404 1.3379843
v -0.0079984 -0.1976620 1.3277364
v -0.0473187 -0.1686502 1.3591203
v 0.1152831 -0.1667408 1.1101487
v 0.0738831 -0.1129327 1.2841909
v 0.0824507 -0.1180289 1.2798330
v 0.0798420 -0.1169537 1.2727977
v 0.1060997 -0.1491863 1.2361344
v -0.2013352 -0.2091811 1.4103611
v -0.1986584 -0.2054165 1.4061203
v -0.2122101 -0.2161323 1.4307823
v -0.2107012 -0.2158301 1.4274199
v 0.1299205 -0.1974966 1.1191612
v 0.1304506 -0.2001464 1.1099651
v 0.1267208 -0.2148812 1.0588505
v 0.1233350 -0.2330643 1.0630728
v 0.1167356 -0.2394822 1.0422064
v 0.0926407 -0.2598989 1.0741748
v 0.0790450 -0.2533765 1.0782084
v 0.0558351 -0.2138799 1.0784482
v 0.0975187 -0.1754284 1.0555500
v 0.0457062 -0.2724698 0.9374638
v 0.0368068 -0.2744443 0.9199330
v 0.0468149 -0.2760331 0.9159855
v 0.0560612 -0.2723056 0.9333157
v 0.0272920 -0.2770137 0.9033600
v 0.0289248 -0.2684420 0.9223227
v 0.0210667 -0.2691780 0.9056973
v 0.0246456 -0.2595789 0.9232565
v 0.0183668 -0.2604501 0.9065728
v 0.0190060 -0.2511674 0.9058167
v 0.0239754 -0.2497294 0.9225362
v 0.0255776 -0.2401112 0.9198344
v 0.0217630 -0.2421275 0.9029332
v 0.0323782 -0.2278599 0.9349728
v 0.0375838 -0.2188019 0.9311258
v 0.0351438 -0.2240967 0.9126626
v 0.0293924 -0.2314040 0.9162382
v 0.0480262 -0.2252965 0.8895019
v 0.0522915 -0.2187010 0.9060297
v 0.0604985 -0.2238599 0.9044542
v 0.0551647 -0.2301595 0.8880489
v 0.0755876 -0.2357309 0.9213789
v 0.0697737 -0.2429568 0.9034724
v 0.0663673 -0.2328741 0.9036466
v 0.0719553 -0.2248266 0.9215557
v 0.0646918 -0.2486313 0.8868870
v 0.0685989 -0.2538841 0.9049626
v 0.0625296 -0.2592751 0.8888950
v 0.0443712 -0.2660133 0.9580976
v 0.0546198 -0.2699829 0.9548106
v 0.0630516 -0.2671962 0.9722399
v 0.0286193 -0.2482226 0.9407134
v 0.0307322 -0.2585063 0.9414005
v 0.0374712 -0.2574604 0.9595792
v 0.0337841 -0.2469533 0.9595095
v 0.0418016 -0.2101780 0.9696465
v 0.0400303 -0.2143561 0.9501557
v 0.0353221 -0.2247692 0.9543859
v 0.0296322 -0.2379528 0.9385104
v 0.0334843 -0.2359431 0.9576118
v 0.0460736 -0.2129991 0.9273852
v 0.0430796 -0.2190749 0.9090361
v 0.0647829 -0.2665815 0.9289839
v 0.0560701 -0.2713730 0.9116938
v 0.0632885 -0.2634861 0.9077742
v 0.0711176 -0.2582599 0.9252271
v 0.0488866 -0.2073977 0.9460885
v 0.0733014 -0.2623121 0.9464428
v 0.0797713 -0.2529001 0.9427433
v 0.0755991 -0.2475913 0.9225467
v 0.0834524 -0.2410109 0.9402675
v 0.0481709 -0.2760248 0.8955368
v 0.0376612 -0.2795665 0.8995338
v 0.0650154 -0.2687819 0.9506414
v 0.0562987 -0.2121109 0.9242177
v 0.0597243 -0.2055079 0.9426498
v 0.0704319 -0.2090320 0.9405417
v 0.0656267 -0.2162290 0.9222673
v 0.0890454 -0.2203803 0.9583763
v 0.0819429 -0.2282344 0.9396025
v 0.0775166 -0.2172327 0.9398125
v 0.0612643 -0.2387262 0.8869921
v 0.0913641 -0.2340447 0.9585091
v -0.0053837 -0.2612603 0.8255139
v -0.0146317 -0.2661214 0.8243040
v -0.0158172 -0.2618571 0.8335425
v -0.0056297 -0.2568820 0.8346430
v -0.0198342 -0.2542129 0.8554818
v -0.0289058 -0.2621449 0.8512570
v -0.0294791 -0.2671566 0.8603420
v -0.0206119 -0.2595223 0.8661852
v -0.0213423 -0.2727197 0.8240301
v -0.0231828 -0.2675813 0.8327352
v -0.0225908 -0.2800521 0.8275581
v -0.0197859 -0.2780239 0.8165199
v -0.0183879 -0.2858185 0.8184178
v -0.0172208 -0.2892077 0.8100685
v -0.0089541 -0.2944719 0.8102785
v -0.0092209 -0.2932663 0.8230316
v 0.0172371 -0.2874519 0.8201263
v 0.0119093 -0.2885465 0.8063974
v 0.0212357 -0.2827024 0.8049623
v 0.0258802 -0.2812133 0.8190287
v 0.0341160 -0.2667701 0.8067776
v 0.0376710 -0.2666432 0.8202825
v 0.0317849 -0.2740164 0.8193625
v 0.0273963 -0.2749635 0.8049120
v 0.0089422 -0.2543907 0.8259117
v 0.0034456 -0.2573080 0.8263181
v 0.0047203 -0.2533789 0.8351768
v 0.0108490 -0.2502727 0.8349857
v -0.0279653 -0.2877064 0.8341204
v -0.0292365 -0.2840664 0.8321902
v -0.0194002 -0.2869061 0.8292920
v -0.0168492 -0.2895433 0.8352122
v 0.0214673 -0.2314192 0.8542123
v 0.0162967 -0.2357952 0.8573263
v 0.0183107 -0.2365368 0.8682972
v 0.0245855 -0.2314204 0.8657010
v -0.0033159 -0.2502750 0.8739410
v -0.0013510 -0.2629089 0.8804866
v 0.0050418 -0.2600487 0.8844829
v 0.0054601 -0.2482392 0.8758259
v -0.0116786 -0.2538181 0.8707328
v -0.0167856 -0.2700016 0.8706275
v -0.0086676 -0.2658295 0.8764938
v -0.0262536 -0.2759454 0.8634935
v 0.0336945 -0.2272698 0.8636767
v 0.0331721 -0.2257712 0.8545800
v -0.0328031 -0.2888224 0.7617893
v -0.0313421 -0.2882126 0.7672408
v -0.0282803 -0.2843538 0.7645961
v -0.0296345 -0.2852604 0.7590236
v 0.0499535 -0.2367107 0.8538910
v 0.0495306 -0.2349953 0.8606650
v 0.0535712 -0.2437752 0.8599530
v 0.0524195 -0.2463925 0.8535467
v 0.0501745 -0.2385487 0.8449097
v 0.0510326 -0.2491192 0.8446884
v -0.0265740 -0.3007308 0.7597099
v -0.0238658 -0.3002502 0.7651485
v -0.0281814 -0.2975619 0.7670920
v -0.0307085 -0.2978321 0.7617870
v -0.0071118 -0.2651278 0.8170425
v -0.0155942 -0.2700020 0.8161298
v -0.0178341 -0.2734307 0.7978263
v -0.0211344 -0.2778525 0.8013079
v -0.0181983 -0.2741425 0.8085958
v -0.0106168 -0.2685910 0.8070318
v 0.0071330 -0.2577139 0.8068459
v 0.0003867 -0.2620628 0.8052999
v 0.0034611 -0.2599776 0.8154537
v 0.0101882 -0.2554241 0.8165033
v 0.0175355 -0.2462809 0.8156040
v 0.0205879 -0.2413758 0.8136892
v 0.0194543 -0.2433514 0.8051821
v 0.0156687 -0.2487734 0.8060983
v 0.0071708 -0.2568762 0.7882011
v 0.0112186 -0.2533416 0.7876152
v 0.0105681 -0.2574293 0.7787374
v 0.0066527 -0.2602926 0.7789504
v 0.0504315 -0.2341804 0.8670372
v 0.0554024 -0.2421570 0.8664382
v 0.0443385 -0.2495795 0.8097453
v 0.0431947 -0.2487803 0.7998472
v 0.0444948 -0.2382869 0.8014756
v 0.0454137 -0.2390289 0.8119612
v 0.0507611 -0.2567019 0.8530280
v 0.0531694 -0.2545266 0.8595972
v -0.0215567 -0.3006109 0.7566292
v -0.0187506 -0.3002080 0.7621159
v -0.0202688 -0.2842908 0.8608324
v -0.0093336 -0.2789513 0.8681258
v -0.0005538 -0.2749552 0.8745515
v 0.0057407 -0.2725845 0.8793736
v 0.0100184 -0.2716792 0.8844910
v -0.0083770 -0.2669980 0.8002370
v 0.0004668 -0.2606061 0.8197171
v 0.0125122 -0.2515958 0.8259191
v 0.0295809 -0.2288542 0.8208536
v 0.0241086 -0.2342723 0.8208219
v 0.0234175 -0.2328773 0.8284124
v 0.0319964 -0.2268251 0.8286423
v 0.0413926 -0.2310802 0.8124167
v 0.0397632 -0.2313223 0.8025479
v 0.0330257 -0.2301230 0.8029684
v 0.0344615 -0.2290920 0.8118660
v -0.0284077 -0.2915627 0.8374140
v -0.0177348 -0.2910074 0.8422404
v 0.0435915 -0.2292411 0.8543406
v 0.0429577 -0.2294601 0.8619540
v 0.0429319 -0.2297572 0.8688727
v 0.0136180 -0.2420707 0.8459969
v 0.0101954 -0.2446205 0.8460431
v 0.0075605 -0.2408288 0.8601137
v 0.0127725 -0.2383346 0.8591632
v -0.0073314 -0.2508559 0.8450971
v -0.0179156 -0.2565483 0.8431747
v -0.0093288 -0.2477645 0.8584445
v 0.0128717 -0.2410335 0.8713858
v 0.0153774 -0.2436344 0.8802210
v 0.0211204 -0.2377459 0.8767860
v 0.0278047 -0.2324451 0.8736288
v 0.0356024 -0.2291428 0.8709533
v 0.0182585 -0.2434699 0.8893730
v 0.0236228 -0.2370198 0.8858227
v 0.0305455 -0.2315734 0.8822360
v 0.0379949 -0.2285173 0.8791058
v 0.0601852 -0.2514895 0.8752424
v 0.0562957 -0.2528364 0.8668663
v 0.0580467 -0.2406922 0.8746016
v 0.0115664 -0.2608112 0.8932978
v 0.0143009 -0.2517961 0.8921905
v 0.0100872 -0.2514055 0.8833183
v 0.0142624 -0.2701867 0.8926810
v -0.0350255 -0.2687992 0.8480426
v -0.0314373 -0.2695546 0.8401022
v -0.0370402 -0.2737149 0.8378743
v -0.0405861 -0.2735819 0.8442783
v -0.0199252 -0.2818360 0.8096942
v -0.0210985 -0.2845378 0.8023594
v -0.0178146 -0.2911644 0.8020010
v 0.0335736 -0.2253216 0.8453612
v 0.0233586 -0.2304961 0.8448647
v -0.0140818 -0.2711876 0.7933029
v -0.0209833 -0.2993605 0.7717900
v -0.0168343 -0.2974402 0.7832781
v -0.0220269 -0.2937943 0.7856132
v -0.0257546 -0.2965408 0.7737023
v -0.0115631 -0.2746507 0.7829528
v -0.0135477 -0.2785948 0.7762060
v -0.0185466 -0.2773085 0.7802330
v -0.0163799 -0.2746598 0.7874529
v 0.0155639 -0.2481939 0.7873030
v 0.0150243 -0.2515519 0.7801498
v 0.0052833 -0.2867359 0.7925706
v 0.0027629 -0.2946838 0.8090058
v -0.0014152 -0.2944572 0.7974715
v 0.0120230 -0.2532590 0.8067343
v 0.0132173 -0.2507731 0.7966506
v 0.0093348 -0.2546891 0.7973576
v -0.0073879 -0.2665924 0.7958565
v -0.0023204 -0.2634682 0.7976631
v -0.0049661 -0.2663193 0.7904481
v -0.0102610 -0.2696260 0.7902331
v 0.0421053 -0.2288122 0.8240267
v 0.0474493 -0.2396580 0.8233719
v -0.0310100 -0.2931918 0.7680212
v -0.0329143 -0.2935286 0.7625834
v 0.0519961 -0.2332220 0.8752569
v 0.0451835 -0.2289903 0.8768360
v 0.0143081 -0.2511168 0.8165164
v 0.0062745 -0.2925092 0.8219617
v 0.0156146 -0.2477864 0.8259856
v 0.0312210 -0.2579385 0.7866722
v 0.0299869 -0.2593835 0.7791009
v 0.0272797 -0.2530602 0.7789533
v 0.0296305 -0.2505773 0.7856227
v -0.0163808 -0.2831406 0.7654262
v -0.0180313 -0.2855998 0.7587092
v -0.0231727 -0.2835813 0.7612332
v -0.0217595 -0.2813448 0.7684582
v -0.0199615 -0.2765392 0.7915209
v -0.0227759 -0.2788605 0.7838771
v -0.0253011 -0.2829668 0.7864191
v -0.0226551 -0.2805823 0.7947720
v -0.0222856 -0.2863666 0.7953537
v -0.0247514 -0.2885648 0.7867575
v -0.0120951 -0.2883727 0.7638662
v -0.0091162 -0.2844700 0.7741515
v -0.0072833 -0.2918443 0.7764485
v -0.0117476 -0.2950237 0.7655235
v 0.0409608 -0.2663741 0.8334831
v 0.0428699 -0.2582775 0.8207190
v 0.0456677 -0.2584711 0.8335124
v 0.0307382 -0.2666673 0.7941541
v 0.0351388 -0.2560059 0.7961056
v 0.0397264 -0.2579103 0.8080214
v 0.0463753 -0.2502781 0.8216965
v -0.0012577 -0.2790397 0.7823285
v 0.0036530 -0.2829841 0.7829820
v -0.0027935 -0.2871909 0.7848436
v 0.0189220 -0.2415951 0.8254361
v -0.0287955 -0.2917175 0.7747179
v 0.0224228 -0.2828686 0.8703901
v 0.0184983 -0.2839420 0.8632141
v 0.0310688 -0.2817827 0.8566766
v 0.0334763 -0.2808121 0.8656786
v -0.0267505 -0.2824415 0.7717438
v -0.0296803 -0.2862825 0.7740827
v 0.0205073 -0.2444780 0.7855191
v 0.0249929 -0.2443538 0.7825012
v 0.0239234 -0.2481122 0.7781967
v 0.0196477 -0.2485297 0.7796852
v 0.0490798 -0.2505949 0.8338261
v 0.0425991 -0.2474160 0.7926206
v 0.0431656 -0.2372927 0.7930580
v 0.0486560 -0.2582926 0.8446964
v 0.0464550 -0.2664881 0.8538687
v 0.0440814 -0.2665108 0.8451420
v 0.0210903 -0.2743175 0.7898698
v 0.0359115 -0.2732565 0.8329385
v 0.0389671 -0.2730525 0.8451246
v 0.0406709 -0.2738680 0.8552022
v 0.0427889 -0.2737290 0.8628113
v 0.0486053 -0.2653103 0.8608183
v -0.0155922 -0.2991913 0.7686790
v -0.0147528 -0.2963668 0.7589972
v 0.0566706 -0.2623749 0.8775808
v 0.0519864 -0.2640084 0.8685902
v 0.0505079 -0.2711852 0.8802118
v 0.0459916 -0.2727485 0.8706525
v 0.0251582 -0.2846471 0.8467298
v 0.0327668 -0.2795763 0.8454665
v 0.0216437 -0.2857790 0.8335093
v 0.0299920 -0.2798703 0.8328050
v 0.0163113 -0.2833268 0.7920150
v -0.0206571 -0.2939666 0.7446510
v -0.0222738 -0.2895304 0.7449279
v -0.0196192 -0.2871593 0.7526262
v -0.0173777 -0.2921196 0.7519075
v -0.0147385 -0.2904999 0.7576742
v -0.0176020 -0.2973754 0.7534703
v 0.0098084 -0.2897418 0.8353971
v -0.0062532 -0.2703594 0.7832268
v 0.0107104 -0.2865933 0.8513628
v -0.0049491 -0.2906181 0.8462976
v -0.0042403 -0.2928873 0.8351833
v -0.0006315 -0.2854296 0.8623492
v 0.0080126 -0.2820720 0.8701058
v 0.0166418 -0.2789187 0.8814814
v 0.0132802 -0.2798070 0.8760624
v 0.0205280 -0.2780536 0.8897907
v -0.0121131 -0.2890773 0.8553031
v -0.0310596 -0.2861692 0.7515025
v -0.0349212 -0.2893402 0.7542844
v 0.0257537 -0.2822573 0.8771661
v 0.0303887 -0.2813222 0.8862257
v -0.0261394 -0.2632647 0.8410350
v 0.0160567 -0.2443071 0.8353055
v 0.0185237 -0.2391670 0.8353851
v 0.0232875 -0.2315674 0.8361365
v 0.0327380 -0.2254897 0.8365333
v 0.0416913 -0.2788840 0.8829582
v 0.0263715 -0.2347629 0.8990525
v 0.0331060 -0.2290188 0.8954011
v 0.0563109 -0.2682943 0.8920302
v -0.0355807 -0.2938056 0.7551782
v 0.0129480 -0.2641810 0.7757897
v 0.0107592 -0.2650481 0.7750829
v -0.0357402 -0.2726334 0.8553594
v -0.0416321 -0.2774339 0.8496637
v -0.0367478 -0.2904123 0.8473753
v -0.0292741 -0.2879415 0.8546496
v -0.0337377 -0.2803632 0.8576908
v -0.0402802 -0.2838209 0.8504570
v 0.0159487 -0.2398735 0.8455900
v 0.0189030 -0.2362204 0.8447786
v 0.0493726 -0.2395238 0.8345834
v 0.0440654 -0.2289767 0.8350784
v -0.0191927 -0.2920608 0.7944192
v -0.0132862 -0.2954024 0.7922477
v -0.0105953 -0.2951083 0.8002341
v -0.0104923 -0.2968921 0.7801705
v -0.0069972 -0.2805066 0.7807668
v -0.0050940 -0.2760234 0.7811716
v 0.0031561 -0.2473812 0.8457664
v 0.0001680 -0.2436884 0.8596794
v -0.0314939 -0.2779918 0.8328591
v -0.0274949 -0.2731753 0.8337251
v 0.0039741 -0.2591051 0.7982139
v 0.0158564 -0.2775127 0.7791381
v 0.0121700 -0.2838463 0.7820467
v 0.0015479 -0.2613229 0.7901852
v -0.0338904 -0.2980044 0.7541674
v -0.0299129 -0.3010848 0.7521777
v -0.0058556 -0.2948519 0.7890909
v 0.0173697 -0.2453240 0.7958861
v 0.0140963 -0.2712054 0.7760597
v 0.0196536 -0.2700176 0.7812965
v 0.0384290 -0.2319641 0.7953808
v 0.0368396 -0.2802208 0.8732948
v -0.0244382 -0.2844091 0.7554561
v -0.0261571 -0.2858248 0.7479861
v -0.0211973 -0.2980075 0.7464137
v -0.0246129 -0.3009737 0.7494955
v 0.0441634 -0.2289181 0.8450586
v 0.0138265 -0.2475733 0.8350895
v 0.0405215 -0.2253625 0.8920753
v -0.0224510 -0.2919373 0.8493936
v -0.0317258 -0.2935848 0.8425116
v 0.0003005 -0.2640944 0.7824852
v 0.0356650 -0.2512109 0.7899175
v 0.0212495 -0.2700943 0.7768356
v 0.0281351 -0.2674082 0.7784806
v 0.0291663 -0.2668805 0.7852741
v 0.0163652 -0.2675622 0.7744556
v -0.0272267 -0.3017265 0.7430684
v -0.0238928 -0.2988234 0.7402966
v -0.0326028 -0.3019398 0.7455383
v -0.0359733 -0.2985375 0.7479422
v -0.0371459 -0.2944642 0.7493883
v -0.0232732 -0.2949941 0.7387758
v -0.0246309 -0.2909371 0.7393642
v -0.0279242 -0.2872418 0.7426302
v -0.0253620 -0.2955793 0.7336840
v -0.0265695 -0.2994714 0.7340853
v -0.0382528 -0.3025125 0.7335775
v -0.0359393 -0.3034782 0.7313983
v -0.0342271 -0.3031941 0.7346343
v -0.0350112 -0.3029295 0.7383967
v -0.0396973 -0.3021514 0.7287458
v -0.0372966 -0.3036297 0.7269303
v -0.0323271 -0.3030549 0.7296679
v -0.0311121 -0.3025840 0.7340020
v -0.0336208 -0.3034515 0.7248483
v -0.0308956 -0.3009608 0.7237069
v -0.0298228 -0.3005282 0.7284028
v -0.0291144 -0.3007779 0.7322752
v -0.0296267 -0.3023777 0.7374382
v -0.0395581 -0.3017119 0.7240747
v -0.0365000 -0.3007158 0.7201758
v -0.0349757 -0.3032524 0.7209435
v -0.0378444 -0.3034896 0.7236789
v -0.0377691 -0.2992538 0.7419483
v -0.0397290 -0.2993728 0.7354737
v -0.0409415 -0.2990778 0.7298315
v -0.0403478 -0.2986257 0.7248507
v -0.0405294 -0.2957250 0.7357663
v -0.0408940 -0.2959493 0.7297671
v -0.0400309 -0.2957989 0.7256234
v -0.0394062 -0.2922784 0.7347466
v -0.0395672 -0.2934727 0.7288662
v -0.0387260 -0.2951347 0.7436450
v -0.0377087 -0.2910721 0.7433423
v -0.0390987 -0.2941791 0.7261112
v -0.0370667 -0.2977889 0.7211117
v -0.0279175 -0.2982113 0.7281757
v -0.0297379 -0.2982777 0.7233232
v -0.0275138 -0.2954830 0.7281682
v -0.0298634 -0.2958677 0.7234810
v -0.0320306 -0.3013616 0.7204824
v -0.0321394 -0.2990465 0.7198576
v -0.0361656 -0.2901935 0.7490134
v -0.0321115 -0.2873150 0.7462534
v -0.0338688 -0.2883584 0.7409156
v -0.0358227 -0.2895141 0.7326862
v -0.0296072 -0.2886189 0.7375948
v -0.0265796 -0.2918570 0.7342731
v -0.0287348 -0.2928128 0.7286889
v -0.0314516 -0.2899783 0.7304085
v -0.0311796 -0.2935320 0.7244103
v -0.0333800 -0.2916811 0.7256582
v -0.0366813 -0.2917217 0.7272137
v -0.0337687 -0.2942749 0.7221977
v -0.0327589 -0.2964484 0.7207236
v -0.0371558 -0.2952458 0.7228386
v -0.0370277 -0.2933992 0.7245971
v -0.0347560 -0.2929820 0.7237271
v -0.0086515 -0.2760126 0.7430487
v -0.0073870 -0.2755504 0.7506146
v -0.0040720 -0.2720404 0.7491517
v -0.0050339 -0.2726499 0.7412960
v -0.0037899 -0.2884686 0.7439023
v -0.0017474 -0.2881167 0.7506757
v -0.0061216 -0.2843512 0.7513726
v -0.0080189 -0.2843477 0.7443895
v 0.0024800 -0.2877820 0.7421991
v 0.0046513 -0.2876059 0.7489287
v 0.0001092 -0.2875200 0.7588078
v 0.0023076 -0.2846906 0.7724729
v -0.0020053 -0.2801226 0.7728352
v -0.0043295 -0.2834637 0.7593809
v 0.0088270 -0.2671554 0.7674101
v 0.0043351 -0.2653821 0.7702019
v -0.0076786 -0.2797527 0.7512330
v -0.0095911 -0.2799025 0.7439861
v 0.0065665 -0.2704324 0.7539329
v 0.0053929 -0.2721849 0.7451946
v 0.0006364 -0.2706931 0.7470393
v 0.0017142 -0.2688269 0.7558418
v -0.0009074 -0.2673843 0.7728353
v -0.0053236 -0.2714103 0.7739959
v -0.0048742 -0.2759805 0.7734435
v 0.0102544 -0.2750817 0.7530421
v 0.0125902 -0.2728067 0.7663102
v 0.0135053 -0.2797272 0.7679352
v 0.0105966 -0.2814920 0.7541992
v -0.0065908 -0.2787369 0.7596580
v -0.0031492 -0.2705307 0.7582098
v -0.0067098 -0.2741628 0.7594543
v 0.0067152 -0.2868779 0.7569948
v 0.0085266 -0.2822997 0.7461790
v 0.0042477 -0.2794722 0.7284806
v 0.0023975 -0.2750992 0.7279546
v 0.0043136 -0.2732046 0.7376079
v 0.0066364 -0.2776845 0.7375370
v 0.0081982 -0.2764839 0.7447238
v 0.0064084 -0.2831499 0.7394530
v -0.0063901 -0.2736805 0.7303340
v -0.0103802 -0.2766765 0.7325314
v -0.0117396 -0.2803858 0.7336235
v 0.0097650 -0.2855771 0.7706893
v -0.0103225 -0.2844311 0.7342848
v -0.0063083 -0.2885624 0.7342737
v -0.0002353 -0.2713630 0.7391832
v -0.0017682 -0.2726401 0.7288957
v 0.0038307 -0.2841355 0.7303850
v 0.0000936 -0.2883477 0.7330712
v -0.0018277 -0.2884802 0.7248619
v 0.0018070 -0.2846723 0.7227183
v -0.0078653 -0.2890234 0.7260357
v -0.0115147 -0.2850521 0.7269020
v -0.0125215 -0.2811640 0.7269643
v 0.0023445 -0.2807991 0.7212587
v 0.0008898 -0.2768592 0.7211641
v -0.0027789 -0.2741164 0.7226362
v 0.0006965 -0.2816763 0.7143319
v 0.0000242 -0.2854157 0.7143743
v -0.0120594 -0.2888342 0.7058332
v -0.0093740 -0.2906042 0.7047390
v -0.0084945 -0.2901393 0.7098595
v -0.0111606 -0.2892214 0.7116508
v -0.0071564 -0.2900024 0.7133955
v -0.0088251 -0.2897406 0.7174108
v -0.0047289 -0.2894727 0.7087344
v -0.0040670 -0.2889568 0.7129668
v -0.0052093 -0.2905203 0.7028816
v -0.0026730 -0.2877027 0.7022998
v -0.0022967 -0.2870331 0.7081940
v -0.0019721 -0.2868656 0.7119379
v -0.0113520 -0.2887718 0.7004214
v -0.0096667 -0.2907881 0.7007055
v -0.0031076 -0.2889035 0.7173387
v -0.0120284 -0.2857949 0.7203089
v -0.0133045 -0.2861429 0.7129961
v -0.0136088 -0.2861008 0.7061375
v -0.0124059 -0.2858853 0.7007856
v -0.0141552 -0.2823097 0.7133890
v -0.0140025 -0.2830026 0.7064126
v -0.0122194 -0.2830969 0.7019193
v -0.0126909 -0.2785596 0.7127168
v -0.0123969 -0.2800988 0.7059708
v -0.0131180 -0.2817087 0.7212520
v -0.0116446 -0.2779449 0.7209716
v -0.0114523 -0.2812301 0.7027826
v -0.0088050 -0.2853584 0.6977538
v -0.0077914 -0.2883578 0.6968321
v -0.0061561 -0.2911922 0.6978054
v -0.0014251 -0.2847151 0.7080785
v -0.0026662 -0.2852233 0.7020482
v -0.0008208 -0.2823043 0.7075941
v -0.0025759 -0.2830960 0.7018189
v -0.0032903 -0.2885022 0.6980823
v -0.0040326 -0.2864977 0.6976079
v -0.0109769 -0.2775283 0.7261377
v -0.0072862 -0.2748181 0.7244866
v -0.0080265 -0.2752655 0.7194245
v -0.0087882 -0.2761237 0.7112183
v -0.0034658 -0.2749882 0.7173643
v -0.0001905 -0.2780788 0.7150300
v -0.0016778 -0.2794368 0.7082866
v -0.0043399 -0.2766205 0.7096727
v -0.0034926 -0.2808103 0.7027194
v -0.0054931 -0.2786957 0.7038965
v -0.0090683 -0.2781428 0.7049744
v -0.0056788 -0.2819152 0.6996285
v -0.0048441 -0.2840925 0.6981065
v -0.0091343 -0.2825544 0.6995165
v -0.0091533 -0.2804136 0.7016490
v -0.0065775 -0.2802143 0.7013532
v 0.0116240 -0.2609788 0.7458381
v 0.0123346 -0.2609270 0.7519654
v 0.0145552 -0.2564062 0.7520101
v 0.0138772 -0.2562781 0.7457132
v 0.0187126 -0.2705746 0.7451157
v 0.0196028 -0.2713380 0.7522302
v 0.0154727 -0.2692548 0.7517867
v 0.0150182 -0.2689279 0.7452389
v 0.0233450 -0.2689901 0.7445331
v 0.0248582 -0.2692912 0.7519753
v 0.0201890 -0.2712726 0.7593961
v 0.0210154 -0.2703896 0.7694176
v 0.0161377 -0.2674147 0.7684864
v 0.0155197 -0.2689118 0.7585414
v 0.0129908 -0.2655339 0.7516679
v 0.0125153 -0.2655478 0.7453853
v 0.0227358 -0.2525619 0.7583445
v 0.0225605 -0.2540604 0.7508007
v 0.0185074 -0.2538927 0.7514667
v 0.0185983 -0.2528012 0.7591105
v 0.0151506 -0.2537511 0.7718280
v 0.0125774 -0.2583823 0.7708228
v 0.0133722 -0.2629601 0.7692281
v 0.0269144 -0.2562111 0.7578261
v 0.0270801 -0.2546338 0.7697507
v 0.0296449 -0.2611278 0.7696562
v 0.0287390 -0.2627881 0.7585585
v 0.0129113 -0.2647783 0.7582940
v 0.0144081 -0.2551939 0.7593596
v 0.0121683 -0.2599493 0.7589025
v 0.0258254 -0.2688984 0.7595753
v 0.0274784 -0.2634749 0.7511770
v 0.0242706 -0.2599200 0.7331229
v 0.0219758 -0.2560493 0.7332790
v 0.0224728 -0.2544048 0.7438938
v 0.0255283 -0.2583331 0.7434946
v 0.0262509 -0.2572812 0.7505213
v 0.0260395 -0.2640141 0.7437483
v 0.0134174 -0.2567112 0.7359372
v 0.0106481 -0.2606793 0.7365097
v 0.0114390 -0.2651165 0.7362297
v 0.0270412 -0.2681477 0.7698378
v 0.0229632 -0.2506857 0.7705766
v 0.0135352 -0.2681601 0.7358095
v 0.0168845 -0.2700353 0.7353018
v 0.0182528 -0.2539712 0.7449505
v 0.0179176 -0.2547204 0.7348225
v 0.0243191 -0.2648437 0.7337338
v 0.0216733 -0.2691315 0.7348172
v 0.0204841 -0.2692292 0.7276862
v 0.0236062 -0.2652896 0.7267223
v 0.0157049 -0.2702862 0.7280117
v 0.0125858 -0.2679020 0.7288880
v 0.0108124 -0.2648786 0.7298655
v 0.0233828 -0.2606444 0.7262381
v 0.0213384 -0.2573806 0.7265111
v 0.0175719 -0.2557257 0.7287576
v 0.0228641 -0.2607713 0.7209841
v 0.0223889 -0.2652570 0.7203424
v 0.0121288 -0.2695461 0.7105245
v 0.0144091 -0.2701463 0.7097998
v 0.0147941 -0.2696176 0.7146019
v 0.0126215 -0.2697266 0.7155272
v 0.0158582 -0.2698987 0.7180582
v 0.0148586 -0.2702902 0.7212634
v 0.0186688 -0.2693470 0.7139195
v 0.0189343 -0.2691332 0.7182683
v 0.0184104 -0.2695316 0.7089524
v 0.0207665 -0.2661686 0.7092582
v 0.0208060 -0.2659873 0.7142305
v 0.0210251 -0.2667796 0.7177757
v 0.0130429 -0.2691525 0.7060245
v 0.0147550 -0.2702194 0.7063452
v 0.0194494 -0.2690307 0.7220508
v 0.0119136 -0.2680037 0.7233722
v 0.0106238 -0.2677576 0.7168778
v 0.0103090 -0.2674656 0.7112955
v 0.0114454 -0.2665642 0.7069638
v 0.0096168 -0.2646532 0.7179239
v 0.0097030 -0.2646129 0.7121574
v 0.0108763 -0.2639609 0.7084916
v 0.0096770 -0.2612488 0.7185954
v 0.0101493 -0.2618387 0.7126325
v 0.0104844 -0.2647058 0.7245839
v 0.0104927 -0.2610859 0.7256489
v 0.0111753 -0.2622513 0.7097378
v 0.0150215 -0.2644866 0.7046570
v 0.0166285 -0.2674567 0.7036702
v 0.0181614 -0.2696441 0.7046902
v 0.0220279 -0.2634932 0.7147322
v 0.0211769 -0.2635554 0.7095544
v 0.0216826 -0.2606053 0.7154191
v 0.0204845 -0.2612457 0.7100275
v 0.0203209 -0.2669087 0.7057991
v 0.0199301 -0.2649645 0.7054814
v 0.0106665 -0.2611503 0.7306239
v 0.0132877 -0.2575297 0.7303382
v 0.0129111 -0.2579246 0.7255067
v 0.0123833 -0.2582462 0.7181108
v 0.0172004 -0.2563282 0.7241714
v 0.0207144 -0.2578768 0.7220962
v 0.0198059 -0.2582402 0.7162846
v 0.0165413 -0.2570763 0.7175374
v 0.0186717 -0.2592583 0.7108807
v 0.0159929 -0.2583146 0.7118435
v 0.0125585 -0.2593116 0.7123804
v 0.0170278 -0.2605757 0.7077111
v 0.0187632 -0.2625685 0.7063337
v 0.0137570 -0.2623071 0.7068372
v 0.0131015 -0.2607913 0.7090618
v 0.0154457 -0.2595555 0.7091478
v 0.0190623 -0.2513195 0.7717618
v 0.0318413 -0.2385689 0.7605187
v 0.0314104 -0.2395029 0.7654959
v 0.0328961 -0.2357947 0.7662687
v 0.0333765 -0.2348127 0.7614069
v 0.0398626 -0.2461031 0.7592491
v 0.0397089 -0.2475075 0.7648942
v 0.0351816 -0.2466807 0.7645784
v 0.0355509 -0.2454695 0.7589710
v 0.0439004 -0.2430946 0.7600357
v 0.0441229 -0.2443389 0.7657886
v 0.0388362 -0.2482976 0.7715539
v 0.0372033 -0.2497538 0.7822091
v 0.0323635 -0.2479725 0.7803261
v 0.0341350 -0.2473618 0.7710675
v 0.0372965 -0.2326627 0.7899448
v 0.0375258 -0.2325345 0.7829481
v 0.0333612 -0.2334077 0.7820638
v 0.0323982 -0.2328983 0.7898752
v 0.0322171 -0.2435635 0.7648576
v 0.0327882 -0.2424408 0.7595078
v 0.0387929 -0.2324253 0.7731555
v 0.0397765 -0.2322005 0.7671805
v 0.0358629 -0.2331730 0.7667694
v 0.0347097 -0.2332514 0.7723823
v 0.0283498 -0.2354056 0.7884070
v 0.0302145 -0.2360136 0.7810043
v 0.0286899 -0.2398316 0.7804114
v 0.0254801 -0.2393501 0.7862649
v 0.0293288 -0.2436810 0.7796743
v 0.0427343 -0.2344286 0.7736599
v 0.0414537 -0.2344238 0.7837347
v 0.0445162 -0.2390853 0.7845479
v 0.0449819 -0.2391432 0.7733781
v 0.0313067 -0.2439540 0.7707772
v 0.0318600 -0.2359286 0.7718120
v 0.0303935 -0.2397744 0.7711731
v 0.0434340 -0.2453260 0.7727165
v 0.0453352 -0.2387461 0.7666529
v 0.0444133 -0.2322130 0.7547480
v 0.0414406 -0.2305467 0.7551304
v 0.0405066 -0.2313224 0.7619534
v 0.0441504 -0.2332407 0.7617815
v 0.0436088 -0.2341252 0.7672063
v 0.0454756 -0.2377056 0.7609949
v 0.0341788 -0.2336738 0.7549421
v 0.0325170 -0.2373054 0.7537195
v 0.0333006 -0.2410118 0.7527977
v 0.0429032 -0.2468642 0.7841552
v 0.0357267 -0.2436876 0.7519548
v 0.0396178 -0.2443481 0.7520058
v 0.0364736 -0.2321838 0.7618255
v 0.0375033 -0.2312562 0.7552250
v 0.0455053 -0.2363809 0.7539369
v 0.0436173 -0.2414957 0.7530595
v 0.0438510 -0.2407400 0.7472540
v 0.0458082 -0.2357804 0.7480454
v 0.0396138 -0.2432649 0.7464777
v 0.0359954 -0.2426915 0.7469194
v 0.0339198 -0.2398880 0.7481328
v 0.0444582 -0.2315377 0.7493779
v 0.0417418 -0.2303693 0.7500489
v 0.0383071 -0.2312099 0.7505758
v 0.0446689 -0.2313968 0.7441058
v 0.0457548 -0.2353699 0.7421942
v 0.0377585 -0.2403647 0.7324623
v 0.0399147 -0.2405498 0.7325402
v 0.0398592 -0.2406708 0.7359322
v 0.0378046 -0.2413035 0.7365972
v 0.0407664 -0.2412290 0.7390809
v 0.0394166 -0.2420553 0.7413562
v 0.0432981 -0.2395718 0.7362734
v 0.0433183 -0.2397051 0.7398355
v 0.0435213 -0.2391855 0.7322057
v 0.0450543 -0.2350973 0.7327516
v 0.0452772 -0.2356706 0.7366221
v 0.0451688 -0.2369250 0.7395934
v 0.0388145 -0.2391288 0.7288641
v 0.0404032 -0.2400719 0.7295604
v 0.0435867 -0.2400794 0.7428002
v 0.0361872 -0.2416792 0.7424326
v 0.0357129 -0.2405487 0.7373363
v 0.0357427 -0.2391592 0.7321126
v 0.0373016 -0.2369874 0.7288614
v 0.0344381 -0.2384555 0.7385571
v 0.0349033 -0.2369772 0.7334704
v 0.0363841 -0.2352047 0.7305424
v 0.0341381 -0.2358571 0.7402717
v 0.0348479 -0.2348988 0.7350530
v 0.0344205 -0.2395768 0.7440693
v 0.0339625 -0.2366620 0.7458557
v 0.0359204 -0.2342839 0.7322792
v 0.0398598 -0.2346740 0.7283665
v 0.0416984 -0.2364618 0.7277308
v 0.0435328 -0.2384900 0.7286596
v 0.0455919 -0.2331691 0.7374277
v 0.0448610 -0.2326004 0.7329276
v 0.0442715 -0.2309201 0.7389480
v 0.0432075 -0.2309681 0.7334644
v 0.0448195 -0.2354920 0.7298233
v 0.0437317 -0.2338336 0.7295271
v 0.0334157 -0.2366522 0.7493414
v 0.0348770 -0.2335825 0.7502958
v 0.0353425 -0.2332914 0.7467740
v 0.0354257 -0.2328461 0.7413007
v 0.0385629 -0.2309031 0.7466465
v 0.0419318 -0.2300484 0.7457719
v 0.0417910 -0.2299068 0.7400943
v 0.0384717 -0.2303998 0.7411013
v 0.0409518 -0.2303550 0.7345971
v 0.0383549 -0.2308387 0.7354788
v 0.0359576 -0.2326221 0.7357240
v 0.0398339 -0.2318189 0.7312043
v 0.0418079 -0.2323785 0.7300037
v 0.0382753 -0.2335021 0.7300133
v 0.0370628 -0.2329510 0.7321430
v 0.0383874 -0.2317688 0.7325187
v 0.0408240 -0.2342087 0.7896595
v -0.0372484 -0.2943676 0.8307096
v -0.0365826 -0.2901658 0.8280528
v -0.0404041 -0.2804942 0.8289368
v -0.0446147 -0.2773276 0.8333113
v -0.0481566 -0.2781349 0.8388587
v -0.0490822 -0.2827283 0.8418730
v -0.0480127 -0.2881719 0.8420475
v -0.0373272 -0.2854055 0.8268516
v -0.0398800 -0.2966822 0.8353025
v -0.0444951 -0.2937811 0.8398402
v -0.0520303 -0.2976573 0.8334811
v -0.0469047 -0.3003171 0.8294020
v -0.0554086 -0.2920223 0.8360311
v -0.0560020 -0.2857350 0.8363937
v -0.0539919 -0.2807550 0.8344243
v -0.0432710 -0.2976875 0.8253038
v -0.0418921 -0.2928498 0.8231327
v -0.0426471 -0.2871369 0.8230630
v -0.0492100 -0.3010782 0.8203104
v -0.0549510 -0.3048024 0.8220491
v -0.0709130 -0.2981269 0.8219703
v -0.0701872 -0.3025523 0.8223397
v -0.0670879 -0.3005901 0.8250002
v -0.0676711 -0.2962200 0.8256030
v -0.0644994 -0.2999326 0.8263850
v -0.0629988 -0.2959564 0.8290313
v -0.0646343 -0.3058868 0.8230756
v -0.0623468 -0.3040530 0.8244643
v -0.0609837 -0.3084444 0.8193084
v -0.0596568 -0.3068204 0.8219509
v -0.0680239 -0.3082354 0.8207477
v -0.0723342 -0.3045676 0.8196961
v -0.0705797 -0.3085127 0.8176532
v -0.0730655 -0.3016574 0.8181854
v -0.0591079 -0.3017362 0.8270293
v -0.0619231 -0.2888481 0.8307462
v -0.0672620 -0.2914757 0.8255260
v -0.0707076 -0.2943543 0.8204917
v -0.0718915 -0.2982329 0.8157773
v -0.0651056 -0.2872438 0.8231791
v -0.0683209 -0.2916968 0.8177537
v -0.0691055 -0.2958342 0.8141714
v -0.0608790 -0.2861300 0.8198884
v -0.0649968 -0.2912978 0.8154153
v -0.0591867 -0.2831473 0.8296812
v -0.0544074 -0.2813082 0.8263332
v -0.0666984 -0.2947732 0.8133322
v -0.0697941 -0.3026880 0.8121666
v -0.0716134 -0.3062930 0.8141762
v -0.0578206 -0.3071764 0.8167418
v -0.0642110 -0.3101768 0.8172346
v -0.0618558 -0.3085522 0.8139361
v -0.0546668 -0.3038110 0.8150404
v -0.0602177 -0.3052128 0.8117704
v -0.0673387 -0.3105426 0.8156035
v -0.0665098 -0.3087931 0.8126939
v -0.0496951 -0.2791839 0.8301119
v -0.0456021 -0.2817997 0.8257051
v -0.0499901 -0.2840717 0.8222583
v -0.0564779 -0.2887430 0.8167010
v -0.0472065 -0.2897293 0.8192006
v -0.0467522 -0.2961434 0.8187004
v -0.0534186 -0.2993992 0.8139245
v -0.0538117 -0.2938474 0.8142512
v -0.0594457 -0.3012201 0.8110071
v -0.0598410 -0.2972125 0.8116320
v -0.0620049 -0.2935159 0.8131037
v -0.0639824 -0.3013684 0.8104794
v -0.0653580 -0.3051388 0.8107253
v -0.0674356 -0.2994327 0.8116771
v -0.0651315 -0.2968550 0.8119130
v -0.0631303 -0.2987010 0.8110167
v 0.0321146 -0.2310571 0.7959187
v 0.0270168 -0.2343032 0.7950728
v 0.0278283 -0.2331814 0.8029388
v 0.0286298 -0.2310810 0.8119717
v 0.0350005 -0.2274290 0.8192912
v 0.0240436 -0.2360526 0.8123332
v 0.0234920 -0.2378710 0.8032563
v 0.0224389 -0.2398517 0.7931746
v 0.0210696 -0.2391949 0.8199591
v -0.1976741 -0.2157324 1.4989621
v -0.1935126 -0.2147149 1.5003122
v -0.1896946 -0.2109951 1.4966760
v -0.1921238 -0.2120740 1.4949998
v -0.1951397 -0.2124847 1.4932846
v -0.1989188 -0.2122869 1.4918935
v -0.2070593 -0.2146728 1.4959476
v -0.2021099 -0.2162448 1.4981579
v -0.2131815 -0.2083091 1.4889474
v -0.2121646 -0.2090413 1.4906749
v -0.2121917 -0.2085130 1.4883378
v -0.2068464 -0.2107176 1.4895839
v -0.2101972 -0.2090855 1.4890048
v -0.1886240 -0.2114095 1.5008367
v -0.1872616 -0.2101008 1.5005719
v -0.1906811 -0.2129826 1.5006572
v -0.2028319 -0.2117695 1.4906904
v -0.1870440 -0.2094839 1.4996515
v -0.1879657 -0.2097891 1.4983111
v -0.2106307 -0.2118905 1.4933997
v -0.1956327 -0.2134439 1.4952996
v -0.1995807 -0.2135195 1.4938097
v -0.2052899 -0.2140850 1.4943330
v -0.2006804 -0.2150381 1.4961134
v -0.2072241 -0.2117848 1.4913792
v -0.2092632 -0.2103711 1.4906907
v -0.1927082 -0.2128754 1.4965910
v -0.2037284 -0.2129391 1.4924669
v -0.1963679 -0.2149793 1.4976211
v -0.2102053 -0.2104188 1.4910202
v -0.2087131 -0.2122665 1.4926998
v -0.1878309 -0.2100679 1.4996308
v -0.1879584 -0.2100338 1.4993531
v -0.1275190 -0.1087950 1.3099449
v -0.1235495 -0.1119967 1.2909966
v -0.1931032 -0.2136523 1.4983844
v -0.1889274 -0.2105596 1.4985632
v -0.1905293 -0.2116000 1.4975841
v -0.1907973 -0.2123040 1.4990175
v -0.1890439 -0.2110824 1.4995091
v 0.0326395 -0.2112191 1.2429365
v 0.0225377 -0.2005794 1.2358799
v 0.0854066 -0.2100526 1.2566245
v 0.0998809 -0.1931152 1.2614054
v -0.0061506 -0.1480605 1.0559904
v 0.1319044 -0.0016821 1.1594621
v 0.1292110 -0.0034428 1.1824304
v 0.0814049 0.0609948 1.1794097
v 0.0982135 0.0490207 1.1764276
v 0.1006795 -0.1118960 1.1355358
v 0.1045559 -0.1107719 1.1151180
v 0.0398931 -0.1401003 1.1081947
v 0.0428573 -0.1393101 1.0876469
v 0.0878054 -0.1247616 1.0838097
v 0.1235263 0.0352959 1.1214092
v 0.1169537 0.0356370 1.1455473
v 0.1286787 0.0181444 1.1418100
v 0.1358625 0.0188214 1.1185263
v 0.0643359 0.0685496 1.1525953
v 0.0621156 0.0682061 1.1795723
v 0.1123600 -0.0974560 1.1662807
v 0.1249373 -0.0758881 1.1763629
v 0.1314171 -0.0295798 1.1955574
v 0.1267531 -0.0081774 1.2057983
v 0.1048113 0.0265917 1.2255158
v 0.1175643 0.0099299 1.2164109
v 0.0132713 -0.1450743 1.1209063
v -0.0136646 -0.1433789 1.1333311
v 0.0944376 -0.1145796 1.1560781
v -0.0546338 -0.1339736 1.1051198
v 0.0652847 0.0529689 1.2649276
v 0.0833914 0.0375066 1.2637354
v 0.1308291 -0.0525811 1.1860733
v -0.1054193 -0.1335496 1.2484377
v -0.1016002 -0.1369912 1.2319902
v -0.0915253 -0.1487501 1.2389747
v -0.0940815 -0.1448253 1.2554699
v -0.0802015 -0.1588045 1.2453593
v -0.0681930 -0.1671372 1.2515332
v -0.0561388 -0.1734370 1.2569649
v -0.0234376 -0.1829053 1.2676036
v -0.0338427 -0.1814920 1.2651401
v -0.0016861 -0.1810732 1.2705644
v -0.0133072 -0.1830337 1.2696914
v 0.0132519 -0.1746804 1.2686872
v 0.0298169 -0.1638595 1.2665115
v 0.0473292 -0.1514677 1.2652008
v 0.0422021 -0.1529043 1.2782899
v 0.0334609 -0.1632566 1.2531015
v 0.0165796 -0.1734726 1.2562549
v 0.0020452 -0.1802047 1.2570429
v -0.0963500 -0.1296872 1.1934268
v -0.0842781 -0.1285004 1.1748869
v -0.1315877 -0.1058110 1.3272037
v 0.0967934 -0.1816052 1.0354427
v 0.0368187 -0.2676780 0.9404412
v -0.0492769 -0.0164595 1.4359084
v -0.0660872 -0.0026714 1.4275221
v -0.0713319 0.0139065 1.4128268
v -0.0785376 0.0090149 1.4199216
v -0.0044689 -0.1020974 1.4498549
v -0.0050007 -0.0734294 1.4499421
v -0.0124617 -0.0475217 1.4454275
v -0.0258286 -0.0270617 1.4380901
v 0.0658217 -0.1290826 1.1646183
v -0.0243559 -0.0000964 1.4123278
v -0.0159321 -0.0216352 1.4308358
v -0.0003977 -0.0430235 1.4387553
v 0.0111445 -0.0705794 1.4430929
v 0.0173684 -0.1065136 1.4435652
v 0.0293176 -0.1251921 1.4373537
v 0.0555075 -0.1320914 1.4143659
v 0.0618777 -0.1431079 1.4051382
v 0.0535161 -0.1610200 1.4103657
v 0.0604107 -0.1706385 1.3962364
v 0.0686004 -0.1529880 1.3930581
v 0.0982348 -0.1785828 1.2936768
v 0.1027556 -0.1756672 1.2778289
v 0.1059181 -0.1665953 1.2665116
v 0.1057737 -0.1550802 1.2585004
v 0.1021329 -0.1427300 1.2545714
v 0.0942715 -0.1316355 1.2565394
v 0.0862209 -0.1228048 1.2635849
v 0.0692780 -0.1109504 1.2966614
v 0.0684106 -0.1098986 1.3109284
v 0.0820644 -0.0926878 1.3271425
v 0.0878045 -0.0858675 1.3274629
v 0.1046645 -0.0400019 1.2996007
v 0.0995901 -0.0557253 1.3126678
v 0.1094242 -0.0227801 1.2826002
v 0.1547186 0.0467136 1.0042417
v 0.1466322 0.0423999 1.0251402
v 0.1572742 0.0228835 1.0253605
v 0.1661410 0.0273811 1.0053521
v 0.0797077 0.0738487 1.0703647
v 0.1006415 0.0630586 1.0710272
v 0.1532328 -0.0735888 1.0133122
v 0.1641573 -0.0478250 1.0185782
v 0.1673189 -0.0224372 1.0224654
v 0.1645852 0.0013863 1.0249557
v 0.1363928 -0.0944257 1.0069068
v 0.0187535 -0.1366952 0.9616311
v 0.0431203 -0.1341841 0.9702272
v -0.0461522 -0.1218410 0.9479680
v -0.0266433 -0.1298885 0.9502031
v 0.1165796 -0.1101952 0.9983412
v -0.0051139 -0.1352998 0.9547757
v 0.0682447 -0.1291415 0.9794989
v 0.0938900 -0.1214831 0.9886781
v 0.1394766 0.0388887 1.0464234
v 0.1244909 0.0540839 1.0469879
v 0.1180886 0.0500846 1.0714493
v 0.0301495 0.0409035 1.3390574
v 0.0465530 0.0275409 1.3450313
v 0.0591252 0.0114285 1.3510736
v 0.0576038 -0.0115443 1.3704408
v 0.0652135 -0.0311843 1.3722331
v 0.0729882 -0.0284940 1.3595070
v 0.0672653 -0.0086313 1.3560626
v 0.0737937 -0.0671682 1.3669527
v 0.0782649 -0.0808781 1.3630073
v 0.0793786 -0.0776943 1.3541725
v 0.0780911 -0.0649310 1.3579213
v 0.0823654 -0.0888968 1.3502814
v 0.0829174 -0.0988464 1.3448297
v 0.0817509 -0.1074855 1.3365934
v 0.0838146 -0.1143894 1.3269043
v 0.0893054 -0.1243238 1.3427448
v 0.0867260 -0.1170012 1.3538721
v 0.0710647 -0.0730266 1.3774466
v 0.0648517 -0.0559460 1.3814687
v 0.0081737 0.0274456 1.3672543
v -0.0076109 0.0378441 1.3582790
v 0.0626174 -0.1384695 1.2695898
v 0.0780589 -0.1253875 1.2761305
v 0.0887248 -0.1114553 1.2841157
v 0.0949247 -0.0984315 1.2928836
v 0.0979742 -0.0871469 1.3020737
v 0.0987460 -0.0766347 1.3110340
v 0.0971741 -0.0673073 1.3202169
v 0.0925526 -0.0772258 1.3252115
v 0.0938341 -0.0592431 1.3297529
v 0.0901297 -0.0708698 1.3330144
v 0.0889434 -0.0522447 1.3394429
v 0.0828537 -0.0482481 1.3499676
v 0.0759004 -0.0475168 1.3605482
v 0.0699372 -0.0500698 1.3705762
v 0.0499241 -0.0174048 1.3842993
v 0.0585205 -0.0374031 1.3837116
v 0.0310922 -0.0067850 1.3951540
v 0.0241382 -0.0170472 1.4068593
v 0.0481477 0.0087563 1.3673782
v 0.0390656 0.0015471 1.3824003
v -0.0531556 -0.0766318 1.4594676
v -0.0605598 -0.0528559 1.4572313
v 0.0918714 -0.1273870 1.2791849
v 0.0939371 -0.1300833 1.2690344
v 0.0883004 -0.1232259 1.2724912
v 0.0882935 -0.1231022 1.2793017
v 0.0987147 -0.1381408 1.2693927
v 0.0989265 -0.1407208 1.2849570
v 0.1020016 -0.1474663 1.2730006
v 0.0956307 -0.1335180 1.2809284
v 0.1026736 -0.1565324 1.2799489
v 0.1001799 -0.1484458 1.2912255
v 0.1019523 -0.1632030 1.2886929
v 0.1003032 -0.1549975 1.2977702
v 0.0996106 -0.1598703 1.3033870
v 0.0998171 -0.1669081 1.2992939
v 0.0929242 -0.1476607 1.3415395
v 0.0955371 -0.1530824 1.3274109
v 0.0980002 -0.1572310 1.3135134
v 0.0858211 -0.1188694 1.3155765
v 0.0891325 -0.1238733 1.3036711
v 0.0923397 -0.1285388 1.2920473
v 0.0954250 -0.1351048 1.2972111
v 0.0921567 -0.1295438 1.3092959
v 0.0896415 -0.1238692 1.3221787
v 0.0182467 0.0347024 1.3541100
v 0.0342677 0.0236897 1.3616353
v 0.0818997 -0.0926642 1.3588770
v 0.0839650 -0.1026445 1.3538167
v 0.0854226 -0.1113767 1.3463764
v 0.0872269 -0.1183746 1.3349815
v 0.0841986 -0.1086019 1.3623433
v 0.0806984 -0.0987120 1.3686218
v 0.0761013 -0.0871031 1.3732413
v 0.0241352 0.0164875 1.3759438
v 0.0031707 0.0448613 1.3459129
v -0.0013355 -0.2028322 1.3468049
v 0.0120862 -0.2059831 1.3651949
v 0.0307706 -0.2027760 1.3807979
v 0.0478708 -0.1895555 1.3920957
v -0.1106307 -0.0073208 1.4418427
v 0.0728865 -0.1652504 1.1158662
v 0.0186488 0.0729248 1.2866552
v 0.0088343 0.0691091 1.3089332
v 0.0394846 0.0742394 1.2060800
v 0.0358009 0.0764335 1.2334831
v 0.0941743 0.0610790 1.0994160
v 0.0737450 0.0697656 1.1000102
v 0.0687272 0.0697535 1.1268029
v 0.0630237 0.0933784 1.0457717
v 0.0570067 0.0838860 1.0697598
v 0.0479573 0.0753481 1.1260775
v 0.0444360 0.0732023 1.1523162
v 0.0456229 0.0644208 1.2638775
v 0.0147673 0.0523834 1.3328805
v -0.0116523 0.0563659 1.3402780
v -0.0212198 0.0495223 1.3520692
v -0.0310634 0.0427957 1.3647122
v -0.0375584 -0.1827526 1.2318810
v -0.0414809 -0.1805799 1.2464037
v -0.0530919 -0.1766120 1.2420275
v -0.0490548 -0.1791403 1.2277034
v -0.0163377 -0.1846598 1.2398336
v -0.0199052 -0.1837096 1.2535915
v -0.0303438 -0.1829573 1.2503887
v -0.0264861 -0.1842392 1.2357622
v -0.0094106 -0.1829377 1.2558218
v -0.0056378 -0.1831389 1.2425337
v -0.0326708 -0.1836304 1.2170200
v -0.0215866 -0.1849238 1.2211996
v -0.0441418 -0.1801651 1.2131068
v -0.0018066 -0.1827428 1.2286282
v -0.0114715 -0.1843694 1.2252743
v -0.1745864 -0.1701782 1.3812623
v -0.1794476 -0.1863575 1.3811801
v -0.2037463 -0.2113157 1.4144980
v -0.2056320 -0.2105428 1.4188816
v -0.1719557 -0.1420249 1.3767150
v -0.1680140 -0.1327474 1.3733147
v -0.1985786 -0.2029909 1.3977693
v -0.1923425 -0.1990741 1.3849542
v -0.2166121 -0.2188188 1.4363355
v -0.2150787 -0.2166201 1.4337067
v -0.2106390 -0.2148738 1.4237549
v -0.2088972 -0.2127247 1.4207774
v -0.1640797 -0.1232889 1.3709625
v -0.1760308 -0.1530126 1.3776817
v -0.1576856 -0.1078532 1.3653028
v -0.1540900 -0.1015949 1.3615385
v -0.1408392 -0.1034710 1.3608122
v -0.1369743 -0.1020286 1.3525395
v -0.1049755 -0.1276394 1.2102253
v -0.1160769 -0.1167613 1.2554756
v -0.1144361 -0.1211806 1.2412420
v -0.1193624 -0.1140399 1.2723289
v -0.1343853 -0.1037805 1.3410108
v -0.1606295 -0.1147802 1.3685127
v -0.2039597 -0.2089749 1.4096594
v -0.2014459 -0.2048779 1.4051186
v -0.2134466 -0.2156060 1.4303163
v -0.2120541 -0.2152943 1.4270421
v -0.1378938 -0.0989932 1.3037323
v -0.1341589 -0.1019483 1.2846976
v -0.1099539 -0.1243376 1.2254269
v -0.1042834 -0.1174030 1.1899196
v -0.0956869 -0.1152771 1.1706226
v -0.1415751 -0.0965130 1.3216713
v -0.0863901 -0.1113780 1.1531809
v 0.1815369 -0.0226237 0.8261712
v 0.1742568 0.0029283 0.8081084
v 0.1767076 0.0235024 0.8251274
v 0.1834745 0.0052616 0.8384890
v 0.1877490 -0.0109743 0.8830839
v 0.1884658 -0.0139491 0.9095916
v 0.1875334 -0.0168722 0.9367146
v 0.1644576 0.0455632 0.8177854
v 0.1520284 0.0797506 0.8356740
v 0.1472525 0.0683776 0.8145883
v 0.1873923 0.0121736 0.9345562
v 0.1882678 0.0159545 0.9081606
v 0.1829245 0.0213159 0.8457219
v 0.1860768 0.0197308 0.8599321
v 0.1873395 -0.0051785 0.8580452
v 0.1680757 0.0568846 0.8367840
v 0.1779165 0.0361558 0.8405441
v 0.1235842 0.0786170 1.0023857
v 0.1311285 0.0861274 0.9806761
v 0.1072237 0.1020073 0.9811629
v 0.1724561 0.0037242 1.0062417
v 0.1731125 0.0305518 0.9841972
v 0.0627149 0.1170216 0.8275507
v 0.1809295 0.0419118 0.8583523
v 0.1545366 0.0857957 0.8580188
v 0.1713152 0.0639301 0.8580361
v 0.1582451 0.0818738 0.9340240
v 0.1726888 0.0610480 0.9330121
v 0.1728251 0.0657178 0.9071538
v 0.1585747 0.0869975 0.9084937
v 0.1824390 0.0381166 0.9323424
v 0.1789549 0.0345587 0.9599927
v 0.1548303 0.0760977 0.9584381
v 0.1690262 0.0562171 0.9590022
v 0.1624708 0.0512840 0.9833676
v 0.1828841 0.0420985 0.9059540
v 0.1570792 0.0889571 0.8824658
v 0.1347958 0.1089222 0.8833352
v 0.1081209 0.1227348 0.8850779
v 0.0802513 0.1342587 0.8829987
v 0.0822599 0.1348420 0.9088847
v 0.1487298 0.0696213 0.9816903
v 0.1316267 0.0584066 1.0248744
v 0.1404797 0.0630280 1.0037086
v 0.1124689 0.0491677 1.0984279
v 0.0223178 -0.1677657 0.6221064
v -0.0002818 0.0127233 0.7848854
v -0.0138326 -0.0086779 0.7833363
v 0.1257909 -0.1374680 0.8703433
v 0.1736561 -0.0762624 0.8436801
v 0.1831919 -0.0385303 0.8525397
v -0.0286878 -0.0527400 0.7871754
v -0.0276002 -0.0814656 0.7958031
v 0.0922426 -0.1523214 0.8659718
v 0.0292029 -0.1445031 0.8315453
v -0.0229603 -0.0281732 0.7836010
v 0.1882453 0.0185685 0.8831509
v 0.1823605 0.0435728 0.8807490
v 0.1725332 0.0666663 0.8816727
v 0.1323040 0.1064139 0.8589714
v 0.1044024 0.1215628 0.8621649
v 0.0761372 0.1303043 0.8624372
v -0.0399935 -0.1055784 0.8422874
v -0.0491849 -0.1032501 0.8529521
v -0.0445045 -0.1066705 0.8534426
v -0.0559691 -0.0989790 0.8662323
v -0.0540431 -0.0969422 0.8523749
v -0.0466039 -0.0984137 0.8382634
v -0.0512664 -0.0917218 0.8380496
v -0.0477090 -0.0836084 0.8248140
v 0.0170337 -0.1325714 0.9469813
v 0.0427584 -0.1315102 0.9543535
v -0.0465361 -0.1169693 0.9345631
v -0.0281067 -0.1245317 0.9363286
v 0.1211398 -0.1099009 0.9820584
v -0.0070251 -0.1299997 0.9403856
v 0.0690102 -0.1280722 0.9633318
v 0.0968884 -0.1210378 0.9736307
v 0.0801739 0.1274835 0.9591175
v 0.0767061 0.1192013 0.9842358
v -0.0614356 -0.1069452 0.9342243
v -0.1860217 -0.1854185 1.3783584
v -0.1806899 -0.1680133 1.3780341
v -0.2590490 -0.2188849 1.5486654
v -0.1536947 -0.0419095 1.4529429
v -0.2396600 -0.2237645 1.4948751
v -0.2073534 -0.2100327 1.4179674
v -0.2178393 -0.2220349 1.4375037
v -0.1495741 -0.0962432 1.3568320
v -0.1450411 -0.0931173 1.3479411
v -0.0045094 0.0063210 0.7923466
v -0.1434767 -0.0946362 1.3359593
v 0.0033778 0.0197608 0.7915046
v 0.0426753 0.0732653 1.1785418
v 0.0778954 0.0696814 0.2159499
v 0.0854327 0.0805388 0.2236763
v 0.0885534 0.0882242 0.1959147
v 0.0793413 0.0780933 0.1898196
v 0.1169470 0.0871004 0.2357259
v 0.1029833 0.0893848 0.2329070
v 0.1296780 0.0790410 0.2340732
v 0.1370754 0.0677677 0.2284374
v 0.1349960 0.0813424 0.2024549
v 0.1300366 0.0922926 0.2075954
v 0.1381864 0.0567302 0.2223367
v 0.1360847 0.0594202 0.1909346
v 0.1362823 0.0456048 0.2161076
v 0.1272692 0.0316255 0.2076270
v 0.1265067 0.0461684 0.1840719
v 0.1102933 0.0232335 0.1979236
v 0.1101131 0.0371859 0.1752141
v 0.0919498 0.0244559 0.1934900
v 0.0740908 0.0558176 0.2070771
v 0.0733228 0.0645349 0.1818288
v 0.1185645 0.0993195 0.2090356
v 0.1060284 0.0991728 0.2053454
v 0.0964398 0.0942299 0.2004047
v 0.0937123 0.0866080 0.2288485
v 0.0879713 0.0972123 0.1701656
v 0.0757054 0.0877591 0.1650418
v 0.1202539 0.1124330 0.1838418
v 0.1068797 0.1078098 0.1784751
v 0.1352097 0.0953174 0.1784306
v 0.1322283 0.1063313 0.1834566
v 0.1399443 0.0705313 0.1669805
v 0.1382508 0.0830696 0.1726297
v 0.1362973 0.0707882 0.1968782
v 0.1300232 0.0579228 0.1605163
v 0.1111070 0.0454987 0.1521756
v 0.0694960 0.0718260 0.1573289
v 0.0973215 0.1029327 0.1738795
v 0.0356952 -0.0237858 0.0035387
v 0.0346370 -0.0250337 0.0079729
v 0.0306387 -0.0230728 0.0086729
v 0.0296748 -0.0202574 0.0039806
v -0.0023737 -0.0078259 0.0055375
v -0.0062533 -0.0133763 0.0140033
v -0.0113738 -0.0063466 0.0155129
v -0.0096689 0.0012287 0.0063288
v 0.0129702 -0.0168009 0.0025256
v 0.0161233 -0.0138538 0.0009222
v 0.0203915 -0.0162127 0.0000000
v 0.0194650 -0.0212760 0.0009128
v 0.0701751 -0.0182140 0.0157290
v 0.0720877 -0.0143820 0.0128957
v 0.0765540 -0.0158889 0.0130695
v 0.0764923 -0.0193621 0.0155099
v 0.0488616 -0.0208315 0.0069777
v 0.0511578 -0.0168738 0.0044141
v 0.0553415 -0.0186511 0.0047868
v 0.0554126 -0.0224478 0.0065351
v 0.0097220 -0.0018668 0.0279362
v 0.0001171 0.0068290 0.0330952
v -0.0072586 -0.0001818 0.0221856
v 0.0011009 -0.0095761 0.0202707
v -0.0088353 0.0099166 0.0175453
v -0.0009303 0.0187195 0.0273625
v 0.0063622 0.0197024 0.0194549
v -0.0011435 0.0102871 0.0129190
v 0.0146287 0.0107387 0.0150263
v 0.0070117 0.0029365 0.0094107
v 0.0166438 0.0007292 0.0177896
v 0.0095816 -0.0089713 0.0112534
v 0.0314253 -0.0117841 0.0145477
v 0.0263758 -0.0135711 0.0219397
v 0.0211800 -0.0201684 0.0123207
v 0.0272030 -0.0197457 0.0057581
v 0.0164193 -0.0081280 0.0227261
v 0.0140345 -0.0159614 0.0130195
v 0.0150083 -0.0002385 0.0148241
v 0.0219737 0.0013969 0.0111446
v 0.0174089 -0.0080372 0.0046069
v 0.0102190 -0.0096530 0.0080992
v 0.0299970 -0.0039271 0.0103179
v 0.0253006 -0.0124389 0.0031753
v 0.0445642 -0.0188945 0.0217063
v 0.0349866 -0.0137863 0.0215734
v 0.0321560 -0.0192206 0.0129786
v 0.0385187 -0.0228633 0.0125673
v 0.0292109 -0.0128573 0.0072399
v 0.0332285 -0.0067494 0.0137384
v 0.0395745 -0.0059194 0.0102244
v 0.0350310 -0.0131019 0.0044237
v 0.0476140 -0.0109073 0.0098405
v 0.0413319 -0.0168600 0.0032593
v 0.0491355 -0.0179474 0.0149069
v 0.0428418 -0.0226048 0.0070089
v 0.0689375 -0.0177884 0.0180728
v 0.0649717 -0.0198685 0.0247202
v 0.0587464 -0.0229718 0.0162586
v 0.0625207 -0.0210160 0.0104950
v 0.0565332 -0.0175184 0.0240599
v 0.0526795 -0.0210027 0.0167352
v 0.0488572 -0.0168177 0.0130100
v 0.0534476 -0.0140897 0.0186178
v 0.0584698 -0.0088782 0.0125655
v 0.0528647 -0.0125415 0.0072616
v 0.0669352 -0.0112040 0.0125746
v 0.0601675 -0.0155760 0.0065549
v 0.0859330 -0.0172111 0.0293443
v 0.0801214 -0.0206183 0.0234276
v 0.0829836 -0.0176603 0.0187729
v 0.0890425 -0.0120745 0.0248817
v 0.0777705 -0.0170298 0.0288888
v 0.0741645 -0.0193393 0.0233917
v 0.0712417 -0.0148044 0.0199755
v 0.0749906 -0.0133797 0.0241310
v 0.0778692 -0.0068302 0.0183702
v 0.0736135 -0.0098081 0.0148729
v 0.0854715 -0.0079063 0.0196350
v 0.0808112 -0.0125112 0.0145168
v 0.0208331 0.0038828 0.0348381
v 0.0082730 0.0135133 0.0433969
v -0.0051849 0.0030817 0.0080534
v 0.0078057 0.0264105 0.0357362
v -0.0005106 -0.0009555 0.0061158
v 0.0247106 0.0153977 0.0200328
v 0.0156606 0.0273765 0.0265976
v 0.0189180 0.0046525 0.0211904
v 0.0176195 -0.0227332 0.0064604
v 0.0415894 0.0049152 0.0170425
v 0.0356448 -0.0041267 0.0183442
v 0.0131813 -0.0202816 0.0072888
v 0.0365499 -0.0056551 0.0316773
v 0.0559856 -0.0100315 0.0313451
v 0.0328711 -0.0176727 0.0016677
v 0.0364317 -0.0196352 0.0009659
v 0.0603052 -0.0016139 0.0165785
v 0.0548268 -0.0135249 0.0205986
v 0.0543779 -0.0243182 0.0112698
v 0.0784433 -0.0031796 0.0192807
v 0.0754266 -0.0139609 0.0240760
v 0.0509839 -0.0231542 0.0113401
v 0.0758667 -0.0127258 0.0342400
v 0.0761452 -0.0206109 0.0186152
v 0.0931752 -0.0013335 0.0232303
v 0.0985115 -0.0057006 0.0307623
v 0.0725604 -0.0203462 0.0188834
v 0.0922805 -0.0115204 0.0368901
v 0.0738676 0.0510552 0.1743536
v 0.0744883 0.0430344 0.1992300
v 0.0801724 0.0322075 0.1939021
v 0.0801189 0.0409827 0.1694882
v 0.0925964 0.0358945 0.1698327
v 0.0703424 0.0562695 0.1510348
v 0.0785699 0.0455896 0.1470305
v 0.0924396 0.0425935 0.1472806
v 0.1353086 0.0663448 0.1407375
v 0.1448329 0.0804777 0.1489711
v 0.1410347 0.0944299 0.1547338
v 0.1395277 0.1071794 0.1603129
v 0.1367364 0.1192476 0.1656429
v 0.0690046 0.0774922 0.1349220
v 0.0670767 0.0577758 0.1295768
v 0.0753545 0.0444934 0.1263859
v 0.0921545 0.0418909 0.1265039
v 0.0146157 0.0235054 0.0562493
v 0.0282078 0.0110905 0.0539160
v 0.0364198 0.0211036 0.0706293
v 0.0277100 0.0365470 0.0658028
v 0.0447657 0.0043383 0.0492352
v 0.0533782 0.0129117 0.0680249
v 0.0634703 0.0005346 0.0475204
v 0.0718412 0.0109462 0.0646520
v 0.0828117 -0.0014396 0.0475219
v 0.0901658 0.0112244 0.0620988
v 0.1002529 -0.0015516 0.0462486
v 0.1076892 0.0133871 0.0580133
v 0.1097711 0.0030478 0.0384828
v 0.1186814 0.0178915 0.0496113
v 0.0155258 0.0380551 0.0450913
v 0.0299716 0.0497346 0.0546816
v 0.0263446 0.0401848 0.0338402
v 0.0404943 0.0525214 0.0421535
v 0.0398732 0.0316563 0.0304859
v 0.0536952 0.0453445 0.0393875
v 0.1152125 0.0246335 0.0380556
v 0.1041791 0.0097375 0.0283935
v 0.0571080 0.0234347 0.0287270
v 0.0705360 0.0377857 0.0383934
v 0.0747481 0.0176849 0.0270095
v 0.0877256 0.0329829 0.0365486
v 0.0907686 0.0136642 0.0267252
v 0.1030810 0.0292421 0.0357577
v 0.0466985 0.0365755 0.0869961
v 0.0616157 0.0236312 0.0888391
v 0.0798445 0.0233764 0.0851769
v 0.0987017 0.0257981 0.0808615
v 0.1161337 0.0310264 0.0733502
v 0.1274347 0.0356628 0.0633882
v 0.1125917 0.0410756 0.1035498
v 0.1263651 0.0515867 0.0870277
v 0.1345912 0.0562511 0.0751866
v 0.1427797 0.0759021 0.0867517
v 0.1377005 0.0710939 0.0996632
v 0.1540030 0.1057292 0.1176133
v 0.1471258 0.0898444 0.1102729
v 0.1529432 0.0942827 0.0974027
v 0.1606535 0.1113733 0.1040752
v 0.1301145 0.0607009 0.1144276
v 0.1401756 0.0793795 0.1253301
v 0.1446118 0.0948096 0.1336010
v 0.1599074 0.1371595 0.1151066
v 0.1569983 0.1304305 0.1299880
v 0.1572226 0.1180615 0.1234395
v 0.1631911 0.1244907 0.1094981
v 0.1491117 0.1507626 0.1183585
v 0.1480568 0.1452833 0.1346679
v 0.1284526 0.1475144 0.1306229
v 0.1301377 0.1542902 0.1160228
v 0.1472386 0.1184640 0.1454963
v 0.1461967 0.1072151 0.1395230
v 0.1417334 0.1315979 0.1507075
v 0.1244430 0.1341287 0.1478145
v 0.1120910 0.1379333 0.1230433
v 0.1103523 0.1259996 0.1404750
v 0.1132560 0.1461592 0.1094863
v 0.0430321 0.0526072 0.0762379
v 0.0474253 0.0617790 0.0663532
v 0.0875089 0.0329912 0.1070374
v 0.0689455 0.0355946 0.1086795
v 0.0587064 0.0546466 0.1078324
v 0.0566242 0.0710919 0.0896476
v 0.0641574 0.0784256 0.0773875
v 0.0695894 0.0908889 0.0986616
v 0.0771960 0.0957097 0.0867492
v 0.0568295 0.0641094 0.0566373
v 0.0732105 0.0789510 0.0704561
v 0.0850861 0.0966854 0.0801114
v 0.0812625 0.1075916 0.1064791
v 0.0866200 0.1128790 0.0943340
v 0.0923462 0.1189253 0.1133747
v 0.0956207 0.1255004 0.1002233
v 0.1034279 0.1358799 0.1046679
v 0.1018051 0.1277110 0.1180183
v 0.0907570 0.1110996 0.1312217
v 0.1001359 0.1181876 0.1359514
v 0.0789384 0.0997581 0.1241364
v 0.0672493 0.0822833 0.1160824
v 0.1257613 0.0422993 0.0513619
v 0.1342569 0.0613859 0.0649251
v 0.1414112 0.0807651 0.0776310
v 0.1507738 0.1001495 0.0865587
v 0.1562931 0.1170966 0.0929943
v 0.1578435 0.1288513 0.0980499
v 0.1552572 0.1396598 0.1032667
v 0.1452591 0.1490232 0.1068080
v 0.1316525 0.1521281 0.1055398
v 0.1188367 0.1462950 0.0994885
v 0.1099718 0.1380763 0.0941041
v 0.0946979 0.1142451 0.0860476
v 0.1024153 0.1280470 0.0898454
v 0.0754986 0.0948144 0.1430095
v 0.0876886 0.1054616 0.1496917
v 0.0974387 0.1109957 0.1539661
v 0.1210966 0.1221544 0.1640198
v 0.1076608 0.1156734 0.1580704
v 0.0695577 0.0605975 0.0519981
v 0.0854971 0.0546642 0.0504436
v 0.1016395 0.0505196 0.0486843
v 0.1154881 0.0470681 0.0480311
v 0.1260578 0.0658530 0.0611176
v 0.1138895 0.0697887 0.0614085
v 0.0991400 0.0740299 0.0627599
v 0.0843382 0.0771126 0.0657941
v 0.1338382 0.0852128 0.0727084
v 0.1229897 0.0888392 0.0720629
v 0.1093934 0.0937016 0.0731875
v 0.0958539 0.0958117 0.0753406
v 0.1048295 0.1140616 0.0813993
v 0.1172260 0.1123536 0.0808539
v 0.1296604 0.1076210 0.0805246
v 0.1406181 0.1046327 0.0820071
v 0.1456080 0.1199455 0.0890814
v 0.1346637 0.1220444 0.0876041
v 0.1230982 0.1258961 0.0872658
v 0.1124413 0.1274009 0.0870044
v 0.1476302 0.1295389 0.0936689
v 0.1415274 0.1445878 0.1004333
v 0.1467836 0.1376131 0.0975540
v 0.1329068 0.1473697 0.0996288
v 0.1247944 0.1425342 0.0954988
v 0.1183305 0.1357872 0.0911418
v 0.1309134 0.1388704 0.0948412
v 0.1272852 0.1333007 0.0913920
v 0.1376703 0.1303329 0.0920071
v 0.1390029 0.1365478 0.0954151
v 0.1342353 0.1425638 0.0975592
v 0.1383372 0.1412814 0.0977962
v 0.1138539 0.0512915 0.1295509
v -0.1238171 -0.0155216 1.4466646
v -0.0645449 0.0198024 1.4047458
v 0.0096834 -0.1092295 0.4389830
v 0.0188837 -0.1209630 0.4335520
v 0.0306545 -0.1312650 0.4335202
v 0.0594455 -0.1529713 0.8610060
v 0.0185441 -0.1455517 1.0614831
v 0.0173453 -0.1456852 1.1016305
v 0.0189990 -0.1455092 1.0813667
v 0.0586211 -0.1570546 0.8358013
v 0.0750972 -0.1260870 1.1454341
v 0.0703038 0.1247780 0.8443403
v -0.0400647 0.0368816 1.3760672
v -0.0447178 -0.1781649 1.2616097
v 0.0823028 0.1331736 0.9342013
v -0.1421294 -0.1426023 1.5233632
v -0.1434883 -0.1402225 1.5215643
v -0.1426606 -0.1382736 1.5185395
v -0.1426970 -0.1333832 1.5183967
v -0.1422867 -0.1296259 1.5179209
v -0.1413032 -0.1270467 1.5178824
v -0.1414446 -0.1363620 1.5207684
v -0.1437520 -0.1337147 1.5236253
v -0.1425070 -0.1373009 1.5226560
v -0.1416051 -0.1385197 1.5219238
v -0.1290912 -0.1033579 1.2659301
v -0.1250350 -0.1061881 1.2496681
v -0.1216917 -0.1108160 1.2359340
v -0.1170251 -0.1139029 1.2211760
v -0.2058863 -0.2109647 1.4136211
v -0.0675799 -0.1242756 0.9948308
v -0.0673652 -0.1235023 1.0101187
v 0.0520848 0.0771811 1.0997532
v -0.0641953 -0.1145171 0.9597721
v -0.0686050 -0.1251318 1.0253848
v 0.0278697 0.0750476 1.2617479
v -0.1112866 -0.1169775 1.2067018
v -0.0629234 -0.1105596 0.9476765
v -0.0010722 0.0642338 1.3273040
v -0.0696912 -0.1255359 1.0448786
v -0.0566816 -0.1003525 0.8824017
v -0.0748190 -0.1212835 1.1012526
v -0.2864681 -0.1980254 1.5107661
v -0.2919506 -0.1844142 1.5011004
v -0.2845891 -0.1932569 1.4926119
v -0.2782613 -0.2055144 1.4986125
v -0.2795738 -0.1998178 1.4845403
v -0.2724501 -0.2084818 1.4887676
v -0.2928924 -0.1715084 1.4918287
v -0.2868032 -0.1814222 1.4861105
v -0.2781201 -0.1671540 1.4535779
v -0.2798176 -0.1692224 1.4624916
v -0.2825518 -0.1593611 1.4605430
v -0.2782990 -0.1562404 1.4493707
v -0.2671077 -0.1610752 1.4292518
v -0.2638622 -0.1482037 1.4229728
v -0.2577271 -0.1582421 1.4149117
v -0.2603851 -0.1694717 1.4222836
v -0.2405933 -0.2016913 1.4428066
v -0.2456104 -0.2007170 1.4474725
v -0.2488608 -0.1978740 1.4400927
v -0.2427522 -0.1987457 1.4349418
v -0.2369732 -0.2104231 1.4545190
v -0.2353019 -0.2176395 1.4576531
v -0.2368392 -0.2138855 1.4638026
v -0.2392961 -0.2076873 1.4594292
v -0.2339403 -0.2026437 1.4396195
v -0.2358277 -0.1990165 1.4317415
v -0.2359549 -0.2071049 1.4455532
v -0.2386995 -0.2048278 1.4494487
v -0.2323473 -0.2171926 1.4393575
v -0.2306074 -0.2223974 1.4397907
v -0.2337300 -0.2232986 1.4445499
v -0.2352961 -0.2161923 1.4436816
v -0.2335283 -0.2074141 1.4389904
v -0.2293236 -0.2099196 1.4371348
v -0.2319917 -0.2126630 1.4383639
v -0.2352054 -0.2105740 1.4415081
v -0.2354293 -0.2133127 1.4492422
v -0.2344288 -0.2209237 1.4513240
v -0.2322955 -0.2284276 1.4525620
v -0.2306043 -0.2306073 1.4444795
v -0.2462582 -0.1883726 1.4200953
v -0.2403415 -0.1912068 1.4183772
v -0.2383113 -0.1954862 1.4248074
v -0.2447331 -0.1943072 1.4273812
v -0.2284285 -0.2060110 1.4347168
v -0.2252136 -0.2044381 1.4188188
v -0.2211096 -0.2094448 1.4210206
v -0.2226995 -0.2099381 1.4247667
v -0.2273765 -0.2047206 1.4223775
v -0.2443916 -0.1760895 1.4061196
v -0.2405621 -0.1707195 1.3987610
v -0.2359832 -0.1790275 1.4003866
v -0.2391905 -0.1823362 1.4062281
v -0.2308935 -0.1774772 1.3950293
v -0.2340402 -0.1674870 1.3915621
v -0.2187926 -0.1694598 1.3802828
v -0.2193075 -0.1825190 1.3865516
v -0.2252090 -0.1787658 1.3908283
v -0.2267544 -0.1670994 1.3855110
v -0.2121268 -0.1948876 1.3951818
v -0.2127813 -0.1880603 1.3832209
v -0.2055082 -0.1937121 1.3819985
v -0.2067944 -0.1986984 1.3954666
v -0.2216925 -0.1999779 1.4142135
v -0.2231595 -0.2025526 1.4161924
v -0.2260414 -0.1983038 1.4145806
v -0.2247475 -0.1965851 1.4130751
v -0.2279728 -0.1928752 1.4117776
v -0.2283163 -0.1937634 1.4123725
v -0.2299699 -0.1932911 1.4125142
v -0.2294870 -0.1916972 1.4110108
v -0.2266581 -0.1944449 1.4122143
v -0.2268662 -0.1933636 1.4109725
v -0.2248660 -0.1952095 1.4106612
v -0.2220748 -0.1987715 1.4105190
v -0.2106645 -0.2090031 1.4119783
v -0.2113299 -0.2085939 1.4168383
v -0.2140012 -0.2066685 1.4160810
v -0.2139376 -0.2068250 1.4112747
v -0.2293776 -0.1956765 1.4142610
v -0.2279143 -0.1992125 1.4163330
v -0.2304166 -0.1994177 1.4187985
v -0.2320651 -0.1953050 1.4153892
v -0.2355955 -0.1938337 1.4168343
v -0.2356790 -0.1899522 1.4124903
v -0.2323511 -0.1921860 1.4125066
v -0.2277175 -0.1914567 1.4097346
v -0.2314964 -0.1897955 1.4098772
v -0.2293713 -0.1885737 1.4074538
v -0.2264760 -0.1896413 1.4052458
v -0.2254157 -0.1931572 1.4084726
v -0.2222690 -0.1964938 1.4074881
v -0.2227570 -0.1924623 1.4034003
v -0.2178816 -0.1963474 1.4024103
v -0.2180197 -0.2008699 1.4067842
v -0.2337515 -0.1982698 1.4218382
v -0.2345478 -0.1867722 1.4082951
v -0.2399897 -0.1867554 1.4125929
v -0.2323885 -0.1844498 1.4039085
v -0.2286554 -0.1845843 1.4004676
v -0.2186366 -0.1905903 1.3956729
v -0.2240519 -0.1868322 1.3975246
v -0.2104347 -0.1743229 1.3757683
v -0.2015013 -0.1795338 1.3745387
v -0.2740309 -0.2007233 1.4797096
v -0.2675300 -0.2060137 1.4829249
v -0.2706282 -0.1955149 1.4733570
v -0.2676619 -0.1985197 1.4751287
v -0.2698670 -0.1992265 1.4771722
v -0.2731176 -0.1952612 1.4748480
v -0.2764907 -0.1765501 1.4654442
v -0.2758621 -0.1748969 1.4585971
v -0.2729940 -0.1809524 1.4639792
v -0.2737917 -0.1826396 1.4677578
v -0.2646675 -0.1885737 1.4578576
v -0.2650780 -0.1917352 1.4648687
v -0.2680894 -0.1888917 1.4649266
v -0.2687201 -0.1848441 1.4581318
v -0.2618983 -0.1944885 1.4653066
v -0.2607334 -0.1922475 1.4591506
v -0.2568876 -0.1954638 1.4615323
v -0.2584969 -0.1968319 1.4667207
v -0.2642158 -0.2027749 1.4800462
v -0.2633140 -0.2016503 1.4770000
v -0.2573048 -0.2026116 1.4790138
v -0.2571731 -0.2043995 1.4823321
v -0.2448498 -0.1999223 1.4773534
v -0.2422105 -0.2021085 1.4778212
v -0.2443077 -0.2029227 1.4814492
v -0.2465859 -0.2006178 1.4792659
v -0.2454466 -0.1999243 1.4750842
v -0.2434176 -0.2011251 1.4739884
v -0.2878407 -0.2001783 1.5344054
v -0.2958717 -0.1859124 1.5236753
v -0.2780217 -0.2097140 1.5178958
v -0.2997344 -0.1714485 1.5109295
v -0.2979514 -0.1593123 1.4990074
v -0.2538730 -0.1485004 1.4074184
v -0.2467867 -0.1602124 1.4012414
v -0.2508142 -0.1678048 1.4090159
v -0.2465397 -0.1410303 1.3998375
v -0.2396319 -0.1551126 1.3931064
v -0.2176534 -0.1510665 1.3803508
v -0.2292748 -0.1512220 1.3853867
v -0.2525674 -0.1264684 1.4106078
v -0.2442748 -0.1180661 1.4060348
v -0.2355643 -0.1335131 1.3933360
v -0.2518304 -0.1072359 1.4210629
v -0.2472684 -0.0982576 1.4215198
v -0.2340915 -0.1057097 1.4036528
v -0.2025776 -0.1005212 1.3796048
v -0.2129480 -0.0867742 1.3858118
v -0.2055890 -0.0758298 1.3816572
v -0.1972748 -0.0899426 1.3748592
v -0.2595417 -0.1352285 1.4167000
v -0.2865211 -0.1523237 1.4719617
v -0.2833256 -0.1466729 1.4591169
v -0.2848808 -0.1644454 1.4708114
v -0.3084067 -0.1374563 1.5324229
v -0.3061227 -0.1306172 1.5153831
v -0.3020938 -0.1454108 1.5072943
v -0.3045206 -0.1560337 1.5222615
v -0.2978519 -0.1582703 1.5707796
v -0.3056760 -0.1474205 1.5523280
v -0.3017640 -0.1687839 1.5384240
v -0.2950718 -0.1818915 1.5536739
v -0.3069245 -0.1147373 1.5207468
v -0.3073656 -0.1172124 1.5396065
v -0.3051215 -0.0953031 1.5408888
v -0.3044334 -0.0985041 1.5229014
v -0.3049554 -0.1211189 1.5615080
v -0.3004327 -0.0946727 1.5636822
v -0.2472447 -0.0880375 1.4287360
v -0.2370680 -0.0860084 1.4134595
v -0.2271484 -0.0811409 1.4027560
v -0.2215104 -0.0974819 1.3933243
v -0.2904534 -0.0954470 1.5838093
v -0.2959277 -0.1274388 1.5816527
v -0.2782034 -0.0543202 1.5152788
v -0.2820087 -0.0649882 1.5017897
v -0.2922284 -0.0744931 1.5114703
v -0.2888545 -0.0636385 1.5286430
v -0.2705291 -0.0440495 1.5294154
v -0.2813250 -0.0549908 1.5464417
v -0.2445169 -0.0514820 1.4722188
v -0.2353108 -0.0412704 1.4816789
v -0.2241113 -0.0476083 1.4685413
v -0.2329823 -0.0552546 1.4595932
v -0.2828756 -0.1901523 1.4799995
v -0.2833193 -0.1814284 1.4754617
v -0.2783163 -0.1874417 1.4734927
v -0.2776904 -0.1942307 1.4763144
v -0.2896178 -0.1609088 1.4830605
v -0.2867186 -0.1721450 1.4787167
v -0.2980409 -0.1362026 1.4950690
v -0.3011981 -0.1244286 1.5012796
v -0.3018502 -0.0989926 1.5087611
v -0.3030974 -0.1117238 1.5057793
v -0.2830824 -0.0737016 1.4919403
v -0.2901901 -0.0793694 1.4977459
v -0.2485760 -0.0767299 1.4425335
v -0.2402541 -0.0649492 1.4522410
v -0.2291824 -0.0637818 1.4375052
v -0.2358651 -0.0729889 1.4265820
v -0.2138544 -0.0499914 1.4562833
v -0.2214826 -0.0567561 1.4481611
v -0.2157470 -0.0594191 1.4078988
v -0.2097884 -0.0508750 1.4201269
v -0.2023590 -0.0404579 1.4156849
v -0.2069940 -0.0497460 1.4034614
v -0.1928634 -0.0342506 1.4269473
v -0.2011168 -0.0448012 1.4315988
v -0.1916824 -0.0411808 1.4414700
v -0.1824648 -0.0310328 1.4368175
v -0.1784343 -0.1116881 1.3693191
v -0.1871069 -0.1019928 1.3718954
v -0.1838275 -0.0924456 1.3676527
v -0.1748543 -0.1025584 1.3660033
v -0.1995193 -0.0384166 1.4015810
v -0.1961067 -0.0288883 1.4148357
v -0.2511058 -0.0620770 1.4651824
v -0.2583303 -0.0727227 1.4594060
v -0.1870554 -0.0216523 1.4262403
v -0.2184514 -0.0582635 1.4276702
v -0.2102670 -0.0526054 1.4381321
v -0.2047354 -0.0448680 1.4622586
v -0.2136230 -0.0403724 1.4750067
v -0.2422441 -0.2031924 1.4539062
v -0.2494439 -0.1993920 1.4676300
v -0.2461559 -0.2003763 1.4705944
v -0.2481044 -0.2000534 1.4730416
v -0.2513398 -0.1996358 1.4708228
v -0.2573008 -0.2215580 1.5046385
v -0.2687935 -0.2152681 1.5025898
v -0.2621476 -0.2151370 1.4904254
v -0.2491563 -0.2193508 1.4907702
v -0.2623305 -0.1821750 1.4330455
v -0.2536865 -0.1854108 1.4242901
v -0.2515976 -0.1931488 1.4322413
v -0.2573635 -0.1920149 1.4403877
v -0.2721493 -0.1864002 1.4689973
v -0.2725964 -0.1891696 1.4704144
v -0.2743807 -0.1862188 1.4706612
v -0.2460419 -0.1822503 1.4131811
v -0.2529803 -0.1765142 1.4164332
v -0.2765585 -0.1422808 1.4465782
v -0.2812845 -0.1740330 1.4704238
v -0.2839223 -0.1688838 1.5850588
v -0.2824228 -0.1950838 1.5648249
v -0.2813677 -0.1360992 1.5976589
v -0.2745780 -0.1019720 1.6011565
v -0.2690809 -0.0511141 1.5631799
v -0.2541583 -0.0488611 1.5791514
v -0.2392954 -0.0366322 1.5602849
v -0.2558362 -0.0398586 1.5448518
v -0.2243298 -0.0327178 1.4901098
v -0.1826145 -0.0406335 1.4488703
v -0.1725865 -0.0324466 1.4432443
v -0.2759558 -0.2115612 1.5423592
v -0.2668496 -0.2188111 1.5225730
v -0.2930615 -0.1481961 1.4875618
v -0.2749259 -0.1682253 1.4451047
v -0.2695042 -0.1729424 1.4379311
v -0.2707081 -0.1805184 1.4480815
v -0.2741788 -0.1762055 1.4525951
v -0.2730484 -0.1559375 1.4385552
v -0.2696239 -0.1412020 1.4335366
v -0.2657680 -0.1246844 1.4302452
v -0.2581925 -0.1150948 1.4235463
v -0.2969814 -0.0761108 1.5396889
v -0.2995503 -0.0839252 1.5214183
v -0.2828857 -0.0678272 1.5784413
v -0.2935374 -0.0711221 1.5585591
v -0.2977846 -0.0867988 1.5095264
v -0.2675283 -0.0703733 1.5974028
v -0.2240427 -0.2100150 1.4290377
v -0.2241902 -0.2108926 1.4334743
v -0.2298347 -0.2035857 1.4278560
v -0.2133934 -0.2042774 1.4069378
v -0.2131829 -0.1997024 1.4021677
v -0.2078149 -0.2019854 1.4033389
v -0.2091618 -0.2065446 1.4078005
v -0.1956926 -0.1620947 1.3746427
v -0.2057196 -0.1561572 1.3764470
v -0.1823214 -0.1226951 1.3718392
v -0.1917057 -0.1127007 1.3749318
v -0.2278986 -0.2166745 1.4396885
v -0.2275702 -0.2143224 1.4394794
v -0.2262579 -0.2155043 1.4402133
v -0.2267609 -0.2174860 1.4403491
v -0.2277174 -0.1955442 1.4134937
v -0.2169852 -0.2123292 1.4221838
v -0.2155125 -0.2100955 1.4192369
v -0.2126556 -0.2115051 1.4197850
v -0.2141698 -0.2137816 1.4226675
v -0.2194613 -0.1273494 1.3864686
v -0.2101698 -0.1124603 1.3839983
v -0.2079575 -0.0619662 1.3916618
v -0.2173796 -0.0721839 1.3962879
v -0.2255670 -0.0672626 1.4150213
v -0.2027501 -0.0470985 1.4475897
v -0.1935910 -0.0451254 1.4553851
v -0.1835438 -0.0450381 1.4607580
v -0.1931261 -0.0429834 1.4691633
v -0.2024449 -0.1381991 1.3780070
v -0.1971663 -0.1240034 1.3771212
v -0.1871902 -0.1333326 1.3745393
v -0.1913650 -0.1460707 1.3755101
v -0.2219647 -0.2191205 1.4386529
v -0.2220060 -0.2165923 1.4381060
v -0.2195346 -0.2173862 1.4363645
v -0.2203977 -0.2206590 1.4375965
v -0.2275214 -0.2123096 1.4380559
v -0.2244213 -0.2119919 1.4364250
v -0.2249226 -0.2125529 1.4382827
v -0.2288683 -0.2139444 1.4384891
v -0.2291869 -0.2168525 1.4391279
v -0.2258359 -0.2225596 1.4399900
v -0.2263224 -0.2273637 1.4391337
v -0.2282824 -0.2201728 1.4393755
v -0.2240640 -0.2175392 1.4397041
v -0.2235256 -0.2153736 1.4391158
v -0.2254238 -0.2134711 1.4395956
v -0.2270078 -0.2131417 1.4392434
v -0.2257976 -0.2204767 1.4403342
v -0.2272189 -0.2187926 1.4399800
v -0.2330433 -0.2246912 1.4599174
v -0.1745928 -0.1288644 1.3718814
v -0.1791442 -0.1392121 1.3744781
v -0.2275578 -0.1935581 1.4121459
v -0.2586398 -0.2091761 1.4854189
v -0.2657060 -0.1866816 1.4469879
v -0.2490747 -0.1992002 1.4530714
v -0.2510268 -0.1980027 1.4588839
v -0.2554567 -0.1952622 1.4544527
v -0.2532735 -0.1963860 1.4468428
v -0.2492387 -0.2100542 1.4857534
v -0.2417916 -0.2084441 1.4829962
v -0.2398154 -0.2158010 1.4839307
v -0.2392662 -0.2070632 1.4772666
v -0.2403157 -0.2040990 1.4719726
v -0.2386106 -0.2092199 1.4685841
v -0.2369673 -0.2153152 1.4749813
v -0.2742439 -0.1906561 1.4729099
v -0.2720653 -0.1923590 1.4718704
v -0.2412783 -0.2046820 1.4636507
v -0.2432856 -0.2020011 1.4675345
v -0.2470464 -0.2001676 1.4633186
v -0.2448629 -0.2014149 1.4585395
v -0.2601596 -0.1916679 1.4501602
v -0.2774064 -0.1810247 1.4704551
v -0.2714128 -0.1819076 1.4605025
v -0.2589488 -0.0847374 1.4491734
v -0.2658254 -0.0799725 1.4597178
v -0.2611394 -0.1003549 1.4366922
v -0.2601621 -0.0972124 1.4396347
v -0.2532033 -0.0978202 1.4349591
v -0.2566044 -0.1018920 1.4323553
v -0.2888144 -0.0924712 1.4836243
v -0.2891653 -0.0968579 1.4825821
v -0.2923502 -0.0986366 1.4876341
v -0.2902208 -0.0911653 1.4897565
v -0.2912943 -0.1037621 1.4824783
v -0.2895089 -0.1032127 1.4796585
v -0.2894906 -0.1061806 1.4780230
v -0.2925947 -0.1064460 1.4844387
v -0.2912473 -0.1134038 1.4800186
v -0.2958505 -0.1189566 1.4893262
v -0.2975070 -0.1090320 1.4937233
v -0.2876847 -0.1365133 1.4730928
v -0.2919420 -0.1278949 1.4832541
v -0.2869075 -0.1186270 1.4749320
v -0.2813622 -0.1212010 1.4675596
v -0.2660204 -0.1119545 1.4368063
v -0.2618954 -0.1065141 1.4318532
v -0.2539353 -0.0915393 1.4407090
v -0.2577522 -0.0390578 1.5135247
v -0.2668406 -0.0494154 1.5006648
v -0.2715920 -0.0608428 1.4902324
v -0.2745588 -0.0704452 1.4825152
v -0.2466978 -0.0313160 1.5263371
v -0.2301689 -0.0285913 1.5363778
v -0.2811212 -0.1323541 1.4581038
v -0.2775551 -0.1188864 1.4560899
v -0.2546888 -0.0492023 1.4866540
v -0.2457942 -0.0382385 1.4970981
v -0.2611097 -0.0602379 1.4775132
v -0.2664070 -0.0698569 1.4717411
v -0.2357428 -0.0293315 1.5092214
v -0.2190591 -0.0257077 1.5169579
v -0.2086315 -0.0293408 1.4971356
v -0.2699419 -0.1019702 1.4405319
v -0.2683208 -0.1012453 1.4355389
v -0.2647344 -0.1027976 1.4349769
v -0.2675447 -0.1053455 1.4385765
v -0.2719089 -0.1152654 1.4458525
v -0.2740089 -0.1275404 1.4446492
v -0.2347800 -0.2206898 1.4670933
v -0.1987695 -0.1972836 1.3830179
v -0.2026241 -0.2014697 1.3964973
v -0.2194907 -0.2134038 1.4297294
v -0.2185489 -0.2131918 1.4257747
v -0.2154413 -0.2144497 1.4260332
v -0.2166126 -0.2148515 1.4297214
v -0.2501041 -0.2041401 1.4830859
v -0.2018375 -0.0380219 1.4820240
v -0.1735650 -0.0433865 1.4544060
v -0.1634951 -0.0361609 1.4485305
v -0.1752501 -0.0189132 1.4344134
v -0.1647285 -0.0207727 1.4403933
v -0.2178143 -0.2157326 1.4333390
v -0.2204347 -0.2140272 1.4332034
v -0.2250630 -0.2193721 1.4400884
v -0.2193158 -0.2071738 1.4178932
v -0.2230347 -0.2146055 1.4379079
v -0.2215347 -0.2146294 1.4361031
v -0.2176086 -0.2184828 1.4360975
v -0.2162525 -0.2164007 1.4333874
v -0.2531356 -0.1978163 1.4647057
v -0.2549098 -0.1985871 1.4686990
v -0.2234121 -0.2215927 1.4393261
v -0.2223172 -0.2241009 1.4380561
v -0.1928823 -0.0792307 1.3711314
v -0.1992591 -0.0645081 1.3782502
v -0.2106038 -0.2122604 1.4203629
v -0.2122004 -0.2144626 1.4231112
v -0.2789692 -0.1113327 1.4629620
v -0.2827420 -0.1111184 1.4698172
v -0.2821680 -0.1042594 1.4659296
v -0.2789246 -0.1041390 1.4600099
v -0.1707620 -0.1187538 1.3689365
v -0.1999508 -0.0504679 1.3895062
v -0.1541624 -0.0261234 1.4460297
v -0.2700890 -0.1864994 1.4659242
v -0.2714537 -0.1855386 1.4673803
v -0.2512722 -0.2017189 1.4800835
v -0.2181903 -0.2034941 1.4108502
v -0.2176678 -0.2039533 1.4153189
v -0.1836200 -0.1513020 1.3759841
v -0.2188715 -0.2217530 1.4372355
v -0.2851784 -0.0982399 1.4750848
v -0.2835455 -0.0979487 1.4720811
v -0.2857913 -0.0991509 1.4696866
v -0.2872575 -0.1005559 1.4723250
v -0.2903629 -0.1059511 1.4738162
v -0.2928090 -0.1050891 1.4768381
v -0.2924291 -0.1021971 1.4735999
v -0.2898234 -0.1023557 1.4713728
v -0.2876798 -0.1091246 1.4744662
v -0.2868101 -0.1056092 1.4702532
v -0.2955292 -0.1030412 1.4778111
v -0.2941061 -0.1012299 1.4756651
v -0.2897360 -0.1009340 1.4808898
v -0.2930235 -0.1028330 1.4802829
v -0.2939690 -0.0986190 1.4829493
v -0.2975455 -0.0991589 1.4792854
v -0.2950265 -0.0921230 1.4839012
v -0.2987636 -0.0933044 1.4793451
v -0.2930235 -0.0859750 1.4818717
v -0.2973730 -0.0871131 1.4779681
v -0.2716973 -0.1070981 1.4450975
v -0.2698489 -0.1015882 1.4488324
v -0.2904072 -0.0827548 1.4770801
v -0.2952894 -0.0828383 1.4740398
v -0.2866529 -0.0796987 1.4711058
v -0.2916692 -0.0802005 1.4685026
v -0.2830719 -0.0785936 1.4646606
v -0.2876921 -0.0790167 1.4623698
v -0.2790405 -0.0789847 1.4569385
v -0.2836422 -0.0799976 1.4557758
v -0.2741590 -0.0816092 1.4474477
v -0.2800218 -0.0831605 1.4487596
v -0.2933425 -0.0881943 1.4775031
v -0.2943078 -0.0928791 1.4792122
v -0.2858644 -0.0898762 1.4816097
v -0.2944528 -0.0979952 1.4785727
v -0.2792472 -0.0898996 1.4697905
v -0.2779403 -0.0907584 1.4667969
v -0.2816689 -0.0930500 1.4651772
v -0.2797295 -0.0927040 1.4690284
v -0.2791161 -0.0999638 1.4591900
v -0.2767152 -0.0986877 1.4542422
v -0.2762836 -0.1032246 1.4532923
v -0.2729915 -0.0980885 1.4517317
v -0.2740089 -0.0979105 1.4564584
v -0.2728331 -0.0970566 1.4536031
v -0.2746626 -0.0987162 1.4604245
v -0.2725316 -0.0954363 1.4523662
v -0.2725055 -0.0964451 1.4505234
v -0.2717609 -0.0953326 1.4539302
v -0.2719381 -0.0962135 1.4546632
v -0.2715811 -0.0961382 1.4567711
v -0.2724896 -0.0948442 1.4598592
v -0.2758379 -0.1093898 1.4536402
v -0.2665545 -0.0884631 1.4526651
v -0.2725153 -0.0857191 1.4594033
v -0.2764393 -0.0879581 1.4432027
v -0.2706980 -0.0872352 1.4401533
v -0.2685320 -0.0983704 1.4334558
v -0.2690382 -0.0930499 1.4347500
v -0.2831097 -0.0876151 1.4779158
v -0.2804575 -0.0848400 1.4726666
v -0.2623313 -0.0938927 1.4460261
v -0.2764841 -0.0846202 1.4668330
v -0.2800549 -0.0855732 1.4520430
v -0.2768278 -0.0893167 1.4483611
v -0.2833346 -0.0830199 1.4570317
v -0.2724043 -0.0980733 1.4469046
v -0.2750956 -0.0936650 1.4463084
v -0.2746443 -0.0939355 1.4408584
v -0.2726741 -0.0987446 1.4401270
v -0.2763165 -0.0909472 1.4521275
v -0.2798047 -0.0884740 1.4545816
v -0.2737580 -0.0907259 1.4554797
v -0.2773635 -0.0887273 1.4578660
v -0.2725824 -0.0934999 1.4533149
v -0.2737018 -0.0938499 1.4506945
v -0.2709378 -0.0911428 1.4581698
v -0.2745246 -0.0887254 1.4621161
v -0.2712173 -0.0940028 1.4552719
v -0.2811379 -0.0886158 1.4599740
v -0.2792687 -0.0885448 1.4639695
v -0.2839206 -0.0907503 1.4652031
v -0.2849006 -0.0890375 1.4626048
v -0.2832364 -0.0864006 1.4577642
v -0.2862154 -0.0857407 1.4618638
v -0.2858777 -0.0822501 1.4629612
v -0.2883724 -0.0861422 1.4669589
v -0.2889360 -0.0828497 1.4686299
v -0.2875424 -0.0887823 1.4657899
v -0.2870762 -0.0911978 1.4663161
v -0.2918893 -0.0848128 1.4738106
v -0.2906504 -0.0875854 1.4711119
v -0.2921859 -0.0899486 1.4744662
v -0.2894376 -0.0899117 1.4691647
v -0.2903587 -0.0918373 1.4718155
v -0.2884271 -0.0913811 1.4682745
v -0.2886931 -0.0929837 1.4696716
v -0.2907603 -0.1001640 1.4765351
v -0.2890109 -0.1011127 1.4746393
v -0.2919441 -0.0971967 1.4769018
v -0.2897021 -0.0970229 1.4750222
v -0.2892837 -0.0987549 1.4757023
v -0.2875477 -0.0989759 1.4750006
v -0.2879513 -0.0970885 1.4729332
v -0.2850644 -0.0955441 1.4724684
v -0.1690109 -0.0880527 1.3566456
v -0.1610352 -0.0961699 1.3584407
v -0.1639871 -0.1024282 1.3627573
v -0.1716615 -0.0945643 1.3618049
v -0.2901214 -0.0944749 1.4738640
v -0.2884466 -0.0953393 1.4711401
v -0.2920962 -0.0935239 1.4766211
v -0.2844931 -0.0920928 1.4693610
v -0.2861971 -0.0941120 1.4699391
v -0.2867842 -0.0928258 1.4681977
v -0.2852134 -0.0919346 1.4675653
v -0.2795656 -0.1003061 1.4634118
v -0.2769313 -0.0971088 1.4632857
v -0.2752850 -0.0930130 1.4621341
v -0.1835098 -0.0454879 1.3511163
v -0.1826005 -0.0509931 1.3587628
v -0.1917560 -0.0330327 1.3669897
v -0.1947451 -0.0264332 1.3597558
v -0.1910987 -0.0454766 1.3235453
v -0.2065382 -0.0188960 1.3321560
v -0.2028686 -0.0330897 1.3049091
v -0.1877720 -0.0491786 1.3021235
v -0.1975220 -0.0422552 1.2822838
v -0.1832606 -0.0540420 1.2817292
v -0.1827725 -0.0594000 1.2271136
v -0.1721162 -0.0708365 1.2293513
v -0.1751777 -0.0650219 1.2453873
v -0.1867305 -0.0538695 1.2436956
v -0.1787089 -0.0557430 1.1596128
v -0.1671927 -0.0549341 1.1485980
v -0.1609770 -0.0675633 1.1522404
v -0.1725129 -0.0664378 1.1624026
v -0.2289558 0.0014365 1.2427003
v -0.2379333 0.0058610 1.2620726
v -0.2387611 0.0133584 1.2509842
v -0.2275503 0.0102428 1.2330180
v -0.2159497 0.0254082 1.3773362
v -0.2142151 0.0054308 1.3575115
v -0.2052115 -0.0007091 1.3656370
v -0.2093695 0.0171492 1.3834543
v -0.1915905 0.0061954 1.1746487
v -0.1880746 -0.0010765 1.1648879
v -0.1916593 -0.0107085 1.1682777
v -0.1951277 -0.0052167 1.1777298
v -0.1422484 -0.0031418 1.1172811
v -0.1399203 -0.0003421 1.1021476
v -0.1364113 -0.0225470 1.0983542
v -0.1392074 -0.0239848 1.1136203
v -0.1428731 0.0699606 1.1503128
v -0.1308946 0.0942502 1.1585530
v -0.1259472 0.0947988 1.1465559
v -0.1385831 0.0716110 1.1379260
v -0.1993502 -0.0358837 1.2223611
v -0.1915890 -0.0471812 1.2248126
v -0.1967156 -0.0424051 1.2414108
v -0.2050807 -0.0309037 1.2389367
v -0.2774563 0.0571826 1.1287603
v -0.2642638 0.0482012 1.1249206
v -0.2609566 0.0454314 1.1488152
v -0.2736004 0.0547530 1.1529930
v -0.1327578 0.0728411 1.0647068
v -0.1194200 0.0941928 1.0745137
v -0.1220210 0.0954119 1.0596143
v -0.1344702 0.0724618 1.0495306
v -0.2741824 0.0580449 1.2749235
v -0.2725028 0.0545759 1.2896264
v -0.2732830 0.0755867 1.3034589
v -0.2762791 0.0789354 1.2870819
v -0.2094888 0.0056910 1.2085820
v -0.2113212 -0.0049075 1.2137132
v -0.2194498 -0.0019801 1.2272320
v -0.2167019 0.0079078 1.2197244
v -0.1434137 0.0982091 1.1799383
v -0.1537511 0.0788982 1.1730067
v -0.1581673 0.0825053 1.1849620
v -0.1494758 0.1000445 1.1920602
v -0.1489093 0.0753635 1.1606005
v -0.1372647 0.0966799 1.1684165
v -0.2099779 -0.0145184 1.2175155
v -0.2056450 -0.0249309 1.2201122
v -0.2129327 -0.0203477 1.2366017
v -0.2179700 -0.0110813 1.2336396
v -0.1546896 -0.0515739 1.1404852
v -0.1474824 -0.0674203 1.1451803
v -0.1412957 0.0475772 1.0398163
v -0.1430942 0.0227563 1.0308291
v -0.1431189 0.0232437 1.0474922
v -0.1405849 0.0483082 1.0557111
v -0.1363566 -0.0438746 1.1262939
v -0.1440448 -0.0476471 1.1344518
v -0.1505333 -0.0311082 1.1337455
v -0.1420728 -0.0258613 1.1262530
v -0.1408644 -0.0021492 1.0224598
v -0.1355589 -0.0279100 1.0154164
v -0.1352035 -0.0270447 1.0338692
v -0.1407785 -0.0018817 1.0398047
v -0.1915913 -0.0485139 1.2620183
v -0.1790653 -0.0596569 1.2630518
v -0.1866811 -0.0329562 1.1598190
v -0.1775873 -0.0303274 1.1492850
v -0.1730337 -0.0422084 1.1478604
v -0.1836753 -0.0441503 1.1592056
v -0.2067118 0.0357132 1.2153256
v -0.2199197 0.0214608 1.2227521
v -0.2340987 0.0236056 1.2382406
v -0.2149717 0.0369483 1.2233770
v -0.1227805 0.0967958 1.0439023
v -0.1346544 0.0740154 1.0350833
v -0.1409423 -0.0000304 1.0066475
v -0.1355626 -0.0258600 0.9988501
v -0.1874685 0.0857991 1.2259511
v -0.1821424 0.0881623 1.2259087
v -0.1903149 0.0757831 1.2229422
v -0.1957936 0.0738521 1.2263977
v -0.1447402 -0.0916921 1.1705519
v -0.1595344 -0.0835954 1.1731048
v -0.1578014 -0.0777811 1.1601403
v -0.1429821 -0.0817983 1.1550801
v -0.1666018 -0.0237836 1.1410272
v -0.1565527 -0.0154481 1.1354091
v -0.1612532 -0.0368205 1.1391200
v -0.1279263 -0.0979007 1.1687788
v -0.1248339 -0.0845846 1.1485251
v -0.1664408 -0.0710700 1.2637954
v -0.1635182 -0.0764104 1.2472041
v -0.1701690 -0.0673458 1.2813731
v -0.1575769 -0.0799448 1.2816979
v -0.1605017 -0.0783040 1.2999999
v -0.1731610 -0.0647451 1.3003978
v -0.1633174 -0.0784057 1.3180580
v -0.1759136 -0.0643271 1.3192672
v -0.1718972 -0.0635257 1.3463940
v -0.1731455 -0.0679842 1.3543387
v -0.2103810 0.0198499 1.2121550
v -0.2034117 0.0183127 1.2033630
v -0.1430807 0.0252149 1.0154646
v -0.1379355 0.1090130 1.3507337
v -0.1259965 0.1125100 1.3395611
v -0.1417836 0.1178004 1.3311850
v -0.1536476 0.1153015 1.3425728
v -0.2236576 0.0339418 1.3741362
v -0.2255858 0.0148333 1.3546568
v -0.1604003 0.1230160 1.2572768
v -0.1514309 0.1254405 1.2624799
v -0.1509636 0.1238939 1.2545015
v -0.1590498 0.1204685 1.2509973
v -0.1761240 0.1019699 1.2301358
v -0.1772430 0.0993461 1.2194662
v -0.1767967 0.1052676 1.2222753
v -0.1751780 0.1063472 1.2340062
v -0.1047922 0.1127898 1.0681413
v -0.1009359 0.1109018 1.0831581
v -0.0849790 0.1323240 1.2009228
v -0.1016517 0.1244693 1.1834997
v -0.1114744 0.1241859 1.1948699
v -0.0983535 0.1321767 1.2123896
v -0.0540076 0.0498585 1.3733080
v -0.0449445 0.0558579 1.3618324
v -0.0601128 0.0702068 1.3604986
v -0.0701763 0.0646683 1.3713876
v -0.1147150 0.0862812 1.3761974
v -0.1257578 0.0817922 1.3862400
v -0.1053862 0.0682858 1.3887101
v -0.0957099 0.0745699 1.3792593
v -0.1208423 0.1017209 1.3589909
v -0.1096853 0.1063842 1.3480648
v -0.1404862 0.1132637 1.2027770
v -0.1326901 0.1133016 1.1914663
v -0.1521229 0.1126747 1.2159909
v -0.1594956 0.1004492 1.2083145
v -0.1643485 0.0994916 1.2130382
v -0.1572269 0.1110242 1.2202113
v -0.2047188 0.0089290 1.3902350
v -0.1983412 0.0229424 1.4046622
v -0.2036326 0.0335392 1.3976808
v -0.1419983 0.0343577 1.4200367
v -0.1361292 0.0400718 1.4169303
v -0.1510830 0.0452021 1.4139886
v -0.1540512 0.0372652 1.4177409
v -0.0201950 0.0968785 1.2988783
v -0.0049237 0.0830765 1.3038338
v 0.0058504 0.0874350 1.2817659
v -0.0114025 0.1026404 1.2747736
v -0.1565684 0.1148623 1.2306821
v -0.1626640 0.1099810 1.2310052
v -0.1600609 0.1145990 1.2379929
v -0.1529616 0.1193997 1.2386909
v -0.1467637 0.1229090 1.2379310
v -0.1400817 0.1256655 1.2359017
v -0.1456360 0.1205743 1.2253420
v -0.1514799 0.1182933 1.2287534
v -0.1117486 0.1310155 1.2215333
v -0.1225443 0.1241677 1.2055824
v -0.1317152 0.1224603 1.2152858
v -0.1234213 0.1291767 1.2290488
v 0.0275659 0.0905076 1.2022272
v 0.0127308 0.1048988 1.1970711
v 0.0068465 0.1049079 1.2237701
v 0.0227717 0.0910604 1.2294044
v -0.2170525 0.0502468 1.2222785
v -0.2272196 0.0393119 1.2235727
v -0.2271297 0.0398197 1.2152004
v -0.2145260 0.0516104 1.2115194
v -0.1855172 0.1214527 1.2222165
v -0.1897505 0.1233516 1.2126692
v -0.1940327 0.1270159 1.2154543
v -0.1896245 0.1255746 1.2259505
v -0.2007734 0.0619105 1.1913454
v -0.2126865 0.0520979 1.1968110
v -0.2125093 0.0521937 1.1781585
v -0.1996936 0.0627501 1.1731428
v -0.2168217 0.0642724 1.3808391
v -0.2308552 0.0430482 1.3704353
v -0.2127310 0.0541430 1.3859655
v -0.1848794 0.0815990 1.2030656
v -0.1832869 0.0818543 1.1884219
v -0.1790877 0.0918404 1.1894589
v -0.1792318 0.0908049 1.2045586
v -0.2854390 0.0727456 1.1324989
v -0.2812154 0.0703899 1.1568452
v -0.1930230 0.0750422 1.1506595
v -0.1890068 0.0873786 1.1493795
v -0.1839943 0.0832355 1.1691302
v -0.1899090 0.0727099 1.1699557
v -0.0743279 0.1319198 1.1877455
v -0.0927917 0.1239960 1.1719224
v -0.0616877 0.1315358 1.0813301
v -0.0841046 0.1251464 1.0756042
v -0.0801921 0.1216792 1.0918626
v -0.0585578 0.1274558 1.0991071
v -0.1056006 0.1149051 1.0522468
v -0.0633750 0.1336614 1.0628973
v -0.0855801 0.1272196 1.0582284
v -0.1921334 -0.0008031 1.4139079
v -0.1800307 0.0045091 1.4244409
v -0.1789623 0.0163702 1.4204748
v -0.1937981 0.0114417 1.4097212
v -0.1301130 0.1355430 0.9469205
v -0.1336933 0.1350236 0.9177457
v -0.1547360 0.1108465 0.9189699
v -0.1490013 0.1126188 0.9460414
v -0.1422329 0.0124917 1.4319931
v -0.1611639 0.0164152 1.4270676
v -0.1644746 0.0051091 1.4310408
v -0.1495392 0.0008514 1.4353873
v -0.1432959 0.1121108 0.9690812
v -0.1252196 0.1351210 0.9737801
v -0.1970248 -0.0125238 1.3979364
v -0.2009414 -0.0010450 1.3947261
v -0.1980843 -0.0167684 1.3795147
v -0.1949483 -0.0271232 1.3829420
v -0.1907926 -0.0428685 1.3719303
v -0.1693359 0.0805495 0.9194684
v -0.1613636 0.0853795 0.9414873
v -0.1822304 -0.0085794 1.4259892
v -0.1690698 -0.0072687 1.4330846
v -0.1563960 -0.0098650 1.4384424
v -0.1454558 -0.0156562 1.4437142
v -0.1072545 0.1181074 1.0366732
v -0.1240856 0.1002135 1.0296728
v -0.0757047 0.1396601 0.8017438
v -0.0440920 0.1392706 0.7955444
v -0.0561058 0.1219747 0.7788860
v -0.0924725 0.1224643 0.7840781
v 0.0288223 0.1218244 0.8033326
v 0.0186214 0.1061931 0.7910041
v -0.0178297 0.1164180 0.7819543
v -0.0093805 0.1338405 0.7952058
v 0.0514511 0.1508755 0.9342923
v 0.0235956 0.1654931 0.9348533
v 0.0214766 0.1592302 0.9596818
v 0.0489005 0.1453383 0.9592203
v -0.0649194 0.1384090 1.0455265
v -0.0869583 0.1312064 1.0418742
v -0.1352562 0.0774429 1.0215487
v -0.2083815 0.0153541 0.8189139
v -0.1957507 0.0535911 0.8076537
v -0.2017291 0.0386718 0.7797246
v -0.2154222 0.0036167 0.7908442
v -0.1480498 0.0811963 0.7509989
v -0.1393859 0.0984494 0.7761530
v -0.1032977 0.1043647 0.7626094
v -0.1118711 0.0861904 0.7402910
v -0.1274168 -0.0508507 0.9915290
v -0.1346483 -0.0222683 0.9845319
v -0.1255558 -0.0465534 0.9761939
v -0.0865071 -0.1070412 0.9762565
v -0.1041645 -0.0910184 0.9803383
v -0.1002975 -0.0871146 0.9643304
v -0.0836343 -0.1022169 0.9609725
v -0.0778719 -0.0840704 0.8847932
v -0.0664433 -0.0916609 0.8838277
v -0.0692503 -0.0918954 0.9005315
v -0.0813297 -0.0802768 0.9021949
v -0.1653425 0.0555303 0.9366088
v -0.1606255 0.0241329 0.9320899
v -0.1561386 0.0305169 0.9472075
v -0.1595697 0.0601775 0.9538783
v 0.0098383 0.0863292 0.7837409
v -0.0246755 0.0973878 0.7689734
v -0.2156715 -0.0344915 0.8003350
v -0.2058885 -0.0212534 0.8290006
v -0.1987535 -0.0700749 0.8078353
v -0.1675173 -0.0911816 0.8083093
v -0.1596179 -0.0782853 0.8335850
v -0.1891128 -0.0558388 0.8335281
v -0.0489630 -0.0613777 0.8079020
v -0.0667190 -0.0778175 0.8321468
v -0.0689763 -0.0709968 0.8265425
v -0.0466918 -0.0559774 0.8075820
v 0.0438981 0.1430318 0.8390778
v 0.0377458 0.1340201 0.8207368
v 0.0034258 0.1478196 0.8128452
v 0.0127018 0.1568946 0.8348313
v -0.0406675 0.1342767 1.0659374
v -0.0417828 0.1398365 1.0469372
v -0.0193763 0.1308432 1.0679250
v -0.0393585 0.1323438 1.0860098
v -0.0183058 0.1282684 1.0896535
v -0.0376463 0.1277848 1.2227652
v -0.0554444 0.1330965 1.2047581
v -0.0672631 0.1342354 1.2194408
v -0.0507947 0.1295798 1.2401933
v -0.0758426 0.0847866 1.3586310
v -0.0861196 0.0795415 1.3692524
v -0.0680427 0.0857736 0.7387660
v -0.0272831 0.0691469 0.7514155
v -0.0557605 0.0517076 0.7165608
v -0.0884285 0.0661674 0.7142590
v -0.1551584 0.0644919 0.7254264
v -0.1836590 0.0496150 0.7374023
v -0.1777421 0.0668942 0.7656648
v -0.2084187 0.0228310 0.7503148
v -0.2237262 -0.0131519 0.7628701
v -0.2063051 -0.0860368 0.7813218
v -0.1743222 -0.1054145 0.7809541
v -0.0724146 -0.0773329 0.7787928
v -0.1003271 -0.0904107 0.7885278
v -0.1069249 -0.0982306 0.7654868
v -0.0791524 -0.0821441 0.7557469
v -0.1076786 -0.0628817 0.8870849
v -0.1329838 -0.0339917 0.9087538
v -0.1352755 -0.0369801 0.8949062
v -0.1124332 -0.0571688 0.8755500
v -0.0930638 -0.1083887 0.9959886
v -0.1070214 -0.0941205 0.9997273
v -0.1172724 -0.0733780 0.9852260
v -0.1187081 -0.0762802 1.0037257
v -0.1281223 -0.0533219 1.0089099
v -0.1099067 -0.0919874 1.0781117
v -0.1230086 -0.0704454 1.0772383
v -0.1209398 -0.0736069 1.0607318
v -0.1076291 -0.0952381 1.0608214
v -0.1117014 -0.0876890 1.0959787
v -0.1244127 -0.0667988 1.0949435
v -0.1152309 -0.0801397 1.1324897
v -0.1354443 -0.0654401 1.1384036
v -0.1278474 -0.0622409 1.1283284
v -0.1541068 -0.0832494 1.2641288
v -0.1509276 -0.0878963 1.2481130
v -0.1746760 0.0476734 0.9178527
v -0.0186078 0.0323722 0.7521576
v -0.0241869 -0.0014662 0.7542007
v -0.0345448 -0.0070858 0.7269896
v -0.0372464 0.0242952 0.7200877
v -0.1544577 0.0873621 0.9616850
v -0.1412509 0.0496474 1.0255890
v -0.1407855 0.0532390 1.0121982
v -0.1531223 0.0400597 1.1432207
v -0.1441243 0.0451594 1.1301021
v -0.1710949 -0.0744651 1.1749006
v -0.1680535 -0.0731682 1.1653136
v -0.1703895 0.0843144 0.7923706
v -0.2121406 -0.1002441 0.7529579
v -0.2176025 -0.1145199 0.7239282
v -0.1875269 -0.1315592 0.7237225
v -0.1807580 -0.1187674 0.7528808
v -0.0700951 -0.0677090 0.7179162
v -0.0890058 -0.0887477 0.7291469
v -0.1006835 -0.0964588 0.7010911
v -0.0842009 -0.0749984 0.6905180
v -0.0989023 -0.0847230 0.6631831
v -0.1134925 -0.1076167 0.6727830
v -0.1214490 -0.1178335 0.6430508
v -0.1098853 -0.0947510 0.6360155
v -0.2241834 -0.0525900 0.7732033
v -0.2376359 -0.0494260 0.7092759
v -0.2368830 -0.0843855 0.7184504
v -0.2308676 -0.0679416 0.7456563
v -0.2311230 -0.0320644 0.7362409
v -0.1241096 0.0691318 0.7163740
v -0.0579102 -0.0626976 0.7449045
v -0.0511938 -0.0588390 0.7682067
v -0.0738209 -0.0277970 0.6711166
v -0.0807172 -0.0025279 0.6647334
v -0.0596857 0.0119920 0.6912526
v -0.0537501 -0.0164594 0.6982316
v -0.1807895 0.0263098 0.6790537
v -0.2047433 0.0089160 0.6898976
v -0.1948396 0.0293069 0.7131206
v -0.1684992 0.0454694 0.7015832
v -0.2172586 0.0022375 0.7253628
v -0.2246518 -0.0173315 0.6999432
v -0.2495146 -0.0844667 0.6580698
v -0.2451088 -0.1163422 0.6636695
v -0.2411388 -0.1004806 0.6914318
v -0.2439821 -0.0670441 0.6836183
v -0.2399933 -0.0542041 0.6518382
v -0.2323381 -0.0361900 0.6757397
v -0.2140250 -0.0104011 0.6670201
v -0.2232753 -0.0284956 0.6451697
v -0.2020527 -0.0120846 0.6382821
v -0.1918052 0.0070074 0.6583303
v -0.1663587 0.0147647 0.6497556
v -0.1785377 -0.0042044 0.6312264
v -0.1396444 0.0135269 0.6427337
v -0.1166095 0.0019919 0.6408475
v -0.1335709 -0.0142716 0.6217989
v -0.1544573 -0.0048456 0.6246267
v -0.1068084 -0.0498761 0.6242269
v -0.1165747 -0.0296882 0.6212556
v -0.0993115 -0.0167068 0.6417721
v -0.0921010 -0.0391747 0.6468225
v -0.1537385 -0.0775768 0.5429647
v -0.1676612 -0.0668360 0.5493529
v -0.1567178 -0.0612711 0.5657712
v -0.1415867 -0.0727685 0.5605786
v -0.1822699 -0.0562801 0.5557474
v -0.2006353 -0.0511562 0.5617086
v -0.1913552 -0.0476277 0.5769036
v -0.1738892 -0.0527041 0.5722151
v -0.2307666 -0.0549932 0.5838233
v -0.2111376 -0.0478318 0.5805525
v -0.2197327 -0.0525197 0.5656421
v -0.2388433 -0.0596843 0.5675759
v -0.2564232 -0.0746123 0.5679187
v -0.2502063 -0.0696643 0.5868535
v -0.2652265 -0.0978368 0.5635382
v -0.2624980 -0.0936736 0.5861004
v -0.2644152 -0.1230268 0.5816163
v -0.2656432 -0.1257061 0.5561698
v -0.1421830 -0.1293014 0.5602884
v -0.1500335 -0.1271061 0.5363881
v -0.1418715 -0.1090665 0.5374307
v -0.1323713 -0.1105854 0.5589509
v -0.1818083 -0.1639696 0.5658225
v -0.2082897 -0.1808409 0.5695728
v -0.2093189 -0.1717017 0.5420563
v -0.1865406 -0.1569161 0.5388580
v -0.2473401 -0.0702576 0.6292590
v -0.2552813 -0.1011948 0.6332989
v -0.2117957 -0.0301480 0.6197052
v -0.2321413 -0.0454324 0.6246193
v -0.1187663 -0.0589430 0.6021287
v -0.1311376 -0.0413648 0.6016485
v -0.1289557 -0.1259286 0.6142840
v -0.1179317 -0.1036123 0.6092710
v -0.2382087 -0.1722045 0.6055700
v -0.2317862 -0.1579200 0.6358251
v -0.2506942 -0.1335584 0.6355381
v -0.2567258 -0.1476354 0.6071742
v -0.2562194 -0.0840217 0.6077472
v -0.2414730 -0.0595787 0.6061901
v -0.2215745 -0.0448263 0.6013275
v -0.2012855 -0.0371096 0.5966449
v -0.1810230 -0.0369006 0.5917350
v -0.1619567 -0.0428113 0.5871473
v -0.1441844 -0.0521694 0.5832012
v -0.1301995 -0.0668396 0.5801564
v -0.1250891 -0.1088341 0.5834015
v -0.1356767 -0.1295533 0.5857462
v -0.2386498 -0.1721136 0.5458732
v -0.2407148 -0.1783125 0.5743181
v -0.2612088 -0.1548480 0.5781245
v -0.2603493 -0.1537724 0.5509123
v -0.2350557 -0.1590700 0.5212781
v -0.2113293 -0.1584001 0.5186559
v -0.1887982 -0.0529064 0.5460135
v -0.2075790 -0.0487649 0.5515885
v -0.2257040 -0.0495747 0.5539372
v -0.2617682 -0.0729178 0.5494325
v -0.2678738 -0.0973355 0.5395995
v -0.2661120 -0.1251540 0.5293045
v -0.2548233 -0.1469860 0.5265184
v -0.1574192 -0.0955806 0.5046243
v -0.1519226 -0.1057830 0.5217893
v -0.1597856 -0.1217029 0.5183464
v -0.1659988 -0.1104483 0.4992414
v -0.1627718 -0.0630878 0.5194725
v -0.1738646 -0.0482148 0.5278361
v -0.1736683 -0.0636955 0.5387479
v -0.1623924 -0.0771442 0.5318481
v -0.1916823 -0.0376302 0.5339091
v -0.2112362 -0.0335947 0.5385275
v -0.2312451 -0.0356027 0.5406109
v -0.2660593 -0.0641119 0.5266637
v -0.2460793 -0.0572846 0.5545199
v -0.2515343 -0.0454648 0.5363402
v -0.2697536 -0.0922025 0.5123436
v -0.2557311 -0.1042831 0.4702437
v -0.2580964 -0.1203402 0.4985272
v -0.2713163 -0.0799657 0.4841328
v -0.2207772 -0.0537497 0.3793364
v -0.2463924 -0.0457963 0.3841985
v -0.2376557 -0.0251417 0.3550540
v -0.2158566 -0.0314665 0.3507096
v -0.1651783 -0.0958202 0.4771783
v -0.1543847 -0.0786545 0.4842785
v -0.1589049 -0.0438334 0.5019284
v -0.1721979 -0.0283479 0.5113814
v -0.2690756 -0.0320410 0.4748536
v -0.2690604 -0.0515660 0.5008900
v -0.2560322 -0.0300539 0.5133334
v -0.2555313 -0.0111001 0.4883389
v -0.1515213 -0.0389898 0.3966069
v -0.1429838 -0.0215879 0.4047402
v -0.1439443 -0.0408307 0.4337281
v -0.1538752 -0.0591577 0.4244601
v -0.1676071 -0.0089803 0.4892046
v -0.1541221 -0.0246943 0.4792898
v -0.1510778 -0.0057798 0.4530215
v -0.1648640 0.0094366 0.4618285
v -0.2582254 0.0028782 0.4137290
v -0.2652713 -0.0133736 0.4459220
v -0.2530885 0.0072351 0.4593720
v -0.2472826 0.0231778 0.4262218
v -0.2553155 -0.0853859 0.4419540
v -0.2709935 -0.0603305 0.4570924
v -0.2670900 -0.0415360 0.4290257
v -0.2532959 -0.0649643 0.4132756
v -0.2278985 -0.0950620 0.4374241
v -0.2253631 -0.0746097 0.4093149
v -0.1518333 0.0169756 0.3431847
v -0.1466206 -0.0021652 0.3750325
v -0.1536894 -0.0167051 0.3661339
v -0.1580985 0.0056229 0.3342627
v -0.1655210 0.0257464 0.4305886
v -0.1512442 0.0115450 0.4224510
v -0.1542692 0.0273471 0.3901942
v -0.1673085 0.0393509 0.3967602
v -0.2396504 0.0352667 0.3447443
v -0.2492498 0.0195693 0.3802154
v -0.2388185 0.0382030 0.3911106
v -0.2292930 0.0522566 0.3552384
v -0.2294715 -0.0030289 0.3232711
v -0.2514084 -0.0053368 0.3664009
v -0.2418622 0.0146249 0.3329464
v -0.2207797 0.0153683 0.2905994
v -0.2051779 0.0098646 0.2871310
v -0.2098684 -0.0096351 0.3194335
v -0.1614896 0.0252740 0.3033467
v -0.1545366 0.0352316 0.3110247
v -0.1571703 0.0551976 0.3231584
v -0.1667735 0.0650434 0.3297403
v -0.1681047 0.0521223 0.3628380
v -0.1572500 0.0414420 0.3564485
v -0.2001000 0.0645290 0.3644897
v -0.1833193 0.0603454 0.3656118
v -0.1806847 0.0725525 0.3322577
v -0.1957768 0.0755322 0.3305343
v -0.2197685 0.0635365 0.3216096
v -0.2157514 0.0621180 0.3616641
v -0.2088717 0.0727903 0.3275458
v -0.2301149 0.0493493 0.3128238
v -0.2321751 0.0306489 0.2999730
v -0.0046588 0.0232957 0.7826062
v -0.0187270 -0.0057446 0.7832916
v -0.0208893 -0.0004503 0.7743526
v -0.0082289 0.0321137 0.7767699
v -0.1248861 -0.1182762 0.7099918
v -0.1156202 -0.1074128 0.7390684
v -0.1416307 -0.1387434 0.6505092
v -0.1356349 -0.1298070 0.6807398
v -0.1483831 -0.1456792 0.6201150
v -0.1547542 -0.1491511 0.5905888
v -0.1596902 -0.1478769 0.5619030
v -0.1666896 -0.1428464 0.5361621
v -0.1743721 -0.1354541 0.5152060
v -0.1806217 -0.1238471 0.4939730
v -0.1783149 -0.0929464 0.4454231
v -0.1592666 -0.0780848 0.4519635
v -0.1819439 -0.1089745 0.4709010
v -0.1706531 -0.0527097 0.3873323
v -0.1737443 -0.0742289 0.4171798
v -0.1702214 -0.0278813 0.3568855
v -0.1715028 -0.0039878 0.3253703
v -0.1737772 0.0162810 0.2952230
v -0.1204965 -0.0766502 0.8431989
v -0.0917616 -0.0771907 0.8258928
v -0.0904184 -0.0733261 0.8368477
v -0.1167248 -0.0683896 0.8569959
v -0.0278403 -0.0319635 0.7951223
v -0.0366044 -0.0456362 0.7987889
v -0.0341729 -0.0408346 0.7996984
v -0.0249869 -0.0267886 0.7958573
v -0.2614427 -0.1154560 0.6084709
v -0.1905344 -0.0221159 0.6137530
v -0.1686953 -0.0222740 0.6077448
v -0.1488345 -0.0293898 0.6038693
v -0.1764465 -0.1671302 0.5951886
v -0.1728772 -0.1624014 0.6261427
v -0.2017663 -0.1692088 0.6323760
v -0.2067045 -0.1789445 0.6009870
v -0.2297437 -0.1132518 0.4610456
v -0.2025115 -0.0963722 0.4399648
v -0.2043154 -0.1149536 0.4646924
v -0.2325574 -0.1303406 0.4831804
v -0.2136679 -0.0141314 0.5219719
v -0.2360538 -0.0172867 0.5212924
v -0.1884671 0.0017756 0.4962180
v -0.2121037 0.0069121 0.4997444
v -0.1919175 -0.0187714 0.5179517
v -0.1634806 -0.1430611 0.6871553
v -0.1934563 -0.1437333 0.6937915
v -0.1974299 -0.1560084 0.6638015
v -0.1681841 -0.1533630 0.6575517
v -0.0760458 0.1194468 1.1073513
v -0.0562821 0.1237930 1.1169629
v -0.1768470 0.0012011 1.1519501
v -0.1662992 0.0178419 1.1474109
v -0.1616191 0.0011824 1.1396275
v -0.1719973 -0.0110606 1.1449471
v -0.1712281 0.0289443 1.1569186
v -0.1812630 0.0109149 1.1605439
v -0.1850156 0.0189472 1.1711976
v -0.1752939 0.0364073 1.1679331
v -0.1953443 0.0507440 1.2139794
v -0.2012247 0.0515308 1.2194937
v -0.1134859 -0.0836919 1.1147883
v -0.0965439 -0.1015377 1.1164433
v -0.0987214 -0.0966273 1.1339822
v -0.1148148 -0.0687704 0.9690665
v -0.1113088 -0.0479719 0.9118351
v -0.0893878 -0.0737968 0.8848175
v -0.0947218 -0.0660087 0.9057562
v -0.0528838 -0.0794791 0.8258070
v -0.0042627 0.1161663 1.1880315
v -0.0108649 0.1163454 1.2139922
v -0.0785131 0.0601518 1.3811582
v -0.0631676 0.0450110 1.3836757
v -0.0962940 0.0481623 1.3994705
v -0.1040463 0.0420406 1.4077662
v -0.0881173 0.0277963 1.4095449
v -0.0800729 0.0337498 1.4015401
v -0.1349373 -0.0060695 1.4412228
v -0.1259836 0.0030673 1.4367374
v -0.0163308 -0.0112801 0.7928339
v -0.0223705 -0.0210238 0.7933950
v -0.0121081 -0.0016392 0.7905919
v -0.0683037 -0.0728965 0.7973614
v -0.0482251 -0.0554198 0.7859210
v -0.0465064 -0.0529773 0.7967069
v -0.0662803 -0.0698203 0.8092644
v -0.2010435 0.0247616 0.8464736
v -0.1905469 0.0646425 0.8372860
v -0.0629473 0.1031552 0.7587543
v -0.2038319 0.0951282 1.1062014
v -0.2060831 0.1082408 1.1056372
v -0.1975537 0.1052141 1.1274092
v -0.1959476 0.0912962 1.1282861
v -0.0393706 0.1108128 1.2942885
v -0.0351573 0.1182653 1.2656035
v -0.2013162 -0.0083025 1.3734840
v -0.2473778 0.0569718 1.3566699
v -0.2531732 0.0352244 1.3401757
v -0.2442014 0.0310441 1.3466129
v -0.2385412 0.0508661 1.3644201
v -0.1808036 0.1140780 1.3449376
v -0.1959202 0.1060181 1.3543284
v -0.1847412 0.1021286 1.3639346
v -0.1682940 0.1103715 1.3535366
v 0.0529258 0.1522434 0.9094448
v 0.0249730 0.1675525 0.9099299
v 0.0207450 0.1050205 1.1193478
v 0.0029079 0.1164906 1.1146614
v 0.0030482 0.1164082 1.1383422
v 0.0199301 0.1047742 1.1443451
v -0.0616022 0.1268431 1.2729208
v -0.0706483 0.1325740 1.2506458
v -0.1340079 -0.1027176 1.1873610
v -0.1388860 -0.1013437 1.2039758
v -0.1537238 -0.0916144 1.2023053
v -0.1490973 -0.0937144 1.1870777
v -0.2024345 0.1261141 1.1631460
v -0.1894931 0.1174843 1.1805318
v -0.1854993 0.1083423 1.1729890
v -0.1943816 0.1149973 1.1525645
v -0.1608076 0.1043444 0.8244975
v -0.1288160 0.1164536 0.8001066
v -0.1009995 0.1137436 1.1298544
v -0.0801791 0.1247763 1.1420169
v -0.0765314 0.1223800 1.1248337
v -0.0975782 0.1116775 1.1137682
v -0.1170729 0.1118068 1.1694041
v -0.1100087 0.1118361 1.1578232
v -0.1246013 0.1127614 1.1801148
v -0.1720507 0.1038524 1.2348855
v -0.1751716 0.0977793 1.2298417
v -0.1800918 0.0944641 1.2275300
v -0.0944130 -0.0829873 0.8106736
v -0.0918610 -0.0700521 0.8524546
v -0.0880704 -0.0760183 0.8582407
v -0.0198931 -0.0189388 0.7936199
v -0.1950280 -0.0386474 1.3866675
v -0.1938688 -0.0531821 1.3755414
v -0.1933981 0.0717099 1.2038158
v -0.1906615 0.0720310 1.1885927
v -0.1693082 0.0968650 1.2168950
v -0.1769093 0.0827536 1.2137798
v -0.1826100 0.0798146 1.2170110
v -0.1744743 0.0930078 1.2197518
v -0.1677977 0.1030856 1.2246749
v -0.1619731 0.1078274 1.2228275
v -0.2268596 -0.0067484 1.2509708
v -0.2213675 -0.0156924 1.2560652
v -0.2282720 -0.0093888 1.2773537
v -0.2336854 -0.0011344 1.2708866
v -0.2127100 -0.0255925 1.2582313
v -0.2030243 -0.0371110 1.2604185
v -0.2093275 -0.0301150 1.2815239
v -0.2192750 -0.0185988 1.2797792
v -0.2002680 -0.0223329 1.3503888
v -0.1889894 -0.0446296 1.3406999
v -0.1750917 -0.0636976 1.3351382
v -0.1638915 -0.0783521 1.3324006
v -0.1163356 0.0110926 1.4308279
v -0.1056434 0.0172964 1.4234806
v -0.1221569 0.0304848 1.4200682
v -0.1353651 0.0242507 1.4259787
v -0.1848299 -0.0593685 1.3637241
v -0.1770294 -0.0751256 1.3592199
v -0.1659240 -0.0825774 1.3506141
v -0.2872275 0.0904730 1.1334616
v -0.2827481 0.0888687 1.1578479
v -0.1925121 -0.0158459 1.4148873
v -0.1965910 -0.0263990 1.4000064
v -0.2788229 0.1073406 1.1572924
v -0.2833278 0.1082727 1.1324193
v -0.2325488 0.0068816 1.3274816
v -0.2352192 0.0240959 1.3512605
v -0.2413213 0.0150249 1.3244789
v -0.1886554 -0.0685410 1.3675330
v -0.1808028 -0.0831810 1.3630736
v -0.1850556 0.0725641 0.8647207
v -0.1929023 0.0333744 0.8705460
v -0.1397314 0.0495289 1.0704258
v -0.1303192 0.0728851 1.0792002
v -0.0929030 -0.1102506 1.0800097
v -0.0902025 -0.1129748 1.0618807
v -0.1671385 -0.1097950 1.3660535
v -0.1062118 -0.0966221 1.0221402
v -0.0886670 -0.1134052 1.0191341
v -0.0892077 -0.1142698 1.0421662
v -0.1066358 -0.0968608 1.0426107
v -0.0809088 -0.1172943 0.9942520
v -0.0787268 -0.1165006 0.9836196
v -0.0721614 -0.0850476 0.8682285
v -0.0639883 -0.0919392 0.8681994
v -0.2678633 0.0495966 1.2152337
v -0.2672665 0.0479441 1.2326402
v -0.2750285 0.0628503 1.2430403
v -0.2754699 0.0655665 1.2234028
v -0.1189557 -0.0769622 1.0250118
v -0.1284819 -0.0528827 1.0285936
v -0.1998647 0.0346823 1.2075175
v -0.1896535 0.0504196 1.2071116
v -0.1057295 -0.0987163 1.1504413
v -0.1626801 -0.0838735 1.1869329
v -0.1662037 -0.0808902 1.2003923
v -0.1768134 -0.0694148 1.1990460
v -0.1739591 -0.0731423 1.1867731
v -0.0140077 -0.0089513 0.7939762
v -0.2233502 0.1365150 1.2389281
v -0.2178630 0.1370139 1.2526521
v -0.2095361 0.1361106 1.2452830
v -0.2156198 0.1360798 1.2320027
v -0.0330530 -0.0306511 0.7774801
v -0.0360244 -0.0320887 0.7602421
v 0.0032974 0.0635515 0.7818067
v 0.0081569 0.0460285 0.7850411
v -0.1388772 -0.1088701 0.7742946
v -0.1328354 -0.0973496 0.8006699
v -0.1475909 -0.1208282 0.7473710
v -0.1557335 -0.1320442 0.7169831
v -0.1933955 -0.1461979 0.5150609
v -0.2046888 -0.1341778 0.4903450
v -0.1996407 -0.0756415 0.4121631
v -0.1955843 -0.0537923 0.3831732
v -0.1926362 -0.0306045 0.3520930
v -0.1896914 -0.0074012 0.3204637
v -0.1887403 0.0111178 0.2889485
v -0.2741687 0.1227451 1.1288768
v -0.2689416 0.1238181 1.1554886
v -0.2557236 0.1326790 1.1489268
v -0.2623078 0.1315499 1.1233290
v -0.2018112 0.0643825 1.1531738
v -0.2144444 0.0541352 1.1573295
v -0.2177663 0.0565467 1.1360993
v -0.2065553 0.0674539 1.1328863
v -0.2114011 0.0704314 1.1110597
v -0.2053880 0.0823246 1.1083215
v -0.1989008 0.0787149 1.1303975
v -0.2122929 0.1211348 1.1078816
v -0.2220428 0.1311767 1.1113836
v -0.2133248 0.1293551 1.1357974
v -0.2036730 0.1185804 1.1294483
v -0.2486723 0.1364783 1.1185418
v -0.2419500 0.1363656 1.1428026
v -0.2274946 0.1357991 1.1386156
v -0.2346893 0.1366979 1.1142633
v -0.2488547 0.0464408 1.1210202
v -0.2341768 0.0509675 1.1176338
v -0.2312502 0.0480118 1.1402890
v -0.2460557 0.0436996 1.1441672
v -0.2786556 0.0825721 1.2509853
v -0.2783718 0.0846268 1.2290486
v -0.2222695 0.0377501 1.2318542
v -0.2368410 0.0300730 1.2391958
v -0.2397813 0.0316492 1.2349272
v -0.2264085 0.0388821 1.2316455
v -0.2775242 0.0679864 1.1805500
v -0.2760296 0.0665668 1.2026270
v -0.2779350 0.0858197 1.2059963
v -0.2792069 0.0872257 1.1820597
v -0.2431970 0.0402193 1.1667400
v -0.2285828 0.0450029 1.1622313
v -0.2266497 0.0430063 1.1834444
v -0.2413725 0.0367526 1.1875673
v -0.1894630 0.1007334 1.1493974
v -0.1825206 0.0955117 1.1700866
v -0.2556813 0.0363390 1.2226662
v -0.2555395 0.0378911 1.2074592
v -0.1942155 0.0334323 1.1997456
v -0.1676515 0.0841681 1.2028947
v -0.1722072 0.0838774 1.2091764
v -0.1811613 -0.0193342 1.1523632
v -0.1883879 -0.0228817 1.1611884
v -0.1646540 0.0571101 1.1687258
v -0.1682973 0.0624975 1.1804791
v -0.1845521 -0.0095073 1.1574655
v -0.1885857 -0.0147550 1.1620979
v -0.1341568 -0.0442551 1.1122845
v -0.1632284 -0.0787574 1.3432465
v -0.2682246 0.0508007 1.1965802
v -0.2557711 0.0399111 1.1916441
v -0.1823997 0.1111582 1.1961870
v -0.1780821 0.1069796 1.2099710
v -0.1771596 0.0995295 1.2071794
v -0.1796146 0.1025039 1.1918089
v -0.1036396 0.1312288 1.2749235
v -0.0833349 0.1305621 1.2756643
v -0.0903793 0.1336221 1.2566069
v -0.1092450 0.1329145 1.2592676
v -0.2398730 0.1334386 1.2440460
v -0.2505658 0.1286953 1.2417751
v -0.2483174 0.1279302 1.2613194
v -0.2363518 0.1333792 1.2601998
v -0.2613947 0.1187844 1.2604400
v -0.2627276 0.1197172 1.2381750
v -0.2734992 0.1046322 1.2332306
v -0.2731806 0.1033342 1.2566769
v -0.1362676 0.1332115 0.8901850
v -0.1604226 0.1055878 0.8929504
v -0.1416731 0.0288934 1.0023376
v -0.1399018 0.0037974 0.9931294
v -0.1310165 -0.0262322 0.9257522
v -0.0664438 -0.0689964 0.8219033
v -0.0444958 -0.0529893 0.8043456
v -0.0435496 -0.0365429 0.7356038
v -0.1761790 0.0773324 0.8941436
v -0.0589453 -0.0435577 0.7080698
v -0.0756553 -0.0521241 0.6808335
v -0.0986658 0.0188807 0.6620031
v -0.1243319 0.0310640 0.6636385
v -0.1074316 0.0484880 0.6879685
v -0.0788843 0.0358244 0.6877243
v -0.1530505 0.0334691 0.6697143
v -0.1388374 0.0517387 0.6926434
v -0.2263374 -0.1427604 0.6662515
v -0.1853875 0.0205455 0.4679465
v -0.2064155 0.0403632 0.4369213
v -0.2094328 0.0254943 0.4711330
v -0.1847239 0.0360471 0.4353408
v -0.2332133 0.0212591 0.4681710
v -0.2359523 0.0024454 0.4971645
v -0.2603332 -0.0238797 0.3990003
v -0.1850411 0.0481932 0.4008002
v -0.2043997 0.0519346 0.4007543
v -0.2289317 0.0358238 0.4344988
v -0.2232926 0.0490032 0.3980946
v -0.0314652 -0.0311378 0.7878145
v -0.1970472 -0.0127211 0.8545597
v -0.1873034 -0.0044388 0.8778636
v -0.1388212 -0.0461213 0.8838301
v -0.1144900 -0.0609326 0.8668416
v -0.1344014 -0.0254326 1.0505256
v -0.1401447 -0.0007854 1.0557263
v -0.1385623 0.0005764 1.0870926
v -0.1407433 0.0246392 1.0924623
v -0.1420001 0.0253112 1.0773785
v -0.1398492 0.0003196 1.0712483
v -0.1314415 0.0737642 1.1083042
v -0.1184773 0.0967225 1.1187068
v -0.1157156 0.0950623 1.1030481
v -0.1298263 0.0731256 1.0938301
v -0.1163008 0.0935336 1.0887129
v -0.0973600 0.1097190 1.0981010
v -0.0176171 0.1249815 1.1544592
v -0.0367734 0.1286578 1.1455140
v -0.0404784 0.1291209 1.1668738
v -0.0222052 0.1243831 1.1779238
v -0.0793412 -0.0810539 0.8657293
v -0.0316176 -0.0367009 0.7970038
v -0.1260008 -0.0862245 0.8245352
v -0.1510342 -0.0663853 0.8543652
v -0.1795974 -0.0438212 0.8572052
v -0.2033936 0.0619898 1.2067071
v -0.1427410 0.1272265 1.2666721
v -0.1424681 0.1268888 1.2569275
v -0.2629753 0.1211503 1.2145826
v -0.2733145 0.1056984 1.2095815
v -0.2407914 0.0340581 1.2041714
v -0.2748858 0.0601459 1.2597482
v -0.2663801 0.0449425 1.2476173
v -0.2660342 0.0415373 1.2605882
v -0.1495086 -0.0056865 0.9220148
v -0.1700760 0.0146261 0.9146271
v -0.1553059 -0.0137548 0.9081530
v 0.0030710 0.0285095 0.7874258
v -0.0913645 -0.0706271 0.8445457
v -0.0918726 -0.0621549 0.6547466
v -0.1048874 -0.0720594 0.6296099
v -0.1144702 -0.0803736 0.6048421
v -0.1237877 -0.0867497 0.5815095
v -0.1323830 -0.0905496 0.5585990
v -0.1432318 -0.0918669 0.5392374
v -0.1530073 -0.0906335 0.5261242
v -0.1562171 -0.0794493 0.5112300
v -0.1487147 -0.0601325 0.4602884
v -0.1475675 -0.0417518 0.4698477
v -0.1526377 -0.0609461 0.4927098
v -0.1439786 -0.0224221 0.4433073
v -0.1429899 -0.0039567 0.4140257
v -0.1477580 0.0135017 0.3831885
v -0.1524070 0.0296096 0.3505696
v -0.1536729 0.0451432 0.3175603
v -0.0095064 0.0006334 0.7921439
v -0.0033693 0.0139736 0.7904470
v -0.2207389 -0.0031398 1.3287214
v -0.1853731 0.0667639 1.2138984
v -0.1910472 0.0658332 1.2180835
v -0.2411275 0.0322680 1.2170744
v -0.2342373 0.1365928 1.1650555
v -0.2476506 0.1345759 1.1731579
v -0.2260546 0.0410632 1.2020614
v -0.2108696 0.0487150 1.2271315
v -0.2162288 0.0487835 1.2313156
v -0.3196953 0.0918602 0.9363258
v -0.3159373 0.1062450 0.9348192
v -0.3172271 0.1000369 0.9143795
v -0.3195790 0.0863149 0.9159843
v -0.3169647 0.0778895 0.9375557
v -0.3158913 0.0736282 0.9172670
v -0.2556232 0.0627023 0.9298157
v -0.2685260 0.0571268 0.9340990
v -0.2701035 0.0575828 0.9135238
v -0.2580574 0.0639848 0.9094409
v -0.3072874 0.0602446 0.8982259
v -0.2961383 0.0553195 0.8980413
v -0.2962672 0.0570303 0.9179559
v -0.3078438 0.0634671 0.9179380
v -0.2418764 0.0893976 0.9230048
v -0.2443155 0.1037939 0.9226070
v -0.2389209 0.1028158 0.9419243
v -0.2375817 0.0878097 0.9424004
v -0.2534836 0.0599367 1.0170259
v -0.2405505 0.0643582 1.0101062
v -0.2411332 0.0616278 1.0270845
v -0.2542552 0.0586343 1.0334579
v -0.3186236 0.1032769 0.9785739
v -0.3113636 0.1170322 0.9774196
v -0.3140383 0.1119222 0.9559799
v -0.3193802 0.0974122 0.9574231
v -0.2965563 0.0649068 0.9815742
v -0.2815964 0.0599010 0.9806403
v -0.2809764 0.0640159 1.0035921
v -0.2957558 0.0701595 1.0047318
v -0.3158603 0.1098839 1.0003748
v -0.3063245 0.1216575 0.9987562
v -0.2968345 0.0586757 0.9382699
v -0.2824809 0.0558927 0.9371940
v -0.2823343 0.0571025 0.9584489
v -0.2972046 0.0612886 0.9593487
v -0.2530032 0.0896016 0.8850407
v -0.2572769 0.1021038 0.8845928
v -0.2506547 0.1036231 0.9035669
v -0.2471706 0.0900615 0.9038682
v -0.2841536 0.0549145 0.8963517
v -0.2721247 0.0579260 0.8933629
v -0.2830266 0.0554621 0.9164862
v -0.3025383 0.1141006 0.8902672
v -0.3121417 0.1057665 0.8923390
v -0.3098842 0.1122133 0.9127032
v -0.2984072 0.1201821 0.9105451
v -0.2529939 0.0612353 0.9729544
v -0.2666580 0.0584009 0.9777388
v -0.2673496 0.0571579 0.9555540
v -0.2539115 0.0616853 0.9509908
v -0.3176605 0.0872956 0.9803219
v -0.3172844 0.0823636 0.9586225
v -0.2943386 0.1256367 0.9309395
v -0.3069365 0.1180281 0.9333103
v -0.3034393 0.1230420 0.9544117
v -0.2889812 0.1297859 0.9518935
v -0.2662439 0.1322261 0.9684022
v -0.2517918 0.1248093 0.9656566
v -0.2584105 0.1246738 0.9460593
v -0.2729822 0.1304091 0.9486350
v -0.2528937 0.0612353 0.9954727
v -0.2402866 0.0676372 0.9892647
v -0.2342602 0.0851855 0.9625195
v -0.2342561 0.1007037 0.9615929
v -0.2303006 0.0975823 0.9813177
v -0.2315614 0.0813686 0.9832836
v -0.3044221 0.0897858 1.0427209
v -0.3092755 0.1061168 1.0408863
v -0.3137190 0.1011873 1.0243280
v -0.3078032 0.0863980 1.0264043
v -0.3105908 0.1160994 1.0216653
v -0.3045319 0.1209377 1.0389974
v -0.2836775 0.1333069 1.0585333
v -0.2709205 0.1352678 1.0561254
v -0.2746993 0.1342079 1.0453180
v -0.2880574 0.1331410 1.0479356
v -0.2513493 0.1334385 1.0052061
v -0.2385968 0.1217013 1.0038392
v -0.2450596 0.1235924 0.9851457
v -0.2591758 0.1333750 0.9873703
v -0.2266796 0.1048604 1.0176508
v -0.2247231 0.0888107 1.0161534
v -0.2265525 0.0933908 0.9998701
v -0.2301760 0.1086176 1.0013588
v -0.2156554 0.0894844 1.0701459
v -0.2192173 0.0767653 1.0713658
v -0.2211111 0.0786587 1.0563038
v -0.2188595 0.0921627 1.0553211
v -0.2404202 0.0579044 1.0638959
v -0.2389116 0.0562113 1.0781897
v -0.2529859 0.0524286 1.0811933
v -0.2544197 0.0547320 1.0672303
v -0.2961996 0.0948352 1.0868607
v -0.2936643 0.1122824 1.0861827
v -0.2982908 0.1123678 1.0736836
v -0.2992011 0.0954014 1.0740751
v -0.2450066 0.1327585 1.0204066
v -0.2334712 0.1194180 1.0216024
v -0.2409463 0.0588074 1.0522685
v -0.2544848 0.0559064 1.0562795
v -0.2543229 0.0572072 1.0458917
v -0.2410806 0.0597706 1.0407313
v -0.2802005 0.0690937 1.0624589
v -0.2915662 0.0796891 1.0638511
v -0.2918644 0.0791577 1.0544443
v -0.2791806 0.0701651 1.0526122
v -0.3007523 0.0938545 1.0642393
v -0.3017759 0.1114989 1.0635944
v -0.3048720 0.1086733 1.0536299
v -0.3023100 0.0918870 1.0546902
v -0.2414729 0.1327550 1.0309631
v -0.2533067 0.1360114 1.0334517
v -0.2489786 0.1352624 1.0421494
v -0.2379371 0.1311143 1.0400839
v -0.2238209 0.0997692 1.0312466
v -0.2239059 0.0844494 1.0303340
v -0.2791166 0.0706471 1.0408269
v -0.2674296 0.0619218 1.0374942
v -0.2679048 0.0605447 1.0495477
v -0.2992370 0.1236119 1.0514053
v -0.2162431 0.1017215 1.0692215
v -0.2185723 0.1137200 1.0696423
v -0.2134337 0.1109885 1.0847051
v -0.2110678 0.0988064 1.0843622
v -0.2117332 0.0866020 1.0854315
v -0.2163883 0.0741252 1.0876079
v -0.2371800 0.0538250 1.0951148
v -0.2516105 0.0496183 1.0983637
v -0.2666729 0.0513681 1.1016166
v -0.2795743 0.0599151 1.1056187
v -0.2812101 0.0638249 1.0869092
v -0.2680524 0.0548001 1.0839283
v -0.2916817 0.0920713 1.1087951
v -0.2881555 0.1096574 1.1076523
v -0.2851851 0.1243673 1.0844458
v -0.2795089 0.1228265 1.1036528
v -0.2290775 0.0676410 1.0470598
v -0.2285673 0.0664255 1.0596367
v -0.2790622 0.1276543 0.9285054
v -0.2647470 0.1235094 0.9260756
v -0.2710226 0.1206408 0.9063242
v -0.2845326 0.1230281 0.9085738
v -0.2655622 0.1113752 0.8854182
v -0.2593426 0.1140628 0.9046855
v -0.3088356 0.0663510 0.9382177
v -0.3093848 0.0698202 0.9590517
v -0.3157499 0.0692691 0.8977120
v -0.2922504 0.0786752 1.0424239
v -0.2940532 0.0759073 1.0268298
v -0.2576299 0.1357563 1.0540513
v -0.2663944 0.1355225 1.0671305
v -0.2530275 0.1366711 1.0645084
v -0.2603302 0.1368679 1.0234654
v -0.2688616 0.1365227 1.0091364
v -0.2851269 0.1307441 1.0151390
v -0.2764420 0.1334090 1.0318345
v -0.2341254 0.1292751 1.0491708
v -0.2449273 0.1348419 1.0513390
v -0.2403937 0.1343076 1.0615793
v -0.2298780 0.1272210 1.0592574
v -0.2909433 0.0773584 1.0872899
v -0.2918407 0.0793807 1.0736019
v -0.2549028 0.1361139 1.0955771
v -0.2610684 0.1355403 1.0799840
v -0.2737435 0.1314974 1.0818220
v -0.2679844 0.1311129 1.0985333
v -0.2789373 0.1324328 1.0695052
v -0.2414763 0.1369246 1.0930624
v -0.2478619 0.1369826 1.0772221
v -0.2888175 0.0740718 1.1082717
v -0.2249755 0.1255855 1.0719279
v -0.2353865 0.1336559 1.0745291
v -0.2293246 0.1324704 1.0901097
v -0.2194146 0.1230161 1.0872906
v -0.2528460 0.1153994 0.9240333
v -0.2465473 0.1155924 0.9436418
v -0.2299407 0.0725988 1.0198427
v -0.2299743 0.0766864 1.0029536
v -0.2294974 0.0695846 1.0344708
v -0.2454574 0.0744641 0.9254060
v -0.2492888 0.0757720 0.9056835
v -0.2410004 0.0702253 0.9671548
v -0.2426831 0.0723097 0.9458672
v -0.2836119 0.1328847 0.9720461
v -0.2230814 0.1082264 1.0447366
v -0.2213333 0.0952953 1.0429812
v -0.2266385 0.1129512 1.0338432
v -0.2250637 0.0623445 1.0917945
v -0.2273817 0.0649186 1.0743090
v -0.2337101 0.1258528 1.0302003
v -0.2209906 0.0590436 1.1144888
v -0.2925732 0.1304501 1.0359948
v -0.2950088 0.1254290 1.0616082
v -0.2905221 0.1253242 1.0719292
v -0.3183223 0.0936769 0.8942899
v -0.3096309 0.0741408 0.9810966
v -0.2800692 0.0685561 1.0250410
v -0.2667069 0.0620877 1.0218294
v -0.2263776 0.1197982 1.0468241
v -0.2224584 0.1167456 1.0571018
v -0.2200032 0.1046538 1.0558481
v -0.2812235 0.0672938 1.0727052
v -0.2688327 0.0576585 1.0700890
v -0.2542135 0.0763065 0.8866111
v -0.2685983 0.0595471 1.0594264
v -0.3006519 0.1266550 1.0186805
v -0.0717437 0.0393883 1.3929002
v -0.1603653 0.0509633 1.1565292
v -0.1473398 -0.0071921 1.1293468
v -0.1507151 0.0142641 1.1343036
v -0.1761793 0.0662612 1.1999600
v -0.1809449 0.0666846 1.2075364
v -0.2002695 0.0621474 1.2230437
v -0.2055032 0.0610846 1.2292118
v -0.1778038 0.0430332 1.1790735
v -0.2868694 -0.0855470 1.4884967
v -0.2822120 -0.0815923 1.4841803
v -0.2947994 -0.0885266 1.4990078
v -0.0791592 -0.1184298 1.0078600
v -0.2818984 -0.0927705 1.4728257
v -0.2764487 -0.0889662 1.4665375
v -0.2826512 -0.0905643 1.4679406
v -0.2821353 -0.0948317 1.4734149
v -0.2827305 -0.0956975 1.4741618
v -0.2973340 -0.0989987 1.4970623
v -0.2769362 -0.0792723 1.4774556
v -0.2717919 -0.0787412 1.4692406
v -0.2911346 -0.1016003 1.4837595
v 0.0201021 0.1203346 1.0453427
v 0.0416170 0.1073630 1.0444450
v 0.0442547 0.1172135 1.0245142
v 0.0203215 0.1296111 1.0248643
v 0.0461638 0.1271099 1.0043678
v -0.0772780 0.1643827 0.9687755
v -0.1031004 0.1525506 0.9724488
v -0.0982161 0.1468918 0.9938999
v -0.0745261 0.1585985 0.9922076
v -0.1137428 0.1266146 1.0083877
v -0.0927105 0.1413157 1.0112164
v -0.1193976 0.1302291 0.9932558
v -0.1365014 0.1093721 0.9878965
v -0.1305717 0.1065879 1.0027806
v -0.1480405 0.0861857 0.9796995
v -0.1415043 0.0830150 0.9950560
v -0.1533375 0.0616258 0.9708790
v -0.1511743 0.0348928 0.9619084
v -0.1463933 0.0001359 0.9380249
v -0.1304629 -0.0211163 0.9429604
v -0.1428896 0.0059706 0.9531951
v -0.0999320 -0.0635587 0.9251387
v -0.1155201 -0.0448552 0.9325319
v -0.0726773 -0.0927127 0.9182579
v -0.0855769 -0.0797110 0.9207267
v -0.2154329 -0.0189286 1.3047337
v -0.1862871 0.0424482 1.4063729
v -0.1901459 0.0537926 1.3996711
v -0.2087282 0.0433638 1.3909390
v -0.1525257 0.1044600 1.3618648
v -0.1698046 0.0959958 1.3720611
v -0.1481236 0.0905615 1.3794196
v -0.1341073 0.0966382 1.3689762
v -0.1681012 0.0464716 1.4105516
v -0.1670935 0.0385274 1.4147841
v -0.1684196 0.0570801 1.4052272
v -0.1294184 0.0476254 1.4114845
v -0.1483196 0.0544573 1.4091360
v -0.2317418 0.0778835 1.3647394
v -0.2130457 0.0945159 1.3626905
v -0.2220659 0.0984000 1.3538586
v -0.2415555 0.0832209 1.3551742
v -0.1673269 0.1192306 1.3345888
v -0.1555180 0.1218740 1.3236635
v -0.1664535 0.1256696 1.3170825
v -0.1776704 0.1230436 1.3274793
v -0.2644350 0.0955104 1.3134767
v -0.2479645 0.1104709 1.3168330
v -0.2541946 0.1143437 1.2996805
v -0.2685910 0.0991545 1.2958620
v -0.1907212 0.1172766 1.3369764
v -0.0603585 0.1199506 1.2944302
v -0.0808351 0.1265864 1.2933580
v -0.1006995 0.1289429 1.2904781
v -0.1437887 0.1270734 1.2762580
v -0.1341435 0.1282266 1.2809296
v -0.1325482 0.1294065 1.2697154
v -0.1523367 0.1266750 1.2725019
v -0.1615074 0.1258968 1.2662355
v -0.2544344 0.0322105 1.2464734
v -0.2526837 0.0278074 1.2534076
v -0.2647554 0.0377220 1.2723762
v -0.1764472 0.1185120 1.2453301
v -0.1694959 0.1201124 1.2553860
v -0.1688482 0.1164727 1.2500009
v -0.1755535 0.1147002 1.2413204
v -0.2229215 0.0717352 1.3731328
v -0.2387616 0.1239672 1.2978341
v -0.2317827 0.1199994 1.3136945
v -0.2179716 0.1271250 1.3061728
v -0.2256964 0.1302035 1.2914660
v -0.2137331 0.1340316 1.2864991
v -0.2055966 0.1320420 1.2996819
v -0.1947822 0.1341814 1.2924625
v -0.2033380 0.1356867 1.2808248
v -0.1785578 0.1226630 1.2504315
v -0.1711610 0.1237815 1.2608990
v -0.2781675 0.0809125 1.2697831
v -0.2640700 0.0660507 1.3348169
v -0.2659464 0.0443207 1.3187061
v -0.2603884 0.0393628 1.3303970
v -0.2564422 0.0612430 1.3471661
v -0.1957884 0.0731131 1.2171521
v -0.2060798 0.0617271 1.2197330
v -0.1862226 0.0831842 1.2158257
v -0.1699459 0.1094898 1.2401099
v -0.1800286 0.0921163 1.2167811
v -0.2407922 0.0315962 1.2271986
v -0.2553686 0.0349349 1.2361027
v -0.2581999 0.0291947 1.2973151
v -0.2540766 0.0245365 1.3083094
v -0.2716612 0.1018411 1.2769743
v -0.2587005 0.1171904 1.2802489
v -0.1814455 0.1192287 1.2329464
v -0.1792780 0.1149297 1.2289717
v -0.1829674 0.1172550 1.2174842
v -0.1589878 0.1176997 1.2445983
v -0.1688761 0.1128617 1.2447865
v -0.2504679 0.0875647 1.3437131
v -0.2437460 0.1268315 1.2799452
v -0.2309780 0.1324684 1.2756729
v -0.1967245 0.1296058 1.3106046
v -0.2089946 0.1240283 1.3187364
v -0.1999949 0.1209122 1.3287972
v -0.1874833 0.1266856 1.3196525
v -0.2107462 0.1371015 1.2671816
v -0.2024738 0.1359816 1.2593662
v -0.1766778 0.1291604 1.3101443
v -0.1859697 0.1320054 1.3021080
v -0.1840875 0.1240217 1.2381162
v -0.2486296 0.0202741 1.3176437
v -0.2411696 0.0086383 1.2943008
v -0.2347144 0.0018730 1.3008900
v -0.2492478 0.0187596 1.2737701
v -0.2457598 0.0138206 1.2849917
v -0.2512592 0.0233141 1.2616263
v -0.2261804 -0.0077096 1.3028615
v -0.2301630 0.1231315 1.0375102
v -0.1804979 0.1127125 1.2134960
v -0.1852585 0.1167393 1.2021086
v -0.1872206 0.1203450 1.2080423
v -0.2189659 0.1341314 1.1624521
v -0.2047524 -0.2039855 1.4038700
v -0.2066900 -0.2081100 1.4084196
v -0.2137742 -0.2149696 1.4262024
v -0.2150524 -0.2153050 1.4296698
v -0.2614572 0.1346191 1.0444282
v -0.2635881 0.1347244 1.0365243
v -0.2765394 0.1348237 0.9915428
v -0.2985601 0.1265552 0.9755841
v -0.2923925 0.1291751 0.9959601
v -0.3169260 0.0939880 1.0028421
v -0.3091359 0.0797915 1.0047649
v -0.2663982 0.0604670 1.0003820
v -0.2351207 0.1116962 0.9828785
v -0.3224156 0.0684355 0.8582539
v -0.3224630 0.0806011 0.8556920
v -0.3252416 0.0735032 0.8363325
v -0.3234367 0.0616193 0.8391074
v -0.3253269 0.0551053 0.8204624
v -0.3177045 0.0472375 0.8217975
v -0.3170026 0.0523672 0.8401673
v -0.3078094 0.0452451 0.8222407
v -0.3072568 0.0486739 0.8403719
v -0.2977504 0.0474404 0.8218416
v -0.2895886 0.0518214 0.8197257
v -0.2880295 0.0527217 0.8378366
v -0.2971604 0.0492321 0.8398597
v -0.2772386 0.0580069 0.8542159
v -0.2797674 0.0581652 0.8348930
v -0.2728725 0.0657445 0.8319450
v -0.2690534 0.0655586 0.8510545
v -0.2763070 0.0842444 0.8097809
v -0.2815722 0.0916460 0.8089890
v -0.2757653 0.0949104 0.8272632
v -0.2701422 0.0862623 0.8279319
v -0.2894360 0.1070315 0.8475007
v -0.2784367 0.1041227 0.8467958
v -0.2847398 0.1002421 0.8274176
v -0.2953954 0.1029184 0.8280706
v -0.3008080 0.1000526 0.8099027
v -0.3112437 0.0968355 0.8108656
v -0.3058128 0.1014572 0.8292286
v -0.3196527 0.0811065 0.8961616
v -0.3209625 0.0751875 0.8770642
v -0.3159365 0.0638942 0.8785974
v -0.2966740 0.0512340 0.8587779
v -0.2962287 0.0532939 0.8782244
v -0.3070258 0.0563827 0.8789464
v -0.3071774 0.0523331 0.8596455
v -0.2611774 0.0649598 0.8895979
v -0.2745840 0.0582147 0.8737576
v -0.2651008 0.0654236 0.8704040
v -0.2866887 0.0534969 0.8568527
v -0.2852454 0.0543112 0.8763573
v -0.2641767 0.0762605 0.8486445
v -0.2694286 0.0757460 0.8296658
v -0.3181317 0.0919717 0.8529883
v -0.3105739 0.1011597 0.8506404
v -0.3150562 0.0947385 0.8307931
v -0.3219587 0.0851242 0.8333786
v -0.2596195 0.0762835 0.8676934
v -0.3064587 0.1076943 0.8701747
v -0.3148275 0.0988669 0.8725055
v -0.3003797 0.1065350 0.8488018
v -0.2952364 0.1118224 0.8682956
v -0.3254780 0.0787613 0.8149594
v -0.3281777 0.0667375 0.8176555
v -0.3202746 0.0873299 0.8748652
v -0.2642135 0.0875581 0.8471247
v -0.2696984 0.0975622 0.8465176
v -0.2634895 0.0999014 0.8656432
v -0.2588178 0.0886871 0.8661021
v -0.2769814 0.1164319 0.8867605
v -0.2719869 0.1076879 0.8661887
v -0.2830054 0.1116463 0.8671143
v -0.2900583 0.0969478 0.8094425
v -0.2901424 0.1175432 0.8881702
v -0.3078624 0.0348964 0.7364924
v -0.3043345 0.0335041 0.7458493
v -0.3085043 0.0230367 0.7430823
v -0.3121125 0.0252691 0.7339836
v -0.3011708 0.0156686 0.7633456
v -0.3067853 0.0124155 0.7735409
v -0.3131835 0.0037154 0.7661308
v -0.3084655 0.0065735 0.7575441
v -0.3183087 0.0180700 0.7329071
v -0.3136135 0.0151471 0.7409855
v -0.3245976 0.0150608 0.7358004
v -0.3306849 0.0202569 0.7272561
v -0.3233008 0.0200893 0.7254059
v -0.3346738 0.0221055 0.7191508
v -0.3374112 0.0282908 0.7331091
v -0.3396427 0.0303466 0.7204438
v -0.3342212 0.0565948 0.7332236
v -0.3288924 0.0666695 0.7332389
v -0.3306019 0.0643261 0.7187055
v -0.3356661 0.0533966 0.7190263
v -0.3156982 0.0801155 0.7221715
v -0.3235655 0.0723718 0.7193599
v -0.3230467 0.0742397 0.7341585
v -0.3162690 0.0812937 0.7358927
v -0.3017467 0.0500722 0.7392623
v -0.2979197 0.0508319 0.7486754
v -0.3009873 0.0441231 0.7479955
v -0.3045057 0.0441701 0.7387554
v -0.3308149 0.0076937 0.7416641
v -0.3335357 0.0185920 0.7441778
v -0.3312151 0.0174841 0.7377886
v -0.3277032 0.0070523 0.7393054
v -0.2800833 0.0613909 0.7687200
v -0.2806581 0.0629495 0.7807715
v -0.2852252 0.0553876 0.7825993
v -0.2844638 0.0552838 0.7712761
v -0.2975062 0.0294372 0.7846804
v -0.2952434 0.0383643 0.7882654
v -0.3071405 0.0354666 0.7969699
v -0.3102004 0.0290151 0.7910993
v -0.3013365 0.0209325 0.7798577
v -0.3135316 0.0220335 0.7860731
v -0.3172553 0.0143091 0.7785995
v -0.3218380 0.0050436 0.7697970
v -0.2777289 0.0732623 0.7793513
v -0.2758564 0.0738705 0.7702959
v -0.3357752 0.0154943 0.6684754
v -0.3318970 0.0193260 0.6665054
v -0.3311605 0.0197407 0.6721367
v -0.3352171 0.0159572 0.6741728
v -0.2880221 0.0909420 0.7703854
v -0.2979432 0.0933537 0.7700850
v -0.2957319 0.0937493 0.7768319
v -0.2864712 0.0894216 0.7773155
v -0.2892641 0.0926075 0.7613005
v -0.3004638 0.0928548 0.7612464
v -0.3476368 0.0209418 0.6674251
v -0.3450337 0.0164826 0.6688632
v -0.3447407 0.0180833 0.6745806
v -0.3471422 0.0228634 0.6732262
v -0.3156862 0.0254095 0.7254776
v -0.3110252 0.0341309 0.7274310
v -0.3192984 0.0260049 0.7067305
v -0.3141952 0.0321079 0.7169015
v -0.3196703 0.0237078 0.7175907
v -0.3236652 0.0215162 0.7097281
v -0.3040988 0.0515711 0.7194774
v -0.3020352 0.0529058 0.7297346
v -0.3064567 0.0457458 0.7276393
v -0.3082648 0.0443101 0.7170357
v -0.2924813 0.0624383 0.7293689
v -0.2947601 0.0619799 0.7195619
v -0.2894614 0.0670329 0.7192550
v -0.2876797 0.0668050 0.7279650
v -0.3034556 0.0558788 0.7005544
v -0.3074839 0.0564866 0.6914829
v -0.3042959 0.0617982 0.6916975
v -0.2997657 0.0607310 0.7004919
v -0.2942736 0.0945562 0.7836671
v -0.2855365 0.0892612 0.7847931
v -0.2988891 0.0922637 0.7258986
v -0.2889352 0.0936545 0.7282442
v -0.2869632 0.0946882 0.7182095
v -0.2973751 0.0929620 0.7159276
v -0.3084421 0.0909651 0.7697577
v -0.3068114 0.0925733 0.7769999
v -0.3472587 0.0264836 0.6653393
v -0.3468547 0.0284645 0.6711896
v -0.3253594 0.0215244 0.7775031
v -0.3291130 0.0108440 0.7683061
v -0.3222638 0.0297815 0.7852521
v -0.3202848 0.0352750 0.7910152
v -0.3194621 0.0390602 0.7980307
v -0.3131893 0.0359502 0.7105585
v -0.3072047 0.0419734 0.7314242
v -0.2986530 0.0540609 0.7397222
v -0.2770967 0.0763663 0.7360546
v -0.2759964 0.0770789 0.7436325
v -0.2806948 0.0680271 0.7425284
v -0.2814665 0.0699588 0.7354896
v -0.2800425 0.0898784 0.7289698
v -0.2775262 0.0829996 0.7278321
v -0.2778858 0.0834081 0.7190225
v -0.2793144 0.0905085 0.7193908
v -0.3346804 0.0060759 0.7449697
v -0.3346242 0.0164269 0.7511924
v -0.2796765 0.0845542 0.7703804
v -0.2799692 0.0825807 0.7782824
v -0.2807097 0.0819383 0.7861796
v -0.2902910 0.0533807 0.7599471
v -0.2870409 0.0509801 0.7727741
v -0.2892470 0.0444334 0.7731151
v -0.2928022 0.0489340 0.7597171
v -0.2984192 0.0303825 0.7559834
v -0.2953291 0.0261299 0.7683485
v -0.3035605 0.0196320 0.7521934
v -0.2891059 0.0482766 0.7850809
v -0.2859934 0.0564504 0.7921705
v -0.2910223 0.0488616 0.7947283
v -0.2818844 0.0650311 0.7896427
v -0.2797285 0.0739357 0.7876144
v -0.2850785 0.0573913 0.8021981
v -0.2906479 0.0504149 0.8051321
v -0.2810379 0.0663135 0.7994651
v -0.2792197 0.0750901 0.7972080
v -0.3050437 0.0979435 0.7956598
v -0.2934419 0.0958821 0.7949514
v -0.3057576 0.0949982 0.7849597
v -0.3083148 0.0410144 0.8075477
v -0.2981262 0.0417337 0.7969061
v -0.2983655 0.0449016 0.8068729
v -0.3191476 0.0429117 0.8074870
v -0.3136643 0.0000536 0.7535809
v -0.3175890 -0.0058199 0.7493068
v -0.3179408 -0.0011772 0.7433567
v -0.3148942 0.0049370 0.7465821
v -0.3371556 0.0231225 0.7108273
v -0.3305712 0.0200713 0.7107392
v -0.3272524 0.0202952 0.7184507
v -0.2788162 0.0650261 0.7588695
v -0.2748929 0.0759142 0.7605712
v -0.3175792 0.0307701 0.7027753
v -0.3461097 0.0245762 0.6803413
v -0.3435949 0.0194605 0.6815290
v -0.3410030 0.0214388 0.6938511
v -0.3443127 0.0269996 0.6922965
v -0.3219369 0.0350127 0.6929679
v -0.3215100 0.0290985 0.6965289
v -0.3239181 0.0276456 0.6887232
v -0.3257071 0.0333330 0.6857052
v -0.2983194 0.0666742 0.6939107
v -0.2945805 0.0660266 0.7009572
v -0.3334436 0.0487137 0.7049108
v -0.3409443 0.0400653 0.7090439
v -0.3400762 0.0420852 0.7207599
v -0.2994961 0.0573215 0.7198145
v -0.3011484 0.0564071 0.7100150
v -0.2969921 0.0611911 0.7097251
v -0.3131925 0.0381099 0.7065777
v -0.3165048 0.0357425 0.7005704
v -0.3129659 0.0415931 0.7016048
v -0.3098156 0.0431797 0.7091351
v -0.2902758 0.0936919 0.7399422
v -0.2787215 0.0887054 0.7403011
v -0.3406691 0.0146367 0.6693071
v -0.3403785 0.0155119 0.6749317
v -0.2846974 0.0898321 0.7950711
v -0.2801398 0.0826913 0.7956957
v -0.2975855 0.0578285 0.7301384
v -0.3376598 0.0441666 0.7339900
v -0.2946319 0.0577704 0.7399212
v -0.3056918 0.0814674 0.7024002
v -0.2976080 0.0820494 0.7012791
v -0.3002535 0.0788707 0.6945536
v -0.3069116 0.0806630 0.6949011
v -0.3299675 0.0318541 0.6749730
v -0.3280605 0.0259665 0.6769552
v -0.3302403 0.0254801 0.6698546
v -0.3321902 0.0309539 0.6682121
v -0.3230656 0.0245201 0.7000446
v -0.3269936 0.0207395 0.7026429
v -0.3296913 0.0193291 0.6937372
v -0.3254239 0.0227042 0.6915741
v -0.3331510 0.0201571 0.7032546
v -0.3356931 0.0188923 0.6943774
v -0.3351053 0.0359942 0.6741466
v -0.3416597 0.0353778 0.6757844
v -0.3388097 0.0383206 0.6870511
v -0.3316721 0.0377858 0.6846017
v -0.3163191 0.0824496 0.7489863
v -0.3092814 0.0883555 0.7496364
v -0.3083137 0.0876286 0.7367187
v -0.3070305 0.0870135 0.7237986
v -0.3043226 0.0848793 0.7118371
v -0.3155836 0.0790076 0.7096630
v -0.3009003 0.0920946 0.7380599
v -0.3268435 0.0448464 0.6937989
v -0.3343078 0.0417097 0.6960265
v -0.3305359 0.0494142 0.6951013
v -0.2885269 0.0629521 0.7393123
v -0.3390512 0.0166469 0.6818700
v -0.3304565 0.0550577 0.7843217
v -0.3293353 0.0675972 0.7812057
v -0.3297890 0.0659105 0.7712128
v -0.3310567 0.0516927 0.7760291
v -0.3291814 0.0205841 0.6792659
v -0.3332461 0.0168019 0.6810039
v -0.2909977 0.0720989 0.7000573
v -0.2953646 0.0717742 0.6942147
v -0.2951212 0.0763797 0.6934759
v -0.2911151 0.0783215 0.6979079
v -0.3018201 0.0923923 0.7503630
v -0.2852509 0.0950962 0.7106206
v -0.2957416 0.0947329 0.7093020
v -0.3094291 0.0896989 0.7610682
v -0.3169575 0.0838721 0.7608562
v -0.3173635 0.0849930 0.7702282
v -0.3223146 0.0684099 0.7039813
v -0.3223503 0.0760157 0.7479417
v -0.3225114 0.0773364 0.7604042
v -0.3234332 0.0775129 0.7710173
v -0.3236642 0.0786292 0.7794657
v -0.3170591 0.0866406 0.7781239
v -0.3458486 0.0305834 0.6781527
v -0.3429740 0.0332029 0.6689586
v -0.3161813 0.0891222 0.7870908
v -0.3150846 0.0929753 0.7975077
v -0.3221460 0.0843876 0.7991282
v -0.3232138 0.0808071 0.7884072
v -0.3274603 0.0695012 0.7600656
v -0.3316343 0.0609113 0.7603900
v -0.3276613 0.0687055 0.7472171
v -0.3324952 0.0592001 0.7468208
v -0.3313437 0.0613568 0.7053984
v -0.3398150 0.0300009 0.6537832
v -0.3382909 0.0321497 0.6618805
v -0.3334378 0.0301066 0.6621284
v -0.3354408 0.0286742 0.6538193
v -0.3369780 0.0339973 0.6678014
v -0.3437449 0.0311436 0.6631266
v -0.3357927 0.0463420 0.7477091
v -0.3177414 0.0415325 0.6941995
v -0.3326731 0.0452281 0.7636289
v -0.3374363 0.0314662 0.7461228
v -0.3351658 0.0292672 0.7573140
v -0.3287176 0.0392209 0.7815601
v -0.3304602 0.0316866 0.7737089
v -0.3269742 0.0472124 0.7959228
v -0.3274957 0.0437340 0.7885291
v -0.3268435 0.0505512 0.8060046
v -0.3333555 0.0201206 0.7646226
v -0.3359269 0.0146011 0.6605499
v -0.3324153 0.0188937 0.6585756
v -0.3299220 0.0581142 0.7925588
v -0.3294281 0.0616729 0.8029040
v -0.3096232 0.0111279 0.7486464
v -0.2866259 0.0611347 0.7491156
v -0.2916176 0.0575718 0.7493429
v -0.2752297 0.0770480 0.7512964
v -0.2797617 0.0665134 0.7497725
v -0.3277911 0.0737867 0.8006465
v -0.2825007 0.0578447 0.8164634
v -0.2776297 0.0663022 0.8138730
v -0.3192521 0.0889828 0.8126021
v -0.3407722 0.0132250 0.6610908
v -0.3123887 0.0608214 0.6883292
v -0.3113804 0.0637448 0.6891239
v -0.3178493 -0.0029745 0.7603396
v -0.3217219 -0.0082475 0.7539433
v -0.3333029 -0.0043781 0.7534598
v -0.3275313 -0.0076733 0.7549011
v -0.3252517 -0.0023495 0.7627097
v -0.3317777 0.0023513 0.7611316
v -0.2876417 0.0564149 0.7595174
v -0.2839636 0.0599931 0.7585460
v -0.2902345 0.0934504 0.7511061
v -0.2792890 0.0887457 0.7512150
v -0.3390133 0.0230210 0.7030303
v -0.3409125 0.0302885 0.7102839
v -0.3422542 0.0292592 0.7018697
v -0.3437259 0.0338135 0.6901788
v -0.3237042 0.0420997 0.6921032
v -0.3278194 0.0392377 0.6912495
v -0.2914372 0.0360370 0.7714269
v -0.2953548 0.0411423 0.7584406
v -0.3184609 0.0098409 0.7410121
v -0.3223038 0.0049015 0.7396355
v -0.3055015 0.0501127 0.7104125
v -0.3249757 0.0638771 0.6928164
v -0.3314804 0.0586503 0.6952321
v -0.3079602 0.0489773 0.7020064
v -0.3478406 0.0188591 0.6589822
v -0.3450258 0.0145746 0.6603811
v -0.3417614 0.0369975 0.6997709
v -0.2915435 0.0666206 0.7097552
v -0.3175640 0.0689166 0.6954722
v -0.3186685 0.0636744 0.6897709
v -0.2795150 0.0906247 0.7128274
v -0.3286125 0.0702465 0.7899595
v -0.3307802 0.0251365 0.6639867
v -0.3317346 0.0245320 0.6559769
v -0.3441944 0.0287593 0.6551971
v -0.3475803 0.0245284 0.6573156
v -0.2794748 0.0871338 0.7611393
v -0.2951431 0.0545047 0.7491494
v -0.2755221 0.0756190 0.8114508
v -0.3354680 0.0097511 0.7573192
v -0.3363427 0.0011153 0.7495952
v -0.3110449 0.0486489 0.6941174
v -0.2986235 0.0878610 0.7059474
v -0.3150087 0.0784585 0.7007925
v -0.3150284 0.0785795 0.6939539
v -0.3176652 0.0715458 0.6912821
v -0.3149981 0.0672355 0.6882427
v -0.3447855 0.0273224 0.6488193
v -0.3480186 0.0230311 0.6506526
v -0.3484617 0.0174663 0.6519692
v -0.3454820 0.0135443 0.6537162
v -0.3411532 0.0126695 0.6550020
v -0.3407619 0.0284287 0.6476094
v -0.3365091 0.0272154 0.6480370
v -0.3329620 0.0234451 0.6503904
v -0.3409954 0.0271496 0.6423013
v -0.3451949 0.0257187 0.6422770
v -0.3485683 0.0136404 0.6394194
v -0.3490849 0.0162164 0.6447257
v -0.3490700 0.0178345 0.6411440
v -0.3492890 0.0165741 0.6376745
v -0.3492575 0.0158086 0.6333609
v -0.3478231 0.0129604 0.6345880
v -0.3484735 0.0210471 0.6412785
v -0.3487243 0.0205416 0.6369536
v -0.3461373 0.0235832 0.6362717
v -0.3462851 0.0230313 0.6318928
v -0.3488449 0.0199836 0.6323455
v -0.3465831 0.0235634 0.6400184
v -0.3485043 0.0217674 0.6449960
v -0.3471367 0.0140182 0.6301985
v -0.3489810 0.0158158 0.6302239
v -0.3484865 0.0190097 0.6284704
v -0.3460683 0.0177136 0.6271870
v -0.3459418 0.0127608 0.6478749
v -0.3456776 0.0118311 0.6412060
v -0.3448696 0.0117820 0.6353877
v -0.3441192 0.0132227 0.6306669
v -0.3418785 0.0116351 0.6415005
v -0.3416553 0.0123597 0.6355294
v -0.3411907 0.0138367 0.6315681
v -0.3381613 0.0133516 0.6406321
v -0.3389378 0.0139827 0.6350029
v -0.3373178 0.0136488 0.6490914
v -0.3416813 0.0120633 0.6493463
v -0.3395043 0.0147574 0.6322411
v -0.3430223 0.0170099 0.6278218
v -0.3436801 0.0254149 0.6366027
v -0.3436313 0.0243051 0.6316321
v -0.3407954 0.0258379 0.6366216
v -0.3408683 0.0242685 0.6315777
v -0.3443668 0.0222128 0.6277065
v -0.3466771 0.0221168 0.6285551
v -0.3363817 0.0142164 0.6549119
v -0.3333262 0.0186334 0.6529271
v -0.3341205 0.0177997 0.6472682
v -0.3349908 0.0170912 0.6392950
v -0.3339566 0.0225613 0.6452522
v -0.3370691 0.0260009 0.6429204
v -0.3377769 0.0247392 0.6371275
v -0.3351917 0.0218654 0.6381785
v -0.3383794 0.0230037 0.6322169
v -0.3368534 0.0205656 0.6330303
v -0.3371674 0.0169570 0.6338584
v -0.3393196 0.0204844 0.6293410
v -0.3416836 0.0214789 0.6280597
v -0.3405624 0.0169108 0.6293063
v -0.3382092 0.0194148 0.6307859
v -0.3388596 0.0169374 0.6312167
v -0.3230501 0.0449349 0.6543560
v -0.3193853 0.0487772 0.6534387
v -0.3193640 0.0490455 0.6609035
v -0.3229375 0.0452072 0.6617305
v -0.3351502 0.0483792 0.6555556
v -0.3314713 0.0439245 0.6554766
v -0.3318277 0.0446495 0.6624122
v -0.3353189 0.0493448 0.6624312
v -0.3343647 0.0547208 0.6552073
v -0.3343167 0.0559680 0.6619503
v -0.3347413 0.0498146 0.6705128
v -0.3311861 0.0450711 0.6704348
v -0.3281514 0.0455208 0.6842517
v -0.3323928 0.0497700 0.6845310
v -0.3121116 0.0545521 0.6824974
v -0.3145173 0.0593543 0.6809224
v -0.3270977 0.0431328 0.6548798
v -0.3271659 0.0435958 0.6620754
v -0.3178614 0.0585802 0.6675363
v -0.3162073 0.0537779 0.6682522
v -0.3178845 0.0536878 0.6599341
v -0.3191420 0.0582493 0.6592037
v -0.3189047 0.0444416 0.6847982
v -0.3143145 0.0488493 0.6841613
v -0.3237020 0.0439619 0.6843317
v -0.3221516 0.0620915 0.6674295
v -0.3282662 0.0618902 0.6683025
v -0.3270427 0.0626897 0.6821010
v -0.3202596 0.0628994 0.6806451
v -0.3263307 0.0437696 0.6703339
v -0.3178080 0.0487931 0.6694793
v -0.3215999 0.0448979 0.6701321
v -0.3337524 0.0567717 0.6699599
v -0.3285894 0.0608315 0.6603500
v -0.3251329 0.0586580 0.6430843
v -0.3238482 0.0599826 0.6523873
v -0.3195986 0.0579743 0.6519835
v -0.3210175 0.0572036 0.6422512
v -0.3229597 0.0608995 0.6592892
v -0.3292622 0.0594824 0.6536228
v -0.3231838 0.0442825 0.6437207
v -0.3198884 0.0484559 0.6427909
v -0.3270929 0.0423569 0.6445073
v -0.3329497 0.0577214 0.6839329
v -0.3349073 0.0471754 0.6457263
v -0.3310735 0.0431740 0.6452745
v -0.3179587 0.0535167 0.6524700
v -0.3187651 0.0532303 0.6423825
v -0.3301120 0.0579167 0.6443388
v -0.3345584 0.0533354 0.6458360
v -0.3302430 0.0566980 0.6366320
v -0.3342391 0.0523735 0.6377085
v -0.3347879 0.0465893 0.6376390
v -0.3310829 0.0428830 0.6379277
v -0.3272415 0.0423910 0.6379125
v -0.3259101 0.0577125 0.6358035
v -0.3221469 0.0565633 0.6356399
v -0.3196517 0.0530015 0.6363162
v -0.3261812 0.0571961 0.6286975
v -0.3303978 0.0562343 0.6284486
v -0.3336326 0.0448913 0.6177479
v -0.3342970 0.0449007 0.6235298
v -0.3347640 0.0480194 0.6223791
v -0.3352141 0.0476554 0.6172913
v -0.3349051 0.0465926 0.6295138
v -0.3347286 0.0489159 0.6260182
v -0.3338442 0.0520001 0.6260769
v -0.3342675 0.0521398 0.6216934
v -0.3313722 0.0549711 0.6214316
v -0.3317520 0.0551200 0.6165058
v -0.3349916 0.0521598 0.6164265
v -0.3317649 0.0546073 0.6254238
v -0.3351134 0.0481046 0.6133451
v -0.3329326 0.0468593 0.6128782
v -0.3341296 0.0521454 0.6305621
v -0.3315205 0.0429391 0.6315611
v -0.3313180 0.0428106 0.6245985
v -0.3305228 0.0437633 0.6181727
v -0.3296249 0.0462242 0.6131977
v -0.3274172 0.0425879 0.6246324
v -0.3272341 0.0439012 0.6181627
v -0.3270359 0.0463677 0.6140185
v -0.3235664 0.0443195 0.6241946
v -0.3244497 0.0454940 0.6178423
v -0.3235511 0.0442904 0.6324746
v -0.3274679 0.0424441 0.6324468
v -0.3253173 0.0469060 0.6149489
v -0.3323234 0.0509782 0.6100962
v -0.3290798 0.0501170 0.6106651
v -0.3353485 0.0518386 0.6113465
v -0.3288745 0.0559236 0.6218220
v -0.3290624 0.0557445 0.6164958
v -0.3263403 0.0568266 0.6220153
v -0.3267566 0.0562727 0.6162094
v -0.3303868 0.0548382 0.6117968
v -0.3325876 0.0548191 0.6125368
v -0.3235152 0.0442975 0.6376534
v -0.3204988 0.0483185 0.6370305
v -0.3203469 0.0481763 0.6317950
v -0.3205822 0.0482986 0.6235097
v -0.3198697 0.0527964 0.6312276
v -0.3226051 0.0561716 0.6295329
v -0.3232324 0.0558014 0.6224857
v -0.3206486 0.0528103 0.6231099
v -0.3242226 0.0549996 0.6166957
v -0.3220690 0.0524782 0.6173068
v -0.3221922 0.0487527 0.6176031
v -0.3252607 0.0530791 0.6129731
v -0.3277261 0.0543779 0.6117831
v -0.3262502 0.0495051 0.6122829
v -0.3235910 0.0517123 0.6143436
v -0.3242289 0.0491877 0.6143104
v -0.3067442 0.0681449 0.6595013
v -0.3019218 0.0706249 0.6598990
v -0.3025007 0.0705310 0.6661284
v -0.3071401 0.0678184 0.6654718
v -0.3162955 0.0741582 0.6598556
v -0.3148758 0.0708497 0.6593001
v -0.3155126 0.0701311 0.6656297
v -0.3174320 0.0737272 0.6668699
v -0.3148941 0.0791263 0.6602872
v -0.3155649 0.0791803 0.6677414
v -0.3179512 0.0732093 0.6737113
v -0.3155490 0.0690778 0.6720847
v -0.3145454 0.0679890 0.6823480
v -0.3177500 0.0724326 0.6840195
v -0.3114093 0.0687105 0.6590507
v -0.3117749 0.0680735 0.6651796
v -0.2992523 0.0772546 0.6738567
v -0.2990927 0.0734197 0.6736368
v -0.2999188 0.0743868 0.6664905
v -0.3003402 0.0779838 0.6667066
v -0.3050567 0.0653720 0.6842848
v -0.3003588 0.0681659 0.6856370
v -0.3099706 0.0656189 0.6827422
v -0.3031459 0.0810588 0.6740354
v -0.3096183 0.0826784 0.6747989
v -0.3082901 0.0815136 0.6859542
v -0.3017867 0.0793467 0.6857841
v -0.3114214 0.0669207 0.6714966
v -0.3014621 0.0692165 0.6730638
v -0.3064864 0.0666093 0.6721526
v -0.3156859 0.0790734 0.6750622
v -0.3097292 0.0826540 0.6677050
v -0.3045998 0.0821144 0.6497775
v -0.3038961 0.0819453 0.6603350
v -0.2999669 0.0787422 0.6601566
v -0.3007544 0.0797097 0.6496419
v -0.3036053 0.0816761 0.6670350
v -0.3097725 0.0826017 0.6603602
v -0.3060801 0.0687749 0.6498432
v -0.3015558 0.0713677 0.6501093
v -0.3103892 0.0692478 0.6494935
v -0.3154424 0.0787805 0.6855706
v -0.2972545 0.0759671 0.6858900
v -0.3152353 0.0741282 0.6495759
v -0.3137691 0.0711117 0.6493656
v -0.2991908 0.0747804 0.6602327
v -0.2993593 0.0757155 0.6501211
v -0.3097810 0.0823819 0.6499400
v -0.3144547 0.0789444 0.6501234
v -0.3096513 0.0824023 0.6428801
v -0.3139553 0.0788571 0.6429507
v -0.3151102 0.0742447 0.6422448
v -0.3131267 0.0711608 0.6424541
v -0.3096970 0.0696733 0.6431221
v -0.3047665 0.0822414 0.6425556
v -0.3015834 0.0799961 0.6428638
v -0.2999661 0.0761551 0.6441239
v -0.3046367 0.0823864 0.6373478
v -0.3093816 0.0821541 0.6365746
v -0.3138437 0.0734126 0.6242753
v -0.3142273 0.0731304 0.6293243
v -0.3139254 0.0754653 0.6290189
v -0.3143107 0.0757200 0.6243955
v -0.3148524 0.0744637 0.6353876
v -0.3142712 0.0760784 0.6326698
v -0.3133090 0.0789925 0.6335272
v -0.3134034 0.0792697 0.6291922
v -0.3097888 0.0814611 0.6302118
v -0.3098803 0.0817233 0.6256863
v -0.3134203 0.0794189 0.6245526
v -0.3108770 0.0812264 0.6336130
v -0.3141472 0.0763565 0.6212935
v -0.3131513 0.0748877 0.6204639
v -0.3135807 0.0789242 0.6372696
v -0.3127447 0.0709686 0.6366807
v -0.3122845 0.0707071 0.6304121
v -0.3116524 0.0714944 0.6246354
v -0.3105039 0.0733663 0.6210106
v -0.3088689 0.0698138 0.6314421
v -0.3084454 0.0706388 0.6257161
v -0.3076168 0.0724787 0.6225006
v -0.3052388 0.0703533 0.6324274
v -0.3054548 0.0713287 0.6266515
v -0.3055430 0.0701900 0.6390386
v -0.3092436 0.0697444 0.6379377
v -0.3058019 0.0725524 0.6239498
v -0.3111964 0.0783486 0.6194521
v -0.3081617 0.0769762 0.6198729
v -0.3132319 0.0794050 0.6207595
v -0.3073680 0.0823761 0.6311390
v -0.3073134 0.0821950 0.6262035
v -0.3043745 0.0819183 0.6317313
v -0.3047812 0.0815536 0.6263682
v -0.3085272 0.0813272 0.6220637
v -0.3104832 0.0814396 0.6224031
v -0.3057842 0.0697505 0.6439638
v -0.3019997 0.0721421 0.6445821
v -0.3020908 0.0724524 0.6396906
v -0.3018758 0.0728095 0.6326775
v -0.3001920 0.0762417 0.6394383
v -0.3017280 0.0798991 0.6380321
v -0.3018728 0.0799723 0.6322059
v -0.3004519 0.0766923 0.6327689
v -0.3026044 0.0798108 0.6268320
v -0.3013839 0.0770637 0.6271259
v -0.3026729 0.0736231 0.6269103
v -0.3039545 0.0786154 0.6231542
v -0.3059866 0.0803160 0.6223050
v -0.3057701 0.0756025 0.6215909
v -0.3027690 0.0769659 0.6243134
v -0.3041453 0.0745229 0.6236882
v -0.2977312 0.0722360 0.6862492
v -0.2843621 0.0918379 0.6779017
v -0.2807790 0.0930811 0.6793148
v -0.2818887 0.0916622 0.6837745
v -0.2853024 0.0904796 0.6825415
v -0.2924317 0.0987456 0.6775038
v -0.2914484 0.0948440 0.6766122
v -0.2927904 0.0931042 0.6816012
v -0.2941366 0.0972780 0.6827272
v -0.2893934 0.1028927 0.6793501
v -0.2909561 0.1017009 0.6846945
v -0.2952705 0.0947628 0.6886270
v -0.2938291 0.0904256 0.6871809
v -0.2948694 0.0866100 0.6962336
v -0.2970725 0.0909408 0.6985202
v -0.2797225 0.0906831 0.7075208
v -0.2798722 0.0860883 0.7067129
v -0.2796323 0.0884615 0.6994187
v -0.2788312 0.0924528 0.7009735
v -0.2882111 0.0925846 0.6768141
v -0.2893118 0.0908095 0.6816295
v -0.2782648 0.0955472 0.6913616
v -0.2792011 0.0918112 0.6898926
v -0.2791557 0.0941183 0.6850127
v -0.2780758 0.0975483 0.6861152
v -0.2820062 0.0821667 0.7047338
v -0.2857712 0.0790991 0.7018995
v -0.2863802 0.0836006 0.6965660
v -0.2822520 0.0855416 0.6976975
v -0.2903007 0.0842626 0.6956711
v -0.2803321 0.0991757 0.6923146
v -0.2857806 0.1009889 0.6919986
v -0.2864324 0.0981575 0.7026273
v -0.2811755 0.0959160 0.7019807
v -0.2899228 0.0884407 0.6868074
v -0.2820675 0.0892373 0.6886103
v -0.2860483 0.0878770 0.6873759
v -0.2922999 0.0995488 0.6907715
v -0.2850425 0.1028992 0.6860244
v -0.2775996 0.1043025 0.6750253
v -0.2789600 0.1026758 0.6819263
v -0.2766540 0.0993600 0.6817562
v -0.2754493 0.1013847 0.6751746
v -0.2800502 0.1010342 0.6865955
v -0.2837579 0.1041717 0.6809853
v -0.2832169 0.0935072 0.6713075
v -0.2793504 0.0946778 0.6730370
v -0.2868002 0.0942983 0.6703256
v -0.2946333 0.0966658 0.7012399
v -0.2905966 0.1001341 0.6705862
v -0.2895848 0.0964696 0.6698716
v -0.2779122 0.0956741 0.6806375
v -0.2763782 0.0977048 0.6743762
v -0.2822400 0.1055413 0.6740340
v -0.2877358 0.1039810 0.6724870
v -0.2812783 0.1069046 0.6682920
v -0.2867915 0.1053770 0.6668751
v -0.2894704 0.1011922 0.6651819
v -0.2885696 0.0975353 0.6649419
v -0.2858907 0.0955565 0.6660029
v -0.2768345 0.1055015 0.6693166
v -0.2752761 0.1025620 0.6698031
v -0.2762731 0.0991076 0.6697230
v -0.2767790 0.1061265 0.6644683
v -0.2810264 0.1076684 0.6626983
v -0.2860702 0.1016070 0.6506891
v -0.2872040 0.1010970 0.6547228
v -0.2866363 0.1033113 0.6548363
v -0.2862273 0.1036440 0.6512060
v -0.2881981 0.1020377 0.6599722
v -0.2871566 0.1037772 0.6581455
v -0.2855436 0.1060911 0.6595701
v -0.2853123 0.1063985 0.6559872
v -0.2818065 0.1082019 0.6571202
v -0.2811256 0.1084109 0.6531360
v -0.2850164 0.1070536 0.6521131
v -0.2828381 0.1076396 0.6598602
v -0.2859550 0.1045559 0.6486534
v -0.2849674 0.1031966 0.6476693
v -0.2860375 0.1058528 0.6624422
v -0.2874907 0.0985621 0.6605085
v -0.2863375 0.0990441 0.6551206
v -0.2848318 0.0999672 0.6503732
v -0.2828694 0.1017308 0.6476382
v -0.2842764 0.0976748 0.6564912
v -0.2828654 0.0988877 0.6513925
v -0.2811261 0.1006990 0.6489207
v -0.2814024 0.0971538 0.6581379
v -0.2805368 0.0986382 0.6529328
v -0.2820209 0.0961507 0.6635577
v -0.2852793 0.0967604 0.6618943
v -0.2800584 0.1001047 0.6503564
v -0.2823276 0.1060543 0.6474165
v -0.2804105 0.1041413 0.6476245
v -0.2843130 0.1075038 0.6488031
v -0.2790800 0.1080751 0.6580872
v -0.2784927 0.1082044 0.6532815
v -0.2765176 0.1065557 0.6593846
v -0.2765589 0.1065126 0.6537685
v -0.2795748 0.1077328 0.6496365
v -0.2813712 0.1085980 0.6503061
v -0.2825376 0.0949233 0.6672994
v -0.2789556 0.0961955 0.6688104
v -0.2785404 0.0972315 0.6650123
v -0.2781391 0.0981768 0.6595816
v -0.2759882 0.0999893 0.6656089
v -0.2750964 0.1032871 0.6654304
v -0.2751420 0.1040247 0.6597480
v -0.2756089 0.1007873 0.6599467
v -0.2757182 0.1042055 0.6541107
v -0.2761352 0.1016493 0.6542460
v -0.2780809 0.0995046 0.6539377
v -0.2773984 0.1036715 0.6503761
v -0.2780573 0.1057601 0.6496934
v -0.2792688 0.1024018 0.6487998
v -0.2772309 0.1021046 0.6512223
v -0.2785485 0.1010139 0.6504750
v -0.2815925 0.0938680 0.7073783
v -0.3372493 -0.0025638 0.7374373
v -0.3336502 -0.0007612 0.7342891
v -0.3203692 -0.0084287 0.7380908
v -0.3238480 -0.0041921 0.7343772
v -0.3211829 -0.0127399 0.7429328
v -0.3301803 -0.0146528 0.7468830
v -0.3253103 -0.0148373 0.7457860
v -0.3291969 -0.0011833 0.7328137
v -0.3386111 -0.0067824 0.7417455
v -0.3357147 -0.0118159 0.7457788
v -0.3417879 -0.0138601 0.7349486
v -0.3390052 -0.0194456 0.7388916
v -0.3328068 -0.0224357 0.7403697
v -0.3270702 -0.0214894 0.7397630
v -0.3228357 -0.0182444 0.7376530
v -0.3407247 -0.0086172 0.7311801
v -0.3363935 -0.0060405 0.7287092
v -0.3306910 -0.0063803 0.7285546
v -0.3435339 -0.0147608 0.7250642
v -0.3457544 -0.0219134 0.7266234
v -0.3383069 -0.0371768 0.7243797
v -0.3366201 -0.0341324 0.7282858
v -0.3408156 -0.0340676 0.7277268
v -0.3424083 -0.0371003 0.7253097
v -0.3363557 -0.0302394 0.7327753
v -0.3405827 -0.0317620 0.7296772
v -0.3442122 -0.0293705 0.7280369
v -0.3457452 -0.0317591 0.7263764
v -0.3468138 -0.0267660 0.7257718
v -0.3487478 -0.0280955 0.7235459
v -0.3476113 -0.0351652 0.7241856
v -0.3442501 -0.0391435 0.7225044
v -0.3480470 -0.0375746 0.7210809
v -0.3414631 -0.0392193 0.7206548
v -0.3422508 -0.0260857 0.7310201
v -0.3295860 -0.0275982 0.7338905
v -0.3321562 -0.0324373 0.7280254
v -0.3347305 -0.0360899 0.7224396
v -0.3383874 -0.0372201 0.7180099
v -0.3285488 -0.0288270 0.7257997
v -0.3325993 -0.0323624 0.7199304
v -0.3364051 -0.0335361 0.7165779
v -0.3280702 -0.0240957 0.7226069
v -0.3326713 -0.0284724 0.7179151
v -0.3237323 -0.0180119 0.7294681
v -0.3249224 -0.0235612 0.7324506
v -0.3355431 -0.0305784 0.7159902
v -0.3459886 -0.0378196 0.7173376
v -0.3426235 -0.0350463 0.7150382
v -0.3480440 -0.0242964 0.7212367
v -0.3500202 -0.0309858 0.7211768
v -0.3491259 -0.0279361 0.7180758
v -0.3455326 -0.0202259 0.7195950
v -0.3462074 -0.0254291 0.7158756
v -0.3489378 -0.0325227 0.7164979
v -0.3504768 -0.0341176 0.7195464
v -0.3217085 -0.0135774 0.7342176
v -0.3250374 -0.0094093 0.7307341
v -0.3272757 -0.0133191 0.7259822
v -0.3308376 -0.0195676 0.7200003
v -0.3330420 -0.0106161 0.7239391
v -0.3391279 -0.0109574 0.7235329
v -0.3413679 -0.0176105 0.7179471
v -0.3359534 -0.0172784 0.7180221
v -0.3424553 -0.0237897 0.7146547
v -0.3383296 -0.0235889 0.7149052
v -0.3348771 -0.0254928 0.7161694
v -0.3419334 -0.0285217 0.7138030
v -0.3455451 -0.0304816 0.7143508
v -0.3397426 -0.0319293 0.7145613
v -0.3393955 -0.0272738 0.7141810
v -0.3374633 -0.0291240 0.7148233
v -0.2785982 0.0842120 0.7123387
v -0.2811908 0.0787353 0.7105920
v -0.2803165 0.0777553 0.7182707
v -0.2787054 0.0769084 0.7272175
v -0.2765938 0.0825501 0.7349920
v -0.2828768 0.0714638 0.7271970
v -0.2845853 0.0726291 0.7181036
v -0.2863666 0.0734796 0.7079134
v -0.2856692 0.0663851 0.7343497
v -0.2688644 -0.1945672 1.4725839
v -0.2663702 -0.1973508 1.4740800
v -0.2653044 -0.1927792 1.4678975
v -0.2678035 -0.1907763 1.4676815
v -0.2591107 -0.1969230 1.4694447
v -0.2625594 -0.1950312 1.4681021
v -0.2625277 -0.2000393 1.4757046
v -0.2574430 -0.2010126 1.4773305
v -0.2483168 -0.1991056 1.4773519
v -0.2462589 -0.1992411 1.4768018
v -0.2466372 -0.1993064 1.4755857
v -0.2488061 -0.1989855 1.4747093
v -0.2522671 -0.1990049 1.4727773
v -0.2711430 -0.1882764 1.4696424
v -0.2709705 -0.1896581 1.4705363
v -0.2702415 -0.1921439 1.4717124
v -0.2557330 -0.1983908 1.4709705
v -0.2695354 -0.1889428 1.4681039
v -0.2705963 -0.1879610 1.4687795
v -0.2525203 -0.2003833 1.4782488
v -0.2604094 -0.1978094 1.4711429
v -0.2639043 -0.1958182 1.4700667
v -0.2617926 -0.1989620 1.4733261
v -0.2574891 -0.2002185 1.4748602
v -0.2508876 -0.1991762 1.4748875
v -0.2534360 -0.1994353 1.4739734
v -0.2664685 -0.1934713 1.4694195
v -0.2568838 -0.1992213 1.4725818
v -0.2653075 -0.1964697 1.4720596
v -0.2535040 -0.2001946 1.4758889
v -0.2508674 -0.1994629 1.4760775
v -0.2705893 -0.1889481 1.4694227
v -0.2703852 -0.1888388 1.4690495
v -0.1486779 -0.0891094 1.3011952
v -0.1454307 -0.0913810 1.2821978
v -0.2677321 -0.1939528 1.4709494
v -0.2696549 -0.1898466 1.4689737
v -0.2683741 -0.1914050 1.4690686
v -0.2692220 -0.1917236 1.4703892
v -0.2701356 -0.1900051 1.4698784
v -0.2574849 0.0425854 1.1715097
v -0.2698531 0.0523342 1.1761127
v -0.2747712 0.1069540 1.1836964
v -0.2615357 0.1255397 1.1868725
v -0.1199704 -0.0760151 1.0439443
v -0.0559597 0.1276242 1.1357060
v -0.0592713 0.1299366 1.1547012
v 0.0173599 0.1051097 1.1700806
v 0.0007678 0.1170602 1.1627095
v -0.1389598 0.0496463 1.0854035
v -0.1390390 0.0494254 1.0994110
v -0.1350337 -0.0234932 1.0658910
v -0.1349924 -0.0222710 1.0820162
v -0.1427449 0.0244912 1.0628268
v -0.0169938 0.1250829 1.1105057
v -0.0371544 0.1287279 1.1052296
v -0.0356886 0.1264706 1.1249119
v -0.0159827 0.1241024 1.1316708
v 0.0310250 0.0898581 1.1751849
v 0.0331770 0.0894587 1.1492871
v -0.1355914 0.0736467 1.1233279
v -0.1226323 0.0968282 1.1331090
v -0.0854456 0.1245053 1.1579808
v -0.0657145 0.1302005 1.1720263
v -0.0470788 0.1298430 1.1866303
v -0.0290118 0.1247793 1.2008762
v -0.1321468 -0.0446346 1.0957961
v -0.1261770 -0.0644056 1.1129241
v -0.1420061 0.0478130 1.1146949
v -0.0950269 -0.1060938 1.0982026
v -0.0199063 0.1175667 1.2403138
v -0.0010648 0.1042857 1.2500244
v -0.1052595 0.1135112 1.1449003
v -0.1467114 -0.0927320 1.2334194
v -0.1601388 -0.0819456 1.2317318
v -0.1568459 -0.0873064 1.2169202
v -0.1424024 -0.0971798 1.2183736
v -0.1690847 -0.0764068 1.2146466
v -0.1795664 -0.0645758 1.2122914
v -0.1881545 -0.0527361 1.2103566
v -0.2035224 -0.0190159 1.2044489
v -0.2002732 -0.0296872 1.2063138
v -0.2036963 0.0029029 1.1988806
v -0.2046750 -0.0082956 1.2019746
v -0.1985835 0.0160830 1.1942982
v -0.1898923 0.0306243 1.1912763
v -0.1841505 0.0495048 1.1994685
v -0.1800723 0.0466733 1.1895420
v -0.1871028 0.0260649 1.1815949
v -0.1947259 0.0120179 1.1850009
v -0.1989762 -0.0006306 1.1886586
v -0.1115853 -0.1050845 1.1690786
v -0.1178622 -0.1087578 1.1882366
v -0.1516216 -0.0882112 1.3190969
v -0.2406480 0.1140794 0.9633905
v -0.3166683 0.0580941 0.8597112
v -0.0964217 0.0221444 1.4167527
v -0.1129121 0.0355731 1.4140693
v -0.1672148 0.0675932 1.3992232
v -0.1910156 0.0657324 1.3924253
v -0.1431396 0.0645556 1.4030730
v -0.1224540 0.0544378 1.4054233
v -0.1443781 0.0196286 1.1230815
v -0.0882648 0.0538336 1.3908446
v -0.1142813 0.0618447 1.3977803
v -0.1356979 0.0736705 1.3948864
v -0.1609374 0.0807193 1.3894137
v -0.1895731 0.0820900 1.3827796
v -0.2032029 0.0892971 1.3720564
v -0.2050189 0.1093125 1.3462835
v -0.2140224 0.1128799 1.3371664
v -0.2229602 0.1164881 1.3262364
v -0.2400988 0.1067765 1.3316371
v -0.2311782 0.1027443 1.3435897
v -0.2507850 0.1298165 1.2225004
v -0.2467852 0.1322922 1.2049014
v -0.2378197 0.1354275 1.1924646
v -0.2262161 0.1363347 1.1841732
v -0.2132384 0.1338235 1.1812962
v -0.2013130 0.1283302 1.1823829
v -0.1918991 0.1219469 1.1914651
v -0.1776933 0.1102700 1.2248922
v -0.1752565 0.1102150 1.2369349
v -0.1516893 0.1217274 1.2466371
v -0.1438803 0.1255682 1.2472478
v -0.1159212 0.1318755 1.2435804
v -0.1004405 0.1340549 1.2386408
v -0.0839448 0.1348226 1.2308509
v -0.0247452 0.1531958 1.0093395
v -0.0465125 0.1548300 1.0107493
v -0.0435118 0.1471014 1.0291909
v -0.0218337 0.1446471 1.0279436
v 0.0200667 0.1128028 1.0686914
v 0.0392676 0.0986348 1.0681333
v -0.1104369 0.1219598 1.0228257
v -0.1266599 0.1034038 1.0163519
v -0.0662662 0.1441118 1.0293047
v -0.0887703 0.1360328 1.0272246
v -0.1372880 0.0801636 1.0083711
v -0.1331098 -0.0195814 0.9712195
v -0.1230238 -0.0439465 0.9627946
v -0.0963461 -0.0840632 0.9506138
v -0.0802907 -0.0987177 0.9481098
v -0.1419727 0.0565492 0.9995902
v -0.1107199 -0.0658325 0.9557934
v -0.1423888 0.0324010 0.9899001
v -0.1393165 0.0068756 0.9802312
v 0.0006314 0.1235109 1.0683773
v 0.0001216 0.1301403 1.0466660
v -0.0200272 0.1367194 1.0474904
v -0.0288193 0.0905732 1.3194240
v -0.0452924 0.1039253 1.3163473
v -0.0634003 0.1142762 1.3135677
v -0.0896429 0.1162651 1.3243884
v -0.0831262 0.1213681 1.3098956
v -0.1022553 0.1256368 1.3049913
v -0.1076050 0.1212179 1.3177232
v -0.1396101 0.1247267 1.3017855
v -0.1357282 0.1260592 1.2916855
v -0.1462180 0.1266584 1.2863441
v -0.1502279 0.1267694 1.2966926
v -0.1551786 0.1279722 1.2819603
v -0.1646063 0.1286743 1.2755217
v -0.1741156 0.1268083 1.2672454
v -0.1819085 0.1275610 1.2560679
v -0.1943864 0.1349345 1.2732010
v -0.1856927 0.1334009 1.2845421
v -0.1460737 0.1231849 1.3130660
v -0.1316789 0.1207175 1.3202101
v -0.0497723 0.0760670 1.3484442
v -0.0352154 0.0620871 1.3491542
v -0.1716021 0.0648609 1.1906934
v -0.1621884 0.0837900 1.1945846
v -0.1541747 0.1003354 1.2011160
v -0.1460449 0.1121589 1.2102203
v -0.1389130 0.1215880 1.2208544
v -0.1319588 0.1275359 1.2328988
v -0.1356755 0.1285654 1.2469083
v -0.1267391 0.1305374 1.2457672
v -0.1331935 0.1296591 1.2583757
v -0.1228343 0.1315090 1.2590545
v -0.1203609 0.1311395 1.2726252
v -0.1189515 0.1294878 1.2858100
v -0.1207060 0.1263206 1.2982606
v -0.1249912 0.1235273 1.3095916
v -0.1160775 0.1170874 1.3288347
v -0.0991502 0.1112107 1.3370020
v -0.0927517 0.0969256 1.3547794
v -0.1037305 0.0923511 1.3649923
v -0.0819833 0.1019411 1.3435570
v -0.0706893 0.1079247 1.3305288
v -0.1778930 0.0304007 1.4143818
v -0.1571877 0.0278165 1.4221588
v -0.1974535 0.1284464 1.2058236
v -0.1927587 0.1251536 1.2055846
v -0.1924385 0.1240464 1.1995364
v -0.1998092 0.1289047 1.1961015
v -0.2090619 0.1332784 1.1959381
v -0.2129522 0.1351374 1.2125797
v -0.2048958 0.1323081 1.2075176
v -0.2191525 0.1359304 1.1997915
v -0.2286527 0.1362877 1.2072591
v -0.2212531 0.1363506 1.2194997
v -0.2362140 0.1352336 1.2170547
v -0.2285097 0.1361920 1.2272602
v -0.2401787 0.1339999 1.2292821
v -0.2332029 0.1354855 1.2338282
v -0.2203307 0.1356181 1.2725017
v -0.2261400 0.1362771 1.2584780
v -0.2306339 0.1359443 1.2443286
v -0.1885731 0.1285695 1.2433253
v -0.1947686 0.1299369 1.2309115
v -0.1998773 0.1313777 1.2188475
v -0.2071231 0.1344635 1.2250309
v -0.2013829 0.1338166 1.2375897
v -0.1947753 0.1331130 1.2505943
v -0.0390700 0.0829452 1.3355251
v -0.0541406 0.0964157 1.3334690
v -0.1602239 0.1291914 1.2911409
v -0.1693945 0.1307227 1.2850874
v -0.1785231 0.1313553 1.2765927
v -0.1874293 0.1324094 1.2643228
v -0.1768382 0.1324262 1.2935720
v -0.1675164 0.1299026 1.3008293
v -0.1571452 0.1264587 1.3071709
v -0.0651985 0.0903837 1.3469857
v -0.0248766 0.0691746 1.3372486
v -0.2620947 0.0338613 1.2849662
v -0.2696528 0.0497326 1.3044443
v -0.2692963 0.0709007 1.3199297
v -0.2583430 0.0914458 1.3298542
v -0.2220836 0.0809722 1.0432936
v 0.0356306 0.0903549 1.1231951
v 0.0376325 0.0927931 1.0972281
v 0.0209354 0.1079393 1.0948403
v 0.0148375 0.0897780 1.2565925
v -0.0148139 0.0777289 1.3227891
v -0.1893298 -0.0509275 1.1842083
v -0.1831591 -0.0620672 1.1860014
v -0.1856006 -0.0578288 1.1976341
v -0.1917595 -0.0461916 1.1958185
v -0.1960517 -0.0281456 1.1821740
v -0.1934688 -0.0395117 1.1829924
v -0.1963695 -0.0345410 1.1943418
v -0.1989237 -0.0234241 1.1930275
v -0.1966708 -0.0169933 1.1808855
v -0.2002569 -0.0123599 1.1915152
v -0.1902521 -0.0434738 1.1710065
v -0.1856215 -0.0546556 1.1720065
v -0.1792072 -0.0652175 1.1738503
v -0.1932323 -0.0213428 1.1702903
v -0.1927370 -0.0322200 1.1709020
v -0.1877179 -0.1664809 1.3755963
v -0.1928780 -0.1831896 1.3760368
v -0.2079017 -0.2102194 1.4129287
v -0.2090753 -0.2095403 1.4175282
v -0.1544978 -0.0873374 1.3445519
v -0.1576346 -0.0907354 1.3528071
v -0.1236855 -0.1081033 1.2043355
v -0.1327212 -0.1011316 1.2343453
v -0.1369147 -0.0971713 1.2483053
v -0.1414228 -0.0942438 1.2643011
v -0.1537435 -0.0871714 1.3332361
v -0.1284441 -0.1048192 1.2188123
v -0.1280339 0.1329728 0.8353461
v -0.1055044 0.1376808 0.8141473
v -0.1019562 0.1495732 0.8433824
v -0.0853963 0.1521527 0.8283780
v -0.1094893 0.1529443 0.9168690
v -0.1099644 0.1515628 0.8883869
v -0.1063954 0.1537902 0.9445977
v -0.0606748 0.1543580 0.8181776
v -0.0313804 0.1530703 0.8127223
v -0.0192131 0.1639946 0.8342280
v -0.0809014 0.1658731 0.9413825
v -0.0829765 0.1659754 0.9135998
v -0.0857925 0.1583830 0.8492035
v -0.1085659 0.1503056 0.8636215
v -0.0855285 0.1615658 0.8639178
v -0.0479143 0.1649556 0.8372408
v -0.0710341 0.1617248 0.8427303
v 0.0201583 0.1397895 1.0048333
v 0.0459252 0.1371807 0.9827691
v 0.0192300 0.1497865 0.9835617
v -0.0698579 0.1504821 1.0119930
v -0.0508796 0.1623235 0.9914162
v -0.0641084 0.1689015 0.8610124
v -0.0389418 0.1718394 0.8585667
v -0.0101279 0.1706879 0.8580823
v -0.0038213 0.1732530 0.9359130
v -0.0031318 0.1755246 0.9106042
v -0.0305344 0.1770645 0.9100150
v -0.0303354 0.1751146 0.9366997
v -0.0535159 0.1693337 0.9663045
v -0.0556608 0.1724055 0.9388970
v -0.0041730 0.1669752 0.9616619
v -0.0287702 0.1703966 0.9634800
v -0.0270746 0.1623419 0.9882988
v -0.0571222 0.1730814 0.9106282
v 0.0251136 0.1665872 0.8835743
v -0.0042502 0.1752836 0.8839635
v 0.0532187 0.1512540 0.8842507
v -0.0035026 0.1578631 0.9857019
v -0.0028772 0.1479092 1.0070856
v -0.0012323 0.1379405 1.0269677
v 0.0019779 0.1199691 1.0921556
v -0.2215447 -0.1282690 0.6950697
v -0.0198083 -0.0140461 0.7895981
v -0.0076173 0.0101098 0.7870686
v -0.1834973 0.0401386 0.8965519
v -0.1641766 0.1041566 0.8626505
v -0.1363375 0.1302609 0.8630740
v -0.0652791 -0.0682734 0.8177473
v -0.0446848 -0.0521610 0.8021095
v -0.1789000 0.0038759 0.8978865
v -0.1442451 -0.0564516 0.8718804
v -0.0305544 -0.0336724 0.7942777
v -0.0841420 0.1644599 0.8873592
v -0.0602988 0.1720107 0.8845749
v -0.0331768 0.1754687 0.8835430
v 0.0201857 0.1636139 0.8576858
v 0.0492462 0.1485438 0.8600252
v -0.0676761 -0.0840028 0.8501064
v -0.0675885 -0.0880199 0.8586118
v -0.0606503 -0.0917275 0.8553890
v -0.0574587 -0.0871504 0.8417156
v -0.1317969 -0.0190523 0.9573900
v -0.1195324 -0.0429553 0.9485843
v -0.0908237 -0.0815933 0.9365242
v -0.0759623 -0.0954931 0.9343506
v -0.1458261 0.0595850 0.9861118
v -0.1053637 -0.0642490 0.9416008
v -0.1461450 0.0347167 0.9766286
v -0.1410390 0.0084949 0.9668580
v -0.1650388 0.0390721 0.2751388
v -0.1654778 0.0487703 0.2487502
v -0.1610503 0.0603107 0.2561878
v -0.1581439 0.0498318 0.2824106
v -0.1644242 0.0769345 0.2995229
v -0.1560547 0.0674676 0.2932983
v -0.1770584 0.0839500 0.3024128
v -0.1735694 0.0959131 0.2748716
v -0.1865602 0.0959807 0.2728639
v -0.1909849 0.0860775 0.3008936
v -0.2026020 0.0819091 0.2970493
v -0.2070137 0.0844810 0.2646698
v -0.2152135 0.0693628 0.2577732
v -0.2214131 0.0593609 0.2835799
v -0.2122807 0.0733787 0.2917677
v -0.2237699 0.0425399 0.2707985
v -0.2184892 0.0529986 0.2465898
v -0.2144697 0.0290946 0.2621825
v -0.1763947 0.0289126 0.2669830
v -0.1751994 0.0366261 0.2408230
v -0.1612892 0.0891018 0.2722912
v -0.1558701 0.0779886 0.2659149
v -0.1543124 0.0579406 0.2868279
v -0.1581483 0.0686803 0.2609834
v -0.1596376 0.0681721 0.2295011
v -0.1619094 0.0537643 0.2228213
v -0.1579014 0.1001527 0.2471367
v -0.1568068 0.0880181 0.2403592
v -0.1824879 0.1049098 0.2477569
v -0.1693144 0.1077872 0.2504528
v -0.2063287 0.0961488 0.2408681
v -0.1970677 0.0917590 0.2691833
v -0.1948666 0.1017704 0.2445564
v -0.2141505 0.0806960 0.2345721
v -0.2174795 0.0604905 0.2239809
v -0.1733545 0.0402293 0.2162248
v -0.1588056 0.0780675 0.2348643
v -0.2817950 -0.0245855 0.0731044
v -0.2758177 -0.0282376 0.0706894
v -0.2769313 -0.0292952 0.0763930
v -0.2807635 -0.0266904 0.0772430
v -0.2507484 -0.0476492 0.0648352
v -0.2389663 -0.0493773 0.0614581
v -0.2418059 -0.0562052 0.0714792
v -0.2503192 -0.0549043 0.0731425
v -0.2666241 -0.0403920 0.0655933
v -0.2737155 -0.0366072 0.0665944
v -0.2702882 -0.0331146 0.0644682
v -0.2658509 -0.0356585 0.0639887
v -0.2884597 0.0063720 0.0914723
v -0.2925125 0.0112587 0.0931777
v -0.2900987 0.0134364 0.0901170
v -0.2871129 0.0108411 0.0889546
v -0.2844127 -0.0119679 0.0785590
v -0.2884809 -0.0073166 0.0800879
v -0.2860556 -0.0047445 0.0776107
v -0.2832065 -0.0071693 0.0760168
v -0.2452433 -0.0384715 0.0886924
v -0.2500510 -0.0491406 0.0807894
v -0.2365975 -0.0515080 0.0785323
v -0.2305181 -0.0435650 0.0896571
v -0.2287253 -0.0463599 0.0713564
v -0.2346258 -0.0380892 0.0678096
v -0.2276771 -0.0278663 0.0744006
v -0.2217750 -0.0365145 0.0809406
v -0.2470812 -0.0343409 0.0675060
v -0.2415869 -0.0243942 0.0737966
v -0.2508477 -0.0278921 0.0800287
v -0.2579248 -0.0395228 0.0734328
v -0.2684141 -0.0228101 0.0814677
v -0.2754853 -0.0296778 0.0732631
v -0.2710958 -0.0361895 0.0783318
v -0.2651145 -0.0297278 0.0880810
v -0.2638083 -0.0404499 0.0766675
v -0.2550143 -0.0347912 0.0855048
v -0.2501675 -0.0295779 0.0764053
v -0.2577142 -0.0395023 0.0693611
v -0.2601263 -0.0318008 0.0670622
v -0.2528082 -0.0225735 0.0736059
v -0.2612684 -0.0190935 0.0749596
v -0.2682200 -0.0272000 0.0678836
v -0.2769484 -0.0161969 0.0920167
v -0.2797710 -0.0227292 0.0821346
v -0.2732260 -0.0265008 0.0808477
v -0.2682928 -0.0219361 0.0895211
v -0.2686676 -0.0247065 0.0729329
v -0.2725166 -0.0193946 0.0711804
v -0.2667555 -0.0127427 0.0768509
v -0.2638641 -0.0186403 0.0794436
v -0.2750826 -0.0082628 0.0790944
v -0.2789573 -0.0156783 0.0722324
v -0.2808627 -0.0118355 0.0859238
v -0.2836746 -0.0177749 0.0777098
v -0.2883172 0.0052754 0.0936152
v -0.2896688 -0.0010193 0.0853997
v -0.2882865 -0.0059355 0.0895379
v -0.2863614 0.0003814 0.0993980
v -0.2836507 -0.0098363 0.0885477
v -0.2807568 -0.0057926 0.0961297
v -0.2793850 -0.0100491 0.0830518
v -0.2797115 -0.0037810 0.0782473
v -0.2773807 0.0019373 0.0839426
v -0.2779349 -0.0059302 0.0889420
v -0.2851377 0.0004597 0.0797996
v -0.2832329 0.0078154 0.0867782
v -0.2910943 0.0193665 0.1088040
v -0.2909831 0.0256213 0.1042351
v -0.2929344 0.0174165 0.0977148
v -0.2921789 0.0131311 0.1017133
v -0.2888240 0.0086056 0.1005656
v -0.2874908 0.0123810 0.1064468
v -0.2846395 0.0088084 0.0955181
v -0.2836922 0.0144534 0.0903745
v -0.2824289 0.0191776 0.0940647
v -0.2848305 0.0126186 0.0995811
v -0.2889559 0.0185660 0.0921811
v -0.2866076 0.0247620 0.0976257
v -0.2251129 -0.0341446 0.0992544
v -0.2431585 -0.0266043 0.0958996
v -0.2401215 -0.0445830 0.0635798
v -0.2163573 -0.0258653 0.0888181
v -0.2468423 -0.0422469 0.0634994
v -0.2401310 -0.0138803 0.0801497
v -0.2226143 -0.0167934 0.0818026
v -0.2464891 -0.0238277 0.0825802
v -0.2726519 -0.0393290 0.0720276
v -0.2618013 -0.0157336 0.0844374
v -0.2570661 -0.0055372 0.0825425
v -0.2684085 -0.0417304 0.0712692
v -0.2594045 -0.0177213 0.0981448
v -0.2717911 -0.0029858 0.1027534
v -0.2760529 -0.0236971 0.0685148
v -0.2793380 -0.0215621 0.0691047
v -0.2711088 0.0068836 0.0872487
v -0.2780282 -0.0044917 0.0911787
v -0.2885263 -0.0093918 0.0843641
v -0.2860724 0.0127320 0.1001796
v -0.2797600 0.0213590 0.0945631
v -0.2857324 -0.0118800 0.0837105
v -0.2820252 0.0124313 0.1105433
v -0.2917031 0.0099637 0.0968215
v -0.2877206 0.0357789 0.1115352
v -0.2838767 0.0345719 0.1021919
v -0.2899289 0.0070385 0.0963091
v -0.2880025 0.0270271 0.1169275
v -0.1884763 0.0230094 0.2605473
v -0.1878666 0.0298699 0.2355305
v -0.2014266 0.0230306 0.2582253
v -0.2113190 0.0387429 0.2376081
v -0.2005550 0.0313997 0.2335408
v -0.1885989 0.0321962 0.2117863
v -0.2112171 0.0451893 0.2154362
v -0.2022320 0.0349336 0.2114834
v -0.2043595 0.1080023 0.2236087
v -0.2145984 0.0921529 0.2159961
v -0.1911185 0.1118532 0.2265515
v -0.1653334 0.1192215 0.2322502
v -0.1788438 0.1162174 0.2300993
v -0.1915935 0.0312187 0.1896300
v -0.1748729 0.0439170 0.1940882
v -0.2075584 0.0322655 0.1901625
v -0.2185861 0.0452034 0.1952331
v -0.2155210 -0.0245257 0.1104730
v -0.2071824 -0.0077513 0.1201094
v -0.2237274 -0.0096062 0.1303142
v -0.2332133 -0.0187545 0.1135610
v -0.2394452 0.0027512 0.1331834
v -0.2485914 -0.0070543 0.1152249
v -0.2518399 0.0178820 0.1358124
v -0.2618658 0.0071634 0.1194109
v -0.2614756 0.0337186 0.1380748
v -0.2725241 0.0229103 0.1238335
v -0.2685192 0.0501827 0.1374503
v -0.2807696 0.0375524 0.1266446
v -0.2723825 0.0628966 0.1310119
v -0.2831083 0.0488394 0.1207090
v -0.2071924 -0.0144075 0.0971364
v -0.2000772 0.0018897 0.1070392
v -0.2142005 -0.0025388 0.0886541
v -0.2065875 0.0148696 0.0971117
v -0.2292245 0.0054865 0.0901150
v -0.2205548 0.0232732 0.0993747
v -0.2679275 0.0649163 0.1181833
v -0.2775689 0.0491239 0.1082718
v -0.2447585 0.0163660 0.0937150
v -0.2355100 0.0338722 0.1040694
v -0.2581265 0.0287738 0.0973606
v -0.2483185 0.0461252 0.1078527
v -0.2688036 0.0403535 0.1019378
v -0.2589094 0.0572689 0.1118803
v -0.2108847 0.0056418 0.1454860
v -0.2288853 0.0123018 0.1530489
v -0.2402633 0.0286091 0.1555295
v -0.2480088 0.0467025 0.1553720
v -0.2530648 0.0646960 0.1506592
v -0.2579553 0.0770626 0.1438506
v -0.2349684 0.0634606 0.1779345
v -0.2371975 0.0821202 0.1636619
v -0.2414686 0.0925761 0.1543690
v -0.2226442 0.1010228 0.1756099
v -0.2251828 0.1086841 0.1640454
v -0.1964688 0.1314122 0.1917253
v -0.1992035 0.1413503 0.1793405
v -0.2110854 0.1259291 0.1737167
v -0.2081231 0.1179995 0.1855039
v -0.2214275 0.0869505 0.1893991
v -0.2090064 0.1054062 0.2009223
v -0.1974604 0.1179940 0.2075989
v -0.1752037 0.1541229 0.1862858
v -0.1883038 0.1502125 0.1834758
v -0.1866870 0.1401596 0.1962294
v -0.1749719 0.1459890 0.2005933
v -0.1575156 0.1459849 0.2010180
v -0.1586154 0.1511102 0.1846487
v -0.1469729 0.1317037 0.1925777
v -0.1469962 0.1385610 0.1775344
v -0.1761858 0.1303529 0.2153185
v -0.1865989 0.1248413 0.2112281
v -0.1613840 0.1323399 0.2174620
v -0.1516273 0.1197507 0.2102360
v -0.1558307 0.1053685 0.2018014
v -0.1514943 0.1153130 0.1829518
v -0.1477667 0.1216949 0.1684432
v -0.1985807 0.0129953 0.1317228
v -0.1951812 0.0221923 0.1210975
v -0.2295598 0.0383222 0.1764433
v -0.2170615 0.0222751 0.1725003
v -0.1956303 0.0241097 0.1660853
v -0.1865686 0.0332136 0.1459454
v -0.1884941 0.0447393 0.1349131
v -0.1798843 0.0652915 0.1455162
v -0.1756675 0.0552351 0.1556631
v -0.2004118 0.0332334 0.1138055
v -0.1946918 0.0535975 0.1304697
v -0.1850251 0.0730283 0.1411305
v -0.1686725 0.0825938 0.1525891
v -0.1661089 0.0738810 0.1635077
v -0.1606599 0.0965968 0.1585541
v -0.1609461 0.0890114 0.1713573
v -0.1567606 0.1014240 0.1771545
v -0.1538331 0.1083240 0.1631080
v -0.1614482 0.0809523 0.1898103
v -0.1588375 0.0924268 0.1959134
v -0.1657891 0.0654441 0.1811662
v -0.1758102 0.0461750 0.1733316
v -0.2547085 0.0805793 0.1313003
v -0.2391259 0.0957418 0.1434136
v -0.2233423 0.1112208 0.1545534
v -0.2087350 0.1284890 0.1624757
v -0.1955465 0.1416879 0.1675983
v -0.1853109 0.1487614 0.1708436
v -0.1609513 0.1489605 0.1727892
v -0.1741050 0.1521958 0.1734444
v -0.1524953 0.1399475 0.1678068
v -0.1536683 0.1268967 0.1597740
v -0.1584462 0.1158773 0.1539217
v -0.1734035 0.0904673 0.1464244
v -0.1645786 0.1043900 0.1494340
v -0.1617777 0.0591754 0.2003116
v -0.1577349 0.0747668 0.2083297
v -0.1571359 0.0852382 0.2143545
v -0.1552202 0.1088389 0.2275967
v -0.1561081 0.0956001 0.2202737
v -0.2118374 0.0428447 0.1135507
v -0.2253070 0.0532018 0.1178228
v -0.2370563 0.0648765 0.1212224
v -0.2466320 0.0746918 0.1249117
v -0.2329602 0.0917086 0.1372849
v -0.2241546 0.0838184 0.1339917
v -0.2133099 0.0735577 0.1306614
v -0.2026184 0.0626412 0.1289948
v -0.2174489 0.1076812 0.1472841
v -0.2098438 0.1007700 0.1435084
v -0.1998472 0.0923162 0.1402240
v -0.1915125 0.0820302 0.1387757
v -0.1792808 0.0993520 0.1440150
v -0.1861971 0.1086092 0.1464098
v -0.1951038 0.1161134 0.1500476
v -0.2021477 0.1232584 0.1548468
v -0.1899548 0.1351506 0.1605146
v -0.1837561 0.1275049 0.1556803
v -0.1760629 0.1201457 0.1518282
v -0.1703484 0.1124842 0.1490559
v -0.1814875 0.1414205 0.1638508
v -0.1648026 0.1442602 0.1663443
v -0.1736194 0.1443726 0.1662527
v -0.1586975 0.1386773 0.1631196
v -0.1604338 0.1298515 0.1579059
v -0.1646709 0.1214341 0.1532302
v -0.1704771 0.1272027 0.1557479
v -0.1664524 0.1328419 0.1591383
v -0.1771999 0.1337828 0.1592499
v -0.1715985 0.1378984 0.1620529
v -0.1639540 0.1372748 0.1620745
v -0.1666367 0.1397700 0.1634233
v -0.2204672 0.0673821 0.2022555
v -0.2333964 -0.1449720 0.5025000
v -0.2166807 -0.1468150 0.5036656
v -0.2491612 -0.1391802 0.5081909
v -0.1627468 -0.0231235 0.8932125
v -0.1288149 -0.0508965 1.0466966
v -0.1307531 -0.0461186 1.0786331
v -0.1296388 -0.0484850 1.0622852
v -0.1706591 -0.0339692 0.8771030
v -0.1425000 0.0226960 1.1077794
v -0.1950186 -0.0410269 1.2084029
v -0.2865616 -0.1021059 1.4689743
v -0.2836300 -0.1006502 1.4666103
v -0.2813326 -0.0981470 1.4651234
v -0.2795980 -0.0952966 1.4637980
v -0.2777346 -0.0921802 1.4632133
v -0.2754210 -0.0895239 1.4651162
v -0.2831361 -0.0956159 1.4665250
v -0.2811667 -0.0942595 1.4706830
v -0.2824745 -0.0960562 1.4716108
v -0.2845470 -0.0975344 1.4679181
f 2 3 1
f 1 3 4
f 3 2 5
f 5 2 6
f 3 7 4
f 4 7 8
f 10 11 9
f 9 11 12
f 14 15 13
f 13 15 16
f 18 19 17
f 17 19 20
f 22 23 21
f 21 23 24
f 26 18 25
f 25 18 17
f 27 28 17
f 17 28 25
f 30 31 29
f 29 31 32
f 34 35 33
f 33 35 36
f 21 24 37
f 37 24 38
f 40 31 39
f 39 31 38
f 34 33 28
f 28 33 25
f 41 42 44
f 44 42 43
f 36 45 33
f 33 45 25
f 46 47 49
f 49 47 48
f 51 52 50
f 50 52 53
f 55 53 54
f 54 53 52
f 57 58 56
f 56 58 59
f 61 62 60
f 60 62 63
f 65 66 64
f 64 66 67
f 69 70 68
f 68 70 71
f 65 73 72
f 72 73 74
f 64 75 65
f 65 75 73
f 77 78 76
f 76 78 79
f 80 81 83
f 83 81 82
f 81 85 84
f 84 85 86
f 88 89 87
f 87 89 69
f 88 87 90
f 90 87 91
f 93 94 92
f 92 94 95
f 96 84 43
f 43 84 44
f 51 98 97
f 97 98 86
f 97 99 51
f 51 99 52
f 54 52 100
f 100 52 99
f 58 101 59
f 59 101 102
f 62 103 63
f 63 103 104
f 105 106 6
f 6 106 5
f 108 109 107
f 107 109 110
f 112 113 111
f 111 113 114
f 116 117 115
f 115 117 118
f 120 121 119
f 119 121 122
f 124 125 123
f 123 125 126
f 128 129 127
f 127 129 130
f 130 131 127
f 127 131 132
f 134 1 133
f 133 1 135
f 1 4 135
f 135 4 136
f 4 8 136
f 136 8 137
f 138 139 15
f 15 139 140
f 140 139 141
f 141 139 142
f 144 57 143
f 143 57 56
f 145 146 141
f 141 146 147
f 146 149 148
f 148 149 150
f 152 153 151
f 151 153 154
f 141 147 140
f 140 147 155
f 157 11 156
f 156 11 158
f 160 161 159
f 159 161 162
f 164 165 163
f 163 165 166
f 165 160 166
f 166 160 159
f 168 169 167
f 167 169 170
f 169 171 170
f 170 171 172
f 149 173 150
f 150 173 174
f 175 176 149
f 149 176 173
f 178 172 177
f 177 172 171
f 180 181 179
f 179 181 182
f 184 180 183
f 183 180 179
f 186 187 185
f 185 187 188
f 190 191 189
f 189 191 192
f 7 193 8
f 8 193 194
f 196 162 195
f 195 162 161
f 197 168 198
f 198 168 167
f 181 199 182
f 182 199 200
f 202 203 201
f 201 203 204
f 187 186 205
f 205 186 206
f 208 209 207
f 207 209 210
f 212 213 211
f 211 213 214
f 215 216 218
f 218 216 217
f 220 209 219
f 219 209 208
f 204 186 221
f 221 186 185
f 201 204 222
f 222 204 221
f 223 211 220
f 220 211 209
f 224 225 214
f 214 225 210
f 203 206 204
f 204 206 186
f 227 187 226
f 226 187 205
f 27 228 21
f 21 228 22
f 230 231 229
f 229 231 232
f 234 235 233
f 233 235 236
f 238 239 237
f 237 239 240
f 119 122 118
f 118 122 115
f 112 242 241
f 241 242 243
f 98 51 244
f 244 51 50
f 245 138 14
f 14 138 15
f 11 10 158
f 158 10 246
f 89 85 69
f 69 85 70
f 11 157 12
f 12 157 247
f 249 164 248
f 248 164 163
f 177 250 178
f 178 250 251
f 253 254 252
f 252 254 255
f 187 227 188
f 188 227 256
f 212 257 213
f 213 257 258
f 260 134 259
f 259 134 133
f 165 164 135
f 135 164 133
f 160 165 136
f 136 165 135
f 136 137 160
f 160 137 161
f 137 261 161
f 161 261 195
f 263 264 262
f 262 264 265
f 13 16 266
f 266 16 267
f 268 267 155
f 155 267 16
f 147 269 155
f 155 269 268
f 162 196 167
f 167 196 198
f 167 170 162
f 162 170 159
f 170 172 159
f 159 172 166
f 172 178 166
f 166 178 163
f 178 251 163
f 163 251 248
f 168 270 169
f 169 270 271
f 272 273 171
f 171 273 177
f 271 272 169
f 169 272 171
f 168 197 270
f 270 197 274
f 250 177 275
f 275 177 273
f 277 45 276
f 276 45 278
f 280 281 279
f 279 281 282
f 284 104 283
f 283 104 103
f 285 215 286
f 286 215 218
f 288 289 287
f 287 289 290
f 291 80 66
f 66 80 83
f 293 294 292
f 292 294 295
f 73 91 74
f 74 91 87
f 91 73 92
f 92 73 75
f 279 77 280
f 280 77 76
f 80 291 70
f 70 291 71
f 277 47 96
f 96 47 82
f 297 175 296
f 296 175 149
f 299 154 298
f 298 154 153
f 225 300 210
f 210 300 207
f 224 301 206
f 206 301 205
f 210 209 214
f 214 209 211
f 226 205 302
f 302 205 301
f 304 305 303
f 303 305 306
f 308 309 307
f 307 309 310
f 72 291 65
f 65 291 66
f 66 83 67
f 67 83 46
f 312 313 311
f 311 313 314
f 316 317 315
f 315 317 36
f 29 318 35
f 35 318 319
f 321 32 320
f 320 32 322
f 311 314 323
f 323 314 324
f 315 325 316
f 316 325 326
f 318 287 319
f 319 287 290
f 328 321 327
f 327 321 320
f 329 330 39
f 39 330 331
f 332 333 40
f 40 333 322
f 309 334 285
f 285 334 335
f 236 2 134
f 134 2 1
f 260 336 233
f 233 336 337
f 237 14 265
f 265 14 13
f 84 86 44
f 44 86 98
f 189 192 7
f 7 192 193
f 44 98 41
f 41 98 244
f 237 240 14
f 14 240 245
f 7 3 189
f 189 3 5
f 338 71 72
f 72 71 291
f 262 265 266
f 266 265 13
f 124 123 339
f 339 123 105
f 123 109 105
f 105 109 106
f 189 5 190
f 190 5 106
f 111 114 12
f 12 114 9
f 264 340 265
f 265 340 237
f 342 343 341
f 341 343 344
f 6 235 105
f 105 235 339
f 234 346 345
f 345 346 347
f 349 350 348
f 348 350 351
f 107 352 108
f 108 352 353
f 355 356 354
f 354 356 357
f 237 340 238
f 238 340 358
f 12 247 111
f 111 247 359
f 264 263 116
f 116 263 360
f 361 362 222
f 222 362 201
f 364 365 363
f 363 365 366
f 368 369 367
f 367 369 370
f 372 373 371
f 371 373 374
f 375 376 372
f 372 376 377
f 378 379 381
f 381 379 380
f 382 383 269
f 269 383 268
f 150 174 365
f 365 174 384
f 380 377 381
f 381 377 376
f 271 270 180
f 180 270 181
f 273 272 252
f 252 272 184
f 272 271 184
f 184 271 180
f 181 270 274
f 252 255 273
f 273 255 275
f 254 385 255
f 255 385 386
f 387 388 179
f 179 388 183
f 389 387 182
f 182 387 179
f 182 200 389
f 389 200 390
f 388 391 183
f 183 391 253
f 391 392 253
f 253 392 254
f 394 379 393
f 393 379 378
f 185 188 395
f 395 188 396
f 221 185 397
f 397 185 395
f 222 221 398
f 398 221 397
f 188 256 396
f 396 256 399
f 400 401 256
f 256 401 399
f 402 403 405
f 405 403 404
f 148 150 364
f 364 150 365
f 393 406 394
f 394 406 407
f 158 246 393
f 393 246 406
f 342 19 238
f 238 19 239
f 23 22 350
f 350 22 354
f 244 50 245
f 245 50 138
f 55 142 53
f 53 142 139
f 145 144 296
f 296 144 143
f 355 228 341
f 341 228 20
f 41 240 42
f 42 240 239
f 283 308 284
f 284 308 307
f 349 409 408
f 408 409 410
f 244 245 41
f 41 245 240
f 268 383 406
f 406 383 407
f 346 411 349
f 349 411 409
f 251 412 248
f 248 412 413
f 275 414 250
f 250 414 415
f 25 45 26
f 26 45 277
f 43 26 96
f 96 26 277
f 416 417 61
f 61 417 62
f 329 24 408
f 408 24 23
f 31 40 32
f 32 40 322
f 39 38 329
f 329 38 24
f 37 38 30
f 30 38 31
f 418 419 421
f 421 419 420
f 78 295 79
f 79 295 294
f 124 339 422
f 422 339 345
f 232 131 357
f 357 131 351
f 2 236 6
f 6 236 235
f 252 184 253
f 253 184 183
f 227 423 256
f 256 423 400
f 423 227 305
f 305 227 226
f 424 258 425
f 425 258 257
f 426 427 212
f 212 427 257
f 259 133 249
f 249 133 164
f 419 418 428
f 428 418 429
f 327 430 328
f 328 430 288
f 49 431 46
f 46 431 67
f 306 302 424
f 424 302 258
f 313 432 314
f 314 432 433
f 32 321 29
f 29 321 318
f 324 314 433
f 287 318 328
f 328 318 321
f 134 260 236
f 236 260 233
f 345 339 234
f 234 339 235
f 357 351 354
f 354 351 350
f 408 23 349
f 349 23 350
f 317 278 36
f 36 278 45
f 432 313 429
f 429 313 428
f 435 428 434
f 434 428 313
f 42 239 18
f 18 239 19
f 43 42 26
f 26 42 18
f 121 120 436
f 436 120 437
f 302 301 258
f 258 301 213
f 110 109 126
f 126 109 123
f 238 358 342
f 342 358 343
f 341 20 342
f 342 20 19
f 322 438 320
f 320 438 439
f 320 439 327
f 327 439 430
f 333 440 322
f 322 440 438
f 289 288 323
f 323 288 430
f 115 340 116
f 116 340 264
f 146 145 149
f 149 145 296
f 15 140 16
f 16 140 155
f 441 442 152
f 152 442 153
f 225 224 203
f 203 224 206
f 175 297 154
f 154 297 151
f 293 443 294
f 294 443 444
f 248 413 249
f 249 413 445
f 446 447 400
f 400 447 401
f 388 387 396
f 396 387 395
f 387 389 395
f 395 389 397
f 391 388 399
f 399 388 396
f 401 392 399
f 399 392 391
f 255 386 275
f 275 386 414
f 449 450 448
f 448 450 451
f 335 452 285
f 285 452 215
f 453 298 442
f 442 298 153
f 211 223 212
f 212 223 426
f 425 257 454
f 454 257 427
f 266 10 262
f 262 10 9
f 360 113 456
f 456 113 455
f 8 194 137
f 137 194 261
f 10 266 246
f 246 266 267
f 203 202 225
f 225 202 300
f 262 9 263
f 263 9 114
f 108 353 190
f 190 353 191
f 389 390 397
f 397 390 398
f 457 422 128
f 128 422 129
f 156 158 378
f 378 158 393
f 347 346 348
f 348 346 349
f 447 458 401
f 401 458 392
f 364 382 148
f 148 382 269
f 55 54 57
f 57 54 58
f 75 64 459
f 459 64 460
f 100 90 101
f 101 90 95
f 101 58 100
f 100 58 54
f 142 55 144
f 144 55 57
f 147 146 269
f 269 146 148
f 459 93 75
f 75 93 92
f 144 145 142
f 142 145 141
f 228 27 20
f 20 27 17
f 154 299 175
f 175 299 176
f 214 213 224
f 224 213 301
f 424 461 306
f 306 461 303
f 285 286 309
f 309 286 310
f 462 334 308
f 308 334 309
f 302 306 226
f 226 306 305
f 37 28 21
f 21 28 27
f 29 35 30
f 30 35 34
f 30 34 37
f 37 34 28
f 344 436 356
f 356 436 229
f 325 290 326
f 326 290 289
f 311 439 312
f 312 439 438
f 35 319 36
f 36 319 315
f 439 311 430
f 430 311 323
f 315 319 325
f 325 319 290
f 440 463 438
f 438 463 312
f 341 344 355
f 355 344 356
f 360 456 116
f 116 456 117
f 354 22 355
f 355 22 228
f 326 289 324
f 324 289 323
f 74 87 68
f 68 87 69
f 50 53 138
f 138 53 139
f 268 406 267
f 267 406 246
f 190 106 108
f 108 106 109
f 241 455 112
f 112 455 113
f 358 122 343
f 343 122 121
f 129 347 130
f 130 347 348
f 348 351 130
f 130 351 131
f 229 232 356
f 356 232 357
f 340 115 358
f 358 115 122
f 111 359 112
f 112 359 242
f 125 124 457
f 457 124 422
f 231 132 232
f 232 132 131
f 343 121 344
f 344 121 436
f 263 114 360
f 360 114 113
f 347 129 345
f 345 129 422
f 230 229 437
f 437 229 436
f 464 446 423
f 423 446 400
f 465 466 468
f 468 466 467
f 470 471 469
f 469 471 472
f 469 472 373
f 373 472 374
f 474 469 473
f 473 469 373
f 471 475 472
f 472 475 476
f 472 477 374
f 374 477 478
f 477 472 476
f 479 480 476
f 476 480 477
f 473 373 377
f 377 373 372
f 481 482 479
f 479 482 480
f 483 484 481
f 481 484 482
f 403 402 485
f 485 402 486
f 487 488 483
f 483 488 484
f 487 489 488
f 488 489 490
f 489 491 490
f 490 491 492
f 491 493 492
f 492 493 494
f 493 495 494
f 494 495 496
f 497 498 481
f 481 498 483
f 484 499 482
f 482 499 367
f 370 480 367
f 367 480 482
f 480 370 477
f 477 370 478
f 500 497 479
f 479 497 481
f 451 473 380
f 380 473 377
f 448 451 379
f 379 451 380
f 501 502 504
f 504 502 503
f 449 505 507
f 507 505 506
f 486 508 505
f 505 508 506
f 508 509 506
f 506 509 510
f 511 507 510
f 510 507 506
f 509 508 512
f 512 508 513
f 515 509 514
f 514 509 512
f 509 515 510
f 510 515 516
f 510 516 511
f 511 516 517
f 486 505 485
f 485 505 518
f 505 449 518
f 518 449 448
f 383 382 403
f 403 382 404
f 363 404 364
f 364 404 382
f 403 485 383
f 383 485 407
f 519 520 361
f 361 520 362
f 522 496 521
f 521 496 495
f 450 474 451
f 451 474 473
f 363 366 523
f 523 366 524
f 525 499 488
f 488 499 484
f 488 490 525
f 525 490 526
f 496 522 520
f 520 522 527
f 494 496 519
f 519 496 520
f 492 494 528
f 528 494 519
f 529 530 495
f 495 530 521
f 490 492 526
f 526 492 528
f 529 495 531
f 531 495 493
f 533 534 532
f 532 534 535
f 523 524 533
f 533 524 534
f 486 402 532
f 532 402 533
f 529 536 530
f 530 536 537
f 536 538 537
f 537 538 539
f 540 541 539
f 539 541 537
f 530 537 535
f 535 537 541
f 542 539 543
f 543 539 538
f 539 542 540
f 540 542 544
f 541 540 513
f 513 540 512
f 540 544 512
f 512 544 514
f 546 547 545
f 545 547 548
f 549 550 531
f 531 550 551
f 550 549 552
f 552 549 553
f 546 550 554
f 554 550 552
f 547 546 555
f 555 546 554
f 498 556 558
f 558 556 557
f 559 557 560
f 560 557 556
f 561 562 560
f 560 562 559
f 557 559 552
f 552 559 554
f 559 562 554
f 554 562 555
f 558 557 553
f 553 557 552
f 475 471 563
f 563 471 564
f 565 563 567
f 567 563 566
f 471 470 564
f 564 470 466
f 564 466 568
f 568 466 465
f 568 465 569
f 569 465 570
f 572 573 571
f 571 573 574
f 569 575 567
f 567 575 576
f 577 565 576
f 576 565 567
f 578 579 581
f 581 579 580
f 575 561 576
f 576 561 560
f 556 577 560
f 560 577 576
f 577 556 497
f 497 556 498
f 565 577 500
f 500 577 497
f 563 565 475
f 475 565 500
f 553 489 558
f 558 489 487
f 531 493 549
f 549 493 491
f 489 553 491
f 491 553 549
f 394 407 518
f 518 407 485
f 518 448 394
f 394 448 379
f 545 548 538
f 538 548 543
f 551 545 536
f 536 545 538
f 536 529 551
f 551 529 531
f 507 582 449
f 449 582 450
f 511 583 507
f 507 583 582
f 511 517 583
f 583 517 584
f 585 586 588
f 588 586 587
f 590 591 589
f 589 591 592
f 591 590 593
f 593 590 594
f 596 597 595
f 595 597 598
f 599 600 602
f 602 600 601
f 604 605 603
f 603 605 606
f 608 609 607
f 607 609 610
f 612 613 611
f 611 613 614
f 615 616 618
f 618 616 617
f 620 621 619
f 619 621 622
f 624 625 623
f 623 625 626
f 628 629 627
f 627 629 630
f 632 633 631
f 631 633 634
f 635 636 638
f 638 636 637
f 639 640 642
f 642 640 641
f 644 645 643
f 643 645 646
f 619 622 647
f 647 622 648
f 650 651 649
f 649 651 652
f 601 653 602
f 602 653 654
f 656 657 655
f 655 657 658
f 660 661 659
f 659 661 662
f 664 665 663
f 663 665 666
f 593 594 667
f 667 594 668
f 669 670 672
f 672 670 671
f 673 674 676
f 676 674 675
f 633 632 677
f 677 632 678
f 663 666 679
f 679 666 680
f 681 682 684
f 684 682 683
f 686 687 685
f 685 687 688
f 690 661 689
f 689 661 691
f 693 686 692
f 692 686 685
f 695 597 694
f 694 597 668
f 594 696 668
f 668 696 694
f 697 698 696
f 696 698 699
f 700 701 697
f 697 701 698
f 702 585 703
f 703 585 588
f 671 690 672
f 672 690 689
f 640 639 704
f 704 639 705
f 679 706 663
f 663 706 658
f 708 709 707
f 707 709 710
f 711 712 610
f 610 712 607
f 713 714 716
f 716 714 715
f 717 718 720
f 720 718 719
f 722 634 721
f 721 634 633
f 724 725 723
f 723 725 726
f 728 729 727
f 727 729 730
f 732 733 731
f 731 733 734
f 707 710 735
f 735 710 736
f 643 737 644
f 644 737 738
f 740 741 739
f 739 741 742
f 608 744 743
f 743 744 745
f 747 748 746
f 746 748 749
f 751 752 750
f 750 752 753
f 754 755 757
f 757 755 756
f 758 759 761
f 761 759 760
f 763 764 762
f 762 764 765
f 767 768 766
f 766 768 769
f 771 772 770
f 770 772 773
f 775 776 774
f 774 776 777
f 779 780 778
f 778 780 781
f 783 712 782
f 782 712 784
f 785 786 788
f 788 786 787
f 790 628 789
f 789 628 627
f 792 793 791
f 791 793 794
f 795 796 726
f 726 796 723
f 798 799 797
f 797 799 800
f 721 633 801
f 801 633 677
f 797 800 802
f 802 800 803
f 805 806 804
f 804 806 807
f 809 810 808
f 808 810 811
f 813 814 812
f 812 814 815
f 809 808 817
f 817 808 816
f 818 819 804
f 804 819 805
f 820 821 818
f 818 821 819
f 821 820 587
f 587 820 822
f 809 823 810
f 810 823 824
f 814 807 815
f 815 807 806
f 826 426 825
f 825 426 223
f 426 826 427
f 427 826 827
f 828 829 454
f 454 829 830
f 831 832 677
f 677 832 801
f 834 835 833
f 833 835 836
f 838 839 837
f 837 839 840
f 841 842 844
f 844 842 843
f 845 846 803
f 803 846 802
f 847 831 678
f 678 831 677
f 848 849 851
f 851 849 850
f 853 854 852
f 852 854 855
f 857 858 856
f 856 858 680
f 860 861 859
f 859 861 862
f 864 865 863
f 863 865 866
f 868 869 867
f 867 869 870
f 839 871 840
f 840 871 872
f 849 848 874
f 874 848 873
f 876 877 875
f 875 877 878
f 880 881 879
f 879 881 882
f 883 884 886
f 886 884 885
f 846 887 802
f 802 887 888
f 890 891 889
f 889 891 888
f 893 894 892
f 892 894 895
f 896 897 728
f 728 897 729
f 899 900 898
f 898 900 901
f 902 852 904
f 904 852 903
f 849 905 850
f 850 905 906
f 875 878 907
f 907 878 908
f 910 911 909
f 909 911 912
f 914 915 913
f 913 915 916
f 917 918 862
f 862 918 859
f 919 920 856
f 856 920 921
f 923 924 922
f 922 924 925
f 926 927 925
f 925 927 922
f 929 930 928
f 928 930 693
f 932 695 931
f 931 695 694
f 823 867 824
f 824 867 933
f 935 936 934
f 934 936 937
f 938 868 823
f 823 868 867
f 940 847 939
f 939 847 678
f 632 655 678
f 678 655 939
f 941 942 619
f 619 942 620
f 687 943 688
f 688 943 944
f 851 850 945
f 945 850 903
f 850 906 903
f 903 906 904
f 946 947 949
f 949 947 948
f 951 952 950
f 950 952 953
f 955 956 954
f 954 956 957
f 907 958 875
f 875 958 874
f 960 961 959
f 959 961 962
f 963 853 902
f 902 853 852
f 909 964 910
f 910 964 965
f 967 968 966
f 966 968 969
f 971 972 970
f 970 972 973
f 974 960 975
f 975 960 959
f 977 978 976
f 976 978 979
f 981 977 980
f 980 977 976
f 980 982 981
f 981 982 983
f 985 983 984
f 984 983 982
f 984 986 985
f 985 986 987
f 989 990 988
f 988 990 991
f 993 994 992
f 992 994 995
f 997 998 996
f 996 998 999
f 1001 1002 1000
f 1000 1002 1003
f 1005 1006 1004
f 1004 1006 1007
f 1004 1008 1005
f 1005 1008 1009
f 1008 1010 1009
f 1009 1010 1011
f 1013 1011 1012
f 1012 1011 1010
f 1014 1015 1017
f 1017 1015 1016
f 1019 1020 1018
f 1018 1020 1021
f 1022 1023 976
f 976 1023 980
f 1024 1025 982
f 982 1025 984
f 992 995 1026
f 1026 995 1027
f 956 955 1028
f 1028 955 1029
f 1030 1031 1033
f 1033 1031 1032
f 1010 1008 1034
f 1034 1008 1035
f 1008 1004 1035
f 1035 1004 1036
f 1037 1038 1002
f 1002 1038 1007
f 1002 1001 1037
f 1037 1001 1039
f 1040 1041 997
f 997 1041 998
f 1015 1014 1043
f 1043 1014 1042
f 1044 1045 1047
f 1047 1045 1046
f 1044 1020 1048
f 1048 1020 1049
f 1050 1051 1003
f 1003 1051 1000
f 1052 1050 1006
f 1006 1050 1003
f 1053 1054 1011
f 1011 1054 1009
f 1013 1045 1055
f 1055 1045 1056
f 1058 1059 1057
f 1057 1059 1060
f 1062 1063 1061
f 1061 1063 1064
f 1065 1066 1050
f 1050 1066 1051
f 1067 1065 1052
f 1052 1065 1050
f 1068 1069 1054
f 1054 1069 1070
f 1071 1068 1053
f 1053 1068 1054
f 1073 1071 1072
f 1072 1071 1074
f 1074 1071 1055
f 1055 1071 1053
f 1076 1077 1075
f 1075 1077 1078
f 1079 1080 1057
f 1057 1080 1058
f 1081 1082 1064
f 1064 1082 1061
f 1084 1085 1083
f 1083 1085 1086
f 1088 1089 1087
f 1087 1089 1090
f 1092 1093 1091
f 1091 1093 1094
f 1096 1097 1095
f 1095 1097 1098
f 1099 1100 1102
f 1102 1100 1101
f 1103 1104 1099
f 1099 1104 1100
f 1106 1107 1105
f 1105 1107 1108
f 1110 1111 1109
f 1109 1111 1112
f 1114 1115 1113
f 1113 1115 1116
f 1118 1119 1117
f 1117 1119 1077
f 1117 1120 1122
f 1122 1120 1121
f 1105 1123 1106
f 1106 1123 1124
f 1125 1126 1128
f 1128 1126 1127
f 1130 1131 1129
f 1129 1131 1132
f 1134 1135 1133
f 1133 1135 1114
f 1113 1136 1114
f 1114 1136 1133
f 1118 1137 1113
f 1113 1137 1136
f 1118 1117 1137
f 1137 1117 1122
f 1139 1140 1138
f 1138 1140 1141
f 1143 953 1142
f 1142 953 952
f 1145 957 1144
f 1144 957 956
f 1028 1146 956
f 956 1146 1144
f 1014 1147 1042
f 1042 1147 1148
f 1014 1017 1147
f 1147 1017 1149
f 1059 1058 1150
f 1150 1058 1151
f 1153 1080 1152
f 1152 1080 1154
f 1156 1088 1155
f 1155 1088 1087
f 1157 1158 1106
f 1106 1158 1107
f 1106 1124 1157
f 1157 1124 1159
f 1161 1162 1160
f 1160 1162 1163
f 1165 1166 1164
f 1164 1166 1167
f 1168 1031 1012
f 1012 1031 1046
f 1024 1023 1035
f 1035 1023 1034
f 1036 1038 1025
f 1025 1038 1169
f 1170 1171 1039
f 1039 1171 1037
f 1028 1029 1042
f 1042 1029 1043
f 1172 1173 1175
f 1175 1173 1174
f 1055 1053 1013
f 1013 1053 1011
f 1005 1009 1070
f 1070 1009 1054
f 996 999 1062
f 1062 999 1063
f 1016 1060 1017
f 1017 1060 1059
f 1017 1059 1149
f 1149 1059 1150
f 1177 1178 1176
f 1176 1178 1103
f 1176 1072 1179
f 1179 1072 1074
f 1073 1102 1086
f 1086 1102 1083
f 1180 1181 1067
f 1067 1181 1065
f 1182 1183 1184
f 1184 1183 1181
f 1186 1187 1185
f 1185 1187 1188
f 1189 1190 798
f 798 1190 799
f 1192 1193 1191
f 1191 1193 1194
f 1195 1196 1194
f 1194 1196 1191
f 1196 1195 1198
f 1198 1195 1197
f 1200 674 1199
f 1199 674 673
f 928 1201 1203
f 1203 1201 1202
f 861 1204 862
f 862 1204 921
f 1205 1206 913
f 913 1206 1207
f 882 1208 879
f 879 1208 1209
f 1210 1211 1167
f 1167 1211 1164
f 1212 769 1213
f 1213 769 768
f 727 1214 728
f 728 1214 1215
f 1217 1218 1216
f 1216 1218 1219
f 1220 813 1221
f 1221 813 812
f 827 828 427
f 427 828 454
f 1223 1224 1222
f 1222 1224 1165
f 1226 1227 1225
f 1225 1227 1228
f 851 1229 848
f 848 1229 1230
f 834 854 835
f 835 854 1231
f 1233 1234 1232
f 1232 1234 1235
f 1237 751 1236
f 1236 751 750
f 743 819 1238
f 1238 819 821
f 1240 1241 1239
f 1239 1241 1242
f 1244 1245 1243
f 1243 1245 1246
f 844 1247 841
f 841 1247 1248
f 1250 1251 1249
f 1249 1251 1252
f 1254 893 1253
f 1253 893 1237
f 1255 1256 1258
f 1258 1256 1257
f 1260 1261 1259
f 1259 1261 1262
f 945 903 855
f 855 903 852
f 855 1263 945
f 945 1263 1264
f 832 845 801
f 801 845 803
f 800 721 803
f 803 721 801
f 721 800 722
f 722 800 799
f 1266 1267 1265
f 1265 1267 1268
f 1270 795 1269
f 1269 795 726
f 725 1271 726
f 726 1271 1269
f 737 765 738
f 738 765 764
f 759 740 760
f 760 740 739
f 717 1272 1274
f 1274 1272 1273
f 1163 1226 1275
f 1275 1226 1225
f 1277 882 1276
f 1276 882 881
f 1041 1040 1027
f 1027 1040 1026
f 900 935 901
f 901 935 934
f 1164 1278 1165
f 1165 1278 1222
f 1211 1279 1164
f 1164 1279 1278
f 442 1280 453
f 453 1280 1281
f 788 1282 785
f 785 1282 1283
f 1285 1286 1284
f 1284 1286 1287
f 1284 1288 1285
f 1285 1288 1289
f 757 1289 754
f 754 1289 1288
f 605 604 675
f 675 604 676
f 1290 1291 1293
f 1293 1291 1292
f 1295 1296 1294
f 1294 1296 1297
f 696 699 694
f 694 699 931
f 1298 1299 592
f 592 1299 589
f 1299 1300 589
f 589 1300 700
f 1300 1301 700
f 700 1301 701
f 743 745 819
f 819 745 805
f 1303 1304 1302
f 1302 1304 1305
f 1306 1307 1305
f 1305 1307 1302
f 609 1298 610
f 610 1298 592
f 587 822 588
f 588 822 1308
f 703 588 1309
f 1309 588 1308
f 1310 703 571
f 571 703 1309
f 1311 1312 789
f 789 1312 790
f 825 223 1313
f 1313 223 220
f 219 1314 220
f 220 1314 1313
f 1315 1316 1311
f 1311 1316 1312
f 1317 1318 1319
f 1319 1318 1241
f 441 1320 442
f 442 1320 1280
f 1321 217 572
f 572 217 216
f 1323 1230 1322
f 1322 1230 1229
f 1324 1325 631
f 631 1325 656
f 1034 1168 1010
f 1010 1168 1012
f 1327 1328 1326
f 1326 1328 1329
f 1331 1202 1330
f 1330 1202 1201
f 571 1309 572
f 572 1309 1321
f 573 572 1332
f 1332 572 216
f 1334 1335 1333
f 1333 1335 1336
f 1337 1338 918
f 918 1338 859
f 1339 863 1340
f 1340 863 866
f 1341 1342 1344
f 1344 1342 1343
f 1345 1346 919
f 919 1346 920
f 1347 1348 673
f 673 1348 1199
f 693 1349 928
f 928 1349 1201
f 1351 1257 1350
f 1350 1257 1256
f 1350 1352 1351
f 1351 1352 1353
f 653 930 654
f 654 930 662
f 1279 1354 1278
f 1278 1354 1355
f 1357 1358 1356
f 1356 1358 1359
f 937 1360 1140
f 1140 1360 1361
f 1225 1228 909
f 909 1228 964
f 901 934 1362
f 1362 934 1139
f 1364 1365 1363
f 1363 1365 1362
f 1367 912 1366
f 1366 912 911
f 1143 1142 1368
f 1368 1142 1369
f 1144 1186 1145
f 1145 1186 1185
f 1146 1175 1144
f 1144 1175 1186
f 1175 1146 1172
f 1172 1146 1148
f 1147 1018 1148
f 1148 1018 1172
f 1018 1147 1019
f 1019 1147 1149
f 1149 1150 1019
f 1019 1150 1370
f 1150 1151 1370
f 1370 1151 1371
f 1151 1153 1371
f 1371 1153 1177
f 1152 1156 1178
f 1178 1156 1372
f 1155 1158 1373
f 1373 1158 1374
f 1157 1159 1376
f 1376 1159 1375
f 1378 1379 1377
f 1377 1379 1380
f 1382 1383 1381
f 1381 1383 1384
f 1382 1386 1385
f 1385 1386 1387
f 1386 1233 1387
f 1387 1233 1232
f 1389 1390 1388
f 1388 1390 1391
f 1393 1394 1392
f 1392 1394 1395
f 1397 1398 1396
f 1396 1398 1399
f 629 1397 630
f 630 1397 1396
f 1342 1400 1343
f 1343 1400 1401
f 1403 1404 1402
f 1402 1404 1405
f 1407 1408 1406
f 1406 1408 1409
f 1411 1412 1410
f 1410 1412 1413
f 793 1414 794
f 794 1414 1415
f 1417 1341 1416
f 1416 1341 1344
f 704 705 1347
f 1347 705 1418
f 741 1419 742
f 742 1419 1420
f 1422 669 1421
f 1421 669 672
f 645 1423 646
f 646 1423 1424
f 1196 1198 614
f 614 1198 611
f 613 1425 614
f 614 1425 1426
f 1427 616 659
f 659 616 660
f 614 1426 1196
f 1196 1426 1191
f 696 594 697
f 697 594 590
f 697 590 700
f 700 590 589
f 703 1310 702
f 702 1310 1428
f 1421 672 1192
f 1192 672 689
f 1271 648 1269
f 1269 648 622
f 621 1270 622
f 622 1270 1269
f 1429 1430 1417
f 1417 1430 1341
f 1431 1432 1434
f 1434 1432 1433
f 1436 1437 1435
f 1435 1437 1438
f 1440 1441 1439
f 1439 1441 1442
f 1443 1444 1446
f 1446 1444 1445
f 823 809 938
f 938 809 817
f 810 1447 811
f 811 1447 1448
f 1449 1450 679
f 679 1450 706
f 913 916 1205
f 1205 916 1451
f 1275 1225 912
f 912 1225 909
f 1452 1453 880
f 880 1453 881
f 1444 1401 1445
f 1445 1401 1400
f 936 1454 937
f 937 1454 1360
f 824 1455 810
f 810 1455 1447
f 631 656 632
f 632 656 655
f 966 1456 967
f 967 1456 1457
f 1459 1460 1458
f 1458 1460 1461
f 1460 1462 1461
f 1461 1462 1463
f 972 974 973
f 973 974 975
f 990 995 991
f 991 995 994
f 1464 1187 1033
f 1033 1187 1174
f 1018 1021 1172
f 1172 1021 1173
f 1000 999 1001
f 1001 999 998
f 976 979 1022
f 1022 979 1032
f 1023 1024 980
f 980 1024 982
f 989 986 1171
f 1171 986 1169
f 1171 1170 989
f 989 1170 990
f 1170 1027 990
f 990 1027 995
f 1041 1039 998
f 998 1039 1001
f 1051 1063 1000
f 1000 1063 999
f 1066 1064 1051
f 1051 1064 1063
f 1183 1081 1066
f 1066 1081 1064
f 1178 1372 1103
f 1103 1372 1104
f 1092 1091 1465
f 1465 1091 1182
f 1467 1465 1466
f 1466 1465 1468
f 1469 1470 1184
f 1184 1470 1468
f 1095 1098 1471
f 1471 1098 1101
f 1076 1374 1120
f 1120 1374 1376
f 1110 1472 1127
f 1127 1472 1132
f 1472 1473 1132
f 1132 1473 1129
f 1474 1475 1466
f 1466 1475 1473
f 1119 1118 1116
f 1116 1118 1113
f 1375 1121 1376
f 1376 1121 1120
f 1127 1132 1128
f 1128 1132 1131
f 1227 1476 1228
f 1228 1476 1361
f 1365 1477 1362
f 1362 1477 872
f 1478 1479 1323
f 1323 1479 1230
f 1480 1481 914
f 914 1481 915
f 913 1277 914
f 914 1277 1276
f 1168 1034 1022
f 1022 1034 1023
f 1035 1036 1024
f 1024 1036 1025
f 1039 1041 1170
f 1170 1041 1027
f 1042 1148 1028
f 1028 1148 1146
f 968 1459 969
f 969 1459 1458
f 1482 1483 664
f 664 1483 665
f 1485 1486 1484
f 1484 1486 1487
f 1489 1490 1488
f 1488 1490 1491
f 1492 1493 722
f 722 1493 634
f 1495 1496 1494
f 1494 1496 1497
f 1498 1207 1339
f 1339 1207 863
f 1224 1499 1165
f 1165 1499 1166
f 1160 1163 1500
f 1500 1163 1275
f 1500 877 1160
f 1160 877 1501
f 876 873 1502
f 1502 873 1479
f 945 1264 851
f 851 1264 1229
f 835 1231 839
f 839 1231 871
f 1503 1283 778
f 778 1283 1282
f 716 715 1505
f 1505 715 1504
f 1446 1445 1507
f 1507 1445 1506
f 779 792 1381
f 1381 792 791
f 1430 1409 1341
f 1341 1409 1342
f 1411 1429 1508
f 1508 1429 1417
f 635 1510 1509
f 1509 1510 1511
f 1377 1380 1315
f 1315 1380 1316
f 1445 1400 1506
f 1506 1400 1408
f 918 917 1336
f 1336 917 1333
f 1513 1514 1512
f 1512 1514 870
f 1515 1516 1363
f 1363 1516 1364
f 1453 1517 881
f 881 1517 1276
f 992 1518 993
f 993 1518 1519
f 1520 1029 1518
f 1518 1029 955
f 1520 1026 1521
f 1521 1026 1040
f 1522 1015 1521
f 1521 1015 1043
f 996 1523 997
f 997 1523 1522
f 1060 1016 1524
f 1524 1016 1523
f 1061 1525 1062
f 1062 1525 1524
f 1079 1527 1526
f 1526 1527 1528
f 1093 1529 1094
f 1094 1529 1528
f 1111 1530 1112
f 1112 1530 1531
f 1532 1533 1105
f 1105 1533 1123
f 934 937 1139
f 1139 937 1140
f 1138 1363 1139
f 1139 1363 1362
f 1534 1222 1355
f 1355 1222 1278
f 1535 1223 1534
f 1534 1223 1222
f 821 587 1238
f 1238 587 586
f 1319 711 1317
f 1317 711 1536
f 1538 1200 1537
f 1537 1200 1199
f 1508 1417 1539
f 1539 1417 1416
f 1540 1541 840
f 840 1541 837
f 1231 898 871
f 871 898 901
f 1500 1275 1367
f 1367 1275 912
f 1543 1379 1542
f 1542 1379 1395
f 1539 772 1508
f 1508 772 1544
f 1546 1403 1545
f 1545 1403 1402
f 1548 1549 1547
f 1547 1549 1550
f 1552 1548 1551
f 1551 1548 1547
f 1554 1555 1553
f 1553 1555 1556
f 1558 1559 1557
f 1557 1559 1560
f 1562 1563 1561
f 1561 1563 1564
f 1566 1567 1565
f 1565 1567 1568
f 1570 1571 1569
f 1569 1571 1572
f 1574 1575 1573
f 1573 1575 1576
f 1577 1578 1572
f 1572 1578 1569
f 1580 1581 1579
f 1579 1581 1582
f 1584 1585 1583
f 1583 1585 1586
f 1588 1555 1587
f 1587 1555 1589
f 1591 1592 1590
f 1590 1592 1593
f 1595 1596 1594
f 1594 1596 1597
f 1596 1581 1597
f 1597 1581 1576
f 1599 1570 1598
f 1598 1570 1569
f 1601 1602 1600
f 1600 1602 1603
f 1605 1606 1604
f 1604 1606 1607
f 1608 1609 1568
f 1568 1609 1565
f 1611 1612 1610
f 1610 1612 1613
f 1615 1616 1614
f 1614 1616 1617
f 1619 1617 1618
f 1618 1617 1616
f 1621 1622 1620
f 1620 1622 1623
f 1625 1626 1624
f 1624 1626 1627
f 1629 1630 1628
f 1628 1630 1631
f 1633 1634 1632
f 1632 1634 1635
f 1636 1637 1639
f 1639 1637 1638
f 1641 1642 1640
f 1640 1642 1643
f 1624 1627 1644
f 1644 1627 1645
f 1647 1648 1646
f 1646 1648 1649
f 1651 1652 1650
f 1650 1652 1653
f 1655 1656 1654
f 1654 1656 1657
f 1659 1660 1658
f 1658 1660 1661
f 1662 1663 1631
f 1631 1663 1628
f 1651 1665 1664
f 1664 1665 1666
f 1667 1656 1619
f 1619 1656 1617
f 1669 1670 1668
f 1668 1670 1671
f 1632 1635 1672
f 1672 1635 1673
f 1674 1675 1638
f 1638 1675 1639
f 1677 1678 1676
f 1676 1678 1679
f 1680 1640 1681
f 1681 1640 1643
f 1682 1683 1643
f 1643 1683 1681
f 1670 1669 1235
f 1235 1669 1232
f 1396 1399 1674
f 1674 1399 1675
f 627 630 1679
f 1679 630 1676
f 1681 1315 1680
f 1680 1315 1311
f 1683 1377 1681
f 1681 1377 1315
f 1672 1673 1387
f 1387 1673 1385
f 1636 1684 1646
f 1646 1684 1685
f 1687 1688 1686
f 1686 1688 1689
f 1585 1690 1586
f 1586 1690 1691
f 1599 1692 1551
f 1551 1692 1693
f 1552 1558 1694
f 1694 1558 1557
f 1696 1615 1695
f 1695 1615 1614
f 1698 1699 1697
f 1697 1699 1623
f 1700 1701 1703
f 1703 1701 1702
f 1705 1706 1704
f 1704 1706 1707
f 1708 1709 1640
f 1640 1709 1641
f 1710 1711 1713
f 1713 1711 1712
f 1652 1655 1653
f 1653 1655 1654
f 1714 1699 1712
f 1712 1699 1713
f 1715 1710 1716
f 1716 1710 1713
f 1717 1708 1680
f 1680 1708 1640
f 1393 1392 1715
f 1715 1392 1710
f 1719 1720 1718
f 1718 1720 1721
f 1680 1311 1717
f 1717 1311 789
f 1378 1711 1392
f 1392 1711 1710
f 1388 1391 1719
f 1719 1391 1720
f 1723 1606 1722
f 1722 1606 1689
f 1725 1568 1724
f 1724 1568 1567
f 1726 1647 1685
f 1685 1647 1646
f 1728 1554 1727
f 1727 1554 1553
f 1591 1687 1600
f 1600 1687 1686
f 1730 1595 1729
f 1729 1595 1594
f 1601 1605 1731
f 1731 1605 1604
f 1733 1663 1732
f 1732 1663 1734
f 1736 1639 1735
f 1735 1639 1675
f 1658 1644 1737
f 1737 1644 1645
f 1726 1662 1724
f 1724 1662 1631
f 1399 1738 1675
f 1675 1738 1735
f 1621 1667 1739
f 1739 1667 1619
f 1714 1740 1620
f 1620 1740 1741
f 1592 1549 1593
f 1593 1549 1742
f 1602 1571 1603
f 1603 1571 1550
f 1688 1690 1689
f 1689 1690 1722
f 1588 1559 1582
f 1582 1559 1579
f 1673 1735 1385
f 1385 1735 1738
f 1387 1232 1672
f 1672 1232 1669
f 1580 1692 1573
f 1573 1692 1743
f 1377 1683 1378
f 1378 1683 1711
f 1664 1666 1744
f 1744 1666 1745
f 1744 1696 1664
f 1664 1696 1695
f 1746 1747 1732
f 1732 1747 1748
f 1749 1750 1677
f 1677 1750 1678
f 1709 1708 1750
f 1750 1708 1678
f 1668 1632 1669
f 1669 1632 1672
f 1633 1746 1734
f 1734 1746 1732
f 1679 1678 1717
f 1717 1678 1708
f 789 627 1717
f 1717 627 1679
f 1563 1723 1564
f 1564 1723 1722
f 1728 1584 1751
f 1751 1584 1583
f 1674 1676 1396
f 1396 1676 630
f 1666 1566 1745
f 1745 1566 1565
f 1627 1629 1645
f 1645 1629 1628
f 1637 1749 1638
f 1638 1749 1677
f 1648 1665 1649
f 1649 1665 1752
f 1740 1642 1741
f 1741 1642 1657
f 1676 1674 1677
f 1677 1674 1638
f 1683 1682 1711
f 1711 1682 1712
f 1618 1753 1619
f 1619 1753 1739
f 1701 1739 1702
f 1702 1739 1753
f 1754 1214 1756
f 1756 1214 1755
f 647 1757 619
f 619 1757 941
f 1759 1193 1758
f 1758 1193 691
f 1419 1760 1420
f 1420 1760 1761
f 682 1762 683
f 683 1762 1763
f 1412 780 1413
f 1413 780 1384
f 1383 1398 1384
f 1384 1398 1413
f 1197 1424 1764
f 1764 1424 1423
f 1537 1287 1538
f 1538 1287 1286
f 1634 1684 1635
f 1635 1684 1736
f 1724 1631 1725
f 1725 1631 1630
f 1562 1730 1610
f 1610 1730 1729
f 1735 1673 1736
f 1736 1673 1635
f 1757 1195 941
f 941 1195 1194
f 1766 200 1765
f 1765 200 199
f 475 500 476
f 476 500 479
f 498 558 483
f 483 558 487
f 545 551 546
f 546 551 550
f 453 1281 219
f 219 1281 1314
f 298 453 208
f 208 453 219
f 368 1765 1767
f 1767 1765 199
f 523 405 363
f 363 405 404
f 523 533 405
f 405 533 402
f 298 208 299
f 299 208 207
f 299 207 176
f 176 207 300
f 176 300 173
f 173 300 202
f 173 202 174
f 174 202 201
f 1337 918 1768
f 1768 918 1336
f 1769 1770 1338
f 1338 1770 859
f 581 570 578
f 578 570 1771
f 555 562 580
f 580 562 561
f 504 1772 501
f 501 1772 548
f 517 542 584
f 584 542 543
f 515 514 516
f 516 514 544
f 542 517 544
f 544 517 516
f 561 575 580
f 580 575 581
f 575 569 581
f 581 569 570
f 501 548 1773
f 1773 548 547
f 1774 1775 570
f 570 1775 1771
f 369 368 1776
f 1776 368 1767
f 372 369 375
f 375 369 1776
f 822 1280 1308
f 1308 1280 1320
f 820 1281 822
f 822 1281 1280
f 818 1314 820
f 820 1314 1281
f 1314 818 1313
f 1313 818 804
f 807 814 825
f 825 814 826
f 814 813 826
f 826 813 827
f 813 1220 827
f 827 1220 828
f 580 579 555
f 555 579 547
f 1477 1540 872
f 872 1540 840
f 367 499 368
f 368 499 1765
f 1766 1765 525
f 525 1765 499
f 1777 1766 526
f 526 1766 525
f 520 527 362
f 362 527 384
f 361 1778 519
f 519 1778 528
f 371 1779 372
f 372 1779 369
f 369 1779 370
f 370 1779 478
f 1779 371 478
f 478 371 374
f 1778 1777 528
f 528 1777 526
f 1781 1782 1780
f 1780 1782 1783
f 431 460 67
f 67 460 64
f 68 338 74
f 74 338 72
f 1785 1782 1784
f 1784 1782 1786
f 1787 1788 1790
f 1790 1788 1789
f 1792 1789 1791
f 1791 1789 1793
f 1791 1794 1792
f 1792 1794 1795
f 1794 1796 1795
f 1795 1796 1797
f 1797 1798 938
f 938 1798 868
f 1798 1799 868
f 868 1799 869
f 1801 1802 1800
f 1800 1802 1451
f 1803 1804 1205
f 1205 1804 1206
f 1805 1806 864
f 864 1806 865
f 1806 1807 865
f 865 1807 1808
f 68 71 338
f 287 328 288
f 1320 1321 1308
f 1308 1321 1309
f 1320 441 1321
f 1321 441 217
f 441 152 217
f 217 152 218
f 151 286 152
f 152 286 218
f 297 310 151
f 151 310 286
f 296 307 297
f 297 307 310
f 296 143 307
f 307 143 284
f 143 56 284
f 284 56 104
f 56 59 104
f 104 59 63
f 59 102 63
f 63 102 60
f 102 94 60
f 60 94 282
f 93 459 279
f 279 459 77
f 459 460 77
f 77 460 78
f 460 431 78
f 78 431 295
f 431 49 295
f 295 49 292
f 48 421 49
f 49 421 292
f 276 278 418
f 418 278 429
f 317 432 278
f 278 432 429
f 432 317 433
f 433 317 316
f 326 324 316
f 316 324 433
f 1536 592 1809
f 1809 592 591
f 1810 744 1812
f 1812 744 1811
f 1814 1815 1813
f 1813 1815 1816
f 1817 748 1818
f 1818 748 747
f 1812 1819 1810
f 1810 1819 1817
f 1820 1821 748
f 748 1821 749
f 1823 1824 1822
f 1822 1824 1825
f 1827 1828 1826
f 1826 1828 1829
f 1831 1832 1830
f 1830 1832 1833
f 1834 1827 1243
f 1243 1827 1826
f 1313 804 825
f 825 804 807
f 1835 1253 1236
f 1236 1253 1237
f 1836 1837 1438
f 1438 1837 1435
f 1838 1505 1840
f 1840 1505 1839
f 1841 1842 716
f 716 1842 713
f 1843 1844 1510
f 1510 1844 1845
f 1847 1848 1846
f 1846 1848 1849
f 1850 1240 1822
f 1822 1240 1239
f 636 1831 637
f 637 1831 1830
f 1852 1853 1851
f 1851 1853 1854
f 1855 1856 1858
f 1858 1856 1857
f 1846 1849 1859
f 1859 1849 1860
f 1343 1401 1509
f 1509 1401 1861
f 1509 1861 635
f 635 1861 636
f 1863 1864 1862
f 1862 1864 1865
f 1283 1503 1867
f 1867 1503 1866
f 1868 1867 681
f 681 1867 682
f 1286 1285 683
f 683 1285 684
f 757 756 1274
f 1274 756 1869
f 1274 1869 717
f 717 1869 718
f 1434 1433 719
f 719 1433 720
f 1200 1538 1545
f 1545 1538 1763
f 1285 1289 684
f 684 1289 1273
f 684 1273 681
f 681 1273 1272
f 785 1283 1868
f 1868 1283 1867
f 786 785 1870
f 1870 785 1868
f 1289 757 1273
f 1273 757 1274
f 1539 1416 1871
f 1871 1416 1872
f 773 1871 1403
f 1403 1871 1404
f 675 674 1405
f 1405 674 1402
f 1864 1873 1865
f 1865 1873 1874
f 638 1843 635
f 635 1843 1510
f 1344 1343 1511
f 1511 1343 1509
f 772 1539 773
f 773 1539 1871
f 674 1200 1402
f 1402 1200 1545
f 1538 1286 1763
f 1763 1286 683
f 1444 1443 1875
f 1875 1443 1876
f 1875 1876 1831
f 1831 1876 1832
f 1416 1344 1872
f 1872 1344 1511
f 1877 1878 774
f 774 1878 1879
f 1878 1847 1879
f 1879 1847 1846
f 1880 714 1881
f 1881 714 1848
f 1401 1444 1861
f 1861 1444 1875
f 1861 1875 636
f 636 1875 1831
f 1823 1863 1882
f 1882 1863 1862
f 1441 1440 1884
f 1884 1440 1883
f 1883 1852 1884
f 1884 1852 1851
f 1886 1887 1885
f 1885 1887 1888
f 1358 1889 1359
f 1359 1889 1890
f 1891 1886 1892
f 1892 1886 1885
f 774 1879 775
f 775 1879 1893
f 1859 1893 1846
f 1846 1893 1879
f 713 1842 1849
f 1849 1842 1860
f 1318 1895 1894
f 1894 1895 1896
f 1873 1897 1874
f 1874 1897 1898
f 1898 605 1899
f 1899 605 675
f 1405 1844 675
f 675 1844 1899
f 1404 1845 1405
f 1405 1845 1844
f 593 1296 591
f 591 1296 1809
f 1295 1292 1900
f 1900 1292 1895
f 606 1897 1291
f 1291 1897 1896
f 1510 1845 1511
f 1511 1845 1872
f 1871 1872 1404
f 1404 1872 1845
f 1866 770 1762
f 1762 770 1546
f 1762 682 1866
f 1866 682 1867
f 1870 1868 1272
f 1272 1868 681
f 1272 717 1870
f 1870 717 720
f 1870 720 786
f 786 720 1433
f 786 1433 787
f 787 1433 1432
f 1261 1414 1432
f 1432 1414 787
f 1389 1234 1260
f 1260 1234 1415
f 1719 1670 1388
f 1388 1670 1235
f 1718 1671 1719
f 1719 1671 1670
f 1705 1747 1718
f 1718 1747 1671
f 1659 1901 1704
f 1704 1901 1748
f 1877 1903 1902
f 1902 1903 1904
f 1259 1905 1390
f 1390 1905 1394
f 1715 1720 1393
f 1393 1720 1391
f 1716 1721 1715
f 1715 1721 1720
f 1698 1706 1716
f 1716 1706 1721
f 277 276 47
f 47 276 48
f 84 96 81
f 81 96 82
f 80 70 81
f 81 70 85
f 99 97 88
f 88 97 89
f 90 100 88
f 88 100 99
f 101 95 102
f 102 95 94
f 1906 1907 280
f 280 1907 281
f 97 86 89
f 89 86 85
f 60 282 61
f 61 282 281
f 83 82 46
f 46 82 47
f 293 292 420
f 420 292 421
f 419 1908 420
f 420 1908 1909
f 92 95 91
f 91 95 90
f 279 282 93
f 93 282 94
f 276 418 48
f 48 418 421
f 1910 1660 1697
f 1697 1660 1707
f 1703 1624 1700
f 1700 1624 1644
f 1622 1910 1623
f 1623 1910 1697
f 1701 1700 1911
f 1911 1700 1661
f 1700 1644 1661
f 1661 1644 1658
f 1901 1737 1733
f 1733 1737 1645
f 1625 1912 1604
f 1604 1912 1731
f 1912 1913 1731
f 1731 1913 1914
f 1913 1577 1914
f 1914 1577 1572
f 1915 1578 1616
f 1616 1578 1618
f 1915 1916 1598
f 1598 1916 1743
f 1916 1574 1743
f 1743 1574 1573
f 1575 1917 1576
f 1576 1917 1597
f 1917 1609 1597
f 1597 1609 1594
f 1608 1611 1729
f 1729 1611 1610
f 1918 1612 1629
f 1629 1612 1630
f 1626 1918 1627
f 1627 1918 1629
f 1920 1921 1919
f 1919 1921 1922
f 1920 1924 1923
f 1923 1924 1925
f 1926 1927 1924
f 1924 1927 1925
f 1929 1930 1928
f 1928 1930 1931
f 1932 1933 1935
f 1935 1933 1934
f 1937 1938 1936
f 1936 1938 1939
f 1941 1942 1940
f 1940 1942 1943
f 1941 1945 1944
f 1944 1945 1946
f 1947 1948 1694
f 1694 1948 1949
f 1950 1951 1953
f 1953 1951 1952
f 1955 1956 1954
f 1954 1956 1589
f 1958 1956 1957
f 1957 1956 1932
f 1960 1934 1959
f 1959 1934 1933
f 1962 1963 1961
f 1961 1963 1964
f 1965 1955 1751
f 1751 1955 1954
f 1935 1930 1932
f 1932 1930 1957
f 1951 1950 1926
f 1926 1950 1929
f 1966 1967 1593
f 1593 1967 1590
f 1969 1967 1968
f 1968 1967 1964
f 1962 1921 1970
f 1970 1921 1971
f 1963 1945 1964
f 1964 1945 1968
f 1972 1948 1922
f 1922 1948 1919
f 1966 1972 1961
f 1961 1972 1922
f 1958 1953 1587
f 1587 1953 1560
f 1974 1975 1973
f 1973 1975 1976
f 1978 1979 1977
f 1977 1979 1691
f 1979 1975 1691
f 1691 1975 1586
f 1938 1942 1939
f 1939 1942 1980
f 1952 1947 1557
f 1557 1947 1694
f 1969 1978 1981
f 1981 1978 1977
f 1983 1984 1982
f 1982 1984 1985
f 1986 1987 1989
f 1989 1987 1988
f 1990 1991 1983
f 1983 1991 1984
f 1990 1993 1992
f 1992 1993 1994
f 1995 1996 1994
f 1994 1996 1997
f 1999 2000 1998
f 1998 2000 2001
f 2003 2004 2002
f 2002 2004 2005
f 2007 2008 2006
f 2006 2008 2009
f 2011 2012 2010
f 2010 2012 2013
f 2014 2015 2017
f 2017 2015 2016
f 2018 2019 2021
f 2021 2019 2020
f 2022 1989 2024
f 2024 1989 2023
f 1989 1988 2023
f 2023 1988 2025
f 2026 2027 2017
f 2017 2027 2014
f 2029 2030 2028
f 2028 2030 2031
f 2033 2034 2032
f 2032 2034 2035
f 2032 2035 2036
f 2036 2035 2037
f 2039 2040 2038
f 2038 2040 2041
f 1982 2042 1983
f 1983 2042 2043
f 2045 2046 2044
f 2044 2046 2047
f 2049 2050 2048
f 2048 2050 2051
f 2053 2054 2052
f 2052 2054 2055
f 2057 2058 2056
f 2056 2058 2059
f 2060 2061 2033
f 2033 2061 2034
f 2063 2064 2062
f 2062 2064 2065
f 2066 2035 2067
f 2067 2035 2034
f 2069 2039 2068
f 2068 2039 2038
f 2025 2070 2023
f 2023 2070 2071
f 2072 2024 2071
f 2071 2024 2023
f 2074 2020 2073
f 2073 2020 2019
f 2050 2049 2047
f 2047 2049 2075
f 1983 2043 1990
f 1990 2043 1993
f 2006 2050 2007
f 2007 2050 2076
f 2050 2006 2051
f 2051 2006 2077
f 2079 2080 2078
f 2078 2080 2081
f 2082 2083 2085
f 2085 2083 2084
f 2010 2013 2086
f 2086 2013 2087
f 2089 2033 2088
f 2088 2033 2032
f 2090 2060 2089
f 2089 2060 2033
f 2092 2093 2091
f 2091 2093 2094
f 2096 1986 2095
f 2095 1986 2097
f 2097 1986 2022
f 2022 1986 1989
f 2015 2094 2016
f 2016 2094 2098
f 2016 2098 2100
f 2100 2098 2099
f 2017 2016 2101
f 2101 2016 2100
f 2017 2101 2026
f 2026 2101 2102
f 2100 2099 2104
f 2104 2099 2103
f 2104 2105 2100
f 2100 2105 2101
f 2105 2106 2101
f 2101 2106 2102
f 2108 2061 2107
f 2107 2061 2109
f 2111 2112 2110
f 2110 2112 2020
f 2020 2074 2110
f 2110 2074 2113
f 2115 2116 2114
f 2114 2116 2117
f 2118 2119 1995
f 1995 2119 2120
f 2121 2122 2027
f 2027 2122 2014
f 2047 2075 2044
f 2044 2075 2123
f 2124 2125 2127
f 2127 2125 2126
f 2129 2130 2128
f 2128 2130 2131
f 2132 2133 2057
f 2057 2133 2058
f 2134 1999 2136
f 2136 1999 2135
f 2055 2138 2137
f 2137 2138 2139
f 2141 2142 2140
f 2140 2142 2143
f 2083 2082 2064
f 2064 2082 2065
f 2082 2144 2065
f 2065 2144 2145
f 2040 2146 2041
f 2041 2146 2147
f 2060 2090 2148
f 2148 2090 2149
f 2048 2051 2137
f 2137 2051 2150
f 2151 1997 2135
f 2135 1997 1996
f 2152 2150 2077
f 2077 2150 2051
f 2046 2045 2118
f 2118 2045 2119
f 2154 2155 2153
f 2153 2155 2156
f 2158 2159 2157
f 2157 2159 2160
f 2162 2163 2161
f 2161 2163 2164
f 2164 2163 2165
f 2165 2163 2166
f 2168 2169 2167
f 2167 2169 2170
f 2003 2172 2171
f 2171 2172 2173
f 2174 2175 2002
f 2002 2175 2176
f 2145 2177 2065
f 2065 2177 2062
f 2178 2179 2180
f 2180 2179 2134
f 2181 2052 2152
f 2152 2052 2150
f 2040 2127 2146
f 2146 2127 2182
f 2130 2162 2131
f 2131 2162 2161
f 2052 2055 2150
f 2150 2055 2137
f 2184 2185 2183
f 2183 2185 2186
f 2159 2030 2160
f 2160 2030 2187
f 2146 2182 2029
f 2029 2182 2188
f 2189 2190 2192
f 2192 2190 2191
f 2172 2003 2176
f 2176 2003 2002
f 1998 2151 1999
f 1999 2151 2135
f 2177 2172 2062
f 2062 2172 2176
f 2172 2177 2173
f 2173 2177 2193
f 2063 2194 2064
f 2064 2194 2195
f 2066 2197 2196
f 2196 2197 2198
f 2002 2005 2174
f 2174 2005 2199
f 2004 2003 2200
f 2200 2003 2171
f 2198 2201 2171
f 2171 2201 2200
f 2197 2202 2198
f 2198 2202 2201
f 2202 2197 2203
f 2203 2197 2204
f 2196 2198 2173
f 2173 2198 2171
f 2205 2069 2170
f 2170 2069 2206
f 2197 2066 2204
f 2204 2066 2067
f 2107 2207 2108
f 2108 2207 2208
f 2210 2208 2209
f 2209 2208 2207
f 2185 2211 2212
f 2213 2214 2211
f 2211 2214 2212
f 1998 2001 2213
f 2213 2001 2214
f 2134 2215 1999
f 1999 2215 2000
f 2216 2217 2219
f 2219 2217 2218
f 2206 2220 2170
f 2170 2220 2167
f 2069 2068 2206
f 2206 2068 2221
f 2151 1998 2222
f 2222 1998 2213
f 2124 2039 2205
f 2205 2039 2069
f 2142 2223 2143
f 2143 2223 2128
f 2203 2186 2202
f 2202 2186 2185
f 2185 2184 2211
f 2211 2184 2224
f 2224 2225 2222
f 2222 2225 2226
f 2071 2227 2072
f 2072 2227 2228
f 2229 2074 2230
f 2230 2074 2073
f 2074 2229 2113
f 2113 2229 2231
f 2232 2225 2227
f 2227 2225 2224
f 2233 2234 2031
f 2031 2234 2028
f 2236 2231 2235
f 2235 2231 2229
f 2230 2183 2229
f 2229 2183 2235
f 2237 1987 2096
f 2096 1987 1986
f 2152 2238 2181
f 2181 2238 2239
f 2080 2240 2081
f 2081 2240 2241
f 2236 2242 1971
f 1971 2242 1970
f 1925 2113 1923
f 1923 2113 2231
f 2110 1927 2111
f 2111 1927 1928
f 2103 2111 1931
f 1931 2111 1928
f 1931 2243 2103
f 2103 2243 2104
f 2105 2104 2244
f 2244 2104 2243
f 1939 1980 2148
f 2148 1980 2109
f 1980 1944 2109
f 2109 1944 2107
f 1946 2245 2207
f 2207 2245 2209
f 2245 1970 2209
f 2209 1970 2242
f 2231 2236 1923
f 1923 2236 1971
f 2113 1925 2110
f 2110 1925 1927
f 2234 2246 2028
f 2028 2246 2147
f 2247 2248 2058
f 2058 2248 2059
f 2114 2117 2249
f 2249 2117 2250
f 2252 2253 2251
f 2251 2253 2254
f 2094 2015 2091
f 2091 2015 2255
f 2256 2255 2014
f 2014 2255 2015
f 2257 2145 2258
f 2258 2145 2144
f 2131 2161 2123
f 2123 2161 2044
f 2045 2044 2164
f 2164 2044 2161
f 2045 2164 2119
f 2119 2164 2165
f 2259 2120 2165
f 2165 2120 2119
f 2260 2261 2259
f 2259 2261 2120
f 2205 2262 2124
f 2124 2262 2125
f 2180 2263 2178
f 2178 2263 2264
f 2265 2266 2092
f 2092 2266 2093
f 1992 2267 2268
f 2184 2228 2224
f 2224 2228 2227
f 2048 2269 2049
f 2049 2269 2141
f 2129 2168 2157
f 2157 2168 2167
f 2049 2141 2075
f 2075 2141 2140
f 2199 2215 2270
f 2270 2215 2271
f 2142 2141 2272
f 2272 2141 2269
f 2089 2026 2090
f 2090 2026 2102
f 2146 2029 2147
f 2147 2029 2028
f 2111 2103 2112
f 2112 2103 2099
f 2061 2060 2109
f 2109 2060 2148
f 2273 2274 2041
f 2041 2274 2038
f 2260 2275 2261
f 2261 2275 2136
f 2057 2138 2132
f 2132 2138 2276
f 2272 2269 2056
f 2056 2269 2139
f 2277 2278 2270
f 2270 2278 2199
f 2029 2188 2030
f 2030 2188 2187
f 2040 2039 2127
f 2127 2039 2124
f 2064 2195 2083
f 2083 2195 2279
f 2056 2139 2057
f 2057 2139 2138
f 2278 2277 2247
f 2247 2277 2248
f 2062 2176 2063
f 2063 2176 2175
f 2280 2210 2242
f 2242 2210 2209
f 2282 2233 2281
f 2281 2233 2031
f 2216 2219 2283
f 2283 2219 2221
f 2158 2220 2218
f 2218 2220 2219
f 2217 2282 2218
f 2218 2282 2281
f 2220 2158 2167
f 2167 2158 2157
f 2223 2264 2128
f 2128 2264 2263
f 2261 1996 2120
f 2120 1996 1995
f 2213 2211 2222
f 2222 2211 2224
f 2283 2221 2284
f 2284 2221 2068
f 2135 1996 2136
f 2136 1996 2261
f 2144 2081 2258
f 2258 2081 2241
f 2235 2280 2236
f 2236 2280 2242
f 2246 2273 2147
f 2147 2273 2041
f 2036 2285 2032
f 2032 2285 2088
f 2077 2286 2152
f 2152 2286 2238
f 1937 1960 1973
f 1973 1960 1959
f 2070 2232 2071
f 2071 2232 2227
f 2244 2287 2105
f 2105 2287 2106
f 1936 1939 2149
f 2149 1939 2148
f 1944 1946 2107
f 2107 1946 2207
f 2285 2121 2088
f 2088 2121 2027
f 2253 2249 2254
f 2254 2249 2250
f 2006 2009 2077
f 2077 2009 2286
f 2289 2086 2288
f 2288 2086 2087
f 2223 2142 2290
f 2290 2142 2272
f 2128 2131 2143
f 2143 2131 2123
f 2156 2291 2153
f 2153 2291 2175
f 2292 2293 2278
f 2278 2293 2294
f 2075 2140 2123
f 2123 2140 2143
f 2262 2169 2275
f 2275 2169 2180
f 2275 2180 2136
f 2136 2180 2134
f 2274 2284 2038
f 2038 2284 2068
f 2127 2126 2182
f 2182 2126 2166
f 2094 2093 2098
f 2098 2093 2021
f 2098 2021 2099
f 2099 2021 2112
f 2018 2021 2266
f 2266 2021 2093
f 2251 2289 2252
f 2252 2289 2288
f 1997 2151 2226
f 2226 2151 2222
f 2206 2221 2220
f 2220 2221 2219
f 2269 2048 2139
f 2139 2048 2137
f 2159 2158 2281
f 2281 2158 2218
f 2156 2155 2190
f 2190 2155 2191
f 1974 1965 1583
f 1583 1965 1751
f 2088 2027 2089
f 2089 2027 2026
f 2030 2159 2031
f 2031 2159 2281
f 2106 2149 2102
f 2102 2149 2090
f 2287 1936 2106
f 2106 1936 2149
f 2293 2154 2294
f 2294 2154 2153
f 2021 2020 2112
f 2247 2295 2278
f 2278 2295 2292
f 2284 2296 2283
f 2283 2296 2297
f 2298 2296 2274
f 2274 2296 2284
f 2273 2299 2274
f 2274 2299 2298
f 2246 2300 2273
f 2273 2300 2299
f 2283 2297 2216
f 2216 2297 2301
f 2216 2301 2217
f 2217 2301 2302
f 2302 2303 2217
f 2217 2303 2282
f 2304 2301 2305
f 2305 2301 2297
f 2307 2308 2306
f 2306 2308 2309
f 2306 2310 2307
f 2307 2310 2311
f 2307 2312 2308
f 2308 2312 2313
f 2314 2315 2312
f 2312 2315 2316
f 2316 2317 2312
f 2312 2317 2313
f 2317 2305 2313
f 2313 2305 2318
f 2314 2312 2311
f 2311 2312 2307
f 2319 2320 2322
f 2322 2320 2321
f 2322 2311 2319
f 2319 2311 2310
f 2313 2318 2308
f 2308 2318 2309
f 2296 2298 2318
f 2318 2298 2309
f 2309 2298 2323
f 2323 2298 2299
f 2306 2309 2324
f 2324 2309 2323
f 2310 2306 2325
f 2325 2306 2324
f 2296 2318 2297
f 2297 2318 2305
f 2319 2310 2326
f 2326 2310 2325
f 2328 2325 2327
f 2327 2325 2324
f 2325 2328 2326
f 2326 2328 2329
f 2331 2328 2330
f 2330 2328 2327
f 2332 2333 2327
f 2327 2333 2330
f 2328 2331 2329
f 2329 2331 2334
f 2324 2323 2327
f 2327 2323 2332
f 2300 2332 2299
f 2299 2332 2323
f 2326 2335 2319
f 2319 2335 2320
f 2305 2317 2336
f 2336 2317 2316
f 2336 2316 2337
f 2337 2316 2315
f 2338 2304 2336
f 2336 2304 2305
f 2337 2339 2336
f 2336 2339 2338
f 2337 2315 2341
f 2341 2315 2340
f 2342 2300 2234
f 2234 2300 2246
f 2303 2343 2282
f 2282 2343 2233
f 2234 2233 2342
f 2342 2233 2343
f 2342 2343 2333
f 2333 2343 2344
f 2333 2344 2330
f 2330 2344 2345
f 2346 2344 2303
f 2303 2344 2343
f 2332 2300 2333
f 2333 2300 2342
f 2347 2346 2302
f 2302 2346 2303
f 2301 2304 2302
f 2302 2304 2347
f 2304 2338 2347
f 2347 2338 2348
f 2348 2349 2347
f 2347 2349 2346
f 2350 2351 2348
f 2348 2351 2349
f 2349 2345 2346
f 2346 2345 2344
f 2345 2349 2352
f 2352 2349 2351
f 2338 2339 2348
f 2348 2339 2350
f 2350 2339 2353
f 2353 2339 2354
f 2356 2357 2355
f 2355 2357 2353
f 2351 2350 2357
f 2357 2350 2353
f 2353 2354 2355
f 2355 2354 2335
f 2320 2335 2341
f 2341 2335 2354
f 2339 2337 2354
f 2354 2337 2341
f 2352 2331 2345
f 2345 2331 2330
f 2356 2334 2352
f 2352 2334 2331
f 2356 2352 2357
f 2357 2352 2351
f 2355 2329 2356
f 2356 2329 2334
f 2335 2326 2355
f 2355 2326 2329
f 2321 2314 2322
f 2322 2314 2311
f 2321 2320 2340
f 2340 2320 2341
f 2315 2314 2340
f 2340 2314 2321
f 2125 2260 2126
f 2126 2260 2259
f 2157 2160 2129
f 2129 2160 2130
f 2188 2163 2187
f 2187 2163 2162
f 2182 2166 2188
f 2188 2166 2163
f 2180 2169 2263
f 2263 2169 2168
f 2160 2187 2130
f 2130 2187 2162
f 2275 2260 2262
f 2262 2260 2125
f 2128 2263 2129
f 2129 2263 2168
f 2262 2205 2169
f 2169 2205 2170
f 2165 2166 2259
f 2259 2166 2126
f 2359 2360 2358
f 2358 2360 2361
f 2363 2364 2362
f 2362 2364 2365
f 2367 2363 2366
f 2366 2363 2362
f 2368 2369 2371
f 2371 2369 2370
f 2372 2373 2248
f 2248 2373 2059
f 2364 2374 2365
f 2365 2374 2375
f 2377 2378 2376
f 2376 2378 2379
f 2290 2380 2223
f 2223 2380 2381
f 2223 2381 2264
f 2264 2381 2382
f 2384 2385 2383
f 2383 2385 2386
f 2364 2371 2374
f 2374 2371 2387
f 2059 2373 2290
f 2290 2373 2380
f 2378 2360 2379
f 2379 2360 2388
f 2374 2387 2359
f 2359 2387 2389
f 2390 2367 2386
f 2386 2367 2391
f 2393 2394 2392
f 2392 2394 2395
f 2386 2391 2383
f 2383 2391 2396
f 2367 2366 2391
f 2391 2366 2397
f 2363 2367 2368
f 2368 2367 2390
f 2398 2399 2361
f 2361 2399 2358
f 2399 2400 2358
f 2358 2400 2375
f 2390 2401 2368
f 2368 2401 2369
f 2372 2384 2376
f 2376 2384 2383
f 2374 2359 2375
f 2375 2359 2358
f 2402 2403 2365
f 2365 2403 2362
f 2359 2389 2360
f 2360 2389 2388
f 2364 2363 2371
f 2371 2363 2368
f 2405 2398 2404
f 2404 2398 2361
f 2392 2395 2406
f 2406 2395 2397
f 2377 2396 2394
f 2394 2396 2395
f 2394 2393 2404
f 2404 2393 2405
f 2396 2377 2383
f 2383 2377 2376
f 2406 2397 2407
f 2407 2397 2366
f 2400 2402 2375
f 2375 2402 2365
f 2385 2270 2401
f 2401 2270 2271
f 2403 2407 2362
f 2362 2407 2366
f 2371 2370 2387
f 2387 2370 2382
f 2391 2397 2396
f 2396 2397 2395
f 2378 2377 2404
f 2404 2377 2394
f 2360 2378 2361
f 2361 2378 2404
f 2407 2408 2406
f 2406 2408 2409
f 2410 2408 2403
f 2403 2408 2407
f 2411 2410 2402
f 2402 2410 2403
f 2412 2411 2400
f 2400 2411 2402
f 2406 2409 2392
f 2392 2409 2413
f 2392 2413 2393
f 2393 2413 2414
f 2415 2405 2414
f 2414 2405 2393
f 2416 2413 2417
f 2417 2413 2409
f 2419 2420 2418
f 2418 2420 2421
f 2420 2422 2421
f 2421 2422 2423
f 2420 2424 2422
f 2422 2424 2425
f 2426 2427 2424
f 2424 2427 2428
f 2428 2429 2424
f 2424 2429 2425
f 2426 2424 2419
f 2419 2424 2420
f 2419 2418 2431
f 2431 2418 2430
f 2425 2432 2422
f 2422 2432 2423
f 2408 2410 2432
f 2432 2410 2423
f 2423 2410 2433
f 2433 2410 2411
f 2421 2423 2434
f 2434 2423 2433
f 2435 2418 2434
f 2434 2418 2421
f 2429 2417 2425
f 2425 2417 2432
f 2408 2432 2409
f 2409 2432 2417
f 2418 2435 2430
f 2430 2435 2436
f 2438 2435 2437
f 2437 2435 2434
f 2435 2438 2436
f 2436 2438 2439
f 2441 2438 2440
f 2440 2438 2437
f 2442 2443 2437
f 2437 2443 2440
f 2439 2438 2444
f 2444 2438 2441
f 2433 2442 2434
f 2434 2442 2437
f 2412 2442 2411
f 2411 2442 2433
f 2436 2445 2430
f 2430 2445 2446
f 2430 2446 2431
f 2431 2446 2447
f 2417 2429 2448
f 2448 2429 2428
f 2427 2449 2428
f 2428 2449 2448
f 2450 2416 2448
f 2448 2416 2417
f 2451 2450 2449
f 2449 2450 2448
f 2427 2452 2449
f 2449 2452 2453
f 2447 2446 2452
f 2452 2446 2453
f 2454 2412 2399
f 2399 2412 2400
f 2415 2455 2405
f 2405 2455 2398
f 2399 2398 2454
f 2454 2398 2455
f 2454 2455 2443
f 2443 2455 2456
f 2443 2456 2440
f 2440 2456 2457
f 2458 2456 2415
f 2415 2456 2455
f 2443 2442 2454
f 2454 2442 2412
f 2459 2458 2414
f 2414 2458 2415
f 2413 2416 2414
f 2414 2416 2459
f 2459 2416 2460
f 2460 2416 2450
f 2460 2461 2459
f 2459 2461 2458
f 2462 2463 2460
f 2460 2463 2461
f 2461 2457 2458
f 2458 2457 2456
f 2457 2461 2464
f 2464 2461 2463
f 2451 2462 2450
f 2450 2462 2460
f 2462 2451 2465
f 2465 2451 2466
f 2468 2469 2467
f 2467 2469 2465
f 2463 2462 2469
f 2469 2462 2465
f 2465 2466 2467
f 2467 2466 2445
f 2446 2445 2453
f 2453 2445 2466
f 2451 2449 2466
f 2466 2449 2453
f 2464 2441 2457
f 2457 2441 2440
f 2468 2444 2464
f 2464 2444 2441
f 2468 2464 2469
f 2469 2464 2463
f 2467 2439 2468
f 2468 2439 2444
f 2445 2436 2467
f 2467 2436 2439
f 2447 2426 2431
f 2431 2426 2419
f 2427 2426 2452
f 2452 2426 2447
f 2369 2179 2370
f 2370 2179 2178
f 2376 2379 2372
f 2372 2379 2373
f 2389 2381 2388
f 2388 2381 2380
f 2387 2382 2389
f 2389 2382 2381
f 2270 2385 2277
f 2277 2385 2384
f 2379 2388 2373
f 2373 2388 2380
f 2401 2271 2369
f 2369 2271 2179
f 2248 2277 2372
f 2372 2277 2384
f 2401 2390 2385
f 2385 2390 2386
f 2264 2382 2178
f 2178 2382 2370
f 2215 2134 2271
f 2271 2134 2179
f 2005 2000 2199
f 2199 2000 2215
f 2004 2001 2005
f 2005 2001 2000
f 2200 2214 2004
f 2004 2214 2001
f 2470 2471 2473
f 2473 2471 2472
f 2475 2476 2474
f 2474 2476 2477
f 2479 2475 2478
f 2478 2475 2474
f 2481 2482 2480
f 2480 2482 2483
f 2476 2484 2477
f 2477 2484 2485
f 2487 2488 2486
f 2486 2488 2489
f 2133 2490 2058
f 2058 2490 2491
f 2058 2491 2247
f 2247 2491 2492
f 2494 2495 2493
f 2493 2495 2496
f 2476 2483 2484
f 2484 2483 2497
f 2472 2498 2488
f 2488 2498 2489
f 2484 2497 2471
f 2471 2497 2499
f 2500 2479 2496
f 2496 2479 2501
f 2502 2503 2505
f 2505 2503 2504
f 2496 2501 2493
f 2493 2501 2506
f 2479 2478 2501
f 2501 2478 2507
f 2475 2479 2480
f 2480 2479 2500
f 2508 2509 2473
f 2473 2509 2470
f 2509 2510 2470
f 2470 2510 2485
f 2511 2481 2500
f 2500 2481 2480
f 2512 2494 2486
f 2486 2494 2493
f 2485 2484 2470
f 2470 2484 2471
f 2513 2514 2477
f 2477 2514 2474
f 2471 2499 2472
f 2472 2499 2498
f 2476 2475 2483
f 2483 2475 2480
f 2516 2508 2515
f 2515 2508 2473
f 2502 2505 2517
f 2517 2505 2507
f 2504 2487 2505
f 2505 2487 2506
f 2503 2516 2504
f 2504 2516 2515
f 2506 2487 2493
f 2493 2487 2486
f 2517 2507 2518
f 2518 2507 2478
f 2510 2513 2485
f 2485 2513 2477
f 2511 2495 2293
f 2293 2495 2154
f 2514 2518 2474
f 2474 2518 2478
f 2483 2482 2497
f 2497 2482 2492
f 2501 2507 2506
f 2506 2507 2505
f 2488 2487 2515
f 2515 2487 2504
f 2472 2488 2473
f 2473 2488 2515
f 2518 2519 2517
f 2517 2519 2520
f 2521 2519 2514
f 2514 2519 2518
f 2522 2521 2513
f 2513 2521 2514
f 2523 2522 2510
f 2510 2522 2513
f 2517 2520 2502
f 2502 2520 2524
f 2502 2524 2503
f 2503 2524 2525
f 2525 2526 2503
f 2503 2526 2516
f 2527 2524 2528
f 2528 2524 2520
f 2530 2531 2529
f 2529 2531 2532
f 2531 2533 2532
f 2532 2533 2534
f 2531 2535 2533
f 2533 2535 2536
f 2537 2538 2535
f 2535 2538 2539
f 2539 2540 2535
f 2535 2540 2536
f 2537 2535 2530
f 2530 2535 2531
f 2529 2541 2530
f 2530 2541 2542
f 2543 2534 2536
f 2536 2534 2533
f 2519 2521 2543
f 2543 2521 2534
f 2534 2521 2544
f 2544 2521 2522
f 2532 2534 2545
f 2545 2534 2544
f 2529 2532 2546
f 2546 2532 2545
f 2536 2540 2543
f 2543 2540 2528
f 2519 2543 2520
f 2520 2543 2528
f 2541 2529 2547
f 2547 2529 2546
f 2548 2549 2545
f 2545 2549 2546
f 2549 2550 2546
f 2546 2550 2547
f 2551 2552 2548
f 2548 2552 2549
f 2548 2553 2551
f 2551 2553 2554
f 2550 2549 2555
f 2555 2549 2552
f 2545 2544 2548
f 2548 2544 2553
f 2523 2553 2522
f 2522 2553 2544
f 2547 2556 2541
f 2541 2556 2557
f 2541 2557 2542
f 2542 2557 2558
f 2528 2540 2559
f 2559 2540 2539
f 2538 2560 2539
f 2539 2560 2559
f 2561 2527 2559
f 2559 2527 2528
f 2560 2562 2559
f 2559 2562 2561
f 2560 2538 2564
f 2564 2538 2563
f 2558 2557 2563
f 2563 2557 2564
f 2565 2523 2509
f 2509 2523 2510
f 2526 2566 2516
f 2516 2566 2508
f 2509 2508 2565
f 2565 2508 2566
f 2565 2566 2554
f 2554 2566 2567
f 2554 2567 2551
f 2551 2567 2568
f 2569 2567 2526
f 2526 2567 2566
f 2553 2523 2554
f 2554 2523 2565
f 2570 2569 2525
f 2525 2569 2526
f 2524 2527 2525
f 2525 2527 2570
f 2527 2561 2570
f 2570 2561 2571
f 2571 2572 2570
f 2570 2572 2569
f 2573 2574 2571
f 2571 2574 2572
f 2572 2568 2569
f 2569 2568 2567
f 2568 2572 2575
f 2575 2572 2574
f 2562 2573 2561
f 2561 2573 2571
f 2573 2562 2576
f 2576 2562 2577
f 2579 2580 2578
f 2578 2580 2576
f 2574 2573 2580
f 2580 2573 2576
f 2576 2577 2578
f 2578 2577 2556
f 2557 2556 2564
f 2564 2556 2577
f 2562 2560 2577
f 2577 2560 2564
f 2575 2552 2568
f 2568 2552 2551
f 2579 2555 2575
f 2575 2555 2552
f 2579 2575 2580
f 2580 2575 2574
f 2550 2555 2578
f 2578 2555 2579
f 2556 2547 2578
f 2578 2547 2550
f 2558 2537 2542
f 2542 2537 2530
f 2538 2537 2563
f 2563 2537 2558
f 2292 2295 2481
f 2481 2295 2482
f 2486 2489 2512
f 2512 2489 2581
f 2499 2491 2498
f 2498 2491 2490
f 2497 2492 2499
f 2499 2492 2491
f 2155 2154 2494
f 2494 2154 2495
f 2581 2489 2490
f 2490 2489 2498
f 2293 2292 2511
f 2511 2292 2481
f 2191 2155 2512
f 2512 2155 2494
f 2500 2496 2511
f 2511 2496 2495
f 2247 2492 2295
f 2295 2492 2482
f 2583 2584 2582
f 2582 2584 2585
f 2587 2588 2586
f 2586 2588 2589
f 2591 2587 2590
f 2590 2587 2586
f 2593 2594 2592
f 2592 2594 2595
f 2596 2597 2599
f 2599 2597 2598
f 2588 2600 2589
f 2589 2600 2601
f 2602 2603 2605
f 2605 2603 2604
f 2606 2607 2609
f 2609 2607 2608
f 2609 2608 2190
f 2190 2608 2610
f 2611 2612 2614
f 2614 2612 2613
f 2600 2588 2615
f 2615 2588 2595
f 2599 2598 2606
f 2606 2598 2607
f 2584 2616 2604
f 2604 2616 2605
f 2600 2615 2583
f 2583 2615 2617
f 2591 2619 2618
f 2618 2619 2614
f 2621 2622 2620
f 2620 2622 2623
f 2619 2624 2614
f 2614 2624 2611
f 2591 2590 2619
f 2619 2590 2625
f 2587 2591 2592
f 2592 2591 2618
f 2626 2627 2585
f 2585 2627 2582
f 2627 2628 2582
f 2582 2628 2601
f 2629 2593 2618
f 2618 2593 2592
f 2602 2597 2611
f 2611 2597 2612
f 2600 2583 2601
f 2601 2583 2582
f 2630 2631 2589
f 2589 2631 2586
f 2583 2617 2584
f 2584 2617 2616
f 2588 2587 2595
f 2595 2587 2592
f 2633 2626 2632
f 2632 2626 2585
f 2620 2623 2634
f 2634 2623 2625
f 2622 2603 2623
f 2623 2603 2624
f 2621 2633 2622
f 2622 2633 2632
f 2611 2624 2602
f 2602 2624 2603
f 2634 2625 2635
f 2635 2625 2590
f 2628 2630 2601
f 2601 2630 2589
f 2613 2195 2629
f 2629 2195 2194
f 2631 2635 2586
f 2586 2635 2590
f 2595 2594 2615
f 2615 2594 2610
f 2619 2625 2624
f 2624 2625 2623
f 2632 2604 2622
f 2622 2604 2603
f 2585 2584 2632
f 2632 2584 2604
f 2635 2636 2634
f 2634 2636 2637
f 2638 2636 2631
f 2631 2636 2635
f 2639 2638 2630
f 2630 2638 2631
f 2640 2639 2628
f 2628 2639 2630
f 2634 2637 2620
f 2620 2637 2641
f 2620 2641 2621
f 2621 2641 2642
f 2642 2643 2621
f 2621 2643 2633
f 2641 2637 2644
f 2644 2637 2645
f 2646 2647 2649
f 2649 2647 2648
f 2648 2650 2649
f 2649 2650 2651
f 2648 2652 2650
f 2650 2652 2653
f 2652 2654 2656
f 2656 2654 2655
f 2656 2657 2652
f 2652 2657 2653
f 2654 2652 2647
f 2647 2652 2648
f 2647 2646 2659
f 2659 2646 2658
f 2660 2651 2653
f 2653 2651 2650
f 2636 2638 2660
f 2660 2638 2651
f 2651 2638 2661
f 2661 2638 2639
f 2651 2661 2649
f 2649 2661 2662
f 2663 2646 2662
f 2662 2646 2649
f 2653 2657 2660
f 2660 2657 2645
f 2636 2660 2637
f 2637 2660 2645
f 2646 2663 2658
f 2658 2663 2664
f 2665 2666 2662
f 2662 2666 2663
f 2666 2667 2663
f 2663 2667 2664
f 2668 2669 2665
f 2665 2669 2666
f 2665 2670 2668
f 2668 2670 2671
f 2667 2666 2672
f 2672 2666 2669
f 2662 2661 2665
f 2665 2661 2670
f 2640 2670 2639
f 2639 2670 2661
f 2673 2674 2664
f 2664 2674 2658
f 2658 2674 2659
f 2659 2674 2675
f 2645 2657 2676
f 2676 2657 2656
f 2677 2676 2655
f 2655 2676 2656
f 2676 2678 2645
f 2645 2678 2644
f 2677 2679 2676
f 2676 2679 2678
f 2655 2680 2677
f 2677 2680 2681
f 2675 2674 2680
f 2680 2674 2681
f 2682 2640 2627
f 2627 2640 2628
f 2643 2683 2633
f 2633 2683 2626
f 2682 2627 2683
f 2683 2627 2626
f 2683 2684 2682
f 2682 2684 2671
f 2684 2685 2671
f 2671 2685 2668
f 2686 2684 2643
f 2643 2684 2683
f 2670 2640 2671
f 2671 2640 2682
f 2687 2686 2642
f 2642 2686 2643
f 2642 2641 2687
f 2687 2641 2644
f 2687 2644 2688
f 2688 2644 2678
f 2688 2689 2687
f 2687 2689 2686
f 2690 2691 2688
f 2688 2691 2689
f 2689 2685 2686
f 2686 2685 2684
f 2685 2689 2692
f 2692 2689 2691
f 2679 2690 2678
f 2678 2690 2688
f 2690 2679 2693
f 2693 2679 2694
f 2696 2697 2695
f 2695 2697 2693
f 2691 2690 2697
f 2697 2690 2693
f 2693 2694 2695
f 2695 2694 2673
f 2674 2673 2681
f 2681 2673 2694
f 2679 2677 2694
f 2694 2677 2681
f 2685 2692 2668
f 2668 2692 2669
f 2696 2672 2692
f 2692 2672 2669
f 2696 2692 2697
f 2697 2692 2691
f 2695 2667 2696
f 2696 2667 2672
f 2673 2664 2695
f 2695 2664 2667
f 2675 2654 2659
f 2659 2654 2647
f 2655 2654 2680
f 2680 2654 2675
f 2291 2156 2593
f 2593 2156 2594
f 2597 2602 2598
f 2598 2602 2605
f 2616 2617 2607
f 2607 2617 2608
f 2615 2610 2617
f 2617 2610 2608
f 2597 2596 2612
f 2612 2596 2698
f 2598 2605 2607
f 2607 2605 2616
f 2194 2291 2629
f 2629 2291 2593
f 2629 2618 2613
f 2613 2618 2614
f 2190 2610 2156
f 2156 2610 2594
f 2700 2010 2699
f 2699 2010 2086
f 2267 2701 2116
f 2116 2701 2702
f 2116 2702 2117
f 2117 2702 2703
f 2704 2705 2250
f 2250 2705 2254
f 2011 2706 2267
f 2267 2706 2701
f 2699 2086 2707
f 2707 2086 2289
f 2010 2700 2011
f 2011 2700 2706
f 2708 2707 2251
f 2251 2707 2289
f 2703 2704 2117
f 2117 2704 2250
f 2705 2708 2254
f 2254 2708 2251
f 2709 2710 2708
f 2708 2710 2707
f 2711 2709 2705
f 2705 2709 2708
f 2712 2711 2704
f 2704 2711 2705
f 2713 2712 2703
f 2703 2712 2704
f 2707 2710 2699
f 2699 2710 2714
f 2699 2714 2700
f 2700 2714 2715
f 2716 2706 2715
f 2715 2706 2700
f 2714 2710 2717
f 2717 2710 2718
f 2720 2721 2719
f 2719 2721 2722
f 2721 2723 2722
f 2722 2723 2724
f 2721 2725 2723
f 2723 2725 2726
f 2727 2728 2725
f 2725 2728 2726
f 2729 2725 2720
f 2720 2725 2721
f 2731 2729 2730
f 2730 2729 2720
f 2719 2732 2720
f 2720 2732 2730
f 2726 2733 2723
f 2723 2733 2724
f 2709 2711 2733
f 2733 2711 2724
f 2724 2711 2734
f 2734 2711 2712
f 2722 2724 2735
f 2735 2724 2734
f 2719 2722 2736
f 2736 2722 2735
f 2726 2728 2733
f 2733 2728 2718
f 2709 2733 2710
f 2710 2733 2718
f 2732 2719 2737
f 2737 2719 2736
f 2738 2739 2735
f 2735 2739 2736
f 2739 2740 2736
f 2736 2740 2737
f 2741 2742 2738
f 2738 2742 2739
f 2738 2743 2741
f 2741 2743 2744
f 2740 2739 2745
f 2745 2739 2742
f 2735 2734 2738
f 2738 2734 2743
f 2713 2743 2712
f 2712 2743 2734
f 2737 2746 2732
f 2732 2746 2747
f 2732 2747 2730
f 2730 2747 2731
f 2718 2728 2748
f 2748 2728 2727
f 2749 2750 2727
f 2727 2750 2748
f 2748 2751 2718
f 2718 2751 2717
f 2750 2752 2748
f 2748 2752 2751
f 2750 2749 2754
f 2754 2749 2753
f 2731 2747 2753
f 2753 2747 2754
f 2727 2725 2749
f 2749 2725 2729
f 2749 2729 2753
f 2753 2729 2731
f 2702 2755 2703
f 2703 2755 2713
f 2706 2716 2701
f 2701 2716 2756
f 2755 2702 2756
f 2756 2702 2701
f 2756 2757 2755
f 2755 2757 2744
f 2757 2758 2744
f 2744 2758 2741
f 2759 2757 2716
f 2716 2757 2756
f 2743 2713 2744
f 2744 2713 2755
f 2760 2759 2715
f 2715 2759 2716
f 2715 2714 2760
f 2760 2714 2717
f 2760 2717 2761
f 2761 2717 2751
f 2761 2762 2760
f 2760 2762 2759
f 2763 2764 2761
f 2761 2764 2762
f 2762 2758 2759
f 2759 2758 2757
f 2758 2762 2765
f 2765 2762 2764
f 2752 2763 2751
f 2751 2763 2761
f 2763 2752 2766
f 2766 2752 2767
f 2768 2769 2766
f 2766 2769 2770
f 2764 2763 2770
f 2770 2763 2766
f 2766 2767 2768
f 2768 2767 2746
f 2747 2746 2754
f 2754 2746 2767
f 2752 2750 2767
f 2767 2750 2754
f 2758 2765 2741
f 2741 2765 2742
f 2769 2745 2765
f 2765 2745 2742
f 2769 2765 2770
f 2770 2765 2764
f 2768 2740 2769
f 2769 2740 2745
f 2746 2737 2768
f 2768 2737 2740
f 2201 2212 2200
f 2200 2212 2214
f 2201 2202 2212
f 2212 2202 2185
f 2512 2581 2191
f 2191 2581 2192
f 2059 2290 2056
f 2056 2290 2272
f 2174 2199 2294
f 2294 2199 2278
f 2063 2175 2194
f 2194 2175 2291
f 2192 2581 2133
f 2133 2581 2490
f 2133 2132 2192
f 2192 2132 2189
f 2054 2276 2055
f 2055 2276 2138
f 2083 2279 2084
f 2084 2279 2771
f 2771 2279 2599
f 2599 2279 2596
f 2606 2772 2599
f 2599 2772 2771
f 2772 2773 2771
f 2771 2773 2084
f 2773 2774 2084
f 2084 2774 2085
f 2085 2775 2082
f 2082 2775 2144
f 2774 2078 2085
f 2085 2078 2775
f 2078 2774 2079
f 2079 2774 2776
f 2774 2773 2776
f 2776 2773 2777
f 2773 2772 2777
f 2777 2772 2778
f 2190 2189 2609
f 2609 2189 2778
f 2053 2052 2779
f 2779 2052 2181
f 2144 2775 2081
f 2081 2775 2078
f 2294 2153 2174
f 2174 2153 2175
f 2132 2276 2189
f 2189 2276 2778
f 2606 2609 2772
f 2772 2609 2778
f 2195 2613 2698
f 2698 2613 2612
f 2596 2279 2698
f 2698 2279 2195
f 2054 2777 2276
f 2276 2777 2778
f 2777 2054 2776
f 2776 2054 2053
f 2053 2779 2776
f 2776 2779 2079
f 2779 2181 2079
f 2079 2181 2080
f 2181 2239 2080
f 2080 2239 2240
f 2122 2256 2014
f 2042 1982 2076
f 2076 1982 2007
f 1982 1985 2007
f 2007 1985 2008
f 2095 2097 2265
f 2265 2097 2266
f 2076 2050 2042
f 2042 2050 2047
f 2046 2043 2047
f 2047 2043 2042
f 2118 1993 2046
f 2046 1993 2043
f 1995 1994 2118
f 2118 1994 1993
f 2267 1992 2011
f 2011 1992 2012
f 1997 2012 1994
f 1994 2012 1992
f 2226 2013 1997
f 1997 2013 2012
f 2225 2087 2226
f 2226 2087 2013
f 2225 2232 2087
f 2087 2232 2288
f 2232 2070 2288
f 2288 2070 2252
f 2070 2025 2252
f 2252 2025 2253
f 1988 2249 2025
f 2025 2249 2253
f 2116 2115 2267
f 2267 2115 2268
f 2096 1984 2237
f 2237 1984 1991
f 2095 1985 2096
f 2096 1985 1984
f 2265 2008 2095
f 2095 2008 1985
f 2092 2009 2265
f 2265 2009 2008
f 2091 2286 2092
f 2092 2286 2009
f 2255 2238 2091
f 2091 2238 2286
f 2256 2239 2255
f 2255 2239 2238
f 2122 2240 2256
f 2256 2240 2239
f 2121 2241 2122
f 2122 2241 2240
f 2022 2018 2097
f 2097 2018 2266
f 2022 2024 2018
f 2018 2024 2019
f 2024 2072 2019
f 2019 2072 2073
f 2072 2228 2073
f 2073 2228 2230
f 2228 2184 2230
f 2230 2184 2183
f 2121 2285 2241
f 2241 2285 2258
f 2285 2036 2258
f 2258 2036 2257
f 2177 2145 2193
f 2193 2145 2257
f 2173 2193 2196
f 2196 2193 2037
f 2036 2037 2257
f 2257 2037 2193
f 2196 2037 2066
f 2066 2037 2035
f 2061 2108 2034
f 2034 2108 2067
f 2108 2208 2067
f 2067 2208 2204
f 2208 2210 2204
f 2204 2210 2203
f 2210 2280 2203
f 2203 2280 2186
f 2183 2186 2235
f 2235 2186 2280
f 1987 2114 1988
f 1988 2114 2249
f 2237 2115 1987
f 1987 2115 2114
f 1991 2268 2237
f 2237 2268 2115
f 1991 1990 2268
f 2268 1990 1992
f 107 110 2781
f 2781 110 2780
f 117 2782 118
f 118 2782 2783
f 119 2784 120
f 120 2784 2785
f 125 2786 126
f 126 2786 2787
f 127 2788 128
f 128 2788 2789
f 127 132 2788
f 2788 132 2790
f 231 230 2792
f 2792 230 2791
f 118 2783 119
f 119 2783 2784
f 241 243 2794
f 2794 243 2793
f 2781 2795 107
f 107 2795 352
f 120 2785 437
f 437 2785 2796
f 126 2787 110
f 110 2787 2780
f 455 2797 456
f 456 2797 2798
f 128 2789 457
f 457 2789 2799
f 456 2798 117
f 117 2798 2782
f 2794 2797 241
f 241 2797 455
f 457 2799 125
f 125 2799 2786
f 132 231 2790
f 2790 231 2792
f 230 437 2791
f 2791 437 2796
f 2792 2789 2790
f 2790 2789 2788
f 2785 2784 2801
f 2801 2784 2800
f 2786 2802 2787
f 2787 2802 2803
f 2792 2791 2805
f 2805 2791 2804
f 2784 2783 2800
f 2800 2783 2806
f 2785 2801 2796
f 2796 2801 2807
f 2787 2803 2780
f 2780 2803 2808
f 2789 2809 2799
f 2799 2809 2810
f 2799 2810 2786
f 2786 2810 2802
f 2791 2796 2804
f 2804 2796 2807
f 2789 2792 2809
f 2809 2792 2805
f 2812 2797 2811
f 2811 2797 2794
f 2809 2805 2810
f 2810 2805 2804
f 2810 2804 2802
f 2802 2804 2807
f 2802 2807 2803
f 2803 2807 2801
f 2808 2803 2800
f 2800 2803 2801
f 2814 699 2813
f 2813 699 698
f 2808 2815 2780
f 2780 2815 2781
f 2817 2782 2816
f 2816 2782 2798
f 2815 2818 2781
f 2781 2818 2795
f 2797 2812 2798
f 2798 2812 2816
f 2783 2782 2806
f 2806 2782 2817
f 2800 2806 2808
f 2808 2806 2815
f 2794 2793 2811
f 2811 2793 2819
f 174 201 384
f 384 201 362
f 200 1766 390
f 390 1766 1777
f 1777 1778 390
f 390 1778 398
f 1778 361 398
f 398 361 222
f 2820 2821 628
f 628 2821 629
f 1406 2820 790
f 790 2820 628
f 794 1415 1233
f 1233 1415 1234
f 1406 790 1407
f 1407 790 1312
f 1407 1312 2822
f 2822 1312 1316
f 2823 1380 1543
f 1543 1380 1379
f 1385 1738 1382
f 1382 1738 1383
f 1381 791 1382
f 1382 791 1386
f 791 794 1386
f 1386 794 1233
f 1259 1390 1260
f 1260 1390 1389
f 1905 1542 1394
f 1394 1542 1395
f 1410 1413 1397
f 1397 1413 1398
f 2821 1410 629
f 629 1410 1397
f 2823 2822 1380
f 1380 2822 1316
f 1392 1395 1378
f 1378 1395 1379
f 1738 1399 1383
f 1383 1399 1398
f 1388 1235 1389
f 1389 1235 1234
f 1393 1391 1394
f 1394 1391 1390
f 1381 1384 779
f 779 1384 780
f 1282 788 792
f 792 788 793
f 1431 1262 1432
f 1432 1262 1261
f 1400 1342 1408
f 1408 1342 1409
f 1508 1544 1411
f 1411 1544 1412
f 788 787 793
f 793 787 1414
f 2821 2820 1429
f 1429 2820 1430
f 2822 2823 1506
f 1506 2823 1507
f 778 1282 779
f 779 1282 792
f 2820 1406 1430
f 1430 1406 1409
f 1410 2821 1411
f 1411 2821 1429
f 1407 2822 1408
f 1408 2822 1506
f 1544 781 1412
f 1412 781 780
f 1260 1415 1261
f 1261 1415 1414
f 1334 2824 923
f 923 2824 924
f 2826 1268 2825
f 2825 1268 1267
f 769 1212 2827
f 2827 1212 2828
f 1492 1190 1266
f 1266 1190 1267
f 1488 2829 1489
f 1489 2829 2830
f 922 1329 923
f 923 1329 1328
f 1484 2831 1485
f 1485 2831 2832
f 1482 2833 1485
f 1485 2833 1486
f 1324 1493 1489
f 1489 1493 1490
f 1265 1491 1266
f 1266 1491 1490
f 2835 2836 2834
f 2834 2836 2837
f 1250 2838 2827
f 2827 2838 2839
f 1488 1491 2840
f 2840 1491 2841
f 1268 2826 2842
f 2842 2826 2843
f 2844 2845 1495
f 1495 2845 1496
f 1427 2847 2846
f 2846 2847 926
f 2829 1488 2848
f 2848 1488 2840
f 1329 922 2849
f 2849 922 927
f 2850 2851 768
f 768 2851 1213
f 1265 1268 2852
f 2852 1268 2842
f 1491 1265 2841
f 2841 1265 2852
f 2854 2855 2853
f 2853 2855 2856
f 2855 2857 2856
f 2856 2857 598
f 2857 2858 598
f 598 2858 595
f 2858 2859 595
f 595 2859 626
f 649 652 2860
f 2860 652 2861
f 639 642 2862
f 2862 642 2863
f 2864 705 2862
f 2862 705 639
f 2865 1418 2864
f 2864 1418 705
f 2866 2867 2865
f 2865 2867 1418
f 1760 1348 1761
f 1761 1348 2867
f 1764 2868 1197
f 1197 2868 1198
f 2869 611 2868
f 2868 611 1198
f 2870 612 2869
f 2869 612 611
f 1352 1350 944
f 944 1350 688
f 1350 1256 688
f 688 1256 685
f 1256 1255 685
f 685 1255 692
f 1255 2871 692
f 692 2871 2872
f 701 2873 698
f 698 2873 2813
f 2872 1349 692
f 692 1349 693
f 1696 1744 1574
f 1574 1744 1575
f 1753 1618 1577
f 1577 1618 1578
f 1729 1594 1608
f 1608 1594 1609
f 1725 1630 1611
f 1611 1630 1612
f 1604 1607 1625
f 1625 1607 1626
f 1624 1703 1625
f 1625 1703 1912
f 1703 1702 1912
f 1912 1702 1913
f 1702 1753 1913
f 1913 1753 1577
f 1598 1569 1915
f 1915 1569 1578
f 1616 1615 1915
f 1915 1615 1916
f 1615 1696 1916
f 1916 1696 1574
f 1744 1745 1575
f 1575 1745 1917
f 1745 1565 1917
f 1917 1565 1609
f 1568 1725 1608
f 1608 1725 1611
f 2874 1613 1918
f 1918 1613 1612
f 1607 2874 1626
f 1626 2874 1918
f 1610 1613 1562
f 1562 1613 1563
f 1547 1550 1570
f 1570 1550 1571
f 1573 1576 1580
f 1580 1576 1581
f 1553 1556 1595
f 1595 1556 1596
f 1556 1582 1596
f 1596 1582 1581
f 1551 1547 1599
f 1599 1547 1570
f 1731 1914 1601
f 1601 1914 1602
f 1686 1689 1605
f 1605 1689 1606
f 1598 1743 1599
f 1599 1743 1692
f 2874 1607 1723
f 1723 1607 1606
f 1727 1553 1730
f 1730 1553 1595
f 1600 1686 1601
f 1601 1686 1605
f 1914 1572 1602
f 1602 1572 1571
f 1579 1693 1580
f 1580 1693 1692
f 1613 2874 1563
f 1563 2874 1723
f 1561 1727 1562
f 1562 1727 1730
f 1949 1742 1548
f 1548 1742 1549
f 1694 1949 1552
f 1552 1949 1548
f 1954 1589 1554
f 1554 1589 1555
f 1693 1579 1558
f 1558 1579 1559
f 1561 1564 1584
f 1584 1564 1585
f 1582 1556 1588
f 1588 1556 1555
f 1600 1603 1591
f 1591 1603 1592
f 1981 1977 1687
f 1687 1977 1688
f 1564 1722 1585
f 1585 1722 1690
f 1551 1693 1552
f 1552 1693 1558
f 1751 1954 1728
f 1728 1954 1554
f 1590 1981 1591
f 1591 1981 1687
f 1603 1550 1592
f 1592 1550 1549
f 1977 1691 1688
f 1688 1691 1690
f 1587 1560 1588
f 1588 1560 1559
f 1727 1561 1728
f 1728 1561 1584
f 2875 1919 1947
f 1947 1919 1948
f 1557 1560 1952
f 1952 1560 1953
f 1933 1932 1955
f 1955 1932 1956
f 1587 1589 1958
f 1958 1589 1956
f 1959 1933 1965
f 1965 1933 1955
f 1961 1964 1966
f 1966 1964 1967
f 1981 1590 1969
f 1969 1590 1967
f 1742 1949 1972
f 1972 1949 1948
f 1593 1742 1966
f 1966 1742 1972
f 1957 1950 1958
f 1958 1950 1953
f 1583 1586 1974
f 1974 1586 1975
f 1940 1943 1978
f 1978 1943 1979
f 1943 1976 1979
f 1979 1976 1975
f 1951 2875 1952
f 1952 2875 1947
f 1968 1940 1969
f 1969 1940 1978
f 1973 1959 1974
f 1974 1959 1965
f 1923 1971 1920
f 1920 1971 1921
f 1919 2875 1920
f 1920 2875 1924
f 2875 1951 1924
f 1924 1951 1926
f 1950 1957 1929
f 1929 1957 1930
f 2244 2243 1934
f 1934 2243 1935
f 1973 1976 1937
f 1937 1976 1938
f 1944 1980 1941
f 1941 1980 1942
f 1940 1968 1941
f 1941 1968 1945
f 2287 2244 1960
f 1960 2244 1934
f 1970 2245 1962
f 1962 2245 1963
f 2243 1931 1935
f 1935 1931 1930
f 1927 1926 1928
f 1928 1926 1929
f 1961 1922 1962
f 1962 1922 1921
f 2245 1946 1963
f 1963 1946 1945
f 1976 1943 1938
f 1938 1943 1942
f 1936 2287 1937
f 1937 2287 1960
f 743 1238 608
f 608 1238 609
f 607 1811 608
f 608 1811 744
f 1304 2876 1305
f 1305 2876 2877
f 586 585 1298
f 1298 585 1299
f 585 702 1299
f 1299 702 1300
f 702 1428 1300
f 1300 1428 1301
f 1238 586 609
f 609 586 1298
f 2878 2879 1218
f 1218 2879 2877
f 2880 2881 1812
f 1812 2881 1819
f 2883 1821 2882
f 2882 1821 1820
f 2840 2841 620
f 620 2841 621
f 2842 2843 795
f 795 2843 796
f 892 895 2844
f 2844 895 2845
f 2848 2840 942
f 942 2840 620
f 2849 927 1202
f 1202 927 1203
f 2852 2842 1270
f 1270 2842 795
f 2841 2852 621
f 621 2852 1270
f 941 1759 942
f 942 1759 2884
f 659 929 1427
f 1427 929 2847
f 1237 2851 751
f 751 2851 2850
f 1216 2885 1217
f 1217 2885 1754
f 2887 734 2886
f 2886 734 733
f 2889 1816 2888
f 2888 1816 1815
f 2890 1245 2889
f 2889 1245 1816
f 1824 2891 1825
f 1825 2891 1246
f 2892 2893 2895
f 2895 2893 2894
f 1854 1833 1851
f 1851 1833 1832
f 1851 1832 1884
f 1884 1832 1876
f 1884 1876 1441
f 1441 1876 1443
f 1441 1443 1442
f 1442 1443 1446
f 1442 1446 2896
f 2896 1446 1507
f 2897 2823 2898
f 2898 2823 1543
f 1542 2899 1543
f 1543 2899 2898
f 1542 1905 2899
f 2899 1905 2900
f 1905 1259 2900
f 2900 1259 2901
f 1262 1431 2902
f 2902 1431 1904
f 1431 1434 1904
f 1904 1434 1902
f 1902 1434 2903
f 2903 1434 719
f 2903 719 2904
f 2904 719 718
f 1869 1881 718
f 718 1881 2904
f 1881 1869 1880
f 1880 1869 756
f 1880 756 2905
f 2905 756 755
f 2905 755 2906
f 2906 755 758
f 762 2907 763
f 763 2907 2908
f 724 723 2909
f 2909 723 894
f 796 895 723
f 723 895 894
f 2843 2845 796
f 796 2845 895
f 2826 1496 2843
f 2843 1496 2845
f 2825 1497 2826
f 2826 1497 1496
f 1189 2836 2825
f 2825 2836 1497
f 797 891 798
f 798 891 2837
f 802 888 797
f 797 888 891
f 2910 2911 2913
f 2913 2911 2912
f 1780 1783 2915
f 2915 1783 2914
f 2916 2917 831
f 831 2917 832
f 2918 2919 845
f 845 2919 846
f 2920 2916 847
f 847 2916 831
f 2921 2922 857
f 857 2922 858
f 2923 2924 860
f 860 2924 861
f 2919 2912 846
f 846 2912 887
f 2925 2920 940
f 940 2920 847
f 2924 2926 861
f 861 2926 1204
f 2917 2918 832
f 832 2918 845
f 2927 2928 1449
f 1449 2928 1450
f 2929 2930 889
f 889 2930 2931
f 2896 1507 2897
f 2897 1507 2823
f 2902 2901 1262
f 1262 2901 1259
f 2932 2933 750
f 750 2933 1236
f 2933 2934 1236
f 1236 2934 1835
f 2936 2937 2935
f 2935 2937 2938
f 2940 2941 2939
f 2939 2941 2942
f 2943 2944 1841
f 1841 2944 1842
f 2945 1860 2944
f 2944 1860 1842
f 2945 2946 1860
f 1860 2946 1859
f 1889 2947 1890
f 1890 2947 1856
f 1856 2947 1857
f 1857 2947 2948
f 2950 709 2949
f 2949 709 1829
f 2952 730 2951
f 2951 730 729
f 2866 2953 2867
f 2867 2953 1761
f 2953 2954 1761
f 1761 2954 1420
f 2954 2955 1420
f 1420 2955 742
f 2955 2956 742
f 742 2956 739
f 2956 2957 739
f 739 2957 760
f 2957 2958 760
f 760 2958 761
f 2958 2959 761
f 761 2959 2960
f 2959 2961 2960
f 2960 2961 2962
f 2963 2964 1839
f 1839 2964 1840
f 2964 2965 1840
f 1840 2965 2942
f 2966 2950 2939
f 2939 2950 2949
f 2935 2967 2936
f 2936 2967 2968
f 2969 2970 736
f 736 2970 735
f 734 2887 1815
f 1815 2887 2888
f 2887 2882 2888
f 2888 2882 2881
f 1819 1820 1817
f 1817 1820 748
f 1195 1757 1197
f 1197 1757 1424
f 1757 647 1424
f 1424 647 646
f 647 648 646
f 646 648 643
f 648 1271 643
f 643 1271 737
f 1271 725 737
f 737 725 765
f 725 724 765
f 765 724 762
f 762 724 2907
f 2907 724 2909
f 1254 1437 2909
f 2909 1437 2907
f 1438 1253 1836
f 1836 1253 1835
f 1836 1835 2938
f 2938 1835 2934
f 2971 2972 2935
f 2935 2972 2967
f 897 896 2969
f 2969 896 2970
f 1815 1814 734
f 734 1814 731
f 728 1215 896
f 896 1215 732
f 2885 1216 733
f 733 1216 2886
f 1216 1219 2886
f 2886 1219 2883
f 2876 1304 1821
f 1821 1304 749
f 1304 1303 749
f 749 1303 746
f 1818 2973 1817
f 1817 2973 1810
f 747 2974 1818
f 1818 2974 2973
f 747 746 2974
f 2974 746 1303
f 2976 2977 2975
f 2975 2977 2978
f 2976 2979 2901
f 2901 2979 2900
f 2980 2981 2982
f 2982 2981 2979
f 2981 2980 2983
f 2983 2980 2984
f 2985 2897 2983
f 2983 2897 2898
f 2987 2988 2986
f 2986 2988 2985
f 2896 2988 1442
f 1442 2988 1439
f 1903 2977 1904
f 1904 2977 2902
f 1856 1855 1890
f 1890 1855 2989
f 2989 2990 1890
f 1890 2990 1359
f 2990 2991 1359
f 1359 2991 1356
f 2946 2992 1859
f 1859 2992 1893
f 2992 2993 1893
f 1893 2993 775
f 2993 2994 775
f 775 2994 776
f 2986 1356 2987
f 2987 1356 2991
f 2975 2978 776
f 776 2978 777
f 2982 2994 2980
f 2980 2994 2995
f 1357 2984 2995
f 2995 2984 2980
f 2995 2996 1357
f 1357 2996 1358
f 2996 2997 1358
f 1358 2997 1889
f 2998 2999 2932
f 2932 2999 2933
f 2999 2971 2933
f 2933 2971 2934
f 1837 1836 2937
f 2937 1836 2938
f 2943 1841 2941
f 2941 1841 1838
f 3001 2944 3000
f 3000 2944 2943
f 3001 3002 2944
f 2944 3002 2945
f 3002 3003 2945
f 2945 3003 2946
f 2997 3003 1889
f 1889 3003 2947
f 2947 3003 2948
f 2948 3003 3002
f 3001 3004 3002
f 3002 3004 2948
f 3000 3005 3001
f 3001 3005 3004
f 2940 3006 3000
f 3000 3006 3005
f 2999 3007 2971
f 2971 3007 2972
f 2998 2951 2999
f 2999 2951 3007
f 3008 2952 2998
f 2998 2952 2951
f 2966 2965 2936
f 2936 2965 2937
f 2935 2938 2971
f 2971 2938 2934
f 3003 2997 2946
f 2946 2997 2992
f 2997 2996 2992
f 2992 2996 2993
f 2996 2995 2993
f 2993 2995 2994
f 1356 2986 1357
f 1357 2986 2984
f 2982 2975 2994
f 2994 2975 776
f 1844 1843 1899
f 1899 1843 3009
f 1843 638 3009
f 3009 638 3010
f 638 637 3010
f 3010 637 3011
f 637 1830 3011
f 3011 1830 3012
f 1830 1833 3012
f 3012 1833 2894
f 1833 1854 2894
f 2894 1854 2895
f 1854 1853 2895
f 2895 1853 1888
f 1858 1857 1885
f 1885 1857 1892
f 1899 3009 1898
f 1898 3009 1874
f 3009 3010 1874
f 1874 3010 1865
f 3010 3011 1865
f 1865 3011 1862
f 3011 3012 1862
f 1862 3012 1882
f 3012 2894 1882
f 1882 2894 2893
f 1850 2890 782
f 782 2890 2889
f 783 2880 1811
f 1811 2880 1812
f 744 1810 745
f 745 1810 2973
f 745 2973 805
f 805 2973 806
f 2973 2974 806
f 806 2974 815
f 1303 812 2974
f 2974 812 815
f 1303 1302 812
f 812 1302 1221
f 1307 3013 1302
f 1302 3013 1221
f 1734 3014 1633
f 1633 3014 1634
f 1646 1649 1636
f 1636 1649 1637
f 1654 1657 1641
f 1641 1657 1642
f 1639 1736 1636
f 1636 1736 1684
f 1716 1713 1698
f 1698 1713 1699
f 1718 1721 1705
f 1705 1721 1706
f 1653 1654 1709
f 1709 1654 1641
f 1620 1623 1714
f 1714 1623 1699
f 1712 1682 1714
f 1714 1682 1740
f 1668 1671 1746
f 1746 1671 1747
f 1752 1650 1749
f 1749 1650 1750
f 1750 1650 1709
f 1709 1650 1653
f 1632 1668 1633
f 1633 1668 1746
f 1649 1752 1637
f 1637 1752 1749
f 1682 1643 1740
f 1740 1643 1642
f 3014 1685 1634
f 1634 1685 1684
f 1704 1748 1705
f 1705 1748 1747
f 1697 1707 1698
f 1698 1707 1706
f 1739 1701 1621
f 1621 1701 1622
f 1567 1566 1647
f 1647 1566 1648
f 1664 1695 1651
f 1651 1695 1652
f 1614 1617 1655
f 1655 1617 1656
f 1704 1707 1659
f 1659 1707 1660
f 3014 1734 1662
f 1662 1734 1663
f 1650 1752 1651
f 1651 1752 1665
f 1741 1657 1667
f 1667 1657 1656
f 1695 1614 1652
f 1652 1614 1655
f 1724 1567 1726
f 1726 1567 1647
f 1645 1628 1733
f 1733 1628 1663
f 1685 3014 1726
f 1726 3014 1662
f 1620 1741 1621
f 1621 1741 1667
f 1566 1666 1648
f 1648 1666 1665
f 1658 1737 1659
f 1659 1737 1901
f 1911 1661 1910
f 1910 1661 1660
f 1701 1911 1622
f 1622 1911 1910
f 1732 1748 1733
f 1733 1748 1901
f 1857 2948 1892
f 1892 2948 3004
f 1892 3004 1891
f 1891 3004 3005
f 1828 3006 1829
f 1829 3006 2949
f 2967 736 2968
f 2968 736 710
f 2972 2969 2967
f 2967 2969 736
f 2969 2972 897
f 897 2972 3007
f 897 3007 729
f 729 3007 2951
f 3016 753 3015
f 3015 753 752
f 3018 767 3017
f 3017 767 766
f 3019 3020 1249
f 1249 3020 3021
f 2915 2914 3019
f 3019 2914 3020
f 3023 2914 3022
f 3022 2914 1783
f 2827 2839 769
f 769 2839 766
f 3025 2838 3024
f 3024 2838 3021
f 768 767 2850
f 2850 767 3026
f 2850 3026 751
f 751 3026 752
f 750 753 2932
f 2932 753 3027
f 3008 2998 3027
f 3027 2998 2932
f 3028 3029 3008
f 3008 3029 2952
f 3029 3030 2952
f 2952 3030 730
f 3032 3033 3031
f 3031 3033 3034
f 3036 3037 3035
f 3035 3037 3038
f 2870 3039 612
f 612 3039 3040
f 3041 3042 3031
f 3031 3042 3038
f 3034 1352 3043
f 3043 1352 944
f 612 3040 613
f 613 3040 3044
f 613 3044 1425
f 1425 3044 1422
f 3045 3042 669
f 669 3042 670
f 3041 3043 599
f 599 3043 600
f 772 771 1544
f 1544 771 781
f 1503 771 1866
f 1866 771 770
f 771 1503 781
f 781 1503 778
f 61 281 416
f 416 281 1907
f 283 103 3046
f 3046 103 3047
f 76 79 3048
f 3048 79 3049
f 280 76 1906
f 1906 76 3048
f 3051 335 3050
f 3050 335 334
f 3053 417 3052
f 3052 417 416
f 3055 435 3054
f 3054 435 434
f 428 435 419
f 419 435 1908
f 420 1909 293
f 293 1909 443
f 79 294 3049
f 3049 294 444
f 3057 444 3056
f 3056 444 443
f 3051 3058 335
f 335 3058 452
f 216 215 1332
f 1332 215 452
f 308 283 462
f 462 283 3046
f 3050 334 3059
f 3059 334 462
f 103 62 3047
f 3047 62 417
f 313 312 434
f 434 312 463
f 3061 574 3060
f 3060 574 573
f 1310 3062 1428
f 1428 3062 3063
f 1258 3064 1255
f 1255 3064 2871
f 932 3065 2853
f 2853 3065 3066
f 699 2814 931
f 931 2814 3067
f 3068 1301 3063
f 3063 1301 1428
f 571 574 1310
f 1310 574 3062
f 3060 573 3069
f 3069 573 1332
f 3070 3071 1906
f 1906 3071 1907
f 3072 3073 1908
f 1908 3073 1909
f 3075 2814 3074
f 3074 2814 2813
f 2854 3076 1258
f 1258 3076 3064
f 2871 3077 2872
f 2872 3077 3078
f 3074 2813 3079
f 3079 2813 2873
f 2872 3078 1349
f 1349 3078 3080
f 2873 701 3068
f 3068 701 1301
f 1330 1201 3080
f 3080 1201 1349
f 1264 1263 3081
f 3081 1263 3082
f 3083 3084 3082
f 3082 3084 3081
f 811 1448 3086
f 3086 1448 3085
f 808 811 3087
f 3087 811 3086
f 3088 3083 833
f 833 3083 3082
f 884 3089 885
f 885 3089 3090
f 3087 1790 808
f 808 1790 816
f 1790 3087 1787
f 1787 3087 3091
f 3092 3091 3086
f 3086 3091 3087
f 3093 3094 3084
f 3084 3094 3095
f 3089 3096 3090
f 3090 3096 3088
f 3097 3093 3083
f 3083 3093 3084
f 3099 3100 3098
f 3098 3100 1786
f 3101 1788 2913
f 2913 1788 3102
f 838 837 885
f 885 837 886
f 886 837 3103
f 3103 837 1541
f 3094 3093 3104
f 3104 3093 3097
f 3105 3106 3089
f 3089 3106 3096
f 3108 3109 3107
f 3107 3109 3110
f 3111 3112 3091
f 3091 3112 1787
f 3114 3108 3113
f 3113 3108 3107
f 3114 3115 3112
f 3112 3115 3102
f 3091 3092 3111
f 3111 3092 3116
f 839 838 835
f 835 838 836
f 885 3090 838
f 838 3090 836
f 3110 3117 1247
f 1247 3117 3118
f 1247 3118 1248
f 1248 3118 3119
f 3120 3121 3119
f 3119 3121 1248
f 1247 844 3110
f 3110 844 3107
f 844 843 3107
f 3107 843 3113
f 843 3099 3113
f 3113 3099 3122
f 1781 3123 3098
f 3098 3123 3124
f 2915 2931 1780
f 1780 2931 2930
f 3019 3125 2915
f 2915 3125 2931
f 890 3125 2834
f 2834 3125 1252
f 3125 3019 1252
f 1252 3019 1249
f 907 908 946
f 946 908 947
f 1185 1188 1369
f 1369 1188 948
f 954 957 951
f 951 957 952
f 910 965 953
f 953 965 950
f 905 958 960
f 960 958 961
f 3126 978 949
f 949 978 962
f 936 935 967
f 967 935 968
f 994 993 969
f 969 993 966
f 902 904 971
f 971 904 972
f 983 985 973
f 973 985 970
f 906 905 974
f 974 905 960
f 977 981 959
f 959 981 975
f 911 910 1143
f 1143 910 953
f 952 957 1142
f 1142 957 1145
f 911 1143 1366
f 1366 1143 1368
f 1185 1369 1145
f 1145 1369 1142
f 993 1519 966
f 966 1519 1456
f 965 1454 950
f 950 1454 1457
f 900 899 1459
f 1459 899 1460
f 988 991 1461
f 1461 991 1458
f 899 963 1460
f 1460 963 1462
f 985 987 970
f 970 987 1463
f 904 906 972
f 972 906 974
f 981 983 975
f 975 983 973
f 935 900 968
f 968 900 1459
f 991 994 1458
f 1458 994 969
f 1154 1526 1088
f 1088 1526 1089
f 1109 1112 1092
f 1092 1112 1093
f 1083 1098 1084
f 1084 1098 1097
f 1078 1471 1100
f 1100 1471 1101
f 1075 1078 1104
f 1104 1078 1100
f 1152 1154 1156
f 1156 1154 1088
f 1156 1155 1372
f 1372 1155 1373
f 1372 1373 1104
f 1104 1373 1075
f 1467 1109 1465
f 1465 1109 1092
f 1465 1182 1468
f 1468 1182 1184
f 1474 1470 1096
f 1096 1470 1097
f 1102 1101 1083
f 1083 1101 1098
f 1112 1531 1093
f 1093 1531 1529
f 1102 1073 1099
f 1099 1073 1072
f 1526 1154 1079
f 1079 1154 1080
f 1081 1091 1082
f 1082 1091 1094
f 1069 1068 1085
f 1085 1068 1086
f 1153 1151 1080
f 1080 1151 1058
f 1371 1177 1179
f 1179 1177 1176
f 1099 1072 1103
f 1103 1072 1176
f 1068 1071 1086
f 1086 1071 1073
f 1085 1084 1180
f 1180 1084 1469
f 1066 1065 1183
f 1183 1065 1181
f 1153 1152 1177
f 1177 1152 1178
f 1091 1081 1182
f 1182 1081 1183
f 1057 1525 1079
f 1079 1525 1527
f 1120 1117 1076
f 1076 1117 1077
f 1087 1090 1107
f 1107 1090 1108
f 1127 1126 1110
f 1110 1126 1111
f 1095 1116 1096
f 1096 1116 1115
f 1471 1078 1119
f 1119 1078 1077
f 1087 1107 1155
f 1155 1107 1158
f 1376 1374 1157
f 1157 1374 1158
f 1076 1075 1374
f 1374 1075 1373
f 1109 1467 1110
f 1110 1467 1472
f 1467 1466 1472
f 1472 1466 1473
f 1135 1475 1114
f 1114 1475 1115
f 1471 1119 1095
f 1095 1119 1116
f 1126 1532 1111
f 1111 1532 1530
f 914 1276 1480
f 1480 1276 1517
f 3127 3128 1223
f 1223 3128 1224
f 824 933 1455
f 1455 933 3129
f 3131 1448 3130
f 3130 1448 1447
f 3132 3133 1452
f 1452 3133 1453
f 3130 1447 1322
f 1322 1447 1455
f 933 1514 3129
f 3129 1514 3134
f 1161 3135 1480
f 1480 3135 1481
f 3128 3136 1224
f 1224 3136 1499
f 3133 1162 1453
f 1453 1162 1517
f 1515 3127 1535
f 1535 3127 1223
f 3095 3085 3131
f 3131 3085 1448
f 3137 3092 3085
f 3085 3092 3086
f 3138 3116 3137
f 3137 3116 3092
f 3110 3109 3117
f 3117 3109 3139
f 3105 3140 3117
f 3117 3140 3118
f 3140 3141 3118
f 3118 3141 3119
f 3142 3120 3141
f 3141 3120 3119
f 1498 3143 1277
f 1277 3143 882
f 3144 3145 1340
f 1340 3145 1339
f 1340 3146 3144
f 3144 3146 3147
f 3145 3144 3143
f 3143 3144 3148
f 871 901 872
f 872 901 1362
f 3149 3148 3147
f 3147 3148 3144
f 1208 3150 1209
f 3098 1786 1781
f 1781 1786 1782
f 2930 2929 3123
f 3123 2929 2911
f 1794 1791 2916
f 2916 1791 2917
f 1793 3101 2918
f 2918 3101 2919
f 1796 1794 2920
f 2920 1794 2916
f 3151 3152 2921
f 2921 3152 2922
f 3153 3154 2923
f 2923 3154 2924
f 2919 3101 2912
f 2912 3101 2913
f 3155 1796 2925
f 2925 1796 2920
f 3154 3156 2924
f 2924 3156 2926
f 1791 1793 2917
f 2917 1793 2918
f 3157 3158 2927
f 2927 3158 2928
f 1780 2930 1781
f 1781 2930 3123
f 2825 1267 1189
f 1189 1267 1190
f 2827 2828 1250
f 1250 2828 1251
f 1489 2830 1324
f 1324 2830 1325
f 923 1328 1334
f 1334 1328 1335
f 1485 2832 1482
f 1482 2832 1483
f 1266 1490 1492
f 1492 1490 1493
f 1333 1346 1334
f 1334 1346 2824
f 722 799 1492
f 1492 799 1190
f 664 657 1482
f 1482 657 2833
f 631 634 1324
f 1324 634 1493
f 2828 1494 1251
f 1251 1494 2835
f 1249 3021 1250
f 1250 3021 2838
f 798 2837 1189
f 1189 2837 2836
f 3100 842 3160
f 3160 842 3159
f 1788 3101 1789
f 1789 3101 1793
f 1792 816 1789
f 1789 816 1790
f 817 816 1795
f 1795 816 1792
f 938 817 1797
f 1797 817 1795
f 1796 3155 1797
f 1797 3155 1798
f 3155 3158 1798
f 1798 3158 1799
f 3157 3152 1801
f 1801 3152 1802
f 3151 3156 1803
f 1803 3156 1804
f 3154 3153 1805
f 1805 3153 1806
f 3153 3161 1806
f 1806 3161 1807
f 3099 843 3100
f 3100 843 842
f 1788 1787 3102
f 3102 1787 3112
f 2910 3115 3124
f 3124 3115 3122
f 3099 3098 3122
f 3122 3098 3124
f 416 1907 3052
f 3052 1907 3071
f 3046 3047 3163
f 3163 3047 3162
f 249 445 259
f 259 445 3164
f 425 3165 424
f 424 3165 461
f 408 410 329
f 329 410 330
f 39 331 40
f 40 331 332
f 305 304 423
f 423 304 464
f 385 254 458
f 458 254 392
f 250 415 251
f 251 415 412
f 233 337 234
f 234 337 3166
f 435 3055 1908
f 1908 3055 3072
f 443 1909 3056
f 3056 1909 3073
f 3167 3049 3057
f 3057 3049 444
f 452 3058 1332
f 1332 3058 3069
f 234 3166 346
f 346 3166 411
f 3046 3163 462
f 462 3163 3059
f 259 3164 260
f 260 3164 336
f 3047 417 3162
f 3162 417 3053
f 463 3168 434
f 434 3168 3054
f 454 830 425
f 425 830 3165
f 3062 3169 3063
f 3063 3169 3170
f 1355 1354 1534
f 1534 1354 3171
f 3063 3170 3068
f 3068 3170 3172
f 574 3061 3062
f 3062 3061 3169
f 1534 3171 1535
f 1535 3171 3173
f 3079 2873 3172
f 3172 2873 3068
f 2838 3025 2839
f 2839 3025 3174
f 3176 3177 3175
f 3175 3177 3178
f 3180 1125 3179
f 3179 1125 1128
f 3182 3183 3181
f 3181 3183 3184
f 1134 3185 1130
f 1130 3185 3182
f 3186 3187 3189
f 3189 3187 3188
f 3191 3189 3190
f 3190 3189 3188
f 1137 1122 3190
f 3190 1122 3192
f 3175 3178 3193
f 3193 3178 3194
f 3181 3184 3179
f 3179 3184 3195
f 3197 3198 3196
f 3196 3198 3180
f 3200 3178 3199
f 3199 3178 3177
f 3202 3196 3201
f 3201 3196 3195
f 3204 3184 3203
f 3203 3184 3183
f 3206 3207 3205
f 3205 3207 3186
f 3205 3186 3208
f 3208 3186 3189
f 3209 3208 3191
f 3191 3208 3189
f 3210 3194 3200
f 3200 3194 3178
f 3201 3195 3204
f 3204 3195 3184
f 3197 3211 3177
f 3177 3211 3199
f 3213 3214 3212
f 3212 3214 3215
f 3217 3218 3216
f 3216 3218 3219
f 3221 3222 3220
f 3220 3222 3223
f 3225 3226 3224
f 3224 3226 3227
f 3229 3230 3228
f 3228 3230 3231
f 3233 3234 3232
f 3232 3234 3235
f 3237 3238 3236
f 3236 3238 3239
f 3238 3240 3239
f 3239 3240 3241
f 3232 3235 3242
f 3242 3235 3243
f 3245 3246 3244
f 3244 3246 3247
f 3248 3249 3245
f 3245 3249 3246
f 3251 3252 3250
f 3250 3252 3253
f 3255 3252 3254
f 3254 3252 3251
f 3256 3257 3259
f 3259 3257 3258
f 3261 3262 3260
f 3260 3262 3263
f 3265 3263 3264
f 3264 3263 3262
f 3256 3259 3266
f 3266 3259 3267
f 3269 3270 3268
f 3268 3270 3271
f 3269 3272 3270
f 3270 3272 3273
f 3274 3275 3277
f 3277 3275 3276
f 3278 3279 3276
f 3276 3279 3277
f 3281 3282 3280
f 3280 3282 3283
f 3280 3284 3281
f 3281 3284 3285
f 3287 3288 3286
f 3286 3288 3289
f 3290 3291 3288
f 3288 3291 3289
f 3234 3218 3235
f 3235 3218 3217
f 3232 3292 3233
f 3233 3292 3293
f 3239 3294 3236
f 3236 3294 3219
f 3233 3293 3237
f 3237 3293 3295
f 3296 3294 3241
f 3241 3294 3239
f 3240 3238 3297
f 3297 3238 3298
f 3217 3216 3235
f 3235 3216 3243
f 3297 3299 3240
f 3240 3299 3242
f 3246 3300 3247
f 3247 3300 3223
f 3301 3302 3254
f 3254 3302 3244
f 3249 3303 3246
f 3246 3303 3300
f 3245 3304 3248
f 3248 3304 3292
f 3252 3221 3253
f 3253 3221 3220
f 3250 3248 3299
f 3299 3248 3292
f 3222 3221 3255
f 3255 3221 3252
f 3297 3301 3251
f 3251 3301 3254
f 3258 3214 3259
f 3259 3214 3213
f 3257 3256 3304
f 3304 3256 3305
f 3263 3306 3260
f 3260 3306 3215
f 3261 3257 3302
f 3302 3257 3304
f 3307 3306 3265
f 3265 3306 3263
f 3262 3301 3264
f 3264 3301 3308
f 3259 3213 3267
f 3267 3213 3212
f 3308 3309 3264
f 3264 3309 3266
f 3270 3310 3271
f 3271 3310 3231
f 3311 3312 3278
f 3278 3312 3268
f 3270 3273 3310
f 3310 3273 3313
f 3272 3269 3305
f 3305 3269 3314
f 3277 3229 3274
f 3274 3229 3228
f 3275 3272 3309
f 3309 3272 3305
f 3279 3230 3277
f 3277 3230 3229
f 3276 3308 3278
f 3278 3308 3311
f 3281 3315 3282
f 3282 3315 3227
f 3290 3316 3283
f 3283 3316 3317
f 3281 3285 3315
f 3315 3285 3318
f 3284 3280 3314
f 3314 3280 3319
f 3289 3225 3286
f 3286 3225 3224
f 3287 3284 3312
f 3284 3314 3312
f 3291 3226 3289
f 3289 3226 3225
f 3288 3311 3290
f 3290 3311 3316
f 3212 3215 3307
f 3307 3215 3306
f 3294 3296 3219
f 3219 3296 3216
f 3303 3220 3300
f 3300 3220 3223
f 3224 3227 3318
f 3318 3227 3315
f 3228 3231 3313
f 3313 3231 3310
f 3234 3233 3236
f 3236 3233 3237
f 3243 3241 3242
f 3242 3241 3240
f 3247 3255 3244
f 3244 3255 3254
f 3253 3249 3250
f 3250 3249 3248
f 3260 3258 3261
f 3261 3258 3257
f 3266 3267 3264
f 3264 3267 3265
f 3268 3271 3278
f 3278 3271 3279
f 3274 3273 3275
f 3275 3273 3272
f 3283 3282 3290
f 3290 3282 3291
f 3286 3285 3287
f 3287 3285 3284
f 3218 3234 3219
f 3219 3234 3236
f 3295 3298 3237
f 3237 3298 3238
f 3216 3296 3243
f 3243 3296 3241
f 3242 3299 3232
f 3232 3299 3292
f 3223 3222 3247
f 3247 3222 3255
f 3244 3302 3245
f 3245 3302 3304
f 3303 3249 3220
f 3220 3249 3253
f 3297 3251 3299
f 3299 3251 3250
f 3215 3214 3260
f 3260 3214 3258
f 3301 3262 3302
f 3302 3262 3261
f 3212 3307 3267
f 3267 3307 3265
f 3266 3309 3256
f 3256 3309 3305
f 3271 3231 3279
f 3279 3231 3230
f 3268 3312 3269
f 3269 3312 3314
f 3228 3313 3274
f 3274 3313 3273
f 3308 3276 3309
f 3309 3276 3275
f 3282 3227 3291
f 3291 3227 3226
f 3317 3319 3283
f 3283 3319 3280
f 3224 3318 3286
f 3286 3318 3285
f 3312 3311 3287
f 3311 3288 3287
f 3320 3321 3194
f 3194 3321 3193
f 1375 3321 1121
f 1121 3321 3322
f 3323 3324 3322
f 3322 3324 3192
f 3175 1124 3176
f 3176 1124 1123
f 3179 3195 3180
f 3180 3195 3196
f 3181 1131 3182
f 3182 1131 1130
f 3207 3185 3186
f 3186 3185 3187
f 1136 3188 1133
f 1133 3188 3187
f 3190 3188 1137
f 1137 3188 1136
f 3193 1159 3175
f 3175 1159 1124
f 3179 1128 3181
f 3181 1128 1131
f 1533 3198 1123
f 1123 3198 3176
f 3321 1375 3193
f 3193 1375 1159
f 3321 3320 3322
f 3322 3320 3323
f 1122 1121 3192
f 3192 1121 3322
f 3194 3210 3320
f 3320 3210 3325
f 3324 3323 3327
f 3327 3323 3326
f 3320 3325 3323
f 3323 3325 3326
f 3208 3328 3205
f 3205 3328 3329
f 3330 3206 3329
f 3329 3206 3205
f 3203 3331 3204
f 3204 3331 3332
f 3210 3333 3325
f 3325 3333 3334
f 3325 3334 3326
f 3326 3334 3335
f 3327 3326 3336
f 3336 3326 3335
f 3327 3209 3324
f 3324 3209 3191
f 3190 3192 3191
f 3191 3192 3324
f 3338 3339 3337
f 3337 3339 3340
f 3338 3341 3339
f 3339 3341 3342
f 3341 3343 3342
f 3342 3343 3344
f 3343 3345 3344
f 3344 3345 3346
f 3345 3347 3346
f 3346 3347 3348
f 3347 3349 3348
f 3348 3349 3350
f 3337 3340 3351
f 3351 3340 3352
f 3351 3352 3353
f 3353 3352 3354
f 3353 3354 3355
f 3355 3354 3356
f 3350 3349 3357
f 3357 3349 3358
f 3355 3356 3359
f 3359 3356 3360
f 3359 3360 3361
f 3361 3360 3362
f 3361 3362 3363
f 3363 3362 3364
f 3363 3364 3358
f 3358 3364 3357
f 3339 3342 3365
f 3365 3342 3366
f 3342 3344 3366
f 3366 3344 3367
f 3344 3346 3367
f 3367 3346 3368
f 3346 3348 3368
f 3368 3348 3369
f 3348 3350 3369
f 3369 3350 3370
f 3368 3369 3371
f 3371 3369 3372
f 3369 3370 3372
f 3372 3370 3373
f 3373 3374 3372
f 3372 3374 3375
f 3377 3378 3376
f 3376 3378 3379
f 3377 3375 3378
f 3378 3375 3374
f 3375 3380 3372
f 3372 3380 3371
f 3377 3381 3375
f 3375 3381 3380
f 3376 3382 3377
f 3377 3382 3381
f 3384 3385 3383
f 3383 3385 3386
f 3384 3383 3388
f 3388 3383 3387
f 3388 3387 3389
f 3389 3387 3390
f 3392 3385 3391
f 3391 3385 3384
f 3388 3393 3384
f 3384 3393 3391
f 3389 3394 3388
f 3388 3394 3393
f 3389 3395 3394
f 3394 3395 3396
f 3395 3389 3397
f 3397 3389 3390
f 3339 3365 3340
f 3340 3365 3398
f 3340 3398 3352
f 3352 3398 3399
f 3371 3400 3368
f 3368 3400 3367
f 3400 3401 3367
f 3367 3401 3366
f 3366 3401 3365
f 3365 3401 3402
f 3398 3365 3403
f 3403 3365 3402
f 3398 3403 3399
f 3399 3403 3404
f 3403 3405 3404
f 3404 3405 3406
f 3352 3399 3354
f 3354 3399 3407
f 3399 3404 3407
f 3407 3404 3408
f 3404 3406 3408
f 3408 3406 3409
f 3405 3410 3406
f 3406 3410 3411
f 3410 3412 3411
f 3411 3412 3413
f 3397 3414 3395
f 3395 3414 3415
f 3417 3415 3416
f 3416 3415 3412
f 3410 3418 3412
f 3412 3418 3416
f 3410 3405 3418
f 3418 3405 3419
f 3405 3403 3419
f 3419 3403 3402
f 3370 3350 3420
f 3420 3350 3357
f 3373 3370 3421
f 3421 3370 3420
f 3374 3373 3422
f 3422 3373 3421
f 3378 3374 3423
f 3423 3374 3422
f 3378 3423 3379
f 3379 3423 3424
f 3424 3425 3379
f 3379 3425 3386
f 3383 3426 3387
f 3387 3426 3427
f 3387 3427 3390
f 3390 3427 3428
f 3390 3428 3397
f 3397 3428 3429
f 3429 3430 3397
f 3397 3430 3414
f 3411 3413 3431
f 3431 3413 3432
f 3406 3411 3409
f 3409 3411 3431
f 3401 3400 3335
f 3335 3400 3336
f 3401 3335 3402
f 3402 3335 3334
f 3402 3334 3419
f 3419 3334 3333
f 3419 3333 3418
f 3418 3333 3433
f 3418 3433 3416
f 3416 3433 3434
f 3435 3417 3434
f 3434 3417 3416
f 3394 3396 3436
f 3436 3396 3437
f 3393 3394 3332
f 3332 3394 3436
f 3393 3332 3391
f 3391 3332 3331
f 3330 3392 3331
f 3331 3392 3391
f 3382 3329 3381
f 3381 3329 3328
f 3354 3407 3356
f 3356 3407 3438
f 3356 3438 3360
f 3360 3438 3439
f 3360 3439 3362
f 3362 3439 3440
f 3362 3440 3364
f 3364 3440 3441
f 3364 3441 3357
f 3357 3441 3420
f 3421 3420 3442
f 3442 3420 3441
f 3442 3441 3443
f 3443 3441 3440
f 3443 3440 3444
f 3444 3440 3439
f 3444 3439 3445
f 3445 3439 3438
f 3445 3438 3408
f 3408 3438 3407
f 3422 3421 3446
f 3446 3421 3442
f 3446 3442 3447
f 3447 3442 3443
f 3447 3443 3448
f 3448 3443 3444
f 3448 3444 3449
f 3449 3444 3445
f 3449 3445 3409
f 3409 3445 3408
f 3409 3431 3449
f 3449 3431 3450
f 3449 3450 3448
f 3448 3450 3451
f 3451 3452 3448
f 3448 3452 3447
f 3447 3452 3446
f 3446 3452 3453
f 3446 3453 3422
f 3422 3453 3423
f 3424 3423 3454
f 3454 3423 3453
f 3452 3455 3453
f 3453 3455 3454
f 3452 3451 3455
f 3455 3451 3456
f 3450 3457 3451
f 3451 3457 3456
f 3431 3432 3450
f 3450 3432 3457
f 3454 3458 3424
f 3424 3458 3425
f 3427 3426 3459
f 3459 3426 3460
f 3428 3427 3461
f 3461 3427 3459
f 3428 3461 3429
f 3429 3461 3462
f 3462 3463 3429
f 3429 3463 3430
f 3464 3465 3462
f 3462 3465 3463
f 3455 3466 3454
f 3454 3466 3458
f 3465 3464 3466
f 3466 3464 3467
f 3461 3459 3468
f 3468 3459 3469
f 3468 3469 3464
f 3464 3469 3467
f 3464 3462 3468
f 3468 3462 3461
f 3459 3460 3469
f 3469 3460 3467
f 3295 3351 3298
f 3298 3351 3353
f 3353 3355 3298
f 3298 3355 3297
f 3297 3355 3301
f 3301 3355 3359
f 3301 3359 3308
f 3308 3359 3361
f 3308 3361 3311
f 3311 3361 3363
f 3311 3363 3316
f 3316 3363 3358
f 3316 3358 3317
f 3317 3358 3349
f 3349 3347 3317
f 3317 3347 3319
f 3347 3345 3319
f 3319 3345 3314
f 3345 3343 3314
f 3314 3343 3305
f 3343 3341 3305
f 3305 3341 3304
f 3304 3341 3292
f 3292 3341 3338
f 3292 3338 3293
f 3293 3338 3337
f 3293 3337 3295
f 3295 3337 3351
f 3437 3202 3436
f 3436 3202 3201
f 3436 3201 3332
f 3332 3201 3204
f 3433 3200 3434
f 3434 3200 3199
f 3211 3435 3199
f 3199 3435 3434
f 3333 3210 3433
f 3433 3210 3200
f 3380 3470 3371
f 3400 3371 3336
f 3336 3371 3470
f 3381 3328 3380
f 3380 3328 3470
f 3470 3328 3209
f 3209 3328 3208
f 3336 3470 3327
f 3327 3470 3209
f 1545 1763 1546
f 1546 1763 1762
f 1403 1546 773
f 773 1546 770
f 1221 3013 1220
f 1220 3013 3471
f 1305 2877 1306
f 1306 2877 2879
f 1220 3471 828
f 828 3471 829
f 1217 1754 3472
f 3472 1754 1756
f 1049 3473 1048
f 1048 3473 3474
f 1371 1179 3473
f 3473 1179 3474
f 1074 3475 1179
f 1179 3475 3474
f 3474 3475 1048
f 1048 3475 1056
f 919 666 1345
f 1345 666 665
f 856 680 919
f 919 680 666
f 679 680 1449
f 1449 680 858
f 1367 878 1500
f 1500 878 877
f 1366 908 1367
f 1367 908 878
f 1512 916 1513
f 1513 916 915
f 947 1368 948
f 948 1368 1369
f 1047 1021 1044
f 1044 1021 1020
f 1370 1049 1019
f 1019 1049 1020
f 1173 1030 1174
f 1174 1030 1033
f 3126 1188 1464
f 1464 1188 1187
f 1800 1451 1512
f 1512 1451 916
f 1175 1174 1186
f 1186 1174 1187
f 1030 1173 1047
f 1047 1173 1021
f 1513 915 3476
f 3476 915 1481
f 1345 665 3477
f 3477 665 1483
f 1502 1501 876
f 876 1501 877
f 1205 1451 1803
f 1803 1451 1802
f 3479 2832 3478
f 3478 2832 2831
f 1449 858 2927
f 2927 858 2922
f 908 1366 947
f 947 1366 1368
f 949 948 3126
f 3126 948 1188
f 3480 3135 1502
f 1502 3135 1501
f 2927 2922 3157
f 3157 2922 3152
f 3477 1483 3479
f 3479 1483 2832
f 1803 1802 3151
f 3151 1802 3152
f 663 658 664
f 664 658 657
f 655 658 939
f 939 658 706
f 1512 870 1800
f 1800 870 869
f 875 874 876
f 876 874 873
f 849 874 905
f 905 874 958
f 949 962 946
f 946 962 961
f 978 3126 979
f 979 3126 1464
f 1031 1168 1032
f 1032 1168 1022
f 1045 1013 1046
f 1046 1013 1012
f 1045 1044 1056
f 1056 1044 1048
f 1047 1046 1030
f 1030 1046 1031
f 939 706 940
f 940 706 1450
f 979 1464 1032
f 1032 1464 1033
f 3480 1478 3476
f 3476 1478 3134
f 2829 1487 2830
f 2830 1487 1486
f 848 1230 873
f 873 1230 1479
f 867 870 933
f 933 870 1514
f 1800 869 1801
f 1801 869 1799
f 2830 1486 1325
f 1325 1486 2833
f 940 1450 2925
f 2925 1450 2928
f 946 961 907
f 907 961 958
f 959 962 977
f 977 962 978
f 3476 3134 1513
f 1513 3134 1514
f 2925 2928 3155
f 3155 2928 3158
f 1325 2833 656
f 656 2833 657
f 1801 1799 3157
f 3157 1799 3158
f 1074 1055 3475
f 3475 1055 1056
f 1371 3473 1370
f 1370 3473 1049
f 2884 615 3481
f 3481 615 618
f 3478 2831 2846
f 2846 2831 617
f 2831 1484 617
f 617 1484 618
f 1484 1487 618
f 618 1487 3481
f 2848 3481 2829
f 2829 3481 1487
f 1480 1517 1161
f 1161 1517 1162
f 3129 1323 1455
f 1455 1323 1322
f 3129 3134 1323
f 1323 3134 1478
f 1535 3173 1515
f 1515 3173 1516
f 3085 3095 3137
f 3137 3095 3094
f 3137 3094 3138
f 3138 3094 3104
f 3117 3139 3105
f 3105 3139 3106
f 1138 1141 3127
f 3127 1141 3128
f 3081 3131 1264
f 1264 3131 3130
f 1227 1226 3132
f 3132 1226 3133
f 1264 3130 1229
f 1229 3130 1322
f 1160 1501 1161
f 1161 1501 3135
f 1141 1476 3128
f 3128 1476 3136
f 1226 1163 3133
f 3133 1163 1162
f 1363 1138 1515
f 1515 1138 3127
f 3084 3095 3081
f 3081 3095 3131
f 3089 884 3105
f 3105 884 3140
f 884 883 3140
f 3140 883 3141
f 883 3482 3141
f 3141 3482 3142
f 3476 1481 3480
f 3480 1481 3135
f 1502 1479 3480
f 3480 1479 1478
f 3168 463 440
f 714 1880 715
f 715 1880 2905
f 896 732 2970
f 2970 732 731
f 1263 834 3082
f 3082 834 833
f 898 1231 853
f 853 1231 854
f 3125 890 2931
f 2931 890 889
f 1237 893 2851
f 2851 893 892
f 898 853 899
f 899 853 963
f 988 987 989
f 989 987 986
f 1002 1007 1003
f 1003 1007 1006
f 1038 1036 1007
f 1007 1036 1004
f 1070 1052 1005
f 1005 1052 1006
f 1069 1067 1070
f 1070 1067 1052
f 1130 1129 1134
f 1134 1129 1135
f 879 1167 880
f 880 1167 1166
f 1171 1169 1037
f 1037 1169 1038
f 1085 1180 1069
f 1069 1180 1067
f 1209 1210 879
f 879 1210 1167
f 2885 1215 1754
f 1754 1215 1214
f 1263 855 834
f 834 855 854
f 708 1244 1826
f 1826 1244 1243
f 2909 894 1254
f 1254 894 893
f 1228 1361 964
f 964 1361 1360
f 2908 2907 1436
f 1436 2907 1437
f 2990 1440 2991
f 2991 1440 1439
f 964 1360 965
f 965 1360 1454
f 950 1457 951
f 951 1457 1456
f 970 1463 971
f 971 1463 1462
f 1025 1169 984
f 984 1169 986
f 1084 1097 1469
f 1469 1097 1470
f 1096 1115 1474
f 1474 1115 1475
f 1140 1361 1141
f 1141 1361 1476
f 1212 1495 2828
f 2828 1495 1494
f 880 1166 1452
f 1452 1166 1499
f 715 2905 1504
f 1504 2905 2906
f 954 1519 955
f 955 1519 1518
f 1026 1520 992
f 992 1520 1518
f 1029 1520 1043
f 1043 1520 1521
f 997 1522 1040
f 1040 1522 1521
f 1015 1522 1016
f 1016 1522 1523
f 1523 996 1524
f 1524 996 1062
f 1057 1060 1525
f 1525 1060 1524
f 1094 1528 1082
f 1082 1528 1527
f 1526 1528 1089
f 1089 1528 1529
f 1090 1531 1108
f 1108 1531 1530
f 1125 1533 1126
f 1126 1533 1532
f 3483 1755 727
f 727 1755 1214
f 735 1814 707
f 707 1814 1813
f 2891 1834 1246
f 1246 1834 1243
f 2904 1881 1847
f 1847 1881 1848
f 1852 1855 1853
f 1853 1855 1858
f 1902 2903 1877
f 1877 2903 1878
f 2903 2904 1878
f 1878 2904 1847
f 714 713 1848
f 1848 713 1849
f 1440 2990 1883
f 1883 2990 2989
f 1883 2989 1852
f 1852 2989 1855
f 2895 1888 2892
f 2892 1888 1887
f 774 777 1877
f 1877 777 1903
f 1251 2835 1252
f 1252 2835 2834
f 1213 2844 1212
f 1212 2844 1495
f 2851 892 1213
f 1213 892 2844
f 3123 2911 3124
f 3124 2911 2910
f 887 2929 888
f 888 2929 889
f 1435 2963 1436
f 1436 2963 2961
f 1253 1438 1254
f 1254 1438 1437
f 2970 731 735
f 735 731 1814
f 733 732 2885
f 2885 732 1215
f 2901 2902 2976
f 2976 2902 2977
f 2975 2982 2976
f 2976 2982 2979
f 2899 2900 2981
f 2981 2900 2979
f 2899 2981 2898
f 2898 2981 2983
f 2986 2985 2984
f 2984 2985 2983
f 2897 2985 2896
f 2896 2985 2988
f 2991 1439 2987
f 2987 1439 2988
f 777 2978 1903
f 1903 2978 2977
f 1885 1888 1858
f 1858 1888 1853
f 3090 3088 836
f 836 3088 833
f 3083 3088 3097
f 3097 3088 3096
f 3097 3096 3104
f 3104 3096 3106
f 3111 3116 3108
f 3108 3116 3109
f 3112 3111 3114
f 3114 3111 3108
f 3113 3122 3114
f 3114 3122 3115
f 891 890 2837
f 2837 890 2834
f 951 1456 954
f 954 1456 1519
f 967 1457 936
f 936 1457 1454
f 971 1462 902
f 902 1462 963
f 1461 1463 988
f 988 1463 987
f 1466 1468 1474
f 1474 1468 1470
f 1089 1529 1090
f 1090 1529 1531
f 1184 1181 1469
f 1469 1181 1180
f 1082 1527 1061
f 1061 1527 1525
f 1129 1473 1135
f 1135 1473 1475
f 1108 1530 1105
f 1105 1530 1532
f 1452 1499 3132
f 3132 1499 3136
f 3109 3116 3139
f 3139 3116 3138
f 2912 2911 887
f 887 2911 2929
f 2836 2835 1497
f 1497 2835 1494
f 2913 3102 2910
f 2910 3102 3115
f 1133 3187 1134
f 1134 3187 3185
f 3177 3176 3197
f 3197 3176 3198
f 3203 3183 3206
f 3206 3183 3207
f 3196 3202 3197
f 3197 3202 3211
f 3183 3182 3207
f 3207 3182 3185
f 1125 3180 1533
f 1533 3180 3198
f 3331 3203 3330
f 3330 3203 3206
f 3376 3379 3385
f 3385 3379 3386
f 3382 3376 3392
f 3392 3376 3385
f 3412 3415 3413
f 3413 3415 3414
f 3417 3396 3415
f 3415 3396 3395
f 3383 3386 3426
f 3426 3386 3425
f 3413 3414 3432
f 3432 3414 3430
f 3437 3396 3435
f 3435 3396 3417
f 3329 3382 3330
f 3330 3382 3392
f 3426 3425 3460
f 3460 3425 3458
f 3432 3430 3457
f 3457 3430 3463
f 3457 3463 3456
f 3456 3463 3465
f 3460 3458 3467
f 3467 3458 3466
f 3466 3455 3465
f 3465 3455 3456
f 3202 3437 3211
f 3211 3437 3435
f 3104 3106 3138
f 3138 3106 3139
f 3132 3136 1227
f 1227 3136 1476
f 943 687 600
f 600 687 601
f 596 625 667
f 667 625 1297
f 687 686 601
f 601 686 653
f 1319 784 711
f 711 784 712
f 1811 607 783
f 783 607 712
f 862 921 917
f 917 921 920
f 3478 925 3479
f 3479 925 924
f 2846 926 3478
f 3478 926 925
f 659 662 929
f 929 662 930
f 856 921 857
f 857 921 1204
f 1206 864 1207
f 1207 864 863
f 2876 1219 2877
f 2877 1219 1218
f 667 1297 593
f 593 1297 1296
f 917 920 1333
f 1333 920 1346
f 686 693 653
f 653 693 930
f 1277 913 1498
f 1498 913 1207
f 592 1536 610
f 610 1536 711
f 864 1206 1805
f 1805 1206 1804
f 1317 1536 1900
f 1900 1536 1809
f 1900 1809 1295
f 1295 1809 1296
f 3479 924 3477
f 3477 924 2824
f 927 926 1203
f 1203 926 2847
f 3484 2859 3032
f 3032 2859 3033
f 3472 2878 1217
f 1217 2878 1218
f 2889 2888 2880
f 2880 2888 2881
f 2886 2883 2887
f 2887 2883 2882
f 929 928 2847
f 2847 928 1203
f 857 1204 2921
f 2921 1204 2926
f 1820 1819 2882
f 2882 1819 2881
f 1821 2883 2876
f 2876 2883 1219
f 782 2889 783
f 783 2889 2880
f 1352 3034 1353
f 1353 3034 3033
f 3031 3034 3041
f 3041 3034 3043
f 944 943 3043
f 3043 943 600
f 1339 3145 1498
f 1498 3145 3143
f 1208 882 3148
f 3148 882 3143
f 2921 2926 3151
f 3151 2926 3156
f 3477 2824 1345
f 1345 2824 1346
f 1805 1804 3154
f 3154 1804 3156
f 886 3103 883
f 883 3103 3482
f 841 1248 3485
f 3485 1248 3121
f 2811 2819 2812
f 2812 2819 2816
f 2818 2815 2817
f 2817 2815 2806
f 2817 2816 2818
f 2818 2816 2819
f 2793 2795 2819
f 2819 2795 2818
f 243 352 2793
f 2793 352 2795
f 242 353 243
f 243 353 352
f 359 191 242
f 242 191 353
f 247 192 359
f 359 192 191
f 157 193 247
f 247 193 192
f 156 194 157
f 157 194 193
f 378 261 156
f 156 261 194
f 378 381 261
f 261 381 195
f 195 381 196
f 196 381 376
f 196 376 198
f 198 376 375
f 375 1776 198
f 198 1776 197
f 1776 1767 197
f 197 1767 274
f 181 274 199
f 199 274 1767
f 568 566 564
f 564 566 563
f 568 569 566
f 566 569 567
f 501 1773 1771
f 1771 1773 578
f 547 579 1773
f 1773 579 578
f 3486 470 474
f 474 470 469
f 450 582 3487
f 3487 582 3488
f 582 583 3488
f 3488 583 3489
f 583 584 3489
f 3489 584 3490
f 3490 584 3491
f 3491 584 543
f 470 3486 466
f 466 3486 467
f 3489 3490 503
f 503 3490 504
f 503 3492 3489
f 3489 3492 3488
f 3492 503 3493
f 3493 503 502
f 3495 3492 3494
f 3494 3492 3493
f 3487 3488 3495
f 3495 3488 3492
f 468 1774 465
f 465 1774 570
f 3494 3493 1775
f 1775 3493 1771
f 3490 3491 504
f 504 3491 1772
f 3491 543 1772
f 1772 543 548
f 450 3487 474
f 474 3487 3486
f 3495 467 3487
f 3487 467 3486
f 3494 468 3495
f 3495 468 467
f 468 3494 1774
f 1774 3494 1775
f 501 1771 502
f 502 1771 3493
f 527 366 384
f 384 366 365
f 522 524 527
f 527 524 366
f 521 534 522
f 522 534 524
f 530 535 521
f 521 535 534
f 508 486 513
f 513 486 532
f 513 532 541
f 541 532 535
f 667 668 596
f 596 668 597
f 1294 1297 624
f 624 1297 625
f 603 641 604
f 604 641 640
f 1290 1293 650
f 650 1293 651
f 1758 691 660
f 660 691 661
f 602 671 599
f 599 671 670
f 654 662 690
f 690 662 661
f 2856 598 695
f 695 598 597
f 602 654 671
f 671 654 690
f 604 640 676
f 676 640 704
f 1826 1829 708
f 708 1829 709
f 1288 1284 740
f 740 1284 741
f 755 754 758
f 758 754 759
f 2853 2856 932
f 932 2856 695
f 689 691 1192
f 1192 691 1193
f 784 1319 1240
f 1240 1319 1241
f 1813 1816 1244
f 1244 1816 1245
f 754 1288 759
f 759 1288 740
f 1894 1242 1318
f 1318 1242 1241
f 2867 1348 1418
f 1418 1348 1347
f 676 704 673
f 673 704 1347
f 1284 1287 741
f 741 1287 1419
f 1421 1426 1422
f 1422 1426 1425
f 1758 660 615
f 615 660 616
f 1192 1191 1421
f 1421 1191 1426
f 2962 1839 1504
f 1504 1839 1505
f 941 1194 1759
f 1759 1194 1193
f 1287 1537 1419
f 1419 1537 1760
f 1882 2893 1823
f 1823 2893 1824
f 1886 1891 1827
f 1827 1891 1828
f 1887 1886 1834
f 1834 1886 1827
f 1841 716 1838
f 1838 716 1505
f 782 784 1850
f 1850 784 1240
f 1239 1242 1863
f 1863 1242 1864
f 1242 1894 1864
f 1864 1894 1873
f 1822 1239 1823
f 1823 1239 1863
f 1318 1317 1895
f 1895 1317 1900
f 1894 1896 1873
f 1873 1896 1897
f 1291 1896 1292
f 1292 1896 1895
f 605 1898 606
f 606 1898 1897
f 1258 1257 2854
f 2854 1257 2855
f 1257 1351 2855
f 2855 1351 2857
f 1351 1353 2857
f 2857 1353 2858
f 1353 3033 2858
f 2858 3033 2859
f 2860 2861 3036
f 3036 2861 3037
f 2862 2863 2870
f 2870 2863 3039
f 2870 2869 2862
f 2862 2869 2864
f 2868 2865 2869
f 2869 2865 2864
f 1764 2866 2868
f 2868 2866 2865
f 1537 1199 1760
f 1760 1199 1348
f 615 2884 1758
f 1758 2884 1759
f 1825 1246 2890
f 2890 1246 1245
f 2893 2892 1824
f 1824 2892 2891
f 761 2960 758
f 758 2960 2906
f 3000 2943 2940
f 2940 2943 2941
f 2968 710 2950
f 2950 710 709
f 1764 1423 2866
f 2866 1423 2953
f 1423 645 2953
f 2953 645 2954
f 645 644 2954
f 2954 644 2955
f 644 738 2955
f 2955 738 2956
f 738 764 2956
f 2956 764 2957
f 764 763 2957
f 2957 763 2958
f 763 2908 2958
f 2958 2908 2959
f 2908 1436 2959
f 2959 1436 2961
f 1837 2964 1435
f 1435 2964 2963
f 1837 2937 2964
f 2964 2937 2965
f 2936 2968 2966
f 2966 2968 2950
f 1840 2942 1838
f 1838 2942 2941
f 2939 2949 2940
f 2940 2949 3006
f 2939 2942 2966
f 2966 2942 2965
f 1822 1825 1850
f 1850 1825 2890
f 1891 3005 1828
f 1828 3005 3006
f 3035 3038 3045
f 3045 3038 3042
f 3045 3044 3035
f 3035 3044 3040
f 669 1422 3045
f 3045 1422 3044
f 599 670 3041
f 3041 670 3042
f 931 3067 932
f 932 3067 3065
f 2853 3066 2854
f 2854 3066 3076
f 3067 3496 3065
f 3065 3496 3497
f 3066 3498 3076
f 3076 3498 3499
f 707 1813 708
f 708 1813 1244
f 2960 2962 2906
f 2906 2962 1504
f 2892 1887 2891
f 2891 1887 1834
f 1839 2962 2963
f 2963 2962 2961
f 595 626 596
f 596 626 625
f 623 626 3484
f 3484 626 2859
f 1291 1290 606
f 606 1290 603
f 1290 650 603
f 603 650 641
f 641 650 642
f 642 650 649
f 2860 2863 649
f 649 2863 642
f 3036 3039 2860
f 2860 3039 2863
f 3035 3040 3036
f 3036 3040 3039
f 1294 1293 1295
f 1295 1293 1292
f 624 651 1294
f 1294 651 1293
f 623 652 624
f 624 652 651
f 3484 2861 623
f 623 2861 652
f 3032 3037 3484
f 3484 3037 2861
f 3031 3038 3032
f 3032 3038 3037
f 3481 2848 2884
f 2884 2848 942
f 2846 617 1427
f 1427 617 616
f 3049 3167 3048
f 3048 3167 3500
f 1906 3048 3070
f 3070 3048 3500
f 1337 1768 3501
f 3501 1768 3502
f 3020 3503 3021
f 3021 3503 3024
f 2914 3023 3020
f 3020 3023 3503
f 859 1770 860
f 860 1770 3504
f 1336 3505 1768
f 1768 3505 3502
f 3065 3497 3066
f 3066 3497 3498
f 2814 3075 3067
f 3067 3075 3496
f 2839 3174 766
f 766 3174 3017
f 1337 3501 1338
f 1338 3501 1769
f 767 3018 3026
f 3026 3018 3506
f 3076 3499 3064
f 3064 3499 3507
f 727 730 3483
f 3483 730 3030
f 3064 3507 2871
f 2871 3507 3077
f 3100 3160 1786
f 1786 3160 1784
f 3026 3506 752
f 752 3506 3015
f 860 3504 2923
f 2923 3504 3508
f 753 3016 3027
f 3027 3016 3509
f 3027 3509 3008
f 3008 3509 3028
f 1782 1785 1783
f 1783 1785 3022
f 2923 3508 3153
f 3153 3508 3161
f 3148 3149 1208
f 1208 3149 3150
f 1335 1328 3510
f 3510 1328 1327
f 1336 1335 3505
f 3505 1335 3510
f 866 3511 1340
f 1340 3511 3146
f 865 1808 866
f 866 1808 3511
f 842 841 3159
f 3159 841 3485
f 2849 3512 1329
f 1329 3512 1326
f 1202 1331 2849
f 2849 1331 3512
f 3514 3515 3513
f 3513 3515 3516
f 3518 3516 3517
f 3517 3516 3515
f 3519 3520 3514
f 3514 3520 3515
f 3522 3523 3521
f 3521 3523 3524
f 3526 3527 3525
f 3525 3527 3528
f 3530 3531 3529
f 3529 3531 3532
f 3534 3535 3533
f 3533 3535 3536
f 3529 3532 3537
f 3537 3532 3538
f 3537 3539 3529
f 3529 3539 3540
f 3542 3543 3541
f 3541 3543 3544
f 3546 3547 3545
f 3545 3547 3548
f 3550 3534 3549
f 3549 3534 3533
f 3550 3543 3551
f 3551 3543 3552
f 3537 3545 3539
f 3539 3545 3548
f 3553 3554 3556
f 3556 3554 3555
f 3537 3557 3545
f 3545 3557 3546
f 3558 3559 3561
f 3561 3559 3560
f 3563 3564 3562
f 3562 3564 3565
f 3564 3563 3566
f 3566 3563 3567
f 3569 3570 3568
f 3568 3570 3571
f 3573 3574 3572
f 3572 3574 3575
f 3577 3578 3576
f 3576 3578 3579
f 3581 3582 3580
f 3580 3582 3583
f 3585 3586 3584
f 3584 3586 3579
f 3586 3587 3579
f 3579 3587 3576
f 3589 3590 3588
f 3588 3590 3591
f 3592 3593 3595
f 3595 3593 3594
f 3597 3598 3596
f 3596 3598 3595
f 3583 3600 3599
f 3599 3600 3601
f 3603 3599 3602
f 3602 3599 3601
f 3605 3606 3604
f 3604 3606 3607
f 3608 3555 3596
f 3596 3555 3554
f 3597 3610 3609
f 3609 3610 3565
f 3564 3611 3565
f 3565 3611 3609
f 3611 3564 3612
f 3612 3564 3566
f 3613 3614 3569
f 3569 3614 3570
f 3615 3616 3573
f 3573 3616 3574
f 3517 3617 3518
f 3518 3617 3618
f 3620 3621 3619
f 3619 3621 3622
f 3624 3625 3623
f 3623 3625 3626
f 3628 3629 3627
f 3627 3629 3630
f 3632 3633 3631
f 3631 3633 3634
f 3636 3637 3635
f 3635 3637 3638
f 3640 3641 3639
f 3639 3641 3642
f 3643 3644 3639
f 3639 3644 3640
f 3646 3513 3645
f 3645 3513 3647
f 3648 3514 3646
f 3646 3514 3513
f 3649 3519 3648
f 3648 3519 3514
f 3650 3651 3527
f 3527 3651 3652
f 3654 3651 3653
f 3653 3651 3650
f 3568 3571 3655
f 3655 3571 3656
f 3657 3658 3653
f 3653 3658 3659
f 3661 3662 3660
f 3660 3662 3658
f 3664 3665 3663
f 3663 3665 3666
f 3667 3657 3650
f 3650 3657 3653
f 3669 3523 3668
f 3668 3523 3670
f 3672 3673 3671
f 3671 3673 3674
f 3676 3677 3675
f 3675 3677 3678
f 3671 3674 3676
f 3676 3674 3677
f 3680 3681 3679
f 3679 3681 3682
f 3683 3684 3680
f 3680 3684 3681
f 3685 3686 3661
f 3661 3686 3662
f 3686 3687 3662
f 3662 3687 3688
f 3684 3683 3689
f 3689 3683 3690
f 3692 3693 3691
f 3691 3693 3694
f 3691 3694 3695
f 3695 3694 3696
f 3698 3699 3697
f 3697 3699 3700
f 3702 3703 3701
f 3701 3703 3704
f 3705 3706 3519
f 3519 3706 3520
f 3673 3672 3707
f 3707 3672 3708
f 3709 3710 3682
f 3682 3710 3679
f 3711 3712 3692
f 3692 3712 3693
f 3714 3715 3713
f 3713 3715 3716
f 3718 3700 3717
f 3717 3700 3699
f 3720 3721 3719
f 3719 3721 3722
f 3724 3725 3723
f 3723 3725 3726
f 3727 3728 3730
f 3730 3728 3729
f 3722 3721 3731
f 3731 3721 3732
f 3697 3700 3733
f 3733 3700 3714
f 3733 3714 3734
f 3734 3714 3713
f 3721 3723 3732
f 3732 3723 3735
f 3720 3736 3724
f 3724 3736 3737
f 3700 3718 3714
f 3714 3718 3715
f 3717 3699 3738
f 3738 3699 3739
f 3536 3740 3533
f 3533 3740 3540
f 3742 3743 3741
f 3741 3743 3744
f 3746 3747 3745
f 3745 3747 3748
f 3750 3751 3749
f 3749 3751 3752
f 3627 3632 3628
f 3628 3632 3631
f 3754 3755 3753
f 3753 3755 3626
f 3562 3565 3756
f 3756 3565 3610
f 3527 3652 3528
f 3528 3652 3757
f 3758 3524 3669
f 3669 3524 3523
f 3582 3598 3583
f 3583 3598 3600
f 3759 3670 3522
f 3522 3670 3523
f 3675 3678 3760
f 3760 3678 3761
f 3762 3763 3690
f 3690 3763 3689
f 3765 3766 3764
f 3764 3766 3767
f 3768 3739 3698
f 3698 3739 3699
f 3726 3725 3770
f 3770 3725 3769
f 3645 3647 3771
f 3771 3647 3772
f 3645 3678 3646
f 3646 3678 3677
f 3646 3677 3648
f 3648 3677 3674
f 3673 3649 3674
f 3674 3649 3648
f 3707 3773 3673
f 3673 3773 3649
f 3775 3776 3774
f 3774 3776 3777
f 3779 3526 3778
f 3778 3526 3525
f 3526 3779 3667
f 3667 3779 3780
f 3780 3781 3667
f 3667 3781 3657
f 3672 3679 3708
f 3708 3679 3710
f 3671 3680 3672
f 3672 3680 3679
f 3676 3683 3671
f 3671 3683 3680
f 3675 3690 3676
f 3676 3690 3683
f 3760 3762 3675
f 3675 3762 3690
f 3682 3681 3783
f 3783 3681 3782
f 3689 3784 3684
f 3684 3784 3785
f 3684 3785 3681
f 3681 3785 3782
f 3786 3709 3783
f 3783 3709 3682
f 3784 3689 3787
f 3787 3689 3763
f 3789 3557 3788
f 3788 3557 3790
f 3792 3793 3791
f 3791 3793 3794
f 3616 3615 3795
f 3795 3615 3796
f 3797 3798 3727
f 3727 3798 3728
f 3800 3801 3799
f 3799 3801 3802
f 3803 3578 3592
f 3592 3578 3593
f 3805 3806 3804
f 3804 3806 3807
f 3599 3603 3585
f 3585 3603 3586
f 3587 3586 3604
f 3604 3586 3603
f 3588 3591 3794
f 3794 3591 3791
f 3581 3803 3582
f 3582 3803 3592
f 3594 3561 3608
f 3608 3561 3790
f 3662 3688 3808
f 3808 3688 3809
f 3665 3664 3810
f 3810 3664 3811
f 3719 3812 3720
f 3720 3812 3736
f 3717 3813 3718
f 3718 3813 3737
f 3723 3721 3724
f 3724 3721 3720
f 3813 3717 3814
f 3814 3717 3738
f 3815 3816 303
f 303 3816 304
f 3818 3819 3817
f 3817 3819 3820
f 3578 3803 3579
f 3579 3803 3584
f 3558 3593 3577
f 3577 3593 3578
f 3822 3823 3821
f 3821 3823 3824
f 3546 3826 3825
f 3825 3826 3827
f 3828 3829 3547
f 3547 3829 3541
f 3831 3542 3830
f 3830 3542 3832
f 3834 3822 3833
f 3833 3822 3821
f 3835 3836 3827
f 3827 3836 3825
f 3800 3799 3828
f 3828 3799 3829
f 3830 3832 3837
f 3837 3832 3838
f 331 330 3551
f 3551 330 3839
f 3831 333 3552
f 3552 333 332
f 3819 3797 3841
f 3841 3797 3840
f 3513 3516 3647
f 3647 3516 3746
f 337 336 3745
f 3745 336 3772
f 3525 3528 3775
f 3775 3528 3749
f 3610 3597 3554
f 3554 3597 3596
f 3706 3702 3520
f 3520 3702 3701
f 3756 3610 3553
f 3553 3610 3554
f 3757 3750 3528
f 3528 3750 3749
f 3517 3515 3701
f 3701 3515 3520
f 3842 3584 3581
f 3581 3584 3803
f 3525 3775 3778
f 3778 3775 3774
f 3638 3843 3635
f 3635 3843 3618
f 3617 3621 3618
f 3618 3621 3635
f 3617 3517 3704
f 3704 3517 3701
f 3521 3624 3522
f 3522 3624 3623
f 3749 3844 3775
f 3775 3844 3776
f 3846 3847 3845
f 3845 3847 3848
f 3843 3747 3618
f 3618 3747 3518
f 3850 3851 3849
f 3849 3851 3748
f 3853 3854 3852
f 3852 3854 3855
f 3856 3857 3622
f 3622 3857 3619
f 3859 3860 3858
f 3858 3860 3861
f 3862 3844 3752
f 3752 3844 3749
f 3863 3759 3623
f 3623 3759 3522
f 3864 3777 3630
f 3630 3777 3776
f 3713 3865 3734
f 3734 3865 3866
f 3868 3869 3867
f 3867 3869 3870
f 3872 3873 3871
f 3871 3873 3874
f 3876 3877 3875
f 3875 3877 3878
f 3879 3880 3878
f 3878 3880 3881
f 3882 3883 3885
f 3885 3883 3884
f 3780 3886 3781
f 3781 3886 3887
f 3888 3685 3869
f 3869 3685 3661
f 3880 3879 3883
f 3883 3879 3884
f 3693 3783 3694
f 3694 3783 3782
f 3696 3785 3764
f 3764 3785 3784
f 3694 3782 3696
f 3696 3782 3785
f 3693 3786 3783
f 3787 3765 3784
f 3784 3765 3764
f 386 385 3765
f 3765 385 3766
f 3695 3889 3691
f 3691 3889 3890
f 3691 3890 3692
f 3692 3890 3891
f 3892 3711 3891
f 3891 3711 3692
f 3767 3893 3695
f 3695 3893 3889
f 3766 3894 3767
f 3767 3894 3893
f 3882 3885 3895
f 3895 3885 3896
f 3898 3698 3897
f 3897 3698 3697
f 3897 3697 3899
f 3899 3697 3733
f 3899 3733 3900
f 3900 3733 3734
f 3901 3768 3898
f 3898 3768 3698
f 3901 3902 3768
f 3768 3902 3903
f 3904 3905 3907
f 3907 3905 3906
f 3869 3661 3870
f 3870 3661 3660
f 3908 3909 3896
f 3896 3909 3895
f 3909 3758 3895
f 3895 3758 3669
f 3751 3531 3752
f 3752 3531 3848
f 3858 3536 3854
f 3854 3536 3535
f 3652 3562 3757
f 3757 3562 3756
f 3651 3654 3563
f 3563 3654 3567
f 3655 3656 3808
f 3808 3656 3659
f 3530 3740 3845
f 3845 3740 3861
f 3751 3750 3556
f 3556 3750 3553
f 3817 3820 3796
f 3796 3820 3795
f 410 409 3910
f 3910 409 3855
f 3750 3757 3553
f 3553 3757 3756
f 3908 3886 3909
f 3909 3886 3780
f 409 411 3855
f 3855 411 3851
f 413 412 3760
f 3760 412 3762
f 415 414 3763
f 3763 414 3787
f 3790 3557 3538
f 3538 3557 3537
f 3555 3608 3538
f 3538 3608 3790
f 3574 3911 3575
f 3575 3911 3912
f 3535 3534 3910
f 3910 3534 3839
f 3831 3552 3542
f 3542 3552 3543
f 3534 3550 3839
f 3839 3550 3551
f 3543 3550 3544
f 3544 3550 3549
f 3913 3914 3916
f 3916 3914 3915
f 3806 3805 3589
f 3589 3805 3590
f 3849 3843 3917
f 3917 3843 3638
f 3853 3644 3859
f 3859 3644 3742
f 3747 3746 3518
f 3518 3746 3516
f 3695 3696 3767
f 3767 3696 3764
f 3903 3918 3768
f 3768 3918 3739
f 3738 3739 3816
f 3816 3739 3918
f 3919 3920 3769
f 3769 3920 3770
f 3921 3726 3922
f 3922 3726 3770
f 3678 3645 3761
f 3761 3645 3771
f 3924 3913 3923
f 3923 3913 3916
f 3802 3925 3838
f 3838 3925 3837
f 3577 3926 3558
f 3558 3926 3559
f 3815 3919 3814
f 3814 3919 3769
f 3927 3928 3822
f 3822 3928 3823
f 3829 3832 3541
f 3541 3832 3542
f 3834 3927 3822
f 3832 3829 3838
f 3838 3829 3799
f 3745 3772 3746
f 3746 3772 3647
f 3849 3748 3843
f 3843 3748 3747
f 3854 3853 3858
f 3858 3853 3859
f 3854 3535 3855
f 3855 3535 3910
f 3557 3789 3546
f 3546 3789 3826
f 3923 3823 3924
f 3924 3823 3928
f 3823 3923 3929
f 3929 3923 3930
f 3531 3751 3532
f 3532 3751 3556
f 3532 3556 3538
f 3538 3556 3555
f 3932 3634 3931
f 3931 3634 3633
f 3814 3769 3813
f 3813 3769 3725
f 3620 3636 3621
f 3621 3636 3635
f 3847 3862 3848
f 3848 3862 3752
f 3531 3530 3848
f 3848 3530 3845
f 3933 3934 3830
f 3830 3934 3831
f 3925 3933 3837
f 3837 3933 3830
f 3934 440 3831
f 3831 440 333
f 3925 3802 3833
f 3833 3802 3801
f 3776 3844 3630
f 3630 3844 3627
f 3808 3659 3662
f 3662 3659 3658
f 3667 3650 3526
f 3526 3650 3527
f 3935 3666 3936
f 3936 3666 3665
f 3718 3737 3715
f 3715 3737 3736
f 3663 3809 3664
f 3664 3809 3688
f 3807 3806 3938
f 3938 3806 3937
f 445 413 3761
f 3761 413 3760
f 3902 447 3903
f 3903 447 446
f 3897 3890 3898
f 3898 3890 3889
f 3899 3891 3897
f 3897 3891 3890
f 3898 3889 3901
f 3901 3889 3893
f 3893 3894 3901
f 3901 3894 3902
f 414 386 3787
f 3787 386 3765
f 3940 3941 3939
f 3939 3941 3942
f 3840 3797 3943
f 3943 3797 3727
f 3665 3810 3936
f 3936 3810 3944
f 3921 3735 3726
f 3726 3735 3723
f 3920 3945 3770
f 3770 3945 3922
f 3521 3524 3774
f 3774 3524 3778
f 3864 3946 3625
f 3625 3946 3947
f 3773 3705 3649
f 3649 3705 3519
f 3779 3778 3758
f 3758 3778 3524
f 3812 3716 3736
f 3736 3716 3715
f 3624 3521 3777
f 3777 3521 3774
f 3703 3856 3704
f 3704 3856 3622
f 3900 3892 3899
f 3899 3892 3891
f 3641 3917 3642
f 3642 3917 3948
f 3895 3669 3882
f 3882 3669 3668
f 3855 3851 3852
f 3852 3851 3850
f 3894 458 3902
f 3902 458 447
f 3781 3887 3660
f 3660 3887 3870
f 3570 3566 3571
f 3571 3566 3567
f 3950 3576 3949
f 3949 3576 3587
f 3605 3602 3614
f 3614 3602 3612
f 3614 3612 3570
f 3570 3612 3566
f 3571 3567 3656
f 3656 3567 3654
f 3660 3658 3781
f 3781 3658 3657
f 3604 3607 3587
f 3587 3607 3949
f 3653 3659 3654
f 3654 3659 3656
f 3529 3540 3530
f 3530 3540 3740
f 3687 3811 3688
f 3688 3811 3664
f 3813 3725 3737
f 3737 3725 3724
f 3919 3815 461
f 461 3815 303
f 3818 3798 3819
f 3819 3798 3797
f 3819 3841 3820
f 3820 3841 3951
f 3816 3815 3738
f 3738 3815 3814
f 3540 3539 3533
f 3533 3539 3549
f 3548 3547 3544
f 3544 3547 3541
f 3539 3548 3549
f 3549 3548 3544
f 3741 3931 3860
f 3860 3931 3846
f 3801 3800 3835
f 3835 3800 3836
f 3934 3933 3824
f 3824 3933 3821
f 3825 3828 3546
f 3546 3828 3547
f 3833 3821 3925
f 3925 3821 3933
f 3800 3828 3836
f 3836 3828 3825
f 3824 3952 3934
f 3934 3952 440
f 3860 3846 3861
f 3861 3846 3845
f 3629 3946 3630
f 3630 3946 3864
f 3740 3536 3861
f 3861 3536 3858
f 3833 3801 3834
f 3834 3801 3835
f 3583 3599 3580
f 3580 3599 3585
f 3651 3563 3652
f 3652 3563 3562
f 3758 3909 3779
f 3779 3909 3780
f 3621 3617 3622
f 3622 3617 3704
f 3625 3947 3626
f 3626 3947 3753
f 3633 3632 3847
f 3847 3632 3862
f 3852 3850 3640
f 3640 3850 3641
f 3644 3853 3640
f 3640 3853 3852
f 3859 3742 3860
f 3860 3742 3741
f 3632 3627 3862
f 3862 3627 3844
f 3755 3863 3626
f 3626 3863 3623
f 3917 3638 3948
f 3948 3638 3637
f 3644 3643 3742
f 3742 3643 3743
f 3931 3633 3846
f 3846 3633 3847
f 3625 3624 3864
f 3864 3624 3777
f 3917 3641 3849
f 3849 3641 3850
f 3744 3932 3741
f 3741 3932 3931
f 3903 446 3918
f 3918 446 464
f 3953 3954 3956
f 3956 3954 3955
f 3958 3959 3957
f 3957 3959 3960
f 3876 3958 3877
f 3877 3958 3957
f 3877 3957 3961
f 3961 3957 3962
f 3963 3964 3958
f 3958 3964 3959
f 3965 3966 3876
f 3876 3966 3958
f 3966 3963 3958
f 3966 3967 3963
f 3963 3967 3968
f 3878 3877 3879
f 3879 3877 3961
f 3967 3969 3968
f 3968 3969 3970
f 3969 3971 3970
f 3970 3971 3972
f 3974 3904 3973
f 3973 3904 3907
f 3971 3975 3972
f 3972 3975 3976
f 3976 3975 3978
f 3978 3975 3977
f 3979 3980 3977
f 3977 3980 3978
f 3981 3982 3979
f 3979 3982 3980
f 3983 3984 3981
f 3981 3984 3982
f 3972 3985 3970
f 3970 3985 3986
f 3871 3987 3969
f 3969 3987 3971
f 3872 3871 3967
f 3967 3871 3969
f 3965 3872 3966
f 3966 3872 3967
f 3970 3986 3968
f 3968 3986 3988
f 3879 3961 3884
f 3884 3961 3940
f 3884 3940 3885
f 3885 3940 3939
f 3989 3990 3992
f 3992 3990 3991
f 3942 3993 3995
f 3995 3993 3994
f 3994 3996 3995
f 3995 3996 3974
f 3997 3998 3994
f 3994 3998 3996
f 3999 3997 3993
f 3993 3997 3994
f 4001 3996 4000
f 4000 3996 3998
f 4000 3998 4002
f 4002 3998 4003
f 4004 4003 3997
f 3997 4003 3998
f 3997 3999 4004
f 4004 3999 4005
f 4006 3995 3973
f 3973 3995 3974
f 3939 3942 4006
f 4006 3942 3995
f 3906 3887 3907
f 3907 3887 3886
f 3887 3906 3870
f 3870 3906 3867
f 3908 3973 3886
f 3886 3973 3907
f 3865 4007 3866
f 3866 4007 4008
f 3984 3983 4009
f 4009 3983 4010
f 3961 3962 3940
f 3940 3962 3941
f 4012 3868 4011
f 4011 3868 3867
f 4013 3975 3987
f 3987 3975 3971
f 4014 3977 4013
f 4013 3977 3975
f 4015 4010 4007
f 4007 4010 3983
f 4007 3983 4008
f 4008 3983 3981
f 4008 3981 4016
f 4016 3981 3979
f 4017 3984 4018
f 4018 3984 4009
f 3977 4014 3979
f 3979 4014 4016
f 3982 3984 4019
f 4019 3984 4017
f 4021 4022 4020
f 4020 4022 4023
f 4022 4012 4023
f 4023 4012 4011
f 4023 3904 4020
f 4020 3904 3974
f 4024 4025 4018
f 4018 4025 4017
f 4026 4027 4024
f 4024 4027 4025
f 4028 4026 4029
f 4029 4026 4024
f 4018 4021 4024
f 4024 4021 4029
f 4030 4031 4026
f 4026 4031 4027
f 4032 4030 4028
f 4028 4030 4026
f 4029 4001 4028
f 4028 4001 4000
f 4028 4000 4032
f 4032 4000 4002
f 4034 4035 4033
f 4033 4035 4036
f 4037 4038 4019
f 4019 4038 4039
f 4041 4039 4040
f 4040 4039 4038
f 4040 4038 4042
f 4042 4038 4036
f 4042 4036 4043
f 4043 4036 4035
f 3985 4044 4046
f 4046 4044 4045
f 4047 4048 4045
f 4045 4048 4046
f 4047 4049 4048
f 4048 4049 4050
f 4042 4047 4040
f 4040 4047 4045
f 4043 4049 4042
f 4042 4049 4047
f 4040 4045 4041
f 4041 4045 4044
f 4052 3959 4051
f 4051 3959 3964
f 4053 4054 4051
f 4051 4054 4055
f 3956 3960 4052
f 4052 3960 3959
f 3953 3956 4056
f 4056 3956 4052
f 4058 3953 4057
f 4057 3953 4056
f 4060 4061 4059
f 4059 4061 4062
f 4063 4064 4054
f 4054 4064 4057
f 4054 4053 4063
f 4063 4053 4065
f 4066 4067 4069
f 4069 4067 4068
f 4048 4050 4063
f 4063 4050 4064
f 4063 4065 4048
f 4048 4065 4046
f 3985 4046 3986
f 3986 4046 4065
f 3986 4065 3988
f 3988 4065 4053
f 3988 4053 3964
f 3964 4053 4051
f 3976 3978 4044
f 4044 3978 4041
f 3980 3982 4039
f 4039 3982 4019
f 4039 4041 3980
f 3980 4041 3978
f 3973 3908 4006
f 4006 3908 3896
f 3885 3939 3896
f 3896 3939 4006
f 4031 4034 4027
f 4027 4034 4033
f 4027 4033 4025
f 4025 4033 4037
f 4019 4017 4037
f 4037 4017 4025
f 3993 3942 4070
f 4070 3942 3941
f 3999 3993 4071
f 4071 3993 4070
f 3999 4071 4005
f 4005 4071 4072
f 4073 4074 4076
f 4076 4074 4075
f 4078 4079 4077
f 4077 4079 4080
f 4082 4080 4081
f 4081 4080 4079
f 4084 4085 4083
f 4083 4085 4086
f 4087 4088 4090
f 4090 4088 4089
f 4092 4093 4091
f 4091 4093 4094
f 4096 4097 4095
f 4095 4097 4098
f 4100 4101 4099
f 4099 4101 4102
f 4103 4104 4106
f 4106 4104 4105
f 4108 4109 4107
f 4107 4109 4110
f 4112 4113 4111
f 4111 4113 4114
f 4116 4117 4115
f 4115 4117 4118
f 4120 4121 4119
f 4119 4121 4122
f 4123 4124 4126
f 4126 4124 4125
f 4127 4128 4130
f 4130 4128 4129
f 4132 4133 4131
f 4131 4133 4134
f 4136 4108 4135
f 4135 4108 4107
f 4138 4139 4137
f 4137 4139 4140
f 4141 4142 4088
f 4088 4142 4089
f 4144 4145 4143
f 4143 4145 4146
f 4148 4149 4147
f 4147 4149 4150
f 4152 4153 4151
f 4151 4153 4154
f 4156 4082 4155
f 4155 4082 4081
f 4157 4158 4160
f 4160 4158 4159
f 4161 4162 4164
f 4164 4162 4163
f 4166 4122 4165
f 4165 4122 4121
f 4168 4152 4167
f 4167 4152 4151
f 4169 4170 4172
f 4172 4170 4171
f 4174 4175 4173
f 4173 4175 4176
f 4178 4149 4177
f 4177 4149 4179
f 4173 4176 4180
f 4180 4176 4181
f 4156 4085 4182
f 4182 4085 4183
f 4182 4184 4156
f 4156 4184 4082
f 4185 4186 4184
f 4184 4186 4187
f 4186 4188 4187
f 4187 4188 4189
f 4190 4191 4073
f 4073 4191 4074
f 4177 4179 4158
f 4158 4179 4159
f 4193 4127 4192
f 4192 4127 4130
f 4144 4194 4151
f 4151 4194 4167
f 4196 4197 4195
f 4195 4197 4198
f 4095 4199 4096
f 4096 4199 4200
f 4201 4202 4204
f 4204 4202 4203
f 4205 4206 4208
f 4208 4206 4207
f 4121 4120 4209
f 4209 4120 4210
f 4212 4213 4211
f 4211 4213 4214
f 4216 4217 4215
f 4215 4217 4218
f 4220 4221 4219
f 4219 4221 4222
f 4224 4196 4223
f 4223 4196 4195
f 4225 4226 4134
f 4134 4226 4131
f 4228 4229 4227
f 4227 4229 4230
f 4232 4233 4231
f 4231 4233 4098
f 4235 4236 4234
f 4234 4236 4237
f 4239 4240 4238
f 4238 4240 4241
f 4242 4243 4245
f 4245 4243 4244
f 4246 4247 4249
f 4249 4247 4248
f 4251 4252 4250
f 4250 4252 4253
f 4255 4256 4254
f 4254 4256 4257
f 4259 4260 4258
f 4258 4260 4261
f 4263 4264 4262
f 4262 4264 4265
f 4267 4268 4266
f 4266 4268 4269
f 4271 4199 4270
f 4270 4199 4272
f 4273 4274 4276
f 4276 4274 4275
f 4115 4118 4277
f 4277 4118 4278
f 4280 4281 4279
f 4279 4281 4282
f 4211 4283 4212
f 4212 4283 4284
f 4286 4287 4285
f 4285 4287 4288
f 4165 4121 4289
f 4289 4121 4209
f 4291 4286 4290
f 4290 4286 4285
f 4293 4294 4292
f 4292 4294 4295
f 4297 4298 4296
f 4296 4298 4299
f 4301 4302 4300
f 4300 4302 4303
f 4299 4304 4296
f 4296 4304 4305
f 4306 4292 4307
f 4307 4292 4295
f 4307 4308 4306
f 4306 4308 4309
f 4310 4309 4075
f 4075 4309 4308
f 4299 4298 4312
f 4312 4298 4311
f 4302 4301 4293
f 4293 4301 4294
f 3735 3921 4313
f 4313 3921 4314
f 4315 4314 3922
f 3922 4314 3921
f 4316 3945 829
f 829 3945 830
f 4289 4317 4165
f 4165 4317 4318
f 4320 4321 4319
f 4319 4321 4322
f 4324 4325 4323
f 4323 4325 4326
f 4327 4328 4330
f 4330 4328 4329
f 4290 4331 4291
f 4291 4331 4332
f 4165 4318 4166
f 4166 4318 4333
f 4334 4335 4337
f 4337 4335 4336
f 4339 4340 4338
f 4338 4340 4341
f 4168 4343 4342
f 4342 4343 4344
f 4346 4347 4345
f 4345 4347 4348
f 4350 4351 4349
f 4349 4351 4352
f 4354 4355 4353
f 4353 4355 4356
f 4357 4358 4324
f 4324 4358 4325
f 4337 4359 4334
f 4334 4359 4360
f 4362 4363 4361
f 4361 4363 4364
f 4366 4367 4365
f 4365 4367 4368
f 4369 4370 4372
f 4372 4370 4371
f 4331 4290 4374
f 4374 4290 4373
f 4373 4376 4375
f 4375 4376 4377
f 4379 4380 4378
f 4378 4380 4381
f 4217 4382 4218
f 4218 4382 4383
f 4385 4386 4384
f 4384 4386 4387
f 4388 4389 4338
f 4338 4389 4390
f 4337 4336 4392
f 4392 4336 4391
f 4394 4362 4393
f 4393 4362 4361
f 4396 4397 4395
f 4395 4397 4398
f 4400 4401 4399
f 4399 4401 4402
f 4345 4403 4346
f 4346 4403 4404
f 4405 4406 4342
f 4342 4406 4407
f 4409 4410 4408
f 4408 4410 4411
f 4408 4412 4409
f 4409 4412 4413
f 4181 4415 4414
f 4414 4415 4416
f 4182 4183 4417
f 4417 4183 4418
f 4419 4353 4311
f 4311 4353 4312
f 4421 4422 4420
f 4420 4422 4423
f 4353 4356 4312
f 4312 4356 4424
f 4166 4333 4425
f 4425 4333 4426
f 4425 4143 4166
f 4166 4143 4122
f 4427 4107 4428
f 4428 4107 4110
f 4429 4430 4174
f 4174 4430 4175
f 4335 4431 4336
f 4336 4431 4390
f 4336 4390 4391
f 4391 4390 4389
f 4432 4433 4435
f 4435 4433 4434
f 4437 4438 4436
f 4436 4438 4439
f 4441 4442 4440
f 4440 4442 4443
f 4359 4444 4361
f 4361 4444 4393
f 4446 4447 4445
f 4445 4447 4448
f 4338 4341 4388
f 4388 4341 4449
f 4450 4451 4398
f 4398 4451 4395
f 4453 4454 4452
f 4452 4454 4455
f 4457 4458 4456
f 4456 4458 4459
f 4460 4461 4448
f 4448 4461 4445
f 4463 4464 4462
f 4462 4464 4465
f 4462 4465 4466
f 4466 4465 4467
f 4468 4469 4467
f 4467 4469 4466
f 4469 4468 4470
f 4470 4468 4471
f 4472 4473 4471
f 4471 4473 4470
f 4475 4476 4474
f 4474 4476 4477
f 4479 4480 4478
f 4478 4480 4481
f 4483 4484 4482
f 4482 4484 4485
f 4487 4488 4486
f 4486 4488 4489
f 4491 4492 4490
f 4490 4492 4493
f 4494 4495 4493
f 4493 4495 4490
f 4496 4497 4494
f 4494 4497 4495
f 4497 4496 4498
f 4498 4496 4499
f 4500 4501 4503
f 4503 4501 4502
f 4505 4506 4504
f 4504 4506 4507
f 4466 4508 4462
f 4462 4508 4509
f 4470 4510 4469
f 4469 4510 4511
f 4513 4479 4512
f 4512 4479 4478
f 4515 4443 4514
f 4514 4443 4442
f 4516 4517 4519
f 4519 4517 4518
f 4521 4495 4520
f 4520 4495 4497
f 4522 4490 4521
f 4521 4490 4495
f 4491 4523 4488
f 4488 4523 4524
f 4525 4489 4524
f 4524 4489 4488
f 4484 4526 4485
f 4485 4526 4527
f 4503 4528 4500
f 4500 4528 4529
f 4530 4531 4533
f 4533 4531 4532
f 4535 4506 4534
f 4534 4506 4530
f 4486 4536 4487
f 4487 4536 4537
f 4487 4537 4492
f 4492 4537 4538
f 4494 4539 4496
f 4496 4539 4540
f 4542 4533 4541
f 4541 4533 4499
f 4544 4545 4543
f 4543 4545 4546
f 4548 4549 4547
f 4547 4549 4550
f 4536 4551 4537
f 4537 4551 4552
f 4537 4552 4538
f 4538 4552 4553
f 4554 4539 4556
f 4556 4539 4555
f 4557 4540 4554
f 4554 4540 4539
f 4559 4557 4558
f 4558 4557 4560
f 4540 4557 4541
f 4541 4557 4559
f 4562 4563 4561
f 4561 4563 4564
f 4546 4565 4543
f 4543 4565 4566
f 4547 4567 4548
f 4548 4567 4568
f 4570 4571 4569
f 4569 4571 4572
f 4574 4575 4573
f 4573 4575 4576
f 4578 4579 4577
f 4577 4579 4580
f 4582 4583 4581
f 4581 4583 4584
f 4585 4586 4588
f 4588 4586 4587
f 4589 4585 4590
f 4590 4585 4588
f 4592 4593 4591
f 4591 4593 4594
f 4596 4597 4595
f 4595 4597 4598
f 4600 4601 4599
f 4599 4601 4602
f 4563 4604 4603
f 4603 4604 4605
f 4603 4606 4608
f 4608 4606 4607
f 4609 4610 4594
f 4594 4610 4591
f 4611 4612 4614
f 4614 4612 4613
f 4616 4617 4615
f 4615 4617 4618
f 4602 4620 4619
f 4619 4620 4621
f 4619 4622 4602
f 4602 4622 4599
f 4605 4599 4623
f 4623 4599 4622
f 4605 4623 4603
f 4603 4623 4606
f 4625 4626 4624
f 4624 4626 4627
f 4438 4437 4628
f 4628 4437 4629
f 4442 4441 4630
f 4630 4441 4631
f 4630 4632 4442
f 4442 4632 4514
f 4633 4634 4529
f 4529 4634 4500
f 4500 4634 4501
f 4501 4634 4635
f 4637 4546 4636
f 4636 4546 4545
f 4639 4565 4638
f 4638 4565 4640
f 4573 4576 4641
f 4641 4576 4642
f 4593 4643 4594
f 4594 4643 4644
f 4645 4609 4644
f 4644 4609 4594
f 4647 4648 4646
f 4646 4648 4649
f 4651 4652 4650
f 4650 4652 4653
f 4654 4498 4519
f 4519 4498 4532
f 4520 4508 4521
f 4521 4508 4511
f 4522 4510 4523
f 4523 4510 4655
f 4524 4656 4525
f 4525 4656 4657
f 4514 4529 4515
f 4515 4529 4528
f 4658 4659 4661
f 4661 4659 4660
f 4496 4540 4499
f 4499 4540 4541
f 4493 4555 4494
f 4494 4555 4539
f 4549 4483 4550
f 4550 4483 4482
f 4545 4544 4501
f 4501 4544 4502
f 4636 4545 4635
f 4635 4545 4501
f 4589 4663 4662
f 4662 4663 4664
f 4662 4665 4558
f 4558 4665 4559
f 4569 4586 4570
f 4570 4586 4560
f 4552 4666 4553
f 4553 4666 4667
f 4668 4669 4670
f 4670 4669 4666
f 4672 4673 4671
f 4671 4673 4674
f 4287 4675 4288
f 4288 4675 4676
f 4678 4679 4677
f 4677 4679 4680
f 4681 4678 4682
f 4682 4678 4677
f 4682 4683 4681
f 4681 4683 4684
f 4161 4164 4685
f 4685 4164 4686
f 4414 4687 4689
f 4689 4687 4688
f 4405 4690 4346
f 4346 4690 4347
f 4691 4399 4693
f 4693 4399 4692
f 1209 4694 4365
f 4365 4694 4366
f 4650 1211 4651
f 4651 1211 1210
f 4695 4696 4255
f 4255 4696 4256
f 4697 4698 4218
f 4218 4698 4215
f 4700 4701 4699
f 4699 4701 4702
f 4703 4704 4303
f 4303 4704 4300
f 4315 3922 4316
f 4316 3922 3945
f 4653 4706 4705
f 4705 4706 4707
f 4709 4710 4708
f 4708 4710 4711
f 4335 4334 4713
f 4713 4334 4712
f 4714 4340 4321
f 4321 4340 4322
f 4716 4717 4715
f 4715 4717 4718
f 4238 4241 4719
f 4719 4241 4720
f 4231 4721 4307
f 4307 4721 4308
f 4723 4724 4722
f 4722 4724 4725
f 4727 4728 4726
f 4726 4728 4729
f 4730 4731 4327
f 4327 4731 4328
f 4733 4734 4732
f 4732 4734 4735
f 4720 4381 4736
f 4736 4381 4737
f 4738 4739 4741
f 4741 4739 4740
f 4743 4744 4742
f 4742 4744 4745
f 4338 4390 4339
f 4339 4390 4431
f 4746 4747 4431
f 4431 4747 4339
f 4291 4332 4289
f 4289 4332 4317
f 4289 4209 4291
f 4291 4209 4286
f 4287 4286 4210
f 4210 4286 4209
f 4749 4750 4748
f 4748 4750 4751
f 4212 4284 4752
f 4752 4284 4753
f 4752 4754 4212
f 4212 4754 4213
f 4252 4251 4225
f 4225 4251 4226
f 4227 4230 4248
f 4248 4230 4249
f 4205 4755 4757
f 4757 4755 4756
f 4708 4711 4758
f 4758 4711 4647
f 4367 4366 4759
f 4759 4366 4760
f 4526 4513 4527
f 4527 4513 4512
f 4420 4423 4385
f 4385 4423 4386
f 4705 4761 4653
f 4653 4761 4650
f 4761 1279 4650
f 4650 1279 1211
f 4762 4763 3944
f 3944 4763 3936
f 4274 4273 4765
f 4765 4273 4764
f 4767 4768 4766
f 4766 4768 4769
f 4770 4771 4769
f 4769 4771 4766
f 4771 4770 4242
f 4242 4770 4243
f 4093 4163 4094
f 4094 4163 4162
f 4772 4773 4775
f 4775 4773 4774
f 4777 4778 4776
f 4776 4778 4779
f 4417 4185 4182
f 4182 4185 4184
f 4780 4078 4781
f 4781 4078 4077
f 4781 4077 4782
f 4782 4077 4189
f 4188 4783 4189
f 4189 4783 4782
f 4295 4232 4307
f 4307 4232 4231
f 4785 4786 4784
f 4784 4786 4787
f 4784 1307 4785
f 4785 1307 1306
f 4078 4780 4096
f 4096 4780 4097
f 4075 4074 4310
f 4310 4074 4788
f 4788 4074 4789
f 4789 4074 4191
f 4789 4191 4059
f 4059 4191 4790
f 4791 4277 4792
f 4792 4277 4278
f 3732 3735 4793
f 4793 3735 4313
f 4793 4794 3732
f 3732 4794 3731
f 4792 4795 4791
f 4791 4795 4796
f 4797 4798 4799
f 4799 4798 4724
f 4763 4800 3936
f 3936 4800 3935
f 4801 4062 3729
f 3729 4062 3730
f 4713 4712 4802
f 4802 4712 4803
f 4146 4804 4119
f 4119 4804 4805
f 4498 4654 4497
f 4497 4654 4520
f 4806 4807 1326
f 1326 4807 1327
f 4689 4688 1330
f 1330 4688 1331
f 4801 4789 4062
f 4062 4789 4059
f 3730 4062 4808
f 4808 4062 4061
f 4810 4811 4809
f 4809 4811 4812
f 4813 4403 4814
f 4814 4403 4345
f 4815 4816 4349
f 4349 4816 4350
f 4817 4818 4820
f 4820 4818 4819
f 4406 4821 4407
f 4407 4821 4822
f 4823 4161 4824
f 4824 4161 4685
f 4181 4414 4825
f 4825 4414 4689
f 4741 4740 4826
f 4826 4740 4827
f 4828 4829 4827
f 4827 4829 4826
f 4142 4141 4415
f 4415 4141 4148
f 4830 1354 4761
f 4761 1354 1279
f 4832 4833 4831
f 4831 4833 4834
f 4835 4836 4626
f 4626 4836 4421
f 4451 4709 4395
f 4395 4709 4708
f 4627 4420 4837
f 4837 4420 4385
f 4837 1365 4838
f 4838 1365 1364
f 4397 4396 4839
f 4839 4396 4840
f 4842 4628 4841
f 4841 4628 4629
f 4671 4674 4631
f 4631 4674 4630
f 4674 4659 4630
f 4630 4659 4632
f 4633 4632 4658
f 4658 4632 4659
f 4658 4504 4633
f 4633 4504 4634
f 4635 4634 4507
f 4507 4634 4504
f 4843 4636 4507
f 4507 4636 4635
f 4844 4637 4843
f 4843 4637 4636
f 4637 4844 4640
f 4640 4844 4664
f 4638 4663 4642
f 4642 4663 4845
f 4847 4643 4846
f 4846 4643 4641
f 4644 4848 4645
f 4645 4848 4849
f 4851 4852 4850
f 4850 4852 4853
f 4855 4856 4854
f 4854 4856 4857
f 4859 4860 4858
f 4858 4860 4857
f 4715 4718 4859
f 4859 4718 4860
f 4862 4863 4861
f 4861 4863 4864
f 4866 4867 4865
f 4865 4867 4868
f 4870 4871 4869
f 4869 4871 4872
f 4869 4872 4116
f 4116 4872 4117
f 4820 4819 4874
f 4874 4819 4873
f 4876 4877 4875
f 4875 4877 4878
f 4880 4881 4879
f 4879 4881 4882
f 4884 4885 4883
f 4883 4885 4886
f 4887 4888 4280
f 4280 4888 4281
f 4818 4817 4889
f 4889 4817 4890
f 4891 4193 4823
f 4823 4193 4192
f 4892 4893 4228
f 4228 4893 4229
f 4158 4157 4894
f 4894 4157 4895
f 4896 4897 4132
f 4132 4897 4133
f 4099 4683 4100
f 4100 4683 4682
f 4101 4100 4899
f 4899 4100 4898
f 4150 4106 4147
f 4147 4106 4900
f 4100 4682 4898
f 4898 4682 4677
f 4080 4082 4187
f 4187 4082 4184
f 4077 4080 4189
f 4189 4080 4187
f 4191 4190 4790
f 4790 4190 4901
f 4177 4158 4680
f 4680 4158 4894
f 4108 4136 4752
f 4752 4136 4754
f 4752 4753 4108
f 4108 4753 4109
f 4817 4902 4890
f 4890 4902 4903
f 4904 4905 4907
f 4907 4905 4906
f 4909 4910 4908
f 4908 4910 4911
f 4913 4914 4912
f 4912 4914 4915
f 4916 4917 4919
f 4919 4917 4918
f 4312 4424 4299
f 4299 4424 4304
f 4920 4921 4297
f 4297 4921 4298
f 4194 4922 4167
f 4167 4922 4923
f 4924 4400 4691
f 4691 4400 4399
f 4395 4708 4396
f 4396 4708 4758
f 4367 4925 4368
f 4368 4925 4926
f 4919 4918 4873
f 4873 4918 4874
f 4836 4927 4421
f 4421 4927 4422
f 4921 4928 4298
f 4298 4928 4311
f 4143 4146 4122
f 4122 4146 4119
f 4929 4930 4455
f 4455 4930 4452
f 4932 4933 4931
f 4931 4933 4934
f 4935 4936 4932
f 4932 4936 4933
f 4461 4460 4457
f 4457 4460 4458
f 4480 4479 4475
f 4475 4479 4476
f 4660 4673 4517
f 4517 4673 4937
f 4661 4505 4658
f 4658 4505 4504
f 4484 4483 4489
f 4489 4483 4486
f 4462 4509 4463
f 4463 4509 4518
f 4469 4511 4466
f 4466 4511 4508
f 4655 4473 4656
f 4656 4473 4477
f 4476 4657 4477
f 4477 4657 4656
f 4479 4513 4476
f 4476 4513 4657
f 4489 4525 4484
f 4484 4525 4526
f 4483 4549 4486
f 4486 4549 4536
f 4549 4548 4536
f 4536 4548 4551
f 4548 4568 4551
f 4551 4568 4670
f 4663 4589 4845
f 4845 4589 4590
f 4668 4577 4938
f 4938 4577 4580
f 4940 4938 4939
f 4939 4938 4941
f 4940 4942 4669
f 4669 4942 4943
f 4587 4582 4944
f 4944 4582 4581
f 4848 4847 4608
f 4608 4847 4564
f 4616 4945 4613
f 4613 4945 4598
f 4615 4946 4616
f 4616 4946 4945
f 4947 4939 4948
f 4948 4939 4946
f 4599 4605 4600
f 4600 4605 4604
f 4608 4607 4848
f 4848 4607 4849
f 4613 4612 4616
f 4616 4612 4617
f 4835 4949 4709
f 4709 4949 4710
f 4357 1477 4837
f 4837 1477 1365
f 4712 4950 4803
f 4803 4950 4951
f 4401 4952 4402
f 4402 4952 4953
f 4759 4760 4402
f 4402 4760 4399
f 4508 4520 4509
f 4509 4520 4654
f 4510 4522 4511
f 4511 4522 4521
f 4513 4526 4657
f 4657 4526 4525
f 4632 4633 4514
f 4514 4633 4529
f 4931 4934 4453
f 4453 4934 4454
f 4153 4954 4154
f 4154 4954 4955
f 4957 4958 4956
f 4956 4958 4959
f 4961 4962 4960
f 4960 4962 4963
f 4120 4964 4210
f 4210 4964 4965
f 4967 4968 4966
f 4966 4968 4969
f 4349 4692 4815
f 4815 4692 4970
f 4652 4971 4653
f 4653 4971 4706
f 4758 4647 4972
f 4972 4647 4646
f 4973 4363 4646
f 4646 4363 4972
f 4950 4360 4974
f 4974 4360 4364
f 4431 4335 4746
f 4746 4335 4713
f 4358 4714 4325
f 4325 4714 4321
f 4765 4764 4266
f 4266 4764 4975
f 4202 4976 4203
f 4203 4976 4977
f 4917 4978 4918
f 4918 4978 4979
f 4279 4282 4854
f 4854 4282 4269
f 4820 4880 4817
f 4817 4880 4902
f 4890 4903 4980
f 4980 4903 4886
f 4982 4983 4981
f 4981 4983 4123
f 4795 4851 4796
f 4796 4851 4850
f 4918 4979 4874
f 4874 4979 4881
f 4809 4404 4810
f 4810 4404 4403
f 4354 4985 4984
f 4984 4985 4986
f 1364 1516 4838
f 4838 1516 4987
f 4759 4988 4367
f 4367 4988 4925
f 4989 4990 4481
f 4481 4990 4478
f 4443 4515 4990
f 4990 4515 4991
f 4527 4512 4992
f 4992 4512 4991
f 4528 4503 4992
f 4992 4503 4993
f 4993 4994 4485
f 4485 4994 4482
f 4544 4995 4502
f 4502 4995 4994
f 4995 4996 4550
f 4550 4996 4547
f 4998 4999 4997
f 4997 4999 4566
f 4998 5000 4578
f 4578 5000 4579
f 5001 5002 4596
f 4596 5002 4597
f 5003 4591 5004
f 5004 4591 4610
f 4626 4421 4627
f 4627 4421 4420
f 4837 4838 4627
f 4627 4838 4624
f 4761 4705 4830
f 4830 4705 5005
f 4705 4707 5005
f 5005 4707 5006
f 4308 4721 4075
f 4075 4721 4076
f 5007 4200 4797
f 4797 4200 4798
f 4685 4686 5008
f 5008 4686 5009
f 4889 4890 5010
f 5010 4890 4980
f 4323 1541 4324
f 4324 1541 1540
f 4385 4384 4358
f 4358 4384 4714
f 4396 4758 4840
f 4840 4758 4972
f 4866 4852 5011
f 5011 4852 5012
f 5013 4260 4980
f 4980 4260 5010
f 4875 4878 5014
f 5014 4878 5015
f 5017 5018 5016
f 5016 5018 5019
f 5016 5019 5020
f 5020 5019 5021
f 5023 5024 5022
f 5022 5024 5025
f 5027 5028 5026
f 5026 5028 5029
f 5031 5032 5030
f 5030 5032 5033
f 5035 5036 5034
f 5034 5036 5037
f 5039 5040 5038
f 5038 5040 5041
f 5043 5044 5042
f 5042 5044 5045
f 5038 5046 5039
f 5039 5046 5047
f 5049 5050 5048
f 5048 5050 5051
f 5053 5054 5052
f 5052 5054 5055
f 5057 5024 5056
f 5056 5024 5058
f 5060 5061 5059
f 5059 5061 5062
f 5064 5065 5063
f 5063 5065 5066
f 5043 5050 5064
f 5064 5050 5065
f 5038 5041 5067
f 5067 5041 5068
f 5070 5071 5069
f 5069 5071 5072
f 5074 5075 5073
f 5073 5075 5076
f 5034 5077 5035
f 5035 5077 5078
f 5080 5081 5079
f 5079 5081 5082
f 5084 5085 5083
f 5083 5085 5086
f 5085 5084 5087
f 5087 5084 5088
f 5090 5091 5089
f 5089 5091 5092
f 5094 5095 5093
f 5093 5095 5096
f 5098 5099 5097
f 5097 5099 5100
f 5102 5103 5101
f 5101 5103 5104
f 5105 5106 5108
f 5108 5106 5107
f 5110 5111 5109
f 5109 5111 5112
f 5114 5094 5113
f 5113 5094 5093
f 5116 5117 5115
f 5115 5117 5118
f 5120 5121 5119
f 5119 5121 5122
f 5124 5125 5123
f 5123 5125 5126
f 5128 5129 5127
f 5127 5129 5130
f 5097 5131 5098
f 5098 5131 5132
f 5134 5135 5133
f 5133 5135 5122
f 5084 5125 5088
f 5088 5125 5136
f 5138 5139 5137
f 5137 5139 5140
f 5142 5102 5141
f 5141 5102 5101
f 5106 5143 5107
f 5107 5143 5144
f 5146 5147 5145
f 5145 5147 5148
f 5149 5150 5109
f 5109 5150 5110
f 5151 5110 5152
f 5152 5110 5150
f 4715 5140 4716
f 4716 5140 5139
f 5143 4870 5144
f 5144 4870 4869
f 4115 5146 4116
f 4116 5146 5145
f 4791 4796 5149
f 5149 4796 5150
f 4796 4850 5150
f 5150 4850 5152
f 4858 5142 4859
f 4859 5142 5141
f 5153 5154 5115
f 5115 5154 5105
f 5156 5157 5155
f 5155 5157 5158
f 5159 5160 5053
f 5053 5160 5054
f 5161 5162 5020
f 5020 5162 5068
f 5026 5029 5163
f 5163 5029 5021
f 5083 5086 5164
f 5164 5086 5165
f 5090 5167 5166
f 5166 5167 5168
f 5169 5170 5172
f 5172 5170 5171
f 5174 5175 5173
f 5173 5175 5176
f 5177 5109 5178
f 5178 5109 5112
f 5179 5180 5182
f 5182 5180 5181
f 5123 5126 5120
f 5120 5126 5121
f 5180 5167 5181
f 5181 5167 5183
f 5184 5185 5179
f 5179 5185 5180
f 5186 5149 5177
f 5177 5149 5109
f 4868 5184 4865
f 4865 5184 5179
f 5188 5189 5187
f 5187 5189 5190
f 4277 4791 5186
f 5186 4791 5149
f 5179 5182 4865
f 4865 5182 4853
f 5189 4862 5190
f 5190 4862 4861
f 5156 5075 5191
f 5191 5075 5192
f 5036 5035 5193
f 5193 5035 5194
f 5115 5118 5153
f 5153 5118 5195
f 5022 5025 5196
f 5196 5025 5197
f 5155 5158 5069
f 5069 5158 5062
f 5063 5066 5198
f 5198 5066 5199
f 5073 5076 5200
f 5200 5076 5072
f 5202 5131 5201
f 5201 5131 5203
f 5143 5106 5204
f 5204 5106 5205
f 5114 5113 5206
f 5206 5113 5127
f 5098 5132 5193
f 5193 5132 5195
f 5204 5207 5143
f 5143 5207 4870
f 5088 5136 5208
f 5208 5136 5092
f 5209 5210 5089
f 5089 5210 5183
f 5211 5018 5060
f 5060 5018 5061
f 5017 5040 5070
f 5070 5040 5071
f 5191 5160 5156
f 5156 5160 5157
f 5048 5028 5049
f 5049 5028 5058
f 5207 5204 4858
f 4858 5204 5142
f 4859 5141 4715
f 4715 5141 5140
f 5212 5162 5042
f 5042 5162 5051
f 5182 5152 4853
f 4853 5152 4850
f 5214 5134 5213
f 5213 5134 5133
f 5164 5165 5133
f 5133 5165 5213
f 5215 5216 5201
f 5201 5216 5217
f 5147 5218 5148
f 5148 5218 5219
f 5147 5177 5218
f 5218 5177 5178
f 5141 5101 5140
f 5140 5101 5137
f 5201 5217 5202
f 5202 5217 5104
f 5146 5186 5147
f 5147 5186 5177
f 4277 5186 4115
f 4115 5186 5146
f 5191 5192 5031
f 5031 5192 5032
f 5052 5055 5220
f 5220 5055 5197
f 4116 5145 4869
f 4869 5145 5144
f 5034 5037 5214
f 5214 5037 5134
f 5097 5100 5114
f 5114 5100 5094
f 5108 5107 5219
f 5219 5107 5148
f 5221 5135 5116
f 5116 5135 5117
f 5124 5111 5209
f 5209 5111 5210
f 5107 5144 5148
f 5148 5144 5145
f 5152 5182 5151
f 5151 5182 5181
f 5208 5222 5088
f 5088 5222 5087
f 5222 5208 5171
f 5171 5208 5172
f 5223 1756 4698
f 4698 1756 1755
f 4427 5224 4107
f 4107 5224 4135
f 4178 4679 5225
f 5225 4679 5226
f 5227 5228 4892
f 4892 5228 4893
f 5229 5230 4171
f 4171 5230 4172
f 4855 4268 4884
f 4884 4268 4885
f 4884 4871 4855
f 4855 4871 4856
f 4684 5231 4896
f 4896 5231 4897
f 4768 4767 5009
f 5009 4767 5008
f 5205 5154 5102
f 5102 5154 5103
f 5099 5098 5194
f 5194 5098 5193
f 5198 5199 5079
f 5079 5199 5033
f 5102 5142 5205
f 5205 5142 5204
f 5224 4427 4681
f 4681 4427 4678
f 3712 3711 5232
f 5232 3711 5233
f 3968 3988 3963
f 3963 3988 3964
f 3976 4044 3972
f 3972 4044 3985
f 4038 4037 4036
f 4036 4037 4033
f 4794 4762 3731
f 3731 4762 3944
f 3731 3944 3722
f 3722 3944 3810
f 3874 5234 5232
f 5232 5234 3712
f 3906 3905 3867
f 3867 3905 4011
f 3904 4023 3905
f 3905 4023 4011
f 3719 3722 3811
f 3811 3722 3810
f 3812 3719 3687
f 3687 3719 3811
f 3716 3812 3686
f 3686 3812 3687
f 3713 3716 3685
f 3685 3716 3686
f 4810 4403 5235
f 5235 4403 4813
f 4345 1770 4814
f 4814 1770 1769
f 4067 4066 4058
f 4058 4066 5236
f 4043 4068 4049
f 4049 4068 4050
f 4034 5237 3989
f 3989 5237 3990
f 4031 4030 4072
f 4072 4030 4005
f 4003 4004 4002
f 4002 4004 4032
f 4004 4005 4032
f 4032 4005 4030
f 4067 4064 4068
f 4068 4064 4050
f 4058 4057 4067
f 4067 4057 4064
f 4035 4034 5238
f 5238 4034 3989
f 5236 5239 4058
f 4058 5239 5240
f 5234 3874 5241
f 5241 3874 3873
f 5241 3873 3881
f 3881 3873 3878
f 4800 4763 4788
f 4788 4763 4310
f 4763 4762 4310
f 4310 4762 4309
f 4762 4794 4309
f 4309 4794 4306
f 4794 4793 4306
f 4306 4793 4292
f 4293 4313 4302
f 4302 4313 4314
f 4302 4314 4303
f 4303 4314 4315
f 4303 4315 4703
f 4703 4315 4316
f 4035 4069 4043
f 4043 4069 4068
f 4324 1540 4357
f 4357 1540 1477
f 5232 3987 3874
f 3874 3987 3871
f 3987 5232 4013
f 4013 5232 5233
f 4013 5233 4014
f 4014 5233 5242
f 3888 4015 3865
f 3865 4015 4007
f 3866 4008 5243
f 5243 4008 4016
f 3873 5244 3878
f 3878 5244 3875
f 3965 5244 3872
f 3872 5244 3873
f 3876 3875 3965
f 3965 3875 5244
f 5243 4016 5242
f 5242 4016 4014
f 5246 5247 5245
f 5245 5247 5248
f 3576 3950 3577
f 3577 3950 3926
f 3584 3842 3585
f 3585 3842 3580
f 5249 5247 1784
f 1784 5247 1785
f 5250 5251 5253
f 5253 5251 5252
f 5255 5252 5254
f 5254 5252 5256
f 5254 5256 5258
f 5258 5256 5257
f 5258 5257 5260
f 5260 5257 5259
f 4356 5261 4424
f 4424 5261 5259
f 4355 5262 4356
f 4356 5262 5261
f 4924 5264 5263
f 5263 5264 5265
f 4693 5266 4691
f 4691 5266 5267
f 4351 5268 4352
f 4352 5268 5269
f 1808 1807 4351
f 4351 1807 5268
f 3580 3842 3581
f 3799 3802 3838
f 4800 4788 4801
f 4801 4788 4789
f 3729 3935 4801
f 4801 3935 4800
f 3728 3666 3729
f 3729 3666 3935
f 3728 3798 3666
f 3666 3798 3663
f 3798 3818 3663
f 3663 3818 3809
f 3818 3817 3809
f 3809 3817 3808
f 3796 3655 3817
f 3817 3655 3808
f 3615 3568 3796
f 3796 3568 3655
f 3573 3569 3615
f 3615 3569 3568
f 3572 3613 3573
f 3573 3613 3569
f 3792 3606 3572
f 3572 3606 3613
f 3607 3791 3949
f 3949 3791 3591
f 3590 3950 3591
f 3591 3950 3949
f 3805 3926 3590
f 3590 3926 3950
f 3804 3559 3805
f 3805 3559 3926
f 3804 3914 3559
f 3559 3914 3560
f 3924 3789 3913
f 3913 3789 3788
f 3924 3928 3789
f 3789 3928 3826
f 3928 3927 3826
f 3826 3927 3827
f 3927 3834 3827
f 3827 3834 3835
f 4079 4078 5270
f 5270 4078 5007
f 5271 5272 4233
f 4233 5272 5273
f 5275 5276 5274
f 5274 5276 5277
f 5278 5279 4236
f 4236 5279 4237
f 5278 5280 5271
f 5271 5280 5272
f 4235 5281 4236
f 4236 5281 5282
f 5284 5285 5283
f 5283 5285 5286
f 5288 5289 5287
f 5287 5289 5290
f 5292 5293 5291
f 5291 5293 5294
f 5287 5290 4726
f 4726 5290 5295
f 4293 4292 4313
f 4313 4292 4793
f 4720 4736 4719
f 4719 4736 5296
f 5297 4909 5298
f 5298 4909 4908
f 5299 5300 4976
f 4976 5300 5301
f 5302 4202 5303
f 5303 4202 4201
f 5304 5305 4983
f 4983 5305 5306
f 5308 5309 5307
f 5307 5309 5310
f 4722 4725 5283
f 5283 4725 5311
f 5291 5294 4125
f 4125 5294 4126
f 5313 5314 5312
f 5312 5314 5315
f 5316 5317 5319
f 5319 5317 5318
f 5321 5308 5320
f 5320 5308 5307
f 4819 4981 4873
f 4873 4981 5322
f 4981 4123 5322
f 5322 4123 4126
f 5324 5325 5323
f 5323 5325 5326
f 4764 5327 4975
f 4975 5327 5328
f 4172 5327 4169
f 4169 5327 5329
f 4768 4171 4769
f 4769 4171 4170
f 4243 4755 4244
f 4244 4755 5330
f 4755 4205 5330
f 5330 4205 4208
f 4206 4906 4207
f 4207 4906 4905
f 4686 5014 5009
f 5009 5014 5229
f 4756 4770 4170
f 4170 4770 4769
f 4170 4169 4756
f 4756 4169 4757
f 4273 5329 4764
f 4764 5329 5327
f 4276 5331 4273
f 4273 5331 5329
f 4770 4756 4243
f 4243 4756 4755
f 5333 4889 5332
f 5332 4889 5010
f 4877 5332 4878
f 4878 5332 4259
f 4875 4164 4876
f 4876 4164 4163
f 5334 5335 5324
f 5324 5335 5325
f 4983 5306 4123
f 4123 5306 4124
f 4818 4982 4819
f 4819 4982 4981
f 5332 5010 4259
f 4259 5010 4260
f 5014 4686 4875
f 4875 4686 4164
f 4171 4768 5229
f 5229 4768 5009
f 5337 4916 5336
f 5336 4916 4919
f 5293 5337 5294
f 5294 5337 5336
f 4982 4818 5333
f 5333 4818 4889
f 5338 5339 4262
f 4262 5339 5340
f 5307 5310 5338
f 5338 5310 5339
f 5341 5342 4204
f 4204 5342 5309
f 5336 4919 5322
f 5322 4919 4873
f 5294 5336 4126
f 4126 5336 5322
f 5323 5326 5343
f 5343 5326 5286
f 4914 5344 4915
f 4915 5344 5345
f 5312 5315 5344
f 5344 5315 5345
f 5347 5348 5346
f 5346 5348 5349
f 5350 5351 4832
f 4832 5351 4833
f 5352 5353 5349
f 5349 5353 5346
f 5354 5338 4265
f 4265 5338 4262
f 5320 5307 5354
f 5354 5307 5338
f 4201 5308 5303
f 5303 5308 5321
f 5356 5357 5355
f 5355 5357 4799
f 5358 5359 5334
f 5334 5359 5335
f 5358 5360 4093
f 4093 5360 4163
f 5360 5305 4163
f 4163 5305 4876
f 5305 5304 4876
f 4876 5304 4877
f 5270 4778 4079
f 4079 4778 4081
f 4779 5361 4774
f 4774 5361 5357
f 5356 5359 4775
f 4775 5359 4092
f 5333 5304 4982
f 4982 5304 4983
f 5332 4877 5333
f 5333 4877 5304
f 5015 4258 5230
f 5230 4258 5328
f 5327 4172 5328
f 5328 4172 5230
f 4169 5329 4757
f 4757 5329 5331
f 4757 5331 4205
f 4205 5331 4206
f 5331 4276 4206
f 4206 4276 4906
f 4276 4275 4906
f 4906 4275 4907
f 4275 4888 4907
f 4907 4888 4744
f 4887 4717 4745
f 4745 4717 4864
f 4716 5139 4861
f 4861 5139 5190
f 5139 5138 5190
f 5190 5138 5187
f 5138 5216 5187
f 5187 5216 5176
f 5215 5362 5173
f 5173 5362 5130
f 5364 5365 5363
f 5363 5365 5340
f 4742 4863 5366
f 5366 4863 4867
f 4862 5189 4868
f 4868 5189 5184
f 5189 5188 5184
f 5184 5188 5185
f 5188 5175 5185
f 5185 5175 5168
f 3560 3788 3561
f 3561 3788 3790
f 3596 3595 3608
f 3608 3595 3594
f 3598 3582 3595
f 3595 3582 3592
f 3600 3609 3601
f 3601 3609 3611
f 3602 3601 3612
f 3612 3601 3611
f 3606 3605 3613
f 3613 3605 3614
f 3793 5367 3794
f 3794 5367 5368
f 3598 3597 3600
f 3600 3597 3609
f 3793 3792 3575
f 3575 3792 3572
f 3561 3594 3558
f 3558 3594 3593
f 3807 3915 3804
f 3804 3915 3914
f 3916 3915 5370
f 5370 3915 5369
f 3602 3605 3603
f 3603 3605 3604
f 3606 3792 3607
f 3607 3792 3791
f 3914 3913 3560
f 3560 3913 3788
f 5174 5129 5166
f 5166 5129 5371
f 5170 5169 5093
f 5093 5169 5113
f 5166 5371 5090
f 5090 5371 5091
f 5128 5169 5372
f 5372 5169 5172
f 5127 5113 5128
f 5128 5113 5169
f 5114 5206 5203
f 5203 5206 5362
f 5200 5373 5073
f 5073 5373 5096
f 5374 5375 5200
f 5200 5375 5373
f 5039 5047 5374
f 5374 5047 5375
f 5087 5046 5085
f 5085 5046 5376
f 5212 5377 5067
f 5067 5377 5376
f 5042 5045 5212
f 5212 5045 5377
f 5064 5378 5043
f 5043 5378 5044
f 5063 5077 5064
f 5064 5077 5378
f 5079 5082 5198
f 5198 5082 5078
f 5099 5081 5100
f 5100 5081 5379
f 5100 5379 5094
f 5094 5379 5095
f 5381 5382 5380
f 5380 5382 5383
f 5385 5386 5384
f 5384 5386 5383
f 5385 5387 5386
f 5386 5387 5388
f 5390 5391 5389
f 5389 5391 5392
f 5393 5394 5396
f 5396 5394 5395
f 5398 5399 5397
f 5397 5399 5400
f 5402 5403 5401
f 5401 5403 5404
f 5406 5407 5405
f 5405 5407 5404
f 5408 5409 5163
f 5163 5409 5410
f 5411 5412 5414
f 5414 5412 5413
f 5057 5416 5415
f 5415 5416 5417
f 5393 5416 5418
f 5418 5416 5419
f 5396 5395 5420
f 5420 5395 5421
f 5423 5424 5422
f 5422 5424 5425
f 5415 5417 5220
f 5220 5417 5426
f 5418 5391 5393
f 5393 5391 5394
f 5414 5388 5411
f 5411 5388 5392
f 5059 5427 5060
f 5060 5427 5428
f 5423 5427 5429
f 5429 5427 5430
f 5432 5382 5431
f 5431 5382 5425
f 5429 5407 5423
f 5423 5407 5424
f 5380 5409 5381
f 5381 5409 5433
f 5381 5433 5422
f 5422 5433 5428
f 5027 5412 5056
f 5056 5412 5419
f 5435 5436 5434
f 5434 5436 5437
f 5159 5439 5438
f 5438 5439 5440
f 5053 5436 5159
f 5159 5436 5439
f 5441 5403 5398
f 5398 5403 5399
f 5163 5410 5026
f 5026 5410 5413
f 5438 5440 5442
f 5442 5440 5430
f 5444 5445 5443
f 5443 5445 5446
f 5447 5448 5450
f 5450 5448 5449
f 5451 5446 5452
f 5452 5446 5445
f 5454 5455 5453
f 5453 5455 5451
f 5456 5454 5458
f 5458 5454 5457
f 5460 5461 5459
f 5459 5461 5462
f 5464 5465 5463
f 5463 5465 5466
f 5468 5469 5467
f 5467 5469 5470
f 5472 5473 5471
f 5471 5473 5474
f 5475 5476 5478
f 5478 5476 5477
f 5479 5480 5482
f 5482 5480 5481
f 5483 5484 5448
f 5448 5484 5485
f 5448 5485 5449
f 5449 5485 5486
f 5487 5476 5488
f 5488 5476 5475
f 5490 5491 5489
f 5489 5491 5492
f 5494 5495 5493
f 5493 5495 5496
f 5498 5494 5497
f 5497 5494 5493
f 5500 5501 5499
f 5499 5501 5502
f 5503 5504 5446
f 5446 5504 5443
f 5506 5507 5505
f 5505 5507 5508
f 5510 5511 5509
f 5509 5511 5512
f 5514 5515 5513
f 5513 5515 5516
f 5518 5519 5517
f 5517 5519 5520
f 5495 5521 5496
f 5496 5521 5522
f 5524 5525 5523
f 5523 5525 5526
f 5527 5528 5494
f 5494 5528 5495
f 5499 5502 5529
f 5529 5502 5530
f 5531 5532 5485
f 5485 5532 5486
f 5485 5484 5531
f 5531 5484 5533
f 5482 5481 5534
f 5534 5481 5535
f 5536 5512 5506
f 5506 5512 5511
f 5455 5503 5451
f 5451 5503 5446
f 5467 5470 5511
f 5511 5470 5537
f 5538 5467 5510
f 5510 5467 5511
f 5540 5541 5539
f 5539 5541 5542
f 5543 5544 5546
f 5546 5544 5545
f 5548 5472 5547
f 5547 5472 5471
f 5493 5496 5549
f 5549 5496 5550
f 5496 5522 5550
f 5550 5522 5551
f 5553 5554 5552
f 5552 5554 5555
f 5557 5447 5556
f 5556 5447 5558
f 5557 5483 5447
f 5447 5483 5448
f 5478 5477 5553
f 5553 5477 5559
f 5477 5560 5559
f 5559 5560 5561
f 5476 5562 5477
f 5477 5562 5560
f 5476 5487 5562
f 5562 5487 5563
f 5560 5564 5561
f 5561 5564 5565
f 5564 5560 5566
f 5566 5560 5562
f 5563 5567 5562
f 5562 5567 5566
f 5569 5521 5568
f 5568 5521 5570
f 5481 5572 5571
f 5571 5572 5573
f 5574 5535 5571
f 5571 5535 5481
f 5576 5577 5575
f 5575 5577 5578
f 5579 5580 5456
f 5456 5580 5581
f 5475 5582 5488
f 5488 5582 5583
f 5584 5536 5505
f 5505 5536 5506
f 5585 5586 5588
f 5588 5586 5587
f 5590 5591 5589
f 5589 5591 5592
f 5519 5593 5520
f 5520 5593 5594
f 5595 5596 5462
f 5462 5596 5597
f 5599 5600 5598
f 5598 5600 5514
f 5602 5603 5601
f 5601 5603 5604
f 5524 5543 5525
f 5525 5543 5546
f 5543 5524 5606
f 5606 5524 5605
f 5607 5608 5500
f 5500 5608 5501
f 5610 5551 5609
f 5609 5551 5522
f 5611 5510 5598
f 5598 5510 5509
f 5612 5597 5457
f 5457 5597 5458
f 5510 5611 5538
f 5538 5611 5613
f 5580 5508 5581
f 5581 5508 5507
f 5615 5616 5614
f 5614 5616 5617
f 5619 5620 5618
f 5618 5620 5621
f 5623 5624 5622
f 5622 5624 5625
f 5627 5624 5626
f 5626 5624 5623
f 5629 5630 5628
f 5628 5630 5631
f 5633 5634 5632
f 5632 5634 5466
f 5635 5636 5463
f 5463 5636 5637
f 5523 5638 5524
f 5524 5638 5605
f 5639 5640 5641
f 5641 5640 5595
f 5611 5513 5613
f 5613 5513 5642
f 5643 5586 5608
f 5608 5586 5501
f 5622 5625 5590
f 5590 5625 5591
f 5598 5514 5611
f 5611 5514 5513
f 5645 5646 5644
f 5644 5646 5647
f 5620 5619 5491
f 5491 5619 5648
f 5649 5643 5492
f 5492 5643 5608
f 5650 5651 5653
f 5653 5651 5652
f 5463 5466 5635
f 5635 5466 5634
f 5597 5612 5462
f 5462 5612 5459
f 5635 5634 5523
f 5523 5634 5638
f 5654 5638 5633
f 5633 5638 5634
f 5655 5656 5525
f 5525 5656 5526
f 5658 5659 5657
f 5657 5659 5527
f 5660 5464 5637
f 5637 5464 5463
f 5632 5466 5661
f 5661 5466 5465
f 5661 5662 5632
f 5632 5662 5658
f 5662 5663 5658
f 5658 5663 5659
f 5665 5659 5664
f 5664 5659 5663
f 5632 5658 5633
f 5633 5658 5657
f 5666 5629 5530
f 5530 5629 5667
f 5528 5527 5665
f 5665 5527 5659
f 5668 5669 5570
f 5570 5669 5568
f 5669 5668 5670
f 5670 5668 5671
f 5646 5672 5673
f 5672 5674 5673
f 5673 5674 5675
f 5674 5460 5675
f 5675 5460 5459
f 5461 5676 5462
f 5462 5676 5595
f 5677 5678 5680
f 5680 5678 5679
f 5628 5681 5629
f 5629 5681 5667
f 5682 5529 5667
f 5667 5529 5530
f 5675 5459 5683
f 5683 5459 5612
f 5585 5666 5502
f 5502 5666 5530
f 5589 5684 5602
f 5602 5684 5603
f 5646 5645 5663
f 5663 5645 5664
f 5685 5647 5673
f 5673 5647 5646
f 5686 5687 5683
f 5683 5687 5685
f 5688 5689 5533
f 5533 5689 5531
f 5690 5691 5535
f 5535 5691 5534
f 5692 5690 5574
f 5574 5690 5535
f 5685 5687 5689
f 5689 5687 5693
f 5489 5694 5490
f 5490 5694 5695
f 5690 5692 5696
f 5696 5692 5697
f 5696 5644 5690
f 5690 5644 5691
f 5447 5450 5558
f 5558 5450 5698
f 5699 5700 5642
f 5642 5700 5613
f 5701 5702 5540
f 5540 5702 5541
f 5431 5703 5432
f 5432 5703 5697
f 5385 5384 5574
f 5574 5384 5692
f 5389 5387 5573
f 5573 5387 5571
f 5565 5390 5573
f 5573 5390 5389
f 5390 5565 5704
f 5704 5565 5564
f 5566 5705 5564
f 5564 5705 5704
f 5569 5441 5609
f 5609 5441 5398
f 5568 5405 5569
f 5569 5405 5441
f 5670 5706 5669
f 5669 5706 5406
f 5703 5431 5670
f 5670 5431 5706
f 5432 5697 5384
f 5384 5697 5692
f 5574 5571 5385
f 5385 5571 5387
f 5607 5707 5489
f 5489 5707 5694
f 5518 5708 5519
f 5519 5708 5709
f 5711 5576 5710
f 5710 5576 5575
f 5713 5714 5712
f 5712 5714 5715
f 5553 5552 5478
f 5478 5552 5716
f 5717 5475 5716
f 5716 5475 5478
f 5718 5719 5605
f 5605 5719 5606
f 5505 5622 5584
f 5584 5622 5590
f 5508 5623 5505
f 5505 5623 5622
f 5626 5623 5580
f 5580 5623 5508
f 5580 5579 5626
f 5626 5579 5720
f 5579 5721 5720
f 5720 5721 5722
f 5666 5585 5723
f 5723 5585 5588
f 5724 5725 5639
f 5639 5725 5640
f 5554 5726 5555
f 5555 5726 5727
f 5453 5728 5729
f 5689 5688 5685
f 5685 5688 5647
f 5604 5730 5512
f 5512 5730 5509
f 5628 5631 5618
f 5618 5631 5592
f 5601 5604 5536
f 5536 5604 5512
f 5732 5676 5731
f 5731 5676 5660
f 5730 5604 5733
f 5733 5604 5603
f 5563 5487 5551
f 5551 5487 5550
f 5489 5492 5607
f 5607 5492 5608
f 5573 5572 5565
f 5565 5572 5561
f 5609 5522 5569
f 5569 5522 5521
f 5499 5734 5500
f 5500 5734 5735
f 5596 5736 5721
f 5721 5736 5722
f 5737 5600 5594
f 5594 5600 5520
f 5599 5730 5517
f 5517 5730 5733
f 5660 5738 5731
f 5731 5738 5739
f 5648 5649 5491
f 5491 5649 5492
f 5501 5586 5502
f 5502 5586 5585
f 5525 5546 5655
f 5655 5546 5740
f 5600 5599 5520
f 5520 5599 5517
f 5708 5739 5709
f 5709 5739 5738
f 5636 5635 5526
f 5526 5635 5523
f 5670 5671 5703
f 5703 5671 5741
f 5490 5695 5742
f 5742 5695 5743
f 5682 5678 5744
f 5744 5678 5677
f 5678 5681 5679
f 5679 5681 5621
f 5742 5743 5679
f 5679 5743 5680
f 5618 5621 5628
f 5628 5621 5681
f 5725 5724 5589
f 5589 5724 5684
f 5456 5458 5579
f 5579 5458 5721
f 5675 5683 5673
f 5673 5683 5685
f 5529 5682 5745
f 5745 5682 5744
f 5721 5458 5596
f 5596 5458 5597
f 5701 5540 5719
f 5719 5540 5606
f 5703 5741 5697
f 5697 5741 5696
f 5500 5735 5607
f 5607 5735 5707
f 5549 5746 5493
f 5493 5746 5497
f 5700 5747 5613
f 5613 5747 5538
f 5420 5421 5434
f 5434 5421 5400
f 5689 5693 5531
f 5531 5693 5532
f 5705 5566 5748
f 5748 5566 5567
f 5609 5398 5610
f 5610 5398 5397
f 5669 5406 5568
f 5568 5406 5405
f 5488 5583 5549
f 5549 5583 5746
f 5714 5713 5710
f 5710 5713 5711
f 5747 5468 5538
f 5538 5468 5467
f 5548 5547 5749
f 5749 5547 5750
f 5733 5603 5751
f 5751 5603 5684
f 5589 5602 5590
f 5590 5602 5584
f 5636 5752 5614
f 5614 5752 5615
f 5753 5754 5738
f 5738 5754 5755
f 5602 5601 5584
f 5584 5601 5536
f 5723 5736 5630
f 5630 5736 5640
f 5595 5640 5596
f 5596 5640 5736
f 5734 5499 5745
f 5745 5499 5529
f 5627 5587 5643
f 5643 5587 5586
f 5553 5559 5554
f 5554 5559 5480
f 5559 5561 5480
f 5480 5561 5572
f 5554 5480 5726
f 5726 5480 5479
f 5749 5750 5715
f 5715 5750 5712
f 5683 5612 5686
f 5686 5612 5457
f 5678 5682 5681
f 5681 5682 5667
f 5598 5509 5599
f 5599 5509 5730
f 5679 5621 5742
f 5742 5621 5620
f 5652 5616 5653
f 5653 5616 5615
f 5220 5426 5052
f 5052 5426 5437
f 5487 5488 5550
f 5550 5488 5549
f 5742 5620 5490
f 5490 5620 5491
f 5551 5610 5563
f 5563 5610 5567
f 5610 5397 5567
f 5567 5397 5748
f 5614 5617 5753
f 5753 5617 5754
f 5480 5572 5481
f 5755 5756 5738
f 5738 5756 5709
f 5745 5744 5758
f 5758 5744 5757
f 5745 5758 5734
f 5734 5758 5759
f 5735 5734 5760
f 5760 5734 5759
f 5707 5735 5761
f 5761 5735 5760
f 5744 5677 5757
f 5757 5677 5762
f 5677 5680 5762
f 5762 5680 5763
f 5763 5680 5764
f 5764 5680 5743
f 5765 5766 5762
f 5762 5766 5757
f 5768 5769 5767
f 5767 5769 5770
f 5771 5772 5770
f 5770 5772 5767
f 5770 5769 5774
f 5774 5769 5773
f 5775 5776 5774
f 5774 5776 5777
f 5773 5778 5774
f 5774 5778 5775
f 5779 5766 5773
f 5773 5766 5778
f 5777 5771 5774
f 5774 5771 5770
f 5780 5781 5783
f 5783 5781 5782
f 5781 5780 5771
f 5771 5780 5772
f 5773 5769 5779
f 5779 5769 5768
f 5768 5759 5779
f 5779 5759 5758
f 5768 5784 5759
f 5759 5784 5760
f 5767 5785 5768
f 5768 5785 5784
f 5785 5767 5786
f 5786 5767 5772
f 5766 5779 5757
f 5757 5779 5758
f 5780 5787 5772
f 5772 5787 5786
f 5785 5786 5788
f 5788 5786 5789
f 5786 5787 5789
f 5789 5787 5790
f 5788 5789 5791
f 5791 5789 5792
f 5791 5793 5788
f 5788 5793 5794
f 5795 5792 5790
f 5790 5792 5789
f 5785 5788 5784
f 5784 5788 5794
f 5784 5794 5760
f 5760 5794 5761
f 5787 5780 5796
f 5796 5780 5783
f 5775 5778 5797
f 5797 5778 5766
f 5797 5798 5775
f 5775 5798 5776
f 5766 5765 5797
f 5797 5765 5799
f 5798 5797 5800
f 5800 5797 5799
f 5798 5801 5776
f 5776 5801 5802
f 5707 5761 5694
f 5694 5761 5803
f 5695 5804 5743
f 5743 5804 5764
f 5804 5695 5803
f 5803 5695 5694
f 5803 5793 5804
f 5804 5793 5805
f 5793 5791 5805
f 5805 5791 5806
f 5804 5805 5764
f 5764 5805 5807
f 5803 5761 5793
f 5793 5761 5794
f 5808 5763 5807
f 5807 5763 5764
f 5808 5765 5763
f 5763 5765 5762
f 5809 5799 5808
f 5808 5799 5765
f 5809 5808 5810
f 5810 5808 5807
f 5811 5809 5812
f 5812 5809 5810
f 5805 5806 5807
f 5807 5806 5810
f 5806 5813 5810
f 5810 5813 5812
f 5799 5809 5800
f 5800 5809 5811
f 5815 5800 5814
f 5814 5800 5811
f 5814 5817 5816
f 5816 5817 5818
f 5814 5811 5817
f 5817 5811 5812
f 5814 5816 5815
f 5815 5816 5796
f 5815 5796 5801
f 5801 5796 5783
f 5801 5798 5815
f 5815 5798 5800
f 5791 5792 5806
f 5806 5792 5813
f 5818 5813 5795
f 5795 5813 5792
f 5818 5817 5813
f 5813 5817 5812
f 5816 5818 5790
f 5790 5818 5795
f 5790 5787 5816
f 5816 5787 5796
f 5771 5777 5781
f 5781 5777 5782
f 5782 5802 5783
f 5783 5802 5801
f 5782 5777 5802
f 5802 5777 5776
f 5588 5587 5722
f 5722 5587 5720
f 5591 5619 5592
f 5592 5619 5618
f 5625 5624 5648
f 5648 5624 5649
f 5624 5627 5649
f 5649 5627 5643
f 5631 5630 5725
f 5725 5630 5640
f 5625 5648 5591
f 5591 5648 5619
f 5588 5722 5723
f 5723 5722 5736
f 5631 5725 5592
f 5592 5725 5589
f 5723 5630 5666
f 5666 5630 5629
f 5587 5627 5720
f 5720 5627 5626
f 5820 5821 5819
f 5819 5821 5822
f 5824 5825 5823
f 5823 5825 5826
f 5823 5826 5827
f 5827 5826 5828
f 5829 5830 5832
f 5832 5830 5831
f 5518 5833 5708
f 5708 5833 5834
f 5835 5836 5824
f 5824 5836 5825
f 5838 5839 5837
f 5837 5839 5840
f 5751 5684 5842
f 5842 5684 5841
f 5843 5841 5724
f 5724 5841 5684
f 5845 5846 5844
f 5844 5846 5847
f 5848 5830 5836
f 5836 5830 5825
f 5518 5751 5833
f 5833 5751 5842
f 5839 5838 5821
f 5821 5838 5849
f 5850 5848 5822
f 5822 5848 5836
f 5851 5845 5828
f 5828 5845 5852
f 5854 5855 5853
f 5853 5855 5856
f 5845 5844 5852
f 5852 5844 5857
f 5858 5827 5852
f 5852 5827 5828
f 5851 5828 5829
f 5829 5828 5826
f 5819 5859 5820
f 5820 5859 5860
f 5835 5861 5819
f 5819 5861 5859
f 5851 5829 5862
f 5862 5829 5832
f 5844 5847 5837
f 5837 5847 5834
f 5819 5822 5835
f 5835 5822 5836
f 5823 5863 5824
f 5824 5863 5864
f 5849 5850 5821
f 5821 5850 5822
f 5825 5830 5826
f 5826 5830 5829
f 5820 5860 5865
f 5865 5860 5866
f 5858 5854 5867
f 5867 5854 5853
f 5854 5857 5855
f 5855 5857 5840
f 5855 5865 5856
f 5856 5865 5866
f 5837 5840 5844
f 5844 5840 5857
f 5827 5858 5868
f 5868 5858 5867
f 5824 5864 5835
f 5835 5864 5861
f 5732 5731 5862
f 5862 5731 5846
f 5863 5823 5868
f 5868 5823 5827
f 5843 5831 5848
f 5848 5831 5830
f 5854 5858 5857
f 5857 5858 5852
f 5855 5840 5865
f 5865 5840 5839
f 5865 5839 5820
f 5820 5839 5821
f 5868 5867 5870
f 5870 5867 5869
f 5868 5870 5863
f 5863 5870 5871
f 5863 5871 5864
f 5864 5871 5872
f 5864 5872 5861
f 5861 5872 5873
f 5867 5853 5869
f 5869 5853 5874
f 5853 5856 5874
f 5874 5856 5875
f 5856 5866 5875
f 5875 5866 5876
f 5877 5878 5874
f 5874 5878 5869
f 5880 5881 5879
f 5879 5881 5882
f 5883 5884 5880
f 5880 5884 5881
f 5881 5884 5886
f 5886 5884 5885
f 5887 5888 5886
f 5886 5888 5889
f 5885 5890 5886
f 5886 5890 5887
f 5889 5882 5886
f 5886 5882 5881
f 5882 5891 5879
f 5879 5891 5892
f 5885 5884 5893
f 5893 5884 5883
f 5883 5871 5893
f 5893 5871 5870
f 5883 5894 5871
f 5871 5894 5872
f 5880 5895 5883
f 5883 5895 5894
f 5896 5895 5879
f 5879 5895 5880
f 5893 5878 5885
f 5885 5878 5890
f 5878 5893 5869
f 5869 5893 5870
f 5897 5896 5892
f 5892 5896 5879
f 5895 5896 5898
f 5898 5896 5899
f 5896 5897 5899
f 5899 5897 5900
f 5898 5899 5901
f 5901 5899 5902
f 5901 5903 5898
f 5898 5903 5904
f 5900 5905 5899
f 5899 5905 5902
f 5898 5904 5895
f 5895 5904 5894
f 5894 5904 5872
f 5872 5904 5873
f 5897 5892 5907
f 5907 5892 5906
f 5892 5891 5906
f 5906 5891 5908
f 5887 5890 5909
f 5909 5890 5878
f 5888 5887 5910
f 5910 5887 5909
f 5878 5877 5909
f 5909 5877 5911
f 5909 5911 5910
f 5910 5911 5912
f 5913 5914 5910
f 5910 5914 5888
f 5908 5914 5906
f 5906 5914 5913
f 5861 5873 5859
f 5859 5873 5915
f 5860 5916 5866
f 5866 5916 5876
f 5916 5860 5915
f 5915 5860 5859
f 5915 5903 5916
f 5916 5903 5917
f 5903 5901 5917
f 5917 5901 5918
f 5916 5917 5876
f 5876 5917 5919
f 5903 5915 5904
f 5904 5915 5873
f 5920 5875 5919
f 5919 5875 5876
f 5920 5877 5875
f 5875 5877 5874
f 5920 5921 5877
f 5877 5921 5911
f 5921 5920 5922
f 5922 5920 5919
f 5923 5921 5924
f 5924 5921 5922
f 5917 5918 5919
f 5919 5918 5922
f 5918 5925 5922
f 5922 5925 5924
f 5921 5923 5911
f 5911 5923 5912
f 5927 5912 5926
f 5926 5912 5923
f 5926 5929 5928
f 5928 5929 5930
f 5926 5923 5929
f 5929 5923 5924
f 5926 5928 5927
f 5927 5928 5907
f 5927 5907 5913
f 5913 5907 5906
f 5913 5910 5927
f 5927 5910 5912
f 5901 5902 5918
f 5918 5902 5925
f 5930 5925 5905
f 5905 5925 5902
f 5930 5929 5925
f 5925 5929 5924
f 5928 5930 5900
f 5900 5930 5905
f 5900 5897 5928
f 5928 5897 5907
f 5882 5889 5891
f 5891 5889 5908
f 5908 5889 5914
f 5914 5889 5888
f 5832 5831 5641
f 5641 5831 5639
f 5833 5838 5834
f 5834 5838 5837
f 5842 5841 5849
f 5849 5841 5850
f 5841 5843 5850
f 5850 5843 5848
f 5847 5846 5739
f 5739 5846 5731
f 5842 5849 5833
f 5833 5849 5838
f 5862 5832 5732
f 5732 5832 5641
f 5847 5739 5834
f 5834 5739 5708
f 5862 5846 5851
f 5851 5846 5845
f 5831 5843 5639
f 5639 5843 5724
f 5676 5732 5595
f 5595 5732 5641
f 5676 5461 5660
f 5660 5461 5464
f 5461 5460 5464
f 5464 5460 5465
f 5460 5674 5465
f 5465 5674 5661
f 5931 5932 5934
f 5934 5932 5933
f 5936 5937 5935
f 5935 5937 5938
f 5935 5938 5939
f 5939 5938 5940
f 5942 5943 5941
f 5941 5943 5944
f 5945 5946 5936
f 5936 5946 5937
f 5948 5949 5947
f 5947 5949 5950
f 5951 5952 5519
f 5519 5952 5593
f 5953 5951 5709
f 5709 5951 5519
f 5955 5956 5954
f 5954 5956 5957
f 5958 5942 5946
f 5946 5942 5937
f 5948 5959 5949
f 5949 5959 5933
f 5960 5958 5934
f 5934 5958 5946
f 5961 5955 5940
f 5940 5955 5962
f 5963 5964 5966
f 5966 5964 5965
f 5955 5954 5962
f 5962 5954 5967
f 5968 5939 5962
f 5962 5939 5940
f 5961 5940 5941
f 5941 5940 5938
f 5931 5969 5932
f 5932 5969 5970
f 5945 5971 5931
f 5931 5971 5969
f 5941 5944 5961
f 5961 5944 5972
f 5954 5957 5947
f 5947 5957 5973
f 5945 5931 5946
f 5946 5931 5934
f 5935 5974 5936
f 5936 5974 5975
f 5959 5960 5933
f 5933 5960 5934
f 5937 5942 5938
f 5938 5942 5941
f 5932 5970 5976
f 5976 5970 5977
f 5968 5964 5978
f 5978 5964 5963
f 5965 5964 5950
f 5950 5964 5967
f 5976 5977 5965
f 5965 5977 5966
f 5947 5950 5954
f 5954 5950 5967
f 5939 5968 5979
f 5979 5968 5978
f 5936 5975 5945
f 5945 5975 5971
f 5972 5754 5956
f 5956 5754 5617
f 5974 5935 5979
f 5979 5935 5939
f 5953 5943 5958
f 5958 5943 5942
f 5964 5968 5967
f 5967 5968 5962
f 5965 5950 5976
f 5976 5950 5949
f 5976 5949 5932
f 5932 5949 5933
f 5979 5978 5981
f 5981 5978 5980
f 5979 5981 5974
f 5974 5981 5982
f 5974 5982 5975
f 5975 5982 5983
f 5975 5983 5971
f 5971 5983 5984
f 5978 5963 5980
f 5980 5963 5985
f 5963 5966 5985
f 5985 5966 5986
f 5986 5966 5987
f 5987 5966 5977
f 5988 5989 5985
f 5985 5989 5980
f 5991 5992 5990
f 5990 5992 5993
f 5994 5995 5991
f 5991 5995 5992
f 5992 5995 5997
f 5997 5995 5996
f 5998 5999 5997
f 5997 5999 6000
f 5996 6001 5997
f 5997 6001 5998
f 6000 5993 5997
f 5997 5993 5992
f 6002 6003 5993
f 5993 6003 5990
f 5995 5994 5996
f 5996 5994 6004
f 5994 5982 6004
f 6004 5982 5981
f 5994 6005 5982
f 5982 6005 5983
f 5991 6006 5994
f 5994 6006 6005
f 6006 5991 6007
f 6007 5991 5990
f 5996 6004 6001
f 6001 6004 5989
f 5989 6004 5980
f 5980 6004 5981
f 6003 6008 5990
f 5990 6008 6007
f 6009 6006 6010
f 6010 6006 6007
f 6008 6011 6007
f 6007 6011 6010
f 6012 6009 6013
f 6013 6009 6010
f 6009 6012 6015
f 6015 6012 6014
f 6011 6016 6010
f 6010 6016 6013
f 6006 6009 6005
f 6005 6009 6015
f 6005 6015 5983
f 5983 6015 5984
f 6008 6003 6018
f 6018 6003 6017
f 6003 6002 6017
f 6017 6002 6019
f 5998 6001 6020
f 6020 6001 5989
f 5999 5998 6021
f 6021 5998 6020
f 5989 5988 6020
f 6020 5988 6022
f 6021 6020 6023
f 6023 6020 6022
f 6021 6024 5999
f 5999 6024 6025
f 6019 6025 6017
f 6017 6025 6024
f 5971 5984 5969
f 5969 5984 6026
f 5970 6027 5977
f 5977 6027 5987
f 6027 5970 6026
f 6026 5970 5969
f 6026 6014 6027
f 6027 6014 6028
f 6014 6012 6028
f 6028 6012 6029
f 6027 6028 5987
f 5987 6028 6030
f 6026 5984 6014
f 6014 5984 6015
f 6031 5986 6030
f 6030 5986 5987
f 6031 5988 5986
f 5986 5988 5985
f 6032 6022 6031
f 6031 6022 5988
f 6032 6031 6033
f 6033 6031 6030
f 6034 6032 6035
f 6035 6032 6033
f 6028 6029 6030
f 6030 6029 6033
f 6029 6036 6033
f 6033 6036 6035
f 6032 6034 6022
f 6022 6034 6023
f 6038 6023 6037
f 6037 6023 6034
f 6037 6040 6039
f 6039 6040 6041
f 6037 6034 6040
f 6040 6034 6035
f 6037 6039 6038
f 6038 6039 6018
f 6038 6018 6024
f 6024 6018 6017
f 6024 6021 6038
f 6038 6021 6023
f 6012 6013 6029
f 6029 6013 6036
f 6041 6036 6016
f 6016 6036 6013
f 6041 6040 6036
f 6036 6040 6035
f 6041 6016 6039
f 6039 6016 6011
f 6011 6008 6039
f 6039 6008 6018
f 5993 6000 6002
f 6002 6000 6019
f 6019 6000 6025
f 6025 6000 5999
f 5943 5756 5944
f 5944 5756 5755
f 6042 5948 5973
f 5973 5948 5947
f 5952 5951 5959
f 5959 5951 5960
f 5951 5953 5960
f 5960 5953 5958
f 5616 5957 5617
f 5617 5957 5956
f 6042 5952 5948
f 5948 5952 5959
f 5944 5755 5972
f 5972 5755 5754
f 5957 5616 5973
f 5973 5616 5652
f 5956 5955 5972
f 5972 5955 5961
f 5943 5953 5756
f 5756 5953 5709
f 6044 6045 6043
f 6043 6045 6046
f 6048 6049 6047
f 6047 6049 6050
f 6047 6050 6051
f 6051 6050 6052
f 6054 6055 6053
f 6053 6055 6056
f 6057 6058 6060
f 6060 6058 6059
f 6061 6062 6048
f 6048 6062 6049
f 6063 6064 6066
f 6066 6064 6065
f 6067 6068 6070
f 6070 6068 6069
f 6071 6069 5653
f 5653 6069 6068
f 6072 6073 6075
f 6075 6073 6074
f 6062 6076 6049
f 6049 6076 6054
f 6058 6067 6059
f 6059 6067 6070
f 6064 6077 6065
f 6065 6077 6045
f 6078 6076 6046
f 6046 6076 6062
f 6073 6080 6079
f 6079 6080 6052
f 6082 6083 6081
f 6081 6083 6084
f 6072 6085 6073
f 6073 6085 6080
f 6086 6051 6080
f 6080 6051 6052
f 6079 6052 6053
f 6053 6052 6050
f 6043 6087 6044
f 6044 6087 6088
f 6061 6089 6043
f 6043 6089 6087
f 6053 6056 6079
f 6079 6056 6090
f 6063 6072 6060
f 6060 6072 6075
f 6043 6046 6061
f 6061 6046 6062
f 6047 6091 6048
f 6048 6091 6092
f 6077 6078 6045
f 6045 6078 6046
f 6049 6054 6050
f 6050 6054 6053
f 6044 6088 6093
f 6093 6088 6094
f 6086 6082 6095
f 6095 6082 6081
f 6083 6082 6066
f 6066 6082 6085
f 6093 6094 6083
f 6083 6094 6084
f 6072 6063 6085
f 6085 6063 6066
f 6051 6086 6096
f 6096 6086 6095
f 6048 6092 6061
f 6061 6092 6089
f 5656 5655 6090
f 6090 5655 6074
f 6091 6047 6096
f 6096 6047 6051
f 6071 6055 6076
f 6076 6055 6054
f 6082 6086 6085
f 6085 6086 6080
f 6093 6083 6065
f 6065 6083 6066
f 6044 6093 6045
f 6045 6093 6065
f 6096 6095 6098
f 6098 6095 6097
f 6096 6098 6091
f 6091 6098 6099
f 6091 6099 6092
f 6092 6099 6100
f 6092 6100 6089
f 6089 6100 6101
f 6095 6081 6097
f 6097 6081 6102
f 6081 6084 6102
f 6102 6084 6103
f 6103 6084 6104
f 6104 6084 6094
f 6106 6097 6105
f 6105 6097 6102
f 6107 6108 6110
f 6110 6108 6109
f 6111 6112 6108
f 6108 6112 6109
f 6109 6112 6114
f 6114 6112 6113
f 6114 6115 6117
f 6117 6115 6116
f 6113 6118 6114
f 6114 6118 6115
f 6117 6110 6114
f 6114 6110 6109
f 6110 6119 6107
f 6107 6119 6120
f 6112 6111 6113
f 6113 6111 6121
f 6111 6099 6121
f 6121 6099 6098
f 6111 6122 6099
f 6099 6122 6100
f 6123 6122 6108
f 6108 6122 6111
f 6124 6123 6107
f 6107 6123 6108
f 6113 6121 6118
f 6118 6121 6106
f 6106 6121 6097
f 6097 6121 6098
f 6125 6124 6120
f 6120 6124 6107
f 6126 6123 6127
f 6127 6123 6124
f 6125 6128 6124
f 6124 6128 6127
f 6129 6126 6130
f 6130 6126 6127
f 6126 6129 6132
f 6132 6129 6131
f 6128 6133 6127
f 6127 6133 6130
f 6123 6126 6122
f 6122 6126 6132
f 6122 6132 6100
f 6100 6132 6101
f 6120 6134 6125
f 6125 6134 6135
f 6120 6119 6134
f 6134 6119 6136
f 6115 6118 6137
f 6137 6118 6106
f 6115 6137 6116
f 6116 6137 6138
f 6137 6106 6139
f 6139 6106 6105
f 6138 6137 6140
f 6140 6137 6139
f 6141 6142 6138
f 6138 6142 6116
f 6136 6142 6134
f 6134 6142 6141
f 6089 6101 6087
f 6087 6101 6143
f 6088 6144 6094
f 6094 6144 6104
f 6143 6144 6087
f 6087 6144 6088
f 6131 6145 6143
f 6143 6145 6144
f 6129 6146 6131
f 6131 6146 6145
f 6144 6145 6104
f 6104 6145 6147
f 6143 6101 6131
f 6131 6101 6132
f 6148 6103 6147
f 6147 6103 6104
f 6103 6148 6102
f 6102 6148 6105
f 6148 6149 6105
f 6105 6149 6139
f 6149 6148 6150
f 6150 6148 6147
f 6151 6149 6152
f 6152 6149 6150
f 6145 6146 6147
f 6147 6146 6150
f 6146 6153 6150
f 6150 6153 6152
f 6149 6151 6139
f 6139 6151 6140
f 6155 6140 6154
f 6154 6140 6151
f 6154 6157 6156
f 6156 6157 6158
f 6154 6151 6157
f 6157 6151 6152
f 6154 6156 6155
f 6155 6156 6135
f 6155 6135 6141
f 6141 6135 6134
f 6141 6138 6155
f 6155 6138 6140
f 6146 6129 6153
f 6153 6129 6130
f 6158 6153 6133
f 6133 6153 6130
f 6158 6157 6153
f 6153 6157 6152
f 6156 6158 6128
f 6128 6158 6133
f 6128 6125 6156
f 6156 6125 6135
f 6110 6117 6119
f 6119 6117 6136
f 6136 6117 6142
f 6142 6117 6116
f 6055 5615 6056
f 6056 5615 5752
f 6060 6059 6063
f 6063 6059 6064
f 6077 6070 6078
f 6078 6070 6069
f 6069 6071 6078
f 6078 6071 6076
f 6159 6057 6075
f 6075 6057 6060
f 6059 6070 6064
f 6064 6070 6077
f 6056 5752 6090
f 6090 5752 5656
f 6090 6074 6079
f 6079 6074 6073
f 6055 6071 5615
f 5615 6071 5653
f 5547 5471 6160
f 6160 5471 6161
f 5729 5577 6163
f 6163 5577 6162
f 5577 5576 6162
f 6162 5576 6164
f 5713 6165 5711
f 5711 6165 6166
f 5474 5729 6167
f 6167 5729 6163
f 5750 5547 6168
f 6168 5547 6160
f 5471 5474 6161
f 6161 5474 6167
f 6169 5712 6168
f 6168 5712 5750
f 5711 6166 5576
f 5576 6166 6164
f 6165 5713 6169
f 6169 5713 5712
f 6168 6170 6169
f 6169 6170 6171
f 6169 6171 6165
f 6165 6171 6172
f 6165 6172 6166
f 6166 6172 6173
f 6166 6173 6164
f 6164 6173 6174
f 6168 6160 6170
f 6170 6160 6175
f 6160 6161 6175
f 6175 6161 6176
f 6161 6167 6176
f 6176 6167 6177
f 6179 6170 6178
f 6178 6170 6175
f 6181 6182 6180
f 6180 6182 6183
f 6184 6185 6181
f 6181 6185 6182
f 6186 6187 6185
f 6185 6187 6182
f 6186 6188 6187
f 6187 6188 6189
f 6190 6183 6187
f 6187 6183 6182
f 6183 6190 6191
f 6191 6190 6192
f 6191 6193 6183
f 6183 6193 6180
f 6186 6185 6194
f 6194 6185 6184
f 6184 6172 6194
f 6194 6172 6171
f 6184 6195 6172
f 6172 6195 6173
f 6181 6196 6184
f 6184 6196 6195
f 6196 6181 6197
f 6197 6181 6180
f 6186 6194 6188
f 6188 6194 6179
f 6179 6194 6170
f 6170 6194 6171
f 6193 6198 6180
f 6180 6198 6197
f 6199 6196 6200
f 6200 6196 6197
f 6198 6201 6197
f 6197 6201 6200
f 6202 6199 6203
f 6203 6199 6200
f 6199 6202 6205
f 6205 6202 6204
f 6201 6206 6200
f 6200 6206 6203
f 6196 6199 6195
f 6195 6199 6205
f 6195 6205 6173
f 6173 6205 6174
f 6198 6193 6208
f 6208 6193 6207
f 6193 6191 6207
f 6207 6191 6192
f 6189 6188 6209
f 6209 6188 6179
f 6210 6189 6211
f 6211 6189 6209
f 6209 6179 6212
f 6212 6179 6178
f 6211 6209 6213
f 6213 6209 6212
f 6211 6214 6210
f 6210 6214 6215
f 6192 6215 6207
f 6207 6215 6214
f 6190 6187 6210
f 6210 6187 6189
f 6192 6190 6215
f 6215 6190 6210
f 6162 6164 6216
f 6216 6164 6174
f 6167 6163 6177
f 6177 6163 6217
f 6216 6217 6162
f 6162 6217 6163
f 6204 6218 6216
f 6216 6218 6217
f 6202 6219 6204
f 6204 6219 6218
f 6217 6218 6177
f 6177 6218 6220
f 6216 6174 6204
f 6204 6174 6205
f 6221 6176 6220
f 6220 6176 6177
f 6176 6221 6175
f 6175 6221 6178
f 6221 6222 6178
f 6178 6222 6212
f 6222 6221 6223
f 6223 6221 6220
f 6224 6222 6225
f 6225 6222 6223
f 6218 6219 6220
f 6220 6219 6223
f 6219 6226 6223
f 6223 6226 6225
f 6222 6224 6212
f 6212 6224 6213
f 6228 6213 6227
f 6227 6213 6224
f 6229 6227 6231
f 6231 6227 6230
f 6227 6224 6230
f 6230 6224 6225
f 6227 6229 6228
f 6228 6229 6208
f 6228 6208 6214
f 6214 6208 6207
f 6214 6211 6228
f 6228 6211 6213
f 6219 6202 6226
f 6226 6202 6203
f 6231 6226 6206
f 6206 6226 6203
f 6231 6230 6226
f 6226 6230 6225
f 6229 6231 6201
f 6201 6231 6206
f 6201 6198 6229
f 6229 6198 6208
f 5674 5672 5661
f 5661 5672 5662
f 5662 5672 5663
f 5663 5672 5646
f 5651 6042 5652
f 5652 6042 5973
f 5518 5517 5751
f 5751 5517 5733
f 5738 5660 5753
f 5753 5660 5637
f 5752 5636 5656
f 5656 5636 5526
f 5952 6042 5593
f 5593 6042 5651
f 5593 5651 5594
f 5594 5651 5650
f 5600 5737 5514
f 5514 5737 5515
f 5546 5545 5740
f 5740 5545 6232
f 6232 6058 5740
f 5740 6058 6057
f 6067 6058 6233
f 6233 6058 6232
f 6233 6232 6234
f 6234 6232 5545
f 6234 5545 6235
f 6235 5545 5544
f 5606 6236 5543
f 5543 6236 5544
f 6235 5544 5539
f 5539 5544 6236
f 6237 6235 5542
f 5542 6235 5539
f 6235 6237 6234
f 6234 6237 6238
f 6234 6238 6233
f 6233 6238 6239
f 5653 6068 5650
f 5650 6068 6239
f 5642 5513 6240
f 6240 5513 5516
f 5539 6236 5540
f 5540 6236 5606
f 5636 5614 5637
f 5637 5614 5753
f 6239 5737 5650
f 5650 5737 5594
f 6239 6068 6233
f 6233 6068 6067
f 6075 6074 6159
f 6159 6074 5655
f 6057 6159 5740
f 5740 6159 5655
f 5515 5737 6238
f 6238 5737 6239
f 6238 6237 5515
f 5515 6237 5516
f 5542 6240 6237
f 6237 6240 5516
f 6240 5542 5642
f 5642 5542 5541
f 5702 5699 5541
f 5541 5699 5642
f 5582 5475 5717
f 5470 5443 5537
f 5537 5443 5504
f 5469 5444 5470
f 5470 5444 5443
f 5726 5557 5727
f 5727 5557 5556
f 5537 5504 5511
f 5511 5504 5506
f 5504 5503 5506
f 5506 5503 5507
f 5503 5455 5507
f 5507 5455 5581
f 5455 5454 5581
f 5581 5454 5456
f 5473 5453 5474
f 5474 5453 5729
f 5457 5454 5473
f 5473 5454 5453
f 5473 5472 5457
f 5457 5472 5686
f 5472 5548 5686
f 5686 5548 5687
f 5749 5693 5548
f 5548 5693 5687
f 5715 5532 5749
f 5749 5532 5693
f 5714 5486 5715
f 5715 5486 5532
f 5714 5710 5486
f 5486 5710 5449
f 5728 5578 5729
f 5729 5578 5577
f 5452 5445 5698
f 5698 5445 5558
f 5445 5444 5558
f 5558 5444 5556
f 5444 5469 5556
f 5556 5469 5727
f 5469 5468 5727
f 5727 5468 5555
f 5468 5747 5555
f 5555 5747 5552
f 5747 5700 5552
f 5552 5700 5716
f 5700 5699 5716
f 5716 5699 5717
f 5699 5702 5717
f 5717 5702 5582
f 5702 5701 5582
f 5582 5701 5583
f 5726 5479 5557
f 5557 5479 5483
f 5483 5479 5484
f 5484 5479 5482
f 5534 5533 5482
f 5482 5533 5484
f 5691 5688 5534
f 5534 5688 5533
f 5644 5647 5691
f 5691 5647 5688
f 5719 5746 5701
f 5701 5746 5583
f 5718 5497 5719
f 5719 5497 5746
f 5718 5605 5654
f 5654 5605 5638
f 5498 5654 5657
f 5657 5654 5633
f 5497 5718 5498
f 5498 5718 5654
f 5657 5527 5498
f 5498 5527 5494
f 5528 5570 5495
f 5495 5570 5521
f 5665 5668 5528
f 5528 5668 5570
f 5664 5671 5665
f 5665 5671 5668
f 5645 5741 5664
f 5664 5741 5671
f 5644 5696 5645
f 5645 5696 5741
f 5710 5575 5449
f 5449 5575 5450
f 5575 5578 5450
f 5450 5578 5698
f 5578 5728 5698
f 5698 5728 5452
f 5452 5728 5451
f 5451 5728 5453
f 3619 6241 3620
f 3620 6241 6242
f 6243 6244 3628
f 3628 6244 3629
f 6245 6246 3634
f 3634 6246 3631
f 6247 6248 3636
f 3636 6248 3637
f 6249 6250 3642
f 3642 6250 3639
f 3639 6250 3643
f 3643 6250 6251
f 3743 6252 3744
f 3744 6252 6253
f 6246 6243 3631
f 3631 6243 3628
f 3753 6254 3754
f 3754 6254 6255
f 3857 6256 3619
f 3619 6256 6241
f 6257 6245 3932
f 3932 6245 3634
f 6242 6247 3620
f 3620 6247 3636
f 6258 6259 3946
f 3946 6259 3947
f 6260 6249 3948
f 3948 6249 3642
f 6244 6258 3629
f 3629 6258 3946
f 3947 6259 3753
f 3753 6259 6254
f 6248 6260 3637
f 3637 6260 3948
f 3643 6251 3743
f 3743 6251 6252
f 3744 6253 3932
f 3932 6253 6257
f 6250 6249 6251
f 6251 6249 6252
f 6245 6261 6246
f 6246 6261 6262
f 6263 6264 6247
f 6247 6264 6248
f 6252 6265 6253
f 6253 6265 6266
f 6246 6262 6243
f 6243 6262 6267
f 6268 6261 6257
f 6257 6261 6245
f 6269 6263 6242
f 6242 6263 6247
f 6270 6271 6260
f 6260 6271 6249
f 6264 6270 6248
f 6248 6270 6260
f 6253 6266 6257
f 6257 6266 6268
f 6249 6271 6252
f 6252 6271 6265
f 6254 6259 6272
f 6272 6259 6273
f 6266 6265 6270
f 6270 6265 6271
f 6268 6266 6264
f 6264 6266 6270
f 6261 6268 6263
f 6263 6268 6264
f 6269 6262 6263
f 6263 6262 6261
f 4186 4185 6274
f 6274 4185 6275
f 6241 6276 6242
f 6242 6276 6269
f 6258 6244 6277
f 6277 6244 6278
f 6256 6279 6241
f 6241 6279 6276
f 6259 6258 6273
f 6273 6258 6277
f 6243 6267 6244
f 6244 6267 6278
f 6276 6267 6269
f 6269 6267 6262
f 6254 6272 6255
f 6255 6272 6280
f 3865 3713 3888
f 3888 3713 3685
f 5242 5233 3892
f 3892 5233 3711
f 3900 5243 3892
f 3892 5243 5242
f 3734 3866 3900
f 3900 3866 5243
f 4117 6281 4118
f 4118 6281 6282
f 4118 6282 4278
f 4278 6282 4879
f 4717 4887 4718
f 4718 4887 4280
f 4792 4278 4882
f 4882 4278 4879
f 4795 4792 6283
f 6283 4792 4882
f 4852 4851 5012
f 5012 4851 6284
f 4856 5207 4857
f 4857 5207 4858
f 4860 4279 4857
f 4857 4279 4854
f 4718 4280 4860
f 4860 4280 4279
f 4864 4863 4745
f 4745 4863 4742
f 5366 4867 5011
f 5011 4867 4866
f 4871 4884 4872
f 4872 4884 4883
f 4872 4883 4117
f 4117 4883 6281
f 6284 4851 6283
f 6283 4851 4795
f 4852 4866 4853
f 4853 4866 4865
f 4871 4870 4856
f 4856 4870 5207
f 4717 4716 4864
f 4864 4716 4861
f 4868 4867 4862
f 4862 4867 4863
f 4268 4855 4269
f 4269 4855 4854
f 4281 4274 4282
f 4282 4274 4765
f 4744 4743 4907
f 4907 4743 4904
f 4874 4881 4820
f 4820 4881 4880
f 4885 5013 4886
f 4886 5013 4980
f 4888 4275 4281
f 4281 4275 4274
f 4902 6282 4903
f 4903 6282 6281
f 6283 4979 6284
f 6284 4979 4978
f 4282 4765 4269
f 4269 4765 4266
f 4880 4879 4902
f 4902 4879 6282
f 4903 6281 4886
f 4886 6281 4883
f 4882 4881 6283
f 6283 4881 4979
f 5013 4885 4267
f 4267 4885 4268
f 4888 4887 4744
f 4744 4887 4745
f 4410 6285 4411
f 4411 6285 4812
f 4750 4749 6286
f 6286 4749 6287
f 6289 4695 6288
f 6288 4695 4255
f 4750 4675 4751
f 4751 4675 4965
f 6290 6291 4963
f 4963 6291 4960
f 4807 4806 4411
f 4411 4806 4408
f 6292 6293 4959
f 4959 6293 4956
f 4958 6294 4959
f 4959 6294 4955
f 4962 4964 4963
f 4963 4964 4805
f 4962 4961 4751
f 4751 4961 4748
f 6296 6297 6295
f 6295 6297 6298
f 6299 6300 6288
f 6288 6300 4735
f 6302 4961 6301
f 6301 4961 4960
f 6304 6287 6303
f 6303 6287 4749
f 4968 6305 4969
f 4969 6305 6306
f 4413 6308 6307
f 6307 6308 4900
f 6301 4960 6309
f 6309 4960 6291
f 4412 4408 6310
f 6310 4408 4806
f 4696 6311 4256
f 4256 6311 6312
f 6303 4749 6313
f 6313 4749 4748
f 6313 4748 6302
f 6302 4748 4961
f 6315 6316 6314
f 6314 6316 6317
f 4084 6318 6315
f 6315 6318 6316
f 4083 6319 4084
f 4084 6319 6318
f 4112 6320 4083
f 4083 6320 6319
f 6322 4138 6321
f 6321 4138 4137
f 6324 4128 6323
f 6323 4128 4127
f 4127 4193 6323
f 6323 4193 6325
f 4193 4891 6325
f 6325 4891 6326
f 4891 6327 6326
f 6326 6327 6328
f 6327 4824 5227
f 5227 4824 5228
f 5231 4684 6329
f 6329 4684 4683
f 4683 4099 6329
f 6329 4099 6330
f 4099 4102 6330
f 6330 4102 6331
f 4174 4826 4429
f 4429 4826 4829
f 4173 4741 4174
f 4174 4741 4826
f 4180 4738 4173
f 4173 4738 4741
f 6332 6333 4180
f 4180 6333 4738
f 6274 6334 4186
f 4186 6334 4188
f 4181 4825 4180
f 4180 4825 6332
f 5044 5213 5045
f 5045 5213 5165
f 5046 5087 5047
f 5047 5087 5222
f 5077 5063 5078
f 5078 5063 5198
f 5081 5099 5082
f 5082 5099 5194
f 5095 5074 5096
f 5096 5074 5073
f 5373 5170 5096
f 5096 5170 5093
f 5375 5171 5373
f 5373 5171 5170
f 5047 5222 5375
f 5375 5222 5171
f 5046 5038 5376
f 5376 5038 5067
f 5377 5086 5376
f 5376 5086 5085
f 5045 5165 5377
f 5377 5165 5086
f 5378 5214 5044
f 5044 5214 5213
f 5077 5034 5378
f 5378 5034 5214
f 5082 5194 5078
f 5078 5194 5035
f 5081 5080 5379
f 5379 5080 6335
f 5379 6335 5095
f 5095 6335 5074
f 5032 5080 5033
f 5033 5080 5079
f 5040 5017 5041
f 5041 5017 5016
f 5050 5043 5051
f 5051 5043 5042
f 5065 5023 5066
f 5066 5023 5022
f 5050 5049 5065
f 5065 5049 5023
f 5041 5016 5068
f 5068 5016 5020
f 5071 5374 5072
f 5072 5374 5200
f 5075 5156 5076
f 5076 5156 5155
f 5162 5212 5068
f 5068 5212 5067
f 5075 5074 5192
f 5192 5074 6335
f 5066 5022 5199
f 5199 5022 5196
f 5076 5155 5072
f 5072 5155 5069
f 5040 5039 5071
f 5071 5039 5374
f 5162 5161 5051
f 5051 5161 5048
f 5192 6335 5032
f 5032 6335 5080
f 5199 5196 5033
f 5033 5196 5030
f 5018 5211 5019
f 5019 5211 5408
f 5019 5408 5021
f 5021 5408 5163
f 5024 5057 5025
f 5025 5057 5415
f 5028 5048 5029
f 5029 5048 5161
f 5054 5031 5055
f 5055 5031 5030
f 5024 5023 5058
f 5058 5023 5049
f 5061 5070 5062
f 5062 5070 5069
f 5157 5438 5158
f 5158 5438 5442
f 5160 5191 5054
f 5054 5191 5031
f 5029 5161 5021
f 5021 5161 5020
f 5025 5415 5197
f 5197 5415 5220
f 5158 5442 5062
f 5062 5442 5059
f 5018 5017 5061
f 5061 5017 5070
f 5160 5159 5157
f 5157 5159 5438
f 5028 5027 5058
f 5058 5027 5056
f 5055 5030 5197
f 5197 5030 5196
f 5409 5380 5410
f 5410 5380 6336
f 5026 5413 5027
f 5027 5413 5412
f 5396 5417 5393
f 5393 5417 5416
f 5416 5057 5419
f 5419 5057 5056
f 5417 5396 5426
f 5426 5396 5420
f 5427 5423 5428
f 5428 5423 5422
f 5427 5059 5430
f 5430 5059 5442
f 5409 5408 5433
f 5433 5408 5211
f 5433 5211 5428
f 5428 5211 5060
f 5412 5411 5419
f 5419 5411 5418
f 5436 5053 5437
f 5437 5053 5052
f 5439 5402 5440
f 5440 5402 5401
f 5436 5435 5439
f 5439 5435 5402
f 5410 6336 5413
f 5413 6336 5414
f 5440 5401 5430
f 5430 5401 5429
f 5426 5420 5437
f 5437 5420 5434
f 5382 5432 5383
f 5383 5432 5384
f 5386 6336 5383
f 5383 6336 5380
f 6336 5386 5414
f 5414 5386 5388
f 5391 5418 5392
f 5392 5418 5411
f 5705 5395 5704
f 5704 5395 5394
f 5399 5435 5400
f 5400 5435 5434
f 5403 5441 5404
f 5404 5441 5405
f 5407 5429 5404
f 5404 5429 5401
f 5395 5705 5421
f 5421 5705 5748
f 5424 5706 5425
f 5425 5706 5431
f 5391 5390 5394
f 5394 5390 5704
f 5392 5388 5389
f 5389 5388 5387
f 5382 5381 5425
f 5425 5381 5422
f 5407 5406 5424
f 5424 5406 5706
f 5403 5402 5399
f 5399 5402 5435
f 5421 5748 5400
f 5400 5748 5397
f 4097 4721 4098
f 4098 4721 4231
f 4233 5273 4098
f 4098 5273 4095
f 6337 6338 4785
f 4785 6338 4786
f 4076 4780 4073
f 4073 4780 4781
f 4782 4190 4781
f 4781 4190 4073
f 4783 4901 4782
f 4782 4901 4190
f 4780 4076 4097
f 4097 4076 4721
f 6337 2879 4701
f 4701 2879 2878
f 5280 6339 5272
f 5272 6339 6340
f 5282 5281 6341
f 6341 5281 6342
f 4109 6302 4110
f 4110 6302 6301
f 4283 6304 4284
f 4284 6304 6303
f 6305 4379 6306
f 6306 4379 4378
f 4110 6301 4428
f 4428 6301 6309
f 6310 4688 4412
f 4412 4688 4687
f 4284 6303 4753
f 4753 6303 6313
f 4753 6313 4109
f 4109 6313 6302
f 6343 5226 4428
f 4428 5226 4427
f 4147 4900 4416
f 4416 4900 6308
f 6312 6311 4241
f 4241 6311 4720
f 5223 6344 4702
f 4702 6344 4699
f 4221 4220 6345
f 6345 4220 6346
f 5276 5275 6347
f 6347 5275 6348
f 5275 4728 6348
f 6348 4728 6349
f 4727 6350 5284
f 5284 6350 5285
f 6351 6352 6354
f 6354 6352 6353
f 5313 5312 5292
f 5292 5312 5293
f 5312 5344 5293
f 5293 5344 5337
f 5344 4914 5337
f 5337 4914 4916
f 4914 4913 4916
f 4916 4913 4917
f 4913 6355 4917
f 4917 6355 4978
f 6356 6357 6284
f 6284 6357 5012
f 6357 6358 5012
f 5012 6358 5011
f 5011 6358 5366
f 5366 6358 6359
f 6360 4742 6359
f 6359 4742 5366
f 4743 6361 4904
f 4904 6361 5364
f 5363 4905 5364
f 5364 4905 4904
f 5363 6362 4905
f 4905 6362 4207
f 6362 6363 4207
f 4207 6363 4208
f 6363 5342 4208
f 4208 5342 5330
f 5342 5341 5330
f 5330 5341 4244
f 5341 6364 4244
f 4244 6364 4245
f 6364 6365 4245
f 4245 6365 4246
f 6366 6367 4253
f 4253 6367 4250
f 4214 6368 4211
f 4211 6368 4380
f 4380 4379 4211
f 4211 4379 4283
f 4379 6305 4283
f 4283 6305 6304
f 6305 4968 6304
f 6304 4968 6287
f 4968 4967 6287
f 6287 4967 6286
f 4967 6297 6286
f 6286 6297 4676
f 6296 4376 4288
f 4288 4376 4285
f 4376 4373 4285
f 4285 4373 4290
f 6369 6370 6372
f 6372 6370 6371
f 5245 6373 5246
f 5246 6373 6374
f 4317 6375 4318
f 4318 6375 6376
f 4331 6377 4332
f 4332 6377 6378
f 6379 4333 6376
f 6376 4333 4318
f 4343 6380 4344
f 4344 6380 6381
f 4347 6382 4348
f 4348 6382 6383
f 4374 6371 4331
f 4331 6371 6377
f 4333 6379 4426
f 4426 6379 6384
f 4690 6385 4347
f 4347 6385 6382
f 4332 6378 4317
f 4317 6378 6375
f 4922 6386 4923
f 4923 6386 6387
f 6388 6389 4375
f 4375 6389 6390
f 6355 6356 4978
f 4978 6356 6284
f 4742 6360 4743
f 4743 6360 6361
f 6391 4238 6392
f 6392 4238 4719
f 6392 4719 6393
f 6393 4719 5296
f 6395 6396 6394
f 6394 6396 6397
f 6399 6400 6398
f 6398 6400 6401
f 6402 5302 6403
f 6403 5302 5303
f 5303 5321 6403
f 6403 5321 6404
f 5320 6405 5321
f 5321 6405 6404
f 5319 6406 5350
f 5350 6406 5351
f 5319 5318 6406
f 6406 5318 6407
f 5288 4197 6408
f 6408 4197 6409
f 4217 4216 6410
f 6410 4216 6411
f 5227 6412 6327
f 6327 6412 6328
f 4892 6413 5227
f 5227 6413 6412
f 4228 6414 4892
f 4892 6414 6413
f 4227 6415 4228
f 4228 6415 6414
f 4248 6416 4227
f 4227 6416 6415
f 4247 6417 4248
f 4248 6417 6416
f 6417 4247 6419
f 6419 4247 6418
f 6419 6418 6421
f 6421 6418 6420
f 6422 5301 6423
f 6423 5301 5300
f 6423 5300 6424
f 6424 5300 6399
f 6408 6409 6398
f 6398 6409 6425
f 6426 6427 6397
f 6397 6427 6394
f 6428 4224 6429
f 6429 4224 4223
f 6347 6346 5276
f 5276 6346 4220
f 6346 6347 6341
f 6341 6347 6339
f 5280 5278 5282
f 5282 5278 4236
f 4896 5224 4684
f 4684 5224 4681
f 4132 4135 4896
f 4896 4135 5224
f 4131 4136 4132
f 4132 4136 4135
f 4226 4754 4131
f 4131 4754 4136
f 4251 4213 4226
f 4226 4213 4754
f 4250 4214 4251
f 4251 4214 4213
f 4250 6367 4214
f 4214 6367 6368
f 6367 4910 6368
f 6368 4910 4737
f 4909 5297 4736
f 4736 5297 5296
f 5297 6395 5296
f 5296 6395 6393
f 6427 6430 6394
f 6394 6430 6431
f 6429 4383 6428
f 6428 4383 4382
f 4219 5277 4220
f 4220 5277 5276
f 4222 4697 4383
f 4383 4697 4218
f 6345 4699 4221
f 4221 4699 6344
f 6342 4700 6345
f 6345 4700 4699
f 4235 4786 5281
f 5281 4786 6338
f 4234 4787 4235
f 4235 4787 4786
f 5279 5278 6432
f 6432 5278 5271
f 4237 5279 6433
f 6433 5279 6432
f 4787 4234 6433
f 6433 4234 4237
f 6435 6436 6434
f 6434 6436 6437
f 6359 6438 6360
f 6360 6438 6437
f 6439 6440 6441
f 6441 6440 6438
f 6443 6439 6442
f 6442 6439 6441
f 6357 6356 6442
f 6442 6356 6444
f 6444 6446 6445
f 6445 6446 6447
f 4912 6446 4913
f 4913 6446 6355
f 6361 6436 5364
f 5364 6436 5365
f 5319 5350 5316
f 5316 5350 6448
f 4832 6449 5350
f 5350 6449 6448
f 4831 6450 4832
f 4832 6450 6449
f 5354 6451 5320
f 5320 6451 6405
f 4265 6452 5354
f 5354 6452 6451
f 4264 6453 4265
f 4265 6453 6452
f 6450 4831 6447
f 6447 4831 6445
f 4263 6435 4264
f 4264 6435 6434
f 6454 6453 6439
f 6439 6453 6440
f 6439 6443 6454
f 6454 6443 4834
f 4833 6455 4834
f 4834 6455 6454
f 5351 6456 4833
f 4833 6456 6455
f 6457 6391 6458
f 6458 6391 6392
f 6458 6392 6431
f 6431 6392 6393
f 5298 6396 5297
f 5297 6396 6395
f 6402 6400 5302
f 5302 6400 5299
f 6402 6403 6459
f 6459 6403 6460
f 6460 6403 6461
f 6461 6403 6404
f 6405 6462 6404
f 6404 6462 6461
f 6406 6462 5351
f 5351 6462 6456
f 6406 6407 6462
f 6462 6407 6461
f 6407 6463 6461
f 6461 6463 6460
f 6463 6464 6460
f 6460 6464 6459
f 6464 6465 6459
f 6459 6465 6401
f 6430 6466 6431
f 6431 6466 6458
f 6466 6410 6458
f 6458 6410 6457
f 6410 6411 6457
f 6457 6411 6467
f 6396 6424 6397
f 6397 6424 6425
f 6393 6395 6431
f 6431 6395 6394
f 6451 6456 6405
f 6405 6456 6462
f 6452 6455 6451
f 6451 6455 6456
f 6453 6454 6452
f 6452 6454 6455
f 6443 6445 4834
f 4834 6445 4831
f 6440 6453 6434
f 6434 6453 4264
f 6468 5306 5360
f 5360 5306 5305
f 6469 4124 6468
f 6468 4124 5306
f 6470 4125 6469
f 6469 4125 4124
f 6471 5291 6470
f 6470 5291 4125
f 6353 5292 6471
f 6471 5292 5291
f 5292 6353 5313
f 5313 6353 6352
f 5347 5314 6352
f 6352 5314 5313
f 5353 5318 5346
f 5346 5318 5317
f 5334 6468 5358
f 5358 6468 5360
f 5324 6469 5334
f 5334 6469 6468
f 5323 6470 5324
f 5324 6470 6469
f 5343 6471 5323
f 5323 6471 6470
f 6354 6353 5343
f 5343 6353 6471
f 6348 6349 4270
f 4270 6349 5311
f 5272 6340 5273
f 5273 6340 4272
f 6432 5271 4232
f 4232 5271 4233
f 4294 6432 4295
f 4295 6432 4232
f 6432 4294 6433
f 6433 4294 4301
f 4301 4300 6433
f 6433 4300 4787
f 4704 4784 4300
f 4300 4784 4787
f 4704 3013 4784
f 4784 3013 1307
f 5103 6472 5104
f 5104 6472 5202
f 5108 5116 5105
f 5105 5116 5115
f 5111 5124 5112
f 5112 5124 5123
f 5154 5205 5105
f 5105 5205 5106
f 5167 5180 5168
f 5168 5180 5185
f 5175 5188 5176
f 5176 5188 5187
f 5112 5123 5178
f 5178 5123 5120
f 5167 5090 5183
f 5183 5090 5089
f 5210 5151 5183
f 5183 5151 5181
f 5216 5138 5217
f 5217 5138 5137
f 5218 5119 5219
f 5219 5119 5221
f 5218 5178 5119
f 5119 5178 5120
f 5217 5137 5104
f 5104 5137 5101
f 5116 5108 5221
f 5221 5108 5219
f 5111 5110 5210
f 5210 5110 5151
f 5154 5153 5103
f 5103 5153 6472
f 5216 5215 5176
f 5176 5215 5173
f 5175 5174 5168
f 5168 5174 5166
f 5091 5172 5092
f 5092 5172 5208
f 5117 5037 5118
f 5118 5037 5036
f 5121 5164 5122
f 5122 5164 5133
f 5125 5084 5126
f 5126 5084 5083
f 5129 5174 5130
f 5130 5174 5173
f 5131 5202 5132
f 5132 5202 6472
f 5135 5221 5122
f 5122 5221 5119
f 5125 5124 5136
f 5136 5124 5209
f 5126 5083 5121
f 5121 5083 5164
f 5118 5036 5195
f 5195 5036 5193
f 5131 5097 5203
f 5203 5097 5114
f 5132 6472 5195
f 5195 6472 5153
f 5136 5209 5092
f 5092 5209 5089
f 5135 5134 5117
f 5117 5134 5037
f 5362 5206 5130
f 5130 5206 5127
f 5372 5371 5128
f 5128 5371 5129
f 5371 5372 5091
f 5091 5372 5172
f 5362 5215 5203
f 5203 5215 5201
f 6463 6407 5353
f 5353 6407 5318
f 6464 6463 5352
f 5352 6463 5353
f 6408 6465 5288
f 5288 6465 5289
f 4196 4224 6426
f 6426 4224 6427
f 6430 6427 6428
f 6428 6427 4224
f 6466 6430 4382
f 4382 6430 6428
f 6410 6466 4217
f 4217 6466 4382
f 4240 4239 3015
f 3015 4239 3016
f 4254 4257 3017
f 3017 4257 3018
f 6473 6474 4732
f 4732 6474 6475
f 6474 6374 6475
f 6475 6374 6373
f 5246 6374 3022
f 3022 6374 3023
f 4254 6299 4255
f 4255 6299 6288
f 6473 6300 3024
f 3024 6300 3025
f 6476 4257 6312
f 6312 4257 4256
f 4240 6476 4241
f 4241 6476 6312
f 6477 4239 6391
f 6391 4239 4238
f 6467 6477 6457
f 6457 6477 6391
f 6411 3029 6467
f 6467 3029 3028
f 4216 3030 6411
f 6411 3030 3029
f 6479 6480 6478
f 6478 6480 6481
f 6483 6484 6482
f 6482 6484 6485
f 6486 6487 4102
f 4102 6487 6331
f 6483 6488 6478
f 6478 6488 6489
f 4429 4829 6490
f 6490 4829 6479
f 6491 6486 4101
f 4101 6486 4102
f 4895 6491 4899
f 4899 6491 4101
f 4160 6488 4157
f 4157 6488 6492
f 6489 4087 6490
f 6490 4087 4090
f 4267 4261 5013
f 5013 4261 4260
f 4258 4261 5328
f 5328 4261 4975
f 4261 4267 4975
f 4975 4267 4266
f 5367 3793 3912
f 3912 3793 3575
f 6494 3616 6493
f 6493 3616 3795
f 6496 3589 6495
f 6495 3589 3588
f 6495 3588 5368
f 5368 3588 3794
f 3841 3840 3050
f 3050 3840 3051
f 3912 3911 3052
f 3052 3911 3053
f 3929 3930 3054
f 3054 3930 3055
f 5370 3930 3916
f 3916 3930 3923
f 3938 5369 3807
f 3807 5369 3915
f 3589 6496 3806
f 3806 6496 3937
f 3938 3937 3056
f 3056 3937 3057
f 3051 3840 3058
f 3058 3840 3943
f 3730 4808 3727
f 3727 4808 3943
f 3820 3951 3795
f 3795 3951 6493
f 3951 3841 3059
f 3059 3841 3050
f 3911 3574 6494
f 6494 3574 3616
f 3823 3929 3824
f 3824 3929 3952
f 4061 4060 3060
f 3060 4060 3061
f 6497 6498 4901
f 4901 6498 4790
f 6333 6499 4738
f 4738 6499 4739
f 6500 6501 6314
f 6314 6501 4418
f 6502 6275 4417
f 4417 6275 4185
f 6503 6497 4783
f 4783 6497 4901
f 6498 4060 4790
f 4790 4060 4059
f 4808 4061 3069
f 3069 4061 3060
f 5367 3071 5368
f 5368 3071 3070
f 5369 3073 5370
f 5370 3073 3072
f 6274 6275 3074
f 3074 6275 3075
f 6499 6504 4739
f 4739 6504 6317
f 6333 6332 3077
f 3077 6332 3078
f 6334 6274 3079
f 3079 6274 3074
f 6332 4825 3078
f 3078 4825 3080
f 6334 6503 4188
f 4188 6503 4783
f 4825 4689 3080
f 3080 4689 1330
f 6506 4747 6505
f 6505 4747 4746
f 6505 6507 6506
f 6506 6507 6508
f 4297 6509 4920
f 4920 6509 6510
f 4296 6511 4297
f 4297 6511 6509
f 6506 6508 4319
f 4319 6508 6512
f 4372 4371 6514
f 6514 4371 6513
f 6511 4296 5251
f 5251 4296 4305
f 5251 5250 6511
f 6511 5250 6515
f 6516 6509 6515
f 6515 6509 6511
f 6517 6507 6519
f 6519 6507 6518
f 6512 6520 6513
f 6513 6520 6514
f 6507 6517 6508
f 6508 6517 6521
f 5249 6523 6522
f 6522 6523 6524
f 6525 6370 5253
f 5253 6370 6526
f 4370 4323 4371
f 4371 4323 4326
f 4370 3103 4323
f 4323 3103 1541
f 6521 6517 6527
f 6527 6517 6519
f 6520 6528 6514
f 6514 6528 6529
f 6531 6532 6530
f 6530 6532 6533
f 5250 6534 6515
f 6515 6534 6535
f 6530 6533 6536
f 6536 6533 6537
f 6526 6538 6534
f 6534 6538 6537
f 6515 6535 6516
f 6516 6535 6539
f 4325 4321 4326
f 4326 4321 4320
f 4371 4326 6513
f 6513 4326 4320
f 6531 4731 6541
f 6541 4731 6540
f 4731 4730 6540
f 6540 4730 6542
f 4730 3121 6542
f 6542 3121 3120
f 6530 4328 6531
f 6531 4328 4731
f 4328 6530 4329
f 4329 6530 6536
f 4329 6536 6524
f 6524 6536 6543
f 6544 6545 6522
f 6522 6545 5248
f 6389 6388 5245
f 5245 6388 6373
f 6388 6546 6373
f 6373 6546 6475
f 4733 6546 6295
f 6295 6546 4377
f 4732 6475 4733
f 4733 6475 6546
f 4393 4432 4394
f 4394 4432 4435
f 4434 4672 4842
f 4842 4672 4671
f 4440 4439 4441
f 4441 4439 4438
f 4436 4450 4437
f 4437 4450 4398
f 4447 4444 4448
f 4448 4444 4392
f 4446 4464 4433
f 4433 4464 6547
f 4454 4423 4455
f 4455 4423 4422
f 4452 4481 4453
f 4453 4481 4480
f 4458 4389 4459
f 4459 4389 4388
f 4456 4471 4457
f 4457 4471 4468
f 4391 4460 4392
f 4392 4460 4448
f 4461 4467 4445
f 4445 4467 4465
f 4437 4398 4629
f 4629 4398 4397
f 4438 4628 4441
f 4441 4628 4631
f 4841 4629 4839
f 4839 4629 4397
f 4628 4842 4631
f 4631 4842 4671
f 4930 4989 4452
f 4452 4989 4481
f 4929 4927 4436
f 4436 4927 4450
f 4933 4387 4934
f 4934 4387 4386
f 4931 4475 4932
f 4932 4475 4474
f 4936 4449 4933
f 4933 4449 4387
f 4935 4472 4456
f 4456 4472 4471
f 4389 4458 4391
f 4391 4458 4460
f 4457 4468 4461
f 4461 4468 4467
f 4934 4386 4454
f 4454 4386 4423
f 4453 4480 4931
f 4931 4480 4475
f 4575 4997 4576
f 4576 4997 4639
f 4579 4596 4580
f 4580 4596 4595
f 4583 4582 4572
f 4572 4582 4569
f 4587 4944 4588
f 4588 4944 4562
f 4588 4562 4590
f 4590 4562 4561
f 4576 4639 4642
f 4642 4639 4638
f 4642 4845 4641
f 4641 4845 4846
f 4845 4590 4846
f 4846 4590 4561
f 4941 4938 4595
f 4595 4938 4580
f 4938 4940 4668
f 4668 4940 4669
f 4583 4942 4584
f 4584 4942 4947
f 4582 4587 4569
f 4569 4587 4586
f 5000 5001 4579
f 4579 5001 4596
f 4558 4560 4585
f 4585 4560 4586
f 4565 4639 4566
f 4566 4639 4997
f 4568 4567 4577
f 4577 4567 4578
f 4570 4554 4571
f 4571 4554 4556
f 4640 4565 4637
f 4637 4565 4546
f 4662 4664 4665
f 4665 4664 4844
f 4662 4558 4589
f 4589 4558 4585
f 4554 4570 4557
f 4557 4570 4560
f 4571 4667 4572
f 4572 4667 4943
f 4551 4670 4552
f 4552 4670 4666
f 4640 4664 4638
f 4638 4664 4663
f 4670 4568 4668
f 4668 4568 4577
f 4999 4996 4566
f 4566 4996 4543
f 4608 4564 4603
f 4603 4564 4563
f 4573 4593 4574
f 4574 4593 4592
f 4597 4614 4598
f 4598 4614 4613
f 4601 4600 4584
f 4584 4600 4581
f 4563 4562 4604
f 4604 4562 4944
f 4643 4593 4641
f 4641 4593 4573
f 4643 4847 4644
f 4644 4847 4848
f 4564 4847 4561
f 4561 4847 4846
f 4945 4941 4598
f 4598 4941 4595
f 4941 4945 4939
f 4939 4945 4946
f 4601 4948 4602
f 4602 4948 4620
f 4600 4604 4581
f 4581 4604 4944
f 5002 5003 4597
f 4597 5003 4614
f 4988 4759 4953
f 4953 4759 4402
f 4706 6548 4707
f 4707 6548 6549
f 4311 4928 4419
f 4419 4928 6550
f 4921 4920 6551
f 6551 4920 6552
f 4925 6553 4926
f 4926 6553 6554
f 4928 4921 4802
f 4802 4921 6551
f 6555 4985 6550
f 6550 4985 4419
f 4952 6556 4953
f 4953 6556 4649
f 4971 6557 4706
f 4706 6557 6548
f 4988 4648 4925
f 4925 4648 6553
f 4707 6549 5006
f 5006 6549 4987
f 4920 6510 6552
f 6552 6510 6518
f 6558 6510 6516
f 6516 6510 6509
f 6559 6558 6539
f 6539 6558 6516
f 6531 6541 6532
f 6532 6541 6560
f 6540 6561 6541
f 6541 6561 6529
f 6542 6562 6540
f 6540 6562 6561
f 6542 3120 6562
f 6562 3120 3142
f 4366 6563 4760
f 4760 6563 4970
f 4815 6564 4816
f 4816 6564 6565
f 3147 3146 6565
f 6565 3146 4816
f 6564 6563 6565
f 6565 6563 6566
f 4837 4385 4357
f 4357 4385 4358
f 6565 6566 3147
f 3147 6566 3149
f 4694 1209 3150
f 5247 5249 5248
f 5248 5249 6522
f 6372 6390 6545
f 6545 6390 6389
f 6375 5254 6376
f 6376 5254 5258
f 6377 6525 6378
f 6378 6525 5255
f 5260 6379 5258
f 5258 6379 6376
f 6380 6567 6381
f 6381 6567 6568
f 6382 6569 6383
f 6383 6569 6570
f 6377 6371 6525
f 6525 6371 6370
f 6379 5260 6384
f 6384 5260 6571
f 6385 6572 6382
f 6382 6572 6569
f 6378 5255 6375
f 6375 5255 5254
f 6386 6573 6387
f 6387 6573 6574
f 6545 6389 5248
f 5248 6389 5245
f 4675 4750 4676
f 4676 4750 6286
f 4734 6289 4735
f 4735 6289 6288
f 4804 6290 4805
f 4805 6290 4963
f 4811 4807 4812
f 4812 4807 4411
f 4954 6292 4955
f 4955 6292 4959
f 4964 4962 4965
f 4965 4962 4751
f 6285 4821 4812
f 4812 4821 4809
f 4675 4287 4965
f 4965 4287 4210
f 6294 4145 4955
f 4955 4145 4154
f 4964 4120 4805
f 4805 4120 4119
f 6298 4966 4734
f 4734 4966 6289
f 6300 6473 4735
f 4735 6473 4732
f 6297 6296 4676
f 4676 6296 4288
f 6523 3160 4330
f 4330 3160 3159
f 5253 5252 6525
f 6525 5252 5255
f 5256 5252 4305
f 4305 5252 5251
f 4304 5257 4305
f 4305 5257 5256
f 4424 5259 4304
f 4304 5259 5257
f 5261 6571 5259
f 5259 6571 5260
f 5262 6573 5261
f 5261 6573 6571
f 5264 6567 5265
f 5265 6567 6574
f 5266 6572 5267
f 5267 6572 6568
f 5268 6570 5269
f 5269 6570 6569
f 1807 3161 5268
f 5268 3161 6570
f 6524 6523 4329
f 4329 6523 4330
f 5253 6526 5250
f 5250 6526 6534
f 6543 6538 6544
f 6544 6538 6369
f 6524 6543 6522
f 6522 6543 6544
f 3071 5367 3052
f 3052 5367 3912
f 6493 3163 6494
f 6494 3163 3162
f 3164 445 3771
f 3771 445 3761
f 461 3165 3919
f 3919 3165 3920
f 330 410 3839
f 3839 410 3910
f 332 331 3552
f 3552 331 3551
f 464 304 3918
f 3918 304 3816
f 385 458 3766
f 3766 458 3894
f 412 415 3762
f 3762 415 3763
f 3166 337 3748
f 3748 337 3745
f 3072 3055 5370
f 5370 3055 3930
f 3073 5369 3056
f 3056 5369 3938
f 3167 3057 6496
f 6496 3057 3937
f 3069 3058 4808
f 4808 3058 3943
f 411 3166 3851
f 3851 3166 3748
f 3059 3163 3951
f 3951 3163 6493
f 336 3164 3772
f 3772 3164 3771
f 3053 3911 3162
f 3162 3911 6494
f 3054 3168 3929
f 3929 3168 3952
f 3165 830 3920
f 3920 830 3945
f 3170 3169 6497
f 6497 3169 6498
f 3171 1354 5005
f 5005 1354 4830
f 3172 3170 6503
f 6503 3170 6497
f 3169 3061 6498
f 6498 3061 4060
f 3173 3171 5006
f 5006 3171 5005
f 3079 3172 6334
f 6334 3172 6503
f 3174 3025 6299
f 6299 3025 6300
f 6576 6577 6575
f 6575 6577 6578
f 4612 4611 6579
f 6579 4611 6580
f 6582 6583 6581
f 6581 6583 6584
f 6584 6585 4618
f 4618 6585 4621
f 6586 6587 6589
f 6589 6587 6588
f 6588 6587 6590
f 6590 6587 6591
f 6592 4606 6590
f 6590 4606 4623
f 6594 6576 6593
f 6593 6576 6575
f 6595 6582 6579
f 6579 6582 6581
f 6580 6597 6596
f 6596 6597 6598
f 6577 6576 6599
f 6599 6576 6600
f 6595 6596 6601
f 6601 6596 6602
f 6583 6582 6603
f 6603 6582 6604
f 6586 6606 6605
f 6605 6606 6607
f 6587 6586 6608
f 6608 6586 6605
f 6587 6608 6591
f 6591 6608 6609
f 6576 6594 6600
f 6600 6594 6610
f 6582 6595 6604
f 6604 6595 6601
f 6599 6611 6577
f 6577 6611 6598
f 6613 6614 6612
f 6612 6614 6615
f 6617 6618 6616
f 6616 6618 6619
f 6621 6622 6620
f 6620 6622 6623
f 6625 6626 6624
f 6624 6626 6627
f 6629 6630 6628
f 6628 6630 6631
f 6633 6634 6632
f 6632 6634 6635
f 6637 6638 6636
f 6636 6638 6639
f 6640 6641 6637
f 6637 6641 6638
f 6643 6633 6642
f 6642 6633 6632
f 6645 6646 6644
f 6644 6646 6647
f 6646 6648 6647
f 6647 6648 6649
f 6651 6652 6650
f 6650 6652 6653
f 6653 6652 6654
f 6654 6652 6655
f 6656 6657 6659
f 6659 6657 6658
f 6661 6662 6660
f 6660 6662 6663
f 6662 6661 6664
f 6664 6661 6665
f 6667 6657 6666
f 6666 6657 6656
f 6669 6670 6668
f 6668 6670 6671
f 6672 6673 6670
f 6670 6673 6671
f 6674 6675 6677
f 6677 6675 6676
f 6675 6678 6676
f 6676 6678 6679
f 6681 6682 6680
f 6680 6682 6683
f 6684 6685 6683
f 6683 6685 6680
f 6687 6688 6686
f 6686 6688 6689
f 6687 6690 6688
f 6688 6690 6691
f 6619 6618 6633
f 6633 6618 6634
f 6632 6635 6693
f 6693 6635 6692
f 6617 6694 6636
f 6636 6694 6637
f 6695 6692 6639
f 6639 6692 6635
f 6637 6694 6640
f 6640 6694 6696
f 6698 6638 6697
f 6697 6638 6641
f 6643 6616 6633
f 6633 6616 6619
f 6642 6699 6641
f 6641 6699 6697
f 6646 6645 6700
f 6700 6645 6621
f 6644 6701 6654
f 6654 6701 6702
f 6700 6703 6646
f 6646 6703 6648
f 6693 6704 6649
f 6649 6704 6647
f 6620 6623 6651
f 6651 6623 6652
f 6693 6649 6699
f 6699 6649 6650
f 6652 6623 6655
f 6655 6623 6622
f 6654 6702 6653
f 6653 6702 6697
f 6615 6614 6657
f 6657 6614 6658
f 6705 6656 6704
f 6704 6656 6659
f 6613 6706 6660
f 6660 6706 6661
f 6704 6659 6701
f 6701 6659 6663
f 6661 6706 6665
f 6665 6706 6707
f 6708 6702 6664
f 6664 6702 6662
f 6612 6615 6667
f 6667 6615 6657
f 6666 6709 6664
f 6664 6709 6708
f 6629 6710 6669
f 6669 6710 6670
f 6668 6711 6679
f 6679 6711 6712
f 6713 6672 6710
f 6710 6672 6670
f 6714 6671 6705
f 6705 6671 6673
f 6628 6631 6674
f 6674 6631 6675
f 6705 6673 6709
f 6709 6673 6677
f 6631 6630 6675
f 6675 6630 6678
f 6712 6708 6679
f 6679 6708 6676
f 6625 6715 6682
f 6682 6715 6683
f 6716 6717 6681
f 6681 6717 6691
f 6718 6684 6715
f 6715 6684 6683
f 6719 6680 6714
f 6714 6680 6685
f 6624 6627 6686
f 6686 6627 6687
f 6689 6711 6685
f 6685 6711 6714
f 6627 6626 6687
f 6687 6626 6690
f 6717 6712 6691
f 6691 6712 6688
f 6612 6707 6613
f 6613 6707 6706
f 6616 6696 6617
f 6617 6696 6694
f 6703 6700 6620
f 6620 6700 6621
f 6715 6625 6718
f 6718 6625 6624
f 6710 6629 6713
f 6713 6629 6628
f 6639 6635 6636
f 6636 6635 6634
f 6641 6640 6642
f 6642 6640 6643
f 6654 6655 6644
f 6644 6655 6645
f 6651 6650 6648
f 6648 6650 6649
f 6659 6658 6663
f 6663 6658 6660
f 6665 6667 6664
f 6664 6667 6666
f 6678 6669 6679
f 6679 6669 6668
f 6673 6672 6677
f 6677 6672 6674
f 6690 6682 6691
f 6691 6682 6681
f 6685 6684 6689
f 6689 6684 6686
f 6636 6634 6617
f 6617 6634 6618
f 6638 6698 6639
f 6639 6698 6695
f 6640 6696 6643
f 6643 6696 6616
f 6693 6699 6632
f 6632 6699 6642
f 6655 6622 6645
f 6645 6622 6621
f 6704 6701 6647
f 6647 6701 6644
f 6651 6648 6620
f 6620 6648 6703
f 6650 6653 6699
f 6699 6653 6697
f 6613 6660 6614
f 6614 6660 6658
f 6663 6662 6701
f 6701 6662 6702
f 6665 6707 6667
f 6667 6707 6612
f 6705 6709 6656
f 6656 6709 6666
f 6630 6629 6678
f 6678 6629 6669
f 6714 6711 6671
f 6671 6711 6668
f 6672 6713 6674
f 6674 6713 6628
f 6677 6676 6709
f 6709 6676 6708
f 6626 6625 6690
f 6690 6625 6682
f 6680 6719 6681
f 6681 6719 6716
f 6684 6718 6686
f 6686 6718 6624
f 6711 6689 6712
f 6689 6688 6712
f 6593 6720 6594
f 6594 6720 6721
f 6722 6720 4607
f 4607 6720 4849
f 6592 6723 6722
f 6722 6723 6724
f 4610 4609 6578
f 6578 4609 6575
f 6596 6595 6580
f 6580 6595 6579
f 4618 4617 6584
f 6584 4617 6581
f 6589 6585 6586
f 6586 6585 6606
f 4622 4619 6588
f 6588 4619 6589
f 4622 6588 4623
f 4623 6588 6590
f 4609 4645 6575
f 6575 4645 6593
f 4617 4612 6581
f 6581 4612 6579
f 5004 4610 6597
f 6597 4610 6578
f 4645 4849 6593
f 6593 4849 6720
f 6724 6721 6722
f 6722 6721 6720
f 6722 4607 6592
f 6592 4607 4606
f 6725 6610 6721
f 6721 6610 6594
f 6723 6726 6724
f 6724 6726 6727
f 6727 6725 6724
f 6724 6725 6721
f 6728 6729 6605
f 6605 6729 6608
f 6605 6607 6728
f 6728 6607 6730
f 6731 6732 6604
f 6604 6732 6603
f 6733 6734 6725
f 6725 6734 6610
f 6735 6733 6727
f 6727 6733 6725
f 6735 6727 6736
f 6736 6727 6726
f 6591 6609 6723
f 6723 6609 6726
f 6723 6592 6591
f 6591 6592 6590
f 6738 6739 6737
f 6737 6739 6740
f 6740 6739 6742
f 6742 6739 6741
f 6743 6744 6741
f 6741 6744 6742
f 6745 6746 6743
f 6743 6746 6744
f 6747 6748 6745
f 6745 6748 6746
f 6749 6750 6747
f 6747 6750 6748
f 6752 6738 6751
f 6751 6738 6737
f 6754 6752 6753
f 6753 6752 6751
f 6756 6754 6755
f 6755 6754 6753
f 6758 6750 6757
f 6757 6750 6749
f 6760 6756 6759
f 6759 6756 6755
f 6762 6760 6761
f 6761 6760 6759
f 6764 6762 6763
f 6763 6762 6761
f 6757 6764 6758
f 6758 6764 6763
f 6766 6741 6765
f 6765 6741 6739
f 6767 6743 6766
f 6766 6743 6741
f 6768 6745 6767
f 6767 6745 6743
f 6769 6747 6768
f 6768 6747 6745
f 6770 6749 6769
f 6769 6749 6747
f 6772 6769 6771
f 6771 6769 6768
f 6773 6770 6772
f 6772 6770 6769
f 6774 6775 6772
f 6772 6775 6773
f 6777 6778 6776
f 6776 6778 6779
f 6775 6774 6778
f 6778 6774 6779
f 6771 6780 6772
f 6772 6780 6774
f 6780 6781 6774
f 6774 6781 6779
f 6781 6782 6779
f 6779 6782 6776
f 6784 6785 6783
f 6783 6785 6786
f 6786 6787 6783
f 6783 6787 6788
f 6790 6788 6789
f 6789 6788 6787
f 6786 6785 6791
f 6791 6785 6792
f 6791 6793 6786
f 6786 6793 6787
f 6793 6794 6787
f 6787 6794 6789
f 6795 6796 6794
f 6794 6796 6789
f 6790 6789 6797
f 6797 6789 6796
f 6798 6765 6738
f 6738 6765 6739
f 6799 6798 6752
f 6752 6798 6738
f 6767 6800 6768
f 6768 6800 6771
f 6766 6801 6767
f 6767 6801 6800
f 6802 6801 6765
f 6765 6801 6766
f 6798 6803 6765
f 6765 6803 6802
f 6804 6803 6799
f 6799 6803 6798
f 6805 6806 6804
f 6804 6806 6803
f 6807 6799 6754
f 6754 6799 6752
f 6808 6804 6807
f 6807 6804 6799
f 6809 6805 6808
f 6808 6805 6804
f 6810 6811 6805
f 6805 6811 6806
f 6812 6813 6810
f 6810 6813 6811
f 6814 6815 6796
f 6796 6815 6797
f 6813 6814 6816
f 6816 6814 6817
f 6816 6818 6813
f 6813 6818 6811
f 6819 6806 6818
f 6818 6806 6811
f 6802 6803 6819
f 6819 6803 6806
f 6757 6749 6820
f 6820 6749 6770
f 6820 6770 6821
f 6821 6770 6773
f 6821 6773 6822
f 6822 6773 6775
f 6822 6775 6823
f 6823 6775 6778
f 6824 6823 6777
f 6777 6823 6778
f 6784 6825 6777
f 6777 6825 6824
f 6826 6827 6788
f 6788 6827 6783
f 6828 6826 6790
f 6790 6826 6788
f 6829 6828 6797
f 6797 6828 6790
f 6815 6830 6797
f 6797 6830 6829
f 6832 6812 6831
f 6831 6812 6810
f 6831 6810 6809
f 6809 6810 6805
f 6736 6800 6735
f 6735 6800 6801
f 6733 6735 6802
f 6802 6735 6801
f 6734 6733 6819
f 6819 6733 6802
f 6833 6734 6818
f 6818 6734 6819
f 6834 6833 6816
f 6816 6833 6818
f 6816 6817 6834
f 6834 6817 6835
f 6837 6795 6836
f 6836 6795 6794
f 6836 6794 6731
f 6731 6794 6793
f 6732 6731 6791
f 6791 6731 6793
f 6791 6792 6732
f 6732 6792 6730
f 6729 6728 6781
f 6781 6728 6782
f 6838 6807 6756
f 6756 6807 6754
f 6839 6838 6760
f 6760 6838 6756
f 6840 6839 6762
f 6762 6839 6760
f 6841 6840 6764
f 6764 6840 6762
f 6820 6841 6757
f 6757 6841 6764
f 6841 6820 6842
f 6842 6820 6821
f 6840 6841 6843
f 6843 6841 6842
f 6839 6840 6844
f 6844 6840 6843
f 6838 6839 6845
f 6845 6839 6844
f 6807 6838 6808
f 6808 6838 6845
f 6842 6821 6846
f 6846 6821 6822
f 6843 6842 6847
f 6847 6842 6846
f 6844 6843 6848
f 6848 6843 6847
f 6845 6844 6849
f 6849 6844 6848
f 6808 6845 6809
f 6809 6845 6849
f 6850 6831 6849
f 6849 6831 6809
f 6851 6850 6848
f 6848 6850 6849
f 6847 6852 6848
f 6848 6852 6851
f 6853 6852 6846
f 6846 6852 6847
f 6846 6822 6853
f 6853 6822 6823
f 6853 6823 6854
f 6854 6823 6824
f 6854 6855 6853
f 6853 6855 6852
f 6856 6851 6855
f 6855 6851 6852
f 6856 6857 6851
f 6851 6857 6850
f 6857 6832 6850
f 6850 6832 6831
f 6825 6858 6824
f 6824 6858 6854
f 6860 6827 6859
f 6859 6827 6826
f 6859 6826 6861
f 6861 6826 6828
f 6862 6861 6829
f 6829 6861 6828
f 6830 6863 6829
f 6829 6863 6862
f 6863 6864 6862
f 6862 6864 6865
f 6858 6866 6854
f 6854 6866 6855
f 6867 6865 6866
f 6866 6865 6864
f 6869 6859 6868
f 6868 6859 6861
f 6867 6869 6865
f 6865 6869 6868
f 6861 6862 6868
f 6868 6862 6865
f 6867 6860 6869
f 6869 6860 6859
f 6753 6751 6698
f 6698 6751 6695
f 6697 6755 6698
f 6698 6755 6753
f 6759 6755 6702
f 6702 6755 6697
f 6761 6759 6708
f 6708 6759 6702
f 6763 6761 6712
f 6712 6761 6708
f 6758 6763 6717
f 6717 6763 6712
f 6750 6758 6716
f 6716 6758 6717
f 6719 6748 6716
f 6716 6748 6750
f 6714 6746 6719
f 6719 6746 6748
f 6705 6744 6714
f 6714 6744 6746
f 6704 6742 6705
f 6705 6742 6744
f 6740 6742 6693
f 6693 6742 6704
f 6737 6740 6692
f 6692 6740 6693
f 6751 6737 6695
f 6695 6737 6692
f 6601 6602 6836
f 6836 6602 6837
f 6604 6601 6731
f 6731 6601 6836
f 6599 6600 6834
f 6834 6600 6833
f 6834 6835 6599
f 6599 6835 6611
f 6600 6610 6833
f 6833 6610 6734
f 6780 6771 6870
f 6870 6771 6736
f 6736 6771 6800
f 6870 6729 6780
f 6780 6729 6781
f 6608 6729 6609
f 6609 6729 6870
f 6609 6870 6726
f 6726 6870 6736
f 5014 5015 5229
f 5229 5015 5230
f 4258 5015 4259
f 4259 5015 4878
f 3471 3013 4703
f 4703 3013 4704
f 2879 6337 1306
f 1306 6337 4785
f 829 3471 4316
f 4316 3471 4703
f 4702 3472 5223
f 5223 3472 1756
f 6871 6872 4534
f 4534 6872 4535
f 6871 4665 6872
f 6872 4665 4844
f 6871 6873 4665
f 4665 6873 4559
f 6871 4534 6873
f 6873 4534 4542
f 4153 4152 4822
f 4822 4152 4407
f 4152 4168 4407
f 4407 4168 4342
f 4343 4168 4923
f 4923 4168 4167
f 4363 4362 4972
f 4972 4362 4840
f 4362 4394 4840
f 4840 4394 4839
f 4401 4400 4986
f 4986 4400 4984
f 4435 4434 4841
f 4841 4434 4842
f 4506 4505 4530
f 4530 4505 4531
f 4506 4535 4507
f 4507 4535 4843
f 4661 4660 4516
f 4516 4660 4517
f 4673 4672 4937
f 4937 4672 6547
f 4400 4924 4984
f 4984 4924 5263
f 4673 4660 4674
f 4674 4660 4659
f 4505 4661 4531
f 4531 4661 4516
f 4952 4401 6874
f 6874 4401 4986
f 4954 4153 6875
f 6875 4153 4822
f 4363 4973 4364
f 4364 4973 4974
f 5264 4924 5267
f 5267 4924 4691
f 6293 6292 6876
f 6876 6292 6877
f 6380 4343 6387
f 6387 4343 4923
f 4394 4435 4839
f 4839 4435 4841
f 4672 4434 6547
f 6547 4434 4433
f 4973 6556 4974
f 4974 6556 6878
f 6567 6380 6574
f 6574 6380 6387
f 6292 4954 6877
f 6877 4954 6875
f 6567 5264 6568
f 6568 5264 5267
f 4145 4144 4154
f 4154 4144 4151
f 4194 4144 4425
f 4425 4144 4143
f 4355 4354 5263
f 5263 4354 4984
f 4360 4359 4364
f 4364 4359 4361
f 4444 4359 4392
f 4392 4359 4337
f 4447 4446 4432
f 4432 4446 4433
f 4464 4463 6547
f 6547 4463 4937
f 4519 4518 4654
f 4654 4518 4509
f 4533 4532 4499
f 4499 4532 4498
f 4533 4542 4530
f 4530 4542 4534
f 4519 4532 4516
f 4516 4532 4531
f 4922 4194 4426
f 4426 4194 4425
f 4463 4518 4937
f 4937 4518 4517
f 6555 4951 6874
f 6874 4951 6878
f 4958 4957 6290
f 6290 4957 6291
f 4334 4360 4712
f 4712 4360 4950
f 4985 4354 4419
f 4419 4354 4353
f 5262 4355 5265
f 5265 4355 5263
f 6294 4958 4804
f 4804 4958 6290
f 6386 4922 6384
f 6384 4922 4426
f 4444 4447 4393
f 4393 4447 4432
f 4464 4446 4465
f 4465 4446 4445
f 4985 6555 4986
f 4986 6555 6874
f 6573 6386 6571
f 6571 6386 6384
f 4145 6294 4146
f 4146 6294 4804
f 6573 5262 6574
f 6574 5262 5265
f 4542 4541 6873
f 6873 4541 4559
f 4535 6872 4843
f 4843 6872 4844
f 4104 4103 6879
f 6879 4103 6343
f 4105 6293 6307
f 6307 6293 6876
f 4104 4956 4105
f 4105 4956 6293
f 4956 4104 4957
f 4957 4104 6879
f 4957 6879 6291
f 6291 6879 6309
f 4648 4988 4649
f 4649 4988 4953
f 4802 4803 4928
f 4928 4803 6550
f 6550 4803 6555
f 6555 4803 4951
f 1516 3173 4987
f 4987 3173 5006
f 6519 6518 6558
f 6558 6518 6510
f 6527 6519 6559
f 6559 6519 6558
f 6528 6560 6529
f 6529 6560 6541
f 6548 4625 6549
f 6549 4625 4624
f 6551 6552 4746
f 4746 6552 6505
f 6553 4711 6554
f 6554 4711 4710
f 4802 6551 4713
f 4713 6551 4746
f 6556 4973 4649
f 4649 4973 4646
f 6557 4949 6548
f 6548 4949 4625
f 4648 4647 6553
f 6553 4647 4711
f 6549 4624 4987
f 4987 4624 4838
f 6552 6518 6505
f 6505 6518 6507
f 6561 4372 6529
f 6529 4372 6514
f 6562 4369 6561
f 6561 4369 4372
f 3142 3482 6562
f 6562 3482 4369
f 6556 4952 6878
f 6878 4952 6874
f 4951 4950 6878
f 6878 4950 4974
f 3168 440 3952
f 4204 4203 5341
f 5341 4203 6364
f 4219 4222 6429
f 6429 4222 4383
f 4319 4322 6506
f 6506 4322 4747
f 4340 4714 4341
f 4341 4714 4384
f 4375 4377 6388
f 6388 4377 6546
f 4378 4381 6311
f 6311 4381 4720
f 4449 4341 4387
f 4387 4341 4384
f 4473 4472 4477
f 4477 4472 4474
f 4492 4491 4487
f 4487 4491 4488
f 4523 4491 4522
f 4522 4491 4490
f 4492 4538 4493
f 4493 4538 4555
f 4538 4553 4555
f 4555 4553 4556
f 4620 4615 4621
f 4621 4615 4618
f 4652 4651 4368
f 4368 4651 4365
f 4523 4655 4524
f 4524 4655 4656
f 4553 4667 4556
f 4556 4667 4571
f 4651 1210 4365
f 4365 1210 1209
f 4698 4697 5223
f 5223 4697 6344
f 4340 4339 4322
f 4322 4339 4747
f 4726 4729 5287
f 5287 4729 4198
f 4381 4380 4737
f 4737 4380 6368
f 4836 4835 4451
f 4451 4835 4709
f 4910 6367 4911
f 4911 6367 6366
f 4912 4915 6450
f 6450 4915 6449
f 4927 4836 4450
f 4450 4836 4451
f 4930 4929 4439
f 4439 4929 4436
f 4936 4935 4459
f 4459 4935 4456
f 4473 4655 4470
f 4470 4655 4510
f 4942 4583 4943
f 4943 4583 4572
f 4948 4601 4947
f 4947 4601 4584
f 4949 4835 4625
f 4625 4835 4626
f 4966 4969 6289
f 6289 4969 4695
f 4971 4652 4926
f 4926 4652 4368
f 4203 4977 6364
f 6364 4977 6365
f 4990 4989 4443
f 4443 4989 4440
f 4990 4991 4478
f 4478 4991 4512
f 4992 4991 4528
f 4528 4991 4515
f 4992 4993 4527
f 4527 4993 4485
f 4994 4993 4502
f 4502 4993 4503
f 4994 4995 4482
f 4482 4995 4550
f 4543 4996 4544
f 4544 4996 4995
f 4999 4998 4567
f 4567 4998 4578
f 5000 4998 4575
f 4575 4998 4997
f 5002 5001 4592
f 4592 5001 4574
f 5003 5004 4614
f 4614 5004 4611
f 3483 4215 1755
f 1755 4215 4698
f 5274 5277 4195
f 4195 5277 4223
f 4726 5295 4727
f 4727 5295 6350
f 5309 5342 5310
f 5310 5342 6363
f 5315 5314 5316
f 5316 5314 5317
f 5339 6362 5340
f 5340 6362 5363
f 5310 6363 5339
f 5339 6363 6362
f 4204 5309 4201
f 4201 5309 5308
f 4915 5345 6449
f 6449 5345 6448
f 5345 5315 6448
f 6448 5315 5316
f 5348 5347 6351
f 6351 5347 6352
f 5365 4263 5340
f 5340 4263 4262
f 6295 6298 4733
f 4733 6298 4734
f 4969 6306 4695
f 4695 6306 4696
f 6306 4378 4696
f 4696 4378 6311
f 6369 6372 6544
f 6544 6372 6545
f 4375 6390 4373
f 4373 6390 4374
f 6421 6422 4911
f 4911 6422 4908
f 4910 4909 4737
f 4737 4909 4736
f 5277 4219 4223
f 4223 4219 6429
f 4697 4222 6344
f 6344 4222 4221
f 6436 6361 6437
f 6437 6361 6360
f 6438 6440 6437
f 6437 6440 6434
f 6438 6359 6441
f 6441 6359 6358
f 6442 6441 6357
f 6357 6441 6358
f 6442 6444 6443
f 6443 6444 6445
f 6446 6444 6355
f 6355 6444 6356
f 6446 4912 6447
f 6447 4912 6450
f 6436 6435 5365
f 5365 6435 4263
f 5314 5347 5317
f 5317 5347 5346
f 4319 6512 4320
f 4320 6512 6513
f 6520 6512 6521
f 6521 6512 6508
f 6528 6520 6527
f 6527 6520 6521
f 6532 6539 6533
f 6533 6539 6535
f 6533 6535 6537
f 6537 6535 6534
f 6538 6543 6537
f 6537 6543 6536
f 6295 4377 6296
f 6296 4377 4376
f 4989 4930 4440
f 4440 4930 4439
f 4927 4929 4422
f 4422 4929 4455
f 4449 4936 4388
f 4388 4936 4459
f 4472 4935 4474
f 4474 4935 4932
f 4942 4940 4947
f 4947 4940 4939
f 5001 5000 4574
f 4574 5000 4575
f 4669 4943 4666
f 4666 4943 4667
f 4996 4999 4547
f 4547 4999 4567
f 4948 4946 4620
f 4620 4946 4615
f 5003 5002 4591
f 4591 5002 4592
f 6557 4971 6554
f 6554 4971 4926
f 6532 6560 6539
f 6539 6560 6559
f 6390 6372 4374
f 4374 6372 6371
f 4966 6298 4967
f 4967 6298 6297
f 6538 6526 6369
f 6369 6526 6370
f 6585 6589 4621
f 4621 6589 4619
f 6597 6578 6598
f 6598 6578 6577
f 6606 6583 6607
f 6607 6583 6603
f 6611 6602 6598
f 6598 6602 6596
f 6585 6584 6606
f 6606 6584 6583
f 6597 6580 5004
f 5004 6580 4611
f 6607 6603 6730
f 6730 6603 6732
f 6776 6785 6777
f 6777 6785 6784
f 6785 6776 6792
f 6792 6776 6782
f 6815 6814 6812
f 6812 6814 6813
f 6817 6814 6795
f 6795 6814 6796
f 6825 6784 6827
f 6827 6784 6783
f 6830 6815 6832
f 6832 6815 6812
f 6817 6795 6835
f 6835 6795 6837
f 6792 6782 6730
f 6730 6782 6728
f 6858 6825 6860
f 6860 6825 6827
f 6863 6830 6857
f 6857 6830 6832
f 6864 6863 6856
f 6856 6863 6857
f 6866 6858 6867
f 6867 6858 6860
f 6866 6864 6855
f 6855 6864 6856
f 6835 6837 6611
f 6611 6837 6602
f 6560 6528 6559
f 6559 6528 6527
f 4949 6557 4710
f 4710 6557 6554
f 4430 4090 4175
f 4175 4090 4089
f 4777 4113 4155
f 4155 4113 4086
f 4175 4089 4176
f 4176 4089 4142
f 4199 4271 4200
f 4200 4271 4798
f 4199 4095 4272
f 4272 4095 5273
f 4406 4405 4404
f 4404 4405 4346
f 4410 4409 6877
f 6877 4409 6876
f 4409 4413 6876
f 6876 4413 6307
f 4415 4148 4416
f 4416 4148 4147
f 4690 4405 4344
f 4344 4405 4342
f 4693 4692 4352
f 4352 4692 4349
f 4701 4700 6337
f 6337 4700 6338
f 4778 4777 4081
f 4081 4777 4155
f 4821 4406 4809
f 4809 4406 4404
f 4176 4142 4181
f 4181 4142 4415
f 4760 4970 4399
f 4399 4970 4692
f 4200 5007 4096
f 4096 5007 4078
f 5266 4693 5269
f 5269 4693 4352
f 5270 5007 5361
f 5361 5007 4797
f 4778 5270 4779
f 4779 5270 5361
f 6285 4410 6875
f 6875 4410 6877
f 6308 4413 4687
f 4687 4413 4412
f 6480 6320 6481
f 6481 6320 6880
f 4701 2878 4702
f 4702 2878 3472
f 6339 6347 6340
f 6340 6347 6348
f 6341 6342 6346
f 6346 6342 6345
f 4416 6308 4414
f 4414 6308 4687
f 6385 4690 6381
f 6381 4690 4344
f 5282 6341 5280
f 5280 6341 6339
f 4700 6342 6338
f 6338 6342 5281
f 6340 6348 4272
f 4272 6348 4270
f 6480 6479 4828
f 4828 6479 4829
f 6490 6479 6489
f 6489 6479 6478
f 4090 4430 6490
f 6490 4430 4429
f 6563 6564 4970
f 4970 6564 4815
f 4694 6566 4366
f 4366 6566 6563
f 6572 6385 6568
f 6568 6385 6381
f 4821 6285 4822
f 4822 6285 6875
f 6572 5266 6569
f 6569 5266 5269
f 3482 3103 4369
f 4369 3103 4370
f 3121 4730 3485
f 3485 4730 4327
f 6277 6280 6273
f 6273 6280 6272
f 6267 6276 6278
f 6278 6276 6279
f 6278 6279 6277
f 6277 6279 6280
f 6279 6256 6280
f 6280 6256 6255
f 6256 3857 6255
f 6255 3857 3754
f 3857 3856 3754
f 3754 3856 3755
f 3856 3703 3755
f 3755 3703 3863
f 3703 3702 3863
f 3863 3702 3759
f 3702 3706 3759
f 3759 3706 3670
f 3706 3705 3670
f 3670 3705 3668
f 3705 3773 3668
f 3668 3773 3882
f 3882 3773 3883
f 3883 3773 3707
f 3707 3708 3883
f 3883 3708 3880
f 3708 3710 3880
f 3880 3710 3881
f 3709 5241 3710
f 3710 5241 3881
f 5241 3709 5234
f 5234 3709 3786
f 3693 3712 3786
f 3786 3712 5234
f 4051 4055 4052
f 4052 4055 4056
f 4056 4055 4057
f 4057 4055 4054
f 4066 5238 5236
f 5236 5238 3989
f 4066 4069 5238
f 5238 4069 4035
f 6881 3962 3960
f 3960 3962 3957
f 6883 4070 6882
f 6882 4070 3941
f 4070 6883 4071
f 4071 6883 6884
f 4071 6884 4072
f 4072 6884 6885
f 6885 6886 4072
f 4072 6886 4031
f 3955 6881 3956
f 3956 6881 3960
f 6884 3991 6885
f 6885 3991 3990
f 6883 6887 6884
f 6884 6887 3991
f 6887 6888 3991
f 3991 6888 3992
f 6888 6887 6889
f 6889 6887 6890
f 6887 6883 6890
f 6890 6883 6882
f 4058 5240 3953
f 3953 5240 3954
f 5236 6888 5239
f 5239 6888 6889
f 5237 6886 3990
f 3990 6886 6885
f 4034 4031 5237
f 5237 4031 6886
f 6881 6882 3962
f 3962 6882 3941
f 6881 3955 6882
f 6882 3955 6890
f 3955 3954 6890
f 6890 3954 6889
f 5239 6889 5240
f 5240 6889 3954
f 6888 5236 3992
f 3992 5236 3989
f 3869 3868 3888
f 3888 3868 4015
f 3868 4012 4015
f 4015 4012 4010
f 4012 4022 4010
f 4010 4022 4009
f 4022 4021 4009
f 4009 4021 4018
f 4020 3974 4001
f 4001 3974 3996
f 4021 4020 4029
f 4029 4020 4001
f 4085 4156 4086
f 4086 4156 4155
f 4113 4777 4114
f 4114 4777 4776
f 4130 4129 4094
f 4094 4129 4091
f 4139 4773 4140
f 4140 4773 4772
f 4149 4178 4150
f 4150 4178 5225
f 4160 4159 4087
f 4087 4159 4088
f 4149 4148 4179
f 4179 4148 4141
f 4085 4084 4183
f 4183 4084 6315
f 4179 4141 4159
f 4159 4141 4088
f 4192 4130 4162
f 4162 4130 4094
f 4197 5288 4198
f 4198 5288 5287
f 4229 4766 4230
f 4230 4766 4771
f 4245 4246 4242
f 4242 4246 4249
f 4183 6315 4418
f 4418 6315 6314
f 4679 4178 4680
f 4680 4178 4177
f 4724 4798 4725
f 4725 4798 4271
f 4728 5275 4729
f 4729 5275 5274
f 4230 4771 4249
f 4249 4771 4242
f 4724 4723 4799
f 4799 4723 5355
f 4823 4824 4891
f 4891 4824 6327
f 4823 4192 4161
f 4161 4192 4162
f 4893 4767 4229
f 4229 4767 4766
f 4894 4895 4898
f 4898 4895 4899
f 4106 4150 4103
f 4103 4150 5225
f 4680 4894 4677
f 4677 4894 4898
f 6420 4977 5301
f 5301 4977 4976
f 4679 4678 5226
f 5226 4678 4427
f 5228 5008 4893
f 4893 5008 4767
f 5285 6354 5286
f 5286 6354 5343
f 5289 5352 5290
f 5290 5352 5349
f 5290 5349 5295
f 5295 5349 5348
f 5302 5299 4202
f 4202 5299 4976
f 4725 4271 5311
f 5311 4271 4270
f 5325 4723 5326
f 5326 4723 4722
f 5335 5355 5325
f 5325 5355 4723
f 5326 4722 5286
f 5286 4722 5283
f 4799 5357 4797
f 4797 5357 5361
f 5359 5356 5335
f 5335 5356 5355
f 4775 4774 5356
f 5356 4774 5357
f 5359 5358 4092
f 4092 5358 4093
f 6316 4740 6317
f 6317 4740 4739
f 6318 4827 6316
f 6316 4827 4740
f 6319 4828 6318
f 6318 4828 4827
f 6320 6480 6319
f 6319 6480 4828
f 6484 6322 6485
f 6485 6322 6321
f 6487 6324 6331
f 6331 6324 6323
f 6331 6323 6330
f 6330 6323 6325
f 6325 6326 6330
f 6330 6326 6329
f 6326 6328 6329
f 6329 6328 5231
f 4824 4685 5228
f 5228 4685 5008
f 5226 6343 5225
f 5225 6343 4103
f 4728 4727 6349
f 6349 4727 5284
f 6350 6351 5285
f 5285 6351 6354
f 4247 4246 6418
f 6418 4246 6365
f 6400 6402 6401
f 6401 6402 6459
f 4197 4196 6409
f 6409 4196 6426
f 6412 4897 6328
f 6328 4897 5231
f 6413 4133 6412
f 6412 4133 4897
f 6414 4134 6413
f 6413 4134 4133
f 6415 4225 6414
f 6414 4225 4134
f 6416 4252 6415
f 6415 4252 4225
f 6417 4253 6416
f 6416 4253 4252
f 4253 6417 6366
f 6366 6417 6419
f 6366 6419 4911
f 4911 6419 6421
f 6422 6423 4908
f 4908 6423 5298
f 5298 6423 6396
f 6396 6423 6424
f 6409 6426 6425
f 6425 6426 6397
f 5300 5299 6399
f 6399 5299 6400
f 6465 6408 6401
f 6401 6408 6398
f 6424 6399 6425
f 6425 6399 6398
f 6349 5284 5311
f 5311 5284 5283
f 6465 6464 5289
f 5289 6464 5352
f 6488 6483 6492
f 6492 6483 6482
f 6486 6491 6482
f 6482 6491 6492
f 6491 4895 6492
f 6492 4895 4157
f 6488 4160 6489
f 6489 4160 4087
f 6501 6502 4418
f 4418 6502 4417
f 6504 6500 6317
f 6317 6500 6314
f 3497 3496 6501
f 6501 3496 6502
f 3499 3498 6504
f 6504 3498 6500
f 4729 5274 4198
f 4198 5274 4195
f 6418 6365 6420
f 6420 6365 4977
f 5295 5348 6350
f 6350 5348 6351
f 5301 6422 6420
f 6420 6422 6421
f 4113 4112 4086
f 4086 4112 4083
f 6320 4112 6880
f 6880 4112 4111
f 4091 4772 4092
f 4092 4772 4775
f 4129 4140 4091
f 4091 4140 4772
f 4137 4140 4128
f 4128 4140 4129
f 4128 6324 4137
f 4137 6324 6321
f 6324 6487 6321
f 6321 6487 6485
f 6487 6486 6485
f 6485 6486 6482
f 4774 4773 4779
f 4779 4773 4776
f 4773 4139 4776
f 4776 4139 4114
f 4139 4138 4114
f 4114 4138 4111
f 4138 6322 4111
f 4111 6322 6880
f 6322 6484 6880
f 6880 6484 6481
f 6484 6483 6481
f 6481 6483 6478
f 6879 6343 6309
f 6309 6343 4428
f 4106 4105 4900
f 4900 4105 6307
f 3500 3167 6495
f 6495 3167 6496
f 3500 6495 3070
f 3070 6495 5368
f 3502 5235 3501
f 3501 5235 4813
f 3024 3503 6473
f 6473 3503 6474
f 3503 3023 6474
f 6474 3023 6374
f 3504 1770 4348
f 4348 1770 4345
f 3502 3505 5235
f 5235 3505 4810
f 3498 3497 6500
f 6500 3497 6501
f 3496 3075 6502
f 6502 3075 6275
f 6299 4254 3174
f 3174 4254 3017
f 1769 3501 4814
f 4814 3501 4813
f 3506 3018 6476
f 6476 3018 4257
f 3507 3499 6499
f 6499 3499 6504
f 3030 4216 3483
f 3483 4216 4215
f 3077 3507 6333
f 6333 3507 6499
f 1784 3160 5249
f 5249 3160 6523
f 3015 3506 4240
f 4240 3506 6476
f 3508 3504 6383
f 6383 3504 4348
f 3509 3016 6477
f 6477 3016 4239
f 3028 3509 6467
f 6467 3509 6477
f 3022 1785 5246
f 5246 1785 5247
f 3161 3508 6570
f 6570 3508 6383
f 3150 3149 4694
f 4694 3149 6566
f 1327 4807 3510
f 3510 4807 4811
f 3510 4811 3505
f 3505 4811 4810
f 3146 3511 4816
f 4816 3511 4350
f 3511 1808 4350
f 4350 1808 4351
f 3485 4327 3159
f 3159 4327 4330
f 1326 3512 4806
f 4806 3512 6310
f 3512 1331 6310
f 6310 1331 4688
