v 0.1615709 -0.2184256 1.5619259
v 0.1541724 -0.2239021 1.5475194
v 0.1636334 -0.2134679 1.5436934
v 0.1693465 -0.2049875 1.5548973
v 0.1584669 -0.2189975 1.5341559
v 0.1501227 -0.2275870 1.5362932
v 0.1677779 -0.2019359 1.5381404
v 0.1720477 -0.1919047 1.5463608
v 0.1640322 -0.1850021 1.5047785
v 0.1655167 -0.1742428 1.5014536
v 0.1682767 -0.1777890 1.5126285
v 0.1650230 -0.1874928 1.5134646
v 0.1576103 -0.1775918 1.4796128
v 0.1516459 -0.1860054 1.4700441
v 0.1502436 -0.1741447 1.4625387
v 0.1549761 -0.1653633 1.4719969
v 0.1263301 -0.2184822 1.4855331
v 0.1304690 -0.2154347 1.4782220
v 0.1353193 -0.2147000 1.4841979
v 0.1303366 -0.2175295 1.4908957
v 0.1200773 -0.2273787 1.4956781
v 0.1217672 -0.2245686 1.5013659
v 0.1187288 -0.2310813 1.5050193
v 0.1179191 -0.2346789 1.4983318
v 0.1200697 -0.2191853 1.4812270
v 0.1246694 -0.2155207 1.4735639
v 0.1228174 -0.2214600 1.4916205
v 0.1204340 -0.2235795 1.4874356
v 0.1181069 -0.2336673 1.4801641
v 0.1201590 -0.2325182 1.4848035
v 0.1181065 -0.2398998 1.4854630
v 0.1158657 -0.2388138 1.4804570
v 0.1192955 -0.2238857 1.4808081
v 0.1205736 -0.2268483 1.4831054
v 0.1179763 -0.2291624 1.4794324
v 0.1159611 -0.2260593 1.4780700
v 0.1188915 -0.2298085 1.4913719
v 0.1175458 -0.2374800 1.4924663
v 0.1154901 -0.2454257 1.4933807
v 0.1153596 -0.2474403 1.4846642
v 0.1372342 -0.2037715 1.4641829
v 0.1345371 -0.2104573 1.4711626
v 0.1287620 -0.2114896 1.4669302
v 0.1317250 -0.2063467 1.4612542
v 0.1162264 -0.2220265 1.4752662
v 0.1168296 -0.2183216 1.4593437
v 0.1179974 -0.2193155 1.4628147
v 0.1129758 -0.2246527 1.4641035
v 0.1125187 -0.2234682 1.4607432
v 0.1373646 -0.1911821 1.4508966
v 0.1327139 -0.1972451 1.4497856
v 0.1313012 -0.1931349 1.4433504
v 0.1349812 -0.1856233 1.4432262
v 0.1282891 -0.1914639 1.4376429
v 0.1317240 -0.1809384 1.4358093
v 0.1197991 -0.1798405 1.4232681
v 0.1256537 -0.1797760 1.4287513
v 0.1237767 -0.1918887 1.4323204
v 0.1181036 -0.1952184 1.4279190
v 0.1086378 -0.2079444 1.4337469
v 0.1034246 -0.2122107 1.4328592
v 0.1049191 -0.2061091 1.4202066
v 0.1114814 -0.2011390 1.4229101
v 0.1145987 -0.2132382 1.4540565
v 0.1178068 -0.2095279 1.4539937
v 0.1187741 -0.2119712 1.4549413
v 0.1155712 -0.2162952 1.4562458
v 0.1207905 -0.2068279 1.4533906
v 0.1221242 -0.2057342 1.4529230
v 0.1224415 -0.2072006 1.4540353
v 0.1209216 -0.2074313 1.4542357
v 0.1191453 -0.2084093 1.4540568
v 0.1179800 -0.2087318 1.4522645
v 0.1199154 -0.2073550 1.4526298
v 0.1149801 -0.2121877 1.4515854
v 0.1042492 -0.2228820 1.4503411
v 0.1075596 -0.2204035 1.4501232
v 0.1067587 -0.2207604 1.4548179
v 0.1040399 -0.2228062 1.4554431
v 0.1216534 -0.2094654 1.4562848
v 0.1242462 -0.2089585 1.4569952
v 0.1219352 -0.2137197 1.4596531
v 0.1200304 -0.2128332 1.4573691
v 0.1272467 -0.2084201 1.4585019
v 0.1246635 -0.2062108 1.4549998
v 0.1278544 -0.2048952 1.4554374
v 0.1213326 -0.2054955 1.4512895
v 0.1233638 -0.2032589 1.4493166
v 0.1245283 -0.2045173 1.4516936
v 0.1208420 -0.2033443 1.4465195
v 0.1189183 -0.2067325 1.4496874
v 0.1156701 -0.2098872 1.4481159
v 0.1116509 -0.2141488 1.4467738
v 0.1124088 -0.2096427 1.4421352
v 0.1170528 -0.2057559 1.4440025
v 0.1246394 -0.2131084 1.4633826
v 0.1281153 -0.2015107 1.4506588
v 0.1327225 -0.2015816 1.4563723
v 0.1269151 -0.1995691 1.4461362
v 0.1241056 -0.1987962 1.4419976
v 0.1199330 -0.2001936 1.4385528
v 0.1141085 -0.2037004 1.4360221
v 0.1027447 -0.1914934 1.4137290
v 0.1111013 -0.1863241 1.4176183
v 0.1458519 -0.2249277 1.5292433
v 0.1534167 -0.2197864 1.5279061
v 0.1516874 -0.2141152 1.5211121
v 0.1536961 -0.2138063 1.5227454
v 0.1496241 -0.2185603 1.5245891
v 0.1483522 -0.2175979 1.5221963
v 0.1605682 -0.1948832 1.5149388
v 0.1571453 -0.2007710 1.5164215
v 0.1563523 -0.1987219 1.5129352
v 0.1605733 -0.1928623 1.5084079
v 0.1488630 -0.2060071 1.5056306
v 0.1526746 -0.2020717 1.5066666
v 0.1510469 -0.2068168 1.5132807
v 0.1483656 -0.2097626 1.5124763
v 0.1451551 -0.2126726 1.5123682
v 0.1412457 -0.2148289 1.5127729
v 0.1401702 -0.2130459 1.5079228
v 0.1445108 -0.2099574 1.5064756
v 0.1438955 -0.2214993 1.5264670
v 0.1368391 -0.2231007 1.5267706
v 0.1375001 -0.2212889 1.5242005
v 0.1435066 -0.2205216 1.5235450
v 0.1253872 -0.2178739 1.5207404
v 0.1272044 -0.2189378 1.5227119
v 0.1243282 -0.2212988 1.5243172
v 0.1224851 -0.2199659 1.5203329
v 0.1240836 -0.2189479 1.5172564
v 0.1263209 -0.2177122 1.5189806
v 0.1570432 -0.2218912 1.5840502
v 0.1511438 -0.2300820 1.5669428
v 0.1685696 -0.2075821 1.5771585
v 0.1735553 -0.1928645 1.5676776
v 0.1763607 -0.1799377 1.5554889
v 0.1438514 -0.1831900 1.4552089
v 0.1418112 -0.1748420 1.4474410
v 0.1482085 -0.1625895 1.4561164
v 0.1425230 -0.1553396 1.4476818
v 0.1365614 -0.1685803 1.4387480
v 0.1183814 -0.1636781 1.4240677
v 0.1284134 -0.1645031 1.4303873
v 0.1335150 -0.1476265 1.4407071
v 0.1399406 -0.1343600 1.4552626
v 0.1477278 -0.1441704 1.4591943
v 0.1448942 -0.1248124 1.4722580
v 0.1309944 -0.1208897 1.4528817
v 0.1408434 -0.1159832 1.4735098
v 0.1066109 -0.1104510 1.4241250
v 0.1031252 -0.0986581 1.4186487
v 0.1092082 -0.0861939 1.4293896
v 0.1149529 -0.0971713 1.4340141
v 0.1521495 -0.1535871 1.4649386
v 0.1711859 -0.1716714 1.5239514
v 0.1685165 -0.1833740 1.5228195
v 0.1699076 -0.1651951 1.5118877
v 0.1831799 -0.1619980 1.5857620
v 0.1802451 -0.1796380 1.5780782
v 0.1831957 -0.1686722 1.5633328
v 0.1856771 -0.1537806 1.5719086
v 0.1646416 -0.1823046 1.6208507
v 0.1638186 -0.2047699 1.6041072
v 0.1719111 -0.1932427 1.5930155
v 0.1758683 -0.1744011 1.6058731
v 0.1855052 -0.1407508 1.5749096
v 0.1831202 -0.1229380 1.5794940
v 0.1805540 -0.1203415 1.5968961
v 0.1834104 -0.1426626 1.5937575
v 0.1722131 -0.1202573 1.6193539
v 0.1747604 -0.1469334 1.6158194
v 0.1319840 -0.1018691 1.4658724
v 0.1399361 -0.1049040 1.4812944
v 0.1214179 -0.1106849 1.4414079
v 0.1245513 -0.0956526 1.4534963
v 0.1563109 -0.1220905 1.6375564
v 0.1610585 -0.1533704 1.6343992
v 0.1584224 -0.0745028 1.5705009
v 0.1668138 -0.0848764 1.5849065
v 0.1723565 -0.0963392 1.5686772
v 0.1641434 -0.0851610 1.5571287
v 0.1472258 -0.0651068 1.5853400
v 0.1557803 -0.0768705 1.6026582
v 0.1333269 -0.0648156 1.5210466
v 0.1214438 -0.0718756 1.5075986
v 0.1126129 -0.0606683 1.5140153
v 0.1224206 -0.0528068 1.5286946
v 0.1632782 -0.2095112 1.5312777
v 0.1584705 -0.2133532 1.5254419
v 0.1606186 -0.2062647 1.5229628
v 0.1650639 -0.2007855 1.5270696
v 0.1689650 -0.1916615 1.5314801
v 0.1724744 -0.1812198 1.5359036
v 0.1798275 -0.1597157 1.5507072
v 0.1830821 -0.1467614 1.5595656
v 0.1813561 -0.1225170 1.5657803
v 0.1836872 -0.1362879 1.5625473
v 0.1717137 -0.1014847 1.5543193
v 0.1676336 -0.0935572 1.5467728
v 0.1386027 -0.0928740 1.4952497
v 0.1280290 -0.0884955 1.4779631
v 0.1176466 -0.0801538 1.4894419
v 0.1291904 -0.0814181 1.5026701
v 0.1015958 -0.0667541 1.5007123
v 0.1101249 -0.0737691 1.4958641
v 0.1113471 -0.0745959 1.4575215
v 0.1035219 -0.0640782 1.4527387
v 0.0954541 -0.0556668 1.4652253
v 0.1028170 -0.0658737 1.4676446
v 0.0843372 -0.0496798 1.4744459
v 0.0718281 -0.0481422 1.4815815
v 0.0811432 -0.0551625 1.4842682
v 0.0921474 -0.0597548 1.4784292
v 0.0863787 -0.1206537 1.4047583
v 0.0833310 -0.1105433 1.4018693
v 0.0919054 -0.1005051 1.4070065
v 0.0942047 -0.1104855 1.4109238
v 0.0972334 -0.0526599 1.4515611
v 0.0898036 -0.0450730 1.4659196
v 0.1413627 -0.0783780 1.5145798
v 0.1481019 -0.0884060 1.5112113
v 0.0779770 -0.0388233 1.4748918
v 0.1005446 -0.0677221 1.4842587
v 0.1105513 -0.0734444 1.4750304
v 0.0908416 -0.0615345 1.5054951
v 0.1006042 -0.0548775 1.5183900
v 0.1256493 -0.2199628 1.4968042
v 0.1310960 -0.2168518 1.5122808
v 0.1326367 -0.2173612 1.5158691
v 0.1291430 -0.2179414 1.5174556
v 0.1273574 -0.2180512 1.5145590
v 0.1315398 -0.2408160 1.5496276
v 0.1259405 -0.2376746 1.5337536
v 0.1393350 -0.2347850 1.5356602
v 0.1434541 -0.2341780 1.5491679
v 0.1520293 -0.1992064 1.4802825
v 0.1450618 -0.2089434 1.4860727
v 0.1406438 -0.2098284 1.4769414
v 0.1442851 -0.2018765 1.4700799
v 0.1548969 -0.2044570 1.5173980
v 0.1569033 -0.2045546 1.5188162
v 0.1547131 -0.2073477 1.5186509
v 0.1377171 -0.1978812 1.4580351
v 0.1443250 -0.1923675 1.4627491
v 0.1652538 -0.1612752 1.4982379
v 0.1650841 -0.1931243 1.5214760
v 0.1462685 -0.1922127 1.6337963
v 0.1466748 -0.2168879 1.6131587
v 0.1386580 -0.1266618 1.6527510
v 0.1436307 -0.1597862 1.6471498
v 0.1404308 -0.0705580 1.6179787
v 0.1308312 -0.0558775 1.6000890
v 0.1139315 -0.0538108 1.6086716
v 0.1204141 -0.0726549 1.6320657
v 0.1078066 -0.0497090 1.5352837
v 0.0617963 -0.0479224 1.4837308
v 0.0714695 -0.0543604 1.4886697
v 0.1434605 -0.2297064 1.5899536
v 0.1376607 -0.2384291 1.5686023
v 0.1754910 -0.1688329 1.5441523
v 0.1617305 -0.1862406 1.4950485
v 0.1597518 -0.1938915 1.5015713
v 0.1570640 -0.1972474 1.4969819
v 0.1584820 -0.1894660 1.4877379
v 0.1612207 -0.1747953 1.4887726
v 0.1593179 -0.1604054 1.4843162
v 0.1569174 -0.1439110 1.4809524
v 0.1506090 -0.1335919 1.4740882
v 0.1782492 -0.1075781 1.5787335
v 0.1741035 -0.0991068 1.5965148
v 0.1637657 -0.0949094 1.6149888
v 0.1485713 -0.0942048 1.6312104
v 0.1773231 -0.1096709 1.5666117
v 0.1295108 -0.0966854 1.6450111
v 0.1130730 -0.2251893 1.4687676
v 0.1193469 -0.2188813 1.4686652
v 0.1122749 -0.2265624 1.4731321
v 0.1075449 -0.2177823 1.4459292
v 0.1036509 -0.2203555 1.4457342
v 0.1028092 -0.2157953 1.4410607
v 0.1074750 -0.2131751 1.4412826
v 0.0997194 -0.1735772 1.4143243
v 0.1085778 -0.1675711 1.4184509
v 0.0897424 -0.1315905 1.4074882
v 0.0973617 -0.1218460 1.4146977
v 0.1139672 -0.2328558 1.4803061
v 0.1125264 -0.2336257 1.4808374
v 0.1117843 -0.2312713 1.4804781
v 0.1137623 -0.2305511 1.4801605
v 0.1199456 -0.2095498 1.4546299
v 0.1081912 -0.2268148 1.4609922
v 0.1052654 -0.2281545 1.4612189
v 0.1046508 -0.2257260 1.4583185
v 0.1076649 -0.2243578 1.4579842
v 0.1195698 -0.1403907 1.4330251
v 0.1118717 -0.1238555 1.4293929
v 0.1083041 -0.0751241 1.4388322
v 0.1161462 -0.0856466 1.4447031
v 0.1192838 -0.0828038 1.4654156
v 0.0919720 -0.0622433 1.4924539
v 0.0816309 -0.0584250 1.4957926
v 0.0613397 -0.0631137 1.5019964
v 0.0670250 -0.0617840 1.5134266
v 0.0788912 -0.0591413 1.5099124
v 0.0706072 -0.0596715 1.4998682
v 0.1057922 -0.1493897 1.4199124
v 0.0967402 -0.1566865 1.4145722
v 0.0935008 -0.1431869 1.4120527
v 0.1014447 -0.1346488 1.4188028
v 0.1084528 -0.2344194 1.4781403
v 0.1071927 -0.2360217 1.4769513
v 0.1069987 -0.2327128 1.4755163
v 0.1089347 -0.2320928 1.4774804
v 0.1138235 -0.2281784 1.4787058
v 0.1116048 -0.2285605 1.4780797
v 0.1117810 -0.2278184 1.4761464
v 0.1153325 -0.2331021 1.4795798
v 0.1152079 -0.2300695 1.4791374
v 0.1116502 -0.2389082 1.4800425
v 0.1139673 -0.2366614 1.4796581
v 0.1122492 -0.2434646 1.4786251
v 0.1098222 -0.2330438 1.4791354
v 0.1099613 -0.2310791 1.4783382
v 0.1129763 -0.2291572 1.4796448
v 0.1113150 -0.2296723 1.4794305
v 0.1115382 -0.2369369 1.4804954
v 0.1130705 -0.2351948 1.4802209
v 0.1155331 -0.2418483 1.5008195
v 0.1103855 -0.2458806 1.5020633
v 0.1094886 -0.2493877 1.4941740
v 0.1086532 -0.2517476 1.4852021
v 0.1066669 -0.2473635 1.4786595
v 0.0863185 -0.1485641 1.4085264
v 0.0825475 -0.1376819 1.4044971
v 0.1217778 -0.2430243 1.5710112
v 0.1182860 -0.2434384 1.5505214
v 0.1201375 -0.2074334 1.4538850
v 0.1372639 -0.2270449 1.5296784
v 0.1517298 -0.2034933 1.4946866
v 0.1327186 -0.2160337 1.4975582
v 0.1381688 -0.2133146 1.4920499
v 0.1394082 -0.2127762 1.5004817
v 0.1341447 -0.2150573 1.5041034
v 0.1278007 -0.2285989 1.5290675
v 0.1193704 -0.2344844 1.5250711
v 0.1215280 -0.2270088 1.5249501
v 0.1192399 -0.2250092 1.5190878
v 0.1175895 -0.2331660 1.5165690
v 0.1196239 -0.2268478 1.5104712
v 0.1209508 -0.2217714 1.5142842
v 0.1537231 -0.2106758 1.5200334
v 0.1562223 -0.2093004 1.5210182
v 0.1231113 -0.2217193 1.5062538
v 0.1275943 -0.2183667 1.5020256
v 0.1291314 -0.2169598 1.5073764
v 0.1246831 -0.2190276 1.5106334
v 0.1453386 -0.2091519 1.4967023
v 0.1609216 -0.2002105 1.5195918
v 0.1551397 -0.1994343 1.5094423
v 0.1543460 -0.0979174 1.5125831
v 0.1494295 -0.1016964 1.5007763
v 0.1559794 -0.1160659 1.4835066
v 0.1522862 -0.1172528 1.4796843
v 0.1476270 -0.1152797 1.4848670
v 0.1542023 -0.1128145 1.4871653
v 0.1744652 -0.1142860 1.5374720
v 0.1751335 -0.1130339 1.5458526
v 0.1767693 -0.1200316 1.5442126
v 0.1745431 -0.1168984 1.5373443
v 0.1755895 -0.1239474 1.5382101
v 0.1765597 -0.1275590 1.5404009
v 0.1741635 -0.1263976 1.5324838
v 0.1742071 -0.1229886 1.5335428
v 0.1804640 -0.1316956 1.5506001
v 0.1793166 -0.1410854 1.5455087
v 0.1745339 -0.1344245 1.5360873
v 0.1725261 -0.1566750 1.5270820
v 0.1690337 -0.1412392 1.5197635
v 0.1719734 -0.1384254 1.5292991
v 0.1752015 -0.1496202 1.5384997
v 0.1537875 -0.1233543 1.4841046
v 0.1561704 -0.1299600 1.4894239
v 0.1468651 -0.1083613 1.4912750
v 0.0929948 -0.0604357 1.6195013
v 0.1005130 -0.0773602 1.6435182
v 0.1505935 -0.0670192 1.5547371
v 0.1392208 -0.0577413 1.5660585
v 0.1578576 -0.0778715 1.5442704
v 0.1625138 -0.0884553 1.5359548
v 0.1243059 -0.0518572 1.5784920
v 0.1064732 -0.0465786 1.5859990
v 0.1689003 -0.1517645 1.5104453
v 0.1644293 -0.1391824 1.5096735
v 0.1425479 -0.0629536 1.5378669
v 0.1301890 -0.0558712 1.5473358
v 0.1508352 -0.0747806 1.5296793
v 0.1561923 -0.0865873 1.5241304
v 0.1157557 -0.0488276 1.5576820
v 0.0919487 -0.0507575 1.5429213
v 0.0958077 -0.0467951 1.5644821
v 0.1589578 -0.1184631 1.4945428
v 0.1570792 -0.1226579 1.4925242
v 0.1551969 -0.1192848 1.4874334
v 0.1594247 -0.1178453 1.4885228
v 0.1628944 -0.1469721 1.4973970
v 0.1603317 -0.1341507 1.4993064
v 0.1166499 -0.2382138 1.5082038
v 0.1118784 -0.2395053 1.5180682
v 0.1112608 -0.2426115 1.5100654
v 0.1132872 -0.2381091 1.5266295
v 0.1223021 -0.1698365 1.6538003
v 0.1261892 -0.2004319 1.6396488
v 0.1074172 -0.1047924 1.6564107
v 0.1159861 -0.1367898 1.6595905
v 0.0995348 -0.2151833 1.4331114
v 0.0981743 -0.2098857 1.4196274
v 0.1087069 -0.2287871 1.4688338
v 0.1057782 -0.2298666 1.4685749
v 0.1056194 -0.2291938 1.4646729
v 0.1086564 -0.2280464 1.4647086
v 0.1298253 -0.2227093 1.5264993
v 0.0844362 -0.0553076 1.5241672
v 0.0613362 -0.0564570 1.4910970
v 0.0516280 -0.0510262 1.4857807
v 0.0643619 -0.0367315 1.4805873
v 0.0526142 -0.0379968 1.4833383
v 0.1060615 -0.2309992 1.4722378
v 0.1086412 -0.2296858 1.4725588
v 0.1103712 -0.2354633 1.4804436
v 0.1115127 -0.2211290 1.4572257
v 0.1088740 -0.2303268 1.4754048
v 0.1099217 -0.2305135 1.4773014
v 0.1049027 -0.2336155 1.4749487
v 0.1044189 -0.2312827 1.4721472
v 0.1356716 -0.2154290 1.5098147
v 0.1367393 -0.2163525 1.5139654
v 0.1086305 -0.2398606 1.4773810
v 0.1091636 -0.2375304 1.4790032
v 0.1052655 -0.2407999 1.4767639
v 0.0996783 -0.0879077 1.4144352
v 0.1030930 -0.0751006 1.4253954
v 0.1032185 -0.2286553 1.4614770
v 0.1024571 -0.2264123 1.4584105
v 0.1272563 -0.2253520 1.6183377
v 0.0716243 -0.0509618 1.5431565
v 0.0769799 -0.0468258 1.5637015
v 0.1669732 -0.1314085 1.5160443
v 0.1665392 -0.1250399 1.5136722
v 0.1694042 -0.1247549 1.5206087
v 0.1700377 -0.1314244 1.5233756
v 0.0791149 -0.1276057 1.4015287
v 0.1018785 -0.0628189 1.4379805
v 0.0414170 -0.0430942 1.4839969
v 0.1542260 -0.2036667 1.5159523
v 0.1528133 -0.2045557 1.5145116
v 0.1316107 -0.2204962 1.5239210
v 0.0820381 -0.0487686 1.5907638
v 0.1113930 -0.2168126 1.4505885
v 0.1108189 -0.2177369 1.4546326
v 0.0525148 -0.0615224 1.4926093
v 0.0893642 -0.1621348 1.4111903
v 0.1056720 -0.2370230 1.4762070
v 0.0703792 -0.0585983 1.5274966
v 0.1724109 -0.1182268 1.5285459
v 0.1740330 -0.1205441 1.5257334
v 0.1726501 -0.1195325 1.5226882
v 0.1710848 -0.1186768 1.5240659
v 0.1763726 -0.1258001 1.5272299
v 0.1762215 -0.1223640 1.5243953
v 0.1783454 -0.1218446 1.5271340
v 0.1784669 -0.1245733 1.5304650
v 0.1731308 -0.1294809 1.5285761
v 0.1737366 -0.1257971 1.5236868
v 0.1798893 -0.1204430 1.5294564
v 0.1809331 -0.1225343 1.5316405
v 0.1785841 -0.1224815 1.5340080
v 0.1746315 -0.1198701 1.5358972
v 0.1830953 -0.1188750 1.5331306
v 0.1799751 -0.1185070 1.5362878
v 0.1852457 -0.1136630 1.5336932
v 0.1806875 -0.1133398 1.5372974
v 0.1849070 -0.1070240 1.5326744
v 0.1796942 -0.1070133 1.5357655
v 0.1600366 -0.1254635 1.4986807
v 0.1598643 -0.1189808 1.5007582
v 0.1839872 -0.1022416 1.5281482
v 0.1773047 -0.1021154 1.5307993
v 0.1815048 -0.0986295 1.5224047
v 0.1755109 -0.0989437 1.5240804
v 0.1783884 -0.0970811 1.5160638
v 0.1735522 -0.0963108 1.5170389
v 0.1752591 -0.0966749 1.5089780
v 0.1699716 -0.0957143 1.5090130
v 0.1720027 -0.0986284 1.5016328
v 0.1660341 -0.0974147 1.5000959
v 0.1809391 -0.1125879 1.5328770
v 0.1810269 -0.1078652 1.5308163
v 0.1714122 -0.1118750 1.5351244
v 0.1805102 -0.1174439 1.5321348
v 0.1692165 -0.1122401 1.5204972
v 0.1676375 -0.1126844 1.5241384
v 0.1676048 -0.1125896 1.5224209
v 0.1665450 -0.1101085 1.5218551
v 0.1635622 -0.1228673 1.5066422
v 0.1648741 -0.1188802 1.5073851
v 0.1668274 -0.1209494 1.5121580
v 0.1622540 -0.1172283 1.5037818
v 0.1617482 -0.1169317 1.5055997
v 0.1624611 -0.1184879 1.5090304
v 0.1631495 -0.1198576 1.5137655
v 0.1615322 -0.1144244 1.5049027
v 0.1621680 -0.1138276 1.5029808
v 0.1607145 -0.1147679 1.5067929
v 0.1606099 -0.1162640 1.5072229
v 0.1603375 -0.1164615 1.5100205
v 0.1618302 -0.1150965 1.5138720
v 0.1630955 -0.1294351 1.5074768
v 0.1606893 -0.1040679 1.5124249
v 0.1570305 -0.1056243 1.5032235
v 0.1681371 -0.1028018 1.4958154
v 0.1635959 -0.1009731 1.4903427
v 0.1626811 -0.1139819 1.4847225
v 0.1636271 -0.1068101 1.4834228
v 0.1687482 -0.1085282 1.5309107
v 0.1668462 -0.1043324 1.5254224
v 0.1551852 -0.1091732 1.4946338
v 0.1648571 -0.1016990 1.5194326
v 0.1705385 -0.1013896 1.5055100
v 0.1670707 -0.1045079 1.5019436
v 0.1739131 -0.0996710 1.5108703
v 0.1620770 -0.1137839 1.4990739
v 0.1627659 -0.1134664 1.4925942
v 0.1657496 -0.1079348 1.4927356
v 0.1638696 -0.1087695 1.4997203
v 0.1704153 -0.1049431 1.5077940
v 0.1663405 -0.1070058 1.5056665
v 0.1680216 -0.1065923 1.5110208
v 0.1645549 -0.1087775 1.5093211
v 0.1623922 -0.1113881 1.5067469
v 0.1632885 -0.1101403 1.5038407
v 0.1616332 -0.1102644 1.5125458
v 0.1654353 -0.1088404 1.5154077
v 0.1608141 -0.1129809 1.5089158
v 0.1715707 -0.1064631 1.5135881
v 0.1746318 -0.1063506 1.5169866
v 0.1732595 -0.1099809 1.5192702
v 0.1693726 -0.1092178 1.5171851
v 0.1765517 -0.0997944 1.5166742
v 0.1766210 -0.1030238 1.5159090
v 0.1734526 -0.1034556 1.5116156
v 0.1787973 -0.1037708 1.5212598
v 0.1784456 -0.1013819 1.5224689
v 0.1768405 -0.1062900 1.5211166
v 0.1755874 -0.1087798 1.5217890
v 0.1800860 -0.1092509 1.5287022
v 0.1798280 -0.1061044 1.5255308
v 0.1805625 -0.1042465 1.5273519
v 0.1785674 -0.1080175 1.5240675
v 0.1785503 -0.1102425 1.5266307
v 0.1763357 -0.1107040 1.5251134
v 0.1769195 -0.1090090 1.5238814
v 0.1775779 -0.1192879 1.5298509
v 0.1759258 -0.1205526 1.5281871
v 0.1786144 -0.1165112 1.5306808
v 0.1763329 -0.1175393 1.5319407
v 0.1762365 -0.1158477 1.5294820
v 0.1746278 -0.1179348 1.5311872
v 0.1744872 -0.1158635 1.5277351
v 0.1720074 -0.1160216 1.5250389
v 0.0802517 -0.0924342 1.3918175
v 0.0814634 -0.1008062 1.3974718
v 0.0736801 -0.1081345 1.3947801
v 0.0714083 -0.0995923 1.3902931
v 0.1755731 -0.1132862 1.5262808
v 0.1774621 -0.1129755 1.5283186
v 0.1793664 -0.1127275 1.5304609
v 0.1720459 -0.1129246 1.5223013
v 0.1733949 -0.1114252 1.5215176
v 0.1746530 -0.1111111 1.5231242
v 0.1734901 -0.1133564 1.5241435
v 0.1676497 -0.1211987 1.5164863
v 0.1656414 -0.1178366 1.5161521
v 0.1650614 -0.1134082 1.5158717
v 0.0951561 -0.0516389 1.3969699
v 0.1025561 -0.0362095 1.4107027
v 0.0987756 -0.0446377 1.4158880
v 0.0931203 -0.0587699 1.4030532
v 0.1069450 -0.0499082 1.3731101
v 0.1083870 -0.0497612 1.3527933
v 0.1211742 -0.0358943 1.3617905
v 0.1193487 -0.0263783 1.3887978
v 0.1214038 -0.0402006 1.3383334
v 0.1084561 -0.0499331 1.3313280
v 0.1201279 -0.0415568 1.2789646
v 0.1201563 -0.0412604 1.2964377
v 0.1089781 -0.0507802 1.2919764
v 0.1096493 -0.0518066 1.2748799
v 0.1383030 -0.0149092 1.2227489
v 0.1327744 -0.0263158 1.2215028
v 0.1260349 -0.0255660 1.2084569
v 0.1311949 -0.0116741 1.2092885
v 0.1603255 0.0006858 1.3191774
v 0.1621237 0.0098966 1.3123148
v 0.1683103 0.0067666 1.3281400
v 0.1655231 -0.0004591 1.3361631
v 0.1203802 0.0095231 1.4404579
v 0.1126208 0.0005010 1.4438881
v 0.1119186 -0.0128127 1.4220282
v 0.1217744 -0.0052404 1.4175721
v 0.1397660 0.0376064 1.2472386
v 0.1439616 0.0237619 1.2486609
v 0.1433408 0.0234100 1.2387184
v 0.1396250 0.0355464 1.2366268
v 0.1136840 0.0503022 1.1727715
v 0.1155208 0.0293963 1.1684266
v 0.1187745 0.0321357 1.1518882
v 0.1160763 0.0542926 1.1554995
v 0.0922301 0.1149322 1.2078538
v 0.0900071 0.1192948 1.1907196
v 0.0723038 0.1386430 1.1961524
v 0.0750962 0.1348234 1.2136894
v 0.1372764 -0.0222784 1.2851991
v 0.1396103 -0.0233569 1.3035693
v 0.1302688 -0.0319387 1.3002984
v 0.1293545 -0.0318115 1.2824912
v 0.2202028 -0.0060574 1.2224347
v 0.2116514 -0.0011094 1.2461030
v 0.1964610 -0.0047734 1.2395255
v 0.2051160 -0.0091151 1.2158636
v 0.1063612 0.1196259 1.0967761
v 0.1106590 0.1183833 1.0755839
v 0.0913139 0.1384909 1.0795993
v 0.0870306 0.1384073 1.1007853
v 0.2000945 0.0268239 1.3514635
v 0.2076255 0.0452653 1.3604589
v 0.2027964 0.0462927 1.3748532
v 0.1970647 0.0269250 1.3632909
v 0.1523130 0.0164108 1.2858396
v 0.1567729 0.0135040 1.2984807
v 0.1566571 0.0023405 1.3037519
v 0.1521536 0.0049293 1.2887991
v 0.0875751 0.1315383 1.2483901
v 0.0952120 0.1265445 1.2653847
v 0.1061269 0.1114862 1.2583700
v 0.1013369 0.1150881 1.2412122
v 0.0966201 0.1159870 1.2245318
v 0.0808278 0.1336222 1.2311163
v 0.1484484 -0.0039583 1.2883408
v 0.1528940 -0.0064030 1.3067557
v 0.1471026 -0.0144199 1.3055687
v 0.1433010 -0.0127071 1.2870310
v 0.1162691 -0.0240684 1.1976280
v 0.1224631 -0.0066389 1.1984490
v 0.1260845 0.0938614 1.0706854
v 0.1215106 0.0962641 1.0919719
v 0.1302274 0.0711918 1.0864401
v 0.1349569 0.0683111 1.0651069
v 0.1106365 0.0062920 1.1797675
v 0.1133215 0.0246089 1.1830157
v 0.1187357 0.0159765 1.1928517
v 0.1147094 -0.0004507 1.1900109
v 0.1395729 0.0422450 1.0608716
v 0.1344651 0.0460002 1.0816509
v 0.1367198 0.0211050 1.0780187
v 0.1426066 0.0168563 1.0556395
v 0.1208343 -0.0406525 1.3163381
v 0.1088397 -0.0502170 1.3111006
v 0.1431069 0.0067663 1.2287748
v 0.1419678 -0.0036329 1.2255775
v 0.1356824 0.0011133 1.2122402
v 0.1380615 0.0123495 1.2168450
v 0.1499053 0.0416787 1.2964196
v 0.1551951 0.0384838 1.3059755
v 0.1661643 0.0186959 1.3177106
v 0.1595164 0.0234112 1.3036441
v 0.0946407 0.1395564 1.0579897
v 0.1152523 0.1181963 1.0545723
v 0.1425028 0.0414664 1.0388671
v 0.1450425 0.0161488 1.0332835
v 0.1308314 0.0809256 1.3096156
v 0.1361660 0.0703967 1.3107100
v 0.1324671 0.0784037 1.3093890
v 0.1286918 0.0883705 1.3099383
v 0.1070409 -0.0543984 1.2153269
v 0.1106202 -0.0414646 1.2024182
v 0.1213342 -0.0383302 1.2124470
v 0.1177698 -0.0471662 1.2221431
v 0.1293906 0.0208799 1.2065870
v 0.1266800 0.0079359 1.2015031
v 0.1210087 0.0314238 1.1976402
v 0.0933519 -0.0596972 1.2092687
v 0.0963691 -0.0424866 1.1920972
v 0.0962476 -0.0605887 1.3056096
v 0.0972797 -0.0615788 1.2878567
v 0.0958571 -0.0607771 1.3248488
v 0.0949332 -0.0623013 1.3438618
v 0.0824389 -0.0739438 1.3375058
v 0.0830640 -0.0721924 1.3187309
v 0.0935569 -0.0646834 1.3617708
v 0.0812525 -0.0764074 1.3544417
v 0.0861164 -0.0668941 1.3866793
v 0.0854850 -0.0728848 1.3935291
v 0.1531812 0.0274504 1.2920107
v 0.1482519 0.0308215 1.2812079
v 0.1377941 0.0675519 1.0440473
v 0.0638474 0.1074385 1.4174962
v 0.0847082 0.1102178 1.4124746
v 0.0734975 0.1155973 1.4005001
v 0.0532035 0.1136331 1.4045935
v 0.1340185 0.0023522 1.4170510
v 0.1291015 0.0178607 1.4394243
v 0.1086597 0.1225027 1.3302971
v 0.1079267 0.1208502 1.3253281
v 0.0990838 0.1261657 1.3295298
v 0.0994186 0.1268123 1.3357181
v 0.1240558 0.0982140 1.3087380
v 0.1233403 0.1034092 1.3092275
v 0.1272301 0.0985810 1.2955871
v 0.1269926 0.0938663 1.2951193
v 0.0686959 0.1520297 1.0831114
v 0.0637660 0.1512412 1.1039552
v 0.0191325 0.1611518 1.2464435
v 0.0336215 0.1583714 1.2681924
v 0.0485358 0.1550398 1.2529294
v 0.0377903 0.1579232 1.2323918
v -0.0369129 0.0453866 1.4055029
v -0.0204238 0.0611385 1.4107821
v -0.0273309 0.0689421 1.3988025
v -0.0437855 0.0527638 1.3934705
v 0.0279177 0.0857032 1.4323581
v 0.0054075 0.0714207 1.4282767
v 0.0123143 0.0632787 1.4383801
v 0.0361247 0.0771157 1.4432434
v 0.0411596 0.1012810 1.4199366
v 0.0318485 0.1087802 1.4067741
v 0.0738158 0.1427738 1.2588466
v 0.0840059 0.1374867 1.2748845
v 0.1004093 0.1258331 1.2953239
v 0.1069565 0.1199912 1.3016296
v 0.1135057 0.1100919 1.2952940
v 0.1084632 0.1157794 1.2879001
v 0.1058316 -0.0086892 1.4488611
v 0.1048609 0.0142588 1.4615412
v 0.0961886 0.0034509 1.4667253
v 0.0363839 0.0204064 1.4681584
v 0.0493782 0.0220719 1.4697786
v 0.0487271 0.0318291 1.4668605
v 0.0322511 0.0271100 1.4649132
v -0.0587886 0.1081017 1.3292827
v -0.0650667 0.1174493 1.2988730
v -0.0812628 0.0981612 1.3003309
v -0.0748147 0.0896017 1.3289931
v 0.1075191 0.1202767 1.3119994
v 0.1033818 0.1235688 1.3172656
v 0.1101508 0.1161970 1.3165390
v 0.1130111 0.1124332 1.3120035
v 0.0964428 0.1306582 1.3157248
v 0.1012781 0.1264906 1.3084846
v 0.0936712 0.1325448 1.3031476
v 0.0877245 0.1364225 1.3117991
v 0.0488557 0.1530247 1.2843595
v 0.0645684 0.1474305 1.2970247
v 0.0740563 0.1435579 1.2857816
v 0.0609381 0.1497886 1.2710808
v -0.0843562 0.1066554 1.2023194
v -0.0872212 0.1073382 1.2338253
v -0.0728688 0.1244874 1.2320715
v -0.0720004 0.1243160 1.2001523
v 0.1477268 0.0465002 1.3076026
v 0.1471885 0.0408847 1.2953075
v 0.1531925 0.0263823 1.3007832
v 0.1537023 0.0313042 1.3098256
v 0.1405532 0.1069659 1.2947602
v 0.1450103 0.1089872 1.2983939
v 0.1523548 0.1061469 1.2880256
v 0.1475174 0.1048126 1.2849263
v 0.1422405 0.0459732 1.2700763
v 0.1441695 0.0400664 1.2485465
v 0.1502810 0.0272338 1.2575524
v 0.1475577 0.0340336 1.2782333
v 0.1279218 0.0468251 1.4511749
v 0.1198552 0.0363290 1.4545272
v 0.1382159 0.0264847 1.4379659
v 0.1316533 0.0724561 1.2807055
v 0.1291130 0.0817808 1.2791310
v 0.1321981 0.0784659 1.2596525
v 0.1326030 0.0680216 1.2606982
v 0.2349005 0.0040004 1.2262236
v 0.2258293 0.0097111 1.2494675
v 0.1460939 0.0471415 1.2205251
v 0.1387961 0.0514624 1.2422219
v 0.1371797 0.0635679 1.2387547
v 0.1469468 0.0601416 1.2165193
v 0.0303453 0.1590911 1.2109677
v 0.0090690 0.1616457 1.2224497
v 0.0210641 0.1599452 1.0876843
v 0.0157423 0.1586992 1.1094538
v 0.0392634 0.1579489 1.1074424
v 0.0446379 0.1592082 1.0860256
v 0.0717817 0.1534705 1.0617904
v 0.0244889 0.1613838 1.0647628
v 0.0479768 0.1607551 1.0637175
v 0.0868497 -0.0192887 1.4688948
v 0.0902692 -0.0074947 1.4688882
v 0.0721413 -0.0013669 1.4756663
v 0.0717921 -0.0135843 1.4769401
v 0.0842176 0.1659078 0.9393879
v 0.1105317 0.1468773 0.9399723
v 0.1127255 0.1452250 0.9103501
v 0.0827853 0.1650103 0.9085843
v 0.0317851 -0.0047765 1.4761457
v 0.0373872 -0.0162874 1.4797787
v 0.0543785 -0.0136804 1.4798910
v 0.0520369 -0.0013646 1.4767764
v 0.0834547 0.1649670 0.9667594
v 0.1074174 0.1472655 0.9647413
v 0.0959011 -0.0300234 1.4518370
v 0.1001738 -0.0186099 1.4516716
v 0.0983715 -0.0406096 1.4343289
v 0.1010954 -0.0304624 1.4321200
v 0.0972644 -0.0538622 1.4197935
v 0.1313474 0.1242581 0.9357551
v 0.1370093 0.1228557 0.9081687
v 0.0734999 -0.0263259 1.4765189
v 0.0583271 -0.0257070 1.4802972
v 0.0441671 -0.0274960 1.4821041
v 0.0318558 -0.0333917 1.4831898
v 0.0194622 -0.0419904 1.4831296
v 0.0298350 -0.0488239 1.4842984
v 0.0980966 0.1396576 1.0382906
v 0.0746565 0.1553871 1.0406387
v 0.0055438 0.1529385 0.7960501
v 0.0204752 0.1418424 0.7783748
v -0.0101828 0.1250901 0.7781985
v -0.0214071 0.1384127 0.7949439
v -0.0725599 0.0896990 0.8034291
v -0.0478626 0.1168490 0.7969560
v -0.0362650 0.1012388 0.7840371
v -0.0610045 0.0727433 0.7919045
v -0.0895150 0.1309625 0.9326444
v -0.0845282 0.1300388 0.9558001
v -0.0645335 0.1512898 0.9550638
v -0.0699466 0.1534603 0.9323626
v 0.0502796 0.1630241 1.0425929
v 0.0266124 0.1637630 1.0429125
v 0.1168233 0.1176216 1.0349504
v 0.1622964 0.0868645 0.7767217
v 0.1607028 0.0823310 0.7455936
v 0.1330666 0.1116878 0.7418508
v 0.1364040 0.1186319 0.7739209
v 0.0655147 0.1313441 0.7358340
v 0.0312762 0.1203768 0.7355803
v 0.0273438 0.1303323 0.7577364
v 0.0623701 0.1415162 0.7623661
v 0.1445883 -0.0084803 1.0280354
v 0.1415111 -0.0083289 1.0057136
v 0.1430635 0.0159470 1.0119390
v 0.1200401 -0.0704170 1.0138949
v 0.1157934 -0.0697495 0.9927399
v 0.1271984 -0.0515659 0.9960994
v 0.1325765 -0.0518423 1.0181891
v 0.1074518 -0.0644898 0.8976178
v 0.1121150 -0.0595730 0.9189839
v 0.1016922 -0.0720151 0.9191724
v 0.0988969 -0.0731543 0.8998498
v 0.1465254 0.0983957 0.9308473
v 0.1399724 0.0985601 0.9540021
v 0.1460971 0.0682503 0.9477226
v 0.1530830 0.0645957 0.9252607
v -0.0284386 0.0852140 0.7738580
v -0.0473545 0.0551064 0.7856163
v 0.1763013 0.0493822 0.7845681
v 0.1767520 0.0458309 0.7513013
v 0.1758886 0.0088526 0.7577267
v 0.1737045 0.0142029 0.7907625
v 0.1570327 -0.0153593 0.7931662
v 0.1585377 -0.0215019 0.7620011
v 0.0707391 -0.0590945 0.8101929
v 0.0633133 -0.0526362 0.8066665
v 0.0911078 -0.0536663 0.8241172
v 0.0968432 -0.0630241 0.8343895
v -0.0895337 0.1133077 0.8407497
v -0.0680330 0.1375457 0.8360774
v -0.0597919 0.1293037 0.8143126
v -0.0829394 0.1040498 0.8216962
v 0.0045607 0.1593666 1.0422062
v 0.0028144 0.1562296 1.0648517
v -0.0164449 0.1477701 1.0652820
v -0.0196068 0.1461978 1.0896514
v -0.0002565 0.1553073 1.0890747
v -0.0309300 0.1507068 1.2479411
v -0.0186071 0.1516177 1.2757497
v 0.0002855 0.1594895 1.2593103
v -0.0109557 0.1590440 1.2350890
v -0.0018652 0.0784561 1.4167216
v -0.0096924 0.0857274 1.4040890
v -0.0005972 0.1005145 0.7416555
v 0.0090492 0.0959940 0.7154313
v -0.0107871 0.0669396 0.7232896
v -0.0244985 0.0629007 0.7570961
v 0.0674622 0.1220247 0.7085697
v 0.1002885 0.1291593 0.7394359
v 0.0990284 0.1203898 0.7097739
v 0.1604112 0.0739942 0.7142341
v 0.1319836 0.1027241 0.7115345
v 0.1766638 0.0012455 0.7247069
v 0.1585997 -0.0276904 0.7294494
v 0.0689101 -0.0501567 0.7590226
v 0.0653989 -0.0483737 0.7333721
v 0.0966931 -0.0499195 0.7334356
v 0.0987824 -0.0491426 0.7610467
v 0.1302934 -0.0336551 0.8856309
v 0.1323294 -0.0263086 0.8665373
v 0.1459374 0.0003576 0.8833068
v 0.1432470 0.0021994 0.9044289
v 0.1334854 -0.0509844 1.0437092
v 0.1240014 -0.0672816 1.0383868
v 0.1429595 -0.0076646 1.0518460
v 0.1401357 -0.0311974 1.0481558
v 0.1409601 -0.0322029 1.0231431
v 0.1143910 -0.0399823 1.1295546
v 0.1186767 -0.0435390 1.1123728
v 0.1258546 -0.0204521 1.1136267
v 0.1219359 -0.0166244 1.1305721
v 0.1159049 -0.0135754 1.1468294
v 0.1078447 -0.0361280 1.1456911
v 0.0934378 -0.0327012 1.1779732
v 0.1041981 -0.0128940 1.1779156
v 0.1072303 -0.0199326 1.1885182
v 0.0832463 -0.0711870 1.3001377
v 0.0842122 -0.0712710 1.2831621
v 0.1547659 0.0915620 0.9032434
v -0.0212371 0.0229496 0.7582180
v -0.0151183 0.0309823 0.7287571
v -0.0038232 0.0010357 0.7310917
v -0.0039182 -0.0043694 0.7571007
v 0.1259950 0.1251436 0.9590801
v 0.1294034 0.0932112 1.0495778
v 0.1303349 0.0931224 1.0300072
v 0.1081412 0.0865962 1.2040807
v 0.1028031 0.0957756 1.1856487
v 0.1276091 -0.0348284 1.2200457
v 0.1265469 -0.0385210 1.2276786
v 0.1004820 0.1392485 0.7693229
v 0.1752345 -0.0059489 0.6932691
v 0.1566684 -0.0329061 0.6973186
v 0.1539085 -0.0380681 0.6664403
v 0.1729352 -0.0125227 0.6628754
v 0.0380933 -0.0353019 0.7041515
v 0.0395061 -0.0319604 0.6735141
v 0.0629863 -0.0445997 0.6754820
v 0.0636821 -0.0461386 0.7052072
v 0.0426353 -0.0310979 0.6429520
v 0.0441646 -0.0307092 0.6132830
v 0.0652025 -0.0453141 0.6133044
v 0.0652751 -0.0452456 0.6441552
v 0.1767351 0.0385028 0.7189958
v 0.1612944 0.0530401 0.6561727
v 0.1610562 0.0626485 0.6851373
v 0.1757332 0.0293173 0.6883049
v 0.1751413 0.0211517 0.6582854
v 0.0357850 0.1134535 0.7103490
v 0.0419235 -0.0430202 0.7573464
v 0.0393974 -0.0390381 0.7325650
v 0.0077382 0.0076772 0.6682332
v 0.0006151 0.0049413 0.7003358
v -0.0075461 0.0345691 0.6962645
v 0.0022237 0.0360689 0.6645612
v 0.0782590 0.1047183 0.6556368
v 0.0719241 0.1129706 0.6824435
v 0.1036062 0.1082846 0.6830186
v 0.1085242 0.0983760 0.6562835
v 0.1346452 0.0900460 0.6838323
v 0.1372778 0.0793977 0.6557916
v 0.1618692 0.0335509 0.5994314
v 0.1610842 0.0432687 0.6274359
v 0.1734543 0.0120287 0.6289078
v 0.1713367 0.0033297 0.6002707
v 0.1411532 0.0594739 0.6009720
v 0.1389168 0.0692960 0.6285399
v 0.1165271 0.0774271 0.6036498
v 0.1129566 0.0877097 0.6298559
v 0.0904497 0.0840959 0.6052996
v 0.0848317 0.0943909 0.6304953
v 0.0663383 0.0823971 0.6067411
v 0.0584009 0.0909046 0.6309873
v 0.0350317 0.0787450 0.6322924
v 0.0449844 0.0716841 0.6079113
v 0.0294908 0.0542282 0.6091190
v 0.0191692 0.0587540 0.6349899
v 0.0208096 0.0092046 0.6112942
v 0.0153744 0.0089041 0.6389609
v 0.0116778 0.0343810 0.6369974
v 0.0202698 0.0322786 0.6103012
v 0.0360634 0.0162889 0.5106203
v 0.0299702 0.0131910 0.5356965
v 0.0399331 0.0304668 0.5382302
v 0.0464518 0.0312054 0.5143145
v 0.0569506 0.0454152 0.5178960
v 0.0526926 0.0441901 0.5403917
v 0.0662607 0.0555489 0.5418894
v 0.0707432 0.0569971 0.5195429
v 0.1038733 0.0604066 0.5374104
v 0.1070496 0.0617500 0.5144245
v 0.0872053 0.0630244 0.5187924
v 0.0836078 0.0619705 0.5409958
v 0.1264864 0.0553312 0.5321203
v 0.1286608 0.0552744 0.5084843
v 0.1467388 0.0386359 0.5254777
v 0.1446846 0.0358534 0.4997341
v 0.1582912 0.0110081 0.5181638
v 0.1551958 0.0095454 0.4920513
v 0.0551493 -0.0401316 0.5261326
v 0.0381436 -0.0260136 0.5301970
v 0.0378701 -0.0188387 0.5039432
v 0.0521043 -0.0340704 0.4993966
v 0.1034066 -0.0550734 0.5178418
v 0.0960428 -0.0458384 0.4895503
v 0.1236049 -0.0507902 0.4885477
v 0.1332324 -0.0583190 0.5159554
v 0.1625669 0.0244454 0.5717661
v 0.1428878 0.0501810 0.5753505
v 0.1198142 0.0677507 0.5792522
v 0.0953697 0.0736304 0.5823264
v 0.0240434 0.0098913 0.5854946
v 0.0272463 0.0319357 0.5854042
v 0.0632404 -0.0451674 0.5828572
v 0.0439284 -0.0307959 0.5845270
v 0.1619127 -0.0420971 0.5428493
v 0.1683634 -0.0141781 0.5425810
v 0.1697490 -0.0058505 0.5712770
v 0.1628641 -0.0342568 0.5730267
v 0.1452238 0.0432125 0.5504512
v 0.1230626 0.0595912 0.5557244
v 0.1002873 0.0647846 0.5596393
v 0.0610225 0.0594943 0.5627898
v 0.0794749 0.0660178 0.5623190
v 0.0463650 0.0473529 0.5621742
v 0.0271436 0.0115620 0.5602179
v 0.0327866 0.0320015 0.5617474
v 0.0596572 -0.0431558 0.5537161
v 0.0413370 -0.0292145 0.5567920
v 0.1498422 -0.0395225 0.4872075
v 0.1610736 -0.0158370 0.4874877
v 0.1661284 -0.0172509 0.5138646
v 0.1589425 -0.0446845 0.5129967
v 0.1378449 -0.0295785 0.4636932
v 0.1164455 -0.0378973 0.4649009
v 0.0727601 0.0626464 0.4990938
v 0.0581830 0.0516262 0.4978582
v 0.0889422 0.0689876 0.4964133
v 0.1434884 0.0357351 0.4730125
v 0.1292179 0.0583637 0.4837458
v 0.1504864 0.0096286 0.4646965
v 0.1507148 -0.0133137 0.4640818
v 0.0396495 0.0004636 0.4559098
v 0.0512333 -0.0130531 0.4496849
v 0.0532067 -0.0241247 0.4762620
v 0.0414594 -0.0101248 0.4804904
v 0.0343694 0.0328457 0.4677388
v 0.0417644 0.0207321 0.4888823
v 0.0485399 0.0364832 0.4936301
v 0.0395935 0.0507498 0.4735330
v 0.0681359 0.0769031 0.4764848
v 0.0515926 0.0661688 0.4768298
v 0.0873476 0.0826658 0.4744455
v 0.1266920 0.0634423 0.4564006
v 0.1091907 0.0797086 0.4671308
v 0.1095602 0.0687710 0.4926480
v 0.1414155 0.0388558 0.4445549
v 0.1312394 0.0192204 0.4052874
v 0.1370885 0.0463029 0.4142763
v 0.1389006 0.0092203 0.4347651
v 0.0788983 0.0344817 0.3137886
v 0.0665975 0.0463252 0.2823549
v 0.0831802 0.0598286 0.2842467
v 0.0979395 0.0500588 0.3151369
v 0.0293992 0.0106260 0.4300302
v 0.0438706 -0.0032165 0.4233759
v 0.0295118 0.0653943 0.4497186
v 0.0229435 0.0462002 0.4436056
v 0.1171496 0.0856124 0.3989622
v 0.0991974 0.1033865 0.4106263
v 0.1063710 0.0912817 0.4395214
v 0.1243981 0.0735992 0.4280699
v 0.0111842 0.0270469 0.3346631
v 0.0200872 0.0155464 0.3649835
v 0.0057454 0.0313608 0.3730179
v -0.0022689 0.0417336 0.3420427
v 0.0179288 0.0769321 0.4219513
v 0.0080480 0.0873157 0.3917049
v 0.0003202 0.0678759 0.3864231
v 0.0112557 0.0572962 0.4159949
v 0.0941235 0.1020122 0.3348820
v 0.0770349 0.1189551 0.3449075
v 0.0889036 0.1130229 0.3794445
v 0.1069837 0.0952787 0.3679485
v 0.1227326 0.0297340 0.3758007
v 0.1115526 0.0409581 0.3459877
v 0.1169504 0.0681338 0.3558804
v 0.1282459 0.0577276 0.3854353
v 0.1024942 0.0121564 0.3747218
v 0.0919807 0.0231991 0.3449542
v -0.0086334 0.0667015 0.2738458
v 0.0007559 0.0552137 0.2654418
v 0.0058903 0.0411334 0.3008003
v -0.0051796 0.0543142 0.3089056
v 0.0016624 0.0960366 0.3586449
v -0.0016844 0.1024160 0.3225962
v -0.0086740 0.0856323 0.3193516
v -0.0070055 0.0773155 0.3545174
v 0.0648949 0.1134373 0.2647182
v 0.0501729 0.1258871 0.2725578
v 0.0640032 0.1227922 0.3088045
v 0.0794949 0.1081015 0.3004190
v 0.0677594 0.0707730 0.2510158
v 0.0733828 0.0932526 0.2565747
v 0.0894730 0.0845808 0.2911496
v 0.0532107 0.0580640 0.2492463
v 0.0419771 0.0682731 0.2162996
v 0.0541125 0.0790742 0.2176038
v -0.0131338 0.0775308 0.2396667
v -0.0031562 0.0678332 0.2324869
v -0.0177026 0.0996462 0.2486772
v -0.0118518 0.0932112 0.2832931
v -0.0062595 0.1082064 0.2868732
v -0.0128270 0.1133264 0.2524631
v 0.0195611 0.1296097 0.2824210
v 0.0115515 0.1324838 0.2481395
v -0.0023967 0.1251677 0.2522151
v 0.0052318 0.1214544 0.2865549
v 0.0377153 0.1282516 0.2396275
v 0.0240026 0.1326124 0.2444770
v 0.0349962 0.1313949 0.2787973
v 0.0520207 0.1173303 0.2322806
v 0.0589656 0.0987259 0.2234719
v -0.0135040 -0.0008252 0.7849501
v -0.0185980 0.0119684 0.7780049
v 0.0003874 -0.0113710 0.7750422
v 0.0063272 -0.0202868 0.7845948
v 0.0948538 -0.0518103 0.6733604
v 0.0954359 -0.0505925 0.7043636
v 0.0907730 -0.0552389 0.6109046
v 0.0941219 -0.0542457 0.6417660
v 0.0880785 -0.0547706 0.5800880
v 0.0771203 -0.0489229 0.5207550
v 0.0835541 -0.0524742 0.5500917
v 0.0733559 -0.0418939 0.4934890
v 0.0716808 -0.0318251 0.4681460
v 0.0696138 -0.0207724 0.4419512
v 0.0550468 -0.0013915 0.3877338
v 0.0646313 -0.0098483 0.4158254
v 0.0321769 0.0057927 0.3945093
v 0.0333808 0.0199573 0.3256153
v 0.0439203 0.0081042 0.3573120
v 0.0167511 0.0499610 0.2573923
v 0.0246550 0.0347745 0.2916332
v 0.0116345 0.0635911 0.2251449
v 0.1302709 -0.0305142 0.8141922
v 0.1310393 -0.0259090 0.8342757
v 0.1080291 -0.0435413 0.8217996
v 0.1045093 -0.0447282 0.8058377
v 0.0370078 -0.0446889 0.7980686
v 0.0306721 -0.0396937 0.7973834
v 0.0452235 -0.0469783 0.7998502
v 0.0514054 -0.0520647 0.8010480
v 0.1614872 0.0164363 0.5450288
v 0.0731591 0.0738679 0.5841172
v 0.0385424 0.0504174 0.5854781
v 0.0539956 0.0650112 0.5847861
v 0.1105188 -0.0614371 0.5467475
v 0.1397694 -0.0592362 0.5445641
v 0.1429003 -0.0545489 0.5749771
v 0.1157937 -0.0595567 0.5768745
v 0.1113190 0.0019594 0.4007797
v 0.0880300 -0.0078474 0.4073356
v 0.0789292 0.0035288 0.3803166
v 0.1202383 -0.0079464 0.4246875
v 0.0837859 0.0971686 0.4484660
v 0.0623548 0.0932722 0.4526182
v 0.0333922 0.0946428 0.4254340
v 0.0438163 0.0818896 0.4528362
v 0.0533004 0.1068722 0.4249480
v 0.1231106 -0.0555936 0.6376194
v 0.1194071 -0.0579313 0.6074084
v 0.1461489 -0.0484182 0.6051111
v 0.1499973 -0.0434758 0.6357498
v 0.0104020 0.1558112 1.1305052
v 0.0329921 0.1553469 1.1275610
v 0.1320923 0.0430593 1.2221443
v 0.1310509 0.0328715 1.2129975
v 0.1212948 0.0465073 1.2047651
v 0.1213392 0.0607022 1.2146649
v 0.1228682 0.0688290 1.2260626
v 0.1328746 0.0498951 1.2325145
v 0.1240492 0.0722150 1.2389303
v 0.1329473 0.0533008 1.2439493
v 0.1394584 0.0582930 1.2959881
v 0.1440330 0.0545317 1.3035312
v 0.0791904 -0.0502332 1.1757474
v 0.0868507 -0.0527884 1.1607621
v 0.1001528 -0.0333664 1.1618566
v 0.1369358 -0.0323563 1.0003557
v 0.1322751 -0.0218730 0.9202848
v 0.1223590 -0.0437244 0.9188847
v 0.1172699 -0.0510617 0.8940885
v 0.0837440 -0.0696373 0.8334899
v 0.0692800 -0.0688738 0.8200314
v 0.0513205 -0.0581654 0.8050710
v 0.0375726 -0.0497097 0.7989565
v -0.0559162 0.1382777 1.1957382
v -0.0554224 0.1386307 1.2273957
v -0.0305696 0.0379238 1.4162362
v -0.0130778 0.0540540 1.4215639
v -0.0011438 0.0397472 1.4406029
v -0.0189318 0.0240160 1.4347435
v -0.0132705 0.0167351 1.4433102
v 0.0040312 0.0319530 1.4484913
v 0.0219419 -0.0243650 1.4805368
v 0.0137612 -0.0145490 1.4743396
v 0.0156260 -0.0294033 0.7971940
v 0.0066974 -0.0222907 0.7948047
v 0.0231967 -0.0345750 0.7956814
v 0.0720448 -0.0507933 0.7808314
v 0.0763763 -0.0517707 0.7976189
v 0.0486577 -0.0471853 0.7909495
v 0.0460120 -0.0458653 0.7768042
v 0.1393183 0.1221094 0.8076180
v 0.1651512 0.0874417 0.8098078
v -0.0041131 0.1113557 0.7612425
v 0.1729939 0.0512779 1.1721163
v 0.1595190 0.0561160 1.1947431
v 0.1667075 0.0685714 1.1927619
v 0.1808618 0.0623136 1.1700698
v -0.0384347 0.1239624 1.3310549
v -0.0388904 0.1359119 1.2984223
v 0.1057940 -0.0213069 1.4280529
v 0.1623095 0.0387154 1.4275052
v 0.1491563 0.0332009 1.4338609
v 0.1554519 0.0159004 1.4136450
v 0.1657586 0.0195067 1.4088162
v 0.1136826 0.1075015 1.4182553
v 0.0967098 0.1042700 1.4242643
v 0.1104397 0.0932607 1.4356641
v 0.1256417 0.0960558 1.4286177
v -0.0744770 0.1531913 0.9069313
v -0.0934081 0.1298473 0.9085218
v -0.0591881 0.1198786 1.1169356
v -0.0642249 0.1205259 1.1422222
v -0.0489404 0.1347264 1.1395065
v -0.0434078 0.1353705 1.1144349
v -0.0099811 0.1440127 1.3146896
v 0.0016789 0.1529641 1.2943448
v 0.0911694 -0.0681149 1.2258287
v 0.1044454 -0.0607246 1.2296992
v 0.1020600 -0.0631309 1.2433057
v 0.0890427 -0.0721109 1.2400290
v 0.1724465 0.0922505 1.2313084
v 0.1626888 0.0840406 1.2180461
v 0.1475886 0.0860450 1.2402932
v 0.1529793 0.0936534 1.2488271
v 0.0547389 0.1522510 0.7870580
v 0.0970465 0.1491863 0.8056093
v 0.0502302 0.1534601 1.1620625
v 0.0521263 0.1506627 1.1428538
v 0.0278764 0.1561543 1.1474864
v 0.0258434 0.1595829 1.1675804
v 0.0566046 0.1488687 1.2215575
v 0.0516910 0.1512082 1.2024845
v 0.0645885 0.1468899 1.2405643
v 0.1259698 0.0915416 1.3087622
v 0.1235159 0.0973389 1.3119741
v 0.1198917 0.1035772 1.3142957
v 0.1015405 -0.0463157 0.7860378
v 0.1148503 -0.0453473 0.8456516
v 0.1159162 -0.0534927 0.8579573
v 0.0239247 -0.0367507 0.7972695
v 0.0262250 -0.0414711 0.7971254
v 0.0989345 -0.0639039 1.4229965
v 0.0982428 -0.0509645 1.4362588
v 0.1364686 0.0568952 1.2643826
v 0.1360416 0.0628058 1.2842732
v 0.1184458 0.1046342 1.3009954
v 0.1235055 0.0978530 1.3051705
v 0.1290277 0.0855418 1.3034842
v 0.1244376 0.0911000 1.2975027
v 0.1126571 0.1141039 1.3058147
v 0.1180056 0.1066867 1.3080215
v 0.1563729 -0.0071634 1.3238041
v 0.1599651 -0.0067339 1.3417435
v 0.1531574 -0.0128245 1.3453735
v 0.1506115 -0.0147733 1.3259643
v 0.1417546 -0.0227759 1.3241696
v 0.1438373 -0.0205184 1.3457638
v 0.1333009 -0.0296733 1.3435705
v 0.1319321 -0.0316662 1.3208784
v 0.1093946 -0.0311473 1.4034495
v 0.1014392 -0.0494308 1.3886143
v 0.0902731 -0.0654840 1.3772320
v 0.0790423 -0.0779371 1.3686369
v 0.0064965 -0.0034124 1.4674192
v 0.0279076 0.0094801 1.4700275
v 0.0159148 0.0169963 1.4623201
v -0.0011681 0.0036917 1.4590460
v -0.0182944 -0.0111780 1.4551332
v -0.0108292 -0.0184476 1.4641950
v 0.0935390 -0.0682133 1.4073586
v 0.0876856 -0.0817519 1.3981184
v 0.0789644 -0.0851313 1.3859446
v 0.2451142 0.0187212 1.2247077
v 0.2362014 0.0251405 1.2480298
v 0.0864998 -0.0325133 1.4671099
v 0.0950370 -0.0407412 1.4519355
v 0.2489346 0.0364373 1.2199288
v 0.2403321 0.0429078 1.2439300
v 0.1462641 -0.0027529 1.3905546
v 0.1559969 0.0039771 1.3900470
v 0.1444315 0.0104110 1.4161024
v 0.0961326 -0.0775336 1.4109065
v 0.0901378 -0.0905459 1.4023312
v 0.1424146 0.1210291 0.8415944
v 0.1649120 0.0868745 0.8417393
v 0.1005961 0.1206802 1.1164179
v 0.1157590 0.0987764 1.1115146
v 0.0872008 -0.0783291 1.1277379
v 0.0920285 -0.0804949 1.1100367
v 0.1076243 -0.0636082 1.1109479
v 0.1023093 -0.0602182 1.1288939
v 0.0633890 -0.0674404 1.1737965
v 0.0707399 -0.0704361 1.1593484
v 0.0759699 -0.1178683 1.3986244
v 0.1292542 -0.0497856 1.0701473
v 0.1230844 -0.0468621 1.0930840
v 0.1119759 -0.0663083 1.0901666
v 0.1173675 -0.0694801 1.0646926
v 0.1148940 -0.0783331 1.0362445
v 0.1145356 -0.0795380 1.0227817
v 0.1041646 -0.0690304 0.8797013
v 0.0972076 -0.0753268 0.8815773
v 0.1942384 0.0101706 1.3052065
v 0.2082781 0.0212621 1.3108208
v 0.2047808 0.0232401 1.3266678
v 0.1920813 0.0124731 1.3186800
v 0.1378779 -0.0040759 1.0756803
v 0.1358173 -0.0284425 1.0737192
v 0.1444250 0.0449715 1.2863127
v 0.1343243 0.0625153 1.2866515
v 0.0778528 -0.0552298 1.1896622
v 0.1151275 -0.0513389 1.2342036
v 0.1132587 -0.0531234 1.2466483
v 0.1246635 -0.0409810 1.2392770
v 0.1228781 -0.0420750 1.2506736
v 0.0145554 -0.0322078 0.7962168
v 0.0135173 -0.0278628 0.7993570
v 0.1810507 0.1052467 1.3091400
v 0.1744480 0.1059181 1.3025591
v 0.1659684 0.1110389 1.3153319
v 0.1735717 0.1100773 1.3220541
v 0.0177641 -0.0275826 0.7575085
v 0.0218706 -0.0316337 0.7745664
v -0.0315435 0.0339837 0.7832958
v -0.0271724 0.0107957 0.7870685
v -0.0372348 0.0127599 0.7939101
v -0.0462992 0.0196014 0.7954487
v 0.1295273 -0.0446232 0.7309892
v 0.1307014 -0.0399285 0.7626567
v 0.1279146 -0.0482155 0.6999443
v 0.1260071 -0.0523349 0.6684096
v 0.0939168 -0.0343581 0.4638808
v 0.0968967 -0.0213059 0.4357110
v 0.0682258 0.0144014 0.3502244
v 0.0570157 0.0261043 0.3187597
v 0.0458875 0.0393348 0.2853104
v 0.0276045 0.0639412 0.2191901
v 0.0351685 0.0522442 0.2512521
v 0.2469979 0.0512054 1.2118803
v 0.2409346 0.0630601 1.2012603
v 0.2293543 0.0718188 1.2263106
v 0.2366800 0.0594198 1.2376712
v 0.1501971 0.0343622 1.2277267
v 0.1592574 0.0300125 1.2067618
v 0.1646392 0.0170411 1.2145594
v 0.1565506 0.0216463 1.2362630
v 0.1696887 0.0260632 1.1846329
v 0.1571198 0.0432205 1.2000460
v 0.1694503 0.0390133 1.1777285
v 0.1928941 0.0709478 1.1727047
v 0.1777632 0.0778523 1.1952466
v 0.1908296 0.0832559 1.2023387
v 0.2062065 0.0753057 1.1773340
v 0.2314064 0.0711972 1.1914602
v 0.2193859 0.0752057 1.1831999
v 0.2062783 0.0831155 1.2075339
v 0.2198365 0.0785397 1.2155279
v 0.1918786 -0.0060901 1.2084279
v 0.1829023 -0.0021317 1.2316401
v 0.1723596 0.0056258 1.2230232
v 0.1813062 0.0017460 1.2005877
v 0.2182950 0.0382444 1.3124393
v 0.2143343 0.0401526 1.3308527
v 0.1550891 0.0363640 1.3131135
v 0.1536038 0.0350688 1.3161932
v 0.1653472 0.0192083 1.3179874
v 0.1661237 0.0217405 1.3194001
v 0.2175266 0.0145037 1.2727724
v 0.2281872 0.0306365 1.2709631
v 0.2220392 0.0347333 1.2931640
v 0.2119783 0.0184489 1.2930921
v 0.1751523 0.0017261 1.2535108
v 0.1675854 0.0048232 1.2745203
v 0.1578356 0.0142421 1.2662489
v 0.1643190 0.0100456 1.2448963
v 0.1403696 0.0755020 1.2384670
v 0.1524856 0.0728190 1.2156492
v 0.1764700 0.0086651 1.3109571
v 0.1781148 0.0053779 1.2983145
v 0.1394874 0.0483417 1.2769849
v 0.1204282 0.0957431 1.2905652
v 0.1161587 0.1013687 1.2818802
v 0.1389728 0.0221552 1.2215731
v 0.1433726 0.0155968 1.2308486
v 0.1162323 0.0925423 1.2534748
v 0.1140686 0.0942830 1.2378372
v 0.1425612 0.0224916 1.2321957
v 0.1394156 0.0301679 1.2280125
v 0.1145990 0.0090301 1.1653532
v 0.0775461 -0.0800037 1.3786916
v 0.1818889 0.0022460 1.2822536
v 0.1977692 0.0071713 1.2883698
v 0.1410801 0.0945077 1.2648869
v 0.1358956 0.0875807 1.2607178
v 0.1295021 0.0897955 1.2795080
v 0.1323197 0.0956546 1.2804623
v 0.0401666 0.1441119 1.3339340
v 0.0473371 0.1475480 1.3208638
v 0.0241634 0.1505852 1.3091325
v 0.0146379 0.1461905 1.3251481
v 0.1956662 0.0989746 1.3146032
v 0.1903332 0.1030109 1.3300158
v 0.2005566 0.0937723 1.3316976
v 0.2056724 0.0899197 1.3142027
v 0.2103044 0.0798460 1.3328940
v 0.2173865 0.0612990 1.3325047
v 0.2207265 0.0577412 1.3133565
v 0.2146566 0.0760058 1.3138066
v 0.1133787 0.1438655 0.8782886
v 0.0812387 0.1637319 0.8794891
v 0.1413463 0.0412652 1.0179864
v 0.1377847 0.0675367 1.0234371
v 0.1415615 0.0058020 0.9291668
v 0.0578857 -0.0506142 0.8035686
v 0.0863307 -0.0533621 0.8165135
v 0.0157933 -0.0225027 0.7315740
v 0.1394135 0.1218927 0.8740176
v 0.0215988 -0.0148676 0.6711432
v 0.0173101 -0.0182297 0.7021940
v 0.0089978 0.0637245 0.6612310
v -0.0012902 0.0665385 0.6907808
v 0.0175674 0.0904246 0.6862750
v 0.0256538 0.0852546 0.6584502
v 0.0426231 0.1067704 0.6836939
v 0.0498919 0.0992626 0.6563336
v 0.1650242 -0.0260535 0.6038762
v 0.0236371 0.1050306 0.3937481
v 0.0352735 0.1227194 0.3575514
v 0.0163456 0.1120478 0.3595066
v 0.0439195 0.1167133 0.3930044
v 0.0761758 0.1097627 0.4198694
v 0.0665767 0.1193623 0.3882428
v 0.1040735 0.0755274 0.3240499
v 0.0110402 0.1171696 0.3230956
v 0.0275500 0.1268971 0.3198594
v 0.0568660 0.1252909 0.3528542
v 0.0461951 0.1292315 0.3158428
v 0.0267511 -0.0363648 0.7869319
v -0.0585511 0.0311082 0.7962044
v 0.1724435 0.0536054 0.8443379
v 0.1755910 0.0523516 0.8147365
v 0.1319854 -0.0240650 0.8504354
v 0.1486406 -0.0017590 0.8629307
v 0.1298634 0.0504695 1.1010259
v 0.1313568 0.0259940 1.0981340
v 0.1201844 0.0552745 1.1376384
v 0.1245325 0.0541283 1.1193117
v 0.1196715 0.0773721 1.1248637
v 0.1147641 0.0782029 1.1426845
v 0.0919940 0.1224775 1.1529333
v 0.0948245 0.1211831 1.1345637
v 0.0752084 0.1384487 1.1385262
v 0.0727151 0.1409090 1.1577261
v 0.0573985 0.1502727 1.1242267
v 0.0809454 0.1388924 1.1202183
v -0.0349960 0.1459968 1.1616121
v -0.0374568 0.1486075 1.1895194
v -0.0181182 0.1556380 1.1822823
v -0.0154168 0.1529907 1.1570494
v 0.1110443 -0.0611010 0.8710433
v 0.0379824 -0.0432545 0.7984207
v 0.1309311 -0.0351718 0.7905701
v 0.1538638 -0.0086381 0.8200023
v 0.1706846 0.0200405 0.8186835
v 0.1417644 0.0524944 1.2895219
v 0.0897645 0.1316266 1.3310720
v 0.0887077 0.1305333 1.3392382
v 0.2252708 0.0538670 1.2923155
v 0.2193103 0.0724167 1.2926315
v 0.1635783 0.0081464 1.2920393
v 0.2020272 0.0250783 1.3397812
v 0.1895620 0.0152802 1.3400655
v 0.1903367 0.0143393 1.3303461
v 0.1509490 0.0334896 0.9170843
v 0.1566190 0.0293501 0.8929937
v 0.1614791 0.0606416 0.8988262
v -0.0173019 -0.0017610 0.7907698
v -0.0237196 0.0010927 0.7931811
v 0.1125405 -0.0430714 0.8343701
v 0.0284843 -0.0126482 0.6123790
v 0.0258573 -0.0137363 0.6413386
v 0.0296375 -0.0120921 0.5855454
v 0.0291449 -0.0104929 0.5596798
v 0.0288149 -0.0067567 0.5334279
v 0.0322002 -0.0007779 0.5082059
v 0.0374653 0.0057131 0.4853852
v 0.0341090 0.0161928 0.4621589
v 0.0170758 0.0211010 0.4021249
v 0.0232267 0.0275912 0.4371453
v 0.0110817 0.0387152 0.4094821
v -0.0003503 0.0489861 0.3800987
v -0.0095686 0.0696882 0.3147872
v -0.0076741 0.0591870 0.3491403
v -0.0121799 0.0798241 0.2799935
v -0.0169113 0.0880877 0.2448332
v 0.0057483 -0.0221711 0.7958549
v -0.0056938 -0.0120162 0.7936905
v 0.1343733 -0.0114728 1.3900025
v 0.1311640 0.0747886 1.2964690
v 0.1352877 0.0704875 1.3030440
v 0.1624455 0.0117980 1.3050206
v -0.0722640 0.0450609 0.8019823
v -0.0848869 0.0597940 0.8120129
v 0.2055677 0.0867086 1.2378731
v 0.2162310 0.0810693 1.2494695
v 0.1539831 0.0203432 1.2860779
v 0.1454127 0.0527447 1.3116593
v 0.1454959 0.0504399 1.3153453
v 0.2941021 -0.0893790 1.1318293
v 0.2934007 -0.1092644 1.1297003
v 0.2996941 -0.1068624 1.1198214
v 0.3001335 -0.0862510 1.1210450
v 0.2837449 -0.0918338 1.1392807
v 0.2833188 -0.1108459 1.1359158
v 0.2276974 -0.0925417 1.1130458
v 0.2325865 -0.1116798 1.1070937
v 0.2390536 -0.1118836 1.1192784
v 0.2351389 -0.0927140 1.1256719
v 0.2717476 -0.1302726 1.1343311
v 0.2713870 -0.1116904 1.1383001
v 0.2593913 -0.1117619 1.1356032
v 0.2608548 -0.1304073 1.1306452
v 0.2317414 -0.0874620 1.0842681
v 0.2248227 -0.0684711 1.0894978
v 0.2348065 -0.0643179 1.0794187
v 0.2421171 -0.0836751 1.0757843
v 0.2193782 -0.0193232 1.1408634
v 0.2191791 -0.0102180 1.1468548
v 0.2100068 -0.0083848 1.1357575
v 0.2109809 -0.0183228 1.1290250
v 0.2949957 -0.0484651 1.1375905
v 0.2945102 -0.0690084 1.1346283
v 0.2996343 -0.0649777 1.1227686
v 0.2983608 -0.0433412 1.1245481
v 0.2557230 -0.0546776 1.1516516
v 0.2555902 -0.0349602 1.1561248
v 0.2409605 -0.0347464 1.1514292
v 0.2409737 -0.0541277 1.1460638
v 0.2951644 -0.0214428 1.1263481
v 0.2950819 -0.0275204 1.1401467
v 0.2579925 -0.0928590 1.1409075
v 0.2564856 -0.0740447 1.1465691
v 0.2428368 -0.0734391 1.1409459
v 0.2457188 -0.0925351 1.1347835
v 0.2452213 -0.1253070 1.0783114
v 0.2386739 -0.1063274 1.0807426
v 0.2488855 -0.1028108 1.0735174
v 0.2552855 -0.1222566 1.0723657
v 0.2513566 -0.1304302 1.1232488
v 0.2485887 -0.1115173 1.1288189
v 0.2429222 -0.1307218 1.1136646
v 0.2974159 -0.1226780 1.0947860
v 0.2957400 -0.1011210 1.0937048
v 0.3001269 -0.1038379 1.1072418
v 0.3006714 -0.1247548 1.1073382
v 0.2200544 -0.0536591 1.1267600
v 0.2232003 -0.0730126 1.1200372
v 0.2316564 -0.0732779 1.1318130
v 0.2290529 -0.0539151 1.1377413
v 0.2849051 -0.0520253 1.1474321
v 0.2842423 -0.0720478 1.1432266
v 0.2935291 -0.0794045 1.0927981
v 0.2902881 -0.0573224 1.0926808
v 0.2970231 -0.0606455 1.1081567
v 0.2990734 -0.0823835 1.1076994
v 0.2718262 -0.0343938 1.0823014
v 0.2779056 -0.0559987 1.0813115
v 0.2629355 -0.0572072 1.0759699
v 0.2556967 -0.0362487 1.0780372
v 0.2123556 -0.0337279 1.1206863
v 0.2190218 -0.0347856 1.1339916
v 0.2178446 -0.0493198 1.0963452
v 0.2115363 -0.0305918 1.1040738
v 0.2195763 -0.0251749 1.0906529
v 0.2274558 -0.0447164 1.0845093
v 0.2732955 -0.0046309 1.1633742
v 0.2731694 -0.0164019 1.1606555
v 0.2866056 -0.0129651 1.1541924
v 0.2853772 0.0017166 1.1564878
v 0.2931584 -0.0070360 1.1422352
v 0.2901722 0.0096975 1.1445541
v 0.2747910 0.0383035 1.1427437
v 0.2800999 0.0304986 1.1357993
v 0.2696474 0.0379637 1.1255764
v 0.2643906 0.0453000 1.1334325
v 0.2555829 0.0092478 1.0852631
v 0.2642862 -0.0123621 1.0832512
v 0.2471008 -0.0150888 1.0808233
v 0.2375911 0.0062928 1.0848395
v 0.2153504 0.0153975 1.0966817
v 0.2229522 0.0004119 1.0893039
v 0.2124975 -0.0074140 1.0982575
v 0.2073139 0.0050636 1.1063346
v 0.1906337 0.0337550 1.1384135
v 0.1978009 0.0303357 1.1255673
v 0.1942269 0.0186540 1.1332407
v 0.1883726 0.0216203 1.1449111
v 0.2022939 -0.0017824 1.1535087
v 0.2126517 -0.0075672 1.1618855
v 0.2074845 -0.0082426 1.1716218
v 0.1971868 -0.0011285 1.1634649
v 0.2622146 0.0120007 1.1831283
v 0.2666647 0.0104345 1.1751148
v 0.2746083 0.0230169 1.1699081
v 0.2679999 0.0271770 1.1786047
v 0.2472016 0.0272113 1.0884782
v 0.2274674 0.0253492 1.0907418
v 0.2063444 -0.0018330 1.1470695
v 0.2088515 -0.0036377 1.1414008
v 0.2185318 -0.0069155 1.1519222
v 0.2163306 -0.0063859 1.1563342
v 0.2417439 -0.0055452 1.1675992
v 0.2431504 -0.0058148 1.1634936
v 0.2571193 -0.0022068 1.1664773
v 0.2555052 -0.0000202 1.1699971
v 0.2695130 0.0077175 1.1698330
v 0.2720065 0.0034596 1.1663054
v 0.2828532 0.0119179 1.1598421
v 0.2791743 0.0182919 1.1643247
v 0.2422088 0.0377373 1.0940042
v 0.2366251 0.0442866 1.1014347
v 0.2482160 0.0450054 1.1086386
v 0.2545947 0.0381973 1.1018848
v 0.2032419 0.0122706 1.1145307
v 0.2097765 0.0230052 1.1057572
v 0.2433563 -0.0098834 1.1591823
v 0.2306423 -0.0078928 1.1592940
v 0.2308423 -0.0108788 1.1543689
v 0.2858398 0.0214469 1.1488687
v 0.1964629 0.0438147 1.1343142
v 0.1865321 0.0470198 1.1500770
v 0.1946012 0.0567238 1.1486852
v 0.2044307 0.0528238 1.1326360
v 0.1814928 0.0355613 1.1542963
v 0.1804983 0.0234835 1.1614635
v 0.2008622 -0.0082401 1.1868610
v 0.1907422 -0.0007133 1.1788328
v 0.2139159 -0.0109486 1.1938052
v 0.2209088 -0.0110923 1.1780314
v 0.2346858 -0.0091293 1.1828354
v 0.2280024 -0.0087207 1.1997911
v 0.2533523 0.0155443 1.2017643
v 0.2585030 0.0313680 1.1966191
v 0.2666752 0.0396276 1.1704522
v 0.2571074 0.0449103 1.1878132
v 0.1958783 0.0072652 1.1435423
v 0.1998837 0.0057546 1.1354696
v 0.2829961 -0.0776301 1.0808653
v 0.2870935 -0.0993605 1.0816337
v 0.2744041 -0.0989650 1.0748067
v 0.2692697 -0.0780248 1.0748148
v 0.2613442 -0.1001223 1.0717867
v 0.2669802 -0.1201224 1.0718605
v 0.2711096 -0.0739989 1.1472330
v 0.2713975 -0.0929863 1.1426890
v 0.2827121 -0.1297514 1.1336573
v 0.2575174 -0.0082854 1.1629716
v 0.2567312 -0.0184184 1.1599069
v 0.2535163 0.0491179 1.1250098
v 0.2480425 0.0551429 1.1340790
v 0.2588238 0.0510472 1.1423303
v 0.2636419 0.0271856 1.0981047
v 0.2742372 0.0272185 1.1164092
v 0.2831645 0.0056472 1.1135192
v 0.2726603 0.0097732 1.0961542
v 0.2304186 0.0496841 1.1105038
v 0.2237260 0.0545819 1.1212551
v 0.2362046 0.0567075 1.1267599
v 0.2424370 0.0508937 1.1167881
v 0.2495045 -0.0008006 1.1847177
v 0.2532289 0.0000295 1.1754701
v 0.2428854 0.0637726 1.1691498
v 0.2516905 0.0553359 1.1771324
v 0.2609881 0.0492871 1.1613645
v 0.2520678 0.0565770 1.1537827
v 0.2684018 0.0441425 1.1510265
v 0.2310626 0.0681553 1.1622194
v 0.2410341 0.0612189 1.1459203
v 0.2421825 0.0002255 1.2031535
v 0.2156132 0.0594416 1.1346630
v 0.2057217 0.0645756 1.1513502
v 0.2186610 0.0684630 1.1559755
v 0.2284551 0.0621121 1.1396057
v 0.2552385 -0.0800863 1.0730201
v 0.2483168 -0.0600086 1.0755187
v 0.2043556 -0.0034397 1.1208160
v 0.2068949 -0.0144177 1.1128672
v 0.2024813 0.0027737 1.1281270
v 0.2259098 -0.0906677 1.0979320
v 0.2321537 -0.1097289 1.0927963
v 0.2150757 -0.0524000 1.1120404
v 0.2201425 -0.0716293 1.1046326
v 0.2856151 -0.0350706 1.0933387
v 0.2108897 0.0363425 1.1102115
v 0.2172156 0.0326789 1.1007208
v 0.2039254 0.0272033 1.1148412
v 0.1837715 0.0106417 1.1705278
v 0.1904772 0.0094031 1.1540370
v 0.2308074 0.0366695 1.0933197
v 0.1740431 0.0134305 1.1921607
v 0.2853494 0.0185698 1.1302660
v 0.2743458 0.0345941 1.1608043
v 0.2806699 0.0288832 1.1540308
v 0.2994874 -0.1268698 1.1192893
v 0.2710408 -0.0542896 1.1521907
v 0.2424302 -0.0190157 1.1548828
v 0.2299059 -0.0196652 1.1489992
v 0.2045043 0.0397995 1.1207994
v 0.2123186 0.0482265 1.1187504
v 0.2192190 0.0438506 1.1082504
v 0.2259812 -0.0097302 1.1683908
v 0.2388207 -0.0079001 1.1729218
v 0.2385770 -0.1282266 1.0887225
v 0.2285361 -0.0078426 1.1633372
v 0.2910627 -0.0001195 1.1275692
v -0.0245163 0.0309230 1.4257589
v -0.0467123 0.0224773 1.4130380
v -0.0412000 0.0156331 1.4226763
v 0.1113599 0.0924838 1.2224029
v 0.1136254 0.0432186 1.1876593
v 0.1121960 0.0632115 1.1936767
v 0.1272426 0.0789523 1.2883913
v 0.1227504 0.0842498 1.2785446
v 0.1395295 0.0613311 1.3122769
v 0.1375689 0.0662018 1.3102572
v 0.1252117 0.0726555 1.2524745
v 0.1721435 -0.1067440 1.5439218
v 0.1685764 -0.1012470 1.5385190
v 0.1765406 -0.1110594 1.5558518
v 0.1120049 -0.0785923 1.0509026
v 0.1055492 -0.0889238 1.0215694
v 0.1046577 -0.0885539 1.0082221
v 0.1700103 -0.1148774 1.5229031
v 0.1666626 -0.1090192 1.5198166
v 0.1713136 -0.1118648 1.5206178
v 0.1707580 -0.1172345 1.5238154
v 0.1700897 -0.1167933 1.5230666
v 0.1795140 -0.1214567 1.5544995
v 0.1645435 -0.0981713 1.5315538
v 0.1600254 -0.0970897 1.5228694
v 0.1755435 -0.1217822 1.5399144
v -0.0493792 0.1257129 1.0407068
v -0.0514513 0.1317494 1.0202880
v -0.0698985 0.1130358 1.0205533
v -0.0665495 0.1077444 1.0404839
v -0.0942150 0.0965578 1.0039698
v -0.0888109 0.0915938 1.0222313
v -0.0743265 0.1202496 0.9995799
v 0.0271179 0.1826998 0.9604246
v 0.0277624 0.1782656 0.9839295
v 0.0550995 0.1737457 0.9866582
v 0.0560244 0.1769906 0.9639933
v 0.0791433 0.1601921 1.0052894
v 0.0816531 0.1633823 0.9871002
v 0.0535053 0.1700029 1.0062149
v 0.1023777 0.1428253 1.0027181
v 0.1045249 0.1452356 0.9846594
v 0.1195360 0.1213026 0.9983081
v 0.1218741 0.1237124 0.9794975
v 0.1347085 0.0990996 0.9735141
v 0.1419920 0.0705734 0.9681905
v 0.1460589 0.0377232 0.9390412
v 0.1427400 0.0394088 0.9601470
v 0.1405142 0.0104894 0.9514390
v 0.1339874 -0.0167345 0.9451485
v 0.1259748 -0.0393079 0.9419798
v 0.1158525 -0.0567827 0.9409512
v 0.1049183 -0.0713540 0.9400576
v 0.0936614 -0.0820555 0.9393860
v 0.0919763 -0.0809940 0.9190547
v 0.1338331 -0.0238764 1.3661905
v 0.0861399 0.0252119 1.4683431
v 0.1125734 0.0251253 1.4576484
v 0.0934323 0.0370482 1.4637308
v 0.0756035 0.1013640 1.4287783
v 0.0512867 0.0957782 1.4318693
v 0.0623541 0.0863388 1.4428267
v 0.0899595 0.0896896 1.4406073
v 0.0671016 0.0316974 1.4680305
v 0.0632057 0.0230437 1.4703102
v 0.0704844 0.0438448 1.4647512
v 0.0482423 0.0432079 1.4630144
v 0.0280685 0.0362524 1.4599414
v 0.1527991 0.0605131 1.4386893
v 0.1667867 0.0651717 1.4282639
v 0.1522386 0.0842683 1.4285679
v 0.1390807 0.0809695 1.4373744
v 0.1025585 0.1145887 1.4064872
v 0.1173116 0.1164858 1.3998667
v 0.1076749 0.1210610 1.3886543
v 0.0919362 0.1189952 1.3945376
v 0.1996246 0.0674378 1.3828742
v 0.2068539 0.0659666 1.3664395
v 0.1976887 0.0850046 1.3689404
v 0.1889577 0.0857911 1.3865136
v 0.1279599 0.1070615 1.4117168
v -0.0135405 0.1333210 1.3380229
v 0.0105971 0.1394413 1.3432081
v 0.0344978 0.1399941 1.3474501
v 0.0888096 0.1297443 1.3477279
v 0.0761224 0.1362170 1.3398783
v 0.0758318 0.1334247 1.3502433
v 0.1008334 0.1272609 1.3440641
v 0.1102658 0.1244977 1.3385733
v 0.1887013 0.0149817 1.3482151
v 0.1786135 0.0118661 1.3318717
v 0.1776509 0.0125143 1.3277856
v 0.1257900 0.1134950 1.3185006
v 0.1243825 0.1104875 1.3144371
v 0.1176148 0.1148668 1.3222516
v 0.1186724 0.1176407 1.3260788
v 0.1388751 0.0543726 1.4458300
v 0.1864249 0.0997873 1.3675012
v 0.1757196 0.1089777 1.3602732
v 0.1656860 0.1104923 1.3765577
v 0.1768220 0.1002654 1.3841730
v 0.1651474 0.1157827 1.3561621
v 0.1558964 0.1195711 1.3508742
v 0.1456489 0.1215531 1.3632229
v 0.1549911 0.1177961 1.3705380
v 0.1300680 0.1159593 1.3217896
v 0.1200178 0.1202415 1.3319679
v 0.2110779 0.0432978 1.3465446
v 0.1874897 0.0432832 1.4052321
v 0.1761625 0.0409257 1.4179835
v 0.1769354 0.0207477 1.4001149
v 0.1846122 0.0243520 1.3890202
v 0.1413248 0.0585291 1.3044477
v 0.1363864 0.0682076 1.3008750
v 0.1308774 0.0788946 1.2975292
v 0.1174966 0.1084480 1.3172399
v 0.1278845 0.0868438 1.2954182
v 0.1625607 0.0160582 1.3130757
v 0.1764792 0.0105268 1.3201118
v 0.1719618 0.0086747 1.3783038
v 0.1790102 0.0108151 1.3689092
v 0.2128237 0.0642184 1.3496414
v 0.2046734 0.0835434 1.3508080
v 0.1374688 0.1037935 1.2903641
v 0.1307291 0.1059593 1.3015276
v 0.1331876 0.1093806 1.3058776
v 0.1083534 0.1186036 1.3210735
v 0.1163918 0.1117238 1.3188584
v 0.1792954 0.0674678 1.4151118
v 0.1829915 0.1071291 1.3442229
v 0.1937136 0.0979620 1.3489338
v 0.1437187 0.1181821 1.3824463
v 0.1310484 0.1177296 1.3924430
v 0.1408635 0.1102960 1.4025053
v 0.1535467 0.1113413 1.3905092
v 0.1564904 0.1174014 1.3282280
v 0.1647181 0.1167954 1.3359465
v 0.1214386 0.1211891 1.3829796
v 0.1341425 0.1218735 1.3741847
v 0.1369201 0.1117303 1.3107336
v 0.1655297 0.0062466 1.3857702
v 0.1546051 -0.0062962 1.3667193
v 0.1628193 -0.0020645 1.3632166
v 0.1690226 0.0007147 1.3562361
v 0.1745056 0.0048172 1.3476014
v 0.1773708 0.0088909 1.3384351
v 0.1452894 -0.0140429 1.3672820
v 0.2253420 0.0406087 1.0996327
v 0.1350117 0.1000218 1.2843483
v 0.1453156 0.1020385 1.2791568
v 0.1435699 0.0989527 1.2720679
v 0.1912995 0.0907642 1.2320366
v 0.1005407 -0.2216701 1.4460279
v 0.0992932 -0.2176648 1.4412630
v 0.1041045 -0.2301450 1.4683903
v 0.1037003 -0.2295278 1.4647827
v 0.2586662 0.0428650 1.1176101
v 0.2629034 0.0365373 1.1111700
v 0.2801468 -0.0126762 1.0943572
v 0.2897384 -0.0164125 1.1109644
v 0.2942156 -0.0385556 1.1090913
v 0.2862368 -0.0315851 1.1510805
v 0.2721142 -0.0341284 1.1569983
v 0.2287303 -0.0350997 1.1434831
v 0.2323120 -0.0196365 1.0830379
v 0.2918670 -0.1670957 1.1271839
v 0.2908769 -0.1868181 1.1267893
v 0.2993485 -0.1860215 1.1204682
v 0.2994631 -0.1660456 1.1196111
v 0.2892859 -0.2060733 1.1268984
v 0.2810651 -0.1871393 1.1279689
v 0.2794816 -0.2053432 1.1262935
v 0.2717605 -0.1864823 1.1249774
v 0.2715036 -0.2041062 1.1224340
v 0.2649686 -0.2028600 1.1156849
v 0.2641045 -0.1857583 1.1185924
v 0.2583634 -0.1857725 1.1102787
v 0.2603219 -0.2026893 1.1070638
v 0.2507320 -0.1674713 1.1043972
v 0.2484171 -0.1666647 1.0937098
v 0.2543019 -0.1846665 1.0908872
v 0.2550514 -0.1855788 1.1008199
v 0.2681876 -0.1995375 1.0745434
v 0.2631079 -0.1818003 1.0743585
v 0.2725251 -0.1803055 1.0726564
v 0.2764576 -0.1984652 1.0731098
v 0.2880916 -0.1610381 1.0782097
v 0.2923701 -0.1805210 1.0789025
v 0.2827971 -0.1797102 1.0743871
v 0.2775892 -0.1603794 1.0734680
v 0.2960258 -0.1986100 1.0788466
v 0.2986947 -0.1814920 1.0874934
v 0.3016648 -0.1998081 1.0880410
v 0.2822700 -0.1487689 1.1322873
v 0.2925625 -0.1476306 1.1277342
v 0.2927533 -0.1284667 1.1282901
v 0.2626752 -0.1676763 1.1224182
v 0.2714400 -0.1679550 1.1282170
v 0.2714096 -0.1491801 1.1312877
v 0.2614727 -0.1490472 1.1262293
v 0.2373668 -0.1302431 1.1016487
v 0.2430934 -0.1485043 1.0970837
v 0.2468226 -0.1489861 1.1086491
v 0.2560494 -0.1674129 1.1141800
v 0.2535080 -0.1489845 1.1184529
v 0.2506089 -0.1650028 1.0831887
v 0.2565860 -0.1834066 1.0811193
v 0.3017938 -0.1647828 1.1086467
v 0.3027312 -0.1846703 1.1097980
v 0.3020408 -0.1832740 1.0983711
v 0.3002861 -0.1635368 1.0975144
v 0.2447830 -0.1466508 1.0855847
v 0.3009702 -0.1449370 1.1080274
v 0.2988282 -0.1434597 1.0961765
v 0.2958579 -0.1618257 1.0865547
v 0.2932638 -0.1416722 1.0849381
v 0.3036394 -0.2032422 1.1106544
v 0.2988146 -0.2051251 1.1210009
v 0.2995688 -0.1462741 1.1191419
v 0.2573036 -0.1628645 1.0751222
v 0.2513212 -0.1441557 1.0766231
v 0.2612885 -0.1415536 1.0719462
v 0.2669263 -0.1610699 1.0719775
v 0.2784313 -0.1197216 1.0760197
v 0.2834057 -0.1407813 1.0770809
v 0.2722380 -0.1404739 1.0728295
v 0.2865462 -0.1977840 1.0742004
v 0.2900917 -0.1207883 1.0833525
v 0.2705797 -0.2862547 1.1000770
v 0.2682790 -0.2926232 1.1081179
v 0.2628404 -0.2842730 1.1105883
v 0.2658391 -0.2773400 1.1019851
v 0.2508030 -0.2652643 1.1189144
v 0.2511883 -0.2750148 1.1273511
v 0.2530669 -0.2684417 1.1356252
v 0.2522885 -0.2574813 1.1280913
v 0.2687168 -0.2972260 1.1163627
v 0.2622783 -0.2894165 1.1183585
v 0.2724913 -0.2963489 1.1235475
v 0.2746069 -0.3043269 1.1152083
v 0.2806431 -0.3038006 1.1205812
v 0.2849452 -0.3113753 1.1181917
v 0.2941960 -0.3083300 1.1166861
v 0.2912182 -0.2969834 1.1219793
v 0.3049049 -0.2862256 1.1014730
v 0.3042632 -0.3007646 1.0988255
v 0.3064943 -0.2965066 1.0889258
v 0.3061828 -0.2818818 1.0918061
v 0.3035484 -0.2856491 1.0717463
v 0.3034016 -0.2722985 1.0759001
v 0.3049139 -0.2773457 1.0837780
v 0.3051916 -0.2921012 1.0802409
v 0.2747393 -0.2778023 1.0872572
v 0.2732845 -0.2805159 1.0926951
v 0.2698345 -0.2712768 1.0937037
v 0.2714405 -0.2680875 1.0878397
v 0.2738714 -0.2952462 1.1351216
v 0.2705648 -0.2965772 1.1324118
v 0.2792126 -0.2950242 1.1270461
v 0.2819452 -0.2893612 1.1301956
v 0.2609053 -0.2429019 1.0784659
v 0.2602501 -0.2435157 1.0859482
v 0.2601478 -0.2333004 1.0905495
v 0.2609238 -0.2316488 1.0821101
v 0.2552685 -0.2404893 1.1153551
v 0.2649425 -0.2365978 1.1256301
v 0.2663598 -0.2296999 1.1213992
v 0.2590476 -0.2344619 1.1094210
v 0.2530805 -0.2480943 1.1212247
v 0.2619060 -0.2540420 1.1349601
v 0.2630260 -0.2441884 1.1301736
v 0.2613200 -0.2659861 1.1412236
v 0.2643844 -0.2288844 1.0733364
v 0.2645186 -0.2361217 1.0682241
v 0.2836181 -0.3604208 1.1035898
v 0.2829924 -0.3549351 1.1049124
v 0.2828359 -0.3550290 1.0993285
v 0.2837942 -0.3606342 1.0980721
v 0.2840701 -0.2314121 1.0652705
v 0.2811330 -0.2256283 1.0675985
v 0.2902607 -0.2261779 1.0706029
v 0.2927922 -0.2326698 1.0699783
v 0.2870884 -0.2393073 1.0617254
v 0.2954590 -0.2414886 1.0683368
v 0.2969039 -0.3614648 1.1072696
v 0.2971394 -0.3554253 1.1079835
v 0.2918893 -0.3553190 1.1094974
v 0.2915492 -0.3611010 1.1085810
v 0.2733981 -0.2952893 1.0994640
v 0.2716835 -0.3009645 1.1073106
v 0.2752674 -0.3190093 1.1018369
v 0.2756868 -0.3183820 1.1083594
v 0.2739489 -0.3097454 1.1077978
v 0.2751414 -0.3063974 1.0989504
v 0.2789646 -0.2962143 1.0813229
v 0.2780161 -0.3015583 1.0873940
v 0.2769087 -0.2906814 1.0891378
v 0.2777356 -0.2858146 1.0826319
v 0.2760541 -0.2813838 1.0717895
v 0.2749197 -0.2806384 1.0658823
v 0.2770421 -0.2891246 1.0638652
v 0.2781982 -0.2911915 1.0700825
v 0.2818862 -0.3123824 1.0717787
v 0.2821189 -0.3103805 1.0668649
v 0.2863040 -0.3191465 1.0658311
v 0.2858363 -0.3213311 1.0700420
v 0.2796295 -0.2193268 1.0691647
v 0.2888894 -0.2195124 1.0713922
v 0.2975701 -0.2747243 1.0556909
v 0.2981245 -0.2837867 1.0512287
v 0.2910785 -0.2795609 1.0441521
v 0.2901531 -0.2700934 1.0490682
v 0.2991693 -0.2360709 1.0774785
v 0.2978271 -0.2288549 1.0776830
v 0.3008001 -0.3617001 1.1028495
v 0.3012005 -0.3555607 1.1035768
v 0.2719474 -0.2672136 1.1420259
v 0.2738456 -0.2545784 1.1354533
v 0.2754933 -0.2440396 1.1302736
v 0.2768750 -0.2362458 1.1269791
v 0.2779449 -0.2295492 1.1259059
v 0.2765550 -0.3111351 1.0933005
v 0.2747600 -0.2883790 1.0934135
v 0.2749261 -0.2756604 1.0832553
v 0.2704250 -0.2674857 1.0558134
v 0.2707422 -0.2712510 1.0625488
v 0.2678247 -0.2645711 1.0657064
v 0.2692811 -0.2591204 1.0567428
v 0.2817248 -0.2697971 1.0462767
v 0.2825550 -0.2794053 1.0427031
v 0.2769855 -0.2819679 1.0460835
v 0.2755399 -0.2731621 1.0486446
v 0.2758741 -0.2934604 1.1397954
v 0.2813722 -0.2839353 1.1352507
v 0.2739882 -0.2323974 1.0639517
v 0.2721444 -0.2262885 1.0679142
v 0.2713052 -0.2207195 1.0716090
v 0.2653793 -0.2557606 1.0862411
v 0.2651131 -0.2577217 1.0900597
v 0.2580289 -0.2460116 1.0960375
v 0.2596736 -0.2441251 1.0907894
v 0.2584106 -0.2677283 1.1041348
v 0.2558074 -0.2755762 1.1131349
v 0.2523540 -0.2564627 1.1098092
v 0.2595030 -0.2339047 1.0982568
v 0.2614783 -0.2256034 1.1024619
v 0.2614877 -0.2250046 1.0936687
v 0.2623060 -0.2237487 1.0845115
v 0.2654771 -0.2219304 1.0763572
v 0.2618689 -0.2163669 1.1045226
v 0.2611619 -0.2158969 1.0954816
v 0.2622896 -0.2149658 1.0860455
v 0.2654727 -0.2138781 1.0780870
v 0.2973798 -0.2115942 1.0784758
v 0.2971534 -0.2209000 1.0780347
v 0.2881108 -0.2110796 1.0725399
v 0.2697596 -0.2190126 1.1214386
v 0.2649330 -0.2170993 1.1135534
v 0.2632424 -0.2265750 1.1121191
v 0.2780514 -0.2206543 1.1255217
v 0.2525490 -0.2820856 1.1338881
v 0.2569469 -0.2873672 1.1282387
v 0.2565793 -0.2930256 1.1330337
v 0.2529000 -0.2893399 1.1383048
v 0.2781914 -0.3112504 1.1145315
v 0.2802447 -0.3189300 1.1133723
v 0.2870521 -0.3191154 1.1157312
v 0.2661154 -0.2435004 1.0631991
v 0.2629536 -0.2497776 1.0722010
v 0.2769462 -0.3208822 1.0960064
v 0.2968824 -0.3481541 1.1087965
v 0.2957976 -0.3358824 1.1105185
v 0.2892247 -0.3357122 1.1121412
v 0.2912521 -0.3482739 1.1105331
v 0.2831150 -0.3293514 1.0920813
v 0.2860565 -0.3368781 1.0926923
v 0.2808508 -0.3355859 1.0964878
v 0.2789369 -0.3277956 1.0968613
v 0.2814130 -0.3076085 1.0609178
v 0.2848283 -0.3147190 1.0600771
v 0.3012104 -0.3154575 1.0950228
v 0.3022241 -0.3040010 1.1092556
v 0.3011046 -0.3159028 1.1061922
v 0.2789609 -0.2931891 1.0754883
v 0.2797497 -0.3010291 1.0683477
v 0.2799407 -0.3029508 1.0734987
v 0.2776651 -0.3145440 1.0903525
v 0.2785541 -0.3098717 1.0862562
v 0.2801024 -0.3180734 1.0861898
v 0.2787209 -0.3215091 1.0913370
v 0.2784655 -0.2587682 1.0501886
v 0.2900695 -0.2592237 1.0537655
v 0.2866398 -0.3550569 1.1084571
v 0.2867751 -0.3606650 1.1072509
v 0.2787892 -0.2117552 1.0713000
v 0.2709780 -0.2125824 1.0730268
v 0.2772388 -0.2830846 1.0773625
v 0.3008619 -0.2907822 1.1118408
v 0.2741458 -0.2733992 1.0788954
v 0.2990809 -0.3026138 1.0583499
v 0.3007484 -0.3098983 1.0565136
v 0.2945228 -0.3101584 1.0537574
v 0.2930345 -0.3028092 1.0539737
v 0.2897823 -0.3483868 1.0922581
v 0.2919622 -0.3554146 1.0916012
v 0.2864266 -0.3553371 1.0943243
v 0.2841318 -0.3480333 1.0954587
v 0.2771026 -0.3262931 1.1020562
v 0.2783410 -0.3347513 1.1016141
v 0.2790849 -0.3345260 1.1070041
v 0.2776104 -0.3254684 1.1078672
v 0.2817758 -0.3259930 1.1118521
v 0.2834513 -0.3350375 1.1105984
v 0.2967930 -0.3486497 1.0926062
v 0.2936347 -0.3375940 1.0931446
v 0.2997352 -0.3361685 1.0980496
v 0.3014244 -0.3483015 1.0976447
v 0.3032554 -0.2592761 1.0800777
v 0.3008696 -0.2677577 1.0675730
v 0.3006447 -0.2554285 1.0721245
v 0.3035202 -0.2981142 1.0678354
v 0.2985437 -0.2922575 1.0590685
v 0.3007157 -0.2801822 1.0632207
v 0.2973193 -0.2635429 1.0606138
v 0.2932266 -0.3257077 1.0888290
v 0.2992677 -0.3235951 1.0890073
v 0.2976997 -0.3259409 1.0962625
v 0.2719204 -0.2713457 1.0724882
v 0.2856924 -0.3480627 1.1094700
v 0.2966485 -0.2391032 1.1193255
v 0.2962778 -0.2474641 1.1191700
v 0.3040598 -0.2471212 1.1070721
v 0.3032268 -0.2379859 1.1092057
v 0.2810154 -0.3479653 1.1006637
v 0.2813873 -0.3480362 1.1059719
v 0.2824492 -0.3061480 1.0549155
v 0.2860619 -0.3066182 1.0510131
v 0.2888824 -0.3114826 1.0521073
v 0.2859893 -0.3123522 1.0553499
v 0.2970856 -0.2518565 1.0650636
v 0.2981850 -0.2900692 1.0474199
v 0.2910736 -0.2874713 1.0404070
v 0.3003125 -0.2443411 1.0756334
v 0.3032695 -0.2390717 1.0865492
v 0.3033101 -0.2477767 1.0838692
v 0.3033901 -0.3078276 1.0764530
v 0.3049316 -0.2634649 1.0872318
v 0.3048119 -0.2516932 1.0912427
v 0.3048991 -0.2423497 1.0955063
v 0.3046802 -0.2346541 1.0977050
v 0.3025664 -0.2320594 1.0878961
v 0.3011514 -0.3482454 1.1041651
v 0.3017853 -0.3556228 1.0972019
v 0.3022938 -0.2130607 1.0887407
v 0.3020922 -0.2234704 1.0886130
v 0.3043716 -0.2149634 1.0993707
v 0.3045070 -0.2260699 1.0987625
v 0.3036453 -0.2587720 1.1075714
v 0.3052436 -0.2553586 1.0991170
v 0.3044170 -0.2721332 1.1041199
v 0.3056985 -0.2676900 1.0949330
v 0.3061784 -0.3100228 1.0862018
v 0.2993608 -0.3703533 1.0920525
v 0.2950463 -0.3700572 1.0900655
v 0.2934055 -0.3617153 1.0906638
v 0.2986291 -0.3621863 1.0924475
v 0.2979370 -0.3556435 1.0925379
v 0.3018930 -0.3619197 1.0968539
v 0.2992070 -0.2768146 1.1145573
v 0.2836124 -0.3257129 1.0861656
v 0.2950128 -0.2617997 1.1197695
v 0.2887066 -0.2742727 1.1292926
v 0.2923814 -0.2841124 1.1247923
v 0.2852105 -0.2571262 1.1313304
v 0.2870501 -0.2455415 1.1277007
v 0.2879395 -0.2307068 1.1252695
v 0.2875118 -0.2373593 1.1254470
v 0.2881718 -0.2214635 1.1260390
v 0.2816586 -0.2693579 1.1373254
v 0.2851986 -0.3679575 1.0958942
v 0.2842528 -0.3680278 1.1015135
v 0.2970085 -0.2311479 1.1199809
v 0.2977379 -0.2206684 1.1207106
v 0.2557569 -0.2826353 1.1213590
v 0.2701850 -0.2643128 1.0808405
v 0.2679246 -0.2620345 1.0760639
v 0.2652462 -0.2576030 1.0687132
v 0.2673387 -0.2515828 1.0595872
v 0.3038692 -0.2178642 1.1108837
v 0.2589362 -0.2024477 1.0976680
v 0.2599263 -0.2014926 1.0881964
v 0.3037071 -0.2012054 1.0990658
v 0.2868200 -0.3683524 1.1053920
v 0.2933646 -0.3217420 1.0677603
v 0.2927520 -0.3235962 1.0691831
v 0.2537642 -0.2769599 1.1404750
v 0.2541831 -0.2859700 1.1442595
v 0.2677873 -0.2883251 1.1492843
v 0.2697241 -0.2777379 1.1468357
v 0.2605649 -0.2755709 1.1458762
v 0.2599865 -0.2859095 1.1483721
v 0.2650043 -0.2544619 1.0829869
v 0.2642266 -0.2531052 1.0784732
v 0.2892217 -0.2486296 1.0580028
v 0.2778616 -0.2483502 1.0545538
v 0.2880914 -0.3264249 1.1134433
v 0.2948409 -0.3261038 1.1112956
v 0.2950713 -0.3179274 1.1132820
v 0.3003340 -0.3354177 1.1050325
v 0.2908147 -0.3301510 1.0923751
v 0.2887568 -0.3279980 1.0884285
v 0.2626367 -0.2614604 1.0959491
v 0.2553488 -0.2499912 1.1021045
v 0.2643204 -0.2955914 1.1300433
v 0.2633242 -0.2917833 1.1250474
v 0.2794666 -0.3055694 1.0799512
v 0.3043075 -0.3200821 1.0765754
v 0.3058957 -0.3205578 1.0843672
v 0.2809760 -0.3141633 1.0789674
v 0.2912511 -0.3692067 1.1068836
v 0.2966128 -0.3696007 1.1058066
v 0.3001593 -0.3251958 1.1051297
v 0.2788091 -0.2986777 1.0620410
v 0.2991989 -0.3223080 1.0719311
v 0.3009420 -0.3149065 1.0704437
v 0.2834305 -0.2866248 1.0406368
v 0.3033868 -0.2291139 1.1101469
v 0.2876100 -0.3611116 1.0928935
v 0.2890747 -0.3685891 1.0912079
v 0.3014923 -0.3698371 1.0959589
v 0.3006427 -0.3693618 1.1014239
v 0.2761414 -0.2398309 1.0593272
v 0.2713215 -0.2663261 1.0842067
v 0.2627403 -0.2004868 1.0799019
v 0.2779528 -0.2800888 1.1425918
v 0.2743596 -0.2909729 1.1458315
v 0.2837483 -0.3220405 1.0778221
v 0.2967848 -0.2963391 1.0529219
v 0.3029643 -0.3178846 1.0676292
v 0.3053461 -0.3127778 1.0626773
v 0.3042949 -0.3064704 1.0647916
v 0.2983494 -0.3218199 1.0675808
v 0.3009928 -0.3763029 1.1003487
v 0.3017227 -0.3765657 1.0950885
v 0.2969797 -0.3767611 1.1047223
v 0.2916401 -0.3756572 1.1054237
v 0.2875591 -0.3741955 1.1039438
v 0.2997704 -0.3768884 1.0913542
v 0.2958244 -0.3762658 1.0895986
v 0.2901986 -0.3743848 1.0905199
v 0.2999389 -0.3823427 1.0903919
v 0.3019299 -0.3833163 1.0939817
v 0.2963488 -0.3898838 1.1024505
v 0.2990989 -0.3907946 1.1008111
v 0.2993388 -0.3871567 1.1012085
v 0.2977460 -0.3842671 1.1032502
v 0.2961934 -0.3946385 1.1006855
v 0.2992922 -0.3953373 1.0995416
v 0.3016491 -0.3905378 1.0976365
v 0.3011166 -0.3861622 1.0987120
v 0.3021465 -0.3953678 1.0963311
v 0.3024061 -0.3946113 1.0925092
v 0.3017850 -0.3899817 1.0938351
v 0.3015973 -0.3863608 1.0954620
v 0.3011763 -0.3824512 1.0993966
v 0.2969631 -0.3984927 1.0981263
v 0.2991789 -0.4002139 1.0938641
v 0.3019102 -0.3993126 1.0951036
v 0.2995258 -0.3983594 1.0982051
v 0.2923221 -0.3818153 1.1040379
v 0.2925579 -0.3883417 1.1020950
v 0.2928243 -0.3936973 1.0998274
v 0.2940038 -0.3976399 1.0968037
v 0.2892900 -0.3878183 1.1001561
v 0.2905753 -0.3931653 1.0976305
v 0.2920044 -0.3962993 1.0950409
v 0.2877768 -0.3875183 1.0966575
v 0.2898625 -0.3928733 1.0947393
v 0.2882621 -0.3800384 1.1025436
v 0.2859883 -0.3790707 1.0990680
v 0.2913457 -0.3951407 1.0936316
v 0.2964508 -0.3991843 1.0925891
v 0.3014162 -0.3888485 1.0910118
v 0.3012976 -0.3938858 1.0897795
v 0.2996848 -0.3881515 1.0888486
v 0.2994277 -0.3933660 1.0882295
v 0.3026060 -0.3979433 1.0919384
v 0.3009927 -0.3981299 1.0900711
v 0.2851789 -0.3732571 1.1003086
v 0.2864527 -0.3731670 1.0947080
v 0.2872857 -0.3787861 1.0938221
v 0.2886544 -0.3870541 1.0917166
v 0.2911312 -0.3796854 1.0899058
v 0.2963030 -0.3817144 1.0887458
v 0.2968232 -0.3877608 1.0878874
v 0.2924844 -0.3870414 1.0883623
v 0.2966139 -0.3927989 1.0877656
v 0.2934848 -0.3923831 1.0883902
v 0.2909250 -0.3925920 1.0910822
v 0.2958873 -0.3960541 1.0887322
v 0.2984863 -0.3972597 1.0889586
v 0.2941759 -0.3972466 1.0916884
v 0.2925222 -0.3953222 1.0911834
v 0.2939410 -0.3949386 1.0891664
v 0.2944129 -0.3624117 1.0727742
v 0.2933383 -0.3552159 1.0752916
v 0.2933228 -0.3542499 1.0703391
v 0.2947833 -0.3615570 1.0676328
v 0.3064938 -0.3616590 1.0789814
v 0.3062344 -0.3548223 1.0807827
v 0.3003116 -0.3555560 1.0809485
v 0.3005301 -0.3625029 1.0787758
v 0.3106975 -0.3600411 1.0741976
v 0.3106921 -0.3532062 1.0760232
v 0.3053666 -0.3468556 1.0831116
v 0.3017634 -0.3335577 1.0862715
v 0.2954864 -0.3344366 1.0856559
v 0.2992092 -0.3477116 1.0830480
v 0.2945979 -0.3315092 1.0681695
v 0.2897262 -0.3309537 1.0706993
v 0.2960263 -0.3556002 1.0786045
v 0.2963659 -0.3627739 1.0763961
v 0.2983629 -0.3447674 1.0655078
v 0.3007312 -0.3531568 1.0632872
v 0.2960141 -0.3535635 1.0657962
v 0.2934581 -0.3451610 1.0679587
v 0.2871730 -0.3315354 1.0762292
v 0.2868590 -0.3333707 1.0820340
v 0.2904618 -0.3345046 1.0846999
v 0.3043940 -0.3446334 1.0661534
v 0.3014435 -0.3316859 1.0693925
v 0.3067343 -0.3311912 1.0742992
v 0.3090547 -0.3446828 1.0708691
v 0.2942123 -0.3476797 1.0812365
v 0.2908494 -0.3457752 1.0729291
v 0.2908812 -0.3470502 1.0780460
v 0.3098064 -0.3451758 1.0780863
v 0.3099467 -0.3527085 1.0689102
v 0.3088853 -0.3694414 1.0610014
v 0.3045670 -0.3699733 1.0587752
v 0.3024010 -0.3603674 1.0609586
v 0.3071897 -0.3601634 1.0627297
v 0.3057892 -0.3530064 1.0644309
v 0.3105353 -0.3596564 1.0675295
v 0.2969789 -0.3718625 1.0639170
v 0.2959991 -0.3724118 1.0692508
v 0.2974751 -0.3728162 1.0730249
v 0.3079242 -0.3317323 1.0817165
v 0.3012013 -0.3723348 1.0753669
v 0.3069126 -0.3711755 1.0759387
v 0.2975926 -0.3608436 1.0630230
v 0.2996760 -0.3706953 1.0598767
v 0.3114676 -0.3688772 1.0653667
v 0.3114320 -0.3691500 1.0716328
v 0.3120043 -0.3771849 1.0689449
v 0.3122160 -0.3765693 1.0632153
v 0.3080086 -0.3791566 1.0733274
v 0.3024441 -0.3793754 1.0729988
v 0.2989131 -0.3790706 1.0709218
v 0.3100973 -0.3768547 1.0595693
v 0.3062614 -0.3769006 1.0576070
v 0.3014132 -0.3768747 1.0585068
v 0.3111161 -0.3837962 1.0578134
v 0.3133798 -0.3847918 1.0607815
v 0.3093676 -0.3985385 1.0660011
v 0.3126719 -0.3985039 1.0651206
v 0.3118636 -0.3936093 1.0667491
v 0.3090211 -0.3932245 1.0685356
v 0.3119426 -0.3899436 1.0675932
v 0.3097415 -0.3872411 1.0703085
v 0.3142466 -0.3934922 1.0634882
v 0.3134237 -0.3886428 1.0649152
v 0.3158290 -0.3981440 1.0618269
v 0.3157004 -0.3969356 1.0581976
v 0.3142184 -0.3915382 1.0603365
v 0.3135814 -0.3881385 1.0617750
v 0.3109677 -0.4028716 1.0630136
v 0.3134997 -0.4021870 1.0635559
v 0.3130946 -0.3843864 1.0664036
v 0.3040191 -0.3855080 1.0708133
v 0.3050002 -0.3925076 1.0683382
v 0.3062876 -0.3985062 1.0651447
v 0.3081143 -0.4024883 1.0618020
v 0.3015129 -0.3918159 1.0663070
v 0.3036722 -0.3978870 1.0633911
v 0.3059767 -0.4009039 1.0603167
v 0.2999018 -0.3909896 1.0625384
v 0.3027435 -0.3970025 1.0602347
v 0.3001487 -0.3844563 1.0689427
v 0.2984432 -0.3832236 1.0654017
v 0.3049049 -0.3994976 1.0589945
v 0.3108175 -0.4033052 1.0579498
v 0.3138282 -0.4041689 1.0590078
v 0.3167730 -0.4030646 1.0604595
v 0.3131726 -0.3907884 1.0581801
v 0.3139521 -0.3966929 1.0563871
v 0.3119623 -0.3904776 1.0559301
v 0.3125538 -0.3964530 1.0547536
v 0.3167280 -0.4009783 1.0571050
v 0.3148685 -0.4013703 1.0559442
v 0.2975546 -0.3783674 1.0671594
v 0.2984190 -0.3775488 1.0624412
v 0.2992978 -0.3823550 1.0607680
v 0.3011520 -0.3899769 1.0579277
v 0.3026931 -0.3819337 1.0569652
v 0.3077256 -0.3829622 1.0561567
v 0.3091471 -0.3897640 1.0547964
v 0.3049882 -0.3892999 1.0550335
v 0.3100443 -0.3956583 1.0541811
v 0.3069679 -0.3952173 1.0543852
v 0.3038340 -0.3958850 1.0565453
v 0.3100723 -0.3995661 1.0547052
v 0.3125115 -0.4008927 1.0549841
v 0.3081081 -0.4013539 1.0570941
v 0.3061611 -0.3992199 1.0565874
v 0.3078677 -0.3982065 1.0548415
v 0.2964382 -0.3476604 1.0527591
v 0.2956580 -0.3419401 1.0551462
v 0.2938339 -0.3400092 1.0508279
v 0.2946794 -0.3457469 1.0481680
v 0.3084500 -0.3466510 1.0550508
v 0.3080958 -0.3401925 1.0583743
v 0.3038803 -0.3421519 1.0590627
v 0.3047312 -0.3480093 1.0560689
v 0.3104402 -0.3446558 1.0510518
v 0.3100985 -0.3375527 1.0538678
v 0.3068999 -0.3336705 1.0612631
v 0.3045717 -0.3244443 1.0646576
v 0.2993675 -0.3270224 1.0649773
v 0.3022090 -0.3361927 1.0618892
v 0.2995071 -0.3427530 1.0578227
v 0.3005372 -0.3484475 1.0552147
v 0.2954118 -0.3299397 1.0465658
v 0.2978845 -0.3368056 1.0441307
v 0.2948459 -0.3381356 1.0466073
v 0.2924603 -0.3313257 1.0492937
v 0.2880999 -0.3222209 1.0576810
v 0.2899105 -0.3251465 1.0618280
v 0.2940895 -0.3269404 1.0638134
v 0.3008740 -0.3290598 1.0464368
v 0.2973859 -0.3184041 1.0506952
v 0.3037203 -0.3184702 1.0536161
v 0.3066097 -0.3287824 1.0502496
v 0.2974685 -0.3369076 1.0603680
v 0.2912197 -0.3335503 1.0534489
v 0.2932947 -0.3358814 1.0577548
v 0.3088038 -0.3304214 1.0565017
v 0.3077753 -0.3359100 1.0480396
v 0.3070040 -0.3523983 1.0389036
v 0.3026752 -0.3526266 1.0375814
v 0.2995259 -0.3428922 1.0411664
v 0.3044934 -0.3425113 1.0419671
v 0.3026870 -0.3358685 1.0441409
v 0.3087909 -0.3431300 1.0457733
v 0.2968306 -0.3545043 1.0441369
v 0.2977040 -0.3560688 1.0487151
v 0.3015066 -0.3567627 1.0511880
v 0.3069246 -0.3208270 1.0599238
v 0.2916405 -0.3189765 1.0507767
v 0.3051944 -0.3566986 1.0519136
v 0.3089442 -0.3559176 1.0511205
v 0.2960859 -0.3438955 1.0437222
v 0.2986063 -0.3529623 1.0396818
v 0.3104702 -0.3527658 1.0426190
v 0.3115568 -0.3539049 1.0475659
v 0.3124748 -0.3606600 1.0449677
v 0.3119002 -0.3592403 1.0400069
v 0.3099526 -0.3628225 1.0485388
v 0.3058784 -0.3630784 1.0490154
v 0.3022751 -0.3625195 1.0484066
v 0.3085029 -0.3588916 1.0366634
v 0.3047052 -0.3590333 1.0357094
v 0.3004460 -0.3585637 1.0377294
v 0.3094358 -0.3637053 1.0345902
v 0.3124902 -0.3653375 1.0376696
v 0.3107563 -0.3794976 1.0419071
v 0.3129155 -0.3791640 1.0406912
v 0.3117244 -0.3747230 1.0423040
v 0.3101707 -0.3749876 1.0441018
v 0.3118911 -0.3712935 1.0435066
v 0.3108112 -0.3690593 1.0458539
v 0.3143478 -0.3734257 1.0396143
v 0.3133857 -0.3695213 1.0413495
v 0.3153993 -0.3778670 1.0375861
v 0.3144878 -0.3758584 1.0340547
v 0.3132868 -0.3715222 1.0362170
v 0.3132433 -0.3684950 1.0382910
v 0.3120731 -0.3829098 1.0390478
v 0.3139533 -0.3820251 1.0389503
v 0.3128386 -0.3659866 1.0427556
v 0.3067355 -0.3681722 1.0468820
v 0.3071060 -0.3743684 1.0444241
v 0.3078726 -0.3792956 1.0418703
v 0.3089270 -0.3823429 1.0386035
v 0.3039439 -0.3733736 1.0433831
v 0.3052345 -0.3783116 1.0406343
v 0.3063373 -0.3808126 1.0378347
v 0.3014023 -0.3721357 1.0413327
v 0.3034396 -0.3771726 1.0387150
v 0.3031090 -0.3672054 1.0460242
v 0.3002487 -0.3656123 1.0440405
v 0.3050389 -0.3792716 1.0370637
v 0.3103497 -0.3822784 1.0340749
v 0.3137898 -0.3829407 1.0347393
v 0.3161957 -0.3817304 1.0358410
v 0.3122402 -0.3700311 1.0340226
v 0.3127917 -0.3749382 1.0321501
v 0.3097143 -0.3690560 1.0325813
v 0.3105251 -0.3744403 1.0311762
v 0.3154278 -0.3792281 1.0332504
v 0.3138442 -0.3793277 1.0319626
v 0.2993424 -0.3612267 1.0462823
v 0.2985583 -0.3595576 1.0421563
v 0.2996598 -0.3639904 1.0404023
v 0.3011708 -0.3707168 1.0375047
v 0.3016934 -0.3628139 1.0362402
v 0.3056468 -0.3632321 1.0343656
v 0.3065480 -0.3687620 1.0324548
v 0.3032472 -0.3690159 1.0340841
v 0.3076671 -0.3742025 1.0312485
v 0.3049664 -0.3744472 1.0325670
v 0.3032867 -0.3757919 1.0354762
v 0.3082033 -0.3779606 1.0316301
v 0.3111229 -0.3786947 1.0313644
v 0.3074529 -0.3805876 1.0343023
v 0.3054195 -0.3786790 1.0346433
v 0.3060777 -0.3772935 1.0324916
v 0.2890993 -0.3199590 1.0538380
v 0.2910469 -0.3215230 1.0338172
v 0.2904193 -0.3175349 1.0368647
v 0.2884725 -0.3154530 1.0337626
v 0.2891294 -0.3192925 1.0306977
v 0.3026385 -0.3201066 1.0337402
v 0.3022124 -0.3154710 1.0372249
v 0.2986333 -0.3177671 1.0391719
v 0.2992121 -0.3223160 1.0356869
v 0.3029544 -0.3169636 1.0296750
v 0.3026805 -0.3120497 1.0328997
v 0.3007003 -0.3102354 1.0411485
v 0.2983479 -0.3020099 1.0477393
v 0.2941870 -0.3055773 1.0485104
v 0.2969901 -0.3127027 1.0430984
v 0.2842567 -0.2920965 1.0392585
v 0.2857744 -0.2980816 1.0359835
v 0.2837857 -0.3010182 1.0386774
v 0.2811074 -0.2945845 1.0422634
v 0.2941961 -0.3183866 1.0388753
v 0.2948802 -0.3226170 1.0354327
v 0.2886177 -0.3059786 1.0308924
v 0.2903907 -0.3106914 1.0276324
v 0.2884655 -0.3131052 1.0304237
v 0.2865653 -0.3087687 1.0335580
v 0.2806120 -0.2982271 1.0457843
v 0.2837172 -0.3039489 1.0418657
v 0.2856228 -0.3058526 1.0450492
v 0.2819524 -0.3022235 1.0491061
v 0.2890719 -0.3068615 1.0469974
v 0.2927618 -0.3040325 1.0302758
v 0.2897191 -0.2958604 1.0354032
v 0.2950275 -0.2945764 1.0371921
v 0.2978047 -0.3040732 1.0321075
v 0.2925532 -0.3137334 1.0422481
v 0.2866683 -0.3111119 1.0368565
v 0.2886685 -0.3131170 1.0400260
v 0.3013376 -0.3065644 1.0369369
v 0.2992517 -0.3096981 1.0287528
v 0.2963720 -0.3194184 1.0196843
v 0.2929922 -0.3202154 1.0204237
v 0.2913615 -0.3147985 1.0244114
v 0.2954122 -0.3135701 1.0235858
v 0.2945255 -0.3092080 1.0267737
v 0.2998286 -0.3144004 1.0255110
v 0.2903147 -0.3243715 1.0265964
v 0.2920703 -0.3269151 1.0295390
v 0.2956087 -0.3279876 1.0311845
v 0.2996269 -0.2971680 1.0432592
v 0.2995082 -0.3280724 1.0312938
v 0.3026886 -0.3263026 1.0295022
v 0.2892252 -0.3169765 1.0272596
v 0.2907949 -0.3221078 1.0231720
v 0.3004169 -0.3203432 1.0215104
v 0.3031297 -0.3229432 1.0256973
v 0.3038976 -0.3278053 1.0225475
v 0.3013780 -0.3252869 1.0184090
v 0.3029892 -0.3309519 1.0263511
v 0.3000240 -0.3322943 1.0281285
v 0.2961469 -0.3316003 1.0280013
v 0.2970738 -0.3240056 1.0168988
v 0.2942239 -0.3244640 1.0179473
v 0.2922939 -0.3257667 1.0206922
v 0.2982844 -0.3284910 1.0143519
v 0.3022602 -0.3303818 1.0156569
v 0.3026927 -0.3435364 1.0192234
v 0.3042383 -0.3424898 1.0182036
v 0.3035067 -0.3396783 1.0198027
v 0.3024771 -0.3400803 1.0216856
v 0.3038998 -0.3365205 1.0210018
v 0.3029956 -0.3353332 1.0234242
v 0.3050065 -0.3374595 1.0172134
v 0.3043430 -0.3343679 1.0188633
v 0.3058012 -0.3408675 1.0149745
v 0.3037014 -0.3388797 1.0115872
v 0.3034116 -0.3355072 1.0135996
v 0.3036088 -0.3331875 1.0158261
v 0.3032607 -0.3459559 1.0161501
v 0.3049126 -0.3447799 1.0161733
v 0.3041074 -0.3317244 1.0203478
v 0.3003269 -0.3357953 1.0254269
v 0.3003010 -0.3402826 1.0226730
v 0.3004693 -0.3445768 1.0193596
v 0.3006136 -0.3462567 1.0155361
v 0.2976440 -0.3394492 1.0224583
v 0.2979735 -0.3433566 1.0189287
v 0.2982224 -0.3448765 1.0156147
v 0.2951146 -0.3375990 1.0216470
v 0.2960873 -0.3416766 1.0182409
v 0.2972437 -0.3348967 1.0256731
v 0.2943643 -0.3329832 1.0247896
v 0.2969732 -0.3434751 1.0159795
v 0.3008372 -0.3450286 1.0122928
v 0.3034872 -0.3450685 1.0122177
v 0.3060052 -0.3437982 1.0129694
v 0.3016069 -0.3342123 1.0121386
v 0.3016914 -0.3383543 1.0101584
v 0.2987802 -0.3331039 1.0120025
v 0.2992896 -0.3383891 1.0102044
v 0.3044342 -0.3416245 1.0107156
v 0.3026176 -0.3420757 1.0100016
v 0.2931908 -0.3301906 1.0266177
v 0.2917926 -0.3281012 1.0240967
v 0.2926873 -0.3309073 1.0220821
v 0.2936578 -0.3355564 1.0192952
v 0.2932503 -0.3290419 1.0185680
v 0.2950166 -0.3280957 1.0157576
v 0.2961173 -0.3330609 1.0131975
v 0.2940037 -0.3338327 1.0158139
v 0.2970802 -0.3383320 1.0115383
v 0.2954655 -0.3388797 1.0137020
v 0.2950831 -0.3401236 1.0163628
v 0.2981149 -0.3420705 1.0116451
v 0.3001157 -0.3422815 1.0103864
v 0.2985384 -0.3441478 1.0131186
v 0.2968408 -0.3427744 1.0143762
v 0.2968123 -0.3416051 1.0129910
v 0.2878868 -0.2909462 1.0381680
v 0.2732651 -0.3041029 1.1432332
v 0.2711220 -0.3051632 1.1385692
v 0.2610214 -0.3040895 1.1346946
v 0.2548215 -0.3017635 1.1373430
v 0.2519570 -0.2988954 1.1429507
v 0.2543232 -0.2976547 1.1481530
v 0.2593885 -0.2981329 1.1514697
v 0.2672663 -0.3054754 1.1351467
v 0.2724159 -0.3018753 1.1487844
v 0.2664160 -0.2995089 1.1521034
v 0.2651283 -0.3097654 1.1551221
v 0.2714125 -0.3113677 1.1517504
v 0.2580786 -0.3080821 1.1548326
v 0.2528796 -0.3066250 1.1511896
v 0.2507041 -0.3062878 1.1457868
v 0.2726596 -0.3125812 1.1458190
v 0.2703205 -0.3127809 1.1406443
v 0.2655693 -0.3119345 1.1370345
v 0.2720644 -0.3207469 1.1486722
v 0.2705311 -0.3229403 1.1551464
v 0.2544675 -0.3294766 1.1599732
v 0.2581817 -0.3298578 1.1624834
v 0.2583948 -0.3256211 1.1606524
v 0.2546839 -0.3243096 1.1586898
v 0.2594490 -0.3230312 1.1594605
v 0.2571189 -0.3189994 1.1577560
v 0.2642717 -0.3272856 1.1615902
v 0.2642598 -0.3245391 1.1598599
v 0.2692933 -0.3293717 1.1592952
v 0.2685681 -0.3259804 1.1589146
v 0.2641173 -0.3314479 1.1639725
v 0.2586803 -0.3335926 1.1636781
v 0.2631197 -0.3354236 1.1641579
v 0.2563449 -0.3345839 1.1615202
v 0.2642269 -0.3200334 1.1580686
v 0.2520637 -0.3152762 1.1537856
v 0.2513946 -0.3230847 1.1556909
v 0.2520254 -0.3297313 1.1569011
v 0.2549499 -0.3353207 1.1576173
v 0.2501852 -0.3230258 1.1505419
v 0.2521214 -0.3302884 1.1525566
v 0.2553355 -0.3347790 1.1538498
v 0.2526125 -0.3235705 1.1456758
v 0.2545111 -0.3306228 1.1492189
v 0.2498196 -0.3135422 1.1478513
v 0.2524863 -0.3136305 1.1421900
v 0.2563034 -0.3341788 1.1514133
v 0.2603251 -0.3384775 1.1574476
v 0.2614043 -0.3384630 1.1616943
v 0.2710956 -0.3296511 1.1555576
v 0.2686979 -0.3331422 1.1612950
v 0.2697735 -0.3344499 1.1573560
v 0.2711009 -0.3287723 1.1508564
v 0.2688956 -0.3347415 1.1533021
v 0.2671168 -0.3361106 1.1625735
v 0.2669178 -0.3378558 1.1596102
v 0.2533981 -0.3075749 1.1399453
v 0.2590234 -0.3099165 1.1369032
v 0.2583523 -0.3156092 1.1390521
v 0.2583438 -0.3246770 1.1433222
v 0.2650258 -0.3182221 1.1394819
v 0.2702941 -0.3198325 1.1432232
v 0.2688831 -0.3280514 1.1467928
v 0.2644020 -0.3266954 1.1435760
v 0.2665909 -0.3340475 1.1500663
v 0.2632129 -0.3327352 1.1480994
v 0.2587357 -0.3316354 1.1478180
v 0.2636802 -0.3368004 1.1525276
v 0.2654263 -0.3381450 1.1557212
v 0.2596318 -0.3369667 1.1538886
v 0.2592996 -0.3350079 1.1511027
v 0.2622110 -0.3352629 1.1506720
v 0.2783926 -0.2888691 1.0440815
v 0.2775816 -0.2927303 1.0488224
v 0.2756649 -0.2850808 1.0512687
v 0.2730030 -0.2762369 1.0536019
v 0.2734191 -0.2659079 1.0509955
v 0.2736085 -0.2791283 1.0597795
v 0.2761830 -0.2878175 1.0570506
v 0.2788654 -0.2976239 1.0542635
v 0.2725879 -0.2744129 1.0671366
v 0.1481872 -0.2164343 1.5203452
v 0.1503893 -0.2133259 1.5200543
v 0.1503255 -0.2088111 1.5156007
v 0.1480976 -0.2110662 1.5151609
v 0.1450537 -0.2133119 1.5149501
v 0.1412984 -0.2149390 1.5155994
v 0.1377470 -0.2197556 1.5226499
v 0.1433097 -0.2188622 1.5219205
v 0.1268999 -0.2171756 1.5205379
v 0.1290979 -0.2173142 1.5213680
v 0.1275163 -0.2170985 1.5194943
v 0.1335179 -0.2168711 1.5176334
v 0.1298652 -0.2168457 1.5189531
v 0.1532092 -0.2080247 1.5186785
v 0.1536409 -0.2063464 1.5179320
v 0.1519640 -0.2105135 1.5192245
v 0.1372541 -0.2161735 1.5165277
v 0.1531618 -0.2058739 1.5170971
v 0.1519538 -0.2067507 1.5163348
v 0.1328702 -0.2188770 1.5225607
v 0.1458528 -0.2138819 1.5169094
v 0.1421155 -0.2158576 1.5175085
v 0.1381037 -0.2186271 1.5205950
v 0.1429783 -0.2173075 1.5198109
v 0.1342717 -0.2175764 1.5193329
v 0.1316937 -0.2173262 1.5198443
v 0.1486607 -0.2117123 1.5167632
v 0.1379824 -0.2171860 1.5183892
v 0.1470927 -0.2149968 1.5191541
v 0.1314526 -0.2177940 1.5205196
v 0.1339013 -0.2185389 1.5210905
v 0.1525896 -0.2069247 1.5173343
v 0.1524953 -0.2068001 1.5172565
v 0.0707868 -0.0839742 1.3329088
v 0.0714320 -0.0825184 1.3135066
v 0.1494399 -0.2123179 1.5184245
v 0.1515572 -0.2077810 1.5169748
v 0.1502782 -0.2095265 1.5167568
v 0.1509622 -0.2100195 1.5180524
v 0.1521033 -0.2081310 1.5177807
v 0.2028146 0.0035993 1.2687599
v 0.1881461 -0.0006903 1.2620455
v 0.2316762 0.0494410 1.2687053
v 0.2244264 0.0708711 1.2664118
v 0.1295462 -0.0244810 1.0952032
v 0.0052545 0.1566788 1.1522084
v 0.0024022 0.1597676 1.1744916
v -0.0693504 0.1225489 1.1703080
v -0.0533348 0.1361729 1.1665186
v 0.1060739 0.1010634 1.1482821
v 0.1097305 0.1000027 1.1302888
v 0.1226503 0.0324338 1.1343744
v 0.1264505 0.0302534 1.1163785
v 0.1255682 0.0751655 1.1061235
v -0.0253580 0.1471701 1.1132264
v -0.0307364 0.1454841 1.1359086
v -0.0106594 0.1525146 1.1335623
v -0.0059720 0.1551370 1.1115653
v -0.0752923 0.1015748 1.1445087
v -0.0810559 0.1048403 1.1726058
v 0.0906885 0.1226451 1.1716853
v 0.0719264 0.1408291 1.1771474
v 0.0264839 0.1601163 1.1896235
v 0.0037321 0.1614414 1.1983101
v -0.0361542 0.1496513 1.2181660
v -0.0166047 0.1576528 1.2084488
v 0.1195081 0.0098220 1.1491762
v 0.1093610 -0.0119772 1.1632885
v 0.1041288 0.0999194 1.1667022
v 0.0951331 -0.0561710 1.1449642
v -0.0707307 0.1226517 1.2652553
v -0.0513709 0.1380782 1.2621586
v 0.0497581 0.1531848 1.1828870
v 0.0856778 -0.0723041 1.2682664
v 0.0872576 -0.0717954 1.2528404
v 0.0997905 -0.0630706 1.2563581
v 0.0980721 -0.0622279 1.2714166
v 0.1111381 -0.0528754 1.2598888
v 0.1211589 -0.0422216 1.2636855
v 0.1294887 -0.0315332 1.2671451
v 0.1451310 -0.0013704 1.2725565
v 0.1415709 -0.0112237 1.2715966
v 0.1477660 0.0189156 1.2734238
v 0.1476028 0.0080737 1.2733917
v 0.1437604 0.0338451 1.2700861
v 0.1358373 0.0516279 1.2669110
v 0.1272010 0.0708085 1.2640881
v 0.1299684 0.0670232 1.2767410
v 0.1338963 0.0535129 1.2558566
v 0.1410178 0.0365788 1.2588326
v 0.1453017 0.0221075 1.2599763
v 0.0771239 -0.0731665 1.2228062
v 0.0776682 -0.0658545 1.2054098
v 0.0694867 -0.0857986 1.3503593
v 0.2407228 -0.0398930 1.0789453
v 0.2821306 -0.1677686 1.1304282
v 0.0095331 0.0245859 1.4555660
v -0.0084649 0.0095108 1.4513427
v -0.0300174 0.0025308 1.4397220
v -0.0246107 -0.0032140 1.4473622
v 0.0991808 0.0506978 1.4583558
v 0.0726119 0.0568591 1.4599680
v 0.0463413 0.0546639 1.4585086
v 0.0235969 0.0452334 1.4543452
v 0.1101332 0.0724092 1.1787211
v -0.0070731 0.0475473 1.4309999
v 0.0182833 0.0546234 1.4469668
v 0.0428428 0.0666801 1.4519822
v 0.0716755 0.0720479 1.4528980
v 0.1060381 0.0695770 1.4509591
v 0.1251037 0.0763342 1.4446525
v 0.1389938 0.0985713 1.4213348
v 0.1522057 0.1000791 1.4114176
v 0.1657596 0.0863828 1.4167743
v 0.1777754 0.0869491 1.4024215
v 0.1650129 0.1008899 1.3984797
v 0.2088136 0.0875226 1.2966178
v 0.2090789 0.0869337 1.2795122
v 0.2033985 0.0902622 1.2662378
v 0.1935964 0.0935193 1.2563882
v 0.1812481 0.0961527 1.2517765
v 0.1675256 0.0970878 1.2534229
v 0.1543221 0.0979127 1.2613637
v 0.1282845 0.1017093 1.2973719
v 0.1228872 0.1062303 1.3104205
v 0.1006059 0.1254323 1.3234157
v 0.0927138 0.1317249 1.3233344
v 0.0367205 0.1526203 1.2966172
v 0.0556572 0.1485071 1.3084166
v 0.0171155 0.1574814 1.2796998
v -0.0175767 0.1635137 1.0007796
v -0.0162526 0.1567767 1.0211366
v 0.0050884 0.1642964 1.0225123
v 0.0033698 0.1711446 1.0022927
v -0.0643061 0.1033229 1.0645136
v -0.0497733 0.1217741 1.0648507
v 0.1004298 0.1400105 1.0205707
v 0.0766351 0.1564821 1.0224277
v 0.0517573 0.1651246 1.0233242
v 0.0275784 0.1670524 1.0233906
v 0.1179346 0.1183526 1.0173405
v 0.1391114 -0.0098122 0.9860960
v 0.1414889 0.0149750 0.9921596
v 0.1125712 -0.0707531 0.9764329
v 0.1239632 -0.0534129 0.9780576
v 0.1302629 0.0943357 1.0117611
v 0.1331199 -0.0332327 0.9812966
v 0.1408010 0.0412228 0.9985673
v 0.1376629 0.0687282 1.0050697
v -0.0153909 0.1512786 1.0416875
v -0.0328226 0.1398243 1.0418420
v -0.0338165 0.1364541 1.0655396
v -0.0526886 0.0969711 1.3541673
v -0.0344142 0.1125709 1.3564983
v -0.0137425 0.1233025 1.3591701
v 0.0160324 0.1222787 1.3783713
v 0.0390128 0.1268804 1.3775947
v 0.0346040 0.1334557 1.3628145
v 0.0107850 0.1301399 1.3616000
v 0.0781169 0.1263859 1.3712080
v 0.0935891 0.1267854 1.3668381
v 0.0898070 0.1281507 1.3569712
v 0.0758561 0.1300429 1.3601895
v 0.1027076 0.1275287 1.3528054
v 0.1141605 0.1257600 1.3462827
v 0.1241588 0.1213636 1.3375253
v 0.1349023 0.1182461 1.3269241
v 0.1479948 0.1207400 1.3425086
v 0.1374406 0.1234396 1.3549017
v 0.0836161 0.1228062 1.3825057
v 0.0650560 0.1214912 1.3875868
v -0.0356055 0.0770749 1.3855504
v -0.0510467 0.0612600 1.3801726
v 0.1188585 0.0889249 1.2662810
v 0.1108701 0.1073639 1.2708013
v 0.1014177 0.1214340 1.2778498
v 0.0924388 0.1317967 1.2860891
v 0.0845954 0.1383773 1.2955194
v 0.0771171 0.1427597 1.3053649
v 0.0702230 0.1446462 1.3157168
v 0.0823366 0.1384814 1.3206115
v 0.0640390 0.1441946 1.3264418
v 0.0779525 0.1381846 1.3300465
v 0.0584512 0.1419255 1.3377693
v 0.0561467 0.1377638 1.3503001
v 0.0570236 0.1321834 1.3628328
v 0.0598316 0.1270960 1.3748789
v 0.0231528 0.1155549 1.3932842
v 0.0453643 0.1202692 1.3906209
v 0.0101421 0.0997553 1.4076007
v 0.0194417 0.0932721 1.4199354
v -0.0076495 0.1142809 1.3779877
v 0.0014215 0.1071055 1.3939102
v 0.0739399 0.0137076 1.4726997
v 0.0505977 0.0118280 1.4731002
v 0.1591148 0.1034241 1.2776388
v 0.1637593 0.1009046 1.2668400
v 0.1540292 0.1013484 1.2709029
v 0.1531633 0.1033110 1.2779509
v 0.1737536 0.1000481 1.2667413
v 0.1746217 0.1034753 1.2834833
v 0.1837738 0.0987569 1.2711238
v 0.1671265 0.1034516 1.2790950
v 0.1918868 0.0969037 1.2790647
v 0.1824862 0.1025594 1.2899164
v 0.1971078 0.0961579 1.2888817
v 0.1882414 0.1018828 1.2973423
v 0.1917948 0.1008615 1.3036318
v 0.1987735 0.0962461 1.3005267
v 0.1732633 0.1131059 1.3414795
v 0.1812277 0.1087362 1.3273780
v 0.1876012 0.1045709 1.3137356
v 0.1425428 0.1144161 1.3149025
v 0.1515247 0.1106605 1.3025061
v 0.1594100 0.1069718 1.2905001
v 0.1668381 0.1075905 1.2955809
v 0.1583934 0.1117776 1.3079595
v 0.1491382 0.1165383 1.3211376
v -0.0439646 0.0861210 1.3718404
v -0.0279351 0.1018475 1.3754464
v 0.1070687 0.1268612 1.3618083
v 0.1188192 0.1257037 1.3560617
v 0.1300016 0.1234555 1.3474059
v 0.1403777 0.1204034 1.3348650
v 0.1258932 0.1251512 1.3646096
v 0.1134351 0.1246779 1.3719025
v 0.0995984 0.1241653 1.3775325
v -0.0185341 0.0931639 1.3907836
v -0.0588439 0.0702319 1.3672426
v 0.1847927 0.0138124 1.3585624
v 0.1919469 0.0266946 1.3760856
v 0.1958982 0.0463537 1.3899308
v 0.1903663 0.0677816 1.3994999
v -0.0021867 -0.0262582 1.4727185
v 0.1986928 0.0162672 1.1236471
v -0.0956089 0.0801291 1.3023377
v -0.0896288 0.0726033 1.3289120
v -0.0956829 0.0885156 1.2054198
v -0.1002365 0.0900693 1.2370546
v -0.0530933 0.1196173 1.0918060
v -0.0660616 0.1016124 1.0928056
v -0.0710217 0.1012249 1.1183011
v -0.0833177 0.0869949 1.0401605
v -0.0778365 0.0821004 1.0637895
v -0.0806621 0.0817256 1.1192282
v -0.0843472 0.0827338 1.1465912
v -0.0855887 0.1041174 1.2686384
v -0.0679725 0.0812720 1.3518410
v -0.0743268 0.0551731 1.3643828
v -0.0669421 0.0465002 1.3768316
v -0.0588847 0.0380820 1.3904195
v 0.1380874 -0.0190511 1.2459820
v 0.1368038 -0.0202026 1.2569076
v 0.1308788 -0.0309641 1.2544442
v 0.1325683 -0.0299457 1.2436080
v 0.1442576 0.0018147 1.2496544
v 0.1441977 0.0006250 1.2601452
v 0.1412131 -0.0095472 1.2588446
v 0.1417682 -0.0083013 1.2478543
v 0.1457277 0.0107955 1.2605652
v 0.1449427 0.0125252 1.2500094
v 0.1394144 -0.0178101 1.2350176
v 0.1429666 -0.0067822 1.2373523
v 0.1338847 -0.0286132 1.2326153
v 0.1446054 0.0134180 1.2398844
v 0.1444476 0.0034779 1.2391754
v 0.0920411 -0.1778340 1.4123103
v 0.0950565 -0.1950500 1.4126151
v 0.1015152 -0.2241176 1.4506506
v 0.1016377 -0.2236946 1.4555934
v 0.0797741 -0.1508701 1.4088142
v 0.0757360 -0.1416443 1.4050953
v 0.0945542 -0.2163813 1.4340811
v 0.0918204 -0.2115980 1.4203457
v 0.1039244 -0.2337833 1.4750669
v 0.1031598 -0.2314197 1.4722991
v 0.1015886 -0.2290496 1.4616745
v 0.1007696 -0.2267579 1.4584813
v 0.0721678 -0.1317953 1.4018223
v 0.0829008 -0.1632821 1.4107491
v 0.0670387 -0.1133528 1.3945760
v 0.0642757 -0.1054867 1.3900430
v 0.0690429 -0.0924049 1.3845506
v 0.0676620 -0.0880614 1.3755041
v 0.0756696 -0.0774118 1.2371448
v 0.0716832 -0.0802924 1.2781467
v 0.0729352 -0.0806803 1.2648070
v 0.0707585 -0.0805998 1.2944927
v 0.0684125 -0.0867308 1.3639517
v 0.0693843 -0.1217791 1.3985957
v 0.0981561 -0.2224809 1.4467872
v 0.0961175 -0.2185026 1.4419006
v 0.1024683 -0.2301759 1.4686815
v 0.1019760 -0.2296446 1.4651921
v 0.0599780 -0.0927437 1.3300930
v 0.0605935 -0.0914762 1.3107072
v 0.0740511 -0.0784942 1.2494459
v 0.0638175 -0.0792878 1.2225327
v 0.0631627 -0.0753078 1.2048120
v 0.0594066 -0.0941452 1.3482652
v 0.0614887 -0.0699964 1.1887676
v 0.0596172 0.1640197 0.8242170
v 0.0338304 0.1611646 0.8061711
v 0.0142879 0.1695600 0.8229005
v 0.0331952 0.1730669 0.8363934
v 0.0494821 0.1751351 0.8815695
v 0.0521941 0.1770624 0.9086120
v 0.0545089 0.1775152 0.9357523
v -0.0092760 0.1616637 0.8157848
v -0.0445622 0.1572929 0.8342580
v -0.0340067 0.1489014 0.8128882
v 0.0258142 0.1834857 0.9331944
v 0.0230694 0.1830628 0.9068461
v 0.0171265 0.1762095 0.8444398
v 0.0192651 0.1793377 0.8587252
v 0.0442294 0.1752960 0.8560975
v -0.0200745 0.1685154 0.8353663
v 0.0017797 0.1742547 0.8390922
v -0.0541879 0.1393910 0.9988435
v -0.0588883 0.1466338 0.9772432
v -0.0787517 0.1265855 0.9778791
v 0.0278949 0.1730755 1.0047350
v 0.0026818 0.1766279 0.9813948
v -0.0950967 0.0739796 0.8275358
v -0.0033757 0.1787826 0.8571244
v -0.0503300 0.1618298 0.8572269
v -0.0262102 0.1739931 0.8568607
v -0.0482389 0.1694858 0.9316709
v -0.0250424 0.1792003 0.9307769
v -0.0287414 0.1786063 0.9054535
v -0.0522613 0.1689782 0.9064537
v -0.0008930 0.1838806 0.9306153
v 0.0009455 0.1817437 0.9578294
v -0.0438760 0.1663339 0.9554562
v -0.0219464 0.1762508 0.9561969
v -0.0194908 0.1705312 0.9799940
v -0.0036467 0.1830207 0.9046054
v -0.0536514 0.1662595 0.8809795
v -0.0767556 0.1486825 0.8819761
v -0.0950274 0.1252827 0.8843434
v -0.1115100 0.0998211 0.8831913
v -0.1124412 0.1038777 0.9076614
v -0.0398272 0.1606739 0.9782606
v -0.0339821 0.1453913 1.0209402
v -0.0357410 0.1530289 1.0000058
v -0.0368727 0.1342541 1.0908212
v 0.1687968 -0.0197696 0.6323619
v -0.0032593 -0.0127768 0.7902309
v 0.0148972 -0.0285669 0.7916489
v 0.1607695 0.0902285 0.8737360
v 0.1102393 0.1475557 0.8431030
v 0.0762080 0.1643179 0.8504764
v 0.0537509 -0.0491824 0.7992979
v 0.0810436 -0.0522883 0.8090042
v 0.1690051 0.0542118 0.8723343
v 0.1509444 -0.0043077 0.8431507
v 0.0321605 -0.0399492 0.7940769
v 0.0206458 0.1822581 0.8816341
v -0.0047268 0.1816777 0.8792324
v -0.0290962 0.1768500 0.8800876
v -0.0740274 0.1441649 0.8583110
v -0.0939321 0.1198073 0.8617890
v -0.1077383 0.0936710 0.8631976
v 0.1013983 -0.0672282 0.8561979
v 0.0961746 -0.0752862 0.8674860
v 0.1004297 -0.0712244 0.8686286
v 0.0909368 -0.0800428 0.8814853
v 0.0895586 -0.0792182 0.8658625
v 0.0929508 -0.0732470 0.8512328
v 0.0857401 -0.0770790 0.8498138
v 0.0781932 -0.0729475 0.8358186
v 0.1356950 -0.0115501 0.9675691
v 0.1394215 0.0138907 0.9728614
v 0.1086422 -0.0709784 0.9592513
v 0.1195855 -0.0546011 0.9604551
v 0.1309807 0.0969038 0.9930444
v 0.1287686 -0.0348690 0.9629565
v 0.1403514 0.0408651 0.9793688
v 0.1376312 0.0701438 0.9870550
v -0.1071293 0.1034302 0.9575159
v -0.1010036 0.1003827 0.9816175
v 0.0949794 -0.0833919 0.9588527
v 0.0879656 -0.1972690 1.4134789
v 0.0850146 -0.1791737 1.4124795
v 0.1259733 -0.2383384 1.5933749
v 0.0421059 -0.0565150 1.4865740
v 0.1156044 -0.2409702 1.5362049
v 0.0997721 -0.2241035 1.4554881
v 0.1048443 -0.2370708 1.4762030
v 0.0607936 -0.0988886 1.3843417
v 0.0583036 -0.0946417 1.3746573
v 0.0016968 -0.0207624 0.7958972
v 0.0586859 -0.0943584 1.3624586
v -0.0098888 -0.0103156 0.7943612
v -0.0903256 0.0861933 1.1749946
v -0.0056468 0.0762429 0.2023245
v -0.0164975 0.0850103 0.2086484
v -0.0184294 0.0899685 0.1801682
v -0.0088120 0.0799371 0.1748948
v -0.0200914 0.1172540 0.2213498
v -0.0239235 0.1037637 0.2173369
v -0.0099226 0.1285050 0.2217682
v 0.0033306 0.1340254 0.2183617
v -0.0055881 0.1346575 0.1904459
v -0.0178895 0.1314702 0.1935387
v 0.0152852 0.1335598 0.2141122
v 0.0179203 0.1325692 0.1824992
v 0.0268857 0.1300602 0.2097248
v 0.0404201 0.1192543 0.2030699
v 0.0304750 0.1214324 0.1772140
v 0.0474597 0.1013073 0.1938668
v 0.0379873 0.1040852 0.1689523
v 0.0440700 0.0836389 0.1881420
v 0.0087763 0.0709448 0.1953359
v 0.0047608 0.0721820 0.1686727
v -0.0269687 0.1212257 0.1930745
v -0.0284250 0.1088782 0.1887888
v -0.0240053 0.0987510 0.1841886
v -0.0220373 0.0942201 0.2132509
v -0.0224949 0.0922290 0.1525672
v -0.0145976 0.0785678 0.1482495
v -0.0350200 0.1256683 0.1661628
v -0.0317269 0.1121359 0.1605278
v -0.0148457 0.1377631 0.1645861
v -0.0271676 0.1365526 0.1676758
v 0.0119652 0.1386481 0.1574188
v -0.0013619 0.1390475 0.1610028
v 0.0058783 0.1344951 0.1866580
v 0.0237462 0.1269797 0.1524119
v 0.0343094 0.1072550 0.1449351
v 0.0011673 0.0699478 0.1426946
v -0.0273555 0.1020934 0.1560401
v 0.1159205 0.0263366 0.0052214
v 0.1162337 0.0250091 0.0098520
v 0.1135105 0.0212903 0.0101061
v 0.1112776 0.0209107 0.0049320
v 0.0939175 -0.0091986 0.0032185
v 0.0973050 -0.0138673 0.0123866
v 0.0892773 -0.0178436 0.0126239
v 0.0836211 -0.0150415 0.0025976
v 0.1052365 0.0046424 0.0024014
v 0.1030603 0.0081735 0.0004567
v 0.1062514 0.0120743 0.0000000
v 0.1109887 0.0103810 0.0017839
v 0.1133469 0.0613567 0.0169383
v 0.1102756 0.0638272 0.0134873
v 0.1124237 0.0680692 0.0140060
v 0.1155858 0.0674414 0.0170052
v 0.1138769 0.0399394 0.0087026
v 0.1106672 0.0427272 0.0055720
v 0.1129148 0.0465790 0.0063293
v 0.1165902 0.0461197 0.0087129
v 0.0860636 0.0033658 0.0249845
v 0.0753767 -0.0048891 0.0286999
v 0.0827211 -0.0129482 0.0184373
v 0.0935903 -0.0060634 0.0182325
v 0.0732005 -0.0131846 0.0123755
v 0.0644475 -0.0040715 0.0212238
v 0.0655753 0.0032661 0.0134621
v 0.0746623 -0.0055018 0.0080504
v 0.0763112 0.0101422 0.0106117
v 0.0836843 0.0015573 0.0058140
v 0.0860557 0.0106812 0.0146820
v 0.0957213 0.0024532 0.0094158
v 0.1012383 0.0234871 0.0141104
v 0.1011157 0.0181614 0.0216486
v 0.1082951 0.0120333 0.0129237
v 0.1097949 0.0182433 0.0066191
v 0.0941408 0.0091188 0.0213443
v 0.1029699 0.0057032 0.0127501
v 0.0872884 0.0088516 0.0121196
v 0.0874144 0.0160508 0.0085372
v 0.0969612 0.0101982 0.0033023
v 0.0968423 0.0027810 0.0067288
v 0.0939784 0.0232685 0.0087114
v 0.1026777 0.0174682 0.0027872
v 0.1092982 0.0355119 0.0228449
v 0.1028794 0.0268646 0.0215676
v 0.1091854 0.0232624 0.0139023
v 0.1139061 0.0290706 0.0140663
v 0.1032947 0.0213950 0.0069886
v 0.0967953 0.0261791 0.0126363
v 0.0975055 0.0326525 0.0092239
v 0.1048837 0.0272082 0.0043254
v 0.1037282 0.0399347 0.0098321
v 0.1098295 0.0329355 0.0039606
v 0.1100801 0.0403400 0.0160069
v 0.1151748 0.0335187 0.0084951
v 0.1122436 0.0599478 0.0196835
v 0.1127117 0.0556535 0.0264304
v 0.1162312 0.0492462 0.0182626
v 0.1156999 0.0532377 0.0125969
v 0.1091150 0.0477742 0.0250897
v 0.1131923 0.0435641 0.0182208
v 0.1088601 0.0402918 0.0140289
v 0.1060287 0.0452227 0.0191800
v 0.1025747 0.0509024 0.0125535
v 0.1061583 0.0449251 0.0077262
v 0.1063508 0.0590184 0.0131188
v 0.1104958 0.0517290 0.0077368
v 0.1124220 0.0766898 0.0311094
v 0.1159850 0.0706649 0.0251936
v 0.1142895 0.0739606 0.0203004
v 0.1086382 0.0805498 0.0258484
v 0.1110950 0.0687059 0.0303157
v 0.1138357 0.0648404 0.0251408
v 0.1093689 0.0625253 0.0209264
v 0.1078436 0.0664686 0.0247824
v 0.1027889 0.0704120 0.0181094
v 0.1056228 0.0658588 0.0148207
v 0.1048325 0.0777654 0.0198201
v 0.1094835 0.0726448 0.0151666
v 0.0811385 0.0151584 0.0314273
v 0.0686741 0.0041746 0.0381093
v 0.0820106 -0.0105005 0.0042237
v 0.0572597 0.0058713 0.0286853
v 0.0870529 -0.0063914 0.0029482
v 0.0726972 0.0208479 0.0153380
v 0.0587772 0.0137828 0.0198921
v 0.0820841 0.0134480 0.0178413
v 0.1112176 0.0082424 0.0075632
v 0.0861011 0.0360703 0.0145149
v 0.0938598 0.0288972 0.0169154
v 0.1078890 0.0043285 0.0077898
v 0.0934351 0.0295049 0.0302664
v 0.1004732 0.0482595 0.0309227
v 0.1096212 0.0244443 0.0020917
v 0.1121896 0.0276085 0.0017498
v 0.0953154 0.0537066 0.0156454
v 0.1054938 0.0466150 0.0210866
v 0.1176661 0.0448200 0.0133645
v 0.0991651 0.0714040 0.0190734
v 0.1084701 0.0668345 0.0251342
v 0.1159062 0.0415306 0.0133758
v 0.1056565 0.0674059 0.0349061
v 0.1162613 0.0666849 0.0206761
v 0.0988770 0.0861602 0.0232787
v 0.1026429 0.0905716 0.0317852
v 0.1154259 0.0632009 0.0208534
v 0.1064254 0.0835783 0.0380543
v 0.0190893 0.0710018 0.1634260
v 0.0225810 0.0695217 0.1896370
v 0.0346961 0.0734872 0.1865394
v 0.0303836 0.0757469 0.1609072
v 0.0370521 0.0869111 0.1629962
v 0.0175234 0.0689097 0.1389955
v 0.0296496 0.0755973 0.1374119
v 0.0346926 0.0886741 0.1391659
v 0.0202576 0.1347039 0.1318571
v 0.0066023 0.1459681 0.1383377
v -0.0086652 0.1440224 0.1415772
v -0.0225426 0.1443815 0.1451561
v -0.0359551 0.1435585 0.1483747
v -0.0006879 0.0705256 0.1200488
v 0.0189952 0.0657894 0.1177635
v 0.0338615 0.0721116 0.1172139
v 0.0390039 0.0883238 0.1189209
v 0.0582338 0.0119883 0.0492745
v 0.0725790 0.0234255 0.0495966
v 0.0614487 0.0325049 0.0644108
v 0.0458748 0.0266516 0.0564749
v 0.0822676 0.0385019 0.0464094
v 0.0721211 0.0479223 0.0636785
v 0.0888703 0.0565555 0.0455739
v 0.0771387 0.0658423 0.0614403
v 0.0934896 0.0753221 0.0466097
v 0.0798376 0.0839915 0.0598165
v 0.0963094 0.0924258 0.0464815
v 0.0810437 0.1017328 0.0567615
v 0.0946082 0.1027022 0.0391713
v 0.0799751 0.1137361 0.0488211
v 0.0456500 0.0150621 0.0360271
v 0.0350747 0.0312086 0.0438674
v 0.0469410 0.0264551 0.0253347
v 0.0361194 0.0422579 0.0322208
v 0.0576420 0.0382891 0.0239026
v 0.0453340 0.0542653 0.0311807
v 0.0747752 0.1118089 0.0362977
v 0.0888868 0.0985804 0.0278512
v 0.0685345 0.0540873 0.0239282
v 0.0552740 0.0696641 0.0320387
v 0.0770411 0.0707196 0.0237314
v 0.0627631 0.0859093 0.0317507
v 0.0833680 0.0859471 0.0247899
v 0.0688074 0.1005155 0.0324703
v 0.0447977 0.0445606 0.0779933
v 0.0592002 0.0569488 0.0826766
v 0.0625997 0.0748863 0.0801712
v 0.0637628 0.0939575 0.0768432
v 0.0626310 0.1123718 0.0697482
v 0.0618527 0.1250753 0.0601291
v 0.0471130 0.1092024 0.0979042
v 0.0420337 0.1254107 0.0808437
v 0.0409869 0.1350727 0.0688808
v 0.0212841 0.1457910 0.0776554
v 0.0229870 0.1394056 0.0907521
v -0.0112977 0.1603904 0.1039747
v 0.0043146 0.1512911 0.0988334
v 0.0031952 0.1583025 0.0858462
v -0.0133177 0.1685137 0.0900883
v 0.0290855 0.1293355 0.1066037
v 0.0108138 0.1419817 0.1149922
v -0.0048842 0.1485921 0.1210342
v -0.0404121 0.1718153 0.0966727
v -0.0370388 0.1671252 0.1123249
v -0.0237153 0.1655200 0.1079665
v -0.0265794 0.1731552 0.0934378
v -0.0558662 0.1633441 0.0967194
v -0.0535540 0.1605687 0.1137907
v -0.0583105 0.1416915 0.1081213
v -0.0618879 0.1452045 0.0925002
v -0.0296901 0.1546721 0.1290971
v -0.0175665 0.1521635 0.1248329
v -0.0441261 0.1513010 0.1315674
v -0.0488246 0.1349447 0.1270773
v -0.0503325 0.1242130 0.1012200
v -0.0420915 0.1196110 0.1205587
v -0.0556613 0.1273741 0.0863068
v 0.0305570 0.0439854 0.0647493
v 0.0239884 0.0500955 0.0540239
v 0.0503490 0.0830771 0.1007442
v 0.0449748 0.0651562 0.1007572
v 0.0247340 0.0581054 0.0962467
v 0.0117031 0.0593689 0.0757441
v 0.0078768 0.0686818 0.0627196
v -0.0073648 0.0749738 0.0819550
v -0.0087470 0.0839300 0.0697585
v 0.0245998 0.0599329 0.0446833
v 0.0100569 0.0779893 0.0564146
v -0.0070732 0.0925239 0.0635573
v -0.0230935 0.0891135 0.0876836
v -0.0249784 0.0961690 0.0751268
v -0.0332427 0.1021521 0.0932609
v -0.0368272 0.1069057 0.0794043
v -0.0464686 0.1160851 0.0825820
v -0.0410778 0.1126947 0.0971423
v -0.0289528 0.0986906 0.1118957
v -0.0352191 0.1088598 0.1161739
v -0.0186421 0.0854487 0.1058974
v -0.0020707 0.0708582 0.1005433
v 0.0572550 0.1249764 0.0472834
v 0.0377186 0.1360050 0.0579277
v 0.0178959 0.1456920 0.0676966
v -0.0009532 0.1576664 0.0739677
v -0.0177200 0.1656553 0.0777883
v -0.0297289 0.1691025 0.0808423
v -0.0415231 0.1681901 0.0839853
v -0.0528252 0.1597796 0.0851495
v -0.0576959 0.1468284 0.0824747
v -0.0530346 0.1333900 0.0766600
v -0.0456987 0.1234222 0.0720847
v -0.0236550 0.1046764 0.0671313
v -0.0364573 0.1145316 0.0691269
v -0.0176446 0.0804748 0.1251064
v -0.0273959 0.0937381 0.1309085
v -0.0318047 0.1042555 0.1349972
v -0.0406898 0.1291344 0.1448358
v -0.0355221 0.1148869 0.1390428
v 0.0308428 0.0721685 0.0415624
v 0.0393139 0.0871346 0.0419510
v 0.0459944 0.1024427 0.0417611
v 0.0515786 0.1156201 0.0425920
v 0.0327887 0.1288058 0.0529348
v 0.0270778 0.1174073 0.0518338
v 0.0202845 0.1031667 0.0512834
v 0.0144373 0.0888491 0.0528766
v 0.0132035 0.1391283 0.0616688
v 0.0081556 0.1290943 0.0596683
v 0.0010646 0.1164065 0.0589432
v -0.0035394 0.1032846 0.0598230
v -0.0209642 0.1149049 0.0632164
v -0.0171936 0.1268747 0.0637869
v -0.0105452 0.1383812 0.0651919
v -0.0061706 0.1486141 0.0679545
v -0.0214764 0.1558232 0.0726166
v -0.0249966 0.1454625 0.0700207
v -0.0305379 0.1346871 0.0682045
v -0.0336670 0.1244100 0.0670270
v -0.0312651 0.1592610 0.0756256
v -0.0479824 0.1555272 0.0793539
v -0.0398868 0.1596613 0.0780414
v -0.0519132 0.1475208 0.0775035
v -0.0478327 0.1388109 0.0736602
v -0.0415673 0.1314881 0.0700783
v -0.0431903 0.1442848 0.0740140
v -0.0377656 0.1399193 0.0713112
v -0.0333319 0.1496637 0.0731151
v -0.0397294 0.1518719 0.0755499
v -0.0466923 0.1480921 0.0763392
v -0.0448148 0.1519227 0.0770886
v 0.0331916 0.1115908 0.1218202
v 0.0086490 -0.0352889 1.4798600
v -0.0357863 0.0083782 1.4314210
v 0.1142614 -0.0252055 0.4482947
v 0.1281923 -0.0179305 0.4447173
v 0.1402473 -0.0082877 0.4464470
v 0.1637283 0.0222738 0.8704199
v 0.1320282 0.0006700 1.0965573
v 0.1239954 0.0085573 1.1324698
v 0.1281080 0.0053085 1.1149720
v 0.1674784 0.0211127 0.8456386
v 0.1119451 0.0770357 1.1608999
v -0.1026818 0.0851416 0.8453871
v -0.0525211 0.0303669 1.4025451
v 0.1362019 -0.0212141 1.2698862
v -0.1111157 0.1052905 0.9332697
v 0.1734841 -0.1221432 1.5218972
v 0.1704385 -0.1205855 1.5215803
v 0.1691196 -0.1188413 1.5186596
v 0.1670867 -0.1147038 1.5191680
v 0.1658738 -0.1113860 1.5190850
v 0.1656247 -0.1090336 1.5188409
v 0.1700085 -0.1163926 1.5203180
v 0.1687079 -0.1149284 1.5243292
v 0.1700504 -0.1176437 1.5224336
v 0.1712138 -0.1182676 1.5211284
v 0.0596186 -0.0892333 1.2918965
v 0.0605295 -0.0879701 1.2762298
v 0.0616436 -0.0861811 1.2624774
v 0.0626306 -0.0845668 1.2491853
v 0.0993059 -0.2248258 1.4509048
v 0.1042355 -0.0885001 1.0354844
v 0.1015592 -0.0864380 1.0521249
v -0.0768713 0.0809405 1.0934028
v 0.0999910 -0.0857590 0.9915233
v 0.1006272 -0.0861239 1.0689204
v -0.0991479 0.0863605 1.2718509
v 0.0634295 -0.0819747 1.2369973
v 0.0974219 -0.0845253 0.9756145
v -0.0832409 0.0647439 1.3505559
v 0.0966644 -0.0838915 1.0899045
v 0.0918574 -0.0802561 0.8995530
v 0.0791783 -0.0742352 1.1436527
v 0.0774525 -0.2356948 1.5754465
v 0.0621876 -0.2267801 1.5712049
v 0.0677362 -0.2324043 1.5591653
v 0.0804693 -0.2398264 1.5602269
v 0.0702615 -0.2365074 1.5492970
v 0.0813355 -0.2407807 1.5481504
v 0.0528287 -0.2164854 1.5647521
v 0.0583049 -0.2236145 1.5557816
v 0.0440361 -0.2104167 1.5250958
v 0.0477077 -0.2117656 1.5335190
v 0.0416017 -0.2045018 1.5341828
v 0.0372066 -0.2015151 1.5227672
v 0.0385018 -0.2041722 1.4990123
v 0.0332128 -0.1925472 1.4935740
v 0.0383217 -0.1998914 1.4823917
v 0.0441352 -0.2094383 1.4888618
v 0.0808415 -0.2269893 1.4939561
v 0.0788013 -0.2274711 1.5005336
v 0.0720810 -0.2268262 1.4959531
v 0.0747550 -0.2256093 1.4885669
v 0.0925305 -0.2325085 1.5014420
v 0.0983960 -0.2381456 1.5026129
v 0.0983630 -0.2346915 1.5091500
v 0.0919170 -0.2303650 1.5071504
v 0.0849463 -0.2258051 1.4878154
v 0.0787074 -0.2236263 1.4824869
v 0.0878098 -0.2301585 1.4933812
v 0.0865568 -0.2286549 1.4984500
v 0.0918805 -0.2385932 1.4850997
v 0.0955890 -0.2425627 1.4840688
v 0.0959075 -0.2441379 1.4896629
v 0.0913052 -0.2383719 1.4904233
v 0.0867186 -0.2302095 1.4864678
v 0.0902573 -0.2310495 1.4825190
v 0.0898806 -0.2344376 1.4846200
v 0.0878508 -0.2334947 1.4890864
v 0.0925097 -0.2352105 1.4956934
v 0.0976230 -0.2415044 1.4962100
v 0.1027890 -0.2473225 1.4955333
v 0.1013014 -0.2494010 1.4873144
v 0.0621065 -0.2201175 1.4783505
v 0.0669469 -0.2202604 1.4737815
v 0.0724343 -0.2223012 1.4781267
v 0.0682248 -0.2235736 1.4835072
v 0.0882548 -0.2273213 1.4805666
v 0.0835057 -0.2262726 1.4653963
v 0.0897451 -0.2287827 1.4647865
v 0.0902625 -0.2295321 1.4687903
v 0.0834582 -0.2269208 1.4695043
v 0.0521168 -0.2105814 1.4665111
v 0.0500707 -0.2055811 1.4587476
v 0.0576672 -0.2102109 1.4570553
v 0.0588971 -0.2135478 1.4634530
v 0.0589917 -0.2077668 1.4500854
v 0.0510537 -0.2015400 1.4496529
v 0.0586580 -0.1985279 1.4321040
v 0.0662656 -0.2085004 1.4365370
v 0.0621794 -0.2070752 1.4435800
v 0.0539888 -0.1991828 1.4409185
v 0.0795545 -0.2151415 1.4393897
v 0.0719344 -0.2108684 1.4297946
v 0.0783282 -0.2127330 1.4247506
v 0.0853710 -0.2161612 1.4366745
v 0.0825105 -0.2216737 1.4599617
v 0.0832040 -0.2243159 1.4621570
v 0.0784959 -0.2218868 1.4626198
v 0.0782217 -0.2200011 1.4608316
v 0.0735050 -0.2179660 1.4617420
v 0.0741251 -0.2188110 1.4622904
v 0.0726733 -0.2189509 1.4633005
v 0.0716675 -0.2174126 1.4619318
v 0.0755594 -0.2188029 1.4612819
v 0.0744530 -0.2180275 1.4604165
v 0.0767150 -0.2189543 1.4589491
v 0.0803341 -0.2210511 1.4570507
v 0.0942762 -0.2252480 1.4518140
v 0.0956750 -0.2246683 1.4563635
v 0.0924764 -0.2240985 1.4571302
v 0.0900824 -0.2248807 1.4529851
v 0.0745895 -0.2207594 1.4643299
v 0.0781615 -0.2231320 1.4650487
v 0.0773257 -0.2239128 1.4684444
v 0.0728683 -0.2212712 1.4667087
v 0.0702206 -0.2210183 1.4698930
v 0.0665118 -0.2180450 1.4665721
v 0.0700700 -0.2188405 1.4646334
v 0.0722261 -0.2167089 1.4600272
v 0.0685635 -0.2165854 1.4622015
v 0.0688023 -0.2148930 1.4591972
v 0.0706236 -0.2150991 1.4557208
v 0.0742862 -0.2175272 1.4575974
v 0.0777194 -0.2194047 1.4548295
v 0.0738572 -0.2165043 1.4519277
v 0.0787643 -0.2181356 1.4482514
v 0.0824792 -0.2217290 1.4516689
v 0.0756436 -0.2235759 1.4729151
v 0.0643231 -0.2151670 1.4627317
v 0.0621022 -0.2168205 1.4692233
v 0.0641829 -0.2128767 1.4578141
v 0.0659606 -0.2119580 1.4529707
v 0.0739730 -0.2140581 1.4431845
v 0.0690733 -0.2127355 1.4478560
v 0.0647723 -0.1993572 1.4232942
v 0.0731214 -0.1998148 1.4174407
v 0.0724634 -0.2355813 1.5423821
v 0.0814283 -0.2375283 1.5411283
v 0.0699081 -0.2305076 1.5357019
v 0.0740034 -0.2319128 1.5353955
v 0.0737669 -0.2332686 1.5380687
v 0.0688045 -0.2308923 1.5383887
v 0.0543738 -0.2164077 1.5336314
v 0.0511679 -0.2154320 1.5274646
v 0.0580587 -0.2190017 1.5300867
v 0.0598631 -0.2205456 1.5337451
v 0.0642664 -0.2232483 1.5199538
v 0.0684915 -0.2253681 1.5259726
v 0.0654831 -0.2240951 1.5277276
v 0.0602506 -0.2215873 1.5223976
v 0.0722990 -0.2263871 1.5246032
v 0.0694319 -0.2247061 1.5188398
v 0.0745966 -0.2257347 1.5187717
v 0.0764277 -0.2269518 1.5239569
v 0.0808560 -0.2337660 1.5373577
v 0.0795720 -0.2326374 1.5345724
v 0.0852689 -0.2307758 1.5333647
v 0.0876652 -0.2318510 1.5361154
v 0.0925945 -0.2238161 1.5261910
v 0.0956126 -0.2248905 1.5251537
v 0.0961473 -0.2261358 1.5291539
v 0.0925980 -0.2249507 1.5285628
v 0.0909022 -0.2242382 1.5246511
v 0.0925729 -0.2248443 1.5225457
v 0.0886944 -0.2364073 1.5961297
v 0.0719570 -0.2278054 1.5925950
v 0.0918336 -0.2415096 1.5764797
v 0.0569007 -0.2174278 1.5846839
v 0.0478228 -0.2067641 1.5748712
v 0.0343631 -0.1913946 1.4749013
v 0.0419988 -0.1991914 1.4649131
v 0.0450171 -0.2059626 1.4729793
v 0.0335240 -0.1840734 1.4654689
v 0.0419948 -0.1935733 1.4549249
v 0.0508993 -0.1839320 1.4330219
v 0.0443039 -0.1881903 1.4433321
v 0.0266234 -0.1718974 1.4798059
v 0.0263244 -0.1642422 1.4724182
v 0.0352436 -0.1759296 1.4547717
v 0.0230976 -0.1550488 1.4902222
v 0.0247507 -0.1475721 1.4894543
v 0.0280186 -0.1539969 1.4662960
v 0.0378956 -0.1461703 1.4323035
v 0.0250030 -0.1429870 1.4450901
v 0.0190954 -0.1373789 1.4400413
v 0.0331476 -0.1398496 1.4274283
v 0.0286646 -0.1808873 1.4874363
v 0.0406258 -0.1986967 1.5472926
v 0.0348447 -0.1936821 1.5347462
v 0.0467136 -0.2085693 1.5437495
v 0.0477382 -0.1885560 1.6114790
v 0.0381210 -0.1828185 1.5963627
v 0.0436812 -0.1949446 1.5856095
v 0.0530910 -0.2039358 1.5988123
v 0.0830441 -0.1990524 1.6363246
v 0.0633774 -0.1947123 1.6257151
v 0.0675566 -0.2136130 1.6100439
v 0.0860699 -0.2219329 1.6177801
v 0.0340737 -0.1683726 1.6034789
v 0.0439513 -0.1687638 1.6195160
v 0.0373361 -0.1472401 1.6223945
v 0.0302299 -0.1519855 1.6063135
v 0.0576262 -0.1691143 1.6364460
v 0.0514161 -0.1425574 1.6394130
v 0.0245440 -0.1380384 1.4976319
v 0.0218932 -0.1391707 1.4799679
v 0.0196179 -0.1379995 1.4670329
v 0.0291044 -0.1481217 1.4530790
v 0.0690143 -0.1371623 1.6516608
v 0.0770171 -0.1689659 1.6482031
v 0.0287412 -0.1018859 1.5923093
v 0.0228210 -0.1150100 1.5820591
v 0.0239636 -0.1266765 1.5937471
v 0.0308252 -0.1129005 1.6081834
v 0.0374108 -0.0874255 1.6023719
v 0.0413740 -0.0997439 1.6203004
v 0.0301869 -0.0956686 1.5400297
v 0.0387888 -0.0813274 1.5454310
v 0.0389429 -0.0866077 1.5276256
v 0.0297837 -0.0986851 1.5237159
v 0.0617553 -0.2303448 1.5477617
v 0.0558635 -0.2229147 1.5449099
v 0.0612455 -0.2262479 1.5406270
v 0.0660982 -0.2315298 1.5421264
v 0.0464428 -0.2064578 1.5566714
v 0.0516707 -0.2155600 1.5503629
v 0.0364020 -0.1862420 1.5742685
v 0.0327316 -0.1767657 1.5827159
v 0.0254224 -0.1529018 1.5928617
v 0.0284106 -0.1653503 1.5889982
v 0.0209674 -0.1246740 1.5722563
v 0.0209512 -0.1317675 1.5799131
v 0.0235105 -0.1257173 1.5138556
v 0.0256543 -0.1121643 1.5193759
v 0.0218035 -0.1134436 1.5011040
v 0.0195658 -0.1257281 1.4937963
v 0.0338706 -0.0895014 1.5120572
v 0.0284521 -0.1011851 1.5077581
v 0.0105271 -0.1234737 1.4702742
v 0.0131270 -0.1108259 1.4790574
v 0.0065635 -0.1092881 1.4728934
v 0.0052466 -0.1207672 1.4636797
v 0.0084367 -0.0967624 1.4800650
v 0.0172060 -0.0991732 1.4860033
v 0.0223832 -0.0885945 1.4914675
v 0.0117576 -0.0856234 1.4849736
v 0.0561383 -0.1374369 1.4099028
v 0.0459828 -0.1390438 1.4177767
v 0.0407336 -0.1325122 1.4133784
v 0.0520752 -0.1297782 1.4057876
v -0.0003396 -0.1180058 1.4590458
v -0.0020103 -0.1079984 1.4704754
v 0.0268740 -0.1089152 1.5363321
v 0.0248217 -0.1208467 1.5339286
v -0.0019496 -0.0954260 1.4781808
v 0.0188763 -0.1126429 1.4887166
v 0.0237116 -0.1016171 1.4945806
v 0.0427510 -0.0788772 1.5139503
v 0.0479866 -0.0744215 1.5302841
v 0.0853641 -0.2280498 1.5042223
v 0.0847071 -0.2258496 1.5199845
v 0.0890146 -0.2253549 1.5209055
v 0.0885860 -0.2253873 1.5239931
v 0.0849562 -0.2263220 1.5236336
v 0.1061380 -0.2450691 1.5536706
v 0.0936680 -0.2437513 1.5577657
v 0.0925615 -0.2426816 1.5439458
v 0.1044725 -0.2410499 1.5378243
v 0.0528776 -0.2198538 1.4978387
v 0.0566885 -0.2203575 1.4856639
v 0.0645292 -0.2249986 1.4909382
v 0.0633844 -0.2251270 1.5008990
v 0.0631893 -0.2232934 1.5336098
v 0.0648415 -0.2257503 1.5348376
v 0.0624062 -0.2237968 1.5363178
v 0.0564771 -0.2156097 1.4728550
v 0.0500848 -0.2132650 1.4795236
v 0.0312263 -0.1888568 1.5211225
v 0.0521143 -0.2159109 1.5406488
v 0.1048213 -0.2014118 1.6408593
v 0.1064408 -0.2264458 1.6202945
v 0.1000272 -0.1688148 1.6542231
v 0.0930936 -0.1343207 1.6578370
v 0.0568864 -0.0885539 1.6303944
v 0.0740020 -0.0783226 1.6379063
v 0.0706629 -0.0634350 1.6166519
v 0.0516161 -0.0746028 1.6091186
v 0.0468040 -0.0659178 1.5485793
v 0.0294015 -0.0781275 1.4943068
v 0.0191670 -0.0747136 1.4870163
v 0.1072609 -0.2405448 1.5961127
v 0.1069103 -0.2439865 1.5741866
v 0.0407008 -0.1964895 1.5638769
v 0.0424194 -0.2112042 1.5159913
v 0.0449806 -0.2142069 1.5065521
v 0.0522541 -0.2198309 1.5150433
v 0.0500938 -0.2168931 1.5211852
v 0.0362180 -0.2006848 1.5105546
v 0.0307996 -0.1871814 1.5063122
v 0.0254265 -0.1718053 1.5033435
v 0.0228936 -0.1621729 1.4948735
v 0.0347684 -0.1265981 1.6192476
v 0.0268535 -0.1367508 1.6045242
v 0.0608343 -0.1088461 1.6465453
v 0.0446422 -0.1189078 1.6344510
v 0.0237736 -0.1400866 1.5931781
v 0.0832296 -0.1030501 1.6551433
v 0.0911264 -0.2297658 1.4730849
v 0.0931415 -0.2302297 1.4768641
v 0.0834456 -0.2262422 1.4756063
v 0.0875098 -0.2228698 1.4491910
v 0.0848223 -0.2191333 1.4451833
v 0.0893060 -0.2188211 1.4436063
v 0.0921380 -0.2229442 1.4477640
v 0.0700896 -0.1829265 1.4167968
v 0.0606083 -0.1828694 1.4236101
v 0.0603906 -0.1462103 1.4133647
v 0.0503510 -0.1463928 1.4217363
v 0.0953968 -0.2362828 1.4831494
v 0.0940238 -0.2341617 1.4831607
v 0.0963767 -0.2344842 1.4829908
v 0.0969067 -0.2364786 1.4830103
v 0.0756304 -0.2200287 1.4628845
v 0.0945436 -0.2297218 1.4634893
v 0.0937339 -0.2274596 1.4603605
v 0.0967583 -0.2274418 1.4593987
v 0.0977857 -0.2296332 1.4624637
v 0.0413963 -0.1668990 1.4413961
v 0.0410882 -0.1548281 1.4373007
v 0.0092190 -0.1305546 1.4525117
v 0.0149827 -0.1345821 1.4589158
v 0.0150919 -0.1254270 1.4796437
v 0.0279940 -0.0901214 1.5008323
v 0.0366934 -0.0796840 1.5034793
v 0.0472308 -0.0707917 1.5031391
v 0.0542271 -0.0692301 1.5147429
v 0.0559122 -0.1680867 1.4249155
v 0.0533316 -0.1560919 1.4239993
v 0.0641543 -0.1566394 1.4161351
v 0.0670416 -0.1682703 1.4168475
v 0.1005358 -0.2360311 1.4792902
v 0.0992076 -0.2337836 1.4791353
v 0.1008396 -0.2336305 1.4764447
v 0.1020266 -0.2368453 1.4775728
v 0.0930822 -0.2323899 1.4821768
v 0.0945868 -0.2309164 1.4793899
v 0.0952657 -0.2314042 1.4811437
v 0.0928445 -0.2342926 1.4830150
v 0.0940001 -0.2370015 1.4833837
v 0.0993587 -0.2406572 1.4818542
v 0.1006246 -0.2453398 1.4809439
v 0.0962004 -0.2397329 1.4827291
v 0.0987192 -0.2354332 1.4812663
v 0.0979470 -0.2333416 1.4808139
v 0.0958878 -0.2323431 1.4824194
v 0.0944177 -0.2327635 1.4828660
v 0.0987621 -0.2387519 1.4823245
v 0.0968106 -0.2378596 1.4828418
v 0.1039615 -0.2434901 1.5028274
v 0.0688280 -0.1443357 1.4082339
v 0.0725947 -0.1549735 1.4112193
v 0.0743339 -0.2184436 1.4617536
v 0.0901974 -0.2365804 1.5387904
v 0.0581323 -0.2231030 1.5111500
v 0.0782336 -0.2268415 1.5072259
v 0.0787203 -0.2261535 1.5133420
v 0.0724876 -0.2256609 1.5119104
v 0.0717495 -0.2265857 1.5039602
v 0.0978954 -0.2336324 1.5345749
v 0.1011637 -0.2298727 1.5287312
v 0.1064562 -0.2354356 1.5277251
v 0.1001174 -0.2281556 1.5226603
v 0.0956069 -0.2263883 1.5189441
v 0.0976335 -0.2306974 1.5145667
v 0.1042712 -0.2350099 1.5187500
v 0.0653262 -0.2273338 1.5378986
v 0.0670703 -0.2281117 1.5356599
v 0.0912053 -0.2279831 1.5121329
v 0.0902140 -0.2258761 1.5168171
v 0.0848598 -0.2259576 1.5151120
v 0.0848253 -0.2269131 1.5097207
v 0.0655185 -0.2248342 1.5107837
v 0.0578107 -0.2205912 1.5380874
v 0.0582814 -0.2195700 1.5261448
v 0.0231428 -0.1323853 1.5222281
v 0.0217573 -0.1283102 1.5354821
v 0.0217276 -0.1472003 1.5081269
v 0.0229152 -0.1433548 1.5110868
v 0.0260126 -0.1440366 1.5039560
v 0.0233565 -0.1489285 1.5024352
v 0.0212326 -0.1441115 1.5654632
v 0.0225995 -0.1483178 1.5639742
v 0.0234962 -0.1507662 1.5698427
v 0.0226394 -0.1430708 1.5717465
v 0.0236485 -0.1556364 1.5640572
v 0.0233980 -0.1547225 1.5608750
v 0.0233668 -0.1577705 1.5589695
v 0.0251739 -0.1581217 1.5661527
v 0.0258668 -0.1644345 1.5608039
v 0.0291329 -0.1705145 1.5704447
v 0.0263515 -0.1616675 1.5763642
v 0.0335862 -0.1849307 1.5503717
v 0.0322988 -0.1772660 1.5621840
v 0.0270501 -0.1684121 1.5536138
v 0.0285184 -0.1699062 1.5444395
v 0.0232771 -0.1594579 1.5110840
v 0.0214321 -0.1549699 1.5039799
v 0.0257875 -0.1378303 1.5108775
v 0.0364871 -0.0807173 1.5830000
v 0.0277964 -0.0966451 1.5753037
v 0.0227663 -0.1093750 1.5671549
v 0.0220936 -0.1199922 1.5606410
v 0.0468684 -0.0658044 1.5897611
v 0.0614213 -0.0547345 1.5899132
v 0.0291631 -0.1806055 1.5342804
v 0.0262079 -0.1674506 1.5326829
v 0.0297160 -0.0941456 1.5575776
v 0.0372284 -0.0781442 1.5640011
v 0.0254521 -0.1076687 1.5512212
v 0.0233259 -0.1186144 1.5475402
v 0.0469950 -0.0635363 1.5696165
v 0.0588457 -0.0502814 1.5682453
v 0.0570256 -0.0539130 1.5461612
v 0.0187317 -0.1508026 1.5168896
v 0.0168278 -0.1504802 1.5109223
v 0.0188987 -0.1511290 1.5085810
v 0.0211387 -0.1538012 1.5138682
v 0.0244539 -0.1636771 1.5212844
v 0.0265372 -0.1754536 1.5195366
v 0.1043337 -0.2398610 1.5103676
v 0.0853888 -0.2129786 1.4220775
v 0.0902897 -0.2168446 1.4351462
v 0.0961837 -0.2309571 1.4711050
v 0.0954815 -0.2306398 1.4672883
v 0.0985914 -0.2304062 1.4659244
v 0.0994224 -0.2309148 1.4696191
v 0.0934729 -0.2289776 1.5332343
v 0.0564319 -0.0637156 1.5304857
v 0.0403520 -0.0696458 1.4947575
v 0.0295370 -0.0653274 1.4875817
v 0.0006253 -0.0826301 1.4815069
v 0.0076515 -0.0708813 1.4834141
v 0.1002563 -0.2318335 1.4732332
v 0.0973058 -0.2316087 1.4744121
v 0.0988427 -0.2375482 1.4818792
v 0.0889624 -0.2265338 1.4613368
v 0.0975572 -0.2325674 1.4796421
v 0.0979428 -0.2321302 1.4774091
v 0.1028174 -0.2339251 1.4752585
v 0.1018905 -0.2317598 1.4725383
v 0.0798500 -0.2261306 1.5194904
v 0.0807819 -0.2268692 1.5237650
v 0.1006792 -0.2388878 1.4802290
v 0.1020909 -0.2407613 1.4785383
v 0.0269172 -0.1343447 1.4229479
v 0.0128828 -0.1331559 1.4347365
v 0.0989343 -0.2271364 1.4589436
v 0.0998264 -0.2293423 1.4618978
v 0.0253715 -0.1603449 1.5408607
v 0.0252082 -0.1608843 1.5484089
v 0.0218245 -0.1550541 1.5454926
v 0.0221920 -0.1541394 1.5389750
v 0.0645814 -0.1352049 1.4045437
v 0.0040583 -0.1266644 1.4469842
v 0.0177060 -0.0594262 1.4846195
v 0.0634384 -0.2229163 1.5296739
v 0.0626991 -0.2223886 1.5317998
v 0.0900843 -0.2275824 1.5315158
v 0.0853769 -0.2235746 1.4550415
v 0.0878853 -0.2232485 1.4586203
v 0.0755758 -0.1675315 1.4129010
v 0.1035870 -0.2372590 1.4764566
v 0.0224399 -0.1497226 1.5552953
v 0.0221617 -0.1491010 1.5519590
v 0.0196207 -0.1513942 1.5509831
v 0.0203666 -0.1529145 1.5537341
v 0.0203597 -0.1587331 1.5558410
v 0.0199672 -0.1582594 1.5598179
v 0.0175688 -0.1561317 1.5571288
v 0.0184015 -0.1556271 1.5540774
v 0.0236776 -0.1603137 1.5545984
v 0.0214268 -0.1575200 1.5512004
v 0.0178359 -0.1570951 1.5621136
v 0.0172875 -0.1552956 1.5596922
v 0.0230070 -0.1525458 1.5622504
v 0.0208725 -0.1555928 1.5631133
v 0.0196533 -0.1518311 1.5664645
v 0.0154887 -0.1540734 1.5648901
v 0.0165161 -0.1462709 1.5687130
v 0.0121032 -0.1491813 1.5664768
v 0.0139867 -0.1401993 1.5668959
v 0.0094733 -0.1434787 1.5653886
v 0.0225318 -0.1557388 1.5217268
v 0.0226542 -0.1493349 1.5248869
v 0.0123786 -0.1366289 1.5617889
v 0.0076653 -0.1392215 1.5612333
v 0.0114838 -0.1330129 1.5549340
v 0.0067311 -0.1358886 1.5549406
v 0.0106829 -0.1307614 1.5476871
v 0.0064058 -0.1334765 1.5477378
v 0.0105176 -0.1298503 1.5387440
v 0.0067276 -0.1331183 1.5397892
v 0.0110559 -0.1316282 1.5272602
v 0.0078715 -0.1349872 1.5312975
v 0.0126949 -0.1429470 1.5625915
v 0.0149064 -0.1472939 1.5639840
v 0.0207348 -0.1408746 1.5627340
v 0.0165045 -0.1522006 1.5627424
v 0.0207411 -0.1403015 1.5487130
v 0.0207945 -0.1408844 1.5453188
v 0.0184355 -0.1445191 1.5453355
v 0.0210882 -0.1431181 1.5479251
v 0.0206031 -0.1507067 1.5385144
v 0.0199748 -0.1490385 1.5330161
v 0.0215496 -0.1528743 1.5318228
v 0.0209613 -0.1470440 1.5292116
v 0.0222444 -0.1470942 1.5337199
v 0.0213552 -0.1459743 1.5308880
v 0.0239419 -0.1478659 1.5373192
v 0.0205857 -0.1445355 1.5297309
v 0.0196133 -0.1453417 1.5280102
v 0.0214541 -0.1439414 1.5307884
v 0.0221062 -0.1448015 1.5314024
v 0.0231959 -0.1443470 1.5330568
v 0.0233417 -0.1433271 1.5362098
v 0.0234283 -0.1581150 1.5311711
v 0.0212796 -0.1357433 1.5277245
v 0.0191184 -0.1348392 1.5370888
v 0.0100407 -0.1390630 1.5235438
v 0.0125211 -0.1365482 1.5174741
v 0.0150130 -0.1479785 1.5095601
v 0.0134282 -0.1424985 1.5116073
v 0.0201748 -0.1380755 1.5584489
v 0.0188312 -0.1353549 1.5528076
v 0.0232141 -0.1400889 1.5185374
v 0.0188811 -0.1342974 1.5458803
v 0.0103179 -0.1371689 1.5339590
v 0.0122569 -0.1397905 1.5285322
v 0.0089643 -0.1355491 1.5402781
v 0.0182079 -0.1472007 1.5244942
v 0.0145544 -0.1438291 1.5252085
v 0.0127414 -0.1442873 1.5196830
v 0.0153569 -0.1486688 1.5177076
v 0.0149146 -0.1408823 1.5314056
v 0.0124340 -0.1396880 1.5356513
v 0.0183866 -0.1398537 1.5333529
v 0.0158406 -0.1392676 1.5374035
v 0.0195763 -0.1424221 1.5307604
v 0.0174533 -0.1430340 1.5287270
v 0.0219347 -0.1393087 1.5344775
v 0.0201714 -0.1382506 1.5398862
v 0.0216725 -0.1422582 1.5318248
v 0.0139016 -0.1402768 1.5409275
v 0.0174207 -0.1398245 1.5436039
v 0.0152937 -0.1434126 1.5465408
v 0.0125930 -0.1417842 1.5450368
v 0.0107009 -0.1386806 1.5403241
v 0.0100769 -0.1389150 1.5455398
v 0.0092671 -0.1352795 1.5468915
v 0.0108030 -0.1395563 1.5511768
v 0.0099939 -0.1366252 1.5533235
v 0.0126488 -0.1418264 1.5492717
v 0.0141683 -0.1443624 1.5491081
v 0.0108922 -0.1393732 1.5591318
v 0.0119527 -0.1414246 1.5558301
v 0.0134028 -0.1439755 1.5590486
v 0.0133596 -0.1431832 1.5531943
v 0.0145746 -0.1453679 1.5556797
v 0.0142364 -0.1445277 1.5515908
v 0.0151858 -0.1463039 1.5526806
v 0.0192490 -0.1532346 1.5590189
v 0.0200884 -0.1537517 1.5565032
v 0.0174039 -0.1508682 1.5601721
v 0.0181100 -0.1501276 1.5574800
v 0.0195079 -0.1515713 1.5576015
v 0.0206701 -0.1512502 1.5561491
v 0.0185261 -0.1499408 1.5547023
v 0.0197977 -0.1475250 1.5531498
v 0.0443797 -0.1172815 1.3949455
v 0.0556836 -0.1120342 1.3910320
v 0.0585901 -0.1187148 1.3963163
v 0.0479878 -0.1231249 1.4010404
v 0.0161835 -0.1479819 1.5569823
v 0.0166353 -0.1485708 1.5535792
v 0.0156250 -0.1473743 1.5605377
v 0.0173528 -0.1445715 1.5503748
v 0.0171791 -0.1469602 1.5514385
v 0.0153257 -0.1460039 1.5504026
v 0.0159634 -0.1448548 1.5491004
v 0.0215855 -0.1506406 1.5425586
v 0.0230040 -0.1463857 1.5413262
v 0.0219187 -0.1421292 1.5398438
v 0.0083772 -0.1229561 1.3967599
v 0.0113456 -0.1219176 1.4053616
v -0.0032375 -0.1261815 1.4174245
v -0.0075891 -0.1291428 1.4102409
v 0.0110063 -0.1333075 1.3693323
v -0.0099580 -0.1434623 1.3838834
v 0.0010544 -0.1446454 1.3548783
v 0.0131619 -0.1328636 1.3466482
v 0.0054618 -0.1426634 1.3302889
v 0.0145033 -0.1312355 1.3247333
v 0.0106351 -0.1377220 1.2710866
v 0.0213789 -0.1284880 1.2692530
v 0.0190160 -0.1289361 1.2861994
v 0.0089477 -0.1386125 1.2887589
v -0.0041056 -0.1467831 1.2090569
v -0.0039273 -0.1381323 1.1966950
v 0.0087213 -0.1327881 1.1992202
v 0.0066043 -0.1412922 1.2105733
v -0.0315571 -0.1757198 1.3048223
v -0.0282187 -0.1826799 1.3255526
v -0.0359324 -0.1854441 1.3174038
v -0.0409939 -0.1755765 1.2968564
v -0.0470973 -0.1439198 1.4321611
v -0.0299226 -0.1453060 1.4117871
v -0.0268235 -0.1363737 1.4187268
v -0.0407817 -0.1371885 1.4377753
v -0.0637616 -0.1512774 1.2262212
v -0.0579812 -0.1501430 1.2150947
v -0.0477844 -0.1535459 1.2190290
v -0.0515878 -0.1546884 1.2294010
v -0.0503215 -0.1144826 1.1554424
v -0.0513611 -0.1147440 1.1390214
v -0.0288413 -0.1159274 1.1374199
v -0.0294176 -0.1152613 1.1536181
v -0.1241928 -0.1013277 1.1861495
v -0.1455588 -0.0856773 1.1921513
v -0.1446836 -0.0809511 1.1746724
v -0.1243033 -0.0975423 1.1693718
v -0.0110571 -0.1519652 1.2730137
v -0.0006394 -0.1453487 1.2724293
v -0.0012027 -0.1469775 1.2904385
v -0.0112027 -0.1539884 1.2912943
v -0.0268294 -0.2647084 1.2237375
v -0.0228405 -0.2503651 1.2156943
v -0.0266822 -0.2390088 1.2368697
v -0.0311097 -0.2528853 1.2447303
v -0.1093445 -0.1042579 1.0824844
v -0.1280286 -0.0855052 1.0870334
v -0.1266154 -0.0905645 1.0713176
v -0.1059944 -0.1088306 1.0662197
v -0.0558924 -0.2226356 1.3534236
v -0.0553054 -0.2167084 1.3650234
v -0.0748999 -0.2197685 1.3781768
v -0.0754492 -0.2276793 1.3654922
v -0.0488206 -0.1621511 1.2669968
v -0.0380004 -0.1631126 1.2707011
v -0.0350240 -0.1684579 1.2870519
v -0.0456879 -0.1670964 1.2806323
v -0.1493969 -0.0973184 1.2252867
v -0.1320304 -0.1094686 1.2191504
v -0.1322390 -0.1138529 1.2366532
v -0.1476698 -0.1037172 1.2436370
v -0.1298496 -0.1055857 1.2018168
v -0.1486910 -0.0914221 1.2078555
v -0.0295403 -0.1617406 1.2728178
v -0.0206373 -0.1575853 1.2732373
v -0.0194752 -0.1613891 1.2920909
v -0.0264160 -0.1663753 1.2918001
v -0.0054220 -0.1282942 1.1864561
v 0.0102052 -0.1220551 1.1901679
v -0.0820952 -0.1216869 1.0611800
v -0.0574248 -0.1296772 1.0562984
v -0.0619296 -0.1265040 1.0742708
v -0.0865484 -0.1181624 1.0781862
v -0.0099058 -0.1135423 1.1678457
v -0.0076300 -0.1193317 1.1781331
v -0.0246695 -0.1237602 1.1773966
v -0.0285063 -0.1164373 1.1673406
v -0.0318575 -0.1328645 1.0517330
v -0.0049618 -0.1335589 1.0481360
v -0.0098571 -0.1292653 1.0685252
v -0.0360940 -0.1295596 1.0709583
v 0.0074395 -0.1401311 1.3083179
v 0.0165830 -0.1298338 1.3047401
v -0.0266060 -0.1525033 1.2103423
v -0.0287446 -0.1456146 1.1983826
v -0.0166597 -0.1427343 1.1966180
v -0.0156040 -0.1507074 1.2095557
v -0.0716337 -0.1592894 1.2796198
v -0.0544053 -0.1702594 1.2874821
v -0.0467202 -0.1837344 1.3064641
v -0.0668744 -0.1672994 1.2902830
v -0.1257199 -0.0939227 1.0553593
v -0.1051030 -0.1115261 1.0506970
v -0.0309050 -0.1354221 1.0335611
v -0.0037182 -0.1358383 1.0288180
v -0.1121567 -0.1514716 1.2888952
v -0.1178881 -0.1438262 1.2880480
v -0.1060039 -0.1490631 1.2876617
v -0.1003862 -0.1558949 1.2910218
v 0.0334932 -0.1159446 1.2121035
v 0.0245051 -0.1278789 1.2166258
v 0.0186986 -0.1288953 1.2052656
v 0.0239679 -0.1170056 1.1983539
v -0.0339551 -0.1366532 1.1873270
v -0.0413214 -0.1272700 1.1789232
v -0.0205166 -0.1332397 1.1854546
v 0.0412287 -0.1023390 1.2080988
v 0.0294279 -0.1025693 1.1890937
v 0.0268815 -0.1194934 1.3009844
v 0.0292256 -0.1192238 1.2835236
v 0.0261503 -0.1209011 1.3196205
v 0.0378659 -0.1108824 1.3152842
v 0.0385670 -0.1117385 1.3340556
v 0.0262444 -0.1214835 1.3393144
v 0.0397615 -0.1126087 1.3522066
v 0.0267142 -0.1221290 1.3585390
v 0.0246280 -0.1157838 1.3862376
v 0.0267598 -0.1167889 1.3955197
v -0.0590929 -0.1622190 1.2740531
v -0.0626398 -0.1576384 1.2623660
v -0.0566774 -0.1316327 1.0389445
v -0.1382101 -0.0839751 1.4023521
v -0.1434426 -0.0729089 1.3904253
v -0.1468478 -0.0931277 1.3841977
v -0.1427840 -0.1036230 1.3957573
v -0.0535209 -0.1512763 1.4294984
v -0.0353794 -0.1547237 1.4097797
v -0.1519569 -0.1269591 1.3143186
v -0.1560438 -0.1146948 1.3194569
v -0.1556208 -0.1135273 1.3120697
v -0.1504886 -0.1249700 1.3080857
v -0.1286563 -0.1457012 1.2895537
v -0.1237959 -0.1537325 1.2799245
v -0.1283952 -0.1556441 1.2818352
v -0.1323903 -0.1463870 1.2925044
v -0.1408261 -0.0692011 1.0753628
v -0.1410213 -0.0629427 1.0905397
v -0.1754091 -0.0311030 1.2297622
v -0.1701082 -0.0502111 1.2128649
v -0.1707284 -0.0605276 1.2322772
v -0.1757126 -0.0454079 1.2509800
v -0.0694490 0.0146413 1.4039094
v -0.0755581 0.0228621 1.3919219
v -0.0934299 0.0058844 1.3952654
v -0.0874508 -0.0034728 1.4071933
v -0.1151688 -0.0526672 1.4217979
v -0.1076933 -0.0603170 1.4321757
v -0.0920427 -0.0385201 1.4301356
v -0.0995439 -0.0302055 1.4202700
v -0.1316307 -0.0626917 1.4072948
v -0.1370460 -0.0525849 1.3952382
v -0.1579689 -0.0927924 1.2539948
v -0.1616493 -0.0841848 1.2362708
v -0.1520733 -0.1085394 1.2744498
v -0.1412511 -0.1158299 1.2670189
v -0.1376942 -0.1219541 1.2736840
v -0.1484470 -0.1157038 1.2797909
v -0.0343341 -0.1314926 1.4433549
v -0.0456146 -0.1203606 1.4555213
v -0.0550428 -0.1284942 1.4502928
v -0.0518553 -0.0628407 1.4600175
v -0.0577182 -0.0590045 1.4564112
v -0.0640636 -0.0745441 1.4563169
v -0.0554842 -0.0752494 1.4600096
v -0.1269256 0.0432854 1.3241313
v -0.1087863 0.0587664 1.3263481
v -0.1144856 0.0676912 1.2984106
v -0.1346733 0.0506546 1.2934657
v -0.1494830 -0.1177832 1.2899356
v -0.1414998 -0.1269078 1.2903190
v -0.1461287 -0.1247050 1.2963228
v -0.1531333 -0.1146693 1.2972594
v -0.1585524 -0.1058053 1.2960979
v -0.1630984 -0.0967025 1.2931477
v -0.1590291 -0.1022455 1.2832647
v -0.1548477 -0.1102844 1.2877939
v -0.1733097 -0.0599426 1.2667841
v -0.1694875 -0.0719290 1.2504820
v -0.1647383 -0.0829206 1.2664418
v -0.1703018 -0.0743027 1.2799165
v -0.1136511 0.0786139 1.2000791
v -0.1307078 0.0653954 1.1946631
v -0.1345702 0.0636835 1.2268809
v -0.1176397 0.0781502 1.2318756
v -0.0734941 -0.1746318 1.2931294
v -0.0588767 -0.1817202 1.2962919
v -0.0551045 -0.1851913 1.2890049
v -0.0705095 -0.1783959 1.2824139
v -0.1364856 -0.1740039 1.2822898
v -0.1346634 -0.1830623 1.2734378
v -0.1363176 -0.1877204 1.2773052
v -0.1385119 -0.1785100 1.2869771
v -0.0773902 -0.1767286 1.2585719
v -0.0658188 -0.1826480 1.2673482
v -0.0597471 -0.1886449 1.2485954
v -0.0726090 -0.1824287 1.2391382
v -0.0810645 -0.1481717 1.4374058
v -0.0591875 -0.1592413 1.4274360
v -0.0724728 -0.1418804 1.4412239
v -0.1033623 -0.1624649 1.2657485
v -0.0993360 -0.1686306 1.2489981
v -0.1088240 -0.1685016 1.2480640
v -0.1124840 -0.1604176 1.2647326
v -0.0385315 -0.2772523 1.2291266
v -0.0428249 -0.2651653 1.2503831
v -0.0797450 -0.1892303 1.2130925
v -0.0920313 -0.1911597 1.2095129
v -0.0944259 -0.1780729 1.2290644
v -0.0837018 -0.1789903 1.2323905
v -0.1729427 -0.0201746 1.2059256
v -0.1675963 -0.0413663 1.1930893
v -0.1510777 -0.0216059 1.0811211
v -0.1491031 -0.0453465 1.0788294
v -0.1478728 -0.0392605 1.0952741
v -0.1498077 -0.0163397 1.0989238
v -0.1404298 -0.0720719 1.0595269
v -0.1510280 -0.0256924 1.0635899
v -0.1489209 -0.0493385 1.0620038
v -0.0244009 -0.1108174 1.4656601
v -0.0253126 -0.0949179 1.4724860
v -0.0366519 -0.0961108 1.4671844
v -0.0351726 -0.1141673 1.4597655
v -0.1561085 -0.0989077 0.9582863
v -0.1546782 -0.1045542 0.9307388
v -0.1341716 -0.1305341 0.9344795
v -0.1366224 -0.1221207 0.9605436
v -0.0275871 -0.0577566 1.4716337
v -0.0336447 -0.0769760 1.4702351
v -0.0219525 -0.0777724 1.4751922
v -0.0152256 -0.0615536 1.4760812
v -0.1366332 -0.1157021 0.9822766
v -0.1564004 -0.0933402 0.9844102
v -0.0180895 -0.1212129 1.4520492
v -0.0265348 -0.1263730 1.4476562
v -0.0154502 -0.1281315 1.4325647
v -0.0088200 -0.1249503 1.4368157
v 0.0024010 -0.1256022 1.4236401
v -0.1093672 -0.1525858 0.9363952
v -0.1123473 -0.1412996 0.9571821
v -0.0133556 -0.0944898 1.4760284
v -0.0102311 -0.0794212 1.4786418
v -0.0040252 -0.0657685 1.4802975
v 0.0063713 -0.0535435 1.4816406
v -0.1419366 -0.0751750 1.0445267
v -0.1270673 -0.0958765 1.0409289
v -0.1507514 -0.0587085 0.8129096
v -0.1432831 -0.0284668 0.8033971
v -0.1290409 -0.0481854 0.7888103
v -0.1385118 -0.0815039 0.7985157
v -0.1077524 0.0378833 0.8036813
v -0.0930027 0.0216659 0.7914872
v -0.1143473 -0.0125932 0.7867992
v -0.1290474 0.0035758 0.7997061
v -0.1344959 0.0786909 0.9341956
v -0.1541353 0.0547404 0.9354635
v -0.1496337 0.0529313 0.9594341
v -0.1303812 0.0765046 0.9583422
v -0.1542032 -0.0285606 1.0472741
v -0.1514392 -0.0521114 1.0466377
v -0.1061104 -0.1126793 1.0367429
v -0.0609474 -0.2151249 0.8484712
v -0.0958357 -0.1961467 0.8357887
v -0.0860611 -0.2071902 0.8108744
v -0.0544815 -0.2267516 0.8223696
v -0.1174891 -0.1491301 0.7770789
v -0.1291766 -0.1337705 0.7993986
v -0.1261594 -0.0989356 0.7810370
v -0.1137828 -0.1147379 0.7616976
v 0.0227654 -0.1331996 1.0244625
v -0.0047184 -0.1352868 1.0114887
v 0.0208731 -0.1318170 1.0057188
v 0.0865375 -0.1054540 1.0131728
v 0.0672131 -0.1192513 1.0170497
v 0.0660603 -0.1157471 0.9971473
v 0.0842065 -0.1025091 0.9939354
v 0.0709034 -0.0981130 0.9012487
v 0.0807323 -0.0878814 0.9006876
v 0.0806972 -0.0896923 0.9196999
v 0.0673838 -0.0987128 0.9204255
v -0.0833383 -0.1521379 0.9533716
v -0.0504141 -0.1556334 0.9494703
v -0.0572455 -0.1478507 0.9648264
v -0.0875607 -0.1432214 0.9708401
v -0.0754424 0.0063170 0.7848975
v -0.0961515 -0.0259278 0.7758794
v -0.0163127 -0.2334690 0.8308570
v -0.0224647 -0.2175194 0.8573847
v 0.0226411 -0.2237450 0.8344851
v 0.0498223 -0.1985540 0.8289279
v 0.0425930 -0.1831370 0.8535820
v 0.0145112 -0.2072314 0.8589435
v 0.0566696 -0.0751960 0.8158875
v 0.0689479 -0.0930558 0.8420997
v 0.0606557 -0.0947481 0.8361402
v 0.0499817 -0.0725481 0.8150508
v -0.1263546 0.0634153 0.8403187
v -0.1185129 0.0533201 0.8218787
v -0.1395063 0.0226073 0.8160494
v -0.1469109 0.0357786 0.8373907
v -0.1470797 -0.0030043 1.0641960
v -0.1507896 -0.0052677 1.0466267
v -0.1394834 0.0171743 1.0639462
v -0.1479681 0.0009254 1.0828322
v -0.1399038 0.0210668 1.0844663
v -0.1645287 0.0205967 1.2364792
v -0.1719259 0.0008356 1.2203980
v -0.1747330 -0.0107787 1.2452954
v -0.1674037 0.0078216 1.2646861
v -0.1104819 -0.0126071 1.3985028
v -0.1050680 -0.0222514 1.4096254
v -0.1005752 -0.0727037 0.7530248
v -0.0719570 -0.0366259 0.7595837
v -0.0669871 -0.0713425 0.7289717
v -0.0902893 -0.0995070 0.7323177
v -0.1054555 -0.1620159 0.7535324
v -0.0964733 -0.1910864 0.7686955
v -0.1093394 -0.1794472 0.7947413
v -0.0762595 -0.2205965 0.7837409
v -0.0442321 -0.2425917 0.7959963
v 0.0321628 -0.2390878 0.8090589
v 0.0583549 -0.2130104 0.8021731
v 0.0566841 -0.1074127 0.7859034
v 0.0632516 -0.1360844 0.7991489
v 0.0661724 -0.1482084 0.7770438
v 0.0570237 -0.1186951 0.7635538
v 0.0461770 -0.1252328 0.9022573
v 0.0136484 -0.1424368 0.9253226
v 0.0168042 -0.1451854 0.9116939
v 0.0404517 -0.1282223 0.8899543
v 0.0845382 -0.1103679 1.0369003
v 0.0674225 -0.1207327 1.0403156
v 0.0477995 -0.1282128 1.0207298
v 0.0470954 -0.1281330 1.0428398
v 0.0220954 -0.1320841 1.0450908
v 0.0469973 -0.1073385 1.1223875
v 0.0233082 -0.1160176 1.1201196
v 0.0305712 -0.1184205 1.1038806
v 0.0546369 -0.1100895 1.1058341
v 0.0389925 -0.1037665 1.1392878
v 0.0164493 -0.1121884 1.1377780
v 0.0272373 -0.0966038 1.1732002
v 0.0102074 -0.1125330 1.1813227
v 0.0087945 -0.1072749 1.1701909
v 0.0384752 -0.1097808 1.2972218
v 0.0403519 -0.1089380 1.2806137
v -0.0767678 -0.1654431 0.9359967
v -0.0350596 -0.0353343 0.7571927
v -0.0046070 -0.0468404 0.7581766
v -0.0053923 -0.0625048 0.7326169
v -0.0360611 -0.0591292 0.7282913
v -0.1142437 -0.1324667 0.9768723
v -0.0810928 -0.1234890 1.0455208
v -0.0824292 -0.1243066 1.0305282
v -0.0961542 -0.1152054 1.1834055
v -0.0993138 -0.1073847 1.1654073
v 0.0152530 -0.1370862 1.2200662
v 0.0136538 -0.1364592 1.2112804
v -0.1214697 -0.1661329 0.8182927
v 0.0407794 -0.2520282 0.7814226
v 0.0496130 -0.2650263 0.7528863
v 0.0732856 -0.2404969 0.7471917
v 0.0660782 -0.2265661 0.7755241
v 0.0410390 -0.1131500 0.7262366
v 0.0572711 -0.1344626 0.7389018
v 0.0580376 -0.1521898 0.7134008
v 0.0406606 -0.1330077 0.7016630
v 0.0420259 -0.1542197 0.6779097
v 0.0615277 -0.1720874 0.6882604
v 0.0645578 -0.1874963 0.6620056
v 0.0440133 -0.1725353 0.6547546
v -0.0056209 -0.2505096 0.8049011
v -0.0196519 -0.2713827 0.7443641
v 0.0150170 -0.2770842 0.7518575
v 0.0039844 -0.2641122 0.7781772
v -0.0317907 -0.2574818 0.7706865
v -0.1030111 -0.1322317 0.7401717
v 0.0429818 -0.0951490 0.7505308
v 0.0437149 -0.0839254 0.7730655
v -0.0044017 -0.1151124 0.6840702
v -0.0306055 -0.1166434 0.6799647
v -0.0349163 -0.0887938 0.7030895
v -0.0061073 -0.0886768 0.7075769
v -0.0824491 -0.2031946 0.7104411
v -0.0708618 -0.2292787 0.7236843
v -0.0839991 -0.2108654 0.7460002
v -0.0942665 -0.1830293 0.7316732
v -0.0628691 -0.2376873 0.7598996
v -0.0492111 -0.2532419 0.7350640
v 0.0046528 -0.3000537 0.6928594
v 0.0376382 -0.3022675 0.6969864
v 0.0263512 -0.2893604 0.7250113
v -0.0077055 -0.2858611 0.7187029
v -0.0241294 -0.2854969 0.6867156
v -0.0362848 -0.2693682 0.7109392
v -0.0584282 -0.2474304 0.7009669
v -0.0465690 -0.2649476 0.6789385
v -0.0581900 -0.2417687 0.6702441
v -0.0702803 -0.2228716 0.6901234
v -0.0719178 -0.1978087 0.6786860
v -0.0603959 -0.2183563 0.6610659
v -0.0642725 -0.1733519 0.6681186
v -0.0474777 -0.1543152 0.6624314
v -0.0402488 -0.1788434 0.6464317
v -0.0541930 -0.1962301 0.6519244
v 0.0005775 -0.1610415 0.6441118
v -0.0215030 -0.1661794 0.6432960
v -0.0256653 -0.1420579 0.6601478
v -0.0017700 -0.1394608 0.6628921
v 0.0012964 -0.2267308 0.5799322
v -0.0122918 -0.2385044 0.5834708
v -0.0142259 -0.2255292 0.5981577
v 0.0000056 -0.2132141 0.5939008
v -0.0258957 -0.2508672 0.5864212
v -0.0346987 -0.2673473 0.5891417
v -0.0353775 -0.2554864 0.6063524
v -0.0277398 -0.2403856 0.6035185
v -0.0339308 -0.2931154 0.6117601
v -0.0385424 -0.2737747 0.6088655
v -0.0361135 -0.2852670 0.5907540
v -0.0306796 -0.3038837 0.5914377
v -0.0170465 -0.3221245 0.5920287
v -0.0214947 -0.3135037 0.6149964
v 0.0063296 -0.3333369 0.5905552
v 0.0013950 -0.3287432 0.6159078
v 0.0322687 -0.3343116 0.6145468
v 0.0363630 -0.3368370 0.5882322
v 0.0565722 -0.2219915 0.5971070
v 0.0519595 -0.2289616 0.5794983
v 0.0341492 -0.2189728 0.5785544
v 0.0385679 -0.2098703 0.5948403
v 0.0858970 -0.2633924 0.6065934
v 0.0994166 -0.2898197 0.6102470
v 0.0921478 -0.2890475 0.5868920
v 0.0785993 -0.2654038 0.5844579
v -0.0136354 -0.3011215 0.6631163
v 0.0163971 -0.3143138 0.6675065
v -0.0476355 -0.2601837 0.6512223
v -0.0358489 -0.2822764 0.6575450
v 0.0013320 -0.1798804 0.6263138
v -0.0184102 -0.1879136 0.6274303
v 0.0650701 -0.2020251 0.6391073
v 0.0451346 -0.1876416 0.6330567
v 0.0881185 -0.3142451 0.6407424
v 0.0783390 -0.3024837 0.6678768
v 0.0499025 -0.3163059 0.6694979
v 0.0601969 -0.3285277 0.6419699
v -0.0052963 -0.3169960 0.6399621
v -0.0278649 -0.2992273 0.6372626
v -0.0391153 -0.2779266 0.6316551
v -0.0434924 -0.2579472 0.6265439
v -0.0391487 -0.2391699 0.6216681
v -0.0290748 -0.2225578 0.6170215
v -0.0160084 -0.2074804 0.6124288
v 0.0012259 -0.1974867 0.6090989
v 0.0430831 -0.1997561 0.6128865
v 0.0612726 -0.2134202 0.6172359
v 0.0890173 -0.3164172 0.5878687
v 0.0930488 -0.3194009 0.6132251
v 0.0661328 -0.3354734 0.6143097
v 0.0669388 -0.3344285 0.5879502
v 0.0799703 -0.3095732 0.5653188
v 0.0822962 -0.2877926 0.5656586
v -0.0290781 -0.2566959 0.5739286
v -0.0361647 -0.2734750 0.5744377
v -0.0372602 -0.2905643 0.5737639
v -0.0155905 -0.3260211 0.5687645
v 0.0106400 -0.3338559 0.5640283
v 0.0411543 -0.3345818 0.5608635
v 0.0647602 -0.3270747 0.5645659
v 0.0278000 -0.2250035 0.5506323
v 0.0320529 -0.2259665 0.5664843
v 0.0482411 -0.2348628 0.5656604
v 0.0434180 -0.2351783 0.5475196
v -0.0079240 -0.2281423 0.5552774
v -0.0253812 -0.2378504 0.5569147
v -0.0149289 -0.2433590 0.5721790
v 0.0011667 -0.2335464 0.5700026
v -0.0388793 -0.2536492 0.5568745
v -0.0453535 -0.2719275 0.5556729
v -0.0453938 -0.2910665 0.5536492
v -0.0168205 -0.3250028 0.5413675
v -0.0311594 -0.3098614 0.5731954
v -0.0362764 -0.3101969 0.5483366
v 0.0145387 -0.3306536 0.5342617
v 0.0428759 -0.3113982 0.5006791
v 0.0472300 -0.3217495 0.5313206
v 0.0137035 -0.3243514 0.5026800
v 0.0337298 -0.2497575 0.4110967
v 0.0224724 -0.2735798 0.4063868
v 0.0153451 -0.2555552 0.3752464
v 0.0250221 -0.2344063 0.3791729
v 0.0379979 -0.2260786 0.5254252
v 0.0201589 -0.2145497 0.5296934
v -0.0182169 -0.2159212 0.5353139
v -0.0369222 -0.2279890 0.5362853
v -0.0267335 -0.3116592 0.4797462
v -0.0189289 -0.3204273 0.5108470
v -0.0422943 -0.3071578 0.5190404
v -0.0501605 -0.2981581 0.4889221
v 0.0185146 -0.1842624 0.4398432
v 0.0005071 -0.1748461 0.4440071
v 0.0066364 -0.1856137 0.4759015
v 0.0261243 -0.1961962 0.4707305
v -0.0451955 -0.2146605 0.5109254
v -0.0260551 -0.2022759 0.5102753
v -0.0330754 -0.1903963 0.4809066
v -0.0513109 -0.2026170 0.4807307
v -0.0344682 -0.2820151 0.4148768
v -0.0322423 -0.2985008 0.4478531
v -0.0557177 -0.2864112 0.4566457
v -0.0573310 -0.2710934 0.4225120
v 0.0365443 -0.3013656 0.4692042
v 0.0059321 -0.3149797 0.4715157
v -0.0002252 -0.3020476 0.4406789
v 0.0290417 -0.2891098 0.4375477
v 0.0493509 -0.2756776 0.4748395
v 0.0415767 -0.2636931 0.4438245
v -0.0120733 -0.1630057 0.3728766
v -0.0061334 -0.1685184 0.4092814
v 0.0101221 -0.1760268 0.4040668
v 0.0012082 -0.1689630 0.3670219
v -0.0543383 -0.1937950 0.4465648
v -0.0369668 -0.1807184 0.4476647
v -0.0393038 -0.1740337 0.4118133
v -0.0541209 -0.1858664 0.4104013
v -0.0368217 -0.2447604 0.3458984
v -0.0366311 -0.2638922 0.3810878
v -0.0570459 -0.2529959 0.3875410
v -0.0554062 -0.2336228 0.3525203
v 0.0078635 -0.2369820 0.3412723
v -0.0085361 -0.2678393 0.3757517
v -0.0131033 -0.2478802 0.3411993
v 0.0042050 -0.2183561 0.3079155
v 0.0119076 -0.2032790 0.3108051
v 0.0172641 -0.2178448 0.3452921
v -0.0050760 -0.1619262 0.3317399
v -0.0165508 -0.1551587 0.3371552
v -0.0404089 -0.1576094 0.3405322
v -0.0528651 -0.1664756 0.3407450
v -0.0530845 -0.1769223 0.3749507
v -0.0398696 -0.1669058 0.3755456
v -0.0679165 -0.2059493 0.3642222
v -0.0631061 -0.1908683 0.3708512
v -0.0618360 -0.1791845 0.3370171
v -0.0651662 -0.1928900 0.3307424
v -0.0525952 -0.2158627 0.3206535
v -0.0659741 -0.2207097 0.3585016
v -0.0617305 -0.2041768 0.3258043
v -0.0364909 -0.2258268 0.3145848
v -0.0145766 -0.2287604 0.3084152
v -0.0193257 -0.0198896 0.7857808
v 0.0048811 -0.0382842 0.7872031
v -0.0022790 -0.0402982 0.7780098
v -0.0300134 -0.0226172 0.7801676
v 0.0737896 -0.1795198 0.7247075
v 0.0693610 -0.1633477 0.7521867
v 0.0810018 -0.2102927 0.6710855
v 0.0781674 -0.1972904 0.6978709
v 0.0808905 -0.2234128 0.6462857
v 0.0773591 -0.2340871 0.6239429
v 0.0717740 -0.2404820 0.6024516
v 0.0661921 -0.2459982 0.5821808
v 0.0618799 -0.2495630 0.5641694
v 0.0573814 -0.2490900 0.5438390
v 0.0467809 -0.2302699 0.4934774
v 0.0321093 -0.2112868 0.4995174
v 0.0517567 -0.2423225 0.5197625
v 0.0332423 -0.2028366 0.4310716
v 0.0410483 -0.2161611 0.4638430
v 0.0226073 -0.1911867 0.3955234
v 0.0128640 -0.1811921 0.3588358
v 0.0053668 -0.1735062 0.3241555
v 0.0513934 -0.1437317 0.8574589
v 0.0570404 -0.1183009 0.8362123
v 0.0554248 -0.1145811 0.8477620
v 0.0465550 -0.1366718 0.8712370
v 0.0320941 -0.0508609 0.8010037
v 0.0436144 -0.0613336 0.8054627
v 0.0373260 -0.0586612 0.8058248
v 0.0257103 -0.0476460 0.8011072
v 0.0263998 -0.3272633 0.6416787
v -0.0504361 -0.2388676 0.6440124
v -0.0451651 -0.2189420 0.6368524
v -0.0338779 -0.2018317 0.6313809
v 0.0921887 -0.2577396 0.6292391
v 0.0926816 -0.2489704 0.6539156
v 0.0945780 -0.2765701 0.6621699
v 0.0995504 -0.2859783 0.6357720
v 0.0568446 -0.2853768 0.5013163
v 0.0510081 -0.2520330 0.4840006
v 0.0584957 -0.2625234 0.5110123
v 0.0640408 -0.2959917 0.5253876
v -0.0566732 -0.2671432 0.5317258
v -0.0553356 -0.2881924 0.5269396
v -0.0593592 -0.2342536 0.5087375
v -0.0672878 -0.2566125 0.5042694
v -0.0492869 -0.2463999 0.5350318
v 0.0850920 -0.2263868 0.7077346
v 0.0799759 -0.2538127 0.7181510
v 0.0873279 -0.2653751 0.6900503
v 0.0900741 -0.2376458 0.6805358
v -0.1490176 -0.0330497 1.1112990
v -0.1500997 -0.0118496 1.1175039
v -0.0601436 -0.1419422 1.1990278
v -0.0760392 -0.1305235 1.1914403
v -0.0587452 -0.1293751 1.1826431
v -0.0472921 -0.1395230 1.1915740
v -0.0871315 -0.1323041 1.2029010
v -0.0699991 -0.1436257 1.2087617
v -0.0771182 -0.1446956 1.2212431
v -0.0935564 -0.1342726 1.2165691
v -0.0872626 -0.1488481 1.2778235
v -0.0839735 -0.1551209 1.2855049
v 0.0326766 -0.1001986 1.1564200
v 0.0530459 -0.0871937 1.1575775
v 0.0460402 -0.0837132 1.1730551
v 0.0459141 -0.1262868 1.0006305
v 0.0314315 -0.1206526 0.9289483
v 0.0595545 -0.1075237 0.9000441
v 0.0516708 -0.1083045 0.9225623
v 0.0738404 -0.0784987 0.8356466
v -0.1442385 0.0489114 1.1866002
v -0.1487480 0.0461296 1.2184640
v -0.0824856 -0.0110398 1.4174769
v -0.0639664 0.0068363 1.4148781
v -0.0681719 -0.0256229 1.4359336
v -0.0609236 -0.0314010 1.4438112
v -0.0453744 -0.0144156 1.4407690
v -0.0517908 -0.0078437 1.4328289
v -0.0049779 -0.0464878 1.4779647
v -0.0156203 -0.0402080 1.4724418
v 0.0136025 -0.0361108 0.7971028
v 0.0200983 -0.0439862 0.7980369
v 0.0046465 -0.0306089 0.7942967
v 0.0556586 -0.0993192 0.8043521
v 0.0433179 -0.0774407 0.7909016
v 0.0427943 -0.0732647 0.8024155
v 0.0546705 -0.0945052 0.8168849
v -0.0651714 -0.2038566 0.8730843
v -0.1026019 -0.1863928 0.8625264
v -0.1147050 -0.0619654 0.7719215
v -0.0837522 -0.2240491 1.1697694
v -0.0947096 -0.2321205 1.1689532
v -0.0999428 -0.2147315 1.1884919
v -0.0882750 -0.2070111 1.1897369
v -0.1440246 0.0226412 1.3234718
v -0.1533876 0.0258729 1.2900863
v -0.0215572 -0.1319081 1.4264297
v -0.0676442 -0.1775733 1.4171934
v -0.0470592 -0.1830903 1.4012116
v -0.0447806 -0.1726951 1.4051139
v -0.0642906 -0.1678982 1.4224435
v -0.1374656 -0.1312431 1.4008299
v -0.1265493 -0.1420825 1.4119236
v -0.1244377 -0.1280145 1.4195797
v -0.1355046 -0.1155918 1.4080174
v -0.1348363 0.0789291 0.9098323
v -0.1555517 0.0553360 0.9114082
v -0.1146574 0.0596529 1.1115829
v -0.1294014 0.0438207 1.1076710
v -0.1338962 0.0481161 1.1307953
v -0.1197744 0.0635636 1.1362973
v -0.1633484 -0.0022288 1.3063158
v -0.1714172 -0.0132071 1.2834932
v 0.0459596 -0.1035312 1.2242106
v 0.0460877 -0.1044643 1.2380956
v 0.0359832 -0.1169515 1.2394499
v 0.0361735 -0.1162015 1.2264722
v -0.1238284 -0.2147780 1.2259306
v -0.1245343 -0.1924442 1.2411534
v -0.1166376 -0.1881406 1.2322588
v -0.1150477 -0.2068292 1.2126641
v -0.1332902 -0.1481571 0.8462384
v -0.1420574 -0.1173222 0.8189106
v -0.1548107 -0.0545704 1.1440026
v -0.1618330 -0.0307527 1.1514079
v -0.1558750 -0.0300312 1.1307215
v -0.1490667 -0.0540639 1.1245565
v -0.1601738 -0.0686932 1.2005372
v -0.1584858 -0.0616927 1.1824865
v -0.1618426 -0.0761838 1.2178582
v -0.1333808 -0.1365476 1.2933378
v -0.1276482 -0.1384997 1.2899174
v -0.1212051 -0.1470836 1.2883408
v 0.0597785 -0.1249439 0.8205599
v 0.0561985 -0.1137158 0.8643827
v 0.0633681 -0.1104599 0.8709123
v 0.0215803 -0.0412485 0.7985278
v -0.0021535 -0.1238900 1.4418071
v 0.0073026 -0.1286617 1.4294283
v -0.0930168 -0.1668885 1.2693841
v -0.0888635 -0.1715766 1.2521738
v -0.1329855 -0.1282463 1.2784506
v -0.1191898 -0.1340395 1.2762318
v -0.1133171 -0.1409143 1.2813747
v -0.1256304 -0.1355502 1.2825627
v -0.1348839 -0.1309532 1.2856165
v -0.1431387 -0.1224174 1.2833810
v -0.0236275 -0.1721167 1.3109614
v -0.0172419 -0.1660554 1.3134258
v -0.0162532 -0.1702601 1.3345607
v -0.0220580 -0.1774051 1.3311194
v -0.0109231 -0.1577636 1.3123071
v -0.0019316 -0.1494020 1.3109222
v -0.0034522 -0.1522753 1.3336022
v -0.0113100 -0.1612292 1.3350327
v -0.0092271 -0.1352229 1.4009019
v 0.0093412 -0.1293832 1.3863097
v 0.0258244 -0.1199450 1.3747311
v 0.0400352 -0.1121074 1.3668360
v -0.0254314 -0.0347167 1.4651764
v -0.0329016 -0.0277995 1.4558729
v -0.0473626 -0.0445989 1.4563573
v -0.0407057 -0.0543523 1.4643582
v 0.0155143 -0.1251789 1.4123715
v 0.0308018 -0.1215701 1.4026627
v 0.0411400 -0.1125174 1.3875413
v -0.0543988 -0.2861426 1.2294686
v -0.0593336 -0.2740404 1.2508866
v -0.0123396 -0.1082540 1.4685999
v -0.0086156 -0.1184964 1.4556650
v -0.0776318 -0.2783260 1.2474359
v -0.0722513 -0.2907667 1.2251835
v -0.0261160 -0.1656134 1.3841838
v -0.0406442 -0.1636441 1.4079865
v -0.0308643 -0.1737468 1.3827092
v 0.0201418 -0.1295326 1.4181299
v 0.0351281 -0.1269450 1.4084557
v -0.1036893 -0.1739354 0.8878976
v -0.0667945 -0.1897081 0.8946417
v -0.0914576 -0.1136332 1.0949517
v -0.1129878 -0.0991491 1.0983515
v 0.0683755 -0.0943523 1.1249396
v 0.0759223 -0.0968989 1.1078492
v 0.0612171 -0.1265873 1.4007704
v 0.0654897 -0.1170823 1.0652662
v 0.0864246 -0.1040570 1.0626216
v 0.0822795 -0.1004340 1.0876295
v 0.0609874 -0.1134965 1.0873202
v 0.0957692 -0.1004913 1.0355439
v 0.0970288 -0.0994005 1.0228201
v 0.0742423 -0.0935104 0.8826350
v 0.0824409 -0.0865707 0.8831871
v -0.0410625 -0.2280844 1.2998190
v -0.0426275 -0.2226593 1.3148156
v -0.0537240 -0.2329202 1.3265042
v -0.0526715 -0.2396504 1.3093139
v 0.0430679 -0.1248392 1.0663807
v 0.0171957 -0.1284217 1.0669558
v -0.0754214 -0.1531337 1.2694892
v -0.0914528 -0.1437279 1.2689779
v 0.0458712 -0.0865483 1.1882274
v 0.0259810 -0.1276698 1.2288489
v 0.0250119 -0.1278895 1.2409374
v 0.0137610 -0.1370953 1.2426662
v 0.0150953 -0.1372336 1.2313888
v 0.0125023 -0.0322243 0.7988849
v -0.1378050 -0.2122469 1.3075811
v -0.1422882 -0.2022986 1.3194024
v -0.1430387 -0.1961808 1.3102048
v -0.1386236 -0.2069172 1.2987774
v 0.0231540 -0.0581604 0.7814712
v 0.0213605 -0.0642513 0.7643053
v -0.0539711 -0.0054810 0.7834457
v -0.0353757 -0.0031414 0.7865446
v 0.0692341 -0.1804352 0.7898088
v 0.0634557 -0.1674115 0.8155702
v 0.0748919 -0.1956625 0.7648619
v 0.0801301 -0.2115700 0.7358697
v 0.0719702 -0.2679266 0.5642296
v 0.0673929 -0.2718786 0.5386193
v 0.0426478 -0.2398009 0.4532940
v 0.0340817 -0.2261171 0.4210893
v 0.0251309 -0.2124005 0.3862399
v 0.0164455 -0.1982650 0.3506882
v 0.0113839 -0.1875829 0.3162268
v -0.0881016 -0.2903770 1.2167754
v -0.0959248 -0.2770101 1.2405304
v -0.1072769 -0.2712578 1.2284998
v -0.0992885 -0.2858659 1.2057230
v -0.0675225 -0.1919607 1.2196124
v -0.0546105 -0.1978719 1.2287381
v -0.0505780 -0.2089262 1.2086388
v -0.0637643 -0.2045250 1.2005508
v -0.0598419 -0.2181253 1.1805215
v -0.0721217 -0.2189682 1.1739778
v -0.0761776 -0.2033279 1.1942254
v -0.1040803 -0.2426109 1.1724972
v -0.1097019 -0.2546252 1.1787177
v -0.1164802 -0.2368627 1.2005412
v -0.1096735 -0.2256744 1.1916105
v -0.1068299 -0.2779094 1.1949252
v -0.1139414 -0.2628772 1.2169190
v -0.1174987 -0.2513449 1.2078572
v -0.1107621 -0.2670376 1.1855648
v -0.0262020 -0.2370455 1.2064378
v -0.0351087 -0.2270771 1.1972423
v -0.0386557 -0.2159482 1.2181434
v -0.0297710 -0.2262589 1.2274709
v -0.0717481 -0.2412800 1.3348590
v -0.0700783 -0.2483383 1.3152520
v -0.0622801 -0.1747486 1.3005740
v -0.0485939 -0.1869885 1.3088483
v -0.0465754 -0.1900350 1.3068050
v -0.0611188 -0.1783593 1.3022169
v -0.0465975 -0.2540569 1.2711143
v -0.0498848 -0.2461301 1.2908570
v -0.0669197 -0.2549276 1.2941082
v -0.0634716 -0.2630550 1.2723898
v -0.0326380 -0.2155933 1.2482559
v -0.0415588 -0.2055072 1.2386302
v -0.0468013 -0.1964786 1.2582626
v -0.0362288 -0.2064292 1.2670308
v -0.1037688 -0.1974743 1.2088299
v -0.1058917 -0.1811697 1.2288319
v -0.0380805 -0.2091163 1.3027758
v -0.0359354 -0.2136227 1.2895749
v -0.0790070 -0.1491761 1.2588813
v -0.1262829 -0.1236176 1.2618695
v -0.1229601 -0.1288564 1.2700098
v -0.0400167 -0.1476128 1.2015543
v -0.0368215 -0.1529016 1.2115930
v -0.1121651 -0.1217407 1.2159654
v -0.1144577 -0.1246345 1.2322866
v -0.0499802 -0.1490521 1.2069337
v -0.0445839 -0.1523383 1.2123576
v -0.0087288 -0.1136136 1.1536312
v 0.0397041 -0.1104882 1.3784950
v -0.0385182 -0.2339234 1.2830921
v -0.0336970 -0.2194176 1.2750287
v -0.1249729 -0.1769191 1.2552013
v -0.1258178 -0.1649637 1.2686494
v -0.1200992 -0.1616801 1.2660765
v -0.1179412 -0.1725487 1.2501275
v -0.1686021 -0.0515259 1.3221344
v -0.1682104 -0.0262785 1.3157897
v -0.1729599 -0.0346772 1.2976503
v -0.1713903 -0.0582519 1.3079851
v -0.1307634 -0.2256034 1.3169715
v -0.1224395 -0.2349690 1.3179307
v -0.1259538 -0.2263623 1.3359731
v -0.1345742 -0.2169058 1.3314465
v -0.1129355 -0.2359199 1.3389251
v -0.1093068 -0.2443636 1.3184399
v -0.0909423 -0.2500981 1.3174330
v -0.0938714 -0.2423848 1.3386036
v -0.1530373 -0.1093786 0.9046165
v -0.1326513 -0.1416115 0.9092518
v -0.0578783 -0.1312449 1.0236850
v -0.0321106 -0.1350371 1.0173222
v 0.0045328 -0.1366900 0.9435111
v 0.0572784 -0.0922785 0.8309346
v 0.0460194 -0.0701734 0.8112443
v 0.0210689 -0.0764043 0.7407478
v -0.1065676 -0.1630289 0.9122537
v 0.0193736 -0.0982318 0.7164611
v 0.0194915 -0.1212853 0.6924502
v -0.0552030 -0.1289760 0.6809527
v -0.0735171 -0.1501884 0.6872036
v -0.0821777 -0.1255244 0.7089964
v -0.0622672 -0.1016582 0.7035867
v -0.0829697 -0.1761687 0.6975530
v -0.0936649 -0.1543572 0.7185611
v 0.0683368 -0.2895753 0.6965923
v -0.0655625 -0.2216590 0.4774104
v -0.0736417 -0.2315439 0.4368782
v -0.0733441 -0.2441449 0.4726624
v -0.0672616 -0.2112223 0.4425802
v -0.0704212 -0.2670756 0.4651610
v -0.0644090 -0.2792145 0.4975834
v -0.0048157 -0.2864776 0.4091738
v -0.0651939 -0.2019867 0.4066760
v -0.0700784 -0.2196376 0.4008279
v -0.0706056 -0.2530114 0.4307700
v -0.0680385 -0.2376509 0.3944412
v 0.0257853 -0.0552833 0.7923779
v -0.0268382 -0.2062304 0.8803506
v -0.0307089 -0.1926970 0.9013498
v 0.0230680 -0.1518644 0.9016220
v 0.0415659 -0.1324200 0.8812414
v -0.0157018 -0.1251685 1.0862984
v -0.0414575 -0.1259031 1.0880361
v -0.0499180 -0.1172707 1.1221339
v -0.0740020 -0.1142012 1.1248513
v -0.0715836 -0.1185498 1.1078671
v -0.0465245 -0.1220222 1.1051643
v -0.1215100 -0.0945278 1.1324741
v -0.1414110 -0.0761944 1.1378517
v -0.1360678 -0.0764879 1.1191417
v -0.1170666 -0.0956519 1.1152279
v -0.1305082 -0.0798127 1.1028202
v -0.1429950 -0.0568226 1.1065327
v -0.1501009 0.0318790 1.1503634
v -0.1560780 0.0124171 1.1440308
v -0.1611406 0.0117203 1.1692604
v -0.1544092 0.0307071 1.1780480
v 0.0686934 -0.1015855 0.8790717
v 0.0327583 -0.0554945 0.8025943
v 0.0570909 -0.1541586 0.8389860
v 0.0359766 -0.1690084 0.8731508
v 0.0083802 -0.1920986 0.8806679
v -0.0824024 -0.1723348 1.2751512
v -0.1589245 -0.1028201 1.3232967
v -0.1600297 -0.1020038 1.3139925
v -0.1060378 -0.2519999 1.2956316
v -0.0872898 -0.2573802 1.2947221
v -0.0390197 -0.1997164 1.2823198
v -0.0547139 -0.2273664 1.3409050
v -0.0432379 -0.2174275 1.3272216
v -0.0428135 -0.2138524 1.3377613
v -0.0184865 -0.1528214 0.9390631
v -0.0429053 -0.1691022 0.9333154
v -0.0112054 -0.1606958 0.9260588
v -0.0199471 -0.0105821 0.7899062
v 0.0549683 -0.1139047 0.8561085
v 0.0209028 -0.1438255 0.6699138
v 0.0226105 -0.1636410 0.6486106
v 0.0232249 -0.1796714 0.6282662
v 0.0212494 -0.1946590 0.6104266
v 0.0184422 -0.2067950 0.5927168
v 0.0164544 -0.2183618 0.5772120
v 0.0152602 -0.2259989 0.5665107
v 0.0096048 -0.2229689 0.5527575
v 0.0135625 -0.1997967 0.5045557
v -0.0067280 -0.1973762 0.5081530
v 0.0010007 -0.2116685 0.5329831
v -0.0134791 -0.1842255 0.4791564
v -0.0185825 -0.1737114 0.4465594
v -0.0227985 -0.1677829 0.4117845
v -0.0257401 -0.1620244 0.3755949
v -0.0279622 -0.1538213 0.3400168
v 0.0050231 -0.0276110 0.7956459
v -0.0070054 -0.0190891 0.7934408
v -0.0209805 -0.1555921 1.3835833
v -0.1032833 -0.1408269 1.2769781
v -0.0994178 -0.1466459 1.2830105
v -0.0416131 -0.1951412 1.2943281
v -0.1209978 -0.2471510 1.2373997
v -0.1159344 -0.2557663 1.2498476
v -0.0516320 -0.1895481 1.2761022
v -0.0777329 -0.1642546 1.2949780
v -0.0746643 -0.1696167 1.3005105
v 0.0321210 -0.3820950 1.1090640
v 0.0215237 -0.3881325 1.1001776
v 0.0395687 -0.3941858 1.0911500
v 0.0492339 -0.3874467 1.0990085
v 0.0411312 -0.3717233 1.1131266
v 0.0569949 -0.3770811 1.1020322
v 0.0449047 -0.3226963 1.0720339
v 0.0487934 -0.3271435 1.0856160
v 0.0620158 -0.3372787 1.0741995
v 0.0576210 -0.3339977 1.0609271
v 0.0771724 -0.3713689 1.0896154
v 0.0787489 -0.3609433 1.0837858
v 0.0645952 -0.3535527 1.0948856
v 0.0623067 -0.3653154 1.1005732
v 0.0260868 -0.3307488 1.0487384
v 0.0159641 -0.3407454 1.0448051
v 0.0025905 -0.3278866 1.0532029
v 0.0137776 -0.3184215 1.0580030
v -0.0059439 -0.2847479 1.1237533
v -0.0100339 -0.2803292 1.1097886
v -0.0168043 -0.2733842 1.1214085
v -0.0119958 -0.2795985 1.1343971
v -0.0027096 -0.3700010 1.1291856
v -0.0146902 -0.3729459 1.1187411
v 0.0031531 -0.3810500 1.1095288
v 0.0148832 -0.3760842 1.1194994
v 0.0209008 -0.3323986 1.1301177
v 0.0215702 -0.3190391 1.1214163
v 0.0063113 -0.3121092 1.1331342
v 0.0050679 -0.3257954 1.1417031
v -0.0202417 -0.3628055 1.1379126
v -0.0316236 -0.3630879 1.1268109
v 0.0507381 -0.3465029 1.1069208
v 0.0505400 -0.3352485 1.0974725
v 0.0366548 -0.3270020 1.1096204
v 0.0360174 -0.3395632 1.1187163
v 0.0537197 -0.3552139 1.0333970
v 0.0455318 -0.3651578 1.0313232
v 0.0302220 -0.3533482 1.0376207
v 0.0396188 -0.3432549 1.0404176
v 0.0779171 -0.3529356 1.0746487
v 0.0753276 -0.3475618 1.0634353
v 0.0640848 -0.3440363 1.0856064
v 0.0421210 -0.4016104 1.0608628
v 0.0488051 -0.4029241 1.0719996
v 0.0300767 -0.3963310 1.0805227
v 0.0230842 -0.3935459 1.0682632
v 0.0185711 -0.3019971 1.0970051
v 0.0211317 -0.3083925 1.1101454
v 0.0353679 -0.3175220 1.0976545
v 0.0319596 -0.3120138 1.0840641
v 0.0092591 -0.3601660 1.1355133
v 0.0251622 -0.3658971 1.1243277
v 0.0037564 -0.3847544 1.0757610
v 0.0114891 -0.3889038 1.0886579
v -0.0070005 -0.3800738 1.0972096
v -0.0138932 -0.3748938 1.0835866
v -0.0322278 -0.3527073 1.0773983
v -0.0282575 -0.3389449 1.0686492
v -0.0129647 -0.3525793 1.0609153
v -0.0158198 -0.3650513 1.0704495
v 0.0047925 -0.2928327 1.1105793
v 0.0000450 -0.2894268 1.0960503
v 0.0016809 -0.3057223 1.0693173
v -0.0100900 -0.3146109 1.0631103
v -0.0219858 -0.3012457 1.0739794
v -0.0095673 -0.2927901 1.0818133
v -0.0249257 -0.3288807 1.1653034
v -0.0383036 -0.3398025 1.1614494
v -0.0261613 -0.3466071 1.1543112
v -0.0156855 -0.3343331 1.1571112
v -0.0374493 -0.3535788 1.1456248
v -0.0509198 -0.3445528 1.1524294
v -0.0780174 -0.3262847 1.1537858
v -0.0843466 -0.3188201 1.1432897
v -0.0787499 -0.3260994 1.1361106
v -0.0716784 -0.3338905 1.1469475
v -0.0630943 -0.3254826 1.0903329
v -0.0564911 -0.3101395 1.0848906
v -0.0424780 -0.3246984 1.0765521
v -0.0482404 -0.3395240 1.0838076
v -0.0543586 -0.2855462 1.0925917
v -0.0395304 -0.2776654 1.0961266
v -0.0322139 -0.2883603 1.0849899
v -0.0454398 -0.2979349 1.0828593
v -0.0662590 -0.2460758 1.1392168
v -0.0541173 -0.2427262 1.1446264
v -0.0505344 -0.2521974 1.1310097
v -0.0626499 -0.2570324 1.1253492
v -0.0280872 -0.2547740 1.1510233
v -0.0304771 -0.2468128 1.1624509
v -0.0221299 -0.2558449 1.1715347
v -0.0206344 -0.2631643 1.1608625
v -0.0471083 -0.3098950 1.1918347
v -0.0644382 -0.3159382 1.1870504
v -0.0602778 -0.3229039 1.1800774
v -0.0441779 -0.3157134 1.1843733
v -0.0758345 -0.3130282 1.0967674
v -0.0691794 -0.2959601 1.0937423
v -0.0244954 -0.2609097 1.1417366
v -0.0177440 -0.2687283 1.1525141
v -0.0150781 -0.2744764 1.1437197
v -0.0208355 -0.2676473 1.1318570
v -0.0209132 -0.2932386 1.1700463
v -0.0274575 -0.3068753 1.1759646
v -0.0219862 -0.3105417 1.1699847
v -0.0169770 -0.2971318 1.1623258
v -0.0388156 -0.3199264 1.1787982
v -0.0543710 -0.3281859 1.1744991
v -0.0457921 -0.3339099 1.1685183
v -0.0313772 -0.3244165 1.1729473
v -0.0837483 -0.3049035 1.1025371
v -0.0831109 -0.3155177 1.1118060
v -0.0876771 -0.3075979 1.1166557
v -0.0869142 -0.2973732 1.1087328
v -0.0584737 -0.2751615 1.1027700
v -0.0441481 -0.2689887 1.1074876
v -0.0139172 -0.3012140 1.1527219
v -0.0106674 -0.2896478 1.1446352
v -0.0132120 -0.2850790 1.1540991
v -0.0598683 -0.3369852 1.1588279
v -0.0766978 -0.2522742 1.1362476
v -0.0865942 -0.2599173 1.1353952
v -0.0898368 -0.2477273 1.1499857
v -0.0798121 -0.2398819 1.1503763
v -0.0687905 -0.2346531 1.1536887
v -0.0564723 -0.2321938 1.1596925
v -0.0320517 -0.2379048 1.1776379
v -0.0234377 -0.2474325 1.1870595
v -0.0199024 -0.2604912 1.1957738
v -0.0234853 -0.2747370 1.2031929
v -0.0225004 -0.2839785 1.1870094
v -0.0190907 -0.2688929 1.1798219
v -0.0498355 -0.2980924 1.2085671
v -0.0674979 -0.3034054 1.2041239
v -0.0776400 -0.3153225 1.1790709
v -0.0819379 -0.3037899 1.1948548
v -0.0348146 -0.2581212 1.1294185
v -0.0384778 -0.2510882 1.1402345
v 0.0011211 -0.3764396 1.0633316
v 0.0027159 -0.3650200 1.0534048
v 0.0197569 -0.3762143 1.0468337
v 0.0197463 -0.3862933 1.0567100
v 0.0396707 -0.3759495 1.0339650
v 0.0232285 -0.3648222 1.0401513
v 0.0475263 -0.3594196 1.1122709
v 0.0324554 -0.3531523 1.1235951
v 0.0725129 -0.3825533 1.0919789
v -0.0174177 -0.3144266 1.1607499
v -0.0093484 -0.3192833 1.1519923
v -0.0889947 -0.3098708 1.1327610
v -0.0893350 -0.3110756 1.1508319
v -0.0936384 -0.3022662 1.1407840
v -0.0754591 -0.3260485 1.1083965
v -0.0629040 -0.3390119 1.1038587
v -0.0558543 -0.3463321 1.1206722
v -0.0720254 -0.3333246 1.1259599
v -0.0883599 -0.2900323 1.1158807
v -0.0909403 -0.3004706 1.1229229
v -0.0942071 -0.2921681 1.1322515
v -0.0908322 -0.2812027 1.1258875
v -0.0317113 -0.2978474 1.1913205
v -0.0307752 -0.3029179 1.1824575
v -0.1002349 -0.2915571 1.1742392
v -0.0943146 -0.3020113 1.1611258
v -0.0873586 -0.3100053 1.1698310
v -0.0922755 -0.2996206 1.1834559
v -0.0829124 -0.3185802 1.1606345
v -0.1044085 -0.2812081 1.1662729
v -0.0987694 -0.2929011 1.1521214
v -0.0336288 -0.2881664 1.2082545
v -0.0950921 -0.2703931 1.1388245
v -0.0987954 -0.2819597 1.1448032
v -0.1038336 -0.2696961 1.1593455
v -0.0987445 -0.2577469 1.1536139
v 0.0078388 -0.3527951 1.0470627
v -0.0069253 -0.3397521 1.0547606
v -0.0259615 -0.2728251 1.1064596
v -0.0191476 -0.2814599 1.0946051
v -0.0308316 -0.2654631 1.1180442
v 0.0368094 -0.3239226 1.0578208
v 0.0495518 -0.3359952 1.0483614
v 0.0122075 -0.3004562 1.0818827
v 0.0245642 -0.3118737 1.0692478
v -0.0312806 -0.3637625 1.0911436
v -0.0720645 -0.2729662 1.1112538
v -0.0600777 -0.2663825 1.1135626
v -0.0712705 -0.2822328 1.1018226
v -0.0436950 -0.2327630 1.1683898
v -0.0416747 -0.2425120 1.1529326
v -0.0800669 -0.2953368 1.0987939
v -0.0464953 -0.2203337 1.1886435
v -0.0624282 -0.3415710 1.1403894
v -0.0680699 -0.3299253 1.1651052
v -0.0734733 -0.3233178 1.1710691
v 0.0572774 -0.3996739 1.0822128
v 0.0168422 -0.3468612 1.1352078
v -0.0067815 -0.3063169 1.1436600
v -0.0051710 -0.2942101 1.1346371
v -0.0820231 -0.2803369 1.1114107
v -0.0838628 -0.2709329 1.1220466
v -0.0733996 -0.2634986 1.1226606
v -0.0224112 -0.2894512 1.1767258
v -0.0180010 -0.2753798 1.1695860
v 0.0627503 -0.3479729 1.0401786
v -0.0165471 -0.2801447 1.1622642
v -0.0489575 -0.3528507 1.1335727
v -0.0583787 -0.0009573 1.4240712
v -0.1071502 -0.1191298 1.2003791
v -0.0481244 -0.1180528 1.1702618
v -0.0699299 -0.1172699 1.1745179
v -0.1101703 -0.1317351 1.2596190
v -0.1065255 -0.1365391 1.2690587
v -0.0918707 -0.1567217 1.2898223
v -0.0876181 -0.1617698 1.2955115
v -0.0974101 -0.1349392 1.2310564
v 0.0210092 -0.1367329 1.5696666
v 0.0211304 -0.1320885 1.5640617
v 0.0221268 -0.1415430 1.5821796
v 0.0950436 -0.0973887 1.0503560
v 0.0210561 -0.1436403 1.5524331
v 0.0208636 -0.1387092 1.5446038
v 0.0173464 -0.1425613 1.5484167
v 0.0220735 -0.1455135 1.5529344
v 0.0223166 -0.1464872 1.5537373
v 0.0238884 -0.1521834 1.5804173
v 0.0215317 -0.1286920 1.5561010
v 0.0215284 -0.1274858 1.5465965
v 0.0236688 -0.1535584 1.5654195
v -0.1182644 0.0506005 1.0413019
v -0.1013852 0.0688692 1.0397251
v -0.1086737 0.0710007 1.0206696
v -0.1252150 0.0502582 1.0220064
v -0.1164735 0.0733414 1.0012010
v -0.1760562 -0.0406721 0.9742898
v -0.1693428 -0.0676091 0.9806758
v -0.1648890 -0.0630589 1.0008195
v -0.1712989 -0.0377217 0.9965896
v -0.1493570 -0.0822437 1.0179618
v -0.1597793 -0.0581814 1.0172565
v -0.1523309 -0.0878006 1.0034352
v -0.1345713 -0.1091513 1.0007745
v -0.1323426 -0.1032517 1.0152065
v -0.1129392 -0.1257409 0.9944322
v -0.1102410 -0.1195361 1.0098613
v -0.0889947 -0.1362727 0.9871150
v -0.0617605 -0.1400685 0.9798601
v -0.0246692 -0.1451341 0.9560896
v -0.0010953 -0.1327884 0.9623625
v -0.0310756 -0.1393197 0.9718575
v 0.0471932 -0.1123696 0.9450175
v 0.0256174 -0.1236399 0.9521920
v 0.0810727 -0.0924329 0.9400041
v 0.0656610 -0.1020060 0.9414223
v -0.0091818 -0.1545174 1.3588751
v -0.0627634 -0.1102328 1.4551683
v -0.0737403 -0.1172594 1.4505213
v -0.0632033 -0.1359011 1.4451545
v -0.1311741 -0.0960875 1.4141181
v -0.1201239 -0.1096884 1.4253492
v -0.1163801 -0.0852464 1.4298416
v -0.1246725 -0.0739167 1.4186920
v -0.0657818 -0.0916701 1.4560348
v -0.0576847 -0.0882712 1.4592012
v -0.0770765 -0.0953574 1.4524425
v -0.0667718 -0.0553625 1.4513316
v -0.0744383 -0.0743123 1.4527360
v -0.0908449 -0.1672643 1.4245323
v -0.1111510 -0.1542011 1.4214202
v -0.1130625 -0.1658588 1.4147588
v -0.0935838 -0.1793211 1.4174266
v -0.1447213 -0.1206946 1.3888440
v -0.1490090 -0.1111949 1.3767415
v -0.1504330 -0.1251069 1.3719921
v -0.1463033 -0.1342056 1.3836147
v -0.0965588 -0.2149490 1.3864451
v -0.1160276 -0.2035115 1.3869403
v -0.1162642 -0.2156550 1.3729706
v -0.0971775 -0.2250210 1.3722055
v -0.1386071 -0.1440372 1.3952496
v -0.1538625 -0.0000538 1.3307601
v -0.1612533 -0.0237509 1.3345479
v -0.1648498 -0.0475043 1.3367927
v -0.1574890 -0.1040474 1.3320308
v -0.1600459 -0.0914162 1.3351887
v -0.1626795 -0.0894903 1.3248511
v -0.1557624 -0.1157058 1.3285607
v -0.1535216 -0.1283520 1.3224499
v -0.0400642 -0.2026101 1.3210687
v -0.0388955 -0.1998766 1.3258052
v -0.0419340 -0.2096178 1.3469851
v -0.1423762 -0.1507241 1.3032904
v -0.1469997 -0.1387920 1.3116126
v -0.1442790 -0.1371953 1.3064051
v -0.1394142 -0.1489257 1.2991192
v -0.0869754 -0.1567545 1.4310644
v -0.1302402 -0.2046162 1.3677066
v -0.1301768 -0.1919276 1.3810065
v -0.1404612 -0.1829966 1.3709177
v -0.1393314 -0.1960846 1.3583797
v -0.1458242 -0.1866456 1.3507033
v -0.1479064 -0.1736667 1.3619752
v -0.1518942 -0.1647102 1.3526331
v -0.1495850 -0.1779193 1.3428907
v -0.1445438 -0.1543420 1.3083677
v -0.1492992 -0.1412585 1.3177861
v -0.0738893 -0.2347488 1.3512150
v -0.0715816 -0.1996902 1.4019661
v -0.0508022 -0.2006976 1.3862322
v -0.0487787 -0.1913967 1.3943351
v -0.0697734 -0.1885608 1.4106428
v -0.0980184 -0.1613335 1.2837479
v -0.0864528 -0.1672858 1.2882144
v -0.1084910 -0.1563146 1.2799520
v -0.1383360 -0.1359083 1.2978269
v -0.1172966 -0.1536412 1.2787716
v -0.0446561 -0.1917239 1.3025317
v -0.0398477 -0.2053407 1.3134096
v -0.0382219 -0.1970237 1.3647944
v -0.0358655 -0.1897066 1.3726484
v -0.0967601 -0.2340103 1.3567945
v -0.1157700 -0.2262478 1.3566942
v -0.1385582 -0.1630248 1.2928164
v -0.1356124 -0.1602940 1.2885860
v -0.1333627 -0.1708712 1.2777933
v -0.1486144 -0.1242747 1.3020875
v -0.1413890 -0.1363713 1.3016465
v -0.0951658 -0.1912205 1.4092563
v -0.1293493 -0.2156108 1.3520828
v -0.1378170 -0.2065159 1.3445444
v -0.1485715 -0.1603125 1.3707264
v -0.1409659 -0.1692548 1.3811479
v -0.1404196 -0.1563911 1.3888543
v -0.1479791 -0.1473012 1.3777225
v -0.1470815 -0.1900726 1.3312864
v -0.1472377 -0.1839600 1.3215948
v -0.1516864 -0.1386505 1.3666080
v -0.1524738 -0.1515733 1.3604227
v -0.1414836 -0.1667894 1.2974227
v -0.0338722 -0.1817946 1.3791961
v -0.0252273 -0.1808915 1.3556032
v -0.0204970 -0.1731264 1.3588510
v -0.0327392 -0.1930071 1.3411119
v -0.0289912 -0.1871232 1.3493575
v -0.0363217 -0.1972474 1.3318367
v -0.0156929 -0.1648713 1.3591158
v -0.0808188 -0.2885317 1.1036094
v -0.1302605 -0.1684348 1.2725667
v -0.1296946 -0.1796185 1.2618176
v -0.1324809 -0.1811625 1.2681030
v -0.1242359 -0.2339307 1.2291246
v 0.0935775 -0.2190318 1.4422945
v 0.0957776 -0.2230054 1.4468751
v 0.1005610 -0.2301492 1.4651649
v 0.1011950 -0.2306488 1.4687620
v -0.0843182 -0.3166301 1.1264920
v -0.0803177 -0.3217245 1.1212913
v -0.0472439 -0.3517404 1.0981236
v -0.0241227 -0.3698903 1.1058123
v -0.0405967 -0.3584221 1.1136053
v -0.0081351 -0.3542158 1.1459535
v 0.0003229 -0.3403019 1.1469583
v 0.0063818 -0.3003694 1.1226335
v -0.0334013 -0.3117502 1.0731063
v 0.1004416 -0.4036496 1.0735899
v 0.0930596 -0.4115774 1.0673631
v 0.1118692 -0.4177656 1.0602884
v 0.1183657 -0.4088429 1.0655805
v 0.1360414 -0.4146579 1.0580001
v 0.1394028 -0.4044670 1.0565468
v 0.1230715 -0.3986666 1.0653583
v 0.1389390 -0.3962283 1.0509599
v 0.1238589 -0.3897551 1.0602061
v 0.1358094 -0.3904820 1.0429934
v 0.1325200 -0.3880054 1.0347180
v 0.1192893 -0.3796416 1.0439904
v 0.1220805 -0.3832664 1.0527166
v 0.1022913 -0.3679894 1.0441529
v 0.1157247 -0.3781011 1.0344991
v 0.1109737 -0.3785802 1.0250929
v 0.0975241 -0.3676832 1.0336403
v 0.1132066 -0.4002536 1.0065471
v 0.1092755 -0.4081453 1.0065970
v 0.0933104 -0.3982932 1.0122940
v 0.0981556 -0.3894389 1.0123337
v 0.0732715 -0.4060274 1.0288194
v 0.0739321 -0.3968707 1.0221996
v 0.0909168 -0.4074763 1.0162693
v 0.0903505 -0.4162828 1.0227137
v 0.1054846 -0.4260312 1.0164414
v 0.1093610 -0.4310642 1.0254439
v 0.0926094 -0.4222475 1.0307514
v 0.0654692 -0.3926595 1.0893088
v 0.0828592 -0.3983593 1.0811677
v 0.0890642 -0.3878262 1.0828913
v 0.1076961 -0.3757837 1.0629786
v 0.0930959 -0.3682753 1.0732165
v 0.0924090 -0.3771624 1.0799239
v 0.1082103 -0.3833881 1.0701873
v 0.0705818 -0.3453531 1.0510351
v 0.0885505 -0.3578206 1.0536427
v 0.0838019 -0.3566308 1.0423161
v 0.1056321 -0.3708759 1.0540300
v 0.0915758 -0.3619722 1.0640321
v 0.0904477 -0.3711497 1.0245968
v 0.1045570 -0.3825511 1.0172149
v 0.0864438 -0.4160483 1.0576358
v 0.0799777 -0.4166520 1.0472270
v 0.0983589 -0.4242569 1.0408645
v 0.1050710 -0.4230860 1.0511371
v 0.0767088 -0.3598285 1.0326705
v 0.0612585 -0.4092239 1.0537777
v 0.0677038 -0.4092694 1.0643535
v 0.0753511 -0.4133384 1.0370938
v 0.0571919 -0.4044315 1.0433753
v 0.1227311 -0.4297526 1.0449051
v 0.1299734 -0.4239300 1.0533354
v 0.0755525 -0.4058720 1.0742701
v 0.0831564 -0.3779011 1.0192504
v 0.0772583 -0.3874715 1.0186490
v 0.0613407 -0.3763587 1.0248719
v 0.0684605 -0.3666998 1.0263315
v 0.0376971 -0.3863147 1.0405035
v 0.0573382 -0.3865223 1.0280159
v 0.0558273 -0.3960816 1.0344680
v 0.1068139 -0.4167783 1.0099917
v 0.0381623 -0.3955681 1.0499617
v 0.2032828 -0.4262606 0.9999234
v 0.1975747 -0.4190581 1.0043543
v 0.2079430 -0.4175403 1.0089931
v 0.2128086 -0.4251504 1.0046410
v 0.1988259 -0.3995108 1.0206535
v 0.1956559 -0.3976312 1.0323169
v 0.2081386 -0.4008609 1.0348421
v 0.2108381 -0.4024180 1.0248286
v 0.2198208 -0.4263579 1.0107541
v 0.2160124 -0.4178689 1.0138754
v 0.2213720 -0.4281615 1.0177207
v 0.2243205 -0.4386894 1.0142941
v 0.2243577 -0.4339508 1.0084185
v 0.2292374 -0.4454451 1.0109770
v 0.2157480 -0.4455664 1.0193882
v 0.2231275 -0.4529236 1.0116896
v 0.1944376 -0.4588383 1.0070960
v 0.1860264 -0.4604818 0.9997636
v 0.1976425 -0.4659978 0.9924196
v 0.2063676 -0.4634671 1.0001322
v 0.1808335 -0.4627798 0.9787231
v 0.1900249 -0.4650827 0.9852082
v 0.1787660 -0.4600060 0.9936149
v 0.1710871 -0.4581585 0.9874336
v 0.1892116 -0.4288065 0.9922556
v 0.1816696 -0.4226781 0.9958434
v 0.1876280 -0.4215523 0.9998122
v 0.1942714 -0.4279584 0.9959129
v 0.2240109 -0.4267903 1.0283413
v 0.2147711 -0.4333661 1.0278156
v 0.2194011 -0.4335867 1.0223989
v 0.2254675 -0.4248455 1.0249269
v 0.1574439 -0.4068998 0.9927594
v 0.1485207 -0.4034036 1.0002653
v 0.1537941 -0.4020886 1.0076647
v 0.1610522 -0.4060241 0.9999275
v 0.1738366 -0.3959430 1.0272190
v 0.1644727 -0.3978623 1.0246273
v 0.1631613 -0.4011128 1.0392938
v 0.1723485 -0.4022286 1.0400381
v 0.1840579 -0.3958346 1.0297771
v 0.1815060 -0.4028754 1.0414141
v 0.1928740 -0.4044958 1.0417704
v 0.2062019 -0.4066898 1.0424099
v 0.1415830 -0.4072013 0.9930710
v 0.1465182 -0.4097701 0.9858594
v 0.2665751 -0.4634280 0.9806182
v 0.2643022 -0.4635123 0.9753043
v 0.2603233 -0.4608139 0.9783812
v 0.2625397 -0.4608281 0.9837968
v 0.1363159 -0.4277720 0.9872053
v 0.1367877 -0.4362937 0.9926385
v 0.1318237 -0.4321071 0.9954009
v 0.1328249 -0.4229699 0.9912442
v 0.1411611 -0.4333362 0.9814327
v 0.1433010 -0.4415693 0.9887451
v 0.2654101 -0.4753793 0.9857549
v 0.2672716 -0.4703919 0.9865439
v 0.2624449 -0.4686351 0.9895188
v 0.2602208 -0.4736453 0.9885491
v 0.2188371 -0.4313350 1.0015524
v 0.2102752 -0.4318026 0.9964759
v 0.2314156 -0.4414718 0.9910903
v 0.2193385 -0.4370430 0.9923150
v 0.2261692 -0.4362711 0.9995468
v 0.2336655 -0.4409301 0.9977114
v 0.2017127 -0.4390805 0.9801412
v 0.1935543 -0.4342964 0.9850279
v 0.2008379 -0.4346465 0.9892259
v 0.2092754 -0.4392795 0.9839417
v 0.1851251 -0.4324585 0.9748291
v 0.1923363 -0.4379826 0.9701391
v 0.1878335 -0.4368606 0.9644472
v 0.1818627 -0.4318794 0.9690308
v 0.2107248 -0.4490993 0.9658324
v 0.2169633 -0.4559585 0.9624579
v 0.2122559 -0.4566800 0.9585894
v 0.2064938 -0.4492227 0.9616207
v 0.1264025 -0.4287154 0.9983302
v 0.1278934 -0.4192526 0.9952467
v 0.1662027 -0.4550753 0.9650673
v 0.1616457 -0.4474284 0.9594555
v 0.1669227 -0.4510302 0.9512544
v 0.1717821 -0.4586387 0.9574519
v 0.1408224 -0.4427390 1.0002944
v 0.1346841 -0.4392779 1.0032913
v 0.2625979 -0.4791491 0.9821796
v 0.2573456 -0.4775087 0.9850486
v 0.1896840 -0.4151972 1.0436684
v 0.2041977 -0.4160199 1.0443496
v 0.1779690 -0.4141465 1.0434855
v 0.1697232 -0.4131921 1.0439186
v 0.1620195 -0.4115365 1.0465541
v 0.2205994 -0.4408248 0.9858987
v 0.2011497 -0.4317060 0.9936727
v 0.1855023 -0.4284137 0.9890041
v 0.1672430 -0.4259459 0.9633650
v 0.1614579 -0.4223445 0.9672898
v 0.1698502 -0.4214219 0.9733601
v 0.1732501 -0.4260017 0.9685374
v 0.1621866 -0.4385743 0.9553184
v 0.1676820 -0.4333423 0.9556294
v 0.1732270 -0.4377901 0.9501957
v 0.1678800 -0.4426354 0.9485468
v 0.2237629 -0.4275883 1.0339556
v 0.2120251 -0.4303353 1.0342911
v 0.1394419 -0.4183091 0.9842161
v 0.1359461 -0.4142740 0.9902160
v 0.1314680 -0.4113005 0.9957946
v 0.1709438 -0.4139205 0.9973131
v 0.1637444 -0.4050811 1.0044693
v 0.1687124 -0.4030535 1.0087754
v 0.1747470 -0.4135595 1.0007043
v 0.1921970 -0.4087472 1.0084212
v 0.1866052 -0.3990577 1.0163979
v 0.2036893 -0.4080912 1.0131052
v 0.1581218 -0.3999952 1.0146603
v 0.1470030 -0.3992764 1.0137325
v 0.1517643 -0.3977971 1.0217805
v 0.1416299 -0.4019152 1.0058427
v 0.1361659 -0.4058799 0.9994029
v 0.1394183 -0.3951921 1.0190181
v 0.1436083 -0.3943540 1.0273165
v 0.1340123 -0.3982853 1.0109974
v 0.1289166 -0.4026312 1.0046918
v 0.1177030 -0.4333801 1.0116057
v 0.1175901 -0.4245083 1.0041567
v 0.1274386 -0.4365291 1.0066497
v 0.1522897 -0.4004697 1.0443978
v 0.1569152 -0.3981450 1.0308121
v 0.1478628 -0.3960587 1.0356372
v 0.1526271 -0.4092893 1.0505388
v 0.2188313 -0.4046654 1.0279435
v 0.2265175 -0.4063253 1.0297887
v 0.2270694 -0.4114013 1.0241753
v 0.2200719 -0.4109848 1.0222040
v 0.2343796 -0.4508549 1.0066224
v 0.2355481 -0.4444934 1.0034686
v 0.2296721 -0.4394155 1.0063857
v 0.1609967 -0.4117348 0.9839788
v 0.1511159 -0.4140710 0.9781376
v 0.2302787 -0.4443188 0.9854836
v 0.2542805 -0.4709138 0.9920165
v 0.2568464 -0.4656212 0.9928551
v 0.2471288 -0.4595606 0.9984579
v 0.2446014 -0.4657564 0.9976151
v 0.2342844 -0.4538324 0.9803516
v 0.2362545 -0.4487327 0.9844277
v 0.2427204 -0.4529792 0.9814963
v 0.2407168 -0.4587122 0.9785807
v 0.2060253 -0.4542507 0.9542376
v 0.2012343 -0.4483119 0.9565514
v 0.2186250 -0.4651632 0.9912257
v 0.2236294 -0.4638601 1.0017336
v 0.2142579 -0.4599097 1.0081832
v 0.1964574 -0.4387643 0.9751911
v 0.2037714 -0.4436661 0.9702539
v 0.1996469 -0.4434743 0.9655716
v 0.2216827 -0.4436507 0.9825225
v 0.2278953 -0.4472469 0.9816168
v 0.2223137 -0.4475009 0.9779505
v 0.2156560 -0.4430517 0.9801891
v 0.1543948 -0.4434312 0.9678236
v 0.1555296 -0.4320815 0.9622487
v 0.2675721 -0.4660906 0.9846930
v 0.2633316 -0.4639501 0.9878336
v 0.1208784 -0.4149057 1.0006265
v 0.1246395 -0.4077429 1.0011093
v 0.1889674 -0.4334354 0.9804925
v 0.2035818 -0.4543861 1.0145962
v 0.1819468 -0.4273038 0.9849934
v 0.1907387 -0.4644049 0.9590492
v 0.1894824 -0.4593802 0.9527878
v 0.1966897 -0.4623603 0.9513442
v 0.1963214 -0.4680048 0.9553404
v 0.2493489 -0.4654882 0.9748593
v 0.2521523 -0.4599586 0.9771510
v 0.2573532 -0.4642711 0.9740820
v 0.2546857 -0.4695656 0.9723652
v 0.2376533 -0.4458901 0.9895354
v 0.2395039 -0.4456103 0.9953577
v 0.2467872 -0.4503473 0.9917507
v 0.2448654 -0.4500741 0.9862216
v 0.2406990 -0.4493232 0.9999504
v 0.2477671 -0.4541146 0.9962704
v 0.2477152 -0.4720680 0.9763672
v 0.2483198 -0.4757397 0.9820230
v 0.2384983 -0.4705270 0.9864282
v 0.2391704 -0.4660647 0.9802483
v 0.1617269 -0.4532186 0.9954182
v 0.1556889 -0.4507153 0.9888320
v 0.1643873 -0.4552005 0.9801623
v 0.1729690 -0.4594825 0.9712801
v 0.1818880 -0.4612379 0.9627578
v 0.1897896 -0.4671030 0.9711846
v 0.1588709 -0.4512158 0.9742868
v 0.2274991 -0.4624549 0.9808987
v 0.2296269 -0.4653496 0.9882506
v 0.2241095 -0.4671399 0.9828565
v 0.1773927 -0.4257846 0.9785158
v 0.2579112 -0.4606744 0.9911549
v 0.1614897 -0.4340636 1.0385472
v 0.1542448 -0.4410772 1.0308211
v 0.1622616 -0.4448485 1.0250694
v 0.1695197 -0.4363241 1.0348016
v 0.2549105 -0.4568847 0.9815375
v 0.2572813 -0.4569931 0.9867206
v 0.1965682 -0.4494208 0.9513503
v 0.2014311 -0.4549543 0.9505707
v 0.1983049 -0.4576861 0.9482053
v 0.1932027 -0.4539614 0.9476648
v 0.1508627 -0.4469581 0.9827481
v 0.1713402 -0.4533455 0.9450928
v 0.1744484 -0.4612899 0.9515959
v 0.1474468 -0.4465782 0.9957810
v 0.1532237 -0.4492367 1.0029195
v 0.1465045 -0.4460210 1.0088113
v 0.2026920 -0.4683226 0.9761215
v 0.1683502 -0.4547053 1.0013602
v 0.1594612 -0.4501725 1.0087701
v 0.1525987 -0.4463496 1.0163403
v 0.1462909 -0.4433970 1.0215532
v 0.1401691 -0.4431450 1.0130971
v 0.2511797 -0.4750388 0.9882067
v 0.2545192 -0.4783753 0.9792089
v 0.1324199 -0.4400799 1.0172793
v 0.1223414 -0.4370382 1.0214537
v 0.1287076 -0.4366973 1.0306205
v 0.1386892 -0.4402481 1.0261288
v 0.1662924 -0.4498465 1.0151021
v 0.1731292 -0.4481994 1.0213749
v 0.1752083 -0.4549277 1.0072254
v 0.1832900 -0.4535367 1.0137816
v 0.2086728 -0.4700253 0.9855428
v 0.2659645 -0.4808218 0.9684399
v 0.2589363 -0.4774167 0.9718905
v 0.2593881 -0.4726285 0.9695592
v 0.2660741 -0.4768891 0.9660367
v 0.2535381 -0.4750483 0.9741448
v 0.2598893 -0.4802507 0.9766859
v 0.1926567 -0.4487250 1.0215624
v 0.2279946 -0.4538481 0.9762965
v 0.1826548 -0.4393497 1.0304841
v 0.2048615 -0.4424043 1.0270422
v 0.1987636 -0.4351285 1.0339818
v 0.1746578 -0.4256693 1.0418152
v 0.1855876 -0.4262693 1.0408875
v 0.1587630 -0.4222857 1.0467344
v 0.1664410 -0.4241372 1.0437228
v 0.1494420 -0.4194673 1.0516894
v 0.2004331 -0.4258765 1.0412399
v 0.2723128 -0.4663771 0.9759067
v 0.2697281 -0.4670931 0.9706856
v 0.1536031 -0.4316083 1.0423885
v 0.1439900 -0.4285401 1.0473264
v 0.2134449 -0.4093502 1.0176954
v 0.1718387 -0.4193789 0.9843575
v 0.1753076 -0.4211018 0.9893158
v 0.1563260 -0.4185771 0.9717542
v 0.1660486 -0.4168628 0.9780285
v 0.1363067 -0.4346171 1.0397927
v 0.1289548 -0.3878052 1.0257846
v 0.1236527 -0.3899437 1.0174231
v 0.1156367 -0.4314625 1.0349620
v 0.2738609 -0.4689129 0.9799884
v 0.2166846 -0.4632139 0.9620824
v 0.2137979 -0.4639446 0.9610397
v 0.2174077 -0.4033966 1.0364005
v 0.2261761 -0.4060736 1.0364603
v 0.2257699 -0.4169663 1.0426029
v 0.2262199 -0.4103494 1.0408043
v 0.2168820 -0.4082334 1.0427375
v 0.2156207 -0.4163468 1.0444346
v 0.1685429 -0.4135669 0.9938937
v 0.1658608 -0.4129603 0.9892023
v 0.1473212 -0.4386668 0.9751731
v 0.1484806 -0.4280269 0.9698257
v 0.2397372 -0.4551485 1.0025543
v 0.2300638 -0.4576210 1.0058812
v 0.2364530 -0.4614265 1.0016133
v 0.2408154 -0.4701218 0.9934454
v 0.2300410 -0.4593154 0.9786647
v 0.2333479 -0.4611841 0.9816516
v 0.1764427 -0.4006553 1.0123565
v 0.1819211 -0.4115698 1.0043720
v 0.2207103 -0.4186351 1.0190398
v 0.2258872 -0.4194721 1.0222712
v 0.2089109 -0.4432266 0.9757292
v 0.2138373 -0.4720957 0.9723251
v 0.2173910 -0.4727752 0.9801761
v 0.2157065 -0.4478868 0.9723229
v 0.2723441 -0.4780060 0.9811830
v 0.2740875 -0.4730083 0.9818147
v 0.2320109 -0.4663817 0.9972107
v 0.1945903 -0.4424503 0.9599237
v 0.2069856 -0.4687099 0.9674191
v 0.2147994 -0.4687410 0.9662275
v 0.1722159 -0.4457707 0.9444404
v 0.1462793 -0.4380854 1.0350730
v 0.2613862 -0.4670123 0.9707307
v 0.2670868 -0.4708969 0.9664433
v 0.2667889 -0.4826341 0.9727279
v 0.2692124 -0.4816963 0.9778740
v 0.1432984 -0.4232652 0.9769900
v 0.1782668 -0.4222751 0.9928068
v 0.1181199 -0.3944975 1.0106182
v 0.2132219 -0.4247430 1.0415144
v 0.2247149 -0.4238781 1.0400301
v 0.2217462 -0.4530156 0.9693038
v 0.1823023 -0.4612482 0.9542716
v 0.1958256 -0.4700751 0.9654628
v 0.2001386 -0.4729819 0.9611047
v 0.2077253 -0.4720097 0.9639768
v 0.2124307 -0.4689491 0.9617973
v 0.2719866 -0.4850405 0.9695279
v 0.2746226 -0.4841301 0.9744584
v 0.2779728 -0.4807927 0.9776876
v 0.2791980 -0.4756632 0.9782574
v 0.2782293 -0.4714776 0.9765284
v 0.2711556 -0.4833341 0.9656432
v 0.2709795 -0.4793793 0.9635002
v 0.2716273 -0.4736067 0.9640113
v 0.2754535 -0.4851777 0.9627994
v 0.2773657 -0.4873736 0.9661749
v 0.2887573 -0.4842064 0.9711058
v 0.2836096 -0.4837273 0.9739346
v 0.2846706 -0.4862341 0.9710236
v 0.2878314 -0.4871698 0.9693943
v 0.2910740 -0.4886302 0.9668456
v 0.2921311 -0.4854134 0.9676932
v 0.2820271 -0.4875730 0.9693991
v 0.2851876 -0.4893748 0.9670120
v 0.2828775 -0.4895335 0.9636862
v 0.2860948 -0.4912162 0.9612098
v 0.2885341 -0.4911432 0.9643632
v 0.2806074 -0.4882051 0.9663873
v 0.2791437 -0.4863120 0.9715119
v 0.2939827 -0.4874337 0.9640317
v 0.2929916 -0.4897978 0.9646318
v 0.2916563 -0.4920294 0.9619927
v 0.2929886 -0.4900709 0.9600142
v 0.2834781 -0.4781185 0.9750274
v 0.2883664 -0.4803407 0.9709031
v 0.2919444 -0.4822585 0.9666506
v 0.2937107 -0.4846012 0.9626002
v 0.2876242 -0.4773430 0.9686403
v 0.2908186 -0.4802108 0.9643928
v 0.2921551 -0.4824272 0.9609801
v 0.2862650 -0.4759656 0.9650188
v 0.2894870 -0.4793694 0.9616912
v 0.2805314 -0.4718186 0.9697857
v 0.2822860 -0.4739732 0.9734073
v 0.2907733 -0.4814295 0.9600003
v 0.2925161 -0.4871964 0.9586149
v 0.2808416 -0.4886546 0.9615570
v 0.2848128 -0.4901461 0.9587554
v 0.2799700 -0.4867894 0.9594498
v 0.2843625 -0.4881164 0.9568738
v 0.2890393 -0.4911512 0.9575651
v 0.2889989 -0.4924157 0.9597384
v 0.2762494 -0.4689413 0.9727057
v 0.2736661 -0.4700711 0.9677180
v 0.2780201 -0.4726297 0.9648812
v 0.2837556 -0.4763565 0.9606117
v 0.2757180 -0.4761044 0.9616888
v 0.2752013 -0.4813663 0.9609958
v 0.2799417 -0.4837060 0.9582348
v 0.2809416 -0.4797261 0.9582475
v 0.2844136 -0.4852947 0.9560571
v 0.2854509 -0.4824401 0.9564762
v 0.2876694 -0.4802606 0.9585811
v 0.2882948 -0.4858095 0.9558030
v 0.2888190 -0.4886519 0.9561823
v 0.2911975 -0.4847036 0.9579394
v 0.2879773 -0.4837553 0.9563806
v 0.2896636 -0.4826350 0.9580283
v 0.2525085 -0.4761659 0.9536361
v 0.2494616 -0.4759942 0.9489784
v 0.2444620 -0.4730651 0.9536334
v 0.2475128 -0.4731779 0.9581162
v 0.2514750 -0.4865227 0.9613698
v 0.2542162 -0.4813321 0.9605562
v 0.2492229 -0.4790969 0.9648942
v 0.2463460 -0.4843109 0.9655385
v 0.2466897 -0.4896911 0.9581017
v 0.2413818 -0.4875632 0.9619490
v 0.2406623 -0.4807487 0.9701642
v 0.2435795 -0.4754905 0.9693886
v 0.2336297 -0.4676731 0.9757509
v 0.2311572 -0.4729916 0.9774027
v 0.2250777 -0.4619203 0.9604146
v 0.2229245 -0.4670195 0.9592678
v 0.2543915 -0.4778578 0.9574969
v 0.2493572 -0.4751634 0.9618750
v 0.2326770 -0.4746726 0.9532104
v 0.2355504 -0.4703754 0.9543325
v 0.2412426 -0.4750146 0.9501674
v 0.2384910 -0.4789595 0.9488872
v 0.2323102 -0.4600730 0.9700777
v 0.2286503 -0.4594588 0.9649923
v 0.2338535 -0.4635033 0.9732283
v 0.2309502 -0.4798636 0.9548499
v 0.2317083 -0.4838030 0.9596562
v 0.2220515 -0.4773875 0.9673341
v 0.2215421 -0.4732499 0.9617343
v 0.2436478 -0.4712049 0.9663793
v 0.2388322 -0.4681841 0.9581132
v 0.2420308 -0.4684893 0.9625661
v 0.2355213 -0.4841662 0.9663851
v 0.2376576 -0.4868625 0.9551680
v 0.2496403 -0.4905152 0.9425186
v 0.2424444 -0.4863675 0.9471555
v 0.2434105 -0.4822727 0.9447309
v 0.2505204 -0.4869336 0.9396805
v 0.2372248 -0.4832195 0.9507036
v 0.2431187 -0.4894169 0.9518100
v 0.2598815 -0.4803765 0.9471870
v 0.2566336 -0.4806785 0.9426417
v 0.2616621 -0.4817939 0.9511911
v 0.2257069 -0.4779881 0.9743388
v 0.2586859 -0.4898790 0.9554527
v 0.2613209 -0.4849375 0.9541316
v 0.2461662 -0.4781609 0.9455336
v 0.2530077 -0.4828623 0.9397326
v 0.2504104 -0.4931501 0.9470301
v 0.2538061 -0.4930250 0.9527742
v 0.2562672 -0.4959234 0.9426702
v 0.2596808 -0.4957954 0.9477747
v 0.2643257 -0.4929213 0.9504907
v 0.2662901 -0.4878665 0.9495628
v 0.2658830 -0.4847426 0.9470466
v 0.2551270 -0.4936696 0.9387408
v 0.2554303 -0.4902270 0.9365308
v 0.2572518 -0.4859633 0.9366063
v 0.2601348 -0.4965556 0.9346157
v 0.2618653 -0.4992263 0.9377570
v 0.2780441 -0.4994654 0.9376184
v 0.2745332 -0.4975413 0.9418259
v 0.2729584 -0.5001442 0.9401562
v 0.2765414 -0.5024099 0.9373503
v 0.2695484 -0.4964123 0.9453856
v 0.2699488 -0.4990978 0.9421084
v 0.2673435 -0.5002081 0.9402836
v 0.2701309 -0.5024396 0.9377497
v 0.2675523 -0.5021016 0.9344606
v 0.2706537 -0.5045184 0.9315678
v 0.2736045 -0.5051809 0.9348852
v 0.2653515 -0.5004994 0.9374212
v 0.2786416 -0.5042413 0.9345454
v 0.2794615 -0.5021321 0.9332392
v 0.2643970 -0.4986415 0.9432631
v 0.2704424 -0.4909189 0.9458189
v 0.2748841 -0.4936414 0.9412590
v 0.2780193 -0.4963278 0.9361685
v 0.2790680 -0.4992224 0.9313841
v 0.2742104 -0.4906436 0.9385838
v 0.2772167 -0.4940243 0.9337752
v 0.2779229 -0.4970840 0.9300378
v 0.2723637 -0.4889894 0.9349087
v 0.2756361 -0.4930808 0.9310115
v 0.2671333 -0.4854111 0.9402240
v 0.2694037 -0.4872568 0.9437138
v 0.2765746 -0.4957664 0.9292346
v 0.2779682 -0.5052291 0.9294646
v 0.2776126 -0.5021554 0.9279190
v 0.2771185 -0.5073321 0.9319843
v 0.2660340 -0.5007543 0.9326016
v 0.2696064 -0.5029717 0.9294574
v 0.2646963 -0.4993178 0.9306235
v 0.2689241 -0.5017115 0.9274801
v 0.2735793 -0.5053432 0.9277540
v 0.2735826 -0.5065949 0.9297368
v 0.2638237 -0.4831688 0.9435182
v 0.2605387 -0.4834837 0.9394271
v 0.2639666 -0.4855438 0.9360303
v 0.2691962 -0.4893794 0.9308532
v 0.2606995 -0.4881868 0.9336004
v 0.2597024 -0.4929183 0.9330674
v 0.2646190 -0.4961676 0.9291666
v 0.2660135 -0.4922502 0.9289211
v 0.2690919 -0.4988991 0.9264743
v 0.2702227 -0.4955762 0.9263155
v 0.2729058 -0.4933825 0.9280236
v 0.2731461 -0.5001182 0.9255777
v 0.2733927 -0.5031646 0.9260861
v 0.2764988 -0.4990606 0.9272049
v 0.2730008 -0.4975116 0.9257911
v 0.2750567 -0.4965479 0.9271916
v 0.2287991 -0.4757536 0.9376005
v 0.2256868 -0.4735913 0.9336284
v 0.2218088 -0.4712707 0.9379861
v 0.2251674 -0.4733554 0.9417404
v 0.2258114 -0.4858428 0.9419297
v 0.2283781 -0.4832634 0.9418977
v 0.2249612 -0.4805940 0.9466339
v 0.2218382 -0.4834538 0.9473875
v 0.2215227 -0.4874022 0.9393429
v 0.2167930 -0.4847380 0.9445612
v 0.2179320 -0.4806329 0.9523445
v 0.2215837 -0.4772754 0.9511843
v 0.2155679 -0.4715362 0.9574580
v 0.2117995 -0.4756564 0.9591159
v 0.2295315 -0.4796535 0.9402348
v 0.2260955 -0.4769496 0.9446133
v 0.2110302 -0.4695886 0.9381223
v 0.2141343 -0.4673181 0.9393610
v 0.2181508 -0.4715347 0.9350301
v 0.2153291 -0.4738178 0.9340282
v 0.2145077 -0.4623567 0.9531545
v 0.2106339 -0.4600150 0.9497605
v 0.2162312 -0.4667129 0.9554296
v 0.2087157 -0.4744432 0.9393226
v 0.2083759 -0.4795190 0.9436562
v 0.2017242 -0.4732358 0.9502941
v 0.2021729 -0.4675262 0.9465841
v 0.2227700 -0.4733477 0.9487979
v 0.2181309 -0.4668192 0.9421627
v 0.2216142 -0.4693523 0.9459725
v 0.2121842 -0.4816145 0.9493603
v 0.2130080 -0.4825925 0.9392237
v 0.2239746 -0.4864295 0.9244873
v 0.2171428 -0.4812551 0.9308232
v 0.2189601 -0.4767539 0.9293460
v 0.2251843 -0.4823691 0.9227852
v 0.2129602 -0.4780410 0.9350069
v 0.2178126 -0.4857404 0.9345809
v 0.2345285 -0.4797543 0.9306788
v 0.2314077 -0.4779345 0.9268424
v 0.2351612 -0.4832974 0.9332619
v 0.2055288 -0.4768418 0.9560112
v 0.2038922 -0.4622973 0.9449719
v 0.2322911 -0.4895824 0.9347067
v 0.2344609 -0.4869102 0.9347673
v 0.2217806 -0.4739254 0.9304115
v 0.2276595 -0.4788967 0.9237090
v 0.2247363 -0.4901348 0.9280123
v 0.2281507 -0.4913763 0.9326043
v 0.2292228 -0.4932311 0.9234029
v 0.2327364 -0.4941958 0.9277519
v 0.2369306 -0.4927799 0.9299383
v 0.2387633 -0.4894626 0.9298946
v 0.2388516 -0.4857716 0.9285823
v 0.2285967 -0.4897601 0.9199323
v 0.2294891 -0.4860263 0.9188510
v 0.2313116 -0.4821205 0.9200798
v 0.2318218 -0.4920079 0.9164508
v 0.2334235 -0.4956572 0.9193139
v 0.2488339 -0.4992735 0.9179068
v 0.2459086 -0.4972085 0.9215214
v 0.2442681 -0.4984711 0.9202207
v 0.2470871 -0.5008714 0.9174203
v 0.2411359 -0.4957435 0.9252981
v 0.2415336 -0.4974505 0.9225453
v 0.2385651 -0.4980071 0.9212769
v 0.2411544 -0.5001735 0.9185062
v 0.2381163 -0.4983610 0.9158208
v 0.2408565 -0.5004986 0.9129359
v 0.2440222 -0.5022339 0.9155117
v 0.2363275 -0.4975398 0.9188131
v 0.2485385 -0.5024468 0.9151056
v 0.2500049 -0.5012405 0.9144576
v 0.2362780 -0.4965035 0.9238643
v 0.2425814 -0.4915907 0.9260200
v 0.2466795 -0.4938593 0.9217995
v 0.2496605 -0.4963945 0.9173633
v 0.2502821 -0.4982057 0.9135700
v 0.2460651 -0.4903772 0.9204965
v 0.2489695 -0.4930794 0.9162069
v 0.2494673 -0.4949333 0.9128854
v 0.2443020 -0.4876320 0.9184369
v 0.2472594 -0.4909072 0.9145182
v 0.2402715 -0.4848613 0.9229340
v 0.2420445 -0.4877528 0.9249322
v 0.2481309 -0.4930154 0.9125475
v 0.2476329 -0.5021997 0.9111772
v 0.2478004 -0.4990421 0.9098905
v 0.2464116 -0.5037077 0.9129979
v 0.2363522 -0.4966930 0.9143902
v 0.2396334 -0.4986829 0.9113065
v 0.2357317 -0.4939828 0.9128732
v 0.2395266 -0.4963869 0.9098942
v 0.2431954 -0.5008347 0.9098658
v 0.2433062 -0.5021549 0.9113986
v 0.2374697 -0.4826434 0.9264050
v 0.2344841 -0.4810561 0.9232957
v 0.2374188 -0.4834112 0.9201107
v 0.2415841 -0.4865220 0.9153495
v 0.2343063 -0.4843470 0.9171795
v 0.2327058 -0.4881648 0.9158578
v 0.2364414 -0.4908475 0.9122480
v 0.2382930 -0.4876825 0.9129194
v 0.2401458 -0.4936014 0.9094037
v 0.2418086 -0.4909959 0.9098142
v 0.2448043 -0.4900715 0.9118953
v 0.2436695 -0.4954981 0.9084584
v 0.2433095 -0.4983076 0.9086690
v 0.2472988 -0.4957783 0.9098600
v 0.2439473 -0.4931843 0.9090237
v 0.2464653 -0.4930683 0.9105014
v 0.2066391 -0.4602654 0.9468918
v 0.1949411 -0.4649131 0.9258225
v 0.1923891 -0.4623861 0.9237689
v 0.1907360 -0.4605135 0.9278032
v 0.1930777 -0.4628716 0.9298151
v 0.1914837 -0.4748989 0.9283902
v 0.1947862 -0.4723670 0.9286582
v 0.1930784 -0.4702318 0.9332827
v 0.1894693 -0.4730772 0.9333056
v 0.1865927 -0.4742227 0.9259001
v 0.1842746 -0.4723928 0.9306699
v 0.1877243 -0.4700562 0.9386842
v 0.1916438 -0.4671741 0.9384568
v 0.1887749 -0.4619686 0.9461742
v 0.1845043 -0.4650383 0.9474751
v 0.1756624 -0.4482757 0.9413448
v 0.1796713 -0.4462018 0.9427218
v 0.1824722 -0.4504940 0.9371228
v 0.1783768 -0.4515155 0.9360382
v 0.1957991 -0.4685877 0.9275123
v 0.1941633 -0.4663605 0.9318437
v 0.1821635 -0.4569531 0.9285198
v 0.1860599 -0.4561233 0.9296498
v 0.1875555 -0.4593911 0.9257923
v 0.1840742 -0.4601316 0.9244588
v 0.1842209 -0.4463861 0.9444627
v 0.1890356 -0.4487318 0.9463792
v 0.1891558 -0.4539514 0.9417510
v 0.1862645 -0.4514864 0.9389071
v 0.1900104 -0.4575501 0.9435683
v 0.1792430 -0.4601145 0.9291471
v 0.1790443 -0.4652210 0.9318909
v 0.1744200 -0.4594543 0.9399152
v 0.1755537 -0.4547134 0.9368889
v 0.1926745 -0.4632970 0.9363011
v 0.1893377 -0.4572859 0.9317812
v 0.1919694 -0.4599529 0.9342032
v 0.1821649 -0.4696122 0.9360607
v 0.1814097 -0.4682604 0.9270584
v 0.1862387 -0.4683950 0.9147970
v 0.1831881 -0.4654844 0.9206288
v 0.1853240 -0.4619702 0.9201929
v 0.1878950 -0.4650974 0.9145235
v 0.1815332 -0.4633703 0.9247721
v 0.1835321 -0.4702041 0.9226750
v 0.1978082 -0.4678352 0.9201977
v 0.1950418 -0.4648966 0.9182520
v 0.1985003 -0.4713920 0.9217418
v 0.1780048 -0.4651402 0.9451542
v 0.1946489 -0.4773652 0.9223594
v 0.1976864 -0.4748609 0.9225429
v 0.1890423 -0.4611911 0.9216861
v 0.1913277 -0.4639431 0.9159689
v 0.1868136 -0.4728739 0.9168247
v 0.1899801 -0.4766245 0.9201122
v 0.1893641 -0.4754454 0.9120188
v 0.1924770 -0.4791661 0.9154299
v 0.1972250 -0.4795253 0.9177995
v 0.1999718 -0.4768844 0.9184219
v 0.2003122 -0.4733041 0.9178463
v 0.1889228 -0.4710154 0.9101771
v 0.1905000 -0.4679687 0.9105112
v 0.1933238 -0.4666936 0.9123861
v 0.1916004 -0.4734132 0.9068868
v 0.1924177 -0.4781189 0.9081317
v 0.2056608 -0.4836104 0.9061652
v 0.2036498 -0.4823676 0.9096799
v 0.2017827 -0.4831409 0.9085346
v 0.2037885 -0.4846554 0.9058902
v 0.1997903 -0.4813375 0.9132771
v 0.1994486 -0.4822978 0.9108330
v 0.1965213 -0.4818112 0.9097497
v 0.1984472 -0.4834928 0.9072734
v 0.1958597 -0.4813942 0.9048630
v 0.1979954 -0.4828918 0.9018882
v 0.2004008 -0.4853868 0.9043903
v 0.1945754 -0.4807248 0.9075783
v 0.2047115 -0.4861275 0.9037708
v 0.2061851 -0.4850324 0.9029864
v 0.1948784 -0.4808089 0.9119750
v 0.2018949 -0.4786210 0.9144935
v 0.2048041 -0.4804091 0.9101199
v 0.2068546 -0.4819120 0.9057321
v 0.2068942 -0.4826495 0.9020853
v 0.2045328 -0.4775236 0.9100636
v 0.2066370 -0.4794096 0.9054088
v 0.2065407 -0.4802411 0.9019896
v 0.2032933 -0.4743954 0.9092912
v 0.2054089 -0.4768767 0.9048534
v 0.2007294 -0.4718575 0.9133730
v 0.2020253 -0.4753479 0.9143539
v 0.2059191 -0.4784856 0.9023028
v 0.2036893 -0.4848329 0.8999889
v 0.2046455 -0.4822279 0.8995062
v 0.2020723 -0.4865673 0.9016416
v 0.1946788 -0.4790070 0.9037722
v 0.1975848 -0.4807444 0.9002774
v 0.1945629 -0.4756911 0.9033501
v 0.1982273 -0.4781130 0.8997830
v 0.2005084 -0.4828254 0.8988909
v 0.1997254 -0.4844106 0.9001731
v 0.1992941 -0.4699055 0.9166119
v 0.1966233 -0.4673437 0.9146839
v 0.1982543 -0.4693235 0.9115953
v 0.2009791 -0.4719300 0.9075986
v 0.1953085 -0.4687776 0.9092679
v 0.1928182 -0.4701346 0.9074015
v 0.1959303 -0.4730267 0.9035241
v 0.1983254 -0.4714130 0.9051316
v 0.1995450 -0.4759875 0.9003453
v 0.2014700 -0.4747543 0.9015755
v 0.2036276 -0.4751195 0.9035024
v 0.2026691 -0.4785435 0.8993404
v 0.2016648 -0.4805444 0.8986055
v 0.2049804 -0.4798833 0.9000964
v 0.2032746 -0.4771413 0.9003125
v 0.2048046 -0.4778310 0.9011490
v 0.1736856 -0.4514456 0.9411752
v 0.2355201 -0.4275685 1.0335702
v 0.2355493 -0.4271521 1.0282639
v 0.2363356 -0.4114329 1.0249671
v 0.2362488 -0.4179019 1.0233485
v 0.2365124 -0.4076523 1.0302600
v 0.2369950 -0.4116482 1.0396506
v 0.2370183 -0.4083186 1.0357036
v 0.2360247 -0.4240821 1.0245022
v 0.2361281 -0.4245369 1.0391598
v 0.2366516 -0.4177816 1.0416707
v 0.2464052 -0.4256672 1.0390555
v 0.2473900 -0.4188104 1.0416822
v 0.2474389 -0.4119477 1.0395790
v 0.2460568 -0.4085437 1.0351063
v 0.2443102 -0.4081092 1.0298900
v 0.2447675 -0.4292203 1.0336582
v 0.2436942 -0.4284989 1.0281840
v 0.2429516 -0.4240665 1.0245620
v 0.2538402 -0.4306374 1.0335199
v 0.2585791 -0.4273801 1.0384029
v 0.2699567 -0.4141437 1.0380224
v 0.2647731 -0.4130685 1.0382762
v 0.2658667 -0.4164179 1.0405237
v 0.2700287 -0.4168516 1.0410942
v 0.2588169 -0.4133105 1.0394250
v 0.2627829 -0.4168155 1.0406776
v 0.2627760 -0.4214632 1.0409788
v 0.2660196 -0.4218945 1.0418846
v 0.2629187 -0.4257157 1.0401947
v 0.2657489 -0.4273287 1.0405421
v 0.2703225 -0.4222085 1.0428690
v 0.2736926 -0.4182416 1.0412194
v 0.2741791 -0.4224713 1.0421617
v 0.2744587 -0.4168997 1.0383246
v 0.2580935 -0.4207156 1.0405674
v 0.2549500 -0.4093486 1.0350438
v 0.2628627 -0.4108521 1.0347010
v 0.2697351 -0.4129532 1.0340989
v 0.2741480 -0.4168408 1.0340056
v 0.2611182 -0.4111159 1.0295601
v 0.2682184 -0.4145632 1.0297548
v 0.2719607 -0.4180848 1.0304931
v 0.2595970 -0.4147437 1.0253231
v 0.2666552 -0.4176759 1.0271040
v 0.2497352 -0.4122190 1.0249344
v 0.2520305 -0.4088451 1.0297394
v 0.2699708 -0.4194045 1.0285031
v 0.2763630 -0.4223953 1.0385684
v 0.2751906 -0.4224450 1.0339765
v 0.2643435 -0.4299242 1.0371613
v 0.2696327 -0.4276435 1.0409678
v 0.2692575 -0.4300295 1.0372769
v 0.2618695 -0.4313186 1.0331147
v 0.2682545 -0.4303716 1.0330798
v 0.2736245 -0.4279884 1.0379227
v 0.2730943 -0.4268020 1.0414961
v 0.2429829 -0.4111932 1.0254320
v 0.2428073 -0.4173908 1.0236890
v 0.2493377 -0.4188237 1.0231573
v 0.2584437 -0.4203210 1.0238105
v 0.2495476 -0.4254437 1.0246850
v 0.2511103 -0.4301232 1.0281913
v 0.2601463 -0.4302971 1.0284029
v 0.2588972 -0.4263922 1.0248841
v 0.2670978 -0.4290261 1.0292655
v 0.2660122 -0.4258111 1.0268617
v 0.2660077 -0.4216839 1.0261442
v 0.2710762 -0.4262379 1.0302639
v 0.2728424 -0.4275164 1.0336477
v 0.2727170 -0.4223081 1.0306582
v 0.2694162 -0.4248605 1.0284329
v 0.2700121 -0.4220988 1.0283420
v 0.1771659 -0.4417492 0.9460704
v 0.1828711 -0.4413768 0.9488706
v 0.1784934 -0.4367120 0.9535330
v 0.1729400 -0.4311826 0.9585035
v 0.1631373 -0.4293369 0.9598316
v 0.1779293 -0.4312973 0.9634890
v 0.1833662 -0.4370141 0.9582479
v 0.1895307 -0.4433495 0.9526814
v 0.1775129 -0.4276293 0.9720077
v 0.0705829 -0.2288826 1.5342249
v 0.0740477 -0.2301933 1.5340477
v 0.0700227 -0.2261395 1.5286778
v 0.0676273 -0.2252971 1.5298963
v 0.0772243 -0.2270696 1.5266218
v 0.0732086 -0.2270167 1.5272959
v 0.0787524 -0.2307771 1.5333323
v 0.0836973 -0.2294062 1.5321843
v 0.0898016 -0.2240138 1.5281101
v 0.0911854 -0.2234464 1.5265857
v 0.0901827 -0.2236764 1.5257746
v 0.0880711 -0.2241432 1.5261026
v 0.0846863 -0.2256612 1.5260610
v 0.0650905 -0.2242539 1.5335129
v 0.0661842 -0.2255038 1.5340715
v 0.0682269 -0.2271707 1.5345216
v 0.0810638 -0.2267210 1.5262107
v 0.0658272 -0.2243316 1.5312576
v 0.0650026 -0.2238083 1.5324579
v 0.0874328 -0.2265399 1.5309003
v 0.0773082 -0.2282168 1.5286668
v 0.0735627 -0.2279662 1.5295805
v 0.0780011 -0.2295056 1.5311115
v 0.0824322 -0.2287108 1.5302703
v 0.0868491 -0.2252653 1.5271364
v 0.0847136 -0.2264482 1.5276080
v 0.0704664 -0.2270070 1.5304866
v 0.0813892 -0.2277527 1.5281142
v 0.0737571 -0.2289169 1.5319234
v 0.0858236 -0.2269352 1.5292809
v 0.0878555 -0.2253876 1.5281107
v 0.0659886 -0.2247156 1.5328932
v 0.0658957 -0.2245600 1.5324656
v 0.0495863 -0.1020754 1.3310857
v 0.0495187 -0.1009911 1.3117488
v 0.0707996 -0.2278608 1.5322609
v 0.0667666 -0.2251796 1.5319548
v 0.0683658 -0.2260310 1.5312212
v 0.0685299 -0.2265298 1.5327687
v 0.0669477 -0.2254278 1.5329854
v -0.0301169 -0.2279439 1.2573099
v -0.0347585 -0.2417232 1.2651664
v -0.0834000 -0.2662817 1.2709110
v -0.1054796 -0.2602584 1.2683767
v 0.0373239 -0.1215040 1.0867724
v -0.1577256 -0.0078244 1.1374753
v -0.1639957 -0.0081115 1.1599216
v -0.1256769 0.0654302 1.1639334
v -0.1397967 0.0499248 1.1566600
v -0.0955385 -0.1101622 1.1115205
v -0.0986768 -0.1073990 1.1282183
v -0.0215170 -0.1217493 1.1029528
v -0.0264493 -0.1182775 1.1198315
v -0.0672382 -0.1228819 1.0913009
v -0.1404753 0.0252367 1.1048691
v -0.1473643 0.0054495 1.1019307
v -0.1497174 0.0098446 1.1218112
v -0.1442861 0.0296983 1.1257999
v -0.1085634 0.0773130 1.1695834
v -0.1025591 0.0741996 1.1420660
v -0.1243644 -0.0957064 1.1511698
v -0.1445923 -0.0784156 1.1562058
v -0.1650466 -0.0344084 1.1724973
v -0.1683785 -0.0125308 1.1828182
v -0.1660582 0.0075928 1.1945883
v -0.1591044 0.0271802 1.2065799
v -0.0064329 -0.1159146 1.1367520
v 0.0120575 -0.1091526 1.1546384
v -0.0999833 -0.1073785 1.1464442
v 0.0602311 -0.0910455 1.1412749
v -0.1519292 0.0395320 1.2538109
v -0.1359855 0.0587238 1.2599886
v -0.1574565 -0.0571110 1.1635521
v 0.0422683 -0.1068142 1.2654893
v 0.0317146 -0.1183300 1.2675773
v 0.0341234 -0.1174968 1.2528387
v 0.0437214 -0.1053774 1.2508374
v 0.0234456 -0.1280238 1.2543322
v 0.0121082 -0.1371713 1.2556180
v 0.0008562 -0.1447837 1.2568390
v -0.0305019 -0.1585033 1.2575487
v -0.0207255 -0.1555028 1.2577855
v -0.0509642 -0.1589255 1.2548485
v -0.0402686 -0.1597056 1.2565961
v -0.0649839 -0.1545677 1.2507477
v -0.0807330 -0.1461531 1.2473778
v -0.0951748 -0.1388766 1.2586213
v -0.0970835 -0.1360216 1.2449058
v -0.0811418 -0.1451715 1.2345067
v -0.0657440 -0.1522278 1.2387415
v -0.0522561 -0.1561833 1.2422483
v 0.0503318 -0.0885772 1.2052527
v 0.0533082 -0.0900570 1.2226908
v 0.0500168 -0.1029771 1.3491693
v -0.0204031 -0.3259815 1.0636062
v 0.1057716 -0.3931639 1.0745133
v -0.0388018 -0.0208337 1.4484155
v -0.0536345 -0.0383542 1.4499078
v -0.0894362 -0.0985151 1.4483644
v -0.0853750 -0.1217816 1.4448437
v -0.0866214 -0.0723711 1.4478668
v -0.0753040 -0.0508037 1.4459593
v -0.0737132 -0.1124526 1.1597220
v -0.0752964 -0.0190929 1.4269148
v -0.0844970 -0.0450760 1.4385944
v -0.0980217 -0.0676376 1.4405311
v -0.1036034 -0.0952524 1.4395325
v -0.1022809 -0.1253362 1.4364350
v -0.1079991 -0.1420007 1.4287589
v -0.1280675 -0.1539393 1.4058890
v -0.1292845 -0.1660570 1.3990993
v -0.1301868 -0.1789100 1.3908241
v -0.1158915 -0.1907541 1.3983006
v -0.1148083 -0.1780820 1.4071933
v -0.1196188 -0.2415679 1.2990836
v -0.1194736 -0.2439153 1.2804706
v -0.1230592 -0.2407400 1.2654208
v -0.1266769 -0.2333106 1.2535940
v -0.1289595 -0.2215539 1.2468922
v -0.1291966 -0.2074734 1.2459049
v -0.1293094 -0.1925586 1.2524375
v -0.1317547 -0.1584959 1.2842857
v -0.1352207 -0.1480332 1.2952505
v -0.1543145 -0.1139404 1.3045785
v -0.1599867 -0.1030382 1.3048540
v -0.1718885 -0.0663238 1.2940498
v -0.1746054 -0.0470976 1.2823197
v -0.1760176 -0.0285111 1.2657684
v -0.1566011 0.0111155 1.0091699
v -0.1628738 -0.0100646 1.0119865
v -0.1563726 -0.0073052 1.0303586
v -0.1491843 0.0133349 1.0268750
v -0.1136420 0.0520735 1.0630283
v -0.0964053 0.0683529 1.0623647
v -0.1444818 -0.0781459 1.0317818
v -0.1290737 -0.0986033 1.0284258
v -0.1581766 -0.0304952 1.0320833
v -0.1545836 -0.0541712 1.0327536
v -0.1077597 -0.1150703 1.0232997
v -0.0056434 -0.1332828 0.9954173
v 0.0202624 -0.1287860 0.9889667
v 0.0650498 -0.1119667 0.9792980
v 0.0827352 -0.0995568 0.9769260
v -0.0849536 -0.1258471 1.0169115
v 0.0443889 -0.1217844 0.9834433
v -0.0605158 -0.1320165 1.0094894
v -0.0340921 -0.1343410 1.0022420
v -0.1279716 0.0350966 1.0635029
v -0.1325255 0.0335638 1.0430979
v -0.1432801 0.0153277 1.0449630
v -0.1180257 0.0353550 1.3492556
v -0.1341400 0.0178481 1.3493377
v -0.1462465 -0.0026074 1.3506535
v -0.1478185 -0.0327902 1.3694158
v -0.1545408 -0.0256604 1.3529708
v -0.1590366 -0.0492331 1.3519552
v -0.1537576 -0.0558380 1.3661305
v -0.1550207 -0.0964792 1.3551142
v -0.1572449 -0.0929053 1.3449145
v -0.1560628 -0.1063387 1.3415736
v -0.1545642 -0.1103269 1.3510389
v -0.1554892 -0.1185656 1.3375769
v -0.1548251 -0.1316418 1.3315198
v -0.1506408 -0.1453710 1.3239447
v -0.1474353 -0.1590796 1.3145308
v -0.1508780 -0.1705002 1.3336740
v -0.1531358 -0.1568310 1.3431409
v -0.1521071 -0.1025956 1.3657414
v -0.1514789 -0.0837773 1.3722139
v -0.0993267 0.0158882 1.3819019
v -0.0827611 0.0316992 1.3786460
v -0.1129855 -0.1272149 1.2471303
v -0.1296184 -0.1175907 1.2505569
v -0.1441617 -0.1089362 1.2571757
v -0.1542273 -0.1002841 1.2656665
v -0.1623655 -0.0929494 1.2760847
v -0.1667762 -0.0859069 1.2877208
v -0.1647748 -0.0922348 1.3035597
v -0.1685727 -0.0804341 1.2999430
v -0.1644898 -0.0897844 1.3142800
v -0.1682428 -0.0763918 1.3125902
v -0.1664713 -0.0732024 1.3248377
v -0.1638313 -0.0711974 1.3371964
v -0.1594908 -0.0733103 1.3496664
v -0.1554688 -0.0777817 1.3611017
v -0.1488832 -0.0640595 1.3784993
v -0.1421268 -0.0428316 1.3831319
v -0.1260546 -0.0322615 1.3988955
v -0.1214306 -0.0422902 1.4099435
v -0.1312531 -0.0219697 1.3858493
v -0.1379955 -0.0097700 1.3702902
v -0.0502882 -0.0982555 1.4607755
v -0.0457229 -0.0759669 1.4646814
v -0.1342585 -0.1956827 1.2681964
v -0.1335494 -0.1897620 1.2669682
v -0.1318964 -0.1912369 1.2607685
v -0.1324009 -0.2016140 1.2585543
v -0.1325137 -0.2121745 1.2607004
v -0.1351849 -0.2107720 1.2786532
v -0.1348691 -0.2039271 1.2713658
v -0.1314769 -0.2213282 1.2672900
v -0.1297931 -0.2277999 1.2774267
v -0.1346159 -0.2169459 1.2876447
v -0.1281923 -0.2312783 1.2893607
v -0.1336550 -0.2211787 1.2972263
v -0.1282116 -0.2308084 1.3026255
v -0.1327310 -0.2232293 1.3049605
v -0.1435099 -0.1975823 1.3390373
v -0.1402203 -0.2081480 1.3270571
v -0.1361184 -0.2172984 1.3145993
v -0.1438120 -0.1719949 1.3034948
v -0.1405645 -0.1840203 1.2927936
v -0.1377431 -0.1946190 1.2817591
v -0.1389428 -0.2006814 1.2898006
v -0.1424045 -0.1899269 1.3006298
v -0.1462623 -0.1778552 1.3117630
v -0.1070107 0.0257236 1.3682971
v -0.1242142 0.0091453 1.3697706
v -0.1551439 -0.1237142 1.3465067
v -0.1548584 -0.1361865 1.3414727
v -0.1531779 -0.1494932 1.3340831
v -0.1502390 -0.1644325 1.3236193
v -0.1545838 -0.1435507 1.3504899
v -0.1540735 -0.1306026 1.3563266
v -0.1529358 -0.1168382 1.3612851
v -0.1171567 -0.0016705 1.3848724
v -0.0900599 0.0409635 1.3657474
v -0.0406566 -0.2039733 1.3562477
v -0.0531588 -0.2094008 1.3757851
v -0.0734502 -0.2102900 1.3905959
v -0.0959873 -0.2035112 1.3989026
v -0.0473298 -0.2603373 1.1191406
v -0.0978995 0.0720322 1.1156289
v -0.0950220 0.0699972 1.0899834
v -0.1128463 0.0559668 1.0872112
v -0.1175579 0.0739738 1.2663705
v -0.1012251 0.0505784 1.3498522
v -0.0067781 -0.1505533 1.2328616
v 0.0041006 -0.1448984 1.2328764
v 0.0024792 -0.1447320 1.2439590
v -0.0086779 -0.1504625 1.2443362
v -0.0290058 -0.1562936 1.2329075
v -0.0180123 -0.1543719 1.2329004
v -0.0199121 -0.1546424 1.2445741
v -0.0305511 -0.1568298 1.2445333
v -0.0398409 -0.1564391 1.2321504
v -0.0409384 -0.1577401 1.2441077
v -0.0158445 -0.1539804 1.2213387
v -0.0049289 -0.1500492 1.2213307
v 0.0055429 -0.1445503 1.2216973
v -0.0374206 -0.1553136 1.2211635
v -0.0270163 -0.1554836 1.2216783
v 0.0777878 -0.1824345 1.4137066
v 0.0807214 -0.1989166 1.4148640
v 0.0970302 -0.2251194 1.4512949
v 0.0977900 -0.2245302 1.4559156
v 0.0503758 -0.1033882 1.3755391
v 0.0525270 -0.1065251 1.3846493
v 0.0533732 -0.0916058 1.2360616
v 0.0516893 -0.0952992 1.2632079
v 0.0506268 -0.0977094 1.2773817
v 0.0497137 -0.0996944 1.2935192
v 0.0497452 -0.1035656 1.3637937
v 0.0523744 -0.0935713 1.2485853
v -0.1537498 -0.1067687 0.8519033
v -0.1548371 -0.0859957 0.8288777
v -0.1648698 -0.0768387 0.8558966
v -0.1639344 -0.0613572 0.8397103
v -0.1680659 -0.0770369 0.9271774
v -0.1668163 -0.0802500 0.8995611
v -0.1695926 -0.0724396 0.9538492
v -0.1609743 -0.0377772 0.8270578
v -0.1528830 -0.0102241 0.8189108
v -0.1608178 0.0067871 0.8391259
v -0.1764929 -0.0452920 0.9477302
v -0.1757045 -0.0490930 0.9206712
v -0.1696303 -0.0578190 0.8596288
v -0.1657351 -0.0812897 0.8758087
v -0.1721300 -0.0559869 0.8733846
v -0.1677527 -0.0206510 0.8444270
v -0.1700797 -0.0437269 0.8518635
v -0.1338044 0.0507370 1.0024018
v -0.1247116 0.0740142 0.9809373
v -0.1426115 0.0509657 0.9825575
v -0.1638011 -0.0338620 1.0155179
v -0.1700266 -0.0133484 0.9942148
v -0.1745921 -0.0332948 0.8686251
v -0.1723916 -0.0081846 0.8645523
v -0.1651332 0.0188007 0.8620028
v -0.1674547 0.0303114 0.9378381
v -0.1689279 0.0299544 0.9134659
v -0.1762748 0.0040944 0.9140654
v -0.1750086 0.0052797 0.9399015
v -0.1757836 -0.0161621 0.9701639
v -0.1775905 -0.0194391 0.9436375
v -0.1628045 0.0304748 0.9624518
v -0.1712819 0.0077963 0.9656797
v -0.1646933 0.0095210 0.9894221
v -0.1779174 -0.0225292 0.9161875
v -0.1542644 0.0539645 0.8855862
v -0.1682771 0.0272331 0.8871457
v -0.1333596 0.0776401 0.8849819
v -0.1552901 0.0306510 0.9852898
v -0.1466134 0.0308102 1.0058470
v -0.1381383 0.0318089 1.0249005
v -0.1276336 0.0392256 1.0851413
v 0.0586907 -0.2771312 0.7242929
v 0.0132322 -0.0404058 0.7939140
v -0.0065807 -0.0247535 0.7906135
v -0.0718488 -0.1775104 0.9176002
v -0.1335393 -0.1486129 0.8820476
v -0.1528572 -0.1137583 0.8789219
v 0.0553117 -0.0917098 0.8257793
v 0.0438272 -0.0704771 0.8083474
v -0.0354484 -0.1821621 0.9185570
v 0.0302896 -0.1593506 0.8902864
v 0.0291747 -0.0540930 0.7994302
v -0.1746357 -0.0520460 0.8958311
v -0.1768034 -0.0272850 0.8912856
v -0.1747374 -0.0003812 0.8884497
v -0.1519717 0.0467231 0.8601162
v -0.1312302 0.0717547 0.8613815
v 0.0744193 -0.0919455 0.8619558
v 0.0776060 -0.0909569 0.8721427
v 0.0829998 -0.0847890 0.8686603
v 0.0799956 -0.0827782 0.8530326
v -0.0046214 -0.1321193 0.9790094
v 0.0218544 -0.1254601 0.9714854
v 0.0654035 -0.1066525 0.9611610
v 0.0818356 -0.0952490 0.9591549
v -0.0876360 -0.1294558 1.0027737
v 0.0452016 -0.1166359 0.9654689
v -0.0622938 -0.1353973 0.9948786
v -0.0346120 -0.1358437 0.9869401
v -0.0077149 -0.1573258 0.3006316
v -0.0066036 -0.1505951 0.2735494
v -0.0198347 -0.1456055 0.2781207
v -0.0199041 -0.1506291 0.3053601
v -0.0522844 -0.1557804 0.3100453
v -0.0402882 -0.1480539 0.3097857
v -0.0606377 -0.1670262 0.3071666
v -0.0607264 -0.1551483 0.2792445
v -0.0607807 -0.1673937 0.2740513
v -0.0624617 -0.1789941 0.3017057
v -0.0580336 -0.1901874 0.2966904
v -0.0489176 -0.1875019 0.2651459
v -0.0331129 -0.1965374 0.2616443
v -0.0339295 -0.2095059 0.2869011
v -0.0494936 -0.2003420 0.2921458
v -0.0139350 -0.2122894 0.2801970
v -0.0140087 -0.2004730 0.2562535
v 0.0026006 -0.2037515 0.2796644
v 0.0041916 -0.1675564 0.2942911
v 0.0067588 -0.1602643 0.2680465
v -0.0524837 -0.1443016 0.2823823
v -0.0394246 -0.1400183 0.2817620
v -0.0284883 -0.1461521 0.3077262
v -0.0291913 -0.1425554 0.2802757
v -0.0170836 -0.1378545 0.2513423
v -0.0014122 -0.1410042 0.2495646
v -0.0532458 -0.1341236 0.2568485
v -0.0395074 -0.1343306 0.2550302
v -0.0588687 -0.1564951 0.2491628
v -0.0621710 -0.1441694 0.2540937
v -0.0507516 -0.1796193 0.2395306
v -0.0562638 -0.1775046 0.2694234
v -0.0558577 -0.1682663 0.2440919
v -0.0347879 -0.1887343 0.2370320
v -0.0122602 -0.1930896 0.2337351
v 0.0125605 -0.1527375 0.2451867
v -0.0281546 -0.1361527 0.2536518
v 0.1161218 -0.2369334 0.1090842
v 0.1208427 -0.2316052 0.1093160
v 0.1196362 -0.2341606 0.1144752
v 0.1165957 -0.2375497 0.1133981
v 0.1427819 -0.2100176 0.1168340
v 0.1469062 -0.1981719 0.1173428
v 0.1494023 -0.2042806 0.1279911
v 0.1466200 -0.2126479 0.1267607
v 0.1342378 -0.2239835 0.1109425
v 0.1296953 -0.2301633 0.1089143
v 0.1276135 -0.2259780 0.1068129
v 0.1306115 -0.2221014 0.1082449
v 0.0808856 -0.2416001 0.1144923
v 0.0751015 -0.2456259 0.1127041
v 0.0745667 -0.2414519 0.1108354
v 0.0777228 -0.2388602 0.1104968
v 0.1022926 -0.2386249 0.1095923
v 0.0971811 -0.2419305 0.1085060
v 0.0958473 -0.2385880 0.1061847
v 0.0989416 -0.2357931 0.1063314
v 0.1266769 -0.2083947 0.1371939
v 0.1388488 -0.2131359 0.1319958
v 0.1430491 -0.2000764 0.1342086
v 0.1324998 -0.1952417 0.1433902
v 0.1417224 -0.1898401 0.1280474
v 0.1346731 -0.1933656 0.1208110
v 0.1236544 -0.1862790 0.1254373
v 0.1299678 -0.1835585 0.1355295
v 0.1300364 -0.2048051 0.1160214
v 0.1192373 -0.1990746 0.1202373
v 0.1192705 -0.2100869 0.1245274
v 0.1317521 -0.2176100 0.1202641
v 0.1124789 -0.2261849 0.1195254
v 0.1208427 -0.2323782 0.1121473
v 0.1255910 -0.2303454 0.1199170
v 0.1172023 -0.2252393 0.1283547
v 0.1308934 -0.2237033 0.1218285
v 0.1235717 -0.2162323 0.1305505
v 0.1222080 -0.2087003 0.1219446
v 0.1331491 -0.2161719 0.1165736
v 0.1265743 -0.2166065 0.1114555
v 0.1165333 -0.2093990 0.1165654
v 0.1120097 -0.2171681 0.1144155
v 0.1212547 -0.2236794 0.1087154
v 0.1023133 -0.2354766 0.1247019
v 0.1113764 -0.2369863 0.1167423
v 0.1158985 -0.2310891 0.1185429
v 0.1092256 -0.2274613 0.1265875
v 0.1173762 -0.2247156 0.1122502
v 0.1127402 -0.2270368 0.1080767
v 0.1051556 -0.2214989 0.1130131
v 0.1098859 -0.2204870 0.1176043
v 0.0996958 -0.2289057 0.1117032
v 0.1082989 -0.2327515 0.1059712
v 0.1000750 -0.2365641 0.1173562
v 0.1079605 -0.2388290 0.1102547
v 0.0809101 -0.2423076 0.1169714
v 0.0893248 -0.2435160 0.1102475
v 0.0924796 -0.2438923 0.1159062
v 0.0834304 -0.2433234 0.1235316
v 0.0969667 -0.2399903 0.1175869
v 0.0908743 -0.2382876 0.1241838
v 0.0994895 -0.2344890 0.1144382
v 0.0953026 -0.2324438 0.1083087
v 0.0883369 -0.2304742 0.1122990
v 0.0938832 -0.2338285 0.1186719
v 0.0904181 -0.2371046 0.1069895
v 0.0814398 -0.2353899 0.1117233
v 0.0621471 -0.2465374 0.1249266
v 0.0579319 -0.2442650 0.1186677
v 0.0679137 -0.2450875 0.1159469
v 0.0705947 -0.2461851 0.1210395
v 0.0753052 -0.2442544 0.1212776
v 0.0699279 -0.2437306 0.1259719
v 0.0774767 -0.2384872 0.1184364
v 0.0740225 -0.2352953 0.1124617
v 0.0683905 -0.2342054 0.1146816
v 0.0723961 -0.2390241 0.1210065
v 0.0691148 -0.2397953 0.1116574
v 0.0615891 -0.2381253 0.1149315
v 0.1210041 -0.1904618 0.1507223
v 0.1134182 -0.2058075 0.1406456
v 0.1415684 -0.1989040 0.1174973
v 0.1178898 -0.1781785 0.1408248
v 0.1387376 -0.2050920 0.1148588
v 0.1073796 -0.1973892 0.1230445
v 0.1114154 -0.1810845 0.1301255
v 0.1150861 -0.2056244 0.1267666
v 0.1303493 -0.2309470 0.1146667
v 0.1056489 -0.2191834 0.1219011
v 0.0974145 -0.2124456 0.1182447
v 0.1333225 -0.2271282 0.1158783
v 0.1031178 -0.2203152 0.1357337
v 0.0870946 -0.2301892 0.1325440
v 0.1174213 -0.2302973 0.1062833
v 0.1149317 -0.2329756 0.1054965
v 0.0832348 -0.2242616 0.1155841
v 0.0916508 -0.2343830 0.1200664
v 0.0975254 -0.2435640 0.1121510
v 0.0717396 -0.2410935 0.1205152
v 0.0664483 -0.2316528 0.1151617
v 0.1003630 -0.2409503 0.1137777
v 0.0690534 -0.2390581 0.1320016
v 0.0751159 -0.2459012 0.1166507
v 0.0461127 -0.2411208 0.1226870
v 0.0509455 -0.2354995 0.1158449
v 0.0782057 -0.2445865 0.1175284
v 0.0523787 -0.2441204 0.1305244
v 0.0110565 -0.1791934 0.2868747
v 0.0138197 -0.1724435 0.2623449
v 0.0105037 -0.1914581 0.2814257
v 0.0032724 -0.1938307 0.2554408
v 0.0119855 -0.1842907 0.2567407
v 0.0204083 -0.1680479 0.2398378
v 0.0055932 -0.1883810 0.2327262
v 0.0166515 -0.1810638 0.2349552
v -0.0551946 -0.1718546 0.2203165
v -0.0386017 -0.1828730 0.2165504
v -0.0584138 -0.1590331 0.2252432
v -0.0658384 -0.1345922 0.2348978
v -0.0629864 -0.1473907 0.2302780
v 0.0288804 -0.1668695 0.2194520
v 0.0173354 -0.1491235 0.2236924
v 0.0260851 -0.1824234 0.2152314
v 0.0120303 -0.1912566 0.2126465
v 0.1088345 -0.1821136 0.1602609
v 0.0904627 -0.1730003 0.1661760
v 0.0865210 -0.1920167 0.1711413
v 0.1008714 -0.1987505 0.1566242
v 0.0727818 -0.2057601 0.1657607
v 0.0881081 -0.2119400 0.1503000
v 0.0567010 -0.2156190 0.1599192
v 0.0721694 -0.2234050 0.1461411
v 0.0402841 -0.2224920 0.1540999
v 0.0548453 -0.2319782 0.1421670
v 0.0247281 -0.2258701 0.1459290
v 0.0393188 -0.2377336 0.1374321
v 0.0152924 -0.2253747 0.1346047
v 0.0310784 -0.2361700 0.1274365
v 0.1051574 -0.1693197 0.1471981
v 0.0871760 -0.1614596 0.1529809
v 0.0966643 -0.1719736 0.1340538
v 0.0783279 -0.1632122 0.1378918
v 0.0872607 -0.1854228 0.1289956
v 0.0683811 -0.1758474 0.1337371
v 0.0186662 -0.2179585 0.1236389
v 0.0358721 -0.2281907 0.1177852
v 0.0744540 -0.1992240 0.1246531
v 0.0555046 -0.1894475 0.1306610
v 0.0604610 -0.2106961 0.1203671
v 0.0415939 -0.2004386 0.1265474
v 0.0471430 -0.2199271 0.1177201
v 0.0288295 -0.2094334 0.1233305
v 0.0675957 -0.1806372 0.1835363
v 0.0567324 -0.1986011 0.1831304
v 0.0399052 -0.2070001 0.1769444
v 0.0228762 -0.2105744 0.1685126
v 0.0077477 -0.2110284 0.1567456
v -0.0013406 -0.2115749 0.1449382
v 0.0001549 -0.1998021 0.1864690
v -0.0116974 -0.1949085 0.1664389
v -0.0181998 -0.1949828 0.1531734
v -0.0324067 -0.1800161 0.1745218
v -0.0353546 -0.1785067 0.1605435
v -0.0643969 -0.1530526 0.1854000
v -0.0692472 -0.1512265 0.1699197
v -0.0537726 -0.1639900 0.1670217
v -0.0505921 -0.1651950 0.1814146
v -0.0247247 -0.1844740 0.1922049
v -0.0447120 -0.1717766 0.1994731
v -0.0577711 -0.1598475 0.2041984
v -0.0810827 -0.1270600 0.1782087
v -0.0776307 -0.1397233 0.1734034
v -0.0731762 -0.1430565 0.1890003
v -0.0789369 -0.1315419 0.1940463
v -0.0776178 -0.1148782 0.1992013
v -0.0762697 -0.1112858 0.1821997
v -0.0604429 -0.1056108 0.1994015
v -0.0610174 -0.1008348 0.1833871
v -0.0703371 -0.1389815 0.2126051
v -0.0646022 -0.1490020 0.2080210
v -0.0714885 -0.1248228 0.2177485
v -0.0566629 -0.1165524 0.2183803
v -0.0406710 -0.1219103 0.2146433
v -0.0420615 -0.1110517 0.1954575
v -0.0421262 -0.1029095 0.1809723
v 0.0674737 -0.1639252 0.1719563
v 0.0635168 -0.1562271 0.1603155
v 0.0241819 -0.1994117 0.1952649
v 0.0410006 -0.1897755 0.2003414
v 0.0438211 -0.1672086 0.1996417
v 0.0440254 -0.1524263 0.1808543
v 0.0377042 -0.1493426 0.1665730
v 0.0154962 -0.1396079 0.1712451
v 0.0211417 -0.1397748 0.1849346
v 0.0556732 -0.1579453 0.1486409
v 0.0306432 -0.1528191 0.1579896
v 0.0096031 -0.1421803 0.1633513
v -0.0019226 -0.1270085 0.1747403
v 0.0020020 -0.1284526 0.1882010
v -0.0162899 -0.1178148 0.1775026
v -0.0143614 -0.1224187 0.1916022
v -0.0276169 -0.1175211 0.1937490
v -0.0282993 -0.1101916 0.1793252
v -0.0141559 -0.1287504 0.2108155
v -0.0267815 -0.1255280 0.2130798
v 0.0029215 -0.1339978 0.2071575
v 0.0228391 -0.1453960 0.2040114
v 0.0006257 -0.2050271 0.1334766
v -0.0167254 -0.1900201 0.1430001
v -0.0339729 -0.1743637 0.1515424
v -0.0516173 -0.1588958 0.1566183
v -0.0645163 -0.1448467 0.1601240
v -0.0712866 -0.1343518 0.1633447
v -0.0700105 -0.1112177 0.1717153
v -0.0744078 -0.1234879 0.1675733
v -0.0590687 -0.1037918 0.1727408
v -0.0441652 -0.1057409 0.1698578
v -0.0320962 -0.1110472 0.1671059
v -0.0071903 -0.1285634 0.1653003
v -0.0205806 -0.1183733 0.1655520
v 0.0018429 -0.1353702 0.2275698
v -0.0152292 -0.1307136 0.2304962
v -0.0268077 -0.1289242 0.2332767
v -0.0532367 -0.1253771 0.2376227
v -0.0385752 -0.1276098 0.2349625
v 0.0459080 -0.1670816 0.1422494
v 0.0334747 -0.1791027 0.1389818
v 0.0203210 -0.1890619 0.1348802
v 0.0090820 -0.1971644 0.1320793
v -0.0102412 -0.1837219 0.1406439
v -0.0009255 -0.1760738 0.1429392
v 0.0105899 -0.1670120 0.1463726
v 0.0222046 -0.1584286 0.1515003
v -0.0273944 -0.1679312 0.1480192
v -0.0188706 -0.1610955 0.1492106
v -0.0089325 -0.1523656 0.1518880
v 0.0017446 -0.1460726 0.1563852
v -0.0149376 -0.1320377 0.1584343
v -0.0251284 -0.1373572 0.1554142
v -0.0342734 -0.1453509 0.1536296
v -0.0433105 -0.1518377 0.1535053
v -0.0552770 -0.1391361 0.1577162
v -0.0459340 -0.1335203 0.1577838
v -0.0369714 -0.1266604 0.1589754
v -0.0283203 -0.1220211 0.1606857
v -0.0615305 -0.1305348 0.1608247
v -0.0635790 -0.1144221 0.1665414
v -0.0643011 -0.1226262 0.1637961
v -0.0569551 -0.1088594 0.1670480
v -0.0469667 -0.1110952 0.1650648
v -0.0377469 -0.1157569 0.1627359
v -0.0445371 -0.1207831 0.1614480
v -0.0507058 -0.1165826 0.1635560
v -0.0525288 -0.1267771 0.1604926
v -0.0568997 -0.1212044 0.1630451
v -0.0557510 -0.1139487 0.1652067
v -0.0587917 -0.1163471 0.1648445
v -0.0109311 -0.1898053 0.2107613
v 0.0715076 -0.3031372 0.5461680
v 0.0740261 -0.2879374 0.5507427
v 0.0624600 -0.3178496 0.5469831
v -0.0032825 -0.1693635 0.9128487
v 0.0106953 -0.1245126 1.0862127
v -0.0020789 -0.1187882 1.1191997
v 0.0042044 -0.1216849 1.1024260
v 0.0035806 -0.1796196 0.8987497
v -0.0748700 -0.1126740 1.1422719
v -0.0100919 -0.1508591 1.2576496
v 0.0195950 -0.1544494 1.5505874
v 0.0201783 -0.1522725 1.5472574
v 0.0202090 -0.1491741 1.5450903
v 0.0196804 -0.1457735 1.5433079
v 0.0196046 -0.1423939 1.5420184
v 0.0212971 -0.1389520 1.5428529
v 0.0184350 -0.1473172 1.5474037
v 0.0213878 -0.1448988 1.5499824
v 0.0217037 -0.1469170 1.5513909
v 0.0188970 -0.1496845 1.5490652
f 2 3 1
f 1 3 4
f 3 2 5
f 5 2 6
f 3 7 4
f 4 7 8
f 10 11 9
f 9 11 12
f 14 15 13
f 13 15 16
f 18 19 17
f 17 19 20
f 22 23 21
f 21 23 24
f 26 18 25
f 25 18 17
f 27 28 17
f 17 28 25
f 30 31 29
f 29 31 32
f 34 35 33
f 33 35 36
f 21 24 37
f 37 24 38
f 40 31 39
f 39 31 38
f 34 33 28
f 28 33 25
f 41 42 44
f 44 42 43
f 36 45 33
f 33 45 25
f 46 47 49
f 49 47 48
f 51 52 50
f 50 52 53
f 55 53 54
f 54 53 52
f 57 58 56
f 56 58 59
f 61 62 60
f 60 62 63
f 65 66 64
f 64 66 67
f 69 70 68
f 68 70 71
f 65 73 72
f 72 73 74
f 64 75 65
f 65 75 73
f 77 78 76
f 76 78 79
f 80 81 83
f 83 81 82
f 81 85 84
f 84 85 86
f 88 89 87
f 87 89 69
f 88 87 90
f 90 87 91
f 93 94 92
f 92 94 95
f 96 84 43
f 43 84 44
f 51 98 97
f 97 98 86
f 97 99 51
f 51 99 52
f 54 52 100
f 100 52 99
f 58 101 59
f 59 101 102
f 62 103 63
f 63 103 104
f 105 106 6
f 6 106 5
f 108 109 107
f 107 109 110
f 112 113 111
f 111 113 114
f 116 117 115
f 115 117 118
f 120 121 119
f 119 121 122
f 124 125 123
f 123 125 126
f 128 129 127
f 127 129 130
f 130 131 127
f 127 131 132
f 134 1 133
f 133 1 135
f 1 4 135
f 135 4 136
f 4 8 136
f 136 8 137
f 138 139 15
f 15 139 140
f 140 139 141
f 141 139 142
f 144 57 143
f 143 57 56
f 145 146 141
f 141 146 147
f 146 149 148
f 148 149 150
f 152 153 151
f 151 153 154
f 141 147 140
f 140 147 155
f 157 11 156
f 156 11 158
f 160 161 159
f 159 161 162
f 164 165 163
f 163 165 166
f 165 160 166
f 166 160 159
f 168 169 167
f 167 169 170
f 169 171 170
f 170 171 172
f 149 173 150
f 150 173 174
f 175 176 149
f 149 176 173
f 178 172 177
f 177 172 171
f 180 181 179
f 179 181 182
f 184 180 183
f 183 180 179
f 186 187 185
f 185 187 188
f 190 191 189
f 189 191 192
f 7 193 8
f 8 193 194
f 196 162 195
f 195 162 161
f 197 168 198
f 198 168 167
f 181 199 182
f 182 199 200
f 202 203 201
f 201 203 204
f 187 186 205
f 205 186 206
f 208 209 207
f 207 209 210
f 212 213 211
f 211 213 214
f 215 216 218
f 218 216 217
f 220 209 219
f 219 209 208
f 204 186 221
f 221 186 185
f 201 204 222
f 222 204 221
f 223 211 220
f 220 211 209
f 224 225 214
f 214 225 210
f 203 206 204
f 204 206 186
f 227 187 226
f 226 187 205
f 27 228 21
f 21 228 22
f 230 231 229
f 229 231 232
f 234 235 233
f 233 235 236
f 238 239 237
f 237 239 240
f 119 122 118
f 118 122 115
f 112 242 241
f 241 242 243
f 98 51 244
f 244 51 50
f 245 138 14
f 14 138 15
f 11 10 158
f 158 10 246
f 89 85 69
f 69 85 70
f 11 157 12
f 12 157 247
f 249 164 248
f 248 164 163
f 177 250 178
f 178 250 251
f 253 254 252
f 252 254 255
f 187 227 188
f 188 227 256
f 212 257 213
f 213 257 258
f 260 134 259
f 259 134 133
f 165 164 135
f 135 164 133
f 160 165 136
f 136 165 135
f 136 137 160
f 160 137 161
f 137 261 161
f 161 261 195
f 263 264 262
f 262 264 265
f 13 16 266
f 266 16 267
f 268 267 155
f 155 267 16
f 147 269 155
f 155 269 268
f 162 196 167
f 167 196 198
f 167 170 162
f 162 170 159
f 170 172 159
f 159 172 166
f 172 178 166
f 166 178 163
f 178 251 163
f 163 251 248
f 168 270 169
f 169 270 271
f 272 273 171
f 171 273 177
f 271 272 169
f 169 272 171
f 168 197 270
f 270 197 274
f 250 177 275
f 275 177 273
f 277 45 276
f 276 45 278
f 280 281 279
f 279 281 282
f 284 104 283
f 283 104 103
f 285 215 286
f 286 215 218
f 288 289 287
f 287 289 290
f 291 80 66
f 66 80 83
f 293 294 292
f 292 294 295
f 73 91 74
f 74 91 87
f 91 73 92
f 92 73 75
f 279 77 280
f 280 77 76
f 80 291 70
f 70 291 71
f 277 47 96
f 96 47 82
f 297 175 296
f 296 175 149
f 299 154 298
f 298 154 153
f 225 300 210
f 210 300 207
f 224 301 206
f 206 301 205
f 210 209 214
f 214 209 211
f 226 205 302
f 302 205 301
f 304 305 303
f 303 305 306
f 308 309 307
f 307 309 310
f 72 291 65
f 65 291 66
f 66 83 67
f 67 83 46
f 312 313 311
f 311 313 314
f 316 317 315
f 315 317 36
f 29 318 35
f 35 318 319
f 321 32 320
f 320 32 322
f 311 314 323
f 323 314 324
f 315 325 316
f 316 325 326
f 318 287 319
f 319 287 290
f 328 321 327
f 327 321 320
f 329 330 39
f 39 330 331
f 332 333 40
f 40 333 322
f 309 334 285
f 285 334 335
f 236 2 134
f 134 2 1
f 260 336 233
f 233 336 337
f 237 14 265
f 265 14 13
f 84 86 44
f 44 86 98
f 189 192 7
f 7 192 193
f 44 98 41
f 41 98 244
f 237 240 14
f 14 240 245
f 7 3 189
f 189 3 5
f 338 71 72
f 72 71 291
f 262 265 266
f 266 265 13
f 124 123 339
f 339 123 105
f 123 109 105
f 105 109 106
f 189 5 190
f 190 5 106
f 111 114 12
f 12 114 9
f 264 340 265
f 265 340 237
f 342 343 341
f 341 343 344
f 6 235 105
f 105 235 339
f 234 346 345
f 345 346 347
f 349 350 348
f 348 350 351
f 107 352 108
f 108 352 353
f 355 356 354
f 354 356 357
f 237 340 238
f 238 340 358
f 12 247 111
f 111 247 359
f 264 263 116
f 116 263 360
f 361 362 222
f 222 362 201
f 364 365 363
f 363 365 366
f 368 369 367
f 367 369 370
f 372 373 371
f 371 373 374
f 375 376 372
f 372 376 377
f 378 379 381
f 381 379 380
f 382 383 269
f 269 383 268
f 150 174 365
f 365 174 384
f 380 377 381
f 381 377 376
f 271 270 180
f 180 270 181
f 273 272 252
f 252 272 184
f 272 271 184
f 184 271 180
f 181 270 274
f 252 255 273
f 273 255 275
f 254 385 255
f 255 385 386
f 387 388 179
f 179 388 183
f 389 387 182
f 182 387 179
f 182 200 389
f 389 200 390
f 388 391 183
f 183 391 253
f 391 392 253
f 253 392 254
f 394 379 393
f 393 379 378
f 185 188 395
f 395 188 396
f 221 185 397
f 397 185 395
f 222 221 398
f 398 221 397
f 188 256 396
f 396 256 399
f 400 401 256
f 256 401 399
f 402 403 405
f 405 403 404
f 148 150 364
f 364 150 365
f 393 406 394
f 394 406 407
f 158 246 393
f 393 246 406
f 342 19 238
f 238 19 239
f 23 22 350
f 350 22 354
f 244 50 245
f 245 50 138
f 55 142 53
f 53 142 139
f 145 144 296
f 296 144 143
f 355 228 341
f 341 228 20
f 41 240 42
f 42 240 239
f 283 308 284
f 284 308 307
f 349 409 408
f 408 409 410
f 244 245 41
f 41 245 240
f 268 383 406
f 406 383 407
f 346 411 349
f 349 411 409
f 251 412 248
f 248 412 413
f 275 414 250
f 250 414 415
f 25 45 26
f 26 45 277
f 43 26 96
f 96 26 277
f 416 417 61
f 61 417 62
f 329 24 408
f 408 24 23
f 31 40 32
f 32 40 322
f 39 38 329
f 329 38 24
f 37 38 30
f 30 38 31
f 418 419 421
f 421 419 420
f 78 295 79
f 79 295 294
f 124 339 422
f 422 339 345
f 232 131 357
f 357 131 351
f 2 236 6
f 6 236 235
f 252 184 253
f 253 184 183
f 227 423 256
f 256 423 400
f 423 227 305
f 305 227 226
f 424 258 425
f 425 258 257
f 426 427 212
f 212 427 257
f 259 133 249
f 249 133 164
f 419 418 428
f 428 418 429
f 327 430 328
f 328 430 288
f 49 431 46
f 46 431 67
f 306 302 424
f 424 302 258
f 313 432 314
f 314 432 433
f 32 321 29
f 29 321 318
f 324 314 433
f 287 318 328
f 328 318 321
f 134 260 236
f 236 260 233
f 345 339 234
f 234 339 235
f 357 351 354
f 354 351 350
f 408 23 349
f 349 23 350
f 317 278 36
f 36 278 45
f 432 313 429
f 429 313 428
f 435 428 434
f 434 428 313
f 42 239 18
f 18 239 19
f 43 42 26
f 26 42 18
f 121 120 436
f 436 120 437
f 302 301 258
f 258 301 213
f 110 109 126
f 126 109 123
f 238 358 342
f 342 358 343
f 341 20 342
f 342 20 19
f 322 438 320
f 320 438 439
f 320 439 327
f 327 439 430
f 333 440 322
f 322 440 438
f 289 288 323
f 323 288 430
f 115 340 116
f 116 340 264
f 146 145 149
f 149 145 296
f 15 140 16
f 16 140 155
f 441 442 152
f 152 442 153
f 225 224 203
f 203 224 206
f 175 297 154
f 154 297 151
f 293 443 294
f 294 443 444
f 248 413 249
f 249 413 445
f 446 447 400
f 400 447 401
f 388 387 396
f 396 387 395
f 387 389 395
f 395 389 397
f 391 388 399
f 399 388 396
f 401 392 399
f 399 392 391
f 255 386 275
f 275 386 414
f 449 450 448
f 448 450 451
f 335 452 285
f 285 452 215
f 453 298 442
f 442 298 153
f 211 223 212
f 212 223 426
f 425 257 454
f 454 257 427
f 266 10 262
f 262 10 9
f 360 113 456
f 456 113 455
f 8 194 137
f 137 194 261
f 10 266 246
f 246 266 267
f 203 202 225
f 225 202 300
f 262 9 263
f 263 9 114
f 108 353 190
f 190 353 191
f 389 390 397
f 397 390 398
f 457 422 128
f 128 422 129
f 156 158 378
f 378 158 393
f 347 346 348
f 348 346 349
f 447 458 401
f 401 458 392
f 364 382 148
f 148 382 269
f 55 54 57
f 57 54 58
f 75 64 459
f 459 64 460
f 100 90 101
f 101 90 95
f 101 58 100
f 100 58 54
f 142 55 144
f 144 55 57
f 147 146 269
f 269 146 148
f 459 93 75
f 75 93 92
f 144 145 142
f 142 145 141
f 228 27 20
f 20 27 17
f 154 299 175
f 175 299 176
f 214 213 224
f 224 213 301
f 424 461 306
f 306 461 303
f 285 286 309
f 309 286 310
f 462 334 308
f 308 334 309
f 302 306 226
f 226 306 305
f 37 28 21
f 21 28 27
f 29 35 30
f 30 35 34
f 30 34 37
f 37 34 28
f 344 436 356
f 356 436 229
f 325 290 326
f 326 290 289
f 311 439 312
f 312 439 438
f 35 319 36
f 36 319 315
f 439 311 430
f 430 311 323
f 315 319 325
f 325 319 290
f 440 463 438
f 438 463 312
f 341 344 355
f 355 344 356
f 360 456 116
f 116 456 117
f 354 22 355
f 355 22 228
f 326 289 324
f 324 289 323
f 74 87 68
f 68 87 69
f 50 53 138
f 138 53 139
f 268 406 267
f 267 406 246
f 190 106 108
f 108 106 109
f 241 455 112
f 112 455 113
f 358 122 343
f 343 122 121
f 129 347 130
f 130 347 348
f 348 351 130
f 130 351 131
f 229 232 356
f 356 232 357
f 340 115 358
f 358 115 122
f 111 359 112
f 112 359 242
f 125 124 457
f 457 124 422
f 231 132 232
f 232 132 131
f 343 121 344
f 344 121 436
f 263 114 360
f 360 114 113
f 347 129 345
f 345 129 422
f 230 229 437
f 437 229 436
f 464 446 423
f 423 446 400
f 465 466 468
f 468 466 467
f 470 471 469
f 469 471 472
f 469 472 373
f 373 472 374
f 474 469 473
f 473 469 373
f 471 475 472
f 472 475 476
f 472 477 374
f 374 477 478
f 477 472 476
f 479 480 476
f 476 480 477
f 473 373 377
f 377 373 372
f 481 482 479
f 479 482 480
f 483 484 481
f 481 484 482
f 403 402 485
f 485 402 486
f 487 488 483
f 483 488 484
f 487 489 488
f 488 489 490
f 489 491 490
f 490 491 492
f 491 493 492
f 492 493 494
f 493 495 494
f 494 495 496
f 497 498 481
f 481 498 483
f 484 499 482
f 482 499 367
f 370 480 367
f 367 480 482
f 480 370 477
f 477 370 478
f 500 497 479
f 479 497 481
f 451 473 380
f 380 473 377
f 448 451 379
f 379 451 380
f 501 502 504
f 504 502 503
f 449 505 507
f 507 505 506
f 486 508 505
f 505 508 506
f 508 509 506
f 506 509 510
f 511 507 510
f 510 507 506
f 509 508 512
f 512 508 513
f 515 509 514
f 514 509 512
f 509 515 510
f 510 515 516
f 510 516 511
f 511 516 517
f 486 505 485
f 485 505 518
f 505 449 518
f 518 449 448
f 383 382 403
f 403 382 404
f 363 404 364
f 364 404 382
f 403 485 383
f 383 485 407
f 519 520 361
f 361 520 362
f 522 496 521
f 521 496 495
f 450 474 451
f 451 474 473
f 363 366 523
f 523 366 524
f 525 499 488
f 488 499 484
f 488 490 525
f 525 490 526
f 496 522 520
f 520 522 527
f 494 496 519
f 519 496 520
f 492 494 528
f 528 494 519
f 529 530 495
f 495 530 521
f 490 492 526
f 526 492 528
f 529 495 531
f 531 495 493
f 533 534 532
f 532 534 535
f 523 524 533
f 533 524 534
f 486 402 532
f 532 402 533
f 529 536 530
f 530 536 537
f 536 538 537
f 537 538 539
f 540 541 539
f 539 541 537
f 530 537 535
f 535 537 541
f 542 539 543
f 543 539 538
f 539 542 540
f 540 542 544
f 541 540 513
f 513 540 512
f 540 544 512
f 512 544 514
f 546 547 545
f 545 547 548
f 549 550 531
f 531 550 551
f 550 549 552
f 552 549 553
f 546 550 554
f 554 550 552
f 547 546 555
f 555 546 554
f 498 556 558
f 558 556 557
f 559 557 560
f 560 557 556
f 561 562 560
f 560 562 559
f 557 559 552
f 552 559 554
f 559 562 554
f 554 562 555
f 558 557 553
f 553 557 552
f 475 471 563
f 563 471 564
f 565 563 567
f 567 563 566
f 471 470 564
f 564 470 466
f 564 466 568
f 568 466 465
f 568 465 569
f 569 465 570
f 572 573 571
f 571 573 574
f 569 575 567
f 567 575 576
f 577 565 576
f 576 565 567
f 578 579 581
f 581 579 580
f 575 561 576
f 576 561 560
f 556 577 560
f 560 577 576
f 577 556 497
f 497 556 498
f 565 577 500
f 500 577 497
f 563 565 475
f 475 565 500
f 553 489 558
f 558 489 487
f 531 493 549
f 549 493 491
f 489 553 491
f 491 553 549
f 394 407 518
f 518 407 485
f 518 448 394
f 394 448 379
f 545 548 538
f 538 548 543
f 551 545 536
f 536 545 538
f 536 529 551
f 551 529 531
f 507 582 449
f 449 582 450
f 511 583 507
f 507 583 582
f 511 517 583
f 583 517 584
f 585 586 588
f 588 586 587
f 590 591 589
f 589 591 592
f 591 590 593
f 593 590 594
f 596 597 595
f 595 597 598
f 599 600 602
f 602 600 601
f 604 605 603
f 603 605 606
f 608 609 607
f 607 609 610
f 612 613 611
f 611 613 614
f 615 616 618
f 618 616 617
f 620 621 619
f 619 621 622
f 624 625 623
f 623 625 626
f 628 629 627
f 627 629 630
f 632 633 631
f 631 633 634
f 635 636 638
f 638 636 637
f 639 640 642
f 642 640 641
f 644 645 643
f 643 645 646
f 619 622 647
f 647 622 648
f 650 651 649
f 649 651 652
f 601 653 602
f 602 653 654
f 656 657 655
f 655 657 658
f 660 661 659
f 659 661 662
f 664 665 663
f 663 665 666
f 593 594 667
f 667 594 668
f 669 670 672
f 672 670 671
f 673 674 676
f 676 674 675
f 633 632 677
f 677 632 678
f 663 666 679
f 679 666 680
f 681 682 684
f 684 682 683
f 686 687 685
f 685 687 688
f 690 661 689
f 689 661 691
f 693 686 692
f 692 686 685
f 695 597 694
f 694 597 668
f 594 696 668
f 668 696 694
f 697 698 696
f 696 698 699
f 700 701 697
f 697 701 698
f 702 585 703
f 703 585 588
f 671 690 672
f 672 690 689
f 640 639 704
f 704 639 705
f 679 706 663
f 663 706 658
f 708 709 707
f 707 709 710
f 711 712 610
f 610 712 607
f 713 714 716
f 716 714 715
f 717 718 720
f 720 718 719
f 722 634 721
f 721 634 633
f 724 725 723
f 723 725 726
f 728 729 727
f 727 729 730
f 732 733 731
f 731 733 734
f 707 710 735
f 735 710 736
f 643 737 644
f 644 737 738
f 740 741 739
f 739 741 742
f 608 744 743
f 743 744 745
f 747 748 746
f 746 748 749
f 751 752 750
f 750 752 753
f 754 755 757
f 757 755 756
f 758 759 761
f 761 759 760
f 763 764 762
f 762 764 765
f 767 768 766
f 766 768 769
f 771 772 770
f 770 772 773
f 775 776 774
f 774 776 777
f 779 780 778
f 778 780 781
f 783 712 782
f 782 712 784
f 785 786 788
f 788 786 787
f 790 628 789
f 789 628 627
f 792 793 791
f 791 793 794
f 795 796 726
f 726 796 723
f 798 799 797
f 797 799 800
f 721 633 801
f 801 633 677
f 797 800 802
f 802 800 803
f 805 806 804
f 804 806 807
f 809 810 808
f 808 810 811
f 813 814 812
f 812 814 815
f 809 808 817
f 817 808 816
f 818 819 804
f 804 819 805
f 820 821 818
f 818 821 819
f 821 820 587
f 587 820 822
f 809 823 810
f 810 823 824
f 814 807 815
f 815 807 806
f 826 426 825
f 825 426 223
f 426 826 427
f 427 826 827
f 828 829 454
f 454 829 830
f 831 832 677
f 677 832 801
f 834 835 833
f 833 835 836
f 838 839 837
f 837 839 840
f 841 842 844
f 844 842 843
f 845 846 803
f 803 846 802
f 847 831 678
f 678 831 677
f 848 849 851
f 851 849 850
f 853 854 852
f 852 854 855
f 857 858 856
f 856 858 680
f 860 861 859
f 859 861 862
f 864 865 863
f 863 865 866
f 868 869 867
f 867 869 870
f 839 871 840
f 840 871 872
f 849 848 874
f 874 848 873
f 876 877 875
f 875 877 878
f 880 881 879
f 879 881 882
f 883 884 886
f 886 884 885
f 846 887 802
f 802 887 888
f 890 891 889
f 889 891 888
f 893 894 892
f 892 894 895
f 896 897 728
f 728 897 729
f 899 900 898
f 898 900 901
f 902 852 904
f 904 852 903
f 849 905 850
f 850 905 906
f 875 878 907
f 907 878 908
f 910 911 909
f 909 911 912
f 914 915 913
f 913 915 916
f 917 918 862
f 862 918 859
f 919 920 856
f 856 920 921
f 923 924 922
f 922 924 925
f 926 927 925
f 925 927 922
f 929 930 928
f 928 930 693
f 932 695 931
f 931 695 694
f 823 867 824
f 824 867 933
f 935 936 934
f 934 936 937
f 938 868 823
f 823 868 867
f 940 847 939
f 939 847 678
f 632 655 678
f 678 655 939
f 941 942 619
f 619 942 620
f 687 943 688
f 688 943 944
f 851 850 945
f 945 850 903
f 850 906 903
f 903 906 904
f 946 947 949
f 949 947 948
f 951 952 950
f 950 952 953
f 955 956 954
f 954 956 957
f 907 958 875
f 875 958 874
f 960 961 959
f 959 961 962
f 963 853 902
f 902 853 852
f 909 964 910
f 910 964 965
f 967 968 966
f 966 968 969
f 971 972 970
f 970 972 973
f 974 960 975
f 975 960 959
f 977 978 976
f 976 978 979
f 981 977 980
f 980 977 976
f 980 982 981
f 981 982 983
f 985 983 984
f 984 983 982
f 984 986 985
f 985 986 987
f 989 990 988
f 988 990 991
f 993 994 992
f 992 994 995
f 997 998 996
f 996 998 999
f 1001 1002 1000
f 1000 1002 1003
f 1005 1006 1004
f 1004 1006 1007
f 1004 1008 1005
f 1005 1008 1009
f 1008 1010 1009
f 1009 1010 1011
f 1013 1011 1012
f 1012 1011 1010
f 1014 1015 1017
f 1017 1015 1016
f 1019 1020 1018
f 1018 1020 1021
f 1022 1023 976
f 976 1023 980
f 1024 1025 982
f 982 1025 984
f 992 995 1026
f 1026 995 1027
f 956 955 1028
f 1028 955 1029
f 1030 1031 1033
f 1033 1031 1032
f 1010 1008 1034
f 1034 1008 1035
f 1008 1004 1035
f 1035 1004 1036
f 1037 1038 1002
f 1002 1038 1007
f 1002 1001 1037
f 1037 1001 1039
f 1040 1041 997
f 997 1041 998
f 1015 1014 1043
f 1043 1014 1042
f 1044 1045 1047
f 1047 1045 1046
f 1044 1020 1048
f 1048 1020 1049
f 1050 1051 1003
f 1003 1051 1000
f 1052 1050 1006
f 1006 1050 1003
f 1053 1054 1011
f 1011 1054 1009
f 1013 1045 1055
f 1055 1045 1056
f 1058 1059 1057
f 1057 1059 1060
f 1062 1063 1061
f 1061 1063 1064
f 1065 1066 1050
f 1050 1066 1051
f 1067 1065 1052
f 1052 1065 1050
f 1068 1069 1054
f 1054 1069 1070
f 1071 1068 1053
f 1053 1068 1054
f 1073 1071 1072
f 1072 1071 1074
f 1074 1071 1055
f 1055 1071 1053
f 1076 1077 1075
f 1075 1077 1078
f 1079 1080 1057
f 1057 1080 1058
f 1081 1082 1064
f 1064 1082 1061
f 1084 1085 1083
f 1083 1085 1086
f 1088 1089 1087
f 1087 1089 1090
f 1092 1093 1091
f 1091 1093 1094
f 1096 1097 1095
f 1095 1097 1098
f 1099 1100 1102
f 1102 1100 1101
f 1103 1104 1099
f 1099 1104 1100
f 1106 1107 1105
f 1105 1107 1108
f 1110 1111 1109
f 1109 1111 1112
f 1114 1115 1113
f 1113 1115 1116
f 1118 1119 1117
f 1117 1119 1077
f 1117 1120 1122
f 1122 1120 1121
f 1105 1123 1106
f 1106 1123 1124
f 1125 1126 1128
f 1128 1126 1127
f 1130 1131 1129
f 1129 1131 1132
f 1134 1135 1133
f 1133 1135 1114
f 1113 1136 1114
f 1114 1136 1133
f 1118 1137 1113
f 1113 1137 1136
f 1118 1117 1137
f 1137 1117 1122
f 1139 1140 1138
f 1138 1140 1141
f 1143 953 1142
f 1142 953 952
f 1145 957 1144
f 1144 957 956
f 1028 1146 956
f 956 1146 1144
f 1014 1147 1042
f 1042 1147 1148
f 1014 1017 1147
f 1147 1017 1149
f 1059 1058 1150
f 1150 1058 1151
f 1153 1080 1152
f 1152 1080 1154
f 1156 1088 1155
f 1155 1088 1087
f 1157 1158 1106
f 1106 1158 1107
f 1106 1124 1157
f 1157 1124 1159
f 1161 1162 1160
f 1160 1162 1163
f 1165 1166 1164
f 1164 1166 1167
f 1168 1031 1012
f 1012 1031 1046
f 1024 1023 1035
f 1035 1023 1034
f 1036 1038 1025
f 1025 1038 1169
f 1170 1171 1039
f 1039 1171 1037
f 1028 1029 1042
f 1042 1029 1043
f 1172 1173 1175
f 1175 1173 1174
f 1055 1053 1013
f 1013 1053 1011
f 1005 1009 1070
f 1070 1009 1054
f 996 999 1062
f 1062 999 1063
f 1016 1060 1017
f 1017 1060 1059
f 1017 1059 1149
f 1149 1059 1150
f 1177 1178 1176
f 1176 1178 1103
f 1176 1072 1179
f 1179 1072 1074
f 1073 1102 1086
f 1086 1102 1083
f 1180 1181 1067
f 1067 1181 1065
f 1182 1183 1184
f 1184 1183 1181
f 1186 1187 1185
f 1185 1187 1188
f 1189 1190 798
f 798 1190 799
f 1192 1193 1191
f 1191 1193 1194
f 1195 1196 1194
f 1194 1196 1191
f 1196 1195 1198
f 1198 1195 1197
f 1200 674 1199
f 1199 674 673
f 928 1201 1203
f 1203 1201 1202
f 861 1204 862
f 862 1204 921
f 1205 1206 913
f 913 1206 1207
f 882 1208 879
f 879 1208 1209
f 1210 1211 1167
f 1167 1211 1164
f 1212 769 1213
f 1213 769 768
f 727 1214 728
f 728 1214 1215
f 1217 1218 1216
f 1216 1218 1219
f 1220 813 1221
f 1221 813 812
f 827 828 427
f 427 828 454
f 1223 1224 1222
f 1222 1224 1165
f 1226 1227 1225
f 1225 1227 1228
f 851 1229 848
f 848 1229 1230
f 834 854 835
f 835 854 1231
f 1233 1234 1232
f 1232 1234 1235
f 1237 751 1236
f 1236 751 750
f 743 819 1238
f 1238 819 821
f 1240 1241 1239
f 1239 1241 1242
f 1244 1245 1243
f 1243 1245 1246
f 844 1247 841
f 841 1247 1248
f 1250 1251 1249
f 1249 1251 1252
f 1254 893 1253
f 1253 893 1237
f 1255 1256 1258
f 1258 1256 1257
f 1260 1261 1259
f 1259 1261 1262
f 945 903 855
f 855 903 852
f 855 1263 945
f 945 1263 1264
f 832 845 801
f 801 845 803
f 800 721 803
f 803 721 801
f 721 800 722
f 722 800 799
f 1266 1267 1265
f 1265 1267 1268
f 1270 795 1269
f 1269 795 726
f 725 1271 726
f 726 1271 1269
f 737 765 738
f 738 765 764
f 759 740 760
f 760 740 739
f 717 1272 1274
f 1274 1272 1273
f 1163 1226 1275
f 1275 1226 1225
f 1277 882 1276
f 1276 882 881
f 1041 1040 1027
f 1027 1040 1026
f 900 935 901
f 901 935 934
f 1164 1278 1165
f 1165 1278 1222
f 1211 1279 1164
f 1164 1279 1278
f 442 1280 453
f 453 1280 1281
f 788 1282 785
f 785 1282 1283
f 1285 1286 1284
f 1284 1286 1287
f 1284 1288 1285
f 1285 1288 1289
f 757 1289 754
f 754 1289 1288
f 605 604 675
f 675 604 676
f 1290 1291 1293
f 1293 1291 1292
f 1295 1296 1294
f 1294 1296 1297
f 696 699 694
f 694 699 931
f 1298 1299 592
f 592 1299 589
f 1299 1300 589
f 589 1300 700
f 1300 1301 700
f 700 1301 701
f 743 745 819
f 819 745 805
f 1303 1304 1302
f 1302 1304 1305
f 1306 1307 1305
f 1305 1307 1302
f 609 1298 610
f 610 1298 592
f 587 822 588
f 588 822 1308
f 703 588 1309
f 1309 588 1308
f 1310 703 571
f 571 703 1309
f 1311 1312 789
f 789 1312 790
f 825 223 1313
f 1313 223 220
f 219 1314 220
f 220 1314 1313
f 1315 1316 1311
f 1311 1316 1312
f 1317 1318 1319
f 1319 1318 1241
f 441 1320 442
f 442 1320 1280
f 1321 217 572
f 572 217 216
f 1323 1230 1322
f 1322 1230 1229
f 1324 1325 631
f 631 1325 656
f 1034 1168 1010
f 1010 1168 1012
f 1327 1328 1326
f 1326 1328 1329
f 1331 1202 1330
f 1330 1202 1201
f 571 1309 572
f 572 1309 1321
f 573 572 1332
f 1332 572 216
f 1334 1335 1333
f 1333 1335 1336
f 1337 1338 918
f 918 1338 859
f 1339 863 1340
f 1340 863 866
f 1341 1342 1344
f 1344 1342 1343
f 1345 1346 919
f 919 1346 920
f 1347 1348 673
f 673 1348 1199
f 693 1349 928
f 928 1349 1201
f 1351 1257 1350
f 1350 1257 1256
f 1350 1352 1351
f 1351 1352 1353
f 653 930 654
f 654 930 662
f 1279 1354 1278
f 1278 1354 1355
f 1357 1358 1356
f 1356 1358 1359
f 937 1360 1140
f 1140 1360 1361
f 1225 1228 909
f 909 1228 964
f 901 934 1362
f 1362 934 1139
f 1364 1365 1363
f 1363 1365 1362
f 1367 912 1366
f 1366 912 911
f 1143 1142 1368
f 1368 1142 1369
f 1144 1186 1145
f 1145 1186 1185
f 1146 1175 1144
f 1144 1175 1186
f 1175 1146 1172
f 1172 1146 1148
f 1147 1018 1148
f 1148 1018 1172
f 1018 1147 1019
f 1019 1147 1149
f 1149 1150 1019
f 1019 1150 1370
f 1150 1151 1370
f 1370 1151 1371
f 1151 1153 1371
f 1371 1153 1177
f 1152 1156 1178
f 1178 1156 1372
f 1155 1158 1373
f 1373 1158 1374
f 1157 1159 1376
f 1376 1159 1375
f 1378 1379 1377
f 1377 1379 1380
f 1382 1383 1381
f 1381 1383 1384
f 1382 1386 1385
f 1385 1386 1387
f 1386 1233 1387
f 1387 1233 1232
f 1389 1390 1388
f 1388 1390 1391
f 1393 1394 1392
f 1392 1394 1395
f 1397 1398 1396
f 1396 1398 1399
f 629 1397 630
f 630 1397 1396
f 1342 1400 1343
f 1343 1400 1401
f 1403 1404 1402
f 1402 1404 1405
f 1407 1408 1406
f 1406 1408 1409
f 1411 1412 1410
f 1410 1412 1413
f 793 1414 794
f 794 1414 1415
f 1417 1341 1416
f 1416 1341 1344
f 704 705 1347
f 1347 705 1418
f 741 1419 742
f 742 1419 1420
f 1422 669 1421
f 1421 669 672
f 645 1423 646
f 646 1423 1424
f 1196 1198 614
f 614 1198 611
f 613 1425 614
f 614 1425 1426
f 1427 616 659
f 659 616 660
f 614 1426 1196
f 1196 1426 1191
f 696 594 697
f 697 594 590
f 697 590 700
f 700 590 589
f 703 1310 702
f 702 1310 1428
f 1421 672 1192
f 1192 672 689
f 1271 648 1269
f 1269 648 622
f 621 1270 622
f 622 1270 1269
f 1429 1430 1417
f 1417 1430 1341
f 1431 1432 1434
f 1434 1432 1433
f 1436 1437 1435
f 1435 1437 1438
f 1440 1441 1439
f 1439 1441 1442
f 1443 1444 1446
f 1446 1444 1445
f 823 809 938
f 938 809 817
f 810 1447 811
f 811 1447 1448
f 1449 1450 679
f 679 1450 706
f 913 916 1205
f 1205 916 1451
f 1275 1225 912
f 912 1225 909
f 1452 1453 880
f 880 1453 881
f 1444 1401 1445
f 1445 1401 1400
f 936 1454 937
f 937 1454 1360
f 824 1455 810
f 810 1455 1447
f 631 656 632
f 632 656 655
f 966 1456 967
f 967 1456 1457
f 1459 1460 1458
f 1458 1460 1461
f 1460 1462 1461
f 1461 1462 1463
f 972 974 973
f 973 974 975
f 990 995 991
f 991 995 994
f 1464 1187 1033
f 1033 1187 1174
f 1018 1021 1172
f 1172 1021 1173
f 1000 999 1001
f 1001 999 998
f 976 979 1022
f 1022 979 1032
f 1023 1024 980
f 980 1024 982
f 989 986 1171
f 1171 986 1169
f 1171 1170 989
f 989 1170 990
f 1170 1027 990
f 990 1027 995
f 1041 1039 998
f 998 1039 1001
f 1051 1063 1000
f 1000 1063 999
f 1066 1064 1051
f 1051 1064 1063
f 1183 1081 1066
f 1066 1081 1064
f 1178 1372 1103
f 1103 1372 1104
f 1092 1091 1465
f 1465 1091 1182
f 1467 1465 1466
f 1466 1465 1468
f 1469 1470 1184
f 1184 1470 1468
f 1095 1098 1471
f 1471 1098 1101
f 1076 1374 1120
f 1120 1374 1376
f 1110 1472 1127
f 1127 1472 1132
f 1472 1473 1132
f 1132 1473 1129
f 1474 1475 1466
f 1466 1475 1473
f 1119 1118 1116
f 1116 1118 1113
f 1375 1121 1376
f 1376 1121 1120
f 1127 1132 1128
f 1128 1132 1131
f 1227 1476 1228
f 1228 1476 1361
f 1365 1477 1362
f 1362 1477 872
f 1478 1479 1323
f 1323 1479 1230
f 1480 1481 914
f 914 1481 915
f 913 1277 914
f 914 1277 1276
f 1168 1034 1022
f 1022 1034 1023
f 1035 1036 1024
f 1024 1036 1025
f 1039 1041 1170
f 1170 1041 1027
f 1042 1148 1028
f 1028 1148 1146
f 968 1459 969
f 969 1459 1458
f 1482 1483 664
f 664 1483 665
f 1485 1486 1484
f 1484 1486 1487
f 1489 1490 1488
f 1488 1490 1491
f 1492 1493 722
f 722 1493 634
f 1495 1496 1494
f 1494 1496 1497
f 1498 1207 1339
f 1339 1207 863
f 1224 1499 1165
f 1165 1499 1166
f 1160 1163 1500
f 1500 1163 1275
f 1500 877 1160
f 1160 877 1501
f 876 873 1502
f 1502 873 1479
f 945 1264 851
f 851 1264 1229
f 835 1231 839
f 839 1231 871
f 1503 1283 778
f 778 1283 1282
f 716 715 1505
f 1505 715 1504
f 1446 1445 1507
f 1507 1445 1506
f 779 792 1381
f 1381 792 791
f 1430 1409 1341
f 1341 1409 1342
f 1411 1429 1508
f 1508 1429 1417
f 635 1510 1509
f 1509 1510 1511
f 1377 1380 1315
f 1315 1380 1316
f 1445 1400 1506
f 1506 1400 1408
f 918 917 1336
f 1336 917 1333
f 1513 1514 1512
f 1512 1514 870
f 1515 1516 1363
f 1363 1516 1364
f 1453 1517 881
f 881 1517 1276
f 992 1518 993
f 993 1518 1519
f 1520 1029 1518
f 1518 1029 955
f 1520 1026 1521
f 1521 1026 1040
f 1522 1015 1521
f 1521 1015 1043
f 996 1523 997
f 997 1523 1522
f 1060 1016 1524
f 1524 1016 1523
f 1061 1525 1062
f 1062 1525 1524
f 1079 1527 1526
f 1526 1527 1528
f 1093 1529 1094
f 1094 1529 1528
f 1111 1530 1112
f 1112 1530 1531
f 1532 1533 1105
f 1105 1533 1123
f 934 937 1139
f 1139 937 1140
f 1138 1363 1139
f 1139 1363 1362
f 1534 1222 1355
f 1355 1222 1278
f 1535 1223 1534
f 1534 1223 1222
f 821 587 1238
f 1238 587 586
f 1319 711 1317
f 1317 711 1536
f 1538 1200 1537
f 1537 1200 1199
f 1508 1417 1539
f 1539 1417 1416
f 1540 1541 840
f 840 1541 837
f 1231 898 871
f 871 898 901
f 1500 1275 1367
f 1367 1275 912
f 1543 1379 1542
f 1542 1379 1395
f 1539 772 1508
f 1508 772 1544
f 1546 1403 1545
f 1545 1403 1402
f 1548 1549 1547
f 1547 1549 1550
f 1552 1548 1551
f 1551 1548 1547
f 1554 1555 1553
f 1553 1555 1556
f 1558 1559 1557
f 1557 1559 1560
f 1562 1563 1561
f 1561 1563 1564
f 1566 1567 1565
f 1565 1567 1568
f 1570 1571 1569
f 1569 1571 1572
f 1574 1575 1573
f 1573 1575 1576
f 1577 1578 1572
f 1572 1578 1569
f 1580 1581 1579
f 1579 1581 1582
f 1584 1585 1583
f 1583 1585 1586
f 1588 1555 1587
f 1587 1555 1589
f 1591 1592 1590
f 1590 1592 1593
f 1595 1596 1594
f 1594 1596 1597
f 1596 1581 1597
f 1597 1581 1576
f 1599 1570 1598
f 1598 1570 1569
f 1601 1602 1600
f 1600 1602 1603
f 1605 1606 1604
f 1604 1606 1607
f 1608 1609 1568
f 1568 1609 1565
f 1611 1612 1610
f 1610 1612 1613
f 1615 1616 1614
f 1614 1616 1617
f 1619 1617 1618
f 1618 1617 1616
f 1621 1622 1620
f 1620 1622 1623
f 1625 1626 1624
f 1624 1626 1627
f 1629 1630 1628
f 1628 1630 1631
f 1633 1634 1632
f 1632 1634 1635
f 1636 1637 1639
f 1639 1637 1638
f 1641 1642 1640
f 1640 1642 1643
f 1624 1627 1644
f 1644 1627 1645
f 1647 1648 1646
f 1646 1648 1649
f 1651 1652 1650
f 1650 1652 1653
f 1655 1656 1654
f 1654 1656 1657
f 1659 1660 1658
f 1658 1660 1661
f 1662 1663 1631
f 1631 1663 1628
f 1651 1665 1664
f 1664 1665 1666
f 1667 1656 1619
f 1619 1656 1617
f 1669 1670 1668
f 1668 1670 1671
f 1632 1635 1672
f 1672 1635 1673
f 1674 1675 1638
f 1638 1675 1639
f 1677 1678 1676
f 1676 1678 1679
f 1680 1640 1681
f 1681 1640 1643
f 1682 1683 1643
f 1643 1683 1681
f 1670 1669 1235
f 1235 1669 1232
f 1396 1399 1674
f 1674 1399 1675
f 627 630 1679
f 1679 630 1676
f 1681 1315 1680
f 1680 1315 1311
f 1683 1377 1681
f 1681 1377 1315
f 1672 1673 1387
f 1387 1673 1385
f 1636 1684 1646
f 1646 1684 1685
f 1687 1688 1686
f 1686 1688 1689
f 1585 1690 1586
f 1586 1690 1691
f 1599 1692 1551
f 1551 1692 1693
f 1552 1558 1694
f 1694 1558 1557
f 1696 1615 1695
f 1695 1615 1614
f 1698 1699 1697
f 1697 1699 1623
f 1700 1701 1703
f 1703 1701 1702
f 1705 1706 1704
f 1704 1706 1707
f 1708 1709 1640
f 1640 1709 1641
f 1710 1711 1713
f 1713 1711 1712
f 1652 1655 1653
f 1653 1655 1654
f 1714 1699 1712
f 1712 1699 1713
f 1715 1710 1716
f 1716 1710 1713
f 1717 1708 1680
f 1680 1708 1640
f 1393 1392 1715
f 1715 1392 1710
f 1719 1720 1718
f 1718 1720 1721
f 1680 1311 1717
f 1717 1311 789
f 1378 1711 1392
f 1392 1711 1710
f 1388 1391 1719
f 1719 1391 1720
f 1723 1606 1722
f 1722 1606 1689
f 1725 1568 1724
f 1724 1568 1567
f 1726 1647 1685
f 1685 1647 1646
f 1728 1554 1727
f 1727 1554 1553
f 1591 1687 1600
f 1600 1687 1686
f 1730 1595 1729
f 1729 1595 1594
f 1601 1605 1731
f 1731 1605 1604
f 1733 1663 1732
f 1732 1663 1734
f 1736 1639 1735
f 1735 1639 1675
f 1658 1644 1737
f 1737 1644 1645
f 1726 1662 1724
f 1724 1662 1631
f 1399 1738 1675
f 1675 1738 1735
f 1621 1667 1739
f 1739 1667 1619
f 1714 1740 1620
f 1620 1740 1741
f 1592 1549 1593
f 1593 1549 1742
f 1602 1571 1603
f 1603 1571 1550
f 1688 1690 1689
f 1689 1690 1722
f 1588 1559 1582
f 1582 1559 1579
f 1673 1735 1385
f 1385 1735 1738
f 1387 1232 1672
f 1672 1232 1669
f 1580 1692 1573
f 1573 1692 1743
f 1377 1683 1378
f 1378 1683 1711
f 1664 1666 1744
f 1744 1666 1745
f 1744 1696 1664
f 1664 1696 1695
f 1746 1747 1732
f 1732 1747 1748
f 1749 1750 1677
f 1677 1750 1678
f 1709 1708 1750
f 1750 1708 1678
f 1668 1632 1669
f 1669 1632 1672
f 1633 1746 1734
f 1734 1746 1732
f 1679 1678 1717
f 1717 1678 1708
f 789 627 1717
f 1717 627 1679
f 1563 1723 1564
f 1564 1723 1722
f 1728 1584 1751
f 1751 1584 1583
f 1674 1676 1396
f 1396 1676 630
f 1666 1566 1745
f 1745 1566 1565
f 1627 1629 1645
f 1645 1629 1628
f 1637 1749 1638
f 1638 1749 1677
f 1648 1665 1649
f 1649 1665 1752
f 1740 1642 1741
f 1741 1642 1657
f 1676 1674 1677
f 1677 1674 1638
f 1683 1682 1711
f 1711 1682 1712
f 1618 1753 1619
f 1619 1753 1739
f 1701 1739 1702
f 1702 1739 1753
f 1754 1214 1756
f 1756 1214 1755
f 647 1757 619
f 619 1757 941
f 1759 1193 1758
f 1758 1193 691
f 1419 1760 1420
f 1420 1760 1761
f 682 1762 683
f 683 1762 1763
f 1412 780 1413
f 1413 780 1384
f 1383 1398 1384
f 1384 1398 1413
f 1197 1424 1764
f 1764 1424 1423
f 1537 1287 1538
f 1538 1287 1286
f 1634 1684 1635
f 1635 1684 1736
f 1724 1631 1725
f 1725 1631 1630
f 1562 1730 1610
f 1610 1730 1729
f 1735 1673 1736
f 1736 1673 1635
f 1757 1195 941
f 941 1195 1194
f 1766 200 1765
f 1765 200 199
f 475 500 476
f 476 500 479
f 498 558 483
f 483 558 487
f 545 551 546
f 546 551 550
f 453 1281 219
f 219 1281 1314
f 298 453 208
f 208 453 219
f 368 1765 1767
f 1767 1765 199
f 523 405 363
f 363 405 404
f 523 533 405
f 405 533 402
f 298 208 299
f 299 208 207
f 299 207 176
f 176 207 300
f 176 300 173
f 173 300 202
f 173 202 174
f 174 202 201
f 1337 918 1768
f 1768 918 1336
f 1769 1770 1338
f 1338 1770 859
f 581 570 578
f 578 570 1771
f 555 562 580
f 580 562 561
f 504 1772 501
f 501 1772 548
f 517 542 584
f 584 542 543
f 515 514 516
f 516 514 544
f 542 517 544
f 544 517 516
f 561 575 580
f 580 575 581
f 575 569 581
f 581 569 570
f 501 548 1773
f 1773 548 547
f 1774 1775 570
f 570 1775 1771
f 369 368 1776
f 1776 368 1767
f 372 369 375
f 375 369 1776
f 822 1280 1308
f 1308 1280 1320
f 820 1281 822
f 822 1281 1280
f 818 1314 820
f 820 1314 1281
f 1314 818 1313
f 1313 818 804
f 807 814 825
f 825 814 826
f 814 813 826
f 826 813 827
f 813 1220 827
f 827 1220 828
f 580 579 555
f 555 579 547
f 1477 1540 872
f 872 1540 840
f 367 499 368
f 368 499 1765
f 1766 1765 525
f 525 1765 499
f 1777 1766 526
f 526 1766 525
f 520 527 362
f 362 527 384
f 361 1778 519
f 519 1778 528
f 371 1779 372
f 372 1779 369
f 369 1779 370
f 370 1779 478
f 1779 371 478
f 478 371 374
f 1778 1777 528
f 528 1777 526
f 1781 1782 1780
f 1780 1782 1783
f 431 460 67
f 67 460 64
f 68 338 74
f 74 338 72
f 1785 1782 1784
f 1784 1782 1786
f 1787 1788 1790
f 1790 1788 1789
f 1792 1789 1791
f 1791 1789 1793
f 1791 1794 1792
f 1792 1794 1795
f 1794 1796 1795
f 1795 1796 1797
f 1797 1798 938
f 938 1798 868
f 1798 1799 868
f 868 1799 869
f 1801 1802 1800
f 1800 1802 1451
f 1803 1804 1205
f 1205 1804 1206
f 1805 1806 864
f 864 1806 865
f 1806 1807 865
f 865 1807 1808
f 68 71 338
f 287 328 288
f 1320 1321 1308
f 1308 1321 1309
f 1320 441 1321
f 1321 441 217
f 441 152 217
f 217 152 218
f 151 286 152
f 152 286 218
f 297 310 151
f 151 310 286
f 296 307 297
f 297 307 310
f 296 143 307
f 307 143 284
f 143 56 284
f 284 56 104
f 56 59 104
f 104 59 63
f 59 102 63
f 63 102 60
f 102 94 60
f 60 94 282
f 93 459 279
f 279 459 77
f 459 460 77
f 77 460 78
f 460 431 78
f 78 431 295
f 431 49 295
f 295 49 292
f 48 421 49
f 49 421 292
f 276 278 418
f 418 278 429
f 317 432 278
f 278 432 429
f 432 317 433
f 433 317 316
f 326 324 316
f 316 324 433
f 1536 592 1809
f 1809 592 591
f 1810 744 1812
f 1812 744 1811
f 1814 1815 1813
f 1813 1815 1816
f 1817 748 1818
f 1818 748 747
f 1812 1819 1810
f 1810 1819 1817
f 1820 1821 748
f 748 1821 749
f 1823 1824 1822
f 1822 1824 1825
f 1827 1828 1826
f 1826 1828 1829
f 1831 1832 1830
f 1830 1832 1833
f 1834 1827 1243
f 1243 1827 1826
f 1313 804 825
f 825 804 807
f 1835 1253 1236
f 1236 1253 1237
f 1836 1837 1438
f 1438 1837 1435
f 1838 1505 1840
f 1840 1505 1839
f 1841 1842 716
f 716 1842 713
f 1843 1844 1510
f 1510 1844 1845
f 1847 1848 1846
f 1846 1848 1849
f 1850 1240 1822
f 1822 1240 1239
f 636 1831 637
f 637 1831 1830
f 1852 1853 1851
f 1851 1853 1854
f 1855 1856 1858
f 1858 1856 1857
f 1846 1849 1859
f 1859 1849 1860
f 1343 1401 1509
f 1509 1401 1861
f 1509 1861 635
f 635 1861 636
f 1863 1864 1862
f 1862 1864 1865
f 1283 1503 1867
f 1867 1503 1866
f 1868 1867 681
f 681 1867 682
f 1286 1285 683
f 683 1285 684
f 757 756 1274
f 1274 756 1869
f 1274 1869 717
f 717 1869 718
f 1434 1433 719
f 719 1433 720
f 1200 1538 1545
f 1545 1538 1763
f 1285 1289 684
f 684 1289 1273
f 684 1273 681
f 681 1273 1272
f 785 1283 1868
f 1868 1283 1867
f 786 785 1870
f 1870 785 1868
f 1289 757 1273
f 1273 757 1274
f 1539 1416 1871
f 1871 1416 1872
f 773 1871 1403
f 1403 1871 1404
f 675 674 1405
f 1405 674 1402
f 1864 1873 1865
f 1865 1873 1874
f 638 1843 635
f 635 1843 1510
f 1344 1343 1511
f 1511 1343 1509
f 772 1539 773
f 773 1539 1871
f 674 1200 1402
f 1402 1200 1545
f 1538 1286 1763
f 1763 1286 683
f 1444 1443 1875
f 1875 1443 1876
f 1875 1876 1831
f 1831 1876 1832
f 1416 1344 1872
f 1872 1344 1511
f 1877 1878 774
f 774 1878 1879
f 1878 1847 1879
f 1879 1847 1846
f 1880 714 1881
f 1881 714 1848
f 1401 1444 1861
f 1861 1444 1875
f 1861 1875 636
f 636 1875 1831
f 1823 1863 1882
f 1882 1863 1862
f 1441 1440 1884
f 1884 1440 1883
f 1883 1852 1884
f 1884 1852 1851
f 1886 1887 1885
f 1885 1887 1888
f 1358 1889 1359
f 1359 1889 1890
f 1891 1886 1892
f 1892 1886 1885
f 774 1879 775
f 775 1879 1893
f 1859 1893 1846
f 1846 1893 1879
f 713 1842 1849
f 1849 1842 1860
f 1318 1895 1894
f 1894 1895 1896
f 1873 1897 1874
f 1874 1897 1898
f 1898 605 1899
f 1899 605 675
f 1405 1844 675
f 675 1844 1899
f 1404 1845 1405
f 1405 1845 1844
f 593 1296 591
f 591 1296 1809
f 1295 1292 1900
f 1900 1292 1895
f 606 1897 1291
f 1291 1897 1896
f 1510 1845 1511
f 1511 1845 1872
f 1871 1872 1404
f 1404 1872 1845
f 1866 770 1762
f 1762 770 1546
f 1762 682 1866
f 1866 682 1867
f 1870 1868 1272
f 1272 1868 681
f 1272 717 1870
f 1870 717 720
f 1870 720 786
f 786 720 1433
f 786 1433 787
f 787 1433 1432
f 1261 1414 1432
f 1432 1414 787
f 1389 1234 1260
f 1260 1234 1415
f 1719 1670 1388
f 1388 1670 1235
f 1718 1671 1719
f 1719 1671 1670
f 1705 1747 1718
f 1718 1747 1671
f 1659 1901 1704
f 1704 1901 1748
f 1877 1903 1902
f 1902 1903 1904
f 1259 1905 1390
f 1390 1905 1394
f 1715 1720 1393
f 1393 1720 1391
f 1716 1721 1715
f 1715 1721 1720
f 1698 1706 1716
f 1716 1706 1721
f 277 276 47
f 47 276 48
f 84 96 81
f 81 96 82
f 80 70 81
f 81 70 85
f 99 97 88
f 88 97 89
f 90 100 88
f 88 100 99
f 101 95 102
f 102 95 94
f 1906 1907 280
f 280 1907 281
f 97 86 89
f 89 86 85
f 60 282 61
f 61 282 281
f 83 82 46
f 46 82 47
f 293 292 420
f 420 292 421
f 419 1908 420
f 420 1908 1909
f 92 95 91
f 91 95 90
f 279 282 93
f 93 282 94
f 276 418 48
f 48 418 421
f 1910 1660 1697
f 1697 1660 1707
f 1703 1624 1700
f 1700 1624 1644
f 1622 1910 1623
f 1623 1910 1697
f 1701 1700 1911
f 1911 1700 1661
f 1700 1644 1661
f 1661 1644 1658
f 1901 1737 1733
f 1733 1737 1645
f 1625 1912 1604
f 1604 1912 1731
f 1912 1913 1731
f 1731 1913 1914
f 1913 1577 1914
f 1914 1577 1572
f 1915 1578 1616
f 1616 1578 1618
f 1915 1916 1598
f 1598 1916 1743
f 1916 1574 1743
f 1743 1574 1573
f 1575 1917 1576
f 1576 1917 1597
f 1917 1609 1597
f 1597 1609 1594
f 1608 1611 1729
f 1729 1611 1610
f 1918 1612 1629
f 1629 1612 1630
f 1626 1918 1627
f 1627 1918 1629
f 1920 1921 1919
f 1919 1921 1922
f 1920 1924 1923
f 1923 1924 1925
f 1926 1927 1924
f 1924 1927 1925
f 1929 1930 1928
f 1928 1930 1931
f 1932 1933 1935
f 1935 1933 1934
f 1937 1938 1936
f 1936 1938 1939
f 1941 1942 1940
f 1940 1942 1943
f 1941 1945 1944
f 1944 1945 1946
f 1947 1948 1694
f 1694 1948 1949
f 1950 1951 1953
f 1953 1951 1952
f 1955 1956 1954
f 1954 1956 1589
f 1958 1956 1957
f 1957 1956 1932
f 1960 1934 1959
f 1959 1934 1933
f 1962 1963 1961
f 1961 1963 1964
f 1965 1955 1751
f 1751 1955 1954
f 1935 1930 1932
f 1932 1930 1957
f 1951 1950 1926
f 1926 1950 1929
f 1966 1967 1593
f 1593 1967 1590
f 1969 1967 1968
f 1968 1967 1964
f 1962 1921 1970
f 1970 1921 1971
f 1963 1945 1964
f 1964 1945 1968
f 1972 1948 1922
f 1922 1948 1919
f 1966 1972 1961
f 1961 1972 1922
f 1958 1953 1587
f 1587 1953 1560
f 1974 1975 1973
f 1973 1975 1976
f 1978 1979 1977
f 1977 1979 1691
f 1979 1975 1691
f 1691 1975 1586
f 1938 1942 1939
f 1939 1942 1980
f 1952 1947 1557
f 1557 1947 1694
f 1969 1978 1981
f 1981 1978 1977
f 1983 1984 1982
f 1982 1984 1985
f 1986 1987 1989
f 1989 1987 1988
f 1990 1991 1983
f 1983 1991 1984
f 1990 1993 1992
f 1992 1993 1994
f 1995 1996 1994
f 1994 1996 1997
f 1999 2000 1998
f 1998 2000 2001
f 2003 2004 2002
f 2002 2004 2005
f 2007 2008 2006
f 2006 2008 2009
f 2011 2012 2010
f 2010 2012 2013
f 2014 2015 2017
f 2017 2015 2016
f 2018 2019 2021
f 2021 2019 2020
f 2022 1989 2024
f 2024 1989 2023
f 1989 1988 2023
f 2023 1988 2025
f 2026 2027 2017
f 2017 2027 2014
f 2029 2030 2028
f 2028 2030 2031
f 2033 2034 2032
f 2032 2034 2035
f 2032 2035 2036
f 2036 2035 2037
f 2039 2040 2038
f 2038 2040 2041
f 1982 2042 1983
f 1983 2042 2043
f 2045 2046 2044
f 2044 2046 2047
f 2049 2050 2048
f 2048 2050 2051
f 2053 2054 2052
f 2052 2054 2055
f 2057 2058 2056
f 2056 2058 2059
f 2060 2061 2033
f 2033 2061 2034
f 2063 2064 2062
f 2062 2064 2065
f 2066 2035 2067
f 2067 2035 2034
f 2069 2039 2068
f 2068 2039 2038
f 2025 2070 2023
f 2023 2070 2071
f 2072 2024 2071
f 2071 2024 2023
f 2074 2020 2073
f 2073 2020 2019
f 2050 2049 2047
f 2047 2049 2075
f 1983 2043 1990
f 1990 2043 1993
f 2006 2050 2007
f 2007 2050 2076
f 2050 2006 2051
f 2051 2006 2077
f 2079 2080 2078
f 2078 2080 2081
f 2082 2083 2085
f 2085 2083 2084
f 2010 2013 2086
f 2086 2013 2087
f 2089 2033 2088
f 2088 2033 2032
f 2090 2060 2089
f 2089 2060 2033
f 2092 2093 2091
f 2091 2093 2094
f 2096 1986 2095
f 2095 1986 2097
f 2097 1986 2022
f 2022 1986 1989
f 2015 2094 2016
f 2016 2094 2098
f 2016 2098 2100
f 2100 2098 2099
f 2017 2016 2101
f 2101 2016 2100
f 2017 2101 2026
f 2026 2101 2102
f 2100 2099 2104
f 2104 2099 2103
f 2104 2105 2100
f 2100 2105 2101
f 2105 2106 2101
f 2101 2106 2102
f 2108 2061 2107
f 2107 2061 2109
f 2111 2112 2110
f 2110 2112 2020
f 2020 2074 2110
f 2110 2074 2113
f 2115 2116 2114
f 2114 2116 2117
f 2118 2119 1995
f 1995 2119 2120
f 2121 2122 2027
f 2027 2122 2014
f 2047 2075 2044
f 2044 2075 2123
f 2124 2125 2127
f 2127 2125 2126
f 2129 2130 2128
f 2128 2130 2131
f 2132 2133 2057
f 2057 2133 2058
f 2134 1999 2136
f 2136 1999 2135
f 2055 2138 2137
f 2137 2138 2139
f 2141 2142 2140
f 2140 2142 2143
f 2083 2082 2064
f 2064 2082 2065
f 2082 2144 2065
f 2065 2144 2145
f 2040 2146 2041
f 2041 2146 2147
f 2060 2090 2148
f 2148 2090 2149
f 2048 2051 2137
f 2137 2051 2150
f 2151 1997 2135
f 2135 1997 1996
f 2152 2150 2077
f 2077 2150 2051
f 2046 2045 2118
f 2118 2045 2119
f 2154 2155 2153
f 2153 2155 2156
f 2158 2159 2157
f 2157 2159 2160
f 2162 2163 2161
f 2161 2163 2164
f 2164 2163 2165
f 2165 2163 2166
f 2168 2169 2167
f 2167 2169 2170
f 2003 2172 2171
f 2171 2172 2173
f 2174 2175 2002
f 2002 2175 2176
f 2145 2177 2065
f 2065 2177 2062
f 2178 2179 2180
f 2180 2179 2134
f 2181 2052 2152
f 2152 2052 2150
f 2040 2127 2146
f 2146 2127 2182
f 2130 2162 2131
f 2131 2162 2161
f 2052 2055 2150
f 2150 2055 2137
f 2184 2185 2183
f 2183 2185 2186
f 2159 2030 2160
f 2160 2030 2187
f 2146 2182 2029
f 2029 2182 2188
f 2189 2190 2192
f 2192 2190 2191
f 2172 2003 2176
f 2176 2003 2002
f 1998 2151 1999
f 1999 2151 2135
f 2177 2172 2062
f 2062 2172 2176
f 2172 2177 2173
f 2173 2177 2193
f 2063 2194 2064
f 2064 2194 2195
f 2066 2197 2196
f 2196 2197 2198
f 2002 2005 2174
f 2174 2005 2199
f 2004 2003 2200
f 2200 2003 2171
f 2198 2201 2171
f 2171 2201 2200
f 2197 2202 2198
f 2198 2202 2201
f 2202 2197 2203
f 2203 2197 2204
f 2196 2198 2173
f 2173 2198 2171
f 2205 2069 2170
f 2170 2069 2206
f 2197 2066 2204
f 2204 2066 2067
f 2107 2207 2108
f 2108 2207 2208
f 2210 2208 2209
f 2209 2208 2207
f 2185 2211 2212
f 2213 2214 2211
f 2211 2214 2212
f 1998 2001 2213
f 2213 2001 2214
f 2134 2215 1999
f 1999 2215 2000
f 2216 2217 2219
f 2219 2217 2218
f 2206 2220 2170
f 2170 2220 2167
f 2069 2068 2206
f 2206 2068 2221
f 2151 1998 2222
f 2222 1998 2213
f 2124 2039 2205
f 2205 2039 2069
f 2142 2223 2143
f 2143 2223 2128
f 2203 2186 2202
f 2202 2186 2185
f 2185 2184 2211
f 2211 2184 2224
f 2224 2225 2222
f 2222 2225 2226
f 2071 2227 2072
f 2072 2227 2228
f 2229 2074 2230
f 2230 2074 2073
f 2074 2229 2113
f 2113 2229 2231
f 2232 2225 2227
f 2227 2225 2224
f 2233 2234 2031
f 2031 2234 2028
f 2236 2231 2235
f 2235 2231 2229
f 2230 2183 2229
f 2229 2183 2235
f 2237 1987 2096
f 2096 1987 1986
f 2152 2238 2181
f 2181 2238 2239
f 2080 2240 2081
f 2081 2240 2241
f 2236 2242 1971
f 1971 2242 1970
f 1925 2113 1923
f 1923 2113 2231
f 2110 1927 2111
f 2111 1927 1928
f 2103 2111 1931
f 1931 2111 1928
f 1931 2243 2103
f 2103 2243 2104
f 2105 2104 2244
f 2244 2104 2243
f 1939 1980 2148
f 2148 1980 2109
f 1980 1944 2109
f 2109 1944 2107
f 1946 2245 2207
f 2207 2245 2209
f 2245 1970 2209
f 2209 1970 2242
f 2231 2236 1923
f 1923 2236 1971
f 2113 1925 2110
f 2110 1925 1927
f 2234 2246 2028
f 2028 2246 2147
f 2247 2248 2058
f 2058 2248 2059
f 2114 2117 2249
f 2249 2117 2250
f 2252 2253 2251
f 2251 2253 2254
f 2094 2015 2091
f 2091 2015 2255
f 2256 2255 2014
f 2014 2255 2015
f 2257 2145 2258
f 2258 2145 2144
f 2131 2161 2123
f 2123 2161 2044
f 2045 2044 2164
f 2164 2044 2161
f 2045 2164 2119
f 2119 2164 2165
f 2259 2120 2165
f 2165 2120 2119
f 2260 2261 2259
f 2259 2261 2120
f 2205 2262 2124
f 2124 2262 2125
f 2180 2263 2178
f 2178 2263 2264
f 2265 2266 2092
f 2092 2266 2093
f 1992 2267 2268
f 2184 2228 2224
f 2224 2228 2227
f 2048 2269 2049
f 2049 2269 2141
f 2129 2168 2157
f 2157 2168 2167
f 2049 2141 2075
f 2075 2141 2140
f 2199 2215 2270
f 2270 2215 2271
f 2142 2141 2272
f 2272 2141 2269
f 2089 2026 2090
f 2090 2026 2102
f 2146 2029 2147
f 2147 2029 2028
f 2111 2103 2112
f 2112 2103 2099
f 2061 2060 2109
f 2109 2060 2148
f 2273 2274 2041
f 2041 2274 2038
f 2260 2275 2261
f 2261 2275 2136
f 2057 2138 2132
f 2132 2138 2276
f 2272 2269 2056
f 2056 2269 2139
f 2277 2278 2270
f 2270 2278 2199
f 2029 2188 2030
f 2030 2188 2187
f 2040 2039 2127
f 2127 2039 2124
f 2064 2195 2083
f 2083 2195 2279
f 2056 2139 2057
f 2057 2139 2138
f 2278 2277 2247
f 2247 2277 2248
f 2062 2176 2063
f 2063 2176 2175
f 2280 2210 2242
f 2242 2210 2209
f 2282 2233 2281
f 2281 2233 2031
f 2216 2219 2283
f 2283 2219 2221
f 2158 2220 2218
f 2218 2220 2219
f 2217 2282 2218
f 2218 2282 2281
f 2220 2158 2167
f 2167 2158 2157
f 2223 2264 2128
f 2128 2264 2263
f 2261 1996 2120
f 2120 1996 1995
f 2213 2211 2222
f 2222 2211 2224
f 2283 2221 2284
f 2284 2221 2068
f 2135 1996 2136
f 2136 1996 2261
f 2144 2081 2258
f 2258 2081 2241
f 2235 2280 2236
f 2236 2280 2242
f 2246 2273 2147
f 2147 2273 2041
f 2036 2285 2032
f 2032 2285 2088
f 2077 2286 2152
f 2152 2286 2238
f 1937 1960 1973
f 1973 1960 1959
f 2070 2232 2071
f 2071 2232 2227
f 2244 2287 2105
f 2105 2287 2106
f 1936 1939 2149
f 2149 1939 2148
f 1944 1946 2107
f 2107 1946 2207
f 2285 2121 2088
f 2088 2121 2027
f 2253 2249 2254
f 2254 2249 2250
f 2006 2009 2077
f 2077 2009 2286
f 2289 2086 2288
f 2288 2086 2087
f 2223 2142 2290
f 2290 2142 2272
f 2128 2131 2143
f 2143 2131 2123
f 2156 2291 2153
f 2153 2291 2175
f 2292 2293 2278
f 2278 2293 2294
f 2075 2140 2123
f 2123 2140 2143
f 2262 2169 2275
f 2275 2169 2180
f 2275 2180 2136
f 2136 2180 2134
f 2274 2284 2038
f 2038 2284 2068
f 2127 2126 2182
f 2182 2126 2166
f 2094 2093 2098
f 2098 2093 2021
f 2098 2021 2099
f 2099 2021 2112
f 2018 2021 2266
f 2266 2021 2093
f 2251 2289 2252
f 2252 2289 2288
f 1997 2151 2226
f 2226 2151 2222
f 2206 2221 2220
f 2220 2221 2219
f 2269 2048 2139
f 2139 2048 2137
f 2159 2158 2281
f 2281 2158 2218
f 2156 2155 2190
f 2190 2155 2191
f 1974 1965 1583
f 1583 1965 1751
f 2088 2027 2089
f 2089 2027 2026
f 2030 2159 2031
f 2031 2159 2281
f 2106 2149 2102
f 2102 2149 2090
f 2287 1936 2106
f 2106 1936 2149
f 2293 2154 2294
f 2294 2154 2153
f 2021 2020 2112
f 2247 2295 2278
f 2278 2295 2292
f 2284 2296 2283
f 2283 2296 2297
f 2298 2296 2274
f 2274 2296 2284
f 2273 2299 2274
f 2274 2299 2298
f 2246 2300 2273
f 2273 2300 2299
f 2283 2297 2216
f 2216 2297 2301
f 2216 2301 2217
f 2217 2301 2302
f 2302 2303 2217
f 2217 2303 2282
f 2304 2301 2305
f 2305 2301 2297
f 2307 2308 2306
f 2306 2308 2309
f 2306 2310 2307
f 2307 2310 2311
f 2307 2312 2308
f 2308 2312 2313
f 2314 2315 2312
f 2312 2315 2316
f 2316 2317 2312
f 2312 2317 2313
f 2317 2305 2313
f 2313 2305 2318
f 2314 2312 2311
f 2311 2312 2307
f 2319 2320 2322
f 2322 2320 2321
f 2322 2311 2319
f 2319 2311 2310
f 2313 2318 2308
f 2308 2318 2309
f 2296 2298 2318
f 2318 2298 2309
f 2309 2298 2323
f 2323 2298 2299
f 2306 2309 2324
f 2324 2309 2323
f 2310 2306 2325
f 2325 2306 2324
f 2296 2318 2297
f 2297 2318 2305
f 2319 2310 2326
f 2326 2310 2325
f 2328 2325 2327
f 2327 2325 2324
f 2325 2328 2326
f 2326 2328 2329
f 2331 2328 2330
f 2330 2328 2327
f 2332 2333 2327
f 2327 2333 2330
f 2328 2331 2329
f 2329 2331 2334
f 2324 2323 2327
f 2327 2323 2332
f 2300 2332 2299
f 2299 2332 2323
f 2326 2335 2319
f 2319 2335 2320
f 2305 2317 2336
f 2336 2317 2316
f 2336 2316 2337
f 2337 2316 2315
f 2338 2304 2336
f 2336 2304 2305
f 2337 2339 2336
f 2336 2339 2338
f 2337 2315 2341
f 2341 2315 2340
f 2342 2300 2234
f 2234 2300 2246
f 2303 2343 2282
f 2282 2343 2233
f 2234 2233 2342
f 2342 2233 2343
f 2342 2343 2333
f 2333 2343 2344
f 2333 2344 2330
f 2330 2344 2345
f 2346 2344 2303
f 2303 2344 2343
f 2332 2300 2333
f 2333 2300 2342
f 2347 2346 2302
f 2302 2346 2303
f 2301 2304 2302
f 2302 2304 2347
f 2304 2338 2347
f 2347 2338 2348
f 2348 2349 2347
f 2347 2349 2346
f 2350 2351 2348
f 2348 2351 2349
f 2349 2345 2346
f 2346 2345 2344
f 2345 2349 2352
f 2352 2349 2351
f 2338 2339 2348
f 2348 2339 2350
f 2350 2339 2353
f 2353 2339 2354
f 2356 2357 2355
f 2355 2357 2353
f 2351 2350 2357
f 2357 2350 2353
f 2353 2354 2355
f 2355 2354 2335
f 2320 2335 2341
f 2341 2335 2354
f 2339 2337 2354
f 2354 2337 2341
f 2352 2331 2345
f 2345 2331 2330
f 2356 2334 2352
f 2352 2334 2331
f 2356 2352 2357
f 2357 2352 2351
f 2355 2329 2356
f 2356 2329 2334
f 2335 2326 2355
f 2355 2326 2329
f 2321 2314 2322
f 2322 2314 2311
f 2321 2320 2340
f 2340 2320 2341
f 2315 2314 2340
f 2340 2314 2321
f 2125 2260 2126
f 2126 2260 2259
f 2157 2160 2129
f 2129 2160 2130
f 2188 2163 2187
f 2187 2163 2162
f 2182 2166 2188
f 2188 2166 2163
f 2180 2169 2263
f 2263 2169 2168
f 2160 2187 2130
f 2130 2187 2162
f 2275 2260 2262
f 2262 2260 2125
f 2128 2263 2129
f 2129 2263 2168
f 2262 2205 2169
f 2169 2205 2170
f 2165 2166 2259
f 2259 2166 2126
f 2359 2360 2358
f 2358 2360 2361
f 2363 2364 2362
f 2362 2364 2365
f 2367 2363 2366
f 2366 2363 2362
f 2368 2369 2371
f 2371 2369 2370
f 2372 2373 2248
f 2248 2373 2059
f 2364 2374 2365
f 2365 2374 2375
f 2377 2378 2376
f 2376 2378 2379
f 2290 2380 2223
f 2223 2380 2381
f 2223 2381 2264
f 2264 2381 2382
f 2384 2385 2383
f 2383 2385 2386
f 2364 2371 2374
f 2374 2371 2387
f 2059 2373 2290
f 2290 2373 2380
f 2378 2360 2379
f 2379 2360 2388
f 2374 2387 2359
f 2359 2387 2389
f 2390 2367 2386
f 2386 2367 2391
f 2393 2394 2392
f 2392 2394 2395
f 2386 2391 2383
f 2383 2391 2396
f 2367 2366 2391
f 2391 2366 2397
f 2363 2367 2368
f 2368 2367 2390
f 2398 2399 2361
f 2361 2399 2358
f 2399 2400 2358
f 2358 2400 2375
f 2390 2401 2368
f 2368 2401 2369
f 2372 2384 2376
f 2376 2384 2383
f 2374 2359 2375
f 2375 2359 2358
f 2402 2403 2365
f 2365 2403 2362
f 2359 2389 2360
f 2360 2389 2388
f 2364 2363 2371
f 2371 2363 2368
f 2405 2398 2404
f 2404 2398 2361
f 2392 2395 2406
f 2406 2395 2397
f 2377 2396 2394
f 2394 2396 2395
f 2394 2393 2404
f 2404 2393 2405
f 2396 2377 2383
f 2383 2377 2376
f 2406 2397 2407
f 2407 2397 2366
f 2400 2402 2375
f 2375 2402 2365
f 2385 2270 2401
f 2401 2270 2271
f 2403 2407 2362
f 2362 2407 2366
f 2371 2370 2387
f 2387 2370 2382
f 2391 2397 2396
f 2396 2397 2395
f 2378 2377 2404
f 2404 2377 2394
f 2360 2378 2361
f 2361 2378 2404
f 2407 2408 2406
f 2406 2408 2409
f 2410 2408 2403
f 2403 2408 2407
f 2411 2410 2402
f 2402 2410 2403
f 2412 2411 2400
f 2400 2411 2402
f 2406 2409 2392
f 2392 2409 2413
f 2392 2413 2393
f 2393 2413 2414
f 2415 2405 2414
f 2414 2405 2393
f 2416 2413 2417
f 2417 2413 2409
f 2419 2420 2418
f 2418 2420 2421
f 2420 2422 2421
f 2421 2422 2423
f 2420 2424 2422
f 2422 2424 2425
f 2426 2427 2424
f 2424 2427 2428
f 2428 2429 2424
f 2424 2429 2425
f 2426 2424 2419
f 2419 2424 2420
f 2419 2418 2431
f 2431 2418 2430
f 2425 2432 2422
f 2422 2432 2423
f 2408 2410 2432
f 2432 2410 2423
f 2423 2410 2433
f 2433 2410 2411
f 2421 2423 2434
f 2434 2423 2433
f 2435 2418 2434
f 2434 2418 2421
f 2429 2417 2425
f 2425 2417 2432
f 2408 2432 2409
f 2409 2432 2417
f 2418 2435 2430
f 2430 2435 2436
f 2438 2435 2437
f 2437 2435 2434
f 2435 2438 2436
f 2436 2438 2439
f 2441 2438 2440
f 2440 2438 2437
f 2442 2443 2437
f 2437 2443 2440
f 2439 2438 2444
f 2444 2438 2441
f 2433 2442 2434
f 2434 2442 2437
f 2412 2442 2411
f 2411 2442 2433
f 2436 2445 2430
f 2430 2445 2446
f 2430 2446 2431
f 2431 2446 2447
f 2417 2429 2448
f 2448 2429 2428
f 2427 2449 2428
f 2428 2449 2448
f 2450 2416 2448
f 2448 2416 2417
f 2451 2450 2449
f 2449 2450 2448
f 2427 2452 2449
f 2449 2452 2453
f 2447 2446 2452
f 2452 2446 2453
f 2454 2412 2399
f 2399 2412 2400
f 2415 2455 2405
f 2405 2455 2398
f 2399 2398 2454
f 2454 2398 2455
f 2454 2455 2443
f 2443 2455 2456
f 2443 2456 2440
f 2440 2456 2457
f 2458 2456 2415
f 2415 2456 2455
f 2443 2442 2454
f 2454 2442 2412
f 2459 2458 2414
f 2414 2458 2415
f 2413 2416 2414
f 2414 2416 2459
f 2459 2416 2460
f 2460 2416 2450
f 2460 2461 2459
f 2459 2461 2458
f 2462 2463 2460
f 2460 2463 2461
f 2461 2457 2458
f 2458 2457 2456
f 2457 2461 2464
f 2464 2461 2463
f 2451 2462 2450
f 2450 2462 2460
f 2462 2451 2465
f 2465 2451 2466
f 2468 2469 2467
f 2467 2469 2465
f 2463 2462 2469
f 2469 2462 2465
f 2465 2466 2467
f 2467 2466 2445
f 2446 2445 2453
f 2453 2445 2466
f 2451 2449 2466
f 2466 2449 2453
f 2464 2441 2457
f 2457 2441 2440
f 2468 2444 2464
f 2464 2444 2441
f 2468 2464 2469
f 2469 2464 2463
f 2467 2439 2468
f 2468 2439 2444
f 2445 2436 2467
f 2467 2436 2439
f 2447 2426 2431
f 2431 2426 2419
f 2427 2426 2452
f 2452 2426 2447
f 2369 2179 2370
f 2370 2179 2178
f 2376 2379 2372
f 2372 2379 2373
f 2389 2381 2388
f 2388 2381 2380
f 2387 2382 2389
f 2389 2382 2381
f 2270 2385 2277
f 2277 2385 2384
f 2379 2388 2373
f 2373 2388 2380
f 2401 2271 2369
f 2369 2271 2179
f 2248 2277 2372
f 2372 2277 2384
f 2401 2390 2385
f 2385 2390 2386
f 2264 2382 2178
f 2178 2382 2370
f 2215 2134 2271
f 2271 2134 2179
f 2005 2000 2199
f 2199 2000 2215
f 2004 2001 2005
f 2005 2001 2000
f 2200 2214 2004
f 2004 2214 2001
f 2470 2471 2473
f 2473 2471 2472
f 2475 2476 2474
f 2474 2476 2477
f 2479 2475 2478
f 2478 2475 2474
f 2481 2482 2480
f 2480 2482 2483
f 2476 2484 2477
f 2477 2484 2485
f 2487 2488 2486
f 2486 2488 2489
f 2133 2490 2058
f 2058 2490 2491
f 2058 2491 2247
f 2247 2491 2492
f 2494 2495 2493
f 2493 2495 2496
f 2476 2483 2484
f 2484 2483 2497
f 2472 2498 2488
f 2488 2498 2489
f 2484 2497 2471
f 2471 2497 2499
f 2500 2479 2496
f 2496 2479 2501
f 2502 2503 2505
f 2505 2503 2504
f 2496 2501 2493
f 2493 2501 2506
f 2479 2478 2501
f 2501 2478 2507
f 2475 2479 2480
f 2480 2479 2500
f 2508 2509 2473
f 2473 2509 2470
f 2509 2510 2470
f 2470 2510 2485
f 2511 2481 2500
f 2500 2481 2480
f 2512 2494 2486
f 2486 2494 2493
f 2485 2484 2470
f 2470 2484 2471
f 2513 2514 2477
f 2477 2514 2474
f 2471 2499 2472
f 2472 2499 2498
f 2476 2475 2483
f 2483 2475 2480
f 2516 2508 2515
f 2515 2508 2473
f 2502 2505 2517
f 2517 2505 2507
f 2504 2487 2505
f 2505 2487 2506
f 2503 2516 2504
f 2504 2516 2515
f 2506 2487 2493
f 2493 2487 2486
f 2517 2507 2518
f 2518 2507 2478
f 2510 2513 2485
f 2485 2513 2477
f 2511 2495 2293
f 2293 2495 2154
f 2514 2518 2474
f 2474 2518 2478
f 2483 2482 2497
f 2497 2482 2492
f 2501 2507 2506
f 2506 2507 2505
f 2488 2487 2515
f 2515 2487 2504
f 2472 2488 2473
f 2473 2488 2515
f 2518 2519 2517
f 2517 2519 2520
f 2521 2519 2514
f 2514 2519 2518
f 2522 2521 2513
f 2513 2521 2514
f 2523 2522 2510
f 2510 2522 2513
f 2517 2520 2502
f 2502 2520 2524
f 2502 2524 2503
f 2503 2524 2525
f 2525 2526 2503
f 2503 2526 2516
f 2527 2524 2528
f 2528 2524 2520
f 2530 2531 2529
f 2529 2531 2532
f 2531 2533 2532
f 2532 2533 2534
f 2531 2535 2533
f 2533 2535 2536
f 2537 2538 2535
f 2535 2538 2539
f 2539 2540 2535
f 2535 2540 2536
f 2537 2535 2530
f 2530 2535 2531
f 2529 2541 2530
f 2530 2541 2542
f 2543 2534 2536
f 2536 2534 2533
f 2519 2521 2543
f 2543 2521 2534
f 2534 2521 2544
f 2544 2521 2522
f 2532 2534 2545
f 2545 2534 2544
f 2529 2532 2546
f 2546 2532 2545
f 2536 2540 2543
f 2543 2540 2528
f 2519 2543 2520
f 2520 2543 2528
f 2541 2529 2547
f 2547 2529 2546
f 2548 2549 2545
f 2545 2549 2546
f 2549 2550 2546
f 2546 2550 2547
f 2551 2552 2548
f 2548 2552 2549
f 2548 2553 2551
f 2551 2553 2554
f 2550 2549 2555
f 2555 2549 2552
f 2545 2544 2548
f 2548 2544 2553
f 2523 2553 2522
f 2522 2553 2544
f 2547 2556 2541
f 2541 2556 2557
f 2541 2557 2542
f 2542 2557 2558
f 2528 2540 2559
f 2559 2540 2539
f 2538 2560 2539
f 2539 2560 2559
f 2561 2527 2559
f 2559 2527 2528
f 2560 2562 2559
f 2559 2562 2561
f 2560 2538 2564
f 2564 2538 2563
f 2558 2557 2563
f 2563 2557 2564
f 2565 2523 2509
f 2509 2523 2510
f 2526 2566 2516
f 2516 2566 2508
f 2509 2508 2565
f 2565 2508 2566
f 2565 2566 2554
f 2554 2566 2567
f 2554 2567 2551
f 2551 2567 2568
f 2569 2567 2526
f 2526 2567 2566
f 2553 2523 2554
f 2554 2523 2565
f 2570 2569 2525
f 2525 2569 2526
f 2524 2527 2525
f 2525 2527 2570
f 2527 2561 2570
f 2570 2561 2571
f 2571 2572 2570
f 2570 2572 2569
f 2573 2574 2571
f 2571 2574 2572
f 2572 2568 2569
f 2569 2568 2567
f 2568 2572 2575
f 2575 2572 2574
f 2562 2573 2561
f 2561 2573 2571
f 2573 2562 2576
f 2576 2562 2577
f 2579 2580 2578
f 2578 2580 2576
f 2574 2573 2580
f 2580 2573 2576
f 2576 2577 2578
f 2578 2577 2556
f 2557 2556 2564
f 2564 2556 2577
f 2562 2560 2577
f 2577 2560 2564
f 2575 2552 2568
f 2568 2552 2551
f 2579 2555 2575
f 2575 2555 2552
f 2579 2575 2580
f 2580 2575 2574
f 2550 2555 2578
f 2578 2555 2579
f 2556 2547 2578
f 2578 2547 2550
f 2558 2537 2542
f 2542 2537 2530
f 2538 2537 2563
f 2563 2537 2558
f 2292 2295 2481
f 2481 2295 2482
f 2486 2489 2512
f 2512 2489 2581
f 2499 2491 2498
f 2498 2491 2490
f 2497 2492 2499
f 2499 2492 2491
f 2155 2154 2494
f 2494 2154 2495
f 2581 2489 2490
f 2490 2489 2498
f 2293 2292 2511
f 2511 2292 2481
f 2191 2155 2512
f 2512 2155 2494
f 2500 2496 2511
f 2511 2496 2495
f 2247 2492 2295
f 2295 2492 2482
f 2583 2584 2582
f 2582 2584 2585
f 2587 2588 2586
f 2586 2588 2589
f 2591 2587 2590
f 2590 2587 2586
f 2593 2594 2592
f 2592 2594 2595
f 2596 2597 2599
f 2599 2597 2598
f 2588 2600 2589
f 2589 2600 2601
f 2602 2603 2605
f 2605 2603 2604
f 2606 2607 2609
f 2609 2607 2608
f 2609 2608 2190
f 2190 2608 2610
f 2611 2612 2614
f 2614 2612 2613
f 2600 2588 2615
f 2615 2588 2595
f 2599 2598 2606
f 2606 2598 2607
f 2584 2616 2604
f 2604 2616 2605
f 2600 2615 2583
f 2583 2615 2617
f 2591 2619 2618
f 2618 2619 2614
f 2621 2622 2620
f 2620 2622 2623
f 2619 2624 2614
f 2614 2624 2611
f 2591 2590 2619
f 2619 2590 2625
f 2587 2591 2592
f 2592 2591 2618
f 2626 2627 2585
f 2585 2627 2582
f 2627 2628 2582
f 2582 2628 2601
f 2629 2593 2618
f 2618 2593 2592
f 2602 2597 2611
f 2611 2597 2612
f 2600 2583 2601
f 2601 2583 2582
f 2630 2631 2589
f 2589 2631 2586
f 2583 2617 2584
f 2584 2617 2616
f 2588 2587 2595
f 2595 2587 2592
f 2633 2626 2632
f 2632 2626 2585
f 2620 2623 2634
f 2634 2623 2625
f 2622 2603 2623
f 2623 2603 2624
f 2621 2633 2622
f 2622 2633 2632
f 2611 2624 2602
f 2602 2624 2603
f 2634 2625 2635
f 2635 2625 2590
f 2628 2630 2601
f 2601 2630 2589
f 2613 2195 2629
f 2629 2195 2194
f 2631 2635 2586
f 2586 2635 2590
f 2595 2594 2615
f 2615 2594 2610
f 2619 2625 2624
f 2624 2625 2623
f 2632 2604 2622
f 2622 2604 2603
f 2585 2584 2632
f 2632 2584 2604
f 2635 2636 2634
f 2634 2636 2637
f 2638 2636 2631
f 2631 2636 2635
f 2639 2638 2630
f 2630 2638 2631
f 2640 2639 2628
f 2628 2639 2630
f 2634 2637 2620
f 2620 2637 2641
f 2620 2641 2621
f 2621 2641 2642
f 2642 2643 2621
f 2621 2643 2633
f 2641 2637 2644
f 2644 2637 2645
f 2646 2647 2649
f 2649 2647 2648
f 2648 2650 2649
f 2649 2650 2651
f 2648 2652 2650
f 2650 2652 2653
f 2652 2654 2656
f 2656 2654 2655
f 2656 2657 2652
f 2652 2657 2653
f 2654 2652 2647
f 2647 2652 2648
f 2647 2646 2659
f 2659 2646 2658
f 2660 2651 2653
f 2653 2651 2650
f 2636 2638 2660
f 2660 2638 2651
f 2651 2638 2661
f 2661 2638 2639
f 2651 2661 2649
f 2649 2661 2662
f 2663 2646 2662
f 2662 2646 2649
f 2653 2657 2660
f 2660 2657 2645
f 2636 2660 2637
f 2637 2660 2645
f 2646 2663 2658
f 2658 2663 2664
f 2665 2666 2662
f 2662 2666 2663
f 2666 2667 2663
f 2663 2667 2664
f 2668 2669 2665
f 2665 2669 2666
f 2665 2670 2668
f 2668 2670 2671
f 2667 2666 2672
f 2672 2666 2669
f 2662 2661 2665
f 2665 2661 2670
f 2640 2670 2639
f 2639 2670 2661
f 2673 2674 2664
f 2664 2674 2658
f 2658 2674 2659
f 2659 2674 2675
f 2645 2657 2676
f 2676 2657 2656
f 2677 2676 2655
f 2655 2676 2656
f 2676 2678 2645
f 2645 2678 2644
f 2677 2679 2676
f 2676 2679 2678
f 2655 2680 2677
f 2677 2680 2681
f 2675 2674 2680
f 2680 2674 2681
f 2682 2640 2627
f 2627 2640 2628
f 2643 2683 2633
f 2633 2683 2626
f 2682 2627 2683
f 2683 2627 2626
f 2683 2684 2682
f 2682 2684 2671
f 2684 2685 2671
f 2671 2685 2668
f 2686 2684 2643
f 2643 2684 2683
f 2670 2640 2671
f 2671 2640 2682
f 2687 2686 2642
f 2642 2686 2643
f 2642 2641 2687
f 2687 2641 2644
f 2687 2644 2688
f 2688 2644 2678
f 2688 2689 2687
f 2687 2689 2686
f 2690 2691 2688
f 2688 2691 2689
f 2689 2685 2686
f 2686 2685 2684
f 2685 2689 2692
f 2692 2689 2691
f 2679 2690 2678
f 2678 2690 2688
f 2690 2679 2693
f 2693 2679 2694
f 2696 2697 2695
f 2695 2697 2693
f 2691 2690 2697
f 2697 2690 2693
f 2693 2694 2695
f 2695 2694 2673
f 2674 2673 2681
f 2681 2673 2694
f 2679 2677 2694
f 2694 2677 2681
f 2685 2692 2668
f 2668 2692 2669
f 2696 2672 2692
f 2692 2672 2669
f 2696 2692 2697
f 2697 2692 2691
f 2695 2667 2696
f 2696 2667 2672
f 2673 2664 2695
f 2695 2664 2667
f 2675 2654 2659
f 2659 2654 2647
f 2655 2654 2680
f 2680 2654 2675
f 2291 2156 2593
f 2593 2156 2594
f 2597 2602 2598
f 2598 2602 2605
f 2616 2617 2607
f 2607 2617 2608
f 2615 2610 2617
f 2617 2610 2608
f 2597 2596 2612
f 2612 2596 2698
f 2598 2605 2607
f 2607 2605 2616
f 2194 2291 2629
f 2629 2291 2593
f 2629 2618 2613
f 2613 2618 2614
f 2190 2610 2156
f 2156 2610 2594
f 2700 2010 2699
f 2699 2010 2086
f 2267 2701 2116
f 2116 2701 2702
f 2116 2702 2117
f 2117 2702 2703
f 2704 2705 2250
f 2250 2705 2254
f 2011 2706 2267
f 2267 2706 2701
f 2699 2086 2707
f 2707 2086 2289
f 2010 2700 2011
f 2011 2700 2706
f 2708 2707 2251
f 2251 2707 2289
f 2703 2704 2117
f 2117 2704 2250
f 2705 2708 2254
f 2254 2708 2251
f 2709 2710 2708
f 2708 2710 2707
f 2711 2709 2705
f 2705 2709 2708
f 2712 2711 2704
f 2704 2711 2705
f 2713 2712 2703
f 2703 2712 2704
f 2707 2710 2699
f 2699 2710 2714
f 2699 2714 2700
f 2700 2714 2715
f 2716 2706 2715
f 2715 2706 2700
f 2714 2710 2717
f 2717 2710 2718
f 2720 2721 2719
f 2719 2721 2722
f 2721 2723 2722
f 2722 2723 2724
f 2721 2725 2723
f 2723 2725 2726
f 2727 2728 2725
f 2725 2728 2726
f 2729 2725 2720
f 2720 2725 2721
f 2731 2729 2730
f 2730 2729 2720
f 2719 2732 2720
f 2720 2732 2730
f 2726 2733 2723
f 2723 2733 2724
f 2709 2711 2733
f 2733 2711 2724
f 2724 2711 2734
f 2734 2711 2712
f 2722 2724 2735
f 2735 2724 2734
f 2719 2722 2736
f 2736 2722 2735
f 2726 2728 2733
f 2733 2728 2718
f 2709 2733 2710
f 2710 2733 2718
f 2732 2719 2737
f 2737 2719 2736
f 2738 2739 2735
f 2735 2739 2736
f 2739 2740 2736
f 2736 2740 2737
f 2741 2742 2738
f 2738 2742 2739
f 2738 2743 2741
f 2741 2743 2744
f 2740 2739 2745
f 2745 2739 2742
f 2735 2734 2738
f 2738 2734 2743
f 2713 2743 2712
f 2712 2743 2734
f 2737 2746 2732
f 2732 2746 2747
f 2732 2747 2730
f 2730 2747 2731
f 2718 2728 2748
f 2748 2728 2727
f 2749 2750 2727
f 2727 2750 2748
f 2748 2751 2718
f 2718 2751 2717
f 2750 2752 2748
f 2748 2752 2751
f 2750 2749 2754
f 2754 2749 2753
f 2731 2747 2753
f 2753 2747 2754
f 2727 2725 2749
f 2749 2725 2729
f 2749 2729 2753
f 2753 2729 2731
f 2702 2755 2703
f 2703 2755 2713
f 2706 2716 2701
f 2701 2716 2756
f 2755 2702 2756
f 2756 2702 2701
f 2756 2757 2755
f 2755 2757 2744
f 2757 2758 2744
f 2744 2758 2741
f 2759 2757 2716
f 2716 2757 2756
f 2743 2713 2744
f 2744 2713 2755
f 2760 2759 2715
f 2715 2759 2716
f 2715 2714 2760
f 2760 2714 2717
f 2760 2717 2761
f 2761 2717 2751
f 2761 2762 2760
f 2760 2762 2759
f 2763 2764 2761
f 2761 2764 2762
f 2762 2758 2759
f 2759 2758 2757
f 2758 2762 2765
f 2765 2762 2764
f 2752 2763 2751
f 2751 2763 2761
f 2763 2752 2766
f 2766 2752 2767
f 2768 2769 2766
f 2766 2769 2770
f 2764 2763 2770
f 2770 2763 2766
f 2766 2767 2768
f 2768 2767 2746
f 2747 2746 2754
f 2754 2746 2767
f 2752 2750 2767
f 2767 2750 2754
f 2758 2765 2741
f 2741 2765 2742
f 2769 2745 2765
f 2765 2745 2742
f 2769 2765 2770
f 2770 2765 2764
f 2768 2740 2769
f 2769 2740 2745
f 2746 2737 2768
f 2768 2737 2740
f 2201 2212 2200
f 2200 2212 2214
f 2201 2202 2212
f 2212 2202 2185
f 2512 2581 2191
f 2191 2581 2192
f 2059 2290 2056
f 2056 2290 2272
f 2174 2199 2294
f 2294 2199 2278
f 2063 2175 2194
f 2194 2175 2291
f 2192 2581 2133
f 2133 2581 2490
f 2133 2132 2192
f 2192 2132 2189
f 2054 2276 2055
f 2055 2276 2138
f 2083 2279 2084
f 2084 2279 2771
f 2771 2279 2599
f 2599 2279 2596
f 2606 2772 2599
f 2599 2772 2771
f 2772 2773 2771
f 2771 2773 2084
f 2773 2774 2084
f 2084 2774 2085
f 2085 2775 2082
f 2082 2775 2144
f 2774 2078 2085
f 2085 2078 2775
f 2078 2774 2079
f 2079 2774 2776
f 2774 2773 2776
f 2776 2773 2777
f 2773 2772 2777
f 2777 2772 2778
f 2190 2189 2609
f 2609 2189 2778
f 2053 2052 2779
f 2779 2052 2181
f 2144 2775 2081
f 2081 2775 2078
f 2294 2153 2174
f 2174 2153 2175
f 2132 2276 2189
f 2189 2276 2778
f 2606 2609 2772
f 2772 2609 2778
f 2195 2613 2698
f 2698 2613 2612
f 2596 2279 2698
f 2698 2279 2195
f 2054 2777 2276
f 2276 2777 2778
f 2777 2054 2776
f 2776 2054 2053
f 2053 2779 2776
f 2776 2779 2079
f 2779 2181 2079
f 2079 2181 2080
f 2181 2239 2080
f 2080 2239 2240
f 2122 2256 2014
f 2042 1982 2076
f 2076 1982 2007
f 1982 1985 2007
f 2007 1985 2008
f 2095 2097 2265
f 2265 2097 2266
f 2076 2050 2042
f 2042 2050 2047
f 2046 2043 2047
f 2047 2043 2042
f 2118 1993 2046
f 2046 1993 2043
f 1995 1994 2118
f 2118 1994 1993
f 2267 1992 2011
f 2011 1992 2012
f 1997 2012 1994
f 1994 2012 1992
f 2226 2013 1997
f 1997 2013 2012
f 2225 2087 2226
f 2226 2087 2013
f 2225 2232 2087
f 2087 2232 2288
f 2232 2070 2288
f 2288 2070 2252
f 2070 2025 2252
f 2252 2025 2253
f 1988 2249 2025
f 2025 2249 2253
f 2116 2115 2267
f 2267 2115 2268
f 2096 1984 2237
f 2237 1984 1991
f 2095 1985 2096
f 2096 1985 1984
f 2265 2008 2095
f 2095 2008 1985
f 2092 2009 2265
f 2265 2009 2008
f 2091 2286 2092
f 2092 2286 2009
f 2255 2238 2091
f 2091 2238 2286
f 2256 2239 2255
f 2255 2239 2238
f 2122 2240 2256
f 2256 2240 2239
f 2121 2241 2122
f 2122 2241 2240
f 2022 2018 2097
f 2097 2018 2266
f 2022 2024 2018
f 2018 2024 2019
f 2024 2072 2019
f 2019 2072 2073
f 2072 2228 2073
f 2073 2228 2230
f 2228 2184 2230
f 2230 2184 2183
f 2121 2285 2241
f 2241 2285 2258
f 2285 2036 2258
f 2258 2036 2257
f 2177 2145 2193
f 2193 2145 2257
f 2173 2193 2196
f 2196 2193 2037
f 2036 2037 2257
f 2257 2037 2193
f 2196 2037 2066
f 2066 2037 2035
f 2061 2108 2034
f 2034 2108 2067
f 2108 2208 2067
f 2067 2208 2204
f 2208 2210 2204
f 2204 2210 2203
f 2210 2280 2203
f 2203 2280 2186
f 2183 2186 2235
f 2235 2186 2280
f 1987 2114 1988
f 1988 2114 2249
f 2237 2115 1987
f 1987 2115 2114
f 1991 2268 2237
f 2237 2268 2115
f 1991 1990 2268
f 2268 1990 1992
f 107 110 2781
f 2781 110 2780
f 117 2782 118
f 118 2782 2783
f 119 2784 120
f 120 2784 2785
f 125 2786 126
f 126 2786 2787
f 127 2788 128
f 128 2788 2789
f 127 132 2788
f 2788 132 2790
f 231 230 2792
f 2792 230 2791
f 118 2783 119
f 119 2783 2784
f 241 243 2794
f 2794 243 2793
f 2781 2795 107
f 107 2795 352
f 120 2785 437
f 437 2785 2796
f 126 2787 110
f 110 2787 2780
f 455 2797 456
f 456 2797 2798
f 128 2789 457
f 457 2789 2799
f 456 2798 117
f 117 2798 2782
f 2794 2797 241
f 241 2797 455
f 457 2799 125
f 125 2799 2786
f 132 231 2790
f 2790 231 2792
f 230 437 2791
f 2791 437 2796
f 2792 2789 2790
f 2790 2789 2788
f 2785 2784 2801
f 2801 2784 2800
f 2786 2802 2787
f 2787 2802 2803
f 2792 2791 2805
f 2805 2791 2804
f 2784 2783 2800
f 2800 2783 2806
f 2785 2801 2796
f 2796 2801 2807
f 2787 2803 2780
f 2780 2803 2808
f 2789 2809 2799
f 2799 2809 2810
f 2799 2810 2786
f 2786 2810 2802
f 2791 2796 2804
f 2804 2796 2807
f 2789 2792 2809
f 2809 2792 2805
f 2812 2797 2811
f 2811 2797 2794
f 2809 2805 2810
f 2810 2805 2804
f 2810 2804 2802
f 2802 2804 2807
f 2802 2807 2803
f 2803 2807 2801
f 2808 2803 2800
f 2800 2803 2801
f 2814 699 2813
f 2813 699 698
f 2808 2815 2780
f 2780 2815 2781
f 2817 2782 2816
f 2816 2782 2798
f 2815 2818 2781
f 2781 2818 2795
f 2797 2812 2798
f 2798 2812 2816
f 2783 2782 2806
f 2806 2782 2817
f 2800 2806 2808
f 2808 2806 2815
f 2794 2793 2811
f 2811 2793 2819
f 174 201 384
f 384 201 362
f 200 1766 390
f 390 1766 1777
f 1777 1778 390
f 390 1778 398
f 1778 361 398
f 398 361 222
f 2820 2821 628
f 628 2821 629
f 1406 2820 790
f 790 2820 628
f 794 1415 1233
f 1233 1415 1234
f 1406 790 1407
f 1407 790 1312
f 1407 1312 2822
f 2822 1312 1316
f 2823 1380 1543
f 1543 1380 1379
f 1385 1738 1382
f 1382 1738 1383
f 1381 791 1382
f 1382 791 1386
f 791 794 1386
f 1386 794 1233
f 1259 1390 1260
f 1260 1390 1389
f 1905 1542 1394
f 1394 1542 1395
f 1410 1413 1397
f 1397 1413 1398
f 2821 1410 629
f 629 1410 1397
f 2823 2822 1380
f 1380 2822 1316
f 1392 1395 1378
f 1378 1395 1379
f 1738 1399 1383
f 1383 1399 1398
f 1388 1235 1389
f 1389 1235 1234
f 1393 1391 1394
f 1394 1391 1390
f 1381 1384 779
f 779 1384 780
f 1282 788 792
f 792 788 793
f 1431 1262 1432
f 1432 1262 1261
f 1400 1342 1408
f 1408 1342 1409
f 1508 1544 1411
f 1411 1544 1412
f 788 787 793
f 793 787 1414
f 2821 2820 1429
f 1429 2820 1430
f 2822 2823 1506
f 1506 2823 1507
f 778 1282 779
f 779 1282 792
f 2820 1406 1430
f 1430 1406 1409
f 1410 2821 1411
f 1411 2821 1429
f 1407 2822 1408
f 1408 2822 1506
f 1544 781 1412
f 1412 781 780
f 1260 1415 1261
f 1261 1415 1414
f 1334 2824 923
f 923 2824 924
f 2826 1268 2825
f 2825 1268 1267
f 769 1212 2827
f 2827 1212 2828
f 1492 1190 1266
f 1266 1190 1267
f 1488 2829 1489
f 1489 2829 2830
f 922 1329 923
f 923 1329 1328
f 1484 2831 1485
f 1485 2831 2832
f 1482 2833 1485
f 1485 2833 1486
f 1324 1493 1489
f 1489 1493 1490
f 1265 1491 1266
f 1266 1491 1490
f 2835 2836 2834
f 2834 2836 2837
f 1250 2838 2827
f 2827 2838 2839
f 1488 1491 2840
f 2840 1491 2841
f 1268 2826 2842
f 2842 2826 2843
f 2844 2845 1495
f 1495 2845 1496
f 1427 2847 2846
f 2846 2847 926
f 2829 1488 2848
f 2848 1488 2840
f 1329 922 2849
f 2849 922 927
f 2850 2851 768
f 768 2851 1213
f 1265 1268 2852
f 2852 1268 2842
f 1491 1265 2841
f 2841 1265 2852
f 2854 2855 2853
f 2853 2855 2856
f 2855 2857 2856
f 2856 2857 598
f 2857 2858 598
f 598 2858 595
f 2858 2859 595
f 595 2859 626
f 649 652 2860
f 2860 652 2861
f 639 642 2862
f 2862 642 2863
f 2864 705 2862
f 2862 705 639
f 2865 1418 2864
f 2864 1418 705
f 2866 2867 2865
f 2865 2867 1418
f 1760 1348 1761
f 1761 1348 2867
f 1764 2868 1197
f 1197 2868 1198
f 2869 611 2868
f 2868 611 1198
f 2870 612 2869
f 2869 612 611
f 1352 1350 944
f 944 1350 688
f 1350 1256 688
f 688 1256 685
f 1256 1255 685
f 685 1255 692
f 1255 2871 692
f 692 2871 2872
f 701 2873 698
f 698 2873 2813
f 2872 1349 692
f 692 1349 693
f 1696 1744 1574
f 1574 1744 1575
f 1753 1618 1577
f 1577 1618 1578
f 1729 1594 1608
f 1608 1594 1609
f 1725 1630 1611
f 1611 1630 1612
f 1604 1607 1625
f 1625 1607 1626
f 1624 1703 1625
f 1625 1703 1912
f 1703 1702 1912
f 1912 1702 1913
f 1702 1753 1913
f 1913 1753 1577
f 1598 1569 1915
f 1915 1569 1578
f 1616 1615 1915
f 1915 1615 1916
f 1615 1696 1916
f 1916 1696 1574
f 1744 1745 1575
f 1575 1745 1917
f 1745 1565 1917
f 1917 1565 1609
f 1568 1725 1608
f 1608 1725 1611
f 2874 1613 1918
f 1918 1613 1612
f 1607 2874 1626
f 1626 2874 1918
f 1610 1613 1562
f 1562 1613 1563
f 1547 1550 1570
f 1570 1550 1571
f 1573 1576 1580
f 1580 1576 1581
f 1553 1556 1595
f 1595 1556 1596
f 1556 1582 1596
f 1596 1582 1581
f 1551 1547 1599
f 1599 1547 1570
f 1731 1914 1601
f 1601 1914 1602
f 1686 1689 1605
f 1605 1689 1606
f 1598 1743 1599
f 1599 1743 1692
f 2874 1607 1723
f 1723 1607 1606
f 1727 1553 1730
f 1730 1553 1595
f 1600 1686 1601
f 1601 1686 1605
f 1914 1572 1602
f 1602 1572 1571
f 1579 1693 1580
f 1580 1693 1692
f 1613 2874 1563
f 1563 2874 1723
f 1561 1727 1562
f 1562 1727 1730
f 1949 1742 1548
f 1548 1742 1549
f 1694 1949 1552
f 1552 1949 1548
f 1954 1589 1554
f 1554 1589 1555
f 1693 1579 1558
f 1558 1579 1559
f 1561 1564 1584
f 1584 1564 1585
f 1582 1556 1588
f 1588 1556 1555
f 1600 1603 1591
f 1591 1603 1592
f 1981 1977 1687
f 1687 1977 1688
f 1564 1722 1585
f 1585 1722 1690
f 1551 1693 1552
f 1552 1693 1558
f 1751 1954 1728
f 1728 1954 1554
f 1590 1981 1591
f 1591 1981 1687
f 1603 1550 1592
f 1592 1550 1549
f 1977 1691 1688
f 1688 1691 1690
f 1587 1560 1588
f 1588 1560 1559
f 1727 1561 1728
f 1728 1561 1584
f 2875 1919 1947
f 1947 1919 1948
f 1557 1560 1952
f 1952 1560 1953
f 1933 1932 1955
f 1955 1932 1956
f 1587 1589 1958
f 1958 1589 1956
f 1959 1933 1965
f 1965 1933 1955
f 1961 1964 1966
f 1966 1964 1967
f 1981 1590 1969
f 1969 1590 1967
f 1742 1949 1972
f 1972 1949 1948
f 1593 1742 1966
f 1966 1742 1972
f 1957 1950 1958
f 1958 1950 1953
f 1583 1586 1974
f 1974 1586 1975
f 1940 1943 1978
f 1978 1943 1979
f 1943 1976 1979
f 1979 1976 1975
f 1951 2875 1952
f 1952 2875 1947
f 1968 1940 1969
f 1969 1940 1978
f 1973 1959 1974
f 1974 1959 1965
f 1923 1971 1920
f 1920 1971 1921
f 1919 2875 1920
f 1920 2875 1924
f 2875 1951 1924
f 1924 1951 1926
f 1950 1957 1929
f 1929 1957 1930
f 2244 2243 1934
f 1934 2243 1935
f 1973 1976 1937
f 1937 1976 1938
f 1944 1980 1941
f 1941 1980 1942
f 1940 1968 1941
f 1941 1968 1945
f 2287 2244 1960
f 1960 2244 1934
f 1970 2245 1962
f 1962 2245 1963
f 2243 1931 1935
f 1935 1931 1930
f 1927 1926 1928
f 1928 1926 1929
f 1961 1922 1962
f 1962 1922 1921
f 2245 1946 1963
f 1963 1946 1945
f 1976 1943 1938
f 1938 1943 1942
f 1936 2287 1937
f 1937 2287 1960
f 743 1238 608
f 608 1238 609
f 607 1811 608
f 608 1811 744
f 1304 2876 1305
f 1305 2876 2877
f 586 585 1298
f 1298 585 1299
f 585 702 1299
f 1299 702 1300
f 702 1428 1300
f 1300 1428 1301
f 1238 586 609
f 609 586 1298
f 2878 2879 1218
f 1218 2879 2877
f 2880 2881 1812
f 1812 2881 1819
f 2883 1821 2882
f 2882 1821 1820
f 2840 2841 620
f 620 2841 621
f 2842 2843 795
f 795 2843 796
f 892 895 2844
f 2844 895 2845
f 2848 2840 942
f 942 2840 620
f 2849 927 1202
f 1202 927 1203
f 2852 2842 1270
f 1270 2842 795
f 2841 2852 621
f 621 2852 1270
f 941 1759 942
f 942 1759 2884
f 659 929 1427
f 1427 929 2847
f 1237 2851 751
f 751 2851 2850
f 1216 2885 1217
f 1217 2885 1754
f 2887 734 2886
f 2886 734 733
f 2889 1816 2888
f 2888 1816 1815
f 2890 1245 2889
f 2889 1245 1816
f 1824 2891 1825
f 1825 2891 1246
f 2892 2893 2895
f 2895 2893 2894
f 1854 1833 1851
f 1851 1833 1832
f 1851 1832 1884
f 1884 1832 1876
f 1884 1876 1441
f 1441 1876 1443
f 1441 1443 1442
f 1442 1443 1446
f 1442 1446 2896
f 2896 1446 1507
f 2897 2823 2898
f 2898 2823 1543
f 1542 2899 1543
f 1543 2899 2898
f 1542 1905 2899
f 2899 1905 2900
f 1905 1259 2900
f 2900 1259 2901
f 1262 1431 2902
f 2902 1431 1904
f 1431 1434 1904
f 1904 1434 1902
f 1902 1434 2903
f 2903 1434 719
f 2903 719 2904
f 2904 719 718
f 1869 1881 718
f 718 1881 2904
f 1881 1869 1880
f 1880 1869 756
f 1880 756 2905
f 2905 756 755
f 2905 755 2906
f 2906 755 758
f 762 2907 763
f 763 2907 2908
f 724 723 2909
f 2909 723 894
f 796 895 723
f 723 895 894
f 2843 2845 796
f 796 2845 895
f 2826 1496 2843
f 2843 1496 2845
f 2825 1497 2826
f 2826 1497 1496
f 1189 2836 2825
f 2825 2836 1497
f 797 891 798
f 798 891 2837
f 802 888 797
f 797 888 891
f 2910 2911 2913
f 2913 2911 2912
f 1780 1783 2915
f 2915 1783 2914
f 2916 2917 831
f 831 2917 832
f 2918 2919 845
f 845 2919 846
f 2920 2916 847
f 847 2916 831
f 2921 2922 857
f 857 2922 858
f 2923 2924 860
f 860 2924 861
f 2919 2912 846
f 846 2912 887
f 2925 2920 940
f 940 2920 847
f 2924 2926 861
f 861 2926 1204
f 2917 2918 832
f 832 2918 845
f 2927 2928 1449
f 1449 2928 1450
f 2929 2930 889
f 889 2930 2931
f 2896 1507 2897
f 2897 1507 2823
f 2902 2901 1262
f 1262 2901 1259
f 2932 2933 750
f 750 2933 1236
f 2933 2934 1236
f 1236 2934 1835
f 2936 2937 2935
f 2935 2937 2938
f 2940 2941 2939
f 2939 2941 2942
f 2943 2944 1841
f 1841 2944 1842
f 2945 1860 2944
f 2944 1860 1842
f 2945 2946 1860
f 1860 2946 1859
f 1889 2947 1890
f 1890 2947 1856
f 1856 2947 1857
f 1857 2947 2948
f 2950 709 2949
f 2949 709 1829
f 2952 730 2951
f 2951 730 729
f 2866 2953 2867
f 2867 2953 1761
f 2953 2954 1761
f 1761 2954 1420
f 2954 2955 1420
f 1420 2955 742
f 2955 2956 742
f 742 2956 739
f 2956 2957 739
f 739 2957 760
f 2957 2958 760
f 760 2958 761
f 2958 2959 761
f 761 2959 2960
f 2959 2961 2960
f 2960 2961 2962
f 2963 2964 1839
f 1839 2964 1840
f 2964 2965 1840
f 1840 2965 2942
f 2966 2950 2939
f 2939 2950 2949
f 2935 2967 2936
f 2936 2967 2968
f 2969 2970 736
f 736 2970 735
f 734 2887 1815
f 1815 2887 2888
f 2887 2882 2888
f 2888 2882 2881
f 1819 1820 1817
f 1817 1820 748
f 1195 1757 1197
f 1197 1757 1424
f 1757 647 1424
f 1424 647 646
f 647 648 646
f 646 648 643
f 648 1271 643
f 643 1271 737
f 1271 725 737
f 737 725 765
f 725 724 765
f 765 724 762
f 762 724 2907
f 2907 724 2909
f 1254 1437 2909
f 2909 1437 2907
f 1438 1253 1836
f 1836 1253 1835
f 1836 1835 2938
f 2938 1835 2934
f 2971 2972 2935
f 2935 2972 2967
f 897 896 2969
f 2969 896 2970
f 1815 1814 734
f 734 1814 731
f 728 1215 896
f 896 1215 732
f 2885 1216 733
f 733 1216 2886
f 1216 1219 2886
f 2886 1219 2883
f 2876 1304 1821
f 1821 1304 749
f 1304 1303 749
f 749 1303 746
f 1818 2973 1817
f 1817 2973 1810
f 747 2974 1818
f 1818 2974 2973
f 747 746 2974
f 2974 746 1303
f 2976 2977 2975
f 2975 2977 2978
f 2976 2979 2901
f 2901 2979 2900
f 2980 2981 2982
f 2982 2981 2979
f 2981 2980 2983
f 2983 2980 2984
f 2985 2897 2983
f 2983 2897 2898
f 2987 2988 2986
f 2986 2988 2985
f 2896 2988 1442
f 1442 2988 1439
f 1903 2977 1904
f 1904 2977 2902
f 1856 1855 1890
f 1890 1855 2989
f 2989 2990 1890
f 1890 2990 1359
f 2990 2991 1359
f 1359 2991 1356
f 2946 2992 1859
f 1859 2992 1893
f 2992 2993 1893
f 1893 2993 775
f 2993 2994 775
f 775 2994 776
f 2986 1356 2987
f 2987 1356 2991
f 2975 2978 776
f 776 2978 777
f 2982 2994 2980
f 2980 2994 2995
f 1357 2984 2995
f 2995 2984 2980
f 2995 2996 1357
f 1357 2996 1358
f 2996 2997 1358
f 1358 2997 1889
f 2998 2999 2932
f 2932 2999 2933
f 2999 2971 2933
f 2933 2971 2934
f 1837 1836 2937
f 2937 1836 2938
f 2943 1841 2941
f 2941 1841 1838
f 3001 2944 3000
f 3000 2944 2943
f 3001 3002 2944
f 2944 3002 2945
f 3002 3003 2945
f 2945 3003 2946
f 2997 3003 1889
f 1889 3003 2947
f 2947 3003 2948
f 2948 3003 3002
f 3001 3004 3002
f 3002 3004 2948
f 3000 3005 3001
f 3001 3005 3004
f 2940 3006 3000
f 3000 3006 3005
f 2999 3007 2971
f 2971 3007 2972
f 2998 2951 2999
f 2999 2951 3007
f 3008 2952 2998
f 2998 2952 2951
f 2966 2965 2936
f 2936 2965 2937
f 2935 2938 2971
f 2971 2938 2934
f 3003 2997 2946
f 2946 2997 2992
f 2997 2996 2992
f 2992 2996 2993
f 2996 2995 2993
f 2993 2995 2994
f 1356 2986 1357
f 1357 2986 2984
f 2982 2975 2994
f 2994 2975 776
f 1844 1843 1899
f 1899 1843 3009
f 1843 638 3009
f 3009 638 3010
f 638 637 3010
f 3010 637 3011
f 637 1830 3011
f 3011 1830 3012
f 1830 1833 3012
f 3012 1833 2894
f 1833 1854 2894
f 2894 1854 2895
f 1854 1853 2895
f 2895 1853 1888
f 1858 1857 1885
f 1885 1857 1892
f 1899 3009 1898
f 1898 3009 1874
f 3009 3010 1874
f 1874 3010 1865
f 3010 3011 1865
f 1865 3011 1862
f 3011 3012 1862
f 1862 3012 1882
f 3012 2894 1882
f 1882 2894 2893
f 1850 2890 782
f 782 2890 2889
f 783 2880 1811
f 1811 2880 1812
f 744 1810 745
f 745 1810 2973
f 745 2973 805
f 805 2973 806
f 2973 2974 806
f 806 2974 815
f 1303 812 2974
f 2974 812 815
f 1303 1302 812
f 812 1302 1221
f 1307 3013 1302
f 1302 3013 1221
f 1734 3014 1633
f 1633 3014 1634
f 1646 1649 1636
f 1636 1649 1637
f 1654 1657 1641
f 1641 1657 1642
f 1639 1736 1636
f 1636 1736 1684
f 1716 1713 1698
f 1698 1713 1699
f 1718 1721 1705
f 1705 1721 1706
f 1653 1654 1709
f 1709 1654 1641
f 1620 1623 1714
f 1714 1623 1699
f 1712 1682 1714
f 1714 1682 1740
f 1668 1671 1746
f 1746 1671 1747
f 1752 1650 1749
f 1749 1650 1750
f 1750 1650 1709
f 1709 1650 1653
f 1632 1668 1633
f 1633 1668 1746
f 1649 1752 1637
f 1637 1752 1749
f 1682 1643 1740
f 1740 1643 1642
f 3014 1685 1634
f 1634 1685 1684
f 1704 1748 1705
f 1705 1748 1747
f 1697 1707 1698
f 1698 1707 1706
f 1739 1701 1621
f 1621 1701 1622
f 1567 1566 1647
f 1647 1566 1648
f 1664 1695 1651
f 1651 1695 1652
f 1614 1617 1655
f 1655 1617 1656
f 1704 1707 1659
f 1659 1707 1660
f 3014 1734 1662
f 1662 1734 1663
f 1650 1752 1651
f 1651 1752 1665
f 1741 1657 1667
f 1667 1657 1656
f 1695 1614 1652
f 1652 1614 1655
f 1724 1567 1726
f 1726 1567 1647
f 1645 1628 1733
f 1733 1628 1663
f 1685 3014 1726
f 1726 3014 1662
f 1620 1741 1621
f 1621 1741 1667
f 1566 1666 1648
f 1648 1666 1665
f 1658 1737 1659
f 1659 1737 1901
f 1911 1661 1910
f 1910 1661 1660
f 1701 1911 1622
f 1622 1911 1910
f 1732 1748 1733
f 1733 1748 1901
f 1857 2948 1892
f 1892 2948 3004
f 1892 3004 1891
f 1891 3004 3005
f 1828 3006 1829
f 1829 3006 2949
f 2967 736 2968
f 2968 736 710
f 2972 2969 2967
f 2967 2969 736
f 2969 2972 897
f 897 2972 3007
f 897 3007 729
f 729 3007 2951
f 3016 753 3015
f 3015 753 752
f 3018 767 3017
f 3017 767 766
f 3019 3020 1249
f 1249 3020 3021
f 2915 2914 3019
f 3019 2914 3020
f 3023 2914 3022
f 3022 2914 1783
f 2827 2839 769
f 769 2839 766
f 3025 2838 3024
f 3024 2838 3021
f 768 767 2850
f 2850 767 3026
f 2850 3026 751
f 751 3026 752
f 750 753 2932
f 2932 753 3027
f 3008 2998 3027
f 3027 2998 2932
f 3028 3029 3008
f 3008 3029 2952
f 3029 3030 2952
f 2952 3030 730
f 3032 3033 3031
f 3031 3033 3034
f 3036 3037 3035
f 3035 3037 3038
f 2870 3039 612
f 612 3039 3040
f 3041 3042 3031
f 3031 3042 3038
f 3034 1352 3043
f 3043 1352 944
f 612 3040 613
f 613 3040 3044
f 613 3044 1425
f 1425 3044 1422
f 3045 3042 669
f 669 3042 670
f 3041 3043 599
f 599 3043 600
f 772 771 1544
f 1544 771 781
f 1503 771 1866
f 1866 771 770
f 771 1503 781
f 781 1503 778
f 61 281 416
f 416 281 1907
f 283 103 3046
f 3046 103 3047
f 76 79 3048
f 3048 79 3049
f 280 76 1906
f 1906 76 3048
f 3051 335 3050
f 3050 335 334
f 3053 417 3052
f 3052 417 416
f 3055 435 3054
f 3054 435 434
f 428 435 419
f 419 435 1908
f 420 1909 293
f 293 1909 443
f 79 294 3049
f 3049 294 444
f 3057 444 3056
f 3056 444 443
f 3051 3058 335
f 335 3058 452
f 216 215 1332
f 1332 215 452
f 308 283 462
f 462 283 3046
f 3050 334 3059
f 3059 334 462
f 103 62 3047
f 3047 62 417
f 313 312 434
f 434 312 463
f 3061 574 3060
f 3060 574 573
f 1310 3062 1428
f 1428 3062 3063
f 1258 3064 1255
f 1255 3064 2871
f 932 3065 2853
f 2853 3065 3066
f 699 2814 931
f 931 2814 3067
f 3068 1301 3063
f 3063 1301 1428
f 571 574 1310
f 1310 574 3062
f 3060 573 3069
f 3069 573 1332
f 3070 3071 1906
f 1906 3071 1907
f 3072 3073 1908
f 1908 3073 1909
f 3075 2814 3074
f 3074 2814 2813
f 2854 3076 1258
f 1258 3076 3064
f 2871 3077 2872
f 2872 3077 3078
f 3074 2813 3079
f 3079 2813 2873
f 2872 3078 1349
f 1349 3078 3080
f 2873 701 3068
f 3068 701 1301
f 1330 1201 3080
f 3080 1201 1349
f 1264 1263 3081
f 3081 1263 3082
f 3083 3084 3082
f 3082 3084 3081
f 811 1448 3086
f 3086 1448 3085
f 808 811 3087
f 3087 811 3086
f 3088 3083 833
f 833 3083 3082
f 884 3089 885
f 885 3089 3090
f 3087 1790 808
f 808 1790 816
f 1790 3087 1787
f 1787 3087 3091
f 3092 3091 3086
f 3086 3091 3087
f 3093 3094 3084
f 3084 3094 3095
f 3089 3096 3090
f 3090 3096 3088
f 3097 3093 3083
f 3083 3093 3084
f 3099 3100 3098
f 3098 3100 1786
f 3101 1788 2913
f 2913 1788 3102
f 838 837 885
f 885 837 886
f 886 837 3103
f 3103 837 1541
f 3094 3093 3104
f 3104 3093 3097
f 3105 3106 3089
f 3089 3106 3096
f 3108 3109 3107
f 3107 3109 3110
f 3111 3112 3091
f 3091 3112 1787
f 3114 3108 3113
f 3113 3108 3107
f 3114 3115 3112
f 3112 3115 3102
f 3091 3092 3111
f 3111 3092 3116
f 839 838 835
f 835 838 836
f 885 3090 838
f 838 3090 836
f 3110 3117 1247
f 1247 3117 3118
f 1247 3118 1248
f 1248 3118 3119
f 3120 3121 3119
f 3119 3121 1248
f 1247 844 3110
f 3110 844 3107
f 844 843 3107
f 3107 843 3113
f 843 3099 3113
f 3113 3099 3122
f 1781 3123 3098
f 3098 3123 3124
f 2915 2931 1780
f 1780 2931 2930
f 3019 3125 2915
f 2915 3125 2931
f 890 3125 2834
f 2834 3125 1252
f 3125 3019 1252
f 1252 3019 1249
f 907 908 946
f 946 908 947
f 1185 1188 1369
f 1369 1188 948
f 954 957 951
f 951 957 952
f 910 965 953
f 953 965 950
f 905 958 960
f 960 958 961
f 3126 978 949
f 949 978 962
f 936 935 967
f 967 935 968
f 994 993 969
f 969 993 966
f 902 904 971
f 971 904 972
f 983 985 973
f 973 985 970
f 906 905 974
f 974 905 960
f 977 981 959
f 959 981 975
f 911 910 1143
f 1143 910 953
f 952 957 1142
f 1142 957 1145
f 911 1143 1366
f 1366 1143 1368
f 1185 1369 1145
f 1145 1369 1142
f 993 1519 966
f 966 1519 1456
f 965 1454 950
f 950 1454 1457
f 900 899 1459
f 1459 899 1460
f 988 991 1461
f 1461 991 1458
f 899 963 1460
f 1460 963 1462
f 985 987 970
f 970 987 1463
f 904 906 972
f 972 906 974
f 981 983 975
f 975 983 973
f 935 900 968
f 968 900 1459
f 991 994 1458
f 1458 994 969
f 1154 1526 1088
f 1088 1526 1089
f 1109 1112 1092
f 1092 1112 1093
f 1083 1098 1084
f 1084 1098 1097
f 1078 1471 1100
f 1100 1471 1101
f 1075 1078 1104
f 1104 1078 1100
f 1152 1154 1156
f 1156 1154 1088
f 1156 1155 1372
f 1372 1155 1373
f 1372 1373 1104
f 1104 1373 1075
f 1467 1109 1465
f 1465 1109 1092
f 1465 1182 1468
f 1468 1182 1184
f 1474 1470 1096
f 1096 1470 1097
f 1102 1101 1083
f 1083 1101 1098
f 1112 1531 1093
f 1093 1531 1529
f 1102 1073 1099
f 1099 1073 1072
f 1526 1154 1079
f 1079 1154 1080
f 1081 1091 1082
f 1082 1091 1094
f 1069 1068 1085
f 1085 1068 1086
f 1153 1151 1080
f 1080 1151 1058
f 1371 1177 1179
f 1179 1177 1176
f 1099 1072 1103
f 1103 1072 1176
f 1068 1071 1086
f 1086 1071 1073
f 1085 1084 1180
f 1180 1084 1469
f 1066 1065 1183
f 1183 1065 1181
f 1153 1152 1177
f 1177 1152 1178
f 1091 1081 1182
f 1182 1081 1183
f 1057 1525 1079
f 1079 1525 1527
f 1120 1117 1076
f 1076 1117 1077
f 1087 1090 1107
f 1107 1090 1108
f 1127 1126 1110
f 1110 1126 1111
f 1095 1116 1096
f 1096 1116 1115
f 1471 1078 1119
f 1119 1078 1077
f 1087 1107 1155
f 1155 1107 1158
f 1376 1374 1157
f 1157 1374 1158
f 1076 1075 1374
f 1374 1075 1373
f 1109 1467 1110
f 1110 1467 1472
f 1467 1466 1472
f 1472 1466 1473
f 1135 1475 1114
f 1114 1475 1115
f 1471 1119 1095
f 1095 1119 1116
f 1126 1532 1111
f 1111 1532 1530
f 914 1276 1480
f 1480 1276 1517
f 3127 3128 1223
f 1223 3128 1224
f 824 933 1455
f 1455 933 3129
f 3131 1448 3130
f 3130 1448 1447
f 3132 3133 1452
f 1452 3133 1453
f 3130 1447 1322
f 1322 1447 1455
f 933 1514 3129
f 3129 1514 3134
f 1161 3135 1480
f 1480 3135 1481
f 3128 3136 1224
f 1224 3136 1499
f 3133 1162 1453
f 1453 1162 1517
f 1515 3127 1535
f 1535 3127 1223
f 3095 3085 3131
f 3131 3085 1448
f 3137 3092 3085
f 3085 3092 3086
f 3138 3116 3137
f 3137 3116 3092
f 3110 3109 3117
f 3117 3109 3139
f 3105 3140 3117
f 3117 3140 3118
f 3140 3141 3118
f 3118 3141 3119
f 3142 3120 3141
f 3141 3120 3119
f 1498 3143 1277
f 1277 3143 882
f 3144 3145 1340
f 1340 3145 1339
f 1340 3146 3144
f 3144 3146 3147
f 3145 3144 3143
f 3143 3144 3148
f 871 901 872
f 872 901 1362
f 3149 3148 3147
f 3147 3148 3144
f 1208 3150 1209
f 3098 1786 1781
f 1781 1786 1782
f 2930 2929 3123
f 3123 2929 2911
f 1794 1791 2916
f 2916 1791 2917
f 1793 3101 2918
f 2918 3101 2919
f 1796 1794 2920
f 2920 1794 2916
f 3151 3152 2921
f 2921 3152 2922
f 3153 3154 2923
f 2923 3154 2924
f 2919 3101 2912
f 2912 3101 2913
f 3155 1796 2925
f 2925 1796 2920
f 3154 3156 2924
f 2924 3156 2926
f 1791 1793 2917
f 2917 1793 2918
f 3157 3158 2927
f 2927 3158 2928
f 1780 2930 1781
f 1781 2930 3123
f 2825 1267 1189
f 1189 1267 1190
f 2827 2828 1250
f 1250 2828 1251
f 1489 2830 1324
f 1324 2830 1325
f 923 1328 1334
f 1334 1328 1335
f 1485 2832 1482
f 1482 2832 1483
f 1266 1490 1492
f 1492 1490 1493
f 1333 1346 1334
f 1334 1346 2824
f 722 799 1492
f 1492 799 1190
f 664 657 1482
f 1482 657 2833
f 631 634 1324
f 1324 634 1493
f 2828 1494 1251
f 1251 1494 2835
f 1249 3021 1250
f 1250 3021 2838
f 798 2837 1189
f 1189 2837 2836
f 3100 842 3160
f 3160 842 3159
f 1788 3101 1789
f 1789 3101 1793
f 1792 816 1789
f 1789 816 1790
f 817 816 1795
f 1795 816 1792
f 938 817 1797
f 1797 817 1795
f 1796 3155 1797
f 1797 3155 1798
f 3155 3158 1798
f 1798 3158 1799
f 3157 3152 1801
f 1801 3152 1802
f 3151 3156 1803
f 1803 3156 1804
f 3154 3153 1805
f 1805 3153 1806
f 3153 3161 1806
f 1806 3161 1807
f 3099 843 3100
f 3100 843 842
f 1788 1787 3102
f 3102 1787 3112
f 2910 3115 3124
f 3124 3115 3122
f 3099 3098 3122
f 3122 3098 3124
f 416 1907 3052
f 3052 1907 3071
f 3046 3047 3163
f 3163 3047 3162
f 249 445 259
f 259 445 3164
f 425 3165 424
f 424 3165 461
f 408 410 329
f 329 410 330
f 39 331 40
f 40 331 332
f 305 304 423
f 423 304 464
f 385 254 458
f 458 254 392
f 250 415 251
f 251 415 412
f 233 337 234
f 234 337 3166
f 435 3055 1908
f 1908 3055 3072
f 443 1909 3056
f 3056 1909 3073
f 3167 3049 3057
f 3057 3049 444
f 452 3058 1332
f 1332 3058 3069
f 234 3166 346
f 346 3166 411
f 3046 3163 462
f 462 3163 3059
f 259 3164 260
f 260 3164 336
f 3047 417 3162
f 3162 417 3053
f 463 3168 434
f 434 3168 3054
f 454 830 425
f 425 830 3165
f 3062 3169 3063
f 3063 3169 3170
f 1355 1354 1534
f 1534 1354 3171
f 3063 3170 3068
f 3068 3170 3172
f 574 3061 3062
f 3062 3061 3169
f 1534 3171 1535
f 1535 3171 3173
f 3079 2873 3172
f 3172 2873 3068
f 2838 3025 2839
f 2839 3025 3174
f 3176 3177 3175
f 3175 3177 3178
f 3180 1125 3179
f 3179 1125 1128
f 3182 3183 3181
f 3181 3183 3184
f 1134 3185 1130
f 1130 3185 3182
f 3186 3187 3189
f 3189 3187 3188
f 3191 3189 3190
f 3190 3189 3188
f 1137 1122 3190
f 3190 1122 3192
f 3175 3178 3193
f 3193 3178 3194
f 3181 3184 3179
f 3179 3184 3195
f 3197 3198 3196
f 3196 3198 3180
f 3200 3178 3199
f 3199 3178 3177
f 3202 3196 3201
f 3201 3196 3195
f 3204 3184 3203
f 3203 3184 3183
f 3206 3207 3205
f 3205 3207 3186
f 3205 3186 3208
f 3208 3186 3189
f 3209 3208 3191
f 3191 3208 3189
f 3210 3194 3200
f 3200 3194 3178
f 3201 3195 3204
f 3204 3195 3184
f 3197 3211 3177
f 3177 3211 3199
f 3213 3214 3212
f 3212 3214 3215
f 3217 3218 3216
f 3216 3218 3219
f 3221 3222 3220
f 3220 3222 3223
f 3225 3226 3224
f 3224 3226 3227
f 3229 3230 3228
f 3228 3230 3231
f 3233 3234 3232
f 3232 3234 3235
f 3237 3238 3236
f 3236 3238 3239
f 3238 3240 3239
f 3239 3240 3241
f 3232 3235 3242
f 3242 3235 3243
f 3245 3246 3244
f 3244 3246 3247
f 3248 3249 3245
f 3245 3249 3246
f 3251 3252 3250
f 3250 3252 3253
f 3255 3252 3254
f 3254 3252 3251
f 3256 3257 3259
f 3259 3257 3258
f 3261 3262 3260
f 3260 3262 3263
f 3265 3263 3264
f 3264 3263 3262
f 3256 3259 3266
f 3266 3259 3267
f 3269 3270 3268
f 3268 3270 3271
f 3269 3272 3270
f 3270 3272 3273
f 3274 3275 3277
f 3277 3275 3276
f 3278 3279 3276
f 3276 3279 3277
f 3281 3282 3280
f 3280 3282 3283
f 3280 3284 3281
f 3281 3284 3285
f 3287 3288 3286
f 3286 3288 3289
f 3290 3291 3288
f 3288 3291 3289
f 3234 3218 3235
f 3235 3218 3217
f 3232 3292 3233
f 3233 3292 3293
f 3239 3294 3236
f 3236 3294 3219
f 3233 3293 3237
f 3237 3293 3295
f 3296 3294 3241
f 3241 3294 3239
f 3240 3238 3297
f 3297 3238 3298
f 3217 3216 3235
f 3235 3216 3243
f 3297 3299 3240
f 3240 3299 3242
f 3246 3300 3247
f 3247 3300 3223
f 3301 3302 3254
f 3254 3302 3244
f 3249 3303 3246
f 3246 3303 3300
f 3245 3304 3248
f 3248 3304 3292
f 3252 3221 3253
f 3253 3221 3220
f 3250 3248 3299
f 3299 3248 3292
f 3222 3221 3255
f 3255 3221 3252
f 3297 3301 3251
f 3251 3301 3254
f 3258 3214 3259
f 3259 3214 3213
f 3257 3256 3304
f 3304 3256 3305
f 3263 3306 3260
f 3260 3306 3215
f 3261 3257 3302
f 3302 3257 3304
f 3307 3306 3265
f 3265 3306 3263
f 3262 3301 3264
f 3264 3301 3308
f 3259 3213 3267
f 3267 3213 3212
f 3308 3309 3264
f 3264 3309 3266
f 3270 3310 3271
f 3271 3310 3231
f 3311 3312 3278
f 3278 3312 3268
f 3270 3273 3310
f 3310 3273 3313
f 3272 3269 3305
f 3305 3269 3314
f 3277 3229 3274
f 3274 3229 3228
f 3275 3272 3309
f 3309 3272 3305
f 3279 3230 3277
f 3277 3230 3229
f 3276 3308 3278
f 3278 3308 3311
f 3281 3315 3282
f 3282 3315 3227
f 3290 3316 3283
f 3283 3316 3317
f 3281 3285 3315
f 3315 3285 3318
f 3284 3280 3314
f 3314 3280 3319
f 3289 3225 3286
f 3286 3225 3224
f 3287 3284 3312
f 3284 3314 3312
f 3291 3226 3289
f 3289 3226 3225
f 3288 3311 3290
f 3290 3311 3316
f 3212 3215 3307
f 3307 3215 3306
f 3294 3296 3219
f 3219 3296 3216
f 3303 3220 3300
f 3300 3220 3223
f 3224 3227 3318
f 3318 3227 3315
f 3228 3231 3313
f 3313 3231 3310
f 3234 3233 3236
f 3236 3233 3237
f 3243 3241 3242
f 3242 3241 3240
f 3247 3255 3244
f 3244 3255 3254
f 3253 3249 3250
f 3250 3249 3248
f 3260 3258 3261
f 3261 3258 3257
f 3266 3267 3264
f 3264 3267 3265
f 3268 3271 3278
f 3278 3271 3279
f 3274 3273 3275
f 3275 3273 3272
f 3283 3282 3290
f 3290 3282 3291
f 3286 3285 3287
f 3287 3285 3284
f 3218 3234 3219
f 3219 3234 3236
f 3295 3298 3237
f 3237 3298 3238
f 3216 3296 3243
f 3243 3296 3241
f 3242 3299 3232
f 3232 3299 3292
f 3223 3222 3247
f 3247 3222 3255
f 3244 3302 3245
f 3245 3302 3304
f 3303 3249 3220
f 3220 3249 3253
f 3297 3251 3299
f 3299 3251 3250
f 3215 3214 3260
f 3260 3214 3258
f 3301 3262 3302
f 3302 3262 3261
f 3212 3307 3267
f 3267 3307 3265
f 3266 3309 3256
f 3256 3309 3305
f 3271 3231 3279
f 3279 3231 3230
f 3268 3312 3269
f 3269 3312 3314
f 3228 3313 3274
f 3274 3313 3273
f 3308 3276 3309
f 3309 3276 3275
f 3282 3227 3291
f 3291 3227 3226
f 3317 3319 3283
f 3283 3319 3280
f 3224 3318 3286
f 3286 3318 3285
f 3312 3311 3287
f 3311 3288 3287
f 3320 3321 3194
f 3194 3321 3193
f 1375 3321 1121
f 1121 3321 3322
f 3323 3324 3322
f 3322 3324 3192
f 3175 1124 3176
f 3176 1124 1123
f 3179 3195 3180
f 3180 3195 3196
f 3181 1131 3182
f 3182 1131 1130
f 3207 3185 3186
f 3186 3185 3187
f 1136 3188 1133
f 1133 3188 3187
f 3190 3188 1137
f 1137 3188 1136
f 3193 1159 3175
f 3175 1159 1124
f 3179 1128 3181
f 3181 1128 1131
f 1533 3198 1123
f 1123 3198 3176
f 3321 1375 3193
f 3193 1375 1159
f 3321 3320 3322
f 3322 3320 3323
f 1122 1121 3192
f 3192 1121 3322
f 3194 3210 3320
f 3320 3210 3325
f 3324 3323 3327
f 3327 3323 3326
f 3320 3325 3323
f 3323 3325 3326
f 3208 3328 3205
f 3205 3328 3329
f 3330 3206 3329
f 3329 3206 3205
f 3203 3331 3204
f 3204 3331 3332
f 3210 3333 3325
f 3325 3333 3334
f 3325 3334 3326
f 3326 3334 3335
f 3327 3326 3336
f 3336 3326 3335
f 3327 3209 3324
f 3324 3209 3191
f 3190 3192 3191
f 3191 3192 3324
f 3338 3339 3337
f 3337 3339 3340
f 3338 3341 3339
f 3339 3341 3342
f 3341 3343 3342
f 3342 3343 3344
f 3343 3345 3344
f 3344 3345 3346
f 3345 3347 3346
f 3346 3347 3348
f 3347 3349 3348
f 3348 3349 3350
f 3337 3340 3351
f 3351 3340 3352
f 3351 3352 3353
f 3353 3352 3354
f 3353 3354 3355
f 3355 3354 3356
f 3350 3349 3357
f 3357 3349 3358
f 3355 3356 3359
f 3359 3356 3360
f 3359 3360 3361
f 3361 3360 3362
f 3361 3362 3363
f 3363 3362 3364
f 3363 3364 3358
f 3358 3364 3357
f 3339 3342 3365
f 3365 3342 3366
f 3342 3344 3366
f 3366 3344 3367
f 3344 3346 3367
f 3367 3346 3368
f 3346 3348 3368
f 3368 3348 3369
f 3348 3350 3369
f 3369 3350 3370
f 3368 3369 3371
f 3371 3369 3372
f 3369 3370 3372
f 3372 3370 3373
f 3373 3374 3372
f 3372 3374 3375
f 3377 3378 3376
f 3376 3378 3379
f 3377 3375 3378
f 3378 3375 3374
f 3375 3380 3372
f 3372 3380 3371
f 3377 3381 3375
f 3375 3381 3380
f 3376 3382 3377
f 3377 3382 3381
f 3384 3385 3383
f 3383 3385 3386
f 3384 3383 3388
f 3388 3383 3387
f 3388 3387 3389
f 3389 3387 3390
f 3392 3385 3391
f 3391 3385 3384
f 3388 3393 3384
f 3384 3393 3391
f 3389 3394 3388
f 3388 3394 3393
f 3389 3395 3394
f 3394 3395 3396
f 3395 3389 3397
f 3397 3389 3390
f 3339 3365 3340
f 3340 3365 3398
f 3340 3398 3352
f 3352 3398 3399
f 3371 3400 3368
f 3368 3400 3367
f 3400 3401 3367
f 3367 3401 3366
f 3366 3401 3365
f 3365 3401 3402
f 3398 3365 3403
f 3403 3365 3402
f 3398 3403 3399
f 3399 3403 3404
f 3403 3405 3404
f 3404 3405 3406
f 3352 3399 3354
f 3354 3399 3407
f 3399 3404 3407
f 3407 3404 3408
f 3404 3406 3408
f 3408 3406 3409
f 3405 3410 3406
f 3406 3410 3411
f 3410 3412 3411
f 3411 3412 3413
f 3397 3414 3395
f 3395 3414 3415
f 3417 3415 3416
f 3416 3415 3412
f 3410 3418 3412
f 3412 3418 3416
f 3410 3405 3418
f 3418 3405 3419
f 3405 3403 3419
f 3419 3403 3402
f 3370 3350 3420
f 3420 3350 3357
f 3373 3370 3421
f 3421 3370 3420
f 3374 3373 3422
f 3422 3373 3421
f 3378 3374 3423
f 3423 3374 3422
f 3378 3423 3379
f 3379 3423 3424
f 3424 3425 3379
f 3379 3425 3386
f 3383 3426 3387
f 3387 3426 3427
f 3387 3427 3390
f 3390 3427 3428
f 3390 3428 3397
f 3397 3428 3429
f 3429 3430 3397
f 3397 3430 3414
f 3411 3413 3431
f 3431 3413 3432
f 3406 3411 3409
f 3409 3411 3431
f 3401 3400 3335
f 3335 3400 3336
f 3401 3335 3402
f 3402 3335 3334
f 3402 3334 3419
f 3419 3334 3333
f 3419 3333 3418
f 3418 3333 3433
f 3418 3433 3416
f 3416 3433 3434
f 3435 3417 3434
f 3434 3417 3416
f 3394 3396 3436
f 3436 3396 3437
f 3393 3394 3332
f 3332 3394 3436
f 3393 3332 3391
f 3391 3332 3331
f 3330 3392 3331
f 3331 3392 3391
f 3382 3329 3381
f 3381 3329 3328
f 3354 3407 3356
f 3356 3407 3438
f 3356 3438 3360
f 3360 3438 3439
f 3360 3439 3362
f 3362 3439 3440
f 3362 3440 3364
f 3364 3440 3441
f 3364 3441 3357
f 3357 3441 3420
f 3421 3420 3442
f 3442 3420 3441
f 3442 3441 3443
f 3443 3441 3440
f 3443 3440 3444
f 3444 3440 3439
f 3444 3439 3445
f 3445 3439 3438
f 3445 3438 3408
f 3408 3438 3407
f 3422 3421 3446
f 3446 3421 3442
f 3446 3442 3447
f 3447 3442 3443
f 3447 3443 3448
f 3448 3443 3444
f 3448 3444 3449
f 3449 3444 3445
f 3449 3445 3409
f 3409 3445 3408
f 3409 3431 3449
f 3449 3431 3450
f 3449 3450 3448
f 3448 3450 3451
f 3451 3452 3448
f 3448 3452 3447
f 3447 3452 3446
f 3446 3452 3453
f 3446 3453 3422
f 3422 3453 3423
f 3424 3423 3454
f 3454 3423 3453
f 3452 3455 3453
f 3453 3455 3454
f 3452 3451 3455
f 3455 3451 3456
f 3450 3457 3451
f 3451 3457 3456
f 3431 3432 3450
f 3450 3432 3457
f 3454 3458 3424
f 3424 3458 3425
f 3427 3426 3459
f 3459 3426 3460
f 3428 3427 3461
f 3461 3427 3459
f 3428 3461 3429
f 3429 3461 3462
f 3462 3463 3429
f 3429 3463 3430
f 3464 3465 3462
f 3462 3465 3463
f 3455 3466 3454
f 3454 3466 3458
f 3465 3464 3466
f 3466 3464 3467
f 3461 3459 3468
f 3468 3459 3469
f 3468 3469 3464
f 3464 3469 3467
f 3464 3462 3468
f 3468 3462 3461
f 3459 3460 3469
f 3469 3460 3467
f 3295 3351 3298
f 3298 3351 3353
f 3353 3355 3298
f 3298 3355 3297
f 3297 3355 3301
f 3301 3355 3359
f 3301 3359 3308
f 3308 3359 3361
f 3308 3361 3311
f 3311 3361 3363
f 3311 3363 3316
f 3316 3363 3358
f 3316 3358 3317
f 3317 3358 3349
f 3349 3347 3317
f 3317 3347 3319
f 3347 3345 3319
f 3319 3345 3314
f 3345 3343 3314
f 3314 3343 3305
f 3343 3341 3305
f 3305 3341 3304
f 3304 3341 3292
f 3292 3341 3338
f 3292 3338 3293
f 3293 3338 3337
f 3293 3337 3295
f 3295 3337 3351
f 3437 3202 3436
f 3436 3202 3201
f 3436 3201 3332
f 3332 3201 3204
f 3433 3200 3434
f 3434 3200 3199
f 3211 3435 3199
f 3199 3435 3434
f 3333 3210 3433
f 3433 3210 3200
f 3380 3470 3371
f 3400 3371 3336
f 3336 3371 3470
f 3381 3328 3380
f 3380 3328 3470
f 3470 3328 3209
f 3209 3328 3208
f 3336 3470 3327
f 3327 3470 3209
f 1545 1763 1546
f 1546 1763 1762
f 1403 1546 773
f 773 1546 770
f 1221 3013 1220
f 1220 3013 3471
f 1305 2877 1306
f 1306 2877 2879
f 1220 3471 828
f 828 3471 829
f 1217 1754 3472
f 3472 1754 1756
f 1049 3473 1048
f 1048 3473 3474
f 1371 1179 3473
f 3473 1179 3474
f 1074 3475 1179
f 1179 3475 3474
f 3474 3475 1048
f 1048 3475 1056
f 919 666 1345
f 1345 666 665
f 856 680 919
f 919 680 666
f 679 680 1449
f 1449 680 858
f 1367 878 1500
f 1500 878 877
f 1366 908 1367
f 1367 908 878
f 1512 916 1513
f 1513 916 915
f 947 1368 948
f 948 1368 1369
f 1047 1021 1044
f 1044 1021 1020
f 1370 1049 1019
f 1019 1049 1020
f 1173 1030 1174
f 1174 1030 1033
f 3126 1188 1464
f 1464 1188 1187
f 1800 1451 1512
f 1512 1451 916
f 1175 1174 1186
f 1186 1174 1187
f 1030 1173 1047
f 1047 1173 1021
f 1513 915 3476
f 3476 915 1481
f 1345 665 3477
f 3477 665 1483
f 1502 1501 876
f 876 1501 877
f 1205 1451 1803
f 1803 1451 1802
f 3479 2832 3478
f 3478 2832 2831
f 1449 858 2927
f 2927 858 2922
f 908 1366 947
f 947 1366 1368
f 949 948 3126
f 3126 948 1188
f 3480 3135 1502
f 1502 3135 1501
f 2927 2922 3157
f 3157 2922 3152
f 3477 1483 3479
f 3479 1483 2832
f 1803 1802 3151
f 3151 1802 3152
f 663 658 664
f 664 658 657
f 655 658 939
f 939 658 706
f 1512 870 1800
f 1800 870 869
f 875 874 876
f 876 874 873
f 849 874 905
f 905 874 958
f 949 962 946
f 946 962 961
f 978 3126 979
f 979 3126 1464
f 1031 1168 1032
f 1032 1168 1022
f 1045 1013 1046
f 1046 1013 1012
f 1045 1044 1056
f 1056 1044 1048
f 1047 1046 1030
f 1030 1046 1031
f 939 706 940
f 940 706 1450
f 979 1464 1032
f 1032 1464 1033
f 3480 1478 3476
f 3476 1478 3134
f 2829 1487 2830
f 2830 1487 1486
f 848 1230 873
f 873 1230 1479
f 867 870 933
f 933 870 1514
f 1800 869 1801
f 1801 869 1799
f 2830 1486 1325
f 1325 1486 2833
f 940 1450 2925
f 2925 1450 2928
f 946 961 907
f 907 961 958
f 959 962 977
f 977 962 978
f 3476 3134 1513
f 1513 3134 1514
f 2925 2928 3155
f 3155 2928 3158
f 1325 2833 656
f 656 2833 657
f 1801 1799 3157
f 3157 1799 3158
f 1074 1055 3475
f 3475 1055 1056
f 1371 3473 1370
f 1370 3473 1049
f 2884 615 3481
f 3481 615 618
f 3478 2831 2846
f 2846 2831 617
f 2831 1484 617
f 617 1484 618
f 1484 1487 618
f 618 1487 3481
f 2848 3481 2829
f 2829 3481 1487
f 1480 1517 1161
f 1161 1517 1162
f 3129 1323 1455
f 1455 1323 1322
f 3129 3134 1323
f 1323 3134 1478
f 1535 3173 1515
f 1515 3173 1516
f 3085 3095 3137
f 3137 3095 3094
f 3137 3094 3138
f 3138 3094 3104
f 3117 3139 3105
f 3105 3139 3106
f 1138 1141 3127
f 3127 1141 3128
f 3081 3131 1264
f 1264 3131 3130
f 1227 1226 3132
f 3132 1226 3133
f 1264 3130 1229
f 1229 3130 1322
f 1160 1501 1161
f 1161 1501 3135
f 1141 1476 3128
f 3128 1476 3136
f 1226 1163 3133
f 3133 1163 1162
f 1363 1138 1515
f 1515 1138 3127
f 3084 3095 3081
f 3081 3095 3131
f 3089 884 3105
f 3105 884 3140
f 884 883 3140
f 3140 883 3141
f 883 3482 3141
f 3141 3482 3142
f 3476 1481 3480
f 3480 1481 3135
f 1502 1479 3480
f 3480 1479 1478
f 3168 463 440
f 714 1880 715
f 715 1880 2905
f 896 732 2970
f 2970 732 731
f 1263 834 3082
f 3082 834 833
f 898 1231 853
f 853 1231 854
f 3125 890 2931
f 2931 890 889
f 1237 893 2851
f 2851 893 892
f 898 853 899
f 899 853 963
f 988 987 989
f 989 987 986
f 1002 1007 1003
f 1003 1007 1006
f 1038 1036 1007
f 1007 1036 1004
f 1070 1052 1005
f 1005 1052 1006
f 1069 1067 1070
f 1070 1067 1052
f 1130 1129 1134
f 1134 1129 1135
f 879 1167 880
f 880 1167 1166
f 1171 1169 1037
f 1037 1169 1038
f 1085 1180 1069
f 1069 1180 1067
f 1209 1210 879
f 879 1210 1167
f 2885 1215 1754
f 1754 1215 1214
f 1263 855 834
f 834 855 854
f 708 1244 1826
f 1826 1244 1243
f 2909 894 1254
f 1254 894 893
f 1228 1361 964
f 964 1361 1360
f 2908 2907 1436
f 1436 2907 1437
f 2990 1440 2991
f 2991 1440 1439
f 964 1360 965
f 965 1360 1454
f 950 1457 951
f 951 1457 1456
f 970 1463 971
f 971 1463 1462
f 1025 1169 984
f 984 1169 986
f 1084 1097 1469
f 1469 1097 1470
f 1096 1115 1474
f 1474 1115 1475
f 1140 1361 1141
f 1141 1361 1476
f 1212 1495 2828
f 2828 1495 1494
f 880 1166 1452
f 1452 1166 1499
f 715 2905 1504
f 1504 2905 2906
f 954 1519 955
f 955 1519 1518
f 1026 1520 992
f 992 1520 1518
f 1029 1520 1043
f 1043 1520 1521
f 997 1522 1040
f 1040 1522 1521
f 1015 1522 1016
f 1016 1522 1523
f 1523 996 1524
f 1524 996 1062
f 1057 1060 1525
f 1525 1060 1524
f 1094 1528 1082
f 1082 1528 1527
f 1526 1528 1089
f 1089 1528 1529
f 1090 1531 1108
f 1108 1531 1530
f 1125 1533 1126
f 1126 1533 1532
f 3483 1755 727
f 727 1755 1214
f 735 1814 707
f 707 1814 1813
f 2891 1834 1246
f 1246 1834 1243
f 2904 1881 1847
f 1847 1881 1848
f 1852 1855 1853
f 1853 1855 1858
f 1902 2903 1877
f 1877 2903 1878
f 2903 2904 1878
f 1878 2904 1847
f 714 713 1848
f 1848 713 1849
f 1440 2990 1883
f 1883 2990 2989
f 1883 2989 1852
f 1852 2989 1855
f 2895 1888 2892
f 2892 1888 1887
f 774 777 1877
f 1877 777 1903
f 1251 2835 1252
f 1252 2835 2834
f 1213 2844 1212
f 1212 2844 1495
f 2851 892 1213
f 1213 892 2844
f 3123 2911 3124
f 3124 2911 2910
f 887 2929 888
f 888 2929 889
f 1435 2963 1436
f 1436 2963 2961
f 1253 1438 1254
f 1254 1438 1437
f 2970 731 735
f 735 731 1814
f 733 732 2885
f 2885 732 1215
f 2901 2902 2976
f 2976 2902 2977
f 2975 2982 2976
f 2976 2982 2979
f 2899 2900 2981
f 2981 2900 2979
f 2899 2981 2898
f 2898 2981 2983
f 2986 2985 2984
f 2984 2985 2983
f 2897 2985 2896
f 2896 2985 2988
f 2991 1439 2987
f 2987 1439 2988
f 777 2978 1903
f 1903 2978 2977
f 1885 1888 1858
f 1858 1888 1853
f 3090 3088 836
f 836 3088 833
f 3083 3088 3097
f 3097 3088 3096
f 3097 3096 3104
f 3104 3096 3106
f 3111 3116 3108
f 3108 3116 3109
f 3112 3111 3114
f 3114 3111 3108
f 3113 3122 3114
f 3114 3122 3115
f 891 890 2837
f 2837 890 2834
f 951 1456 954
f 954 1456 1519
f 967 1457 936
f 936 1457 1454
f 971 1462 902
f 902 1462 963
f 1461 1463 988
f 988 1463 987
f 1466 1468 1474
f 1474 1468 1470
f 1089 1529 1090
f 1090 1529 1531
f 1184 1181 1469
f 1469 1181 1180
f 1082 1527 1061
f 1061 1527 1525
f 1129 1473 1135
f 1135 1473 1475
f 1108 1530 1105
f 1105 1530 1532
f 1452 1499 3132
f 3132 1499 3136
f 3109 3116 3139
f 3139 3116 3138
f 2912 2911 887
f 887 2911 2929
f 2836 2835 1497
f 1497 2835 1494
f 2913 3102 2910
f 2910 3102 3115
f 1133 3187 1134
f 1134 3187 3185
f 3177 3176 3197
f 3197 3176 3198
f 3203 3183 3206
f 3206 3183 3207
f 3196 3202 3197
f 3197 3202 3211
f 3183 3182 3207
f 3207 3182 3185
f 1125 3180 1533
f 1533 3180 3198
f 3331 3203 3330
f 3330 3203 3206
f 3376 3379 3385
f 3385 3379 3386
f 3382 3376 3392
f 3392 3376 3385
f 3412 3415 3413
f 3413 3415 3414
f 3417 3396 3415
f 3415 3396 3395
f 3383 3386 3426
f 3426 3386 3425
f 3413 3414 3432
f 3432 3414 3430
f 3437 3396 3435
f 3435 3396 3417
f 3329 3382 3330
f 3330 3382 3392
f 3426 3425 3460
f 3460 3425 3458
f 3432 3430 3457
f 3457 3430 3463
f 3457 3463 3456
f 3456 3463 3465
f 3460 3458 3467
f 3467 3458 3466
f 3466 3455 3465
f 3465 3455 3456
f 3202 3437 3211
f 3211 3437 3435
f 3104 3106 3138
f 3138 3106 3139
f 3132 3136 1227
f 1227 3136 1476
f 943 687 600
f 600 687 601
f 596 625 667
f 667 625 1297
f 687 686 601
f 601 686 653
f 1319 784 711
f 711 784 712
f 1811 607 783
f 783 607 712
f 862 921 917
f 917 921 920
f 3478 925 3479
f 3479 925 924
f 2846 926 3478
f 3478 926 925
f 659 662 929
f 929 662 930
f 856 921 857
f 857 921 1204
f 1206 864 1207
f 1207 864 863
f 2876 1219 2877
f 2877 1219 1218
f 667 1297 593
f 593 1297 1296
f 917 920 1333
f 1333 920 1346
f 686 693 653
f 653 693 930
f 1277 913 1498
f 1498 913 1207
f 592 1536 610
f 610 1536 711
f 864 1206 1805
f 1805 1206 1804
f 1317 1536 1900
f 1900 1536 1809
f 1900 1809 1295
f 1295 1809 1296
f 3479 924 3477
f 3477 924 2824
f 927 926 1203
f 1203 926 2847
f 3484 2859 3032
f 3032 2859 3033
f 3472 2878 1217
f 1217 2878 1218
f 2889 2888 2880
f 2880 2888 2881
f 2886 2883 2887
f 2887 2883 2882
f 929 928 2847
f 2847 928 1203
f 857 1204 2921
f 2921 1204 2926
f 1820 1819 2882
f 2882 1819 2881
f 1821 2883 2876
f 2876 2883 1219
f 782 2889 783
f 783 2889 2880
f 1352 3034 1353
f 1353 3034 3033
f 3031 3034 3041
f 3041 3034 3043
f 944 943 3043
f 3043 943 600
f 1339 3145 1498
f 1498 3145 3143
f 1208 882 3148
f 3148 882 3143
f 2921 2926 3151
f 3151 2926 3156
f 3477 2824 1345
f 1345 2824 1346
f 1805 1804 3154
f 3154 1804 3156
f 886 3103 883
f 883 3103 3482
f 841 1248 3485
f 3485 1248 3121
f 2811 2819 2812
f 2812 2819 2816
f 2818 2815 2817
f 2817 2815 2806
f 2817 2816 2818
f 2818 2816 2819
f 2793 2795 2819
f 2819 2795 2818
f 243 352 2793
f 2793 352 2795
f 242 353 243
f 243 353 352
f 359 191 242
f 242 191 353
f 247 192 359
f 359 192 191
f 157 193 247
f 247 193 192
f 156 194 157
f 157 194 193
f 378 261 156
f 156 261 194
f 378 381 261
f 261 381 195
f 195 381 196
f 196 381 376
f 196 376 198
f 198 376 375
f 375 1776 198
f 198 1776 197
f 1776 1767 197
f 197 1767 274
f 181 274 199
f 199 274 1767
f 568 566 564
f 564 566 563
f 568 569 566
f 566 569 567
f 501 1773 1771
f 1771 1773 578
f 547 579 1773
f 1773 579 578
f 3486 470 474
f 474 470 469
f 450 582 3487
f 3487 582 3488
f 582 583 3488
f 3488 583 3489
f 583 584 3489
f 3489 584 3490
f 3490 584 3491
f 3491 584 543
f 470 3486 466
f 466 3486 467
f 3489 3490 503
f 503 3490 504
f 503 3492 3489
f 3489 3492 3488
f 3492 503 3493
f 3493 503 502
f 3495 3492 3494
f 3494 3492 3493
f 3487 3488 3495
f 3495 3488 3492
f 468 1774 465
f 465 1774 570
f 3494 3493 1775
f 1775 3493 1771
f 3490 3491 504
f 504 3491 1772
f 3491 543 1772
f 1772 543 548
f 450 3487 474
f 474 3487 3486
f 3495 467 3487
f 3487 467 3486
f 3494 468 3495
f 3495 468 467
f 468 3494 1774
f 1774 3494 1775
f 501 1771 502
f 502 1771 3493
f 527 366 384
f 384 366 365
f 522 524 527
f 527 524 366
f 521 534 522
f 522 534 524
f 530 535 521
f 521 535 534
f 508 486 513
f 513 486 532
f 513 532 541
f 541 532 535
f 667 668 596
f 596 668 597
f 1294 1297 624
f 624 1297 625
f 603 641 604
f 604 641 640
f 1290 1293 650
f 650 1293 651
f 1758 691 660
f 660 691 661
f 602 671 599
f 599 671 670
f 654 662 690
f 690 662 661
f 2856 598 695
f 695 598 597
f 602 654 671
f 671 654 690
f 604 640 676
f 676 640 704
f 1826 1829 708
f 708 1829 709
f 1288 1284 740
f 740 1284 741
f 755 754 758
f 758 754 759
f 2853 2856 932
f 932 2856 695
f 689 691 1192
f 1192 691 1193
f 784 1319 1240
f 1240 1319 1241
f 1813 1816 1244
f 1244 1816 1245
f 754 1288 759
f 759 1288 740
f 1894 1242 1318
f 1318 1242 1241
f 2867 1348 1418
f 1418 1348 1347
f 676 704 673
f 673 704 1347
f 1284 1287 741
f 741 1287 1419
f 1421 1426 1422
f 1422 1426 1425
f 1758 660 615
f 615 660 616
f 1192 1191 1421
f 1421 1191 1426
f 2962 1839 1504
f 1504 1839 1505
f 941 1194 1759
f 1759 1194 1193
f 1287 1537 1419
f 1419 1537 1760
f 1882 2893 1823
f 1823 2893 1824
f 1886 1891 1827
f 1827 1891 1828
f 1887 1886 1834
f 1834 1886 1827
f 1841 716 1838
f 1838 716 1505
f 782 784 1850
f 1850 784 1240
f 1239 1242 1863
f 1863 1242 1864
f 1242 1894 1864
f 1864 1894 1873
f 1822 1239 1823
f 1823 1239 1863
f 1318 1317 1895
f 1895 1317 1900
f 1894 1896 1873
f 1873 1896 1897
f 1291 1896 1292
f 1292 1896 1895
f 605 1898 606
f 606 1898 1897
f 1258 1257 2854
f 2854 1257 2855
f 1257 1351 2855
f 2855 1351 2857
f 1351 1353 2857
f 2857 1353 2858
f 1353 3033 2858
f 2858 3033 2859
f 2860 2861 3036
f 3036 2861 3037
f 2862 2863 2870
f 2870 2863 3039
f 2870 2869 2862
f 2862 2869 2864
f 2868 2865 2869
f 2869 2865 2864
f 1764 2866 2868
f 2868 2866 2865
f 1537 1199 1760
f 1760 1199 1348
f 615 2884 1758
f 1758 2884 1759
f 1825 1246 2890
f 2890 1246 1245
f 2893 2892 1824
f 1824 2892 2891
f 761 2960 758
f 758 2960 2906
f 3000 2943 2940
f 2940 2943 2941
f 2968 710 2950
f 2950 710 709
f 1764 1423 2866
f 2866 1423 2953
f 1423 645 2953
f 2953 645 2954
f 645 644 2954
f 2954 644 2955
f 644 738 2955
f 2955 738 2956
f 738 764 2956
f 2956 764 2957
f 764 763 2957
f 2957 763 2958
f 763 2908 2958
f 2958 2908 2959
f 2908 1436 2959
f 2959 1436 2961
f 1837 2964 1435
f 1435 2964 2963
f 1837 2937 2964
f 2964 2937 2965
f 2936 2968 2966
f 2966 2968 2950
f 1840 2942 1838
f 1838 2942 2941
f 2939 2949 2940
f 2940 2949 3006
f 2939 2942 2966
f 2966 2942 2965
f 1822 1825 1850
f 1850 1825 2890
f 1891 3005 1828
f 1828 3005 3006
f 3035 3038 3045
f 3045 3038 3042
f 3045 3044 3035
f 3035 3044 3040
f 669 1422 3045
f 3045 1422 3044
f 599 670 3041
f 3041 670 3042
f 931 3067 932
f 932 3067 3065
f 2853 3066 2854
f 2854 3066 3076
f 3067 3496 3065
f 3065 3496 3497
f 3066 3498 3076
f 3076 3498 3499
f 707 1813 708
f 708 1813 1244
f 2960 2962 2906
f 2906 2962 1504
f 2892 1887 2891
f 2891 1887 1834
f 1839 2962 2963
f 2963 2962 2961
f 595 626 596
f 596 626 625
f 623 626 3484
f 3484 626 2859
f 1291 1290 606
f 606 1290 603
f 1290 650 603
f 603 650 641
f 641 650 642
f 642 650 649
f 2860 2863 649
f 649 2863 642
f 3036 3039 2860
f 2860 3039 2863
f 3035 3040 3036
f 3036 3040 3039
f 1294 1293 1295
f 1295 1293 1292
f 624 651 1294
f 1294 651 1293
f 623 652 624
f 624 652 651
f 3484 2861 623
f 623 2861 652
f 3032 3037 3484
f 3484 3037 2861
f 3031 3038 3032
f 3032 3038 3037
f 3481 2848 2884
f 2884 2848 942
f 2846 617 1427
f 1427 617 616
f 3049 3167 3048
f 3048 3167 3500
f 1906 3048 3070
f 3070 3048 3500
f 1337 1768 3501
f 3501 1768 3502
f 3020 3503 3021
f 3021 3503 3024
f 2914 3023 3020
f 3020 3023 3503
f 859 1770 860
f 860 1770 3504
f 1336 3505 1768
f 1768 3505 3502
f 3065 3497 3066
f 3066 3497 3498
f 2814 3075 3067
f 3067 3075 3496
f 2839 3174 766
f 766 3174 3017
f 1337 3501 1338
f 1338 3501 1769
f 767 3018 3026
f 3026 3018 3506
f 3076 3499 3064
f 3064 3499 3507
f 727 730 3483
f 3483 730 3030
f 3064 3507 2871
f 2871 3507 3077
f 3100 3160 1786
f 1786 3160 1784
f 3026 3506 752
f 752 3506 3015
f 860 3504 2923
f 2923 3504 3508
f 753 3016 3027
f 3027 3016 3509
f 3027 3509 3008
f 3008 3509 3028
f 1782 1785 1783
f 1783 1785 3022
f 2923 3508 3153
f 3153 3508 3161
f 3148 3149 1208
f 1208 3149 3150
f 1335 1328 3510
f 3510 1328 1327
f 1336 1335 3505
f 3505 1335 3510
f 866 3511 1340
f 1340 3511 3146
f 865 1808 866
f 866 1808 3511
f 842 841 3159
f 3159 841 3485
f 2849 3512 1329
f 1329 3512 1326
f 1202 1331 2849
f 2849 1331 3512
f 3514 3515 3513
f 3513 3515 3516
f 3518 3516 3517
f 3517 3516 3515
f 3519 3520 3514
f 3514 3520 3515
f 3522 3523 3521
f 3521 3523 3524
f 3526 3527 3525
f 3525 3527 3528
f 3530 3531 3529
f 3529 3531 3532
f 3534 3535 3533
f 3533 3535 3536
f 3529 3532 3537
f 3537 3532 3538
f 3537 3539 3529
f 3529 3539 3540
f 3542 3543 3541
f 3541 3543 3544
f 3546 3547 3545
f 3545 3547 3548
f 3550 3534 3549
f 3549 3534 3533
f 3550 3543 3551
f 3551 3543 3552
f 3537 3545 3539
f 3539 3545 3548
f 3553 3554 3556
f 3556 3554 3555
f 3537 3557 3545
f 3545 3557 3546
f 3558 3559 3561
f 3561 3559 3560
f 3563 3564 3562
f 3562 3564 3565
f 3564 3563 3566
f 3566 3563 3567
f 3569 3570 3568
f 3568 3570 3571
f 3573 3574 3572
f 3572 3574 3575
f 3577 3578 3576
f 3576 3578 3579
f 3581 3582 3580
f 3580 3582 3583
f 3585 3586 3584
f 3584 3586 3579
f 3586 3587 3579
f 3579 3587 3576
f 3589 3590 3588
f 3588 3590 3591
f 3592 3593 3595
f 3595 3593 3594
f 3597 3598 3596
f 3596 3598 3595
f 3583 3600 3599
f 3599 3600 3601
f 3603 3599 3602
f 3602 3599 3601
f 3605 3606 3604
f 3604 3606 3607
f 3608 3555 3596
f 3596 3555 3554
f 3597 3610 3609
f 3609 3610 3565
f 3564 3611 3565
f 3565 3611 3609
f 3611 3564 3612
f 3612 3564 3566
f 3613 3614 3569
f 3569 3614 3570
f 3615 3616 3573
f 3573 3616 3574
f 3517 3617 3518
f 3518 3617 3618
f 3620 3621 3619
f 3619 3621 3622
f 3624 3625 3623
f 3623 3625 3626
f 3628 3629 3627
f 3627 3629 3630
f 3632 3633 3631
f 3631 3633 3634
f 3636 3637 3635
f 3635 3637 3638
f 3640 3641 3639
f 3639 3641 3642
f 3643 3644 3639
f 3639 3644 3640
f 3646 3513 3645
f 3645 3513 3647
f 3648 3514 3646
f 3646 3514 3513
f 3649 3519 3648
f 3648 3519 3514
f 3650 3651 3527
f 3527 3651 3652
f 3654 3651 3653
f 3653 3651 3650
f 3568 3571 3655
f 3655 3571 3656
f 3657 3658 3653
f 3653 3658 3659
f 3661 3662 3660
f 3660 3662 3658
f 3664 3665 3663
f 3663 3665 3666
f 3667 3657 3650
f 3650 3657 3653
f 3669 3523 3668
f 3668 3523 3670
f 3672 3673 3671
f 3671 3673 3674
f 3676 3677 3675
f 3675 3677 3678
f 3671 3674 3676
f 3676 3674 3677
f 3680 3681 3679
f 3679 3681 3682
f 3683 3684 3680
f 3680 3684 3681
f 3685 3686 3661
f 3661 3686 3662
f 3686 3687 3662
f 3662 3687 3688
f 3684 3683 3689
f 3689 3683 3690
f 3692 3693 3691
f 3691 3693 3694
f 3691 3694 3695
f 3695 3694 3696
f 3698 3699 3697
f 3697 3699 3700
f 3702 3703 3701
f 3701 3703 3704
f 3705 3706 3519
f 3519 3706 3520
f 3673 3672 3707
f 3707 3672 3708
f 3709 3710 3682
f 3682 3710 3679
f 3711 3712 3692
f 3692 3712 3693
f 3714 3715 3713
f 3713 3715 3716
f 3718 3700 3717
f 3717 3700 3699
f 3720 3721 3719
f 3719 3721 3722
f 3724 3725 3723
f 3723 3725 3726
f 3727 3728 3730
f 3730 3728 3729
f 3722 3721 3731
f 3731 3721 3732
f 3697 3700 3733
f 3733 3700 3714
f 3733 3714 3734
f 3734 3714 3713
f 3721 3723 3732
f 3732 3723 3735
f 3720 3736 3724
f 3724 3736 3737
f 3700 3718 3714
f 3714 3718 3715
f 3717 3699 3738
f 3738 3699 3739
f 3536 3740 3533
f 3533 3740 3540
f 3742 3743 3741
f 3741 3743 3744
f 3746 3747 3745
f 3745 3747 3748
f 3750 3751 3749
f 3749 3751 3752
f 3627 3632 3628
f 3628 3632 3631
f 3754 3755 3753
f 3753 3755 3626
f 3562 3565 3756
f 3756 3565 3610
f 3527 3652 3528
f 3528 3652 3757
f 3758 3524 3669
f 3669 3524 3523
f 3582 3598 3583
f 3583 3598 3600
f 3759 3670 3522
f 3522 3670 3523
f 3675 3678 3760
f 3760 3678 3761
f 3762 3763 3690
f 3690 3763 3689
f 3765 3766 3764
f 3764 3766 3767
f 3768 3739 3698
f 3698 3739 3699
f 3726 3725 3770
f 3770 3725 3769
f 3645 3647 3771
f 3771 3647 3772
f 3645 3678 3646
f 3646 3678 3677
f 3646 3677 3648
f 3648 3677 3674
f 3673 3649 3674
f 3674 3649 3648
f 3707 3773 3673
f 3673 3773 3649
f 3775 3776 3774
f 3774 3776 3777
f 3779 3526 3778
f 3778 3526 3525
f 3526 3779 3667
f 3667 3779 3780
f 3780 3781 3667
f 3667 3781 3657
f 3672 3679 3708
f 3708 3679 3710
f 3671 3680 3672
f 3672 3680 3679
f 3676 3683 3671
f 3671 3683 3680
f 3675 3690 3676
f 3676 3690 3683
f 3760 3762 3675
f 3675 3762 3690
f 3682 3681 3783
f 3783 3681 3782
f 3689 3784 3684
f 3684 3784 3785
f 3684 3785 3681
f 3681 3785 3782
f 3786 3709 3783
f 3783 3709 3682
f 3784 3689 3787
f 3787 3689 3763
f 3789 3557 3788
f 3788 3557 3790
f 3792 3793 3791
f 3791 3793 3794
f 3616 3615 3795
f 3795 3615 3796
f 3797 3798 3727
f 3727 3798 3728
f 3800 3801 3799
f 3799 3801 3802
f 3803 3578 3592
f 3592 3578 3593
f 3805 3806 3804
f 3804 3806 3807
f 3599 3603 3585
f 3585 3603 3586
f 3587 3586 3604
f 3604 3586 3603
f 3588 3591 3794
f 3794 3591 3791
f 3581 3803 3582
f 3582 3803 3592
f 3594 3561 3608
f 3608 3561 3790
f 3662 3688 3808
f 3808 3688 3809
f 3665 3664 3810
f 3810 3664 3811
f 3719 3812 3720
f 3720 3812 3736
f 3717 3813 3718
f 3718 3813 3737
f 3723 3721 3724
f 3724 3721 3720
f 3813 3717 3814
f 3814 3717 3738
f 3815 3816 303
f 303 3816 304
f 3818 3819 3817
f 3817 3819 3820
f 3578 3803 3579
f 3579 3803 3584
f 3558 3593 3577
f 3577 3593 3578
f 3822 3823 3821
f 3821 3823 3824
f 3546 3826 3825
f 3825 3826 3827
f 3828 3829 3547
f 3547 3829 3541
f 3831 3542 3830
f 3830 3542 3832
f 3834 3822 3833
f 3833 3822 3821
f 3835 3836 3827
f 3827 3836 3825
f 3800 3799 3828
f 3828 3799 3829
f 3830 3832 3837
f 3837 3832 3838
f 331 330 3551
f 3551 330 3839
f 3831 333 3552
f 3552 333 332
f 3819 3797 3841
f 3841 3797 3840
f 3513 3516 3647
f 3647 3516 3746
f 337 336 3745
f 3745 336 3772
f 3525 3528 3775
f 3775 3528 3749
f 3610 3597 3554
f 3554 3597 3596
f 3706 3702 3520
f 3520 3702 3701
f 3756 3610 3553
f 3553 3610 3554
f 3757 3750 3528
f 3528 3750 3749
f 3517 3515 3701
f 3701 3515 3520
f 3842 3584 3581
f 3581 3584 3803
f 3525 3775 3778
f 3778 3775 3774
f 3638 3843 3635
f 3635 3843 3618
f 3617 3621 3618
f 3618 3621 3635
f 3617 3517 3704
f 3704 3517 3701
f 3521 3624 3522
f 3522 3624 3623
f 3749 3844 3775
f 3775 3844 3776
f 3846 3847 3845
f 3845 3847 3848
f 3843 3747 3618
f 3618 3747 3518
f 3850 3851 3849
f 3849 3851 3748
f 3853 3854 3852
f 3852 3854 3855
f 3856 3857 3622
f 3622 3857 3619
f 3859 3860 3858
f 3858 3860 3861
f 3862 3844 3752
f 3752 3844 3749
f 3863 3759 3623
f 3623 3759 3522
f 3864 3777 3630
f 3630 3777 3776
f 3713 3865 3734
f 3734 3865 3866
f 3868 3869 3867
f 3867 3869 3870
f 3872 3873 3871
f 3871 3873 3874
f 3876 3877 3875
f 3875 3877 3878
f 3879 3880 3878
f 3878 3880 3881
f 3882 3883 3885
f 3885 3883 3884
f 3780 3886 3781
f 3781 3886 3887
f 3888 3685 3869
f 3869 3685 3661
f 3880 3879 3883
f 3883 3879 3884
f 3693 3783 3694
f 3694 3783 3782
f 3696 3785 3764
f 3764 3785 3784
f 3694 3782 3696
f 3696 3782 3785
f 3693 3786 3783
f 3787 3765 3784
f 3784 3765 3764
f 386 385 3765
f 3765 385 3766
f 3695 3889 3691
f 3691 3889 3890
f 3691 3890 3692
f 3692 3890 3891
f 3892 3711 3891
f 3891 3711 3692
f 3767 3893 3695
f 3695 3893 3889
f 3766 3894 3767
f 3767 3894 3893
f 3882 3885 3895
f 3895 3885 3896
f 3898 3698 3897
f 3897 3698 3697
f 3897 3697 3899
f 3899 3697 3733
f 3899 3733 3900
f 3900 3733 3734
f 3901 3768 3898
f 3898 3768 3698
f 3901 3902 3768
f 3768 3902 3903
f 3904 3905 3907
f 3907 3905 3906
f 3869 3661 3870
f 3870 3661 3660
f 3908 3909 3896
f 3896 3909 3895
f 3909 3758 3895
f 3895 3758 3669
f 3751 3531 3752
f 3752 3531 3848
f 3858 3536 3854
f 3854 3536 3535
f 3652 3562 3757
f 3757 3562 3756
f 3651 3654 3563
f 3563 3654 3567
f 3655 3656 3808
f 3808 3656 3659
f 3530 3740 3845
f 3845 3740 3861
f 3751 3750 3556
f 3556 3750 3553
f 3817 3820 3796
f 3796 3820 3795
f 410 409 3910
f 3910 409 3855
f 3750 3757 3553
f 3553 3757 3756
f 3908 3886 3909
f 3909 3886 3780
f 409 411 3855
f 3855 411 3851
f 413 412 3760
f 3760 412 3762
f 415 414 3763
f 3763 414 3787
f 3790 3557 3538
f 3538 3557 3537
f 3555 3608 3538
f 3538 3608 3790
f 3574 3911 3575
f 3575 3911 3912
f 3535 3534 3910
f 3910 3534 3839
f 3831 3552 3542
f 3542 3552 3543
f 3534 3550 3839
f 3839 3550 3551
f 3543 3550 3544
f 3544 3550 3549
f 3913 3914 3916
f 3916 3914 3915
f 3806 3805 3589
f 3589 3805 3590
f 3849 3843 3917
f 3917 3843 3638
f 3853 3644 3859
f 3859 3644 3742
f 3747 3746 3518
f 3518 3746 3516
f 3695 3696 3767
f 3767 3696 3764
f 3903 3918 3768
f 3768 3918 3739
f 3738 3739 3816
f 3816 3739 3918
f 3919 3920 3769
f 3769 3920 3770
f 3921 3726 3922
f 3922 3726 3770
f 3678 3645 3761
f 3761 3645 3771
f 3924 3913 3923
f 3923 3913 3916
f 3802 3925 3838
f 3838 3925 3837
f 3577 3926 3558
f 3558 3926 3559
f 3815 3919 3814
f 3814 3919 3769
f 3927 3928 3822
f 3822 3928 3823
f 3829 3832 3541
f 3541 3832 3542
f 3834 3927 3822
f 3832 3829 3838
f 3838 3829 3799
f 3745 3772 3746
f 3746 3772 3647
f 3849 3748 3843
f 3843 3748 3747
f 3854 3853 3858
f 3858 3853 3859
f 3854 3535 3855
f 3855 3535 3910
f 3557 3789 3546
f 3546 3789 3826
f 3923 3823 3924
f 3924 3823 3928
f 3823 3923 3929
f 3929 3923 3930
f 3531 3751 3532
f 3532 3751 3556
f 3532 3556 3538
f 3538 3556 3555
f 3932 3634 3931
f 3931 3634 3633
f 3814 3769 3813
f 3813 3769 3725
f 3620 3636 3621
f 3621 3636 3635
f 3847 3862 3848
f 3848 3862 3752
f 3531 3530 3848
f 3848 3530 3845
f 3933 3934 3830
f 3830 3934 3831
f 3925 3933 3837
f 3837 3933 3830
f 3934 440 3831
f 3831 440 333
f 3925 3802 3833
f 3833 3802 3801
f 3776 3844 3630
f 3630 3844 3627
f 3808 3659 3662
f 3662 3659 3658
f 3667 3650 3526
f 3526 3650 3527
f 3935 3666 3936
f 3936 3666 3665
f 3718 3737 3715
f 3715 3737 3736
f 3663 3809 3664
f 3664 3809 3688
f 3807 3806 3938
f 3938 3806 3937
f 445 413 3761
f 3761 413 3760
f 3902 447 3903
f 3903 447 446
f 3897 3890 3898
f 3898 3890 3889
f 3899 3891 3897
f 3897 3891 3890
f 3898 3889 3901
f 3901 3889 3893
f 3893 3894 3901
f 3901 3894 3902
f 414 386 3787
f 3787 386 3765
f 3940 3941 3939
f 3939 3941 3942
f 3840 3797 3943
f 3943 3797 3727
f 3665 3810 3936
f 3936 3810 3944
f 3921 3735 3726
f 3726 3735 3723
f 3920 3945 3770
f 3770 3945 3922
f 3521 3524 3774
f 3774 3524 3778
f 3864 3946 3625
f 3625 3946 3947
f 3773 3705 3649
f 3649 3705 3519
f 3779 3778 3758
f 3758 3778 3524
f 3812 3716 3736
f 3736 3716 3715
f 3624 3521 3777
f 3777 3521 3774
f 3703 3856 3704
f 3704 3856 3622
f 3900 3892 3899
f 3899 3892 3891
f 3641 3917 3642
f 3642 3917 3948
f 3895 3669 3882
f 3882 3669 3668
f 3855 3851 3852
f 3852 3851 3850
f 3894 458 3902
f 3902 458 447
f 3781 3887 3660
f 3660 3887 3870
f 3570 3566 3571
f 3571 3566 3567
f 3950 3576 3949
f 3949 3576 3587
f 3605 3602 3614
f 3614 3602 3612
f 3614 3612 3570
f 3570 3612 3566
f 3571 3567 3656
f 3656 3567 3654
f 3660 3658 3781
f 3781 3658 3657
f 3604 3607 3587
f 3587 3607 3949
f 3653 3659 3654
f 3654 3659 3656
f 3529 3540 3530
f 3530 3540 3740
f 3687 3811 3688
f 3688 3811 3664
f 3813 3725 3737
f 3737 3725 3724
f 3919 3815 461
f 461 3815 303
f 3818 3798 3819
f 3819 3798 3797
f 3819 3841 3820
f 3820 3841 3951
f 3816 3815 3738
f 3738 3815 3814
f 3540 3539 3533
f 3533 3539 3549
f 3548 3547 3544
f 3544 3547 3541
f 3539 3548 3549
f 3549 3548 3544
f 3741 3931 3860
f 3860 3931 3846
f 3801 3800 3835
f 3835 3800 3836
f 3934 3933 3824
f 3824 3933 3821
f 3825 3828 3546
f 3546 3828 3547
f 3833 3821 3925
f 3925 3821 3933
f 3800 3828 3836
f 3836 3828 3825
f 3824 3952 3934
f 3934 3952 440
f 3860 3846 3861
f 3861 3846 3845
f 3629 3946 3630
f 3630 3946 3864
f 3740 3536 3861
f 3861 3536 3858
f 3833 3801 3834
f 3834 3801 3835
f 3583 3599 3580
f 3580 3599 3585
f 3651 3563 3652
f 3652 3563 3562
f 3758 3909 3779
f 3779 3909 3780
f 3621 3617 3622
f 3622 3617 3704
f 3625 3947 3626
f 3626 3947 3753
f 3633 3632 3847
f 3847 3632 3862
f 3852 3850 3640
f 3640 3850 3641
f 3644 3853 3640
f 3640 3853 3852
f 3859 3742 3860
f 3860 3742 3741
f 3632 3627 3862
f 3862 3627 3844
f 3755 3863 3626
f 3626 3863 3623
f 3917 3638 3948
f 3948 3638 3637
f 3644 3643 3742
f 3742 3643 3743
f 3931 3633 3846
f 3846 3633 3847
f 3625 3624 3864
f 3864 3624 3777
f 3917 3641 3849
f 3849 3641 3850
f 3744 3932 3741
f 3741 3932 3931
f 3903 446 3918
f 3918 446 464
f 3953 3954 3956
f 3956 3954 3955
f 3958 3959 3957
f 3957 3959 3960
f 3876 3958 3877
f 3877 3958 3957
f 3877 3957 3961
f 3961 3957 3962
f 3963 3964 3958
f 3958 3964 3959
f 3965 3966 3876
f 3876 3966 3958
f 3966 3963 3958
f 3966 3967 3963
f 3963 3967 3968
f 3878 3877 3879
f 3879 3877 3961
f 3967 3969 3968
f 3968 3969 3970
f 3969 3971 3970
f 3970 3971 3972
f 3974 3904 3973
f 3973 3904 3907
f 3971 3975 3972
f 3972 3975 3976
f 3976 3975 3978
f 3978 3975 3977
f 3979 3980 3977
f 3977 3980 3978
f 3981 3982 3979
f 3979 3982 3980
f 3983 3984 3981
f 3981 3984 3982
f 3972 3985 3970
f 3970 3985 3986
f 3871 3987 3969
f 3969 3987 3971
f 3872 3871 3967
f 3967 3871 3969
f 3965 3872 3966
f 3966 3872 3967
f 3970 3986 3968
f 3968 3986 3988
f 3879 3961 3884
f 3884 3961 3940
f 3884 3940 3885
f 3885 3940 3939
f 3989 3990 3992
f 3992 3990 3991
f 3942 3993 3995
f 3995 3993 3994
f 3994 3996 3995
f 3995 3996 3974
f 3997 3998 3994
f 3994 3998 3996
f 3999 3997 3993
f 3993 3997 3994
f 4001 3996 4000
f 4000 3996 3998
f 4000 3998 4002
f 4002 3998 4003
f 4004 4003 3997
f 3997 4003 3998
f 3997 3999 4004
f 4004 3999 4005
f 4006 3995 3973
f 3973 3995 3974
f 3939 3942 4006
f 4006 3942 3995
f 3906 3887 3907
f 3907 3887 3886
f 3887 3906 3870
f 3870 3906 3867
f 3908 3973 3886
f 3886 3973 3907
f 3865 4007 3866
f 3866 4007 4008
f 3984 3983 4009
f 4009 3983 4010
f 3961 3962 3940
f 3940 3962 3941
f 4012 3868 4011
f 4011 3868 3867
f 4013 3975 3987
f 3987 3975 3971
f 4014 3977 4013
f 4013 3977 3975
f 4015 4010 4007
f 4007 4010 3983
f 4007 3983 4008
f 4008 3983 3981
f 4008 3981 4016
f 4016 3981 3979
f 4017 3984 4018
f 4018 3984 4009
f 3977 4014 3979
f 3979 4014 4016
f 3982 3984 4019
f 4019 3984 4017
f 4021 4022 4020
f 4020 4022 4023
f 4022 4012 4023
f 4023 4012 4011
f 4023 3904 4020
f 4020 3904 3974
f 4024 4025 4018
f 4018 4025 4017
f 4026 4027 4024
f 4024 4027 4025
f 4028 4026 4029
f 4029 4026 4024
f 4018 4021 4024
f 4024 4021 4029
f 4030 4031 4026
f 4026 4031 4027
f 4032 4030 4028
f 4028 4030 4026
f 4029 4001 4028
f 4028 4001 4000
f 4028 4000 4032
f 4032 4000 4002
f 4034 4035 4033
f 4033 4035 4036
f 4037 4038 4019
f 4019 4038 4039
f 4041 4039 4040
f 4040 4039 4038
f 4040 4038 4042
f 4042 4038 4036
f 4042 4036 4043
f 4043 4036 4035
f 3985 4044 4046
f 4046 4044 4045
f 4047 4048 4045
f 4045 4048 4046
f 4047 4049 4048
f 4048 4049 4050
f 4042 4047 4040
f 4040 4047 4045
f 4043 4049 4042
f 4042 4049 4047
f 4040 4045 4041
f 4041 4045 4044
f 4052 3959 4051
f 4051 3959 3964
f 4053 4054 4051
f 4051 4054 4055
f 3956 3960 4052
f 4052 3960 3959
f 3953 3956 4056
f 4056 3956 4052
f 4058 3953 4057
f 4057 3953 4056
f 4060 4061 4059
f 4059 4061 4062
f 4063 4064 4054
f 4054 4064 4057
f 4054 4053 4063
f 4063 4053 4065
f 4066 4067 4069
f 4069 4067 4068
f 4048 4050 4063
f 4063 4050 4064
f 4063 4065 4048
f 4048 4065 4046
f 3985 4046 3986
f 3986 4046 4065
f 3986 4065 3988
f 3988 4065 4053
f 3988 4053 3964
f 3964 4053 4051
f 3976 3978 4044
f 4044 3978 4041
f 3980 3982 4039
f 4039 3982 4019
f 4039 4041 3980
f 3980 4041 3978
f 3973 3908 4006
f 4006 3908 3896
f 3885 3939 3896
f 3896 3939 4006
f 4031 4034 4027
f 4027 4034 4033
f 4027 4033 4025
f 4025 4033 4037
f 4019 4017 4037
f 4037 4017 4025
f 3993 3942 4070
f 4070 3942 3941
f 3999 3993 4071
f 4071 3993 4070
f 3999 4071 4005
f 4005 4071 4072
f 4073 4074 4076
f 4076 4074 4075
f 4078 4079 4077
f 4077 4079 4080
f 4082 4080 4081
f 4081 4080 4079
f 4084 4085 4083
f 4083 4085 4086
f 4087 4088 4090
f 4090 4088 4089
f 4092 4093 4091
f 4091 4093 4094
f 4096 4097 4095
f 4095 4097 4098
f 4100 4101 4099
f 4099 4101 4102
f 4103 4104 4106
f 4106 4104 4105
f 4108 4109 4107
f 4107 4109 4110
f 4112 4113 4111
f 4111 4113 4114
f 4116 4117 4115
f 4115 4117 4118
f 4120 4121 4119
f 4119 4121 4122
f 4123 4124 4126
f 4126 4124 4125
f 4127 4128 4130
f 4130 4128 4129
f 4132 4133 4131
f 4131 4133 4134
f 4136 4108 4135
f 4135 4108 4107
f 4138 4139 4137
f 4137 4139 4140
f 4141 4142 4088
f 4088 4142 4089
f 4144 4145 4143
f 4143 4145 4146
f 4148 4149 4147
f 4147 4149 4150
f 4152 4153 4151
f 4151 4153 4154
f 4156 4082 4155
f 4155 4082 4081
f 4157 4158 4160
f 4160 4158 4159
f 4161 4162 4164
f 4164 4162 4163
f 4166 4122 4165
f 4165 4122 4121
f 4168 4152 4167
f 4167 4152 4151
f 4169 4170 4172
f 4172 4170 4171
f 4174 4175 4173
f 4173 4175 4176
f 4178 4149 4177
f 4177 4149 4179
f 4173 4176 4180
f 4180 4176 4181
f 4156 4085 4182
f 4182 4085 4183
f 4182 4184 4156
f 4156 4184 4082
f 4185 4186 4184
f 4184 4186 4187
f 4186 4188 4187
f 4187 4188 4189
f 4190 4191 4073
f 4073 4191 4074
f 4177 4179 4158
f 4158 4179 4159
f 4193 4127 4192
f 4192 4127 4130
f 4144 4194 4151
f 4151 4194 4167
f 4196 4197 4195
f 4195 4197 4198
f 4095 4199 4096
f 4096 4199 4200
f 4201 4202 4204
f 4204 4202 4203
f 4205 4206 4208
f 4208 4206 4207
f 4121 4120 4209
f 4209 4120 4210
f 4212 4213 4211
f 4211 4213 4214
f 4216 4217 4215
f 4215 4217 4218
f 4220 4221 4219
f 4219 4221 4222
f 4224 4196 4223
f 4223 4196 4195
f 4225 4226 4134
f 4134 4226 4131
f 4228 4229 4227
f 4227 4229 4230
f 4232 4233 4231
f 4231 4233 4098
f 4235 4236 4234
f 4234 4236 4237
f 4239 4240 4238
f 4238 4240 4241
f 4242 4243 4245
f 4245 4243 4244
f 4246 4247 4249
f 4249 4247 4248
f 4251 4252 4250
f 4250 4252 4253
f 4255 4256 4254
f 4254 4256 4257
f 4259 4260 4258
f 4258 4260 4261
f 4263 4264 4262
f 4262 4264 4265
f 4267 4268 4266
f 4266 4268 4269
f 4271 4199 4270
f 4270 4199 4272
f 4273 4274 4276
f 4276 4274 4275
f 4115 4118 4277
f 4277 4118 4278
f 4280 4281 4279
f 4279 4281 4282
f 4211 4283 4212
f 4212 4283 4284
f 4286 4287 4285
f 4285 4287 4288
f 4165 4121 4289
f 4289 4121 4209
f 4291 4286 4290
f 4290 4286 4285
f 4293 4294 4292
f 4292 4294 4295
f 4297 4298 4296
f 4296 4298 4299
f 4301 4302 4300
f 4300 4302 4303
f 4299 4304 4296
f 4296 4304 4305
f 4306 4292 4307
f 4307 4292 4295
f 4307 4308 4306
f 4306 4308 4309
f 4310 4309 4075
f 4075 4309 4308
f 4299 4298 4312
f 4312 4298 4311
f 4302 4301 4293
f 4293 4301 4294
f 3735 3921 4313
f 4313 3921 4314
f 4315 4314 3922
f 3922 4314 3921
f 4316 3945 829
f 829 3945 830
f 4289 4317 4165
f 4165 4317 4318
f 4320 4321 4319
f 4319 4321 4322
f 4324 4325 4323
f 4323 4325 4326
f 4327 4328 4330
f 4330 4328 4329
f 4290 4331 4291
f 4291 4331 4332
f 4165 4318 4166
f 4166 4318 4333
f 4334 4335 4337
f 4337 4335 4336
f 4339 4340 4338
f 4338 4340 4341
f 4168 4343 4342
f 4342 4343 4344
f 4346 4347 4345
f 4345 4347 4348
f 4350 4351 4349
f 4349 4351 4352
f 4354 4355 4353
f 4353 4355 4356
f 4357 4358 4324
f 4324 4358 4325
f 4337 4359 4334
f 4334 4359 4360
f 4362 4363 4361
f 4361 4363 4364
f 4366 4367 4365
f 4365 4367 4368
f 4369 4370 4372
f 4372 4370 4371
f 4331 4290 4374
f 4374 4290 4373
f 4373 4376 4375
f 4375 4376 4377
f 4379 4380 4378
f 4378 4380 4381
f 4217 4382 4218
f 4218 4382 4383
f 4385 4386 4384
f 4384 4386 4387
f 4388 4389 4338
f 4338 4389 4390
f 4337 4336 4392
f 4392 4336 4391
f 4394 4362 4393
f 4393 4362 4361
f 4396 4397 4395
f 4395 4397 4398
f 4400 4401 4399
f 4399 4401 4402
f 4345 4403 4346
f 4346 4403 4404
f 4405 4406 4342
f 4342 4406 4407
f 4409 4410 4408
f 4408 4410 4411
f 4408 4412 4409
f 4409 4412 4413
f 4181 4415 4414
f 4414 4415 4416
f 4182 4183 4417
f 4417 4183 4418
f 4419 4353 4311
f 4311 4353 4312
f 4421 4422 4420
f 4420 4422 4423
f 4353 4356 4312
f 4312 4356 4424
f 4166 4333 4425
f 4425 4333 4426
f 4425 4143 4166
f 4166 4143 4122
f 4427 4107 4428
f 4428 4107 4110
f 4429 4430 4174
f 4174 4430 4175
f 4335 4431 4336
f 4336 4431 4390
f 4336 4390 4391
f 4391 4390 4389
f 4432 4433 4435
f 4435 4433 4434
f 4437 4438 4436
f 4436 4438 4439
f 4441 4442 4440
f 4440 4442 4443
f 4359 4444 4361
f 4361 4444 4393
f 4446 4447 4445
f 4445 4447 4448
f 4338 4341 4388
f 4388 4341 4449
f 4450 4451 4398
f 4398 4451 4395
f 4453 4454 4452
f 4452 4454 4455
f 4457 4458 4456
f 4456 4458 4459
f 4460 4461 4448
f 4448 4461 4445
f 4463 4464 4462
f 4462 4464 4465
f 4462 4465 4466
f 4466 4465 4467
f 4468 4469 4467
f 4467 4469 4466
f 4469 4468 4470
f 4470 4468 4471
f 4472 4473 4471
f 4471 4473 4470
f 4475 4476 4474
f 4474 4476 4477
f 4479 4480 4478
f 4478 4480 4481
f 4483 4484 4482
f 4482 4484 4485
f 4487 4488 4486
f 4486 4488 4489
f 4491 4492 4490
f 4490 4492 4493
f 4494 4495 4493
f 4493 4495 4490
f 4496 4497 4494
f 4494 4497 4495
f 4497 4496 4498
f 4498 4496 4499
f 4500 4501 4503
f 4503 4501 4502
f 4505 4506 4504
f 4504 4506 4507
f 4466 4508 4462
f 4462 4508 4509
f 4470 4510 4469
f 4469 4510 4511
f 4513 4479 4512
f 4512 4479 4478
f 4515 4443 4514
f 4514 4443 4442
f 4516 4517 4519
f 4519 4517 4518
f 4521 4495 4520
f 4520 4495 4497
f 4522 4490 4521
f 4521 4490 4495
f 4491 4523 4488
f 4488 4523 4524
f 4525 4489 4524
f 4524 4489 4488
f 4484 4526 4485
f 4485 4526 4527
f 4503 4528 4500
f 4500 4528 4529
f 4530 4531 4533
f 4533 4531 4532
f 4535 4506 4534
f 4534 4506 4530
f 4486 4536 4487
f 4487 4536 4537
f 4487 4537 4492
f 4492 4537 4538
f 4494 4539 4496
f 4496 4539 4540
f 4542 4533 4541
f 4541 4533 4499
f 4544 4545 4543
f 4543 4545 4546
f 4548 4549 4547
f 4547 4549 4550
f 4536 4551 4537
f 4537 4551 4552
f 4537 4552 4538
f 4538 4552 4553
f 4554 4539 4556
f 4556 4539 4555
f 4557 4540 4554
f 4554 4540 4539
f 4559 4557 4558
f 4558 4557 4560
f 4540 4557 4541
f 4541 4557 4559
f 4562 4563 4561
f 4561 4563 4564
f 4546 4565 4543
f 4543 4565 4566
f 4547 4567 4548
f 4548 4567 4568
f 4570 4571 4569
f 4569 4571 4572
f 4574 4575 4573
f 4573 4575 4576
f 4578 4579 4577
f 4577 4579 4580
f 4582 4583 4581
f 4581 4583 4584
f 4585 4586 4588
f 4588 4586 4587
f 4589 4585 4590
f 4590 4585 4588
f 4592 4593 4591
f 4591 4593 4594
f 4596 4597 4595
f 4595 4597 4598
f 4600 4601 4599
f 4599 4601 4602
f 4563 4604 4603
f 4603 4604 4605
f 4603 4606 4608
f 4608 4606 4607
f 4609 4610 4594
f 4594 4610 4591
f 4611 4612 4614
f 4614 4612 4613
f 4616 4617 4615
f 4615 4617 4618
f 4602 4620 4619
f 4619 4620 4621
f 4619 4622 4602
f 4602 4622 4599
f 4605 4599 4623
f 4623 4599 4622
f 4605 4623 4603
f 4603 4623 4606
f 4625 4626 4624
f 4624 4626 4627
f 4438 4437 4628
f 4628 4437 4629
f 4442 4441 4630
f 4630 4441 4631
f 4630 4632 4442
f 4442 4632 4514
f 4633 4634 4529
f 4529 4634 4500
f 4500 4634 4501
f 4501 4634 4635
f 4637 4546 4636
f 4636 4546 4545
f 4639 4565 4638
f 4638 4565 4640
f 4573 4576 4641
f 4641 4576 4642
f 4593 4643 4594
f 4594 4643 4644
f 4645 4609 4644
f 4644 4609 4594
f 4647 4648 4646
f 4646 4648 4649
f 4651 4652 4650
f 4650 4652 4653
f 4654 4498 4519
f 4519 4498 4532
f 4520 4508 4521
f 4521 4508 4511
f 4522 4510 4523
f 4523 4510 4655
f 4524 4656 4525
f 4525 4656 4657
f 4514 4529 4515
f 4515 4529 4528
f 4658 4659 4661
f 4661 4659 4660
f 4496 4540 4499
f 4499 4540 4541
f 4493 4555 4494
f 4494 4555 4539
f 4549 4483 4550
f 4550 4483 4482
f 4545 4544 4501
f 4501 4544 4502
f 4636 4545 4635
f 4635 4545 4501
f 4589 4663 4662
f 4662 4663 4664
f 4662 4665 4558
f 4558 4665 4559
f 4569 4586 4570
f 4570 4586 4560
f 4552 4666 4553
f 4553 4666 4667
f 4668 4669 4670
f 4670 4669 4666
f 4672 4673 4671
f 4671 4673 4674
f 4287 4675 4288
f 4288 4675 4676
f 4678 4679 4677
f 4677 4679 4680
f 4681 4678 4682
f 4682 4678 4677
f 4682 4683 4681
f 4681 4683 4684
f 4161 4164 4685
f 4685 4164 4686
f 4414 4687 4689
f 4689 4687 4688
f 4405 4690 4346
f 4346 4690 4347
f 4691 4399 4693
f 4693 4399 4692
f 1209 4694 4365
f 4365 4694 4366
f 4650 1211 4651
f 4651 1211 1210
f 4695 4696 4255
f 4255 4696 4256
f 4697 4698 4218
f 4218 4698 4215
f 4700 4701 4699
f 4699 4701 4702
f 4703 4704 4303
f 4303 4704 4300
f 4315 3922 4316
f 4316 3922 3945
f 4653 4706 4705
f 4705 4706 4707
f 4709 4710 4708
f 4708 4710 4711
f 4335 4334 4713
f 4713 4334 4712
f 4714 4340 4321
f 4321 4340 4322
f 4716 4717 4715
f 4715 4717 4718
f 4238 4241 4719
f 4719 4241 4720
f 4231 4721 4307
f 4307 4721 4308
f 4723 4724 4722
f 4722 4724 4725
f 4727 4728 4726
f 4726 4728 4729
f 4730 4731 4327
f 4327 4731 4328
f 4733 4734 4732
f 4732 4734 4735
f 4720 4381 4736
f 4736 4381 4737
f 4738 4739 4741
f 4741 4739 4740
f 4743 4744 4742
f 4742 4744 4745
f 4338 4390 4339
f 4339 4390 4431
f 4746 4747 4431
f 4431 4747 4339
f 4291 4332 4289
f 4289 4332 4317
f 4289 4209 4291
f 4291 4209 4286
f 4287 4286 4210
f 4210 4286 4209
f 4749 4750 4748
f 4748 4750 4751
f 4212 4284 4752
f 4752 4284 4753
f 4752 4754 4212
f 4212 4754 4213
f 4252 4251 4225
f 4225 4251 4226
f 4227 4230 4248
f 4248 4230 4249
f 4205 4755 4757
f 4757 4755 4756
f 4708 4711 4758
f 4758 4711 4647
f 4367 4366 4759
f 4759 4366 4760
f 4526 4513 4527
f 4527 4513 4512
f 4420 4423 4385
f 4385 4423 4386
f 4705 4761 4653
f 4653 4761 4650
f 4761 1279 4650
f 4650 1279 1211
f 4762 4763 3944
f 3944 4763 3936
f 4274 4273 4765
f 4765 4273 4764
f 4767 4768 4766
f 4766 4768 4769
f 4770 4771 4769
f 4769 4771 4766
f 4771 4770 4242
f 4242 4770 4243
f 4093 4163 4094
f 4094 4163 4162
f 4772 4773 4775
f 4775 4773 4774
f 4777 4778 4776
f 4776 4778 4779
f 4417 4185 4182
f 4182 4185 4184
f 4780 4078 4781
f 4781 4078 4077
f 4781 4077 4782
f 4782 4077 4189
f 4188 4783 4189
f 4189 4783 4782
f 4295 4232 4307
f 4307 4232 4231
f 4785 4786 4784
f 4784 4786 4787
f 4784 1307 4785
f 4785 1307 1306
f 4078 4780 4096
f 4096 4780 4097
f 4075 4074 4310
f 4310 4074 4788
f 4788 4074 4789
f 4789 4074 4191
f 4789 4191 4059
f 4059 4191 4790
f 4791 4277 4792
f 4792 4277 4278
f 3732 3735 4793
f 4793 3735 4313
f 4793 4794 3732
f 3732 4794 3731
f 4792 4795 4791
f 4791 4795 4796
f 4797 4798 4799
f 4799 4798 4724
f 4763 4800 3936
f 3936 4800 3935
f 4801 4062 3729
f 3729 4062 3730
f 4713 4712 4802
f 4802 4712 4803
f 4146 4804 4119
f 4119 4804 4805
f 4498 4654 4497
f 4497 4654 4520
f 4806 4807 1326
f 1326 4807 1327
f 4689 4688 1330
f 1330 4688 1331
f 4801 4789 4062
f 4062 4789 4059
f 3730 4062 4808
f 4808 4062 4061
f 4810 4811 4809
f 4809 4811 4812
f 4813 4403 4814
f 4814 4403 4345
f 4815 4816 4349
f 4349 4816 4350
f 4817 4818 4820
f 4820 4818 4819
f 4406 4821 4407
f 4407 4821 4822
f 4823 4161 4824
f 4824 4161 4685
f 4181 4414 4825
f 4825 4414 4689
f 4741 4740 4826
f 4826 4740 4827
f 4828 4829 4827
f 4827 4829 4826
f 4142 4141 4415
f 4415 4141 4148
f 4830 1354 4761
f 4761 1354 1279
f 4832 4833 4831
f 4831 4833 4834
f 4835 4836 4626
f 4626 4836 4421
f 4451 4709 4395
f 4395 4709 4708
f 4627 4420 4837
f 4837 4420 4385
f 4837 1365 4838
f 4838 1365 1364
f 4397 4396 4839
f 4839 4396 4840
f 4842 4628 4841
f 4841 4628 4629
f 4671 4674 4631
f 4631 4674 4630
f 4674 4659 4630
f 4630 4659 4632
f 4633 4632 4658
f 4658 4632 4659
f 4658 4504 4633
f 4633 4504 4634
f 4635 4634 4507
f 4507 4634 4504
f 4843 4636 4507
f 4507 4636 4635
f 4844 4637 4843
f 4843 4637 4636
f 4637 4844 4640
f 4640 4844 4664
f 4638 4663 4642
f 4642 4663 4845
f 4847 4643 4846
f 4846 4643 4641
f 4644 4848 4645
f 4645 4848 4849
f 4851 4852 4850
f 4850 4852 4853
f 4855 4856 4854
f 4854 4856 4857
f 4859 4860 4858
f 4858 4860 4857
f 4715 4718 4859
f 4859 4718 4860
f 4862 4863 4861
f 4861 4863 4864
f 4866 4867 4865
f 4865 4867 4868
f 4870 4871 4869
f 4869 4871 4872
f 4869 4872 4116
f 4116 4872 4117
f 4820 4819 4874
f 4874 4819 4873
f 4876 4877 4875
f 4875 4877 4878
f 4880 4881 4879
f 4879 4881 4882
f 4884 4885 4883
f 4883 4885 4886
f 4887 4888 4280
f 4280 4888 4281
f 4818 4817 4889
f 4889 4817 4890
f 4891 4193 4823
f 4823 4193 4192
f 4892 4893 4228
f 4228 4893 4229
f 4158 4157 4894
f 4894 4157 4895
f 4896 4897 4132
f 4132 4897 4133
f 4099 4683 4100
f 4100 4683 4682
f 4101 4100 4899
f 4899 4100 4898
f 4150 4106 4147
f 4147 4106 4900
f 4100 4682 4898
f 4898 4682 4677
f 4080 4082 4187
f 4187 4082 4184
f 4077 4080 4189
f 4189 4080 4187
f 4191 4190 4790
f 4790 4190 4901
f 4177 4158 4680
f 4680 4158 4894
f 4108 4136 4752
f 4752 4136 4754
f 4752 4753 4108
f 4108 4753 4109
f 4817 4902 4890
f 4890 4902 4903
f 4904 4905 4907
f 4907 4905 4906
f 4909 4910 4908
f 4908 4910 4911
f 4913 4914 4912
f 4912 4914 4915
f 4916 4917 4919
f 4919 4917 4918
f 4312 4424 4299
f 4299 4424 4304
f 4920 4921 4297
f 4297 4921 4298
f 4194 4922 4167
f 4167 4922 4923
f 4924 4400 4691
f 4691 4400 4399
f 4395 4708 4396
f 4396 4708 4758
f 4367 4925 4368
f 4368 4925 4926
f 4919 4918 4873
f 4873 4918 4874
f 4836 4927 4421
f 4421 4927 4422
f 4921 4928 4298
f 4298 4928 4311
f 4143 4146 4122
f 4122 4146 4119
f 4929 4930 4455
f 4455 4930 4452
f 4932 4933 4931
f 4931 4933 4934
f 4935 4936 4932
f 4932 4936 4933
f 4461 4460 4457
f 4457 4460 4458
f 4480 4479 4475
f 4475 4479 4476
f 4660 4673 4517
f 4517 4673 4937
f 4661 4505 4658
f 4658 4505 4504
f 4484 4483 4489
f 4489 4483 4486
f 4462 4509 4463
f 4463 4509 4518
f 4469 4511 4466
f 4466 4511 4508
f 4655 4473 4656
f 4656 4473 4477
f 4476 4657 4477
f 4477 4657 4656
f 4479 4513 4476
f 4476 4513 4657
f 4489 4525 4484
f 4484 4525 4526
f 4483 4549 4486
f 4486 4549 4536
f 4549 4548 4536
f 4536 4548 4551
f 4548 4568 4551
f 4551 4568 4670
f 4663 4589 4845
f 4845 4589 4590
f 4668 4577 4938
f 4938 4577 4580
f 4940 4938 4939
f 4939 4938 4941
f 4940 4942 4669
f 4669 4942 4943
f 4587 4582 4944
f 4944 4582 4581
f 4848 4847 4608
f 4608 4847 4564
f 4616 4945 4613
f 4613 4945 4598
f 4615 4946 4616
f 4616 4946 4945
f 4947 4939 4948
f 4948 4939 4946
f 4599 4605 4600
f 4600 4605 4604
f 4608 4607 4848
f 4848 4607 4849
f 4613 4612 4616
f 4616 4612 4617
f 4835 4949 4709
f 4709 4949 4710
f 4357 1477 4837
f 4837 1477 1365
f 4712 4950 4803
f 4803 4950 4951
f 4401 4952 4402
f 4402 4952 4953
f 4759 4760 4402
f 4402 4760 4399
f 4508 4520 4509
f 4509 4520 4654
f 4510 4522 4511
f 4511 4522 4521
f 4513 4526 4657
f 4657 4526 4525
f 4632 4633 4514
f 4514 4633 4529
f 4931 4934 4453
f 4453 4934 4454
f 4153 4954 4154
f 4154 4954 4955
f 4957 4958 4956
f 4956 4958 4959
f 4961 4962 4960
f 4960 4962 4963
f 4120 4964 4210
f 4210 4964 4965
f 4967 4968 4966
f 4966 4968 4969
f 4349 4692 4815
f 4815 4692 4970
f 4652 4971 4653
f 4653 4971 4706
f 4758 4647 4972
f 4972 4647 4646
f 4973 4363 4646
f 4646 4363 4972
f 4950 4360 4974
f 4974 4360 4364
f 4431 4335 4746
f 4746 4335 4713
f 4358 4714 4325
f 4325 4714 4321
f 4765 4764 4266
f 4266 4764 4975
f 4202 4976 4203
f 4203 4976 4977
f 4917 4978 4918
f 4918 4978 4979
f 4279 4282 4854
f 4854 4282 4269
f 4820 4880 4817
f 4817 4880 4902
f 4890 4903 4980
f 4980 4903 4886
f 4982 4983 4981
f 4981 4983 4123
f 4795 4851 4796
f 4796 4851 4850
f 4918 4979 4874
f 4874 4979 4881
f 4809 4404 4810
f 4810 4404 4403
f 4354 4985 4984
f 4984 4985 4986
f 1364 1516 4838
f 4838 1516 4987
f 4759 4988 4367
f 4367 4988 4925
f 4989 4990 4481
f 4481 4990 4478
f 4443 4515 4990
f 4990 4515 4991
f 4527 4512 4992
f 4992 4512 4991
f 4528 4503 4992
f 4992 4503 4993
f 4993 4994 4485
f 4485 4994 4482
f 4544 4995 4502
f 4502 4995 4994
f 4995 4996 4550
f 4550 4996 4547
f 4998 4999 4997
f 4997 4999 4566
f 4998 5000 4578
f 4578 5000 4579
f 5001 5002 4596
f 4596 5002 4597
f 5003 4591 5004
f 5004 4591 4610
f 4626 4421 4627
f 4627 4421 4420
f 4837 4838 4627
f 4627 4838 4624
f 4761 4705 4830
f 4830 4705 5005
f 4705 4707 5005
f 5005 4707 5006
f 4308 4721 4075
f 4075 4721 4076
f 5007 4200 4797
f 4797 4200 4798
f 4685 4686 5008
f 5008 4686 5009
f 4889 4890 5010
f 5010 4890 4980
f 4323 1541 4324
f 4324 1541 1540
f 4385 4384 4358
f 4358 4384 4714
f 4396 4758 4840
f 4840 4758 4972
f 4866 4852 5011
f 5011 4852 5012
f 5013 4260 4980
f 4980 4260 5010
f 4875 4878 5014
f 5014 4878 5015
f 5017 5018 5016
f 5016 5018 5019
f 5016 5019 5020
f 5020 5019 5021
f 5023 5024 5022
f 5022 5024 5025
f 5027 5028 5026
f 5026 5028 5029
f 5031 5032 5030
f 5030 5032 5033
f 5035 5036 5034
f 5034 5036 5037
f 5039 5040 5038
f 5038 5040 5041
f 5043 5044 5042
f 5042 5044 5045
f 5038 5046 5039
f 5039 5046 5047
f 5049 5050 5048
f 5048 5050 5051
f 5053 5054 5052
f 5052 5054 5055
f 5057 5024 5056
f 5056 5024 5058
f 5060 5061 5059
f 5059 5061 5062
f 5064 5065 5063
f 5063 5065 5066
f 5043 5050 5064
f 5064 5050 5065
f 5038 5041 5067
f 5067 5041 5068
f 5070 5071 5069
f 5069 5071 5072
f 5074 5075 5073
f 5073 5075 5076
f 5034 5077 5035
f 5035 5077 5078
f 5080 5081 5079
f 5079 5081 5082
f 5084 5085 5083
f 5083 5085 5086
f 5085 5084 5087
f 5087 5084 5088
f 5090 5091 5089
f 5089 5091 5092
f 5094 5095 5093
f 5093 5095 5096
f 5098 5099 5097
f 5097 5099 5100
f 5102 5103 5101
f 5101 5103 5104
f 5105 5106 5108
f 5108 5106 5107
f 5110 5111 5109
f 5109 5111 5112
f 5114 5094 5113
f 5113 5094 5093
f 5116 5117 5115
f 5115 5117 5118
f 5120 5121 5119
f 5119 5121 5122
f 5124 5125 5123
f 5123 5125 5126
f 5128 5129 5127
f 5127 5129 5130
f 5097 5131 5098
f 5098 5131 5132
f 5134 5135 5133
f 5133 5135 5122
f 5084 5125 5088
f 5088 5125 5136
f 5138 5139 5137
f 5137 5139 5140
f 5142 5102 5141
f 5141 5102 5101
f 5106 5143 5107
f 5107 5143 5144
f 5146 5147 5145
f 5145 5147 5148
f 5149 5150 5109
f 5109 5150 5110
f 5151 5110 5152
f 5152 5110 5150
f 4715 5140 4716
f 4716 5140 5139
f 5143 4870 5144
f 5144 4870 4869
f 4115 5146 4116
f 4116 5146 5145
f 4791 4796 5149
f 5149 4796 5150
f 4796 4850 5150
f 5150 4850 5152
f 4858 5142 4859
f 4859 5142 5141
f 5153 5154 5115
f 5115 5154 5105
f 5156 5157 5155
f 5155 5157 5158
f 5159 5160 5053
f 5053 5160 5054
f 5161 5162 5020
f 5020 5162 5068
f 5026 5029 5163
f 5163 5029 5021
f 5083 5086 5164
f 5164 5086 5165
f 5090 5167 5166
f 5166 5167 5168
f 5169 5170 5172
f 5172 5170 5171
f 5174 5175 5173
f 5173 5175 5176
f 5177 5109 5178
f 5178 5109 5112
f 5179 5180 5182
f 5182 5180 5181
f 5123 5126 5120
f 5120 5126 5121
f 5180 5167 5181
f 5181 5167 5183
f 5184 5185 5179
f 5179 5185 5180
f 5186 5149 5177
f 5177 5149 5109
f 4868 5184 4865
f 4865 5184 5179
f 5188 5189 5187
f 5187 5189 5190
f 4277 4791 5186
f 5186 4791 5149
f 5179 5182 4865
f 4865 5182 4853
f 5189 4862 5190
f 5190 4862 4861
f 5156 5075 5191
f 5191 5075 5192
f 5036 5035 5193
f 5193 5035 5194
f 5115 5118 5153
f 5153 5118 5195
f 5022 5025 5196
f 5196 5025 5197
f 5155 5158 5069
f 5069 5158 5062
f 5063 5066 5198
f 5198 5066 5199
f 5073 5076 5200
f 5200 5076 5072
f 5202 5131 5201
f 5201 5131 5203
f 5143 5106 5204
f 5204 5106 5205
f 5114 5113 5206
f 5206 5113 5127
f 5098 5132 5193
f 5193 5132 5195
f 5204 5207 5143
f 5143 5207 4870
f 5088 5136 5208
f 5208 5136 5092
f 5209 5210 5089
f 5089 5210 5183
f 5211 5018 5060
f 5060 5018 5061
f 5017 5040 5070
f 5070 5040 5071
f 5191 5160 5156
f 5156 5160 5157
f 5048 5028 5049
f 5049 5028 5058
f 5207 5204 4858
f 4858 5204 5142
f 4859 5141 4715
f 4715 5141 5140
f 5212 5162 5042
f 5042 5162 5051
f 5182 5152 4853
f 4853 5152 4850
f 5214 5134 5213
f 5213 5134 5133
f 5164 5165 5133
f 5133 5165 5213
f 5215 5216 5201
f 5201 5216 5217
f 5147 5218 5148
f 5148 5218 5219
f 5147 5177 5218
f 5218 5177 5178
f 5141 5101 5140
f 5140 5101 5137
f 5201 5217 5202
f 5202 5217 5104
f 5146 5186 5147
f 5147 5186 5177
f 4277 5186 4115
f 4115 5186 5146
f 5191 5192 5031
f 5031 5192 5032
f 5052 5055 5220
f 5220 5055 5197
f 4116 5145 4869
f 4869 5145 5144
f 5034 5037 5214
f 5214 5037 5134
f 5097 5100 5114
f 5114 5100 5094
f 5108 5107 5219
f 5219 5107 5148
f 5221 5135 5116
f 5116 5135 5117
f 5124 5111 5209
f 5209 5111 5210
f 5107 5144 5148
f 5148 5144 5145
f 5152 5182 5151
f 5151 5182 5181
f 5208 5222 5088
f 5088 5222 5087
f 5222 5208 5171
f 5171 5208 5172
f 5223 1756 4698
f 4698 1756 1755
f 4427 5224 4107
f 4107 5224 4135
f 4178 4679 5225
f 5225 4679 5226
f 5227 5228 4892
f 4892 5228 4893
f 5229 5230 4171
f 4171 5230 4172
f 4855 4268 4884
f 4884 4268 4885
f 4884 4871 4855
f 4855 4871 4856
f 4684 5231 4896
f 4896 5231 4897
f 4768 4767 5009
f 5009 4767 5008
f 5205 5154 5102
f 5102 5154 5103
f 5099 5098 5194
f 5194 5098 5193
f 5198 5199 5079
f 5079 5199 5033
f 5102 5142 5205
f 5205 5142 5204
f 5224 4427 4681
f 4681 4427 4678
f 3712 3711 5232
f 5232 3711 5233
f 3968 3988 3963
f 3963 3988 3964
f 3976 4044 3972
f 3972 4044 3985
f 4038 4037 4036
f 4036 4037 4033
f 4794 4762 3731
f 3731 4762 3944
f 3731 3944 3722
f 3722 3944 3810
f 3874 5234 5232
f 5232 5234 3712
f 3906 3905 3867
f 3867 3905 4011
f 3904 4023 3905
f 3905 4023 4011
f 3719 3722 3811
f 3811 3722 3810
f 3812 3719 3687
f 3687 3719 3811
f 3716 3812 3686
f 3686 3812 3687
f 3713 3716 3685
f 3685 3716 3686
f 4810 4403 5235
f 5235 4403 4813
f 4345 1770 4814
f 4814 1770 1769
f 4067 4066 4058
f 4058 4066 5236
f 4043 4068 4049
f 4049 4068 4050
f 4034 5237 3989
f 3989 5237 3990
f 4031 4030 4072
f 4072 4030 4005
f 4003 4004 4002
f 4002 4004 4032
f 4004 4005 4032
f 4032 4005 4030
f 4067 4064 4068
f 4068 4064 4050
f 4058 4057 4067
f 4067 4057 4064
f 4035 4034 5238
f 5238 4034 3989
f 5236 5239 4058
f 4058 5239 5240
f 5234 3874 5241
f 5241 3874 3873
f 5241 3873 3881
f 3881 3873 3878
f 4800 4763 4788
f 4788 4763 4310
f 4763 4762 4310
f 4310 4762 4309
f 4762 4794 4309
f 4309 4794 4306
f 4794 4793 4306
f 4306 4793 4292
f 4293 4313 4302
f 4302 4313 4314
f 4302 4314 4303
f 4303 4314 4315
f 4303 4315 4703
f 4703 4315 4316
f 4035 4069 4043
f 4043 4069 4068
f 4324 1540 4357
f 4357 1540 1477
f 5232 3987 3874
f 3874 3987 3871
f 3987 5232 4013
f 4013 5232 5233
f 4013 5233 4014
f 4014 5233 5242
f 3888 4015 3865
f 3865 4015 4007
f 3866 4008 5243
f 5243 4008 4016
f 3873 5244 3878
f 3878 5244 3875
f 3965 5244 3872
f 3872 5244 3873
f 3876 3875 3965
f 3965 3875 5244
f 5243 4016 5242
f 5242 4016 4014
f 5246 5247 5245
f 5245 5247 5248
f 3576 3950 3577
f 3577 3950 3926
f 3584 3842 3585
f 3585 3842 3580
f 5249 5247 1784
f 1784 5247 1785
f 5250 5251 5253
f 5253 5251 5252
f 5255 5252 5254
f 5254 5252 5256
f 5254 5256 5258
f 5258 5256 5257
f 5258 5257 5260
f 5260 5257 5259
f 4356 5261 4424
f 4424 5261 5259
f 4355 5262 4356
f 4356 5262 5261
f 4924 5264 5263
f 5263 5264 5265
f 4693 5266 4691
f 4691 5266 5267
f 4351 5268 4352
f 4352 5268 5269
f 1808 1807 4351
f 4351 1807 5268
f 3580 3842 3581
f 3799 3802 3838
f 4800 4788 4801
f 4801 4788 4789
f 3729 3935 4801
f 4801 3935 4800
f 3728 3666 3729
f 3729 3666 3935
f 3728 3798 3666
f 3666 3798 3663
f 3798 3818 3663
f 3663 3818 3809
f 3818 3817 3809
f 3809 3817 3808
f 3796 3655 3817
f 3817 3655 3808
f 3615 3568 3796
f 3796 3568 3655
f 3573 3569 3615
f 3615 3569 3568
f 3572 3613 3573
f 3573 3613 3569
f 3792 3606 3572
f 3572 3606 3613
f 3607 3791 3949
f 3949 3791 3591
f 3590 3950 3591
f 3591 3950 3949
f 3805 3926 3590
f 3590 3926 3950
f 3804 3559 3805
f 3805 3559 3926
f 3804 3914 3559
f 3559 3914 3560
f 3924 3789 3913
f 3913 3789 3788
f 3924 3928 3789
f 3789 3928 3826
f 3928 3927 3826
f 3826 3927 3827
f 3927 3834 3827
f 3827 3834 3835
f 4079 4078 5270
f 5270 4078 5007
f 5271 5272 4233
f 4233 5272 5273
f 5275 5276 5274
f 5274 5276 5277
f 5278 5279 4236
f 4236 5279 4237
f 5278 5280 5271
f 5271 5280 5272
f 4235 5281 4236
f 4236 5281 5282
f 5284 5285 5283
f 5283 5285 5286
f 5288 5289 5287
f 5287 5289 5290
f 5292 5293 5291
f 5291 5293 5294
f 5287 5290 4726
f 4726 5290 5295
f 4293 4292 4313
f 4313 4292 4793
f 4720 4736 4719
f 4719 4736 5296
f 5297 4909 5298
f 5298 4909 4908
f 5299 5300 4976
f 4976 5300 5301
f 5302 4202 5303
f 5303 4202 4201
f 5304 5305 4983
f 4983 5305 5306
f 5308 5309 5307
f 5307 5309 5310
f 4722 4725 5283
f 5283 4725 5311
f 5291 5294 4125
f 4125 5294 4126
f 5313 5314 5312
f 5312 5314 5315
f 5316 5317 5319
f 5319 5317 5318
f 5321 5308 5320
f 5320 5308 5307
f 4819 4981 4873
f 4873 4981 5322
f 4981 4123 5322
f 5322 4123 4126
f 5324 5325 5323
f 5323 5325 5326
f 4764 5327 4975
f 4975 5327 5328
f 4172 5327 4169
f 4169 5327 5329
f 4768 4171 4769
f 4769 4171 4170
f 4243 4755 4244
f 4244 4755 5330
f 4755 4205 5330
f 5330 4205 4208
f 4206 4906 4207
f 4207 4906 4905
f 4686 5014 5009
f 5009 5014 5229
f 4756 4770 4170
f 4170 4770 4769
f 4170 4169 4756
f 4756 4169 4757
f 4273 5329 4764
f 4764 5329 5327
f 4276 5331 4273
f 4273 5331 5329
f 4770 4756 4243
f 4243 4756 4755
f 5333 4889 5332
f 5332 4889 5010
f 4877 5332 4878
f 4878 5332 4259
f 4875 4164 4876
f 4876 4164 4163
f 5334 5335 5324
f 5324 5335 5325
f 4983 5306 4123
f 4123 5306 4124
f 4818 4982 4819
f 4819 4982 4981
f 5332 5010 4259
f 4259 5010 4260
f 5014 4686 4875
f 4875 4686 4164
f 4171 4768 5229
f 5229 4768 5009
f 5337 4916 5336
f 5336 4916 4919
f 5293 5337 5294
f 5294 5337 5336
f 4982 4818 5333
f 5333 4818 4889
f 5338 5339 4262
f 4262 5339 5340
f 5307 5310 5338
f 5338 5310 5339
f 5341 5342 4204
f 4204 5342 5309
f 5336 4919 5322
f 5322 4919 4873
f 5294 5336 4126
f 4126 5336 5322
f 5323 5326 5343
f 5343 5326 5286
f 4914 5344 4915
f 4915 5344 5345
f 5312 5315 5344
f 5344 5315 5345
f 5347 5348 5346
f 5346 5348 5349
f 5350 5351 4832
f 4832 5351 4833
f 5352 5353 5349
f 5349 5353 5346
f 5354 5338 4265
f 4265 5338 4262
f 5320 5307 5354
f 5354 5307 5338
f 4201 5308 5303
f 5303 5308 5321
f 5356 5357 5355
f 5355 5357 4799
f 5358 5359 5334
f 5334 5359 5335
f 5358 5360 4093
f 4093 5360 4163
f 5360 5305 4163
f 4163 5305 4876
f 5305 5304 4876
f 4876 5304 4877
f 5270 4778 4079
f 4079 4778 4081
f 4779 5361 4774
f 4774 5361 5357
f 5356 5359 4775
f 4775 5359 4092
f 5333 5304 4982
f 4982 5304 4983
f 5332 4877 5333
f 5333 4877 5304
f 5015 4258 5230
f 5230 4258 5328
f 5327 4172 5328
f 5328 4172 5230
f 4169 5329 4757
f 4757 5329 5331
f 4757 5331 4205
f 4205 5331 4206
f 5331 4276 4206
f 4206 4276 4906
f 4276 4275 4906
f 4906 4275 4907
f 4275 4888 4907
f 4907 4888 4744
f 4887 4717 4745
f 4745 4717 4864
f 4716 5139 4861
f 4861 5139 5190
f 5139 5138 5190
f 5190 5138 5187
f 5138 5216 5187
f 5187 5216 5176
f 5215 5362 5173
f 5173 5362 5130
f 5364 5365 5363
f 5363 5365 5340
f 4742 4863 5366
f 5366 4863 4867
f 4862 5189 4868
f 4868 5189 5184
f 5189 5188 5184
f 5184 5188 5185
f 5188 5175 5185
f 5185 5175 5168
f 3560 3788 3561
f 3561 3788 3790
f 3596 3595 3608
f 3608 3595 3594
f 3598 3582 3595
f 3595 3582 3592
f 3600 3609 3601
f 3601 3609 3611
f 3602 3601 3612
f 3612 3601 3611
f 3606 3605 3613
f 3613 3605 3614
f 3793 5367 3794
f 3794 5367 5368
f 3598 3597 3600
f 3600 3597 3609
f 3793 3792 3575
f 3575 3792 3572
f 3561 3594 3558
f 3558 3594 3593
f 3807 3915 3804
f 3804 3915 3914
f 3916 3915 5370
f 5370 3915 5369
f 3602 3605 3603
f 3603 3605 3604
f 3606 3792 3607
f 3607 3792 3791
f 3914 3913 3560
f 3560 3913 3788
f 5174 5129 5166
f 5166 5129 5371
f 5170 5169 5093
f 5093 5169 5113
f 5166 5371 5090
f 5090 5371 5091
f 5128 5169 5372
f 5372 5169 5172
f 5127 5113 5128
f 5128 5113 5169
f 5114 5206 5203
f 5203 5206 5362
f 5200 5373 5073
f 5073 5373 5096
f 5374 5375 5200
f 5200 5375 5373
f 5039 5047 5374
f 5374 5047 5375
f 5087 5046 5085
f 5085 5046 5376
f 5212 5377 5067
f 5067 5377 5376
f 5042 5045 5212
f 5212 5045 5377
f 5064 5378 5043
f 5043 5378 5044
f 5063 5077 5064
f 5064 5077 5378
f 5079 5082 5198
f 5198 5082 5078
f 5099 5081 5100
f 5100 5081 5379
f 5100 5379 5094
f 5094 5379 5095
f 5381 5382 5380
f 5380 5382 5383
f 5385 5386 5384
f 5384 5386 5383
f 5385 5387 5386
f 5386 5387 5388
f 5390 5391 5389
f 5389 5391 5392
f 5393 5394 5396
f 5396 5394 5395
f 5398 5399 5397
f 5397 5399 5400
f 5402 5403 5401
f 5401 5403 5404
f 5406 5407 5405
f 5405 5407 5404
f 5408 5409 5163
f 5163 5409 5410
f 5411 5412 5414
f 5414 5412 5413
f 5057 5416 5415
f 5415 5416 5417
f 5393 5416 5418
f 5418 5416 5419
f 5396 5395 5420
f 5420 5395 5421
f 5423 5424 5422
f 5422 5424 5425
f 5415 5417 5220
f 5220 5417 5426
f 5418 5391 5393
f 5393 5391 5394
f 5414 5388 5411
f 5411 5388 5392
f 5059 5427 5060
f 5060 5427 5428
f 5423 5427 5429
f 5429 5427 5430
f 5432 5382 5431
f 5431 5382 5425
f 5429 5407 5423
f 5423 5407 5424
f 5380 5409 5381
f 5381 5409 5433
f 5381 5433 5422
f 5422 5433 5428
f 5027 5412 5056
f 5056 5412 5419
f 5435 5436 5434
f 5434 5436 5437
f 5159 5439 5438
f 5438 5439 5440
f 5053 5436 5159
f 5159 5436 5439
f 5441 5403 5398
f 5398 5403 5399
f 5163 5410 5026
f 5026 5410 5413
f 5438 5440 5442
f 5442 5440 5430
f 5444 5445 5443
f 5443 5445 5446
f 5447 5448 5450
f 5450 5448 5449
f 5451 5446 5452
f 5452 5446 5445
f 5454 5455 5453
f 5453 5455 5451
f 5456 5454 5458
f 5458 5454 5457
f 5460 5461 5459
f 5459 5461 5462
f 5464 5465 5463
f 5463 5465 5466
f 5468 5469 5467
f 5467 5469 5470
f 5472 5473 5471
f 5471 5473 5474
f 5475 5476 5478
f 5478 5476 5477
f 5479 5480 5482
f 5482 5480 5481
f 5483 5484 5448
f 5448 5484 5485
f 5448 5485 5449
f 5449 5485 5486
f 5487 5476 5488
f 5488 5476 5475
f 5490 5491 5489
f 5489 5491 5492
f 5494 5495 5493
f 5493 5495 5496
f 5498 5494 5497
f 5497 5494 5493
f 5500 5501 5499
f 5499 5501 5502
f 5503 5504 5446
f 5446 5504 5443
f 5506 5507 5505
f 5505 5507 5508
f 5510 5511 5509
f 5509 5511 5512
f 5514 5515 5513
f 5513 5515 5516
f 5518 5519 5517
f 5517 5519 5520
f 5495 5521 5496
f 5496 5521 5522
f 5524 5525 5523
f 5523 5525 5526
f 5527 5528 5494
f 5494 5528 5495
f 5499 5502 5529
f 5529 5502 5530
f 5531 5532 5485
f 5485 5532 5486
f 5485 5484 5531
f 5531 5484 5533
f 5482 5481 5534
f 5534 5481 5535
f 5536 5512 5506
f 5506 5512 5511
f 5455 5503 5451
f 5451 5503 5446
f 5467 5470 5511
f 5511 5470 5537
f 5538 5467 5510
f 5510 5467 5511
f 5540 5541 5539
f 5539 5541 5542
f 5543 5544 5546
f 5546 5544 5545
f 5548 5472 5547
f 5547 5472 5471
f 5493 5496 5549
f 5549 5496 5550
f 5496 5522 5550
f 5550 5522 5551
f 5553 5554 5552
f 5552 5554 5555
f 5557 5447 5556
f 5556 5447 5558
f 5557 5483 5447
f 5447 5483 5448
f 5478 5477 5553
f 5553 5477 5559
f 5477 5560 5559
f 5559 5560 5561
f 5476 5562 5477
f 5477 5562 5560
f 5476 5487 5562
f 5562 5487 5563
f 5560 5564 5561
f 5561 5564 5565
f 5564 5560 5566
f 5566 5560 5562
f 5563 5567 5562
f 5562 5567 5566
f 5569 5521 5568
f 5568 5521 5570
f 5481 5572 5571
f 5571 5572 5573
f 5574 5535 5571
f 5571 5535 5481
f 5576 5577 5575
f 5575 5577 5578
f 5579 5580 5456
f 5456 5580 5581
f 5475 5582 5488
f 5488 5582 5583
f 5584 5536 5505
f 5505 5536 5506
f 5585 5586 5588
f 5588 5586 5587
f 5590 5591 5589
f 5589 5591 5592
f 5519 5593 5520
f 5520 5593 5594
f 5595 5596 5462
f 5462 5596 5597
f 5599 5600 5598
f 5598 5600 5514
f 5602 5603 5601
f 5601 5603 5604
f 5524 5543 5525
f 5525 5543 5546
f 5543 5524 5606
f 5606 5524 5605
f 5607 5608 5500
f 5500 5608 5501
f 5610 5551 5609
f 5609 5551 5522
f 5611 5510 5598
f 5598 5510 5509
f 5612 5597 5457
f 5457 5597 5458
f 5510 5611 5538
f 5538 5611 5613
f 5580 5508 5581
f 5581 5508 5507
f 5615 5616 5614
f 5614 5616 5617
f 5619 5620 5618
f 5618 5620 5621
f 5623 5624 5622
f 5622 5624 5625
f 5627 5624 5626
f 5626 5624 5623
f 5629 5630 5628
f 5628 5630 5631
f 5633 5634 5632
f 5632 5634 5466
f 5635 5636 5463
f 5463 5636 5637
f 5523 5638 5524
f 5524 5638 5605
f 5639 5640 5641
f 5641 5640 5595
f 5611 5513 5613
f 5613 5513 5642
f 5643 5586 5608
f 5608 5586 5501
f 5622 5625 5590
f 5590 5625 5591
f 5598 5514 5611
f 5611 5514 5513
f 5645 5646 5644
f 5644 5646 5647
f 5620 5619 5491
f 5491 5619 5648
f 5649 5643 5492
f 5492 5643 5608
f 5650 5651 5653
f 5653 5651 5652
f 5463 5466 5635
f 5635 5466 5634
f 5597 5612 5462
f 5462 5612 5459
f 5635 5634 5523
f 5523 5634 5638
f 5654 5638 5633
f 5633 5638 5634
f 5655 5656 5525
f 5525 5656 5526
f 5658 5659 5657
f 5657 5659 5527
f 5660 5464 5637
f 5637 5464 5463
f 5632 5466 5661
f 5661 5466 5465
f 5661 5662 5632
f 5632 5662 5658
f 5662 5663 5658
f 5658 5663 5659
f 5665 5659 5664
f 5664 5659 5663
f 5632 5658 5633
f 5633 5658 5657
f 5666 5629 5530
f 5530 5629 5667
f 5528 5527 5665
f 5665 5527 5659
f 5668 5669 5570
f 5570 5669 5568
f 5669 5668 5670
f 5670 5668 5671
f 5646 5672 5673
f 5672 5674 5673
f 5673 5674 5675
f 5674 5460 5675
f 5675 5460 5459
f 5461 5676 5462
f 5462 5676 5595
f 5677 5678 5680
f 5680 5678 5679
f 5628 5681 5629
f 5629 5681 5667
f 5682 5529 5667
f 5667 5529 5530
f 5675 5459 5683
f 5683 5459 5612
f 5585 5666 5502
f 5502 5666 5530
f 5589 5684 5602
f 5602 5684 5603
f 5646 5645 5663
f 5663 5645 5664
f 5685 5647 5673
f 5673 5647 5646
f 5686 5687 5683
f 5683 5687 5685
f 5688 5689 5533
f 5533 5689 5531
f 5690 5691 5535
f 5535 5691 5534
f 5692 5690 5574
f 5574 5690 5535
f 5685 5687 5689
f 5689 5687 5693
f 5489 5694 5490
f 5490 5694 5695
f 5690 5692 5696
f 5696 5692 5697
f 5696 5644 5690
f 5690 5644 5691
f 5447 5450 5558
f 5558 5450 5698
f 5699 5700 5642
f 5642 5700 5613
f 5701 5702 5540
f 5540 5702 5541
f 5431 5703 5432
f 5432 5703 5697
f 5385 5384 5574
f 5574 5384 5692
f 5389 5387 5573
f 5573 5387 5571
f 5565 5390 5573
f 5573 5390 5389
f 5390 5565 5704
f 5704 5565 5564
f 5566 5705 5564
f 5564 5705 5704
f 5569 5441 5609
f 5609 5441 5398
f 5568 5405 5569
f 5569 5405 5441
f 5670 5706 5669
f 5669 5706 5406
f 5703 5431 5670
f 5670 5431 5706
f 5432 5697 5384
f 5384 5697 5692
f 5574 5571 5385
f 5385 5571 5387
f 5607 5707 5489
f 5489 5707 5694
f 5518 5708 5519
f 5519 5708 5709
f 5711 5576 5710
f 5710 5576 5575
f 5713 5714 5712
f 5712 5714 5715
f 5553 5552 5478
f 5478 5552 5716
f 5717 5475 5716
f 5716 5475 5478
f 5718 5719 5605
f 5605 5719 5606
f 5505 5622 5584
f 5584 5622 5590
f 5508 5623 5505
f 5505 5623 5622
f 5626 5623 5580
f 5580 5623 5508
f 5580 5579 5626
f 5626 5579 5720
f 5579 5721 5720
f 5720 5721 5722
f 5666 5585 5723
f 5723 5585 5588
f 5724 5725 5639
f 5639 5725 5640
f 5554 5726 5555
f 5555 5726 5727
f 5453 5728 5729
f 5689 5688 5685
f 5685 5688 5647
f 5604 5730 5512
f 5512 5730 5509
f 5628 5631 5618
f 5618 5631 5592
f 5601 5604 5536
f 5536 5604 5512
f 5732 5676 5731
f 5731 5676 5660
f 5730 5604 5733
f 5733 5604 5603
f 5563 5487 5551
f 5551 5487 5550
f 5489 5492 5607
f 5607 5492 5608
f 5573 5572 5565
f 5565 5572 5561
f 5609 5522 5569
f 5569 5522 5521
f 5499 5734 5500
f 5500 5734 5735
f 5596 5736 5721
f 5721 5736 5722
f 5737 5600 5594
f 5594 5600 5520
f 5599 5730 5517
f 5517 5730 5733
f 5660 5738 5731
f 5731 5738 5739
f 5648 5649 5491
f 5491 5649 5492
f 5501 5586 5502
f 5502 5586 5585
f 5525 5546 5655
f 5655 5546 5740
f 5600 5599 5520
f 5520 5599 5517
f 5708 5739 5709
f 5709 5739 5738
f 5636 5635 5526
f 5526 5635 5523
f 5670 5671 5703
f 5703 5671 5741
f 5490 5695 5742
f 5742 5695 5743
f 5682 5678 5744
f 5744 5678 5677
f 5678 5681 5679
f 5679 5681 5621
f 5742 5743 5679
f 5679 5743 5680
f 5618 5621 5628
f 5628 5621 5681
f 5725 5724 5589
f 5589 5724 5684
f 5456 5458 5579
f 5579 5458 5721
f 5675 5683 5673
f 5673 5683 5685
f 5529 5682 5745
f 5745 5682 5744
f 5721 5458 5596
f 5596 5458 5597
f 5701 5540 5719
f 5719 5540 5606
f 5703 5741 5697
f 5697 5741 5696
f 5500 5735 5607
f 5607 5735 5707
f 5549 5746 5493
f 5493 5746 5497
f 5700 5747 5613
f 5613 5747 5538
f 5420 5421 5434
f 5434 5421 5400
f 5689 5693 5531
f 5531 5693 5532
f 5705 5566 5748
f 5748 5566 5567
f 5609 5398 5610
f 5610 5398 5397
f 5669 5406 5568
f 5568 5406 5405
f 5488 5583 5549
f 5549 5583 5746
f 5714 5713 5710
f 5710 5713 5711
f 5747 5468 5538
f 5538 5468 5467
f 5548 5547 5749
f 5749 5547 5750
f 5733 5603 5751
f 5751 5603 5684
f 5589 5602 5590
f 5590 5602 5584
f 5636 5752 5614
f 5614 5752 5615
f 5753 5754 5738
f 5738 5754 5755
f 5602 5601 5584
f 5584 5601 5536
f 5723 5736 5630
f 5630 5736 5640
f 5595 5640 5596
f 5596 5640 5736
f 5734 5499 5745
f 5745 5499 5529
f 5627 5587 5643
f 5643 5587 5586
f 5553 5559 5554
f 5554 5559 5480
f 5559 5561 5480
f 5480 5561 5572
f 5554 5480 5726
f 5726 5480 5479
f 5749 5750 5715
f 5715 5750 5712
f 5683 5612 5686
f 5686 5612 5457
f 5678 5682 5681
f 5681 5682 5667
f 5598 5509 5599
f 5599 5509 5730
f 5679 5621 5742
f 5742 5621 5620
f 5652 5616 5653
f 5653 5616 5615
f 5220 5426 5052
f 5052 5426 5437
f 5487 5488 5550
f 5550 5488 5549
f 5742 5620 5490
f 5490 5620 5491
f 5551 5610 5563
f 5563 5610 5567
f 5610 5397 5567
f 5567 5397 5748
f 5614 5617 5753
f 5753 5617 5754
f 5480 5572 5481
f 5755 5756 5738
f 5738 5756 5709
f 5745 5744 5758
f 5758 5744 5757
f 5745 5758 5734
f 5734 5758 5759
f 5735 5734 5760
f 5760 5734 5759
f 5707 5735 5761
f 5761 5735 5760
f 5744 5677 5757
f 5757 5677 5762
f 5677 5680 5762
f 5762 5680 5763
f 5763 5680 5764
f 5764 5680 5743
f 5765 5766 5762
f 5762 5766 5757
f 5768 5769 5767
f 5767 5769 5770
f 5771 5772 5770
f 5770 5772 5767
f 5770 5769 5774
f 5774 5769 5773
f 5775 5776 5774
f 5774 5776 5777
f 5773 5778 5774
f 5774 5778 5775
f 5779 5766 5773
f 5773 5766 5778
f 5777 5771 5774
f 5774 5771 5770
f 5780 5781 5783
f 5783 5781 5782
f 5781 5780 5771
f 5771 5780 5772
f 5773 5769 5779
f 5779 5769 5768
f 5768 5759 5779
f 5779 5759 5758
f 5768 5784 5759
f 5759 5784 5760
f 5767 5785 5768
f 5768 5785 5784
f 5785 5767 5786
f 5786 5767 5772
f 5766 5779 5757
f 5757 5779 5758
f 5780 5787 5772
f 5772 5787 5786
f 5785 5786 5788
f 5788 5786 5789
f 5786 5787 5789
f 5789 5787 5790
f 5788 5789 5791
f 5791 5789 5792
f 5791 5793 5788
f 5788 5793 5794
f 5795 5792 5790
f 5790 5792 5789
f 5785 5788 5784
f 5784 5788 5794
f 5784 5794 5760
f 5760 5794 5761
f 5787 5780 5796
f 5796 5780 5783
f 5775 5778 5797
f 5797 5778 5766
f 5797 5798 5775
f 5775 5798 5776
f 5766 5765 5797
f 5797 5765 5799
f 5798 5797 5800
f 5800 5797 5799
f 5798 5801 5776
f 5776 5801 5802
f 5707 5761 5694
f 5694 5761 5803
f 5695 5804 5743
f 5743 5804 5764
f 5804 5695 5803
f 5803 5695 5694
f 5803 5793 5804
f 5804 5793 5805
f 5793 5791 5805
f 5805 5791 5806
f 5804 5805 5764
f 5764 5805 5807
f 5803 5761 5793
f 5793 5761 5794
f 5808 5763 5807
f 5807 5763 5764
f 5808 5765 5763
f 5763 5765 5762
f 5809 5799 5808
f 5808 5799 5765
f 5809 5808 5810
f 5810 5808 5807
f 5811 5809 5812
f 5812 5809 5810
f 5805 5806 5807
f 5807 5806 5810
f 5806 5813 5810
f 5810 5813 5812
f 5799 5809 5800
f 5800 5809 5811
f 5815 5800 5814
f 5814 5800 5811
f 5814 5817 5816
f 5816 5817 5818
f 5814 5811 5817
f 5817 5811 5812
f 5814 5816 5815
f 5815 5816 5796
f 5815 5796 5801
f 5801 5796 5783
f 5801 5798 5815
f 5815 5798 5800
f 5791 5792 5806
f 5806 5792 5813
f 5818 5813 5795
f 5795 5813 5792
f 5818 5817 5813
f 5813 5817 5812
f 5816 5818 5790
f 5790 5818 5795
f 5790 5787 5816
f 5816 5787 5796
f 5771 5777 5781
f 5781 5777 5782
f 5782 5802 5783
f 5783 5802 5801
f 5782 5777 5802
f 5802 5777 5776
f 5588 5587 5722
f 5722 5587 5720
f 5591 5619 5592
f 5592 5619 5618
f 5625 5624 5648
f 5648 5624 5649
f 5624 5627 5649
f 5649 5627 5643
f 5631 5630 5725
f 5725 5630 5640
f 5625 5648 5591
f 5591 5648 5619
f 5588 5722 5723
f 5723 5722 5736
f 5631 5725 5592
f 5592 5725 5589
f 5723 5630 5666
f 5666 5630 5629
f 5587 5627 5720
f 5720 5627 5626
f 5820 5821 5819
f 5819 5821 5822
f 5824 5825 5823
f 5823 5825 5826
f 5823 5826 5827
f 5827 5826 5828
f 5829 5830 5832
f 5832 5830 5831
f 5518 5833 5708
f 5708 5833 5834
f 5835 5836 5824
f 5824 5836 5825
f 5838 5839 5837
f 5837 5839 5840
f 5751 5684 5842
f 5842 5684 5841
f 5843 5841 5724
f 5724 5841 5684
f 5845 5846 5844
f 5844 5846 5847
f 5848 5830 5836
f 5836 5830 5825
f 5518 5751 5833
f 5833 5751 5842
f 5839 5838 5821
f 5821 5838 5849
f 5850 5848 5822
f 5822 5848 5836
f 5851 5845 5828
f 5828 5845 5852
f 5854 5855 5853
f 5853 5855 5856
f 5845 5844 5852
f 5852 5844 5857
f 5858 5827 5852
f 5852 5827 5828
f 5851 5828 5829
f 5829 5828 5826
f 5819 5859 5820
f 5820 5859 5860
f 5835 5861 5819
f 5819 5861 5859
f 5851 5829 5862
f 5862 5829 5832
f 5844 5847 5837
f 5837 5847 5834
f 5819 5822 5835
f 5835 5822 5836
f 5823 5863 5824
f 5824 5863 5864
f 5849 5850 5821
f 5821 5850 5822
f 5825 5830 5826
f 5826 5830 5829
f 5820 5860 5865
f 5865 5860 5866
f 5858 5854 5867
f 5867 5854 5853
f 5854 5857 5855
f 5855 5857 5840
f 5855 5865 5856
f 5856 5865 5866
f 5837 5840 5844
f 5844 5840 5857
f 5827 5858 5868
f 5868 5858 5867
f 5824 5864 5835
f 5835 5864 5861
f 5732 5731 5862
f 5862 5731 5846
f 5863 5823 5868
f 5868 5823 5827
f 5843 5831 5848
f 5848 5831 5830
f 5854 5858 5857
f 5857 5858 5852
f 5855 5840 5865
f 5865 5840 5839
f 5865 5839 5820
f 5820 5839 5821
f 5868 5867 5870
f 5870 5867 5869
f 5868 5870 5863
f 5863 5870 5871
f 5863 5871 5864
f 5864 5871 5872
f 5864 5872 5861
f 5861 5872 5873
f 5867 5853 5869
f 5869 5853 5874
f 5853 5856 5874
f 5874 5856 5875
f 5856 5866 5875
f 5875 5866 5876
f 5877 5878 5874
f 5874 5878 5869
f 5880 5881 5879
f 5879 5881 5882
f 5883 5884 5880
f 5880 5884 5881
f 5881 5884 5886
f 5886 5884 5885
f 5887 5888 5886
f 5886 5888 5889
f 5885 5890 5886
f 5886 5890 5887
f 5889 5882 5886
f 5886 5882 5881
f 5882 5891 5879
f 5879 5891 5892
f 5885 5884 5893
f 5893 5884 5883
f 5883 5871 5893
f 5893 5871 5870
f 5883 5894 5871
f 5871 5894 5872
f 5880 5895 5883
f 5883 5895 5894
f 5896 5895 5879
f 5879 5895 5880
f 5893 5878 5885
f 5885 5878 5890
f 5878 5893 5869
f 5869 5893 5870
f 5897 5896 5892
f 5892 5896 5879
f 5895 5896 5898
f 5898 5896 5899
f 5896 5897 5899
f 5899 5897 5900
f 5898 5899 5901
f 5901 5899 5902
f 5901 5903 5898
f 5898 5903 5904
f 5900 5905 5899
f 5899 5905 5902
f 5898 5904 5895
f 5895 5904 5894
f 5894 5904 5872
f 5872 5904 5873
f 5897 5892 5907
f 5907 5892 5906
f 5892 5891 5906
f 5906 5891 5908
f 5887 5890 5909
f 5909 5890 5878
f 5888 5887 5910
f 5910 5887 5909
f 5878 5877 5909
f 5909 5877 5911
f 5909 5911 5910
f 5910 5911 5912
f 5913 5914 5910
f 5910 5914 5888
f 5908 5914 5906
f 5906 5914 5913
f 5861 5873 5859
f 5859 5873 5915
f 5860 5916 5866
f 5866 5916 5876
f 5916 5860 5915
f 5915 5860 5859
f 5915 5903 5916
f 5916 5903 5917
f 5903 5901 5917
f 5917 5901 5918
f 5916 5917 5876
f 5876 5917 5919
f 5903 5915 5904
f 5904 5915 5873
f 5920 5875 5919
f 5919 5875 5876
f 5920 5877 5875
f 5875 5877 5874
f 5920 5921 5877
f 5877 5921 5911
f 5921 5920 5922
f 5922 5920 5919
f 5923 5921 5924
f 5924 5921 5922
f 5917 5918 5919
f 5919 5918 5922
f 5918 5925 5922
f 5922 5925 5924
f 5921 5923 5911
f 5911 5923 5912
f 5927 5912 5926
f 5926 5912 5923
f 5926 5929 5928
f 5928 5929 5930
f 5926 5923 5929
f 5929 5923 5924
f 5926 5928 5927
f 5927 5928 5907
f 5927 5907 5913
f 5913 5907 5906
f 5913 5910 5927
f 5927 5910 5912
f 5901 5902 5918
f 5918 5902 5925
f 5930 5925 5905
f 5905 5925 5902
f 5930 5929 5925
f 5925 5929 5924
f 5928 5930 5900
f 5900 5930 5905
f 5900 5897 5928
f 5928 5897 5907
f 5882 5889 5891
f 5891 5889 5908
f 5908 5889 5914
f 5914 5889 5888
f 5832 5831 5641
f 5641 5831 5639
f 5833 5838 5834
f 5834 5838 5837
f 5842 5841 5849
f 5849 5841 5850
f 5841 5843 5850
f 5850 5843 5848
f 5847 5846 5739
f 5739 5846 5731
f 5842 5849 5833
f 5833 5849 5838
f 5862 5832 5732
f 5732 5832 5641
f 5847 5739 5834
f 5834 5739 5708
f 5862 5846 5851
f 5851 5846 5845
f 5831 5843 5639
f 5639 5843 5724
f 5676 5732 5595
f 5595 5732 5641
f 5676 5461 5660
f 5660 5461 5464
f 5461 5460 5464
f 5464 5460 5465
f 5460 5674 5465
f 5465 5674 5661
f 5931 5932 5934
f 5934 5932 5933
f 5936 5937 5935
f 5935 5937 5938
f 5935 5938 5939
f 5939 5938 5940
f 5942 5943 5941
f 5941 5943 5944
f 5945 5946 5936
f 5936 5946 5937
f 5948 5949 5947
f 5947 5949 5950
f 5951 5952 5519
f 5519 5952 5593
f 5953 5951 5709
f 5709 5951 5519
f 5955 5956 5954
f 5954 5956 5957
f 5958 5942 5946
f 5946 5942 5937
f 5948 5959 5949
f 5949 5959 5933
f 5960 5958 5934
f 5934 5958 5946
f 5961 5955 5940
f 5940 5955 5962
f 5963 5964 5966
f 5966 5964 5965
f 5955 5954 5962
f 5962 5954 5967
f 5968 5939 5962
f 5962 5939 5940
f 5961 5940 5941
f 5941 5940 5938
f 5931 5969 5932
f 5932 5969 5970
f 5945 5971 5931
f 5931 5971 5969
f 5941 5944 5961
f 5961 5944 5972
f 5954 5957 5947
f 5947 5957 5973
f 5945 5931 5946
f 5946 5931 5934
f 5935 5974 5936
f 5936 5974 5975
f 5959 5960 5933
f 5933 5960 5934
f 5937 5942 5938
f 5938 5942 5941
f 5932 5970 5976
f 5976 5970 5977
f 5968 5964 5978
f 5978 5964 5963
f 5965 5964 5950
f 5950 5964 5967
f 5976 5977 5965
f 5965 5977 5966
f 5947 5950 5954
f 5954 5950 5967
f 5939 5968 5979
f 5979 5968 5978
f 5936 5975 5945
f 5945 5975 5971
f 5972 5754 5956
f 5956 5754 5617
f 5974 5935 5979
f 5979 5935 5939
f 5953 5943 5958
f 5958 5943 5942
f 5964 5968 5967
f 5967 5968 5962
f 5965 5950 5976
f 5976 5950 5949
f 5976 5949 5932
f 5932 5949 5933
f 5979 5978 5981
f 5981 5978 5980
f 5979 5981 5974
f 5974 5981 5982
f 5974 5982 5975
f 5975 5982 5983
f 5975 5983 5971
f 5971 5983 5984
f 5978 5963 5980
f 5980 5963 5985
f 5963 5966 5985
f 5985 5966 5986
f 5986 5966 5987
f 5987 5966 5977
f 5988 5989 5985
f 5985 5989 5980
f 5991 5992 5990
f 5990 5992 5993
f 5994 5995 5991
f 5991 5995 5992
f 5992 5995 5997
f 5997 5995 5996
f 5998 5999 5997
f 5997 5999 6000
f 5996 6001 5997
f 5997 6001 5998
f 6000 5993 5997
f 5997 5993 5992
f 6002 6003 5993
f 5993 6003 5990
f 5995 5994 5996
f 5996 5994 6004
f 5994 5982 6004
f 6004 5982 5981
f 5994 6005 5982
f 5982 6005 5983
f 5991 6006 5994
f 5994 6006 6005
f 6006 5991 6007
f 6007 5991 5990
f 5996 6004 6001
f 6001 6004 5989
f 5989 6004 5980
f 5980 6004 5981
f 6003 6008 5990
f 5990 6008 6007
f 6009 6006 6010
f 6010 6006 6007
f 6008 6011 6007
f 6007 6011 6010
f 6012 6009 6013
f 6013 6009 6010
f 6009 6012 6015
f 6015 6012 6014
f 6011 6016 6010
f 6010 6016 6013
f 6006 6009 6005
f 6005 6009 6015
f 6005 6015 5983
f 5983 6015 5984
f 6008 6003 6018
f 6018 6003 6017
f 6003 6002 6017
f 6017 6002 6019
f 5998 6001 6020
f 6020 6001 5989
f 5999 5998 6021
f 6021 5998 6020
f 5989 5988 6020
f 6020 5988 6022
f 6021 6020 6023
f 6023 6020 6022
f 6021 6024 5999
f 5999 6024 6025
f 6019 6025 6017
f 6017 6025 6024
f 5971 5984 5969
f 5969 5984 6026
f 5970 6027 5977
f 5977 6027 5987
f 6027 5970 6026
f 6026 5970 5969
f 6026 6014 6027
f 6027 6014 6028
f 6014 6012 6028
f 6028 6012 6029
f 6027 6028 5987
f 5987 6028 6030
f 6026 5984 6014
f 6014 5984 6015
f 6031 5986 6030
f 6030 5986 5987
f 6031 5988 5986
f 5986 5988 5985
f 6032 6022 6031
f 6031 6022 5988
f 6032 6031 6033
f 6033 6031 6030
f 6034 6032 6035
f 6035 6032 6033
f 6028 6029 6030
f 6030 6029 6033
f 6029 6036 6033
f 6033 6036 6035
f 6032 6034 6022
f 6022 6034 6023
f 6038 6023 6037
f 6037 6023 6034
f 6037 6040 6039
f 6039 6040 6041
f 6037 6034 6040
f 6040 6034 6035
f 6037 6039 6038
f 6038 6039 6018
f 6038 6018 6024
f 6024 6018 6017
f 6024 6021 6038
f 6038 6021 6023
f 6012 6013 6029
f 6029 6013 6036
f 6041 6036 6016
f 6016 6036 6013
f 6041 6040 6036
f 6036 6040 6035
f 6041 6016 6039
f 6039 6016 6011
f 6011 6008 6039
f 6039 6008 6018
f 5993 6000 6002
f 6002 6000 6019
f 6019 6000 6025
f 6025 6000 5999
f 5943 5756 5944
f 5944 5756 5755
f 6042 5948 5973
f 5973 5948 5947
f 5952 5951 5959
f 5959 5951 5960
f 5951 5953 5960
f 5960 5953 5958
f 5616 5957 5617
f 5617 5957 5956
f 6042 5952 5948
f 5948 5952 5959
f 5944 5755 5972
f 5972 5755 5754
f 5957 5616 5973
f 5973 5616 5652
f 5956 5955 5972
f 5972 5955 5961
f 5943 5953 5756
f 5756 5953 5709
f 6044 6045 6043
f 6043 6045 6046
f 6048 6049 6047
f 6047 6049 6050
f 6047 6050 6051
f 6051 6050 6052
f 6054 6055 6053
f 6053 6055 6056
f 6057 6058 6060
f 6060 6058 6059
f 6061 6062 6048
f 6048 6062 6049
f 6063 6064 6066
f 6066 6064 6065
f 6067 6068 6070
f 6070 6068 6069
f 6071 6069 5653
f 5653 6069 6068
f 6072 6073 6075
f 6075 6073 6074
f 6062 6076 6049
f 6049 6076 6054
f 6058 6067 6059
f 6059 6067 6070
f 6064 6077 6065
f 6065 6077 6045
f 6078 6076 6046
f 6046 6076 6062
f 6073 6080 6079
f 6079 6080 6052
f 6082 6083 6081
f 6081 6083 6084
f 6072 6085 6073
f 6073 6085 6080
f 6086 6051 6080
f 6080 6051 6052
f 6079 6052 6053
f 6053 6052 6050
f 6043 6087 6044
f 6044 6087 6088
f 6061 6089 6043
f 6043 6089 6087
f 6053 6056 6079
f 6079 6056 6090
f 6063 6072 6060
f 6060 6072 6075
f 6043 6046 6061
f 6061 6046 6062
f 6047 6091 6048
f 6048 6091 6092
f 6077 6078 6045
f 6045 6078 6046
f 6049 6054 6050
f 6050 6054 6053
f 6044 6088 6093
f 6093 6088 6094
f 6086 6082 6095
f 6095 6082 6081
f 6083 6082 6066
f 6066 6082 6085
f 6093 6094 6083
f 6083 6094 6084
f 6072 6063 6085
f 6085 6063 6066
f 6051 6086 6096
f 6096 6086 6095
f 6048 6092 6061
f 6061 6092 6089
f 5656 5655 6090
f 6090 5655 6074
f 6091 6047 6096
f 6096 6047 6051
f 6071 6055 6076
f 6076 6055 6054
f 6082 6086 6085
f 6085 6086 6080
f 6093 6083 6065
f 6065 6083 6066
f 6044 6093 6045
f 6045 6093 6065
f 6096 6095 6098
f 6098 6095 6097
f 6096 6098 6091
f 6091 6098 6099
f 6091 6099 6092
f 6092 6099 6100
f 6092 6100 6089
f 6089 6100 6101
f 6095 6081 6097
f 6097 6081 6102
f 6081 6084 6102
f 6102 6084 6103
f 6103 6084 6104
f 6104 6084 6094
f 6106 6097 6105
f 6105 6097 6102
f 6107 6108 6110
f 6110 6108 6109
f 6111 6112 6108
f 6108 6112 6109
f 6109 6112 6114
f 6114 6112 6113
f 6114 6115 6117
f 6117 6115 6116
f 6113 6118 6114
f 6114 6118 6115
f 6117 6110 6114
f 6114 6110 6109
f 6110 6119 6107
f 6107 6119 6120
f 6112 6111 6113
f 6113 6111 6121
f 6111 6099 6121
f 6121 6099 6098
f 6111 6122 6099
f 6099 6122 6100
f 6123 6122 6108
f 6108 6122 6111
f 6124 6123 6107
f 6107 6123 6108
f 6113 6121 6118
f 6118 6121 6106
f 6106 6121 6097
f 6097 6121 6098
f 6125 6124 6120
f 6120 6124 6107
f 6126 6123 6127
f 6127 6123 6124
f 6125 6128 6124
f 6124 6128 6127
f 6129 6126 6130
f 6130 6126 6127
f 6126 6129 6132
f 6132 6129 6131
f 6128 6133 6127
f 6127 6133 6130
f 6123 6126 6122
f 6122 6126 6132
f 6122 6132 6100
f 6100 6132 6101
f 6120 6134 6125
f 6125 6134 6135
f 6120 6119 6134
f 6134 6119 6136
f 6115 6118 6137
f 6137 6118 6106
f 6115 6137 6116
f 6116 6137 6138
f 6137 6106 6139
f 6139 6106 6105
f 6138 6137 6140
f 6140 6137 6139
f 6141 6142 6138
f 6138 6142 6116
f 6136 6142 6134
f 6134 6142 6141
f 6089 6101 6087
f 6087 6101 6143
f 6088 6144 6094
f 6094 6144 6104
f 6143 6144 6087
f 6087 6144 6088
f 6131 6145 6143
f 6143 6145 6144
f 6129 6146 6131
f 6131 6146 6145
f 6144 6145 6104
f 6104 6145 6147
f 6143 6101 6131
f 6131 6101 6132
f 6148 6103 6147
f 6147 6103 6104
f 6103 6148 6102
f 6102 6148 6105
f 6148 6149 6105
f 6105 6149 6139
f 6149 6148 6150
f 6150 6148 6147
f 6151 6149 6152
f 6152 6149 6150
f 6145 6146 6147
f 6147 6146 6150
f 6146 6153 6150
f 6150 6153 6152
f 6149 6151 6139
f 6139 6151 6140
f 6155 6140 6154
f 6154 6140 6151
f 6154 6157 6156
f 6156 6157 6158
f 6154 6151 6157
f 6157 6151 6152
f 6154 6156 6155
f 6155 6156 6135
f 6155 6135 6141
f 6141 6135 6134
f 6141 6138 6155
f 6155 6138 6140
f 6146 6129 6153
f 6153 6129 6130
f 6158 6153 6133
f 6133 6153 6130
f 6158 6157 6153
f 6153 6157 6152
f 6156 6158 6128
f 6128 6158 6133
f 6128 6125 6156
f 6156 6125 6135
f 6110 6117 6119
f 6119 6117 6136
f 6136 6117 6142
f 6142 6117 6116
f 6055 5615 6056
f 6056 5615 5752
f 6060 6059 6063
f 6063 6059 6064
f 6077 6070 6078
f 6078 6070 6069
f 6069 6071 6078
f 6078 6071 6076
f 6159 6057 6075
f 6075 6057 6060
f 6059 6070 6064
f 6064 6070 6077
f 6056 5752 6090
f 6090 5752 5656
f 6090 6074 6079
f 6079 6074 6073
f 6055 6071 5615
f 5615 6071 5653
f 5547 5471 6160
f 6160 5471 6161
f 5729 5577 6163
f 6163 5577 6162
f 5577 5576 6162
f 6162 5576 6164
f 5713 6165 5711
f 5711 6165 6166
f 5474 5729 6167
f 6167 5729 6163
f 5750 5547 6168
f 6168 5547 6160
f 5471 5474 6161
f 6161 5474 6167
f 6169 5712 6168
f 6168 5712 5750
f 5711 6166 5576
f 5576 6166 6164
f 6165 5713 6169
f 6169 5713 5712
f 6168 6170 6169
f 6169 6170 6171
f 6169 6171 6165
f 6165 6171 6172
f 6165 6172 6166
f 6166 6172 6173
f 6166 6173 6164
f 6164 6173 6174
f 6168 6160 6170
f 6170 6160 6175
f 6160 6161 6175
f 6175 6161 6176
f 6161 6167 6176
f 6176 6167 6177
f 6179 6170 6178
f 6178 6170 6175
f 6181 6182 6180
f 6180 6182 6183
f 6184 6185 6181
f 6181 6185 6182
f 6186 6187 6185
f 6185 6187 6182
f 6186 6188 6187
f 6187 6188 6189
f 6190 6183 6187
f 6187 6183 6182
f 6183 6190 6191
f 6191 6190 6192
f 6191 6193 6183
f 6183 6193 6180
f 6186 6185 6194
f 6194 6185 6184
f 6184 6172 6194
f 6194 6172 6171
f 6184 6195 6172
f 6172 6195 6173
f 6181 6196 6184
f 6184 6196 6195
f 6196 6181 6197
f 6197 6181 6180
f 6186 6194 6188
f 6188 6194 6179
f 6179 6194 6170
f 6170 6194 6171
f 6193 6198 6180
f 6180 6198 6197
f 6199 6196 6200
f 6200 6196 6197
f 6198 6201 6197
f 6197 6201 6200
f 6202 6199 6203
f 6203 6199 6200
f 6199 6202 6205
f 6205 6202 6204
f 6201 6206 6200
f 6200 6206 6203
f 6196 6199 6195
f 6195 6199 6205
f 6195 6205 6173
f 6173 6205 6174
f 6198 6193 6208
f 6208 6193 6207
f 6193 6191 6207
f 6207 6191 6192
f 6189 6188 6209
f 6209 6188 6179
f 6210 6189 6211
f 6211 6189 6209
f 6209 6179 6212
f 6212 6179 6178
f 6211 6209 6213
f 6213 6209 6212
f 6211 6214 6210
f 6210 6214 6215
f 6192 6215 6207
f 6207 6215 6214
f 6190 6187 6210
f 6210 6187 6189
f 6192 6190 6215
f 6215 6190 6210
f 6162 6164 6216
f 6216 6164 6174
f 6167 6163 6177
f 6177 6163 6217
f 6216 6217 6162
f 6162 6217 6163
f 6204 6218 6216
f 6216 6218 6217
f 6202 6219 6204
f 6204 6219 6218
f 6217 6218 6177
f 6177 6218 6220
f 6216 6174 6204
f 6204 6174 6205
f 6221 6176 6220
f 6220 6176 6177
f 6176 6221 6175
f 6175 6221 6178
f 6221 6222 6178
f 6178 6222 6212
f 6222 6221 6223
f 6223 6221 6220
f 6224 6222 6225
f 6225 6222 6223
f 6218 6219 6220
f 6220 6219 6223
f 6219 6226 6223
f 6223 6226 6225
f 6222 6224 6212
f 6212 6224 6213
f 6228 6213 6227
f 6227 6213 6224
f 6229 6227 6231
f 6231 6227 6230
f 6227 6224 6230
f 6230 6224 6225
f 6227 6229 6228
f 6228 6229 6208
f 6228 6208 6214
f 6214 6208 6207
f 6214 6211 6228
f 6228 6211 6213
f 6219 6202 6226
f 6226 6202 6203
f 6231 6226 6206
f 6206 6226 6203
f 6231 6230 6226
f 6226 6230 6225
f 6229 6231 6201
f 6201 6231 6206
f 6201 6198 6229
f 6229 6198 6208
f 5674 5672 5661
f 5661 5672 5662
f 5662 5672 5663
f 5663 5672 5646
f 5651 6042 5652
f 5652 6042 5973
f 5518 5517 5751
f 5751 5517 5733
f 5738 5660 5753
f 5753 5660 5637
f 5752 5636 5656
f 5656 5636 5526
f 5952 6042 5593
f 5593 6042 5651
f 5593 5651 5594
f 5594 5651 5650
f 5600 5737 5514
f 5514 5737 5515
f 5546 5545 5740
f 5740 5545 6232
f 6232 6058 5740
f 5740 6058 6057
f 6067 6058 6233
f 6233 6058 6232
f 6233 6232 6234
f 6234 6232 5545
f 6234 5545 6235
f 6235 5545 5544
f 5606 6236 5543
f 5543 6236 5544
f 6235 5544 5539
f 5539 5544 6236
f 6237 6235 5542
f 5542 6235 5539
f 6235 6237 6234
f 6234 6237 6238
f 6234 6238 6233
f 6233 6238 6239
f 5653 6068 5650
f 5650 6068 6239
f 5642 5513 6240
f 6240 5513 5516
f 5539 6236 5540
f 5540 6236 5606
f 5636 5614 5637
f 5637 5614 5753
f 6239 5737 5650
f 5650 5737 5594
f 6239 6068 6233
f 6233 6068 6067
f 6075 6074 6159
f 6159 6074 5655
f 6057 6159 5740
f 5740 6159 5655
f 5515 5737 6238
f 6238 5737 6239
f 6238 6237 5515
f 5515 6237 5516
f 5542 6240 6237
f 6237 6240 5516
f 6240 5542 5642
f 5642 5542 5541
f 5702 5699 5541
f 5541 5699 5642
f 5582 5475 5717
f 5470 5443 5537
f 5537 5443 5504
f 5469 5444 5470
f 5470 5444 5443
f 5726 5557 5727
f 5727 5557 5556
f 5537 5504 5511
f 5511 5504 5506
f 5504 5503 5506
f 5506 5503 5507
f 5503 5455 5507
f 5507 5455 5581
f 5455 5454 5581
f 5581 5454 5456
f 5473 5453 5474
f 5474 5453 5729
f 5457 5454 5473
f 5473 5454 5453
f 5473 5472 5457
f 5457 5472 5686
f 5472 5548 5686
f 5686 5548 5687
f 5749 5693 5548
f 5548 5693 5687
f 5715 5532 5749
f 5749 5532 5693
f 5714 5486 5715
f 5715 5486 5532
f 5714 5710 5486
f 5486 5710 5449
f 5728 5578 5729
f 5729 5578 5577
f 5452 5445 5698
f 5698 5445 5558
f 5445 5444 5558
f 5558 5444 5556
f 5444 5469 5556
f 5556 5469 5727
f 5469 5468 5727
f 5727 5468 5555
f 5468 5747 5555
f 5555 5747 5552
f 5747 5700 5552
f 5552 5700 5716
f 5700 5699 5716
f 5716 5699 5717
f 5699 5702 5717
f 5717 5702 5582
f 5702 5701 5582
f 5582 5701 5583
f 5726 5479 5557
f 5557 5479 5483
f 5483 5479 5484
f 5484 5479 5482
f 5534 5533 5482
f 5482 5533 5484
f 5691 5688 5534
f 5534 5688 5533
f 5644 5647 5691
f 5691 5647 5688
f 5719 5746 5701
f 5701 5746 5583
f 5718 5497 5719
f 5719 5497 5746
f 5718 5605 5654
f 5654 5605 5638
f 5498 5654 5657
f 5657 5654 5633
f 5497 5718 5498
f 5498 5718 5654
f 5657 5527 5498
f 5498 5527 5494
f 5528 5570 5495
f 5495 5570 5521
f 5665 5668 5528
f 5528 5668 5570
f 5664 5671 5665
f 5665 5671 5668
f 5645 5741 5664
f 5664 5741 5671
f 5644 5696 5645
f 5645 5696 5741
f 5710 5575 5449
f 5449 5575 5450
f 5575 5578 5450
f 5450 5578 5698
f 5578 5728 5698
f 5698 5728 5452
f 5452 5728 5451
f 5451 5728 5453
f 3619 6241 3620
f 3620 6241 6242
f 6243 6244 3628
f 3628 6244 3629
f 6245 6246 3634
f 3634 6246 3631
f 6247 6248 3636
f 3636 6248 3637
f 6249 6250 3642
f 3642 6250 3639
f 3639 6250 3643
f 3643 6250 6251
f 3743 6252 3744
f 3744 6252 6253
f 6246 6243 3631
f 3631 6243 3628
f 3753 6254 3754
f 3754 6254 6255
f 3857 6256 3619
f 3619 6256 6241
f 6257 6245 3932
f 3932 6245 3634
f 6242 6247 3620
f 3620 6247 3636
f 6258 6259 3946
f 3946 6259 3947
f 6260 6249 3948
f 3948 6249 3642
f 6244 6258 3629
f 3629 6258 3946
f 3947 6259 3753
f 3753 6259 6254
f 6248 6260 3637
f 3637 6260 3948
f 3643 6251 3743
f 3743 6251 6252
f 3744 6253 3932
f 3932 6253 6257
f 6250 6249 6251
f 6251 6249 6252
f 6245 6261 6246
f 6246 6261 6262
f 6263 6264 6247
f 6247 6264 6248
f 6252 6265 6253
f 6253 6265 6266
f 6246 6262 6243
f 6243 6262 6267
f 6268 6261 6257
f 6257 6261 6245
f 6269 6263 6242
f 6242 6263 6247
f 6270 6271 6260
f 6260 6271 6249
f 6264 6270 6248
f 6248 6270 6260
f 6253 6266 6257
f 6257 6266 6268
f 6249 6271 6252
f 6252 6271 6265
f 6254 6259 6272
f 6272 6259 6273
f 6266 6265 6270
f 6270 6265 6271
f 6268 6266 6264
f 6264 6266 6270
f 6261 6268 6263
f 6263 6268 6264
f 6269 6262 6263
f 6263 6262 6261
f 4186 4185 6274
f 6274 4185 6275
f 6241 6276 6242
f 6242 6276 6269
f 6258 6244 6277
f 6277 6244 6278
f 6256 6279 6241
f 6241 6279 6276
f 6259 6258 6273
f 6273 6258 6277
f 6243 6267 6244
f 6244 6267 6278
f 6276 6267 6269
f 6269 6267 6262
f 6254 6272 6255
f 6255 6272 6280
f 3865 3713 3888
f 3888 3713 3685
f 5242 5233 3892
f 3892 5233 3711
f 3900 5243 3892
f 3892 5243 5242
f 3734 3866 3900
f 3900 3866 5243
f 4117 6281 4118
f 4118 6281 6282
f 4118 6282 4278
f 4278 6282 4879
f 4717 4887 4718
f 4718 4887 4280
f 4792 4278 4882
f 4882 4278 4879
f 4795 4792 6283
f 6283 4792 4882
f 4852 4851 5012
f 5012 4851 6284
f 4856 5207 4857
f 4857 5207 4858
f 4860 4279 4857
f 4857 4279 4854
f 4718 4280 4860
f 4860 4280 4279
f 4864 4863 4745
f 4745 4863 4742
f 5366 4867 5011
f 5011 4867 4866
f 4871 4884 4872
f 4872 4884 4883
f 4872 4883 4117
f 4117 4883 6281
f 6284 4851 6283
f 6283 4851 4795
f 4852 4866 4853
f 4853 4866 4865
f 4871 4870 4856
f 4856 4870 5207
f 4717 4716 4864
f 4864 4716 4861
f 4868 4867 4862
f 4862 4867 4863
f 4268 4855 4269
f 4269 4855 4854
f 4281 4274 4282
f 4282 4274 4765
f 4744 4743 4907
f 4907 4743 4904
f 4874 4881 4820
f 4820 4881 4880
f 4885 5013 4886
f 4886 5013 4980
f 4888 4275 4281
f 4281 4275 4274
f 4902 6282 4903
f 4903 6282 6281
f 6283 4979 6284
f 6284 4979 4978
f 4282 4765 4269
f 4269 4765 4266
f 4880 4879 4902
f 4902 4879 6282
f 4903 6281 4886
f 4886 6281 4883
f 4882 4881 6283
f 6283 4881 4979
f 5013 4885 4267
f 4267 4885 4268
f 4888 4887 4744
f 4744 4887 4745
f 4410 6285 4411
f 4411 6285 4812
f 4750 4749 6286
f 6286 4749 6287
f 6289 4695 6288
f 6288 4695 4255
f 4750 4675 4751
f 4751 4675 4965
f 6290 6291 4963
f 4963 6291 4960
f 4807 4806 4411
f 4411 4806 4408
f 6292 6293 4959
f 4959 6293 4956
f 4958 6294 4959
f 4959 6294 4955
f 4962 4964 4963
f 4963 4964 4805
f 4962 4961 4751
f 4751 4961 4748
f 6296 6297 6295
f 6295 6297 6298
f 6299 6300 6288
f 6288 6300 4735
f 6302 4961 6301
f 6301 4961 4960
f 6304 6287 6303
f 6303 6287 4749
f 4968 6305 4969
f 4969 6305 6306
f 4413 6308 6307
f 6307 6308 4900
f 6301 4960 6309
f 6309 4960 6291
f 4412 4408 6310
f 6310 4408 4806
f 4696 6311 4256
f 4256 6311 6312
f 6303 4749 6313
f 6313 4749 4748
f 6313 4748 6302
f 6302 4748 4961
f 6315 6316 6314
f 6314 6316 6317
f 4084 6318 6315
f 6315 6318 6316
f 4083 6319 4084
f 4084 6319 6318
f 4112 6320 4083
f 4083 6320 6319
f 6322 4138 6321
f 6321 4138 4137
f 6324 4128 6323
f 6323 4128 4127
f 4127 4193 6323
f 6323 4193 6325
f 4193 4891 6325
f 6325 4891 6326
f 4891 6327 6326
f 6326 6327 6328
f 6327 4824 5227
f 5227 4824 5228
f 5231 4684 6329
f 6329 4684 4683
f 4683 4099 6329
f 6329 4099 6330
f 4099 4102 6330
f 6330 4102 6331
f 4174 4826 4429
f 4429 4826 4829
f 4173 4741 4174
f 4174 4741 4826
f 4180 4738 4173
f 4173 4738 4741
f 6332 6333 4180
f 4180 6333 4738
f 6274 6334 4186
f 4186 6334 4188
f 4181 4825 4180
f 4180 4825 6332
f 5044 5213 5045
f 5045 5213 5165
f 5046 5087 5047
f 5047 5087 5222
f 5077 5063 5078
f 5078 5063 5198
f 5081 5099 5082
f 5082 5099 5194
f 5095 5074 5096
f 5096 5074 5073
f 5373 5170 5096
f 5096 5170 5093
f 5375 5171 5373
f 5373 5171 5170
f 5047 5222 5375
f 5375 5222 5171
f 5046 5038 5376
f 5376 5038 5067
f 5377 5086 5376
f 5376 5086 5085
f 5045 5165 5377
f 5377 5165 5086
f 5378 5214 5044
f 5044 5214 5213
f 5077 5034 5378
f 5378 5034 5214
f 5082 5194 5078
f 5078 5194 5035
f 5081 5080 5379
f 5379 5080 6335
f 5379 6335 5095
f 5095 6335 5074
f 5032 5080 5033
f 5033 5080 5079
f 5040 5017 5041
f 5041 5017 5016
f 5050 5043 5051
f 5051 5043 5042
f 5065 5023 5066
f 5066 5023 5022
f 5050 5049 5065
f 5065 5049 5023
f 5041 5016 5068
f 5068 5016 5020
f 5071 5374 5072
f 5072 5374 5200
f 5075 5156 5076
f 5076 5156 5155
f 5162 5212 5068
f 5068 5212 5067
f 5075 5074 5192
f 5192 5074 6335
f 5066 5022 5199
f 5199 5022 5196
f 5076 5155 5072
f 5072 5155 5069
f 5040 5039 5071
f 5071 5039 5374
f 5162 5161 5051
f 5051 5161 5048
f 5192 6335 5032
f 5032 6335 5080
f 5199 5196 5033
f 5033 5196 5030
f 5018 5211 5019
f 5019 5211 5408
f 5019 5408 5021
f 5021 5408 5163
f 5024 5057 5025
f 5025 5057 5415
f 5028 5048 5029
f 5029 5048 5161
f 5054 5031 5055
f 5055 5031 5030
f 5024 5023 5058
f 5058 5023 5049
f 5061 5070 5062
f 5062 5070 5069
f 5157 5438 5158
f 5158 5438 5442
f 5160 5191 5054
f 5054 5191 5031
f 5029 5161 5021
f 5021 5161 5020
f 5025 5415 5197
f 5197 5415 5220
f 5158 5442 5062
f 5062 5442 5059
f 5018 5017 5061
f 5061 5017 5070
f 5160 5159 5157
f 5157 5159 5438
f 5028 5027 5058
f 5058 5027 5056
f 5055 5030 5197
f 5197 5030 5196
f 5409 5380 5410
f 5410 5380 6336
f 5026 5413 5027
f 5027 5413 5412
f 5396 5417 5393
f 5393 5417 5416
f 5416 5057 5419
f 5419 5057 5056
f 5417 5396 5426
f 5426 5396 5420
f 5427 5423 5428
f 5428 5423 5422
f 5427 5059 5430
f 5430 5059 5442
f 5409 5408 5433
f 5433 5408 5211
f 5433 5211 5428
f 5428 5211 5060
f 5412 5411 5419
f 5419 5411 5418
f 5436 5053 5437
f 5437 5053 5052
f 5439 5402 5440
f 5440 5402 5401
f 5436 5435 5439
f 5439 5435 5402
f 5410 6336 5413
f 5413 6336 5414
f 5440 5401 5430
f 5430 5401 5429
f 5426 5420 5437
f 5437 5420 5434
f 5382 5432 5383
f 5383 5432 5384
f 5386 6336 5383
f 5383 6336 5380
f 6336 5386 5414
f 5414 5386 5388
f 5391 5418 5392
f 5392 5418 5411
f 5705 5395 5704
f 5704 5395 5394
f 5399 5435 5400
f 5400 5435 5434
f 5403 5441 5404
f 5404 5441 5405
f 5407 5429 5404
f 5404 5429 5401
f 5395 5705 5421
f 5421 5705 5748
f 5424 5706 5425
f 5425 5706 5431
f 5391 5390 5394
f 5394 5390 5704
f 5392 5388 5389
f 5389 5388 5387
f 5382 5381 5425
f 5425 5381 5422
f 5407 5406 5424
f 5424 5406 5706
f 5403 5402 5399
f 5399 5402 5435
f 5421 5748 5400
f 5400 5748 5397
f 4097 4721 4098
f 4098 4721 4231
f 4233 5273 4098
f 4098 5273 4095
f 6337 6338 4785
f 4785 6338 4786
f 4076 4780 4073
f 4073 4780 4781
f 4782 4190 4781
f 4781 4190 4073
f 4783 4901 4782
f 4782 4901 4190
f 4780 4076 4097
f 4097 4076 4721
f 6337 2879 4701
f 4701 2879 2878
f 5280 6339 5272
f 5272 6339 6340
f 5282 5281 6341
f 6341 5281 6342
f 4109 6302 4110
f 4110 6302 6301
f 4283 6304 4284
f 4284 6304 6303
f 6305 4379 6306
f 6306 4379 4378
f 4110 6301 4428
f 4428 6301 6309
f 6310 4688 4412
f 4412 4688 4687
f 4284 6303 4753
f 4753 6303 6313
f 4753 6313 4109
f 4109 6313 6302
f 6343 5226 4428
f 4428 5226 4427
f 4147 4900 4416
f 4416 4900 6308
f 6312 6311 4241
f 4241 6311 4720
f 5223 6344 4702
f 4702 6344 4699
f 4221 4220 6345
f 6345 4220 6346
f 5276 5275 6347
f 6347 5275 6348
f 5275 4728 6348
f 6348 4728 6349
f 4727 6350 5284
f 5284 6350 5285
f 6351 6352 6354
f 6354 6352 6353
f 5313 5312 5292
f 5292 5312 5293
f 5312 5344 5293
f 5293 5344 5337
f 5344 4914 5337
f 5337 4914 4916
f 4914 4913 4916
f 4916 4913 4917
f 4913 6355 4917
f 4917 6355 4978
f 6356 6357 6284
f 6284 6357 5012
f 6357 6358 5012
f 5012 6358 5011
f 5011 6358 5366
f 5366 6358 6359
f 6360 4742 6359
f 6359 4742 5366
f 4743 6361 4904
f 4904 6361 5364
f 5363 4905 5364
f 5364 4905 4904
f 5363 6362 4905
f 4905 6362 4207
f 6362 6363 4207
f 4207 6363 4208
f 6363 5342 4208
f 4208 5342 5330
f 5342 5341 5330
f 5330 5341 4244
f 5341 6364 4244
f 4244 6364 4245
f 6364 6365 4245
f 4245 6365 4246
f 6366 6367 4253
f 4253 6367 4250
f 4214 6368 4211
f 4211 6368 4380
f 4380 4379 4211
f 4211 4379 4283
f 4379 6305 4283
f 4283 6305 6304
f 6305 4968 6304
f 6304 4968 6287
f 4968 4967 6287
f 6287 4967 6286
f 4967 6297 6286
f 6286 6297 4676
f 6296 4376 4288
f 4288 4376 4285
f 4376 4373 4285
f 4285 4373 4290
f 6369 6370 6372
f 6372 6370 6371
f 5245 6373 5246
f 5246 6373 6374
f 4317 6375 4318
f 4318 6375 6376
f 4331 6377 4332
f 4332 6377 6378
f 6379 4333 6376
f 6376 4333 4318
f 4343 6380 4344
f 4344 6380 6381
f 4347 6382 4348
f 4348 6382 6383
f 4374 6371 4331
f 4331 6371 6377
f 4333 6379 4426
f 4426 6379 6384
f 4690 6385 4347
f 4347 6385 6382
f 4332 6378 4317
f 4317 6378 6375
f 4922 6386 4923
f 4923 6386 6387
f 6388 6389 4375
f 4375 6389 6390
f 6355 6356 4978
f 4978 6356 6284
f 4742 6360 4743
f 4743 6360 6361
f 6391 4238 6392
f 6392 4238 4719
f 6392 4719 6393
f 6393 4719 5296
f 6395 6396 6394
f 6394 6396 6397
f 6399 6400 6398
f 6398 6400 6401
f 6402 5302 6403
f 6403 5302 5303
f 5303 5321 6403
f 6403 5321 6404
f 5320 6405 5321
f 5321 6405 6404
f 5319 6406 5350
f 5350 6406 5351
f 5319 5318 6406
f 6406 5318 6407
f 5288 4197 6408
f 6408 4197 6409
f 4217 4216 6410
f 6410 4216 6411
f 5227 6412 6327
f 6327 6412 6328
f 4892 6413 5227
f 5227 6413 6412
f 4228 6414 4892
f 4892 6414 6413
f 4227 6415 4228
f 4228 6415 6414
f 4248 6416 4227
f 4227 6416 6415
f 4247 6417 4248
f 4248 6417 6416
f 6417 4247 6419
f 6419 4247 6418
f 6419 6418 6421
f 6421 6418 6420
f 6422 5301 6423
f 6423 5301 5300
f 6423 5300 6424
f 6424 5300 6399
f 6408 6409 6398
f 6398 6409 6425
f 6426 6427 6397
f 6397 6427 6394
f 6428 4224 6429
f 6429 4224 4223
f 6347 6346 5276
f 5276 6346 4220
f 6346 6347 6341
f 6341 6347 6339
f 5280 5278 5282
f 5282 5278 4236
f 4896 5224 4684
f 4684 5224 4681
f 4132 4135 4896
f 4896 4135 5224
f 4131 4136 4132
f 4132 4136 4135
f 4226 4754 4131
f 4131 4754 4136
f 4251 4213 4226
f 4226 4213 4754
f 4250 4214 4251
f 4251 4214 4213
f 4250 6367 4214
f 4214 6367 6368
f 6367 4910 6368
f 6368 4910 4737
f 4909 5297 4736
f 4736 5297 5296
f 5297 6395 5296
f 5296 6395 6393
f 6427 6430 6394
f 6394 6430 6431
f 6429 4383 6428
f 6428 4383 4382
f 4219 5277 4220
f 4220 5277 5276
f 4222 4697 4383
f 4383 4697 4218
f 6345 4699 4221
f 4221 4699 6344
f 6342 4700 6345
f 6345 4700 4699
f 4235 4786 5281
f 5281 4786 6338
f 4234 4787 4235
f 4235 4787 4786
f 5279 5278 6432
f 6432 5278 5271
f 4237 5279 6433
f 6433 5279 6432
f 4787 4234 6433
f 6433 4234 4237
f 6435 6436 6434
f 6434 6436 6437
f 6359 6438 6360
f 6360 6438 6437
f 6439 6440 6441
f 6441 6440 6438
f 6443 6439 6442
f 6442 6439 6441
f 6357 6356 6442
f 6442 6356 6444
f 6444 6446 6445
f 6445 6446 6447
f 4912 6446 4913
f 4913 6446 6355
f 6361 6436 5364
f 5364 6436 5365
f 5319 5350 5316
f 5316 5350 6448
f 4832 6449 5350
f 5350 6449 6448
f 4831 6450 4832
f 4832 6450 6449
f 5354 6451 5320
f 5320 6451 6405
f 4265 6452 5354
f 5354 6452 6451
f 4264 6453 4265
f 4265 6453 6452
f 6450 4831 6447
f 6447 4831 6445
f 4263 6435 4264
f 4264 6435 6434
f 6454 6453 6439
f 6439 6453 6440
f 6439 6443 6454
f 6454 6443 4834
f 4833 6455 4834
f 4834 6455 6454
f 5351 6456 4833
f 4833 6456 6455
f 6457 6391 6458
f 6458 6391 6392
f 6458 6392 6431
f 6431 6392 6393
f 5298 6396 5297
f 5297 6396 6395
f 6402 6400 5302
f 5302 6400 5299
f 6402 6403 6459
f 6459 6403 6460
f 6460 6403 6461
f 6461 6403 6404
f 6405 6462 6404
f 6404 6462 6461
f 6406 6462 5351
f 5351 6462 6456
f 6406 6407 6462
f 6462 6407 6461
f 6407 6463 6461
f 6461 6463 6460
f 6463 6464 6460
f 6460 6464 6459
f 6464 6465 6459
f 6459 6465 6401
f 6430 6466 6431
f 6431 6466 6458
f 6466 6410 6458
f 6458 6410 6457
f 6410 6411 6457
f 6457 6411 6467
f 6396 6424 6397
f 6397 6424 6425
f 6393 6395 6431
f 6431 6395 6394
f 6451 6456 6405
f 6405 6456 6462
f 6452 6455 6451
f 6451 6455 6456
f 6453 6454 6452
f 6452 6454 6455
f 6443 6445 4834
f 4834 6445 4831
f 6440 6453 6434
f 6434 6453 4264
f 6468 5306 5360
f 5360 5306 5305
f 6469 4124 6468
f 6468 4124 5306
f 6470 4125 6469
f 6469 4125 4124
f 6471 5291 6470
f 6470 5291 4125
f 6353 5292 6471
f 6471 5292 5291
f 5292 6353 5313
f 5313 6353 6352
f 5347 5314 6352
f 6352 5314 5313
f 5353 5318 5346
f 5346 5318 5317
f 5334 6468 5358
f 5358 6468 5360
f 5324 6469 5334
f 5334 6469 6468
f 5323 6470 5324
f 5324 6470 6469
f 5343 6471 5323
f 5323 6471 6470
f 6354 6353 5343
f 5343 6353 6471
f 6348 6349 4270
f 4270 6349 5311
f 5272 6340 5273
f 5273 6340 4272
f 6432 5271 4232
f 4232 5271 4233
f 4294 6432 4295
f 4295 6432 4232
f 6432 4294 6433
f 6433 4294 4301
f 4301 4300 6433
f 6433 4300 4787
f 4704 4784 4300
f 4300 4784 4787
f 4704 3013 4784
f 4784 3013 1307
f 5103 6472 5104
f 5104 6472 5202
f 5108 5116 5105
f 5105 5116 5115
f 5111 5124 5112
f 5112 5124 5123
f 5154 5205 5105
f 5105 5205 5106
f 5167 5180 5168
f 5168 5180 5185
f 5175 5188 5176
f 5176 5188 5187
f 5112 5123 5178
f 5178 5123 5120
f 5167 5090 5183
f 5183 5090 5089
f 5210 5151 5183
f 5183 5151 5181
f 5216 5138 5217
f 5217 5138 5137
f 5218 5119 5219
f 5219 5119 5221
f 5218 5178 5119
f 5119 5178 5120
f 5217 5137 5104
f 5104 5137 5101
f 5116 5108 5221
f 5221 5108 5219
f 5111 5110 5210
f 5210 5110 5151
f 5154 5153 5103
f 5103 5153 6472
f 5216 5215 5176
f 5176 5215 5173
f 5175 5174 5168
f 5168 5174 5166
f 5091 5172 5092
f 5092 5172 5208
f 5117 5037 5118
f 5118 5037 5036
f 5121 5164 5122
f 5122 5164 5133
f 5125 5084 5126
f 5126 5084 5083
f 5129 5174 5130
f 5130 5174 5173
f 5131 5202 5132
f 5132 5202 6472
f 5135 5221 5122
f 5122 5221 5119
f 5125 5124 5136
f 5136 5124 5209
f 5126 5083 5121
f 5121 5083 5164
f 5118 5036 5195
f 5195 5036 5193
f 5131 5097 5203
f 5203 5097 5114
f 5132 6472 5195
f 5195 6472 5153
f 5136 5209 5092
f 5092 5209 5089
f 5135 5134 5117
f 5117 5134 5037
f 5362 5206 5130
f 5130 5206 5127
f 5372 5371 5128
f 5128 5371 5129
f 5371 5372 5091
f 5091 5372 5172
f 5362 5215 5203
f 5203 5215 5201
f 6463 6407 5353
f 5353 6407 5318
f 6464 6463 5352
f 5352 6463 5353
f 6408 6465 5288
f 5288 6465 5289
f 4196 4224 6426
f 6426 4224 6427
f 6430 6427 6428
f 6428 6427 4224
f 6466 6430 4382
f 4382 6430 6428
f 6410 6466 4217
f 4217 6466 4382
f 4240 4239 3015
f 3015 4239 3016
f 4254 4257 3017
f 3017 4257 3018
f 6473 6474 4732
f 4732 6474 6475
f 6474 6374 6475
f 6475 6374 6373
f 5246 6374 3022
f 3022 6374 3023
f 4254 6299 4255
f 4255 6299 6288
f 6473 6300 3024
f 3024 6300 3025
f 6476 4257 6312
f 6312 4257 4256
f 4240 6476 4241
f 4241 6476 6312
f 6477 4239 6391
f 6391 4239 4238
f 6467 6477 6457
f 6457 6477 6391
f 6411 3029 6467
f 6467 3029 3028
f 4216 3030 6411
f 6411 3030 3029
f 6479 6480 6478
f 6478 6480 6481
f 6483 6484 6482
f 6482 6484 6485
f 6486 6487 4102
f 4102 6487 6331
f 6483 6488 6478
f 6478 6488 6489
f 4429 4829 6490
f 6490 4829 6479
f 6491 6486 4101
f 4101 6486 4102
f 4895 6491 4899
f 4899 6491 4101
f 4160 6488 4157
f 4157 6488 6492
f 6489 4087 6490
f 6490 4087 4090
f 4267 4261 5013
f 5013 4261 4260
f 4258 4261 5328
f 5328 4261 4975
f 4261 4267 4975
f 4975 4267 4266
f 5367 3793 3912
f 3912 3793 3575
f 6494 3616 6493
f 6493 3616 3795
f 6496 3589 6495
f 6495 3589 3588
f 6495 3588 5368
f 5368 3588 3794
f 3841 3840 3050
f 3050 3840 3051
f 3912 3911 3052
f 3052 3911 3053
f 3929 3930 3054
f 3054 3930 3055
f 5370 3930 3916
f 3916 3930 3923
f 3938 5369 3807
f 3807 5369 3915
f 3589 6496 3806
f 3806 6496 3937
f 3938 3937 3056
f 3056 3937 3057
f 3051 3840 3058
f 3058 3840 3943
f 3730 4808 3727
f 3727 4808 3943
f 3820 3951 3795
f 3795 3951 6493
f 3951 3841 3059
f 3059 3841 3050
f 3911 3574 6494
f 6494 3574 3616
f 3823 3929 3824
f 3824 3929 3952
f 4061 4060 3060
f 3060 4060 3061
f 6497 6498 4901
f 4901 6498 4790
f 6333 6499 4738
f 4738 6499 4739
f 6500 6501 6314
f 6314 6501 4418
f 6502 6275 4417
f 4417 6275 4185
f 6503 6497 4783
f 4783 6497 4901
f 6498 4060 4790
f 4790 4060 4059
f 4808 4061 3069
f 3069 4061 3060
f 5367 3071 5368
f 5368 3071 3070
f 5369 3073 5370
f 5370 3073 3072
f 6274 6275 3074
f 3074 6275 3075
f 6499 6504 4739
f 4739 6504 6317
f 6333 6332 3077
f 3077 6332 3078
f 6334 6274 3079
f 3079 6274 3074
f 6332 4825 3078
f 3078 4825 3080
f 6334 6503 4188
f 4188 6503 4783
f 4825 4689 3080
f 3080 4689 1330
f 6506 4747 6505
f 6505 4747 4746
f 6505 6507 6506
f 6506 6507 6508
f 4297 6509 4920
f 4920 6509 6510
f 4296 6511 4297
f 4297 6511 6509
f 6506 6508 4319
f 4319 6508 6512
f 4372 4371 6514
f 6514 4371 6513
f 6511 4296 5251
f 5251 4296 4305
f 5251 5250 6511
f 6511 5250 6515
f 6516 6509 6515
f 6515 6509 6511
f 6517 6507 6519
f 6519 6507 6518
f 6512 6520 6513
f 6513 6520 6514
f 6507 6517 6508
f 6508 6517 6521
f 5249 6523 6522
f 6522 6523 6524
f 6525 6370 5253
f 5253 6370 6526
f 4370 4323 4371
f 4371 4323 4326
f 4370 3103 4323
f 4323 3103 1541
f 6521 6517 6527
f 6527 6517 6519
f 6520 6528 6514
f 6514 6528 6529
f 6531 6532 6530
f 6530 6532 6533
f 5250 6534 6515
f 6515 6534 6535
f 6530 6533 6536
f 6536 6533 6537
f 6526 6538 6534
f 6534 6538 6537
f 6515 6535 6516
f 6516 6535 6539
f 4325 4321 4326
f 4326 4321 4320
f 4371 4326 6513
f 6513 4326 4320
f 6531 4731 6541
f 6541 4731 6540
f 4731 4730 6540
f 6540 4730 6542
f 4730 3121 6542
f 6542 3121 3120
f 6530 4328 6531
f 6531 4328 4731
f 4328 6530 4329
f 4329 6530 6536
f 4329 6536 6524
f 6524 6536 6543
f 6544 6545 6522
f 6522 6545 5248
f 6389 6388 5245
f 5245 6388 6373
f 6388 6546 6373
f 6373 6546 6475
f 4733 6546 6295
f 6295 6546 4377
f 4732 6475 4733
f 4733 6475 6546
f 4393 4432 4394
f 4394 4432 4435
f 4434 4672 4842
f 4842 4672 4671
f 4440 4439 4441
f 4441 4439 4438
f 4436 4450 4437
f 4437 4450 4398
f 4447 4444 4448
f 4448 4444 4392
f 4446 4464 4433
f 4433 4464 6547
f 4454 4423 4455
f 4455 4423 4422
f 4452 4481 4453
f 4453 4481 4480
f 4458 4389 4459
f 4459 4389 4388
f 4456 4471 4457
f 4457 4471 4468
f 4391 4460 4392
f 4392 4460 4448
f 4461 4467 4445
f 4445 4467 4465
f 4437 4398 4629
f 4629 4398 4397
f 4438 4628 4441
f 4441 4628 4631
f 4841 4629 4839
f 4839 4629 4397
f 4628 4842 4631
f 4631 4842 4671
f 4930 4989 4452
f 4452 4989 4481
f 4929 4927 4436
f 4436 4927 4450
f 4933 4387 4934
f 4934 4387 4386
f 4931 4475 4932
f 4932 4475 4474
f 4936 4449 4933
f 4933 4449 4387
f 4935 4472 4456
f 4456 4472 4471
f 4389 4458 4391
f 4391 4458 4460
f 4457 4468 4461
f 4461 4468 4467
f 4934 4386 4454
f 4454 4386 4423
f 4453 4480 4931
f 4931 4480 4475
f 4575 4997 4576
f 4576 4997 4639
f 4579 4596 4580
f 4580 4596 4595
f 4583 4582 4572
f 4572 4582 4569
f 4587 4944 4588
f 4588 4944 4562
f 4588 4562 4590
f 4590 4562 4561
f 4576 4639 4642
f 4642 4639 4638
f 4642 4845 4641
f 4641 4845 4846
f 4845 4590 4846
f 4846 4590 4561
f 4941 4938 4595
f 4595 4938 4580
f 4938 4940 4668
f 4668 4940 4669
f 4583 4942 4584
f 4584 4942 4947
f 4582 4587 4569
f 4569 4587 4586
f 5000 5001 4579
f 4579 5001 4596
f 4558 4560 4585
f 4585 4560 4586
f 4565 4639 4566
f 4566 4639 4997
f 4568 4567 4577
f 4577 4567 4578
f 4570 4554 4571
f 4571 4554 4556
f 4640 4565 4637
f 4637 4565 4546
f 4662 4664 4665
f 4665 4664 4844
f 4662 4558 4589
f 4589 4558 4585
f 4554 4570 4557
f 4557 4570 4560
f 4571 4667 4572
f 4572 4667 4943
f 4551 4670 4552
f 4552 4670 4666
f 4640 4664 4638
f 4638 4664 4663
f 4670 4568 4668
f 4668 4568 4577
f 4999 4996 4566
f 4566 4996 4543
f 4608 4564 4603
f 4603 4564 4563
f 4573 4593 4574
f 4574 4593 4592
f 4597 4614 4598
f 4598 4614 4613
f 4601 4600 4584
f 4584 4600 4581
f 4563 4562 4604
f 4604 4562 4944
f 4643 4593 4641
f 4641 4593 4573
f 4643 4847 4644
f 4644 4847 4848
f 4564 4847 4561
f 4561 4847 4846
f 4945 4941 4598
f 4598 4941 4595
f 4941 4945 4939
f 4939 4945 4946
f 4601 4948 4602
f 4602 4948 4620
f 4600 4604 4581
f 4581 4604 4944
f 5002 5003 4597
f 4597 5003 4614
f 4988 4759 4953
f 4953 4759 4402
f 4706 6548 4707
f 4707 6548 6549
f 4311 4928 4419
f 4419 4928 6550
f 4921 4920 6551
f 6551 4920 6552
f 4925 6553 4926
f 4926 6553 6554
f 4928 4921 4802
f 4802 4921 6551
f 6555 4985 6550
f 6550 4985 4419
f 4952 6556 4953
f 4953 6556 4649
f 4971 6557 4706
f 4706 6557 6548
f 4988 4648 4925
f 4925 4648 6553
f 4707 6549 5006
f 5006 6549 4987
f 4920 6510 6552
f 6552 6510 6518
f 6558 6510 6516
f 6516 6510 6509
f 6559 6558 6539
f 6539 6558 6516
f 6531 6541 6532
f 6532 6541 6560
f 6540 6561 6541
f 6541 6561 6529
f 6542 6562 6540
f 6540 6562 6561
f 6542 3120 6562
f 6562 3120 3142
f 4366 6563 4760
f 4760 6563 4970
f 4815 6564 4816
f 4816 6564 6565
f 3147 3146 6565
f 6565 3146 4816
f 6564 6563 6565
f 6565 6563 6566
f 4837 4385 4357
f 4357 4385 4358
f 6565 6566 3147
f 3147 6566 3149
f 4694 1209 3150
f 5247 5249 5248
f 5248 5249 6522
f 6372 6390 6545
f 6545 6390 6389
f 6375 5254 6376
f 6376 5254 5258
f 6377 6525 6378
f 6378 6525 5255
f 5260 6379 5258
f 5258 6379 6376
f 6380 6567 6381
f 6381 6567 6568
f 6382 6569 6383
f 6383 6569 6570
f 6377 6371 6525
f 6525 6371 6370
f 6379 5260 6384
f 6384 5260 6571
f 6385 6572 6382
f 6382 6572 6569
f 6378 5255 6375
f 6375 5255 5254
f 6386 6573 6387
f 6387 6573 6574
f 6545 6389 5248
f 5248 6389 5245
f 4675 4750 4676
f 4676 4750 6286
f 4734 6289 4735
f 4735 6289 6288
f 4804 6290 4805
f 4805 6290 4963
f 4811 4807 4812
f 4812 4807 4411
f 4954 6292 4955
f 4955 6292 4959
f 4964 4962 4965
f 4965 4962 4751
f 6285 4821 4812
f 4812 4821 4809
f 4675 4287 4965
f 4965 4287 4210
f 6294 4145 4955
f 4955 4145 4154
f 4964 4120 4805
f 4805 4120 4119
f 6298 4966 4734
f 4734 4966 6289
f 6300 6473 4735
f 4735 6473 4732
f 6297 6296 4676
f 4676 6296 4288
f 6523 3160 4330
f 4330 3160 3159
f 5253 5252 6525
f 6525 5252 5255
f 5256 5252 4305
f 4305 5252 5251
f 4304 5257 4305
f 4305 5257 5256
f 4424 5259 4304
f 4304 5259 5257
f 5261 6571 5259
f 5259 6571 5260
f 5262 6573 5261
f 5261 6573 6571
f 5264 6567 5265
f 5265 6567 6574
f 5266 6572 5267
f 5267 6572 6568
f 5268 6570 5269
f 5269 6570 6569
f 1807 3161 5268
f 5268 3161 6570
f 6524 6523 4329
f 4329 6523 4330
f 5253 6526 5250
f 5250 6526 6534
f 6543 6538 6544
f 6544 6538 6369
f 6524 6543 6522
f 6522 6543 6544
f 3071 5367 3052
f 3052 5367 3912
f 6493 3163 6494
f 6494 3163 3162
f 3164 445 3771
f 3771 445 3761
f 461 3165 3919
f 3919 3165 3920
f 330 410 3839
f 3839 410 3910
f 332 331 3552
f 3552 331 3551
f 464 304 3918
f 3918 304 3816
f 385 458 3766
f 3766 458 3894
f 412 415 3762
f 3762 415 3763
f 3166 337 3748
f 3748 337 3745
f 3072 3055 5370
f 5370 3055 3930
f 3073 5369 3056
f 3056 5369 3938
f 3167 3057 6496
f 6496 3057 3937
f 3069 3058 4808
f 4808 3058 3943
f 411 3166 3851
f 3851 3166 3748
f 3059 3163 3951
f 3951 3163 6493
f 336 3164 3772
f 3772 3164 3771
f 3053 3911 3162
f 3162 3911 6494
f 3054 3168 3929
f 3929 3168 3952
f 3165 830 3920
f 3920 830 3945
f 3170 3169 6497
f 6497 3169 6498
f 3171 1354 5005
f 5005 1354 4830
f 3172 3170 6503
f 6503 3170 6497
f 3169 3061 6498
f 6498 3061 4060
f 3173 3171 5006
f 5006 3171 5005
f 3079 3172 6334
f 6334 3172 6503
f 3174 3025 6299
f 6299 3025 6300
f 6576 6577 6575
f 6575 6577 6578
f 4612 4611 6579
f 6579 4611 6580
f 6582 6583 6581
f 6581 6583 6584
f 6584 6585 4618
f 4618 6585 4621
f 6586 6587 6589
f 6589 6587 6588
f 6588 6587 6590
f 6590 6587 6591
f 6592 4606 6590
f 6590 4606 4623
f 6594 6576 6593
f 6593 6576 6575
f 6595 6582 6579
f 6579 6582 6581
f 6580 6597 6596
f 6596 6597 6598
f 6577 6576 6599
f 6599 6576 6600
f 6595 6596 6601
f 6601 6596 6602
f 6583 6582 6603
f 6603 6582 6604
f 6586 6606 6605
f 6605 6606 6607
f 6587 6586 6608
f 6608 6586 6605
f 6587 6608 6591
f 6591 6608 6609
f 6576 6594 6600
f 6600 6594 6610
f 6582 6595 6604
f 6604 6595 6601
f 6599 6611 6577
f 6577 6611 6598
f 6613 6614 6612
f 6612 6614 6615
f 6617 6618 6616
f 6616 6618 6619
f 6621 6622 6620
f 6620 6622 6623
f 6625 6626 6624
f 6624 6626 6627
f 6629 6630 6628
f 6628 6630 6631
f 6633 6634 6632
f 6632 6634 6635
f 6637 6638 6636
f 6636 6638 6639
f 6640 6641 6637
f 6637 6641 6638
f 6643 6633 6642
f 6642 6633 6632
f 6645 6646 6644
f 6644 6646 6647
f 6646 6648 6647
f 6647 6648 6649
f 6651 6652 6650
f 6650 6652 6653
f 6653 6652 6654
f 6654 6652 6655
f 6656 6657 6659
f 6659 6657 6658
f 6661 6662 6660
f 6660 6662 6663
f 6662 6661 6664
f 6664 6661 6665
f 6667 6657 6666
f 6666 6657 6656
f 6669 6670 6668
f 6668 6670 6671
f 6672 6673 6670
f 6670 6673 6671
f 6674 6675 6677
f 6677 6675 6676
f 6675 6678 6676
f 6676 6678 6679
f 6681 6682 6680
f 6680 6682 6683
f 6684 6685 6683
f 6683 6685 6680
f 6687 6688 6686
f 6686 6688 6689
f 6687 6690 6688
f 6688 6690 6691
f 6619 6618 6633
f 6633 6618 6634
f 6632 6635 6693
f 6693 6635 6692
f 6617 6694 6636
f 6636 6694 6637
f 6695 6692 6639
f 6639 6692 6635
f 6637 6694 6640
f 6640 6694 6696
f 6698 6638 6697
f 6697 6638 6641
f 6643 6616 6633
f 6633 6616 6619
f 6642 6699 6641
f 6641 6699 6697
f 6646 6645 6700
f 6700 6645 6621
f 6644 6701 6654
f 6654 6701 6702
f 6700 6703 6646
f 6646 6703 6648
f 6693 6704 6649
f 6649 6704 6647
f 6620 6623 6651
f 6651 6623 6652
f 6693 6649 6699
f 6699 6649 6650
f 6652 6623 6655
f 6655 6623 6622
f 6654 6702 6653
f 6653 6702 6697
f 6615 6614 6657
f 6657 6614 6658
f 6705 6656 6704
f 6704 6656 6659
f 6613 6706 6660
f 6660 6706 6661
f 6704 6659 6701
f 6701 6659 6663
f 6661 6706 6665
f 6665 6706 6707
f 6708 6702 6664
f 6664 6702 6662
f 6612 6615 6667
f 6667 6615 6657
f 6666 6709 6664
f 6664 6709 6708
f 6629 6710 6669
f 6669 6710 6670
f 6668 6711 6679
f 6679 6711 6712
f 6713 6672 6710
f 6710 6672 6670
f 6714 6671 6705
f 6705 6671 6673
f 6628 6631 6674
f 6674 6631 6675
f 6705 6673 6709
f 6709 6673 6677
f 6631 6630 6675
f 6675 6630 6678
f 6712 6708 6679
f 6679 6708 6676
f 6625 6715 6682
f 6682 6715 6683
f 6716 6717 6681
f 6681 6717 6691
f 6718 6684 6715
f 6715 6684 6683
f 6719 6680 6714
f 6714 6680 6685
f 6624 6627 6686
f 6686 6627 6687
f 6689 6711 6685
f 6685 6711 6714
f 6627 6626 6687
f 6687 6626 6690
f 6717 6712 6691
f 6691 6712 6688
f 6612 6707 6613
f 6613 6707 6706
f 6616 6696 6617
f 6617 6696 6694
f 6703 6700 6620
f 6620 6700 6621
f 6715 6625 6718
f 6718 6625 6624
f 6710 6629 6713
f 6713 6629 6628
f 6639 6635 6636
f 6636 6635 6634
f 6641 6640 6642
f 6642 6640 6643
f 6654 6655 6644
f 6644 6655 6645
f 6651 6650 6648
f 6648 6650 6649
f 6659 6658 6663
f 6663 6658 6660
f 6665 6667 6664
f 6664 6667 6666
f 6678 6669 6679
f 6679 6669 6668
f 6673 6672 6677
f 6677 6672 6674
f 6690 6682 6691
f 6691 6682 6681
f 6685 6684 6689
f 6689 6684 6686
f 6636 6634 6617
f 6617 6634 6618
f 6638 6698 6639
f 6639 6698 6695
f 6640 6696 6643
f 6643 6696 6616
f 6693 6699 6632
f 6632 6699 6642
f 6655 6622 6645
f 6645 6622 6621
f 6704 6701 6647
f 6647 6701 6644
f 6651 6648 6620
f 6620 6648 6703
f 6650 6653 6699
f 6699 6653 6697
f 6613 6660 6614
f 6614 6660 6658
f 6663 6662 6701
f 6701 6662 6702
f 6665 6707 6667
f 6667 6707 6612
f 6705 6709 6656
f 6656 6709 6666
f 6630 6629 6678
f 6678 6629 6669
f 6714 6711 6671
f 6671 6711 6668
f 6672 6713 6674
f 6674 6713 6628
f 6677 6676 6709
f 6709 6676 6708
f 6626 6625 6690
f 6690 6625 6682
f 6680 6719 6681
f 6681 6719 6716
f 6684 6718 6686
f 6686 6718 6624
f 6711 6689 6712
f 6689 6688 6712
f 6593 6720 6594
f 6594 6720 6721
f 6722 6720 4607
f 4607 6720 4849
f 6592 6723 6722
f 6722 6723 6724
f 4610 4609 6578
f 6578 4609 6575
f 6596 6595 6580
f 6580 6595 6579
f 4618 4617 6584
f 6584 4617 6581
f 6589 6585 6586
f 6586 6585 6606
f 4622 4619 6588
f 6588 4619 6589
f 4622 6588 4623
f 4623 6588 6590
f 4609 4645 6575
f 6575 4645 6593
f 4617 4612 6581
f 6581 4612 6579
f 5004 4610 6597
f 6597 4610 6578
f 4645 4849 6593
f 6593 4849 6720
f 6724 6721 6722
f 6722 6721 6720
f 6722 4607 6592
f 6592 4607 4606
f 6725 6610 6721
f 6721 6610 6594
f 6723 6726 6724
f 6724 6726 6727
f 6727 6725 6724
f 6724 6725 6721
f 6728 6729 6605
f 6605 6729 6608
f 6605 6607 6728
f 6728 6607 6730
f 6731 6732 6604
f 6604 6732 6603
f 6733 6734 6725
f 6725 6734 6610
f 6735 6733 6727
f 6727 6733 6725
f 6735 6727 6736
f 6736 6727 6726
f 6591 6609 6723
f 6723 6609 6726
f 6723 6592 6591
f 6591 6592 6590
f 6738 6739 6737
f 6737 6739 6740
f 6740 6739 6742
f 6742 6739 6741
f 6743 6744 6741
f 6741 6744 6742
f 6745 6746 6743
f 6743 6746 6744
f 6747 6748 6745
f 6745 6748 6746
f 6749 6750 6747
f 6747 6750 6748
f 6752 6738 6751
f 6751 6738 6737
f 6754 6752 6753
f 6753 6752 6751
f 6756 6754 6755
f 6755 6754 6753
f 6758 6750 6757
f 6757 6750 6749
f 6760 6756 6759
f 6759 6756 6755
f 6762 6760 6761
f 6761 6760 6759
f 6764 6762 6763
f 6763 6762 6761
f 6757 6764 6758
f 6758 6764 6763
f 6766 6741 6765
f 6765 6741 6739
f 6767 6743 6766
f 6766 6743 6741
f 6768 6745 6767
f 6767 6745 6743
f 6769 6747 6768
f 6768 6747 6745
f 6770 6749 6769
f 6769 6749 6747
f 6772 6769 6771
f 6771 6769 6768
f 6773 6770 6772
f 6772 6770 6769
f 6774 6775 6772
f 6772 6775 6773
f 6777 6778 6776
f 6776 6778 6779
f 6775 6774 6778
f 6778 6774 6779
f 6771 6780 6772
f 6772 6780 6774
f 6780 6781 6774
f 6774 6781 6779
f 6781 6782 6779
f 6779 6782 6776
f 6784 6785 6783
f 6783 6785 6786
f 6786 6787 6783
f 6783 6787 6788
f 6790 6788 6789
f 6789 6788 6787
f 6786 6785 6791
f 6791 6785 6792
f 6791 6793 6786
f 6786 6793 6787
f 6793 6794 6787
f 6787 6794 6789
f 6795 6796 6794
f 6794 6796 6789
f 6790 6789 6797
f 6797 6789 6796
f 6798 6765 6738
f 6738 6765 6739
f 6799 6798 6752
f 6752 6798 6738
f 6767 6800 6768
f 6768 6800 6771
f 6766 6801 6767
f 6767 6801 6800
f 6802 6801 6765
f 6765 6801 6766
f 6798 6803 6765
f 6765 6803 6802
f 6804 6803 6799
f 6799 6803 6798
f 6805 6806 6804
f 6804 6806 6803
f 6807 6799 6754
f 6754 6799 6752
f 6808 6804 6807
f 6807 6804 6799
f 6809 6805 6808
f 6808 6805 6804
f 6810 6811 6805
f 6805 6811 6806
f 6812 6813 6810
f 6810 6813 6811
f 6814 6815 6796
f 6796 6815 6797
f 6813 6814 6816
f 6816 6814 6817
f 6816 6818 6813
f 6813 6818 6811
f 6819 6806 6818
f 6818 6806 6811
f 6802 6803 6819
f 6819 6803 6806
f 6757 6749 6820
f 6820 6749 6770
f 6820 6770 6821
f 6821 6770 6773
f 6821 6773 6822
f 6822 6773 6775
f 6822 6775 6823
f 6823 6775 6778
f 6824 6823 6777
f 6777 6823 6778
f 6784 6825 6777
f 6777 6825 6824
f 6826 6827 6788
f 6788 6827 6783
f 6828 6826 6790
f 6790 6826 6788
f 6829 6828 6797
f 6797 6828 6790
f 6815 6830 6797
f 6797 6830 6829
f 6832 6812 6831
f 6831 6812 6810
f 6831 6810 6809
f 6809 6810 6805
f 6736 6800 6735
f 6735 6800 6801
f 6733 6735 6802
f 6802 6735 6801
f 6734 6733 6819
f 6819 6733 6802
f 6833 6734 6818
f 6818 6734 6819
f 6834 6833 6816
f 6816 6833 6818
f 6816 6817 6834
f 6834 6817 6835
f 6837 6795 6836
f 6836 6795 6794
f 6836 6794 6731
f 6731 6794 6793
f 6732 6731 6791
f 6791 6731 6793
f 6791 6792 6732
f 6732 6792 6730
f 6729 6728 6781
f 6781 6728 6782
f 6838 6807 6756
f 6756 6807 6754
f 6839 6838 6760
f 6760 6838 6756
f 6840 6839 6762
f 6762 6839 6760
f 6841 6840 6764
f 6764 6840 6762
f 6820 6841 6757
f 6757 6841 6764
f 6841 6820 6842
f 6842 6820 6821
f 6840 6841 6843
f 6843 6841 6842
f 6839 6840 6844
f 6844 6840 6843
f 6838 6839 6845
f 6845 6839 6844
f 6807 6838 6808
f 6808 6838 6845
f 6842 6821 6846
f 6846 6821 6822
f 6843 6842 6847
f 6847 6842 6846
f 6844 6843 6848
f 6848 6843 6847
f 6845 6844 6849
f 6849 6844 6848
f 6808 6845 6809
f 6809 6845 6849
f 6850 6831 6849
f 6849 6831 6809
f 6851 6850 6848
f 6848 6850 6849
f 6847 6852 6848
f 6848 6852 6851
f 6853 6852 6846
f 6846 6852 6847
f 6846 6822 6853
f 6853 6822 6823
f 6853 6823 6854
f 6854 6823 6824
f 6854 6855 6853
f 6853 6855 6852
f 6856 6851 6855
f 6855 6851 6852
f 6856 6857 6851
f 6851 6857 6850
f 6857 6832 6850
f 6850 6832 6831
f 6825 6858 6824
f 6824 6858 6854
f 6860 6827 6859
f 6859 6827 6826
f 6859 6826 6861
f 6861 6826 6828
f 6862 6861 6829
f 6829 6861 6828
f 6830 6863 6829
f 6829 6863 6862
f 6863 6864 6862
f 6862 6864 6865
f 6858 6866 6854
f 6854 6866 6855
f 6867 6865 6866
f 6866 6865 6864
f 6869 6859 6868
f 6868 6859 6861
f 6867 6869 6865
f 6865 6869 6868
f 6861 6862 6868
f 6868 6862 6865
f 6867 6860 6869
f 6869 6860 6859
f 6753 6751 6698
f 6698 6751 6695
f 6697 6755 6698
f 6698 6755 6753
f 6759 6755 6702
f 6702 6755 6697
f 6761 6759 6708
f 6708 6759 6702
f 6763 6761 6712
f 6712 6761 6708
f 6758 6763 6717
f 6717 6763 6712
f 6750 6758 6716
f 6716 6758 6717
f 6719 6748 6716
f 6716 6748 6750
f 6714 6746 6719
f 6719 6746 6748
f 6705 6744 6714
f 6714 6744 6746
f 6704 6742 6705
f 6705 6742 6744
f 6740 6742 6693
f 6693 6742 6704
f 6737 6740 6692
f 6692 6740 6693
f 6751 6737 6695
f 6695 6737 6692
f 6601 6602 6836
f 6836 6602 6837
f 6604 6601 6731
f 6731 6601 6836
f 6599 6600 6834
f 6834 6600 6833
f 6834 6835 6599
f 6599 6835 6611
f 6600 6610 6833
f 6833 6610 6734
f 6780 6771 6870
f 6870 6771 6736
f 6736 6771 6800
f 6870 6729 6780
f 6780 6729 6781
f 6608 6729 6609
f 6609 6729 6870
f 6609 6870 6726
f 6726 6870 6736
f 5014 5015 5229
f 5229 5015 5230
f 4258 5015 4259
f 4259 5015 4878
f 3471 3013 4703
f 4703 3013 4704
f 2879 6337 1306
f 1306 6337 4785
f 829 3471 4316
f 4316 3471 4703
f 4702 3472 5223
f 5223 3472 1756
f 6871 6872 4534
f 4534 6872 4535
f 6871 4665 6872
f 6872 4665 4844
f 6871 6873 4665
f 4665 6873 4559
f 6871 4534 6873
f 6873 4534 4542
f 4153 4152 4822
f 4822 4152 4407
f 4152 4168 4407
f 4407 4168 4342
f 4343 4168 4923
f 4923 4168 4167
f 4363 4362 4972
f 4972 4362 4840
f 4362 4394 4840
f 4840 4394 4839
f 4401 4400 4986
f 4986 4400 4984
f 4435 4434 4841
f 4841 4434 4842
f 4506 4505 4530
f 4530 4505 4531
f 4506 4535 4507
f 4507 4535 4843
f 4661 4660 4516
f 4516 4660 4517
f 4673 4672 4937
f 4937 4672 6547
f 4400 4924 4984
f 4984 4924 5263
f 4673 4660 4674
f 4674 4660 4659
f 4505 4661 4531
f 4531 4661 4516
f 4952 4401 6874
f 6874 4401 4986
f 4954 4153 6875
f 6875 4153 4822
f 4363 4973 4364
f 4364 4973 4974
f 5264 4924 5267
f 5267 4924 4691
f 6293 6292 6876
f 6876 6292 6877
f 6380 4343 6387
f 6387 4343 4923
f 4394 4435 4839
f 4839 4435 4841
f 4672 4434 6547
f 6547 4434 4433
f 4973 6556 4974
f 4974 6556 6878
f 6567 6380 6574
f 6574 6380 6387
f 6292 4954 6877
f 6877 4954 6875
f 6567 5264 6568
f 6568 5264 5267
f 4145 4144 4154
f 4154 4144 4151
f 4194 4144 4425
f 4425 4144 4143
f 4355 4354 5263
f 5263 4354 4984
f 4360 4359 4364
f 4364 4359 4361
f 4444 4359 4392
f 4392 4359 4337
f 4447 4446 4432
f 4432 4446 4433
f 4464 4463 6547
f 6547 4463 4937
f 4519 4518 4654
f 4654 4518 4509
f 4533 4532 4499
f 4499 4532 4498
f 4533 4542 4530
f 4530 4542 4534
f 4519 4532 4516
f 4516 4532 4531
f 4922 4194 4426
f 4426 4194 4425
f 4463 4518 4937
f 4937 4518 4517
f 6555 4951 6874
f 6874 4951 6878
f 4958 4957 6290
f 6290 4957 6291
f 4334 4360 4712
f 4712 4360 4950
f 4985 4354 4419
f 4419 4354 4353
f 5262 4355 5265
f 5265 4355 5263
f 6294 4958 4804
f 4804 4958 6290
f 6386 4922 6384
f 6384 4922 4426
f 4444 4447 4393
f 4393 4447 4432
f 4464 4446 4465
f 4465 4446 4445
f 4985 6555 4986
f 4986 6555 6874
f 6573 6386 6571
f 6571 6386 6384
f 4145 6294 4146
f 4146 6294 4804
f 6573 5262 6574
f 6574 5262 5265
f 4542 4541 6873
f 6873 4541 4559
f 4535 6872 4843
f 4843 6872 4844
f 4104 4103 6879
f 6879 4103 6343
f 4105 6293 6307
f 6307 6293 6876
f 4104 4956 4105
f 4105 4956 6293
f 4956 4104 4957
f 4957 4104 6879
f 4957 6879 6291
f 6291 6879 6309
f 4648 4988 4649
f 4649 4988 4953
f 4802 4803 4928
f 4928 4803 6550
f 6550 4803 6555
f 6555 4803 4951
f 1516 3173 4987
f 4987 3173 5006
f 6519 6518 6558
f 6558 6518 6510
f 6527 6519 6559
f 6559 6519 6558
f 6528 6560 6529
f 6529 6560 6541
f 6548 4625 6549
f 6549 4625 4624
f 6551 6552 4746
f 4746 6552 6505
f 6553 4711 6554
f 6554 4711 4710
f 4802 6551 4713
f 4713 6551 4746
f 6556 4973 4649
f 4649 4973 4646
f 6557 4949 6548
f 6548 4949 4625
f 4648 4647 6553
f 6553 4647 4711
f 6549 4624 4987
f 4987 4624 4838
f 6552 6518 6505
f 6505 6518 6507
f 6561 4372 6529
f 6529 4372 6514
f 6562 4369 6561
f 6561 4369 4372
f 3142 3482 6562
f 6562 3482 4369
f 6556 4952 6878
f 6878 4952 6874
f 4951 4950 6878
f 6878 4950 4974
f 3168 440 3952
f 4204 4203 5341
f 5341 4203 6364
f 4219 4222 6429
f 6429 4222 4383
f 4319 4322 6506
f 6506 4322 4747
f 4340 4714 4341
f 4341 4714 4384
f 4375 4377 6388
f 6388 4377 6546
f 4378 4381 6311
f 6311 4381 4720
f 4449 4341 4387
f 4387 4341 4384
f 4473 4472 4477
f 4477 4472 4474
f 4492 4491 4487
f 4487 4491 4488
f 4523 4491 4522
f 4522 4491 4490
f 4492 4538 4493
f 4493 4538 4555
f 4538 4553 4555
f 4555 4553 4556
f 4620 4615 4621
f 4621 4615 4618
f 4652 4651 4368
f 4368 4651 4365
f 4523 4655 4524
f 4524 4655 4656
f 4553 4667 4556
f 4556 4667 4571
f 4651 1210 4365
f 4365 1210 1209
f 4698 4697 5223
f 5223 4697 6344
f 4340 4339 4322
f 4322 4339 4747
f 4726 4729 5287
f 5287 4729 4198
f 4381 4380 4737
f 4737 4380 6368
f 4836 4835 4451
f 4451 4835 4709
f 4910 6367 4911
f 4911 6367 6366
f 4912 4915 6450
f 6450 4915 6449
f 4927 4836 4450
f 4450 4836 4451
f 4930 4929 4439
f 4439 4929 4436
f 4936 4935 4459
f 4459 4935 4456
f 4473 4655 4470
f 4470 4655 4510
f 4942 4583 4943
f 4943 4583 4572
f 4948 4601 4947
f 4947 4601 4584
f 4949 4835 4625
f 4625 4835 4626
f 4966 4969 6289
f 6289 4969 4695
f 4971 4652 4926
f 4926 4652 4368
f 4203 4977 6364
f 6364 4977 6365
f 4990 4989 4443
f 4443 4989 4440
f 4990 4991 4478
f 4478 4991 4512
f 4992 4991 4528
f 4528 4991 4515
f 4992 4993 4527
f 4527 4993 4485
f 4994 4993 4502
f 4502 4993 4503
f 4994 4995 4482
f 4482 4995 4550
f 4543 4996 4544
f 4544 4996 4995
f 4999 4998 4567
f 4567 4998 4578
f 5000 4998 4575
f 4575 4998 4997
f 5002 5001 4592
f 4592 5001 4574
f 5003 5004 4614
f 4614 5004 4611
f 3483 4215 1755
f 1755 4215 4698
f 5274 5277 4195
f 4195 5277 4223
f 4726 5295 4727
f 4727 5295 6350
f 5309 5342 5310
f 5310 5342 6363
f 5315 5314 5316
f 5316 5314 5317
f 5339 6362 5340
f 5340 6362 5363
f 5310 6363 5339
f 5339 6363 6362
f 4204 5309 4201
f 4201 5309 5308
f 4915 5345 6449
f 6449 5345 6448
f 5345 5315 6448
f 6448 5315 5316
f 5348 5347 6351
f 6351 5347 6352
f 5365 4263 5340
f 5340 4263 4262
f 6295 6298 4733
f 4733 6298 4734
f 4969 6306 4695
f 4695 6306 4696
f 6306 4378 4696
f 4696 4378 6311
f 6369 6372 6544
f 6544 6372 6545
f 4375 6390 4373
f 4373 6390 4374
f 6421 6422 4911
f 4911 6422 4908
f 4910 4909 4737
f 4737 4909 4736
f 5277 4219 4223
f 4223 4219 6429
f 4697 4222 6344
f 6344 4222 4221
f 6436 6361 6437
f 6437 6361 6360
f 6438 6440 6437
f 6437 6440 6434
f 6438 6359 6441
f 6441 6359 6358
f 6442 6441 6357
f 6357 6441 6358
f 6442 6444 6443
f 6443 6444 6445
f 6446 6444 6355
f 6355 6444 6356
f 6446 4912 6447
f 6447 4912 6450
f 6436 6435 5365
f 5365 6435 4263
f 5314 5347 5317
f 5317 5347 5346
f 4319 6512 4320
f 4320 6512 6513
f 6520 6512 6521
f 6521 6512 6508
f 6528 6520 6527
f 6527 6520 6521
f 6532 6539 6533
f 6533 6539 6535
f 6533 6535 6537
f 6537 6535 6534
f 6538 6543 6537
f 6537 6543 6536
f 6295 4377 6296
f 6296 4377 4376
f 4989 4930 4440
f 4440 4930 4439
f 4927 4929 4422
f 4422 4929 4455
f 4449 4936 4388
f 4388 4936 4459
f 4472 4935 4474
f 4474 4935 4932
f 4942 4940 4947
f 4947 4940 4939
f 5001 5000 4574
f 4574 5000 4575
f 4669 4943 4666
f 4666 4943 4667
f 4996 4999 4547
f 4547 4999 4567
f 4948 4946 4620
f 4620 4946 4615
f 5003 5002 4591
f 4591 5002 4592
f 6557 4971 6554
f 6554 4971 4926
f 6532 6560 6539
f 6539 6560 6559
f 6390 6372 4374
f 4374 6372 6371
f 4966 6298 4967
f 4967 6298 6297
f 6538 6526 6369
f 6369 6526 6370
f 6585 6589 4621
f 4621 6589 4619
f 6597 6578 6598
f 6598 6578 6577
f 6606 6583 6607
f 6607 6583 6603
f 6611 6602 6598
f 6598 6602 6596
f 6585 6584 6606
f 6606 6584 6583
f 6597 6580 5004
f 5004 6580 4611
f 6607 6603 6730
f 6730 6603 6732
f 6776 6785 6777
f 6777 6785 6784
f 6785 6776 6792
f 6792 6776 6782
f 6815 6814 6812
f 6812 6814 6813
f 6817 6814 6795
f 6795 6814 6796
f 6825 6784 6827
f 6827 6784 6783
f 6830 6815 6832
f 6832 6815 6812
f 6817 6795 6835
f 6835 6795 6837
f 6792 6782 6730
f 6730 6782 6728
f 6858 6825 6860
f 6860 6825 6827
f 6863 6830 6857
f 6857 6830 6832
f 6864 6863 6856
f 6856 6863 6857
f 6866 6858 6867
f 6867 6858 6860
f 6866 6864 6855
f 6855 6864 6856
f 6835 6837 6611
f 6611 6837 6602
f 6560 6528 6559
f 6559 6528 6527
f 4949 6557 4710
f 4710 6557 6554
f 4430 4090 4175
f 4175 4090 4089
f 4777 4113 4155
f 4155 4113 4086
f 4175 4089 4176
f 4176 4089 4142
f 4199 4271 4200
f 4200 4271 4798
f 4199 4095 4272
f 4272 4095 5273
f 4406 4405 4404
f 4404 4405 4346
f 4410 4409 6877
f 6877 4409 6876
f 4409 4413 6876
f 6876 4413 6307
f 4415 4148 4416
f 4416 4148 4147
f 4690 4405 4344
f 4344 4405 4342
f 4693 4692 4352
f 4352 4692 4349
f 4701 4700 6337
f 6337 4700 6338
f 4778 4777 4081
f 4081 4777 4155
f 4821 4406 4809
f 4809 4406 4404
f 4176 4142 4181
f 4181 4142 4415
f 4760 4970 4399
f 4399 4970 4692
f 4200 5007 4096
f 4096 5007 4078
f 5266 4693 5269
f 5269 4693 4352
f 5270 5007 5361
f 5361 5007 4797
f 4778 5270 4779
f 4779 5270 5361
f 6285 4410 6875
f 6875 4410 6877
f 6308 4413 4687
f 4687 4413 4412
f 6480 6320 6481
f 6481 6320 6880
f 4701 2878 4702
f 4702 2878 3472
f 6339 6347 6340
f 6340 6347 6348
f 6341 6342 6346
f 6346 6342 6345
f 4416 6308 4414
f 4414 6308 4687
f 6385 4690 6381
f 6381 4690 4344
f 5282 6341 5280
f 5280 6341 6339
f 4700 6342 6338
f 6338 6342 5281
f 6340 6348 4272
f 4272 6348 4270
f 6480 6479 4828
f 4828 6479 4829
f 6490 6479 6489
f 6489 6479 6478
f 4090 4430 6490
f 6490 4430 4429
f 6563 6564 4970
f 4970 6564 4815
f 4694 6566 4366
f 4366 6566 6563
f 6572 6385 6568
f 6568 6385 6381
f 4821 6285 4822
f 4822 6285 6875
f 6572 5266 6569
f 6569 5266 5269
f 3482 3103 4369
f 4369 3103 4370
f 3121 4730 3485
f 3485 4730 4327
f 6277 6280 6273
f 6273 6280 6272
f 6267 6276 6278
f 6278 6276 6279
f 6278 6279 6277
f 6277 6279 6280
f 6279 6256 6280
f 6280 6256 6255
f 6256 3857 6255
f 6255 3857 3754
f 3857 3856 3754
f 3754 3856 3755
f 3856 3703 3755
f 3755 3703 3863
f 3703 3702 3863
f 3863 3702 3759
f 3702 3706 3759
f 3759 3706 3670
f 3706 3705 3670
f 3670 3705 3668
f 3705 3773 3668
f 3668 3773 3882
f 3882 3773 3883
f 3883 3773 3707
f 3707 3708 3883
f 3883 3708 3880
f 3708 3710 3880
f 3880 3710 3881
f 3709 5241 3710
f 3710 5241 3881
f 5241 3709 5234
f 5234 3709 3786
f 3693 3712 3786
f 3786 3712 5234
f 4051 4055 4052
f 4052 4055 4056
f 4056 4055 4057
f 4057 4055 4054
f 4066 5238 5236
f 5236 5238 3989
f 4066 4069 5238
f 5238 4069 4035
f 6881 3962 3960
f 3960 3962 3957
f 6883 4070 6882
f 6882 4070 3941
f 4070 6883 4071
f 4071 6883 6884
f 4071 6884 4072
f 4072 6884 6885
f 6885 6886 4072
f 4072 6886 4031
f 3955 6881 3956
f 3956 6881 3960
f 6884 3991 6885
f 6885 3991 3990
f 6883 6887 6884
f 6884 6887 3991
f 6887 6888 3991
f 3991 6888 3992
f 6888 6887 6889
f 6889 6887 6890
f 6887 6883 6890
f 6890 6883 6882
f 4058 5240 3953
f 3953 5240 3954
f 5236 6888 5239
f 5239 6888 6889
f 5237 6886 3990
f 3990 6886 6885
f 4034 4031 5237
f 5237 4031 6886
f 6881 6882 3962
f 3962 6882 3941
f 6881 3955 6882
f 6882 3955 6890
f 3955 3954 6890
f 6890 3954 6889
f 5239 6889 5240
f 5240 6889 3954
f 6888 5236 3992
f 3992 5236 3989
f 3869 3868 3888
f 3888 3868 4015
f 3868 4012 4015
f 4015 4012 4010
f 4012 4022 4010
f 4010 4022 4009
f 4022 4021 4009
f 4009 4021 4018
f 4020 3974 4001
f 4001 3974 3996
f 4021 4020 4029
f 4029 4020 4001
f 4085 4156 4086
f 4086 4156 4155
f 4113 4777 4114
f 4114 4777 4776
f 4130 4129 4094
f 4094 4129 4091
f 4139 4773 4140
f 4140 4773 4772
f 4149 4178 4150
f 4150 4178 5225
f 4160 4159 4087
f 4087 4159 4088
f 4149 4148 4179
f 4179 4148 4141
f 4085 4084 4183
f 4183 4084 6315
f 4179 4141 4159
f 4159 4141 4088
f 4192 4130 4162
f 4162 4130 4094
f 4197 5288 4198
f 4198 5288 5287
f 4229 4766 4230
f 4230 4766 4771
f 4245 4246 4242
f 4242 4246 4249
f 4183 6315 4418
f 4418 6315 6314
f 4679 4178 4680
f 4680 4178 4177
f 4724 4798 4725
f 4725 4798 4271
f 4728 5275 4729
f 4729 5275 5274
f 4230 4771 4249
f 4249 4771 4242
f 4724 4723 4799
f 4799 4723 5355
f 4823 4824 4891
f 4891 4824 6327
f 4823 4192 4161
f 4161 4192 4162
f 4893 4767 4229
f 4229 4767 4766
f 4894 4895 4898
f 4898 4895 4899
f 4106 4150 4103
f 4103 4150 5225
f 4680 4894 4677
f 4677 4894 4898
f 6420 4977 5301
f 5301 4977 4976
f 4679 4678 5226
f 5226 4678 4427
f 5228 5008 4893
f 4893 5008 4767
f 5285 6354 5286
f 5286 6354 5343
f 5289 5352 5290
f 5290 5352 5349
f 5290 5349 5295
f 5295 5349 5348
f 5302 5299 4202
f 4202 5299 4976
f 4725 4271 5311
f 5311 4271 4270
f 5325 4723 5326
f 5326 4723 4722
f 5335 5355 5325
f 5325 5355 4723
f 5326 4722 5286
f 5286 4722 5283
f 4799 5357 4797
f 4797 5357 5361
f 5359 5356 5335
f 5335 5356 5355
f 4775 4774 5356
f 5356 4774 5357
f 5359 5358 4092
f 4092 5358 4093
f 6316 4740 6317
f 6317 4740 4739
f 6318 4827 6316
f 6316 4827 4740
f 6319 4828 6318
f 6318 4828 4827
f 6320 6480 6319
f 6319 6480 4828
f 6484 6322 6485
f 6485 6322 6321
f 6487 6324 6331
f 6331 6324 6323
f 6331 6323 6330
f 6330 6323 6325
f 6325 6326 6330
f 6330 6326 6329
f 6326 6328 6329
f 6329 6328 5231
f 4824 4685 5228
f 5228 4685 5008
f 5226 6343 5225
f 5225 6343 4103
f 4728 4727 6349
f 6349 4727 5284
f 6350 6351 5285
f 5285 6351 6354
f 4247 4246 6418
f 6418 4246 6365
f 6400 6402 6401
f 6401 6402 6459
f 4197 4196 6409
f 6409 4196 6426
f 6412 4897 6328
f 6328 4897 5231
f 6413 4133 6412
f 6412 4133 4897
f 6414 4134 6413
f 6413 4134 4133
f 6415 4225 6414
f 6414 4225 4134
f 6416 4252 6415
f 6415 4252 4225
f 6417 4253 6416
f 6416 4253 4252
f 4253 6417 6366
f 6366 6417 6419
f 6366 6419 4911
f 4911 6419 6421
f 6422 6423 4908
f 4908 6423 5298
f 5298 6423 6396
f 6396 6423 6424
f 6409 6426 6425
f 6425 6426 6397
f 5300 5299 6399
f 6399 5299 6400
f 6465 6408 6401
f 6401 6408 6398
f 6424 6399 6425
f 6425 6399 6398
f 6349 5284 5311
f 5311 5284 5283
f 6465 6464 5289
f 5289 6464 5352
f 6488 6483 6492
f 6492 6483 6482
f 6486 6491 6482
f 6482 6491 6492
f 6491 4895 6492
f 6492 4895 4157
f 6488 4160 6489
f 6489 4160 4087
f 6501 6502 4418
f 4418 6502 4417
f 6504 6500 6317
f 6317 6500 6314
f 3497 3496 6501
f 6501 3496 6502
f 3499 3498 6504
f 6504 3498 6500
f 4729 5274 4198
f 4198 5274 4195
f 6418 6365 6420
f 6420 6365 4977
f 5295 5348 6350
f 6350 5348 6351
f 5301 6422 6420
f 6420 6422 6421
f 4113 4112 4086
f 4086 4112 4083
f 6320 4112 6880
f 6880 4112 4111
f 4091 4772 4092
f 4092 4772 4775
f 4129 4140 4091
f 4091 4140 4772
f 4137 4140 4128
f 4128 4140 4129
f 4128 6324 4137
f 4137 6324 6321
f 6324 6487 6321
f 6321 6487 6485
f 6487 6486 6485
f 6485 6486 6482
f 4774 4773 4779
f 4779 4773 4776
f 4773 4139 4776
f 4776 4139 4114
f 4139 4138 4114
f 4114 4138 4111
f 4138 6322 4111
f 4111 6322 6880
f 6322 6484 6880
f 6880 6484 6481
f 6484 6483 6481
f 6481 6483 6478
f 6879 6343 6309
f 6309 6343 4428
f 4106 4105 4900
f 4900 4105 6307
f 3500 3167 6495
f 6495 3167 6496
f 3500 6495 3070
f 3070 6495 5368
f 3502 5235 3501
f 3501 5235 4813
f 3024 3503 6473
f 6473 3503 6474
f 3503 3023 6474
f 6474 3023 6374
f 3504 1770 4348
f 4348 1770 4345
f 3502 3505 5235
f 5235 3505 4810
f 3498 3497 6500
f 6500 3497 6501
f 3496 3075 6502
f 6502 3075 6275
f 6299 4254 3174
f 3174 4254 3017
f 1769 3501 4814
f 4814 3501 4813
f 3506 3018 6476
f 6476 3018 4257
f 3507 3499 6499
f 6499 3499 6504
f 3030 4216 3483
f 3483 4216 4215
f 3077 3507 6333
f 6333 3507 6499
f 1784 3160 5249
f 5249 3160 6523
f 3015 3506 4240
f 4240 3506 6476
f 3508 3504 6383
f 6383 3504 4348
f 3509 3016 6477
f 6477 3016 4239
f 3028 3509 6467
f 6467 3509 6477
f 3022 1785 5246
f 5246 1785 5247
f 3161 3508 6570
f 6570 3508 6383
f 3150 3149 4694
f 4694 3149 6566
f 1327 4807 3510
f 3510 4807 4811
f 3510 4811 3505
f 3505 4811 4810
f 3146 3511 4816
f 4816 3511 4350
f 3511 1808 4350
f 4350 1808 4351
f 3485 4327 3159
f 3159 4327 4330
f 1326 3512 4806
f 4806 3512 6310
f 3512 1331 6310
f 6310 1331 4688
