v -0.1876199 -0.1308801 1.4788147
v -0.1901032 -0.1349724 1.4629170
v -0.1776982 -0.1277563 1.4637003
v -0.1738843 -0.1211968 1.4764790
v -0.1790926 -0.1325297 1.4530430
v -0.1898206 -0.1367523 1.4509517
v -0.1677484 -0.1188015 1.4611141
v -0.1638411 -0.1103888 1.4711784
v -0.1505708 -0.1046970 1.4306456
v -0.1445173 -0.0961287 1.4291227
v -0.1484864 -0.0987123 1.4398841
v -0.1543042 -0.1066422 1.4384601
v -0.1439240 -0.0987678 1.4061176
v -0.1484342 -0.1046669 1.3947448
v -0.1426603 -0.0943631 1.3883279
v -0.1390155 -0.0870681 1.3993729
v -0.1860927 -0.1229282 1.3962210
v -0.1791948 -0.1221967 1.3914869
v -0.1769826 -0.1228112 1.3989989
v -0.1844147 -0.1230687 1.4028384
v -0.1981186 -0.1284664 1.4025258
v -0.1979375 -0.1261429 1.4084757
v -0.2042565 -0.1308838 1.4102233
v -0.2036114 -0.1343402 1.4036182
v -0.1897722 -0.1214779 1.3898216
v -0.1825026 -0.1204537 1.3848225
v -0.1921751 -0.1240185 1.4002105
v -0.1931651 -0.1256123 1.3952357
v -0.1956406 -0.1349201 1.3870425
v -0.1954616 -0.1342779 1.3922655
v -0.1996399 -0.1405533 1.3916039
v -0.1992601 -0.1389418 1.3859661
v -0.1914734 -0.1260386 1.3886466
v -0.1922105 -0.1292536 1.3911630
v -0.1937972 -0.1306483 1.3865815
v -0.1941561 -0.1270948 1.3845442
v -0.1978235 -0.1307880 1.3977313
v -0.2021533 -0.1375310 1.3978898
v -0.2070802 -0.1439708 1.3972579
v -0.2045276 -0.1464743 1.3890744
v -0.1645713 -0.1161146 1.3823715
v -0.1714819 -0.1201106 1.3871869
v -0.1751182 -0.1191643 1.3808385
v -0.1687683 -0.1164701 1.3771314
v -0.1918245 -0.1235365 1.3823855
v -0.1844144 -0.1221905 1.3679332
v -0.1850960 -0.1229673 1.3717290
v -0.1915889 -0.1259428 1.3704661
v -0.1903394 -0.1251827 1.3669960
v -0.1546361 -0.1064560 1.3713399
v -0.1602456 -0.1100567 1.3677901
v -0.1578659 -0.1066906 1.3618249
v -0.1521702 -0.1017414 1.3640118
v -0.1585869 -0.1047862 1.3554993
v -0.1511900 -0.0975051 1.3564743
v -0.1561001 -0.0940318 1.3401154
v -0.1531275 -0.0953481 1.3477775
v -0.1609579 -0.1036947 1.3490184
v -0.1648944 -0.1048138 1.3421202
v -0.1781445 -0.1113632 1.3425173
v -0.1835923 -0.1130794 1.3392550
v -0.1756132 -0.1096072 1.3289510
v -0.1702256 -0.1078449 1.3345326
v -0.1828994 -0.1168707 1.3626797
v -0.1788547 -0.1148030 1.3641288
v -0.1791590 -0.1173132 1.3654086
v -0.1836582 -0.1199575 1.3648536
v -0.1748757 -0.1135327 1.3651583
v -0.1730154 -0.1131914 1.3654320
v -0.1737605 -0.1146042 1.3664821
v -0.1750802 -0.1142109 1.3659652
v -0.1769479 -0.1142796 1.3649552
v -0.1776461 -0.1141511 1.3627654
v -0.1756958 -0.1136347 1.3640655
v -0.1811018 -0.1161944 1.3605755
v -0.1931945 -0.1221293 1.3539751
v -0.1896228 -0.1211748 1.3554553
v -0.1920717 -0.1206600 1.3594631
v -0.1951838 -0.1214034 1.3585833
v -0.1759171 -0.1164158 1.3678326
v -0.1741831 -0.1166923 1.3697610
v -0.1788228 -0.1195514 1.3710778
v -0.1792580 -0.1185020 1.3680152
v -0.1718958 -0.1171393 1.3726490
v -0.1717075 -0.1146147 1.3682553
v -0.1687876 -0.1147119 1.3700235
v -0.1733191 -0.1126243 1.3636327
v -0.1699253 -0.1115557 1.3629464
v -0.1700892 -0.1131264 1.3655440
v -0.1713061 -0.1110367 1.3594051
v -0.1753516 -0.1128755 1.3610749
v -0.1785005 -0.1146977 1.3579943
v -0.1827234 -0.1172514 1.3546708
v -0.1787401 -0.1138456 1.3513129
v -0.1743661 -0.1120002 1.3553427
v -0.1777021 -0.1197913 1.3755363
v -0.1657559 -0.1118789 1.3663573
v -0.1643086 -0.1132588 1.3732196
v -0.1645443 -0.1099784 1.3619913
v -0.1654964 -0.1086256 1.3572564
v -0.1687724 -0.1087801 1.3520055
v -0.1730775 -0.1097309 1.3471393
v -0.1694592 -0.0970243 1.3232847
v -0.1630953 -0.0962180 1.3306468
v -0.1895500 -0.1328620 1.4439334
v -0.1804964 -0.1315591 1.4455519
v -0.1772688 -0.1260647 1.4390290
v -0.1761722 -0.1262860 1.4415349
v -0.1820420 -0.1288789 1.4413764
v -0.1819271 -0.1276517 1.4388105
v -0.1609365 -0.1114809 1.4381113
v -0.1663412 -0.1156415 1.4378177
v -0.1650111 -0.1136072 1.4344719
v -0.1577560 -0.1099677 1.4322924
v -0.1708326 -0.1183979 1.4243336
v -0.1669648 -0.1160608 1.4270190
v -0.1723052 -0.1192980 1.4320803
v -0.1752134 -0.1211471 1.4300591
v -0.1788109 -0.1226099 1.4283557
v -0.1831526 -0.1231472 1.4270418
v -0.1811340 -0.1216229 1.4222807
v -0.1758818 -0.1204255 1.4229308
v -0.1888217 -0.1293991 1.4407517
v -0.1957071 -0.1279451 1.4379902
v -0.1931657 -0.1269218 1.4359492
v -0.1874981 -0.1284007 1.4379348
v -0.2002331 -0.1195723 1.4280041
v -0.1999693 -0.1209860 1.4304959
v -0.2037941 -0.1220755 1.4306968
v -0.2032679 -0.1204585 1.4264656
v -0.2000573 -0.1203945 1.4242800
v -0.1984111 -0.1198295 1.4267964
v -0.2018051 -0.1304343 1.4971689
v -0.2034099 -0.1377640 1.4782803
v -0.1848805 -0.1215675 1.4968161
v -0.1711317 -0.1111673 1.4908578
v -0.1595914 -0.1004620 1.4814826
v -0.1483597 -0.1012002 1.3785430
v -0.1444574 -0.0940272 1.3713636
v -0.1375669 -0.0845478 1.3822702
v -0.1361086 -0.0780533 1.3732459
v -0.1430045 -0.0886243 1.3620274
v -0.1501395 -0.0812316 1.3410705
v -0.1444983 -0.0844208 1.3513169
v -0.1369586 -0.0710903 1.3636236
v -0.1311414 -0.0589645 1.3800903
v -0.1318931 -0.0677691 1.3860535
v -0.1306652 -0.0501027 1.3979651
v -0.1331317 -0.0476587 1.3747290
v -0.1325432 -0.0418130 1.3982757
v -0.1361743 -0.0430536 1.3418460
v -0.1286116 -0.0381553 1.3359042
v -0.1194065 -0.0312335 1.3493044
v -0.1259709 -0.0357291 1.3552001
v -0.1339878 -0.0762075 1.3929355
v -0.1494465 -0.0927264 1.4526070
v -0.1539677 -0.1031370 1.4492188
v -0.1438823 -0.0884181 1.4412711
v -0.1613002 -0.0825343 1.5146723
v -0.1672839 -0.0985217 1.5043281
v -0.1545320 -0.0909099 1.4924313
v -0.1507612 -0.0776277 1.5022928
v -0.1983944 -0.0916129 1.5384453
v -0.1999392 -0.1140858 1.5204006
v -0.1838232 -0.1072622 1.5141707
v -0.1799394 -0.0890624 1.5297132
v -0.1479306 -0.0637340 1.5069013
v -0.1446160 -0.0466260 1.5112662
v -0.1534872 -0.0409575 1.5258140
v -0.1580451 -0.0630850 1.5230517
v -0.1689258 -0.0351023 1.5431980
v -0.1749490 -0.0623725 1.5397925
v -0.1303024 -0.0310265 1.3888166
v -0.1330610 -0.0307622 1.4060181
v -0.1327794 -0.0417738 1.3623613
v -0.1262303 -0.0295488 1.3756472
v -0.1895347 -0.0296602 1.5534959
v -0.1957545 -0.0612963 1.5508373
v -0.1442195 0.0047785 1.4962574
v -0.1472993 -0.0056466 1.5116908
v -0.1393840 -0.0201861 1.4986186
v -0.1372457 -0.0090060 1.4864999
v -0.1553345 0.0207043 1.5049385
v -0.1603620 0.0086970 1.5228952
v -0.1394187 0.0137140 1.4426561
v -0.1414453 0.0104717 1.4251551
v -0.1487636 0.0236116 1.4275245
v -0.1474987 0.0293061 1.4456459
v -0.1701951 -0.1255329 1.4528302
v -0.1731696 -0.1276704 1.4454995
v -0.1679067 -0.1220172 1.4444487
v -0.1640344 -0.1181833 1.4502559
v -0.1604944 -0.1099928 1.4563034
v -0.1566380 -0.1004944 1.4629870
v -0.1482963 -0.0821997 1.4804343
v -0.1448553 -0.0712667 1.4909943
v -0.1400717 -0.0472738 1.4980054
v -0.1421671 -0.0610340 1.4951092
v -0.1357650 -0.0264537 1.4852542
v -0.1338305 -0.0193223 1.4779029
v -0.1342869 -0.0174277 1.4190779
v -0.1310921 -0.0153395 1.4001297
v -0.1358140 -0.0018583 1.4055667
v -0.1379614 -0.0029257 1.4227419
v -0.1480396 0.0208208 1.4110595
v -0.1419280 0.0096141 1.4086303
v -0.1221318 -0.0107992 1.3749865
v -0.1152055 -0.0052830 1.3679142
v -0.1171517 0.0085630 1.3754417
v -0.1254168 0.0033351 1.3810513
v -0.1198721 0.0218907 1.3793440
v -0.1251486 0.0331459 1.3798071
v -0.1338102 0.0283023 1.3871500
v -0.1289977 0.0170464 1.3858838
v -0.1481917 -0.0428702 1.3145140
v -0.1424654 -0.0370747 1.3093910
v -0.1322154 -0.0368071 1.3190201
v -0.1392846 -0.0412802 1.3242675
v -0.1066844 0.0002570 1.3639137
v -0.1076548 0.0136689 1.3736060
v -0.1346292 -0.0014955 1.4396515
v -0.1339749 -0.0133732 1.4391281
v -0.1095259 0.0275191 1.3771249
v -0.1361399 0.0119626 1.3949921
v -0.1303528 0.0001787 1.3910847
v -0.1557120 0.0321399 1.4112088
v -0.1583219 0.0358657 1.4282182
v -0.1912133 -0.1236379 1.4060974
v -0.1916974 -0.1216259 1.4224322
v -0.1918394 -0.1219992 1.4263801
v -0.1958281 -0.1210439 1.4263669
v -0.1961840 -0.1209778 1.4230584
v -0.2158861 -0.1406842 1.4548435
v -0.2124536 -0.1372087 1.4390570
v -0.2012979 -0.1390483 1.4459585
v -0.2033797 -0.1397090 1.4597448
v -0.1573318 -0.1153733 1.4032066
v -0.1683450 -0.1209758 1.4049143
v -0.1689542 -0.1210705 1.3949596
v -0.1606550 -0.1162102 1.3906952
v -0.1698330 -0.1184282 1.4375136
v -0.1688464 -0.1189880 1.4397200
v -0.1714647 -0.1210538 1.4383560
v -0.1595169 -0.1117672 1.3772780
v -0.1539110 -0.1088302 1.3847682
v -0.1392088 -0.0845900 1.4273438
v -0.1589715 -0.1115338 1.4454475
v -0.2213557 -0.0927787 1.5421390
v -0.2213415 -0.1186810 1.5205102
v -0.2120576 -0.0268930 1.5598686
v -0.2183604 -0.0604475 1.5551984
v -0.1762179 0.0223026 1.5316243
v -0.1707311 0.0354281 1.5117823
v -0.1868409 0.0475161 1.5148121
v -0.1961840 0.0300556 1.5372828
v -0.1588045 0.0416958 1.4466808
v -0.1314765 0.0428241 1.3779409
v -0.1417495 0.0374604 1.3871695
v -0.2190314 -0.1327083 1.4963573
v -0.2177103 -0.1392248 1.4743451
v -0.1517057 -0.0902376 1.4712639
v -0.1491483 -0.1061550 1.4212494
v -0.1562761 -0.1114542 1.4258005
v -0.1578033 -0.1141988 1.4204532
v -0.1502382 -0.1088437 1.4130863
v -0.1429920 -0.0961084 1.4163083
v -0.1379955 -0.0829392 1.4127205
v -0.1327916 -0.0680207 1.4099058
v -0.1310714 -0.0580338 1.4013850
v -0.1426528 -0.0307228 1.5093153
v -0.1508384 -0.0192327 1.5234865
v -0.1643784 -0.0100372 1.5369117
v -0.1832647 -0.0008228 1.5462840
v -0.1388546 -0.0341286 1.4980554
v -0.2042710 0.0044033 1.5528793
v -0.1933766 -0.1259689 1.3748110
v -0.1861621 -0.1223603 1.3776924
v -0.1960746 -0.1264469 1.3783872
v -0.1870464 -0.1189760 1.3517922
v -0.1910444 -0.1196570 1.3498449
v -0.1882358 -0.1153796 1.3457692
v -0.1836478 -0.1149490 1.3480926
v -0.1657586 -0.0814497 1.3239674
v -0.1578423 -0.0807244 1.3316796
v -0.1538239 -0.0500391 1.3191971
v -0.1455142 -0.0474284 1.3290210
v -0.1990638 -0.1323235 1.3853697
v -0.2006707 -0.1325153 1.3850940
v -0.2003966 -0.1301300 1.3847606
v -0.1984497 -0.1300843 1.3853054
v -0.1770261 -0.1156084 1.3657212
v -0.1952090 -0.1265072 1.3652664
v -0.1981744 -0.1265486 1.3640865
v -0.1967835 -0.1241399 1.3612893
v -0.1937392 -0.1241695 1.3623387
v -0.1427037 -0.0631744 1.3509391
v -0.1414041 -0.0506191 1.3471409
v -0.1145031 -0.0200366 1.3582031
v -0.1210411 -0.0250041 1.3658110
v -0.1268178 -0.0139001 1.3855895
v -0.1427387 0.0233246 1.3985200
v -0.1494449 0.0342234 1.3983992
v -0.1715362 0.0470906 1.3943071
v -0.1790803 0.0471903 1.4071566
v -0.1653891 0.0421369 1.4097594
v -0.1604213 0.0413324 1.3966283
v -0.1534076 -0.0664874 1.3338544
v -0.1618502 -0.0678228 1.3254421
v -0.1580582 -0.0579612 1.3240450
v -0.1502408 -0.0555960 1.3331657
v -0.2033572 -0.1320771 1.3808087
v -0.2045402 -0.1331794 1.3790565
v -0.2031929 -0.1300438 1.3778903
v -0.2019543 -0.1300329 1.3806076
v -0.1969319 -0.1282422 1.3841376
v -0.1987584 -0.1275399 1.3826553
v -0.1977783 -0.1271503 1.3809157
v -0.1976032 -0.1331699 1.3854257
v -0.1966131 -0.1302831 1.3850962
v -0.2027079 -0.1371495 1.3835269
v -0.1998867 -0.1361274 1.3845504
v -0.2032241 -0.1420956 1.3822824
v -0.2020593 -0.1313923 1.3826263
v -0.2011227 -0.1294877 1.3821576
v -0.1983354 -0.1287156 1.3846514
v -0.1998942 -0.1284609 1.3839220
v -0.2023381 -0.1353389 1.3841430
v -0.2004418 -0.1343140 1.3848170
v -0.2089280 -0.1400983 1.4043035
v -0.2151127 -0.1417704 1.4030228
v -0.2137628 -0.1453175 1.3952805
v -0.2120005 -0.1480199 1.3865126
v -0.2093102 -0.1437049 1.3796566
v -0.1652004 -0.0582482 1.3178609
v -0.1608691 -0.0502153 1.3126355
v -0.2328810 -0.1379780 1.4696616
v -0.2279136 -0.1381814 1.4503685
v -0.1757927 -0.1138281 1.3651979
v -0.1979764 -0.1314630 1.4407846
v -0.1635296 -0.1179458 1.4159222
v -0.1842416 -0.1221163 1.4098710
v -0.1768329 -0.1217710 1.4074172
v -0.1787299 -0.1213138 1.4153377
v -0.1852858 -0.1216795 1.4162946
v -0.2055327 -0.1297939 1.4358391
v -0.2132611 -0.1324702 1.4286014
v -0.2085168 -0.1262289 1.4298362
v -0.2071314 -0.1242159 1.4236947
v -0.2104979 -0.1315810 1.4200754
v -0.2042169 -0.1267525 1.4157321
v -0.2027341 -0.1222082 1.4200706
v -0.1738320 -0.1235934 1.4390638
v -0.1719762 -0.1229790 1.4410943
v -0.1976805 -0.1235654 1.4136510
v -0.1911244 -0.1223021 1.4117626
v -0.1912781 -0.1211893 1.4173629
v -0.1971655 -0.1213666 1.4183915
v -0.1715587 -0.1202454 1.4146719
v -0.1642930 -0.1163899 1.4420924
v -0.1649284 -0.1141135 1.4306777
v -0.1322351 -0.0224420 1.4410536
v -0.1330982 -0.0255114 1.4277911
v -0.1260579 -0.0420211 1.4144364
v -0.1275257 -0.0440061 1.4091326
v -0.1327526 -0.0398019 1.4117106
v -0.1280884 -0.0376311 1.4172796
v -0.1323599 -0.0402985 1.4707332
v -0.1350263 -0.0387250 1.4782685
v -0.1357256 -0.0457959 1.4770520
v -0.1331230 -0.0427769 1.4700881
v -0.1352556 -0.0496233 1.4710350
v -0.1370971 -0.0527471 1.4735334
v -0.1343406 -0.0520313 1.4652677
v -0.1340737 -0.0486500 1.4666363
v -0.1390628 -0.0567930 1.4832968
v -0.1410330 -0.0653885 1.4779455
v -0.1383521 -0.0589160 1.4677782
v -0.1450254 -0.0795911 1.4570906
v -0.1388168 -0.0650060 1.4506146
v -0.1393435 -0.0624212 1.4596552
v -0.1437168 -0.0725764 1.4687289
v -0.1289485 -0.0496404 1.4125355
v -0.1323756 -0.0547065 1.4185254
v -0.1337578 -0.0322867 1.4176131
v -0.2128790 0.0495279 1.5153505
v -0.2221167 0.0306217 1.5368423
v -0.1418620 0.0115735 1.4793956
v -0.1513485 0.0269337 1.4856804
v -0.1350520 -0.0025669 1.4724899
v -0.1317969 -0.0145379 1.4666876
v -0.1644758 0.0406707 1.4916327
v -0.1780669 0.0536775 1.4902809
v -0.1389271 -0.0755222 1.4409201
v -0.1371055 -0.0632007 1.4391894
v -0.1398353 0.0142301 1.4614014
v -0.1495416 0.0289186 1.4660779
v -0.1329862 0.0003282 1.4563331
v -0.1314651 -0.0124848 1.4535381
v -0.1631205 0.0432379 1.4697283
v -0.1735112 0.0515090 1.4444203
v -0.1772871 0.0547234 1.4661808
v -0.1275468 -0.0446286 1.4250734
v -0.1296735 -0.0483393 1.4218935
v -0.1270208 -0.0456094 1.4165696
v -0.1245178 -0.0446043 1.4197106
v -0.1353110 -0.0710975 1.4268266
v -0.1344638 -0.0587648 1.4287613
v -0.2096405 -0.1364171 1.4116886
v -0.2179463 -0.1349187 1.4187639
v -0.2163862 -0.1383205 1.4108301
v -0.2200412 -0.1335534 1.4270528
v -0.2415273 -0.0615637 1.5514417
v -0.2433068 -0.0919134 1.5380231
v -0.2305845 0.0037654 1.5514630
v -0.2368061 -0.0281549 1.5574092
v -0.1883536 -0.1144453 1.3372208
v -0.1817553 -0.1103205 1.3253607
v -0.1981782 -0.1277310 1.3727215
v -0.2009591 -0.1276671 1.3711481
v -0.1995244 -0.1273238 1.3674679
v -0.1966890 -0.1273468 1.3688938
v -0.2011189 -0.1248329 1.4348395
v -0.1710551 0.0451320 1.4268277
v -0.1521309 0.0446123 1.3848915
v -0.1417355 0.0496906 1.3751581
v -0.1146574 0.0396874 1.3761548
v -0.1225130 0.0491876 1.3722902
v -0.2023531 -0.1284303 1.3746168
v -0.1998069 -0.1280828 1.3761408
v -0.2027209 -0.1336510 1.3837357
v -0.1891238 -0.1228189 1.3636198
v -0.2007282 -0.1286002 1.3789063
v -0.2006272 -0.1288908 1.3811401
v -0.2050923 -0.1303359 1.3765913
v -0.2038127 -0.1282601 1.3738466
v -0.1865958 -0.1220362 1.4220709
v -0.1876336 -0.1227359 1.4264366
v -0.2046305 -0.1373476 1.3798540
v -0.2039566 -0.1352559 1.3817601
v -0.2076965 -0.1371400 1.3780153
v -0.1209848 -0.0339371 1.3306302
v -0.1119635 -0.0258807 1.3430691
v -0.2001486 -0.1262047 1.3633882
v -0.1988301 -0.1239582 1.3603820
v -0.2427827 -0.1179049 1.5163328
v -0.1898861 0.0559450 1.4377896
v -0.1943390 0.0605899 1.4585722
v -0.1355888 -0.0562403 1.4471694
v -0.1323846 -0.0505088 1.4454894
v -0.1323225 -0.0506809 1.4529224
v -0.1357028 -0.0564763 1.4548410
v -0.1557833 -0.0427598 1.3077991
v -0.1074599 -0.0134854 1.3537075
v -0.1331350 0.0568853 1.3687547
v -0.1695570 -0.1174185 1.4359802
v -0.1705448 -0.1178003 1.4339989
v -0.1975728 -0.1237500 1.4333413
v -0.2035375 0.0598554 1.4855517
v -0.1854101 -0.1190844 1.3576658
v -0.1878970 -0.1191299 1.3609970
v -0.1634168 0.0486070 1.3827079
v -0.1694336 -0.0680183 1.3195709
v -0.2059791 -0.1336971 1.3778964
v -0.1848071 0.0502213 1.4222028
v -0.1315717 -0.0439533 1.4621579
v -0.1297393 -0.0472870 1.4601229
v -0.1293486 -0.0460804 1.4572119
v -0.1308434 -0.0441207 1.4580799
v -0.1300856 -0.0530070 1.4616717
v -0.1280644 -0.0499665 1.4598005
v -0.1271201 -0.0497344 1.4628767
v -0.1295908 -0.0520199 1.4655303
v -0.1347980 -0.0550475 1.4610927
v -0.1311089 -0.0526596 1.4574409
v -0.1263665 -0.0488962 1.4653668
v -0.1274585 -0.0508091 1.4675199
v -0.1304814 -0.0496124 1.4686914
v -0.1334896 -0.0459386 1.4687479
v -0.1251551 -0.0482181 1.4700263
v -0.1291852 -0.0461809 1.4715478
v -0.1221400 -0.0440887 1.4717758
v -0.1270218 -0.0417240 1.4733994
v -0.1190611 -0.0385006 1.4708906
v -0.1248655 -0.0360407 1.4715752
v -0.1328366 -0.0508291 1.4290663
v -0.1305125 -0.0445311 1.4317575
v -0.1165933 -0.0343423 1.4670900
v -0.1230223 -0.0320007 1.4663979
v -0.1151487 -0.0308312 1.4610517
v -0.1210170 -0.0284972 1.4605947
v -0.1145043 -0.0289278 1.4541138
v -0.1190910 -0.0268188 1.4541287
v -0.1138901 -0.0279331 1.4466357
v -0.1181377 -0.0251167 1.4446901
v -0.1145730 -0.0292075 1.4384520
v -0.1183748 -0.0262667 1.4341463
v -0.1244478 -0.0420587 1.4693838
v -0.1218951 -0.0380112 1.4679647
v -0.1329167 -0.0375175 1.4673382
v -0.1261747 -0.0461357 1.4682289
v -0.1291508 -0.0366607 1.4546749
v -0.1314924 -0.0372096 1.4563503
v -0.1301487 -0.0379326 1.4546510
v -0.1304959 -0.0348243 1.4539114
v -0.1322211 -0.0480309 1.4381128
v -0.1300864 -0.0447023 1.4396405
v -0.1312329 -0.0465922 1.4447976
v -0.1301378 -0.0426925 1.4356465
v -0.1310185 -0.0417224 1.4371642
v -0.1323476 -0.0428567 1.4403252
v -0.1341674 -0.0440115 1.4443659
v -0.1300874 -0.0399595 1.4362357
v -0.1281243 -0.0402046 1.4349379
v -0.1314324 -0.0396420 1.4374822
v -0.1322053 -0.0408280 1.4378412
v -0.1337228 -0.0403913 1.4399450
v -0.1336316 -0.0389698 1.4440090
v -0.1344957 -0.0539562 1.4378108
v -0.1292416 -0.0293307 1.4430266
v -0.1296798 -0.0300922 1.4330173
v -0.1165986 -0.0324257 1.4311123
v -0.1179982 -0.0298864 1.4244892
v -0.1203724 -0.0414838 1.4179876
v -0.1177887 -0.0354477 1.4183396
v -0.1317161 -0.0338396 1.4630530
v -0.1297272 -0.0302885 1.4580309
v -0.1294362 -0.0344575 1.4244295
v -0.1281240 -0.0284099 1.4517168
v -0.1177290 -0.0308147 1.4415492
v -0.1199136 -0.0329541 1.4364051
v -0.1164118 -0.0301586 1.4476174
v -0.1261421 -0.0405943 1.4314676
v -0.1229712 -0.0408066 1.4253708
v -0.1191236 -0.0367036 1.4269980
v -0.1229417 -0.0363750 1.4328964
v -0.1203900 -0.0331772 1.4434376
v -0.1232284 -0.0342907 1.4395785
v -0.1242525 -0.0333350 1.4451859
v -0.1270280 -0.0346385 1.4418005
v -0.1286019 -0.0372218 1.4383361
v -0.1260985 -0.0368586 1.4364722
v -0.1314429 -0.0344206 1.4429497
v -0.1289342 -0.0339922 1.4474923
v -0.1315030 -0.0375263 1.4392613
v -0.1224461 -0.0340232 1.4490699
v -0.1211013 -0.0352356 1.4531751
v -0.1243412 -0.0376491 1.4543791
v -0.1266667 -0.0350610 1.4511726
v -0.1173489 -0.0304633 1.4536815
v -0.1180064 -0.0333846 1.4531413
v -0.1187309 -0.0327563 1.4481943
v -0.1188510 -0.0344349 1.4584222
v -0.1186653 -0.0320001 1.4597905
v -0.1208451 -0.0361243 1.4573523
v -0.1229006 -0.0378990 1.4572501
v -0.1220906 -0.0390498 1.4653601
v -0.1205757 -0.0366540 1.4625136
v -0.1197650 -0.0348037 1.4649118
v -0.1214507 -0.0381455 1.4605685
v -0.1230857 -0.0398125 1.4626722
v -0.1242513 -0.0394780 1.4604263
v -0.1229127 -0.0383740 1.4595589
v -0.1282631 -0.0466922 1.4650479
v -0.1291573 -0.0473844 1.4628867
v -0.1267570 -0.0446528 1.4662306
v -0.1291960 -0.0445428 1.4659391
v -0.1276435 -0.0434125 1.4641114
v -0.1303047 -0.0442665 1.4646820
v -0.1281176 -0.0428901 1.4620073
v -0.1294399 -0.0418679 1.4592464
v -0.1294336 -0.0294691 1.2959823
v -0.1357699 -0.0322255 1.3030433
v -0.1450102 -0.0303078 1.2953070
v -0.1397812 -0.0261984 1.2887984
v -0.1259112 -0.0416537 1.4610557
v -0.1253542 -0.0416572 1.4636640
v -0.1247683 -0.0416810 1.4666302
v -0.1274423 -0.0391913 1.4569153
v -0.1254506 -0.0388473 1.4565439
v -0.1247936 -0.0394064 1.4581286
v -0.1269765 -0.0406290 1.4586911
v -0.1315104 -0.0468941 1.4489696
v -0.1324546 -0.0423229 1.4483042
v -0.1312218 -0.0381217 1.4476277
v -0.0912479 -0.0283917 1.3071028
v -0.0794831 -0.0257554 1.3246349
v -0.0870602 -0.0217450 1.3296260
v -0.0978601 -0.0250097 1.3139587
v -0.0777449 -0.0425804 1.2845559
v -0.0707711 -0.0479768 1.2660126
v -0.0551380 -0.0511624 1.2800644
v -0.0589082 -0.0407900 1.3061003
v -0.0521572 -0.0588449 1.2585783
v -0.0668793 -0.0539296 1.2471974
v -0.0458303 -0.0768046 1.2041258
v -0.0474906 -0.0715611 1.2207896
v -0.0627148 -0.0668684 1.2124121
v -0.0605117 -0.0720396 1.1959648
v -0.0064163 -0.0961373 1.1515955
v -0.0188838 -0.0949892 1.1479425
v -0.0184170 -0.0902895 1.1333271
v -0.0035830 -0.0906098 1.1365477
v 0.0133344 -0.0767450 1.2594772
v 0.0273429 -0.0759585 1.2552640
v 0.0237947 -0.0764661 1.2740128
v 0.0093634 -0.0755228 1.2781748
v -0.0521576 -0.0141406 1.3599100
v -0.0600659 -0.0088185 1.3605623
v -0.0632966 -0.0213513 1.3388077
v -0.0558159 -0.0288079 1.3363884
v 0.0428393 -0.0734309 1.1832438
v 0.0312279 -0.0818972 1.1851017
v 0.0309374 -0.0837874 1.1739145
v 0.0411607 -0.0765965 1.1712711
v 0.0538110 -0.0588605 1.1014039
v 0.0352001 -0.0675834 1.0951200
v 0.0409921 -0.0689719 1.0794589
v 0.0604098 -0.0596020 1.0855032
v 0.0999323 -0.0101983 1.1409698
v 0.1052074 -0.0087096 1.1228909
v 0.1156244 0.0158873 1.1266621
v 0.1106125 0.0149022 1.1448309
v -0.0182391 -0.0819054 1.2172202
v -0.0196972 -0.0772605 1.2345139
v -0.0330425 -0.0749877 1.2282411
v -0.0316522 -0.0800298 1.2113820
v 0.1872956 -0.1159585 1.3507141
v 0.1632085 -0.1084834 1.3455713
v 0.1686326 -0.1049621 1.3305506
v 0.1927643 -0.1116459 1.3356946
v 0.1290862 -0.0327148 1.0249489
v 0.1334577 -0.0394751 1.0043479
v 0.1440511 -0.0144232 1.0056220
v 0.1389544 -0.0086775 1.0268556
v 0.0486596 -0.0858484 1.3452827
v 0.0480992 -0.0754183 1.3674658
v 0.0338828 -0.0714267 1.3674751
v 0.0333323 -0.0831210 1.3451338
v 0.0279347 -0.0760111 1.2260697
v 0.0276270 -0.0756891 1.2395610
v 0.0154492 -0.0784552 1.2425295
v 0.0164436 -0.0796709 1.2271843
v 0.1044375 0.0122144 1.1808808
v 0.0997957 0.0104245 1.1999507
v 0.0922283 -0.0078795 1.1945597
v 0.0962179 -0.0088366 1.1758241
v 0.0986735 -0.0094248 1.1583078
v 0.1077837 0.0138833 1.1624302
v 0.0057132 -0.0817568 1.2254684
v 0.0032233 -0.0787776 1.2430136
v -0.0075683 -0.0786770 1.2395963
v -0.0059658 -0.0824668 1.2218401
v -0.0185124 -0.0823665 1.1202094
v -0.0005706 -0.0823732 1.1238419
v 0.1170890 -0.0619139 1.0006882
v 0.1135948 -0.0544570 1.0215434
v 0.0951116 -0.0718894 1.0163398
v 0.0977769 -0.0791983 0.9958411
v 0.0101925 -0.0708095 1.1025007
v 0.0280362 -0.0667039 1.1083628
v 0.0204644 -0.0727357 1.1192179
v 0.0037138 -0.0748643 1.1136218
v 0.0760260 -0.0925720 0.9912045
v 0.0739951 -0.0848714 1.0109082
v 0.0517669 -0.0957521 1.0063374
v 0.0537072 -0.1043924 0.9854187
v -0.0497150 -0.0654904 1.2388947
v -0.0645861 -0.0606494 1.2293545
v 0.0153752 -0.0918159 1.1607335
v 0.0051247 -0.0949580 1.1562109
v 0.0093334 -0.0893327 1.1416124
v 0.0204673 -0.0866209 1.1476386
v 0.0528772 -0.0567192 1.2418012
v 0.0564286 -0.0578396 1.2554448
v 0.0426424 -0.0730139 1.2677057
v 0.0417205 -0.0699527 1.2490171
v 0.1501922 -0.0204575 0.9849914
v 0.1382894 -0.0464035 0.9839511
v 0.0792681 -0.0988173 0.9703970
v 0.0568633 -0.1102703 0.9644073
v 0.1037292 -0.0116398 1.2819866
v 0.0968979 -0.0225091 1.2794890
v 0.0931353 -0.0175246 1.2668131
v 0.1005506 -0.0072529 1.2703432
v -0.0533158 -0.0804670 1.1323562
v -0.0375156 -0.0813809 1.1219649
v -0.0327287 -0.0894549 1.1348124
v -0.0441708 -0.0877770 1.1434067
v 0.0269606 -0.0775116 1.1358039
v 0.0143978 -0.0803672 1.1290732
v 0.0351461 -0.0685807 1.1260862
v -0.0618404 -0.0693376 1.1219296
v -0.0417321 -0.0698053 1.1079702
v -0.0796564 -0.0550919 1.2192381
v -0.0777253 -0.0608623 1.2031749
v -0.0827618 -0.0493025 1.2356133
v -0.0873351 -0.0442572 1.2527685
v -0.1035174 -0.0393611 1.2415306
v -0.0987383 -0.0439248 1.2250221
v -0.0942299 -0.0404536 1.2690764
v -0.1095331 -0.0363645 1.2574141
v -0.1051258 -0.0286200 1.2918207
v -0.1109341 -0.0266799 1.3000538
v 0.0404132 -0.0687613 1.2349745
v 0.0397799 -0.0683080 1.2226503
v 0.1012098 -0.0852321 0.9756234
v 0.0175673 0.0745763 1.3402702
v 0.0271164 0.0584246 1.3469744
v 0.0347476 0.0678814 1.3336624
v 0.0260689 0.0843339 1.3260647
v -0.0458024 -0.0367382 1.3404476
v -0.0443181 -0.0196655 1.3627435
v 0.0917432 0.0309534 1.2965770
v 0.0941764 0.0297256 1.2868845
v 0.0903940 0.0392660 1.2790279
v 0.0860344 0.0403269 1.2898998
v 0.1095879 0.0051668 1.2908960
v 0.1085348 0.0100213 1.2979514
v 0.1204451 0.0062854 1.3070049
v 0.1212172 0.0009656 1.2998645
v 0.1482702 0.0104049 1.0056013
v 0.1428683 0.0170542 1.0267616
v 0.1076778 0.0832328 1.1649688
v 0.1045978 0.0754900 1.1879319
v 0.1105377 0.0568054 1.1774771
v 0.1139047 0.0618491 1.1562631
v -0.0472400 0.1304820 1.2834888
v -0.0328321 0.1250423 1.2942229
v -0.0244667 0.1309916 1.2818176
v -0.0392422 0.1364666 1.2708966
v -0.0142449 0.0964269 1.3313121
v -0.0272797 0.1102167 1.3184840
v -0.0357607 0.1028239 1.3288661
v -0.0225354 0.0875918 1.3425337
v 0.0064395 0.0912100 1.3300795
v 0.0150355 0.1006925 1.3160363
v 0.1075528 0.0320740 1.1885885
v 0.1033191 0.0275504 1.2070976
v 0.0976673 0.0208444 1.2335139
v 0.0971980 0.0177056 1.2423222
v 0.0933153 0.0044930 1.2369239
v 0.0942414 0.0066513 1.2277140
v -0.0685023 -0.0037897 1.3626468
v -0.0566457 0.0097154 1.3754276
v -0.0663408 0.0157842 1.3762747
v -0.0697473 0.0739073 1.3597380
v -0.0647558 0.0643834 1.3654622
v -0.0583533 0.0674333 1.3629815
v -0.0653023 0.0789795 1.3559368
v 0.0187172 0.1524189 1.2151206
v 0.0324068 0.1537476 1.1883877
v 0.0115947 0.1615298 1.1836713
v -0.0002515 0.1596315 1.2083859
v 0.0992899 0.0244355 1.2561414
v 0.0979623 0.0316893 1.2624104
v 0.1005099 0.0241356 1.2710918
v 0.1027126 0.0181710 1.2648549
v 0.0964912 0.0376509 1.2548700
v 0.0979837 0.0285916 1.2481561
v 0.0981277 0.0328681 1.2396447
v 0.0962255 0.0434564 1.2467664
v 0.1024116 0.0661415 1.2074942
v 0.0992753 0.0568556 1.2246759
v 0.1025823 0.0427427 1.2162620
v 0.1067000 0.0499188 1.1975948
v 0.0386888 0.1501985 1.0947600
v 0.0325974 0.1586623 1.1240764
v 0.0519262 0.1508966 1.1267570
v 0.0581894 0.1448420 1.0965674
v 0.0932014 -0.0475464 1.2861750
v 0.1088619 -0.0505305 1.2923302
v 0.0998778 -0.0639695 1.2927739
v 0.0862344 -0.0607554 1.2867221
v 0.1237186 0.0105346 1.3306474
v 0.1209073 0.0106327 1.3368816
v 0.1296232 0.0068279 1.3432414
v 0.1321847 0.0073864 1.3374416
v 0.1369458 -0.0422019 1.2967107
v 0.1576621 -0.0455393 1.2994319
v 0.1475706 -0.0592795 1.3000078
v 0.1267848 -0.0543946 1.2962009
v -0.0270618 -0.0013637 1.3785513
v -0.0377408 0.0011189 1.3775521
v -0.0356811 -0.0246690 1.3660604
v 0.1312043 -0.0179291 1.2961267
v 0.1340015 -0.0082159 1.3005725
v 0.1507651 -0.0092083 1.3062571
v 0.1489520 -0.0191871 1.3005494
v 0.1842785 -0.1137157 1.3670479
v 0.1606315 -0.1053299 1.3624845
v 0.1847343 -0.0381009 1.3065153
v 0.1642092 -0.0332521 1.3012515
v 0.1681063 -0.0219399 1.3058940
v 0.1889026 -0.0270401 1.3130307
v 0.1177606 0.0644643 1.1345135
v 0.1108897 0.0869739 1.1403379
v 0.1392751 0.0565732 1.0013636
v 0.1328655 0.0636805 1.0232535
v 0.1404563 0.0416648 1.0256237
v 0.1465151 0.0346962 1.0043182
v 0.1544654 0.0049442 0.9844215
v 0.1449224 0.0507603 0.9786036
v 0.1523902 0.0291432 0.9820825
v -0.0859899 0.0186523 1.3743021
v -0.0761568 0.0182746 1.3757175
v -0.0787049 0.0385772 1.3761665
v -0.0891940 0.0358364 1.3767810
v 0.1835483 -0.0257074 0.8659159
v 0.1760003 -0.0578210 0.8684367
v 0.1785258 -0.0610133 0.8416967
v 0.1842698 -0.0279677 0.8377516
v -0.0932474 0.0699282 1.3623869
v -0.1036348 0.0633407 1.3658734
v -0.0950991 0.0510438 1.3723117
v -0.0845475 0.0558853 1.3706838
v 0.1810338 -0.0210577 0.8904581
v 0.1729546 -0.0501375 0.8930385
v -0.0865754 0.0025849 1.3620583
v -0.0770981 -0.0002501 1.3628168
v -0.0888277 -0.0099279 1.3475164
v -0.0795673 -0.0125425 1.3463381
v -0.0953568 -0.0201228 1.3336898
v 0.1630870 -0.0838761 0.8675194
v 0.1665752 -0.0918536 0.8406659
v -0.0993967 0.0323334 1.3762529
v -0.1049362 0.0463119 1.3737588
v -0.1130539 0.0567927 1.3690337
v -0.1233581 0.0652155 1.3640430
v -0.1360778 0.0721101 1.3592880
v -0.1429429 0.0647679 1.3641651
v 0.1548880 -0.0267988 0.9653881
v 0.1608492 -0.0000517 0.9639050
v 0.1594723 0.0300618 0.7196523
v 0.1566016 0.0153312 0.7064358
v 0.1307775 0.0382380 0.7043903
v 0.1366167 0.0482475 0.7126378
v 0.0740978 0.0835250 0.7195738
v 0.1084125 0.0677977 0.7134466
v 0.1004246 0.0562128 0.7074756
v 0.0668309 0.0711748 0.7158217
v 0.0873305 0.1209428 0.8231424
v 0.0861678 0.1199827 0.8469192
v 0.1134236 0.1083094 0.8500507
v 0.1157231 0.1099908 0.8265118
v 0.1591584 0.0245645 0.9608749
v 0.1515242 0.0467506 0.9568502
v 0.1418291 -0.0520128 0.9649569
v 0.1536638 -0.1350546 0.6999994
v 0.1499784 -0.1367312 0.6649977
v 0.1695284 -0.1020631 0.6658208
v 0.1773825 -0.1015575 0.7000158
v 0.1649368 -0.0309518 0.6633768
v 0.1448136 -0.0016064 0.6632532
v 0.1506931 0.0052197 0.6864191
v 0.1743665 -0.0247106 0.6906594
v 0.0343456 -0.1192098 0.9584991
v 0.0362633 -0.1209436 0.9374367
v 0.0587230 -0.1129077 0.9439465
v -0.0293261 -0.1206934 0.9400686
v -0.0283476 -0.1218294 0.9206916
v -0.0077083 -0.1253709 0.9254603
v -0.0082067 -0.1250509 0.9462987
v -0.0162542 -0.1293593 0.8225952
v -0.0130565 -0.1274467 0.8459855
v -0.0287879 -0.1241792 0.8441546
v -0.0295811 -0.1253174 0.8243637
v 0.1436295 -0.1043353 0.8658809
v 0.1410131 -0.0978449 0.8861932
v 0.1175471 -0.1135872 0.8798695
v 0.1189537 -0.1221099 0.8582010
v 0.0897180 0.0435106 0.7016943
v 0.0582750 0.0555531 0.7139522
v 0.1212968 -0.1614249 0.7019329
v 0.1198374 -0.1620269 0.6648413
v 0.0815920 -0.1753386 0.6654074
v 0.0849150 -0.1717504 0.7000900
v 0.0502066 -0.1666066 0.6987677
v 0.0470474 -0.1691748 0.6668194
v -0.0116706 -0.0897322 0.7428681
v -0.0124460 -0.0848305 0.7312458
v -0.0070327 -0.1103719 0.7493747
v -0.0129051 -0.1140527 0.7646459
v 0.0816594 0.1008844 0.7399376
v 0.1127356 0.0886807 0.7382399
v 0.1110368 0.0792886 0.7248788
v 0.0788506 0.0915629 0.7271920
v 0.1394937 0.0656562 0.9517323
v 0.1328246 0.0692870 0.9744949
v 0.1181466 0.0838404 0.9707392
v 0.1131040 0.0897734 0.9951347
v 0.1277329 0.0755217 0.9978950
v 0.0827075 0.1250369 1.1534253
v 0.0806023 0.1213657 1.1813954
v 0.0967559 0.1031767 1.1717375
v 0.0991166 0.1068405 1.1469862
v -0.0186740 0.1177606 1.3065101
v -0.0100456 0.1244948 1.2936722
v 0.1147825 0.0231780 0.6707043
v 0.1146858 0.0104141 0.6398515
v 0.0805388 0.0213768 0.6470347
v 0.0728621 0.0348637 0.6865263
v 0.1583340 -0.0364982 0.6340425
v 0.1755604 -0.0656886 0.6652981
v 0.1666825 -0.0672325 0.6346542
v 0.1430252 -0.1388486 0.6309470
v 0.1617974 -0.1045239 0.6325641
v 0.0768754 -0.1772868 0.6316589
v 0.0434040 -0.1697015 0.6342784
v -0.0094281 -0.0938335 0.6668319
v -0.0058616 -0.0892333 0.6407027
v 0.0019952 -0.1185448 0.6395279
v 0.0004956 -0.1217016 0.6673795
v 0.0234213 -0.1322514 0.8176538
v 0.0310018 -0.1393640 0.7923534
v 0.0605218 -0.1412598 0.8116066
v 0.0601292 -0.1334009 0.8357143
v -0.0101034 -0.1212897 0.9687550
v -0.0274284 -0.1186519 0.9619513
v 0.0314521 -0.1135996 0.9802103
v 0.0093523 -0.1197868 0.9749116
v 0.0119169 -0.1246882 0.9524940
v -0.0218265 -0.0904090 1.0476977
v -0.0203947 -0.0984652 1.0314934
v 0.0028040 -0.0965114 1.0361169
v 0.0014628 -0.0892646 1.0525163
v -0.0008925 -0.0828328 1.0689167
v -0.0238706 -0.0832477 1.0633965
v -0.0316323 -0.0673804 1.0926360
v -0.0097101 -0.0712789 1.0975458
v -0.0168232 -0.0743544 1.1087849
v -0.0953950 -0.0485678 1.2087406
v -0.0925693 -0.0530836 1.1931082
v 0.1497420 -0.1180812 0.8342229
v 0.0358120 0.0178296 0.6827242
v 0.0455143 0.0143383 0.6496445
v 0.0202545 -0.0069562 0.6479128
v 0.0143322 -0.0083490 0.6760272
v 0.1590867 -0.0753776 0.8906004
v 0.1211140 -0.0681936 0.9806023
v 0.1245656 -0.0732691 0.9615604
v 0.0798294 -0.0359083 1.1379454
v 0.0891742 -0.0304373 1.1181312
v -0.0286664 -0.0931278 1.1447300
v -0.0339633 -0.0923718 1.1524969
v 0.1847100 -0.0612687 0.6966679
v 0.0727595 -0.1765456 0.5991809
v 0.0406006 -0.1681608 0.6010743
v 0.0373955 -0.1656063 0.5694139
v 0.0682135 -0.1751907 0.5674598
v 0.0013719 -0.0580948 0.6133818
v 0.0081652 -0.0570055 0.5825012
v 0.0028196 -0.0832187 0.5824099
v -0.0013253 -0.0858482 0.6123421
v 0.0132709 -0.0582600 0.5523072
v 0.0180135 -0.0589100 0.5230681
v 0.0098771 -0.0832348 0.5202641
v 0.0059996 -0.0846356 0.5509898
v 0.1135348 -0.1642709 0.6293220
v 0.1278014 -0.1439072 0.5684692
v 0.1345511 -0.1415920 0.5985386
v 0.1070482 -0.1654683 0.5976695
v 0.1015131 -0.1663565 0.5664528
v 0.1402019 -0.0097819 0.6353410
v -0.0104946 -0.0658490 0.6673097
v -0.0054620 -0.0610535 0.6422042
v 0.0368106 -0.0141553 0.5824583
v 0.0290135 -0.0098249 0.6149999
v 0.0543435 0.0076173 0.6139044
v 0.0616510 -0.0001952 0.5814519
v 0.1506252 -0.0511908 0.5774514
v 0.1534299 -0.0434932 0.6053919
v 0.1593107 -0.0754778 0.6047255
v 0.1540622 -0.0823748 0.5760169
v 0.1527932 -0.1101317 0.6015467
v 0.1458914 -0.1143225 0.5719998
v 0.1158113 -0.1482859 0.5078298
v 0.1212726 -0.1456101 0.5383293
v 0.0952863 -0.1667463 0.5356993
v 0.0898957 -0.1665833 0.5048788
v 0.1351741 -0.1220047 0.5130685
v 0.1400808 -0.1176773 0.5428601
v 0.1447489 -0.0945273 0.5186729
v 0.1491509 -0.0885550 0.5475085
v 0.1422627 -0.0676842 0.5226638
v 0.1465639 -0.0596690 0.5502461
v 0.1338569 -0.0453423 0.5251306
v 0.1358406 -0.0353554 0.5511879
v 0.1164742 -0.0166213 0.5522487
v 0.1175200 -0.0283655 0.5264529
v 0.0959221 -0.0185106 0.5269975
v 0.0926081 -0.0078759 0.5530843
v 0.0500500 -0.0243063 0.5257809
v 0.0438153 -0.0199200 0.5529201
v 0.0669856 -0.0083087 0.5531000
v 0.0722710 -0.0165677 0.5266373
v 0.0730221 -0.0373570 0.4392160
v 0.0690569 -0.0338770 0.4575554
v 0.0893726 -0.0380406 0.4587051
v 0.0912177 -0.0418276 0.4400036
v 0.1085296 -0.0476092 0.4404893
v 0.1065743 -0.0461136 0.4586791
v 0.1220257 -0.0551123 0.4580166
v 0.1242432 -0.0553706 0.4373228
v 0.1375909 -0.0865133 0.4465093
v 0.1391656 -0.0838490 0.4229696
v 0.1354035 -0.0672408 0.4322343
v 0.1339490 -0.0683003 0.4537200
v 0.1380966 -0.1072798 0.4364667
v 0.1370002 -0.1031534 0.4115491
v 0.1262233 -0.1295785 0.4262608
v 0.1214849 -0.1213297 0.3995305
v 0.1012436 -0.1472913 0.4174547
v 0.0964396 -0.1370092 0.3913325
v 0.0249860 -0.0726729 0.4459670
v 0.0336775 -0.0538991 0.4523199
v 0.0399237 -0.0499778 0.4336112
v 0.0292753 -0.0667283 0.4267390
v 0.0211121 -0.1205179 0.4298742
v 0.0258966 -0.1062371 0.4085519
v 0.0272456 -0.1309312 0.3995856
v 0.0239455 -0.1470591 0.4207883
v 0.1108030 -0.1517721 0.4775198
v 0.1307109 -0.1262863 0.4844208
v 0.1409104 -0.1002607 0.4911782
v 0.1386402 -0.0757677 0.4968820
v 0.0564592 -0.0272839 0.5012884
v 0.0785352 -0.0235969 0.5024918
v 0.0141825 -0.0819658 0.4925252
v 0.0226416 -0.0590141 0.4964969
v 0.0486788 -0.1707737 0.4425316
v 0.0788015 -0.1675710 0.4417646
v 0.0845849 -0.1673310 0.4731198
v 0.0541082 -0.1700546 0.4736670
v 0.1288700 -0.1293604 0.4548865
v 0.1387535 -0.1053410 0.4639515
v 0.1375888 -0.0831431 0.4710517
v 0.1209821 -0.0487051 0.4787635
v 0.1331262 -0.0636107 0.4761269
v 0.1044946 -0.0386234 0.4798271
v 0.0639044 -0.0308058 0.4785463
v 0.0856520 -0.0297401 0.4801707
v 0.0201375 -0.0786778 0.4675514
v 0.0281557 -0.0569883 0.4727968
v 0.0456835 -0.1490364 0.3900140
v 0.0723140 -0.1510104 0.3857295
v 0.0753197 -0.1627189 0.4117783
v 0.0457459 -0.1649543 0.4127934
v 0.0477205 -0.1268388 0.3732295
v 0.0336293 -0.1122078 0.3827666
v 0.1260953 -0.0480015 0.4221958
v 0.1107477 -0.0400639 0.4277459
v 0.1367135 -0.0591822 0.4141848
v 0.1143341 -0.1089623 0.3747649
v 0.1350903 -0.0923981 0.3879707
v 0.0892185 -0.1217902 0.3669558
v 0.0675335 -0.1314731 0.3677308
v 0.0465325 -0.0303663 0.4057721
v 0.0359724 -0.0430583 0.3966483
v 0.0337187 -0.0573236 0.4125065
v 0.0442669 -0.0449331 0.4197589
v 0.0769668 -0.0172195 0.4176077
v 0.0741062 -0.0348494 0.4269913
v 0.0918431 -0.0364167 0.4281580
v 0.0962291 -0.0161979 0.4194780
v 0.1309026 -0.0299240 0.4080510
v 0.1153496 -0.0210599 0.4162868
v 0.1417408 -0.0428005 0.3977092
v 0.1307651 -0.0750522 0.3655407
v 0.1438786 -0.0587919 0.3816547
v 0.1415177 -0.0750428 0.4029301
v 0.1075847 -0.0915879 0.3506691
v 0.0742542 -0.0729011 0.3248627
v 0.1034823 -0.0697785 0.3269745
v 0.0770317 -0.0987874 0.3460056
v 0.0448337 0.0186998 0.2741100
v 0.0419865 0.0489430 0.2537272
v 0.0605883 0.0401223 0.2448659
v 0.0655941 0.0095800 0.2638496
v 0.0441713 -0.0069317 0.3931731
v 0.0341750 -0.0218867 0.3812621
v 0.0990112 0.0081852 0.4070604
v 0.0774305 0.0081031 0.4062025
v 0.1287350 -0.0296977 0.3209411
v 0.1432170 -0.0129341 0.3386020
v 0.1441236 -0.0379007 0.3593747
v 0.1292417 -0.0545807 0.3423128
v 0.0227972 0.0591773 0.3266439
v 0.0246660 0.0327327 0.3478077
v 0.0370020 0.0469995 0.3601469
v 0.0342345 0.0723380 0.3384114
v 0.0968433 0.0344378 0.3910719
v 0.0938567 0.0602005 0.3708057
v 0.0722265 0.0602445 0.3716786
v 0.0749245 0.0343832 0.3906944
v 0.1168229 0.0258134 0.2783128
v 0.1302371 0.0414645 0.2936745
v 0.1389147 0.0136532 0.3168426
v 0.1245731 -0.0027834 0.2998831
v 0.0722948 -0.0472831 0.3038030
v 0.0705104 -0.0197309 0.2833309
v 0.0995880 -0.0168101 0.2866657
v 0.1029147 -0.0440069 0.3064719
v 0.0497012 -0.0383771 0.3145820
v 0.0477906 -0.0108991 0.2943544
v 0.0345732 0.1201395 0.2844440
v 0.0248536 0.1125549 0.2737332
v 0.0239385 0.0856452 0.3010304
v 0.0345504 0.0958476 0.3124287
v 0.0896826 0.0840620 0.3464284
v 0.0837092 0.1062264 0.3181601
v 0.0651631 0.1066114 0.3207119
v 0.0688605 0.0846232 0.3486279
v 0.0973190 0.0865721 0.2346384
v 0.1069983 0.0998455 0.2477759
v 0.1194332 0.0701297 0.2704321
v 0.1076845 0.0559322 0.2570040
v 0.0558728 0.0725840 0.2246415
v 0.0791118 0.0750568 0.2246395
v 0.0865700 0.0424779 0.2455976
v 0.0386440 0.0799775 0.2324300
v 0.0335086 0.1091848 0.2099971
v 0.0477751 0.1030498 0.2033688
v 0.0321017 0.1453266 0.2578416
v 0.0245065 0.1371038 0.2475832
v 0.0535437 0.1536615 0.2658605
v 0.0602594 0.1297405 0.2917569
v 0.0765786 0.1290722 0.2908173
v 0.0684918 0.1535855 0.2652287
v 0.1029747 0.1204653 0.2716613
v 0.0923788 0.1447077 0.2473967
v 0.0825246 0.1504230 0.2584842
v 0.0910925 0.1265345 0.2831432
v 0.0940916 0.1269308 0.2268359
v 0.0955318 0.1369537 0.2377522
v 0.1080321 0.1117483 0.2603018
v 0.0861547 0.1141591 0.2141545
v 0.0688571 0.1043274 0.2043838
v 0.0153339 0.0045128 0.7104687
v 0.0261484 0.0127585 0.7038544
v 0.0077112 -0.0147067 0.6949106
v 0.0001422 -0.0228718 0.7038369
v 0.0053130 -0.1147005 0.5776109
v 0.0039339 -0.1163305 0.6094379
v 0.0079869 -0.1103696 0.5154453
v 0.0062557 -0.1138474 0.5458724
v 0.0118394 -0.1077298 0.4865781
v 0.0223784 -0.0956407 0.4376653
v 0.0171677 -0.1033374 0.4605511
v 0.0265418 -0.0848785 0.4181648
v 0.0294267 -0.0736171 0.4012120
v 0.0312037 -0.0579013 0.3838505
v 0.0279700 -0.0130866 0.3493006
v 0.0319020 -0.0374420 0.3667630
v 0.0290051 0.0049414 0.3653028
v 0.0206552 0.0431814 0.3086966
v 0.0232525 0.0145793 0.3301136
v 0.0220684 0.1019918 0.2592788
v 0.0209752 0.0727438 0.2844422
v 0.0228724 0.1273173 0.2340604
v 0.0251484 -0.1478835 0.7226480
v 0.0273340 -0.1459116 0.7481072
v 0.0046896 -0.1293173 0.7342054
v 0.0025700 -0.1272683 0.7147888
v -0.0061949 -0.0545698 0.7286270
v -0.0077657 -0.0490680 0.7222769
v -0.0113118 -0.0654813 0.7240277
v -0.0099370 -0.0706090 0.7320349
v 0.1065017 -0.1526719 0.4465405
v 0.1323879 -0.0548304 0.5005581
v 0.0995954 -0.0286961 0.5029808
v 0.1186988 -0.0393852 0.5020223
v 0.0147451 -0.1302458 0.4529247
v 0.0252849 -0.1558037 0.4466663
v 0.0276274 -0.1580280 0.4766750
v 0.0144047 -0.1345861 0.4803862
v 0.0506184 -0.0621553 0.3324478
v 0.0370109 -0.0514391 0.3493285
v 0.0365990 -0.0262852 0.3317182
v 0.0515972 -0.0861391 0.3474168
v 0.1458289 -0.0212215 0.3777023
v 0.1361574 -0.0075057 0.3920102
v 0.1188702 0.0283646 0.3851450
v 0.1194508 0.0024204 0.4021649
v 0.1368395 0.0180191 0.3735973
v 0.0148232 -0.1417259 0.5402543
v 0.0141238 -0.1388970 0.5104141
v 0.0315542 -0.1602122 0.5070572
v 0.0344967 -0.1631303 0.5381419
v 0.1251926 0.0707063 1.0453829
v 0.1326034 0.0494920 1.0462539
v 0.0472369 -0.0696099 1.1543710
v 0.0381073 -0.0738731 1.1438254
v 0.0490769 -0.0624220 1.1348282
v 0.0614769 -0.0553044 1.1465711
v 0.0675249 -0.0508530 1.1602998
v 0.0529364 -0.0657580 1.1663166
v 0.0690907 -0.0473698 1.1744360
v 0.0552606 -0.0620900 1.1791988
v 0.0626398 -0.0412159 1.2405307
v 0.0667507 -0.0421720 1.2524128
v -0.0528800 -0.0609457 1.0849571
v -0.0493938 -0.0699788 1.0718654
v -0.0272778 -0.0754483 1.0778621
v 0.0129232 -0.1263193 0.9314418
v 0.0295221 -0.1295056 0.8524529
v 0.0056856 -0.1291600 0.8483905
v -0.0010081 -0.1303607 0.8219856
v -0.0235785 -0.1085454 0.7634731
v -0.0225355 -0.0937362 0.7533249
v -0.0135546 -0.0732572 0.7383127
v -0.0067169 -0.0572869 0.7324904
v 0.0764071 0.1341206 1.0968873
v 0.0703193 0.1391878 1.1272638
v -0.0545849 0.1244993 1.2941084
v -0.0406166 0.1182348 1.3054321
v -0.0563984 0.1061671 1.3253018
v -0.0687986 0.1130134 1.3147953
v -0.0761110 0.1073814 1.3236298
v -0.0642416 0.1003419 1.3336425
v -0.1139889 0.0736111 1.3592187
v -0.1055129 0.0812262 1.3543427
v -0.0016903 -0.0312397 0.7232621
v 0.0012169 -0.0209434 0.7195864
v -0.0082596 -0.0418370 0.7164804
v -0.0113362 -0.0983470 0.6889326
v -0.0121301 -0.1027567 0.7068751
v -0.0152830 -0.0748664 0.7012840
v -0.0137083 -0.0715438 0.6868239
v 0.1813610 -0.1010318 0.7358697
v 0.1565120 -0.1354157 0.7354214
v 0.1227492 0.0283069 0.6896853
v 0.2305055 -0.0431391 1.3299669
v 0.2092814 -0.0345122 1.3214102
v 0.2115393 -0.0268853 1.3333008
v 0.2321472 -0.0366663 1.3419730
v 0.0378468 0.1424501 1.2236136
v 0.0562376 0.1386027 1.1953964
v -0.0716112 -0.0165881 1.3433794
v -0.0163526 -0.0402613 1.3705419
v -0.0267442 -0.0315455 1.3683282
v -0.0274408 -0.0503483 1.3491377
v -0.0192527 -0.0582860 1.3513567
v 0.0286095 0.0364470 1.3609752
v 0.0204146 0.0483955 1.3580619
v 0.0095858 0.0341501 1.3688516
v 0.0174153 0.0227805 1.3698490
v 0.1157454 0.1095466 0.8016222
v 0.0871328 0.1199021 0.7987339
v 0.0717725 0.1199600 1.0155182
v 0.0675459 0.1284684 1.0405148
v 0.0855211 0.1188320 1.0415000
v 0.0909547 0.1105656 1.0166641
v 0.0666226 0.1230375 1.2190935
v 0.0832321 0.1099313 1.2048402
v -0.0734881 -0.0675661 1.1373819
v -0.0625997 -0.0775815 1.1458941
v -0.0682465 -0.0738127 1.1594782
v -0.0810904 -0.0638596 1.1510761
v 0.1781592 -0.0106033 1.3521428
v 0.1884187 -0.0129837 1.3382176
v 0.1675682 -0.0061688 1.3272728
v 0.1618841 -0.0020991 1.3359380
v 0.1809342 -0.0135320 0.7149549
v 0.1927546 -0.0520962 0.7349824
v 0.1282024 0.0371200 1.0880637
v 0.1311946 0.0320189 1.0668980
v 0.1273683 0.0566430 1.0673873
v 0.1254074 0.0622000 1.0893162
v 0.1149060 0.0388311 1.1499458
v 0.1192066 0.0405866 1.1303415
v 0.1116336 0.0360734 1.1692451
v 0.1082875 -0.0014310 1.2853819
v 0.1038427 0.0032567 1.2738467
v 0.1038278 0.0106150 1.2787916
v 0.0014740 -0.1242236 0.6923828
v 0.0083535 -0.1311019 0.7694950
v 0.0019324 -0.1297702 0.7856870
v -0.0015890 -0.0383685 0.7286326
v -0.0009346 -0.0426426 0.7310715
v -0.1039465 -0.0216767 1.3380220
v -0.0986044 -0.0099532 1.3496743
v 0.1443546 -0.0304584 1.2975289
v 0.1262382 -0.0282944 1.2935062
v 0.0948553 0.0018582 1.2455614
v 0.0984499 -0.0017493 1.2561779
v 0.0903410 -0.0142112 1.2530162
v 0.0867262 -0.0120294 1.2417752
v 0.0990402 0.0140018 1.2503437
v 0.1023200 0.0091491 1.2601292
v 0.0008072 -0.0754535 1.2609261
v -0.0031926 -0.0727921 1.2793239
v -0.0145216 -0.0696474 1.2779427
v -0.0110474 -0.0741606 1.2590244
v -0.0221720 -0.0718456 1.2537906
v -0.0255361 -0.0663269 1.2742926
v -0.0376461 -0.0622678 1.2678396
v -0.0349743 -0.0688397 1.2470941
v -0.0719672 -0.0319544 1.3180738
v -0.0852370 -0.0361831 1.2989337
v -0.1001725 -0.0351546 1.2827323
v -0.1151139 -0.0325123 1.2698403
v -0.0968313 0.0881820 1.3479034
v -0.0818027 0.0770691 1.3579516
v -0.0774378 0.0875234 1.3487506
v -0.0898767 0.0954287 1.3399706
v -0.1013288 0.1018163 1.3317670
v -0.1093214 0.0954658 1.3393589
v -0.1055661 -0.0257222 1.3204508
v -0.1178093 -0.0291733 1.3071217
v -0.1237217 -0.0274703 1.2885562
v 0.1857429 -0.1053183 1.3820710
v 0.1630461 -0.0963851 1.3782577
v -0.0969360 0.0171021 1.3728153
v -0.0966637 0.0027588 1.3620959
v 0.1899017 -0.0912905 1.3934756
v 0.1670253 -0.0826619 1.3894133
v -0.0328065 -0.0545250 1.3199823
v -0.0235065 -0.0604772 1.3250464
v -0.0360190 -0.0430349 1.3450611
v -0.1131738 -0.0292341 1.3256373
v -0.1245731 -0.0328218 1.3132313
v 0.1793857 -0.1006923 0.7722460
v 0.1558600 -0.1317790 0.7712620
v 0.1242704 -0.0253632 1.0449457
v 0.1101810 -0.0470080 1.0410804
v -0.0648507 -0.0801107 1.0375871
v -0.0627237 -0.0873032 1.0206888
v -0.0421654 -0.0953211 1.0265138
v -0.0440098 -0.0870491 1.0429284
v -0.0729882 -0.0511142 1.0777677
v -0.0699056 -0.0607133 1.0650574
v -0.1503114 -0.0359390 1.3018796
v -0.0148034 -0.1141269 0.9919773
v -0.0181507 -0.1061961 1.0130398
v -0.0391819 -0.1027034 1.0070173
v -0.0360396 -0.1106626 0.9836887
v -0.0406870 -0.1146010 0.9577712
v -0.0403449 -0.1163159 0.9462116
v -0.0199879 -0.1294915 0.8037912
v -0.0295680 -0.1265112 0.8055222
v 0.1009521 -0.0931761 1.3333185
v 0.0970143 -0.0907859 1.3525617
v 0.0789366 -0.0891203 1.3492109
v 0.0841638 -0.0907983 1.3294134
v 0.0292173 -0.1059409 1.0026335
v 0.0063665 -0.1124944 0.9980603
v 0.0510550 -0.0559756 1.2300487
v 0.0613113 -0.0402751 1.2289634
v -0.0602667 -0.0573920 1.0989394
v -0.0510899 -0.0851036 1.1553506
v -0.0552059 -0.0811649 1.1677116
v -0.0386283 -0.0895194 1.1639486
v -0.0417865 -0.0858746 1.1757810
v 0.0049832 -0.0239559 0.7322557
v 0.0001982 -0.0303878 0.7261879
v 0.1093520 -0.0066050 1.3721921
v 0.1152721 -0.0023600 1.3659786
v 0.1058124 0.0036106 1.3603029
v 0.0996715 -0.0007344 1.3679813
v -0.0028896 -0.0381084 0.6708551
v -0.0066061 -0.0436927 0.6884061
v 0.0442866 0.0377647 0.7148676
v 0.0267387 0.0257676 0.7179841
v 0.0244904 0.0279292 0.7198166
v 0.0302564 0.0428890 0.7236737
v 0.0177221 -0.1477050 0.6357201
v 0.0196195 -0.1489705 0.6673857
v 0.0169538 -0.1467247 0.6039695
v 0.0155674 -0.1449160 0.5719155
v 0.0307259 -0.0917471 0.3910725
v 0.0357449 -0.0772651 0.3683273
v 0.0345617 0.0015198 0.3119789
v 0.0323641 0.0305448 0.2907290
v 0.0306105 0.0610455 0.2680388
v 0.0261741 0.1182093 0.2209747
v 0.0284234 0.0913328 0.2443040
v 0.1969592 -0.0763704 1.3977199
v 0.2058285 -0.0624833 1.3964963
v 0.1823341 -0.0513927 1.3923599
v 0.1724195 -0.0658358 1.3939402
v 0.1777368 -0.0511159 1.3040857
v 0.1981744 -0.0573981 1.3098925
v 0.1908913 -0.0712305 1.3099184
v 0.1692358 -0.0650000 1.3047177
v 0.2198167 -0.0643431 1.3157706
v 0.2042956 -0.0448580 1.3134505
v 0.2259145 -0.0526094 1.3211502
v 0.2303639 -0.0335826 1.3560892
v 0.2097411 -0.0233877 1.3478199
v 0.2034791 -0.0236559 1.3624421
v 0.2260110 -0.0347066 1.3700178
v 0.2138105 -0.0502744 1.3910025
v 0.2208293 -0.0406978 1.3820728
v 0.1981801 -0.0300037 1.3760737
v 0.1915877 -0.0402452 1.3857543
v 0.1989136 -0.1028191 1.3245573
v 0.1754293 -0.0961689 1.3195802
v 0.1830639 -0.0844141 1.3130053
v 0.2059036 -0.0910959 1.3176729
v 0.0964316 -0.0822045 1.3707857
v 0.0776744 -0.0805887 1.3690318
v 0.0632445 -0.0573995 1.2684105
v 0.0718879 -0.0573087 1.2791349
v 0.0663359 -0.0725706 1.2859610
v 0.0551676 -0.0713014 1.2775457
v 0.1368578 -0.0988899 1.3577759
v 0.1392713 -0.0895286 1.3747816
v 0.1166270 -0.0849031 1.3722653
v 0.1156584 -0.0942576 1.3547439
v 0.1520764 -0.0904484 1.3137081
v 0.1302621 -0.0851010 1.3071911
v 0.1381183 -0.0730049 1.3019168
v 0.1604885 -0.0782625 1.3078469
v 0.1691378 -0.0127369 1.3144512
v 0.1899872 -0.0184410 1.3240367
v 0.0898883 -0.0872507 1.3110523
v 0.1062575 -0.0901593 1.3153415
v 0.0513282 -0.0554492 1.2185714
v 0.0852521 -0.0105645 1.2325242
v 0.0860789 -0.0091072 1.2224551
v 0.0295875 -0.0832192 1.1534924
v 0.0238644 -0.0880396 1.1638627
v 0.0805619 -0.0265984 1.1903957
v 0.0832961 -0.0290075 1.1732250
v 0.0303262 -0.0846656 1.1662572
v 0.0366739 -0.0797472 1.1612074
v 0.0159809 -0.0733274 1.0896162
v -0.1192187 -0.0283935 1.2798819
v 0.1236447 -0.0936237 1.3193634
v 0.1188553 -0.0969775 1.3362688
v 0.1470816 0.0022775 1.3252512
v 0.1501603 -0.0020328 1.3157756
v 0.1340008 -0.0003020 1.3072574
v 0.1330088 0.0047780 1.3159892
v 0.0760124 0.0897693 1.2539328
v 0.0852788 0.0805585 1.2432219
v 0.0847541 0.0956144 1.2251888
v 0.0726326 0.1073714 1.2371924
v 0.1038433 -0.0192572 1.3827289
v 0.0909119 -0.0146128 1.3806787
v 0.0866855 -0.0277188 1.3849696
v 0.1023497 -0.0314138 1.3864108
v 0.0829911 -0.0443106 1.3863986
v 0.0797563 -0.0640148 1.3830532
v 0.0991069 -0.0661718 1.3837843
v 0.1009908 -0.0474101 1.3877419
v 0.1849161 -0.0659870 0.8080882
v 0.1880574 -0.0307975 0.8086922
v 0.0815318 -0.1025877 0.9501288
v 0.1041714 -0.0897834 0.9559067
v 0.0610036 -0.1295147 0.8603309
v -0.0146759 -0.0818441 0.7210196
v -0.0090301 -0.1091188 0.7343891
v 0.0037118 -0.0333312 0.6444844
v 0.1716693 -0.0927217 0.8112878
v 0.0194299 -0.0343717 0.5826180
v 0.0117950 -0.0327895 0.6142458
v 0.0900609 0.0022564 0.5804898
v 0.0864604 0.0118154 0.6110039
v 0.1154102 0.0015041 0.6085609
v 0.1158127 -0.0069116 0.5793526
v 0.1380321 -0.0169403 0.6065746
v 0.1368349 -0.0253053 0.5779564
v 0.0592809 -0.1696054 0.5049378
v 0.1153178 0.0550027 0.3633918
v 0.1241096 0.0702429 0.3262468
v 0.1087385 0.0792979 0.3384679
v 0.1327321 0.0444177 0.3516159
v 0.1458066 0.0036836 0.3572840
v 0.1412257 0.0299187 0.3357310
v 0.0929037 0.0114910 0.2662554
v 0.1007115 0.1024435 0.3106949
v 0.1138080 0.0952724 0.2985838
v 0.1322760 0.0563883 0.3107334
v 0.1209132 0.0837595 0.2852016
v -0.0110056 -0.0498977 0.7004392
v 0.0363601 0.0582045 0.7217640
v 0.1194726 -0.1532076 0.7698843
v 0.1215222 -0.1565707 0.7375375
v 0.0301033 -0.1424773 0.7711391
v 0.0598992 -0.1505979 0.7839535
v 0.0722327 -0.0772486 1.0298918
v 0.0504275 -0.0872076 1.0252179
v 0.0657219 -0.0632562 1.0673935
v 0.0698189 -0.0698207 1.0487835
v 0.0891030 -0.0569915 1.0552291
v 0.0848240 -0.0507317 1.0738429
v 0.1156318 -0.0131887 1.0836645
v 0.1196574 -0.0185545 1.0641215
v 0.1286060 0.0060063 1.0660993
v 0.1247474 0.0115400 1.0865770
v 0.1365447 0.0246177 1.0466722
v 0.1337855 -0.0010181 1.0464895
v 0.0966688 0.1131015 1.0681519
v 0.0926543 0.1199452 1.0956491
v 0.1062700 0.1035413 1.0937101
v 0.1095536 0.0965780 1.0680503
v -0.0089871 -0.1301868 0.7974689
v -0.0133798 -0.0604196 0.7162787
v 0.0221656 -0.1496185 0.6968403
v 0.0521050 -0.1624086 0.7306057
v 0.0861309 -0.1664349 0.7346252
v 0.1185073 -0.0391517 1.2925375
v 0.0880998 0.0489139 1.2716915
v 0.0824341 0.0512098 1.2825444
v 0.1187584 -0.0695618 1.3849710
v 0.1199925 -0.0508351 1.3891854
v 0.1109205 -0.0818738 1.3017964
v 0.0634733 -0.0878181 1.3463140
v 0.0531883 -0.0876485 1.3219386
v 0.0687782 -0.0890200 1.3253281
v 0.0908594 -0.1300731 0.8492901
v 0.0901685 -0.1395182 0.8237369
v 0.1212649 -0.1319450 0.8319437
v 0.0171494 0.0100957 0.7198062
v 0.0202004 0.0157849 0.7226715
v 0.0067948 -0.1308030 0.7532131
v 0.0311294 -0.0385574 0.5247832
v 0.0251929 -0.0370045 0.5526370
v 0.0367643 -0.0394718 0.4995591
v 0.0429036 -0.0400847 0.4768932
v 0.0494407 -0.0390885 0.4557428
v 0.0552743 -0.0387450 0.4373892
v 0.0591098 -0.0365925 0.4236078
v 0.0610354 -0.0220742 0.4121297
v 0.0405033 0.0199998 0.3782691
v 0.0596142 0.0022907 0.4011029
v 0.0565700 0.0290353 0.3862938
v 0.0531912 0.0555435 0.3677157
v 0.0487320 0.1030328 0.3184311
v 0.0498602 0.0808082 0.3459386
v 0.0461487 0.1262091 0.2906892
v 0.0423075 0.1509010 0.2632877
v 0.0055367 -0.0158589 0.7263368
v 0.0105894 -0.0032556 0.7226853
v -0.0426056 -0.0474374 1.3141050
v 0.0747428 -0.0265705 1.2404727
v 0.0788384 -0.0277985 1.2513529
v 0.0944453 -0.0788491 1.2972559
v 0.0412736 0.0737512 0.7232892
v 0.0455126 0.0878327 0.7267599
v 0.1712653 -0.0288563 1.3800818
v 0.1607541 -0.0388748 1.3876531
v 0.1172255 -0.0680348 1.2969643
v 0.0713168 -0.0424438 1.2656830
v 0.0781314 -0.0439153 1.2774025
v 0.3690584 -0.1727131 1.4250308
v 0.3875488 -0.1809977 1.4250835
v 0.3898078 -0.1727603 1.4339597
v 0.3714929 -0.1631321 1.4339179
v 0.3685222 -0.1779972 1.4129162
v 0.3870900 -0.1852382 1.4132592
v 0.3918206 -0.1444986 1.3657156
v 0.4107919 -0.1507621 1.3726725
v 0.4035022 -0.1623999 1.3747854
v 0.3842170 -0.1563928 1.3689571
v 0.4067480 -0.1915323 1.4021297
v 0.3884081 -0.1849909 1.4007964
v 0.3916468 -0.1801640 1.3893232
v 0.4103609 -0.1862127 1.3922384
v 0.4023626 -0.1195582 1.3782547
v 0.3847568 -0.1126721 1.3697695
v 0.3851520 -0.1047849 1.3822285
v 0.4022502 -0.1129666 1.3906303
v 0.3099767 -0.1256049 1.3460133
v 0.2927508 -0.1234746 1.3433159
v 0.3016805 -0.1131080 1.3371922
v 0.3190657 -0.1146289 1.3409702
v 0.3306069 -0.1558052 1.4249494
v 0.3500128 -0.1643044 1.4249101
v 0.3525623 -0.1532513 1.4330025
v 0.3335554 -0.1429220 1.4313621
v 0.3329806 -0.1608722 1.3824255
v 0.3121369 -0.1526070 1.3814186
v 0.3167219 -0.1458050 1.3676394
v 0.3375223 -0.1531425 1.3691956
v 0.3152180 -0.1317739 1.4287502
v 0.3113954 -0.1460196 1.4246505
v 0.3725390 -0.1741634 1.3864851
v 0.3529918 -0.1679322 1.3841083
v 0.3575604 -0.1601159 1.3720917
v 0.3774220 -0.1661051 1.3761741
v 0.4357513 -0.1373274 1.3937490
v 0.4194632 -0.1278961 1.3863508
v 0.4187342 -0.1225944 1.3985202
v 0.4346916 -0.1332643 1.4053213
v 0.4155262 -0.1782916 1.3851881
v 0.3967669 -0.1720402 1.3807700
v 0.4219681 -0.1686765 1.3805155
v 0.4166549 -0.1603719 1.4396691
v 0.3991185 -0.1481149 1.4380932
v 0.3937754 -0.1611103 1.4381157
v 0.4114930 -0.1722034 1.4389002
v 0.3517943 -0.1334307 1.3535525
v 0.3720805 -0.1388610 1.3591707
v 0.3643461 -0.1503060 1.3634993
v 0.3440759 -0.1440618 1.3591942
v 0.3293705 -0.1633269 1.4123115
v 0.3491540 -0.1708015 1.4123601
v 0.3815031 -0.1358025 1.4355346
v 0.3636702 -0.1236488 1.4320446
v 0.3572294 -0.1388594 1.4345536
v 0.3755710 -0.1500722 1.4367481
v 0.3534605 -0.1003894 1.4168253
v 0.3704311 -0.1116312 1.4235529
v 0.3765824 -0.1047269 1.4105080
v 0.3594876 -0.0945180 1.4024896
v 0.3393219 -0.1166720 1.3468024
v 0.3305570 -0.1288071 1.3494954
v 0.3660399 -0.1070642 1.3610242
v 0.3468670 -0.1024771 1.3518613
v 0.3492985 -0.0914298 1.3635895
v 0.3674014 -0.0975534 1.3734047
v 0.2740450 -0.1412915 1.3952890
v 0.2894371 -0.1486542 1.3962594
v 0.2899842 -0.1450910 1.4115864
v 0.2744440 -0.1358682 1.4103567
v 0.2927916 -0.1344799 1.4227106
v 0.2776042 -0.1236675 1.4200567
v 0.2620484 -0.0927832 1.4132407
v 0.2715519 -0.0991425 1.4166648
v 0.2765280 -0.0862729 1.4085902
v 0.2672458 -0.0804379 1.4060011
v 0.3223634 -0.0776936 1.4001549
v 0.3373227 -0.0887239 1.4091713
v 0.3430224 -0.0847529 1.3930954
v 0.3269590 -0.0755045 1.3830200
v 0.3157632 -0.0734059 1.3582347
v 0.3302808 -0.0784991 1.3675416
v 0.3318446 -0.0867045 1.3538852
v 0.3167453 -0.0839758 1.3455951
v 0.2639092 -0.0647145 1.3349834
v 0.2783088 -0.0689924 1.3394056
v 0.2746303 -0.0801319 1.3309737
v 0.2598413 -0.0757190 1.3277306
v 0.2599541 -0.1065060 1.3294868
v 0.2533208 -0.1176337 1.3366671
v 0.2388204 -0.1139555 1.3333248
v 0.2454655 -0.1024876 1.3264577
v 0.2288492 -0.1198173 1.3917505
v 0.2406864 -0.1250912 1.3936485
v 0.2421752 -0.1142912 1.4066545
v 0.2311676 -0.1072233 1.4034899
v 0.3099273 -0.0688598 1.3918573
v 0.3116795 -0.0666737 1.3729876
v 0.2733805 -0.1091874 1.3318955
v 0.2865286 -0.1112333 1.3340220
v 0.2782653 -0.1219791 1.3404537
v 0.2660235 -0.1199187 1.3389567
v 0.2549341 -0.1298851 1.3638134
v 0.2674246 -0.1312700 1.3648421
v 0.2635084 -0.1342283 1.3791808
v 0.2527080 -0.1314062 1.3784018
v 0.2507295 -0.1293111 1.3944277
v 0.2612299 -0.1343755 1.3950783
v 0.2619077 -0.1273411 1.4095833
v 0.2517675 -0.1205864 1.4081751
v 0.3010357 -0.0645498 1.3872427
v 0.2935615 -0.0610880 1.3823193
v 0.2869446 -0.0667270 1.3922840
v 0.2940435 -0.0711051 1.3975346
v 0.3025088 -0.0831393 1.3390064
v 0.3032127 -0.0725440 1.3505020
v 0.2810953 -0.1346926 1.3655751
v 0.2719077 -0.1289993 1.3511631
v 0.2859557 -0.1308258 1.3529680
v 0.2657152 -0.1145596 1.4176756
v 0.2662891 -0.0568273 1.3445455
v 0.2513014 -0.0513110 1.3383224
v 0.2518953 -0.0454315 1.3493994
v 0.2665961 -0.0510208 1.3552130
v 0.2484000 -0.0598257 1.3290178
v 0.2431566 -0.0708784 1.3228549
v 0.2212578 -0.1092883 1.3295252
v 0.2280548 -0.0978542 1.3226808
v 0.2154066 -0.1176685 1.3409480
v 0.2333429 -0.1220710 1.3450728
v 0.2291866 -0.1255746 1.3591894
v 0.2104549 -0.1217603 1.3549608
v 0.2085561 -0.1125250 1.3873256
v 0.2123700 -0.0997254 1.3983154
v 0.2364499 -0.0933033 1.4067833
v 0.2196054 -0.0855059 1.4018702
v 0.2680097 -0.0933510 1.3276154
v 0.2816709 -0.0957639 1.3301682
v 0.3878767 -0.1233472 1.4288175
v 0.4051364 -0.1359479 1.4329694
v 0.4104967 -0.1274232 1.4227630
v 0.3936019 -0.1156634 1.4173230
v 0.4152596 -0.1226666 1.4109952
v 0.4313169 -0.1344754 1.4168046
v 0.3501583 -0.1720256 1.3981632
v 0.3696214 -0.1786621 1.3994147
v 0.4048984 -0.1929979 1.4136801
v 0.2767995 -0.1391304 1.3794058
v 0.2922970 -0.1448270 1.3804383
v 0.2728454 -0.0705995 1.3975167
v 0.2649039 -0.0647261 1.3947754
v 0.2583924 -0.0748375 1.4028959
v 0.3016133 -0.0782130 1.4048444
v 0.2891894 -0.0917090 1.4112885
v 0.3044129 -0.1048077 1.4197585
v 0.3135225 -0.0886924 1.4132662
v 0.2853905 -0.0579463 1.3773862
v 0.2760889 -0.0540640 1.3728937
v 0.2708922 -0.0575457 1.3848798
v 0.2794732 -0.0624486 1.3884382
v 0.2278497 -0.1254739 1.3753548
v 0.2414352 -0.1288616 1.3773709
v 0.2344023 -0.0602438 1.3956377
v 0.2280223 -0.0722785 1.4006239
v 0.2425729 -0.0805150 1.4050077
v 0.2481409 -0.0686914 1.3995138
v 0.2527248 -0.0867893 1.4092488
v 0.2404311 -0.0505499 1.3872753
v 0.2543400 -0.0586818 1.3915479
v 0.2077141 -0.1207024 1.3713627
v 0.2642951 -0.0488956 1.3682939
v 0.2498992 -0.0424991 1.3629503
v 0.2458774 -0.0444494 1.3762093
v 0.2599326 -0.0518226 1.3809437
v 0.3985776 -0.1120392 1.4042304
v 0.3816506 -0.1024569 1.3964231
v 0.3115726 -0.0984720 1.3369694
v 0.3282502 -0.0997518 1.3430144
v 0.2959422 -0.0972415 1.3329433
v 0.3988162 -0.1309026 1.3688617
v 0.4167765 -0.1380041 1.3767844
v 0.3599864 -0.1203348 1.3534031
v 0.3798640 -0.1251700 1.3609771
v 0.3459584 -0.1121138 1.4271933
v 0.2908486 -0.0639465 1.3547119
v 0.3011701 -0.0646718 1.3613643
v 0.2911930 -0.0712182 1.3443167
v 0.2351621 -0.0845472 1.3205491
v 0.2532082 -0.0890182 1.3245768
v 0.3033105 -0.0619418 1.3767944
v 0.2134444 -0.0775216 1.3148196
v 0.2828351 -0.1074769 1.4203794
v 0.2469641 -0.1005573 1.4113428
v 0.2561455 -0.1072979 1.4147695
v 0.4072704 -0.1827791 1.4341769
v 0.3300543 -0.1649385 1.3971041
v 0.2967899 -0.1389257 1.3665670
v 0.3026631 -0.1333011 1.3548514
v 0.2794673 -0.0613448 1.3495257
v 0.2791077 -0.0556460 1.3599727
v 0.2891434 -0.0587496 1.3651150
v 0.2474373 -0.1253430 1.3482506
v 0.2426925 -0.1280100 1.3620875
v 0.4335193 -0.1460833 1.3844109
v 0.2599827 -0.1269177 1.3501556
v 0.2976044 -0.1196364 1.4245758
v -0.0621251 0.1184002 1.3047298
v -0.0675426 0.1297290 1.2868471
v -0.0743137 0.1239160 1.2969371
v 0.0832523 -0.0315851 1.1566606
v 0.0449305 -0.0602144 1.1152438
v 0.0620848 -0.0504530 1.1244390
v 0.0732920 -0.0255378 1.2304214
v 0.0739176 -0.0248490 1.2188392
v 0.0880580 -0.0323799 1.2772442
v 0.0825510 -0.0292538 1.2649845
v 0.0681130 -0.0439586 1.1894857
v -0.1341712 -0.0320552 1.4757995
v -0.1333367 -0.0275450 1.4700102
v -0.1365682 -0.0362746 1.4878434
v -0.0440875 -0.1102002 0.9699458
v -0.0517062 -0.1108624 0.9430951
v -0.0504706 -0.1132251 0.9316838
v -0.1298894 -0.0396210 1.4572232
v -0.1298904 -0.0340488 1.4521684
v -0.1271611 -0.0378078 1.4551069
v -0.1305110 -0.0423173 1.4582481
v -0.1305918 -0.0416088 1.4573981
v -0.1369833 -0.0470491 1.4870760
v -0.1319827 -0.0237896 1.4625550
v -0.1318226 -0.0221995 1.4526265
v -0.1348782 -0.0474926 1.4724974
v 0.0890627 0.1035116 0.9388453
v 0.0953542 0.1030305 0.9165788
v 0.0718386 0.1136507 0.9133869
v 0.0666736 0.1126320 0.9351794
v 0.0489433 0.1272262 0.8915997
v 0.0459426 0.1241153 0.9116416
v 0.0777810 0.1160266 0.8909796
v 0.1761346 0.0363673 0.8741239
v 0.1711988 0.0394405 0.8968275
v 0.1767680 0.0126590 0.9052037
v 0.1821060 0.0083318 0.8835065
v 0.1704571 -0.0097877 0.9282071
v 0.1764562 -0.0153562 0.9105594
v 0.1699451 0.0167877 0.9239792
v 0.1633243 -0.0373520 0.9301968
v 0.1684987 -0.0433409 0.9121953
v 0.1504892 -0.0617712 0.9288290
v 0.1551094 -0.0681343 0.9097474
v 0.1372342 -0.0888619 0.9056760
v 0.1141976 -0.1052510 0.9002979
v 0.0901095 -0.1229040 0.8718918
v 0.0880886 -0.1171604 0.8917284
v 0.0615720 -0.1246052 0.8836532
v 0.0345556 -0.1284167 0.8760510
v 0.0103735 -0.1290809 0.8710412
v -0.0108990 -0.1267673 0.8684529
v -0.0285778 -0.1229761 0.8658950
v -0.0432245 -0.1166395 0.8637590
v -0.0416039 -0.1191697 0.8429041
v -0.0407229 -0.0554537 1.2896442
v -0.0553035 0.0327386 1.3763652
v -0.0478251 0.0046498 1.3757710
v -0.0451620 0.0288683 1.3764960
v 0.0112866 0.0645806 1.3527872
v -0.0001454 0.0818468 1.3431928
v -0.0094618 0.0705538 1.3549696
v 0.0004875 0.0499942 1.3650393
v -0.0546932 0.0518746 1.3704248
v -0.0612411 0.0530382 1.3704633
v -0.0457783 0.0517089 1.3698484
v -0.0502602 0.0702017 1.3605632
v -0.0601057 0.0839232 1.3506970
v -0.0075961 -0.0167743 1.3791575
v 0.0031373 -0.0261141 1.3794736
v 0.0128268 -0.0034259 1.3769886
v 0.0050501 0.0056739 1.3775366
v 0.0378505 0.0466249 1.3504276
v 0.0440530 0.0363225 1.3528589
v 0.0524080 0.0436224 1.3421598
v 0.0454414 0.0548917 1.3382741
v 0.0367575 -0.0516747 1.3799782
v 0.0501173 -0.0567417 1.3811285
v 0.0536495 -0.0359810 1.3840486
v 0.0413893 -0.0300646 1.3820556
v 0.0320580 0.0245719 1.3625337
v 0.0504195 0.1288458 1.2389171
v 0.0595927 0.1136730 1.2526053
v 0.0661520 0.0974142 1.2657754
v 0.0767197 0.0522296 1.2939746
v 0.0804961 0.0632194 1.2746321
v 0.0735181 0.0647346 1.2867553
v 0.0813656 0.0414334 1.3016427
v 0.0858188 0.0330082 1.3061728
v 0.0374161 -0.0860961 1.3198091
v 0.0454559 -0.0829405 1.2953266
v 0.0597919 -0.0829957 1.3009256
v 0.1017506 0.0174243 1.3144286
v 0.1040792 0.0159543 1.3093702
v 0.0967482 0.0214942 1.3004325
v 0.0945621 0.0229416 1.3059858
v -0.0176054 -0.0077411 1.3783136
v 0.0607811 -0.0183785 1.3803005
v 0.0669174 -0.0043230 1.3748744
v 0.0563321 0.0012853 1.3702222
v 0.0492147 -0.0122239 1.3766291
v 0.0739249 0.0057120 1.3670650
v 0.0807498 0.0127212 1.3580347
v 0.0718152 0.0189806 1.3530521
v 0.0647663 0.0119796 1.3621283
v 0.1006970 0.0182848 1.3206107
v 0.0912507 0.0247343 1.3125945
v 0.0620960 -0.0783214 1.3679804
v 0.0061035 -0.0599699 1.3697167
v -0.0059812 -0.0512630 1.3707725
v -0.0091772 -0.0680880 1.3504242
v 0.0026345 -0.0735031 1.3485247
v 0.1012798 -0.0357427 1.2864418
v 0.1095149 -0.0248377 1.2881266
v 0.1164224 -0.0145826 1.2901209
v 0.1018337 0.0168082 1.2857017
v 0.1200322 -0.0054412 1.2937385
v 0.0795145 -0.0749740 1.2915015
v 0.0747101 -0.0844678 1.3061702
v -0.0057469 -0.0732789 1.3247237
v 0.0067382 -0.0785512 1.3221257
v 0.0639673 -0.0608559 1.3820506
v 0.0671293 -0.0404066 1.3854751
v 0.1266402 0.0094202 1.3261644
v 0.1165294 0.0115538 1.3171754
v 0.1138183 0.0132666 1.3219037
v 0.0973220 0.0278585 1.2787475
v 0.0987824 0.0196931 1.2938748
v 0.0141720 -0.0352334 1.3794941
v 0.0793805 -0.0088755 1.3775854
v 0.0731629 -0.0228742 1.3826748
v 0.0571967 0.0185798 1.3581151
v 0.0502421 0.0272229 1.3552867
v 0.0408527 0.0172508 1.3636629
v 0.0479987 0.0090346 1.3658869
v 0.0976919 0.0115306 1.3536496
v 0.0910484 0.0069013 1.3631131
v 0.0559172 0.0330709 1.3455443
v 0.0628751 0.0249761 1.3490759
v 0.1099038 0.0137453 1.3286879
v -0.0154436 -0.0682948 1.3265179
v -0.0189527 -0.0659666 1.3002457
v -0.0092245 -0.0710446 1.3024387
v 0.0015914 -0.0751201 1.3002410
v 0.0150138 -0.0788444 1.2968918
v 0.0308554 -0.0815037 1.2937674
v -0.0290447 -0.0612619 1.2957336
v 0.2974592 -0.0604530 1.3711084
v 0.1306479 0.0080253 1.3224292
v 0.1363824 0.0066793 1.3345813
v 0.1418341 0.0049782 1.3310103
v 0.1772809 -0.0190510 1.3687457
v -0.1940640 -0.1197056 1.3486931
v -0.1918112 -0.1156423 1.3444522
v -0.2024751 -0.1272298 1.3702525
v -0.2013414 -0.1269070 1.3667100
v 0.2807052 -0.0760262 1.4003498
v 0.2874387 -0.0797480 1.4030341
v 0.3290494 -0.1004965 1.4208997
v 0.3210949 -0.1164518 1.4265270
v 0.3388869 -0.1277093 1.4312791
v 0.3090950 -0.1548391 1.4125855
v 0.3092219 -0.1569900 1.3968839
v 0.3230552 -0.1380441 1.3566351
v 0.3472041 -0.0857386 1.3780058
v 0.4390074 -0.2093914 1.4250290
v 0.4564211 -0.2188846 1.4247034
v 0.4579160 -0.2147957 1.4349209
v 0.4411582 -0.2036670 1.4347058
v 0.4732220 -0.2287966 1.4243169
v 0.4575247 -0.2182261 1.4144113
v 0.4745202 -0.2262407 1.4142541
v 0.4601578 -0.2132754 1.4059339
v 0.4770681 -0.2203711 1.4071486
v 0.4805840 -0.2124624 1.4026840
v 0.4640361 -0.2058730 1.4002363
v 0.4690033 -0.1979090 1.3976070
v 0.4852571 -0.2043997 1.4013754
v 0.4570962 -0.1821137 1.3920285
v 0.4624937 -0.1725260 1.3931695
v 0.4783804 -0.1810423 1.4000852
v 0.4740971 -0.1894373 1.3977900
v 0.4970042 -0.1787958 1.4188502
v 0.4827556 -0.1681569 1.4132309
v 0.4812042 -0.1677604 1.4228461
v 0.4957729 -0.1785716 1.4274129
v 0.4592236 -0.1654583 1.4358109
v 0.4748401 -0.1772642 1.4406540
v 0.4783348 -0.1711554 1.4325501
v 0.4628804 -0.1590729 1.4270356
v 0.4895682 -0.1873300 1.4452174
v 0.4705241 -0.1859571 1.4451208
v 0.4849536 -0.1966148 1.4486026
v 0.4222120 -0.2015717 1.4138800
v 0.4221939 -0.1994439 1.4251915
v 0.4050524 -0.1899260 1.4250883
v 0.4464994 -0.1993256 1.3973288
v 0.4423750 -0.2060987 1.4043664
v 0.4246376 -0.1987009 1.4032207
v 0.4285004 -0.1926054 1.3947522
v 0.4285688 -0.1572443 1.3795520
v 0.4457026 -0.1646139 1.3866454
v 0.4396170 -0.1749756 1.3863623
v 0.4514550 -0.1911936 1.3933507
v 0.4336255 -0.1844573 1.3893184
v 0.4661447 -0.1634656 1.3983915
v 0.4815984 -0.1731122 1.4051769
v 0.4453070 -0.1945726 1.4404016
v 0.4615927 -0.2062189 1.4415254
v 0.4661546 -0.1963210 1.4445678
v 0.4500192 -0.1846963 1.4428335
v 0.4499240 -0.1545728 1.3915825
v 0.4285055 -0.1836023 1.4396602
v 0.4334907 -0.1727378 1.4412583
v 0.4547369 -0.1741764 1.4417684
v 0.4386475 -0.1617396 1.4388453
v 0.4768595 -0.2170944 1.4431575
v 0.4740074 -0.2253997 1.4352065
v 0.4242860 -0.1931084 1.4346082
v 0.4674334 -0.1573869 1.4071553
v 0.4516666 -0.1472915 1.4006630
v 0.4504824 -0.1444653 1.4116894
v 0.4660369 -0.1558493 1.4174106
v 0.4270389 -0.1399086 1.4272436
v 0.4433221 -0.1528943 1.4313493
v 0.4471958 -0.1469770 1.4219565
v 0.4931661 -0.1812877 1.4371430
v 0.4221195 -0.1489222 1.4357729
v 0.5585552 -0.2454367 1.4132065
v 0.5598081 -0.2549318 1.4089597
v 0.5525606 -0.2512218 1.4032035
v 0.5509620 -0.2411982 1.4082831
v 0.5345651 -0.2450609 1.3898238
v 0.5379196 -0.2572161 1.3882474
v 0.5282401 -0.2602584 1.3878996
v 0.5231665 -0.2485041 1.3888842
v 0.5591694 -0.2642472 1.4075099
v 0.5526557 -0.2603368 1.4008933
v 0.5542533 -0.2705086 1.4092442
v 0.5645648 -0.2682843 1.4137874
v 0.5604137 -0.2732202 1.4184507
v 0.5668994 -0.2757337 1.4239515
v 0.5640096 -0.2745386 1.4330013
v 0.5526023 -0.2724733 1.4280771
v 0.5522953 -0.2528711 1.4464293
v 0.5657394 -0.2585289 1.4472923
v 0.5671037 -0.2485483 1.4515958
v 0.5534799 -0.2430770 1.4503648
v 0.5672733 -0.2280468 1.4525980
v 0.5540314 -0.2244985 1.4514040
v 0.5540031 -0.2339636 1.4509882
v 0.5681147 -0.2387873 1.4520807
v 0.5571588 -0.2315596 1.4208005
v 0.5570626 -0.2370606 1.4180491
v 0.5494329 -0.2322408 1.4143956
v 0.5491715 -0.2262417 1.4176262
v 0.5464681 -0.2788506 1.4076253
v 0.5495177 -0.2769877 1.4051825
v 0.5501238 -0.2736555 1.4150350
v 0.5432271 -0.2733413 1.4168159
v 0.5335307 -0.2032956 1.4110386
v 0.5303139 -0.2094892 1.4082357
v 0.5195055 -0.2075973 1.4070971
v 0.5221674 -0.2002548 1.4102743
v 0.5150217 -0.2301219 1.3948479
v 0.5051206 -0.2383431 1.4013047
v 0.5006903 -0.2317769 1.4035312
v 0.5120079 -0.2230815 1.4001287
v 0.5188267 -0.2381650 1.3913383
v 0.5155141 -0.2539218 1.3961896
v 0.5096355 -0.2451010 1.3984916
v 0.5223034 -0.2646726 1.3938247
v 0.5238210 -0.1920712 1.4162879
v 0.5327420 -0.1919005 1.4174229
v 0.6135431 -0.2930930 1.4266176
v 0.6083648 -0.2906173 1.4259064
v 0.6114438 -0.2863078 1.4266188
v 0.6165947 -0.2889807 1.4276512
v 0.5279275 -0.1904998 1.4366516
v 0.5218447 -0.1888935 1.4337325
v 0.5193218 -0.1934880 1.4418797
v 0.5252091 -0.1968280 1.4438397
v 0.5362812 -0.1922941 1.4400688
v 0.5331999 -0.2005417 1.4464547
v 0.6112272 -0.2987351 1.4381740
v 0.6059184 -0.2956062 1.4384108
v 0.6054257 -0.2959089 1.4332621
v 0.6107163 -0.2986598 1.4331113
v 0.5657665 -0.2504886 1.4162671
v 0.5665358 -0.2595238 1.4127400
v 0.5826093 -0.2660520 1.4186679
v 0.5786128 -0.2709287 1.4177700
v 0.5727447 -0.2652574 1.4152776
v 0.5746057 -0.2565648 1.4183655
v 0.5744948 -0.2374615 1.4264154
v 0.5759897 -0.2451365 1.4239026
v 0.5666068 -0.2403902 1.4223002
v 0.5655279 -0.2326934 1.4248140
v 0.5672924 -0.2209477 1.4262809
v 0.5697805 -0.2152899 1.4268122
v 0.5774896 -0.2184271 1.4292868
v 0.5759439 -0.2251442 1.4287444
v 0.5915709 -0.2390945 1.4318317
v 0.5923521 -0.2338178 1.4334624
v 0.5995223 -0.2385267 1.4377299
v 0.5993087 -0.2434825 1.4360031
v 0.5156794 -0.1867682 1.4324277
v 0.5130228 -0.1905315 1.4408417
v 0.5673372 -0.2078859 1.4511831
v 0.5770111 -0.2085939 1.4531513
v 0.5778941 -0.1994915 1.4481289
v 0.5678510 -0.1988994 1.4461151
v 0.5230080 -0.2060110 1.4482346
v 0.5165391 -0.2023698 1.4475025
v 0.6134638 -0.2960274 1.4425838
v 0.6080616 -0.2929801 1.4429612
v 0.5214716 -0.2678933 1.4037459
v 0.5140479 -0.2568596 1.4075212
v 0.5075524 -0.2480190 1.4104909
v 0.5023455 -0.2419797 1.4125570
v 0.4964395 -0.2381136 1.4137007
v 0.5807377 -0.2549512 1.4214094
v 0.5630189 -0.2421632 1.4192799
v 0.5571022 -0.2272174 1.4221208
v 0.5646552 -0.1994064 1.4255413
v 0.5641352 -0.2068897 1.4240911
v 0.5574457 -0.2055613 1.4207213
v 0.5576636 -0.1959289 1.4237921
v 0.5701458 -0.1948905 1.4384509
v 0.5794200 -0.1968455 1.4404107
v 0.5805556 -0.1998752 1.4341802
v 0.5723212 -0.1975431 1.4320256
v 0.5421897 -0.2816709 1.4081821
v 0.5363214 -0.2740378 1.4149231
v 0.5309614 -0.1881398 1.4274906
v 0.5236620 -0.1878713 1.4251994
v 0.5165067 -0.1878552 1.4235364
v 0.5399361 -0.2172009 1.4125721
v 0.5400693 -0.2212044 1.4109329
v 0.5282333 -0.2182264 1.4026477
v 0.5287235 -0.2134407 1.4060673
v 0.5430027 -0.2362192 1.4007067
v 0.5451611 -0.2471225 1.3960715
v 0.5316670 -0.2335269 1.3935177
v 0.5164911 -0.2139525 1.4039322
v 0.5071660 -0.2130908 1.4044661
v 0.5107284 -0.2057101 1.4073927
v 0.5137982 -0.1981824 1.4113227
v 0.5160156 -0.1913031 1.4167429
v 0.4980952 -0.2097141 1.4035589
v 0.5020741 -0.2022933 1.4061118
v 0.5055489 -0.1947531 1.4103916
v 0.5079149 -0.1885948 1.4159169
v 0.5006482 -0.1940969 1.4472484
v 0.5092647 -0.1985741 1.4472766
v 0.5048700 -0.1869758 1.4396990
v 0.4907459 -0.2269189 1.4064841
v 0.4941470 -0.2180300 1.4039673
v 0.5034001 -0.2216201 1.4032826
v 0.4880573 -0.2334725 1.4143587
v 0.5399845 -0.2663642 1.3879987
v 0.5465236 -0.2659631 1.3934718
v 0.5482591 -0.2728618 1.3921538
v 0.5428957 -0.2739141 1.3873769
v 0.5697149 -0.2721752 1.4179897
v 0.5755912 -0.2760731 1.4210512
v 0.5736686 -0.2788110 1.4274538
v 0.5418263 -0.1919962 1.4199892
v 0.5424004 -0.2022245 1.4149137
v 0.5865209 -0.2627661 1.4217412
v 0.5996362 -0.2919060 1.4382644
v 0.5889241 -0.2859806 1.4371662
v 0.5884421 -0.2859222 1.4307949
v 0.5992832 -0.2923159 1.4327132
v 0.5943537 -0.2654804 1.4288564
v 0.5999014 -0.2710633 1.4314179
v 0.5972894 -0.2724575 1.4258533
v 0.5910277 -0.2678166 1.4238764
v 0.5931222 -0.2270336 1.4343496
v 0.5990349 -0.2309752 1.4377387
v 0.5798729 -0.2629592 1.4455602
v 0.5633589 -0.2681423 1.4424076
v 0.5743623 -0.2721743 1.4430234
v 0.5748661 -0.2309814 1.4279937
v 0.5844983 -0.2293931 1.4308338
v 0.5835325 -0.2348636 1.4295700
v 0.5844302 -0.2546548 1.4234822
v 0.5828919 -0.2488670 1.4250137
v 0.5888632 -0.2536915 1.4268664
v 0.5889127 -0.2596749 1.4248231
v 0.5597799 -0.1915588 1.4344450
v 0.5565957 -0.1969549 1.4446371
v 0.6062338 -0.2940463 1.4286436
v 0.6114910 -0.2965538 1.4290084
v 0.5075549 -0.1844329 1.4305443
v 0.5085237 -0.1850819 1.4225355
v 0.5658133 -0.2267944 1.4258409
v 0.5513620 -0.2627528 1.4397321
v 0.5573640 -0.2223446 1.4226227
v 0.5887019 -0.2247894 1.4518878
v 0.5958900 -0.2279629 1.4536134
v 0.5978721 -0.2245343 1.4482536
v 0.5917623 -0.2197352 1.4472968
v 0.6091607 -0.2780744 1.4346013
v 0.6150347 -0.2821935 1.4364012
v 0.6140025 -0.2833036 1.4308343
v 0.6076485 -0.2793968 1.4287873
v 0.5874085 -0.2708106 1.4210076
v 0.5942197 -0.2755584 1.4225439
v 0.5910250 -0.2797744 1.4223205
v 0.5838100 -0.2750876 1.4203716
v 0.5814871 -0.2791653 1.4237667
v 0.5890851 -0.2836319 1.4256891
v 0.6085964 -0.2796655 1.4409934
v 0.5995680 -0.2732000 1.4384664
v 0.5951791 -0.2772767 1.4432201
v 0.6052034 -0.2842530 1.4444013
v 0.5410434 -0.2210035 1.4504729
v 0.5549298 -0.2147389 1.4512753
v 0.5422427 -0.2119939 1.4501487
v 0.5795173 -0.2312747 1.4539054
v 0.5797506 -0.2197088 1.4511240
v 0.5675169 -0.2174829 1.4520812
v 0.5555141 -0.2061957 1.4498095
v 0.5923733 -0.2624784 1.4393087
v 0.5900661 -0.2622322 1.4449794
v 0.5880156 -0.2694924 1.4418160
v 0.5589590 -0.2153515 1.4223587
v 0.6000096 -0.2905000 1.4276053
v 0.5044019 -0.2414478 1.4343059
v 0.5121451 -0.2451858 1.4337414
v 0.5164765 -0.2368907 1.4444903
v 0.5072644 -0.2339678 1.4434917
v 0.6050223 -0.2827178 1.4247708
v 0.6022072 -0.2870163 1.4241342
v 0.5947873 -0.2210745 1.4368914
v 0.5969051 -0.2179671 1.4414995
v 0.6004198 -0.2228255 1.4434228
v 0.5994488 -0.2257379 1.4399361
v 0.5434715 -0.2037246 1.4487246
v 0.5840503 -0.2082249 1.4544759
v 0.5860714 -0.2000738 1.4491204
v 0.5311195 -0.2089658 1.4495650
v 0.5203651 -0.2159778 1.4496020
v 0.5293310 -0.2181061 1.4499464
v 0.5830836 -0.2438618 1.4515324
v 0.5406721 -0.2294648 1.4501045
v 0.5285200 -0.2264136 1.4491850
v 0.5181307 -0.2251959 1.4483571
v 0.5101066 -0.2233351 1.4481604
v 0.5131834 -0.2135603 1.4491343
v 0.6016869 -0.2891529 1.4429462
v 0.6113375 -0.2883060 1.4446620
v 0.4959727 -0.2045111 1.4494537
v 0.5051133 -0.2098086 1.4491677
v 0.4922852 -0.2147645 1.4481311
v 0.5018717 -0.2200158 1.4480815
v 0.5265637 -0.2431856 1.4438858
v 0.5276154 -0.2350022 1.4476647
v 0.5394606 -0.2474370 1.4452829
v 0.5401565 -0.2380860 1.4489883
v 0.5796891 -0.2536262 1.4520307
v 0.6262916 -0.2927167 1.4428015
v 0.6274803 -0.2903277 1.4390919
v 0.6204731 -0.2855486 1.4376663
v 0.6194394 -0.2880305 1.4421603
v 0.6141797 -0.2840928 1.4417405
v 0.6166538 -0.2918052 1.4445268
v 0.5386161 -0.2573356 1.4375768
v 0.5944335 -0.2586729 1.4304472
v 0.5241065 -0.2527534 1.4322843
v 0.5304184 -0.2655840 1.4234387
v 0.5402442 -0.2681520 1.4283371
v 0.5160379 -0.2572713 1.4195345
v 0.5081827 -0.2490896 1.4224376
v 0.4958207 -0.2403280 1.4240462
v 0.5018133 -0.2437293 1.4236805
v 0.4869223 -0.2361228 1.4240687
v 0.5237722 -0.2675052 1.4143327
v 0.6236422 -0.2919567 1.4291025
v 0.6207939 -0.2961603 1.4272620
v 0.4971010 -0.2380735 1.4345444
v 0.4874355 -0.2332985 1.4348579
v 0.5464276 -0.2576649 1.3939763
v 0.5491874 -0.2182861 1.4187890
v 0.5499897 -0.2126870 1.4181707
v 0.5505187 -0.2039357 1.4178120
v 0.5502912 -0.1935907 1.4218961
v 0.4892281 -0.2253951 1.4439937
v 0.4898438 -0.1966772 1.4027915
v 0.4935131 -0.1888902 1.4067108
v 0.4807314 -0.2068238 1.4471807
v 0.6188649 -0.2998113 1.4291932
v 0.6002398 -0.2428658 1.4439297
v 0.6010558 -0.2450876 1.4427646
v 0.5323594 -0.2688237 1.3873299
v 0.5372099 -0.2766867 1.3870863
v 0.5349259 -0.2837936 1.3980407
v 0.5277735 -0.2765512 1.4004030
v 0.5279150 -0.2731163 1.3920439
v 0.5346883 -0.2804863 1.3911912
v 0.5405474 -0.2138079 1.4134352
v 0.5417407 -0.2092201 1.4141925
v 0.5457283 -0.1946695 1.4428564
v 0.5489327 -0.1895716 1.4329145
v 0.5803845 -0.2815857 1.4294482
v 0.5806024 -0.2808708 1.4362874
v 0.5730644 -0.2776521 1.4355065
v 0.5909626 -0.2823608 1.4424706
v 0.5941559 -0.2675635 1.4361659
v 0.5947422 -0.2626686 1.4351244
v 0.5411024 -0.2273816 1.4069082
v 0.5295116 -0.2245817 1.3983265
v 0.5510180 -0.2735010 1.3998960
v 0.5508682 -0.2673180 1.4002087
v 0.5825185 -0.2415400 1.4273629
v 0.5931546 -0.2511578 1.4522138
v 0.5894436 -0.2578819 1.4520318
v 0.5895212 -0.2458571 1.4292808
v 0.6183962 -0.3021701 1.4330236
v 0.6188194 -0.3024408 1.4380887
v 0.5825678 -0.2765947 1.4424393
v 0.5857607 -0.2223932 1.4315779
v 0.5979287 -0.2477238 1.4483151
v 0.5924228 -0.2425876 1.4506554
v 0.5859688 -0.1985916 1.4419057
v 0.4991506 -0.2305878 1.4437381
v 0.6192931 -0.2858824 1.4318356
v 0.6262669 -0.2893457 1.4334324
v 0.6236764 -0.2957628 1.4442173
v 0.6205746 -0.2995264 1.4425438
v 0.5394281 -0.1887522 1.4302274
v 0.5491011 -0.2223171 1.4185885
v 0.4960174 -0.1824967 1.4120105
v 0.5303420 -0.2763864 1.4093989
v 0.5375645 -0.2841526 1.4050777
v 0.5958747 -0.2499062 1.4320782
v 0.5866794 -0.2156668 1.4514424
v 0.5965329 -0.2423095 1.4533083
v 0.5946674 -0.2355136 1.4566667
v 0.5881006 -0.2335367 1.4553254
v 0.6001738 -0.2436543 1.4487902
v 0.6267531 -0.3028792 1.4429041
v 0.6295754 -0.2990829 1.4444868
v 0.6252244 -0.3059625 1.4384795
v 0.6244370 -0.3049892 1.4334916
v 0.6243652 -0.3023281 1.4299325
v 0.6318796 -0.2961051 1.4431011
v 0.6326282 -0.2937783 1.4396384
v 0.6311264 -0.2925079 1.4342452
v 0.6369204 -0.2986102 1.4433523
v 0.6356880 -0.3022628 1.4446120
v 0.6371627 -0.3119515 1.4376713
v 0.6386327 -0.3116388 1.4406578
v 0.6353796 -0.3098030 1.4409111
v 0.6320000 -0.3094194 1.4390849
v 0.6420491 -0.3134185 1.4376806
v 0.6429645 -0.3133482 1.4409544
v 0.6397596 -0.3093383 1.4436814
v 0.6355999 -0.3075120 1.4431246
v 0.6444009 -0.3111913 1.4442259
v 0.6457140 -0.3077095 1.4451381
v 0.6412489 -0.3059691 1.4444374
v 0.6374185 -0.3051502 1.4440552
v 0.6321608 -0.3058318 1.4431255
v 0.6465538 -0.3137307 1.4388985
v 0.6500554 -0.3116175 1.4416870
v 0.6483735 -0.3125215 1.4441109
v 0.6461606 -0.3141306 1.4413790
v 0.6300987 -0.3076972 1.4341325
v 0.6364442 -0.3101121 1.4343941
v 0.6420466 -0.3115600 1.4347922
v 0.6467828 -0.3116722 1.4363458
v 0.6372625 -0.3076645 1.4316485
v 0.6428955 -0.3091065 1.4331300
v 0.6467353 -0.3091192 1.4348492
v 0.6389625 -0.3045335 1.4308811
v 0.6441570 -0.3065324 1.4330443
v 0.6297893 -0.3048025 1.4306733
v 0.6309834 -0.3011525 1.4292653
v 0.6465332 -0.3072339 1.4345474
v 0.6500510 -0.3095449 1.4393432
v 0.6417650 -0.3030638 1.4445293
v 0.6466268 -0.3049710 1.4445181
v 0.6424415 -0.3007780 1.4432123
v 0.6471872 -0.3031247 1.4429917
v 0.6488191 -0.3092652 1.4453953
v 0.6501008 -0.3076037 1.4440704
v 0.6257562 -0.2985646 1.4283042
v 0.6284943 -0.2944693 1.4304131
v 0.6334752 -0.2972437 1.4311455
v 0.6410790 -0.3006861 1.4326473
v 0.6357603 -0.2954286 1.4352675
v 0.6375010 -0.2964831 1.4401187
v 0.6428812 -0.2993439 1.4406149
v 0.6423843 -0.2986752 1.4366530
v 0.6471561 -0.3019671 1.4404300
v 0.6467511 -0.3018516 1.4375021
v 0.6457707 -0.3037025 1.4346779
v 0.6494924 -0.3045639 1.4395590
v 0.6501457 -0.3058491 1.4419180
v 0.6491206 -0.3073601 1.4374248
v 0.6478655 -0.3055904 1.4360587
v 0.6484718 -0.3039711 1.4377350
v 0.6314720 -0.2701308 1.4426494
v 0.6242698 -0.2678721 1.4413296
v 0.6261087 -0.2634403 1.4422746
v 0.6334559 -0.2657237 1.4439422
v 0.6265266 -0.2767134 1.4528822
v 0.6199437 -0.2741303 1.4524407
v 0.6209207 -0.2738569 1.4469171
v 0.6277890 -0.2760297 1.4473271
v 0.6274141 -0.2725363 1.4575063
v 0.6208161 -0.2700314 1.4573448
v 0.6121635 -0.2713291 1.4513340
v 0.5996687 -0.2657861 1.4478229
v 0.6011980 -0.2649329 1.4419595
v 0.6133820 -0.2708076 1.4456433
v 0.6080506 -0.2491949 1.4444019
v 0.6065118 -0.2502156 1.4393208
v 0.6225896 -0.2712224 1.4432353
v 0.6296480 -0.2735827 1.4438931
v 0.6204171 -0.2550930 1.4480102
v 0.6283883 -0.2584804 1.4502920
v 0.6277626 -0.2599611 1.4455424
v 0.6197346 -0.2565598 1.4430557
v 0.6043935 -0.2546279 1.4356892
v 0.6028366 -0.2601890 1.4344043
v 0.6021133 -0.2634505 1.4373872
v 0.6194039 -0.2565772 1.4534938
v 0.6070392 -0.2514568 1.4505252
v 0.6034939 -0.2559434 1.4545980
v 0.6165752 -0.2610315 1.4570832
v 0.6147397 -0.2685136 1.4413062
v 0.6177655 -0.2604499 1.4397438
v 0.6161778 -0.2651046 1.4388257
v 0.6131329 -0.2670092 1.4562905
v 0.6242633 -0.2640396 1.4579965
v 0.6423226 -0.2672590 1.4575113
v 0.6442809 -0.2651867 1.4540322
v 0.6354123 -0.2611161 1.4519096
v 0.6338841 -0.2630509 1.4560540
v 0.6272359 -0.2600860 1.4548218
v 0.6306727 -0.2670312 1.4584896
v 0.6437338 -0.2690002 1.4462659
v 0.6415254 -0.2733364 1.4444759
v 0.6396289 -0.2768057 1.4453372
v 0.5999991 -0.2622197 1.4541947
v 0.6376708 -0.2789547 1.4484019
v 0.6359853 -0.2796972 1.4536187
v 0.6350932 -0.2622858 1.4472230
v 0.6446398 -0.2657177 1.4494730
v 0.6393512 -0.2707892 1.4593900
v 0.6362564 -0.2758217 1.4583471
v 0.6442613 -0.2783217 1.4590883
v 0.6467497 -0.2735841 1.4601112
v 0.6439180 -0.2821913 1.4548154
v 0.6447348 -0.2812534 1.4497493
v 0.6458924 -0.2788768 1.4468478
v 0.6490453 -0.2704822 1.4586843
v 0.6503635 -0.2683873 1.4556056
v 0.6502702 -0.2683277 1.4511064
v 0.6556565 -0.2730438 1.4598364
v 0.6546712 -0.2763557 1.4614481
v 0.6637093 -0.2875866 1.4568346
v 0.6638993 -0.2874996 1.4601671
v 0.6589925 -0.2857978 1.4591376
v 0.6579076 -0.2864613 1.4561598
v 0.6554467 -0.2843342 1.4590913
v 0.6519691 -0.2845741 1.4566934
v 0.6603184 -0.2833369 1.4616571
v 0.6556831 -0.2817405 1.4608860
v 0.6650080 -0.2851589 1.4638558
v 0.6658975 -0.2814470 1.4642567
v 0.6606052 -0.2798560 1.4623719
v 0.6569337 -0.2790371 1.4614772
v 0.6687823 -0.2878756 1.4588967
v 0.6677129 -0.2884203 1.4612642
v 0.6513921 -0.2804971 1.4603859
v 0.6508228 -0.2831218 1.4514367
v 0.6578056 -0.2851686 1.4525243
v 0.6643703 -0.2863372 1.4540482
v 0.6693816 -0.2861252 1.4563438
v 0.6586884 -0.2827442 1.4496568
v 0.6650854 -0.2841210 1.4519800
v 0.6691104 -0.2837459 1.4545737
v 0.6601673 -0.2791481 1.4487808
v 0.6660811 -0.2810315 1.4516098
v 0.6512095 -0.2804848 1.4480475
v 0.6523313 -0.2768391 1.4470945
v 0.6686453 -0.2817436 1.4538472
v 0.6718684 -0.2839777 1.4595964
v 0.6717941 -0.2858700 1.4623772
v 0.6698372 -0.2870028 1.4649804
v 0.6611608 -0.2775363 1.4617504
v 0.6667844 -0.2794847 1.4628956
v 0.6620857 -0.2753043 1.4610182
v 0.6676124 -0.2777204 1.4618391
v 0.6698051 -0.2830769 1.4654788
v 0.6709303 -0.2819739 1.4639114
v 0.6474162 -0.2753265 1.4460707
v 0.6490845 -0.2712656 1.4477120
v 0.6539613 -0.2728208 1.4486564
v 0.6616673 -0.2751340 1.4506783
v 0.6551232 -0.2701941 1.4523554
v 0.6560360 -0.2707946 1.4570260
v 0.6623663 -0.2735504 1.4585431
v 0.6622455 -0.2729818 1.4546234
v 0.6675104 -0.2764521 1.4595148
v 0.6673572 -0.2759817 1.4564282
v 0.6670766 -0.2776618 1.4532203
v 0.6706504 -0.2790720 1.4593239
v 0.6713365 -0.2804488 1.4617419
v 0.6709950 -0.2818280 1.4572265
v 0.6696400 -0.2798605 1.4553426
v 0.6696285 -0.2781346 1.4571664
v 0.6298807 -0.2449555 1.4494028
v 0.6240572 -0.2437422 1.4483256
v 0.6249382 -0.2387988 1.4474904
v 0.6310437 -0.2400048 1.4485982
v 0.6269350 -0.2481697 1.4602139
v 0.6198618 -0.2473149 1.4593770
v 0.6214598 -0.2483085 1.4552870
v 0.6278003 -0.2491346 1.4565403
v 0.6272363 -0.2441448 1.4630310
v 0.6199072 -0.2424569 1.4623223
v 0.6130440 -0.2460175 1.4578896
v 0.6035636 -0.2435580 1.4553333
v 0.6059895 -0.2443704 1.4501973
v 0.6151829 -0.2471675 1.4532939
v 0.6229359 -0.2469513 1.4514324
v 0.6289499 -0.2480477 1.4527610
v 0.6186629 -0.2300311 1.4499431
v 0.6255138 -0.2323496 1.4525628
v 0.6255334 -0.2345036 1.4492325
v 0.6184664 -0.2325452 1.4467860
v 0.6065039 -0.2337036 1.4412605
v 0.6066341 -0.2390779 1.4419893
v 0.6068660 -0.2424616 1.4454599
v 0.6176449 -0.2302820 1.4552250
v 0.6065199 -0.2273629 1.4512729
v 0.6045596 -0.2308300 1.4568315
v 0.6149412 -0.2341115 1.4600451
v 0.6169226 -0.2455663 1.4491543
v 0.6182820 -0.2369653 1.4448295
v 0.6177487 -0.2421691 1.4458229
v 0.6127097 -0.2405937 1.4608410
v 0.6218786 -0.2363927 1.4613959
v 0.6404636 -0.2380276 1.4617276
v 0.6416583 -0.2366060 1.4577707
v 0.6319571 -0.2336477 1.4544421
v 0.6308467 -0.2346808 1.4589952
v 0.6244037 -0.2325061 1.4571860
v 0.6289432 -0.2386822 1.4625804
v 0.6403346 -0.2419820 1.4510677
v 0.6391145 -0.2466691 1.4510911
v 0.6380285 -0.2496496 1.4541495
v 0.6028824 -0.2379354 1.4585917
v 0.6073054 -0.2266562 1.4458577
v 0.6372794 -0.2507378 1.4575966
v 0.6367575 -0.2501108 1.4611726
v 0.6317486 -0.2356750 1.4507570
v 0.6412132 -0.2379054 1.4536234
v 0.6385504 -0.2417163 1.4643661
v 0.6367457 -0.2465386 1.4644344
v 0.6436687 -0.2482917 1.4654567
v 0.6452092 -0.2434736 1.4659110
v 0.6437814 -0.2520322 1.4623812
v 0.6440636 -0.2521278 1.4585794
v 0.6442719 -0.2507237 1.4552882
v 0.6469856 -0.2400807 1.4632826
v 0.6478401 -0.2389081 1.4597884
v 0.6467511 -0.2397128 1.4554975
v 0.6520248 -0.2412522 1.4643321
v 0.6514174 -0.2450702 1.4666880
v 0.6611673 -0.2561232 1.4639825
v 0.6613226 -0.2551930 1.4661653
v 0.6568450 -0.2538997 1.4648492
v 0.6562557 -0.2552537 1.4630842
v 0.6533040 -0.2529679 1.4648781
v 0.6503142 -0.2534944 1.4635229
v 0.6570010 -0.2513810 1.4677616
v 0.6528715 -0.2504204 1.4666899
v 0.6616910 -0.2523716 1.4689839
v 0.6619390 -0.2482680 1.4687937
v 0.6572978 -0.2474258 1.4674113
v 0.6536739 -0.2474188 1.4671084
v 0.6653675 -0.2558181 1.4656479
v 0.6645012 -0.2555037 1.4673865
v 0.6492218 -0.2495598 1.4660892
v 0.6494345 -0.2533428 1.4594900
v 0.6557775 -0.2548646 1.4600650
v 0.6612914 -0.2555956 1.4611987
v 0.6654350 -0.2547031 1.4627297
v 0.6558160 -0.2529202 1.4572427
v 0.6613148 -0.2536351 1.4588053
v 0.6647868 -0.2528525 1.4603412
v 0.6560998 -0.2500892 1.4552896
v 0.6615504 -0.2510995 1.4574518
v 0.6493776 -0.2515323 1.4562005
v 0.6493956 -0.2485232 1.4540324
v 0.6640437 -0.2511912 1.4592269
v 0.6676255 -0.2511773 1.4648484
v 0.6674843 -0.2526141 1.4679779
v 0.6657149 -0.2532245 1.4700534
v 0.6572872 -0.2447032 1.4668550
v 0.6622756 -0.2459617 1.4676135
v 0.6574978 -0.2427001 1.4648305
v 0.6626105 -0.2445805 1.4657042
v 0.6650891 -0.2496154 1.4697813
v 0.6659439 -0.2483912 1.4685272
v 0.6446434 -0.2477931 1.4529102
v 0.6454547 -0.2434604 1.4529100
v 0.6500141 -0.2446598 1.4540983
v 0.6569589 -0.2462286 1.4557775
v 0.6510292 -0.2410652 1.4567004
v 0.6520698 -0.2403266 1.4607493
v 0.6576240 -0.2419941 1.4618550
v 0.6572317 -0.2429261 1.4584014
v 0.6625967 -0.2441154 1.4630137
v 0.6623814 -0.2449291 1.4601770
v 0.6621151 -0.2477201 1.4579707
v 0.6655408 -0.2465470 1.4633484
v 0.6660148 -0.2471610 1.4661126
v 0.6663892 -0.2499964 1.4620746
v 0.6648244 -0.2489611 1.4600487
v 0.6646754 -0.2465622 1.4612040
v 0.6065441 -0.2293564 1.4430194
v 0.6185747 -0.2109889 1.4505618
v 0.6136513 -0.2115398 1.4492710
v 0.6136328 -0.2077044 1.4482872
v 0.6184882 -0.2071137 1.4494783
v 0.6166953 -0.2120234 1.4608454
v 0.6109900 -0.2127506 1.4599170
v 0.6122183 -0.2149622 1.4560617
v 0.6177328 -0.2142751 1.4573110
v 0.6160778 -0.2069810 1.4623456
v 0.6102507 -0.2072973 1.4614966
v 0.6045567 -0.2132362 1.4577041
v 0.5942217 -0.2143189 1.4541530
v 0.5972585 -0.2162088 1.4499298
v 0.6061080 -0.2154864 1.4537321
v 0.5910593 -0.2001599 1.4431944
v 0.5977231 -0.2006453 1.4453162
v 0.5989233 -0.2039279 1.4428192
v 0.5916654 -0.2032681 1.4396026
v 0.6132140 -0.2143413 1.4520890
v 0.6184038 -0.2135285 1.4535378
v 0.6070571 -0.2007792 1.4489994
v 0.6126857 -0.2005600 1.4512744
v 0.6133928 -0.2038159 1.4489770
v 0.6081588 -0.2040234 1.4466002
v 0.5931609 -0.2079089 1.4380741
v 0.5997221 -0.2079799 1.4420604
v 0.5995889 -0.2120875 1.4429695
v 0.5946233 -0.2131022 1.4383234
v 0.5992947 -0.2148077 1.4455635
v 0.6055415 -0.1997315 1.4529418
v 0.5960003 -0.1996375 1.4490689
v 0.5935672 -0.2012503 1.4536493
v 0.6042176 -0.2019875 1.4572716
v 0.6075951 -0.2146371 1.4498785
v 0.6085249 -0.2078912 1.4460039
v 0.6082229 -0.2118975 1.4471460
v 0.6034069 -0.2078798 1.4594780
v 0.6107015 -0.2019703 1.4592876
v 0.6238897 -0.1986885 1.4582331
v 0.6244111 -0.1992421 1.4548211
v 0.6177722 -0.1998465 1.4527405
v 0.6169198 -0.1989661 1.4566537
v 0.6115976 -0.1995022 1.4552330
v 0.6162826 -0.2016024 1.4604886
v 0.6248796 -0.2063570 1.4512235
v 0.6253249 -0.2103117 1.4522749
v 0.6250887 -0.2127734 1.4550691
v 0.5921764 -0.2083695 1.4567170
v 0.6248168 -0.2134253 1.4584986
v 0.6240072 -0.2114797 1.4617696
v 0.6182698 -0.2031265 1.4502857
v 0.6247374 -0.2023039 1.4522442
v 0.6234158 -0.2012957 1.4616967
v 0.6231758 -0.2066436 1.4631768
v 0.6288632 -0.2064651 1.4645484
v 0.6291520 -0.2012245 1.4631286
v 0.6295235 -0.2111787 1.4627883
v 0.6299143 -0.2129908 1.4594833
v 0.6297232 -0.2120527 1.4561901
v 0.6292877 -0.1986753 1.4594023
v 0.6293296 -0.1994316 1.4563159
v 0.6290832 -0.2022557 1.4538667
v 0.6342794 -0.1989712 1.4608095
v 0.6348402 -0.2015514 1.4644220
v 0.6440455 -0.2116067 1.4636881
v 0.6435870 -0.2103766 1.4654486
v 0.6402131 -0.2101404 1.4646425
v 0.6398464 -0.2118111 1.4631029
v 0.6369819 -0.2095678 1.4646801
v 0.6347858 -0.2109028 1.4634941
v 0.6397367 -0.2070044 1.4664485
v 0.6362912 -0.2066962 1.4655814
v 0.6436245 -0.2070995 1.4676017
v 0.6440351 -0.2029213 1.4663504
v 0.6401571 -0.2027447 1.4657682
v 0.6370048 -0.2034015 1.4655440
v 0.6475345 -0.2104434 1.4648832
v 0.6463676 -0.2100704 1.4664054
v 0.6333161 -0.2065400 1.4651621
v 0.6343354 -0.2125733 1.4604470
v 0.6396259 -0.2125437 1.4609595
v 0.6448979 -0.2119940 1.4616693
v 0.6482806 -0.2097821 1.4625629
v 0.6391884 -0.2116194 1.4584458
v 0.6443528 -0.2107573 1.4593963
v 0.6473954 -0.2088714 1.4602077
v 0.6383430 -0.2095874 1.4562452
v 0.6435005 -0.2090441 1.4577422
v 0.6336932 -0.2118970 1.4573818
v 0.6328840 -0.2097012 1.4550044
v 0.6461485 -0.2082127 1.4590432
v 0.6491537 -0.2064348 1.4633388
v 0.6489365 -0.2067372 1.4659684
v 0.6471794 -0.2070071 1.4682101
v 0.6400179 -0.2004821 1.4643646
v 0.6446454 -0.2010449 1.4647581
v 0.6393907 -0.1994110 1.4616513
v 0.6447935 -0.2007288 1.4623614
v 0.6467498 -0.2037216 1.4672209
v 0.6477354 -0.2031308 1.4655206
v 0.6295601 -0.2097300 1.4537004
v 0.6292476 -0.2062517 1.4528198
v 0.6326930 -0.2060899 1.4539364
v 0.6380274 -0.2063012 1.4552661
v 0.6329770 -0.2022508 1.4551195
v 0.6335149 -0.1996051 1.4575541
v 0.6390205 -0.2001387 1.4588604
v 0.6384240 -0.2025483 1.4563584
v 0.6442856 -0.2015924 1.4599702
v 0.6436956 -0.2035677 1.4580565
v 0.6433322 -0.2064610 1.4571316
v 0.6472859 -0.2038677 1.4608928
v 0.6479913 -0.2031579 1.4630519
v 0.6481567 -0.2063518 1.4610032
v 0.6464951 -0.2064476 1.4591920
v 0.6462718 -0.2046211 1.4594221
v 0.5904854 -0.1993302 1.4467392
v 0.5488264 -0.2900582 1.4047370
v 0.5525156 -0.2867918 1.4041776
v 0.5552702 -0.2811329 1.3955689
v 0.5524836 -0.2806942 1.3894640
v 0.5474698 -0.2827278 1.3855988
v 0.5435725 -0.2864012 1.3863382
v 0.5416640 -0.2898847 1.3898668
v 0.5551689 -0.2837027 1.4012737
v 0.5443968 -0.2925769 1.4023776
v 0.5415938 -0.2925105 1.3960360
v 0.5469944 -0.3011934 1.3940985
v 0.5494278 -0.3008933 1.4006676
v 0.5465829 -0.2986320 1.3876074
v 0.5482474 -0.2939399 1.3841461
v 0.5514258 -0.2889791 1.3838071
v 0.5535603 -0.2971856 1.4034987
v 0.5568985 -0.2928117 1.4028874
v 0.5588570 -0.2887605 1.3991847
v 0.5576726 -0.3044324 1.4020305
v 0.5554581 -0.3106883 1.3989435
v 0.5591411 -0.3153348 1.3828174
v 0.5573247 -0.3183618 1.3855994
v 0.5550773 -0.3146640 1.3861958
v 0.5559665 -0.3113413 1.3831483
v 0.5538097 -0.3120946 1.3876714
v 0.5524076 -0.3075576 1.3858692
v 0.5550952 -0.3173874 1.3915666
v 0.5542333 -0.3141420 1.3920791
v 0.5574870 -0.3176265 1.3967183
v 0.5554711 -0.3151375 1.3962724
v 0.5569344 -0.3215115 1.3907576
v 0.5594725 -0.3214302 1.3857748
v 0.5599372 -0.3236585 1.3897674
v 0.5618312 -0.3197394 1.3841833
v 0.5522436 -0.3100041 1.3926127
v 0.5531233 -0.3008783 1.3826387
v 0.5576810 -0.3070307 1.3813167
v 0.5618275 -0.3122374 1.3816352
v 0.5649923 -0.3165615 1.3841508
v 0.5610956 -0.3025156 1.3818298
v 0.5650778 -0.3088051 1.3832524
v 0.5670396 -0.3130995 1.3856962
v 0.5640827 -0.2995464 1.3856096
v 0.5670125 -0.3067494 1.3863487
v 0.5556220 -0.2947667 1.3823447
v 0.5589399 -0.2907920 1.3859864
v 0.5679386 -0.3107615 1.3873458
v 0.5666659 -0.3192436 1.3890696
v 0.5639069 -0.3229659 1.3888431
v 0.5598596 -0.3150899 1.3992918
v 0.5591892 -0.3211442 1.3957513
v 0.5624466 -0.3189013 1.3977401
v 0.5621723 -0.3107196 1.4005959
v 0.5653278 -0.3155400 1.3980330
v 0.5608150 -0.3235916 1.3940035
v 0.5639556 -0.3220669 1.3946245
v 0.5555383 -0.2857000 1.3873801
v 0.5584247 -0.2859304 1.3931882
v 0.5613193 -0.2911491 1.3921729
v 0.5657930 -0.2993579 1.3912729
v 0.5621428 -0.2942169 1.3982673
v 0.5604443 -0.2992251 1.4019716
v 0.5646050 -0.3064925 1.3998221
v 0.5660827 -0.3022110 1.3966483
v 0.5673015 -0.3119408 1.3968649
v 0.5681235 -0.3088356 1.3943799
v 0.5680903 -0.3069867 1.3904307
v 0.5681234 -0.3148506 1.3934650
v 0.5667633 -0.3186860 1.3942296
v 0.5679335 -0.3152526 1.3894295
v 0.5684362 -0.3117202 1.3899081
v 0.5684834 -0.3121121 1.3926733
v 0.5867792 -0.2016885 1.4363558
v 0.5875335 -0.2074049 1.4341886
v 0.5805995 -0.2053943 1.4317593
v 0.5726440 -0.2024636 1.4285466
v 0.5656515 -0.1951874 1.4295768
v 0.5717287 -0.2091003 1.4273646
v 0.5797994 -0.2117181 1.4305989
v 0.5886936 -0.2149983 1.4339647
v 0.5642654 -0.2126535 1.4243514
v -0.1818794 -0.1262829 1.4370648
v -0.1778669 -0.1244226 1.4379444
v -0.1744801 -0.1206967 1.4338634
v -0.1769837 -0.1219906 1.4323433
v -0.1803032 -0.1227366 1.4308848
v -0.1841912 -0.1229603 1.4297797
v -0.1917058 -0.1253672 1.4347499
v -0.1865255 -0.1264919 1.4365317
v -0.1986653 -0.1194235 1.4284314
v -0.1974829 -0.1202108 1.4300390
v -0.1977061 -0.1196375 1.4276903
v -0.1921104 -0.1218443 1.4282548
v -0.1956310 -0.1203110 1.4280764
v -0.1729157 -0.1208841 1.4378894
v -0.1716778 -0.1195334 1.4374504
v -0.1751293 -0.1225029 1.4379803
v -0.1882185 -0.1226675 1.4288992
v -0.1716559 -0.1188980 1.4365312
v -0.1726924 -0.1193363 1.4353237
v -0.1954648 -0.1228461 1.4326367
v -0.1806299 -0.1235182 1.4329967
v -0.1846561 -0.1240022 1.4317974
v -0.1900915 -0.1247348 1.4328593
v -0.1854147 -0.1253659 1.4342116
v -0.1922329 -0.1227712 1.4299988
v -0.1944453 -0.1213919 1.4295671
v -0.1774681 -0.1226224 1.4340968
v -0.1888190 -0.1237272 1.4307621
v -0.1809002 -0.1248031 1.4354428
v -0.1953375 -0.1215314 1.4301357
v -0.1935496 -0.1231939 1.4315544
v -0.1726800 -0.1196138 1.4366616
v -0.1726587 -0.1196231 1.4363570
v -0.1176098 -0.0329626 1.2324662
v -0.1132505 -0.0374313 1.2153744
v -0.1777547 -0.1233837 1.4359565
v -0.1736708 -0.1202388 1.4357204
v -0.1753266 -0.1213415 1.4349067
v -0.1754047 -0.1219486 1.4363906
v -0.1736531 -0.1206663 1.4366617
v 0.1397968 -0.1016168 1.3402165
v 0.1453096 -0.0982295 1.3249081
v 0.1420737 -0.0745395 1.3867520
v 0.1449574 -0.0525565 1.3909484
v 0.0041567 -0.1043918 1.0183898
v 0.1197661 0.0780611 1.0677974
v 0.1176552 0.0845843 1.0911437
v 0.0630760 0.1373691 1.0675514
v 0.0810595 0.1270754 1.0679899
v 0.1017720 -0.0342463 1.0797945
v 0.1061079 -0.0399178 1.0607090
v 0.0458667 -0.0734119 1.0618188
v 0.0489521 -0.0796968 1.0436229
v 0.0926828 -0.0641982 1.0359843
v 0.1078080 0.0983130 1.0187060
v 0.1013290 0.1054531 1.0421429
v 0.1147796 0.0892445 1.0437991
v 0.1218007 0.0823823 1.0209431
v 0.0472595 0.1331786 1.0391196
v 0.0434437 0.1424783 1.0667147
v 0.1113916 -0.0098513 1.1035573
v 0.1210138 0.0148825 1.1069224
v 0.1221902 0.0650323 1.1118533
v 0.1144468 0.0875484 1.1152632
v 0.0877196 0.1238311 1.1239110
v 0.1026104 0.1068439 1.1200142
v 0.0209823 -0.0771899 1.0741759
v -0.0046823 -0.0762337 1.0838462
v 0.0962268 -0.0311693 1.0987547
v -0.0463153 -0.0785506 1.0579500
v 0.0431222 0.1538924 1.1572598
v 0.0625065 0.1413576 1.1606802
v 0.1245615 0.0402294 1.1094708
v -0.0892591 -0.0574635 1.1784304
v -0.0851544 -0.0607970 1.1644389
v -0.0721034 -0.0698983 1.1731400
v -0.0752886 -0.0657031 1.1876651
v -0.0583420 -0.0768020 1.1812427
v -0.0440762 -0.0815775 1.1890191
v -0.0302041 -0.0843366 1.1958646
v 0.0066708 -0.0848203 1.2094070
v -0.0048316 -0.0859611 1.2060584
v 0.0285165 -0.0773207 1.2130395
v 0.0174896 -0.0821805 1.2119224
v 0.0407897 -0.0688833 1.2104018
v 0.0529487 -0.0561902 1.2066261
v 0.0656735 -0.0414208 1.2028758
v 0.0624044 -0.0395474 1.2169762
v 0.0549747 -0.0583321 1.1931639
v 0.0421475 -0.0707597 1.1969782
v 0.0299387 -0.0796803 1.1986222
v -0.0834259 -0.0556856 1.1291546
v -0.0729517 -0.0565735 1.1131573
v -0.1229013 -0.0293765 1.2484732
v 0.3644077 -0.0937353 1.3877544
v 0.4395172 -0.2102506 1.4140625
v -0.0714808 0.0942539 1.3413302
v -0.0832449 0.1019741 1.3312904
v -0.0876986 0.1117482 1.3155725
v -0.0946460 0.1060501 1.3237761
v -0.0332402 0.0273988 1.3764995
v -0.0340732 0.0532280 1.3688415
v -0.0417645 0.0743310 1.3565406
v -0.0523692 0.0899928 1.3448191
v 0.0716454 -0.0468362 1.1092498
v -0.0478505 0.1132793 1.3155524
v -0.0440168 0.0960089 1.3378071
v -0.0315687 0.0801191 1.3510144
v -0.0212549 0.0592027 1.3639292
v -0.0156317 0.0294228 1.3757980
v -0.0037094 0.0154620 1.3772511
v 0.0238525 0.0137377 1.3705380
v 0.0310023 0.0044166 1.3710443
v 0.0221068 -0.0127447 1.3776208
v 0.0316673 -0.0215021 1.3793133
v 0.0391674 -0.0041004 1.3731603
v 0.1185709 -0.0333203 1.3876236
v 0.1343291 -0.0323071 1.3866496
v 0.1467916 -0.0258917 1.3821234
v 0.1557209 -0.0184030 1.3745982
v 0.1603025 -0.0107148 1.3642150
v 0.1580231 -0.0050305 1.3528172
v 0.1508472 0.0006428 1.3413994
v 0.1184425 0.0100010 1.3147792
v 0.1067589 0.0135810 1.3060936
v 0.0946652 0.0365021 1.2701403
v 0.0932449 0.0444856 1.2627234
v 0.0948809 0.0815829 1.2156483
v 0.0929802 0.0692437 1.2337121
v 0.0961461 0.0938850 1.1944315
v 0.1388027 0.0786788 0.9047408
v 0.1312730 0.0788676 0.9255703
v 0.1458263 0.0630576 0.9306622
v 0.1531754 0.0620779 0.9108744
v 0.0612123 0.1122131 0.9601330
v 0.0828229 0.1055440 0.9634576
v 0.1583073 -0.0320492 0.9475025
v 0.1644948 -0.0051309 0.9453796
v 0.1634493 0.0203570 0.9414502
v 0.1568142 0.0430379 0.9370874
v 0.1451997 -0.0561793 0.9467778
v 0.0362106 -0.1234494 0.9183121
v 0.0595824 -0.1162983 0.9244813
v -0.0288612 -0.1223873 0.9041887
v -0.0087956 -0.1262447 0.9078301
v 0.1278017 -0.0770417 0.9432187
v 0.0129815 -0.1269288 0.9125901
v 0.0833372 -0.1059259 0.9312236
v 0.1070528 -0.0931052 0.9372503
v 0.1246874 0.0809233 0.9470090
v 0.1079347 0.0932713 0.9428705
v 0.1016741 0.0961401 0.9671781
v 0.0051039 0.1497170 1.2370181
v 0.0217869 0.1420719 1.2458939
v 0.0365827 0.1307861 1.2561560
v 0.0350313 0.1129694 1.2844813
v 0.0443272 0.0970284 1.2952856
v 0.0550553 0.0994339 1.2798435
v 0.0462929 0.1152402 1.2681997
v 0.0585140 0.0637197 1.3123196
v 0.0659215 0.0518362 1.3177987
v 0.0708358 0.0523831 1.3060292
v 0.0658604 0.0652410 1.2989813
v 0.0774380 0.0429007 1.3119100
v 0.0818754 0.0334271 1.3162614
v 0.0882334 0.0249954 1.3213501
v 0.0975040 0.0190367 1.3288621
v 0.0866854 0.0170408 1.3486662
v 0.0782786 0.0232615 1.3428966
v 0.0527179 0.0606516 1.3251583
v 0.0436981 0.0757235 1.3189691
v -0.0154507 0.1377261 1.2682848
v -0.0308894 0.1423226 1.2577353
v 0.0771012 -0.0251844 1.2046827
v 0.0890589 -0.0080243 1.2091653
v 0.0963531 0.0088639 1.2148700
v 0.0995561 0.0241704 1.2214825
v 0.0999285 0.0374790 1.2293006
v 0.0976240 0.0496895 1.2371012
v 0.0927232 0.0604679 1.2453810
v 0.0925016 0.0522548 1.2549574
v 0.0864828 0.0692298 1.2548992
v 0.0871631 0.0589742 1.2639660
v 0.0788643 0.0764036 1.2652733
v 0.0699172 0.0812169 1.2768646
v 0.0602354 0.0821127 1.2902759
v 0.0515937 0.0801176 1.3045283
v 0.0248030 0.1079826 1.3004645
v 0.0346298 0.0921977 1.3104501
v 0.0030216 0.1140753 1.3052018
v -0.0060880 0.1051110 1.3189552
v 0.0242569 0.1279428 1.2738394
v 0.0130122 0.1216211 1.2904408
v -0.0669908 0.0407815 1.3749003
v -0.0740259 0.0599997 1.3676128
v 0.1382106 0.0031241 1.3488151
v 0.1473293 -0.0004659 1.3513660
v 0.1437726 0.0034457 1.3425769
v 0.1380708 0.0048390 1.3428694
v 0.1468686 -0.0048937 1.3606169
v 0.1326967 -0.0029284 1.3642073
v 0.1427143 -0.0100637 1.3694552
v 0.1363205 0.0003789 1.3566931
v 0.1354436 -0.0155476 1.3766507
v 0.1263708 -0.0072624 1.3713984
v 0.1263321 -0.0196657 1.3814301
v 0.1196281 -0.0114554 1.3762835
v 0.1141313 -0.0145347 1.3792821
v 0.1159018 -0.0213887 1.3831946
v 0.0852130 0.0003211 1.3709865
v 0.0956249 -0.0059022 1.3745988
v 0.1065712 -0.0110588 1.3771780
v 0.1079102 0.0143920 1.3358872
v 0.1177062 0.0100234 1.3444262
v 0.1270079 0.0052052 1.3511908
v 0.1226735 0.0025095 1.3588820
v 0.1132300 0.0081134 1.3523256
v 0.1033087 0.0136772 1.3445826
v -0.0059435 0.1441711 1.2538619
v 0.0094013 0.1381381 1.2638336
v 0.0721219 0.0419209 1.3232828
v 0.0772819 0.0331443 1.3267458
v 0.0837506 0.0250824 1.3309786
v 0.0924305 0.0188977 1.3375846
v 0.0718143 0.0306803 1.3382756
v 0.0657734 0.0393743 1.3347008
v 0.0597346 0.0489426 1.3298714
v -0.0004094 0.1316173 1.2794491
v -0.0206943 0.1493536 1.2443191
v 0.0219114 -0.0826885 1.3199920
v 0.0175833 -0.0789982 1.3461783
v 0.0197113 -0.0660238 1.3682828
v 0.0253273 -0.0441580 1.3794195
v -0.1179518 0.0887736 1.3468034
v 0.2885420 -0.0819356 1.3344244
v -0.0060761 0.1687457 1.1799859
v -0.0163491 0.1667720 1.2029512
v 0.0189651 0.1538271 1.0938740
v 0.0140385 0.1644192 1.1223859
v 0.0770190 0.1114412 0.9901214
v 0.0557174 0.1169514 0.9885510
v 0.0511969 0.1247358 1.0139445
v 0.0423676 0.1207080 0.9325998
v 0.0378692 0.1178195 0.9571126
v 0.0305241 0.1282577 1.0126106
v 0.0275170 0.1358850 1.0379692
v 0.0229403 0.1616726 1.1553292
v -0.0099089 0.1567548 1.2287012
v -0.0347598 0.1559235 1.2373774
v -0.0428921 0.1490444 1.2500236
v -0.0519355 0.1423185 1.2638620
v -0.0133974 -0.0932305 1.1758391
v -0.0154522 -0.0896735 1.1877528
v -0.0281872 -0.0885130 1.1824740
v -0.0256487 -0.0922439 1.1709042
v 0.0089862 -0.0902030 1.1835939
v 0.0076474 -0.0877037 1.1956143
v -0.0034949 -0.0892673 1.1921912
v -0.0018642 -0.0923949 1.1801933
v 0.0186145 -0.0846751 1.1977471
v 0.0198189 -0.0868706 1.1854583
v -0.0105072 -0.0959379 1.1643629
v 0.0007981 -0.0948774 1.1687328
v -0.0225025 -0.0950387 1.1594762
v 0.0212452 -0.0884179 1.1742176
v 0.0112812 -0.0921611 1.1721764
v -0.1727415 -0.0810396 1.3191827
v -0.1763979 -0.0967923 1.3190064
v -0.1958867 -0.1219251 1.3529681
v -0.1974122 -0.1212063 1.3576194
v -0.1713246 -0.0562061 1.3144343
v -0.1671367 -0.0485534 1.3091188
v -0.1926232 -0.1134067 1.3361928
v -0.1880156 -0.1093452 1.3231254
v -0.2060603 -0.1300899 1.3762451
v -0.2049870 -0.1277926 1.3734237
v -0.2017521 -0.1258670 1.3629158
v -0.2004396 -0.1236221 1.3597417
v -0.1624778 -0.0405728 1.3033599
v -0.1755017 -0.0660198 1.3166783
v -0.1529720 -0.0273821 1.2901530
v -0.1484286 -0.0222025 1.2835645
v -0.1345566 -0.0234849 1.2814776
v -0.1301931 -0.0234016 1.2722632
v -0.0910287 -0.0526477 1.1426975
v -0.1051216 -0.0438984 1.1830169
v -0.1017729 -0.0477736 1.1694600
v -0.1089750 -0.0409891 1.1984715
v -0.1266046 -0.0263054 1.2614371
v -0.1575815 -0.0333313 1.2970269
v -0.1965569 -0.1197090 1.3480392
v -0.1947744 -0.1152164 1.3436472
v -0.2037926 -0.1267147 1.3698497
v -0.2027658 -0.1263154 1.3664112
v -0.1306364 -0.0255113 1.2256695
v -0.1266163 -0.0297039 1.2081713
v -0.0970349 -0.0500852 1.1559256
v -0.0951755 -0.0450308 1.1237691
v -0.0873315 -0.0459165 1.1072032
v -0.1346228 -0.0221553 1.2421625
v -0.0791619 -0.0460810 1.0915384
v 0.1896077 -0.0152054 0.7508631
v 0.1792059 0.0065209 0.7307415
v 0.1746579 0.0251491 0.7427753
v 0.1830967 0.0099674 0.7584990
v 0.1859548 0.0004684 0.8043250
v 0.1844062 0.0020585 0.8309778
v 0.1835333 0.0043216 0.8573807
v 0.1599188 0.0430603 0.7314251
v 0.1385331 0.0728644 0.7410711
v 0.1393112 0.0616468 0.7249260
v 0.1784439 0.0319358 0.8484882
v 0.1794776 0.0294317 0.8226937
v 0.1789027 0.0235937 0.7608230
v 0.1805303 0.0244306 0.7751688
v 0.1867283 0.0027806 0.7792467
v 0.1593493 0.0541429 0.7457007
v 0.1722081 0.0364450 0.7531653
v 0.1028809 0.1039015 0.8949021
v 0.1093919 0.1060868 0.8727823
v 0.0834459 0.1178018 0.8695976
v 0.1640549 0.0410921 0.9177650
v 0.1603314 0.0610143 0.8898450
v 0.0489080 0.0977783 0.7326983
v 0.1719144 0.0436682 0.7687521
v 0.1389319 0.0823276 0.7590570
v 0.1582304 0.0631327 0.7637370
v 0.1383184 0.0950597 0.8303069
v 0.1556152 0.0766044 0.8347991
v 0.1563931 0.0754456 0.8091907
v 0.1389573 0.0940987 0.8055019
v 0.1689650 0.0559056 0.8401320
v 0.1657654 0.0589271 0.8660402
v 0.1351009 0.0947097 0.8544361
v 0.1523414 0.0780078 0.8597633
v 0.1462233 0.0789668 0.8835804
v 0.1701281 0.0533376 0.8139423
v 0.1386735 0.0903478 0.7808201
v 0.1139304 0.1062155 0.7773951
v 0.0851527 0.1157313 0.7759990
v 0.0554931 0.1233663 0.7718522
v 0.0555659 0.1290339 0.7951287
v 0.1295542 0.0934651 0.8779676
v 0.1142356 0.0919010 0.9207254
v 0.1223650 0.0922284 0.8995580
v 0.0961497 0.1015704 0.9926201
v 0.0628448 -0.1740005 0.5368812
v 0.0064923 -0.0084213 0.7147241
v -0.0060192 -0.0334714 0.7104923
v 0.1512084 -0.1259505 0.8051948
v 0.1888356 -0.0623148 0.7764791
v 0.1897367 -0.0271339 0.7799001
v -0.0165512 -0.0796335 0.7116188
v -0.0111599 -0.1064433 0.7209162
v 0.1231938 -0.1465024 0.7994136
v 0.0572043 -0.1581480 0.7573321
v -0.0133260 -0.0556601 0.7084611
v 0.1799657 0.0274240 0.7980550
v 0.1706186 0.0491824 0.7898733
v 0.1574848 0.0707474 0.7849894
v 0.1133678 0.0986134 0.7563084
v 0.0832105 0.1089524 0.7557882
v 0.0535619 0.1141770 0.7537573
v -0.0181536 -0.1243218 0.7829261
v -0.0302115 -0.1238273 0.7934421
v -0.0232089 -0.1271255 0.7930286
v -0.0384325 -0.1212597 0.8073700
v -0.0365100 -0.1190633 0.7937848
v -0.0274151 -0.1185749 0.7794845
v -0.0331056 -0.1133897 0.7802209
v -0.0293423 -0.1081470 0.7649437
v 0.0356759 -0.1250574 0.8992059
v 0.0604857 -0.1192628 0.9049679
v -0.0286299 -0.1223237 0.8862561
v -0.0096275 -0.1262216 0.8892226
v 0.1326977 -0.0822126 0.9244155
v 0.0117742 -0.1273249 0.8936786
v 0.0851790 -0.1105755 0.9118949
v 0.1108921 -0.0981847 0.9187321
v 0.0535830 0.1326249 0.8441084
v 0.0513070 0.1309122 0.8682946
v -0.0444342 -0.1148286 0.8832834
v -0.1832177 -0.0959476 1.3166776
v -0.1792589 -0.0795372 1.3167294
v -0.2385692 -0.1326131 1.4914874
v -0.1533607 0.0549406 1.3716938
v -0.2235845 -0.1361929 1.4367279
v -0.1992283 -0.1209293 1.3568280
v -0.2069351 -0.1333469 1.3775381
v -0.1434345 -0.0178353 1.2765320
v -0.1390499 -0.0161018 1.2669306
v 0.0091744 -0.0118723 0.7285212
v -0.1367861 -0.0188961 1.2555820
v 0.0142347 0.0010024 0.7252994
v 0.0239054 0.1453602 1.0660795
v 0.0225464 0.1573618 0.2234028
v 0.0292724 0.1662388 0.2333058
v 0.0249491 0.1841135 0.2107595
v 0.0171138 0.1753544 0.2027264
v 0.0610074 0.1757948 0.2427218
v 0.0465221 0.1753960 0.2427054
v 0.0742796 0.1724521 0.2368762
v 0.0825493 0.1661543 0.2269598
v 0.0728388 0.1871661 0.2080540
v 0.0671449 0.1939870 0.2174089
v 0.0846577 0.1585842 0.2172571
v 0.0750945 0.1713059 0.1896112
v 0.0833738 0.1501395 0.2077553
v 0.0754556 0.1381675 0.1961121
v 0.0668101 0.1591397 0.1799719
v 0.0586474 0.1291881 0.1860141
v 0.0509969 0.1500713 0.1704829
v 0.0399904 0.1272350 0.1844482
v 0.0197227 0.1473642 0.2107405
v 0.0120919 0.1645149 0.1911708
v 0.0548306 0.1968743 0.2225256
v 0.0416349 0.1950008 0.2207775
v 0.0325360 0.1895883 0.2159010
v 0.0370813 0.1719287 0.2390870
v 0.0181452 0.2019891 0.1906978
v 0.0064842 0.1925542 0.1844269
v 0.0494872 0.2180509 0.2041275
v 0.0365562 0.2127414 0.1992037
v 0.0654220 0.2077256 0.1905301
v 0.0622801 0.2156139 0.1999196
v 0.0712454 0.1901760 0.1706570
v 0.0687249 0.1991415 0.1805146
v 0.0747804 0.1796849 0.1987877
v 0.0627150 0.1784120 0.1618926
v 0.0446902 0.1660063 0.1523633
v 0.0014991 0.1790397 0.1721968
v 0.0271897 0.2077488 0.1945799
v -0.0501283 0.1297226 0.0014187
v -0.0500782 0.1270045 0.0053107
v -0.0542906 0.1274599 0.0070772
v -0.0567079 0.1311268 0.0036398
v -0.0890145 0.1330944 0.0141036
v -0.0900375 0.1243405 0.0207344
v -0.0960844 0.1290874 0.0251766
v -0.0976416 0.1396275 0.0189541
v -0.0733508 0.1301887 0.0056238
v -0.0711638 0.1344914 0.0048758
v -0.0667464 0.1336631 0.0027750
v -0.0662500 0.1285033 0.0021733
v -0.0157295 0.1410701 0.0105224
v -0.0151480 0.1460381 0.0088907
v -0.0106197 0.1458030 0.0079671
v -0.0095642 0.1417702 0.0091341
v -0.0375843 0.1348316 0.0043655
v -0.0365029 0.1400282 0.0029536
v -0.0321205 0.1395813 0.0022120
v -0.0312109 0.1355500 0.0026557
v -0.0745529 0.1355271 0.0353704
v -0.0845695 0.1397263 0.0445186
v -0.0923224 0.1342189 0.0328797
v -0.0826941 0.1278760 0.0269402
v -0.0965407 0.1449551 0.0319448
v -0.0888083 0.1527131 0.0432666
v -0.0832456 0.1577535 0.0349418
v -0.0898374 0.1485828 0.0265427
v -0.0742728 0.1528165 0.0266007
v -0.0811977 0.1447146 0.0195660
v -0.0696869 0.1428932 0.0256674
v -0.0760964 0.1333412 0.0172713
v -0.0540701 0.1364040 0.0162814
v -0.0573903 0.1311289 0.0232508
v -0.0629655 0.1264294 0.0125481
v -0.0581109 0.1306506 0.0061887
v -0.0676657 0.1332953 0.0273294
v -0.0703707 0.1280008 0.0157292
v -0.0719246 0.1428901 0.0226783
v -0.0664597 0.1477394 0.0186669
v -0.0705514 0.1393544 0.0099461
v -0.0762749 0.1345117 0.0136421
v -0.0580275 0.1450071 0.0150278
v -0.0621493 0.1378716 0.0063323
v -0.0390980 0.1312765 0.0189190
v -0.0494388 0.1333305 0.0218465
v -0.0526883 0.1301598 0.0122664
v -0.0456927 0.1288419 0.0094926
v -0.0579480 0.1371109 0.0092628
v -0.0538945 0.1419687 0.0169497
v -0.0486841 0.1456771 0.0130144
v -0.0528308 0.1393881 0.0057782
v -0.0400563 0.1434668 0.0098390
v -0.0462239 0.1379101 0.0027522
v -0.0362224 0.1353149 0.0121040
v -0.0424844 0.1319171 0.0037735
v -0.0168978 0.1402737 0.0129324
v -0.0189828 0.1353484 0.0188793
v -0.0258038 0.1334433 0.0105135
v -0.0240542 0.1378144 0.0058265
v -0.0276331 0.1352141 0.0201214
v -0.0318433 0.1331622 0.0125056
v -0.0372561 0.1370930 0.0111553
v -0.0323682 0.1391088 0.0164467
v -0.0297016 0.1474007 0.0119697
v -0.0352553 0.1438497 0.0066696
v -0.0208452 0.1475718 0.0102655
v -0.0278191 0.1432762 0.0042393
v 0.0012724 0.1420697 0.0219721
v -0.0045365 0.1394951 0.0155265
v -0.0033871 0.1442770 0.0119951
v 0.0026199 0.1490772 0.0187485
v -0.0066213 0.1402149 0.0224666
v -0.0108807 0.1386880 0.0171247
v -0.0152812 0.1432397 0.0155685
v -0.0106230 0.1444495 0.0190607
v -0.0101835 0.1529967 0.0156629
v -0.0143286 0.1500922 0.0119949
v -0.0025914 0.1536160 0.0157919
v -0.0071838 0.1496393 0.0100155
v -0.0635590 0.1421943 0.0422082
v -0.0760798 0.1456711 0.0552508
v -0.0932053 0.1420258 0.0201966
v -0.0803601 0.1600741 0.0526429
v -0.0882414 0.1398024 0.0165524
v -0.0646101 0.1588658 0.0315305
v -0.0743345 0.1656406 0.0432028
v -0.0674648 0.1465847 0.0299261
v -0.0666256 0.1249601 0.0070286
v -0.0471709 0.1546123 0.0229130
v -0.0509220 0.1437289 0.0219515
v -0.0710986 0.1258492 0.0091143
v -0.0473776 0.1385414 0.0338104
v -0.0278967 0.1398362 0.0297349
v -0.0544003 0.1352463 0.0017641
v -0.0506022 0.1346099 0.0000000
v -0.0283457 0.1538168 0.0178238
v -0.0304378 0.1394587 0.0182257
v -0.0305911 0.1323373 0.0061345
v -0.0103314 0.1563276 0.0179720
v -0.0101308 0.1439013 0.0189457
v -0.0345321 0.1322770 0.0072276
v -0.0079125 0.1420637 0.0291568
v -0.0098087 0.1395567 0.0121187
v 0.0037053 0.1603677 0.0209419
v 0.0108399 0.1550879 0.0257693
v -0.0130229 0.1386344 0.0129663
v 0.0076661 0.1465093 0.0302463
v 0.0131543 0.1548440 0.1793533
v 0.0205693 0.1384727 0.1988543
v 0.0267984 0.1318574 0.1893106
v 0.0194564 0.1487493 0.1703417
v 0.0328345 0.1462294 0.1668954
v 0.0033965 0.1667580 0.1604638
v 0.0117299 0.1602021 0.1518840
v 0.0258302 0.1606437 0.1490740
v 0.0622835 0.1943248 0.1455275
v 0.0708224 0.2064725 0.1566989
v 0.0664774 0.2162747 0.1675680
v 0.0642493 0.2255213 0.1775565
v 0.0614402 0.2341031 0.1870795
v -0.0054426 0.1906257 0.1541005
v -0.0057089 0.1735041 0.1421716
v 0.0031454 0.1640074 0.1334235
v 0.0197373 0.1658835 0.1300761
v -0.0691088 0.1530426 0.0703306
v -0.0544364 0.1455969 0.0620995
v -0.0448820 0.1515172 0.0796688
v -0.0567100 0.1651748 0.0818449
v -0.0380994 0.1448645 0.0528573
v -0.0274664 0.1487150 0.0722336
v -0.0196951 0.1465420 0.0476738
v -0.0099178 0.1524180 0.0660097
v -0.0009357 0.1496686 0.0445171
v 0.0070824 0.1578385 0.0612718
v 0.0151691 0.1539462 0.0411008
v 0.0225717 0.1646031 0.0557596
v 0.0214615 0.1623640 0.0342816
v 0.0302841 0.1732374 0.0479636
v -0.0730975 0.1700207 0.0641830
v -0.0589910 0.1808414 0.0755373
v -0.0652392 0.1780000 0.0531724
v -0.0523922 0.1901400 0.0633945
v -0.0514598 0.1752992 0.0447156
v -0.0390883 0.1881211 0.0565777
v 0.0226581 0.1826610 0.0408695
v 0.0128390 0.1709824 0.0282680
v -0.0338744 0.1727335 0.0380441
v -0.0218989 0.1854395 0.0509380
v -0.0163995 0.1725064 0.0324479
v -0.0050716 0.1856366 0.0454698
v -0.0006614 0.1725715 0.0292753
v 0.0100232 0.1855538 0.0416878
v -0.0333390 0.1631415 0.0987527
v -0.0164824 0.1535050 0.0938959
v 0.0006590 0.1587058 0.0878402
v 0.0177703 0.1665218 0.0818579
v 0.0319315 0.1772068 0.0741030
v 0.0395562 0.1864817 0.0651292
v 0.0343211 0.1768273 0.1055973
v 0.0422379 0.1939258 0.0921822
v 0.0467821 0.2028232 0.0816994
v 0.0548574 0.2193297 0.0977118
v 0.0539303 0.2105044 0.1087629
v 0.0691836 0.2399792 0.1350012
v 0.0630487 0.2264294 0.1237592
v 0.0650131 0.2352436 0.1123066
v 0.0716956 0.2502069 0.1231466
v 0.0509349 0.1953677 0.1202962
v 0.0610277 0.2113024 0.1354095
v 0.0652550 0.2237325 0.1476527
v 0.0701041 0.2702006 0.1426695
v 0.0716675 0.2591086 0.1546210
v 0.0720675 0.2499457 0.1441295
v 0.0737590 0.2609180 0.1323958
v 0.0587049 0.2794679 0.1520051
v 0.0619025 0.2694064 0.1655992
v 0.0418825 0.2687424 0.1657709
v 0.0397266 0.2794768 0.1540612
v 0.0673126 0.2418532 0.1665418
v 0.0668193 0.2334604 0.1570249
v 0.0614037 0.2508346 0.1768886
v 0.0439384 0.2511823 0.1776463
v 0.0255101 0.2591909 0.1580104
v 0.0289415 0.2427329 0.1702940
v 0.0230665 0.2706317 0.1481222
v -0.0418176 0.1798945 0.0951486
v -0.0413562 0.1921808 0.0886352
v 0.0117667 0.1626472 0.1098235
v -0.0063974 0.1598749 0.1151193
v -0.0191353 0.1757807 0.1225557
v -0.0280272 0.1959723 0.1121323
v -0.0246211 0.2077363 0.1022557
v -0.0155591 0.2140455 0.1254287
v -0.0113666 0.2233511 0.1149176
v -0.0349074 0.1995491 0.0790540
v -0.0172613 0.2119911 0.0946929
v -0.0052844 0.2277251 0.1084397
v -0.0043594 0.2294073 0.1367291
v -0.0025031 0.2389797 0.1266624
v 0.0068211 0.2406765 0.1452153
v 0.0060522 0.2507466 0.1351239
v 0.0134648 0.2606464 0.1416140
v 0.0160355 0.2495596 0.1511123
v 0.0104463 0.2282592 0.1589079
v 0.0196339 0.2351022 0.1645679
v -0.0012300 0.2177328 0.1501738
v -0.0130002 0.2006987 0.1390080
v 0.0335271 0.1959791 0.0572106
v 0.0428682 0.2106697 0.0742161
v 0.0506139 0.2260660 0.0911840
v 0.0594961 0.2432287 0.1045816
v 0.0640601 0.2578140 0.1156809
v 0.0652073 0.2674309 0.1241925
v 0.0624809 0.2753249 0.1331635
v 0.0524821 0.2808726 0.1412359
v 0.0388917 0.2812627 0.1433609
v 0.0261223 0.2748040 0.1376859
v 0.0174097 0.2669669 0.1312820
v 0.0036629 0.2440216 0.1184991
v 0.0106090 0.2572061 0.1255039
v 0.0005619 0.2066174 0.1665695
v 0.0122660 0.2168452 0.1748136
v 0.0220225 0.2226519 0.1793064
v 0.0457473 0.2347187 0.1889958
v 0.0321553 0.2273643 0.1832622
v -0.0233242 0.2007521 0.0718318
v -0.0072378 0.1991536 0.0665380
v 0.0084878 0.1996072 0.0611474
v 0.0220957 0.1994744 0.0574192
v 0.0331760 0.2142216 0.0739978
v 0.0210797 0.2151354 0.0775854
v 0.0067038 0.2153113 0.0821611
v -0.0072684 0.2140552 0.0881272
v 0.0413546 0.2299762 0.0897690
v 0.0302568 0.2311526 0.0922845
v 0.0169468 0.2323727 0.0970670
v 0.0041262 0.2307445 0.1019599
v 0.0122568 0.2475884 0.1122848
v 0.0241423 0.2490595 0.1089057
v 0.0364719 0.2474678 0.1050421
v 0.0478523 0.2465556 0.1036178
v 0.0524763 0.2595504 0.1145907
v 0.0412633 0.2597210 0.1155914
v 0.0296461 0.2608906 0.1184294
v 0.0193107 0.2598657 0.1205990
v 0.0542479 0.2673568 0.1218893
v 0.0481609 0.2779480 0.1342684
v 0.0533553 0.2734859 0.1283899
v 0.0395729 0.2788441 0.1359436
v 0.0314806 0.2739169 0.1317115
v 0.0250955 0.2675822 0.1264083
v 0.0375192 0.2721617 0.1287240
v 0.0338343 0.2673142 0.1241853
v 0.0442631 0.2666291 0.1220514
v 0.0456356 0.2715694 0.1271751
v 0.0409148 0.2754250 0.1320218
v 0.0450178 0.2750690 0.1311405
v 0.0405203 0.1790044 0.1330351
v -0.1272644 0.0805688 1.3536888
v -0.0811105 0.1179884 1.3067160
v 0.0402725 -0.0992004 0.3700609
v 0.0502625 -0.1058269 0.3613471
v 0.0640653 -0.1130429 0.3563938
v 0.0913419 -0.1550051 0.7930758
v 0.0277129 -0.0972426 1.0222364
v 0.0247785 -0.0827637 1.0574926
v 0.0266801 -0.0894128 1.0398979
v 0.0894433 -0.1632742 0.7631073
v 0.0789676 -0.0475836 1.0922800
v 0.0507132 0.1042849 0.7401453
v -0.0601542 0.1363314 1.2757619
v -0.0170917 -0.0856799 1.2016347
v 0.0551217 0.1322423 0.8194425
v -0.1295431 -0.0489115 1.4567171
v -0.1310810 -0.0466647 1.4548374
v -0.1307457 -0.0444604 1.4520368
v -0.1307506 -0.0399872 1.4516420
v -0.1303520 -0.0364945 1.4508829
v -0.1302267 -0.0339829 1.4507475
v -0.1295360 -0.0425833 1.4541010
v -0.1317794 -0.0399748 1.4571536
v -0.1306969 -0.0426911 1.4565665
v -0.1295353 -0.0445932 1.4553001
v -0.1211801 -0.0320289 1.1909458
v -0.1167057 -0.0345563 1.1759515
v -0.1129953 -0.0385102 1.1634633
v -0.1075285 -0.0401260 1.1502150
v -0.1980848 -0.1217379 1.3521934
v -0.0527670 -0.1070431 0.9543736
v -0.0544313 -0.1029621 0.9685249
v 0.0337872 0.1208207 0.9869496
v -0.0482831 -0.1137382 0.9165339
v -0.0567640 -0.0999482 0.9831026
v 0.0045899 0.1683381 1.1528217
v -0.1011928 -0.0428772 1.1381300
v -0.0464885 -0.1143003 0.9006463
v -0.0253523 0.1633289 1.2229832
v -0.0599398 -0.0944329 1.0020616
v -0.0397606 -0.1208169 0.8239885
v -0.0673465 -0.0700485 1.0518863
v -0.2702530 -0.1128863 1.4569866
v -0.2771968 -0.0997437 1.4486184
v -0.2704629 -0.1084431 1.4389309
v -0.2621019 -0.1196440 1.4440948
v -0.2649300 -0.1140337 1.4306865
v -0.2571018 -0.1226459 1.4334813
v -0.2798134 -0.0877809 1.4391854
v -0.2742380 -0.0972529 1.4326594
v -0.2691783 -0.0820845 1.3991089
v -0.2698103 -0.0840557 1.4083899
v -0.2733174 -0.0748307 1.4067666
v -0.2704210 -0.0712185 1.3950083
v -0.2606248 -0.0756174 1.3741237
v -0.2582455 -0.0629028 1.3673921
v -0.2522033 -0.0724307 1.3586739
v -0.2539454 -0.0837628 1.3663274
v -0.2304485 -0.1145895 1.3846154
v -0.2349375 -0.1136939 1.3898028
v -0.2390239 -0.1112206 1.3827917
v -0.2335163 -0.1119059 1.3770630
v -0.2250654 -0.1230174 1.3959267
v -0.2227402 -0.1301216 1.3989196
v -0.2240526 -0.1263526 1.4052612
v -0.2272045 -0.1202743 1.4011654
v -0.2240495 -0.1151731 1.3806986
v -0.2270265 -0.1117719 1.3731175
v -0.2252222 -0.1196990 1.3869396
v -0.2277397 -0.1175646 1.3910892
v -0.2215688 -0.1296473 1.3804542
v -0.2193652 -0.1347521 1.3808967
v -0.2219558 -0.1358268 1.3858403
v -0.2239931 -0.1287218 1.3850397
v -0.2233309 -0.1199341 1.3802459
v -0.2192028 -0.1220172 1.3780162
v -0.2215523 -0.1250649 1.3794525
v -0.2245929 -0.1231335 1.3828701
v -0.2237930 -0.1258119 1.3907497
v -0.2221934 -0.1334186 1.3926470
v -0.2193321 -0.1407805 1.3937968
v -0.2183668 -0.1430219 1.3855420
v -0.2390138 -0.1020385 1.3624427
v -0.2332133 -0.1045122 1.3600816
v -0.2304701 -0.1084561 1.3662690
v -0.2366338 -0.1075968 1.3695760
v -0.2189192 -0.1182134 1.3753605
v -0.2173633 -0.1162981 1.3591460
v -0.2128149 -0.1210965 1.3609958
v -0.2138886 -0.1217383 1.3648405
v -0.2190791 -0.1167550 1.3629231
v -0.2387783 -0.0895925 1.3485525
v -0.2357280 -0.0841700 1.3410409
v -0.2309042 -0.0919247 1.3420385
v -0.2334535 -0.0956098 1.3480790
v -0.2264126 -0.0902189 1.3365967
v -0.2302178 -0.0806766 1.3336662
v -0.2163690 -0.0820246 1.3214558
v -0.2152799 -0.0946474 1.3273976
v -0.2210405 -0.0910999 1.3319698
v -0.2235769 -0.0802264 1.3271010
v -0.2069559 -0.1059803 1.3347241
v -0.2087373 -0.1000637 1.3234104
v -0.2016167 -0.1048986 1.3215237
v -0.2013829 -0.1095339 1.3345590
v -0.2145356 -0.1113281 1.3543325
v -0.2158137 -0.1142485 1.3563287
v -0.2190247 -0.1100700 1.3550064
v -0.2179065 -0.1080370 1.3536310
v -0.2213729 -0.1046779 1.3527553
v -0.2216287 -0.1055562 1.3532650
v -0.2233305 -0.1052704 1.3534682
v -0.2229374 -0.1037311 1.3522066
v -0.2198350 -0.1062850 1.3531386
v -0.2202612 -0.1052027 1.3519680
v -0.2181768 -0.1068816 1.3514268
v -0.2151271 -0.1102659 1.3509960
v -0.2030808 -0.1200848 1.3510941
v -0.2033592 -0.1197819 1.3560856
v -0.2062697 -0.1180386 1.3555243
v -0.2067229 -0.1178472 1.3507060
v -0.2225063 -0.1077042 1.3551067
v -0.2207508 -0.1111488 1.3569244
v -0.2229522 -0.1115857 1.3595564
v -0.2252093 -0.1074828 1.3563656
v -0.2286222 -0.1064262 1.3579882
v -0.2293207 -0.1026773 1.3539196
v -0.2258755 -0.1044718 1.3537537
v -0.2214163 -0.1031979 1.3507452
v -0.2252492 -0.1019620 1.3511535
v -0.2233785 -0.1005249 1.3487037
v -0.2206182 -0.1013244 1.3460992
v -0.2190644 -0.1047525 1.3492145
v -0.2158097 -0.1079625 1.3478856
v -0.2168818 -0.1039953 1.3438454
v -0.2118988 -0.1076496 1.3424139
v -0.2113997 -0.1121067 1.3467634
v -0.2259376 -0.1107503 1.3629186
v -0.2286952 -0.0992752 1.3497033
v -0.2339092 -0.0997432 1.3544412
v -0.2267241 -0.0971605 1.3453211
v -0.2231156 -0.0970228 1.3415903
v -0.2131487 -0.1024767 1.3359662
v -0.2186371 -0.0989445 1.3382784
v -0.2079994 -0.0870078 1.3164228
v -0.1989514 -0.0916996 1.3142696
v -0.2599845 -0.1146281 1.4251550
v -0.2527133 -0.1200420 1.4271635
v -0.2576227 -0.1093935 1.4185256
v -0.2545528 -0.1123557 1.4198166
v -0.2561879 -0.1132236 1.4219321
v -0.2597713 -0.1091355 1.4205287
v -0.2657147 -0.0910087 1.4110144
v -0.2657882 -0.0895165 1.4040671
v -0.2618874 -0.0951100 1.4092598
v -0.2622870 -0.0967806 1.4131623
v -0.2539937 -0.1024292 1.4021679
v -0.2535923 -0.1056423 1.4092586
v -0.2565407 -0.1029915 1.4096774
v -0.2580818 -0.0987968 1.4029570
v -0.2501745 -0.1082968 1.4093680
v -0.2495700 -0.1059343 1.4031045
v -0.2452983 -0.1088571 1.4051137
v -0.2464080 -0.1102968 1.4104430
v -0.2502730 -0.1161464 1.4242744
v -0.2496754 -0.1150522 1.4214507
v -0.2436875 -0.1154800 1.4228721
v -0.2431919 -0.1171605 1.4260334
v -0.2318003 -0.1124336 1.4197645
v -0.2290929 -0.1145605 1.4198191
v -0.2308741 -0.1154756 1.4235852
v -0.2334531 -0.1130756 1.4217102
v -0.2327223 -0.1124331 1.4175566
v -0.2305906 -0.1135708 1.4161955
v -0.2687179 -0.1155921 1.4808409
v -0.2788510 -0.1019232 1.4707312
v -0.2598273 -0.1240363 1.4634073
v -0.2846567 -0.0879957 1.4592787
v -0.2853545 -0.0757944 1.4464357
v -0.2494711 -0.0623554 1.3511813
v -0.2424260 -0.0738489 1.3441539
v -0.2453480 -0.0815834 1.3521425
v -0.2431289 -0.0550628 1.3428175
v -0.2360449 -0.0687840 1.3355528
v -0.2159216 -0.0650488 1.3213135
v -0.2268952 -0.0649933 1.3271720
v -0.2494058 -0.0407525 1.3538587
v -0.2419849 -0.0323154 1.3486563
v -0.2333736 -0.0477859 1.3351501
v -0.2491646 -0.0214319 1.3643048
v -0.2450647 -0.0130464 1.3639085
v -0.2324116 -0.0206872 1.3444651
v -0.2036932 -0.0182674 1.3146786
v -0.2139736 -0.0041436 1.3205666
v -0.2073518 0.0051584 1.3127158
v -0.1986153 -0.0096987 1.3058441
v -0.2552638 -0.0503253 1.3605011
v -0.2770623 -0.0682022 1.4179651
v -0.2750825 -0.0623343 1.4053328
v -0.2746679 -0.0801554 1.4168326
v -0.2941397 -0.0559628 1.4800278
v -0.2935966 -0.0484237 1.4636856
v -0.2898420 -0.0630021 1.4553728
v -0.2899917 -0.0731635 1.4708509
v -0.2783271 -0.0754654 1.5169267
v -0.2883110 -0.0657889 1.4996147
v -0.2850028 -0.0862877 1.4862032
v -0.2756404 -0.0982123 1.5001036
v -0.2950044 -0.0327630 1.4687676
v -0.2938133 -0.0352075 1.4873689
v -0.2921171 -0.0132395 1.4886159
v -0.2933857 -0.0163412 1.4711986
v -0.2883336 -0.0394751 1.5086282
v -0.2855483 -0.0125136 1.5109563
v -0.2446799 -0.0022999 1.3704595
v -0.2354068 -0.0008229 1.3533634
v -0.2265390 0.0031930 1.3399755
v -0.2213124 -0.0134903 1.3313683
v -0.2730912 -0.0136192 1.5298829
v -0.2764152 -0.0450435 1.5276697
v -0.2694412 0.0300011 1.4617739
v -0.2746030 0.0192830 1.4481704
v -0.2833383 0.0088296 1.4589105
v -0.2788314 0.0200684 1.4760503
v -0.2611670 0.0412322 1.4758368
v -0.2713370 0.0299313 1.4930812
v -0.2401992 0.0361491 1.4142666
v -0.2313159 0.0471098 1.4218677
v -0.2213876 0.0421136 1.4062038
v -0.2295606 0.0330422 1.3987492
v -0.2697286 -0.1051945 1.4265697
v -0.2710239 -0.0966029 1.4219813
v -0.2658200 -0.1020695 1.4196666
v -0.2641016 -0.1086260 1.4225998
v -0.2784134 -0.0770982 1.4295095
v -0.2750792 -0.0877064 1.4253838
v -0.2868464 -0.0533368 1.4426524
v -0.2899098 -0.0414512 1.4501067
v -0.2910206 -0.0165484 1.4572949
v -0.2917070 -0.0294406 1.4544399
v -0.2763328 0.0107050 1.4379657
v -0.2818353 0.0038851 1.4450233
v -0.2455274 0.0105687 1.3835525
v -0.2370542 0.0235701 1.3915838
v -0.2265529 0.0248262 1.3749069
v -0.2337325 0.0143723 1.3651134
v -0.2117337 0.0409507 1.3900629
v -0.2189497 0.0328536 1.3837017
v -0.2153500 0.0259326 1.3398031
v -0.2087552 0.0368397 1.3499719
v -0.2023110 0.0447003 1.3406202
v -0.2074246 0.0344548 1.3305798
v -0.1932432 0.0539040 1.3492128
v -0.2001141 0.0447214 1.3590007
v -0.1911070 0.0510272 1.3658556
v -0.1820596 0.0597399 1.3562544
v -0.1784087 -0.0309474 1.3017526
v -0.1877277 -0.0217001 1.3035167
v -0.1844493 -0.0140921 1.2956529
v -0.1744702 -0.0237458 1.2950431
v -0.2002457 0.0441459 1.3235576
v -0.1964070 0.0558742 1.3346791
v -0.2469031 0.0242810 1.4074125
v -0.2552628 0.0149146 1.4005085
v -0.1877873 0.0651804 1.3433079
v -0.2165294 0.0301713 1.3609022
v -0.2083457 0.0372245 1.3697939
v -0.2028369 0.0467124 1.3949216
v -0.2112230 0.0491082 1.4112579
v -0.2308663 -0.1159739 1.3959063
v -0.2370885 -0.1123573 1.4104850
v -0.2335153 -0.1132006 1.4131178
v -0.2352675 -0.1129306 1.4158218
v -0.2386761 -0.1127439 1.4138817
v -0.2399709 -0.1349439 1.4480589
v -0.2519134 -0.1289535 1.4467898
v -0.2465002 -0.1288173 1.4341772
v -0.2334180 -0.1320626 1.4335379
v -0.2540975 -0.0964488 1.3772094
v -0.2461220 -0.0992780 1.3676249
v -0.2429735 -0.1065668 1.3752327
v -0.2478838 -0.1056045 1.3838886
v -0.2603084 -0.1004565 1.4142744
v -0.2601739 -0.1033711 1.4157277
v -0.2621526 -0.1005206 1.4160991
v -0.2396756 -0.0959261 1.3557343
v -0.2465395 -0.0904408 1.3597555
v -0.2698416 -0.0575832 1.3920904
v -0.2701615 -0.0889221 1.4163811
v -0.2626779 -0.0848639 1.5307378
v -0.2611287 -0.1099436 1.5101320
v -0.2607551 -0.0522403 1.5428682
v -0.2561829 -0.0183706 1.5456991
v -0.2569111 0.0354734 1.5087863
v -0.2389664 0.0361067 1.5236123
v -0.2293450 0.0526770 1.5021530
v -0.2469004 0.0485069 1.4894906
v -0.2198578 0.0557330 1.4293819
v -0.1815839 0.0536277 1.3726102
v -0.1719835 0.0612237 1.3616813
v -0.2558433 -0.1257322 1.4873145
v -0.2475493 -0.1325124 1.4665848
v -0.2820245 -0.0646796 1.4352965
v -0.2666586 -0.0830465 1.3902603
v -0.2618514 -0.0870920 1.3827747
v -0.2614373 -0.0946943 1.3929288
v -0.2646811 -0.0907472 1.3976101
v -0.2659770 -0.0712551 1.3836426
v -0.2640396 -0.0564731 1.3783453
v -0.2614199 -0.0400261 1.3746239
v -0.2548054 -0.0295626 1.3673923
v -0.2857485 0.0067787 1.4871999
v -0.2891629 -0.0012709 1.4694492
v -0.2671080 0.0149055 1.5237965
v -0.2792930 0.0117994 1.5057839
v -0.2881587 -0.0038689 1.4574811
v -0.2493234 0.0125385 1.5393362
v -0.2147677 -0.1218910 1.3693065
v -0.2144411 -0.1227353 1.3737868
v -0.2211059 -0.1158546 1.3685906
v -0.2067072 -0.1153242 1.3463493
v -0.2066283 -0.1112466 1.3417754
v -0.2015309 -0.1127761 1.3423497
v -0.2023661 -0.1174051 1.3467025
v -0.1944190 -0.0749715 1.3146016
v -0.2044347 -0.0696314 1.3168938
v -0.1826419 -0.0398250 1.3078925
v -0.1920144 -0.0303439 1.3103154
v -0.2171445 -0.1286417 1.3806860
v -0.2169841 -0.1260978 1.3805875
v -0.2153099 -0.1274284 1.3811450
v -0.2158097 -0.1294196 1.3812702
v -0.2207424 -0.1074236 1.3542098
v -0.2085214 -0.1236519 1.3617798
v -0.2073459 -0.1214081 1.3587004
v -0.2043534 -0.1225885 1.3590581
v -0.2054717 -0.1249664 1.3620795
v -0.2181489 -0.0423190 1.3272361
v -0.2098642 -0.0285323 1.3225119
v -0.2094543 0.0197906 1.3206586
v -0.2176356 0.0110946 1.3295439
v -0.2240341 0.0192917 1.3508191
v -0.2013057 0.0446372 1.3772249
v -0.1918741 0.0476894 1.3835698
v -0.1817652 0.0494079 1.3890437
v -0.1912463 0.0489415 1.4014863
v -0.2017188 -0.0530056 1.3182526
v -0.1970679 -0.0401259 1.3156648
v -0.1873080 -0.0487834 1.3130482
v -0.1909405 -0.0602224 1.3153680
v -0.2111003 -0.1305779 1.3790793
v -0.2114649 -0.1280659 1.3784320
v -0.2091322 -0.1287557 1.3764884
v -0.2095410 -0.1320368 1.3779609
v -0.2171131 -0.1242525 1.3789796
v -0.2143438 -0.1236666 1.3768119
v -0.2145898 -0.1242792 1.3787762
v -0.2184245 -0.1258970 1.3794532
v -0.2185316 -0.1288971 1.3800526
v -0.2145883 -0.1344938 1.3806793
v -0.2148778 -0.1393223 1.3797341
v -0.2172618 -0.1323527 1.3802821
v -0.2131133 -0.1291732 1.3803067
v -0.2128605 -0.1270660 1.3796120
v -0.2147579 -0.1253664 1.3803275
v -0.2164454 -0.1249796 1.3800865
v -0.2147412 -0.1324128 1.3810842
v -0.2163197 -0.1307893 1.3808643
v -0.2197859 -0.1369845 1.4011725
v -0.1742556 -0.0453009 1.3077754
v -0.1790222 -0.0538513 1.3128733
v -0.2208599 -0.1053571 1.3530859
v -0.2438760 -0.1223735 1.4287672
v -0.2559329 -0.1006750 1.3913193
v -0.2378567 -0.1122560 1.3958268
v -0.2395187 -0.1110159 1.4018915
v -0.2443281 -0.1086705 1.3978869
v -0.2426256 -0.1099652 1.3900587
v -0.2346826 -0.1228781 1.4282851
v -0.2280274 -0.1209552 1.4247752
v -0.2253057 -0.1282793 1.4256308
v -0.2259041 -0.1195605 1.4189147
v -0.2274561 -0.1167131 1.4137832
v -0.2256673 -0.1218690 1.4102448
v -0.2232659 -0.1279157 1.4164446
v -0.2614415 -0.1047982 1.4185547
v -0.2592935 -0.1064147 1.4171951
v -0.2290078 -0.1173058 1.4056523
v -0.2307737 -0.1145414 1.4097119
v -0.2348651 -0.1129810 1.4059369
v -0.2331152 -0.1142069 1.4008751
v -0.2497277 -0.1052794 1.3940186
v -0.2658815 -0.0954363 1.4161787
v -0.2605039 -0.0959899 1.4055487
v -0.2553008 0.0019985 1.3921231
v -0.2619720 0.0061090 1.4031594
v -0.2580548 -0.0145983 1.3799979
v -0.2569823 -0.0110187 1.3830575
v -0.2501124 -0.0115811 1.3782040
v -0.2538020 -0.0159880 1.3754848
v -0.2816307 -0.0088195 1.4298669
v -0.2819660 -0.0129942 1.4292147
v -0.2840988 -0.0151618 1.4352049
v -0.2826238 -0.0076885 1.4369136
v -0.2834133 -0.0198123 1.4292643
v -0.2818467 -0.0191830 1.4258659
v -0.2815661 -0.0222488 1.4243449
v -0.2841758 -0.0228244 1.4315223
v -0.2822986 -0.0296841 1.4269558
v -0.2856030 -0.0358621 1.4372917
v -0.2872755 -0.0259187 1.4423145
v -0.2786964 -0.0523552 1.4196488
v -0.2825151 -0.0443287 1.4305803
v -0.2783344 -0.0343500 1.4214120
v -0.2749950 -0.0366548 1.4127014
v -0.2622562 -0.0268081 1.3812411
v -0.2585018 -0.0213763 1.3759331
v -0.2505185 -0.0047042 1.3835082
v -0.2506085 0.0473452 1.4578096
v -0.2603080 0.0363207 1.4454283
v -0.2657472 0.0251273 1.4353586
v -0.2695175 0.0148940 1.4272310
v -0.2389852 0.0554658 1.4696940
v -0.2228767 0.0608133 1.4781425
v -0.2742364 -0.0481895 1.4033874
v -0.2716364 -0.0346966 1.4011369
v -0.2497257 0.0381329 1.4296328
v -0.2408341 0.0491646 1.4393944
v -0.2558322 0.0261542 1.4212969
v -0.2618894 0.0159756 1.4157580
v -0.2297914 0.0579736 1.4505698
v -0.2131360 0.0625973 1.4567895
v -0.2056237 0.0592709 1.4346330
v -0.2661865 -0.0169817 1.3853767
v -0.2648984 -0.0162262 1.3803510
v -0.2610534 -0.0173986 1.3795609
v -0.2641764 -0.0206081 1.3831440
v -0.2673342 -0.0308440 1.3907389
v -0.2685389 -0.0431026 1.3896468
v -0.2213065 -0.1329554 1.4084165
v -0.1946146 -0.1080313 1.3217424
v -0.1968554 -0.1121609 1.3352121
v -0.2101432 -0.1248327 1.3697018
v -0.2094735 -0.1247423 1.3655489
v -0.2063180 -0.1257296 1.3655746
v -0.2070438 -0.1262343 1.3694571
v -0.2361548 -0.1167168 1.4259247
v -0.1994627 0.0526429 1.4168834
v -0.1725970 0.0522946 1.3780258
v -0.1629242 0.0591675 1.3670819
v -0.1763729 0.0699669 1.3493468
v -0.1655371 0.0702935 1.3539573
v -0.2078401 -0.1271104 1.3732757
v -0.2106915 -0.1256930 1.3733351
v -0.2139117 -0.1313160 1.3810103
v -0.2114540 -0.1187511 1.3576930
v -0.2126039 -0.1263616 1.3783358
v -0.2113446 -0.1263343 1.3763432
v -0.2070741 -0.1298183 1.3761335
v -0.2061871 -0.1276538 1.3732156
v -0.2410810 -0.1109787 1.4077937
v -0.2424681 -0.1119028 1.4120338
v -0.2123067 -0.1332766 1.3798740
v -0.2111868 -0.1356940 1.3785058
v -0.1944003 -0.0009118 1.2983953
v -0.2013158 0.0147217 1.3046664
v -0.2021890 -0.1231997 1.3594626
v -0.2033848 -0.1255170 1.3623930
v -0.2728955 -0.0267354 1.4079158
v -0.2756511 -0.0265765 1.4154322
v -0.2760892 -0.0199674 1.4112852
v -0.2733028 -0.0199418 1.4051507
v -0.1702751 -0.0371307 1.3019224
v -0.2019858 0.0302836 1.3136004
v -0.1542829 0.0684316 1.3592758
v -0.2587572 -0.1007257 1.4108283
v -0.2599010 -0.0996207 1.4125267
v -0.2379834 -0.1141738 1.4231602
v -0.2109356 -0.1147157 1.3507142
v -0.2101934 -0.1153198 1.3549914
v -0.1829177 -0.0644982 1.3151621
v -0.2079763 -0.1331981 1.3774719
v -0.2785050 -0.0142004 1.4201359
v -0.2771458 -0.0140469 1.4166333
v -0.2793472 -0.0151315 1.4146402
v -0.2804132 -0.0165629 1.4176030
v -0.2827517 -0.0217865 1.4197777
v -0.2851093 -0.0211252 1.4230198
v -0.2851023 -0.0184055 1.4195046
v -0.2827363 -0.0184207 1.4168947
v -0.2796197 -0.0253552 1.4208393
v -0.2796156 -0.0217619 1.4159563
v -0.2877098 -0.0195019 1.4241406
v -0.2866153 -0.0176736 1.4218741
v -0.2822509 -0.0167874 1.4274320
v -0.2853668 -0.0190830 1.4265404
v -0.2864462 -0.0150133 1.4290858
v -0.2899465 -0.0157186 1.4256097
v -0.2875037 -0.0086328 1.4300368
v -0.2915396 -0.0101058 1.4257640
v -0.2862120 -0.0021756 1.4282330
v -0.2906496 -0.0034934 1.4245482
v -0.2676334 -0.0224975 1.3899471
v -0.2658767 -0.0163547 1.3932607
v -0.2839767 0.0017344 1.4234230
v -0.2891555 0.0008507 1.4207063
v -0.2809834 0.0052088 1.4171201
v -0.2859874 0.0040093 1.4149630
v -0.2779835 0.0064039 1.4093350
v -0.2826620 0.0053695 1.4082952
v -0.2748567 0.0058076 1.4018835
v -0.2794726 0.0046319 1.4013507
v -0.2709516 0.0034737 1.3926325
v -0.2762661 0.0016505 1.3943006
v -0.2864995 -0.0044329 1.4237477
v -0.2871076 -0.0091402 1.4254475
v -0.2789712 -0.0057034 1.4274977
v -0.2870612 -0.0141180 1.4246613
v -0.2737056 -0.0062238 1.4141263
v -0.2723589 -0.0064090 1.4121763
v -0.2753421 -0.0097329 1.4112177
v -0.2737020 -0.0085424 1.4144121
v -0.2736626 -0.0158733 1.4042699
v -0.2719553 -0.0145187 1.3993156
v -0.2715154 -0.0186457 1.3982025
v -0.2685954 -0.0135427 1.3964652
v -0.2688837 -0.0135369 1.4013078
v -0.2680045 -0.0126827 1.3983297
v -0.2693044 -0.0142822 1.4052354
v -0.2679444 -0.0110547 1.3971800
v -0.2682262 -0.0115198 1.3953095
v -0.2669745 -0.0107818 1.3987181
v -0.2670148 -0.0118251 1.3994054
v -0.2665611 -0.0116618 1.4016235
v -0.2673401 -0.0104611 1.4048510
v -0.2706951 -0.0249960 1.3989763
v -0.2624401 -0.0025968 1.3963535
v -0.2679746 -0.0004604 1.4039043
v -0.2729930 -0.0030578 1.3884688
v -0.2679343 -0.0017592 1.3843705
v -0.2655661 -0.0130235 1.3780918
v -0.2663473 -0.0076159 1.3789956
v -0.2766048 -0.0033268 1.4234193
v -0.2746009 -0.0003845 1.4176406
v -0.2588021 -0.0075954 1.3892585
v -0.2714289 0.0006490 1.4114571
v -0.2756801 -0.0008185 1.3976797
v -0.2727630 -0.0043480 1.3937632
v -0.2787628 0.0016241 1.4027815
v -0.2683236 -0.0127268 1.3915865
v -0.2707494 -0.0085925 1.3916326
v -0.2707805 -0.0085252 1.3858228
v -0.2687961 -0.0133770 1.3850695
v -0.2721045 -0.0059808 1.3973081
v -0.2754739 -0.0035743 1.3998813
v -0.2693133 -0.0057514 1.4004507
v -0.2728027 -0.0038263 1.4028057
v -0.2680460 -0.0085487 1.3982703
v -0.2694080 -0.0086899 1.3957621
v -0.2662146 -0.0062270 1.4032485
v -0.2696570 -0.0041579 1.4069701
v -0.2664340 -0.0091826 1.4002017
v -0.2762719 -0.0037226 1.4053400
v -0.2741378 -0.0045653 1.4088803
v -0.2784637 -0.0065327 1.4106339
v -0.2796470 -0.0043662 1.4082916
v -0.2785367 -0.0017637 1.4034683
v -0.2811534 -0.0010880 1.4077194
v -0.2806524 0.0023846 1.4088124
v -0.2828957 -0.0015578 1.4129477
v -0.2830546 0.0012942 1.4148544
v -0.2819863 -0.0045639 1.4119227
v -0.2812637 -0.0072036 1.4123164
v -0.2853834 -0.0009690 1.4202189
v -0.2845554 -0.0035586 1.4174757
v -0.2854961 -0.0062030 1.4208266
v -0.2834752 -0.0058188 1.4153750
v -0.2840027 -0.0079737 1.4180066
v -0.2824804 -0.0073035 1.4144354
v -0.2824985 -0.0091650 1.4157928
v -0.2836168 -0.0160976 1.4221559
v -0.2820503 -0.0170564 1.4201374
v -0.2848886 -0.0133145 1.4228179
v -0.2828054 -0.0129592 1.4208093
v -0.2824537 -0.0146319 1.4218714
v -0.2808231 -0.0148106 1.4209728
v -0.2812827 -0.0130196 1.4186378
v -0.2786359 -0.0115804 1.4174912
v -0.1671940 -0.0121503 1.2784014
v -0.1571795 -0.0186532 1.2805956
v -0.1609889 -0.0236274 1.2879438
v -0.1704372 -0.0171217 1.2867978
v -0.2835122 -0.0104511 1.4197701
v -0.2819784 -0.0112670 1.4170410
v -0.2852868 -0.0095919 1.4227199
v -0.2784938 -0.0083720 1.4144735
v -0.2800178 -0.0101089 1.4154727
v -0.2807696 -0.0089174 1.4138717
v -0.2794032 -0.0080637 1.4129655
v -0.2737709 -0.0161998 1.4084226
v -0.2713745 -0.0131511 1.4083302
v -0.2699416 -0.0089517 1.4073618
v -0.1853123 0.0249836 1.2667125
v -0.1850832 0.0218290 1.2762845
v -0.1962034 0.0384698 1.2836515
v -0.1979055 0.0416478 1.2753610
v -0.1911020 0.0241739 1.2391757
v -0.2074296 0.0471467 1.2472658
v -0.2051056 0.0369889 1.2211363
v -0.1890422 0.0212650 1.2193558
v -0.2006247 0.0288135 1.2002459
v -0.1853536 0.0158139 1.2009440
v -0.1850241 0.0066044 1.1486582
v -0.1720716 -0.0043225 1.1518317
v -0.1764763 0.0022920 1.1672516
v -0.1899635 0.0139902 1.1644470
v -0.1798150 0.0010508 1.0826694
v -0.1677003 0.0003235 1.0715763
v -0.1604729 -0.0105000 1.0776260
v -0.1727595 -0.0082085 1.0871044
v -0.2420449 0.0758716 1.1648473
v -0.2503311 0.0808444 1.1860567
v -0.2554896 0.0920214 1.1763500
v -0.2444532 0.0869947 1.1552219
v -0.2134313 0.0801526 1.2966291
v -0.2127045 0.0644530 1.2739680
v -0.2060847 0.0624857 1.2808135
v -0.2087147 0.0775247 1.3010558
v -0.2005465 0.0633620 1.0867443
v -0.1953570 0.0545022 1.0775713
v -0.1984535 0.0455199 1.0830722
v -0.2035085 0.0522831 1.0920313
v -0.1474815 0.0414111 1.0294052
v -0.1445862 0.0383156 1.0147138
v -0.1383584 0.0167099 1.0177661
v -0.1415708 0.0206777 1.0318645
v -0.1573707 0.1222991 1.0448887
v -0.1482434 0.1482910 1.0477257
v -0.1424992 0.1447987 1.0332147
v -0.1524722 0.1192538 1.0302258
v -0.2054580 0.0298186 1.1425731
v -0.1961096 0.0184687 1.1455643
v -0.2019128 0.0259351 1.1614812
v -0.2121541 0.0377036 1.1586943
v -0.3871033 0.2311948 1.2038536
v -0.3812706 0.2347301 1.1890201
v -0.3639755 0.2163086 1.1919042
v -0.3692254 0.2132909 1.2068100
v -0.1448756 0.0866269 0.9581182
v -0.1342114 0.1108536 0.9600241
v -0.1369697 0.1048409 0.9467125
v -0.1463812 0.0793604 0.9451789
v -0.3002435 0.1241900 1.2439603
v -0.2919418 0.1125792 1.2488321
v -0.2877800 0.1224280 1.2729989
v -0.2967778 0.1321951 1.2681364
v -0.2226926 0.0731886 1.1276810
v -0.2224497 0.0625623 1.1334548
v -0.2324444 0.0696594 1.1477732
v -0.2322045 0.0798440 1.1397185
v -0.1641511 0.1581227 1.0761403
v -0.1718960 0.1371517 1.0712146
v -0.1787931 0.1435397 1.0878059
v -0.1727878 0.1625438 1.0930900
v -0.1647498 0.1302281 1.0564448
v -0.1559019 0.1536887 1.0606815
v -0.2191623 0.0521559 1.1371413
v -0.2131858 0.0411527 1.1397031
v -0.2211268 0.0488803 1.1564548
v -0.2280542 0.0590005 1.1539602
v -0.1550304 0.0023800 1.0636140
v -0.1465046 -0.0108658 1.0711676
v -0.1494043 0.0523476 0.9445652
v -0.1469592 0.0261421 0.9442770
v -0.1478624 0.0340083 0.9580743
v -0.1495035 0.0600041 0.9576763
v -0.1374638 0.0058211 1.0477500
v -0.1447503 0.0049892 1.0568777
v -0.1526542 0.0201489 1.0524657
v -0.1450915 0.0228014 1.0434848
v -0.1400805 0.0009970 0.9446593
v -0.1311562 -0.0236755 0.9457949
v -0.1315088 -0.0151067 0.9616045
v -0.1407095 0.0088959 0.9593731
v -0.1953636 0.0214300 1.1816255
v -0.1811909 0.0090388 1.1837702
v -0.1901783 0.0224495 1.0786090
v -0.1804822 0.0233687 1.0674408
v -0.1745526 0.0119879 1.0684787
v -0.1858305 0.0117007 1.0801896
v -0.2282990 0.1115311 1.1358783
v -0.2402995 0.0994684 1.1442207
v -0.2572420 0.1085306 1.1649494
v -0.2408232 0.1217496 1.1484849
v -0.1385902 0.0989841 0.9332169
v -0.1474846 0.0735444 0.9327580
v -0.1393732 -0.0044546 0.9295512
v -0.1301996 -0.0291707 0.9299901
v -0.2371040 0.1948196 1.1655609
v -0.2242793 0.1887830 1.1544066
v -0.2294369 0.1756739 1.1512913
v -0.2424738 0.1820657 1.1633507
v -0.1416324 -0.0283413 1.0991337
v -0.1575832 -0.0217959 1.0997481
v -0.1565120 -0.0183168 1.0868824
v -0.1407334 -0.0220277 1.0830701
v -0.1695620 0.0283649 1.0579853
v -0.1600923 0.0352270 1.0505990
v -0.1628879 0.0156458 1.0591156
v -0.1235349 -0.0329178 1.0996925
v -0.1216268 -0.0248223 1.0782400
v -0.1662196 -0.0027968 1.1856463
v -0.1623000 -0.0090851 1.1703581
v -0.1701458 0.0022124 1.2018947
v -0.1551032 -0.0102339 1.2034391
v -0.1579932 -0.0072131 1.2202424
v -0.1730638 0.0059462 1.2190128
v -0.1603852 -0.0063856 1.2370805
v -0.1748762 0.0071616 1.2364583
v -0.1714383 0.0089357 1.2624896
v -0.1728005 0.0058700 1.2721876
v -0.2278280 0.0911957 1.1314011
v -0.2183836 0.0846790 1.1211530
v -0.1468941 0.0206593 0.9301344
v -0.1556785 0.1743796 1.2757975
v -0.1471087 0.1828065 1.2615194
v -0.1645544 0.1845622 1.2622486
v -0.1720674 0.1770170 1.2761548
v -0.2203584 0.0834882 1.2955566
v -0.2235416 0.0688666 1.2727663
v -0.2023347 0.2085267 1.1983844
v -0.1890085 0.2052705 1.1951719
v -0.1873541 0.2053570 1.1810002
v -0.2001168 0.2071090 1.1863567
v -0.2289979 0.2102148 1.1770323
v -0.2424756 0.2206954 1.1853944
v -0.2415167 0.2245804 1.1960058
v -0.2283590 0.2127251 1.1875152
v -0.1220500 0.1259679 0.9482327
v -0.1180770 0.1310609 0.9627179
v -0.1088260 0.1989004 1.0854165
v -0.1232937 0.1861287 1.0682659
v -0.1353464 0.1889113 1.0842646
v -0.1244203 0.2008874 1.1021226
v -0.0723684 0.1450653 1.2728508
v -0.0649449 0.1510794 1.2610108
v -0.0801248 0.1612292 1.2597818
v -0.0876998 0.1544059 1.2720497
v -0.1291338 0.1595498 1.2860981
v -0.1364820 0.1502207 1.2974565
v -0.1170405 0.1460616 1.2948892
v -0.1099479 0.1541969 1.2841111
v -0.1373862 0.1717641 1.2746491
v -0.1293491 0.1806416 1.2607900
v -0.1663323 0.1781723 1.1025497
v -0.1561572 0.1757995 1.0860778
v -0.1819500 0.1844433 1.1262281
v -0.1877613 0.1709947 1.1188760
v -0.1943276 0.1745434 1.1274758
v -0.1882607 0.1868005 1.1340247
v -0.2052046 0.0744457 1.3068236
v -0.1997876 0.0901782 1.3225192
v -0.2039019 0.0933447 1.3177832
v -0.1486619 0.1155950 1.3289567
v -0.1433270 0.1201516 1.3251424
v -0.1571749 0.1202186 1.3247702
v -0.1604862 0.1161129 1.3283340
v -0.0466372 0.1878340 1.1899997
v -0.0296982 0.1770563 1.1961688
v -0.0193123 0.1799438 1.1714069
v -0.0373909 0.1910615 1.1621544
v -0.1912237 0.1977834 1.1482886
v -0.2017059 0.2012834 1.1544395
v -0.1993959 0.2046573 1.1636211
v -0.1880310 0.2024987 1.1578177
v -0.1793327 0.2006318 1.1527051
v -0.1709735 0.1997043 1.1467544
v -0.1762089 0.1934283 1.1356604
v -0.1835657 0.1950370 1.1428492
v -0.1391517 0.2001544 1.1160505
v -0.1482284 0.1899486 1.0997118
v -0.1597061 0.1906297 1.1148997
v -0.1525932 0.2001094 1.1294741
v 0.0066980 0.1669427 1.0846065
v -0.0080873 0.1777326 1.0754058
v -0.0153051 0.1849011 1.1043798
v 0.0006940 0.1748303 1.1134781
v -0.2691031 0.1678109 1.1716738
v -0.2781876 0.1563409 1.1737360
v -0.2897922 0.1686203 1.1778445
v -0.2808509 0.1829421 1.1760238
v -0.2482374 0.2352172 1.2242969
v -0.2568773 0.2422989 1.2290153
v -0.2580414 0.2411742 1.2361672
v -0.2488876 0.2342669 1.2322436
v -0.2867622 0.2131780 1.1760546
v -0.2930753 0.1984467 1.1772651
v -0.3068888 0.2147327 1.1755268
v -0.2992671 0.2298226 1.1747837
v -0.2154153 0.1082449 1.3088046
v -0.2274937 0.0876942 1.2956881
v -0.2114763 0.1023865 1.3107278
v -0.2624354 0.2200810 1.1772591
v -0.2731066 0.2352822 1.1805505
v -0.2679243 0.2430303 1.1881720
v -0.2567956 0.2282073 1.1837981
v -0.3881095 0.2334789 1.2214189
v -0.3700874 0.2159380 1.2240885
v -0.3068737 0.2586177 1.1771634
v -0.3018181 0.2688473 1.1843880
v -0.2867062 0.2527855 1.1836443
v -0.2926183 0.2427687 1.1777044
v -0.0957959 0.1944136 1.0663317
v -0.1125855 0.1818436 1.0517738
v -0.0818642 0.1525368 0.9540212
v -0.1029891 0.1423247 0.9510441
v -0.0983886 0.1464840 0.9668453
v -0.0778161 0.1564919 0.9716128
v -0.1241519 0.1198673 0.9341031
v -0.0844648 0.1458892 0.9368209
v -0.1051897 0.1360335 0.9350990
v -0.1942215 0.0771204 1.3288799
v -0.1833726 0.0862050 1.3378284
v -0.1825997 0.0952771 1.3339402
v -0.1965357 0.0850456 1.3262195
v -0.1520963 0.1012300 0.8297773
v -0.1524589 0.0955169 0.8004963
v -0.1691712 0.0711510 0.8065910
v -0.1674263 0.0758976 0.8336312
v -0.1477590 0.0988861 1.3392786
v -0.1661032 0.0997493 1.3368690
v -0.1682598 0.0903807 1.3416201
v -0.1534540 0.0900955 1.3441519
v -0.1630112 0.0811578 0.8577288
v -0.1482615 0.1067067 0.8558974
v -0.1990386 0.0643822 1.3135824
v -0.2024280 0.0706593 1.3104585
v -0.2014026 0.0561558 1.2951457
v -0.1986305 0.0493880 1.3002631
v -0.1952682 0.0323813 1.2907893
v -0.1817384 0.0412703 0.8083262
v -0.1765541 0.0486016 0.8343290
v -0.1845392 0.0768878 1.3399097
v -0.1715830 0.0812022 1.3452312
v -0.1590138 0.0805470 1.3492413
v -0.1474405 0.0773988 1.3536067
v -0.1273736 0.1162728 0.9198217
v -0.1415740 0.0948679 0.9199045
v -0.0787610 0.0942522 0.6849706
v -0.0490718 0.0962572 0.6835933
v -0.0502526 0.0795448 0.6721962
v -0.0844189 0.0742600 0.6698973
v 0.0207911 0.0948312 0.7088428
v 0.0188896 0.0787289 0.7033962
v -0.0153092 0.0804498 0.6848806
v -0.0155628 0.0972584 0.6919354
v 0.0228060 0.1444544 0.8153966
v -0.0062513 0.1534810 0.8122705
v -0.0081709 0.1532978 0.8366923
v 0.0206365 0.1449722 0.8398505
v -0.0880478 0.1435635 0.9203888
v -0.1083884 0.1330855 0.9198074
v -0.1494010 0.0694793 0.9198708
v -0.1805232 -0.0476735 0.6930953
v -0.1741659 -0.0080360 0.6787587
v -0.1655577 -0.0319935 0.6498909
v -0.1734979 -0.0685306 0.6635678
v -0.1159142 0.0168882 0.6302410
v -0.1210209 0.0416276 0.6548641
v -0.0844388 0.0518135 0.6506196
v -0.0807606 0.0280480 0.6296704
v -0.1188638 -0.0524398 0.9304766
v -0.1297374 -0.0328060 0.9150403
v -0.1173511 -0.0556635 0.9139355
v -0.0721177 -0.1017748 0.9325400
v -0.0910590 -0.0886403 0.9317141
v -0.0871322 -0.0923159 0.9141488
v -0.0688324 -0.1046547 0.9150014
v -0.0639512 -0.1066738 0.8242299
v -0.0504330 -0.1144359 0.8241476
v -0.0542804 -0.1115838 0.8430350
v -0.0688033 -0.1009041 0.8437629
v -0.1767416 0.0209857 0.8354245
v -0.1669680 -0.0060096 0.8380199
v -0.1636295 0.0005971 0.8551157
v -0.1712960 0.0272607 0.8554220
v 0.0163658 0.0592432 0.7027653
v -0.0129873 0.0598558 0.6786949
v -0.1678387 -0.1051844 0.6803600
v -0.1732968 -0.0845144 0.7106406
v -0.1472415 -0.1366342 0.6983650
v -0.1155033 -0.1500637 0.7123447
v -0.1211903 -0.1322716 0.7370433
v -0.1520045 -0.1167392 0.7253551
v -0.0258425 -0.0852866 0.7511372
v -0.0467889 -0.0998550 0.7756568
v -0.0478259 -0.0989769 0.7668335
v -0.0242153 -0.0853523 0.7480617
v 0.0234337 0.1173528 0.7311076
v 0.0217465 0.1061987 0.7175286
v -0.0106962 0.1134853 0.7046328
v -0.0080756 0.1247089 0.7211519
v -0.0629194 0.1505468 0.9390244
v -0.0661344 0.1488984 0.9207212
v -0.0417940 0.1509573 0.9419820
v -0.0601635 0.1574080 0.9578866
v -0.0394649 0.1571887 0.9623503
v -0.0611304 0.2015834 1.1016864
v -0.0782611 0.2008441 1.0828354
v -0.0921669 0.2057314 1.1026390
v -0.0767032 0.2068567 1.1239643
v -0.0952371 0.1701195 1.2599830
v -0.1027693 0.1624141 1.2725267
v -0.0409280 0.0370069 0.6411650
v -0.0042085 0.0332581 0.6677084
v -0.0146884 0.0025476 0.6296867
v -0.0453261 0.0080189 0.6146926
v -0.1091637 -0.0065068 0.6066361
v -0.1358370 -0.0247479 0.6123197
v -0.1450791 -0.0011673 0.6379854
v -0.1563102 -0.0546920 0.6220848
v -0.1656135 -0.0910328 0.6363652
v -0.1396172 -0.1546447 0.6715302
v -0.1082005 -0.1662885 0.6854758
v -0.0233700 -0.1228963 0.7115074
v -0.0485494 -0.1395233 0.7150600
v -0.0439802 -0.1493237 0.6922071
v -0.0191213 -0.1299795 0.6879001
v -0.0964302 -0.0813035 0.8223093
v -0.1278659 -0.0562953 0.8319377
v -0.1275655 -0.0649002 0.8144051
v -0.1002543 -0.0852050 0.8041642
v -0.0792675 -0.0960742 0.9518825
v -0.0947617 -0.0844940 0.9512977
v -0.1060720 -0.0734537 0.9312934
v -0.1083935 -0.0685048 0.9495800
v -0.1207190 -0.0476482 0.9475892
v -0.1031962 -0.0533303 1.0211791
v -0.1179199 -0.0346092 1.0134237
v -0.1141710 -0.0439274 1.0001240
v -0.1000907 -0.0627814 1.0072771
v -0.1061537 -0.0429876 1.0346010
v -0.1209334 -0.0246940 1.0271124
v -0.1123421 -0.0249687 1.0625023
v -0.1343608 -0.0101114 1.0645687
v -0.1270103 -0.0102207 1.0542026
v -0.1510290 -0.0143414 1.1873316
v -0.1469240 -0.0193012 1.1724704
v -0.1817573 0.0122834 0.8123894
v 0.0114367 -0.0015968 0.6784474
v 0.0127076 -0.0379905 0.6855625
v 0.0133682 -0.0484860 0.6586490
v 0.0067111 -0.0180546 0.6451788
v -0.1703923 0.0543707 0.8564259
v -0.1501890 0.0467231 0.9317774
v -0.1509106 0.0430370 0.9188012
v -0.1634912 0.0908208 1.0453282
v -0.1552250 0.0917956 1.0295489
v -0.1700974 -0.0132854 1.0992408
v -0.1670942 -0.0132315 1.0903286
v -0.1524124 0.0240305 0.6656016
v -0.1312698 -0.1711936 0.6454991
v -0.1220588 -0.1868404 0.6201778
v -0.0922108 -0.1957765 0.6322089
v -0.0998334 -0.1812779 0.6586933
v -0.0011120 -0.1154391 0.6516320
v -0.0166483 -0.1385851 0.6606445
v -0.0154064 -0.1483301 0.6322614
v -0.0020691 -0.1256029 0.6227955
v -0.0032239 -0.1382793 0.5946660
v -0.0142357 -0.1617575 0.6041161
v -0.0101141 -0.1733834 0.5764995
v -0.0015991 -0.1503664 0.5680753
v -0.1608942 -0.1284910 0.6531299
v -0.1490170 -0.1333354 0.5881438
v -0.1432075 -0.1640686 0.6031810
v -0.1522997 -0.1472851 0.6281662
v -0.1572740 -0.1137690 0.6118707
v -0.0784425 0.0025683 0.6063846
v -0.0015105 -0.1070386 0.6797124
v -0.0048266 -0.1011848 0.7034904
v 0.0035917 -0.0807452 0.5984671
v -0.0054714 -0.0592681 0.5847369
v 0.0000716 -0.0394589 0.6129749
v 0.0089480 -0.0641670 0.6278978
v -0.1048407 -0.0515229 0.5607928
v -0.1267397 -0.0720175 0.5673980
v -0.1311079 -0.0496169 0.5891209
v -0.1070199 -0.0301662 0.5829923
v -0.1491809 -0.0793248 0.5990375
v -0.1417472 -0.1008032 0.5764395
v -0.1337923 -0.1704268 0.5434519
v -0.1251917 -0.1980534 0.5576847
v -0.1339987 -0.1807658 0.5799094
v -0.1413722 -0.1523324 0.5656249
v -0.1298729 -0.1396881 0.5326838
v -0.1353328 -0.1206057 0.5544005
v -0.1226403 -0.0925731 0.5458886
v -0.1187782 -0.1122261 0.5248513
v -0.1003697 -0.0926965 0.5209914
v -0.1028511 -0.0721132 0.5404822
v -0.0784495 -0.0604540 0.5389912
v -0.0784124 -0.0806962 0.5199903
v -0.0521460 -0.0574109 0.5421240
v -0.0287826 -0.0635214 0.5497280
v -0.0331287 -0.0819484 0.5287794
v -0.0545128 -0.0771642 0.5223998
v -0.0034116 -0.1094341 0.5472224
v -0.0151828 -0.0928647 0.5371311
v -0.0101432 -0.0769059 0.5598871
v -0.0005233 -0.0961040 0.5716873
v -0.0111052 -0.1588753 0.4562136
v -0.0272908 -0.1513463 0.4520774
v -0.0250815 -0.1373974 0.4728411
v -0.0083868 -0.1459571 0.4781155
v -0.0430806 -0.1441772 0.4474674
v -0.0607704 -0.1418847 0.4437076
v -0.0599771 -0.1304739 0.4654213
v -0.0432635 -0.1326546 0.4690379
v -0.0950149 -0.1467623 0.4626316
v -0.0781341 -0.1347111 0.4628431
v -0.0780565 -0.1468035 0.4417902
v -0.0939203 -0.1592583 0.4410888
v -0.1085531 -0.1776376 0.4421610
v -0.1117787 -0.1642926 0.4639190
v -0.1125703 -0.2025866 0.4472191
v -0.1192894 -0.1896934 0.4687071
v -0.1138669 -0.2177879 0.4781123
v -0.1067598 -0.2301363 0.4562145
v 0.0014497 -0.1972545 0.4979721
v 0.0029513 -0.2055090 0.4732992
v 0.0072467 -0.1850404 0.4685262
v 0.0075759 -0.1775735 0.4927062
v -0.0326760 -0.2358073 0.5041855
v -0.0538798 -0.2551675 0.5072044
v -0.0473170 -0.2589713 0.4815080
v -0.0272601 -0.2392738 0.4770966
v -0.1252328 -0.1574248 0.5115029
v -0.1266304 -0.1874836 0.5217697
v -0.0975300 -0.1122231 0.5022137
v -0.1153187 -0.1310759 0.5047659
v -0.0052212 -0.1216250 0.5238807
v -0.0189681 -0.1077748 0.5152354
v -0.0067169 -0.1835565 0.5499238
v 0.0010313 -0.1615057 0.5425210
v -0.0898037 -0.2482158 0.5261338
v -0.0958823 -0.2321199 0.5486952
v -0.1174347 -0.2150761 0.5354984
v -0.1113730 -0.2318495 0.5136026
v -0.1226560 -0.1741977 0.4902065
v -0.1133923 -0.1484285 0.4850264
v -0.0960433 -0.1309450 0.4830755
v -0.0783837 -0.1187115 0.4820755
v -0.0592651 -0.1147949 0.4842887
v -0.0405314 -0.1169578 0.4886094
v -0.0217783 -0.1221797 0.4938416
v -0.0066892 -0.1337582 0.5006256
v 0.0047535 -0.1697812 0.5171300
v -0.0027638 -0.1904786 0.5231616
v -0.0745105 -0.2653049 0.4773891
v -0.0828829 -0.2608726 0.5019224
v -0.1050777 -0.2447501 0.4901625
v -0.0969235 -0.2536928 0.4669889
v -0.0662022 -0.2655179 0.4538117
v -0.0436256 -0.2598289 0.4573782
v -0.0419449 -0.1515890 0.4262188
v -0.0587615 -0.1498590 0.4219891
v -0.0754664 -0.1551418 0.4193077
v -0.1040570 -0.1875283 0.4194116
v -0.1052653 -0.2149587 0.4247050
v -0.0977863 -0.2420192 0.4336151
v -0.0862973 -0.2585135 0.4459312
v 0.0072652 -0.2005846 0.4221524
v 0.0046724 -0.1939618 0.4465578
v 0.0015248 -0.2121765 0.4506517
v 0.0024429 -0.2196641 0.4256534
v -0.0057475 -0.1708371 0.4111448
v -0.0189199 -0.1584272 0.4056015
v -0.0262678 -0.1595077 0.4311257
v -0.0128329 -0.1697749 0.4361604
v -0.0363751 -0.1517976 0.3996712
v -0.0547357 -0.1523936 0.3952631
v -0.0729682 -0.1585641 0.3928198
v -0.0986193 -0.1972405 0.3936712
v -0.0921409 -0.1672658 0.4181215
v -0.0894650 -0.1737212 0.3917428
v -0.0977690 -0.2284859 0.4005250
v -0.0718781 -0.2620348 0.3822525
v -0.0808332 -0.2541495 0.4104807
v -0.0904816 -0.2389888 0.3729352
v -0.0148373 -0.2865417 0.2987734
v -0.0394941 -0.2833125 0.2917655
v -0.0241984 -0.2895933 0.2600982
v -0.0027358 -0.2929463 0.2658837
v 0.0100132 -0.2251139 0.3994705
v 0.0164862 -0.2051787 0.3951912
v 0.0062608 -0.1713085 0.3835940
v -0.0088515 -0.1582333 0.3772770
v -0.0861393 -0.2141044 0.3356437
v -0.0935602 -0.2072498 0.3658374
v -0.0853984 -0.1815209 0.3629995
v -0.0775115 -0.1879941 0.3328970
v 0.0443015 -0.2460890 0.3108503
v 0.0496679 -0.2273294 0.3059617
v 0.0411635 -0.2174458 0.3375355
v 0.0350037 -0.2382671 0.3422925
v 0.0023371 -0.1639338 0.3481164
v 0.0182241 -0.1769063 0.3548061
v 0.0286362 -0.1843327 0.3245367
v 0.0129924 -0.1722710 0.3173859
v -0.0598418 -0.2341174 0.2741356
v -0.0748059 -0.2228890 0.3049802
v -0.0670609 -0.1971139 0.3016609
v -0.0528803 -0.2096973 0.2699422
v -0.0631822 -0.2690164 0.3533193
v -0.0824824 -0.2456113 0.3431118
v -0.0711338 -0.2527989 0.3131081
v -0.0535249 -0.2761786 0.3222737
v -0.0364296 -0.2727937 0.3615862
v -0.0267767 -0.2795933 0.3310451
v 0.0583191 -0.2523341 0.2372039
v 0.0536354 -0.2394271 0.2724556
v 0.0496216 -0.2564258 0.2753912
v 0.0547916 -0.2680061 0.2387348
v 0.0208536 -0.1854123 0.2854782
v 0.0369541 -0.1961057 0.2928947
v 0.0422395 -0.2124279 0.2602584
v 0.0284395 -0.2029535 0.2532802
v -0.0247949 -0.2593382 0.2092388
v -0.0429549 -0.2459508 0.2419402
v -0.0361030 -0.2242879 0.2377379
v -0.0178435 -0.2391618 0.2058525
v -0.0085430 -0.2972840 0.2255719
v -0.0405717 -0.2719316 0.2505269
v -0.0232236 -0.2815892 0.2164771
v 0.0077981 -0.3072753 0.1927851
v 0.0234505 -0.3106347 0.1974652
v 0.0104527 -0.3006775 0.2312382
v 0.0598502 -0.2790240 0.2044513
v 0.0645455 -0.2651648 0.2033087
v 0.0584752 -0.2437146 0.1956020
v 0.0476018 -0.2348923 0.1907388
v 0.0373162 -0.2195670 0.2215327
v 0.0493288 -0.2285335 0.2272582
v 0.0065123 -0.2180170 0.2077848
v 0.0220428 -0.2158464 0.2145237
v 0.0334696 -0.2315658 0.1843631
v 0.0194544 -0.2345190 0.1783548
v -0.0003950 -0.2539483 0.1774024
v -0.0071349 -0.2253104 0.2052465
v 0.0086153 -0.2417583 0.1766358
v -0.0075491 -0.2718807 0.1803867
v -0.0060313 -0.2932439 0.1855138
v 0.0135550 -0.0066373 0.7129239
v 0.0073589 -0.0422059 0.7168548
v 0.0093510 -0.0365385 0.7054728
v 0.0127813 0.0018890 0.7033494
v -0.0356194 -0.1727488 0.6375861
v -0.0401409 -0.1600698 0.6657567
v -0.0263323 -0.1961366 0.5821268
v -0.0320465 -0.1857025 0.6094628
v -0.0217704 -0.2047766 0.5544572
v -0.0177662 -0.2111138 0.5267711
v -0.0127270 -0.2171995 0.5001636
v -0.0092930 -0.2234196 0.4753906
v -0.0094784 -0.2305184 0.4519707
v -0.0080988 -0.2385346 0.4270787
v 0.0075515 -0.2507327 0.3737093
v 0.0222469 -0.2309606 0.3716119
v -0.0027101 -0.2442090 0.4006688
v 0.0297674 -0.2663196 0.3115351
v 0.0193823 -0.2582288 0.3442096
v 0.0377549 -0.2748434 0.2751927
v 0.0449116 -0.2839795 0.2380222
v 0.0506294 -0.2935275 0.2036250
v -0.0925786 -0.1221928 0.7610598
v -0.0605863 -0.1212417 0.7543953
v -0.0663686 -0.1131662 0.7670393
v -0.0975146 -0.1090613 0.7772869
v -0.0062050 -0.0561871 0.7349422
v -0.0139479 -0.0702712 0.7400569
v -0.0118873 -0.0701830 0.7391391
v -0.0037653 -0.0549839 0.7339702
v -0.1211915 -0.2035695 0.5001983
v -0.0783839 -0.1006194 0.5014528
v -0.0572630 -0.0970433 0.5036976
v -0.0373247 -0.1000250 0.5087511
v -0.0363966 -0.2334278 0.5322806
v -0.0421482 -0.2243635 0.5577045
v -0.0675844 -0.2352386 0.5569752
v -0.0609588 -0.2466681 0.5322871
v -0.0441069 -0.2670568 0.3880881
v -0.0127545 -0.2641580 0.3686167
v -0.0211435 -0.2591371 0.3961482
v -0.0525357 -0.2640534 0.4121905
v -0.0501890 -0.1548249 0.3667404
v -0.0697637 -0.1632167 0.3637370
v -0.0191653 -0.1576372 0.3415905
v -0.0417753 -0.1587444 0.3363106
v -0.0292381 -0.1538252 0.3714620
v -0.0562216 -0.2031524 0.6095473
v -0.0843290 -0.2092417 0.6061956
v -0.0756783 -0.2219874 0.5811494
v -0.0486085 -0.2137117 0.5836135
v -0.0946756 0.1516032 0.9825132
v -0.0751316 0.1611774 0.9886415
v -0.1825577 0.0544418 1.0632418
v -0.1733630 0.0695311 1.0556687
v -0.1667486 0.0520819 1.0512590
v -0.1760593 0.0415426 1.0588183
v -0.1800957 0.0825719 1.0633696
v -0.1885396 0.0656291 1.0703019
v -0.1942030 0.0758289 1.0805011
v -0.1862038 0.0925560 1.0739749
v -0.2198554 0.1277220 1.1347437
v -0.2296323 0.1372180 1.1445605
v -0.1088878 -0.0334367 1.0488157
v -0.0905596 -0.0486019 1.0568587
v -0.0937558 -0.0393975 1.0697055
v -0.1037791 -0.0767037 0.9137851
v -0.1042285 -0.0699295 0.8452084
v -0.0773050 -0.0963279 0.8234764
v -0.0851207 -0.0866618 0.8447011
v -0.0330167 -0.1038196 0.7688877
v -0.0250458 0.1843880 1.0634710
v -0.0328788 0.1915180 1.0921950
v -0.0945371 0.1470755 1.2829293
v -0.0806309 0.1380816 1.2839373
v -0.1079926 0.1324137 1.3031816
v -0.1141189 0.1258771 1.3126348
v -0.1004040 0.1192259 1.3129387
v -0.0938829 0.1254341 1.3038252
v -0.1392762 0.0865844 1.3486487
v -0.1323519 0.0948204 1.3425487
v 0.0030112 -0.0374319 0.7297419
v 0.0000808 -0.0534512 0.7310802
v 0.0069740 -0.0295632 0.7261033
v -0.0285418 -0.1171231 0.7307037
v -0.0098131 -0.0976300 0.7217127
v -0.0145522 -0.0948153 0.7338266
v -0.0334635 -0.1124753 0.7438107
v -0.1851623 -0.0289703 0.7241000
v -0.1809254 0.0113268 0.7113204
v -0.0473494 0.0577661 0.6582826
v -0.3386640 0.3008234 1.1878434
v -0.3376678 0.3075590 1.2002138
v -0.3181254 0.2927559 1.1991637
v -0.3197101 0.2850190 1.1867220
v -0.0658981 0.1986733 1.1847461
v -0.0615095 0.2024354 1.1519785
v -0.2036856 0.0594843 1.2886751
v -0.2460186 0.0965287 1.2921818
v -0.2543843 0.0816646 1.2722146
v -0.2436502 0.0777370 1.2738111
v -0.2358306 0.0922591 1.2946117
v -0.1942373 0.1683817 1.2864718
v -0.2043814 0.1544731 1.2949216
v -0.1931078 0.1525625 1.2978959
v -0.1816031 0.1666835 1.2881152
v 0.0250329 0.1412672 0.7914685
v -0.0038921 0.1508384 0.7876864
v 0.0008286 0.1520340 0.9967494
v -0.0176016 0.1592509 0.9894382
v -0.0170632 0.1669358 1.0116747
v 0.0001360 0.1600033 1.0208828
v -0.0890337 0.2090703 1.1624759
v -0.0977320 0.2103025 1.1382570
v -0.1288369 -0.0342516 1.1165489
v -0.1334236 -0.0311277 1.1305600
v -0.1498719 -0.0241256 1.1274897
v -0.1456112 -0.0279002 1.1144413
v -0.2955063 0.2754530 1.2291775
v -0.2771122 0.2627151 1.2191988
v -0.2802520 0.2646916 1.2075632
v -0.2980529 0.2803856 1.2124350
v -0.1562802 0.0532381 0.7015726
v -0.1221260 0.0665542 0.6786928
v -0.1185502 0.1555315 1.0076849
v -0.0991868 0.1714848 1.0162670
v -0.0952840 0.1616347 0.9986751
v -0.1146181 0.1462235 0.9918322
v -0.1364499 0.1688948 1.0555314
v -0.1285097 0.1653111 1.0405987
v -0.1457345 0.1727825 1.0700227
v -0.2152940 0.2025488 1.1663327
v -0.2183129 0.1976307 1.1589228
v -0.2318847 0.2040068 1.1695196
v -0.0543993 -0.1295024 0.7376542
v -0.0746257 -0.0977803 0.7878718
v -0.0718178 -0.0985720 0.7979098
v 0.0002791 -0.0409736 0.7328549
v -0.1980843 0.0404829 1.3065132
v -0.1969335 0.0244019 1.2976294
v -0.2687676 0.2094255 1.1744156
v -0.2798195 0.2255520 1.1766371
v -0.2019803 0.1786476 1.1347152
v -0.2075060 0.1633186 1.1320947
v -0.2175329 0.1699364 1.1399679
v -0.2118450 0.1842988 1.1423222
v -0.2063183 0.1947458 1.1473469
v -0.1962873 0.1902828 1.1404234
v -0.2371550 0.0663755 1.1721079
v -0.2291228 0.0555936 1.1759059
v -0.2353349 0.0612244 1.1964021
v -0.2433557 0.0711454 1.1926013
v -0.2192581 0.0449749 1.1771257
v -0.2082868 0.0335186 1.1792301
v -0.2138134 0.0412354 1.1990748
v -0.2251111 0.0516717 1.1980092
v -0.2008604 0.0436749 1.2647747
v -0.1888908 0.0243823 1.2556757
v -0.1737926 0.0080508 1.2513456
v -0.1608514 -0.0055418 1.2504416
v -0.1238074 0.1024437 1.3360289
v -0.1146430 0.1086840 1.3287120
v -0.1297514 0.1150435 1.3268366
v -0.1420344 0.1087194 1.3334521
v -0.1870763 0.0161461 1.2845455
v -0.1767820 0.0002863 1.2803331
v -0.1634863 -0.0080138 1.2699365
v -0.3851758 0.2419690 1.2371827
v -0.3672954 0.2252020 1.2403304
v -0.1939656 0.0670960 1.3308010
v -0.1978016 0.0545315 1.3179036
v -0.3606427 0.2375991 1.2526574
v -0.3786701 0.2541153 1.2490209
v -0.2341457 0.0650466 1.2467571
v -0.2336017 0.0737738 1.2735080
v -0.2444029 0.0708516 1.2477176
v -0.1904102 0.0084539 1.2915894
v -0.1809411 -0.0064016 1.2875231
v -0.1827134 0.0255786 0.7463349
v -0.1851598 -0.0115609 0.7565166
v -0.1483340 0.0679781 0.9705665
v -0.1425286 0.0937893 0.9712566
v -0.0853989 -0.0685527 1.0293662
v -0.0823433 -0.0778981 1.0145832
v -0.1656110 -0.0296959 1.2952150
v -0.0954867 -0.0786789 0.9723626
v -0.0764578 -0.0928686 0.9743188
v -0.0792059 -0.0861773 0.9965416
v -0.0972889 -0.0712906 0.9911908
v -0.0667923 -0.1030302 0.9525864
v -0.0639991 -0.1060202 0.9422894
v -0.0565865 -0.1102295 0.8088347
v -0.0475404 -0.1164538 0.8088576
v -0.3266387 0.1646073 1.2147645
v -0.3156625 0.1502411 1.2165220
v -0.3172520 0.1493461 1.2368999
v -0.3278915 0.1652003 1.2345268
v -0.1099110 -0.0611686 0.9689755
v -0.1217921 -0.0393158 0.9649004
v -0.2185908 0.1042817 1.1257977
v -0.2106286 0.1205480 1.1243991
v -0.0998870 -0.0359888 1.0843435
v -0.1606626 -0.0204985 1.1126086
v -0.1644298 -0.0162612 1.1248504
v -0.1770770 -0.0063488 1.1222260
v -0.1736025 -0.0112995 1.1109649
v 0.0027001 -0.0341976 0.7295455
v -0.2677193 0.2225008 1.2686227
v -0.2568151 0.2165770 1.2681916
v -0.2536809 0.2233602 1.2597776
v -0.2651112 0.2292025 1.2617777
v 0.0023164 -0.0709022 0.7120228
v 0.0057000 -0.0724600 0.6943260
v 0.0141128 0.0382410 0.7063175
v 0.0199379 0.0230329 0.7149850
v -0.0740389 -0.1635233 0.6912616
v -0.0811807 -0.1499735 0.7172530
v -0.0676012 -0.1754862 0.6631656
v -0.0617169 -0.1897590 0.6359729
v -0.0259338 -0.2450101 0.4529399
v -0.0287873 -0.2553796 0.4259165
v -0.0030720 -0.2706683 0.3379795
v 0.0077097 -0.2775989 0.3054117
v 0.0183263 -0.2858639 0.2703119
v 0.0289420 -0.2939322 0.2340375
v 0.0384182 -0.3048881 0.2008386
v -0.3703546 0.2683300 1.2550561
v -0.3507621 0.2520750 1.2601322
v -0.3426249 0.2671710 1.2585774
v -0.3626917 0.2825949 1.2540589
v -0.3140007 0.2464399 1.1744477
v -0.3223868 0.2321849 1.1747678
v -0.3383353 0.2489268 1.1729037
v -0.3298499 0.2623879 1.1739742
v -0.3468738 0.2792795 1.1730152
v -0.3414783 0.2911265 1.1787339
v -0.3232672 0.2745225 1.1781047
v -0.3381612 0.3101485 1.2146808
v -0.3409261 0.3085311 1.2287541
v -0.3196982 0.2932482 1.2300461
v -0.3184679 0.2959767 1.2142588
v -0.3543105 0.2945558 1.2493062
v -0.3351408 0.2795284 1.2525878
v -0.3270742 0.2884792 1.2433118
v -0.3469067 0.3036794 1.2405101
v -0.3728877 0.2428789 1.1784742
v -0.3637345 0.2537988 1.1728794
v -0.3470331 0.2356699 1.1749070
v -0.3560425 0.2246177 1.1809697
v -0.3147727 0.1557478 1.2587155
v -0.3251779 0.1720811 1.2541159
v -0.2532436 0.1329715 1.1617643
v -0.2664508 0.1234250 1.1730170
v -0.2772100 0.1342924 1.1785751
v -0.2647835 0.1433579 1.1699335
v -0.3534610 0.1981122 1.2267767
v -0.3397253 0.1810150 1.2304759
v -0.3368616 0.1892169 1.2491663
v -0.3508399 0.2077351 1.2444262
v -0.3399713 0.2067670 1.1833954
v -0.3313656 0.2183397 1.1777969
v -0.3155394 0.2004612 1.1787530
v -0.3249169 0.1885238 1.1835588
v -0.2994458 0.2769089 1.1972720
v -0.2824096 0.2604534 1.1936963
v -0.3108090 0.1538449 1.1970526
v -0.3218039 0.1678398 1.1962021
v -0.2105637 0.0987137 1.1155758
v -0.1931107 0.1531697 1.1142554
v -0.1998641 0.1577737 1.1241254
v -0.1854917 0.0344161 1.0681091
v -0.1930936 0.0324550 1.0778495
v -0.1792406 0.1139494 1.0705117
v -0.1855021 0.1220706 1.0856907
v -0.1901562 0.0448954 1.0713185
v -0.1943668 0.0405148 1.0773329
v -0.1343055 0.0016396 1.0354926
v -0.1605314 -0.0052718 1.2611411
v -0.3382864 0.1795441 1.2119551
v -0.3325424 0.1817633 1.1951602
v -0.2633626 0.2497637 1.2110713
v -0.2518668 0.2371998 1.2047545
v -0.2532001 0.2337538 1.1935464
v -0.2651161 0.2484504 1.1999732
v -0.1326355 0.2099938 1.1770428
v -0.1119384 0.2104849 1.1701857
v -0.1189200 0.2103500 1.1505281
v -0.1384114 0.2089171 1.1605772
v -0.2787949 0.2108632 1.2780108
v -0.2893227 0.2046597 1.2802641
v -0.2784342 0.1929281 1.2837819
v -0.2684146 0.2022256 1.2804652
v -0.2909109 0.1815501 1.2834967
v -0.3024006 0.1959317 1.2786167
v -0.3161785 0.1842592 1.2699087
v -0.3047113 0.1684330 1.2757814
v -0.1513543 0.0897284 0.7704305
v -0.1717907 0.0639569 0.7750649
v -0.1467037 0.0172623 0.9166348
v -0.1390767 -0.0076864 0.9154609
v -0.1284545 -0.0483267 0.8495390
v -0.0427151 -0.1031957 0.7603350
v -0.0196066 -0.0884805 0.7445255
v 0.0085034 -0.0790753 0.6696502
v -0.1811958 0.0366989 0.7811204
v 0.0068302 -0.0902967 0.6409537
v 0.0041012 -0.1032050 0.6119509
v -0.0245003 -0.0440077 0.5720860
v -0.0500189 -0.0377123 0.5633710
v -0.0481687 -0.0164099 0.5876578
v -0.0203743 -0.0221524 0.5984393
v -0.0782106 -0.0403213 0.5594989
v -0.0784731 -0.0194768 0.5823601
v -0.1037493 -0.2161183 0.5719251
v -0.0081333 -0.1664734 0.3100887
v -0.0187994 -0.1824754 0.2721571
v -0.0307808 -0.1672935 0.3045897
v 0.0017300 -0.1806994 0.2780151
v -0.0515289 -0.1782461 0.3016307
v -0.0619520 -0.1688839 0.3333279
v -0.0571117 -0.2621923 0.2827471
v 0.0110373 -0.1984274 0.2462359
v -0.0065410 -0.1999907 0.2400753
v -0.0383475 -0.1917269 0.2696530
v -0.0233649 -0.2085262 0.2373461
v -0.0012685 -0.0717153 0.7239804
v -0.1768856 -0.0654422 0.7392085
v -0.1772539 -0.0501364 0.7664152
v -0.1288795 -0.0801170 0.7976085
v -0.1002536 -0.0954484 0.7905961
v -0.1318669 -0.0060621 0.9755180
v -0.1415356 0.0172587 0.9726125
v -0.1423286 0.0332532 1.0003410
v -0.1476049 0.0568749 0.9987931
v -0.1473088 0.0500970 0.9847220
v -0.1419827 0.0256844 0.9862017
v -0.1442297 0.1089765 0.9992373
v -0.1338119 0.1346241 1.0020766
v -0.1308334 0.1260185 0.9869753
v -0.1422009 0.1014994 0.9850071
v -0.1311011 0.1180018 0.9731519
v -0.1147924 0.1372129 0.9768527
v -0.0379717 0.1792422 1.0263999
v -0.0569500 0.1779327 1.0163833
v -0.0606490 0.1869958 1.0390995
v -0.0425485 0.1874214 1.0511854
v -0.0650263 -0.1034951 0.8065905
v -0.0074016 -0.0718978 0.7361552
v -0.0873389 -0.1356876 0.7408607
v -0.1253538 -0.1150893 0.7600084
v -0.1551924 -0.0972174 0.7513096
v -0.2748241 0.1970462 1.1742447
v -0.1762217 0.2046679 1.1906980
v -0.1754299 0.2050732 1.1765128
v -0.3146674 0.2118791 1.2726122
v -0.3280467 0.2010436 1.2641327
v -0.3123798 0.1724714 1.1830285
v -0.3084504 0.1359758 1.2394624
v -0.3056063 0.1369103 1.2169238
v -0.2967568 0.1237121 1.2185912
v -0.1499196 -0.0309614 0.8358172
v -0.1712770 -0.0173799 0.8166445
v -0.1527861 -0.0427132 0.8175705
v 0.0168324 0.0050693 0.7193688
v -0.0713200 -0.1051947 0.7768405
v 0.0017498 -0.1168266 0.5842843
v 0.0011994 -0.1293547 0.5582560
v 0.0021930 -0.1396907 0.5332620
v 0.0029946 -0.1495504 0.5092465
v 0.0040092 -0.1586903 0.4851571
v 0.0025976 -0.1682180 0.4619597
v -0.0001870 -0.1782619 0.4409665
v 0.0036637 -0.1841180 0.4166844
v 0.0290054 -0.2105425 0.3670054
v 0.0267909 -0.1923455 0.3612166
v 0.0143612 -0.1873910 0.3896979
v 0.0382394 -0.1995684 0.3310964
v 0.0463166 -0.2110199 0.3000269
v 0.0506411 -0.2247786 0.2667725
v 0.0559308 -0.2394168 0.2333376
v 0.0637966 -0.2536303 0.2006089
v 0.0078838 -0.0205796 0.7288370
v 0.0119929 -0.0088170 0.7244766
v -0.2226447 0.0586952 1.2457450
v -0.2130437 0.1455366 1.1331080
v -0.2225215 0.1535586 1.1415420
v -0.3013804 0.1587058 1.1825809
v -0.3162702 0.2664854 1.2547806
v -0.3222353 0.2541737 1.2627012
v -0.3014650 0.1835509 1.1790033
v -0.2427112 0.1447908 1.1559594
v -0.2549108 0.1530616 1.1658908
v -0.5333368 0.3658522 1.2277299
v -0.5271621 0.3747828 1.2372184
v -0.5444857 0.3852040 1.2323317
v -0.5493305 0.3772028 1.2227046
v -0.5354655 0.3609300 1.2150960
v -0.5506647 0.3732027 1.2104174
v -0.5095357 0.3933092 1.1676379
v -0.5163476 0.3807526 1.1706905
v -0.5317476 0.3945348 1.1715406
v -0.5251884 0.4067382 1.1697053
v -0.5633702 0.3854627 1.1945255
v -0.5587451 0.3897783 1.1844708
v -0.5440715 0.3768656 1.1863117
v -0.5486599 0.3731948 1.1980153
v -0.4964470 0.4168399 1.1822747
v -0.4932310 0.4213478 1.1956367
v -0.4761413 0.4105736 1.1922405
v -0.4802983 0.4049112 1.1787295
v -0.4485305 0.3312070 1.1682567
v -0.4428977 0.3446921 1.1635444
v -0.4317334 0.3300069 1.1633560
v -0.4378653 0.3172798 1.1685923
v -0.5002420 0.3427401 1.2378182
v -0.4916605 0.3532250 1.2455455
v -0.5096162 0.3639261 1.2416724
v -0.5170324 0.3540921 1.2326121
v -0.4981458 0.3359808 1.1945708
v -0.4912231 0.3426050 1.1821246
v -0.4745008 0.3285017 1.1855904
v -0.4810684 0.3226425 1.1988075
v -0.4826363 0.3321701 1.2423651
v -0.4734452 0.3434669 1.2477588
v -0.5295264 0.3631805 1.1885704
v -0.5228127 0.3704847 1.1779917
v -0.5074627 0.3563708 1.1795249
v -0.5142765 0.3496757 1.1914453
v -0.5306204 0.4370023 1.1880466
v -0.5288583 0.4400784 1.2005121
v -0.5108320 0.4312167 1.1984588
v -0.5133750 0.4274048 1.1855211
v -0.5531107 0.3975523 1.1773072
v -0.5472178 0.4074410 1.1727423
v -0.5379307 0.3843599 1.1775112
v -0.5483304 0.4154100 1.2350226
v -0.5554394 0.4049715 1.2333803
v -0.5372594 0.3954240 1.2378672
v -0.5290814 0.4067205 1.2385072
v -0.4781196 0.3636628 1.1660743
v -0.4844608 0.3518058 1.1719088
v -0.5004774 0.3663733 1.1706668
v -0.4938243 0.3788209 1.1663545
v -0.5045448 0.3353107 1.2242216
v -0.5201225 0.3482086 1.2195097
v -0.5094129 0.3978026 1.2418512
v -0.5188910 0.3856581 1.2417841
v -0.5000962 0.3755558 1.2449019
v -0.4905043 0.3881300 1.2427361
v -0.4633863 0.3905266 1.2332222
v -0.4589863 0.3966625 1.2188662
v -0.4773241 0.4064975 1.2215807
v -0.4823708 0.3993812 1.2346292
v -0.4625924 0.3475969 1.1671602
v -0.4563913 0.3616583 1.1646364
v -0.4646086 0.3914970 1.1751009
v -0.4597791 0.3985710 1.1882325
v -0.4440104 0.3857201 1.1836764
v -0.4495835 0.3765220 1.1706510
v -0.4562940 0.2990910 1.2218049
v -0.4537596 0.3056159 1.2383224
v -0.4688204 0.3131135 1.2351121
v -0.4690045 0.3081523 1.2197726
v -0.4638360 0.3230553 1.2456778
v -0.4473777 0.3161976 1.2475529
v -0.4148799 0.3195219 1.2497758
v -0.4064300 0.3290658 1.2438120
v -0.4158650 0.3341682 1.2435382
v -0.4245837 0.3245075 1.2502441
v -0.4268707 0.3745377 1.2267930
v -0.4237335 0.3769676 1.2094106
v -0.4411143 0.3868941 1.2145237
v -0.4445866 0.3823991 1.2310286
v -0.4115295 0.3658735 1.1877098
v -0.4175733 0.3596548 1.1733009
v -0.4294590 0.3725781 1.1781995
v -0.4248032 0.3769654 1.1932452
v -0.3728285 0.3205255 1.1798581
v -0.3776086 0.3108449 1.1720773
v -0.3894394 0.3227817 1.1703197
v -0.3848871 0.3321788 1.1794494
v -0.4037697 0.2971715 1.1667278
v -0.3926024 0.2853831 1.1683309
v -0.4017869 0.2752252 1.1737183
v -0.4123975 0.2866297 1.1723292
v -0.4184092 0.2736878 1.2322546
v -0.4118175 0.2842946 1.2452757
v -0.4225609 0.2908004 1.2443279
v -0.4284240 0.2813627 1.2306002
v -0.4121290 0.3675800 1.2224503
v -0.4070639 0.3675296 1.2043706
v -0.4129277 0.3073091 1.1649663
v -0.4210363 0.2962112 1.1703447
v -0.4288828 0.3061275 1.1693360
v -0.4220502 0.3176134 1.1634408
v -0.4315269 0.2856945 1.1955989
v -0.4358213 0.2846632 1.2108049
v -0.4433340 0.2915048 1.2081851
v -0.4387805 0.2947084 1.1933922
v -0.4369818 0.2866698 1.2273888
v -0.4318304 0.2957211 1.2427895
v -0.4425501 0.2996894 1.2394035
v -0.4459517 0.2922313 1.2242977
v -0.4030931 0.3614839 1.2205493
v -0.4083952 0.3541863 1.2305917
v -0.4001942 0.3502432 1.2280763
v -0.3957299 0.3562769 1.2177153
v -0.4024009 0.3545128 1.1825539
v -0.4081026 0.3470121 1.1701799
v -0.4474803 0.3044215 1.1914460
v -0.4435861 0.3090679 1.1782696
v -0.4354748 0.2981741 1.1792894
v -0.4350018 0.3114002 1.2483348
v -0.3703372 0.3275385 1.1892563
v -0.3683989 0.3326849 1.2003426
v -0.3557775 0.3216551 1.2001100
v -0.3572211 0.3162958 1.1887559
v -0.3600245 0.3083894 1.1797325
v -0.3649064 0.2975090 1.1728879
v -0.3801508 0.2713484 1.1705484
v -0.3891990 0.2606737 1.1762530
v -0.3974237 0.2530502 1.1864540
v -0.4029401 0.2493218 1.2006280
v -0.4151640 0.2642995 1.1986043
v -0.4099314 0.2675118 1.1839695
v -0.4027991 0.2585092 1.2339760
v -0.3963294 0.2704749 1.2461738
v -0.4035171 0.2961452 1.2501716
v -0.3887162 0.2843749 1.2513109
v -0.4053615 0.3211424 1.1642206
v -0.3959750 0.3102091 1.1659257
v -0.5014031 0.4085216 1.2349386
v -0.4958512 0.4160440 1.2234226
v -0.5150728 0.4247452 1.2238414
v -0.5213874 0.4170184 1.2333619
v -0.5301211 0.4382715 1.2126808
v -0.5115561 0.4296004 1.2118497
v -0.5340767 0.3599384 1.2013639
v -0.5190156 0.3468586 1.2050490
v -0.5658167 0.3846341 1.2063537
v -0.4524127 0.3003633 1.2057386
v -0.4646306 0.3101611 1.2029735
v -0.3984231 0.3377155 1.2360362
v -0.3969899 0.3237200 1.2438606
v -0.3890908 0.3328352 1.2363371
v -0.4192156 0.3579769 1.2350085
v -0.4349544 0.3633278 1.2392555
v -0.4450547 0.3480099 1.2443235
v -0.4257858 0.3422896 1.2424587
v -0.3885973 0.3501499 1.2152092
v -0.3922943 0.3455458 1.2267971
v -0.3833124 0.3396655 1.2263375
v -0.3797067 0.3430140 1.2140854
v -0.4189632 0.2668586 1.2151305
v -0.4280489 0.2770382 1.2132517
v -0.3724166 0.3085502 1.2458748
v -0.3859974 0.3169917 1.2443957
v -0.3949537 0.3072718 1.2488614
v -0.3811579 0.2979221 1.2501630
v -0.4053782 0.3138406 1.2490459
v -0.3645485 0.3166569 1.2382067
v -0.3781494 0.3256960 1.2371066
v -0.4050965 0.2506145 1.2174959
v -0.3686491 0.3341377 1.2139718
v -0.3721904 0.3317514 1.2267925
v -0.3588552 0.3218663 1.2272503
v -0.3556503 0.3236707 1.2138640
v -0.4931883 0.4203802 1.2099176
v -0.4752637 0.4102886 1.2072829
v -0.4247843 0.3462691 1.1638754
v -0.4358340 0.3609038 1.1663243
v -0.4147165 0.3329229 1.1634702
v -0.5023570 0.4067822 1.1717333
v -0.5184793 0.4190194 1.1749365
v -0.4712284 0.3782193 1.1665012
v -0.4866510 0.3931819 1.1687565
v -0.4713831 0.3789460 1.2432639
v -0.3902815 0.3485266 1.1913451
v -0.3942706 0.3433089 1.1800368
v -0.3976309 0.3585780 1.1952883
v -0.3715124 0.2837845 1.1693642
v -0.3845528 0.2979861 1.1678941
v -0.3999945 0.3640212 1.2104071
v -0.3546552 0.2662840 1.1712719
v -0.4372837 0.3292520 1.2490037
v -0.4239154 0.3074381 1.2500103
v -0.4144285 0.3026164 1.2501697
v -0.5616256 0.3950489 1.2274766
v -0.5031532 0.3333588 1.2091951
v -0.4586562 0.3154756 1.1895389
v -0.4538805 0.3218131 1.1769373
v -0.3875622 0.3512018 1.2027234
v -0.3791097 0.3427102 1.2009212
v -0.3815991 0.3383322 1.1897708
v -0.4242732 0.2760449 1.1976225
v -0.4199475 0.2792851 1.1828791
v -0.5349242 0.4296632 1.1778672
v -0.4275435 0.2892763 1.1816796
v -0.4538479 0.3354454 1.2499757
v -0.0872740 0.1317225 1.2943600
v -0.1723597 0.1044324 1.0574627
v -0.1520288 0.0417058 1.0415812
v -0.1579240 0.0633276 1.0424289
v -0.1978086 0.1331562 1.1126337
v -0.2053836 0.1387111 1.1237390
v -0.2357392 0.1603684 1.1524434
v -0.2475647 0.1672806 1.1636309
v -0.1914503 0.1014234 1.0867726
v -0.2799985 -0.0013278 1.4349420
v -0.2761934 0.0029173 1.4296953
v -0.2859732 -0.0055808 1.4469049
v -0.0658440 -0.0995195 0.9648870
v -0.2757685 -0.0090746 1.4169501
v -0.2711628 -0.0045218 1.4114371
v -0.2769958 -0.0066838 1.4129539
v -0.2758656 -0.0111037 1.4173981
v -0.2763770 -0.0118310 1.4181472
v -0.2877921 -0.0160828 1.4454407
v -0.2719269 0.0057786 1.4220869
v -0.2676873 0.0069521 1.4135409
v -0.2833730 -0.0177266 1.4306604
v -0.0028143 0.1403598 0.9245091
v 0.0198250 0.1318412 0.9276868
v 0.0198223 0.1343015 0.9063101
v -0.0053888 0.1421260 0.9033405
v 0.0199971 0.1391827 0.8846278
v -0.1055319 0.1422998 0.8441331
v -0.1291526 0.1275174 0.8504708
v -0.1231402 0.1291721 0.8721850
v -0.1015336 0.1433262 0.8671986
v -0.1368836 0.1128835 0.8916468
v -0.1179866 0.1301307 0.8893835
v -0.1422787 0.1099433 0.8762778
v -0.1564724 0.0856195 0.8771405
v -0.1505148 0.0892246 0.8930113
v -0.1640396 0.0590265 0.8759224
v -0.1575968 0.0627415 0.8927151
v -0.1651792 0.0323030 0.8742049
v -0.1586999 0.0063173 0.8719988
v -0.1485188 -0.0242866 0.8538598
v -0.1293592 -0.0430446 0.8679474
v -0.1461119 -0.0193168 0.8702098
v -0.0911748 -0.0813359 0.8647819
v -0.1106945 -0.0639806 0.8659004
v -0.0582290 -0.1083436 0.8636270
v -0.0738633 -0.0961327 0.8638530
v -0.2183920 0.0489676 1.2206312
v -0.1884933 0.1074353 1.3242776
v -0.1915926 0.1117217 1.3200391
v -0.2077579 0.0968279 1.3134056
v -0.1654246 0.1645593 1.2884784
v -0.1777637 0.1510093 1.2991839
v -0.1582803 0.1514061 1.2989402
v -0.1479135 0.1616373 1.2871307
v -0.1728803 0.1167316 1.3247454
v -0.1722242 0.1136281 1.3277517
v -0.1725019 0.1212480 1.3207780
v -0.1366348 0.1244558 1.3195204
v -0.1543112 0.1255847 1.3203582
v -0.2309583 0.1173358 1.3017606
v -0.2164275 0.1374147 1.3015318
v -0.2259185 0.1397772 1.2979282
v -0.2419587 0.1213701 1.2981596
v -0.1857334 0.1793911 1.2758433
v -0.1784349 0.1875617 1.2629483
v -0.1900093 0.1900524 1.2635448
v -0.1963939 0.1814019 1.2751987
v -0.2755730 0.1366715 1.2883114
v -0.2592075 0.1522762 1.2914731
v -0.2699314 0.1599397 1.2900714
v -0.2850331 0.1453708 1.2847000
v -0.2047977 0.1694486 1.2845295
v -0.0879163 0.2051713 1.1880673
v -0.1091764 0.2085073 1.1909474
v -0.1286829 0.2087501 1.1935962
v -0.1775661 0.2032582 1.2053920
v -0.1645045 0.2038121 1.2014492
v -0.1633607 0.2056944 1.1863503
v -0.1894386 0.2049124 1.2103974
v -0.2008012 0.2073670 1.2112249
v -0.2889005 0.1274187 1.1959783
v -0.2798751 0.1150856 1.1934985
v -0.2881197 0.1114093 1.2210967
v -0.2265606 0.2163664 1.2112362
v -0.2134414 0.2096020 1.2076646
v -0.2138237 0.2090217 1.1981284
v -0.2271778 0.2160161 1.2037970
v -0.2215009 0.1131413 1.3053383
v -0.2570293 0.1746615 1.2870863
v -0.2460703 0.1670591 1.2871069
v -0.2361046 0.1790572 1.2814368
v -0.2472713 0.1858022 1.2824158
v -0.2394366 0.1960317 1.2746010
v -0.2282002 0.1903978 1.2736284
v -0.2219965 0.1988403 1.2641360
v -0.2333468 0.2042690 1.2651699
v -0.2261254 0.2168323 1.2210710
v -0.2136862 0.2096643 1.2173914
v -0.3055661 0.1427788 1.2632490
v -0.2679298 0.1056275 1.2832742
v -0.2735624 0.0918382 1.2615319
v -0.2640605 0.0853675 1.2671645
v -0.2570891 0.1004126 1.2882778
v -0.2558185 0.1940886 1.1699439
v -0.2613380 0.1806330 1.1699798
v -0.2500787 0.2059250 1.1714661
v -0.2140745 0.2060758 1.1768819
v -0.2455931 0.2149630 1.1768684
v -0.2894230 0.1460897 1.1808870
v -0.2994186 0.1405805 1.1971051
v -0.2705532 0.0891147 1.2329785
v -0.2622679 0.0807094 1.2394987
v -0.2948614 0.1556753 1.2802834
v -0.2807572 0.1697978 1.2870799
v -0.2388100 0.2262958 1.2170039
v -0.2396182 0.2267178 1.2104994
v -0.2495884 0.2363205 1.2182486
v -0.1992094 0.2062837 1.1745671
v -0.2143981 0.2081376 1.1887824
v -0.2536923 0.1247177 1.2941086
v -0.2670659 0.1834760 1.2861809
v -0.2572708 0.1944983 1.2815751
v -0.2172929 0.1863549 1.2734211
v -0.2247776 0.1746937 1.2814874
v -0.2144131 0.1719140 1.2829302
v -0.2067770 0.1838289 1.2742227
v -0.2447082 0.2109697 1.2675059
v -0.2413945 0.2172821 1.2574083
v -0.2008638 0.1924001 1.2632111
v -0.2112756 0.1949567 1.2631265
v -0.2377277 0.2260643 1.2259697
v -0.2537010 0.0751580 1.2451778
v -0.2496348 0.0738078 1.2184293
v -0.2406721 0.0664558 1.2211552
v -0.2647435 0.0906035 1.2037937
v -0.2570167 0.0810776 1.2117230
v -0.2722077 0.1026492 1.1955720
v -0.2307244 0.0577776 1.2206599
v -0.3945868 0.3588077 1.2062427
v -0.2509903 0.2380458 1.2129729
v -0.2609103 0.2476160 1.2187190
v -0.2580908 0.2448642 1.2246989
v -0.3069036 0.2734995 1.2441157
v -0.1978829 -0.1149054 1.3428150
v -0.1992904 -0.1191912 1.3472048
v -0.2044753 -0.1263025 1.3657730
v -0.2053562 -0.1267136 1.3693946
v -0.4069975 0.3420456 1.2360780
v -0.4133732 0.3460765 1.2365303
v -0.4530043 0.3704279 1.2417254
v -0.4815966 0.3655340 1.2463132
v -0.4630473 0.3562506 1.2463972
v -0.4875275 0.3231949 1.2296201
v -0.4865508 0.3195615 1.2137793
v -0.4682730 0.3369961 1.1746255
v -0.4408700 0.3882280 1.1985110
v -0.5987926 0.4065479 1.2081431
v -0.5964917 0.4130473 1.2181820
v -0.6145501 0.4215049 1.2133692
v -0.6157011 0.4159047 1.2027950
v -0.6325088 0.4248261 1.1981788
v -0.6294732 0.4256029 1.1878388
v -0.6140158 0.4154707 1.1921296
v -0.6239661 0.4302564 1.1807716
v -0.6092638 0.4196300 1.1838927
v -0.6177801 0.4371826 1.1768185
v -0.6129551 0.4450745 1.1757189
v -0.5986754 0.4339111 1.1762818
v -0.6036703 0.4260136 1.1785812
v -0.5784752 0.4311924 1.1752267
v -0.5939604 0.4428123 1.1762533
v -0.5893589 0.4518531 1.1786678
v -0.5731521 0.4412057 1.1765130
v -0.6004372 0.4726929 1.1953937
v -0.6015213 0.4728400 1.2044310
v -0.5838625 0.4652089 1.2040310
v -0.5830313 0.4646938 1.1937951
v -0.5731297 0.4488946 1.2219524
v -0.5681572 0.4542686 1.2134140
v -0.5872310 0.4620333 1.2134785
v -0.5921851 0.4568184 1.2217020
v -0.6093993 0.4647813 1.2222864
v -0.6160158 0.4567026 1.2251686
v -0.5982017 0.4494334 1.2260317
v -0.5652487 0.3880331 1.2182643
v -0.5818992 0.3975064 1.2133725
v -0.5816345 0.3950419 1.2015943
v -0.5889140 0.4142960 1.1804792
v -0.5739231 0.4022380 1.1825124
v -0.5786262 0.3969199 1.1909379
v -0.5940119 0.4083272 1.1873249
v -0.5409267 0.4189179 1.1720964
v -0.5628097 0.4194198 1.1741108
v -0.5569586 0.4301450 1.1745776
v -0.5837494 0.4220958 1.1767932
v -0.5685119 0.4100453 1.1772523
v -0.5681711 0.4499138 1.1825797
v -0.5852538 0.4596645 1.1849354
v -0.5920727 0.4221149 1.2243104
v -0.5862558 0.4318097 1.2276077
v -0.6047329 0.4401736 1.2249080
v -0.6103444 0.4305119 1.2208462
v -0.5517222 0.4396699 1.1805256
v -0.5674276 0.4238629 1.2313826
v -0.5737907 0.4136729 1.2287267
v -0.5796057 0.4412040 1.2267849
v -0.5605264 0.4333686 1.2288776
v -0.6276673 0.4381647 1.2171912
v -0.6319469 0.4295837 1.2090352
v -0.5791497 0.4042315 1.2224779
v -0.5653038 0.4557019 1.1919625
v -0.5653841 0.4569682 1.2030075
v -0.5469944 0.4486650 1.2017563
v -0.5479624 0.4463631 1.1901492
v -0.5345303 0.4329720 1.2230415
v -0.5493284 0.4461382 1.2124707
v -0.5539492 0.4409728 1.2220656
v -0.6046625 0.4701472 1.2137414
v -0.5409237 0.4253677 1.2316434
v -0.6880367 0.4866183 1.1691306
v -0.6797108 0.4816931 1.1663362
v -0.6880289 0.4769161 1.1601232
v -0.6959587 0.4819325 1.1636490
v -0.6717166 0.4638723 1.1510018
v -0.6689251 0.4522183 1.1517564
v -0.6812759 0.4500367 1.1481750
v -0.6835073 0.4598985 1.1475777
v -0.7031796 0.4762135 1.1611569
v -0.6954596 0.4720440 1.1566669
v -0.7061538 0.4693583 1.1623138
v -0.7140626 0.4738192 1.1693686
v -0.7108274 0.4793160 1.1650057
v -0.7212586 0.4778087 1.1729582
v -0.7109069 0.4692037 1.1800816
v -0.7204190 0.4773305 1.1826997
v -0.6983429 0.4823573 1.2011392
v -0.6915765 0.4893309 1.2063551
v -0.7034449 0.4976608 1.2046220
v -0.7100921 0.4902152 1.1987312
v -0.6864977 0.5099584 1.2091389
v -0.6959694 0.5043388 1.2071877
v -0.6845836 0.4951000 1.2090773
v -0.6767478 0.5005781 1.2111283
v -0.6769176 0.4944384 1.1779937
v -0.6676887 0.4903438 1.1770055
v -0.6723871 0.4863968 1.1731787
v -0.6810320 0.4907818 1.1747756
v -0.7085139 0.4586446 1.1599807
v -0.7043773 0.4598450 1.1705548
v -0.7078718 0.4651857 1.1679328
v -0.7085153 0.4618543 1.1577219
v -0.6391609 0.4903525 1.1769694
v -0.6305075 0.4820757 1.1790043
v -0.6347738 0.4751844 1.1753872
v -0.6422570 0.4836862 1.1742825
v -0.6495376 0.4564029 1.1606368
v -0.6427477 0.4585990 1.1670695
v -0.6450944 0.4443238 1.1716397
v -0.6529447 0.4442446 1.1677759
v -0.6581304 0.4542910 1.1556235
v -0.6608144 0.4434737 1.1635996
v -0.6709861 0.4435450 1.1591717
v -0.6832702 0.4431448 1.1541280
v -0.6259609 0.4886132 1.1863821
v -0.6308646 0.4964711 1.1853715
v -0.7600917 0.5095617 1.1666472
v -0.7576926 0.5149288 1.1673879
v -0.7530513 0.5115081 1.1676454
v -0.7555252 0.5060529 1.1669604
v -0.6319730 0.4958434 1.2057983
v -0.6373271 0.4912476 1.2131284
v -0.6312570 0.4876480 1.2126652
v -0.6266734 0.4912216 1.2043267
v -0.6384781 0.5023514 1.2072316
v -0.6451972 0.4960869 1.2135364
v -0.7660802 0.5056730 1.1774451
v -0.7651351 0.5042831 1.1725051
v -0.7602709 0.5011512 1.1738972
v -0.7609161 0.5026611 1.1789594
v -0.7041258 0.4857588 1.1653196
v -0.6966611 0.4906327 1.1698690
v -0.7191078 0.4968359 1.1673107
v -0.7067042 0.4952839 1.1694210
v -0.7127382 0.4882040 1.1657072
v -0.7213431 0.4904016 1.1663021
v -0.6917659 0.5072895 1.1796260
v -0.6828470 0.5019242 1.1801016
v -0.6895464 0.4978894 1.1766560
v -0.6986106 0.5036411 1.1759795
v -0.6739722 0.5113542 1.1826607
v -0.6824012 0.5165950 1.1830155
v -0.6776749 0.5218939 1.1841474
v -0.6705225 0.5167908 1.1836133
v -0.7029519 0.5219762 1.1822397
v -0.7114497 0.5263492 1.1845702
v -0.7075305 0.5298527 1.1870001
v -0.6991093 0.5260180 1.1841909
v -0.6252369 0.4841056 1.2132132
v -0.6209766 0.4865033 1.2041666
v -0.6695155 0.5215975 1.2101295
v -0.6612730 0.5261224 1.2059426
v -0.6668658 0.5349025 1.2053992
v -0.6753218 0.5297742 1.2095959
v -0.6447667 0.4846429 1.2168707
v -0.6381668 0.4809943 1.2178870
v -0.7652730 0.5097079 1.1815023
v -0.7601305 0.5066656 1.1831703
v -0.6743003 0.4426388 1.1695284
v -0.6869750 0.4425620 1.1626965
v -0.6640284 0.4420601 1.1748406
v -0.6568811 0.4410181 1.1784332
v -0.6503884 0.4378916 1.1811403
v -0.7090889 0.5018320 1.1717622
v -0.6886644 0.4933127 1.1742430
v -0.6733342 0.4974296 1.1796310
v -0.6547787 0.5209542 1.1861259
v -0.6483834 0.5166177 1.1863780
v -0.6553829 0.5109887 1.1817183
v -0.6602193 0.5162953 1.1833223
v -0.6567233 0.5295560 1.1982259
v -0.6584381 0.5292035 1.1911270
v -0.6648090 0.5351994 1.1911949
v -0.6628875 0.5369169 1.1977940
v -0.7090280 0.4535982 1.1609558
v -0.7007250 0.4535601 1.1696484
v -0.6290108 0.4983963 1.1961783
v -0.6244068 0.4918075 1.1952888
v -0.6197664 0.4855917 1.1955612
v -0.6543698 0.4876796 1.1754769
v -0.6442431 0.4795078 1.1721674
v -0.6475096 0.4755087 1.1680177
v -0.6575102 0.4847437 1.1731937
v -0.6700343 0.4767501 1.1608973
v -0.6608943 0.4680701 1.1561492
v -0.6797049 0.4720579 1.1549780
v -0.6378905 0.4684214 1.1717307
v -0.6284637 0.4682918 1.1774261
v -0.6323410 0.4606329 1.1738064
v -0.6244432 0.4759342 1.1820300
v -0.6211598 0.4821306 1.1882405
v -0.6207270 0.4620253 1.1780634
v -0.6244897 0.4539985 1.1750864
v -0.6169958 0.4699258 1.1830416
v -0.6142290 0.4760421 1.1892600
v -0.6225063 0.4711563 1.2222091
v -0.6166656 0.4774920 1.2142835
v -0.6312302 0.4769173 1.2198738
v -0.6365011 0.4384197 1.1769102
v -0.6375571 0.4521036 1.1718277
v -0.6297522 0.4461509 1.1745103
v -0.6422983 0.4331128 1.1843584
v -0.6919632 0.4569557 1.1451870
v -0.6996196 0.4551721 1.1428584
v -0.7021897 0.4612274 1.1462616
v -0.6958979 0.4632758 1.1494260
v -0.7281923 0.4823847 1.1751072
v -0.7253252 0.4850306 1.1688318
v -0.7180414 0.4818423 1.1671584
v -0.6438876 0.4993866 1.1788674
v -0.6362525 0.5047747 1.1858766
v -0.7190052 0.5024579 1.1702099
v -0.7545614 0.4990430 1.1801408
v -0.7540530 0.4975416 1.1747195
v -0.7429953 0.4912018 1.1754726
v -0.7440607 0.4927727 1.1817324
v -0.7268006 0.5085307 1.1755587
v -0.7262941 0.5038405 1.1709254
v -0.7337407 0.5073379 1.1707437
v -0.7348617 0.5109475 1.1760186
v -0.7007378 0.5337521 1.1878418
v -0.6937915 0.5307539 1.1856950
v -0.7203503 0.4994024 1.1934135
v -0.7253634 0.4885993 1.1908573
v -0.7160309 0.4818365 1.1922997
v -0.6866901 0.5119291 1.1817759
v -0.6948165 0.5172244 1.1816202
v -0.6908355 0.5216591 1.1831965
v -0.7110594 0.5053960 1.1734314
v -0.7180112 0.5066358 1.1732751
v -0.7130612 0.5102323 1.1759920
v -0.7054865 0.5075613 1.1757354
v -0.6537142 0.5174095 1.2074339
v -0.6482014 0.5219457 1.1971420
v -0.7628398 0.5057322 1.1686592
v -0.7582881 0.5023174 1.1694651
v -0.6137083 0.4801670 1.2044860
v -0.6129641 0.4795288 1.1961346
v -0.6781063 0.5061393 1.1817235
v -0.7045742 0.4748505 1.1931120
v -0.6694401 0.5009991 1.1805891
v -0.6937698 0.5297797 1.2040648
v -0.6894100 0.5354670 1.2000202
v -0.6969153 0.5372305 1.1986119
v -0.7000768 0.5340675 1.2037055
v -0.7457173 0.5154533 1.1766527
v -0.7453116 0.5126136 1.1710825
v -0.7519430 0.5162272 1.1715073
v -0.7522981 0.5185504 1.1768208
v -0.7265065 0.4986170 1.1682893
v -0.7284235 0.4930255 1.1673938
v -0.7368454 0.4969407 1.1675656
v -0.7345090 0.5023435 1.1678182
v -0.7319684 0.4886943 1.1703801
v -0.7402701 0.4928411 1.1705013
v -0.7479517 0.5147218 1.1827416
v -0.7510540 0.5094256 1.1859551
v -0.7400479 0.5044085 1.1873464
v -0.7376903 0.5101869 1.1828143
v -0.6671351 0.4916978 1.2129218
v -0.6602949 0.4975727 1.2139245
v -0.6691041 0.5069469 1.2119521
v -0.6776834 0.5164427 1.2101175
v -0.6851854 0.5254168 1.2063236
v -0.6954655 0.5183822 1.2075232
v -0.6620540 0.5120157 1.2117429
v -0.7255728 0.5091910 1.1860731
v -0.7296863 0.5021795 1.1879800
v -0.7252581 0.5080323 1.1918299
v -0.6643240 0.5068354 1.1815844
v -0.7520413 0.4987133 1.1699416
v -0.6608635 0.4472963 1.1998932
v -0.6578883 0.4551822 1.2094414
v -0.6656548 0.4616193 1.2079801
v -0.6680432 0.4516816 1.1972259
v -0.7463564 0.5079069 1.1676165
v -0.7490614 0.5027206 1.1669204
v -0.6900723 0.5358202 1.1885886
v -0.6968584 0.5372893 1.1903516
v -0.6955800 0.5399090 1.1937125
v -0.6892240 0.5397423 1.1933163
v -0.6537550 0.5029829 1.2132556
v -0.6711751 0.5412639 1.2045151
v -0.6784324 0.5361096 1.2096306
v -0.6519064 0.4898595 1.2157802
v -0.6587254 0.4834081 1.2151516
v -0.6520281 0.4768492 1.2167829
v -0.7072529 0.5141994 1.2026246
v -0.6738623 0.4864651 1.2109101
v -0.6647573 0.4781401 1.2127726
v -0.6578037 0.4699133 1.2141065
v -0.6517327 0.4640239 1.2154649
v -0.6457581 0.4719952 1.2183379
v -0.7536938 0.5032323 1.1846754
v -0.7575813 0.5125436 1.1846295
v -0.6383693 0.4669265 1.2201441
v -0.6291925 0.4618141 1.2232224
v -0.6350824 0.4531754 1.2199259
v -0.6446246 0.4586330 1.2173892
v -0.6708050 0.4723246 1.2091454
v -0.6761363 0.4663134 1.2043037
v -0.6802254 0.4810400 1.2078556
v -0.6868437 0.4747825 1.2028395
v -0.7141225 0.5053023 1.2020760
v -0.7677047 0.5235508 1.1796155
v -0.7602306 0.5198530 1.1808772
v -0.7577807 0.5217231 1.1765646
v -0.7654735 0.5255806 1.1761381
v -0.7544432 0.5172530 1.1819000
v -0.7629948 0.5153007 1.1831168
v -0.6929348 0.4672538 1.1941454
v -0.7210516 0.5125941 1.1782361
v -0.6803024 0.4571002 1.1922897
v -0.7006209 0.4614130 1.1831742
v -0.6922302 0.4538602 1.1806267
v -0.6672584 0.4442493 1.1861207
v -0.6767932 0.4460097 1.1806368
v -0.6535179 0.4382041 1.1918904
v -0.6599891 0.4418392 1.1892469
v -0.6454083 0.4324920 1.1946304
v -0.6890446 0.4462308 1.1725364
v -0.7661381 0.5145847 1.1656687
v -0.7638085 0.5199292 1.1670413
v -0.6539348 0.4428081 1.2022418
v -0.6451770 0.4369515 1.2051722
v -0.6889962 0.4673533 1.1515263
v -0.6569223 0.5003004 1.1794874
v -0.6611210 0.4960202 1.1791842
v -0.6424733 0.5116672 1.1863046
v -0.6502293 0.5058745 1.1801613
v -0.6411735 0.4444290 1.2142492
v -0.6089403 0.4536356 1.1771053
v -0.6049589 0.4618253 1.1814209
v -0.6221808 0.4474580 1.2224130
v -0.7691961 0.5107176 1.1672409
v -0.7150050 0.5275445 1.1905921
v -0.7128333 0.5285823 1.1922819
v -0.6905243 0.4485105 1.1452342
v -0.6995570 0.4485480 1.1430492
v -0.7059129 0.4438412 1.1523128
v -0.7022799 0.4445939 1.1465964
v -0.6931386 0.4428196 1.1498382
v -0.6969085 0.4423499 1.1570749
v -0.6520476 0.4906230 1.1765007
v -0.6491915 0.4947419 1.1774500
v -0.6458895 0.5094164 1.2078666
v -0.6408096 0.5139241 1.1980282
v -0.7347117 0.4866271 1.1759860
v -0.7282923 0.4835031 1.1832665
v -0.7352077 0.4881755 1.1828229
v -0.7426037 0.4974033 1.1866886
v -0.7258946 0.5109349 1.1819629
v -0.7299831 0.5081632 1.1821534
v -0.6529732 0.4719821 1.1623393
v -0.6626507 0.4810880 1.1681145
v -0.7003956 0.4671371 1.1550004
v -0.7055194 0.4639771 1.1532152
v -0.6994500 0.5119736 1.1789213
v -0.7182515 0.5186985 1.2002105
v -0.7224152 0.5111815 1.1997347
v -0.7071510 0.5158262 1.1791574
v -0.7729666 0.5104191 1.1755227
v -0.7718123 0.5092607 1.1705830
v -0.7334294 0.4932378 1.1886355
v -0.6856288 0.5268788 1.1847012
v -0.7101379 0.5228703 1.2001322
v -0.7166834 0.5242631 1.1963982
v -0.6678082 0.5411241 1.1977671
v -0.6505672 0.4501772 1.2115457
v -0.7566253 0.5198855 1.1712309
v -0.7631388 0.5245613 1.1709141
v -0.7697656 0.5194603 1.1810748
v -0.7718457 0.5142055 1.1797418
v -0.6344862 0.5061533 1.1974913
v -0.6644386 0.4930190 1.1785434
v -0.6019753 0.4685270 1.1878324
v -0.6991985 0.4461096 1.1650029
v -0.7085475 0.4473880 1.1582611
v -0.7145070 0.5192743 1.1805044
v -0.6848321 0.5340805 1.2055126
v -0.7015580 0.5245082 1.2065814
v -0.7064104 0.5293049 1.2063674
v -0.7123819 0.5268802 1.2020965
v -0.7144414 0.5287098 1.1969792
v -0.7752758 0.5229046 1.1799309
v -0.7775034 0.5178957 1.1785461
v -0.7788740 0.5143091 1.1743838
v -0.7771849 0.5131855 1.1696910
v -0.7739590 0.5144616 1.1667330
v -0.7732738 0.5266216 1.1786112
v -0.7708145 0.5283513 1.1753822
v -0.7682514 0.5272220 1.1705089
v -0.7777018 0.5296434 1.1775431
v -0.7808107 0.5265372 1.1786607
v -0.7893167 0.5214071 1.1707802
v -0.7849255 0.5184689 1.1733643
v -0.7868382 0.5216871 1.1744268
v -0.7899266 0.5234268 1.1733948
v -0.7931923 0.5260764 1.1727156
v -0.7924770 0.5248115 1.1697388
v -0.7850894 0.5231986 1.1768258
v -0.7885415 0.5258670 1.1763255
v -0.7863690 0.5291370 1.1772781
v -0.7898697 0.5319239 1.1767499
v -0.7922064 0.5288179 1.1757667
v -0.7839323 0.5262586 1.1777125
v -0.7821666 0.5209145 1.1776380
v -0.7948160 0.5287648 1.1699843
v -0.7952792 0.5284527 1.1724406
v -0.7951447 0.5313360 1.1747010
v -0.7950143 0.5330898 1.1722675
v -0.7818349 0.5165269 1.1691833
v -0.7868418 0.5209447 1.1679856
v -0.7905165 0.5254628 1.1673023
v -0.7929147 0.5298386 1.1677539
v -0.7843803 0.5229138 1.1657873
v -0.7882398 0.5275451 1.1659837
v -0.7902433 0.5311986 1.1667031
v -0.7821700 0.5265561 1.1649495
v -0.7864624 0.5303173 1.1656460
v -0.7755015 0.5212353 1.1651325
v -0.7784729 0.5177490 1.1663476
v -0.7884802 0.5322172 1.1664547
v -0.7928715 0.5340760 1.1701023
v -0.7839886 0.5311931 1.1774490
v -0.7879443 0.5342111 1.1763331
v -0.7820570 0.5331210 1.1762546
v -0.7863086 0.5358633 1.1748295
v -0.7920725 0.5357105 1.1748557
v -0.7929654 0.5337512 1.1760857
v -0.7705477 0.5179960 1.1654012
v -0.7684232 0.5231249 1.1670664
v -0.7732310 0.5261981 1.1665694
v -0.7797812 0.5310000 1.1661353
v -0.7728786 0.5298456 1.1701744
v -0.7752970 0.5310997 1.1745649
v -0.7803704 0.5341686 1.1737049
v -0.7789825 0.5338193 1.1699547
v -0.7847662 0.5363988 1.1724921
v -0.7841044 0.5357354 1.1697192
v -0.7850002 0.5333991 1.1670962
v -0.7882727 0.5367022 1.1708899
v -0.7902491 0.5365951 1.1729535
v -0.7903178 0.5344478 1.1687418
v -0.7869543 0.5359476 1.1694692
v -0.7879332 0.5341898 1.1679079
v -0.7516693 0.5390027 1.1822887
v -0.7486820 0.5434133 1.1833169
v -0.7430757 0.5382566 1.1837726
v -0.7461352 0.5340080 1.1826679
v -0.7567544 0.5327015 1.1916390
v -0.7562652 0.5329603 1.1860547
v -0.7511713 0.5282456 1.1871140
v -0.7514903 0.5282579 1.1927431
v -0.7542201 0.5361160 1.1962914
v -0.7488774 0.5319020 1.1975013
v -0.7451585 0.5230316 1.1932008
v -0.7448174 0.5231241 1.1874705
v -0.7329350 0.5154002 1.1868329
v -0.7337966 0.5145523 1.1925991
v -0.7211357 0.5293637 1.1851849
v -0.7220696 0.5312016 1.1902406
v -0.7543921 0.5354884 1.1829723
v -0.7490467 0.5306259 1.1837119
v -0.7339482 0.5384676 1.1908142
v -0.7340317 0.5369240 1.1860715
v -0.7412299 0.5418162 1.1865876
v -0.7409372 0.5435334 1.1909067
v -0.7273608 0.5196836 1.1808892
v -0.7234005 0.5245738 1.1820193
v -0.7308039 0.5170825 1.1830684
v -0.7353803 0.5376567 1.1959874
v -0.7385326 0.5333713 1.1991987
v -0.7275972 0.5246944 1.1998373
v -0.7245314 0.5297430 1.1962122
v -0.7424557 0.5253656 1.1837504
v -0.7358852 0.5329536 1.1831376
v -0.7392618 0.5286721 1.1821182
v -0.7424529 0.5268553 1.1981993
v -0.7448978 0.5383478 1.1982302
v -0.7560645 0.5514958 1.1940906
v -0.7481676 0.5463951 1.1947231
v -0.7465964 0.5481821 1.1907057
v -0.7546778 0.5537802 1.1905275
v -0.7422776 0.5423637 1.1952095
v -0.7506425 0.5421465 1.1973114
v -0.7595196 0.5460794 1.1815189
v -0.7567047 0.5505027 1.1829652
v -0.7620550 0.5424491 1.1820862
v -0.7316565 0.5179534 1.1992228
v -0.7640872 0.5391363 1.1902019
v -0.7636329 0.5399223 1.1848816
v -0.7467753 0.5469614 1.1862481
v -0.7545391 0.5535187 1.1860558
v -0.7583374 0.5474784 1.1962271
v -0.7615343 0.5419322 1.1950111
v -0.7643930 0.5522809 1.1951324
v -0.7675994 0.5473313 1.1939253
v -0.7701335 0.5444847 1.1895190
v -0.7689943 0.5448437 1.1844810
v -0.7668402 0.5469124 1.1820293
v -0.7621082 0.5558184 1.1935408
v -0.7603527 0.5576640 1.1904720
v -0.7595580 0.5571631 1.1861829
v -0.7675946 0.5603576 1.1930654
v -0.7706074 0.5576926 1.1945297
v -0.7844250 0.5583885 1.1869315
v -0.7806960 0.5539511 1.1874619
v -0.7805958 0.5558466 1.1901664
v -0.7846431 0.5590030 1.1900317
v -0.7761537 0.5500923 1.1893535
v -0.7776682 0.5536708 1.1910054
v -0.7759398 0.5554846 1.1930297
v -0.7792686 0.5583724 1.1932421
v -0.7766610 0.5613473 1.1939564
v -0.7805009 0.5647738 1.1941360
v -0.7835279 0.5616662 1.1935460
v -0.7741636 0.5582690 1.1939289
v -0.7873184 0.5619893 1.1902165
v -0.7868015 0.5630112 1.1879655
v -0.7728402 0.5522943 1.1934658
v -0.7739297 0.5489856 1.1845394
v -0.7789993 0.5539044 1.1840751
v -0.7827365 0.5593581 1.1842827
v -0.7848338 0.5643711 1.1856564
v -0.7765182 0.5560913 1.1818530
v -0.7806245 0.5612778 1.1826350
v -0.7825319 0.5653434 1.1843951
v -0.7737724 0.5594147 1.1812412
v -0.7784819 0.5638389 1.1824272
v -0.7678134 0.5536836 1.1814227
v -0.7709599 0.5505809 1.1819921
v -0.7806167 0.5659544 1.1839395
v -0.7869356 0.5670844 1.1908696
v -0.7848649 0.5681536 1.1884490
v -0.7875701 0.5648631 1.1933475
v -0.7745850 0.5629619 1.1933012
v -0.7787222 0.5666334 1.1931041
v -0.7726885 0.5647604 1.1926590
v -0.7773919 0.5683345 1.1922399
v -0.7831875 0.5687249 1.1929652
v -0.7839696 0.5669409 1.1942407
v -0.7640712 0.5501430 1.1815651
v -0.7612720 0.5540920 1.1830202
v -0.7649392 0.5577013 1.1826693
v -0.7709730 0.5633750 1.1826865
v -0.7634425 0.5605132 1.1860741
v -0.7651839 0.5615018 1.1903178
v -0.7708085 0.5658122 1.1901833
v -0.7697184 0.5656206 1.1863790
v -0.7759362 0.5689009 1.1899035
v -0.7750102 0.5686381 1.1867688
v -0.7761147 0.5667481 1.1838234
v -0.7798671 0.5700271 1.1888587
v -0.7817581 0.5700005 1.1911247
v -0.7821913 0.5684007 1.1865136
v -0.7783041 0.5694610 1.1869196
v -0.7796025 0.5680186 1.1852076
v -0.7297230 0.5538183 1.1921571
v -0.7256269 0.5573264 1.1914902
v -0.7215557 0.5526038 1.1918863
v -0.7257776 0.5492877 1.1922881
v -0.7330415 0.5506221 1.2022005
v -0.7337405 0.5504489 1.1986803
v -0.7298648 0.5453740 1.1987073
v -0.7288626 0.5449408 1.2027853
v -0.7301296 0.5531971 1.2053237
v -0.7252092 0.5476395 1.2060381
v -0.7243987 0.5396345 1.2028990
v -0.7256210 0.5404139 1.1981344
v -0.7181520 0.5334360 1.1971203
v -0.7172608 0.5323323 1.2025256
v -0.7326574 0.5516554 1.1950835
v -0.7287135 0.5469298 1.1950010
v -0.7116835 0.5517517 1.1957619
v -0.7129770 0.5504320 1.1926419
v -0.7183357 0.5554397 1.1935355
v -0.7171671 0.5565773 1.1966124
v -0.7120638 0.5361802 1.1899234
v -0.7072265 0.5390409 1.1896808
v -0.7159869 0.5346618 1.1926853
v -0.7126110 0.5509733 1.2008784
v -0.7153328 0.5474770 1.2057721
v -0.7070322 0.5399831 1.2047239
v -0.7040388 0.5428226 1.1993645
v -0.7243205 0.5422454 1.1940999
v -0.7163954 0.5476922 1.1905807
v -0.7210070 0.5444263 1.1911649
v -0.7200560 0.5423805 1.2062894
v -0.7205408 0.5524027 1.2055603
v -0.7304294 0.5675516 1.2017431
v -0.7225800 0.5605928 1.2015219
v -0.7213628 0.5617515 1.1968623
v -0.7290065 0.5689698 1.1977722
v -0.7176775 0.5559550 1.2013428
v -0.7258477 0.5574711 1.2051758
v -0.7358086 0.5611093 1.1919488
v -0.7320699 0.5645923 1.1916614
v -0.7385204 0.5590431 1.1946764
v -0.7126057 0.5350876 1.2064007
v -0.7024316 0.5438479 1.1942093
v -0.7396760 0.5582547 1.2012365
v -0.7399356 0.5580008 1.1979177
v -0.7222712 0.5604074 1.1932937
v -0.7291809 0.5677310 1.1938711
v -0.7332573 0.5645629 1.2047045
v -0.7370718 0.5603591 1.2045704
v -0.7381479 0.5695805 1.2045777
v -0.7419132 0.5655978 1.2040760
v -0.7447344 0.5634776 1.2009883
v -0.7444262 0.5631839 1.1974153
v -0.7424456 0.5640107 1.1944366
v -0.7355723 0.5724924 1.2018097
v -0.7342314 0.5733006 1.1983027
v -0.7336498 0.5717504 1.1943653
v -0.7391011 0.5763377 1.2017883
v -0.7425503 0.5741130 1.2040847
v -0.7570425 0.5764522 1.1991239
v -0.7537601 0.5726013 1.1992120
v -0.7530051 0.5739833 1.2009557
v -0.7564754 0.5771441 1.2012442
v -0.7493665 0.5685196 1.2008164
v -0.7504107 0.5714854 1.2017244
v -0.7481740 0.5726523 1.2035765
v -0.7512048 0.5758197 1.2037681
v -0.7475666 0.5781116 1.2036912
v -0.7507708 0.5814374 1.2038512
v -0.7545086 0.5791829 1.2038348
v -0.7458678 0.5749649 1.2041255
v -0.7584250 0.5797355 1.2016195
v -0.7589056 0.5802326 1.1998200
v -0.7456727 0.5698278 1.2037524
v -0.7483691 0.5673097 1.1969671
v -0.7526705 0.5719489 1.1962909
v -0.7561263 0.5766259 1.1963867
v -0.7574129 0.5806759 1.1971761
v -0.7502622 0.5727616 1.1937871
v -0.7537676 0.5773805 1.1940953
v -0.7549364 0.5808983 1.1950243
v -0.7472290 0.5743675 1.1922489
v -0.7511064 0.5787441 1.1930557
v -0.7426904 0.5694402 1.1924183
v -0.7458662 0.5679167 1.1941065
v -0.7527828 0.5809767 1.1941640
v -0.7572716 0.5836732 1.2016115
v -0.7555706 0.5844469 1.1988357
v -0.7571439 0.5820004 1.2036538
v -0.7451362 0.5792638 1.2031233
v -0.7487131 0.5827834 1.2028366
v -0.7430526 0.5803320 1.2011232
v -0.7472665 0.5837874 1.2009104
v -0.7527191 0.5846569 1.2027075
v -0.7535998 0.5833029 1.2038948
v -0.7394742 0.5656939 1.1923959
v -0.7359603 0.5685047 1.1922336
v -0.7393550 0.5719784 1.1923622
v -0.7441560 0.5772216 1.1924084
v -0.7370321 0.5749440 1.1944599
v -0.7376932 0.5765325 1.1982615
v -0.7418818 0.5805880 1.1982409
v -0.7417876 0.5796384 1.1947898
v -0.7462664 0.5839305 1.1983298
v -0.7462769 0.5832246 1.1954518
v -0.7484330 0.5811584 1.1933668
v -0.7500715 0.5852383 1.1979828
v -0.7513239 0.5854275 1.2004727
v -0.7533644 0.5839496 1.1964977
v -0.7491361 0.5843674 1.1960300
v -0.7512715 0.5829395 1.1948548
v -0.7037134 0.5418095 1.1915913
v -0.6945828 0.5638992 1.1995337
v -0.6910276 0.5655015 1.1986711
v -0.6890414 0.5609955 1.1983164
v -0.6923736 0.5594195 1.1991058
v -0.6970386 0.5626752 1.2094556
v -0.6985560 0.5621753 1.2057369
v -0.6964188 0.5570856 1.2052884
v -0.6949354 0.5573273 1.2094064
v -0.6925390 0.5647879 1.2112311
v -0.6901738 0.5595176 1.2113721
v -0.6923043 0.5513246 1.2083096
v -0.6939983 0.5513321 1.2039276
v -0.6897019 0.5426246 1.2018200
v -0.6878486 0.5415402 1.2067170
v -0.6716201 0.5448195 1.1976872
v -0.6738041 0.5433475 1.1940063
v -0.6779290 0.5496597 1.1953704
v -0.6749562 0.5506773 1.1982436
v -0.6973402 0.5627814 1.2021521
v -0.6952400 0.5580018 1.2015424
v -0.6801679 0.5590790 1.1999942
v -0.6831078 0.5580374 1.1973989
v -0.6857085 0.5627154 1.1989606
v -0.6830469 0.5639621 1.2012416
v -0.6779051 0.5419293 1.1917871
v -0.6830758 0.5403618 1.1913236
v -0.6855710 0.5458037 1.1948345
v -0.6817173 0.5480508 1.1943074
v -0.6882113 0.5444942 1.1974162
v -0.6794605 0.5587668 1.2041030
v -0.6822219 0.5567350 1.2084922
v -0.6762505 0.5475872 1.2071689
v -0.6744145 0.5500597 1.2023727
v -0.6926857 0.5528309 1.2002299
v -0.6866297 0.5562509 1.1967145
v -0.6901991 0.5542773 1.1976746
v -0.6873877 0.5533444 1.2107499
v -0.6853368 0.5623392 1.2092651
v -0.6879760 0.5751960 1.2059783
v -0.6846777 0.5687960 1.2056455
v -0.6846599 0.5688182 1.2017555
v -0.6877192 0.5750491 1.2025196
v -0.6826233 0.5639258 1.2051592
v -0.6876553 0.5673448 1.2093333
v -0.6978181 0.5699615 1.1999983
v -0.6939403 0.5713936 1.1990775
v -0.7003008 0.5690004 1.2025226
v -0.6825634 0.5432782 1.2103134
v -0.7002175 0.5692458 1.2092978
v -0.7014659 0.5687568 1.2057725
v -0.6875016 0.5673026 1.1994173
v -0.6902047 0.5734392 1.2000272
v -0.6909419 0.5738032 1.2094009
v -0.6958179 0.5711138 1.2109745
v -0.6937348 0.5790800 1.2098182
v -0.6985408 0.5763010 1.2113718
v -0.7028262 0.5742096 1.2093306
v -0.7038188 0.5732692 1.2059100
v -0.7023165 0.5732270 1.2028377
v -0.6908425 0.5801886 1.2062688
v -0.6907181 0.5794576 1.2031075
v -0.6927292 0.5774379 1.2008878
v -0.6939235 0.5840174 1.2066579
v -0.6971401 0.5835239 1.2101801
v -0.7105794 0.5864307 1.2073202
v -0.7086403 0.5827536 1.2076408
v -0.7074884 0.5840035 1.2091492
v -0.7095802 0.5868293 1.2091298
v -0.7053312 0.5789788 1.2091232
v -0.7053898 0.5814256 1.2098796
v -0.7026584 0.5823196 1.2109397
v -0.7047623 0.5852553 1.2110618
v -0.7014014 0.5871194 1.2104577
v -0.7034386 0.5905925 1.2103233
v -0.7070084 0.5884701 1.2112493
v -0.7001456 0.5844925 1.2109507
v -0.7108686 0.5892634 1.2095863
v -0.7114783 0.5899155 1.2079082
v -0.7009403 0.5800761 1.2112091
v -0.7058590 0.5774433 1.2059874
v -0.7086609 0.5820461 1.2055163
v -0.7107396 0.5866865 1.2052665
v -0.7107718 0.5905194 1.2055961
v -0.7070178 0.5817082 1.2033689
v -0.7091964 0.5866000 1.2033820
v -0.7091911 0.5901383 1.2038344
v -0.7043609 0.5819296 1.2016211
v -0.7068490 0.5866886 1.2020815
v -0.7014868 0.5773365 1.2013081
v -0.7043252 0.5770156 1.2033814
v -0.7078005 0.5894444 1.2028644
v -0.7089912 0.5928546 1.2088006
v -0.7084143 0.5929595 1.2062900
v -0.7086943 0.5913944 1.2110935
v -0.6989516 0.5881343 1.2092309
v -0.7018573 0.5918556 1.2087952
v -0.6970970 0.5880184 1.2066470
v -0.7010641 0.5919422 1.2064103
v -0.7052283 0.5935482 1.2088550
v -0.7055102 0.5924844 1.2104944
v -0.6996574 0.5739074 1.2006290
v -0.6960765 0.5753422 1.1999108
v -0.6979647 0.5786642 1.2004041
v -0.7010463 0.5831353 1.2007945
v -0.6949178 0.5808973 1.2012509
v -0.6932998 0.5829234 1.2035152
v -0.6969145 0.5873365 1.2038556
v -0.6982486 0.5854858 1.2014768
v -0.7011135 0.5910691 1.2041036
v -0.7021908 0.5895704 1.2022385
v -0.7043817 0.5877241 1.2015933
v -0.7048905 0.5924902 1.2044521
v -0.7050032 0.5935391 1.2064555
v -0.7075492 0.5919927 1.2043285
v -0.7047596 0.5912585 1.2031245
v -0.7064609 0.5905388 1.2029083
v -0.6716713 0.5451424 1.2013524
v -0.7189962 0.4537980 1.1550424
v -0.7182740 0.4587411 1.1546247
v -0.7102252 0.4605596 1.1416600
v -0.7133010 0.4629280 1.1467129
v -0.7090231 0.4548097 1.1390545
v -0.7125663 0.4458311 1.1423165
v -0.7103214 0.4494771 1.1395471
v -0.7166528 0.4621299 1.1519111
v -0.7184335 0.4482185 1.1528297
v -0.7157668 0.4447154 1.1475683
v -0.7277885 0.4483149 1.1487187
v -0.7255696 0.4447167 1.1429890
v -0.7219074 0.4456995 1.1372799
v -0.7183171 0.4499897 1.1348705
v -0.7158721 0.4553726 1.1352010
v -0.7277294 0.4537411 1.1518019
v -0.7258337 0.4589377 1.1516161
v -0.7224291 0.4623667 1.1483915
v -0.7359909 0.4538612 1.1483714
v -0.7391845 0.4486891 1.1444223
v -0.7419441 0.4480899 1.1279953
v -0.7370425 0.4474497 1.1296565
v -0.7399262 0.4455315 1.1321119
v -0.7438500 0.4451177 1.1303993
v -0.7323319 0.4462339 1.1330228
v -0.7375504 0.4453482 1.1339130
v -0.7401076 0.4453490 1.1378118
v -0.7431158 0.4445853 1.1366997
v -0.7422611 0.4466046 1.1412560
v -0.7455871 0.4466644 1.1411800
v -0.7471713 0.4438404 1.1349625
v -0.7477748 0.4453403 1.1297049
v -0.7505973 0.4449497 1.1331183
v -0.7474042 0.4481900 1.1279450
v -0.7355897 0.4457977 1.1392901
v -0.7263455 0.4502129 1.1312000
v -0.7338549 0.4509036 1.1284210
v -0.7406242 0.4518602 1.1269361
v -0.7465146 0.4526383 1.1278397
v -0.7317468 0.4560965 1.1290034
v -0.7396085 0.4564908 1.1283049
v -0.7448171 0.4562574 1.1295601
v -0.7318801 0.4605565 1.1323816
v -0.7396374 0.4595526 1.1313420
v -0.7219515 0.4606003 1.1353478
v -0.7227632 0.4556107 1.1316455
v -0.7435856 0.4584170 1.1313269
v -0.7521374 0.4486901 1.1315640
v -0.7505671 0.4533755 1.1318239
v -0.7452659 0.4501560 1.1436184
v -0.7492474 0.4463145 1.1395367
v -0.7496316 0.4504108 1.1412441
v -0.7432893 0.4545527 1.1453272
v -0.7484330 0.4547403 1.1414716
v -0.7524982 0.4497568 1.1374301
v -0.7518864 0.4460027 1.1371982
v -0.7156849 0.4604174 1.1382275
v -0.7184500 0.4628959 1.1431020
v -0.7245668 0.4632631 1.1408164
v -0.7337096 0.4628163 1.1377040
v -0.7288445 0.4625470 1.1461091
v -0.7330319 0.4590188 1.1491712
v -0.7409002 0.4592142 1.1449959
v -0.7373850 0.4624502 1.1423349
v -0.7463344 0.4584180 1.1405959
v -0.7435498 0.4607414 1.1385415
v -0.7411547 0.4608933 1.1350597
v -0.7484997 0.4573511 1.1366137
v -0.7511549 0.4541269 1.1370983
v -0.7479123 0.4566347 1.1327187
v -0.7461398 0.4590442 1.1361997
v -0.7451528 0.4588251 1.1336221
v -0.6697695 0.5395339 1.1920307
v -0.6744328 0.5369633 1.1888857
v -0.6688778 0.5320254 1.1878826
v -0.6618424 0.5265045 1.1867953
v -0.6529477 0.5245063 1.1906828
v -0.6664331 0.5219040 1.1847091
v -0.6734545 0.5276512 1.1859436
v -0.6813221 0.5338127 1.1873252
v -0.6649427 0.5132579 1.1825830
v -0.2561701 -0.1085678 1.4175417
v -0.2535304 -0.1111007 1.4187921
v -0.2534066 -0.1066140 1.4122897
v -0.2558304 -0.1047500 1.4124150
v -0.2468690 -0.1102673 1.4132098
v -0.2505552 -0.1085368 1.4121913
v -0.2493367 -0.1134473 1.4201393
v -0.2440269 -0.1141671 1.4212264
v -0.2352466 -0.1118088 1.4202060
v -0.2331772 -0.1118584 1.4194194
v -0.2336848 -0.1119108 1.4182445
v -0.2358794 -0.1117421 1.4176034
v -0.2394191 -0.1120419 1.4159847
v -0.2590048 -0.1023676 1.4147925
v -0.2587306 -0.1037874 1.4156832
v -0.2576559 -0.1061514 1.4167873
v -0.2431081 -0.1117662 1.4144938
v -0.2576140 -0.1029622 1.4130457
v -0.2586332 -0.1020376 1.4138620
v -0.2391042 -0.1131400 1.4215617
v -0.2478345 -0.1111532 1.4152091
v -0.2514941 -0.1094563 1.4144524
v -0.2489025 -0.1124885 1.4176719
v -0.2443007 -0.1135693 1.4187827
v -0.2379176 -0.1121694 1.4180447
v -0.2403758 -0.1126654 1.4173638
v -0.2542118 -0.1073673 1.4139944
v -0.2440074 -0.1126041 1.4163434
v -0.2526746 -0.1102238 1.4166329
v -0.2402168 -0.1133061 1.4193349
v -0.2377109 -0.1124051 1.4191833
v -0.2583994 -0.1031488 1.4145470
v -0.2582839 -0.1030310 1.4141424
v -0.1437571 -0.0170426 1.2221722
v -0.1404085 -0.0209075 1.2050261
v -0.2552025 -0.1079958 1.4157958
v -0.2574973 -0.1039842 1.4139867
v -0.2561405 -0.1055025 1.4139317
v -0.2568005 -0.1058635 1.4153735
v -0.2578646 -0.1042030 1.4149323
v -0.3472337 0.1989839 1.1943352
v -0.3523442 0.1958787 1.2095814
v -0.3426874 0.2199142 1.2581689
v -0.3272760 0.2342484 1.2670633
v -0.1118410 -0.0527277 0.9858019
v -0.0755738 0.1720496 1.0068853
v -0.0794031 0.1821944 1.0270788
v -0.0027503 0.1694806 1.0469118
v -0.0196291 0.1762563 1.0364991
v -0.1482130 0.0755987 0.9843022
v -0.1487303 0.0825716 0.9980903
v -0.1332820 0.0026103 0.9890564
v -0.1354815 0.0106769 1.0028802
v -0.1477523 0.0422835 0.9711221
v -0.0372883 0.1624995 0.9827961
v -0.0572717 0.1618390 0.9768336
v -0.0557913 0.1672851 0.9962241
v -0.0365322 0.1692712 1.0033804
v 0.0113685 0.1583058 1.0568575
v 0.0143935 0.1488455 1.0304260
v -0.1485484 0.1152211 1.0145857
v -0.1381979 0.1407836 1.0178951
v -0.1048218 0.1777422 1.0344191
v -0.0860238 0.1890090 1.0470125
v -0.0679802 0.1940454 1.0616787
v -0.0505053 0.1944454 1.0770580
v -0.1314186 -0.0044739 1.0215756
v -0.1240530 -0.0166636 1.0410703
v -0.1521568 0.0878145 1.0133193
v -0.0882726 -0.0583192 1.0431457
v -0.0441212 0.1976917 1.1221314
v -0.0247550 0.1893329 1.1332857
v -0.1231378 0.1616327 1.0246446
v -0.1422664 -0.0237374 1.1579820
v -0.1577197 -0.0144346 1.1553047
v -0.1536627 -0.0196580 1.1411222
v -0.1370477 -0.0276641 1.1439916
v -0.1681452 -0.0106526 1.1378324
v -0.1807472 -0.0001265 1.1345208
v -0.1913467 0.0109148 1.1315385
v -0.2117383 0.0442332 1.1228328
v -0.2067746 0.0333001 1.1255156
v -0.2155042 0.0664035 1.1165030
v -0.2147078 0.0551324 1.1199475
v -0.2117180 0.0788075 1.1103978
v -0.2042427 0.0926441 1.1046839
v -0.2023326 0.1146217 1.1126512
v -0.1961474 0.1082478 1.0996078
v -0.1990039 0.0847738 1.0923422
v -0.2058694 0.0717732 1.0985076
v -0.2091964 0.0596137 1.1038506
v -0.1052223 -0.0380988 1.1019503
v -0.1110649 -0.0384680 1.1193733
v -0.1465558 -0.0149029 1.2389977
v -0.4578041 0.3992900 1.2031739
v -0.5977018 0.4051293 1.1969547
v -0.1069657 0.1137385 1.3211290
v -0.1209824 0.1206494 1.3202837
v -0.1725251 0.1298221 1.3163423
v -0.1929677 0.1183782 1.3155885
v -0.1494265 0.1317360 1.3147683
v -0.1303516 0.1304182 1.3131779
v -0.1527547 0.0648056 1.0287040
v -0.1007752 0.1401371 1.2936730
v -0.1238367 0.1383404 1.3047057
v -0.1437517 0.1408332 1.3067341
v -0.1672671 0.1386565 1.3091085
v -0.1926852 0.1312355 1.3097860
v -0.2062798 0.1345556 1.3051449
v -0.2137630 0.1560233 1.2924144
v -0.2238453 0.1579337 1.2893799
v -0.2344230 0.1613135 1.2876943
v -0.2477413 0.1469500 1.2927169
v -0.2365116 0.1427642 1.2944115
v -0.2991066 0.2174730 1.2757997
v -0.3047720 0.2323590 1.2706910
v -0.3037023 0.2458708 1.2645091
v -0.2993078 0.2564246 1.2565027
v -0.2917453 0.2622887 1.2470752
v -0.2830518 0.2628921 1.2367141
v -0.2714719 0.2560535 1.2263203
v -0.2415169 0.2273103 1.2066058
v -0.2295711 0.2161044 1.1991654
v -0.1870363 0.2045253 1.1688571
v -0.1765225 0.2039323 1.1637991
v -0.1453236 0.2058277 1.1449545
v -0.1286618 0.2072161 1.1328914
v -0.1103908 0.2075946 1.1186655
v -0.0525292 0.1525545 0.8826446
v -0.0743503 0.1493836 0.8841643
v -0.0700067 0.1494402 0.9032540
v -0.0484294 0.1506500 0.9022330
v -0.0012810 0.1402187 0.9479974
v 0.0190107 0.1308964 0.9516092
v -0.1324266 0.1146479 0.9059337
v -0.1459968 0.0922224 0.9067095
v -0.0915939 0.1433325 0.9042462
v -0.1132184 0.1316069 0.9053105
v -0.1527566 0.0662309 0.9067729
v -0.1293841 -0.0358577 0.9001935
v -0.1158754 -0.0582071 0.8988517
v -0.0831344 -0.0940332 0.8980108
v -0.0650372 -0.1060092 0.8989029
v -0.1534646 0.0402411 0.9056189
v -0.1003863 -0.0781157 0.8981126
v -0.1488184 0.0147464 0.9032664
v -0.1400422 -0.0104822 0.9011452
v -0.0215764 0.1471968 0.9445129
v -0.0240322 0.1463832 0.9229322
v -0.0445758 0.1495891 0.9216045
v -0.0545502 0.1822156 1.2134951
v -0.0711191 0.1923809 1.2102983
v -0.0897276 0.2007207 1.2088692
v -0.1141467 0.1979011 1.2286408
v -0.1097814 0.2038208 1.2103207
v -0.1289979 0.2046035 1.2117440
v -0.1326494 0.1986283 1.2298902
v -0.1686952 0.1973036 1.2324831
v -0.1655045 0.2003562 1.2169846
v -0.1792854 0.2014368 1.2203543
v -0.1810910 0.1994586 1.2358620
v -0.1904294 0.2040360 1.2242878
v -0.2016693 0.2062461 1.2259943
v -0.2144071 0.2095916 1.2282145
v -0.2264889 0.2168392 1.2315283
v -0.2289463 0.2101003 1.2555235
v -0.2173995 0.2044569 1.2529284
v -0.1724131 0.1931507 1.2485028
v -0.1567679 0.1914902 1.2469334
v -0.0715384 0.1678812 1.2466878
v -0.0574724 0.1574347 1.2476352
v -0.1909284 0.1279518 1.0995974
v -0.1851833 0.1486404 1.1018458
v -0.1798846 0.1668008 1.1070846
v -0.1740946 0.1808753 1.1152890
v -0.1683924 0.1924045 1.1262004
v -0.1621554 0.1999814 1.1389135
v -0.1667188 0.2039001 1.1588853
v -0.1566688 0.2046318 1.1526707
v -0.1641739 0.2059167 1.1722675
v -0.1525224 0.2072190 1.1671143
v -0.1492850 0.2079077 1.1816317
v -0.1472762 0.2064117 1.1970919
v -0.1481133 0.2022458 1.2143568
v -0.1512289 0.1972851 1.2310413
v -0.1387752 0.1911293 1.2464984
v -0.1211343 0.1898128 1.2454606
v -0.1113018 0.1763373 1.2601043
v -0.1199052 0.1672835 1.2730952
v -0.1029895 0.1856307 1.2458680
v -0.0949266 0.1937471 1.2289254
v -0.1815710 0.1040419 1.3290397
v -0.1629343 0.1087019 1.3322436
v -0.2659657 0.2480078 1.2402269
v -0.2629676 0.2477213 1.2336163
v -0.2665830 0.2515478 1.2316583
v -0.2734563 0.2543982 1.2396146
v -0.2799864 0.2534796 1.2487399
v -0.2732219 0.2421457 1.2567945
v -0.2700257 0.2464767 1.2485496
v -0.2851668 0.2485591 1.2574390
v -0.2883738 0.2403955 1.2650051
v -0.2758440 0.2354847 1.2641800
v -0.2892683 0.2306280 1.2711015
v -0.2775732 0.2280036 1.2701347
v -0.2862353 0.2204120 1.2753437
v -0.2782671 0.2216868 1.2733999
v -0.2504148 0.2035616 1.2749706
v -0.2610535 0.2100793 1.2753144
v -0.2711487 0.2167997 1.2744071
v -0.2384938 0.2252910 1.2361114
v -0.2498138 0.2328379 1.2420331
v -0.2599490 0.2400869 1.2468003
v -0.2621092 0.2360374 1.2552394
v -0.2512063 0.2293284 1.2512499
v -0.2396249 0.2225553 1.2466445
v -0.0627076 0.1749889 1.2321360
v -0.0780767 0.1855450 1.2302023
v -0.1928348 0.2021422 1.2380670
v -0.2034007 0.2046273 1.2391427
v -0.2143265 0.2076693 1.2393108
v -0.2269702 0.2143969 1.2429154
v -0.2066345 0.2012983 1.2517712
v -0.1961129 0.1985557 1.2513668
v -0.1847894 0.1956090 1.2504157
v -0.0866305 0.1780071 1.2460190
v -0.0479954 0.1647448 1.2341898
v -0.2793186 0.0994232 1.2261060
v -0.2830385 0.1013086 1.2546953
v -0.2780870 0.1133337 1.2782824
v -0.2646657 0.1301330 1.2916162
v -0.3989199 0.3345665 1.1695327
v 0.0164565 0.1409402 1.0049710
v 0.0178396 0.1346985 0.9797254
v 0.0001353 0.1454509 0.9731751
v -0.0089667 0.1790740 1.1437759
v -0.0396215 0.1723116 1.2180300
v -0.1915909 0.0094494 1.1051143
v -0.1841117 -0.0008632 1.1083115
v -0.1875021 0.0044541 1.1192460
v -0.1953496 0.0150741 1.1161313
v -0.2013746 0.0304649 1.0997589
v -0.1973468 0.0196336 1.1023967
v -0.2014608 0.0260523 1.1133133
v -0.2058701 0.0367415 1.1106653
v -0.2036090 0.0412192 1.0967152
v -0.2087393 0.0478465 1.1077929
v -0.1930930 0.0144736 1.0914314
v -0.1873886 0.0039696 1.0941724
v -0.1796883 -0.0056324 1.0975664
v -0.1986979 0.0355812 1.0867935
v -0.1967370 0.0252002 1.0891579
v -0.1864423 -0.0781296 1.3148371
v -0.1904432 -0.0942513 1.3149234
v -0.2002638 -0.1210890 1.3516209
v -0.2010500 -0.1204659 1.3564446
v -0.1501492 -0.0124148 1.2634734
v -0.1534146 -0.0146031 1.2727737
v -0.1165455 -0.0361226 1.1332605
v -0.1262183 -0.0306214 1.1597173
v -0.1307905 -0.0269788 1.1732031
v -0.1356416 -0.0239747 1.1885307
v -0.1489433 -0.0130800 1.2524309
v -0.1210771 -0.0334352 1.1461007
v -0.1336864 0.0843004 0.7139540
v -0.1086504 0.0893659 0.6949454
v -0.1155225 0.1032313 0.7216226
v -0.0970209 0.1062503 0.7080213
v -0.1319140 0.1145383 0.7952762
v -0.1302228 0.1095050 0.7673235
v -0.1316246 0.1216734 0.8235716
v -0.0726093 0.1104554 0.7002780
v -0.0444646 0.1125272 0.6986858
v -0.0393325 0.1267215 0.7164112
v -0.1081260 0.1367182 0.8178179
v -0.1082897 0.1306498 0.7908123
v -0.1035938 0.1127305 0.7270818
v -0.1255470 0.1055693 0.7421243
v -0.1060224 0.1182008 0.7418813
v -0.0670361 0.1233673 0.7171088
v -0.0890373 0.1173974 0.7210343
v -0.0075008 0.1462875 0.8821689
v 0.0186443 0.1424661 0.8631214
v -0.0090066 0.1506321 0.8600186
v -0.0968962 0.1424492 0.8869035
v -0.0783242 0.1516237 0.8638319
v -0.0862194 0.1271418 0.7387727
v -0.0624614 0.1346104 0.7367772
v -0.0348625 0.1377057 0.7374900
v -0.0334719 0.1570067 0.8108104
v -0.0319687 0.1540017 0.7859565
v -0.0581752 0.1507478 0.7848620
v -0.0591351 0.1547271 0.8107564
v -0.0816460 0.1516786 0.8393888
v -0.0832752 0.1480279 0.8129021
v -0.0337304 0.1570601 0.8361907
v -0.0580666 0.1564011 0.8369564
v -0.0554503 0.1549857 0.8611880
v -0.0838691 0.1422810 0.7863371
v -0.0024316 0.1447535 0.7634646
v -0.0323708 0.1472084 0.7611543
v 0.0263871 0.1349570 0.7686782
v -0.0325840 0.1543780 0.8600734
v -0.0302549 0.1510547 0.8818737
v -0.0268861 0.1476569 0.9022952
v -0.0194828 0.1519632 0.9671405
v -0.1130250 -0.2016186 0.5958305
v 0.0037080 -0.0494053 0.7256830
v 0.0107005 -0.0193305 0.7202868
v -0.1855096 0.0005874 0.7860123
v -0.1692138 0.0585933 0.7405868
v -0.1481480 0.0850318 0.7408998
v -0.0386338 -0.1075063 0.7542291
v -0.0173757 -0.0921103 0.7408367
v -0.1764023 -0.0317374 0.7924520
v -0.1287217 -0.0978014 0.7803778
v -0.0045518 -0.0728351 0.7322733
v -0.1075299 0.1245512 0.7649604
v -0.0848194 0.1355872 0.7606842
v -0.0597927 0.1432738 0.7594776
v -0.0047513 0.1352702 0.7407881
v 0.0254052 0.1263856 0.7479809
v -0.0513737 -0.1081150 0.7924758
v -0.0516777 -0.1126489 0.7997304
v -0.0440205 -0.1151554 0.7967752
v -0.0400854 -0.1104210 0.7844644
v -0.1286165 -0.0390234 0.8842406
v -0.1130283 -0.0606798 0.8829661
v -0.0784641 -0.0944630 0.8821762
v -0.0613154 -0.1059844 0.8825876
v -0.1583883 0.0369228 0.8906397
v -0.0955807 -0.0791585 0.8824010
v -0.1535774 0.0110446 0.8883248
v -0.1425455 -0.0142185 0.8859764
v 0.0639754 -0.2914782 0.1751293
v 0.0708127 -0.3045777 0.1506272
v 0.0730782 -0.2893434 0.1471310
v 0.0685465 -0.2773488 0.1731872
v 0.0580510 -0.2482278 0.1629090
v 0.0677725 -0.2572028 0.1675247
v 0.0448590 -0.2448328 0.1574015
v 0.0551854 -0.2558049 0.1318460
v 0.0434147 -0.2610335 0.1286075
v 0.0317346 -0.2480095 0.1531560
v 0.0218507 -0.2562909 0.1517860
v 0.0258917 -0.2791088 0.1278589
v 0.0201732 -0.2959171 0.1329688
v 0.0078050 -0.2847766 0.1557445
v 0.0142618 -0.2675530 0.1522684
v 0.0092109 -0.3054474 0.1596662
v 0.0209458 -0.3154999 0.1374674
v 0.0216863 -0.3175177 0.1656889
v 0.0562533 -0.3057432 0.1752844
v 0.0643986 -0.3207516 0.1528493
v 0.0678811 -0.2587628 0.1372417
v 0.0751521 -0.2698848 0.1421753
v 0.0710664 -0.2674543 0.1712998
v 0.0745736 -0.2796061 0.1446845
v 0.0818204 -0.3044159 0.1240253
v 0.0825477 -0.3195889 0.1302727
v 0.0778007 -0.2685158 0.1119139
v 0.0803799 -0.2822018 0.1165579
v 0.0549010 -0.2733155 0.1055760
v 0.0658311 -0.2647228 0.1070407
v 0.0333895 -0.2893246 0.1030428
v 0.0340730 -0.2689530 0.1274762
v 0.0436846 -0.2805166 0.1036137
v 0.0278244 -0.3058385 0.1089742
v 0.0286085 -0.3275333 0.1165844
v 0.0745313 -0.3361774 0.1340624
v 0.0809529 -0.2925747 0.1198994
v 0.0209877 -0.5080657 0.0773905
v 0.0274122 -0.5108470 0.0798767
v 0.0244858 -0.5077672 0.0839987
v 0.0205341 -0.5064822 0.0820335
v 0.0538003 -0.5217423 0.0946942
v 0.0659841 -0.5220280 0.0957816
v 0.0603796 -0.5201494 0.1066681
v 0.0518339 -0.5205111 0.1054207
v 0.0385100 -0.5204757 0.0870713
v 0.0312129 -0.5188099 0.0838062
v 0.0350422 -0.5173980 0.0804632
v 0.0394750 -0.5182845 0.0828182
v 0.0068806 -0.4759549 0.0649511
v 0.0020804 -0.4736375 0.0619500
v 0.0053778 -0.4724536 0.0586008
v 0.0085720 -0.4750515 0.0603076
v 0.0160496 -0.4959906 0.0711003
v 0.0115079 -0.4927520 0.0679877
v 0.0145284 -0.4922572 0.0649041
v 0.0179798 -0.4943082 0.0659629
v 0.0515674 -0.4974081 0.1032398
v 0.0498946 -0.5112091 0.1056134
v 0.0631728 -0.5106440 0.1080839
v 0.0653290 -0.4959544 0.1100356
v 0.0728073 -0.5103408 0.1010849
v 0.0680838 -0.5088149 0.0923020
v 0.0722841 -0.4953418 0.0896061
v 0.0762586 -0.4948190 0.1006752
v 0.0564382 -0.5098892 0.0873363
v 0.0592207 -0.4974012 0.0846913
v 0.0488556 -0.4981078 0.0898100
v 0.0445915 -0.5120430 0.0928468
v 0.0312636 -0.4982396 0.0837865
v 0.0273331 -0.5102708 0.0828158
v 0.0302478 -0.5101097 0.0912910
v 0.0331945 -0.4966926 0.0925665
v 0.0378758 -0.5121443 0.0942322
v 0.0430875 -0.4997841 0.0971146
v 0.0503023 -0.5017042 0.0887766
v 0.0457222 -0.5148966 0.0902667
v 0.0437039 -0.5119239 0.0827682
v 0.0483767 -0.4994783 0.0811246
v 0.0396506 -0.4982854 0.0780356
v 0.0355817 -0.5100964 0.0786177
v 0.0191818 -0.4882193 0.0839761
v 0.0197638 -0.5002113 0.0822410
v 0.0265793 -0.5021154 0.0850057
v 0.0284835 -0.4918046 0.0876329
v 0.0333042 -0.5051147 0.0796134
v 0.0299576 -0.5037055 0.0740786
v 0.0332710 -0.4932685 0.0734934
v 0.0355882 -0.4953216 0.0800149
v 0.0246515 -0.4906121 0.0702888
v 0.0234755 -0.5022884 0.0709046
v 0.0173870 -0.4896337 0.0760429
v 0.0174473 -0.5011960 0.0749672
v 0.0070690 -0.4749902 0.0671287
v 0.0083498 -0.4863328 0.0661743
v 0.0086458 -0.4861025 0.0727101
v 0.0071715 -0.4747317 0.0747686
v 0.0135091 -0.4881859 0.0760518
v 0.0137238 -0.4794582 0.0780936
v 0.0192957 -0.4902673 0.0735287
v 0.0204150 -0.4894870 0.0654656
v 0.0204848 -0.4811284 0.0652671
v 0.0185634 -0.4834280 0.0742521
v 0.0145436 -0.4868616 0.0623347
v 0.0139614 -0.4764866 0.0616838
v -0.0014808 -0.4571121 0.0660454
v -0.0001097 -0.4562982 0.0584119
v 0.0003619 -0.4652453 0.0599108
v 0.0000787 -0.4651785 0.0658535
v 0.0036020 -0.4691510 0.0693734
v 0.0030982 -0.4624576 0.0703093
v 0.0091619 -0.4705890 0.0664870
v 0.0114204 -0.4700108 0.0591551
v 0.0113116 -0.4639486 0.0582090
v 0.0076791 -0.4651584 0.0661875
v 0.0056526 -0.4671721 0.0562468
v 0.0060115 -0.4590931 0.0554460
v 0.0669196 -0.4809242 0.1100619
v 0.0505367 -0.4835827 0.0995672
v 0.0643248 -0.5176725 0.0935036
v 0.0781340 -0.4801154 0.0988699
v 0.0579286 -0.5179954 0.0906314
v 0.0581183 -0.4855527 0.0807278
v 0.0743195 -0.4810015 0.0865651
v 0.0517448 -0.4924115 0.0890346
v 0.0307913 -0.5169126 0.0895483
v 0.0359910 -0.4894561 0.0811628
v 0.0405848 -0.4826254 0.0731633
v 0.0352034 -0.5181265 0.0914642
v 0.0340492 -0.4805236 0.0913526
v 0.0201621 -0.4700897 0.0814621
v 0.0276279 -0.5088933 0.0748503
v 0.0243510 -0.5077730 0.0730618
v 0.0251714 -0.4737626 0.0646383
v 0.0178439 -0.4810446 0.0749045
v 0.0102001 -0.4922672 0.0720999
v 0.0064174 -0.4659595 0.0662366
v 0.0138023 -0.4615016 0.0572048
v 0.0131177 -0.4927397 0.0741215
v 0.0072377 -0.4571905 0.0734587
v 0.0019243 -0.4717632 0.0653418
v -0.0001965 -0.4441027 0.0558897
v 0.0065331 -0.4499029 0.0517209
v 0.0038897 -0.4736041 0.0675048
v -0.0013671 -0.4459448 0.0658854
v 0.0462845 -0.3178960 0.1737697
v 0.0541692 -0.3318822 0.1523915
v 0.0347203 -0.3222782 0.1699186
v 0.0318418 -0.3288371 0.1432981
v 0.0430666 -0.3347356 0.1478650
v 0.0617367 -0.3481438 0.1344707
v 0.0385521 -0.3429526 0.1235986
v 0.0492532 -0.3500051 0.1301058
v 0.0389283 -0.2941779 0.0828273
v 0.0321259 -0.3117550 0.0875948
v 0.0514970 -0.2864533 0.0848913
v 0.0734404 -0.2687127 0.0863701
v 0.0621406 -0.2774261 0.0855040
v 0.0666446 -0.3651932 0.1210971
v 0.0804959 -0.3497622 0.1171184
v 0.0518745 -0.3683929 0.1181069
v 0.0387600 -0.3595974 0.1097488
v 0.0729969 -0.4636869 0.1118768
v 0.0771063 -0.4432169 0.1063887
v 0.0585951 -0.4420805 0.1111032
v 0.0542894 -0.4629954 0.1067294
v 0.0418022 -0.4366767 0.1013405
v 0.0387780 -0.4587057 0.0959326
v 0.0281483 -0.4287957 0.0898712
v 0.0242786 -0.4501846 0.0859779
v 0.0169305 -0.4198846 0.0780062
v 0.0116750 -0.4397708 0.0756571
v 0.0089021 -0.4119236 0.0640456
v 0.0017628 -0.4307754 0.0650249
v 0.0059144 -0.4094907 0.0502947
v -0.0000388 -0.4286312 0.0524872
v 0.0846761 -0.4640121 0.0969820
v 0.0870818 -0.4439864 0.0922226
v 0.0798602 -0.4642805 0.0815426
v 0.0828289 -0.4448119 0.0753260
v 0.0641752 -0.4623178 0.0743161
v 0.0683453 -0.4418747 0.0684710
v 0.0143443 -0.4160380 0.0414232
v 0.0093025 -0.4353108 0.0454223
v 0.0475604 -0.4570115 0.0662717
v 0.0521120 -0.4359921 0.0612069
v 0.0328708 -0.4500531 0.0572384
v 0.0378575 -0.4291658 0.0523903
v 0.0204565 -0.4424933 0.0496723
v 0.0256545 -0.4224438 0.0447562
v 0.0652791 -0.4177161 0.1113225
v 0.0452886 -0.4132378 0.1078586
v 0.0324121 -0.4045831 0.0954543
v 0.0235289 -0.3955831 0.0806115
v 0.0182252 -0.3888517 0.0634386
v 0.0142630 -0.3871300 0.0491643
v 0.0270770 -0.3648271 0.0832859
v 0.0283351 -0.3638542 0.0603097
v 0.0260868 -0.3652077 0.0462643
v 0.0367077 -0.3388698 0.0555172
v 0.0369315 -0.3431303 0.0422883
v 0.0537400 -0.3002650 0.0464502
v 0.0534315 -0.3034933 0.0309743
v 0.0457063 -0.3210295 0.0372618
v 0.0457019 -0.3166764 0.0509485
v 0.0336849 -0.3365670 0.0761115
v 0.0410273 -0.3139842 0.0696843
v 0.0495718 -0.2979493 0.0665801
v 0.0733756 -0.2833237 0.0291281
v 0.0619475 -0.2918450 0.0283613
v 0.0610197 -0.2886365 0.0441034
v 0.0704134 -0.2781302 0.0443725
v 0.0869589 -0.2727398 0.0473199
v 0.0899904 -0.2814996 0.0329351
v 0.1006011 -0.2847496 0.0545505
v 0.1044965 -0.2911516 0.0399211
v 0.0667891 -0.2778277 0.0656326
v 0.0584696 -0.2876324 0.0655296
v 0.0798312 -0.2707837 0.0678337
v 0.0921600 -0.2809605 0.0739462
v 0.0918466 -0.2976579 0.0789621
v 0.1010005 -0.3033442 0.0604461
v 0.1078988 -0.3086726 0.0472514
v 0.0806277 -0.4193192 0.0993739
v 0.0858410 -0.4196050 0.0864917
v 0.0350286 -0.3805898 0.1022929
v 0.0497001 -0.3896890 0.1134419
v 0.0712850 -0.3873055 0.1116432
v 0.0860427 -0.3930198 0.0938981
v 0.0870332 -0.3938645 0.0784121
v 0.0909448 -0.3709467 0.0707333
v 0.0921823 -0.3691954 0.0851200
v 0.0824874 -0.4195839 0.0726667
v 0.0821957 -0.3931416 0.0680300
v 0.0866629 -0.3705864 0.0612718
v 0.0973160 -0.3515135 0.0638598
v 0.0967600 -0.3485032 0.0776704
v 0.1012544 -0.3356778 0.0581350
v 0.0977773 -0.3314942 0.0716846
v 0.0990068 -0.3179968 0.0663794
v 0.1050426 -0.3227926 0.0531520
v 0.0920458 -0.3238436 0.0889328
v 0.0916833 -0.3112448 0.0846639
v 0.0918629 -0.3414854 0.0944973
v 0.0865237 -0.3627546 0.1025649
v 0.0214975 -0.3931717 0.0393204
v 0.0310799 -0.3704599 0.0373343
v 0.0413569 -0.3481286 0.0346834
v 0.0511028 -0.3269459 0.0288075
v 0.0607834 -0.3110386 0.0237542
v 0.0688709 -0.3010371 0.0220415
v 0.0913941 -0.2921975 0.0271304
v 0.0784409 -0.2935538 0.0229037
v 0.1017745 -0.2989661 0.0322144
v 0.1044281 -0.3133050 0.0371058
v 0.1029144 -0.3257209 0.0410850
v 0.0940006 -0.3521380 0.0532871
v 0.0993477 -0.3378596 0.0461062
v 0.0896494 -0.3315188 0.1115747
v 0.0899541 -0.3145587 0.1056220
v 0.0883451 -0.3020937 0.1014656
v 0.0856007 -0.2758153 0.0926089
v 0.0865845 -0.2910092 0.0977254
v 0.0715090 -0.4169675 0.0635090
v 0.0565847 -0.4112891 0.0561943
v 0.0431746 -0.4048945 0.0479593
v 0.0319107 -0.3990268 0.0413573
v 0.0394941 -0.3755151 0.0377529
v 0.0498644 -0.3802665 0.0431399
v 0.0625790 -0.3859543 0.0500831
v 0.0742681 -0.3908098 0.0591389
v 0.0496025 -0.3537281 0.0340000
v 0.0589042 -0.3585974 0.0381132
v 0.0705146 -0.3632744 0.0440072
v 0.0802022 -0.3684525 0.0520355
v 0.0882927 -0.3498857 0.0441716
v 0.0798806 -0.3436686 0.0377236
v 0.0694740 -0.3392259 0.0328743
v 0.0604972 -0.3335398 0.0292552
v 0.0690346 -0.3185112 0.0255505
v 0.0772811 -0.3242572 0.0295752
v 0.0864935 -0.3291564 0.0339871
v 0.0936869 -0.3344027 0.0388104
v 0.0753405 -0.3095203 0.0241865
v 0.0900778 -0.3008843 0.0261950
v 0.0821470 -0.3028553 0.0242486
v 0.0975624 -0.3040085 0.0291251
v 0.0983850 -0.3139682 0.0324843
v 0.0966959 -0.3238542 0.0354258
v 0.0897971 -0.3201163 0.0318402
v 0.0920027 -0.3129631 0.0301949
v 0.0816533 -0.3156015 0.0280017
v 0.0856593 -0.3092849 0.0273794
v 0.0929836 -0.3071202 0.0288977
v 0.0897477 -0.3054125 0.0274461
v 0.0329429 -0.3405987 0.0971506
v -0.0590548 -0.2625102 0.4335014
v -0.0444641 -0.2591413 0.4390050
v -0.0755859 -0.2600189 0.4299056
v -0.1549926 -0.0591999 0.7974670
v -0.1226327 -0.0297548 0.9802486
v -0.1282669 -0.0122290 1.0071370
v -0.1249246 -0.0209057 0.9936492
v -0.1562966 -0.0786804 0.7752345
v -0.1502285 0.0616273 1.0133770
v -0.2000144 0.0220230 1.1286622
v -0.2800118 -0.0179906 1.4140483
v -0.2774100 -0.0164781 1.4120718
v -0.2753662 -0.0140651 1.4103110
v -0.2737202 -0.0109429 1.4093774
v -0.2720547 -0.0076680 1.4091332
v -0.2701950 -0.0048948 1.4101521
v -0.2769870 -0.0117268 1.4116132
v -0.2749225 -0.0102928 1.4156316
v -0.2761151 -0.0123513 1.4159010
v -0.2782095 -0.0137051 1.4128927
f 2 3 1
f 1 3 4
f 3 2 5
f 5 2 6
f 3 7 4
f 4 7 8
f 10 11 9
f 9 11 12
f 14 15 13
f 13 15 16
f 18 19 17
f 17 19 20
f 22 23 21
f 21 23 24
f 26 18 25
f 25 18 17
f 27 28 17
f 17 28 25
f 30 31 29
f 29 31 32
f 34 35 33
f 33 35 36
f 21 24 37
f 37 24 38
f 40 31 39
f 39 31 38
f 34 33 28
f 28 33 25
f 41 42 44
f 44 42 43
f 36 45 33
f 33 45 25
f 46 47 49
f 49 47 48
f 51 52 50
f 50 52 53
f 55 53 54
f 54 53 52
f 57 58 56
f 56 58 59
f 61 62 60
f 60 62 63
f 65 66 64
f 64 66 67
f 69 70 68
f 68 70 71
f 65 73 72
f 72 73 74
f 64 75 65
f 65 75 73
f 77 78 76
f 76 78 79
f 80 81 83
f 83 81 82
f 81 85 84
f 84 85 86
f 88 89 87
f 87 89 69
f 88 87 90
f 90 87 91
f 93 94 92
f 92 94 95
f 96 84 43
f 43 84 44
f 51 98 97
f 97 98 86
f 97 99 51
f 51 99 52
f 54 52 100
f 100 52 99
f 58 101 59
f 59 101 102
f 62 103 63
f 63 103 104
f 105 106 6
f 6 106 5
f 108 109 107
f 107 109 110
f 112 113 111
f 111 113 114
f 116 117 115
f 115 117 118
f 120 121 119
f 119 121 122
f 124 125 123
f 123 125 126
f 128 129 127
f 127 129 130
f 130 131 127
f 127 131 132
f 134 1 133
f 133 1 135
f 1 4 135
f 135 4 136
f 4 8 136
f 136 8 137
f 138 139 15
f 15 139 140
f 140 139 141
f 141 139 142
f 144 57 143
f 143 57 56
f 145 146 141
f 141 146 147
f 146 149 148
f 148 149 150
f 152 153 151
f 151 153 154
f 141 147 140
f 140 147 155
f 157 11 156
f 156 11 158
f 160 161 159
f 159 161 162
f 164 165 163
f 163 165 166
f 165 160 166
f 166 160 159
f 168 169 167
f 167 169 170
f 169 171 170
f 170 171 172
f 149 173 150
f 150 173 174
f 175 176 149
f 149 176 173
f 178 172 177
f 177 172 171
f 180 181 179
f 179 181 182
f 184 180 183
f 183 180 179
f 186 187 185
f 185 187 188
f 190 191 189
f 189 191 192
f 7 193 8
f 8 193 194
f 196 162 195
f 195 162 161
f 197 168 198
f 198 168 167
f 181 199 182
f 182 199 200
f 202 203 201
f 201 203 204
f 187 186 205
f 205 186 206
f 208 209 207
f 207 209 210
f 212 213 211
f 211 213 214
f 215 216 218
f 218 216 217
f 220 209 219
f 219 209 208
f 204 186 221
f 221 186 185
f 201 204 222
f 222 204 221
f 223 211 220
f 220 211 209
f 224 225 214
f 214 225 210
f 203 206 204
f 204 206 186
f 227 187 226
f 226 187 205
f 27 228 21
f 21 228 22
f 230 231 229
f 229 231 232
f 234 235 233
f 233 235 236
f 238 239 237
f 237 239 240
f 119 122 118
f 118 122 115
f 112 242 241
f 241 242 243
f 98 51 244
f 244 51 50
f 245 138 14
f 14 138 15
f 11 10 158
f 158 10 246
f 89 85 69
f 69 85 70
f 11 157 12
f 12 157 247
f 249 164 248
f 248 164 163
f 177 250 178
f 178 250 251
f 253 254 252
f 252 254 255
f 187 227 188
f 188 227 256
f 212 257 213
f 213 257 258
f 260 134 259
f 259 134 133
f 165 164 135
f 135 164 133
f 160 165 136
f 136 165 135
f 136 137 160
f 160 137 161
f 137 261 161
f 161 261 195
f 263 264 262
f 262 264 265
f 13 16 266
f 266 16 267
f 268 267 155
f 155 267 16
f 147 269 155
f 155 269 268
f 162 196 167
f 167 196 198
f 167 170 162
f 162 170 159
f 170 172 159
f 159 172 166
f 172 178 166
f 166 178 163
f 178 251 163
f 163 251 248
f 168 270 169
f 169 270 271
f 272 273 171
f 171 273 177
f 271 272 169
f 169 272 171
f 168 197 270
f 270 197 274
f 250 177 275
f 275 177 273
f 277 45 276
f 276 45 278
f 280 281 279
f 279 281 282
f 284 104 283
f 283 104 103
f 285 215 286
f 286 215 218
f 288 289 287
f 287 289 290
f 291 80 66
f 66 80 83
f 293 294 292
f 292 294 295
f 73 91 74
f 74 91 87
f 91 73 92
f 92 73 75
f 279 77 280
f 280 77 76
f 80 291 70
f 70 291 71
f 277 47 96
f 96 47 82
f 297 175 296
f 296 175 149
f 299 154 298
f 298 154 153
f 225 300 210
f 210 300 207
f 224 301 206
f 206 301 205
f 210 209 214
f 214 209 211
f 226 205 302
f 302 205 301
f 304 305 303
f 303 305 306
f 308 309 307
f 307 309 310
f 72 291 65
f 65 291 66
f 66 83 67
f 67 83 46
f 312 313 311
f 311 313 314
f 316 317 315
f 315 317 36
f 29 318 35
f 35 318 319
f 321 32 320
f 320 32 322
f 311 314 323
f 323 314 324
f 315 325 316
f 316 325 326
f 318 287 319
f 319 287 290
f 328 321 327
f 327 321 320
f 329 330 39
f 39 330 331
f 332 333 40
f 40 333 322
f 309 334 285
f 285 334 335
f 236 2 134
f 134 2 1
f 260 336 233
f 233 336 337
f 237 14 265
f 265 14 13
f 84 86 44
f 44 86 98
f 189 192 7
f 7 192 193
f 44 98 41
f 41 98 244
f 237 240 14
f 14 240 245
f 7 3 189
f 189 3 5
f 338 71 72
f 72 71 291
f 262 265 266
f 266 265 13
f 124 123 339
f 339 123 105
f 123 109 105
f 105 109 106
f 189 5 190
f 190 5 106
f 111 114 12
f 12 114 9
f 264 340 265
f 265 340 237
f 342 343 341
f 341 343 344
f 6 235 105
f 105 235 339
f 234 346 345
f 345 346 347
f 349 350 348
f 348 350 351
f 107 352 108
f 108 352 353
f 355 356 354
f 354 356 357
f 237 340 238
f 238 340 358
f 12 247 111
f 111 247 359
f 264 263 116
f 116 263 360
f 361 362 222
f 222 362 201
f 364 365 363
f 363 365 366
f 368 369 367
f 367 369 370
f 372 373 371
f 371 373 374
f 375 376 372
f 372 376 377
f 378 379 381
f 381 379 380
f 382 383 269
f 269 383 268
f 150 174 365
f 365 174 384
f 380 377 381
f 381 377 376
f 271 270 180
f 180 270 181
f 273 272 252
f 252 272 184
f 272 271 184
f 184 271 180
f 181 270 274
f 252 255 273
f 273 255 275
f 254 385 255
f 255 385 386
f 387 388 179
f 179 388 183
f 389 387 182
f 182 387 179
f 182 200 389
f 389 200 390
f 388 391 183
f 183 391 253
f 391 392 253
f 253 392 254
f 394 379 393
f 393 379 378
f 185 188 395
f 395 188 396
f 221 185 397
f 397 185 395
f 222 221 398
f 398 221 397
f 188 256 396
f 396 256 399
f 400 401 256
f 256 401 399
f 402 403 405
f 405 403 404
f 148 150 364
f 364 150 365
f 393 406 394
f 394 406 407
f 158 246 393
f 393 246 406
f 342 19 238
f 238 19 239
f 23 22 350
f 350 22 354
f 244 50 245
f 245 50 138
f 55 142 53
f 53 142 139
f 145 144 296
f 296 144 143
f 355 228 341
f 341 228 20
f 41 240 42
f 42 240 239
f 283 308 284
f 284 308 307
f 349 409 408
f 408 409 410
f 244 245 41
f 41 245 240
f 268 383 406
f 406 383 407
f 346 411 349
f 349 411 409
f 251 412 248
f 248 412 413
f 275 414 250
f 250 414 415
f 25 45 26
f 26 45 277
f 43 26 96
f 96 26 277
f 416 417 61
f 61 417 62
f 329 24 408
f 408 24 23
f 31 40 32
f 32 40 322
f 39 38 329
f 329 38 24
f 37 38 30
f 30 38 31
f 418 419 421
f 421 419 420
f 78 295 79
f 79 295 294
f 124 339 422
f 422 339 345
f 232 131 357
f 357 131 351
f 2 236 6
f 6 236 235
f 252 184 253
f 253 184 183
f 227 423 256
f 256 423 400
f 423 227 305
f 305 227 226
f 424 258 425
f 425 258 257
f 426 427 212
f 212 427 257
f 259 133 249
f 249 133 164
f 419 418 428
f 428 418 429
f 327 430 328
f 328 430 288
f 49 431 46
f 46 431 67
f 306 302 424
f 424 302 258
f 313 432 314
f 314 432 433
f 32 321 29
f 29 321 318
f 324 314 433
f 287 318 328
f 328 318 321
f 134 260 236
f 236 260 233
f 345 339 234
f 234 339 235
f 357 351 354
f 354 351 350
f 408 23 349
f 349 23 350
f 317 278 36
f 36 278 45
f 432 313 429
f 429 313 428
f 435 428 434
f 434 428 313
f 42 239 18
f 18 239 19
f 43 42 26
f 26 42 18
f 121 120 436
f 436 120 437
f 302 301 258
f 258 301 213
f 110 109 126
f 126 109 123
f 238 358 342
f 342 358 343
f 341 20 342
f 342 20 19
f 322 438 320
f 320 438 439
f 320 439 327
f 327 439 430
f 333 440 322
f 322 440 438
f 289 288 323
f 323 288 430
f 115 340 116
f 116 340 264
f 146 145 149
f 149 145 296
f 15 140 16
f 16 140 155
f 441 442 152
f 152 442 153
f 225 224 203
f 203 224 206
f 175 297 154
f 154 297 151
f 293 443 294
f 294 443 444
f 248 413 249
f 249 413 445
f 446 447 400
f 400 447 401
f 388 387 396
f 396 387 395
f 387 389 395
f 395 389 397
f 391 388 399
f 399 388 396
f 401 392 399
f 399 392 391
f 255 386 275
f 275 386 414
f 449 450 448
f 448 450 451
f 335 452 285
f 285 452 215
f 453 298 442
f 442 298 153
f 211 223 212
f 212 223 426
f 425 257 454
f 454 257 427
f 266 10 262
f 262 10 9
f 360 113 456
f 456 113 455
f 8 194 137
f 137 194 261
f 10 266 246
f 246 266 267
f 203 202 225
f 225 202 300
f 262 9 263
f 263 9 114
f 108 353 190
f 190 353 191
f 389 390 397
f 397 390 398
f 457 422 128
f 128 422 129
f 156 158 378
f 378 158 393
f 347 346 348
f 348 346 349
f 447 458 401
f 401 458 392
f 364 382 148
f 148 382 269
f 55 54 57
f 57 54 58
f 75 64 459
f 459 64 460
f 100 90 101
f 101 90 95
f 101 58 100
f 100 58 54
f 142 55 144
f 144 55 57
f 147 146 269
f 269 146 148
f 459 93 75
f 75 93 92
f 144 145 142
f 142 145 141
f 228 27 20
f 20 27 17
f 154 299 175
f 175 299 176
f 214 213 224
f 224 213 301
f 424 461 306
f 306 461 303
f 285 286 309
f 309 286 310
f 462 334 308
f 308 334 309
f 302 306 226
f 226 306 305
f 37 28 21
f 21 28 27
f 29 35 30
f 30 35 34
f 30 34 37
f 37 34 28
f 344 436 356
f 356 436 229
f 325 290 326
f 326 290 289
f 311 439 312
f 312 439 438
f 35 319 36
f 36 319 315
f 439 311 430
f 430 311 323
f 315 319 325
f 325 319 290
f 440 463 438
f 438 463 312
f 341 344 355
f 355 344 356
f 360 456 116
f 116 456 117
f 354 22 355
f 355 22 228
f 326 289 324
f 324 289 323
f 74 87 68
f 68 87 69
f 50 53 138
f 138 53 139
f 268 406 267
f 267 406 246
f 190 106 108
f 108 106 109
f 241 455 112
f 112 455 113
f 358 122 343
f 343 122 121
f 129 347 130
f 130 347 348
f 348 351 130
f 130 351 131
f 229 232 356
f 356 232 357
f 340 115 358
f 358 115 122
f 111 359 112
f 112 359 242
f 125 124 457
f 457 124 422
f 231 132 232
f 232 132 131
f 343 121 344
f 344 121 436
f 263 114 360
f 360 114 113
f 347 129 345
f 345 129 422
f 230 229 437
f 437 229 436
f 464 446 423
f 423 446 400
f 465 466 468
f 468 466 467
f 470 471 469
f 469 471 472
f 469 472 373
f 373 472 374
f 474 469 473
f 473 469 373
f 471 475 472
f 472 475 476
f 472 477 374
f 374 477 478
f 477 472 476
f 479 480 476
f 476 480 477
f 473 373 377
f 377 373 372
f 481 482 479
f 479 482 480
f 483 484 481
f 481 484 482
f 403 402 485
f 485 402 486
f 487 488 483
f 483 488 484
f 487 489 488
f 488 489 490
f 489 491 490
f 490 491 492
f 491 493 492
f 492 493 494
f 493 495 494
f 494 495 496
f 497 498 481
f 481 498 483
f 484 499 482
f 482 499 367
f 370 480 367
f 367 480 482
f 480 370 477
f 477 370 478
f 500 497 479
f 479 497 481
f 451 473 380
f 380 473 377
f 448 451 379
f 379 451 380
f 501 502 504
f 504 502 503
f 449 505 507
f 507 505 506
f 486 508 505
f 505 508 506
f 508 509 506
f 506 509 510
f 511 507 510
f 510 507 506
f 509 508 512
f 512 508 513
f 515 509 514
f 514 509 512
f 509 515 510
f 510 515 516
f 510 516 511
f 511 516 517
f 486 505 485
f 485 505 518
f 505 449 518
f 518 449 448
f 383 382 403
f 403 382 404
f 363 404 364
f 364 404 382
f 403 485 383
f 383 485 407
f 519 520 361
f 361 520 362
f 522 496 521
f 521 496 495
f 450 474 451
f 451 474 473
f 363 366 523
f 523 366 524
f 525 499 488
f 488 499 484
f 488 490 525
f 525 490 526
f 496 522 520
f 520 522 527
f 494 496 519
f 519 496 520
f 492 494 528
f 528 494 519
f 529 530 495
f 495 530 521
f 490 492 526
f 526 492 528
f 529 495 531
f 531 495 493
f 533 534 532
f 532 534 535
f 523 524 533
f 533 524 534
f 486 402 532
f 532 402 533
f 529 536 530
f 530 536 537
f 536 538 537
f 537 538 539
f 540 541 539
f 539 541 537
f 530 537 535
f 535 537 541
f 542 539 543
f 543 539 538
f 539 542 540
f 540 542 544
f 541 540 513
f 513 540 512
f 540 544 512
f 512 544 514
f 546 547 545
f 545 547 548
f 549 550 531
f 531 550 551
f 550 549 552
f 552 549 553
f 546 550 554
f 554 550 552
f 547 546 555
f 555 546 554
f 498 556 558
f 558 556 557
f 559 557 560
f 560 557 556
f 561 562 560
f 560 562 559
f 557 559 552
f 552 559 554
f 559 562 554
f 554 562 555
f 558 557 553
f 553 557 552
f 475 471 563
f 563 471 564
f 565 563 567
f 567 563 566
f 471 470 564
f 564 470 466
f 564 466 568
f 568 466 465
f 568 465 569
f 569 465 570
f 572 573 571
f 571 573 574
f 569 575 567
f 567 575 576
f 577 565 576
f 576 565 567
f 578 579 581
f 581 579 580
f 575 561 576
f 576 561 560
f 556 577 560
f 560 577 576
f 577 556 497
f 497 556 498
f 565 577 500
f 500 577 497
f 563 565 475
f 475 565 500
f 553 489 558
f 558 489 487
f 531 493 549
f 549 493 491
f 489 553 491
f 491 553 549
f 394 407 518
f 518 407 485
f 518 448 394
f 394 448 379
f 545 548 538
f 538 548 543
f 551 545 536
f 536 545 538
f 536 529 551
f 551 529 531
f 507 582 449
f 449 582 450
f 511 583 507
f 507 583 582
f 511 517 583
f 583 517 584
f 585 586 588
f 588 586 587
f 590 591 589
f 589 591 592
f 591 590 593
f 593 590 594
f 596 597 595
f 595 597 598
f 599 600 602
f 602 600 601
f 604 605 603
f 603 605 606
f 608 609 607
f 607 609 610
f 612 613 611
f 611 613 614
f 615 616 618
f 618 616 617
f 620 621 619
f 619 621 622
f 624 625 623
f 623 625 626
f 628 629 627
f 627 629 630
f 632 633 631
f 631 633 634
f 635 636 638
f 638 636 637
f 639 640 642
f 642 640 641
f 644 645 643
f 643 645 646
f 619 622 647
f 647 622 648
f 650 651 649
f 649 651 652
f 601 653 602
f 602 653 654
f 656 657 655
f 655 657 658
f 660 661 659
f 659 661 662
f 664 665 663
f 663 665 666
f 593 594 667
f 667 594 668
f 669 670 672
f 672 670 671
f 673 674 676
f 676 674 675
f 633 632 677
f 677 632 678
f 663 666 679
f 679 666 680
f 681 682 684
f 684 682 683
f 686 687 685
f 685 687 688
f 690 661 689
f 689 661 691
f 693 686 692
f 692 686 685
f 695 597 694
f 694 597 668
f 594 696 668
f 668 696 694
f 697 698 696
f 696 698 699
f 700 701 697
f 697 701 698
f 702 585 703
f 703 585 588
f 671 690 672
f 672 690 689
f 640 639 704
f 704 639 705
f 679 706 663
f 663 706 658
f 708 709 707
f 707 709 710
f 711 712 610
f 610 712 607
f 713 714 716
f 716 714 715
f 717 718 720
f 720 718 719
f 722 634 721
f 721 634 633
f 724 725 723
f 723 725 726
f 728 729 727
f 727 729 730
f 732 733 731
f 731 733 734
f 707 710 735
f 735 710 736
f 643 737 644
f 644 737 738
f 740 741 739
f 739 741 742
f 608 744 743
f 743 744 745
f 747 748 746
f 746 748 749
f 751 752 750
f 750 752 753
f 754 755 757
f 757 755 756
f 758 759 761
f 761 759 760
f 763 764 762
f 762 764 765
f 767 768 766
f 766 768 769
f 771 772 770
f 770 772 773
f 775 776 774
f 774 776 777
f 779 780 778
f 778 780 781
f 783 712 782
f 782 712 784
f 785 786 788
f 788 786 787
f 790 628 789
f 789 628 627
f 792 793 791
f 791 793 794
f 795 796 726
f 726 796 723
f 798 799 797
f 797 799 800
f 721 633 801
f 801 633 677
f 797 800 802
f 802 800 803
f 805 806 804
f 804 806 807
f 809 810 808
f 808 810 811
f 813 814 812
f 812 814 815
f 809 808 817
f 817 808 816
f 818 819 804
f 804 819 805
f 820 821 818
f 818 821 819
f 821 820 587
f 587 820 822
f 809 823 810
f 810 823 824
f 814 807 815
f 815 807 806
f 826 426 825
f 825 426 223
f 426 826 427
f 427 826 827
f 828 829 454
f 454 829 830
f 831 832 677
f 677 832 801
f 834 835 833
f 833 835 836
f 838 839 837
f 837 839 840
f 841 842 844
f 844 842 843
f 845 846 803
f 803 846 802
f 847 831 678
f 678 831 677
f 848 849 851
f 851 849 850
f 853 854 852
f 852 854 855
f 857 858 856
f 856 858 680
f 860 861 859
f 859 861 862
f 864 865 863
f 863 865 866
f 868 869 867
f 867 869 870
f 839 871 840
f 840 871 872
f 849 848 874
f 874 848 873
f 876 877 875
f 875 877 878
f 880 881 879
f 879 881 882
f 883 884 886
f 886 884 885
f 846 887 802
f 802 887 888
f 890 891 889
f 889 891 888
f 893 894 892
f 892 894 895
f 896 897 728
f 728 897 729
f 899 900 898
f 898 900 901
f 902 852 904
f 904 852 903
f 849 905 850
f 850 905 906
f 875 878 907
f 907 878 908
f 910 911 909
f 909 911 912
f 914 915 913
f 913 915 916
f 917 918 862
f 862 918 859
f 919 920 856
f 856 920 921
f 923 924 922
f 922 924 925
f 926 927 925
f 925 927 922
f 929 930 928
f 928 930 693
f 932 695 931
f 931 695 694
f 823 867 824
f 824 867 933
f 935 936 934
f 934 936 937
f 938 868 823
f 823 868 867
f 940 847 939
f 939 847 678
f 632 655 678
f 678 655 939
f 941 942 619
f 619 942 620
f 687 943 688
f 688 943 944
f 851 850 945
f 945 850 903
f 850 906 903
f 903 906 904
f 946 947 949
f 949 947 948
f 951 952 950
f 950 952 953
f 955 956 954
f 954 956 957
f 907 958 875
f 875 958 874
f 960 961 959
f 959 961 962
f 963 853 902
f 902 853 852
f 909 964 910
f 910 964 965
f 967 968 966
f 966 968 969
f 971 972 970
f 970 972 973
f 974 960 975
f 975 960 959
f 977 978 976
f 976 978 979
f 981 977 980
f 980 977 976
f 980 982 981
f 981 982 983
f 985 983 984
f 984 983 982
f 984 986 985
f 985 986 987
f 989 990 988
f 988 990 991
f 993 994 992
f 992 994 995
f 997 998 996
f 996 998 999
f 1001 1002 1000
f 1000 1002 1003
f 1005 1006 1004
f 1004 1006 1007
f 1004 1008 1005
f 1005 1008 1009
f 1008 1010 1009
f 1009 1010 1011
f 1013 1011 1012
f 1012 1011 1010
f 1014 1015 1017
f 1017 1015 1016
f 1019 1020 1018
f 1018 1020 1021
f 1022 1023 976
f 976 1023 980
f 1024 1025 982
f 982 1025 984
f 992 995 1026
f 1026 995 1027
f 956 955 1028
f 1028 955 1029
f 1030 1031 1033
f 1033 1031 1032
f 1010 1008 1034
f 1034 1008 1035
f 1008 1004 1035
f 1035 1004 1036
f 1037 1038 1002
f 1002 1038 1007
f 1002 1001 1037
f 1037 1001 1039
f 1040 1041 997
f 997 1041 998
f 1015 1014 1043
f 1043 1014 1042
f 1044 1045 1047
f 1047 1045 1046
f 1044 1020 1048
f 1048 1020 1049
f 1050 1051 1003
f 1003 1051 1000
f 1052 1050 1006
f 1006 1050 1003
f 1053 1054 1011
f 1011 1054 1009
f 1013 1045 1055
f 1055 1045 1056
f 1058 1059 1057
f 1057 1059 1060
f 1062 1063 1061
f 1061 1063 1064
f 1065 1066 1050
f 1050 1066 1051
f 1067 1065 1052
f 1052 1065 1050
f 1068 1069 1054
f 1054 1069 1070
f 1071 1068 1053
f 1053 1068 1054
f 1073 1071 1072
f 1072 1071 1074
f 1074 1071 1055
f 1055 1071 1053
f 1076 1077 1075
f 1075 1077 1078
f 1079 1080 1057
f 1057 1080 1058
f 1081 1082 1064
f 1064 1082 1061
f 1084 1085 1083
f 1083 1085 1086
f 1088 1089 1087
f 1087 1089 1090
f 1092 1093 1091
f 1091 1093 1094
f 1096 1097 1095
f 1095 1097 1098
f 1099 1100 1102
f 1102 1100 1101
f 1103 1104 1099
f 1099 1104 1100
f 1106 1107 1105
f 1105 1107 1108
f 1110 1111 1109
f 1109 1111 1112
f 1114 1115 1113
f 1113 1115 1116
f 1118 1119 1117
f 1117 1119 1077
f 1117 1120 1122
f 1122 1120 1121
f 1105 1123 1106
f 1106 1123 1124
f 1125 1126 1128
f 1128 1126 1127
f 1130 1131 1129
f 1129 1131 1132
f 1134 1135 1133
f 1133 1135 1114
f 1113 1136 1114
f 1114 1136 1133
f 1118 1137 1113
f 1113 1137 1136
f 1118 1117 1137
f 1137 1117 1122
f 1139 1140 1138
f 1138 1140 1141
f 1143 953 1142
f 1142 953 952
f 1145 957 1144
f 1144 957 956
f 1028 1146 956
f 956 1146 1144
f 1014 1147 1042
f 1042 1147 1148
f 1014 1017 1147
f 1147 1017 1149
f 1059 1058 1150
f 1150 1058 1151
f 1153 1080 1152
f 1152 1080 1154
f 1156 1088 1155
f 1155 1088 1087
f 1157 1158 1106
f 1106 1158 1107
f 1106 1124 1157
f 1157 1124 1159
f 1161 1162 1160
f 1160 1162 1163
f 1165 1166 1164
f 1164 1166 1167
f 1168 1031 1012
f 1012 1031 1046
f 1024 1023 1035
f 1035 1023 1034
f 1036 1038 1025
f 1025 1038 1169
f 1170 1171 1039
f 1039 1171 1037
f 1028 1029 1042
f 1042 1029 1043
f 1172 1173 1175
f 1175 1173 1174
f 1055 1053 1013
f 1013 1053 1011
f 1005 1009 1070
f 1070 1009 1054
f 996 999 1062
f 1062 999 1063
f 1016 1060 1017
f 1017 1060 1059
f 1017 1059 1149
f 1149 1059 1150
f 1177 1178 1176
f 1176 1178 1103
f 1176 1072 1179
f 1179 1072 1074
f 1073 1102 1086
f 1086 1102 1083
f 1180 1181 1067
f 1067 1181 1065
f 1182 1183 1184
f 1184 1183 1181
f 1186 1187 1185
f 1185 1187 1188
f 1189 1190 798
f 798 1190 799
f 1192 1193 1191
f 1191 1193 1194
f 1195 1196 1194
f 1194 1196 1191
f 1196 1195 1198
f 1198 1195 1197
f 1200 674 1199
f 1199 674 673
f 928 1201 1203
f 1203 1201 1202
f 861 1204 862
f 862 1204 921
f 1205 1206 913
f 913 1206 1207
f 882 1208 879
f 879 1208 1209
f 1210 1211 1167
f 1167 1211 1164
f 1212 769 1213
f 1213 769 768
f 727 1214 728
f 728 1214 1215
f 1217 1218 1216
f 1216 1218 1219
f 1220 813 1221
f 1221 813 812
f 827 828 427
f 427 828 454
f 1223 1224 1222
f 1222 1224 1165
f 1226 1227 1225
f 1225 1227 1228
f 851 1229 848
f 848 1229 1230
f 834 854 835
f 835 854 1231
f 1233 1234 1232
f 1232 1234 1235
f 1237 751 1236
f 1236 751 750
f 743 819 1238
f 1238 819 821
f 1240 1241 1239
f 1239 1241 1242
f 1244 1245 1243
f 1243 1245 1246
f 844 1247 841
f 841 1247 1248
f 1250 1251 1249
f 1249 1251 1252
f 1254 893 1253
f 1253 893 1237
f 1255 1256 1258
f 1258 1256 1257
f 1260 1261 1259
f 1259 1261 1262
f 945 903 855
f 855 903 852
f 855 1263 945
f 945 1263 1264
f 832 845 801
f 801 845 803
f 800 721 803
f 803 721 801
f 721 800 722
f 722 800 799
f 1266 1267 1265
f 1265 1267 1268
f 1270 795 1269
f 1269 795 726
f 725 1271 726
f 726 1271 1269
f 737 765 738
f 738 765 764
f 759 740 760
f 760 740 739
f 717 1272 1274
f 1274 1272 1273
f 1163 1226 1275
f 1275 1226 1225
f 1277 882 1276
f 1276 882 881
f 1041 1040 1027
f 1027 1040 1026
f 900 935 901
f 901 935 934
f 1164 1278 1165
f 1165 1278 1222
f 1211 1279 1164
f 1164 1279 1278
f 442 1280 453
f 453 1280 1281
f 788 1282 785
f 785 1282 1283
f 1285 1286 1284
f 1284 1286 1287
f 1284 1288 1285
f 1285 1288 1289
f 757 1289 754
f 754 1289 1288
f 605 604 675
f 675 604 676
f 1290 1291 1293
f 1293 1291 1292
f 1295 1296 1294
f 1294 1296 1297
f 696 699 694
f 694 699 931
f 1298 1299 592
f 592 1299 589
f 1299 1300 589
f 589 1300 700
f 1300 1301 700
f 700 1301 701
f 743 745 819
f 819 745 805
f 1303 1304 1302
f 1302 1304 1305
f 1306 1307 1305
f 1305 1307 1302
f 609 1298 610
f 610 1298 592
f 587 822 588
f 588 822 1308
f 703 588 1309
f 1309 588 1308
f 1310 703 571
f 571 703 1309
f 1311 1312 789
f 789 1312 790
f 825 223 1313
f 1313 223 220
f 219 1314 220
f 220 1314 1313
f 1315 1316 1311
f 1311 1316 1312
f 1317 1318 1319
f 1319 1318 1241
f 441 1320 442
f 442 1320 1280
f 1321 217 572
f 572 217 216
f 1323 1230 1322
f 1322 1230 1229
f 1324 1325 631
f 631 1325 656
f 1034 1168 1010
f 1010 1168 1012
f 1327 1328 1326
f 1326 1328 1329
f 1331 1202 1330
f 1330 1202 1201
f 571 1309 572
f 572 1309 1321
f 573 572 1332
f 1332 572 216
f 1334 1335 1333
f 1333 1335 1336
f 1337 1338 918
f 918 1338 859
f 1339 863 1340
f 1340 863 866
f 1341 1342 1344
f 1344 1342 1343
f 1345 1346 919
f 919 1346 920
f 1347 1348 673
f 673 1348 1199
f 693 1349 928
f 928 1349 1201
f 1351 1257 1350
f 1350 1257 1256
f 1350 1352 1351
f 1351 1352 1353
f 653 930 654
f 654 930 662
f 1279 1354 1278
f 1278 1354 1355
f 1357 1358 1356
f 1356 1358 1359
f 937 1360 1140
f 1140 1360 1361
f 1225 1228 909
f 909 1228 964
f 901 934 1362
f 1362 934 1139
f 1364 1365 1363
f 1363 1365 1362
f 1367 912 1366
f 1366 912 911
f 1143 1142 1368
f 1368 1142 1369
f 1144 1186 1145
f 1145 1186 1185
f 1146 1175 1144
f 1144 1175 1186
f 1175 1146 1172
f 1172 1146 1148
f 1147 1018 1148
f 1148 1018 1172
f 1018 1147 1019
f 1019 1147 1149
f 1149 1150 1019
f 1019 1150 1370
f 1150 1151 1370
f 1370 1151 1371
f 1151 1153 1371
f 1371 1153 1177
f 1152 1156 1178
f 1178 1156 1372
f 1155 1158 1373
f 1373 1158 1374
f 1157 1159 1376
f 1376 1159 1375
f 1378 1379 1377
f 1377 1379 1380
f 1382 1383 1381
f 1381 1383 1384
f 1382 1386 1385
f 1385 1386 1387
f 1386 1233 1387
f 1387 1233 1232
f 1389 1390 1388
f 1388 1390 1391
f 1393 1394 1392
f 1392 1394 1395
f 1397 1398 1396
f 1396 1398 1399
f 629 1397 630
f 630 1397 1396
f 1342 1400 1343
f 1343 1400 1401
f 1403 1404 1402
f 1402 1404 1405
f 1407 1408 1406
f 1406 1408 1409
f 1411 1412 1410
f 1410 1412 1413
f 793 1414 794
f 794 1414 1415
f 1417 1341 1416
f 1416 1341 1344
f 704 705 1347
f 1347 705 1418
f 741 1419 742
f 742 1419 1420
f 1422 669 1421
f 1421 669 672
f 645 1423 646
f 646 1423 1424
f 1196 1198 614
f 614 1198 611
f 613 1425 614
f 614 1425 1426
f 1427 616 659
f 659 616 660
f 614 1426 1196
f 1196 1426 1191
f 696 594 697
f 697 594 590
f 697 590 700
f 700 590 589
f 703 1310 702
f 702 1310 1428
f 1421 672 1192
f 1192 672 689
f 1271 648 1269
f 1269 648 622
f 621 1270 622
f 622 1270 1269
f 1429 1430 1417
f 1417 1430 1341
f 1431 1432 1434
f 1434 1432 1433
f 1436 1437 1435
f 1435 1437 1438
f 1440 1441 1439
f 1439 1441 1442
f 1443 1444 1446
f 1446 1444 1445
f 823 809 938
f 938 809 817
f 810 1447 811
f 811 1447 1448
f 1449 1450 679
f 679 1450 706
f 913 916 1205
f 1205 916 1451
f 1275 1225 912
f 912 1225 909
f 1452 1453 880
f 880 1453 881
f 1444 1401 1445
f 1445 1401 1400
f 936 1454 937
f 937 1454 1360
f 824 1455 810
f 810 1455 1447
f 631 656 632
f 632 656 655
f 966 1456 967
f 967 1456 1457
f 1459 1460 1458
f 1458 1460 1461
f 1460 1462 1461
f 1461 1462 1463
f 972 974 973
f 973 974 975
f 990 995 991
f 991 995 994
f 1464 1187 1033
f 1033 1187 1174
f 1018 1021 1172
f 1172 1021 1173
f 1000 999 1001
f 1001 999 998
f 976 979 1022
f 1022 979 1032
f 1023 1024 980
f 980 1024 982
f 989 986 1171
f 1171 986 1169
f 1171 1170 989
f 989 1170 990
f 1170 1027 990
f 990 1027 995
f 1041 1039 998
f 998 1039 1001
f 1051 1063 1000
f 1000 1063 999
f 1066 1064 1051
f 1051 1064 1063
f 1183 1081 1066
f 1066 1081 1064
f 1178 1372 1103
f 1103 1372 1104
f 1092 1091 1465
f 1465 1091 1182
f 1467 1465 1466
f 1466 1465 1468
f 1469 1470 1184
f 1184 1470 1468
f 1095 1098 1471
f 1471 1098 1101
f 1076 1374 1120
f 1120 1374 1376
f 1110 1472 1127
f 1127 1472 1132
f 1472 1473 1132
f 1132 1473 1129
f 1474 1475 1466
f 1466 1475 1473
f 1119 1118 1116
f 1116 1118 1113
f 1375 1121 1376
f 1376 1121 1120
f 1127 1132 1128
f 1128 1132 1131
f 1227 1476 1228
f 1228 1476 1361
f 1365 1477 1362
f 1362 1477 872
f 1478 1479 1323
f 1323 1479 1230
f 1480 1481 914
f 914 1481 915
f 913 1277 914
f 914 1277 1276
f 1168 1034 1022
f 1022 1034 1023
f 1035 1036 1024
f 1024 1036 1025
f 1039 1041 1170
f 1170 1041 1027
f 1042 1148 1028
f 1028 1148 1146
f 968 1459 969
f 969 1459 1458
f 1482 1483 664
f 664 1483 665
f 1485 1486 1484
f 1484 1486 1487
f 1489 1490 1488
f 1488 1490 1491
f 1492 1493 722
f 722 1493 634
f 1495 1496 1494
f 1494 1496 1497
f 1498 1207 1339
f 1339 1207 863
f 1224 1499 1165
f 1165 1499 1166
f 1160 1163 1500
f 1500 1163 1275
f 1500 877 1160
f 1160 877 1501
f 876 873 1502
f 1502 873 1479
f 945 1264 851
f 851 1264 1229
f 835 1231 839
f 839 1231 871
f 1503 1283 778
f 778 1283 1282
f 716 715 1505
f 1505 715 1504
f 1446 1445 1507
f 1507 1445 1506
f 779 792 1381
f 1381 792 791
f 1430 1409 1341
f 1341 1409 1342
f 1411 1429 1508
f 1508 1429 1417
f 635 1510 1509
f 1509 1510 1511
f 1377 1380 1315
f 1315 1380 1316
f 1445 1400 1506
f 1506 1400 1408
f 918 917 1336
f 1336 917 1333
f 1513 1514 1512
f 1512 1514 870
f 1515 1516 1363
f 1363 1516 1364
f 1453 1517 881
f 881 1517 1276
f 992 1518 993
f 993 1518 1519
f 1520 1029 1518
f 1518 1029 955
f 1520 1026 1521
f 1521 1026 1040
f 1522 1015 1521
f 1521 1015 1043
f 996 1523 997
f 997 1523 1522
f 1060 1016 1524
f 1524 1016 1523
f 1061 1525 1062
f 1062 1525 1524
f 1079 1527 1526
f 1526 1527 1528
f 1093 1529 1094
f 1094 1529 1528
f 1111 1530 1112
f 1112 1530 1531
f 1532 1533 1105
f 1105 1533 1123
f 934 937 1139
f 1139 937 1140
f 1138 1363 1139
f 1139 1363 1362
f 1534 1222 1355
f 1355 1222 1278
f 1535 1223 1534
f 1534 1223 1222
f 821 587 1238
f 1238 587 586
f 1319 711 1317
f 1317 711 1536
f 1538 1200 1537
f 1537 1200 1199
f 1508 1417 1539
f 1539 1417 1416
f 1540 1541 840
f 840 1541 837
f 1231 898 871
f 871 898 901
f 1500 1275 1367
f 1367 1275 912
f 1543 1379 1542
f 1542 1379 1395
f 1539 772 1508
f 1508 772 1544
f 1546 1403 1545
f 1545 1403 1402
f 1548 1549 1547
f 1547 1549 1550
f 1552 1548 1551
f 1551 1548 1547
f 1554 1555 1553
f 1553 1555 1556
f 1558 1559 1557
f 1557 1559 1560
f 1562 1563 1561
f 1561 1563 1564
f 1566 1567 1565
f 1565 1567 1568
f 1570 1571 1569
f 1569 1571 1572
f 1574 1575 1573
f 1573 1575 1576
f 1577 1578 1572
f 1572 1578 1569
f 1580 1581 1579
f 1579 1581 1582
f 1584 1585 1583
f 1583 1585 1586
f 1588 1555 1587
f 1587 1555 1589
f 1591 1592 1590
f 1590 1592 1593
f 1595 1596 1594
f 1594 1596 1597
f 1596 1581 1597
f 1597 1581 1576
f 1599 1570 1598
f 1598 1570 1569
f 1601 1602 1600
f 1600 1602 1603
f 1605 1606 1604
f 1604 1606 1607
f 1608 1609 1568
f 1568 1609 1565
f 1611 1612 1610
f 1610 1612 1613
f 1615 1616 1614
f 1614 1616 1617
f 1619 1617 1618
f 1618 1617 1616
f 1621 1622 1620
f 1620 1622 1623
f 1625 1626 1624
f 1624 1626 1627
f 1629 1630 1628
f 1628 1630 1631
f 1633 1634 1632
f 1632 1634 1635
f 1636 1637 1639
f 1639 1637 1638
f 1641 1642 1640
f 1640 1642 1643
f 1624 1627 1644
f 1644 1627 1645
f 1647 1648 1646
f 1646 1648 1649
f 1651 1652 1650
f 1650 1652 1653
f 1655 1656 1654
f 1654 1656 1657
f 1659 1660 1658
f 1658 1660 1661
f 1662 1663 1631
f 1631 1663 1628
f 1651 1665 1664
f 1664 1665 1666
f 1667 1656 1619
f 1619 1656 1617
f 1669 1670 1668
f 1668 1670 1671
f 1632 1635 1672
f 1672 1635 1673
f 1674 1675 1638
f 1638 1675 1639
f 1677 1678 1676
f 1676 1678 1679
f 1680 1640 1681
f 1681 1640 1643
f 1682 1683 1643
f 1643 1683 1681
f 1670 1669 1235
f 1235 1669 1232
f 1396 1399 1674
f 1674 1399 1675
f 627 630 1679
f 1679 630 1676
f 1681 1315 1680
f 1680 1315 1311
f 1683 1377 1681
f 1681 1377 1315
f 1672 1673 1387
f 1387 1673 1385
f 1636 1684 1646
f 1646 1684 1685
f 1687 1688 1686
f 1686 1688 1689
f 1585 1690 1586
f 1586 1690 1691
f 1599 1692 1551
f 1551 1692 1693
f 1552 1558 1694
f 1694 1558 1557
f 1696 1615 1695
f 1695 1615 1614
f 1698 1699 1697
f 1697 1699 1623
f 1700 1701 1703
f 1703 1701 1702
f 1705 1706 1704
f 1704 1706 1707
f 1708 1709 1640
f 1640 1709 1641
f 1710 1711 1713
f 1713 1711 1712
f 1652 1655 1653
f 1653 1655 1654
f 1714 1699 1712
f 1712 1699 1713
f 1715 1710 1716
f 1716 1710 1713
f 1717 1708 1680
f 1680 1708 1640
f 1393 1392 1715
f 1715 1392 1710
f 1719 1720 1718
f 1718 1720 1721
f 1680 1311 1717
f 1717 1311 789
f 1378 1711 1392
f 1392 1711 1710
f 1388 1391 1719
f 1719 1391 1720
f 1723 1606 1722
f 1722 1606 1689
f 1725 1568 1724
f 1724 1568 1567
f 1726 1647 1685
f 1685 1647 1646
f 1728 1554 1727
f 1727 1554 1553
f 1591 1687 1600
f 1600 1687 1686
f 1730 1595 1729
f 1729 1595 1594
f 1601 1605 1731
f 1731 1605 1604
f 1733 1663 1732
f 1732 1663 1734
f 1736 1639 1735
f 1735 1639 1675
f 1658 1644 1737
f 1737 1644 1645
f 1726 1662 1724
f 1724 1662 1631
f 1399 1738 1675
f 1675 1738 1735
f 1621 1667 1739
f 1739 1667 1619
f 1714 1740 1620
f 1620 1740 1741
f 1592 1549 1593
f 1593 1549 1742
f 1602 1571 1603
f 1603 1571 1550
f 1688 1690 1689
f 1689 1690 1722
f 1588 1559 1582
f 1582 1559 1579
f 1673 1735 1385
f 1385 1735 1738
f 1387 1232 1672
f 1672 1232 1669
f 1580 1692 1573
f 1573 1692 1743
f 1377 1683 1378
f 1378 1683 1711
f 1664 1666 1744
f 1744 1666 1745
f 1744 1696 1664
f 1664 1696 1695
f 1746 1747 1732
f 1732 1747 1748
f 1749 1750 1677
f 1677 1750 1678
f 1709 1708 1750
f 1750 1708 1678
f 1668 1632 1669
f 1669 1632 1672
f 1633 1746 1734
f 1734 1746 1732
f 1679 1678 1717
f 1717 1678 1708
f 789 627 1717
f 1717 627 1679
f 1563 1723 1564
f 1564 1723 1722
f 1728 1584 1751
f 1751 1584 1583
f 1674 1676 1396
f 1396 1676 630
f 1666 1566 1745
f 1745 1566 1565
f 1627 1629 1645
f 1645 1629 1628
f 1637 1749 1638
f 1638 1749 1677
f 1648 1665 1649
f 1649 1665 1752
f 1740 1642 1741
f 1741 1642 1657
f 1676 1674 1677
f 1677 1674 1638
f 1683 1682 1711
f 1711 1682 1712
f 1618 1753 1619
f 1619 1753 1739
f 1701 1739 1702
f 1702 1739 1753
f 1754 1214 1756
f 1756 1214 1755
f 647 1757 619
f 619 1757 941
f 1759 1193 1758
f 1758 1193 691
f 1419 1760 1420
f 1420 1760 1761
f 682 1762 683
f 683 1762 1763
f 1412 780 1413
f 1413 780 1384
f 1383 1398 1384
f 1384 1398 1413
f 1197 1424 1764
f 1764 1424 1423
f 1537 1287 1538
f 1538 1287 1286
f 1634 1684 1635
f 1635 1684 1736
f 1724 1631 1725
f 1725 1631 1630
f 1562 1730 1610
f 1610 1730 1729
f 1735 1673 1736
f 1736 1673 1635
f 1757 1195 941
f 941 1195 1194
f 1766 200 1765
f 1765 200 199
f 475 500 476
f 476 500 479
f 498 558 483
f 483 558 487
f 545 551 546
f 546 551 550
f 453 1281 219
f 219 1281 1314
f 298 453 208
f 208 453 219
f 368 1765 1767
f 1767 1765 199
f 523 405 363
f 363 405 404
f 523 533 405
f 405 533 402
f 298 208 299
f 299 208 207
f 299 207 176
f 176 207 300
f 176 300 173
f 173 300 202
f 173 202 174
f 174 202 201
f 1337 918 1768
f 1768 918 1336
f 1769 1770 1338
f 1338 1770 859
f 581 570 578
f 578 570 1771
f 555 562 580
f 580 562 561
f 504 1772 501
f 501 1772 548
f 517 542 584
f 584 542 543
f 515 514 516
f 516 514 544
f 542 517 544
f 544 517 516
f 561 575 580
f 580 575 581
f 575 569 581
f 581 569 570
f 501 548 1773
f 1773 548 547
f 1774 1775 570
f 570 1775 1771
f 369 368 1776
f 1776 368 1767
f 372 369 375
f 375 369 1776
f 822 1280 1308
f 1308 1280 1320
f 820 1281 822
f 822 1281 1280
f 818 1314 820
f 820 1314 1281
f 1314 818 1313
f 1313 818 804
f 807 814 825
f 825 814 826
f 814 813 826
f 826 813 827
f 813 1220 827
f 827 1220 828
f 580 579 555
f 555 579 547
f 1477 1540 872
f 872 1540 840
f 367 499 368
f 368 499 1765
f 1766 1765 525
f 525 1765 499
f 1777 1766 526
f 526 1766 525
f 520 527 362
f 362 527 384
f 361 1778 519
f 519 1778 528
f 371 1779 372
f 372 1779 369
f 369 1779 370
f 370 1779 478
f 1779 371 478
f 478 371 374
f 1778 1777 528
f 528 1777 526
f 1781 1782 1780
f 1780 1782 1783
f 431 460 67
f 67 460 64
f 68 338 74
f 74 338 72
f 1785 1782 1784
f 1784 1782 1786
f 1787 1788 1790
f 1790 1788 1789
f 1792 1789 1791
f 1791 1789 1793
f 1791 1794 1792
f 1792 1794 1795
f 1794 1796 1795
f 1795 1796 1797
f 1797 1798 938
f 938 1798 868
f 1798 1799 868
f 868 1799 869
f 1801 1802 1800
f 1800 1802 1451
f 1803 1804 1205
f 1205 1804 1206
f 1805 1806 864
f 864 1806 865
f 1806 1807 865
f 865 1807 1808
f 68 71 338
f 287 328 288
f 1320 1321 1308
f 1308 1321 1309
f 1320 441 1321
f 1321 441 217
f 441 152 217
f 217 152 218
f 151 286 152
f 152 286 218
f 297 310 151
f 151 310 286
f 296 307 297
f 297 307 310
f 296 143 307
f 307 143 284
f 143 56 284
f 284 56 104
f 56 59 104
f 104 59 63
f 59 102 63
f 63 102 60
f 102 94 60
f 60 94 282
f 93 459 279
f 279 459 77
f 459 460 77
f 77 460 78
f 460 431 78
f 78 431 295
f 431 49 295
f 295 49 292
f 48 421 49
f 49 421 292
f 276 278 418
f 418 278 429
f 317 432 278
f 278 432 429
f 432 317 433
f 433 317 316
f 326 324 316
f 316 324 433
f 1536 592 1809
f 1809 592 591
f 1810 744 1812
f 1812 744 1811
f 1814 1815 1813
f 1813 1815 1816
f 1817 748 1818
f 1818 748 747
f 1812 1819 1810
f 1810 1819 1817
f 1820 1821 748
f 748 1821 749
f 1823 1824 1822
f 1822 1824 1825
f 1827 1828 1826
f 1826 1828 1829
f 1831 1832 1830
f 1830 1832 1833
f 1834 1827 1243
f 1243 1827 1826
f 1313 804 825
f 825 804 807
f 1835 1253 1236
f 1236 1253 1237
f 1836 1837 1438
f 1438 1837 1435
f 1838 1505 1840
f 1840 1505 1839
f 1841 1842 716
f 716 1842 713
f 1843 1844 1510
f 1510 1844 1845
f 1847 1848 1846
f 1846 1848 1849
f 1850 1240 1822
f 1822 1240 1239
f 636 1831 637
f 637 1831 1830
f 1852 1853 1851
f 1851 1853 1854
f 1855 1856 1858
f 1858 1856 1857
f 1846 1849 1859
f 1859 1849 1860
f 1343 1401 1509
f 1509 1401 1861
f 1509 1861 635
f 635 1861 636
f 1863 1864 1862
f 1862 1864 1865
f 1283 1503 1867
f 1867 1503 1866
f 1868 1867 681
f 681 1867 682
f 1286 1285 683
f 683 1285 684
f 757 756 1274
f 1274 756 1869
f 1274 1869 717
f 717 1869 718
f 1434 1433 719
f 719 1433 720
f 1200 1538 1545
f 1545 1538 1763
f 1285 1289 684
f 684 1289 1273
f 684 1273 681
f 681 1273 1272
f 785 1283 1868
f 1868 1283 1867
f 786 785 1870
f 1870 785 1868
f 1289 757 1273
f 1273 757 1274
f 1539 1416 1871
f 1871 1416 1872
f 773 1871 1403
f 1403 1871 1404
f 675 674 1405
f 1405 674 1402
f 1864 1873 1865
f 1865 1873 1874
f 638 1843 635
f 635 1843 1510
f 1344 1343 1511
f 1511 1343 1509
f 772 1539 773
f 773 1539 1871
f 674 1200 1402
f 1402 1200 1545
f 1538 1286 1763
f 1763 1286 683
f 1444 1443 1875
f 1875 1443 1876
f 1875 1876 1831
f 1831 1876 1832
f 1416 1344 1872
f 1872 1344 1511
f 1877 1878 774
f 774 1878 1879
f 1878 1847 1879
f 1879 1847 1846
f 1880 714 1881
f 1881 714 1848
f 1401 1444 1861
f 1861 1444 1875
f 1861 1875 636
f 636 1875 1831
f 1823 1863 1882
f 1882 1863 1862
f 1441 1440 1884
f 1884 1440 1883
f 1883 1852 1884
f 1884 1852 1851
f 1886 1887 1885
f 1885 1887 1888
f 1358 1889 1359
f 1359 1889 1890
f 1891 1886 1892
f 1892 1886 1885
f 774 1879 775
f 775 1879 1893
f 1859 1893 1846
f 1846 1893 1879
f 713 1842 1849
f 1849 1842 1860
f 1318 1895 1894
f 1894 1895 1896
f 1873 1897 1874
f 1874 1897 1898
f 1898 605 1899
f 1899 605 675
f 1405 1844 675
f 675 1844 1899
f 1404 1845 1405
f 1405 1845 1844
f 593 1296 591
f 591 1296 1809
f 1295 1292 1900
f 1900 1292 1895
f 606 1897 1291
f 1291 1897 1896
f 1510 1845 1511
f 1511 1845 1872
f 1871 1872 1404
f 1404 1872 1845
f 1866 770 1762
f 1762 770 1546
f 1762 682 1866
f 1866 682 1867
f 1870 1868 1272
f 1272 1868 681
f 1272 717 1870
f 1870 717 720
f 1870 720 786
f 786 720 1433
f 786 1433 787
f 787 1433 1432
f 1261 1414 1432
f 1432 1414 787
f 1389 1234 1260
f 1260 1234 1415
f 1719 1670 1388
f 1388 1670 1235
f 1718 1671 1719
f 1719 1671 1670
f 1705 1747 1718
f 1718 1747 1671
f 1659 1901 1704
f 1704 1901 1748
f 1877 1903 1902
f 1902 1903 1904
f 1259 1905 1390
f 1390 1905 1394
f 1715 1720 1393
f 1393 1720 1391
f 1716 1721 1715
f 1715 1721 1720
f 1698 1706 1716
f 1716 1706 1721
f 277 276 47
f 47 276 48
f 84 96 81
f 81 96 82
f 80 70 81
f 81 70 85
f 99 97 88
f 88 97 89
f 90 100 88
f 88 100 99
f 101 95 102
f 102 95 94
f 1906 1907 280
f 280 1907 281
f 97 86 89
f 89 86 85
f 60 282 61
f 61 282 281
f 83 82 46
f 46 82 47
f 293 292 420
f 420 292 421
f 419 1908 420
f 420 1908 1909
f 92 95 91
f 91 95 90
f 279 282 93
f 93 282 94
f 276 418 48
f 48 418 421
f 1910 1660 1697
f 1697 1660 1707
f 1703 1624 1700
f 1700 1624 1644
f 1622 1910 1623
f 1623 1910 1697
f 1701 1700 1911
f 1911 1700 1661
f 1700 1644 1661
f 1661 1644 1658
f 1901 1737 1733
f 1733 1737 1645
f 1625 1912 1604
f 1604 1912 1731
f 1912 1913 1731
f 1731 1913 1914
f 1913 1577 1914
f 1914 1577 1572
f 1915 1578 1616
f 1616 1578 1618
f 1915 1916 1598
f 1598 1916 1743
f 1916 1574 1743
f 1743 1574 1573
f 1575 1917 1576
f 1576 1917 1597
f 1917 1609 1597
f 1597 1609 1594
f 1608 1611 1729
f 1729 1611 1610
f 1918 1612 1629
f 1629 1612 1630
f 1626 1918 1627
f 1627 1918 1629
f 1920 1921 1919
f 1919 1921 1922
f 1920 1924 1923
f 1923 1924 1925
f 1926 1927 1924
f 1924 1927 1925
f 1929 1930 1928
f 1928 1930 1931
f 1932 1933 1935
f 1935 1933 1934
f 1937 1938 1936
f 1936 1938 1939
f 1941 1942 1940
f 1940 1942 1943
f 1941 1945 1944
f 1944 1945 1946
f 1947 1948 1694
f 1694 1948 1949
f 1950 1951 1953
f 1953 1951 1952
f 1955 1956 1954
f 1954 1956 1589
f 1958 1956 1957
f 1957 1956 1932
f 1960 1934 1959
f 1959 1934 1933
f 1962 1963 1961
f 1961 1963 1964
f 1965 1955 1751
f 1751 1955 1954
f 1935 1930 1932
f 1932 1930 1957
f 1951 1950 1926
f 1926 1950 1929
f 1966 1967 1593
f 1593 1967 1590
f 1969 1967 1968
f 1968 1967 1964
f 1962 1921 1970
f 1970 1921 1971
f 1963 1945 1964
f 1964 1945 1968
f 1972 1948 1922
f 1922 1948 1919
f 1966 1972 1961
f 1961 1972 1922
f 1958 1953 1587
f 1587 1953 1560
f 1974 1975 1973
f 1973 1975 1976
f 1978 1979 1977
f 1977 1979 1691
f 1979 1975 1691
f 1691 1975 1586
f 1938 1942 1939
f 1939 1942 1980
f 1952 1947 1557
f 1557 1947 1694
f 1969 1978 1981
f 1981 1978 1977
f 1983 1984 1982
f 1982 1984 1985
f 1986 1987 1989
f 1989 1987 1988
f 1990 1991 1983
f 1983 1991 1984
f 1990 1993 1992
f 1992 1993 1994
f 1995 1996 1994
f 1994 1996 1997
f 1999 2000 1998
f 1998 2000 2001
f 2003 2004 2002
f 2002 2004 2005
f 2007 2008 2006
f 2006 2008 2009
f 2011 2012 2010
f 2010 2012 2013
f 2014 2015 2017
f 2017 2015 2016
f 2018 2019 2021
f 2021 2019 2020
f 2022 1989 2024
f 2024 1989 2023
f 1989 1988 2023
f 2023 1988 2025
f 2026 2027 2017
f 2017 2027 2014
f 2029 2030 2028
f 2028 2030 2031
f 2033 2034 2032
f 2032 2034 2035
f 2032 2035 2036
f 2036 2035 2037
f 2039 2040 2038
f 2038 2040 2041
f 1982 2042 1983
f 1983 2042 2043
f 2045 2046 2044
f 2044 2046 2047
f 2049 2050 2048
f 2048 2050 2051
f 2053 2054 2052
f 2052 2054 2055
f 2057 2058 2056
f 2056 2058 2059
f 2060 2061 2033
f 2033 2061 2034
f 2063 2064 2062
f 2062 2064 2065
f 2066 2035 2067
f 2067 2035 2034
f 2069 2039 2068
f 2068 2039 2038
f 2025 2070 2023
f 2023 2070 2071
f 2072 2024 2071
f 2071 2024 2023
f 2074 2020 2073
f 2073 2020 2019
f 2050 2049 2047
f 2047 2049 2075
f 1983 2043 1990
f 1990 2043 1993
f 2006 2050 2007
f 2007 2050 2076
f 2050 2006 2051
f 2051 2006 2077
f 2079 2080 2078
f 2078 2080 2081
f 2082 2083 2085
f 2085 2083 2084
f 2010 2013 2086
f 2086 2013 2087
f 2089 2033 2088
f 2088 2033 2032
f 2090 2060 2089
f 2089 2060 2033
f 2092 2093 2091
f 2091 2093 2094
f 2096 1986 2095
f 2095 1986 2097
f 2097 1986 2022
f 2022 1986 1989
f 2015 2094 2016
f 2016 2094 2098
f 2016 2098 2100
f 2100 2098 2099
f 2017 2016 2101
f 2101 2016 2100
f 2017 2101 2026
f 2026 2101 2102
f 2100 2099 2104
f 2104 2099 2103
f 2104 2105 2100
f 2100 2105 2101
f 2105 2106 2101
f 2101 2106 2102
f 2108 2061 2107
f 2107 2061 2109
f 2111 2112 2110
f 2110 2112 2020
f 2020 2074 2110
f 2110 2074 2113
f 2115 2116 2114
f 2114 2116 2117
f 2118 2119 1995
f 1995 2119 2120
f 2121 2122 2027
f 2027 2122 2014
f 2047 2075 2044
f 2044 2075 2123
f 2124 2125 2127
f 2127 2125 2126
f 2129 2130 2128
f 2128 2130 2131
f 2132 2133 2057
f 2057 2133 2058
f 2134 1999 2136
f 2136 1999 2135
f 2055 2138 2137
f 2137 2138 2139
f 2141 2142 2140
f 2140 2142 2143
f 2083 2082 2064
f 2064 2082 2065
f 2082 2144 2065
f 2065 2144 2145
f 2040 2146 2041
f 2041 2146 2147
f 2060 2090 2148
f 2148 2090 2149
f 2048 2051 2137
f 2137 2051 2150
f 2151 1997 2135
f 2135 1997 1996
f 2152 2150 2077
f 2077 2150 2051
f 2046 2045 2118
f 2118 2045 2119
f 2154 2155 2153
f 2153 2155 2156
f 2158 2159 2157
f 2157 2159 2160
f 2162 2163 2161
f 2161 2163 2164
f 2164 2163 2165
f 2165 2163 2166
f 2168 2169 2167
f 2167 2169 2170
f 2003 2172 2171
f 2171 2172 2173
f 2174 2175 2002
f 2002 2175 2176
f 2145 2177 2065
f 2065 2177 2062
f 2178 2179 2180
f 2180 2179 2134
f 2181 2052 2152
f 2152 2052 2150
f 2040 2127 2146
f 2146 2127 2182
f 2130 2162 2131
f 2131 2162 2161
f 2052 2055 2150
f 2150 2055 2137
f 2184 2185 2183
f 2183 2185 2186
f 2159 2030 2160
f 2160 2030 2187
f 2146 2182 2029
f 2029 2182 2188
f 2189 2190 2192
f 2192 2190 2191
f 2172 2003 2176
f 2176 2003 2002
f 1998 2151 1999
f 1999 2151 2135
f 2177 2172 2062
f 2062 2172 2176
f 2172 2177 2173
f 2173 2177 2193
f 2063 2194 2064
f 2064 2194 2195
f 2066 2197 2196
f 2196 2197 2198
f 2002 2005 2174
f 2174 2005 2199
f 2004 2003 2200
f 2200 2003 2171
f 2198 2201 2171
f 2171 2201 2200
f 2197 2202 2198
f 2198 2202 2201
f 2202 2197 2203
f 2203 2197 2204
f 2196 2198 2173
f 2173 2198 2171
f 2205 2069 2170
f 2170 2069 2206
f 2197 2066 2204
f 2204 2066 2067
f 2107 2207 2108
f 2108 2207 2208
f 2210 2208 2209
f 2209 2208 2207
f 2185 2211 2212
f 2213 2214 2211
f 2211 2214 2212
f 1998 2001 2213
f 2213 2001 2214
f 2134 2215 1999
f 1999 2215 2000
f 2216 2217 2219
f 2219 2217 2218
f 2206 2220 2170
f 2170 2220 2167
f 2069 2068 2206
f 2206 2068 2221
f 2151 1998 2222
f 2222 1998 2213
f 2124 2039 2205
f 2205 2039 2069
f 2142 2223 2143
f 2143 2223 2128
f 2203 2186 2202
f 2202 2186 2185
f 2185 2184 2211
f 2211 2184 2224
f 2224 2225 2222
f 2222 2225 2226
f 2071 2227 2072
f 2072 2227 2228
f 2229 2074 2230
f 2230 2074 2073
f 2074 2229 2113
f 2113 2229 2231
f 2232 2225 2227
f 2227 2225 2224
f 2233 2234 2031
f 2031 2234 2028
f 2236 2231 2235
f 2235 2231 2229
f 2230 2183 2229
f 2229 2183 2235
f 2237 1987 2096
f 2096 1987 1986
f 2152 2238 2181
f 2181 2238 2239
f 2080 2240 2081
f 2081 2240 2241
f 2236 2242 1971
f 1971 2242 1970
f 1925 2113 1923
f 1923 2113 2231
f 2110 1927 2111
f 2111 1927 1928
f 2103 2111 1931
f 1931 2111 1928
f 1931 2243 2103
f 2103 2243 2104
f 2105 2104 2244
f 2244 2104 2243
f 1939 1980 2148
f 2148 1980 2109
f 1980 1944 2109
f 2109 1944 2107
f 1946 2245 2207
f 2207 2245 2209
f 2245 1970 2209
f 2209 1970 2242
f 2231 2236 1923
f 1923 2236 1971
f 2113 1925 2110
f 2110 1925 1927
f 2234 2246 2028
f 2028 2246 2147
f 2247 2248 2058
f 2058 2248 2059
f 2114 2117 2249
f 2249 2117 2250
f 2252 2253 2251
f 2251 2253 2254
f 2094 2015 2091
f 2091 2015 2255
f 2256 2255 2014
f 2014 2255 2015
f 2257 2145 2258
f 2258 2145 2144
f 2131 2161 2123
f 2123 2161 2044
f 2045 2044 2164
f 2164 2044 2161
f 2045 2164 2119
f 2119 2164 2165
f 2259 2120 2165
f 2165 2120 2119
f 2260 2261 2259
f 2259 2261 2120
f 2205 2262 2124
f 2124 2262 2125
f 2180 2263 2178
f 2178 2263 2264
f 2265 2266 2092
f 2092 2266 2093
f 1992 2267 2268
f 2184 2228 2224
f 2224 2228 2227
f 2048 2269 2049
f 2049 2269 2141
f 2129 2168 2157
f 2157 2168 2167
f 2049 2141 2075
f 2075 2141 2140
f 2199 2215 2270
f 2270 2215 2271
f 2142 2141 2272
f 2272 2141 2269
f 2089 2026 2090
f 2090 2026 2102
f 2146 2029 2147
f 2147 2029 2028
f 2111 2103 2112
f 2112 2103 2099
f 2061 2060 2109
f 2109 2060 2148
f 2273 2274 2041
f 2041 2274 2038
f 2260 2275 2261
f 2261 2275 2136
f 2057 2138 2132
f 2132 2138 2276
f 2272 2269 2056
f 2056 2269 2139
f 2277 2278 2270
f 2270 2278 2199
f 2029 2188 2030
f 2030 2188 2187
f 2040 2039 2127
f 2127 2039 2124
f 2064 2195 2083
f 2083 2195 2279
f 2056 2139 2057
f 2057 2139 2138
f 2278 2277 2247
f 2247 2277 2248
f 2062 2176 2063
f 2063 2176 2175
f 2280 2210 2242
f 2242 2210 2209
f 2282 2233 2281
f 2281 2233 2031
f 2216 2219 2283
f 2283 2219 2221
f 2158 2220 2218
f 2218 2220 2219
f 2217 2282 2218
f 2218 2282 2281
f 2220 2158 2167
f 2167 2158 2157
f 2223 2264 2128
f 2128 2264 2263
f 2261 1996 2120
f 2120 1996 1995
f 2213 2211 2222
f 2222 2211 2224
f 2283 2221 2284
f 2284 2221 2068
f 2135 1996 2136
f 2136 1996 2261
f 2144 2081 2258
f 2258 2081 2241
f 2235 2280 2236
f 2236 2280 2242
f 2246 2273 2147
f 2147 2273 2041
f 2036 2285 2032
f 2032 2285 2088
f 2077 2286 2152
f 2152 2286 2238
f 1937 1960 1973
f 1973 1960 1959
f 2070 2232 2071
f 2071 2232 2227
f 2244 2287 2105
f 2105 2287 2106
f 1936 1939 2149
f 2149 1939 2148
f 1944 1946 2107
f 2107 1946 2207
f 2285 2121 2088
f 2088 2121 2027
f 2253 2249 2254
f 2254 2249 2250
f 2006 2009 2077
f 2077 2009 2286
f 2289 2086 2288
f 2288 2086 2087
f 2223 2142 2290
f 2290 2142 2272
f 2128 2131 2143
f 2143 2131 2123
f 2156 2291 2153
f 2153 2291 2175
f 2292 2293 2278
f 2278 2293 2294
f 2075 2140 2123
f 2123 2140 2143
f 2262 2169 2275
f 2275 2169 2180
f 2275 2180 2136
f 2136 2180 2134
f 2274 2284 2038
f 2038 2284 2068
f 2127 2126 2182
f 2182 2126 2166
f 2094 2093 2098
f 2098 2093 2021
f 2098 2021 2099
f 2099 2021 2112
f 2018 2021 2266
f 2266 2021 2093
f 2251 2289 2252
f 2252 2289 2288
f 1997 2151 2226
f 2226 2151 2222
f 2206 2221 2220
f 2220 2221 2219
f 2269 2048 2139
f 2139 2048 2137
f 2159 2158 2281
f 2281 2158 2218
f 2156 2155 2190
f 2190 2155 2191
f 1974 1965 1583
f 1583 1965 1751
f 2088 2027 2089
f 2089 2027 2026
f 2030 2159 2031
f 2031 2159 2281
f 2106 2149 2102
f 2102 2149 2090
f 2287 1936 2106
f 2106 1936 2149
f 2293 2154 2294
f 2294 2154 2153
f 2021 2020 2112
f 2247 2295 2278
f 2278 2295 2292
f 2284 2296 2283
f 2283 2296 2297
f 2298 2296 2274
f 2274 2296 2284
f 2273 2299 2274
f 2274 2299 2298
f 2246 2300 2273
f 2273 2300 2299
f 2283 2297 2216
f 2216 2297 2301
f 2216 2301 2217
f 2217 2301 2302
f 2302 2303 2217
f 2217 2303 2282
f 2304 2301 2305
f 2305 2301 2297
f 2307 2308 2306
f 2306 2308 2309
f 2306 2310 2307
f 2307 2310 2311
f 2307 2312 2308
f 2308 2312 2313
f 2314 2315 2312
f 2312 2315 2316
f 2316 2317 2312
f 2312 2317 2313
f 2317 2305 2313
f 2313 2305 2318
f 2314 2312 2311
f 2311 2312 2307
f 2319 2320 2322
f 2322 2320 2321
f 2322 2311 2319
f 2319 2311 2310
f 2313 2318 2308
f 2308 2318 2309
f 2296 2298 2318
f 2318 2298 2309
f 2309 2298 2323
f 2323 2298 2299
f 2306 2309 2324
f 2324 2309 2323
f 2310 2306 2325
f 2325 2306 2324
f 2296 2318 2297
f 2297 2318 2305
f 2319 2310 2326
f 2326 2310 2325
f 2328 2325 2327
f 2327 2325 2324
f 2325 2328 2326
f 2326 2328 2329
f 2331 2328 2330
f 2330 2328 2327
f 2332 2333 2327
f 2327 2333 2330
f 2328 2331 2329
f 2329 2331 2334
f 2324 2323 2327
f 2327 2323 2332
f 2300 2332 2299
f 2299 2332 2323
f 2326 2335 2319
f 2319 2335 2320
f 2305 2317 2336
f 2336 2317 2316
f 2336 2316 2337
f 2337 2316 2315
f 2338 2304 2336
f 2336 2304 2305
f 2337 2339 2336
f 2336 2339 2338
f 2337 2315 2341
f 2341 2315 2340
f 2342 2300 2234
f 2234 2300 2246
f 2303 2343 2282
f 2282 2343 2233
f 2234 2233 2342
f 2342 2233 2343
f 2342 2343 2333
f 2333 2343 2344
f 2333 2344 2330
f 2330 2344 2345
f 2346 2344 2303
f 2303 2344 2343
f 2332 2300 2333
f 2333 2300 2342
f 2347 2346 2302
f 2302 2346 2303
f 2301 2304 2302
f 2302 2304 2347
f 2304 2338 2347
f 2347 2338 2348
f 2348 2349 2347
f 2347 2349 2346
f 2350 2351 2348
f 2348 2351 2349
f 2349 2345 2346
f 2346 2345 2344
f 2345 2349 2352
f 2352 2349 2351
f 2338 2339 2348
f 2348 2339 2350
f 2350 2339 2353
f 2353 2339 2354
f 2356 2357 2355
f 2355 2357 2353
f 2351 2350 2357
f 2357 2350 2353
f 2353 2354 2355
f 2355 2354 2335
f 2320 2335 2341
f 2341 2335 2354
f 2339 2337 2354
f 2354 2337 2341
f 2352 2331 2345
f 2345 2331 2330
f 2356 2334 2352
f 2352 2334 2331
f 2356 2352 2357
f 2357 2352 2351
f 2355 2329 2356
f 2356 2329 2334
f 2335 2326 2355
f 2355 2326 2329
f 2321 2314 2322
f 2322 2314 2311
f 2321 2320 2340
f 2340 2320 2341
f 2315 2314 2340
f 2340 2314 2321
f 2125 2260 2126
f 2126 2260 2259
f 2157 2160 2129
f 2129 2160 2130
f 2188 2163 2187
f 2187 2163 2162
f 2182 2166 2188
f 2188 2166 2163
f 2180 2169 2263
f 2263 2169 2168
f 2160 2187 2130
f 2130 2187 2162
f 2275 2260 2262
f 2262 2260 2125
f 2128 2263 2129
f 2129 2263 2168
f 2262 2205 2169
f 2169 2205 2170
f 2165 2166 2259
f 2259 2166 2126
f 2359 2360 2358
f 2358 2360 2361
f 2363 2364 2362
f 2362 2364 2365
f 2367 2363 2366
f 2366 2363 2362
f 2368 2369 2371
f 2371 2369 2370
f 2372 2373 2248
f 2248 2373 2059
f 2364 2374 2365
f 2365 2374 2375
f 2377 2378 2376
f 2376 2378 2379
f 2290 2380 2223
f 2223 2380 2381
f 2223 2381 2264
f 2264 2381 2382
f 2384 2385 2383
f 2383 2385 2386
f 2364 2371 2374
f 2374 2371 2387
f 2059 2373 2290
f 2290 2373 2380
f 2378 2360 2379
f 2379 2360 2388
f 2374 2387 2359
f 2359 2387 2389
f 2390 2367 2386
f 2386 2367 2391
f 2393 2394 2392
f 2392 2394 2395
f 2386 2391 2383
f 2383 2391 2396
f 2367 2366 2391
f 2391 2366 2397
f 2363 2367 2368
f 2368 2367 2390
f 2398 2399 2361
f 2361 2399 2358
f 2399 2400 2358
f 2358 2400 2375
f 2390 2401 2368
f 2368 2401 2369
f 2372 2384 2376
f 2376 2384 2383
f 2374 2359 2375
f 2375 2359 2358
f 2402 2403 2365
f 2365 2403 2362
f 2359 2389 2360
f 2360 2389 2388
f 2364 2363 2371
f 2371 2363 2368
f 2405 2398 2404
f 2404 2398 2361
f 2392 2395 2406
f 2406 2395 2397
f 2377 2396 2394
f 2394 2396 2395
f 2394 2393 2404
f 2404 2393 2405
f 2396 2377 2383
f 2383 2377 2376
f 2406 2397 2407
f 2407 2397 2366
f 2400 2402 2375
f 2375 2402 2365
f 2385 2270 2401
f 2401 2270 2271
f 2403 2407 2362
f 2362 2407 2366
f 2371 2370 2387
f 2387 2370 2382
f 2391 2397 2396
f 2396 2397 2395
f 2378 2377 2404
f 2404 2377 2394
f 2360 2378 2361
f 2361 2378 2404
f 2407 2408 2406
f 2406 2408 2409
f 2410 2408 2403
f 2403 2408 2407
f 2411 2410 2402
f 2402 2410 2403
f 2412 2411 2400
f 2400 2411 2402
f 2406 2409 2392
f 2392 2409 2413
f 2392 2413 2393
f 2393 2413 2414
f 2415 2405 2414
f 2414 2405 2393
f 2416 2413 2417
f 2417 2413 2409
f 2419 2420 2418
f 2418 2420 2421
f 2420 2422 2421
f 2421 2422 2423
f 2420 2424 2422
f 2422 2424 2425
f 2426 2427 2424
f 2424 2427 2428
f 2428 2429 2424
f 2424 2429 2425
f 2426 2424 2419
f 2419 2424 2420
f 2419 2418 2431
f 2431 2418 2430
f 2425 2432 2422
f 2422 2432 2423
f 2408 2410 2432
f 2432 2410 2423
f 2423 2410 2433
f 2433 2410 2411
f 2421 2423 2434
f 2434 2423 2433
f 2435 2418 2434
f 2434 2418 2421
f 2429 2417 2425
f 2425 2417 2432
f 2408 2432 2409
f 2409 2432 2417
f 2418 2435 2430
f 2430 2435 2436
f 2438 2435 2437
f 2437 2435 2434
f 2435 2438 2436
f 2436 2438 2439
f 2441 2438 2440
f 2440 2438 2437
f 2442 2443 2437
f 2437 2443 2440
f 2439 2438 2444
f 2444 2438 2441
f 2433 2442 2434
f 2434 2442 2437
f 2412 2442 2411
f 2411 2442 2433
f 2436 2445 2430
f 2430 2445 2446
f 2430 2446 2431
f 2431 2446 2447
f 2417 2429 2448
f 2448 2429 2428
f 2427 2449 2428
f 2428 2449 2448
f 2450 2416 2448
f 2448 2416 2417
f 2451 2450 2449
f 2449 2450 2448
f 2427 2452 2449
f 2449 2452 2453
f 2447 2446 2452
f 2452 2446 2453
f 2454 2412 2399
f 2399 2412 2400
f 2415 2455 2405
f 2405 2455 2398
f 2399 2398 2454
f 2454 2398 2455
f 2454 2455 2443
f 2443 2455 2456
f 2443 2456 2440
f 2440 2456 2457
f 2458 2456 2415
f 2415 2456 2455
f 2443 2442 2454
f 2454 2442 2412
f 2459 2458 2414
f 2414 2458 2415
f 2413 2416 2414
f 2414 2416 2459
f 2459 2416 2460
f 2460 2416 2450
f 2460 2461 2459
f 2459 2461 2458
f 2462 2463 2460
f 2460 2463 2461
f 2461 2457 2458
f 2458 2457 2456
f 2457 2461 2464
f 2464 2461 2463
f 2451 2462 2450
f 2450 2462 2460
f 2462 2451 2465
f 2465 2451 2466
f 2468 2469 2467
f 2467 2469 2465
f 2463 2462 2469
f 2469 2462 2465
f 2465 2466 2467
f 2467 2466 2445
f 2446 2445 2453
f 2453 2445 2466
f 2451 2449 2466
f 2466 2449 2453
f 2464 2441 2457
f 2457 2441 2440
f 2468 2444 2464
f 2464 2444 2441
f 2468 2464 2469
f 2469 2464 2463
f 2467 2439 2468
f 2468 2439 2444
f 2445 2436 2467
f 2467 2436 2439
f 2447 2426 2431
f 2431 2426 2419
f 2427 2426 2452
f 2452 2426 2447
f 2369 2179 2370
f 2370 2179 2178
f 2376 2379 2372
f 2372 2379 2373
f 2389 2381 2388
f 2388 2381 2380
f 2387 2382 2389
f 2389 2382 2381
f 2270 2385 2277
f 2277 2385 2384
f 2379 2388 2373
f 2373 2388 2380
f 2401 2271 2369
f 2369 2271 2179
f 2248 2277 2372
f 2372 2277 2384
f 2401 2390 2385
f 2385 2390 2386
f 2264 2382 2178
f 2178 2382 2370
f 2215 2134 2271
f 2271 2134 2179
f 2005 2000 2199
f 2199 2000 2215
f 2004 2001 2005
f 2005 2001 2000
f 2200 2214 2004
f 2004 2214 2001
f 2470 2471 2473
f 2473 2471 2472
f 2475 2476 2474
f 2474 2476 2477
f 2479 2475 2478
f 2478 2475 2474
f 2481 2482 2480
f 2480 2482 2483
f 2476 2484 2477
f 2477 2484 2485
f 2487 2488 2486
f 2486 2488 2489
f 2133 2490 2058
f 2058 2490 2491
f 2058 2491 2247
f 2247 2491 2492
f 2494 2495 2493
f 2493 2495 2496
f 2476 2483 2484
f 2484 2483 2497
f 2472 2498 2488
f 2488 2498 2489
f 2484 2497 2471
f 2471 2497 2499
f 2500 2479 2496
f 2496 2479 2501
f 2502 2503 2505
f 2505 2503 2504
f 2496 2501 2493
f 2493 2501 2506
f 2479 2478 2501
f 2501 2478 2507
f 2475 2479 2480
f 2480 2479 2500
f 2508 2509 2473
f 2473 2509 2470
f 2509 2510 2470
f 2470 2510 2485
f 2511 2481 2500
f 2500 2481 2480
f 2512 2494 2486
f 2486 2494 2493
f 2485 2484 2470
f 2470 2484 2471
f 2513 2514 2477
f 2477 2514 2474
f 2471 2499 2472
f 2472 2499 2498
f 2476 2475 2483
f 2483 2475 2480
f 2516 2508 2515
f 2515 2508 2473
f 2502 2505 2517
f 2517 2505 2507
f 2504 2487 2505
f 2505 2487 2506
f 2503 2516 2504
f 2504 2516 2515
f 2506 2487 2493
f 2493 2487 2486
f 2517 2507 2518
f 2518 2507 2478
f 2510 2513 2485
f 2485 2513 2477
f 2511 2495 2293
f 2293 2495 2154
f 2514 2518 2474
f 2474 2518 2478
f 2483 2482 2497
f 2497 2482 2492
f 2501 2507 2506
f 2506 2507 2505
f 2488 2487 2515
f 2515 2487 2504
f 2472 2488 2473
f 2473 2488 2515
f 2518 2519 2517
f 2517 2519 2520
f 2521 2519 2514
f 2514 2519 2518
f 2522 2521 2513
f 2513 2521 2514
f 2523 2522 2510
f 2510 2522 2513
f 2517 2520 2502
f 2502 2520 2524
f 2502 2524 2503
f 2503 2524 2525
f 2525 2526 2503
f 2503 2526 2516
f 2527 2524 2528
f 2528 2524 2520
f 2530 2531 2529
f 2529 2531 2532
f 2531 2533 2532
f 2532 2533 2534
f 2531 2535 2533
f 2533 2535 2536
f 2537 2538 2535
f 2535 2538 2539
f 2539 2540 2535
f 2535 2540 2536
f 2537 2535 2530
f 2530 2535 2531
f 2529 2541 2530
f 2530 2541 2542
f 2543 2534 2536
f 2536 2534 2533
f 2519 2521 2543
f 2543 2521 2534
f 2534 2521 2544
f 2544 2521 2522
f 2532 2534 2545
f 2545 2534 2544
f 2529 2532 2546
f 2546 2532 2545
f 2536 2540 2543
f 2543 2540 2528
f 2519 2543 2520
f 2520 2543 2528
f 2541 2529 2547
f 2547 2529 2546
f 2548 2549 2545
f 2545 2549 2546
f 2549 2550 2546
f 2546 2550 2547
f 2551 2552 2548
f 2548 2552 2549
f 2548 2553 2551
f 2551 2553 2554
f 2550 2549 2555
f 2555 2549 2552
f 2545 2544 2548
f 2548 2544 2553
f 2523 2553 2522
f 2522 2553 2544
f 2547 2556 2541
f 2541 2556 2557
f 2541 2557 2542
f 2542 2557 2558
f 2528 2540 2559
f 2559 2540 2539
f 2538 2560 2539
f 2539 2560 2559
f 2561 2527 2559
f 2559 2527 2528
f 2560 2562 2559
f 2559 2562 2561
f 2560 2538 2564
f 2564 2538 2563
f 2558 2557 2563
f 2563 2557 2564
f 2565 2523 2509
f 2509 2523 2510
f 2526 2566 2516
f 2516 2566 2508
f 2509 2508 2565
f 2565 2508 2566
f 2565 2566 2554
f 2554 2566 2567
f 2554 2567 2551
f 2551 2567 2568
f 2569 2567 2526
f 2526 2567 2566
f 2553 2523 2554
f 2554 2523 2565
f 2570 2569 2525
f 2525 2569 2526
f 2524 2527 2525
f 2525 2527 2570
f 2527 2561 2570
f 2570 2561 2571
f 2571 2572 2570
f 2570 2572 2569
f 2573 2574 2571
f 2571 2574 2572
f 2572 2568 2569
f 2569 2568 2567
f 2568 2572 2575
f 2575 2572 2574
f 2562 2573 2561
f 2561 2573 2571
f 2573 2562 2576
f 2576 2562 2577
f 2579 2580 2578
f 2578 2580 2576
f 2574 2573 2580
f 2580 2573 2576
f 2576 2577 2578
f 2578 2577 2556
f 2557 2556 2564
f 2564 2556 2577
f 2562 2560 2577
f 2577 2560 2564
f 2575 2552 2568
f 2568 2552 2551
f 2579 2555 2575
f 2575 2555 2552
f 2579 2575 2580
f 2580 2575 2574
f 2550 2555 2578
f 2578 2555 2579
f 2556 2547 2578
f 2578 2547 2550
f 2558 2537 2542
f 2542 2537 2530
f 2538 2537 2563
f 2563 2537 2558
f 2292 2295 2481
f 2481 2295 2482
f 2486 2489 2512
f 2512 2489 2581
f 2499 2491 2498
f 2498 2491 2490
f 2497 2492 2499
f 2499 2492 2491
f 2155 2154 2494
f 2494 2154 2495
f 2581 2489 2490
f 2490 2489 2498
f 2293 2292 2511
f 2511 2292 2481
f 2191 2155 2512
f 2512 2155 2494
f 2500 2496 2511
f 2511 2496 2495
f 2247 2492 2295
f 2295 2492 2482
f 2583 2584 2582
f 2582 2584 2585
f 2587 2588 2586
f 2586 2588 2589
f 2591 2587 2590
f 2590 2587 2586
f 2593 2594 2592
f 2592 2594 2595
f 2596 2597 2599
f 2599 2597 2598
f 2588 2600 2589
f 2589 2600 2601
f 2602 2603 2605
f 2605 2603 2604
f 2606 2607 2609
f 2609 2607 2608
f 2609 2608 2190
f 2190 2608 2610
f 2611 2612 2614
f 2614 2612 2613
f 2600 2588 2615
f 2615 2588 2595
f 2599 2598 2606
f 2606 2598 2607
f 2584 2616 2604
f 2604 2616 2605
f 2600 2615 2583
f 2583 2615 2617
f 2591 2619 2618
f 2618 2619 2614
f 2621 2622 2620
f 2620 2622 2623
f 2619 2624 2614
f 2614 2624 2611
f 2591 2590 2619
f 2619 2590 2625
f 2587 2591 2592
f 2592 2591 2618
f 2626 2627 2585
f 2585 2627 2582
f 2627 2628 2582
f 2582 2628 2601
f 2629 2593 2618
f 2618 2593 2592
f 2602 2597 2611
f 2611 2597 2612
f 2600 2583 2601
f 2601 2583 2582
f 2630 2631 2589
f 2589 2631 2586
f 2583 2617 2584
f 2584 2617 2616
f 2588 2587 2595
f 2595 2587 2592
f 2633 2626 2632
f 2632 2626 2585
f 2620 2623 2634
f 2634 2623 2625
f 2622 2603 2623
f 2623 2603 2624
f 2621 2633 2622
f 2622 2633 2632
f 2611 2624 2602
f 2602 2624 2603
f 2634 2625 2635
f 2635 2625 2590
f 2628 2630 2601
f 2601 2630 2589
f 2613 2195 2629
f 2629 2195 2194
f 2631 2635 2586
f 2586 2635 2590
f 2595 2594 2615
f 2615 2594 2610
f 2619 2625 2624
f 2624 2625 2623
f 2632 2604 2622
f 2622 2604 2603
f 2585 2584 2632
f 2632 2584 2604
f 2635 2636 2634
f 2634 2636 2637
f 2638 2636 2631
f 2631 2636 2635
f 2639 2638 2630
f 2630 2638 2631
f 2640 2639 2628
f 2628 2639 2630
f 2634 2637 2620
f 2620 2637 2641
f 2620 2641 2621
f 2621 2641 2642
f 2642 2643 2621
f 2621 2643 2633
f 2641 2637 2644
f 2644 2637 2645
f 2646 2647 2649
f 2649 2647 2648
f 2648 2650 2649
f 2649 2650 2651
f 2648 2652 2650
f 2650 2652 2653
f 2652 2654 2656
f 2656 2654 2655
f 2656 2657 2652
f 2652 2657 2653
f 2654 2652 2647
f 2647 2652 2648
f 2647 2646 2659
f 2659 2646 2658
f 2660 2651 2653
f 2653 2651 2650
f 2636 2638 2660
f 2660 2638 2651
f 2651 2638 2661
f 2661 2638 2639
f 2651 2661 2649
f 2649 2661 2662
f 2663 2646 2662
f 2662 2646 2649
f 2653 2657 2660
f 2660 2657 2645
f 2636 2660 2637
f 2637 2660 2645
f 2646 2663 2658
f 2658 2663 2664
f 2665 2666 2662
f 2662 2666 2663
f 2666 2667 2663
f 2663 2667 2664
f 2668 2669 2665
f 2665 2669 2666
f 2665 2670 2668
f 2668 2670 2671
f 2667 2666 2672
f 2672 2666 2669
f 2662 2661 2665
f 2665 2661 2670
f 2640 2670 2639
f 2639 2670 2661
f 2673 2674 2664
f 2664 2674 2658
f 2658 2674 2659
f 2659 2674 2675
f 2645 2657 2676
f 2676 2657 2656
f 2677 2676 2655
f 2655 2676 2656
f 2676 2678 2645
f 2645 2678 2644
f 2677 2679 2676
f 2676 2679 2678
f 2655 2680 2677
f 2677 2680 2681
f 2675 2674 2680
f 2680 2674 2681
f 2682 2640 2627
f 2627 2640 2628
f 2643 2683 2633
f 2633 2683 2626
f 2682 2627 2683
f 2683 2627 2626
f 2683 2684 2682
f 2682 2684 2671
f 2684 2685 2671
f 2671 2685 2668
f 2686 2684 2643
f 2643 2684 2683
f 2670 2640 2671
f 2671 2640 2682
f 2687 2686 2642
f 2642 2686 2643
f 2642 2641 2687
f 2687 2641 2644
f 2687 2644 2688
f 2688 2644 2678
f 2688 2689 2687
f 2687 2689 2686
f 2690 2691 2688
f 2688 2691 2689
f 2689 2685 2686
f 2686 2685 2684
f 2685 2689 2692
f 2692 2689 2691
f 2679 2690 2678
f 2678 2690 2688
f 2690 2679 2693
f 2693 2679 2694
f 2696 2697 2695
f 2695 2697 2693
f 2691 2690 2697
f 2697 2690 2693
f 2693 2694 2695
f 2695 2694 2673
f 2674 2673 2681
f 2681 2673 2694
f 2679 2677 2694
f 2694 2677 2681
f 2685 2692 2668
f 2668 2692 2669
f 2696 2672 2692
f 2692 2672 2669
f 2696 2692 2697
f 2697 2692 2691
f 2695 2667 2696
f 2696 2667 2672
f 2673 2664 2695
f 2695 2664 2667
f 2675 2654 2659
f 2659 2654 2647
f 2655 2654 2680
f 2680 2654 2675
f 2291 2156 2593
f 2593 2156 2594
f 2597 2602 2598
f 2598 2602 2605
f 2616 2617 2607
f 2607 2617 2608
f 2615 2610 2617
f 2617 2610 2608
f 2597 2596 2612
f 2612 2596 2698
f 2598 2605 2607
f 2607 2605 2616
f 2194 2291 2629
f 2629 2291 2593
f 2629 2618 2613
f 2613 2618 2614
f 2190 2610 2156
f 2156 2610 2594
f 2700 2010 2699
f 2699 2010 2086
f 2267 2701 2116
f 2116 2701 2702
f 2116 2702 2117
f 2117 2702 2703
f 2704 2705 2250
f 2250 2705 2254
f 2011 2706 2267
f 2267 2706 2701
f 2699 2086 2707
f 2707 2086 2289
f 2010 2700 2011
f 2011 2700 2706
f 2708 2707 2251
f 2251 2707 2289
f 2703 2704 2117
f 2117 2704 2250
f 2705 2708 2254
f 2254 2708 2251
f 2709 2710 2708
f 2708 2710 2707
f 2711 2709 2705
f 2705 2709 2708
f 2712 2711 2704
f 2704 2711 2705
f 2713 2712 2703
f 2703 2712 2704
f 2707 2710 2699
f 2699 2710 2714
f 2699 2714 2700
f 2700 2714 2715
f 2716 2706 2715
f 2715 2706 2700
f 2714 2710 2717
f 2717 2710 2718
f 2720 2721 2719
f 2719 2721 2722
f 2721 2723 2722
f 2722 2723 2724
f 2721 2725 2723
f 2723 2725 2726
f 2727 2728 2725
f 2725 2728 2726
f 2729 2725 2720
f 2720 2725 2721
f 2731 2729 2730
f 2730 2729 2720
f 2719 2732 2720
f 2720 2732 2730
f 2726 2733 2723
f 2723 2733 2724
f 2709 2711 2733
f 2733 2711 2724
f 2724 2711 2734
f 2734 2711 2712
f 2722 2724 2735
f 2735 2724 2734
f 2719 2722 2736
f 2736 2722 2735
f 2726 2728 2733
f 2733 2728 2718
f 2709 2733 2710
f 2710 2733 2718
f 2732 2719 2737
f 2737 2719 2736
f 2738 2739 2735
f 2735 2739 2736
f 2739 2740 2736
f 2736 2740 2737
f 2741 2742 2738
f 2738 2742 2739
f 2738 2743 2741
f 2741 2743 2744
f 2740 2739 2745
f 2745 2739 2742
f 2735 2734 2738
f 2738 2734 2743
f 2713 2743 2712
f 2712 2743 2734
f 2737 2746 2732
f 2732 2746 2747
f 2732 2747 2730
f 2730 2747 2731
f 2718 2728 2748
f 2748 2728 2727
f 2749 2750 2727
f 2727 2750 2748
f 2748 2751 2718
f 2718 2751 2717
f 2750 2752 2748
f 2748 2752 2751
f 2750 2749 2754
f 2754 2749 2753
f 2731 2747 2753
f 2753 2747 2754
f 2727 2725 2749
f 2749 2725 2729
f 2749 2729 2753
f 2753 2729 2731
f 2702 2755 2703
f 2703 2755 2713
f 2706 2716 2701
f 2701 2716 2756
f 2755 2702 2756
f 2756 2702 2701
f 2756 2757 2755
f 2755 2757 2744
f 2757 2758 2744
f 2744 2758 2741
f 2759 2757 2716
f 2716 2757 2756
f 2743 2713 2744
f 2744 2713 2755
f 2760 2759 2715
f 2715 2759 2716
f 2715 2714 2760
f 2760 2714 2717
f 2760 2717 2761
f 2761 2717 2751
f 2761 2762 2760
f 2760 2762 2759
f 2763 2764 2761
f 2761 2764 2762
f 2762 2758 2759
f 2759 2758 2757
f 2758 2762 2765
f 2765 2762 2764
f 2752 2763 2751
f 2751 2763 2761
f 2763 2752 2766
f 2766 2752 2767
f 2768 2769 2766
f 2766 2769 2770
f 2764 2763 2770
f 2770 2763 2766
f 2766 2767 2768
f 2768 2767 2746
f 2747 2746 2754
f 2754 2746 2767
f 2752 2750 2767
f 2767 2750 2754
f 2758 2765 2741
f 2741 2765 2742
f 2769 2745 2765
f 2765 2745 2742
f 2769 2765 2770
f 2770 2765 2764
f 2768 2740 2769
f 2769 2740 2745
f 2746 2737 2768
f 2768 2737 2740
f 2201 2212 2200
f 2200 2212 2214
f 2201 2202 2212
f 2212 2202 2185
f 2512 2581 2191
f 2191 2581 2192
f 2059 2290 2056
f 2056 2290 2272
f 2174 2199 2294
f 2294 2199 2278
f 2063 2175 2194
f 2194 2175 2291
f 2192 2581 2133
f 2133 2581 2490
f 2133 2132 2192
f 2192 2132 2189
f 2054 2276 2055
f 2055 2276 2138
f 2083 2279 2084
f 2084 2279 2771
f 2771 2279 2599
f 2599 2279 2596
f 2606 2772 2599
f 2599 2772 2771
f 2772 2773 2771
f 2771 2773 2084
f 2773 2774 2084
f 2084 2774 2085
f 2085 2775 2082
f 2082 2775 2144
f 2774 2078 2085
f 2085 2078 2775
f 2078 2774 2079
f 2079 2774 2776
f 2774 2773 2776
f 2776 2773 2777
f 2773 2772 2777
f 2777 2772 2778
f 2190 2189 2609
f 2609 2189 2778
f 2053 2052 2779
f 2779 2052 2181
f 2144 2775 2081
f 2081 2775 2078
f 2294 2153 2174
f 2174 2153 2175
f 2132 2276 2189
f 2189 2276 2778
f 2606 2609 2772
f 2772 2609 2778
f 2195 2613 2698
f 2698 2613 2612
f 2596 2279 2698
f 2698 2279 2195
f 2054 2777 2276
f 2276 2777 2778
f 2777 2054 2776
f 2776 2054 2053
f 2053 2779 2776
f 2776 2779 2079
f 2779 2181 2079
f 2079 2181 2080
f 2181 2239 2080
f 2080 2239 2240
f 2122 2256 2014
f 2042 1982 2076
f 2076 1982 2007
f 1982 1985 2007
f 2007 1985 2008
f 2095 2097 2265
f 2265 2097 2266
f 2076 2050 2042
f 2042 2050 2047
f 2046 2043 2047
f 2047 2043 2042
f 2118 1993 2046
f 2046 1993 2043
f 1995 1994 2118
f 2118 1994 1993
f 2267 1992 2011
f 2011 1992 2012
f 1997 2012 1994
f 1994 2012 1992
f 2226 2013 1997
f 1997 2013 2012
f 2225 2087 2226
f 2226 2087 2013
f 2225 2232 2087
f 2087 2232 2288
f 2232 2070 2288
f 2288 2070 2252
f 2070 2025 2252
f 2252 2025 2253
f 1988 2249 2025
f 2025 2249 2253
f 2116 2115 2267
f 2267 2115 2268
f 2096 1984 2237
f 2237 1984 1991
f 2095 1985 2096
f 2096 1985 1984
f 2265 2008 2095
f 2095 2008 1985
f 2092 2009 2265
f 2265 2009 2008
f 2091 2286 2092
f 2092 2286 2009
f 2255 2238 2091
f 2091 2238 2286
f 2256 2239 2255
f 2255 2239 2238
f 2122 2240 2256
f 2256 2240 2239
f 2121 2241 2122
f 2122 2241 2240
f 2022 2018 2097
f 2097 2018 2266
f 2022 2024 2018
f 2018 2024 2019
f 2024 2072 2019
f 2019 2072 2073
f 2072 2228 2073
f 2073 2228 2230
f 2228 2184 2230
f 2230 2184 2183
f 2121 2285 2241
f 2241 2285 2258
f 2285 2036 2258
f 2258 2036 2257
f 2177 2145 2193
f 2193 2145 2257
f 2173 2193 2196
f 2196 2193 2037
f 2036 2037 2257
f 2257 2037 2193
f 2196 2037 2066
f 2066 2037 2035
f 2061 2108 2034
f 2034 2108 2067
f 2108 2208 2067
f 2067 2208 2204
f 2208 2210 2204
f 2204 2210 2203
f 2210 2280 2203
f 2203 2280 2186
f 2183 2186 2235
f 2235 2186 2280
f 1987 2114 1988
f 1988 2114 2249
f 2237 2115 1987
f 1987 2115 2114
f 1991 2268 2237
f 2237 2268 2115
f 1991 1990 2268
f 2268 1990 1992
f 107 110 2781
f 2781 110 2780
f 117 2782 118
f 118 2782 2783
f 119 2784 120
f 120 2784 2785
f 125 2786 126
f 126 2786 2787
f 127 2788 128
f 128 2788 2789
f 127 132 2788
f 2788 132 2790
f 231 230 2792
f 2792 230 2791
f 118 2783 119
f 119 2783 2784
f 241 243 2794
f 2794 243 2793
f 2781 2795 107
f 107 2795 352
f 120 2785 437
f 437 2785 2796
f 126 2787 110
f 110 2787 2780
f 455 2797 456
f 456 2797 2798
f 128 2789 457
f 457 2789 2799
f 456 2798 117
f 117 2798 2782
f 2794 2797 241
f 241 2797 455
f 457 2799 125
f 125 2799 2786
f 132 231 2790
f 2790 231 2792
f 230 437 2791
f 2791 437 2796
f 2792 2789 2790
f 2790 2789 2788
f 2785 2784 2801
f 2801 2784 2800
f 2786 2802 2787
f 2787 2802 2803
f 2792 2791 2805
f 2805 2791 2804
f 2784 2783 2800
f 2800 2783 2806
f 2785 2801 2796
f 2796 2801 2807
f 2787 2803 2780
f 2780 2803 2808
f 2789 2809 2799
f 2799 2809 2810
f 2799 2810 2786
f 2786 2810 2802
f 2791 2796 2804
f 2804 2796 2807
f 2789 2792 2809
f 2809 2792 2805
f 2812 2797 2811
f 2811 2797 2794
f 2809 2805 2810
f 2810 2805 2804
f 2810 2804 2802
f 2802 2804 2807
f 2802 2807 2803
f 2803 2807 2801
f 2808 2803 2800
f 2800 2803 2801
f 2814 699 2813
f 2813 699 698
f 2808 2815 2780
f 2780 2815 2781
f 2817 2782 2816
f 2816 2782 2798
f 2815 2818 2781
f 2781 2818 2795
f 2797 2812 2798
f 2798 2812 2816
f 2783 2782 2806
f 2806 2782 2817
f 2800 2806 2808
f 2808 2806 2815
f 2794 2793 2811
f 2811 2793 2819
f 174 201 384
f 384 201 362
f 200 1766 390
f 390 1766 1777
f 1777 1778 390
f 390 1778 398
f 1778 361 398
f 398 361 222
f 2820 2821 628
f 628 2821 629
f 1406 2820 790
f 790 2820 628
f 794 1415 1233
f 1233 1415 1234
f 1406 790 1407
f 1407 790 1312
f 1407 1312 2822
f 2822 1312 1316
f 2823 1380 1543
f 1543 1380 1379
f 1385 1738 1382
f 1382 1738 1383
f 1381 791 1382
f 1382 791 1386
f 791 794 1386
f 1386 794 1233
f 1259 1390 1260
f 1260 1390 1389
f 1905 1542 1394
f 1394 1542 1395
f 1410 1413 1397
f 1397 1413 1398
f 2821 1410 629
f 629 1410 1397
f 2823 2822 1380
f 1380 2822 1316
f 1392 1395 1378
f 1378 1395 1379
f 1738 1399 1383
f 1383 1399 1398
f 1388 1235 1389
f 1389 1235 1234
f 1393 1391 1394
f 1394 1391 1390
f 1381 1384 779
f 779 1384 780
f 1282 788 792
f 792 788 793
f 1431 1262 1432
f 1432 1262 1261
f 1400 1342 1408
f 1408 1342 1409
f 1508 1544 1411
f 1411 1544 1412
f 788 787 793
f 793 787 1414
f 2821 2820 1429
f 1429 2820 1430
f 2822 2823 1506
f 1506 2823 1507
f 778 1282 779
f 779 1282 792
f 2820 1406 1430
f 1430 1406 1409
f 1410 2821 1411
f 1411 2821 1429
f 1407 2822 1408
f 1408 2822 1506
f 1544 781 1412
f 1412 781 780
f 1260 1415 1261
f 1261 1415 1414
f 1334 2824 923
f 923 2824 924
f 2826 1268 2825
f 2825 1268 1267
f 769 1212 2827
f 2827 1212 2828
f 1492 1190 1266
f 1266 1190 1267
f 1488 2829 1489
f 1489 2829 2830
f 922 1329 923
f 923 1329 1328
f 1484 2831 1485
f 1485 2831 2832
f 1482 2833 1485
f 1485 2833 1486
f 1324 1493 1489
f 1489 1493 1490
f 1265 1491 1266
f 1266 1491 1490
f 2835 2836 2834
f 2834 2836 2837
f 1250 2838 2827
f 2827 2838 2839
f 1488 1491 2840
f 2840 1491 2841
f 1268 2826 2842
f 2842 2826 2843
f 2844 2845 1495
f 1495 2845 1496
f 1427 2847 2846
f 2846 2847 926
f 2829 1488 2848
f 2848 1488 2840
f 1329 922 2849
f 2849 922 927
f 2850 2851 768
f 768 2851 1213
f 1265 1268 2852
f 2852 1268 2842
f 1491 1265 2841
f 2841 1265 2852
f 2854 2855 2853
f 2853 2855 2856
f 2855 2857 2856
f 2856 2857 598
f 2857 2858 598
f 598 2858 595
f 2858 2859 595
f 595 2859 626
f 649 652 2860
f 2860 652 2861
f 639 642 2862
f 2862 642 2863
f 2864 705 2862
f 2862 705 639
f 2865 1418 2864
f 2864 1418 705
f 2866 2867 2865
f 2865 2867 1418
f 1760 1348 1761
f 1761 1348 2867
f 1764 2868 1197
f 1197 2868 1198
f 2869 611 2868
f 2868 611 1198
f 2870 612 2869
f 2869 612 611
f 1352 1350 944
f 944 1350 688
f 1350 1256 688
f 688 1256 685
f 1256 1255 685
f 685 1255 692
f 1255 2871 692
f 692 2871 2872
f 701 2873 698
f 698 2873 2813
f 2872 1349 692
f 692 1349 693
f 1696 1744 1574
f 1574 1744 1575
f 1753 1618 1577
f 1577 1618 1578
f 1729 1594 1608
f 1608 1594 1609
f 1725 1630 1611
f 1611 1630 1612
f 1604 1607 1625
f 1625 1607 1626
f 1624 1703 1625
f 1625 1703 1912
f 1703 1702 1912
f 1912 1702 1913
f 1702 1753 1913
f 1913 1753 1577
f 1598 1569 1915
f 1915 1569 1578
f 1616 1615 1915
f 1915 1615 1916
f 1615 1696 1916
f 1916 1696 1574
f 1744 1745 1575
f 1575 1745 1917
f 1745 1565 1917
f 1917 1565 1609
f 1568 1725 1608
f 1608 1725 1611
f 2874 1613 1918
f 1918 1613 1612
f 1607 2874 1626
f 1626 2874 1918
f 1610 1613 1562
f 1562 1613 1563
f 1547 1550 1570
f 1570 1550 1571
f 1573 1576 1580
f 1580 1576 1581
f 1553 1556 1595
f 1595 1556 1596
f 1556 1582 1596
f 1596 1582 1581
f 1551 1547 1599
f 1599 1547 1570
f 1731 1914 1601
f 1601 1914 1602
f 1686 1689 1605
f 1605 1689 1606
f 1598 1743 1599
f 1599 1743 1692
f 2874 1607 1723
f 1723 1607 1606
f 1727 1553 1730
f 1730 1553 1595
f 1600 1686 1601
f 1601 1686 1605
f 1914 1572 1602
f 1602 1572 1571
f 1579 1693 1580
f 1580 1693 1692
f 1613 2874 1563
f 1563 2874 1723
f 1561 1727 1562
f 1562 1727 1730
f 1949 1742 1548
f 1548 1742 1549
f 1694 1949 1552
f 1552 1949 1548
f 1954 1589 1554
f 1554 1589 1555
f 1693 1579 1558
f 1558 1579 1559
f 1561 1564 1584
f 1584 1564 1585
f 1582 1556 1588
f 1588 1556 1555
f 1600 1603 1591
f 1591 1603 1592
f 1981 1977 1687
f 1687 1977 1688
f 1564 1722 1585
f 1585 1722 1690
f 1551 1693 1552
f 1552 1693 1558
f 1751 1954 1728
f 1728 1954 1554
f 1590 1981 1591
f 1591 1981 1687
f 1603 1550 1592
f 1592 1550 1549
f 1977 1691 1688
f 1688 1691 1690
f 1587 1560 1588
f 1588 1560 1559
f 1727 1561 1728
f 1728 1561 1584
f 2875 1919 1947
f 1947 1919 1948
f 1557 1560 1952
f 1952 1560 1953
f 1933 1932 1955
f 1955 1932 1956
f 1587 1589 1958
f 1958 1589 1956
f 1959 1933 1965
f 1965 1933 1955
f 1961 1964 1966
f 1966 1964 1967
f 1981 1590 1969
f 1969 1590 1967
f 1742 1949 1972
f 1972 1949 1948
f 1593 1742 1966
f 1966 1742 1972
f 1957 1950 1958
f 1958 1950 1953
f 1583 1586 1974
f 1974 1586 1975
f 1940 1943 1978
f 1978 1943 1979
f 1943 1976 1979
f 1979 1976 1975
f 1951 2875 1952
f 1952 2875 1947
f 1968 1940 1969
f 1969 1940 1978
f 1973 1959 1974
f 1974 1959 1965
f 1923 1971 1920
f 1920 1971 1921
f 1919 2875 1920
f 1920 2875 1924
f 2875 1951 1924
f 1924 1951 1926
f 1950 1957 1929
f 1929 1957 1930
f 2244 2243 1934
f 1934 2243 1935
f 1973 1976 1937
f 1937 1976 1938
f 1944 1980 1941
f 1941 1980 1942
f 1940 1968 1941
f 1941 1968 1945
f 2287 2244 1960
f 1960 2244 1934
f 1970 2245 1962
f 1962 2245 1963
f 2243 1931 1935
f 1935 1931 1930
f 1927 1926 1928
f 1928 1926 1929
f 1961 1922 1962
f 1962 1922 1921
f 2245 1946 1963
f 1963 1946 1945
f 1976 1943 1938
f 1938 1943 1942
f 1936 2287 1937
f 1937 2287 1960
f 743 1238 608
f 608 1238 609
f 607 1811 608
f 608 1811 744
f 1304 2876 1305
f 1305 2876 2877
f 586 585 1298
f 1298 585 1299
f 585 702 1299
f 1299 702 1300
f 702 1428 1300
f 1300 1428 1301
f 1238 586 609
f 609 586 1298
f 2878 2879 1218
f 1218 2879 2877
f 2880 2881 1812
f 1812 2881 1819
f 2883 1821 2882
f 2882 1821 1820
f 2840 2841 620
f 620 2841 621
f 2842 2843 795
f 795 2843 796
f 892 895 2844
f 2844 895 2845
f 2848 2840 942
f 942 2840 620
f 2849 927 1202
f 1202 927 1203
f 2852 2842 1270
f 1270 2842 795
f 2841 2852 621
f 621 2852 1270
f 941 1759 942
f 942 1759 2884
f 659 929 1427
f 1427 929 2847
f 1237 2851 751
f 751 2851 2850
f 1216 2885 1217
f 1217 2885 1754
f 2887 734 2886
f 2886 734 733
f 2889 1816 2888
f 2888 1816 1815
f 2890 1245 2889
f 2889 1245 1816
f 1824 2891 1825
f 1825 2891 1246
f 2892 2893 2895
f 2895 2893 2894
f 1854 1833 1851
f 1851 1833 1832
f 1851 1832 1884
f 1884 1832 1876
f 1884 1876 1441
f 1441 1876 1443
f 1441 1443 1442
f 1442 1443 1446
f 1442 1446 2896
f 2896 1446 1507
f 2897 2823 2898
f 2898 2823 1543
f 1542 2899 1543
f 1543 2899 2898
f 1542 1905 2899
f 2899 1905 2900
f 1905 1259 2900
f 2900 1259 2901
f 1262 1431 2902
f 2902 1431 1904
f 1431 1434 1904
f 1904 1434 1902
f 1902 1434 2903
f 2903 1434 719
f 2903 719 2904
f 2904 719 718
f 1869 1881 718
f 718 1881 2904
f 1881 1869 1880
f 1880 1869 756
f 1880 756 2905
f 2905 756 755
f 2905 755 2906
f 2906 755 758
f 762 2907 763
f 763 2907 2908
f 724 723 2909
f 2909 723 894
f 796 895 723
f 723 895 894
f 2843 2845 796
f 796 2845 895
f 2826 1496 2843
f 2843 1496 2845
f 2825 1497 2826
f 2826 1497 1496
f 1189 2836 2825
f 2825 2836 1497
f 797 891 798
f 798 891 2837
f 802 888 797
f 797 888 891
f 2910 2911 2913
f 2913 2911 2912
f 1780 1783 2915
f 2915 1783 2914
f 2916 2917 831
f 831 2917 832
f 2918 2919 845
f 845 2919 846
f 2920 2916 847
f 847 2916 831
f 2921 2922 857
f 857 2922 858
f 2923 2924 860
f 860 2924 861
f 2919 2912 846
f 846 2912 887
f 2925 2920 940
f 940 2920 847
f 2924 2926 861
f 861 2926 1204
f 2917 2918 832
f 832 2918 845
f 2927 2928 1449
f 1449 2928 1450
f 2929 2930 889
f 889 2930 2931
f 2896 1507 2897
f 2897 1507 2823
f 2902 2901 1262
f 1262 2901 1259
f 2932 2933 750
f 750 2933 1236
f 2933 2934 1236
f 1236 2934 1835
f 2936 2937 2935
f 2935 2937 2938
f 2940 2941 2939
f 2939 2941 2942
f 2943 2944 1841
f 1841 2944 1842
f 2945 1860 2944
f 2944 1860 1842
f 2945 2946 1860
f 1860 2946 1859
f 1889 2947 1890
f 1890 2947 1856
f 1856 2947 1857
f 1857 2947 2948
f 2950 709 2949
f 2949 709 1829
f 2952 730 2951
f 2951 730 729
f 2866 2953 2867
f 2867 2953 1761
f 2953 2954 1761
f 1761 2954 1420
f 2954 2955 1420
f 1420 2955 742
f 2955 2956 742
f 742 2956 739
f 2956 2957 739
f 739 2957 760
f 2957 2958 760
f 760 2958 761
f 2958 2959 761
f 761 2959 2960
f 2959 2961 2960
f 2960 2961 2962
f 2963 2964 1839
f 1839 2964 1840
f 2964 2965 1840
f 1840 2965 2942
f 2966 2950 2939
f 2939 2950 2949
f 2935 2967 2936
f 2936 2967 2968
f 2969 2970 736
f 736 2970 735
f 734 2887 1815
f 1815 2887 2888
f 2887 2882 2888
f 2888 2882 2881
f 1819 1820 1817
f 1817 1820 748
f 1195 1757 1197
f 1197 1757 1424
f 1757 647 1424
f 1424 647 646
f 647 648 646
f 646 648 643
f 648 1271 643
f 643 1271 737
f 1271 725 737
f 737 725 765
f 725 724 765
f 765 724 762
f 762 724 2907
f 2907 724 2909
f 1254 1437 2909
f 2909 1437 2907
f 1438 1253 1836
f 1836 1253 1835
f 1836 1835 2938
f 2938 1835 2934
f 2971 2972 2935
f 2935 2972 2967
f 897 896 2969
f 2969 896 2970
f 1815 1814 734
f 734 1814 731
f 728 1215 896
f 896 1215 732
f 2885 1216 733
f 733 1216 2886
f 1216 1219 2886
f 2886 1219 2883
f 2876 1304 1821
f 1821 1304 749
f 1304 1303 749
f 749 1303 746
f 1818 2973 1817
f 1817 2973 1810
f 747 2974 1818
f 1818 2974 2973
f 747 746 2974
f 2974 746 1303
f 2976 2977 2975
f 2975 2977 2978
f 2976 2979 2901
f 2901 2979 2900
f 2980 2981 2982
f 2982 2981 2979
f 2981 2980 2983
f 2983 2980 2984
f 2985 2897 2983
f 2983 2897 2898
f 2987 2988 2986
f 2986 2988 2985
f 2896 2988 1442
f 1442 2988 1439
f 1903 2977 1904
f 1904 2977 2902
f 1856 1855 1890
f 1890 1855 2989
f 2989 2990 1890
f 1890 2990 1359
f 2990 2991 1359
f 1359 2991 1356
f 2946 2992 1859
f 1859 2992 1893
f 2992 2993 1893
f 1893 2993 775
f 2993 2994 775
f 775 2994 776
f 2986 1356 2987
f 2987 1356 2991
f 2975 2978 776
f 776 2978 777
f 2982 2994 2980
f 2980 2994 2995
f 1357 2984 2995
f 2995 2984 2980
f 2995 2996 1357
f 1357 2996 1358
f 2996 2997 1358
f 1358 2997 1889
f 2998 2999 2932
f 2932 2999 2933
f 2999 2971 2933
f 2933 2971 2934
f 1837 1836 2937
f 2937 1836 2938
f 2943 1841 2941
f 2941 1841 1838
f 3001 2944 3000
f 3000 2944 2943
f 3001 3002 2944
f 2944 3002 2945
f 3002 3003 2945
f 2945 3003 2946
f 2997 3003 1889
f 1889 3003 2947
f 2947 3003 2948
f 2948 3003 3002
f 3001 3004 3002
f 3002 3004 2948
f 3000 3005 3001
f 3001 3005 3004
f 2940 3006 3000
f 3000 3006 3005
f 2999 3007 2971
f 2971 3007 2972
f 2998 2951 2999
f 2999 2951 3007
f 3008 2952 2998
f 2998 2952 2951
f 2966 2965 2936
f 2936 2965 2937
f 2935 2938 2971
f 2971 2938 2934
f 3003 2997 2946
f 2946 2997 2992
f 2997 2996 2992
f 2992 2996 2993
f 2996 2995 2993
f 2993 2995 2994
f 1356 2986 1357
f 1357 2986 2984
f 2982 2975 2994
f 2994 2975 776
f 1844 1843 1899
f 1899 1843 3009
f 1843 638 3009
f 3009 638 3010
f 638 637 3010
f 3010 637 3011
f 637 1830 3011
f 3011 1830 3012
f 1830 1833 3012
f 3012 1833 2894
f 1833 1854 2894
f 2894 1854 2895
f 1854 1853 2895
f 2895 1853 1888
f 1858 1857 1885
f 1885 1857 1892
f 1899 3009 1898
f 1898 3009 1874
f 3009 3010 1874
f 1874 3010 1865
f 3010 3011 1865
f 1865 3011 1862
f 3011 3012 1862
f 1862 3012 1882
f 3012 2894 1882
f 1882 2894 2893
f 1850 2890 782
f 782 2890 2889
f 783 2880 1811
f 1811 2880 1812
f 744 1810 745
f 745 1810 2973
f 745 2973 805
f 805 2973 806
f 2973 2974 806
f 806 2974 815
f 1303 812 2974
f 2974 812 815
f 1303 1302 812
f 812 1302 1221
f 1307 3013 1302
f 1302 3013 1221
f 1734 3014 1633
f 1633 3014 1634
f 1646 1649 1636
f 1636 1649 1637
f 1654 1657 1641
f 1641 1657 1642
f 1639 1736 1636
f 1636 1736 1684
f 1716 1713 1698
f 1698 1713 1699
f 1718 1721 1705
f 1705 1721 1706
f 1653 1654 1709
f 1709 1654 1641
f 1620 1623 1714
f 1714 1623 1699
f 1712 1682 1714
f 1714 1682 1740
f 1668 1671 1746
f 1746 1671 1747
f 1752 1650 1749
f 1749 1650 1750
f 1750 1650 1709
f 1709 1650 1653
f 1632 1668 1633
f 1633 1668 1746
f 1649 1752 1637
f 1637 1752 1749
f 1682 1643 1740
f 1740 1643 1642
f 3014 1685 1634
f 1634 1685 1684
f 1704 1748 1705
f 1705 1748 1747
f 1697 1707 1698
f 1698 1707 1706
f 1739 1701 1621
f 1621 1701 1622
f 1567 1566 1647
f 1647 1566 1648
f 1664 1695 1651
f 1651 1695 1652
f 1614 1617 1655
f 1655 1617 1656
f 1704 1707 1659
f 1659 1707 1660
f 3014 1734 1662
f 1662 1734 1663
f 1650 1752 1651
f 1651 1752 1665
f 1741 1657 1667
f 1667 1657 1656
f 1695 1614 1652
f 1652 1614 1655
f 1724 1567 1726
f 1726 1567 1647
f 1645 1628 1733
f 1733 1628 1663
f 1685 3014 1726
f 1726 3014 1662
f 1620 1741 1621
f 1621 1741 1667
f 1566 1666 1648
f 1648 1666 1665
f 1658 1737 1659
f 1659 1737 1901
f 1911 1661 1910
f 1910 1661 1660
f 1701 1911 1622
f 1622 1911 1910
f 1732 1748 1733
f 1733 1748 1901
f 1857 2948 1892
f 1892 2948 3004
f 1892 3004 1891
f 1891 3004 3005
f 1828 3006 1829
f 1829 3006 2949
f 2967 736 2968
f 2968 736 710
f 2972 2969 2967
f 2967 2969 736
f 2969 2972 897
f 897 2972 3007
f 897 3007 729
f 729 3007 2951
f 3016 753 3015
f 3015 753 752
f 3018 767 3017
f 3017 767 766
f 3019 3020 1249
f 1249 3020 3021
f 2915 2914 3019
f 3019 2914 3020
f 3023 2914 3022
f 3022 2914 1783
f 2827 2839 769
f 769 2839 766
f 3025 2838 3024
f 3024 2838 3021
f 768 767 2850
f 2850 767 3026
f 2850 3026 751
f 751 3026 752
f 750 753 2932
f 2932 753 3027
f 3008 2998 3027
f 3027 2998 2932
f 3028 3029 3008
f 3008 3029 2952
f 3029 3030 2952
f 2952 3030 730
f 3032 3033 3031
f 3031 3033 3034
f 3036 3037 3035
f 3035 3037 3038
f 2870 3039 612
f 612 3039 3040
f 3041 3042 3031
f 3031 3042 3038
f 3034 1352 3043
f 3043 1352 944
f 612 3040 613
f 613 3040 3044
f 613 3044 1425
f 1425 3044 1422
f 3045 3042 669
f 669 3042 670
f 3041 3043 599
f 599 3043 600
f 772 771 1544
f 1544 771 781
f 1503 771 1866
f 1866 771 770
f 771 1503 781
f 781 1503 778
f 61 281 416
f 416 281 1907
f 283 103 3046
f 3046 103 3047
f 76 79 3048
f 3048 79 3049
f 280 76 1906
f 1906 76 3048
f 3051 335 3050
f 3050 335 334
f 3053 417 3052
f 3052 417 416
f 3055 435 3054
f 3054 435 434
f 428 435 419
f 419 435 1908
f 420 1909 293
f 293 1909 443
f 79 294 3049
f 3049 294 444
f 3057 444 3056
f 3056 444 443
f 3051 3058 335
f 335 3058 452
f 216 215 1332
f 1332 215 452
f 308 283 462
f 462 283 3046
f 3050 334 3059
f 3059 334 462
f 103 62 3047
f 3047 62 417
f 313 312 434
f 434 312 463
f 3061 574 3060
f 3060 574 573
f 1310 3062 1428
f 1428 3062 3063
f 1258 3064 1255
f 1255 3064 2871
f 932 3065 2853
f 2853 3065 3066
f 699 2814 931
f 931 2814 3067
f 3068 1301 3063
f 3063 1301 1428
f 571 574 1310
f 1310 574 3062
f 3060 573 3069
f 3069 573 1332
f 3070 3071 1906
f 1906 3071 1907
f 3072 3073 1908
f 1908 3073 1909
f 3075 2814 3074
f 3074 2814 2813
f 2854 3076 1258
f 1258 3076 3064
f 2871 3077 2872
f 2872 3077 3078
f 3074 2813 3079
f 3079 2813 2873
f 2872 3078 1349
f 1349 3078 3080
f 2873 701 3068
f 3068 701 1301
f 1330 1201 3080
f 3080 1201 1349
f 1264 1263 3081
f 3081 1263 3082
f 3083 3084 3082
f 3082 3084 3081
f 811 1448 3086
f 3086 1448 3085
f 808 811 3087
f 3087 811 3086
f 3088 3083 833
f 833 3083 3082
f 884 3089 885
f 885 3089 3090
f 3087 1790 808
f 808 1790 816
f 1790 3087 1787
f 1787 3087 3091
f 3092 3091 3086
f 3086 3091 3087
f 3093 3094 3084
f 3084 3094 3095
f 3089 3096 3090
f 3090 3096 3088
f 3097 3093 3083
f 3083 3093 3084
f 3099 3100 3098
f 3098 3100 1786
f 3101 1788 2913
f 2913 1788 3102
f 838 837 885
f 885 837 886
f 886 837 3103
f 3103 837 1541
f 3094 3093 3104
f 3104 3093 3097
f 3105 3106 3089
f 3089 3106 3096
f 3108 3109 3107
f 3107 3109 3110
f 3111 3112 3091
f 3091 3112 1787
f 3114 3108 3113
f 3113 3108 3107
f 3114 3115 3112
f 3112 3115 3102
f 3091 3092 3111
f 3111 3092 3116
f 839 838 835
f 835 838 836
f 885 3090 838
f 838 3090 836
f 3110 3117 1247
f 1247 3117 3118
f 1247 3118 1248
f 1248 3118 3119
f 3120 3121 3119
f 3119 3121 1248
f 1247 844 3110
f 3110 844 3107
f 844 843 3107
f 3107 843 3113
f 843 3099 3113
f 3113 3099 3122
f 1781 3123 3098
f 3098 3123 3124
f 2915 2931 1780
f 1780 2931 2930
f 3019 3125 2915
f 2915 3125 2931
f 890 3125 2834
f 2834 3125 1252
f 3125 3019 1252
f 1252 3019 1249
f 907 908 946
f 946 908 947
f 1185 1188 1369
f 1369 1188 948
f 954 957 951
f 951 957 952
f 910 965 953
f 953 965 950
f 905 958 960
f 960 958 961
f 3126 978 949
f 949 978 962
f 936 935 967
f 967 935 968
f 994 993 969
f 969 993 966
f 902 904 971
f 971 904 972
f 983 985 973
f 973 985 970
f 906 905 974
f 974 905 960
f 977 981 959
f 959 981 975
f 911 910 1143
f 1143 910 953
f 952 957 1142
f 1142 957 1145
f 911 1143 1366
f 1366 1143 1368
f 1185 1369 1145
f 1145 1369 1142
f 993 1519 966
f 966 1519 1456
f 965 1454 950
f 950 1454 1457
f 900 899 1459
f 1459 899 1460
f 988 991 1461
f 1461 991 1458
f 899 963 1460
f 1460 963 1462
f 985 987 970
f 970 987 1463
f 904 906 972
f 972 906 974
f 981 983 975
f 975 983 973
f 935 900 968
f 968 900 1459
f 991 994 1458
f 1458 994 969
f 1154 1526 1088
f 1088 1526 1089
f 1109 1112 1092
f 1092 1112 1093
f 1083 1098 1084
f 1084 1098 1097
f 1078 1471 1100
f 1100 1471 1101
f 1075 1078 1104
f 1104 1078 1100
f 1152 1154 1156
f 1156 1154 1088
f 1156 1155 1372
f 1372 1155 1373
f 1372 1373 1104
f 1104 1373 1075
f 1467 1109 1465
f 1465 1109 1092
f 1465 1182 1468
f 1468 1182 1184
f 1474 1470 1096
f 1096 1470 1097
f 1102 1101 1083
f 1083 1101 1098
f 1112 1531 1093
f 1093 1531 1529
f 1102 1073 1099
f 1099 1073 1072
f 1526 1154 1079
f 1079 1154 1080
f 1081 1091 1082
f 1082 1091 1094
f 1069 1068 1085
f 1085 1068 1086
f 1153 1151 1080
f 1080 1151 1058
f 1371 1177 1179
f 1179 1177 1176
f 1099 1072 1103
f 1103 1072 1176
f 1068 1071 1086
f 1086 1071 1073
f 1085 1084 1180
f 1180 1084 1469
f 1066 1065 1183
f 1183 1065 1181
f 1153 1152 1177
f 1177 1152 1178
f 1091 1081 1182
f 1182 1081 1183
f 1057 1525 1079
f 1079 1525 1527
f 1120 1117 1076
f 1076 1117 1077
f 1087 1090 1107
f 1107 1090 1108
f 1127 1126 1110
f 1110 1126 1111
f 1095 1116 1096
f 1096 1116 1115
f 1471 1078 1119
f 1119 1078 1077
f 1087 1107 1155
f 1155 1107 1158
f 1376 1374 1157
f 1157 1374 1158
f 1076 1075 1374
f 1374 1075 1373
f 1109 1467 1110
f 1110 1467 1472
f 1467 1466 1472
f 1472 1466 1473
f 1135 1475 1114
f 1114 1475 1115
f 1471 1119 1095
f 1095 1119 1116
f 1126 1532 1111
f 1111 1532 1530
f 914 1276 1480
f 1480 1276 1517
f 3127 3128 1223
f 1223 3128 1224
f 824 933 1455
f 1455 933 3129
f 3131 1448 3130
f 3130 1448 1447
f 3132 3133 1452
f 1452 3133 1453
f 3130 1447 1322
f 1322 1447 1455
f 933 1514 3129
f 3129 1514 3134
f 1161 3135 1480
f 1480 3135 1481
f 3128 3136 1224
f 1224 3136 1499
f 3133 1162 1453
f 1453 1162 1517
f 1515 3127 1535
f 1535 3127 1223
f 3095 3085 3131
f 3131 3085 1448
f 3137 3092 3085
f 3085 3092 3086
f 3138 3116 3137
f 3137 3116 3092
f 3110 3109 3117
f 3117 3109 3139
f 3105 3140 3117
f 3117 3140 3118
f 3140 3141 3118
f 3118 3141 3119
f 3142 3120 3141
f 3141 3120 3119
f 1498 3143 1277
f 1277 3143 882
f 3144 3145 1340
f 1340 3145 1339
f 1340 3146 3144
f 3144 3146 3147
f 3145 3144 3143
f 3143 3144 3148
f 871 901 872
f 872 901 1362
f 3149 3148 3147
f 3147 3148 3144
f 1208 3150 1209
f 3098 1786 1781
f 1781 1786 1782
f 2930 2929 3123
f 3123 2929 2911
f 1794 1791 2916
f 2916 1791 2917
f 1793 3101 2918
f 2918 3101 2919
f 1796 1794 2920
f 2920 1794 2916
f 3151 3152 2921
f 2921 3152 2922
f 3153 3154 2923
f 2923 3154 2924
f 2919 3101 2912
f 2912 3101 2913
f 3155 1796 2925
f 2925 1796 2920
f 3154 3156 2924
f 2924 3156 2926
f 1791 1793 2917
f 2917 1793 2918
f 3157 3158 2927
f 2927 3158 2928
f 1780 2930 1781
f 1781 2930 3123
f 2825 1267 1189
f 1189 1267 1190
f 2827 2828 1250
f 1250 2828 1251
f 1489 2830 1324
f 1324 2830 1325
f 923 1328 1334
f 1334 1328 1335
f 1485 2832 1482
f 1482 2832 1483
f 1266 1490 1492
f 1492 1490 1493
f 1333 1346 1334
f 1334 1346 2824
f 722 799 1492
f 1492 799 1190
f 664 657 1482
f 1482 657 2833
f 631 634 1324
f 1324 634 1493
f 2828 1494 1251
f 1251 1494 2835
f 1249 3021 1250
f 1250 3021 2838
f 798 2837 1189
f 1189 2837 2836
f 3100 842 3160
f 3160 842 3159
f 1788 3101 1789
f 1789 3101 1793
f 1792 816 1789
f 1789 816 1790
f 817 816 1795
f 1795 816 1792
f 938 817 1797
f 1797 817 1795
f 1796 3155 1797
f 1797 3155 1798
f 3155 3158 1798
f 1798 3158 1799
f 3157 3152 1801
f 1801 3152 1802
f 3151 3156 1803
f 1803 3156 1804
f 3154 3153 1805
f 1805 3153 1806
f 3153 3161 1806
f 1806 3161 1807
f 3099 843 3100
f 3100 843 842
f 1788 1787 3102
f 3102 1787 3112
f 2910 3115 3124
f 3124 3115 3122
f 3099 3098 3122
f 3122 3098 3124
f 416 1907 3052
f 3052 1907 3071
f 3046 3047 3163
f 3163 3047 3162
f 249 445 259
f 259 445 3164
f 425 3165 424
f 424 3165 461
f 408 410 329
f 329 410 330
f 39 331 40
f 40 331 332
f 305 304 423
f 423 304 464
f 385 254 458
f 458 254 392
f 250 415 251
f 251 415 412
f 233 337 234
f 234 337 3166
f 435 3055 1908
f 1908 3055 3072
f 443 1909 3056
f 3056 1909 3073
f 3167 3049 3057
f 3057 3049 444
f 452 3058 1332
f 1332 3058 3069
f 234 3166 346
f 346 3166 411
f 3046 3163 462
f 462 3163 3059
f 259 3164 260
f 260 3164 336
f 3047 417 3162
f 3162 417 3053
f 463 3168 434
f 434 3168 3054
f 454 830 425
f 425 830 3165
f 3062 3169 3063
f 3063 3169 3170
f 1355 1354 1534
f 1534 1354 3171
f 3063 3170 3068
f 3068 3170 3172
f 574 3061 3062
f 3062 3061 3169
f 1534 3171 1535
f 1535 3171 3173
f 3079 2873 3172
f 3172 2873 3068
f 2838 3025 2839
f 2839 3025 3174
f 3176 3177 3175
f 3175 3177 3178
f 3180 1125 3179
f 3179 1125 1128
f 3182 3183 3181
f 3181 3183 3184
f 1134 3185 1130
f 1130 3185 3182
f 3186 3187 3189
f 3189 3187 3188
f 3191 3189 3190
f 3190 3189 3188
f 1137 1122 3190
f 3190 1122 3192
f 3175 3178 3193
f 3193 3178 3194
f 3181 3184 3179
f 3179 3184 3195
f 3197 3198 3196
f 3196 3198 3180
f 3200 3178 3199
f 3199 3178 3177
f 3202 3196 3201
f 3201 3196 3195
f 3204 3184 3203
f 3203 3184 3183
f 3206 3207 3205
f 3205 3207 3186
f 3205 3186 3208
f 3208 3186 3189
f 3209 3208 3191
f 3191 3208 3189
f 3210 3194 3200
f 3200 3194 3178
f 3201 3195 3204
f 3204 3195 3184
f 3197 3211 3177
f 3177 3211 3199
f 3213 3214 3212
f 3212 3214 3215
f 3217 3218 3216
f 3216 3218 3219
f 3221 3222 3220
f 3220 3222 3223
f 3225 3226 3224
f 3224 3226 3227
f 3229 3230 3228
f 3228 3230 3231
f 3233 3234 3232
f 3232 3234 3235
f 3237 3238 3236
f 3236 3238 3239
f 3238 3240 3239
f 3239 3240 3241
f 3232 3235 3242
f 3242 3235 3243
f 3245 3246 3244
f 3244 3246 3247
f 3248 3249 3245
f 3245 3249 3246
f 3251 3252 3250
f 3250 3252 3253
f 3255 3252 3254
f 3254 3252 3251
f 3256 3257 3259
f 3259 3257 3258
f 3261 3262 3260
f 3260 3262 3263
f 3265 3263 3264
f 3264 3263 3262
f 3256 3259 3266
f 3266 3259 3267
f 3269 3270 3268
f 3268 3270 3271
f 3269 3272 3270
f 3270 3272 3273
f 3274 3275 3277
f 3277 3275 3276
f 3278 3279 3276
f 3276 3279 3277
f 3281 3282 3280
f 3280 3282 3283
f 3280 3284 3281
f 3281 3284 3285
f 3287 3288 3286
f 3286 3288 3289
f 3290 3291 3288
f 3288 3291 3289
f 3234 3218 3235
f 3235 3218 3217
f 3232 3292 3233
f 3233 3292 3293
f 3239 3294 3236
f 3236 3294 3219
f 3233 3293 3237
f 3237 3293 3295
f 3296 3294 3241
f 3241 3294 3239
f 3240 3238 3297
f 3297 3238 3298
f 3217 3216 3235
f 3235 3216 3243
f 3297 3299 3240
f 3240 3299 3242
f 3246 3300 3247
f 3247 3300 3223
f 3301 3302 3254
f 3254 3302 3244
f 3249 3303 3246
f 3246 3303 3300
f 3245 3304 3248
f 3248 3304 3292
f 3252 3221 3253
f 3253 3221 3220
f 3250 3248 3299
f 3299 3248 3292
f 3222 3221 3255
f 3255 3221 3252
f 3297 3301 3251
f 3251 3301 3254
f 3258 3214 3259
f 3259 3214 3213
f 3257 3256 3304
f 3304 3256 3305
f 3263 3306 3260
f 3260 3306 3215
f 3261 3257 3302
f 3302 3257 3304
f 3307 3306 3265
f 3265 3306 3263
f 3262 3301 3264
f 3264 3301 3308
f 3259 3213 3267
f 3267 3213 3212
f 3308 3309 3264
f 3264 3309 3266
f 3270 3310 3271
f 3271 3310 3231
f 3311 3312 3278
f 3278 3312 3268
f 3270 3273 3310
f 3310 3273 3313
f 3272 3269 3305
f 3305 3269 3314
f 3277 3229 3274
f 3274 3229 3228
f 3275 3272 3309
f 3309 3272 3305
f 3279 3230 3277
f 3277 3230 3229
f 3276 3308 3278
f 3278 3308 3311
f 3281 3315 3282
f 3282 3315 3227
f 3290 3316 3283
f 3283 3316 3317
f 3281 3285 3315
f 3315 3285 3318
f 3284 3280 3314
f 3314 3280 3319
f 3289 3225 3286
f 3286 3225 3224
f 3287 3284 3312
f 3284 3314 3312
f 3291 3226 3289
f 3289 3226 3225
f 3288 3311 3290
f 3290 3311 3316
f 3212 3215 3307
f 3307 3215 3306
f 3294 3296 3219
f 3219 3296 3216
f 3303 3220 3300
f 3300 3220 3223
f 3224 3227 3318
f 3318 3227 3315
f 3228 3231 3313
f 3313 3231 3310
f 3234 3233 3236
f 3236 3233 3237
f 3243 3241 3242
f 3242 3241 3240
f 3247 3255 3244
f 3244 3255 3254
f 3253 3249 3250
f 3250 3249 3248
f 3260 3258 3261
f 3261 3258 3257
f 3266 3267 3264
f 3264 3267 3265
f 3268 3271 3278
f 3278 3271 3279
f 3274 3273 3275
f 3275 3273 3272
f 3283 3282 3290
f 3290 3282 3291
f 3286 3285 3287
f 3287 3285 3284
f 3218 3234 3219
f 3219 3234 3236
f 3295 3298 3237
f 3237 3298 3238
f 3216 3296 3243
f 3243 3296 3241
f 3242 3299 3232
f 3232 3299 3292
f 3223 3222 3247
f 3247 3222 3255
f 3244 3302 3245
f 3245 3302 3304
f 3303 3249 3220
f 3220 3249 3253
f 3297 3251 3299
f 3299 3251 3250
f 3215 3214 3260
f 3260 3214 3258
f 3301 3262 3302
f 3302 3262 3261
f 3212 3307 3267
f 3267 3307 3265
f 3266 3309 3256
f 3256 3309 3305
f 3271 3231 3279
f 3279 3231 3230
f 3268 3312 3269
f 3269 3312 3314
f 3228 3313 3274
f 3274 3313 3273
f 3308 3276 3309
f 3309 3276 3275
f 3282 3227 3291
f 3291 3227 3226
f 3317 3319 3283
f 3283 3319 3280
f 3224 3318 3286
f 3286 3318 3285
f 3312 3311 3287
f 3311 3288 3287
f 3320 3321 3194
f 3194 3321 3193
f 1375 3321 1121
f 1121 3321 3322
f 3323 3324 3322
f 3322 3324 3192
f 3175 1124 3176
f 3176 1124 1123
f 3179 3195 3180
f 3180 3195 3196
f 3181 1131 3182
f 3182 1131 1130
f 3207 3185 3186
f 3186 3185 3187
f 1136 3188 1133
f 1133 3188 3187
f 3190 3188 1137
f 1137 3188 1136
f 3193 1159 3175
f 3175 1159 1124
f 3179 1128 3181
f 3181 1128 1131
f 1533 3198 1123
f 1123 3198 3176
f 3321 1375 3193
f 3193 1375 1159
f 3321 3320 3322
f 3322 3320 3323
f 1122 1121 3192
f 3192 1121 3322
f 3194 3210 3320
f 3320 3210 3325
f 3324 3323 3327
f 3327 3323 3326
f 3320 3325 3323
f 3323 3325 3326
f 3208 3328 3205
f 3205 3328 3329
f 3330 3206 3329
f 3329 3206 3205
f 3203 3331 3204
f 3204 3331 3332
f 3210 3333 3325
f 3325 3333 3334
f 3325 3334 3326
f 3326 3334 3335
f 3327 3326 3336
f 3336 3326 3335
f 3327 3209 3324
f 3324 3209 3191
f 3190 3192 3191
f 3191 3192 3324
f 3338 3339 3337
f 3337 3339 3340
f 3338 3341 3339
f 3339 3341 3342
f 3341 3343 3342
f 3342 3343 3344
f 3343 3345 3344
f 3344 3345 3346
f 3345 3347 3346
f 3346 3347 3348
f 3347 3349 3348
f 3348 3349 3350
f 3337 3340 3351
f 3351 3340 3352
f 3351 3352 3353
f 3353 3352 3354
f 3353 3354 3355
f 3355 3354 3356
f 3350 3349 3357
f 3357 3349 3358
f 3355 3356 3359
f 3359 3356 3360
f 3359 3360 3361
f 3361 3360 3362
f 3361 3362 3363
f 3363 3362 3364
f 3363 3364 3358
f 3358 3364 3357
f 3339 3342 3365
f 3365 3342 3366
f 3342 3344 3366
f 3366 3344 3367
f 3344 3346 3367
f 3367 3346 3368
f 3346 3348 3368
f 3368 3348 3369
f 3348 3350 3369
f 3369 3350 3370
f 3368 3369 3371
f 3371 3369 3372
f 3369 3370 3372
f 3372 3370 3373
f 3373 3374 3372
f 3372 3374 3375
f 3377 3378 3376
f 3376 3378 3379
f 3377 3375 3378
f 3378 3375 3374
f 3375 3380 3372
f 3372 3380 3371
f 3377 3381 3375
f 3375 3381 3380
f 3376 3382 3377
f 3377 3382 3381
f 3384 3385 3383
f 3383 3385 3386
f 3384 3383 3388
f 3388 3383 3387
f 3388 3387 3389
f 3389 3387 3390
f 3392 3385 3391
f 3391 3385 3384
f 3388 3393 3384
f 3384 3393 3391
f 3389 3394 3388
f 3388 3394 3393
f 3389 3395 3394
f 3394 3395 3396
f 3395 3389 3397
f 3397 3389 3390
f 3339 3365 3340
f 3340 3365 3398
f 3340 3398 3352
f 3352 3398 3399
f 3371 3400 3368
f 3368 3400 3367
f 3400 3401 3367
f 3367 3401 3366
f 3366 3401 3365
f 3365 3401 3402
f 3398 3365 3403
f 3403 3365 3402
f 3398 3403 3399
f 3399 3403 3404
f 3403 3405 3404
f 3404 3405 3406
f 3352 3399 3354
f 3354 3399 3407
f 3399 3404 3407
f 3407 3404 3408
f 3404 3406 3408
f 3408 3406 3409
f 3405 3410 3406
f 3406 3410 3411
f 3410 3412 3411
f 3411 3412 3413
f 3397 3414 3395
f 3395 3414 3415
f 3417 3415 3416
f 3416 3415 3412
f 3410 3418 3412
f 3412 3418 3416
f 3410 3405 3418
f 3418 3405 3419
f 3405 3403 3419
f 3419 3403 3402
f 3370 3350 3420
f 3420 3350 3357
f 3373 3370 3421
f 3421 3370 3420
f 3374 3373 3422
f 3422 3373 3421
f 3378 3374 3423
f 3423 3374 3422
f 3378 3423 3379
f 3379 3423 3424
f 3424 3425 3379
f 3379 3425 3386
f 3383 3426 3387
f 3387 3426 3427
f 3387 3427 3390
f 3390 3427 3428
f 3390 3428 3397
f 3397 3428 3429
f 3429 3430 3397
f 3397 3430 3414
f 3411 3413 3431
f 3431 3413 3432
f 3406 3411 3409
f 3409 3411 3431
f 3401 3400 3335
f 3335 3400 3336
f 3401 3335 3402
f 3402 3335 3334
f 3402 3334 3419
f 3419 3334 3333
f 3419 3333 3418
f 3418 3333 3433
f 3418 3433 3416
f 3416 3433 3434
f 3435 3417 3434
f 3434 3417 3416
f 3394 3396 3436
f 3436 3396 3437
f 3393 3394 3332
f 3332 3394 3436
f 3393 3332 3391
f 3391 3332 3331
f 3330 3392 3331
f 3331 3392 3391
f 3382 3329 3381
f 3381 3329 3328
f 3354 3407 3356
f 3356 3407 3438
f 3356 3438 3360
f 3360 3438 3439
f 3360 3439 3362
f 3362 3439 3440
f 3362 3440 3364
f 3364 3440 3441
f 3364 3441 3357
f 3357 3441 3420
f 3421 3420 3442
f 3442 3420 3441
f 3442 3441 3443
f 3443 3441 3440
f 3443 3440 3444
f 3444 3440 3439
f 3444 3439 3445
f 3445 3439 3438
f 3445 3438 3408
f 3408 3438 3407
f 3422 3421 3446
f 3446 3421 3442
f 3446 3442 3447
f 3447 3442 3443
f 3447 3443 3448
f 3448 3443 3444
f 3448 3444 3449
f 3449 3444 3445
f 3449 3445 3409
f 3409 3445 3408
f 3409 3431 3449
f 3449 3431 3450
f 3449 3450 3448
f 3448 3450 3451
f 3451 3452 3448
f 3448 3452 3447
f 3447 3452 3446
f 3446 3452 3453
f 3446 3453 3422
f 3422 3453 3423
f 3424 3423 3454
f 3454 3423 3453
f 3452 3455 3453
f 3453 3455 3454
f 3452 3451 3455
f 3455 3451 3456
f 3450 3457 3451
f 3451 3457 3456
f 3431 3432 3450
f 3450 3432 3457
f 3454 3458 3424
f 3424 3458 3425
f 3427 3426 3459
f 3459 3426 3460
f 3428 3427 3461
f 3461 3427 3459
f 3428 3461 3429
f 3429 3461 3462
f 3462 3463 3429
f 3429 3463 3430
f 3464 3465 3462
f 3462 3465 3463
f 3455 3466 3454
f 3454 3466 3458
f 3465 3464 3466
f 3466 3464 3467
f 3461 3459 3468
f 3468 3459 3469
f 3468 3469 3464
f 3464 3469 3467
f 3464 3462 3468
f 3468 3462 3461
f 3459 3460 3469
f 3469 3460 3467
f 3295 3351 3298
f 3298 3351 3353
f 3353 3355 3298
f 3298 3355 3297
f 3297 3355 3301
f 3301 3355 3359
f 3301 3359 3308
f 3308 3359 3361
f 3308 3361 3311
f 3311 3361 3363
f 3311 3363 3316
f 3316 3363 3358
f 3316 3358 3317
f 3317 3358 3349
f 3349 3347 3317
f 3317 3347 3319
f 3347 3345 3319
f 3319 3345 3314
f 3345 3343 3314
f 3314 3343 3305
f 3343 3341 3305
f 3305 3341 3304
f 3304 3341 3292
f 3292 3341 3338
f 3292 3338 3293
f 3293 3338 3337
f 3293 3337 3295
f 3295 3337 3351
f 3437 3202 3436
f 3436 3202 3201
f 3436 3201 3332
f 3332 3201 3204
f 3433 3200 3434
f 3434 3200 3199
f 3211 3435 3199
f 3199 3435 3434
f 3333 3210 3433
f 3433 3210 3200
f 3380 3470 3371
f 3400 3371 3336
f 3336 3371 3470
f 3381 3328 3380
f 3380 3328 3470
f 3470 3328 3209
f 3209 3328 3208
f 3336 3470 3327
f 3327 3470 3209
f 1545 1763 1546
f 1546 1763 1762
f 1403 1546 773
f 773 1546 770
f 1221 3013 1220
f 1220 3013 3471
f 1305 2877 1306
f 1306 2877 2879
f 1220 3471 828
f 828 3471 829
f 1217 1754 3472
f 3472 1754 1756
f 1049 3473 1048
f 1048 3473 3474
f 1371 1179 3473
f 3473 1179 3474
f 1074 3475 1179
f 1179 3475 3474
f 3474 3475 1048
f 1048 3475 1056
f 919 666 1345
f 1345 666 665
f 856 680 919
f 919 680 666
f 679 680 1449
f 1449 680 858
f 1367 878 1500
f 1500 878 877
f 1366 908 1367
f 1367 908 878
f 1512 916 1513
f 1513 916 915
f 947 1368 948
f 948 1368 1369
f 1047 1021 1044
f 1044 1021 1020
f 1370 1049 1019
f 1019 1049 1020
f 1173 1030 1174
f 1174 1030 1033
f 3126 1188 1464
f 1464 1188 1187
f 1800 1451 1512
f 1512 1451 916
f 1175 1174 1186
f 1186 1174 1187
f 1030 1173 1047
f 1047 1173 1021
f 1513 915 3476
f 3476 915 1481
f 1345 665 3477
f 3477 665 1483
f 1502 1501 876
f 876 1501 877
f 1205 1451 1803
f 1803 1451 1802
f 3479 2832 3478
f 3478 2832 2831
f 1449 858 2927
f 2927 858 2922
f 908 1366 947
f 947 1366 1368
f 949 948 3126
f 3126 948 1188
f 3480 3135 1502
f 1502 3135 1501
f 2927 2922 3157
f 3157 2922 3152
f 3477 1483 3479
f 3479 1483 2832
f 1803 1802 3151
f 3151 1802 3152
f 663 658 664
f 664 658 657
f 655 658 939
f 939 658 706
f 1512 870 1800
f 1800 870 869
f 875 874 876
f 876 874 873
f 849 874 905
f 905 874 958
f 949 962 946
f 946 962 961
f 978 3126 979
f 979 3126 1464
f 1031 1168 1032
f 1032 1168 1022
f 1045 1013 1046
f 1046 1013 1012
f 1045 1044 1056
f 1056 1044 1048
f 1047 1046 1030
f 1030 1046 1031
f 939 706 940
f 940 706 1450
f 979 1464 1032
f 1032 1464 1033
f 3480 1478 3476
f 3476 1478 3134
f 2829 1487 2830
f 2830 1487 1486
f 848 1230 873
f 873 1230 1479
f 867 870 933
f 933 870 1514
f 1800 869 1801
f 1801 869 1799
f 2830 1486 1325
f 1325 1486 2833
f 940 1450 2925
f 2925 1450 2928
f 946 961 907
f 907 961 958
f 959 962 977
f 977 962 978
f 3476 3134 1513
f 1513 3134 1514
f 2925 2928 3155
f 3155 2928 3158
f 1325 2833 656
f 656 2833 657
f 1801 1799 3157
f 3157 1799 3158
f 1074 1055 3475
f 3475 1055 1056
f 1371 3473 1370
f 1370 3473 1049
f 2884 615 3481
f 3481 615 618
f 3478 2831 2846
f 2846 2831 617
f 2831 1484 617
f 617 1484 618
f 1484 1487 618
f 618 1487 3481
f 2848 3481 2829
f 2829 3481 1487
f 1480 1517 1161
f 1161 1517 1162
f 3129 1323 1455
f 1455 1323 1322
f 3129 3134 1323
f 1323 3134 1478
f 1535 3173 1515
f 1515 3173 1516
f 3085 3095 3137
f 3137 3095 3094
f 3137 3094 3138
f 3138 3094 3104
f 3117 3139 3105
f 3105 3139 3106
f 1138 1141 3127
f 3127 1141 3128
f 3081 3131 1264
f 1264 3131 3130
f 1227 1226 3132
f 3132 1226 3133
f 1264 3130 1229
f 1229 3130 1322
f 1160 1501 1161
f 1161 1501 3135
f 1141 1476 3128
f 3128 1476 3136
f 1226 1163 3133
f 3133 1163 1162
f 1363 1138 1515
f 1515 1138 3127
f 3084 3095 3081
f 3081 3095 3131
f 3089 884 3105
f 3105 884 3140
f 884 883 3140
f 3140 883 3141
f 883 3482 3141
f 3141 3482 3142
f 3476 1481 3480
f 3480 1481 3135
f 1502 1479 3480
f 3480 1479 1478
f 3168 463 440
f 714 1880 715
f 715 1880 2905
f 896 732 2970
f 2970 732 731
f 1263 834 3082
f 3082 834 833
f 898 1231 853
f 853 1231 854
f 3125 890 2931
f 2931 890 889
f 1237 893 2851
f 2851 893 892
f 898 853 899
f 899 853 963
f 988 987 989
f 989 987 986
f 1002 1007 1003
f 1003 1007 1006
f 1038 1036 1007
f 1007 1036 1004
f 1070 1052 1005
f 1005 1052 1006
f 1069 1067 1070
f 1070 1067 1052
f 1130 1129 1134
f 1134 1129 1135
f 879 1167 880
f 880 1167 1166
f 1171 1169 1037
f 1037 1169 1038
f 1085 1180 1069
f 1069 1180 1067
f 1209 1210 879
f 879 1210 1167
f 2885 1215 1754
f 1754 1215 1214
f 1263 855 834
f 834 855 854
f 708 1244 1826
f 1826 1244 1243
f 2909 894 1254
f 1254 894 893
f 1228 1361 964
f 964 1361 1360
f 2908 2907 1436
f 1436 2907 1437
f 2990 1440 2991
f 2991 1440 1439
f 964 1360 965
f 965 1360 1454
f 950 1457 951
f 951 1457 1456
f 970 1463 971
f 971 1463 1462
f 1025 1169 984
f 984 1169 986
f 1084 1097 1469
f 1469 1097 1470
f 1096 1115 1474
f 1474 1115 1475
f 1140 1361 1141
f 1141 1361 1476
f 1212 1495 2828
f 2828 1495 1494
f 880 1166 1452
f 1452 1166 1499
f 715 2905 1504
f 1504 2905 2906
f 954 1519 955
f 955 1519 1518
f 1026 1520 992
f 992 1520 1518
f 1029 1520 1043
f 1043 1520 1521
f 997 1522 1040
f 1040 1522 1521
f 1015 1522 1016
f 1016 1522 1523
f 1523 996 1524
f 1524 996 1062
f 1057 1060 1525
f 1525 1060 1524
f 1094 1528 1082
f 1082 1528 1527
f 1526 1528 1089
f 1089 1528 1529
f 1090 1531 1108
f 1108 1531 1530
f 1125 1533 1126
f 1126 1533 1532
f 3483 1755 727
f 727 1755 1214
f 735 1814 707
f 707 1814 1813
f 2891 1834 1246
f 1246 1834 1243
f 2904 1881 1847
f 1847 1881 1848
f 1852 1855 1853
f 1853 1855 1858
f 1902 2903 1877
f 1877 2903 1878
f 2903 2904 1878
f 1878 2904 1847
f 714 713 1848
f 1848 713 1849
f 1440 2990 1883
f 1883 2990 2989
f 1883 2989 1852
f 1852 2989 1855
f 2895 1888 2892
f 2892 1888 1887
f 774 777 1877
f 1877 777 1903
f 1251 2835 1252
f 1252 2835 2834
f 1213 2844 1212
f 1212 2844 1495
f 2851 892 1213
f 1213 892 2844
f 3123 2911 3124
f 3124 2911 2910
f 887 2929 888
f 888 2929 889
f 1435 2963 1436
f 1436 2963 2961
f 1253 1438 1254
f 1254 1438 1437
f 2970 731 735
f 735 731 1814
f 733 732 2885
f 2885 732 1215
f 2901 2902 2976
f 2976 2902 2977
f 2975 2982 2976
f 2976 2982 2979
f 2899 2900 2981
f 2981 2900 2979
f 2899 2981 2898
f 2898 2981 2983
f 2986 2985 2984
f 2984 2985 2983
f 2897 2985 2896
f 2896 2985 2988
f 2991 1439 2987
f 2987 1439 2988
f 777 2978 1903
f 1903 2978 2977
f 1885 1888 1858
f 1858 1888 1853
f 3090 3088 836
f 836 3088 833
f 3083 3088 3097
f 3097 3088 3096
f 3097 3096 3104
f 3104 3096 3106
f 3111 3116 3108
f 3108 3116 3109
f 3112 3111 3114
f 3114 3111 3108
f 3113 3122 3114
f 3114 3122 3115
f 891 890 2837
f 2837 890 2834
f 951 1456 954
f 954 1456 1519
f 967 1457 936
f 936 1457 1454
f 971 1462 902
f 902 1462 963
f 1461 1463 988
f 988 1463 987
f 1466 1468 1474
f 1474 1468 1470
f 1089 1529 1090
f 1090 1529 1531
f 1184 1181 1469
f 1469 1181 1180
f 1082 1527 1061
f 1061 1527 1525
f 1129 1473 1135
f 1135 1473 1475
f 1108 1530 1105
f 1105 1530 1532
f 1452 1499 3132
f 3132 1499 3136
f 3109 3116 3139
f 3139 3116 3138
f 2912 2911 887
f 887 2911 2929
f 2836 2835 1497
f 1497 2835 1494
f 2913 3102 2910
f 2910 3102 3115
f 1133 3187 1134
f 1134 3187 3185
f 3177 3176 3197
f 3197 3176 3198
f 3203 3183 3206
f 3206 3183 3207
f 3196 3202 3197
f 3197 3202 3211
f 3183 3182 3207
f 3207 3182 3185
f 1125 3180 1533
f 1533 3180 3198
f 3331 3203 3330
f 3330 3203 3206
f 3376 3379 3385
f 3385 3379 3386
f 3382 3376 3392
f 3392 3376 3385
f 3412 3415 3413
f 3413 3415 3414
f 3417 3396 3415
f 3415 3396 3395
f 3383 3386 3426
f 3426 3386 3425
f 3413 3414 3432
f 3432 3414 3430
f 3437 3396 3435
f 3435 3396 3417
f 3329 3382 3330
f 3330 3382 3392
f 3426 3425 3460
f 3460 3425 3458
f 3432 3430 3457
f 3457 3430 3463
f 3457 3463 3456
f 3456 3463 3465
f 3460 3458 3467
f 3467 3458 3466
f 3466 3455 3465
f 3465 3455 3456
f 3202 3437 3211
f 3211 3437 3435
f 3104 3106 3138
f 3138 3106 3139
f 3132 3136 1227
f 1227 3136 1476
f 943 687 600
f 600 687 601
f 596 625 667
f 667 625 1297
f 687 686 601
f 601 686 653
f 1319 784 711
f 711 784 712
f 1811 607 783
f 783 607 712
f 862 921 917
f 917 921 920
f 3478 925 3479
f 3479 925 924
f 2846 926 3478
f 3478 926 925
f 659 662 929
f 929 662 930
f 856 921 857
f 857 921 1204
f 1206 864 1207
f 1207 864 863
f 2876 1219 2877
f 2877 1219 1218
f 667 1297 593
f 593 1297 1296
f 917 920 1333
f 1333 920 1346
f 686 693 653
f 653 693 930
f 1277 913 1498
f 1498 913 1207
f 592 1536 610
f 610 1536 711
f 864 1206 1805
f 1805 1206 1804
f 1317 1536 1900
f 1900 1536 1809
f 1900 1809 1295
f 1295 1809 1296
f 3479 924 3477
f 3477 924 2824
f 927 926 1203
f 1203 926 2847
f 3484 2859 3032
f 3032 2859 3033
f 3472 2878 1217
f 1217 2878 1218
f 2889 2888 2880
f 2880 2888 2881
f 2886 2883 2887
f 2887 2883 2882
f 929 928 2847
f 2847 928 1203
f 857 1204 2921
f 2921 1204 2926
f 1820 1819 2882
f 2882 1819 2881
f 1821 2883 2876
f 2876 2883 1219
f 782 2889 783
f 783 2889 2880
f 1352 3034 1353
f 1353 3034 3033
f 3031 3034 3041
f 3041 3034 3043
f 944 943 3043
f 3043 943 600
f 1339 3145 1498
f 1498 3145 3143
f 1208 882 3148
f 3148 882 3143
f 2921 2926 3151
f 3151 2926 3156
f 3477 2824 1345
f 1345 2824 1346
f 1805 1804 3154
f 3154 1804 3156
f 886 3103 883
f 883 3103 3482
f 841 1248 3485
f 3485 1248 3121
f 2811 2819 2812
f 2812 2819 2816
f 2818 2815 2817
f 2817 2815 2806
f 2817 2816 2818
f 2818 2816 2819
f 2793 2795 2819
f 2819 2795 2818
f 243 352 2793
f 2793 352 2795
f 242 353 243
f 243 353 352
f 359 191 242
f 242 191 353
f 247 192 359
f 359 192 191
f 157 193 247
f 247 193 192
f 156 194 157
f 157 194 193
f 378 261 156
f 156 261 194
f 378 381 261
f 261 381 195
f 195 381 196
f 196 381 376
f 196 376 198
f 198 376 375
f 375 1776 198
f 198 1776 197
f 1776 1767 197
f 197 1767 274
f 181 274 199
f 199 274 1767
f 568 566 564
f 564 566 563
f 568 569 566
f 566 569 567
f 501 1773 1771
f 1771 1773 578
f 547 579 1773
f 1773 579 578
f 3486 470 474
f 474 470 469
f 450 582 3487
f 3487 582 3488
f 582 583 3488
f 3488 583 3489
f 583 584 3489
f 3489 584 3490
f 3490 584 3491
f 3491 584 543
f 470 3486 466
f 466 3486 467
f 3489 3490 503
f 503 3490 504
f 503 3492 3489
f 3489 3492 3488
f 3492 503 3493
f 3493 503 502
f 3495 3492 3494
f 3494 3492 3493
f 3487 3488 3495
f 3495 3488 3492
f 468 1774 465
f 465 1774 570
f 3494 3493 1775
f 1775 3493 1771
f 3490 3491 504
f 504 3491 1772
f 3491 543 1772
f 1772 543 548
f 450 3487 474
f 474 3487 3486
f 3495 467 3487
f 3487 467 3486
f 3494 468 3495
f 3495 468 467
f 468 3494 1774
f 1774 3494 1775
f 501 1771 502
f 502 1771 3493
f 527 366 384
f 384 366 365
f 522 524 527
f 527 524 366
f 521 534 522
f 522 534 524
f 530 535 521
f 521 535 534
f 508 486 513
f 513 486 532
f 513 532 541
f 541 532 535
f 667 668 596
f 596 668 597
f 1294 1297 624
f 624 1297 625
f 603 641 604
f 604 641 640
f 1290 1293 650
f 650 1293 651
f 1758 691 660
f 660 691 661
f 602 671 599
f 599 671 670
f 654 662 690
f 690 662 661
f 2856 598 695
f 695 598 597
f 602 654 671
f 671 654 690
f 604 640 676
f 676 640 704
f 1826 1829 708
f 708 1829 709
f 1288 1284 740
f 740 1284 741
f 755 754 758
f 758 754 759
f 2853 2856 932
f 932 2856 695
f 689 691 1192
f 1192 691 1193
f 784 1319 1240
f 1240 1319 1241
f 1813 1816 1244
f 1244 1816 1245
f 754 1288 759
f 759 1288 740
f 1894 1242 1318
f 1318 1242 1241
f 2867 1348 1418
f 1418 1348 1347
f 676 704 673
f 673 704 1347
f 1284 1287 741
f 741 1287 1419
f 1421 1426 1422
f 1422 1426 1425
f 1758 660 615
f 615 660 616
f 1192 1191 1421
f 1421 1191 1426
f 2962 1839 1504
f 1504 1839 1505
f 941 1194 1759
f 1759 1194 1193
f 1287 1537 1419
f 1419 1537 1760
f 1882 2893 1823
f 1823 2893 1824
f 1886 1891 1827
f 1827 1891 1828
f 1887 1886 1834
f 1834 1886 1827
f 1841 716 1838
f 1838 716 1505
f 782 784 1850
f 1850 784 1240
f 1239 1242 1863
f 1863 1242 1864
f 1242 1894 1864
f 1864 1894 1873
f 1822 1239 1823
f 1823 1239 1863
f 1318 1317 1895
f 1895 1317 1900
f 1894 1896 1873
f 1873 1896 1897
f 1291 1896 1292
f 1292 1896 1895
f 605 1898 606
f 606 1898 1897
f 1258 1257 2854
f 2854 1257 2855
f 1257 1351 2855
f 2855 1351 2857
f 1351 1353 2857
f 2857 1353 2858
f 1353 3033 2858
f 2858 3033 2859
f 2860 2861 3036
f 3036 2861 3037
f 2862 2863 2870
f 2870 2863 3039
f 2870 2869 2862
f 2862 2869 2864
f 2868 2865 2869
f 2869 2865 2864
f 1764 2866 2868
f 2868 2866 2865
f 1537 1199 1760
f 1760 1199 1348
f 615 2884 1758
f 1758 2884 1759
f 1825 1246 2890
f 2890 1246 1245
f 2893 2892 1824
f 1824 2892 2891
f 761 2960 758
f 758 2960 2906
f 3000 2943 2940
f 2940 2943 2941
f 2968 710 2950
f 2950 710 709
f 1764 1423 2866
f 2866 1423 2953
f 1423 645 2953
f 2953 645 2954
f 645 644 2954
f 2954 644 2955
f 644 738 2955
f 2955 738 2956
f 738 764 2956
f 2956 764 2957
f 764 763 2957
f 2957 763 2958
f 763 2908 2958
f 2958 2908 2959
f 2908 1436 2959
f 2959 1436 2961
f 1837 2964 1435
f 1435 2964 2963
f 1837 2937 2964
f 2964 2937 2965
f 2936 2968 2966
f 2966 2968 2950
f 1840 2942 1838
f 1838 2942 2941
f 2939 2949 2940
f 2940 2949 3006
f 2939 2942 2966
f 2966 2942 2965
f 1822 1825 1850
f 1850 1825 2890
f 1891 3005 1828
f 1828 3005 3006
f 3035 3038 3045
f 3045 3038 3042
f 3045 3044 3035
f 3035 3044 3040
f 669 1422 3045
f 3045 1422 3044
f 599 670 3041
f 3041 670 3042
f 931 3067 932
f 932 3067 3065
f 2853 3066 2854
f 2854 3066 3076
f 3067 3496 3065
f 3065 3496 3497
f 3066 3498 3076
f 3076 3498 3499
f 707 1813 708
f 708 1813 1244
f 2960 2962 2906
f 2906 2962 1504
f 2892 1887 2891
f 2891 1887 1834
f 1839 2962 2963
f 2963 2962 2961
f 595 626 596
f 596 626 625
f 623 626 3484
f 3484 626 2859
f 1291 1290 606
f 606 1290 603
f 1290 650 603
f 603 650 641
f 641 650 642
f 642 650 649
f 2860 2863 649
f 649 2863 642
f 3036 3039 2860
f 2860 3039 2863
f 3035 3040 3036
f 3036 3040 3039
f 1294 1293 1295
f 1295 1293 1292
f 624 651 1294
f 1294 651 1293
f 623 652 624
f 624 652 651
f 3484 2861 623
f 623 2861 652
f 3032 3037 3484
f 3484 3037 2861
f 3031 3038 3032
f 3032 3038 3037
f 3481 2848 2884
f 2884 2848 942
f 2846 617 1427
f 1427 617 616
f 3049 3167 3048
f 3048 3167 3500
f 1906 3048 3070
f 3070 3048 3500
f 1337 1768 3501
f 3501 1768 3502
f 3020 3503 3021
f 3021 3503 3024
f 2914 3023 3020
f 3020 3023 3503
f 859 1770 860
f 860 1770 3504
f 1336 3505 1768
f 1768 3505 3502
f 3065 3497 3066
f 3066 3497 3498
f 2814 3075 3067
f 3067 3075 3496
f 2839 3174 766
f 766 3174 3017
f 1337 3501 1338
f 1338 3501 1769
f 767 3018 3026
f 3026 3018 3506
f 3076 3499 3064
f 3064 3499 3507
f 727 730 3483
f 3483 730 3030
f 3064 3507 2871
f 2871 3507 3077
f 3100 3160 1786
f 1786 3160 1784
f 3026 3506 752
f 752 3506 3015
f 860 3504 2923
f 2923 3504 3508
f 753 3016 3027
f 3027 3016 3509
f 3027 3509 3008
f 3008 3509 3028
f 1782 1785 1783
f 1783 1785 3022
f 2923 3508 3153
f 3153 3508 3161
f 3148 3149 1208
f 1208 3149 3150
f 1335 1328 3510
f 3510 1328 1327
f 1336 1335 3505
f 3505 1335 3510
f 866 3511 1340
f 1340 3511 3146
f 865 1808 866
f 866 1808 3511
f 842 841 3159
f 3159 841 3485
f 2849 3512 1329
f 1329 3512 1326
f 1202 1331 2849
f 2849 1331 3512
f 3514 3515 3513
f 3513 3515 3516
f 3518 3516 3517
f 3517 3516 3515
f 3519 3520 3514
f 3514 3520 3515
f 3522 3523 3521
f 3521 3523 3524
f 3526 3527 3525
f 3525 3527 3528
f 3530 3531 3529
f 3529 3531 3532
f 3534 3535 3533
f 3533 3535 3536
f 3529 3532 3537
f 3537 3532 3538
f 3537 3539 3529
f 3529 3539 3540
f 3542 3543 3541
f 3541 3543 3544
f 3546 3547 3545
f 3545 3547 3548
f 3550 3534 3549
f 3549 3534 3533
f 3550 3543 3551
f 3551 3543 3552
f 3537 3545 3539
f 3539 3545 3548
f 3553 3554 3556
f 3556 3554 3555
f 3537 3557 3545
f 3545 3557 3546
f 3558 3559 3561
f 3561 3559 3560
f 3563 3564 3562
f 3562 3564 3565
f 3564 3563 3566
f 3566 3563 3567
f 3569 3570 3568
f 3568 3570 3571
f 3573 3574 3572
f 3572 3574 3575
f 3577 3578 3576
f 3576 3578 3579
f 3581 3582 3580
f 3580 3582 3583
f 3585 3586 3584
f 3584 3586 3579
f 3586 3587 3579
f 3579 3587 3576
f 3589 3590 3588
f 3588 3590 3591
f 3592 3593 3595
f 3595 3593 3594
f 3597 3598 3596
f 3596 3598 3595
f 3583 3600 3599
f 3599 3600 3601
f 3603 3599 3602
f 3602 3599 3601
f 3605 3606 3604
f 3604 3606 3607
f 3608 3555 3596
f 3596 3555 3554
f 3597 3610 3609
f 3609 3610 3565
f 3564 3611 3565
f 3565 3611 3609
f 3611 3564 3612
f 3612 3564 3566
f 3613 3614 3569
f 3569 3614 3570
f 3615 3616 3573
f 3573 3616 3574
f 3517 3617 3518
f 3518 3617 3618
f 3620 3621 3619
f 3619 3621 3622
f 3624 3625 3623
f 3623 3625 3626
f 3628 3629 3627
f 3627 3629 3630
f 3632 3633 3631
f 3631 3633 3634
f 3636 3637 3635
f 3635 3637 3638
f 3640 3641 3639
f 3639 3641 3642
f 3643 3644 3639
f 3639 3644 3640
f 3646 3513 3645
f 3645 3513 3647
f 3648 3514 3646
f 3646 3514 3513
f 3649 3519 3648
f 3648 3519 3514
f 3650 3651 3527
f 3527 3651 3652
f 3654 3651 3653
f 3653 3651 3650
f 3568 3571 3655
f 3655 3571 3656
f 3657 3658 3653
f 3653 3658 3659
f 3661 3662 3660
f 3660 3662 3658
f 3664 3665 3663
f 3663 3665 3666
f 3667 3657 3650
f 3650 3657 3653
f 3669 3523 3668
f 3668 3523 3670
f 3672 3673 3671
f 3671 3673 3674
f 3676 3677 3675
f 3675 3677 3678
f 3671 3674 3676
f 3676 3674 3677
f 3680 3681 3679
f 3679 3681 3682
f 3683 3684 3680
f 3680 3684 3681
f 3685 3686 3661
f 3661 3686 3662
f 3686 3687 3662
f 3662 3687 3688
f 3684 3683 3689
f 3689 3683 3690
f 3692 3693 3691
f 3691 3693 3694
f 3691 3694 3695
f 3695 3694 3696
f 3698 3699 3697
f 3697 3699 3700
f 3702 3703 3701
f 3701 3703 3704
f 3705 3706 3519
f 3519 3706 3520
f 3673 3672 3707
f 3707 3672 3708
f 3709 3710 3682
f 3682 3710 3679
f 3711 3712 3692
f 3692 3712 3693
f 3714 3715 3713
f 3713 3715 3716
f 3718 3700 3717
f 3717 3700 3699
f 3720 3721 3719
f 3719 3721 3722
f 3724 3725 3723
f 3723 3725 3726
f 3727 3728 3730
f 3730 3728 3729
f 3722 3721 3731
f 3731 3721 3732
f 3697 3700 3733
f 3733 3700 3714
f 3733 3714 3734
f 3734 3714 3713
f 3721 3723 3732
f 3732 3723 3735
f 3720 3736 3724
f 3724 3736 3737
f 3700 3718 3714
f 3714 3718 3715
f 3717 3699 3738
f 3738 3699 3739
f 3536 3740 3533
f 3533 3740 3540
f 3742 3743 3741
f 3741 3743 3744
f 3746 3747 3745
f 3745 3747 3748
f 3750 3751 3749
f 3749 3751 3752
f 3627 3632 3628
f 3628 3632 3631
f 3754 3755 3753
f 3753 3755 3626
f 3562 3565 3756
f 3756 3565 3610
f 3527 3652 3528
f 3528 3652 3757
f 3758 3524 3669
f 3669 3524 3523
f 3582 3598 3583
f 3583 3598 3600
f 3759 3670 3522
f 3522 3670 3523
f 3675 3678 3760
f 3760 3678 3761
f 3762 3763 3690
f 3690 3763 3689
f 3765 3766 3764
f 3764 3766 3767
f 3768 3739 3698
f 3698 3739 3699
f 3726 3725 3770
f 3770 3725 3769
f 3645 3647 3771
f 3771 3647 3772
f 3645 3678 3646
f 3646 3678 3677
f 3646 3677 3648
f 3648 3677 3674
f 3673 3649 3674
f 3674 3649 3648
f 3707 3773 3673
f 3673 3773 3649
f 3775 3776 3774
f 3774 3776 3777
f 3779 3526 3778
f 3778 3526 3525
f 3526 3779 3667
f 3667 3779 3780
f 3780 3781 3667
f 3667 3781 3657
f 3672 3679 3708
f 3708 3679 3710
f 3671 3680 3672
f 3672 3680 3679
f 3676 3683 3671
f 3671 3683 3680
f 3675 3690 3676
f 3676 3690 3683
f 3760 3762 3675
f 3675 3762 3690
f 3682 3681 3783
f 3783 3681 3782
f 3689 3784 3684
f 3684 3784 3785
f 3684 3785 3681
f 3681 3785 3782
f 3786 3709 3783
f 3783 3709 3682
f 3784 3689 3787
f 3787 3689 3763
f 3789 3557 3788
f 3788 3557 3790
f 3792 3793 3791
f 3791 3793 3794
f 3616 3615 3795
f 3795 3615 3796
f 3797 3798 3727
f 3727 3798 3728
f 3800 3801 3799
f 3799 3801 3802
f 3803 3578 3592
f 3592 3578 3593
f 3805 3806 3804
f 3804 3806 3807
f 3599 3603 3585
f 3585 3603 3586
f 3587 3586 3604
f 3604 3586 3603
f 3588 3591 3794
f 3794 3591 3791
f 3581 3803 3582
f 3582 3803 3592
f 3594 3561 3608
f 3608 3561 3790
f 3662 3688 3808
f 3808 3688 3809
f 3665 3664 3810
f 3810 3664 3811
f 3719 3812 3720
f 3720 3812 3736
f 3717 3813 3718
f 3718 3813 3737
f 3723 3721 3724
f 3724 3721 3720
f 3813 3717 3814
f 3814 3717 3738
f 3815 3816 303
f 303 3816 304
f 3818 3819 3817
f 3817 3819 3820
f 3578 3803 3579
f 3579 3803 3584
f 3558 3593 3577
f 3577 3593 3578
f 3822 3823 3821
f 3821 3823 3824
f 3546 3826 3825
f 3825 3826 3827
f 3828 3829 3547
f 3547 3829 3541
f 3831 3542 3830
f 3830 3542 3832
f 3834 3822 3833
f 3833 3822 3821
f 3835 3836 3827
f 3827 3836 3825
f 3800 3799 3828
f 3828 3799 3829
f 3830 3832 3837
f 3837 3832 3838
f 331 330 3551
f 3551 330 3839
f 3831 333 3552
f 3552 333 332
f 3819 3797 3841
f 3841 3797 3840
f 3513 3516 3647
f 3647 3516 3746
f 337 336 3745
f 3745 336 3772
f 3525 3528 3775
f 3775 3528 3749
f 3610 3597 3554
f 3554 3597 3596
f 3706 3702 3520
f 3520 3702 3701
f 3756 3610 3553
f 3553 3610 3554
f 3757 3750 3528
f 3528 3750 3749
f 3517 3515 3701
f 3701 3515 3520
f 3842 3584 3581
f 3581 3584 3803
f 3525 3775 3778
f 3778 3775 3774
f 3638 3843 3635
f 3635 3843 3618
f 3617 3621 3618
f 3618 3621 3635
f 3617 3517 3704
f 3704 3517 3701
f 3521 3624 3522
f 3522 3624 3623
f 3749 3844 3775
f 3775 3844 3776
f 3846 3847 3845
f 3845 3847 3848
f 3843 3747 3618
f 3618 3747 3518
f 3850 3851 3849
f 3849 3851 3748
f 3853 3854 3852
f 3852 3854 3855
f 3856 3857 3622
f 3622 3857 3619
f 3859 3860 3858
f 3858 3860 3861
f 3862 3844 3752
f 3752 3844 3749
f 3863 3759 3623
f 3623 3759 3522
f 3864 3777 3630
f 3630 3777 3776
f 3713 3865 3734
f 3734 3865 3866
f 3868 3869 3867
f 3867 3869 3870
f 3872 3873 3871
f 3871 3873 3874
f 3876 3877 3875
f 3875 3877 3878
f 3879 3880 3878
f 3878 3880 3881
f 3882 3883 3885
f 3885 3883 3884
f 3780 3886 3781
f 3781 3886 3887
f 3888 3685 3869
f 3869 3685 3661
f 3880 3879 3883
f 3883 3879 3884
f 3693 3783 3694
f 3694 3783 3782
f 3696 3785 3764
f 3764 3785 3784
f 3694 3782 3696
f 3696 3782 3785
f 3693 3786 3783
f 3787 3765 3784
f 3784 3765 3764
f 386 385 3765
f 3765 385 3766
f 3695 3889 3691
f 3691 3889 3890
f 3691 3890 3692
f 3692 3890 3891
f 3892 3711 3891
f 3891 3711 3692
f 3767 3893 3695
f 3695 3893 3889
f 3766 3894 3767
f 3767 3894 3893
f 3882 3885 3895
f 3895 3885 3896
f 3898 3698 3897
f 3897 3698 3697
f 3897 3697 3899
f 3899 3697 3733
f 3899 3733 3900
f 3900 3733 3734
f 3901 3768 3898
f 3898 3768 3698
f 3901 3902 3768
f 3768 3902 3903
f 3904 3905 3907
f 3907 3905 3906
f 3869 3661 3870
f 3870 3661 3660
f 3908 3909 3896
f 3896 3909 3895
f 3909 3758 3895
f 3895 3758 3669
f 3751 3531 3752
f 3752 3531 3848
f 3858 3536 3854
f 3854 3536 3535
f 3652 3562 3757
f 3757 3562 3756
f 3651 3654 3563
f 3563 3654 3567
f 3655 3656 3808
f 3808 3656 3659
f 3530 3740 3845
f 3845 3740 3861
f 3751 3750 3556
f 3556 3750 3553
f 3817 3820 3796
f 3796 3820 3795
f 410 409 3910
f 3910 409 3855
f 3750 3757 3553
f 3553 3757 3756
f 3908 3886 3909
f 3909 3886 3780
f 409 411 3855
f 3855 411 3851
f 413 412 3760
f 3760 412 3762
f 415 414 3763
f 3763 414 3787
f 3790 3557 3538
f 3538 3557 3537
f 3555 3608 3538
f 3538 3608 3790
f 3574 3911 3575
f 3575 3911 3912
f 3535 3534 3910
f 3910 3534 3839
f 3831 3552 3542
f 3542 3552 3543
f 3534 3550 3839
f 3839 3550 3551
f 3543 3550 3544
f 3544 3550 3549
f 3913 3914 3916
f 3916 3914 3915
f 3806 3805 3589
f 3589 3805 3590
f 3849 3843 3917
f 3917 3843 3638
f 3853 3644 3859
f 3859 3644 3742
f 3747 3746 3518
f 3518 3746 3516
f 3695 3696 3767
f 3767 3696 3764
f 3903 3918 3768
f 3768 3918 3739
f 3738 3739 3816
f 3816 3739 3918
f 3919 3920 3769
f 3769 3920 3770
f 3921 3726 3922
f 3922 3726 3770
f 3678 3645 3761
f 3761 3645 3771
f 3924 3913 3923
f 3923 3913 3916
f 3802 3925 3838
f 3838 3925 3837
f 3577 3926 3558
f 3558 3926 3559
f 3815 3919 3814
f 3814 3919 3769
f 3927 3928 3822
f 3822 3928 3823
f 3829 3832 3541
f 3541 3832 3542
f 3834 3927 3822
f 3832 3829 3838
f 3838 3829 3799
f 3745 3772 3746
f 3746 3772 3647
f 3849 3748 3843
f 3843 3748 3747
f 3854 3853 3858
f 3858 3853 3859
f 3854 3535 3855
f 3855 3535 3910
f 3557 3789 3546
f 3546 3789 3826
f 3923 3823 3924
f 3924 3823 3928
f 3823 3923 3929
f 3929 3923 3930
f 3531 3751 3532
f 3532 3751 3556
f 3532 3556 3538
f 3538 3556 3555
f 3932 3634 3931
f 3931 3634 3633
f 3814 3769 3813
f 3813 3769 3725
f 3620 3636 3621
f 3621 3636 3635
f 3847 3862 3848
f 3848 3862 3752
f 3531 3530 3848
f 3848 3530 3845
f 3933 3934 3830
f 3830 3934 3831
f 3925 3933 3837
f 3837 3933 3830
f 3934 440 3831
f 3831 440 333
f 3925 3802 3833
f 3833 3802 3801
f 3776 3844 3630
f 3630 3844 3627
f 3808 3659 3662
f 3662 3659 3658
f 3667 3650 3526
f 3526 3650 3527
f 3935 3666 3936
f 3936 3666 3665
f 3718 3737 3715
f 3715 3737 3736
f 3663 3809 3664
f 3664 3809 3688
f 3807 3806 3938
f 3938 3806 3937
f 445 413 3761
f 3761 413 3760
f 3902 447 3903
f 3903 447 446
f 3897 3890 3898
f 3898 3890 3889
f 3899 3891 3897
f 3897 3891 3890
f 3898 3889 3901
f 3901 3889 3893
f 3893 3894 3901
f 3901 3894 3902
f 414 386 3787
f 3787 386 3765
f 3940 3941 3939
f 3939 3941 3942
f 3840 3797 3943
f 3943 3797 3727
f 3665 3810 3936
f 3936 3810 3944
f 3921 3735 3726
f 3726 3735 3723
f 3920 3945 3770
f 3770 3945 3922
f 3521 3524 3774
f 3774 3524 3778
f 3864 3946 3625
f 3625 3946 3947
f 3773 3705 3649
f 3649 3705 3519
f 3779 3778 3758
f 3758 3778 3524
f 3812 3716 3736
f 3736 3716 3715
f 3624 3521 3777
f 3777 3521 3774
f 3703 3856 3704
f 3704 3856 3622
f 3900 3892 3899
f 3899 3892 3891
f 3641 3917 3642
f 3642 3917 3948
f 3895 3669 3882
f 3882 3669 3668
f 3855 3851 3852
f 3852 3851 3850
f 3894 458 3902
f 3902 458 447
f 3781 3887 3660
f 3660 3887 3870
f 3570 3566 3571
f 3571 3566 3567
f 3950 3576 3949
f 3949 3576 3587
f 3605 3602 3614
f 3614 3602 3612
f 3614 3612 3570
f 3570 3612 3566
f 3571 3567 3656
f 3656 3567 3654
f 3660 3658 3781
f 3781 3658 3657
f 3604 3607 3587
f 3587 3607 3949
f 3653 3659 3654
f 3654 3659 3656
f 3529 3540 3530
f 3530 3540 3740
f 3687 3811 3688
f 3688 3811 3664
f 3813 3725 3737
f 3737 3725 3724
f 3919 3815 461
f 461 3815 303
f 3818 3798 3819
f 3819 3798 3797
f 3819 3841 3820
f 3820 3841 3951
f 3816 3815 3738
f 3738 3815 3814
f 3540 3539 3533
f 3533 3539 3549
f 3548 3547 3544
f 3544 3547 3541
f 3539 3548 3549
f 3549 3548 3544
f 3741 3931 3860
f 3860 3931 3846
f 3801 3800 3835
f 3835 3800 3836
f 3934 3933 3824
f 3824 3933 3821
f 3825 3828 3546
f 3546 3828 3547
f 3833 3821 3925
f 3925 3821 3933
f 3800 3828 3836
f 3836 3828 3825
f 3824 3952 3934
f 3934 3952 440
f 3860 3846 3861
f 3861 3846 3845
f 3629 3946 3630
f 3630 3946 3864
f 3740 3536 3861
f 3861 3536 3858
f 3833 3801 3834
f 3834 3801 3835
f 3583 3599 3580
f 3580 3599 3585
f 3651 3563 3652
f 3652 3563 3562
f 3758 3909 3779
f 3779 3909 3780
f 3621 3617 3622
f 3622 3617 3704
f 3625 3947 3626
f 3626 3947 3753
f 3633 3632 3847
f 3847 3632 3862
f 3852 3850 3640
f 3640 3850 3641
f 3644 3853 3640
f 3640 3853 3852
f 3859 3742 3860
f 3860 3742 3741
f 3632 3627 3862
f 3862 3627 3844
f 3755 3863 3626
f 3626 3863 3623
f 3917 3638 3948
f 3948 3638 3637
f 3644 3643 3742
f 3742 3643 3743
f 3931 3633 3846
f 3846 3633 3847
f 3625 3624 3864
f 3864 3624 3777
f 3917 3641 3849
f 3849 3641 3850
f 3744 3932 3741
f 3741 3932 3931
f 3903 446 3918
f 3918 446 464
f 3953 3954 3956
f 3956 3954 3955
f 3958 3959 3957
f 3957 3959 3960
f 3876 3958 3877
f 3877 3958 3957
f 3877 3957 3961
f 3961 3957 3962
f 3963 3964 3958
f 3958 3964 3959
f 3965 3966 3876
f 3876 3966 3958
f 3966 3963 3958
f 3966 3967 3963
f 3963 3967 3968
f 3878 3877 3879
f 3879 3877 3961
f 3967 3969 3968
f 3968 3969 3970
f 3969 3971 3970
f 3970 3971 3972
f 3974 3904 3973
f 3973 3904 3907
f 3971 3975 3972
f 3972 3975 3976
f 3976 3975 3978
f 3978 3975 3977
f 3979 3980 3977
f 3977 3980 3978
f 3981 3982 3979
f 3979 3982 3980
f 3983 3984 3981
f 3981 3984 3982
f 3972 3985 3970
f 3970 3985 3986
f 3871 3987 3969
f 3969 3987 3971
f 3872 3871 3967
f 3967 3871 3969
f 3965 3872 3966
f 3966 3872 3967
f 3970 3986 3968
f 3968 3986 3988
f 3879 3961 3884
f 3884 3961 3940
f 3884 3940 3885
f 3885 3940 3939
f 3989 3990 3992
f 3992 3990 3991
f 3942 3993 3995
f 3995 3993 3994
f 3994 3996 3995
f 3995 3996 3974
f 3997 3998 3994
f 3994 3998 3996
f 3999 3997 3993
f 3993 3997 3994
f 4001 3996 4000
f 4000 3996 3998
f 4000 3998 4002
f 4002 3998 4003
f 4004 4003 3997
f 3997 4003 3998
f 3997 3999 4004
f 4004 3999 4005
f 4006 3995 3973
f 3973 3995 3974
f 3939 3942 4006
f 4006 3942 3995
f 3906 3887 3907
f 3907 3887 3886
f 3887 3906 3870
f 3870 3906 3867
f 3908 3973 3886
f 3886 3973 3907
f 3865 4007 3866
f 3866 4007 4008
f 3984 3983 4009
f 4009 3983 4010
f 3961 3962 3940
f 3940 3962 3941
f 4012 3868 4011
f 4011 3868 3867
f 4013 3975 3987
f 3987 3975 3971
f 4014 3977 4013
f 4013 3977 3975
f 4015 4010 4007
f 4007 4010 3983
f 4007 3983 4008
f 4008 3983 3981
f 4008 3981 4016
f 4016 3981 3979
f 4017 3984 4018
f 4018 3984 4009
f 3977 4014 3979
f 3979 4014 4016
f 3982 3984 4019
f 4019 3984 4017
f 4021 4022 4020
f 4020 4022 4023
f 4022 4012 4023
f 4023 4012 4011
f 4023 3904 4020
f 4020 3904 3974
f 4024 4025 4018
f 4018 4025 4017
f 4026 4027 4024
f 4024 4027 4025
f 4028 4026 4029
f 4029 4026 4024
f 4018 4021 4024
f 4024 4021 4029
f 4030 4031 4026
f 4026 4031 4027
f 4032 4030 4028
f 4028 4030 4026
f 4029 4001 4028
f 4028 4001 4000
f 4028 4000 4032
f 4032 4000 4002
f 4034 4035 4033
f 4033 4035 4036
f 4037 4038 4019
f 4019 4038 4039
f 4041 4039 4040
f 4040 4039 4038
f 4040 4038 4042
f 4042 4038 4036
f 4042 4036 4043
f 4043 4036 4035
f 3985 4044 4046
f 4046 4044 4045
f 4047 4048 4045
f 4045 4048 4046
f 4047 4049 4048
f 4048 4049 4050
f 4042 4047 4040
f 4040 4047 4045
f 4043 4049 4042
f 4042 4049 4047
f 4040 4045 4041
f 4041 4045 4044
f 4052 3959 4051
f 4051 3959 3964
f 4053 4054 4051
f 4051 4054 4055
f 3956 3960 4052
f 4052 3960 3959
f 3953 3956 4056
f 4056 3956 4052
f 4058 3953 4057
f 4057 3953 4056
f 4060 4061 4059
f 4059 4061 4062
f 4063 4064 4054
f 4054 4064 4057
f 4054 4053 4063
f 4063 4053 4065
f 4066 4067 4069
f 4069 4067 4068
f 4048 4050 4063
f 4063 4050 4064
f 4063 4065 4048
f 4048 4065 4046
f 3985 4046 3986
f 3986 4046 4065
f 3986 4065 3988
f 3988 4065 4053
f 3988 4053 3964
f 3964 4053 4051
f 3976 3978 4044
f 4044 3978 4041
f 3980 3982 4039
f 4039 3982 4019
f 4039 4041 3980
f 3980 4041 3978
f 3973 3908 4006
f 4006 3908 3896
f 3885 3939 3896
f 3896 3939 4006
f 4031 4034 4027
f 4027 4034 4033
f 4027 4033 4025
f 4025 4033 4037
f 4019 4017 4037
f 4037 4017 4025
f 3993 3942 4070
f 4070 3942 3941
f 3999 3993 4071
f 4071 3993 4070
f 3999 4071 4005
f 4005 4071 4072
f 4073 4074 4076
f 4076 4074 4075
f 4078 4079 4077
f 4077 4079 4080
f 4082 4080 4081
f 4081 4080 4079
f 4084 4085 4083
f 4083 4085 4086
f 4087 4088 4090
f 4090 4088 4089
f 4092 4093 4091
f 4091 4093 4094
f 4096 4097 4095
f 4095 4097 4098
f 4100 4101 4099
f 4099 4101 4102
f 4103 4104 4106
f 4106 4104 4105
f 4108 4109 4107
f 4107 4109 4110
f 4112 4113 4111
f 4111 4113 4114
f 4116 4117 4115
f 4115 4117 4118
f 4120 4121 4119
f 4119 4121 4122
f 4123 4124 4126
f 4126 4124 4125
f 4127 4128 4130
f 4130 4128 4129
f 4132 4133 4131
f 4131 4133 4134
f 4136 4108 4135
f 4135 4108 4107
f 4138 4139 4137
f 4137 4139 4140
f 4141 4142 4088
f 4088 4142 4089
f 4144 4145 4143
f 4143 4145 4146
f 4148 4149 4147
f 4147 4149 4150
f 4152 4153 4151
f 4151 4153 4154
f 4156 4082 4155
f 4155 4082 4081
f 4157 4158 4160
f 4160 4158 4159
f 4161 4162 4164
f 4164 4162 4163
f 4166 4122 4165
f 4165 4122 4121
f 4168 4152 4167
f 4167 4152 4151
f 4169 4170 4172
f 4172 4170 4171
f 4174 4175 4173
f 4173 4175 4176
f 4178 4149 4177
f 4177 4149 4179
f 4173 4176 4180
f 4180 4176 4181
f 4156 4085 4182
f 4182 4085 4183
f 4182 4184 4156
f 4156 4184 4082
f 4185 4186 4184
f 4184 4186 4187
f 4186 4188 4187
f 4187 4188 4189
f 4190 4191 4073
f 4073 4191 4074
f 4177 4179 4158
f 4158 4179 4159
f 4193 4127 4192
f 4192 4127 4130
f 4144 4194 4151
f 4151 4194 4167
f 4196 4197 4195
f 4195 4197 4198
f 4095 4199 4096
f 4096 4199 4200
f 4201 4202 4204
f 4204 4202 4203
f 4205 4206 4208
f 4208 4206 4207
f 4121 4120 4209
f 4209 4120 4210
f 4212 4213 4211
f 4211 4213 4214
f 4216 4217 4215
f 4215 4217 4218
f 4220 4221 4219
f 4219 4221 4222
f 4224 4196 4223
f 4223 4196 4195
f 4225 4226 4134
f 4134 4226 4131
f 4228 4229 4227
f 4227 4229 4230
f 4232 4233 4231
f 4231 4233 4098
f 4235 4236 4234
f 4234 4236 4237
f 4239 4240 4238
f 4238 4240 4241
f 4242 4243 4245
f 4245 4243 4244
f 4246 4247 4249
f 4249 4247 4248
f 4251 4252 4250
f 4250 4252 4253
f 4255 4256 4254
f 4254 4256 4257
f 4259 4260 4258
f 4258 4260 4261
f 4263 4264 4262
f 4262 4264 4265
f 4267 4268 4266
f 4266 4268 4269
f 4271 4199 4270
f 4270 4199 4272
f 4273 4274 4276
f 4276 4274 4275
f 4115 4118 4277
f 4277 4118 4278
f 4280 4281 4279
f 4279 4281 4282
f 4211 4283 4212
f 4212 4283 4284
f 4286 4287 4285
f 4285 4287 4288
f 4165 4121 4289
f 4289 4121 4209
f 4291 4286 4290
f 4290 4286 4285
f 4293 4294 4292
f 4292 4294 4295
f 4297 4298 4296
f 4296 4298 4299
f 4301 4302 4300
f 4300 4302 4303
f 4299 4304 4296
f 4296 4304 4305
f 4306 4292 4307
f 4307 4292 4295
f 4307 4308 4306
f 4306 4308 4309
f 4310 4309 4075
f 4075 4309 4308
f 4299 4298 4312
f 4312 4298 4311
f 4302 4301 4293
f 4293 4301 4294
f 3735 3921 4313
f 4313 3921 4314
f 4315 4314 3922
f 3922 4314 3921
f 4316 3945 829
f 829 3945 830
f 4289 4317 4165
f 4165 4317 4318
f 4320 4321 4319
f 4319 4321 4322
f 4324 4325 4323
f 4323 4325 4326
f 4327 4328 4330
f 4330 4328 4329
f 4290 4331 4291
f 4291 4331 4332
f 4165 4318 4166
f 4166 4318 4333
f 4334 4335 4337
f 4337 4335 4336
f 4339 4340 4338
f 4338 4340 4341
f 4168 4343 4342
f 4342 4343 4344
f 4346 4347 4345
f 4345 4347 4348
f 4350 4351 4349
f 4349 4351 4352
f 4354 4355 4353
f 4353 4355 4356
f 4357 4358 4324
f 4324 4358 4325
f 4337 4359 4334
f 4334 4359 4360
f 4362 4363 4361
f 4361 4363 4364
f 4366 4367 4365
f 4365 4367 4368
f 4369 4370 4372
f 4372 4370 4371
f 4331 4290 4374
f 4374 4290 4373
f 4373 4376 4375
f 4375 4376 4377
f 4379 4380 4378
f 4378 4380 4381
f 4217 4382 4218
f 4218 4382 4383
f 4385 4386 4384
f 4384 4386 4387
f 4388 4389 4338
f 4338 4389 4390
f 4337 4336 4392
f 4392 4336 4391
f 4394 4362 4393
f 4393 4362 4361
f 4396 4397 4395
f 4395 4397 4398
f 4400 4401 4399
f 4399 4401 4402
f 4345 4403 4346
f 4346 4403 4404
f 4405 4406 4342
f 4342 4406 4407
f 4409 4410 4408
f 4408 4410 4411
f 4408 4412 4409
f 4409 4412 4413
f 4181 4415 4414
f 4414 4415 4416
f 4182 4183 4417
f 4417 4183 4418
f 4419 4353 4311
f 4311 4353 4312
f 4421 4422 4420
f 4420 4422 4423
f 4353 4356 4312
f 4312 4356 4424
f 4166 4333 4425
f 4425 4333 4426
f 4425 4143 4166
f 4166 4143 4122
f 4427 4107 4428
f 4428 4107 4110
f 4429 4430 4174
f 4174 4430 4175
f 4335 4431 4336
f 4336 4431 4390
f 4336 4390 4391
f 4391 4390 4389
f 4432 4433 4435
f 4435 4433 4434
f 4437 4438 4436
f 4436 4438 4439
f 4441 4442 4440
f 4440 4442 4443
f 4359 4444 4361
f 4361 4444 4393
f 4446 4447 4445
f 4445 4447 4448
f 4338 4341 4388
f 4388 4341 4449
f 4450 4451 4398
f 4398 4451 4395
f 4453 4454 4452
f 4452 4454 4455
f 4457 4458 4456
f 4456 4458 4459
f 4460 4461 4448
f 4448 4461 4445
f 4463 4464 4462
f 4462 4464 4465
f 4462 4465 4466
f 4466 4465 4467
f 4468 4469 4467
f 4467 4469 4466
f 4469 4468 4470
f 4470 4468 4471
f 4472 4473 4471
f 4471 4473 4470
f 4475 4476 4474
f 4474 4476 4477
f 4479 4480 4478
f 4478 4480 4481
f 4483 4484 4482
f 4482 4484 4485
f 4487 4488 4486
f 4486 4488 4489
f 4491 4492 4490
f 4490 4492 4493
f 4494 4495 4493
f 4493 4495 4490
f 4496 4497 4494
f 4494 4497 4495
f 4497 4496 4498
f 4498 4496 4499
f 4500 4501 4503
f 4503 4501 4502
f 4505 4506 4504
f 4504 4506 4507
f 4466 4508 4462
f 4462 4508 4509
f 4470 4510 4469
f 4469 4510 4511
f 4513 4479 4512
f 4512 4479 4478
f 4515 4443 4514
f 4514 4443 4442
f 4516 4517 4519
f 4519 4517 4518
f 4521 4495 4520
f 4520 4495 4497
f 4522 4490 4521
f 4521 4490 4495
f 4491 4523 4488
f 4488 4523 4524
f 4525 4489 4524
f 4524 4489 4488
f 4484 4526 4485
f 4485 4526 4527
f 4503 4528 4500
f 4500 4528 4529
f 4530 4531 4533
f 4533 4531 4532
f 4535 4506 4534
f 4534 4506 4530
f 4486 4536 4487
f 4487 4536 4537
f 4487 4537 4492
f 4492 4537 4538
f 4494 4539 4496
f 4496 4539 4540
f 4542 4533 4541
f 4541 4533 4499
f 4544 4545 4543
f 4543 4545 4546
f 4548 4549 4547
f 4547 4549 4550
f 4536 4551 4537
f 4537 4551 4552
f 4537 4552 4538
f 4538 4552 4553
f 4554 4539 4556
f 4556 4539 4555
f 4557 4540 4554
f 4554 4540 4539
f 4559 4557 4558
f 4558 4557 4560
f 4540 4557 4541
f 4541 4557 4559
f 4562 4563 4561
f 4561 4563 4564
f 4546 4565 4543
f 4543 4565 4566
f 4547 4567 4548
f 4548 4567 4568
f 4570 4571 4569
f 4569 4571 4572
f 4574 4575 4573
f 4573 4575 4576
f 4578 4579 4577
f 4577 4579 4580
f 4582 4583 4581
f 4581 4583 4584
f 4585 4586 4588
f 4588 4586 4587
f 4589 4585 4590
f 4590 4585 4588
f 4592 4593 4591
f 4591 4593 4594
f 4596 4597 4595
f 4595 4597 4598
f 4600 4601 4599
f 4599 4601 4602
f 4563 4604 4603
f 4603 4604 4605
f 4603 4606 4608
f 4608 4606 4607
f 4609 4610 4594
f 4594 4610 4591
f 4611 4612 4614
f 4614 4612 4613
f 4616 4617 4615
f 4615 4617 4618
f 4602 4620 4619
f 4619 4620 4621
f 4619 4622 4602
f 4602 4622 4599
f 4605 4599 4623
f 4623 4599 4622
f 4605 4623 4603
f 4603 4623 4606
f 4625 4626 4624
f 4624 4626 4627
f 4438 4437 4628
f 4628 4437 4629
f 4442 4441 4630
f 4630 4441 4631
f 4630 4632 4442
f 4442 4632 4514
f 4633 4634 4529
f 4529 4634 4500
f 4500 4634 4501
f 4501 4634 4635
f 4637 4546 4636
f 4636 4546 4545
f 4639 4565 4638
f 4638 4565 4640
f 4573 4576 4641
f 4641 4576 4642
f 4593 4643 4594
f 4594 4643 4644
f 4645 4609 4644
f 4644 4609 4594
f 4647 4648 4646
f 4646 4648 4649
f 4651 4652 4650
f 4650 4652 4653
f 4654 4498 4519
f 4519 4498 4532
f 4520 4508 4521
f 4521 4508 4511
f 4522 4510 4523
f 4523 4510 4655
f 4524 4656 4525
f 4525 4656 4657
f 4514 4529 4515
f 4515 4529 4528
f 4658 4659 4661
f 4661 4659 4660
f 4496 4540 4499
f 4499 4540 4541
f 4493 4555 4494
f 4494 4555 4539
f 4549 4483 4550
f 4550 4483 4482
f 4545 4544 4501
f 4501 4544 4502
f 4636 4545 4635
f 4635 4545 4501
f 4589 4663 4662
f 4662 4663 4664
f 4662 4665 4558
f 4558 4665 4559
f 4569 4586 4570
f 4570 4586 4560
f 4552 4666 4553
f 4553 4666 4667
f 4668 4669 4670
f 4670 4669 4666
f 4672 4673 4671
f 4671 4673 4674
f 4287 4675 4288
f 4288 4675 4676
f 4678 4679 4677
f 4677 4679 4680
f 4681 4678 4682
f 4682 4678 4677
f 4682 4683 4681
f 4681 4683 4684
f 4161 4164 4685
f 4685 4164 4686
f 4414 4687 4689
f 4689 4687 4688
f 4405 4690 4346
f 4346 4690 4347
f 4691 4399 4693
f 4693 4399 4692
f 1209 4694 4365
f 4365 4694 4366
f 4650 1211 4651
f 4651 1211 1210
f 4695 4696 4255
f 4255 4696 4256
f 4697 4698 4218
f 4218 4698 4215
f 4700 4701 4699
f 4699 4701 4702
f 4703 4704 4303
f 4303 4704 4300
f 4315 3922 4316
f 4316 3922 3945
f 4653 4706 4705
f 4705 4706 4707
f 4709 4710 4708
f 4708 4710 4711
f 4335 4334 4713
f 4713 4334 4712
f 4714 4340 4321
f 4321 4340 4322
f 4716 4717 4715
f 4715 4717 4718
f 4238 4241 4719
f 4719 4241 4720
f 4231 4721 4307
f 4307 4721 4308
f 4723 4724 4722
f 4722 4724 4725
f 4727 4728 4726
f 4726 4728 4729
f 4730 4731 4327
f 4327 4731 4328
f 4733 4734 4732
f 4732 4734 4735
f 4720 4381 4736
f 4736 4381 4737
f 4738 4739 4741
f 4741 4739 4740
f 4743 4744 4742
f 4742 4744 4745
f 4338 4390 4339
f 4339 4390 4431
f 4746 4747 4431
f 4431 4747 4339
f 4291 4332 4289
f 4289 4332 4317
f 4289 4209 4291
f 4291 4209 4286
f 4287 4286 4210
f 4210 4286 4209
f 4749 4750 4748
f 4748 4750 4751
f 4212 4284 4752
f 4752 4284 4753
f 4752 4754 4212
f 4212 4754 4213
f 4252 4251 4225
f 4225 4251 4226
f 4227 4230 4248
f 4248 4230 4249
f 4205 4755 4757
f 4757 4755 4756
f 4708 4711 4758
f 4758 4711 4647
f 4367 4366 4759
f 4759 4366 4760
f 4526 4513 4527
f 4527 4513 4512
f 4420 4423 4385
f 4385 4423 4386
f 4705 4761 4653
f 4653 4761 4650
f 4761 1279 4650
f 4650 1279 1211
f 4762 4763 3944
f 3944 4763 3936
f 4274 4273 4765
f 4765 4273 4764
f 4767 4768 4766
f 4766 4768 4769
f 4770 4771 4769
f 4769 4771 4766
f 4771 4770 4242
f 4242 4770 4243
f 4093 4163 4094
f 4094 4163 4162
f 4772 4773 4775
f 4775 4773 4774
f 4777 4778 4776
f 4776 4778 4779
f 4417 4185 4182
f 4182 4185 4184
f 4780 4078 4781
f 4781 4078 4077
f 4781 4077 4782
f 4782 4077 4189
f 4188 4783 4189
f 4189 4783 4782
f 4295 4232 4307
f 4307 4232 4231
f 4785 4786 4784
f 4784 4786 4787
f 4784 1307 4785
f 4785 1307 1306
f 4078 4780 4096
f 4096 4780 4097
f 4075 4074 4310
f 4310 4074 4788
f 4788 4074 4789
f 4789 4074 4191
f 4789 4191 4059
f 4059 4191 4790
f 4791 4277 4792
f 4792 4277 4278
f 3732 3735 4793
f 4793 3735 4313
f 4793 4794 3732
f 3732 4794 3731
f 4792 4795 4791
f 4791 4795 4796
f 4797 4798 4799
f 4799 4798 4724
f 4763 4800 3936
f 3936 4800 3935
f 4801 4062 3729
f 3729 4062 3730
f 4713 4712 4802
f 4802 4712 4803
f 4146 4804 4119
f 4119 4804 4805
f 4498 4654 4497
f 4497 4654 4520
f 4806 4807 1326
f 1326 4807 1327
f 4689 4688 1330
f 1330 4688 1331
f 4801 4789 4062
f 4062 4789 4059
f 3730 4062 4808
f 4808 4062 4061
f 4810 4811 4809
f 4809 4811 4812
f 4813 4403 4814
f 4814 4403 4345
f 4815 4816 4349
f 4349 4816 4350
f 4817 4818 4820
f 4820 4818 4819
f 4406 4821 4407
f 4407 4821 4822
f 4823 4161 4824
f 4824 4161 4685
f 4181 4414 4825
f 4825 4414 4689
f 4741 4740 4826
f 4826 4740 4827
f 4828 4829 4827
f 4827 4829 4826
f 4142 4141 4415
f 4415 4141 4148
f 4830 1354 4761
f 4761 1354 1279
f 4832 4833 4831
f 4831 4833 4834
f 4835 4836 4626
f 4626 4836 4421
f 4451 4709 4395
f 4395 4709 4708
f 4627 4420 4837
f 4837 4420 4385
f 4837 1365 4838
f 4838 1365 1364
f 4397 4396 4839
f 4839 4396 4840
f 4842 4628 4841
f 4841 4628 4629
f 4671 4674 4631
f 4631 4674 4630
f 4674 4659 4630
f 4630 4659 4632
f 4633 4632 4658
f 4658 4632 4659
f 4658 4504 4633
f 4633 4504 4634
f 4635 4634 4507
f 4507 4634 4504
f 4843 4636 4507
f 4507 4636 4635
f 4844 4637 4843
f 4843 4637 4636
f 4637 4844 4640
f 4640 4844 4664
f 4638 4663 4642
f 4642 4663 4845
f 4847 4643 4846
f 4846 4643 4641
f 4644 4848 4645
f 4645 4848 4849
f 4851 4852 4850
f 4850 4852 4853
f 4855 4856 4854
f 4854 4856 4857
f 4859 4860 4858
f 4858 4860 4857
f 4715 4718 4859
f 4859 4718 4860
f 4862 4863 4861
f 4861 4863 4864
f 4866 4867 4865
f 4865 4867 4868
f 4870 4871 4869
f 4869 4871 4872
f 4869 4872 4116
f 4116 4872 4117
f 4820 4819 4874
f 4874 4819 4873
f 4876 4877 4875
f 4875 4877 4878
f 4880 4881 4879
f 4879 4881 4882
f 4884 4885 4883
f 4883 4885 4886
f 4887 4888 4280
f 4280 4888 4281
f 4818 4817 4889
f 4889 4817 4890
f 4891 4193 4823
f 4823 4193 4192
f 4892 4893 4228
f 4228 4893 4229
f 4158 4157 4894
f 4894 4157 4895
f 4896 4897 4132
f 4132 4897 4133
f 4099 4683 4100
f 4100 4683 4682
f 4101 4100 4899
f 4899 4100 4898
f 4150 4106 4147
f 4147 4106 4900
f 4100 4682 4898
f 4898 4682 4677
f 4080 4082 4187
f 4187 4082 4184
f 4077 4080 4189
f 4189 4080 4187
f 4191 4190 4790
f 4790 4190 4901
f 4177 4158 4680
f 4680 4158 4894
f 4108 4136 4752
f 4752 4136 4754
f 4752 4753 4108
f 4108 4753 4109
f 4817 4902 4890
f 4890 4902 4903
f 4904 4905 4907
f 4907 4905 4906
f 4909 4910 4908
f 4908 4910 4911
f 4913 4914 4912
f 4912 4914 4915
f 4916 4917 4919
f 4919 4917 4918
f 4312 4424 4299
f 4299 4424 4304
f 4920 4921 4297
f 4297 4921 4298
f 4194 4922 4167
f 4167 4922 4923
f 4924 4400 4691
f 4691 4400 4399
f 4395 4708 4396
f 4396 4708 4758
f 4367 4925 4368
f 4368 4925 4926
f 4919 4918 4873
f 4873 4918 4874
f 4836 4927 4421
f 4421 4927 4422
f 4921 4928 4298
f 4298 4928 4311
f 4143 4146 4122
f 4122 4146 4119
f 4929 4930 4455
f 4455 4930 4452
f 4932 4933 4931
f 4931 4933 4934
f 4935 4936 4932
f 4932 4936 4933
f 4461 4460 4457
f 4457 4460 4458
f 4480 4479 4475
f 4475 4479 4476
f 4660 4673 4517
f 4517 4673 4937
f 4661 4505 4658
f 4658 4505 4504
f 4484 4483 4489
f 4489 4483 4486
f 4462 4509 4463
f 4463 4509 4518
f 4469 4511 4466
f 4466 4511 4508
f 4655 4473 4656
f 4656 4473 4477
f 4476 4657 4477
f 4477 4657 4656
f 4479 4513 4476
f 4476 4513 4657
f 4489 4525 4484
f 4484 4525 4526
f 4483 4549 4486
f 4486 4549 4536
f 4549 4548 4536
f 4536 4548 4551
f 4548 4568 4551
f 4551 4568 4670
f 4663 4589 4845
f 4845 4589 4590
f 4668 4577 4938
f 4938 4577 4580
f 4940 4938 4939
f 4939 4938 4941
f 4940 4942 4669
f 4669 4942 4943
f 4587 4582 4944
f 4944 4582 4581
f 4848 4847 4608
f 4608 4847 4564
f 4616 4945 4613
f 4613 4945 4598
f 4615 4946 4616
f 4616 4946 4945
f 4947 4939 4948
f 4948 4939 4946
f 4599 4605 4600
f 4600 4605 4604
f 4608 4607 4848
f 4848 4607 4849
f 4613 4612 4616
f 4616 4612 4617
f 4835 4949 4709
f 4709 4949 4710
f 4357 1477 4837
f 4837 1477 1365
f 4712 4950 4803
f 4803 4950 4951
f 4401 4952 4402
f 4402 4952 4953
f 4759 4760 4402
f 4402 4760 4399
f 4508 4520 4509
f 4509 4520 4654
f 4510 4522 4511
f 4511 4522 4521
f 4513 4526 4657
f 4657 4526 4525
f 4632 4633 4514
f 4514 4633 4529
f 4931 4934 4453
f 4453 4934 4454
f 4153 4954 4154
f 4154 4954 4955
f 4957 4958 4956
f 4956 4958 4959
f 4961 4962 4960
f 4960 4962 4963
f 4120 4964 4210
f 4210 4964 4965
f 4967 4968 4966
f 4966 4968 4969
f 4349 4692 4815
f 4815 4692 4970
f 4652 4971 4653
f 4653 4971 4706
f 4758 4647 4972
f 4972 4647 4646
f 4973 4363 4646
f 4646 4363 4972
f 4950 4360 4974
f 4974 4360 4364
f 4431 4335 4746
f 4746 4335 4713
f 4358 4714 4325
f 4325 4714 4321
f 4765 4764 4266
f 4266 4764 4975
f 4202 4976 4203
f 4203 4976 4977
f 4917 4978 4918
f 4918 4978 4979
f 4279 4282 4854
f 4854 4282 4269
f 4820 4880 4817
f 4817 4880 4902
f 4890 4903 4980
f 4980 4903 4886
f 4982 4983 4981
f 4981 4983 4123
f 4795 4851 4796
f 4796 4851 4850
f 4918 4979 4874
f 4874 4979 4881
f 4809 4404 4810
f 4810 4404 4403
f 4354 4985 4984
f 4984 4985 4986
f 1364 1516 4838
f 4838 1516 4987
f 4759 4988 4367
f 4367 4988 4925
f 4989 4990 4481
f 4481 4990 4478
f 4443 4515 4990
f 4990 4515 4991
f 4527 4512 4992
f 4992 4512 4991
f 4528 4503 4992
f 4992 4503 4993
f 4993 4994 4485
f 4485 4994 4482
f 4544 4995 4502
f 4502 4995 4994
f 4995 4996 4550
f 4550 4996 4547
f 4998 4999 4997
f 4997 4999 4566
f 4998 5000 4578
f 4578 5000 4579
f 5001 5002 4596
f 4596 5002 4597
f 5003 4591 5004
f 5004 4591 4610
f 4626 4421 4627
f 4627 4421 4420
f 4837 4838 4627
f 4627 4838 4624
f 4761 4705 4830
f 4830 4705 5005
f 4705 4707 5005
f 5005 4707 5006
f 4308 4721 4075
f 4075 4721 4076
f 5007 4200 4797
f 4797 4200 4798
f 4685 4686 5008
f 5008 4686 5009
f 4889 4890 5010
f 5010 4890 4980
f 4323 1541 4324
f 4324 1541 1540
f 4385 4384 4358
f 4358 4384 4714
f 4396 4758 4840
f 4840 4758 4972
f 4866 4852 5011
f 5011 4852 5012
f 5013 4260 4980
f 4980 4260 5010
f 4875 4878 5014
f 5014 4878 5015
f 5017 5018 5016
f 5016 5018 5019
f 5016 5019 5020
f 5020 5019 5021
f 5023 5024 5022
f 5022 5024 5025
f 5027 5028 5026
f 5026 5028 5029
f 5031 5032 5030
f 5030 5032 5033
f 5035 5036 5034
f 5034 5036 5037
f 5039 5040 5038
f 5038 5040 5041
f 5043 5044 5042
f 5042 5044 5045
f 5038 5046 5039
f 5039 5046 5047
f 5049 5050 5048
f 5048 5050 5051
f 5053 5054 5052
f 5052 5054 5055
f 5057 5024 5056
f 5056 5024 5058
f 5060 5061 5059
f 5059 5061 5062
f 5064 5065 5063
f 5063 5065 5066
f 5043 5050 5064
f 5064 5050 5065
f 5038 5041 5067
f 5067 5041 5068
f 5070 5071 5069
f 5069 5071 5072
f 5074 5075 5073
f 5073 5075 5076
f 5034 5077 5035
f 5035 5077 5078
f 5080 5081 5079
f 5079 5081 5082
f 5084 5085 5083
f 5083 5085 5086
f 5085 5084 5087
f 5087 5084 5088
f 5090 5091 5089
f 5089 5091 5092
f 5094 5095 5093
f 5093 5095 5096
f 5098 5099 5097
f 5097 5099 5100
f 5102 5103 5101
f 5101 5103 5104
f 5105 5106 5108
f 5108 5106 5107
f 5110 5111 5109
f 5109 5111 5112
f 5114 5094 5113
f 5113 5094 5093
f 5116 5117 5115
f 5115 5117 5118
f 5120 5121 5119
f 5119 5121 5122
f 5124 5125 5123
f 5123 5125 5126
f 5128 5129 5127
f 5127 5129 5130
f 5097 5131 5098
f 5098 5131 5132
f 5134 5135 5133
f 5133 5135 5122
f 5084 5125 5088
f 5088 5125 5136
f 5138 5139 5137
f 5137 5139 5140
f 5142 5102 5141
f 5141 5102 5101
f 5106 5143 5107
f 5107 5143 5144
f 5146 5147 5145
f 5145 5147 5148
f 5149 5150 5109
f 5109 5150 5110
f 5151 5110 5152
f 5152 5110 5150
f 4715 5140 4716
f 4716 5140 5139
f 5143 4870 5144
f 5144 4870 4869
f 4115 5146 4116
f 4116 5146 5145
f 4791 4796 5149
f 5149 4796 5150
f 4796 4850 5150
f 5150 4850 5152
f 4858 5142 4859
f 4859 5142 5141
f 5153 5154 5115
f 5115 5154 5105
f 5156 5157 5155
f 5155 5157 5158
f 5159 5160 5053
f 5053 5160 5054
f 5161 5162 5020
f 5020 5162 5068
f 5026 5029 5163
f 5163 5029 5021
f 5083 5086 5164
f 5164 5086 5165
f 5090 5167 5166
f 5166 5167 5168
f 5169 5170 5172
f 5172 5170 5171
f 5174 5175 5173
f 5173 5175 5176
f 5177 5109 5178
f 5178 5109 5112
f 5179 5180 5182
f 5182 5180 5181
f 5123 5126 5120
f 5120 5126 5121
f 5180 5167 5181
f 5181 5167 5183
f 5184 5185 5179
f 5179 5185 5180
f 5186 5149 5177
f 5177 5149 5109
f 4868 5184 4865
f 4865 5184 5179
f 5188 5189 5187
f 5187 5189 5190
f 4277 4791 5186
f 5186 4791 5149
f 5179 5182 4865
f 4865 5182 4853
f 5189 4862 5190
f 5190 4862 4861
f 5156 5075 5191
f 5191 5075 5192
f 5036 5035 5193
f 5193 5035 5194
f 5115 5118 5153
f 5153 5118 5195
f 5022 5025 5196
f 5196 5025 5197
f 5155 5158 5069
f 5069 5158 5062
f 5063 5066 5198
f 5198 5066 5199
f 5073 5076 5200
f 5200 5076 5072
f 5202 5131 5201
f 5201 5131 5203
f 5143 5106 5204
f 5204 5106 5205
f 5114 5113 5206
f 5206 5113 5127
f 5098 5132 5193
f 5193 5132 5195
f 5204 5207 5143
f 5143 5207 4870
f 5088 5136 5208
f 5208 5136 5092
f 5209 5210 5089
f 5089 5210 5183
f 5211 5018 5060
f 5060 5018 5061
f 5017 5040 5070
f 5070 5040 5071
f 5191 5160 5156
f 5156 5160 5157
f 5048 5028 5049
f 5049 5028 5058
f 5207 5204 4858
f 4858 5204 5142
f 4859 5141 4715
f 4715 5141 5140
f 5212 5162 5042
f 5042 5162 5051
f 5182 5152 4853
f 4853 5152 4850
f 5214 5134 5213
f 5213 5134 5133
f 5164 5165 5133
f 5133 5165 5213
f 5215 5216 5201
f 5201 5216 5217
f 5147 5218 5148
f 5148 5218 5219
f 5147 5177 5218
f 5218 5177 5178
f 5141 5101 5140
f 5140 5101 5137
f 5201 5217 5202
f 5202 5217 5104
f 5146 5186 5147
f 5147 5186 5177
f 4277 5186 4115
f 4115 5186 5146
f 5191 5192 5031
f 5031 5192 5032
f 5052 5055 5220
f 5220 5055 5197
f 4116 5145 4869
f 4869 5145 5144
f 5034 5037 5214
f 5214 5037 5134
f 5097 5100 5114
f 5114 5100 5094
f 5108 5107 5219
f 5219 5107 5148
f 5221 5135 5116
f 5116 5135 5117
f 5124 5111 5209
f 5209 5111 5210
f 5107 5144 5148
f 5148 5144 5145
f 5152 5182 5151
f 5151 5182 5181
f 5208 5222 5088
f 5088 5222 5087
f 5222 5208 5171
f 5171 5208 5172
f 5223 1756 4698
f 4698 1756 1755
f 4427 5224 4107
f 4107 5224 4135
f 4178 4679 5225
f 5225 4679 5226
f 5227 5228 4892
f 4892 5228 4893
f 5229 5230 4171
f 4171 5230 4172
f 4855 4268 4884
f 4884 4268 4885
f 4884 4871 4855
f 4855 4871 4856
f 4684 5231 4896
f 4896 5231 4897
f 4768 4767 5009
f 5009 4767 5008
f 5205 5154 5102
f 5102 5154 5103
f 5099 5098 5194
f 5194 5098 5193
f 5198 5199 5079
f 5079 5199 5033
f 5102 5142 5205
f 5205 5142 5204
f 5224 4427 4681
f 4681 4427 4678
f 3712 3711 5232
f 5232 3711 5233
f 3968 3988 3963
f 3963 3988 3964
f 3976 4044 3972
f 3972 4044 3985
f 4038 4037 4036
f 4036 4037 4033
f 4794 4762 3731
f 3731 4762 3944
f 3731 3944 3722
f 3722 3944 3810
f 3874 5234 5232
f 5232 5234 3712
f 3906 3905 3867
f 3867 3905 4011
f 3904 4023 3905
f 3905 4023 4011
f 3719 3722 3811
f 3811 3722 3810
f 3812 3719 3687
f 3687 3719 3811
f 3716 3812 3686
f 3686 3812 3687
f 3713 3716 3685
f 3685 3716 3686
f 4810 4403 5235
f 5235 4403 4813
f 4345 1770 4814
f 4814 1770 1769
f 4067 4066 4058
f 4058 4066 5236
f 4043 4068 4049
f 4049 4068 4050
f 4034 5237 3989
f 3989 5237 3990
f 4031 4030 4072
f 4072 4030 4005
f 4003 4004 4002
f 4002 4004 4032
f 4004 4005 4032
f 4032 4005 4030
f 4067 4064 4068
f 4068 4064 4050
f 4058 4057 4067
f 4067 4057 4064
f 4035 4034 5238
f 5238 4034 3989
f 5236 5239 4058
f 4058 5239 5240
f 5234 3874 5241
f 5241 3874 3873
f 5241 3873 3881
f 3881 3873 3878
f 4800 4763 4788
f 4788 4763 4310
f 4763 4762 4310
f 4310 4762 4309
f 4762 4794 4309
f 4309 4794 4306
f 4794 4793 4306
f 4306 4793 4292
f 4293 4313 4302
f 4302 4313 4314
f 4302 4314 4303
f 4303 4314 4315
f 4303 4315 4703
f 4703 4315 4316
f 4035 4069 4043
f 4043 4069 4068
f 4324 1540 4357
f 4357 1540 1477
f 5232 3987 3874
f 3874 3987 3871
f 3987 5232 4013
f 4013 5232 5233
f 4013 5233 4014
f 4014 5233 5242
f 3888 4015 3865
f 3865 4015 4007
f 3866 4008 5243
f 5243 4008 4016
f 3873 5244 3878
f 3878 5244 3875
f 3965 5244 3872
f 3872 5244 3873
f 3876 3875 3965
f 3965 3875 5244
f 5243 4016 5242
f 5242 4016 4014
f 5246 5247 5245
f 5245 5247 5248
f 3576 3950 3577
f 3577 3950 3926
f 3584 3842 3585
f 3585 3842 3580
f 5249 5247 1784
f 1784 5247 1785
f 5250 5251 5253
f 5253 5251 5252
f 5255 5252 5254
f 5254 5252 5256
f 5254 5256 5258
f 5258 5256 5257
f 5258 5257 5260
f 5260 5257 5259
f 4356 5261 4424
f 4424 5261 5259
f 4355 5262 4356
f 4356 5262 5261
f 4924 5264 5263
f 5263 5264 5265
f 4693 5266 4691
f 4691 5266 5267
f 4351 5268 4352
f 4352 5268 5269
f 1808 1807 4351
f 4351 1807 5268
f 3580 3842 3581
f 3799 3802 3838
f 4800 4788 4801
f 4801 4788 4789
f 3729 3935 4801
f 4801 3935 4800
f 3728 3666 3729
f 3729 3666 3935
f 3728 3798 3666
f 3666 3798 3663
f 3798 3818 3663
f 3663 3818 3809
f 3818 3817 3809
f 3809 3817 3808
f 3796 3655 3817
f 3817 3655 3808
f 3615 3568 3796
f 3796 3568 3655
f 3573 3569 3615
f 3615 3569 3568
f 3572 3613 3573
f 3573 3613 3569
f 3792 3606 3572
f 3572 3606 3613
f 3607 3791 3949
f 3949 3791 3591
f 3590 3950 3591
f 3591 3950 3949
f 3805 3926 3590
f 3590 3926 3950
f 3804 3559 3805
f 3805 3559 3926
f 3804 3914 3559
f 3559 3914 3560
f 3924 3789 3913
f 3913 3789 3788
f 3924 3928 3789
f 3789 3928 3826
f 3928 3927 3826
f 3826 3927 3827
f 3927 3834 3827
f 3827 3834 3835
f 4079 4078 5270
f 5270 4078 5007
f 5271 5272 4233
f 4233 5272 5273
f 5275 5276 5274
f 5274 5276 5277
f 5278 5279 4236
f 4236 5279 4237
f 5278 5280 5271
f 5271 5280 5272
f 4235 5281 4236
f 4236 5281 5282
f 5284 5285 5283
f 5283 5285 5286
f 5288 5289 5287
f 5287 5289 5290
f 5292 5293 5291
f 5291 5293 5294
f 5287 5290 4726
f 4726 5290 5295
f 4293 4292 4313
f 4313 4292 4793
f 4720 4736 4719
f 4719 4736 5296
f 5297 4909 5298
f 5298 4909 4908
f 5299 5300 4976
f 4976 5300 5301
f 5302 4202 5303
f 5303 4202 4201
f 5304 5305 4983
f 4983 5305 5306
f 5308 5309 5307
f 5307 5309 5310
f 4722 4725 5283
f 5283 4725 5311
f 5291 5294 4125
f 4125 5294 4126
f 5313 5314 5312
f 5312 5314 5315
f 5316 5317 5319
f 5319 5317 5318
f 5321 5308 5320
f 5320 5308 5307
f 4819 4981 4873
f 4873 4981 5322
f 4981 4123 5322
f 5322 4123 4126
f 5324 5325 5323
f 5323 5325 5326
f 4764 5327 4975
f 4975 5327 5328
f 4172 5327 4169
f 4169 5327 5329
f 4768 4171 4769
f 4769 4171 4170
f 4243 4755 4244
f 4244 4755 5330
f 4755 4205 5330
f 5330 4205 4208
f 4206 4906 4207
f 4207 4906 4905
f 4686 5014 5009
f 5009 5014 5229
f 4756 4770 4170
f 4170 4770 4769
f 4170 4169 4756
f 4756 4169 4757
f 4273 5329 4764
f 4764 5329 5327
f 4276 5331 4273
f 4273 5331 5329
f 4770 4756 4243
f 4243 4756 4755
f 5333 4889 5332
f 5332 4889 5010
f 4877 5332 4878
f 4878 5332 4259
f 4875 4164 4876
f 4876 4164 4163
f 5334 5335 5324
f 5324 5335 5325
f 4983 5306 4123
f 4123 5306 4124
f 4818 4982 4819
f 4819 4982 4981
f 5332 5010 4259
f 4259 5010 4260
f 5014 4686 4875
f 4875 4686 4164
f 4171 4768 5229
f 5229 4768 5009
f 5337 4916 5336
f 5336 4916 4919
f 5293 5337 5294
f 5294 5337 5336
f 4982 4818 5333
f 5333 4818 4889
f 5338 5339 4262
f 4262 5339 5340
f 5307 5310 5338
f 5338 5310 5339
f 5341 5342 4204
f 4204 5342 5309
f 5336 4919 5322
f 5322 4919 4873
f 5294 5336 4126
f 4126 5336 5322
f 5323 5326 5343
f 5343 5326 5286
f 4914 5344 4915
f 4915 5344 5345
f 5312 5315 5344
f 5344 5315 5345
f 5347 5348 5346
f 5346 5348 5349
f 5350 5351 4832
f 4832 5351 4833
f 5352 5353 5349
f 5349 5353 5346
f 5354 5338 4265
f 4265 5338 4262
f 5320 5307 5354
f 5354 5307 5338
f 4201 5308 5303
f 5303 5308 5321
f 5356 5357 5355
f 5355 5357 4799
f 5358 5359 5334
f 5334 5359 5335
f 5358 5360 4093
f 4093 5360 4163
f 5360 5305 4163
f 4163 5305 4876
f 5305 5304 4876
f 4876 5304 4877
f 5270 4778 4079
f 4079 4778 4081
f 4779 5361 4774
f 4774 5361 5357
f 5356 5359 4775
f 4775 5359 4092
f 5333 5304 4982
f 4982 5304 4983
f 5332 4877 5333
f 5333 4877 5304
f 5015 4258 5230
f 5230 4258 5328
f 5327 4172 5328
f 5328 4172 5230
f 4169 5329 4757
f 4757 5329 5331
f 4757 5331 4205
f 4205 5331 4206
f 5331 4276 4206
f 4206 4276 4906
f 4276 4275 4906
f 4906 4275 4907
f 4275 4888 4907
f 4907 4888 4744
f 4887 4717 4745
f 4745 4717 4864
f 4716 5139 4861
f 4861 5139 5190
f 5139 5138 5190
f 5190 5138 5187
f 5138 5216 5187
f 5187 5216 5176
f 5215 5362 5173
f 5173 5362 5130
f 5364 5365 5363
f 5363 5365 5340
f 4742 4863 5366
f 5366 4863 4867
f 4862 5189 4868
f 4868 5189 5184
f 5189 5188 5184
f 5184 5188 5185
f 5188 5175 5185
f 5185 5175 5168
f 3560 3788 3561
f 3561 3788 3790
f 3596 3595 3608
f 3608 3595 3594
f 3598 3582 3595
f 3595 3582 3592
f 3600 3609 3601
f 3601 3609 3611
f 3602 3601 3612
f 3612 3601 3611
f 3606 3605 3613
f 3613 3605 3614
f 3793 5367 3794
f 3794 5367 5368
f 3598 3597 3600
f 3600 3597 3609
f 3793 3792 3575
f 3575 3792 3572
f 3561 3594 3558
f 3558 3594 3593
f 3807 3915 3804
f 3804 3915 3914
f 3916 3915 5370
f 5370 3915 5369
f 3602 3605 3603
f 3603 3605 3604
f 3606 3792 3607
f 3607 3792 3791
f 3914 3913 3560
f 3560 3913 3788
f 5174 5129 5166
f 5166 5129 5371
f 5170 5169 5093
f 5093 5169 5113
f 5166 5371 5090
f 5090 5371 5091
f 5128 5169 5372
f 5372 5169 5172
f 5127 5113 5128
f 5128 5113 5169
f 5114 5206 5203
f 5203 5206 5362
f 5200 5373 5073
f 5073 5373 5096
f 5374 5375 5200
f 5200 5375 5373
f 5039 5047 5374
f 5374 5047 5375
f 5087 5046 5085
f 5085 5046 5376
f 5212 5377 5067
f 5067 5377 5376
f 5042 5045 5212
f 5212 5045 5377
f 5064 5378 5043
f 5043 5378 5044
f 5063 5077 5064
f 5064 5077 5378
f 5079 5082 5198
f 5198 5082 5078
f 5099 5081 5100
f 5100 5081 5379
f 5100 5379 5094
f 5094 5379 5095
f 5381 5382 5380
f 5380 5382 5383
f 5385 5386 5384
f 5384 5386 5383
f 5385 5387 5386
f 5386 5387 5388
f 5390 5391 5389
f 5389 5391 5392
f 5393 5394 5396
f 5396 5394 5395
f 5398 5399 5397
f 5397 5399 5400
f 5402 5403 5401
f 5401 5403 5404
f 5406 5407 5405
f 5405 5407 5404
f 5408 5409 5163
f 5163 5409 5410
f 5411 5412 5414
f 5414 5412 5413
f 5057 5416 5415
f 5415 5416 5417
f 5393 5416 5418
f 5418 5416 5419
f 5396 5395 5420
f 5420 5395 5421
f 5423 5424 5422
f 5422 5424 5425
f 5415 5417 5220
f 5220 5417 5426
f 5418 5391 5393
f 5393 5391 5394
f 5414 5388 5411
f 5411 5388 5392
f 5059 5427 5060
f 5060 5427 5428
f 5423 5427 5429
f 5429 5427 5430
f 5432 5382 5431
f 5431 5382 5425
f 5429 5407 5423
f 5423 5407 5424
f 5380 5409 5381
f 5381 5409 5433
f 5381 5433 5422
f 5422 5433 5428
f 5027 5412 5056
f 5056 5412 5419
f 5435 5436 5434
f 5434 5436 5437
f 5159 5439 5438
f 5438 5439 5440
f 5053 5436 5159
f 5159 5436 5439
f 5441 5403 5398
f 5398 5403 5399
f 5163 5410 5026
f 5026 5410 5413
f 5438 5440 5442
f 5442 5440 5430
f 5444 5445 5443
f 5443 5445 5446
f 5447 5448 5450
f 5450 5448 5449
f 5451 5446 5452
f 5452 5446 5445
f 5454 5455 5453
f 5453 5455 5451
f 5456 5454 5458
f 5458 5454 5457
f 5460 5461 5459
f 5459 5461 5462
f 5464 5465 5463
f 5463 5465 5466
f 5468 5469 5467
f 5467 5469 5470
f 5472 5473 5471
f 5471 5473 5474
f 5475 5476 5478
f 5478 5476 5477
f 5479 5480 5482
f 5482 5480 5481
f 5483 5484 5448
f 5448 5484 5485
f 5448 5485 5449
f 5449 5485 5486
f 5487 5476 5488
f 5488 5476 5475
f 5490 5491 5489
f 5489 5491 5492
f 5494 5495 5493
f 5493 5495 5496
f 5498 5494 5497
f 5497 5494 5493
f 5500 5501 5499
f 5499 5501 5502
f 5503 5504 5446
f 5446 5504 5443
f 5506 5507 5505
f 5505 5507 5508
f 5510 5511 5509
f 5509 5511 5512
f 5514 5515 5513
f 5513 5515 5516
f 5518 5519 5517
f 5517 5519 5520
f 5495 5521 5496
f 5496 5521 5522
f 5524 5525 5523
f 5523 5525 5526
f 5527 5528 5494
f 5494 5528 5495
f 5499 5502 5529
f 5529 5502 5530
f 5531 5532 5485
f 5485 5532 5486
f 5485 5484 5531
f 5531 5484 5533
f 5482 5481 5534
f 5534 5481 5535
f 5536 5512 5506
f 5506 5512 5511
f 5455 5503 5451
f 5451 5503 5446
f 5467 5470 5511
f 5511 5470 5537
f 5538 5467 5510
f 5510 5467 5511
f 5540 5541 5539
f 5539 5541 5542
f 5543 5544 5546
f 5546 5544 5545
f 5548 5472 5547
f 5547 5472 5471
f 5493 5496 5549
f 5549 5496 5550
f 5496 5522 5550
f 5550 5522 5551
f 5553 5554 5552
f 5552 5554 5555
f 5557 5447 5556
f 5556 5447 5558
f 5557 5483 5447
f 5447 5483 5448
f 5478 5477 5553
f 5553 5477 5559
f 5477 5560 5559
f 5559 5560 5561
f 5476 5562 5477
f 5477 5562 5560
f 5476 5487 5562
f 5562 5487 5563
f 5560 5564 5561
f 5561 5564 5565
f 5564 5560 5566
f 5566 5560 5562
f 5563 5567 5562
f 5562 5567 5566
f 5569 5521 5568
f 5568 5521 5570
f 5481 5572 5571
f 5571 5572 5573
f 5574 5535 5571
f 5571 5535 5481
f 5576 5577 5575
f 5575 5577 5578
f 5579 5580 5456
f 5456 5580 5581
f 5475 5582 5488
f 5488 5582 5583
f 5584 5536 5505
f 5505 5536 5506
f 5585 5586 5588
f 5588 5586 5587
f 5590 5591 5589
f 5589 5591 5592
f 5519 5593 5520
f 5520 5593 5594
f 5595 5596 5462
f 5462 5596 5597
f 5599 5600 5598
f 5598 5600 5514
f 5602 5603 5601
f 5601 5603 5604
f 5524 5543 5525
f 5525 5543 5546
f 5543 5524 5606
f 5606 5524 5605
f 5607 5608 5500
f 5500 5608 5501
f 5610 5551 5609
f 5609 5551 5522
f 5611 5510 5598
f 5598 5510 5509
f 5612 5597 5457
f 5457 5597 5458
f 5510 5611 5538
f 5538 5611 5613
f 5580 5508 5581
f 5581 5508 5507
f 5615 5616 5614
f 5614 5616 5617
f 5619 5620 5618
f 5618 5620 5621
f 5623 5624 5622
f 5622 5624 5625
f 5627 5624 5626
f 5626 5624 5623
f 5629 5630 5628
f 5628 5630 5631
f 5633 5634 5632
f 5632 5634 5466
f 5635 5636 5463
f 5463 5636 5637
f 5523 5638 5524
f 5524 5638 5605
f 5639 5640 5641
f 5641 5640 5595
f 5611 5513 5613
f 5613 5513 5642
f 5643 5586 5608
f 5608 5586 5501
f 5622 5625 5590
f 5590 5625 5591
f 5598 5514 5611
f 5611 5514 5513
f 5645 5646 5644
f 5644 5646 5647
f 5620 5619 5491
f 5491 5619 5648
f 5649 5643 5492
f 5492 5643 5608
f 5650 5651 5653
f 5653 5651 5652
f 5463 5466 5635
f 5635 5466 5634
f 5597 5612 5462
f 5462 5612 5459
f 5635 5634 5523
f 5523 5634 5638
f 5654 5638 5633
f 5633 5638 5634
f 5655 5656 5525
f 5525 5656 5526
f 5658 5659 5657
f 5657 5659 5527
f 5660 5464 5637
f 5637 5464 5463
f 5632 5466 5661
f 5661 5466 5465
f 5661 5662 5632
f 5632 5662 5658
f 5662 5663 5658
f 5658 5663 5659
f 5665 5659 5664
f 5664 5659 5663
f 5632 5658 5633
f 5633 5658 5657
f 5666 5629 5530
f 5530 5629 5667
f 5528 5527 5665
f 5665 5527 5659
f 5668 5669 5570
f 5570 5669 5568
f 5669 5668 5670
f 5670 5668 5671
f 5646 5672 5673
f 5672 5674 5673
f 5673 5674 5675
f 5674 5460 5675
f 5675 5460 5459
f 5461 5676 5462
f 5462 5676 5595
f 5677 5678 5680
f 5680 5678 5679
f 5628 5681 5629
f 5629 5681 5667
f 5682 5529 5667
f 5667 5529 5530
f 5675 5459 5683
f 5683 5459 5612
f 5585 5666 5502
f 5502 5666 5530
f 5589 5684 5602
f 5602 5684 5603
f 5646 5645 5663
f 5663 5645 5664
f 5685 5647 5673
f 5673 5647 5646
f 5686 5687 5683
f 5683 5687 5685
f 5688 5689 5533
f 5533 5689 5531
f 5690 5691 5535
f 5535 5691 5534
f 5692 5690 5574
f 5574 5690 5535
f 5685 5687 5689
f 5689 5687 5693
f 5489 5694 5490
f 5490 5694 5695
f 5690 5692 5696
f 5696 5692 5697
f 5696 5644 5690
f 5690 5644 5691
f 5447 5450 5558
f 5558 5450 5698
f 5699 5700 5642
f 5642 5700 5613
f 5701 5702 5540
f 5540 5702 5541
f 5431 5703 5432
f 5432 5703 5697
f 5385 5384 5574
f 5574 5384 5692
f 5389 5387 5573
f 5573 5387 5571
f 5565 5390 5573
f 5573 5390 5389
f 5390 5565 5704
f 5704 5565 5564
f 5566 5705 5564
f 5564 5705 5704
f 5569 5441 5609
f 5609 5441 5398
f 5568 5405 5569
f 5569 5405 5441
f 5670 5706 5669
f 5669 5706 5406
f 5703 5431 5670
f 5670 5431 5706
f 5432 5697 5384
f 5384 5697 5692
f 5574 5571 5385
f 5385 5571 5387
f 5607 5707 5489
f 5489 5707 5694
f 5518 5708 5519
f 5519 5708 5709
f 5711 5576 5710
f 5710 5576 5575
f 5713 5714 5712
f 5712 5714 5715
f 5553 5552 5478
f 5478 5552 5716
f 5717 5475 5716
f 5716 5475 5478
f 5718 5719 5605
f 5605 5719 5606
f 5505 5622 5584
f 5584 5622 5590
f 5508 5623 5505
f 5505 5623 5622
f 5626 5623 5580
f 5580 5623 5508
f 5580 5579 5626
f 5626 5579 5720
f 5579 5721 5720
f 5720 5721 5722
f 5666 5585 5723
f 5723 5585 5588
f 5724 5725 5639
f 5639 5725 5640
f 5554 5726 5555
f 5555 5726 5727
f 5453 5728 5729
f 5689 5688 5685
f 5685 5688 5647
f 5604 5730 5512
f 5512 5730 5509
f 5628 5631 5618
f 5618 5631 5592
f 5601 5604 5536
f 5536 5604 5512
f 5732 5676 5731
f 5731 5676 5660
f 5730 5604 5733
f 5733 5604 5603
f 5563 5487 5551
f 5551 5487 5550
f 5489 5492 5607
f 5607 5492 5608
f 5573 5572 5565
f 5565 5572 5561
f 5609 5522 5569
f 5569 5522 5521
f 5499 5734 5500
f 5500 5734 5735
f 5596 5736 5721
f 5721 5736 5722
f 5737 5600 5594
f 5594 5600 5520
f 5599 5730 5517
f 5517 5730 5733
f 5660 5738 5731
f 5731 5738 5739
f 5648 5649 5491
f 5491 5649 5492
f 5501 5586 5502
f 5502 5586 5585
f 5525 5546 5655
f 5655 5546 5740
f 5600 5599 5520
f 5520 5599 5517
f 5708 5739 5709
f 5709 5739 5738
f 5636 5635 5526
f 5526 5635 5523
f 5670 5671 5703
f 5703 5671 5741
f 5490 5695 5742
f 5742 5695 5743
f 5682 5678 5744
f 5744 5678 5677
f 5678 5681 5679
f 5679 5681 5621
f 5742 5743 5679
f 5679 5743 5680
f 5618 5621 5628
f 5628 5621 5681
f 5725 5724 5589
f 5589 5724 5684
f 5456 5458 5579
f 5579 5458 5721
f 5675 5683 5673
f 5673 5683 5685
f 5529 5682 5745
f 5745 5682 5744
f 5721 5458 5596
f 5596 5458 5597
f 5701 5540 5719
f 5719 5540 5606
f 5703 5741 5697
f 5697 5741 5696
f 5500 5735 5607
f 5607 5735 5707
f 5549 5746 5493
f 5493 5746 5497
f 5700 5747 5613
f 5613 5747 5538
f 5420 5421 5434
f 5434 5421 5400
f 5689 5693 5531
f 5531 5693 5532
f 5705 5566 5748
f 5748 5566 5567
f 5609 5398 5610
f 5610 5398 5397
f 5669 5406 5568
f 5568 5406 5405
f 5488 5583 5549
f 5549 5583 5746
f 5714 5713 5710
f 5710 5713 5711
f 5747 5468 5538
f 5538 5468 5467
f 5548 5547 5749
f 5749 5547 5750
f 5733 5603 5751
f 5751 5603 5684
f 5589 5602 5590
f 5590 5602 5584
f 5636 5752 5614
f 5614 5752 5615
f 5753 5754 5738
f 5738 5754 5755
f 5602 5601 5584
f 5584 5601 5536
f 5723 5736 5630
f 5630 5736 5640
f 5595 5640 5596
f 5596 5640 5736
f 5734 5499 5745
f 5745 5499 5529
f 5627 5587 5643
f 5643 5587 5586
f 5553 5559 5554
f 5554 5559 5480
f 5559 5561 5480
f 5480 5561 5572
f 5554 5480 5726
f 5726 5480 5479
f 5749 5750 5715
f 5715 5750 5712
f 5683 5612 5686
f 5686 5612 5457
f 5678 5682 5681
f 5681 5682 5667
f 5598 5509 5599
f 5599 5509 5730
f 5679 5621 5742
f 5742 5621 5620
f 5652 5616 5653
f 5653 5616 5615
f 5220 5426 5052
f 5052 5426 5437
f 5487 5488 5550
f 5550 5488 5549
f 5742 5620 5490
f 5490 5620 5491
f 5551 5610 5563
f 5563 5610 5567
f 5610 5397 5567
f 5567 5397 5748
f 5614 5617 5753
f 5753 5617 5754
f 5480 5572 5481
f 5755 5756 5738
f 5738 5756 5709
f 5745 5744 5758
f 5758 5744 5757
f 5745 5758 5734
f 5734 5758 5759
f 5735 5734 5760
f 5760 5734 5759
f 5707 5735 5761
f 5761 5735 5760
f 5744 5677 5757
f 5757 5677 5762
f 5677 5680 5762
f 5762 5680 5763
f 5763 5680 5764
f 5764 5680 5743
f 5765 5766 5762
f 5762 5766 5757
f 5768 5769 5767
f 5767 5769 5770
f 5771 5772 5770
f 5770 5772 5767
f 5770 5769 5774
f 5774 5769 5773
f 5775 5776 5774
f 5774 5776 5777
f 5773 5778 5774
f 5774 5778 5775
f 5779 5766 5773
f 5773 5766 5778
f 5777 5771 5774
f 5774 5771 5770
f 5780 5781 5783
f 5783 5781 5782
f 5781 5780 5771
f 5771 5780 5772
f 5773 5769 5779
f 5779 5769 5768
f 5768 5759 5779
f 5779 5759 5758
f 5768 5784 5759
f 5759 5784 5760
f 5767 5785 5768
f 5768 5785 5784
f 5785 5767 5786
f 5786 5767 5772
f 5766 5779 5757
f 5757 5779 5758
f 5780 5787 5772
f 5772 5787 5786
f 5785 5786 5788
f 5788 5786 5789
f 5786 5787 5789
f 5789 5787 5790
f 5788 5789 5791
f 5791 5789 5792
f 5791 5793 5788
f 5788 5793 5794
f 5795 5792 5790
f 5790 5792 5789
f 5785 5788 5784
f 5784 5788 5794
f 5784 5794 5760
f 5760 5794 5761
f 5787 5780 5796
f 5796 5780 5783
f 5775 5778 5797
f 5797 5778 5766
f 5797 5798 5775
f 5775 5798 5776
f 5766 5765 5797
f 5797 5765 5799
f 5798 5797 5800
f 5800 5797 5799
f 5798 5801 5776
f 5776 5801 5802
f 5707 5761 5694
f 5694 5761 5803
f 5695 5804 5743
f 5743 5804 5764
f 5804 5695 5803
f 5803 5695 5694
f 5803 5793 5804
f 5804 5793 5805
f 5793 5791 5805
f 5805 5791 5806
f 5804 5805 5764
f 5764 5805 5807
f 5803 5761 5793
f 5793 5761 5794
f 5808 5763 5807
f 5807 5763 5764
f 5808 5765 5763
f 5763 5765 5762
f 5809 5799 5808
f 5808 5799 5765
f 5809 5808 5810
f 5810 5808 5807
f 5811 5809 5812
f 5812 5809 5810
f 5805 5806 5807
f 5807 5806 5810
f 5806 5813 5810
f 5810 5813 5812
f 5799 5809 5800
f 5800 5809 5811
f 5815 5800 5814
f 5814 5800 5811
f 5814 5817 5816
f 5816 5817 5818
f 5814 5811 5817
f 5817 5811 5812
f 5814 5816 5815
f 5815 5816 5796
f 5815 5796 5801
f 5801 5796 5783
f 5801 5798 5815
f 5815 5798 5800
f 5791 5792 5806
f 5806 5792 5813
f 5818 5813 5795
f 5795 5813 5792
f 5818 5817 5813
f 5813 5817 5812
f 5816 5818 5790
f 5790 5818 5795
f 5790 5787 5816
f 5816 5787 5796
f 5771 5777 5781
f 5781 5777 5782
f 5782 5802 5783
f 5783 5802 5801
f 5782 5777 5802
f 5802 5777 5776
f 5588 5587 5722
f 5722 5587 5720
f 5591 5619 5592
f 5592 5619 5618
f 5625 5624 5648
f 5648 5624 5649
f 5624 5627 5649
f 5649 5627 5643
f 5631 5630 5725
f 5725 5630 5640
f 5625 5648 5591
f 5591 5648 5619
f 5588 5722 5723
f 5723 5722 5736
f 5631 5725 5592
f 5592 5725 5589
f 5723 5630 5666
f 5666 5630 5629
f 5587 5627 5720
f 5720 5627 5626
f 5820 5821 5819
f 5819 5821 5822
f 5824 5825 5823
f 5823 5825 5826
f 5823 5826 5827
f 5827 5826 5828
f 5829 5830 5832
f 5832 5830 5831
f 5518 5833 5708
f 5708 5833 5834
f 5835 5836 5824
f 5824 5836 5825
f 5838 5839 5837
f 5837 5839 5840
f 5751 5684 5842
f 5842 5684 5841
f 5843 5841 5724
f 5724 5841 5684
f 5845 5846 5844
f 5844 5846 5847
f 5848 5830 5836
f 5836 5830 5825
f 5518 5751 5833
f 5833 5751 5842
f 5839 5838 5821
f 5821 5838 5849
f 5850 5848 5822
f 5822 5848 5836
f 5851 5845 5828
f 5828 5845 5852
f 5854 5855 5853
f 5853 5855 5856
f 5845 5844 5852
f 5852 5844 5857
f 5858 5827 5852
f 5852 5827 5828
f 5851 5828 5829
f 5829 5828 5826
f 5819 5859 5820
f 5820 5859 5860
f 5835 5861 5819
f 5819 5861 5859
f 5851 5829 5862
f 5862 5829 5832
f 5844 5847 5837
f 5837 5847 5834
f 5819 5822 5835
f 5835 5822 5836
f 5823 5863 5824
f 5824 5863 5864
f 5849 5850 5821
f 5821 5850 5822
f 5825 5830 5826
f 5826 5830 5829
f 5820 5860 5865
f 5865 5860 5866
f 5858 5854 5867
f 5867 5854 5853
f 5854 5857 5855
f 5855 5857 5840
f 5855 5865 5856
f 5856 5865 5866
f 5837 5840 5844
f 5844 5840 5857
f 5827 5858 5868
f 5868 5858 5867
f 5824 5864 5835
f 5835 5864 5861
f 5732 5731 5862
f 5862 5731 5846
f 5863 5823 5868
f 5868 5823 5827
f 5843 5831 5848
f 5848 5831 5830
f 5854 5858 5857
f 5857 5858 5852
f 5855 5840 5865
f 5865 5840 5839
f 5865 5839 5820
f 5820 5839 5821
f 5868 5867 5870
f 5870 5867 5869
f 5868 5870 5863
f 5863 5870 5871
f 5863 5871 5864
f 5864 5871 5872
f 5864 5872 5861
f 5861 5872 5873
f 5867 5853 5869
f 5869 5853 5874
f 5853 5856 5874
f 5874 5856 5875
f 5856 5866 5875
f 5875 5866 5876
f 5877 5878 5874
f 5874 5878 5869
f 5880 5881 5879
f 5879 5881 5882
f 5883 5884 5880
f 5880 5884 5881
f 5881 5884 5886
f 5886 5884 5885
f 5887 5888 5886
f 5886 5888 5889
f 5885 5890 5886
f 5886 5890 5887
f 5889 5882 5886
f 5886 5882 5881
f 5882 5891 5879
f 5879 5891 5892
f 5885 5884 5893
f 5893 5884 5883
f 5883 5871 5893
f 5893 5871 5870
f 5883 5894 5871
f 5871 5894 5872
f 5880 5895 5883
f 5883 5895 5894
f 5896 5895 5879
f 5879 5895 5880
f 5893 5878 5885
f 5885 5878 5890
f 5878 5893 5869
f 5869 5893 5870
f 5897 5896 5892
f 5892 5896 5879
f 5895 5896 5898
f 5898 5896 5899
f 5896 5897 5899
f 5899 5897 5900
f 5898 5899 5901
f 5901 5899 5902
f 5901 5903 5898
f 5898 5903 5904
f 5900 5905 5899
f 5899 5905 5902
f 5898 5904 5895
f 5895 5904 5894
f 5894 5904 5872
f 5872 5904 5873
f 5897 5892 5907
f 5907 5892 5906
f 5892 5891 5906
f 5906 5891 5908
f 5887 5890 5909
f 5909 5890 5878
f 5888 5887 5910
f 5910 5887 5909
f 5878 5877 5909
f 5909 5877 5911
f 5909 5911 5910
f 5910 5911 5912
f 5913 5914 5910
f 5910 5914 5888
f 5908 5914 5906
f 5906 5914 5913
f 5861 5873 5859
f 5859 5873 5915
f 5860 5916 5866
f 5866 5916 5876
f 5916 5860 5915
f 5915 5860 5859
f 5915 5903 5916
f 5916 5903 5917
f 5903 5901 5917
f 5917 5901 5918
f 5916 5917 5876
f 5876 5917 5919
f 5903 5915 5904
f 5904 5915 5873
f 5920 5875 5919
f 5919 5875 5876
f 5920 5877 5875
f 5875 5877 5874
f 5920 5921 5877
f 5877 5921 5911
f 5921 5920 5922
f 5922 5920 5919
f 5923 5921 5924
f 5924 5921 5922
f 5917 5918 5919
f 5919 5918 5922
f 5918 5925 5922
f 5922 5925 5924
f 5921 5923 5911
f 5911 5923 5912
f 5927 5912 5926
f 5926 5912 5923
f 5926 5929 5928
f 5928 5929 5930
f 5926 5923 5929
f 5929 5923 5924
f 5926 5928 5927
f 5927 5928 5907
f 5927 5907 5913
f 5913 5907 5906
f 5913 5910 5927
f 5927 5910 5912
f 5901 5902 5918
f 5918 5902 5925
f 5930 5925 5905
f 5905 5925 5902
f 5930 5929 5925
f 5925 5929 5924
f 5928 5930 5900
f 5900 5930 5905
f 5900 5897 5928
f 5928 5897 5907
f 5882 5889 5891
f 5891 5889 5908
f 5908 5889 5914
f 5914 5889 5888
f 5832 5831 5641
f 5641 5831 5639
f 5833 5838 5834
f 5834 5838 5837
f 5842 5841 5849
f 5849 5841 5850
f 5841 5843 5850
f 5850 5843 5848
f 5847 5846 5739
f 5739 5846 5731
f 5842 5849 5833
f 5833 5849 5838
f 5862 5832 5732
f 5732 5832 5641
f 5847 5739 5834
f 5834 5739 5708
f 5862 5846 5851
f 5851 5846 5845
f 5831 5843 5639
f 5639 5843 5724
f 5676 5732 5595
f 5595 5732 5641
f 5676 5461 5660
f 5660 5461 5464
f 5461 5460 5464
f 5464 5460 5465
f 5460 5674 5465
f 5465 5674 5661
f 5931 5932 5934
f 5934 5932 5933
f 5936 5937 5935
f 5935 5937 5938
f 5935 5938 5939
f 5939 5938 5940
f 5942 5943 5941
f 5941 5943 5944
f 5945 5946 5936
f 5936 5946 5937
f 5948 5949 5947
f 5947 5949 5950
f 5951 5952 5519
f 5519 5952 5593
f 5953 5951 5709
f 5709 5951 5519
f 5955 5956 5954
f 5954 5956 5957
f 5958 5942 5946
f 5946 5942 5937
f 5948 5959 5949
f 5949 5959 5933
f 5960 5958 5934
f 5934 5958 5946
f 5961 5955 5940
f 5940 5955 5962
f 5963 5964 5966
f 5966 5964 5965
f 5955 5954 5962
f 5962 5954 5967
f 5968 5939 5962
f 5962 5939 5940
f 5961 5940 5941
f 5941 5940 5938
f 5931 5969 5932
f 5932 5969 5970
f 5945 5971 5931
f 5931 5971 5969
f 5941 5944 5961
f 5961 5944 5972
f 5954 5957 5947
f 5947 5957 5973
f 5945 5931 5946
f 5946 5931 5934
f 5935 5974 5936
f 5936 5974 5975
f 5959 5960 5933
f 5933 5960 5934
f 5937 5942 5938
f 5938 5942 5941
f 5932 5970 5976
f 5976 5970 5977
f 5968 5964 5978
f 5978 5964 5963
f 5965 5964 5950
f 5950 5964 5967
f 5976 5977 5965
f 5965 5977 5966
f 5947 5950 5954
f 5954 5950 5967
f 5939 5968 5979
f 5979 5968 5978
f 5936 5975 5945
f 5945 5975 5971
f 5972 5754 5956
f 5956 5754 5617
f 5974 5935 5979
f 5979 5935 5939
f 5953 5943 5958
f 5958 5943 5942
f 5964 5968 5967
f 5967 5968 5962
f 5965 5950 5976
f 5976 5950 5949
f 5976 5949 5932
f 5932 5949 5933
f 5979 5978 5981
f 5981 5978 5980
f 5979 5981 5974
f 5974 5981 5982
f 5974 5982 5975
f 5975 5982 5983
f 5975 5983 5971
f 5971 5983 5984
f 5978 5963 5980
f 5980 5963 5985
f 5963 5966 5985
f 5985 5966 5986
f 5986 5966 5987
f 5987 5966 5977
f 5988 5989 5985
f 5985 5989 5980
f 5991 5992 5990
f 5990 5992 5993
f 5994 5995 5991
f 5991 5995 5992
f 5992 5995 5997
f 5997 5995 5996
f 5998 5999 5997
f 5997 5999 6000
f 5996 6001 5997
f 5997 6001 5998
f 6000 5993 5997
f 5997 5993 5992
f 6002 6003 5993
f 5993 6003 5990
f 5995 5994 5996
f 5996 5994 6004
f 5994 5982 6004
f 6004 5982 5981
f 5994 6005 5982
f 5982 6005 5983
f 5991 6006 5994
f 5994 6006 6005
f 6006 5991 6007
f 6007 5991 5990
f 5996 6004 6001
f 6001 6004 5989
f 5989 6004 5980
f 5980 6004 5981
f 6003 6008 5990
f 5990 6008 6007
f 6009 6006 6010
f 6010 6006 6007
f 6008 6011 6007
f 6007 6011 6010
f 6012 6009 6013
f 6013 6009 6010
f 6009 6012 6015
f 6015 6012 6014
f 6011 6016 6010
f 6010 6016 6013
f 6006 6009 6005
f 6005 6009 6015
f 6005 6015 5983
f 5983 6015 5984
f 6008 6003 6018
f 6018 6003 6017
f 6003 6002 6017
f 6017 6002 6019
f 5998 6001 6020
f 6020 6001 5989
f 5999 5998 6021
f 6021 5998 6020
f 5989 5988 6020
f 6020 5988 6022
f 6021 6020 6023
f 6023 6020 6022
f 6021 6024 5999
f 5999 6024 6025
f 6019 6025 6017
f 6017 6025 6024
f 5971 5984 5969
f 5969 5984 6026
f 5970 6027 5977
f 5977 6027 5987
f 6027 5970 6026
f 6026 5970 5969
f 6026 6014 6027
f 6027 6014 6028
f 6014 6012 6028
f 6028 6012 6029
f 6027 6028 5987
f 5987 6028 6030
f 6026 5984 6014
f 6014 5984 6015
f 6031 5986 6030
f 6030 5986 5987
f 6031 5988 5986
f 5986 5988 5985
f 6032 6022 6031
f 6031 6022 5988
f 6032 6031 6033
f 6033 6031 6030
f 6034 6032 6035
f 6035 6032 6033
f 6028 6029 6030
f 6030 6029 6033
f 6029 6036 6033
f 6033 6036 6035
f 6032 6034 6022
f 6022 6034 6023
f 6038 6023 6037
f 6037 6023 6034
f 6037 6040 6039
f 6039 6040 6041
f 6037 6034 6040
f 6040 6034 6035
f 6037 6039 6038
f 6038 6039 6018
f 6038 6018 6024
f 6024 6018 6017
f 6024 6021 6038
f 6038 6021 6023
f 6012 6013 6029
f 6029 6013 6036
f 6041 6036 6016
f 6016 6036 6013
f 6041 6040 6036
f 6036 6040 6035
f 6041 6016 6039
f 6039 6016 6011
f 6011 6008 6039
f 6039 6008 6018
f 5993 6000 6002
f 6002 6000 6019
f 6019 6000 6025
f 6025 6000 5999
f 5943 5756 5944
f 5944 5756 5755
f 6042 5948 5973
f 5973 5948 5947
f 5952 5951 5959
f 5959 5951 5960
f 5951 5953 5960
f 5960 5953 5958
f 5616 5957 5617
f 5617 5957 5956
f 6042 5952 5948
f 5948 5952 5959
f 5944 5755 5972
f 5972 5755 5754
f 5957 5616 5973
f 5973 5616 5652
f 5956 5955 5972
f 5972 5955 5961
f 5943 5953 5756
f 5756 5953 5709
f 6044 6045 6043
f 6043 6045 6046
f 6048 6049 6047
f 6047 6049 6050
f 6047 6050 6051
f 6051 6050 6052
f 6054 6055 6053
f 6053 6055 6056
f 6057 6058 6060
f 6060 6058 6059
f 6061 6062 6048
f 6048 6062 6049
f 6063 6064 6066
f 6066 6064 6065
f 6067 6068 6070
f 6070 6068 6069
f 6071 6069 5653
f 5653 6069 6068
f 6072 6073 6075
f 6075 6073 6074
f 6062 6076 6049
f 6049 6076 6054
f 6058 6067 6059
f 6059 6067 6070
f 6064 6077 6065
f 6065 6077 6045
f 6078 6076 6046
f 6046 6076 6062
f 6073 6080 6079
f 6079 6080 6052
f 6082 6083 6081
f 6081 6083 6084
f 6072 6085 6073
f 6073 6085 6080
f 6086 6051 6080
f 6080 6051 6052
f 6079 6052 6053
f 6053 6052 6050
f 6043 6087 6044
f 6044 6087 6088
f 6061 6089 6043
f 6043 6089 6087
f 6053 6056 6079
f 6079 6056 6090
f 6063 6072 6060
f 6060 6072 6075
f 6043 6046 6061
f 6061 6046 6062
f 6047 6091 6048
f 6048 6091 6092
f 6077 6078 6045
f 6045 6078 6046
f 6049 6054 6050
f 6050 6054 6053
f 6044 6088 6093
f 6093 6088 6094
f 6086 6082 6095
f 6095 6082 6081
f 6083 6082 6066
f 6066 6082 6085
f 6093 6094 6083
f 6083 6094 6084
f 6072 6063 6085
f 6085 6063 6066
f 6051 6086 6096
f 6096 6086 6095
f 6048 6092 6061
f 6061 6092 6089
f 5656 5655 6090
f 6090 5655 6074
f 6091 6047 6096
f 6096 6047 6051
f 6071 6055 6076
f 6076 6055 6054
f 6082 6086 6085
f 6085 6086 6080
f 6093 6083 6065
f 6065 6083 6066
f 6044 6093 6045
f 6045 6093 6065
f 6096 6095 6098
f 6098 6095 6097
f 6096 6098 6091
f 6091 6098 6099
f 6091 6099 6092
f 6092 6099 6100
f 6092 6100 6089
f 6089 6100 6101
f 6095 6081 6097
f 6097 6081 6102
f 6081 6084 6102
f 6102 6084 6103
f 6103 6084 6104
f 6104 6084 6094
f 6106 6097 6105
f 6105 6097 6102
f 6107 6108 6110
f 6110 6108 6109
f 6111 6112 6108
f 6108 6112 6109
f 6109 6112 6114
f 6114 6112 6113
f 6114 6115 6117
f 6117 6115 6116
f 6113 6118 6114
f 6114 6118 6115
f 6117 6110 6114
f 6114 6110 6109
f 6110 6119 6107
f 6107 6119 6120
f 6112 6111 6113
f 6113 6111 6121
f 6111 6099 6121
f 6121 6099 6098
f 6111 6122 6099
f 6099 6122 6100
f 6123 6122 6108
f 6108 6122 6111
f 6124 6123 6107
f 6107 6123 6108
f 6113 6121 6118
f 6118 6121 6106
f 6106 6121 6097
f 6097 6121 6098
f 6125 6124 6120
f 6120 6124 6107
f 6126 6123 6127
f 6127 6123 6124
f 6125 6128 6124
f 6124 6128 6127
f 6129 6126 6130
f 6130 6126 6127
f 6126 6129 6132
f 6132 6129 6131
f 6128 6133 6127
f 6127 6133 6130
f 6123 6126 6122
f 6122 6126 6132
f 6122 6132 6100
f 6100 6132 6101
f 6120 6134 6125
f 6125 6134 6135
f 6120 6119 6134
f 6134 6119 6136
f 6115 6118 6137
f 6137 6118 6106
f 6115 6137 6116
f 6116 6137 6138
f 6137 6106 6139
f 6139 6106 6105
f 6138 6137 6140
f 6140 6137 6139
f 6141 6142 6138
f 6138 6142 6116
f 6136 6142 6134
f 6134 6142 6141
f 6089 6101 6087
f 6087 6101 6143
f 6088 6144 6094
f 6094 6144 6104
f 6143 6144 6087
f 6087 6144 6088
f 6131 6145 6143
f 6143 6145 6144
f 6129 6146 6131
f 6131 6146 6145
f 6144 6145 6104
f 6104 6145 6147
f 6143 6101 6131
f 6131 6101 6132
f 6148 6103 6147
f 6147 6103 6104
f 6103 6148 6102
f 6102 6148 6105
f 6148 6149 6105
f 6105 6149 6139
f 6149 6148 6150
f 6150 6148 6147
f 6151 6149 6152
f 6152 6149 6150
f 6145 6146 6147
f 6147 6146 6150
f 6146 6153 6150
f 6150 6153 6152
f 6149 6151 6139
f 6139 6151 6140
f 6155 6140 6154
f 6154 6140 6151
f 6154 6157 6156
f 6156 6157 6158
f 6154 6151 6157
f 6157 6151 6152
f 6154 6156 6155
f 6155 6156 6135
f 6155 6135 6141
f 6141 6135 6134
f 6141 6138 6155
f 6155 6138 6140
f 6146 6129 6153
f 6153 6129 6130
f 6158 6153 6133
f 6133 6153 6130
f 6158 6157 6153
f 6153 6157 6152
f 6156 6158 6128
f 6128 6158 6133
f 6128 6125 6156
f 6156 6125 6135
f 6110 6117 6119
f 6119 6117 6136
f 6136 6117 6142
f 6142 6117 6116
f 6055 5615 6056
f 6056 5615 5752
f 6060 6059 6063
f 6063 6059 6064
f 6077 6070 6078
f 6078 6070 6069
f 6069 6071 6078
f 6078 6071 6076
f 6159 6057 6075
f 6075 6057 6060
f 6059 6070 6064
f 6064 6070 6077
f 6056 5752 6090
f 6090 5752 5656
f 6090 6074 6079
f 6079 6074 6073
f 6055 6071 5615
f 5615 6071 5653
f 5547 5471 6160
f 6160 5471 6161
f 5729 5577 6163
f 6163 5577 6162
f 5577 5576 6162
f 6162 5576 6164
f 5713 6165 5711
f 5711 6165 6166
f 5474 5729 6167
f 6167 5729 6163
f 5750 5547 6168
f 6168 5547 6160
f 5471 5474 6161
f 6161 5474 6167
f 6169 5712 6168
f 6168 5712 5750
f 5711 6166 5576
f 5576 6166 6164
f 6165 5713 6169
f 6169 5713 5712
f 6168 6170 6169
f 6169 6170 6171
f 6169 6171 6165
f 6165 6171 6172
f 6165 6172 6166
f 6166 6172 6173
f 6166 6173 6164
f 6164 6173 6174
f 6168 6160 6170
f 6170 6160 6175
f 6160 6161 6175
f 6175 6161 6176
f 6161 6167 6176
f 6176 6167 6177
f 6179 6170 6178
f 6178 6170 6175
f 6181 6182 6180
f 6180 6182 6183
f 6184 6185 6181
f 6181 6185 6182
f 6186 6187 6185
f 6185 6187 6182
f 6186 6188 6187
f 6187 6188 6189
f 6190 6183 6187
f 6187 6183 6182
f 6183 6190 6191
f 6191 6190 6192
f 6191 6193 6183
f 6183 6193 6180
f 6186 6185 6194
f 6194 6185 6184
f 6184 6172 6194
f 6194 6172 6171
f 6184 6195 6172
f 6172 6195 6173
f 6181 6196 6184
f 6184 6196 6195
f 6196 6181 6197
f 6197 6181 6180
f 6186 6194 6188
f 6188 6194 6179
f 6179 6194 6170
f 6170 6194 6171
f 6193 6198 6180
f 6180 6198 6197
f 6199 6196 6200
f 6200 6196 6197
f 6198 6201 6197
f 6197 6201 6200
f 6202 6199 6203
f 6203 6199 6200
f 6199 6202 6205
f 6205 6202 6204
f 6201 6206 6200
f 6200 6206 6203
f 6196 6199 6195
f 6195 6199 6205
f 6195 6205 6173
f 6173 6205 6174
f 6198 6193 6208
f 6208 6193 6207
f 6193 6191 6207
f 6207 6191 6192
f 6189 6188 6209
f 6209 6188 6179
f 6210 6189 6211
f 6211 6189 6209
f 6209 6179 6212
f 6212 6179 6178
f 6211 6209 6213
f 6213 6209 6212
f 6211 6214 6210
f 6210 6214 6215
f 6192 6215 6207
f 6207 6215 6214
f 6190 6187 6210
f 6210 6187 6189
f 6192 6190 6215
f 6215 6190 6210
f 6162 6164 6216
f 6216 6164 6174
f 6167 6163 6177
f 6177 6163 6217
f 6216 6217 6162
f 6162 6217 6163
f 6204 6218 6216
f 6216 6218 6217
f 6202 6219 6204
f 6204 6219 6218
f 6217 6218 6177
f 6177 6218 6220
f 6216 6174 6204
f 6204 6174 6205
f 6221 6176 6220
f 6220 6176 6177
f 6176 6221 6175
f 6175 6221 6178
f 6221 6222 6178
f 6178 6222 6212
f 6222 6221 6223
f 6223 6221 6220
f 6224 6222 6225
f 6225 6222 6223
f 6218 6219 6220
f 6220 6219 6223
f 6219 6226 6223
f 6223 6226 6225
f 6222 6224 6212
f 6212 6224 6213
f 6228 6213 6227
f 6227 6213 6224
f 6229 6227 6231
f 6231 6227 6230
f 6227 6224 6230
f 6230 6224 6225
f 6227 6229 6228
f 6228 6229 6208
f 6228 6208 6214
f 6214 6208 6207
f 6214 6211 6228
f 6228 6211 6213
f 6219 6202 6226
f 6226 6202 6203
f 6231 6226 6206
f 6206 6226 6203
f 6231 6230 6226
f 6226 6230 6225
f 6229 6231 6201
f 6201 6231 6206
f 6201 6198 6229
f 6229 6198 6208
f 5674 5672 5661
f 5661 5672 5662
f 5662 5672 5663
f 5663 5672 5646
f 5651 6042 5652
f 5652 6042 5973
f 5518 5517 5751
f 5751 5517 5733
f 5738 5660 5753
f 5753 5660 5637
f 5752 5636 5656
f 5656 5636 5526
f 5952 6042 5593
f 5593 6042 5651
f 5593 5651 5594
f 5594 5651 5650
f 5600 5737 5514
f 5514 5737 5515
f 5546 5545 5740
f 5740 5545 6232
f 6232 6058 5740
f 5740 6058 6057
f 6067 6058 6233
f 6233 6058 6232
f 6233 6232 6234
f 6234 6232 5545
f 6234 5545 6235
f 6235 5545 5544
f 5606 6236 5543
f 5543 6236 5544
f 6235 5544 5539
f 5539 5544 6236
f 6237 6235 5542
f 5542 6235 5539
f 6235 6237 6234
f 6234 6237 6238
f 6234 6238 6233
f 6233 6238 6239
f 5653 6068 5650
f 5650 6068 6239
f 5642 5513 6240
f 6240 5513 5516
f 5539 6236 5540
f 5540 6236 5606
f 5636 5614 5637
f 5637 5614 5753
f 6239 5737 5650
f 5650 5737 5594
f 6239 6068 6233
f 6233 6068 6067
f 6075 6074 6159
f 6159 6074 5655
f 6057 6159 5740
f 5740 6159 5655
f 5515 5737 6238
f 6238 5737 6239
f 6238 6237 5515
f 5515 6237 5516
f 5542 6240 6237
f 6237 6240 5516
f 6240 5542 5642
f 5642 5542 5541
f 5702 5699 5541
f 5541 5699 5642
f 5582 5475 5717
f 5470 5443 5537
f 5537 5443 5504
f 5469 5444 5470
f 5470 5444 5443
f 5726 5557 5727
f 5727 5557 5556
f 5537 5504 5511
f 5511 5504 5506
f 5504 5503 5506
f 5506 5503 5507
f 5503 5455 5507
f 5507 5455 5581
f 5455 5454 5581
f 5581 5454 5456
f 5473 5453 5474
f 5474 5453 5729
f 5457 5454 5473
f 5473 5454 5453
f 5473 5472 5457
f 5457 5472 5686
f 5472 5548 5686
f 5686 5548 5687
f 5749 5693 5548
f 5548 5693 5687
f 5715 5532 5749
f 5749 5532 5693
f 5714 5486 5715
f 5715 5486 5532
f 5714 5710 5486
f 5486 5710 5449
f 5728 5578 5729
f 5729 5578 5577
f 5452 5445 5698
f 5698 5445 5558
f 5445 5444 5558
f 5558 5444 5556
f 5444 5469 5556
f 5556 5469 5727
f 5469 5468 5727
f 5727 5468 5555
f 5468 5747 5555
f 5555 5747 5552
f 5747 5700 5552
f 5552 5700 5716
f 5700 5699 5716
f 5716 5699 5717
f 5699 5702 5717
f 5717 5702 5582
f 5702 5701 5582
f 5582 5701 5583
f 5726 5479 5557
f 5557 5479 5483
f 5483 5479 5484
f 5484 5479 5482
f 5534 5533 5482
f 5482 5533 5484
f 5691 5688 5534
f 5534 5688 5533
f 5644 5647 5691
f 5691 5647 5688
f 5719 5746 5701
f 5701 5746 5583
f 5718 5497 5719
f 5719 5497 5746
f 5718 5605 5654
f 5654 5605 5638
f 5498 5654 5657
f 5657 5654 5633
f 5497 5718 5498
f 5498 5718 5654
f 5657 5527 5498
f 5498 5527 5494
f 5528 5570 5495
f 5495 5570 5521
f 5665 5668 5528
f 5528 5668 5570
f 5664 5671 5665
f 5665 5671 5668
f 5645 5741 5664
f 5664 5741 5671
f 5644 5696 5645
f 5645 5696 5741
f 5710 5575 5449
f 5449 5575 5450
f 5575 5578 5450
f 5450 5578 5698
f 5578 5728 5698
f 5698 5728 5452
f 5452 5728 5451
f 5451 5728 5453
f 3619 6241 3620
f 3620 6241 6242
f 6243 6244 3628
f 3628 6244 3629
f 6245 6246 3634
f 3634 6246 3631
f 6247 6248 3636
f 3636 6248 3637
f 6249 6250 3642
f 3642 6250 3639
f 3639 6250 3643
f 3643 6250 6251
f 3743 6252 3744
f 3744 6252 6253
f 6246 6243 3631
f 3631 6243 3628
f 3753 6254 3754
f 3754 6254 6255
f 3857 6256 3619
f 3619 6256 6241
f 6257 6245 3932
f 3932 6245 3634
f 6242 6247 3620
f 3620 6247 3636
f 6258 6259 3946
f 3946 6259 3947
f 6260 6249 3948
f 3948 6249 3642
f 6244 6258 3629
f 3629 6258 3946
f 3947 6259 3753
f 3753 6259 6254
f 6248 6260 3637
f 3637 6260 3948
f 3643 6251 3743
f 3743 6251 6252
f 3744 6253 3932
f 3932 6253 6257
f 6250 6249 6251
f 6251 6249 6252
f 6245 6261 6246
f 6246 6261 6262
f 6263 6264 6247
f 6247 6264 6248
f 6252 6265 6253
f 6253 6265 6266
f 6246 6262 6243
f 6243 6262 6267
f 6268 6261 6257
f 6257 6261 6245
f 6269 6263 6242
f 6242 6263 6247
f 6270 6271 6260
f 6260 6271 6249
f 6264 6270 6248
f 6248 6270 6260
f 6253 6266 6257
f 6257 6266 6268
f 6249 6271 6252
f 6252 6271 6265
f 6254 6259 6272
f 6272 6259 6273
f 6266 6265 6270
f 6270 6265 6271
f 6268 6266 6264
f 6264 6266 6270
f 6261 6268 6263
f 6263 6268 6264
f 6269 6262 6263
f 6263 6262 6261
f 4186 4185 6274
f 6274 4185 6275
f 6241 6276 6242
f 6242 6276 6269
f 6258 6244 6277
f 6277 6244 6278
f 6256 6279 6241
f 6241 6279 6276
f 6259 6258 6273
f 6273 6258 6277
f 6243 6267 6244
f 6244 6267 6278
f 6276 6267 6269
f 6269 6267 6262
f 6254 6272 6255
f 6255 6272 6280
f 3865 3713 3888
f 3888 3713 3685
f 5242 5233 3892
f 3892 5233 3711
f 3900 5243 3892
f 3892 5243 5242
f 3734 3866 3900
f 3900 3866 5243
f 4117 6281 4118
f 4118 6281 6282
f 4118 6282 4278
f 4278 6282 4879
f 4717 4887 4718
f 4718 4887 4280
f 4792 4278 4882
f 4882 4278 4879
f 4795 4792 6283
f 6283 4792 4882
f 4852 4851 5012
f 5012 4851 6284
f 4856 5207 4857
f 4857 5207 4858
f 4860 4279 4857
f 4857 4279 4854
f 4718 4280 4860
f 4860 4280 4279
f 4864 4863 4745
f 4745 4863 4742
f 5366 4867 5011
f 5011 4867 4866
f 4871 4884 4872
f 4872 4884 4883
f 4872 4883 4117
f 4117 4883 6281
f 6284 4851 6283
f 6283 4851 4795
f 4852 4866 4853
f 4853 4866 4865
f 4871 4870 4856
f 4856 4870 5207
f 4717 4716 4864
f 4864 4716 4861
f 4868 4867 4862
f 4862 4867 4863
f 4268 4855 4269
f 4269 4855 4854
f 4281 4274 4282
f 4282 4274 4765
f 4744 4743 4907
f 4907 4743 4904
f 4874 4881 4820
f 4820 4881 4880
f 4885 5013 4886
f 4886 5013 4980
f 4888 4275 4281
f 4281 4275 4274
f 4902 6282 4903
f 4903 6282 6281
f 6283 4979 6284
f 6284 4979 4978
f 4282 4765 4269
f 4269 4765 4266
f 4880 4879 4902
f 4902 4879 6282
f 4903 6281 4886
f 4886 6281 4883
f 4882 4881 6283
f 6283 4881 4979
f 5013 4885 4267
f 4267 4885 4268
f 4888 4887 4744
f 4744 4887 4745
f 4410 6285 4411
f 4411 6285 4812
f 4750 4749 6286
f 6286 4749 6287
f 6289 4695 6288
f 6288 4695 4255
f 4750 4675 4751
f 4751 4675 4965
f 6290 6291 4963
f 4963 6291 4960
f 4807 4806 4411
f 4411 4806 4408
f 6292 6293 4959
f 4959 6293 4956
f 4958 6294 4959
f 4959 6294 4955
f 4962 4964 4963
f 4963 4964 4805
f 4962 4961 4751
f 4751 4961 4748
f 6296 6297 6295
f 6295 6297 6298
f 6299 6300 6288
f 6288 6300 4735
f 6302 4961 6301
f 6301 4961 4960
f 6304 6287 6303
f 6303 6287 4749
f 4968 6305 4969
f 4969 6305 6306
f 4413 6308 6307
f 6307 6308 4900
f 6301 4960 6309
f 6309 4960 6291
f 4412 4408 6310
f 6310 4408 4806
f 4696 6311 4256
f 4256 6311 6312
f 6303 4749 6313
f 6313 4749 4748
f 6313 4748 6302
f 6302 4748 4961
f 6315 6316 6314
f 6314 6316 6317
f 4084 6318 6315
f 6315 6318 6316
f 4083 6319 4084
f 4084 6319 6318
f 4112 6320 4083
f 4083 6320 6319
f 6322 4138 6321
f 6321 4138 4137
f 6324 4128 6323
f 6323 4128 4127
f 4127 4193 6323
f 6323 4193 6325
f 4193 4891 6325
f 6325 4891 6326
f 4891 6327 6326
f 6326 6327 6328
f 6327 4824 5227
f 5227 4824 5228
f 5231 4684 6329
f 6329 4684 4683
f 4683 4099 6329
f 6329 4099 6330
f 4099 4102 6330
f 6330 4102 6331
f 4174 4826 4429
f 4429 4826 4829
f 4173 4741 4174
f 4174 4741 4826
f 4180 4738 4173
f 4173 4738 4741
f 6332 6333 4180
f 4180 6333 4738
f 6274 6334 4186
f 4186 6334 4188
f 4181 4825 4180
f 4180 4825 6332
f 5044 5213 5045
f 5045 5213 5165
f 5046 5087 5047
f 5047 5087 5222
f 5077 5063 5078
f 5078 5063 5198
f 5081 5099 5082
f 5082 5099 5194
f 5095 5074 5096
f 5096 5074 5073
f 5373 5170 5096
f 5096 5170 5093
f 5375 5171 5373
f 5373 5171 5170
f 5047 5222 5375
f 5375 5222 5171
f 5046 5038 5376
f 5376 5038 5067
f 5377 5086 5376
f 5376 5086 5085
f 5045 5165 5377
f 5377 5165 5086
f 5378 5214 5044
f 5044 5214 5213
f 5077 5034 5378
f 5378 5034 5214
f 5082 5194 5078
f 5078 5194 5035
f 5081 5080 5379
f 5379 5080 6335
f 5379 6335 5095
f 5095 6335 5074
f 5032 5080 5033
f 5033 5080 5079
f 5040 5017 5041
f 5041 5017 5016
f 5050 5043 5051
f 5051 5043 5042
f 5065 5023 5066
f 5066 5023 5022
f 5050 5049 5065
f 5065 5049 5023
f 5041 5016 5068
f 5068 5016 5020
f 5071 5374 5072
f 5072 5374 5200
f 5075 5156 5076
f 5076 5156 5155
f 5162 5212 5068
f 5068 5212 5067
f 5075 5074 5192
f 5192 5074 6335
f 5066 5022 5199
f 5199 5022 5196
f 5076 5155 5072
f 5072 5155 5069
f 5040 5039 5071
f 5071 5039 5374
f 5162 5161 5051
f 5051 5161 5048
f 5192 6335 5032
f 5032 6335 5080
f 5199 5196 5033
f 5033 5196 5030
f 5018 5211 5019
f 5019 5211 5408
f 5019 5408 5021
f 5021 5408 5163
f 5024 5057 5025
f 5025 5057 5415
f 5028 5048 5029
f 5029 5048 5161
f 5054 5031 5055
f 5055 5031 5030
f 5024 5023 5058
f 5058 5023 5049
f 5061 5070 5062
f 5062 5070 5069
f 5157 5438 5158
f 5158 5438 5442
f 5160 5191 5054
f 5054 5191 5031
f 5029 5161 5021
f 5021 5161 5020
f 5025 5415 5197
f 5197 5415 5220
f 5158 5442 5062
f 5062 5442 5059
f 5018 5017 5061
f 5061 5017 5070
f 5160 5159 5157
f 5157 5159 5438
f 5028 5027 5058
f 5058 5027 5056
f 5055 5030 5197
f 5197 5030 5196
f 5409 5380 5410
f 5410 5380 6336
f 5026 5413 5027
f 5027 5413 5412
f 5396 5417 5393
f 5393 5417 5416
f 5416 5057 5419
f 5419 5057 5056
f 5417 5396 5426
f 5426 5396 5420
f 5427 5423 5428
f 5428 5423 5422
f 5427 5059 5430
f 5430 5059 5442
f 5409 5408 5433
f 5433 5408 5211
f 5433 5211 5428
f 5428 5211 5060
f 5412 5411 5419
f 5419 5411 5418
f 5436 5053 5437
f 5437 5053 5052
f 5439 5402 5440
f 5440 5402 5401
f 5436 5435 5439
f 5439 5435 5402
f 5410 6336 5413
f 5413 6336 5414
f 5440 5401 5430
f 5430 5401 5429
f 5426 5420 5437
f 5437 5420 5434
f 5382 5432 5383
f 5383 5432 5384
f 5386 6336 5383
f 5383 6336 5380
f 6336 5386 5414
f 5414 5386 5388
f 5391 5418 5392
f 5392 5418 5411
f 5705 5395 5704
f 5704 5395 5394
f 5399 5435 5400
f 5400 5435 5434
f 5403 5441 5404
f 5404 5441 5405
f 5407 5429 5404
f 5404 5429 5401
f 5395 5705 5421
f 5421 5705 5748
f 5424 5706 5425
f 5425 5706 5431
f 5391 5390 5394
f 5394 5390 5704
f 5392 5388 5389
f 5389 5388 5387
f 5382 5381 5425
f 5425 5381 5422
f 5407 5406 5424
f 5424 5406 5706
f 5403 5402 5399
f 5399 5402 5435
f 5421 5748 5400
f 5400 5748 5397
f 4097 4721 4098
f 4098 4721 4231
f 4233 5273 4098
f 4098 5273 4095
f 6337 6338 4785
f 4785 6338 4786
f 4076 4780 4073
f 4073 4780 4781
f 4782 4190 4781
f 4781 4190 4073
f 4783 4901 4782
f 4782 4901 4190
f 4780 4076 4097
f 4097 4076 4721
f 6337 2879 4701
f 4701 2879 2878
f 5280 6339 5272
f 5272 6339 6340
f 5282 5281 6341
f 6341 5281 6342
f 4109 6302 4110
f 4110 6302 6301
f 4283 6304 4284
f 4284 6304 6303
f 6305 4379 6306
f 6306 4379 4378
f 4110 6301 4428
f 4428 6301 6309
f 6310 4688 4412
f 4412 4688 4687
f 4284 6303 4753
f 4753 6303 6313
f 4753 6313 4109
f 4109 6313 6302
f 6343 5226 4428
f 4428 5226 4427
f 4147 4900 4416
f 4416 4900 6308
f 6312 6311 4241
f 4241 6311 4720
f 5223 6344 4702
f 4702 6344 4699
f 4221 4220 6345
f 6345 4220 6346
f 5276 5275 6347
f 6347 5275 6348
f 5275 4728 6348
f 6348 4728 6349
f 4727 6350 5284
f 5284 6350 5285
f 6351 6352 6354
f 6354 6352 6353
f 5313 5312 5292
f 5292 5312 5293
f 5312 5344 5293
f 5293 5344 5337
f 5344 4914 5337
f 5337 4914 4916
f 4914 4913 4916
f 4916 4913 4917
f 4913 6355 4917
f 4917 6355 4978
f 6356 6357 6284
f 6284 6357 5012
f 6357 6358 5012
f 5012 6358 5011
f 5011 6358 5366
f 5366 6358 6359
f 6360 4742 6359
f 6359 4742 5366
f 4743 6361 4904
f 4904 6361 5364
f 5363 4905 5364
f 5364 4905 4904
f 5363 6362 4905
f 4905 6362 4207
f 6362 6363 4207
f 4207 6363 4208
f 6363 5342 4208
f 4208 5342 5330
f 5342 5341 5330
f 5330 5341 4244
f 5341 6364 4244
f 4244 6364 4245
f 6364 6365 4245
f 4245 6365 4246
f 6366 6367 4253
f 4253 6367 4250
f 4214 6368 4211
f 4211 6368 4380
f 4380 4379 4211
f 4211 4379 4283
f 4379 6305 4283
f 4283 6305 6304
f 6305 4968 6304
f 6304 4968 6287
f 4968 4967 6287
f 6287 4967 6286
f 4967 6297 6286
f 6286 6297 4676
f 6296 4376 4288
f 4288 4376 4285
f 4376 4373 4285
f 4285 4373 4290
f 6369 6370 6372
f 6372 6370 6371
f 5245 6373 5246
f 5246 6373 6374
f 4317 6375 4318
f 4318 6375 6376
f 4331 6377 4332
f 4332 6377 6378
f 6379 4333 6376
f 6376 4333 4318
f 4343 6380 4344
f 4344 6380 6381
f 4347 6382 4348
f 4348 6382 6383
f 4374 6371 4331
f 4331 6371 6377
f 4333 6379 4426
f 4426 6379 6384
f 4690 6385 4347
f 4347 6385 6382
f 4332 6378 4317
f 4317 6378 6375
f 4922 6386 4923
f 4923 6386 6387
f 6388 6389 4375
f 4375 6389 6390
f 6355 6356 4978
f 4978 6356 6284
f 4742 6360 4743
f 4743 6360 6361
f 6391 4238 6392
f 6392 4238 4719
f 6392 4719 6393
f 6393 4719 5296
f 6395 6396 6394
f 6394 6396 6397
f 6399 6400 6398
f 6398 6400 6401
f 6402 5302 6403
f 6403 5302 5303
f 5303 5321 6403
f 6403 5321 6404
f 5320 6405 5321
f 5321 6405 6404
f 5319 6406 5350
f 5350 6406 5351
f 5319 5318 6406
f 6406 5318 6407
f 5288 4197 6408
f 6408 4197 6409
f 4217 4216 6410
f 6410 4216 6411
f 5227 6412 6327
f 6327 6412 6328
f 4892 6413 5227
f 5227 6413 6412
f 4228 6414 4892
f 4892 6414 6413
f 4227 6415 4228
f 4228 6415 6414
f 4248 6416 4227
f 4227 6416 6415
f 4247 6417 4248
f 4248 6417 6416
f 6417 4247 6419
f 6419 4247 6418
f 6419 6418 6421
f 6421 6418 6420
f 6422 5301 6423
f 6423 5301 5300
f 6423 5300 6424
f 6424 5300 6399
f 6408 6409 6398
f 6398 6409 6425
f 6426 6427 6397
f 6397 6427 6394
f 6428 4224 6429
f 6429 4224 4223
f 6347 6346 5276
f 5276 6346 4220
f 6346 6347 6341
f 6341 6347 6339
f 5280 5278 5282
f 5282 5278 4236
f 4896 5224 4684
f 4684 5224 4681
f 4132 4135 4896
f 4896 4135 5224
f 4131 4136 4132
f 4132 4136 4135
f 4226 4754 4131
f 4131 4754 4136
f 4251 4213 4226
f 4226 4213 4754
f 4250 4214 4251
f 4251 4214 4213
f 4250 6367 4214
f 4214 6367 6368
f 6367 4910 6368
f 6368 4910 4737
f 4909 5297 4736
f 4736 5297 5296
f 5297 6395 5296
f 5296 6395 6393
f 6427 6430 6394
f 6394 6430 6431
f 6429 4383 6428
f 6428 4383 4382
f 4219 5277 4220
f 4220 5277 5276
f 4222 4697 4383
f 4383 4697 4218
f 6345 4699 4221
f 4221 4699 6344
f 6342 4700 6345
f 6345 4700 4699
f 4235 4786 5281
f 5281 4786 6338
f 4234 4787 4235
f 4235 4787 4786
f 5279 5278 6432
f 6432 5278 5271
f 4237 5279 6433
f 6433 5279 6432
f 4787 4234 6433
f 6433 4234 4237
f 6435 6436 6434
f 6434 6436 6437
f 6359 6438 6360
f 6360 6438 6437
f 6439 6440 6441
f 6441 6440 6438
f 6443 6439 6442
f 6442 6439 6441
f 6357 6356 6442
f 6442 6356 6444
f 6444 6446 6445
f 6445 6446 6447
f 4912 6446 4913
f 4913 6446 6355
f 6361 6436 5364
f 5364 6436 5365
f 5319 5350 5316
f 5316 5350 6448
f 4832 6449 5350
f 5350 6449 6448
f 4831 6450 4832
f 4832 6450 6449
f 5354 6451 5320
f 5320 6451 6405
f 4265 6452 5354
f 5354 6452 6451
f 4264 6453 4265
f 4265 6453 6452
f 6450 4831 6447
f 6447 4831 6445
f 4263 6435 4264
f 4264 6435 6434
f 6454 6453 6439
f 6439 6453 6440
f 6439 6443 6454
f 6454 6443 4834
f 4833 6455 4834
f 4834 6455 6454
f 5351 6456 4833
f 4833 6456 6455
f 6457 6391 6458
f 6458 6391 6392
f 6458 6392 6431
f 6431 6392 6393
f 5298 6396 5297
f 5297 6396 6395
f 6402 6400 5302
f 5302 6400 5299
f 6402 6403 6459
f 6459 6403 6460
f 6460 6403 6461
f 6461 6403 6404
f 6405 6462 6404
f 6404 6462 6461
f 6406 6462 5351
f 5351 6462 6456
f 6406 6407 6462
f 6462 6407 6461
f 6407 6463 6461
f 6461 6463 6460
f 6463 6464 6460
f 6460 6464 6459
f 6464 6465 6459
f 6459 6465 6401
f 6430 6466 6431
f 6431 6466 6458
f 6466 6410 6458
f 6458 6410 6457
f 6410 6411 6457
f 6457 6411 6467
f 6396 6424 6397
f 6397 6424 6425
f 6393 6395 6431
f 6431 6395 6394
f 6451 6456 6405
f 6405 6456 6462
f 6452 6455 6451
f 6451 6455 6456
f 6453 6454 6452
f 6452 6454 6455
f 6443 6445 4834
f 4834 6445 4831
f 6440 6453 6434
f 6434 6453 4264
f 6468 5306 5360
f 5360 5306 5305
f 6469 4124 6468
f 6468 4124 5306
f 6470 4125 6469
f 6469 4125 4124
f 6471 5291 6470
f 6470 5291 4125
f 6353 5292 6471
f 6471 5292 5291
f 5292 6353 5313
f 5313 6353 6352
f 5347 5314 6352
f 6352 5314 5313
f 5353 5318 5346
f 5346 5318 5317
f 5334 6468 5358
f 5358 6468 5360
f 5324 6469 5334
f 5334 6469 6468
f 5323 6470 5324
f 5324 6470 6469
f 5343 6471 5323
f 5323 6471 6470
f 6354 6353 5343
f 5343 6353 6471
f 6348 6349 4270
f 4270 6349 5311
f 5272 6340 5273
f 5273 6340 4272
f 6432 5271 4232
f 4232 5271 4233
f 4294 6432 4295
f 4295 6432 4232
f 6432 4294 6433
f 6433 4294 4301
f 4301 4300 6433
f 6433 4300 4787
f 4704 4784 4300
f 4300 4784 4787
f 4704 3013 4784
f 4784 3013 1307
f 5103 6472 5104
f 5104 6472 5202
f 5108 5116 5105
f 5105 5116 5115
f 5111 5124 5112
f 5112 5124 5123
f 5154 5205 5105
f 5105 5205 5106
f 5167 5180 5168
f 5168 5180 5185
f 5175 5188 5176
f 5176 5188 5187
f 5112 5123 5178
f 5178 5123 5120
f 5167 5090 5183
f 5183 5090 5089
f 5210 5151 5183
f 5183 5151 5181
f 5216 5138 5217
f 5217 5138 5137
f 5218 5119 5219
f 5219 5119 5221
f 5218 5178 5119
f 5119 5178 5120
f 5217 5137 5104
f 5104 5137 5101
f 5116 5108 5221
f 5221 5108 5219
f 5111 5110 5210
f 5210 5110 5151
f 5154 5153 5103
f 5103 5153 6472
f 5216 5215 5176
f 5176 5215 5173
f 5175 5174 5168
f 5168 5174 5166
f 5091 5172 5092
f 5092 5172 5208
f 5117 5037 5118
f 5118 5037 5036
f 5121 5164 5122
f 5122 5164 5133
f 5125 5084 5126
f 5126 5084 5083
f 5129 5174 5130
f 5130 5174 5173
f 5131 5202 5132
f 5132 5202 6472
f 5135 5221 5122
f 5122 5221 5119
f 5125 5124 5136
f 5136 5124 5209
f 5126 5083 5121
f 5121 5083 5164
f 5118 5036 5195
f 5195 5036 5193
f 5131 5097 5203
f 5203 5097 5114
f 5132 6472 5195
f 5195 6472 5153
f 5136 5209 5092
f 5092 5209 5089
f 5135 5134 5117
f 5117 5134 5037
f 5362 5206 5130
f 5130 5206 5127
f 5372 5371 5128
f 5128 5371 5129
f 5371 5372 5091
f 5091 5372 5172
f 5362 5215 5203
f 5203 5215 5201
f 6463 6407 5353
f 5353 6407 5318
f 6464 6463 5352
f 5352 6463 5353
f 6408 6465 5288
f 5288 6465 5289
f 4196 4224 6426
f 6426 4224 6427
f 6430 6427 6428
f 6428 6427 4224
f 6466 6430 4382
f 4382 6430 6428
f 6410 6466 4217
f 4217 6466 4382
f 4240 4239 3015
f 3015 4239 3016
f 4254 4257 3017
f 3017 4257 3018
f 6473 6474 4732
f 4732 6474 6475
f 6474 6374 6475
f 6475 6374 6373
f 5246 6374 3022
f 3022 6374 3023
f 4254 6299 4255
f 4255 6299 6288
f 6473 6300 3024
f 3024 6300 3025
f 6476 4257 6312
f 6312 4257 4256
f 4240 6476 4241
f 4241 6476 6312
f 6477 4239 6391
f 6391 4239 4238
f 6467 6477 6457
f 6457 6477 6391
f 6411 3029 6467
f 6467 3029 3028
f 4216 3030 6411
f 6411 3030 3029
f 6479 6480 6478
f 6478 6480 6481
f 6483 6484 6482
f 6482 6484 6485
f 6486 6487 4102
f 4102 6487 6331
f 6483 6488 6478
f 6478 6488 6489
f 4429 4829 6490
f 6490 4829 6479
f 6491 6486 4101
f 4101 6486 4102
f 4895 6491 4899
f 4899 6491 4101
f 4160 6488 4157
f 4157 6488 6492
f 6489 4087 6490
f 6490 4087 4090
f 4267 4261 5013
f 5013 4261 4260
f 4258 4261 5328
f 5328 4261 4975
f 4261 4267 4975
f 4975 4267 4266
f 5367 3793 3912
f 3912 3793 3575
f 6494 3616 6493
f 6493 3616 3795
f 6496 3589 6495
f 6495 3589 3588
f 6495 3588 5368
f 5368 3588 3794
f 3841 3840 3050
f 3050 3840 3051
f 3912 3911 3052
f 3052 3911 3053
f 3929 3930 3054
f 3054 3930 3055
f 5370 3930 3916
f 3916 3930 3923
f 3938 5369 3807
f 3807 5369 3915
f 3589 6496 3806
f 3806 6496 3937
f 3938 3937 3056
f 3056 3937 3057
f 3051 3840 3058
f 3058 3840 3943
f 3730 4808 3727
f 3727 4808 3943
f 3820 3951 3795
f 3795 3951 6493
f 3951 3841 3059
f 3059 3841 3050
f 3911 3574 6494
f 6494 3574 3616
f 3823 3929 3824
f 3824 3929 3952
f 4061 4060 3060
f 3060 4060 3061
f 6497 6498 4901
f 4901 6498 4790
f 6333 6499 4738
f 4738 6499 4739
f 6500 6501 6314
f 6314 6501 4418
f 6502 6275 4417
f 4417 6275 4185
f 6503 6497 4783
f 4783 6497 4901
f 6498 4060 4790
f 4790 4060 4059
f 4808 4061 3069
f 3069 4061 3060
f 5367 3071 5368
f 5368 3071 3070
f 5369 3073 5370
f 5370 3073 3072
f 6274 6275 3074
f 3074 6275 3075
f 6499 6504 4739
f 4739 6504 6317
f 6333 6332 3077
f 3077 6332 3078
f 6334 6274 3079
f 3079 6274 3074
f 6332 4825 3078
f 3078 4825 3080
f 6334 6503 4188
f 4188 6503 4783
f 4825 4689 3080
f 3080 4689 1330
f 6506 4747 6505
f 6505 4747 4746
f 6505 6507 6506
f 6506 6507 6508
f 4297 6509 4920
f 4920 6509 6510
f 4296 6511 4297
f 4297 6511 6509
f 6506 6508 4319
f 4319 6508 6512
f 4372 4371 6514
f 6514 4371 6513
f 6511 4296 5251
f 5251 4296 4305
f 5251 5250 6511
f 6511 5250 6515
f 6516 6509 6515
f 6515 6509 6511
f 6517 6507 6519
f 6519 6507 6518
f 6512 6520 6513
f 6513 6520 6514
f 6507 6517 6508
f 6508 6517 6521
f 5249 6523 6522
f 6522 6523 6524
f 6525 6370 5253
f 5253 6370 6526
f 4370 4323 4371
f 4371 4323 4326
f 4370 3103 4323
f 4323 3103 1541
f 6521 6517 6527
f 6527 6517 6519
f 6520 6528 6514
f 6514 6528 6529
f 6531 6532 6530
f 6530 6532 6533
f 5250 6534 6515
f 6515 6534 6535
f 6530 6533 6536
f 6536 6533 6537
f 6526 6538 6534
f 6534 6538 6537
f 6515 6535 6516
f 6516 6535 6539
f 4325 4321 4326
f 4326 4321 4320
f 4371 4326 6513
f 6513 4326 4320
f 6531 4731 6541
f 6541 4731 6540
f 4731 4730 6540
f 6540 4730 6542
f 4730 3121 6542
f 6542 3121 3120
f 6530 4328 6531
f 6531 4328 4731
f 4328 6530 4329
f 4329 6530 6536
f 4329 6536 6524
f 6524 6536 6543
f 6544 6545 6522
f 6522 6545 5248
f 6389 6388 5245
f 5245 6388 6373
f 6388 6546 6373
f 6373 6546 6475
f 4733 6546 6295
f 6295 6546 4377
f 4732 6475 4733
f 4733 6475 6546
f 4393 4432 4394
f 4394 4432 4435
f 4434 4672 4842
f 4842 4672 4671
f 4440 4439 4441
f 4441 4439 4438
f 4436 4450 4437
f 4437 4450 4398
f 4447 4444 4448
f 4448 4444 4392
f 4446 4464 4433
f 4433 4464 6547
f 4454 4423 4455
f 4455 4423 4422
f 4452 4481 4453
f 4453 4481 4480
f 4458 4389 4459
f 4459 4389 4388
f 4456 4471 4457
f 4457 4471 4468
f 4391 4460 4392
f 4392 4460 4448
f 4461 4467 4445
f 4445 4467 4465
f 4437 4398 4629
f 4629 4398 4397
f 4438 4628 4441
f 4441 4628 4631
f 4841 4629 4839
f 4839 4629 4397
f 4628 4842 4631
f 4631 4842 4671
f 4930 4989 4452
f 4452 4989 4481
f 4929 4927 4436
f 4436 4927 4450
f 4933 4387 4934
f 4934 4387 4386
f 4931 4475 4932
f 4932 4475 4474
f 4936 4449 4933
f 4933 4449 4387
f 4935 4472 4456
f 4456 4472 4471
f 4389 4458 4391
f 4391 4458 4460
f 4457 4468 4461
f 4461 4468 4467
f 4934 4386 4454
f 4454 4386 4423
f 4453 4480 4931
f 4931 4480 4475
f 4575 4997 4576
f 4576 4997 4639
f 4579 4596 4580
f 4580 4596 4595
f 4583 4582 4572
f 4572 4582 4569
f 4587 4944 4588
f 4588 4944 4562
f 4588 4562 4590
f 4590 4562 4561
f 4576 4639 4642
f 4642 4639 4638
f 4642 4845 4641
f 4641 4845 4846
f 4845 4590 4846
f 4846 4590 4561
f 4941 4938 4595
f 4595 4938 4580
f 4938 4940 4668
f 4668 4940 4669
f 4583 4942 4584
f 4584 4942 4947
f 4582 4587 4569
f 4569 4587 4586
f 5000 5001 4579
f 4579 5001 4596
f 4558 4560 4585
f 4585 4560 4586
f 4565 4639 4566
f 4566 4639 4997
f 4568 4567 4577
f 4577 4567 4578
f 4570 4554 4571
f 4571 4554 4556
f 4640 4565 4637
f 4637 4565 4546
f 4662 4664 4665
f 4665 4664 4844
f 4662 4558 4589
f 4589 4558 4585
f 4554 4570 4557
f 4557 4570 4560
f 4571 4667 4572
f 4572 4667 4943
f 4551 4670 4552
f 4552 4670 4666
f 4640 4664 4638
f 4638 4664 4663
f 4670 4568 4668
f 4668 4568 4577
f 4999 4996 4566
f 4566 4996 4543
f 4608 4564 4603
f 4603 4564 4563
f 4573 4593 4574
f 4574 4593 4592
f 4597 4614 4598
f 4598 4614 4613
f 4601 4600 4584
f 4584 4600 4581
f 4563 4562 4604
f 4604 4562 4944
f 4643 4593 4641
f 4641 4593 4573
f 4643 4847 4644
f 4644 4847 4848
f 4564 4847 4561
f 4561 4847 4846
f 4945 4941 4598
f 4598 4941 4595
f 4941 4945 4939
f 4939 4945 4946
f 4601 4948 4602
f 4602 4948 4620
f 4600 4604 4581
f 4581 4604 4944
f 5002 5003 4597
f 4597 5003 4614
f 4988 4759 4953
f 4953 4759 4402
f 4706 6548 4707
f 4707 6548 6549
f 4311 4928 4419
f 4419 4928 6550
f 4921 4920 6551
f 6551 4920 6552
f 4925 6553 4926
f 4926 6553 6554
f 4928 4921 4802
f 4802 4921 6551
f 6555 4985 6550
f 6550 4985 4419
f 4952 6556 4953
f 4953 6556 4649
f 4971 6557 4706
f 4706 6557 6548
f 4988 4648 4925
f 4925 4648 6553
f 4707 6549 5006
f 5006 6549 4987
f 4920 6510 6552
f 6552 6510 6518
f 6558 6510 6516
f 6516 6510 6509
f 6559 6558 6539
f 6539 6558 6516
f 6531 6541 6532
f 6532 6541 6560
f 6540 6561 6541
f 6541 6561 6529
f 6542 6562 6540
f 6540 6562 6561
f 6542 3120 6562
f 6562 3120 3142
f 4366 6563 4760
f 4760 6563 4970
f 4815 6564 4816
f 4816 6564 6565
f 3147 3146 6565
f 6565 3146 4816
f 6564 6563 6565
f 6565 6563 6566
f 4837 4385 4357
f 4357 4385 4358
f 6565 6566 3147
f 3147 6566 3149
f 4694 1209 3150
f 5247 5249 5248
f 5248 5249 6522
f 6372 6390 6545
f 6545 6390 6389
f 6375 5254 6376
f 6376 5254 5258
f 6377 6525 6378
f 6378 6525 5255
f 5260 6379 5258
f 5258 6379 6376
f 6380 6567 6381
f 6381 6567 6568
f 6382 6569 6383
f 6383 6569 6570
f 6377 6371 6525
f 6525 6371 6370
f 6379 5260 6384
f 6384 5260 6571
f 6385 6572 6382
f 6382 6572 6569
f 6378 5255 6375
f 6375 5255 5254
f 6386 6573 6387
f 6387 6573 6574
f 6545 6389 5248
f 5248 6389 5245
f 4675 4750 4676
f 4676 4750 6286
f 4734 6289 4735
f 4735 6289 6288
f 4804 6290 4805
f 4805 6290 4963
f 4811 4807 4812
f 4812 4807 4411
f 4954 6292 4955
f 4955 6292 4959
f 4964 4962 4965
f 4965 4962 4751
f 6285 4821 4812
f 4812 4821 4809
f 4675 4287 4965
f 4965 4287 4210
f 6294 4145 4955
f 4955 4145 4154
f 4964 4120 4805
f 4805 4120 4119
f 6298 4966 4734
f 4734 4966 6289
f 6300 6473 4735
f 4735 6473 4732
f 6297 6296 4676
f 4676 6296 4288
f 6523 3160 4330
f 4330 3160 3159
f 5253 5252 6525
f 6525 5252 5255
f 5256 5252 4305
f 4305 5252 5251
f 4304 5257 4305
f 4305 5257 5256
f 4424 5259 4304
f 4304 5259 5257
f 5261 6571 5259
f 5259 6571 5260
f 5262 6573 5261
f 5261 6573 6571
f 5264 6567 5265
f 5265 6567 6574
f 5266 6572 5267
f 5267 6572 6568
f 5268 6570 5269
f 5269 6570 6569
f 1807 3161 5268
f 5268 3161 6570
f 6524 6523 4329
f 4329 6523 4330
f 5253 6526 5250
f 5250 6526 6534
f 6543 6538 6544
f 6544 6538 6369
f 6524 6543 6522
f 6522 6543 6544
f 3071 5367 3052
f 3052 5367 3912
f 6493 3163 6494
f 6494 3163 3162
f 3164 445 3771
f 3771 445 3761
f 461 3165 3919
f 3919 3165 3920
f 330 410 3839
f 3839 410 3910
f 332 331 3552
f 3552 331 3551
f 464 304 3918
f 3918 304 3816
f 385 458 3766
f 3766 458 3894
f 412 415 3762
f 3762 415 3763
f 3166 337 3748
f 3748 337 3745
f 3072 3055 5370
f 5370 3055 3930
f 3073 5369 3056
f 3056 5369 3938
f 3167 3057 6496
f 6496 3057 3937
f 3069 3058 4808
f 4808 3058 3943
f 411 3166 3851
f 3851 3166 3748
f 3059 3163 3951
f 3951 3163 6493
f 336 3164 3772
f 3772 3164 3771
f 3053 3911 3162
f 3162 3911 6494
f 3054 3168 3929
f 3929 3168 3952
f 3165 830 3920
f 3920 830 3945
f 3170 3169 6497
f 6497 3169 6498
f 3171 1354 5005
f 5005 1354 4830
f 3172 3170 6503
f 6503 3170 6497
f 3169 3061 6498
f 6498 3061 4060
f 3173 3171 5006
f 5006 3171 5005
f 3079 3172 6334
f 6334 3172 6503
f 3174 3025 6299
f 6299 3025 6300
f 6576 6577 6575
f 6575 6577 6578
f 4612 4611 6579
f 6579 4611 6580
f 6582 6583 6581
f 6581 6583 6584
f 6584 6585 4618
f 4618 6585 4621
f 6586 6587 6589
f 6589 6587 6588
f 6588 6587 6590
f 6590 6587 6591
f 6592 4606 6590
f 6590 4606 4623
f 6594 6576 6593
f 6593 6576 6575
f 6595 6582 6579
f 6579 6582 6581
f 6580 6597 6596
f 6596 6597 6598
f 6577 6576 6599
f 6599 6576 6600
f 6595 6596 6601
f 6601 6596 6602
f 6583 6582 6603
f 6603 6582 6604
f 6586 6606 6605
f 6605 6606 6607
f 6587 6586 6608
f 6608 6586 6605
f 6587 6608 6591
f 6591 6608 6609
f 6576 6594 6600
f 6600 6594 6610
f 6582 6595 6604
f 6604 6595 6601
f 6599 6611 6577
f 6577 6611 6598
f 6613 6614 6612
f 6612 6614 6615
f 6617 6618 6616
f 6616 6618 6619
f 6621 6622 6620
f 6620 6622 6623
f 6625 6626 6624
f 6624 6626 6627
f 6629 6630 6628
f 6628 6630 6631
f 6633 6634 6632
f 6632 6634 6635
f 6637 6638 6636
f 6636 6638 6639
f 6640 6641 6637
f 6637 6641 6638
f 6643 6633 6642
f 6642 6633 6632
f 6645 6646 6644
f 6644 6646 6647
f 6646 6648 6647
f 6647 6648 6649
f 6651 6652 6650
f 6650 6652 6653
f 6653 6652 6654
f 6654 6652 6655
f 6656 6657 6659
f 6659 6657 6658
f 6661 6662 6660
f 6660 6662 6663
f 6662 6661 6664
f 6664 6661 6665
f 6667 6657 6666
f 6666 6657 6656
f 6669 6670 6668
f 6668 6670 6671
f 6672 6673 6670
f 6670 6673 6671
f 6674 6675 6677
f 6677 6675 6676
f 6675 6678 6676
f 6676 6678 6679
f 6681 6682 6680
f 6680 6682 6683
f 6684 6685 6683
f 6683 6685 6680
f 6687 6688 6686
f 6686 6688 6689
f 6687 6690 6688
f 6688 6690 6691
f 6619 6618 6633
f 6633 6618 6634
f 6632 6635 6693
f 6693 6635 6692
f 6617 6694 6636
f 6636 6694 6637
f 6695 6692 6639
f 6639 6692 6635
f 6637 6694 6640
f 6640 6694 6696
f 6698 6638 6697
f 6697 6638 6641
f 6643 6616 6633
f 6633 6616 6619
f 6642 6699 6641
f 6641 6699 6697
f 6646 6645 6700
f 6700 6645 6621
f 6644 6701 6654
f 6654 6701 6702
f 6700 6703 6646
f 6646 6703 6648
f 6693 6704 6649
f 6649 6704 6647
f 6620 6623 6651
f 6651 6623 6652
f 6693 6649 6699
f 6699 6649 6650
f 6652 6623 6655
f 6655 6623 6622
f 6654 6702 6653
f 6653 6702 6697
f 6615 6614 6657
f 6657 6614 6658
f 6705 6656 6704
f 6704 6656 6659
f 6613 6706 6660
f 6660 6706 6661
f 6704 6659 6701
f 6701 6659 6663
f 6661 6706 6665
f 6665 6706 6707
f 6708 6702 6664
f 6664 6702 6662
f 6612 6615 6667
f 6667 6615 6657
f 6666 6709 6664
f 6664 6709 6708
f 6629 6710 6669
f 6669 6710 6670
f 6668 6711 6679
f 6679 6711 6712
f 6713 6672 6710
f 6710 6672 6670
f 6714 6671 6705
f 6705 6671 6673
f 6628 6631 6674
f 6674 6631 6675
f 6705 6673 6709
f 6709 6673 6677
f 6631 6630 6675
f 6675 6630 6678
f 6712 6708 6679
f 6679 6708 6676
f 6625 6715 6682
f 6682 6715 6683
f 6716 6717 6681
f 6681 6717 6691
f 6718 6684 6715
f 6715 6684 6683
f 6719 6680 6714
f 6714 6680 6685
f 6624 6627 6686
f 6686 6627 6687
f 6689 6711 6685
f 6685 6711 6714
f 6627 6626 6687
f 6687 6626 6690
f 6717 6712 6691
f 6691 6712 6688
f 6612 6707 6613
f 6613 6707 6706
f 6616 6696 6617
f 6617 6696 6694
f 6703 6700 6620
f 6620 6700 6621
f 6715 6625 6718
f 6718 6625 6624
f 6710 6629 6713
f 6713 6629 6628
f 6639 6635 6636
f 6636 6635 6634
f 6641 6640 6642
f 6642 6640 6643
f 6654 6655 6644
f 6644 6655 6645
f 6651 6650 6648
f 6648 6650 6649
f 6659 6658 6663
f 6663 6658 6660
f 6665 6667 6664
f 6664 6667 6666
f 6678 6669 6679
f 6679 6669 6668
f 6673 6672 6677
f 6677 6672 6674
f 6690 6682 6691
f 6691 6682 6681
f 6685 6684 6689
f 6689 6684 6686
f 6636 6634 6617
f 6617 6634 6618
f 6638 6698 6639
f 6639 6698 6695
f 6640 6696 6643
f 6643 6696 6616
f 6693 6699 6632
f 6632 6699 6642
f 6655 6622 6645
f 6645 6622 6621
f 6704 6701 6647
f 6647 6701 6644
f 6651 6648 6620
f 6620 6648 6703
f 6650 6653 6699
f 6699 6653 6697
f 6613 6660 6614
f 6614 6660 6658
f 6663 6662 6701
f 6701 6662 6702
f 6665 6707 6667
f 6667 6707 6612
f 6705 6709 6656
f 6656 6709 6666
f 6630 6629 6678
f 6678 6629 6669
f 6714 6711 6671
f 6671 6711 6668
f 6672 6713 6674
f 6674 6713 6628
f 6677 6676 6709
f 6709 6676 6708
f 6626 6625 6690
f 6690 6625 6682
f 6680 6719 6681
f 6681 6719 6716
f 6684 6718 6686
f 6686 6718 6624
f 6711 6689 6712
f 6689 6688 6712
f 6593 6720 6594
f 6594 6720 6721
f 6722 6720 4607
f 4607 6720 4849
f 6592 6723 6722
f 6722 6723 6724
f 4610 4609 6578
f 6578 4609 6575
f 6596 6595 6580
f 6580 6595 6579
f 4618 4617 6584
f 6584 4617 6581
f 6589 6585 6586
f 6586 6585 6606
f 4622 4619 6588
f 6588 4619 6589
f 4622 6588 4623
f 4623 6588 6590
f 4609 4645 6575
f 6575 4645 6593
f 4617 4612 6581
f 6581 4612 6579
f 5004 4610 6597
f 6597 4610 6578
f 4645 4849 6593
f 6593 4849 6720
f 6724 6721 6722
f 6722 6721 6720
f 6722 4607 6592
f 6592 4607 4606
f 6725 6610 6721
f 6721 6610 6594
f 6723 6726 6724
f 6724 6726 6727
f 6727 6725 6724
f 6724 6725 6721
f 6728 6729 6605
f 6605 6729 6608
f 6605 6607 6728
f 6728 6607 6730
f 6731 6732 6604
f 6604 6732 6603
f 6733 6734 6725
f 6725 6734 6610
f 6735 6733 6727
f 6727 6733 6725
f 6735 6727 6736
f 6736 6727 6726
f 6591 6609 6723
f 6723 6609 6726
f 6723 6592 6591
f 6591 6592 6590
f 6738 6739 6737
f 6737 6739 6740
f 6740 6739 6742
f 6742 6739 6741
f 6743 6744 6741
f 6741 6744 6742
f 6745 6746 6743
f 6743 6746 6744
f 6747 6748 6745
f 6745 6748 6746
f 6749 6750 6747
f 6747 6750 6748
f 6752 6738 6751
f 6751 6738 6737
f 6754 6752 6753
f 6753 6752 6751
f 6756 6754 6755
f 6755 6754 6753
f 6758 6750 6757
f 6757 6750 6749
f 6760 6756 6759
f 6759 6756 6755
f 6762 6760 6761
f 6761 6760 6759
f 6764 6762 6763
f 6763 6762 6761
f 6757 6764 6758
f 6758 6764 6763
f 6766 6741 6765
f 6765 6741 6739
f 6767 6743 6766
f 6766 6743 6741
f 6768 6745 6767
f 6767 6745 6743
f 6769 6747 6768
f 6768 6747 6745
f 6770 6749 6769
f 6769 6749 6747
f 6772 6769 6771
f 6771 6769 6768
f 6773 6770 6772
f 6772 6770 6769
f 6774 6775 6772
f 6772 6775 6773
f 6777 6778 6776
f 6776 6778 6779
f 6775 6774 6778
f 6778 6774 6779
f 6771 6780 6772
f 6772 6780 6774
f 6780 6781 6774
f 6774 6781 6779
f 6781 6782 6779
f 6779 6782 6776
f 6784 6785 6783
f 6783 6785 6786
f 6786 6787 6783
f 6783 6787 6788
f 6790 6788 6789
f 6789 6788 6787
f 6786 6785 6791
f 6791 6785 6792
f 6791 6793 6786
f 6786 6793 6787
f 6793 6794 6787
f 6787 6794 6789
f 6795 6796 6794
f 6794 6796 6789
f 6790 6789 6797
f 6797 6789 6796
f 6798 6765 6738
f 6738 6765 6739
f 6799 6798 6752
f 6752 6798 6738
f 6767 6800 6768
f 6768 6800 6771
f 6766 6801 6767
f 6767 6801 6800
f 6802 6801 6765
f 6765 6801 6766
f 6798 6803 6765
f 6765 6803 6802
f 6804 6803 6799
f 6799 6803 6798
f 6805 6806 6804
f 6804 6806 6803
f 6807 6799 6754
f 6754 6799 6752
f 6808 6804 6807
f 6807 6804 6799
f 6809 6805 6808
f 6808 6805 6804
f 6810 6811 6805
f 6805 6811 6806
f 6812 6813 6810
f 6810 6813 6811
f 6814 6815 6796
f 6796 6815 6797
f 6813 6814 6816
f 6816 6814 6817
f 6816 6818 6813
f 6813 6818 6811
f 6819 6806 6818
f 6818 6806 6811
f 6802 6803 6819
f 6819 6803 6806
f 6757 6749 6820
f 6820 6749 6770
f 6820 6770 6821
f 6821 6770 6773
f 6821 6773 6822
f 6822 6773 6775
f 6822 6775 6823
f 6823 6775 6778
f 6824 6823 6777
f 6777 6823 6778
f 6784 6825 6777
f 6777 6825 6824
f 6826 6827 6788
f 6788 6827 6783
f 6828 6826 6790
f 6790 6826 6788
f 6829 6828 6797
f 6797 6828 6790
f 6815 6830 6797
f 6797 6830 6829
f 6832 6812 6831
f 6831 6812 6810
f 6831 6810 6809
f 6809 6810 6805
f 6736 6800 6735
f 6735 6800 6801
f 6733 6735 6802
f 6802 6735 6801
f 6734 6733 6819
f 6819 6733 6802
f 6833 6734 6818
f 6818 6734 6819
f 6834 6833 6816
f 6816 6833 6818
f 6816 6817 6834
f 6834 6817 6835
f 6837 6795 6836
f 6836 6795 6794
f 6836 6794 6731
f 6731 6794 6793
f 6732 6731 6791
f 6791 6731 6793
f 6791 6792 6732
f 6732 6792 6730
f 6729 6728 6781
f 6781 6728 6782
f 6838 6807 6756
f 6756 6807 6754
f 6839 6838 6760
f 6760 6838 6756
f 6840 6839 6762
f 6762 6839 6760
f 6841 6840 6764
f 6764 6840 6762
f 6820 6841 6757
f 6757 6841 6764
f 6841 6820 6842
f 6842 6820 6821
f 6840 6841 6843
f 6843 6841 6842
f 6839 6840 6844
f 6844 6840 6843
f 6838 6839 6845
f 6845 6839 6844
f 6807 6838 6808
f 6808 6838 6845
f 6842 6821 6846
f 6846 6821 6822
f 6843 6842 6847
f 6847 6842 6846
f 6844 6843 6848
f 6848 6843 6847
f 6845 6844 6849
f 6849 6844 6848
f 6808 6845 6809
f 6809 6845 6849
f 6850 6831 6849
f 6849 6831 6809
f 6851 6850 6848
f 6848 6850 6849
f 6847 6852 6848
f 6848 6852 6851
f 6853 6852 6846
f 6846 6852 6847
f 6846 6822 6853
f 6853 6822 6823
f 6853 6823 6854
f 6854 6823 6824
f 6854 6855 6853
f 6853 6855 6852
f 6856 6851 6855
f 6855 6851 6852
f 6856 6857 6851
f 6851 6857 6850
f 6857 6832 6850
f 6850 6832 6831
f 6825 6858 6824
f 6824 6858 6854
f 6860 6827 6859
f 6859 6827 6826
f 6859 6826 6861
f 6861 6826 6828
f 6862 6861 6829
f 6829 6861 6828
f 6830 6863 6829
f 6829 6863 6862
f 6863 6864 6862
f 6862 6864 6865
f 6858 6866 6854
f 6854 6866 6855
f 6867 6865 6866
f 6866 6865 6864
f 6869 6859 6868
f 6868 6859 6861
f 6867 6869 6865
f 6865 6869 6868
f 6861 6862 6868
f 6868 6862 6865
f 6867 6860 6869
f 6869 6860 6859
f 6753 6751 6698
f 6698 6751 6695
f 6697 6755 6698
f 6698 6755 6753
f 6759 6755 6702
f 6702 6755 6697
f 6761 6759 6708
f 6708 6759 6702
f 6763 6761 6712
f 6712 6761 6708
f 6758 6763 6717
f 6717 6763 6712
f 6750 6758 6716
f 6716 6758 6717
f 6719 6748 6716
f 6716 6748 6750
f 6714 6746 6719
f 6719 6746 6748
f 6705 6744 6714
f 6714 6744 6746
f 6704 6742 6705
f 6705 6742 6744
f 6740 6742 6693
f 6693 6742 6704
f 6737 6740 6692
f 6692 6740 6693
f 6751 6737 6695
f 6695 6737 6692
f 6601 6602 6836
f 6836 6602 6837
f 6604 6601 6731
f 6731 6601 6836
f 6599 6600 6834
f 6834 6600 6833
f 6834 6835 6599
f 6599 6835 6611
f 6600 6610 6833
f 6833 6610 6734
f 6780 6771 6870
f 6870 6771 6736
f 6736 6771 6800
f 6870 6729 6780
f 6780 6729 6781
f 6608 6729 6609
f 6609 6729 6870
f 6609 6870 6726
f 6726 6870 6736
f 5014 5015 5229
f 5229 5015 5230
f 4258 5015 4259
f 4259 5015 4878
f 3471 3013 4703
f 4703 3013 4704
f 2879 6337 1306
f 1306 6337 4785
f 829 3471 4316
f 4316 3471 4703
f 4702 3472 5223
f 5223 3472 1756
f 6871 6872 4534
f 4534 6872 4535
f 6871 4665 6872
f 6872 4665 4844
f 6871 6873 4665
f 4665 6873 4559
f 6871 4534 6873
f 6873 4534 4542
f 4153 4152 4822
f 4822 4152 4407
f 4152 4168 4407
f 4407 4168 4342
f 4343 4168 4923
f 4923 4168 4167
f 4363 4362 4972
f 4972 4362 4840
f 4362 4394 4840
f 4840 4394 4839
f 4401 4400 4986
f 4986 4400 4984
f 4435 4434 4841
f 4841 4434 4842
f 4506 4505 4530
f 4530 4505 4531
f 4506 4535 4507
f 4507 4535 4843
f 4661 4660 4516
f 4516 4660 4517
f 4673 4672 4937
f 4937 4672 6547
f 4400 4924 4984
f 4984 4924 5263
f 4673 4660 4674
f 4674 4660 4659
f 4505 4661 4531
f 4531 4661 4516
f 4952 4401 6874
f 6874 4401 4986
f 4954 4153 6875
f 6875 4153 4822
f 4363 4973 4364
f 4364 4973 4974
f 5264 4924 5267
f 5267 4924 4691
f 6293 6292 6876
f 6876 6292 6877
f 6380 4343 6387
f 6387 4343 4923
f 4394 4435 4839
f 4839 4435 4841
f 4672 4434 6547
f 6547 4434 4433
f 4973 6556 4974
f 4974 6556 6878
f 6567 6380 6574
f 6574 6380 6387
f 6292 4954 6877
f 6877 4954 6875
f 6567 5264 6568
f 6568 5264 5267
f 4145 4144 4154
f 4154 4144 4151
f 4194 4144 4425
f 4425 4144 4143
f 4355 4354 5263
f 5263 4354 4984
f 4360 4359 4364
f 4364 4359 4361
f 4444 4359 4392
f 4392 4359 4337
f 4447 4446 4432
f 4432 4446 4433
f 4464 4463 6547
f 6547 4463 4937
f 4519 4518 4654
f 4654 4518 4509
f 4533 4532 4499
f 4499 4532 4498
f 4533 4542 4530
f 4530 4542 4534
f 4519 4532 4516
f 4516 4532 4531
f 4922 4194 4426
f 4426 4194 4425
f 4463 4518 4937
f 4937 4518 4517
f 6555 4951 6874
f 6874 4951 6878
f 4958 4957 6290
f 6290 4957 6291
f 4334 4360 4712
f 4712 4360 4950
f 4985 4354 4419
f 4419 4354 4353
f 5262 4355 5265
f 5265 4355 5263
f 6294 4958 4804
f 4804 4958 6290
f 6386 4922 6384
f 6384 4922 4426
f 4444 4447 4393
f 4393 4447 4432
f 4464 4446 4465
f 4465 4446 4445
f 4985 6555 4986
f 4986 6555 6874
f 6573 6386 6571
f 6571 6386 6384
f 4145 6294 4146
f 4146 6294 4804
f 6573 5262 6574
f 6574 5262 5265
f 4542 4541 6873
f 6873 4541 4559
f 4535 6872 4843
f 4843 6872 4844
f 4104 4103 6879
f 6879 4103 6343
f 4105 6293 6307
f 6307 6293 6876
f 4104 4956 4105
f 4105 4956 6293
f 4956 4104 4957
f 4957 4104 6879
f 4957 6879 6291
f 6291 6879 6309
f 4648 4988 4649
f 4649 4988 4953
f 4802 4803 4928
f 4928 4803 6550
f 6550 4803 6555
f 6555 4803 4951
f 1516 3173 4987
f 4987 3173 5006
f 6519 6518 6558
f 6558 6518 6510
f 6527 6519 6559
f 6559 6519 6558
f 6528 6560 6529
f 6529 6560 6541
f 6548 4625 6549
f 6549 4625 4624
f 6551 6552 4746
f 4746 6552 6505
f 6553 4711 6554
f 6554 4711 4710
f 4802 6551 4713
f 4713 6551 4746
f 6556 4973 4649
f 4649 4973 4646
f 6557 4949 6548
f 6548 4949 4625
f 4648 4647 6553
f 6553 4647 4711
f 6549 4624 4987
f 4987 4624 4838
f 6552 6518 6505
f 6505 6518 6507
f 6561 4372 6529
f 6529 4372 6514
f 6562 4369 6561
f 6561 4369 4372
f 3142 3482 6562
f 6562 3482 4369
f 6556 4952 6878
f 6878 4952 6874
f 4951 4950 6878
f 6878 4950 4974
f 3168 440 3952
f 4204 4203 5341
f 5341 4203 6364
f 4219 4222 6429
f 6429 4222 4383
f 4319 4322 6506
f 6506 4322 4747
f 4340 4714 4341
f 4341 4714 4384
f 4375 4377 6388
f 6388 4377 6546
f 4378 4381 6311
f 6311 4381 4720
f 4449 4341 4387
f 4387 4341 4384
f 4473 4472 4477
f 4477 4472 4474
f 4492 4491 4487
f 4487 4491 4488
f 4523 4491 4522
f 4522 4491 4490
f 4492 4538 4493
f 4493 4538 4555
f 4538 4553 4555
f 4555 4553 4556
f 4620 4615 4621
f 4621 4615 4618
f 4652 4651 4368
f 4368 4651 4365
f 4523 4655 4524
f 4524 4655 4656
f 4553 4667 4556
f 4556 4667 4571
f 4651 1210 4365
f 4365 1210 1209
f 4698 4697 5223
f 5223 4697 6344
f 4340 4339 4322
f 4322 4339 4747
f 4726 4729 5287
f 5287 4729 4198
f 4381 4380 4737
f 4737 4380 6368
f 4836 4835 4451
f 4451 4835 4709
f 4910 6367 4911
f 4911 6367 6366
f 4912 4915 6450
f 6450 4915 6449
f 4927 4836 4450
f 4450 4836 4451
f 4930 4929 4439
f 4439 4929 4436
f 4936 4935 4459
f 4459 4935 4456
f 4473 4655 4470
f 4470 4655 4510
f 4942 4583 4943
f 4943 4583 4572
f 4948 4601 4947
f 4947 4601 4584
f 4949 4835 4625
f 4625 4835 4626
f 4966 4969 6289
f 6289 4969 4695
f 4971 4652 4926
f 4926 4652 4368
f 4203 4977 6364
f 6364 4977 6365
f 4990 4989 4443
f 4443 4989 4440
f 4990 4991 4478
f 4478 4991 4512
f 4992 4991 4528
f 4528 4991 4515
f 4992 4993 4527
f 4527 4993 4485
f 4994 4993 4502
f 4502 4993 4503
f 4994 4995 4482
f 4482 4995 4550
f 4543 4996 4544
f 4544 4996 4995
f 4999 4998 4567
f 4567 4998 4578
f 5000 4998 4575
f 4575 4998 4997
f 5002 5001 4592
f 4592 5001 4574
f 5003 5004 4614
f 4614 5004 4611
f 3483 4215 1755
f 1755 4215 4698
f 5274 5277 4195
f 4195 5277 4223
f 4726 5295 4727
f 4727 5295 6350
f 5309 5342 5310
f 5310 5342 6363
f 5315 5314 5316
f 5316 5314 5317
f 5339 6362 5340
f 5340 6362 5363
f 5310 6363 5339
f 5339 6363 6362
f 4204 5309 4201
f 4201 5309 5308
f 4915 5345 6449
f 6449 5345 6448
f 5345 5315 6448
f 6448 5315 5316
f 5348 5347 6351
f 6351 5347 6352
f 5365 4263 5340
f 5340 4263 4262
f 6295 6298 4733
f 4733 6298 4734
f 4969 6306 4695
f 4695 6306 4696
f 6306 4378 4696
f 4696 4378 6311
f 6369 6372 6544
f 6544 6372 6545
f 4375 6390 4373
f 4373 6390 4374
f 6421 6422 4911
f 4911 6422 4908
f 4910 4909 4737
f 4737 4909 4736
f 5277 4219 4223
f 4223 4219 6429
f 4697 4222 6344
f 6344 4222 4221
f 6436 6361 6437
f 6437 6361 6360
f 6438 6440 6437
f 6437 6440 6434
f 6438 6359 6441
f 6441 6359 6358
f 6442 6441 6357
f 6357 6441 6358
f 6442 6444 6443
f 6443 6444 6445
f 6446 6444 6355
f 6355 6444 6356
f 6446 4912 6447
f 6447 4912 6450
f 6436 6435 5365
f 5365 6435 4263
f 5314 5347 5317
f 5317 5347 5346
f 4319 6512 4320
f 4320 6512 6513
f 6520 6512 6521
f 6521 6512 6508
f 6528 6520 6527
f 6527 6520 6521
f 6532 6539 6533
f 6533 6539 6535
f 6533 6535 6537
f 6537 6535 6534
f 6538 6543 6537
f 6537 6543 6536
f 6295 4377 6296
f 6296 4377 4376
f 4989 4930 4440
f 4440 4930 4439
f 4927 4929 4422
f 4422 4929 4455
f 4449 4936 4388
f 4388 4936 4459
f 4472 4935 4474
f 4474 4935 4932
f 4942 4940 4947
f 4947 4940 4939
f 5001 5000 4574
f 4574 5000 4575
f 4669 4943 4666
f 4666 4943 4667
f 4996 4999 4547
f 4547 4999 4567
f 4948 4946 4620
f 4620 4946 4615
f 5003 5002 4591
f 4591 5002 4592
f 6557 4971 6554
f 6554 4971 4926
f 6532 6560 6539
f 6539 6560 6559
f 6390 6372 4374
f 4374 6372 6371
f 4966 6298 4967
f 4967 6298 6297
f 6538 6526 6369
f 6369 6526 6370
f 6585 6589 4621
f 4621 6589 4619
f 6597 6578 6598
f 6598 6578 6577
f 6606 6583 6607
f 6607 6583 6603
f 6611 6602 6598
f 6598 6602 6596
f 6585 6584 6606
f 6606 6584 6583
f 6597 6580 5004
f 5004 6580 4611
f 6607 6603 6730
f 6730 6603 6732
f 6776 6785 6777
f 6777 6785 6784
f 6785 6776 6792
f 6792 6776 6782
f 6815 6814 6812
f 6812 6814 6813
f 6817 6814 6795
f 6795 6814 6796
f 6825 6784 6827
f 6827 6784 6783
f 6830 6815 6832
f 6832 6815 6812
f 6817 6795 6835
f 6835 6795 6837
f 6792 6782 6730
f 6730 6782 6728
f 6858 6825 6860
f 6860 6825 6827
f 6863 6830 6857
f 6857 6830 6832
f 6864 6863 6856
f 6856 6863 6857
f 6866 6858 6867
f 6867 6858 6860
f 6866 6864 6855
f 6855 6864 6856
f 6835 6837 6611
f 6611 6837 6602
f 6560 6528 6559
f 6559 6528 6527
f 4949 6557 4710
f 4710 6557 6554
f 4430 4090 4175
f 4175 4090 4089
f 4777 4113 4155
f 4155 4113 4086
f 4175 4089 4176
f 4176 4089 4142
f 4199 4271 4200
f 4200 4271 4798
f 4199 4095 4272
f 4272 4095 5273
f 4406 4405 4404
f 4404 4405 4346
f 4410 4409 6877
f 6877 4409 6876
f 4409 4413 6876
f 6876 4413 6307
f 4415 4148 4416
f 4416 4148 4147
f 4690 4405 4344
f 4344 4405 4342
f 4693 4692 4352
f 4352 4692 4349
f 4701 4700 6337
f 6337 4700 6338
f 4778 4777 4081
f 4081 4777 4155
f 4821 4406 4809
f 4809 4406 4404
f 4176 4142 4181
f 4181 4142 4415
f 4760 4970 4399
f 4399 4970 4692
f 4200 5007 4096
f 4096 5007 4078
f 5266 4693 5269
f 5269 4693 4352
f 5270 5007 5361
f 5361 5007 4797
f 4778 5270 4779
f 4779 5270 5361
f 6285 4410 6875
f 6875 4410 6877
f 6308 4413 4687
f 4687 4413 4412
f 6480 6320 6481
f 6481 6320 6880
f 4701 2878 4702
f 4702 2878 3472
f 6339 6347 6340
f 6340 6347 6348
f 6341 6342 6346
f 6346 6342 6345
f 4416 6308 4414
f 4414 6308 4687
f 6385 4690 6381
f 6381 4690 4344
f 5282 6341 5280
f 5280 6341 6339
f 4700 6342 6338
f 6338 6342 5281
f 6340 6348 4272
f 4272 6348 4270
f 6480 6479 4828
f 4828 6479 4829
f 6490 6479 6489
f 6489 6479 6478
f 4090 4430 6490
f 6490 4430 4429
f 6563 6564 4970
f 4970 6564 4815
f 4694 6566 4366
f 4366 6566 6563
f 6572 6385 6568
f 6568 6385 6381
f 4821 6285 4822
f 4822 6285 6875
f 6572 5266 6569
f 6569 5266 5269
f 3482 3103 4369
f 4369 3103 4370
f 3121 4730 3485
f 3485 4730 4327
f 6277 6280 6273
f 6273 6280 6272
f 6267 6276 6278
f 6278 6276 6279
f 6278 6279 6277
f 6277 6279 6280
f 6279 6256 6280
f 6280 6256 6255
f 6256 3857 6255
f 6255 3857 3754
f 3857 3856 3754
f 3754 3856 3755
f 3856 3703 3755
f 3755 3703 3863
f 3703 3702 3863
f 3863 3702 3759
f 3702 3706 3759
f 3759 3706 3670
f 3706 3705 3670
f 3670 3705 3668
f 3705 3773 3668
f 3668 3773 3882
f 3882 3773 3883
f 3883 3773 3707
f 3707 3708 3883
f 3883 3708 3880
f 3708 3710 3880
f 3880 3710 3881
f 3709 5241 3710
f 3710 5241 3881
f 5241 3709 5234
f 5234 3709 3786
f 3693 3712 3786
f 3786 3712 5234
f 4051 4055 4052
f 4052 4055 4056
f 4056 4055 4057
f 4057 4055 4054
f 4066 5238 5236
f 5236 5238 3989
f 4066 4069 5238
f 5238 4069 4035
f 6881 3962 3960
f 3960 3962 3957
f 6883 4070 6882
f 6882 4070 3941
f 4070 6883 4071
f 4071 6883 6884
f 4071 6884 4072
f 4072 6884 6885
f 6885 6886 4072
f 4072 6886 4031
f 3955 6881 3956
f 3956 6881 3960
f 6884 3991 6885
f 6885 3991 3990
f 6883 6887 6884
f 6884 6887 3991
f 6887 6888 3991
f 3991 6888 3992
f 6888 6887 6889
f 6889 6887 6890
f 6887 6883 6890
f 6890 6883 6882
f 4058 5240 3953
f 3953 5240 3954
f 5236 6888 5239
f 5239 6888 6889
f 5237 6886 3990
f 3990 6886 6885
f 4034 4031 5237
f 5237 4031 6886
f 6881 6882 3962
f 3962 6882 3941
f 6881 3955 6882
f 6882 3955 6890
f 3955 3954 6890
f 6890 3954 6889
f 5239 6889 5240
f 5240 6889 3954
f 6888 5236 3992
f 3992 5236 3989
f 3869 3868 3888
f 3888 3868 4015
f 3868 4012 4015
f 4015 4012 4010
f 4012 4022 4010
f 4010 4022 4009
f 4022 4021 4009
f 4009 4021 4018
f 4020 3974 4001
f 4001 3974 3996
f 4021 4020 4029
f 4029 4020 4001
f 4085 4156 4086
f 4086 4156 4155
f 4113 4777 4114
f 4114 4777 4776
f 4130 4129 4094
f 4094 4129 4091
f 4139 4773 4140
f 4140 4773 4772
f 4149 4178 4150
f 4150 4178 5225
f 4160 4159 4087
f 4087 4159 4088
f 4149 4148 4179
f 4179 4148 4141
f 4085 4084 4183
f 4183 4084 6315
f 4179 4141 4159
f 4159 4141 4088
f 4192 4130 4162
f 4162 4130 4094
f 4197 5288 4198
f 4198 5288 5287
f 4229 4766 4230
f 4230 4766 4771
f 4245 4246 4242
f 4242 4246 4249
f 4183 6315 4418
f 4418 6315 6314
f 4679 4178 4680
f 4680 4178 4177
f 4724 4798 4725
f 4725 4798 4271
f 4728 5275 4729
f 4729 5275 5274
f 4230 4771 4249
f 4249 4771 4242
f 4724 4723 4799
f 4799 4723 5355
f 4823 4824 4891
f 4891 4824 6327
f 4823 4192 4161
f 4161 4192 4162
f 4893 4767 4229
f 4229 4767 4766
f 4894 4895 4898
f 4898 4895 4899
f 4106 4150 4103
f 4103 4150 5225
f 4680 4894 4677
f 4677 4894 4898
f 6420 4977 5301
f 5301 4977 4976
f 4679 4678 5226
f 5226 4678 4427
f 5228 5008 4893
f 4893 5008 4767
f 5285 6354 5286
f 5286 6354 5343
f 5289 5352 5290
f 5290 5352 5349
f 5290 5349 5295
f 5295 5349 5348
f 5302 5299 4202
f 4202 5299 4976
f 4725 4271 5311
f 5311 4271 4270
f 5325 4723 5326
f 5326 4723 4722
f 5335 5355 5325
f 5325 5355 4723
f 5326 4722 5286
f 5286 4722 5283
f 4799 5357 4797
f 4797 5357 5361
f 5359 5356 5335
f 5335 5356 5355
f 4775 4774 5356
f 5356 4774 5357
f 5359 5358 4092
f 4092 5358 4093
f 6316 4740 6317
f 6317 4740 4739
f 6318 4827 6316
f 6316 4827 4740
f 6319 4828 6318
f 6318 4828 4827
f 6320 6480 6319
f 6319 6480 4828
f 6484 6322 6485
f 6485 6322 6321
f 6487 6324 6331
f 6331 6324 6323
f 6331 6323 6330
f 6330 6323 6325
f 6325 6326 6330
f 6330 6326 6329
f 6326 6328 6329
f 6329 6328 5231
f 4824 4685 5228
f 5228 4685 5008
f 5226 6343 5225
f 5225 6343 4103
f 4728 4727 6349
f 6349 4727 5284
f 6350 6351 5285
f 5285 6351 6354
f 4247 4246 6418
f 6418 4246 6365
f 6400 6402 6401
f 6401 6402 6459
f 4197 4196 6409
f 6409 4196 6426
f 6412 4897 6328
f 6328 4897 5231
f 6413 4133 6412
f 6412 4133 4897
f 6414 4134 6413
f 6413 4134 4133
f 6415 4225 6414
f 6414 4225 4134
f 6416 4252 6415
f 6415 4252 4225
f 6417 4253 6416
f 6416 4253 4252
f 4253 6417 6366
f 6366 6417 6419
f 6366 6419 4911
f 4911 6419 6421
f 6422 6423 4908
f 4908 6423 5298
f 5298 6423 6396
f 6396 6423 6424
f 6409 6426 6425
f 6425 6426 6397
f 5300 5299 6399
f 6399 5299 6400
f 6465 6408 6401
f 6401 6408 6398
f 6424 6399 6425
f 6425 6399 6398
f 6349 5284 5311
f 5311 5284 5283
f 6465 6464 5289
f 5289 6464 5352
f 6488 6483 6492
f 6492 6483 6482
f 6486 6491 6482
f 6482 6491 6492
f 6491 4895 6492
f 6492 4895 4157
f 6488 4160 6489
f 6489 4160 4087
f 6501 6502 4418
f 4418 6502 4417
f 6504 6500 6317
f 6317 6500 6314
f 3497 3496 6501
f 6501 3496 6502
f 3499 3498 6504
f 6504 3498 6500
f 4729 5274 4198
f 4198 5274 4195
f 6418 6365 6420
f 6420 6365 4977
f 5295 5348 6350
f 6350 5348 6351
f 5301 6422 6420
f 6420 6422 6421
f 4113 4112 4086
f 4086 4112 4083
f 6320 4112 6880
f 6880 4112 4111
f 4091 4772 4092
f 4092 4772 4775
f 4129 4140 4091
f 4091 4140 4772
f 4137 4140 4128
f 4128 4140 4129
f 4128 6324 4137
f 4137 6324 6321
f 6324 6487 6321
f 6321 6487 6485
f 6487 6486 6485
f 6485 6486 6482
f 4774 4773 4779
f 4779 4773 4776
f 4773 4139 4776
f 4776 4139 4114
f 4139 4138 4114
f 4114 4138 4111
f 4138 6322 4111
f 4111 6322 6880
f 6322 6484 6880
f 6880 6484 6481
f 6484 6483 6481
f 6481 6483 6478
f 6879 6343 6309
f 6309 6343 4428
f 4106 4105 4900
f 4900 4105 6307
f 3500 3167 6495
f 6495 3167 6496
f 3500 6495 3070
f 3070 6495 5368
f 3502 5235 3501
f 3501 5235 4813
f 3024 3503 6473
f 6473 3503 6474
f 3503 3023 6474
f 6474 3023 6374
f 3504 1770 4348
f 4348 1770 4345
f 3502 3505 5235
f 5235 3505 4810
f 3498 3497 6500
f 6500 3497 6501
f 3496 3075 6502
f 6502 3075 6275
f 6299 4254 3174
f 3174 4254 3017
f 1769 3501 4814
f 4814 3501 4813
f 3506 3018 6476
f 6476 3018 4257
f 3507 3499 6499
f 6499 3499 6504
f 3030 4216 3483
f 3483 4216 4215
f 3077 3507 6333
f 6333 3507 6499
f 1784 3160 5249
f 5249 3160 6523
f 3015 3506 4240
f 4240 3506 6476
f 3508 3504 6383
f 6383 3504 4348
f 3509 3016 6477
f 6477 3016 4239
f 3028 3509 6467
f 6467 3509 6477
f 3022 1785 5246
f 5246 1785 5247
f 3161 3508 6570
f 6570 3508 6383
f 3150 3149 4694
f 4694 3149 6566
f 1327 4807 3510
f 3510 4807 4811
f 3510 4811 3505
f 3505 4811 4810
f 3146 3511 4816
f 4816 3511 4350
f 3511 1808 4350
f 4350 1808 4351
f 3485 4327 3159
f 3159 4327 4330
f 1326 3512 4806
f 4806 3512 6310
f 3512 1331 6310
f 6310 1331 4688
