v 0.2471174 -0.0929209 1.4755222
v 0.2387058 -0.1006727 1.4629671
v 0.2469968 -0.0903196 1.4570719
v 0.2540258 -0.0799860 1.4663855
v 0.2421056 -0.0970493 1.4488458
v 0.2339472 -0.1054426 1.4526814
v 0.2507728 -0.0792807 1.4499744
v 0.2559598 -0.0681991 1.4561730
v 0.2465268 -0.0676495 1.4145290
v 0.2477754 -0.0573233 1.4090729
v 0.2508247 -0.0589051 1.4208285
v 0.2475530 -0.0688901 1.4235390
v 0.2383509 -0.0646974 1.3890697
v 0.2318195 -0.0742620 1.3816716
v 0.2303213 -0.0637333 1.3726203
v 0.2358798 -0.0534028 1.3801743
v 0.2071370 -0.1028412 1.4029806
v 0.2105786 -0.1009955 1.3951520
v 0.2161166 -0.0996540 1.4007233
v 0.2116786 -0.1012763 1.4079016
v 0.2015769 -0.1099643 1.4146280
v 0.2037349 -0.1065736 1.4195911
v 0.2007022 -0.1122823 1.4243728
v 0.1993563 -0.1166618 1.4184512
v 0.2005025 -0.1037408 1.3991808
v 0.2042313 -0.1015992 1.3909398
v 0.2040773 -0.1048368 1.4096182
v 0.2013993 -0.1073892 1.4058034
v 0.1984084 -0.1182543 1.4002922
v 0.2008857 -0.1166575 1.4046099
v 0.1989311 -0.1237106 1.4063102
v 0.1962616 -0.1232764 1.4013483
v 0.1997406 -0.1085386 1.3993223
v 0.2012062 -0.1112432 1.4020693
v 0.1982234 -0.1138893 1.3989662
v 0.1960538 -0.1110855 1.3970795
v 0.2001410 -0.1130191 1.4105078
v 0.1987949 -0.1204116 1.4129350
v 0.1965240 -0.1278710 1.4149912
v 0.1957365 -0.1311157 1.4066111
v 0.2165123 -0.0925261 1.3795065
v 0.2141341 -0.0975898 1.3874243
v 0.2079315 -0.0988980 1.3838262
v 0.2106142 -0.0951356 1.3772302
v 0.1960086 -0.1076049 1.3938099
v 0.1953343 -0.1069221 1.3774212
v 0.1968061 -0.1072053 1.3810652
v 0.1918020 -0.1120104 1.3833202
v 0.1910068 -0.1115777 1.3796586
v 0.2165732 -0.0822387 1.3643022
v 0.2114064 -0.0882111 1.3643310
v 0.2096368 -0.0852587 1.3576063
v 0.2140134 -0.0779597 1.3559766
v 0.2059777 -0.0842843 1.3518026
v 0.2099143 -0.0745466 1.3481371
v 0.1965844 -0.0758353 1.3365927
v 0.2033573 -0.0745395 1.3414818
v 0.2009017 -0.0854722 1.3471642
v 0.1950690 -0.0892726 1.3433206
v 0.1859292 -0.1003715 1.3514010
v 0.1805259 -0.1041582 1.3514756
v 0.1813899 -0.1006150 1.3380372
v 0.1881894 -0.0953893 1.3395639
v 0.1926360 -0.1026540 1.3718463
v 0.1958622 -0.0993019 1.3709676
v 0.1969125 -0.1014526 1.3724124
v 0.1937794 -0.1053739 1.3743645
v 0.1991750 -0.0966855 1.3697401
v 0.2006685 -0.0957452 1.3690770
v 0.2009540 -0.0970523 1.3704954
v 0.1993019 -0.0972299 1.3707233
v 0.1974653 -0.0980265 1.3707256
v 0.1959986 -0.0985969 1.3690819
v 0.1981195 -0.0971849 1.3691384
v 0.1929543 -0.1019953 1.3690114
v 0.1818450 -0.1119413 1.3697589
v 0.1853204 -0.1100540 1.3691651
v 0.1848037 -0.1094764 1.3739273
v 0.1819950 -0.1109994 1.3747389
v 0.2000794 -0.0989376 1.3729548
v 0.2027764 -0.0984325 1.3736886
v 0.2005149 -0.1023732 1.3772360
v 0.1984167 -0.1019797 1.3747729
v 0.2060939 -0.0975716 1.3750766
v 0.2033547 -0.0960281 1.3710025
v 0.2067313 -0.0946060 1.3709794
v 0.1995606 -0.0956872 1.3674680
v 0.2017170 -0.0937532 1.3650437
v 0.2031142 -0.0946862 1.3676343
v 0.1989572 -0.0944046 1.3625440
v 0.1970057 -0.0971154 1.3662077
v 0.1936312 -0.1003058 1.3652142
v 0.1894520 -0.1045470 1.3646683
v 0.1901561 -0.1008942 1.3594564
v 0.1950200 -0.0970492 1.3605922
v 0.2035111 -0.1012801 1.3805530
v 0.2067111 -0.0920593 1.3660338
v 0.2115175 -0.0913938 1.3713895
v 0.2052083 -0.0907269 1.3613897
v 0.2020493 -0.0906313 1.3574982
v 0.1975012 -0.0923602 1.3542179
v 0.1917615 -0.0962525 1.3526018
v 0.1791147 -0.0874543 1.3299113
v 0.1877255 -0.0822893 1.3323410
v 0.2295127 -0.1038030 1.4460905
v 0.2370015 -0.0990369 1.4430617
v 0.2348792 -0.0942058 1.4358388
v 0.2370241 -0.0936704 1.4374324
v 0.2331077 -0.0978368 1.4402922
v 0.2315841 -0.0972572 1.4378986
v 0.2434493 -0.0761066 1.4266364
v 0.2400751 -0.0818265 1.4291921
v 0.2392600 -0.0803285 1.4255136
v 0.2432622 -0.0752147 1.4199615
v 0.2313327 -0.0887160 1.4196666
v 0.2352164 -0.0846782 1.4199401
v 0.2337616 -0.0881659 1.4272238
v 0.2309399 -0.0911708 1.4270190
v 0.2276418 -0.0939699 1.4273812
v 0.2238306 -0.0960730 1.4283352
v 0.2226125 -0.0950812 1.4232448
v 0.2269309 -0.0923476 1.4211287
v 0.2272797 -0.1005724 1.4429744
v 0.2200162 -0.1019700 1.4439147
v 0.2206018 -0.1003290 1.4410112
v 0.2267165 -0.0998065 1.4399368
v 0.2083424 -0.0969792 1.4375694
v 0.2102601 -0.0978379 1.4396569
v 0.2074123 -0.0997692 1.4418650
v 0.2053802 -0.0989144 1.4377973
v 0.2068642 -0.0985054 1.4343167
v 0.2091895 -0.0970419 1.4356633
v 0.2435951 -0.0926347 1.4986225
v 0.2363840 -0.1025304 1.4826426
v 0.2549084 -0.0800372 1.4888071
v 0.2603705 -0.0670440 1.4759192
v 0.2615862 -0.0553689 1.4619943
v 0.2234711 -0.0738656 1.3670407
v 0.2210830 -0.0668502 1.3580480
v 0.2280639 -0.0533834 1.3641165
v 0.2223731 -0.0474921 1.3547624
v 0.2155582 -0.0621699 1.3485347
v 0.1962400 -0.0600018 1.3343962
v 0.2070623 -0.0595747 1.3399028
v 0.2132022 -0.0414365 1.3468130
v 0.2211359 -0.0252867 1.3581802
v 0.2285119 -0.0338616 1.3639260
v 0.2267966 -0.0135825 1.3733031
v 0.2116467 -0.0137274 1.3536398
v 0.2225419 -0.0051467 1.3732302
v 0.1840442 -0.0116462 1.3255067
v 0.1795578 -0.0031059 1.3163138
v 0.1886193 0.0113080 1.3223297
v 0.1943582 0.0029654 1.3304858
v 0.2333353 -0.0423692 1.3714887
v 0.2535902 -0.0513960 1.4321424
v 0.2513512 -0.0630019 1.4321815
v 0.2515878 -0.0476052 1.4189087
v 0.2691242 -0.0326917 1.4909592
v 0.2654352 -0.0513079 1.4852556
v 0.2675140 -0.0428303 1.4683039
v 0.2705754 -0.0273500 1.4748200
v 0.2529076 -0.0471069 1.5304026
v 0.2505717 -0.0726181 1.5162506
v 0.2588881 -0.0623574 1.5022558
v 0.2632606 -0.0409758 1.5133048
v 0.2702144 -0.0128483 1.4768303
v 0.2686479 0.0055000 1.4782376
v 0.2670909 0.0108920 1.4951740
v 0.2693660 -0.0117967 1.4958787
v 0.2594824 0.0150728 1.5178667
v 0.2624511 -0.0122760 1.5186926
v 0.2142280 0.0068466 1.3620803
v 0.2220522 0.0071842 1.3792044
v 0.2009788 -0.0069681 1.3411665
v 0.2064363 0.0100234 1.3482180
v 0.2455496 0.0169325 1.5367292
v 0.2501818 -0.0154572 1.5387561
v 0.2442735 0.0517937 1.4631621
v 0.2531352 0.0435942 1.4786451
v 0.2578131 0.0295595 1.4640472
v 0.2504959 0.0389645 1.4517083
v 0.2344267 0.0646988 1.4762245
v 0.2425743 0.0553498 1.4954881
v 0.2184230 0.0520403 1.4131630
v 0.2082869 0.0460982 1.3987545
v 0.1991533 0.0560121 1.4044735
v 0.2081694 0.0650862 1.4199153
v 0.2464618 -0.0880500 1.4444344
v 0.2416889 -0.0925900 1.4396152
v 0.2434634 -0.0861300 1.4361567
v 0.2479257 -0.0798099 1.4389401
v 0.2515621 -0.0698603 1.4418715
v 0.2556011 -0.0584402 1.4447117
v 0.2643233 -0.0347441 1.4549661
v 0.2681183 -0.0215970 1.4613838
v 0.2669672 0.0036167 1.4645632
v 0.2685216 -0.0105704 1.4633884
v 0.2573169 0.0222555 1.4507028
v 0.2523305 0.0282827 1.4429181
v 0.2218084 0.0211488 1.3910239
v 0.2112618 0.0228940 1.3720406
v 0.2040436 0.0340174 1.3803518
v 0.2150056 0.0344735 1.3951709
v 0.1893856 0.0518407 1.3908405
v 0.1968381 0.0431288 1.3863843
v 0.1943820 0.0312207 1.3468649
v 0.1860469 0.0395743 1.3387307
v 0.1807784 0.0518274 1.3485867
v 0.1878332 0.0430337 1.3556681
v 0.1717795 0.0614979 1.3564989
v 0.1607024 0.0665965 1.3630507
v 0.1693266 0.0596767 1.3703247
v 0.1787070 0.0532354 1.3646657
v 0.1598670 -0.0249818 1.3113786
v 0.1556683 -0.0178297 1.3050761
v 0.1656489 -0.0084798 1.3060465
v 0.1688269 -0.0154064 1.3135453
v 0.1800451 0.0494009 1.3329122
v 0.1760074 0.0617861 1.3443658
v 0.2263026 0.0391752 1.4080400
v 0.2319342 0.0275155 1.4072413
v 0.1672125 0.0718508 1.3518559
v 0.1874581 0.0465201 1.3736409
v 0.1954992 0.0377928 1.3659062
v 0.1786265 0.0586013 1.3967994
v 0.1873161 0.0637552 1.4107709
v 0.2074249 -0.1028606 1.4141693
v 0.2138488 -0.0977878 1.4285141
v 0.2154048 -0.0976272 1.4321618
v 0.2118985 -0.0975874 1.4339910
v 0.2099838 -0.0981663 1.4312537
v 0.2155008 -0.1156511 1.4689949
v 0.2094755 -0.1146228 1.4535575
v 0.2229452 -0.1118257 1.4539796
v 0.2279260 -0.1093837 1.4669568
v 0.2319953 -0.0853408 1.3938703
v 0.2257333 -0.0939850 1.4012191
v 0.2205968 -0.0960311 1.3927484
v 0.2238245 -0.0895294 1.3845626
v 0.2379888 -0.0853947 1.4305985
v 0.2399082 -0.0851669 1.4321794
v 0.2377897 -0.0880465 1.4322241
v 0.2169820 -0.0876684 1.3722242
v 0.2240763 -0.0817161 1.3757824
v 0.2472733 -0.0454433 1.4045180
v 0.2479903 -0.0730994 1.4321289
v 0.2352105 -0.0542885 1.5445216
v 0.2343848 -0.0827297 1.5272567
v 0.2286435 0.0139541 1.5531017
v 0.2331288 -0.0201598 1.5533573
v 0.2295328 0.0640082 1.5103501
v 0.2193052 0.0746375 1.4889716
v 0.2027169 0.0794814 1.5007626
v 0.2124825 0.0665400 1.5245532
v 0.1949437 0.0724104 1.4270914
v 0.1511815 0.0692991 1.3671957
v 0.1603210 0.0628961 1.3760207
v 0.2295749 -0.0995682 1.5060729
v 0.2225674 -0.1107142 1.4867354
v 0.2594675 -0.0456129 1.4491185
v 0.2438565 -0.0704419 1.4054315
v 0.2420207 -0.0771266 1.4134331
v 0.2389534 -0.0814620 1.4096379
v 0.2396579 -0.0752474 1.3989618
v 0.2429234 -0.0600872 1.3976064
v 0.2410545 -0.0465305 1.3911504
v 0.2387629 -0.0307616 1.3852383
v 0.2323067 -0.0216560 1.3770495
v 0.2639991 0.0207575 1.4749994
v 0.2603512 0.0319158 1.4913906
v 0.2522459 0.0393198 1.5095984
v 0.2382546 0.0445933 1.5274646
v 0.2628754 0.0162748 1.4636442
v 0.2222684 0.0447053 1.5434524
v 0.1922432 -0.1116841 1.3879720
v 0.1984145 -0.1058152 1.3866824
v 0.1916776 -0.1122867 1.3925041
v 0.1851573 -0.1079693 1.3644906
v 0.1811340 -0.1102154 1.3649018
v 0.1802766 -0.1062713 1.3598020
v 0.1850109 -0.1040577 1.3593425
v 0.1759288 -0.0699044 1.3286651
v 0.1853386 -0.0643724 1.3308531
v 0.1646369 -0.0336430 1.3173277
v 0.1733431 -0.0239637 1.3202065
v 0.1939067 -0.1173982 1.4004612
v 0.1925210 -0.1180489 1.4011369
v 0.1918156 -0.1157792 1.4006300
v 0.1937313 -0.1151126 1.4000630
v 0.1983115 -0.0990798 1.3714360
v 0.1866716 -0.1145744 1.3806342
v 0.1837029 -0.1156804 1.3810871
v 0.1828341 -0.1135735 1.3779111
v 0.1858302 -0.1125146 1.3772970
v 0.1983686 -0.0364925 1.3389888
v 0.1900668 -0.0221032 1.3336691
v 0.1895152 0.0255365 1.3283641
v 0.1977820 0.0173764 1.3372372
v 0.2029001 0.0258218 1.3577097
v 0.1792967 0.0538275 1.3811560
v 0.1702857 0.0597931 1.3856869
v 0.1482598 0.0595469 1.3953769
v 0.1541058 0.0617014 1.4064592
v 0.1668360 0.0627324 1.4020135
v 0.1592812 0.0603015 1.3909849
v 0.1830604 -0.0472260 1.3301063
v 0.1732107 -0.0542566 1.3278340
v 0.1694712 -0.0426002 1.3241164
v 0.1783224 -0.0340173 1.3270577
v 0.1883162 -0.1192428 1.3986230
v 0.1869384 -0.1208947 1.3976430
v 0.1865390 -0.1178382 1.3957970
v 0.1886811 -0.1169734 1.3977069
v 0.1939428 -0.1129743 1.3982461
v 0.1914444 -0.1133073 1.3978296
v 0.1914689 -0.1129406 1.3956909
v 0.1953719 -0.1177650 1.3998144
v 0.1952267 -0.1148207 1.3989014
v 0.1916743 -0.1232972 1.4009363
v 0.1941821 -0.1211593 1.4003549
v 0.1923518 -0.1280264 1.4002367
v 0.1899868 -0.1176309 1.3996536
v 0.1899368 -0.1157414 1.3986572
v 0.1931623 -0.1137143 1.3993978
v 0.1914573 -0.1141120 1.3995048
v 0.1917565 -0.1211784 1.4012011
v 0.1932549 -0.1195681 1.4007914
v 0.1970638 -0.1233679 1.4218644
v 0.1920585 -0.1270584 1.4239091
v 0.1906857 -0.1316127 1.4166024
v 0.1891941 -0.1354416 1.4081702
v 0.1867219 -0.1320207 1.4008075
v 0.1617637 -0.0476869 1.3233077
v 0.1566339 -0.0392548 1.3169806
v 0.2071309 -0.1141343 1.4901869
v 0.2025468 -0.1175504 1.4709784
v 0.1985322 -0.0972073 1.3702421
v 0.2204225 -0.1053319 1.4478042
v 0.2333717 -0.0877690 1.4085959
v 0.2145741 -0.0990432 1.4139411
v 0.2196527 -0.0973206 1.4081234
v 0.2214688 -0.0956882 1.4159286
v 0.2164469 -0.0975326 1.4200468
v 0.2110861 -0.1063897 1.4474836
v 0.2021022 -0.1124123 1.4449795
v 0.2044286 -0.1050965 1.4435720
v 0.2021126 -0.1041080 1.4374118
v 0.2001021 -0.1126516 1.4361289
v 0.2019842 -0.1073049 1.4290353
v 0.2036387 -0.1017219 1.4319517
v 0.2368614 -0.0910445 1.4341652
v 0.2391054 -0.0893761 1.4349704
v 0.2054683 -0.1030863 1.4239115
v 0.2097083 -0.1005518 1.4189646
v 0.2116017 -0.0984727 1.4239426
v 0.2072948 -0.0998538 1.4277090
v 0.2271137 -0.0927986 1.4115561
v 0.2438296 -0.0804431 1.4320996
v 0.2378258 -0.0815480 1.4222081
v 0.2376722 0.0183159 1.4103753
v 0.2318173 0.0129192 1.3992781
v 0.2370370 -0.0037294 1.3854805
v 0.2334054 -0.0060237 1.3814290
v 0.2289719 -0.0025682 1.3855854
v 0.2352112 -0.0001014 1.3888952
v 0.2580714 0.0065977 1.4369386
v 0.2590422 0.0092407 1.4443552
v 0.2607180 0.0021800 1.4438163
v 0.2579420 0.0040400 1.4370041
v 0.2592029 -0.0030125 1.4388739
v 0.2605409 -0.0056932 1.4417866
v 0.2574844 -0.0060127 1.4340749
v 0.2575091 -0.0026954 1.4346498
v 0.2648063 -0.0080593 1.4511646
v 0.2636653 -0.0178118 1.4479089
v 0.2585684 -0.0129841 1.4374260
v 0.2552469 -0.0364078 1.4327797
v 0.2513139 -0.0219418 1.4243753
v 0.2543600 -0.0183250 1.4321764
v 0.2593198 -0.0269175 1.4418386
v 0.2359683 -0.0110873 1.3852487
v 0.2385435 -0.0165461 1.3918322
v 0.2286348 0.0050430 1.3908598
v 0.1824206 0.0763733 1.5128004
v 0.1910794 0.0605230 1.5373612
v 0.2357989 0.0555924 1.4471048
v 0.2253662 0.0684004 1.4573174
v 0.2432982 0.0430855 1.4378352
v 0.2466042 0.0310320 1.4315565
v 0.2122636 0.0778960 1.4676547
v 0.1972941 0.0842650 1.4742145
v 0.2505557 -0.0341584 1.4160187
v 0.2473699 -0.0215426 1.4126037
v 0.2273074 0.0555996 1.4301330
v 0.2156002 0.0668686 1.4392615
v 0.2348994 0.0436495 1.4228354
v 0.2401487 0.0309521 1.4195256
v 0.2026007 0.0767248 1.4494237
v 0.1784501 0.0760312 1.4333674
v 0.1846553 0.0816023 1.4536164
v 0.2418524 -0.0047517 1.3955750
v 0.2401749 -0.0090837 1.3935297
v 0.2382234 -0.0065403 1.3877853
v 0.2419541 -0.0050404 1.3893602
v 0.2452580 -0.0315551 1.4016846
v 0.2432564 -0.0190494 1.4019819
v 0.1985104 -0.1186761 1.4285234
v 0.1944911 -0.1182384 1.4386543
v 0.1932882 -0.1225698 1.4311017
v 0.1961987 -0.1159243 1.4468125
v 0.2131322 -0.0288857 1.5616324
v 0.2154900 -0.0612084 1.5519244
v 0.2002523 0.0361758 1.5547504
v 0.2080800 0.0054001 1.5633293
v 0.1762423 -0.1064288 1.3519992
v 0.1744732 -0.1038671 1.3383898
v 0.1878443 -0.1150546 1.3886379
v 0.1848341 -0.1160104 1.3886356
v 0.1843288 -0.1160926 1.3847101
v 0.1874083 -0.1150466 1.3844672
v 0.2127576 -0.1010143 1.4440930
v 0.1734568 0.0665892 1.4173105
v 0.1503166 0.0626997 1.3807347
v 0.1411222 0.0681397 1.3718087
v 0.1556068 0.0770048 1.3579019
v 0.1441147 0.0779542 1.3616339
v 0.1854362 -0.1165647 1.3923720
v 0.1880971 -0.1152193 1.3924579
v 0.1906587 -0.1197703 1.4010402
v 0.1897090 -0.1097380 1.3761207
v 0.1886153 -0.1154108 1.3954511
v 0.1897426 -0.1152351 1.3974545
v 0.1845662 -0.1187213 1.3955239
v 0.1837975 -0.1168645 1.3924374
v 0.2182315 -0.0970577 1.4257182
v 0.2195397 -0.0973182 1.4300686
v 0.1886366 -0.1245103 1.3985325
v 0.1893537 -0.1220389 1.3998714
v 0.1852278 -0.1255587 1.3983675
v 0.1759393 0.0042951 1.3086142
v 0.1826931 0.0198052 1.3144707
v 0.1816460 -0.1160268 1.3814633
v 0.1806664 -0.1141403 1.3781644
v 0.2148277 -0.0897364 1.5345353
v 0.1613214 0.0751710 1.4356342
v 0.1655298 0.0813149 1.4551149
v 0.2495483 -0.0131691 1.4190280
v 0.2499367 -0.0075086 1.4157781
v 0.2529473 -0.0060096 1.4223140
v 0.2528550 -0.0117745 1.4262256
v 0.1519005 -0.0311517 1.3113131
v 0.1828052 0.0353527 1.3228043
v 0.1330938 0.0754252 1.3659047
v 0.2372832 -0.0847243 1.4291483
v 0.2357879 -0.0857985 1.4279147
v 0.2146911 -0.0992764 1.4409491
v 0.1720556 0.0825952 1.4833663
v 0.1892217 -0.1065084 1.3687198
v 0.1885215 -0.1067486 1.3729551
v 0.1407329 0.0603472 1.3851546
v 0.1655457 -0.0590995 1.3268049
v 0.1854639 -0.1218710 1.3972033
v 0.1590144 0.0658761 1.4207409
v 0.2559957 0.0015729 1.4297353
v 0.2576096 -0.0011898 1.4270645
v 0.2562678 -0.0004548 1.4243507
v 0.2545734 0.0008052 1.4260503
v 0.2597487 -0.0060825 1.4289038
v 0.2596924 -0.0031684 1.4259812
v 0.2619283 -0.0025213 1.4282213
v 0.2618135 -0.0047382 1.4317753
v 0.2561317 -0.0091593 1.4311177
v 0.2567705 -0.0064917 1.4257517
v 0.2632581 -0.0009473 1.4300387
v 0.2641152 -0.0027649 1.4325392
v 0.2617469 -0.0020999 1.4348242
v 0.2580603 0.0006935 1.4360976
v 0.2662436 0.0007913 1.4334416
v 0.2630880 0.0019567 1.4367771
v 0.2682120 0.0059859 1.4330667
v 0.2640607 0.0071982 1.4369367
v 0.2681427 0.0118193 1.4305482
v 0.2630543 0.0127088 1.4340106
v 0.2429005 -0.0108711 1.4007837
v 0.2431989 -0.0041666 1.4024304
v 0.2671468 0.0156705 1.4257177
v 0.2607607 0.0162070 1.4284667
v 0.2646145 0.0182073 1.4197055
v 0.2586150 0.0179868 1.4218169
v 0.2613972 0.0184766 1.4133258
v 0.2566449 0.0186959 1.4155711
v 0.2579351 0.0179556 1.4065733
v 0.2527645 0.0185428 1.4068258
v 0.2543354 0.0150607 1.3996915
v 0.2482449 0.0155308 1.3980902
v 0.2644208 0.0069659 1.4320624
v 0.2643807 0.0112145 1.4294219
v 0.2551305 0.0082499 1.4339934
v 0.2639198 0.0022284 1.4322577
v 0.2522780 0.0076500 1.4219060
v 0.2513787 0.0068287 1.4244504
v 0.2518664 0.0060873 1.4222315
v 0.2501335 0.0087514 1.4217529
v 0.2466278 -0.0067261 1.4085673
v 0.2480611 -0.0025340 1.4089558
v 0.2500328 -0.0034292 1.4141786
v 0.2452231 -0.0016035 1.4054972
v 0.2448587 -0.0007094 1.4073493
v 0.2456185 -0.0015651 1.4107784
v 0.2463152 -0.0024346 1.4154491
v 0.2446945 0.0009737 1.4060052
v 0.2450902 0.0011343 1.4039069
v 0.2440510 0.0012445 1.4077332
v 0.2440808 0.0000198 1.4084959
v 0.2437440 0.0003644 1.4110548
v 0.2449910 0.0021286 1.4144857
v 0.2460730 -0.0128367 1.4099684
v 0.2439465 0.0117634 1.4111408
v 0.2393828 0.0092262 1.4029830
v 0.2504242 0.0098825 1.3948808
v 0.2454702 0.0098245 1.3901581
v 0.2434381 -0.0018063 1.3861043
v 0.2443438 0.0039193 1.3849545
v 0.2525985 0.0109690 1.4295265
v 0.2506194 0.0137159 1.4242658
v 0.2366623 0.0036360 1.3959101
v 0.2482587 0.0141449 1.4181177
v 0.2537890 0.0131368 1.4041344
v 0.2500007 0.0096228 1.4011462
v 0.2571804 0.0155762 1.4086026
v 0.2449114 0.0003371 1.4001346
v 0.2452776 -0.0008701 1.3934962
v 0.2480460 0.0042670 1.3929592
v 0.2469923 0.0050624 1.3997154
v 0.2532927 0.0107042 1.4072740
v 0.2492758 0.0078739 1.4053910
v 0.2510038 0.0097957 1.4108429
v 0.2474269 0.0071257 1.4092865
v 0.2453889 0.0041843 1.4071644
v 0.2461102 0.0045860 1.4043112
v 0.2445857 0.0064995 1.4123614
v 0.2486270 0.0085344 1.4153415
v 0.2439327 0.0034019 1.4093276
v 0.2544735 0.0103408 1.4131362
v 0.2577519 0.0105405 1.4160212
v 0.2563824 0.0079638 1.4189345
v 0.2525343 0.0090505 1.4172945
v 0.2594915 0.0163503 1.4143642
v 0.2597203 0.0131787 1.4142352
v 0.2566717 0.0123594 1.4103825
v 0.2619633 0.0132809 1.4193349
v 0.2616949 0.0158346 1.4204006
v 0.2602950 0.0108550 1.4194714
v 0.2591480 0.0086434 1.4206854
v 0.2634174 0.0094636 1.4274153
v 0.2629155 0.0116908 1.4238359
v 0.2637560 0.0140925 1.4255792
v 0.2619224 0.0096282 1.4226462
v 0.2618244 0.0081598 1.4256171
v 0.2599734 0.0072403 1.4243276
v 0.2604222 0.0085359 1.4226522
v 0.2608807 0.0003656 1.4307615
v 0.2592890 -0.0010063 1.4293364
v 0.2619620 0.0031229 1.4309650
v 0.2597519 0.0021968 1.4318507
v 0.2598734 0.0035484 1.4295638
v 0.2581157 0.0019065 1.4313921
v 0.2583286 0.0032887 1.4279344
v 0.2557160 0.0033815 1.4261667
v 0.1494770 -0.0063185 1.2878933
v 0.1519256 -0.0110522 1.2969207
v 0.1421734 -0.0170183 1.2973533
v 0.1387666 -0.0121242 1.2896593
v 0.2593291 0.0052353 1.4258420
v 0.2609174 0.0061214 1.4278425
v 0.2627051 0.0066423 1.4300016
v 0.2557900 0.0060777 1.4228948
v 0.2568848 0.0069512 1.4214818
v 0.2582676 0.0069872 1.4225766
v 0.2572244 0.0052917 1.4241516
v 0.2510787 -0.0029429 1.4182020
v 0.2485662 0.0002741 1.4179403
v 0.2481965 0.0041951 1.4164440
v 0.1707679 0.0265857 1.2762395
v 0.1827953 0.0416102 1.2847652
v 0.1798623 0.0394303 1.2931380
v 0.1693458 0.0246959 1.2858101
v 0.1767963 0.0217989 1.2487986
v 0.1743410 0.0185777 1.2294033
v 0.1906067 0.0324577 1.2319405
v 0.1940726 0.0426100 1.2572314
v 0.1863616 0.0236756 1.2114719
v 0.1703395 0.0126845 1.2111398
v 0.1718033 -0.0003668 1.1617034
v 0.1771727 0.0074283 1.1768326
v 0.1621836 -0.0027702 1.1791325
v 0.1571416 -0.0100009 1.1642118
v 0.1701027 -0.0151812 1.1032077
v 0.1605920 -0.0231839 1.1066270
v 0.1495857 -0.0247560 1.0960039
v 0.1596501 -0.0157541 1.0918373
v 0.2314060 0.0629227 1.1776311
v 0.2356565 0.0730203 1.1676132
v 0.2441682 0.0771717 1.1861360
v 0.2381456 0.0675780 1.1962782
v 0.2003350 0.0788873 1.3059456
v 0.1949157 0.0770410 1.3099757
v 0.1925207 0.0608411 1.2900757
v 0.1990109 0.0611030 1.2841055
v 0.1982342 0.0493997 1.1042175
v 0.1994068 0.0391764 1.1082338
v 0.1946772 0.0307509 1.1011856
v 0.1938234 0.0384311 1.0973167
v 0.1539991 0.0246311 1.0470539
v 0.1441636 0.0052183 1.0490861
v 0.1400180 0.0006237 1.0358961
v 0.1508099 0.0202743 1.0336902
v 0.1696012 0.1054047 1.0620772
v 0.1661987 0.1003947 1.0481378
v 0.1589788 0.1272676 1.0501056
v 0.1606238 0.1328578 1.0637677
v 0.1954291 0.0199346 1.1565126
v 0.2017524 0.0279177 1.1720028
v 0.1903250 0.0178087 1.1742987
v 0.1845850 0.0096701 1.1593960
v 0.3929215 0.2028343 1.2152028
v 0.3727804 0.1868987 1.2175192
v 0.3689311 0.1908668 1.2018208
v 0.3886330 0.2073662 1.1995147
v 0.1652705 0.0519402 0.9729076
v 0.1642043 0.0421543 0.9570077
v 0.1621616 0.0693776 0.9557101
v 0.1622374 0.0785572 0.9723501
v 0.2937393 0.1086943 1.2475782
v 0.2922992 0.1182660 1.2705453
v 0.2824940 0.1096784 1.2749753
v 0.2839528 0.0979164 1.2527053
v 0.2177451 0.0608151 1.1416265
v 0.2261126 0.0667266 1.1531164
v 0.2242993 0.0571827 1.1613279
v 0.2162131 0.0505904 1.1476335
v 0.1688544 0.1459465 1.0897844
v 0.1740415 0.1512079 1.1048133
v 0.1813589 0.1314595 1.1006734
v 0.1772758 0.1237817 1.0860206
v 0.1737063 0.1150740 1.0734161
v 0.1644447 0.1396253 1.0762978
v 0.2113507 0.0406024 1.1509686
v 0.2188278 0.0473097 1.1676023
v 0.2112674 0.0378885 1.1699930
v 0.2041477 0.0302220 1.1537014
v 0.1368746 -0.0242690 1.0878081
v 0.1491114 -0.0132291 1.0824700
v 0.1603430 0.0144120 0.9582906
v 0.1618488 0.0247129 0.9739590
v 0.1531812 0.0001349 0.9745926
v 0.1509863 -0.0102401 0.9592228
v 0.1354985 -0.0075002 1.0639363
v 0.1473650 0.0077177 1.0608525
v 0.1530519 0.0035338 1.0712341
v 0.1410135 -0.0096925 1.0743867
v 0.1378632 -0.0326062 0.9610844
v 0.1401293 -0.0218220 0.9763448
v 0.1254636 -0.0422193 0.9791130
v 0.1229287 -0.0537092 0.9624494
v 0.1816488 0.0152899 1.1933909
v 0.1662956 0.0051851 1.1945815
v 0.1844668 0.0045295 1.1004250
v 0.1783340 -0.0059350 1.1015176
v 0.1691255 -0.0058728 1.0900264
v 0.1771051 0.0046319 1.0899663
v 0.2245328 0.0984173 1.1467118
v 0.2362189 0.1078739 1.1569773
v 0.2477014 0.0924638 1.1727838
v 0.2346668 0.0852634 1.1560016
v 0.1637422 0.0615480 0.9393460
v 0.1651386 0.0334577 0.9414800
v 0.1367029 -0.0411729 0.9447281
v 0.1206212 -0.0617121 0.9455115
v 0.2372804 0.1803739 1.1728038
v 0.2415356 0.1680413 1.1714752
v 0.2289266 0.1645053 1.1595525
v 0.2256620 0.1772480 1.1612888
v 0.1255637 -0.0375356 1.1128993
v 0.1273764 -0.0328585 1.0973525
v 0.1430880 -0.0304921 1.1031386
v 0.1422700 -0.0322227 1.1147986
v 0.1690175 0.0101550 1.0798115
v 0.1599078 -0.0013395 1.0798481
v 0.1628969 0.0179785 1.0700413
v 0.1064979 -0.0398231 1.1118227
v 0.1083599 -0.0329420 1.0912727
v 0.1499964 -0.0051333 1.1959945
v 0.1460623 -0.0121659 1.1812575
v 0.1538441 0.0004989 1.2117445
v 0.1574673 0.0048294 1.2287893
v 0.1407387 -0.0069161 1.2299555
v 0.1369335 -0.0105813 1.2134408
v 0.1600744 0.0066723 1.2457384
v 0.1440356 -0.0049863 1.2462973
v 0.1570457 0.0120140 1.2716535
v 0.1572715 0.0104932 1.2815543
v 0.2235882 0.0784739 1.1441437
v 0.2149572 0.0724016 1.1345846
v 0.1503896 -0.0185593 0.9437420
v 0.1540148 0.1784896 1.2772509
v 0.1734835 0.1778876 1.2764430
v 0.1643490 0.1858627 1.2627690
v 0.1444592 0.1869870 1.2626283
v 0.2102736 0.0645361 1.2826533
v 0.2075920 0.0816743 1.3049500
v 0.2038689 0.1998000 1.1979290
v 0.2012625 0.1984582 1.1868013
v 0.1873759 0.1978510 1.1818867
v 0.1901023 0.1981689 1.1949897
v 0.2313228 0.1981598 1.1815217
v 0.2303721 0.2020001 1.1904793
v 0.2450558 0.2110437 1.1989506
v 0.2465297 0.2069571 1.1896828
v 0.1543070 0.0939055 0.9550384
v 0.1526612 0.1031052 0.9721551
v 0.1207381 0.1898031 1.0922880
v 0.1297963 0.1921008 1.1087141
v 0.1424924 0.1785986 1.0940843
v 0.1359240 0.1746609 1.0787374
v 0.0600378 0.1529051 1.2746974
v 0.0755104 0.1627555 1.2738091
v 0.0683297 0.1691365 1.2611379
v 0.0527979 0.1588865 1.2619049
v 0.1208854 0.1672908 1.2874555
v 0.0994571 0.1631640 1.2859580
v 0.1062232 0.1552875 1.2972938
v 0.1286533 0.1587834 1.2990432
v 0.1329602 0.1781539 1.2757397
v 0.1238484 0.1868084 1.2612819
v 0.1601534 0.1649032 1.0979233
v 0.1666958 0.1676979 1.1123031
v 0.1797145 0.1737220 1.1333871
v 0.1867065 0.1762637 1.1402688
v 0.1922057 0.1634177 1.1350917
v 0.1858652 0.1601455 1.1273026
v 0.1900614 0.0748026 1.3158930
v 0.1902456 0.0953622 1.3256656
v 0.1838584 0.0931807 1.3310709
v 0.1320407 0.1223096 1.3321688
v 0.1440099 0.1218030 1.3319692
v 0.1420446 0.1270088 1.3275814
v 0.1277049 0.1272890 1.3280252
v 0.0443077 0.1945549 1.1896345
v 0.0417566 0.1974931 1.1611077
v 0.0211231 0.1877294 1.1695146
v 0.0254672 0.1845483 1.1957904
v 0.1907936 0.1877586 1.1531480
v 0.1880235 0.1938822 1.1607825
v 0.2005088 0.1953793 1.1667127
v 0.2028586 0.1914422 1.1587509
v 0.1781048 0.1927149 1.1551801
v 0.1820043 0.1855762 1.1471740
v 0.1741652 0.1838735 1.1408119
v 0.1692378 0.1917752 1.1499282
v 0.1412590 0.1918621 1.1220522
v 0.1526614 0.1915785 1.1339889
v 0.1599914 0.1815639 1.1224654
v 0.1511326 0.1800731 1.1089762
v 0.0158638 0.1787608 1.0775971
v 0.0150180 0.1869070 1.1076802
v 0.0350234 0.1927855 1.0998667
v 0.0347768 0.1855915 1.0702593
v 0.2649904 0.1540584 1.1786973
v 0.2795659 0.1667432 1.1819039
v 0.2860438 0.1521686 1.1847753
v 0.2726364 0.1412901 1.1815625
v 0.2518695 0.2204067 1.2242528
v 0.2521981 0.2194037 1.2314740
v 0.2617963 0.2251853 1.2356928
v 0.2610808 0.2264715 1.2291165
v 0.2905386 0.1953398 1.1808843
v 0.3059821 0.2102846 1.1797638
v 0.3116561 0.1950634 1.1812053
v 0.2947988 0.1801368 1.1821486
v 0.2068748 0.1084833 1.3164879
v 0.2014877 0.1028211 1.3194759
v 0.2151471 0.0848371 1.3045749
v 0.2666475 0.2041240 1.1824444
v 0.2623411 0.2123235 1.1881804
v 0.2750163 0.2265807 1.1913763
v 0.2800323 0.2183027 1.1846733
v 0.3935963 0.2048877 1.2325812
v 0.3732468 0.1893093 1.2351191
v 0.3173368 0.2385349 1.1807565
v 0.3004014 0.2235482 1.1808454
v 0.2947323 0.2341443 1.1854404
v 0.3124710 0.2493811 1.1873015
v 0.1316890 0.1693115 1.0622412
v 0.1152339 0.1842562 1.0738552
v 0.1235361 0.1309595 0.9554514
v 0.1198313 0.1391274 0.9747369
v 0.1378118 0.1237569 0.9733376
v 0.1408679 0.1148028 0.9552234
v 0.1558135 0.0866686 0.9380473
v 0.1256283 0.1229892 0.9358843
v 0.1426562 0.1072040 0.9367247
v 0.1757251 0.0808185 1.3373896
v 0.1792579 0.0878604 1.3349066
v 0.1644497 0.0996833 1.3415201
v 0.1644401 0.0912706 1.3458326
v 0.1720607 0.0539373 0.8305904
v 0.1801063 0.0239077 0.8377369
v 0.1795418 0.0201638 0.8137203
v 0.1691713 0.0485893 0.8040551
v 0.1292613 0.1053780 1.3456555
v 0.1334440 0.0967321 1.3523996
v 0.1490926 0.0963564 1.3499315
v 0.1472268 0.1047416 1.3437187
v 0.1718726 0.0590879 0.8541966
v 0.1778045 0.0310749 0.8598265
v 0.1805587 0.0660598 1.3235231
v 0.1851131 0.0711714 1.3197864
v 0.1810205 0.0511943 1.3102392
v 0.1848664 0.0562231 1.3046437
v 0.1780126 0.0348950 1.3006136
v 0.1803900 -0.0042902 0.8426323
v 0.1834975 -0.0122888 0.8189453
v 0.1651516 0.0822290 1.3487413
v 0.1518468 0.0874378 1.3540639
v 0.1381442 0.0874373 1.3571439
v 0.1257615 0.0853096 1.3608042
v 0.1134623 0.0801259 1.3655183
v 0.1210198 0.0735282 1.3697956
v 0.1657594 0.0541853 0.9239102
v 0.1586776 0.0801811 0.9207996
v 0.1028151 0.0632892 0.6871937
v 0.1038907 0.0425410 0.6753078
v 0.0697000 0.0546658 0.6759202
v 0.0737292 0.0703263 0.6838971
v 0.0015471 0.0860274 0.7045381
v 0.0394088 0.0798070 0.6897441
v 0.0343026 0.0633352 0.6850476
v -0.0016978 0.0714887 0.7018729
v 0.0207174 0.1403875 0.8051554
v 0.0234518 0.1413920 0.8293470
v 0.0531523 0.1415590 0.8264186
v 0.0507945 0.1414247 0.8019087
v 0.1457941 0.1014244 0.9184640
v 0.1287557 0.1171637 0.9164565
v 0.1656945 0.0265323 0.9270706
v 0.1729533 -0.0937531 0.7024174
v 0.1660474 -0.1106151 0.6718531
v 0.1643281 -0.0726155 0.6582569
v 0.1752112 -0.0538169 0.6879183
v 0.1245761 -0.0145225 0.6388866
v 0.0921676 0.0023833 0.6374061
v 0.0987240 0.0225843 0.6578790
v 0.1332037 0.0069758 0.6620343
v 0.1032219 -0.0798668 0.9461016
v 0.0985850 -0.0843185 0.9281014
v 0.1169700 -0.0668904 0.9292158
v 0.0433117 -0.1109395 0.9475536
v 0.0380945 -0.1141594 0.9290744
v 0.0588066 -0.1078293 0.9283877
v 0.0652970 -0.1047386 0.9471851
v 0.0339238 -0.1294974 0.8363056
v 0.0400309 -0.1228349 0.8576051
v 0.0236793 -0.1269023 0.8566736
v 0.0201394 -0.1316249 0.8371386
v 0.1725513 -0.0309808 0.8479819
v 0.1703372 -0.0247012 0.8649906
v 0.1551553 -0.0481058 0.8671255
v 0.1571782 -0.0561936 0.8507702
v 0.0282204 0.0434581 0.6822696
v -0.0036930 0.0521768 0.7028872
v 0.1596593 -0.1290791 0.7199487
v 0.1534803 -0.1447465 0.6883476
v 0.1277249 -0.1709347 0.7034505
v 0.1329428 -0.1542434 0.7321772
v 0.0996374 -0.1648794 0.7399086
v 0.0944223 -0.1796214 0.7137149
v 0.0102116 -0.1035685 0.7556769
v 0.0067972 -0.1051679 0.7499278
v 0.0268093 -0.1234839 0.7704528
v 0.0249451 -0.1259693 0.7828160
v 0.0085139 0.1090001 0.7236486
v 0.0412974 0.1074922 0.7150501
v 0.0403215 0.0950346 0.7015764
v 0.0059669 0.0968635 0.7112202
v 0.1090766 0.1282392 0.9148270
v 0.1061021 0.1334788 0.9355119
v 0.0857948 0.1398010 0.9363597
v 0.0835070 0.1475173 0.9587128
v 0.1035599 0.1422184 0.9565814
v 0.0782950 0.1993192 1.1034115
v 0.0867627 0.2045003 1.1254792
v 0.1043769 0.1991735 1.1067059
v 0.0975595 0.1942291 1.0874934
v 0.0925046 0.1706776 1.2740123
v 0.0854120 0.1777461 1.2607043
v 0.0540773 0.0162189 0.6472524
v 0.0567573 -0.0110510 0.6201245
v 0.0231697 -0.0113096 0.6331271
v 0.0142931 0.0197231 0.6713181
v 0.1172593 -0.0353816 0.6141512
v 0.1507824 -0.0383826 0.6471531
v 0.1396029 -0.0577792 0.6203993
v 0.1572533 -0.1281501 0.6442500
v 0.1545615 -0.0911871 0.6306249
v 0.1205928 -0.1872334 0.6756098
v 0.0880771 -0.1934733 0.6860617
v 0.0072262 -0.1394544 0.7078337
v 0.0049583 -0.1444590 0.6835403
v 0.0267540 -0.1665842 0.6884117
v 0.0302825 -0.1592045 0.7138167
v 0.0718577 -0.1148867 0.8316016
v 0.0791351 -0.1222100 0.8120327
v 0.1086144 -0.1065281 0.8245307
v 0.1075920 -0.0959004 0.8430315
v 0.0704643 -0.0985929 0.9672302
v 0.0521897 -0.1052975 0.9666335
v 0.1063472 -0.0722080 0.9643901
v 0.0884473 -0.0878632 0.9664336
v 0.0845404 -0.0948938 0.9467063
v 0.0867905 -0.0603563 1.0370528
v 0.0814050 -0.0715167 1.0231784
v 0.1011980 -0.0571449 1.0180688
v 0.1067565 -0.0457387 1.0310717
v 0.1124520 -0.0354530 1.0441893
v 0.0928105 -0.0498896 1.0501660
v 0.1011409 -0.0311926 1.0758211
v 0.1201367 -0.0206257 1.0694184
v 0.1256521 -0.0220380 1.0799770
v 0.1325516 -0.0152447 1.1978320
v 0.1280784 -0.0206354 1.1831993
v 0.1788698 -0.0409820 0.8239785
v -0.0089628 -0.0130851 0.6795734
v -0.0024025 -0.0300056 0.6469541
v -0.0133893 -0.0603026 0.6582450
v -0.0144506 -0.0501523 0.6849880
v 0.1766279 0.0024505 0.8626551
v 0.1601365 0.0062134 0.9431415
v 0.1596406 -0.0002479 0.9286044
v 0.1727852 0.0738272 1.0635403
v 0.1666874 0.0737339 1.0474283
v 0.1535847 -0.0264435 1.1077879
v 0.1555113 -0.0253989 1.1156805
v 0.1609029 -0.0171864 0.6737955
v 0.1121212 -0.2008153 0.6477701
v 0.0800633 -0.2058478 0.6573940
v 0.0717934 -0.2175113 0.6295371
v 0.1033705 -0.2134486 0.6209206
v -0.0083790 -0.1268547 0.6484737
v -0.0072654 -0.1362933 0.6190759
v 0.0018423 -0.1602019 0.6280891
v 0.0033669 -0.1515234 0.6564249
v -0.0059927 -0.1478717 0.5910859
v -0.0061182 -0.1587330 0.5637915
v -0.0006877 -0.1820967 0.5711423
v 0.0015577 -0.1723657 0.5996040
v 0.1448108 -0.1622162 0.6584761
v 0.1387420 -0.1631807 0.5934736
v 0.1471375 -0.1464840 0.6180293
v 0.1360377 -0.1784073 0.6325006
v 0.1276452 -0.1931873 0.6068215
v 0.0878000 -0.0209062 0.6130384
v -0.0073041 -0.1155680 0.7004620
v -0.0084406 -0.1197611 0.6763965
v -0.0047718 -0.0898472 0.5976704
v -0.0093010 -0.0747432 0.6277766
v 0.0033980 -0.0503565 0.6144842
v 0.0087655 -0.0687025 0.5851233
v 0.1090777 -0.0754363 0.5683903
v 0.1123771 -0.0562793 0.5913115
v 0.1334182 -0.0797170 0.5977971
v 0.1282303 -0.0994357 0.5748476
v 0.1461951 -0.1120283 0.6069648
v 0.1380648 -0.1301427 0.5829431
v 0.1225653 -0.1955211 0.5454506
v 0.1303072 -0.1790759 0.5692629
v 0.1184718 -0.2077213 0.5817609
v 0.1090139 -0.2211676 0.5568840
v 0.1244975 -0.1640952 0.5362728
v 0.1306401 -0.1466707 0.5595458
v 0.1183505 -0.1355342 0.5300365
v 0.1234123 -0.1176448 0.5524195
v 0.1030173 -0.1133030 0.5256032
v 0.1064703 -0.0942728 0.5468488
v 0.0837666 -0.0978456 0.5235059
v 0.0845878 -0.0791262 0.5444995
v 0.0589077 -0.0720212 0.5461961
v 0.0610530 -0.0910343 0.5249256
v 0.0383206 -0.0924654 0.5293853
v 0.0346543 -0.0742200 0.5518472
v 0.0030196 -0.1167779 0.5451571
v -0.0002181 -0.1042196 0.5706330
v 0.0132980 -0.0852956 0.5601216
v 0.0175974 -0.1011631 0.5363518
v 0.0116228 -0.1612609 0.4512971
v 0.0089338 -0.1486617 0.4740823
v 0.0278360 -0.1427622 0.4702364
v 0.0294718 -0.1569532 0.4484690
v 0.0463667 -0.1526120 0.4455006
v 0.0462395 -0.1411882 0.4674380
v 0.0636240 -0.1415466 0.4652123
v 0.0638925 -0.1531480 0.4418896
v 0.0944151 -0.1642978 0.4637929
v 0.0930955 -0.1757321 0.4396642
v 0.0799752 -0.1601465 0.4402698
v 0.0807803 -0.1485142 0.4633012
v 0.1078959 -0.1841180 0.4635713
v 0.1045499 -0.1961902 0.4401355
v 0.1112565 -0.2106818 0.4677883
v 0.1030810 -0.2223590 0.4438716
v 0.1007556 -0.2386349 0.4753306
v 0.0927626 -0.2489390 0.4518276
v -0.0078232 -0.2023662 0.4913481
v -0.0108456 -0.1816316 0.4870406
v -0.0099309 -0.1878548 0.4620495
v -0.0093533 -0.2088204 0.4666631
v 0.0182134 -0.2462878 0.4973162
v 0.0135386 -0.2484373 0.4702923
v 0.0302575 -0.2691504 0.4746175
v 0.0361814 -0.2679097 0.5009895
v 0.1159380 -0.2116689 0.5224321
v 0.1186965 -0.1808088 0.5141924
v 0.1134232 -0.1526108 0.5085000
v 0.0991716 -0.1316099 0.5057960
v 0.0048090 -0.1275432 0.5210939
v 0.0213949 -0.1149219 0.5140922
v -0.0029045 -0.1907674 0.5438801
v -0.0074592 -0.1678492 0.5373614
v 0.0707887 -0.2664106 0.5206458
v 0.0939040 -0.2518306 0.5094307
v 0.1005829 -0.2359953 0.5329365
v 0.0768460 -0.2508200 0.5440499
v 0.1151046 -0.1957706 0.4907590
v 0.1099126 -0.1691208 0.4866409
v 0.0964984 -0.1490795 0.4849083
v 0.0637403 -0.1259896 0.4844460
v 0.0819361 -0.1333332 0.4835213
v 0.0448349 -0.1254653 0.4876883
v 0.0072614 -0.1375484 0.4971480
v 0.0239968 -0.1274343 0.4920084
v -0.0046847 -0.1971822 0.5168684
v -0.0092221 -0.1750400 0.5115697
v 0.0560427 -0.2784340 0.4709875
v 0.0801978 -0.2712596 0.4613197
v 0.0874624 -0.2634512 0.4852634
v 0.0636944 -0.2762225 0.4959012
v 0.0477995 -0.2756964 0.4466951
v 0.0263901 -0.2667748 0.4498397
v 0.0612869 -0.1595771 0.4184659
v 0.0445272 -0.1586632 0.4227622
v 0.0769527 -0.1684690 0.4155561
v 0.0936663 -0.2335212 0.4197305
v 0.0984247 -0.2051116 0.4145737
v 0.0811252 -0.2582715 0.4277923
v 0.0677178 -0.2730914 0.4392551
v -0.0116532 -0.1986675 0.4144617
v -0.0125903 -0.2173177 0.4182187
v -0.0100933 -0.2116654 0.4433563
v -0.0082379 -0.1945102 0.4395203
v 0.0062360 -0.1709153 0.4056855
v 0.0122301 -0.1716946 0.4308645
v 0.0278189 -0.1645222 0.4269314
v 0.0214246 -0.1609125 0.4007951
v 0.0577901 -0.1611276 0.3910149
v 0.0395987 -0.1572185 0.3961457
v 0.0747588 -0.1705263 0.3883197
v 0.0900010 -0.2141232 0.3882102
v 0.0877471 -0.1886257 0.3862393
v 0.0911974 -0.1826399 0.4143252
v 0.0835807 -0.2443860 0.3941914
v 0.0515223 -0.2704739 0.3740135
v 0.0735051 -0.2524127 0.3657996
v 0.0622809 -0.2659592 0.4034645
v -0.0099993 -0.2794758 0.2892925
v -0.0235163 -0.2818168 0.2562713
v -0.0019209 -0.2829320 0.2507804
v 0.0140000 -0.2808380 0.2825015
v -0.0225400 -0.1997452 0.3878840
v -0.0211904 -0.2203716 0.3919414
v 0.0125931 -0.1583263 0.3721854
v -0.0049530 -0.1681349 0.3777685
v 0.0740314 -0.2252162 0.3288900
v 0.0724840 -0.1974990 0.3261774
v 0.0817028 -0.1940138 0.3568188
v 0.0831793 -0.2213654 0.3594796
v -0.0595778 -0.2303502 0.3030015
v -0.0491789 -0.2261104 0.3344945
v -0.0491550 -0.2042698 0.3298131
v -0.0599822 -0.2100538 0.2986108
v -0.0000714 -0.1589409 0.3427524
v -0.0121687 -0.1631373 0.3117232
v -0.0299102 -0.1727442 0.3183345
v -0.0181641 -0.1686073 0.3486018
v 0.0440399 -0.2363812 0.2665749
v 0.0431950 -0.2108484 0.2624972
v 0.0598919 -0.2028470 0.2945466
v 0.0609624 -0.2301698 0.2979865
v 0.0412689 -0.2746895 0.3444713
v 0.0294572 -0.2777723 0.3132884
v 0.0509790 -0.2590662 0.3052575
v 0.0638257 -0.2558433 0.3355998
v 0.0153120 -0.2736647 0.3522768
v 0.0037767 -0.2770269 0.3215752
v -0.0740701 -0.2282848 0.2294706
v -0.0755310 -0.2447893 0.2307593
v -0.0672757 -0.2370876 0.2674960
v -0.0667424 -0.2186162 0.2648571
v -0.0232483 -0.1719340 0.2798963
v -0.0341959 -0.1854162 0.2473120
v -0.0498073 -0.1926540 0.2540902
v -0.0408361 -0.1801227 0.2868796
v 0.0052968 -0.2497707 0.2013005
v 0.0030720 -0.2287612 0.1984331
v 0.0238769 -0.2196337 0.2303300
v 0.0251600 -0.2423041 0.2342453
v -0.0186255 -0.2849724 0.2163614
v -0.0011513 -0.2720782 0.2078911
v 0.0177607 -0.2681021 0.2420265
v -0.0382317 -0.2846639 0.2219256
v -0.0530122 -0.2897940 0.1886848
v -0.0365010 -0.2903930 0.1840616
v -0.0833476 -0.2378387 0.1954586
v -0.0831088 -0.2530874 0.1967987
v -0.0721809 -0.2177366 0.1886034
v -0.0597397 -0.2060250 0.2204119
v -0.0461603 -0.1988349 0.2153774
v -0.0598761 -0.2107177 0.1839129
v -0.0160214 -0.2034744 0.2011649
v -0.0320340 -0.2154345 0.1714555
v -0.0454145 -0.2097775 0.1776578
v -0.0309896 -0.1981877 0.2080585
v -0.0168033 -0.2381918 0.1700413
v -0.0230806 -0.2247110 0.1697141
v -0.0044646 -0.2135805 0.1985448
v -0.0137387 -0.2574728 0.1723563
v -0.0203198 -0.2784049 0.1773415
v -0.0159928 -0.0170193 0.7124243
v -0.0115021 -0.0091133 0.7030723
v -0.0143138 -0.0490504 0.7045022
v -0.0153010 -0.0550772 0.7160013
v 0.0192151 -0.1863911 0.6323739
v 0.0231232 -0.1760623 0.6613660
v 0.0111403 -0.2062144 0.5756679
v 0.0156871 -0.1977232 0.6035465
v 0.0086012 -0.2141687 0.5477800
v 0.0028185 -0.2237050 0.4932272
v 0.0062017 -0.2202755 0.5203997
v -0.0009854 -0.2271854 0.4679748
v -0.0025630 -0.2320395 0.4439040
v -0.0056646 -0.2377596 0.4188393
v -0.0237674 -0.2444267 0.3650996
v -0.0120033 -0.2408759 0.3924904
v -0.0350421 -0.2231166 0.3640647
v -0.0491394 -0.2523770 0.3026272
v -0.0372146 -0.2483722 0.3352771
v -0.0688746 -0.2620661 0.2293792
v -0.0595255 -0.2569034 0.2664607
v -0.0765057 -0.2685170 0.1951321
v 0.0713426 -0.1514583 0.7615217
v 0.0756655 -0.1421284 0.7783055
v 0.0455327 -0.1414985 0.7667935
v 0.0404687 -0.1465103 0.7532178
v -0.0034806 -0.0690539 0.7371522
v -0.0077200 -0.0702131 0.7349892
v -0.0024942 -0.0877641 0.7400832
v 0.0013756 -0.0860397 0.7425687
v 0.1092179 -0.2266392 0.4989995
v 0.0825293 -0.1161424 0.5038093
v 0.0415138 -0.1094396 0.5089023
v 0.0626613 -0.1090948 0.5046772
v 0.0196544 -0.2447637 0.5242977
v 0.0427100 -0.2617436 0.5254383
v 0.0482059 -0.2511239 0.5508468
v 0.0250575 -0.2365098 0.5503108
v 0.0244899 -0.2708563 0.3791852
v 0.0037943 -0.2590057 0.3875187
v -0.0057701 -0.2605940 0.3593514
v 0.0342377 -0.2705654 0.4038614
v 0.0703231 -0.1725810 0.3580043
v 0.0529194 -0.1602571 0.3615155
v 0.0218673 -0.1558858 0.3365564
v 0.0328078 -0.1556230 0.3667849
v 0.0436530 -0.1609066 0.3309702
v 0.0365075 -0.2186508 0.6043222
v 0.0307967 -0.2281682 0.5777037
v 0.0561261 -0.2394505 0.5759853
v 0.0639391 -0.2287598 0.6024327
v 0.1148479 0.1472761 0.9943059
v 0.1324605 0.1325708 0.9912913
v 0.1849305 0.0359447 1.0856430
v 0.1772558 0.0227909 1.0813224
v 0.1714443 0.0342634 1.0714414
v 0.1795139 0.0519958 1.0753626
v 0.1859889 0.0659540 1.0822298
v 0.1908634 0.0481791 1.0918566
v 0.1898485 0.0778895 1.0913171
v 0.1951873 0.0601321 1.0993325
v 0.2164575 0.1147577 1.1446681
v 0.2276212 0.1237775 1.1533106
v 0.0788623 -0.0412684 1.0806490
v 0.0751888 -0.0501518 1.0693186
v 0.0977261 -0.0398205 1.0627493
v 0.0793093 -0.0994205 0.9284635
v 0.0811129 -0.1055569 0.8585235
v 0.0589070 -0.1159241 0.8582892
v 0.0494880 -0.1246509 0.8354191
v 0.0121793 -0.1215504 0.7764374
v 0.0045414 -0.1061437 0.7603618
v 0.0004351 -0.0843001 0.7436751
v -0.0025025 -0.0657119 0.7365138
v 0.0548005 0.1873171 1.0617372
v 0.0551054 0.1948608 1.0905326
v 0.0668305 0.1468281 1.2855942
v 0.0820793 0.1558523 1.2850346
v 0.0940976 0.1418666 1.3060119
v 0.0794713 0.1351543 1.3063667
v 0.0853783 0.1291051 1.3155887
v 0.0996179 0.1350245 1.3151968
v 0.1188598 0.0949666 1.3558021
v 0.1127751 0.1028485 1.3495191
v -0.0112772 -0.0496448 0.7317187
v -0.0140924 -0.0415438 0.7276007
v -0.0115576 -0.0686822 0.7316355
v 0.0106295 -0.1352388 0.7280386
v 0.0146003 -0.1336403 0.7428380
v -0.0034062 -0.1117475 0.7328968
v -0.0049508 -0.1136998 0.7193011
v 0.1832972 -0.0385596 0.7210817
v 0.1801807 -0.0788978 0.7350667
v 0.0633142 0.0349376 0.6638727
v 0.3529292 0.2774768 1.1911714
v 0.3318717 0.2635371 1.1891496
v 0.3299591 0.2715317 1.2010406
v 0.3515079 0.2842667 1.2030376
v 0.0654916 0.2033172 1.1846259
v 0.0672975 0.2046334 1.1514052
v 0.1888113 0.0588504 1.2980679
v 0.2365328 0.0905634 1.2994709
v 0.2247278 0.0878293 1.3022296
v 0.2311719 0.0714510 1.2823020
v 0.2419924 0.0733959 1.2799588
v 0.1960544 0.1682035 1.2870161
v 0.1825122 0.1684992 1.2888716
v 0.1923597 0.1541640 1.3000189
v 0.2044689 0.1534691 1.2966690
v 0.0473875 0.1378642 0.7772029
v 0.0169179 0.1365997 0.7812630
v 0.0378469 0.1578129 0.9912006
v 0.0362489 0.1670700 1.0155449
v 0.0562672 0.1680901 1.0091751
v 0.0589913 0.1591024 0.9853291
v 0.0913834 0.2085853 1.1624128
v 0.1031406 0.2062094 1.1400511
v 0.1102413 -0.0399628 1.1293580
v 0.1285242 -0.0354530 1.1275510
v 0.1324939 -0.0303151 1.1404788
v 0.1143395 -0.0361034 1.1433112
v 0.3037222 0.2564517 1.2300387
v 0.3074662 0.2613418 1.2136250
v 0.2878869 0.2471170 1.2086842
v 0.2840873 0.2449636 1.2197697
v 0.1384050 0.0303444 0.6837849
v 0.1695760 0.0095624 0.7083798
v 0.1462245 0.1349038 1.0216588
v 0.1456453 0.1238825 1.0053145
v 0.1297584 0.1431733 1.0090029
v 0.1301075 0.1545686 1.0262976
v 0.1491512 0.1556354 1.0695537
v 0.1465812 0.1504250 1.0546610
v 0.1540821 0.1611308 1.0834316
v 0.2333949 0.1918653 1.1753006
v 0.2203920 0.1870866 1.1649955
v 0.2170469 0.1930896 1.1709620
v 0.0349268 -0.1514835 0.7354597
v 0.0525089 -0.1298746 0.7929719
v 0.0474597 -0.1283857 0.8053468
v -0.0074679 -0.0510908 0.7350786
v -0.0050246 -0.0489851 0.7344222
v 0.1788796 0.0279312 1.3077094
v 0.1797247 0.0439252 1.3163768
v 0.2853691 0.2079268 1.1809895
v 0.2712662 0.1932634 1.1800318
v 0.2006029 0.1674332 1.1414784
v 0.2122943 0.1732669 1.1489391
v 0.2168770 0.1584730 1.1478724
v 0.2056218 0.1514619 1.1396414
v 0.1957384 0.1797230 1.1459029
v 0.2074129 0.1842412 1.1527425
v 0.2252792 0.0545878 1.1849020
v 0.2305011 0.0594585 1.2036329
v 0.2221077 0.0518248 1.2079813
v 0.2173968 0.0452459 1.1889286
v 0.2075472 0.0361151 1.1902521
v 0.2127914 0.0437175 1.2102603
v 0.2003328 0.0352009 1.2111950
v 0.1954861 0.0263318 1.1916580
v 0.1867979 0.0418864 1.2748026
v 0.1746398 0.0242976 1.2653725
v 0.1594382 0.0094247 1.2609090
v 0.1449232 -0.0030505 1.2597568
v 0.1057268 0.1099542 1.3405884
v 0.1245290 0.1154414 1.3375365
v 0.1129175 0.1220666 1.3305915
v 0.0979396 0.1162997 1.3320382
v 0.0846896 0.1104856 1.3349275
v 0.0909902 0.1042342 1.3434808
v 0.1701469 0.0195114 1.2945470
v 0.1601426 0.0046491 1.2898365
v 0.1470988 -0.0025523 1.2792311
v 0.3908640 0.2133433 1.2473721
v 0.3711834 0.1988668 1.2505441
v 0.1744477 0.0716620 1.3400324
v 0.1786014 0.0583201 1.3278088
v 0.3845385 0.2263478 1.2580480
v 0.3647835 0.2120236 1.2613992
v 0.2210383 0.0586105 1.2561610
v 0.2313441 0.0632141 1.2567241
v 0.2206550 0.0684186 1.2828172
v 0.1726613 0.0123241 1.3016081
v 0.1629511 -0.0016403 1.2975855
v 0.1869356 -0.0273724 0.7570008
v 0.1819426 -0.0634421 0.7685575
v 0.1646777 0.0629399 0.9882587
v 0.1632621 0.0361633 0.9887141
v 0.0416416 -0.0763892 1.0473459
v 0.0375696 -0.0849095 1.0314761
v 0.0596553 -0.0808632 1.0279806
v 0.0647861 -0.0706497 1.0428449
v 0.0543097 -0.0477146 1.0862561
v 0.0500334 -0.0569976 1.0746097
v 0.1467698 -0.0236352 1.3047919
v 0.0730626 -0.0905725 0.9884226
v 0.0765384 -0.0811795 1.0072774
v 0.0547330 -0.0888379 1.0102236
v 0.0505923 -0.0978437 0.9881237
v 0.0383597 -0.1083083 0.9669478
v 0.0346640 -0.1109451 0.9561809
v 0.0281144 -0.1340244 0.8200850
v 0.0180708 -0.1348212 0.8203161
v 0.3234968 0.1437333 1.2229118
v 0.3250705 0.1450305 1.2429723
v 0.3131695 0.1312460 1.2436966
v 0.3113364 0.1311406 1.2231740
v 0.1101376 -0.0617200 0.9830855
v 0.0924117 -0.0784376 0.9867018
v 0.2148658 0.0916313 1.1376892
v 0.2066233 0.1080562 1.1355525
v 0.0835864 -0.0386852 1.0949700
v 0.1446400 -0.0298436 1.1272452
v 0.1483203 -0.0238580 1.1386077
v 0.1585258 -0.0217232 1.1267273
v 0.1623353 -0.0156742 1.1371039
v -0.0085606 -0.0291867 0.7357275
v -0.0096420 -0.0441723 0.7323274
v 0.2694830 0.2082165 1.2678344
v 0.2674608 0.2143024 1.2606321
v 0.2561244 0.2097214 1.2579121
v 0.2586936 0.2036417 1.2665678
v -0.0140077 -0.0863756 0.6933220
v -0.0124169 -0.0849947 0.7105145
v -0.0069821 0.0290945 0.7077230
v -0.0171264 0.0161857 0.7152249
v -0.0201945 0.0258984 0.7215503
v -0.0219002 0.0431587 0.7248381
v 0.0551895 -0.1854449 0.6889568
v 0.0607487 -0.1738749 0.7161164
v 0.0492586 -0.1970608 0.6609868
v 0.0429384 -0.2087202 0.6325254
v 0.0113564 -0.2504531 0.4454683
v 0.0121202 -0.2578995 0.4176662
v -0.0175546 -0.2637823 0.3287575
v -0.0300287 -0.2673414 0.2962234
v -0.0425122 -0.2706565 0.2609636
v -0.0668339 -0.2806600 0.1920466
v -0.0550817 -0.2752648 0.2251062
v 0.3771626 0.2414843 1.2615510
v 0.3705664 0.2564695 1.2595984
v 0.3485600 0.2433974 1.2627621
v 0.3552147 0.2273987 1.2654603
v 0.3230806 0.2251199 1.1782213
v 0.3411643 0.2392921 1.1779368
v 0.3482655 0.2253597 1.1786408
v 0.3297717 0.2102939 1.1796911
v 0.3602212 0.2540840 1.1772675
v 0.3352402 0.2522582 1.1809365
v 0.3554941 0.2668666 1.1819494
v 0.3513848 0.2864594 1.2168894
v 0.3295785 0.2745087 1.2154559
v 0.3303096 0.2715638 1.2312975
v 0.3533635 0.2845380 1.2317786
v 0.3639059 0.2691526 1.2534757
v 0.3581789 0.2789270 1.2438772
v 0.3359396 0.2658116 1.2453997
v 0.3428226 0.2564349 1.2560220
v 0.3819603 0.2158493 1.1878904
v 0.3626251 0.1996565 1.1901546
v 0.3555159 0.2116972 1.1829552
v 0.3746448 0.2272938 1.1802569
v 0.3223853 0.1531862 1.2610236
v 0.3114831 0.1385810 1.2643796
v 0.2470933 0.1184938 1.1688370
v 0.2578898 0.1295924 1.1775477
v 0.2698997 0.1185312 1.1854741
v 0.2583203 0.1074934 1.1795792
v 0.3539808 0.1735388 1.2367733
v 0.3520364 0.1838097 1.2535092
v 0.3357729 0.1678026 1.2574897
v 0.3382180 0.1586054 1.2397180
v 0.3434595 0.1834663 1.1909627
v 0.3254796 0.1672945 1.1913025
v 0.3183373 0.1796699 1.1848162
v 0.3367405 0.1958789 1.1846570
v 0.2903160 0.2417720 1.1945498
v 0.3089737 0.2574873 1.1983549
v 0.3054256 0.1349478 1.2035575
v 0.3184950 0.1465603 1.2043688
v 0.2074144 0.0863153 1.1284227
v 0.1976311 0.1465404 1.1324192
v 0.1912389 0.1423039 1.1236929
v 0.1833218 0.0162180 1.0901351
v 0.1885429 0.0153268 1.0987681
v 0.1873920 0.1092731 1.0999311
v 0.1842152 0.1000448 1.0865796
v 0.1909858 0.0241662 1.0971887
v 0.1887704 0.0272437 1.0926571
v 0.1322990 -0.0116562 1.0525564
v 0.1449847 -0.0012087 1.2703234
v 0.3319574 0.1597714 1.2034451
v 0.3367821 0.1567395 1.2208120
v 0.2694526 0.2337272 1.2129429
v 0.2718705 0.2321897 1.2019626
v 0.2583715 0.2182578 1.1961648
v 0.2568699 0.2220536 1.2066946
v 0.1321000 0.2058460 1.1773272
v 0.1379512 0.2033393 1.1617469
v 0.1209651 0.2051181 1.1519273
v 0.1121775 0.2080421 1.1700385
v 0.2798351 0.1970481 1.2784419
v 0.2691665 0.1895733 1.2800170
v 0.2782870 0.1796147 1.2835226
v 0.2896489 0.1894087 1.2812024
v 0.2898042 0.1671090 1.2839796
v 0.3025841 0.1529742 1.2786473
v 0.3149082 0.1662759 1.2751703
v 0.3021812 0.1792325 1.2807171
v 0.1814613 0.0139007 0.7830775
v 0.1691548 0.0439081 0.7760558
v 0.1341584 -0.0469335 0.9291429
v 0.1488084 -0.0245448 0.9284324
v 0.1090484 -0.0886323 0.8626618
v 0.0026784 -0.1095278 0.7443662
v 0.0229158 -0.1291402 0.7605319
v -0.0144677 -0.0914856 0.6674988
v 0.1832766 -0.0156309 0.7933157
v -0.0092394 -0.1130835 0.6091988
v -0.0124999 -0.1013127 0.6389400
v 0.0314334 -0.0554839 0.5745716
v 0.0278392 -0.0351199 0.6015042
v 0.0570162 -0.0331483 0.5928413
v 0.0575349 -0.0531706 0.5683913
v 0.0860415 -0.0406505 0.5893645
v 0.0846571 -0.0603741 0.5661100
v 0.0835631 -0.2357056 0.5681056
v 0.0093134 -0.1609519 0.3043250
v 0.0159114 -0.1765643 0.2663567
v -0.0036353 -0.1706207 0.2724087
v 0.0310374 -0.1660898 0.2990219
v 0.0614389 -0.1751667 0.3270195
v 0.0487275 -0.1806437 0.2956469
v 0.0349375 -0.2641426 0.2746389
v -0.0165980 -0.1841148 0.2401407
v 0.0004159 -0.1900890 0.2334643
v 0.0330024 -0.1904564 0.2632350
v 0.0149889 -0.2019346 0.2305886
v -0.0110019 -0.0869597 0.7234900
v -0.0249820 0.0592601 0.7219336
v 0.1632433 -0.1003642 0.7777880
v 0.1627884 -0.1132846 0.7499453
v 0.0784653 -0.1308483 0.7954234
v 0.1090390 -0.1200865 0.8044233
v 0.1433706 -0.0106217 0.9906890
v 0.1287123 -0.0303047 0.9936702
v 0.1478765 0.0122979 1.0197096
v 0.1458505 0.0015585 1.0051469
v 0.1571282 0.0233725 1.0042082
v 0.1576322 0.0344023 1.0183889
v 0.1634975 0.0849949 1.0178124
v 0.1634166 0.0741140 1.0033213
v 0.1575572 0.1001560 1.0035426
v 0.1574295 0.1112353 1.0190886
v 0.1490059 0.1131261 0.9890676
v 0.1600245 0.0893961 0.9880259
v 0.0750249 0.1747802 1.0269216
v 0.0746247 0.1848017 1.0520898
v 0.0935516 0.1787275 1.0426222
v 0.0940668 0.1679181 1.0199950
v 0.0384614 -0.1309414 0.8153041
v -0.0068258 -0.0895303 0.7362467
v 0.0666670 -0.1628785 0.7412366
v 0.1040503 -0.1504736 0.7638870
v 0.1367473 -0.1389687 0.7591152
v 0.2754340 0.1805804 1.1800371
v 0.1747477 0.1987237 1.1774054
v 0.1759756 0.1991630 1.1909122
v 0.3278369 0.1806822 1.2705765
v 0.3148469 0.1932636 1.2765368
v 0.3101815 0.1529963 1.1906494
v 0.3032266 0.1194215 1.2446286
v 0.2893788 0.1070952 1.2230162
v 0.3001254 0.1193964 1.2225337
v 0.1344775 -0.0767340 0.8495817
v 0.1360817 -0.0894633 0.8296926
v 0.1602775 -0.0673942 0.8299109
v -0.0170733 -0.0014206 0.7205931
v -0.0173722 0.0132757 0.7247289
v 0.0502313 -0.1363818 0.7794791
v -0.0054164 -0.1366868 0.5546572
v -0.0067608 -0.1259290 0.5815865
v -0.0054761 -0.1458404 0.5294467
v -0.0051538 -0.1543647 0.5052035
v -0.0048338 -0.1623022 0.4802786
v -0.0026431 -0.1705355 0.4564592
v -0.0002267 -0.1798001 0.4347362
v -0.0044997 -0.1833360 0.4099259
v -0.0360736 -0.2011942 0.3595552
v -0.0167039 -0.1815945 0.3830481
v -0.0297724 -0.1826794 0.3544697
v -0.0420975 -0.1866317 0.3242773
v -0.0602933 -0.2040365 0.2597806
v -0.0530435 -0.1931836 0.2932704
v -0.0686666 -0.2156453 0.2260501
v -0.0799230 -0.2259657 0.1925833
v -0.0124530 -0.0280936 0.7311250
v -0.0148920 -0.0157287 0.7261351
v 0.2092943 0.0536861 1.2557442
v 0.2108927 0.1332215 1.1416186
v 0.2214855 0.1413239 1.1492770
v 0.2966218 0.1404825 1.1899551
v -0.0260513 0.0745557 0.7215323
v -0.0257154 0.0874552 0.7236980
v 0.3216989 0.2456992 1.2567274
v 0.3262527 0.2326908 1.2655531
v 0.3008857 0.1646501 1.1847891
v 0.2383005 0.1332976 1.1637308
v 0.2494041 0.1417971 1.1729452
v 0.5463875 0.2915324 1.2665802
v 0.5657867 0.2969958 1.2672140
v 0.5618223 0.3044382 1.2763627
v 0.5416574 0.3000691 1.2755824
v 0.5496441 0.2874483 1.2541485
v 0.5683418 0.2939381 1.2550257
v 0.5455749 0.3294365 1.2081197
v 0.5639666 0.3365617 1.2154238
v 0.5660729 0.3229301 1.2171186
v 0.5476650 0.3152506 1.2109619
v 0.5874211 0.3022044 1.2442107
v 0.5693722 0.2952201 1.2424845
v 0.5686941 0.3013846 1.2311879
v 0.5867538 0.3088168 1.2344506
v 0.5371403 0.3549880 1.2212871
v 0.5192660 0.3491155 1.2122413
v 0.5143204 0.3548387 1.2250622
v 0.5325797 0.3595191 1.2339645
v 0.4711644 0.2913030 1.1852677
v 0.4571312 0.2809607 1.1824980
v 0.4555269 0.2946299 1.1766141
v 0.4700279 0.3055291 1.1805744
v 0.5069195 0.2801929 1.2648789
v 0.5266620 0.2857346 1.2656457
v 0.5211506 0.2956198 1.2740975
v 0.5004775 0.2914898 1.2718079
v 0.5122883 0.2782968 1.2223489
v 0.4917354 0.2715904 1.2205496
v 0.4904365 0.2798097 1.2070441
v 0.5106201 0.2873826 1.2094285
v 0.4800697 0.2886167 1.2684575
v 0.4866972 0.2755626 1.2637896
v 0.5504890 0.2934828 1.2279376
v 0.5318667 0.2855429 1.2248128
v 0.5301046 0.2948791 1.2132050
v 0.5488558 0.3031584 1.2178944
v 0.5738474 0.3624262 1.2375598
v 0.5554696 0.3593594 1.2298766
v 0.5512776 0.3625565 1.2421308
v 0.5702105 0.3644933 1.2493869
v 0.5854270 0.3184331 1.2278728
v 0.5672916 0.3110746 1.2228266
v 0.5840944 0.3300033 1.2234071
v 0.5737977 0.3310746 1.2830795
v 0.5525118 0.3292068 1.2809243
v 0.5570393 0.3158668 1.2805926
v 0.5777024 0.3188250 1.2819652
v 0.5081648 0.3121073 1.1946132
v 0.5269736 0.3210313 1.2011006
v 0.5287033 0.3070650 1.2049926
v 0.5094589 0.2987930 1.1998751
v 0.5111331 0.2735511 1.2521334
v 0.5304550 0.2805384 1.2530864
v 0.5312854 0.3274147 1.2779719
v 0.5100421 0.3252559 1.2739409
v 0.5151113 0.3094046 1.2762699
v 0.5361638 0.3126319 1.2788207
v 0.4872557 0.3370785 1.2587519
v 0.5072868 0.3392864 1.2660232
v 0.5075874 0.3488469 1.2532762
v 0.4880393 0.3458824 1.2446614
v 0.4872214 0.3170931 1.1873631
v 0.4888368 0.3019226 1.1894804
v 0.5012265 0.3414762 1.2027983
v 0.4833106 0.3327266 1.1926752
v 0.4777846 0.3424941 1.2047351
v 0.4961154 0.3490670 1.2155495
v 0.4594177 0.2560003 1.2342434
v 0.4734855 0.2600420 1.2347121
v 0.4718061 0.2629986 1.2500859
v 0.4564597 0.2603129 1.2494705
v 0.4669338 0.2728047 1.2615550
v 0.4506521 0.2716320 1.2592467
v 0.4229556 0.2841512 1.2565481
v 0.4315228 0.2860389 1.2575774
v 0.4250530 0.2983415 1.2503079
v 0.4163342 0.2959011 1.2497022
v 0.4490913 0.3349949 1.2407766
v 0.4676743 0.3358882 1.2502523
v 0.4692246 0.3430498 1.2345757
v 0.4506032 0.3400245 1.2236267
v 0.4386841 0.3345521 1.1977963
v 0.4543634 0.3402514 1.2078509
v 0.4605867 0.3351194 1.1939906
v 0.4461073 0.3266120 1.1851870
v 0.3910660 0.2939049 1.1845173
v 0.4048671 0.3045306 1.1845677
v 0.4094484 0.2935531 1.1762303
v 0.3957337 0.2830057 1.1774829
v 0.4202558 0.2652899 1.1753433
v 0.4262272 0.2539341 1.1826475
v 0.4144913 0.2439225 1.1836531
v 0.4078428 0.2554015 1.1764097
v 0.4251880 0.2399513 1.2421301
v 0.4337953 0.2454677 1.2399059
v 0.4288100 0.2552307 1.2532910
v 0.4188051 0.2513809 1.2540568
v 0.4336969 0.3333821 1.2320756
v 0.4323994 0.3365997 1.2130261
v 0.4314795 0.2749377 1.1745534
v 0.4427210 0.2845708 1.1743011
v 0.4457494 0.2714631 1.1805673
v 0.4359858 0.2629278 1.1817161
v 0.4406102 0.2500126 1.2072332
v 0.4483403 0.2578647 1.2055873
v 0.4488963 0.2538334 1.2201856
v 0.4417362 0.2483555 1.2215915
v 0.4408773 0.2495068 1.2378482
v 0.4485494 0.2528010 1.2360183
v 0.4450098 0.2589497 1.2505346
v 0.4366076 0.2572199 1.2517285
v 0.4238761 0.3299809 1.2276619
v 0.4156136 0.3267768 1.2234717
v 0.4165129 0.3186637 1.2337275
v 0.4244856 0.3207801 1.2382749
v 0.4336091 0.3161592 1.1789676
v 0.4275946 0.3250837 1.1905690
v 0.4582267 0.2649124 1.2043216
v 0.4477385 0.2621464 1.1913897
v 0.4582627 0.2712590 1.1918080
v 0.4388917 0.2710785 1.2585055
v 0.3883578 0.3016044 1.1939446
v 0.3734356 0.2911741 1.1927999
v 0.3715114 0.2966479 1.2038800
v 0.3860748 0.3068137 1.2046790
v 0.3764993 0.2824808 1.1838086
v 0.3808290 0.2708212 1.1780565
v 0.4003623 0.2315663 1.1854669
v 0.3933463 0.2428168 1.1781869
v 0.4065711 0.2236402 1.1975882
v 0.4204480 0.2362997 1.1958863
v 0.4243362 0.2326729 1.2106802
v 0.4107103 0.2192903 1.2122909
v 0.4091804 0.2277654 1.2444433
v 0.4032388 0.2402115 1.2551935
v 0.4115184 0.2645346 1.2571029
v 0.3965568 0.2550993 1.2580533
v 0.4148314 0.2792555 1.1734364
v 0.4266272 0.2896304 1.1726626
v 0.5279202 0.3414103 1.2716449
v 0.5491758 0.3426279 1.2762645
v 0.5477498 0.3529734 1.2662755
v 0.5273424 0.3512962 1.2603841
v 0.5484046 0.3600419 1.2547109
v 0.5682345 0.3612257 1.2609212
v 0.5323234 0.2804549 1.2385765
v 0.5511114 0.2880336 1.2407019
v 0.5867867 0.2994817 1.2560257
v 0.4591629 0.2591037 1.2183004
v 0.4726624 0.2647005 1.2188251
v 0.4114580 0.3059531 1.2408363
v 0.4027551 0.3026911 1.2408898
v 0.4077831 0.2926703 1.2492580
v 0.4347612 0.3209634 1.2449227
v 0.4360296 0.3029248 1.2512024
v 0.4550353 0.3027301 1.2591223
v 0.4503774 0.3207060 1.2537209
v 0.4073636 0.3219392 1.2199005
v 0.3976717 0.3158423 1.2181554
v 0.3992402 0.3109010 1.2304609
v 0.4084739 0.3154245 1.2313358
v 0.4263525 0.2338414 1.2262258
v 0.4350616 0.2421185 1.2236291
v 0.3836058 0.2809566 1.2506832
v 0.3904407 0.2694767 1.2558043
v 0.4044401 0.2769200 1.2549467
v 0.3976609 0.2877974 1.2495861
v 0.4143862 0.2813738 1.2556260
v 0.3774930 0.2900401 1.2421586
v 0.3919447 0.2974259 1.2412532
v 0.4121167 0.2200872 1.2288304
v 0.3854683 0.3080449 1.2176809
v 0.3709395 0.2985865 1.2174370
v 0.3733083 0.2961923 1.2306810
v 0.3878249 0.3045194 1.2303572
v 0.5289481 0.3576647 1.2475110
v 0.5100089 0.3542136 1.2394127
v 0.4520418 0.3118100 1.1766513
v 0.4664854 0.3224530 1.1830410
v 0.4387149 0.3005102 1.1733153
v 0.5419900 0.3442221 1.2116919
v 0.5601219 0.3502159 1.2199898
v 0.5054702 0.3276668 1.1947686
v 0.5238616 0.3363846 1.2033656
v 0.4894153 0.3229090 1.2684421
v 0.4126344 0.3208210 1.1966517
v 0.4218340 0.3296796 1.2018288
v 0.4166813 0.3151983 1.1860700
v 0.3862993 0.2563687 1.1756736
v 0.4016105 0.2692173 1.1747934
v 0.4230153 0.3335046 1.2172111
v 0.3671542 0.2409172 1.1772926
v 0.4432391 0.2871277 1.2598845
v 0.4218866 0.2682945 1.2578672
v 0.4303415 0.2701949 1.2582036
v 0.5816666 0.3080879 1.2770833
v 0.5127479 0.2731942 1.2369258
v 0.4713351 0.2718417 1.2052000
v 0.4715531 0.2805341 1.1936170
v 0.4016010 0.3113610 1.1945381
v 0.3986379 0.3158778 1.2050923
v 0.4089084 0.3234454 1.2074253
v 0.4309508 0.2459354 1.1945541
v 0.4333420 0.2420350 1.2092865
v 0.5780198 0.3546159 1.2280044
v 0.4394183 0.2544057 1.1931758
v 0.4603313 0.2872707 1.2638725
v 0.0732754 0.1406834 1.2963961
v 0.0538828 0.1388655 1.2886077
v 0.0605276 0.1334479 1.2987346
v 0.1802325 0.0885412 1.0754391
v 0.1571174 0.0252754 1.0593923
v 0.1661417 0.0465621 1.0594715
v 0.2021474 0.1272518 1.1336187
v 0.1953445 0.1218658 1.1239681
v 0.2450079 0.1559401 1.1707921
v 0.2327990 0.1491324 1.1605106
v 0.1934495 0.0881903 1.1027615
v 0.2563715 0.0149030 1.4414633
v 0.2527949 0.0186685 1.4356609
v 0.2614528 0.0127917 1.4534696
v 0.0387716 -0.1042013 0.9788805
v 0.0220154 -0.1116354 0.9563483
v 0.0196116 -0.1146092 0.9451428
v 0.2536117 0.0050227 1.4246637
v 0.2499948 0.0094747 1.4197315
v 0.2547846 0.0070237 1.4211165
v 0.2542790 0.0025684 1.4260232
v 0.2536862 0.0030464 1.4252974
v 0.2641987 0.0023531 1.4534565
v 0.2482238 0.0205782 1.4288036
v 0.2433225 0.0204283 1.4204246
v 0.2594385 -0.0003638 1.4399641
v 0.0452344 0.1389575 0.9161761
v 0.0482462 0.1386427 0.8946379
v 0.0221398 0.1381096 0.8972083
v 0.0207720 0.1372083 0.9183700
v -0.0071864 0.1384245 0.8815357
v -0.0062594 0.1362332 0.9018955
v 0.0237133 0.1396955 0.8746040
v 0.1414984 0.1057074 0.8374960
v 0.1391606 0.1089790 0.8599641
v 0.1562524 0.0882929 0.8672347
v 0.1594427 0.0844506 0.8459261
v 0.1645669 0.0692803 0.8902362
v 0.1680808 0.0640105 0.8737058
v 0.1521290 0.0925720 0.8854425
v 0.1705995 0.0421672 0.8944912
v 0.1735877 0.0366070 0.8783035
v 0.1690241 0.0152105 0.8971143
v 0.1722666 0.0091873 0.8803765
v 0.1654501 -0.0166607 0.8815554
v 0.1516408 -0.0407634 0.8830077
v 0.1335318 -0.0684074 0.8668691
v 0.1327475 -0.0629829 0.8827366
v 0.1112696 -0.0820206 0.8814045
v 0.0880127 -0.0983727 0.8795657
v 0.0660106 -0.1102382 0.8783437
v 0.0456417 -0.1181385 0.8779373
v 0.0275182 -0.1228455 0.8774854
v 0.0114005 -0.1241810 0.8768345
v 0.0100849 -0.1281960 0.8555739
v 0.2048176 0.0432130 1.2321651
v 0.1742675 0.1112661 1.3309289
v 0.1956269 0.0980345 1.3219689
v 0.1795741 0.1153598 1.3264272
v 0.1647588 0.1697136 1.2897796
v 0.1428032 0.1700537 1.2887657
v 0.1524618 0.1598243 1.3003486
v 0.1756783 0.1561007 1.3023961
v 0.1578158 0.1220100 1.3289194
v 0.1557684 0.1187582 1.3319132
v 0.1596032 0.1272230 1.3248710
v 0.1404954 0.1331209 1.3226789
v 0.1219846 0.1321680 1.3224474
v 0.2259601 0.1131675 1.3075295
v 0.2379712 0.1157738 1.3026142
v 0.2241743 0.1359899 1.3002482
v 0.2144042 0.1357601 1.3049508
v 0.1887989 0.1787034 1.2755790
v 0.1999098 0.1781288 1.2740662
v 0.1942738 0.1861139 1.2617995
v 0.1814511 0.1864412 1.2624295
v 0.2723752 0.1263623 1.2884870
v 0.2829551 0.1333953 1.2857564
v 0.2690064 0.1493729 1.2899070
v 0.2583993 0.1433466 1.2917888
v 0.2062868 0.1659431 1.2846425
v 0.0870463 0.2073218 1.1878348
v 0.1081569 0.2079181 1.1903856
v 0.1273711 0.2071763 1.1935986
v 0.1779528 0.1984990 1.2048674
v 0.1621047 0.2017190 1.1863404
v 0.1634220 0.2007358 1.2012849
v 0.1923049 0.1985167 1.2088194
v 0.2032957 0.1989378 1.2100408
v 0.2786033 0.0952428 1.2255128
v 0.2704535 0.0982159 1.1989534
v 0.2809989 0.1110922 1.2003885
v 0.2283224 0.2047581 1.2120899
v 0.2286806 0.2047501 1.2055517
v 0.2161469 0.1997332 1.1989264
v 0.2164597 0.1995651 1.2066977
v 0.2148190 0.1111276 1.3119445
v 0.2573180 0.1645878 1.2864142
v 0.2476692 0.1761038 1.2817422
v 0.2368884 0.1705396 1.2808558
v 0.2463776 0.1587577 1.2871899
v 0.2409536 0.1861779 1.2732444
v 0.2359498 0.1937591 1.2631493
v 0.2253559 0.1892042 1.2620099
v 0.2303508 0.1816589 1.2719982
v 0.2296100 0.2050503 1.2202231
v 0.2163509 0.1990946 1.2156571
v 0.3014266 0.1276889 1.2669630
v 0.2615365 0.0965789 1.2883307
v 0.2496296 0.0931139 1.2945349
v 0.2537094 0.0757714 1.2743058
v 0.2628534 0.0805396 1.2664942
v 0.2596589 0.1671964 1.1770629
v 0.2551500 0.1789238 1.1780884
v 0.2521747 0.1922020 1.1786011
v 0.2144014 0.1965010 1.1804070
v 0.2479485 0.2001168 1.1830112
v 0.2825408 0.1294114 1.1879286
v 0.2930022 0.1230620 1.2028719
v 0.2492444 0.0690193 1.2474452
v 0.2582428 0.0751313 1.2396991
v 0.2923687 0.1422169 1.2820699
v 0.2786663 0.1575446 1.2870336
v 0.2529545 0.2213830 1.2189956
v 0.2424922 0.2131842 1.2114651
v 0.2412267 0.2129092 1.2172896
v 0.1999885 0.1974518 1.1766046
v 0.2150153 0.1987979 1.1905015
v 0.2497575 0.1185031 1.2976546
v 0.2578612 0.1834798 1.2807068
v 0.2670938 0.1717671 1.2853139
v 0.2204368 0.1785808 1.2716567
v 0.2101595 0.1776542 1.2724501
v 0.2160460 0.1664265 1.2822423
v 0.2261802 0.1674823 1.2806165
v 0.2441392 0.2052337 1.2543704
v 0.2470914 0.1992661 1.2648276
v 0.2045177 0.1849647 1.2609728
v 0.2147719 0.1861143 1.2607054
v 0.2406235 0.2122959 1.2245649
v 0.2414088 0.0657614 1.2537638
v 0.2274838 0.0573685 1.2307951
v 0.2366758 0.0626589 1.2279220
v 0.2439857 0.0679374 1.2211134
v 0.2519117 0.0754894 1.2117505
v 0.2608960 0.0860013 1.2024617
v 0.2172761 0.0511371 1.2313520
v 0.4168211 0.3299319 1.2119262
v 0.2552554 0.2229239 1.2145838
v 0.2631222 0.2288700 1.2254945
v 0.2662307 0.2317328 1.2203583
v 0.3142758 0.2537116 1.2457784
v 0.1779693 -0.1112600 1.3655530
v 0.1766925 -0.1077391 1.3604801
v 0.1831082 -0.1161970 1.3885541
v 0.1824121 -0.1162821 1.3849015
v 0.4198207 0.3082820 1.2418188
v 0.4263302 0.3103854 1.2438189
v 0.4694526 0.3213836 1.2615053
v 0.4742894 0.3042239 1.2666296
v 0.4944536 0.3065290 1.2720579
v 0.4911129 0.2676849 1.2516122
v 0.4926809 0.2661493 1.2358630
v 0.4897186 0.2899871 1.1961957
v 0.4727164 0.3453781 1.2192974
v 0.6232244 0.3084911 1.2683327
v 0.6427419 0.3127908 1.2683717
v 0.6409479 0.3166796 1.2787972
v 0.6209416 0.3140583 1.2782073
v 0.6619781 0.3163484 1.2684858
v 0.6432631 0.3143959 1.2581989
v 0.6615097 0.3194562 1.2584702
v 0.6421398 0.3200769 1.2499168
v 0.6597199 0.3257190 1.2515359
v 0.6571048 0.3341858 1.2471122
v 0.6403042 0.3283900 1.2443263
v 0.6389077 0.3378854 1.2419252
v 0.6554501 0.3434564 1.2460667
v 0.6195867 0.3423004 1.2358576
v 0.6172822 0.3531980 1.2372430
v 0.6349406 0.3569362 1.2446085
v 0.6372223 0.3476963 1.2421129
v 0.6474224 0.3698372 1.2644211
v 0.6296590 0.3690033 1.2584439
v 0.6280049 0.3680386 1.2680443
v 0.6461754 0.3691020 1.2729039
v 0.6094019 0.3550093 1.2802228
v 0.6290264 0.3560674 1.2852205
v 0.6279262 0.3633436 1.2775482
v 0.6081405 0.3626678 1.2716801
v 0.6468021 0.3578564 1.2901345
v 0.6314562 0.3466314 1.2894644
v 0.6493258 0.3477906 1.2934316
v 0.6054916 0.3039933 1.2567970
v 0.6038377 0.3051034 1.2681716
v 0.5847135 0.3014721 1.2676923
v 0.6227439 0.3219147 1.2408742
v 0.6239665 0.3138203 1.2477581
v 0.6056427 0.3078837 1.2462039
v 0.6046715 0.3153346 1.2379349
v 0.5815673 0.3428972 1.2229480
v 0.5994007 0.3482958 1.2302502
v 0.6015699 0.3363325 1.2298021
v 0.6212493 0.3314956 1.2371780
v 0.6032706 0.3250462 1.2326185
v 0.6141838 0.3621915 1.2428214
v 0.6321439 0.3648395 1.2501882
v 0.6180605 0.3235248 1.2842094
v 0.6380132 0.3255274 1.2857974
v 0.6349010 0.3360185 1.2889583
v 0.6149842 0.3342088 1.2867879
v 0.5960356 0.3585604 1.2354577
v 0.5979750 0.3212481 1.2831177
v 0.5946607 0.3327138 1.2849703
v 0.6117133 0.3453101 1.2860366
v 0.5914445 0.3444243 1.2828965
v 0.6567078 0.3270683 1.2877473
v 0.6602682 0.3188911 1.2795396
v 0.6011872 0.3111896 1.2778608
v 0.6109953 0.3675944 1.2518620
v 0.5924114 0.3650294 1.2448528
v 0.5894154 0.3661842 1.2560089
v 0.6086860 0.3673279 1.2621526
v 0.5683740 0.3537123 1.2710235
v 0.5891960 0.3545696 1.2755125
v 0.5883047 0.3619479 1.2662348
v 0.6459619 0.3650863 1.2825005
v 0.5704187 0.3436388 1.2795073
v 0.7386503 0.3594403 1.2601254
v 0.7458507 0.3531499 1.2557042
v 0.7378846 0.3515498 1.2498936
v 0.7300527 0.3579477 1.2551111
v 0.7202287 0.3451069 1.2361298
v 0.7307712 0.3381926 1.2343599
v 0.7253074 0.3296382 1.2338957
v 0.7137192 0.3351962 1.2349068
v 0.7514300 0.3455919 1.2541032
v 0.7440943 0.3448895 1.2473237
v 0.7515301 0.3376995 1.2557082
v 0.7582361 0.3456005 1.2603366
v 0.7581070 0.3388982 1.2650885
v 0.7646907 0.3407983 1.2708631
v 0.7614542 0.3397664 1.2798849
v 0.7513493 0.3342568 1.2746302
v 0.7380687 0.3484916 1.2930352
v 0.7520364 0.3526644 1.2943177
v 0.7466030 0.3609749 1.2986985
v 0.7325693 0.3566110 1.2970884
v 0.7333586 0.3766241 1.3001602
v 0.7208544 0.3710035 1.2986904
v 0.7270014 0.3637827 1.2980902
v 0.7410027 0.3690001 1.2994757
v 0.7285304 0.3688730 1.2678953
v 0.7320543 0.3647672 1.2650666
v 0.7230459 0.3636300 1.2613307
v 0.7189243 0.3678729 1.2646135
v 0.7507905 0.3263287 1.2541382
v 0.7520661 0.3299354 1.2517791
v 0.7501204 0.3325250 1.2615583
v 0.7447417 0.3280804 1.2631653
v 0.6920686 0.3754024 1.2579189
v 0.6935828 0.3687656 1.2547993
v 0.6839550 0.3632189 1.2532166
v 0.6812705 0.3704432 1.2566193
v 0.6954172 0.3437270 1.2406222
v 0.6928964 0.3306373 1.2464893
v 0.6851976 0.3327725 1.2486696
v 0.6883189 0.3468316 1.2458067
v 0.7035914 0.3401156 1.2372305
v 0.7112839 0.3259908 1.2416839
v 0.7008808 0.3286287 1.2439355
v 0.7234762 0.3221993 1.2394774
v 0.6770286 0.3772885 1.2627201
v 0.6840017 0.3831844 1.2644869
v 0.8116974 0.3580101 1.2753992
v 0.8061366 0.3565228 1.2745567
v 0.8056032 0.3616775 1.2753166
v 0.8112741 0.3629963 1.2764996
v 0.6788640 0.3807032 1.2836088
v 0.6731201 0.3780368 1.2803810
v 0.6739289 0.3727286 1.2883603
v 0.6806160 0.3740249 1.2906488
v 0.6863259 0.3846137 1.2874828
v 0.6891800 0.3762766 1.2935898
v 0.8134476 0.3517518 1.2870285
v 0.8073299 0.3506077 1.2870834
v 0.8072690 0.3503051 1.2818630
v 0.8130958 0.3517466 1.2819408
v 0.7475912 0.3602295 1.2630840
v 0.7541000 0.3537887 1.2595245
v 0.7705222 0.3587512 1.2661034
v 0.7706840 0.3523746 1.2650649
v 0.7625527 0.3531329 1.2622951
v 0.7582799 0.3610363 1.2655063
v 0.7457082 0.3752032 1.2738092
v 0.7518640 0.3704147 1.2712304
v 0.7415911 0.3681528 1.2694176
v 0.7357192 0.3731997 1.2720369
v 0.7294271 0.3832991 1.2738898
v 0.7276790 0.3891572 1.2746464
v 0.7355655 0.3914542 1.2773256
v 0.7387943 0.3853862 1.2765050
v 0.7596104 0.3845091 1.2798649
v 0.7567826 0.3888749 1.2816642
v 0.7651072 0.3897102 1.2859481
v 0.7681908 0.3859605 1.2839451
v 0.6670399 0.3755567 1.2789056
v 0.6671508 0.3708342 1.2870279
v 0.7202636 0.3922187 1.2993912
v 0.7280364 0.3976529 1.3017330
v 0.7229366 0.4052841 1.2967934
v 0.7149441 0.3996861 1.2944350
v 0.6847374 0.3654372 1.2948217
v 0.6773742 0.3640337 1.2937509
v 0.8132416 0.3551279 1.2915019
v 0.8071275 0.3538390 1.2917500
v 0.7247250 0.3190357 1.2493174
v 0.7117570 0.3223539 1.2529207
v 0.7009396 0.3246819 1.2557200
v 0.6929645 0.3256562 1.2576018
v 0.6859244 0.3248117 1.2585345
v 0.7618782 0.3659477 1.2689092
v 0.7399533 0.3646785 1.2663194
v 0.7257039 0.3721187 1.2692014
v 0.7132617 0.3978793 1.2738827
v 0.7178336 0.3920052 1.2721478
v 0.7118488 0.3888243 1.2686202
v 0.7055719 0.3963831 1.2715232
v 0.7141759 0.4044853 1.2868820
v 0.7224978 0.4084414 1.2892687
v 0.7254568 0.4071428 1.2830192
v 0.7177107 0.4040958 1.2803510
v 0.7492317 0.3213841 1.2543873
v 0.7398117 0.3233142 1.2609702
v 0.6798125 0.3846347 1.2745585
v 0.6740758 0.3800225 1.2718882
v 0.6684326 0.3754530 1.2698347
v 0.7059145 0.3689563 1.2593758
v 0.7086602 0.3660500 1.2576876
v 0.6976379 0.3608984 1.2490216
v 0.6948445 0.3647797 1.2524444
v 0.7208230 0.3569659 1.2473303
v 0.7296805 0.3502887 1.2425042
v 0.7103987 0.3518304 1.2398916
v 0.6857429 0.3565683 1.2497797
v 0.6779534 0.3511304 1.2500052
v 0.6758552 0.3588694 1.2532313
v 0.6733383 0.3663705 1.2574591
v 0.6704022 0.3726794 1.2629634
v 0.6686921 0.3477636 1.2487128
v 0.6668678 0.3558627 1.2515847
v 0.6646083 0.3635627 1.2562121
v 0.6623465 0.3693722 1.2618994
v 0.6597836 0.3598383 1.2926862
v 0.6692880 0.3621479 1.2931918
v 0.6585688 0.3681456 1.2853709
v 0.6743579 0.3298110 1.2514023
v 0.6711366 0.3388630 1.2490447
v 0.6806542 0.3421910 1.2486246
v 0.6764691 0.3229561 1.2586097
v 0.7383517 0.3327002 1.2341168
v 0.7431202 0.3370953 1.2396329
v 0.7488195 0.3329831 1.2384705
v 0.7454086 0.3288323 1.2336961
v 0.7647092 0.3455946 1.2648300
v 0.7715243 0.3463248 1.2684401
v 0.7718155 0.3427118 1.2747922
v 0.6910655 0.3889727 1.2675441
v 0.6982302 0.3817894 1.2622811
v 0.7713867 0.3636827 1.2693122
v 0.8000782 0.3493390 1.2866668
v 0.7880733 0.3468478 1.2851420
v 0.7877952 0.3467476 1.2788092
v 0.8002117 0.3489997 1.2810960
v 0.7788925 0.3664002 1.2766934
v 0.7867094 0.3655442 1.2795507
v 0.7857789 0.3629785 1.2739620
v 0.7780371 0.3626391 1.2716376
v 0.7529487 0.3944022 1.2827323
v 0.7598633 0.3950490 1.2861032
v 0.7657975 0.3582127 1.2929659
v 0.7565160 0.3442334 1.2889673
v 0.7676210 0.3477897 1.2903143
v 0.7417577 0.3802798 1.2755965
v 0.7480229 0.3873941 1.2788681
v 0.7508592 0.3827026 1.2774574
v 0.7644829 0.3684361 1.2710899
v 0.7595209 0.3718415 1.2726011
v 0.7671699 0.3718966 1.2745188
v 0.7710510 0.3674050 1.2725036
v 0.7042276 0.4005000 1.2827341
v 0.7050410 0.3940694 1.2927857
v 0.8066990 0.3524557 1.2773058
v 0.8123746 0.3540025 1.2778096
v 0.6591446 0.3720585 1.2765198
v 0.6603858 0.3723306 1.2685906
v 0.7321212 0.3778612 1.2732065
v 0.7438094 0.3406130 1.2861186
v 0.7227396 0.3759781 1.2698630
v 0.7474347 0.3924797 1.3000103
v 0.7549143 0.3946961 1.3020118
v 0.7542707 0.3987001 1.2968481
v 0.7464114 0.3984123 1.2958774
v 0.7982582 0.3660718 1.2831296
v 0.8053871 0.3667818 1.2851693
v 0.8054777 0.3654392 1.2795538
v 0.7981141 0.3643267 1.2772737
v 0.7772714 0.3580719 1.2687127
v 0.7855384 0.3587703 1.2706181
v 0.7858316 0.3534978 1.2703877
v 0.7772576 0.3524156 1.2681045
v 0.7781169 0.3476200 1.2715130
v 0.7868368 0.3491883 1.2737784
v 0.7987308 0.3642892 1.2895407
v 0.7876793 0.3634102 1.2865685
v 0.7869072 0.3573190 1.2911791
v 0.7991391 0.3585358 1.2929053
v 0.7085660 0.3654263 1.2974579
v 0.7152225 0.3790659 1.2989209
v 0.7036164 0.3731225 1.2975706
v 0.7447225 0.3817305 1.3018258
v 0.7374078 0.3907925 1.2992330
v 0.7266614 0.3848837 1.3001141
v 0.7101214 0.3860937 1.2977382
v 0.7751795 0.3670277 1.2869522
v 0.7731230 0.3656364 1.2925637
v 0.7763381 0.3586852 1.2893753
v 0.7192876 0.3823016 1.2699709
v 0.7996113 0.3511158 1.2760347
v 0.6937080 0.3267359 1.2794229
v 0.7021051 0.3289595 1.2790338
v 0.6998425 0.3378268 1.2899883
v 0.6908239 0.3341360 1.2887041
v 0.7983216 0.3602896 1.2732038
v 0.7990247 0.3553050 1.2725826
v 0.7500724 0.3997532 1.2856824
v 0.7493384 0.4032630 1.2903674
v 0.7552671 0.4017881 1.2921707
v 0.7566198 0.3991209 1.2885367
v 0.6992233 0.3803052 1.2962913
v 0.7328807 0.4022716 1.3033393
v 0.7292295 0.4099503 1.2981218
v 0.6930340 0.3683350 1.2964794
v 0.6891886 0.3560629 1.2959153
v 0.6975941 0.3601661 1.2965168
v 0.7556908 0.3746546 1.2990798
v 0.7137922 0.3587826 1.2967844
v 0.7023676 0.3534069 1.2953060
v 0.6934241 0.3477256 1.2941428
v 0.6859745 0.3439632 1.2936390
v 0.6819641 0.3532967 1.2950139
v 0.7997073 0.3525793 1.2914651
v 0.8064780 0.3594823 1.2934593
v 0.6629275 0.3489150 1.2947627
v 0.6733450 0.3508989 1.2947076
v 0.6668057 0.3388498 1.2932277
v 0.6775011 0.3411576 1.2933705
v 0.7118480 0.3394963 1.2897299
v 0.7073052 0.3463362 1.2937608
v 0.7245983 0.3444801 1.2915707
v 0.7190003 0.3519507 1.2954647
v 0.7594738 0.3650391 1.2996348
v 0.8207696 0.3659244 1.2918868
v 0.8201621 0.3686140 1.2882136
v 0.8117223 0.3676854 1.2865573
v 0.8125118 0.3649551 1.2910201
v 0.8058967 0.3645760 1.2905069
v 0.8128234 0.3603154 1.2935202
v 0.7304204 0.3366509 1.2837441
v 0.7744574 0.3715797 1.2781823
v 0.7163114 0.3310241 1.2779503
v 0.7296812 0.3255279 1.2693640
v 0.7389003 0.3296680 1.2746172
v 0.7133280 0.3229713 1.2649207
v 0.7019342 0.3238353 1.2676234
v 0.6867072 0.3223153 1.2688201
v 0.6935003 0.3237529 1.2686789
v 0.6772112 0.3197137 1.2686027
v 0.7259782 0.3202992 1.2599603
v 0.8185401 0.3653241 1.2781738
v 0.8191541 0.3604291 1.2763514
v 0.6859447 0.3246656 1.2794747
v 0.6756142 0.3218194 1.2795297
v 0.7376100 0.3431994 1.2402998
v 0.7137977 0.3739331 1.2659292
v 0.7108048 0.3787123 1.2655295
v 0.7055178 0.3856749 1.2654794
v 0.6985667 0.3932169 1.2697733
v 0.6714595 0.3288245 1.2888759
v 0.6538943 0.3524043 1.2477287
v 0.6515652 0.3604236 1.2520352
v 0.6528998 0.3373126 1.2918642
v 0.8200827 0.3564226 1.2783157
v 0.7682697 0.3866807 1.2920654
v 0.7703619 0.3856344 1.2907164
v 0.7340315 0.3258584 1.2333687
v 0.7427545 0.3229379 1.2334717
v 0.7452405 0.3154428 1.2441468
v 0.7351812 0.3164585 1.2461884
v 0.7332940 0.3194105 1.2379412
v 0.7431300 0.3180549 1.2374324
v 0.7042846 0.3718806 1.2604643
v 0.7022794 0.3761109 1.2613505
v 0.6952471 0.3888934 1.2906100
v 0.6947000 0.3950959 1.2808507
v 0.7787797 0.3447930 1.2771773
v 0.7783494 0.3453606 1.2839195
v 0.7704437 0.3428261 1.2828945
v 0.7870632 0.3507776 1.2904702
v 0.7799083 0.3644118 1.2839600
v 0.7772041 0.3685953 1.2828591
v 0.7135621 0.3621848 1.2537052
v 0.7029250 0.3569985 1.2448201
v 0.7511174 0.3338366 1.2462151
v 0.7472461 0.3385276 1.2464677
v 0.7544266 0.3770744 1.2751065
v 0.7681195 0.3756908 1.2997642
v 0.7696582 0.3682053 1.2997631
v 0.7625444 0.3781842 1.2770796
v 0.8212159 0.3541717 1.2821481
v 0.8216199 0.3540421 1.2871973
v 0.7768337 0.3497403 1.2900054
v 0.7443072 0.3933603 1.2799909
v 0.7695680 0.3814388 1.2960720
v 0.7619572 0.3816198 1.2985228
v 0.7284591 0.4111065 1.2909629
v 0.6824835 0.3314506 1.2889065
v 0.8111595 0.3669179 1.2807057
v 0.8187144 0.3687854 1.2825454
v 0.8207586 0.3619580 1.2934058
v 0.8209370 0.3571926 1.2916998
v 0.6867708 0.3897138 1.2777534
v 0.7162832 0.3707830 1.2655616
v 0.6492295 0.3665849 1.2574709
v 0.7368382 0.3180557 1.2551372
v 0.7473677 0.3165894 1.2511404
v 0.7698882 0.3790794 1.2797965
v 0.7396912 0.3982483 1.3001164
v 0.7648211 0.3844401 1.3014940
v 0.7588389 0.3881837 1.3050119
v 0.7526322 0.3854500 1.3033592
v 0.7686146 0.3858722 1.2970138
v 0.8278004 0.3587505 1.2922723
v 0.8273920 0.3633260 1.2939115
v 0.8287514 0.3556269 1.2878618
v 0.8276045 0.3560417 1.2828930
v 0.8258662 0.3581266 1.2793028
v 0.8271808 0.3670692 1.2924598
v 0.8262595 0.3694617 1.2890177
v 0.8243865 0.3695773 1.2835862
v 0.8326223 0.3685098 1.2928852
v 0.8340793 0.3649665 1.2942876
v 0.8416834 0.3589442 1.2875197
v 0.8425568 0.3599950 1.2905598
v 0.8388798 0.3592604 1.2906705
v 0.8360895 0.3574165 1.2887135
v 0.8463122 0.3610396 1.2877058
v 0.8469541 0.3615238 1.2910162
v 0.8418194 0.3623786 1.2935977
v 0.8374905 0.3610803 1.2928333
v 0.8465379 0.3640043 1.2943442
v 0.8452014 0.3674909 1.2952629
v 0.8406949 0.3658736 1.2943652
v 0.8372846 0.3639942 1.2938327
v 0.8338007 0.3600849 1.2927122
v 0.8498915 0.3637099 1.2890627
v 0.8510854 0.3675047 1.2919607
v 0.8503864 0.3656062 1.2943856
v 0.8498708 0.3630206 1.2915577
v 0.8336411 0.3576912 1.2837372
v 0.8400193 0.3600258 1.2841952
v 0.8451391 0.3625986 1.2847977
v 0.8487656 0.3655425 1.2864558
v 0.8390540 0.3624887 1.2814588
v 0.8442069 0.3650353 1.2830881
v 0.8470919 0.3674780 1.2848808
v 0.8383087 0.3659101 1.2806244
v 0.8434792 0.3677682 1.2829424
v 0.8315609 0.3598055 1.2802577
v 0.8300804 0.3632887 1.2788054
v 0.8457055 0.3687647 1.2845143
v 0.8497789 0.3691711 1.2895476
v 0.8391668 0.3684014 1.2943731
v 0.8440907 0.3702001 1.2946218
v 0.8382084 0.3705907 1.2929890
v 0.8433292 0.3720301 1.2930470
v 0.8485466 0.3683552 1.2957073
v 0.8484243 0.3704842 1.2943244
v 0.8244952 0.3618559 1.2775556
v 0.8238337 0.3665619 1.2797090
v 0.8293956 0.3676913 1.2806976
v 0.8373678 0.3700769 1.2823870
v 0.8298136 0.3704164 1.2848238
v 0.8317023 0.3706356 1.2897030
v 0.8376467 0.3720432 1.2904270
v 0.8369433 0.3722661 1.2864608
v 0.8425860 0.3729130 1.2904348
v 0.8423001 0.3727786 1.2874678
v 0.8428483 0.3708865 1.2845717
v 0.8461338 0.3725665 1.2896309
v 0.8473721 0.3719439 1.2921000
v 0.8477161 0.3702685 1.2875172
v 0.8456416 0.3708147 1.2860573
v 0.8449957 0.3723658 1.2877571
v 0.8097751 0.3867847 1.2912622
v 0.8028721 0.3838223 1.2897202
v 0.8013494 0.3882742 1.2906243
v 0.8083766 0.3912525 1.2925138
v 0.8101192 0.3784066 1.3014392
v 0.8034663 0.3760045 1.3008860
v 0.8041340 0.3770420 1.2953461
v 0.8107818 0.3798636 1.2958810
v 0.8079805 0.3818497 1.3061749
v 0.8013519 0.3793786 1.3058282
v 0.7957496 0.3730287 1.2995968
v 0.7826644 0.3691606 1.2957368
v 0.7834555 0.3708921 1.2898133
v 0.7964518 0.3744253 1.2938613
v 0.7783063 0.3870350 1.2923702
v 0.7779342 0.3854289 1.2873102
v 0.8037687 0.3801803 1.2916507
v 0.8106442 0.3829959 1.2925011
v 0.7914675 0.3905487 1.2962213
v 0.7996909 0.3930843 1.2987076
v 0.8002842 0.3917341 1.2939809
v 0.7920099 0.3891858 1.2912751
v 0.7793206 0.3808727 1.2836437
v 0.7817501 0.3757618 1.2823598
v 0.7832860 0.3727460 1.2852405
v 0.7915687 0.3885416 1.3016411
v 0.7788986 0.3844832 1.2984085
v 0.7790708 0.3786916 1.3023656
v 0.7922720 0.3833018 1.3052417
v 0.7960846 0.3771069 1.2895135
v 0.7931356 0.3851593 1.2878476
v 0.7949846 0.3806779 1.2869732
v 0.7935775 0.3765898 1.3046245
v 0.8000304 0.3860533 1.3063984
v 0.8158121 0.3954612 1.3062630
v 0.8160342 0.3983336 1.3028674
v 0.8067109 0.3955943 1.3005037
v 0.8067063 0.3931059 1.3046002
v 0.7997667 0.3910000 1.3031946
v 0.8068214 0.3880155 1.3070801
v 0.8182623 0.3954480 1.2950845
v 0.8194624 0.3909095 1.2932924
v 0.8202624 0.3871060 1.2942260
v 0.7805049 0.3716994 1.3022274
v 0.8201350 0.3841318 1.2972389
v 0.8192493 0.3822655 1.3024577
v 0.8073417 0.3946573 1.2958426
v 0.8167451 0.3982528 1.2983857
v 0.8158369 0.3908559 1.3081486
v 0.8168275 0.3851400 1.3072451
v 0.8244966 0.3885116 1.3080583
v 0.8232462 0.3936177 1.3089412
v 0.8268680 0.3855621 1.3037630
v 0.8269514 0.3869854 1.2987240
v 0.8263228 0.3895796 1.2958371
v 0.8229847 0.3974357 1.3075504
v 0.8226751 0.3998963 1.3045800
v 0.8226576 0.3999886 1.3001331
v 0.8296383 0.3998383 1.3088205
v 0.8310125 0.3967218 1.3104020
v 0.8452757 0.3944348 1.3061997
v 0.8452927 0.3945237 1.3094750
v 0.8404922 0.3926215 1.3082606
v 0.8401937 0.3914906 1.3053294
v 0.8368617 0.3914067 1.3081037
v 0.8344649 0.3890077 1.3057198
v 0.8395601 0.3951527 1.3107363
v 0.8353131 0.3934364 1.3099099
v 0.8445175 0.3969130 1.3131302
v 0.8427333 0.4002413 1.3135544
v 0.8377704 0.3980154 1.3114669
v 0.8344825 0.3962351 1.3104853
v 0.8492607 0.3974740 1.3084203
v 0.8487490 0.3962952 1.3107038
v 0.8312681 0.3915560 1.3093887
v 0.8327448 0.3895015 1.3005416
v 0.8393154 0.3925016 1.3017961
v 0.8449888 0.3958851 1.3035001
v 0.8486250 0.3992417 1.3058888
v 0.8384525 0.3949697 1.2989427
v 0.8441477 0.3980576 1.3014118
v 0.8469128 0.4008975 1.3040818
v 0.8372812 0.3986421 1.2979808
v 0.8429175 0.4010411 1.3009696
v 0.8313294 0.3918372 1.2971826
v 0.8298721 0.3952675 1.2961341
v 0.8452719 0.4021257 1.3033189
v 0.8490343 0.4023890 1.3091855
v 0.8501341 0.4008318 1.3119789
v 0.8493370 0.3986245 1.3144823
v 0.8366821 0.4001119 1.3108501
v 0.8421609 0.4022965 1.3121690
v 0.8359320 0.4023765 1.3101393
v 0.8416511 0.4041866 1.3111954
v 0.8467216 0.4015310 1.3149559
v 0.8468916 0.4031286 1.3134197
v 0.8251842 0.3931995 1.2950174
v 0.8237474 0.3972198 1.2966698
v 0.8284453 0.3992665 1.2976946
v 0.8357513 0.4025387 1.2998937
v 0.8275186 0.4018308 1.3013942
v 0.8285084 0.4018458 1.3060522
v 0.8350536 0.4039230 1.3076898
v 0.8346939 0.4044040 1.3037988
v 0.8407783 0.4051800 1.3089155
v 0.8404630 0.4055301 1.3057638
v 0.8414315 0.4041701 1.3025854
v 0.8449027 0.4052757 1.3088090
v 0.8462693 0.4046026 1.3112667
v 0.8469888 0.4035202 1.3068367
v 0.8447585 0.4041542 1.3048095
v 0.8435768 0.4053950 1.3066006
v 0.7917712 0.4042318 1.2989862
v 0.7867501 0.4014173 1.2975878
v 0.7841937 0.4056784 1.2968271
v 0.7895707 0.4087446 1.2981994
v 0.7915123 0.3997785 1.3095894
v 0.7856104 0.3958084 1.3084855
v 0.7876058 0.3961891 1.3044307
v 0.7929235 0.3996848 1.3059389
v 0.7890089 0.4028780 1.3125233
v 0.7823566 0.3993707 1.3115809
v 0.7796456 0.3923559 1.3067056
v 0.7709191 0.3880292 1.3037891
v 0.7734622 0.3890976 1.2986842
v 0.7821758 0.3929467 1.3021683
v 0.7879372 0.3982462 1.3006182
v 0.7931651 0.4013416 1.3021999
v 0.7736133 0.4079541 1.2992566
v 0.7802416 0.4107467 1.3020442
v 0.7817643 0.4092173 1.2986665
v 0.7752309 0.4061067 1.2959520
v 0.7671527 0.3976595 1.2898708
v 0.7707283 0.3937157 1.2905142
v 0.7730221 0.3912088 1.2939470
v 0.7728397 0.4070672 1.3044700
v 0.7625971 0.4021008 1.3001578
v 0.7632421 0.3980944 1.3055809
v 0.7731740 0.4023608 1.3091971
v 0.7825645 0.3953634 1.2980559
v 0.7780458 0.4027649 1.2939026
v 0.7810417 0.3985185 1.2947898
v 0.7757380 0.3960781 1.3098040
v 0.7798966 0.4051901 1.3107573
v 0.7951004 0.4160464 1.3115934
v 0.7951541 0.4179808 1.3077468
v 0.7859654 0.4138825 1.3041280
v 0.7856626 0.4123469 1.3085879
v 0.7793839 0.4098055 1.3065843
v 0.7867470 0.4080635 1.3121173
v 0.7978563 0.4132671 1.3009877
v 0.7999980 0.4089992 1.3009397
v 0.8010473 0.4060502 1.3039668
v 0.7665909 0.3916479 1.3072956
v 0.7629253 0.4032208 1.2948170
v 0.8011266 0.4046649 1.3073707
v 0.8002140 0.4047402 1.3109015
v 0.7872242 0.4123365 1.3004239
v 0.7957945 0.4167730 1.3035914
v 0.7960023 0.4120168 1.3141868
v 0.7977814 0.4072744 1.3142454
v 0.8041829 0.4104187 1.3154894
v 0.8021798 0.4149840 1.3159234
v 0.8068064 0.4077712 1.3124191
v 0.8071694 0.4079879 1.3085958
v 0.8064796 0.4092415 1.3053132
v 0.8013666 0.4187222 1.3133626
v 0.8013037 0.4202273 1.3099586
v 0.8011156 0.4190250 1.3056323
v 0.8058959 0.4211566 1.3146333
v 0.8079066 0.4178057 1.3169555
v 0.8226259 0.4159470 1.3146600
v 0.8221010 0.4166381 1.3168640
v 0.8178856 0.4147355 1.3153898
v 0.8183643 0.4133955 1.3135937
v 0.8145802 0.4131516 1.3152677
v 0.8126900 0.4108745 1.3137838
v 0.8162811 0.4166495 1.3183059
v 0.8125373 0.4147460 1.3170542
v 0.8204480 0.4189336 1.3196571
v 0.8179167 0.4222019 1.3194246
v 0.8138931 0.4198499 1.3178826
v 0.8111470 0.4174956 1.3174928
v 0.8255421 0.4188446 1.3164635
v 0.8246756 0.4184622 1.3181686
v 0.8092273 0.4130398 1.3163396
v 0.8120327 0.4105256 1.3096990
v 0.8177992 0.4135044 1.3105340
v 0.8224129 0.4165255 1.3118454
v 0.8249190 0.4198358 1.3135088
v 0.8166275 0.4150338 1.3076428
v 0.8212214 0.4180585 1.3093813
v 0.8232847 0.4208834 1.3110419
v 0.8150205 0.4173856 1.3056895
v 0.8197718 0.4201358 1.3079804
v 0.8108662 0.4119203 1.3063932
v 0.8089471 0.4142268 1.3042290
v 0.8216693 0.4216690 1.3098596
v 0.8241816 0.4238555 1.3156938
v 0.8249785 0.4225920 1.3188460
v 0.8240173 0.4209028 1.3208577
v 0.8120858 0.4219254 1.3173401
v 0.8166657 0.4242083 1.3182280
v 0.8109740 0.4236298 1.3153202
v 0.8160510 0.4255568 1.3163418
v 0.8211586 0.4232217 1.3205204
v 0.8210109 0.4247595 1.3193078
v 0.8048924 0.4116997 1.3029442
v 0.8026562 0.4154521 1.3030133
v 0.8068780 0.4174866 1.3043488
v 0.8131258 0.4208283 1.3061790
v 0.8052292 0.4207356 1.3069926
v 0.8054213 0.4219300 1.3110544
v 0.8106964 0.4242950 1.3123275
v 0.8110990 0.4234076 1.3088477
v 0.8158099 0.4259909 1.3136312
v 0.8162611 0.4252905 1.3107675
v 0.8179532 0.4230439 1.3085434
v 0.8196333 0.4260570 1.3140717
v 0.8203181 0.4258195 1.3168804
v 0.8225693 0.4240421 1.3128303
v 0.8207723 0.4238504 1.3107083
v 0.8190472 0.4255430 1.3118742
v 0.7642592 0.4008586 1.2918047
v 0.7607510 0.4220793 1.3006445
v 0.7574096 0.4185513 1.2991499
v 0.7549145 0.4214400 1.2981714
v 0.7581434 0.4249592 1.2996435
v 0.7595983 0.4199259 1.3112166
v 0.7557580 0.4158123 1.3099428
v 0.7582925 0.4149656 1.3060275
v 0.7619969 0.4189532 1.3075824
v 0.7557595 0.4232846 1.3128527
v 0.7515726 0.4193777 1.3117071
v 0.7512909 0.4113959 1.3073388
v 0.7443637 0.4039407 1.3033052
v 0.7480222 0.4045513 1.2990694
v 0.7540909 0.4107377 1.3033276
v 0.7330901 0.4130868 1.2924235
v 0.7383504 0.4167752 1.2948469
v 0.7415134 0.4150390 1.2922897
v 0.7357658 0.4112111 1.2887430
v 0.7588024 0.4161180 1.3020184
v 0.7621783 0.4200017 1.3037122
v 0.7453486 0.4225100 1.2989145
v 0.7493693 0.4262023 1.3013946
v 0.7521359 0.4242132 1.2990062
v 0.7484086 0.4207584 1.2964411
v 0.7400081 0.4084970 1.2871587
v 0.7448285 0.4124435 1.2913506
v 0.7474499 0.4092516 1.2921213
v 0.7445216 0.4055249 1.2872607
v 0.7488209 0.4070063 1.2947179
v 0.7433720 0.4223032 1.3028720
v 0.7362234 0.4164194 1.2985768
v 0.7353465 0.4135568 1.3030328
v 0.7436404 0.4196874 1.3072313
v 0.7548306 0.4123495 1.2994652
v 0.7512701 0.4180602 1.2956772
v 0.7536562 0.4148635 1.2966548
v 0.7468641 0.4146303 1.3093063
v 0.7484893 0.4237176 1.3095039
v 0.7564177 0.4345804 1.3088933
v 0.7572729 0.4345890 1.3054371
v 0.7527096 0.4298891 1.3030888
v 0.7513417 0.4299612 1.3070379
v 0.7476905 0.4262494 1.3054137
v 0.7524383 0.4274965 1.3109413
v 0.7624387 0.4296104 1.3016773
v 0.7653762 0.4268790 1.3026607
v 0.7667034 0.4248379 1.3055060
v 0.7389051 0.4071696 1.3059346
v 0.7668027 0.4240822 1.3090510
v 0.7648005 0.4249581 1.3124375
v 0.7553273 0.4278042 1.3005767
v 0.7596186 0.4325243 1.3028529
v 0.7576505 0.4322618 1.3123700
v 0.7609292 0.4280407 1.3139613
v 0.7651090 0.4317836 1.3154212
v 0.7619190 0.4359724 1.3139552
v 0.7687548 0.4287033 1.3135846
v 0.7702959 0.4276433 1.3101756
v 0.7697051 0.4282934 1.3068057
v 0.7604871 0.4380413 1.3102564
v 0.7611401 0.4375211 1.3072120
v 0.7628920 0.4352730 1.3047890
v 0.7643959 0.4410047 1.3118183
v 0.7664001 0.4393278 1.3154228
v 0.7800009 0.4377681 1.3149964
v 0.7787935 0.4383474 1.3167431
v 0.7761013 0.4363682 1.3157909
v 0.7769740 0.4349150 1.3142212
v 0.7732778 0.4347320 1.3157228
v 0.7725310 0.4322921 1.3144450
v 0.7736356 0.4383962 1.3176229
v 0.7708454 0.4364119 1.3166655
v 0.7766210 0.4408307 1.3188909
v 0.7742256 0.4442363 1.3176779
v 0.7711793 0.4418735 1.3169760
v 0.7692244 0.4393431 1.3166393
v 0.7818052 0.4408913 1.3163219
v 0.7806653 0.4403955 1.3178153
v 0.7685102 0.4345752 1.3161630
v 0.7733763 0.4308257 1.3113304
v 0.7773392 0.4342586 1.3120309
v 0.7809124 0.4380931 1.3129894
v 0.7820223 0.4419047 1.3140541
v 0.7765096 0.4347280 1.3094838
v 0.7798499 0.4386909 1.3106835
v 0.7808897 0.4420438 1.3117370
v 0.7745825 0.4357747 1.3072640
v 0.7781076 0.4394995 1.3089198
v 0.7725578 0.4309588 1.3081880
v 0.7706006 0.4321671 1.3057526
v 0.7795265 0.4418139 1.3103453
v 0.7804538 0.4449992 1.3148347
v 0.7804220 0.4445683 1.3174595
v 0.7792135 0.4431608 1.3196206
v 0.7696166 0.4435060 1.3155553
v 0.7734890 0.4460581 1.3161098
v 0.7685239 0.4439691 1.3128185
v 0.7734518 0.4464754 1.3137132
v 0.7767569 0.4453786 1.3186468
v 0.7771783 0.4465453 1.3169946
v 0.7681635 0.4300028 1.3042888
v 0.7656348 0.4324541 1.3035031
v 0.7681097 0.4347892 1.3047561
v 0.7722279 0.4380543 1.3063152
v 0.7657658 0.4377909 1.3060967
v 0.7643440 0.4400566 1.3085383
v 0.7688254 0.4432261 1.3100070
v 0.7700310 0.4410921 1.3074912
v 0.7737165 0.4455569 1.3112848
v 0.7746272 0.4437233 1.3093478
v 0.7762944 0.4413352 1.3083717
v 0.7774495 0.4457887 1.3123045
v 0.7774474 0.4467079 1.3145223
v 0.7797211 0.4444536 1.3124488
v 0.7786082 0.4433554 1.3105434
v 0.7772230 0.4445959 1.3107802
v 0.7320222 0.4133035 1.2959738
v 0.7597536 0.3191802 1.2513439
v 0.7605408 0.3241913 1.2510191
v 0.7593387 0.3309202 1.2421970
v 0.7569988 0.3297221 1.2360675
v 0.7545259 0.3248054 1.2323571
v 0.7538042 0.3194135 1.2330100
v 0.7545124 0.3152514 1.2363178
v 0.7606964 0.3284512 1.2480382
v 0.7580089 0.3144867 1.2487538
v 0.7558844 0.3130207 1.2425376
v 0.7656872 0.3095096 1.2407358
v 0.7672164 0.3111439 1.2475075
v 0.7639241 0.3114731 1.2341579
v 0.7622897 0.3165723 1.2308048
v 0.7615772 0.3224607 1.2306811
v 0.7679407 0.3165921 1.2505083
v 0.7677696 0.3223087 1.2499005
v 0.7668404 0.3269262 1.2461188
v 0.7759041 0.3135961 1.2492129
v 0.7782797 0.3074088 1.2458451
v 0.7845195 0.3069597 1.2298028
v 0.7849778 0.3034167 1.2325192
v 0.7809296 0.3047445 1.2330093
v 0.7794913 0.3079442 1.2300023
v 0.7783261 0.3057390 1.2343468
v 0.7742921 0.3084471 1.2324809
v 0.7825934 0.3024294 1.2383476
v 0.7798574 0.3042526 1.2388378
v 0.7843935 0.3034828 1.2435831
v 0.7812738 0.3040838 1.2430683
v 0.7865948 0.3005329 1.2376617
v 0.7885898 0.3024041 1.2327624
v 0.7902566 0.3008273 1.2367034
v 0.7893819 0.3052846 1.2312452
v 0.7755265 0.3061630 1.2392689
v 0.7705156 0.3142749 1.2293609
v 0.7780157 0.3124981 1.2283309
v 0.7846069 0.3111176 1.2287415
v 0.7897571 0.3097160 1.2312926
v 0.7776193 0.3181516 1.2290744
v 0.7848223 0.3158135 1.2304696
v 0.7890773 0.3136257 1.2329140
v 0.7780267 0.3223056 1.2328140
v 0.7848968 0.3184496 1.2336080
v 0.7684717 0.3206227 1.2294110
v 0.7683800 0.3257271 1.2331697
v 0.7881751 0.3158960 1.2346082
v 0.7926584 0.3085400 1.2362385
v 0.7928904 0.3039345 1.2359115
v 0.7845043 0.3068754 1.2462136
v 0.7879572 0.3019815 1.2426646
v 0.7889400 0.3056336 1.2447713
v 0.7834031 0.3116192 1.2476742
v 0.7889830 0.3100367 1.2451349
v 0.7908098 0.3012337 1.2409395
v 0.7922165 0.3043886 1.2416515
v 0.7625343 0.3275992 1.2342839
v 0.7647847 0.3291432 1.2400573
v 0.7703722 0.3269437 1.2392590
v 0.7791385 0.3232936 1.2385472
v 0.7728405 0.3247345 1.2454107
v 0.7746789 0.3194947 1.2490782
v 0.7825093 0.3164600 1.2468707
v 0.7810757 0.3211036 1.2438701
v 0.7881727 0.3140709 1.2439958
v 0.7868850 0.3171277 1.2415560
v 0.7857442 0.3186990 1.2376797
v 0.7907998 0.3125083 1.2406543
v 0.7922280 0.3087564 1.2413895
v 0.7910506 0.3123602 1.2366460
v 0.7891483 0.3153212 1.2371431
v 0.7893330 0.3148782 1.2398824
v 0.7312537 0.4093891 1.2855365
v 0.7356227 0.4055719 1.2832151
v 0.7292558 0.4029851 1.2804700
v 0.7213705 0.4004833 1.2770095
v 0.7112113 0.4016132 1.2780134
v 0.7251289 0.3949654 1.2754843
v 0.7328469 0.3977401 1.2790022
v 0.7415760 0.4006223 1.2827305
v 0.7217212 0.3877318 1.2721790
v 0.2308102 -0.0962256 1.4359587
v 0.2334128 -0.0934103 1.4351294
v 0.2330534 -0.0896435 1.4299362
v 0.2307443 -0.0918882 1.4298933
v 0.2276817 -0.0940853 1.4302894
v 0.2240691 -0.0957387 1.4312636
v 0.2208680 -0.0987721 1.4392709
v 0.2263242 -0.0982175 1.4381692
v 0.2098819 -0.0963989 1.4371227
v 0.2121430 -0.0964488 1.4379182
v 0.2104293 -0.0965172 1.4359947
v 0.2164155 -0.0968870 1.4337789
v 0.2128254 -0.0964672 1.4353173
v 0.2362403 -0.0885673 1.4326196
v 0.2366371 -0.0870828 1.4315899
v 0.2350363 -0.0908534 1.4338202
v 0.2201206 -0.0966853 1.4325095
v 0.2360866 -0.0867188 1.4307854
v 0.2348241 -0.0876570 1.4302719
v 0.2159988 -0.0978110 1.4391792
v 0.2285505 -0.0943835 1.4322928
v 0.2248842 -0.0962444 1.4332806
v 0.2210857 -0.0980212 1.4368934
v 0.2257589 -0.0970858 1.4356952
v 0.2172242 -0.0973323 1.4354544
v 0.2147362 -0.0968160 1.4361524
v 0.2313357 -0.0922280 1.4316537
v 0.2208428 -0.0972084 1.4344178
v 0.2297992 -0.0950245 1.4345154
v 0.2145155 -0.0970325 1.4369987
v 0.2169858 -0.0978110 1.4374560
v 0.2356692 -0.0877181 1.4313586
v 0.2355128 -0.0876002 1.4311013
v 0.1248885 -0.0153475 1.2321183
v 0.1205823 -0.0195112 1.2151789
v 0.2322956 -0.0926552 1.4333134
v 0.2345732 -0.0885613 1.4310878
v 0.2331867 -0.0902086 1.4312090
v 0.2339310 -0.0904898 1.4325416
v 0.2351317 -0.0887644 1.4318779
v 0.3531242 0.1710910 1.2191052
v 0.3492011 0.1750411 1.2031636
v 0.3444431 0.1967719 1.2658518
v 0.3295400 0.2126304 1.2713080
v 0.0962434 -0.0679989 1.0037320
v 0.1120737 0.1576306 1.0139991
v 0.1118180 0.1690580 1.0337588
v 0.0348786 0.1768069 1.0421244
v 0.0549753 0.1779885 1.0343780
v 0.1635476 0.0587443 1.0179820
v 0.1632207 0.0479679 1.0036704
v 0.1363009 -0.0075915 1.0220829
v 0.1325623 -0.0183896 1.0076909
v 0.1556492 0.0117316 0.9893111
v 0.0798597 0.1566681 0.9807809
v 0.0771673 0.1644148 1.0032430
v 0.0966480 0.1577832 0.9981342
v 0.1005351 0.1501636 0.9771667
v 0.0176201 0.1607848 1.0221769
v 0.0160705 0.1706710 1.0497372
v 0.1651083 0.0944519 1.0325963
v 0.1586998 0.1206061 1.0343440
v 0.1306415 0.1631004 1.0447771
v 0.1127155 0.1774598 1.0541014
v 0.0753965 0.1925238 1.0778871
v 0.0945031 0.1868364 1.0657078
v 0.1279333 -0.0177028 1.0392216
v 0.1168464 -0.0263392 1.0571172
v 0.1650442 0.0673366 1.0326864
v 0.0702122 -0.0601923 1.0563832
v 0.0371537 0.1966702 1.1302169
v 0.0577089 0.2008947 1.1212050
v 0.1464304 0.1439103 1.0384480
v 0.1237304 -0.0258847 1.1690442
v 0.1191279 -0.0309377 1.1554761
v 0.1365608 -0.0247636 1.1533592
v 0.1412805 -0.0187799 1.1669313
v 0.1525140 -0.0170713 1.1506492
v 0.1667127 -0.0081912 1.1484712
v 0.1789262 0.0016134 1.1461572
v 0.2041838 0.0322685 1.1372514
v 0.1976877 0.0219635 1.1404461
v 0.2107263 0.0541983 1.1308442
v 0.2087362 0.0429409 1.1342732
v 0.2086125 0.0665010 1.1246072
v 0.2027909 0.0803308 1.1189826
v 0.1962205 0.0961319 1.1135737
v 0.2000711 0.1028716 1.1256025
v 0.1987500 0.0721604 1.1089459
v 0.2033711 0.0593242 1.1137910
v 0.2047579 0.0469339 1.1184763
v 0.0917390 -0.0417248 1.1307490
v 0.0867031 -0.0410569 1.1127720
v 0.1287864 -0.0125046 1.2482062
v 0.4913051 0.3499176 1.2300817
v 0.6243464 0.3087433 1.2571287
v 0.1055418 0.1283590 1.3231403
v 0.0911394 0.1229471 1.3241582
v 0.0731726 0.1215593 1.3173834
v 0.0789107 0.1159247 1.3258264
v 0.1838263 0.1220608 1.3216423
v 0.1617809 0.1359468 1.3195835
v 0.1379792 0.1404677 1.3167083
v 0.1170258 0.1398502 1.3155581
v 0.1623226 0.0469865 1.0468601
v 0.0879929 0.1496729 1.2957997
v 0.1120676 0.1475203 1.3071259
v 0.1347621 0.1498174 1.3088032
v 0.1598158 0.1463923 1.3115278
v 0.1880053 0.1345731 1.3147780
v 0.2034127 0.1351065 1.3094152
v 0.2139565 0.1531390 1.2938601
v 0.2239322 0.1529050 1.2901717
v 0.2353891 0.1374469 1.2962380
v 0.2467386 0.1398931 1.2937129
v 0.2345998 0.1547314 1.2885110
v 0.3000806 0.2010797 1.2781570
v 0.3072387 0.2139833 1.2733831
v 0.3074816 0.2265815 1.2666805
v 0.3040728 0.2373172 1.2575976
v 0.2978331 0.2434605 1.2473205
v 0.2886193 0.2440217 1.2358238
v 0.2772665 0.2392126 1.2270583
v 0.2442325 0.2132987 1.2084852
v 0.2307057 0.2046267 1.2011177
v 0.1869505 0.1968673 1.1705729
v 0.1757430 0.1970146 1.1656156
v 0.1308620 0.1999214 1.1357908
v 0.1450181 0.1984270 1.1472941
v 0.1169253 0.2004995 1.1227317
v 0.0958144 0.1326554 0.8735878
v 0.0917844 0.1329421 0.8942149
v 0.1125220 0.1258223 0.8957176
v 0.1160674 0.1245771 0.8763374
v 0.0199392 0.1378364 0.9436216
v 0.0426968 0.1421719 0.9404440
v 0.1673067 0.0477047 0.9096953
v 0.1608205 0.0742683 0.9056341
v 0.1482930 0.0962107 0.9018146
v 0.1318618 0.1131478 0.8985755
v 0.1659227 0.0207780 0.9128188
v 0.0953611 -0.0893387 0.9130547
v 0.1145055 -0.0724072 0.9138922
v 0.0339363 -0.1175344 0.9137201
v 0.0541425 -0.1119493 0.9129713
v 0.1594459 -0.0053935 0.9140950
v 0.0748399 -0.1027330 0.9126340
v 0.1321481 -0.0521103 0.9142058
v 0.1478455 -0.0292469 0.9140111
v 0.0886220 0.1352655 0.9141585
v 0.0674817 0.1386236 0.9147513
v 0.0645065 0.1429660 0.9381315
v 0.0477608 0.1894984 1.2138552
v 0.0663453 0.1983726 1.2101882
v 0.0863018 0.2039700 1.2087175
v 0.1099360 0.2008009 1.2277058
v 0.1301562 0.2005027 1.2289480
v 0.1266046 0.2050259 1.2112301
v 0.1066196 0.2051036 1.2094586
v 0.1689554 0.1959142 1.2324884
v 0.1845468 0.1955808 1.2342376
v 0.1806471 0.1973605 1.2194264
v 0.1651696 0.1987956 1.2165571
v 0.1944465 0.1977961 1.2220612
v 0.2056945 0.1973433 1.2235577
v 0.2178689 0.1988497 1.2258674
v 0.2300882 0.2048347 1.2299163
v 0.2326873 0.1992392 1.2527802
v 0.2217128 0.1945311 1.2503534
v 0.1747521 0.1921690 1.2476989
v 0.1566598 0.1927323 1.2470587
v 0.0609641 0.1756424 1.2473561
v 0.0456414 0.1651936 1.2482745
v 0.1901880 0.1161466 1.1119831
v 0.1849824 0.1376122 1.1127080
v 0.1789130 0.1560659 1.1169712
v 0.1729339 0.1710319 1.1235997
v 0.1674463 0.1828796 1.1323902
v 0.1611888 0.1917257 1.1427587
v 0.1553769 0.1979861 1.1545871
v 0.1653841 0.1976990 1.1605797
v 0.1508758 0.2023881 1.1675359
v 0.1626849 0.2009609 1.1726979
v 0.1475050 0.2044958 1.1816371
v 0.1453278 0.2043479 1.1973512
v 0.1461707 0.2017143 1.2139584
v 0.1498293 0.1980636 1.2305530
v 0.1156578 0.1943341 1.2447842
v 0.1358111 0.1944023 1.2460217
v 0.1040845 0.1835785 1.2607473
v 0.1124585 0.1754513 1.2745989
v 0.0898421 0.1986416 1.2280047
v 0.0960370 0.1917141 1.2451253
v 0.1648427 0.1084290 1.3361500
v 0.1451615 0.1134666 1.3372578
v 0.2708286 0.2304910 1.2388052
v 0.2792546 0.2362985 1.2387301
v 0.2718451 0.2341065 1.2312868
v 0.2677856 0.2305497 1.2330874
v 0.2851051 0.2350358 1.2475740
v 0.2770625 0.2251986 1.2556944
v 0.2893418 0.2305081 1.2574750
v 0.2743318 0.2288522 1.2474215
v 0.2917652 0.2227165 1.2656313
v 0.2791406 0.2191623 1.2637394
v 0.2916287 0.2140206 1.2721055
v 0.2800991 0.2124674 1.2699124
v 0.2804270 0.2070161 1.2734638
v 0.2878114 0.2050222 1.2761580
v 0.2517370 0.1921858 1.2732336
v 0.2628763 0.1973687 1.2736889
v 0.2733548 0.2029436 1.2734922
v 0.2417569 0.2114975 1.2337810
v 0.2532247 0.2178460 1.2398717
v 0.2638758 0.2234749 1.2443521
v 0.2658233 0.2199130 1.2527545
v 0.2545996 0.2149418 1.2488456
v 0.2424774 0.2091481 1.2436787
v 0.0537632 0.1824698 1.2324371
v 0.0705624 0.1918998 1.2303736
v 0.1972283 0.1958375 1.2355336
v 0.2079193 0.1956658 1.2360446
v 0.2187372 0.1973128 1.2366838
v 0.2304017 0.2025142 1.2401899
v 0.2112562 0.1924548 1.2488444
v 0.2007835 0.1919227 1.2487621
v 0.1888836 0.1918840 1.2483351
v 0.0781095 0.1850334 1.2462322
v 0.0384097 0.1727807 1.2341856
v 0.2679374 0.0844306 1.2309954
v 0.2732214 0.0884121 1.2583322
v 0.2720158 0.1022414 1.2805558
v 0.2615062 0.1216622 1.2928005
v 0.0979623 0.0970967 1.3521748
v 0.4214313 0.3046264 1.1764832
v 0.0036191 0.1796686 1.1781597
v 0.0091202 0.1764805 1.2023903
v -0.0024412 0.1702057 1.0865221
v -0.0037639 0.1793984 1.1166588
v 0.0404287 0.1491674 0.9664959
v 0.0187989 0.1436320 0.9720688
v 0.0182110 0.1514838 0.9974373
v -0.0050893 0.1330420 0.9229857
v -0.0035361 0.1315844 0.9479396
v -0.0011275 0.1440780 1.0039430
v -0.0006065 0.1528021 1.0294176
v 0.0170722 0.1892122 1.1397236
v 0.0314639 0.1811200 1.2172240
v 0.0240024 0.1650230 1.2381570
v 0.0315306 0.1579769 1.2508126
v 0.0393104 0.1512477 1.2651049
v 0.1799035 -0.0039716 1.1229077
v 0.1843366 0.0036007 1.1322258
v 0.1745350 -0.0059706 1.1348836
v 0.1705560 -0.0129367 1.1252852
v 0.1935215 0.0162055 1.1177161
v 0.1983536 0.0241065 1.1264376
v 0.1921676 0.0138529 1.1294051
v 0.1875244 0.0055119 1.1205448
v 0.2026983 0.0351102 1.1228202
v 0.1975348 0.0273209 1.1138608
v 0.1758839 -0.0108029 1.1136720
v 0.1836329 -0.0013359 1.1117167
v 0.1664310 -0.0189996 1.1158584
v 0.1928705 0.0200072 1.1060867
v 0.1891440 0.0090856 1.1094386
v 0.1682572 -0.0737869 1.3284753
v 0.1712025 -0.0905522 1.3300443
v 0.1790701 -0.1128384 1.3702481
v 0.1796822 -0.1117135 1.3750318
v 0.1546904 -0.0496430 1.3246888
v 0.1495581 -0.0422542 1.3190140
v 0.1715510 -0.1075755 1.3535325
v 0.1678743 -0.1051414 1.3396976
v 0.1836079 -0.1188635 1.3956312
v 0.1825322 -0.1168934 1.3925950
v 0.1799976 -0.1162312 1.3818180
v 0.1789212 -0.1143717 1.3783697
v 0.1441702 -0.0343811 1.3129325
v 0.1586759 -0.0603070 1.3279770
v 0.1337677 -0.0208417 1.2993038
v 0.1294823 -0.0157191 1.2923201
v 0.1355476 -0.0082023 1.2816296
v 0.1328874 -0.0072065 1.2720717
v 0.0963350 -0.0389915 1.1450253
v 0.1102750 -0.0259612 1.1838432
v 0.1055002 -0.0308392 1.1704156
v 0.1154363 -0.0229988 1.1988680
v 0.1312108 -0.0095299 1.2611289
v 0.1387248 -0.0268506 1.3064898
v 0.1755444 -0.1118067 1.3662071
v 0.1736038 -0.1083677 1.3613246
v 0.1815628 -0.1162292 1.3888871
v 0.1807712 -0.1162329 1.3853791
v 0.1102418 -0.0218954 1.2356465
v 0.1053242 -0.0263240 1.2187319
v 0.1008319 -0.0348018 1.1571110
v 0.0743639 -0.0441194 1.1347499
v 0.0668118 -0.0447476 1.1173418
v 0.1149385 -0.0179792 1.2516331
v 0.0599038 -0.0441767 1.1004261
v 0.1532398 0.0444349 0.7178129
v 0.1314842 0.0535009 0.6971546
v 0.1230988 0.0713279 0.7081138
v 0.1394891 0.0651840 0.7233359
v 0.1530147 0.0681930 0.7685980
v 0.1555253 0.0729491 0.7944621
v 0.1584622 0.0789070 0.8206925
v 0.1008194 0.0795826 0.6989816
v 0.0720776 0.1014592 0.7123127
v 0.0734056 0.0883281 0.6959262
v 0.1414017 0.0993651 0.8117799
v 0.1391238 0.0931230 0.7860549
v 0.1309286 0.0758134 0.7260528
v 0.1343227 0.0805569 0.7397624
v 0.1491023 0.0654272 0.7436514
v 0.0989370 0.0929250 0.7134770
v 0.1186236 0.0830451 0.7188941
v 0.0517443 0.1391294 0.8724978
v 0.0538191 0.1406082 0.8498628
v 0.0252717 0.1408166 0.8524862
v 0.1355894 0.1109636 0.8803998
v 0.1200168 0.1231727 0.8550743
v -0.0222931 0.0970579 0.7280067
v 0.1181977 0.0928352 0.7347406
v 0.0721461 0.1143712 0.7303323
v 0.0980494 0.1040279 0.7317719
v 0.0776766 0.1368980 0.8010354
v 0.1013180 0.1273347 0.8021209
v 0.0985025 0.1229330 0.7767243
v 0.0747971 0.1328653 0.7763646
v 0.1221997 0.1152532 0.8051398
v 0.1219198 0.1201877 0.8314404
v 0.0787368 0.1382800 0.8259773
v 0.1013980 0.1307896 0.8276925
v 0.0995263 0.1329702 0.8521479
v 0.1204409 0.1087797 0.7790362
v 0.0723946 0.1255786 0.7520313
v 0.0429244 0.1308662 0.7538392
v 0.0126659 0.1290544 0.7588402
v -0.0175990 0.1256519 0.7637311
v -0.0153344 0.1335150 0.7863389
v 0.0776648 0.1383564 0.8500817
v 0.0706569 0.1371166 0.8938882
v 0.0746225 0.1374687 0.8723473
v 0.0624701 0.1497709 0.9620119
v 0.0942200 -0.2262395 0.5950785
v -0.0161809 -0.0306586 0.7206587
v -0.0141897 -0.0637314 0.7253208
v 0.1804127 -0.0534475 0.7981827
v 0.1788600 0.0094930 0.7500685
v 0.1644849 0.0410852 0.7467308
v -0.0001800 -0.1122852 0.7397739
v 0.0185394 -0.1319115 0.7527608
v 0.1646729 -0.0830034 0.8043844
v 0.1079049 -0.1350223 0.7852875
v -0.0096307 -0.0891843 0.7310926
v 0.1358790 0.0867206 0.7622900
v 0.1185856 0.1011860 0.7554994
v 0.0975108 0.1150839 0.7525533
v 0.0419527 0.1201665 0.7328877
v 0.0102764 0.1193638 0.7391053
v -0.0191354 0.1145986 0.7463452
v 0.0258537 -0.1323339 0.8005707
v 0.0159029 -0.1353316 0.8081645
v 0.0230047 -0.1353350 0.8097815
v 0.0090392 -0.1336259 0.8191751
v 0.0089660 -0.1328738 0.8047838
v 0.0151434 -0.1318357 0.7943323
v 0.0082404 -0.1276142 0.7900620
v 0.0069035 -0.1221234 0.7735242
v 0.0914152 -0.0928984 0.8977547
v 0.1122059 -0.0767201 0.8983570
v 0.0305446 -0.1194466 0.8971485
v 0.0497135 -0.1142956 0.8969959
v 0.1615349 -0.0101432 0.8981725
v 0.0700950 -0.1056214 0.8972020
v 0.1312142 -0.0573216 0.8988134
v 0.1487940 -0.0343441 0.8986214
v -0.0111600 0.1405467 0.8340009
v -0.0092322 0.1401390 0.8584606
v 0.0118268 -0.1200934 0.8969155
v 0.1640004 -0.0920955 1.3318257
v 0.1611546 -0.0748330 1.3299112
v 0.2113623 -0.1065893 1.5118093
v 0.1308844 0.0650761 1.3761033
v 0.1989572 -0.1172651 1.4567348
v 0.1777255 -0.1119926 1.3751821
v 0.1844683 -0.1219453 1.3972743
v 0.1252154 -0.0113546 1.2847277
v 0.1211090 -0.0102042 1.2750900
v -0.0115306 -0.0169376 0.7319643
v 0.1183521 -0.0136567 1.2641949
v -0.0141963 -0.0031659 0.7283951
v -0.0019846 0.1627087 1.0574797
v -0.0905146 -0.2628652 0.1672527
v -0.0917130 -0.2478940 0.1655397
v -0.0998326 -0.2588567 0.1393395
v -0.1007304 -0.2726177 0.1423781
v -0.0729588 -0.2207274 0.1557869
v -0.0845234 -0.2282420 0.1602440
v -0.0592262 -0.2196695 0.1503489
v -0.0470148 -0.2256689 0.1457890
v -0.0622039 -0.2347924 0.1214840
v -0.0724948 -0.2276248 0.1244957
v -0.0392249 -0.2353361 0.1442454
v -0.0475220 -0.2550410 0.1199395
v -0.0335588 -0.2469829 0.1444546
v -0.0311418 -0.2651850 0.1472269
v -0.0461076 -0.2720106 0.1245352
v -0.0378164 -0.2856011 0.1514418
v -0.0523911 -0.2914076 0.1290025
v -0.0520379 -0.2968546 0.1571583
v -0.0854461 -0.2779943 0.1666430
v -0.0972725 -0.2885073 0.1437434
v -0.0851622 -0.2288333 0.1295060
v -0.0942486 -0.2378377 0.1335122
v -0.0977449 -0.2486342 0.1367401
v -0.0895575 -0.2371916 0.1630184
v -0.1123403 -0.2686450 0.1153445
v -0.1162666 -0.2835130 0.1213533
v -0.0972777 -0.2353162 0.1037178
v -0.1040742 -0.2480933 0.1080157
v -0.0759773 -0.2424150 0.0976538
v -0.0844317 -0.2328626 0.0989351
v -0.0572384 -0.2622794 0.0949351
v -0.0664809 -0.2522667 0.0962279
v -0.0546082 -0.2444801 0.1203636
v -0.0562713 -0.2786270 0.1003889
v -0.0626160 -0.3006027 0.1075628
v -0.1105428 -0.3010443 0.1239982
v -0.1082486 -0.2585685 0.1112312
v -0.0867035 -0.4751476 0.0636106
v -0.0860356 -0.4734431 0.0678955
v -0.0900438 -0.4740735 0.0700672
v -0.0932717 -0.4762235 0.0662068
v -0.1233031 -0.4845041 0.0818226
v -0.1209148 -0.4840415 0.0922280
v -0.1293083 -0.4817324 0.0937379
v -0.1350591 -0.4823570 0.0832186
v -0.1067443 -0.4838597 0.0738731
v -0.1072770 -0.4812599 0.0696687
v -0.1028051 -0.4809153 0.0674988
v -0.0994330 -0.4832955 0.0703912
v -0.0677871 -0.4453720 0.0503373
v -0.0698121 -0.4440927 0.0456727
v -0.0659344 -0.4425533 0.0438062
v -0.0630398 -0.4429761 0.0470207
v -0.0803932 -0.4640144 0.0579076
v -0.0821423 -0.4621677 0.0531252
v -0.0782902 -0.4606618 0.0516725
v -0.0751835 -0.4616810 0.0542794
v -0.1173511 -0.4603571 0.0887407
v -0.1297130 -0.4566640 0.0949641
v -0.1305415 -0.4717701 0.0938200
v -0.1181474 -0.4742105 0.0913138
v -0.1398385 -0.4696476 0.0875289
v -0.1402867 -0.4536575 0.0867328
v -0.1367909 -0.4547212 0.0766261
v -0.1352564 -0.4685905 0.0796825
v -0.1248975 -0.4587346 0.0718687
v -0.1245978 -0.4712505 0.0750989
v -0.1154944 -0.4616864 0.0763755
v -0.1136926 -0.4754584 0.0796474
v -0.0970815 -0.4634062 0.0699770
v -0.0982550 -0.4623112 0.0787051
v -0.0977146 -0.4751553 0.0773194
v -0.0949983 -0.4751895 0.0687775
v -0.1086502 -0.4634928 0.0831298
v -0.1052936 -0.4758775 0.0805990
v -0.1162256 -0.4647526 0.0752583
v -0.1136407 -0.4625939 0.0677992
v -0.1103915 -0.4749869 0.0694371
v -0.1131767 -0.4774538 0.0768538
v -0.1046991 -0.4622968 0.0645444
v -0.1022503 -0.4739554 0.0653071
v -0.0825786 -0.4560170 0.0697640
v -0.0925847 -0.4581469 0.0735798
v -0.0914302 -0.4682908 0.0711367
v -0.0846300 -0.4672239 0.0680045
v -0.0988071 -0.4700609 0.0661141
v -0.0999438 -0.4602087 0.0662918
v -0.0969728 -0.4586710 0.0594889
v -0.0951809 -0.4690237 0.0606736
v -0.0881182 -0.4576036 0.0560773
v -0.0883437 -0.4685738 0.0574280
v -0.0808869 -0.4577060 0.0618571
v -0.0824745 -0.4683932 0.0611303
v -0.0683319 -0.4449197 0.0528699
v -0.0684463 -0.4439026 0.0604737
v -0.0715981 -0.4540230 0.0589749
v -0.0712354 -0.4547882 0.0523639
v -0.0757743 -0.4473390 0.0639711
v -0.0768305 -0.4557008 0.0622875
v -0.0828177 -0.4577120 0.0604168
v -0.0811040 -0.4506377 0.0607076
v -0.0825559 -0.4488321 0.0514727
v -0.0839349 -0.4571282 0.0524379
v -0.0753469 -0.4454349 0.0475467
v -0.0771180 -0.4552907 0.0489187
v -0.0563406 -0.4285707 0.0512505
v -0.0588673 -0.4368931 0.0509116
v -0.0596574 -0.4368122 0.0449742
v -0.0585289 -0.4269578 0.0439442
v -0.0619828 -0.4329203 0.0554211
v -0.0632043 -0.4395693 0.0543478
v -0.0689457 -0.4407813 0.0516703
v -0.0670784 -0.4353105 0.0516714
v -0.0708743 -0.4336663 0.0435228
v -0.0718382 -0.4396542 0.0445505
v -0.0649071 -0.4295813 0.0406291
v -0.0653687 -0.4377386 0.0412423
v -0.1135670 -0.4465243 0.0847603
v -0.1284121 -0.4415470 0.0948346
v -0.1330489 -0.4780307 0.0811904
v -0.1397239 -0.4389099 0.0847182
v -0.1270225 -0.4792640 0.0787787
v -0.1214057 -0.4472559 0.0675288
v -0.1359673 -0.4403372 0.0732247
v -0.1166340 -0.4555818 0.0757294
v -0.0988447 -0.4814234 0.0759594
v -0.1030421 -0.4467387 0.0592299
v -0.0998288 -0.4542187 0.0672020
v -0.1034183 -0.4816786 0.0780080
v -0.0964529 -0.4460533 0.0766299
v -0.0807497 -0.4385140 0.0665856
v -0.0933424 -0.4744446 0.0614589
v -0.0897809 -0.4739169 0.0595849
v -0.0863157 -0.4410932 0.0504365
v -0.0801321 -0.4483283 0.0608613
v -0.0740885 -0.4600285 0.0585725
v -0.0730957 -0.4308938 0.0427973
v -0.0663531 -0.4355733 0.0518736
v -0.0768496 -0.4615061 0.0604421
v -0.0655742 -0.4278688 0.0586008
v -0.0617148 -0.4422971 0.0503278
v -0.0642116 -0.4200794 0.0372099
v -0.0562451 -0.4155216 0.0416277
v -0.0640914 -0.4436304 0.0524997
v -0.0553086 -0.4174826 0.0514245
v -0.0887684 -0.3007970 0.1422365
v -0.0774615 -0.2903766 0.1646293
v -0.0665570 -0.2972132 0.1609585
v -0.0781608 -0.3068912 0.1386355
v -0.0647620 -0.3044119 0.1344007
v -0.0997392 -0.3140789 0.1237854
v -0.0876166 -0.3191051 0.1204007
v -0.0750911 -0.3146483 0.1143954
v -0.0615105 -0.2832890 0.0780032
v -0.0636609 -0.2652649 0.0745682
v -0.0750141 -0.2550777 0.0763218
v -0.0833647 -0.2443242 0.0768252
v -0.0925472 -0.2342375 0.0777557
v -0.1185837 -0.3125491 0.1060131
v -0.1071406 -0.3291817 0.1097010
v -0.0929746 -0.3355566 0.1078148
v -0.0790095 -0.3292935 0.0997430
v -0.1304133 -0.4234500 0.0967795
v -0.1124939 -0.4256222 0.0918669
v -0.1125493 -0.4045989 0.0957351
v -0.1302083 -0.4026850 0.0914427
v -0.0969118 -0.4243453 0.0811710
v -0.0952310 -0.4025141 0.0874639
v -0.0817158 -0.4181759 0.0708624
v -0.0814225 -0.3968784 0.0757298
v -0.0674080 -0.4097576 0.0609211
v -0.0693845 -0.3896574 0.0638293
v -0.0556562 -0.4024086 0.0510487
v -0.0590122 -0.3829537 0.0511801
v -0.0537286 -0.4005905 0.0389154
v -0.0554984 -0.3808516 0.0378804
v -0.1422003 -0.4218679 0.0824663
v -0.1397450 -0.4010911 0.0775155
v -0.1378367 -0.4224308 0.0679652
v -0.1366426 -0.4024654 0.0615341
v -0.1227180 -0.4231996 0.0607485
v -0.1226776 -0.4020978 0.0550364
v -0.0654345 -0.3856148 0.0290209
v -0.0644239 -0.4053443 0.0318854
v -0.1055004 -0.4204892 0.0525267
v -0.1059344 -0.3989130 0.0476311
v -0.0899897 -0.4159188 0.0434015
v -0.0909572 -0.3945383 0.0387823
v -0.0765191 -0.4104514 0.0360260
v -0.0776960 -0.3899133 0.0316230
v -0.1144849 -0.3792571 0.0965654
v -0.0943076 -0.3787920 0.0949427
v -0.0816458 -0.3725955 0.0824121
v -0.0704361 -0.3650628 0.0682286
v -0.0625708 -0.3588575 0.0518767
v -0.0589486 -0.3574767 0.0375190
v -0.0676248 -0.3346405 0.0718927
v -0.0669100 -0.3327537 0.0492686
v -0.0656261 -0.3340205 0.0352046
v -0.0710162 -0.3105142 0.0316126
v -0.0694106 -0.3070375 0.0450054
v -0.0781210 -0.2664058 0.0370927
v -0.0735300 -0.2841003 0.0410732
v -0.0741008 -0.2872463 0.0269500
v -0.0788408 -0.2689159 0.0215759
v -0.0668293 -0.3071172 0.0641018
v -0.0695535 -0.2837036 0.0597247
v -0.0752461 -0.2667543 0.0579663
v -0.0945991 -0.2458267 0.0205330
v -0.0900202 -0.2416233 0.0357189
v -0.0827848 -0.2535027 0.0352424
v -0.0845590 -0.2559947 0.0193968
v -0.1108040 -0.2405964 0.0236794
v -0.1058035 -0.2337736 0.0385614
v -0.1219804 -0.2439100 0.0451095
v -0.1269472 -0.2485925 0.0305811
v -0.0869153 -0.2431390 0.0569689
v -0.0813049 -0.2543428 0.0568829
v -0.0986556 -0.2344321 0.0591270
v -0.1140162 -0.2423665 0.0646073
v -0.1291049 -0.2621551 0.0515469
v -0.1199799 -0.2592460 0.0700334
v -0.1349895 -0.2653064 0.0377240
v -0.1295925 -0.3783836 0.0851760
v -0.1347991 -0.3771443 0.0723579
v -0.0796746 -0.3493358 0.0909618
v -0.0946709 -0.3553751 0.1014790
v -0.1154417 -0.3489548 0.0993718
v -0.1312084 -0.3514323 0.0811033
v -0.1325512 -0.3514745 0.0654550
v -0.1334214 -0.3271208 0.0735483
v -0.1324038 -0.3284455 0.0589749
v -0.1316308 -0.3774880 0.0591816
v -0.1273246 -0.3514283 0.0552913
v -0.1280230 -0.3285224 0.0498876
v -0.1341592 -0.3063716 0.0668909
v -0.1351211 -0.3085607 0.0531198
v -0.1324894 -0.2894536 0.0614039
v -0.1361278 -0.2925835 0.0479634
v -0.1363823 -0.2794809 0.0432139
v -0.1309136 -0.2763012 0.0565189
v -0.1263440 -0.2832716 0.0782014
v -0.1233507 -0.2713650 0.0745285
v -0.1290074 -0.3003517 0.0832071
v -0.1268117 -0.3224971 0.0910765
v -0.0672650 -0.3617833 0.0272421
v -0.0714363 -0.3376360 0.0258939
v -0.0767171 -0.3141225 0.0239642
v -0.0812345 -0.2917918 0.0180252
v -0.0874961 -0.2745468 0.0135814
v -0.0934209 -0.2632101 0.0120140
v -0.1016464 -0.2542886 0.0131171
v -0.1143956 -0.2509975 0.0176546
v -0.1263445 -0.2559747 0.0225120
v -0.1323111 -0.2694368 0.0270854
v -0.1342010 -0.2821183 0.0308558
v -0.1313119 -0.3091052 0.0425061
v -0.1337528 -0.2942802 0.0359434
v -0.1252016 -0.2927178 0.1013362
v -0.1222813 -0.2760189 0.0962251
v -0.1181260 -0.2651593 0.0923955
v -0.1066279 -0.2404570 0.0833167
v -0.1126656 -0.2551094 0.0886554
v -0.1206901 -0.3767612 0.0502102
v -0.1053944 -0.3735680 0.0430150
v -0.0911621 -0.3695748 0.0348500
v -0.0788047 -0.3656557 0.0285604
v -0.0812229 -0.3409674 0.0259459
v -0.0926453 -0.3438590 0.0311705
v -0.1061469 -0.3473862 0.0379160
v -0.1186021 -0.3503855 0.0467065
v -0.0862427 -0.3179101 0.0228785
v -0.0966843 -0.3209988 0.0269102
v -0.1094235 -0.3235766 0.0329798
v -0.1204383 -0.3271844 0.0408887
v -0.1244902 -0.3076826 0.0335856
v -0.1143367 -0.3033473 0.0272025
v -0.1026144 -0.3007638 0.0222295
v -0.0923834 -0.2966353 0.0185289
v -0.0976854 -0.2802123 0.0152740
v -0.1071620 -0.2848889 0.0193029
v -0.1179040 -0.2880460 0.0236476
v -0.1265660 -0.2922092 0.0284670
v -0.1018399 -0.2703508 0.0140268
v -0.1149307 -0.2594735 0.0164606
v -0.1071330 -0.2632094 0.0142366
v -0.1229745 -0.2621548 0.0192849
v -0.1261774 -0.2715395 0.0224049
v -0.1270801 -0.2815428 0.0252102
v -0.1195296 -0.2714673 0.0201427
v -0.1190635 -0.2788354 0.0217137
v -0.1096234 -0.2754948 0.0178642
v -0.1121501 -0.2688093 0.0173197
v -0.1191258 -0.2658907 0.0189790
v -0.1153464 -0.2646503 0.0175124
v -0.0695111 -0.3105586 0.0867361
v 0.1058635 0.0889684 1.3600458
v 0.0669139 0.1274968 1.3084916
v 0.0271974 -0.2657496 0.4307857
v 0.0408072 -0.2710293 0.4256642
v 0.0570441 -0.2720824 0.4222890
v 0.1397566 -0.1058982 0.8075365
v 0.1137925 -0.0500811 0.9986070
v 0.1236235 -0.0273852 1.0261784
v 0.1183625 -0.0383295 1.0124051
v 0.1397726 -0.1230577 0.7836774
v 0.1598566 0.0421920 1.0327399
v -0.0205540 0.1034053 0.7341777
v 0.0466339 0.1451672 1.2773086
v 0.1892274 0.0118366 1.1435159
v -0.0132997 0.1383651 0.8102426
v 0.2567975 -0.0031487 1.4239684
v 0.2539803 -0.0018476 1.4231033
v 0.2524830 -0.0005053 1.4203906
v 0.2508964 0.0033478 1.4197859
v 0.2498086 0.0065878 1.4187759
v 0.2488819 0.0090993 1.4186210
v 0.2537282 0.0021453 1.4216853
v 0.2525061 0.0045154 1.4254002
v 0.2536329 0.0018729 1.4246645
v 0.2548637 0.0004320 1.4227922
v 0.0997650 -0.0288480 1.2020998
v 0.0941972 -0.0308938 1.1866611
v 0.0899925 -0.0355091 1.1740151
v 0.0851104 -0.0385611 1.1611913
v 0.1768625 -0.1133872 1.3706458
v 0.0237341 -0.1075477 0.9672986
v 0.0264115 -0.1024589 0.9809222
v -0.0017668 0.1360283 0.9782873
v 0.0158566 -0.1163414 0.9302244
v 0.0293876 -0.0987424 0.9949937
v -0.0011357 0.1811929 1.1488607
v 0.0806545 -0.0415886 1.1491971
v 0.0133504 -0.1185374 0.9140925
v 0.0164215 0.1728689 1.2232162
v 0.0336362 -0.0922144 1.0133451
v 0.0094477 -0.1318605 0.8360798
v 0.0452873 -0.0663365 1.0613914
v 0.1629074 -0.1028979 1.4963028
v 0.1491913 -0.0946557 1.4920994
v 0.1527906 -0.1032662 1.4806059
v 0.1657458 -0.1102142 1.4816244
v 0.1549488 -0.1088564 1.4712649
v 0.1656912 -0.1137318 1.4700490
v 0.1389330 -0.0860467 1.4848242
v 0.1428921 -0.0954773 1.4766464
v 0.1268390 -0.0860981 1.4448613
v 0.1310695 -0.0863204 1.4531334
v 0.1245275 -0.0787975 1.4531566
v 0.1201230 -0.0773221 1.4416889
v 0.1202265 -0.0829172 1.4189900
v 0.1153031 -0.0720585 1.4117418
v 0.1191718 -0.0810699 1.4016293
v 0.1248783 -0.0902016 1.4092237
v 0.1621355 -0.1088349 1.4144032
v 0.1605607 -0.1080234 1.4209867
v 0.1533798 -0.1079436 1.4168835
v 0.1554436 -0.1084171 1.4093994
v 0.1743418 -0.1132726 1.4218189
v 0.1800093 -0.1188737 1.4235601
v 0.1804981 -0.1144321 1.4295487
v 0.1740582 -0.1101673 1.4272584
v 0.1656580 -0.1089051 1.4080005
v 0.1588534 -0.1075023 1.4028955
v 0.1690881 -0.1120967 1.4139931
v 0.1681698 -0.1098545 1.4187403
v 0.1726194 -0.1216589 1.4069393
v 0.1762554 -0.1259692 1.4064324
v 0.1767078 -0.1266231 1.4120254
v 0.1722914 -0.1206112 1.4120528
v 0.1675938 -0.1132076 1.4073008
v 0.1706840 -0.1145661 1.4034018
v 0.1704880 -0.1177156 1.4058885
v 0.1688453 -0.1160065 1.4102479
v 0.1740389 -0.1166942 1.4167968
v 0.1788408 -0.1230095 1.4179253
v 0.1840709 -0.1290764 1.4178844
v 0.1819115 -0.1325249 1.4102596
v 0.1414931 -0.1035790 1.3991376
v 0.1459558 -0.1048605 1.3942916
v 0.1520154 -0.1067527 1.3985534
v 0.1482629 -0.1068365 1.4044903
v 0.1685020 -0.1112976 1.4009187
v 0.1620820 -0.1123969 1.3860571
v 0.1682705 -0.1152094 1.3855422
v 0.1692640 -0.1152908 1.3893905
v 0.1625441 -0.1123984 1.3901578
v 0.1315158 -0.0950370 1.3867978
v 0.1291806 -0.0910803 1.3789280
v 0.1360167 -0.0962250 1.3773494
v 0.1376834 -0.0989495 1.3838776
v 0.1368953 -0.0949440 1.3706166
v 0.1295492 -0.0881889 1.3702139
v 0.1355291 -0.0879603 1.3529760
v 0.1433858 -0.0976601 1.3572147
v 0.1395186 -0.0951546 1.3639839
v 0.1317932 -0.0872589 1.3614298
v 0.1567670 -0.1046725 1.3595559
v 0.1486356 -0.1014739 1.3506039
v 0.1546907 -0.1047583 1.3454865
v 0.1623346 -0.1065523 1.3566389
v 0.1607085 -0.1081635 1.3802082
v 0.1615443 -0.1107779 1.3827199
v 0.1568976 -0.1080196 1.3830415
v 0.1565523 -0.1060663 1.3812327
v 0.1522563 -0.1039575 1.3821888
v 0.1525513 -0.1047769 1.3826920
v 0.1511423 -0.1048456 1.3837261
v 0.1504700 -0.1033617 1.3824692
v 0.1542296 -0.1048988 1.3817418
v 0.1530597 -0.1041542 1.3809445
v 0.1551092 -0.1052825 1.3794525
v 0.1585823 -0.1076914 1.3776288
v 0.1717835 -0.1132592 1.3720701
v 0.1736461 -0.1122011 1.3764412
v 0.1704087 -0.1115485 1.3773185
v 0.1678346 -0.1125586 1.3734968
v 0.1533017 -0.1066182 1.3848711
v 0.1566854 -0.1090217 1.3856590
v 0.1561999 -0.1093893 1.3890349
v 0.1515646 -0.1068019 1.3872864
v 0.1492079 -0.1062806 1.3903727
v 0.1456262 -0.1037862 1.3871830
v 0.1489350 -0.1046483 1.3853274
v 0.1508766 -0.1029250 1.3804972
v 0.1475019 -0.1026271 1.3827246
v 0.1475657 -0.1012112 1.3796932
v 0.1490182 -0.1017146 1.3760646
v 0.1527665 -0.1039491 1.3780161
v 0.1559322 -0.1063524 1.3753054
v 0.1519916 -0.1036904 1.3722938
v 0.1566045 -0.1061355 1.3686277
v 0.1603981 -0.1093105 1.3722481
v 0.1549273 -0.1084485 1.3934112
v 0.1431707 -0.1012083 1.3831660
v 0.1411650 -0.1020002 1.3899238
v 0.1425021 -0.0992811 1.3781206
v 0.1438477 -0.0989205 1.3731194
v 0.1513090 -0.1023357 1.3633828
v 0.1466769 -0.1000983 1.3681102
v 0.1415263 -0.0908905 1.3443162
v 0.1492671 -0.0928118 1.3376671
v 0.1567490 -0.1090443 1.4640574
v 0.1654572 -0.1117141 1.4623575
v 0.1536592 -0.1049911 1.4569951
v 0.1576763 -0.1068263 1.4568333
v 0.1578427 -0.1074287 1.4596131
v 0.1527883 -0.1046341 1.4597684
v 0.1377591 -0.0911235 1.4535939
v 0.1343322 -0.0908481 1.4476818
v 0.1415133 -0.0940303 1.4504858
v 0.1433553 -0.0952356 1.4540630
v 0.1470508 -0.1002978 1.4407196
v 0.1513864 -0.1019817 1.4468499
v 0.1485257 -0.1000632 1.4484586
v 0.1431647 -0.0977414 1.4431321
v 0.1550909 -0.1034458 1.4453133
v 0.1521072 -0.1023005 1.4394526
v 0.1572623 -0.1036478 1.4392109
v 0.1592362 -0.1041447 1.4444677
v 0.1645871 -0.1082530 1.4586039
v 0.1632002 -0.1076037 1.4559229
v 0.1688728 -0.1063455 1.4540520
v 0.1713233 -0.1071174 1.4566855
v 0.1758371 -0.1009182 1.4454617
v 0.1786776 -0.1023691 1.4442242
v 0.1794684 -0.1031448 1.4483152
v 0.1758127 -0.1017588 1.4479720
v 0.1741720 -0.1016562 1.4440629
v 0.1756854 -0.1024995 1.4418683
v 0.1757462 -0.1004936 1.5157722
v 0.1588311 -0.0919734 1.5123958
v 0.1779533 -0.1104082 1.4975521
v 0.1460009 -0.0824386 1.5050798
v 0.1344950 -0.0748660 1.4938028
v 0.1149711 -0.0729337 1.3938497
v 0.1215360 -0.0830056 1.3847678
v 0.1250066 -0.0889140 1.3929521
v 0.1141456 -0.0669307 1.3840833
v 0.1213327 -0.0787689 1.3746786
v 0.1295368 -0.0734633 1.3532716
v 0.1234561 -0.0754171 1.3637011
v 0.1086673 -0.0530052 1.3961421
v 0.1090740 -0.0458063 1.3889849
v 0.1161062 -0.0604227 1.3737498
v 0.1070050 -0.0340912 1.4053260
v 0.1080982 -0.0264623 1.4038802
v 0.1109402 -0.0358582 1.3828404
v 0.1150195 -0.0349870 1.3496941
v 0.1039377 -0.0271548 1.3621570
v 0.0968756 -0.0220985 1.3567309
v 0.1077896 -0.0300571 1.3438211
v 0.1107432 -0.0613833 1.4041531
v 0.1246950 -0.0720733 1.4646301
v 0.1183196 -0.0679693 1.4524512
v 0.1300429 -0.0820518 1.4625593
v 0.1351027 -0.0527615 1.5266916
v 0.1252616 -0.0485302 1.5122022
v 0.1295838 -0.0630679 1.5037758
v 0.1401416 -0.0693541 1.5174906
v 0.1714346 -0.0594434 1.5506452
v 0.1519161 -0.0568194 1.5407663
v 0.1556789 -0.0771757 1.5286161
v 0.1735735 -0.0836924 1.5355121
v 0.1212347 -0.0336313 1.5165083
v 0.1313136 -0.0320169 1.5320639
v 0.1265956 -0.0104490 1.5314487
v 0.1178224 -0.0170396 1.5173008
v 0.1471928 -0.0303735 1.5473743
v 0.1412391 -0.0035527 1.5474310
v 0.1070442 -0.0154711 1.4102057
v 0.1049725 -0.0180550 1.3940688
v 0.1020449 -0.0180795 1.3819072
v 0.1099304 -0.0316468 1.3700263
v 0.1609834 0.0023129 1.5575309
v 0.1675269 -0.0288168 1.5576211
v 0.1177818 0.0318185 1.4960483
v 0.1110909 0.0177753 1.4878480
v 0.1122384 0.0074441 1.5016005
v 0.1202674 0.0225323 1.5131551
v 0.1279074 0.0475050 1.5038434
v 0.1309316 0.0375091 1.5234460
v 0.1162316 0.0343920 1.4432791
v 0.1227927 0.0492399 1.4442054
v 0.1250171 0.0416848 1.4282464
v 0.1182312 0.0284678 1.4273115
v 0.1459699 -0.1028428 1.4693445
v 0.1402859 -0.0959016 1.4655420
v 0.1450389 -0.1001012 1.4615418
v 0.1501537 -0.1047442 1.4634884
v 0.1311747 -0.0780629 1.4753694
v 0.1357425 -0.0879175 1.4703301
v 0.1235113 -0.0554971 1.4906082
v 0.1195996 -0.0438537 1.4984727
v 0.1134625 -0.0191072 1.5042604
v 0.1160737 -0.0324180 1.5026381
v 0.1078490 0.0069194 1.4797040
v 0.1088753 0.0002930 1.4886367
v 0.1069849 -0.0003622 1.4223925
v 0.1112246 0.0159847 1.4249440
v 0.1085109 0.0132639 1.4089842
v 0.1034714 -0.0014719 1.4042117
v 0.1212120 0.0370185 1.4132023
v 0.1162802 0.0251983 1.4123593
v 0.0954807 0.0008078 1.3822793
v 0.0991165 0.0157065 1.3872086
v 0.0920620 0.0182281 1.3815127
v 0.0895599 0.0042106 1.3754194
v 0.0951279 0.0315256 1.3851469
v 0.1043421 0.0282486 1.3909008
v 0.1091727 0.0394291 1.3919773
v 0.1004478 0.0437835 1.3855942
v 0.1291228 -0.0358507 1.3237037
v 0.1194729 -0.0338296 1.3328964
v 0.1120682 -0.0289291 1.3272118
v 0.1229630 -0.0299556 1.3180005
v 0.0823972 0.0092948 1.3705540
v 0.0830415 0.0228060 1.3794570
v 0.1126159 0.0190677 1.4414472
v 0.1077550 0.0068190 1.4403881
v 0.0856573 0.0367913 1.3829831
v 0.1047529 0.0136509 1.3962863
v 0.1111086 0.0254880 1.3992387
v 0.1295197 0.0476646 1.4126034
v 0.1330273 0.0530935 1.4279447
v 0.1673822 -0.1080854 1.4242944
v 0.1675838 -0.1037158 1.4399379
v 0.1719816 -0.1031257 1.4405022
v 0.1716334 -0.1026958 1.4437267
v 0.1679708 -0.1035862 1.4436889
v 0.1905556 -0.1180988 1.4751954
v 0.1782248 -0.1156964 1.4796314
v 0.1770172 -0.1168557 1.4658359
v 0.1880819 -0.1163820 1.4587970
v 0.1339176 -0.0995033 1.4189176
v 0.1370457 -0.1020908 1.4069845
v 0.1453277 -0.1064683 1.4123070
v 0.1448762 -0.1049192 1.4220290
v 0.1467414 -0.0979785 1.4542717
v 0.1484889 -0.1003076 1.4555162
v 0.1461112 -0.0981684 1.4567048
v 0.1360010 -0.0994817 1.3935710
v 0.1302569 -0.0956504 1.4002081
v 0.1143974 -0.0649750 1.4384039
v 0.1358589 -0.0896811 1.4604456
v 0.1938727 -0.0611998 1.5552796
v 0.1941071 -0.0887119 1.5375288
v 0.1901296 -0.0273857 1.5632802
v 0.1837886 0.0063278 1.5628403
v 0.1471166 0.0502076 1.5301440
v 0.1676999 0.0587066 1.5346977
v 0.1608497 0.0723028 1.5116432
v 0.1418210 0.0614960 1.5085274
v 0.1328300 0.0630220 1.4443733
v 0.1173968 0.0494668 1.3913098
v 0.1079955 0.0533530 1.3830703
v 0.1930018 -0.1061544 1.5162183
v 0.1927043 -0.1138328 1.4946182
v 0.1272985 -0.0664502 1.4820825
v 0.1250707 -0.0881484 1.4360027
v 0.1267859 -0.0923025 1.4273717
v 0.1344834 -0.0967950 1.4359309
v 0.1327091 -0.0931583 1.4414737
v 0.1187834 -0.0783652 1.4294905
v 0.1136262 -0.0652761 1.4237343
v 0.1085632 -0.0504533 1.4188670
v 0.1064228 -0.0412802 1.4097109
v 0.1236970 0.0099089 1.5260428
v 0.1157953 -0.0016291 1.5132491
v 0.1534386 0.0293945 1.5474446
v 0.1361518 0.0202985 1.5388123
v 0.1120990 -0.0061943 1.5028046
v 0.1763955 0.0352211 1.5525035
v 0.1706124 -0.1147215 1.3936670
v 0.1730044 -0.1147048 1.3973715
v 0.1631050 -0.1108446 1.3960634
v 0.1651069 -0.1111334 1.3696460
v 0.1620761 -0.1075606 1.3653110
v 0.1667246 -0.1082152 1.3635051
v 0.1695295 -0.1117554 1.3678994
v 0.1466421 -0.0762607 1.3360858
v 0.1379897 -0.0746321 1.3435394
v 0.1350723 -0.0433707 1.3289101
v 0.1258154 -0.0401502 1.3380570
v 0.1757240 -0.1198489 1.4046582
v 0.1746708 -0.1175256 1.4045921
v 0.1769786 -0.1179687 1.4041316
v 0.1773248 -0.1200958 1.4044992
v 0.1542736 -0.1060314 1.3831463
v 0.1730892 -0.1164024 1.3841214
v 0.1719527 -0.1145569 1.3807609
v 0.1749878 -0.1146869 1.3796599
v 0.1762138 -0.1165351 1.3828885
v 0.1219432 -0.0541090 1.3604294
v 0.1202051 -0.0423100 1.3553350
v 0.0910298 -0.0105246 1.3664364
v 0.0969279 -0.0146749 1.3735984
v 0.1000264 -0.0011665 1.3912514
v 0.1156279 0.0374429 1.4014602
v 0.1247808 0.0469327 1.4007575
v 0.1349445 0.0555231 1.3982924
v 0.1404085 0.0563204 1.4101210
v 0.1342974 -0.0597054 1.3442168
v 0.1305453 -0.0485184 1.3420681
v 0.1400797 -0.0517774 1.3335103
v 0.1439517 -0.0622902 1.3355951
v 0.1806139 -0.1203364 1.4004712
v 0.1790931 -0.1182669 1.3999933
v 0.1805011 -0.1185625 1.3972524
v 0.1819272 -0.1215135 1.3988535
v 0.1735353 -0.1159403 1.4031897
v 0.1745906 -0.1151486 1.3999748
v 0.1754211 -0.1155122 1.4017597
v 0.1731857 -0.1178404 1.4043197
v 0.1743994 -0.1205749 1.4049751
v 0.1798409 -0.1246092 1.4038001
v 0.1807701 -0.1293955 1.4033797
v 0.1768232 -0.1233538 1.4046413
v 0.1789176 -0.1193274 1.4023474
v 0.1781943 -0.1173477 1.4016424
v 0.1763945 -0.1161615 1.4031821
v 0.1747771 -0.1163987 1.4037860
v 0.1791948 -0.1226221 1.4040706
v 0.1772261 -0.1215697 1.4045760
v 0.1856964 -0.1242229 1.4244456
v 0.1429035 -0.0437115 1.3227839
v 0.1481206 -0.0519639 1.3278636
v 0.1530653 -0.1044038 1.3822014
v 0.1740139 -0.1115433 1.4594336
v 0.1401344 -0.1010277 1.4320739
v 0.1604231 -0.1062638 1.4275269
v 0.1613006 -0.1046891 1.4336311
v 0.1549567 -0.1042198 1.4323936
v 0.1534876 -0.1060314 1.4246789
v 0.1813630 -0.1097024 1.4544853
v 0.1840986 -0.1071887 1.4481681
v 0.1892580 -0.1128811 1.4477384
v 0.1828290 -0.1061984 1.4419848
v 0.1783616 -0.1047404 1.4381704
v 0.1800874 -0.1096266 1.4343908
v 0.1868670 -0.1135315 1.4388973
v 0.1491007 -0.1014909 1.4587366
v 0.1506930 -0.1026810 1.4565798
v 0.1736184 -0.1070046 1.4318864
v 0.1729918 -0.1042736 1.4362400
v 0.1675086 -0.1044396 1.4348965
v 0.1671932 -0.1060499 1.4296098
v 0.1478058 -0.1031566 1.4315299
v 0.1414765 -0.0948766 1.4582046
v 0.1414576 -0.0952137 1.4464558
v 0.1065423 -0.0062103 1.4315641
v 0.1056440 -0.0013258 1.4440310
v 0.1034880 -0.0245994 1.4197956
v 0.1045836 -0.0203516 1.4225107
v 0.1083053 -0.0215762 1.4164574
v 0.1059521 -0.0267341 1.4153851
v 0.1063457 -0.0142857 1.4756159
v 0.1072826 -0.0186086 1.4752349
v 0.1091734 -0.0201737 1.4816008
v 0.1083685 -0.0123606 1.4822936
v 0.1085795 -0.0258423 1.4760810
v 0.1079739 -0.0254627 1.4722718
v 0.1083670 -0.0287976 1.4708667
v 0.1105192 -0.0284100 1.4784339
v 0.1117701 -0.0351482 1.4741718
v 0.1160718 -0.0398089 1.4848388
v 0.1134039 -0.0301210 1.4896551
v 0.1184605 -0.0572100 1.4665426
v 0.1179953 -0.0483546 1.4776038
v 0.1126556 -0.0400576 1.4675502
v 0.1117000 -0.0436611 1.4581144
v 0.1066078 -0.0367046 1.4246640
v 0.1050224 -0.0326086 1.4179552
v 0.1075265 -0.0140838 1.4219344
v 0.1250720 0.0525196 1.4825854
v 0.1157780 0.0366621 1.4780856
v 0.1098288 0.0224835 1.4725336
v 0.1070987 0.0102017 1.4677186
v 0.1368740 0.0670863 1.4873799
v 0.1514086 0.0768641 1.4860321
v 0.1127810 -0.0550078 1.4500117
v 0.1099756 -0.0429048 1.4465615
v 0.1145768 0.0377314 1.4599222
v 0.1232662 0.0533601 1.4625716
v 0.1112360 0.0225788 1.4566956
v 0.1076851 0.0100306 1.4548186
v 0.1344934 0.0674905 1.4660038
v 0.1489150 0.0777629 1.4627413
v 0.1457265 0.0717785 1.4408436
v 0.1016449 -0.0268276 1.4291393
v 0.0996521 -0.0270270 1.4236501
v 0.1023134 -0.0280164 1.4215141
v 0.1039805 -0.0308294 1.4266880
v 0.1078208 -0.0400314 1.4352977
v 0.1100047 -0.0519219 1.4352113
v 0.1864438 -0.1194725 1.4312771
v 0.1615018 -0.1058207 1.3420619
v 0.1672088 -0.1075994 1.3548878
v 0.1754559 -0.1164339 1.3918339
v 0.1743386 -0.1167003 1.3878166
v 0.1773156 -0.1167598 1.3863284
v 0.1785437 -0.1167051 1.3900551
v 0.1767973 -0.1050800 1.4528690
v 0.1445017 0.0621080 1.4249614
v 0.1280132 0.0562681 1.3888192
v 0.1184950 0.0601610 1.3801728
v 0.0906152 0.0490436 1.3817920
v 0.0986916 0.0584963 1.3781180
v 0.1797649 -0.1171334 1.3938023
v 0.1769720 -0.1166257 1.3952024
v 0.1795016 -0.1213340 1.4034493
v 0.1672042 -0.1134122 1.3818581
v 0.1776664 -0.1168527 1.4004091
v 0.1778393 -0.1168245 1.3981149
v 0.1825789 -0.1189591 1.3959864
v 0.1813378 -0.1171940 1.3929739
v 0.1626781 -0.1041237 1.4395520
v 0.1637597 -0.1041669 1.4439409
v 0.1809707 -0.1230268 1.4018432
v 0.1820822 -0.1252549 1.4002866
v 0.0999547 -0.0253775 1.3385095
v 0.0893312 -0.0172209 1.3505744
v 0.1771527 -0.1145692 1.3789649
v 0.1782629 -0.1164162 1.3821709
v 0.1090871 -0.0343503 1.4529667
v 0.1092830 -0.0335447 1.4605815
v 0.1058954 -0.0281556 1.4572009
v 0.1060828 -0.0286475 1.4504633
v 0.1371853 -0.0361781 1.3173933
v 0.0841817 -0.0043795 1.3611049
v 0.1089128 0.0669169 1.3743303
v 0.1467041 -0.0983493 1.4504085
v 0.1461762 -0.0973622 1.4524805
v 0.1733333 -0.1036657 1.4515127
v 0.1633127 -0.1107602 1.3754387
v 0.1658913 -0.1104384 1.3787335
v 0.1519096 -0.0625798 1.3307661
v 0.1835148 -0.1220724 1.3977247
v 0.1065139 -0.0214154 1.4658395
v 0.1060334 -0.0215679 1.4620987
v 0.1037346 -0.0236568 1.4616214
v 0.1045219 -0.0247022 1.4646501
v 0.1048686 -0.0299602 1.4675532
v 0.1045391 -0.0289008 1.4715023
v 0.1020771 -0.0271807 1.4684875
v 0.1027158 -0.0272326 1.4652118
v 0.1084544 -0.0318667 1.4670327
v 0.1055517 -0.0296335 1.4629506
v 0.1022687 -0.0272033 1.4736432
v 0.1015347 -0.0258962 1.4710033
v 0.1075556 -0.0228294 1.4739065
v 0.1053208 -0.0259321 1.4746968
v 0.1042184 -0.0216465 1.4773364
v 0.0998953 -0.0237606 1.4758023
v 0.1015367 -0.0156650 1.4784297
v 0.0966865 -0.0187830 1.4768980
v 0.0996109 -0.0098431 1.4760978
v 0.0944587 -0.0127399 1.4753545
v 0.1057718 -0.0319907 1.4344493
v 0.1054618 -0.0250590 1.4361793
v 0.0977838 -0.0060453 1.4707373
v 0.0925411 -0.0086278 1.4710191
v 0.0961638 -0.0026942 1.4637022
v 0.0912621 -0.0057999 1.4642804
v 0.0948791 -0.0016167 1.4551384
v 0.0908367 -0.0048176 1.4565476
v 0.0943619 -0.0029617 1.4471035
v 0.0906778 -0.0059743 1.4489646
v 0.0943611 -0.0060637 1.4368259
v 0.0913994 -0.0091283 1.4412407
v 0.0978225 -0.0128501 1.4722845
v 0.0997101 -0.0170880 1.4742779
v 0.1062043 -0.0112967 1.4721152
v 0.1010061 -0.0222051 1.4735373
v 0.1047051 -0.0138499 1.4578376
v 0.1051914 -0.0138263 1.4556177
v 0.1034633 -0.0173825 1.4564266
v 0.1055398 -0.0157563 1.4584050
v 0.1045069 -0.0250741 1.4493280
v 0.1036262 -0.0241196 1.4439523
v 0.1046780 -0.0279354 1.4432200
v 0.1043402 -0.0225559 1.4398841
v 0.1062660 -0.0221476 1.4441396
v 0.1052625 -0.0213343 1.4411108
v 0.1078158 -0.0223749 1.4479431
v 0.1043939 -0.0197484 1.4400402
v 0.1029774 -0.0204712 1.4386335
v 0.1055159 -0.0191075 1.4408803
v 0.1062602 -0.0201360 1.4414624
v 0.1074116 -0.0194735 1.4432394
v 0.1076252 -0.0179486 1.4465677
v 0.1065669 -0.0337223 1.4440623
v 0.1043124 -0.0103165 1.4372024
v 0.1032196 -0.0080426 1.4465318
v 0.0929410 -0.0141036 1.4344496
v 0.0942767 -0.0125244 1.4283276
v 0.0969233 -0.0247313 1.4219318
v 0.0948985 -0.0191881 1.4230938
v 0.1054711 -0.0089077 1.4674063
v 0.1036375 -0.0063655 1.4612188
v 0.1049349 -0.0158161 1.4292479
v 0.1028573 -0.0058133 1.4546505
v 0.0942439 -0.0108115 1.4440108
v 0.0957811 -0.0143590 1.4392771
v 0.0929638 -0.0083562 1.4499147
v 0.1012367 -0.0221145 1.4354207
v 0.0980850 -0.0184600 1.4363395
v 0.0950234 -0.0195874 1.4310629
v 0.0981578 -0.0238070 1.4295694
v 0.0986915 -0.0152120 1.4420389
v 0.0961849 -0.0132895 1.4459502
v 0.1023466 -0.0141985 1.4435038
v 0.1000062 -0.0129660 1.4474021
v 0.1033825 -0.0170030 1.4409618
v 0.1010424 -0.0175593 1.4393724
v 0.1061107 -0.0136480 1.4445926
v 0.1042965 -0.0120327 1.4495217
v 0.1058346 -0.0170010 1.4419516
v 0.0979933 -0.0131113 1.4512360
v 0.1017801 -0.0132611 1.4533901
v 0.0995344 -0.0155977 1.4570915
v 0.0968774 -0.0136278 1.4555196
v 0.0947388 -0.0115417 1.4504816
v 0.0943330 -0.0106806 1.4555251
v 0.0937975 -0.0070941 1.4561002
v 0.0951113 -0.0108108 1.4611529
v 0.0948367 -0.0076310 1.4626393
v 0.0967360 -0.0134483 1.4598796
v 0.0983710 -0.0160294 1.4600057
v 0.0959621 -0.0097094 1.4685899
v 0.0963821 -0.0122759 1.4661178
v 0.0979735 -0.0146543 1.4694145
v 0.0974136 -0.0145326 1.4637953
v 0.0986058 -0.0165199 1.4663405
v 0.0983182 -0.0159797 1.4625159
v 0.0993952 -0.0177802 1.4636988
v 0.1034175 -0.0241245 1.4698251
v 0.1042253 -0.0250795 1.4675528
v 0.1016993 -0.0215641 1.4708613
v 0.1024403 -0.0211387 1.4681688
v 0.1038113 -0.0224797 1.4690869
v 0.1049184 -0.0224158 1.4676338
v 0.1028369 -0.0212973 1.4656391
v 0.1040716 -0.0195763 1.4633544
v 0.1104365 -0.0219602 1.3034514
v 0.1209498 -0.0196550 1.2967536
v 0.1259320 -0.0236450 1.3038038
v 0.1162651 -0.0250129 1.3109071
v 0.1004686 -0.0190802 1.4676336
v 0.1009915 -0.0199116 1.4645534
v 0.0999801 -0.0179024 1.4710410
v 0.1017050 -0.0169475 1.4605125
v 0.1014963 -0.0187844 1.4621692
v 0.0997512 -0.0177400 1.4612109
v 0.1002898 -0.0169547 1.4596422
v 0.1057539 -0.0245265 1.4533946
v 0.1066841 -0.0207215 1.4516907
v 0.1059352 -0.0163751 1.4502047
v 0.0720694 -0.0165013 1.3127454
v 0.0784256 -0.0145620 1.3203049
v 0.0666236 -0.0103511 1.3362374
v 0.0600880 -0.0129007 1.3303689
v 0.0585159 -0.0313038 1.2927128
v 0.0403981 -0.0276629 1.3130513
v 0.0354185 -0.0396696 1.2880611
v 0.0508504 -0.0371517 1.2746791
v 0.0318781 -0.0471519 1.2672764
v 0.0462745 -0.0431067 1.2567863
v 0.0240765 -0.0635646 1.2128795
v 0.0385336 -0.0601029 1.2057029
v 0.0414753 -0.0548455 1.2222828
v 0.0265922 -0.0582992 1.2299925
v -0.0222374 -0.0775086 1.1520571
v -0.0239597 -0.0710891 1.1359919
v -0.0089674 -0.0730469 1.1353135
v -0.0098027 -0.0781460 1.1503846
v -0.0360287 -0.0647122 1.2696540
v -0.0313833 -0.0637903 1.2905318
v -0.0463075 -0.0648246 1.2884702
v -0.0501092 -0.0628111 1.2662321
v 0.0371379 0.0008406 1.3631810
v 0.0387769 -0.0143954 1.3409676
v 0.0456973 -0.0073518 1.3437734
v 0.0440449 0.0049323 1.3649714
v -0.0660468 -0.0528356 1.1826706
v -0.0663635 -0.0541493 1.1685652
v -0.0554971 -0.0632919 1.1738690
v -0.0541331 -0.0625115 1.1867082
v -0.0735131 -0.0286408 1.0921625
v -0.0808749 -0.0281605 1.0753103
v -0.0631512 -0.0419305 1.0727625
v -0.0566497 -0.0411504 1.0886585
v -0.1178501 0.0222106 1.1288381
v -0.1276978 0.0460948 1.1323797
v -0.1309604 0.0514405 1.1114735
v -0.1229183 0.0269326 1.1085217
v -0.0034366 -0.0664392 1.2242697
v 0.0097606 -0.0652955 1.2191529
v 0.0120725 -0.0609066 1.2365273
v -0.0015820 -0.0625734 1.2422135
v -0.1839353 -0.1049332 1.4096430
v -0.1928455 -0.1019671 1.3962125
v -0.1716027 -0.0943980 1.3839484
v -0.1628023 -0.0965769 1.3972791
v -0.1397109 0.0192949 1.0123219
v -0.1426568 0.0452209 1.0121881
v -0.1472367 0.0401657 0.9955016
v -0.1431105 0.0132707 0.9954766
v -0.0535718 -0.0696484 1.3659286
v -0.0396515 -0.0660605 1.3629546
v -0.0351901 -0.0507318 1.3828571
v -0.0473884 -0.0558616 1.3859103
v -0.0491032 -0.0592437 1.2321404
v -0.0378329 -0.0635634 1.2331764
v -0.0378111 -0.0645600 1.2508411
v -0.0498601 -0.0608639 1.2475939
v -0.1241287 0.0341426 1.1751754
v -0.1157318 0.0145365 1.1698324
v -0.1118098 0.0119816 1.1925358
v -0.1200122 0.0290647 1.1985869
v -0.1177971 0.0182981 1.1482015
v -0.1267768 0.0401327 1.1527086
v -0.0273583 -0.0656548 1.2318922
v -0.0159781 -0.0662884 1.2285316
v -0.0138687 -0.0640456 1.2472471
v -0.0250439 -0.0651280 1.2507250
v -0.0257625 -0.0617509 1.1227955
v -0.0074447 -0.0649021 1.1224336
v -0.1330942 -0.0113668 0.9939529
v -0.1185321 -0.0329985 0.9910530
v -0.1163115 -0.0271548 1.0087177
v -0.1304051 -0.0058296 1.0109641
v -0.0331937 -0.0492155 1.0992358
v -0.0281978 -0.0536234 1.1116181
v -0.0447264 -0.0477426 1.1144867
v -0.0500922 -0.0414634 1.1018443
v -0.1009745 -0.0517379 0.9882529
v -0.0822303 -0.0700280 0.9858439
v -0.0790730 -0.0624125 1.0043375
v -0.0983598 -0.0455933 1.0064110
v 0.0290918 -0.0529803 1.2481568
v 0.0436737 -0.0492199 1.2393272
v -0.0439916 -0.0704141 1.1584167
v -0.0487546 -0.0635543 1.1433739
v -0.0373408 -0.0677441 1.1391210
v -0.0339407 -0.0744024 1.1552045
v -0.0735778 -0.0410505 1.2519252
v -0.0636536 -0.0552984 1.2596546
v -0.0651663 -0.0611602 1.2845190
v -0.0783335 -0.0441471 1.2691028
v -0.1512303 0.0347113 0.9782911
v -0.1471379 0.0079041 0.9790602
v -0.1044404 -0.0575000 0.9702557
v -0.0855541 -0.0757423 0.9672308
v -0.1282081 0.0013622 1.3031340
v -0.1244381 0.0061068 1.2860893
v -0.1173043 -0.0059885 1.2822250
v -0.1214929 -0.0105216 1.2997183
v 0.0276169 -0.0688656 1.1404897
v 0.0176194 -0.0750158 1.1508073
v 0.0056437 -0.0745927 1.1397648
v 0.0117764 -0.0673002 1.1275940
v -0.0535330 -0.0529510 1.1300718
v -0.0589926 -0.0416352 1.1191721
v -0.0408939 -0.0577319 1.1254560
v 0.0374783 -0.0601507 1.1309551
v 0.0182593 -0.0578165 1.1132012
v 0.0582858 -0.0448643 1.2297319
v 0.0561553 -0.0506053 1.2139130
v 0.0619586 -0.0397947 1.2457947
v 0.0771889 -0.0361953 1.2355144
v 0.0830067 -0.0315667 1.2511198
v 0.0673667 -0.0345900 1.2618950
v 0.0899516 -0.0276198 1.2660446
v 0.0746042 -0.0300833 1.2772867
v 0.0866239 -0.0180097 1.2977193
v 0.0923554 -0.0171560 1.3060833
v -0.0612886 -0.0525555 1.2426113
v -0.0604406 -0.0507014 1.2284642
v -0.1218374 -0.0385299 0.9739024
v -0.0271128 0.0910071 1.3425569
v -0.0366940 0.0996153 1.3298140
v -0.0459428 0.0849554 1.3388694
v -0.0370735 0.0776732 1.3508607
v 0.0297626 -0.0035506 1.3648792
v 0.0295792 -0.0215806 1.3442472
v -0.1101802 0.0484738 1.3127335
v -0.1034220 0.0576382 1.3030602
v -0.1097414 0.0551400 1.2919017
v -0.1139011 0.0462643 1.3024884
v -0.1320856 0.0198940 1.3120778
v -0.1409381 0.0157051 1.3283009
v -0.1384051 0.0208921 1.3369150
v -0.1286694 0.0245561 1.3199976
v -0.1445311 0.0656753 0.9931467
v -0.1388240 0.0703849 1.0104163
v -0.1198603 0.1107730 1.1574082
v -0.1277585 0.0904181 1.1463056
v -0.1276277 0.0806026 1.1712423
v -0.1210760 0.0978117 1.1849064
v 0.0327888 0.1401249 1.2855136
v 0.0253250 0.1461234 1.2732349
v 0.0098867 0.1408214 1.2840930
v 0.0182073 0.1341497 1.2967372
v 0.0022070 0.1073184 1.3332750
v 0.0124333 0.1003791 1.3433896
v 0.0233590 0.1127021 1.3294543
v 0.0145428 0.1201012 1.3195652
v -0.0169534 0.1050779 1.3320066
v -0.0270832 0.1131084 1.3188837
v -0.1230855 0.0455537 1.2067176
v -0.1275381 0.0527957 1.1837077
v -0.1185122 0.0362211 1.2401126
v -0.1148953 0.0223188 1.2336819
v -0.1146375 0.0196003 1.2455576
v -0.1181273 0.0322784 1.2511326
v 0.0507083 0.0085382 1.3677839
v 0.0491863 0.0278514 1.3803828
v 0.0420865 0.0235765 1.3789199
v 0.0539078 0.0842964 1.3632289
v 0.0503741 0.0889094 1.3586498
v 0.0443828 0.0783970 1.3670270
v 0.0484846 0.0750944 1.3697355
v -0.0278748 0.1658269 1.2142378
v -0.0083814 0.1725335 1.2072065
v -0.0153385 0.1767604 1.1805578
v -0.0370534 0.1707421 1.1847484
v -0.1213851 0.0385628 1.2673626
v -0.1254963 0.0320039 1.2787824
v -0.1228221 0.0385342 1.2851648
v -0.1191705 0.0463903 1.2743579
v -0.1168446 0.0524431 1.2649346
v -0.1158332 0.0583895 1.2550108
v -0.1185519 0.0479981 1.2472001
v -0.1188554 0.0433896 1.2578470
v -0.1203077 0.0850510 1.2074412
v -0.1258400 0.0697374 1.1950960
v -0.1225407 0.0604732 1.2171446
v -0.1186460 0.0740720 1.2281418
v -0.0212141 0.1723140 1.0855079
v -0.0409921 0.1715002 1.0852565
v -0.0413358 0.1748836 1.1179409
v -0.0213178 0.1781257 1.1170973
v -0.1148687 -0.0376714 1.3128130
v -0.1076039 -0.0516883 1.3134252
v -0.1185656 -0.0543008 1.3253844
v -0.1282887 -0.0390170 1.3258591
v -0.1353260 0.0256028 1.3645630
v -0.1413918 0.0219980 1.3751051
v -0.1372439 0.0220465 1.3807585
v -0.1308221 0.0262927 1.3704527
v -0.1542798 -0.0300167 1.3378680
v -0.1436833 -0.0423433 1.3366423
v -0.1618667 -0.0477152 1.3463890
v -0.1723877 -0.0339093 1.3474900
v 0.0170279 0.0162374 1.3789428
v 0.0226966 -0.0081251 1.3681609
v 0.0259920 0.0177399 1.3783721
v -0.1514273 -0.0045069 1.3308420
v -0.1656455 -0.0065683 1.3429944
v -0.1665167 0.0033757 1.3491762
v -0.1528321 0.0058146 1.3360421
v -0.1768552 -0.1004144 1.4252940
v -0.1562758 -0.0918126 1.4129480
v -0.1967426 -0.0277547 1.3630963
v -0.1999402 -0.0171208 1.3706562
v -0.1824719 -0.0105322 1.3572152
v -0.1793618 -0.0214607 1.3514096
v -0.1179869 0.1212478 1.1275536
v -0.1266868 0.0993002 1.1203828
v -0.1227095 0.1076635 0.9868758
v -0.1361846 0.0886992 0.9902912
v -0.1294280 0.0933709 1.0084080
v -0.1164108 0.1126355 1.0064097
v -0.1482267 0.0596660 0.9756325
v -0.1265374 0.1013002 0.9670014
v -0.1399071 0.0830206 0.9714545
v 0.0648523 0.0293255 1.3803348
v 0.0680058 0.0461560 1.3829384
v 0.0589366 0.0498410 1.3812684
v 0.0563298 0.0300094 1.3804068
v -0.1835210 0.0262841 0.8675513
v -0.1871846 0.0199923 0.8397928
v -0.1889917 -0.0106073 0.8461849
v -0.1842812 -0.0042914 0.8731297
v 0.0737262 0.0796818 1.3659686
v 0.0643383 0.0658446 1.3746628
v 0.0735522 0.0610672 1.3774401
v 0.0816040 0.0727348 1.3702281
v -0.1794022 0.0042696 0.8964014
v -0.1786914 0.0344718 0.8927000
v 0.0636749 0.0128711 1.3689571
v 0.0565800 0.0111717 1.3688056
v 0.0588764 -0.0009447 1.3529640
v 0.0668151 0.0005599 1.3545037
v 0.0742183 -0.0098094 1.3409110
v -0.1854147 -0.0457907 0.8437168
v -0.1791532 -0.0346248 0.8711985
v 0.0759480 0.0420152 1.3826425
v 0.0814850 0.0557781 1.3795124
v 0.0899112 0.0658743 1.3746487
v 0.1007290 0.0740320 1.3698925
v -0.1533306 0.0552848 0.9588947
v -0.1553847 0.0295086 0.9617197
v -0.1483485 0.0598840 0.7199130
v -0.1218069 0.0722069 0.7122854
v -0.1213135 0.0611829 0.7043654
v -0.1507892 0.0451244 0.7072511
v -0.0530589 0.0903310 0.7173382
v -0.0514622 0.0784327 0.7146374
v -0.0871943 0.0717805 0.7080996
v -0.0905037 0.0836993 0.7127270
v -0.0474018 0.1373286 0.8149713
v -0.0779697 0.1353266 0.8186887
v -0.0757165 0.1355711 0.8425047
v -0.0461012 0.1386509 0.8382603
v -0.1318970 0.0976200 0.9488759
v -0.1451053 0.0790995 0.9541602
v -0.1502152 0.0026168 0.9629526
v -0.1761241 -0.1042894 0.7061541
v -0.1928478 -0.0661428 0.7053383
v -0.1835904 -0.0716785 0.6695189
v -0.1691542 -0.1076279 0.6696964
v -0.1677000 -0.0033962 0.6653749
v -0.1748892 0.0062696 0.6944229
v -0.1482337 0.0326237 0.6876032
v -0.1420054 0.0232156 0.6647084
v -0.0655812 -0.0918340 0.9641727
v -0.0883739 -0.0797793 0.9492417
v -0.0685092 -0.0950157 0.9451820
v -0.0036446 -0.1140121 0.9521969
v -0.0255025 -0.1109269 0.9570215
v -0.0264549 -0.1140187 0.9376986
v -0.0054820 -0.1169776 0.9338265
v -0.0167212 -0.1304033 0.8354491
v -0.0033900 -0.1306258 0.8358478
v -0.0038988 -0.1271415 0.8556528
v -0.0197968 -0.1243759 0.8560989
v -0.1665613 -0.0618768 0.8671499
v -0.1451328 -0.0850330 0.8631986
v -0.1426964 -0.0737532 0.8847059
v -0.1619622 -0.0506219 0.8902780
v -0.0491060 0.0629131 0.7146027
v -0.0808430 0.0591510 0.7008995
v -0.1423430 -0.1370129 0.6702770
v -0.1468611 -0.1329864 0.7090661
v -0.1062607 -0.1568448 0.6709962
v -0.0698580 -0.1559085 0.6748241
v -0.0748694 -0.1528649 0.7069909
v -0.1111231 -0.1517068 0.7059380
v -0.0032875 -0.0929862 0.7499007
v -0.0105403 -0.1154906 0.7744716
v -0.0133368 -0.1117804 0.7588814
v -0.0023789 -0.0874685 0.7406249
v -0.0512935 0.1093792 0.7349177
v -0.0525841 0.0994227 0.7236847
v -0.0875307 0.0973576 0.7211110
v -0.0846472 0.1072605 0.7339771
v -0.1096559 0.1152623 0.9630559
v -0.1149830 0.1119161 0.9431309
v -0.0910469 0.1250994 0.9593250
v -0.1062900 0.1225430 0.9836073
v -0.0875724 0.1323489 0.9811048
v -0.0846031 0.1542619 1.1431445
v -0.1034250 0.1396725 1.1350036
v -0.1065399 0.1305544 1.1649778
v -0.0882308 0.1454834 1.1760681
v -0.0039105 0.1348355 1.2962359
v 0.0052191 0.1276699 1.3086848
v -0.1075645 0.0442327 0.6700416
v -0.0646185 0.0477909 0.6860730
v -0.0722434 0.0351704 0.6494319
v -0.1076370 0.0303346 0.6421212
v -0.1595653 -0.0090466 0.6364128
v -0.1725665 -0.0387898 0.6365365
v -0.1829953 -0.0344773 0.6678283
v -0.1742337 -0.0746349 0.6342008
v -0.1607507 -0.1112965 0.6337828
v -0.1008495 -0.1591035 0.6361236
v -0.0647154 -0.1571112 0.6410343
v -0.0024025 -0.0911806 0.6783124
v -0.0166573 -0.1170275 0.6767416
v -0.0155879 -0.1138392 0.6493131
v -0.0026878 -0.0859473 0.6518523
v -0.0532979 -0.1220967 0.8303000
v -0.0892039 -0.1149648 0.8457593
v -0.0888266 -0.1200373 0.8215121
v -0.0581963 -0.1242154 0.8050240
v -0.0045492 -0.1097430 0.9731046
v -0.0225087 -0.1067162 0.9779804
v -0.0446731 -0.1043122 0.9608921
v -0.0415509 -0.0993020 0.9812635
v -0.0621639 -0.0868268 0.9836931
v -0.0047628 -0.0766922 1.0507741
v -0.0279513 -0.0707383 1.0522971
v -0.0304540 -0.0769281 1.0360975
v -0.0078988 -0.0843040 1.0351330
v -0.0009746 -0.0685447 1.0659483
v -0.0238111 -0.0637516 1.0681727
v 0.0099880 -0.0547883 1.0955649
v -0.0076581 -0.0572421 1.1105443
v -0.0130033 -0.0540759 1.0972273
v 0.0731722 -0.0405637 1.2197741
v 0.0702042 -0.0452028 1.2046186
v -0.1716119 -0.0740076 0.8415133
v -0.0312979 0.0249295 0.6866751
v -0.0119678 -0.0040687 0.6838120
v -0.0161196 0.0000442 0.6547034
v -0.0391099 0.0238326 0.6534833
v -0.1741923 -0.0244690 0.8946679
v -0.1361268 -0.0169953 0.9772480
v -0.1395964 -0.0220233 0.9610912
v -0.0989949 -0.0051425 1.1273425
v -0.1079343 0.0034082 1.1053107
v 0.0067082 -0.0781911 1.1586565
v 0.0007591 -0.0778208 1.1493799
v -0.1920428 -0.0263579 0.7011579
v -0.0945284 -0.1598294 0.6035755
v -0.0883638 -0.1594243 0.5714224
v -0.0555020 -0.1557211 0.5755822
v -0.0599573 -0.1563851 0.6079215
v -0.0036592 -0.0537116 0.6227484
v -0.0055450 -0.0818527 0.6220457
v -0.0092449 -0.0791456 0.5912534
v -0.0098315 -0.0521083 0.5918156
v -0.0149270 -0.0531690 0.5611619
v -0.0115096 -0.0802446 0.5597743
v -0.0119644 -0.0780251 0.5293710
v -0.0177586 -0.0533056 0.5322509
v -0.1347223 -0.1433143 0.6330177
v -0.1425618 -0.1194581 0.5697284
v -0.1202076 -0.1460049 0.5684325
v -0.1267459 -0.1455035 0.6006280
v -0.1509058 -0.1160958 0.6006829
v -0.1370816 0.0140458 0.6361796
v 0.0014181 -0.0575538 0.6529359
v 0.0035796 -0.0637505 0.6786589
v -0.0316698 -0.0062136 0.5895013
v -0.0532735 0.0104773 0.5869416
v -0.0468964 0.0181011 0.6190141
v -0.0237867 -0.0016720 0.6217734
v -0.1528043 -0.0249344 0.5773123
v -0.1599265 -0.0538822 0.5755834
v -0.1659879 -0.0465926 0.6049178
v -0.1560270 -0.0175867 0.6059594
v -0.1646056 -0.0817187 0.6022689
v -0.1560958 -0.0870934 0.5723967
v -0.1287987 -0.1268375 0.5095010
v -0.1056446 -0.1496388 0.5078995
v -0.1131692 -0.1473689 0.5379318
v -0.1353863 -0.1231426 0.5394585
v -0.1438414 -0.0977193 0.5137520
v -0.1492858 -0.0923072 0.5432874
v -0.1544498 -0.0612236 0.5471627
v -0.1497490 -0.0682436 0.5189863
v -0.1447393 -0.0430356 0.5237773
v -0.1488878 -0.0340216 0.5506312
v -0.1333823 -0.0124372 0.5527232
v -0.1314547 -0.0228749 0.5270664
v -0.1103397 0.0024495 0.5547109
v -0.0842897 0.0069048 0.5570466
v -0.0880390 -0.0035362 0.5313046
v -0.1113225 -0.0085994 0.5291370
v -0.0440297 -0.0156553 0.5333013
v -0.0645935 -0.0055261 0.5326923
v -0.0588070 0.0025175 0.5587368
v -0.0384334 -0.0109375 0.5596731
v -0.0641126 -0.0284476 0.4457540
v -0.0830796 -0.0299159 0.4459028
v -0.0804836 -0.0265030 0.4642178
v -0.0598937 -0.0245067 0.4642413
v -0.1021514 -0.0317480 0.4448077
v -0.1195448 -0.0379613 0.4414624
v -0.1168485 -0.0372041 0.4606383
v -0.0999308 -0.0300509 0.4636532
v -0.1397608 -0.0644793 0.4484615
v -0.1311384 -0.0482951 0.4554316
v -0.1321235 -0.0487886 0.4353569
v -0.1398311 -0.0636810 0.4265107
v -0.1406088 -0.0830368 0.4155384
v -0.1432037 -0.0856434 0.4394337
v -0.1280566 -0.1024565 0.4048009
v -0.1343213 -0.1083397 0.4294456
v -0.1129782 -0.1284990 0.4216663
v -0.1061708 -0.1212080 0.3965390
v -0.0215484 -0.0647339 0.4546948
v -0.0256765 -0.0591206 0.4347425
v -0.0335213 -0.0417044 0.4416575
v -0.0281925 -0.0458330 0.4605887
v -0.0283782 -0.1119051 0.4388448
v -0.0348282 -0.1378926 0.4284690
v -0.0352559 -0.1225283 0.4075158
v -0.0315011 -0.0982468 0.4173282
v -0.1402166 -0.1032450 0.4853238
v -0.1234963 -0.1303934 0.4794980
v -0.1413317 -0.0519989 0.4979664
v -0.1459497 -0.0760015 0.4919050
v -0.0490671 -0.0189508 0.5088253
v -0.0701430 -0.0126263 0.5083911
v -0.0142061 -0.0766283 0.5020521
v -0.0199909 -0.0530222 0.5059270
v -0.0628097 -0.1599891 0.4476626
v -0.0690134 -0.1592684 0.4785324
v -0.0988861 -0.1517573 0.4766577
v -0.0924869 -0.1531811 0.4460166
v -0.1379084 -0.1079897 0.4567654
v -0.1441817 -0.0825016 0.4657167
v -0.1394266 -0.0602605 0.4727069
v -0.1307216 -0.0424935 0.4780400
v -0.1151788 -0.0308154 0.4818265
v -0.0963135 -0.0240568 0.4842277
v -0.0759295 -0.0199793 0.4853440
v -0.0547781 -0.0223739 0.4854780
v -0.0235033 -0.0499223 0.4818191
v -0.0182833 -0.0715032 0.4766753
v -0.0547356 -0.1380257 0.3975173
v -0.0575964 -0.1538751 0.4191168
v -0.0880838 -0.1486403 0.4170804
v -0.0825294 -0.1367374 0.3925589
v -0.0533846 -0.1175761 0.3806425
v -0.0376065 -0.1051064 0.3908311
v -0.1038128 -0.0252148 0.4325320
v -0.1207191 -0.0313737 0.4273842
v -0.1328925 -0.0415247 0.4195916
v -0.1376194 -0.0737535 0.3946943
v -0.1206683 -0.0918907 0.3820016
v -0.0974521 -0.1086743 0.3734657
v -0.0756044 -0.1195107 0.3753829
v -0.0372491 -0.0235104 0.4139822
v -0.0366619 -0.0374878 0.4273766
v -0.0291509 -0.0517426 0.4201279
v -0.0298889 -0.0381854 0.4044985
v -0.0670558 -0.0079278 0.4246802
v -0.0868410 -0.0051074 0.4258218
v -0.0842895 -0.0242442 0.4343271
v -0.0658269 -0.0262022 0.4332871
v -0.1072353 -0.0067851 0.4212555
v -0.1240756 -0.0138759 0.4140626
v -0.1365071 -0.0252041 0.4045601
v -0.1340529 -0.0582217 0.3731998
v -0.1405467 -0.0556874 0.4085155
v -0.1414057 -0.0407079 0.3894671
v -0.1124860 -0.0771281 0.3587800
v -0.0763940 -0.0641057 0.3322788
v -0.0818244 -0.0881936 0.3534580
v -0.1065910 -0.0569576 0.3356812
v -0.0372965 0.0229650 0.2806880
v -0.0600264 0.0158088 0.2696504
v -0.0522845 0.0459586 0.2509852
v -0.0323370 0.0523110 0.2600439
v -0.0273059 -0.0175384 0.3892475
v -0.0344865 -0.0012832 0.4010507
v -0.0657446 0.0172237 0.4138698
v -0.0877480 0.0198273 0.4140441
v -0.1274322 -0.0149783 0.3294247
v -0.1300332 -0.0393427 0.3508323
v -0.1404116 -0.0214190 0.3681500
v -0.1375148 0.0028694 0.3478822
v -0.0107703 0.0612553 0.3338109
v -0.0187944 0.0760308 0.3456010
v -0.0233735 0.0509225 0.3681006
v -0.0147315 0.0348871 0.3549824
v -0.0829252 0.0446552 0.3988130
v -0.0609355 0.0425173 0.3987141
v -0.0563478 0.0678525 0.3793120
v -0.0779076 0.0701838 0.3784639
v -0.1097427 0.0381319 0.2857044
v -0.1206658 0.0109233 0.3075591
v -0.1313566 0.0286460 0.3256151
v -0.1203899 0.0551461 0.3023678
v -0.0718700 -0.0391003 0.3109183
v -0.1034576 -0.0319544 0.3140785
v -0.0976333 -0.0055896 0.2936668
v -0.0673941 -0.0124465 0.2892816
v -0.0472936 -0.0323924 0.3227446
v -0.0429561 -0.0057321 0.3019386
v -0.0155057 0.1230780 0.2904403
v -0.0171244 0.0991913 0.3190752
v -0.0098835 0.0865816 0.3076277
v -0.0088923 0.1140602 0.2795490
v -0.0719360 0.0934558 0.3528702
v -0.0509096 0.0920568 0.3550437
v -0.0455232 0.1133542 0.3266154
v -0.0638617 0.1146450 0.3241476
v -0.0836785 0.0961188 0.2405631
v -0.0977531 0.0668461 0.2636245
v -0.1062469 0.0826243 0.2784777
v -0.0907083 0.1104801 0.2547483
v -0.0443338 0.0779699 0.2297604
v -0.0781542 0.0511232 0.2516911
v -0.0673473 0.0829249 0.2301671
v -0.0335743 0.1075406 0.2081098
v -0.0185491 0.1115292 0.2144897
v -0.0262265 0.0829211 0.2378591
v -0.0070144 0.1386388 0.2527047
v -0.0115317 0.1474580 0.2633105
v -0.0310566 0.1579452 0.2711978
v -0.0460977 0.1590991 0.2705219
v -0.0551561 0.1364671 0.2964254
v -0.0389962 0.1352739 0.2979116
v -0.0836038 0.1304591 0.2787831
v -0.0710172 0.1347581 0.2895670
v -0.0606813 0.1574634 0.2640454
v -0.0713521 0.1530572 0.2535410
v -0.0756864 0.1352695 0.2326867
v -0.0906339 0.1220797 0.2675343
v -0.0756776 0.1460134 0.2439855
v -0.0696722 0.1225619 0.2199756
v -0.0544786 0.1111667 0.2088992
v -0.0152523 0.0061931 0.7182762
v -0.0047078 -0.0223582 0.7140800
v -0.0093662 -0.0126682 0.7040148
v -0.0233659 0.0170310 0.7102986
v -0.0154625 -0.1102171 0.5866251
v -0.0159639 -0.1115017 0.6190308
v -0.0144533 -0.1061501 0.5247861
v -0.0152229 -0.1099882 0.5546249
v -0.0161317 -0.1020906 0.4961306
v -0.0205949 -0.0960352 0.4699202
v -0.0236681 -0.0878308 0.4466914
v -0.0257487 -0.0778922 0.4269068
v -0.0279493 -0.0678698 0.4096750
v -0.0282487 -0.0537798 0.3925138
v -0.0213186 -0.0105326 0.3573380
v -0.0212091 0.0080831 0.3735149
v -0.0266782 -0.0340855 0.3750663
v -0.0105520 0.0445850 0.3158556
v -0.0152079 0.0163241 0.3379571
v -0.0088761 0.0742530 0.2913698
v -0.0075260 0.1031860 0.2648056
v -0.0060825 0.1285830 0.2389694
v -0.0479951 -0.1391068 0.7334891
v -0.0224689 -0.1221814 0.7249396
v -0.0266025 -0.1235974 0.7444156
v -0.0527454 -0.1366742 0.7579097
v -0.0027693 -0.0579072 0.7346350
v -0.0019549 -0.0742802 0.7387819
v -0.0005884 -0.0677244 0.7335645
v -0.0016041 -0.0509560 0.7312052
v -0.1188913 -0.1320570 0.4493921
v -0.1303782 -0.0336666 0.5020721
v -0.1126326 -0.0208666 0.5049613
v -0.0919773 -0.0143693 0.5071222
v -0.0235849 -0.1232000 0.4625726
v -0.0239180 -0.1288265 0.4895758
v -0.0406896 -0.1502562 0.4834086
v -0.0371012 -0.1469807 0.4541108
v -0.0500694 -0.0558191 0.3408473
v -0.0316645 -0.0225801 0.3396503
v -0.0344606 -0.0467030 0.3577212
v -0.0526718 -0.0787458 0.3557128
v -0.1266237 0.0073977 0.3990700
v -0.1386481 -0.0050084 0.3858727
v -0.1058715 0.0409633 0.3924395
v -0.1250889 0.0325179 0.3816835
v -0.1084283 0.0155477 0.4082298
v -0.0285378 -0.1362007 0.5480588
v -0.0508578 -0.1541012 0.5440764
v -0.0458731 -0.1519973 0.5139038
v -0.0254917 -0.1324353 0.5188141
v -0.1238724 0.0982129 1.0267457
v -0.1108438 0.1173625 1.0251393
v -0.0731169 -0.0436229 1.1470324
v -0.0839121 -0.0270735 1.1382469
v -0.0722912 -0.0342294 1.1267333
v -0.0643111 -0.0481275 1.1368688
v -0.0893065 -0.0242399 1.1528567
v -0.0778752 -0.0408680 1.1598578
v -0.0785623 -0.0390612 1.1754609
v -0.0903277 -0.0236587 1.1696469
v -0.0842970 -0.0259289 1.2512780
v -0.0896943 -0.0278272 1.2657218
v 0.0041903 -0.0613137 1.0811475
v 0.0271664 -0.0606152 1.0780610
v 0.0319634 -0.0526868 1.0906903
v -0.0471656 -0.1074092 0.9413747
v -0.0612766 -0.1136829 0.8604215
v -0.0316754 -0.1266583 0.8324254
v -0.0381855 -0.1196264 0.8575309
v 0.0019297 -0.1158678 0.7723399
v -0.0613739 0.1655146 1.0834112
v -0.0621053 0.1673334 1.1164950
v 0.0267960 0.1279882 1.3073683
v 0.0404293 0.1334338 1.2968506
v 0.0430454 0.1149038 1.3263146
v 0.0504761 0.1090367 1.3348894
v 0.0615347 0.1159433 1.3250748
v 0.0548514 0.1217981 1.3161262
v 0.0925294 0.0823855 1.3647815
v 0.0850754 0.0896620 1.3585822
v -0.0047957 -0.0330914 0.7300340
v -0.0005506 -0.0422550 0.7262487
v -0.0065244 -0.0213552 0.7270193
v -0.0031670 -0.0961080 0.7003602
v 0.0032759 -0.0700623 0.6989051
v 0.0024767 -0.0750807 0.7130285
v -0.0044507 -0.1000776 0.7174202
v -0.1789299 -0.1005004 0.7428458
v -0.1977971 -0.0617457 0.7419836
v -0.1153116 0.0502151 0.6898960
v -0.2346168 -0.0352114 1.4014986
v -0.2336285 -0.0284035 1.4134594
v -0.2165445 -0.0175514 1.3985030
v -0.2170152 -0.0254395 1.3862348
v -0.0482118 0.1571674 1.2231051
v -0.0637750 0.1581458 1.1920492
v 0.0525726 -0.0037778 1.3489822
v 0.0062709 -0.0202371 1.3739542
v 0.0061571 -0.0407589 1.3568633
v 0.0137184 -0.0328059 1.3535200
v 0.0145795 -0.0134091 1.3710668
v -0.0354732 0.0567819 1.3664233
v -0.0241280 0.0436947 1.3741917
v -0.0161498 0.0535425 1.3715257
v -0.0274969 0.0674472 1.3621056
v -0.0478600 0.1340097 0.7912378
v -0.0788047 0.1332748 0.7940149
v -0.0423127 0.1495244 1.0020287
v -0.0631276 0.1458796 1.0021772
v -0.0608007 0.1540035 1.0253197
v -0.0407881 0.1578851 1.0264082
v -0.0782500 0.1413257 1.2189468
v -0.0958729 0.1313639 1.2031017
v 0.0495149 -0.0598567 1.1473024
v 0.0566538 -0.0564102 1.1614898
v 0.0439231 -0.0641444 1.1690988
v 0.0375830 -0.0673040 1.1555696
v -0.1801267 0.0016381 1.4056398
v -0.1690682 0.0103090 1.3848230
v -0.1778179 0.0056807 1.3778390
v -0.1938629 -0.0022011 1.3954813
v -0.1964898 -0.0114148 0.7416191
v -0.1786662 0.0189994 0.7197398
v -0.1340634 0.0823617 1.0694733
v -0.1255670 0.1070293 1.0710566
v -0.1236604 0.1038117 1.0476755
v -0.1330420 0.0802609 1.0473724
v -0.1304518 0.0688880 1.1376270
v -0.1313672 0.0759104 1.1154240
v -0.1296094 0.0612486 1.1599546
v -0.1263437 0.0245968 1.2943709
v -0.1269851 0.0172078 1.2892341
v -0.1317485 0.0118182 1.3062692
v -0.0195223 -0.1196205 0.7029771
v -0.0334064 -0.1234544 0.7828061
v -0.0282308 -0.1251878 0.7982887
v -0.0046889 -0.0417375 0.7339400
v 0.0757842 -0.0002384 1.3567893
v 0.0817810 -0.0122506 1.3454221
v -0.1465513 -0.0158931 1.3279399
v -0.1619744 -0.0178655 1.3393457
v -0.1173436 0.0164930 1.2562885
v -0.1089523 0.0027294 1.2527222
v -0.1137470 -0.0013520 1.2658854
v -0.1216425 0.0115343 1.2693662
v -0.1253620 0.0227034 1.2736867
v -0.1213992 0.0286300 1.2614855
v -0.0231505 -0.0638768 1.2703102
v -0.0103316 -0.0619634 1.2672795
v -0.0058844 -0.0588795 1.2864512
v -0.0183086 -0.0616598 1.2897220
v 0.0013562 -0.0588284 1.2616357
v 0.0146187 -0.0562168 1.2554542
v 0.0180668 -0.0508857 1.2756759
v 0.0059020 -0.0548225 1.2821484
v 0.0534235 -0.0186158 1.3236584
v 0.0666822 -0.0241275 1.3053973
v 0.0815116 -0.0243157 1.2893869
v 0.0956884 -0.0235637 1.2777174
v 0.0782492 0.0973908 1.3510105
v 0.0728285 0.1047065 1.3423984
v 0.0606416 0.0971053 1.3508845
v 0.0645574 0.0870719 1.3608821
v 0.0848977 -0.0162497 1.3273865
v 0.0983384 -0.0203078 1.3139750
v 0.1051534 -0.0192602 1.2952570
v -0.1749511 -0.0902512 1.4402015
v -0.1548870 -0.0812370 1.4285218
v 0.0735742 0.0264796 1.3793270
v 0.0731424 0.0120996 1.3688348
v -0.1567085 -0.0670795 1.4405035
v -0.1770158 -0.0763691 1.4519080
v 0.0160216 -0.0409243 1.3262642
v 0.0211395 -0.0269357 1.3488504
v 0.0073968 -0.0455273 1.3313978
v 0.0918556 -0.0201975 1.3332324
v 0.1044595 -0.0243459 1.3207942
v -0.1949006 -0.0552574 0.7809063
v -0.1771953 -0.0907451 0.7807267
v -0.1270912 -0.0002407 1.0282554
v -0.1356570 0.0243097 1.0289846
v 0.0184218 -0.0783227 1.0491253
v 0.0151977 -0.0870517 1.0337618
v 0.1312676 -0.0292866 1.3109452
v -0.0165873 -0.0993176 0.9989488
v 0.0057461 -0.1030038 0.9937977
v 0.0110438 -0.0949513 1.0155740
v -0.0115242 -0.0914332 1.0178495
v 0.0097209 -0.1099581 0.9698272
v 0.0093394 -0.1128334 0.9590666
v -0.0110178 -0.1297963 0.8160387
v -0.0012455 -0.1324782 0.8182071
v -0.1080400 -0.0808930 1.3672133
v -0.0926890 -0.0782647 1.3588666
v -0.0818732 -0.0744796 1.3758531
v -0.0986620 -0.0766300 1.3842316
v -0.0373856 -0.0916771 1.0015437
v -0.0585792 -0.0787494 1.0029884
v -0.0712911 -0.0388729 1.2378555
v -0.0822326 -0.0237517 1.2373260
v 0.0393145 -0.0508910 1.1061173
v 0.0256187 -0.0731673 1.1635688
v 0.0308289 -0.0698183 1.1766644
v 0.0169491 -0.0730414 1.1835897
v 0.0123989 -0.0764610 1.1710526
v -0.0063310 -0.0352141 0.7311808
v -0.1096772 0.0124142 1.4036455
v -0.1022083 0.0192104 1.3955422
v -0.1107502 0.0231478 1.3898612
v -0.1176137 0.0161398 1.3995152
v 0.0008157 -0.0421783 0.6993599
v -0.0007750 -0.0345887 0.6807590
v -0.0397505 0.0456193 0.7170361
v -0.0233788 0.0294574 0.7213535
v -0.0355516 -0.1394625 0.6445356
v -0.0394886 -0.1407797 0.6766227
v -0.0345966 -0.1381434 0.6121084
v -0.0310195 -0.1373693 0.5793731
v -0.0326440 -0.0851033 0.3998543
v -0.0357243 -0.0717620 0.3768634
v -0.0277391 0.0046812 0.3192833
v -0.0235642 0.0334860 0.2983249
v -0.0193920 0.0631939 0.2744654
v -0.0151572 0.0936707 0.2503454
v -0.0097628 0.1195278 0.2254230
v -0.1831123 -0.0613434 1.4584051
v -0.1617944 -0.0501825 1.4473784
v -0.1724128 -0.0369033 1.4478327
v -0.1928608 -0.0488425 1.4596392
v -0.1902326 -0.0401126 1.3596859
v -0.1808312 -0.0541216 1.3584842
v -0.2001323 -0.0612878 1.3699516
v -0.2081810 -0.0474089 1.3720814
v -0.2271207 -0.0557019 1.3851470
v -0.2323130 -0.0442467 1.3918101
v -0.2140558 -0.0352911 1.3770775
v -0.2283939 -0.0243067 1.4261911
v -0.2205359 -0.0244461 1.4382011
v -0.2015581 -0.0120338 1.4238431
v -0.2116464 -0.0133107 1.4119439
v -0.2026293 -0.0375409 1.4561027
v -0.1833341 -0.0262906 1.4440822
v -0.1929274 -0.0176302 1.4359887
v -0.2122997 -0.0293015 1.4487355
v -0.2023761 -0.0934897 1.3871463
v -0.2113232 -0.0820661 1.3827359
v -0.1906588 -0.0747518 1.3705895
v -0.1812470 -0.0865474 1.3750190
v -0.0754114 -0.0630197 1.3943016
v -0.0935050 -0.0657220 1.4013637
v -0.0858553 -0.0472478 1.2870904
v -0.0768487 -0.0611332 1.2975676
v -0.0873895 -0.0635705 1.3083446
v -0.0949874 -0.0490249 1.3007159
v -0.1359461 -0.0848116 1.4010658
v -0.1165958 -0.0802950 1.3918359
v -0.1127858 -0.0692577 1.4089760
v -0.1340542 -0.0739289 1.4180506
v -0.1609825 -0.0801525 1.3631581
v -0.1706813 -0.0680327 1.3594318
v -0.1513651 -0.0617259 1.3471032
v -0.1422932 -0.0750388 1.3501391
v -0.1990755 -0.0082656 1.3827304
v -0.1821917 -0.0011525 1.3661620
v -0.1041596 -0.0768916 1.3424656
v -0.1186359 -0.0795940 1.3513096
v -0.0717257 -0.0372771 1.2242022
v -0.1063229 0.0069165 1.2281532
v -0.1061661 0.0047610 1.2410875
v -0.0574224 -0.0596686 1.1491507
v -0.0516234 -0.0662200 1.1618606
v -0.1037875 -0.0049462 1.1672072
v -0.1008979 -0.0058077 1.1885563
v -0.0635292 -0.0561383 1.1571498
v -0.0564774 -0.0628230 1.1645668
v -0.0386325 -0.0511924 1.0860047
v 0.1005250 -0.0193882 1.2868965
v -0.1246257 -0.0841649 1.3753698
v -0.1333311 -0.0823625 1.3601122
v -0.1586426 0.0155287 1.3673829
v -0.1478773 0.0190167 1.3526149
v -0.1513114 0.0139257 1.3435564
v -0.1638928 0.0108223 1.3591824
v -0.0929247 0.1065860 1.2589644
v -0.0868298 0.1243802 1.2399593
v -0.1000329 0.1145322 1.2269481
v -0.1029484 0.0973876 1.2483487
v -0.0991536 -0.0001882 1.4118850
v -0.0961299 -0.0116841 1.4163049
v -0.0823066 -0.0068953 1.4096470
v -0.0883568 0.0054443 1.4054704
v -0.0770092 -0.0233311 1.4114565
v -0.0937980 -0.0282940 1.4183210
v -0.0925095 -0.0482183 1.4141590
v -0.0742964 -0.0435999 1.4073190
v -0.1900668 0.0157962 0.8104523
v -0.1955025 -0.0200539 0.8138309
v -0.1249472 -0.0431439 0.9571803
v -0.1074145 -0.0618606 0.9528901
v -0.0913046 -0.1058284 0.8670405
v -0.0094042 -0.1070493 0.7447345
v 0.0008914 -0.0812021 0.7310842
v -0.0036835 -0.0289675 0.6541709
v -0.1901852 -0.0485399 0.8155597
v -0.0104006 -0.0272362 0.6232418
v -0.0174056 -0.0278823 0.5916490
v -0.0810700 0.0165497 0.5837710
v -0.1095569 0.0119209 0.5815001
v -0.1085693 0.0206895 0.6104751
v -0.0777363 0.0261086 0.6144824
v -0.1347562 -0.0027786 0.5791828
v -0.1358721 0.0053200 0.6074068
v -0.0752795 -0.1582963 0.5101556
v -0.1001100 0.0670408 0.3713738
v -0.1087552 0.0834206 0.3340060
v -0.1194427 0.0587031 0.3602074
v -0.0920452 0.0907290 0.3455917
v -0.1304251 0.0452251 0.3440267
v -0.1365923 0.0193896 0.3661473
v -0.0885820 0.0213920 0.2727902
v -0.0820182 0.1121537 0.3172366
v -0.0966693 0.1064836 0.3064278
v -0.1197591 0.0707914 0.3194452
v -0.1056938 0.0961378 0.2932533
v 0.0018258 -0.0492616 0.7117314
v -0.1504705 -0.1297535 0.7437137
v -0.1498559 -0.1245910 0.7752172
v -0.0871666 -0.1321299 0.7943405
v -0.0576277 -0.1308014 0.7810931
v -0.0759844 -0.0552801 1.0207296
v -0.0958504 -0.0398048 1.0228549
v -0.0871202 -0.0302977 1.0580675
v -0.1040650 -0.0135696 1.0615691
v -0.1097120 -0.0172640 1.0438664
v -0.0923758 -0.0347829 1.0406930
v -0.1301502 0.0301064 1.0669657
v -0.1357349 0.0564357 1.0684104
v -0.1362796 0.0544319 1.0473984
v -0.1325316 0.0284353 1.0469648
v -0.1383482 0.0505207 1.0286601
v -0.1340403 0.0752139 1.0275018
v -0.0798331 0.1522193 1.0515109
v -0.0969102 0.1396944 1.0500749
v -0.0976864 0.1438128 1.0772305
v -0.0803796 0.1561314 1.0805311
v -0.0201039 -0.1273460 0.8107206
v 0.0022872 -0.0605382 0.7264310
v -0.0439361 -0.1403282 0.7064359
v -0.0787318 -0.1481914 0.7377814
v -0.1140624 -0.1457633 0.7404168
v -0.1387179 -0.0273133 1.3263661
v -0.0997615 0.0670744 1.2934286
v -0.1068587 0.0642435 1.2823886
v -0.1126486 -0.0333926 1.4257387
v -0.1123200 -0.0522817 1.4212478
v -0.1261245 -0.0719478 1.3386792
v -0.0675064 -0.0725804 1.3694019
v -0.0789165 -0.0763584 1.3506649
v -0.0645181 -0.0747970 1.3444951
v -0.1193813 -0.1022518 0.8537766
v -0.1481089 -0.0980394 0.8364961
v -0.1198754 -0.1135077 0.8298425
v -0.0160543 0.0104554 0.7240270
v -0.0310452 -0.1236970 0.7632924
v -0.0234559 -0.0303348 0.5612406
v -0.0278346 -0.0321395 0.5333663
v -0.0318157 -0.0324477 0.5079325
v -0.0368534 -0.0322126 0.4847931
v -0.0420917 -0.0306134 0.4633533
v -0.0471356 -0.0291825 0.4444538
v -0.0506169 -0.0273443 0.4305508
v -0.0508556 -0.0131761 0.4196676
v -0.0291022 0.0244633 0.3860712
v -0.0432406 0.0356311 0.3944242
v -0.0478629 0.0097190 0.4091547
v -0.0378713 0.0617538 0.3758225
v -0.0323294 0.0858834 0.3530535
v -0.0295725 0.1083510 0.3253767
v -0.0255474 0.1303103 0.2966566
v -0.0194682 0.1537096 0.2694183
v -0.0088921 -0.0193419 0.7313694
v -0.0121556 -0.0055987 0.7279596
v 0.0251578 -0.0348173 1.3206536
v -0.0968881 -0.0117045 1.2513897
v -0.1023332 -0.0139355 1.2644306
v -0.1121000 -0.0695443 1.3289654
v -0.1659589 -0.0150487 1.4326013
v -0.1536111 -0.0239319 1.4368195
v -0.1336787 -0.0566652 1.3357209
v -0.0951252 -0.0328146 1.2822023
v -0.1015978 -0.0358074 1.2976401
v -0.3493531 -0.1411848 1.5420748
v -0.3482155 -0.1290414 1.5496313
v -0.3672015 -0.1360616 1.5554643
v -0.3684857 -0.1464591 1.5474545
v -0.3528127 -0.1483180 1.5308844
v -0.3719388 -0.1521658 1.5365447
v -0.3842459 -0.1177606 1.4860831
v -0.3771901 -0.1302959 1.4891221
v -0.3949771 -0.1322417 1.4998584
v -0.4011749 -0.1198677 1.4980615
v -0.3949045 -0.1566393 1.5315159
v -0.4001646 -0.1523366 1.5218884
v -0.3821250 -0.1497219 1.5139150
v -0.3766125 -0.1532145 1.5251193
v -0.3875323 -0.0896445 1.4982951
v -0.3831424 -0.0814739 1.5094486
v -0.3678982 -0.0771099 1.4965832
v -0.3720527 -0.0868142 1.4855201
v -0.3061359 -0.1147032 1.4460107
v -0.3156569 -0.1031510 1.4426156
v -0.2994309 -0.1047324 1.4339323
v -0.2898969 -0.1159283 1.4377630
v -0.3102986 -0.1302620 1.5306084
v -0.3101602 -0.1155948 1.5359956
v -0.3291671 -0.1224841 1.5430038
v -0.3299144 -0.1360608 1.5362033
v -0.3242563 -0.1413381 1.4912502
v -0.3310364 -0.1347241 1.4791013
v -0.3098376 -0.1311828 1.4715147
v -0.3028176 -0.1369241 1.4842803
v -0.2908771 -0.1234433 1.5241261
v -0.2921546 -0.1083073 1.5273485
v -0.3634400 -0.1476876 1.5062849
v -0.3699617 -0.1401477 1.4960433
v -0.3508903 -0.1378352 1.4872808
v -0.3442325 -0.1447819 1.4988736
v -0.4176663 -0.0998395 1.5233128
v -0.4132439 -0.0940758 1.5338803
v -0.3981981 -0.0872697 1.5220667
v -0.4027629 -0.0942386 1.5111069
v -0.4059356 -0.1445331 1.5150776
v -0.4120889 -0.1348173 1.5107403
v -0.3882113 -0.1421948 1.5055144
v -0.3897032 -0.1180330 1.5668756
v -0.3867883 -0.1306436 1.5659058
v -0.3682059 -0.1225639 1.5594941
v -0.3716471 -0.1089846 1.5592729
v -0.3467092 -0.1151329 1.4644928
v -0.3387732 -0.1262719 1.4694883
v -0.3585407 -0.1283692 1.4787781
v -0.3659554 -0.1163076 1.4749397
v -0.3132308 -0.1407401 1.5189307
v -0.3333005 -0.1444767 1.5249194
v -0.3535327 -0.0997215 1.5515621
v -0.3496711 -0.1146499 1.5524051
v -0.3311425 -0.1070124 1.5444869
v -0.3361685 -0.0921945 1.5415038
v -0.3281456 -0.0729071 1.5219359
v -0.3369634 -0.0683452 1.5088299
v -0.3523802 -0.0746763 1.5214859
v -0.3438155 -0.0804941 1.5335093
v -0.3261422 -0.1143465 1.4550757
v -0.3344504 -0.1013241 1.4532865
v -0.3558068 -0.0852543 1.4724261
v -0.3525360 -0.0741405 1.4831625
v -0.3373193 -0.0723354 1.4694901
v -0.3392987 -0.0853476 1.4587398
v -0.2606133 -0.1284106 1.4856737
v -0.2567800 -0.1196263 1.5005821
v -0.2727564 -0.1267633 1.5070591
v -0.2762504 -0.1329131 1.4927539
v -0.2720095 -0.1151043 1.5163326
v -0.2567409 -0.1066862 1.5083718
v -0.2419226 -0.0789701 1.4952699
v -0.2490638 -0.0682591 1.4893733
v -0.2574187 -0.0729033 1.4952719
v -0.2505838 -0.0837608 1.5021452
v -0.3008230 -0.0585966 1.4964221
v -0.3093512 -0.0580443 1.4805812
v -0.3226386 -0.0628299 1.4949783
v -0.3136235 -0.0650242 1.5097526
v -0.3062338 -0.0616376 1.4543096
v -0.3108412 -0.0735208 1.4433585
v -0.3231886 -0.0721928 1.4555717
v -0.3173887 -0.0624091 1.4671668
v -0.2633565 -0.0590402 1.4179333
v -0.2608276 -0.0694353 1.4102467
v -0.2745064 -0.0744773 1.4185271
v -0.2760627 -0.0639147 1.4271194
v -0.2605706 -0.0999705 1.4133408
v -0.2469462 -0.0948690 1.4044328
v -0.2389801 -0.1061760 1.4092246
v -0.2523874 -0.1110801 1.4178828
v -0.2136640 -0.1074976 1.4647528
v -0.2136978 -0.0937161 1.4763026
v -0.2235903 -0.1007893 1.4837828
v -0.2251982 -0.1137584 1.4719956
v -0.2909006 -0.0536291 1.4846000
v -0.2974690 -0.0536668 1.4666823
v -0.2728124 -0.1032859 1.4200408
v -0.2643916 -0.1144174 1.4243220
v -0.2763812 -0.1158775 1.4309740
v -0.2852594 -0.1051601 1.4264329
v -0.2475594 -0.1227699 1.4463279
v -0.2412628 -0.1234360 1.4612581
v -0.2525604 -0.1264967 1.4653917
v -0.2600985 -0.1244722 1.4517897
v -0.2351751 -0.1193232 1.4763392
v -0.2330675 -0.1070352 1.4899200
v -0.2439615 -0.1142965 1.4939896
v -0.2467753 -0.1245442 1.4805992
v -0.2836269 -0.0518959 1.4775625
v -0.2755669 -0.0576724 1.4865749
v -0.2706903 -0.0549197 1.4798229
v -0.2787276 -0.0504175 1.4707218
v -0.2971094 -0.0637353 1.4434658
v -0.2994060 -0.0756212 1.4338170
v -0.2746651 -0.1250835 1.4574261
v -0.2817025 -0.1230149 1.4463967
v -0.2681175 -0.1231888 1.4398765
v -0.2455708 -0.0996928 1.5013833
v -0.2636633 -0.0512036 1.4267423
v -0.2616854 -0.0446639 1.4368297
v -0.2497711 -0.0383941 1.4267445
v -0.2515924 -0.0446067 1.4161876
v -0.2504581 -0.0529646 1.4073558
v -0.2464742 -0.0637073 1.3998856
v -0.2311427 -0.0891837 1.3946642
v -0.2223666 -0.1004737 1.3992614
v -0.2134358 -0.1085554 1.4084580
v -0.2048283 -0.1114145 1.4209782
v -0.2218543 -0.1166038 1.4312822
v -0.2303310 -0.1143851 1.4183344
v -0.1952507 -0.0995817 1.4524057
v -0.1969248 -0.0856973 1.4641197
v -0.2180907 -0.0799711 1.4809902
v -0.2033281 -0.0715613 1.4703565
v -0.2812713 -0.0898598 1.4203314
v -0.2688374 -0.0872507 1.4136499
v -0.3601877 -0.0883789 1.5443946
v -0.3681002 -0.0815464 1.5336706
v -0.3842451 -0.0895902 1.5445797
v -0.3775100 -0.0975605 1.5536898
v -0.4070831 -0.0937523 1.5446318
v -0.3915082 -0.0860530 1.5336658
v -0.3576760 -0.1505870 1.5184548
v -0.3383800 -0.1473750 1.5119664
v -0.3902553 -0.1563440 1.5425140
v -0.2672919 -0.1280600 1.4705914
v -0.2831617 -0.1313426 1.4769282
v -0.2567946 -0.0589613 1.4817212
v -0.2413623 -0.0631745 1.4829142
v -0.2497764 -0.0538050 1.4759783
v -0.2810453 -0.0621730 1.4962299
v -0.2905809 -0.0691269 1.5083019
v -0.2817238 -0.0855397 1.5131784
v -0.2687926 -0.0755799 1.5013763
v -0.2734040 -0.0492358 1.4638814
v -0.2653212 -0.0519062 1.4736976
v -0.2582780 -0.0478727 1.4674111
v -0.2659611 -0.0460696 1.4566898
v -0.2166488 -0.1150162 1.4481929
v -0.2298885 -0.1196426 1.4559124
v -0.2207309 -0.0481907 1.4673423
v -0.2322173 -0.0566727 1.4755575
v -0.2249134 -0.0679154 1.4800509
v -0.2127260 -0.0592959 1.4710011
v -0.2338367 -0.0738471 1.4876788
v -0.2288313 -0.0395410 1.4600556
v -0.2404807 -0.0477566 1.4689830
v -0.1977300 -0.1089015 1.4366090
v -0.2560196 -0.0410247 1.4484865
v -0.2486857 -0.0423275 1.4596656
v -0.2369117 -0.0348803 1.4503179
v -0.2443505 -0.0342836 1.4386316
v -0.3759791 -0.0792363 1.5217424
v -0.3605044 -0.0733761 1.5090344
v -0.3084532 -0.0893757 1.4352990
v -0.3229903 -0.0871283 1.4455401
v -0.2944311 -0.0906500 1.4273343
v -0.3883490 -0.1027424 1.4895036
v -0.4041693 -0.1057253 1.5022702
v -0.3536123 -0.1005122 1.4649539
v -0.3715584 -0.1011614 1.4770169
v -0.3192809 -0.0843257 1.5314969
v -0.2844636 -0.0565104 1.4442109
v -0.2873604 -0.0650663 1.4351107
v -0.2920217 -0.0549957 1.4530625
v -0.2394727 -0.0761530 1.3945198
v -0.2548307 -0.0822130 1.4050650
v -0.2890139 -0.0501267 1.4682197
v -0.2195498 -0.0687286 1.3819995
v -0.2615244 -0.0904185 1.5083342
v -0.2358282 -0.0927936 1.4958736
v -0.2273062 -0.0868000 1.4889409
v -0.3859703 -0.1426933 1.5612786
v -0.3180181 -0.1439264 1.5052709
v -0.2895579 -0.1271180 1.4648403
v -0.2976963 -0.1223382 1.4536383
v -0.2800818 -0.0503836 1.4532767
v -0.2721270 -0.0487678 1.4454763
v -0.2749862 -0.0555234 1.4360805
v -0.2352870 -0.1202311 1.4400783
v -0.2440246 -0.1186113 1.4271541
v -0.4194470 -0.1099770 1.5145763
v -0.2559524 -0.1209652 1.4345751
v -0.2745838 -0.0990020 1.5185580
v 0.0478656 0.1277341 1.3066854
v -0.1038346 -0.0039932 1.1478189
v -0.0661757 -0.0320547 1.1072377
v -0.0820585 -0.0202206 1.1151154
v -0.0945774 -0.0082660 1.2244224
v -0.0942972 -0.0103355 1.2387799
v -0.1072965 -0.0194213 1.2813502
v -0.1119358 -0.0224791 1.2972998
v -0.0889978 -0.0218349 1.1874593
v 0.1070720 -0.0058636 1.4792931
v 0.1064481 -0.0018736 1.4727681
v 0.1096294 -0.0093195 1.4923432
v 0.0137998 -0.1052663 0.9812269
v 0.1051570 -0.0166135 1.4614763
v 0.1050432 -0.0119255 1.4542604
v 0.1016224 -0.0152781 1.4584098
v 0.1060175 -0.0184792 1.4620156
v 0.1062595 -0.0191221 1.4629668
v 0.1109182 -0.0199564 1.4923330
v 0.1060197 0.0004752 1.4643491
v 0.1052682 0.0006294 1.4551411
v 0.1086784 -0.0235287 1.4772693
v -0.0549381 0.1308835 0.9285306
v -0.0309421 0.1327342 0.9246994
v -0.0343463 0.1336711 0.9037682
v -0.0601891 0.1303323 0.9076638
v -0.0391827 0.1362189 0.8824798
v -0.1583908 0.0858453 0.8727574
v -0.1719847 0.0624659 0.8836889
v -0.1648725 0.0679530 0.9039685
v -0.1518371 0.0901766 0.8943063
v -0.1661142 0.0475499 0.9276618
v -0.1573345 0.0716370 0.9219540
v -0.1728465 0.0419250 0.9118323
v -0.1734046 0.0126363 0.9149835
v -0.1668663 0.0198003 0.9312008
v -0.1676731 -0.0156522 0.9137825
v -0.1611374 -0.0079906 0.9313300
v -0.1563876 -0.0411574 0.9104751
v -0.1397954 -0.0635191 0.9058769
v -0.1185625 -0.0925902 0.8793335
v -0.0918261 -0.0984741 0.8928138
v -0.1169599 -0.0834047 0.8997146
v -0.0433074 -0.1152564 0.8818570
v -0.0664148 -0.1096256 0.8867245
v -0.0048057 -0.1235178 0.8774539
v -0.0230714 -0.1202240 0.8788393
v 0.0219830 -0.0441745 1.2968449
v 0.0408516 0.0460803 1.3796308
v 0.0329111 0.0432452 1.3787092
v 0.0346978 0.0196239 1.3778668
v -0.0175041 0.0809711 1.3544993
v -0.0067071 0.0669766 1.3653177
v 0.0021453 0.0838684 1.3564010
v -0.0072461 0.0945347 1.3447241
v 0.0405384 0.0637807 1.3742623
v 0.0450575 0.0646932 1.3748006
v 0.0341031 0.0642359 1.3721321
v 0.0458625 0.0939058 1.3524363
v 0.0381062 0.0812447 1.3634618
v -0.0008685 0.0047348 1.3810791
v -0.0119197 0.0268272 1.3802538
v -0.0190826 0.0187449 1.3816447
v -0.0098337 -0.0036101 1.3834039
v -0.0456418 0.0666440 1.3567840
v -0.0549034 0.0738964 1.3452870
v -0.0613282 0.0648356 1.3511238
v -0.0519908 0.0577722 1.3611706
v -0.0359415 -0.0292623 1.3935709
v -0.0419468 -0.0068287 1.3935635
v -0.0512697 -0.0132530 1.3997107
v -0.0465902 -0.0347696 1.3977032
v -0.0410755 0.0470898 1.3696009
v -0.0628909 0.1441301 1.2406789
v -0.0735371 0.1288759 1.2556343
v -0.0818987 0.1131162 1.2705028
v -0.0921099 0.0690267 1.3047271
v -0.0890321 0.0794542 1.2956095
v -0.0974966 0.0777853 1.2839398
v -0.0962951 0.0613433 1.3136297
v -0.1029374 0.0526892 1.3204401
v -0.0766856 -0.0726467 1.3245115
v -0.0642742 -0.0715745 1.3161777
v -0.0504266 -0.0720286 1.3396562
v -0.1197307 0.0339761 1.3367537
v -0.1116129 0.0419879 1.3240991
v -0.1156409 0.0388033 1.3176187
v -0.1231200 0.0314129 1.3317558
v 0.0080171 0.0117670 1.3793793
v -0.0608415 0.0044509 1.3956474
v -0.0517276 0.0106698 1.3883727
v -0.0603876 0.0235383 1.3829607
v -0.0685149 0.0168439 1.3911179
v -0.0780618 0.0269075 1.3843930
v -0.0705237 0.0339102 1.3765995
v -0.0797053 0.0413260 1.3687509
v -0.0872440 0.0340707 1.3767337
v -0.1156441 0.0370468 1.3429825
v -0.1070733 0.0439562 1.3318281
v -0.0603057 -0.0597634 1.3891604
v -0.0118921 -0.0373681 1.3782196
v -0.0125046 -0.0551104 1.3593939
v -0.0021580 -0.0478078 1.3582109
v -0.0023968 -0.0286212 1.3763053
v -0.1322652 -0.0131030 1.3144199
v -0.1237490 -0.0245198 1.3124238
v -0.1387209 -0.0016747 1.3168835
v -0.1234001 0.0307992 1.3024008
v -0.1415301 0.0080985 1.3216749
v -0.0994406 -0.0665101 1.3186276
v -0.0904207 -0.0740960 1.3333418
v -0.0220316 -0.0629970 1.3354366
v -0.0097384 -0.0578389 1.3349589
v -0.0591374 -0.0395286 1.4022604
v -0.0630247 -0.0188133 1.4058897
v -0.1285032 0.0283543 1.3513597
v -0.1321835 0.0265875 1.3472445
v -0.1391436 0.0234574 1.3616234
v -0.1186346 0.0430659 1.2933673
v -0.1193655 0.0351158 1.3115334
v -0.0178444 -0.0134019 1.3859599
v -0.0707463 -0.0005956 1.4026983
v -0.0787096 0.0119121 1.3982279
v -0.0640119 0.0415216 1.3701288
v -0.0534698 0.0314731 1.3765313
v -0.0473438 0.0395697 1.3724563
v -0.0580667 0.0495587 1.3654080
v -0.0948969 0.0272407 1.3862017
v -0.1038808 0.0311282 1.3789081
v -0.0675387 0.0563334 1.3562715
v -0.0734592 0.0485282 1.3617038
v -0.1242763 0.0315441 1.3562680
v -0.0000802 -0.0514813 1.3345044
v -0.0098515 -0.0580463 1.3121152
v 0.0002681 -0.0538150 1.3083940
v -0.0345995 -0.0668281 1.3120443
v -0.0208661 -0.0627310 1.3123012
v -0.0505357 -0.0698960 1.3119699
v 0.0108225 -0.0503713 1.3034675
v -0.2860190 -0.0506108 1.4613591
v -0.1440298 0.0220992 1.3588008
v -0.1520873 0.0184919 1.3714290
v -0.1459267 0.0211860 1.3731825
v -0.1747085 -0.0058495 1.4217862
v 0.1707703 -0.1085575 1.3619549
v 0.1729766 -0.1118963 1.3666559
v 0.1792176 -0.1165911 1.3855662
v 0.1801924 -0.1165294 1.3891380
v -0.2631885 -0.0629493 1.4873520
v -0.2687415 -0.0651099 1.4918823
v -0.3039753 -0.0769954 1.5201511
v -0.3134765 -0.1000315 1.5352156
v -0.2966448 -0.0927444 1.5248898
v -0.2924215 -0.1354326 1.5132541
v -0.2970623 -0.1396762 1.4981588
v -0.3179040 -0.1236593 1.4614799
v -0.3308531 -0.0649567 1.4813877
v -0.4228237 -0.1656889 1.5638963
v -0.4216902 -0.1578714 1.5729686
v -0.4397916 -0.1660963 1.5787608
v -0.4412060 -0.1728297 1.5689707
v -0.4590285 -0.1797707 1.5745254
v -0.4623993 -0.1792528 1.5644999
v -0.4448860 -0.1738918 1.5587772
v -0.4659538 -0.1736943 1.5568700
v -0.4490577 -0.1694042 1.5503581
v -0.4695019 -0.1653611 1.5520537
v -0.4730523 -0.1568297 1.5507521
v -0.4572818 -0.1537842 1.5422556
v -0.4531905 -0.1622371 1.5445450
v -0.4448420 -0.1411385 1.5320788
v -0.4609299 -0.1445114 1.5425492
v -0.4637075 -0.1348699 1.5447652
v -0.4485013 -0.1304461 1.5332888
v -0.4767930 -0.1260425 1.5690022
v -0.4734750 -0.1248190 1.5773183
v -0.4588373 -0.1170938 1.5674516
v -0.4626808 -0.1188710 1.5581499
v -0.4333049 -0.1165665 1.5744600
v -0.4384537 -0.1109300 1.5660991
v -0.4541719 -0.1196005 1.5765688
v -0.4494109 -0.1250716 1.5845317
v -0.4640653 -0.1321642 1.5944501
v -0.4605793 -0.1418343 1.5979757
v -0.4453381 -0.1335919 1.5890129
v -0.3870689 -0.1515065 1.5533555
v -0.4047212 -0.1585111 1.5588603
v -0.4083391 -0.1620983 1.5478600
v -0.4359391 -0.1589568 1.5369665
v -0.4183385 -0.1555311 1.5293877
v -0.4131661 -0.1606241 1.5376529
v -0.4312492 -0.1651620 1.5438773
v -0.4173493 -0.1227117 1.5099768
v -0.4286520 -0.1376686 1.5213778
v -0.4329489 -0.1263549 1.5218263
v -0.4404930 -0.1506850 1.5333675
v -0.4234228 -0.1473403 1.5243245
v -0.4494745 -0.1199981 1.5382113
v -0.4642682 -0.1255376 1.5502389
v -0.4226771 -0.1479120 1.5784789
v -0.4252057 -0.1364651 1.5809611
v -0.4425920 -0.1447781 1.5887667
v -0.4404778 -0.1560900 1.5855103
v -0.4343108 -0.1151165 1.5267947
v -0.4076341 -0.1272824 1.5740051
v -0.4049606 -0.1391741 1.5720917
v -0.4288769 -0.1254831 1.5794564
v -0.4120152 -0.1162615 1.5710241
v -0.4572704 -0.1641178 1.5918340
v -0.4573352 -0.1741427 1.5846984
v -0.4037060 -0.1506990 1.5670025
v -0.4477469 -0.1122442 1.5465485
v -0.4436962 -0.1092573 1.5564169
v -0.4284644 -0.1015357 1.5451629
v -0.4326985 -0.1060894 1.5349632
v -0.4007561 -0.0985684 1.5544123
v -0.4229216 -0.1028340 1.5548582
v -0.4172013 -0.1077296 1.5641315
v -0.4691884 -0.1265544 1.5860861
v -0.3946811 -0.1063488 1.5629653
v -0.5470789 -0.1838547 1.5864629
v -0.5398185 -0.1820782 1.5796226
v -0.5437571 -0.1923279 1.5769498
v -0.5503254 -0.1937514 1.5844481
v -0.5290257 -0.1915746 1.5594301
v -0.5187674 -0.1971313 1.5566223
v -0.5255500 -0.2079287 1.5586100
v -0.5342512 -0.2032203 1.5608159
v -0.5511419 -0.2031908 1.5844228
v -0.5458433 -0.2015216 1.5762493
v -0.5470843 -0.2094640 1.5855502
v -0.5515270 -0.2108127 1.5961391
v -0.5557547 -0.2057039 1.5918259
v -0.5568144 -0.2124311 1.6030266
v -0.5417273 -0.2093311 1.6032632
v -0.5517855 -0.2100687 1.6110051
v -0.5351312 -0.1874815 1.6184768
v -0.5342496 -0.1770466 1.6211439
v -0.5474652 -0.1803637 1.6266362
v -0.5482578 -0.1912050 1.6232118
v -0.5450494 -0.1594424 1.6254006
v -0.5470334 -0.1702356 1.6268141
v -0.5332814 -0.1678098 1.6216129
v -0.5320477 -0.1582498 1.6209995
v -0.5424484 -0.1692555 1.5909007
v -0.5346842 -0.1657923 1.5853352
v -0.5362262 -0.1723517 1.5832581
v -0.5435459 -0.1750709 1.5891702
v -0.5416451 -0.2187637 1.5828051
v -0.5355541 -0.2130575 1.5904189
v -0.5425220 -0.2123702 1.5905160
v -0.5449550 -0.2170286 1.5812389
v -0.5189802 -0.1458493 1.5728839
v -0.5072411 -0.1446695 1.5695028
v -0.5061585 -0.1530287 1.5668944
v -0.5169584 -0.1530427 1.5706759
v -0.5071488 -0.1789000 1.5566496
v -0.5021996 -0.1712777 1.5599552
v -0.4913227 -0.1814240 1.5617702
v -0.4970994 -0.1878634 1.5619847
v -0.5126169 -0.1874039 1.5557003
v -0.5027113 -0.1948500 1.5617065
v -0.5103747 -0.2027619 1.5624703
v -0.5191869 -0.2126000 1.5634710
v -0.5061785 -0.1354909 1.5754581
v -0.5150367 -0.1340740 1.5780144
v -0.6038174 -0.2205082 1.6209780
v -0.6060612 -0.2149916 1.6216892
v -0.6009783 -0.2139230 1.6190734
v -0.5987007 -0.2195555 1.6184327
v -0.5062582 -0.1308099 1.5959840
v -0.5026891 -0.1361481 1.6036870
v -0.4968040 -0.1344230 1.6001336
v -0.5005559 -0.1305429 1.5916995
v -0.5140175 -0.1307529 1.6011752
v -0.5103987 -0.1383460 1.6083342
v -0.5993173 -0.2252324 1.6322629
v -0.6000738 -0.2264881 1.6272072
v -0.5945516 -0.2248496 1.6256270
v -0.5936308 -0.2233031 1.6307049
v -0.5567761 -0.1966018 1.5901794
v -0.5542725 -0.1871282 1.5917089
v -0.5718748 -0.1995276 1.6007032
v -0.5630828 -0.1913277 1.5967794
v -0.5628553 -0.2010390 1.5949373
v -0.5687748 -0.2055609 1.5996148
v -0.5591400 -0.1709346 1.6012896
v -0.5502729 -0.1680768 1.5967290
v -0.5524630 -0.1760194 1.5960189
v -0.5618083 -0.1787689 1.6004852
v -0.5511695 -0.1553922 1.5967848
v -0.5593285 -0.1577000 1.6019570
v -0.5600730 -0.1507326 1.6018651
v -0.5527452 -0.1491860 1.5971870
v -0.5746976 -0.1685063 1.6115669
v -0.5814829 -0.1710032 1.6183580
v -0.5807121 -0.1656685 1.6195119
v -0.5745777 -0.1628819 1.6124624
v -0.4906015 -0.1325497 1.5975683
v -0.4940191 -0.1297496 1.5884193
v -0.5436371 -0.1395029 1.6210278
v -0.5442601 -0.1314205 1.6146150
v -0.5536473 -0.1297050 1.6186217
v -0.5527064 -0.1382195 1.6252295
v -0.5003265 -0.1449266 1.6089816
v -0.4935185 -0.1426581 1.6064052
v -0.5999218 -0.2211533 1.6363647
v -0.5941672 -0.2192220 1.6349497
v -0.5068854 -0.2034890 1.5729561
v -0.5168670 -0.2138507 1.5726287
v -0.4985478 -0.1955357 1.5728121
v -0.4923225 -0.1904789 1.5724279
v -0.4854797 -0.1873841 1.5710749
v -0.5681458 -0.1882066 1.6010487
v -0.5498356 -0.1788262 1.5925279
v -0.5420086 -0.1645694 1.5912480
v -0.5458611 -0.1346135 1.5933000
v -0.5390347 -0.1328537 1.5899051
v -0.5410606 -0.1426244 1.5876603
v -0.5468031 -0.1422334 1.5922996
v -0.5476245 -0.1275265 1.6065465
v -0.5514674 -0.1306422 1.6010426
v -0.5591078 -0.1312838 1.6052918
v -0.5563691 -0.1272642 1.6105647
v -0.5377452 -0.2224030 1.5830237
v -0.5292480 -0.2149828 1.5869119
v -0.5107276 -0.1290167 1.5868451
v -0.5037239 -0.1304220 1.5830274
v -0.4965250 -0.1311926 1.5802795
v -0.5260362 -0.1586195 1.5777035
v -0.5159588 -0.1575927 1.5689381
v -0.5166484 -0.1632258 1.5659580
v -0.5266012 -0.1631654 1.5765589
v -0.5331781 -0.1797666 1.5697389
v -0.5237444 -0.1801054 1.5600551
v -0.5377047 -0.1908830 1.5678695
v -0.5045697 -0.1604112 1.5638029
v -0.4969152 -0.1525374 1.5646383
v -0.4950976 -0.1610668 1.5616721
v -0.4981358 -0.1437092 1.5685472
v -0.4980179 -0.1360140 1.5739281
v -0.4880029 -0.1508868 1.5604719
v -0.4857437 -0.1594233 1.5577024
v -0.4893307 -0.1420510 1.5649221
v -0.4894781 -0.1347938 1.5705236
v -0.4757568 -0.1373972 1.6013793
v -0.4806661 -0.1305683 1.5936260
v -0.4858092 -0.1402805 1.6043661
v -0.4802539 -0.1779617 1.5611622
v -0.4928416 -0.1707675 1.5603355
v -0.4832238 -0.1684247 1.5578210
v -0.4764533 -0.1841256 1.5689563
v -0.5377275 -0.2113545 1.5621273
v -0.5418647 -0.2182245 1.5629935
v -0.5461502 -0.2153316 1.5683133
v -0.5427357 -0.2091326 1.5686022
v -0.5629015 -0.2137968 1.6086642
v -0.5659465 -0.2113632 1.6025577
v -0.5604610 -0.2086904 1.5973534
v -0.5272864 -0.1427918 1.5783184
v -0.5238577 -0.1322294 1.5822379
v -0.5747717 -0.1951208 1.6042052
v -0.5869880 -0.2210314 1.6282302
v -0.5881536 -0.2227236 1.6228645
v -0.5772746 -0.2187245 1.6172672
v -0.5760733 -0.2173418 1.6236143
v -0.5810900 -0.1955390 1.6135757
v -0.5794259 -0.1992389 1.6084486
v -0.5861006 -0.2022671 1.6123324
v -0.5869424 -0.1996076 1.6181641
v -0.5793405 -0.1581800 1.6181478
v -0.5742952 -0.1557342 1.6125530
v -0.5627281 -0.1937232 1.6250258
v -0.5588510 -0.2047686 1.6225981
v -0.5482445 -0.2022263 1.6186328
v -0.5588400 -0.1639766 1.6017997
v -0.5670820 -0.1661304 1.6064612
v -0.5673784 -0.1601597 1.6070210
v -0.5711693 -0.1869239 1.6040811
v -0.5759944 -0.1910089 1.6072759
v -0.5746421 -0.1846277 1.6081876
v -0.5687076 -0.1810236 1.6040105
v -0.5332493 -0.1315768 1.6107137
v -0.5381419 -0.1266975 1.6001254
v -0.6016312 -0.2247041 1.6231065
v -0.5963431 -0.2235714 1.6210788
v -0.4853017 -0.1286007 1.5841519
v -0.4881591 -0.1302489 1.5766375
v -0.5500767 -0.1618105 1.5967738
v -0.5365808 -0.1985007 1.6129057
v -0.5420597 -0.1593687 1.5910695
v -0.5652964 -0.1526692 1.6285640
v -0.5687518 -0.1466404 1.6242572
v -0.5748444 -0.1509699 1.6267685
v -0.5720150 -0.1542843 1.6319901
v -0.5958318 -0.2041757 1.6244861
v -0.5960309 -0.2069358 1.6188689
v -0.6020580 -0.2091200 1.6229480
v -0.6014791 -0.2067806 1.6282852
v -0.5768829 -0.2033907 1.6052050
v -0.5741295 -0.2086453 1.6042226
v -0.5815909 -0.2120348 1.6088917
v -0.5841601 -0.2067336 1.6091786
v -0.5716568 -0.2133873 1.6074883
v -0.5791996 -0.2166571 1.6120782
v -0.5936295 -0.2051367 1.6307301
v -0.5900142 -0.2102791 1.6338639
v -0.5798301 -0.2054785 1.6290357
v -0.5848420 -0.2007645 1.6252395
v -0.5195281 -0.1568433 1.6166488
v -0.5196414 -0.1479101 1.6155357
v -0.5321134 -0.1484706 1.6195389
v -0.5444089 -0.1487351 1.6237764
v -0.5564751 -0.1489438 1.6259199
v -0.5565402 -0.1605878 1.6299886
v -0.5320260 -0.1401886 1.6171005
v -0.5761297 -0.1921941 1.6224012
v -0.5723391 -0.1994176 1.6245049
v -0.5724936 -0.1917425 1.6271511
v -0.5430845 -0.1518252 1.5906914
v -0.5900924 -0.2214222 1.6180050
v -0.4897381 -0.1845615 1.5938292
v -0.4895872 -0.1752891 1.6023810
v -0.4990434 -0.1766667 1.6058481
v -0.4980741 -0.1872547 1.5956923
v -0.5946959 -0.2115746 1.6153802
v -0.5927436 -0.2171388 1.6148997
v -0.5746087 -0.1492021 1.6144574
v -0.5785617 -0.1525846 1.6194608
v -0.5782878 -0.1492211 1.6224275
v -0.5748264 -0.1450310 1.6191166
v -0.5202312 -0.1398080 1.6131661
v -0.5609145 -0.1287944 1.6212015
v -0.5587463 -0.1363109 1.6279896
v -0.5085541 -0.1466187 1.6121474
v -0.5078896 -0.1558463 1.6133637
v -0.4987339 -0.1551650 1.6105735
v -0.5621807 -0.1726763 1.6300850
v -0.5203012 -0.1655155 1.6168503
v -0.5083608 -0.1640489 1.6129060
v -0.4980870 -0.1643898 1.6094171
v -0.4898600 -0.1639046 1.6067476
v -0.4910393 -0.1538569 1.6082333
v -0.5874981 -0.2166461 1.6326815
v -0.5963966 -0.2130945 1.6363070
v -0.4824250 -0.1518749 1.6055829
v -0.4722800 -0.1482795 1.6031017
v -0.4709110 -0.1588411 1.6008637
v -0.4812135 -0.1623560 1.6041459
v -0.5090678 -0.1730521 1.6113893
v -0.5097763 -0.1818215 1.6084263
v -0.5211260 -0.1742484 1.6161089
v -0.5224662 -0.1840591 1.6135149
v -0.5598443 -0.1835043 1.6306924
v -0.6119888 -0.2139798 1.6387974
v -0.6047995 -0.2108368 1.6357149
v -0.6068190 -0.2086309 1.6312118
v -0.6138704 -0.2116684 1.6351411
v -0.5993475 -0.2082026 1.6334916
v -0.6019902 -0.2154185 1.6379480
v -0.5241598 -0.1951465 1.6072912
v -0.5796906 -0.1882029 1.6141457
v -0.5107056 -0.1934259 1.5981340
v -0.5289796 -0.2068591 1.6002224
v -0.5199659 -0.2064598 1.5927920
v -0.4969117 -0.1940793 1.5844681
v -0.5058040 -0.2006979 1.5844029
v -0.4828465 -0.1871917 1.5816655
v -0.4898760 -0.1899309 1.5832981
v -0.4732228 -0.1845942 1.5790330
v -0.5162653 -0.2110225 1.5828746
v -0.6111062 -0.2216634 1.6238852
v -0.6130765 -0.2160703 1.6251853
v -0.4817644 -0.1822845 1.5917364
v -0.4715736 -0.1795452 1.5890364
v -0.5411670 -0.2011764 1.5680270
v -0.5351320 -0.1513645 1.5844246
v -0.5343960 -0.1571953 1.5852629
v -0.5322275 -0.1318644 1.5863325
v -0.5350609 -0.1426954 1.5831809
v -0.4705629 -0.1700945 1.5967683
v -0.4761485 -0.1481258 1.5524811
v -0.4778478 -0.1390351 1.5564137
v -0.4586585 -0.1527849 1.5958217
v -0.6092343 -0.2261789 1.6257971
v -0.5816346 -0.1714617 1.6254638
v -0.5803218 -0.1691794 1.6263191
v -0.5309021 -0.2158842 1.5599981
v -0.5368553 -0.2226013 1.5619456
v -0.5328277 -0.2282462 1.5721461
v -0.5339455 -0.2263445 1.5656046
v -0.5261757 -0.2204865 1.5640937
v -0.5246897 -0.2220831 1.5720712
v -0.5264963 -0.1549392 1.5780666
v -0.5275450 -0.1499739 1.5783775
v -0.5229723 -0.1312189 1.6061618
v -0.5278034 -0.1266528 1.5962354
v -0.5692094 -0.2155629 1.6130857
v -0.5601605 -0.2116410 1.6160591
v -0.5675611 -0.2136089 1.6195590
v -0.5764563 -0.2121238 1.6281766
v -0.5794757 -0.1920463 1.6192537
v -0.5795311 -0.1967470 1.6207353
v -0.5194551 -0.1706607 1.5627659
v -0.5290335 -0.1701824 1.5736795
v -0.5456152 -0.2085786 1.5760810
v -0.5468883 -0.2144646 1.5763831
v -0.5669880 -0.1733143 1.6051467
v -0.5725904 -0.1778976 1.6334968
v -0.5696510 -0.1860276 1.6334212
v -0.5739335 -0.1761320 1.6095222
v -0.6072954 -0.2272924 1.6346311
v -0.6080717 -0.2282943 1.6295827
v -0.5676116 -0.2078782 1.6248993
v -0.5676437 -0.1528547 1.6070342
v -0.5711060 -0.1695444 1.6309540
v -0.5775314 -0.1737513 1.6306736
v -0.5619421 -0.1282003 1.6137998
v -0.4810217 -0.1733103 1.5998700
v -0.6073398 -0.2100561 1.6255904
v -0.6143047 -0.2116435 1.6292541
v -0.6095165 -0.2178860 1.6400936
v -0.6074884 -0.2231450 1.6386634
v -0.5188880 -0.1274205 1.5916772
v -0.5342472 -0.1615287 1.5856719
v -0.4781178 -0.1312155 1.5622234
v -0.5250617 -0.2198020 1.5808121
v -0.5342871 -0.2265982 1.5791399
v -0.5799343 -0.1786467 1.6146356
v -0.5626680 -0.1432235 1.6268589
v -0.5646343 -0.1611154 1.6332064
v -0.5708541 -0.1614338 1.6362068
v -0.5743409 -0.1681877 1.6345823
v -0.5791054 -0.1694305 1.6313364
v -0.6154302 -0.2197782 1.6423654
v -0.6136787 -0.2249993 1.6410032
v -0.6137084 -0.2292608 1.6372027
v -0.6141351 -0.2297806 1.6320597
v -0.6146859 -0.2272192 1.6282726
v -0.6176133 -0.2161191 1.6411242
v -0.6190213 -0.2138070 1.6375408
v -0.6190986 -0.2136089 1.6317978
v -0.6226138 -0.2174675 1.6429063
v -0.6215397 -0.2215808 1.6445973
v -0.6259735 -0.2328056 1.6404112
v -0.6203604 -0.2310842 1.6400276
v -0.6231903 -0.2301010 1.6425779
v -0.6265444 -0.2313612 1.6434616
v -0.6307339 -0.2319962 1.6449032
v -0.6308043 -0.2329067 1.6416404
v -0.6225587 -0.2272506 1.6441885
v -0.6264850 -0.2280467 1.6459246
v -0.6272071 -0.2240638 1.6465180
v -0.6312676 -0.2248089 1.6483043
v -0.6307656 -0.2288033 1.6477872
v -0.6236869 -0.2241693 1.6451344
v -0.6190598 -0.2264876 1.6430264
v -0.6347183 -0.2318449 1.6437959
v -0.6336756 -0.2319267 1.6461335
v -0.6346518 -0.2294237 1.6487263
v -0.6368951 -0.2286263 1.6468722
v -0.6195531 -0.2309425 1.6344280
v -0.6258747 -0.2318248 1.6366651
v -0.6313327 -0.2315616 1.6387290
v -0.6354812 -0.2302132 1.6411905
v -0.6269198 -0.2291713 1.6340407
v -0.6321641 -0.2287906 1.6369877
v -0.6354910 -0.2276132 1.6393378
v -0.6285077 -0.2253222 1.6331035
v -0.6331385 -0.2257314 1.6365279
v -0.6210780 -0.2240679 1.6290430
v -0.6198103 -0.2283152 1.6306619
v -0.6352024 -0.2257381 1.6385657
v -0.6374551 -0.2268320 1.6441825
v -0.6273069 -0.2209279 1.6460095
v -0.6320850 -0.2219519 1.6475131
v -0.6281418 -0.2185063 1.6444986
v -0.6330426 -0.2199807 1.6457700
v -0.6358558 -0.2242231 1.6484390
v -0.6343626 -0.2259610 1.6495450
v -0.6160074 -0.2226050 1.6263559
v -0.6177915 -0.2172421 1.6279862
v -0.6227404 -0.2187591 1.6304348
v -0.6298447 -0.2203504 1.6341053
v -0.6235401 -0.2152955 1.6342375
v -0.6237176 -0.2153975 1.6395010
v -0.6290063 -0.2171390 1.6417299
v -0.6297291 -0.2170995 1.6377090
v -0.6336565 -0.2189802 1.6431072
v -0.6340563 -0.2195276 1.6402124
v -0.6340561 -0.2222799 1.6377998
v -0.6364640 -0.2216226 1.6433426
v -0.6365803 -0.2226787 1.6460476
v -0.6369569 -0.2250362 1.6418924
v -0.6358469 -0.2214831 1.6413282
v -0.6358515 -0.2236779 1.6400036
v -0.6136719 -0.1915231 1.6371298
v -0.6147931 -0.1859992 1.6376509
v -0.6078273 -0.1854983 1.6342974
v -0.6069123 -0.1909084 1.6338382
v -0.6075285 -0.1975205 1.6464024
v -0.6100157 -0.1982643 1.6412711
v -0.6033826 -0.1975724 1.6388814
v -0.6009693 -0.1966263 1.6440435
v -0.6064817 -0.1923993 1.6501756
v -0.5999635 -0.1912966 1.6479476
v -0.5935043 -0.1956510 1.6404916
v -0.5960390 -0.1964236 1.6352334
v -0.5843386 -0.1931986 1.6276621
v -0.5815130 -0.1933705 1.6329912
v -0.5887836 -0.1755681 1.6237821
v -0.5883935 -0.1738895 1.6290792
v -0.6122635 -0.1958238 1.6382014
v -0.6055318 -0.1951594 1.6353838
v -0.5998382 -0.1772300 1.6365478
v -0.6009283 -0.1793892 1.6319303
v -0.6081489 -0.1810041 1.6367720
v -0.6072247 -0.1786863 1.6409844
v -0.5871716 -0.1874457 1.6207054
v -0.5880121 -0.1810915 1.6209441
v -0.5861583 -0.1912507 1.6236547
v -0.5975951 -0.1778826 1.6417109
v -0.5947006 -0.1825394 1.6450603
v -0.5822543 -0.1805091 1.6387080
v -0.5859396 -0.1755141 1.6352279
v -0.5981285 -0.1939476 1.6312861
v -0.6003702 -0.1841473 1.6292371
v -0.5995875 -0.1897259 1.6289974
v -0.5925007 -0.1900862 1.6445624
v -0.6021861 -0.1837844 1.6482324
v -0.6195948 -0.1834293 1.6526560
v -0.6113798 -0.1810974 1.6485142
v -0.6137113 -0.1794958 1.6445188
v -0.6222205 -0.1815094 1.6492707
v -0.6051063 -0.1796460 1.6452820
v -0.6084595 -0.1853979 1.6508967
v -0.6232865 -0.1924686 1.6416301
v -0.6242990 -0.1870027 1.6426850
v -0.6217582 -0.1967438 1.6424598
v -0.5798144 -0.1881629 1.6385818
v -0.6167168 -0.1987265 1.6499103
v -0.6194911 -0.1990796 1.6451181
v -0.6150150 -0.1814108 1.6401907
v -0.6239642 -0.1825847 1.6450919
v -0.6168950 -0.1874830 1.6546385
v -0.6151634 -0.1939368 1.6536730
v -0.6240813 -0.1888344 1.6574890
v -0.6227661 -0.1948790 1.6567137
v -0.6240803 -0.1996761 1.6533248
v -0.6260548 -0.1996684 1.6483432
v -0.6275234 -0.1971317 1.6456482
v -0.6261488 -0.1850011 1.6558827
v -0.6279746 -0.1830945 1.6527243
v -0.6291479 -0.1837995 1.6484170
v -0.6325427 -0.1860806 1.6589307
v -0.6315473 -0.1898369 1.6609726
v -0.6428128 -0.2010842 1.6606849
v -0.6374250 -0.2013117 1.6584837
v -0.6374960 -0.1993820 1.6612532
v -0.6419473 -0.2001823 1.6636789
v -0.6313852 -0.2002653 1.6572174
v -0.6340024 -0.1985649 1.6601879
v -0.6334706 -0.1956100 1.6615665
v -0.6371951 -0.1960346 1.6639225
v -0.6376049 -0.1919411 1.6640261
v -0.6420235 -0.1923884 1.6666669
v -0.6416507 -0.1968356 1.6668754
v -0.6341127 -0.1922017 1.6621878
v -0.6454065 -0.2000324 1.6657063
v -0.6468811 -0.1994360 1.6637020
v -0.6293389 -0.1954189 1.6598181
v -0.6316240 -0.2003912 1.6516231
v -0.6380410 -0.2008243 1.6546429
v -0.6438140 -0.1997333 1.6577609
v -0.6478397 -0.1975289 1.6610629
v -0.6393061 -0.1979111 1.6520019
v -0.6448059 -0.1971803 1.6557546
v -0.6478952 -0.1954216 1.6591001
v -0.6404956 -0.1937062 1.6509997
v -0.6455947 -0.1938719 1.6551872
v -0.6331831 -0.1932469 1.6471359
v -0.6323636 -0.1976184 1.6483347
v -0.6475205 -0.1936850 1.6579788
v -0.6485379 -0.1961618 1.6672191
v -0.6492796 -0.1944048 1.6643803
v -0.6461697 -0.1976164 1.6692063
v -0.6379608 -0.1894239 1.6628976
v -0.6428855 -0.1900214 1.6653455
v -0.6385668 -0.1869228 1.6618447
v -0.6437908 -0.1880535 1.6643590
v -0.6467820 -0.1918959 1.6677074
v -0.6453465 -0.1934141 1.6688502
v -0.6285982 -0.1929480 1.6447120
v -0.6292769 -0.1878446 1.6456903
v -0.6339402 -0.1881350 1.6479350
v -0.6411939 -0.1886428 1.6519251
v -0.6336555 -0.1843569 1.6508551
v -0.6333535 -0.1840806 1.6556393
v -0.6394787 -0.1852705 1.6590187
v -0.6404877 -0.1853869 1.6550836
v -0.6445133 -0.1870090 1.6617617
v -0.6452695 -0.1871308 1.6585034
v -0.6458305 -0.1898518 1.6559644
v -0.6478290 -0.1893720 1.6628750
v -0.6477601 -0.1903509 1.6657253
v -0.6489255 -0.1926586 1.6615103
v -0.6475002 -0.1889751 1.6603170
v -0.6479066 -0.1912764 1.6590850
v -0.6074953 -0.1648551 1.6393862
v -0.6080593 -0.1596517 1.6378327
v -0.6023242 -0.1597557 1.6352541
v -0.6020673 -0.1649288 1.6367375
v -0.6024207 -0.1673024 1.6490623
v -0.6042558 -0.1686768 1.6462663
v -0.5985397 -0.1692289 1.6434449
v -0.5958577 -0.1679440 1.6464544
v -0.6013074 -0.1628037 1.6510067
v -0.5943751 -0.1627875 1.6481698
v -0.5896270 -0.1682075 1.6433561
v -0.5929749 -0.1695327 1.6399308
v -0.5844473 -0.1689785 1.6341504
v -0.5807055 -0.1680050 1.6383009
v -0.6061790 -0.1677994 1.6428391
v -0.6007204 -0.1680674 1.6399675
v -0.5946048 -0.1523103 1.6341250
v -0.5957288 -0.1548651 1.6315917
v -0.6018405 -0.1552015 1.6359383
v -0.6006929 -0.1528546 1.6384005
v -0.5864269 -0.1642400 1.6255188
v -0.5859100 -0.1589244 1.6237650
v -0.5861885 -0.1674389 1.6294767
v -0.5922568 -0.1523960 1.6388980
v -0.5890237 -0.1558295 1.6435402
v -0.5796036 -0.1550929 1.6373105
v -0.5824199 -0.1520385 1.6319573
v -0.5954220 -0.1681576 1.6361437
v -0.5966325 -0.1595829 1.6306516
v -0.5965550 -0.1649430 1.6324784
v -0.5876967 -0.1625373 1.6449835
v -0.5954764 -0.1563008 1.6467926
v -0.6133489 -0.1541455 1.6512997
v -0.6042794 -0.1531966 1.6460089
v -0.6065479 -0.1524845 1.6416464
v -0.6154081 -0.1529534 1.6474690
v -0.5983994 -0.1527004 1.6426433
v -0.6021340 -0.1568930 1.6499445
v -0.6160437 -0.1643721 1.6434972
v -0.6166283 -0.1594164 1.6424911
v -0.6147686 -0.1671826 1.6467305
v -0.5783616 -0.1620290 1.6403073
v -0.5846210 -0.1513288 1.6268614
v -0.6118364 -0.1672330 1.6529218
v -0.6133044 -0.1682444 1.6500206
v -0.6076521 -0.1547949 1.6386291
v -0.6163256 -0.1547614 1.6438741
v -0.6113601 -0.1576179 1.6544741
v -0.6104516 -0.1632104 1.6551117
v -0.6176110 -0.1578170 1.6577298
v -0.6169998 -0.1633285 1.6580821
v -0.6183817 -0.1674409 1.6561544
v -0.6196385 -0.1681248 1.6527577
v -0.6205331 -0.1667820 1.6493739
v -0.6195950 -0.1545855 1.6547496
v -0.6210677 -0.1537121 1.6512406
v -0.6214083 -0.1551412 1.6471756
v -0.6242303 -0.1544843 1.6572046
v -0.6234314 -0.1580295 1.6603190
v -0.6351239 -0.1679994 1.6629488
v -0.6305744 -0.1682242 1.6606873
v -0.6303704 -0.1663738 1.6622173
v -0.6343535 -0.1666697 1.6647367
v -0.6245649 -0.1674342 1.6592128
v -0.6268491 -0.1660149 1.6611670
v -0.6256414 -0.1632067 1.6620766
v -0.6294404 -0.1632206 1.6642969
v -0.6291793 -0.1590432 1.6630749
v -0.6331966 -0.1590784 1.6654192
v -0.6335729 -0.1633305 1.6666093
v -0.6258127 -0.1598424 1.6620386
v -0.6370770 -0.1662435 1.6665299
v -0.6384950 -0.1666191 1.6652542
v -0.6221814 -0.1632612 1.6604759
v -0.6249116 -0.1683435 1.6550717
v -0.6308543 -0.1685147 1.6574557
v -0.6360246 -0.1678432 1.6601406
v -0.6392216 -0.1658082 1.6623349
v -0.6312759 -0.1667317 1.6543351
v -0.6363122 -0.1660626 1.6572488
v -0.6390328 -0.1643233 1.6593703
v -0.6314942 -0.1637318 1.6520035
v -0.6363230 -0.1634168 1.6554495
v -0.6254595 -0.1637157 1.6489859
v -0.6253113 -0.1667241 1.6515320
v -0.6383142 -0.1628754 1.6576693
v -0.6392770 -0.1627309 1.6668715
v -0.6401658 -0.1615396 1.6638295
v -0.6370854 -0.1633692 1.6682515
v -0.6289490 -0.1565778 1.6617760
v -0.6335254 -0.1568477 1.6639077
v -0.6295108 -0.1547236 1.6592933
v -0.6343396 -0.1554734 1.6617799
v -0.6370621 -0.1585159 1.6660213
v -0.6360169 -0.1598622 1.6671488
v -0.6210739 -0.1639080 1.6466275
v -0.6212804 -0.1594701 1.6455997
v -0.6255101 -0.1595646 1.6480638
v -0.6317877 -0.1595156 1.6514596
v -0.6254512 -0.1554274 1.6495060
v -0.6252272 -0.1540439 1.6534846
v -0.6303647 -0.1543411 1.6562544
v -0.6311888 -0.1556385 1.6529669
v -0.6350506 -0.1552370 1.6590612
v -0.6358438 -0.1563391 1.6563640
v -0.6364554 -0.1597487 1.6550719
v -0.6381643 -0.1571896 1.6607689
v -0.6378701 -0.1574273 1.6635901
v -0.6396788 -0.1607747 1.6606520
v -0.6379135 -0.1575287 1.6584272
v -0.6385734 -0.1602867 1.6580405
v -0.5850255 -0.1542077 1.6245935
v -0.5920496 -0.1318535 1.6321225
v -0.5916709 -0.1283405 1.6301772
v -0.5875771 -0.1299836 1.6278913
v -0.5878690 -0.1332806 1.6297510
v -0.5879039 -0.1322980 1.6418336
v -0.5900698 -0.1344919 1.6390887
v -0.5854864 -0.1364060 1.6366555
v -0.5829810 -0.1343513 1.6397217
v -0.5861647 -0.1273034 1.6418766
v -0.5810660 -0.1290681 1.6397877
v -0.5777413 -0.1367223 1.6363853
v -0.5807035 -0.1388175 1.6331863
v -0.5731734 -0.1419013 1.6275194
v -0.5690884 -0.1402829 1.6308538
v -0.5667817 -0.1282718 1.6161903
v -0.5686014 -0.1315479 1.6135453
v -0.5747482 -0.1300390 1.6179458
v -0.5725446 -0.1265885 1.6193876
v -0.5915255 -0.1340186 1.6354517
v -0.5872429 -0.1357119 1.6329592
v -0.5805954 -0.1244096 1.6250459
v -0.5826493 -0.1278133 1.6237986
v -0.5866973 -0.1262950 1.6273764
v -0.5850779 -0.1230619 1.6285371
v -0.5707829 -0.1359254 1.6131725
v -0.5727253 -0.1407311 1.6146566
v -0.5764527 -0.1382428 1.6200051
v -0.5761889 -0.1340816 1.6182797
v -0.5757657 -0.1404704 1.6232046
v -0.5780697 -0.1232567 1.6283528
v -0.5760578 -0.1256955 1.6330982
v -0.5669116 -0.1277060 1.6272501
v -0.5698978 -0.1257200 1.6227064
v -0.5827907 -0.1375916 1.6294930
v -0.5836474 -0.1317248 1.6243051
v -0.5837066 -0.1354201 1.6263286
v -0.5753839 -0.1312451 1.6366956
v -0.5814450 -0.1241398 1.6363394
v -0.5935959 -0.1182363 1.6374050
v -0.5874026 -0.1201490 1.6342539
v -0.5892036 -0.1209507 1.6307921
v -0.5949312 -0.1188740 1.6342135
v -0.5830052 -0.1219169 1.6318230
v -0.5862456 -0.1224662 1.6385551
v -0.5978914 -0.1300652 1.6352761
v -0.5972524 -0.1264734 1.6330952
v -0.5973531 -0.1319824 1.6384533
v -0.5657696 -0.1344810 1.6319869
v -0.5943672 -0.1303131 1.6445363
v -0.5962828 -0.1322331 1.6418369
v -0.5907337 -0.1244705 1.6295798
v -0.5962566 -0.1222526 1.6327405
v -0.5926154 -0.1205845 1.6414637
v -0.5925661 -0.1255518 1.6444946
v -0.5976904 -0.1190604 1.6441897
v -0.5975558 -0.1240296 1.6471141
v -0.5992825 -0.1289306 1.6467705
v -0.6007057 -0.1309986 1.6439831
v -0.6012835 -0.1305181 1.6405010
v -0.5985383 -0.1169159 1.6400351
v -0.5993837 -0.1179702 1.6370577
v -0.6000427 -0.1212260 1.6355215
v -0.6027485 -0.1165673 1.6426046
v -0.6025370 -0.1185090 1.6470041
v -0.6130342 -0.1267889 1.6511586
v -0.6092387 -0.1277897 1.6497447
v -0.6088332 -0.1257969 1.6508065
v -0.6119661 -0.1254478 1.6523995
v -0.6041130 -0.1276089 1.6487204
v -0.6055911 -0.1258599 1.6498907
v -0.6043109 -0.1230636 1.6497656
v -0.6073935 -0.1226391 1.6516090
v -0.6073008 -0.1189891 1.6497998
v -0.6108231 -0.1182473 1.6515527
v -0.6107776 -0.1220543 1.6535326
v -0.6044664 -0.1198475 1.6492274
v -0.6141732 -0.1246597 1.6539428
v -0.6157450 -0.1250094 1.6528562
v -0.6016102 -0.1232952 1.6488362
v -0.6047366 -0.1297015 1.6458795
v -0.6097153 -0.1287197 1.6477196
v -0.6142565 -0.1271620 1.6494628
v -0.6168778 -0.1245660 1.6506120
v -0.6095978 -0.1282140 1.6449809
v -0.6142190 -0.1264733 1.6470657
v -0.6165535 -0.1240127 1.6482313
v -0.6091394 -0.1264936 1.6422711
v -0.6136442 -0.1250127 1.6448471
v -0.6044876 -0.1274948 1.6396247
v -0.6047993 -0.1293454 1.6426867
v -0.6157384 -0.1236444 1.6465707
v -0.6160995 -0.1210586 1.6531692
v -0.6170242 -0.1210891 1.6507019
v -0.6138371 -0.1213468 1.6547701
v -0.6072019 -0.1168926 1.6480148
v -0.6115881 -0.1165902 1.6497426
v -0.6072950 -0.1161579 1.6448866
v -0.6123165 -0.1163917 1.6472764
v -0.6145752 -0.1178793 1.6516782
v -0.6131929 -0.1184258 1.6530535
v -0.6013946 -0.1286134 1.6374818
v -0.6008315 -0.1252282 1.6355962
v -0.6039838 -0.1242898 1.6375984
v -0.6086277 -0.1234776 1.6403123
v -0.6035042 -0.1204392 1.6375983
v -0.6030818 -0.1174827 1.6393264
v -0.6079709 -0.1170499 1.6422007
v -0.6084506 -0.1197234 1.6402737
v -0.6127963 -0.1175329 1.6450932
v -0.6131161 -0.1196955 1.6436025
v -0.6132887 -0.1226379 1.6435468
v -0.6156790 -0.1192251 1.6473787
v -0.6155435 -0.1182053 1.6494460
v -0.6168020 -0.1215061 1.6483448
v -0.6153272 -0.1202425 1.6458811
v -0.6158200 -0.1219910 1.6462793
v -0.5653248 -0.1271718 1.6195048
v -0.5460984 -0.2303619 1.5820797
v -0.5495528 -0.2265581 1.5823562
v -0.5520890 -0.2224388 1.5676997
v -0.5533684 -0.2218018 1.5740094
v -0.5484768 -0.2259688 1.5636308
v -0.5424123 -0.2338180 1.5663993
v -0.5450570 -0.2304144 1.5635410
v -0.5523828 -0.2235638 1.5798135
v -0.5426401 -0.2342198 1.5788666
v -0.5410477 -0.2356296 1.5723506
v -0.5495779 -0.2416117 1.5793197
v -0.5482853 -0.2436360 1.5726758
v -0.5496507 -0.2414589 1.5660766
v -0.5518566 -0.2366286 1.5632192
v -0.5542353 -0.2312732 1.5634442
v -0.5522617 -0.2371520 1.5829309
v -0.5551645 -0.2321902 1.5829704
v -0.5571463 -0.2280518 1.5793614
v -0.5582590 -0.2436551 1.5835409
v -0.5579903 -0.2502567 1.5804950
v -0.5662658 -0.2560757 1.5670286
v -0.5624606 -0.2526354 1.5662996
v -0.5615315 -0.2554776 1.5692611
v -0.5640836 -0.2589892 1.5693375
v -0.5575628 -0.2493825 1.5669217
v -0.5593595 -0.2534695 1.5698270
v -0.5590669 -0.2544193 1.5743929
v -0.5605979 -0.2573555 1.5744721
v -0.5595859 -0.2544596 1.5785937
v -0.5614407 -0.2568027 1.5798947
v -0.5630279 -0.2612042 1.5745573
v -0.5667752 -0.2616534 1.5705629
v -0.5665090 -0.2632570 1.5747051
v -0.5693307 -0.2598408 1.5694205
v -0.5562531 -0.2507553 1.5739126
v -0.5580141 -0.2428986 1.5635097
v -0.5637923 -0.2483284 1.5644851
v -0.5687118 -0.2527148 1.5663753
v -0.5720358 -0.2562435 1.5698257
v -0.5662246 -0.2432121 1.5650900
v -0.5709994 -0.2485698 1.5680079
v -0.5729847 -0.2521944 1.5713069
v -0.5681655 -0.2394271 1.5688965
v -0.5719747 -0.2458717 1.5712478
v -0.5613486 -0.2317931 1.5672357
v -0.5597614 -0.2365897 1.5634685
v -0.5732094 -0.2494409 1.5727417
v -0.5706823 -0.2621004 1.5747460
v -0.5730086 -0.2577977 1.5751807
v -0.5627322 -0.2536945 1.5825765
v -0.5638971 -0.2600088 1.5799792
v -0.5663211 -0.2571277 1.5823583
v -0.5641054 -0.2489965 1.5841545
v -0.5686781 -0.2533275 1.5829652
v -0.5690857 -0.2604298 1.5802292
v -0.5662154 -0.2625247 1.5790128
v -0.5564033 -0.2271810 1.5670411
v -0.5575725 -0.2263829 1.5730814
v -0.5623041 -0.2306712 1.5736611
v -0.5684655 -0.2380495 1.5747872
v -0.5618628 -0.2329999 1.5799737
v -0.5601809 -0.2378700 1.5837566
v -0.5662978 -0.2442851 1.5834460
v -0.5679998 -0.2400172 1.5803310
v -0.5705341 -0.2495725 1.5818967
v -0.5716967 -0.2463884 1.5793548
v -0.5721520 -0.2452480 1.5753602
v -0.5726572 -0.2526732 1.5792190
v -0.5715576 -0.2566134 1.5801596
v -0.5735053 -0.2535523 1.5754175
v -0.5728466 -0.2499052 1.5781506
v -0.5732790 -0.2498706 1.5754463
v -0.5645851 -0.1317088 1.6091459
v -0.5667725 -0.1374304 1.6078420
v -0.5606821 -0.1369671 1.6034108
v -0.5534121 -0.1358440 1.5981573
v -0.5453491 -0.1298775 1.5971778
v -0.5536524 -0.1426411 1.5973829
v -0.5611129 -0.1435550 1.6027252
v -0.5690815 -0.1447165 1.6088198
v -0.5475876 -0.1477779 1.5931284
v 0.1541223 -0.1039599 1.4554020
v 0.1574722 -0.1054370 1.4553710
v 0.1532073 -0.1021627 1.4494914
v 0.1508040 -0.1009839 1.4506158
v 0.1601246 -0.1036905 1.4471682
v 0.1561260 -0.1033521 1.4480558
v 0.1622508 -0.1061686 1.4545586
v 0.1672879 -0.1050603 1.4529508
v 0.1731616 -0.1007786 1.4476146
v 0.1744113 -0.1005019 1.4458270
v 0.1734047 -0.1009216 1.4451040
v 0.1713030 -0.1012706 1.4456151
v 0.1678542 -0.1025812 1.4459381
v 0.1485848 -0.0991496 1.4541568
v 0.1497581 -0.1003688 1.4548765
v 0.1517411 -0.1020695 1.4553631
v 0.1641573 -0.1035941 1.4464499
v 0.1490932 -0.0996628 1.4519504
v 0.1483832 -0.0988913 1.4531087
v 0.1709815 -0.1027502 1.4507728
v 0.1605122 -0.1043289 1.4495176
v 0.1567284 -0.1038250 1.4505073
v 0.1612576 -0.1053211 1.4521700
v 0.1658347 -0.1047988 1.4509379
v 0.1701664 -0.1020411 1.4470549
v 0.1680266 -0.1031688 1.4476775
v 0.1536850 -0.1026847 1.4513174
v 0.1646441 -0.1042203 1.4486245
v 0.1569907 -0.1045625 1.4529621
v 0.1692661 -0.1034139 1.4493686
v 0.1709784 -0.1019506 1.4478731
v 0.1493278 -0.0996560 1.4535861
v 0.1491826 -0.0995905 1.4531752
v 0.0966411 -0.0271585 1.2423904
v 0.0916107 -0.0317543 1.2259772
v 0.1539719 -0.1032648 1.4532673
v 0.1500299 -0.1003380 1.4527010
v 0.1515685 -0.1014349 1.4520291
v 0.1518017 -0.1017201 1.4536039
v 0.1502535 -0.1004556 1.4537108
v -0.1513830 -0.0874126 1.3720203
v -0.1425230 -0.0893334 1.3855741
v -0.1345396 -0.0581821 1.4303359
v -0.1368942 -0.0361605 1.4355198
v -0.0334579 -0.0836123 1.0195861
v -0.1112635 0.1236112 1.0483141
v -0.1131196 0.1279434 1.0740057
v -0.0409015 0.1661972 1.0543157
v -0.0610268 0.1613467 1.0528642
v -0.1237912 0.0033621 1.0461558
v -0.1191153 0.0064907 1.0646355
v -0.0727251 -0.0492104 1.0378876
v -0.0686792 -0.0445423 1.0549038
v -0.1138224 -0.0218236 1.0259830
v -0.0828517 0.1386433 1.0024261
v -0.1009299 0.1274219 1.0041384
v -0.0967221 0.1326217 1.0255735
v -0.0798972 0.1449628 1.0253948
v -0.0210643 0.1656834 1.0555305
v -0.0206728 0.1563714 1.0285006
v -0.1273236 0.0292645 1.0880067
v -0.1342103 0.0551723 1.0900672
v -0.1262587 0.1054122 1.0956889
v -0.1151188 0.1271131 1.1001796
v -0.0999860 0.1436247 1.1059063
v -0.0818812 0.1567072 1.1113114
v -0.0446293 -0.0544052 1.0706935
v -0.0185692 -0.0586080 1.0833864
v -0.1141231 0.0059330 1.0845206
v 0.0222174 -0.0691486 1.0636717
v -0.0627899 0.1655153 1.1527998
v -0.0399688 0.1749492 1.1507055
v -0.1333070 0.0809896 1.0925585
v 0.0667501 -0.0490927 1.1898812
v 0.0528272 -0.0550518 1.1981579
v 0.0488172 -0.0596996 1.1832051
v 0.0620822 -0.0522683 1.1747795
v 0.0351541 -0.0653032 1.1905324
v 0.0207117 -0.0686068 1.1973248
v 0.0070133 -0.0701044 1.2033202
v -0.0289738 -0.0677967 1.2149454
v -0.0179618 -0.0693723 1.2118884
v -0.0497353 -0.0595259 1.2176647
v -0.0392409 -0.0647153 1.2169586
v -0.0616497 -0.0504489 1.2143204
v -0.0736427 -0.0366294 1.2092764
v -0.0830325 -0.0213430 1.2216904
v -0.0859146 -0.0210245 1.2043944
v -0.0765057 -0.0376510 1.1926108
v -0.0636632 -0.0515307 1.1987896
v -0.0517482 -0.0611147 1.2020177
v 0.0508280 -0.0514083 1.1227964
v 0.0607984 -0.0505844 1.1400674
v 0.1026490 -0.0228686 1.2577858
v -0.3453581 -0.0688612 1.4955012
v -0.4264276 -0.1680390 1.5532591
v 0.0674388 0.1108920 1.3336538
v 0.0561466 0.1036850 1.3429221
v 0.0236704 0.0651915 1.3709192
v 0.0232784 0.0428897 1.3776158
v 0.0313863 0.0858042 1.3582156
v 0.0401683 0.0995326 1.3458386
v -0.0909281 -0.0144835 1.0981259
v 0.0352686 0.1222194 1.3168986
v 0.0318010 0.1057914 1.3378985
v 0.0219109 0.0925614 1.3516138
v 0.0141591 0.0725654 1.3653030
v 0.0080277 0.0469019 1.3756403
v -0.0036896 0.0352638 1.3785499
v -0.0302438 0.0354091 1.3760748
v -0.0365134 0.0265755 1.3780990
v -0.0432275 0.0183123 1.3821986
v -0.0341285 0.0013375 1.3879054
v -0.0264845 0.0098125 1.3837421
v -0.1112539 -0.0155224 1.4223826
v -0.1273387 -0.0154724 1.4262693
v -0.1409588 -0.0102311 1.4258572
v -0.1521471 -0.0036663 1.4214472
v -0.1595928 0.0036760 1.4124787
v -0.1621741 0.0089530 1.4012108
v -0.1585453 0.0143985 1.3850694
v -0.1352249 0.0245301 1.3455271
v -0.1259300 0.0282903 1.3299761
v -0.1150627 0.0514518 1.2824738
v -0.1128669 0.0593956 1.2730205
v -0.1117533 0.0861268 1.2388301
v -0.1117775 0.1009931 1.2173745
v -0.1100378 0.1166088 1.1924182
v -0.1090409 0.1200197 0.8978575
v -0.1274824 0.1083350 0.9056159
v -0.1215515 0.1099400 0.9250240
v -0.1024155 0.1201285 0.9177691
v -0.0502272 0.1340217 0.9518466
v -0.0276939 0.1342298 0.9497683
v -0.1592727 0.0511945 0.9431988
v -0.1607644 0.0246450 0.9460756
v -0.1381237 0.0951684 0.9320466
v -0.1510818 0.0746459 0.9386127
v -0.1553440 -0.0021248 0.9472018
v -0.0904197 -0.0843766 0.9314974
v -0.0696782 -0.0989323 0.9269561
v -0.0267869 -0.1163526 0.9194995
v -0.0063045 -0.1189169 0.9164428
v -0.1449033 -0.0270028 0.9452888
v -0.0479551 -0.1100052 0.9229316
v -0.1300401 -0.0483604 0.9410488
v -0.1112982 -0.0670382 0.9359158
v -0.0712911 0.1308507 0.9553204
v -0.0762035 0.1275497 0.9331957
v -0.0958513 0.1214741 0.9380509
v -0.0173781 0.1610785 1.2375425
v -0.0342480 0.1542288 1.2467330
v -0.0500801 0.1446322 1.2580406
v -0.0496325 0.1270603 1.2888254
v -0.0613038 0.1301872 1.2722766
v -0.0699977 0.1142409 1.2849085
v -0.0581369 0.1118223 1.3007383
v -0.0716378 0.0801259 1.3199640
v -0.0795778 0.0806967 1.3071551
v -0.0846364 0.0702608 1.3164072
v -0.0770696 0.0713945 1.3277367
v -0.0900630 0.0633438 1.3242327
v -0.0958772 0.0551202 1.3312518
v -0.1028591 0.0459628 1.3399030
v -0.1111355 0.0387664 1.3511127
v -0.0952023 0.0385286 1.3687635
v -0.0880903 0.0457287 1.3594977
v -0.0630937 0.0786524 1.3326032
v -0.0549504 0.0913259 1.3246652
v 0.0019272 0.1473275 1.2702718
v 0.0170202 0.1520444 1.2599675
v -0.0970572 -0.0065971 1.2072481
v -0.1082738 0.0099813 1.2113123
v -0.1164884 0.0257204 1.2176009
v -0.1199927 0.0401842 1.2248279
v -0.1203036 0.0537140 1.2338849
v -0.1168170 0.0656298 1.2428706
v -0.1113957 0.0671819 1.2637005
v -0.1111832 0.0758406 1.2523032
v -0.1051805 0.0738107 1.2734289
v -0.1043422 0.0841733 1.2627585
v -0.0961428 0.0910792 1.2726135
v -0.0864249 0.0956142 1.2836817
v -0.0751756 0.0966899 1.2970246
v -0.0645218 0.0953443 1.3107822
v -0.0469529 0.1068481 1.3155646
v -0.0380143 0.1208800 1.3045286
v -0.0161274 0.1256165 1.3076907
v -0.0062697 0.1169865 1.3206978
v -0.0268908 0.1337251 1.2933881
v -0.0377025 0.1408858 1.2767548
v 0.0496950 0.0527920 1.3791959
v 0.0557212 0.0710609 1.3719414
v -0.1434438 0.0190635 1.3894238
v -0.1453876 0.0201259 1.3831509
v -0.1505759 0.0181825 1.3847054
v -0.1513932 0.0151952 1.3947389
v -0.1481188 0.0108850 1.4047962
v -0.1328640 0.0136619 1.4036301
v -0.1395195 0.0167368 1.3973262
v -0.1412991 0.0060462 1.4122700
v -0.1318664 0.0013766 1.4166897
v -0.1247183 0.0101189 1.4082310
v -0.1212718 -0.0021492 1.4183328
v -0.1163408 0.0068156 1.4109750
v -0.1101475 -0.0028994 1.4165843
v -0.1100029 0.0041996 1.4116115
v -0.0871674 0.0205642 1.3924596
v -0.0952619 0.0141425 1.4001868
v -0.1038360 0.0082264 1.4070654
v -0.1192471 0.0326632 1.3640058
v -0.1255274 0.0270086 1.3775309
v -0.1320780 0.0223466 1.3886670
v -0.1255471 0.0204919 1.3946946
v -0.1189346 0.0263084 1.3838119
v -0.1125490 0.0326493 1.3715959
v -0.0066577 0.1545030 1.2557926
v -0.0230216 0.1493088 1.2658040
v -0.0834255 0.0632877 1.3353739
v -0.0895343 0.0553434 1.3416776
v -0.0961376 0.0472630 1.3481223
v -0.1040821 0.0397376 1.3593081
v -0.0822633 0.0534244 1.3522663
v -0.0761425 0.0611123 1.3462197
v -0.0696520 0.0695116 1.3398317
v -0.0131286 0.1423330 1.2817576
v 0.0090703 0.1598413 1.2461053
v -0.0357348 -0.0682269 1.3366417
v -0.0257258 -0.0612702 1.3606251
v -0.0233750 -0.0445487 1.3802600
v -0.0267476 -0.0215889 1.3895902
v -0.2870351 -0.0762528 1.4260118
v -0.0215955 0.1481183 1.0032726
v -0.0239235 0.1403701 0.9777476
v -0.0455818 0.1409999 0.9780366
v -0.0196065 0.1788208 1.1500773
v -0.0002866 0.1674019 1.2299810
v -0.0137827 -0.0770918 1.1800695
v -0.0014741 -0.0776332 1.1764535
v 0.0031364 -0.0742428 1.1891134
v -0.0091763 -0.0741914 1.1933294
v -0.0348174 -0.0720679 1.1859656
v -0.0247810 -0.0754449 1.1833423
v -0.0209364 -0.0727157 1.1969632
v -0.0312704 -0.0701963 1.1997696
v -0.0443653 -0.0681320 1.1875239
v -0.0414172 -0.0665049 1.2017398
v -0.0293723 -0.0766862 1.1697238
v -0.0182739 -0.0791257 1.1668093
v -0.0058412 -0.0795491 1.1637606
v -0.0475306 -0.0685171 1.1742435
v -0.0391647 -0.0727037 1.1722751
v 0.1542368 -0.0768463 1.3321336
v 0.1568573 -0.0932034 1.3341143
v 0.1745774 -0.1134522 1.3712172
v 0.1758271 -0.1122800 1.3757263
v 0.1118140 -0.0163147 1.2803127
v 0.1162927 -0.0166677 1.2892404
v 0.0675726 -0.0478307 1.1538597
v 0.0791501 -0.0418043 1.1808838
v 0.0827707 -0.0385743 1.1946619
v 0.0869003 -0.0353085 1.2098964
v 0.1072888 -0.0192733 1.2703064
v 0.0735283 -0.0444307 1.1666466
v -0.1861007 0.0241307 0.7536129
v -0.1708238 0.0425800 0.7327448
v -0.1752099 0.0477115 0.7580568
v -0.1627738 0.0601096 0.7424684
v -0.1786636 0.0476398 0.8310819
v -0.1807502 0.0441981 0.8038457
v -0.1758899 0.0543680 0.8586403
v -0.1435876 0.0739220 0.7308320
v -0.1189670 0.0858992 0.7235110
v -0.1144055 0.0987507 0.7372866
v -0.1628063 0.0789335 0.8477762
v -0.1649872 0.0730225 0.8212434
v -0.1662219 0.0612830 0.7598014
v -0.1802235 0.0434431 0.7790867
v -0.1674489 0.0640347 0.7740328
v -0.1385521 0.0858684 0.7434509
v -0.1562395 0.0718005 0.7515674
v -0.0662729 0.1318278 0.8866315
v -0.0442098 0.1378018 0.8611740
v -0.0723377 0.1343782 0.8651492
v -0.1443322 0.0919455 0.9141967
v -0.1346497 0.1078956 0.8845036
v -0.1533557 0.0810057 0.7668706
v -0.1343733 0.0969243 0.7597993
v -0.1104115 0.1097890 0.7542259
v -0.1046912 0.1287122 0.8231882
v -0.1058291 0.1261520 0.7987737
v -0.1285236 0.1133599 0.8035355
v -0.1273696 0.1165354 0.8288391
v -0.1413186 0.1053996 0.8620934
v -0.1461505 0.1003597 0.8364482
v -0.1009271 0.1295845 0.8475978
v -0.1223873 0.1193254 0.8542462
v -0.1157197 0.1201410 0.8768362
v -0.1489543 0.0950128 0.8108114
v -0.0786524 0.1273593 0.7705429
v -0.1071008 0.1190276 0.7751733
v -0.0479160 0.1272297 0.7687165
v -0.0951348 0.1287442 0.8705160
v -0.0887306 0.1274612 0.8917693
v -0.0816217 0.1265986 0.9121175
v -0.0666619 0.1375304 0.9787637
v -0.0819110 -0.1591833 0.5408399
v -0.0013451 -0.0333656 0.7210477
v -0.0099569 -0.0084363 0.7233813
v -0.1756394 -0.0862874 0.8116294
v -0.1997867 -0.0210097 0.7792477
v -0.1920531 0.0130920 0.7816537
v -0.0070015 -0.1039388 0.7316617
v 0.0020891 -0.0783507 0.7229949
v -0.1508300 -0.1134966 0.8078248
v -0.0826513 -0.1430296 0.7681634
v 0.0032499 -0.0555047 0.7203379
v -0.1671566 0.0686912 0.7961030
v -0.1511013 0.0883646 0.7866411
v -0.1313671 0.1056450 0.7799043
v -0.0813091 0.1171102 0.7505954
v -0.0490593 0.1183814 0.7502583
v -0.0084822 -0.1260134 0.7945659
v -0.0067575 -0.1304010 0.8047971
v 0.0007807 -0.1308717 0.8040374
v 0.0012278 -0.1252276 0.7892132
v -0.0915906 -0.0900202 0.9125246
v -0.0685336 -0.1032989 0.9074884
v -0.0250175 -0.1181758 0.9004405
v -0.0059542 -0.1204690 0.8981042
v -0.1504527 -0.0329544 0.9286785
v -0.0459975 -0.1124702 0.9036011
v -0.1349425 -0.0547695 0.9239103
v -0.1145872 -0.0735655 0.9181846
v -0.0037939 0.1579833 0.2276964
v 0.0031971 0.1750981 0.2061183
v -0.0046991 0.1848466 0.2150999
v -0.0087508 0.1674228 0.2378923
v -0.0370285 0.1805636 0.2478314
v -0.0226975 0.1791598 0.2481021
v -0.0506221 0.1789740 0.2423327
v -0.0420662 0.1994298 0.2226583
v -0.0492182 0.1936108 0.2130467
v -0.0597357 0.1737967 0.2333161
v -0.0628265 0.1660956 0.2232062
v -0.0521756 0.1775079 0.1939234
v -0.0453610 0.1637427 0.1834030
v -0.0557311 0.1444234 0.2013676
v -0.0621474 0.1570827 0.2128644
v -0.0415736 0.1342440 0.1898447
v -0.0324026 0.1531037 0.1728448
v -0.0237512 0.1315381 0.1889042
v -0.0019576 0.1478684 0.2148646
v 0.0080961 0.1633864 0.1940198
v -0.0291575 0.2013752 0.2284128
v -0.0153563 0.1976773 0.2266750
v -0.0128566 0.1740874 0.2445377
v -0.0098087 0.1914478 0.2210375
v 0.0050445 0.2010418 0.1940279
v 0.0155233 0.1905135 0.1872195
v -0.0219213 0.2212461 0.2096142
v -0.0103730 0.2145614 0.2046232
v -0.0398795 0.2125673 0.1944786
v -0.0351411 0.2202634 0.2049526
v -0.0469261 0.1960169 0.1741561
v -0.0521991 0.1863019 0.2035018
v -0.0445898 0.2048921 0.1841511
v -0.0397373 0.1818739 0.1644846
v -0.0248309 0.1678197 0.1539663
v 0.0205028 0.1766888 0.1752324
v -0.0038544 0.2083998 0.1990819
v 0.0656379 0.1223432 0.0015466
v 0.0729499 0.1230013 0.0032598
v 0.0700411 0.1195376 0.0070425
v 0.0657465 0.1194513 0.0055667
v 0.1035205 0.1208361 0.0125177
v 0.1136128 0.1264352 0.0166417
v 0.1107550 0.1164160 0.0229186
v 0.1039100 0.1127405 0.0193809
v 0.0884600 0.1194221 0.0042067
v 0.0808794 0.1183304 0.0009751
v 0.0825064 0.1234798 0.0014081
v 0.0871472 0.1238207 0.0034987
v 0.0336285 0.1370050 0.0116979
v 0.0281241 0.1380931 0.0104224
v 0.0286911 0.1421055 0.0095460
v 0.0336826 0.1421900 0.0098510
v 0.0528736 0.1292872 0.0046809
v 0.0468492 0.1303147 0.0034596
v 0.0481141 0.1344994 0.0029569
v 0.0522936 0.1346837 0.0032304
v 0.0906082 0.1245114 0.0344773
v 0.0972947 0.1157657 0.0254875
v 0.1080662 0.1212489 0.0314529
v 0.1024053 0.1276474 0.0438088
v 0.1140091 0.1317089 0.0302783
v 0.1070069 0.1361982 0.0243722
v 0.1022411 0.1462141 0.0336494
v 0.1080236 0.1406179 0.0421555
v 0.0971539 0.1331045 0.0170892
v 0.0917725 0.1420167 0.0251162
v 0.0852490 0.1324567 0.0247081
v 0.0903444 0.1216885 0.0154901
v 0.0697401 0.1277951 0.0156550
v 0.0728207 0.1211137 0.0053263
v 0.0773287 0.1169303 0.0115069
v 0.0725966 0.1229021 0.0228345
v 0.0853506 0.1177908 0.0142709
v 0.0834417 0.1237925 0.0263650
v 0.0880940 0.1327057 0.0219980
v 0.0920144 0.1232738 0.0123104
v 0.0870145 0.1288074 0.0091453
v 0.0835117 0.1380795 0.0182582
v 0.0750657 0.1361296 0.0145029
v 0.0782842 0.1282394 0.0053387
v 0.0550387 0.1252658 0.0193131
v 0.0616995 0.1217632 0.0098908
v 0.0687489 0.1226971 0.0122902
v 0.0652244 0.1260653 0.0218128
v 0.0744816 0.1285214 0.0089232
v 0.0697119 0.1313873 0.0054990
v 0.0660454 0.1379408 0.0131608
v 0.0708209 0.1336761 0.0166671
v 0.0568083 0.1369045 0.0103049
v 0.0630500 0.1310259 0.0026305
v 0.0520100 0.1289900 0.0125134
v 0.0587987 0.1254232 0.0042645
v 0.0337530 0.1365411 0.0141457
v 0.0411027 0.1335454 0.0065185
v 0.0428385 0.1288719 0.0106533
v 0.0359856 0.1315042 0.0194350
v 0.0484096 0.1282174 0.0126382
v 0.0444217 0.1304630 0.0201930
v 0.0529609 0.1317475 0.0111276
v 0.0513933 0.1383252 0.0069943
v 0.0470153 0.1422882 0.0127081
v 0.0491839 0.1341572 0.0163373
v 0.0445664 0.1386233 0.0049862
v 0.0384499 0.1432266 0.0116533
v 0.0173706 0.1403482 0.0236433
v 0.0162712 0.1470844 0.0199035
v 0.0211258 0.1415129 0.0139665
v 0.0223579 0.1370074 0.0177727
v 0.0287361 0.1355107 0.0187875
v 0.0249318 0.1375430 0.0240087
v 0.0329019 0.1395347 0.0172272
v 0.0323389 0.1461080 0.0135541
v 0.0286439 0.1494695 0.0173232
v 0.0285129 0.1413645 0.0204662
v 0.0253495 0.1461962 0.0118403
v 0.0213147 0.1507958 0.0175892
v 0.0953156 0.1348761 0.0550066
v 0.0809870 0.1329032 0.0414310
v 0.1092899 0.1291821 0.0178004
v 0.1008461 0.1492880 0.0521618
v 0.1036330 0.1277263 0.0138208
v 0.0832149 0.1493231 0.0305104
v 0.0950182 0.1556553 0.0427114
v 0.0841533 0.1371905 0.0290791
v 0.0810096 0.1152478 0.0057424
v 0.0680772 0.1357034 0.0215799
v 0.0660446 0.1470706 0.0226968
v 0.0857378 0.1158702 0.0074634
v 0.0642596 0.1312607 0.0336450
v 0.0449244 0.1353966 0.0303230
v 0.0706909 0.1271806 0.0014292
v 0.0669606 0.1272217 0.0000000
v 0.0465006 0.1484321 0.0185807
v 0.0475930 0.1343417 0.0181861
v 0.0471467 0.1275380 0.0063989
v 0.0282946 0.1409777 0.0200968
v 0.0290068 0.1529137 0.0191842
v 0.0497280 0.1268703 0.0078481
v 0.0256118 0.1394063 0.0304244
v 0.0278544 0.1363486 0.0139225
v 0.0086398 0.1537798 0.0266603
v 0.0159659 0.1581550 0.0222162
v 0.0310091 0.1351442 0.0145672
v 0.0111737 0.1452197 0.0313307
v -0.0025194 0.1390935 0.2023912
v 0.0070474 0.1537729 0.1823119
v -0.0094470 0.1337932 0.1929887
v -0.0148223 0.1493416 0.1705011
v -0.0006705 0.1498138 0.1735498
v 0.0182453 0.1646165 0.1627903
v -0.0059803 0.1620302 0.1514312
v 0.0084573 0.1603930 0.1543499
v -0.0448080 0.2120992 0.1603324
v -0.0380430 0.1975243 0.1484040
v -0.0396523 0.2207556 0.1711717
v -0.0319133 0.2377566 0.1920366
v -0.0363369 0.2295994 0.1816843
v 0.0288012 0.1706839 0.1441934
v 0.0288416 0.1873788 0.1573230
v 0.0184989 0.1632558 0.1349758
v 0.0007078 0.1656454 0.1312551
v 0.0908127 0.1442369 0.0705591
v 0.0805497 0.1584579 0.0832122
v 0.0666992 0.1449808 0.0804702
v 0.0744984 0.1383961 0.0618147
v 0.0482238 0.1456089 0.0729986
v 0.0571046 0.1398345 0.0531552
v 0.0302622 0.1497836 0.0671730
v 0.0384524 0.1425439 0.0485055
v 0.0131652 0.1553319 0.0625023
v 0.0201169 0.1472237 0.0454608
v -0.0010128 0.1645234 0.0567272
v 0.0045837 0.1529847 0.0419872
v -0.0078837 0.1742949 0.0488497
v -0.0007701 0.1624697 0.0351906
v 0.0960875 0.1611441 0.0646899
v 0.0852656 0.1743470 0.0772994
v 0.0887156 0.1698060 0.0533347
v 0.0783820 0.1842070 0.0646014
v 0.0735637 0.1676054 0.0448803
v 0.0636825 0.1828340 0.0573011
v 0.0001130 0.1832924 0.0415893
v 0.0083392 0.1702052 0.0292740
v 0.0555565 0.1669462 0.0383931
v 0.0458317 0.1817686 0.0517085
v 0.0378935 0.1684966 0.0332624
v 0.0286132 0.1832544 0.0465780
v 0.0220899 0.1703748 0.0302191
v 0.0133397 0.1847556 0.0427603
v 0.0571462 0.1576364 0.1004347
v 0.0384665 0.1505299 0.0949952
v 0.0201420 0.1560993 0.0890565
v 0.0039707 0.1656241 0.0830814
v -0.0081154 0.1782833 0.0753392
v -0.0152320 0.1876425 0.0664737
v -0.0113977 0.1770972 0.1070930
v -0.0166009 0.1953554 0.0942054
v -0.0208375 0.2042035 0.0837456
v -0.0258599 0.2132636 0.1113051
v -0.0264691 0.2215374 0.1003555
v -0.0381296 0.2444078 0.1383947
v -0.0400924 0.2540803 0.1264187
v -0.0339753 0.2386401 0.1155415
v -0.0334411 0.2302748 0.1269686
v -0.0253357 0.1967508 0.1235915
v -0.0343649 0.2149476 0.1390045
v -0.0381290 0.2283860 0.1512210
v -0.0373253 0.2743573 0.1459252
v -0.0409784 0.2653411 0.1357585
v -0.0400025 0.2547040 0.1475070
v -0.0390385 0.2636659 0.1582245
v -0.0291880 0.2725385 0.1694724
v -0.0251415 0.2811014 0.1551700
v -0.0100877 0.2699901 0.1701567
v -0.0069193 0.2802189 0.1578544
v -0.0369969 0.2464257 0.1705942
v -0.0377623 0.2381764 0.1608261
v -0.0308415 0.2546080 0.1814209
v -0.0136003 0.2527517 0.1823591
v -0.0027944 0.2424862 0.1738498
v 0.0025918 0.2590017 0.1609859
v 0.0078200 0.2704617 0.1512661
v 0.0669788 0.1745566 0.0972068
v 0.0680497 0.1871808 0.0910726
v 0.0089574 0.1611868 0.1108899
v 0.0287043 0.1571050 0.1165390
v 0.0432535 0.1718042 0.1243911
v 0.0535455 0.1911496 0.1143400
v 0.0506801 0.2030317 0.1044615
v 0.0374346 0.2194265 0.1170400
v 0.0409799 0.2101204 0.1275952
v 0.0622187 0.1957422 0.0811960
v 0.0438577 0.2082006 0.0968051
v 0.0317039 0.2242739 0.1099228
v 0.0289941 0.2357850 0.1284824
v 0.0303028 0.2261552 0.1391406
v 0.0213550 0.2483960 0.1372226
v 0.0193604 0.2378740 0.1474117
v 0.0110555 0.2477939 0.1538265
v 0.0154905 0.2592915 0.1442245
v 0.0150341 0.2248699 0.1619135
v 0.0062713 0.2327831 0.1678617
v 0.0268666 0.2137559 0.1531425
v 0.0374648 0.1965139 0.1411674
v -0.0085719 0.1970885 0.0585321
v -0.0155805 0.2118439 0.0766312
v -0.0218744 0.2278605 0.0939263
v -0.0282704 0.2457494 0.1081538
v -0.0316389 0.2608249 0.1192335
v -0.0318176 0.2704650 0.1276786
v -0.0191838 0.2825584 0.1444394
v -0.0290008 0.2780163 0.1365292
v -0.0060792 0.2819415 0.1464843
v 0.0058187 0.2745216 0.1404312
v 0.0130511 0.2660423 0.1339132
v 0.0245083 0.2416500 0.1204042
v 0.0182555 0.2550965 0.1273928
v 0.0235800 0.2035698 0.1698733
v 0.0123304 0.2151019 0.1782824
v 0.0022545 0.2222505 0.1832606
v -0.0174309 0.2376151 0.1949889
v -0.0062953 0.2286025 0.1884211
v 0.0497496 0.1972976 0.0736973
v 0.0330912 0.1968292 0.0681672
v 0.0170457 0.1984232 0.0628991
v 0.0033715 0.1994832 0.0591138
v -0.0060964 0.2145185 0.0758985
v 0.0059496 0.2145266 0.0794298
v 0.0203965 0.2136347 0.0841644
v 0.0343438 0.2114740 0.0902420
v -0.0124823 0.2308323 0.0923316
v -0.0015340 0.2312237 0.0945380
v 0.0112709 0.2313384 0.0988528
v 0.0233809 0.2285484 0.1035637
v 0.0166861 0.2461756 0.1142362
v 0.0051910 0.2488289 0.1112137
v -0.0064388 0.2483599 0.1079571
v -0.0173702 0.2481413 0.1067867
v -0.0206482 0.2614752 0.1177210
v -0.0102076 0.2609625 0.1185647
v 0.0007346 0.2609243 0.1209221
v 0.0103408 0.2591450 0.1229983
v -0.0215294 0.2694074 0.1251361
v -0.0151855 0.2792984 0.1373331
v -0.0205503 0.2753423 0.1319836
v -0.0072434 0.2798738 0.1391019
v 0.0002507 0.2741922 0.1346065
v 0.0055890 0.2673758 0.1290420
v -0.0026659 0.2677707 0.1269041
v -0.0056860 0.2728568 0.1316047
v -0.0124059 0.2678460 0.1249201
v -0.0133002 0.2728627 0.1302649
v -0.0088546 0.2764779 0.1350822
v -0.0126407 0.2763908 0.1342981
v -0.0185087 0.1792703 0.1345855
v -0.0534177 -0.0976498 0.3695094
v -0.0424184 -0.0922053 0.3787143
v -0.0695617 -0.1029133 0.3646502
v -0.1183502 -0.1256141 0.8031832
v -0.0551759 -0.0702701 1.0203273
v -0.0497324 -0.0589414 1.0535296
v -0.0528249 -0.0644122 1.0368256
v -0.1159410 -0.1383974 0.7725088
v -0.0981694 -0.0130624 1.0798823
v -0.0057958 -0.0703096 1.2082102
v 0.1037846 -0.0266852 1.4616570
v 0.1045827 -0.0248971 1.4586285
v 0.1045020 -0.0224601 1.4557547
v 0.1041122 -0.0188683 1.4540364
v 0.1043962 -0.0154711 1.4529034
v 0.1054552 -0.0122648 1.4527304
v 0.1028758 -0.0203049 1.4575642
v 0.1057386 -0.0176587 1.4600725
v 0.1057208 -0.0199016 1.4609077
v 0.1032976 -0.0223574 1.4595153
f 2 3 1
f 1 3 4
f 3 2 5
f 5 2 6
f 3 7 4
f 4 7 8
f 10 11 9
f 9 11 12
f 14 15 13
f 13 15 16
f 18 19 17
f 17 19 20
f 22 23 21
f 21 23 24
f 26 18 25
f 25 18 17
f 27 28 17
f 17 28 25
f 30 31 29
f 29 31 32
f 34 35 33
f 33 35 36
f 21 24 37
f 37 24 38
f 40 31 39
f 39 31 38
f 34 33 28
f 28 33 25
f 41 42 44
f 44 42 43
f 36 45 33
f 33 45 25
f 46 47 49
f 49 47 48
f 51 52 50
f 50 52 53
f 55 53 54
f 54 53 52
f 57 58 56
f 56 58 59
f 61 62 60
f 60 62 63
f 65 66 64
f 64 66 67
f 69 70 68
f 68 70 71
f 65 73 72
f 72 73 74
f 64 75 65
f 65 75 73
f 77 78 76
f 76 78 79
f 80 81 83
f 83 81 82
f 81 85 84
f 84 85 86
f 88 89 87
f 87 89 69
f 88 87 90
f 90 87 91
f 93 94 92
f 92 94 95
f 96 84 43
f 43 84 44
f 51 98 97
f 97 98 86
f 97 99 51
f 51 99 52
f 54 52 100
f 100 52 99
f 58 101 59
f 59 101 102
f 62 103 63
f 63 103 104
f 105 106 6
f 6 106 5
f 108 109 107
f 107 109 110
f 112 113 111
f 111 113 114
f 116 117 115
f 115 117 118
f 120 121 119
f 119 121 122
f 124 125 123
f 123 125 126
f 128 129 127
f 127 129 130
f 130 131 127
f 127 131 132
f 134 1 133
f 133 1 135
f 1 4 135
f 135 4 136
f 4 8 136
f 136 8 137
f 138 139 15
f 15 139 140
f 140 139 141
f 141 139 142
f 144 57 143
f 143 57 56
f 145 146 141
f 141 146 147
f 146 149 148
f 148 149 150
f 152 153 151
f 151 153 154
f 141 147 140
f 140 147 155
f 157 11 156
f 156 11 158
f 160 161 159
f 159 161 162
f 164 165 163
f 163 165 166
f 165 160 166
f 166 160 159
f 168 169 167
f 167 169 170
f 169 171 170
f 170 171 172
f 149 173 150
f 150 173 174
f 175 176 149
f 149 176 173
f 178 172 177
f 177 172 171
f 180 181 179
f 179 181 182
f 184 180 183
f 183 180 179
f 186 187 185
f 185 187 188
f 190 191 189
f 189 191 192
f 7 193 8
f 8 193 194
f 196 162 195
f 195 162 161
f 197 168 198
f 198 168 167
f 181 199 182
f 182 199 200
f 202 203 201
f 201 203 204
f 187 186 205
f 205 186 206
f 208 209 207
f 207 209 210
f 212 213 211
f 211 213 214
f 215 216 218
f 218 216 217
f 220 209 219
f 219 209 208
f 204 186 221
f 221 186 185
f 201 204 222
f 222 204 221
f 223 211 220
f 220 211 209
f 224 225 214
f 214 225 210
f 203 206 204
f 204 206 186
f 227 187 226
f 226 187 205
f 27 228 21
f 21 228 22
f 230 231 229
f 229 231 232
f 234 235 233
f 233 235 236
f 238 239 237
f 237 239 240
f 119 122 118
f 118 122 115
f 112 242 241
f 241 242 243
f 98 51 244
f 244 51 50
f 245 138 14
f 14 138 15
f 11 10 158
f 158 10 246
f 89 85 69
f 69 85 70
f 11 157 12
f 12 157 247
f 249 164 248
f 248 164 163
f 177 250 178
f 178 250 251
f 253 254 252
f 252 254 255
f 187 227 188
f 188 227 256
f 212 257 213
f 213 257 258
f 260 134 259
f 259 134 133
f 165 164 135
f 135 164 133
f 160 165 136
f 136 165 135
f 136 137 160
f 160 137 161
f 137 261 161
f 161 261 195
f 263 264 262
f 262 264 265
f 13 16 266
f 266 16 267
f 268 267 155
f 155 267 16
f 147 269 155
f 155 269 268
f 162 196 167
f 167 196 198
f 167 170 162
f 162 170 159
f 170 172 159
f 159 172 166
f 172 178 166
f 166 178 163
f 178 251 163
f 163 251 248
f 168 270 169
f 169 270 271
f 272 273 171
f 171 273 177
f 271 272 169
f 169 272 171
f 168 197 270
f 270 197 274
f 250 177 275
f 275 177 273
f 277 45 276
f 276 45 278
f 280 281 279
f 279 281 282
f 284 104 283
f 283 104 103
f 285 215 286
f 286 215 218
f 288 289 287
f 287 289 290
f 291 80 66
f 66 80 83
f 293 294 292
f 292 294 295
f 73 91 74
f 74 91 87
f 91 73 92
f 92 73 75
f 279 77 280
f 280 77 76
f 80 291 70
f 70 291 71
f 277 47 96
f 96 47 82
f 297 175 296
f 296 175 149
f 299 154 298
f 298 154 153
f 225 300 210
f 210 300 207
f 224 301 206
f 206 301 205
f 210 209 214
f 214 209 211
f 226 205 302
f 302 205 301
f 304 305 303
f 303 305 306
f 308 309 307
f 307 309 310
f 72 291 65
f 65 291 66
f 66 83 67
f 67 83 46
f 312 313 311
f 311 313 314
f 316 317 315
f 315 317 36
f 29 318 35
f 35 318 319
f 321 32 320
f 320 32 322
f 311 314 323
f 323 314 324
f 315 325 316
f 316 325 326
f 318 287 319
f 319 287 290
f 328 321 327
f 327 321 320
f 329 330 39
f 39 330 331
f 332 333 40
f 40 333 322
f 309 334 285
f 285 334 335
f 236 2 134
f 134 2 1
f 260 336 233
f 233 336 337
f 237 14 265
f 265 14 13
f 84 86 44
f 44 86 98
f 189 192 7
f 7 192 193
f 44 98 41
f 41 98 244
f 237 240 14
f 14 240 245
f 7 3 189
f 189 3 5
f 338 71 72
f 72 71 291
f 262 265 266
f 266 265 13
f 124 123 339
f 339 123 105
f 123 109 105
f 105 109 106
f 189 5 190
f 190 5 106
f 111 114 12
f 12 114 9
f 264 340 265
f 265 340 237
f 342 343 341
f 341 343 344
f 6 235 105
f 105 235 339
f 234 346 345
f 345 346 347
f 349 350 348
f 348 350 351
f 107 352 108
f 108 352 353
f 355 356 354
f 354 356 357
f 237 340 238
f 238 340 358
f 12 247 111
f 111 247 359
f 264 263 116
f 116 263 360
f 361 362 222
f 222 362 201
f 364 365 363
f 363 365 366
f 368 369 367
f 367 369 370
f 372 373 371
f 371 373 374
f 375 376 372
f 372 376 377
f 378 379 381
f 381 379 380
f 382 383 269
f 269 383 268
f 150 174 365
f 365 174 384
f 380 377 381
f 381 377 376
f 271 270 180
f 180 270 181
f 273 272 252
f 252 272 184
f 272 271 184
f 184 271 180
f 181 270 274
f 252 255 273
f 273 255 275
f 254 385 255
f 255 385 386
f 387 388 179
f 179 388 183
f 389 387 182
f 182 387 179
f 182 200 389
f 389 200 390
f 388 391 183
f 183 391 253
f 391 392 253
f 253 392 254
f 394 379 393
f 393 379 378
f 185 188 395
f 395 188 396
f 221 185 397
f 397 185 395
f 222 221 398
f 398 221 397
f 188 256 396
f 396 256 399
f 400 401 256
f 256 401 399
f 402 403 405
f 405 403 404
f 148 150 364
f 364 150 365
f 393 406 394
f 394 406 407
f 158 246 393
f 393 246 406
f 342 19 238
f 238 19 239
f 23 22 350
f 350 22 354
f 244 50 245
f 245 50 138
f 55 142 53
f 53 142 139
f 145 144 296
f 296 144 143
f 355 228 341
f 341 228 20
f 41 240 42
f 42 240 239
f 283 308 284
f 284 308 307
f 349 409 408
f 408 409 410
f 244 245 41
f 41 245 240
f 268 383 406
f 406 383 407
f 346 411 349
f 349 411 409
f 251 412 248
f 248 412 413
f 275 414 250
f 250 414 415
f 25 45 26
f 26 45 277
f 43 26 96
f 96 26 277
f 416 417 61
f 61 417 62
f 329 24 408
f 408 24 23
f 31 40 32
f 32 40 322
f 39 38 329
f 329 38 24
f 37 38 30
f 30 38 31
f 418 419 421
f 421 419 420
f 78 295 79
f 79 295 294
f 124 339 422
f 422 339 345
f 232 131 357
f 357 131 351
f 2 236 6
f 6 236 235
f 252 184 253
f 253 184 183
f 227 423 256
f 256 423 400
f 423 227 305
f 305 227 226
f 424 258 425
f 425 258 257
f 426 427 212
f 212 427 257
f 259 133 249
f 249 133 164
f 419 418 428
f 428 418 429
f 327 430 328
f 328 430 288
f 49 431 46
f 46 431 67
f 306 302 424
f 424 302 258
f 313 432 314
f 314 432 433
f 32 321 29
f 29 321 318
f 324 314 433
f 287 318 328
f 328 318 321
f 134 260 236
f 236 260 233
f 345 339 234
f 234 339 235
f 357 351 354
f 354 351 350
f 408 23 349
f 349 23 350
f 317 278 36
f 36 278 45
f 432 313 429
f 429 313 428
f 435 428 434
f 434 428 313
f 42 239 18
f 18 239 19
f 43 42 26
f 26 42 18
f 121 120 436
f 436 120 437
f 302 301 258
f 258 301 213
f 110 109 126
f 126 109 123
f 238 358 342
f 342 358 343
f 341 20 342
f 342 20 19
f 322 438 320
f 320 438 439
f 320 439 327
f 327 439 430
f 333 440 322
f 322 440 438
f 289 288 323
f 323 288 430
f 115 340 116
f 116 340 264
f 146 145 149
f 149 145 296
f 15 140 16
f 16 140 155
f 441 442 152
f 152 442 153
f 225 224 203
f 203 224 206
f 175 297 154
f 154 297 151
f 293 443 294
f 294 443 444
f 248 413 249
f 249 413 445
f 446 447 400
f 400 447 401
f 388 387 396
f 396 387 395
f 387 389 395
f 395 389 397
f 391 388 399
f 399 388 396
f 401 392 399
f 399 392 391
f 255 386 275
f 275 386 414
f 449 450 448
f 448 450 451
f 335 452 285
f 285 452 215
f 453 298 442
f 442 298 153
f 211 223 212
f 212 223 426
f 425 257 454
f 454 257 427
f 266 10 262
f 262 10 9
f 360 113 456
f 456 113 455
f 8 194 137
f 137 194 261
f 10 266 246
f 246 266 267
f 203 202 225
f 225 202 300
f 262 9 263
f 263 9 114
f 108 353 190
f 190 353 191
f 389 390 397
f 397 390 398
f 457 422 128
f 128 422 129
f 156 158 378
f 378 158 393
f 347 346 348
f 348 346 349
f 447 458 401
f 401 458 392
f 364 382 148
f 148 382 269
f 55 54 57
f 57 54 58
f 75 64 459
f 459 64 460
f 100 90 101
f 101 90 95
f 101 58 100
f 100 58 54
f 142 55 144
f 144 55 57
f 147 146 269
f 269 146 148
f 459 93 75
f 75 93 92
f 144 145 142
f 142 145 141
f 228 27 20
f 20 27 17
f 154 299 175
f 175 299 176
f 214 213 224
f 224 213 301
f 424 461 306
f 306 461 303
f 285 286 309
f 309 286 310
f 462 334 308
f 308 334 309
f 302 306 226
f 226 306 305
f 37 28 21
f 21 28 27
f 29 35 30
f 30 35 34
f 30 34 37
f 37 34 28
f 344 436 356
f 356 436 229
f 325 290 326
f 326 290 289
f 311 439 312
f 312 439 438
f 35 319 36
f 36 319 315
f 439 311 430
f 430 311 323
f 315 319 325
f 325 319 290
f 440 463 438
f 438 463 312
f 341 344 355
f 355 344 356
f 360 456 116
f 116 456 117
f 354 22 355
f 355 22 228
f 326 289 324
f 324 289 323
f 74 87 68
f 68 87 69
f 50 53 138
f 138 53 139
f 268 406 267
f 267 406 246
f 190 106 108
f 108 106 109
f 241 455 112
f 112 455 113
f 358 122 343
f 343 122 121
f 129 347 130
f 130 347 348
f 348 351 130
f 130 351 131
f 229 232 356
f 356 232 357
f 340 115 358
f 358 115 122
f 111 359 112
f 112 359 242
f 125 124 457
f 457 124 422
f 231 132 232
f 232 132 131
f 343 121 344
f 344 121 436
f 263 114 360
f 360 114 113
f 347 129 345
f 345 129 422
f 230 229 437
f 437 229 436
f 464 446 423
f 423 446 400
f 465 466 468
f 468 466 467
f 470 471 469
f 469 471 472
f 469 472 373
f 373 472 374
f 474 469 473
f 473 469 373
f 471 475 472
f 472 475 476
f 472 477 374
f 374 477 478
f 477 472 476
f 479 480 476
f 476 480 477
f 473 373 377
f 377 373 372
f 481 482 479
f 479 482 480
f 483 484 481
f 481 484 482
f 403 402 485
f 485 402 486
f 487 488 483
f 483 488 484
f 487 489 488
f 488 489 490
f 489 491 490
f 490 491 492
f 491 493 492
f 492 493 494
f 493 495 494
f 494 495 496
f 497 498 481
f 481 498 483
f 484 499 482
f 482 499 367
f 370 480 367
f 367 480 482
f 480 370 477
f 477 370 478
f 500 497 479
f 479 497 481
f 451 473 380
f 380 473 377
f 448 451 379
f 379 451 380
f 501 502 504
f 504 502 503
f 449 505 507
f 507 505 506
f 486 508 505
f 505 508 506
f 508 509 506
f 506 509 510
f 511 507 510
f 510 507 506
f 509 508 512
f 512 508 513
f 515 509 514
f 514 509 512
f 509 515 510
f 510 515 516
f 510 516 511
f 511 516 517
f 486 505 485
f 485 505 518
f 505 449 518
f 518 449 448
f 383 382 403
f 403 382 404
f 363 404 364
f 364 404 382
f 403 485 383
f 383 485 407
f 519 520 361
f 361 520 362
f 522 496 521
f 521 496 495
f 450 474 451
f 451 474 473
f 363 366 523
f 523 366 524
f 525 499 488
f 488 499 484
f 488 490 525
f 525 490 526
f 496 522 520
f 520 522 527
f 494 496 519
f 519 496 520
f 492 494 528
f 528 494 519
f 529 530 495
f 495 530 521
f 490 492 526
f 526 492 528
f 529 495 531
f 531 495 493
f 533 534 532
f 532 534 535
f 523 524 533
f 533 524 534
f 486 402 532
f 532 402 533
f 529 536 530
f 530 536 537
f 536 538 537
f 537 538 539
f 540 541 539
f 539 541 537
f 530 537 535
f 535 537 541
f 542 539 543
f 543 539 538
f 539 542 540
f 540 542 544
f 541 540 513
f 513 540 512
f 540 544 512
f 512 544 514
f 546 547 545
f 545 547 548
f 549 550 531
f 531 550 551
f 550 549 552
f 552 549 553
f 546 550 554
f 554 550 552
f 547 546 555
f 555 546 554
f 498 556 558
f 558 556 557
f 559 557 560
f 560 557 556
f 561 562 560
f 560 562 559
f 557 559 552
f 552 559 554
f 559 562 554
f 554 562 555
f 558 557 553
f 553 557 552
f 475 471 563
f 563 471 564
f 565 563 567
f 567 563 566
f 471 470 564
f 564 470 466
f 564 466 568
f 568 466 465
f 568 465 569
f 569 465 570
f 572 573 571
f 571 573 574
f 569 575 567
f 567 575 576
f 577 565 576
f 576 565 567
f 578 579 581
f 581 579 580
f 575 561 576
f 576 561 560
f 556 577 560
f 560 577 576
f 577 556 497
f 497 556 498
f 565 577 500
f 500 577 497
f 563 565 475
f 475 565 500
f 553 489 558
f 558 489 487
f 531 493 549
f 549 493 491
f 489 553 491
f 491 553 549
f 394 407 518
f 518 407 485
f 518 448 394
f 394 448 379
f 545 548 538
f 538 548 543
f 551 545 536
f 536 545 538
f 536 529 551
f 551 529 531
f 507 582 449
f 449 582 450
f 511 583 507
f 507 583 582
f 511 517 583
f 583 517 584
f 585 586 588
f 588 586 587
f 590 591 589
f 589 591 592
f 591 590 593
f 593 590 594
f 596 597 595
f 595 597 598
f 599 600 602
f 602 600 601
f 604 605 603
f 603 605 606
f 608 609 607
f 607 609 610
f 612 613 611
f 611 613 614
f 615 616 618
f 618 616 617
f 620 621 619
f 619 621 622
f 624 625 623
f 623 625 626
f 628 629 627
f 627 629 630
f 632 633 631
f 631 633 634
f 635 636 638
f 638 636 637
f 639 640 642
f 642 640 641
f 644 645 643
f 643 645 646
f 619 622 647
f 647 622 648
f 650 651 649
f 649 651 652
f 601 653 602
f 602 653 654
f 656 657 655
f 655 657 658
f 660 661 659
f 659 661 662
f 664 665 663
f 663 665 666
f 593 594 667
f 667 594 668
f 669 670 672
f 672 670 671
f 673 674 676
f 676 674 675
f 633 632 677
f 677 632 678
f 663 666 679
f 679 666 680
f 681 682 684
f 684 682 683
f 686 687 685
f 685 687 688
f 690 661 689
f 689 661 691
f 693 686 692
f 692 686 685
f 695 597 694
f 694 597 668
f 594 696 668
f 668 696 694
f 697 698 696
f 696 698 699
f 700 701 697
f 697 701 698
f 702 585 703
f 703 585 588
f 671 690 672
f 672 690 689
f 640 639 704
f 704 639 705
f 679 706 663
f 663 706 658
f 708 709 707
f 707 709 710
f 711 712 610
f 610 712 607
f 713 714 716
f 716 714 715
f 717 718 720
f 720 718 719
f 722 634 721
f 721 634 633
f 724 725 723
f 723 725 726
f 728 729 727
f 727 729 730
f 732 733 731
f 731 733 734
f 707 710 735
f 735 710 736
f 643 737 644
f 644 737 738
f 740 741 739
f 739 741 742
f 608 744 743
f 743 744 745
f 747 748 746
f 746 748 749
f 751 752 750
f 750 752 753
f 754 755 757
f 757 755 756
f 758 759 761
f 761 759 760
f 763 764 762
f 762 764 765
f 767 768 766
f 766 768 769
f 771 772 770
f 770 772 773
f 775 776 774
f 774 776 777
f 779 780 778
f 778 780 781
f 783 712 782
f 782 712 784
f 785 786 788
f 788 786 787
f 790 628 789
f 789 628 627
f 792 793 791
f 791 793 794
f 795 796 726
f 726 796 723
f 798 799 797
f 797 799 800
f 721 633 801
f 801 633 677
f 797 800 802
f 802 800 803
f 805 806 804
f 804 806 807
f 809 810 808
f 808 810 811
f 813 814 812
f 812 814 815
f 809 808 817
f 817 808 816
f 818 819 804
f 804 819 805
f 820 821 818
f 818 821 819
f 821 820 587
f 587 820 822
f 809 823 810
f 810 823 824
f 814 807 815
f 815 807 806
f 826 426 825
f 825 426 223
f 426 826 427
f 427 826 827
f 828 829 454
f 454 829 830
f 831 832 677
f 677 832 801
f 834 835 833
f 833 835 836
f 838 839 837
f 837 839 840
f 841 842 844
f 844 842 843
f 845 846 803
f 803 846 802
f 847 831 678
f 678 831 677
f 848 849 851
f 851 849 850
f 853 854 852
f 852 854 855
f 857 858 856
f 856 858 680
f 860 861 859
f 859 861 862
f 864 865 863
f 863 865 866
f 868 869 867
f 867 869 870
f 839 871 840
f 840 871 872
f 849 848 874
f 874 848 873
f 876 877 875
f 875 877 878
f 880 881 879
f 879 881 882
f 883 884 886
f 886 884 885
f 846 887 802
f 802 887 888
f 890 891 889
f 889 891 888
f 893 894 892
f 892 894 895
f 896 897 728
f 728 897 729
f 899 900 898
f 898 900 901
f 902 852 904
f 904 852 903
f 849 905 850
f 850 905 906
f 875 878 907
f 907 878 908
f 910 911 909
f 909 911 912
f 914 915 913
f 913 915 916
f 917 918 862
f 862 918 859
f 919 920 856
f 856 920 921
f 923 924 922
f 922 924 925
f 926 927 925
f 925 927 922
f 929 930 928
f 928 930 693
f 932 695 931
f 931 695 694
f 823 867 824
f 824 867 933
f 935 936 934
f 934 936 937
f 938 868 823
f 823 868 867
f 940 847 939
f 939 847 678
f 632 655 678
f 678 655 939
f 941 942 619
f 619 942 620
f 687 943 688
f 688 943 944
f 851 850 945
f 945 850 903
f 850 906 903
f 903 906 904
f 946 947 949
f 949 947 948
f 951 952 950
f 950 952 953
f 955 956 954
f 954 956 957
f 907 958 875
f 875 958 874
f 960 961 959
f 959 961 962
f 963 853 902
f 902 853 852
f 909 964 910
f 910 964 965
f 967 968 966
f 966 968 969
f 971 972 970
f 970 972 973
f 974 960 975
f 975 960 959
f 977 978 976
f 976 978 979
f 981 977 980
f 980 977 976
f 980 982 981
f 981 982 983
f 985 983 984
f 984 983 982
f 984 986 985
f 985 986 987
f 989 990 988
f 988 990 991
f 993 994 992
f 992 994 995
f 997 998 996
f 996 998 999
f 1001 1002 1000
f 1000 1002 1003
f 1005 1006 1004
f 1004 1006 1007
f 1004 1008 1005
f 1005 1008 1009
f 1008 1010 1009
f 1009 1010 1011
f 1013 1011 1012
f 1012 1011 1010
f 1014 1015 1017
f 1017 1015 1016
f 1019 1020 1018
f 1018 1020 1021
f 1022 1023 976
f 976 1023 980
f 1024 1025 982
f 982 1025 984
f 992 995 1026
f 1026 995 1027
f 956 955 1028
f 1028 955 1029
f 1030 1031 1033
f 1033 1031 1032
f 1010 1008 1034
f 1034 1008 1035
f 1008 1004 1035
f 1035 1004 1036
f 1037 1038 1002
f 1002 1038 1007
f 1002 1001 1037
f 1037 1001 1039
f 1040 1041 997
f 997 1041 998
f 1015 1014 1043
f 1043 1014 1042
f 1044 1045 1047
f 1047 1045 1046
f 1044 1020 1048
f 1048 1020 1049
f 1050 1051 1003
f 1003 1051 1000
f 1052 1050 1006
f 1006 1050 1003
f 1053 1054 1011
f 1011 1054 1009
f 1013 1045 1055
f 1055 1045 1056
f 1058 1059 1057
f 1057 1059 1060
f 1062 1063 1061
f 1061 1063 1064
f 1065 1066 1050
f 1050 1066 1051
f 1067 1065 1052
f 1052 1065 1050
f 1068 1069 1054
f 1054 1069 1070
f 1071 1068 1053
f 1053 1068 1054
f 1073 1071 1072
f 1072 1071 1074
f 1074 1071 1055
f 1055 1071 1053
f 1076 1077 1075
f 1075 1077 1078
f 1079 1080 1057
f 1057 1080 1058
f 1081 1082 1064
f 1064 1082 1061
f 1084 1085 1083
f 1083 1085 1086
f 1088 1089 1087
f 1087 1089 1090
f 1092 1093 1091
f 1091 1093 1094
f 1096 1097 1095
f 1095 1097 1098
f 1099 1100 1102
f 1102 1100 1101
f 1103 1104 1099
f 1099 1104 1100
f 1106 1107 1105
f 1105 1107 1108
f 1110 1111 1109
f 1109 1111 1112
f 1114 1115 1113
f 1113 1115 1116
f 1118 1119 1117
f 1117 1119 1077
f 1117 1120 1122
f 1122 1120 1121
f 1105 1123 1106
f 1106 1123 1124
f 1125 1126 1128
f 1128 1126 1127
f 1130 1131 1129
f 1129 1131 1132
f 1134 1135 1133
f 1133 1135 1114
f 1113 1136 1114
f 1114 1136 1133
f 1118 1137 1113
f 1113 1137 1136
f 1118 1117 1137
f 1137 1117 1122
f 1139 1140 1138
f 1138 1140 1141
f 1143 953 1142
f 1142 953 952
f 1145 957 1144
f 1144 957 956
f 1028 1146 956
f 956 1146 1144
f 1014 1147 1042
f 1042 1147 1148
f 1014 1017 1147
f 1147 1017 1149
f 1059 1058 1150
f 1150 1058 1151
f 1153 1080 1152
f 1152 1080 1154
f 1156 1088 1155
f 1155 1088 1087
f 1157 1158 1106
f 1106 1158 1107
f 1106 1124 1157
f 1157 1124 1159
f 1161 1162 1160
f 1160 1162 1163
f 1165 1166 1164
f 1164 1166 1167
f 1168 1031 1012
f 1012 1031 1046
f 1024 1023 1035
f 1035 1023 1034
f 1036 1038 1025
f 1025 1038 1169
f 1170 1171 1039
f 1039 1171 1037
f 1028 1029 1042
f 1042 1029 1043
f 1172 1173 1175
f 1175 1173 1174
f 1055 1053 1013
f 1013 1053 1011
f 1005 1009 1070
f 1070 1009 1054
f 996 999 1062
f 1062 999 1063
f 1016 1060 1017
f 1017 1060 1059
f 1017 1059 1149
f 1149 1059 1150
f 1177 1178 1176
f 1176 1178 1103
f 1176 1072 1179
f 1179 1072 1074
f 1073 1102 1086
f 1086 1102 1083
f 1180 1181 1067
f 1067 1181 1065
f 1182 1183 1184
f 1184 1183 1181
f 1186 1187 1185
f 1185 1187 1188
f 1189 1190 798
f 798 1190 799
f 1192 1193 1191
f 1191 1193 1194
f 1195 1196 1194
f 1194 1196 1191
f 1196 1195 1198
f 1198 1195 1197
f 1200 674 1199
f 1199 674 673
f 928 1201 1203
f 1203 1201 1202
f 861 1204 862
f 862 1204 921
f 1205 1206 913
f 913 1206 1207
f 882 1208 879
f 879 1208 1209
f 1210 1211 1167
f 1167 1211 1164
f 1212 769 1213
f 1213 769 768
f 727 1214 728
f 728 1214 1215
f 1217 1218 1216
f 1216 1218 1219
f 1220 813 1221
f 1221 813 812
f 827 828 427
f 427 828 454
f 1223 1224 1222
f 1222 1224 1165
f 1226 1227 1225
f 1225 1227 1228
f 851 1229 848
f 848 1229 1230
f 834 854 835
f 835 854 1231
f 1233 1234 1232
f 1232 1234 1235
f 1237 751 1236
f 1236 751 750
f 743 819 1238
f 1238 819 821
f 1240 1241 1239
f 1239 1241 1242
f 1244 1245 1243
f 1243 1245 1246
f 844 1247 841
f 841 1247 1248
f 1250 1251 1249
f 1249 1251 1252
f 1254 893 1253
f 1253 893 1237
f 1255 1256 1258
f 1258 1256 1257
f 1260 1261 1259
f 1259 1261 1262
f 945 903 855
f 855 903 852
f 855 1263 945
f 945 1263 1264
f 832 845 801
f 801 845 803
f 800 721 803
f 803 721 801
f 721 800 722
f 722 800 799
f 1266 1267 1265
f 1265 1267 1268
f 1270 795 1269
f 1269 795 726
f 725 1271 726
f 726 1271 1269
f 737 765 738
f 738 765 764
f 759 740 760
f 760 740 739
f 717 1272 1274
f 1274 1272 1273
f 1163 1226 1275
f 1275 1226 1225
f 1277 882 1276
f 1276 882 881
f 1041 1040 1027
f 1027 1040 1026
f 900 935 901
f 901 935 934
f 1164 1278 1165
f 1165 1278 1222
f 1211 1279 1164
f 1164 1279 1278
f 442 1280 453
f 453 1280 1281
f 788 1282 785
f 785 1282 1283
f 1285 1286 1284
f 1284 1286 1287
f 1284 1288 1285
f 1285 1288 1289
f 757 1289 754
f 754 1289 1288
f 605 604 675
f 675 604 676
f 1290 1291 1293
f 1293 1291 1292
f 1295 1296 1294
f 1294 1296 1297
f 696 699 694
f 694 699 931
f 1298 1299 592
f 592 1299 589
f 1299 1300 589
f 589 1300 700
f 1300 1301 700
f 700 1301 701
f 743 745 819
f 819 745 805
f 1303 1304 1302
f 1302 1304 1305
f 1306 1307 1305
f 1305 1307 1302
f 609 1298 610
f 610 1298 592
f 587 822 588
f 588 822 1308
f 703 588 1309
f 1309 588 1308
f 1310 703 571
f 571 703 1309
f 1311 1312 789
f 789 1312 790
f 825 223 1313
f 1313 223 220
f 219 1314 220
f 220 1314 1313
f 1315 1316 1311
f 1311 1316 1312
f 1317 1318 1319
f 1319 1318 1241
f 441 1320 442
f 442 1320 1280
f 1321 217 572
f 572 217 216
f 1323 1230 1322
f 1322 1230 1229
f 1324 1325 631
f 631 1325 656
f 1034 1168 1010
f 1010 1168 1012
f 1327 1328 1326
f 1326 1328 1329
f 1331 1202 1330
f 1330 1202 1201
f 571 1309 572
f 572 1309 1321
f 573 572 1332
f 1332 572 216
f 1334 1335 1333
f 1333 1335 1336
f 1337 1338 918
f 918 1338 859
f 1339 863 1340
f 1340 863 866
f 1341 1342 1344
f 1344 1342 1343
f 1345 1346 919
f 919 1346 920
f 1347 1348 673
f 673 1348 1199
f 693 1349 928
f 928 1349 1201
f 1351 1257 1350
f 1350 1257 1256
f 1350 1352 1351
f 1351 1352 1353
f 653 930 654
f 654 930 662
f 1279 1354 1278
f 1278 1354 1355
f 1357 1358 1356
f 1356 1358 1359
f 937 1360 1140
f 1140 1360 1361
f 1225 1228 909
f 909 1228 964
f 901 934 1362
f 1362 934 1139
f 1364 1365 1363
f 1363 1365 1362
f 1367 912 1366
f 1366 912 911
f 1143 1142 1368
f 1368 1142 1369
f 1144 1186 1145
f 1145 1186 1185
f 1146 1175 1144
f 1144 1175 1186
f 1175 1146 1172
f 1172 1146 1148
f 1147 1018 1148
f 1148 1018 1172
f 1018 1147 1019
f 1019 1147 1149
f 1149 1150 1019
f 1019 1150 1370
f 1150 1151 1370
f 1370 1151 1371
f 1151 1153 1371
f 1371 1153 1177
f 1152 1156 1178
f 1178 1156 1372
f 1155 1158 1373
f 1373 1158 1374
f 1157 1159 1376
f 1376 1159 1375
f 1378 1379 1377
f 1377 1379 1380
f 1382 1383 1381
f 1381 1383 1384
f 1382 1386 1385
f 1385 1386 1387
f 1386 1233 1387
f 1387 1233 1232
f 1389 1390 1388
f 1388 1390 1391
f 1393 1394 1392
f 1392 1394 1395
f 1397 1398 1396
f 1396 1398 1399
f 629 1397 630
f 630 1397 1396
f 1342 1400 1343
f 1343 1400 1401
f 1403 1404 1402
f 1402 1404 1405
f 1407 1408 1406
f 1406 1408 1409
f 1411 1412 1410
f 1410 1412 1413
f 793 1414 794
f 794 1414 1415
f 1417 1341 1416
f 1416 1341 1344
f 704 705 1347
f 1347 705 1418
f 741 1419 742
f 742 1419 1420
f 1422 669 1421
f 1421 669 672
f 645 1423 646
f 646 1423 1424
f 1196 1198 614
f 614 1198 611
f 613 1425 614
f 614 1425 1426
f 1427 616 659
f 659 616 660
f 614 1426 1196
f 1196 1426 1191
f 696 594 697
f 697 594 590
f 697 590 700
f 700 590 589
f 703 1310 702
f 702 1310 1428
f 1421 672 1192
f 1192 672 689
f 1271 648 1269
f 1269 648 622
f 621 1270 622
f 622 1270 1269
f 1429 1430 1417
f 1417 1430 1341
f 1431 1432 1434
f 1434 1432 1433
f 1436 1437 1435
f 1435 1437 1438
f 1440 1441 1439
f 1439 1441 1442
f 1443 1444 1446
f 1446 1444 1445
f 823 809 938
f 938 809 817
f 810 1447 811
f 811 1447 1448
f 1449 1450 679
f 679 1450 706
f 913 916 1205
f 1205 916 1451
f 1275 1225 912
f 912 1225 909
f 1452 1453 880
f 880 1453 881
f 1444 1401 1445
f 1445 1401 1400
f 936 1454 937
f 937 1454 1360
f 824 1455 810
f 810 1455 1447
f 631 656 632
f 632 656 655
f 966 1456 967
f 967 1456 1457
f 1459 1460 1458
f 1458 1460 1461
f 1460 1462 1461
f 1461 1462 1463
f 972 974 973
f 973 974 975
f 990 995 991
f 991 995 994
f 1464 1187 1033
f 1033 1187 1174
f 1018 1021 1172
f 1172 1021 1173
f 1000 999 1001
f 1001 999 998
f 976 979 1022
f 1022 979 1032
f 1023 1024 980
f 980 1024 982
f 989 986 1171
f 1171 986 1169
f 1171 1170 989
f 989 1170 990
f 1170 1027 990
f 990 1027 995
f 1041 1039 998
f 998 1039 1001
f 1051 1063 1000
f 1000 1063 999
f 1066 1064 1051
f 1051 1064 1063
f 1183 1081 1066
f 1066 1081 1064
f 1178 1372 1103
f 1103 1372 1104
f 1092 1091 1465
f 1465 1091 1182
f 1467 1465 1466
f 1466 1465 1468
f 1469 1470 1184
f 1184 1470 1468
f 1095 1098 1471
f 1471 1098 1101
f 1076 1374 1120
f 1120 1374 1376
f 1110 1472 1127
f 1127 1472 1132
f 1472 1473 1132
f 1132 1473 1129
f 1474 1475 1466
f 1466 1475 1473
f 1119 1118 1116
f 1116 1118 1113
f 1375 1121 1376
f 1376 1121 1120
f 1127 1132 1128
f 1128 1132 1131
f 1227 1476 1228
f 1228 1476 1361
f 1365 1477 1362
f 1362 1477 872
f 1478 1479 1323
f 1323 1479 1230
f 1480 1481 914
f 914 1481 915
f 913 1277 914
f 914 1277 1276
f 1168 1034 1022
f 1022 1034 1023
f 1035 1036 1024
f 1024 1036 1025
f 1039 1041 1170
f 1170 1041 1027
f 1042 1148 1028
f 1028 1148 1146
f 968 1459 969
f 969 1459 1458
f 1482 1483 664
f 664 1483 665
f 1485 1486 1484
f 1484 1486 1487
f 1489 1490 1488
f 1488 1490 1491
f 1492 1493 722
f 722 1493 634
f 1495 1496 1494
f 1494 1496 1497
f 1498 1207 1339
f 1339 1207 863
f 1224 1499 1165
f 1165 1499 1166
f 1160 1163 1500
f 1500 1163 1275
f 1500 877 1160
f 1160 877 1501
f 876 873 1502
f 1502 873 1479
f 945 1264 851
f 851 1264 1229
f 835 1231 839
f 839 1231 871
f 1503 1283 778
f 778 1283 1282
f 716 715 1505
f 1505 715 1504
f 1446 1445 1507
f 1507 1445 1506
f 779 792 1381
f 1381 792 791
f 1430 1409 1341
f 1341 1409 1342
f 1411 1429 1508
f 1508 1429 1417
f 635 1510 1509
f 1509 1510 1511
f 1377 1380 1315
f 1315 1380 1316
f 1445 1400 1506
f 1506 1400 1408
f 918 917 1336
f 1336 917 1333
f 1513 1514 1512
f 1512 1514 870
f 1515 1516 1363
f 1363 1516 1364
f 1453 1517 881
f 881 1517 1276
f 992 1518 993
f 993 1518 1519
f 1520 1029 1518
f 1518 1029 955
f 1520 1026 1521
f 1521 1026 1040
f 1522 1015 1521
f 1521 1015 1043
f 996 1523 997
f 997 1523 1522
f 1060 1016 1524
f 1524 1016 1523
f 1061 1525 1062
f 1062 1525 1524
f 1079 1527 1526
f 1526 1527 1528
f 1093 1529 1094
f 1094 1529 1528
f 1111 1530 1112
f 1112 1530 1531
f 1532 1533 1105
f 1105 1533 1123
f 934 937 1139
f 1139 937 1140
f 1138 1363 1139
f 1139 1363 1362
f 1534 1222 1355
f 1355 1222 1278
f 1535 1223 1534
f 1534 1223 1222
f 821 587 1238
f 1238 587 586
f 1319 711 1317
f 1317 711 1536
f 1538 1200 1537
f 1537 1200 1199
f 1508 1417 1539
f 1539 1417 1416
f 1540 1541 840
f 840 1541 837
f 1231 898 871
f 871 898 901
f 1500 1275 1367
f 1367 1275 912
f 1543 1379 1542
f 1542 1379 1395
f 1539 772 1508
f 1508 772 1544
f 1546 1403 1545
f 1545 1403 1402
f 1548 1549 1547
f 1547 1549 1550
f 1552 1548 1551
f 1551 1548 1547
f 1554 1555 1553
f 1553 1555 1556
f 1558 1559 1557
f 1557 1559 1560
f 1562 1563 1561
f 1561 1563 1564
f 1566 1567 1565
f 1565 1567 1568
f 1570 1571 1569
f 1569 1571 1572
f 1574 1575 1573
f 1573 1575 1576
f 1577 1578 1572
f 1572 1578 1569
f 1580 1581 1579
f 1579 1581 1582
f 1584 1585 1583
f 1583 1585 1586
f 1588 1555 1587
f 1587 1555 1589
f 1591 1592 1590
f 1590 1592 1593
f 1595 1596 1594
f 1594 1596 1597
f 1596 1581 1597
f 1597 1581 1576
f 1599 1570 1598
f 1598 1570 1569
f 1601 1602 1600
f 1600 1602 1603
f 1605 1606 1604
f 1604 1606 1607
f 1608 1609 1568
f 1568 1609 1565
f 1611 1612 1610
f 1610 1612 1613
f 1615 1616 1614
f 1614 1616 1617
f 1619 1617 1618
f 1618 1617 1616
f 1621 1622 1620
f 1620 1622 1623
f 1625 1626 1624
f 1624 1626 1627
f 1629 1630 1628
f 1628 1630 1631
f 1633 1634 1632
f 1632 1634 1635
f 1636 1637 1639
f 1639 1637 1638
f 1641 1642 1640
f 1640 1642 1643
f 1624 1627 1644
f 1644 1627 1645
f 1647 1648 1646
f 1646 1648 1649
f 1651 1652 1650
f 1650 1652 1653
f 1655 1656 1654
f 1654 1656 1657
f 1659 1660 1658
f 1658 1660 1661
f 1662 1663 1631
f 1631 1663 1628
f 1651 1665 1664
f 1664 1665 1666
f 1667 1656 1619
f 1619 1656 1617
f 1669 1670 1668
f 1668 1670 1671
f 1632 1635 1672
f 1672 1635 1673
f 1674 1675 1638
f 1638 1675 1639
f 1677 1678 1676
f 1676 1678 1679
f 1680 1640 1681
f 1681 1640 1643
f 1682 1683 1643
f 1643 1683 1681
f 1670 1669 1235
f 1235 1669 1232
f 1396 1399 1674
f 1674 1399 1675
f 627 630 1679
f 1679 630 1676
f 1681 1315 1680
f 1680 1315 1311
f 1683 1377 1681
f 1681 1377 1315
f 1672 1673 1387
f 1387 1673 1385
f 1636 1684 1646
f 1646 1684 1685
f 1687 1688 1686
f 1686 1688 1689
f 1585 1690 1586
f 1586 1690 1691
f 1599 1692 1551
f 1551 1692 1693
f 1552 1558 1694
f 1694 1558 1557
f 1696 1615 1695
f 1695 1615 1614
f 1698 1699 1697
f 1697 1699 1623
f 1700 1701 1703
f 1703 1701 1702
f 1705 1706 1704
f 1704 1706 1707
f 1708 1709 1640
f 1640 1709 1641
f 1710 1711 1713
f 1713 1711 1712
f 1652 1655 1653
f 1653 1655 1654
f 1714 1699 1712
f 1712 1699 1713
f 1715 1710 1716
f 1716 1710 1713
f 1717 1708 1680
f 1680 1708 1640
f 1393 1392 1715
f 1715 1392 1710
f 1719 1720 1718
f 1718 1720 1721
f 1680 1311 1717
f 1717 1311 789
f 1378 1711 1392
f 1392 1711 1710
f 1388 1391 1719
f 1719 1391 1720
f 1723 1606 1722
f 1722 1606 1689
f 1725 1568 1724
f 1724 1568 1567
f 1726 1647 1685
f 1685 1647 1646
f 1728 1554 1727
f 1727 1554 1553
f 1591 1687 1600
f 1600 1687 1686
f 1730 1595 1729
f 1729 1595 1594
f 1601 1605 1731
f 1731 1605 1604
f 1733 1663 1732
f 1732 1663 1734
f 1736 1639 1735
f 1735 1639 1675
f 1658 1644 1737
f 1737 1644 1645
f 1726 1662 1724
f 1724 1662 1631
f 1399 1738 1675
f 1675 1738 1735
f 1621 1667 1739
f 1739 1667 1619
f 1714 1740 1620
f 1620 1740 1741
f 1592 1549 1593
f 1593 1549 1742
f 1602 1571 1603
f 1603 1571 1550
f 1688 1690 1689
f 1689 1690 1722
f 1588 1559 1582
f 1582 1559 1579
f 1673 1735 1385
f 1385 1735 1738
f 1387 1232 1672
f 1672 1232 1669
f 1580 1692 1573
f 1573 1692 1743
f 1377 1683 1378
f 1378 1683 1711
f 1664 1666 1744
f 1744 1666 1745
f 1744 1696 1664
f 1664 1696 1695
f 1746 1747 1732
f 1732 1747 1748
f 1749 1750 1677
f 1677 1750 1678
f 1709 1708 1750
f 1750 1708 1678
f 1668 1632 1669
f 1669 1632 1672
f 1633 1746 1734
f 1734 1746 1732
f 1679 1678 1717
f 1717 1678 1708
f 789 627 1717
f 1717 627 1679
f 1563 1723 1564
f 1564 1723 1722
f 1728 1584 1751
f 1751 1584 1583
f 1674 1676 1396
f 1396 1676 630
f 1666 1566 1745
f 1745 1566 1565
f 1627 1629 1645
f 1645 1629 1628
f 1637 1749 1638
f 1638 1749 1677
f 1648 1665 1649
f 1649 1665 1752
f 1740 1642 1741
f 1741 1642 1657
f 1676 1674 1677
f 1677 1674 1638
f 1683 1682 1711
f 1711 1682 1712
f 1618 1753 1619
f 1619 1753 1739
f 1701 1739 1702
f 1702 1739 1753
f 1754 1214 1756
f 1756 1214 1755
f 647 1757 619
f 619 1757 941
f 1759 1193 1758
f 1758 1193 691
f 1419 1760 1420
f 1420 1760 1761
f 682 1762 683
f 683 1762 1763
f 1412 780 1413
f 1413 780 1384
f 1383 1398 1384
f 1384 1398 1413
f 1197 1424 1764
f 1764 1424 1423
f 1537 1287 1538
f 1538 1287 1286
f 1634 1684 1635
f 1635 1684 1736
f 1724 1631 1725
f 1725 1631 1630
f 1562 1730 1610
f 1610 1730 1729
f 1735 1673 1736
f 1736 1673 1635
f 1757 1195 941
f 941 1195 1194
f 1766 200 1765
f 1765 200 199
f 475 500 476
f 476 500 479
f 498 558 483
f 483 558 487
f 545 551 546
f 546 551 550
f 453 1281 219
f 219 1281 1314
f 298 453 208
f 208 453 219
f 368 1765 1767
f 1767 1765 199
f 523 405 363
f 363 405 404
f 523 533 405
f 405 533 402
f 298 208 299
f 299 208 207
f 299 207 176
f 176 207 300
f 176 300 173
f 173 300 202
f 173 202 174
f 174 202 201
f 1337 918 1768
f 1768 918 1336
f 1769 1770 1338
f 1338 1770 859
f 581 570 578
f 578 570 1771
f 555 562 580
f 580 562 561
f 504 1772 501
f 501 1772 548
f 517 542 584
f 584 542 543
f 515 514 516
f 516 514 544
f 542 517 544
f 544 517 516
f 561 575 580
f 580 575 581
f 575 569 581
f 581 569 570
f 501 548 1773
f 1773 548 547
f 1774 1775 570
f 570 1775 1771
f 369 368 1776
f 1776 368 1767
f 372 369 375
f 375 369 1776
f 822 1280 1308
f 1308 1280 1320
f 820 1281 822
f 822 1281 1280
f 818 1314 820
f 820 1314 1281
f 1314 818 1313
f 1313 818 804
f 807 814 825
f 825 814 826
f 814 813 826
f 826 813 827
f 813 1220 827
f 827 1220 828
f 580 579 555
f 555 579 547
f 1477 1540 872
f 872 1540 840
f 367 499 368
f 368 499 1765
f 1766 1765 525
f 525 1765 499
f 1777 1766 526
f 526 1766 525
f 520 527 362
f 362 527 384
f 361 1778 519
f 519 1778 528
f 371 1779 372
f 372 1779 369
f 369 1779 370
f 370 1779 478
f 1779 371 478
f 478 371 374
f 1778 1777 528
f 528 1777 526
f 1781 1782 1780
f 1780 1782 1783
f 431 460 67
f 67 460 64
f 68 338 74
f 74 338 72
f 1785 1782 1784
f 1784 1782 1786
f 1787 1788 1790
f 1790 1788 1789
f 1792 1789 1791
f 1791 1789 1793
f 1791 1794 1792
f 1792 1794 1795
f 1794 1796 1795
f 1795 1796 1797
f 1797 1798 938
f 938 1798 868
f 1798 1799 868
f 868 1799 869
f 1801 1802 1800
f 1800 1802 1451
f 1803 1804 1205
f 1205 1804 1206
f 1805 1806 864
f 864 1806 865
f 1806 1807 865
f 865 1807 1808
f 68 71 338
f 287 328 288
f 1320 1321 1308
f 1308 1321 1309
f 1320 441 1321
f 1321 441 217
f 441 152 217
f 217 152 218
f 151 286 152
f 152 286 218
f 297 310 151
f 151 310 286
f 296 307 297
f 297 307 310
f 296 143 307
f 307 143 284
f 143 56 284
f 284 56 104
f 56 59 104
f 104 59 63
f 59 102 63
f 63 102 60
f 102 94 60
f 60 94 282
f 93 459 279
f 279 459 77
f 459 460 77
f 77 460 78
f 460 431 78
f 78 431 295
f 431 49 295
f 295 49 292
f 48 421 49
f 49 421 292
f 276 278 418
f 418 278 429
f 317 432 278
f 278 432 429
f 432 317 433
f 433 317 316
f 326 324 316
f 316 324 433
f 1536 592 1809
f 1809 592 591
f 1810 744 1812
f 1812 744 1811
f 1814 1815 1813
f 1813 1815 1816
f 1817 748 1818
f 1818 748 747
f 1812 1819 1810
f 1810 1819 1817
f 1820 1821 748
f 748 1821 749
f 1823 1824 1822
f 1822 1824 1825
f 1827 1828 1826
f 1826 1828 1829
f 1831 1832 1830
f 1830 1832 1833
f 1834 1827 1243
f 1243 1827 1826
f 1313 804 825
f 825 804 807
f 1835 1253 1236
f 1236 1253 1237
f 1836 1837 1438
f 1438 1837 1435
f 1838 1505 1840
f 1840 1505 1839
f 1841 1842 716
f 716 1842 713
f 1843 1844 1510
f 1510 1844 1845
f 1847 1848 1846
f 1846 1848 1849
f 1850 1240 1822
f 1822 1240 1239
f 636 1831 637
f 637 1831 1830
f 1852 1853 1851
f 1851 1853 1854
f 1855 1856 1858
f 1858 1856 1857
f 1846 1849 1859
f 1859 1849 1860
f 1343 1401 1509
f 1509 1401 1861
f 1509 1861 635
f 635 1861 636
f 1863 1864 1862
f 1862 1864 1865
f 1283 1503 1867
f 1867 1503 1866
f 1868 1867 681
f 681 1867 682
f 1286 1285 683
f 683 1285 684
f 757 756 1274
f 1274 756 1869
f 1274 1869 717
f 717 1869 718
f 1434 1433 719
f 719 1433 720
f 1200 1538 1545
f 1545 1538 1763
f 1285 1289 684
f 684 1289 1273
f 684 1273 681
f 681 1273 1272
f 785 1283 1868
f 1868 1283 1867
f 786 785 1870
f 1870 785 1868
f 1289 757 1273
f 1273 757 1274
f 1539 1416 1871
f 1871 1416 1872
f 773 1871 1403
f 1403 1871 1404
f 675 674 1405
f 1405 674 1402
f 1864 1873 1865
f 1865 1873 1874
f 638 1843 635
f 635 1843 1510
f 1344 1343 1511
f 1511 1343 1509
f 772 1539 773
f 773 1539 1871
f 674 1200 1402
f 1402 1200 1545
f 1538 1286 1763
f 1763 1286 683
f 1444 1443 1875
f 1875 1443 1876
f 1875 1876 1831
f 1831 1876 1832
f 1416 1344 1872
f 1872 1344 1511
f 1877 1878 774
f 774 1878 1879
f 1878 1847 1879
f 1879 1847 1846
f 1880 714 1881
f 1881 714 1848
f 1401 1444 1861
f 1861 1444 1875
f 1861 1875 636
f 636 1875 1831
f 1823 1863 1882
f 1882 1863 1862
f 1441 1440 1884
f 1884 1440 1883
f 1883 1852 1884
f 1884 1852 1851
f 1886 1887 1885
f 1885 1887 1888
f 1358 1889 1359
f 1359 1889 1890
f 1891 1886 1892
f 1892 1886 1885
f 774 1879 775
f 775 1879 1893
f 1859 1893 1846
f 1846 1893 1879
f 713 1842 1849
f 1849 1842 1860
f 1318 1895 1894
f 1894 1895 1896
f 1873 1897 1874
f 1874 1897 1898
f 1898 605 1899
f 1899 605 675
f 1405 1844 675
f 675 1844 1899
f 1404 1845 1405
f 1405 1845 1844
f 593 1296 591
f 591 1296 1809
f 1295 1292 1900
f 1900 1292 1895
f 606 1897 1291
f 1291 1897 1896
f 1510 1845 1511
f 1511 1845 1872
f 1871 1872 1404
f 1404 1872 1845
f 1866 770 1762
f 1762 770 1546
f 1762 682 1866
f 1866 682 1867
f 1870 1868 1272
f 1272 1868 681
f 1272 717 1870
f 1870 717 720
f 1870 720 786
f 786 720 1433
f 786 1433 787
f 787 1433 1432
f 1261 1414 1432
f 1432 1414 787
f 1389 1234 1260
f 1260 1234 1415
f 1719 1670 1388
f 1388 1670 1235
f 1718 1671 1719
f 1719 1671 1670
f 1705 1747 1718
f 1718 1747 1671
f 1659 1901 1704
f 1704 1901 1748
f 1877 1903 1902
f 1902 1903 1904
f 1259 1905 1390
f 1390 1905 1394
f 1715 1720 1393
f 1393 1720 1391
f 1716 1721 1715
f 1715 1721 1720
f 1698 1706 1716
f 1716 1706 1721
f 277 276 47
f 47 276 48
f 84 96 81
f 81 96 82
f 80 70 81
f 81 70 85
f 99 97 88
f 88 97 89
f 90 100 88
f 88 100 99
f 101 95 102
f 102 95 94
f 1906 1907 280
f 280 1907 281
f 97 86 89
f 89 86 85
f 60 282 61
f 61 282 281
f 83 82 46
f 46 82 47
f 293 292 420
f 420 292 421
f 419 1908 420
f 420 1908 1909
f 92 95 91
f 91 95 90
f 279 282 93
f 93 282 94
f 276 418 48
f 48 418 421
f 1910 1660 1697
f 1697 1660 1707
f 1703 1624 1700
f 1700 1624 1644
f 1622 1910 1623
f 1623 1910 1697
f 1701 1700 1911
f 1911 1700 1661
f 1700 1644 1661
f 1661 1644 1658
f 1901 1737 1733
f 1733 1737 1645
f 1625 1912 1604
f 1604 1912 1731
f 1912 1913 1731
f 1731 1913 1914
f 1913 1577 1914
f 1914 1577 1572
f 1915 1578 1616
f 1616 1578 1618
f 1915 1916 1598
f 1598 1916 1743
f 1916 1574 1743
f 1743 1574 1573
f 1575 1917 1576
f 1576 1917 1597
f 1917 1609 1597
f 1597 1609 1594
f 1608 1611 1729
f 1729 1611 1610
f 1918 1612 1629
f 1629 1612 1630
f 1626 1918 1627
f 1627 1918 1629
f 1920 1921 1919
f 1919 1921 1922
f 1920 1924 1923
f 1923 1924 1925
f 1926 1927 1924
f 1924 1927 1925
f 1929 1930 1928
f 1928 1930 1931
f 1932 1933 1935
f 1935 1933 1934
f 1937 1938 1936
f 1936 1938 1939
f 1941 1942 1940
f 1940 1942 1943
f 1941 1945 1944
f 1944 1945 1946
f 1947 1948 1694
f 1694 1948 1949
f 1950 1951 1953
f 1953 1951 1952
f 1955 1956 1954
f 1954 1956 1589
f 1958 1956 1957
f 1957 1956 1932
f 1960 1934 1959
f 1959 1934 1933
f 1962 1963 1961
f 1961 1963 1964
f 1965 1955 1751
f 1751 1955 1954
f 1935 1930 1932
f 1932 1930 1957
f 1951 1950 1926
f 1926 1950 1929
f 1966 1967 1593
f 1593 1967 1590
f 1969 1967 1968
f 1968 1967 1964
f 1962 1921 1970
f 1970 1921 1971
f 1963 1945 1964
f 1964 1945 1968
f 1972 1948 1922
f 1922 1948 1919
f 1966 1972 1961
f 1961 1972 1922
f 1958 1953 1587
f 1587 1953 1560
f 1974 1975 1973
f 1973 1975 1976
f 1978 1979 1977
f 1977 1979 1691
f 1979 1975 1691
f 1691 1975 1586
f 1938 1942 1939
f 1939 1942 1980
f 1952 1947 1557
f 1557 1947 1694
f 1969 1978 1981
f 1981 1978 1977
f 1983 1984 1982
f 1982 1984 1985
f 1986 1987 1989
f 1989 1987 1988
f 1990 1991 1983
f 1983 1991 1984
f 1990 1993 1992
f 1992 1993 1994
f 1995 1996 1994
f 1994 1996 1997
f 1999 2000 1998
f 1998 2000 2001
f 2003 2004 2002
f 2002 2004 2005
f 2007 2008 2006
f 2006 2008 2009
f 2011 2012 2010
f 2010 2012 2013
f 2014 2015 2017
f 2017 2015 2016
f 2018 2019 2021
f 2021 2019 2020
f 2022 1989 2024
f 2024 1989 2023
f 1989 1988 2023
f 2023 1988 2025
f 2026 2027 2017
f 2017 2027 2014
f 2029 2030 2028
f 2028 2030 2031
f 2033 2034 2032
f 2032 2034 2035
f 2032 2035 2036
f 2036 2035 2037
f 2039 2040 2038
f 2038 2040 2041
f 1982 2042 1983
f 1983 2042 2043
f 2045 2046 2044
f 2044 2046 2047
f 2049 2050 2048
f 2048 2050 2051
f 2053 2054 2052
f 2052 2054 2055
f 2057 2058 2056
f 2056 2058 2059
f 2060 2061 2033
f 2033 2061 2034
f 2063 2064 2062
f 2062 2064 2065
f 2066 2035 2067
f 2067 2035 2034
f 2069 2039 2068
f 2068 2039 2038
f 2025 2070 2023
f 2023 2070 2071
f 2072 2024 2071
f 2071 2024 2023
f 2074 2020 2073
f 2073 2020 2019
f 2050 2049 2047
f 2047 2049 2075
f 1983 2043 1990
f 1990 2043 1993
f 2006 2050 2007
f 2007 2050 2076
f 2050 2006 2051
f 2051 2006 2077
f 2079 2080 2078
f 2078 2080 2081
f 2082 2083 2085
f 2085 2083 2084
f 2010 2013 2086
f 2086 2013 2087
f 2089 2033 2088
f 2088 2033 2032
f 2090 2060 2089
f 2089 2060 2033
f 2092 2093 2091
f 2091 2093 2094
f 2096 1986 2095
f 2095 1986 2097
f 2097 1986 2022
f 2022 1986 1989
f 2015 2094 2016
f 2016 2094 2098
f 2016 2098 2100
f 2100 2098 2099
f 2017 2016 2101
f 2101 2016 2100
f 2017 2101 2026
f 2026 2101 2102
f 2100 2099 2104
f 2104 2099 2103
f 2104 2105 2100
f 2100 2105 2101
f 2105 2106 2101
f 2101 2106 2102
f 2108 2061 2107
f 2107 2061 2109
f 2111 2112 2110
f 2110 2112 2020
f 2020 2074 2110
f 2110 2074 2113
f 2115 2116 2114
f 2114 2116 2117
f 2118 2119 1995
f 1995 2119 2120
f 2121 2122 2027
f 2027 2122 2014
f 2047 2075 2044
f 2044 2075 2123
f 2124 2125 2127
f 2127 2125 2126
f 2129 2130 2128
f 2128 2130 2131
f 2132 2133 2057
f 2057 2133 2058
f 2134 1999 2136
f 2136 1999 2135
f 2055 2138 2137
f 2137 2138 2139
f 2141 2142 2140
f 2140 2142 2143
f 2083 2082 2064
f 2064 2082 2065
f 2082 2144 2065
f 2065 2144 2145
f 2040 2146 2041
f 2041 2146 2147
f 2060 2090 2148
f 2148 2090 2149
f 2048 2051 2137
f 2137 2051 2150
f 2151 1997 2135
f 2135 1997 1996
f 2152 2150 2077
f 2077 2150 2051
f 2046 2045 2118
f 2118 2045 2119
f 2154 2155 2153
f 2153 2155 2156
f 2158 2159 2157
f 2157 2159 2160
f 2162 2163 2161
f 2161 2163 2164
f 2164 2163 2165
f 2165 2163 2166
f 2168 2169 2167
f 2167 2169 2170
f 2003 2172 2171
f 2171 2172 2173
f 2174 2175 2002
f 2002 2175 2176
f 2145 2177 2065
f 2065 2177 2062
f 2178 2179 2180
f 2180 2179 2134
f 2181 2052 2152
f 2152 2052 2150
f 2040 2127 2146
f 2146 2127 2182
f 2130 2162 2131
f 2131 2162 2161
f 2052 2055 2150
f 2150 2055 2137
f 2184 2185 2183
f 2183 2185 2186
f 2159 2030 2160
f 2160 2030 2187
f 2146 2182 2029
f 2029 2182 2188
f 2189 2190 2192
f 2192 2190 2191
f 2172 2003 2176
f 2176 2003 2002
f 1998 2151 1999
f 1999 2151 2135
f 2177 2172 2062
f 2062 2172 2176
f 2172 2177 2173
f 2173 2177 2193
f 2063 2194 2064
f 2064 2194 2195
f 2066 2197 2196
f 2196 2197 2198
f 2002 2005 2174
f 2174 2005 2199
f 2004 2003 2200
f 2200 2003 2171
f 2198 2201 2171
f 2171 2201 2200
f 2197 2202 2198
f 2198 2202 2201
f 2202 2197 2203
f 2203 2197 2204
f 2196 2198 2173
f 2173 2198 2171
f 2205 2069 2170
f 2170 2069 2206
f 2197 2066 2204
f 2204 2066 2067
f 2107 2207 2108
f 2108 2207 2208
f 2210 2208 2209
f 2209 2208 2207
f 2185 2211 2212
f 2213 2214 2211
f 2211 2214 2212
f 1998 2001 2213
f 2213 2001 2214
f 2134 2215 1999
f 1999 2215 2000
f 2216 2217 2219
f 2219 2217 2218
f 2206 2220 2170
f 2170 2220 2167
f 2069 2068 2206
f 2206 2068 2221
f 2151 1998 2222
f 2222 1998 2213
f 2124 2039 2205
f 2205 2039 2069
f 2142 2223 2143
f 2143 2223 2128
f 2203 2186 2202
f 2202 2186 2185
f 2185 2184 2211
f 2211 2184 2224
f 2224 2225 2222
f 2222 2225 2226
f 2071 2227 2072
f 2072 2227 2228
f 2229 2074 2230
f 2230 2074 2073
f 2074 2229 2113
f 2113 2229 2231
f 2232 2225 2227
f 2227 2225 2224
f 2233 2234 2031
f 2031 2234 2028
f 2236 2231 2235
f 2235 2231 2229
f 2230 2183 2229
f 2229 2183 2235
f 2237 1987 2096
f 2096 1987 1986
f 2152 2238 2181
f 2181 2238 2239
f 2080 2240 2081
f 2081 2240 2241
f 2236 2242 1971
f 1971 2242 1970
f 1925 2113 1923
f 1923 2113 2231
f 2110 1927 2111
f 2111 1927 1928
f 2103 2111 1931
f 1931 2111 1928
f 1931 2243 2103
f 2103 2243 2104
f 2105 2104 2244
f 2244 2104 2243
f 1939 1980 2148
f 2148 1980 2109
f 1980 1944 2109
f 2109 1944 2107
f 1946 2245 2207
f 2207 2245 2209
f 2245 1970 2209
f 2209 1970 2242
f 2231 2236 1923
f 1923 2236 1971
f 2113 1925 2110
f 2110 1925 1927
f 2234 2246 2028
f 2028 2246 2147
f 2247 2248 2058
f 2058 2248 2059
f 2114 2117 2249
f 2249 2117 2250
f 2252 2253 2251
f 2251 2253 2254
f 2094 2015 2091
f 2091 2015 2255
f 2256 2255 2014
f 2014 2255 2015
f 2257 2145 2258
f 2258 2145 2144
f 2131 2161 2123
f 2123 2161 2044
f 2045 2044 2164
f 2164 2044 2161
f 2045 2164 2119
f 2119 2164 2165
f 2259 2120 2165
f 2165 2120 2119
f 2260 2261 2259
f 2259 2261 2120
f 2205 2262 2124
f 2124 2262 2125
f 2180 2263 2178
f 2178 2263 2264
f 2265 2266 2092
f 2092 2266 2093
f 1992 2267 2268
f 2184 2228 2224
f 2224 2228 2227
f 2048 2269 2049
f 2049 2269 2141
f 2129 2168 2157
f 2157 2168 2167
f 2049 2141 2075
f 2075 2141 2140
f 2199 2215 2270
f 2270 2215 2271
f 2142 2141 2272
f 2272 2141 2269
f 2089 2026 2090
f 2090 2026 2102
f 2146 2029 2147
f 2147 2029 2028
f 2111 2103 2112
f 2112 2103 2099
f 2061 2060 2109
f 2109 2060 2148
f 2273 2274 2041
f 2041 2274 2038
f 2260 2275 2261
f 2261 2275 2136
f 2057 2138 2132
f 2132 2138 2276
f 2272 2269 2056
f 2056 2269 2139
f 2277 2278 2270
f 2270 2278 2199
f 2029 2188 2030
f 2030 2188 2187
f 2040 2039 2127
f 2127 2039 2124
f 2064 2195 2083
f 2083 2195 2279
f 2056 2139 2057
f 2057 2139 2138
f 2278 2277 2247
f 2247 2277 2248
f 2062 2176 2063
f 2063 2176 2175
f 2280 2210 2242
f 2242 2210 2209
f 2282 2233 2281
f 2281 2233 2031
f 2216 2219 2283
f 2283 2219 2221
f 2158 2220 2218
f 2218 2220 2219
f 2217 2282 2218
f 2218 2282 2281
f 2220 2158 2167
f 2167 2158 2157
f 2223 2264 2128
f 2128 2264 2263
f 2261 1996 2120
f 2120 1996 1995
f 2213 2211 2222
f 2222 2211 2224
f 2283 2221 2284
f 2284 2221 2068
f 2135 1996 2136
f 2136 1996 2261
f 2144 2081 2258
f 2258 2081 2241
f 2235 2280 2236
f 2236 2280 2242
f 2246 2273 2147
f 2147 2273 2041
f 2036 2285 2032
f 2032 2285 2088
f 2077 2286 2152
f 2152 2286 2238
f 1937 1960 1973
f 1973 1960 1959
f 2070 2232 2071
f 2071 2232 2227
f 2244 2287 2105
f 2105 2287 2106
f 1936 1939 2149
f 2149 1939 2148
f 1944 1946 2107
f 2107 1946 2207
f 2285 2121 2088
f 2088 2121 2027
f 2253 2249 2254
f 2254 2249 2250
f 2006 2009 2077
f 2077 2009 2286
f 2289 2086 2288
f 2288 2086 2087
f 2223 2142 2290
f 2290 2142 2272
f 2128 2131 2143
f 2143 2131 2123
f 2156 2291 2153
f 2153 2291 2175
f 2292 2293 2278
f 2278 2293 2294
f 2075 2140 2123
f 2123 2140 2143
f 2262 2169 2275
f 2275 2169 2180
f 2275 2180 2136
f 2136 2180 2134
f 2274 2284 2038
f 2038 2284 2068
f 2127 2126 2182
f 2182 2126 2166
f 2094 2093 2098
f 2098 2093 2021
f 2098 2021 2099
f 2099 2021 2112
f 2018 2021 2266
f 2266 2021 2093
f 2251 2289 2252
f 2252 2289 2288
f 1997 2151 2226
f 2226 2151 2222
f 2206 2221 2220
f 2220 2221 2219
f 2269 2048 2139
f 2139 2048 2137
f 2159 2158 2281
f 2281 2158 2218
f 2156 2155 2190
f 2190 2155 2191
f 1974 1965 1583
f 1583 1965 1751
f 2088 2027 2089
f 2089 2027 2026
f 2030 2159 2031
f 2031 2159 2281
f 2106 2149 2102
f 2102 2149 2090
f 2287 1936 2106
f 2106 1936 2149
f 2293 2154 2294
f 2294 2154 2153
f 2021 2020 2112
f 2247 2295 2278
f 2278 2295 2292
f 2284 2296 2283
f 2283 2296 2297
f 2298 2296 2274
f 2274 2296 2284
f 2273 2299 2274
f 2274 2299 2298
f 2246 2300 2273
f 2273 2300 2299
f 2283 2297 2216
f 2216 2297 2301
f 2216 2301 2217
f 2217 2301 2302
f 2302 2303 2217
f 2217 2303 2282
f 2304 2301 2305
f 2305 2301 2297
f 2307 2308 2306
f 2306 2308 2309
f 2306 2310 2307
f 2307 2310 2311
f 2307 2312 2308
f 2308 2312 2313
f 2314 2315 2312
f 2312 2315 2316
f 2316 2317 2312
f 2312 2317 2313
f 2317 2305 2313
f 2313 2305 2318
f 2314 2312 2311
f 2311 2312 2307
f 2319 2320 2322
f 2322 2320 2321
f 2322 2311 2319
f 2319 2311 2310
f 2313 2318 2308
f 2308 2318 2309
f 2296 2298 2318
f 2318 2298 2309
f 2309 2298 2323
f 2323 2298 2299
f 2306 2309 2324
f 2324 2309 2323
f 2310 2306 2325
f 2325 2306 2324
f 2296 2318 2297
f 2297 2318 2305
f 2319 2310 2326
f 2326 2310 2325
f 2328 2325 2327
f 2327 2325 2324
f 2325 2328 2326
f 2326 2328 2329
f 2331 2328 2330
f 2330 2328 2327
f 2332 2333 2327
f 2327 2333 2330
f 2328 2331 2329
f 2329 2331 2334
f 2324 2323 2327
f 2327 2323 2332
f 2300 2332 2299
f 2299 2332 2323
f 2326 2335 2319
f 2319 2335 2320
f 2305 2317 2336
f 2336 2317 2316
f 2336 2316 2337
f 2337 2316 2315
f 2338 2304 2336
f 2336 2304 2305
f 2337 2339 2336
f 2336 2339 2338
f 2337 2315 2341
f 2341 2315 2340
f 2342 2300 2234
f 2234 2300 2246
f 2303 2343 2282
f 2282 2343 2233
f 2234 2233 2342
f 2342 2233 2343
f 2342 2343 2333
f 2333 2343 2344
f 2333 2344 2330
f 2330 2344 2345
f 2346 2344 2303
f 2303 2344 2343
f 2332 2300 2333
f 2333 2300 2342
f 2347 2346 2302
f 2302 2346 2303
f 2301 2304 2302
f 2302 2304 2347
f 2304 2338 2347
f 2347 2338 2348
f 2348 2349 2347
f 2347 2349 2346
f 2350 2351 2348
f 2348 2351 2349
f 2349 2345 2346
f 2346 2345 2344
f 2345 2349 2352
f 2352 2349 2351
f 2338 2339 2348
f 2348 2339 2350
f 2350 2339 2353
f 2353 2339 2354
f 2356 2357 2355
f 2355 2357 2353
f 2351 2350 2357
f 2357 2350 2353
f 2353 2354 2355
f 2355 2354 2335
f 2320 2335 2341
f 2341 2335 2354
f 2339 2337 2354
f 2354 2337 2341
f 2352 2331 2345
f 2345 2331 2330
f 2356 2334 2352
f 2352 2334 2331
f 2356 2352 2357
f 2357 2352 2351
f 2355 2329 2356
f 2356 2329 2334
f 2335 2326 2355
f 2355 2326 2329
f 2321 2314 2322
f 2322 2314 2311
f 2321 2320 2340
f 2340 2320 2341
f 2315 2314 2340
f 2340 2314 2321
f 2125 2260 2126
f 2126 2260 2259
f 2157 2160 2129
f 2129 2160 2130
f 2188 2163 2187
f 2187 2163 2162
f 2182 2166 2188
f 2188 2166 2163
f 2180 2169 2263
f 2263 2169 2168
f 2160 2187 2130
f 2130 2187 2162
f 2275 2260 2262
f 2262 2260 2125
f 2128 2263 2129
f 2129 2263 2168
f 2262 2205 2169
f 2169 2205 2170
f 2165 2166 2259
f 2259 2166 2126
f 2359 2360 2358
f 2358 2360 2361
f 2363 2364 2362
f 2362 2364 2365
f 2367 2363 2366
f 2366 2363 2362
f 2368 2369 2371
f 2371 2369 2370
f 2372 2373 2248
f 2248 2373 2059
f 2364 2374 2365
f 2365 2374 2375
f 2377 2378 2376
f 2376 2378 2379
f 2290 2380 2223
f 2223 2380 2381
f 2223 2381 2264
f 2264 2381 2382
f 2384 2385 2383
f 2383 2385 2386
f 2364 2371 2374
f 2374 2371 2387
f 2059 2373 2290
f 2290 2373 2380
f 2378 2360 2379
f 2379 2360 2388
f 2374 2387 2359
f 2359 2387 2389
f 2390 2367 2386
f 2386 2367 2391
f 2393 2394 2392
f 2392 2394 2395
f 2386 2391 2383
f 2383 2391 2396
f 2367 2366 2391
f 2391 2366 2397
f 2363 2367 2368
f 2368 2367 2390
f 2398 2399 2361
f 2361 2399 2358
f 2399 2400 2358
f 2358 2400 2375
f 2390 2401 2368
f 2368 2401 2369
f 2372 2384 2376
f 2376 2384 2383
f 2374 2359 2375
f 2375 2359 2358
f 2402 2403 2365
f 2365 2403 2362
f 2359 2389 2360
f 2360 2389 2388
f 2364 2363 2371
f 2371 2363 2368
f 2405 2398 2404
f 2404 2398 2361
f 2392 2395 2406
f 2406 2395 2397
f 2377 2396 2394
f 2394 2396 2395
f 2394 2393 2404
f 2404 2393 2405
f 2396 2377 2383
f 2383 2377 2376
f 2406 2397 2407
f 2407 2397 2366
f 2400 2402 2375
f 2375 2402 2365
f 2385 2270 2401
f 2401 2270 2271
f 2403 2407 2362
f 2362 2407 2366
f 2371 2370 2387
f 2387 2370 2382
f 2391 2397 2396
f 2396 2397 2395
f 2378 2377 2404
f 2404 2377 2394
f 2360 2378 2361
f 2361 2378 2404
f 2407 2408 2406
f 2406 2408 2409
f 2410 2408 2403
f 2403 2408 2407
f 2411 2410 2402
f 2402 2410 2403
f 2412 2411 2400
f 2400 2411 2402
f 2406 2409 2392
f 2392 2409 2413
f 2392 2413 2393
f 2393 2413 2414
f 2415 2405 2414
f 2414 2405 2393
f 2416 2413 2417
f 2417 2413 2409
f 2419 2420 2418
f 2418 2420 2421
f 2420 2422 2421
f 2421 2422 2423
f 2420 2424 2422
f 2422 2424 2425
f 2426 2427 2424
f 2424 2427 2428
f 2428 2429 2424
f 2424 2429 2425
f 2426 2424 2419
f 2419 2424 2420
f 2419 2418 2431
f 2431 2418 2430
f 2425 2432 2422
f 2422 2432 2423
f 2408 2410 2432
f 2432 2410 2423
f 2423 2410 2433
f 2433 2410 2411
f 2421 2423 2434
f 2434 2423 2433
f 2435 2418 2434
f 2434 2418 2421
f 2429 2417 2425
f 2425 2417 2432
f 2408 2432 2409
f 2409 2432 2417
f 2418 2435 2430
f 2430 2435 2436
f 2438 2435 2437
f 2437 2435 2434
f 2435 2438 2436
f 2436 2438 2439
f 2441 2438 2440
f 2440 2438 2437
f 2442 2443 2437
f 2437 2443 2440
f 2439 2438 2444
f 2444 2438 2441
f 2433 2442 2434
f 2434 2442 2437
f 2412 2442 2411
f 2411 2442 2433
f 2436 2445 2430
f 2430 2445 2446
f 2430 2446 2431
f 2431 2446 2447
f 2417 2429 2448
f 2448 2429 2428
f 2427 2449 2428
f 2428 2449 2448
f 2450 2416 2448
f 2448 2416 2417
f 2451 2450 2449
f 2449 2450 2448
f 2427 2452 2449
f 2449 2452 2453
f 2447 2446 2452
f 2452 2446 2453
f 2454 2412 2399
f 2399 2412 2400
f 2415 2455 2405
f 2405 2455 2398
f 2399 2398 2454
f 2454 2398 2455
f 2454 2455 2443
f 2443 2455 2456
f 2443 2456 2440
f 2440 2456 2457
f 2458 2456 2415
f 2415 2456 2455
f 2443 2442 2454
f 2454 2442 2412
f 2459 2458 2414
f 2414 2458 2415
f 2413 2416 2414
f 2414 2416 2459
f 2459 2416 2460
f 2460 2416 2450
f 2460 2461 2459
f 2459 2461 2458
f 2462 2463 2460
f 2460 2463 2461
f 2461 2457 2458
f 2458 2457 2456
f 2457 2461 2464
f 2464 2461 2463
f 2451 2462 2450
f 2450 2462 2460
f 2462 2451 2465
f 2465 2451 2466
f 2468 2469 2467
f 2467 2469 2465
f 2463 2462 2469
f 2469 2462 2465
f 2465 2466 2467
f 2467 2466 2445
f 2446 2445 2453
f 2453 2445 2466
f 2451 2449 2466
f 2466 2449 2453
f 2464 2441 2457
f 2457 2441 2440
f 2468 2444 2464
f 2464 2444 2441
f 2468 2464 2469
f 2469 2464 2463
f 2467 2439 2468
f 2468 2439 2444
f 2445 2436 2467
f 2467 2436 2439
f 2447 2426 2431
f 2431 2426 2419
f 2427 2426 2452
f 2452 2426 2447
f 2369 2179 2370
f 2370 2179 2178
f 2376 2379 2372
f 2372 2379 2373
f 2389 2381 2388
f 2388 2381 2380
f 2387 2382 2389
f 2389 2382 2381
f 2270 2385 2277
f 2277 2385 2384
f 2379 2388 2373
f 2373 2388 2380
f 2401 2271 2369
f 2369 2271 2179
f 2248 2277 2372
f 2372 2277 2384
f 2401 2390 2385
f 2385 2390 2386
f 2264 2382 2178
f 2178 2382 2370
f 2215 2134 2271
f 2271 2134 2179
f 2005 2000 2199
f 2199 2000 2215
f 2004 2001 2005
f 2005 2001 2000
f 2200 2214 2004
f 2004 2214 2001
f 2470 2471 2473
f 2473 2471 2472
f 2475 2476 2474
f 2474 2476 2477
f 2479 2475 2478
f 2478 2475 2474
f 2481 2482 2480
f 2480 2482 2483
f 2476 2484 2477
f 2477 2484 2485
f 2487 2488 2486
f 2486 2488 2489
f 2133 2490 2058
f 2058 2490 2491
f 2058 2491 2247
f 2247 2491 2492
f 2494 2495 2493
f 2493 2495 2496
f 2476 2483 2484
f 2484 2483 2497
f 2472 2498 2488
f 2488 2498 2489
f 2484 2497 2471
f 2471 2497 2499
f 2500 2479 2496
f 2496 2479 2501
f 2502 2503 2505
f 2505 2503 2504
f 2496 2501 2493
f 2493 2501 2506
f 2479 2478 2501
f 2501 2478 2507
f 2475 2479 2480
f 2480 2479 2500
f 2508 2509 2473
f 2473 2509 2470
f 2509 2510 2470
f 2470 2510 2485
f 2511 2481 2500
f 2500 2481 2480
f 2512 2494 2486
f 2486 2494 2493
f 2485 2484 2470
f 2470 2484 2471
f 2513 2514 2477
f 2477 2514 2474
f 2471 2499 2472
f 2472 2499 2498
f 2476 2475 2483
f 2483 2475 2480
f 2516 2508 2515
f 2515 2508 2473
f 2502 2505 2517
f 2517 2505 2507
f 2504 2487 2505
f 2505 2487 2506
f 2503 2516 2504
f 2504 2516 2515
f 2506 2487 2493
f 2493 2487 2486
f 2517 2507 2518
f 2518 2507 2478
f 2510 2513 2485
f 2485 2513 2477
f 2511 2495 2293
f 2293 2495 2154
f 2514 2518 2474
f 2474 2518 2478
f 2483 2482 2497
f 2497 2482 2492
f 2501 2507 2506
f 2506 2507 2505
f 2488 2487 2515
f 2515 2487 2504
f 2472 2488 2473
f 2473 2488 2515
f 2518 2519 2517
f 2517 2519 2520
f 2521 2519 2514
f 2514 2519 2518
f 2522 2521 2513
f 2513 2521 2514
f 2523 2522 2510
f 2510 2522 2513
f 2517 2520 2502
f 2502 2520 2524
f 2502 2524 2503
f 2503 2524 2525
f 2525 2526 2503
f 2503 2526 2516
f 2527 2524 2528
f 2528 2524 2520
f 2530 2531 2529
f 2529 2531 2532
f 2531 2533 2532
f 2532 2533 2534
f 2531 2535 2533
f 2533 2535 2536
f 2537 2538 2535
f 2535 2538 2539
f 2539 2540 2535
f 2535 2540 2536
f 2537 2535 2530
f 2530 2535 2531
f 2529 2541 2530
f 2530 2541 2542
f 2543 2534 2536
f 2536 2534 2533
f 2519 2521 2543
f 2543 2521 2534
f 2534 2521 2544
f 2544 2521 2522
f 2532 2534 2545
f 2545 2534 2544
f 2529 2532 2546
f 2546 2532 2545
f 2536 2540 2543
f 2543 2540 2528
f 2519 2543 2520
f 2520 2543 2528
f 2541 2529 2547
f 2547 2529 2546
f 2548 2549 2545
f 2545 2549 2546
f 2549 2550 2546
f 2546 2550 2547
f 2551 2552 2548
f 2548 2552 2549
f 2548 2553 2551
f 2551 2553 2554
f 2550 2549 2555
f 2555 2549 2552
f 2545 2544 2548
f 2548 2544 2553
f 2523 2553 2522
f 2522 2553 2544
f 2547 2556 2541
f 2541 2556 2557
f 2541 2557 2542
f 2542 2557 2558
f 2528 2540 2559
f 2559 2540 2539
f 2538 2560 2539
f 2539 2560 2559
f 2561 2527 2559
f 2559 2527 2528
f 2560 2562 2559
f 2559 2562 2561
f 2560 2538 2564
f 2564 2538 2563
f 2558 2557 2563
f 2563 2557 2564
f 2565 2523 2509
f 2509 2523 2510
f 2526 2566 2516
f 2516 2566 2508
f 2509 2508 2565
f 2565 2508 2566
f 2565 2566 2554
f 2554 2566 2567
f 2554 2567 2551
f 2551 2567 2568
f 2569 2567 2526
f 2526 2567 2566
f 2553 2523 2554
f 2554 2523 2565
f 2570 2569 2525
f 2525 2569 2526
f 2524 2527 2525
f 2525 2527 2570
f 2527 2561 2570
f 2570 2561 2571
f 2571 2572 2570
f 2570 2572 2569
f 2573 2574 2571
f 2571 2574 2572
f 2572 2568 2569
f 2569 2568 2567
f 2568 2572 2575
f 2575 2572 2574
f 2562 2573 2561
f 2561 2573 2571
f 2573 2562 2576
f 2576 2562 2577
f 2579 2580 2578
f 2578 2580 2576
f 2574 2573 2580
f 2580 2573 2576
f 2576 2577 2578
f 2578 2577 2556
f 2557 2556 2564
f 2564 2556 2577
f 2562 2560 2577
f 2577 2560 2564
f 2575 2552 2568
f 2568 2552 2551
f 2579 2555 2575
f 2575 2555 2552
f 2579 2575 2580
f 2580 2575 2574
f 2550 2555 2578
f 2578 2555 2579
f 2556 2547 2578
f 2578 2547 2550
f 2558 2537 2542
f 2542 2537 2530
f 2538 2537 2563
f 2563 2537 2558
f 2292 2295 2481
f 2481 2295 2482
f 2486 2489 2512
f 2512 2489 2581
f 2499 2491 2498
f 2498 2491 2490
f 2497 2492 2499
f 2499 2492 2491
f 2155 2154 2494
f 2494 2154 2495
f 2581 2489 2490
f 2490 2489 2498
f 2293 2292 2511
f 2511 2292 2481
f 2191 2155 2512
f 2512 2155 2494
f 2500 2496 2511
f 2511 2496 2495
f 2247 2492 2295
f 2295 2492 2482
f 2583 2584 2582
f 2582 2584 2585
f 2587 2588 2586
f 2586 2588 2589
f 2591 2587 2590
f 2590 2587 2586
f 2593 2594 2592
f 2592 2594 2595
f 2596 2597 2599
f 2599 2597 2598
f 2588 2600 2589
f 2589 2600 2601
f 2602 2603 2605
f 2605 2603 2604
f 2606 2607 2609
f 2609 2607 2608
f 2609 2608 2190
f 2190 2608 2610
f 2611 2612 2614
f 2614 2612 2613
f 2600 2588 2615
f 2615 2588 2595
f 2599 2598 2606
f 2606 2598 2607
f 2584 2616 2604
f 2604 2616 2605
f 2600 2615 2583
f 2583 2615 2617
f 2591 2619 2618
f 2618 2619 2614
f 2621 2622 2620
f 2620 2622 2623
f 2619 2624 2614
f 2614 2624 2611
f 2591 2590 2619
f 2619 2590 2625
f 2587 2591 2592
f 2592 2591 2618
f 2626 2627 2585
f 2585 2627 2582
f 2627 2628 2582
f 2582 2628 2601
f 2629 2593 2618
f 2618 2593 2592
f 2602 2597 2611
f 2611 2597 2612
f 2600 2583 2601
f 2601 2583 2582
f 2630 2631 2589
f 2589 2631 2586
f 2583 2617 2584
f 2584 2617 2616
f 2588 2587 2595
f 2595 2587 2592
f 2633 2626 2632
f 2632 2626 2585
f 2620 2623 2634
f 2634 2623 2625
f 2622 2603 2623
f 2623 2603 2624
f 2621 2633 2622
f 2622 2633 2632
f 2611 2624 2602
f 2602 2624 2603
f 2634 2625 2635
f 2635 2625 2590
f 2628 2630 2601
f 2601 2630 2589
f 2613 2195 2629
f 2629 2195 2194
f 2631 2635 2586
f 2586 2635 2590
f 2595 2594 2615
f 2615 2594 2610
f 2619 2625 2624
f 2624 2625 2623
f 2632 2604 2622
f 2622 2604 2603
f 2585 2584 2632
f 2632 2584 2604
f 2635 2636 2634
f 2634 2636 2637
f 2638 2636 2631
f 2631 2636 2635
f 2639 2638 2630
f 2630 2638 2631
f 2640 2639 2628
f 2628 2639 2630
f 2634 2637 2620
f 2620 2637 2641
f 2620 2641 2621
f 2621 2641 2642
f 2642 2643 2621
f 2621 2643 2633
f 2641 2637 2644
f 2644 2637 2645
f 2646 2647 2649
f 2649 2647 2648
f 2648 2650 2649
f 2649 2650 2651
f 2648 2652 2650
f 2650 2652 2653
f 2652 2654 2656
f 2656 2654 2655
f 2656 2657 2652
f 2652 2657 2653
f 2654 2652 2647
f 2647 2652 2648
f 2647 2646 2659
f 2659 2646 2658
f 2660 2651 2653
f 2653 2651 2650
f 2636 2638 2660
f 2660 2638 2651
f 2651 2638 2661
f 2661 2638 2639
f 2651 2661 2649
f 2649 2661 2662
f 2663 2646 2662
f 2662 2646 2649
f 2653 2657 2660
f 2660 2657 2645
f 2636 2660 2637
f 2637 2660 2645
f 2646 2663 2658
f 2658 2663 2664
f 2665 2666 2662
f 2662 2666 2663
f 2666 2667 2663
f 2663 2667 2664
f 2668 2669 2665
f 2665 2669 2666
f 2665 2670 2668
f 2668 2670 2671
f 2667 2666 2672
f 2672 2666 2669
f 2662 2661 2665
f 2665 2661 2670
f 2640 2670 2639
f 2639 2670 2661
f 2673 2674 2664
f 2664 2674 2658
f 2658 2674 2659
f 2659 2674 2675
f 2645 2657 2676
f 2676 2657 2656
f 2677 2676 2655
f 2655 2676 2656
f 2676 2678 2645
f 2645 2678 2644
f 2677 2679 2676
f 2676 2679 2678
f 2655 2680 2677
f 2677 2680 2681
f 2675 2674 2680
f 2680 2674 2681
f 2682 2640 2627
f 2627 2640 2628
f 2643 2683 2633
f 2633 2683 2626
f 2682 2627 2683
f 2683 2627 2626
f 2683 2684 2682
f 2682 2684 2671
f 2684 2685 2671
f 2671 2685 2668
f 2686 2684 2643
f 2643 2684 2683
f 2670 2640 2671
f 2671 2640 2682
f 2687 2686 2642
f 2642 2686 2643
f 2642 2641 2687
f 2687 2641 2644
f 2687 2644 2688
f 2688 2644 2678
f 2688 2689 2687
f 2687 2689 2686
f 2690 2691 2688
f 2688 2691 2689
f 2689 2685 2686
f 2686 2685 2684
f 2685 2689 2692
f 2692 2689 2691
f 2679 2690 2678
f 2678 2690 2688
f 2690 2679 2693
f 2693 2679 2694
f 2696 2697 2695
f 2695 2697 2693
f 2691 2690 2697
f 2697 2690 2693
f 2693 2694 2695
f 2695 2694 2673
f 2674 2673 2681
f 2681 2673 2694
f 2679 2677 2694
f 2694 2677 2681
f 2685 2692 2668
f 2668 2692 2669
f 2696 2672 2692
f 2692 2672 2669
f 2696 2692 2697
f 2697 2692 2691
f 2695 2667 2696
f 2696 2667 2672
f 2673 2664 2695
f 2695 2664 2667
f 2675 2654 2659
f 2659 2654 2647
f 2655 2654 2680
f 2680 2654 2675
f 2291 2156 2593
f 2593 2156 2594
f 2597 2602 2598
f 2598 2602 2605
f 2616 2617 2607
f 2607 2617 2608
f 2615 2610 2617
f 2617 2610 2608
f 2597 2596 2612
f 2612 2596 2698
f 2598 2605 2607
f 2607 2605 2616
f 2194 2291 2629
f 2629 2291 2593
f 2629 2618 2613
f 2613 2618 2614
f 2190 2610 2156
f 2156 2610 2594
f 2700 2010 2699
f 2699 2010 2086
f 2267 2701 2116
f 2116 2701 2702
f 2116 2702 2117
f 2117 2702 2703
f 2704 2705 2250
f 2250 2705 2254
f 2011 2706 2267
f 2267 2706 2701
f 2699 2086 2707
f 2707 2086 2289
f 2010 2700 2011
f 2011 2700 2706
f 2708 2707 2251
f 2251 2707 2289
f 2703 2704 2117
f 2117 2704 2250
f 2705 2708 2254
f 2254 2708 2251
f 2709 2710 2708
f 2708 2710 2707
f 2711 2709 2705
f 2705 2709 2708
f 2712 2711 2704
f 2704 2711 2705
f 2713 2712 2703
f 2703 2712 2704
f 2707 2710 2699
f 2699 2710 2714
f 2699 2714 2700
f 2700 2714 2715
f 2716 2706 2715
f 2715 2706 2700
f 2714 2710 2717
f 2717 2710 2718
f 2720 2721 2719
f 2719 2721 2722
f 2721 2723 2722
f 2722 2723 2724
f 2721 2725 2723
f 2723 2725 2726
f 2727 2728 2725
f 2725 2728 2726
f 2729 2725 2720
f 2720 2725 2721
f 2731 2729 2730
f 2730 2729 2720
f 2719 2732 2720
f 2720 2732 2730
f 2726 2733 2723
f 2723 2733 2724
f 2709 2711 2733
f 2733 2711 2724
f 2724 2711 2734
f 2734 2711 2712
f 2722 2724 2735
f 2735 2724 2734
f 2719 2722 2736
f 2736 2722 2735
f 2726 2728 2733
f 2733 2728 2718
f 2709 2733 2710
f 2710 2733 2718
f 2732 2719 2737
f 2737 2719 2736
f 2738 2739 2735
f 2735 2739 2736
f 2739 2740 2736
f 2736 2740 2737
f 2741 2742 2738
f 2738 2742 2739
f 2738 2743 2741
f 2741 2743 2744
f 2740 2739 2745
f 2745 2739 2742
f 2735 2734 2738
f 2738 2734 2743
f 2713 2743 2712
f 2712 2743 2734
f 2737 2746 2732
f 2732 2746 2747
f 2732 2747 2730
f 2730 2747 2731
f 2718 2728 2748
f 2748 2728 2727
f 2749 2750 2727
f 2727 2750 2748
f 2748 2751 2718
f 2718 2751 2717
f 2750 2752 2748
f 2748 2752 2751
f 2750 2749 2754
f 2754 2749 2753
f 2731 2747 2753
f 2753 2747 2754
f 2727 2725 2749
f 2749 2725 2729
f 2749 2729 2753
f 2753 2729 2731
f 2702 2755 2703
f 2703 2755 2713
f 2706 2716 2701
f 2701 2716 2756
f 2755 2702 2756
f 2756 2702 2701
f 2756 2757 2755
f 2755 2757 2744
f 2757 2758 2744
f 2744 2758 2741
f 2759 2757 2716
f 2716 2757 2756
f 2743 2713 2744
f 2744 2713 2755
f 2760 2759 2715
f 2715 2759 2716
f 2715 2714 2760
f 2760 2714 2717
f 2760 2717 2761
f 2761 2717 2751
f 2761 2762 2760
f 2760 2762 2759
f 2763 2764 2761
f 2761 2764 2762
f 2762 2758 2759
f 2759 2758 2757
f 2758 2762 2765
f 2765 2762 2764
f 2752 2763 2751
f 2751 2763 2761
f 2763 2752 2766
f 2766 2752 2767
f 2768 2769 2766
f 2766 2769 2770
f 2764 2763 2770
f 2770 2763 2766
f 2766 2767 2768
f 2768 2767 2746
f 2747 2746 2754
f 2754 2746 2767
f 2752 2750 2767
f 2767 2750 2754
f 2758 2765 2741
f 2741 2765 2742
f 2769 2745 2765
f 2765 2745 2742
f 2769 2765 2770
f 2770 2765 2764
f 2768 2740 2769
f 2769 2740 2745
f 2746 2737 2768
f 2768 2737 2740
f 2201 2212 2200
f 2200 2212 2214
f 2201 2202 2212
f 2212 2202 2185
f 2512 2581 2191
f 2191 2581 2192
f 2059 2290 2056
f 2056 2290 2272
f 2174 2199 2294
f 2294 2199 2278
f 2063 2175 2194
f 2194 2175 2291
f 2192 2581 2133
f 2133 2581 2490
f 2133 2132 2192
f 2192 2132 2189
f 2054 2276 2055
f 2055 2276 2138
f 2083 2279 2084
f 2084 2279 2771
f 2771 2279 2599
f 2599 2279 2596
f 2606 2772 2599
f 2599 2772 2771
f 2772 2773 2771
f 2771 2773 2084
f 2773 2774 2084
f 2084 2774 2085
f 2085 2775 2082
f 2082 2775 2144
f 2774 2078 2085
f 2085 2078 2775
f 2078 2774 2079
f 2079 2774 2776
f 2774 2773 2776
f 2776 2773 2777
f 2773 2772 2777
f 2777 2772 2778
f 2190 2189 2609
f 2609 2189 2778
f 2053 2052 2779
f 2779 2052 2181
f 2144 2775 2081
f 2081 2775 2078
f 2294 2153 2174
f 2174 2153 2175
f 2132 2276 2189
f 2189 2276 2778
f 2606 2609 2772
f 2772 2609 2778
f 2195 2613 2698
f 2698 2613 2612
f 2596 2279 2698
f 2698 2279 2195
f 2054 2777 2276
f 2276 2777 2778
f 2777 2054 2776
f 2776 2054 2053
f 2053 2779 2776
f 2776 2779 2079
f 2779 2181 2079
f 2079 2181 2080
f 2181 2239 2080
f 2080 2239 2240
f 2122 2256 2014
f 2042 1982 2076
f 2076 1982 2007
f 1982 1985 2007
f 2007 1985 2008
f 2095 2097 2265
f 2265 2097 2266
f 2076 2050 2042
f 2042 2050 2047
f 2046 2043 2047
f 2047 2043 2042
f 2118 1993 2046
f 2046 1993 2043
f 1995 1994 2118
f 2118 1994 1993
f 2267 1992 2011
f 2011 1992 2012
f 1997 2012 1994
f 1994 2012 1992
f 2226 2013 1997
f 1997 2013 2012
f 2225 2087 2226
f 2226 2087 2013
f 2225 2232 2087
f 2087 2232 2288
f 2232 2070 2288
f 2288 2070 2252
f 2070 2025 2252
f 2252 2025 2253
f 1988 2249 2025
f 2025 2249 2253
f 2116 2115 2267
f 2267 2115 2268
f 2096 1984 2237
f 2237 1984 1991
f 2095 1985 2096
f 2096 1985 1984
f 2265 2008 2095
f 2095 2008 1985
f 2092 2009 2265
f 2265 2009 2008
f 2091 2286 2092
f 2092 2286 2009
f 2255 2238 2091
f 2091 2238 2286
f 2256 2239 2255
f 2255 2239 2238
f 2122 2240 2256
f 2256 2240 2239
f 2121 2241 2122
f 2122 2241 2240
f 2022 2018 2097
f 2097 2018 2266
f 2022 2024 2018
f 2018 2024 2019
f 2024 2072 2019
f 2019 2072 2073
f 2072 2228 2073
f 2073 2228 2230
f 2228 2184 2230
f 2230 2184 2183
f 2121 2285 2241
f 2241 2285 2258
f 2285 2036 2258
f 2258 2036 2257
f 2177 2145 2193
f 2193 2145 2257
f 2173 2193 2196
f 2196 2193 2037
f 2036 2037 2257
f 2257 2037 2193
f 2196 2037 2066
f 2066 2037 2035
f 2061 2108 2034
f 2034 2108 2067
f 2108 2208 2067
f 2067 2208 2204
f 2208 2210 2204
f 2204 2210 2203
f 2210 2280 2203
f 2203 2280 2186
f 2183 2186 2235
f 2235 2186 2280
f 1987 2114 1988
f 1988 2114 2249
f 2237 2115 1987
f 1987 2115 2114
f 1991 2268 2237
f 2237 2268 2115
f 1991 1990 2268
f 2268 1990 1992
f 107 110 2781
f 2781 110 2780
f 117 2782 118
f 118 2782 2783
f 119 2784 120
f 120 2784 2785
f 125 2786 126
f 126 2786 2787
f 127 2788 128
f 128 2788 2789
f 127 132 2788
f 2788 132 2790
f 231 230 2792
f 2792 230 2791
f 118 2783 119
f 119 2783 2784
f 241 243 2794
f 2794 243 2793
f 2781 2795 107
f 107 2795 352
f 120 2785 437
f 437 2785 2796
f 126 2787 110
f 110 2787 2780
f 455 2797 456
f 456 2797 2798
f 128 2789 457
f 457 2789 2799
f 456 2798 117
f 117 2798 2782
f 2794 2797 241
f 241 2797 455
f 457 2799 125
f 125 2799 2786
f 132 231 2790
f 2790 231 2792
f 230 437 2791
f 2791 437 2796
f 2792 2789 2790
f 2790 2789 2788
f 2785 2784 2801
f 2801 2784 2800
f 2786 2802 2787
f 2787 2802 2803
f 2792 2791 2805
f 2805 2791 2804
f 2784 2783 2800
f 2800 2783 2806
f 2785 2801 2796
f 2796 2801 2807
f 2787 2803 2780
f 2780 2803 2808
f 2789 2809 2799
f 2799 2809 2810
f 2799 2810 2786
f 2786 2810 2802
f 2791 2796 2804
f 2804 2796 2807
f 2789 2792 2809
f 2809 2792 2805
f 2812 2797 2811
f 2811 2797 2794
f 2809 2805 2810
f 2810 2805 2804
f 2810 2804 2802
f 2802 2804 2807
f 2802 2807 2803
f 2803 2807 2801
f 2808 2803 2800
f 2800 2803 2801
f 2814 699 2813
f 2813 699 698
f 2808 2815 2780
f 2780 2815 2781
f 2817 2782 2816
f 2816 2782 2798
f 2815 2818 2781
f 2781 2818 2795
f 2797 2812 2798
f 2798 2812 2816
f 2783 2782 2806
f 2806 2782 2817
f 2800 2806 2808
f 2808 2806 2815
f 2794 2793 2811
f 2811 2793 2819
f 174 201 384
f 384 201 362
f 200 1766 390
f 390 1766 1777
f 1777 1778 390
f 390 1778 398
f 1778 361 398
f 398 361 222
f 2820 2821 628
f 628 2821 629
f 1406 2820 790
f 790 2820 628
f 794 1415 1233
f 1233 1415 1234
f 1406 790 1407
f 1407 790 1312
f 1407 1312 2822
f 2822 1312 1316
f 2823 1380 1543
f 1543 1380 1379
f 1385 1738 1382
f 1382 1738 1383
f 1381 791 1382
f 1382 791 1386
f 791 794 1386
f 1386 794 1233
f 1259 1390 1260
f 1260 1390 1389
f 1905 1542 1394
f 1394 1542 1395
f 1410 1413 1397
f 1397 1413 1398
f 2821 1410 629
f 629 1410 1397
f 2823 2822 1380
f 1380 2822 1316
f 1392 1395 1378
f 1378 1395 1379
f 1738 1399 1383
f 1383 1399 1398
f 1388 1235 1389
f 1389 1235 1234
f 1393 1391 1394
f 1394 1391 1390
f 1381 1384 779
f 779 1384 780
f 1282 788 792
f 792 788 793
f 1431 1262 1432
f 1432 1262 1261
f 1400 1342 1408
f 1408 1342 1409
f 1508 1544 1411
f 1411 1544 1412
f 788 787 793
f 793 787 1414
f 2821 2820 1429
f 1429 2820 1430
f 2822 2823 1506
f 1506 2823 1507
f 778 1282 779
f 779 1282 792
f 2820 1406 1430
f 1430 1406 1409
f 1410 2821 1411
f 1411 2821 1429
f 1407 2822 1408
f 1408 2822 1506
f 1544 781 1412
f 1412 781 780
f 1260 1415 1261
f 1261 1415 1414
f 1334 2824 923
f 923 2824 924
f 2826 1268 2825
f 2825 1268 1267
f 769 1212 2827
f 2827 1212 2828
f 1492 1190 1266
f 1266 1190 1267
f 1488 2829 1489
f 1489 2829 2830
f 922 1329 923
f 923 1329 1328
f 1484 2831 1485
f 1485 2831 2832
f 1482 2833 1485
f 1485 2833 1486
f 1324 1493 1489
f 1489 1493 1490
f 1265 1491 1266
f 1266 1491 1490
f 2835 2836 2834
f 2834 2836 2837
f 1250 2838 2827
f 2827 2838 2839
f 1488 1491 2840
f 2840 1491 2841
f 1268 2826 2842
f 2842 2826 2843
f 2844 2845 1495
f 1495 2845 1496
f 1427 2847 2846
f 2846 2847 926
f 2829 1488 2848
f 2848 1488 2840
f 1329 922 2849
f 2849 922 927
f 2850 2851 768
f 768 2851 1213
f 1265 1268 2852
f 2852 1268 2842
f 1491 1265 2841
f 2841 1265 2852
f 2854 2855 2853
f 2853 2855 2856
f 2855 2857 2856
f 2856 2857 598
f 2857 2858 598
f 598 2858 595
f 2858 2859 595
f 595 2859 626
f 649 652 2860
f 2860 652 2861
f 639 642 2862
f 2862 642 2863
f 2864 705 2862
f 2862 705 639
f 2865 1418 2864
f 2864 1418 705
f 2866 2867 2865
f 2865 2867 1418
f 1760 1348 1761
f 1761 1348 2867
f 1764 2868 1197
f 1197 2868 1198
f 2869 611 2868
f 2868 611 1198
f 2870 612 2869
f 2869 612 611
f 1352 1350 944
f 944 1350 688
f 1350 1256 688
f 688 1256 685
f 1256 1255 685
f 685 1255 692
f 1255 2871 692
f 692 2871 2872
f 701 2873 698
f 698 2873 2813
f 2872 1349 692
f 692 1349 693
f 1696 1744 1574
f 1574 1744 1575
f 1753 1618 1577
f 1577 1618 1578
f 1729 1594 1608
f 1608 1594 1609
f 1725 1630 1611
f 1611 1630 1612
f 1604 1607 1625
f 1625 1607 1626
f 1624 1703 1625
f 1625 1703 1912
f 1703 1702 1912
f 1912 1702 1913
f 1702 1753 1913
f 1913 1753 1577
f 1598 1569 1915
f 1915 1569 1578
f 1616 1615 1915
f 1915 1615 1916
f 1615 1696 1916
f 1916 1696 1574
f 1744 1745 1575
f 1575 1745 1917
f 1745 1565 1917
f 1917 1565 1609
f 1568 1725 1608
f 1608 1725 1611
f 2874 1613 1918
f 1918 1613 1612
f 1607 2874 1626
f 1626 2874 1918
f 1610 1613 1562
f 1562 1613 1563
f 1547 1550 1570
f 1570 1550 1571
f 1573 1576 1580
f 1580 1576 1581
f 1553 1556 1595
f 1595 1556 1596
f 1556 1582 1596
f 1596 1582 1581
f 1551 1547 1599
f 1599 1547 1570
f 1731 1914 1601
f 1601 1914 1602
f 1686 1689 1605
f 1605 1689 1606
f 1598 1743 1599
f 1599 1743 1692
f 2874 1607 1723
f 1723 1607 1606
f 1727 1553 1730
f 1730 1553 1595
f 1600 1686 1601
f 1601 1686 1605
f 1914 1572 1602
f 1602 1572 1571
f 1579 1693 1580
f 1580 1693 1692
f 1613 2874 1563
f 1563 2874 1723
f 1561 1727 1562
f 1562 1727 1730
f 1949 1742 1548
f 1548 1742 1549
f 1694 1949 1552
f 1552 1949 1548
f 1954 1589 1554
f 1554 1589 1555
f 1693 1579 1558
f 1558 1579 1559
f 1561 1564 1584
f 1584 1564 1585
f 1582 1556 1588
f 1588 1556 1555
f 1600 1603 1591
f 1591 1603 1592
f 1981 1977 1687
f 1687 1977 1688
f 1564 1722 1585
f 1585 1722 1690
f 1551 1693 1552
f 1552 1693 1558
f 1751 1954 1728
f 1728 1954 1554
f 1590 1981 1591
f 1591 1981 1687
f 1603 1550 1592
f 1592 1550 1549
f 1977 1691 1688
f 1688 1691 1690
f 1587 1560 1588
f 1588 1560 1559
f 1727 1561 1728
f 1728 1561 1584
f 2875 1919 1947
f 1947 1919 1948
f 1557 1560 1952
f 1952 1560 1953
f 1933 1932 1955
f 1955 1932 1956
f 1587 1589 1958
f 1958 1589 1956
f 1959 1933 1965
f 1965 1933 1955
f 1961 1964 1966
f 1966 1964 1967
f 1981 1590 1969
f 1969 1590 1967
f 1742 1949 1972
f 1972 1949 1948
f 1593 1742 1966
f 1966 1742 1972
f 1957 1950 1958
f 1958 1950 1953
f 1583 1586 1974
f 1974 1586 1975
f 1940 1943 1978
f 1978 1943 1979
f 1943 1976 1979
f 1979 1976 1975
f 1951 2875 1952
f 1952 2875 1947
f 1968 1940 1969
f 1969 1940 1978
f 1973 1959 1974
f 1974 1959 1965
f 1923 1971 1920
f 1920 1971 1921
f 1919 2875 1920
f 1920 2875 1924
f 2875 1951 1924
f 1924 1951 1926
f 1950 1957 1929
f 1929 1957 1930
f 2244 2243 1934
f 1934 2243 1935
f 1973 1976 1937
f 1937 1976 1938
f 1944 1980 1941
f 1941 1980 1942
f 1940 1968 1941
f 1941 1968 1945
f 2287 2244 1960
f 1960 2244 1934
f 1970 2245 1962
f 1962 2245 1963
f 2243 1931 1935
f 1935 1931 1930
f 1927 1926 1928
f 1928 1926 1929
f 1961 1922 1962
f 1962 1922 1921
f 2245 1946 1963
f 1963 1946 1945
f 1976 1943 1938
f 1938 1943 1942
f 1936 2287 1937
f 1937 2287 1960
f 743 1238 608
f 608 1238 609
f 607 1811 608
f 608 1811 744
f 1304 2876 1305
f 1305 2876 2877
f 586 585 1298
f 1298 585 1299
f 585 702 1299
f 1299 702 1300
f 702 1428 1300
f 1300 1428 1301
f 1238 586 609
f 609 586 1298
f 2878 2879 1218
f 1218 2879 2877
f 2880 2881 1812
f 1812 2881 1819
f 2883 1821 2882
f 2882 1821 1820
f 2840 2841 620
f 620 2841 621
f 2842 2843 795
f 795 2843 796
f 892 895 2844
f 2844 895 2845
f 2848 2840 942
f 942 2840 620
f 2849 927 1202
f 1202 927 1203
f 2852 2842 1270
f 1270 2842 795
f 2841 2852 621
f 621 2852 1270
f 941 1759 942
f 942 1759 2884
f 659 929 1427
f 1427 929 2847
f 1237 2851 751
f 751 2851 2850
f 1216 2885 1217
f 1217 2885 1754
f 2887 734 2886
f 2886 734 733
f 2889 1816 2888
f 2888 1816 1815
f 2890 1245 2889
f 2889 1245 1816
f 1824 2891 1825
f 1825 2891 1246
f 2892 2893 2895
f 2895 2893 2894
f 1854 1833 1851
f 1851 1833 1832
f 1851 1832 1884
f 1884 1832 1876
f 1884 1876 1441
f 1441 1876 1443
f 1441 1443 1442
f 1442 1443 1446
f 1442 1446 2896
f 2896 1446 1507
f 2897 2823 2898
f 2898 2823 1543
f 1542 2899 1543
f 1543 2899 2898
f 1542 1905 2899
f 2899 1905 2900
f 1905 1259 2900
f 2900 1259 2901
f 1262 1431 2902
f 2902 1431 1904
f 1431 1434 1904
f 1904 1434 1902
f 1902 1434 2903
f 2903 1434 719
f 2903 719 2904
f 2904 719 718
f 1869 1881 718
f 718 1881 2904
f 1881 1869 1880
f 1880 1869 756
f 1880 756 2905
f 2905 756 755
f 2905 755 2906
f 2906 755 758
f 762 2907 763
f 763 2907 2908
f 724 723 2909
f 2909 723 894
f 796 895 723
f 723 895 894
f 2843 2845 796
f 796 2845 895
f 2826 1496 2843
f 2843 1496 2845
f 2825 1497 2826
f 2826 1497 1496
f 1189 2836 2825
f 2825 2836 1497
f 797 891 798
f 798 891 2837
f 802 888 797
f 797 888 891
f 2910 2911 2913
f 2913 2911 2912
f 1780 1783 2915
f 2915 1783 2914
f 2916 2917 831
f 831 2917 832
f 2918 2919 845
f 845 2919 846
f 2920 2916 847
f 847 2916 831
f 2921 2922 857
f 857 2922 858
f 2923 2924 860
f 860 2924 861
f 2919 2912 846
f 846 2912 887
f 2925 2920 940
f 940 2920 847
f 2924 2926 861
f 861 2926 1204
f 2917 2918 832
f 832 2918 845
f 2927 2928 1449
f 1449 2928 1450
f 2929 2930 889
f 889 2930 2931
f 2896 1507 2897
f 2897 1507 2823
f 2902 2901 1262
f 1262 2901 1259
f 2932 2933 750
f 750 2933 1236
f 2933 2934 1236
f 1236 2934 1835
f 2936 2937 2935
f 2935 2937 2938
f 2940 2941 2939
f 2939 2941 2942
f 2943 2944 1841
f 1841 2944 1842
f 2945 1860 2944
f 2944 1860 1842
f 2945 2946 1860
f 1860 2946 1859
f 1889 2947 1890
f 1890 2947 1856
f 1856 2947 1857
f 1857 2947 2948
f 2950 709 2949
f 2949 709 1829
f 2952 730 2951
f 2951 730 729
f 2866 2953 2867
f 2867 2953 1761
f 2953 2954 1761
f 1761 2954 1420
f 2954 2955 1420
f 1420 2955 742
f 2955 2956 742
f 742 2956 739
f 2956 2957 739
f 739 2957 760
f 2957 2958 760
f 760 2958 761
f 2958 2959 761
f 761 2959 2960
f 2959 2961 2960
f 2960 2961 2962
f 2963 2964 1839
f 1839 2964 1840
f 2964 2965 1840
f 1840 2965 2942
f 2966 2950 2939
f 2939 2950 2949
f 2935 2967 2936
f 2936 2967 2968
f 2969 2970 736
f 736 2970 735
f 734 2887 1815
f 1815 2887 2888
f 2887 2882 2888
f 2888 2882 2881
f 1819 1820 1817
f 1817 1820 748
f 1195 1757 1197
f 1197 1757 1424
f 1757 647 1424
f 1424 647 646
f 647 648 646
f 646 648 643
f 648 1271 643
f 643 1271 737
f 1271 725 737
f 737 725 765
f 725 724 765
f 765 724 762
f 762 724 2907
f 2907 724 2909
f 1254 1437 2909
f 2909 1437 2907
f 1438 1253 1836
f 1836 1253 1835
f 1836 1835 2938
f 2938 1835 2934
f 2971 2972 2935
f 2935 2972 2967
f 897 896 2969
f 2969 896 2970
f 1815 1814 734
f 734 1814 731
f 728 1215 896
f 896 1215 732
f 2885 1216 733
f 733 1216 2886
f 1216 1219 2886
f 2886 1219 2883
f 2876 1304 1821
f 1821 1304 749
f 1304 1303 749
f 749 1303 746
f 1818 2973 1817
f 1817 2973 1810
f 747 2974 1818
f 1818 2974 2973
f 747 746 2974
f 2974 746 1303
f 2976 2977 2975
f 2975 2977 2978
f 2976 2979 2901
f 2901 2979 2900
f 2980 2981 2982
f 2982 2981 2979
f 2981 2980 2983
f 2983 2980 2984
f 2985 2897 2983
f 2983 2897 2898
f 2987 2988 2986
f 2986 2988 2985
f 2896 2988 1442
f 1442 2988 1439
f 1903 2977 1904
f 1904 2977 2902
f 1856 1855 1890
f 1890 1855 2989
f 2989 2990 1890
f 1890 2990 1359
f 2990 2991 1359
f 1359 2991 1356
f 2946 2992 1859
f 1859 2992 1893
f 2992 2993 1893
f 1893 2993 775
f 2993 2994 775
f 775 2994 776
f 2986 1356 2987
f 2987 1356 2991
f 2975 2978 776
f 776 2978 777
f 2982 2994 2980
f 2980 2994 2995
f 1357 2984 2995
f 2995 2984 2980
f 2995 2996 1357
f 1357 2996 1358
f 2996 2997 1358
f 1358 2997 1889
f 2998 2999 2932
f 2932 2999 2933
f 2999 2971 2933
f 2933 2971 2934
f 1837 1836 2937
f 2937 1836 2938
f 2943 1841 2941
f 2941 1841 1838
f 3001 2944 3000
f 3000 2944 2943
f 3001 3002 2944
f 2944 3002 2945
f 3002 3003 2945
f 2945 3003 2946
f 2997 3003 1889
f 1889 3003 2947
f 2947 3003 2948
f 2948 3003 3002
f 3001 3004 3002
f 3002 3004 2948
f 3000 3005 3001
f 3001 3005 3004
f 2940 3006 3000
f 3000 3006 3005
f 2999 3007 2971
f 2971 3007 2972
f 2998 2951 2999
f 2999 2951 3007
f 3008 2952 2998
f 2998 2952 2951
f 2966 2965 2936
f 2936 2965 2937
f 2935 2938 2971
f 2971 2938 2934
f 3003 2997 2946
f 2946 2997 2992
f 2997 2996 2992
f 2992 2996 2993
f 2996 2995 2993
f 2993 2995 2994
f 1356 2986 1357
f 1357 2986 2984
f 2982 2975 2994
f 2994 2975 776
f 1844 1843 1899
f 1899 1843 3009
f 1843 638 3009
f 3009 638 3010
f 638 637 3010
f 3010 637 3011
f 637 1830 3011
f 3011 1830 3012
f 1830 1833 3012
f 3012 1833 2894
f 1833 1854 2894
f 2894 1854 2895
f 1854 1853 2895
f 2895 1853 1888
f 1858 1857 1885
f 1885 1857 1892
f 1899 3009 1898
f 1898 3009 1874
f 3009 3010 1874
f 1874 3010 1865
f 3010 3011 1865
f 1865 3011 1862
f 3011 3012 1862
f 1862 3012 1882
f 3012 2894 1882
f 1882 2894 2893
f 1850 2890 782
f 782 2890 2889
f 783 2880 1811
f 1811 2880 1812
f 744 1810 745
f 745 1810 2973
f 745 2973 805
f 805 2973 806
f 2973 2974 806
f 806 2974 815
f 1303 812 2974
f 2974 812 815
f 1303 1302 812
f 812 1302 1221
f 1307 3013 1302
f 1302 3013 1221
f 1734 3014 1633
f 1633 3014 1634
f 1646 1649 1636
f 1636 1649 1637
f 1654 1657 1641
f 1641 1657 1642
f 1639 1736 1636
f 1636 1736 1684
f 1716 1713 1698
f 1698 1713 1699
f 1718 1721 1705
f 1705 1721 1706
f 1653 1654 1709
f 1709 1654 1641
f 1620 1623 1714
f 1714 1623 1699
f 1712 1682 1714
f 1714 1682 1740
f 1668 1671 1746
f 1746 1671 1747
f 1752 1650 1749
f 1749 1650 1750
f 1750 1650 1709
f 1709 1650 1653
f 1632 1668 1633
f 1633 1668 1746
f 1649 1752 1637
f 1637 1752 1749
f 1682 1643 1740
f 1740 1643 1642
f 3014 1685 1634
f 1634 1685 1684
f 1704 1748 1705
f 1705 1748 1747
f 1697 1707 1698
f 1698 1707 1706
f 1739 1701 1621
f 1621 1701 1622
f 1567 1566 1647
f 1647 1566 1648
f 1664 1695 1651
f 1651 1695 1652
f 1614 1617 1655
f 1655 1617 1656
f 1704 1707 1659
f 1659 1707 1660
f 3014 1734 1662
f 1662 1734 1663
f 1650 1752 1651
f 1651 1752 1665
f 1741 1657 1667
f 1667 1657 1656
f 1695 1614 1652
f 1652 1614 1655
f 1724 1567 1726
f 1726 1567 1647
f 1645 1628 1733
f 1733 1628 1663
f 1685 3014 1726
f 1726 3014 1662
f 1620 1741 1621
f 1621 1741 1667
f 1566 1666 1648
f 1648 1666 1665
f 1658 1737 1659
f 1659 1737 1901
f 1911 1661 1910
f 1910 1661 1660
f 1701 1911 1622
f 1622 1911 1910
f 1732 1748 1733
f 1733 1748 1901
f 1857 2948 1892
f 1892 2948 3004
f 1892 3004 1891
f 1891 3004 3005
f 1828 3006 1829
f 1829 3006 2949
f 2967 736 2968
f 2968 736 710
f 2972 2969 2967
f 2967 2969 736
f 2969 2972 897
f 897 2972 3007
f 897 3007 729
f 729 3007 2951
f 3016 753 3015
f 3015 753 752
f 3018 767 3017
f 3017 767 766
f 3019 3020 1249
f 1249 3020 3021
f 2915 2914 3019
f 3019 2914 3020
f 3023 2914 3022
f 3022 2914 1783
f 2827 2839 769
f 769 2839 766
f 3025 2838 3024
f 3024 2838 3021
f 768 767 2850
f 2850 767 3026
f 2850 3026 751
f 751 3026 752
f 750 753 2932
f 2932 753 3027
f 3008 2998 3027
f 3027 2998 2932
f 3028 3029 3008
f 3008 3029 2952
f 3029 3030 2952
f 2952 3030 730
f 3032 3033 3031
f 3031 3033 3034
f 3036 3037 3035
f 3035 3037 3038
f 2870 3039 612
f 612 3039 3040
f 3041 3042 3031
f 3031 3042 3038
f 3034 1352 3043
f 3043 1352 944
f 612 3040 613
f 613 3040 3044
f 613 3044 1425
f 1425 3044 1422
f 3045 3042 669
f 669 3042 670
f 3041 3043 599
f 599 3043 600
f 772 771 1544
f 1544 771 781
f 1503 771 1866
f 1866 771 770
f 771 1503 781
f 781 1503 778
f 61 281 416
f 416 281 1907
f 283 103 3046
f 3046 103 3047
f 76 79 3048
f 3048 79 3049
f 280 76 1906
f 1906 76 3048
f 3051 335 3050
f 3050 335 334
f 3053 417 3052
f 3052 417 416
f 3055 435 3054
f 3054 435 434
f 428 435 419
f 419 435 1908
f 420 1909 293
f 293 1909 443
f 79 294 3049
f 3049 294 444
f 3057 444 3056
f 3056 444 443
f 3051 3058 335
f 335 3058 452
f 216 215 1332
f 1332 215 452
f 308 283 462
f 462 283 3046
f 3050 334 3059
f 3059 334 462
f 103 62 3047
f 3047 62 417
f 313 312 434
f 434 312 463
f 3061 574 3060
f 3060 574 573
f 1310 3062 1428
f 1428 3062 3063
f 1258 3064 1255
f 1255 3064 2871
f 932 3065 2853
f 2853 3065 3066
f 699 2814 931
f 931 2814 3067
f 3068 1301 3063
f 3063 1301 1428
f 571 574 1310
f 1310 574 3062
f 3060 573 3069
f 3069 573 1332
f 3070 3071 1906
f 1906 3071 1907
f 3072 3073 1908
f 1908 3073 1909
f 3075 2814 3074
f 3074 2814 2813
f 2854 3076 1258
f 1258 3076 3064
f 2871 3077 2872
f 2872 3077 3078
f 3074 2813 3079
f 3079 2813 2873
f 2872 3078 1349
f 1349 3078 3080
f 2873 701 3068
f 3068 701 1301
f 1330 1201 3080
f 3080 1201 1349
f 1264 1263 3081
f 3081 1263 3082
f 3083 3084 3082
f 3082 3084 3081
f 811 1448 3086
f 3086 1448 3085
f 808 811 3087
f 3087 811 3086
f 3088 3083 833
f 833 3083 3082
f 884 3089 885
f 885 3089 3090
f 3087 1790 808
f 808 1790 816
f 1790 3087 1787
f 1787 3087 3091
f 3092 3091 3086
f 3086 3091 3087
f 3093 3094 3084
f 3084 3094 3095
f 3089 3096 3090
f 3090 3096 3088
f 3097 3093 3083
f 3083 3093 3084
f 3099 3100 3098
f 3098 3100 1786
f 3101 1788 2913
f 2913 1788 3102
f 838 837 885
f 885 837 886
f 886 837 3103
f 3103 837 1541
f 3094 3093 3104
f 3104 3093 3097
f 3105 3106 3089
f 3089 3106 3096
f 3108 3109 3107
f 3107 3109 3110
f 3111 3112 3091
f 3091 3112 1787
f 3114 3108 3113
f 3113 3108 3107
f 3114 3115 3112
f 3112 3115 3102
f 3091 3092 3111
f 3111 3092 3116
f 839 838 835
f 835 838 836
f 885 3090 838
f 838 3090 836
f 3110 3117 1247
f 1247 3117 3118
f 1247 3118 1248
f 1248 3118 3119
f 3120 3121 3119
f 3119 3121 1248
f 1247 844 3110
f 3110 844 3107
f 844 843 3107
f 3107 843 3113
f 843 3099 3113
f 3113 3099 3122
f 1781 3123 3098
f 3098 3123 3124
f 2915 2931 1780
f 1780 2931 2930
f 3019 3125 2915
f 2915 3125 2931
f 890 3125 2834
f 2834 3125 1252
f 3125 3019 1252
f 1252 3019 1249
f 907 908 946
f 946 908 947
f 1185 1188 1369
f 1369 1188 948
f 954 957 951
f 951 957 952
f 910 965 953
f 953 965 950
f 905 958 960
f 960 958 961
f 3126 978 949
f 949 978 962
f 936 935 967
f 967 935 968
f 994 993 969
f 969 993 966
f 902 904 971
f 971 904 972
f 983 985 973
f 973 985 970
f 906 905 974
f 974 905 960
f 977 981 959
f 959 981 975
f 911 910 1143
f 1143 910 953
f 952 957 1142
f 1142 957 1145
f 911 1143 1366
f 1366 1143 1368
f 1185 1369 1145
f 1145 1369 1142
f 993 1519 966
f 966 1519 1456
f 965 1454 950
f 950 1454 1457
f 900 899 1459
f 1459 899 1460
f 988 991 1461
f 1461 991 1458
f 899 963 1460
f 1460 963 1462
f 985 987 970
f 970 987 1463
f 904 906 972
f 972 906 974
f 981 983 975
f 975 983 973
f 935 900 968
f 968 900 1459
f 991 994 1458
f 1458 994 969
f 1154 1526 1088
f 1088 1526 1089
f 1109 1112 1092
f 1092 1112 1093
f 1083 1098 1084
f 1084 1098 1097
f 1078 1471 1100
f 1100 1471 1101
f 1075 1078 1104
f 1104 1078 1100
f 1152 1154 1156
f 1156 1154 1088
f 1156 1155 1372
f 1372 1155 1373
f 1372 1373 1104
f 1104 1373 1075
f 1467 1109 1465
f 1465 1109 1092
f 1465 1182 1468
f 1468 1182 1184
f 1474 1470 1096
f 1096 1470 1097
f 1102 1101 1083
f 1083 1101 1098
f 1112 1531 1093
f 1093 1531 1529
f 1102 1073 1099
f 1099 1073 1072
f 1526 1154 1079
f 1079 1154 1080
f 1081 1091 1082
f 1082 1091 1094
f 1069 1068 1085
f 1085 1068 1086
f 1153 1151 1080
f 1080 1151 1058
f 1371 1177 1179
f 1179 1177 1176
f 1099 1072 1103
f 1103 1072 1176
f 1068 1071 1086
f 1086 1071 1073
f 1085 1084 1180
f 1180 1084 1469
f 1066 1065 1183
f 1183 1065 1181
f 1153 1152 1177
f 1177 1152 1178
f 1091 1081 1182
f 1182 1081 1183
f 1057 1525 1079
f 1079 1525 1527
f 1120 1117 1076
f 1076 1117 1077
f 1087 1090 1107
f 1107 1090 1108
f 1127 1126 1110
f 1110 1126 1111
f 1095 1116 1096
f 1096 1116 1115
f 1471 1078 1119
f 1119 1078 1077
f 1087 1107 1155
f 1155 1107 1158
f 1376 1374 1157
f 1157 1374 1158
f 1076 1075 1374
f 1374 1075 1373
f 1109 1467 1110
f 1110 1467 1472
f 1467 1466 1472
f 1472 1466 1473
f 1135 1475 1114
f 1114 1475 1115
f 1471 1119 1095
f 1095 1119 1116
f 1126 1532 1111
f 1111 1532 1530
f 914 1276 1480
f 1480 1276 1517
f 3127 3128 1223
f 1223 3128 1224
f 824 933 1455
f 1455 933 3129
f 3131 1448 3130
f 3130 1448 1447
f 3132 3133 1452
f 1452 3133 1453
f 3130 1447 1322
f 1322 1447 1455
f 933 1514 3129
f 3129 1514 3134
f 1161 3135 1480
f 1480 3135 1481
f 3128 3136 1224
f 1224 3136 1499
f 3133 1162 1453
f 1453 1162 1517
f 1515 3127 1535
f 1535 3127 1223
f 3095 3085 3131
f 3131 3085 1448
f 3137 3092 3085
f 3085 3092 3086
f 3138 3116 3137
f 3137 3116 3092
f 3110 3109 3117
f 3117 3109 3139
f 3105 3140 3117
f 3117 3140 3118
f 3140 3141 3118
f 3118 3141 3119
f 3142 3120 3141
f 3141 3120 3119
f 1498 3143 1277
f 1277 3143 882
f 3144 3145 1340
f 1340 3145 1339
f 1340 3146 3144
f 3144 3146 3147
f 3145 3144 3143
f 3143 3144 3148
f 871 901 872
f 872 901 1362
f 3149 3148 3147
f 3147 3148 3144
f 1208 3150 1209
f 3098 1786 1781
f 1781 1786 1782
f 2930 2929 3123
f 3123 2929 2911
f 1794 1791 2916
f 2916 1791 2917
f 1793 3101 2918
f 2918 3101 2919
f 1796 1794 2920
f 2920 1794 2916
f 3151 3152 2921
f 2921 3152 2922
f 3153 3154 2923
f 2923 3154 2924
f 2919 3101 2912
f 2912 3101 2913
f 3155 1796 2925
f 2925 1796 2920
f 3154 3156 2924
f 2924 3156 2926
f 1791 1793 2917
f 2917 1793 2918
f 3157 3158 2927
f 2927 3158 2928
f 1780 2930 1781
f 1781 2930 3123
f 2825 1267 1189
f 1189 1267 1190
f 2827 2828 1250
f 1250 2828 1251
f 1489 2830 1324
f 1324 2830 1325
f 923 1328 1334
f 1334 1328 1335
f 1485 2832 1482
f 1482 2832 1483
f 1266 1490 1492
f 1492 1490 1493
f 1333 1346 1334
f 1334 1346 2824
f 722 799 1492
f 1492 799 1190
f 664 657 1482
f 1482 657 2833
f 631 634 1324
f 1324 634 1493
f 2828 1494 1251
f 1251 1494 2835
f 1249 3021 1250
f 1250 3021 2838
f 798 2837 1189
f 1189 2837 2836
f 3100 842 3160
f 3160 842 3159
f 1788 3101 1789
f 1789 3101 1793
f 1792 816 1789
f 1789 816 1790
f 817 816 1795
f 1795 816 1792
f 938 817 1797
f 1797 817 1795
f 1796 3155 1797
f 1797 3155 1798
f 3155 3158 1798
f 1798 3158 1799
f 3157 3152 1801
f 1801 3152 1802
f 3151 3156 1803
f 1803 3156 1804
f 3154 3153 1805
f 1805 3153 1806
f 3153 3161 1806
f 1806 3161 1807
f 3099 843 3100
f 3100 843 842
f 1788 1787 3102
f 3102 1787 3112
f 2910 3115 3124
f 3124 3115 3122
f 3099 3098 3122
f 3122 3098 3124
f 416 1907 3052
f 3052 1907 3071
f 3046 3047 3163
f 3163 3047 3162
f 249 445 259
f 259 445 3164
f 425 3165 424
f 424 3165 461
f 408 410 329
f 329 410 330
f 39 331 40
f 40 331 332
f 305 304 423
f 423 304 464
f 385 254 458
f 458 254 392
f 250 415 251
f 251 415 412
f 233 337 234
f 234 337 3166
f 435 3055 1908
f 1908 3055 3072
f 443 1909 3056
f 3056 1909 3073
f 3167 3049 3057
f 3057 3049 444
f 452 3058 1332
f 1332 3058 3069
f 234 3166 346
f 346 3166 411
f 3046 3163 462
f 462 3163 3059
f 259 3164 260
f 260 3164 336
f 3047 417 3162
f 3162 417 3053
f 463 3168 434
f 434 3168 3054
f 454 830 425
f 425 830 3165
f 3062 3169 3063
f 3063 3169 3170
f 1355 1354 1534
f 1534 1354 3171
f 3063 3170 3068
f 3068 3170 3172
f 574 3061 3062
f 3062 3061 3169
f 1534 3171 1535
f 1535 3171 3173
f 3079 2873 3172
f 3172 2873 3068
f 2838 3025 2839
f 2839 3025 3174
f 3176 3177 3175
f 3175 3177 3178
f 3180 1125 3179
f 3179 1125 1128
f 3182 3183 3181
f 3181 3183 3184
f 1134 3185 1130
f 1130 3185 3182
f 3186 3187 3189
f 3189 3187 3188
f 3191 3189 3190
f 3190 3189 3188
f 1137 1122 3190
f 3190 1122 3192
f 3175 3178 3193
f 3193 3178 3194
f 3181 3184 3179
f 3179 3184 3195
f 3197 3198 3196
f 3196 3198 3180
f 3200 3178 3199
f 3199 3178 3177
f 3202 3196 3201
f 3201 3196 3195
f 3204 3184 3203
f 3203 3184 3183
f 3206 3207 3205
f 3205 3207 3186
f 3205 3186 3208
f 3208 3186 3189
f 3209 3208 3191
f 3191 3208 3189
f 3210 3194 3200
f 3200 3194 3178
f 3201 3195 3204
f 3204 3195 3184
f 3197 3211 3177
f 3177 3211 3199
f 3213 3214 3212
f 3212 3214 3215
f 3217 3218 3216
f 3216 3218 3219
f 3221 3222 3220
f 3220 3222 3223
f 3225 3226 3224
f 3224 3226 3227
f 3229 3230 3228
f 3228 3230 3231
f 3233 3234 3232
f 3232 3234 3235
f 3237 3238 3236
f 3236 3238 3239
f 3238 3240 3239
f 3239 3240 3241
f 3232 3235 3242
f 3242 3235 3243
f 3245 3246 3244
f 3244 3246 3247
f 3248 3249 3245
f 3245 3249 3246
f 3251 3252 3250
f 3250 3252 3253
f 3255 3252 3254
f 3254 3252 3251
f 3256 3257 3259
f 3259 3257 3258
f 3261 3262 3260
f 3260 3262 3263
f 3265 3263 3264
f 3264 3263 3262
f 3256 3259 3266
f 3266 3259 3267
f 3269 3270 3268
f 3268 3270 3271
f 3269 3272 3270
f 3270 3272 3273
f 3274 3275 3277
f 3277 3275 3276
f 3278 3279 3276
f 3276 3279 3277
f 3281 3282 3280
f 3280 3282 3283
f 3280 3284 3281
f 3281 3284 3285
f 3287 3288 3286
f 3286 3288 3289
f 3290 3291 3288
f 3288 3291 3289
f 3234 3218 3235
f 3235 3218 3217
f 3232 3292 3233
f 3233 3292 3293
f 3239 3294 3236
f 3236 3294 3219
f 3233 3293 3237
f 3237 3293 3295
f 3296 3294 3241
f 3241 3294 3239
f 3240 3238 3297
f 3297 3238 3298
f 3217 3216 3235
f 3235 3216 3243
f 3297 3299 3240
f 3240 3299 3242
f 3246 3300 3247
f 3247 3300 3223
f 3301 3302 3254
f 3254 3302 3244
f 3249 3303 3246
f 3246 3303 3300
f 3245 3304 3248
f 3248 3304 3292
f 3252 3221 3253
f 3253 3221 3220
f 3250 3248 3299
f 3299 3248 3292
f 3222 3221 3255
f 3255 3221 3252
f 3297 3301 3251
f 3251 3301 3254
f 3258 3214 3259
f 3259 3214 3213
f 3257 3256 3304
f 3304 3256 3305
f 3263 3306 3260
f 3260 3306 3215
f 3261 3257 3302
f 3302 3257 3304
f 3307 3306 3265
f 3265 3306 3263
f 3262 3301 3264
f 3264 3301 3308
f 3259 3213 3267
f 3267 3213 3212
f 3308 3309 3264
f 3264 3309 3266
f 3270 3310 3271
f 3271 3310 3231
f 3311 3312 3278
f 3278 3312 3268
f 3270 3273 3310
f 3310 3273 3313
f 3272 3269 3305
f 3305 3269 3314
f 3277 3229 3274
f 3274 3229 3228
f 3275 3272 3309
f 3309 3272 3305
f 3279 3230 3277
f 3277 3230 3229
f 3276 3308 3278
f 3278 3308 3311
f 3281 3315 3282
f 3282 3315 3227
f 3290 3316 3283
f 3283 3316 3317
f 3281 3285 3315
f 3315 3285 3318
f 3284 3280 3314
f 3314 3280 3319
f 3289 3225 3286
f 3286 3225 3224
f 3287 3284 3312
f 3284 3314 3312
f 3291 3226 3289
f 3289 3226 3225
f 3288 3311 3290
f 3290 3311 3316
f 3212 3215 3307
f 3307 3215 3306
f 3294 3296 3219
f 3219 3296 3216
f 3303 3220 3300
f 3300 3220 3223
f 3224 3227 3318
f 3318 3227 3315
f 3228 3231 3313
f 3313 3231 3310
f 3234 3233 3236
f 3236 3233 3237
f 3243 3241 3242
f 3242 3241 3240
f 3247 3255 3244
f 3244 3255 3254
f 3253 3249 3250
f 3250 3249 3248
f 3260 3258 3261
f 3261 3258 3257
f 3266 3267 3264
f 3264 3267 3265
f 3268 3271 3278
f 3278 3271 3279
f 3274 3273 3275
f 3275 3273 3272
f 3283 3282 3290
f 3290 3282 3291
f 3286 3285 3287
f 3287 3285 3284
f 3218 3234 3219
f 3219 3234 3236
f 3295 3298 3237
f 3237 3298 3238
f 3216 3296 3243
f 3243 3296 3241
f 3242 3299 3232
f 3232 3299 3292
f 3223 3222 3247
f 3247 3222 3255
f 3244 3302 3245
f 3245 3302 3304
f 3303 3249 3220
f 3220 3249 3253
f 3297 3251 3299
f 3299 3251 3250
f 3215 3214 3260
f 3260 3214 3258
f 3301 3262 3302
f 3302 3262 3261
f 3212 3307 3267
f 3267 3307 3265
f 3266 3309 3256
f 3256 3309 3305
f 3271 3231 3279
f 3279 3231 3230
f 3268 3312 3269
f 3269 3312 3314
f 3228 3313 3274
f 3274 3313 3273
f 3308 3276 3309
f 3309 3276 3275
f 3282 3227 3291
f 3291 3227 3226
f 3317 3319 3283
f 3283 3319 3280
f 3224 3318 3286
f 3286 3318 3285
f 3312 3311 3287
f 3311 3288 3287
f 3320 3321 3194
f 3194 3321 3193
f 1375 3321 1121
f 1121 3321 3322
f 3323 3324 3322
f 3322 3324 3192
f 3175 1124 3176
f 3176 1124 1123
f 3179 3195 3180
f 3180 3195 3196
f 3181 1131 3182
f 3182 1131 1130
f 3207 3185 3186
f 3186 3185 3187
f 1136 3188 1133
f 1133 3188 3187
f 3190 3188 1137
f 1137 3188 1136
f 3193 1159 3175
f 3175 1159 1124
f 3179 1128 3181
f 3181 1128 1131
f 1533 3198 1123
f 1123 3198 3176
f 3321 1375 3193
f 3193 1375 1159
f 3321 3320 3322
f 3322 3320 3323
f 1122 1121 3192
f 3192 1121 3322
f 3194 3210 3320
f 3320 3210 3325
f 3324 3323 3327
f 3327 3323 3326
f 3320 3325 3323
f 3323 3325 3326
f 3208 3328 3205
f 3205 3328 3329
f 3330 3206 3329
f 3329 3206 3205
f 3203 3331 3204
f 3204 3331 3332
f 3210 3333 3325
f 3325 3333 3334
f 3325 3334 3326
f 3326 3334 3335
f 3327 3326 3336
f 3336 3326 3335
f 3327 3209 3324
f 3324 3209 3191
f 3190 3192 3191
f 3191 3192 3324
f 3338 3339 3337
f 3337 3339 3340
f 3338 3341 3339
f 3339 3341 3342
f 3341 3343 3342
f 3342 3343 3344
f 3343 3345 3344
f 3344 3345 3346
f 3345 3347 3346
f 3346 3347 3348
f 3347 3349 3348
f 3348 3349 3350
f 3337 3340 3351
f 3351 3340 3352
f 3351 3352 3353
f 3353 3352 3354
f 3353 3354 3355
f 3355 3354 3356
f 3350 3349 3357
f 3357 3349 3358
f 3355 3356 3359
f 3359 3356 3360
f 3359 3360 3361
f 3361 3360 3362
f 3361 3362 3363
f 3363 3362 3364
f 3363 3364 3358
f 3358 3364 3357
f 3339 3342 3365
f 3365 3342 3366
f 3342 3344 3366
f 3366 3344 3367
f 3344 3346 3367
f 3367 3346 3368
f 3346 3348 3368
f 3368 3348 3369
f 3348 3350 3369
f 3369 3350 3370
f 3368 3369 3371
f 3371 3369 3372
f 3369 3370 3372
f 3372 3370 3373
f 3373 3374 3372
f 3372 3374 3375
f 3377 3378 3376
f 3376 3378 3379
f 3377 3375 3378
f 3378 3375 3374
f 3375 3380 3372
f 3372 3380 3371
f 3377 3381 3375
f 3375 3381 3380
f 3376 3382 3377
f 3377 3382 3381
f 3384 3385 3383
f 3383 3385 3386
f 3384 3383 3388
f 3388 3383 3387
f 3388 3387 3389
f 3389 3387 3390
f 3392 3385 3391
f 3391 3385 3384
f 3388 3393 3384
f 3384 3393 3391
f 3389 3394 3388
f 3388 3394 3393
f 3389 3395 3394
f 3394 3395 3396
f 3395 3389 3397
f 3397 3389 3390
f 3339 3365 3340
f 3340 3365 3398
f 3340 3398 3352
f 3352 3398 3399
f 3371 3400 3368
f 3368 3400 3367
f 3400 3401 3367
f 3367 3401 3366
f 3366 3401 3365
f 3365 3401 3402
f 3398 3365 3403
f 3403 3365 3402
f 3398 3403 3399
f 3399 3403 3404
f 3403 3405 3404
f 3404 3405 3406
f 3352 3399 3354
f 3354 3399 3407
f 3399 3404 3407
f 3407 3404 3408
f 3404 3406 3408
f 3408 3406 3409
f 3405 3410 3406
f 3406 3410 3411
f 3410 3412 3411
f 3411 3412 3413
f 3397 3414 3395
f 3395 3414 3415
f 3417 3415 3416
f 3416 3415 3412
f 3410 3418 3412
f 3412 3418 3416
f 3410 3405 3418
f 3418 3405 3419
f 3405 3403 3419
f 3419 3403 3402
f 3370 3350 3420
f 3420 3350 3357
f 3373 3370 3421
f 3421 3370 3420
f 3374 3373 3422
f 3422 3373 3421
f 3378 3374 3423
f 3423 3374 3422
f 3378 3423 3379
f 3379 3423 3424
f 3424 3425 3379
f 3379 3425 3386
f 3383 3426 3387
f 3387 3426 3427
f 3387 3427 3390
f 3390 3427 3428
f 3390 3428 3397
f 3397 3428 3429
f 3429 3430 3397
f 3397 3430 3414
f 3411 3413 3431
f 3431 3413 3432
f 3406 3411 3409
f 3409 3411 3431
f 3401 3400 3335
f 3335 3400 3336
f 3401 3335 3402
f 3402 3335 3334
f 3402 3334 3419
f 3419 3334 3333
f 3419 3333 3418
f 3418 3333 3433
f 3418 3433 3416
f 3416 3433 3434
f 3435 3417 3434
f 3434 3417 3416
f 3394 3396 3436
f 3436 3396 3437
f 3393 3394 3332
f 3332 3394 3436
f 3393 3332 3391
f 3391 3332 3331
f 3330 3392 3331
f 3331 3392 3391
f 3382 3329 3381
f 3381 3329 3328
f 3354 3407 3356
f 3356 3407 3438
f 3356 3438 3360
f 3360 3438 3439
f 3360 3439 3362
f 3362 3439 3440
f 3362 3440 3364
f 3364 3440 3441
f 3364 3441 3357
f 3357 3441 3420
f 3421 3420 3442
f 3442 3420 3441
f 3442 3441 3443
f 3443 3441 3440
f 3443 3440 3444
f 3444 3440 3439
f 3444 3439 3445
f 3445 3439 3438
f 3445 3438 3408
f 3408 3438 3407
f 3422 3421 3446
f 3446 3421 3442
f 3446 3442 3447
f 3447 3442 3443
f 3447 3443 3448
f 3448 3443 3444
f 3448 3444 3449
f 3449 3444 3445
f 3449 3445 3409
f 3409 3445 3408
f 3409 3431 3449
f 3449 3431 3450
f 3449 3450 3448
f 3448 3450 3451
f 3451 3452 3448
f 3448 3452 3447
f 3447 3452 3446
f 3446 3452 3453
f 3446 3453 3422
f 3422 3453 3423
f 3424 3423 3454
f 3454 3423 3453
f 3452 3455 3453
f 3453 3455 3454
f 3452 3451 3455
f 3455 3451 3456
f 3450 3457 3451
f 3451 3457 3456
f 3431 3432 3450
f 3450 3432 3457
f 3454 3458 3424
f 3424 3458 3425
f 3427 3426 3459
f 3459 3426 3460
f 3428 3427 3461
f 3461 3427 3459
f 3428 3461 3429
f 3429 3461 3462
f 3462 3463 3429
f 3429 3463 3430
f 3464 3465 3462
f 3462 3465 3463
f 3455 3466 3454
f 3454 3466 3458
f 3465 3464 3466
f 3466 3464 3467
f 3461 3459 3468
f 3468 3459 3469
f 3468 3469 3464
f 3464 3469 3467
f 3464 3462 3468
f 3468 3462 3461
f 3459 3460 3469
f 3469 3460 3467
f 3295 3351 3298
f 3298 3351 3353
f 3353 3355 3298
f 3298 3355 3297
f 3297 3355 3301
f 3301 3355 3359
f 3301 3359 3308
f 3308 3359 3361
f 3308 3361 3311
f 3311 3361 3363
f 3311 3363 3316
f 3316 3363 3358
f 3316 3358 3317
f 3317 3358 3349
f 3349 3347 3317
f 3317 3347 3319
f 3347 3345 3319
f 3319 3345 3314
f 3345 3343 3314
f 3314 3343 3305
f 3343 3341 3305
f 3305 3341 3304
f 3304 3341 3292
f 3292 3341 3338
f 3292 3338 3293
f 3293 3338 3337
f 3293 3337 3295
f 3295 3337 3351
f 3437 3202 3436
f 3436 3202 3201
f 3436 3201 3332
f 3332 3201 3204
f 3433 3200 3434
f 3434 3200 3199
f 3211 3435 3199
f 3199 3435 3434
f 3333 3210 3433
f 3433 3210 3200
f 3380 3470 3371
f 3400 3371 3336
f 3336 3371 3470
f 3381 3328 3380
f 3380 3328 3470
f 3470 3328 3209
f 3209 3328 3208
f 3336 3470 3327
f 3327 3470 3209
f 1545 1763 1546
f 1546 1763 1762
f 1403 1546 773
f 773 1546 770
f 1221 3013 1220
f 1220 3013 3471
f 1305 2877 1306
f 1306 2877 2879
f 1220 3471 828
f 828 3471 829
f 1217 1754 3472
f 3472 1754 1756
f 1049 3473 1048
f 1048 3473 3474
f 1371 1179 3473
f 3473 1179 3474
f 1074 3475 1179
f 1179 3475 3474
f 3474 3475 1048
f 1048 3475 1056
f 919 666 1345
f 1345 666 665
f 856 680 919
f 919 680 666
f 679 680 1449
f 1449 680 858
f 1367 878 1500
f 1500 878 877
f 1366 908 1367
f 1367 908 878
f 1512 916 1513
f 1513 916 915
f 947 1368 948
f 948 1368 1369
f 1047 1021 1044
f 1044 1021 1020
f 1370 1049 1019
f 1019 1049 1020
f 1173 1030 1174
f 1174 1030 1033
f 3126 1188 1464
f 1464 1188 1187
f 1800 1451 1512
f 1512 1451 916
f 1175 1174 1186
f 1186 1174 1187
f 1030 1173 1047
f 1047 1173 1021
f 1513 915 3476
f 3476 915 1481
f 1345 665 3477
f 3477 665 1483
f 1502 1501 876
f 876 1501 877
f 1205 1451 1803
f 1803 1451 1802
f 3479 2832 3478
f 3478 2832 2831
f 1449 858 2927
f 2927 858 2922
f 908 1366 947
f 947 1366 1368
f 949 948 3126
f 3126 948 1188
f 3480 3135 1502
f 1502 3135 1501
f 2927 2922 3157
f 3157 2922 3152
f 3477 1483 3479
f 3479 1483 2832
f 1803 1802 3151
f 3151 1802 3152
f 663 658 664
f 664 658 657
f 655 658 939
f 939 658 706
f 1512 870 1800
f 1800 870 869
f 875 874 876
f 876 874 873
f 849 874 905
f 905 874 958
f 949 962 946
f 946 962 961
f 978 3126 979
f 979 3126 1464
f 1031 1168 1032
f 1032 1168 1022
f 1045 1013 1046
f 1046 1013 1012
f 1045 1044 1056
f 1056 1044 1048
f 1047 1046 1030
f 1030 1046 1031
f 939 706 940
f 940 706 1450
f 979 1464 1032
f 1032 1464 1033
f 3480 1478 3476
f 3476 1478 3134
f 2829 1487 2830
f 2830 1487 1486
f 848 1230 873
f 873 1230 1479
f 867 870 933
f 933 870 1514
f 1800 869 1801
f 1801 869 1799
f 2830 1486 1325
f 1325 1486 2833
f 940 1450 2925
f 2925 1450 2928
f 946 961 907
f 907 961 958
f 959 962 977
f 977 962 978
f 3476 3134 1513
f 1513 3134 1514
f 2925 2928 3155
f 3155 2928 3158
f 1325 2833 656
f 656 2833 657
f 1801 1799 3157
f 3157 1799 3158
f 1074 1055 3475
f 3475 1055 1056
f 1371 3473 1370
f 1370 3473 1049
f 2884 615 3481
f 3481 615 618
f 3478 2831 2846
f 2846 2831 617
f 2831 1484 617
f 617 1484 618
f 1484 1487 618
f 618 1487 3481
f 2848 3481 2829
f 2829 3481 1487
f 1480 1517 1161
f 1161 1517 1162
f 3129 1323 1455
f 1455 1323 1322
f 3129 3134 1323
f 1323 3134 1478
f 1535 3173 1515
f 1515 3173 1516
f 3085 3095 3137
f 3137 3095 3094
f 3137 3094 3138
f 3138 3094 3104
f 3117 3139 3105
f 3105 3139 3106
f 1138 1141 3127
f 3127 1141 3128
f 3081 3131 1264
f 1264 3131 3130
f 1227 1226 3132
f 3132 1226 3133
f 1264 3130 1229
f 1229 3130 1322
f 1160 1501 1161
f 1161 1501 3135
f 1141 1476 3128
f 3128 1476 3136
f 1226 1163 3133
f 3133 1163 1162
f 1363 1138 1515
f 1515 1138 3127
f 3084 3095 3081
f 3081 3095 3131
f 3089 884 3105
f 3105 884 3140
f 884 883 3140
f 3140 883 3141
f 883 3482 3141
f 3141 3482 3142
f 3476 1481 3480
f 3480 1481 3135
f 1502 1479 3480
f 3480 1479 1478
f 3168 463 440
f 714 1880 715
f 715 1880 2905
f 896 732 2970
f 2970 732 731
f 1263 834 3082
f 3082 834 833
f 898 1231 853
f 853 1231 854
f 3125 890 2931
f 2931 890 889
f 1237 893 2851
f 2851 893 892
f 898 853 899
f 899 853 963
f 988 987 989
f 989 987 986
f 1002 1007 1003
f 1003 1007 1006
f 1038 1036 1007
f 1007 1036 1004
f 1070 1052 1005
f 1005 1052 1006
f 1069 1067 1070
f 1070 1067 1052
f 1130 1129 1134
f 1134 1129 1135
f 879 1167 880
f 880 1167 1166
f 1171 1169 1037
f 1037 1169 1038
f 1085 1180 1069
f 1069 1180 1067
f 1209 1210 879
f 879 1210 1167
f 2885 1215 1754
f 1754 1215 1214
f 1263 855 834
f 834 855 854
f 708 1244 1826
f 1826 1244 1243
f 2909 894 1254
f 1254 894 893
f 1228 1361 964
f 964 1361 1360
f 2908 2907 1436
f 1436 2907 1437
f 2990 1440 2991
f 2991 1440 1439
f 964 1360 965
f 965 1360 1454
f 950 1457 951
f 951 1457 1456
f 970 1463 971
f 971 1463 1462
f 1025 1169 984
f 984 1169 986
f 1084 1097 1469
f 1469 1097 1470
f 1096 1115 1474
f 1474 1115 1475
f 1140 1361 1141
f 1141 1361 1476
f 1212 1495 2828
f 2828 1495 1494
f 880 1166 1452
f 1452 1166 1499
f 715 2905 1504
f 1504 2905 2906
f 954 1519 955
f 955 1519 1518
f 1026 1520 992
f 992 1520 1518
f 1029 1520 1043
f 1043 1520 1521
f 997 1522 1040
f 1040 1522 1521
f 1015 1522 1016
f 1016 1522 1523
f 1523 996 1524
f 1524 996 1062
f 1057 1060 1525
f 1525 1060 1524
f 1094 1528 1082
f 1082 1528 1527
f 1526 1528 1089
f 1089 1528 1529
f 1090 1531 1108
f 1108 1531 1530
f 1125 1533 1126
f 1126 1533 1532
f 3483 1755 727
f 727 1755 1214
f 735 1814 707
f 707 1814 1813
f 2891 1834 1246
f 1246 1834 1243
f 2904 1881 1847
f 1847 1881 1848
f 1852 1855 1853
f 1853 1855 1858
f 1902 2903 1877
f 1877 2903 1878
f 2903 2904 1878
f 1878 2904 1847
f 714 713 1848
f 1848 713 1849
f 1440 2990 1883
f 1883 2990 2989
f 1883 2989 1852
f 1852 2989 1855
f 2895 1888 2892
f 2892 1888 1887
f 774 777 1877
f 1877 777 1903
f 1251 2835 1252
f 1252 2835 2834
f 1213 2844 1212
f 1212 2844 1495
f 2851 892 1213
f 1213 892 2844
f 3123 2911 3124
f 3124 2911 2910
f 887 2929 888
f 888 2929 889
f 1435 2963 1436
f 1436 2963 2961
f 1253 1438 1254
f 1254 1438 1437
f 2970 731 735
f 735 731 1814
f 733 732 2885
f 2885 732 1215
f 2901 2902 2976
f 2976 2902 2977
f 2975 2982 2976
f 2976 2982 2979
f 2899 2900 2981
f 2981 2900 2979
f 2899 2981 2898
f 2898 2981 2983
f 2986 2985 2984
f 2984 2985 2983
f 2897 2985 2896
f 2896 2985 2988
f 2991 1439 2987
f 2987 1439 2988
f 777 2978 1903
f 1903 2978 2977
f 1885 1888 1858
f 1858 1888 1853
f 3090 3088 836
f 836 3088 833
f 3083 3088 3097
f 3097 3088 3096
f 3097 3096 3104
f 3104 3096 3106
f 3111 3116 3108
f 3108 3116 3109
f 3112 3111 3114
f 3114 3111 3108
f 3113 3122 3114
f 3114 3122 3115
f 891 890 2837
f 2837 890 2834
f 951 1456 954
f 954 1456 1519
f 967 1457 936
f 936 1457 1454
f 971 1462 902
f 902 1462 963
f 1461 1463 988
f 988 1463 987
f 1466 1468 1474
f 1474 1468 1470
f 1089 1529 1090
f 1090 1529 1531
f 1184 1181 1469
f 1469 1181 1180
f 1082 1527 1061
f 1061 1527 1525
f 1129 1473 1135
f 1135 1473 1475
f 1108 1530 1105
f 1105 1530 1532
f 1452 1499 3132
f 3132 1499 3136
f 3109 3116 3139
f 3139 3116 3138
f 2912 2911 887
f 887 2911 2929
f 2836 2835 1497
f 1497 2835 1494
f 2913 3102 2910
f 2910 3102 3115
f 1133 3187 1134
f 1134 3187 3185
f 3177 3176 3197
f 3197 3176 3198
f 3203 3183 3206
f 3206 3183 3207
f 3196 3202 3197
f 3197 3202 3211
f 3183 3182 3207
f 3207 3182 3185
f 1125 3180 1533
f 1533 3180 3198
f 3331 3203 3330
f 3330 3203 3206
f 3376 3379 3385
f 3385 3379 3386
f 3382 3376 3392
f 3392 3376 3385
f 3412 3415 3413
f 3413 3415 3414
f 3417 3396 3415
f 3415 3396 3395
f 3383 3386 3426
f 3426 3386 3425
f 3413 3414 3432
f 3432 3414 3430
f 3437 3396 3435
f 3435 3396 3417
f 3329 3382 3330
f 3330 3382 3392
f 3426 3425 3460
f 3460 3425 3458
f 3432 3430 3457
f 3457 3430 3463
f 3457 3463 3456
f 3456 3463 3465
f 3460 3458 3467
f 3467 3458 3466
f 3466 3455 3465
f 3465 3455 3456
f 3202 3437 3211
f 3211 3437 3435
f 3104 3106 3138
f 3138 3106 3139
f 3132 3136 1227
f 1227 3136 1476
f 943 687 600
f 600 687 601
f 596 625 667
f 667 625 1297
f 687 686 601
f 601 686 653
f 1319 784 711
f 711 784 712
f 1811 607 783
f 783 607 712
f 862 921 917
f 917 921 920
f 3478 925 3479
f 3479 925 924
f 2846 926 3478
f 3478 926 925
f 659 662 929
f 929 662 930
f 856 921 857
f 857 921 1204
f 1206 864 1207
f 1207 864 863
f 2876 1219 2877
f 2877 1219 1218
f 667 1297 593
f 593 1297 1296
f 917 920 1333
f 1333 920 1346
f 686 693 653
f 653 693 930
f 1277 913 1498
f 1498 913 1207
f 592 1536 610
f 610 1536 711
f 864 1206 1805
f 1805 1206 1804
f 1317 1536 1900
f 1900 1536 1809
f 1900 1809 1295
f 1295 1809 1296
f 3479 924 3477
f 3477 924 2824
f 927 926 1203
f 1203 926 2847
f 3484 2859 3032
f 3032 2859 3033
f 3472 2878 1217
f 1217 2878 1218
f 2889 2888 2880
f 2880 2888 2881
f 2886 2883 2887
f 2887 2883 2882
f 929 928 2847
f 2847 928 1203
f 857 1204 2921
f 2921 1204 2926
f 1820 1819 2882
f 2882 1819 2881
f 1821 2883 2876
f 2876 2883 1219
f 782 2889 783
f 783 2889 2880
f 1352 3034 1353
f 1353 3034 3033
f 3031 3034 3041
f 3041 3034 3043
f 944 943 3043
f 3043 943 600
f 1339 3145 1498
f 1498 3145 3143
f 1208 882 3148
f 3148 882 3143
f 2921 2926 3151
f 3151 2926 3156
f 3477 2824 1345
f 1345 2824 1346
f 1805 1804 3154
f 3154 1804 3156
f 886 3103 883
f 883 3103 3482
f 841 1248 3485
f 3485 1248 3121
f 2811 2819 2812
f 2812 2819 2816
f 2818 2815 2817
f 2817 2815 2806
f 2817 2816 2818
f 2818 2816 2819
f 2793 2795 2819
f 2819 2795 2818
f 243 352 2793
f 2793 352 2795
f 242 353 243
f 243 353 352
f 359 191 242
f 242 191 353
f 247 192 359
f 359 192 191
f 157 193 247
f 247 193 192
f 156 194 157
f 157 194 193
f 378 261 156
f 156 261 194
f 378 381 261
f 261 381 195
f 195 381 196
f 196 381 376
f 196 376 198
f 198 376 375
f 375 1776 198
f 198 1776 197
f 1776 1767 197
f 197 1767 274
f 181 274 199
f 199 274 1767
f 568 566 564
f 564 566 563
f 568 569 566
f 566 569 567
f 501 1773 1771
f 1771 1773 578
f 547 579 1773
f 1773 579 578
f 3486 470 474
f 474 470 469
f 450 582 3487
f 3487 582 3488
f 582 583 3488
f 3488 583 3489
f 583 584 3489
f 3489 584 3490
f 3490 584 3491
f 3491 584 543
f 470 3486 466
f 466 3486 467
f 3489 3490 503
f 503 3490 504
f 503 3492 3489
f 3489 3492 3488
f 3492 503 3493
f 3493 503 502
f 3495 3492 3494
f 3494 3492 3493
f 3487 3488 3495
f 3495 3488 3492
f 468 1774 465
f 465 1774 570
f 3494 3493 1775
f 1775 3493 1771
f 3490 3491 504
f 504 3491 1772
f 3491 543 1772
f 1772 543 548
f 450 3487 474
f 474 3487 3486
f 3495 467 3487
f 3487 467 3486
f 3494 468 3495
f 3495 468 467
f 468 3494 1774
f 1774 3494 1775
f 501 1771 502
f 502 1771 3493
f 527 366 384
f 384 366 365
f 522 524 527
f 527 524 366
f 521 534 522
f 522 534 524
f 530 535 521
f 521 535 534
f 508 486 513
f 513 486 532
f 513 532 541
f 541 532 535
f 667 668 596
f 596 668 597
f 1294 1297 624
f 624 1297 625
f 603 641 604
f 604 641 640
f 1290 1293 650
f 650 1293 651
f 1758 691 660
f 660 691 661
f 602 671 599
f 599 671 670
f 654 662 690
f 690 662 661
f 2856 598 695
f 695 598 597
f 602 654 671
f 671 654 690
f 604 640 676
f 676 640 704
f 1826 1829 708
f 708 1829 709
f 1288 1284 740
f 740 1284 741
f 755 754 758
f 758 754 759
f 2853 2856 932
f 932 2856 695
f 689 691 1192
f 1192 691 1193
f 784 1319 1240
f 1240 1319 1241
f 1813 1816 1244
f 1244 1816 1245
f 754 1288 759
f 759 1288 740
f 1894 1242 1318
f 1318 1242 1241
f 2867 1348 1418
f 1418 1348 1347
f 676 704 673
f 673 704 1347
f 1284 1287 741
f 741 1287 1419
f 1421 1426 1422
f 1422 1426 1425
f 1758 660 615
f 615 660 616
f 1192 1191 1421
f 1421 1191 1426
f 2962 1839 1504
f 1504 1839 1505
f 941 1194 1759
f 1759 1194 1193
f 1287 1537 1419
f 1419 1537 1760
f 1882 2893 1823
f 1823 2893 1824
f 1886 1891 1827
f 1827 1891 1828
f 1887 1886 1834
f 1834 1886 1827
f 1841 716 1838
f 1838 716 1505
f 782 784 1850
f 1850 784 1240
f 1239 1242 1863
f 1863 1242 1864
f 1242 1894 1864
f 1864 1894 1873
f 1822 1239 1823
f 1823 1239 1863
f 1318 1317 1895
f 1895 1317 1900
f 1894 1896 1873
f 1873 1896 1897
f 1291 1896 1292
f 1292 1896 1895
f 605 1898 606
f 606 1898 1897
f 1258 1257 2854
f 2854 1257 2855
f 1257 1351 2855
f 2855 1351 2857
f 1351 1353 2857
f 2857 1353 2858
f 1353 3033 2858
f 2858 3033 2859
f 2860 2861 3036
f 3036 2861 3037
f 2862 2863 2870
f 2870 2863 3039
f 2870 2869 2862
f 2862 2869 2864
f 2868 2865 2869
f 2869 2865 2864
f 1764 2866 2868
f 2868 2866 2865
f 1537 1199 1760
f 1760 1199 1348
f 615 2884 1758
f 1758 2884 1759
f 1825 1246 2890
f 2890 1246 1245
f 2893 2892 1824
f 1824 2892 2891
f 761 2960 758
f 758 2960 2906
f 3000 2943 2940
f 2940 2943 2941
f 2968 710 2950
f 2950 710 709
f 1764 1423 2866
f 2866 1423 2953
f 1423 645 2953
f 2953 645 2954
f 645 644 2954
f 2954 644 2955
f 644 738 2955
f 2955 738 2956
f 738 764 2956
f 2956 764 2957
f 764 763 2957
f 2957 763 2958
f 763 2908 2958
f 2958 2908 2959
f 2908 1436 2959
f 2959 1436 2961
f 1837 2964 1435
f 1435 2964 2963
f 1837 2937 2964
f 2964 2937 2965
f 2936 2968 2966
f 2966 2968 2950
f 1840 2942 1838
f 1838 2942 2941
f 2939 2949 2940
f 2940 2949 3006
f 2939 2942 2966
f 2966 2942 2965
f 1822 1825 1850
f 1850 1825 2890
f 1891 3005 1828
f 1828 3005 3006
f 3035 3038 3045
f 3045 3038 3042
f 3045 3044 3035
f 3035 3044 3040
f 669 1422 3045
f 3045 1422 3044
f 599 670 3041
f 3041 670 3042
f 931 3067 932
f 932 3067 3065
f 2853 3066 2854
f 2854 3066 3076
f 3067 3496 3065
f 3065 3496 3497
f 3066 3498 3076
f 3076 3498 3499
f 707 1813 708
f 708 1813 1244
f 2960 2962 2906
f 2906 2962 1504
f 2892 1887 2891
f 2891 1887 1834
f 1839 2962 2963
f 2963 2962 2961
f 595 626 596
f 596 626 625
f 623 626 3484
f 3484 626 2859
f 1291 1290 606
f 606 1290 603
f 1290 650 603
f 603 650 641
f 641 650 642
f 642 650 649
f 2860 2863 649
f 649 2863 642
f 3036 3039 2860
f 2860 3039 2863
f 3035 3040 3036
f 3036 3040 3039
f 1294 1293 1295
f 1295 1293 1292
f 624 651 1294
f 1294 651 1293
f 623 652 624
f 624 652 651
f 3484 2861 623
f 623 2861 652
f 3032 3037 3484
f 3484 3037 2861
f 3031 3038 3032
f 3032 3038 3037
f 3481 2848 2884
f 2884 2848 942
f 2846 617 1427
f 1427 617 616
f 3049 3167 3048
f 3048 3167 3500
f 1906 3048 3070
f 3070 3048 3500
f 1337 1768 3501
f 3501 1768 3502
f 3020 3503 3021
f 3021 3503 3024
f 2914 3023 3020
f 3020 3023 3503
f 859 1770 860
f 860 1770 3504
f 1336 3505 1768
f 1768 3505 3502
f 3065 3497 3066
f 3066 3497 3498
f 2814 3075 3067
f 3067 3075 3496
f 2839 3174 766
f 766 3174 3017
f 1337 3501 1338
f 1338 3501 1769
f 767 3018 3026
f 3026 3018 3506
f 3076 3499 3064
f 3064 3499 3507
f 727 730 3483
f 3483 730 3030
f 3064 3507 2871
f 2871 3507 3077
f 3100 3160 1786
f 1786 3160 1784
f 3026 3506 752
f 752 3506 3015
f 860 3504 2923
f 2923 3504 3508
f 753 3016 3027
f 3027 3016 3509
f 3027 3509 3008
f 3008 3509 3028
f 1782 1785 1783
f 1783 1785 3022
f 2923 3508 3153
f 3153 3508 3161
f 3148 3149 1208
f 1208 3149 3150
f 1335 1328 3510
f 3510 1328 1327
f 1336 1335 3505
f 3505 1335 3510
f 866 3511 1340
f 1340 3511 3146
f 865 1808 866
f 866 1808 3511
f 842 841 3159
f 3159 841 3485
f 2849 3512 1329
f 1329 3512 1326
f 1202 1331 2849
f 2849 1331 3512
f 3514 3515 3513
f 3513 3515 3516
f 3518 3516 3517
f 3517 3516 3515
f 3519 3520 3514
f 3514 3520 3515
f 3522 3523 3521
f 3521 3523 3524
f 3526 3527 3525
f 3525 3527 3528
f 3530 3531 3529
f 3529 3531 3532
f 3534 3535 3533
f 3533 3535 3536
f 3529 3532 3537
f 3537 3532 3538
f 3537 3539 3529
f 3529 3539 3540
f 3542 3543 3541
f 3541 3543 3544
f 3546 3547 3545
f 3545 3547 3548
f 3550 3534 3549
f 3549 3534 3533
f 3550 3543 3551
f 3551 3543 3552
f 3537 3545 3539
f 3539 3545 3548
f 3553 3554 3556
f 3556 3554 3555
f 3537 3557 3545
f 3545 3557 3546
f 3558 3559 3561
f 3561 3559 3560
f 3563 3564 3562
f 3562 3564 3565
f 3564 3563 3566
f 3566 3563 3567
f 3569 3570 3568
f 3568 3570 3571
f 3573 3574 3572
f 3572 3574 3575
f 3577 3578 3576
f 3576 3578 3579
f 3581 3582 3580
f 3580 3582 3583
f 3585 3586 3584
f 3584 3586 3579
f 3586 3587 3579
f 3579 3587 3576
f 3589 3590 3588
f 3588 3590 3591
f 3592 3593 3595
f 3595 3593 3594
f 3597 3598 3596
f 3596 3598 3595
f 3583 3600 3599
f 3599 3600 3601
f 3603 3599 3602
f 3602 3599 3601
f 3605 3606 3604
f 3604 3606 3607
f 3608 3555 3596
f 3596 3555 3554
f 3597 3610 3609
f 3609 3610 3565
f 3564 3611 3565
f 3565 3611 3609
f 3611 3564 3612
f 3612 3564 3566
f 3613 3614 3569
f 3569 3614 3570
f 3615 3616 3573
f 3573 3616 3574
f 3517 3617 3518
f 3518 3617 3618
f 3620 3621 3619
f 3619 3621 3622
f 3624 3625 3623
f 3623 3625 3626
f 3628 3629 3627
f 3627 3629 3630
f 3632 3633 3631
f 3631 3633 3634
f 3636 3637 3635
f 3635 3637 3638
f 3640 3641 3639
f 3639 3641 3642
f 3643 3644 3639
f 3639 3644 3640
f 3646 3513 3645
f 3645 3513 3647
f 3648 3514 3646
f 3646 3514 3513
f 3649 3519 3648
f 3648 3519 3514
f 3650 3651 3527
f 3527 3651 3652
f 3654 3651 3653
f 3653 3651 3650
f 3568 3571 3655
f 3655 3571 3656
f 3657 3658 3653
f 3653 3658 3659
f 3661 3662 3660
f 3660 3662 3658
f 3664 3665 3663
f 3663 3665 3666
f 3667 3657 3650
f 3650 3657 3653
f 3669 3523 3668
f 3668 3523 3670
f 3672 3673 3671
f 3671 3673 3674
f 3676 3677 3675
f 3675 3677 3678
f 3671 3674 3676
f 3676 3674 3677
f 3680 3681 3679
f 3679 3681 3682
f 3683 3684 3680
f 3680 3684 3681
f 3685 3686 3661
f 3661 3686 3662
f 3686 3687 3662
f 3662 3687 3688
f 3684 3683 3689
f 3689 3683 3690
f 3692 3693 3691
f 3691 3693 3694
f 3691 3694 3695
f 3695 3694 3696
f 3698 3699 3697
f 3697 3699 3700
f 3702 3703 3701
f 3701 3703 3704
f 3705 3706 3519
f 3519 3706 3520
f 3673 3672 3707
f 3707 3672 3708
f 3709 3710 3682
f 3682 3710 3679
f 3711 3712 3692
f 3692 3712 3693
f 3714 3715 3713
f 3713 3715 3716
f 3718 3700 3717
f 3717 3700 3699
f 3720 3721 3719
f 3719 3721 3722
f 3724 3725 3723
f 3723 3725 3726
f 3727 3728 3730
f 3730 3728 3729
f 3722 3721 3731
f 3731 3721 3732
f 3697 3700 3733
f 3733 3700 3714
f 3733 3714 3734
f 3734 3714 3713
f 3721 3723 3732
f 3732 3723 3735
f 3720 3736 3724
f 3724 3736 3737
f 3700 3718 3714
f 3714 3718 3715
f 3717 3699 3738
f 3738 3699 3739
f 3536 3740 3533
f 3533 3740 3540
f 3742 3743 3741
f 3741 3743 3744
f 3746 3747 3745
f 3745 3747 3748
f 3750 3751 3749
f 3749 3751 3752
f 3627 3632 3628
f 3628 3632 3631
f 3754 3755 3753
f 3753 3755 3626
f 3562 3565 3756
f 3756 3565 3610
f 3527 3652 3528
f 3528 3652 3757
f 3758 3524 3669
f 3669 3524 3523
f 3582 3598 3583
f 3583 3598 3600
f 3759 3670 3522
f 3522 3670 3523
f 3675 3678 3760
f 3760 3678 3761
f 3762 3763 3690
f 3690 3763 3689
f 3765 3766 3764
f 3764 3766 3767
f 3768 3739 3698
f 3698 3739 3699
f 3726 3725 3770
f 3770 3725 3769
f 3645 3647 3771
f 3771 3647 3772
f 3645 3678 3646
f 3646 3678 3677
f 3646 3677 3648
f 3648 3677 3674
f 3673 3649 3674
f 3674 3649 3648
f 3707 3773 3673
f 3673 3773 3649
f 3775 3776 3774
f 3774 3776 3777
f 3779 3526 3778
f 3778 3526 3525
f 3526 3779 3667
f 3667 3779 3780
f 3780 3781 3667
f 3667 3781 3657
f 3672 3679 3708
f 3708 3679 3710
f 3671 3680 3672
f 3672 3680 3679
f 3676 3683 3671
f 3671 3683 3680
f 3675 3690 3676
f 3676 3690 3683
f 3760 3762 3675
f 3675 3762 3690
f 3682 3681 3783
f 3783 3681 3782
f 3689 3784 3684
f 3684 3784 3785
f 3684 3785 3681
f 3681 3785 3782
f 3786 3709 3783
f 3783 3709 3682
f 3784 3689 3787
f 3787 3689 3763
f 3789 3557 3788
f 3788 3557 3790
f 3792 3793 3791
f 3791 3793 3794
f 3616 3615 3795
f 3795 3615 3796
f 3797 3798 3727
f 3727 3798 3728
f 3800 3801 3799
f 3799 3801 3802
f 3803 3578 3592
f 3592 3578 3593
f 3805 3806 3804
f 3804 3806 3807
f 3599 3603 3585
f 3585 3603 3586
f 3587 3586 3604
f 3604 3586 3603
f 3588 3591 3794
f 3794 3591 3791
f 3581 3803 3582
f 3582 3803 3592
f 3594 3561 3608
f 3608 3561 3790
f 3662 3688 3808
f 3808 3688 3809
f 3665 3664 3810
f 3810 3664 3811
f 3719 3812 3720
f 3720 3812 3736
f 3717 3813 3718
f 3718 3813 3737
f 3723 3721 3724
f 3724 3721 3720
f 3813 3717 3814
f 3814 3717 3738
f 3815 3816 303
f 303 3816 304
f 3818 3819 3817
f 3817 3819 3820
f 3578 3803 3579
f 3579 3803 3584
f 3558 3593 3577
f 3577 3593 3578
f 3822 3823 3821
f 3821 3823 3824
f 3546 3826 3825
f 3825 3826 3827
f 3828 3829 3547
f 3547 3829 3541
f 3831 3542 3830
f 3830 3542 3832
f 3834 3822 3833
f 3833 3822 3821
f 3835 3836 3827
f 3827 3836 3825
f 3800 3799 3828
f 3828 3799 3829
f 3830 3832 3837
f 3837 3832 3838
f 331 330 3551
f 3551 330 3839
f 3831 333 3552
f 3552 333 332
f 3819 3797 3841
f 3841 3797 3840
f 3513 3516 3647
f 3647 3516 3746
f 337 336 3745
f 3745 336 3772
f 3525 3528 3775
f 3775 3528 3749
f 3610 3597 3554
f 3554 3597 3596
f 3706 3702 3520
f 3520 3702 3701
f 3756 3610 3553
f 3553 3610 3554
f 3757 3750 3528
f 3528 3750 3749
f 3517 3515 3701
f 3701 3515 3520
f 3842 3584 3581
f 3581 3584 3803
f 3525 3775 3778
f 3778 3775 3774
f 3638 3843 3635
f 3635 3843 3618
f 3617 3621 3618
f 3618 3621 3635
f 3617 3517 3704
f 3704 3517 3701
f 3521 3624 3522
f 3522 3624 3623
f 3749 3844 3775
f 3775 3844 3776
f 3846 3847 3845
f 3845 3847 3848
f 3843 3747 3618
f 3618 3747 3518
f 3850 3851 3849
f 3849 3851 3748
f 3853 3854 3852
f 3852 3854 3855
f 3856 3857 3622
f 3622 3857 3619
f 3859 3860 3858
f 3858 3860 3861
f 3862 3844 3752
f 3752 3844 3749
f 3863 3759 3623
f 3623 3759 3522
f 3864 3777 3630
f 3630 3777 3776
f 3713 3865 3734
f 3734 3865 3866
f 3868 3869 3867
f 3867 3869 3870
f 3872 3873 3871
f 3871 3873 3874
f 3876 3877 3875
f 3875 3877 3878
f 3879 3880 3878
f 3878 3880 3881
f 3882 3883 3885
f 3885 3883 3884
f 3780 3886 3781
f 3781 3886 3887
f 3888 3685 3869
f 3869 3685 3661
f 3880 3879 3883
f 3883 3879 3884
f 3693 3783 3694
f 3694 3783 3782
f 3696 3785 3764
f 3764 3785 3784
f 3694 3782 3696
f 3696 3782 3785
f 3693 3786 3783
f 3787 3765 3784
f 3784 3765 3764
f 386 385 3765
f 3765 385 3766
f 3695 3889 3691
f 3691 3889 3890
f 3691 3890 3692
f 3692 3890 3891
f 3892 3711 3891
f 3891 3711 3692
f 3767 3893 3695
f 3695 3893 3889
f 3766 3894 3767
f 3767 3894 3893
f 3882 3885 3895
f 3895 3885 3896
f 3898 3698 3897
f 3897 3698 3697
f 3897 3697 3899
f 3899 3697 3733
f 3899 3733 3900
f 3900 3733 3734
f 3901 3768 3898
f 3898 3768 3698
f 3901 3902 3768
f 3768 3902 3903
f 3904 3905 3907
f 3907 3905 3906
f 3869 3661 3870
f 3870 3661 3660
f 3908 3909 3896
f 3896 3909 3895
f 3909 3758 3895
f 3895 3758 3669
f 3751 3531 3752
f 3752 3531 3848
f 3858 3536 3854
f 3854 3536 3535
f 3652 3562 3757
f 3757 3562 3756
f 3651 3654 3563
f 3563 3654 3567
f 3655 3656 3808
f 3808 3656 3659
f 3530 3740 3845
f 3845 3740 3861
f 3751 3750 3556
f 3556 3750 3553
f 3817 3820 3796
f 3796 3820 3795
f 410 409 3910
f 3910 409 3855
f 3750 3757 3553
f 3553 3757 3756
f 3908 3886 3909
f 3909 3886 3780
f 409 411 3855
f 3855 411 3851
f 413 412 3760
f 3760 412 3762
f 415 414 3763
f 3763 414 3787
f 3790 3557 3538
f 3538 3557 3537
f 3555 3608 3538
f 3538 3608 3790
f 3574 3911 3575
f 3575 3911 3912
f 3535 3534 3910
f 3910 3534 3839
f 3831 3552 3542
f 3542 3552 3543
f 3534 3550 3839
f 3839 3550 3551
f 3543 3550 3544
f 3544 3550 3549
f 3913 3914 3916
f 3916 3914 3915
f 3806 3805 3589
f 3589 3805 3590
f 3849 3843 3917
f 3917 3843 3638
f 3853 3644 3859
f 3859 3644 3742
f 3747 3746 3518
f 3518 3746 3516
f 3695 3696 3767
f 3767 3696 3764
f 3903 3918 3768
f 3768 3918 3739
f 3738 3739 3816
f 3816 3739 3918
f 3919 3920 3769
f 3769 3920 3770
f 3921 3726 3922
f 3922 3726 3770
f 3678 3645 3761
f 3761 3645 3771
f 3924 3913 3923
f 3923 3913 3916
f 3802 3925 3838
f 3838 3925 3837
f 3577 3926 3558
f 3558 3926 3559
f 3815 3919 3814
f 3814 3919 3769
f 3927 3928 3822
f 3822 3928 3823
f 3829 3832 3541
f 3541 3832 3542
f 3834 3927 3822
f 3832 3829 3838
f 3838 3829 3799
f 3745 3772 3746
f 3746 3772 3647
f 3849 3748 3843
f 3843 3748 3747
f 3854 3853 3858
f 3858 3853 3859
f 3854 3535 3855
f 3855 3535 3910
f 3557 3789 3546
f 3546 3789 3826
f 3923 3823 3924
f 3924 3823 3928
f 3823 3923 3929
f 3929 3923 3930
f 3531 3751 3532
f 3532 3751 3556
f 3532 3556 3538
f 3538 3556 3555
f 3932 3634 3931
f 3931 3634 3633
f 3814 3769 3813
f 3813 3769 3725
f 3620 3636 3621
f 3621 3636 3635
f 3847 3862 3848
f 3848 3862 3752
f 3531 3530 3848
f 3848 3530 3845
f 3933 3934 3830
f 3830 3934 3831
f 3925 3933 3837
f 3837 3933 3830
f 3934 440 3831
f 3831 440 333
f 3925 3802 3833
f 3833 3802 3801
f 3776 3844 3630
f 3630 3844 3627
f 3808 3659 3662
f 3662 3659 3658
f 3667 3650 3526
f 3526 3650 3527
f 3935 3666 3936
f 3936 3666 3665
f 3718 3737 3715
f 3715 3737 3736
f 3663 3809 3664
f 3664 3809 3688
f 3807 3806 3938
f 3938 3806 3937
f 445 413 3761
f 3761 413 3760
f 3902 447 3903
f 3903 447 446
f 3897 3890 3898
f 3898 3890 3889
f 3899 3891 3897
f 3897 3891 3890
f 3898 3889 3901
f 3901 3889 3893
f 3893 3894 3901
f 3901 3894 3902
f 414 386 3787
f 3787 386 3765
f 3940 3941 3939
f 3939 3941 3942
f 3840 3797 3943
f 3943 3797 3727
f 3665 3810 3936
f 3936 3810 3944
f 3921 3735 3726
f 3726 3735 3723
f 3920 3945 3770
f 3770 3945 3922
f 3521 3524 3774
f 3774 3524 3778
f 3864 3946 3625
f 3625 3946 3947
f 3773 3705 3649
f 3649 3705 3519
f 3779 3778 3758
f 3758 3778 3524
f 3812 3716 3736
f 3736 3716 3715
f 3624 3521 3777
f 3777 3521 3774
f 3703 3856 3704
f 3704 3856 3622
f 3900 3892 3899
f 3899 3892 3891
f 3641 3917 3642
f 3642 3917 3948
f 3895 3669 3882
f 3882 3669 3668
f 3855 3851 3852
f 3852 3851 3850
f 3894 458 3902
f 3902 458 447
f 3781 3887 3660
f 3660 3887 3870
f 3570 3566 3571
f 3571 3566 3567
f 3950 3576 3949
f 3949 3576 3587
f 3605 3602 3614
f 3614 3602 3612
f 3614 3612 3570
f 3570 3612 3566
f 3571 3567 3656
f 3656 3567 3654
f 3660 3658 3781
f 3781 3658 3657
f 3604 3607 3587
f 3587 3607 3949
f 3653 3659 3654
f 3654 3659 3656
f 3529 3540 3530
f 3530 3540 3740
f 3687 3811 3688
f 3688 3811 3664
f 3813 3725 3737
f 3737 3725 3724
f 3919 3815 461
f 461 3815 303
f 3818 3798 3819
f 3819 3798 3797
f 3819 3841 3820
f 3820 3841 3951
f 3816 3815 3738
f 3738 3815 3814
f 3540 3539 3533
f 3533 3539 3549
f 3548 3547 3544
f 3544 3547 3541
f 3539 3548 3549
f 3549 3548 3544
f 3741 3931 3860
f 3860 3931 3846
f 3801 3800 3835
f 3835 3800 3836
f 3934 3933 3824
f 3824 3933 3821
f 3825 3828 3546
f 3546 3828 3547
f 3833 3821 3925
f 3925 3821 3933
f 3800 3828 3836
f 3836 3828 3825
f 3824 3952 3934
f 3934 3952 440
f 3860 3846 3861
f 3861 3846 3845
f 3629 3946 3630
f 3630 3946 3864
f 3740 3536 3861
f 3861 3536 3858
f 3833 3801 3834
f 3834 3801 3835
f 3583 3599 3580
f 3580 3599 3585
f 3651 3563 3652
f 3652 3563 3562
f 3758 3909 3779
f 3779 3909 3780
f 3621 3617 3622
f 3622 3617 3704
f 3625 3947 3626
f 3626 3947 3753
f 3633 3632 3847
f 3847 3632 3862
f 3852 3850 3640
f 3640 3850 3641
f 3644 3853 3640
f 3640 3853 3852
f 3859 3742 3860
f 3860 3742 3741
f 3632 3627 3862
f 3862 3627 3844
f 3755 3863 3626
f 3626 3863 3623
f 3917 3638 3948
f 3948 3638 3637
f 3644 3643 3742
f 3742 3643 3743
f 3931 3633 3846
f 3846 3633 3847
f 3625 3624 3864
f 3864 3624 3777
f 3917 3641 3849
f 3849 3641 3850
f 3744 3932 3741
f 3741 3932 3931
f 3903 446 3918
f 3918 446 464
f 3953 3954 3956
f 3956 3954 3955
f 3958 3959 3957
f 3957 3959 3960
f 3876 3958 3877
f 3877 3958 3957
f 3877 3957 3961
f 3961 3957 3962
f 3963 3964 3958
f 3958 3964 3959
f 3965 3966 3876
f 3876 3966 3958
f 3966 3963 3958
f 3966 3967 3963
f 3963 3967 3968
f 3878 3877 3879
f 3879 3877 3961
f 3967 3969 3968
f 3968 3969 3970
f 3969 3971 3970
f 3970 3971 3972
f 3974 3904 3973
f 3973 3904 3907
f 3971 3975 3972
f 3972 3975 3976
f 3976 3975 3978
f 3978 3975 3977
f 3979 3980 3977
f 3977 3980 3978
f 3981 3982 3979
f 3979 3982 3980
f 3983 3984 3981
f 3981 3984 3982
f 3972 3985 3970
f 3970 3985 3986
f 3871 3987 3969
f 3969 3987 3971
f 3872 3871 3967
f 3967 3871 3969
f 3965 3872 3966
f 3966 3872 3967
f 3970 3986 3968
f 3968 3986 3988
f 3879 3961 3884
f 3884 3961 3940
f 3884 3940 3885
f 3885 3940 3939
f 3989 3990 3992
f 3992 3990 3991
f 3942 3993 3995
f 3995 3993 3994
f 3994 3996 3995
f 3995 3996 3974
f 3997 3998 3994
f 3994 3998 3996
f 3999 3997 3993
f 3993 3997 3994
f 4001 3996 4000
f 4000 3996 3998
f 4000 3998 4002
f 4002 3998 4003
f 4004 4003 3997
f 3997 4003 3998
f 3997 3999 4004
f 4004 3999 4005
f 4006 3995 3973
f 3973 3995 3974
f 3939 3942 4006
f 4006 3942 3995
f 3906 3887 3907
f 3907 3887 3886
f 3887 3906 3870
f 3870 3906 3867
f 3908 3973 3886
f 3886 3973 3907
f 3865 4007 3866
f 3866 4007 4008
f 3984 3983 4009
f 4009 3983 4010
f 3961 3962 3940
f 3940 3962 3941
f 4012 3868 4011
f 4011 3868 3867
f 4013 3975 3987
f 3987 3975 3971
f 4014 3977 4013
f 4013 3977 3975
f 4015 4010 4007
f 4007 4010 3983
f 4007 3983 4008
f 4008 3983 3981
f 4008 3981 4016
f 4016 3981 3979
f 4017 3984 4018
f 4018 3984 4009
f 3977 4014 3979
f 3979 4014 4016
f 3982 3984 4019
f 4019 3984 4017
f 4021 4022 4020
f 4020 4022 4023
f 4022 4012 4023
f 4023 4012 4011
f 4023 3904 4020
f 4020 3904 3974
f 4024 4025 4018
f 4018 4025 4017
f 4026 4027 4024
f 4024 4027 4025
f 4028 4026 4029
f 4029 4026 4024
f 4018 4021 4024
f 4024 4021 4029
f 4030 4031 4026
f 4026 4031 4027
f 4032 4030 4028
f 4028 4030 4026
f 4029 4001 4028
f 4028 4001 4000
f 4028 4000 4032
f 4032 4000 4002
f 4034 4035 4033
f 4033 4035 4036
f 4037 4038 4019
f 4019 4038 4039
f 4041 4039 4040
f 4040 4039 4038
f 4040 4038 4042
f 4042 4038 4036
f 4042 4036 4043
f 4043 4036 4035
f 3985 4044 4046
f 4046 4044 4045
f 4047 4048 4045
f 4045 4048 4046
f 4047 4049 4048
f 4048 4049 4050
f 4042 4047 4040
f 4040 4047 4045
f 4043 4049 4042
f 4042 4049 4047
f 4040 4045 4041
f 4041 4045 4044
f 4052 3959 4051
f 4051 3959 3964
f 4053 4054 4051
f 4051 4054 4055
f 3956 3960 4052
f 4052 3960 3959
f 3953 3956 4056
f 4056 3956 4052
f 4058 3953 4057
f 4057 3953 4056
f 4060 4061 4059
f 4059 4061 4062
f 4063 4064 4054
f 4054 4064 4057
f 4054 4053 4063
f 4063 4053 4065
f 4066 4067 4069
f 4069 4067 4068
f 4048 4050 4063
f 4063 4050 4064
f 4063 4065 4048
f 4048 4065 4046
f 3985 4046 3986
f 3986 4046 4065
f 3986 4065 3988
f 3988 4065 4053
f 3988 4053 3964
f 3964 4053 4051
f 3976 3978 4044
f 4044 3978 4041
f 3980 3982 4039
f 4039 3982 4019
f 4039 4041 3980
f 3980 4041 3978
f 3973 3908 4006
f 4006 3908 3896
f 3885 3939 3896
f 3896 3939 4006
f 4031 4034 4027
f 4027 4034 4033
f 4027 4033 4025
f 4025 4033 4037
f 4019 4017 4037
f 4037 4017 4025
f 3993 3942 4070
f 4070 3942 3941
f 3999 3993 4071
f 4071 3993 4070
f 3999 4071 4005
f 4005 4071 4072
f 4073 4074 4076
f 4076 4074 4075
f 4078 4079 4077
f 4077 4079 4080
f 4082 4080 4081
f 4081 4080 4079
f 4084 4085 4083
f 4083 4085 4086
f 4087 4088 4090
f 4090 4088 4089
f 4092 4093 4091
f 4091 4093 4094
f 4096 4097 4095
f 4095 4097 4098
f 4100 4101 4099
f 4099 4101 4102
f 4103 4104 4106
f 4106 4104 4105
f 4108 4109 4107
f 4107 4109 4110
f 4112 4113 4111
f 4111 4113 4114
f 4116 4117 4115
f 4115 4117 4118
f 4120 4121 4119
f 4119 4121 4122
f 4123 4124 4126
f 4126 4124 4125
f 4127 4128 4130
f 4130 4128 4129
f 4132 4133 4131
f 4131 4133 4134
f 4136 4108 4135
f 4135 4108 4107
f 4138 4139 4137
f 4137 4139 4140
f 4141 4142 4088
f 4088 4142 4089
f 4144 4145 4143
f 4143 4145 4146
f 4148 4149 4147
f 4147 4149 4150
f 4152 4153 4151
f 4151 4153 4154
f 4156 4082 4155
f 4155 4082 4081
f 4157 4158 4160
f 4160 4158 4159
f 4161 4162 4164
f 4164 4162 4163
f 4166 4122 4165
f 4165 4122 4121
f 4168 4152 4167
f 4167 4152 4151
f 4169 4170 4172
f 4172 4170 4171
f 4174 4175 4173
f 4173 4175 4176
f 4178 4149 4177
f 4177 4149 4179
f 4173 4176 4180
f 4180 4176 4181
f 4156 4085 4182
f 4182 4085 4183
f 4182 4184 4156
f 4156 4184 4082
f 4185 4186 4184
f 4184 4186 4187
f 4186 4188 4187
f 4187 4188 4189
f 4190 4191 4073
f 4073 4191 4074
f 4177 4179 4158
f 4158 4179 4159
f 4193 4127 4192
f 4192 4127 4130
f 4144 4194 4151
f 4151 4194 4167
f 4196 4197 4195
f 4195 4197 4198
f 4095 4199 4096
f 4096 4199 4200
f 4201 4202 4204
f 4204 4202 4203
f 4205 4206 4208
f 4208 4206 4207
f 4121 4120 4209
f 4209 4120 4210
f 4212 4213 4211
f 4211 4213 4214
f 4216 4217 4215
f 4215 4217 4218
f 4220 4221 4219
f 4219 4221 4222
f 4224 4196 4223
f 4223 4196 4195
f 4225 4226 4134
f 4134 4226 4131
f 4228 4229 4227
f 4227 4229 4230
f 4232 4233 4231
f 4231 4233 4098
f 4235 4236 4234
f 4234 4236 4237
f 4239 4240 4238
f 4238 4240 4241
f 4242 4243 4245
f 4245 4243 4244
f 4246 4247 4249
f 4249 4247 4248
f 4251 4252 4250
f 4250 4252 4253
f 4255 4256 4254
f 4254 4256 4257
f 4259 4260 4258
f 4258 4260 4261
f 4263 4264 4262
f 4262 4264 4265
f 4267 4268 4266
f 4266 4268 4269
f 4271 4199 4270
f 4270 4199 4272
f 4273 4274 4276
f 4276 4274 4275
f 4115 4118 4277
f 4277 4118 4278
f 4280 4281 4279
f 4279 4281 4282
f 4211 4283 4212
f 4212 4283 4284
f 4286 4287 4285
f 4285 4287 4288
f 4165 4121 4289
f 4289 4121 4209
f 4291 4286 4290
f 4290 4286 4285
f 4293 4294 4292
f 4292 4294 4295
f 4297 4298 4296
f 4296 4298 4299
f 4301 4302 4300
f 4300 4302 4303
f 4299 4304 4296
f 4296 4304 4305
f 4306 4292 4307
f 4307 4292 4295
f 4307 4308 4306
f 4306 4308 4309
f 4310 4309 4075
f 4075 4309 4308
f 4299 4298 4312
f 4312 4298 4311
f 4302 4301 4293
f 4293 4301 4294
f 3735 3921 4313
f 4313 3921 4314
f 4315 4314 3922
f 3922 4314 3921
f 4316 3945 829
f 829 3945 830
f 4289 4317 4165
f 4165 4317 4318
f 4320 4321 4319
f 4319 4321 4322
f 4324 4325 4323
f 4323 4325 4326
f 4327 4328 4330
f 4330 4328 4329
f 4290 4331 4291
f 4291 4331 4332
f 4165 4318 4166
f 4166 4318 4333
f 4334 4335 4337
f 4337 4335 4336
f 4339 4340 4338
f 4338 4340 4341
f 4168 4343 4342
f 4342 4343 4344
f 4346 4347 4345
f 4345 4347 4348
f 4350 4351 4349
f 4349 4351 4352
f 4354 4355 4353
f 4353 4355 4356
f 4357 4358 4324
f 4324 4358 4325
f 4337 4359 4334
f 4334 4359 4360
f 4362 4363 4361
f 4361 4363 4364
f 4366 4367 4365
f 4365 4367 4368
f 4369 4370 4372
f 4372 4370 4371
f 4331 4290 4374
f 4374 4290 4373
f 4373 4376 4375
f 4375 4376 4377
f 4379 4380 4378
f 4378 4380 4381
f 4217 4382 4218
f 4218 4382 4383
f 4385 4386 4384
f 4384 4386 4387
f 4388 4389 4338
f 4338 4389 4390
f 4337 4336 4392
f 4392 4336 4391
f 4394 4362 4393
f 4393 4362 4361
f 4396 4397 4395
f 4395 4397 4398
f 4400 4401 4399
f 4399 4401 4402
f 4345 4403 4346
f 4346 4403 4404
f 4405 4406 4342
f 4342 4406 4407
f 4409 4410 4408
f 4408 4410 4411
f 4408 4412 4409
f 4409 4412 4413
f 4181 4415 4414
f 4414 4415 4416
f 4182 4183 4417
f 4417 4183 4418
f 4419 4353 4311
f 4311 4353 4312
f 4421 4422 4420
f 4420 4422 4423
f 4353 4356 4312
f 4312 4356 4424
f 4166 4333 4425
f 4425 4333 4426
f 4425 4143 4166
f 4166 4143 4122
f 4427 4107 4428
f 4428 4107 4110
f 4429 4430 4174
f 4174 4430 4175
f 4335 4431 4336
f 4336 4431 4390
f 4336 4390 4391
f 4391 4390 4389
f 4432 4433 4435
f 4435 4433 4434
f 4437 4438 4436
f 4436 4438 4439
f 4441 4442 4440
f 4440 4442 4443
f 4359 4444 4361
f 4361 4444 4393
f 4446 4447 4445
f 4445 4447 4448
f 4338 4341 4388
f 4388 4341 4449
f 4450 4451 4398
f 4398 4451 4395
f 4453 4454 4452
f 4452 4454 4455
f 4457 4458 4456
f 4456 4458 4459
f 4460 4461 4448
f 4448 4461 4445
f 4463 4464 4462
f 4462 4464 4465
f 4462 4465 4466
f 4466 4465 4467
f 4468 4469 4467
f 4467 4469 4466
f 4469 4468 4470
f 4470 4468 4471
f 4472 4473 4471
f 4471 4473 4470
f 4475 4476 4474
f 4474 4476 4477
f 4479 4480 4478
f 4478 4480 4481
f 4483 4484 4482
f 4482 4484 4485
f 4487 4488 4486
f 4486 4488 4489
f 4491 4492 4490
f 4490 4492 4493
f 4494 4495 4493
f 4493 4495 4490
f 4496 4497 4494
f 4494 4497 4495
f 4497 4496 4498
f 4498 4496 4499
f 4500 4501 4503
f 4503 4501 4502
f 4505 4506 4504
f 4504 4506 4507
f 4466 4508 4462
f 4462 4508 4509
f 4470 4510 4469
f 4469 4510 4511
f 4513 4479 4512
f 4512 4479 4478
f 4515 4443 4514
f 4514 4443 4442
f 4516 4517 4519
f 4519 4517 4518
f 4521 4495 4520
f 4520 4495 4497
f 4522 4490 4521
f 4521 4490 4495
f 4491 4523 4488
f 4488 4523 4524
f 4525 4489 4524
f 4524 4489 4488
f 4484 4526 4485
f 4485 4526 4527
f 4503 4528 4500
f 4500 4528 4529
f 4530 4531 4533
f 4533 4531 4532
f 4535 4506 4534
f 4534 4506 4530
f 4486 4536 4487
f 4487 4536 4537
f 4487 4537 4492
f 4492 4537 4538
f 4494 4539 4496
f 4496 4539 4540
f 4542 4533 4541
f 4541 4533 4499
f 4544 4545 4543
f 4543 4545 4546
f 4548 4549 4547
f 4547 4549 4550
f 4536 4551 4537
f 4537 4551 4552
f 4537 4552 4538
f 4538 4552 4553
f 4554 4539 4556
f 4556 4539 4555
f 4557 4540 4554
f 4554 4540 4539
f 4559 4557 4558
f 4558 4557 4560
f 4540 4557 4541
f 4541 4557 4559
f 4562 4563 4561
f 4561 4563 4564
f 4546 4565 4543
f 4543 4565 4566
f 4547 4567 4548
f 4548 4567 4568
f 4570 4571 4569
f 4569 4571 4572
f 4574 4575 4573
f 4573 4575 4576
f 4578 4579 4577
f 4577 4579 4580
f 4582 4583 4581
f 4581 4583 4584
f 4585 4586 4588
f 4588 4586 4587
f 4589 4585 4590
f 4590 4585 4588
f 4592 4593 4591
f 4591 4593 4594
f 4596 4597 4595
f 4595 4597 4598
f 4600 4601 4599
f 4599 4601 4602
f 4563 4604 4603
f 4603 4604 4605
f 4603 4606 4608
f 4608 4606 4607
f 4609 4610 4594
f 4594 4610 4591
f 4611 4612 4614
f 4614 4612 4613
f 4616 4617 4615
f 4615 4617 4618
f 4602 4620 4619
f 4619 4620 4621
f 4619 4622 4602
f 4602 4622 4599
f 4605 4599 4623
f 4623 4599 4622
f 4605 4623 4603
f 4603 4623 4606
f 4625 4626 4624
f 4624 4626 4627
f 4438 4437 4628
f 4628 4437 4629
f 4442 4441 4630
f 4630 4441 4631
f 4630 4632 4442
f 4442 4632 4514
f 4633 4634 4529
f 4529 4634 4500
f 4500 4634 4501
f 4501 4634 4635
f 4637 4546 4636
f 4636 4546 4545
f 4639 4565 4638
f 4638 4565 4640
f 4573 4576 4641
f 4641 4576 4642
f 4593 4643 4594
f 4594 4643 4644
f 4645 4609 4644
f 4644 4609 4594
f 4647 4648 4646
f 4646 4648 4649
f 4651 4652 4650
f 4650 4652 4653
f 4654 4498 4519
f 4519 4498 4532
f 4520 4508 4521
f 4521 4508 4511
f 4522 4510 4523
f 4523 4510 4655
f 4524 4656 4525
f 4525 4656 4657
f 4514 4529 4515
f 4515 4529 4528
f 4658 4659 4661
f 4661 4659 4660
f 4496 4540 4499
f 4499 4540 4541
f 4493 4555 4494
f 4494 4555 4539
f 4549 4483 4550
f 4550 4483 4482
f 4545 4544 4501
f 4501 4544 4502
f 4636 4545 4635
f 4635 4545 4501
f 4589 4663 4662
f 4662 4663 4664
f 4662 4665 4558
f 4558 4665 4559
f 4569 4586 4570
f 4570 4586 4560
f 4552 4666 4553
f 4553 4666 4667
f 4668 4669 4670
f 4670 4669 4666
f 4672 4673 4671
f 4671 4673 4674
f 4287 4675 4288
f 4288 4675 4676
f 4678 4679 4677
f 4677 4679 4680
f 4681 4678 4682
f 4682 4678 4677
f 4682 4683 4681
f 4681 4683 4684
f 4161 4164 4685
f 4685 4164 4686
f 4414 4687 4689
f 4689 4687 4688
f 4405 4690 4346
f 4346 4690 4347
f 4691 4399 4693
f 4693 4399 4692
f 1209 4694 4365
f 4365 4694 4366
f 4650 1211 4651
f 4651 1211 1210
f 4695 4696 4255
f 4255 4696 4256
f 4697 4698 4218
f 4218 4698 4215
f 4700 4701 4699
f 4699 4701 4702
f 4703 4704 4303
f 4303 4704 4300
f 4315 3922 4316
f 4316 3922 3945
f 4653 4706 4705
f 4705 4706 4707
f 4709 4710 4708
f 4708 4710 4711
f 4335 4334 4713
f 4713 4334 4712
f 4714 4340 4321
f 4321 4340 4322
f 4716 4717 4715
f 4715 4717 4718
f 4238 4241 4719
f 4719 4241 4720
f 4231 4721 4307
f 4307 4721 4308
f 4723 4724 4722
f 4722 4724 4725
f 4727 4728 4726
f 4726 4728 4729
f 4730 4731 4327
f 4327 4731 4328
f 4733 4734 4732
f 4732 4734 4735
f 4720 4381 4736
f 4736 4381 4737
f 4738 4739 4741
f 4741 4739 4740
f 4743 4744 4742
f 4742 4744 4745
f 4338 4390 4339
f 4339 4390 4431
f 4746 4747 4431
f 4431 4747 4339
f 4291 4332 4289
f 4289 4332 4317
f 4289 4209 4291
f 4291 4209 4286
f 4287 4286 4210
f 4210 4286 4209
f 4749 4750 4748
f 4748 4750 4751
f 4212 4284 4752
f 4752 4284 4753
f 4752 4754 4212
f 4212 4754 4213
f 4252 4251 4225
f 4225 4251 4226
f 4227 4230 4248
f 4248 4230 4249
f 4205 4755 4757
f 4757 4755 4756
f 4708 4711 4758
f 4758 4711 4647
f 4367 4366 4759
f 4759 4366 4760
f 4526 4513 4527
f 4527 4513 4512
f 4420 4423 4385
f 4385 4423 4386
f 4705 4761 4653
f 4653 4761 4650
f 4761 1279 4650
f 4650 1279 1211
f 4762 4763 3944
f 3944 4763 3936
f 4274 4273 4765
f 4765 4273 4764
f 4767 4768 4766
f 4766 4768 4769
f 4770 4771 4769
f 4769 4771 4766
f 4771 4770 4242
f 4242 4770 4243
f 4093 4163 4094
f 4094 4163 4162
f 4772 4773 4775
f 4775 4773 4774
f 4777 4778 4776
f 4776 4778 4779
f 4417 4185 4182
f 4182 4185 4184
f 4780 4078 4781
f 4781 4078 4077
f 4781 4077 4782
f 4782 4077 4189
f 4188 4783 4189
f 4189 4783 4782
f 4295 4232 4307
f 4307 4232 4231
f 4785 4786 4784
f 4784 4786 4787
f 4784 1307 4785
f 4785 1307 1306
f 4078 4780 4096
f 4096 4780 4097
f 4075 4074 4310
f 4310 4074 4788
f 4788 4074 4789
f 4789 4074 4191
f 4789 4191 4059
f 4059 4191 4790
f 4791 4277 4792
f 4792 4277 4278
f 3732 3735 4793
f 4793 3735 4313
f 4793 4794 3732
f 3732 4794 3731
f 4792 4795 4791
f 4791 4795 4796
f 4797 4798 4799
f 4799 4798 4724
f 4763 4800 3936
f 3936 4800 3935
f 4801 4062 3729
f 3729 4062 3730
f 4713 4712 4802
f 4802 4712 4803
f 4146 4804 4119
f 4119 4804 4805
f 4498 4654 4497
f 4497 4654 4520
f 4806 4807 1326
f 1326 4807 1327
f 4689 4688 1330
f 1330 4688 1331
f 4801 4789 4062
f 4062 4789 4059
f 3730 4062 4808
f 4808 4062 4061
f 4810 4811 4809
f 4809 4811 4812
f 4813 4403 4814
f 4814 4403 4345
f 4815 4816 4349
f 4349 4816 4350
f 4817 4818 4820
f 4820 4818 4819
f 4406 4821 4407
f 4407 4821 4822
f 4823 4161 4824
f 4824 4161 4685
f 4181 4414 4825
f 4825 4414 4689
f 4741 4740 4826
f 4826 4740 4827
f 4828 4829 4827
f 4827 4829 4826
f 4142 4141 4415
f 4415 4141 4148
f 4830 1354 4761
f 4761 1354 1279
f 4832 4833 4831
f 4831 4833 4834
f 4835 4836 4626
f 4626 4836 4421
f 4451 4709 4395
f 4395 4709 4708
f 4627 4420 4837
f 4837 4420 4385
f 4837 1365 4838
f 4838 1365 1364
f 4397 4396 4839
f 4839 4396 4840
f 4842 4628 4841
f 4841 4628 4629
f 4671 4674 4631
f 4631 4674 4630
f 4674 4659 4630
f 4630 4659 4632
f 4633 4632 4658
f 4658 4632 4659
f 4658 4504 4633
f 4633 4504 4634
f 4635 4634 4507
f 4507 4634 4504
f 4843 4636 4507
f 4507 4636 4635
f 4844 4637 4843
f 4843 4637 4636
f 4637 4844 4640
f 4640 4844 4664
f 4638 4663 4642
f 4642 4663 4845
f 4847 4643 4846
f 4846 4643 4641
f 4644 4848 4645
f 4645 4848 4849
f 4851 4852 4850
f 4850 4852 4853
f 4855 4856 4854
f 4854 4856 4857
f 4859 4860 4858
f 4858 4860 4857
f 4715 4718 4859
f 4859 4718 4860
f 4862 4863 4861
f 4861 4863 4864
f 4866 4867 4865
f 4865 4867 4868
f 4870 4871 4869
f 4869 4871 4872
f 4869 4872 4116
f 4116 4872 4117
f 4820 4819 4874
f 4874 4819 4873
f 4876 4877 4875
f 4875 4877 4878
f 4880 4881 4879
f 4879 4881 4882
f 4884 4885 4883
f 4883 4885 4886
f 4887 4888 4280
f 4280 4888 4281
f 4818 4817 4889
f 4889 4817 4890
f 4891 4193 4823
f 4823 4193 4192
f 4892 4893 4228
f 4228 4893 4229
f 4158 4157 4894
f 4894 4157 4895
f 4896 4897 4132
f 4132 4897 4133
f 4099 4683 4100
f 4100 4683 4682
f 4101 4100 4899
f 4899 4100 4898
f 4150 4106 4147
f 4147 4106 4900
f 4100 4682 4898
f 4898 4682 4677
f 4080 4082 4187
f 4187 4082 4184
f 4077 4080 4189
f 4189 4080 4187
f 4191 4190 4790
f 4790 4190 4901
f 4177 4158 4680
f 4680 4158 4894
f 4108 4136 4752
f 4752 4136 4754
f 4752 4753 4108
f 4108 4753 4109
f 4817 4902 4890
f 4890 4902 4903
f 4904 4905 4907
f 4907 4905 4906
f 4909 4910 4908
f 4908 4910 4911
f 4913 4914 4912
f 4912 4914 4915
f 4916 4917 4919
f 4919 4917 4918
f 4312 4424 4299
f 4299 4424 4304
f 4920 4921 4297
f 4297 4921 4298
f 4194 4922 4167
f 4167 4922 4923
f 4924 4400 4691
f 4691 4400 4399
f 4395 4708 4396
f 4396 4708 4758
f 4367 4925 4368
f 4368 4925 4926
f 4919 4918 4873
f 4873 4918 4874
f 4836 4927 4421
f 4421 4927 4422
f 4921 4928 4298
f 4298 4928 4311
f 4143 4146 4122
f 4122 4146 4119
f 4929 4930 4455
f 4455 4930 4452
f 4932 4933 4931
f 4931 4933 4934
f 4935 4936 4932
f 4932 4936 4933
f 4461 4460 4457
f 4457 4460 4458
f 4480 4479 4475
f 4475 4479 4476
f 4660 4673 4517
f 4517 4673 4937
f 4661 4505 4658
f 4658 4505 4504
f 4484 4483 4489
f 4489 4483 4486
f 4462 4509 4463
f 4463 4509 4518
f 4469 4511 4466
f 4466 4511 4508
f 4655 4473 4656
f 4656 4473 4477
f 4476 4657 4477
f 4477 4657 4656
f 4479 4513 4476
f 4476 4513 4657
f 4489 4525 4484
f 4484 4525 4526
f 4483 4549 4486
f 4486 4549 4536
f 4549 4548 4536
f 4536 4548 4551
f 4548 4568 4551
f 4551 4568 4670
f 4663 4589 4845
f 4845 4589 4590
f 4668 4577 4938
f 4938 4577 4580
f 4940 4938 4939
f 4939 4938 4941
f 4940 4942 4669
f 4669 4942 4943
f 4587 4582 4944
f 4944 4582 4581
f 4848 4847 4608
f 4608 4847 4564
f 4616 4945 4613
f 4613 4945 4598
f 4615 4946 4616
f 4616 4946 4945
f 4947 4939 4948
f 4948 4939 4946
f 4599 4605 4600
f 4600 4605 4604
f 4608 4607 4848
f 4848 4607 4849
f 4613 4612 4616
f 4616 4612 4617
f 4835 4949 4709
f 4709 4949 4710
f 4357 1477 4837
f 4837 1477 1365
f 4712 4950 4803
f 4803 4950 4951
f 4401 4952 4402
f 4402 4952 4953
f 4759 4760 4402
f 4402 4760 4399
f 4508 4520 4509
f 4509 4520 4654
f 4510 4522 4511
f 4511 4522 4521
f 4513 4526 4657
f 4657 4526 4525
f 4632 4633 4514
f 4514 4633 4529
f 4931 4934 4453
f 4453 4934 4454
f 4153 4954 4154
f 4154 4954 4955
f 4957 4958 4956
f 4956 4958 4959
f 4961 4962 4960
f 4960 4962 4963
f 4120 4964 4210
f 4210 4964 4965
f 4967 4968 4966
f 4966 4968 4969
f 4349 4692 4815
f 4815 4692 4970
f 4652 4971 4653
f 4653 4971 4706
f 4758 4647 4972
f 4972 4647 4646
f 4973 4363 4646
f 4646 4363 4972
f 4950 4360 4974
f 4974 4360 4364
f 4431 4335 4746
f 4746 4335 4713
f 4358 4714 4325
f 4325 4714 4321
f 4765 4764 4266
f 4266 4764 4975
f 4202 4976 4203
f 4203 4976 4977
f 4917 4978 4918
f 4918 4978 4979
f 4279 4282 4854
f 4854 4282 4269
f 4820 4880 4817
f 4817 4880 4902
f 4890 4903 4980
f 4980 4903 4886
f 4982 4983 4981
f 4981 4983 4123
f 4795 4851 4796
f 4796 4851 4850
f 4918 4979 4874
f 4874 4979 4881
f 4809 4404 4810
f 4810 4404 4403
f 4354 4985 4984
f 4984 4985 4986
f 1364 1516 4838
f 4838 1516 4987
f 4759 4988 4367
f 4367 4988 4925
f 4989 4990 4481
f 4481 4990 4478
f 4443 4515 4990
f 4990 4515 4991
f 4527 4512 4992
f 4992 4512 4991
f 4528 4503 4992
f 4992 4503 4993
f 4993 4994 4485
f 4485 4994 4482
f 4544 4995 4502
f 4502 4995 4994
f 4995 4996 4550
f 4550 4996 4547
f 4998 4999 4997
f 4997 4999 4566
f 4998 5000 4578
f 4578 5000 4579
f 5001 5002 4596
f 4596 5002 4597
f 5003 4591 5004
f 5004 4591 4610
f 4626 4421 4627
f 4627 4421 4420
f 4837 4838 4627
f 4627 4838 4624
f 4761 4705 4830
f 4830 4705 5005
f 4705 4707 5005
f 5005 4707 5006
f 4308 4721 4075
f 4075 4721 4076
f 5007 4200 4797
f 4797 4200 4798
f 4685 4686 5008
f 5008 4686 5009
f 4889 4890 5010
f 5010 4890 4980
f 4323 1541 4324
f 4324 1541 1540
f 4385 4384 4358
f 4358 4384 4714
f 4396 4758 4840
f 4840 4758 4972
f 4866 4852 5011
f 5011 4852 5012
f 5013 4260 4980
f 4980 4260 5010
f 4875 4878 5014
f 5014 4878 5015
f 5017 5018 5016
f 5016 5018 5019
f 5016 5019 5020
f 5020 5019 5021
f 5023 5024 5022
f 5022 5024 5025
f 5027 5028 5026
f 5026 5028 5029
f 5031 5032 5030
f 5030 5032 5033
f 5035 5036 5034
f 5034 5036 5037
f 5039 5040 5038
f 5038 5040 5041
f 5043 5044 5042
f 5042 5044 5045
f 5038 5046 5039
f 5039 5046 5047
f 5049 5050 5048
f 5048 5050 5051
f 5053 5054 5052
f 5052 5054 5055
f 5057 5024 5056
f 5056 5024 5058
f 5060 5061 5059
f 5059 5061 5062
f 5064 5065 5063
f 5063 5065 5066
f 5043 5050 5064
f 5064 5050 5065
f 5038 5041 5067
f 5067 5041 5068
f 5070 5071 5069
f 5069 5071 5072
f 5074 5075 5073
f 5073 5075 5076
f 5034 5077 5035
f 5035 5077 5078
f 5080 5081 5079
f 5079 5081 5082
f 5084 5085 5083
f 5083 5085 5086
f 5085 5084 5087
f 5087 5084 5088
f 5090 5091 5089
f 5089 5091 5092
f 5094 5095 5093
f 5093 5095 5096
f 5098 5099 5097
f 5097 5099 5100
f 5102 5103 5101
f 5101 5103 5104
f 5105 5106 5108
f 5108 5106 5107
f 5110 5111 5109
f 5109 5111 5112
f 5114 5094 5113
f 5113 5094 5093
f 5116 5117 5115
f 5115 5117 5118
f 5120 5121 5119
f 5119 5121 5122
f 5124 5125 5123
f 5123 5125 5126
f 5128 5129 5127
f 5127 5129 5130
f 5097 5131 5098
f 5098 5131 5132
f 5134 5135 5133
f 5133 5135 5122
f 5084 5125 5088
f 5088 5125 5136
f 5138 5139 5137
f 5137 5139 5140
f 5142 5102 5141
f 5141 5102 5101
f 5106 5143 5107
f 5107 5143 5144
f 5146 5147 5145
f 5145 5147 5148
f 5149 5150 5109
f 5109 5150 5110
f 5151 5110 5152
f 5152 5110 5150
f 4715 5140 4716
f 4716 5140 5139
f 5143 4870 5144
f 5144 4870 4869
f 4115 5146 4116
f 4116 5146 5145
f 4791 4796 5149
f 5149 4796 5150
f 4796 4850 5150
f 5150 4850 5152
f 4858 5142 4859
f 4859 5142 5141
f 5153 5154 5115
f 5115 5154 5105
f 5156 5157 5155
f 5155 5157 5158
f 5159 5160 5053
f 5053 5160 5054
f 5161 5162 5020
f 5020 5162 5068
f 5026 5029 5163
f 5163 5029 5021
f 5083 5086 5164
f 5164 5086 5165
f 5090 5167 5166
f 5166 5167 5168
f 5169 5170 5172
f 5172 5170 5171
f 5174 5175 5173
f 5173 5175 5176
f 5177 5109 5178
f 5178 5109 5112
f 5179 5180 5182
f 5182 5180 5181
f 5123 5126 5120
f 5120 5126 5121
f 5180 5167 5181
f 5181 5167 5183
f 5184 5185 5179
f 5179 5185 5180
f 5186 5149 5177
f 5177 5149 5109
f 4868 5184 4865
f 4865 5184 5179
f 5188 5189 5187
f 5187 5189 5190
f 4277 4791 5186
f 5186 4791 5149
f 5179 5182 4865
f 4865 5182 4853
f 5189 4862 5190
f 5190 4862 4861
f 5156 5075 5191
f 5191 5075 5192
f 5036 5035 5193
f 5193 5035 5194
f 5115 5118 5153
f 5153 5118 5195
f 5022 5025 5196
f 5196 5025 5197
f 5155 5158 5069
f 5069 5158 5062
f 5063 5066 5198
f 5198 5066 5199
f 5073 5076 5200
f 5200 5076 5072
f 5202 5131 5201
f 5201 5131 5203
f 5143 5106 5204
f 5204 5106 5205
f 5114 5113 5206
f 5206 5113 5127
f 5098 5132 5193
f 5193 5132 5195
f 5204 5207 5143
f 5143 5207 4870
f 5088 5136 5208
f 5208 5136 5092
f 5209 5210 5089
f 5089 5210 5183
f 5211 5018 5060
f 5060 5018 5061
f 5017 5040 5070
f 5070 5040 5071
f 5191 5160 5156
f 5156 5160 5157
f 5048 5028 5049
f 5049 5028 5058
f 5207 5204 4858
f 4858 5204 5142
f 4859 5141 4715
f 4715 5141 5140
f 5212 5162 5042
f 5042 5162 5051
f 5182 5152 4853
f 4853 5152 4850
f 5214 5134 5213
f 5213 5134 5133
f 5164 5165 5133
f 5133 5165 5213
f 5215 5216 5201
f 5201 5216 5217
f 5147 5218 5148
f 5148 5218 5219
f 5147 5177 5218
f 5218 5177 5178
f 5141 5101 5140
f 5140 5101 5137
f 5201 5217 5202
f 5202 5217 5104
f 5146 5186 5147
f 5147 5186 5177
f 4277 5186 4115
f 4115 5186 5146
f 5191 5192 5031
f 5031 5192 5032
f 5052 5055 5220
f 5220 5055 5197
f 4116 5145 4869
f 4869 5145 5144
f 5034 5037 5214
f 5214 5037 5134
f 5097 5100 5114
f 5114 5100 5094
f 5108 5107 5219
f 5219 5107 5148
f 5221 5135 5116
f 5116 5135 5117
f 5124 5111 5209
f 5209 5111 5210
f 5107 5144 5148
f 5148 5144 5145
f 5152 5182 5151
f 5151 5182 5181
f 5208 5222 5088
f 5088 5222 5087
f 5222 5208 5171
f 5171 5208 5172
f 5223 1756 4698
f 4698 1756 1755
f 4427 5224 4107
f 4107 5224 4135
f 4178 4679 5225
f 5225 4679 5226
f 5227 5228 4892
f 4892 5228 4893
f 5229 5230 4171
f 4171 5230 4172
f 4855 4268 4884
f 4884 4268 4885
f 4884 4871 4855
f 4855 4871 4856
f 4684 5231 4896
f 4896 5231 4897
f 4768 4767 5009
f 5009 4767 5008
f 5205 5154 5102
f 5102 5154 5103
f 5099 5098 5194
f 5194 5098 5193
f 5198 5199 5079
f 5079 5199 5033
f 5102 5142 5205
f 5205 5142 5204
f 5224 4427 4681
f 4681 4427 4678
f 3712 3711 5232
f 5232 3711 5233
f 3968 3988 3963
f 3963 3988 3964
f 3976 4044 3972
f 3972 4044 3985
f 4038 4037 4036
f 4036 4037 4033
f 4794 4762 3731
f 3731 4762 3944
f 3731 3944 3722
f 3722 3944 3810
f 3874 5234 5232
f 5232 5234 3712
f 3906 3905 3867
f 3867 3905 4011
f 3904 4023 3905
f 3905 4023 4011
f 3719 3722 3811
f 3811 3722 3810
f 3812 3719 3687
f 3687 3719 3811
f 3716 3812 3686
f 3686 3812 3687
f 3713 3716 3685
f 3685 3716 3686
f 4810 4403 5235
f 5235 4403 4813
f 4345 1770 4814
f 4814 1770 1769
f 4067 4066 4058
f 4058 4066 5236
f 4043 4068 4049
f 4049 4068 4050
f 4034 5237 3989
f 3989 5237 3990
f 4031 4030 4072
f 4072 4030 4005
f 4003 4004 4002
f 4002 4004 4032
f 4004 4005 4032
f 4032 4005 4030
f 4067 4064 4068
f 4068 4064 4050
f 4058 4057 4067
f 4067 4057 4064
f 4035 4034 5238
f 5238 4034 3989
f 5236 5239 4058
f 4058 5239 5240
f 5234 3874 5241
f 5241 3874 3873
f 5241 3873 3881
f 3881 3873 3878
f 4800 4763 4788
f 4788 4763 4310
f 4763 4762 4310
f 4310 4762 4309
f 4762 4794 4309
f 4309 4794 4306
f 4794 4793 4306
f 4306 4793 4292
f 4293 4313 4302
f 4302 4313 4314
f 4302 4314 4303
f 4303 4314 4315
f 4303 4315 4703
f 4703 4315 4316
f 4035 4069 4043
f 4043 4069 4068
f 4324 1540 4357
f 4357 1540 1477
f 5232 3987 3874
f 3874 3987 3871
f 3987 5232 4013
f 4013 5232 5233
f 4013 5233 4014
f 4014 5233 5242
f 3888 4015 3865
f 3865 4015 4007
f 3866 4008 5243
f 5243 4008 4016
f 3873 5244 3878
f 3878 5244 3875
f 3965 5244 3872
f 3872 5244 3873
f 3876 3875 3965
f 3965 3875 5244
f 5243 4016 5242
f 5242 4016 4014
f 5246 5247 5245
f 5245 5247 5248
f 3576 3950 3577
f 3577 3950 3926
f 3584 3842 3585
f 3585 3842 3580
f 5249 5247 1784
f 1784 5247 1785
f 5250 5251 5253
f 5253 5251 5252
f 5255 5252 5254
f 5254 5252 5256
f 5254 5256 5258
f 5258 5256 5257
f 5258 5257 5260
f 5260 5257 5259
f 4356 5261 4424
f 4424 5261 5259
f 4355 5262 4356
f 4356 5262 5261
f 4924 5264 5263
f 5263 5264 5265
f 4693 5266 4691
f 4691 5266 5267
f 4351 5268 4352
f 4352 5268 5269
f 1808 1807 4351
f 4351 1807 5268
f 3580 3842 3581
f 3799 3802 3838
f 4800 4788 4801
f 4801 4788 4789
f 3729 3935 4801
f 4801 3935 4800
f 3728 3666 3729
f 3729 3666 3935
f 3728 3798 3666
f 3666 3798 3663
f 3798 3818 3663
f 3663 3818 3809
f 3818 3817 3809
f 3809 3817 3808
f 3796 3655 3817
f 3817 3655 3808
f 3615 3568 3796
f 3796 3568 3655
f 3573 3569 3615
f 3615 3569 3568
f 3572 3613 3573
f 3573 3613 3569
f 3792 3606 3572
f 3572 3606 3613
f 3607 3791 3949
f 3949 3791 3591
f 3590 3950 3591
f 3591 3950 3949
f 3805 3926 3590
f 3590 3926 3950
f 3804 3559 3805
f 3805 3559 3926
f 3804 3914 3559
f 3559 3914 3560
f 3924 3789 3913
f 3913 3789 3788
f 3924 3928 3789
f 3789 3928 3826
f 3928 3927 3826
f 3826 3927 3827
f 3927 3834 3827
f 3827 3834 3835
f 4079 4078 5270
f 5270 4078 5007
f 5271 5272 4233
f 4233 5272 5273
f 5275 5276 5274
f 5274 5276 5277
f 5278 5279 4236
f 4236 5279 4237
f 5278 5280 5271
f 5271 5280 5272
f 4235 5281 4236
f 4236 5281 5282
f 5284 5285 5283
f 5283 5285 5286
f 5288 5289 5287
f 5287 5289 5290
f 5292 5293 5291
f 5291 5293 5294
f 5287 5290 4726
f 4726 5290 5295
f 4293 4292 4313
f 4313 4292 4793
f 4720 4736 4719
f 4719 4736 5296
f 5297 4909 5298
f 5298 4909 4908
f 5299 5300 4976
f 4976 5300 5301
f 5302 4202 5303
f 5303 4202 4201
f 5304 5305 4983
f 4983 5305 5306
f 5308 5309 5307
f 5307 5309 5310
f 4722 4725 5283
f 5283 4725 5311
f 5291 5294 4125
f 4125 5294 4126
f 5313 5314 5312
f 5312 5314 5315
f 5316 5317 5319
f 5319 5317 5318
f 5321 5308 5320
f 5320 5308 5307
f 4819 4981 4873
f 4873 4981 5322
f 4981 4123 5322
f 5322 4123 4126
f 5324 5325 5323
f 5323 5325 5326
f 4764 5327 4975
f 4975 5327 5328
f 4172 5327 4169
f 4169 5327 5329
f 4768 4171 4769
f 4769 4171 4170
f 4243 4755 4244
f 4244 4755 5330
f 4755 4205 5330
f 5330 4205 4208
f 4206 4906 4207
f 4207 4906 4905
f 4686 5014 5009
f 5009 5014 5229
f 4756 4770 4170
f 4170 4770 4769
f 4170 4169 4756
f 4756 4169 4757
f 4273 5329 4764
f 4764 5329 5327
f 4276 5331 4273
f 4273 5331 5329
f 4770 4756 4243
f 4243 4756 4755
f 5333 4889 5332
f 5332 4889 5010
f 4877 5332 4878
f 4878 5332 4259
f 4875 4164 4876
f 4876 4164 4163
f 5334 5335 5324
f 5324 5335 5325
f 4983 5306 4123
f 4123 5306 4124
f 4818 4982 4819
f 4819 4982 4981
f 5332 5010 4259
f 4259 5010 4260
f 5014 4686 4875
f 4875 4686 4164
f 4171 4768 5229
f 5229 4768 5009
f 5337 4916 5336
f 5336 4916 4919
f 5293 5337 5294
f 5294 5337 5336
f 4982 4818 5333
f 5333 4818 4889
f 5338 5339 4262
f 4262 5339 5340
f 5307 5310 5338
f 5338 5310 5339
f 5341 5342 4204
f 4204 5342 5309
f 5336 4919 5322
f 5322 4919 4873
f 5294 5336 4126
f 4126 5336 5322
f 5323 5326 5343
f 5343 5326 5286
f 4914 5344 4915
f 4915 5344 5345
f 5312 5315 5344
f 5344 5315 5345
f 5347 5348 5346
f 5346 5348 5349
f 5350 5351 4832
f 4832 5351 4833
f 5352 5353 5349
f 5349 5353 5346
f 5354 5338 4265
f 4265 5338 4262
f 5320 5307 5354
f 5354 5307 5338
f 4201 5308 5303
f 5303 5308 5321
f 5356 5357 5355
f 5355 5357 4799
f 5358 5359 5334
f 5334 5359 5335
f 5358 5360 4093
f 4093 5360 4163
f 5360 5305 4163
f 4163 5305 4876
f 5305 5304 4876
f 4876 5304 4877
f 5270 4778 4079
f 4079 4778 4081
f 4779 5361 4774
f 4774 5361 5357
f 5356 5359 4775
f 4775 5359 4092
f 5333 5304 4982
f 4982 5304 4983
f 5332 4877 5333
f 5333 4877 5304
f 5015 4258 5230
f 5230 4258 5328
f 5327 4172 5328
f 5328 4172 5230
f 4169 5329 4757
f 4757 5329 5331
f 4757 5331 4205
f 4205 5331 4206
f 5331 4276 4206
f 4206 4276 4906
f 4276 4275 4906
f 4906 4275 4907
f 4275 4888 4907
f 4907 4888 4744
f 4887 4717 4745
f 4745 4717 4864
f 4716 5139 4861
f 4861 5139 5190
f 5139 5138 5190
f 5190 5138 5187
f 5138 5216 5187
f 5187 5216 5176
f 5215 5362 5173
f 5173 5362 5130
f 5364 5365 5363
f 5363 5365 5340
f 4742 4863 5366
f 5366 4863 4867
f 4862 5189 4868
f 4868 5189 5184
f 5189 5188 5184
f 5184 5188 5185
f 5188 5175 5185
f 5185 5175 5168
f 3560 3788 3561
f 3561 3788 3790
f 3596 3595 3608
f 3608 3595 3594
f 3598 3582 3595
f 3595 3582 3592
f 3600 3609 3601
f 3601 3609 3611
f 3602 3601 3612
f 3612 3601 3611
f 3606 3605 3613
f 3613 3605 3614
f 3793 5367 3794
f 3794 5367 5368
f 3598 3597 3600
f 3600 3597 3609
f 3793 3792 3575
f 3575 3792 3572
f 3561 3594 3558
f 3558 3594 3593
f 3807 3915 3804
f 3804 3915 3914
f 3916 3915 5370
f 5370 3915 5369
f 3602 3605 3603
f 3603 3605 3604
f 3606 3792 3607
f 3607 3792 3791
f 3914 3913 3560
f 3560 3913 3788
f 5174 5129 5166
f 5166 5129 5371
f 5170 5169 5093
f 5093 5169 5113
f 5166 5371 5090
f 5090 5371 5091
f 5128 5169 5372
f 5372 5169 5172
f 5127 5113 5128
f 5128 5113 5169
f 5114 5206 5203
f 5203 5206 5362
f 5200 5373 5073
f 5073 5373 5096
f 5374 5375 5200
f 5200 5375 5373
f 5039 5047 5374
f 5374 5047 5375
f 5087 5046 5085
f 5085 5046 5376
f 5212 5377 5067
f 5067 5377 5376
f 5042 5045 5212
f 5212 5045 5377
f 5064 5378 5043
f 5043 5378 5044
f 5063 5077 5064
f 5064 5077 5378
f 5079 5082 5198
f 5198 5082 5078
f 5099 5081 5100
f 5100 5081 5379
f 5100 5379 5094
f 5094 5379 5095
f 5381 5382 5380
f 5380 5382 5383
f 5385 5386 5384
f 5384 5386 5383
f 5385 5387 5386
f 5386 5387 5388
f 5390 5391 5389
f 5389 5391 5392
f 5393 5394 5396
f 5396 5394 5395
f 5398 5399 5397
f 5397 5399 5400
f 5402 5403 5401
f 5401 5403 5404
f 5406 5407 5405
f 5405 5407 5404
f 5408 5409 5163
f 5163 5409 5410
f 5411 5412 5414
f 5414 5412 5413
f 5057 5416 5415
f 5415 5416 5417
f 5393 5416 5418
f 5418 5416 5419
f 5396 5395 5420
f 5420 5395 5421
f 5423 5424 5422
f 5422 5424 5425
f 5415 5417 5220
f 5220 5417 5426
f 5418 5391 5393
f 5393 5391 5394
f 5414 5388 5411
f 5411 5388 5392
f 5059 5427 5060
f 5060 5427 5428
f 5423 5427 5429
f 5429 5427 5430
f 5432 5382 5431
f 5431 5382 5425
f 5429 5407 5423
f 5423 5407 5424
f 5380 5409 5381
f 5381 5409 5433
f 5381 5433 5422
f 5422 5433 5428
f 5027 5412 5056
f 5056 5412 5419
f 5435 5436 5434
f 5434 5436 5437
f 5159 5439 5438
f 5438 5439 5440
f 5053 5436 5159
f 5159 5436 5439
f 5441 5403 5398
f 5398 5403 5399
f 5163 5410 5026
f 5026 5410 5413
f 5438 5440 5442
f 5442 5440 5430
f 5444 5445 5443
f 5443 5445 5446
f 5447 5448 5450
f 5450 5448 5449
f 5451 5446 5452
f 5452 5446 5445
f 5454 5455 5453
f 5453 5455 5451
f 5456 5454 5458
f 5458 5454 5457
f 5460 5461 5459
f 5459 5461 5462
f 5464 5465 5463
f 5463 5465 5466
f 5468 5469 5467
f 5467 5469 5470
f 5472 5473 5471
f 5471 5473 5474
f 5475 5476 5478
f 5478 5476 5477
f 5479 5480 5482
f 5482 5480 5481
f 5483 5484 5448
f 5448 5484 5485
f 5448 5485 5449
f 5449 5485 5486
f 5487 5476 5488
f 5488 5476 5475
f 5490 5491 5489
f 5489 5491 5492
f 5494 5495 5493
f 5493 5495 5496
f 5498 5494 5497
f 5497 5494 5493
f 5500 5501 5499
f 5499 5501 5502
f 5503 5504 5446
f 5446 5504 5443
f 5506 5507 5505
f 5505 5507 5508
f 5510 5511 5509
f 5509 5511 5512
f 5514 5515 5513
f 5513 5515 5516
f 5518 5519 5517
f 5517 5519 5520
f 5495 5521 5496
f 5496 5521 5522
f 5524 5525 5523
f 5523 5525 5526
f 5527 5528 5494
f 5494 5528 5495
f 5499 5502 5529
f 5529 5502 5530
f 5531 5532 5485
f 5485 5532 5486
f 5485 5484 5531
f 5531 5484 5533
f 5482 5481 5534
f 5534 5481 5535
f 5536 5512 5506
f 5506 5512 5511
f 5455 5503 5451
f 5451 5503 5446
f 5467 5470 5511
f 5511 5470 5537
f 5538 5467 5510
f 5510 5467 5511
f 5540 5541 5539
f 5539 5541 5542
f 5543 5544 5546
f 5546 5544 5545
f 5548 5472 5547
f 5547 5472 5471
f 5493 5496 5549
f 5549 5496 5550
f 5496 5522 5550
f 5550 5522 5551
f 5553 5554 5552
f 5552 5554 5555
f 5557 5447 5556
f 5556 5447 5558
f 5557 5483 5447
f 5447 5483 5448
f 5478 5477 5553
f 5553 5477 5559
f 5477 5560 5559
f 5559 5560 5561
f 5476 5562 5477
f 5477 5562 5560
f 5476 5487 5562
f 5562 5487 5563
f 5560 5564 5561
f 5561 5564 5565
f 5564 5560 5566
f 5566 5560 5562
f 5563 5567 5562
f 5562 5567 5566
f 5569 5521 5568
f 5568 5521 5570
f 5481 5572 5571
f 5571 5572 5573
f 5574 5535 5571
f 5571 5535 5481
f 5576 5577 5575
f 5575 5577 5578
f 5579 5580 5456
f 5456 5580 5581
f 5475 5582 5488
f 5488 5582 5583
f 5584 5536 5505
f 5505 5536 5506
f 5585 5586 5588
f 5588 5586 5587
f 5590 5591 5589
f 5589 5591 5592
f 5519 5593 5520
f 5520 5593 5594
f 5595 5596 5462
f 5462 5596 5597
f 5599 5600 5598
f 5598 5600 5514
f 5602 5603 5601
f 5601 5603 5604
f 5524 5543 5525
f 5525 5543 5546
f 5543 5524 5606
f 5606 5524 5605
f 5607 5608 5500
f 5500 5608 5501
f 5610 5551 5609
f 5609 5551 5522
f 5611 5510 5598
f 5598 5510 5509
f 5612 5597 5457
f 5457 5597 5458
f 5510 5611 5538
f 5538 5611 5613
f 5580 5508 5581
f 5581 5508 5507
f 5615 5616 5614
f 5614 5616 5617
f 5619 5620 5618
f 5618 5620 5621
f 5623 5624 5622
f 5622 5624 5625
f 5627 5624 5626
f 5626 5624 5623
f 5629 5630 5628
f 5628 5630 5631
f 5633 5634 5632
f 5632 5634 5466
f 5635 5636 5463
f 5463 5636 5637
f 5523 5638 5524
f 5524 5638 5605
f 5639 5640 5641
f 5641 5640 5595
f 5611 5513 5613
f 5613 5513 5642
f 5643 5586 5608
f 5608 5586 5501
f 5622 5625 5590
f 5590 5625 5591
f 5598 5514 5611
f 5611 5514 5513
f 5645 5646 5644
f 5644 5646 5647
f 5620 5619 5491
f 5491 5619 5648
f 5649 5643 5492
f 5492 5643 5608
f 5650 5651 5653
f 5653 5651 5652
f 5463 5466 5635
f 5635 5466 5634
f 5597 5612 5462
f 5462 5612 5459
f 5635 5634 5523
f 5523 5634 5638
f 5654 5638 5633
f 5633 5638 5634
f 5655 5656 5525
f 5525 5656 5526
f 5658 5659 5657
f 5657 5659 5527
f 5660 5464 5637
f 5637 5464 5463
f 5632 5466 5661
f 5661 5466 5465
f 5661 5662 5632
f 5632 5662 5658
f 5662 5663 5658
f 5658 5663 5659
f 5665 5659 5664
f 5664 5659 5663
f 5632 5658 5633
f 5633 5658 5657
f 5666 5629 5530
f 5530 5629 5667
f 5528 5527 5665
f 5665 5527 5659
f 5668 5669 5570
f 5570 5669 5568
f 5669 5668 5670
f 5670 5668 5671
f 5646 5672 5673
f 5672 5674 5673
f 5673 5674 5675
f 5674 5460 5675
f 5675 5460 5459
f 5461 5676 5462
f 5462 5676 5595
f 5677 5678 5680
f 5680 5678 5679
f 5628 5681 5629
f 5629 5681 5667
f 5682 5529 5667
f 5667 5529 5530
f 5675 5459 5683
f 5683 5459 5612
f 5585 5666 5502
f 5502 5666 5530
f 5589 5684 5602
f 5602 5684 5603
f 5646 5645 5663
f 5663 5645 5664
f 5685 5647 5673
f 5673 5647 5646
f 5686 5687 5683
f 5683 5687 5685
f 5688 5689 5533
f 5533 5689 5531
f 5690 5691 5535
f 5535 5691 5534
f 5692 5690 5574
f 5574 5690 5535
f 5685 5687 5689
f 5689 5687 5693
f 5489 5694 5490
f 5490 5694 5695
f 5690 5692 5696
f 5696 5692 5697
f 5696 5644 5690
f 5690 5644 5691
f 5447 5450 5558
f 5558 5450 5698
f 5699 5700 5642
f 5642 5700 5613
f 5701 5702 5540
f 5540 5702 5541
f 5431 5703 5432
f 5432 5703 5697
f 5385 5384 5574
f 5574 5384 5692
f 5389 5387 5573
f 5573 5387 5571
f 5565 5390 5573
f 5573 5390 5389
f 5390 5565 5704
f 5704 5565 5564
f 5566 5705 5564
f 5564 5705 5704
f 5569 5441 5609
f 5609 5441 5398
f 5568 5405 5569
f 5569 5405 5441
f 5670 5706 5669
f 5669 5706 5406
f 5703 5431 5670
f 5670 5431 5706
f 5432 5697 5384
f 5384 5697 5692
f 5574 5571 5385
f 5385 5571 5387
f 5607 5707 5489
f 5489 5707 5694
f 5518 5708 5519
f 5519 5708 5709
f 5711 5576 5710
f 5710 5576 5575
f 5713 5714 5712
f 5712 5714 5715
f 5553 5552 5478
f 5478 5552 5716
f 5717 5475 5716
f 5716 5475 5478
f 5718 5719 5605
f 5605 5719 5606
f 5505 5622 5584
f 5584 5622 5590
f 5508 5623 5505
f 5505 5623 5622
f 5626 5623 5580
f 5580 5623 5508
f 5580 5579 5626
f 5626 5579 5720
f 5579 5721 5720
f 5720 5721 5722
f 5666 5585 5723
f 5723 5585 5588
f 5724 5725 5639
f 5639 5725 5640
f 5554 5726 5555
f 5555 5726 5727
f 5453 5728 5729
f 5689 5688 5685
f 5685 5688 5647
f 5604 5730 5512
f 5512 5730 5509
f 5628 5631 5618
f 5618 5631 5592
f 5601 5604 5536
f 5536 5604 5512
f 5732 5676 5731
f 5731 5676 5660
f 5730 5604 5733
f 5733 5604 5603
f 5563 5487 5551
f 5551 5487 5550
f 5489 5492 5607
f 5607 5492 5608
f 5573 5572 5565
f 5565 5572 5561
f 5609 5522 5569
f 5569 5522 5521
f 5499 5734 5500
f 5500 5734 5735
f 5596 5736 5721
f 5721 5736 5722
f 5737 5600 5594
f 5594 5600 5520
f 5599 5730 5517
f 5517 5730 5733
f 5660 5738 5731
f 5731 5738 5739
f 5648 5649 5491
f 5491 5649 5492
f 5501 5586 5502
f 5502 5586 5585
f 5525 5546 5655
f 5655 5546 5740
f 5600 5599 5520
f 5520 5599 5517
f 5708 5739 5709
f 5709 5739 5738
f 5636 5635 5526
f 5526 5635 5523
f 5670 5671 5703
f 5703 5671 5741
f 5490 5695 5742
f 5742 5695 5743
f 5682 5678 5744
f 5744 5678 5677
f 5678 5681 5679
f 5679 5681 5621
f 5742 5743 5679
f 5679 5743 5680
f 5618 5621 5628
f 5628 5621 5681
f 5725 5724 5589
f 5589 5724 5684
f 5456 5458 5579
f 5579 5458 5721
f 5675 5683 5673
f 5673 5683 5685
f 5529 5682 5745
f 5745 5682 5744
f 5721 5458 5596
f 5596 5458 5597
f 5701 5540 5719
f 5719 5540 5606
f 5703 5741 5697
f 5697 5741 5696
f 5500 5735 5607
f 5607 5735 5707
f 5549 5746 5493
f 5493 5746 5497
f 5700 5747 5613
f 5613 5747 5538
f 5420 5421 5434
f 5434 5421 5400
f 5689 5693 5531
f 5531 5693 5532
f 5705 5566 5748
f 5748 5566 5567
f 5609 5398 5610
f 5610 5398 5397
f 5669 5406 5568
f 5568 5406 5405
f 5488 5583 5549
f 5549 5583 5746
f 5714 5713 5710
f 5710 5713 5711
f 5747 5468 5538
f 5538 5468 5467
f 5548 5547 5749
f 5749 5547 5750
f 5733 5603 5751
f 5751 5603 5684
f 5589 5602 5590
f 5590 5602 5584
f 5636 5752 5614
f 5614 5752 5615
f 5753 5754 5738
f 5738 5754 5755
f 5602 5601 5584
f 5584 5601 5536
f 5723 5736 5630
f 5630 5736 5640
f 5595 5640 5596
f 5596 5640 5736
f 5734 5499 5745
f 5745 5499 5529
f 5627 5587 5643
f 5643 5587 5586
f 5553 5559 5554
f 5554 5559 5480
f 5559 5561 5480
f 5480 5561 5572
f 5554 5480 5726
f 5726 5480 5479
f 5749 5750 5715
f 5715 5750 5712
f 5683 5612 5686
f 5686 5612 5457
f 5678 5682 5681
f 5681 5682 5667
f 5598 5509 5599
f 5599 5509 5730
f 5679 5621 5742
f 5742 5621 5620
f 5652 5616 5653
f 5653 5616 5615
f 5220 5426 5052
f 5052 5426 5437
f 5487 5488 5550
f 5550 5488 5549
f 5742 5620 5490
f 5490 5620 5491
f 5551 5610 5563
f 5563 5610 5567
f 5610 5397 5567
f 5567 5397 5748
f 5614 5617 5753
f 5753 5617 5754
f 5480 5572 5481
f 5755 5756 5738
f 5738 5756 5709
f 5745 5744 5758
f 5758 5744 5757
f 5745 5758 5734
f 5734 5758 5759
f 5735 5734 5760
f 5760 5734 5759
f 5707 5735 5761
f 5761 5735 5760
f 5744 5677 5757
f 5757 5677 5762
f 5677 5680 5762
f 5762 5680 5763
f 5763 5680 5764
f 5764 5680 5743
f 5765 5766 5762
f 5762 5766 5757
f 5768 5769 5767
f 5767 5769 5770
f 5771 5772 5770
f 5770 5772 5767
f 5770 5769 5774
f 5774 5769 5773
f 5775 5776 5774
f 5774 5776 5777
f 5773 5778 5774
f 5774 5778 5775
f 5779 5766 5773
f 5773 5766 5778
f 5777 5771 5774
f 5774 5771 5770
f 5780 5781 5783
f 5783 5781 5782
f 5781 5780 5771
f 5771 5780 5772
f 5773 5769 5779
f 5779 5769 5768
f 5768 5759 5779
f 5779 5759 5758
f 5768 5784 5759
f 5759 5784 5760
f 5767 5785 5768
f 5768 5785 5784
f 5785 5767 5786
f 5786 5767 5772
f 5766 5779 5757
f 5757 5779 5758
f 5780 5787 5772
f 5772 5787 5786
f 5785 5786 5788
f 5788 5786 5789
f 5786 5787 5789
f 5789 5787 5790
f 5788 5789 5791
f 5791 5789 5792
f 5791 5793 5788
f 5788 5793 5794
f 5795 5792 5790
f 5790 5792 5789
f 5785 5788 5784
f 5784 5788 5794
f 5784 5794 5760
f 5760 5794 5761
f 5787 5780 5796
f 5796 5780 5783
f 5775 5778 5797
f 5797 5778 5766
f 5797 5798 5775
f 5775 5798 5776
f 5766 5765 5797
f 5797 5765 5799
f 5798 5797 5800
f 5800 5797 5799
f 5798 5801 5776
f 5776 5801 5802
f 5707 5761 5694
f 5694 5761 5803
f 5695 5804 5743
f 5743 5804 5764
f 5804 5695 5803
f 5803 5695 5694
f 5803 5793 5804
f 5804 5793 5805
f 5793 5791 5805
f 5805 5791 5806
f 5804 5805 5764
f 5764 5805 5807
f 5803 5761 5793
f 5793 5761 5794
f 5808 5763 5807
f 5807 5763 5764
f 5808 5765 5763
f 5763 5765 5762
f 5809 5799 5808
f 5808 5799 5765
f 5809 5808 5810
f 5810 5808 5807
f 5811 5809 5812
f 5812 5809 5810
f 5805 5806 5807
f 5807 5806 5810
f 5806 5813 5810
f 5810 5813 5812
f 5799 5809 5800
f 5800 5809 5811
f 5815 5800 5814
f 5814 5800 5811
f 5814 5817 5816
f 5816 5817 5818
f 5814 5811 5817
f 5817 5811 5812
f 5814 5816 5815
f 5815 5816 5796
f 5815 5796 5801
f 5801 5796 5783
f 5801 5798 5815
f 5815 5798 5800
f 5791 5792 5806
f 5806 5792 5813
f 5818 5813 5795
f 5795 5813 5792
f 5818 5817 5813
f 5813 5817 5812
f 5816 5818 5790
f 5790 5818 5795
f 5790 5787 5816
f 5816 5787 5796
f 5771 5777 5781
f 5781 5777 5782
f 5782 5802 5783
f 5783 5802 5801
f 5782 5777 5802
f 5802 5777 5776
f 5588 5587 5722
f 5722 5587 5720
f 5591 5619 5592
f 5592 5619 5618
f 5625 5624 5648
f 5648 5624 5649
f 5624 5627 5649
f 5649 5627 5643
f 5631 5630 5725
f 5725 5630 5640
f 5625 5648 5591
f 5591 5648 5619
f 5588 5722 5723
f 5723 5722 5736
f 5631 5725 5592
f 5592 5725 5589
f 5723 5630 5666
f 5666 5630 5629
f 5587 5627 5720
f 5720 5627 5626
f 5820 5821 5819
f 5819 5821 5822
f 5824 5825 5823
f 5823 5825 5826
f 5823 5826 5827
f 5827 5826 5828
f 5829 5830 5832
f 5832 5830 5831
f 5518 5833 5708
f 5708 5833 5834
f 5835 5836 5824
f 5824 5836 5825
f 5838 5839 5837
f 5837 5839 5840
f 5751 5684 5842
f 5842 5684 5841
f 5843 5841 5724
f 5724 5841 5684
f 5845 5846 5844
f 5844 5846 5847
f 5848 5830 5836
f 5836 5830 5825
f 5518 5751 5833
f 5833 5751 5842
f 5839 5838 5821
f 5821 5838 5849
f 5850 5848 5822
f 5822 5848 5836
f 5851 5845 5828
f 5828 5845 5852
f 5854 5855 5853
f 5853 5855 5856
f 5845 5844 5852
f 5852 5844 5857
f 5858 5827 5852
f 5852 5827 5828
f 5851 5828 5829
f 5829 5828 5826
f 5819 5859 5820
f 5820 5859 5860
f 5835 5861 5819
f 5819 5861 5859
f 5851 5829 5862
f 5862 5829 5832
f 5844 5847 5837
f 5837 5847 5834
f 5819 5822 5835
f 5835 5822 5836
f 5823 5863 5824
f 5824 5863 5864
f 5849 5850 5821
f 5821 5850 5822
f 5825 5830 5826
f 5826 5830 5829
f 5820 5860 5865
f 5865 5860 5866
f 5858 5854 5867
f 5867 5854 5853
f 5854 5857 5855
f 5855 5857 5840
f 5855 5865 5856
f 5856 5865 5866
f 5837 5840 5844
f 5844 5840 5857
f 5827 5858 5868
f 5868 5858 5867
f 5824 5864 5835
f 5835 5864 5861
f 5732 5731 5862
f 5862 5731 5846
f 5863 5823 5868
f 5868 5823 5827
f 5843 5831 5848
f 5848 5831 5830
f 5854 5858 5857
f 5857 5858 5852
f 5855 5840 5865
f 5865 5840 5839
f 5865 5839 5820
f 5820 5839 5821
f 5868 5867 5870
f 5870 5867 5869
f 5868 5870 5863
f 5863 5870 5871
f 5863 5871 5864
f 5864 5871 5872
f 5864 5872 5861
f 5861 5872 5873
f 5867 5853 5869
f 5869 5853 5874
f 5853 5856 5874
f 5874 5856 5875
f 5856 5866 5875
f 5875 5866 5876
f 5877 5878 5874
f 5874 5878 5869
f 5880 5881 5879
f 5879 5881 5882
f 5883 5884 5880
f 5880 5884 5881
f 5881 5884 5886
f 5886 5884 5885
f 5887 5888 5886
f 5886 5888 5889
f 5885 5890 5886
f 5886 5890 5887
f 5889 5882 5886
f 5886 5882 5881
f 5882 5891 5879
f 5879 5891 5892
f 5885 5884 5893
f 5893 5884 5883
f 5883 5871 5893
f 5893 5871 5870
f 5883 5894 5871
f 5871 5894 5872
f 5880 5895 5883
f 5883 5895 5894
f 5896 5895 5879
f 5879 5895 5880
f 5893 5878 5885
f 5885 5878 5890
f 5878 5893 5869
f 5869 5893 5870
f 5897 5896 5892
f 5892 5896 5879
f 5895 5896 5898
f 5898 5896 5899
f 5896 5897 5899
f 5899 5897 5900
f 5898 5899 5901
f 5901 5899 5902
f 5901 5903 5898
f 5898 5903 5904
f 5900 5905 5899
f 5899 5905 5902
f 5898 5904 5895
f 5895 5904 5894
f 5894 5904 5872
f 5872 5904 5873
f 5897 5892 5907
f 5907 5892 5906
f 5892 5891 5906
f 5906 5891 5908
f 5887 5890 5909
f 5909 5890 5878
f 5888 5887 5910
f 5910 5887 5909
f 5878 5877 5909
f 5909 5877 5911
f 5909 5911 5910
f 5910 5911 5912
f 5913 5914 5910
f 5910 5914 5888
f 5908 5914 5906
f 5906 5914 5913
f 5861 5873 5859
f 5859 5873 5915
f 5860 5916 5866
f 5866 5916 5876
f 5916 5860 5915
f 5915 5860 5859
f 5915 5903 5916
f 5916 5903 5917
f 5903 5901 5917
f 5917 5901 5918
f 5916 5917 5876
f 5876 5917 5919
f 5903 5915 5904
f 5904 5915 5873
f 5920 5875 5919
f 5919 5875 5876
f 5920 5877 5875
f 5875 5877 5874
f 5920 5921 5877
f 5877 5921 5911
f 5921 5920 5922
f 5922 5920 5919
f 5923 5921 5924
f 5924 5921 5922
f 5917 5918 5919
f 5919 5918 5922
f 5918 5925 5922
f 5922 5925 5924
f 5921 5923 5911
f 5911 5923 5912
f 5927 5912 5926
f 5926 5912 5923
f 5926 5929 5928
f 5928 5929 5930
f 5926 5923 5929
f 5929 5923 5924
f 5926 5928 5927
f 5927 5928 5907
f 5927 5907 5913
f 5913 5907 5906
f 5913 5910 5927
f 5927 5910 5912
f 5901 5902 5918
f 5918 5902 5925
f 5930 5925 5905
f 5905 5925 5902
f 5930 5929 5925
f 5925 5929 5924
f 5928 5930 5900
f 5900 5930 5905
f 5900 5897 5928
f 5928 5897 5907
f 5882 5889 5891
f 5891 5889 5908
f 5908 5889 5914
f 5914 5889 5888
f 5832 5831 5641
f 5641 5831 5639
f 5833 5838 5834
f 5834 5838 5837
f 5842 5841 5849
f 5849 5841 5850
f 5841 5843 5850
f 5850 5843 5848
f 5847 5846 5739
f 5739 5846 5731
f 5842 5849 5833
f 5833 5849 5838
f 5862 5832 5732
f 5732 5832 5641
f 5847 5739 5834
f 5834 5739 5708
f 5862 5846 5851
f 5851 5846 5845
f 5831 5843 5639
f 5639 5843 5724
f 5676 5732 5595
f 5595 5732 5641
f 5676 5461 5660
f 5660 5461 5464
f 5461 5460 5464
f 5464 5460 5465
f 5460 5674 5465
f 5465 5674 5661
f 5931 5932 5934
f 5934 5932 5933
f 5936 5937 5935
f 5935 5937 5938
f 5935 5938 5939
f 5939 5938 5940
f 5942 5943 5941
f 5941 5943 5944
f 5945 5946 5936
f 5936 5946 5937
f 5948 5949 5947
f 5947 5949 5950
f 5951 5952 5519
f 5519 5952 5593
f 5953 5951 5709
f 5709 5951 5519
f 5955 5956 5954
f 5954 5956 5957
f 5958 5942 5946
f 5946 5942 5937
f 5948 5959 5949
f 5949 5959 5933
f 5960 5958 5934
f 5934 5958 5946
f 5961 5955 5940
f 5940 5955 5962
f 5963 5964 5966
f 5966 5964 5965
f 5955 5954 5962
f 5962 5954 5967
f 5968 5939 5962
f 5962 5939 5940
f 5961 5940 5941
f 5941 5940 5938
f 5931 5969 5932
f 5932 5969 5970
f 5945 5971 5931
f 5931 5971 5969
f 5941 5944 5961
f 5961 5944 5972
f 5954 5957 5947
f 5947 5957 5973
f 5945 5931 5946
f 5946 5931 5934
f 5935 5974 5936
f 5936 5974 5975
f 5959 5960 5933
f 5933 5960 5934
f 5937 5942 5938
f 5938 5942 5941
f 5932 5970 5976
f 5976 5970 5977
f 5968 5964 5978
f 5978 5964 5963
f 5965 5964 5950
f 5950 5964 5967
f 5976 5977 5965
f 5965 5977 5966
f 5947 5950 5954
f 5954 5950 5967
f 5939 5968 5979
f 5979 5968 5978
f 5936 5975 5945
f 5945 5975 5971
f 5972 5754 5956
f 5956 5754 5617
f 5974 5935 5979
f 5979 5935 5939
f 5953 5943 5958
f 5958 5943 5942
f 5964 5968 5967
f 5967 5968 5962
f 5965 5950 5976
f 5976 5950 5949
f 5976 5949 5932
f 5932 5949 5933
f 5979 5978 5981
f 5981 5978 5980
f 5979 5981 5974
f 5974 5981 5982
f 5974 5982 5975
f 5975 5982 5983
f 5975 5983 5971
f 5971 5983 5984
f 5978 5963 5980
f 5980 5963 5985
f 5963 5966 5985
f 5985 5966 5986
f 5986 5966 5987
f 5987 5966 5977
f 5988 5989 5985
f 5985 5989 5980
f 5991 5992 5990
f 5990 5992 5993
f 5994 5995 5991
f 5991 5995 5992
f 5992 5995 5997
f 5997 5995 5996
f 5998 5999 5997
f 5997 5999 6000
f 5996 6001 5997
f 5997 6001 5998
f 6000 5993 5997
f 5997 5993 5992
f 6002 6003 5993
f 5993 6003 5990
f 5995 5994 5996
f 5996 5994 6004
f 5994 5982 6004
f 6004 5982 5981
f 5994 6005 5982
f 5982 6005 5983
f 5991 6006 5994
f 5994 6006 6005
f 6006 5991 6007
f 6007 5991 5990
f 5996 6004 6001
f 6001 6004 5989
f 5989 6004 5980
f 5980 6004 5981
f 6003 6008 5990
f 5990 6008 6007
f 6009 6006 6010
f 6010 6006 6007
f 6008 6011 6007
f 6007 6011 6010
f 6012 6009 6013
f 6013 6009 6010
f 6009 6012 6015
f 6015 6012 6014
f 6011 6016 6010
f 6010 6016 6013
f 6006 6009 6005
f 6005 6009 6015
f 6005 6015 5983
f 5983 6015 5984
f 6008 6003 6018
f 6018 6003 6017
f 6003 6002 6017
f 6017 6002 6019
f 5998 6001 6020
f 6020 6001 5989
f 5999 5998 6021
f 6021 5998 6020
f 5989 5988 6020
f 6020 5988 6022
f 6021 6020 6023
f 6023 6020 6022
f 6021 6024 5999
f 5999 6024 6025
f 6019 6025 6017
f 6017 6025 6024
f 5971 5984 5969
f 5969 5984 6026
f 5970 6027 5977
f 5977 6027 5987
f 6027 5970 6026
f 6026 5970 5969
f 6026 6014 6027
f 6027 6014 6028
f 6014 6012 6028
f 6028 6012 6029
f 6027 6028 5987
f 5987 6028 6030
f 6026 5984 6014
f 6014 5984 6015
f 6031 5986 6030
f 6030 5986 5987
f 6031 5988 5986
f 5986 5988 5985
f 6032 6022 6031
f 6031 6022 5988
f 6032 6031 6033
f 6033 6031 6030
f 6034 6032 6035
f 6035 6032 6033
f 6028 6029 6030
f 6030 6029 6033
f 6029 6036 6033
f 6033 6036 6035
f 6032 6034 6022
f 6022 6034 6023
f 6038 6023 6037
f 6037 6023 6034
f 6037 6040 6039
f 6039 6040 6041
f 6037 6034 6040
f 6040 6034 6035
f 6037 6039 6038
f 6038 6039 6018
f 6038 6018 6024
f 6024 6018 6017
f 6024 6021 6038
f 6038 6021 6023
f 6012 6013 6029
f 6029 6013 6036
f 6041 6036 6016
f 6016 6036 6013
f 6041 6040 6036
f 6036 6040 6035
f 6041 6016 6039
f 6039 6016 6011
f 6011 6008 6039
f 6039 6008 6018
f 5993 6000 6002
f 6002 6000 6019
f 6019 6000 6025
f 6025 6000 5999
f 5943 5756 5944
f 5944 5756 5755
f 6042 5948 5973
f 5973 5948 5947
f 5952 5951 5959
f 5959 5951 5960
f 5951 5953 5960
f 5960 5953 5958
f 5616 5957 5617
f 5617 5957 5956
f 6042 5952 5948
f 5948 5952 5959
f 5944 5755 5972
f 5972 5755 5754
f 5957 5616 5973
f 5973 5616 5652
f 5956 5955 5972
f 5972 5955 5961
f 5943 5953 5756
f 5756 5953 5709
f 6044 6045 6043
f 6043 6045 6046
f 6048 6049 6047
f 6047 6049 6050
f 6047 6050 6051
f 6051 6050 6052
f 6054 6055 6053
f 6053 6055 6056
f 6057 6058 6060
f 6060 6058 6059
f 6061 6062 6048
f 6048 6062 6049
f 6063 6064 6066
f 6066 6064 6065
f 6067 6068 6070
f 6070 6068 6069
f 6071 6069 5653
f 5653 6069 6068
f 6072 6073 6075
f 6075 6073 6074
f 6062 6076 6049
f 6049 6076 6054
f 6058 6067 6059
f 6059 6067 6070
f 6064 6077 6065
f 6065 6077 6045
f 6078 6076 6046
f 6046 6076 6062
f 6073 6080 6079
f 6079 6080 6052
f 6082 6083 6081
f 6081 6083 6084
f 6072 6085 6073
f 6073 6085 6080
f 6086 6051 6080
f 6080 6051 6052
f 6079 6052 6053
f 6053 6052 6050
f 6043 6087 6044
f 6044 6087 6088
f 6061 6089 6043
f 6043 6089 6087
f 6053 6056 6079
f 6079 6056 6090
f 6063 6072 6060
f 6060 6072 6075
f 6043 6046 6061
f 6061 6046 6062
f 6047 6091 6048
f 6048 6091 6092
f 6077 6078 6045
f 6045 6078 6046
f 6049 6054 6050
f 6050 6054 6053
f 6044 6088 6093
f 6093 6088 6094
f 6086 6082 6095
f 6095 6082 6081
f 6083 6082 6066
f 6066 6082 6085
f 6093 6094 6083
f 6083 6094 6084
f 6072 6063 6085
f 6085 6063 6066
f 6051 6086 6096
f 6096 6086 6095
f 6048 6092 6061
f 6061 6092 6089
f 5656 5655 6090
f 6090 5655 6074
f 6091 6047 6096
f 6096 6047 6051
f 6071 6055 6076
f 6076 6055 6054
f 6082 6086 6085
f 6085 6086 6080
f 6093 6083 6065
f 6065 6083 6066
f 6044 6093 6045
f 6045 6093 6065
f 6096 6095 6098
f 6098 6095 6097
f 6096 6098 6091
f 6091 6098 6099
f 6091 6099 6092
f 6092 6099 6100
f 6092 6100 6089
f 6089 6100 6101
f 6095 6081 6097
f 6097 6081 6102
f 6081 6084 6102
f 6102 6084 6103
f 6103 6084 6104
f 6104 6084 6094
f 6106 6097 6105
f 6105 6097 6102
f 6107 6108 6110
f 6110 6108 6109
f 6111 6112 6108
f 6108 6112 6109
f 6109 6112 6114
f 6114 6112 6113
f 6114 6115 6117
f 6117 6115 6116
f 6113 6118 6114
f 6114 6118 6115
f 6117 6110 6114
f 6114 6110 6109
f 6110 6119 6107
f 6107 6119 6120
f 6112 6111 6113
f 6113 6111 6121
f 6111 6099 6121
f 6121 6099 6098
f 6111 6122 6099
f 6099 6122 6100
f 6123 6122 6108
f 6108 6122 6111
f 6124 6123 6107
f 6107 6123 6108
f 6113 6121 6118
f 6118 6121 6106
f 6106 6121 6097
f 6097 6121 6098
f 6125 6124 6120
f 6120 6124 6107
f 6126 6123 6127
f 6127 6123 6124
f 6125 6128 6124
f 6124 6128 6127
f 6129 6126 6130
f 6130 6126 6127
f 6126 6129 6132
f 6132 6129 6131
f 6128 6133 6127
f 6127 6133 6130
f 6123 6126 6122
f 6122 6126 6132
f 6122 6132 6100
f 6100 6132 6101
f 6120 6134 6125
f 6125 6134 6135
f 6120 6119 6134
f 6134 6119 6136
f 6115 6118 6137
f 6137 6118 6106
f 6115 6137 6116
f 6116 6137 6138
f 6137 6106 6139
f 6139 6106 6105
f 6138 6137 6140
f 6140 6137 6139
f 6141 6142 6138
f 6138 6142 6116
f 6136 6142 6134
f 6134 6142 6141
f 6089 6101 6087
f 6087 6101 6143
f 6088 6144 6094
f 6094 6144 6104
f 6143 6144 6087
f 6087 6144 6088
f 6131 6145 6143
f 6143 6145 6144
f 6129 6146 6131
f 6131 6146 6145
f 6144 6145 6104
f 6104 6145 6147
f 6143 6101 6131
f 6131 6101 6132
f 6148 6103 6147
f 6147 6103 6104
f 6103 6148 6102
f 6102 6148 6105
f 6148 6149 6105
f 6105 6149 6139
f 6149 6148 6150
f 6150 6148 6147
f 6151 6149 6152
f 6152 6149 6150
f 6145 6146 6147
f 6147 6146 6150
f 6146 6153 6150
f 6150 6153 6152
f 6149 6151 6139
f 6139 6151 6140
f 6155 6140 6154
f 6154 6140 6151
f 6154 6157 6156
f 6156 6157 6158
f 6154 6151 6157
f 6157 6151 6152
f 6154 6156 6155
f 6155 6156 6135
f 6155 6135 6141
f 6141 6135 6134
f 6141 6138 6155
f 6155 6138 6140
f 6146 6129 6153
f 6153 6129 6130
f 6158 6153 6133
f 6133 6153 6130
f 6158 6157 6153
f 6153 6157 6152
f 6156 6158 6128
f 6128 6158 6133
f 6128 6125 6156
f 6156 6125 6135
f 6110 6117 6119
f 6119 6117 6136
f 6136 6117 6142
f 6142 6117 6116
f 6055 5615 6056
f 6056 5615 5752
f 6060 6059 6063
f 6063 6059 6064
f 6077 6070 6078
f 6078 6070 6069
f 6069 6071 6078
f 6078 6071 6076
f 6159 6057 6075
f 6075 6057 6060
f 6059 6070 6064
f 6064 6070 6077
f 6056 5752 6090
f 6090 5752 5656
f 6090 6074 6079
f 6079 6074 6073
f 6055 6071 5615
f 5615 6071 5653
f 5547 5471 6160
f 6160 5471 6161
f 5729 5577 6163
f 6163 5577 6162
f 5577 5576 6162
f 6162 5576 6164
f 5713 6165 5711
f 5711 6165 6166
f 5474 5729 6167
f 6167 5729 6163
f 5750 5547 6168
f 6168 5547 6160
f 5471 5474 6161
f 6161 5474 6167
f 6169 5712 6168
f 6168 5712 5750
f 5711 6166 5576
f 5576 6166 6164
f 6165 5713 6169
f 6169 5713 5712
f 6168 6170 6169
f 6169 6170 6171
f 6169 6171 6165
f 6165 6171 6172
f 6165 6172 6166
f 6166 6172 6173
f 6166 6173 6164
f 6164 6173 6174
f 6168 6160 6170
f 6170 6160 6175
f 6160 6161 6175
f 6175 6161 6176
f 6161 6167 6176
f 6176 6167 6177
f 6179 6170 6178
f 6178 6170 6175
f 6181 6182 6180
f 6180 6182 6183
f 6184 6185 6181
f 6181 6185 6182
f 6186 6187 6185
f 6185 6187 6182
f 6186 6188 6187
f 6187 6188 6189
f 6190 6183 6187
f 6187 6183 6182
f 6183 6190 6191
f 6191 6190 6192
f 6191 6193 6183
f 6183 6193 6180
f 6186 6185 6194
f 6194 6185 6184
f 6184 6172 6194
f 6194 6172 6171
f 6184 6195 6172
f 6172 6195 6173
f 6181 6196 6184
f 6184 6196 6195
f 6196 6181 6197
f 6197 6181 6180
f 6186 6194 6188
f 6188 6194 6179
f 6179 6194 6170
f 6170 6194 6171
f 6193 6198 6180
f 6180 6198 6197
f 6199 6196 6200
f 6200 6196 6197
f 6198 6201 6197
f 6197 6201 6200
f 6202 6199 6203
f 6203 6199 6200
f 6199 6202 6205
f 6205 6202 6204
f 6201 6206 6200
f 6200 6206 6203
f 6196 6199 6195
f 6195 6199 6205
f 6195 6205 6173
f 6173 6205 6174
f 6198 6193 6208
f 6208 6193 6207
f 6193 6191 6207
f 6207 6191 6192
f 6189 6188 6209
f 6209 6188 6179
f 6210 6189 6211
f 6211 6189 6209
f 6209 6179 6212
f 6212 6179 6178
f 6211 6209 6213
f 6213 6209 6212
f 6211 6214 6210
f 6210 6214 6215
f 6192 6215 6207
f 6207 6215 6214
f 6190 6187 6210
f 6210 6187 6189
f 6192 6190 6215
f 6215 6190 6210
f 6162 6164 6216
f 6216 6164 6174
f 6167 6163 6177
f 6177 6163 6217
f 6216 6217 6162
f 6162 6217 6163
f 6204 6218 6216
f 6216 6218 6217
f 6202 6219 6204
f 6204 6219 6218
f 6217 6218 6177
f 6177 6218 6220
f 6216 6174 6204
f 6204 6174 6205
f 6221 6176 6220
f 6220 6176 6177
f 6176 6221 6175
f 6175 6221 6178
f 6221 6222 6178
f 6178 6222 6212
f 6222 6221 6223
f 6223 6221 6220
f 6224 6222 6225
f 6225 6222 6223
f 6218 6219 6220
f 6220 6219 6223
f 6219 6226 6223
f 6223 6226 6225
f 6222 6224 6212
f 6212 6224 6213
f 6228 6213 6227
f 6227 6213 6224
f 6229 6227 6231
f 6231 6227 6230
f 6227 6224 6230
f 6230 6224 6225
f 6227 6229 6228
f 6228 6229 6208
f 6228 6208 6214
f 6214 6208 6207
f 6214 6211 6228
f 6228 6211 6213
f 6219 6202 6226
f 6226 6202 6203
f 6231 6226 6206
f 6206 6226 6203
f 6231 6230 6226
f 6226 6230 6225
f 6229 6231 6201
f 6201 6231 6206
f 6201 6198 6229
f 6229 6198 6208
f 5674 5672 5661
f 5661 5672 5662
f 5662 5672 5663
f 5663 5672 5646
f 5651 6042 5652
f 5652 6042 5973
f 5518 5517 5751
f 5751 5517 5733
f 5738 5660 5753
f 5753 5660 5637
f 5752 5636 5656
f 5656 5636 5526
f 5952 6042 5593
f 5593 6042 5651
f 5593 5651 5594
f 5594 5651 5650
f 5600 5737 5514
f 5514 5737 5515
f 5546 5545 5740
f 5740 5545 6232
f 6232 6058 5740
f 5740 6058 6057
f 6067 6058 6233
f 6233 6058 6232
f 6233 6232 6234
f 6234 6232 5545
f 6234 5545 6235
f 6235 5545 5544
f 5606 6236 5543
f 5543 6236 5544
f 6235 5544 5539
f 5539 5544 6236
f 6237 6235 5542
f 5542 6235 5539
f 6235 6237 6234
f 6234 6237 6238
f 6234 6238 6233
f 6233 6238 6239
f 5653 6068 5650
f 5650 6068 6239
f 5642 5513 6240
f 6240 5513 5516
f 5539 6236 5540
f 5540 6236 5606
f 5636 5614 5637
f 5637 5614 5753
f 6239 5737 5650
f 5650 5737 5594
f 6239 6068 6233
f 6233 6068 6067
f 6075 6074 6159
f 6159 6074 5655
f 6057 6159 5740
f 5740 6159 5655
f 5515 5737 6238
f 6238 5737 6239
f 6238 6237 5515
f 5515 6237 5516
f 5542 6240 6237
f 6237 6240 5516
f 6240 5542 5642
f 5642 5542 5541
f 5702 5699 5541
f 5541 5699 5642
f 5582 5475 5717
f 5470 5443 5537
f 5537 5443 5504
f 5469 5444 5470
f 5470 5444 5443
f 5726 5557 5727
f 5727 5557 5556
f 5537 5504 5511
f 5511 5504 5506
f 5504 5503 5506
f 5506 5503 5507
f 5503 5455 5507
f 5507 5455 5581
f 5455 5454 5581
f 5581 5454 5456
f 5473 5453 5474
f 5474 5453 5729
f 5457 5454 5473
f 5473 5454 5453
f 5473 5472 5457
f 5457 5472 5686
f 5472 5548 5686
f 5686 5548 5687
f 5749 5693 5548
f 5548 5693 5687
f 5715 5532 5749
f 5749 5532 5693
f 5714 5486 5715
f 5715 5486 5532
f 5714 5710 5486
f 5486 5710 5449
f 5728 5578 5729
f 5729 5578 5577
f 5452 5445 5698
f 5698 5445 5558
f 5445 5444 5558
f 5558 5444 5556
f 5444 5469 5556
f 5556 5469 5727
f 5469 5468 5727
f 5727 5468 5555
f 5468 5747 5555
f 5555 5747 5552
f 5747 5700 5552
f 5552 5700 5716
f 5700 5699 5716
f 5716 5699 5717
f 5699 5702 5717
f 5717 5702 5582
f 5702 5701 5582
f 5582 5701 5583
f 5726 5479 5557
f 5557 5479 5483
f 5483 5479 5484
f 5484 5479 5482
f 5534 5533 5482
f 5482 5533 5484
f 5691 5688 5534
f 5534 5688 5533
f 5644 5647 5691
f 5691 5647 5688
f 5719 5746 5701
f 5701 5746 5583
f 5718 5497 5719
f 5719 5497 5746
f 5718 5605 5654
f 5654 5605 5638
f 5498 5654 5657
f 5657 5654 5633
f 5497 5718 5498
f 5498 5718 5654
f 5657 5527 5498
f 5498 5527 5494
f 5528 5570 5495
f 5495 5570 5521
f 5665 5668 5528
f 5528 5668 5570
f 5664 5671 5665
f 5665 5671 5668
f 5645 5741 5664
f 5664 5741 5671
f 5644 5696 5645
f 5645 5696 5741
f 5710 5575 5449
f 5449 5575 5450
f 5575 5578 5450
f 5450 5578 5698
f 5578 5728 5698
f 5698 5728 5452
f 5452 5728 5451
f 5451 5728 5453
f 3619 6241 3620
f 3620 6241 6242
f 6243 6244 3628
f 3628 6244 3629
f 6245 6246 3634
f 3634 6246 3631
f 6247 6248 3636
f 3636 6248 3637
f 6249 6250 3642
f 3642 6250 3639
f 3639 6250 3643
f 3643 6250 6251
f 3743 6252 3744
f 3744 6252 6253
f 6246 6243 3631
f 3631 6243 3628
f 3753 6254 3754
f 3754 6254 6255
f 3857 6256 3619
f 3619 6256 6241
f 6257 6245 3932
f 3932 6245 3634
f 6242 6247 3620
f 3620 6247 3636
f 6258 6259 3946
f 3946 6259 3947
f 6260 6249 3948
f 3948 6249 3642
f 6244 6258 3629
f 3629 6258 3946
f 3947 6259 3753
f 3753 6259 6254
f 6248 6260 3637
f 3637 6260 3948
f 3643 6251 3743
f 3743 6251 6252
f 3744 6253 3932
f 3932 6253 6257
f 6250 6249 6251
f 6251 6249 6252
f 6245 6261 6246
f 6246 6261 6262
f 6263 6264 6247
f 6247 6264 6248
f 6252 6265 6253
f 6253 6265 6266
f 6246 6262 6243
f 6243 6262 6267
f 6268 6261 6257
f 6257 6261 6245
f 6269 6263 6242
f 6242 6263 6247
f 6270 6271 6260
f 6260 6271 6249
f 6264 6270 6248
f 6248 6270 6260
f 6253 6266 6257
f 6257 6266 6268
f 6249 6271 6252
f 6252 6271 6265
f 6254 6259 6272
f 6272 6259 6273
f 6266 6265 6270
f 6270 6265 6271
f 6268 6266 6264
f 6264 6266 6270
f 6261 6268 6263
f 6263 6268 6264
f 6269 6262 6263
f 6263 6262 6261
f 4186 4185 6274
f 6274 4185 6275
f 6241 6276 6242
f 6242 6276 6269
f 6258 6244 6277
f 6277 6244 6278
f 6256 6279 6241
f 6241 6279 6276
f 6259 6258 6273
f 6273 6258 6277
f 6243 6267 6244
f 6244 6267 6278
f 6276 6267 6269
f 6269 6267 6262
f 6254 6272 6255
f 6255 6272 6280
f 3865 3713 3888
f 3888 3713 3685
f 5242 5233 3892
f 3892 5233 3711
f 3900 5243 3892
f 3892 5243 5242
f 3734 3866 3900
f 3900 3866 5243
f 4117 6281 4118
f 4118 6281 6282
f 4118 6282 4278
f 4278 6282 4879
f 4717 4887 4718
f 4718 4887 4280
f 4792 4278 4882
f 4882 4278 4879
f 4795 4792 6283
f 6283 4792 4882
f 4852 4851 5012
f 5012 4851 6284
f 4856 5207 4857
f 4857 5207 4858
f 4860 4279 4857
f 4857 4279 4854
f 4718 4280 4860
f 4860 4280 4279
f 4864 4863 4745
f 4745 4863 4742
f 5366 4867 5011
f 5011 4867 4866
f 4871 4884 4872
f 4872 4884 4883
f 4872 4883 4117
f 4117 4883 6281
f 6284 4851 6283
f 6283 4851 4795
f 4852 4866 4853
f 4853 4866 4865
f 4871 4870 4856
f 4856 4870 5207
f 4717 4716 4864
f 4864 4716 4861
f 4868 4867 4862
f 4862 4867 4863
f 4268 4855 4269
f 4269 4855 4854
f 4281 4274 4282
f 4282 4274 4765
f 4744 4743 4907
f 4907 4743 4904
f 4874 4881 4820
f 4820 4881 4880
f 4885 5013 4886
f 4886 5013 4980
f 4888 4275 4281
f 4281 4275 4274
f 4902 6282 4903
f 4903 6282 6281
f 6283 4979 6284
f 6284 4979 4978
f 4282 4765 4269
f 4269 4765 4266
f 4880 4879 4902
f 4902 4879 6282
f 4903 6281 4886
f 4886 6281 4883
f 4882 4881 6283
f 6283 4881 4979
f 5013 4885 4267
f 4267 4885 4268
f 4888 4887 4744
f 4744 4887 4745
f 4410 6285 4411
f 4411 6285 4812
f 4750 4749 6286
f 6286 4749 6287
f 6289 4695 6288
f 6288 4695 4255
f 4750 4675 4751
f 4751 4675 4965
f 6290 6291 4963
f 4963 6291 4960
f 4807 4806 4411
f 4411 4806 4408
f 6292 6293 4959
f 4959 6293 4956
f 4958 6294 4959
f 4959 6294 4955
f 4962 4964 4963
f 4963 4964 4805
f 4962 4961 4751
f 4751 4961 4748
f 6296 6297 6295
f 6295 6297 6298
f 6299 6300 6288
f 6288 6300 4735
f 6302 4961 6301
f 6301 4961 4960
f 6304 6287 6303
f 6303 6287 4749
f 4968 6305 4969
f 4969 6305 6306
f 4413 6308 6307
f 6307 6308 4900
f 6301 4960 6309
f 6309 4960 6291
f 4412 4408 6310
f 6310 4408 4806
f 4696 6311 4256
f 4256 6311 6312
f 6303 4749 6313
f 6313 4749 4748
f 6313 4748 6302
f 6302 4748 4961
f 6315 6316 6314
f 6314 6316 6317
f 4084 6318 6315
f 6315 6318 6316
f 4083 6319 4084
f 4084 6319 6318
f 4112 6320 4083
f 4083 6320 6319
f 6322 4138 6321
f 6321 4138 4137
f 6324 4128 6323
f 6323 4128 4127
f 4127 4193 6323
f 6323 4193 6325
f 4193 4891 6325
f 6325 4891 6326
f 4891 6327 6326
f 6326 6327 6328
f 6327 4824 5227
f 5227 4824 5228
f 5231 4684 6329
f 6329 4684 4683
f 4683 4099 6329
f 6329 4099 6330
f 4099 4102 6330
f 6330 4102 6331
f 4174 4826 4429
f 4429 4826 4829
f 4173 4741 4174
f 4174 4741 4826
f 4180 4738 4173
f 4173 4738 4741
f 6332 6333 4180
f 4180 6333 4738
f 6274 6334 4186
f 4186 6334 4188
f 4181 4825 4180
f 4180 4825 6332
f 5044 5213 5045
f 5045 5213 5165
f 5046 5087 5047
f 5047 5087 5222
f 5077 5063 5078
f 5078 5063 5198
f 5081 5099 5082
f 5082 5099 5194
f 5095 5074 5096
f 5096 5074 5073
f 5373 5170 5096
f 5096 5170 5093
f 5375 5171 5373
f 5373 5171 5170
f 5047 5222 5375
f 5375 5222 5171
f 5046 5038 5376
f 5376 5038 5067
f 5377 5086 5376
f 5376 5086 5085
f 5045 5165 5377
f 5377 5165 5086
f 5378 5214 5044
f 5044 5214 5213
f 5077 5034 5378
f 5378 5034 5214
f 5082 5194 5078
f 5078 5194 5035
f 5081 5080 5379
f 5379 5080 6335
f 5379 6335 5095
f 5095 6335 5074
f 5032 5080 5033
f 5033 5080 5079
f 5040 5017 5041
f 5041 5017 5016
f 5050 5043 5051
f 5051 5043 5042
f 5065 5023 5066
f 5066 5023 5022
f 5050 5049 5065
f 5065 5049 5023
f 5041 5016 5068
f 5068 5016 5020
f 5071 5374 5072
f 5072 5374 5200
f 5075 5156 5076
f 5076 5156 5155
f 5162 5212 5068
f 5068 5212 5067
f 5075 5074 5192
f 5192 5074 6335
f 5066 5022 5199
f 5199 5022 5196
f 5076 5155 5072
f 5072 5155 5069
f 5040 5039 5071
f 5071 5039 5374
f 5162 5161 5051
f 5051 5161 5048
f 5192 6335 5032
f 5032 6335 5080
f 5199 5196 5033
f 5033 5196 5030
f 5018 5211 5019
f 5019 5211 5408
f 5019 5408 5021
f 5021 5408 5163
f 5024 5057 5025
f 5025 5057 5415
f 5028 5048 5029
f 5029 5048 5161
f 5054 5031 5055
f 5055 5031 5030
f 5024 5023 5058
f 5058 5023 5049
f 5061 5070 5062
f 5062 5070 5069
f 5157 5438 5158
f 5158 5438 5442
f 5160 5191 5054
f 5054 5191 5031
f 5029 5161 5021
f 5021 5161 5020
f 5025 5415 5197
f 5197 5415 5220
f 5158 5442 5062
f 5062 5442 5059
f 5018 5017 5061
f 5061 5017 5070
f 5160 5159 5157
f 5157 5159 5438
f 5028 5027 5058
f 5058 5027 5056
f 5055 5030 5197
f 5197 5030 5196
f 5409 5380 5410
f 5410 5380 6336
f 5026 5413 5027
f 5027 5413 5412
f 5396 5417 5393
f 5393 5417 5416
f 5416 5057 5419
f 5419 5057 5056
f 5417 5396 5426
f 5426 5396 5420
f 5427 5423 5428
f 5428 5423 5422
f 5427 5059 5430
f 5430 5059 5442
f 5409 5408 5433
f 5433 5408 5211
f 5433 5211 5428
f 5428 5211 5060
f 5412 5411 5419
f 5419 5411 5418
f 5436 5053 5437
f 5437 5053 5052
f 5439 5402 5440
f 5440 5402 5401
f 5436 5435 5439
f 5439 5435 5402
f 5410 6336 5413
f 5413 6336 5414
f 5440 5401 5430
f 5430 5401 5429
f 5426 5420 5437
f 5437 5420 5434
f 5382 5432 5383
f 5383 5432 5384
f 5386 6336 5383
f 5383 6336 5380
f 6336 5386 5414
f 5414 5386 5388
f 5391 5418 5392
f 5392 5418 5411
f 5705 5395 5704
f 5704 5395 5394
f 5399 5435 5400
f 5400 5435 5434
f 5403 5441 5404
f 5404 5441 5405
f 5407 5429 5404
f 5404 5429 5401
f 5395 5705 5421
f 5421 5705 5748
f 5424 5706 5425
f 5425 5706 5431
f 5391 5390 5394
f 5394 5390 5704
f 5392 5388 5389
f 5389 5388 5387
f 5382 5381 5425
f 5425 5381 5422
f 5407 5406 5424
f 5424 5406 5706
f 5403 5402 5399
f 5399 5402 5435
f 5421 5748 5400
f 5400 5748 5397
f 4097 4721 4098
f 4098 4721 4231
f 4233 5273 4098
f 4098 5273 4095
f 6337 6338 4785
f 4785 6338 4786
f 4076 4780 4073
f 4073 4780 4781
f 4782 4190 4781
f 4781 4190 4073
f 4783 4901 4782
f 4782 4901 4190
f 4780 4076 4097
f 4097 4076 4721
f 6337 2879 4701
f 4701 2879 2878
f 5280 6339 5272
f 5272 6339 6340
f 5282 5281 6341
f 6341 5281 6342
f 4109 6302 4110
f 4110 6302 6301
f 4283 6304 4284
f 4284 6304 6303
f 6305 4379 6306
f 6306 4379 4378
f 4110 6301 4428
f 4428 6301 6309
f 6310 4688 4412
f 4412 4688 4687
f 4284 6303 4753
f 4753 6303 6313
f 4753 6313 4109
f 4109 6313 6302
f 6343 5226 4428
f 4428 5226 4427
f 4147 4900 4416
f 4416 4900 6308
f 6312 6311 4241
f 4241 6311 4720
f 5223 6344 4702
f 4702 6344 4699
f 4221 4220 6345
f 6345 4220 6346
f 5276 5275 6347
f 6347 5275 6348
f 5275 4728 6348
f 6348 4728 6349
f 4727 6350 5284
f 5284 6350 5285
f 6351 6352 6354
f 6354 6352 6353
f 5313 5312 5292
f 5292 5312 5293
f 5312 5344 5293
f 5293 5344 5337
f 5344 4914 5337
f 5337 4914 4916
f 4914 4913 4916
f 4916 4913 4917
f 4913 6355 4917
f 4917 6355 4978
f 6356 6357 6284
f 6284 6357 5012
f 6357 6358 5012
f 5012 6358 5011
f 5011 6358 5366
f 5366 6358 6359
f 6360 4742 6359
f 6359 4742 5366
f 4743 6361 4904
f 4904 6361 5364
f 5363 4905 5364
f 5364 4905 4904
f 5363 6362 4905
f 4905 6362 4207
f 6362 6363 4207
f 4207 6363 4208
f 6363 5342 4208
f 4208 5342 5330
f 5342 5341 5330
f 5330 5341 4244
f 5341 6364 4244
f 4244 6364 4245
f 6364 6365 4245
f 4245 6365 4246
f 6366 6367 4253
f 4253 6367 4250
f 4214 6368 4211
f 4211 6368 4380
f 4380 4379 4211
f 4211 4379 4283
f 4379 6305 4283
f 4283 6305 6304
f 6305 4968 6304
f 6304 4968 6287
f 4968 4967 6287
f 6287 4967 6286
f 4967 6297 6286
f 6286 6297 4676
f 6296 4376 4288
f 4288 4376 4285
f 4376 4373 4285
f 4285 4373 4290
f 6369 6370 6372
f 6372 6370 6371
f 5245 6373 5246
f 5246 6373 6374
f 4317 6375 4318
f 4318 6375 6376
f 4331 6377 4332
f 4332 6377 6378
f 6379 4333 6376
f 6376 4333 4318
f 4343 6380 4344
f 4344 6380 6381
f 4347 6382 4348
f 4348 6382 6383
f 4374 6371 4331
f 4331 6371 6377
f 4333 6379 4426
f 4426 6379 6384
f 4690 6385 4347
f 4347 6385 6382
f 4332 6378 4317
f 4317 6378 6375
f 4922 6386 4923
f 4923 6386 6387
f 6388 6389 4375
f 4375 6389 6390
f 6355 6356 4978
f 4978 6356 6284
f 4742 6360 4743
f 4743 6360 6361
f 6391 4238 6392
f 6392 4238 4719
f 6392 4719 6393
f 6393 4719 5296
f 6395 6396 6394
f 6394 6396 6397
f 6399 6400 6398
f 6398 6400 6401
f 6402 5302 6403
f 6403 5302 5303
f 5303 5321 6403
f 6403 5321 6404
f 5320 6405 5321
f 5321 6405 6404
f 5319 6406 5350
f 5350 6406 5351
f 5319 5318 6406
f 6406 5318 6407
f 5288 4197 6408
f 6408 4197 6409
f 4217 4216 6410
f 6410 4216 6411
f 5227 6412 6327
f 6327 6412 6328
f 4892 6413 5227
f 5227 6413 6412
f 4228 6414 4892
f 4892 6414 6413
f 4227 6415 4228
f 4228 6415 6414
f 4248 6416 4227
f 4227 6416 6415
f 4247 6417 4248
f 4248 6417 6416
f 6417 4247 6419
f 6419 4247 6418
f 6419 6418 6421
f 6421 6418 6420
f 6422 5301 6423
f 6423 5301 5300
f 6423 5300 6424
f 6424 5300 6399
f 6408 6409 6398
f 6398 6409 6425
f 6426 6427 6397
f 6397 6427 6394
f 6428 4224 6429
f 6429 4224 4223
f 6347 6346 5276
f 5276 6346 4220
f 6346 6347 6341
f 6341 6347 6339
f 5280 5278 5282
f 5282 5278 4236
f 4896 5224 4684
f 4684 5224 4681
f 4132 4135 4896
f 4896 4135 5224
f 4131 4136 4132
f 4132 4136 4135
f 4226 4754 4131
f 4131 4754 4136
f 4251 4213 4226
f 4226 4213 4754
f 4250 4214 4251
f 4251 4214 4213
f 4250 6367 4214
f 4214 6367 6368
f 6367 4910 6368
f 6368 4910 4737
f 4909 5297 4736
f 4736 5297 5296
f 5297 6395 5296
f 5296 6395 6393
f 6427 6430 6394
f 6394 6430 6431
f 6429 4383 6428
f 6428 4383 4382
f 4219 5277 4220
f 4220 5277 5276
f 4222 4697 4383
f 4383 4697 4218
f 6345 4699 4221
f 4221 4699 6344
f 6342 4700 6345
f 6345 4700 4699
f 4235 4786 5281
f 5281 4786 6338
f 4234 4787 4235
f 4235 4787 4786
f 5279 5278 6432
f 6432 5278 5271
f 4237 5279 6433
f 6433 5279 6432
f 4787 4234 6433
f 6433 4234 4237
f 6435 6436 6434
f 6434 6436 6437
f 6359 6438 6360
f 6360 6438 6437
f 6439 6440 6441
f 6441 6440 6438
f 6443 6439 6442
f 6442 6439 6441
f 6357 6356 6442
f 6442 6356 6444
f 6444 6446 6445
f 6445 6446 6447
f 4912 6446 4913
f 4913 6446 6355
f 6361 6436 5364
f 5364 6436 5365
f 5319 5350 5316
f 5316 5350 6448
f 4832 6449 5350
f 5350 6449 6448
f 4831 6450 4832
f 4832 6450 6449
f 5354 6451 5320
f 5320 6451 6405
f 4265 6452 5354
f 5354 6452 6451
f 4264 6453 4265
f 4265 6453 6452
f 6450 4831 6447
f 6447 4831 6445
f 4263 6435 4264
f 4264 6435 6434
f 6454 6453 6439
f 6439 6453 6440
f 6439 6443 6454
f 6454 6443 4834
f 4833 6455 4834
f 4834 6455 6454
f 5351 6456 4833
f 4833 6456 6455
f 6457 6391 6458
f 6458 6391 6392
f 6458 6392 6431
f 6431 6392 6393
f 5298 6396 5297
f 5297 6396 6395
f 6402 6400 5302
f 5302 6400 5299
f 6402 6403 6459
f 6459 6403 6460
f 6460 6403 6461
f 6461 6403 6404
f 6405 6462 6404
f 6404 6462 6461
f 6406 6462 5351
f 5351 6462 6456
f 6406 6407 6462
f 6462 6407 6461
f 6407 6463 6461
f 6461 6463 6460
f 6463 6464 6460
f 6460 6464 6459
f 6464 6465 6459
f 6459 6465 6401
f 6430 6466 6431
f 6431 6466 6458
f 6466 6410 6458
f 6458 6410 6457
f 6410 6411 6457
f 6457 6411 6467
f 6396 6424 6397
f 6397 6424 6425
f 6393 6395 6431
f 6431 6395 6394
f 6451 6456 6405
f 6405 6456 6462
f 6452 6455 6451
f 6451 6455 6456
f 6453 6454 6452
f 6452 6454 6455
f 6443 6445 4834
f 4834 6445 4831
f 6440 6453 6434
f 6434 6453 4264
f 6468 5306 5360
f 5360 5306 5305
f 6469 4124 6468
f 6468 4124 5306
f 6470 4125 6469
f 6469 4125 4124
f 6471 5291 6470
f 6470 5291 4125
f 6353 5292 6471
f 6471 5292 5291
f 5292 6353 5313
f 5313 6353 6352
f 5347 5314 6352
f 6352 5314 5313
f 5353 5318 5346
f 5346 5318 5317
f 5334 6468 5358
f 5358 6468 5360
f 5324 6469 5334
f 5334 6469 6468
f 5323 6470 5324
f 5324 6470 6469
f 5343 6471 5323
f 5323 6471 6470
f 6354 6353 5343
f 5343 6353 6471
f 6348 6349 4270
f 4270 6349 5311
f 5272 6340 5273
f 5273 6340 4272
f 6432 5271 4232
f 4232 5271 4233
f 4294 6432 4295
f 4295 6432 4232
f 6432 4294 6433
f 6433 4294 4301
f 4301 4300 6433
f 6433 4300 4787
f 4704 4784 4300
f 4300 4784 4787
f 4704 3013 4784
f 4784 3013 1307
f 5103 6472 5104
f 5104 6472 5202
f 5108 5116 5105
f 5105 5116 5115
f 5111 5124 5112
f 5112 5124 5123
f 5154 5205 5105
f 5105 5205 5106
f 5167 5180 5168
f 5168 5180 5185
f 5175 5188 5176
f 5176 5188 5187
f 5112 5123 5178
f 5178 5123 5120
f 5167 5090 5183
f 5183 5090 5089
f 5210 5151 5183
f 5183 5151 5181
f 5216 5138 5217
f 5217 5138 5137
f 5218 5119 5219
f 5219 5119 5221
f 5218 5178 5119
f 5119 5178 5120
f 5217 5137 5104
f 5104 5137 5101
f 5116 5108 5221
f 5221 5108 5219
f 5111 5110 5210
f 5210 5110 5151
f 5154 5153 5103
f 5103 5153 6472
f 5216 5215 5176
f 5176 5215 5173
f 5175 5174 5168
f 5168 5174 5166
f 5091 5172 5092
f 5092 5172 5208
f 5117 5037 5118
f 5118 5037 5036
f 5121 5164 5122
f 5122 5164 5133
f 5125 5084 5126
f 5126 5084 5083
f 5129 5174 5130
f 5130 5174 5173
f 5131 5202 5132
f 5132 5202 6472
f 5135 5221 5122
f 5122 5221 5119
f 5125 5124 5136
f 5136 5124 5209
f 5126 5083 5121
f 5121 5083 5164
f 5118 5036 5195
f 5195 5036 5193
f 5131 5097 5203
f 5203 5097 5114
f 5132 6472 5195
f 5195 6472 5153
f 5136 5209 5092
f 5092 5209 5089
f 5135 5134 5117
f 5117 5134 5037
f 5362 5206 5130
f 5130 5206 5127
f 5372 5371 5128
f 5128 5371 5129
f 5371 5372 5091
f 5091 5372 5172
f 5362 5215 5203
f 5203 5215 5201
f 6463 6407 5353
f 5353 6407 5318
f 6464 6463 5352
f 5352 6463 5353
f 6408 6465 5288
f 5288 6465 5289
f 4196 4224 6426
f 6426 4224 6427
f 6430 6427 6428
f 6428 6427 4224
f 6466 6430 4382
f 4382 6430 6428
f 6410 6466 4217
f 4217 6466 4382
f 4240 4239 3015
f 3015 4239 3016
f 4254 4257 3017
f 3017 4257 3018
f 6473 6474 4732
f 4732 6474 6475
f 6474 6374 6475
f 6475 6374 6373
f 5246 6374 3022
f 3022 6374 3023
f 4254 6299 4255
f 4255 6299 6288
f 6473 6300 3024
f 3024 6300 3025
f 6476 4257 6312
f 6312 4257 4256
f 4240 6476 4241
f 4241 6476 6312
f 6477 4239 6391
f 6391 4239 4238
f 6467 6477 6457
f 6457 6477 6391
f 6411 3029 6467
f 6467 3029 3028
f 4216 3030 6411
f 6411 3030 3029
f 6479 6480 6478
f 6478 6480 6481
f 6483 6484 6482
f 6482 6484 6485
f 6486 6487 4102
f 4102 6487 6331
f 6483 6488 6478
f 6478 6488 6489
f 4429 4829 6490
f 6490 4829 6479
f 6491 6486 4101
f 4101 6486 4102
f 4895 6491 4899
f 4899 6491 4101
f 4160 6488 4157
f 4157 6488 6492
f 6489 4087 6490
f 6490 4087 4090
f 4267 4261 5013
f 5013 4261 4260
f 4258 4261 5328
f 5328 4261 4975
f 4261 4267 4975
f 4975 4267 4266
f 5367 3793 3912
f 3912 3793 3575
f 6494 3616 6493
f 6493 3616 3795
f 6496 3589 6495
f 6495 3589 3588
f 6495 3588 5368
f 5368 3588 3794
f 3841 3840 3050
f 3050 3840 3051
f 3912 3911 3052
f 3052 3911 3053
f 3929 3930 3054
f 3054 3930 3055
f 5370 3930 3916
f 3916 3930 3923
f 3938 5369 3807
f 3807 5369 3915
f 3589 6496 3806
f 3806 6496 3937
f 3938 3937 3056
f 3056 3937 3057
f 3051 3840 3058
f 3058 3840 3943
f 3730 4808 3727
f 3727 4808 3943
f 3820 3951 3795
f 3795 3951 6493
f 3951 3841 3059
f 3059 3841 3050
f 3911 3574 6494
f 6494 3574 3616
f 3823 3929 3824
f 3824 3929 3952
f 4061 4060 3060
f 3060 4060 3061
f 6497 6498 4901
f 4901 6498 4790
f 6333 6499 4738
f 4738 6499 4739
f 6500 6501 6314
f 6314 6501 4418
f 6502 6275 4417
f 4417 6275 4185
f 6503 6497 4783
f 4783 6497 4901
f 6498 4060 4790
f 4790 4060 4059
f 4808 4061 3069
f 3069 4061 3060
f 5367 3071 5368
f 5368 3071 3070
f 5369 3073 5370
f 5370 3073 3072
f 6274 6275 3074
f 3074 6275 3075
f 6499 6504 4739
f 4739 6504 6317
f 6333 6332 3077
f 3077 6332 3078
f 6334 6274 3079
f 3079 6274 3074
f 6332 4825 3078
f 3078 4825 3080
f 6334 6503 4188
f 4188 6503 4783
f 4825 4689 3080
f 3080 4689 1330
f 6506 4747 6505
f 6505 4747 4746
f 6505 6507 6506
f 6506 6507 6508
f 4297 6509 4920
f 4920 6509 6510
f 4296 6511 4297
f 4297 6511 6509
f 6506 6508 4319
f 4319 6508 6512
f 4372 4371 6514
f 6514 4371 6513
f 6511 4296 5251
f 5251 4296 4305
f 5251 5250 6511
f 6511 5250 6515
f 6516 6509 6515
f 6515 6509 6511
f 6517 6507 6519
f 6519 6507 6518
f 6512 6520 6513
f 6513 6520 6514
f 6507 6517 6508
f 6508 6517 6521
f 5249 6523 6522
f 6522 6523 6524
f 6525 6370 5253
f 5253 6370 6526
f 4370 4323 4371
f 4371 4323 4326
f 4370 3103 4323
f 4323 3103 1541
f 6521 6517 6527
f 6527 6517 6519
f 6520 6528 6514
f 6514 6528 6529
f 6531 6532 6530
f 6530 6532 6533
f 5250 6534 6515
f 6515 6534 6535
f 6530 6533 6536
f 6536 6533 6537
f 6526 6538 6534
f 6534 6538 6537
f 6515 6535 6516
f 6516 6535 6539
f 4325 4321 4326
f 4326 4321 4320
f 4371 4326 6513
f 6513 4326 4320
f 6531 4731 6541
f 6541 4731 6540
f 4731 4730 6540
f 6540 4730 6542
f 4730 3121 6542
f 6542 3121 3120
f 6530 4328 6531
f 6531 4328 4731
f 4328 6530 4329
f 4329 6530 6536
f 4329 6536 6524
f 6524 6536 6543
f 6544 6545 6522
f 6522 6545 5248
f 6389 6388 5245
f 5245 6388 6373
f 6388 6546 6373
f 6373 6546 6475
f 4733 6546 6295
f 6295 6546 4377
f 4732 6475 4733
f 4733 6475 6546
f 4393 4432 4394
f 4394 4432 4435
f 4434 4672 4842
f 4842 4672 4671
f 4440 4439 4441
f 4441 4439 4438
f 4436 4450 4437
f 4437 4450 4398
f 4447 4444 4448
f 4448 4444 4392
f 4446 4464 4433
f 4433 4464 6547
f 4454 4423 4455
f 4455 4423 4422
f 4452 4481 4453
f 4453 4481 4480
f 4458 4389 4459
f 4459 4389 4388
f 4456 4471 4457
f 4457 4471 4468
f 4391 4460 4392
f 4392 4460 4448
f 4461 4467 4445
f 4445 4467 4465
f 4437 4398 4629
f 4629 4398 4397
f 4438 4628 4441
f 4441 4628 4631
f 4841 4629 4839
f 4839 4629 4397
f 4628 4842 4631
f 4631 4842 4671
f 4930 4989 4452
f 4452 4989 4481
f 4929 4927 4436
f 4436 4927 4450
f 4933 4387 4934
f 4934 4387 4386
f 4931 4475 4932
f 4932 4475 4474
f 4936 4449 4933
f 4933 4449 4387
f 4935 4472 4456
f 4456 4472 4471
f 4389 4458 4391
f 4391 4458 4460
f 4457 4468 4461
f 4461 4468 4467
f 4934 4386 4454
f 4454 4386 4423
f 4453 4480 4931
f 4931 4480 4475
f 4575 4997 4576
f 4576 4997 4639
f 4579 4596 4580
f 4580 4596 4595
f 4583 4582 4572
f 4572 4582 4569
f 4587 4944 4588
f 4588 4944 4562
f 4588 4562 4590
f 4590 4562 4561
f 4576 4639 4642
f 4642 4639 4638
f 4642 4845 4641
f 4641 4845 4846
f 4845 4590 4846
f 4846 4590 4561
f 4941 4938 4595
f 4595 4938 4580
f 4938 4940 4668
f 4668 4940 4669
f 4583 4942 4584
f 4584 4942 4947
f 4582 4587 4569
f 4569 4587 4586
f 5000 5001 4579
f 4579 5001 4596
f 4558 4560 4585
f 4585 4560 4586
f 4565 4639 4566
f 4566 4639 4997
f 4568 4567 4577
f 4577 4567 4578
f 4570 4554 4571
f 4571 4554 4556
f 4640 4565 4637
f 4637 4565 4546
f 4662 4664 4665
f 4665 4664 4844
f 4662 4558 4589
f 4589 4558 4585
f 4554 4570 4557
f 4557 4570 4560
f 4571 4667 4572
f 4572 4667 4943
f 4551 4670 4552
f 4552 4670 4666
f 4640 4664 4638
f 4638 4664 4663
f 4670 4568 4668
f 4668 4568 4577
f 4999 4996 4566
f 4566 4996 4543
f 4608 4564 4603
f 4603 4564 4563
f 4573 4593 4574
f 4574 4593 4592
f 4597 4614 4598
f 4598 4614 4613
f 4601 4600 4584
f 4584 4600 4581
f 4563 4562 4604
f 4604 4562 4944
f 4643 4593 4641
f 4641 4593 4573
f 4643 4847 4644
f 4644 4847 4848
f 4564 4847 4561
f 4561 4847 4846
f 4945 4941 4598
f 4598 4941 4595
f 4941 4945 4939
f 4939 4945 4946
f 4601 4948 4602
f 4602 4948 4620
f 4600 4604 4581
f 4581 4604 4944
f 5002 5003 4597
f 4597 5003 4614
f 4988 4759 4953
f 4953 4759 4402
f 4706 6548 4707
f 4707 6548 6549
f 4311 4928 4419
f 4419 4928 6550
f 4921 4920 6551
f 6551 4920 6552
f 4925 6553 4926
f 4926 6553 6554
f 4928 4921 4802
f 4802 4921 6551
f 6555 4985 6550
f 6550 4985 4419
f 4952 6556 4953
f 4953 6556 4649
f 4971 6557 4706
f 4706 6557 6548
f 4988 4648 4925
f 4925 4648 6553
f 4707 6549 5006
f 5006 6549 4987
f 4920 6510 6552
f 6552 6510 6518
f 6558 6510 6516
f 6516 6510 6509
f 6559 6558 6539
f 6539 6558 6516
f 6531 6541 6532
f 6532 6541 6560
f 6540 6561 6541
f 6541 6561 6529
f 6542 6562 6540
f 6540 6562 6561
f 6542 3120 6562
f 6562 3120 3142
f 4366 6563 4760
f 4760 6563 4970
f 4815 6564 4816
f 4816 6564 6565
f 3147 3146 6565
f 6565 3146 4816
f 6564 6563 6565
f 6565 6563 6566
f 4837 4385 4357
f 4357 4385 4358
f 6565 6566 3147
f 3147 6566 3149
f 4694 1209 3150
f 5247 5249 5248
f 5248 5249 6522
f 6372 6390 6545
f 6545 6390 6389
f 6375 5254 6376
f 6376 5254 5258
f 6377 6525 6378
f 6378 6525 5255
f 5260 6379 5258
f 5258 6379 6376
f 6380 6567 6381
f 6381 6567 6568
f 6382 6569 6383
f 6383 6569 6570
f 6377 6371 6525
f 6525 6371 6370
f 6379 5260 6384
f 6384 5260 6571
f 6385 6572 6382
f 6382 6572 6569
f 6378 5255 6375
f 6375 5255 5254
f 6386 6573 6387
f 6387 6573 6574
f 6545 6389 5248
f 5248 6389 5245
f 4675 4750 4676
f 4676 4750 6286
f 4734 6289 4735
f 4735 6289 6288
f 4804 6290 4805
f 4805 6290 4963
f 4811 4807 4812
f 4812 4807 4411
f 4954 6292 4955
f 4955 6292 4959
f 4964 4962 4965
f 4965 4962 4751
f 6285 4821 4812
f 4812 4821 4809
f 4675 4287 4965
f 4965 4287 4210
f 6294 4145 4955
f 4955 4145 4154
f 4964 4120 4805
f 4805 4120 4119
f 6298 4966 4734
f 4734 4966 6289
f 6300 6473 4735
f 4735 6473 4732
f 6297 6296 4676
f 4676 6296 4288
f 6523 3160 4330
f 4330 3160 3159
f 5253 5252 6525
f 6525 5252 5255
f 5256 5252 4305
f 4305 5252 5251
f 4304 5257 4305
f 4305 5257 5256
f 4424 5259 4304
f 4304 5259 5257
f 5261 6571 5259
f 5259 6571 5260
f 5262 6573 5261
f 5261 6573 6571
f 5264 6567 5265
f 5265 6567 6574
f 5266 6572 5267
f 5267 6572 6568
f 5268 6570 5269
f 5269 6570 6569
f 1807 3161 5268
f 5268 3161 6570
f 6524 6523 4329
f 4329 6523 4330
f 5253 6526 5250
f 5250 6526 6534
f 6543 6538 6544
f 6544 6538 6369
f 6524 6543 6522
f 6522 6543 6544
f 3071 5367 3052
f 3052 5367 3912
f 6493 3163 6494
f 6494 3163 3162
f 3164 445 3771
f 3771 445 3761
f 461 3165 3919
f 3919 3165 3920
f 330 410 3839
f 3839 410 3910
f 332 331 3552
f 3552 331 3551
f 464 304 3918
f 3918 304 3816
f 385 458 3766
f 3766 458 3894
f 412 415 3762
f 3762 415 3763
f 3166 337 3748
f 3748 337 3745
f 3072 3055 5370
f 5370 3055 3930
f 3073 5369 3056
f 3056 5369 3938
f 3167 3057 6496
f 6496 3057 3937
f 3069 3058 4808
f 4808 3058 3943
f 411 3166 3851
f 3851 3166 3748
f 3059 3163 3951
f 3951 3163 6493
f 336 3164 3772
f 3772 3164 3771
f 3053 3911 3162
f 3162 3911 6494
f 3054 3168 3929
f 3929 3168 3952
f 3165 830 3920
f 3920 830 3945
f 3170 3169 6497
f 6497 3169 6498
f 3171 1354 5005
f 5005 1354 4830
f 3172 3170 6503
f 6503 3170 6497
f 3169 3061 6498
f 6498 3061 4060
f 3173 3171 5006
f 5006 3171 5005
f 3079 3172 6334
f 6334 3172 6503
f 3174 3025 6299
f 6299 3025 6300
f 6576 6577 6575
f 6575 6577 6578
f 4612 4611 6579
f 6579 4611 6580
f 6582 6583 6581
f 6581 6583 6584
f 6584 6585 4618
f 4618 6585 4621
f 6586 6587 6589
f 6589 6587 6588
f 6588 6587 6590
f 6590 6587 6591
f 6592 4606 6590
f 6590 4606 4623
f 6594 6576 6593
f 6593 6576 6575
f 6595 6582 6579
f 6579 6582 6581
f 6580 6597 6596
f 6596 6597 6598
f 6577 6576 6599
f 6599 6576 6600
f 6595 6596 6601
f 6601 6596 6602
f 6583 6582 6603
f 6603 6582 6604
f 6586 6606 6605
f 6605 6606 6607
f 6587 6586 6608
f 6608 6586 6605
f 6587 6608 6591
f 6591 6608 6609
f 6576 6594 6600
f 6600 6594 6610
f 6582 6595 6604
f 6604 6595 6601
f 6599 6611 6577
f 6577 6611 6598
f 6613 6614 6612
f 6612 6614 6615
f 6617 6618 6616
f 6616 6618 6619
f 6621 6622 6620
f 6620 6622 6623
f 6625 6626 6624
f 6624 6626 6627
f 6629 6630 6628
f 6628 6630 6631
f 6633 6634 6632
f 6632 6634 6635
f 6637 6638 6636
f 6636 6638 6639
f 6640 6641 6637
f 6637 6641 6638
f 6643 6633 6642
f 6642 6633 6632
f 6645 6646 6644
f 6644 6646 6647
f 6646 6648 6647
f 6647 6648 6649
f 6651 6652 6650
f 6650 6652 6653
f 6653 6652 6654
f 6654 6652 6655
f 6656 6657 6659
f 6659 6657 6658
f 6661 6662 6660
f 6660 6662 6663
f 6662 6661 6664
f 6664 6661 6665
f 6667 6657 6666
f 6666 6657 6656
f 6669 6670 6668
f 6668 6670 6671
f 6672 6673 6670
f 6670 6673 6671
f 6674 6675 6677
f 6677 6675 6676
f 6675 6678 6676
f 6676 6678 6679
f 6681 6682 6680
f 6680 6682 6683
f 6684 6685 6683
f 6683 6685 6680
f 6687 6688 6686
f 6686 6688 6689
f 6687 6690 6688
f 6688 6690 6691
f 6619 6618 6633
f 6633 6618 6634
f 6632 6635 6693
f 6693 6635 6692
f 6617 6694 6636
f 6636 6694 6637
f 6695 6692 6639
f 6639 6692 6635
f 6637 6694 6640
f 6640 6694 6696
f 6698 6638 6697
f 6697 6638 6641
f 6643 6616 6633
f 6633 6616 6619
f 6642 6699 6641
f 6641 6699 6697
f 6646 6645 6700
f 6700 6645 6621
f 6644 6701 6654
f 6654 6701 6702
f 6700 6703 6646
f 6646 6703 6648
f 6693 6704 6649
f 6649 6704 6647
f 6620 6623 6651
f 6651 6623 6652
f 6693 6649 6699
f 6699 6649 6650
f 6652 6623 6655
f 6655 6623 6622
f 6654 6702 6653
f 6653 6702 6697
f 6615 6614 6657
f 6657 6614 6658
f 6705 6656 6704
f 6704 6656 6659
f 6613 6706 6660
f 6660 6706 6661
f 6704 6659 6701
f 6701 6659 6663
f 6661 6706 6665
f 6665 6706 6707
f 6708 6702 6664
f 6664 6702 6662
f 6612 6615 6667
f 6667 6615 6657
f 6666 6709 6664
f 6664 6709 6708
f 6629 6710 6669
f 6669 6710 6670
f 6668 6711 6679
f 6679 6711 6712
f 6713 6672 6710
f 6710 6672 6670
f 6714 6671 6705
f 6705 6671 6673
f 6628 6631 6674
f 6674 6631 6675
f 6705 6673 6709
f 6709 6673 6677
f 6631 6630 6675
f 6675 6630 6678
f 6712 6708 6679
f 6679 6708 6676
f 6625 6715 6682
f 6682 6715 6683
f 6716 6717 6681
f 6681 6717 6691
f 6718 6684 6715
f 6715 6684 6683
f 6719 6680 6714
f 6714 6680 6685
f 6624 6627 6686
f 6686 6627 6687
f 6689 6711 6685
f 6685 6711 6714
f 6627 6626 6687
f 6687 6626 6690
f 6717 6712 6691
f 6691 6712 6688
f 6612 6707 6613
f 6613 6707 6706
f 6616 6696 6617
f 6617 6696 6694
f 6703 6700 6620
f 6620 6700 6621
f 6715 6625 6718
f 6718 6625 6624
f 6710 6629 6713
f 6713 6629 6628
f 6639 6635 6636
f 6636 6635 6634
f 6641 6640 6642
f 6642 6640 6643
f 6654 6655 6644
f 6644 6655 6645
f 6651 6650 6648
f 6648 6650 6649
f 6659 6658 6663
f 6663 6658 6660
f 6665 6667 6664
f 6664 6667 6666
f 6678 6669 6679
f 6679 6669 6668
f 6673 6672 6677
f 6677 6672 6674
f 6690 6682 6691
f 6691 6682 6681
f 6685 6684 6689
f 6689 6684 6686
f 6636 6634 6617
f 6617 6634 6618
f 6638 6698 6639
f 6639 6698 6695
f 6640 6696 6643
f 6643 6696 6616
f 6693 6699 6632
f 6632 6699 6642
f 6655 6622 6645
f 6645 6622 6621
f 6704 6701 6647
f 6647 6701 6644
f 6651 6648 6620
f 6620 6648 6703
f 6650 6653 6699
f 6699 6653 6697
f 6613 6660 6614
f 6614 6660 6658
f 6663 6662 6701
f 6701 6662 6702
f 6665 6707 6667
f 6667 6707 6612
f 6705 6709 6656
f 6656 6709 6666
f 6630 6629 6678
f 6678 6629 6669
f 6714 6711 6671
f 6671 6711 6668
f 6672 6713 6674
f 6674 6713 6628
f 6677 6676 6709
f 6709 6676 6708
f 6626 6625 6690
f 6690 6625 6682
f 6680 6719 6681
f 6681 6719 6716
f 6684 6718 6686
f 6686 6718 6624
f 6711 6689 6712
f 6689 6688 6712
f 6593 6720 6594
f 6594 6720 6721
f 6722 6720 4607
f 4607 6720 4849
f 6592 6723 6722
f 6722 6723 6724
f 4610 4609 6578
f 6578 4609 6575
f 6596 6595 6580
f 6580 6595 6579
f 4618 4617 6584
f 6584 4617 6581
f 6589 6585 6586
f 6586 6585 6606
f 4622 4619 6588
f 6588 4619 6589
f 4622 6588 4623
f 4623 6588 6590
f 4609 4645 6575
f 6575 4645 6593
f 4617 4612 6581
f 6581 4612 6579
f 5004 4610 6597
f 6597 4610 6578
f 4645 4849 6593
f 6593 4849 6720
f 6724 6721 6722
f 6722 6721 6720
f 6722 4607 6592
f 6592 4607 4606
f 6725 6610 6721
f 6721 6610 6594
f 6723 6726 6724
f 6724 6726 6727
f 6727 6725 6724
f 6724 6725 6721
f 6728 6729 6605
f 6605 6729 6608
f 6605 6607 6728
f 6728 6607 6730
f 6731 6732 6604
f 6604 6732 6603
f 6733 6734 6725
f 6725 6734 6610
f 6735 6733 6727
f 6727 6733 6725
f 6735 6727 6736
f 6736 6727 6726
f 6591 6609 6723
f 6723 6609 6726
f 6723 6592 6591
f 6591 6592 6590
f 6738 6739 6737
f 6737 6739 6740
f 6740 6739 6742
f 6742 6739 6741
f 6743 6744 6741
f 6741 6744 6742
f 6745 6746 6743
f 6743 6746 6744
f 6747 6748 6745
f 6745 6748 6746
f 6749 6750 6747
f 6747 6750 6748
f 6752 6738 6751
f 6751 6738 6737
f 6754 6752 6753
f 6753 6752 6751
f 6756 6754 6755
f 6755 6754 6753
f 6758 6750 6757
f 6757 6750 6749
f 6760 6756 6759
f 6759 6756 6755
f 6762 6760 6761
f 6761 6760 6759
f 6764 6762 6763
f 6763 6762 6761
f 6757 6764 6758
f 6758 6764 6763
f 6766 6741 6765
f 6765 6741 6739
f 6767 6743 6766
f 6766 6743 6741
f 6768 6745 6767
f 6767 6745 6743
f 6769 6747 6768
f 6768 6747 6745
f 6770 6749 6769
f 6769 6749 6747
f 6772 6769 6771
f 6771 6769 6768
f 6773 6770 6772
f 6772 6770 6769
f 6774 6775 6772
f 6772 6775 6773
f 6777 6778 6776
f 6776 6778 6779
f 6775 6774 6778
f 6778 6774 6779
f 6771 6780 6772
f 6772 6780 6774
f 6780 6781 6774
f 6774 6781 6779
f 6781 6782 6779
f 6779 6782 6776
f 6784 6785 6783
f 6783 6785 6786
f 6786 6787 6783
f 6783 6787 6788
f 6790 6788 6789
f 6789 6788 6787
f 6786 6785 6791
f 6791 6785 6792
f 6791 6793 6786
f 6786 6793 6787
f 6793 6794 6787
f 6787 6794 6789
f 6795 6796 6794
f 6794 6796 6789
f 6790 6789 6797
f 6797 6789 6796
f 6798 6765 6738
f 6738 6765 6739
f 6799 6798 6752
f 6752 6798 6738
f 6767 6800 6768
f 6768 6800 6771
f 6766 6801 6767
f 6767 6801 6800
f 6802 6801 6765
f 6765 6801 6766
f 6798 6803 6765
f 6765 6803 6802
f 6804 6803 6799
f 6799 6803 6798
f 6805 6806 6804
f 6804 6806 6803
f 6807 6799 6754
f 6754 6799 6752
f 6808 6804 6807
f 6807 6804 6799
f 6809 6805 6808
f 6808 6805 6804
f 6810 6811 6805
f 6805 6811 6806
f 6812 6813 6810
f 6810 6813 6811
f 6814 6815 6796
f 6796 6815 6797
f 6813 6814 6816
f 6816 6814 6817
f 6816 6818 6813
f 6813 6818 6811
f 6819 6806 6818
f 6818 6806 6811
f 6802 6803 6819
f 6819 6803 6806
f 6757 6749 6820
f 6820 6749 6770
f 6820 6770 6821
f 6821 6770 6773
f 6821 6773 6822
f 6822 6773 6775
f 6822 6775 6823
f 6823 6775 6778
f 6824 6823 6777
f 6777 6823 6778
f 6784 6825 6777
f 6777 6825 6824
f 6826 6827 6788
f 6788 6827 6783
f 6828 6826 6790
f 6790 6826 6788
f 6829 6828 6797
f 6797 6828 6790
f 6815 6830 6797
f 6797 6830 6829
f 6832 6812 6831
f 6831 6812 6810
f 6831 6810 6809
f 6809 6810 6805
f 6736 6800 6735
f 6735 6800 6801
f 6733 6735 6802
f 6802 6735 6801
f 6734 6733 6819
f 6819 6733 6802
f 6833 6734 6818
f 6818 6734 6819
f 6834 6833 6816
f 6816 6833 6818
f 6816 6817 6834
f 6834 6817 6835
f 6837 6795 6836
f 6836 6795 6794
f 6836 6794 6731
f 6731 6794 6793
f 6732 6731 6791
f 6791 6731 6793
f 6791 6792 6732
f 6732 6792 6730
f 6729 6728 6781
f 6781 6728 6782
f 6838 6807 6756
f 6756 6807 6754
f 6839 6838 6760
f 6760 6838 6756
f 6840 6839 6762
f 6762 6839 6760
f 6841 6840 6764
f 6764 6840 6762
f 6820 6841 6757
f 6757 6841 6764
f 6841 6820 6842
f 6842 6820 6821
f 6840 6841 6843
f 6843 6841 6842
f 6839 6840 6844
f 6844 6840 6843
f 6838 6839 6845
f 6845 6839 6844
f 6807 6838 6808
f 6808 6838 6845
f 6842 6821 6846
f 6846 6821 6822
f 6843 6842 6847
f 6847 6842 6846
f 6844 6843 6848
f 6848 6843 6847
f 6845 6844 6849
f 6849 6844 6848
f 6808 6845 6809
f 6809 6845 6849
f 6850 6831 6849
f 6849 6831 6809
f 6851 6850 6848
f 6848 6850 6849
f 6847 6852 6848
f 6848 6852 6851
f 6853 6852 6846
f 6846 6852 6847
f 6846 6822 6853
f 6853 6822 6823
f 6853 6823 6854
f 6854 6823 6824
f 6854 6855 6853
f 6853 6855 6852
f 6856 6851 6855
f 6855 6851 6852
f 6856 6857 6851
f 6851 6857 6850
f 6857 6832 6850
f 6850 6832 6831
f 6825 6858 6824
f 6824 6858 6854
f 6860 6827 6859
f 6859 6827 6826
f 6859 6826 6861
f 6861 6826 6828
f 6862 6861 6829
f 6829 6861 6828
f 6830 6863 6829
f 6829 6863 6862
f 6863 6864 6862
f 6862 6864 6865
f 6858 6866 6854
f 6854 6866 6855
f 6867 6865 6866
f 6866 6865 6864
f 6869 6859 6868
f 6868 6859 6861
f 6867 6869 6865
f 6865 6869 6868
f 6861 6862 6868
f 6868 6862 6865
f 6867 6860 6869
f 6869 6860 6859
f 6753 6751 6698
f 6698 6751 6695
f 6697 6755 6698
f 6698 6755 6753
f 6759 6755 6702
f 6702 6755 6697
f 6761 6759 6708
f 6708 6759 6702
f 6763 6761 6712
f 6712 6761 6708
f 6758 6763 6717
f 6717 6763 6712
f 6750 6758 6716
f 6716 6758 6717
f 6719 6748 6716
f 6716 6748 6750
f 6714 6746 6719
f 6719 6746 6748
f 6705 6744 6714
f 6714 6744 6746
f 6704 6742 6705
f 6705 6742 6744
f 6740 6742 6693
f 6693 6742 6704
f 6737 6740 6692
f 6692 6740 6693
f 6751 6737 6695
f 6695 6737 6692
f 6601 6602 6836
f 6836 6602 6837
f 6604 6601 6731
f 6731 6601 6836
f 6599 6600 6834
f 6834 6600 6833
f 6834 6835 6599
f 6599 6835 6611
f 6600 6610 6833
f 6833 6610 6734
f 6780 6771 6870
f 6870 6771 6736
f 6736 6771 6800
f 6870 6729 6780
f 6780 6729 6781
f 6608 6729 6609
f 6609 6729 6870
f 6609 6870 6726
f 6726 6870 6736
f 5014 5015 5229
f 5229 5015 5230
f 4258 5015 4259
f 4259 5015 4878
f 3471 3013 4703
f 4703 3013 4704
f 2879 6337 1306
f 1306 6337 4785
f 829 3471 4316
f 4316 3471 4703
f 4702 3472 5223
f 5223 3472 1756
f 6871 6872 4534
f 4534 6872 4535
f 6871 4665 6872
f 6872 4665 4844
f 6871 6873 4665
f 4665 6873 4559
f 6871 4534 6873
f 6873 4534 4542
f 4153 4152 4822
f 4822 4152 4407
f 4152 4168 4407
f 4407 4168 4342
f 4343 4168 4923
f 4923 4168 4167
f 4363 4362 4972
f 4972 4362 4840
f 4362 4394 4840
f 4840 4394 4839
f 4401 4400 4986
f 4986 4400 4984
f 4435 4434 4841
f 4841 4434 4842
f 4506 4505 4530
f 4530 4505 4531
f 4506 4535 4507
f 4507 4535 4843
f 4661 4660 4516
f 4516 4660 4517
f 4673 4672 4937
f 4937 4672 6547
f 4400 4924 4984
f 4984 4924 5263
f 4673 4660 4674
f 4674 4660 4659
f 4505 4661 4531
f 4531 4661 4516
f 4952 4401 6874
f 6874 4401 4986
f 4954 4153 6875
f 6875 4153 4822
f 4363 4973 4364
f 4364 4973 4974
f 5264 4924 5267
f 5267 4924 4691
f 6293 6292 6876
f 6876 6292 6877
f 6380 4343 6387
f 6387 4343 4923
f 4394 4435 4839
f 4839 4435 4841
f 4672 4434 6547
f 6547 4434 4433
f 4973 6556 4974
f 4974 6556 6878
f 6567 6380 6574
f 6574 6380 6387
f 6292 4954 6877
f 6877 4954 6875
f 6567 5264 6568
f 6568 5264 5267
f 4145 4144 4154
f 4154 4144 4151
f 4194 4144 4425
f 4425 4144 4143
f 4355 4354 5263
f 5263 4354 4984
f 4360 4359 4364
f 4364 4359 4361
f 4444 4359 4392
f 4392 4359 4337
f 4447 4446 4432
f 4432 4446 4433
f 4464 4463 6547
f 6547 4463 4937
f 4519 4518 4654
f 4654 4518 4509
f 4533 4532 4499
f 4499 4532 4498
f 4533 4542 4530
f 4530 4542 4534
f 4519 4532 4516
f 4516 4532 4531
f 4922 4194 4426
f 4426 4194 4425
f 4463 4518 4937
f 4937 4518 4517
f 6555 4951 6874
f 6874 4951 6878
f 4958 4957 6290
f 6290 4957 6291
f 4334 4360 4712
f 4712 4360 4950
f 4985 4354 4419
f 4419 4354 4353
f 5262 4355 5265
f 5265 4355 5263
f 6294 4958 4804
f 4804 4958 6290
f 6386 4922 6384
f 6384 4922 4426
f 4444 4447 4393
f 4393 4447 4432
f 4464 4446 4465
f 4465 4446 4445
f 4985 6555 4986
f 4986 6555 6874
f 6573 6386 6571
f 6571 6386 6384
f 4145 6294 4146
f 4146 6294 4804
f 6573 5262 6574
f 6574 5262 5265
f 4542 4541 6873
f 6873 4541 4559
f 4535 6872 4843
f 4843 6872 4844
f 4104 4103 6879
f 6879 4103 6343
f 4105 6293 6307
f 6307 6293 6876
f 4104 4956 4105
f 4105 4956 6293
f 4956 4104 4957
f 4957 4104 6879
f 4957 6879 6291
f 6291 6879 6309
f 4648 4988 4649
f 4649 4988 4953
f 4802 4803 4928
f 4928 4803 6550
f 6550 4803 6555
f 6555 4803 4951
f 1516 3173 4987
f 4987 3173 5006
f 6519 6518 6558
f 6558 6518 6510
f 6527 6519 6559
f 6559 6519 6558
f 6528 6560 6529
f 6529 6560 6541
f 6548 4625 6549
f 6549 4625 4624
f 6551 6552 4746
f 4746 6552 6505
f 6553 4711 6554
f 6554 4711 4710
f 4802 6551 4713
f 4713 6551 4746
f 6556 4973 4649
f 4649 4973 4646
f 6557 4949 6548
f 6548 4949 4625
f 4648 4647 6553
f 6553 4647 4711
f 6549 4624 4987
f 4987 4624 4838
f 6552 6518 6505
f 6505 6518 6507
f 6561 4372 6529
f 6529 4372 6514
f 6562 4369 6561
f 6561 4369 4372
f 3142 3482 6562
f 6562 3482 4369
f 6556 4952 6878
f 6878 4952 6874
f 4951 4950 6878
f 6878 4950 4974
f 3168 440 3952
f 4204 4203 5341
f 5341 4203 6364
f 4219 4222 6429
f 6429 4222 4383
f 4319 4322 6506
f 6506 4322 4747
f 4340 4714 4341
f 4341 4714 4384
f 4375 4377 6388
f 6388 4377 6546
f 4378 4381 6311
f 6311 4381 4720
f 4449 4341 4387
f 4387 4341 4384
f 4473 4472 4477
f 4477 4472 4474
f 4492 4491 4487
f 4487 4491 4488
f 4523 4491 4522
f 4522 4491 4490
f 4492 4538 4493
f 4493 4538 4555
f 4538 4553 4555
f 4555 4553 4556
f 4620 4615 4621
f 4621 4615 4618
f 4652 4651 4368
f 4368 4651 4365
f 4523 4655 4524
f 4524 4655 4656
f 4553 4667 4556
f 4556 4667 4571
f 4651 1210 4365
f 4365 1210 1209
f 4698 4697 5223
f 5223 4697 6344
f 4340 4339 4322
f 4322 4339 4747
f 4726 4729 5287
f 5287 4729 4198
f 4381 4380 4737
f 4737 4380 6368
f 4836 4835 4451
f 4451 4835 4709
f 4910 6367 4911
f 4911 6367 6366
f 4912 4915 6450
f 6450 4915 6449
f 4927 4836 4450
f 4450 4836 4451
f 4930 4929 4439
f 4439 4929 4436
f 4936 4935 4459
f 4459 4935 4456
f 4473 4655 4470
f 4470 4655 4510
f 4942 4583 4943
f 4943 4583 4572
f 4948 4601 4947
f 4947 4601 4584
f 4949 4835 4625
f 4625 4835 4626
f 4966 4969 6289
f 6289 4969 4695
f 4971 4652 4926
f 4926 4652 4368
f 4203 4977 6364
f 6364 4977 6365
f 4990 4989 4443
f 4443 4989 4440
f 4990 4991 4478
f 4478 4991 4512
f 4992 4991 4528
f 4528 4991 4515
f 4992 4993 4527
f 4527 4993 4485
f 4994 4993 4502
f 4502 4993 4503
f 4994 4995 4482
f 4482 4995 4550
f 4543 4996 4544
f 4544 4996 4995
f 4999 4998 4567
f 4567 4998 4578
f 5000 4998 4575
f 4575 4998 4997
f 5002 5001 4592
f 4592 5001 4574
f 5003 5004 4614
f 4614 5004 4611
f 3483 4215 1755
f 1755 4215 4698
f 5274 5277 4195
f 4195 5277 4223
f 4726 5295 4727
f 4727 5295 6350
f 5309 5342 5310
f 5310 5342 6363
f 5315 5314 5316
f 5316 5314 5317
f 5339 6362 5340
f 5340 6362 5363
f 5310 6363 5339
f 5339 6363 6362
f 4204 5309 4201
f 4201 5309 5308
f 4915 5345 6449
f 6449 5345 6448
f 5345 5315 6448
f 6448 5315 5316
f 5348 5347 6351
f 6351 5347 6352
f 5365 4263 5340
f 5340 4263 4262
f 6295 6298 4733
f 4733 6298 4734
f 4969 6306 4695
f 4695 6306 4696
f 6306 4378 4696
f 4696 4378 6311
f 6369 6372 6544
f 6544 6372 6545
f 4375 6390 4373
f 4373 6390 4374
f 6421 6422 4911
f 4911 6422 4908
f 4910 4909 4737
f 4737 4909 4736
f 5277 4219 4223
f 4223 4219 6429
f 4697 4222 6344
f 6344 4222 4221
f 6436 6361 6437
f 6437 6361 6360
f 6438 6440 6437
f 6437 6440 6434
f 6438 6359 6441
f 6441 6359 6358
f 6442 6441 6357
f 6357 6441 6358
f 6442 6444 6443
f 6443 6444 6445
f 6446 6444 6355
f 6355 6444 6356
f 6446 4912 6447
f 6447 4912 6450
f 6436 6435 5365
f 5365 6435 4263
f 5314 5347 5317
f 5317 5347 5346
f 4319 6512 4320
f 4320 6512 6513
f 6520 6512 6521
f 6521 6512 6508
f 6528 6520 6527
f 6527 6520 6521
f 6532 6539 6533
f 6533 6539 6535
f 6533 6535 6537
f 6537 6535 6534
f 6538 6543 6537
f 6537 6543 6536
f 6295 4377 6296
f 6296 4377 4376
f 4989 4930 4440
f 4440 4930 4439
f 4927 4929 4422
f 4422 4929 4455
f 4449 4936 4388
f 4388 4936 4459
f 4472 4935 4474
f 4474 4935 4932
f 4942 4940 4947
f 4947 4940 4939
f 5001 5000 4574
f 4574 5000 4575
f 4669 4943 4666
f 4666 4943 4667
f 4996 4999 4547
f 4547 4999 4567
f 4948 4946 4620
f 4620 4946 4615
f 5003 5002 4591
f 4591 5002 4592
f 6557 4971 6554
f 6554 4971 4926
f 6532 6560 6539
f 6539 6560 6559
f 6390 6372 4374
f 4374 6372 6371
f 4966 6298 4967
f 4967 6298 6297
f 6538 6526 6369
f 6369 6526 6370
f 6585 6589 4621
f 4621 6589 4619
f 6597 6578 6598
f 6598 6578 6577
f 6606 6583 6607
f 6607 6583 6603
f 6611 6602 6598
f 6598 6602 6596
f 6585 6584 6606
f 6606 6584 6583
f 6597 6580 5004
f 5004 6580 4611
f 6607 6603 6730
f 6730 6603 6732
f 6776 6785 6777
f 6777 6785 6784
f 6785 6776 6792
f 6792 6776 6782
f 6815 6814 6812
f 6812 6814 6813
f 6817 6814 6795
f 6795 6814 6796
f 6825 6784 6827
f 6827 6784 6783
f 6830 6815 6832
f 6832 6815 6812
f 6817 6795 6835
f 6835 6795 6837
f 6792 6782 6730
f 6730 6782 6728
f 6858 6825 6860
f 6860 6825 6827
f 6863 6830 6857
f 6857 6830 6832
f 6864 6863 6856
f 6856 6863 6857
f 6866 6858 6867
f 6867 6858 6860
f 6866 6864 6855
f 6855 6864 6856
f 6835 6837 6611
f 6611 6837 6602
f 6560 6528 6559
f 6559 6528 6527
f 4949 6557 4710
f 4710 6557 6554
f 4430 4090 4175
f 4175 4090 4089
f 4777 4113 4155
f 4155 4113 4086
f 4175 4089 4176
f 4176 4089 4142
f 4199 4271 4200
f 4200 4271 4798
f 4199 4095 4272
f 4272 4095 5273
f 4406 4405 4404
f 4404 4405 4346
f 4410 4409 6877
f 6877 4409 6876
f 4409 4413 6876
f 6876 4413 6307
f 4415 4148 4416
f 4416 4148 4147
f 4690 4405 4344
f 4344 4405 4342
f 4693 4692 4352
f 4352 4692 4349
f 4701 4700 6337
f 6337 4700 6338
f 4778 4777 4081
f 4081 4777 4155
f 4821 4406 4809
f 4809 4406 4404
f 4176 4142 4181
f 4181 4142 4415
f 4760 4970 4399
f 4399 4970 4692
f 4200 5007 4096
f 4096 5007 4078
f 5266 4693 5269
f 5269 4693 4352
f 5270 5007 5361
f 5361 5007 4797
f 4778 5270 4779
f 4779 5270 5361
f 6285 4410 6875
f 6875 4410 6877
f 6308 4413 4687
f 4687 4413 4412
f 6480 6320 6481
f 6481 6320 6880
f 4701 2878 4702
f 4702 2878 3472
f 6339 6347 6340
f 6340 6347 6348
f 6341 6342 6346
f 6346 6342 6345
f 4416 6308 4414
f 4414 6308 4687
f 6385 4690 6381
f 6381 4690 4344
f 5282 6341 5280
f 5280 6341 6339
f 4700 6342 6338
f 6338 6342 5281
f 6340 6348 4272
f 4272 6348 4270
f 6480 6479 4828
f 4828 6479 4829
f 6490 6479 6489
f 6489 6479 6478
f 4090 4430 6490
f 6490 4430 4429
f 6563 6564 4970
f 4970 6564 4815
f 4694 6566 4366
f 4366 6566 6563
f 6572 6385 6568
f 6568 6385 6381
f 4821 6285 4822
f 4822 6285 6875
f 6572 5266 6569
f 6569 5266 5269
f 3482 3103 4369
f 4369 3103 4370
f 3121 4730 3485
f 3485 4730 4327
f 6277 6280 6273
f 6273 6280 6272
f 6267 6276 6278
f 6278 6276 6279
f 6278 6279 6277
f 6277 6279 6280
f 6279 6256 6280
f 6280 6256 6255
f 6256 3857 6255
f 6255 3857 3754
f 3857 3856 3754
f 3754 3856 3755
f 3856 3703 3755
f 3755 3703 3863
f 3703 3702 3863
f 3863 3702 3759
f 3702 3706 3759
f 3759 3706 3670
f 3706 3705 3670
f 3670 3705 3668
f 3705 3773 3668
f 3668 3773 3882
f 3882 3773 3883
f 3883 3773 3707
f 3707 3708 3883
f 3883 3708 3880
f 3708 3710 3880
f 3880 3710 3881
f 3709 5241 3710
f 3710 5241 3881
f 5241 3709 5234
f 5234 3709 3786
f 3693 3712 3786
f 3786 3712 5234
f 4051 4055 4052
f 4052 4055 4056
f 4056 4055 4057
f 4057 4055 4054
f 4066 5238 5236
f 5236 5238 3989
f 4066 4069 5238
f 5238 4069 4035
f 6881 3962 3960
f 3960 3962 3957
f 6883 4070 6882
f 6882 4070 3941
f 4070 6883 4071
f 4071 6883 6884
f 4071 6884 4072
f 4072 6884 6885
f 6885 6886 4072
f 4072 6886 4031
f 3955 6881 3956
f 3956 6881 3960
f 6884 3991 6885
f 6885 3991 3990
f 6883 6887 6884
f 6884 6887 3991
f 6887 6888 3991
f 3991 6888 3992
f 6888 6887 6889
f 6889 6887 6890
f 6887 6883 6890
f 6890 6883 6882
f 4058 5240 3953
f 3953 5240 3954
f 5236 6888 5239
f 5239 6888 6889
f 5237 6886 3990
f 3990 6886 6885
f 4034 4031 5237
f 5237 4031 6886
f 6881 6882 3962
f 3962 6882 3941
f 6881 3955 6882
f 6882 3955 6890
f 3955 3954 6890
f 6890 3954 6889
f 5239 6889 5240
f 5240 6889 3954
f 6888 5236 3992
f 3992 5236 3989
f 3869 3868 3888
f 3888 3868 4015
f 3868 4012 4015
f 4015 4012 4010
f 4012 4022 4010
f 4010 4022 4009
f 4022 4021 4009
f 4009 4021 4018
f 4020 3974 4001
f 4001 3974 3996
f 4021 4020 4029
f 4029 4020 4001
f 4085 4156 4086
f 4086 4156 4155
f 4113 4777 4114
f 4114 4777 4776
f 4130 4129 4094
f 4094 4129 4091
f 4139 4773 4140
f 4140 4773 4772
f 4149 4178 4150
f 4150 4178 5225
f 4160 4159 4087
f 4087 4159 4088
f 4149 4148 4179
f 4179 4148 4141
f 4085 4084 4183
f 4183 4084 6315
f 4179 4141 4159
f 4159 4141 4088
f 4192 4130 4162
f 4162 4130 4094
f 4197 5288 4198
f 4198 5288 5287
f 4229 4766 4230
f 4230 4766 4771
f 4245 4246 4242
f 4242 4246 4249
f 4183 6315 4418
f 4418 6315 6314
f 4679 4178 4680
f 4680 4178 4177
f 4724 4798 4725
f 4725 4798 4271
f 4728 5275 4729
f 4729 5275 5274
f 4230 4771 4249
f 4249 4771 4242
f 4724 4723 4799
f 4799 4723 5355
f 4823 4824 4891
f 4891 4824 6327
f 4823 4192 4161
f 4161 4192 4162
f 4893 4767 4229
f 4229 4767 4766
f 4894 4895 4898
f 4898 4895 4899
f 4106 4150 4103
f 4103 4150 5225
f 4680 4894 4677
f 4677 4894 4898
f 6420 4977 5301
f 5301 4977 4976
f 4679 4678 5226
f 5226 4678 4427
f 5228 5008 4893
f 4893 5008 4767
f 5285 6354 5286
f 5286 6354 5343
f 5289 5352 5290
f 5290 5352 5349
f 5290 5349 5295
f 5295 5349 5348
f 5302 5299 4202
f 4202 5299 4976
f 4725 4271 5311
f 5311 4271 4270
f 5325 4723 5326
f 5326 4723 4722
f 5335 5355 5325
f 5325 5355 4723
f 5326 4722 5286
f 5286 4722 5283
f 4799 5357 4797
f 4797 5357 5361
f 5359 5356 5335
f 5335 5356 5355
f 4775 4774 5356
f 5356 4774 5357
f 5359 5358 4092
f 4092 5358 4093
f 6316 4740 6317
f 6317 4740 4739
f 6318 4827 6316
f 6316 4827 4740
f 6319 4828 6318
f 6318 4828 4827
f 6320 6480 6319
f 6319 6480 4828
f 6484 6322 6485
f 6485 6322 6321
f 6487 6324 6331
f 6331 6324 6323
f 6331 6323 6330
f 6330 6323 6325
f 6325 6326 6330
f 6330 6326 6329
f 6326 6328 6329
f 6329 6328 5231
f 4824 4685 5228
f 5228 4685 5008
f 5226 6343 5225
f 5225 6343 4103
f 4728 4727 6349
f 6349 4727 5284
f 6350 6351 5285
f 5285 6351 6354
f 4247 4246 6418
f 6418 4246 6365
f 6400 6402 6401
f 6401 6402 6459
f 4197 4196 6409
f 6409 4196 6426
f 6412 4897 6328
f 6328 4897 5231
f 6413 4133 6412
f 6412 4133 4897
f 6414 4134 6413
f 6413 4134 4133
f 6415 4225 6414
f 6414 4225 4134
f 6416 4252 6415
f 6415 4252 4225
f 6417 4253 6416
f 6416 4253 4252
f 4253 6417 6366
f 6366 6417 6419
f 6366 6419 4911
f 4911 6419 6421
f 6422 6423 4908
f 4908 6423 5298
f 5298 6423 6396
f 6396 6423 6424
f 6409 6426 6425
f 6425 6426 6397
f 5300 5299 6399
f 6399 5299 6400
f 6465 6408 6401
f 6401 6408 6398
f 6424 6399 6425
f 6425 6399 6398
f 6349 5284 5311
f 5311 5284 5283
f 6465 6464 5289
f 5289 6464 5352
f 6488 6483 6492
f 6492 6483 6482
f 6486 6491 6482
f 6482 6491 6492
f 6491 4895 6492
f 6492 4895 4157
f 6488 4160 6489
f 6489 4160 4087
f 6501 6502 4418
f 4418 6502 4417
f 6504 6500 6317
f 6317 6500 6314
f 3497 3496 6501
f 6501 3496 6502
f 3499 3498 6504
f 6504 3498 6500
f 4729 5274 4198
f 4198 5274 4195
f 6418 6365 6420
f 6420 6365 4977
f 5295 5348 6350
f 6350 5348 6351
f 5301 6422 6420
f 6420 6422 6421
f 4113 4112 4086
f 4086 4112 4083
f 6320 4112 6880
f 6880 4112 4111
f 4091 4772 4092
f 4092 4772 4775
f 4129 4140 4091
f 4091 4140 4772
f 4137 4140 4128
f 4128 4140 4129
f 4128 6324 4137
f 4137 6324 6321
f 6324 6487 6321
f 6321 6487 6485
f 6487 6486 6485
f 6485 6486 6482
f 4774 4773 4779
f 4779 4773 4776
f 4773 4139 4776
f 4776 4139 4114
f 4139 4138 4114
f 4114 4138 4111
f 4138 6322 4111
f 4111 6322 6880
f 6322 6484 6880
f 6880 6484 6481
f 6484 6483 6481
f 6481 6483 6478
f 6879 6343 6309
f 6309 6343 4428
f 4106 4105 4900
f 4900 4105 6307
f 3500 3167 6495
f 6495 3167 6496
f 3500 6495 3070
f 3070 6495 5368
f 3502 5235 3501
f 3501 5235 4813
f 3024 3503 6473
f 6473 3503 6474
f 3503 3023 6474
f 6474 3023 6374
f 3504 1770 4348
f 4348 1770 4345
f 3502 3505 5235
f 5235 3505 4810
f 3498 3497 6500
f 6500 3497 6501
f 3496 3075 6502
f 6502 3075 6275
f 6299 4254 3174
f 3174 4254 3017
f 1769 3501 4814
f 4814 3501 4813
f 3506 3018 6476
f 6476 3018 4257
f 3507 3499 6499
f 6499 3499 6504
f 3030 4216 3483
f 3483 4216 4215
f 3077 3507 6333
f 6333 3507 6499
f 1784 3160 5249
f 5249 3160 6523
f 3015 3506 4240
f 4240 3506 6476
f 3508 3504 6383
f 6383 3504 4348
f 3509 3016 6477
f 6477 3016 4239
f 3028 3509 6467
f 6467 3509 6477
f 3022 1785 5246
f 5246 1785 5247
f 3161 3508 6570
f 6570 3508 6383
f 3150 3149 4694
f 4694 3149 6566
f 1327 4807 3510
f 3510 4807 4811
f 3510 4811 3505
f 3505 4811 4810
f 3146 3511 4816
f 4816 3511 4350
f 3511 1808 4350
f 4350 1808 4351
f 3485 4327 3159
f 3159 4327 4330
f 1326 3512 4806
f 4806 3512 6310
f 3512 1331 6310
f 6310 1331 4688
